sim_time,wall_time
0.0,4876872.846098736
0.001,4876872.857579202
0.006,4876872.866697452
0.016,4876872.877923275
0.026000000000000002,4876872.889961884
0.036000000000000004,4876872.90232228
0.046000000000000006,4876872.915225283
0.05600000000000001,4876872.932261811
0.066,4876872.949926633
0.076,4876872.973276952
0.086,4876873.001399549
0.09599999999999999,4876873.030254563
0.10599999999999998,4876873.055869086
0.11599999999999998,4876873.081951582
0.12599999999999997,4876873.10492824
0.13599999999999998,4876873.127017816
0.146,4876873.147782635
0.156,4876873.171173307
0.166,4876873.193404008
0.17600000000000002,4876873.213862857
0.18600000000000003,4876873.228871325
0.19600000000000004,4876873.242661758
0.20600000000000004,4876873.256748268
0.21600000000000005,4876873.270393512
0.22600000000000006,4876873.284745074
0.23600000000000007,4876873.298332111
0.24600000000000008,4876873.311811242
0.25600000000000006,4876873.325207711
0.26600000000000007,4876873.33872883
0.2760000000000001,4876873.353281031
0.2860000000000001,4876873.368328413
0.2960000000000001,4876873.386129069
0.3060000000000001,4876873.406528834
0.3160000000000001,4876873.427137475
0.3260000000000001,4876873.447856154
0.33600000000000013,4876873.468116554
0.34600000000000014,4876873.488754626
0.35600000000000015,4876873.508891145
0.36600000000000016,4876873.528885424
0.37600000000000017,4876873.547638927
0.3860000000000002,4876873.566128059
0.3960000000000002,4876873.584691934
0.4060000000000002,4876873.602363896
0.4160000000000002,4876873.617063399
0.4260000000000002,4876873.632256171
0.4360000000000002,4876873.647196664
0.44600000000000023,4876873.662650445
0.45600000000000024,4876873.678038755
0.46600000000000025,4876873.693067191
0.47600000000000026,4876873.708264305
0.48600000000000027,4876873.724316357
0.4960000000000003,4876873.741040054
0.5060000000000002,4876873.758859603
0.5160000000000002,4876873.776026566
0.5260000000000002,4876873.797470635
0.5360000000000003,4876873.819081122
0.5460000000000003,4876873.840659705
0.5560000000000003,4876873.863102368
0.5660000000000003,4876873.885148663
0.5760000000000003,4876873.90614524
0.5860000000000003,4876873.926933733
0.5960000000000003,4876873.947200814
0.6060000000000003,4876873.968032231
0.6160000000000003,4876873.987384499
0.6260000000000003,4876874.004167001
0.6360000000000003,4876874.02144468
0.6460000000000004,4876874.037543345
0.6560000000000004,4876874.053243054
0.6660000000000004,4876874.068690834
0.6760000000000004,4876874.084310869
0.6860000000000004,4876874.100792661
0.6960000000000004,4876874.118148068
0.7060000000000004,4876874.135261173
0.7160000000000004,4876874.152300442
0.7260000000000004,4876874.170168108
0.7360000000000004,4876874.190288526
0.7460000000000004,4876874.211732806
0.7560000000000004,4876874.233175208
0.7660000000000005,4876874.254744022
0.7760000000000005,4876874.276844558
0.7860000000000005,4876874.298552447
0.7960000000000005,4876874.319746436
0.8060000000000005,4876874.341258004
0.8160000000000005,4876874.362966908
0.8260000000000005,4876874.383088256
0.8360000000000005,4876874.400139853
0.8460000000000005,4876874.417803263
0.8560000000000005,4876874.435552773
0.8660000000000005,4876874.452919699
0.8760000000000006,4876874.470530955
0.8860000000000006,4876874.488182777
0.8960000000000006,4876874.504866142
0.9060000000000006,4876874.522213903
0.9160000000000006,4876874.539348833
0.9260000000000006,4876874.556667451
0.9360000000000006,4876874.574061807
0.9460000000000006,4876874.59504169
0.9560000000000006,4876874.615481489
0.9660000000000006,4876874.636566715
0.9760000000000006,4876874.657384298
0.9860000000000007,4876874.678308809
0.9960000000000007,4876874.699454828
1.0060000000000007,4876874.720097784
1.0160000000000007,4876874.741096417
1.0260000000000007,4876874.760683492
1.0360000000000007,4876874.778417928
1.0460000000000007,4876874.795647259
1.0560000000000007,4876874.812734719
1.0660000000000007,4876874.830190007
1.0760000000000007,4876874.847336018
1.0860000000000007,4876874.8647631
1.0960000000000008,4876874.881947419
1.1060000000000008,4876874.899032479
1.1160000000000008,4876874.915745004
1.1260000000000008,4876874.932751457
1.1360000000000008,4876874.949980819
1.1460000000000008,4876874.966668075
1.1560000000000008,4876874.984141403
1.1660000000000008,4876875.004651654
1.1760000000000008,4876875.025663047
1.1860000000000008,4876875.045629719
1.1960000000000008,4876875.064461429
1.2060000000000008,4876875.083319804
1.2160000000000009,4876875.100370637
1.2260000000000009,4876875.115612718
1.2360000000000009,4876875.130776629
1.2460000000000009,4876875.145835245
1.256000000000001,4876875.16083821
1.266000000000001,4876875.175822258
1.276000000000001,4876875.190860619
1.286000000000001,4876875.20571885
1.296000000000001,4876875.220445629
1.306000000000001,4876875.235251395
1.316000000000001,4876875.250275087
1.326000000000001,4876875.265161375
1.336000000000001,4876875.280704348
1.346000000000001,4876875.296058894
1.356000000000001,4876875.311315681
1.366000000000001,4876875.326561163
1.376000000000001,4876875.341777565
1.386000000000001,4876875.357380944
1.396000000000001,4876875.372527388
1.406000000000001,4876875.388047106
1.416000000000001,4876875.403452366
1.426000000000001,4876875.418680582
1.436000000000001,4876875.43390673
1.446000000000001,4876875.450091322
1.456000000000001,4876875.465713576
1.466000000000001,4876875.481620552
1.476000000000001,4876875.497244746
1.486000000000001,4876875.512856084
1.496000000000001,4876875.528531246
1.5060000000000011,4876875.543984481
1.5160000000000011,4876875.560074847
1.5260000000000011,4876875.575871749
1.5360000000000011,4876875.591381416
1.5460000000000012,4876875.606555234
1.5560000000000012,4876875.621780169
1.5660000000000012,4876875.637030478
1.5760000000000012,4876875.652331243
1.5860000000000012,4876875.66751512
1.5960000000000012,4876875.682886912
1.6060000000000012,4876875.698303973
1.6160000000000012,4876875.713417267
1.6260000000000012,4876875.728449742
1.6360000000000012,4876875.743636074
1.6460000000000012,4876875.759102226
1.6560000000000012,4876875.774399379
1.6660000000000013,4876875.789451405
1.6760000000000013,4876875.804337915
1.6860000000000013,4876875.818901631
1.6960000000000013,4876875.833736704
1.7060000000000013,4876875.84867028
1.7160000000000013,4876875.863437077
1.7260000000000013,4876875.878298184
1.7360000000000013,4876875.893248141
1.7460000000000013,4876875.90807473
1.7560000000000013,4876875.923070906
1.7660000000000013,4876875.938115785
1.7760000000000014,4876875.953018631
1.7860000000000014,4876875.967871416
1.7960000000000014,4876875.98290995
1.8060000000000014,4876875.998254932
1.8160000000000014,4876876.013639287
1.8260000000000014,4876876.029056145
1.8360000000000014,4876876.044379581
1.8460000000000014,4876876.059829909
1.8560000000000014,4876876.075445662
1.8660000000000014,4876876.091307395
1.8760000000000014,4876876.106725102
1.8860000000000015,4876876.122260346
1.8960000000000015,4876876.137844462
1.9060000000000015,4876876.15292847
1.9160000000000015,4876876.167852466
1.9260000000000015,4876876.18302148
1.9360000000000015,4876876.197846338
1.9460000000000015,4876876.212851639
1.9560000000000015,4876876.227763075
1.9660000000000015,4876876.242503041
1.9760000000000015,4876876.257391302
1.9860000000000015,4876876.272229823
1.9960000000000016,4876876.287435996
2.0060000000000016,4876876.30239838
2.0160000000000013,4876876.317285718
2.026000000000001,4876876.332067481
2.036000000000001,4876876.347067983
2.0460000000000007,4876876.36210511
2.0560000000000005,4876876.377207174
2.0660000000000003,4876876.392849991
2.076,4876876.408885118
2.086,4876876.425189302
2.0959999999999996,4876876.440649473
2.1059999999999994,4876876.4564162
2.115999999999999,4876876.471754175
2.125999999999999,4876876.487245123
2.135999999999999,4876876.502604131
2.1459999999999986,4876876.51785222
2.1559999999999984,4876876.533213024
2.165999999999998,4876876.54855937
2.175999999999998,4876876.564199089
2.1859999999999977,4876876.579550946
2.1959999999999975,4876876.595041319
2.2059999999999973,4876876.609955696
2.215999999999997,4876876.624850928
2.225999999999997,4876876.639599746
2.2359999999999967,4876876.65455187
2.2459999999999964,4876876.669570621
2.2559999999999962,4876876.684721125
2.265999999999996,4876876.69978759
2.275999999999996,4876876.714571864
2.2859999999999956,4876876.729955561
2.2959999999999954,4876876.745320694
2.305999999999995,4876876.760936494
2.315999999999995,4876876.776582993
2.3259999999999947,4876876.792454298
2.3359999999999945,4876876.808115796
2.3459999999999943,4876876.823799287
2.355999999999994,4876876.839320825
2.365999999999994,4876876.854919772
2.3759999999999937,4876876.870431329
2.3859999999999935,4876876.88619111
2.3959999999999932,4876876.901164218
2.405999999999993,4876876.916073462
2.415999999999993,4876876.93102126
2.4259999999999926,4876876.945970171
2.4359999999999924,4876876.960953871
2.445999999999992,4876876.975945285
2.455999999999992,4876876.991027657
2.4659999999999918,4876877.006029401
2.4759999999999915,4876877.020953381
2.4859999999999913,4876877.035856927
2.495999999999991,4876877.050801418
2.505999999999991,4876877.06580011
2.5159999999999907,4876877.08096065
2.5259999999999905,4876877.095704041
2.5359999999999903,4876877.11058536
2.54599999999999,4876877.12555543
2.55599999999999,4876877.140378549
2.5659999999999896,4876877.155538893
2.5759999999999894,4876877.170587201
2.585999999999989,4876877.185715547
2.595999999999989,4876877.2008534
2.6059999999999888,4876877.215772929
2.6159999999999886,4876877.230634859
2.6259999999999883,4876877.245568235
2.635999999999988,4876877.26063966
2.645999999999988,4876877.27564354
2.6559999999999877,4876877.290798103
2.6659999999999875,4876877.305955697
2.6759999999999873,4876877.320840529
2.685999999999987,4876877.335637224
2.695999999999987,4876877.350479626
2.7059999999999866,4876877.365411842
2.7159999999999864,4876877.380447014
2.725999999999986,4876877.395378782
2.735999999999986,4876877.410346084
2.745999999999986,4876877.425258772
2.7559999999999856,4876877.440109776
2.7659999999999854,4876877.45517345
2.775999999999985,4876877.470124989
2.785999999999985,4876877.48523213
2.7959999999999847,4876877.500128373
2.8059999999999845,4876877.51504434
2.8159999999999843,4876877.530063753
2.825999999999984,4876877.545089307
2.835999999999984,4876877.560309099
2.8459999999999837,4876877.575408378
2.8559999999999834,4876877.590546629
2.8659999999999832,4876877.605612941
2.875999999999983,4876877.620729073
2.885999999999983,4876877.635563888
2.8959999999999826,4876877.650540801
2.9059999999999824,4876877.665562068
2.915999999999982,4876877.680609965
2.925999999999982,4876877.695745988
2.9359999999999817,4876877.710659139
2.9459999999999815,4876877.725501531
2.9559999999999813,4876877.740271703
2.965999999999981,4876877.755379308
2.975999999999981,4876877.770326289
2.9859999999999807,4876877.785518451
2.9959999999999805,4876877.800353888
3.0059999999999802,4876877.815484579
3.01599999999998,4876877.830517709
3.02599999999998,4876877.845320576
3.0359999999999796,4876877.860531117
3.0459999999999794,4876877.87558893
3.055999999999979,4876877.890671514
3.065999999999979,4876877.905652729
3.0759999999999788,4876877.920604516
3.0859999999999785,4876877.935407073
3.0959999999999783,4876877.950522756
3.105999999999978,4876877.965575401
3.115999999999978,4876877.980654374
3.1259999999999777,4876877.995813206
3.1359999999999775,4876878.010858873
3.1459999999999773,4876878.025713636
3.155999999999977,4876878.040555557
3.165999999999977,4876878.055604272
3.1759999999999766,4876878.070472589
3.1859999999999764,4876878.085586506
3.195999999999976,4876878.1007328
3.205999999999976,4876878.115947039
3.2159999999999758,4876878.131108683
3.2259999999999756,4876878.146222015
3.2359999999999753,4876878.161551611
3.245999999999975,4876878.176546984
3.255999999999975,4876878.19179894
3.2659999999999747,4876878.206748211
3.2759999999999745,4876878.221627722
3.2859999999999743,4876878.236760886
3.295999999999974,4876878.251851029
3.305999999999974,4876878.266838786
3.3159999999999736,4876878.28226307
3.3259999999999734,4876878.297329159
3.335999999999973,4876878.312289842
3.345999999999973,4876878.327219696
3.355999999999973,4876878.342014909
3.3659999999999726,4876878.356897339
3.3759999999999724,4876878.3720857
3.385999999999972,4876878.387356069
3.395999999999972,4876878.402297732
3.4059999999999717,4876878.417479
3.4159999999999715,4876878.432378571
3.4259999999999713,4876878.447376081
3.435999999999971,4876878.462600528
3.445999999999971,4876878.477647627
3.4559999999999707,4876878.49276826
3.4659999999999704,4876878.507773844
3.4759999999999702,4876878.522615588
3.48599999999997,4876878.537409411
3.49599999999997,4876878.556264344
3.5059999999999696,4876878.571469601
3.5159999999999694,4876878.586689292
3.525999999999969,4876878.6017468
3.535999999999969,4876878.616956318
3.5459999999999687,4876878.63186198
3.5559999999999685,4876878.646978633
3.5659999999999683,4876878.662260448
3.575999999999968,4876878.677196097
3.585999999999968,4876878.692400923
3.5959999999999677,4876878.707313897
3.6059999999999675,4876878.722230426
3.6159999999999672,4876878.737226013
3.625999999999967,4876878.752662564
3.635999999999967,4876878.768019645
3.6459999999999666,4876878.783300677
3.6559999999999664,4876878.798372538
3.665999999999966,4876878.813494693
3.675999999999966,4876878.828727258
3.6859999999999657,4876878.843624882
3.6959999999999655,4876878.858877439
3.7059999999999653,4876878.873912334
3.715999999999965,4876878.889163439
3.725999999999965,4876878.904287874
3.7359999999999647,4876878.919296632
3.7459999999999645,4876878.93419099
3.7559999999999643,4876878.949195486
3.765999999999964,4876878.964272715
3.775999999999964,4876878.979244891
3.7859999999999636,4876878.994452325
3.7959999999999634,4876879.009412244
3.805999999999963,4876879.024605003
3.815999999999963,4876879.039600111
3.8259999999999628,4876879.054595545
3.8359999999999626,4876879.069780277
3.8459999999999623,4876879.084908023
3.855999999999962,4876879.099806384
3.865999999999962,4876879.114879895
3.8759999999999617,4876879.129975083
3.8859999999999615,4876879.145027232
3.8959999999999613,4876879.160173542
3.905999999999961,4876879.175213249
3.915999999999961,4876879.190555765
3.9259999999999606,4876879.206036523
3.9359999999999604,4876879.221211901
3.94599999999996,4876879.236423363
3.95599999999996,4876879.251708072
3.96599999999996,4876879.266933779
3.9759999999999596,4876879.282297205
3.9859999999999594,4876879.297543129
3.995999999999959,4876879.312746698
4.005999999999959,4876879.328034807
4.015999999999959,4876879.343212745
4.025999999999959,4876879.358521583
4.035999999999959,4876879.373689737
4.0459999999999585,4876879.389056234
4.055999999999958,4876879.404265277
4.065999999999958,4876879.41918421
4.075999999999958,4876879.434213522
4.085999999999958,4876879.449128662
4.0959999999999575,4876879.464262839
4.105999999999957,4876879.479479804
4.115999999999957,4876879.494723068
4.125999999999957,4876879.509752337
4.135999999999957,4876879.524761597
4.145999999999956,4876879.539812956
4.155999999999956,4876879.554883283
4.165999999999956,4876879.570261443
4.175999999999956,4876879.585463523
4.1859999999999555,4876879.60092477
4.195999999999955,4876879.616233068
4.205999999999955,4876879.631512391
4.215999999999955,4876879.646803031
4.225999999999955,4876879.661987091
4.2359999999999545,4876879.677312991
4.245999999999954,4876879.692587842
4.255999999999954,4876879.707619788
4.265999999999954,4876879.722834869
4.275999999999954,4876879.737879326
4.285999999999953,4876879.752763592
4.295999999999953,4876879.768273245
4.305999999999953,4876879.783605324
4.315999999999953,4876879.798821734
4.3259999999999525,4876879.814137038
4.335999999999952,4876879.829289793
4.345999999999952,4876879.844176563
4.355999999999952,4876879.859486916
4.365999999999952,4876879.874683659
4.3759999999999515,4876879.889820367
4.385999999999951,4876879.90489992
4.395999999999951,4876879.920071154
4.405999999999951,4876879.935230278
4.415999999999951,4876879.950129697
4.42599999999995,4876879.965303172
4.43599999999995,4876879.980355705
4.44599999999995,4876879.995477785
4.45599999999995,4876880.010538688
4.46599999999995,4876880.025533513
4.475999999999949,4876880.040423997
4.485999999999949,4876880.055360841
4.495999999999949,4876880.070362492
4.505999999999949,4876880.085514401
4.5159999999999485,4876880.100557523
4.525999999999948,4876880.115685619
4.535999999999948,4876880.13074026
4.545999999999948,4876880.145812499
4.555999999999948,4876880.160995685
4.565999999999947,4876880.176057654
4.575999999999947,4876880.191556432
4.585999999999947,4876880.20668975
4.595999999999947,4876880.221742361
4.605999999999947,4876880.236623321
4.615999999999946,4876880.251533964
4.625999999999946,4876880.266630277
4.635999999999946,4876880.281628077
4.645999999999946,4876880.297366663
4.6559999999999455,4876880.312809126
4.665999999999945,4876880.328342905
4.675999999999945,4876880.343970989
4.685999999999945,4876880.359592906
4.695999999999945,4876880.375321368
4.7059999999999444,4876880.391160637
4.715999999999944,4876880.406676395
4.725999999999944,4876880.42244632
4.735999999999944,4876880.438252054
4.745999999999944,4876880.454741381
4.755999999999943,4876880.47030032
4.765999999999943,4876880.486075262
4.775999999999943,4876880.501911664
4.785999999999943,4876880.517517474
4.7959999999999425,4876880.533438398
4.805999999999942,4876880.548725909
4.815999999999942,4876880.564409913
4.825999999999942,4876880.579496407
4.835999999999942,4876880.594829539
4.8459999999999415,4876880.609854904
4.855999999999941,4876880.624925701
4.865999999999941,4876880.639985813
4.875999999999941,4876880.65509465
4.885999999999941,4876880.670438158
4.89599999999994,4876880.685633962
4.90599999999994,4876880.700687323
4.91599999999994,4876880.715731926
4.92599999999994,4876880.730780794
4.9359999999999395,4876880.74564614
4.945999999999939,4876880.76088079
4.955999999999939,4876880.775972274
4.965999999999939,4876880.791141787
4.975999999999939,4876880.806315066
4.9859999999999385,4876880.821589076
4.995999999999938,4876880.836615382
5.005999999999938,4876880.851552608
5.015999999999938,4876880.866770226
5.025999999999938,4876880.88184798
5.035999999999937,4876880.897034729
5.045999999999937,4876880.912255431
5.055999999999937,4876880.927319411
5.065999999999937,4876880.942292503
5.075999999999937,4876880.957632286
5.085999999999936,4876880.972938988
5.095999999999936,4876880.988049215
5.105999999999936,4876881.003373831
5.115999999999936,4876881.018672842
5.1259999999999355,4876881.034305055
5.135999999999935,4876881.049732881
5.145999999999935,4876881.065380969
5.155999999999935,4876881.081055192
5.165999999999935,4876881.09668138
5.175999999999934,4876881.111929747
5.185999999999934,4876881.127058824
5.195999999999934,4876881.142146692
5.205999999999934,4876881.157547792
5.215999999999934,4876881.172980755
5.225999999999933,4876881.188316638
5.235999999999933,4876881.203679844
5.245999999999933,4876881.218890573
5.255999999999933,4876881.233921936
5.2659999999999325,4876881.249174148
5.275999999999932,4876881.264354711
5.285999999999932,4876881.279349856
5.295999999999932,4876881.294706781
5.305999999999932,4876881.309704378
5.3159999999999314,4876881.324748758
5.325999999999931,4876881.339742849
5.335999999999931,4876881.354789653
5.345999999999931,4876881.369886516
5.355999999999931,4876881.385296679
5.36599999999993,4876881.400452594
5.37599999999993,4876881.415557292
5.38599999999993,4876881.430577761
5.39599999999993,4876881.445957217
5.4059999999999295,4876881.461156843
5.415999999999929,4876881.476404942
5.425999999999929,4876881.49167722
5.435999999999929,4876881.506621771
5.445999999999929,4876881.521823053
5.4559999999999285,4876881.536821452
5.465999999999928,4876881.551819138
5.475999999999928,4876881.567102152
5.485999999999928,4876881.582232073
5.495999999999928,4876881.597482724
5.505999999999927,4876881.612724284
5.515999999999927,4876881.627752876
5.525999999999927,4876881.642708652
5.535999999999927,4876881.657810472
5.5459999999999265,4876881.672990081
5.555999999999926,4876881.688104
5.565999999999926,4876881.703323996
5.575999999999926,4876881.718288964
5.585999999999926,4876881.733348293
5.5959999999999255,4876881.748283369
5.605999999999925,4876881.763301476
5.615999999999925,4876881.778453818
5.625999999999925,4876881.793749252
5.635999999999925,4876881.80866791
5.645999999999924,4876881.823713355
5.655999999999924,4876881.838707147
5.665999999999924,4876881.853669015
5.675999999999924,4876881.868850814
5.685999999999924,4876881.883859819
5.695999999999923,4876881.899067197
5.705999999999923,4876881.914272058
5.715999999999923,4876881.929328919
5.725999999999923,4876881.944293425
5.7359999999999225,4876881.95935201
5.745999999999922,4876881.974564569
5.755999999999922,4876881.989739461
5.765999999999922,4876882.004727805
5.775999999999922,4876882.019743568
5.785999999999921,4876882.034640778
5.795999999999921,4876882.049545996
5.805999999999921,4876882.064534014
5.815999999999921,4876882.079686777
5.825999999999921,4876882.094913858
5.83599999999992,4876882.109908801
5.84599999999992,4876882.125129552
5.85599999999992,4876882.140265884
5.86599999999992,4876882.155402461
5.8759999999999195,4876882.170755915
5.885999999999919,4876882.185974314
5.895999999999919,4876882.201071841
5.905999999999919,4876882.216182016
5.915999999999919,4876882.231608685
5.925999999999918,4876882.246540477
5.935999999999918,4876882.261614555
5.945999999999918,4876882.276853718
5.955999999999918,4876882.291919577
5.965999999999918,4876882.306967753
5.975999999999917,4876882.322076832
5.985999999999917,4876882.336934317
5.995999999999917,4876882.352089245
6.005999999999917,4876882.367471122
6.0159999999999165,4876882.382577112
6.025999999999916,4876882.397853639
6.035999999999916,4876882.412845597
6.045999999999916,4876882.427730671
6.055999999999916,4876882.442648199
6.0659999999999155,4876882.457636601
6.075999999999915,4876882.472802585
6.085999999999915,4876882.487979252
6.095999999999915,4876882.502995103
6.105999999999915,4876882.518068059
6.115999999999914,4876882.533091737
6.125999999999914,4876882.548213293
6.135999999999914,4876882.563290847
6.145999999999914,4876882.578472011
6.1559999999999135,4876882.593663342
6.165999999999913,4876882.608850653
6.175999999999913,4876882.624093744
6.185999999999913,4876882.639161253
6.195999999999913,4876882.654878255
6.2059999999999125,4876882.670412392
6.215999999999912,4876882.685949675
6.225999999999912,4876882.701638288
6.235999999999912,4876882.716947592
6.245999999999912,4876882.732512138
6.255999999999911,4876882.747849926
6.265999999999911,4876882.76325025
6.275999999999911,4876882.778947515
6.285999999999911,4876882.794745719
6.295999999999911,4876882.810354245
6.30599999999991,4876882.825543473
6.31599999999991,4876882.840602618
6.32599999999991,4876882.855573306
6.33599999999991,4876882.870698764
6.3459999999999095,4876882.88592553
6.355999999999909,4876882.900972655
6.365999999999909,4876882.915943088
6.375999999999909,4876882.931021433
6.385999999999909,4876882.946115333
6.395999999999908,4876882.961158805
6.405999999999908,4876882.976256583
6.415999999999908,4876882.991285664
6.425999999999908,4876883.00630659
6.435999999999908,4876883.02131422
6.445999999999907,4876883.036161348
6.455999999999907,4876883.051043338
6.465999999999907,4876883.066038646
6.475999999999907,4876883.081079634
6.4859999999999065,4876883.09631472
6.495999999999906,4876883.111207605
6.505999999999906,4876883.126287354
6.515999999999906,4876883.141191988
6.525999999999906,4876883.156235328
6.535999999999905,4876883.171466718
6.545999999999905,4876883.186552945
6.555999999999905,4876883.201635286
6.565999999999905,4876883.216517268
6.575999999999905,4876883.231546723
6.585999999999904,4876883.246653156
6.595999999999904,4876883.261741321
6.605999999999904,4876883.27686076
6.615999999999904,4876883.292170538
6.6259999999999035,4876883.307250271
6.635999999999903,4876883.322197359
6.645999999999903,4876883.337226915
6.655999999999903,4876883.352161019
6.665999999999903,4876883.367112656
6.6759999999999025,4876883.382189432
6.685999999999902,4876883.397423979
6.695999999999902,4876883.412491809
6.705999999999902,4876883.427600526
6.715999999999902,4876883.442669337
6.725999999999901,4876883.457793698
6.735999999999901,4876883.473037472
6.745999999999901,4876883.488092612
6.755999999999901,4876883.503137208
6.7659999999999005,4876883.518132792
6.7759999999999,4876883.533168558
6.7859999999999,4876883.548258615
6.7959999999999,4876883.563506417
6.8059999999999,4876883.578579185
6.8159999999998995,4876883.593954913
6.825999999999899,4876883.608946357
6.835999999999899,4876883.623913996
6.845999999999899,4876883.638976401
6.855999999999899,4876883.653932745
6.865999999999898,4876883.669057012
6.875999999999898,4876883.684133463
6.885999999999898,4876883.69924207
6.895999999999898,4876883.71417923
6.9059999999998976,4876883.729237669
6.915999999999897,4876883.744091603
6.925999999999897,4876883.759123553
6.935999999999897,4876883.774349333
6.945999999999897,4876883.789385945
6.9559999999998965,4876883.804497535
6.965999999999896,4876883.819454328
6.975999999999896,4876883.83458385
6.985999999999896,4876883.849527676
6.995999999999896,4876883.864661238
7.005999999999895,4876883.87998364
7.015999999999895,4876883.895530123
7.025999999999895,4876883.910771615
7.035999999999895,4876883.925998215
7.045999999999895,4876883.941032176
7.055999999999894,4876883.955909398
7.065999999999894,4876883.97103722
7.075999999999894,4876883.986202808
7.085999999999894,4876884.001367701
7.0959999999998935,4876884.016449761
7.105999999999893,4876884.031350742
7.115999999999893,4876884.046309334
7.125999999999893,4876884.061337976
7.135999999999893,4876884.076339448
7.145999999999892,4876884.091461023
7.155999999999892,4876884.106475197
7.165999999999892,4876884.121382886
7.175999999999892,4876884.136513306
7.185999999999892,4876884.151375218
7.195999999999891,4876884.166497604
7.205999999999891,4876884.181571823
7.215999999999891,4876884.196802572
7.225999999999891,4876884.21179292
7.2359999999998905,4876884.226721523
7.24599999999989,4876884.241859978
7.25599999999989,4876884.257231309
7.26599999999989,4876884.272374856
7.27599999999989,4876884.287880422
7.2859999999998895,4876884.303117376
7.295999999999889,4876884.317985958
7.305999999999889,4876884.33321293
7.315999999999889,4876884.348261417
7.325999999999889,4876884.363357779
7.335999999999888,4876884.378594233
7.345999999999888,4876884.393731489
7.355999999999888,4876884.408774418
7.365999999999888,4876884.42380984
7.3759999999998875,4876884.438785316
7.385999999999887,4876884.453755068
7.395999999999887,4876884.468937263
7.405999999999887,4876884.483950792
7.415999999999887,4876884.499150496
7.4259999999998865,4876884.514196881
7.435999999999886,4876884.529204062
7.445999999999886,4876884.544183705
7.455999999999886,4876884.559270695
7.465999999999886,4876884.574345683
7.475999999999885,4876884.589526604
7.485999999999885,4876884.604545032
7.495999999999885,4876884.619522044
7.505999999999885,4876884.634515953
7.5159999999998846,4876884.649383896
7.525999999999884,4876884.664328454
7.535999999999884,4876884.679431147
7.545999999999884,4876884.694549582
7.555999999999884,4876884.709717964
7.5659999999998835,4876884.724703874
7.575999999999883,4876884.739604795
7.585999999999883,4876884.754711778
7.595999999999883,4876884.769917689
7.605999999999883,4876884.785056682
7.615999999999882,4876884.800378175
7.625999999999882,4876884.815588746
7.635999999999882,4876884.83071526
7.645999999999882,4876884.845755881
7.655999999999882,4876884.860873777
7.665999999999881,4876884.876089299
7.675999999999881,4876884.891567457
7.685999999999881,4876884.906949608
7.695999999999881,4876884.922146344
7.7059999999998805,4876884.937452545
7.71599999999988,4876884.952800835
7.72599999999988,4876884.968261537
7.73599999999988,4876884.98398649
7.74599999999988,4876884.999875118
7.755999999999879,4876885.015655372
7.765999999999879,4876885.031358052
7.775999999999879,4876885.048115224
7.785999999999879,4876885.064038754
7.795999999999879,4876885.080073145
7.805999999999878,4876885.096154735
7.815999999999878,4876885.111956213
7.825999999999878,4876885.127702629
7.835999999999878,4876885.143454604
7.8459999999998775,4876885.159332864
7.855999999999877,4876885.175295511
7.865999999999877,4876885.191321251
7.875999999999877,4876885.207369209
7.885999999999877,4876885.223201455
7.8959999999998765,4876885.238945995
7.905999999999876,4876885.254735657
7.915999999999876,4876885.270578549
7.925999999999876,4876885.286483187
7.935999999999876,4876885.302352763
7.945999999999875,4876885.317867365
7.955999999999875,4876885.333621293
7.965999999999875,4876885.349227897
7.975999999999875,4876885.364909199
7.9859999999998745,4876885.380676822
7.995999999999874,4876885.396599333
8.005999999999874,4876885.412435614
8.015999999999874,4876885.428135237
8.025999999999874,4876885.443721424
8.035999999999873,4876885.459638329
8.045999999999873,4876885.475446781
8.055999999999873,4876885.491563085
8.065999999999873,4876885.507414561
8.075999999999873,4876885.522916533
8.085999999999872,4876885.538661998
8.095999999999872,4876885.554464708
8.105999999999872,4876885.570153903
8.115999999999872,4876885.586084447
8.125999999999872,4876885.60203812
8.135999999999871,4876885.617833623
8.145999999999871,4876885.633418071
8.155999999999871,4876885.64899802
8.16599999999987,4876885.664706797
8.17599999999987,4876885.680405919
8.18599999999987,4876885.696185046
8.19599999999987,4876885.712103116
8.20599999999987,4876885.728486261
8.21599999999987,4876885.744775434
8.22599999999987,4876885.76098521
8.23599999999987,4876885.777342937
8.245999999999869,4876885.793374567
8.255999999999869,4876885.809479448
8.265999999999869,4876885.825327184
8.275999999999868,4876885.841449584
8.285999999999868,4876885.85759657
8.295999999999868,4876885.873668676
8.305999999999868,4876885.890138715
8.315999999999867,4876885.906028647
8.325999999999867,4876885.921805645
8.335999999999867,4876885.93760459
8.345999999999867,4876885.953742504
8.355999999999867,4876885.970099453
8.365999999999866,4876885.98637172
8.375999999999866,4876886.002845604
8.385999999999866,4876886.018946304
8.395999999999866,4876886.035044627
8.405999999999866,4876886.050663537
8.415999999999865,4876886.066815147
8.425999999999865,4876886.083076471
8.435999999999865,4876886.099520511
8.445999999999865,4876886.115545017
8.455999999999865,4876886.131633515
8.465999999999864,4876886.14750603
8.475999999999864,4876886.163558384
8.485999999999864,4876886.179435992
8.495999999999864,4876886.195550135
8.505999999999863,4876886.211505905
8.515999999999863,4876886.22743228
8.525999999999863,4876886.243420691
8.535999999999863,4876886.259582224
8.545999999999863,4876886.275646279
8.555999999999862,4876886.292034716
8.565999999999862,4876886.308054744
8.575999999999862,4876886.324229442
8.585999999999862,4876886.340125977
8.595999999999862,4876886.356181643
8.605999999999861,4876886.372227407
8.615999999999861,4876886.388459605
8.625999999999861,4876886.404665874
8.63599999999986,4876886.420568514
8.64599999999986,4876886.436688792
8.65599999999986,4876886.452568133
8.66599999999986,4876886.469483696
8.67599999999986,4876886.485791527
8.68599999999986,4876886.502394042
8.69599999999986,4876886.518372495
8.70599999999986,4876886.535042213
8.715999999999859,4876886.551442531
8.725999999999859,4876886.567452197
8.735999999999859,4876886.583613344
8.745999999999858,4876886.600171798
8.755999999999858,4876886.616375186
8.765999999999858,4876886.632250313
8.775999999999858,4876886.648236124
8.785999999999857,4876886.664278738
8.795999999999857,4876886.68064417
8.805999999999857,4876886.696761272
8.815999999999857,4876886.713402308
8.825999999999857,4876886.729537737
8.835999999999856,4876886.745931656
8.845999999999856,4876886.762487773
8.855999999999856,4876886.778973958
8.865999999999856,4876886.795293009
8.875999999999856,4876886.811634279
8.885999999999855,4876886.827968905
8.895999999999855,4876886.844086425
8.905999999999855,4876886.860192938
8.915999999999855,4876886.876661091
8.925999999999854,4876886.893280998
8.935999999999854,4876886.90962016
8.945999999999854,4876886.925803615
8.955999999999854,4876886.942515479
8.965999999999854,4876886.958620645
8.975999999999853,4876886.974957928
8.985999999999853,4876886.991218429
8.995999999999853,4876887.007298766
9.005999999999853,4876887.023475848
9.015999999999853,4876887.039970498
9.025999999999852,4876887.056142171
9.035999999999852,4876887.072131333
9.045999999999852,4876887.08854718
9.055999999999852,4876887.105219417
9.065999999999852,4876887.121783902
9.075999999999851,4876887.138465795
9.085999999999851,4876887.15511672
9.09599999999985,4876887.171936901
9.10599999999985,4876887.190351255
9.11599999999985,4876887.211491481
9.12599999999985,4876887.228243788
9.13599999999985,4876887.244888583
9.14599999999985,4876887.260842236
9.15599999999985,4876887.277974825
9.16599999999985,4876887.294385657
9.17599999999985,4876887.310013519
9.185999999999849,4876887.32528938
9.195999999999849,4876887.340462828
9.205999999999849,4876887.355772715
9.215999999999848,4876887.370973224
9.225999999999848,4876887.385539194
9.235999999999848,4876887.400495057
9.245999999999848,4876887.415109377
9.255999999999847,4876887.429617408
9.265999999999847,4876887.444259975
9.275999999999847,4876887.458827798
9.285999999999847,4876887.474070527
9.295999999999847,4876887.489226673
9.305999999999846,4876887.504341314
9.315999999999846,4876887.518893456
9.325999999999846,4876887.533920503
9.335999999999846,4876887.54941806
9.345999999999846,4876887.564919499
9.355999999999845,4876887.580450013
9.365999999999845,4876887.596141906
9.375999999999845,4876887.611714981
9.385999999999845,4876887.627505736
9.395999999999844,4876887.643212417
9.405999999999844,4876887.658322084
9.415999999999844,4876887.673487884
9.425999999999844,4876887.688582128
9.435999999999844,4876887.703828523
9.445999999999843,4876887.718781758
9.455999999999843,4876887.734052993
9.465999999999843,4876887.749074027
9.475999999999843,4876887.764113115
9.485999999999843,4876887.779241693
9.495999999999842,4876887.794429527
9.505999999999842,4876887.809547642
9.515999999999842,4876887.824353194
9.525999999999842,4876887.839390764
9.535999999999841,4876887.854349655
9.545999999999841,4876887.869278388
9.555999999999841,4876887.884411444
9.56599999999984,4876887.899732956
9.57599999999984,4876887.914617416
9.58599999999984,4876887.929563883
9.59599999999984,4876887.944451517
9.60599999999984,4876887.959017685
9.61599999999984,4876887.973597143
9.62599999999984,4876887.988150045
9.63599999999984,4876888.002971851
9.64599999999984,4876888.01748169
9.655999999999839,4876888.031900404
9.665999999999839,4876888.046425353
9.675999999999839,4876888.060952454
9.685999999999838,4876888.075627988
9.695999999999838,4876888.090169948
9.705999999999838,4876888.104879263
9.715999999999838,4876888.119376624
9.725999999999837,4876888.133931833
9.735999999999837,4876888.148465074
9.745999999999837,4876888.163029929
9.755999999999837,4876888.177800963
9.765999999999837,4876888.192497051
9.775999999999836,4876888.207517311
9.785999999999836,4876888.222136298
9.795999999999836,4876888.236865841
9.805999999999836,4876888.252084941
9.815999999999836,4876888.267053171
9.825999999999835,4876888.282027354
9.835999999999835,4876888.297333233
9.845999999999835,4876888.312429746
9.855999999999835,4876888.327258802
9.865999999999834,4876888.342395956
9.875999999999834,4876888.357609579
9.885999999999834,4876888.374462621
9.895999999999834,4876888.389822125
9.905999999999834,4876888.405346317
9.915999999999833,4876888.420316813
9.925999999999833,4876888.436012778
9.935999999999833,4876888.451669327
9.945999999999833,4876888.467797933
9.955999999999833,4876888.483265432
9.965999999999832,4876888.498683842
9.975999999999832,4876888.513821013
9.985999999999832,4876888.528874416
9.995999999999832,4876888.544203932
10.005999999999831,4876888.559307331
10.015999999999831,4876888.574779129
10.025999999999831,4876888.590459294
10.03599999999983,4876888.60621634
10.04599999999983,4876888.621788267
10.05599999999983,4876888.637243281
10.06599999999983,4876888.652870353
10.07599999999983,4876888.668375971
10.08599999999983,4876888.683815324
10.09599999999983,4876888.699584196
10.10599999999983,4876888.715014442
10.11599999999983,4876888.730488009
10.125999999999829,4876888.74604114
10.135999999999829,4876888.762296119
10.145999999999828,4876888.778123558
10.155999999999828,4876888.793707321
10.165999999999828,4876888.809423975
10.175999999999828,4876888.825191044
10.185999999999828,4876888.840466982
10.195999999999827,4876888.855782274
10.205999999999827,4876888.871316657
10.215999999999827,4876888.88664695
10.225999999999827,4876888.901921377
10.235999999999827,4876888.916971067
10.245999999999826,4876888.931967931
10.255999999999826,4876888.947016363
10.265999999999826,4876888.961927168
10.275999999999826,4876888.977034288
10.285999999999826,4876888.99201352
10.295999999999825,4876889.007243043
10.305999999999825,4876889.022295045
10.315999999999825,4876889.037233385
10.325999999999825,4876889.05226788
10.335999999999824,4876889.067254056
10.345999999999824,4876889.08224379
10.355999999999824,4876889.097215067
10.365999999999824,4876889.112228063
10.375999999999824,4876889.127083027
10.385999999999823,4876889.142036828
10.395999999999823,4876889.15707331
10.405999999999823,4876889.172405967
10.415999999999823,4876889.187667618
10.425999999999823,4876889.203210574
10.435999999999822,4876889.218313695
10.445999999999822,4876889.233381071
10.455999999999822,4876889.248681395
10.465999999999822,4876889.26432606
10.475999999999821,4876889.280232353
10.485999999999821,4876889.296084054
10.495999999999821,4876889.311776765
10.50599999999982,4876889.327490864
10.51599999999982,4876889.343577671
10.52599999999982,4876889.359972493
10.53599999999982,4876889.376455576
10.54599999999982,4876889.393098819
10.55599999999982,4876889.409897697
10.56599999999982,4876889.426339106
10.57599999999982,4876889.44280412
10.585999999999819,4876889.458904473
10.595999999999819,4876889.475233482
10.605999999999819,4876889.49111519
10.615999999999818,4876889.507104653
10.625999999999818,4876889.52269242
10.635999999999818,4876889.537725928
10.645999999999818,4876889.553677217
10.655999999999818,4876889.569597156
10.665999999999817,4876889.585597672
10.675999999999817,4876889.601537263
10.685999999999817,4876889.617333942
10.695999999999817,4876889.632588088
10.705999999999817,4876889.647678245
10.715999999999816,4876889.663044484
10.725999999999816,4876889.678285778
10.735999999999816,4876889.693524872
10.745999999999816,4876889.708983348
10.755999999999815,4876889.724047547
10.765999999999815,4876889.739188717
10.775999999999815,4876889.754277658
10.785999999999815,4876889.769606729
10.795999999999815,4876889.784932077
10.805999999999814,4876889.80011778
10.815999999999814,4876889.815212209
10.825999999999814,4876889.830252051
10.835999999999814,4876889.845314225
10.845999999999814,4876889.860374303
10.855999999999813,4876889.875647968
10.865999999999813,4876889.890807199
10.875999999999813,4876889.90637434
10.885999999999813,4876889.921537529
10.895999999999813,4876889.936616446
10.905999999999812,4876889.951775186
10.915999999999812,4876889.966911988
10.925999999999812,4876889.982132177
10.935999999999812,4876889.997435346
10.945999999999811,4876890.012692059
10.955999999999811,4876890.027620807
10.965999999999811,4876890.042614368
10.97599999999981,4876890.057562423
10.98599999999981,4876890.072655418
10.99599999999981,4876890.087724413
11.00599999999981,4876890.102977181
11.01599999999981,4876890.118063374
11.02599999999981,4876890.133398743
11.03599999999981,4876890.148562609
11.04599999999981,4876890.163605589
11.055999999999809,4876890.17874833
11.065999999999809,4876890.19394772
11.075999999999809,4876890.209288019
11.085999999999808,4876890.224331358
11.095999999999808,4876890.239353428
11.105999999999808,4876890.254431725
11.115999999999808,4876890.269700529
11.125999999999808,4876890.285171732
11.135999999999807,4876890.300542239
11.145999999999807,4876890.315772704
11.155999999999807,4876890.330862819
11.165999999999807,4876890.345876008
11.175999999999807,4876890.361047203
11.185999999999806,4876890.376142037
11.195999999999806,4876890.391217708
11.205999999999806,4876890.407124706
11.215999999999806,4876890.422947157
11.225999999999805,4876890.438539728
11.235999999999805,4876890.454338993
11.245999999999805,4876890.470173693
11.255999999999805,4876890.486028953
11.265999999999805,4876890.501962982
11.275999999999804,4876890.517647655
11.285999999999804,4876890.53319944
11.295999999999804,4876890.548708596
11.305999999999804,4876890.564383131
11.315999999999804,4876890.580022288
11.325999999999803,4876890.595734097
11.335999999999803,4876890.611614381
11.345999999999803,4876890.627316149
11.355999999999803,4876890.6427419
11.365999999999802,4876890.658281936
11.375999999999802,4876890.674056143
11.385999999999802,4876890.689683504
11.395999999999802,4876890.705617827
11.405999999999802,4876890.721109796
11.415999999999801,4876890.736613892
11.425999999999801,4876890.752019246
11.435999999999801,4876890.767583226
11.4459999999998,4876890.783381284
11.4559999999998,4876890.798623321
11.4659999999998,4876890.813865754
11.4759999999998,4876890.829087374
11.4859999999998,4876890.844096895
11.4959999999998,4876890.859099406
11.5059999999998,4876890.874094949
11.5159999999998,4876890.88925522
11.525999999999799,4876890.904407879
11.535999999999799,4876890.919328278
11.545999999999799,4876890.934286493
11.555999999999798,4876890.94922935
11.565999999999798,4876890.964223595
11.575999999999798,4876890.979346807
11.585999999999798,4876890.994290623
11.595999999999798,4876891.009582004
11.605999999999797,4876891.024469451
11.615999999999797,4876891.03929741
11.625999999999797,4876891.054609681
11.635999999999797,4876891.069900705
11.645999999999797,4876891.085894064
11.655999999999796,4876891.101735154
11.665999999999796,4876891.117421393
11.675999999999796,4876891.133682101
11.685999999999796,4876891.149355873
11.695999999999795,4876891.165345132
11.705999999999795,4876891.181366366
11.715999999999795,4876891.197414097
11.725999999999795,4876891.213394138
11.735999999999795,4876891.229650342
11.745999999999794,4876891.245749907
11.755999999999794,4876891.261828943
11.765999999999794,4876891.277985132
11.775999999999794,4876891.294344198
11.785999999999794,4876891.310542926
11.795999999999793,4876891.32639528
11.805999999999793,4876891.342459311
11.815999999999793,4876891.358450553
11.825999999999793,4876891.374466181
11.835999999999792,4876891.390444097
11.845999999999792,4876891.40650959
11.855999999999792,4876891.422951581
11.865999999999792,4876891.439922941
11.875999999999792,4876891.45640314
11.885999999999791,4876891.472903246
11.895999999999791,4876891.489322156
11.905999999999791,4876891.505355044
11.91599999999979,4876891.521291094
11.92599999999979,4876891.537050357
11.93599999999979,4876891.55293281
11.94599999999979,4876891.568597332
11.95599999999979,4876891.584160528
11.96599999999979,4876891.599865748
11.97599999999979,4876891.615435312
11.98599999999979,4876891.630839355
11.995999999999789,4876891.646292739
12.005999999999789,4876891.661605929
12.015999999999789,4876891.676725701
12.025999999999788,4876891.691943327
12.035999999999788,4876891.707041145
12.045999999999788,4876891.721983343
12.055999999999788,4876891.736872102
12.065999999999788,4876891.751688851
12.075999999999787,4876891.766891952
12.085999999999787,4876891.781923724
12.095999999999787,4876891.797214561
12.105999999999787,4876891.812327972
12.115999999999786,4876891.827287414
12.125999999999786,4876891.842249925
12.135999999999786,4876891.857136662
12.145999999999786,4876891.871936164
12.155999999999786,4876891.886923019
12.165999999999785,4876891.90262784
12.175999999999785,4876891.91803492
12.185999999999785,4876891.933535649
12.195999999999785,4876891.948548419
12.205999999999785,4876891.963398022
12.215999999999784,4876891.978392477
12.225999999999784,4876891.993322632
12.235999999999784,4876892.008319507
12.245999999999784,4876892.023231566
12.255999999999784,4876892.037902241
12.265999999999783,4876892.052661796
12.275999999999783,4876892.067385784
12.285999999999783,4876892.082210795
12.295999999999783,4876892.097276802
12.305999999999782,4876892.112328007
12.315999999999782,4876892.12732533
12.325999999999782,4876892.142375139
12.335999999999782,4876892.157286962
12.345999999999782,4876892.172131924
12.355999999999781,4876892.187210626
12.365999999999781,4876892.202354132
12.375999999999781,4876892.217203451
12.38599999999978,4876892.232088278
12.39599999999978,4876892.247203864
12.40599999999978,4876892.262191951
12.41599999999978,4876892.277102194
12.42599999999978,4876892.292059157
12.43599999999978,4876892.307223175
12.44599999999978,4876892.322062414
12.45599999999978,4876892.336958329
12.465999999999779,4876892.351834298
12.475999999999779,4876892.366631312
12.485999999999779,4876892.3816079
12.495999999999778,4876892.396537535
12.505999999999778,4876892.411666993
12.515999999999778,4876892.426540371
12.525999999999778,4876892.441343723
12.535999999999778,4876892.456184239
12.545999999999777,4876892.471221622
12.555999999999777,4876892.486233551
12.565999999999777,4876892.501415861
12.575999999999777,4876892.516517884
12.585999999999776,4876892.531408888
12.595999999999776,4876892.54624948
12.605999999999776,4876892.561113535
12.615999999999776,4876892.576271846
12.625999999999776,4876892.591244535
12.635999999999775,4876892.606387003
12.645999999999775,4876892.621413103
12.655999999999775,4876892.63629799
12.665999999999775,4876892.651262227
12.675999999999775,4876892.666061256
12.685999999999774,4876892.681046785
12.695999999999774,4876892.696093109
12.705999999999774,4876892.711375632
12.715999999999774,4876892.726206127
12.725999999999773,4876892.741008161
12.735999999999773,4876892.755990133
12.745999999999773,4876892.770990037
12.755999999999773,4876892.786010559
12.765999999999773,4876892.801223096
12.775999999999772,4876892.816313672
12.785999999999772,4876892.831395024
12.795999999999772,4876892.846151638
12.805999999999772,4876892.861026274
12.815999999999772,4876892.875789042
12.825999999999771,4876892.890777409
12.835999999999771,4876892.905802556
12.845999999999771,4876892.92074169
12.85599999999977,4876892.935574857
12.86599999999977,4876892.950396202
12.87599999999977,4876892.965225369
12.88599999999977,4876892.980158664
12.89599999999977,4876892.995033738
12.90599999999977,4876893.010078392
12.91599999999977,4876893.024867262
12.92599999999977,4876893.039666468
12.935999999999769,4876893.05437369
12.945999999999769,4876893.069287173
12.955999999999769,4876893.084118331
12.965999999999768,4876893.0991837
12.975999999999768,4876893.11422196
12.985999999999768,4876893.129121111
12.995999999999768,4876893.143816785
13.005999999999768,4876893.158596584
13.015999999999767,4876893.173431569
13.025999999999767,4876893.188265953
13.035999999999767,4876893.203176715
13.045999999999767,4876893.217955215
13.055999999999766,4876893.232708123
13.065999999999766,4876893.247491429
13.075999999999766,4876893.262330939
13.085999999999766,4876893.277324865
13.095999999999766,4876893.292205511
13.105999999999765,4876893.307337712
13.115999999999765,4876893.322622851
13.125999999999765,4876893.337670985
13.135999999999765,4876893.352425444
13.145999999999765,4876893.367270038
13.155999999999764,4876893.38210715
13.165999999999764,4876893.397067559
13.175999999999764,4876893.412196239
13.185999999999764,4876893.427031673
13.195999999999763,4876893.441977062
13.205999999999763,4876893.456751968
13.215999999999763,4876893.471855395
13.225999999999763,4876893.486898915
13.235999999999763,4876893.502239091
13.245999999999762,4876893.517235046
13.255999999999762,4876893.532049807
13.265999999999762,4876893.546987833
13.275999999999762,4876893.562131038
13.285999999999762,4876893.577212758
13.295999999999761,4876893.592242769
13.305999999999761,4876893.607439547
13.315999999999761,4876893.622639825
13.32599999999976,4876893.637436961
13.33599999999976,4876893.652349936
13.34599999999976,4876893.667225201
13.35599999999976,4876893.682197287
13.36599999999976,4876893.69711976
13.37599999999976,4876893.712199211
13.38599999999976,4876893.727234722
13.39599999999976,4876893.743227023
13.405999999999759,4876893.758969983
13.415999999999759,4876893.77443577
13.425999999999759,4876893.79034431
13.435999999999758,4876893.805854307
13.445999999999758,4876893.821404511
13.455999999999758,4876893.836667205
13.465999999999758,4876893.851628697
13.475999999999758,4876893.866468263
13.485999999999757,4876893.881539154
13.495999999999757,4876893.896472328
13.505999999999757,4876893.911623255
13.515999999999757,4876893.926648011
13.525999999999756,4876893.941450375
13.535999999999756,4876893.956579778
13.545999999999756,4876893.971514566
13.555999999999756,4876893.986694612
13.565999999999756,4876894.001787185
13.575999999999755,4876894.016765434
13.585999999999755,4876894.031717835
13.595999999999755,4876894.046444869
13.605999999999755,4876894.061460108
13.615999999999755,4876894.076395716
13.625999999999754,4876894.091379051
13.635999999999754,4876894.106531705
13.645999999999754,4876894.121895374
13.655999999999754,4876894.137076593
13.665999999999753,4876894.15194015
13.675999999999753,4876894.166988476
13.685999999999753,4876894.18394654
13.695999999999753,4876894.199327827
13.705999999999753,4876894.214608763
13.715999999999752,4876894.229564652
13.725999999999752,4876894.244530926
13.735999999999752,4876894.259376796
13.745999999999752,4876894.274249304
13.755999999999752,4876894.28934125
13.765999999999751,4876894.304565809
13.775999999999751,4876894.319879431
13.785999999999751,4876894.334896723
13.79599999999975,4876894.349858522
13.80599999999975,4876894.364887273
13.81599999999975,4876894.380097062
13.82599999999975,4876894.395437857
13.83599999999975,4876894.410672721
13.84599999999975,4876894.425858596
13.85599999999975,4876894.441078149
13.86599999999975,4876894.456302701
13.875999999999749,4876894.471715399
13.885999999999749,4876894.48740245
13.895999999999749,4876894.503700007
13.905999999999748,4876894.519889026
13.915999999999748,4876894.535911404
13.925999999999748,4876894.552417977
13.935999999999748,4876894.56927846
13.945999999999747,4876894.586755573
13.955999999999747,4876894.610351791
13.965999999999747,4876894.629415589
13.975999999999747,4876894.646886397
13.985999999999747,4876894.663588923
13.995999999999746,4876894.680516452
14.005999999999746,4876894.698440298
14.015999999999746,4876894.719012864
14.025999999999746,4876894.736791136
14.035999999999746,4876894.75427816
14.045999999999745,4876894.77221672
14.055999999999745,4876894.790337504
14.065999999999745,4876894.808809675
14.075999999999745,4876894.826614529
14.085999999999745,4876894.844478094
14.095999999999744,4876894.861877846
14.105999999999744,4876894.879358238
14.115999999999744,4876894.896957951
14.125999999999744,4876894.914188173
14.135999999999743,4876894.931203664
14.145999999999743,4876894.948231243
14.155999999999743,4876894.965136885
14.165999999999743,4876894.981917166
14.175999999999743,4876894.998764758
14.185999999999742,4876895.015914477
14.195999999999742,4876895.032656376
14.205999999999742,4876895.049382671
14.215999999999742,4876895.066052683
14.225999999999742,4876895.082773292
14.235999999999741,4876895.099553624
14.245999999999741,4876895.116609227
14.25599999999974,4876895.133596119
14.26599999999974,4876895.150254928
14.27599999999974,4876895.167039622
14.28599999999974,4876895.183983805
14.29599999999974,4876895.201093604
14.30599999999974,4876895.218018432
14.31599999999974,4876895.234944476
14.32599999999974,4876895.251686634
14.33599999999974,4876895.268473965
14.345999999999739,4876895.285439664
14.355999999999739,4876895.302816367
14.365999999999739,4876895.31975495
14.375999999999738,4876895.336628919
14.385999999999738,4876895.35343868
14.395999999999738,4876895.37044839
14.405999999999738,4876895.387562953
14.415999999999737,4876895.404843231
14.425999999999737,4876895.422089493
14.435999999999737,4876895.438933561
14.445999999999737,4876895.455701159
14.455999999999737,4876895.472641503
14.465999999999736,4876895.489727819
14.475999999999736,4876895.507353217
14.485999999999736,4876895.524593725
14.495999999999736,4876895.542392846
14.505999999999736,4876895.559591029
14.515999999999735,4876895.576648426
14.525999999999735,4876895.59365407
14.535999999999735,4876895.610929918
14.545999999999735,4876895.627902144
14.555999999999734,4876895.644794961
14.565999999999734,4876895.661860507
14.575999999999734,4876895.678873075
14.585999999999734,4876895.695927365
14.595999999999734,4876895.713258896
14.605999999999733,4876895.730242964
14.615999999999733,4876895.747121464
14.625999999999733,4876895.764366244
14.635999999999733,4876895.781524912
14.645999999999733,4876895.798626892
14.655999999999732,4876895.815890189
14.665999999999732,4876895.832981962
14.675999999999732,4876895.849824076
14.685999999999732,4876895.866839317
14.695999999999732,4876895.884007775
14.705999999999731,4876895.901010504
14.715999999999731,4876895.9182846
14.72599999999973,4876895.935354155
14.73599999999973,4876895.952178515
14.74599999999973,4876895.969049553
14.75599999999973,4876895.986136729
14.76599999999973,4876896.003440901
14.77599999999973,4876896.020595359
14.78599999999973,4876896.037500897
14.79599999999973,4876896.054287396
14.80599999999973,4876896.071376798
14.815999999999729,4876896.088467216
14.825999999999729,4876896.10564953
14.835999999999729,4876896.122749117
14.845999999999728,4876896.139806174
14.855999999999728,4876896.156598093
14.865999999999728,4876896.173666352
14.875999999999728,4876896.19071216
14.885999999999727,4876896.207981122
14.895999999999727,4876896.225232448
14.905999999999727,4876896.242369095
14.915999999999727,4876896.259172296
14.925999999999727,4876896.276368971
14.935999999999726,4876896.293297152
14.945999999999726,4876896.310593169
14.955999999999726,4876896.327675797
14.965999999999726,4876896.344822098
14.975999999999726,4876896.361852198
14.985999999999725,4876896.378932784
14.995999999999725,4876896.396072021
15.005999999999725,4876896.413404006
15.015999999999725,4876896.430484064
15.025999999999724,4876896.447582493
15.035999999999724,4876896.464305378
15.045999999999724,4876896.481734252
15.055999999999724,4876896.499308252
15.065999999999724,4876896.51670958
15.075999999999723,4876896.533674709
15.085999999999723,4876896.550499963
15.095999999999723,4876896.567720168
15.105999999999723,4876896.584789342
15.115999999999723,4876896.601766807
15.125999999999722,4876896.619066788
15.135999999999722,4876896.636127405
15.145999999999722,4876896.653072518
15.155999999999722,4876896.670027124
15.165999999999721,4876896.68732594
15.175999999999721,4876896.704467139
15.185999999999721,4876896.721564393
15.19599999999972,4876896.738409942
15.20599999999972,4876896.755452509
15.21599999999972,4876896.77251766
15.22599999999972,4876896.789726001
15.23599999999972,4876896.807109079
15.24599999999972,4876896.824516024
15.25599999999972,4876896.841651467
15.26599999999972,4876896.858536966
15.27599999999972,4876896.875600773
15.285999999999719,4876896.892625626
15.295999999999719,4876896.909824107
15.305999999999718,4876896.926831562
15.315999999999718,4876896.943801163
15.325999999999718,4876896.960709685
15.335999999999718,4876896.977726212
15.345999999999718,4876896.994803779
15.355999999999717,4876897.012230729
15.365999999999717,4876897.029085662
15.375999999999717,4876897.046026293
15.385999999999717,4876897.062999566
15.395999999999717,4876897.080077543
15.405999999999716,4876897.097157329
15.415999999999716,4876897.114411197
15.425999999999716,4876897.131530838
15.435999999999716,4876897.148474772
15.445999999999716,4876897.165480849
15.455999999999715,4876897.182565823
15.465999999999715,4876897.199692407
15.475999999999715,4876897.216956223
15.485999999999715,4876897.233989596
15.495999999999714,4876897.251272225
15.505999999999714,4876897.268720055
15.515999999999714,4876897.286244345
15.525999999999714,4876897.303570106
15.535999999999714,4876897.321417005
15.545999999999713,4876897.338381171
15.555999999999713,4876897.355528743
15.565999999999713,4876897.372447761
15.575999999999713,4876897.389539199
15.585999999999713,4876897.40694323
15.595999999999712,4876897.424175423
15.605999999999712,4876897.442324268
15.615999999999712,4876897.45942673
15.625999999999712,4876897.476818425
15.635999999999711,4876897.494333594
15.645999999999711,4876897.512032741
15.655999999999711,4876897.529415343
15.66599999999971,4876897.546841371
15.67599999999971,4876897.564574402
15.68599999999971,4876897.582444727
15.69599999999971,4876897.600373848
15.70599999999971,4876897.618241467
15.71599999999971,4876897.637226563
15.72599999999971,4876897.657526966
15.73599999999971,4876897.677370786
15.74599999999971,4876897.697609659
15.755999999999709,4876897.717709062
15.765999999999709,4876897.738599203
15.775999999999708,4876897.758778338
15.785999999999708,4876897.777077666
15.795999999999708,4876897.793664009
15.805999999999708,4876897.810383164
15.815999999999708,4876897.826859572
15.825999999999707,4876897.842934456
15.835999999999707,4876897.859097107
15.845999999999707,4876897.874907171
15.855999999999707,4876897.891066329
15.865999999999707,4876897.907256244
15.875999999999706,4876897.923349119
15.885999999999706,4876897.939056645
15.895999999999706,4876897.954716329
15.905999999999706,4876897.970412446
15.915999999999705,4876897.986076068
15.925999999999705,4876898.001588276
15.935999999999705,4876898.017426753
15.945999999999705,4876898.0327413
15.955999999999705,4876898.048417993
15.965999999999704,4876898.066351782
15.975999999999704,4876898.086246572
15.985999999999704,4876898.103995076
15.995999999999704,4876898.123455382
16.005999999999705,4876898.142608503
16.015999999999707,4876898.161850746
16.02599999999971,4876898.180887925
16.03599999999971,4876898.200162344
16.04599999999971,4876898.218678307
16.055999999999713,4876898.236556007
16.065999999999715,4876898.254292304
16.075999999999716,4876898.272080419
16.085999999999718,4876898.290091032
16.09599999999972,4876898.308313813
16.10599999999972,4876898.32640972
16.115999999999723,4876898.344432166
16.125999999999724,4876898.362341242
16.135999999999726,4876898.380403501
16.145999999999727,4876898.398438822
16.15599999999973,4876898.416699191
16.16599999999973,4876898.434661099
16.175999999999732,4876898.452585091
16.185999999999733,4876898.47061682
16.195999999999735,4876898.488791879
16.205999999999737,4876898.507165591
16.215999999999738,4876898.525272281
16.22599999999974,4876898.543270512
16.23599999999974,4876898.56117075
16.245999999999743,4876898.579295667
16.255999999999744,4876898.597317979
16.265999999999746,4876898.615856679
16.275999999999748,4876898.633883571
16.28599999999975,4876898.655307753
16.29599999999975,4876898.67334534
16.305999999999752,4876898.69162095
16.315999999999754,4876898.709663161
16.325999999999755,4876898.727693701
16.335999999999757,4876898.745601526
16.34599999999976,4876898.764104625
16.35599999999976,4876898.782452164
16.36599999999976,4876898.80059257
16.375999999999763,4876898.818982852
16.385999999999765,4876898.837138891
16.395999999999766,4876898.855063397
16.405999999999768,4876898.873186246
16.41599999999977,4876898.891489063
16.42599999999977,4876898.909831411
16.435999999999773,4876898.928201281
16.445999999999774,4876898.946291988
16.455999999999776,4876898.964238717
16.465999999999777,4876898.982342027
16.47599999999978,4876899.000524702
16.48599999999978,4876899.01902267
16.495999999999782,4876899.037150559
16.505999999999784,4876899.055316929
16.515999999999785,4876899.073097913
16.525999999999787,4876899.091226867
16.535999999999788,4876899.109480396
16.54599999999979,4876899.12785663
16.55599999999979,4876899.145852154
16.565999999999793,4876899.163592542
16.575999999999794,4876899.181596857
16.585999999999796,4876899.19970574
16.595999999999798,4876899.217885688
16.6059999999998,4876899.235904575
16.6159999999998,4876899.253900843
16.625999999999802,4876899.271976962
16.635999999999804,4876899.290196625
16.645999999999805,4876899.308604751
16.655999999999807,4876899.32672536
16.66599999999981,4876899.34481886
16.67599999999981,4876899.362706753
16.68599999999981,4876899.381051454
16.695999999999813,4876899.399178261
16.705999999999815,4876899.417506982
16.715999999999816,4876899.435838341
16.725999999999818,4876899.455115586
16.73599999999982,4876899.474559373
16.74599999999982,4876899.49353955
16.755999999999823,4876899.511834495
16.765999999999824,4876899.530137676
16.775999999999826,4876899.54816811
16.785999999999827,4876899.565490351
16.79599999999983,4876899.582662622
16.80599999999983,4876899.599902015
16.815999999999832,4876899.617304337
16.825999999999834,4876899.634325891
16.835999999999835,4876899.651200246
16.845999999999837,4876899.668158312
16.855999999999838,4876899.68518203
16.86599999999984,4876899.702385572
16.87599999999984,4876899.719617691
16.885999999999843,4876899.736581164
16.895999999999844,4876899.75353699
16.905999999999846,4876899.770635457
16.915999999999848,4876899.787789065
16.92599999999985,4876899.805069044
16.93599999999985,4876899.822388855
16.945999999999852,4876899.839793164
16.955999999999854,4876899.85684229
16.965999999999855,4876899.874179415
16.975999999999857,4876899.891672962
16.98599999999986,4876899.909045
16.99599999999986,4876899.92646193
17.00599999999986,4876899.943608254
17.015999999999863,4876899.960723706
17.025999999999865,4876899.977996589
17.035999999999866,4876899.99542235
17.045999999999868,4876900.012876612
17.05599999999987,4876900.03029637
17.06599999999987,4876900.047855934
17.075999999999873,4876900.064912246
17.085999999999874,4876900.082271585
17.095999999999876,4876900.099712562
17.105999999999877,4876900.118008688
17.11599999999988,4876900.136195806
17.12599999999988,4876900.154239576
17.135999999999882,4876900.172290147
17.145999999999884,4876900.190338409
17.155999999999885,4876900.208413791
17.165999999999887,4876900.226893818
17.17599999999989,4876900.245288425
17.18599999999989,4876900.263750612
17.19599999999989,4876900.282265318
17.205999999999893,4876900.300968964
17.215999999999894,4876900.319887413
17.225999999999896,4876900.338770275
17.235999999999898,4876900.357798037
17.2459999999999,4876900.376580142
17.2559999999999,4876900.395707453
17.265999999999902,4876900.414698647
17.275999999999904,4876900.43335919
17.285999999999905,4876900.451851455
17.295999999999907,4876900.470859853
17.30599999999991,4876900.490023561
17.31599999999991,4876900.509405511
17.32599999999991,4876900.528571019
17.335999999999913,4876900.548181987
17.345999999999915,4876900.567930743
17.355999999999916,4876900.587919102
17.365999999999918,4876900.607902297
17.37599999999992,4876900.628192015
17.38599999999992,4876900.649026771
17.395999999999923,4876900.670061918
17.405999999999924,4876900.690955292
17.415999999999926,4876900.711193394
17.425999999999927,4876900.731779174
17.43599999999993,4876900.752088621
17.44599999999993,4876900.77216376
17.455999999999932,4876900.792465164
17.465999999999934,4876900.812771459
17.475999999999935,4876900.833182093
17.485999999999937,4876900.853401709
17.49599999999994,4876900.873392167
17.50599999999994,4876900.894023116
17.51599999999994,4876900.914355283
17.525999999999943,4876900.934364706
17.535999999999945,4876900.954399896
17.545999999999946,4876900.974808649
17.555999999999948,4876900.995343786
17.56599999999995,4876901.01576433
17.57599999999995,4876901.036051313
17.585999999999952,4876901.056160055
17.595999999999954,4876901.076180039
17.605999999999955,4876901.096601766
17.615999999999957,4876901.11689983
17.62599999999996,4876901.137252762
17.63599999999996,4876901.157657708
17.64599999999996,4876901.177611929
17.655999999999963,4876901.198070669
17.665999999999965,4876901.218324659
17.675999999999966,4876901.23794366
17.685999999999968,4876901.257779364
17.69599999999997,4876901.277770102
17.70599999999997,4876901.297963751
17.715999999999973,4876901.3179141
17.725999999999974,4876901.337952568
17.735999999999976,4876901.358091312
17.745999999999977,4876901.378475901
17.75599999999998,4876901.399262343
17.76599999999998,4876901.420371139
17.775999999999982,4876901.44067039
17.785999999999984,4876901.461073092
17.795999999999985,4876901.480609129
17.805999999999987,4876901.500083783
17.81599999999999,4876901.519647043
17.82599999999999,4876901.538819434
17.83599999999999,4876901.558068169
17.845999999999993,4876901.577754735
17.855999999999995,4876901.597716269
17.865999999999996,4876901.617351976
17.875999999999998,4876901.636416035
17.886,4876901.656222255
17.896,4876901.675852821
17.906000000000002,4876901.696389195
17.916000000000004,4876901.717281687
17.926000000000005,4876901.739594654
17.936000000000007,4876901.760673021
17.94600000000001,4876901.781691751
17.95600000000001,4876901.802045569
17.96600000000001,4876901.822109658
17.976000000000013,4876901.841666359
17.986000000000015,4876901.860924786
17.996000000000016,4876901.880174426
18.006000000000018,4876901.899432868
18.01600000000002,4876901.919130559
18.02600000000002,4876901.938827206
18.036000000000023,4876901.95860302
18.046000000000024,4876901.978435081
18.056000000000026,4876901.9988044
18.066000000000027,4876902.019425043
18.07600000000003,4876902.040815316
18.08600000000003,4876902.060709959
18.096000000000032,4876902.080498397
18.106000000000034,4876902.100393564
18.116000000000035,4876902.120562751
18.126000000000037,4876902.139570907
18.13600000000004,4876902.158537781
18.14600000000004,4876902.178328506
18.15600000000004,4876902.198457791
18.166000000000043,4876902.218604464
18.176000000000045,4876902.239608023
18.186000000000046,4876902.26126047
18.196000000000048,4876902.282606902
18.20600000000005,4876902.304018825
18.21600000000005,4876902.325348558
18.226000000000052,4876902.346920478
18.236000000000054,4876902.368016085
18.246000000000056,4876902.388459745
18.256000000000057,4876902.409030168
18.26600000000006,4876902.429251896
18.27600000000006,4876902.449651242
18.28600000000006,4876902.470044177
18.296000000000063,4876902.490485038
18.306000000000065,4876902.510881828
18.316000000000066,4876902.531198985
18.326000000000068,4876902.551446863
18.33600000000007,4876902.571697339
18.34600000000007,4876902.592366644
18.356000000000073,4876902.612977123
18.366000000000074,4876902.633691284
18.376000000000076,4876902.654053403
18.386000000000077,4876902.674761902
18.39600000000008,4876902.695917201
18.40600000000008,4876902.717374327
18.416000000000082,4876902.738345356
18.426000000000084,4876902.759261711
18.436000000000085,4876902.780385215
18.446000000000087,4876902.802059184
18.45600000000009,4876902.823626545
18.46600000000009,4876902.844538079
18.47600000000009,4876902.865517557
18.486000000000093,4876902.886099859
18.496000000000095,4876902.906557332
18.506000000000096,4876902.927123372
18.516000000000098,4876902.947526661
18.5260000000001,4876902.967375285
18.5360000000001,4876902.987124016
18.546000000000102,4876903.006728286
18.556000000000104,4876903.026381382
18.566000000000106,4876903.045830408
18.576000000000107,4876903.065243734
18.58600000000011,4876903.084612608
18.59600000000011,4876903.104339358
18.606000000000112,4876903.124201861
18.616000000000113,4876903.14382083
18.626000000000115,4876903.16310606
18.636000000000116,4876903.18248523
18.646000000000118,4876903.202327193
18.65600000000012,4876903.221918079
18.66600000000012,4876903.241311384
18.676000000000123,4876903.260731849
18.686000000000124,4876903.280144733
18.696000000000126,4876903.299826896
18.706000000000127,4876903.319799395
18.71600000000013,4876903.339509883
18.72600000000013,4876903.359356185
18.736000000000132,4876903.378919054
18.746000000000134,4876903.398837612
18.756000000000135,4876903.418795799
18.766000000000137,4876903.43862394
18.77600000000014,4876903.458350172
18.78600000000014,4876903.477908805
18.79600000000014,4876903.497839781
18.806000000000143,4876903.517327408
18.816000000000145,4876903.536500814
18.826000000000146,4876903.556009508
18.836000000000148,4876903.57531636
18.84600000000015,4876903.594656825
18.85600000000015,4876903.614336076
18.866000000000152,4876903.633725656
18.876000000000154,4876903.652948731
18.886000000000156,4876903.672621647
18.896000000000157,4876903.692595567
18.90600000000016,4876903.712501857
18.91600000000016,4876903.732518172
18.926000000000162,4876903.752255451
18.936000000000163,4876903.772559914
18.946000000000165,4876903.792666877
18.956000000000166,4876903.812549637
18.966000000000168,4876903.832507524
18.97600000000017,4876903.852248246
18.98600000000017,4876903.872108881
18.996000000000173,4876903.892071314
19.006000000000174,4876903.911945404
19.016000000000176,4876903.931903001
19.026000000000177,4876903.951640585
19.03600000000018,4876903.971436593
19.04600000000018,4876903.991241684
19.056000000000182,4876904.011443461
19.066000000000184,4876904.031674742
19.076000000000185,4876904.051647188
19.086000000000187,4876904.071692654
19.09600000000019,4876904.091550594
19.10600000000019,4876904.111708696
19.11600000000019,4876904.132075819
19.126000000000193,4876904.152242835
19.136000000000195,4876904.17192013
19.146000000000196,4876904.191881353
19.156000000000198,4876904.211305772
19.1660000000002,4876904.23069121
19.1760000000002,4876904.24970714
19.186000000000202,4876904.268718057
19.196000000000204,4876904.287937343
19.206000000000206,4876904.307331839
19.216000000000207,4876904.3267815
19.22600000000021,4876904.346106085
19.23600000000021,4876904.365446399
19.246000000000212,4876904.384644747
19.256000000000213,4876904.40417834
19.266000000000215,4876904.423712002
19.276000000000217,4876904.443124162
19.286000000000218,4876904.462727046
19.29600000000022,4876904.481792368
19.30600000000022,4876904.500946697
19.316000000000223,4876904.520471566
19.326000000000224,4876904.539641835
19.336000000000226,4876904.558718325
19.346000000000227,4876904.577841165
19.35600000000023,4876904.597075913
19.36600000000023,4876904.616384933
19.376000000000232,4876904.635797556
19.386000000000234,4876904.654846601
19.396000000000235,4876904.673988203
19.406000000000237,4876904.693471337
19.41600000000024,4876904.712693778
19.42600000000024,4876904.732232188
19.43600000000024,4876904.751387678
19.446000000000243,4876904.770918572
19.456000000000245,4876904.789848857
19.466000000000246,4876904.808965639
19.476000000000248,4876904.827886276
19.48600000000025,4876904.846103103
19.49600000000025,4876904.864475746
19.506000000000252,4876904.88282789
19.516000000000254,4876904.901532199
19.526000000000256,4876904.92026606
19.536000000000257,4876904.938949524
19.54600000000026,4876904.957176017
19.55600000000026,4876904.975287302
19.566000000000262,4876904.993604209
19.576000000000263,4876905.011777817
19.586000000000265,4876905.029956986
19.596000000000267,4876905.048371086
19.606000000000268,4876905.06674392
19.61600000000027,4876905.084749606
19.62600000000027,4876905.103149109
19.636000000000273,4876905.121567968
19.646000000000274,4876905.139804408
19.656000000000276,4876905.157954909
19.666000000000277,4876905.176106626
19.67600000000028,4876905.194233443
19.68600000000028,4876905.212412259
19.696000000000282,4876905.230545191
19.706000000000284,4876905.248457771
19.716000000000285,4876905.266372493
19.726000000000287,4876905.283840913
19.73600000000029,4876905.301406688
19.74600000000029,4876905.318899467
19.75600000000029,4876905.335821091
19.766000000000293,4876905.35316478
19.776000000000295,4876905.370316361
19.786000000000296,4876905.387616274
19.796000000000298,4876905.405009836
19.8060000000003,4876905.422434912
19.8160000000003,4876905.439545425
19.826000000000302,4876905.456645873
19.836000000000304,4876905.473938275
19.846000000000306,4876905.491569787
19.856000000000307,4876905.509289029
19.86600000000031,4876905.527199965
19.87600000000031,4876905.545130761
19.886000000000312,4876905.563244176
19.896000000000313,4876905.580991008
19.906000000000315,4876905.598782175
19.916000000000317,4876905.616907092
19.926000000000318,4876905.635050915
19.93600000000032,4876905.652939392
19.94600000000032,4876905.670685272
19.956000000000323,4876905.688658572
19.966000000000324,4876905.706804938
19.976000000000326,4876905.725091694
19.986000000000328,4876905.7429751
19.99600000000033,4876905.761072766
20.00600000000033,4876905.779500373
20.016000000000332,4876905.797846713
20.026000000000334,4876905.816502468
20.036000000000335,4876905.835097178
20.046000000000337,4876905.853573452
20.05600000000034,4876905.872020877
20.06600000000034,4876905.890507576
20.07600000000034,4876905.908981283
20.086000000000343,4876905.927583831
20.096000000000345,4876905.946125851
20.106000000000346,4876905.96507027
20.116000000000348,4876905.984062106
20.12600000000035,4876906.003129957
20.13600000000035,4876906.022329166
20.146000000000353,4876906.041150525
20.156000000000354,4876906.059962209
20.166000000000356,4876906.078806836
20.176000000000357,4876906.097315999
20.18600000000036,4876906.115887356
20.19600000000036,4876906.134517488
20.206000000000362,4876906.152982589
20.216000000000363,4876906.171588332
20.226000000000365,4876906.190240661
20.236000000000367,4876906.208644448
20.246000000000368,4876906.227284028
20.25600000000037,4876906.24550187
20.26600000000037,4876906.264016676
20.276000000000373,4876906.282365118
20.286000000000374,4876906.30083466
20.296000000000376,4876906.319622252
20.306000000000378,4876906.338132768
20.31600000000038,4876906.356711166
20.32600000000038,4876906.375073462
20.336000000000382,4876906.393597424
20.346000000000384,4876906.412281829
20.356000000000385,4876906.430949434
20.366000000000387,4876906.449158622
20.37600000000039,4876906.467591951
20.38600000000039,4876906.48595909
20.39600000000039,4876906.504610924
20.406000000000393,4876906.5230905
20.416000000000395,4876906.541350537
20.426000000000396,4876906.55964616
20.436000000000398,4876906.577925796
20.4460000000004,4876906.596202901
20.4560000000004,4876906.614669941
20.466000000000403,4876906.633191295
20.476000000000404,4876906.651287752
20.486000000000406,4876906.669615282
20.496000000000407,4876906.687872626
20.50600000000041,4876906.706278661
20.51600000000041,4876906.724774387
20.526000000000412,4876906.743012547
20.536000000000413,4876906.761354308
20.546000000000415,4876906.779803812
20.556000000000417,4876906.79838238
20.566000000000418,4876906.817162813
20.57600000000042,4876906.835736761
20.58600000000042,4876906.85404196
20.596000000000423,4876906.872342002
20.606000000000424,4876906.890799019
20.616000000000426,4876906.909965573
20.626000000000428,4876906.929301021
20.63600000000043,4876906.948573811
20.64600000000043,4876906.967840038
20.656000000000432,4876906.986932986
20.666000000000434,4876907.005617194
20.676000000000435,4876907.02424067
20.686000000000437,4876907.04318374
20.69600000000044,4876907.062055902
20.70600000000044,4876907.080929239
20.71600000000044,4876907.099440481
20.726000000000443,4876907.118786189
20.736000000000445,4876907.138079228
20.746000000000446,4876907.157209049
20.756000000000448,4876907.175773516
20.76600000000045,4876907.194940086
20.77600000000045,4876907.214113174
20.786000000000453,4876907.23279083
20.796000000000454,4876907.251078774
20.806000000000456,4876907.269479298
20.816000000000457,4876907.287751419
20.82600000000046,4876907.306391678
20.83600000000046,4876907.325150491
20.846000000000462,4876907.343950461
20.856000000000464,4876907.362708571
20.866000000000465,4876907.381101085
20.876000000000467,4876907.399839115
20.886000000000468,4876907.418465707
20.89600000000047,4876907.437226746
20.90600000000047,4876907.455252396
20.916000000000473,4876907.473457681
20.926000000000474,4876907.49165897
20.936000000000476,4876907.510094863
20.946000000000478,4876907.528703507
20.95600000000048,4876907.547135013
20.96600000000048,4876907.565407212
20.976000000000482,4876907.583553657
20.986000000000484,4876907.60170075
20.996000000000485,4876907.620035107
21.006000000000487,4876907.638283755
21.01600000000049,4876907.656272755
21.02600000000049,4876907.673915696
21.03600000000049,4876907.691820971
21.046000000000493,4876907.709847153
21.056000000000495,4876907.72787392
21.066000000000496,4876907.745389167
21.076000000000498,4876907.763254582
21.0860000000005,4876907.781174911
21.0960000000005,4876907.799185839
21.106000000000503,4876907.817199292
21.116000000000504,4876907.835318449
21.126000000000506,4876907.853113564
21.136000000000507,4876907.871039213
21.14600000000051,4876907.888842119
21.15600000000051,4876907.90673635
21.166000000000512,4876907.924113928
21.176000000000514,4876907.941327048
21.186000000000515,4876907.958796624
21.196000000000517,4876907.97592905
21.206000000000518,4876907.993158641
21.21600000000052,4876908.010442431
21.22600000000052,4876908.027775779
21.236000000000523,4876908.044925797
21.246000000000524,4876908.06202353
21.256000000000526,4876908.079118902
21.266000000000528,4876908.096151607
21.27600000000053,4876908.113318512
21.28600000000053,4876908.130632578
21.296000000000532,4876908.147617909
21.306000000000534,4876908.164604935
21.316000000000535,4876908.181338287
21.326000000000537,4876908.198285131
21.33600000000054,4876908.215129658
21.34600000000054,4876908.232323007
21.35600000000054,4876908.249196333
21.366000000000543,4876908.266030941
21.376000000000545,4876908.282796767
21.386000000000546,4876908.299890879
21.396000000000548,4876908.316789144
21.40600000000055,4876908.333839853
21.41600000000055,4876908.35059834
21.426000000000553,4876908.367567609
21.436000000000554,4876908.384452166
21.446000000000556,4876908.401421303
21.456000000000557,4876908.418353652
21.46600000000056,4876908.435428601
21.47600000000056,4876908.452208125
21.486000000000562,4876908.469191467
21.496000000000564,4876908.485924378
21.506000000000565,4876908.502840889
21.516000000000567,4876908.519755545
21.52600000000057,4876908.536972588
21.53600000000057,4876908.553917127
21.54600000000057,4876908.570681443
21.556000000000573,4876908.587304366
21.566000000000574,4876908.604327268
21.576000000000576,4876908.621350158
21.586000000000578,4876908.638344064
21.59600000000058,4876908.655103394
21.60600000000058,4876908.671798695
21.616000000000582,4876908.689120705
21.626000000000584,4876908.706728953
21.636000000000585,4876908.724440555
21.646000000000587,4876908.741868832
21.65600000000059,4876908.759218156
21.66600000000059,4876908.777471405
21.67600000000059,4876908.795151746
21.686000000000593,4876908.812428511
21.696000000000595,4876908.829870325
21.706000000000596,4876908.846718349
21.716000000000598,4876908.863993006
21.7260000000006,4876908.880955049
21.7360000000006,4876908.898010429
21.746000000000603,4876908.915044411
21.756000000000604,4876908.932281593
21.766000000000606,4876908.949241174
21.776000000000607,4876908.966123583
21.78600000000061,4876908.983114007
21.79600000000061,4876909.000219026
21.806000000000612,4876909.017536105
21.816000000000614,4876909.034788818
21.826000000000615,4876909.051837184
21.836000000000617,4876909.06894122
21.84600000000062,4876909.085826044
21.85600000000062,4876909.102978005
21.86600000000062,4876909.120211115
21.876000000000623,4876909.137516128
21.886000000000625,4876909.155386661
21.896000000000626,4876909.172616777
21.906000000000628,4876909.189877556
21.91600000000063,4876909.207225483
21.92600000000063,4876909.224518569
21.936000000000632,4876909.241763749
21.946000000000634,4876909.258920904
21.956000000000635,4876909.275927724
21.966000000000637,4876909.293100774
21.97600000000064,4876909.310344864
21.98600000000064,4876909.327781489
21.99600000000064,4876909.344970099
22.006000000000643,4876909.362529395
22.016000000000645,4876909.37976272
22.026000000000646,4876909.396992108
22.036000000000648,4876909.414364496
22.04600000000065,4876909.431871487
22.05600000000065,4876909.449306741
22.066000000000653,4876909.466899302
22.076000000000654,4876909.484330284
22.086000000000656,4876909.501913826
22.096000000000657,4876909.519506279
22.10600000000066,4876909.537333838
22.11600000000066,4876909.555227429
22.126000000000662,4876909.5730474
22.136000000000664,4876909.590851638
22.146000000000665,4876909.608576781
22.156000000000667,4876909.626408114
22.16600000000067,4876909.644114889
22.17600000000067,4876909.661569348
22.18600000000067,4876909.679065393
22.196000000000673,4876909.696760436
22.206000000000675,4876909.714146323
22.216000000000676,4876909.731887261
22.226000000000678,4876909.749347853
22.23600000000068,4876909.766730694
22.24600000000068,4876909.784369403
22.256000000000682,4876909.801664271
22.266000000000684,4876909.818956515
22.276000000000685,4876909.836075105
22.286000000000687,4876909.852989381
22.29600000000069,4876909.870060825
22.30600000000069,4876909.886916585
22.31600000000069,4876909.904168773
22.326000000000693,4876909.921383239
22.336000000000695,4876909.938666477
22.346000000000696,4876909.955793133
22.356000000000698,4876909.972935009
22.3660000000007,4876909.989996398
22.3760000000007,4876910.007187026
22.386000000000703,4876910.024485168
22.396000000000704,4876910.041756671
22.406000000000706,4876910.059072115
22.416000000000707,4876910.076512552
22.42600000000071,4876910.093750847
22.43600000000071,4876910.111174608
22.446000000000712,4876910.128671952
22.456000000000714,4876910.14579106
22.466000000000715,4876910.162862774
22.476000000000717,4876910.180112713
22.48600000000072,4876910.197203778
22.49600000000072,4876910.214305568
22.50600000000072,4876910.231745839
22.516000000000723,4876910.248567177
22.526000000000725,4876910.265638937
22.536000000000726,4876910.282598741
22.546000000000728,4876910.299584379
22.55600000000073,4876910.316890946
22.56600000000073,4876910.33436839
22.576000000000732,4876910.351518407
22.586000000000734,4876910.368560202
22.596000000000735,4876910.385531497
22.606000000000737,4876910.402742022
22.61600000000074,4876910.419882122
22.62600000000074,4876910.437066516
22.63600000000074,4876910.454523807
22.646000000000743,4876910.471999083
22.656000000000745,4876910.48950373
22.666000000000746,4876910.506965996
22.676000000000748,4876910.524863614
22.68600000000075,4876910.542628094
22.69600000000075,4876910.560318747
22.706000000000753,4876910.57780989
22.716000000000754,4876910.59508516
22.726000000000756,4876910.612410067
22.736000000000757,4876910.629926739
22.74600000000076,4876910.647209983
22.75600000000076,4876910.664990054
22.766000000000762,4876910.68290414
22.776000000000764,4876910.700571008
22.786000000000765,4876910.71852311
22.796000000000767,4876910.736573013
22.80600000000077,4876910.75528127
22.81600000000077,4876910.774145139
22.82600000000077,4876910.79286321
22.836000000000773,4876910.811900021
22.846000000000775,4876910.830662271
22.856000000000776,4876910.850126594
22.866000000000778,4876910.869330504
22.87600000000078,4876910.888343639
22.88600000000078,4876910.907995241
22.896000000000782,4876910.927597793
22.906000000000784,4876910.947023047
22.916000000000786,4876910.966349142
22.926000000000787,4876910.985570977
22.93600000000079,4876911.004508304
22.94600000000079,4876911.02329728
22.95600000000079,4876911.042326577
22.966000000000793,4876911.061609205
22.976000000000795,4876911.081324178
22.986000000000796,4876911.101252004
22.996000000000798,4876911.121578821
23.0060000000008,4876911.141333215
23.0160000000008,4876911.160785409
23.026000000000803,4876911.18033597
23.036000000000804,4876911.200146179
23.046000000000806,4876911.219888638
23.056000000000807,4876911.239618078
23.06600000000081,4876911.259206371
23.07600000000081,4876911.278704649
23.086000000000812,4876911.298330636
23.096000000000814,4876911.318083793
23.106000000000815,4876911.337989228
23.116000000000817,4876911.357458468
23.12600000000082,4876911.376571366
23.13600000000082,4876911.395929345
23.14600000000082,4876911.415443351
23.156000000000823,4876911.435188181
23.166000000000825,4876911.454565658
23.176000000000826,4876911.473597483
23.186000000000828,4876911.492604468
23.19600000000083,4876911.511661175
23.20600000000083,4876911.530789591
23.216000000000832,4876911.549490715
23.226000000000834,4876911.568462219
23.236000000000836,4876911.587350621
23.246000000000837,4876911.606039005
23.25600000000084,4876911.624694335
23.26600000000084,4876911.643181944
23.276000000000842,4876911.661454905
23.286000000000843,4876911.679743991
23.296000000000845,4876911.69806317
23.306000000000846,4876911.716331654
23.316000000000848,4876911.734647765
23.32600000000085,4876911.752588124
23.33600000000085,4876911.770490397
23.346000000000853,4876911.788343942
23.356000000000854,4876911.806321952
23.366000000000856,4876911.824267543
23.376000000000857,4876911.842283848
23.38600000000086,4876911.860039753
23.39600000000086,4876911.878217913
23.406000000000862,4876911.896072961
23.416000000000864,4876911.914217728
23.426000000000865,4876911.932446491
23.436000000000867,4876911.950179785
23.44600000000087,4876911.968065304
23.45600000000087,4876911.986184152
23.46600000000087,4876912.00416658
23.476000000000873,4876912.022763267
23.486000000000875,4876912.040600995
23.496000000000876,4876912.058199527
23.506000000000878,4876912.075652637
23.51600000000088,4876912.093206145
23.52600000000088,4876912.11060964
23.536000000000882,4876912.128352028
23.546000000000884,4876912.145709889
23.556000000000886,4876912.162809591
23.566000000000887,4876912.179988326
23.57600000000089,4876912.197214083
23.58600000000089,4876912.214644552
23.596000000000892,4876912.232162532
23.606000000000893,4876912.249574926
23.616000000000895,4876912.267043685
23.626000000000897,4876912.284598584
23.636000000000898,4876912.302288078
23.6460000000009,4876912.320204335
23.6560000000009,4876912.338459127
23.666000000000903,4876912.356075691
23.676000000000904,4876912.373874155
23.686000000000906,4876912.392069813
23.696000000000907,4876912.410958598
23.70600000000091,4876912.430009981
23.71600000000091,4876912.448730164
23.726000000000912,4876912.467260913
23.736000000000914,4876912.486088584
23.746000000000915,4876912.505159249
23.756000000000917,4876912.524122796
23.76600000000092,4876912.543137507
23.77600000000092,4876912.562014767
23.78600000000092,4876912.58095167
23.796000000000923,4876912.600354905
23.806000000000925,4876912.619155042
23.816000000000926,4876912.638553395
23.826000000000928,4876912.657091405
23.83600000000093,4876912.675652949
23.84600000000093,4876912.694271866
23.856000000000932,4876912.713060356
23.866000000000934,4876912.73199036
23.876000000000936,4876912.75075238
23.886000000000937,4876912.769290154
23.89600000000094,4876912.787923137
23.90600000000094,4876912.806554625
23.916000000000942,4876912.82544648
23.926000000000943,4876912.844103798
23.936000000000945,4876912.862435679
23.946000000000947,4876912.880879508
23.956000000000948,4876912.89945639
23.96600000000095,4876912.917948073
23.97600000000095,4876912.936263877
23.986000000000953,4876912.954466647
23.996000000000954,4876912.972401112
24.006000000000956,4876912.990033404
24.016000000000957,4876913.007981283
24.02600000000096,4876913.025831353
24.03600000000096,4876913.04358934
24.046000000000962,4876913.061101022
24.056000000000964,4876913.078692392
24.066000000000965,4876913.096282308
24.076000000000967,4876913.114051215
24.08600000000097,4876913.131769431
24.09600000000097,4876913.149042184
24.10600000000097,4876913.166219524
24.116000000000973,4876913.183508112
24.126000000000975,4876913.200806781
24.136000000000976,4876913.218150427
24.146000000000978,4876913.235714701
24.15600000000098,4876913.252929054
24.16600000000098,4876913.270258041
24.176000000000982,4876913.287573051
24.186000000000984,4876913.304868381
24.196000000000986,4876913.322317983
24.206000000000987,4876913.339811285
24.21600000000099,4876913.356849595
24.22600000000099,4876913.373986088
24.236000000000992,4876913.391265832
24.246000000000993,4876913.408609715
24.256000000000995,4876913.425815708
24.266000000000997,4876913.443145567
24.276000000000998,4876913.46035324
24.286000000001,4876913.477496656
24.296000000001,4876913.494636642
24.306000000001003,4876913.511957685
24.316000000001004,4876913.529244267
24.326000000001006,4876913.546783241
24.336000000001007,4876913.564333269
24.34600000000101,4876913.581778188
24.35600000000101,4876913.599334067
24.366000000001012,4876913.61704092
24.376000000001014,4876913.634866837
24.386000000001015,4876913.652431268
24.396000000001017,4876913.669874408
24.40600000000102,4876913.687302485
24.41600000000102,4876913.7048209
24.42600000000102,4876913.722463719
24.436000000001023,4876913.740174556
24.446000000001025,4876913.757411772
24.456000000001026,4876913.774970764
24.466000000001028,4876913.792405526
24.47600000000103,4876913.809944201
24.48600000000103,4876913.827373458
24.496000000001033,4876913.844966754
24.506000000001034,4876913.862558286
24.516000000001036,4876913.880043523
24.526000000001037,4876913.897496453
24.53600000000104,4876913.915053253
24.54600000000104,4876913.932640788
24.556000000001042,4876913.950251615
24.566000000001043,4876913.967643244
24.576000000001045,4876913.985130637
24.586000000001047,4876914.002569731
24.596000000001048,4876914.020011884
24.60600000000105,4876914.037893705
24.61600000000105,4876914.05524621
24.626000000001053,4876914.072681922
24.636000000001054,4876914.090121709
24.646000000001056,4876914.107608636
24.656000000001058,4876914.125322042
24.66600000000106,4876914.142942398
24.67600000000106,4876914.160258902
24.686000000001062,4876914.177548127
24.696000000001064,4876914.194951293
24.706000000001065,4876914.21260929
24.716000000001067,4876914.230340562
24.72600000000107,4876914.247955684
24.73600000000107,4876914.265336424
24.74600000000107,4876914.282705972
24.756000000001073,4876914.300102965
24.766000000001075,4876914.317782848
24.776000000001076,4876914.335430563
24.786000000001078,4876914.35311122
24.79600000000108,4876914.371017861
24.80600000000108,4876914.388461808
24.816000000001083,4876914.405855003
24.826000000001084,4876914.423312117
24.836000000001086,4876914.441157863
24.846000000001087,4876914.45843739
24.85600000000109,4876914.475762172
24.86600000000109,4876914.493288298
24.876000000001092,4876914.510797966
24.886000000001093,4876914.528323774
24.896000000001095,4876914.54603338
24.906000000001097,4876914.563418142
24.916000000001098,4876914.580947279
24.9260000000011,4876914.598372157
24.9360000000011,4876914.616209829
24.946000000001103,4876914.633828486
24.956000000001104,4876914.651194497
24.966000000001106,4876914.668492371
24.976000000001108,4876914.685703583
24.98600000000111,4876914.70299608
24.99600000000111,4876914.720162391
25.006000000001112,4876914.737431918
25.016000000001114,4876914.754548461
25.026000000001115,4876914.771737788
25.036000000001117,4876914.789056963
25.04600000000112,4876914.806298425
25.05600000000112,4876914.823716883
25.06600000000112,4876914.841153021
25.076000000001123,4876914.858362175
25.086000000001125,4876914.875479325
25.096000000001126,4876914.892728298
25.106000000001128,4876914.910210548
25.11600000000113,4876914.927442971
25.12600000000113,4876914.944809537
25.136000000001133,4876914.961964566
25.146000000001134,4876914.97907281
25.156000000001136,4876914.996563592
25.166000000001137,4876915.014122248
25.17600000000114,4876915.031827827
25.18600000000114,4876915.049315454
25.196000000001142,4876915.066652428
25.206000000001143,4876915.084178513
25.216000000001145,4876915.101618102
25.226000000001147,4876915.119452465
25.236000000001148,4876915.136949857
25.24600000000115,4876915.154224263
25.25600000000115,4876915.17145313
25.266000000001153,4876915.188929377
25.276000000001154,4876915.206315775
25.286000000001156,4876915.22363577
25.296000000001158,4876915.241238422
25.30600000000116,4876915.258290545
25.31600000000116,4876915.275514399
25.326000000001162,4876915.292767424
25.336000000001164,4876915.310296853
25.346000000001165,4876915.327571286
25.356000000001167,4876915.34484974
25.36600000000117,4876915.362065117
25.37600000000117,4876915.379387579
25.38600000000117,4876915.396703669
25.396000000001173,4876915.413950412
25.406000000001175,4876915.43116314
25.416000000001176,4876915.44852339
25.426000000001178,4876915.465721719
25.43600000000118,4876915.482813195
25.44600000000118,4876915.49995496
25.456000000001183,4876915.517349458
25.466000000001184,4876915.534706872
25.476000000001186,4876915.551989983
25.486000000001187,4876915.569282758
25.49600000000119,4876915.586434494
25.50600000000119,4876915.603631835
25.516000000001192,4876915.621125097
25.526000000001194,4876915.638480822
25.536000000001195,4876915.655875151
25.546000000001197,4876915.673076567
25.556000000001198,4876915.690226596
25.5660000000012,4876915.707500457
25.5760000000012,4876915.72494023
25.586000000001203,4876915.742926376
25.596000000001204,4876915.760044192
25.606000000001206,4876915.777478004
25.616000000001208,4876915.794843293
25.62600000000121,4876915.812169832
25.63600000000121,4876915.829586655
25.646000000001212,4876915.846856808
25.656000000001214,4876915.863972831
25.666000000001215,4876915.881056599
25.676000000001217,4876915.898195652
25.68600000000122,4876915.915324451
25.69600000000122,4876915.932584638
25.70600000000122,4876915.949879596
25.716000000001223,4876915.966963185
25.726000000001225,4876915.984079964
25.736000000001226,4876916.001131795
25.746000000001228,4876916.018390161
25.75600000000123,4876916.035706684
25.76600000000123,4876916.052890306
25.776000000001233,4876916.06983489
25.786000000001234,4876916.087038223
25.796000000001236,4876916.104177523
25.806000000001237,4876916.121483244
25.81600000000124,4876916.138813977
25.82600000000124,4876916.155921029
25.836000000001242,4876916.17302882
25.846000000001244,4876916.190047144
25.856000000001245,4876916.20706595
25.866000000001247,4876916.224372029
25.87600000000125,4876916.241770938
25.88600000000125,4876916.258859054
25.89600000000125,4876916.276010753
25.906000000001253,4876916.293173199
25.916000000001254,4876916.310504254
25.926000000001256,4876916.32758176
25.936000000001258,4876916.344986563
25.94600000000126,4876916.361956281
25.95600000000126,4876916.379072461
25.966000000001262,4876916.396311186
25.976000000001264,4876916.41355467
25.986000000001265,4876916.430708368
25.996000000001267,4876916.448130777
26.00600000000127,4876916.465642762
26.01600000000127,4876916.482865347
26.02600000000127,4876916.500270487
26.036000000001273,4876916.51771518
26.046000000001275,4876916.53525368
26.056000000001276,4876916.552601199
26.066000000001278,4876916.56967073
26.07600000000128,4876916.586845237
26.08600000000128,4876916.604130126
26.096000000001283,4876916.621490287
26.106000000001284,4876916.638932803
26.116000000001286,4876916.656193413
26.126000000001287,4876916.673448851
26.13600000000129,4876916.690519665
26.14600000000129,4876916.707529157
26.156000000001292,4876916.724923183
26.166000000001294,4876916.74242492
26.176000000001295,4876916.75944174
26.186000000001297,4876916.776659987
26.1960000000013,4876916.79397877
26.2060000000013,4876916.811317612
26.2160000000013,4876916.828511244
26.226000000001303,4876916.845570426
26.236000000001304,4876916.862704141
26.246000000001306,4876916.879596403
26.256000000001308,4876916.896739231
26.26600000000131,4876916.913931921
26.27600000000131,4876916.931037763
26.286000000001312,4876916.948476566
26.296000000001314,4876916.965712108
26.306000000001315,4876916.982965625
26.316000000001317,4876917.000080631
26.32600000000132,4876917.017404384
26.33600000000132,4876917.034829289
26.34600000000132,4876917.052428212
26.356000000001323,4876917.069517099
26.366000000001325,4876917.086482114
26.376000000001326,4876917.103608896
26.386000000001328,4876917.120928311
26.39600000000133,4876917.138216079
26.40600000000133,4876917.155165152
26.416000000001333,4876917.17226554
26.426000000001334,4876917.189542445
26.436000000001336,4876917.206755212
26.446000000001337,4876917.223950264
26.45600000000134,4876917.241279093
26.46600000000134,4876917.258634433
26.476000000001342,4876917.275768734
26.486000000001344,4876917.292994709
26.496000000001345,4876917.310099007
26.506000000001347,4876917.327231346
26.51600000000135,4876917.344516546
26.52600000000135,4876917.361548781
26.53600000000135,4876917.37861393
26.546000000001353,4876917.395618347
26.556000000001355,4876917.41287796
26.566000000001356,4876917.430232217
26.576000000001358,4876917.447560266
26.58600000000136,4876917.464615104
26.59600000000136,4876917.481710694
26.606000000001362,4876917.498865309
26.616000000001364,4876917.516046695
26.626000000001365,4876917.533291089
26.636000000001367,4876917.550786227
26.64600000000137,4876917.56827436
26.65600000000137,4876917.585425588
26.66600000000137,4876917.602486104
26.676000000001373,4876917.619947929
26.686000000001375,4876917.637419793
26.696000000001376,4876917.654890129
26.706000000001378,4876917.672271538
26.71600000000138,4876917.690795435
26.72600000000138,4876917.706629373
26.736000000001383,4876917.721760827
26.746000000001384,4876917.736010788
26.756000000001386,4876917.750175036
26.766000000001387,4876917.76357979
26.77600000000139,4876917.776942374
26.78600000000139,4876917.789880561
26.796000000001392,4876917.803298091
26.806000000001394,4876917.819930464
26.816000000001395,4876917.83987645
26.826000000001397,4876917.864924042
26.8360000000014,4876917.883243298
26.8460000000014,4876917.901601936
26.8560000000014,4876917.918952
26.866000000001403,4876917.936534273
26.876000000001405,4876917.953760917
26.886000000001406,4876917.969967092
26.896000000001408,4876917.986764008
26.90600000000141,4876918.002098749
26.91600000000141,4876918.015309168
26.926000000001412,4876918.027929067
26.936000000001414,4876918.04044933
26.946000000001415,4876918.052636969
26.956000000001417,4876918.064741021
26.96600000000142,4876918.083246731
26.97600000000142,4876918.097982895
26.98600000000142,4876918.118410894
26.996000000001423,4876918.131620682
27.006000000001425,4876918.144454538
27.016000000001426,4876918.157328966
27.026000000001428,4876918.179293299
27.03600000000143,4876918.196195458
27.04600000000143,4876918.214172686
27.056000000001433,4876918.244057172
27.066000000001434,4876918.263953405
27.076000000001436,4876918.281269982
27.086000000001437,4876918.29852836
27.09600000000144,4876918.316296769
27.10600000000144,4876918.334808456
27.116000000001442,4876918.35082483
27.126000000001444,4876918.36669827
27.136000000001445,4876918.382289697
27.146000000001447,4876918.398220592
27.15600000000145,4876918.41520779
27.16600000000145,4876918.430717443
27.17600000000145,4876918.446237936
27.186000000001453,4876918.461642455
27.196000000001455,4876918.47666214
27.206000000001456,4876918.492577367
27.216000000001458,4876918.50862457
27.22600000000146,4876918.524589776
27.23600000000146,4876918.540779718
27.246000000001462,4876918.556605067
27.256000000001464,4876918.572223704
27.266000000001466,4876918.587972466
27.276000000001467,4876918.603638953
27.28600000000147,4876918.620011536
27.29600000000147,4876918.636512582
27.30600000000147,4876918.652429608
27.316000000001473,4876918.668161592
27.326000000001475,4876918.684248809
27.336000000001476,4876918.700426767
27.346000000001478,4876918.71677415
27.35600000000148,4876918.733191147
27.36600000000148,4876918.749430283
27.376000000001483,4876918.76509741
27.386000000001484,4876918.781453409
27.396000000001486,4876918.797313323
27.406000000001487,4876918.813430367
27.41600000000149,4876918.829645483
27.42600000000149,4876918.84557244
27.436000000001492,4876918.861375525
27.446000000001494,4876918.877404615
27.456000000001495,4876918.893164251
27.466000000001497,4876918.908630279
27.4760000000015,4876918.924127449
27.4860000000015,4876918.939527653
27.4960000000015,4876918.954652417
27.506000000001503,4876918.970018674
27.516000000001505,4876918.984967551
27.526000000001506,4876919.000435875
27.536000000001508,4876919.016123627
27.54600000000151,4876919.031465779
27.55600000000151,4876919.046909903
27.566000000001512,4876919.062173186
27.576000000001514,4876919.077648796
27.586000000001516,4876919.093802061
27.596000000001517,4876919.109417522
27.60600000000152,4876919.125553771
27.61600000000152,4876919.141591202
27.626000000001522,4876919.157409057
27.636000000001523,4876919.173725688
27.646000000001525,4876919.189583408
27.656000000001526,4876919.205736745
27.666000000001528,4876919.221504495
27.67600000000153,4876919.237520435
27.68600000000153,4876919.253661345
27.696000000001533,4876919.269239759
27.706000000001534,4876919.284942523
27.716000000001536,4876919.300592268
27.726000000001537,4876919.317045415
27.73600000000154,4876919.333592254
27.74600000000154,4876919.350291223
27.756000000001542,4876919.365912214
27.766000000001544,4876919.381856329
27.776000000001545,4876919.397522368
27.786000000001547,4876919.413115685
27.79600000000155,4876919.428890322
27.80600000000155,4876919.445229119
27.81600000000155,4876919.460394976
27.826000000001553,4876919.475363283
27.836000000001555,4876919.490669627
27.846000000001556,4876919.506171504
27.856000000001558,4876919.521313687
27.86600000000156,4876919.536424734
27.87600000000156,4876919.552185834
27.886000000001562,4876919.56735421
27.896000000001564,4876919.582840539
27.906000000001566,4876919.598055763
27.916000000001567,4876919.613089212
27.92600000000157,4876919.628426499
27.93600000000157,4876919.643549176
27.946000000001572,4876919.658739131
27.956000000001573,4876919.673845069
27.966000000001575,4876919.689511033
27.976000000001576,4876919.705744915
27.986000000001578,4876919.72165876
27.99600000000158,4876919.738186946
28.00600000000158,4876919.753834925
28.016000000001583,4876919.769387138
28.026000000001584,4876919.785340547
28.036000000001586,4876919.801153204
28.046000000001587,4876919.816910365
28.05600000000159,4876919.832936755
28.06600000000159,4876919.849028403
28.076000000001592,4876919.864959881
28.086000000001594,4876919.880702424
28.096000000001595,4876919.896590975
28.106000000001597,4876919.912628305
28.1160000000016,4876919.928431504
28.1260000000016,4876919.944401611
28.1360000000016,4876919.96068437
28.146000000001603,4876919.97648035
28.156000000001605,4876919.99209568
28.166000000001606,4876920.008176481
28.176000000001608,4876920.024016354
28.18600000000161,4876920.040315934
28.19600000000161,4876920.055987367
28.206000000001612,4876920.071713082
28.216000000001614,4876920.08755883
28.226000000001616,4876920.103965988
28.236000000001617,4876920.120327545
28.24600000000162,4876920.136354356
28.25600000000162,4876920.152166178
28.266000000001622,4876920.168180681
28.276000000001623,4876920.183848039
28.286000000001625,4876920.199896467
28.296000000001627,4876920.215859996
28.306000000001628,4876920.231585067
28.31600000000163,4876920.247485835
28.32600000000163,4876920.26357598
28.336000000001633,4876920.279191878
28.346000000001634,4876920.294388425
28.356000000001636,4876920.310149276
28.366000000001637,4876920.325671695
28.37600000000164,4876920.341083315
28.38600000000164,4876920.356240735
28.396000000001642,4876920.371449226
28.406000000001644,4876920.386769745
28.416000000001645,4876920.401879934
28.426000000001647,4876920.417509606
28.43600000000165,4876920.432618517
28.44600000000165,4876920.447961205
28.45600000000165,4876920.463306057
28.466000000001653,4876920.478461052
28.476000000001655,4876920.493524985
28.486000000001656,4876920.508862624
28.496000000001658,4876920.525251356
28.50600000000166,4876920.541185422
28.51600000000166,4876920.557380199
28.526000000001662,4876920.573123864
28.536000000001664,4876920.588898383
28.546000000001666,4876920.604950858
28.556000000001667,4876920.621094202
28.56600000000167,4876920.637162675
28.57600000000167,4876920.653387236
28.586000000001672,4876920.669334548
28.596000000001673,4876920.685172749
28.606000000001675,4876920.70089509
28.616000000001677,4876920.717068019
28.626000000001678,4876920.732923179
28.63600000000168,4876920.749205193
28.64600000000168,4876920.765344301
28.656000000001683,4876920.781214691
28.666000000001684,4876920.796847911
28.676000000001686,4876920.813244553
28.686000000001687,4876920.829133137
28.69600000000169,4876920.845558219
28.70600000000169,4876920.861847627
28.716000000001692,4876920.877061657
28.726000000001694,4876920.892475012
28.736000000001695,4876920.908177784
28.746000000001697,4876920.923693413
28.7560000000017,4876920.939483528
28.7660000000017,4876920.954682823
28.7760000000017,4876920.970411811
28.786000000001703,4876920.985999796
28.796000000001705,4876921.001289507
28.806000000001706,4876921.01701868
28.816000000001708,4876921.032754487
28.82600000000171,4876921.048598735
28.83600000000171,4876921.063830066
28.846000000001712,4876921.078759782
28.856000000001714,4876921.094468467
28.866000000001716,4876921.109577643
28.876000000001717,4876921.125462692
28.88600000000172,4876921.14081822
28.89600000000172,4876921.156273435
28.906000000001722,4876921.171832127
28.916000000001723,4876921.18741871
28.926000000001725,4876921.203055209
28.936000000001727,4876921.218737234
28.946000000001728,4876921.23402362
28.95600000000173,4876921.249518874
28.96600000000173,4876921.265138331
28.976000000001733,4876921.280627045
28.986000000001734,4876921.2959803
28.996000000001736,4876921.311149394
29.006000000001738,4876921.326360195
29.01600000000174,4876921.341760226
29.02600000000174,4876921.356774946
29.036000000001742,4876921.371919611
29.046000000001744,4876921.386938663
29.056000000001745,4876921.402370702
29.066000000001747,4876921.418186227
29.07600000000175,4876921.433410742
29.08600000000175,4876921.449256315
29.09600000000175,4876921.464426826
29.106000000001753,4876921.479612094
29.116000000001755,4876921.495029535
29.126000000001756,4876921.510562576
29.136000000001758,4876921.526152343
29.14600000000176,4876921.541596303
29.15600000000176,4876921.556967554
29.166000000001763,4876921.572335776
29.176000000001764,4876921.587748177
29.186000000001766,4876921.602946941
29.196000000001767,4876921.619025845
29.20600000000177,4876921.634341115
29.21600000000177,4876921.650077582
29.226000000001772,4876921.665418226
29.236000000001773,4876921.680977134
29.246000000001775,4876921.696274575
29.256000000001777,4876921.711567122
29.266000000001778,4876921.726890384
29.27600000000178,4876921.742353225
29.28600000000178,4876921.757957497
29.296000000001783,4876921.773223339
29.306000000001784,4876921.788291319
29.316000000001786,4876921.803342357
29.326000000001788,4876921.818458381
29.33600000000179,4876921.833983878
29.34600000000179,4876921.849353052
29.356000000001792,4876921.864885803
29.366000000001794,4876921.880103615
29.376000000001795,4876921.895569799
29.386000000001797,4876921.910950941
29.3960000000018,4876921.926700014
29.4060000000018,4876921.942118763
29.4160000000018,4876921.957790367
29.426000000001803,4876921.973515553
29.436000000001805,4876921.988681274
29.446000000001806,4876922.004255454
29.456000000001808,4876922.019881695
29.46600000000181,4876922.035336622
29.47600000000181,4876922.051131902
29.486000000001813,4876922.066584271
29.496000000001814,4876922.081738142
29.506000000001816,4876922.097110807
29.516000000001817,4876922.112550763
29.52600000000182,4876922.128246381
29.53600000000182,4876922.143558944
29.546000000001822,4876922.158887243
29.556000000001823,4876922.174022697
29.566000000001825,4876922.189409128
29.576000000001827,4876922.204691747
29.586000000001828,4876922.22009308
29.59600000000183,4876922.235340489
29.60600000000183,4876922.250734173
29.616000000001833,4876922.266151468
29.626000000001834,4876922.281467489
29.636000000001836,4876922.296617758
29.646000000001838,4876922.311870184
29.65600000000184,4876922.327463174
29.66600000000184,4876922.34287722
29.676000000001842,4876922.358290604
29.686000000001844,4876922.373371508
29.696000000001845,4876922.388463296
29.706000000001847,4876922.40359868
29.71600000000185,4876922.419328443
29.72600000000185,4876922.434997648
29.73600000000185,4876922.451343611
29.746000000001853,4876922.46761678
29.756000000001855,4876922.483877671
29.766000000001856,4876922.499859026
29.776000000001858,4876922.516170741
29.78600000000186,4876922.532499465
29.79600000000186,4876922.54883427
29.806000000001863,4876922.565127277
29.816000000001864,4876922.581387142
29.826000000001866,4876922.597668941
29.836000000001867,4876922.613989544
29.84600000000187,4876922.630445083
29.85600000000187,4876922.647317037
29.866000000001872,4876922.663783098
29.876000000001874,4876922.680123394
29.886000000001875,4876922.696426408
29.896000000001877,4876922.713055527
29.906000000001878,4876922.72947262
29.91600000000188,4876922.745730977
29.92600000000188,4876922.765467833
29.936000000001883,4876922.782821894
29.946000000001884,4876922.799653058
29.956000000001886,4876922.81698757
29.966000000001888,4876922.834066935
29.97600000000189,4876922.850786448
29.98600000000189,4876922.866886933
29.996000000001892,4876922.883088617
30.006000000001894,4876922.899616618
30.016000000001895,4876922.915949312
30.026000000001897,4876922.932625451
30.0360000000019,4876922.948891905
30.0460000000019,4876922.964588437
30.0560000000019,4876922.980525702
30.066000000001903,4876922.996219986
30.076000000001905,4876923.012103114
30.086000000001906,4876923.028420592
30.096000000001908,4876923.044335704
30.10600000000191,4876923.060141643
30.11600000000191,4876923.075784622
30.126000000001913,4876923.091851259
30.136000000001914,4876923.10756859
30.146000000001916,4876923.123425368
30.156000000001917,4876923.139137517
30.16600000000192,4876923.154963898
30.17600000000192,4876923.170234799
30.186000000001922,4876923.185506293
30.196000000001924,4876923.200934013
30.206000000001925,4876923.216715365
30.216000000001927,4876923.232418471
30.226000000001928,4876923.248375116
30.23600000000193,4876923.264014527
30.24600000000193,4876923.279377857
30.256000000001933,4876923.294894971
30.266000000001934,4876923.310615367
30.276000000001936,4876923.326396185
30.286000000001938,4876923.341579427
30.29600000000194,4876923.35693773
30.30600000000194,4876923.372583166
30.316000000001942,4876923.38836831
30.326000000001944,4876923.403844618
30.336000000001945,4876923.41963328
30.346000000001947,4876923.435593443
30.35600000000195,4876923.451491821
30.36600000000195,4876923.467701737
30.37600000000195,4876923.483860489
30.386000000001953,4876923.499888119
30.396000000001955,4876923.516059368
30.406000000001956,4876923.532362065
30.416000000001958,4876923.548933489
30.42600000000196,4876923.565232832
30.43600000000196,4876923.581396762
30.446000000001963,4876923.597527895
30.456000000001964,4876923.613750284
30.466000000001966,4876923.630546632
30.476000000001967,4876923.646985219
30.48600000000197,4876923.663028214
30.49600000000197,4876923.678584617
30.506000000001972,4876923.694170176
30.516000000001974,4876923.709718633
30.526000000001975,4876923.725920154
30.536000000001977,4876923.741566155
30.54600000000198,4876923.757810285
30.55600000000198,4876923.773974979
30.56600000000198,4876923.790463434
30.576000000001983,4876923.806404888
30.586000000001984,4876923.82222432
30.596000000001986,4876923.838128142
30.606000000001988,4876923.854151406
30.61600000000199,4876923.870197562
30.62600000000199,4876923.88664217
30.636000000001992,4876923.902737264
30.646000000001994,4876923.91924198
30.656000000001995,4876923.934969455
30.666000000001997,4876923.95084826
30.676000000002,4876923.966892959
30.686000000002,4876923.983079172
30.696000000002,4876923.998775355
30.706000000002003,4876924.014107779
30.716000000002005,4876924.02957701
30.726000000002006,4876924.04517299
30.736000000002008,4876924.060523429
30.74600000000201,4876924.075615244
30.75600000000201,4876924.090888581
30.766000000002013,4876924.106423078
30.776000000002014,4876924.121973247
30.786000000002016,4876924.13780341
30.796000000002017,4876924.153403175
30.80600000000202,4876924.168629982
30.81600000000202,4876924.184188443
30.826000000002022,4876924.199458051
30.836000000002024,4876924.214838631
30.846000000002025,4876924.23042726
30.856000000002027,4876924.246120603
30.86600000000203,4876924.261751312
30.87600000000203,4876924.277041189
30.88600000000203,4876924.292222014
30.896000000002033,4876924.307329492
30.906000000002035,4876924.322714073
30.916000000002036,4876924.338083519
30.926000000002038,4876924.353585003
30.93600000000204,4876924.368971394
30.94600000000204,4876924.384499797
30.956000000002042,4876924.399710017
30.966000000002044,4876924.415344559
30.976000000002045,4876924.430686254
30.986000000002047,4876924.446059374
30.99600000000205,4876924.46146448
31.00600000000205,4876924.477181703
31.01600000000205,4876924.492678006
31.026000000002053,4876924.508191216
31.036000000002055,4876924.524229175
31.046000000002056,4876924.539696504
31.056000000002058,4876924.555087071
31.06600000000206,4876924.570766477
31.07600000000206,4876924.586461913
31.086000000002063,4876924.602243559
31.096000000002064,4876924.618034387
31.106000000002066,4876924.633717987
31.116000000002067,4876924.649653346
31.12600000000207,4876924.665149442
31.13600000000207,4876924.680382602
31.146000000002072,4876924.69561355
31.156000000002074,4876924.711075039
31.166000000002075,4876924.726827674
31.176000000002077,4876924.742485835
31.18600000000208,4876924.758030283
31.19600000000208,4876924.773683243
31.20600000000208,4876924.789352365
31.216000000002083,4876924.804820194
31.226000000002085,4876924.820952787
31.236000000002086,4876924.836739281
31.246000000002088,4876924.852609211
31.25600000000209,4876924.868329796
31.26600000000209,4876924.884063259
31.276000000002092,4876924.900197079
31.286000000002094,4876924.916388384
31.296000000002095,4876924.932323525
31.306000000002097,4876924.948086033
31.3160000000021,4876924.963931866
31.3260000000021,4876924.979252691
31.3360000000021,4876924.994371492
31.346000000002103,4876925.009674079
31.356000000002105,4876925.025107273
31.366000000002106,4876925.040520328
31.376000000002108,4876925.055888772
31.38600000000211,4876925.071130374
31.39600000000211,4876925.086358649
31.406000000002113,4876925.102336128
31.416000000002114,4876925.118137924
31.426000000002116,4876925.133578983
31.436000000002117,4876925.148910414
31.44600000000212,4876925.164411241
31.45600000000212,4876925.179710063
31.466000000002122,4876925.195055287
31.476000000002124,4876925.210723685
31.486000000002125,4876925.226180766
31.496000000002127,4876925.241914493
31.50600000000213,4876925.257401923
31.51600000000213,4876925.272716185
31.52600000000213,4876925.287970518
31.536000000002133,4876925.303338625
31.546000000002135,4876925.318856707
31.556000000002136,4876925.334122639
31.566000000002138,4876925.349436333
31.57600000000214,4876925.364798927
31.58600000000214,4876925.380118108
31.596000000002142,4876925.395349376
31.606000000002144,4876925.4105817
31.616000000002145,4876925.425941064
31.626000000002147,4876925.441190036
31.63600000000215,4876925.456826021
31.64600000000215,4876925.472474669
31.65600000000215,4876925.487780053
31.666000000002153,4876925.502904198
31.676000000002155,4876925.518304789
31.686000000002156,4876925.533613379
31.696000000002158,4876925.549091496
31.70600000000216,4876925.56445
31.71600000000216,4876925.579747464
31.726000000002163,4876925.595449598
31.736000000002164,4876925.610815192
31.746000000002166,4876925.626283506
31.756000000002167,4876925.641844704
31.76600000000217,4876925.657158843
31.77600000000217,4876925.672754496
31.786000000002172,4876925.688089676
31.796000000002174,4876925.703231247
31.806000000002175,4876925.71881419
31.816000000002177,4876925.73416567
31.82600000000218,4876925.749669074
31.83600000000218,4876925.7654284
31.84600000000218,4876925.781435883
31.856000000002183,4876925.797094733
31.866000000002185,4876925.812855473
31.876000000002186,4876925.828558481
31.886000000002188,4876925.843948213
31.89600000000219,4876925.85977763
31.90600000000219,4876925.875530064
31.916000000002192,4876925.890670008
31.926000000002194,4876925.906067748
31.936000000002196,4876925.921342756
31.946000000002197,4876925.936597729
31.9560000000022,4876925.95202476
31.9660000000022,4876925.967649683
31.9760000000022,4876925.982822527
31.986000000002203,4876925.99798604
31.996000000002205,4876926.013324577
32.0060000000022,4876926.028754605
32.0160000000022,4876926.044043865
32.0260000000022,4876926.059542413
32.0360000000022,4876926.074635158
32.046000000002195,4876926.089982816
32.05600000000219,4876926.105713694
32.06600000000219,4876926.121265274
32.07600000000219,4876926.136686797
32.08600000000219,4876926.152417631
32.096000000002185,4876926.167645925
32.10600000000218,4876926.18284488
32.11600000000218,4876926.19818109
32.12600000000218,4876926.213460641
32.13600000000218,4876926.228848181
32.146000000002175,4876926.24409094
32.15600000000217,4876926.259882327
32.16600000000217,4876926.275134405
32.17600000000217,4876926.290747825
32.18600000000217,4876926.306126561
32.196000000002165,4876926.321914847
32.20600000000216,4876926.337263055
32.21600000000216,4876926.352720769
32.22600000000216,4876926.368365373
32.23600000000216,4876926.383596836
32.246000000002155,4876926.398896027
32.25600000000215,4876926.414503268
32.26600000000215,4876926.430313237
32.27600000000215,4876926.445690194
32.28600000000215,4876926.461488812
32.296000000002145,4876926.476895512
32.30600000000214,4876926.492624939
32.31600000000214,4876926.508426942
32.32600000000214,4876926.524096644
32.33600000000214,4876926.539568174
32.346000000002135,4876926.555040845
32.35600000000213,4876926.57026395
32.36600000000213,4876926.585802845
32.37600000000213,4876926.601505982
32.38600000000213,4876926.616808547
32.396000000002125,4876926.632239416
32.40600000000212,4876926.647858387
32.41600000000212,4876926.663733431
32.42600000000212,4876926.679154463
32.43600000000212,4876926.694461464
32.446000000002115,4876926.709746796
32.45600000000211,4876926.725132644
32.46600000000211,4876926.74048923
32.47600000000211,4876926.756279156
32.48600000000211,4876926.771541842
32.496000000002105,4876926.786905202
32.5060000000021,4876926.802510833
32.5160000000021,4876926.817966503
32.5260000000021,4876926.833988036
32.5360000000021,4876926.849744624
32.546000000002095,4876926.865177808
32.55600000000209,4876926.880718679
32.56600000000209,4876926.896283754
32.57600000000209,4876926.911668669
32.58600000000209,4876926.926940375
32.596000000002086,4876926.942638615
32.60600000000208,4876926.958517343
32.61600000000208,4876926.974181073
32.62600000000208,4876926.989779008
32.63600000000208,4876927.004964908
32.646000000002076,4876927.020695615
32.656000000002074,4876927.036120534
32.66600000000207,4876927.05164273
32.67600000000207,4876927.0668937
32.68600000000207,4876927.082136134
32.696000000002066,4876927.09777142
32.706000000002064,4876927.112930404
32.71600000000206,4876927.128908949
32.72600000000206,4876927.144367136
32.73600000000206,4876927.159609716
32.746000000002056,4876927.175365642
32.756000000002054,4876927.190770611
32.76600000000205,4876927.206096247
32.77600000000205,4876927.221892698
32.78600000000205,4876927.237707799
32.796000000002046,4876927.253621563
32.806000000002044,4876927.269365591
32.81600000000204,4876927.28508094
32.82600000000204,4876927.300491941
32.83600000000204,4876927.315778055
32.846000000002036,4876927.331176743
32.856000000002034,4876927.346449545
32.86600000000203,4876927.361943234
32.87600000000203,4876927.377575558
32.88600000000203,4876927.392891202
32.896000000002026,4876927.408164068
32.906000000002024,4876927.423933255
32.91600000000202,4876927.439385231
32.92600000000202,4876927.45475538
32.93600000000202,4876927.470473707
32.946000000002016,4876927.486286425
32.956000000002014,4876927.501941741
32.96600000000201,4876927.517242605
32.97600000000201,4876927.53264015
32.98600000000201,4876927.54844367
32.996000000002006,4876927.563909387
33.006000000002004,4876927.579307074
33.016000000002,4876927.594586164
33.026000000002,4876927.610392246
33.036000000002,4876927.626605965
33.046000000001996,4876927.642441977
33.056000000001994,4876927.658464578
33.06600000000199,4876927.673646594
33.07600000000199,4876927.689316483
33.08600000000199,4876927.704970116
33.096000000001986,4876927.720206063
33.106000000001984,4876927.735802508
33.11600000000198,4876927.751629031
33.12600000000198,4876927.767113079
33.13600000000198,4876927.782555135
33.146000000001976,4876927.797814406
33.156000000001974,4876927.81363715
33.16600000000197,4876927.829104532
33.17600000000197,4876927.844844605
33.18600000000197,4876927.860593686
33.196000000001966,4876927.875826717
33.206000000001964,4876927.891080243
33.21600000000196,4876927.906743795
33.22600000000196,4876927.92251326
33.23600000000196,4876927.938291931
33.246000000001956,4876927.953603319
33.256000000001954,4876927.968962089
33.26600000000195,4876927.984226303
33.27600000000195,4876927.999834841
33.28600000000195,4876928.015125617
33.296000000001946,4876928.030734327
33.306000000001944,4876928.046394985
33.31600000000194,4876928.062219041
33.32600000000194,4876928.077876923
33.33600000000194,4876928.093237423
33.346000000001936,4876928.108544323
33.356000000001934,4876928.124052672
33.36600000000193,4876928.139556327
33.37600000000193,4876928.155139648
33.38600000000193,4876928.170753412
33.396000000001926,4876928.186249848
33.406000000001924,4876928.201597758
33.41600000000192,4876928.21735926
33.42600000000192,4876928.233113772
33.43600000000192,4876928.248793449
33.446000000001916,4876928.264606663
33.456000000001914,4876928.280458903
33.46600000000191,4876928.295723046
33.47600000000191,4876928.311570008
33.48600000000191,4876928.326906793
33.49600000000191,4876928.34229811
33.506000000001904,4876928.358285715
33.5160000000019,4876928.37342391
33.5260000000019,4876928.388671732
33.5360000000019,4876928.404219776
33.5460000000019,4876928.419944172
33.556000000001895,4876928.435473187
33.56600000000189,4876928.451364942
33.57600000000189,4876928.466721835
33.58600000000189,4876928.482021551
33.59600000000189,4876928.497230383
33.606000000001885,4876928.512631346
33.61600000000188,4876928.528120121
33.62600000000188,4876928.54391138
33.63600000000188,4876928.559885171
33.64600000000188,4876928.575270514
33.656000000001875,4876928.590858029
33.66600000000187,4876928.606470096
33.67600000000187,4876928.622159141
33.68600000000187,4876928.637886438
33.69600000000187,4876928.653827103
33.706000000001865,4876928.669214332
33.71600000000186,4876928.684734448
33.72600000000186,4876928.700943296
33.73600000000186,4876928.716581046
33.74600000000186,4876928.732574723
33.756000000001855,4876928.748049723
33.76600000000185,4876928.763703571
33.77600000000185,4876928.779169899
33.78600000000185,4876928.795394624
33.79600000000185,4876928.811339581
33.806000000001845,4876928.827471614
33.81600000000184,4876928.843885542
33.82600000000184,4876928.860649902
33.83600000000184,4876928.876916306
33.84600000000184,4876928.893288526
33.856000000001835,4876928.909844046
33.86600000000183,4876928.926082447
33.87600000000183,4876928.94183374
33.88600000000183,4876928.958160665
33.89600000000183,4876928.974283826
33.906000000001825,4876928.98995717
33.91600000000182,4876929.005702237
33.92600000000182,4876929.02127368
33.93600000000182,4876929.037208274
33.94600000000182,4876929.052910309
33.956000000001815,4876929.068617492
33.96600000000181,4876929.084585797
33.97600000000181,4876929.100012348
33.98600000000181,4876929.11561802
33.99600000000181,4876929.131380686
34.006000000001805,4876929.147628095
34.0160000000018,4876929.163218802
34.0260000000018,4876929.178968078
34.0360000000018,4876929.194776411
34.0460000000018,4876929.210518155
34.056000000001795,4876929.226378907
34.06600000000179,4876929.242143652
34.07600000000179,4876929.258385821
34.08600000000179,4876929.27482576
34.09600000000179,4876929.290747903
34.106000000001785,4876929.306679012
34.11600000000178,4876929.322336842
34.12600000000178,4876929.338947132
34.13600000000178,4876929.354932899
34.14600000000178,4876929.370781408
34.156000000001775,4876929.386483402
34.16600000000177,4876929.402667515
34.17600000000177,4876929.418545699
34.18600000000177,4876929.434979522
34.19600000000177,4876929.45087751
34.206000000001765,4876929.467024366
34.21600000000176,4876929.482707441
34.22600000000176,4876929.498646478
34.23600000000176,4876929.515035233
34.24600000000176,4876929.531561975
34.256000000001755,4876929.547755221
34.26600000000175,4876929.563870958
34.27600000000175,4876929.580205062
34.28600000000175,4876929.596605243
34.29600000000175,4876929.612878218
34.306000000001745,4876929.629461164
34.31600000000174,4876929.645802766
34.32600000000174,4876929.662269919
34.33600000000174,4876929.678668872
34.34600000000174,4876929.69486148
34.356000000001735,4876929.710918977
34.36600000000173,4876929.727011587
34.37600000000173,4876929.743718807
34.38600000000173,4876929.760643366
34.39600000000173,4876929.776959551
34.406000000001725,4876929.793101684
34.41600000000172,4876929.80959193
34.42600000000172,4876929.826296137
34.43600000000172,4876929.842542016
34.44600000000172,4876929.858877249
34.456000000001715,4876929.874671009
34.46600000000171,4876929.891115328
34.47600000000171,4876929.907368555
34.48600000000171,4876929.923197485
34.49600000000171,4876929.939632668
34.506000000001706,4876929.95558221
34.5160000000017,4876929.971767559
34.5260000000017,4876929.98755372
34.5360000000017,4876930.003404782
34.5460000000017,4876930.01995741
34.556000000001696,4876930.036196336
34.566000000001694,4876930.052259301
34.57600000000169,4876930.068357005
34.58600000000169,4876930.084628476
34.59600000000169,4876930.100556401
34.606000000001686,4876930.116551517
34.616000000001684,4876930.132744165
34.62600000000168,4876930.148592491
34.63600000000168,4876930.164323095
34.64600000000168,4876930.180521073
34.656000000001676,4876930.19659535
34.666000000001674,4876930.212778044
34.67600000000167,4876930.229335423
34.68600000000167,4876930.245529795
34.69600000000167,4876930.261588812
34.706000000001666,4876930.277564448
34.716000000001664,4876930.293292673
34.72600000000166,4876930.309564454
34.73600000000166,4876930.325475145
34.74600000000166,4876930.34156492
34.756000000001656,4876930.358132773
34.766000000001654,4876930.374742393
34.77600000000165,4876930.390286709
34.78600000000165,4876930.406143819
34.79600000000165,4876930.421744733
34.806000000001646,4876930.437793138
34.816000000001644,4876930.453627141
34.82600000000164,4876930.469619785
34.83600000000164,4876930.485237314
34.84600000000164,4876930.500684179
34.856000000001636,4876930.51702567
34.866000000001634,4876930.533171732
34.87600000000163,4876930.549960153
34.88600000000163,4876930.566043229
34.89600000000163,4876930.582125186
34.906000000001626,4876930.598387354
34.916000000001624,4876930.614474128
34.92600000000162,4876930.630566805
34.93600000000162,4876930.646279833
34.94600000000162,4876930.662531984
34.956000000001616,4876930.678019853
34.966000000001614,4876930.694007013
34.97600000000161,4876930.711372536
34.98600000000161,4876930.727760185
34.99600000000161,4876930.745141666
35.006000000001606,4876930.761521291
35.016000000001604,4876930.779266045
35.0260000000016,4876930.796898824
35.0360000000016,4876930.813662569
35.0460000000016,4876930.830545126
35.056000000001596,4876930.847718892
35.066000000001594,4876930.864394956
35.07600000000159,4876930.880568104
35.08600000000159,4876930.898730497
35.09600000000159,4876930.916218969
35.106000000001586,4876930.932661132
35.116000000001584,4876930.950043988
35.12600000000158,4876930.966946452
35.13600000000158,4876930.983238939
35.14600000000158,4876931.000172896
35.156000000001576,4876931.016954214
35.166000000001574,4876931.03417949
35.17600000000157,4876931.05129225
35.18600000000157,4876931.068244482
35.19600000000157,4876931.091038876
35.206000000001566,4876931.111097822
35.216000000001564,4876931.132564417
35.22600000000156,4876931.154412094
35.23600000000156,4876931.176801507
35.24600000000156,4876931.208313523
35.256000000001556,4876931.235272495
35.266000000001554,4876931.260935158
35.27600000000155,4876931.285481941
35.28600000000155,4876931.310413993
35.29600000000155,4876931.33550026
35.306000000001546,4876931.360399453
35.316000000001544,4876931.38633058
35.32600000000154,4876931.411687772
35.33600000000154,4876931.436749069
35.34600000000154,4876931.461556537
35.356000000001536,4876931.488085855
35.366000000001534,4876931.51367347
35.37600000000153,4876931.537897533
35.38600000000153,4876931.561998334
35.39600000000153,4876931.585590594
35.40600000000153,4876931.609461901
35.416000000001524,4876931.633204829
35.42600000000152,4876931.656727596
35.43600000000152,4876931.680157957
35.44600000000152,4876931.703737423
35.45600000000152,4876931.727252113
35.466000000001515,4876931.750849396
35.47600000000151,4876931.774680954
35.48600000000151,4876931.798025724
35.49600000000151,4876931.821724721
35.50600000000151,4876931.845494912
35.516000000001505,4876931.869113205
35.5260000000015,4876931.892488002
35.5360000000015,4876931.91599084
35.5460000000015,4876931.939657781
35.5560000000015,4876931.963823011
35.566000000001495,4876931.987590252
35.57600000000149,4876932.011246241
35.58600000000149,4876932.035075812
35.59600000000149,4876932.058702291
35.60600000000149,4876932.082509665
35.616000000001485,4876932.106241432
35.62600000000148,4876932.130443363
35.63600000000148,4876932.155060862
35.64600000000148,4876932.179087051
35.65600000000148,4876932.203745959
35.666000000001475,4876932.227551342
35.67600000000147,4876932.251642688
35.68600000000147,4876932.274852821
35.69600000000147,4876932.298218848
35.70600000000147,4876932.322130881
35.716000000001465,4876932.345595167
35.72600000000146,4876932.369304829
35.73600000000146,4876932.392853686
35.74600000000146,4876932.416169982
35.75600000000146,4876932.439935789
35.766000000001455,4876932.463628113
35.77600000000145,4876932.487040153
35.78600000000145,4876932.509839973
35.79600000000145,4876932.533180993
35.80600000000145,4876932.556315274
35.816000000001445,4876932.579015225
35.82600000000144,4876932.602082452
35.83600000000144,4876932.623415415
35.84600000000144,4876932.644381324
35.85600000000144,4876932.664172094
35.866000000001435,4876932.682739745
35.87600000000143,4876932.701333852
35.88600000000143,4876932.717547716
35.89600000000143,4876932.733419831
35.90600000000143,4876932.748384306
35.916000000001425,4876932.763457743
35.92600000000142,4876932.778040422
35.93600000000142,4876932.792549035
35.94600000000142,4876932.806932504
35.95600000000142,4876932.821340173
35.966000000001415,4876932.835895644
35.97600000000141,4876932.850731651
35.98600000000141,4876932.865532473
35.99600000000141,4876932.880415876
36.00600000000141,4876932.895193028
36.016000000001405,4876932.910151616
36.0260000000014,4876932.925257021
36.0360000000014,4876932.940494893
36.0460000000014,4876932.955824489
36.0560000000014,4876932.971076173
36.066000000001395,4876932.986288085
36.07600000000139,4876933.00163998
36.08600000000139,4876933.017030331
36.09600000000139,4876933.031743558
36.10600000000139,4876933.046886027
36.116000000001385,4876933.062090239
36.12600000000138,4876933.077235768
36.13600000000138,4876933.092279773
36.14600000000138,4876933.107516368
36.15600000000138,4876933.122880342
36.166000000001375,4876933.13860974
36.17600000000137,4876933.154224354
36.18600000000137,4876933.169995131
36.19600000000137,4876933.186047208
36.20600000000137,4876933.203573586
36.216000000001365,4876933.221211562
36.22600000000136,4876933.238349608
36.23600000000136,4876933.254605279
36.24600000000136,4876933.27104444
36.25600000000136,4876933.286987883
36.266000000001355,4876933.302896458
36.27600000000135,4876933.318921702
36.28600000000135,4876933.3350375
36.29600000000135,4876933.351290809
36.30600000000135,4876933.367528945
36.316000000001345,4876933.383441825
36.32600000000134,4876933.399353417
36.33600000000134,4876933.415387514
36.34600000000134,4876933.431542284
36.35600000000134,4876933.447456871
36.366000000001335,4876933.463544861
36.37600000000133,4876933.47985194
36.38600000000133,4876933.496069794
36.39600000000133,4876933.512014431
36.40600000000133,4876933.528440293
36.416000000001326,4876933.545183007
36.42600000000132,4876933.561724523
36.43600000000132,4876933.578010745
36.44600000000132,4876933.594100797
36.45600000000132,4876933.610327534
36.466000000001316,4876933.626648449
36.476000000001314,4876933.642883756
36.48600000000131,4876933.659148748
36.49600000000131,4876933.675182069
36.50600000000131,4876933.691040693
36.516000000001306,4876933.706958171
36.526000000001304,4876933.722933421
36.5360000000013,4876933.739172969
36.5460000000013,4876933.755331455
36.5560000000013,4876933.771568384
36.566000000001296,4876933.787506221
36.576000000001294,4876933.804008169
36.58600000000129,4876933.820452832
36.59600000000129,4876933.836470062
36.60600000000129,4876933.852483809
36.616000000001286,4876933.868532261
36.626000000001284,4876933.884362944
36.63600000000128,4876933.900385113
36.64600000000128,4876933.916246054
36.65600000000128,4876933.931815376
36.666000000001276,4876933.94745203
36.676000000001274,4876933.963367856
36.68600000000127,4876933.978913027
36.69600000000127,4876933.994458582
36.70600000000127,4876934.010296512
36.716000000001266,4876934.026016628
36.726000000001264,4876934.041568823
36.73600000000126,4876934.05687219
36.74600000000126,4876934.072364283
36.75600000000126,4876934.087531125
36.766000000001256,4876934.10281607
36.776000000001254,4876934.11822931
36.78600000000125,4876934.133692284
36.79600000000125,4876934.148852204
36.80600000000125,4876934.163776002
36.816000000001246,4876934.178473791
36.826000000001244,4876934.193075387
36.83600000000124,4876934.20794626
36.84600000000124,4876934.222478958
36.85600000000124,4876934.237157321
36.866000000001236,4876934.251843213
36.876000000001234,4876934.266938749
36.88600000000123,4876934.281457662
36.89600000000123,4876934.296271891
36.90600000000123,4876934.310886091
36.916000000001226,4876934.325329397
36.926000000001224,4876934.34015835
36.93600000000122,4876934.3543871
36.94600000000122,4876934.368788938
36.95600000000122,4876934.382886343
36.966000000001216,4876934.397042598
36.976000000001214,4876934.411040808
36.98600000000121,4876934.425761625
36.99600000000121,4876934.440335884
37.00600000000121,4876934.454752181
37.016000000001206,4876934.469296776
37.026000000001204,4876934.483221844
37.0360000000012,4876934.497233773
37.0460000000012,4876934.511289886
37.0560000000012,4876934.525330085
37.066000000001196,4876934.539513839
37.076000000001194,4876934.553803459
37.08600000000119,4876934.568211728
37.09600000000119,4876934.582149647
37.10600000000119,4876934.596186761
37.116000000001186,4876934.61024974
37.126000000001184,4876934.624582409
37.13600000000118,4876934.63883007
37.14600000000118,4876934.65301582
37.15600000000118,4876934.667444046
37.166000000001176,4876934.681320701
37.176000000001174,4876934.695236666
37.18600000000117,4876934.709030911
37.19600000000117,4876934.722889046
37.20600000000117,4876934.736872262
37.216000000001166,4876934.751352831
37.226000000001164,4876934.765830679
37.23600000000116,4876934.780059011
37.24600000000116,4876934.794011861
37.25600000000116,4876934.808643528
37.266000000001156,4876934.823095173
37.276000000001154,4876934.837219321
37.28600000000115,4876934.851173051
37.29600000000115,4876934.865511954
37.30600000000115,4876934.879456177
37.31600000000115,4876934.893345648
37.326000000001144,4876934.907369388
37.33600000000114,4876934.921319799
37.34600000000114,4876934.935367374
37.35600000000114,4876934.949407309
37.36600000000114,4876934.963445413
37.376000000001135,4876934.977417232
37.38600000000113,4876934.991179868
37.39600000000113,4876935.005161396
37.40600000000113,4876935.019130783
37.41600000000113,4876935.033246684
37.426000000001125,4876935.047200034
37.43600000000112,4876935.061164109
37.44600000000112,4876935.075149658
37.45600000000112,4876935.08881482
37.46600000000112,4876935.102502149
37.476000000001115,4876935.116288428
37.48600000000111,4876935.130122598
37.49600000000111,4876935.143967553
37.50600000000111,4876935.157778199
37.51600000000111,4876935.171651204
37.526000000001105,4876935.185238694
37.5360000000011,4876935.198774754
37.5460000000011,4876935.212393891
37.5560000000011,4876935.225992526
37.5660000000011,4876935.239768886
37.576000000001095,4876935.253457398
37.58600000000109,4876935.267486122
37.59600000000109,4876935.281305276
37.60600000000109,4876935.295056538
37.61600000000109,4876935.308969762
37.626000000001085,4876935.322720379
37.63600000000108,4876935.336815933
37.64600000000108,4876935.350845377
37.65600000000108,4876935.365169628
37.66600000000108,4876935.379366017
37.676000000001075,4876935.39341357
37.68600000000107,4876935.407561918
37.69600000000107,4876935.421843634
37.70600000000107,4876935.436020256
37.71600000000107,4876935.450576901
37.726000000001065,4876935.465320279
37.73600000000106,4876935.480017256
37.74600000000106,4876935.494718705
37.75600000000106,4876935.509664932
37.76600000000106,4876935.524738886
37.776000000001055,4876935.540188811
37.78600000000105,4876935.555839156
37.79600000000105,4876935.571697543
37.80600000000105,4876935.587025081
37.81600000000105,4876935.602502647
37.826000000001045,4876935.61818205
37.83600000000104,4876935.633613841
37.84600000000104,4876935.648750776
37.85600000000104,4876935.664125077
37.86600000000104,4876935.67918899
37.876000000001035,4876935.694145392
37.88600000000103,4876935.708644721
37.89600000000103,4876935.722850438
37.90600000000103,4876935.737039042
37.91600000000103,4876935.751224331
37.926000000001025,4876935.765600015
37.93600000000102,4876935.779777879
37.94600000000102,4876935.793829502
37.95600000000102,4876935.808156132
37.96600000000102,4876935.823105821
37.976000000001015,4876935.837545749
37.98600000000101,4876935.851745783
37.99600000000101,4876935.866249976
38.00600000000101,4876935.880568293
38.01600000000101,4876935.894490929
38.026000000001005,4876935.908374529
38.036000000001,4876935.922276062
38.046000000001,4876935.936569008
38.056000000001,4876935.950510388
38.066000000001,4876935.964641436
38.076000000000995,4876935.979046273
38.08600000000099,4876935.993390948
38.09600000000099,4876936.007766828
38.10600000000099,4876936.02209624
38.11600000000099,4876936.036591084
38.126000000000985,4876936.050788921
38.13600000000098,4876936.06525164
38.14600000000098,4876936.079550384
38.15600000000098,4876936.093638698
38.16600000000098,4876936.108268253
38.176000000000975,4876936.123082033
38.18600000000097,4876936.137959645
38.19600000000097,4876936.152648091
38.20600000000097,4876936.167605958
38.21600000000097,4876936.182093247
38.226000000000965,4876936.196580043
38.23600000000096,4876936.211363754
38.24600000000096,4876936.22601521
38.25600000000096,4876936.24089125
38.26600000000096,4876936.255584008
38.276000000000955,4876936.270632012
38.28600000000095,4876936.285107695
38.29600000000095,4876936.29946455
38.30600000000095,4876936.314057633
38.31600000000095,4876936.328515656
38.326000000000946,4876936.343155561
38.33600000000094,4876936.357692175
38.34600000000094,4876936.372513567
38.35600000000094,4876936.387026794
38.36600000000094,4876936.401434446
38.376000000000936,4876936.415909198
38.386000000000934,4876936.430432377
38.39600000000093,4876936.444972178
38.40600000000093,4876936.459602488
38.41600000000093,4876936.474364897
38.426000000000926,4876936.488264561
38.436000000000924,4876936.502314783
38.44600000000092,4876936.516325286
38.45600000000092,4876936.530302963
38.46600000000092,4876936.544499336
38.476000000000916,4876936.558480453
38.486000000000914,4876936.572699422
38.49600000000091,4876936.58659939
38.50600000000091,4876936.600413807
38.51600000000091,4876936.614282454
38.526000000000906,4876936.628356889
38.536000000000904,4876936.642766863
38.5460000000009,4876936.657063817
38.5560000000009,4876936.67153922
38.5660000000009,4876936.685585872
38.576000000000896,4876936.699786909
38.586000000000894,4876936.714236592
38.59600000000089,4876936.728804181
38.60600000000089,4876936.743408611
38.61600000000089,4876936.757834273
38.626000000000886,4876936.7726209
38.636000000000884,4876936.786554582
38.64600000000088,4876936.800662591
38.65600000000088,4876936.815076586
38.66600000000088,4876936.82935076
38.676000000000876,4876936.843779083
38.686000000000874,4876936.858344383
38.69600000000087,4876936.872986196
38.70600000000087,4876936.886799615
38.71600000000087,4876936.900910756
38.726000000000866,4876936.914770118
38.736000000000864,4876936.928778525
38.74600000000086,4876936.942847744
38.75600000000086,4876936.956825963
38.76600000000086,4876936.970943161
38.776000000000856,4876936.984752838
38.786000000000854,4876936.998699603
38.79600000000085,4876937.012573349
38.80600000000085,4876937.026448188
38.81600000000085,4876937.040623303
38.826000000000846,4876937.054608489
38.836000000000844,4876937.068699274
38.84600000000084,4876937.082387306
38.85600000000084,4876937.096099256
38.86600000000084,4876937.109746468
38.876000000000836,4876937.12365804
38.886000000000834,4876937.137629178
38.89600000000083,4876937.151523059
38.90600000000083,4876937.165527425
38.91600000000083,4876937.180090661
38.926000000000826,4876937.194249888
38.936000000000824,4876937.208784125
38.94600000000082,4876937.222986448
38.95600000000082,4876937.237297362
38.96600000000082,4876937.251403597
38.976000000000816,4876937.265823332
38.986000000000814,4876937.279759559
38.99600000000081,4876937.293674349
39.00600000000081,4876937.30768687
39.01600000000081,4876937.321745902
39.026000000000806,4876937.335671594
39.036000000000804,4876937.349804742
39.0460000000008,4876937.364112694
39.0560000000008,4876937.378378189
39.0660000000008,4876937.392476006
39.076000000000796,4876937.406534702
39.086000000000794,4876937.420716151
39.09600000000079,4876937.435096619
39.10600000000079,4876937.449309795
39.11600000000079,4876937.463874679
39.126000000000786,4876937.477435524
39.136000000000784,4876937.49091978
39.14600000000078,4876937.504296007
39.15600000000078,4876937.517636771
39.16600000000078,4876937.531574034
39.176000000000776,4876937.545344686
39.186000000000774,4876937.559035136
39.19600000000077,4876937.573110255
39.20600000000077,4876937.586492214
39.21600000000077,4876937.599967967
39.22600000000077,4876937.613620278
39.236000000000764,4876937.627246857
39.24600000000076,4876937.641021485
39.25600000000076,4876937.654596866
39.26600000000076,4876937.668269628
39.27600000000076,4876937.681796289
39.286000000000755,4876937.695237282
39.29600000000075,4876937.708760366
39.30600000000075,4876937.722260919
39.31600000000075,4876937.735837528
39.32600000000075,4876937.749285376
39.336000000000745,4876937.762767162
39.34600000000074,4876937.776306108
39.35600000000074,4876937.7896913
39.36600000000074,4876937.803086972
39.37600000000074,4876937.816804763
39.386000000000735,4876937.830520628
39.39600000000073,4876937.844278421
39.40600000000073,4876937.857696071
39.41600000000073,4876937.871471614
39.42600000000073,4876937.884892398
39.436000000000725,4876937.898491452
39.44600000000072,4876937.911928026
39.45600000000072,4876937.925378575
39.46600000000072,4876937.938842313
39.47600000000072,4876937.952275563
39.486000000000715,4876937.965820649
39.49600000000071,4876937.979380692
39.50600000000071,4876937.992686811
39.51600000000071,4876938.00661904
39.52600000000071,4876938.020543749
39.536000000000705,4876938.034475186
39.5460000000007,4876938.048614073
39.5560000000007,4876938.062503388
39.5660000000007,4876938.076629231
39.5760000000007,4876938.090545402
39.586000000000695,4876938.104579781
39.59600000000069,4876938.11861131
39.60600000000069,4876938.132809194
39.61600000000069,4876938.146976816
39.62600000000069,4876938.161163348
39.636000000000685,4876938.175450136
39.64600000000068,4876938.189516089
39.65600000000068,4876938.20350396
39.66600000000068,4876938.21767616
39.67600000000068,4876938.231949886
39.686000000000675,4876938.245631703
39.69600000000067,4876938.259171638
39.70600000000067,4876938.272795201
39.71600000000067,4876938.286349293
39.72600000000067,4876938.29970953
39.736000000000665,4876938.313100856
39.74600000000066,4876938.326554764
39.75600000000066,4876938.339960665
39.76600000000066,4876938.353414725
39.77600000000066,4876938.36716589
39.786000000000655,4876938.380810706
39.79600000000065,4876938.394272762
39.80600000000065,4876938.407819574
39.81600000000065,4876938.421300493
39.82600000000065,4876938.43491453
39.836000000000645,4876938.448434057
39.84600000000064,4876938.461945717
39.85600000000064,4876938.475873277
39.86600000000064,4876938.489253396
39.87600000000064,4876938.502679023
39.886000000000635,4876938.516268246
39.89600000000063,4876938.529737504
39.90600000000063,4876938.543363641
39.91600000000063,4876938.55687935
39.92600000000063,4876938.570586404
39.936000000000625,4876938.584071262
39.94600000000062,4876938.597570085
39.95600000000062,4876938.611025532
39.96600000000062,4876938.624651783
39.97600000000062,4876938.638319721
39.986000000000615,4876938.651956467
39.99600000000061,4876938.665615427
40.00600000000061,4876938.679247574
40.01600000000061,4876938.692590923
40.02600000000061,4876938.705941311
40.036000000000605,4876938.71945142
40.0460000000006,4876938.732851652
40.0560000000006,4876938.746374775
40.0660000000006,4876938.759745684
40.0760000000006,4876938.773618281
40.086000000000595,4876938.78748154
40.09600000000059,4876938.80196947
40.10600000000059,4876938.815867032
40.11600000000059,4876938.829617143
40.12600000000059,4876938.843239263
40.136000000000585,4876938.856707999
40.14600000000058,4876938.870331141
40.15600000000058,4876938.883948522
40.16600000000058,4876938.897283992
40.17600000000058,4876938.910839503
40.186000000000575,4876938.924334501
40.19600000000057,4876938.93810658
40.20600000000057,4876938.951669667
40.21600000000057,4876938.965344187
40.22600000000057,4876938.978936611
40.236000000000566,4876938.992421572
40.24600000000056,4876939.00613854
40.25600000000056,4876939.019982574
40.26600000000056,4876939.034111806
40.27600000000056,4876939.047822595
40.286000000000556,4876939.061340968
40.296000000000554,4876939.074980169
40.30600000000055,4876939.088332563
40.31600000000055,4876939.101720949
40.32600000000055,4876939.115246618
40.336000000000546,4876939.128894205
40.346000000000544,4876939.14275094
40.35600000000054,4876939.156308617
40.36600000000054,4876939.169996799
40.37600000000054,4876939.18353606
40.386000000000536,4876939.197044648
40.396000000000534,4876939.210689295
40.40600000000053,4876939.224269331
40.41600000000053,4876939.237988928
40.42600000000053,4876939.251960507
40.436000000000526,4876939.26591823
40.446000000000524,4876939.279560453
40.45600000000052,4876939.293494461
40.46600000000052,4876939.307394086
40.47600000000052,4876939.321141019
40.486000000000516,4876939.335070237
40.496000000000514,4876939.349215959
40.50600000000051,4876939.363082361
40.51600000000051,4876939.376893276
40.52600000000051,4876939.390536134
40.536000000000506,4876939.403981102
40.546000000000504,4876939.417626865
40.5560000000005,4876939.431073462
40.5660000000005,4876939.444892258
40.5760000000005,4876939.458406201
40.586000000000496,4876939.472389082
40.596000000000494,4876939.486183378
40.60600000000049,4876939.499659109
40.61600000000049,4876939.513080696
40.62600000000049,4876939.526701498
40.636000000000486,4876939.540464684
40.646000000000484,4876939.554383025
40.65600000000048,4876939.568480526
40.66600000000048,4876939.582478178
40.67600000000048,4876939.59605371
40.686000000000476,4876939.609419685
40.696000000000474,4876939.622925444
40.70600000000047,4876939.636670798
40.71600000000047,4876939.650512426
40.72600000000047,4876939.663945778
40.736000000000466,4876939.677711292
40.746000000000464,4876939.691086513
40.75600000000046,4876939.704537668
40.76600000000046,4876939.717927554
40.77600000000046,4876939.731257673
40.786000000000456,4876939.744902136
40.796000000000454,4876939.758321361
40.80600000000045,4876939.77204007
40.81600000000045,4876939.785550051
40.82600000000045,4876939.799024659
40.836000000000446,4876939.812761995
40.846000000000444,4876939.826612481
40.85600000000044,4876939.840448625
40.86600000000044,4876939.854326786
40.87600000000044,4876939.867954814
40.886000000000436,4876939.881759723
40.896000000000434,4876939.895157817
40.90600000000043,4876939.908604883
40.91600000000043,4876939.922375372
40.92600000000043,4876939.936200303
40.936000000000426,4876939.950106453
40.946000000000424,4876939.963726894
40.95600000000042,4876939.977467511
40.96600000000042,4876939.990982684
40.97600000000042,4876940.0045422
40.986000000000416,4876940.018138531
40.996000000000414,4876940.031884504
41.00600000000041,4876940.045697325
41.01600000000041,4876940.059190038
41.02600000000041,4876940.073122367
41.036000000000406,4876940.086638894
41.046000000000404,4876940.100182259
41.0560000000004,4876940.113866586
41.0660000000004,4876940.127571297
41.0760000000004,4876940.141252798
41.086000000000396,4876940.154988643
41.096000000000394,4876940.16868726
41.10600000000039,4876940.182435104
41.11600000000039,4876940.195919936
41.12600000000039,4876940.209462503
41.13600000000039,4876940.22302246
41.146000000000384,4876940.23673086
41.15600000000038,4876940.250258157
41.16600000000038,4876940.263765906
41.17600000000038,4876940.27761769
41.18600000000038,4876940.291071701
41.196000000000375,4876940.304544387
41.20600000000037,4876940.318053173
41.21600000000037,4876940.331494718
41.22600000000037,4876940.345196752
41.23600000000037,4876940.35874226
41.246000000000365,4876940.372408863
41.25600000000036,4876940.385923239
41.26600000000036,4876940.399296022
41.27600000000036,4876940.412834998
41.28600000000036,4876940.42640665
41.296000000000355,4876940.439934511
41.30600000000035,4876940.453391269
41.31600000000035,4876940.466945911
41.32600000000035,4876940.481360253
41.33600000000035,4876940.49467046
41.346000000000345,4876940.506742191
41.35600000000034,4876940.518273691
41.36600000000034,4876940.52950074
41.37600000000034,4876940.540636224
41.38600000000034,4876940.551473102
41.396000000000335,4876940.561872524
41.40600000000033,4876940.572206997
41.41600000000033,4876940.582219995
41.42600000000033,4876940.592145831
41.43600000000033,4876940.602345489
41.446000000000325,4876940.612112058
41.45600000000032,4876940.622280816
41.46600000000032,4876940.632220167
41.47600000000032,4876940.642425503
41.48600000000032,4876940.652935138
41.496000000000315,4876940.662934817
41.50600000000031,4876940.672983867
41.511508187694496,4876940.699664263
41.521508187694494,4876940.728383878
41.527408294825314,4876940.804500176
41.533308401956134,4876940.839418284
41.54215356431351,4876940.883135866
41.55215356431351,4876940.907471066
41.562153564313505,4876940.933372207
41.5721535643135,4876940.955302608
41.5821535643135,4876940.974498023
41.5921535643135,4876940.991020569
41.6021535643135,4876941.007287991
41.612153564313495,4876941.023855496
41.62215356431349,4876941.04124775
41.63215356431349,4876941.059028414
41.64215356431349,4876941.080552515
41.65215356431349,4876941.103214312
41.662153564313485,4876941.125782351
41.67215356431348,4876941.145447779
41.68215356431348,4876941.166456643
41.69215356431348,4876941.183934283
41.70215356431348,4876941.202304674
41.712153564313475,4876941.219749932
41.72215356431347,4876941.235943625
41.73215356431347,4876941.253777523
41.74215356431347,4876941.271864237
41.75215356431347,4876941.289441202
41.762153564313465,4876941.306811304
41.77215356431346,4876941.323469425
41.78215356431346,4876941.339811285
41.79215356431346,4876941.355487494
41.80215356431346,4876941.371223156
41.812153564313455,4876941.386613826
41.82215356431345,4876941.401792268
41.83215356431345,4876941.416564696
41.84215356431345,4876941.431518138
41.85215356431345,4876941.44647147
41.862153564313445,4876941.461202625
41.87215356431344,4876941.476178694
41.88215356431344,4876941.490906395
41.89215356431344,4876941.505586741
41.90215356431344,4876941.521725584
41.912153564313435,4876941.537738421
41.92215356431343,4876941.554590749
41.93215356431343,4876941.571739247
41.94215356431343,4876941.588758927
41.95215356431343,4876941.605807632
41.962153564313425,4876941.622292283
41.97215356431342,4876941.638376891
41.98215356431342,4876941.654968642
41.99215356431342,4876941.67063789
42.00215356431342,4876941.686367161
42.012153564313415,4876941.70187209
42.02215356431341,4876941.717085779
42.03215356431341,4876941.73234907
42.04215356431341,4876941.747713479
42.05215356431341,4876941.763135321
42.062153564313405,4876941.778765334
42.0721535643134,4876941.794295449
42.0821535643134,4876941.809736992
42.0921535643134,4876941.825207304
42.1021535643134,4876941.840711758
42.112153564313395,4876941.855800337
42.12215356431339,4876941.871020199
42.13215356431339,4876941.8862058
42.14215356431339,4876941.903928749
42.15215356431339,4876941.922179015
42.162153564313385,4876941.937956146
42.17215356431338,4876941.953872127
42.18215356431338,4876941.969017885
42.19215356431338,4876941.984539555
42.20215356431338,4876941.999165747
42.212153564313375,4876942.013856413
42.22215356431337,4876942.028474308
42.23215356431337,4876942.043657546
42.24215356431337,4876942.05879048
42.25215356431337,4876942.073794239
42.262153564313365,4876942.088484785
42.27215356431336,4876942.102963655
42.28215356431336,4876942.118304084
42.29215356431336,4876942.133666158
42.30215356431336,4876942.149060845
42.312153564313356,4876942.164278593
42.32215356431335,4876942.179991742
42.33215356431335,4876942.195175933
42.34215356431335,4876942.210519596
42.35215356431335,4876942.22571138
42.362153564313346,4876942.241212224
42.372153564313344,4876942.257109396
42.38215356431334,4876942.273108688
42.39215356431334,4876942.288896429
42.40215356431334,4876942.304652408
42.412153564313336,4876942.32060653
42.422153564313334,4876942.336389765
42.43215356431333,4876942.352399735
42.44215356431333,4876942.368195175
42.45215356431333,4876942.384326841
42.462153564313326,4876942.400182585
42.472153564313324,4876942.415775294
42.48215356431332,4876942.431267131
42.49215356431332,4876942.446776672
42.50215356431332,4876942.462272778
42.512153564313316,4876942.478086916
42.522153564313314,4876942.493477185
42.53215356431331,4876942.508911579
42.54215356431331,4876942.523612561
42.55215356431331,4876942.538442604
42.562153564313306,4876942.553142483
42.572153564313304,4876942.567950145
42.5821535643133,4876942.582973465
42.5921535643133,4876942.597623412
42.6021535643133,4876942.612246174
42.612153564313296,4876942.626911209
42.622153564313294,4876942.641628439
42.63215356431329,4876942.656347009
42.64215356431329,4876942.671585504
42.65215356431329,4876942.686637348
42.662153564313286,4876942.70164905
42.672153564313284,4876942.716703447
42.68215356431328,4876942.731852872
42.69215356431328,4876942.747095036
42.70215356431328,4876942.762291934
42.712153564313276,4876942.777648632
42.722153564313274,4876942.792846866
42.73215356431327,4876942.807984204
42.74215356431327,4876942.823797245
42.75215356431327,4876942.839326695
42.762153564313266,4876942.855044446
42.772153564313264,4876942.870842858
42.78215356431326,4876942.886505071
42.79215356431326,4876942.902112477
42.80215356431326,4876942.917697471
42.812153564313256,4876942.933311404
42.822153564313254,4876942.949506403
42.83215356431325,4876942.965282538
42.84215356431325,4876942.981398157
42.85215356431325,4876942.997176373
42.862153564313246,4876943.013091253
42.872153564313244,4876943.02820982
42.88215356431324,4876943.043567138
42.89215356431324,4876943.058820454
42.90215356431324,4876943.074039295
42.912153564313236,4876943.088673338
42.922153564313234,4876943.103343974
42.93215356431323,4876943.117988268
42.94215356431323,4876943.132748441
42.95215356431323,4876943.147409707
42.962153564313226,4876943.162086038
42.972153564313224,4876943.176946969
42.98215356431322,4876943.191439882
42.99215356431322,4876943.205990906
43.00215356431322,4876943.220507663
43.012153564313216,4876943.235101233
43.022153564313214,4876943.250007713
43.03215356431321,4876943.264729757
43.04215356431321,4876943.280194861
43.05215356431321,4876943.295361679
43.062153564313206,4876943.310584801
43.072153564313204,4876943.325691739
43.0821535643132,4876943.340457024
43.0921535643132,4876943.355486517
43.1021535643132,4876943.370572706
43.112153564313196,4876943.385358192
43.122153564313194,4876943.40003291
43.13215356431319,4876943.414604172
43.14215356431319,4876943.42930673
43.15215356431319,4876943.444082221
43.162153564313186,4876943.458903581
43.172153564313184,4876943.473769329
43.18215356431318,4876943.488391752
43.19215356431318,4876943.503323036
43.20215356431318,4876943.51791127
43.212153564313176,4876943.532453611
43.222153564313174,4876943.547373558
43.23215356431317,4876943.562260531
43.24215356431317,4876943.577035844
43.25215356431317,4876943.591807306
43.26215356431317,4876943.607071005
43.272153564313165,4876943.622529815
43.28215356431316,4876943.637817253
43.29215356431316,4876943.653192057
43.30215356431316,4876943.669234491
43.31215356431316,4876943.685279396
43.322153564313155,4876943.700981205
43.33215356431315,4876943.717282186
43.34215356431315,4876943.733759378
43.35215356431315,4876943.750138809
43.36215356431315,4876943.766373038
43.372153564313145,4876943.782775799
43.38215356431314,4876943.79945025
43.39215356431314,4876943.816210329
43.40215356431314,4876943.832619749
43.41215356431314,4876943.849291649
43.422153564313135,4876943.865641434
43.43215356431313,4876943.882312418
43.44215356431313,4876943.898382664
43.45215356431313,4876943.914573468
43.46215356431313,4876943.930793424
43.472153564313125,4876943.947340143
43.48215356431312,4876943.963817149
43.49215356431312,4876943.980295541
43.50215356431312,4876943.996456651
43.51215356431312,4876944.012672284
43.522153564313115,4876944.029178718
43.53215356431311,4876944.045434722
43.54215356431311,4876944.061921488
43.55215356431311,4876944.07798148
43.56215356431311,4876944.09360045
43.572153564313105,4876944.109229176
43.5821535643131,4876944.125164986
43.5921535643131,4876944.141192371
43.6021535643131,4876944.157148967
43.6121535643131,4876944.172730772
43.622153564313095,4876944.188164831
43.63215356431309,4876944.203434137
43.64215356431309,4876944.218705924
43.65215356431309,4876944.234094009
43.66215356431309,4876944.248988757
43.672153564313085,4876944.263811592
43.68215356431308,4876944.278913296
43.69215356431308,4876944.293660076
43.70215356431308,4876944.308373988
43.71215356431308,4876944.323313333
43.722153564313075,4876944.338120818
43.73215356431307,4876944.353522136
43.74215356431307,4876944.369090403
43.75215356431307,4876944.384385642
43.76215356431307,4876944.399523946
43.772153564313065,4876944.414918139
43.78215356431306,4876944.430472077
43.79215356431306,4876944.446196563
43.80215356431306,4876944.461880488
43.81215356431306,4876944.47766804
43.822153564313055,4876944.493193372
43.83215356431305,4876944.508749901
43.84215356431305,4876944.524120713
43.85215356431305,4876944.5397591
43.86215356431305,4876944.55553577
43.872153564313045,4876944.571280348
43.88215356431304,4876944.586935911
43.89215356431304,4876944.602677336
43.90215356431304,4876944.618520367
43.91215356431304,4876944.634185788
43.922153564313035,4876944.650171648
43.93215356431303,4876944.665978204
43.94215356431303,4876944.682116711
43.95215356431303,4876944.697753382
43.96215356431303,4876944.713438116
43.972153564313025,4876944.728946073
43.98215356431302,4876944.744532393
43.99215356431302,4876944.760281266
44.00215356431302,4876944.776120793
44.01215356431302,4876944.791840321
44.022153564313015,4876944.807641868
44.03215356431301,4876944.823598611
44.04215356431301,4876944.839405315
44.05215356431301,4876944.855136464
44.06215356431301,4876944.871509225
44.072153564313005,4876944.88764412
44.082153564313,4876944.903711685
44.092153564313,4876944.919008375
44.102153564313,4876944.934334856
44.112153564313,4876944.949830361
44.122153564312995,4876944.96546545
44.13215356431299,4876944.98096959
44.14215356431299,4876944.996226127
44.15215356431299,4876945.011567552
44.16215356431299,4876945.026914684
44.172153564312985,4876945.042347018
44.18215356431298,4876945.057913513
44.19215356431298,4876945.073404119
44.20215356431298,4876945.088696137
44.21215356431298,4876945.104076636
44.222153564312976,4876945.11953117
44.23215356431297,4876945.134979494
44.24215356431297,4876945.150444252
44.25215356431297,4876945.165856889
44.26215356431297,4876945.181508223
44.272153564312966,4876945.196986241
44.282153564312964,4876945.212473492
44.29215356431296,4876945.227880659
44.30215356431296,4876945.243296234
44.31215356431296,4876945.258861079
44.322153564312956,4876945.274487805
44.332153564312954,4876945.289781236
44.34215356431295,4876945.305053749
44.35215356431295,4876945.320451733
44.36215356431295,4876945.335686605
44.372153564312946,4876945.351216941
44.382153564312944,4876945.366222906
44.39215356431294,4876945.381265402
44.40215356431294,4876945.396126231
44.41215356431294,4876945.411182085
44.422153564312936,4876945.425851059
44.432153564312934,4876945.440585087
44.44215356431293,4876945.455490118
44.45215356431293,4876945.470350688
44.46215356431293,4876945.485505488
44.472153564312926,4876945.500224318
44.482153564312924,4876945.51494741
44.49215356431292,4876945.52966103
44.50215356431292,4876945.544420683
44.51215356431292,4876945.559534264
44.522153564312916,4876945.574492524
44.532153564312914,4876945.589471699
44.54215356431291,4876945.604191781
44.55215356431291,4876945.618924484
44.56215356431291,4876945.633684734
44.572153564312906,4876945.648784536
44.582153564312904,4876945.663664224
44.5921535643129,4876945.678748761
44.6021535643129,4876945.69360005
44.6121535643129,4876945.708376458
44.622153564312896,4876945.723319739
44.632153564312894,4876945.738866478
44.64215356431289,4876945.753961747
44.65215356431289,4876945.768983159
44.66215356431289,4876945.784188992
44.672153564312886,4876945.798883839
44.682153564312884,4876945.813679066
44.69215356431288,4876945.828494131
44.70215356431288,4876945.84321213
44.71215356431288,4876945.858088493
44.722153564312876,4876945.872795559
44.732153564312874,4876945.887713612
44.74215356431287,4876945.902337303
44.75215356431287,4876945.917228852
44.76215356431287,4876945.931939328
44.772153564312866,4876945.946762648
44.782153564312864,4876945.961485653
44.79215356431286,4876945.976145899
44.80215356431286,4876945.990866974
44.81215356431286,4876946.005552153
44.822153564312856,4876946.020163509
44.832153564312854,4876946.03503288
44.84215356431285,4876946.050133976
44.85215356431285,4876946.065217339
44.86215356431285,4876946.08084208
44.872153564312846,4876946.098013841
44.882153564312844,4876946.115427154
44.89215356431284,4876946.130367257
44.90215356431284,4876946.145405583
44.91215356431284,4876946.160368035
44.922153564312836,4876946.175482366
44.932153564312834,4876946.190460811
44.94215356431283,4876946.205342153
44.95215356431283,4876946.220128263
44.96215356431283,4876946.23514561
44.972153564312826,4876946.25022987
44.982153564312824,4876946.265093604
44.99215356431282,4876946.280154707
45.00215356431282,4876946.295109354
45.01215356431282,4876946.309865894
45.022153564312816,4876946.324699515
45.032153564312814,4876946.339529156
45.04215356431281,4876946.354568069
45.05215356431281,4876946.369456156
45.06215356431281,4876946.384423492
45.072153564312806,4876946.399343676
45.082153564312804,4876946.414359262
45.0921535643128,4876946.429105896
45.1021535643128,4876946.444080486
45.1121535643128,4876946.458942463
45.1221535643128,4876946.473872296
45.132153564312794,4876946.489218902
45.14215356431279,4876946.505254901
45.15215356431279,4876946.520674623
45.16215356431279,4876946.535832373
45.17215356431279,4876946.550942059
45.182153564312785,4876946.56586792
45.19215356431278,4876946.580981245
45.20215356431278,4876946.595892023
45.21215356431278,4876946.61078292
45.22215356431278,4876946.625677402
45.232153564312775,4876946.640443421
45.24215356431277,4876946.655469152
45.25215356431277,4876946.67010039
45.26215356431277,4876946.685231338
45.27215356431277,4876946.6999356
45.282153564312765,4876946.714838498
45.29215356431276,4876946.729702485
45.30215356431276,4876946.744621792
45.31215356431276,4876946.759701944
45.32215356431276,4876946.774607251
45.332153564312755,4876946.789637723
45.34215356431275,4876946.804878656
45.35215356431275,4876946.819986663
45.36215356431275,4876946.834934221
45.37215356431275,4876946.849947404
45.382153564312745,4876946.865055307
45.39215356431274,4876946.880076633
45.40215356431274,4876946.894972969
45.41215356431274,4876946.909958064
45.42215356431274,4876946.924712046
45.432153564312735,4876946.939579526
45.44215356431273,4876946.954670607
45.45215356431273,4876946.969625905
45.46215356431273,4876946.984855495
45.47215356431273,4876946.999908607
45.482153564312725,4876947.014831318
45.49215356431272,4876947.029934555
45.50215356431272,4876947.044863578
45.51215356431272,4876947.059975526
45.52215356431272,4876947.074983953
45.532153564312715,4876947.090013837
45.54215356431271,4876947.104772922
45.55215356431271,4876947.119749923
45.56215356431271,4876947.134715078
45.57215356431271,4876947.149824918
45.582153564312705,4876947.164949411
45.5921535643127,4876947.179921638
45.6021535643127,4876947.194764926
45.6121535643127,4876947.209794419
45.6221535643127,4876947.224592954
45.632153564312695,4876947.239612378
45.64215356431269,4876947.254508041
45.65215356431269,4876947.270027453
45.66215356431269,4876947.285769565
45.67215356431269,4876947.301215391
45.682153564312685,4876947.316647939
45.69215356431268,4876947.332181913
45.70215356431268,4876947.347707068
45.71215356431268,4876947.363237765
45.72215356431268,4876947.378895915
45.732153564312675,4876947.394370892
45.74215356431267,4876947.409855927
45.75215356431267,4876947.425218091
45.76215356431267,4876947.440976715
45.77215356431267,4876947.456306358
45.782153564312665,4876947.471288395
45.79215356431266,4876947.486601235
45.80215356431266,4876947.50160232
45.81215356431266,4876947.516707646
45.82215356431266,4876947.531732509
45.832153564312655,4876947.546749049
45.84215356431265,4876947.562082654
45.85215356431265,4876947.577395494
45.86215356431265,4876947.592539899
45.87215356431265,4876947.607372375
45.882153564312645,4876947.62243111
45.89215356431264,4876947.637457127
45.90215356431264,4876947.652743145
45.91215356431264,4876947.667842445
45.92215356431264,4876947.683170056
45.932153564312635,4876947.698078967
45.94215356431263,4876947.712938796
45.95215356431263,4876947.72794568
45.96215356431263,4876947.742776896
45.97215356431263,4876947.757943419
45.982153564312625,4876947.773280321
45.99215356431262,4876947.788508746
46.00215356431262,4876947.803450495
46.01215356431262,4876947.818345458
46.02215356431262,4876947.833440153
46.032153564312615,4876947.848543156
46.04215356431261,4876947.863682149
46.05215356431261,4876947.878826408
46.06215356431261,4876947.893871748
46.07215356431261,4876947.908733341
46.082153564312605,4876947.923616206
46.0921535643126,4876947.938708315
46.1021535643126,4876947.953789607
46.1121535643126,4876947.968873579
46.1221535643126,4876947.984139177
46.132153564312596,4876947.99909102
46.14215356431259,4876948.01418625
46.15215356431259,4876948.029239959
46.16215356431259,4876948.044053613
46.17215356431259,4876948.059130982
46.182153564312586,4876948.074358347
46.192153564312584,4876948.089630126
46.20215356431258,4876948.10472034
46.21215356431258,4876948.119976991
46.22215356431258,4876948.135254908
46.232153564312576,4876948.150546491
46.242153564312574,4876948.1658078
46.25215356431257,4876948.181113793
46.26215356431257,4876948.196208922
46.27215356431257,4876948.211295013
46.282153564312566,4876948.226513385
46.292153564312564,4876948.241573537
46.30215356431256,4876948.25696034
46.31215356431256,4876948.272082625
46.32215356431256,4876948.287267869
46.332153564312556,4876948.302398115
46.342153564312554,4876948.317585962
46.35215356431255,4876948.332746939
46.36215356431255,4876948.348018353
46.37215356431255,4876948.363404705
46.382153564312546,4876948.378774728
46.392153564312544,4876948.393963638
46.40215356431254,4876948.409057689
46.41215356431254,4876948.424293696
46.42215356431254,4876948.439468549
46.432153564312536,4876948.454686153
46.442153564312534,4876948.469962938
46.45215356431253,4876948.485920365
46.46215356431253,4876948.501712797
46.47215356431253,4876948.517474381
46.482153564312526,4876948.533256973
46.492153564312524,4876948.549031442
46.50215356431252,4876948.564910238
46.51215356431252,4876948.580600657
46.52215356431252,4876948.596224905
46.532153564312516,4876948.611762199
46.542153564312514,4876948.627204896
46.55215356431251,4876948.64286117
46.56215356431251,4876948.658714579
46.57215356431251,4876948.674147559
46.582153564312506,4876948.689955985
46.592153564312504,4876948.705326519
46.6021535643125,4876948.720935485
46.6121535643125,4876948.736559606
46.6221535643125,4876948.752059885
46.632153564312496,4876948.767734894
46.642153564312494,4876948.78332045
46.65215356431249,4876948.799507439
46.66215356431249,4876948.815291133
46.67215356431249,4876948.831021198
46.682153564312486,4876948.846637194
46.692153564312484,4876948.862493569
46.70215356431248,4876948.877629709
46.71215356431248,4876948.892449913
46.72215356431248,4876948.90723403
46.732153564312476,4876948.922105687
46.742153564312474,4876948.937054521
46.75215356431247,4876948.951993075
46.76215356431247,4876948.96698075
46.77215356431247,4876948.981843421
46.782153564312466,4876948.996793389
46.792153564312464,4876949.011663677
46.80215356431246,4876949.026725292
46.81215356431246,4876949.041737133
46.82215356431246,4876949.056832384
46.832153564312456,4876949.071688599
46.842153564312454,4876949.086892368
46.85215356431245,4876949.101740965
46.86215356431245,4876949.116651224
46.87215356431245,4876949.131691718
46.882153564312446,4876949.146555026
46.892153564312444,4876949.161656662
46.90215356431244,4876949.176679802
46.91215356431244,4876949.191655991
46.92215356431244,4876949.206617074
46.932153564312436,4876949.221547899
46.942153564312434,4876949.236338615
46.95215356431243,4876949.251412497
46.96215356431243,4876949.266604314
46.97215356431243,4876949.281759637
46.982153564312426,4876949.296857323
46.992153564312424,4876949.311607751
47.00215356431242,4876949.326374595
47.01215356431242,4876949.341262839
47.02215356431242,4876949.356219403
47.03215356431242,4876949.371313913
47.042153564312414,4876949.386448154
47.05215356431241,4876949.401344745
47.06215356431241,4876949.416152981
47.07215356431241,4876949.430974608
47.08215356431241,4876949.445772698
47.092153564312405,4876949.46070699
47.1021535643124,4876949.475770857
47.1121535643124,4876949.490878708
47.1221535643124,4876949.505663274
47.1321535643124,4876949.520630942
47.142153564312395,4876949.535555998
47.15215356431239,4876949.550736262
47.16215356431239,4876949.566028571
47.17215356431239,4876949.581282459
47.18215356431239,4876949.596269328
47.192153564312385,4876949.611156098
47.20215356431238,4876949.626122644
47.21215356431238,4876949.641232438
47.22215356431238,4876949.656474368
47.23215356431238,4876949.67153147
47.242153564312375,4876949.686728753
47.25215356431237,4876949.701493123
47.26215356431237,4876949.716606214
47.27215356431237,4876949.731647121
47.28215356431237,4876949.746508889
47.292153564312365,4876949.761710195
47.30215356431236,4876949.776683088
47.31215356431236,4876949.791647463
47.32215356431236,4876949.8065292
47.33215356431236,4876949.821769476
47.342153564312355,4876949.836680034
47.35215356431235,4876949.85165496
47.36215356431235,4876949.866946976
47.37215356431235,4876949.882041965
47.38215356431235,4876949.897272184
47.392153564312345,4876949.912193838
47.40215356431234,4876949.927231446
47.41215356431234,4876949.942261166
47.42215356431234,4876949.957445272
47.43215356431234,4876949.972515036
47.442153564312335,4876949.987893921
47.45215356431233,4876950.002922952
47.46215356431233,4876950.01788914
47.47215356431233,4876950.032797359
47.48215356431233,4876950.047858337
47.492153564312325,4876950.063250001
47.50215356431232,4876950.078413829
47.51215356431232,4876950.093469795
47.52215356431232,4876950.108651215
47.53215356431232,4876950.124357274
47.542153564312315,4876950.140071262
47.55215356431231,4876950.155552196
47.56215356431231,4876950.170816362
47.57215356431231,4876950.18624305
47.58215356431231,4876950.201421005
47.592153564312305,4876950.216240411
47.6021535643123,4876950.231130122
47.6121535643123,4876950.24597259
47.6221535643123,4876950.260906931
47.6321535643123,4876950.275679915
47.642153564312295,4876950.290661879
47.65215356431229,4876950.305301365
47.66215356431229,4876950.320081786
47.67215356431229,4876950.334858349
47.68215356431229,4876950.349623508
47.692153564312285,4876950.364477933
47.70215356431228,4876950.379604485
47.71215356431228,4876950.394472424
47.72215356431228,4876950.409318854
47.73215356431228,4876950.424182163
47.742153564312275,4876950.438878858
47.75215356431227,4876950.453726638
47.76215356431227,4876950.46895188
47.77215356431227,4876950.484053584
47.78215356431227,4876950.499059783
47.792153564312265,4876950.513951907
47.80215356431226,4876950.528942197
47.81215356431226,4876950.543909402
47.82215356431226,4876950.55920483
47.83215356431226,4876950.574084699
47.842153564312255,4876950.589377619
47.85215356431225,4876950.604419371
47.86215356431225,4876950.619365018
47.87215356431225,4876950.63431976
47.88215356431225,4876950.64927614
47.892153564312245,4876950.664351262
47.90215356431224,4876950.679505865
47.91215356431224,4876950.694462147
47.92215356431224,4876950.709356198
47.93215356431224,4876950.7242122
47.942153564312235,4876950.739152805
47.95215356431223,4876950.754206598
47.96215356431223,4876950.769389365
47.97215356431223,4876950.784570615
47.98215356431223,4876950.799665927
47.992153564312225,4876950.814793318
48.00215356431222,4876950.829811288
48.01215356431222,4876950.844619786
48.02215356431222,4876950.859735162
48.03215356431222,4876950.874607099
48.042153564312216,4876950.889730587
48.05215356431221,4876950.904673667
48.06215356431221,4876950.919416024
48.07215356431221,4876950.934258035
48.08215356431221,4876950.949130768
48.092153564312206,4876950.964334223
48.102153564312204,4876950.979569291
48.1121535643122,4876950.994559007
48.1221535643122,4876951.0095619
48.1321535643122,4876951.024507724
48.142153564312196,4876951.039302713
48.152153564312194,4876951.054249348
48.16215356431219,4876951.069406986
48.17215356431219,4876951.084683349
48.18215356431219,4876951.099661849
48.192153564312186,4876951.114536886
48.202153564312184,4876951.12968936
48.21215356431218,4876951.144725868
48.22215356431218,4876951.160096005
48.23215356431218,4876951.175335741
48.242153564312176,4876951.191094317
48.252153564312174,4876951.206321689
48.26215356431217,4876951.2213964
48.27215356431217,4876951.236365715
48.28215356431217,4876951.251353403
48.292153564312166,4876951.266673265
48.302153564312164,4876951.281860195
48.31215356431216,4876951.296958636
48.32215356431216,4876951.312294308
48.33215356431216,4876951.327499063
48.342153564312156,4876951.342621686
48.352153564312154,4876951.357582234
48.36215356431215,4876951.372890707
48.37215356431215,4876951.388177142
48.38215356431215,4876951.403187667
48.392153564312146,4876951.418243184
48.402153564312144,4876951.433327322
48.41215356431214,4876951.448431622
48.42215356431214,4876951.463729286
48.43215356431214,4876951.478850986
48.442153564312136,4876951.494023834
48.452153564312134,4876951.508927191
48.46215356431213,4876951.523994163
48.47215356431213,4876951.539046332
48.48215356431213,4876951.55437434
48.492153564312126,4876951.56985186
48.502153564312124,4876951.58515904
48.51215356431212,4876951.600159692
48.52215356431212,4876951.61521487
48.53215356431212,4876951.630341435
48.542153564312116,4876951.645415351
48.552153564312114,4876951.660909133
48.56215356431211,4876951.676245765
48.57215356431211,4876951.691814229
48.58215356431211,4876951.707078207
48.592153564312106,4876951.722121687
48.602153564312104,4876951.737455421
48.6121535643121,4876951.752602661
48.6221535643121,4876951.768117018
48.6321535643121,4876951.783481512
48.642153564312096,4876951.798656383
48.652153564312094,4876951.813787469
48.66215356431209,4876951.828873762
48.67215356431209,4876951.844134606
48.68215356431209,4876951.859496976
48.692153564312086,4876951.874923763
48.702153564312084,4876951.890380932
48.71215356431208,4876951.905598387
48.72215356431208,4876951.920653438
48.73215356431208,4876951.935756013
48.742153564312076,4876951.950761784
48.752153564312074,4876951.966244271
48.76215356431207,4876951.981419552
48.77215356431207,4876951.99654791
48.78215356431207,4876952.011683387
48.792153564312066,4876952.026824388
48.802153564312064,4876952.041950256
48.81215356431206,4876952.057439594
48.82215356431206,4876952.07280433
48.83215356431206,4876952.088138206
48.842153564312056,4876952.103265003
48.852153564312054,4876952.118443799
48.86215356431205,4876952.133656944
48.87215356431205,4876952.148890325
48.88215356431205,4876952.164281651
48.892153564312046,4876952.179391552
48.902153564312044,4876952.194728524
48.91215356431204,4876952.209716525
48.92215356431204,4876952.224822032
48.93215356431204,4876952.240083428
48.94215356431204,4876952.255214997
48.952153564312034,4876952.270627376
48.96215356431203,4876952.285946573
48.97215356431203,4876952.301094667
48.98215356431203,4876952.316236106
48.99215356431203,4876952.331346941
49.002153564312025,4876952.346385174
49.01215356431202,4876952.361812922
49.02215356431202,4876952.376969874
49.03215356431202,4876952.392396259
49.04215356431202,4876952.407508391
49.052153564312015,4876952.42243337
49.06215356431201,4876952.437678276
49.07215356431201,4876952.452737335
49.08215356431201,4876952.468287271
49.09215356431201,4876952.483754448
49.102153564312005,4876952.49924242
49.112153564312,4876952.514485212
49.122153564312,4876952.529650036
49.132153564312,4876952.544823356
49.142153564312,4876952.560272328
49.152153564311995,4876952.57555141
49.16215356431199,4876952.591044425
49.17215356431199,4876952.606197625
49.18215356431199,4876952.621566602
49.19215356431199,4876952.63703858
49.202153564311985,4876952.652155828
49.21215356431198,4876952.667655944
49.22215356431198,4876952.68301552
49.23215356431198,4876952.698353865
49.24215356431198,4876952.713523265
49.252153564311975,4876952.728638176
49.26215356431197,4876952.743743165
49.27215356431197,4876952.758919479
49.28215356431197,4876952.774253144
49.29215356431197,4876952.78970145
49.302153564311965,4876952.805076024
49.31215356431196,4876952.820530906
49.32215356431196,4876952.835835577
49.33215356431196,4876952.851089642
49.34215356431196,4876952.866712535
49.352153564311955,4876952.882093177
49.36215356431195,4876952.897583582
49.37215356431195,4876952.912733367
49.38215356431195,4876952.92798784
49.39215356431195,4876952.943280947
49.402153564311945,4876952.958505761
49.41215356431194,4876952.974066182
49.42215356431194,4876952.989587574
49.43215356431194,4876953.004670686
49.44215356431194,4876953.020251841
49.452153564311935,4876953.035457808
49.46215356431193,4876953.050803355
49.47215356431193,4876953.066305172
49.48215356431193,4876953.08169907
49.49215356431193,4876953.097067821
49.502153564311925,4876953.112299391
49.51215356431192,4876953.127618028
49.52215356431192,4876953.142877287
49.53215356431192,4876953.158279513
49.54215356431192,4876953.17386362
49.552153564311915,4876953.189460412
49.56215356431191,4876953.204977648
49.57215356431191,4876953.220491606
49.58215356431191,4876953.23582267
49.59215356431191,4876953.251367917
49.602153564311905,4876953.26702171
49.6121535643119,4876953.282823373
49.6221535643119,4876953.298536183
49.6321535643119,4876953.31394715
49.6421535643119,4876953.329359805
49.652153564311895,4876953.344739747
49.66215356431189,4876953.360229256
49.67215356431189,4876953.37582316
49.68215356431189,4876953.391465577
49.69215356431189,4876953.406658758
49.702153564311885,4876953.421978912
49.71215356431188,4876953.43733023
49.72215356431188,4876953.452543029
49.73215356431188,4876953.467932168
49.74215356431188,4876953.483470035
49.752153564311875,4876953.498786632
49.76215356431187,4876953.51413782
49.77215356431187,4876953.529431841
49.78215356431187,4876953.544730716
49.79215356431187,4876953.560432737
49.802153564311865,4876953.575931324
49.81215356431186,4876953.591657743
49.82215356431186,4876953.60685804
49.83215356431186,4876953.622246767
49.84215356431186,4876953.637534683
49.852153564311855,4876953.652585968
49.86215356431185,4876953.668170824
49.87215356431185,4876953.68377711
49.88215356431185,4876953.699151934
49.89215356431185,4876953.714431957
49.902153564311845,4876953.72969689
49.91215356431184,4876953.744941566
49.92215356431184,4876953.760327771
49.93215356431184,4876953.775834434
49.94215356431184,4876953.791289657
49.952153564311836,4876953.806946863
49.96215356431183,4876953.822303514
49.97215356431183,4876953.837567208
49.98215356431183,4876953.852750331
49.99215356431183,4876953.86823816
50.002153564311826,4876953.883574419
50.012153564311824,4876953.89879859
50.02215356431182,4876953.914191758
50.03215356431182,4876953.929122906
50.04215356431182,4876953.944161317
50.052153564311816,4876953.959337754
50.062153564311814,4876953.974632229
50.07215356431181,4876953.990483194
50.08215356431181,4876954.006870653
50.09215356431181,4876954.022930954
50.102153564311806,4876954.038311662
50.112153564311804,4876954.053561903
50.1221535643118,4876954.068902552
50.1321535643118,4876954.084208944
50.1421535643118,4876954.099658108
50.152153564311796,4876954.11498746
50.162153564311794,4876954.130812784
50.17215356431179,4876954.146368353
50.18215356431179,4876954.161977074
50.19215356431179,4876954.18016274
50.202153564311786,4876954.196826579
50.212153564311784,4876954.212336961
50.22215356431178,4876954.227199492
50.23215356431178,4876954.242124043
50.24215356431178,4876954.257228448
50.252153564311776,4876954.272577614
50.262153564311774,4876954.287885179
50.27215356431177,4876954.303951278
50.28215356431177,4876954.319510702
50.29215356431177,4876954.33475636
50.302153564311766,4876954.353408195
50.312153564311764,4876954.373102229
50.32215356431176,4876954.392038659
50.33215356431176,4876954.41187505
50.34215356431176,4876954.432194892
50.352153564311756,4876954.452851302
50.362153564311754,4876954.473692889
50.37215356431175,4876954.494660648
50.38215356431175,4876954.515365448
50.39215356431175,4876954.536090913
50.402153564311746,4876954.556824308
50.412153564311744,4876954.577736645
50.42215356431174,4876954.59870607
50.43215356431174,4876954.61961118
50.44215356431174,4876954.640415236
50.452153564311736,4876954.661140678
50.462153564311734,4876954.682095923
50.47215356431173,4876954.702718126
50.48215356431173,4876954.723074811
50.49215356431173,4876954.743608448
50.502153564311726,4876954.764261927
50.512153564311724,4876954.785045968
50.52215356431172,4876954.805219057
50.53215356431172,4876954.825815156
50.54215356431172,4876954.845679282
50.552153564311716,4876954.865890768
50.562153564311714,4876954.886051294
50.57215356431171,4876954.906440677
50.58215356431171,4876954.926505818
50.59215356431171,4876954.946401948
50.602153564311706,4876954.966560463
50.612153564311704,4876954.986887524
50.6221535643117,4876955.006960702
50.6321535643117,4876955.02703601
50.6421535643117,4876955.047025201
50.652153564311696,4876955.067240439
50.662153564311694,4876955.08738462
50.67215356431169,4876955.1075105
50.68215356431169,4876955.128231361
50.69215356431169,4876955.148487084
50.702153564311686,4876955.168695574
50.712153564311684,4876955.188464618
50.72215356431168,4876955.208578574
50.73215356431168,4876955.22845193
50.74215356431168,4876955.248519242
50.752153564311676,4876955.268438353
50.762153564311674,4876955.288908137
50.77215356431167,4876955.309375419
50.78215356431167,4876955.329475695
50.79215356431167,4876955.349857572
50.802153564311666,4876955.370349196
50.812153564311664,4876955.39067466
50.82215356431166,4876955.410672202
50.83215356431166,4876955.430905334
50.84215356431166,4876955.450628249
50.85215356431166,4876955.47068478
50.862153564311654,4876955.4906267
50.87215356431165,4876955.51006488
50.88215356431165,4876955.52964648
50.89215356431165,4876955.548265835
50.90215356431165,4876955.567282621
50.912153564311645,4876955.586090292
50.92215356431164,4876955.604491851
50.93215356431164,4876955.623047834
50.94215356431164,4876955.641445573
50.95215356431164,4876955.659473199
50.962153564311635,4876955.678368138
50.97215356431163,4876955.697363824
50.98215356431163,4876955.716340538
50.99215356431163,4876955.734632658
51.00215356431163,4876955.75321086
51.012153564311625,4876955.771910878
51.02215356431162,4876955.790771006
51.03215356431162,4876955.809191039
51.04215356431162,4876955.827502667
51.05215356431162,4876955.846000049
51.062153564311615,4876955.864274752
51.07215356431161,4876955.882576602
51.08215356431161,4876955.901061604
51.09215356431161,4876955.91954141
51.10215356431161,4876955.9377699
51.112153564311605,4876955.956157259
51.1221535643116,4876955.975466021
51.1321535643116,4876955.993982531
51.1421535643116,4876956.012458091
51.1521535643116,4876956.030925268
51.162153564311595,4876956.049174997
51.17215356431159,4876956.068034198
51.18215356431159,4876956.086851019
51.19215356431159,4876956.105701829
51.20215356431159,4876956.12349435
51.212153564311585,4876956.14222796
51.22215356431158,4876956.160311928
51.23215356431158,4876956.178601735
51.24215356431158,4876956.197135598
51.25215356431158,4876956.215202574
51.262153564311575,4876956.233197901
51.27215356431157,4876956.251619532
51.28215356431157,4876956.270086191
51.29215356431157,4876956.288283366
51.30215356431157,4876956.306355442
51.312153564311565,4876956.32457094
51.32215356431156,4876956.342105093
51.33215356431156,4876956.360140567
51.34215356431156,4876956.378464862
51.35215356431156,4876956.396570949
51.362153564311555,4876956.414692905
51.37215356431155,4876956.432356815
51.38215356431155,4876956.450509649
51.39215356431155,4876956.468483879
51.40215356431155,4876956.487262476
51.412153564311545,4876956.506550455
51.42215356431154,4876956.524760848
51.43215356431154,4876956.543535154
51.44215356431154,4876956.562107218
51.45215356431154,4876956.581021118
51.462153564311535,4876956.600081035
51.47215356431153,4876956.618816359
51.48215356431153,4876956.638225619
51.49215356431153,4876956.656892384
51.50215356431153,4876956.675821099
51.512153564311525,4876956.695033227
51.52215356431152,4876956.713667267
51.53215356431152,4876956.732214166
51.54215356431152,4876956.751110205
51.55215356431152,4876956.769907504
51.562153564311515,4876956.78928845
51.57215356431151,4876956.808024339
51.58215356431151,4876956.827318014
51.59215356431151,4876956.845769797
51.60215356431151,4876956.865163896
51.612153564311505,4876956.883904686
51.6221535643115,4876956.903327688
51.6321535643115,4876956.921879988
51.6421535643115,4876956.940994425
51.6521535643115,4876956.959420648
51.662153564311495,4876956.978253368
51.67215356431149,4876956.997579334
51.68215356431149,4876957.015914922
51.69215356431149,4876957.034562986
51.70215356431149,4876957.053341417
51.712153564311485,4876957.072070664
51.72215356431148,4876957.090964567
51.73215356431148,4876957.109692608
51.74215356431148,4876957.128303943
51.75215356431148,4876957.147174641
51.762153564311475,4876957.166163982
51.77215356431147,4876957.185486382
51.78215356431147,4876957.204619184
51.79215356431147,4876957.22329645
51.80215356431147,4876957.242063436
51.812153564311465,4876957.26075537
51.82215356431146,4876957.279183134
51.83215356431146,4876957.298337349
51.84215356431146,4876957.316692446
51.85215356431146,4876957.335268223
51.862153564311456,4876957.353959198
51.87215356431145,4876957.373030341
51.88215356431145,4876957.392420051
51.89215356431145,4876957.411515892
51.90215356431145,4876957.43044364
51.912153564311446,4876957.448367978
51.922153564311444,4876957.467108682
51.93215356431144,4876957.48599153
51.94215356431144,4876957.504878244
51.95215356431144,4876957.523652203
51.962153564311436,4876957.541717195
51.972153564311434,4876957.56054822
51.98215356431143,4876957.579029817
51.99215356431143,4876957.597658617
52.00215356431143,4876957.615619635
52.012153564311426,4876957.633424731
52.022153564311424,4876957.652235679
52.03215356431142,4876957.67132726
52.04215356431142,4876957.690220152
52.05215356431142,4876957.708193077
52.062153564311416,4876957.726234605
52.072153564311414,4876957.744703655
52.08215356431141,4876957.763234665
52.09215356431141,4876957.781902989
52.10215356431141,4876957.800992424
52.112153564311406,4876957.819353822
52.122153564311404,4876957.837929854
52.1321535643114,4876957.855663597
52.1421535643114,4876957.874514064
52.1521535643114,4876957.892527613
52.162153564311396,4876957.911035556
52.172153564311394,4876957.928706235
52.18215356431139,4876957.947332137
52.19215356431139,4876957.964951548
52.20215356431139,4876957.983228486
52.212153564311386,4876958.002115136
52.222153564311384,4876958.020345818
52.23215356431138,4876958.038460206
52.24215356431138,4876958.057184274
52.25215356431138,4876958.075561377
52.262153564311376,4876958.094354717
52.272153564311374,4876958.112574891
52.28215356431137,4876958.130436626
52.29215356431137,4876958.148589252
52.30215356431137,4876958.166877021
52.312153564311366,4876958.184538746
52.322153564311364,4876958.203146413
52.33215356431136,4876958.221478443
52.34215356431136,4876958.239875312
52.35215356431136,4876958.257415373
52.362153564311356,4876958.275365901
52.372153564311354,4876958.293813113
52.38215356431135,4876958.312317188
52.39215356431135,4876958.331087848
52.40215356431135,4876958.349700928
52.412153564311346,4876958.368267118
52.422153564311344,4876958.387440126
52.43215356431134,4876958.405688643
52.44215356431134,4876958.423909059
52.45215356431134,4876958.442720068
52.462153564311336,4876958.461134939
52.472153564311334,4876958.479852097
52.48215356431133,4876958.498449698
52.49215356431133,4876958.516672478
52.50215356431133,4876958.535042105
52.512153564311326,4876958.553539101
52.522153564311324,4876958.572121986
52.53215356431132,4876958.590705376
52.54215356431132,4876958.609015676
52.55215356431132,4876958.627424565
52.562153564311316,4876958.645687052
52.572153564311314,4876958.66406989
52.58215356431131,4876958.682954179
52.59215356431131,4876958.701813998
52.60215356431131,4876958.720184759
52.612153564311306,4876958.738796922
52.622153564311304,4876958.757556047
52.6321535643113,4876958.776139002
52.6421535643113,4876958.794800849
52.6521535643113,4876958.814170636
52.662153564311296,4876958.832660432
52.672153564311294,4876958.850526016
52.68215356431129,4876958.868369102
52.69215356431129,4876958.886150719
52.70215356431129,4876958.904804738
52.712153564311286,4876958.923076516
52.722153564311284,4876958.940812322
52.73215356431128,4876958.959060831
52.74215356431128,4876958.976855446
52.75215356431128,4876958.995057334
52.76215356431128,4876959.012881122
52.772153564311274,4876959.030735651
52.78215356431127,4876959.049233387
52.79215356431127,4876959.06703324
52.80215356431127,4876959.085097676
52.81215356431127,4876959.103289896
52.822153564311265,4876959.121263598
52.83215356431126,4876959.139488049
52.84215356431126,4876959.157368796
52.85215356431126,4876959.175132813
52.86215356431126,4876959.19335835
52.872153564311255,4876959.211056439
52.88215356431125,4876959.22869334
52.89215356431125,4876959.246702871
52.90215356431125,4876959.265340025
52.91215356431125,4876959.284081211
52.922153564311245,4876959.302551482
52.93215356431124,4876959.320727375
52.94215356431124,4876959.338991838
52.95215356431124,4876959.356953081
52.96215356431124,4876959.374781063
52.972153564311235,4876959.392909617
52.98215356431123,4876959.411336453
52.99215356431123,4876959.429262506
53.00215356431123,4876959.44743057
53.01215356431123,4876959.465582439
53.022153564311225,4876959.483770265
53.03215356431122,4876959.501668512
53.04215356431122,4876959.51913669
53.05215356431122,4876959.53720637
53.06215356431122,4876959.556044875
53.072153564311215,4876959.574821833
53.08215356431121,4876959.593413121
53.09215356431121,4876959.611985946
53.10215356431121,4876959.630399705
53.11215356431121,4876959.648735863
53.122153564311205,4876959.666539691
53.1321535643112,4876959.685265568
53.1421535643112,4876959.70427043
53.1521535643112,4876959.722697513
53.1621535643112,4876959.741463234
53.172153564311195,4876959.759869143
53.18215356431119,4876959.777601561
53.19215356431119,4876959.795535791
53.20215356431119,4876959.814173097
53.21215356431119,4876959.832576276
53.222153564311185,4876959.850077768
53.23215356431118,4876959.868321914
53.24215356431118,4876959.886259641
53.25215356431118,4876959.904930235
53.26215356431118,4876959.923113751
53.272153564311175,4876959.941602507
53.28215356431117,4876959.959914605
53.29215356431117,4876959.97836026
53.30215356431117,4876959.996821498
53.31215356431117,4876960.014588964
53.322153564311165,4876960.032928472
53.33215356431116,4876960.051575951
53.34215356431116,4876960.070071528
53.35215356431116,4876960.088170753
53.36215356431116,4876960.106769737
53.372153564311155,4876960.125342866
53.38215356431115,4876960.144231567
53.39215356431115,4876960.162586649
53.40215356431115,4876960.180237974
53.41215356431115,4876960.197932736
53.422153564311145,4876960.216279001
53.43215356431114,4876960.234745371
53.44215356431114,4876960.253416965
53.45215356431114,4876960.272357555
53.46215356431114,4876960.290677569
53.472153564311135,4876960.309270739
53.48215356431113,4876960.326889979
53.49215356431113,4876960.345226946
53.50215356431113,4876960.363395579
53.51215356431113,4876960.381937756
53.522153564311125,4876960.400480933
53.53215356431112,4876960.4185777
53.54215356431112,4876960.436873751
53.55215356431112,4876960.455203717
53.56215356431112,4876960.473742806
53.572153564311115,4876960.491952693
53.58215356431111,4876960.510227264
53.59215356431111,4876960.527864024
53.60215356431111,4876960.545645947
53.61215356431111,4876960.563487332
53.622153564311105,4876960.581862768
53.6321535643111,4876960.599850257
53.6421535643111,4876960.617504505
53.6521535643111,4876960.635230242
53.6621535643111,4876960.652872017
53.672153564311095,4876960.671022843
53.68215356431109,4876960.689181571
53.69215356431109,4876960.707299725
53.70215356431109,4876960.725251852
53.71215356431109,4876960.744586646
53.722153564311085,4876960.764221123
53.73215356431108,4876960.783320765
53.74215356431108,4876960.802127209
53.75215356431108,4876960.820876288
53.76215356431108,4876960.839299898
53.772153564311076,4876960.858042828
53.78215356431107,4876960.87698244
53.79215356431107,4876960.89577806
53.80215356431107,4876960.914438818
53.81215356431107,4876960.932893387
53.822153564311066,4876960.951464706
53.832153564311064,4876960.969999495
53.84215356431106,4876960.988393506
53.85215356431106,4876961.006897869
53.86215356431106,4876961.024796437
53.872153564311056,4876961.042552228
53.882153564311054,4876961.060509169
53.89215356431105,4876961.078937149
53.90215356431105,4876961.097293863
53.91215356431105,4876961.115461545
53.922153564311046,4876961.133389595
53.932153564311044,4876961.151231133
53.94215356431104,4876961.169169987
53.95215356431104,4876961.187448743
53.96215356431104,4876961.205957912
53.972153564311036,4876961.223610012
53.982153564311034,4876961.241609676
53.99215356431103,4876961.259920847
54.00215356431103,4876961.278425351
54.01215356431103,4876961.296724662
54.022153564311026,4876961.314698247
54.032153564311024,4876961.332446787
54.04215356431102,4876961.350395704
54.05215356431102,4876961.368351805
54.06215356431102,4876961.386277275
54.072153564311016,4876961.404992266
54.082153564311014,4876961.423409485
54.09215356431101,4876961.441766313
54.10215356431101,4876961.45965262
54.11215356431101,4876961.477910131
54.122153564311006,4876961.496169741
54.132153564311004,4876961.514754991
54.142153564311,4876961.534478904
54.152153564311,4876961.55367093
54.162153564311,4876961.572077577
54.172153564310996,4876961.5903837
54.182153564310994,4876961.608499642
54.19215356431099,4876961.626319176
54.20215356431099,4876961.644287864
54.21215356431099,4876961.662023773
54.222153564310986,4876961.680251458
54.232153564310984,4876961.698341658
54.24215356431098,4876961.716292765
54.25215356431098,4876961.734221515
54.26215356431098,4876961.752231888
54.272153564310976,4876961.770246728
54.282153564310974,4876961.788320618
54.29215356431097,4876961.806795987
54.30215356431097,4876961.824553403
54.31215356431097,4876961.842669626
54.322153564310966,4876961.860724743
54.332153564310964,4876961.878793703
54.34215356431096,4876961.89678441
54.35215356431096,4876961.914693302
54.36215356431096,4876961.93247597
54.372153564310956,4876961.950382712
54.382153564310954,4876961.968296307
54.39215356431095,4876961.986383727
54.40215356431095,4876962.004640127
54.41215356431095,4876962.022591367
54.422153564310946,4876962.040533097
54.432153564310944,4876962.058367899
54.44215356431094,4876962.076475328
54.45215356431094,4876962.094729041
54.46215356431094,4876962.112962188
54.472153564310936,4876962.130667206
54.482153564310934,4876962.148688603
54.49215356431093,4876962.166618466
54.50215356431093,4876962.184887508
54.51215356431093,4876962.203117011
54.522153564310926,4876962.220940518
54.532153564310924,4876962.238689471
54.54215356431092,4876962.257450187
54.55215356431092,4876962.276455182
54.56215356431092,4876962.29606201
54.572153564310916,4876962.314440174
54.582153564310914,4876962.332900317
54.59215356431091,4876962.351019971
54.60215356431091,4876962.368939506
54.61215356431091,4876962.387217874
54.622153564310906,4876962.405490999
54.632153564310904,4876962.423549155
54.6421535643109,4876962.441545531
54.6521535643109,4876962.459321214
54.6621535643109,4876962.477609129
54.6721535643109,4876962.495681406
54.682153564310894,4876962.513541521
54.69215356431089,4876962.531419691
54.70215356431089,4876962.54938074
54.71215356431089,4876962.567259752
54.72215356431089,4876962.585453893
54.732153564310885,4876962.603720389
54.74215356431088,4876962.621758447
54.75215356431088,4876962.639911506
54.76215356431088,4876962.657776699
54.77215356431088,4876962.676197112
54.782153564310875,4876962.694208426
54.79215356431087,4876962.712468186
54.80215356431087,4876962.730371627
54.81215356431087,4876962.748335044
54.82215356431087,4876962.766630067
54.832153564310865,4876962.784891629
54.84215356431086,4876962.803191833
54.85215356431086,4876962.821393903
54.86215356431086,4876962.840316251
54.87215356431086,4876962.858385038
54.882153564310855,4876962.876683845
54.89215356431085,4876962.894615388
54.90215356431085,4876962.912698502
54.91215356431085,4876962.930665637
54.92215356431085,4876962.948706997
54.932153564310845,4876962.966645907
54.94215356431084,4876962.985316111
54.95215356431084,4876963.0037017
54.96215356431084,4876963.0217581
54.97215356431084,4876963.039762616
54.982153564310835,4876963.057782909
54.99215356431083,4876963.075938966
55.00215356431083,4876963.094591367
55.01215356431083,4876963.112691212
55.02215356431083,4876963.130704071
55.032153564310825,4876963.148434232
55.04215356431082,4876963.16399476
55.05215356431082,4876963.177526614
55.06215356431082,4876963.190449598
55.07215356431082,4876963.20315932
55.082153564310815,4876963.215528899
55.09215356431081,4876963.227629449
55.10215356431081,4876963.239572573
55.11215356431081,4876963.251296427
55.12215356431081,4876963.262783905
55.132153564310805,4876963.274570086
55.1421535643108,4876963.285967574
55.1521535643108,4876963.297274377
55.1621535643108,4876963.308577549
55.1721535643108,4876963.319959608
55.182153564310795,4876963.33110705
55.19215356431079,4876963.342189663
55.20215356431079,4876963.353222174
55.21215356431079,4876963.372822868
55.218684868080096,4876963.416044623
55.228684868080094,4876963.445401935
55.23868486808009,4876963.46644869
55.247331720006585,4876963.501753639
55.25597857193308,4876963.526325184
55.265978571933076,4876963.547180209
55.275978571933074,4876963.567730203
55.28597857193307,4876963.586405305
55.29597857193307,4876963.604089051
55.30597857193307,4876963.619507064
55.315978571933066,4876963.647403877
55.325978571933064,4876963.666611329
55.33597857193306,4876963.684559566
55.34597857193306,4876963.699861279
55.35597857193306,4876963.715892739
55.365978571933056,4876963.731974657
55.375978571933054,4876963.746298892
55.38597857193305,4876963.760931564
55.39597857193305,4876963.775562203
55.40597857193305,4876963.790727709
55.415978571933046,4876963.805949365
55.425978571933044,4876963.820669856
55.43597857193304,4876963.83596572
55.44597857193304,4876963.851497083
55.45597857193304,4876963.87971932
55.465978571933036,4876963.897314709
55.475978571933034,4876963.914120508
55.48597857193303,4876963.929569169
55.49597857193303,4876963.945270688
55.50597857193303,4876963.96041441
55.515978571933026,4876963.975515677
55.525978571933024,4876963.990725777
55.53597857193302,4876964.005933025
55.54597857193302,4876964.02130369
55.55597857193302,4876964.036380815
55.565978571933016,4876964.051409193
55.575978571933014,4876964.066786476
55.58597857193301,4876964.082980814
55.59597857193301,4876964.098928938
55.60597857193301,4876964.115723311
55.615978571933006,4876964.132587082
55.625978571933004,4876964.149032641
55.635978571933,4876964.165347506
55.645978571933,4876964.181700796
55.655978571933,4876964.19780377
55.665978571932996,4876964.213942201
55.675978571932994,4876964.230262828
55.68597857193299,4876964.246613122
55.69597857193299,4876964.263913725
55.70597857193299,4876964.280928679
55.715978571932986,4876964.305520116
55.725978571932984,4876964.324111023
55.73597857193298,4876964.342061847
55.74597857193298,4876964.358834291
55.75597857193298,4876964.376075815
55.765978571932976,4876964.392419772
55.775978571932974,4876964.408448402
55.78597857193297,4876964.424101283
55.79597857193297,4876964.439786365
55.80597857193297,4876964.455609092
55.815978571932966,4876964.471436695
55.825978571932964,4876964.487442368
55.83597857193296,4876964.503262064
55.84597857193296,4876964.518874785
55.85597857193296,4876964.534328023
55.865978571932956,4876964.55007682
55.875978571932954,4876964.565718216
55.88597857193295,4876964.581816052
55.89597857193295,4876964.597705827
55.90597857193295,4876964.613554024
55.915978571932946,4876964.62930351
55.925978571932944,4876964.644983999
55.93597857193294,4876964.660572103
55.94597857193294,4876964.676470255
55.95597857193294,4876964.692244436
55.965978571932936,4876964.708306585
55.975978571932934,4876964.724037816
55.98597857193293,4876964.739830189
55.99597857193293,4876964.755596073
56.00597857193293,4876964.771377799
56.015978571932926,4876964.787481256
56.025978571932924,4876964.803617434
56.03597857193292,4876964.820108865
56.04597857193292,4876964.836521856
56.05597857193292,4876964.852903157
56.06597857193292,4876964.86936466
56.075978571932914,4876964.885970485
56.08597857193291,4876964.902261263
56.09597857193291,4876964.918484581
56.10597857193291,4876964.934824038
56.11597857193291,4876964.951162575
56.125978571932905,4876964.967345694
56.1359785719329,4876964.984012332
56.1459785719329,4876965.000497711
56.1559785719329,4876965.01703142
56.1659785719329,4876965.033378623
56.175978571932895,4876965.049739289
56.18597857193289,4876965.065984676
56.19597857193289,4876965.082695501
56.20597857193289,4876965.099551041
56.21597857193289,4876965.11581021
56.225978571932885,4876965.131850991
56.23597857193288,4876965.147610534
56.24597857193288,4876965.163430998
56.25597857193288,4876965.179579907
56.26597857193288,4876965.195455074
56.275978571932875,4876965.211690657
56.28597857193287,4876965.227439242
56.29597857193287,4876965.243148363
56.30597857193287,4876965.25935292
56.31597857193287,4876965.275375835
56.325978571932865,4876965.291402617
56.33597857193286,4876965.307507423
56.34597857193286,4876965.323302666
56.35597857193286,4876965.339131714
56.36597857193286,4876965.355202263
56.375978571932855,4876965.37093884
56.38597857193285,4876965.386975295
56.39597857193285,4876965.40291435
56.40597857193285,4876965.418835635
56.41597857193285,4876965.434565619
56.425978571932845,4876965.450392875
56.43597857193284,4876965.466187765
56.44597857193284,4876965.48255936
56.45597857193284,4876965.498663609
56.46597857193284,4876965.514771194
56.475978571932835,4876965.530679612
56.48597857193283,4876965.546616506
56.49597857193283,4876965.562644853
56.50597857193283,4876965.578767027
56.51597857193283,4876965.594587455
56.525978571932825,4876965.610584307
56.53597857193282,4876965.626530217
56.54597857193282,4876965.642323871
56.55597857193282,4876965.658199352
56.56597857193282,4876965.674046363
56.575978571932815,4876965.690276038
56.58597857193281,4876965.706097474
56.59597857193281,4876965.721998347
56.60597857193281,4876965.737896993
56.61597857193281,4876965.753803537
56.625978571932805,4876965.769644963
56.6359785719328,4876965.785749656
56.6459785719328,4876965.801947377
56.6559785719328,4876965.817847684
56.6659785719328,4876965.833557675
56.675978571932795,4876965.849212751
56.68597857193279,4876965.865034696
56.69597857193279,4876965.881077605
56.70597857193279,4876965.896967148
56.71597857193279,4876965.913014725
56.725978571932785,4876965.928830279
56.73597857193278,4876965.944662446
56.74597857193278,4876965.960468143
56.75597857193278,4876965.976258132
56.76597857193278,4876965.992122841
56.775978571932775,4876966.008018865
56.78597857193277,4876966.023704645
56.79597857193277,4876966.039453124
56.80597857193277,4876966.055232405
56.81597857193277,4876966.071048612
56.825978571932765,4876966.087063599
56.83597857193276,4876966.10296301
56.84597857193276,4876966.118882075
56.85597857193276,4876966.134577947
56.86597857193276,4876966.150298825
56.875978571932755,4876966.166083864
56.88597857193275,4876966.182157644
56.89597857193275,4876966.198018651
56.90597857193275,4876966.214073747
56.91597857193275,4876966.22978842
56.925978571932745,4876966.245538819
56.93597857193274,4876966.26256449
56.94597857193274,4876966.27875893
56.95597857193274,4876966.294639761
56.96597857193274,4876966.310979218
56.975978571932735,4876966.327183323
56.98597857193273,4876966.343022588
56.99597857193273,4876966.358813442
57.00597857193273,4876966.374601191
57.01597857193273,4876966.390933845
57.025978571932725,4876966.406808126
57.03597857193272,4876966.422555725
57.04597857193272,4876966.438406425
57.05597857193272,4876966.454200248
57.06597857193272,4876966.470036644
57.075978571932716,4876966.486195669
57.08597857193271,4876966.502257657
57.09597857193271,4876966.518215087
57.10597857193271,4876966.533891934
57.11597857193271,4876966.549800095
57.125978571932706,4876966.565975795
57.135978571932704,4876966.582402083
57.1459785719327,4876966.598336185
57.1559785719327,4876966.614498853
57.1659785719327,4876966.630392123
57.175978571932696,4876966.646158993
57.185978571932694,4876966.661901879
57.19597857193269,4876966.677792313
57.20597857193269,4876966.693969102
57.21597857193269,4876966.710285779
57.225978571932686,4876966.72602775
57.235978571932684,4876966.741719459
57.24597857193268,4876966.75745707
57.25597857193268,4876966.773353613
57.26597857193268,4876966.789420056
57.275978571932676,4876966.805587623
57.285978571932674,4876966.821656875
57.29597857193267,4876966.837523023
57.30597857193267,4876966.853265577
57.31597857193267,4876966.869012078
57.325978571932666,4876966.885244322
57.335978571932664,4876966.901095402
57.34597857193266,4876966.916980958
57.35597857193266,4876966.932744065
57.36597857193266,4876966.948522639
57.375978571932656,4876966.964283579
57.385978571932654,4876966.98026107
57.39597857193265,4876966.996019882
57.40597857193265,4876967.012096843
57.41597857193265,4876967.027812707
57.425978571932646,4876967.043548977
57.435978571932644,4876967.059300937
57.44597857193264,4876967.074922727
57.45597857193264,4876967.091071726
57.46597857193264,4876967.106915046
57.475978571932636,4876967.122836379
57.485978571932634,4876967.138680884
57.49597857193263,4876967.154565923
57.50597857193263,4876967.170362591
57.51597857193263,4876967.18639234
57.525978571932626,4876967.202206765
57.535978571932624,4876967.218147666
57.54597857193262,4876967.233860386
57.55597857193262,4876967.249569575
57.56597857193262,4876967.265905581
57.575978571932616,4876967.282140583
57.585978571932614,4876967.297910531
57.59597857193261,4876967.314017106
57.60597857193261,4876967.329768921
57.61597857193261,4876967.345512006
57.625978571932606,4876967.361250133
57.635978571932604,4876967.377094976
57.6459785719326,4876967.39305689
57.6559785719326,4876967.408852811
57.6659785719326,4876967.424725977
57.675978571932596,4876967.440343948
57.685978571932594,4876967.456183738
57.69597857193259,4876967.471890085
57.70597857193259,4876967.488105159
57.71597857193259,4876967.503990689
57.725978571932586,4876967.519917572
57.735978571932584,4876967.535566856
57.74597857193258,4876967.55144491
57.75597857193258,4876967.567352208
57.76597857193258,4876967.583363591
57.775978571932576,4876967.599077951
57.785978571932574,4876967.615115599
57.79597857193257,4876967.630961701
57.80597857193257,4876967.64670591
57.81597857193257,4876967.66230301
57.825978571932566,4876967.678112037
57.835978571932564,4876967.694052869
57.84597857193256,4876967.710117138
57.85597857193256,4876967.725849551
57.86597857193256,4876967.741590906
57.875978571932556,4876967.757390789
57.885978571932554,4876967.773037841
57.89597857193255,4876967.788926366
57.90597857193255,4876967.804867092
57.91597857193255,4876967.820879651
57.925978571932546,4876967.836868477
57.935978571932544,4876967.852645453
57.94597857193254,4876967.868362023
57.95597857193254,4876967.884535688
57.96597857193254,4876967.900237596
57.97597857193254,4876967.916361693
57.985978571932534,4876967.932007618
57.99597857193253,4876967.947829269
58.00597857193253,4876967.963554016
58.01597857193253,4876967.979389621
58.02597857193253,4876967.995335373
58.035978571932525,4876968.011334729
58.04597857193252,4876968.026897563
58.05597857193252,4876968.042562404
58.06597857193252,4876968.058430877
58.07597857193252,4876968.07406931
58.085978571932515,4876968.09018631
58.09597857193251,4876968.106110063
58.10597857193251,4876968.122199822
58.11597857193251,4876968.137868046
58.12597857193251,4876968.153846746
58.135978571932505,4876968.169616451
58.1459785719325,4876968.185724697
58.1559785719325,4876968.201376544
58.1659785719325,4876968.217382422
58.1759785719325,4876968.233143338
58.185978571932495,4876968.249161051
58.19597857193249,4876968.265246474
58.20597857193249,4876968.281242008
58.21597857193249,4876968.297137385
58.22597857193249,4876968.31317777
58.235978571932485,4876968.329161893
58.24597857193248,4876968.345049732
58.25597857193248,4876968.360778034
58.26597857193248,4876968.376521524
58.27597857193248,4876968.392535427
58.285978571932475,4876968.40838354
58.29597857193247,4876968.42422518
58.30597857193247,4876968.439971863
58.31597857193247,4876968.455679693
58.32597857193247,4876968.471521205
58.335978571932465,4876968.487483379
58.34597857193246,4876968.503401995
58.35597857193246,4876968.519475247
58.36597857193246,4876968.535338114
58.37597857193246,4876968.551074774
58.385978571932455,4876968.566864293
58.39597857193245,4876968.58273577
58.40597857193245,4876968.598594709
58.41597857193245,4876968.614696642
58.42597857193245,4876968.630530917
58.435978571932445,4876968.646477333
58.44597857193244,4876968.662186938
58.45597857193244,4876968.678157612
58.46597857193244,4876968.694106669
58.47597857193244,4876968.710009864
58.485978571932435,4876968.725753234
58.49597857193243,4876968.741471115
58.50597857193243,4876968.757114409
58.51597857193243,4876968.772802795
58.52597857193243,4876968.78883808
58.535978571932425,4876968.804963617
58.54597857193242,4876968.821172432
58.55597857193242,4876968.838052443
58.56597857193242,4876968.854479513
58.57597857193242,4876968.870704033
58.585978571932415,4876968.886849515
58.59597857193241,4876968.90267665
58.60597857193241,4876968.918693104
58.61597857193241,4876968.934606333
58.62597857193241,4876968.950501487
58.635978571932405,4876968.966450365
58.6459785719324,4876968.982382766
58.6559785719324,4876968.998192132
58.6659785719324,4876969.01466356
58.6759785719324,4876969.030587521
58.685978571932395,4876969.046430106
58.69597857193239,4876969.062228909
58.70597857193239,4876969.07807647
58.71597857193239,4876969.094090241
58.72597857193239,4876969.11008665
58.735978571932385,4876969.126138755
58.74597857193238,4876969.142391582
58.75597857193238,4876969.158888612
58.76597857193238,4876969.174892618
58.77597857193238,4876969.19124723
58.785978571932375,4876969.207384773
58.79597857193237,4876969.223486625
58.80597857193237,4876969.239733078
58.81597857193237,4876969.25619225
58.82597857193237,4876969.272141767
58.835978571932365,4876969.288331733
58.84597857193236,4876969.304388141
58.85597857193236,4876969.320366759
58.86597857193236,4876969.336194533
58.87597857193236,4876969.352127872
58.885978571932355,4876969.367993093
58.89597857193235,4876969.384026469
58.90597857193235,4876969.400015532
58.91597857193235,4876969.416158642
58.92597857193235,4876969.432068606
58.935978571932345,4876969.447918325
58.94597857193234,4876969.463782752
58.95597857193234,4876969.479610221
58.96597857193234,4876969.495884244
58.97597857193234,4876969.512074338
58.985978571932336,4876969.528032238
58.99597857193233,4876969.544373201
59.00597857193233,4876969.561413305
59.01597857193233,4876969.578034818
59.02597857193233,4876969.594698315
59.035978571932326,4876969.61118241
59.045978571932324,4876969.627538958
59.05597857193232,4876969.643975774
59.06597857193232,4876969.660328417
59.07597857193232,4876969.676555297
59.085978571932316,4876969.693783287
59.095978571932314,4876969.710833802
59.10597857193231,4876969.727606948
59.11597857193231,4876969.744252891
59.12597857193231,4876969.761019468
59.135978571932306,4876969.778014997
59.145978571932304,4876969.795140605
59.1559785719323,4876969.812038216
59.1659785719323,4876969.828905102
59.1759785719323,4876969.84616804
59.185978571932296,4876969.863020519
59.195978571932294,4876969.879861965
59.20597857193229,4876969.896509335
59.21597857193229,4876969.913026601
59.22597857193229,4876969.929308327
59.235978571932286,4876969.945768529
59.245978571932284,4876969.962252316
59.25597857193228,4876969.978780564
59.26597857193228,4876969.995487029
59.27597857193228,4876970.012019244
59.285978571932276,4876970.028656405
59.295978571932274,4876970.045045713
59.30597857193227,4876970.061468986
59.31597857193227,4876970.077854645
59.32597857193227,4876970.09455129
59.335978571932266,4876970.111158526
59.345978571932264,4876970.127223231
59.35597857193226,4876970.143525393
59.36597857193226,4876970.159762125
59.37597857193226,4876970.176076585
59.385978571932256,4876970.192229187
59.395978571932254,4876970.208320814
59.40597857193225,4876970.22432386
59.41597857193225,4876970.240016531
59.42597857193225,4876970.255974039
59.435978571932246,4876970.271841803
59.445978571932244,4876970.288070667
59.45597857193224,4876970.304415449
59.46597857193224,4876970.320598417
59.47597857193224,4876970.336513242
59.485978571932236,4876970.352585657
59.495978571932234,4876970.368746894
59.50597857193223,4876970.385095362
59.51597857193223,4876970.401274797
59.52597857193223,4876970.417425375
59.535978571932226,4876970.433151075
59.545978571932224,4876970.449123381
59.55597857193222,4876970.465012818
59.56597857193222,4876970.481089989
59.57597857193222,4876970.497346063
59.585978571932216,4876970.51334815
59.595978571932214,4876970.529351181
59.60597857193221,4876970.545230942
59.61597857193221,4876970.561270457
59.62597857193221,4876970.577297545
59.635978571932206,4876970.593663078
59.645978571932204,4876970.609963489
59.6559785719322,4876970.626094611
59.6659785719322,4876970.642300752
59.6759785719322,4876970.658450555
59.685978571932196,4876970.67467536
59.695978571932194,4876970.691144477
59.70597857193219,4876970.710025457
59.71597857193219,4876970.729736776
59.72597857193219,4876970.751675821
59.735978571932186,4876970.776416894
59.745978571932184,4876970.798113671
59.75597857193218,4876970.819167828
59.76597857193218,4876970.839303684
59.77597857193218,4876970.858698142
59.785978571932176,4876970.881985429
59.795978571932174,4876970.904049859
59.80597857193217,4876970.925698322
59.81597857193217,4876970.948320963
59.82597857193217,4876970.970381523
59.835978571932166,4876970.994168602
59.845978571932164,4876971.015122449
59.85597857193216,4876971.037461953
59.86597857193216,4876971.060435195
59.87597857193216,4876971.082689841
59.88597857193216,4876971.10535855
59.895978571932154,4876971.129632229
59.90597857193215,4876971.152670461
59.91597857193215,4876971.176067917
59.92597857193215,4876971.199984241
59.93597857193215,4876971.222943541
59.945978571932145,4876971.248287531
59.95597857193214,4876971.272144299
59.96597857193214,4876971.297302671
59.97597857193214,4876971.322618768
59.98597857193214,4876971.346912344
59.995978571932135,4876971.371450224
60.00597857193213,4876971.396963248
60.01597857193213,4876971.42249127
60.02597857193213,4876971.450393454
60.03597857193213,4876971.470550199
60.045978571932125,4876971.48950694
60.05597857193212,4876971.509209534
60.06597857193212,4876971.527640563
60.07597857193212,4876971.54598813
60.08597857193212,4876971.563159806
60.095978571932115,4876971.580190629
60.10597857193211,4876971.596852647
60.11597857193211,4876971.612974801
60.12597857193211,4876971.629248284
60.13597857193211,4876971.646092766
60.145978571932105,4876971.662538096
60.1559785719321,4876971.679259629
60.1659785719321,4876971.696052569
60.1759785719321,4876971.712766688
60.1859785719321,4876971.728853353
60.195978571932095,4876971.745501221
60.20597857193209,4876971.761724648
60.21597857193209,4876971.778024063
60.22597857193209,4876971.794534096
60.23597857193209,4876971.810877103
60.245978571932085,4876971.827304298
60.25597857193208,4876971.843724244
60.26597857193208,4876971.860198047
60.27597857193208,4876971.876323018
60.28597857193208,4876971.893336923
60.295978571932075,4876971.909855504
60.30597857193207,4876971.926451445
60.31597857193207,4876971.942542618
60.32597857193207,4876971.958364622
60.33597857193207,4876971.974666343
60.345978571932065,4876971.990883747
60.35597857193206,4876972.007314191
60.36597857193206,4876972.023474752
60.37597857193206,4876972.039387986
60.38597857193206,4876972.055283805
60.395978571932055,4876972.071124453
60.40597857193205,4876972.087042973
60.41597857193205,4876972.102930432
60.42597857193205,4876972.119074586
60.43597857193205,4876972.134958167
60.445978571932045,4876972.151486785
60.45597857193204,4876972.168722183
60.46597857193204,4876972.18480204
60.47597857193204,4876972.200886232
60.48597857193204,4876972.217046883
60.495978571932035,4876972.232988604
60.50597857193203,4876972.24891233
60.51597857193203,4876972.265201111
60.52597857193203,4876972.281355569
60.53597857193203,4876972.297906187
60.545978571932025,4876972.314133977
60.55597857193202,4876972.330202739
60.56597857193202,4876972.346309738
60.57597857193202,4876972.362892684
60.58597857193202,4876972.3812601
60.595978571932015,4876972.400747785
60.60597857193201,4876972.421551526
60.61597857193201,4876972.441984827
60.62597857193201,4876972.462534507
60.63597857193201,4876972.483602459
60.645978571932005,4876972.504563727
60.655978571932,4876972.525154456
60.665978571932,4876972.54446796
60.675978571932,4876972.562648831
60.685978571932,4876972.581080389
60.695978571931995,4876972.599797483
60.70597857193199,4876972.618615408
60.71597857193199,4876972.63709324
60.72597857193199,4876972.655336845
60.73597857193199,4876972.673915149
60.745978571931985,4876972.692661243
60.75597857193198,4876972.711447519
60.76597857193198,4876972.729960836
60.77597857193198,4876972.748644373
60.78597857193198,4876972.767072643
60.795978571931975,4876972.785595502
60.80597857193197,4876972.804287023
60.81597857193197,4876972.823151228
60.82597857193197,4876972.841608463
60.83597857193197,4876972.860108986
60.845978571931965,4876972.878902768
60.85597857193196,4876972.897603445
60.86597857193196,4876972.916240258
60.87597857193196,4876972.93397109
60.88597857193196,4876972.9516699
60.895978571931956,4876972.969239143
60.90597857193195,4876972.987043066
60.91597857193195,4876973.004899517
60.92597857193195,4876973.022916371
60.93597857193195,4876973.040418033
60.945978571931946,4876973.058232755
60.955978571931944,4876973.075898211
60.96597857193194,4876973.09373645
60.97597857193194,4876973.111656226
60.98597857193194,4876973.129611382
60.995978571931936,4876973.147315451
61.005978571931934,4876973.164722476
61.01597857193193,4876973.182402894
61.02597857193193,4876973.200531907
61.03597857193193,4876973.218484339
61.045978571931926,4876973.236073135
61.055978571931924,4876973.253800887
61.06597857193192,4876973.271418702
61.07597857193192,4876973.289617562
61.08597857193192,4876973.307621155
61.095978571931916,4876973.325641154
61.105978571931914,4876973.343149463
61.11597857193191,4876973.360636485
61.12597857193191,4876973.378422129
61.13597857193191,4876973.396363049
61.145978571931906,4876973.414188058
61.155978571931904,4876973.432074251
61.1659785719319,4876973.449743812
61.1759785719319,4876973.467413772
61.1859785719319,4876973.485172888
61.195978571931896,4876973.50313669
61.205978571931894,4876973.521298644
61.21597857193189,4876973.542672652
61.22597857193189,4876973.56459367
61.23597857193189,4876973.586292939
61.245978571931886,4876973.607175389
61.255978571931884,4876973.627050282
61.26597857193188,4876973.644987988
61.27597857193188,4876973.662619953
61.28597857193188,4876973.683265533
61.295978571931876,4876973.70518742
61.305978571931874,4876973.727031617
61.31597857193187,4876973.7469264
61.32597857193187,4876973.766197581
61.33597857193187,4876973.785397206
61.345978571931866,4876973.804318005
61.355978571931864,4876973.823854346
61.36597857193186,4876973.843332459
61.37597857193186,4876973.862375891
61.38597857193186,4876973.881706701
61.395978571931856,4876973.906995423
61.405978571931854,4876973.932723699
61.41597857193185,4876973.95735744
61.42597857193185,4876973.981172098
61.43597857193185,4876974.003845619
61.445978571931846,4876974.027586811
61.455978571931844,4876974.050906565
61.46597857193184,4876974.074510051
61.47597857193184,4876974.098363255
61.48597857193184,4876974.123929487
61.495978571931836,4876974.150248596
61.505978571931834,4876974.174964304
61.51597857193183,4876974.200313641
61.52597857193183,4876974.226045432
61.53597857193183,4876974.253432161
61.545978571931826,4876974.281885446
61.555978571931824,4876974.309757233
61.56597857193182,4876974.336633326
61.57597857193182,4876974.36280275
61.58597857193182,4876974.388204719
61.595978571931816,4876974.412912147
61.605978571931814,4876974.437056891
61.61597857193181,4876974.460958224
61.62597857193181,4876974.484959875
61.63597857193181,4876974.508789742
61.645978571931806,4876974.532766136
61.655978571931804,4876974.556682953
61.6659785719318,4876974.581792459
61.6759785719318,4876974.608128078
61.6859785719318,4876974.634687471
61.695978571931796,4876974.661240155
61.705978571931794,4876974.687479748
61.71597857193179,4876974.714326526
61.72597857193179,4876974.741484983
61.73597857193179,4876974.768271521
61.745978571931786,4876974.795571626
61.755978571931784,4876974.822508756
61.76597857193178,4876974.848399843
61.77597857193178,4876974.8747595
61.78597857193178,4876974.901312442
61.79597857193178,4876974.928223529
61.805978571931774,4876974.955358032
61.81597857193177,4876974.982708998
61.82597857193177,4876975.011265767
61.83597857193177,4876975.039916202
61.84597857193177,4876975.068136783
61.855978571931765,4876975.094621745
61.86597857193176,4876975.119685443
61.87597857193176,4876975.151933989
61.88597857193176,4876975.179173321
61.89597857193176,4876975.217431554
61.905978571931755,4876975.24462784
61.91597857193175,4876975.269670608
61.92597857193175,4876975.295657723
61.93597857193175,4876975.32430892
61.94597857193175,4876975.352112432
61.955978571931745,4876975.378524448
61.96597857193174,4876975.406009523
61.97597857193174,4876975.432153682
61.98597857193174,4876975.456695189
61.99597857193174,4876975.480731384
62.005978571931735,4876975.50421023
62.01597857193173,4876975.529507812
62.02597857193173,4876975.556954426
62.03597857193173,4876975.585534409
62.04597857193173,4876975.612218157
62.055978571931725,4876975.640395857
62.06597857193172,4876975.671775373
62.07597857193172,4876975.701803919
62.08597857193172,4876975.730727787
62.09597857193172,4876975.759405648
62.105978571931715,4876975.787865896
62.11597857193171,4876975.816904422
62.12597857193171,4876975.845966898
62.13597857193171,4876975.875584033
62.14597857193171,4876975.90574869
62.155978571931705,4876975.935584326
62.1659785719317,4876975.964850506
62.1759785719317,4876975.993597369
62.1859785719317,4876976.022158019
62.1959785719317,4876976.049871389
62.205978571931695,4876976.079379239
62.21597857193169,4876976.108346083
62.22597857193169,4876976.136538321
62.23597857193169,4876976.164446967
62.24597857193169,4876976.193786567
62.255978571931685,4876976.223768065
62.26597857193168,4876976.255031958
62.27597857193168,4876976.285101034
62.28597857193168,4876976.316739189
62.29597857193168,4876976.34882405
62.305978571931675,4876976.382838005
62.31597857193167,4876976.41404792
62.32597857193167,4876976.445065967
62.33597857193167,4876976.476221485
62.34597857193167,4876976.507818183
62.355978571931665,4876976.539994519
62.36597857193166,4876976.571628356
62.37597857193166,4876976.603600316
62.38597857193166,4876976.635921172
62.39597857193166,4876976.668817591
62.405978571931655,4876976.70185236
62.41597857193165,4876976.733645422
62.42597857193165,4876976.765114146
62.43597857193165,4876976.796934541
62.44597857193165,4876976.828999924
62.455978571931645,4876976.860797316
62.46597857193164,4876976.892828622
62.47597857193164,4876976.924786737
62.48597857193164,4876976.956572306
62.49597857193164,4876976.988689782
62.505978571931635,4876977.021650596
62.51597857193163,4876977.055450988
62.52597857193163,4876977.089971198
62.53597857193163,4876977.123125576
62.54597857193163,4876977.157280224
62.555978571931625,4876977.187981613
62.56597857193162,4876977.222090862
62.57597857193162,4876977.254669073
62.58597857193162,4876977.286796477
62.59597857193162,4876977.319351964
62.605978571931615,4876977.351296754
62.61597857193161,4876977.38184278
62.62597857193161,4876977.413374148
62.63597857193161,4876977.44549151
62.64597857193161,4876977.476802865
62.655978571931605,4876977.508656017
62.6659785719316,4876977.5403369
62.6759785719316,4876977.572305283
62.6859785719316,4876977.604595475
62.6959785719316,4876977.636827458
62.705978571931595,4876977.668780231
62.71597857193159,4876977.701204567
62.72597857193159,4876977.73443678
62.73597857193159,4876977.766552275
62.74597857193159,4876977.798909991
62.755978571931585,4876977.832260571
62.76597857193158,4876977.864810055
62.77597857193158,4876977.898235092
62.78597857193158,4876977.931869346
62.79597857193158,4876977.965263942
62.805978571931576,4876977.998587219
62.81597857193157,4876978.032076698
62.82597857193157,4876978.064765201
62.83597857193157,4876978.097625836
62.84597857193157,4876978.130435163
62.855978571931566,4876978.162922196
62.865978571931564,4876978.195413964
62.87597857193156,4876978.228040581
62.88597857193156,4876978.260397964
62.89597857193156,4876978.293043853
62.905978571931556,4876978.326134998
62.915978571931554,4876978.35857523
62.92597857193155,4876978.391201361
62.93597857193155,4876978.42407878
62.94597857193155,4876978.458262941
62.955978571931546,4876978.491888872
62.965978571931544,4876978.524409209
62.97597857193154,4876978.556539628
62.98597857193154,4876978.589227622
62.99597857193154,4876978.623344629
63.005978571931536,4876978.654960273
63.015978571931534,4876978.686501797
63.02597857193153,4876978.718455231
63.03597857193153,4876978.751695047
63.04597857193153,4876978.78379478
63.055978571931526,4876978.815535741
63.065978571931524,4876978.849054717
63.07597857193152,4876978.881415548
63.08597857193152,4876978.91547677
63.09597857193152,4876978.946072209
63.105978571931516,4876978.975507133
63.115978571931514,4876979.005813197
63.12597857193151,4876979.035480472
63.13597857193151,4876979.064173611
63.14597857193151,4876979.091950269
63.155978571931506,4876979.120339297
63.165978571931504,4876979.147294447
63.1759785719315,4876979.174354981
63.1859785719315,4876979.201734139
63.1959785719315,4876979.228981758
63.205978571931496,4876979.255482739
63.215978571931494,4876979.280852016
63.22597857193149,4876979.305839406
63.23597857193149,4876979.329661657
63.24597857193149,4876979.353007902
63.255978571931486,4876979.381910718
63.265978571931484,4876979.405155511
63.27597857193148,4876979.430819718
63.28597857193148,4876979.458581345
63.29597857193148,4876979.487289126
63.305978571931476,4876979.513918314
63.315978571931474,4876979.538203676
63.32597857193147,4876979.567962094
63.33597857193147,4876979.597128882
63.34597857193147,4876979.626688014
63.355978571931466,4876979.652697033
63.365978571931464,4876979.680000098
63.37597857193146,4876979.708760037
63.38597857193146,4876979.733768711
63.39597857193146,4876979.764012991
63.405978571931456,4876979.791832276
63.415978571931454,4876979.817899895
63.42597857193145,4876979.844322535
63.43597857193145,4876979.868407174
63.44597857193145,4876979.894284811
63.455978571931446,4876979.921083904
63.465978571931444,4876979.950863068
63.47597857193144,4876979.987572723
63.48597857193144,4876980.014418663
63.49597857193144,4876980.041508539
63.505978571931436,4876980.067064754
63.515978571931434,4876980.090788563
63.52597857193143,4876980.114317276
63.53597857193143,4876980.138933908
63.54597857193143,4876980.16234433
63.555978571931426,4876980.185103024
63.565978571931424,4876980.207716501
63.57597857193142,4876980.231053438
63.58597857193142,4876980.254341486
63.59597857193142,4876980.277519809
63.605978571931416,4876980.30086129
63.615978571931414,4876980.324032711
63.62597857193141,4876980.347382183
63.63597857193141,4876980.371521148
63.64597857193141,4876980.395986948
63.655978571931406,4876980.419849981
63.665978571931404,4876980.443939174
63.6759785719314,4876980.467191579
63.6859785719314,4876980.490422006
63.6959785719314,4876980.513570199
63.7059785719314,4876980.536922922
63.715978571931394,4876980.560761211
63.72597857193139,4876980.584524787
63.73597857193139,4876980.607551587
63.74597857193139,4876980.631191095
63.75597857193139,4876980.654220976
63.765978571931385,4876980.677253908
63.77597857193138,4876980.700214362
63.78597857193138,4876980.723430876
63.79597857193138,4876980.746791394
63.80597857193138,4876980.769639613
63.815978571931375,4876980.79282417
63.82597857193137,4876980.816062413
63.83597857193137,4876980.84009817
63.84597857193137,4876980.86484633
63.85597857193137,4876980.889580139
63.865978571931365,4876980.913845414
63.87597857193136,4876980.937053433
63.88597857193136,4876980.959737096
63.89597857193136,4876980.982777618
63.90597857193136,4876981.005830669
63.915978571931355,4876981.029351264
63.92597857193135,4876981.052028734
63.93597857193135,4876981.075080148
63.94597857193135,4876981.098975541
63.95597857193135,4876981.121832066
63.965978571931345,4876981.145371328
63.97597857193134,4876981.169712915
63.98597857193134,4876981.194104612
63.99597857193134,4876981.218283483
64.00597857193134,4876981.248046927
64.01597857193134,4876981.271557121
64.02597857193135,4876981.2958669
64.03597857193135,4876981.319612419
64.04597857193136,4876981.343484556
64.05597857193136,4876981.367171211
64.06597857193137,4876981.39275061
64.07597857193137,4876981.419478081
64.08597857193138,4876981.448804938
64.09597857193138,4876981.475556897
64.10597857193139,4876981.505065138
64.1159785719314,4876981.53163221
64.1259785719314,4876981.560064174
64.1359785719314,4876981.586757306
64.14597857193141,4876981.61496103
64.15597857193141,4876981.643621291
64.16597857193142,4876981.67301932
64.17597857193142,4876981.699846826
64.18597857193143,4876981.729437638
64.19597857193143,4876981.757358778
64.20597857193144,4876981.786699512
64.21597857193144,4876981.817929769
64.22597857193145,4876981.850236405
64.23597857193145,4876981.882220074
64.24597857193146,4876981.916900869
64.25597857193146,4876981.949910118
64.26597857193147,4876981.980806944
64.27597857193147,4876982.006289071
64.28597857193148,4876982.034246332
64.29597857193149,4876982.064750717
64.30597857193149,4876982.090843722
64.3159785719315,4876982.118079422
64.3259785719315,4876982.145909629
64.3359785719315,4876982.175346309
64.34597857193151,4876982.20519671
64.35597857193152,4876982.234130491
64.36597857193152,4876982.262835099
64.37597857193153,4876982.290483813
64.38597857193153,4876982.318084315
64.39597857193154,4876982.345930403
64.40597857193154,4876982.373482699
64.41597857193155,4876982.401459836
64.42597857193155,4876982.430147942
64.43597857193156,4876982.457587245
64.44597857193156,4876982.485686032
64.45597857193157,4876982.513703746
64.46597857193157,4876982.541470709
64.47597857193158,4876982.568964515
64.48597857193158,4876982.596499175
64.49597857193159,4876982.623879084
64.50597857193159,4876982.650884378
64.5159785719316,4876982.678616811
64.5259785719316,4876982.70632278
64.53597857193161,4876982.734709612
64.54597857193161,4876982.761487073
64.55597857193162,4876982.789174075
64.56597857193162,4876982.816134159
64.57597857193163,4876982.84509838
64.58597857193163,4876982.871936731
64.59597857193164,4876982.899743087
64.60597857193164,4876982.928015877
64.61597857193165,4876982.956270392
64.62597857193165,4876982.984040897
64.63597857193166,4876983.012459072
64.64597857193166,4876983.040466758
64.65597857193167,4876983.069734781
64.66597857193167,4876983.099334617
64.67597857193168,4876983.129052524
64.68597857193168,4876983.158886034
64.69597857193169,4876983.187146182
64.7059785719317,4876983.216396969
64.7159785719317,4876983.246058056
64.7259785719317,4876983.275386642
64.73597857193171,4876983.304288088
64.74597857193172,4876983.333321584
64.75597857193172,4876983.362098775
64.76597857193173,4876983.39146337
64.77597857193173,4876983.421634023
64.78597857193174,4876983.451082171
64.79597857193174,4876983.480868956
64.80597857193175,4876983.510133249
64.81597857193175,4876983.53859876
64.82597857193176,4876983.567321312
64.83597857193176,4876983.59606218
64.84597857193177,4876983.625273428
64.85597857193177,4876983.654217115
64.86597857193178,4876983.681929491
64.87597857193178,4876983.710253052
64.88597857193179,4876983.739107874
64.89597857193179,4876983.767983789
64.9059785719318,4876983.796123335
64.9159785719318,4876983.823495745
64.92597857193181,4876983.851843062
64.93597857193181,4876983.879831176
64.94597857193182,4876983.907588977
64.95597857193182,4876983.9353395
64.96597857193183,4876983.962819994
64.97597857193183,4876983.990289768
64.98597857193184,4876984.018112049
64.99597857193184,4876984.04647437
65.00597857193185,4876984.074874025
65.01597857193185,4876984.103433793
65.02597857193186,4876984.132725792
65.03597857193186,4876984.161670002
65.04597857193187,4876984.190690347
65.05597857193187,4876984.219335292
65.06597857193188,4876984.247668132
65.07597857193188,4876984.27642697
65.08597857193189,4876984.30545327
65.0959785719319,4876984.334626265
65.1059785719319,4876984.364177346
65.1159785719319,4876984.392846479
65.12597857193191,4876984.422793343
65.13597857193191,4876984.453613497
65.14597857193192,4876984.483720985
65.15597857193193,4876984.513943065
65.16597857193193,4876984.544200738
65.17597857193194,4876984.573809879
65.18597857193194,4876984.603489504
65.19597857193195,4876984.633977594
65.20597857193195,4876984.663865302
65.21597857193196,4876984.693835687
65.22597857193196,4876984.724215343
65.23597857193197,4876984.754570055
65.24597857193197,4876984.784465911
65.25597857193198,4876984.815255862
65.26597857193198,4876984.84566388
65.27597857193199,4876984.876749987
65.28597857193199,4876984.907994317
65.295978571932,4876984.938923886
65.305978571932,4876984.969916892
65.315978571932,4876985.001600339
65.32597857193201,4876985.033132719
65.33597857193202,4876985.064167489
65.34597857193202,4876985.095111446
65.35597857193203,4876985.126581522
65.36597857193203,4876985.156568986
65.37597857193204,4876985.186560376
65.38597857193204,4876985.216719598
65.39597857193205,4876985.247077351
65.40597857193205,4876985.277305468
65.41597857193206,4876985.30783847
65.42597857193206,4876985.338706574
65.43597857193207,4876985.369123884
65.44597857193207,4876985.399613087
65.45597857193208,4876985.430013187
65.46597857193208,4876985.460342139
65.47597857193209,4876985.491053601
65.4859785719321,4876985.521291212
65.4959785719321,4876985.55173059
65.5059785719321,4876985.581263368
65.51597857193211,4876985.612279636
65.52597857193211,4876985.643111116
65.53597857193212,4876985.673958292
65.54597857193212,4876985.704793884
65.55597857193213,4876985.736400177
65.56597857193213,4876985.766801441
65.57597857193214,4876985.796756931
65.58597857193215,4876985.828163067
65.59597857193215,4876985.858916673
65.60597857193216,4876985.890287718
65.61597857193216,4876985.921195525
65.62597857193217,4876985.952666514
65.63597857193217,4876985.984015958
65.64597857193218,4876986.015632668
65.65597857193218,4876986.047425817
65.66597857193219,4876986.078767999
65.67597857193219,4876986.109994403
65.6859785719322,4876986.141369433
65.6959785719322,4876986.172340512
65.7059785719322,4876986.202011476
65.71597857193221,4876986.232751273
65.72597857193222,4876986.263052926
65.73597857193222,4876986.296236438
65.74597857193223,4876986.328594484
65.75597857193223,4876986.360711484
65.76597857193224,4876986.392797042
65.77597857193224,4876986.425053463
65.78597857193225,4876986.458021008
65.79597857193225,4876986.489610265
65.80597857193226,4876986.521855593
65.81597857193226,4876986.555772776
65.82597857193227,4876986.588416894
65.83597857193227,4876986.620504644
65.84597857193228,4876986.652250781
65.85597857193228,4876986.683470744
65.86597857193229,4876986.71452307
65.8759785719323,4876986.745648679
65.8859785719323,4876986.776755602
65.8959785719323,4876986.807718679
65.90597857193231,4876986.839101424
65.91597857193231,4876986.870303022
65.92597857193232,4876986.900810063
65.93597857193232,4876986.931773512
65.94597857193233,4876986.962016947
65.95597857193233,4876986.992521915
65.96597857193234,4876987.02359421
65.97597857193234,4876987.053778344
65.98597857193235,4876987.083682394
65.99597857193235,4876987.11352991
66.00597857193236,4876987.143574599
66.01597857193237,4876987.173252173
66.02597857193237,4876987.202744
66.03597857193238,4876987.233058546
66.04597857193238,4876987.263073367
66.05597857193239,4876987.291660939
66.06597857193239,4876987.322128021
66.0759785719324,4876987.353402232
66.0859785719324,4876987.384884087
66.0959785719324,4876987.414677158
66.10597857193241,4876987.445614138
66.11597857193242,4876987.475495533
66.12597857193242,4876987.505376607
66.13597857193243,4876987.536575191
66.14597857193243,4876987.56709475
66.15597857193244,4876987.597154123
66.16597857193244,4876987.628061187
66.17597857193245,4876987.658029557
66.18597857193245,4876987.688871912
66.19597857193246,4876987.718399752
66.20597857193246,4876987.747511083
66.21597857193247,4876987.777558156
66.22597857193247,4876987.807131884
66.23597857193248,4876987.836670536
66.24597857193248,4876987.865981855
66.25597857193249,4876987.894545956
66.2659785719325,4876987.924638009
66.2759785719325,4876987.954852039
66.2859785719325,4876987.983593598
66.29597857193251,4876988.012715581
66.30597857193251,4876988.041455319
66.31597857193252,4876988.070285317
66.32597857193252,4876988.099300854
66.33597857193253,4876988.128814956
66.34597857193253,4876988.159130663
66.35597857193254,4876988.188884952
66.36597857193254,4876988.218926483
66.37597857193255,4876988.248645755
66.38597857193255,4876988.277663191
66.39597857193256,4876988.306324279
66.40597857193256,4876988.33514165
66.41597857193257,4876988.363348885
66.42597857193257,4876988.393721385
66.43597857193258,4876988.423289772
66.44597857193259,4876988.452660048
66.45597857193259,4876988.482227131
66.4659785719326,4876988.511303851
66.4759785719326,4876988.540516177
66.4859785719326,4876988.569430932
66.49597857193261,4876988.598252504
66.50597857193262,4876988.627351175
66.51597857193262,4876988.655356135
66.52597857193263,4876988.683468917
66.53597857193263,4876988.711286331
66.54597857193264,4876988.739536031
66.55597857193264,4876988.767231645
66.56597857193265,4876988.795087872
66.57597857193265,4876988.823490169
66.58597857193266,4876988.85233915
66.59597857193266,4876988.882136027
66.60597857193267,4876988.911448732
66.61597857193267,4876988.941052096
66.62597857193268,4876988.970146114
66.63597857193268,4876988.999674455
66.64597857193269,4876989.030038354
66.65597857193269,4876989.059866017
66.6659785719327,4876989.089569899
66.6759785719327,4876989.119566055
66.68597857193271,4876989.150051579
66.69597857193271,4876989.179924089
66.70597857193272,4876989.209823547
66.71597857193272,4876989.239724069
66.72597857193273,4876989.269433905
66.73597857193273,4876989.298546891
66.74597857193274,4876989.327466112
66.75597857193274,4876989.356630423
66.76597857193275,4876989.385639526
66.77597857193275,4876989.414473695
66.78597857193276,4876989.443080088
66.79597857193276,4876989.471710986
66.80597857193277,4876989.500424465
66.81597857193277,4876989.529371408
66.82597857193278,4876989.559025323
66.83597857193278,4876989.588451253
66.84597857193279,4876989.617094407
66.8559785719328,4876989.647102969
66.8659785719328,4876989.676449647
66.8759785719328,4876989.705905972
66.88597857193281,4876989.735283266
66.89597857193282,4876989.764352762
66.90597857193282,4876989.792719065
66.91597857193283,4876989.820943469
66.92597857193283,4876989.850378664
66.93597857193284,4876989.879728745
66.94597857193284,4876989.909310748
66.95597857193285,4876989.938997016
66.96597857193285,4876989.967644498
66.97597857193286,4876989.996795986
66.98597857193286,4876990.026683726
66.99597857193287,4876990.055988508
67.00597857193287,4876990.085167033
67.01597857193288,4876990.113900849
67.02597857193288,4876990.143348717
67.03597857193289,4876990.172390091
67.04597857193289,4876990.201586828
67.0559785719329,4876990.231028004
67.0659785719329,4876990.26054858
67.07597857193291,4876990.28944279
67.08597857193291,4876990.318318758
67.09597857193292,4876990.347358104
67.10597857193292,4876990.375934774
67.11597857193293,4876990.40429393
67.12597857193293,4876990.432878155
67.13597857193294,4876990.461107512
67.14597857193294,4876990.489107557
67.15597857193295,4876990.517665143
67.16597857193295,4876990.546298196
67.17597857193296,4876990.575039779
67.18597857193296,4876990.603758176
67.19597857193297,4876990.633322051
67.20597857193297,4876990.662577473
67.21597857193298,4876990.691159722
67.22597857193298,4876990.719452973
67.23597857193299,4876990.74819169
67.245978571933,4876990.77736946
67.255978571933,4876990.806389589
67.265978571933,4876990.834984177
67.27597857193301,4876990.863833045
67.28597857193301,4876990.892162143
67.29597857193302,4876990.921432139
67.30597857193303,4876990.949818651
67.31597857193303,4876990.978015653
67.32597857193304,4876991.006156949
67.33597857193304,4876991.034632139
67.34597857193305,4876991.062874949
67.35597857193305,4876991.091169254
67.36597857193306,4876991.119585249
67.37597857193306,4876991.148116486
67.38597857193307,4876991.176236944
67.39597857193307,4876991.204248762
67.40597857193308,4876991.233093223
67.41597857193308,4876991.261094513
67.42597857193309,4876991.289074579
67.43597857193309,4876991.31784687
67.4459785719331,4876991.345909076
67.4559785719331,4876991.37344826
67.4659785719331,4876991.401053987
67.47597857193311,4876991.429502734
67.48597857193312,4876991.459069171
67.49597857193312,4876991.487750603
67.50597857193313,4876991.516621045
67.51597857193313,4876991.545828507
67.52597857193314,4876991.57502619
67.53597857193314,4876991.60363206
67.54597857193315,4876991.632642923
67.55597857193315,4876991.661363913
67.56597857193316,4876991.690222413
67.57597857193316,4876991.719635936
67.58597857193317,4876991.748801572
67.59597857193317,4876991.77734934
67.60597857193318,4876991.805135576
67.61597857193318,4876991.833062996
67.62597857193319,4876991.862389597
67.6359785719332,4876991.891808247
67.6459785719332,4876991.920489953
67.6559785719332,4876991.950317293
67.66597857193321,4876991.979361952
67.67597857193321,4876992.008945138
67.68597857193322,4876992.038328801
67.69597857193322,4876992.067302088
67.70597857193323,4876992.096437304
67.71597857193323,4876992.126021065
67.72597857193324,4876992.15458493
67.73597857193325,4876992.183365284
67.74597857193325,4876992.211686498
67.75597857193326,4876992.240793106
67.76597857193326,4876992.26966763
67.77597857193327,4876992.298616107
67.78597857193327,4876992.328552196
67.79597857193328,4876992.358307125
67.80597857193328,4876992.387628155
67.81597857193329,4876992.417180734
67.82597857193329,4876992.44798748
67.8359785719333,4876992.477934314
67.8459785719333,4876992.506071647
67.8559785719333,4876992.535554713
67.86597857193331,4876992.564283464
67.87597857193332,4876992.592800724
67.88597857193332,4876992.62181051
67.89597857193333,4876992.650476417
67.90597857193333,4876992.679195092
67.91597857193334,4876992.708046655
67.92597857193334,4876992.737357033
67.93597857193335,4876992.766587568
67.94597857193335,4876992.795012744
67.95597857193336,4876992.824357954
67.96597857193336,4876992.852641957
67.97597857193337,4876992.881719338
67.98597857193337,4876992.909758482
67.99597857193338,4876992.938777314
68.00597857193338,4876992.967157973
68.01597857193339,4876992.995479957
68.0259785719334,4876993.024281401
68.0359785719334,4876993.053146576
68.0459785719334,4876993.081712591
68.05597857193341,4876993.109439908
68.06597857193341,4876993.137436857
68.07597857193342,4876993.165255767
68.08597857193342,4876993.193020971
68.09597857193343,4876993.222153274
68.10597857193343,4876993.250229789
68.11597857193344,4876993.277455767
68.12597857193344,4876993.304748247
68.13597857193345,4876993.332775996
68.14597857193345,4876993.360278425
68.15597857193346,4876993.387544476
68.16597857193346,4876993.414759622
68.17597857193347,4876993.443037829
68.18597857193348,4876993.470367446
68.19597857193348,4876993.497683077
68.20597857193349,4876993.525358946
68.21597857193349,4876993.553230498
68.2259785719335,4876993.580854302
68.2359785719335,4876993.60852094
68.2459785719335,4876993.636753784
68.25597857193351,4876993.664997162
68.26597857193352,4876993.692995894
68.27597857193352,4876993.721011336
68.28597857193353,4876993.749234036
68.29597857193353,4876993.777196596
68.30597857193354,4876993.805023577
68.31597857193354,4876993.833402695
68.32597857193355,4876993.86253132
68.33597857193355,4876993.890657149
68.34597857193356,4876993.919174872
68.35597857193356,4876993.947575752
68.36597857193357,4876993.975300587
68.37597857193357,4876994.003378137
68.38597857193358,4876994.032209022
68.39597857193358,4876994.060950217
68.40597857193359,4876994.089093194
68.41597857193359,4876994.11756588
68.4259785719336,4876994.146396749
68.4359785719336,4876994.174482697
68.44597857193361,4876994.202709232
68.45597857193361,4876994.230940678
68.46597857193362,4876994.259447209
68.47597857193362,4876994.288072614
68.48597857193363,4876994.316036333
68.49597857193363,4876994.344179911
68.50597857193364,4876994.37177285
68.51597857193364,4876994.399432389
68.52597857193365,4876994.427635145
68.53597857193365,4876994.456367374
68.54597857193366,4876994.48477446
68.55597857193366,4876994.513735494
68.56597857193367,4876994.54313044
68.57597857193367,4876994.572186674
68.58597857193368,4876994.600536584
68.59597857193368,4876994.628966186
68.60597857193369,4876994.6578144
68.6159785719337,4876994.685937389
68.6259785719337,4876994.714449238
68.6359785719337,4876994.743815152
68.64597857193371,4876994.77213835
68.65597857193372,4876994.800233854
68.66597857193372,4876994.828807326
68.67597857193373,4876994.86060536
68.68597857193373,4876994.888911065
68.69597857193374,4876994.917039295
68.70597857193374,4876994.945376955
68.71597857193375,4876994.972907805
68.72597857193375,4876995.000635356
68.73597857193376,4876995.029281569
68.74597857193376,4876995.057748316
68.75597857193377,4876995.085781049
68.76597857193377,4876995.114188005
68.77597857193378,4876995.14269904
68.78597857193378,4876995.170636656
68.79597857193379,4876995.198521182
68.80597857193379,4876995.226673452
68.8159785719338,4876995.254811503
68.8259785719338,4876995.282642366
68.83597857193381,4876995.310406789
68.84597857193381,4876995.338688228
68.85597857193382,4876995.366531254
68.86597857193382,4876995.394884225
68.87597857193383,4876995.424172973
68.88597857193383,4876995.452268384
68.89597857193384,4876995.481468348
68.90597857193384,4876995.50977967
68.91597857193385,4876995.538476074
68.92597857193385,4876995.567401496
68.93597857193386,4876995.595440222
68.94597857193386,4876995.623700896
68.95597857193387,4876995.652294547
68.96597857193387,4876995.680550424
68.97597857193388,4876995.708702107
68.98597857193388,4876995.738296096
68.99597857193389,4876995.767446078
69.0059785719339,4876995.796319138
69.0159785719339,4876995.825564792
69.0259785719339,4876995.854815044
69.03597857193391,4876995.883446026
69.04597857193392,4876995.912277355
69.05597857193392,4876995.941520044
69.06597857193393,4876995.971036629
69.07597857193393,4876996.00092221
69.08597857193394,4876996.030281674
69.09597857193394,4876996.061210017
69.10597857193395,4876996.091038221
69.11597857193395,4876996.120616981
69.12597857193396,4876996.150696788
69.13597857193396,4876996.179528903
69.14597857193397,4876996.208941323
69.15597857193397,4876996.238438769
69.16597857193398,4876996.267809276
69.17597857193398,4876996.297465494
69.18597857193399,4876996.32650853
69.19597857193399,4876996.355718333
69.205978571934,4876996.384529254
69.215978571934,4876996.413267904
69.22597857193401,4876996.442413794
69.23597857193401,4876996.471403583
69.24597857193402,4876996.500198066
69.25597857193402,4876996.529068735
69.26597857193403,4876996.558049183
69.27597857193403,4876996.586673455
69.28597857193404,4876996.615744866
69.29597857193404,4876996.644656373
69.30597857193405,4876996.673809223
69.31597857193405,4876996.703773244
69.32597857193406,4876996.733595202
69.33597857193406,4876996.763532725
69.34597857193407,4876996.793310554
69.35597857193407,4876996.82317897
69.36597857193408,4876996.854028305
69.37597857193408,4876996.884686898
69.38597857193409,4876996.915282749
69.3959785719341,4876996.946161202
69.4059785719341,4876996.977218634
69.4159785719341,4876997.00877284
69.42597857193411,4876997.04024284
69.43597857193411,4876997.071445959
69.44597857193412,4876997.102593936
69.45597857193412,4876997.133999596
69.46597857193413,4876997.165741522
69.47597857193414,4876997.197159315
69.48597857193414,4876997.228767943
69.49597857193415,4876997.260027919
69.50597857193415,4876997.292684829
69.51597857193416,4876997.325737784
69.52597857193416,4876997.358574359
69.53597857193417,4876997.390752022
69.54597857193417,4876997.42322278
69.55597857193418,4876997.456871836
69.56597857193418,4876997.489404236
69.57597857193419,4876997.521802429
69.58597857193419,4876997.554814576
69.5959785719342,4876997.587018423
69.6059785719342,4876997.619297165
69.6159785719342,4876997.651716935
69.62597857193421,4876997.682951383
69.63597857193422,4876997.714289517
69.64597857193422,4876997.745500974
69.65597857193423,4876997.776496624
69.66597857193423,4876997.807707906
69.67597857193424,4876997.8391544
69.68597857193424,4876997.87069783
69.69597857193425,4876997.901953894
69.70597857193425,4876997.933275066
69.71597857193426,4876997.964861736
69.72597857193426,4876997.996838121
69.73597857193427,4876998.029047492
69.74597857193427,4876998.061307333
69.75597857193428,4876998.093538346
69.76597857193428,4876998.12585493
69.77597857193429,4876998.157982417
69.7859785719343,4876998.189076426
69.7959785719343,4876998.220572558
69.8059785719343,4876998.251719578
69.81597857193431,4876998.28266334
69.82597857193431,4876998.313741404
69.83597857193432,4876998.345962442
69.84597857193432,4876998.37787571
69.85597857193433,4876998.410176345
69.86597857193433,4876998.441975995
69.87597857193434,4876998.473733838
69.88597857193434,4876998.505355844
69.89597857193435,4876998.536380339
69.90597857193436,4876998.567875649
69.91597857193436,4876998.59850148
69.92597857193437,4876998.62967403
69.93597857193437,4876998.660649533
69.94597857193438,4876998.691626618
69.95597857193438,4876998.723844585
69.96597857193439,4876998.755270057
69.97597857193439,4876998.786044264
69.9859785719344,4876998.817972774
69.9959785719344,4876998.850313419
70.0059785719344,4876998.881631402
70.01597857193441,4876998.912865937
70.02597857193442,4876998.943074136
70.03597857193442,4876998.975896059
70.04597857193443,4876999.008237208
70.05597857193443,4876999.040056661
70.06597857193444,4876999.07327891
70.07597857193444,4876999.103899659
70.08597857193445,4876999.133778554
70.09597857193445,4876999.165799728
70.10597857193446,4876999.198817048
70.11597857193446,4876999.233291378
70.12597857193447,4876999.26731897
70.13597857193447,4876999.302205122
70.14597857193448,4876999.335835294
70.15597857193448,4876999.369894332
70.16597857193449,4876999.402610303
70.1759785719345,4876999.435629149
70.1859785719345,4876999.4680812
70.1959785719345,4876999.500063205
70.20597857193451,4876999.531964613
70.21597857193451,4876999.56435309
70.22597857193452,4876999.596333488
70.23597857193452,4876999.630272778
70.24597857193453,4876999.662428105
70.25597857193453,4876999.695138288
70.26597857193454,4876999.727547596
70.27597857193454,4876999.760918512
70.28597857193455,4876999.795047675
70.29597857193455,4876999.829843626
70.30597857193456,4876999.865278307
70.31597857193456,4876999.896142746
70.32597857193457,4876999.926256324
70.33597857193458,4876999.956268247
70.34597857193458,4876999.986087242
70.35597857193459,4877000.015616237
70.36597857193459,4877000.044739765
70.3759785719346,4877000.073094335
70.3859785719346,4877000.101456055
70.3959785719346,4877000.130010353
70.40597857193461,4877000.159165979
70.41597857193462,4877000.188837693
70.42597857193462,4877000.218793728
70.43597857193463,4877000.247515934
70.44597857193463,4877000.278031363
70.45597857193464,4877000.308649998
70.46597857193464,4877000.338478604
70.47597857193465,4877000.367453122
70.48597857193465,4877000.396824547
70.49597857193466,4877000.424791028
70.50597857193466,4877000.452050159
70.51597857193467,4877000.481590205
70.52597857193467,4877000.507829046
70.53597857193468,4877000.534225706
70.54597857193468,4877000.560046728
70.55597857193469,4877000.585586006
70.56597857193469,4877000.611320342
70.5759785719347,4877000.637662624
70.5859785719347,4877000.664263167
70.59597857193471,4877000.689800797
70.60597857193471,4877000.715367304
70.61597857193472,4877000.7409769
70.62597857193472,4877000.766328089
70.63597857193473,4877000.790420384
70.64597857193473,4877000.814807676
70.65597857193474,4877000.839394746
70.66597857193474,4877000.864247339
70.67597857193475,4877000.889356146
70.68597857193475,4877000.920728963
70.69597857193476,4877000.952511598
70.70597857193476,4877000.983870493
70.71597857193477,4877001.017497626
70.72597857193477,4877001.049797544
70.73597857193478,4877001.081796632
70.74597857193478,4877001.115021954
70.75597857193479,4877001.149971515
70.7659785719348,4877001.183039054
70.7759785719348,4877001.215288616
70.7859785719348,4877001.247817335
70.79597857193481,4877001.279763031
70.80597857193482,4877001.311436464
70.81597857193482,4877001.342832455
70.82597857193483,4877001.374401113
70.83597857193483,4877001.40592839
70.84597857193484,4877001.437924626
70.85597857193484,4877001.469684035
70.86597857193485,4877001.501304789
70.87597857193485,4877001.533294755
70.88597857193486,4877001.567071828
70.89597857193486,4877001.600079937
70.90597857193487,4877001.632430419
70.91597857193487,4877001.664653464
70.92597857193488,4877001.696292696
70.93597857193488,4877001.727953386
70.94597857193489,4877001.759878548
70.95597857193489,4877001.791547621
70.9659785719349,4877001.823729517
70.9759785719349,4877001.855812427
70.98597857193491,4877001.887440833
70.99597857193491,4877001.919104968
71.00597857193492,4877001.950992924
71.01597857193492,4877001.982652854
71.02597857193493,4877002.014069522
71.03597857193493,4877002.046016146
71.04597857193494,4877002.078410306
71.05597857193494,4877002.110621606
71.06597857193495,4877002.14379819
71.07597857193495,4877002.176076047
71.08597857193496,4877002.208061943
71.09597857193496,4877002.240451596
71.10597857193497,4877002.27329851
71.11597857193497,4877002.305470824
71.12597857193498,4877002.338480029
71.13597857193498,4877002.371107622
71.14597857193499,4877002.4031177
71.155978571935,4877002.435273295
71.165978571935,4877002.467519363
71.175978571935,4877002.499583377
71.18597857193501,4877002.531858855
71.19597857193502,4877002.564570069
71.20597857193502,4877002.596656237
71.21597857193503,4877002.629249698
71.22597857193503,4877002.661599996
71.23597857193504,4877002.692944606
71.24597857193504,4877002.724172558
71.25597857193505,4877002.755804741
71.26597857193505,4877002.787477307
71.27597857193506,4877002.81915821
71.28597857193506,4877002.850880951
71.29597857193507,4877002.882278387
71.30597857193507,4877002.913317931
71.31597857193508,4877002.944804971
71.32597857193508,4877002.976437791
71.33597857193509,4877003.007829459
71.34597857193509,4877003.039578486
71.3559785719351,4877003.071115009
71.3659785719351,4877003.102250452
71.37597857193511,4877003.133065871
71.38597857193511,4877003.163911978
71.39597857193512,4877003.194526041
71.40597857193512,4877003.225493059
71.41597857193513,4877003.256446471
71.42597857193513,4877003.287305713
71.43597857193514,4877003.317304627
71.44597857193514,4877003.348148038
71.45597857193515,4877003.378995639
71.46597857193515,4877003.409612361
71.47597857193516,4877003.440436017
71.48597857193516,4877003.471235516
71.49597857193517,4877003.501771331
71.50597857193517,4877003.532527486
71.51597857193518,4877003.563657267
71.52597857193518,4877003.59452756
71.53597857193519,4877003.625215926
71.5459785719352,4877003.656999279
71.5559785719352,4877003.688278352
71.5659785719352,4877003.719822289
71.57597857193521,4877003.75128924
71.58597857193521,4877003.782677826
71.59597857193522,4877003.813916747
71.60597857193522,4877003.84516096
71.61597857193523,4877003.876046412
71.62597857193524,4877003.906364967
71.63597857193524,4877003.93701564
71.64597857193525,4877003.967693166
71.65597857193525,4877003.997873642
71.66597857193526,4877004.028131763
71.67597857193526,4877004.058442573
71.68597857193527,4877004.088020344
71.69597857193527,4877004.117729078
71.70597857193528,4877004.147575536
71.71597857193528,4877004.177178436
71.72597857193529,4877004.20643791
71.73597857193529,4877004.236268154
71.7459785719353,4877004.266215718
71.7559785719353,4877004.296344272
71.7659785719353,4877004.3272129
71.77597857193531,4877004.357173633
71.78597857193532,4877004.387294225
71.79597857193532,4877004.416801288
71.80597857193533,4877004.447076961
71.81597857193533,4877004.477660364
71.82597857193534,4877004.507704562
71.83597857193534,4877004.537903518
71.84597857193535,4877004.568183579
71.85597857193535,4877004.598434926
71.86597857193536,4877004.62904219
71.87597857193536,4877004.65970737
71.88597857193537,4877004.690039598
71.89597857193537,4877004.720714772
71.90597857193538,4877004.751429106
71.91597857193538,4877004.781901788
71.92597857193539,4877004.813037519
71.9359785719354,4877004.843936552
71.9459785719354,4877004.874810883
71.9559785719354,4877004.905101086
71.96597857193541,4877004.935724604
71.97597857193541,4877004.966217996
71.98597857193542,4877004.996691508
71.99597857193542,4877005.027218256
72.00597857193543,4877005.058083505
72.01597857193543,4877005.088462127
72.02597857193544,4877005.119196368
72.03597857193544,4877005.149858731
72.04597857193545,4877005.18069078
72.05597857193546,4877005.21112437
72.06597857193546,4877005.241665451
72.07597857193547,4877005.272194889
72.08597857193547,4877005.302514708
72.09597857193548,4877005.333813144
72.10597857193548,4877005.364668651
72.11597857193549,4877005.395642427
72.12597857193549,4877005.426060475
72.1359785719355,4877005.45685977
72.1459785719355,4877005.487294
72.1559785719355,4877005.517333132
72.16597857193551,4877005.547861493
72.17597857193552,4877005.5782764
72.18597857193552,4877005.608739999
72.19597857193553,4877005.639177409
72.20597857193553,4877005.669420924
72.21597857193554,4877005.699266996
72.22597857193554,4877005.729236283
72.23597857193555,4877005.759750093
72.24597857193555,4877005.79059361
72.25597857193556,4877005.820971717
72.26597857193556,4877005.851587427
72.27597857193557,4877005.882128847
72.28597857193557,4877005.912213695
72.29597857193558,4877005.942594782
72.30597857193558,4877005.972959936
72.31597857193559,4877006.003075753
72.3259785719356,4877006.03322489
72.3359785719356,4877006.064405484
72.3459785719356,4877006.09517336
72.35597857193561,4877006.125509827
72.36597857193561,4877006.15651196
72.37597857193562,4877006.187304874
72.38597857193562,4877006.217960807
72.39597857193563,4877006.247380586
72.40597857193563,4877006.278717581
72.41597857193564,4877006.310248625
72.42597857193564,4877006.34160014
72.43597857193565,4877006.372901848
72.44597857193565,4877006.403882124
72.45597857193566,4877006.435532068
72.46597857193566,4877006.46535984
72.47597857193567,4877006.49703506
72.48597857193568,4877006.529068759
72.49597857193568,4877006.561103089
72.50597857193569,4877006.590288827
72.51597857193569,4877006.62236914
72.5259785719357,4877006.652138563
72.5359785719357,4877006.68167349
72.5459785719357,4877006.712379203
72.55597857193571,4877006.743429848
72.56597857193572,4877006.773044654
72.57597857193572,4877006.802588147
72.58597857193573,4877006.833951205
72.59597857193573,4877006.863801318
72.60597857193574,4877006.894809192
72.61597857193574,4877006.924211123
72.62597857193575,4877006.95518531
72.63597857193575,4877006.984858665
72.64597857193576,4877007.014380236
72.65597857193576,4877007.044358403
72.66597857193577,4877007.075875739
72.67597857193577,4877007.106459555
72.68597857193578,4877007.138303342
72.69597857193578,4877007.169379984
72.70597857193579,4877007.19985587
72.71597857193579,4877007.230303639
72.7259785719358,4877007.260800948
72.7359785719358,4877007.291036181
72.74597857193581,4877007.321619225
72.75597857193581,4877007.352356523
72.76597857193582,4877007.382275281
72.77597857193582,4877007.412506789
72.78597857193583,4877007.44290602
72.79597857193583,4877007.473318972
72.80597857193584,4877007.503411738
72.81597857193584,4877007.533273982
72.82597857193585,4877007.564033103
72.83597857193585,4877007.594234557
72.84597857193586,4877007.624630368
72.85597857193586,4877007.655107111
72.86597857193587,4877007.685579735
72.87597857193587,4877007.715854939
72.88597857193588,4877007.74632522
72.89597857193588,4877007.776934034
72.90597857193589,4877007.807162208
72.9159785719359,4877007.837387123
72.9259785719359,4877007.868163371
72.9359785719359,4877007.89961512
72.94597857193591,4877007.930544428
72.95597857193592,4877007.960428494
72.96597857193592,4877007.989902572
72.97597857193593,4877008.020255241
72.98597857193593,4877008.051317857
72.99597857193594,4877008.081637304
73.00597857193594,4877008.112206942
73.01597857193595,4877008.143542585
73.02597857193595,4877008.173607047
73.03597857193596,4877008.204131032
73.04597857193596,4877008.23524392
73.05597857193597,4877008.266648942
73.06597857193597,4877008.297521105
73.07597857193598,4877008.328524729
73.08597857193598,4877008.359380599
73.09597857193599,4877008.390283129
73.10597857193599,4877008.421141775
73.115978571936,4877008.452126569
73.125978571936,4877008.483035457
73.13597857193601,4877008.514299158
73.14597857193601,4877008.546364264
73.15597857193602,4877008.577577165
73.16597857193602,4877008.608839622
73.17597857193603,4877008.640890713
73.18597857193603,4877008.672536112
73.19597857193604,4877008.704253496
73.20597857193604,4877008.735846724
73.21597857193605,4877008.767695685
73.22597857193605,4877008.799164333
73.23597857193606,4877008.830860226
73.24597857193606,4877008.86280528
73.25597857193607,4877008.895338411
73.26597857193607,4877008.926872126
73.27597857193608,4877008.958678238
73.28597857193608,4877008.990302228
73.29597857193609,4877009.022420099
73.3059785719361,4877009.054471177
73.3159785719361,4877009.086561895
73.3259785719361,4877009.118569143
73.33597857193611,4877009.151150028
73.34597857193612,4877009.183361363
73.35597857193612,4877009.215405902
73.36597857193613,4877009.247559935
73.37597857193613,4877009.279291852
73.38597857193614,4877009.311419646
73.39597857193614,4877009.345353395
73.40597857193615,4877009.38003115
73.41597857193615,4877009.412235461
73.42597857193616,4877009.445840278
73.43597857193616,4877009.47836125
73.44597857193617,4877009.510775881
73.45597857193617,4877009.543127926
73.46597857193618,4877009.57594227
73.47597857193618,4877009.608166218
73.48597857193619,4877009.640276148
73.49597857193619,4877009.672211549
73.5059785719362,4877009.703626017
73.5159785719362,4877009.735064057
73.52597857193621,4877009.767978094
73.53597857193621,4877009.800282909
73.54597857193622,4877009.832298737
73.55597857193622,4877009.864244848
73.56597857193623,4877009.895451068
73.57597857193623,4877009.926444186
73.58597857193624,4877009.95744526
73.59597857193624,4877009.988443058
73.60597857193625,4877010.019323378
73.61597857193625,4877010.05024858
73.62597857193626,4877010.081345864
73.63597857193626,4877010.112467018
73.64597857193627,4877010.143800943
73.65597857193627,4877010.174877314
73.66597857193628,4877010.205943617
73.67597857193628,4877010.236737429
73.68597857193629,4877010.268114793
73.6959785719363,4877010.298750712
73.7059785719363,4877010.329446898
73.7159785719363,4877010.360292896
73.72597857193631,4877010.391222126
73.73597857193631,4877010.421803895
73.74597857193632,4877010.454565959
73.75597857193632,4877010.486576739
73.76597857193633,4877010.518654738
73.77597857193634,4877010.551299933
73.78597857193634,4877010.583718821
73.79597857193635,4877010.61746801
73.80597857193635,4877010.650143905
73.81597857193636,4877010.683516136
73.82597857193636,4877010.716088462
73.83597857193637,4877010.747792372
73.84597857193637,4877010.779915674
73.85597857193638,4877010.811408821
73.86597857193638,4877010.843217938
73.87597857193639,4877010.873908971
73.88597857193639,4877010.905048019
73.8959785719364,4877010.935766586
73.9059785719364,4877010.967231542
73.9159785719364,4877010.999305517
73.92597857193641,4877011.031514551
73.93597857193642,4877011.063106899
73.94597857193642,4877011.094097916
73.95597857193643,4877011.126331463
73.96597857193643,4877011.160363042
73.97597857193644,4877011.193538663
73.98597857193644,4877011.226406747
73.99597857193645,4877011.259930487
74.00597857193645,4877011.293041179
74.01597857193646,4877011.325120661
74.02597857193646,4877011.357544253
74.03597857193647,4877011.389796229
74.04597857193647,4877011.421832579
74.05597857193648,4877011.454119534
74.06597857193648,4877011.486659895
74.07597857193649,4877011.519197614
74.0859785719365,4877011.552565751
74.0959785719365,4877011.587225302
74.1059785719365,4877011.621168044
74.11597857193651,4877011.654327407
74.12597857193651,4877011.687146585
74.13597857193652,4877011.719643526
74.14597857193652,4877011.75244695
74.15597857193653,4877011.785222078
74.16597857193653,4877011.819647717
74.17597857193654,4877011.854103977
74.18597857193654,4877011.889214712
74.19597857193655,4877011.923809802
74.20597857193655,4877011.957613129
74.21597857193656,4877011.992266838
74.22597857193657,4877012.024799719
74.23597857193657,4877012.058563011
74.24597857193658,4877012.092186279
74.25597857193658,4877012.125504415
74.26597857193659,4877012.159384102
74.27597857193659,4877012.193223335
74.2859785719366,4877012.226411836
74.2959785719366,4877012.259234502
74.3059785719366,4877012.291700817
74.31597857193661,4877012.324025535
74.32597857193662,4877012.357261711
74.33597857193662,4877012.389491274
74.34597857193663,4877012.421373921
74.35597857193663,4877012.45357573
74.36597857193664,4877012.487425884
74.37597857193664,4877012.520238689
74.38597857193665,4877012.554212745
74.39597857193665,4877012.587604989
74.40597857193666,4877012.621501756
74.41597857193666,4877012.654222092
74.42597857193667,4877012.686671636
74.43597857193667,4877012.71884033
74.44597857193668,4877012.751255752
74.45597857193668,4877012.78361292
74.46597857193669,4877012.816015723
74.4759785719367,4877012.849699791
74.4859785719367,4877012.881815882
74.4959785719367,4877012.91293923
74.50597857193671,4877012.944246323
74.51597857193671,4877012.975608247
74.52597857193672,4877013.008547198
74.53597857193672,4877013.039601405
74.54597857193673,4877013.073258187
74.55597857193673,4877013.105669045
74.56597857193674,4877013.138428501
74.57597857193674,4877013.171498613
74.58597857193675,4877013.204427272
74.59597857193675,4877013.237554282
74.60597857193676,4877013.270967453
74.61597857193676,4877013.30353388
74.62597857193677,4877013.335670301
74.63597857193677,4877013.367842319
74.64597857193678,4877013.39876663
74.65597857193679,4877013.431087157
74.66597857193679,4877013.463245557
74.6759785719368,4877013.49476944
74.6859785719368,4877013.527558672
74.6959785719368,4877013.559959862
74.70597857193681,4877013.591092801
74.71597857193682,4877013.62402446
74.72597857193682,4877013.657703551
74.73597857193683,4877013.691250599
74.74597857193683,4877013.724397325
74.75597857193684,4877013.75575922
74.76597857193684,4877013.786322763
74.77597857193685,4877013.818245769
74.78597857193685,4877013.850190654
74.79597857193686,4877013.884130564
74.80597857193686,4877013.917962479
74.81597857193687,4877013.950451575
74.82597857193687,4877013.985614954
74.83597857193688,4877014.020525452
74.84597857193688,4877014.054894282
74.85597857193689,4877014.08902383
74.86597857193689,4877014.125455769
74.8759785719369,4877014.153942359
74.8859785719369,4877014.183695549
74.89597857193691,4877014.214713582
74.90597857193691,4877014.243974838
74.91597857193692,4877014.273992794
74.92597857193692,4877014.303772316
74.93597857193693,4877014.333248756
74.94597857193693,4877014.36192158
74.95597857193694,4877014.389935193
74.96597857193694,4877014.417486141
74.97597857193695,4877014.444678126
74.98597857193695,4877014.471107455
74.99597857193696,4877014.498224611
75.00597857193696,4877014.525547879
75.01597857193697,4877014.555314602
75.02597857193697,4877014.580448936
75.03597857193698,4877014.606230681
75.04597857193698,4877014.632073649
75.05597857193699,4877014.658490205
75.065978571937,4877014.684609185
75.075978571937,4877014.709437753
75.085978571937,4877014.733964005
75.09597857193701,4877014.759403978
75.10597857193702,4877014.786215015
75.11597857193702,4877014.813747042
75.12597857193703,4877014.840865987
75.13597857193703,4877014.867818911
75.14597857193704,4877014.89487507
75.15597857193704,4877014.921030249
75.16597857193705,4877014.9461
75.17597857193705,4877014.972537882
75.18597857193706,4877014.998316235
75.19597857193706,4877015.025052747
75.20597857193707,4877015.05152823
75.21597857193707,4877015.077559056
75.22597857193708,4877015.103278625
75.23597857193708,4877015.128740357
75.24597857193709,4877015.153685323
75.25597857193709,4877015.178532731
75.2659785719371,4877015.201942344
75.2759785719371,4877015.225948615
75.28597857193711,4877015.254913468
75.29597857193711,4877015.280540398
75.30597857193712,4877015.306155495
75.31597857193712,4877015.330614662
75.32597857193713,4877015.355483633
75.33597857193713,4877015.384572969
75.34597857193714,4877015.413672349
75.35597857193714,4877015.438534133
75.36597857193715,4877015.462665902
75.37597857193715,4877015.490627581
75.38597857193716,4877015.520268413
75.39597857193716,4877015.547774329
75.40597857193717,4877015.57565677
75.41597857193717,4877015.602033933
75.42597857193718,4877015.629091479
75.43597857193718,4877015.656867469
75.44597857193719,4877015.684970007
75.4559785719372,4877015.712185537
75.4659785719372,4877015.738601979
75.4759785719372,4877015.765501038
75.48597857193721,4877015.794573489
75.49597857193721,4877015.823240169
75.50597857193722,4877015.852429534
75.51597857193723,4877015.881259539
75.52597857193723,4877015.910145361
75.53597857193724,4877015.938730132
75.54597857193724,4877015.967818387
75.55597857193725,4877015.996008686
75.56597857193725,4877016.024681692
75.57597857193726,4877016.053204818
75.58597857193726,4877016.082116245
75.59597857193727,4877016.110429984
75.60597857193727,4877016.139773916
75.61597857193728,4877016.168286136
75.62597857193728,4877016.196574662
75.63597857193729,4877016.224525512
75.64597857193729,4877016.252453276
75.6559785719373,4877016.281360023
75.6659785719373,4877016.310238322
75.6759785719373,4877016.338608609
75.68597857193731,4877016.367728006
75.69597857193732,4877016.396570616
75.70597857193732,4877016.425504002
75.71597857193733,4877016.454550762
75.72597857193733,4877016.483140622
75.73597857193734,4877016.512613773
75.74597857193734,4877016.54259289
75.75597857193735,4877016.57365532
75.76597857193735,4877016.606812435
75.77597857193736,4877016.637298373
75.78597857193736,4877016.667453814
75.79597857193737,4877016.697501998
75.80597857193737,4877016.726675787
75.81597857193738,4877016.754979408
75.82597857193738,4877016.783965876
75.83597857193739,4877016.811462094
75.8459785719374,4877016.840710963
75.8559785719374,4877016.86885714
75.8659785719374,4877016.899360428
75.87597857193741,4877016.928239038
75.88597857193741,4877016.958462403
75.89597857193742,4877016.987833107
75.90597857193742,4877017.01801848
75.91597857193743,4877017.047629711
75.92597857193743,4877017.077867689
75.93597857193744,4877017.107861047
75.94597857193745,4877017.138973889
75.95597857193745,4877017.170659493
75.96597857193746,4877017.20163824
75.97597857193746,4877017.232061236
75.98597857193747,4877017.260637002
75.99597857193747,4877017.28963299
76.00597857193748,4877017.318737983
76.01597857193748,4877017.349552877
76.02597857193749,4877017.379662995
76.03597857193749,4877017.409774102
76.0459785719375,4877017.43938198
76.0559785719375,4877017.468208815
76.0659785719375,4877017.496881257
76.07597857193751,4877017.525498068
76.08597857193752,4877017.554742253
76.09597857193752,4877017.583727272
76.10597857193753,4877017.612224989
76.11597857193753,4877017.640758674
76.12597857193754,4877017.669204664
76.13597857193754,4877017.698161894
76.14597857193755,4877017.727036245
76.15597857193755,4877017.755839419
76.16597857193756,4877017.784234383
76.17597857193756,4877017.811984768
76.18597857193757,4877017.83955577
76.19597857193757,4877017.867207266
76.20597857193758,4877017.895346258
76.21597857193758,4877017.923641885
76.22597857193759,4877017.95183927
76.2359785719376,4877017.981474884
76.2459785719376,4877018.011302707
76.2559785719376,4877018.039471534
76.26597857193761,4877018.068361887
76.27597857193761,4877018.09766072
76.28597857193762,4877018.126418336
76.29597857193762,4877018.154032866
76.30597857193763,4877018.183048841
76.31597857193763,4877018.211104685
76.32597857193764,4877018.239241488
76.33597857193764,4877018.269180664
76.34597857193765,4877018.296705379
76.35597857193765,4877018.324982547
76.36597857193766,4877018.351312738
76.37597857193767,4877018.378355251
76.38597857193767,4877018.404703589
76.39597857193768,4877018.430451684
76.40597857193768,4877018.455562465
76.41597857193769,4877018.480850515
76.42597857193769,4877018.508152065
76.4359785719377,4877018.538453685
76.4459785719377,4877018.566384951
76.4559785719377,4877018.594175603
76.46597857193771,4877018.621651199
76.47597857193772,4877018.648361943
76.48597857193772,4877018.676309686
76.49597857193773,4877018.703854256
76.50597857193773,4877018.7309203
76.51597857193774,4877018.758710736
76.52597857193774,4877018.785909167
76.53597857193775,4877018.814263456
76.54597857193775,4877018.84295164
76.55597857193776,4877018.871703987
76.56597857193776,4877018.900560734
76.57597857193777,4877018.927446293
76.58597857193777,4877018.955543068
76.59597857193778,4877018.987883283
76.60597857193778,4877019.015374876
76.61597857193779,4877019.044852362
76.6259785719378,4877019.074506302
76.6359785719378,4877019.104126176
76.6459785719378,4877019.131810402
76.65597857193781,4877019.16021452
76.66597857193781,4877019.189578891
76.67597857193782,4877019.216912835
76.68597857193782,4877019.24461312
76.69597857193783,4877019.27166988
76.70597857193783,4877019.301371987
76.71597857193784,4877019.329815738
76.72597857193784,4877019.358483854
76.73597857193785,4877019.38733339
76.74597857193785,4877019.415170348
76.75597857193786,4877019.444136914
76.76597857193786,4877019.472992539
76.77597857193787,4877019.502050689
76.78597857193787,4877019.529171225
76.79597857193788,4877019.555603163
76.80597857193789,4877019.58211203
76.81597857193789,4877019.609430241
76.8259785719379,4877019.638334557
76.8359785719379,4877019.667192235
76.8459785719379,4877019.695936709
76.85597857193791,4877019.724459784
76.86597857193792,4877019.752969669
76.87597857193792,4877019.783500684
76.88597857193793,4877019.813659884
76.89597857193793,4877019.843284846
76.90597857193794,4877019.873982414
76.91597857193794,4877019.904402302
76.92597857193795,4877019.934961404
76.93597857193795,4877019.962871401
76.94597857193796,4877019.990806215
76.95597857193796,4877020.019118377
76.96597857193797,4877020.047396774
76.97597857193797,4877020.074856022
76.98597857193798,4877020.102467577
76.99597857193798,4877020.130656985
77.00597857193799,4877020.158893057
77.01597857193799,4877020.18705829
77.025978571938,4877020.215105398
77.035978571938,4877020.244244723
77.04597857193801,4877020.272036385
77.05597857193801,4877020.301342242
77.06597857193802,4877020.3306025
77.07597857193802,4877020.359121049
77.08597857193803,4877020.385941188
77.09597857193803,4877020.411295056
77.10597857193804,4877020.43676942
77.11047399538865,4877020.528388696
77.11496941883925,4877020.552302208
77.12496941883926,4877020.576031108
77.13496941883926,4877020.601237503
77.14496941883927,4877020.627522102
77.15496941883927,4877020.652475973
77.16496941883928,4877020.675803344
77.17496941883928,4877020.70138193
77.18496941883929,4877020.726673748
77.19496941883929,4877020.750553975
77.2049694188393,4877020.777517628
77.2149694188393,4877020.801300853
77.22496941883931,4877020.826242116
77.23496941883931,4877020.864798079
77.24496941883932,4877020.896232404
77.25496941883932,4877020.925690624
77.26496941883933,4877020.957193099
77.27496941883933,4877020.991042234
77.28042175969864,4877021.051079897
77.28587410055795,4877021.080428041
77.29587410055795,4877021.107522952
77.30587410055796,4877021.136510302
77.31587410055796,4877021.166665
77.32587410055797,4877021.196182092
77.33587410055797,4877021.224647935
77.34587410055798,4877021.250359101
77.35587410055798,4877021.276807323
77.36587410055799,4877021.299474841
77.375874100558,4877021.322208204
77.385874100558,4877021.344688011
77.395874100558,4877021.370169522
77.40587410055801,4877021.392517684
77.41587410055801,4877021.412934416
77.42587410055802,4877021.43513433
77.43587410055802,4877021.457501034
77.44587410055803,4877021.479605754
77.45587410055803,4877021.50057692
77.46587410055804,4877021.52959118
77.47587410055804,4877021.550671483
77.48587410055805,4877021.578462164
77.49587410055805,4877021.598846102
77.50587410055806,4877021.620445337
77.51587410055807,4877021.63796477
77.52587410055807,4877021.658946975
77.53587410055808,4877021.682116257
77.54587410055808,4877021.702139224
77.55587410055809,4877021.722182288
77.56587410055809,4877021.74203787
77.5758741005581,4877021.759879416
77.58483327101185,4877021.794932895
77.5937924414656,4877021.816010601
77.6037924414656,4877021.834658037
77.6137924414656,4877021.853515578
77.62379244146561,4877021.871962585
77.63379244146562,4877021.892310393
77.64379244146562,4877021.912650268
77.65379244146563,4877021.932801622
77.66379244146563,4877021.951360915
77.67379244146564,4877021.972554684
77.68379244146564,4877021.992549136
77.69379244146565,4877022.013176386
77.70379244146565,4877022.034302655
77.71379244146566,4877022.053752777
77.72379244146566,4877022.071605312
77.73379244146567,4877022.089978506
77.74379244146567,4877022.111249702
77.75379244146568,4877022.131289613
77.76379244146568,4877022.151846893
77.77379244146569,4877022.171920113
77.78379244146569,4877022.190620378
77.7937924414657,4877022.208335836
77.8037924414657,4877022.226616115
77.81379244146571,4877022.244856815
77.82379244146571,4877022.263349571
77.83379244146572,4877022.282112733
77.84379244146572,4877022.30176596
77.85379244146573,4877022.320337537
77.86379244146573,4877022.338845909
77.87379244146574,4877022.357015383
77.88379244146574,4877022.375403948
77.89379244146575,4877022.396674967
77.90379244146575,4877022.415813003
77.91379244146576,4877022.432724478
77.92379244146576,4877022.449422661
77.93379244146577,4877022.4666001
77.94379244146577,4877022.483378072
77.95379244146578,4877022.499975552
77.96379244146578,4877022.515338163
77.97379244146579,4877022.529555423
77.9837924414658,4877022.543643846
77.9937924414658,4877022.560365829
78.0037924414658,4877022.574184854
78.01379244146581,4877022.589589339
78.02379244146582,4877022.605410773
78.03379244146582,4877022.623150006
78.04379244146583,4877022.637960666
78.05379244146583,4877022.652951647
78.06379244146584,4877022.67014863
78.07379244146584,4877022.69766251
78.08379244146585,4877022.716376748
78.09379244146585,4877022.732751524
78.10379244146586,4877022.749340953
78.11379244146586,4877022.766109272
78.12379244146587,4877022.78843939
78.13379244146587,4877022.809762752
78.14379244146588,4877022.828698783
78.1504458794492,4877022.869202306
78.15709931743251,4877022.895170486
78.16619882155733,4877022.918089177
78.17619882155734,4877022.94062164
78.18619882155734,4877022.961240862
78.19619882155735,4877022.980458659
78.20619882155735,4877022.998236292
78.21619882155736,4877023.018603283
78.22619882155736,4877023.042098317
78.23619882155737,4877023.064929993
78.24619882155737,4877023.087784081
78.25619882155738,4877023.111585369
78.26619882155738,4877023.138309515
78.27619882155739,4877023.166279531
78.28619882155739,4877023.193177642
78.2961988215574,4877023.219840603
78.3061988215574,4877023.248171863
78.3161988215574,4877023.272273148
78.32619882155741,4877023.297928058
78.33619882155742,4877023.323676145
78.34619882155742,4877023.346766995
78.35619882155743,4877023.373434769
78.36619882155743,4877023.396459319
78.37619882155744,4877023.420090795
78.38619882155744,4877023.445769614
78.39619882155745,4877023.47282686
78.40619882155745,4877023.497289008
78.41619882155746,4877023.522754809
78.42619882155746,4877023.550583224
78.43619882155747,4877023.574088255
78.44619882155747,4877023.603643284
78.45619882155748,4877023.626834582
78.46619882155748,4877023.652408308
78.47619882155749,4877023.681111495
78.4861988215575,4877023.707592683
78.4961988215575,4877023.732043429
78.5061988215575,4877023.758522523
78.51619882155751,4877023.783358901
78.52619882155751,4877023.811087916
78.53619882155752,4877023.836740183
78.54619882155752,4877023.862521967
78.55619882155753,4877023.887578821
78.56619882155753,4877023.91084494
78.57619882155754,4877023.93626021
78.58619882155755,4877023.961046201
78.59619882155755,4877023.982517789
78.60619882155756,4877024.004290629
78.61619882155756,4877024.026354926
78.62619882155757,4877024.047834088
78.63619882155757,4877024.069618684
78.64619882155758,4877024.091221959
78.65619882155758,4877024.111661308
78.66619882155759,4877024.133507711
78.67619882155759,4877024.155400702
78.6861988215576,4877024.177933972
78.6961988215576,4877024.200149392
78.7061988215576,4877024.220867018
78.71619882155761,4877024.242506786
78.72619882155762,4877024.268113564
78.73619882155762,4877024.291940839
78.74619882155763,4877024.313835039
78.75619882155763,4877024.337276642
78.76619882155764,4877024.362085558
78.77619882155764,4877024.384533321
78.78619882155765,4877024.406373793
78.79619882155765,4877024.431353952
78.80619882155766,4877024.452947976
78.81619882155766,4877024.481628357
78.82619882155767,4877024.505032409
78.83619882155767,4877024.527953489
78.84619882155768,4877024.555430589
78.85619882155768,4877024.575140857
78.86619882155769,4877024.598624078
78.8761988215577,4877024.622614016
78.8861988215577,4877024.642524342
78.8961988215577,4877024.663040283
78.90619882155771,4877024.680186368
78.91619882155771,4877024.697199186
78.92619882155772,4877024.713795248
78.93619882155772,4877024.730670058
78.94619882155773,4877024.751427428
78.95619882155773,4877024.768279643
78.96619882155774,4877024.784083963
78.97619882155774,4877024.802023053
78.9846604235998,4877024.849277146
78.99312202564187,4877024.869868049
79.00201380473126,4877024.909764149
79.01090558382066,4877024.929665731
79.02090558382066,4877024.944693861
79.03090558382067,4877024.958193472
79.04090558382067,4877024.97141179
79.0479763235067,4877024.997280814
79.05797632350671,4877025.011425011
79.06797632350671,4877025.024302832
79.07797632350672,4877025.044257265
79.08797632350672,4877025.05713627
79.09797632350673,4877025.070772508
79.10797632350673,4877025.08306919
79.11797632350674,4877025.095174885
79.12797632350674,4877025.106739277
79.13797632350675,4877025.11848788
79.14797632350675,4877025.129375344
79.15797632350676,4877025.140126823
79.16797632350676,4877025.151233136
79.17213155553108,4877025.180967208
79.18213155553109,4877025.199720019
79.19213155553109,4877025.212489973
79.2021315555311,4877025.225408665
79.2121315555311,4877025.239314634
79.2221315555311,4877025.251190537
79.23213155553111,4877025.270096021
79.24213155553112,4877025.284108628
79.25213155553112,4877025.298389663
79.26213155553113,4877025.311435573
79.27213155553113,4877025.323845811
79.28213155553114,4877025.336083568
79.29213155553114,4877025.348551431
79.30213155553115,4877025.360885227
79.31213155553115,4877025.372765271
79.32213155553116,4877025.384400053
79.32872304291111,4877025.409112779
79.33759292648428,4877025.423393656
79.34759292648428,4877025.435955823
79.35759292648429,4877025.448386897
79.36759292648429,4877025.459863754
79.3775929264843,4877025.472017202
79.3875929264843,4877025.483586899
79.39759292648431,4877025.495556749
79.40759292648431,4877025.506879094
79.41759292648432,4877025.51844477
79.42306328354158,4877025.550530732
79.43306328354159,4877025.573181385
79.44306328354159,4877025.589470618
79.4530632835416,4877025.605406397
79.4630632835416,4877025.620778691
79.4730632835416,4877025.635137371
79.48306328354161,4877025.650302984
79.49306328354162,4877025.666206805
79.50306328354162,4877025.682622239
79.51306328354163,4877025.697408049
79.52306328354163,4877025.710533956
79.53306328354164,4877025.72282054
79.54306328354164,4877025.734587993
79.55306328354165,4877025.746060513
79.56306328354165,4877025.757865485
79.57306328354166,4877025.769679186
79.58306328354166,4877025.781269109
79.59306328354167,4877025.792755135
79.60306328354167,4877025.803841001
79.61306328354168,4877025.814636617
79.62306328354168,4877025.825055356
79.63306328354169,4877025.83565291
79.63613987834901,4877025.869561687
79.64613987834902,4877025.891530326
79.65613987834902,4877025.906142401
79.66613987834903,4877025.921909578
79.67613987834903,4877025.936478134
79.68613987834904,4877025.948907583
79.69613987834904,4877025.964039363
79.70613987834905,4877025.977261293
79.71613987834905,4877025.988563386
79.72613987834906,4877026.005062443
79.73613987834906,4877026.017566015
79.74613987834907,4877026.029551591
79.75613987834907,4877026.041325279
79.76613987834908,4877026.06014158
79.77613987834908,4877026.073432392
79.78613987834909,4877026.085583173
79.7961398783491,4877026.097534004
79.80120204529673,4877026.119148407
79.81120204529674,4877026.136810413
79.82120204529674,4877026.152107334
79.83120204529675,4877026.16694191
79.84120204529675,4877026.183063886
79.85120204529676,4877026.19660705
79.86120204529676,4877026.209482961
79.87120204529677,4877026.223638402
79.88120204529677,4877026.238184224
79.89120204529678,4877026.251092475
79.90120204529678,4877026.263857525
79.91120204529679,4877026.278921293
79.9212020452968,4877026.294484348
79.9312020452968,4877026.31113772
79.9412020452968,4877026.324375165
79.95120204529681,4877026.339734959
79.96120204529682,4877026.354120087
79.97120204529682,4877026.367153169
79.98120204529683,4877026.379771228
79.99120204529683,4877026.391966667
80.00120204529684,4877026.405199403
80.01120204529684,4877026.417624579
80.02120204529685,4877026.432311559
80.03120204529685,4877026.445761885
80.04120204529686,4877026.45964386
80.05120204529686,4877026.475251977
80.06120204529687,4877026.489532462
80.07120204529687,4877026.503042784
80.08120204529688,4877026.516505581
80.09120204529688,4877026.531749559
80.10120204529689,4877026.547887495
80.11120204529689,4877026.562233657
80.1212020452969,4877026.57832982
80.1312020452969,4877026.594672692
80.14120204529691,4877026.612576804
80.15120204529691,4877026.661962531
80.16120204529692,4877026.702320545
80.17120204529692,4877026.741118478
80.18120204529693,4877026.785695241
80.19120204529693,4877026.825736456
80.20120204529694,4877026.86788528
80.21120204529694,4877026.905698228
80.22120204529695,4877026.945684774
80.23120204529695,4877026.986967118
80.24120204529696,4877027.024685253
80.25120204529696,4877027.064352968
80.26120204529697,4877027.101144736
80.27120204529697,4877027.137745781
80.28120204529698,4877027.181345963
80.29120204529698,4877027.217470024
80.30120204529699,4877027.256035042
80.311202045297,4877027.291483154
80.321202045297,4877027.326042184
80.331202045297,4877027.368073421
80.34120204529701,4877027.400864564
80.35120204529701,4877027.433353225
80.36120204529702,4877027.465740546
80.37120204529703,4877027.504227951
80.38120204529703,4877027.536496366
80.39120204529704,4877027.567780008
80.40120204529704,4877027.60536597
80.41120204529705,4877027.635630692
80.42120204529705,4877027.66471492
80.43120204529706,4877027.693438572
80.44120204529706,4877027.72175797
80.45120204529707,4877027.749040371
80.46120204529707,4877027.776520757
80.47120204529708,4877027.803534084
80.48120204529708,4877027.828576739
80.49120204529709,4877027.8526125
80.50120204529709,4877027.875899219
80.5112020452971,4877027.8984813
80.5212020452971,4877027.920236979
80.5312020452971,4877027.941843814
80.54120204529711,4877027.961865328
80.55120204529712,4877027.980903538
80.56120204529712,4877027.999394411
80.57120204529713,4877028.018920469
80.58120204529713,4877028.035167499
80.59120204529714,4877028.05108936
80.60120204529714,4877028.066765756
80.61120204529715,4877028.08369257
80.62120204529715,4877028.105430957
80.63120204529716,4877028.124109183
80.64120204529716,4877028.141061417
80.65120204529717,4877028.158487457
80.66120204529717,4877028.175619494
80.67120204529718,4877028.19250064
80.68120204529718,4877028.209046529
80.69120204529719,4877028.225234742
80.7012020452972,4877028.242512313
80.7112020452972,4877028.261227022
80.7212020452972,4877028.282487023
80.73120204529721,4877028.304486583
80.74120204529721,4877028.324611792
80.75120204529722,4877028.344323842
80.76120204529722,4877028.365517912
80.77120204529723,4877028.385296933
80.78120204529723,4877028.403319688
80.79120204529724,4877028.420905415
80.80120204529725,4877028.438676464
80.81120204529725,4877028.456323482
80.82120204529726,4877028.474193918
80.83120204529726,4877028.492255713
80.84120204529727,4877028.510217946
80.85120204529727,4877028.528201366
80.86120204529728,4877028.546768204
80.87120204529728,4877028.565232276
80.88120204529729,4877028.583467421
80.89120204529729,4877028.601352274
80.9012020452973,4877028.618787615
80.9112020452973,4877028.63641782
80.9212020452973,4877028.654113917
80.93120204529731,4877028.671790046
80.94120204529732,4877028.689551443
80.95120204529732,4877028.707416655
80.96120204529733,4877028.724761914
80.97120204529733,4877028.742568542
80.98120204529734,4877028.760826641
80.99120204529734,4877028.77999286
81.00120204529735,4877028.80031981
81.01120204529735,4877028.821010822
81.02120204529736,4877028.841008469
81.03120204529736,4877028.860981981
81.04120204529737,4877028.882209457
81.05120204529737,4877028.903905498
81.06120204529738,4877028.922495181
81.07120204529738,4877028.943841165
81.08120204529739,4877028.96702733
81.0912020452974,4877028.98717737
81.1012020452974,4877029.006654525
81.1112020452974,4877029.026568184
81.12120204529741,4877029.047639706
81.13120204529741,4877029.068585083
81.14120204529742,4877029.090233585
81.15120204529742,4877029.113281828
81.16120204529743,4877029.13822663
81.17120204529743,4877029.16464201
81.18120204529744,4877029.18823053
81.19120204529744,4877029.212715171
81.20120204529745,4877029.235322701
81.21120204529745,4877029.257453846
81.22120204529746,4877029.277900103
81.23120204529747,4877029.300265564
81.24120204529747,4877029.319555531
81.25120204529748,4877029.337648376
81.26120204529748,4877029.357756126
81.27120204529749,4877029.377154799
81.28120204529749,4877029.394737938
81.2912020452975,4877029.412278918
81.3012020452975,4877029.429639302
81.3112020452975,4877029.446978204
81.32120204529751,4877029.464597691
81.33120204529752,4877029.482683332
81.34120204529752,4877029.500460122
81.35120204529753,4877029.518460933
81.36120204529753,4877029.536115014
81.37120204529754,4877029.556185285
81.38120204529754,4877029.575511858
81.39120204529755,4877029.594318954
81.40120204529755,4877029.613343725
81.41120204529756,4877029.634602152
81.42008500068584,4877029.669770805
81.42896795607413,4877029.688477978
81.43896795607414,4877029.710265209
81.44896795607414,4877029.72909198
81.45896795607415,4877029.747606635
81.46896795607415,4877029.76656528
81.47896795607416,4877029.785096863
81.48896795607416,4877029.803776028
81.49896795607417,4877029.823557985
81.50896795607417,4877029.841958728
81.51896795607418,4877029.860531331
81.52896795607418,4877029.879054543
81.53896795607419,4877029.897356963
81.5489679560742,4877029.914934909
81.5589679560742,4877029.931795811
81.5689679560742,4877029.948652581
81.57896795607421,4877029.965569164
81.58896795607421,4877029.982847064
81.59896795607422,4877029.999871227
81.60896795607422,4877030.016853013
81.61896795607423,4877030.032993099
81.62896795607423,4877030.048855012
81.63896795607424,4877030.064972606
81.64896795607424,4877030.081185746
81.65896795607425,4877030.098145368
81.66896795607425,4877030.11596247
81.67896795607426,4877030.133517009
81.68896795607426,4877030.150942597
81.69896795607427,4877030.168967575
81.70896795607428,4877030.186424095
81.71896795607428,4877030.203974447
81.72896795607429,4877030.220826514
81.73896795607429,4877030.237699829
81.7489679560743,4877030.254400963
81.7589679560743,4877030.27146341
81.7689679560743,4877030.287471542
81.77896795607431,4877030.303934464
81.78896795607432,4877030.320040347
81.79896795607432,4877030.336217077
81.80896795607433,4877030.352112139
81.81896795607433,4877030.368234592
81.82896795607434,4877030.384317663
81.83896795607434,4877030.400677796
81.84896795607435,4877030.416712939
81.85896795607435,4877030.43265855
81.86896795607436,4877030.448398761
81.87896795607436,4877030.463960812
81.88896795607437,4877030.480148037
81.89896795607437,4877030.496776978
81.90896795607438,4877030.513216184
81.91896795607438,4877030.529623828
81.92896795607439,4877030.546046542
81.93896795607439,4877030.562749176
81.9489679560744,4877030.57943575
81.9589679560744,4877030.595949412
81.96896795607441,4877030.611655875
81.97896795607441,4877030.62717274
81.98896795607442,4877030.642810323
81.99896795607442,4877030.658569512
82.00896795607443,4877030.674423874
82.01896795607443,4877030.689985396
82.02896795607444,4877030.705603873
82.03896795607444,4877030.721187911
82.04896795607445,4877030.736679991
82.05896795607445,4877030.752306884
82.06896795607446,4877030.768068519
82.07896795607446,4877030.783677785
82.08896795607447,4877030.799649201
82.09896795607447,4877030.815407625
82.10896795607448,4877030.830853175
82.11896795607448,4877030.846431307
82.12896795607449,4877030.861871006
82.1389679560745,4877030.87755222
82.1489679560745,4877030.893124404
82.1589679560745,4877030.908909224
82.16896795607451,4877030.924343759
82.17896795607452,4877030.940152525
82.18896795607452,4877030.955663956
82.19896795607453,4877030.971630916
82.20896795607453,4877030.987565207
82.21896795607454,4877031.003760528
82.22896795607454,4877031.019907434
82.23896795607455,4877031.035748775
82.24896795607455,4877031.051614991
82.25896795607456,4877031.067690363
82.26896795607456,4877031.083941696
82.27896795607457,4877031.100424141
82.28896795607457,4877031.116381636
82.29896795607458,4877031.132472779
82.30896795607458,4877031.148834384
82.31896795607459,4877031.164948901
82.32896795607459,4877031.181259623
82.3389679560746,4877031.197377152
82.3489679560746,4877031.213479077
82.35896795607461,4877031.229605461
82.36896795607461,4877031.245745965
82.37896795607462,4877031.261962019
82.38896795607462,4877031.27808202
82.39896795607463,4877031.293987527
82.40896795607463,4877031.309747136
82.41896795607464,4877031.325488555
82.42896795607464,4877031.341186842
82.43896795607465,4877031.357118254
82.44896795607465,4877031.372719913
82.45896795607466,4877031.388196588
82.46896795607466,4877031.403898741
82.47896795607467,4877031.419313684
82.48896795607467,4877031.434792879
82.49896795607468,4877031.450207936
82.50896795607468,4877031.465553721
82.51896795607469,4877031.480887574
82.5289679560747,4877031.496520934
82.5389679560747,4877031.512305471
82.5489679560747,4877031.52799697
82.55896795607471,4877031.543587876
82.56896795607472,4877031.559395702
82.57896795607472,4877031.575356586
82.58896795607473,4877031.591272535
82.59896795607473,4877031.608398493
82.60896795607474,4877031.626468938
82.61896795607474,4877031.643121621
82.62896795607475,4877031.659637338
82.63896795607475,4877031.676690042
82.64896795607476,4877031.693122558
82.65896795607476,4877031.709432802
82.66896795607477,4877031.725255018
82.67896795607477,4877031.74154345
82.68896795607478,4877031.757565022
82.69896795607478,4877031.773722834
82.70896795607479,4877031.789805059
82.71896795607479,4877031.805865009
82.7289679560748,4877031.821804138
82.7389679560748,4877031.837733435
82.74896795607481,4877031.853550336
82.75896795607481,4877031.869734916
82.76896795607482,4877031.885743986
82.77896795607482,4877031.901617915
82.78896795607483,4877031.917321331
82.79896795607483,4877031.933278089
82.80896795607484,4877031.948844887
82.81896795607484,4877031.964511996
82.82896795607485,4877031.980377524
82.83896795607485,4877031.99626921
82.84896795607486,4877032.012133827
82.85896795607486,4877032.027881762
82.86896795607487,4877032.043526765
82.87896795607487,4877032.058956091
82.88896795607488,4877032.074849945
82.89896795607488,4877032.090532722
82.90896795607489,4877032.106570188
82.9189679560749,4877032.122557916
82.9289679560749,4877032.138378737
82.9389679560749,4877032.153907395
82.94896795607491,4877032.16953978
82.95896795607491,4877032.184910723
82.96896795607492,4877032.200388527
82.97896795607492,4877032.215816922
82.98896795607493,4877032.231476795
82.99896795607494,4877032.247519232
83.00896795607494,4877032.263908186
83.01896795607495,4877032.279790773
83.02896795607495,4877032.295558855
83.03896795607496,4877032.311189185
83.04896795607496,4877032.326649999
83.05896795607497,4877032.342176274
83.06896795607497,4877032.357582185
83.07896795607498,4877032.373225627
83.08896795607498,4877032.388776705
83.09896795607499,4877032.404571796
83.10896795607499,4877032.419950287
83.118967956075,4877032.435418184
83.128967956075,4877032.450905514
83.138967956075,4877032.466246383
83.14896795607501,4877032.481873203
83.15896795607502,4877032.497417871
83.16896795607502,4877032.512864174
83.17896795607503,4877032.528161321
83.18896795607503,4877032.543408999
83.19896795607504,4877032.558616931
83.20896795607504,4877032.574309378
83.21896795607505,4877032.589524351
83.22896795607505,4877032.60524537
83.23896795607506,4877032.620610536
83.24896795607506,4877032.635834774
83.25896795607507,4877032.651141838
83.26896795607507,4877032.666405452
83.27896795607508,4877032.681859943
83.28896795607508,4877032.697290599
83.29896795607509,4877032.712599867
83.3089679560751,4877032.727959394
83.3189679560751,4877032.743319065
83.3289679560751,4877032.758779351
83.33896795607511,4877032.774121774
83.34896795607511,4877032.789371354
83.35896795607512,4877032.805125807
83.36896795607512,4877032.82076302
83.37896795607513,4877032.836053728
83.38896795607513,4877032.851263391
83.39896795607514,4877032.866499726
83.40896795607514,4877032.881996119
83.41896795607515,4877032.897589852
83.42896795607516,4877032.912837315
83.43896795607516,4877032.928149402
83.44896795607517,4877032.943502633
83.45896795607517,4877032.958716903
83.46896795607518,4877032.974214853
83.47896795607518,4877032.989358633
83.48896795607519,4877033.004871897
83.49896795607519,4877033.020186783
83.5089679560752,4877033.035340256
83.5189679560752,4877033.050412385
83.5289679560752,4877033.065559886
83.53896795607521,4877033.080803899
83.54896795607522,4877033.096149175
83.55896795607522,4877033.111471572
83.56896795607523,4877033.12692867
83.57896795607523,4877033.142170678
83.58896795607524,4877033.157629986
83.59896795607524,4877033.173194406
83.60896795607525,4877033.18855828
83.61896795607525,4877033.204177466
83.62896795607526,4877033.219571248
83.63896795607526,4877033.23509301
83.64896795607527,4877033.250816004
83.65896795607527,4877033.266705562
83.66896795607528,4877033.282659442
83.67896795607528,4877033.298370749
83.68896795607529,4877033.314116262
83.6989679560753,4877033.329751685
83.7089679560753,4877033.345277986
83.7189679560753,4877033.360826614
83.72896795607531,4877033.376510286
83.73896795607531,4877033.392063971
83.74896795607532,4877033.407605383
83.75896795607532,4877033.422911603
83.76896795607533,4877033.438237665
83.77896795607533,4877033.453257078
83.78896795607534,4877033.468399854
83.79896795607534,4877033.483667879
83.80896795607535,4877033.498958384
83.81896795607535,4877033.51405863
83.82896795607536,4877033.529737354
83.83896795607536,4877033.545830821
83.84896795607537,4877033.561694612
83.85896795607538,4877033.577588291
83.86896795607538,4877033.593213797
83.87896795607539,4877033.609126022
83.88896795607539,4877033.624866151
83.8989679560754,4877033.640228496
83.9089679560754,4877033.6555202
83.9189679560754,4877033.670911491
83.92896795607541,4877033.686550665
83.93896795607542,4877033.702070771
83.94896795607542,4877033.717746829
83.95896795607543,4877033.733136978
83.96896795607543,4877033.748580483
83.97896795607544,4877033.764124782
83.98896795607544,4877033.780228446
83.99896795607545,4877033.796024988
84.00896795607545,4877033.811689792
84.01896795607546,4877033.82727032
84.02896795607546,4877033.843256988
84.03896795607547,4877033.859132761
84.04896795607547,4877033.875206215
84.05896795607548,4877033.891201455
84.06896795607548,4877033.907263416
84.07896795607549,4877033.923132565
84.08896795607549,4877033.940074851
84.0989679560755,4877033.956349523
84.1089679560755,4877033.972876088
84.11896795607551,4877033.989212447
84.12896795607551,4877034.005746633
84.13896795607552,4877034.022010412
84.14896795607552,4877034.038143606
84.15896795607553,4877034.054277782
84.16896795607553,4877034.070419478
84.17896795607554,4877034.086773689
84.18896795607554,4877034.102740279
84.19896795607555,4877034.11852158
84.20896795607555,4877034.134155562
84.21896795607556,4877034.149172169
84.22896795607556,4877034.164588538
84.23896795607557,4877034.18004915
84.24896795607557,4877034.195272398
84.25896795607558,4877034.210250189
84.26896795607558,4877034.224965791
84.27896795607559,4877034.239621269
84.2889679560756,4877034.254322364
84.2989679560756,4877034.269316976
84.3089679560756,4877034.284294805
84.31896795607561,4877034.299393259
84.32896795607562,4877034.314535204
84.33896795607562,4877034.330187035
84.34896795607563,4877034.346239819
84.35896795607563,4877034.362217866
84.36896795607564,4877034.378531098
84.37896795607564,4877034.394620241
84.38896795607565,4877034.410838679
84.39896795607565,4877034.426883746
84.40896795607566,4877034.443163165
84.41896795607566,4877034.458981819
84.42896795607567,4877034.475196723
84.43896795607567,4877034.491318613
84.44896795607568,4877034.507662025
84.45896795607568,4877034.523833608
84.46896795607569,4877034.540112065
84.47896795607569,4877034.556302063
84.4889679560757,4877034.5727611
84.4989679560757,4877034.589144123
84.50896795607571,4877034.60633863
84.51896795607571,4877034.624273188
84.52896795607572,4877034.640938064
84.53896795607572,4877034.657726179
84.54896795607573,4877034.674309499
84.55896795607573,4877034.690877647
84.56896795607574,4877034.707884802
84.57896795607574,4877034.72438539
84.58896795607575,4877034.741202567
84.59896795607575,4877034.757918954
84.60896795607576,4877034.774781062
84.61896795607576,4877034.791748146
84.62896795607577,4877034.808795947
84.63896795607577,4877034.826384297
84.64896795607578,4877034.843947781
84.65896795607578,4877034.861522304
84.66896795607579,4877034.879495287
84.6789679560758,4877034.897459584
84.6889679560758,4877034.915908823
84.6989679560758,4877034.934715414
84.70896795607581,4877034.952849426
84.71896795607582,4877034.971777046
84.72896795607582,4877034.99114641
84.73896795607583,4877035.011061704
84.74896795607583,4877035.030518808
84.75896795607584,4877035.050155809
84.76896795607584,4877035.069245901
84.77896795607585,4877035.088531253
84.78896795607585,4877035.108057093
84.79896795607586,4877035.127008321
84.80896795607586,4877035.145895216
84.81896795607587,4877035.164611423
84.82896795607587,4877035.183246014
84.83896795607588,4877035.200939327
84.84896795607588,4877035.217974595
84.85896795607589,4877035.234898254
84.86896795607589,4877035.251230906
84.8789679560759,4877035.268291046
84.8889679560759,4877035.285205867
84.89896795607591,4877035.302950736
84.90896795607591,4877035.320264285
84.91896795607592,4877035.337894933
84.92896795607592,4877035.355275207
84.93896795607593,4877035.372940679
84.94896795607593,4877035.390579218
84.95896795607594,4877035.409080826
84.96896795607594,4877035.426393582
84.97896795607595,4877035.444297348
84.98896795607595,4877035.462199051
84.99896795607596,4877035.48008308
85.00896795607596,4877035.497443839
85.01896795607597,4877035.515073649
85.02896795607597,4877035.532565272
85.03896795607598,4877035.550074046
85.04896795607598,4877035.567759232
85.05896795607599,4877035.585979037
85.068967956076,4877035.60354754
85.078967956076,4877035.621022573
85.088967956076,4877035.638280546
85.09896795607601,4877035.655624216
85.10896795607601,4877035.672768297
85.11896795607602,4877035.68957238
85.12896795607602,4877035.70683111
85.13896795607603,4877035.723778646
85.14896795607604,4877035.741135109
85.15896795607604,4877035.75833597
85.16896795607605,4877035.775924501
85.17896795607605,4877035.792968442
85.18896795607606,4877035.810438112
85.19896795607606,4877035.827351737
85.20896795607607,4877035.844290458
85.21896795607607,4877035.86099449
85.22896795607608,4877035.878097245
85.23896795607608,4877035.894970634
85.24896795607609,4877035.91204786
85.25896795607609,4877035.928772725
85.2689679560761,4877035.945560766
85.2789679560761,4877035.962236829
85.2889679560761,4877035.978790167
85.29896795607611,4877035.995435347
85.30896795607612,4877036.011859292
85.31896795607612,4877036.027875457
85.32896795607613,4877036.044083491
85.33896795607613,4877036.060275077
85.34896795607614,4877036.076543496
85.35896795607614,4877036.093025473
85.36896795607615,4877036.109539296
85.37896795607615,4877036.125941832
85.38896795607616,4877036.142342472
85.39896795607616,4877036.158445831
85.40896795607617,4877036.174314748
85.41896795607617,4877036.190266684
85.42896795607618,4877036.206110683
85.43896795607618,4877036.221926229
85.44896795607619,4877036.23773167
85.4589679560762,4877036.253480734
85.4689679560762,4877036.269137624
85.4789679560762,4877036.285053624
85.48896795607621,4877036.30198117
85.49896795607621,4877036.317953017
85.50896795607622,4877036.334041114
85.51896795607622,4877036.349808077
85.52896795607623,4877036.365277166
85.53896795607623,4877036.381032864
85.54896795607624,4877036.396529511
85.55896795607624,4877036.412184448
85.56896795607625,4877036.42765047
85.57896795607626,4877036.443149325
85.58896795607626,4877036.458549901
85.59896795607627,4877036.474165801
85.60896795607627,4877036.488995061
85.61896795607628,4877036.503923886
85.62896795607628,4877036.518675418
85.63896795607629,4877036.533340113
85.64896795607629,4877036.548180279
85.6589679560763,4877036.562829631
85.6689679560763,4877036.577795435
85.6789679560763,4877036.592541414
85.68896795607631,4877036.60731355
85.69896795607632,4877036.622017903
85.70896795607632,4877036.637041236
85.71896795607633,4877036.652205895
85.72896795607633,4877036.667450212
85.73896795607634,4877036.682880569
85.74896795607634,4877036.698028387
85.75896795607635,4877036.713350317
85.76896795607635,4877036.728923004
85.77896795607636,4877036.743543427
85.78896795607636,4877036.758041974
85.79896795607637,4877036.772435797
85.80896795607637,4877036.787283323
85.81896795607638,4877036.802024598
85.82896795607638,4877036.817009221
85.83896795607639,4877036.831569546
85.8489679560764,4877036.846138807
85.8589679560764,4877036.860800913
85.8689679560764,4877036.875706759
85.87896795607641,4877036.8905016
85.88896795607641,4877036.905475812
85.89896795607642,4877036.920258655
85.90896795607642,4877036.934832189
85.91896795607643,4877036.949319598
85.92896795607643,4877036.963735422
85.93896795607644,4877036.978538486
85.94896795607644,4877036.993262225
85.95896795607645,4877037.008024516
85.96896795607645,4877037.022632889
85.97896795607646,4877037.03727264
85.98896795607646,4877037.051759985
85.99896795607647,4877037.066309522
86.00896795607648,4877037.08111753
86.01896795607648,4877037.09584221
86.02896795607649,4877037.110934281
86.03896795607649,4877037.125771541
86.0489679560765,4877037.140610052
86.0589679560765,4877037.155334255
86.0689679560765,4877037.170409596
86.07896795607651,4877037.186078877
86.08896795607652,4877037.201391305
86.09896795607652,4877037.216872846
86.10896795607653,4877037.232267911
86.11896795607653,4877037.247612112
86.12896795607654,4877037.263620049
86.13896795607654,4877037.279355507
86.14896795607655,4877037.294865072
86.15896795607655,4877037.310711359
86.16896795607656,4877037.326654417
86.17896795607656,4877037.342317713
86.18896795607657,4877037.3576815
86.19896795607657,4877037.373274152
86.20896795607658,4877037.389182732
86.21896795607658,4877037.40496961
86.22896795607659,4877037.420729406
86.23896795607659,4877037.436139867
86.2489679560766,4877037.452109849
86.2589679560766,4877037.467735017
86.26896795607661,4877037.483693904
86.27896795607661,4877037.499399203
86.28896795607662,4877037.515409493
86.29896795607662,4877037.5310173
86.30896795607663,4877037.546921261
86.31896795607663,4877037.562875845
86.32896795607664,4877037.578765466
86.33896795607664,4877037.594503068
86.34896795607665,4877037.610476863
86.35896795607665,4877037.626101636
86.36896795607666,4877037.641653268
86.37896795607666,4877037.657171262
86.38896795607667,4877037.672431081
86.39896795607667,4877037.687918715
86.40896795607668,4877037.703449417
86.41896795607668,4877037.718807986
86.42896795607669,4877037.734059118
86.4389679560767,4877037.749540856
86.4489679560767,4877037.765133248
86.4589679560767,4877037.780760162
86.46896795607671,4877037.796148901
86.47896795607672,4877037.811676519
86.48896795607672,4877037.827049463
86.49896795607673,4877037.84247605
86.50896795607673,4877037.857648464
86.51896795607674,4877037.872877662
86.52896795607674,4877037.888404347
86.53896795607675,4877037.903713651
86.54896795607675,4877037.918839806
86.55896795607676,4877037.933966996
86.56896795607676,4877037.949361353
86.57896795607677,4877037.964542386
86.58896795607677,4877037.979765105
86.59896795607678,4877037.995097762
86.60896795607678,4877038.01033583
86.61896795607679,4877038.025485998
86.62896795607679,4877038.04059522
86.6389679560768,4877038.055796945
86.6489679560768,4877038.0711296
86.65896795607681,4877038.086664911
86.66896795607681,4877038.102007739
86.67896795607682,4877038.117420097
86.68896795607682,4877038.132667931
86.69896795607683,4877038.147525615
86.70896795607683,4877038.162459462
86.71896795607684,4877038.177664814
86.72896795607684,4877038.192610531
86.73896795607685,4877038.208107436
86.74896795607685,4877038.223458276
86.75896795607686,4877038.238725965
86.76896795607686,4877038.254139374
86.77896795607687,4877038.269452213
86.78896795607687,4877038.28516742
86.79896795607688,4877038.300601147
86.80896795607688,4877038.316096921
86.81896795607689,4877038.331375916
86.8289679560769,4877038.346692133
86.8389679560769,4877038.361790598
86.8489679560769,4877038.377120522
86.85896795607691,4877038.39241809
86.86896795607692,4877038.407812304
86.87896795607692,4877038.422789226
86.88896795607693,4877038.437939019
86.89896795607693,4877038.452943453
86.90896795607694,4877038.467903131
86.91896795607694,4877038.48290439
86.92896795607695,4877038.497975377
86.93896795607695,4877038.51318129
86.94896795607696,4877038.528136141
86.95896795607696,4877038.543210747
86.96896795607697,4877038.558101695
86.97896795607697,4877038.573058669
86.98896795607698,4877038.588383733
86.99896795607698,4877038.603462578
87.00896795607699,4877038.618702838
87.01896795607699,4877038.634264488
87.028967956077,4877038.649709213
87.038967956077,4877038.664944082
87.048967956077,4877038.680068635
87.05896795607701,4877038.695160676
87.06896795607702,4877038.710267385
87.07896795607702,4877038.725365931
87.08896795607703,4877038.740426089
87.09896795607703,4877038.755393793
87.10896795607704,4877038.770167207
87.11896795607704,4877038.785020261
87.12896795607705,4877038.799626658
87.13896795607705,4877038.814362386
87.14896795607706,4877038.829023731
87.15896795607706,4877038.843569452
87.16896795607707,4877038.85788066
87.17896795607707,4877038.872245871
87.18896795607708,4877038.886740646
87.19896795607708,4877038.901068063
87.20896795607709,4877038.915571046
87.2189679560771,4877038.929865617
87.2289679560771,4877038.944318083
87.2389679560771,4877038.959484861
87.24896795607711,4877038.973924186
87.25896795607711,4877038.98844667
87.26896795607712,4877039.002884818
87.27896795607712,4877039.017427877
87.28896795607713,4877039.031564046
87.29896795607713,4877039.045901532
87.30896795607714,4877039.059975544
87.31896795607715,4877039.074258756
87.32896795607715,4877039.088610639
87.33896795607716,4877039.102956376
87.34896795607716,4877039.117522766
87.35896795607717,4877039.131924928
87.36896795607717,4877039.146757588
87.37896795607718,4877039.161766413
87.38896795607718,4877039.176759643
87.39896795607719,4877039.191815084
87.40896795607719,4877039.207292974
87.4189679560772,4877039.222400615
87.4289679560772,4877039.237670033
87.4389679560772,4877039.253841062
87.44896795607721,4877039.270913863
87.45896795607722,4877039.287444149
87.46896795607722,4877039.303735815
87.47896795607723,4877039.319864221
87.48896795607723,4877039.336416875
87.49896795607724,4877039.352753388
87.50896795607724,4877039.368581324
87.51896795607725,4877039.384965175
87.52896795607725,4877039.400917041
87.53896795607726,4877039.417443017
87.54896795607726,4877039.4340352
87.55896795607727,4877039.450263571
87.56896795607727,4877039.466247375
87.57896795607728,4877039.482720085
87.58896795607728,4877039.499225184
87.59896795607729,4877039.515636323
87.6089679560773,4877039.531971988
87.6189679560773,4877039.548777378
87.6289679560773,4877039.565493757
87.63896795607731,4877039.582638197
87.64896795607731,4877039.599375193
87.65896795607732,4877039.616359805
87.66896795607732,4877039.633152846
87.67896795607733,4877039.650059971
87.68896795607733,4877039.666781762
87.69896795607734,4877039.684395348
87.70896795607734,4877039.70115033
87.71896795607735,4877039.717852311
87.72896795607735,4877039.73414386
87.73896795607736,4877039.749667455
87.74896795607737,4877039.764426206
87.75896795607737,4877039.779327792
87.76896795607738,4877039.794063654
87.77896795607738,4877039.809057059
87.78896795607739,4877039.823894768
87.79896795607739,4877039.838875649
87.8089679560774,4877039.854283496
87.8189679560774,4877039.869490225
87.8289679560774,4877039.884857383
87.83896795607741,4877039.900384835
87.84896795607742,4877039.915863443
87.85896795607742,4877039.931573353
87.86896795607743,4877039.947479146
87.87896795607743,4877039.963144824
87.88896795607744,4877039.978812566
87.89896795607744,4877039.994474558
87.90896795607745,4877040.010226561
87.91896795607745,4877040.025612286
87.92896795607746,4877040.041097268
87.93896795607746,4877040.056496576
87.94896795607747,4877040.0719707
87.95896795607747,4877040.088589117
87.96896795607748,4877040.104932405
87.97896795607748,4877040.120850782
87.98896795607749,4877040.135938887
87.9989679560775,4877040.151019641
88.0089679560775,4877040.165913097
88.0189679560775,4877040.180743349
88.02896795607751,4877040.195902978
88.03896795607751,4877040.211425383
88.04896795607752,4877040.227120132
88.05896795607752,4877040.242107657
88.06896795607753,4877040.257186665
88.07896795607753,4877040.272067003
88.08896795607754,4877040.287122933
88.09896795607754,4877040.302037286
88.10896795607755,4877040.317073708
88.11896795607755,4877040.331742759
88.12896795607756,4877040.346677764
88.13896795607756,4877040.36127833
88.14896795607757,4877040.376134031
88.15896795607757,4877040.391140648
88.16896795607758,4877040.406594242
88.17896795607759,4877040.422183604
88.18896795607759,4877040.437440627
88.1989679560776,4877040.452868341
88.2089679560776,4877040.46816693
88.2189679560776,4877040.483559918
88.22896795607761,4877040.499014628
88.23896795607762,4877040.514592911
88.24896795607762,4877040.530446103
88.25896795607763,4877040.546360512
88.26896795607763,4877040.561642692
88.27896795607764,4877040.577430609
88.28896795607764,4877040.593435536
88.29896795607765,4877040.609430529
88.30896795607765,4877040.62543428
88.31896795607766,4877040.640484962
88.32896795607766,4877040.653270094
88.33896795607767,4877040.665634912
88.34896795607767,4877040.677790315
88.35896795607768,4877040.689903298
88.36896795607768,4877040.702130722
88.37896795607769,4877040.714351028
88.38896795607769,4877040.726137037
88.3989679560777,4877040.738037037
88.4089679560777,4877040.74999502
88.41896795607771,4877040.761590416
88.42896795607771,4877040.773055998
88.43896795607772,4877040.785866079
88.44896795607772,4877040.799409286
88.45896795607773,4877040.812854821
88.46896795607773,4877040.827686567
88.47896795607774,4877040.842472078
88.48896795607774,4877040.857134493
88.49896795607775,4877040.871876287
88.50896795607775,4877040.887370102
88.51896795607776,4877040.902339204
88.52896795607776,4877040.916303701
88.53896795607777,4877040.93036498
88.54896795607777,4877040.944370422
88.55896795607778,4877040.959175174
88.56896795607778,4877040.972664828
88.57896795607779,4877040.98638448
88.5889679560778,4877041.004446441
88.5989679560778,4877041.020334453
88.6089679560778,4877041.036706598
88.61896795607781,4877041.05148642
88.62896795607782,4877041.065843718
88.63896795607782,4877041.079394867
88.64896795607783,4877041.092265161
88.65896795607783,4877041.104973352
88.66896795607784,4877041.117818381
88.67896795607784,4877041.130472295
88.68896795607785,4877041.142965158
88.69896795607785,4877041.155560359
88.70896795607786,4877041.167816763
88.71896795607786,4877041.180584635
88.72896795607787,4877041.193113187
88.73896795607787,4877041.205722196
88.74896795607788,4877041.218573856
88.75896795607788,4877041.230953804
88.76896795607789,4877041.243355659
88.77896795607789,4877041.255841184
88.7889679560779,4877041.268807586
88.7989679560779,4877041.281714754
88.80896795607791,4877041.294295593
88.81896795607791,4877041.306874389
88.82896795607792,4877041.319492949
88.83896795607792,4877041.33192229
88.84896795607793,4877041.344373086
88.85896795607793,4877041.356984647
88.86896795607794,4877041.369430288
88.87896795607794,4877041.382305593
88.88896795607795,4877041.395104874
88.89896795607795,4877041.407942953
88.90896795607796,4877041.420888852
88.91896795607796,4877041.433696442
88.92896795607797,4877041.446628596
88.93896795607797,4877041.459547537
88.94896795607798,4877041.472254079
88.95896795607798,4877041.485269676
88.96896795607799,4877041.498369272
88.978967956078,4877041.511491697
88.988967956078,4877041.524466572
88.998967956078,4877041.537382206
89.00896795607801,4877041.550763251
89.01896795607801,4877041.563908079
89.02896795607802,4877041.577024055
89.03896795607803,4877041.590197785
89.04896795607803,4877041.603295943
89.05896795607804,4877041.616858969
89.06896795607804,4877041.629981856
89.07896795607805,4877041.6429119
89.08896795607805,4877041.655971166
89.09896795607806,4877041.668787606
89.10896795607806,4877041.681687902
89.11896795607807,4877041.694526704
89.12896795607807,4877041.707331383
89.13896795607808,4877041.720289618
89.14896795607808,4877041.73265712
89.15896795607809,4877041.745029982
89.16896795607809,4877041.757465174
89.1789679560781,4877041.769828514
89.1889679560781,4877041.782299723
89.1989679560781,4877041.794740364
89.20896795607811,4877041.807105842
89.21896795607812,4877041.819492219
89.22896795607812,4877041.831614099
89.23896795607813,4877041.844138318
89.24896795607813,4877041.856640748
89.25896795607814,4877041.869058134
89.26896795607814,4877041.881233467
89.27896795607815,4877041.893553082
89.28896795607815,4877041.905842946
89.29896795607816,4877041.918219737
89.30896795607816,4877041.930451435
89.31896795607817,4877041.94265942
89.32896795607817,4877041.955061121
89.33896795607818,4877041.967416032
89.34896795607818,4877041.979903669
89.35896795607819,4877041.992560098
89.3689679560782,4877042.004942325
89.3789679560782,4877042.017432229
89.3889679560782,4877042.029663907
89.39896795607821,4877042.041895126
89.40896795607821,4877042.054411197
89.41896795607822,4877042.066772267
89.42896795607822,4877042.078985825
89.43896795607823,4877042.091571532
89.44896795607823,4877042.103915197
89.45896795607824,4877042.116441173
89.46896795607825,4877042.128854802
89.47896795607825,4877042.141440435
89.48896795607826,4877042.154329371
89.49896795607826,4877042.167149936
89.50896795607827,4877042.179719492
89.51896795607827,4877042.192234552
89.52896795607828,4877042.204593593
89.53896795607828,4877042.2170354
89.54896795607829,4877042.229344144
89.55896795607829,4877042.241464808
89.5689679560783,4877042.253861698
89.5789679560783,4877042.266070908
89.5889679560783,4877042.278410772
89.59896795607831,4877042.29076628
89.60896795607832,4877042.303088046
89.61896795607832,4877042.315459979
89.62896795607833,4877042.327736206
89.63896795607833,4877042.339841814
89.64896795607834,4877042.352115074
89.65896795607834,4877042.364826531
89.66896795607835,4877042.377860738
89.67896795607835,4877042.390364926
89.68896795607836,4877042.4028275
89.69896795607836,4877042.415501757
89.70896795607837,4877042.427816057
89.71896795607837,4877042.440196712
89.72896795607838,4877042.452560525
89.73896795607838,4877042.465169507
89.74896795607839,4877042.477384949
89.7589679560784,4877042.489570234
89.7689679560784,4877042.501793535
89.7789679560784,4877042.514053456
89.78896795607841,4877042.526293486
89.79896795607841,4877042.538355638
89.80896795607842,4877042.550571502
89.81896795607842,4877042.562896515
89.82896795607843,4877042.575227063
89.83896795607843,4877042.587538988
89.84896795607844,4877042.59994029
89.85896795607844,4877042.612453334
89.86896795607845,4877042.624846339
89.87896795607845,4877042.637020858
89.88896795607846,4877042.649240237
89.89896795607847,4877042.661876927
89.90896795607847,4877042.674342577
89.91896795607848,4877042.686864049
89.92896795607848,4877042.69935383
89.93896795607849,4877042.711939751
89.94896795607849,4877042.724333032
89.9589679560785,4877042.736524809
89.9689679560785,4877042.748659987
89.9789679560785,4877042.761058922
89.98896795607851,4877042.773482493
89.99896795607852,4877042.785812975
90.00896795607852,4877042.798414747
90.01896795607853,4877042.811028676
90.02896795607853,4877042.823516032
90.03896795607854,4877042.835769627
90.04896795607854,4877042.848182479
90.05896795607855,4877042.860575277
90.06896795607855,4877042.87286133
90.07896795607856,4877042.885176444
90.08896795607856,4877042.897468008
90.09896795607857,4877042.909776439
90.10896795607857,4877042.922111036
90.11896795607858,4877042.934295341
90.12896795607858,4877042.946530251
90.13896795607859,4877042.958916782
90.1489679560786,4877042.971462214
90.1589679560786,4877042.98381776
90.1689679560786,4877042.995990798
90.17896795607861,4877043.008077976
90.18896795607861,4877043.020398174
90.19896795607862,4877043.032456138
90.20896795607862,4877043.044472997
90.21896795607863,4877043.056662925
90.22896795607863,4877043.068698971
90.23896795607864,4877043.080755538
90.24896795607864,4877043.092981958
90.25896795607865,4877043.105220562
90.26896795607865,4877043.117606404
90.27896795607866,4877043.129963108
90.28896795607866,4877043.142037733
90.29896795607867,4877043.154256625
90.30896795607867,4877043.166323876
90.31896795607868,4877043.178253475
90.32896795607869,4877043.190432798
90.33896795607869,4877043.202397824
90.3489679560787,4877043.214616963
90.3589679560787,4877043.226645745
90.3689679560787,4877043.23868139
90.37896795607871,4877043.250730834
90.38896795607872,4877043.262932767
90.39896795607872,4877043.27501919
90.40896795607873,4877043.287405397
90.41896795607873,4877043.299564798
90.42896795607874,4877043.31185664
90.43896795607874,4877043.323887715
90.44896795607875,4877043.335812036
90.45896795607875,4877043.347984231
90.46896795607876,4877043.360243734
90.47896795607876,4877043.372344252
90.48896795607877,4877043.384974909
90.49896795607877,4877043.3974153
90.50896795607878,4877043.409763927
90.51896795607878,4877043.422260141
90.52896795607879,4877043.434562961
90.53896795607879,4877043.446776051
90.5489679560788,4877043.459015796
90.5589679560788,4877043.471212182
90.56896795607881,4877043.483433658
90.57896795607881,4877043.495782956
90.58896795607882,4877043.507922449
90.59896795607882,4877043.520303486
90.60896795607883,4877043.532342059
90.61896795607883,4877043.544250294
90.62896795607884,4877043.556734228
90.63896795607884,4877043.56908856
90.64896795607885,4877043.581252324
90.65896795607885,4877043.593455057
90.66896795607886,4877043.605650023
90.67896795607886,4877043.618076585
90.68896795607887,4877043.630365481
90.69896795607887,4877043.642514419
90.70896795607888,4877043.654627976
90.71896795607888,4877043.66694865
90.72896795607889,4877043.679086764
90.7389679560789,4877043.691382836
90.7489679560789,4877043.703472922
90.7589679560789,4877043.715791677
90.76896795607891,4877043.72779659
90.77896795607892,4877043.739905929
90.78896795607892,4877043.752149104
90.79896795607893,4877043.764442016
90.80896795607893,4877043.776646478
90.81896795607894,4877043.78896404
90.82896795607894,4877043.801070442
90.83896795607895,4877043.813381616
90.84896795607895,4877043.825843717
90.85896795607896,4877043.83865335
90.86896795607896,4877043.85105757
90.87896795607897,4877043.863427466
90.88896795607897,4877043.876107359
90.89896795607898,4877043.889279056
90.90896795607898,4877043.902256448
90.91896795607899,4877043.915674794
90.92896795607899,4877043.928476763
90.938967956079,4877043.941193288
90.948967956079,4877043.954072574
90.95896795607901,4877043.966944707
90.96896795607901,4877043.979440164
90.97896795607902,4877043.991983851
90.98896795607902,4877044.004120597
90.99896795607903,4877044.016393056
91.00896795607903,4877044.028517872
91.01896795607904,4877044.04047929
91.02896795607904,4877044.052454626
91.03896795607905,4877044.064383816
91.04896795607905,4877044.076162481
91.05896795607906,4877044.088152777
91.06896795607906,4877044.100331345
91.07896795607907,4877044.112511756
91.08896795607907,4877044.124408388
91.09896795607908,4877044.136113818
91.10896795607908,4877044.147873366
91.11896795607909,4877044.159802765
91.1289679560791,4877044.171682834
91.1389679560791,4877044.18355551
91.1489679560791,4877044.195499339
91.15896795607911,4877044.207480017
91.16896795607911,4877044.21941747
91.17896795607912,4877044.231235068
91.18896795607913,4877044.242830728
91.19896795607913,4877044.254560441
91.20896795607914,4877044.266558521
91.21896795607914,4877044.278225028
91.22896795607915,4877044.289976296
91.23896795607915,4877044.301663171
91.24896795607916,4877044.313530198
91.25896795607916,4877044.325095068
91.26896795607917,4877044.336714012
91.27896795607917,4877044.348399194
91.28896795607918,4877044.360215343
91.29896795607918,4877044.371804105
91.30896795607919,4877044.383757102
91.31896795607919,4877044.395500401
91.3289679560792,4877044.407083416
91.3389679560792,4877044.419098419
91.3489679560792,4877044.430741875
91.35896795607921,4877044.442531792
91.36896795607922,4877044.454325773
91.37896795607922,4877044.466096069
91.38896795607923,4877044.477830468
91.39896795607923,4877044.489514825
91.40896795607924,4877044.501197916
91.41896795607924,4877044.513038518
91.42896795607925,4877044.52478061
91.43896795607925,4877044.536492195
91.44896795607926,4877044.54816441
91.45896795607926,4877044.559966733
91.46896795607927,4877044.57175089
91.47896795607927,4877044.583762149
91.48896795607928,4877044.595969451
91.49896795607928,4877044.608149966
91.50896795607929,4877044.62054094
91.5189679560793,4877044.632430136
91.5289679560793,4877044.644235166
91.5389679560793,4877044.65627325
91.54896795607931,4877044.668302022
91.55896795607931,4877044.6801929
91.56896795607932,4877044.692199269
91.57896795607932,4877044.704153008
91.58896795607933,4877044.716556557
91.59896795607933,4877044.72874275
91.60896795607934,4877044.740775518
91.61896795607935,4877044.752929642
91.62896795607935,4877044.765213547
91.63896795607936,4877044.777392442
91.64896795607936,4877044.789812483
91.65896795607937,4877044.802286028
91.66896795607937,4877044.814964834
91.67896795607938,4877044.827300776
91.68896795607938,4877044.839469188
91.69896795607939,4877044.851784523
91.70896795607939,4877044.864333052
91.7189679560794,4877044.87694638
91.7289679560794,4877044.889538325
91.7389679560794,4877044.902300281
91.74896795607941,4877044.915373262
91.75896795607942,4877044.9280377
91.76896795607942,4877044.94040752
91.77896795607943,4877044.952665094
91.78896795607943,4877044.965232332
91.79896795607944,4877044.977933185
91.80896795607944,4877044.990386284
91.81896795607945,4877045.002975651
91.82896795607945,4877045.015701345
91.83896795607946,4877045.028452368
91.84896795607946,4877045.04101105
91.85896795607947,4877045.05345635
91.86896795607947,4877045.066010331
91.87896795607948,4877045.078467643
91.88896795607948,4877045.090809894
91.89896795607949,4877045.103404504
91.9089679560795,4877045.116061457
91.9189679560795,4877045.128535058
91.9289679560795,4877045.141017637
91.93896795607951,4877045.153406317
91.94896795607951,4877045.165885121
91.95896795607952,4877045.178348729
91.96896795607952,4877045.190777869
91.97896795607953,4877045.203515233
91.98896795607953,4877045.216351604
91.99896795607954,4877045.228793642
92.00896795607954,4877045.241155155
92.01896795607955,4877045.253509437
92.02896795607955,4877045.265941691
92.03896795607956,4877045.278555323
92.04896795607957,4877045.291108214
92.05896795607957,4877045.303472763
92.06896795607958,4877045.316357765
92.07896795607958,4877045.328842745
92.08896795607959,4877045.341320153
92.09896795607959,4877045.35377977
92.1089679560796,4877045.366193217
92.1189679560796,4877045.378587955
92.1289679560796,4877045.391214837
92.13896795607961,4877045.403810859
92.14896795607962,4877045.416837769
92.15896795607962,4877045.43001609
92.16896795607963,4877045.442668078
92.17896795607963,4877045.455247207
92.18896795607964,4877045.467981051
92.19896795607964,4877045.480472452
92.20896795607965,4877045.493275028
92.21896795607965,4877045.505767633
92.22896795607966,4877045.518554665
92.23896795607966,4877045.530938714
92.24896795607967,4877045.543553399
92.25896795607967,4877045.556353904
92.26896795607968,4877045.569098699
92.27896795607968,4877045.581653387
92.28896795607969,4877045.59438894
92.2989679560797,4877045.606813694
92.3089679560797,4877045.619536017
92.3189679560797,4877045.632116931
92.32896795607971,4877045.64442288
92.33896795607971,4877045.656821595
92.34896795607972,4877045.669501913
92.35896795607972,4877045.681940477
92.36896795607973,4877045.694623387
92.37896795607973,4877045.707076466
92.38896795607974,4877045.719733614
92.39896795607974,4877045.732210702
92.40896795607975,4877045.744658282
92.41896795607975,4877045.757125682
92.42896795607976,4877045.769894002
92.43896795607976,4877045.782495954
92.44896795607977,4877045.795340203
92.45896795607977,4877045.807953824
92.46896795607978,4877045.820695238
92.47896795607979,4877045.833489112
92.48896795607979,4877045.846220312
92.4989679560798,4877045.858943966
92.5089679560798,4877045.871670531
92.5189679560798,4877045.884007353
92.52896795607981,4877045.896628049
92.53896795607982,4877045.909211596
92.54896795607982,4877045.921903767
92.55896795607983,4877045.934862348
92.56896795607983,4877045.947582736
92.57896795607984,4877045.960133429
92.58896795607984,4877045.97304406
92.59896795607985,4877045.985607809
92.60896795607985,4877045.998291233
92.61896795607986,4877046.010808322
92.62896795607986,4877046.0235388
92.63896795607987,4877046.036011166
92.64896795607987,4877046.048414049
92.65896795607988,4877046.060591735
92.66896795607988,4877046.073540046
92.67896795607989,4877046.086250987
92.68896795607989,4877046.098727242
92.6989679560799,4877046.111294179
92.7089679560799,4877046.124688229
92.71896795607991,4877046.13746669
92.72896795607991,4877046.149936895
92.73896795607992,4877046.162493277
92.74896795607992,4877046.175438806
92.75896795607993,4877046.188043726
92.76896795607993,4877046.200390538
92.77896795607994,4877046.21295708
92.78896795607994,4877046.225609853
92.79896795607995,4877046.237986346
92.80896795607995,4877046.25025671
92.81896795607996,4877046.262708742
92.82896795607996,4877046.275278778
92.83896795607997,4877046.28770716
92.84896795607997,4877046.300268496
92.85896795607998,4877046.312933316
92.86896795607998,4877046.325690316
92.87896795607999,4877046.338135997
92.88896795608,4877046.350640547
92.89896795608,4877046.363077932
92.90896795608,4877046.375561263
92.91896795608001,4877046.388217766
92.92896795608002,4877046.400694534
92.93896795608002,4877046.41347667
92.94896795608003,4877046.426213583
92.95896795608003,4877046.438550046
92.96896795608004,4877046.45104942
92.97896795608004,4877046.463736577
92.98896795608005,4877046.476445767
92.99896795608005,4877046.488943317
93.00896795608006,4877046.501647719
93.01896795608006,4877046.514137699
93.02896795608007,4877046.526935446
93.03896795608007,4877046.539377936
93.04896795608008,4877046.55187963
93.05896795608008,4877046.564408327
93.06896795608009,4877046.576942946
93.07896795608009,4877046.589637535
93.0889679560801,4877046.60246281
93.0989679560801,4877046.615203418
93.10896795608011,4877046.627943236
93.11896795608011,4877046.640658927
93.12896795608012,4877046.65349272
93.13896795608012,4877046.666084772
93.14896795608013,4877046.678692553
93.15896795608013,4877046.691325163
93.16896795608014,4877046.704161295
93.17896795608014,4877046.716906856
93.18896795608015,4877046.729565418
93.19896795608015,4877046.742132773
93.20896795608016,4877046.754554384
93.21896795608016,4877046.767161041
93.22896795608017,4877046.779852269
93.23896795608017,4877046.792538555
93.24896795608018,4877046.805251672
93.25896795608018,4877046.818183433
93.26896795608019,4877046.8308995
93.2789679560802,4877046.84368425
93.2889679560802,4877046.856189653
93.2989679560802,4877046.868770748
93.30896795608021,4877046.881373178
93.31896795608021,4877046.893866928
93.32896795608022,4877046.906367765
93.33896795608023,4877046.919084113
93.34896795608023,4877046.931460466
93.35896795608024,4877046.943991897
93.36896795608024,4877046.95636096
93.37896795608025,4877046.968818653
93.38896795608025,4877046.981400738
93.39896795608026,4877046.993994227
93.40896795608026,4877047.006313897
93.41896795608027,4877047.019246422
93.42896795608027,4877047.031725591
93.43896795608028,4877047.044250007
93.44896795608028,4877047.056817569
93.45896795608029,4877047.069316784
93.46896795608029,4877047.08193697
93.4789679560803,4877047.09459746
93.4889679560803,4877047.107256766
93.4989679560803,4877047.120024982
93.50896795608031,4877047.132597624
93.51896795608032,4877047.145058673
93.52896795608032,4877047.157331713
93.53896795608033,4877047.169853042
93.54896795608033,4877047.182146885
93.55896795608034,4877047.194568308
93.56896795608034,4877047.206676891
93.57896795608035,4877047.219459024
93.58896795608035,4877047.23198734
93.59896795608036,4877047.244270818
93.60896795608036,4877047.256622301
93.61896795608037,4877047.269240363
93.62896795608037,4877047.281719334
93.63896795608038,4877047.294168909
93.64896795608038,4877047.306383466
93.65896795608039,4877047.319094055
93.6689679560804,4877047.331676676
93.6789679560804,4877047.344150069
93.6889679560804,4877047.356595819
93.69896795608041,4877047.369116302
93.70896795608041,4877047.38197952
93.71896795608042,4877047.394714341
93.72896795608042,4877047.407189564
93.73896795608043,4877047.41991592
93.74896795608043,4877047.432595171
93.75896795608044,4877047.444965143
93.76896795608044,4877047.457449496
93.77896795608045,4877047.469846185
93.78896795608046,4877047.482432949
93.79896795608046,4877047.495057173
93.80896795608047,4877047.507493297
93.81896795608047,4877047.520284692
93.82896795608048,4877047.532965871
93.83896795608048,4877047.545451585
93.84896795608049,4877047.558136946
93.85896795608049,4877047.57059472
93.8689679560805,4877047.583063318
93.8789679560805,4877047.59554765
93.8889679560805,4877047.608138661
93.89896795608051,4877047.620675724
93.90896795608052,4877047.633131752
93.91896795608052,4877047.645291362
93.92896795608053,4877047.657669904
93.93896795608053,4877047.670696175
93.94896795608054,4877047.683349092
93.95896795608054,4877047.695899241
93.96896795608055,4877047.708501472
93.97896795608055,4877047.721320679
93.98896795608056,4877047.733810331
93.99896795608056,4877047.746226213
94.00896795608057,4877047.758533791
94.01896795608057,4877047.771213289
94.02896795608058,4877047.783682423
94.03896795608058,4877047.796271017
94.04896795608059,4877047.808682211
94.0589679560806,4877047.821307684
94.0689679560806,4877047.83371342
94.0789679560806,4877047.84630461
94.08896795608061,4877047.858676821
94.09896795608061,4877047.871023821
94.10896795608062,4877047.88345938
94.11896795608062,4877047.895925935
94.12896795608063,4877047.908310761
94.13896795608063,4877047.920983289
94.14896795608064,4877047.933457198
94.15896795608064,4877047.94576916
94.16896795608065,4877047.958199241
94.17896795608065,4877047.970785047
94.18896795608066,4877047.983459548
94.19896795608066,4877047.995943578
94.20896795608067,4877048.008209087
94.21896795608068,4877048.020948608
94.22896795608068,4877048.033450593
94.23896795608069,4877048.045787325
94.24896795608069,4877048.058224408
94.2589679560807,4877048.070745262
94.2689679560807,4877048.083251621
94.2789679560807,4877048.095903806
94.28896795608071,4877048.108414152
94.29896795608072,4877048.1215528
94.30896795608072,4877048.134222213
94.31896795608073,4877048.146654101
94.32896795608073,4877048.159091724
94.33896795608074,4877048.171458349
94.34896795608074,4877048.184015874
94.35896795608075,4877048.196683067
94.36896795608075,4877048.209030316
94.37896795608076,4877048.221745475
94.38896795608076,4877048.234201279
94.39896795608077,4877048.246497341
94.40896795608077,4877048.25903901
94.41896795608078,4877048.271569588
94.42896795608078,4877048.284101013
94.43896795608079,4877048.296857137
94.44896795608079,4877048.309550951
94.4589679560808,4877048.322325336
94.4689679560808,4877048.334989069
94.47896795608081,4877048.347458756
94.48896795608081,4877048.35998148
94.49896795608082,4877048.372632503
94.50896795608082,4877048.384986608
94.51896795608083,4877048.397890298
94.52896795608083,4877048.410497643
94.53896795608084,4877048.423194798
94.54896795608084,4877048.435765755
94.55896795608085,4877048.448244139
94.56896795608085,4877048.460649556
94.57896795608086,4877048.473351197
94.58896795608086,4877048.485954968
94.59896795608087,4877048.498706119
94.60896795608087,4877048.511410354
94.61896795608088,4877048.524046575
94.62896795608088,4877048.536525352
94.63896795608089,4877048.549132843
94.6489679560809,4877048.561725496
94.6589679560809,4877048.574196588
94.6689679560809,4877048.586748789
94.67896795608091,4877048.599403791
94.68896795608092,4877048.611977897
94.69896795608092,4877048.62488178
94.70896795608093,4877048.637332257
94.71896795608093,4877048.649939081
94.72896795608094,4877048.662433724
94.73896795608094,4877048.674899876
94.74896795608095,4877048.68738753
94.75896795608095,4877048.699901356
94.76896795608096,4877048.712308141
94.77896795608096,4877048.7250789
94.78896795608097,4877048.737490288
94.79896795608097,4877048.749877612
94.80896795608098,4877048.762349266
94.81896795608098,4877048.774768732
94.82896795608099,4877048.787446608
94.83896795608099,4877048.800188832
94.848967956081,4877048.812843854
94.858967956081,4877048.825810448
94.86896795608101,4877048.838392209
94.87896795608101,4877048.851044883
94.88896795608102,4877048.863649741
94.89896795608102,4877048.876354644
94.90896795608103,4877048.88883364
94.91896795608103,4877048.901838725
94.92896795608104,4877048.914458676
94.93896795608104,4877048.927334608
94.94896795608105,4877048.939705779
94.95896795608105,4877048.952097918
94.96896795608106,4877048.964500845
94.97896795608106,4877048.977352334
94.98896795608107,4877048.990508658
94.99896795608107,4877049.003510848
95.00896795608108,4877049.016299061
95.01896795608108,4877049.029071509
95.02896795608109,4877049.041610214
95.0389679560811,4877049.053982756
95.0489679560811,4877049.066436509
95.0589679560811,4877049.078783905
95.06896795608111,4877049.091396709
95.07896795608112,4877049.103890872
95.08896795608112,4877049.116432564
95.09896795608113,4877049.129041613
95.10896795608113,4877049.141490333
95.11896795608114,4877049.153943773
95.12896795608114,4877049.166248426
95.13896795608115,4877049.178830877
95.14896795608115,4877049.191403832
95.15896795608116,4877049.204032211
95.16896795608116,4877049.216700481
95.17896795608117,4877049.229451976
95.18896795608117,4877049.241770516
95.19896795608118,4877049.254271019
95.20896795608118,4877049.266749448
95.21896795608119,4877049.279189918
95.22896795608119,4877049.291871973
95.2389679560812,4877049.304323352
95.2489679560812,4877049.31688324
95.25896795608121,4877049.329574733
95.26896795608121,4877049.341980832
95.27896795608122,4877049.354413902
95.28896795608122,4877049.366982204
95.29896795608123,4877049.379554609
95.30896795608123,4877049.392012031
95.31896795608124,4877049.404503804
95.32896795608124,4877049.416787621
95.33896795608125,4877049.429516312
95.34896795608125,4877049.441961414
95.35896795608126,4877049.454296363
95.36896795608126,4877049.466804904
95.37896795608127,4877049.479274367
95.38896795608127,4877049.491707505
95.39896795608128,4877049.504489
95.40896795608128,4877049.517069676
95.41896795608129,4877049.529832613
95.4289679560813,4877049.542340195
95.4389679560813,4877049.555027483
95.4489679560813,4877049.567923701
95.45896795608131,4877049.580487806
95.46896795608131,4877049.592941437
95.47896795608132,4877049.605577173
95.48896795608132,4877049.618081495
95.49896795608133,4877049.630658913
95.50896795608134,4877049.64306288
95.51896795608134,4877049.655424564
95.52896795608135,4877049.667814997
95.53896795608135,4877049.680213606
95.54896795608136,4877049.692688315
95.55896795608136,4877049.705237905
95.56896795608137,4877049.71790037
95.57896795608137,4877049.730606587
95.58896795608138,4877049.743246863
95.59896795608138,4877049.755755661
95.60896795608139,4877049.768255166
95.61896795608139,4877049.781027869
95.6289679560814,4877049.793863792
95.6389679560814,4877049.806247698
95.6489679560814,4877049.818748361
95.65896795608141,4877049.831354173
95.66896795608142,4877049.843811708
95.67896795608142,4877049.856373046
95.68896795608143,4877049.868856462
95.69896795608143,4877049.881415906
95.70896795608144,4877049.894495309
95.71896795608144,4877049.906987387
95.72896795608145,4877049.919689653
95.73896795608145,4877049.932312977
95.74896795608146,4877049.94475569
95.75896795608146,4877049.957562881
95.76896795608147,4877049.970369186
95.77896795608147,4877049.98295977
95.78896795608148,4877049.99573983
95.79896795608148,4877050.00840827
95.80896795608149,4877050.021252671
95.8189679560815,4877050.033925072
95.8289679560815,4877050.046465461
95.8389679560815,4877050.059080497
95.84896795608151,4877050.071580439
95.85896795608151,4877050.084127759
95.86896795608152,4877050.096731619
95.87896795608152,4877050.109353607
95.88896795608153,4877050.122061407
95.89896795608153,4877050.134707987
95.90896795608154,4877050.147205895
95.91896795608154,4877050.159701786
95.92896795608155,4877050.172353439
95.93896795608156,4877050.184967841
95.94896795608156,4877050.197479051
95.95896795608157,4877050.210010464
95.96896795608157,4877050.222756331
95.97896795608158,4877050.235194382
95.98896795608158,4877050.247609303
95.99896795608159,4877050.260056226
96.00896795608159,4877050.272680282
96.0189679560816,4877050.285373172
96.0289679560816,4877050.297927804
96.0389679560816,4877050.310344025
96.04896795608161,4877050.323141702
96.05896795608162,4877050.335790866
96.06896795608162,4877050.348446951
96.07896795608163,4877050.361211366
96.08896795608163,4877050.37366884
96.09896795608164,4877050.386246539
96.10896795608164,4877050.399058301
96.11896795608165,4877050.411605882
96.12896795608165,4877050.424446529
96.13896795608166,4877050.437221458
96.14896795608166,4877050.449655278
96.15896795608167,4877050.462228271
96.16896795608167,4877050.474605501
96.17896795608168,4877050.487871607
96.18896795608168,4877050.500995066
96.19896795608169,4877050.51381398
96.2089679560817,4877050.526506958
96.2189679560817,4877050.539149589
96.2289679560817,4877050.552073391
96.23896795608171,4877050.565010665
96.24896795608171,4877050.577741423
96.25896795608172,4877050.59039551
96.26896795608172,4877050.603299801
96.27896795608173,4877050.616083477
96.28896795608173,4877050.628890834
96.29896795608174,4877050.641538911
96.30896795608174,4877050.65395962
96.31896795608175,4877050.666722469
96.32896795608175,4877050.679644255
96.33896795608176,4877050.692343792
96.34896795608176,4877050.70506061
96.35896795608177,4877050.717558046
96.36896795608178,4877050.730249519
96.37896795608178,4877050.742860615
96.38896795608179,4877050.75556255
96.39896795608179,4877050.768405462
96.4089679560818,4877050.781910814
96.4189679560818,4877050.795572191
96.4289679560818,4877050.808921043
96.43896795608181,4877050.822425414
96.44896795608182,4877050.835693315
96.45896795608182,4877050.848615823
96.46896795608183,4877050.861488642
96.47896795608183,4877050.874274854
96.48896795608184,4877050.887197312
96.49896795608184,4877050.90016902
96.50896795608185,4877050.912699208
96.51896795608185,4877050.925156783
96.52896795608186,4877050.937647977
96.53896795608186,4877050.950104585
96.54896795608187,4877050.962560463
96.55896795608187,4877050.975196738
96.56896795608188,4877050.987805501
96.57896795608188,4877051.000504362
96.58896795608189,4877051.012880389
96.59896795608189,4877051.025463697
96.6089679560819,4877051.037798113
96.6189679560819,4877051.050041604
96.62896795608191,4877051.062145579
96.63896795608191,4877051.074343153
96.64896795608192,4877051.086470354
96.65896795608192,4877051.098741496
96.66896795608193,4877051.110961771
96.67896795608193,4877051.123530362
96.68896795608194,4877051.136089582
96.69896795608194,4877051.148446032
96.70896795608195,4877051.160669449
96.71896795608195,4877051.172979378
96.72896795608196,4877051.185314653
96.73896795608196,4877051.197737201
96.74896795608197,4877051.210091951
96.75896795608197,4877051.222543871
96.76896795608198,4877051.234728198
96.77896795608198,4877051.24688432
96.78896795608199,4877051.259094895
96.798967956082,4877051.271108968
96.808967956082,4877051.283446117
96.818967956082,4877051.295660828
96.82896795608201,4877051.307855585
96.83896795608202,4877051.32005082
96.84896795608202,4877051.332398159
96.85896795608203,4877051.344573457
96.86896795608203,4877051.356738909
96.87896795608204,4877051.368967896
96.88896795608204,4877051.381120915
96.89896795608205,4877051.393644865
96.90896795608205,4877051.406202501
96.91896795608206,4877051.41838915
96.92896795608206,4877051.430724244
96.93896795608207,4877051.44287262
96.94896795608207,4877051.455130152
96.95896795608208,4877051.467385346
96.96896795608208,4877051.479614191
96.97896795608209,4877051.492175091
96.98896795608209,4877051.505260088
96.9989679560821,4877051.517926869
97.0089679560821,4877051.530959229
97.01896795608211,4877051.543440533
97.02896795608211,4877051.556063275
97.03896795608212,4877051.568584169
97.04896795608212,4877051.581171497
97.05896795608213,4877051.593630021
97.06896795608213,4877051.606131117
97.07896795608214,4877051.61841363
97.08896795608214,4877051.631129596
97.09896795608215,4877051.64344191
97.10896795608215,4877051.655556326
97.11896795608216,4877051.667759186
97.12896795608216,4877051.680060699
97.13896795608217,4877051.692245978
97.14896795608217,4877051.704709857
97.15896795608218,4877051.716724843
97.16896795608218,4877051.729232876
97.17896795608219,4877051.741717141
97.1889679560822,4877051.75393745
97.1989679560822,4877051.766293832
97.2089679560822,4877051.778677573
97.21896795608221,4877051.790965261
97.22896795608222,4877051.80343778
97.23896795608222,4877051.815719898
97.24896795608223,4877051.828216166
97.25896795608223,4877051.840671747
97.26896795608224,4877051.852790033
97.27896795608224,4877051.864855732
97.28896795608225,4877051.877075826
97.29896795608225,4877051.889246961
97.30896795608226,4877051.901636084
97.31896795608226,4877051.913987605
97.32896795608227,4877051.926568589
97.33896795608227,4877051.939385579
97.34896795608228,4877051.951634725
97.35896795608228,4877051.964385072
97.36896795608229,4877051.976713214
97.37896795608229,4877051.989315948
97.3889679560823,4877052.001879408
97.3989679560823,4877052.014293819
97.40896795608231,4877052.026796053
97.41896795608231,4877052.039165381
97.42896795608232,4877052.051412506
97.43896795608232,4877052.063607906
97.44896795608233,4877052.075973465
97.45896795608233,4877052.088452338
97.46896795608234,4877052.100786779
97.47896795608234,4877052.113082376
97.48896795608235,4877052.125599195
97.49896795608235,4877052.137876584
97.50896795608236,4877052.150117117
97.51896795608236,4877052.162614802
97.52896795608237,4877052.174934546
97.53896795608237,4877052.187227904
97.54896795608238,4877052.199553546
97.55896795608238,4877052.21207028
97.56896795608239,4877052.224613667
97.5789679560824,4877052.236824105
97.5889679560824,4877052.249223932
97.5989679560824,4877052.26152162
97.60896795608241,4877052.273922238
97.61896795608241,4877052.286190738
97.62896795608242,4877052.298763467
97.63896795608242,4877052.311140289
97.64896795608243,4877052.323736971
97.65896795608244,4877052.336088585
97.66896795608244,4877052.348326317
97.67896795608245,4877052.360598517
97.68896795608245,4877052.372968497
97.69896795608246,4877052.385220006
97.70896795608246,4877052.397599556
97.71896795608247,4877052.409714947
97.72896795608247,4877052.421801848
97.73896795608248,4877052.434347168
97.74896795608248,4877052.446622533
97.75896795608249,4877052.458666881
97.76896795608249,4877052.47097191
97.7789679560825,4877052.483087295
97.7889679560825,4877052.495307507
97.7989679560825,4877052.50766113
97.80896795608251,4877052.51972532
97.81896795608252,4877052.532246491
97.82896795608252,4877052.544571227
97.83896795608253,4877052.556808729
97.84896795608253,4877052.569022367
97.85896795608254,4877052.581198918
97.86896795608254,4877052.593414521
97.87896795608255,4877052.605954095
97.88896795608255,4877052.61803867
97.89896795608256,4877052.630432174
97.90896795608256,4877052.642696876
97.91896795608257,4877052.65473374
97.92896795608257,4877052.666822758
97.93896795608258,4877052.67888411
97.94896795608258,4877052.691099192
97.95896795608259,4877052.703401777
97.9689679560826,4877052.715666805
97.9789679560826,4877052.72789877
97.9889679560826,4877052.740192328
97.99896795608261,4877052.752353348
98.00896795608261,4877052.76458242
98.01896795608262,4877052.776708152
98.02896795608262,4877052.789101438
98.03896795608263,4877052.801283475
98.04896795608263,4877052.813305254
98.05896795608264,4877052.825566275
98.06896795608264,4877052.83768809
98.07896795608265,4877052.849839394
98.08896795608266,4877052.86186128
98.09896795608266,4877052.874029057
98.10896795608267,4877052.886174193
98.11896795608267,4877052.898389047
98.12896795608268,4877052.910683456
98.13896795608268,4877052.923102042
98.14896795608269,4877052.935385351
98.15896795608269,4877052.947599235
98.1689679560827,4877052.9599145
98.1789679560827,4877052.972088185
98.1889679560827,4877052.984494708
98.19896795608271,4877052.996825653
98.20896795608272,4877053.009255664
98.21896795608272,4877053.021397022
98.22896795608273,4877053.033782893
98.23896795608273,4877053.04599204
98.24896795608274,4877053.058128415
98.25896795608274,4877053.070339105
98.26896795608275,4877053.082576272
98.27896795608275,4877053.094807761
98.28896795608276,4877053.107054787
98.29896795608276,4877053.119186448
98.30896795608277,4877053.131948416
98.31896795608277,4877053.144272826
98.32896795608278,4877053.156426438
98.33896795608278,4877053.168837745
98.34896795608279,4877053.181179632
98.3589679560828,4877053.193472884
98.3689679560828,4877053.206032661
98.3789679560828,4877053.218268891
98.38896795608281,4877053.230820795
98.39896795608281,4877053.243117966
98.40896795608282,4877053.255245247
98.41896795608282,4877053.267723756
98.42896795608283,4877053.279942132
98.43896795608283,4877053.292253452
98.44896795608284,4877053.304746959
98.45896795608284,4877053.317149521
98.46896795608285,4877053.329364166
98.47896795608285,4877053.341754461
98.48896795608286,4877053.35388157
98.49896795608286,4877053.366255752
98.50896795608287,4877053.378657741
98.51896795608288,4877053.390977658
98.52896795608288,4877053.403387143
98.53896795608289,4877053.415669677
98.54896795608289,4877053.428040153
98.5589679560829,4877053.44051424
98.5689679560829,4877053.452679532
98.5789679560829,4877053.464882271
98.58896795608291,4877053.477231048
98.59896795608292,4877053.489618991
98.60896795608292,4877053.50199138
98.61896795608293,4877053.51433249
98.62896795608293,4877053.526677001
98.63896795608294,4877053.538947774
98.64896795608294,4877053.551345167
98.65896795608295,4877053.563792946
98.66896795608295,4877053.57613365
98.67896795608296,4877053.588544874
98.68896795608296,4877053.601053381
98.69896795608297,4877053.613357591
98.70896795608297,4877053.625881061
98.71896795608298,4877053.638162217
98.72896795608298,4877053.650380093
98.73896795608299,4877053.662767568
98.74896795608299,4877053.674918667
98.758967956083,4877053.687256479
98.768967956083,4877053.699537305
98.77896795608301,4877053.711852626
98.78896795608301,4877053.723943785
98.79896795608302,4877053.736197277
98.80896795608302,4877053.748248762
98.81896795608303,4877053.760546225
98.82896795608303,4877053.772681608
98.83896795608304,4877053.784908194
98.84896795608304,4877053.79708876
98.85896795608305,4877053.809246333
98.86896795608305,4877053.821405078
98.87896795608306,4877053.833782508
98.88896795608306,4877053.845867951
98.89896795608307,4877053.8579768
98.90896795608307,4877053.870125087
98.91896795608308,4877053.88226959
98.92896795608308,4877053.894522669
98.93896795608309,4877053.906874558
98.9489679560831,4877053.919029992
98.9589679560831,4877053.931597492
98.9689679560831,4877053.943855202
98.97896795608311,4877053.955996202
98.98896795608312,4877053.96831074
98.99896795608312,4877053.980495304
99.00896795608313,4877053.993021166
99.01896795608313,4877054.005769127
99.02896795608314,4877054.017990711
99.03896795608314,4877054.03036481
99.04896795608315,4877054.04264224
99.05896795608315,4877054.055104048
99.06896795608316,4877054.067426707
99.07896795608316,4877054.079645592
99.08896795608317,4877054.091821023
99.09896795608317,4877054.104337626
99.10896795608318,4877054.11665228
99.11896795608318,4877054.128899209
99.12896795608319,4877054.141146822
99.13896795608319,4877054.153255381
99.1489679560832,4877054.165356592
99.1589679560832,4877054.177668698
99.16896795608321,4877054.189845814
99.17896795608321,4877054.202358249
99.18896795608322,4877054.214721751
99.19896795608322,4877054.227207478
99.20896795608323,4877054.239530249
99.21896795608323,4877054.251873699
99.22896795608324,4877054.264360681
99.23896795608324,4877054.276712123
99.24896795608325,4877054.289295058
99.25896795608325,4877054.301868429
99.26896795608326,4877054.314258919
99.27896795608326,4877054.326682578
99.28896795608327,4877054.339100566
99.29896795608327,4877054.351578843
99.30896795608328,4877054.36406568
99.31896795608328,4877054.376357194
99.32896795608329,4877054.388817221
99.3389679560833,4877054.401352562
99.3489679560833,4877054.413745876
99.3589679560833,4877054.426513328
99.36896795608331,4877054.43911574
99.37896795608332,4877054.451563908
99.38896795608332,4877054.464048793
99.39896795608333,4877054.476433058
99.40896795608333,4877054.488841869
99.41896795608334,4877054.501580521
99.42896795608334,4877054.514833291
99.43896795608335,4877054.527737167
99.44896795608335,4877054.54041985
99.45896795608336,4877054.55318268
99.46896795608336,4877054.565838869
99.47896795608337,4877054.578385457
99.48896795608337,4877054.590949131
99.49896795608338,4877054.603754697
99.50896795608338,4877054.616127656
99.51896795608339,4877054.628679353
99.52896795608339,4877054.641112985
99.5389679560834,4877054.653461567
99.5489679560834,4877054.665734762
99.5589679560834,4877054.67798723
99.56896795608341,4877054.690290856
99.57896795608342,4877054.702879506
99.58896795608342,4877054.715223253
99.59896795608343,4877054.727867016
99.60896795608343,4877054.740277775
99.61896795608344,4877054.752713899
99.62896795608344,4877054.765015476
99.63896795608345,4877054.777427789
99.64896795608345,4877054.789688238
99.65896795608346,4877054.80234746
99.66896795608346,4877054.814701234
99.67896795608347,4877054.827331263
99.68896795608347,4877054.839659535
99.69896795608348,4877054.852091283
99.70896795608348,4877054.864400636
99.71896795608349,4877054.876796791
99.7289679560835,4877054.889105208
99.7389679560835,4877054.901630164
99.7489679560835,4877054.914038311
99.75896795608351,4877054.926387975
99.76896795608351,4877054.938784948
99.77896795608352,4877054.951082849
99.78896795608352,4877054.963388534
99.79896795608353,4877054.975719413
99.80896795608354,4877054.988080923
99.81896795608354,4877055.00081059
99.82896795608355,4877055.013588058
99.83896795608355,4877055.025971816
99.84896795608356,4877055.038409145
99.85896795608356,4877055.050768817
99.86896795608357,4877055.063197611
99.87896795608357,4877055.075570707
99.88896795608358,4877055.087849878
99.89896795608358,4877055.100401096
99.90896795608359,4877055.112717768
99.91896795608359,4877055.124983855
99.9289679560836,4877055.137408669
99.9389679560836,4877055.14963489
99.9489679560836,4877055.161983896
99.95896795608361,4877055.174268822
99.96896795608362,4877055.186567181
99.97896795608362,4877055.199160814
99.98896795608363,4877055.211454007
99.99896795608363,4877055.22369467
100.0,4877055.23586325
