sim_time,wall_time
0.0,4876872.808807574
0.001,4876872.819835432
0.006,4876872.828890642
0.016,4876872.839701743
0.026000000000000002,4876872.851554327
0.036000000000000004,4876872.863819503
0.046000000000000006,4876872.876463661
0.05600000000000001,4876872.89326995
0.066,4876872.910779948
0.076,4876872.934473814
0.086,4876872.961702781
0.09599999999999999,4876872.988706138
0.10599999999999998,4876873.013790889
0.11599999999999998,4876873.039411496
0.12599999999999997,4876873.062853779
0.13599999999999998,4876873.085275517
0.146,4876873.106343714
0.156,4876873.129641768
0.166,4876873.150791208
0.17600000000000002,4876873.171138027
0.18600000000000003,4876873.187252984
0.19600000000000004,4876873.200966506
0.20600000000000004,4876873.214379086
0.21600000000000005,4876873.228203412
0.22600000000000006,4876873.242123489
0.23600000000000007,4876873.255637841
0.24600000000000008,4876873.269046457
0.25600000000000006,4876873.282280328
0.26600000000000007,4876873.295554604
0.2760000000000001,4876873.309597469
0.2860000000000001,4876873.324502747
0.2960000000000001,4876873.342141989
0.3060000000000001,4876873.362402626
0.3160000000000001,4876873.382902183
0.3260000000000001,4876873.403319408
0.33600000000000013,4876873.423743017
0.34600000000000014,4876873.444146388
0.35600000000000015,4876873.464527693
0.36600000000000016,4876873.484433725
0.37600000000000017,4876873.503037291
0.3860000000000002,4876873.521405536
0.3960000000000002,4876873.539379999
0.4060000000000002,4876873.556460922
0.4160000000000002,4876873.571188711
0.4260000000000002,4876873.585080125
0.4360000000000002,4876873.598995991
0.44600000000000023,4876873.613089701
0.45600000000000024,4876873.626479917
0.46600000000000025,4876873.639841837
0.47600000000000026,4876873.653044002
0.48600000000000027,4876873.66724794
0.4960000000000003,4876873.682538039
0.5060000000000002,4876873.697535177
0.5160000000000002,4876873.712491603
0.5260000000000002,4876873.732774419
0.5360000000000003,4876873.752675846
0.5460000000000003,4876873.772889078
0.5560000000000003,4876873.793079611
0.5660000000000003,4876873.813444907
0.5760000000000003,4876873.833077076
0.5860000000000003,4876873.851999037
0.5960000000000003,4876873.871624395
0.6060000000000003,4876873.891272548
0.6160000000000003,4876873.908346934
0.6260000000000003,4876873.924076279
0.6360000000000003,4876873.939579734
0.6460000000000004,4876873.953415402
0.6560000000000004,4876873.967399182
0.6660000000000004,4876873.980852482
0.6760000000000004,4876873.994667877
0.6860000000000004,4876874.009452769
0.6960000000000004,4876874.024373309
0.7060000000000004,4876874.039604258
0.7160000000000004,4876874.054436648
0.7260000000000004,4876874.069942215
0.7360000000000004,4876874.087994157
0.7460000000000004,4876874.107271516
0.7560000000000004,4876874.127329114
0.7660000000000005,4876874.14760487
0.7760000000000005,4876874.168392915
0.7860000000000005,4876874.188490287
0.7960000000000005,4876874.208230755
0.8060000000000005,4876874.228532415
0.8160000000000005,4876874.248844217
0.8260000000000005,4876874.266647281
0.8360000000000005,4876874.281640104
0.8460000000000005,4876874.296939447
0.8560000000000005,4876874.312942504
0.8660000000000005,4876874.329109178
0.8760000000000006,4876874.344893352
0.8860000000000006,4876874.359471376
0.8960000000000006,4876874.37462369
0.9060000000000006,4876874.390102519
0.9160000000000006,4876874.405288816
0.9260000000000006,4876874.420807402
0.9360000000000006,4876874.435923787
0.9460000000000006,4876874.454462596
0.9560000000000006,4876874.474214204
0.9660000000000006,4876874.493843529
0.9760000000000006,4876874.512677898
0.9860000000000007,4876874.532322789
0.9960000000000007,4876874.550869402
1.0060000000000007,4876874.569939697
1.0160000000000007,4876874.589028651
1.0260000000000007,4876874.606102706
1.0360000000000007,4876874.621868496
1.0460000000000007,4876874.637031513
1.0560000000000007,4876874.651684581
1.0660000000000007,4876874.66721606
1.0760000000000007,4876874.682343983
1.0860000000000007,4876874.69838142
1.0960000000000008,4876874.713314651
1.1060000000000008,4876874.729178671
1.1160000000000008,4876874.744082616
1.1260000000000008,4876874.758954839
1.1360000000000008,4876874.77496833
1.1460000000000008,4876874.790542279
1.1560000000000008,4876874.805646745
1.1660000000000008,4876874.825129406
1.1760000000000008,4876874.843528875
1.1860000000000008,4876874.863240947
1.1960000000000008,4876874.881188557
1.2060000000000008,4876874.89892314
1.2160000000000009,4876874.91497382
1.2260000000000009,4876874.929196971
1.2360000000000009,4876874.943191809
1.2460000000000009,4876874.9570841
1.256000000000001,4876874.970980743
1.266000000000001,4876874.984795767
1.276000000000001,4876874.998919819
1.286000000000001,4876875.012941192
1.296000000000001,4876875.026812993
1.306000000000001,4876875.040718188
1.316000000000001,4876875.054416931
1.326000000000001,4876875.068222294
1.336000000000001,4876875.082434188
1.346000000000001,4876875.096863342
1.356000000000001,4876875.111179336
1.366000000000001,4876875.125750008
1.376000000000001,4876875.140086057
1.386000000000001,4876875.154424772
1.396000000000001,4876875.168874061
1.406000000000001,4876875.183442696
1.416000000000001,4876875.197907225
1.426000000000001,4876875.212310743
1.436000000000001,4876875.226731724
1.446000000000001,4876875.241381472
1.456000000000001,4876875.256119416
1.466000000000001,4876875.27097438
1.476000000000001,4876875.28585755
1.486000000000001,4876875.300594225
1.496000000000001,4876875.315344545
1.5060000000000011,4876875.330141117
1.5160000000000011,4876875.344934439
1.5260000000000011,4876875.35989224
1.5360000000000011,4876875.374283692
1.5460000000000012,4876875.388810975
1.5560000000000012,4876875.4033374
1.5660000000000012,4876875.417854138
1.5760000000000012,4876875.432285397
1.5860000000000012,4876875.44663656
1.5960000000000012,4876875.4612091
1.6060000000000012,4876875.475757239
1.6160000000000012,4876875.490347726
1.6260000000000012,4876875.505130545
1.6360000000000012,4876875.519587839
1.6460000000000012,4876875.534126857
1.6560000000000012,4876875.548517419
1.6660000000000013,4876875.56242561
1.6760000000000013,4876875.57629313
1.6860000000000013,4876875.590450268
1.6960000000000013,4876875.604461593
1.7060000000000013,4876875.618603226
1.7160000000000013,4876875.63247958
1.7260000000000013,4876875.646399215
1.7360000000000013,4876875.660484986
1.7460000000000013,4876875.674542
1.7560000000000013,4876875.688604639
1.7660000000000013,4876875.702764697
1.7760000000000014,4876875.716634131
1.7860000000000014,4876875.730657375
1.7960000000000014,4876875.744467294
1.8060000000000014,4876875.758799676
1.8160000000000014,4876875.773183731
1.8260000000000014,4876875.787714479
1.8360000000000014,4876875.802241042
1.8460000000000014,4876875.816592931
1.8560000000000014,4876875.831302901
1.8660000000000014,4876875.845897686
1.8760000000000014,4876875.86030246
1.8860000000000015,4876875.874587694
1.8960000000000015,4876875.889019321
1.9060000000000015,4876875.903137446
1.9160000000000015,4876875.917098579
1.9260000000000015,4876875.9311468
1.9360000000000015,4876875.945171146
1.9460000000000015,4876875.958960891
1.9560000000000015,4876875.972948226
1.9660000000000015,4876875.987009553
1.9760000000000015,4876876.00135821
1.9860000000000015,4876876.015336803
1.9960000000000016,4876876.029322984
2.0060000000000016,4876876.043400553
2.0160000000000013,4876876.057404582
2.026000000000001,4876876.071279489
2.036000000000001,4876876.085360788
2.0460000000000007,4876876.099211627
2.0560000000000005,4876876.113387308
2.0660000000000003,4876876.128039383
2.076,4876876.142479397
2.086,4876876.157031213
2.0959999999999996,4876876.171291619
2.1059999999999994,4876876.185951907
2.115999999999999,4876876.200630675
2.125999999999999,4876876.215103571
2.135999999999999,4876876.22966596
2.1459999999999986,4876876.244154434
2.1559999999999984,4876876.258629035
2.165999999999998,4876876.27304041
2.175999999999998,4876876.287641582
2.1859999999999977,4876876.302085716
2.1959999999999975,4876876.316588198
2.2059999999999973,4876876.330745323
2.215999999999997,4876876.34470343
2.225999999999997,4876876.358773623
2.2359999999999967,4876876.372863814
2.2459999999999964,4876876.387116173
2.2559999999999962,4876876.402366426
2.265999999999996,4876876.417276282
2.275999999999996,4876876.431734277
2.2859999999999956,4876876.446208735
2.2959999999999954,4876876.460717682
2.305999999999995,4876876.475364533
2.315999999999995,4876876.490068616
2.3259999999999947,4876876.504741731
2.3359999999999945,4876876.519274569
2.3459999999999943,4876876.5337761
2.355999999999994,4876876.548354622
2.365999999999994,4876876.562857466
2.3759999999999937,4876876.577331966
2.3859999999999935,4876876.591781559
2.3959999999999932,4876876.605688725
2.405999999999993,4876876.619811077
2.415999999999993,4876876.633698123
2.4259999999999926,4876876.64765136
2.4359999999999924,4876876.661636551
2.445999999999992,4876876.675522277
2.455999999999992,4876876.689677977
2.4659999999999918,4876876.703606063
2.4759999999999915,4876876.717438877
2.4859999999999913,4876876.731468694
2.495999999999991,4876876.745421026
2.505999999999991,4876876.759370572
2.5159999999999907,4876876.773297297
2.5259999999999905,4876876.787354963
2.5359999999999903,4876876.801308257
2.54599999999999,4876876.815387795
2.55599999999999,4876876.829553513
2.5659999999999896,4876876.843529598
2.5759999999999894,4876876.857450665
2.585999999999989,4876876.87135106
2.595999999999989,4876876.885378074
2.6059999999999888,4876876.899428991
2.6159999999999886,4876876.913523203
2.6259999999999883,4876876.92761057
2.635999999999988,4876876.941713258
2.645999999999988,4876876.955745839
2.6559999999999877,4876876.969733131
2.6659999999999875,4876876.983819397
2.6759999999999873,4876876.998191596
2.685999999999987,4876877.012350604
2.695999999999987,4876877.026628385
2.7059999999999866,4876877.040664928
2.7159999999999864,4876877.054583201
2.725999999999986,4876877.068648145
2.735999999999986,4876877.082685754
2.745999999999986,4876877.096748575
2.7559999999999856,4876877.110860111
2.7659999999999854,4876877.125158013
2.775999999999985,4876877.13917375
2.785999999999985,4876877.153082659
2.7959999999999847,4876877.167308319
2.8059999999999845,4876877.181433259
2.8159999999999843,4876877.195580615
2.825999999999984,4876877.209599097
2.835999999999984,4876877.223539126
2.8459999999999837,4876877.237403233
2.8559999999999834,4876877.251392239
2.8659999999999832,4876877.265335051
2.875999999999983,4876877.279478405
2.885999999999983,4876877.293362948
2.8959999999999826,4876877.307426902
2.9059999999999824,4876877.321432273
2.915999999999982,4876877.335410136
2.925999999999982,4876877.349211539
2.9359999999999817,4876877.363022723
2.9459999999999815,4876877.37692904
2.9559999999999813,4876877.391040401
2.965999999999981,4876877.405081975
2.975999999999981,4876877.419036083
2.9859999999999807,4876877.4330384
2.9959999999999805,4876877.446884966
3.0059999999999802,4876877.460810732
3.01599999999998,4876877.4750209
3.02599999999998,4876877.488951801
3.0359999999999796,4876877.503046557
3.0459999999999794,4876877.516968745
3.055999999999979,4876877.531163735
3.065999999999979,4876877.54518185
3.0759999999999788,4876877.559347401
3.0859999999999785,4876877.573636967
3.0959999999999783,4876877.588240303
3.105999999999978,4876877.602664032
3.115999999999978,4876877.616857127
3.1259999999999777,4876877.631040952
3.1359999999999775,4876877.645034909
3.1459999999999773,4876877.659103858
3.155999999999977,4876877.672995216
3.165999999999977,4876877.68698104
3.1759999999999766,4876877.701038321
3.1859999999999764,4876877.715013038
3.195999999999976,4876877.729228191
3.205999999999976,4876877.743028164
3.2159999999999758,4876877.757030394
3.2259999999999756,4876877.77090989
3.2359999999999753,4876877.784827974
3.245999999999975,4876877.798977886
3.255999999999975,4876877.812908119
3.2659999999999747,4876877.827094404
3.2759999999999745,4876877.841054448
3.2859999999999743,4876877.854875559
3.295999999999974,4876877.868877937
3.305999999999974,4876877.882844936
3.3159999999999736,4876877.896914434
3.3259999999999734,4876877.910996187
3.335999999999973,4876877.925063065
3.345999999999973,4876877.939063626
3.355999999999973,4876877.95296385
3.3659999999999726,4876877.966958492
3.3759999999999724,4876877.981023897
3.385999999999972,4876877.995524051
3.395999999999972,4876878.009711688
3.4059999999999717,4876878.023875025
3.4159999999999715,4876878.037914664
3.4259999999999713,4876878.051953978
3.435999999999971,4876878.066170757
3.445999999999971,4876878.080104849
3.4559999999999707,4876878.094251847
3.4659999999999704,4876878.108283384
3.4759999999999702,4876878.122522858
3.48599999999997,4876878.136569486
3.49599999999997,4876878.150558278
3.5059999999999696,4876878.164832737
3.5159999999999694,4876878.178951375
3.525999999999969,4876878.193201749
3.535999999999969,4876878.207328014
3.5459999999999687,4876878.22146822
3.5559999999999685,4876878.235678402
3.5659999999999683,4876878.249793603
3.575999999999968,4876878.263938428
3.585999999999968,4876878.278330152
3.5959999999999677,4876878.292505944
3.6059999999999675,4876878.306660641
3.6159999999999672,4876878.320688299
3.625999999999967,4876878.334725624
3.635999999999967,4876878.348735769
3.6459999999999666,4876878.362882126
3.6559999999999664,4876878.376875711
3.665999999999966,4876878.391088627
3.675999999999966,4876878.405227689
3.6859999999999657,4876878.419261056
3.6959999999999655,4876878.43336916
3.7059999999999653,4876878.447405686
3.715999999999965,4876878.461497923
3.725999999999965,4876878.475600069
3.7359999999999647,4876878.48965158
3.7459999999999645,4876878.503785589
3.7559999999999643,4876878.517821827
3.765999999999964,4876878.532057231
3.775999999999964,4876878.546121905
3.7859999999999636,4876878.560168871
3.7959999999999634,4876878.574206605
3.805999999999963,4876878.588224332
3.815999999999963,4876878.602364392
3.8259999999999628,4876878.616452978
3.8359999999999626,4876878.630577364
3.8459999999999623,4876878.64458899
3.855999999999962,4876878.65865696
3.865999999999962,4876878.672660289
3.8759999999999617,4876878.68684612
3.8859999999999615,4876878.700949405
3.8959999999999613,4876878.714996699
3.905999999999961,4876878.729139917
3.915999999999961,4876878.743071752
3.9259999999999606,4876878.757418013
3.9359999999999604,4876878.771550215
3.94599999999996,4876878.785657597
3.95599999999996,4876878.799975515
3.96599999999996,4876878.81397493
3.9759999999999596,4876878.828139114
3.9859999999999594,4876878.842315288
3.995999999999959,4876878.856406533
4.005999999999959,4876878.870518664
4.015999999999959,4876878.884668524
4.025999999999959,4876878.898922964
4.035999999999959,4876878.913108624
4.0459999999999585,4876878.927125873
4.055999999999958,4876878.941248846
4.065999999999958,4876878.955327827
4.075999999999958,4876878.969306195
4.085999999999958,4876878.983424407
4.0959999999999575,4876878.998180752
4.105999999999957,4876879.012479669
4.115999999999957,4876879.027299604
4.125999999999957,4876879.041520514
4.135999999999957,4876879.055702347
4.145999999999956,4876879.069757144
4.155999999999956,4876879.083963014
4.165999999999956,4876879.098191261
4.175999999999956,4876879.112287058
4.1859999999999555,4876879.126440622
4.195999999999955,4876879.140543856
4.205999999999955,4876879.154565187
4.215999999999955,4876879.16865496
4.225999999999955,4876879.18260292
4.2359999999999545,4876879.196926938
4.245999999999954,4876879.211326788
4.255999999999954,4876879.225502596
4.265999999999954,4876879.239604084
4.275999999999954,4876879.253767208
4.285999999999953,4876879.267911593
4.295999999999953,4876879.282037594
4.305999999999953,4876879.296263884
4.315999999999953,4876879.310509484
4.3259999999999525,4876879.324657612
4.335999999999952,4876879.338740825
4.345999999999952,4876879.352897776
4.355999999999952,4876879.366959818
4.365999999999952,4876879.381052878
4.3759999999999515,4876879.395272533
4.385999999999951,4876879.409405255
4.395999999999951,4876879.423537753
4.405999999999951,4876879.437695217
4.415999999999951,4876879.451754036
4.42599999999995,4876879.466009076
4.43599999999995,4876879.480268692
4.44599999999995,4876879.494561785
4.45599999999995,4876879.508724474
4.46599999999995,4876879.52278984
4.475999999999949,4876879.537250904
4.485999999999949,4876879.551479637
4.495999999999949,4876879.566027163
4.505999999999949,4876879.580207161
4.5159999999999485,4876879.594487028
4.525999999999948,4876879.608690758
4.535999999999948,4876879.622865236
4.545999999999948,4876879.637154626
4.555999999999948,4876879.651295224
4.565999999999947,4876879.665523647
4.575999999999947,4876879.680289072
4.585999999999947,4876879.69505954
4.595999999999947,4876879.709396992
4.605999999999947,4876879.723588475
4.615999999999946,4876879.737897288
4.625999999999946,4876879.751946497
4.635999999999946,4876879.766267383
4.645999999999946,4876879.780972184
4.6559999999999455,4876879.795703056
4.665999999999945,4876879.810410807
4.675999999999945,4876879.825097917
4.685999999999945,4876879.839725853
4.695999999999945,4876879.854387958
4.7059999999999444,4876879.869268905
4.715999999999944,4876879.883855645
4.725999999999944,4876879.898540476
4.735999999999944,4876879.913558189
4.745999999999944,4876879.928680292
4.755999999999943,4876879.94337714
4.765999999999943,4876879.958079147
4.775999999999943,4876879.972663942
4.785999999999943,4876879.987371756
4.7959999999999425,4876880.002847703
4.805999999999942,4876880.017656071
4.815999999999942,4876880.032369292
4.825999999999942,4876880.046467899
4.835999999999942,4876880.060585658
4.8459999999999415,4876880.074625215
4.855999999999941,4876880.088771339
4.865999999999941,4876880.102872105
4.875999999999941,4876880.117169991
4.885999999999941,4876880.13143416
4.89599999999994,4876880.145744583
4.90599999999994,4876880.159937981
4.91599999999994,4876880.174087811
4.92599999999994,4876880.188316231
4.9359999999999395,4876880.202410217
4.945999999999939,4876880.216512626
4.955999999999939,4876880.23069268
4.965999999999939,4876880.244819921
4.975999999999939,4876880.258883248
4.9859999999999385,4876880.27288957
4.995999999999938,4876880.286951511
5.005999999999938,4876880.301149881
5.015999999999938,4876880.315300903
5.025999999999938,4876880.329446016
5.035999999999937,4876880.343624092
5.045999999999937,4876880.357867968
5.055999999999937,4876880.37198066
5.065999999999937,4876880.386148083
5.075999999999937,4876880.400381834
5.085999999999936,4876880.414548483
5.095999999999936,4876880.428704527
5.105999999999936,4876880.442871943
5.115999999999936,4876880.4571245
5.1259999999999355,4876880.471406302
5.135999999999935,4876880.485647741
5.145999999999935,4876880.499907217
5.155999999999935,4876880.514038567
5.165999999999935,4876880.528520071
5.175999999999934,4876880.542730458
5.185999999999934,4876880.55680081
5.195999999999934,4876880.570964986
5.205999999999934,4876880.585187818
5.215999999999934,4876880.599367033
5.225999999999933,4876880.613563368
5.235999999999933,4876880.627769445
5.245999999999933,4876880.641847613
5.255999999999933,4876880.655985626
5.2659999999999325,4876880.670302534
5.275999999999932,4876880.684455959
5.285999999999932,4876880.698781073
5.295999999999932,4876880.712883556
5.305999999999932,4876880.726919615
5.3159999999999314,4876880.741031755
5.325999999999931,4876880.755086677
5.335999999999931,4876880.769166035
5.345999999999931,4876880.783201586
5.355999999999931,4876880.797267452
5.36599999999993,4876880.811352027
5.37599999999993,4876880.825647684
5.38599999999993,4876880.839757811
5.39599999999993,4876880.854064979
5.4059999999999295,4876880.868125634
5.415999999999929,4876880.882423045
5.425999999999929,4876880.896530131
5.435999999999929,4876880.910651449
5.445999999999929,4876880.924628013
5.4559999999999285,4876880.938679849
5.465999999999928,4876880.952722531
5.475999999999928,4876880.96697844
5.485999999999928,4876880.981045462
5.495999999999928,4876880.995506798
5.505999999999927,4876881.009874829
5.515999999999927,4876881.024114881
5.525999999999927,4876881.038559052
5.535999999999927,4876881.052646486
5.5459999999999265,4876881.066829358
5.555999999999926,4876881.081103573
5.565999999999926,4876881.095321374
5.575999999999926,4876881.109494032
5.585999999999926,4876881.123590397
5.5959999999999255,4876881.137654208
5.605999999999925,4876881.151662555
5.615999999999925,4876881.16575518
5.625999999999925,4876881.17984217
5.635999999999925,4876881.194038034
5.645999999999924,4876881.208226897
5.655999999999924,4876881.222290246
5.665999999999924,4876881.236489772
5.675999999999924,4876881.250971511
5.685999999999924,4876881.26538024
5.695999999999923,4876881.279490415
5.705999999999923,4876881.293652816
5.715999999999923,4876881.307935351
5.725999999999923,4876881.322134028
5.7359999999999225,4876881.336517056
5.745999999999922,4876881.350917322
5.755999999999922,4876881.365049378
5.765999999999922,4876881.379280114
5.775999999999922,4876881.393476308
5.785999999999921,4876881.407639913
5.795999999999921,4876881.42173281
5.805999999999921,4876881.435829229
5.815999999999921,4876881.450214655
5.825999999999921,4876881.464393028
5.83599999999992,4876881.478596421
5.84599999999992,4876881.492991365
5.85599999999992,4876881.507188554
5.86599999999992,4876881.521411753
5.8759999999999195,4876881.535483757
5.885999999999919,4876881.549560333
5.895999999999919,4876881.563902779
5.905999999999919,4876881.578036007
5.915999999999919,4876881.592172801
5.925999999999918,4876881.606371297
5.935999999999918,4876881.620483947
5.945999999999918,4876881.634521498
5.955999999999918,4876881.648685546
5.965999999999918,4876881.662786139
5.975999999999917,4876881.676962526
5.985999999999917,4876881.691112953
5.995999999999917,4876881.705297371
6.005999999999917,4876881.71940943
6.0159999999999165,4876881.733460162
6.025999999999916,4876881.747615578
6.035999999999916,4876881.761757096
6.045999999999916,4876881.775653237
6.055999999999916,4876881.78987531
6.0659999999999155,4876881.8040265
6.075999999999915,4876881.81838337
6.085999999999915,4876881.832535343
6.095999999999915,4876881.846928495
6.105999999999915,4876881.861067923
6.115999999999914,4876881.875185279
6.125999999999914,4876881.889243682
6.135999999999914,4876881.903427564
6.145999999999914,4876881.91777411
6.1559999999999135,4876881.931824262
6.165999999999913,4876881.946066305
6.175999999999913,4876881.96036523
6.185999999999913,4876881.974466649
6.195999999999913,4876881.989249213
6.2059999999999125,4876882.00415912
6.215999999999912,4876882.018847165
6.225999999999912,4876882.033328199
6.235999999999912,4876882.04782208
6.245999999999912,4876882.06236346
6.255999999999911,4876882.076875962
6.265999999999911,4876882.091452978
6.275999999999911,4876882.106032351
6.285999999999911,4876882.120522302
6.295999999999911,4876882.135118921
6.30599999999991,4876882.149238737
6.31599999999991,4876882.1633818
6.32599999999991,4876882.177363773
6.33599999999991,4876882.191532934
6.3459999999999095,4876882.205697918
6.355999999999909,4876882.219791375
6.365999999999909,4876882.233820809
6.375999999999909,4876882.247783267
6.385999999999909,4876882.261893133
6.395999999999908,4876882.275863794
6.405999999999908,4876882.289931634
6.415999999999908,4876882.304107198
6.425999999999908,4876882.318349342
6.435999999999908,4876882.332465745
6.445999999999907,4876882.346373685
6.455999999999907,4876882.360435836
6.465999999999907,4876882.374523229
6.475999999999907,4876882.388602242
6.4859999999999065,4876882.402677608
6.495999999999906,4876882.416777605
6.505999999999906,4876882.430769205
6.515999999999906,4876882.444717483
6.525999999999906,4876882.458706242
6.535999999999905,4876882.472690991
6.545999999999905,4876882.486884861
6.555999999999905,4876882.500946941
6.565999999999905,4876882.515156561
6.575999999999905,4876882.529152371
6.585999999999904,4876882.543083658
6.595999999999904,4876882.557218484
6.605999999999904,4876882.571346976
6.615999999999904,4876882.585497171
6.6259999999999035,4876882.599652541
6.635999999999903,4876882.613737719
6.645999999999903,4876882.627789855
6.655999999999903,4876882.641713999
6.665999999999903,4876882.65583128
6.6759999999999025,4876882.670054632
6.685999999999902,4876882.684105603
6.695999999999902,4876882.698308989
6.705999999999902,4876882.712420932
6.715999999999902,4876882.726553872
6.725999999999901,4876882.740625113
6.735999999999901,4876882.754742502
6.745999999999901,4876882.768896906
6.755999999999901,4876882.782969144
6.7659999999999005,4876882.797117359
6.7759999999999,4876882.811455047
6.7859999999999,4876882.825476167
6.7959999999999,4876882.839432745
6.8059999999999,4876882.853398688
6.8159999999998995,4876882.867584568
6.825999999999899,4876882.881755364
6.835999999999899,4876882.895909276
6.845999999999899,4876882.910012787
6.855999999999899,4876882.924071771
6.865999999999898,4876882.938032533
6.875999999999898,4876882.952077298
6.885999999999898,4876882.966165308
6.895999999999898,4876882.980141328
6.9059999999998976,4876882.994312885
6.915999999999897,4876883.008783727
6.925999999999897,4876883.022863044
6.935999999999897,4876883.037013038
6.945999999999897,4876883.051011687
6.9559999999998965,4876883.065059794
6.965999999999896,4876883.07902673
6.975999999999896,4876883.093032947
6.985999999999896,4876883.107124472
6.995999999999896,4876883.121121397
7.005999999999895,4876883.135183085
7.015999999999895,4876883.149104793
7.025999999999895,4876883.163038946
7.035999999999895,4876883.177043013
7.045999999999895,4876883.19112468
7.055999999999894,4876883.205196869
7.065999999999894,4876883.219195435
7.075999999999894,4876883.233195787
7.085999999999894,4876883.247075212
7.0959999999998935,4876883.261144411
7.105999999999893,4876883.275098399
7.115999999999893,4876883.289238252
7.125999999999893,4876883.303265606
7.135999999999893,4876883.317360108
7.145999999999892,4876883.33135033
7.155999999999892,4876883.3452237
7.165999999999892,4876883.35930529
7.175999999999892,4876883.37328263
7.185999999999892,4876883.387306047
7.195999999999891,4876883.401307501
7.205999999999891,4876883.415391007
7.215999999999891,4876883.429440529
7.225999999999891,4876883.443430031
7.2359999999998905,4876883.457499454
7.24599999999989,4876883.471508065
7.25599999999989,4876883.485556622
7.26599999999989,4876883.499565226
7.27599999999989,4876883.513700168
7.2859999999998895,4876883.527661733
7.295999999999889,4876883.541746286
7.305999999999889,4876883.556032806
7.315999999999889,4876883.570103602
7.325999999999889,4876883.584476287
7.335999999999888,4876883.598600349
7.345999999999888,4876883.612847142
7.355999999999888,4876883.627097199
7.365999999999888,4876883.640989378
7.3759999999998875,4876883.655101484
7.385999999999887,4876883.669144863
7.395999999999887,4876883.68323266
7.405999999999887,4876883.697273426
7.415999999999887,4876883.711255429
7.4259999999998865,4876883.72538548
7.435999999999886,4876883.739479234
7.445999999999886,4876883.753456436
7.455999999999886,4876883.767952053
7.465999999999886,4876883.782115918
7.475999999999885,4876883.796310334
7.485999999999885,4876883.810593355
7.495999999999885,4876883.824852115
7.505999999999885,4876883.838885643
7.5159999999998846,4876883.852915561
7.525999999999884,4876883.866971887
7.535999999999884,4876883.881182632
7.545999999999884,4876883.895342582
7.555999999999884,4876883.909434734
7.5659999999998835,4876883.923523755
7.575999999999883,4876883.937648402
7.585999999999883,4876883.951641386
7.595999999999883,4876883.965750888
7.605999999999883,4876883.97984008
7.615999999999882,4876883.994166278
7.625999999999882,4876884.008517213
7.635999999999882,4876884.02267888
7.645999999999882,4876884.036784817
7.655999999999882,4876884.050839778
7.665999999999881,4876884.065100952
7.675999999999881,4876884.07920399
7.685999999999881,4876884.093561731
7.695999999999881,4876884.107942189
7.7059999999998805,4876884.122423522
7.71599999999988,4876884.136981754
7.72599999999988,4876884.151547634
7.73599999999988,4876884.166359313
7.74599999999988,4876884.18110852
7.755999999999879,4876884.195809179
7.765999999999879,4876884.210698213
7.775999999999879,4876884.226928649
7.785999999999879,4876884.242264842
7.795999999999879,4876884.2571957
7.805999999999878,4876884.272555274
7.815999999999878,4876884.287998645
7.825999999999878,4876884.303274276
7.835999999999878,4876884.318670407
7.8459999999998775,4876884.333674269
7.855999999999877,4876884.348548078
7.865999999999877,4876884.36373975
7.875999999999877,4876884.378746451
7.885999999999877,4876884.393945916
7.8959999999998765,4876884.409036283
7.905999999999876,4876884.424177814
7.915999999999876,4876884.439107823
7.925999999999876,4876884.454260949
7.935999999999876,4876884.469421619
7.945999999999875,4876884.484573808
7.955999999999875,4876884.499822584
7.965999999999875,4876884.514896943
7.975999999999875,4876884.530094046
7.9859999999998745,4876884.545249127
7.995999999999874,4876884.560659306
8.005999999999874,4876884.575929801
8.015999999999874,4876884.591364757
8.025999999999874,4876884.606243386
8.035999999999873,4876884.62121468
8.045999999999873,4876884.636131146
8.055999999999873,4876884.651183971
8.065999999999873,4876884.666595486
8.075999999999873,4876884.681724002
8.085999999999872,4876884.696685154
8.095999999999872,4876884.711381755
8.105999999999872,4876884.726351562
8.115999999999872,4876884.741128474
8.125999999999872,4876884.756088553
8.135999999999871,4876884.771263639
8.145999999999871,4876884.78645234
8.155999999999871,4876884.801504888
8.16599999999987,4876884.816995145
8.17599999999987,4876884.832159026
8.18599999999987,4876884.847288537
8.19599999999987,4876884.862525891
8.20599999999987,4876884.877735726
8.21599999999987,4876884.892966299
8.22599999999987,4876884.908258939
8.23599999999987,4876884.923396328
8.245999999999869,4876884.938440531
8.255999999999869,4876884.953497426
8.265999999999869,4876884.968935056
8.275999999999868,4876884.983997315
8.285999999999868,4876884.99964538
8.295999999999868,4876885.015556532
8.305999999999868,4876885.031192339
8.315999999999867,4876885.046684282
8.325999999999867,4876885.062233928
8.335999999999867,4876885.077531064
8.345999999999867,4876885.092936749
8.355999999999867,4876885.108284792
8.365999999999866,4876885.123594925
8.375999999999866,4876885.138846238
8.385999999999866,4876885.154038186
8.395999999999866,4876885.169748141
8.405999999999866,4876885.185322857
8.415999999999865,4876885.200958973
8.425999999999865,4876885.216665169
8.435999999999865,4876885.232259514
8.445999999999865,4876885.247785999
8.455999999999865,4876885.263528663
8.465999999999864,4876885.278854437
8.475999999999864,4876885.294315723
8.485999999999864,4876885.309832193
8.495999999999864,4876885.325365136
8.505999999999863,4876885.340694946
8.515999999999863,4876885.356183587
8.525999999999863,4876885.371479662
8.535999999999863,4876885.386723375
8.545999999999863,4876885.402026868
8.555999999999862,4876885.417334853
8.565999999999862,4876885.432578817
8.575999999999862,4876885.447869948
8.585999999999862,4876885.463208131
8.595999999999862,4876885.478468622
8.605999999999861,4876885.494053956
8.615999999999861,4876885.509323528
8.625999999999861,4876885.524578502
8.63599999999986,4876885.539720729
8.64599999999986,4876885.555444048
8.65599999999986,4876885.571047371
8.66599999999986,4876885.586577189
8.67599999999986,4876885.601872976
8.68599999999986,4876885.617371137
8.69599999999986,4876885.632577138
8.70599999999986,4876885.6479485
8.715999999999859,4876885.663287077
8.725999999999859,4876885.678522381
8.735999999999859,4876885.694025221
8.745999999999858,4876885.709241267
8.755999999999858,4876885.724590054
8.765999999999858,4876885.739985549
8.775999999999858,4876885.755340488
8.785999999999857,4876885.770821608
8.795999999999857,4876885.786550854
8.805999999999857,4876885.80197326
8.815999999999857,4876885.817574827
8.825999999999857,4876885.833117826
8.835999999999856,4876885.848908498
8.845999999999856,4876885.864635154
8.855999999999856,4876885.880029122
8.865999999999856,4876885.895613108
8.875999999999856,4876885.911107417
8.885999999999855,4876885.926415486
8.895999999999855,4876885.941776539
8.905999999999855,4876885.957427537
8.915999999999855,4876885.973062369
8.925999999999854,4876885.988595241
8.935999999999854,4876886.004531226
8.945999999999854,4876886.020466509
8.955999999999854,4876886.036028193
8.965999999999854,4876886.05119117
8.975999999999853,4876886.066573104
8.985999999999853,4876886.081847494
8.995999999999853,4876886.097061829
9.005999999999853,4876886.112351385
9.015999999999853,4876886.127972398
9.025999999999852,4876886.143426329
9.035999999999852,4876886.158919252
9.045999999999852,4876886.175035095
9.055999999999852,4876886.191377826
9.065999999999852,4876886.207423448
9.075999999999851,4876886.22379808
9.085999999999851,4876886.24027278
9.09599999999985,4876886.256553981
9.10599999999985,4876886.274225824
9.11599999999985,4876886.29307913
9.12599999999985,4876886.309082318
9.13599999999985,4876886.325029764
9.14599999999985,4876886.340353755
9.15599999999985,4876886.356775833
9.16599999999985,4876886.372466296
9.17599999999985,4876886.387320784
9.185999999999849,4876886.401983453
9.195999999999849,4876886.416531641
9.205999999999849,4876886.430947919
9.215999999999848,4876886.445207241
9.225999999999848,4876886.459083955
9.235999999999848,4876886.473255072
9.245999999999848,4876886.487332276
9.255999999999847,4876886.501345734
9.265999999999847,4876886.515320109
9.275999999999847,4876886.529374829
9.285999999999847,4876886.543326161
9.295999999999847,4876886.557077577
9.305999999999846,4876886.570973662
9.315999999999846,4876886.584695576
9.325999999999846,4876886.598836766
9.335999999999846,4876886.613081302
9.345999999999846,4876886.627640108
9.355999999999845,4876886.642130164
9.365999999999845,4876886.65657931
9.375999999999845,4876886.671058475
9.385999999999845,4876886.685636441
9.395999999999844,4876886.700309497
9.405999999999844,4876886.714525448
9.415999999999844,4876886.728694192
9.425999999999844,4876886.742747291
9.435999999999844,4876886.756728468
9.445999999999843,4876886.770872366
9.455999999999843,4876886.784951655
9.465999999999843,4876886.799157898
9.475999999999843,4876886.813396202
9.485999999999843,4876886.827673718
9.495999999999842,4876886.841839824
9.505999999999842,4876886.855980997
9.515999999999842,4876886.870234751
9.525999999999842,4876886.884290338
9.535999999999841,4876886.898531051
9.545999999999841,4876886.912736531
9.555999999999841,4876886.926949495
9.56599999999984,4876886.941037491
9.57599999999984,4876886.955016988
9.58599999999984,4876886.96916202
9.59599999999984,4876886.983281139
9.60599999999984,4876886.997132428
9.61599999999984,4876887.01135653
9.62599999999984,4876887.025110714
9.63599999999984,4876887.038884167
9.64599999999984,4876887.052484422
9.655999999999839,4876887.066109608
9.665999999999839,4876887.079916563
9.675999999999839,4876887.093635666
9.685999999999838,4876887.107238288
9.695999999999838,4876887.121066671
9.705999999999838,4876887.134690654
9.715999999999838,4876887.148485266
9.725999999999837,4876887.162222547
9.735999999999837,4876887.176226855
9.745999999999837,4876887.190108317
9.755999999999837,4876887.203774106
9.765999999999837,4876887.217611791
9.775999999999836,4876887.231408373
9.785999999999836,4876887.24516549
9.795999999999836,4876887.259026041
9.805999999999836,4876887.272927698
9.815999999999836,4876887.286915953
9.825999999999835,4876887.30121391
9.835999999999835,4876887.315335184
9.845999999999835,4876887.33006624
9.855999999999835,4876887.344458802
9.865999999999834,4876887.358817973
9.875999999999834,4876887.373331922
9.885999999999834,4876887.389016327
9.895999999999834,4876887.403529172
9.905999999999834,4876887.417954918
9.915999999999833,4876887.432273743
9.925999999999833,4876887.446973896
9.935999999999833,4876887.461689974
9.945999999999833,4876887.476907436
9.955999999999833,4876887.491513046
9.965999999999832,4876887.505838437
9.975999999999832,4876887.520081601
9.985999999999832,4876887.534403518
9.995999999999832,4876887.548668555
10.005999999999831,4876887.562958608
10.015999999999831,4876887.577943707
10.025999999999831,4876887.592820152
10.03599999999983,4876887.607454021
10.04599999999983,4876887.622496386
10.05599999999983,4876887.637253255
10.06599999999983,4876887.651952464
10.07599999999983,4876887.666994274
10.08599999999983,4876887.681737495
10.09599999999983,4876887.696647123
10.10599999999983,4876887.711482472
10.11599999999983,4876887.726355672
10.125999999999829,4876887.741226051
10.135999999999829,4876887.755775556
10.145999999999828,4876887.770486262
10.155999999999828,4876887.785239253
10.165999999999828,4876887.800041506
10.175999999999828,4876887.814712823
10.185999999999828,4876887.829375284
10.195999999999827,4876887.843959073
10.205999999999827,4876887.858512397
10.215999999999827,4876887.873258022
10.225999999999827,4876887.887431804
10.235999999999827,4876887.901602482
10.245999999999826,4876887.91591031
10.255999999999826,4876887.930252426
10.265999999999826,4876887.944483373
10.275999999999826,4876887.95872046
10.285999999999826,4876887.972982653
10.295999999999825,4876887.987252183
10.305999999999825,4876888.001675
10.315999999999825,4876888.016115252
10.325999999999825,4876888.030322042
10.335999999999824,4876888.044383098
10.345999999999824,4876888.05846105
10.355999999999824,4876888.072633909
10.365999999999824,4876888.086758783
10.375999999999824,4876888.101011594
10.385999999999823,4876888.115338299
10.395999999999823,4876888.129485864
10.405999999999823,4876888.143825484
10.415999999999823,4876888.157887961
10.425999999999823,4876888.172153983
10.435999999999822,4876888.18624872
10.445999999999822,4876888.200405884
10.455999999999822,4876888.214717891
10.465999999999822,4876888.229411407
10.475999999999821,4876888.244176377
10.485999999999821,4876888.258896536
10.495999999999821,4876888.273613981
10.50599999999982,4876888.288362211
10.51599999999982,4876888.303516003
10.52599999999982,4876888.319171867
10.53599999999982,4876888.334749021
10.54599999999982,4876888.350359211
10.55599999999982,4876888.365930454
10.56599999999982,4876888.381629481
10.57599999999982,4876888.397398592
10.585999999999819,4876888.412536917
10.595999999999819,4876888.427321797
10.605999999999819,4876888.44218936
10.615999999999818,4876888.456879422
10.625999999999818,4876888.471415453
10.635999999999818,4876888.485683616
10.645999999999818,4876888.500592662
10.655999999999818,4876888.515429938
10.665999999999817,4876888.530611182
10.675999999999817,4876888.545673451
10.685999999999817,4876888.560669912
10.695999999999817,4876888.575205552
10.705999999999817,4876888.589770007
10.715999999999816,4876888.604185314
10.725999999999816,4876888.618720282
10.735999999999816,4876888.63314329
10.745999999999816,4876888.647556999
10.755999999999815,4876888.661886631
10.765999999999815,4876888.676364044
10.775999999999815,4876888.690936849
10.785999999999815,4876888.705335123
10.795999999999815,4876888.719647101
10.805999999999814,4876888.734056559
10.815999999999814,4876888.748446255
10.825999999999814,4876888.762931211
10.835999999999814,4876888.777370163
10.845999999999814,4876888.791818692
10.855999999999813,4876888.806428766
10.865999999999813,4876888.820963471
10.875999999999813,4876888.835360902
10.885999999999813,4876888.849723749
10.895999999999813,4876888.864154239
10.905999999999812,4876888.878545857
10.915999999999812,4876888.892958833
10.925999999999812,4876888.907235498
10.935999999999812,4876888.921797428
10.945999999999811,4876888.936183217
10.955999999999811,4876888.950497971
10.965999999999811,4876888.964807444
10.97599999999981,4876888.97911657
10.98599999999981,4876888.993653834
10.99599999999981,4876889.008260098
11.00599999999981,4876889.022718175
11.01599999999981,4876889.037041341
11.02599999999981,4876889.05136883
11.03599999999981,4876889.065677129
11.04599999999981,4876889.080078306
11.055999999999809,4876889.094514205
11.065999999999809,4876889.108851233
11.075999999999809,4876889.123550787
11.085999999999808,4876889.13796224
11.095999999999808,4876889.152137569
11.105999999999808,4876889.166447619
11.115999999999808,4876889.180826462
11.125999999999808,4876889.19510491
11.135999999999807,4876889.209355492
11.145999999999807,4876889.223623987
11.155999999999807,4876889.237878564
11.165999999999807,4876889.252251599
11.175999999999807,4876889.26635476
11.185999999999806,4876889.280519106
11.195999999999806,4876889.294770811
11.205999999999806,4876889.309563502
11.215999999999806,4876889.324420201
11.225999999999805,4876889.339257923
11.235999999999805,4876889.354049596
11.245999999999805,4876889.368750539
11.255999999999805,4876889.383588483
11.265999999999805,4876889.398413975
11.275999999999804,4876889.413156393
11.285999999999804,4876889.427867998
11.295999999999804,4876889.442651271
11.305999999999804,4876889.457399507
11.315999999999804,4876889.472074081
11.325999999999803,4876889.48692762
11.335999999999803,4876889.501662849
11.345999999999803,4876889.516355364
11.355999999999803,4876889.531129519
11.365999999999802,4876889.54601478
11.375999999999802,4876889.560723472
11.385999999999802,4876889.575448908
11.395999999999802,4876889.590097087
11.405999999999802,4876889.604827859
11.415999999999801,4876889.619458232
11.425999999999801,4876889.634169549
11.435999999999801,4876889.648834975
11.4459999999998,4876889.663357145
11.4559999999998,4876889.677536849
11.4659999999998,4876889.691691121
11.4759999999998,4876889.705932687
11.4859999999998,4876889.720009284
11.4959999999998,4876889.734215623
11.5059999999998,4876889.748278514
11.5159999999998,4876889.762447286
11.525999999999799,4876889.776624971
11.535999999999799,4876889.79083171
11.545999999999799,4876889.804969731
11.555999999999798,4876889.819224401
11.565999999999798,4876889.833478605
11.575999999999798,4876889.847681004
11.585999999999798,4876889.861863411
11.595999999999798,4876889.876130992
11.605999999999797,4876889.890492789
11.615999999999797,4876889.904750884
11.625999999999797,4876889.919522608
11.635999999999797,4876889.934301081
11.645999999999797,4876889.948931375
11.655999999999796,4876889.963721928
11.665999999999796,4876889.978511096
11.675999999999796,4876889.993646261
11.685999999999796,4876890.009031347
11.695999999999795,4876890.024165908
11.705999999999795,4876890.039256264
11.715999999999795,4876890.054221449
11.725999999999795,4876890.069185054
11.735999999999795,4876890.084364141
11.745999999999794,4876890.099463296
11.755999999999794,4876890.114832143
11.765999999999794,4876890.12999683
11.775999999999794,4876890.145040768
11.785999999999794,4876890.160201109
11.795999999999793,4876890.175337038
11.805999999999793,4876890.190445804
11.815999999999793,4876890.205479188
11.825999999999793,4876890.220477969
11.835999999999792,4876890.235413735
11.845999999999792,4876890.250368995
11.855999999999792,4876890.265187433
11.865999999999792,4876890.28030659
11.875999999999792,4876890.295368046
11.885999999999791,4876890.310396917
11.895999999999791,4876890.325410044
11.905999999999791,4876890.340324835
11.91599999999979,4876890.355307142
11.92599999999979,4876890.370288384
11.93599999999979,4876890.385387106
11.94599999999979,4876890.400069834
11.95599999999979,4876890.414837822
11.96599999999979,4876890.42949363
11.97599999999979,4876890.444048455
11.98599999999979,4876890.458760284
11.995999999999789,4876890.473280184
12.005999999999789,4876890.487911122
12.015999999999789,4876890.502407521
12.025999999999788,4876890.516540073
12.035999999999788,4876890.530679738
12.045999999999788,4876890.544722751
12.055999999999788,4876890.558660068
12.065999999999788,4876890.572700251
12.075999999999787,4876890.586948821
12.085999999999787,4876890.601132659
12.095999999999787,4876890.615518053
12.105999999999787,4876890.629795513
12.115999999999786,4876890.643902204
12.125999999999786,4876890.657907248
12.135999999999786,4876890.671957635
12.145999999999786,4876890.686028168
12.155999999999786,4876890.699863818
12.165999999999785,4876890.714476089
12.175999999999785,4876890.72898
12.185999999999785,4876890.743623888
12.195999999999785,4876890.757452904
12.205999999999785,4876890.771402853
12.215999999999784,4876890.785434977
12.225999999999784,4876890.79952003
12.235999999999784,4876890.8135813
12.245999999999784,4876890.827678063
12.255999999999784,4876890.841871908
12.265999999999783,4876890.855723667
12.275999999999783,4876890.869741247
12.285999999999783,4876890.883727902
12.295999999999783,4876890.897747983
12.305999999999782,4876890.911654759
12.315999999999782,4876890.925688937
12.325999999999782,4876890.939716797
12.335999999999782,4876890.953546665
12.345999999999782,4876890.967506738
12.355999999999781,4876890.981542258
12.365999999999781,4876890.995685855
12.375999999999781,4876891.009829682
12.38599999999978,4876891.024067049
12.39599999999978,4876891.038160575
12.40599999999978,4876891.052066801
12.41599999999978,4876891.065910271
12.42599999999978,4876891.080046854
12.43599999999978,4876891.094121705
12.44599999999978,4876891.108177806
12.45599999999978,4876891.122485039
12.465999999999779,4876891.136563719
12.475999999999779,4876891.150573033
12.485999999999779,4876891.164543364
12.495999999999778,4876891.178559683
12.505999999999778,4876891.192499635
12.515999999999778,4876891.206500269
12.525999999999778,4876891.220689318
12.535999999999778,4876891.23478887
12.545999999999777,4876891.248891143
12.555999999999777,4876891.262913313
12.565999999999777,4876891.276980878
12.575999999999777,4876891.29129884
12.585999999999776,4876891.305215324
12.595999999999776,4876891.319302248
12.605999999999776,4876891.33333431
12.615999999999776,4876891.347285188
12.625999999999776,4876891.361248992
12.635999999999775,4876891.375084114
12.645999999999775,4876891.389011286
12.655999999999775,4876891.402891898
12.665999999999775,4876891.41706511
12.675999999999775,4876891.431918639
12.685999999999774,4876891.446958221
12.695999999999774,4876891.461587117
12.705999999999774,4876891.475671986
12.715999999999774,4876891.48972854
12.725999999999773,4876891.503939749
12.735999999999773,4876891.517924911
12.745999999999773,4876891.531918631
12.755999999999773,4876891.552023655
12.765999999999773,4876891.568281808
12.775999999999772,4876891.582371014
12.785999999999772,4876891.596442063
12.795999999999772,4876891.610453578
12.805999999999772,4876891.624430558
12.815999999999772,4876891.638395207
12.825999999999771,4876891.652148532
12.835999999999771,4876891.666031458
12.845999999999771,4876891.679975194
12.85599999999977,4876891.693994562
12.86599999999977,4876891.707768817
12.87599999999977,4876891.721771832
12.88599999999977,4876891.735686879
12.89599999999977,4876891.749607159
12.90599999999977,4876891.763415961
12.91599999999977,4876891.777389932
12.92599999999977,4876891.791213526
12.935999999999769,4876891.805253149
12.945999999999769,4876891.819204862
12.955999999999769,4876891.833153464
12.965999999999768,4876891.846942692
12.975999999999768,4876891.860821728
12.985999999999768,4876891.874597474
12.995999999999768,4876891.888452386
13.005999999999768,4876891.902375785
13.015999999999767,4876891.91627013
13.025999999999767,4876891.930216032
13.035999999999767,4876891.944369841
13.045999999999767,4876891.958348211
13.055999999999766,4876891.972211106
13.065999999999766,4876891.986198418
13.075999999999766,4876892.000380996
13.085999999999766,4876892.014658997
13.095999999999766,4876892.028679694
13.105999999999765,4876892.042647522
13.115999999999765,4876892.056380095
13.125999999999765,4876892.07020112
13.135999999999765,4876892.084095066
13.145999999999765,4876892.098059154
13.155999999999764,4876892.111853413
13.165999999999764,4876892.126039608
13.175999999999764,4876892.139917586
13.185999999999764,4876892.153873232
13.195999999999763,4876892.167677367
13.205999999999763,4876892.181655409
13.215999999999763,4876892.195528469
13.225999999999763,4876892.209360629
13.235999999999763,4876892.223220036
13.245999999999762,4876892.237220384
13.255999999999762,4876892.251183378
13.265999999999762,4876892.264969566
13.275999999999762,4876892.278832537
13.285999999999762,4876892.292667488
13.295999999999761,4876892.306462109
13.305999999999761,4876892.320415347
13.315999999999761,4876892.334354332
13.32599999999976,4876892.34823425
13.33599999999976,4876892.361967775
13.34599999999976,4876892.375836173
13.35599999999976,4876892.389640445
13.36599999999976,4876892.403461666
13.37599999999976,4876892.417263586
13.38599999999976,4876892.431193062
13.39599999999976,4876892.445038636
13.405999999999759,4876892.458941473
13.415999999999759,4876892.472582469
13.425999999999759,4876892.486479128
13.435999999999758,4876892.500407001
13.445999999999758,4876892.513961206
13.455999999999758,4876892.527923951
13.465999999999758,4876892.541705647
13.475999999999758,4876892.555358281
13.485999999999757,4876892.56886559
13.495999999999757,4876892.582909432
13.505999999999757,4876892.596794627
13.515999999999757,4876892.610627892
13.525999999999756,4876892.624514872
13.535999999999756,4876892.638506937
13.545999999999756,4876892.652649501
13.555999999999756,4876892.666541558
13.565999999999756,4876892.680650477
13.575999999999755,4876892.694620505
13.585999999999755,4876892.708645665
13.595999999999755,4876892.722560588
13.605999999999755,4876892.736675157
13.615999999999755,4876892.750486704
13.625999999999754,4876892.76430724
13.635999999999754,4876892.778303315
13.645999999999754,4876892.792527151
13.655999999999754,4876892.8066021
13.665999999999753,4876892.820675881
13.675999999999753,4876892.834868623
13.685999999999753,4876892.849090569
13.695999999999753,4876892.863099232
13.705999999999753,4876892.877090381
13.715999999999752,4876892.891193529
13.725999999999752,4876892.905117281
13.735999999999752,4876892.919235999
13.745999999999752,4876892.933130571
13.755999999999752,4876892.94710477
13.765999999999751,4876892.960902389
13.775999999999751,4876892.974887339
13.785999999999751,4876892.988851215
13.79599999999975,4876893.003152278
13.80599999999975,4876893.017341093
13.81599999999975,4876893.031568485
13.82599999999975,4876893.045616147
13.83599999999975,4876893.059616726
13.84599999999975,4876893.073667389
13.85599999999975,4876893.087943587
13.86599999999975,4876893.10215144
13.875999999999749,4876893.116646382
13.885999999999749,4876893.131125485
13.895999999999749,4876893.145803111
13.905999999999748,4876893.160556971
13.915999999999748,4876893.175808667
13.925999999999748,4876893.19111746
13.935999999999748,4876893.206662621
13.945999999999747,4876893.223152166
13.955999999999747,4876893.24584178
13.965999999999747,4876893.264066971
13.975999999999747,4876893.281261263
13.985999999999747,4876893.297663329
13.995999999999746,4876893.314158741
14.005999999999746,4876893.332186483
14.015999999999746,4876893.3505562
14.025999999999746,4876893.36714351
14.035999999999746,4876893.38361677
14.045999999999745,4876893.399947067
14.055999999999745,4876893.416582336
14.065999999999745,4876893.432808928
14.075999999999745,4876893.448961085
14.085999999999745,4876893.464869037
14.095999999999744,4876893.480644832
14.105999999999744,4876893.496562172
14.115999999999744,4876893.512315071
14.125999999999744,4876893.528066048
14.135999999999743,4876893.543928762
14.145999999999743,4876893.559914907
14.155999999999743,4876893.5757321
14.165999999999743,4876893.591494449
14.175999999999743,4876893.607553671
14.185999999999742,4876893.623353932
14.195999999999742,4876893.639428408
14.205999999999742,4876893.655201197
14.215999999999742,4876893.671070094
14.225999999999742,4876893.686888094
14.235999999999741,4876893.703097991
14.245999999999741,4876893.718918329
14.25599999999974,4876893.735060417
14.26599999999974,4876893.751244066
14.27599999999974,4876893.767190413
14.28599999999974,4876893.783322645
14.29599999999974,4876893.799681249
14.30599999999974,4876893.815601762
14.31599999999974,4876893.832035192
14.32599999999974,4876893.8481616
14.33599999999974,4876893.863824736
14.345999999999739,4876893.879884996
14.355999999999739,4876893.895861918
14.365999999999739,4876893.911991785
14.375999999999738,4876893.928147467
14.385999999999738,4876893.944296802
14.395999999999738,4876893.960471274
14.405999999999738,4876893.976639359
14.415999999999737,4876893.993203969
14.425999999999737,4876894.009709861
14.435999999999737,4876894.026059922
14.445999999999737,4876894.042258762
14.455999999999737,4876894.058312317
14.465999999999736,4876894.074291243
14.475999999999736,4876894.090413464
14.485999999999736,4876894.106555666
14.495999999999736,4876894.122774689
14.505999999999736,4876894.138950489
14.515999999999735,4876894.15498465
14.525999999999735,4876894.170864284
14.535999999999735,4876894.186762123
14.545999999999735,4876894.202690576
14.555999999999734,4876894.21852077
14.565999999999734,4876894.234525965
14.575999999999734,4876894.25047337
14.585999999999734,4876894.266447834
14.595999999999734,4876894.282536871
14.605999999999733,4876894.298763328
14.615999999999733,4876894.314732833
14.625999999999733,4876894.330998938
14.635999999999733,4876894.347160752
14.645999999999733,4876894.363425138
14.655999999999732,4876894.379599991
14.665999999999732,4876894.396068845
14.675999999999732,4876894.412339971
14.685999999999732,4876894.428654765
14.695999999999732,4876894.444981255
14.705999999999731,4876894.461250336
14.715999999999731,4876894.477478211
14.72599999999973,4876894.493867484
14.73599999999973,4876894.510187287
14.74599999999973,4876894.526645873
14.75599999999973,4876894.543134827
14.76599999999973,4876894.559645613
14.77599999999973,4876894.575918967
14.78599999999973,4876894.592231368
14.79599999999973,4876894.608649132
14.80599999999973,4876894.625099846
14.815999999999729,4876894.641556262
14.825999999999729,4876894.657867545
14.835999999999729,4876894.674209939
14.845999999999728,4876894.690557707
14.855999999999728,4876894.706872529
14.865999999999728,4876894.7232284
14.875999999999728,4876894.739512433
14.885999999999727,4876894.755799791
14.895999999999727,4876894.771950966
14.905999999999727,4876894.788399429
14.915999999999727,4876894.804664195
14.925999999999727,4876894.820893358
14.935999999999726,4876894.837119945
14.945999999999726,4876894.853300348
14.955999999999726,4876894.869354982
14.965999999999726,4876894.88545689
14.975999999999726,4876894.901709901
14.985999999999725,4876894.917928528
14.995999999999725,4876894.934239538
15.005999999999725,4876894.95053966
15.015999999999725,4876894.966594702
15.025999999999724,4876894.982799553
15.035999999999724,4876894.999387445
15.045999999999724,4876895.01584329
15.055999999999724,4876895.032140285
15.065999999999724,4876895.048311382
15.075999999999723,4876895.064444366
15.085999999999723,4876895.080518385
15.095999999999723,4876895.096829733
15.105999999999723,4876895.113174921
15.115999999999723,4876895.129552466
15.125999999999722,4876895.145692879
15.135999999999722,4876895.161936556
15.145999999999722,4876895.178045033
15.155999999999722,4876895.19428945
15.165999999999721,4876895.21054964
15.175999999999721,4876895.226967304
15.185999999999721,4876895.243197086
15.19599999999972,4876895.259562475
15.20599999999972,4876895.275762262
15.21599999999972,4876895.292022514
15.22599999999972,4876895.308315686
15.23599999999972,4876895.32470481
15.24599999999972,4876895.340827696
15.25599999999972,4876895.357017914
15.26599999999972,4876895.373271894
15.27599999999972,4876895.389471178
15.285999999999719,4876895.40571696
15.295999999999719,4876895.422118491
15.305999999999718,4876895.438293135
15.315999999999718,4876895.454503425
15.325999999999718,4876895.470587563
15.335999999999718,4876895.486728118
15.345999999999718,4876895.503179571
15.355999999999717,4876895.519532254
15.365999999999717,4876895.536105922
15.375999999999717,4876895.552837375
15.385999999999717,4876895.569232074
15.395999999999717,4876895.585545209
15.405999999999716,4876895.601926546
15.415999999999716,4876895.618027925
15.425999999999716,4876895.634108711
15.435999999999716,4876895.650828355
15.445999999999716,4876895.66718612
15.455999999999715,4876895.683163186
15.465999999999715,4876895.699580551
15.475999999999715,4876895.715891037
15.485999999999715,4876895.732419466
15.495999999999714,4876895.749224952
15.505999999999714,4876895.766120782
15.515999999999714,4876895.78263192
15.525999999999714,4876895.799280606
15.535999999999714,4876895.815684286
15.545999999999713,4876895.832404904
15.555999999999713,4876895.849076559
15.565999999999713,4876895.865088249
15.575999999999713,4876895.880970567
15.585999999999713,4876895.897217284
15.595999999999712,4876895.914078081
15.605999999999712,4876895.932143509
15.615999999999712,4876895.948712612
15.625999999999712,4876895.965623182
15.635999999999711,4876895.982613144
15.645999999999711,4876896.000327892
15.655999999999711,4876896.01767556
15.66599999999971,4876896.034893107
15.67599999999971,4876896.052187277
15.68599999999971,4876896.068924256
15.69599999999971,4876896.086076289
15.70599999999971,4876896.103125845
15.71599999999971,4876896.12177012
15.72599999999971,4876896.141183691
15.73599999999971,4876896.160585705
15.74599999999971,4876896.182427662
15.755999999999709,4876896.203077435
15.765999999999709,4876896.222271616
15.775999999999708,4876896.239496783
15.785999999999708,4876896.259042567
15.795999999999708,4876896.277447401
15.805999999999708,4876896.294203044
15.815999999999708,4876896.310081863
15.825999999999707,4876896.325744071
15.835999999999707,4876896.341226009
15.845999999999707,4876896.356622772
15.855999999999707,4876896.372161254
15.865999999999707,4876896.389352528
15.875999999999706,4876896.405057257
15.885999999999706,4876896.42060199
15.895999999999706,4876896.435829646
15.905999999999706,4876896.45114394
15.915999999999705,4876896.466115682
15.925999999999705,4876896.481115924
15.935999999999705,4876896.496423552
15.945999999999705,4876896.511643838
15.955999999999705,4876896.527190783
15.965999999999704,4876896.54482845
15.975999999999704,4876896.564104689
15.985999999999704,4876896.581578643
15.995999999999704,4876896.599292775
16.005999999999705,4876896.616472793
16.015999999999707,4876896.633658244
16.02599999999971,4876896.650881422
16.03599999999971,4876896.667961481
16.04599999999971,4876896.684811639
16.055999999999713,4876896.701974865
16.065999999999715,4876896.718872681
16.075999999999716,4876896.735698015
16.085999999999718,4876896.752863157
16.09599999999972,4876896.769773534
16.10599999999972,4876896.786795619
16.115999999999723,4876896.803887918
16.125999999999724,4876896.820815997
16.135999999999726,4876896.837914346
16.145999999999727,4876896.854948316
16.15599999999973,4876896.871922219
16.16599999999973,4876896.888994183
16.175999999999732,4876896.906138581
16.185999999999733,4876896.923161129
16.195999999999735,4876896.940248966
16.205999999999737,4876896.957272491
16.215999999999738,4876896.974187431
16.22599999999974,4876896.991301268
16.23599999999974,4876897.008521168
16.245999999999743,4876897.025701904
16.255999999999744,4876897.042917359
16.265999999999746,4876897.059982762
16.275999999999748,4876897.076642996
16.28599999999975,4876897.093578411
16.29599999999975,4876897.110487403
16.305999999999752,4876897.127400322
16.315999999999754,4876897.144354295
16.325999999999755,4876897.161439779
16.335999999999757,4876897.178507247
16.34599999999976,4876897.195563838
16.35599999999976,4876897.212716324
16.36599999999976,4876897.229665567
16.375999999999763,4876897.246713768
16.385999999999765,4876897.263720155
16.395999999999766,4876897.280641
16.405999999999768,4876897.297727997
16.41599999999977,4876897.315107688
16.42599999999977,4876897.332377424
16.435999999999773,4876897.349212262
16.445999999999774,4876897.366314137
16.455999999999776,4876897.383517203
16.465999999999777,4876897.401013705
16.47599999999978,4876897.418397996
16.48599999999978,4876897.435756043
16.495999999999782,4876897.452811274
16.505999999999784,4876897.469971778
16.515999999999785,4876897.486995163
16.525999999999787,4876897.504337015
16.535999999999788,4876897.521158168
16.54599999999979,4876897.537762209
16.55599999999979,4876897.554546967
16.565999999999793,4876897.571134343
16.575999999999794,4876897.587939938
16.585999999999796,4876897.604932639
16.595999999999798,4876897.622138953
16.6059999999998,4876897.639152958
16.6159999999998,4876897.655918008
16.625999999999802,4876897.67318009
16.635999999999804,4876897.690180629
16.645999999999805,4876897.707111099
16.655999999999807,4876897.724180832
16.66599999999981,4876897.741225305
16.67599999999981,4876897.758312531
16.68599999999981,4876897.775582333
16.695999999999813,4876897.79279718
16.705999999999815,4876897.810089334
16.715999999999816,4876897.827944217
16.725999999999818,4876897.84757455
16.73599999999982,4876897.866280587
16.74599999999982,4876897.88414835
16.755999999999823,4876897.90174939
16.765999999999824,4876897.919700679
16.775999999999826,4876897.93714675
16.785999999999827,4876897.954362085
16.79599999999983,4876897.97137855
16.80599999999983,4876897.988368542
16.815999999999832,4876898.005557788
16.825999999999834,4876898.0222791
16.835999999999835,4876898.038988214
16.845999999999837,4876898.055932664
16.855999999999838,4876898.072623212
16.86599999999984,4876898.089352267
16.87599999999984,4876898.106149677
16.885999999999843,4876898.122787725
16.895999999999844,4876898.138937662
16.905999999999846,4876898.15528781
16.915999999999848,4876898.171528736
16.92599999999985,4876898.187954015
16.93599999999985,4876898.204540193
16.945999999999852,4876898.221465904
16.955999999999854,4876898.238737346
16.965999999999855,4876898.255967833
16.975999999999857,4876898.272808437
16.98599999999986,4876898.289429014
16.99599999999986,4876898.306213544
17.00599999999986,4876898.322976255
17.015999999999863,4876898.339561542
17.025999999999865,4876898.35673796
17.035999999999866,4876898.373698835
17.045999999999868,4876898.390896991
17.05599999999987,4876898.408197146
17.06599999999987,4876898.425475771
17.075999999999873,4876898.443119446
17.085999999999874,4876898.460690545
17.095999999999876,4876898.477981118
17.105999999999877,4876898.496212397
17.11599999999988,4876898.514839833
17.12599999999988,4876898.533377362
17.135999999999882,4876898.551596699
17.145999999999884,4876898.569549758
17.155999999999885,4876898.587306606
17.165999999999887,4876898.605635241
17.17599999999989,4876898.624006851
17.18599999999989,4876898.642539541
17.19599999999989,4876898.661487778
17.205999999999893,4876898.679967893
17.215999999999894,4876898.698728748
17.225999999999896,4876898.717514622
17.235999999999898,4876898.736173228
17.2459999999999,4876898.754873562
17.2559999999999,4876898.773809567
17.265999999999902,4876898.792907521
17.275999999999904,4876898.812062233
17.285999999999905,4876898.830912765
17.295999999999907,4876898.84997629
17.30599999999991,4876898.869233271
17.31599999999991,4876898.888480583
17.32599999999991,4876898.908344395
17.335999999999913,4876898.928183769
17.345999999999915,4876898.948061862
17.355999999999916,4876898.967854077
17.365999999999918,4876898.987354208
17.37599999999992,4876899.007249909
17.38599999999992,4876899.027071713
17.395999999999923,4876899.046214128
17.405999999999924,4876899.065882327
17.415999999999926,4876899.085438206
17.425999999999927,4876899.104291185
17.43599999999993,4876899.123264544
17.44599999999993,4876899.14272362
17.455999999999932,4876899.162112724
17.465999999999934,4876899.181430844
17.475999999999935,4876899.20107424
17.485999999999937,4876899.220451879
17.49599999999994,4876899.240137266
17.50599999999994,4876899.260023746
17.51599999999994,4876899.279939502
17.525999999999943,4876899.300384025
17.535999999999945,4876899.32018376
17.545999999999946,4876899.340158773
17.555999999999948,4876899.360239112
17.56599999999995,4876899.380194727
17.57599999999995,4876899.400242066
17.585999999999952,4876899.420769341
17.595999999999954,4876899.440844255
17.605999999999955,4876899.460974896
17.615999999999957,4876899.480970619
17.62599999999996,4876899.50125843
17.63599999999996,4876899.521291408
17.64599999999996,4876899.540859206
17.655999999999963,4876899.560838578
17.665999999999965,4876899.580523528
17.675999999999966,4876899.600395914
17.685999999999968,4876899.619934237
17.69599999999997,4876899.639465558
17.70599999999997,4876899.659268284
17.715999999999973,4876899.67920762
17.725999999999974,4876899.699350131
17.735999999999976,4876899.71924186
17.745999999999977,4876899.739242715
17.75599999999998,4876899.759736597
17.76599999999998,4876899.780045243
17.775999999999982,4876899.799380829
17.785999999999984,4876899.819296139
17.795999999999985,4876899.838842558
17.805999999999987,4876899.857798208
17.81599999999999,4876899.876705627
17.82599999999999,4876899.895350338
17.83599999999999,4876899.913884809
17.845999999999993,4876899.933240833
17.855999999999995,4876899.953206036
17.865999999999996,4876899.972501952
17.875999999999998,4876899.991739356
17.886,4876900.012266385
17.896,4876900.032063048
17.906000000000002,4876900.052771909
17.916000000000004,4876900.072984824
17.926000000000005,4876900.09341439
17.936000000000007,4876900.114862252
17.94600000000001,4876900.135339701
17.95600000000001,4876900.155909845
17.96600000000001,4876900.17579832
17.976000000000013,4876900.19544259
17.986000000000015,4876900.215319607
17.996000000000016,4876900.235124065
18.006000000000018,4876900.254696965
18.01600000000002,4876900.274068636
18.02600000000002,4876900.293636825
18.036000000000023,4876900.313312063
18.046000000000024,4876900.332848509
18.056000000000026,4876900.353840886
18.066000000000027,4876900.375259418
18.07600000000003,4876900.39617908
18.08600000000003,4876900.416361039
18.096000000000032,4876900.436292203
18.106000000000034,4876900.456302349
18.116000000000035,4876900.476068101
18.126000000000037,4876900.495196046
18.13600000000004,4876900.514678385
18.14600000000004,4876900.533996373
18.15600000000004,4876900.554255918
18.166000000000043,4876900.574818359
18.176000000000045,4876900.596141329
18.186000000000046,4876900.616093848
18.196000000000048,4876900.63583928
18.20600000000005,4876900.656211558
18.21600000000005,4876900.676637633
18.226000000000052,4876900.697540886
18.236000000000054,4876900.718553215
18.246000000000056,4876900.739813826
18.256000000000057,4876900.76120346
18.26600000000006,4876900.781515385
18.27600000000006,4876900.801572948
18.28600000000006,4876900.821866007
18.296000000000063,4876900.841739793
18.306000000000065,4876900.862053002
18.316000000000066,4876900.8820916
18.326000000000068,4876900.902083219
18.33600000000007,4876900.922157971
18.34600000000007,4876900.94212991
18.356000000000073,4876900.962471892
18.366000000000074,4876900.982520863
18.376000000000076,4876901.002749158
18.386000000000077,4876901.023855067
18.39600000000008,4876901.044450528
18.40600000000008,4876901.065206587
18.416000000000082,4876901.085775682
18.426000000000084,4876901.106505225
18.436000000000085,4876901.126618497
18.446000000000087,4876901.146809041
18.45600000000009,4876901.167465073
18.46600000000009,4876901.187711233
18.47600000000009,4876901.208442788
18.486000000000093,4876901.228877418
18.496000000000095,4876901.249322656
18.506000000000096,4876901.269996552
18.516000000000098,4876901.29040613
18.5260000000001,4876901.310140874
18.5360000000001,4876901.329597194
18.546000000000102,4876901.349304678
18.556000000000104,4876901.36894963
18.566000000000106,4876901.388806759
18.576000000000107,4876901.40873355
18.58600000000011,4876901.428728054
18.59600000000011,4876901.448913053
18.606000000000112,4876901.468770518
18.616000000000113,4876901.488525423
18.626000000000115,4876901.508272648
18.636000000000116,4876901.527897039
18.646000000000118,4876901.547692215
18.65600000000012,4876901.56768677
18.66600000000012,4876901.587226271
18.676000000000123,4876901.606903701
18.686000000000124,4876901.626874621
18.696000000000126,4876901.646406661
18.706000000000127,4876901.666479667
18.71600000000013,4876901.686206881
18.72600000000013,4876901.706112093
18.736000000000132,4876901.725942358
18.746000000000134,4876901.745792881
18.756000000000135,4876901.765751249
18.766000000000137,4876901.785505302
18.77600000000014,4876901.805356931
18.78600000000014,4876901.825347561
18.79600000000014,4876901.845323124
18.806000000000143,4876901.8647532
18.816000000000145,4876901.884035174
18.826000000000146,4876901.90326935
18.836000000000148,4876901.922532849
18.84600000000015,4876901.941774785
18.85600000000015,4876901.961229597
18.866000000000152,4876901.980476982
18.876000000000154,4876901.999943037
18.886000000000156,4876902.020516254
18.896000000000157,4876902.040263851
18.90600000000016,4876902.060375621
18.91600000000016,4876902.080192789
18.926000000000162,4876902.100096685
18.936000000000163,4876902.120158491
18.946000000000165,4876902.139920971
18.956000000000166,4876902.159830434
18.966000000000168,4876902.179793654
18.97600000000017,4876902.199641828
18.98600000000017,4876902.219677493
18.996000000000173,4876902.239438932
19.006000000000174,4876902.259382562
19.016000000000176,4876902.279307647
19.026000000000177,4876902.299330344
19.03600000000018,4876902.319389784
19.04600000000018,4876902.338923916
19.056000000000182,4876902.358802084
19.066000000000184,4876902.378473469
19.076000000000185,4876902.398014623
19.086000000000187,4876902.417861987
19.09600000000019,4876902.437431455
19.10600000000019,4876902.457305684
19.11600000000019,4876902.477121381
19.126000000000193,4876902.496827161
19.136000000000195,4876902.516871434
19.146000000000196,4876902.536805008
19.156000000000198,4876902.556010338
19.1660000000002,4876902.575419894
19.1760000000002,4876902.594627055
19.186000000000202,4876902.61401593
19.196000000000204,4876902.633201342
19.206000000000206,4876902.652484803
19.216000000000207,4876902.672240381
19.22600000000021,4876902.691349114
19.23600000000021,4876902.710823852
19.246000000000212,4876902.729846233
19.256000000000213,4876902.748777989
19.266000000000215,4876902.767883012
19.276000000000217,4876902.786871759
19.286000000000218,4876902.805416551
19.29600000000022,4876902.823903215
19.30600000000022,4876902.842382132
19.316000000000223,4876902.860901461
19.326000000000224,4876902.879427415
19.336000000000226,4876902.8980829
19.346000000000227,4876902.916555254
19.35600000000023,4876902.935193614
19.36600000000023,4876902.953626946
19.376000000000232,4876902.972290592
19.386000000000234,4876902.991067352
19.396000000000235,4876903.009963519
19.406000000000237,4876903.028809688
19.41600000000024,4876903.047432001
19.42600000000024,4876903.066410076
19.43600000000024,4876903.085136713
19.446000000000243,4876903.104215681
19.456000000000245,4876903.122854594
19.466000000000246,4876903.1413728
19.476000000000248,4876903.159977372
19.48600000000025,4876903.178336074
19.49600000000025,4876903.196719526
19.506000000000252,4876903.215152825
19.516000000000254,4876903.233419018
19.526000000000256,4876903.251437765
19.536000000000257,4876903.269303442
19.54600000000026,4876903.287086624
19.55600000000026,4876903.304934056
19.566000000000262,4876903.322859934
19.576000000000263,4876903.340660068
19.586000000000265,4876903.358328224
19.596000000000267,4876903.376611884
19.606000000000268,4876903.39472959
19.61600000000027,4876903.412632942
19.62600000000027,4876903.430435955
19.636000000000273,4876903.448317861
19.646000000000274,4876903.46618835
19.656000000000276,4876903.483992052
19.666000000000277,4876903.501805267
19.67600000000028,4876903.519654901
19.68600000000028,4876903.537420816
19.696000000000282,4876903.555318194
19.706000000000284,4876903.573224176
19.716000000000285,4876903.590524193
19.726000000000287,4876903.607886275
19.73600000000029,4876903.625485822
19.74600000000029,4876903.642895223
19.75600000000029,4876903.660310747
19.766000000000293,4876903.677609137
19.776000000000295,4876903.694939098
19.786000000000296,4876903.712393387
19.796000000000298,4876903.729887807
19.8060000000003,4876903.747316766
19.8160000000003,4876903.764812724
19.826000000000302,4876903.782472115
19.836000000000304,4876903.799825749
19.846000000000306,4876903.817220318
19.856000000000307,4876903.834490735
19.86600000000031,4876903.851862938
19.87600000000031,4876903.869155955
19.886000000000312,4876903.886494221
19.896000000000313,4876903.90367643
19.906000000000315,4876903.921230673
19.916000000000317,4876903.938780918
19.926000000000318,4876903.956211654
19.93600000000032,4876903.973693422
19.94600000000032,4876903.991615214
19.956000000000323,4876904.009467131
19.966000000000324,4876904.027481079
19.976000000000326,4876904.04509037
19.986000000000328,4876904.062973521
19.99600000000033,4876904.080907479
20.00600000000033,4876904.098775443
20.016000000000332,4876904.116802352
20.026000000000334,4876904.134750998
20.036000000000335,4876904.152685192
20.046000000000337,4876904.170608
20.05600000000034,4876904.188459045
20.06600000000034,4876904.206289973
20.07600000000034,4876904.224223487
20.086000000000343,4876904.242526641
20.096000000000345,4876904.260728477
20.106000000000346,4876904.279508572
20.116000000000348,4876904.298415879
20.12600000000035,4876904.31727908
20.13600000000035,4876904.336129472
20.146000000000353,4876904.355121454
20.156000000000354,4876904.374370741
20.166000000000356,4876904.393263526
20.176000000000357,4876904.411923501
20.18600000000036,4876904.430513146
20.19600000000036,4876904.449072804
20.206000000000362,4876904.467725048
20.216000000000363,4876904.486380515
20.226000000000365,4876904.504855902
20.236000000000367,4876904.523506396
20.246000000000368,4876904.54177872
20.25600000000037,4876904.560304183
20.26600000000037,4876904.578804137
20.276000000000373,4876904.597172454
20.286000000000374,4876904.61586855
20.296000000000376,4876904.634268803
20.306000000000378,4876904.652764012
20.31600000000038,4876904.671375161
20.32600000000038,4876904.689843915
20.336000000000382,4876904.70811564
20.346000000000384,4876904.726604637
20.356000000000385,4876904.744985967
20.366000000000387,4876904.763399464
20.37600000000039,4876904.781660726
20.38600000000039,4876904.800052668
20.39600000000039,4876904.818416103
20.406000000000393,4876904.837013603
20.416000000000395,4876904.8554622
20.426000000000396,4876904.874077182
20.436000000000398,4876904.892697063
20.4460000000004,4876904.911173851
20.4560000000004,4876904.929760073
20.466000000000403,4876904.948282902
20.476000000000404,4876904.966696914
20.486000000000406,4876904.984871214
20.496000000000407,4876905.003557375
20.50600000000041,4876905.022098393
20.51600000000041,4876905.040303283
20.526000000000412,4876905.058324539
20.536000000000413,4876905.076477422
20.546000000000415,4876905.09417557
20.556000000000417,4876905.111891499
20.566000000000418,4876905.129866123
20.57600000000042,4876905.147646003
20.58600000000042,4876905.165709489
20.596000000000423,4876905.183836931
20.606000000000424,4876905.20192353
20.616000000000426,4876905.22063337
20.626000000000428,4876905.239300155
20.63600000000043,4876905.257874166
20.64600000000043,4876905.276582703
20.656000000000432,4876905.295070835
20.666000000000434,4876905.313206171
20.676000000000435,4876905.331460353
20.686000000000437,4876905.349776383
20.69600000000044,4876905.368072428
20.70600000000044,4876905.386214007
20.71600000000044,4876905.404480647
20.726000000000443,4876905.423398723
20.736000000000445,4876905.442084395
20.746000000000446,4876905.460584251
20.756000000000448,4876905.479265381
20.76600000000045,4876905.497999484
20.77600000000045,4876905.516646326
20.786000000000453,4876905.535166332
20.796000000000454,4876905.553524021
20.806000000000456,4876905.57193361
20.816000000000457,4876905.590246571
20.82600000000046,4876905.608419754
20.83600000000046,4876905.626876295
20.846000000000462,4876905.645075971
20.856000000000464,4876905.663476748
20.866000000000465,4876905.682110689
20.876000000000467,4876905.700339155
20.886000000000468,4876905.718593297
20.89600000000047,4876905.737000003
20.90600000000047,4876905.755462028
20.916000000000473,4876905.773978634
20.926000000000474,4876905.792392189
20.936000000000476,4876905.810473796
20.946000000000478,4876905.828472032
20.95600000000048,4876905.84641236
20.96600000000048,4876905.864452002
20.976000000000482,4876905.882425808
20.986000000000484,4876905.900263668
20.996000000000485,4876905.918210466
21.006000000000487,4876905.936106282
21.01600000000049,4876905.953900909
21.02600000000049,4876905.971730927
21.03600000000049,4876905.989443629
21.046000000000493,4876906.007291435
21.056000000000495,4876906.025671537
21.066000000000496,4876906.043461092
21.076000000000498,4876906.061144309
21.0860000000005,4876906.078875336
21.0960000000005,4876906.096705257
21.106000000000503,4876906.114712568
21.116000000000504,4876906.132778169
21.126000000000506,4876906.150622723
21.136000000000507,4876906.168447259
21.14600000000051,4876906.186114636
21.15600000000051,4876906.203740803
21.166000000000512,4876906.22104382
21.176000000000514,4876906.237678777
21.186000000000515,4876906.25456053
21.196000000000517,4876906.271206111
21.206000000000518,4876906.287629239
21.21600000000052,4876906.304209822
21.22600000000052,4876906.320854674
21.236000000000523,4876906.337267584
21.246000000000524,4876906.353935142
21.256000000000526,4876906.370331484
21.266000000000528,4876906.386646005
21.27600000000053,4876906.402831625
21.28600000000053,4876906.419189108
21.296000000000532,4876906.43560181
21.306000000000534,4876906.451903609
21.316000000000535,4876906.468178296
21.326000000000537,4876906.484607245
21.33600000000054,4876906.500884633
21.34600000000054,4876906.517302499
21.35600000000054,4876906.533670191
21.366000000000543,4876906.558088608
21.376000000000545,4876906.57497088
21.386000000000546,4876906.591363082
21.396000000000548,4876906.607657606
21.40600000000055,4876906.624218761
21.41600000000055,4876906.640468798
21.426000000000553,4876906.656709984
21.436000000000554,4876906.673155241
21.446000000000556,4876906.689413636
21.456000000000557,4876906.705673695
21.46600000000056,4876906.721897625
21.47600000000056,4876906.738157611
21.486000000000562,4876906.754348294
21.496000000000564,4876906.770548724
21.506000000000565,4876906.786554732
21.516000000000567,4876906.802585097
21.52600000000057,4876906.818777754
21.53600000000057,4876906.834690495
21.54600000000057,4876906.850558211
21.556000000000573,4876906.866361868
21.566000000000574,4876906.882316218
21.576000000000576,4876906.898153668
21.586000000000578,4876906.913990343
21.59600000000058,4876906.92995583
21.60600000000058,4876906.945668696
21.616000000000582,4876906.961927413
21.626000000000584,4876906.978308125
21.636000000000585,4876906.9948808
21.646000000000587,4876907.011292802
21.65600000000059,4876907.02815032
21.66600000000059,4876907.044610914
21.67600000000059,4876907.060908822
21.686000000000593,4876907.076789747
21.696000000000595,4876907.092564084
21.706000000000596,4876907.108417601
21.716000000000598,4876907.124600555
21.7260000000006,4876907.140453045
21.7360000000006,4876907.156359937
21.746000000000603,4876907.172283988
21.756000000000604,4876907.188099723
21.766000000000606,4876907.204031585
21.776000000000607,4876907.219961416
21.78600000000061,4876907.235935489
21.79600000000061,4876907.251737784
21.806000000000612,4876907.267505632
21.816000000000614,4876907.283582939
21.826000000000615,4876907.299580943
21.836000000000617,4876907.315662913
21.84600000000062,4876907.331874295
21.85600000000062,4876907.348156985
21.86600000000062,4876907.364616087
21.876000000000623,4876907.381336243
21.886000000000625,4876907.397965265
21.896000000000626,4876907.414598426
21.906000000000628,4876907.431269704
21.91600000000063,4876907.448227899
21.92600000000063,4876907.46526239
21.936000000000632,4876907.482271274
21.946000000000634,4876907.499267088
21.956000000000635,4876907.516285624
21.966000000000637,4876907.533329655
21.97600000000064,4876907.550365108
21.98600000000064,4876907.567465578
21.99600000000064,4876907.584641581
22.006000000000643,4876907.601791504
22.016000000000645,4876907.61879471
22.026000000000646,4876907.636031818
22.036000000000648,4876907.652736918
22.04600000000065,4876907.669326734
22.05600000000065,4876907.686399742
22.066000000000653,4876907.703659094
22.076000000000654,4876907.720655359
22.086000000000656,4876907.737305361
22.096000000000657,4876907.753871113
22.10600000000066,4876907.770407125
22.11600000000066,4876907.786948603
22.126000000000662,4876907.80337171
22.136000000000664,4876907.819979566
22.146000000000665,4876907.836946897
22.156000000000667,4876907.85340058
22.16600000000067,4876907.869804508
22.17600000000067,4876907.886406156
22.18600000000067,4876907.902814837
22.196000000000673,4876907.919311689
22.206000000000675,4876907.936042505
22.216000000000676,4876907.952734964
22.226000000000678,4876907.969442939
22.23600000000068,4876907.986219699
22.24600000000068,4876908.003049966
22.256000000000682,4876908.019466354
22.266000000000684,4876908.035851015
22.276000000000685,4876908.052016389
22.286000000000687,4876908.068144415
22.29600000000069,4876908.084366221
22.30600000000069,4876908.100808995
22.31600000000069,4876908.117455156
22.326000000000693,4876908.133911609
22.336000000000695,4876908.150432837
22.346000000000696,4876908.166818547
22.356000000000698,4876908.183633525
22.3660000000007,4876908.200297975
22.3760000000007,4876908.217127812
22.386000000000703,4876908.23411316
22.396000000000704,4876908.250975191
22.406000000000706,4876908.267844925
22.416000000000707,4876908.284735017
22.42600000000071,4876908.30166932
22.43600000000071,4876908.318714444
22.446000000000712,4876908.335666405
22.456000000000714,4876908.3522825
22.466000000000715,4876908.368857151
22.476000000000717,4876908.385468584
22.48600000000072,4876908.401888668
22.49600000000072,4876908.418593561
22.50600000000072,4876908.435103354
22.516000000000723,4876908.451292991
22.526000000000725,4876908.467529848
22.536000000000726,4876908.483946032
22.546000000000728,4876908.500198023
22.55600000000073,4876908.516583134
22.56600000000073,4876908.532882958
22.576000000000732,4876908.54917261
22.586000000000734,4876908.565442916
22.596000000000735,4876908.581709335
22.606000000000737,4876908.597780309
22.61600000000074,4876908.614221406
22.62600000000074,4876908.630469925
22.63600000000074,4876908.647245662
22.646000000000743,4876908.664175869
22.656000000000745,4876908.681140514
22.666000000000746,4876908.698113626
22.676000000000748,4876908.715245375
22.68600000000075,4876908.732353324
22.69600000000075,4876908.749319127
22.706000000000753,4876908.765844458
22.716000000000754,4876908.782732532
22.726000000000756,4876908.799651084
22.736000000000757,4876908.816792672
22.74600000000076,4876908.834138868
22.75600000000076,4876908.851806428
22.766000000000762,4876908.869519017
22.776000000000764,4876908.887139243
22.786000000000765,4876908.904776548
22.796000000000767,4876908.922443007
22.80600000000077,4876908.940882798
22.81600000000077,4876908.958787482
22.82600000000077,4876908.977090693
22.836000000000773,4876908.99577546
22.846000000000775,4876909.014594744
22.856000000000776,4876909.033728698
22.866000000000778,4876909.052641572
22.87600000000078,4876909.071747887
22.88600000000078,4876909.090895341
22.896000000000782,4876909.110155715
22.906000000000784,4876909.129319805
22.916000000000786,4876909.148601202
22.926000000000787,4876909.168126928
22.93600000000079,4876909.187015489
22.94600000000079,4876909.20615834
22.95600000000079,4876909.225203137
22.966000000000793,4876909.244513823
22.976000000000795,4876909.263829501
22.986000000000796,4876909.283370083
22.996000000000798,4876909.302690105
23.0060000000008,4876909.321707963
23.0160000000008,4876909.340837581
23.026000000000803,4876909.359854917
23.036000000000804,4876909.378863391
23.046000000000806,4876909.397819201
23.056000000000807,4876909.41667451
23.06600000000081,4876909.435590926
23.07600000000081,4876909.45455469
23.086000000000812,4876909.473480529
23.096000000000814,4876909.492442948
23.106000000000815,4876909.511190713
23.116000000000817,4876909.52992078
23.12600000000082,4876909.548998581
23.13600000000082,4876909.567958367
23.14600000000082,4876909.586619396
23.156000000000823,4876909.605577683
23.166000000000825,4876909.62445531
23.176000000000826,4876909.643232829
23.186000000000828,4876909.661776448
23.19600000000083,4876909.680037715
23.20600000000083,4876909.69841461
23.216000000000832,4876909.716358726
23.226000000000834,4876909.734476915
23.236000000000836,4876909.75242454
23.246000000000837,4876909.770342128
23.25600000000084,4876909.788225661
23.26600000000084,4876909.806263476
23.276000000000842,4876909.823904653
23.286000000000843,4876909.841611158
23.296000000000845,4876909.859360542
23.306000000000846,4876909.876720091
23.316000000000848,4876909.894261028
23.32600000000085,4876909.911661891
23.33600000000085,4876909.928996273
23.346000000000853,4876909.94656008
23.356000000000854,4876909.96408939
23.366000000000856,4876909.981659305
23.376000000000857,4876909.999438248
23.38600000000086,4876910.017466175
23.39600000000086,4876910.035152794
23.406000000000862,4876910.052611757
23.416000000000864,4876910.070348454
23.426000000000865,4876910.087853227
23.436000000000867,4876910.105348405
23.44600000000087,4876910.122898368
23.45600000000087,4876910.140423782
23.46600000000087,4876910.157989373
23.476000000000873,4876910.175123674
23.486000000000875,4876910.192313861
23.496000000000876,4876910.209368753
23.506000000000878,4876910.226134004
23.51600000000088,4876910.243068253
23.52600000000088,4876910.25968266
23.536000000000882,4876910.275988453
23.546000000000884,4876910.292368514
23.556000000000886,4876910.308627986
23.566000000000887,4876910.324964347
23.57600000000089,4876910.341462027
23.58600000000089,4876910.357792428
23.596000000000892,4876910.374404279
23.606000000000893,4876910.391317813
23.616000000000895,4876910.408193979
23.626000000000897,4876910.425121815
23.636000000000898,4876910.442508861
23.6460000000009,4876910.459967278
23.6560000000009,4876910.477306953
23.666000000000903,4876910.494963223
23.676000000000904,4876910.512407978
23.686000000000906,4876910.530313107
23.696000000000907,4876910.548383728
23.70600000000091,4876910.566365965
23.71600000000091,4876910.584265648
23.726000000000912,4876910.602388909
23.736000000000914,4876910.620557853
23.746000000000915,4876910.638691372
23.756000000000917,4876910.657047719
23.76600000000092,4876910.675308916
23.77600000000092,4876910.6935221
23.78600000000092,4876910.711495367
23.796000000000923,4876910.729217257
23.806000000000925,4876910.747053637
23.816000000000926,4876910.764816426
23.826000000000928,4876910.782714128
23.83600000000093,4876910.800541014
23.84600000000093,4876910.818259195
23.856000000000932,4876910.836116939
23.866000000000934,4876910.853862913
23.876000000000936,4876910.871772791
23.886000000000937,4876910.889542851
23.89600000000094,4876910.907249066
23.90600000000094,4876910.924838214
23.916000000000942,4876910.943059652
23.926000000000943,4876910.961970507
23.936000000000945,4876910.979905567
23.946000000000947,4876910.998129347
23.956000000000948,4876911.016145686
23.96600000000095,4876911.034584404
23.97600000000095,4876911.052671704
23.986000000000953,4876911.070364329
23.996000000000954,4876911.087787301
24.006000000000956,4876911.105110064
24.016000000000957,4876911.122500516
24.02600000000096,4876911.139959974
24.03600000000096,4876911.157176996
24.046000000000962,4876911.174313669
24.056000000000964,4876911.191362191
24.066000000000965,4876911.20821635
24.076000000000967,4876911.224960097
24.08600000000097,4876911.241673772
24.09600000000097,4876911.258386696
24.10600000000097,4876911.275113072
24.116000000000973,4876911.291626547
24.126000000000975,4876911.308090533
24.136000000000976,4876911.324800863
24.146000000000978,4876911.341421081
24.15600000000098,4876911.357707166
24.16600000000098,4876911.374045388
24.176000000000982,4876911.390221018
24.186000000000984,4876911.406288812
24.196000000000986,4876911.422735923
24.206000000000987,4876911.43916371
24.21600000000099,4876911.455356537
24.22600000000099,4876911.471495391
24.236000000000992,4876911.487984546
24.246000000000993,4876911.504264765
24.256000000000995,4876911.520886091
24.266000000000997,4876911.537397287
24.276000000000998,4876911.553794677
24.286000000001,4876911.570071775
24.296000000001,4876911.58631711
24.306000000001003,4876911.602857888
24.316000000001004,4876911.619626052
24.326000000001006,4876911.636058047
24.336000000001007,4876911.652464183
24.34600000000101,4876911.669079252
24.35600000000101,4876911.685564686
24.366000000001012,4876911.702278174
24.376000000001014,4876911.718999991
24.386000000001015,4876911.735675015
24.396000000001017,4876911.752386804
24.40600000000102,4876911.769048338
24.41600000000102,4876911.78580491
24.42600000000102,4876911.802586361
24.436000000001023,4876911.819333759
24.446000000001025,4876911.835984303
24.456000000001026,4876911.852768319
24.466000000001028,4876911.869552923
24.47600000000103,4876911.886251433
24.48600000000103,4876911.902793941
24.496000000001033,4876911.9195066
24.506000000001034,4876911.936165359
24.516000000001036,4876911.953068694
24.526000000001037,4876911.969694644
24.53600000000104,4876911.986289082
24.54600000000104,4876912.00334941
24.556000000001042,4876912.020363611
24.566000000001043,4876912.037040947
24.576000000001045,4876912.05386991
24.586000000001047,4876912.070474435
24.596000000001048,4876912.087039299
24.60600000000105,4876912.103721527
24.61600000000105,4876912.120828116
24.626000000001053,4876912.137635887
24.636000000001054,4876912.154466818
24.646000000001056,4876912.171280083
24.656000000001058,4876912.187803212
24.66600000000106,4876912.204468309
24.67600000000106,4876912.221279816
24.686000000001062,4876912.23805578
24.696000000001064,4876912.254839604
24.706000000001065,4876912.271581447
24.716000000001067,4876912.288132314
24.72600000000107,4876912.304804461
24.73600000000107,4876912.321568291
24.74600000000107,4876912.338281738
24.756000000001073,4876912.355103897
24.766000000001075,4876912.371840319
24.776000000001076,4876912.388360589
24.786000000001078,4876912.405056124
24.79600000000108,4876912.421653553
24.80600000000108,4876912.438287116
24.816000000001083,4876912.455016754
24.826000000001084,4876912.471738483
24.836000000001086,4876912.48834244
24.846000000001087,4876912.504946585
24.85600000000109,4876912.521558262
24.86600000000109,4876912.538203231
24.876000000001092,4876912.555043426
24.886000000001093,4876912.571690299
24.896000000001095,4876912.588261787
24.906000000001097,4876912.604889082
24.916000000001098,4876912.622077077
24.9260000000011,4876912.638997067
24.9360000000011,4876912.655954543
24.946000000001103,4876912.672527333
24.956000000001104,4876912.689139205
24.966000000001106,4876912.705769238
24.976000000001108,4876912.722683308
24.98600000000111,4876912.739230939
24.99600000000111,4876912.755857048
25.006000000001112,4876912.772510802
25.016000000001114,4876912.78885848
25.026000000001115,4876912.805491095
25.036000000001117,4876912.822306054
25.04600000000112,4876912.839011318
25.05600000000112,4876912.855657126
25.06600000000112,4876912.872346083
25.076000000001123,4876912.88878842
25.086000000001125,4876912.905419491
25.096000000001126,4876912.922043762
25.106000000001128,4876912.938423146
25.11600000000113,4876912.954960628
25.12600000000113,4876912.9713536
25.136000000001133,4876912.987651717
25.146000000001134,4876913.004466831
25.156000000001136,4876913.021522904
25.166000000001137,4876913.038285611
25.17600000000114,4876913.055193472
25.18600000000114,4876913.072061818
25.196000000001142,4876913.088847074
25.206000000001143,4876913.105826313
25.216000000001145,4876913.122920321
25.226000000001147,4876913.139753466
25.236000000001148,4876913.156662417
25.24600000000115,4876913.17352311
25.25600000000115,4876913.190234914
25.266000000001153,4876913.207067828
25.276000000001154,4876913.223889681
25.286000000001156,4876913.240488846
25.296000000001158,4876913.257241113
25.30600000000116,4876913.273891053
25.31600000000116,4876913.290285535
25.326000000001162,4876913.306782478
25.336000000001164,4876913.323481229
25.346000000001165,4876913.339918744
25.356000000001167,4876913.356415375
25.36600000000117,4876913.372803716
25.37600000000117,4876913.388993544
25.38600000000117,4876913.40544035
25.396000000001173,4876913.422037306
25.406000000001175,4876913.438294485
25.416000000001176,4876913.454825329
25.426000000001178,4876913.471127644
25.43600000000118,4876913.487296332
25.44600000000118,4876913.503813037
25.456000000001183,4876913.520290563
25.466000000001184,4876913.536812944
25.476000000001186,4876913.553430963
25.486000000001187,4876913.569809382
25.49600000000119,4876913.586051435
25.50600000000119,4876913.602333401
25.516000000001192,4876913.618809554
25.526000000001194,4876913.635144405
25.536000000001195,4876913.651455223
25.546000000001197,4876913.667768278
25.556000000001198,4876913.683907101
25.5660000000012,4876913.700078782
25.5760000000012,4876913.716232981
25.586000000001203,4876913.732487873
25.596000000001204,4876913.748693686
25.606000000001206,4876913.764991353
25.616000000001208,4876913.780860512
25.62600000000121,4876913.796861826
25.63600000000121,4876913.812963676
25.646000000001212,4876913.828965271
25.656000000001214,4876913.844287297
25.666000000001215,4876913.859839043
25.676000000001217,4876913.875834917
25.68600000000122,4876913.89157861
25.69600000000122,4876913.907518327
25.70600000000122,4876913.923544601
25.716000000001223,4876913.939434332
25.726000000001225,4876913.955392033
25.736000000001226,4876913.971336848
25.746000000001228,4876913.987145277
25.75600000000123,4876914.003225577
25.76600000000123,4876914.019608396
25.776000000001233,4876914.03563441
25.786000000001234,4876914.051472366
25.796000000001236,4876914.067366667
25.806000000001237,4876914.083233695
25.81600000000124,4876914.099226391
25.82600000000124,4876914.115264277
25.836000000001242,4876914.131304721
25.846000000001244,4876914.147273149
25.856000000001245,4876914.163237397
25.866000000001247,4876914.179046507
25.87600000000125,4876914.194646691
25.88600000000125,4876914.210705222
25.89600000000125,4876914.226517316
25.906000000001253,4876914.242215924
25.916000000001254,4876914.258023539
25.926000000001256,4876914.273804526
25.936000000001258,4876914.289447446
25.94600000000126,4876914.305309588
25.95600000000126,4876914.321147475
25.966000000001262,4876914.336966953
25.976000000001264,4876914.352788962
25.986000000001265,4876914.368770634
25.996000000001267,4876914.384432737
26.00600000000127,4876914.400206068
26.01600000000127,4876914.41609552
26.02600000000127,4876914.43192683
26.036000000001273,4876914.447813231
26.046000000001275,4876914.463562611
26.056000000001276,4876914.479268771
26.066000000001278,4876914.494931934
26.07600000000128,4876914.51088971
26.08600000000128,4876914.526611749
26.096000000001283,4876914.542400112
26.106000000001284,4876914.558191639
26.116000000001286,4876914.574033133
26.126000000001287,4876914.589567669
26.13600000000129,4876914.605415689
26.14600000000129,4876914.621458003
26.156000000001292,4876914.637275803
26.166000000001294,4876914.652987228
26.176000000001295,4876914.668796602
26.186000000001297,4876914.684439689
26.1960000000013,4876914.700224721
26.2060000000013,4876914.716026887
26.2160000000013,4876914.731791768
26.226000000001303,4876914.747415317
26.236000000001304,4876914.763225252
26.246000000001306,4876914.778874473
26.256000000001308,4876914.794367835
26.26600000000131,4876914.810447404
26.27600000000131,4876914.826326031
26.286000000001312,4876914.842015519
26.296000000001314,4876914.857868011
26.306000000001315,4876914.873574041
26.316000000001317,4876914.889257281
26.32600000000132,4876914.905038873
26.33600000000132,4876914.920915096
26.34600000000132,4876914.936563525
26.356000000001323,4876914.952444837
26.366000000001325,4876914.968069404
26.376000000001326,4876914.983856499
26.386000000001328,4876914.999838516
26.39600000000133,4876915.015826716
26.40600000000133,4876915.031860044
26.416000000001333,4876915.047737054
26.426000000001334,4876915.063573201
26.436000000001336,4876915.07935532
26.446000000001337,4876915.094967602
26.45600000000134,4876915.111042912
26.46600000000134,4876915.126823712
26.476000000001342,4876915.142661175
26.486000000001344,4876915.158478303
26.496000000001345,4876915.174244852
26.506000000001347,4876915.18991081
26.51600000000135,4876915.205570361
26.52600000000135,4876915.221251596
26.53600000000135,4876915.237058125
26.546000000001353,4876915.252951755
26.556000000001355,4876915.268792307
26.566000000001356,4876915.284476319
26.576000000001358,4876915.300078145
26.58600000000136,4876915.316113841
26.59600000000136,4876915.332073811
26.606000000001362,4876915.347819233
26.616000000001364,4876915.363697188
26.626000000001365,4876915.379425007
26.636000000001367,4876915.394905639
26.64600000000137,4876915.410644987
26.65600000000137,4876915.426579737
26.66600000000137,4876915.442233397
26.676000000001373,4876915.458059209
26.686000000001375,4876915.47375671
26.696000000001376,4876915.489397641
26.706000000001378,4876915.504991284
26.71600000000138,4876915.522450988
26.72600000000138,4876915.537951161
26.736000000001383,4876915.552309492
26.746000000001384,4876915.56540475
26.756000000001386,4876915.579090699
26.766000000001387,4876915.59192311
26.77600000000139,4876915.604392706
26.78600000000139,4876915.617307657
26.796000000001392,4876915.630169892
26.806000000001394,4876915.646053038
26.816000000001395,4876915.663320505
26.826000000001397,4876915.682910756
26.8360000000014,4876915.699343781
26.8460000000014,4876915.715783634
26.8560000000014,4876915.730847624
26.866000000001403,4876915.744383813
26.876000000001405,4876915.757716272
26.886000000001406,4876915.770656682
26.896000000001408,4876915.783307942
26.90600000000141,4876915.795785137
26.91600000000141,4876915.807238531
26.926000000001412,4876915.818353796
26.936000000001414,4876915.829485768
26.946000000001415,4876915.840303419
26.956000000001417,4876915.857226166
26.96600000000142,4876915.876849636
26.97600000000142,4876915.89126523
26.98600000000142,4876915.906337042
26.996000000001423,4876915.927979096
27.006000000001425,4876915.943641403
27.016000000001426,4876915.958096419
27.026000000001428,4876915.972634896
27.03600000000143,4876915.996340701
27.04600000000143,4876916.015536728
27.056000000001433,4876916.031674822
27.066000000001434,4876916.047110987
27.076000000001436,4876916.062636218
27.086000000001437,4876916.077293664
27.09600000000144,4876916.091295159
27.10600000000144,4876916.105077045
27.116000000001442,4876916.126035146
27.126000000001444,4876916.147768335
27.136000000001445,4876916.168826788
27.146000000001447,4876916.188255241
27.15600000000145,4876916.204227026
27.16600000000145,4876916.221471521
27.17600000000145,4876916.237745724
27.186000000001453,4876916.253366271
27.196000000001455,4876916.272258558
27.206000000001456,4876916.287500595
27.216000000001458,4876916.302550759
27.22600000000146,4876916.317851033
27.23600000000146,4876916.332864456
27.246000000001462,4876916.347646165
27.256000000001464,4876916.362464614
27.266000000001466,4876916.377222587
27.276000000001467,4876916.391739361
27.28600000000147,4876916.406453635
27.29600000000147,4876916.421445161
27.30600000000147,4876916.43575614
27.316000000001473,4876916.450074683
27.326000000001475,4876916.465823396
27.336000000001476,4876916.481570078
27.346000000001478,4876916.496980174
27.35600000000148,4876916.511826173
27.36600000000148,4876916.526532872
27.376000000001483,4876916.540799516
27.386000000001484,4876916.555221845
27.396000000001486,4876916.569699568
27.406000000001487,4876916.583854036
27.41600000000149,4876916.597882286
27.42600000000149,4876916.61207614
27.436000000001492,4876916.626396796
27.446000000001494,4876916.64044689
27.456000000001495,4876916.654524277
27.466000000001497,4876916.668313273
27.4760000000015,4876916.681902922
27.4860000000015,4876916.695312802
27.4960000000015,4876916.70875702
27.506000000001503,4876916.722230865
27.516000000001505,4876916.735818929
27.526000000001506,4876916.749238726
27.536000000001508,4876916.762816435
27.54600000000151,4876916.776337906
27.55600000000151,4876916.789866714
27.566000000001512,4876916.80342094
27.576000000001514,4876916.817155559
27.586000000001516,4876916.831304529
27.596000000001517,4876916.845449292
27.60600000000152,4876916.85952666
27.61600000000152,4876916.873626987
27.626000000001522,4876916.88772212
27.636000000001523,4876916.901712104
27.646000000001525,4876916.915990403
27.656000000001526,4876916.930181354
27.666000000001528,4876916.944220484
27.67600000000153,4876916.958597367
27.68600000000153,4876916.973064073
27.696000000001533,4876916.987216561
27.706000000001534,4876917.001420702
27.716000000001536,4876917.01569249
27.726000000001537,4876917.030525885
27.73600000000154,4876917.045244014
27.74600000000154,4876917.060024483
27.756000000001542,4876917.074404855
27.766000000001544,4876917.088482319
27.776000000001545,4876917.102474061
27.786000000001547,4876917.116821221
27.79600000000155,4876917.131093158
27.80600000000155,4876917.145139978
27.81600000000155,4876917.158884505
27.826000000001553,4876917.172635045
27.836000000001555,4876917.186198885
27.846000000001556,4876917.200027159
27.856000000001558,4876917.213793443
27.86600000000156,4876917.227505026
27.87600000000156,4876917.241112241
27.886000000001562,4876917.254617773
27.896000000001564,4876917.268311413
27.906000000001566,4876917.281946835
27.916000000001567,4876917.295513135
27.92600000000157,4876917.30928201
27.93600000000157,4876917.322883919
27.946000000001572,4876917.336487151
27.956000000001573,4876917.349978614
27.966000000001575,4876917.363932962
27.976000000001576,4876917.377844928
27.986000000001578,4876917.391770074
27.99600000000158,4876917.405629654
28.00600000000158,4876917.419564347
28.016000000001583,4876917.433548034
28.026000000001584,4876917.447375175
28.036000000001586,4876917.461453653
28.046000000001587,4876917.475439352
28.05600000000159,4876917.489258048
28.06600000000159,4876917.503139364
28.076000000001592,4876917.517380081
28.086000000001594,4876917.531765443
28.096000000001595,4876917.546052776
28.106000000001597,4876917.560484824
28.1160000000016,4876917.574720231
28.1260000000016,4876917.588944436
28.1360000000016,4876917.603157361
28.146000000001603,4876917.617720138
28.156000000001605,4876917.632306739
28.166000000001606,4876917.646545096
28.176000000001608,4876917.660910969
28.18600000000161,4876917.675157282
28.19600000000161,4876917.689148602
28.206000000001612,4876917.70319418
28.216000000001614,4876917.717485333
28.226000000001616,4876917.731874146
28.236000000001617,4876917.745856465
28.24600000000162,4876917.76004865
28.25600000000162,4876917.774221262
28.266000000001622,4876917.788257807
28.276000000001623,4876917.802374158
28.286000000001625,4876917.816683246
28.296000000001627,4876917.830981639
28.306000000001628,4876917.845229852
28.31600000000163,4876917.859349199
28.32600000000163,4876917.873630841
28.336000000001633,4876917.887706602
28.346000000001634,4876917.901217604
28.356000000001636,4876917.914947038
28.366000000001637,4876917.92855306
28.37600000000164,4876917.942191261
28.38600000000164,4876917.955785546
28.396000000001642,4876917.96959348
28.406000000001644,4876917.983152249
28.416000000001645,4876917.996975735
28.426000000001647,4876918.010690979
28.43600000000165,4876918.0247535
28.44600000000165,4876918.038570413
28.45600000000165,4876918.052302661
28.466000000001653,4876918.065970123
28.476000000001655,4876918.079728678
28.486000000001656,4876918.093235889
28.496000000001658,4876918.107396409
28.50600000000166,4876918.121636237
28.51600000000166,4876918.135863848
28.526000000001662,4876918.150058745
28.536000000001664,4876918.164398114
28.546000000001666,4876918.178656841
28.556000000001667,4876918.192749569
28.56600000000167,4876918.206841816
28.57600000000167,4876918.22114313
28.586000000001672,4876918.235425295
28.596000000001673,4876918.250062628
28.606000000001675,4876918.264413122
28.616000000001677,4876918.278991254
28.626000000001678,4876918.293187576
28.63600000000168,4876918.307382204
28.64600000000168,4876918.321713065
28.656000000001683,4876918.336033478
28.666000000001684,4876918.350323414
28.676000000001686,4876918.364635286
28.686000000001687,4876918.379054749
28.69600000000169,4876918.393707548
28.70600000000169,4876918.407919712
28.716000000001692,4876918.422071921
28.726000000001694,4876918.435884418
28.736000000001695,4876918.449753074
28.746000000001697,4876918.463614278
28.7560000000017,4876918.477441004
28.7660000000017,4876918.491299524
28.7760000000017,4876918.505092953
28.786000000001703,4876918.519168337
28.796000000001705,4876918.533226479
28.806000000001706,4876918.547170999
28.816000000001708,4876918.561245939
28.82600000000171,4876918.575291601
28.83600000000171,4876918.589087555
28.846000000001712,4876918.602767805
28.856000000001714,4876918.61654359
28.866000000001716,4876918.630433576
28.876000000001717,4876918.644223519
28.88600000000172,4876918.658092778
28.89600000000172,4876918.672053034
28.906000000001722,4876918.685891112
28.916000000001723,4876918.699592349
28.926000000001725,4876918.713225396
28.936000000001727,4876918.727036939
28.946000000001728,4876918.740602916
28.95600000000173,4876918.754368532
28.96600000000173,4876918.768113939
28.976000000001733,4876918.781967646
28.986000000001734,4876918.795857456
28.996000000001736,4876918.809739679
29.006000000001738,4876918.823572311
29.01600000000174,4876918.837385708
29.02600000000174,4876918.851230216
29.036000000001742,4876918.865142476
29.046000000001744,4876918.879151137
29.056000000001745,4876918.89286203
29.066000000001747,4876918.906425025
29.07600000000175,4876918.920395417
29.08600000000175,4876918.934066488
29.09600000000175,4876918.947884047
29.106000000001753,4876918.961678598
29.116000000001755,4876918.9755684
29.126000000001756,4876918.989181079
29.136000000001758,4876919.002951767
29.14600000000176,4876919.016870443
29.15600000000176,4876919.030882868
29.166000000001763,4876919.044572912
29.176000000001764,4876919.058341694
29.186000000001766,4876919.072099539
29.196000000001767,4876919.085824019
29.20600000000177,4876919.09931178
29.21600000000177,4876919.113046689
29.226000000001772,4876919.126874549
29.236000000001773,4876919.140507441
29.246000000001775,4876919.154130572
29.256000000001777,4876919.167842769
29.266000000001778,4876919.181553725
29.27600000000178,4876919.19507773
29.28600000000178,4876919.208649934
29.296000000001783,4876919.222330296
29.306000000001784,4876919.236125436
29.316000000001786,4876919.249871462
29.326000000001788,4876919.26346962
29.33600000000179,4876919.277182903
29.34600000000179,4876919.290717157
29.356000000001792,4876919.304262687
29.366000000001794,4876919.317953551
29.376000000001795,4876919.331697402
29.386000000001797,4876919.345329834
29.3960000000018,4876919.358970321
29.4060000000018,4876919.372759416
29.4160000000018,4876919.386571302
29.426000000001803,4876919.400307697
29.436000000001805,4876919.414084353
29.446000000001806,4876919.427939902
29.456000000001808,4876919.441739699
29.46600000000181,4876919.45543363
29.47600000000181,4876919.469225977
29.486000000001813,4876919.483046978
29.496000000001814,4876919.496607629
29.506000000001816,4876919.510199783
29.516000000001817,4876919.524087471
29.52600000000182,4876919.538034841
29.53600000000182,4876919.551760364
29.546000000001822,4876919.565693649
29.556000000001823,4876919.579676923
29.566000000001825,4876919.593315647
29.576000000001827,4876919.606952503
29.586000000001828,4876919.620936909
29.59600000000183,4876919.63497123
29.60600000000183,4876919.648778912
29.616000000001833,4876919.662865533
29.626000000001834,4876919.6767907
29.636000000001836,4876919.690482005
29.646000000001838,4876919.704386347
29.65600000000184,4876919.71828781
29.66600000000184,4876919.732231661
29.676000000001842,4876919.746132165
29.686000000001844,4876919.759983076
29.696000000001845,4876919.773897573
29.706000000001847,4876919.787563341
29.71600000000185,4876919.801663334
29.72600000000185,4876919.815769048
29.73600000000185,4876919.830194875
29.746000000001853,4876919.844854396
29.756000000001855,4876919.85966075
29.766000000001856,4876919.874425409
29.776000000001858,4876919.889243198
29.78600000000186,4876919.903734167
29.79600000000186,4876919.918517504
29.806000000001863,4876919.933340774
29.816000000001864,4876919.94835358
29.826000000001866,4876919.963228169
29.836000000001867,4876919.978269159
29.84600000000187,4876919.993227851
29.85600000000187,4876920.00804501
29.866000000001872,4876920.023155898
29.876000000001874,4876920.038044567
29.886000000001875,4876920.052885326
29.896000000001877,4876920.067855345
29.906000000001878,4876920.082739712
29.91600000000188,4876920.097608163
29.92600000000188,4876920.112514102
29.936000000001883,4876920.127888363
29.946000000001884,4876920.143479245
29.956000000001886,4876920.158946947
29.966000000001888,4876920.174338591
29.97600000000189,4876920.18901626
29.98600000000189,4876920.203724472
29.996000000001892,4876920.218378567
30.006000000001894,4876920.233166751
30.016000000001895,4876920.247978753
30.026000000001897,4876920.262754311
30.0360000000019,4876920.277664695
30.0460000000019,4876920.291968058
30.0560000000019,4876920.306405517
30.066000000001903,4876920.320773231
30.076000000001905,4876920.335315777
30.086000000001906,4876920.349737083
30.096000000001908,4876920.364096542
30.10600000000191,4876920.378407316
30.11600000000191,4876920.392784894
30.126000000001913,4876920.407099538
30.136000000001914,4876920.421583104
30.146000000001916,4876920.436064551
30.156000000001917,4876920.450434466
30.16600000000192,4876920.464895126
30.17600000000192,4876920.478911626
30.186000000001922,4876920.492637039
30.196000000001924,4876920.506356771
30.206000000001925,4876920.520398895
30.216000000001927,4876920.534170781
30.226000000001928,4876920.548038471
30.23600000000193,4876920.56183073
30.24600000000193,4876920.575824438
30.256000000001933,4876920.589738557
30.266000000001934,4876920.603463976
30.276000000001936,4876920.61740933
30.286000000001938,4876920.631397893
30.29600000000194,4876920.645343952
30.30600000000194,4876920.659727857
30.316000000001942,4876920.674357094
30.326000000001944,4876920.688721604
30.336000000001945,4876920.70312973
30.346000000001947,4876920.717663525
30.35600000000195,4876920.732311731
30.36600000000195,4876920.747171264
30.37600000000195,4876920.762234842
30.386000000001953,4876920.777411778
30.396000000001955,4876920.79228508
30.406000000001956,4876920.807107957
30.416000000001958,4876920.82241116
30.42600000000196,4876920.837526711
30.43600000000196,4876920.852463431
30.446000000001963,4876920.867337106
30.456000000001964,4876920.882506113
30.466000000001966,4876920.897296572
30.476000000001967,4876920.912119165
30.48600000000197,4876920.927197089
30.49600000000197,4876920.941712062
30.506000000001972,4876920.956221832
30.516000000001974,4876920.9709452
30.526000000001975,4876920.985483048
30.536000000001977,4876921.000224699
30.54600000000198,4876921.014793407
30.55600000000198,4876921.02981521
30.56600000000198,4876921.044435858
30.576000000001983,4876921.058882115
30.586000000001984,4876921.073411396
30.596000000001986,4876921.087889114
30.606000000001988,4876921.102341744
30.61600000000199,4876921.117292786
30.62600000000199,4876921.132297332
30.636000000001992,4876921.1471316
30.646000000001994,4876921.162261921
30.656000000001995,4876921.177161855
30.666000000001997,4876921.191757969
30.676000000002,4876921.20630677
30.686000000002,4876921.220919425
30.696000000002,4876921.235065377
30.706000000002003,4876921.249130366
30.716000000002005,4876921.263201295
30.726000000002006,4876921.277201942
30.736000000002008,4876921.291142356
30.74600000000201,4876921.30502761
30.75600000000201,4876921.319026863
30.766000000002013,4876921.333198503
30.776000000002014,4876921.347113498
30.786000000002016,4876921.360843207
30.796000000002017,4876921.374814787
30.80600000000202,4876921.388737415
30.81600000000202,4876921.402444525
30.826000000002022,4876921.416317379
30.836000000002024,4876921.430773298
30.846000000002025,4876921.444781517
30.856000000002027,4876921.458804511
30.86600000000203,4876921.472981554
30.87600000000203,4876921.487229916
30.88600000000203,4876921.501242588
30.896000000002033,4876921.515369605
30.906000000002035,4876921.529665847
30.916000000002036,4876921.54392033
30.926000000002038,4876921.558349297
30.93600000000204,4876921.572752217
30.94600000000204,4876921.586846357
30.956000000002042,4876921.600770231
30.966000000002044,4876921.6147576
30.976000000002045,4876921.6290611
30.986000000002047,4876921.643248186
30.99600000000205,4876921.657325393
31.00600000000205,4876921.671953708
31.01600000000205,4876921.686621535
31.026000000002053,4876921.701160347
31.036000000002055,4876921.715739728
31.046000000002056,4876921.730046459
31.056000000002058,4876921.744252631
31.06600000000206,4876921.758373769
31.07600000000206,4876921.772462331
31.086000000002063,4876921.786605114
31.096000000002064,4876921.800562857
31.106000000002066,4876921.814441289
31.116000000002067,4876921.828513492
31.12600000000207,4876921.842566856
31.13600000000207,4876921.856628724
31.146000000002072,4876921.870615232
31.156000000002074,4876921.884786261
31.166000000002075,4876921.898744393
31.176000000002077,4876921.912722303
31.18600000000208,4876921.926710731
31.19600000000208,4876921.940907436
31.20600000000208,4876921.954985855
31.216000000002083,4876921.969176136
31.226000000002085,4876921.984397897
31.236000000002086,4876921.999688601
31.246000000002088,4876922.014444191
31.25600000000209,4876922.0298166
31.26600000000209,4876922.044489062
31.276000000002092,4876922.059230751
31.286000000002094,4876922.074071546
31.296000000002095,4876922.088676364
31.306000000002097,4876922.1025951
31.3160000000021,4876922.116744522
31.3260000000021,4876922.130977446
31.3360000000021,4876922.145138844
31.346000000002103,4876922.159298914
31.356000000002105,4876922.173521278
31.366000000002106,4876922.187577324
31.376000000002108,4876922.201644131
31.38600000000211,4876922.215730349
31.39600000000211,4876922.229991725
31.406000000002113,4876922.244028154
31.416000000002114,4876922.258316433
31.426000000002116,4876922.272284332
31.436000000002117,4876922.286425871
31.44600000000212,4876922.300389303
31.45600000000212,4876922.314364823
31.466000000002122,4876922.32840855
31.476000000002124,4876922.342418344
31.486000000002125,4876922.356603082
31.496000000002127,4876922.370718961
31.50600000000213,4876922.384807636
31.51600000000213,4876922.398634731
31.52600000000213,4876922.412529548
31.536000000002133,4876922.42652731
31.546000000002135,4876922.440717459
31.556000000002136,4876922.454796915
31.566000000002138,4876922.468945592
31.57600000000214,4876922.483257607
31.58600000000214,4876922.497347596
31.596000000002142,4876922.511224316
31.606000000002144,4876922.525505616
31.616000000002145,4876922.539850399
31.626000000002147,4876922.554045597
31.63600000000215,4876922.568190004
31.64600000000215,4876922.582516148
31.65600000000215,4876922.596603284
31.666000000002153,4876922.610558216
31.676000000002155,4876922.62489793
31.686000000002156,4876922.639119021
31.696000000002158,4876922.65336027
31.70600000000216,4876922.667499608
31.71600000000216,4876922.681822475
31.726000000002163,4876922.695950985
31.736000000002164,4876922.709936814
31.746000000002166,4876922.724136187
31.756000000002167,4876922.738448414
31.76600000000217,4876922.752528735
31.77600000000217,4876922.766663894
31.786000000002172,4876922.780806318
31.796000000002174,4876922.794811674
31.806000000002175,4876922.809103925
31.816000000002177,4876922.823383723
31.82600000000218,4876922.83744665
31.83600000000218,4876922.851521949
31.84600000000218,4876922.865678301
31.856000000002183,4876922.879861415
31.866000000002185,4876922.893953229
31.876000000002186,4876922.907951441
31.886000000002188,4876922.921947352
31.89600000000219,4876922.936105882
31.90600000000219,4876922.950206654
31.916000000002192,4876922.964340484
31.926000000002194,4876922.978433988
31.936000000002196,4876922.992715454
31.946000000002197,4876923.006846983
31.9560000000022,4876923.021148003
31.9660000000022,4876923.035686353
31.9760000000022,4876923.049943872
31.986000000002203,4876923.063973449
31.996000000002205,4876923.078158348
32.0060000000022,4876923.092216885
32.0160000000022,4876923.106358964
32.0260000000022,4876923.120476919
32.0360000000022,4876923.134749274
32.046000000002195,4876923.148803081
32.05600000000219,4876923.162875274
32.06600000000219,4876923.177173904
32.07600000000219,4876923.191510909
32.08600000000219,4876923.205393025
32.096000000002185,4876923.219400311
32.10600000000218,4876923.233686369
32.11600000000218,4876923.247582244
32.12600000000218,4876923.26159788
32.13600000000218,4876923.275697054
32.146000000002175,4876923.289820653
32.15600000000217,4876923.303791139
32.16600000000217,4876923.317822561
32.17600000000217,4876923.331930196
32.18600000000217,4876923.345835183
32.196000000002165,4876923.360067348
32.20600000000216,4876923.374167878
32.21600000000216,4876923.388367925
32.22600000000216,4876923.402390415
32.23600000000216,4876923.416402294
32.246000000002155,4876923.430689932
32.25600000000215,4876923.444892588
32.26600000000215,4876923.459074633
32.27600000000215,4876923.473136748
32.28600000000215,4876923.487412449
32.296000000002145,4876923.501461633
32.30600000000214,4876923.515373785
32.31600000000214,4876923.529553983
32.32600000000214,4876923.543709408
32.33600000000214,4876923.557986373
32.346000000002135,4876923.572212267
32.35600000000213,4876923.586482568
32.36600000000213,4876923.600599607
32.37600000000213,4876923.614609327
32.38600000000213,4876923.628798848
32.396000000002125,4876923.643072697
32.40600000000212,4876923.657358787
32.41600000000212,4876923.671407772
32.42600000000212,4876923.685620883
32.43600000000212,4876923.699616434
32.446000000002115,4876923.713582679
32.45600000000211,4876923.727701604
32.46600000000211,4876923.742099646
32.47600000000211,4876923.756256543
32.48600000000211,4876923.770337249
32.496000000002105,4876923.784728234
32.5060000000021,4876923.798848151
32.5160000000021,4876923.812899514
32.5260000000021,4876923.827225305
32.5360000000021,4876923.841645683
32.546000000002095,4876923.855758653
32.55600000000209,4876923.869922233
32.56600000000209,4876923.884137038
32.57600000000209,4876923.898222958
32.58600000000209,4876923.912293169
32.596000000002086,4876923.926533646
32.60600000000208,4876923.940730329
32.61600000000208,4876923.954752916
32.62600000000208,4876923.968850496
32.63600000000208,4876923.983055679
32.646000000002076,4876923.997210427
32.656000000002074,4876924.011261784
32.66600000000207,4876924.025791232
32.67600000000207,4876924.040169534
32.68600000000207,4876924.054372169
32.696000000002066,4876924.06857454
32.706000000002064,4876924.082816512
32.71600000000206,4876924.096885709
32.72600000000206,4876924.111023142
32.73600000000206,4876924.125291065
32.746000000002056,4876924.139575561
32.756000000002054,4876924.153857812
32.76600000000205,4876924.168052755
32.77600000000205,4876924.182333983
32.78600000000205,4876924.196659629
32.796000000002046,4876924.210850204
32.806000000002044,4876924.225063529
32.81600000000204,4876924.239486584
32.82600000000204,4876924.253703789
32.83600000000204,4876924.267779746
32.846000000002036,4876924.281975434
32.856000000002034,4876924.296239114
32.86600000000203,4876924.310331883
32.87600000000203,4876924.324233497
32.88600000000203,4876924.338475979
32.896000000002026,4876924.352589736
32.906000000002024,4876924.366754629
32.91600000000202,4876924.38076919
32.92600000000202,4876924.394942025
32.93600000000202,4876924.408995099
32.946000000002016,4876924.423113083
32.956000000002014,4876924.437477089
32.96600000000201,4876924.45165537
32.97600000000201,4876924.465877196
32.98600000000201,4876924.480047992
32.996000000002006,4876924.494321253
33.006000000002004,4876924.508291505
33.016000000002,4876924.522331759
33.026000000002,4876924.536669199
33.036000000002,4876924.55080659
33.046000000001996,4876924.564977917
33.056000000001994,4876924.57913257
33.06600000000199,4876924.593391262
33.07600000000199,4876924.607354446
33.08600000000199,4876924.621495941
33.096000000001986,4876924.635806908
33.106000000001984,4876924.650014682
33.11600000000198,4876924.664152436
33.12600000000198,4876924.678303074
33.13600000000198,4876924.692521347
33.146000000001976,4876924.706492093
33.156000000001974,4876924.720548207
33.16600000000197,4876924.734948895
33.17600000000197,4876924.749090446
33.18600000000197,4876924.763303702
33.196000000001966,4876924.777381363
33.206000000001964,4876924.791733183
33.21600000000196,4876924.806047497
33.22600000000196,4876924.820321252
33.23600000000196,4876924.834984561
33.246000000001956,4876924.84922011
33.256000000001954,4876924.863417222
33.26600000000195,4876924.87774947
33.27600000000195,4876924.891878305
33.28600000000195,4876924.905814735
33.296000000001946,4876924.919841178
33.306000000001944,4876924.93405146
33.31600000000194,4876924.948086628
33.32600000000194,4876924.96231463
33.33600000000194,4876924.976386415
33.346000000001936,4876924.990506545
33.356000000001934,4876925.004834342
33.36600000000193,4876925.01905344
33.37600000000193,4876925.033595502
33.38600000000193,4876925.047811368
33.396000000001926,4876925.06202595
33.406000000001924,4876925.076145178
33.41600000000192,4876925.090357434
33.42600000000192,4876925.10446895
33.43600000000192,4876925.118591361
33.446000000001916,4876925.13286367
33.456000000001914,4876925.147021035
33.46600000000191,4876925.161055141
33.47600000000191,4876925.17522089
33.48600000000191,4876925.189408164
33.49600000000191,4876925.20351632
33.506000000001904,4876925.217495312
33.5160000000019,4876925.231560457
33.5260000000019,4876925.245676779
33.5360000000019,4876925.259652963
33.5460000000019,4876925.273803613
33.556000000001895,4876925.287938955
33.56600000000189,4876925.301830399
33.57600000000189,4876925.315846864
33.58600000000189,4876925.329996264
33.59600000000189,4876925.344278486
33.606000000001885,4876925.358448549
33.61600000000188,4876925.372655416
33.62600000000188,4876925.386961198
33.63600000000188,4876925.401115379
33.64600000000188,4876925.415367998
33.656000000001875,4876925.429525719
33.66600000000187,4876925.443872833
33.67600000000187,4876925.458270852
33.68600000000187,4876925.472512929
33.69600000000187,4876925.48704056
33.706000000001865,4876925.501377092
33.71600000000186,4876925.515728161
33.72600000000186,4876925.530144838
33.73600000000186,4876925.545018924
33.74600000000186,4876925.55979375
33.756000000001855,4876925.575087133
33.76600000000185,4876925.59042564
33.77600000000185,4876925.60579664
33.78600000000185,4876925.621136377
33.79600000000185,4876925.636831795
33.806000000001845,4876925.651652887
33.81600000000184,4876925.66764842
33.82600000000184,4876925.683438166
33.83600000000184,4876925.699280074
33.84600000000184,4876925.714970756
33.856000000001835,4876925.731019801
33.86600000000183,4876925.747644891
33.87600000000183,4876925.763825441
33.88600000000183,4876925.779141011
33.89600000000183,4876925.794422979
33.906000000001825,4876925.809497456
33.91600000000182,4876925.825113892
33.92600000000182,4876925.840838178
33.93600000000182,4876925.855966158
33.94600000000182,4876925.871643366
33.956000000001815,4876925.887146481
33.96600000000181,4876925.90198244
33.97600000000181,4876925.917377382
33.98600000000181,4876925.932990577
33.99600000000181,4876925.948365083
34.006000000001805,4876925.964254608
34.0160000000018,4876925.979575542
34.0260000000018,4876925.99612652
34.0360000000018,4876926.01166465
34.0460000000018,4876926.02738738
34.056000000001795,4876926.043361474
34.06600000000179,4876926.059241217
34.07600000000179,4876926.074968698
34.08600000000179,4876926.090908678
34.09600000000179,4876926.106564635
34.106000000001785,4876926.122530443
34.11600000000178,4876926.138589577
34.12600000000178,4876926.15445564
34.13600000000178,4876926.170470514
34.14600000000178,4876926.186306532
34.156000000001775,4876926.202035026
34.16600000000177,4876926.217894043
34.17600000000177,4876926.233616988
34.18600000000177,4876926.249453201
34.19600000000177,4876926.265338451
34.206000000001765,4876926.280979016
34.21600000000176,4876926.29686893
34.22600000000176,4876926.312519275
34.23600000000176,4876926.328158117
34.24600000000176,4876926.343892725
34.256000000001755,4876926.35974184
34.26600000000175,4876926.375542835
34.27600000000175,4876926.3916297
34.28600000000175,4876926.407371839
34.29600000000175,4876926.42301752
34.306000000001745,4876926.438951807
34.31600000000174,4876926.45480054
34.32600000000174,4876926.470660536
34.33600000000174,4876926.486522621
34.34600000000174,4876926.502252762
34.356000000001735,4876926.517948229
34.36600000000173,4876926.533682678
34.37600000000173,4876926.549691922
34.38600000000173,4876926.565712816
34.39600000000173,4876926.581472596
34.406000000001725,4876926.597313158
34.41600000000172,4876926.612975421
34.42600000000172,4876926.628556332
34.43600000000172,4876926.644470722
34.44600000000172,4876926.660216554
34.456000000001715,4876926.676358094
34.46600000000171,4876926.692327599
34.47600000000171,4876926.708088133
34.48600000000171,4876926.723826177
34.49600000000171,4876926.74007156
34.506000000001706,4876926.755991263
34.5160000000017,4876926.771758362
34.5260000000017,4876926.787575736
34.5360000000017,4876926.803661431
34.5460000000017,4876926.819735608
34.556000000001696,4876926.835684389
34.566000000001694,4876926.851669984
34.57600000000169,4876926.867571252
34.58600000000169,4876926.883286477
34.59600000000169,4876926.899050746
34.606000000001686,4876926.914651989
34.616000000001684,4876926.930775373
34.62600000000168,4876926.946829449
34.63600000000168,4876926.962221719
34.64600000000168,4876926.978355279
34.656000000001676,4876926.994234452
34.666000000001674,4876927.009900691
34.67600000000167,4876927.025953246
34.68600000000167,4876927.042029836
34.69600000000167,4876927.057929625
34.706000000001666,4876927.07378692
34.716000000001664,4876927.089358467
34.72600000000166,4876927.105100867
34.73600000000166,4876927.121027503
34.74600000000166,4876927.13695641
34.756000000001656,4876927.152792632
34.766000000001654,4876927.168954168
34.77600000000165,4876927.184756864
34.78600000000165,4876927.200612974
34.79600000000165,4876927.216348425
34.806000000001646,4876927.232179287
34.816000000001644,4876927.247854022
34.82600000000164,4876927.263666774
34.83600000000164,4876927.279282789
34.84600000000164,4876927.294958564
34.856000000001636,4876927.31042715
34.866000000001634,4876927.325830962
34.87600000000163,4876927.341543095
34.88600000000163,4876927.357436356
34.89600000000163,4876927.373327313
34.906000000001626,4876927.389216196
34.916000000001624,4876927.40472789
34.92600000000162,4876927.420321463
34.93600000000162,4876927.436108808
34.94600000000162,4876927.451605357
34.956000000001616,4876927.467083763
34.966000000001614,4876927.482779474
34.97600000000161,4876927.499196821
34.98600000000161,4876927.515807463
34.99600000000161,4876927.532349137
35.006000000001606,4876927.548141135
35.016000000001604,4876927.565036584
35.0260000000016,4876927.58127
35.0360000000016,4876927.597423114
35.0460000000016,4876927.613532045
35.056000000001596,4876927.630146424
35.066000000001594,4876927.646355421
35.07600000000159,4876927.663178266
35.08600000000159,4876927.679813568
35.09600000000159,4876927.695808852
35.106000000001586,4876927.712133867
35.116000000001584,4876927.727938691
35.12600000000158,4876927.74386796
35.13600000000158,4876927.759684864
35.14600000000158,4876927.77598281
35.156000000001576,4876927.792339818
35.166000000001574,4876927.808261811
35.17600000000157,4876927.824375807
35.18600000000157,4876927.840694608
35.19600000000157,4876927.864045273
35.206000000001566,4876927.883792087
35.216000000001564,4876927.904072428
35.22600000000156,4876927.925052148
35.23600000000156,4876927.947109139
35.24600000000156,4876927.977084833
35.256000000001556,4876928.001872373
35.266000000001554,4876928.025170288
35.27600000000155,4876928.048784663
35.28600000000155,4876928.071804418
35.29600000000155,4876928.095269047
35.306000000001546,4876928.118207378
35.316000000001544,4876928.141685808
35.32600000000154,4876928.165007077
35.33600000000154,4876928.188157927
35.34600000000154,4876928.211343584
35.356000000001536,4876928.234362955
35.366000000001534,4876928.257351911
35.37600000000153,4876928.280247752
35.38600000000153,4876928.302874511
35.39600000000153,4876928.326050471
35.40600000000153,4876928.348882573
35.416000000001524,4876928.370971378
35.42600000000152,4876928.393141789
35.43600000000152,4876928.414855303
35.44600000000152,4876928.436678625
35.45600000000152,4876928.458646721
35.466000000001515,4876928.480973109
35.47600000000151,4876928.502650848
35.48600000000151,4876928.524441067
35.49600000000151,4876928.546486212
35.50600000000151,4876928.568579227
35.516000000001505,4876928.59035438
35.5260000000015,4876928.612359394
35.5360000000015,4876928.634447937
35.5460000000015,4876928.656497906
35.5560000000015,4876928.678513496
35.566000000001495,4876928.700468042
35.57600000000149,4876928.722223196
35.58600000000149,4876928.74407813
35.59600000000149,4876928.766167195
35.60600000000149,4876928.788104117
35.616000000001485,4876928.810043194
35.62600000000148,4876928.832180129
35.63600000000148,4876928.854449296
35.64600000000148,4876928.876047563
35.65600000000148,4876928.898348731
35.666000000001475,4876928.919943986
35.67600000000147,4876928.941391563
35.68600000000147,4876928.96366809
35.69600000000147,4876928.98503169
35.70600000000147,4876929.006540457
35.716000000001465,4876929.028428756
35.72600000000146,4876929.050269005
35.73600000000146,4876929.072038813
35.74600000000146,4876929.093465941
35.75600000000146,4876929.115169108
35.766000000001455,4876929.136641388
35.77600000000145,4876929.15856385
35.78600000000145,4876929.180725575
35.79600000000145,4876929.202757833
35.80600000000145,4876929.224457113
35.816000000001445,4876929.246219598
35.82600000000144,4876929.26840727
35.83600000000144,4876929.288991064
35.84600000000144,4876929.308555973
35.85600000000144,4876929.328027749
35.866000000001435,4876929.345419314
35.87600000000143,4876929.363573627
35.88600000000143,4876929.379545111
35.89600000000143,4876929.394624041
35.90600000000143,4876929.408506707
35.916000000001425,4876929.422071391
35.92600000000142,4876929.43539151
35.93600000000142,4876929.448681609
35.94600000000142,4876929.462026795
35.95600000000142,4876929.47575954
35.966000000001415,4876929.489406082
35.97600000000141,4876929.503282019
35.98600000000141,4876929.517136343
35.99600000000141,4876929.531207893
36.00600000000141,4876929.545224376
36.016000000001405,4876929.559618465
36.0260000000014,4876929.573916199
36.0360000000014,4876929.588674339
36.0460000000014,4876929.603422151
36.0560000000014,4876929.618012799
36.066000000001395,4876929.632784478
36.07600000000139,4876929.64732263
36.08600000000139,4876929.662175557
36.09600000000139,4876929.676407532
36.10600000000139,4876929.690596734
36.116000000001385,4876929.705019691
36.12600000000138,4876929.719294107
36.13600000000138,4876929.733670155
36.14600000000138,4876929.748277708
36.15600000000138,4876929.763060201
36.166000000001375,4876929.77767874
36.17600000000137,4876929.792307976
36.18600000000137,4876929.806980354
36.19600000000137,4876929.822023788
36.20600000000137,4876929.836803018
36.216000000001365,4876929.85194061
36.22600000000136,4876929.867104151
36.23600000000136,4876929.882141479
36.24600000000136,4876929.896851769
36.25600000000136,4876929.911826397
36.266000000001355,4876929.926428653
36.27600000000135,4876929.941274207
36.28600000000135,4876929.956305982
36.29600000000135,4876929.971103155
36.30600000000135,4876929.98591313
36.316000000001345,4876930.001324193
36.32600000000134,4876930.016300669
36.33600000000134,4876930.031619932
36.34600000000134,4876930.046497658
36.35600000000134,4876930.061506589
36.366000000001335,4876930.076514794
36.37600000000133,4876930.091460119
36.38600000000133,4876930.106252937
36.39600000000133,4876930.121308191
36.40600000000133,4876930.136192314
36.416000000001326,4876930.151199261
36.42600000000132,4876930.16598281
36.43600000000132,4876930.180576565
36.44600000000132,4876930.195306948
36.45600000000132,4876930.210292871
36.466000000001316,4876930.224684441
36.476000000001314,4876930.239500824
36.48600000000131,4876930.254327807
36.49600000000131,4876930.269070308
36.50600000000131,4876930.283753709
36.516000000001306,4876930.298398907
36.526000000001304,4876930.313112459
36.5360000000013,4876930.327765235
36.5460000000013,4876930.342600315
36.5560000000013,4876930.357433549
36.566000000001296,4876930.372141404
36.576000000001294,4876930.386613662
36.58600000000129,4876930.401298355
36.59600000000129,4876930.415867691
36.60600000000129,4876930.430483504
36.616000000001286,4876930.444985726
36.626000000001284,4876930.459874302
36.63600000000128,4876930.474554114
36.64600000000128,4876930.489287165
36.65600000000128,4876930.504174634
36.666000000001276,4876930.518660601
36.676000000001274,4876930.533310031
36.68600000000127,4876930.547850592
36.69600000000127,4876930.562519262
36.70600000000127,4876930.577764976
36.716000000001266,4876930.592966012
36.726000000001264,4876930.608204298
36.73600000000126,4876930.623234697
36.74600000000126,4876930.637873997
36.75600000000126,4876930.652716078
36.766000000001256,4876930.667456371
36.776000000001254,4876930.682180182
36.78600000000125,4876930.696819235
36.79600000000125,4876930.711485269
36.80600000000125,4876930.726042552
36.816000000001246,4876930.740792482
36.826000000001244,4876930.755135961
36.83600000000124,4876930.769231871
36.84600000000124,4876930.78341912
36.85600000000124,4876930.79745752
36.866000000001236,4876930.811693876
36.876000000001234,4876930.825787819
36.88600000000123,4876930.839717257
36.89600000000123,4876930.853697295
36.90600000000123,4876930.867658526
36.916000000001226,4876930.881791098
36.926000000001224,4876930.895566945
36.93600000000122,4876930.909069948
36.94600000000122,4876930.922216313
36.95600000000122,4876930.935584667
36.966000000001216,4876930.948840509
36.976000000001214,4876930.962318267
36.98600000000121,4876930.975613734
36.99600000000121,4876930.989071829
37.00600000000121,4876931.002701535
37.016000000001206,4876931.016063459
37.026000000001204,4876931.029774268
37.0360000000012,4876931.043189515
37.0460000000012,4876931.056621794
37.0560000000012,4876931.070049777
37.066000000001196,4876931.083591186
37.076000000001194,4876931.097042484
37.08600000000119,4876931.11043192
37.09600000000119,4876931.123879986
37.10600000000119,4876931.137153698
37.116000000001186,4876931.150331435
37.126000000001184,4876931.16374347
37.13600000000118,4876931.177108885
37.14600000000118,4876931.190172609
37.15600000000118,4876931.203429214
37.166000000001176,4876931.216567449
37.176000000001174,4876931.229764694
37.18600000000117,4876931.243057604
37.19600000000117,4876931.256298426
37.20600000000117,4876931.269443587
37.216000000001166,4876931.282477267
37.226000000001164,4876931.295742954
37.23600000000116,4876931.308697294
37.24600000000116,4876931.321583908
37.25600000000116,4876931.334757554
37.266000000001156,4876931.347678125
37.276000000001154,4876931.360877285
37.28600000000115,4876931.374063788
37.29600000000115,4876931.387167582
37.30600000000115,4876931.400207629
37.31600000000115,4876931.41342358
37.326000000001144,4876931.42650631
37.33600000000114,4876931.439588333
37.34600000000114,4876931.452789364
37.35600000000114,4876931.466503858
37.36600000000114,4876931.480759456
37.376000000001135,4876931.494530868
37.38600000000113,4876931.50766692
37.39600000000113,4876931.520483391
37.40600000000113,4876931.533615253
37.41600000000113,4876931.546648308
37.426000000001125,4876931.559635694
37.43600000000112,4876931.572508178
37.44600000000112,4876931.585486239
37.45600000000112,4876931.598172952
37.46600000000112,4876931.6110476
37.476000000001115,4876931.623891051
37.48600000000111,4876931.636245279
37.49600000000111,4876931.648523905
37.50600000000111,4876931.660904232
37.51600000000111,4876931.67322483
37.526000000001105,4876931.685523755
37.5360000000011,4876931.697844757
37.5460000000011,4876931.710099445
37.5560000000011,4876931.722320019
37.5660000000011,4876931.734760815
37.576000000001095,4876931.746968738
37.58600000000109,4876931.759418719
37.59600000000109,4876931.771669874
37.60600000000109,4876931.784048706
37.61600000000109,4876931.796324889
37.626000000001085,4876931.808673205
37.63600000000108,4876931.820805248
37.64600000000108,4876931.833944386
37.65600000000108,4876931.846659374
37.66600000000108,4876931.859677343
37.676000000001075,4876931.872644651
37.68600000000107,4876931.885920116
37.69600000000107,4876931.899225872
37.70600000000107,4876931.912585311
37.71600000000107,4876931.925829376
37.726000000001065,4876931.939021449
37.73600000000106,4876931.952446086
37.74600000000106,4876931.96634764
37.75600000000106,4876931.980259995
37.76600000000106,4876931.994405269
37.776000000001055,4876932.008252557
37.78600000000105,4876932.021973372
37.79600000000105,4876932.036599166
37.80600000000105,4876932.050653786
37.81600000000105,4876932.064775562
37.826000000001045,4876932.078500974
37.83600000000104,4876932.092033668
37.84600000000104,4876932.10605794
37.85600000000104,4876932.120467612
37.86600000000104,4876932.134558422
37.876000000001035,4876932.148668793
37.88600000000103,4876932.162239753
37.89600000000103,4876932.175791318
37.90600000000103,4876932.189543669
37.91600000000103,4876932.202960041
37.926000000001025,4876932.216366838
37.93600000000102,4876932.229748771
37.94600000000102,4876932.24306439
37.95600000000102,4876932.256095863
37.96600000000102,4876932.269316874
37.976000000001015,4876932.282327317
37.98600000000101,4876932.294751831
37.99600000000101,4876932.307692102
38.00600000000101,4876932.320705384
38.01600000000101,4876932.333677361
38.026000000001005,4876932.34651885
38.036000000001,4876932.359189117
38.046000000001,4876932.371629684
38.056000000001,4876932.38395288
38.066000000001,4876932.396327153
38.076000000000995,4876932.409509686
38.08600000000099,4876932.422561768
38.09600000000099,4876932.435777196
38.10600000000099,4876932.448876394
38.11600000000099,4876932.461966508
38.126000000000985,4876932.474995294
38.13600000000098,4876932.488144052
38.14600000000098,4876932.501084405
38.15600000000098,4876932.514047215
38.16600000000098,4876932.528036128
38.176000000000975,4876932.541679801
38.18600000000097,4876932.555394739
38.19600000000097,4876932.569226172
38.20600000000097,4876932.582809741
38.21600000000097,4876932.596549475
38.226000000000965,4876932.610412505
38.23600000000096,4876932.624059151
38.24600000000096,4876932.637922594
38.25600000000096,4876932.651748039
38.26600000000096,4876932.665232571
38.276000000000955,4876932.678694355
38.28600000000095,4876932.692336428
38.29600000000095,4876932.705661442
38.30600000000095,4876932.719102178
38.31600000000095,4876932.732369041
38.326000000000946,4876932.745699365
38.33600000000094,4876932.759194759
38.34600000000094,4876932.772555623
38.35600000000094,4876932.785768339
38.36600000000094,4876932.799175219
38.376000000000936,4876932.812667463
38.386000000000934,4876932.826109464
38.39600000000093,4876932.839508294
38.40600000000093,4876932.852979476
38.41600000000093,4876932.866470616
38.426000000000926,4876932.879394975
38.436000000000924,4876932.892204883
38.44600000000092,4876932.905135739
38.45600000000092,4876932.917939361
38.46600000000092,4876932.930714368
38.476000000000916,4876932.943476219
38.486000000000914,4876932.956230704
38.49600000000091,4876932.969235453
38.50600000000091,4876932.981923239
38.51600000000091,4876932.994764169
38.526000000000906,4876933.007660453
38.536000000000904,4876933.020800999
38.5460000000009,4876933.03432006
38.5560000000009,4876933.047628762
38.5660000000009,4876933.06109262
38.576000000000896,4876933.074410381
38.586000000000894,4876933.087725165
38.59600000000089,4876933.100986313
38.60600000000089,4876933.114329241
38.61600000000089,4876933.127659017
38.626000000000886,4876933.140881638
38.636000000000884,4876933.153655059
38.64600000000088,4876933.166721991
38.65600000000088,4876933.18007295
38.66600000000088,4876933.193981455
38.676000000000876,4876933.207696066
38.686000000000874,4876933.221306627
38.69600000000087,4876933.234873873
38.70600000000087,4876933.247897121
38.71600000000087,4876933.260918176
38.726000000000866,4876933.273960144
38.736000000000864,4876933.286810973
38.74600000000086,4876933.299698275
38.75600000000086,4876933.312669856
38.76600000000086,4876933.325284016
38.776000000000856,4876933.33815703
38.786000000000854,4876933.35087215
38.79600000000085,4876933.363696767
38.80600000000085,4876933.376456585
38.81600000000085,4876933.389123276
38.826000000000846,4876933.401742239
38.836000000000844,4876933.414638068
38.84600000000084,4876933.427269071
38.85600000000084,4876933.44011768
38.86600000000084,4876933.452901783
38.876000000000836,4876933.465976193
38.886000000000834,4876933.478996603
38.89600000000083,4876933.492376369
38.90600000000083,4876933.505895818
38.91600000000083,4876933.519811089
38.926000000000826,4876933.5338846
38.936000000000824,4876933.547957499
38.94600000000082,4876933.561891101
38.95600000000082,4876933.575653366
38.96600000000082,4876933.589197542
38.976000000000816,4876933.60233118
38.986000000000814,4876933.615442124
38.99600000000081,4876933.628700045
39.00600000000081,4876933.64176445
39.01600000000081,4876933.654678717
39.026000000000806,4876933.667929039
39.036000000000804,4876933.680911138
39.0460000000008,4876933.693917617
39.0560000000008,4876933.70689851
39.0660000000008,4876933.719803175
39.076000000000796,4876933.732688865
39.086000000000794,4876933.74563207
39.09600000000079,4876933.758419321
39.10600000000079,4876933.771445353
39.11600000000079,4876933.784275652
39.126000000000786,4876933.796829169
39.136000000000784,4876933.808703588
39.14600000000078,4876933.820692342
39.15600000000078,4876933.832573647
39.16600000000078,4876933.844527877
39.176000000000776,4876933.856497009
39.186000000000774,4876933.868620925
39.19600000000077,4876933.880573015
39.20600000000077,4876933.892496739
39.21600000000077,4876933.904676889
39.22600000000077,4876933.91679245
39.236000000000764,4876933.928714553
39.24600000000076,4876933.940688245
39.25600000000076,4876933.952660771
39.26600000000076,4876933.96473886
39.27600000000076,4876933.976681042
39.286000000000755,4876933.988722023
39.29600000000075,4876934.00107803
39.30600000000075,4876934.013373445
39.31600000000075,4876934.025271742
39.32600000000075,4876934.037499747
39.336000000000745,4876934.049429492
39.34600000000074,4876934.061403942
39.35600000000074,4876934.073512276
39.36600000000074,4876934.085396294
39.37600000000074,4876934.097281413
39.386000000000735,4876934.109184841
39.39600000000073,4876934.121283923
39.40600000000073,4876934.133330288
39.41600000000073,4876934.145341239
39.42600000000073,4876934.157307001
39.436000000000725,4876934.169472578
39.44600000000072,4876934.181435238
39.45600000000072,4876934.193471901
39.46600000000072,4876934.205473535
39.47600000000072,4876934.217353074
39.486000000000715,4876934.229394204
39.49600000000071,4876934.24157181
39.50600000000071,4876934.253407392
39.51600000000071,4876934.266349694
39.52600000000071,4876934.27905895
39.536000000000705,4876934.291909421
39.5460000000007,4876934.304735805
39.5560000000007,4876934.317663544
39.5660000000007,4876934.330441454
39.5760000000007,4876934.343302035
39.586000000000695,4876934.356307487
39.59600000000069,4876934.369191869
39.60600000000069,4876934.382096927
39.61600000000069,4876934.394949898
39.62600000000069,4876934.407805129
39.636000000000685,4876934.420740415
39.64600000000068,4876934.433659214
39.65600000000068,4876934.446534401
39.66600000000068,4876934.459375926
39.67600000000068,4876934.472535614
39.686000000000675,4876934.484628285
39.69600000000067,4876934.496727135
39.70600000000067,4876934.508681213
39.71600000000067,4876934.520822404
39.72600000000067,4876934.532796366
39.736000000000665,4876934.544728
39.74600000000066,4876934.556704113
39.75600000000066,4876934.56862776
39.76600000000066,4876934.580552366
39.77600000000066,4876934.592737334
39.786000000000655,4876934.604810307
39.79600000000065,4876934.616965617
39.80600000000065,4876934.628944773
39.81600000000065,4876934.641078221
39.82600000000065,4876934.653138126
39.836000000000645,4876934.665343271
39.84600000000064,4876934.677388067
39.85600000000064,4876934.689459692
39.86600000000064,4876934.701552018
39.87600000000064,4876934.713393132
39.886000000000635,4876934.725457508
39.89600000000063,4876934.737596042
39.90600000000063,4876934.749744531
39.91600000000063,4876934.761776091
39.92600000000063,4876934.77399276
39.936000000000625,4876934.785993592
39.94600000000062,4876934.79816582
39.95600000000062,4876934.810542476
39.96600000000062,4876934.822658145
39.97600000000062,4876934.834755653
39.986000000000615,4876934.846875544
39.99600000000061,4876934.858876983
40.00600000000061,4876934.870969232
40.01600000000061,4876934.883169356
40.02600000000061,4876934.895293644
40.036000000000605,4876934.907405155
40.0460000000006,4876934.919520111
40.0560000000006,4876934.931451933
40.0660000000006,4876934.943488277
40.0760000000006,4876934.955565017
40.086000000000595,4876934.967768885
40.09600000000059,4876934.979754437
40.10600000000059,4876934.991943734
40.11600000000059,4876935.004347131
40.12600000000059,4876935.016535031
40.136000000000585,4876935.028808761
40.14600000000058,4876935.041111746
40.15600000000058,4876935.053180541
40.16600000000058,4876935.065210939
40.17600000000058,4876935.07745527
40.186000000000575,4876935.089595805
40.19600000000057,4876935.101784857
40.20600000000057,4876935.113800123
40.21600000000057,4876935.126135751
40.22600000000057,4876935.138370747
40.236000000000566,4876935.150437373
40.24600000000056,4876935.16260547
40.25600000000056,4876935.174812602
40.26600000000056,4876935.186918729
40.27600000000056,4876935.199180862
40.286000000000556,4876935.211278278
40.296000000000554,4876935.223403124
40.30600000000055,4876935.23549745
40.31600000000055,4876935.247631729
40.32600000000055,4876935.259578077
40.336000000000546,4876935.27181783
40.346000000000544,4876935.283979674
40.35600000000054,4876935.296132624
40.36600000000054,4876935.30808963
40.37600000000054,4876935.320313544
40.386000000000536,4876935.332501666
40.396000000000534,4876935.34463522
40.40600000000053,4876935.35680795
40.41600000000053,4876935.369072763
40.42600000000053,4876935.381258073
40.436000000000526,4876935.393305978
40.446000000000524,4876935.405409809
40.45600000000052,4876935.417486573
40.46600000000052,4876935.429610574
40.47600000000052,4876935.44179555
40.486000000000516,4876935.45398016
40.496000000000514,4876935.466140274
40.50600000000051,4876935.478333142
40.51600000000051,4876935.490482292
40.52600000000051,4876935.502590633
40.536000000000506,4876935.51448338
40.546000000000504,4876935.526586271
40.5560000000005,4876935.538620028
40.5660000000005,4876935.550792257
40.5760000000005,4876935.562905613
40.586000000000496,4876935.575236676
40.596000000000494,4876935.587261675
40.60600000000049,4876935.599470952
40.61600000000049,4876935.611584586
40.62600000000049,4876935.623809385
40.636000000000486,4876935.635918456
40.646000000000484,4876935.648256926
40.65600000000048,4876935.660559664
40.66600000000048,4876935.672791157
40.67600000000048,4876935.684883505
40.686000000000476,4876935.696996598
40.696000000000474,4876935.709034955
40.70600000000047,4876935.721169128
40.71600000000047,4876935.733424998
40.72600000000047,4876935.745592446
40.736000000000466,4876935.757739431
40.746000000000464,4876935.770027445
40.75600000000046,4876935.782271035
40.76600000000046,4876935.794372212
40.77600000000046,4876935.806530963
40.786000000000456,4876935.818635513
40.796000000000454,4876935.830921793
40.80600000000045,4876935.843360686
40.81600000000045,4876935.8555229
40.82600000000045,4876935.867800964
40.836000000000446,4876935.880045204
40.846000000000444,4876935.892367445
40.85600000000044,4876935.904443078
40.86600000000044,4876935.916498032
40.87600000000044,4876935.928903402
40.886000000000436,4876935.94123997
40.896000000000434,4876935.953448898
40.90600000000043,4876935.96560394
40.91600000000043,4876935.977839274
40.92600000000043,4876935.989969811
40.936000000000426,4876936.002528765
40.946000000000424,4876936.014535183
40.95600000000042,4876936.026699011
40.96600000000042,4876936.039111936
40.97600000000042,4876936.051307901
40.986000000000416,4876936.063455298
40.996000000000414,4876936.075697314
41.00600000000041,4876936.087806257
41.01600000000041,4876936.099851105
41.02600000000041,4876936.11209546
41.036000000000406,4876936.124258581
41.046000000000404,4876936.136552303
41.0560000000004,4876936.148718892
41.0660000000004,4876936.160766118
41.0760000000004,4876936.172958191
41.086000000000396,4876936.185078066
41.096000000000394,4876936.197305626
41.10600000000039,4876936.209809632
41.11600000000039,4876936.222413679
41.12600000000039,4876936.234810216
41.13600000000039,4876936.247188123
41.146000000000384,4876936.259474924
41.15600000000038,4876936.271864372
41.16600000000038,4876936.284468594
41.17600000000038,4876936.296954372
41.18600000000038,4876936.309209447
41.196000000000375,4876936.321513927
41.20600000000037,4876936.333668168
41.21600000000037,4876936.345737504
41.22600000000037,4876936.357881211
41.23600000000037,4876936.369957335
41.246000000000365,4876936.382118945
41.25600000000036,4876936.394191576
41.26600000000036,4876936.406269393
41.27600000000036,4876936.418578185
41.28600000000036,4876936.43105306
41.296000000000355,4876936.443202758
41.30600000000035,4876936.455394827
41.31600000000035,4876936.467457662
41.32600000000035,4876936.480612266
41.33600000000035,4876936.493999922
41.346000000000345,4876936.505428606
41.35600000000034,4876936.515719859
41.36600000000034,4876936.525904431
41.37600000000034,4876936.53590249
41.38600000000034,4876936.545558624
41.396000000000335,4876936.554915211
41.40600000000033,4876936.563763469
41.41600000000033,4876936.572677923
41.42600000000033,4876936.581272067
41.43600000000033,4876936.589836907
41.446000000000325,4876936.598299974
41.45600000000032,4876936.606719078
41.46600000000032,4876936.615180737
41.47600000000032,4876936.623674778
41.48600000000032,4876936.632046041
41.496000000000315,4876936.640378871
41.50600000000031,4876936.648676201
41.51600000000031,4876936.665187279
41.52600000000031,4876936.685636574
41.53600000000031,4876936.715359815
41.546000000000305,4876936.735124822
41.5560000000003,4876936.758701095
41.5660000000003,4876936.775761935
41.5760000000003,4876936.797993267
41.5860000000003,4876936.817697367
41.596000000000295,4876936.83805895
41.60600000000029,4876936.858522971
41.61600000000029,4876936.879084214
41.62600000000029,4876936.89455205
41.63600000000029,4876936.910088617
41.646000000000285,4876936.924832958
41.65600000000028,4876936.939671906
41.66600000000028,4876936.954592587
41.67600000000028,4876936.96789142
41.68600000000028,4876936.980811154
41.696000000000275,4876936.993890325
41.70600000000027,4876937.006670898
41.71600000000027,4876937.019493669
41.72600000000027,4876937.032536826
41.73600000000027,4876937.045504654
41.746000000000265,4876937.058155859
41.75600000000026,4876937.071100606
41.76600000000026,4876937.083906007
41.77600000000026,4876937.096737693
41.78600000000026,4876937.109408193
41.796000000000255,4876937.121770976
41.80600000000025,4876937.134468597
41.81600000000025,4876937.146770425
41.82600000000025,4876937.159443976
41.83600000000025,4876937.171660898
41.846000000000245,4876937.183921793
41.85600000000024,4876937.196202828
41.86600000000024,4876937.208410557
41.87600000000024,4876937.220453162
41.88600000000024,4876937.232693385
41.896000000000235,4876937.245556215
41.90600000000023,4876937.258148347
41.91600000000023,4876937.271339347
41.92600000000023,4876937.284563556
41.93600000000023,4876937.298266837
41.946000000000225,4876937.311936952
41.95600000000022,4876937.325688311
41.96600000000022,4876937.339384327
41.97600000000022,4876937.353277297
41.98600000000022,4876937.367057182
41.996000000000215,4876937.380549839
42.00600000000021,4876937.394025784
42.01600000000021,4876937.407395798
42.02600000000021,4876937.420465378
42.03600000000021,4876937.4339445
42.046000000000205,4876937.446995005
42.0560000000002,4876937.459977721
42.0660000000002,4876937.473065313
42.0760000000002,4876937.486582173
42.0860000000002,4876937.500115904
42.096000000000195,4876937.513450578
42.10600000000019,4876937.526622554
42.11600000000019,4876937.539571209
42.12600000000019,4876937.552743354
42.13600000000019,4876937.565731669
42.146000000000186,4876937.578873418
42.15600000000018,4876937.591665889
42.16600000000018,4876937.605109981
42.17600000000018,4876937.61729813
42.18600000000018,4876937.629875578
42.196000000000176,4876937.645022053
42.206000000000174,4876937.661123895
42.21600000000017,4876937.674771935
42.22600000000017,4876937.687801137
42.23600000000017,4876937.70027661
42.246000000000166,4876937.712502631
42.256000000000164,4876937.724690997
42.26600000000016,4876937.736850718
42.27600000000016,4876937.748923543
42.28600000000016,4876937.761740707
42.296000000000156,4876937.774428207
42.306000000000154,4876937.787195888
42.31600000000015,4876937.800038609
42.32600000000015,4876937.812724305
42.33600000000015,4876937.825287782
42.346000000000146,4876937.838034543
42.356000000000144,4876937.850744822
42.36600000000014,4876937.86381842
42.37600000000014,4876937.877129645
42.38600000000014,4876937.89046767
42.396000000000136,4876937.903712707
42.406000000000134,4876937.916902886
42.41600000000013,4876937.930102708
42.42600000000013,4876937.943574905
42.43600000000013,4876937.956739067
42.446000000000126,4876937.970024655
42.456000000000124,4876937.983349447
42.46600000000012,4876937.996962149
42.47600000000012,4876938.009936136
42.48600000000012,4876938.022824339
42.496000000000116,4876938.036422353
42.506000000000114,4876938.0494379
42.51600000000011,4876938.062281849
42.52600000000011,4876938.07499574
42.53600000000011,4876938.087876397
42.546000000000106,4876938.100154164
42.556000000000104,4876938.112268789
42.5660000000001,4876938.124298867
42.5760000000001,4876938.136626269
42.5860000000001,4876938.148788133
42.596000000000096,4876938.16110363
42.606000000000094,4876938.173111258
42.61600000000009,4876938.185362769
42.62600000000009,4876938.197344063
42.63600000000009,4876938.209784042
42.646000000000086,4876938.222210324
42.656000000000084,4876938.235062675
42.66600000000008,4876938.247691178
42.67600000000008,4876938.260273559
42.68600000000008,4876938.272798739
42.696000000000076,4876938.285585512
42.706000000000074,4876938.298176965
42.71600000000007,4876938.310914912
42.72600000000007,4876938.323458675
42.73600000000007,4876938.336241876
42.746000000000066,4876938.349336435
42.756000000000064,4876938.362490726
42.76600000000006,4876938.375556393
42.77600000000006,4876938.388673205
42.78600000000006,4876938.401916467
42.796000000000056,4876938.414996355
42.806000000000054,4876938.428041123
42.81600000000005,4876938.441318234
42.82600000000005,4876938.45438014
42.83600000000005,4876938.467517815
42.846000000000046,4876938.480801138
42.856000000000044,4876938.493975528
42.86600000000004,4876938.506532915
42.87600000000004,4876938.519073162
42.88600000000004,4876938.531743668
42.896000000000036,4876938.544314565
42.906000000000034,4876938.55690526
42.91600000000003,4876938.568896017
42.92600000000003,4876938.581128726
42.93600000000003,4876938.593107289
42.946000000000026,4876938.605313881
42.956000000000024,4876938.617476329
42.96600000000002,4876938.629579279
42.97600000000002,4876938.641724938
42.98600000000002,4876938.654072251
42.996000000000016,4876938.666164555
43.006000000000014,4876938.678376325
43.01600000000001,4876938.690374731
43.02600000000001,4876938.702458798
43.03600000000001,4876938.714209808
43.04600000000001,4876938.726661121
43.056000000000004,4876938.739444538
43.066,4876938.752040153
43.076,4876938.764561673
43.086,4876938.776684207
43.096,4876938.788935466
43.105999999999995,4876938.801478658
43.11599999999999,4876938.814040644
43.12599999999999,4876938.826168367
43.13599999999999,4876938.8384111
43.14599999999999,4876938.85042895
43.155999999999985,4876938.862569734
43.16599999999998,4876938.874504707
43.17599999999998,4876938.886543053
43.18599999999998,4876938.898537394
43.19599999999998,4876938.910579547
43.205999999999975,4876938.922473956
43.21599999999997,4876938.934518219
43.22599999999997,4876938.94653099
43.23599999999997,4876938.958574405
43.24599999999997,4876938.970524903
43.255999999999965,4876938.982602604
43.26599999999996,4876938.995508217
43.27599999999996,4876939.008142678
43.28599999999996,4876939.020975501
43.29599999999996,4876939.034205549
43.305999999999955,4876939.047762411
43.31599999999995,4876939.061065923
43.32599999999995,4876939.074228602
43.33599999999995,4876939.088230387
43.34599999999995,4876939.101955693
43.355999999999945,4876939.115849001
43.36599999999994,4876939.129530094
43.37599999999994,4876939.143477258
43.38599999999994,4876939.157522698
43.39599999999994,4876939.171618649
43.405999999999935,4876939.185652124
43.41599999999993,4876939.199781601
43.42599999999993,4876939.213669268
43.43599999999993,4876939.227723586
43.44599999999993,4876939.242179362
43.455999999999925,4876939.256357294
43.46599999999992,4876939.270494911
43.47599999999992,4876939.284675702
43.48599999999992,4876939.298575035
43.49599999999992,4876939.31250176
43.505999999999915,4876939.326401766
43.51599999999991,4876939.340439163
43.52599999999991,4876939.354559128
43.53599999999991,4876939.368309663
43.54599999999991,4876939.382427963
43.555999999999905,4876939.395865612
43.5659999999999,4876939.409429605
43.5759999999999,4876939.422491118
43.5859999999999,4876939.435764511
43.5959999999999,4876939.448993138
43.605999999999895,4876939.461912272
43.61599999999989,4876939.474558709
43.62599999999989,4876939.487448492
43.63599999999989,4876939.500310522
43.64599999999989,4876939.513080636
43.655999999999885,4876939.52517942
43.66599999999988,4876939.537301831
43.67599999999988,4876939.549398868
43.68599999999988,4876939.561590945
43.69599999999988,4876939.573568679
43.705999999999875,4876939.585654867
43.71599999999987,4876939.597536299
43.72599999999987,4876939.609624694
43.73599999999987,4876939.622294763
43.74599999999987,4876939.634960611
43.755999999999865,4876939.647508979
43.76599999999986,4876939.660454262
43.77599999999986,4876939.673373152
43.78599999999986,4876939.686380246
43.79599999999986,4876939.699317043
43.805999999999855,4876939.712317468
43.81599999999985,4876939.725052718
43.82599999999985,4876939.738117055
43.83599999999985,4876939.751217504
43.84599999999985,4876939.764351251
43.855999999999845,4876939.777358361
43.86599999999984,4876939.790688608
43.87599999999984,4876939.804020005
43.88599999999984,4876939.817197193
43.89599999999984,4876939.830189725
43.905999999999835,4876939.843571149
43.91599999999983,4876939.856747408
43.92599999999983,4876939.869713286
43.93599999999983,4876939.882916518
43.94599999999983,4876939.896025473
43.955999999999825,4876939.909388888
43.96599999999982,4876939.922362286
43.97599999999982,4876939.935693282
43.98599999999982,4876939.948790793
43.99599999999982,4876939.962052387
44.005999999999815,4876939.975122875
44.01599999999981,4876939.988424919
44.02599999999981,4876940.001927086
44.03599999999981,4876940.015038331
44.04599999999981,4876940.028147876
44.055999999999806,4876940.041420349
44.0659999999998,4876940.05402327
44.0759999999998,4876940.066589768
44.0859999999998,4876940.0791074
44.0959999999998,4876940.091748831
44.105999999999796,4876940.104263453
44.115999999999794,4876940.116796353
44.12599999999979,4876940.129336367
44.13599999999979,4876940.142154989
44.14599999999979,4876940.154651953
44.155999999999786,4876940.16714774
44.165999999999784,4876940.179680152
44.17599999999978,4876940.192177609
44.18599999999978,4876940.204827283
44.19599999999978,4876940.217406476
44.205999999999776,4876940.229853013
44.215999999999774,4876940.242607226
44.22599999999977,4876940.255242447
44.23599999999977,4876940.267823325
44.24599999999977,4876940.280443614
44.255999999999766,4876940.29313179
44.265999999999764,4876940.306126678
44.27599999999976,4876940.318879436
44.28599999999976,4876940.331435535
44.29599999999976,4876940.344328492
44.305999999999756,4876940.357059589
44.315999999999754,4876940.369678213
44.32599999999975,4876940.382318049
44.33599999999975,4876940.395139194
44.34599999999975,4876940.408124029
44.355999999999746,4876940.420680409
44.365999999999744,4876940.433279294
44.37599999999974,4876940.445420475
44.38599999999974,4876940.457884802
44.39599999999974,4876940.470058519
44.405999999999736,4876940.482146167
44.415999999999734,4876940.494433563
44.42599999999973,4876940.506484059
44.43599999999973,4876940.518376985
44.44599999999973,4876940.530251232
44.455999999999726,4876940.542497911
44.465999999999724,4876940.554777867
44.47599999999972,4876940.566743507
44.48599999999972,4876940.578854499
44.49599999999972,4876940.591156713
44.505999999999716,4876940.603346233
44.515999999999714,4876940.615519588
44.52599999999971,4876940.627618054
44.53599999999971,4876940.639625473
44.54599999999971,4876940.651649519
44.555999999999706,4876940.663821809
44.565999999999704,4876940.675818978
44.5759999999997,4876940.687989821
44.5859999999997,4876940.700099433
44.5959999999997,4876940.712045984
44.605999999999696,4876940.724009666
44.615999999999694,4876940.735842168
44.62599999999969,4876940.747936297
44.63599999999969,4876940.760074961
44.64599999999969,4876940.772048626
44.655999999999686,4876940.784089115
44.665999999999684,4876940.796273736
44.67599999999968,4876940.80856071
44.68599999999968,4876940.820712871
44.69599999999968,4876940.832847344
44.705999999999676,4876940.844956397
44.715999999999674,4876940.857044184
44.72599999999967,4876940.869104928
44.73599999999967,4876940.881328289
44.74599999999967,4876940.893494294
44.755999999999666,4876940.905580566
44.765999999999664,4876940.917642686
44.77599999999966,4876940.929671181
44.78599999999966,4876940.941713589
44.79599999999966,4876940.953672087
44.805999999999656,4876940.965883445
44.815999999999654,4876940.97796232
44.82599999999965,4876940.990277817
44.83599999999965,4876941.002718734
44.84599999999965,4876941.014881778
44.855999999999646,4876941.026922261
44.865999999999644,4876941.039505888
44.87599999999964,4876941.051694288
44.88599999999964,4876941.063674516
44.89599999999964,4876941.075601292
44.905999999999636,4876941.087997991
44.915999999999634,4876941.100232219
44.92599999999963,4876941.112370701
44.93599999999963,4876941.124403219
44.94599999999963,4876941.136693117
44.95599999999963,4876941.149020135
44.965999999999624,4876941.161102165
44.97599999999962,4876941.173340984
44.98599999999962,4876941.185290758
44.99599999999962,4876941.197710595
45.00599999999962,4876941.210056511
45.015999999999615,4876941.222081934
45.02599999999961,4876941.234009228
45.03599999999961,4876941.246204399
45.04599999999961,4876941.258501801
45.05599999999961,4876941.270721242
45.065999999999605,4876941.282917586
45.0759999999996,4876941.295028624
45.0859999999996,4876941.306795517
45.0959999999996,4876941.318567112
45.1059999999996,4876941.330232308
45.115999999999595,4876941.342170002
45.12599999999959,4876941.353817642
45.13599999999959,4876941.36573214
45.14599999999959,4876941.377480302
45.15599999999959,4876941.389298796
45.165999999999585,4876941.400900517
45.17599999999958,4876941.412495385
45.18599999999958,4876941.424106068
45.19599999999958,4876941.435620364
45.20599999999958,4876941.447430225
45.215999999999575,4876941.459281377
45.22599999999957,4876941.471031616
45.23599999999957,4876941.482827894
45.24599999999957,4876941.494716377
45.25599999999957,4876941.506443979
45.265999999999565,4876941.51814354
45.27599999999956,4876941.529864728
45.28599999999956,4876941.541690718
45.29599999999956,4876941.553689139
45.30599999999956,4876941.565612628
45.315999999999555,4876941.577454954
45.32599999999955,4876941.589464026
45.33599999999955,4876941.601228458
45.34599999999955,4876941.612961975
45.35599999999955,4876941.625088942
45.365999999999545,4876941.636711953
45.37599999999954,4876941.648990332
45.38599999999954,4876941.661242779
45.39599999999954,4876941.673329927
45.40599999999954,4876941.685475268
45.415999999999535,4876941.697877213
45.42599999999953,4876941.710686685
45.43599999999953,4876941.723200007
45.44599999999953,4876941.735609063
45.45599999999953,4876941.748375762
45.465999999999525,4876941.760902947
45.47599999999952,4876941.77332493
45.48599999999952,4876941.786139284
45.49599999999952,4876941.798821356
45.50599999999952,4876941.811144657
45.515999999999515,4876941.823394591
45.52599999999951,4876941.835307564
45.53599999999951,4876941.8474203
45.54599999999951,4876941.859558911
45.55599999999951,4876941.871598716
45.565999999999505,4876941.883533446
45.5759999999995,4876941.895587804
45.5859999999995,4876941.907655327
45.5959999999995,4876941.919926047
45.6059999999995,4876941.931931753
45.615999999999495,4876941.944146764
45.62599999999949,4876941.95647734
45.63599999999949,4876941.968699918
45.64599999999949,4876941.980851312
45.65599999999949,4876941.993782927
45.665999999999485,4876942.006629035
45.67599999999948,4876942.019375432
45.68599999999948,4876942.032229847
45.69599999999948,4876942.045399611
45.70599999999948,4876942.05835186
45.715999999999475,4876942.070992096
45.72599999999947,4876942.08369131
45.73599999999947,4876942.096579436
45.74599999999947,4876942.109424712
45.75599999999947,4876942.122355845
45.765999999999465,4876942.135277015
45.77599999999946,4876942.147829241
45.78599999999946,4876942.160496541
45.79599999999946,4876942.172854538
45.80599999999946,4876942.185134436
45.815999999999455,4876942.197643271
45.82599999999945,4876942.209988102
45.83599999999945,4876942.222058089
45.84599999999945,4876942.234330496
45.85599999999945,4876942.246751293
45.865999999999445,4876942.259052319
45.87599999999944,4876942.271545921
45.88599999999944,4876942.284110724
45.89599999999944,4876942.296517426
45.90599999999944,4876942.30891634
45.915999999999435,4876942.321312005
45.92599999999943,4876942.333762407
45.93599999999943,4876942.34628203
45.94599999999943,4876942.358580871
45.95599999999943,4876942.370938367
45.965999999999426,4876942.383173261
45.97599999999942,4876942.395409974
45.98599999999942,4876942.407686671
45.99599999999942,4876942.419826966
46.00599999999942,4876942.431827449
46.015999999999416,4876942.444117123
46.025999999999414,4876942.456374636
46.03599999999941,4876942.468772275
46.04599999999941,4876942.481279259
46.05599999999941,4876942.493810155
46.065999999999406,4876942.506123212
46.075999999999404,4876942.518326261
46.0859999999994,4876942.530723713
46.0959999999994,4876942.543017213
46.1059999999994,4876942.555301764
46.115999999999396,4876942.567703711
46.125999999999394,4876942.580196007
46.13599999999939,4876942.592715933
46.14599999999939,4876942.605323136
46.15599999999939,4876942.617877613
46.165999999999386,4876942.630470565
46.175999999999384,4876942.642845028
46.18599999999938,4876942.655065361
46.19599999999938,4876942.66713132
46.20599999999938,4876942.678912779
46.215999999999376,4876942.690738112
46.225999999999374,4876942.702793678
46.23599999999937,4876942.71468194
46.24599999999937,4876942.726641519
46.25599999999937,4876942.738502152
46.265999999999366,4876942.750487957
46.275999999999364,4876942.762514376
46.28599999999936,4876942.77443712
46.29599999999936,4876942.786475375
46.30599999999936,4876942.798655762
46.315999999999356,4876942.810852982
46.325999999999354,4876942.822990602
46.33599999999935,4876942.834946215
46.34599999999935,4876942.846911763
46.35599999999935,4876942.858950838
46.365999999999346,4876942.870905272
46.375999999999344,4876942.882817108
46.38599999999934,4876942.894953134
46.39599999999934,4876942.906867876
46.40599999999934,4876942.918886977
46.415999999999336,4876942.930886544
46.425999999999334,4876942.942969618
46.43599999999933,4876942.955314088
46.44599999999933,4876942.967603809
46.45599999999933,4876942.980392122
46.465999999999326,4876942.993412264
46.475999999999324,4876943.006307433
46.48599999999932,4876943.019057536
46.49599999999932,4876943.032010416
46.50599999999932,4876943.045043172
46.515999999999316,4876943.057737043
46.525999999999314,4876943.070474781
46.53599999999931,4876943.083154112
46.54599999999931,4876943.09591045
46.55599999999931,4876943.108887231
46.565999999999306,4876943.121854423
46.575999999999304,4876943.13462973
46.5859999999993,4876943.147525197
46.5959999999993,4876943.160513003
46.6059999999993,4876943.173316841
46.615999999999296,4876943.18619457
46.625999999999294,4876943.199140926
46.63599999999929,4876943.212195746
46.64599999999929,4876943.225021497
46.65599999999929,4876943.237762986
46.665999999999286,4876943.250953936
46.675999999999284,4876943.263911985
46.68599999999928,4876943.276786099
46.69599999999928,4876943.289842737
46.70599999999928,4876943.302458206
46.715999999999276,4876943.314576783
46.725999999999274,4876943.326642713
46.73599999999927,4876943.338781726
46.74599999999927,4876943.351006847
46.75599999999927,4876943.363199886
46.765999999999266,4876943.375322738
46.775999999999264,4876943.387407554
46.78599999999926,4876943.399704778
46.79599999999926,4876943.411894111
46.80599999999926,4876943.424038102
46.815999999999256,4876943.435968867
46.825999999999254,4876943.448023353
46.83599999999925,4876943.460197241
46.84599999999925,4876943.472045378
46.85599999999925,4876943.483969472
46.86599999999925,4876943.496056109
46.875999999999244,4876943.508276133
46.88599999999924,4876943.520266364
46.89599999999924,4876943.532262168
46.90599999999924,4876943.544257048
46.91599999999924,4876943.556276586
46.925999999999235,4876943.568458844
46.93599999999923,4876943.580573966
46.94599999999923,4876943.592722253
46.95599999999923,4876943.605029077
46.96599999999923,4876943.617083048
46.975999999999225,4876943.629447987
46.98599999999922,4876943.641596439
46.99599999999922,4876943.653658264
47.00599999999922,4876943.665806493
47.01599999999922,4876943.677818457
47.025999999999215,4876943.689911243
47.03599999999921,4876943.702345966
47.04599999999921,4876943.714431504
47.05599999999921,4876943.726384649
47.06599999999921,4876943.73843959
47.075999999999205,4876943.750642402
47.0859999999992,4876943.76291734
47.0959999999992,4876943.775057745
47.1059999999992,4876943.787296869
47.1159999999992,4876943.799615152
47.125999999999195,4876943.811940759
47.13599999999919,4876943.82401529
47.14599999999919,4876943.836173517
47.15599999999919,4876943.848632563
47.16599999999919,4876943.861182477
47.175999999999185,4876943.873431054
47.18599999999918,4876943.885727564
47.19599999999918,4876943.89812355
47.20599999999918,4876943.910624726
47.21599999999918,4876943.923149223
47.225999999999175,4876943.935464905
47.23599999999917,4876943.948047356
47.24599999999917,4876943.960753369
47.25599999999917,4876943.973201723
47.26599999999917,4876943.985445696
47.275999999999165,4876943.998058937
47.28599999999916,4876944.010344528
47.29599999999916,4876944.022434342
47.30599999999916,4876944.034825593
47.31599999999916,4876944.047357707
47.325999999999155,4876944.059702922
47.33599999999915,4876944.072022515
47.34599999999915,4876944.084435317
47.35599999999915,4876944.096878759
47.36599999999915,4876944.109364098
47.375999999999145,4876944.121830475
47.38599999999914,4876944.134293495
47.39599999999914,4876944.146894065
47.40599999999914,4876944.159644597
47.41599999999914,4876944.172054707
47.425999999999135,4876944.184465154
47.43599999999913,4876944.196810385
47.44599999999913,4876944.209349392
47.45599999999913,4876944.221609969
47.46599999999913,4876944.233822777
47.475999999999125,4876944.246236634
47.48599999999912,4876944.258830452
47.49599999999912,4876944.271405295
47.50599999999912,4876944.283947778
47.51599999999912,4876944.296438041
47.525999999999115,4876944.309143171
47.53599999999911,4876944.321755859
47.54599999999911,4876944.334107023
47.55599999999911,4876944.346943911
47.56599999999911,4876944.359735598
47.575999999999105,4876944.372223845
47.5859999999991,4876944.384625428
47.5959999999991,4876944.397151949
47.6059999999991,4876944.4098785
47.6159999999991,4876944.422203708
47.625999999999095,4876944.434479701
47.63599999999909,4876944.447129519
47.64599999999909,4876944.45976806
47.65599999999909,4876944.47218977
47.66599999999909,4876944.484642078
47.675999999999085,4876944.496969723
47.68599999999908,4876944.50939242
47.69599999999908,4876944.521775143
47.70599999999908,4876944.533969581
47.71599999999908,4876944.546182484
47.725999999999075,4876944.558720496
47.73599999999907,4876944.571173502
47.74599999999907,4876944.583484086
47.75599999999907,4876944.595818318
47.76599999999907,4876944.60846043
47.775999999999065,4876944.620851857
47.78599999999906,4876944.633258747
47.79599999999906,4876944.645580375
47.80599999999906,4876944.658086567
47.81599999999906,4876944.670499276
47.825999999999055,4876944.68304748
47.83599999999905,4876944.695571664
47.84599999999905,4876944.708059045
47.85599999999905,4876944.72046107
47.86599999999905,4876944.732823195
47.875999999999046,4876944.745280305
47.88599999999904,4876944.757907974
47.89599999999904,4876944.770381312
47.90599999999904,4876944.782840637
47.91599999999904,4876944.795132156
47.925999999999036,4876944.807951457
47.935999999999034,4876944.820326196
47.94599999999903,4876944.832639
47.95599999999903,4876944.84494957
47.96599999999903,4876944.857685184
47.975999999999026,4876944.870241077
47.985999999999024,4876944.882857293
47.99599999999902,4876944.895337421
48.00599999999902,4876944.90799808
48.01599999999902,4876944.92069882
48.025999999999016,4876944.93337487
48.035999999999014,4876944.945887644
48.04599999999901,4876944.958683013
48.05599999999901,4876944.971255387
48.06599999999901,4876944.983653177
48.075999999999006,4876944.996412103
48.085999999999004,4876945.009226651
48.095999999999,4876945.021694059
48.105999999999,4876945.034288773
48.115999999999,4876945.04672642
48.125999999998996,4876945.059381485
48.135999999998994,4876945.071817092
48.14599999999899,4876945.084245191
48.15599999999899,4876945.096651172
48.16599999999899,4876945.109326398
48.175999999998986,4876945.122051998
48.185999999998984,4876945.134684491
48.19599999999898,4876945.147232541
48.20599999999898,4876945.159983591
48.21599999999898,4876945.172662341
48.225999999998976,4876945.185409682
48.235999999998974,4876945.198188028
48.24599999999897,4876945.210966417
48.25599999999897,4876945.223483917
48.26599999999897,4876945.2361068
48.275999999998966,4876945.248598138
48.285999999998964,4876945.261606705
48.29599999999896,4876945.274391985
48.30599999999896,4876945.286989452
48.31599999999896,4876945.299678343
48.325999999998956,4876945.312438036
48.335999999998954,4876945.325137987
48.34599999999895,4876945.337787857
48.35599999999895,4876945.350746581
48.36599999999895,4876945.363555133
48.375999999998946,4876945.376371124
48.385999999998944,4876945.388984461
48.39599999999894,4876945.401714929
48.40599999999894,4876945.414349438
48.41599999999894,4876945.426990069
48.425999999998936,4876945.439453301
48.435999999998934,4876945.452295008
48.44599999999893,4876945.465077437
48.45599999999893,4876945.477717972
48.46599999999893,4876945.490314169
48.475999999998926,4876945.503177842
48.485999999998924,4876945.515756334
48.49599999999892,4876945.528419784
48.50599999999892,4876945.540997874
48.51599999999892,4876945.553976082
48.525999999998916,4876945.566713022
48.535999999998914,4876945.579474924
48.54599999999891,4876945.592171571
48.55599999999891,4876945.604849937
48.56599999999891,4876945.617441508
48.575999999998906,4876945.630045721
48.585999999998904,4876945.642723677
48.5959999999989,4876945.655512777
48.6059999999989,4876945.668269086
48.6159999999989,4876945.680741263
48.625999999998896,4876945.693416524
48.635999999998894,4876945.706142977
48.64599999999889,4876945.718832247
48.65599999999889,4876945.7313187
48.66599999999889,4876945.744233427
48.675999999998886,4876945.757022632
48.685999999998884,4876945.770085568
48.69599999999888,4876945.782812781
48.70599999999888,4876945.795500245
48.71599999999888,4876945.80826701
48.725999999998876,4876945.820969091
48.735999999998874,4876945.833766036
48.74599999999887,4876945.846380105
48.75599999999887,4876945.859169508
48.76599999999887,4876945.872013452
48.77599999999887,4876945.88482038
48.785999999998864,4876945.897450254
48.79599999999886,4876945.91035652
48.80599999999886,4876945.923133243
48.81599999999886,4876945.935928149
48.82599999999886,4876945.948752466
48.835999999998855,4876945.961724342
48.84599999999885,4876945.974460053
48.85599999999885,4876945.987133119
48.86599999999885,4876946.000339238
48.87599999999885,4876946.013494328
48.885999999998845,4876946.026390361
48.89599999999884,4876946.039799601
48.90599999999884,4876946.052802487
48.91599999999884,4876946.06579084
48.92599999999884,4876946.07855015
48.935999999998835,4876946.091338635
48.94599999999883,4876946.104191016
48.95599999999883,4876946.117176613
48.96599999999883,4876946.129964712
48.97599999999883,4876946.142752157
48.985999999998825,4876946.155725185
48.99599999999882,4876946.168776067
49.00599999999882,4876946.1814636
49.01599999999882,4876946.194196899
49.02599999999882,4876946.207178619
49.035999999998815,4876946.219910279
49.04599999999881,4876946.232598408
49.05599999999881,4876946.245261789
49.06599999999881,4876946.258162793
49.07599999999881,4876946.271058756
49.085999999998805,4876946.283908424
49.0959999999988,4876946.296629407
49.1059999999988,4876946.309535636
49.1159999999988,4876946.322544664
49.1259999999988,4876946.335342569
49.135999999998795,4876946.348262381
49.14599999999879,4876946.361303012
49.15599999999879,4876946.374258994
49.16599999999879,4876946.38704538
49.17599999999879,4876946.399852417
49.185999999998785,4876946.412952091
49.19599999999878,4876946.425625693
49.20599999999878,4876946.438254432
49.21599999999878,4876946.451117265
49.22599999999878,4876946.464081428
49.235999999998775,4876946.476818705
49.24599999999877,4876946.490311069
49.25599999999877,4876946.50429683
49.26599999999877,4876946.517413346
49.27599999999877,4876946.530476206
49.285999999998765,4876946.543407731
49.29599999999876,4876946.556752814
49.30599999999876,4876946.569767722
49.31599999999876,4876946.582711793
49.32599999999876,4876946.595676867
49.335999999998755,4876946.608743701
49.34599999999875,4876946.621829835
49.35599999999875,4876946.634565598
49.36599999999875,4876946.647514974
49.37599999999875,4876946.660554905
49.385999999998745,4876946.67364199
49.39599999999874,4876946.686588177
49.40599999999874,4876946.699526377
49.41599999999874,4876946.712690243
49.42599999999874,4876946.725582078
49.435999999998735,4876946.73846322
49.44599999999873,4876946.751432961
49.45599999999873,4876946.764566972
49.46599999999873,4876946.777533615
49.47599999999873,4876946.790513511
49.485999999998725,4876946.803477249
49.49599999999872,4876946.81657154
49.50599999999872,4876946.829626415
49.51599999999872,4876946.842673302
49.52599999999872,4876946.855715027
49.535999999998715,4876946.868647054
49.54599999999871,4876946.881569023
49.55599999999871,4876946.894467622
49.56599999999871,4876946.907587287
49.57599999999871,4876946.920618655
49.585999999998705,4876946.933498829
49.5959999999987,4876946.946398135
49.6059999999987,4876946.959513973
49.6159999999987,4876946.97247998
49.6259999999987,4876946.985388743
49.635999999998695,4876946.998703936
49.64599999999869,4876947.011913074
49.65599999999869,4876947.024823296
49.66599999999869,4876947.037862679
49.67599999999869,4876947.050838404
49.685999999998685,4876947.064082642
49.69599999999868,4876947.076981677
49.70599999999868,4876947.089906439
49.71599999999868,4876947.102839362
49.72599999999868,4876947.115939881
49.735999999998675,4876947.129044435
49.74599999999867,4876947.141990112
49.75599999999867,4876947.155043392
49.76599999999867,4876947.168188833
49.77599999999867,4876947.181143828
49.785999999998666,4876947.194121531
49.795999999998664,4876947.20719289
49.80599999999866,4876947.220373815
49.81599999999866,4876947.233208241
49.82599999999866,4876947.246153194
49.835999999998656,4876947.259324229
49.845999999998654,4876947.272490177
49.85599999999865,4876947.285532031
49.86599999999865,4876947.298389035
49.87599999999865,4876947.311791645
49.885999999998646,4876947.324656022
49.895999999998644,4876947.337445118
49.90599999999864,4876947.350475406
49.91599999999864,4876947.363586291
49.92599999999864,4876947.37649101
49.935999999998636,4876947.389405687
49.945999999998634,4876947.402291039
49.95599999999863,4876947.415439643
49.96599999999863,4876947.42826612
49.97599999999863,4876947.441248362
49.985999999998626,4876947.454283052
49.995999999998624,4876947.467483497
50.00599999999862,4876947.480409656
50.01599999999862,4876947.49334452
50.02599999999862,4876947.506360327
50.035999999998616,4876947.519454634
50.045999999998614,4876947.532273432
50.05599999999861,4876947.545106244
50.06599999999861,4876947.55829256
50.07599999999861,4876947.571393803
50.085999999998606,4876947.584332024
50.095999999998604,4876947.597355708
50.1059999999986,4876947.610432433
50.1159999999986,4876947.623628787
50.1259999999986,4876947.636493551
50.135999999998596,4876947.649700584
50.145999999998594,4876947.662905631
50.15599999999859,4876947.675904287
50.16599999999859,4876947.689192041
50.17599999999859,4876947.702466604
50.185999999998586,4876947.718760286
50.195999999998584,4876947.733547585
50.20599999999858,4876947.747378135
50.21599999999858,4876947.761504036
50.22599999999858,4876947.775190789
50.235999999998576,4876947.788535064
50.245999999998574,4876947.801769819
50.25599999999857,4876947.815414613
50.26599999999857,4876947.829083647
50.27599999999857,4876947.843278014
50.285999999998566,4876947.857172567
50.295999999998564,4876947.87444883
50.30599999999856,4876947.890626003
50.31599999999856,4876947.906682322
50.32599999999856,4876947.922673944
50.335999999998556,4876947.938195934
50.345999999998554,4876947.953786942
50.35599999999855,4876947.969703034
50.36599999999855,4876947.985129952
50.37599999999855,4876948.000873931
50.385999999998546,4876948.01652102
50.395999999998544,4876948.031946318
50.40599999999854,4876948.047742551
50.41599999999854,4876948.063393645
50.42599999999854,4876948.07858273
50.435999999998536,4876948.093835534
50.445999999998534,4876948.109047952
50.45599999999853,4876948.124381343
50.46599999999853,4876948.139572376
50.47599999999853,4876948.15479319
50.485999999998526,4876948.170118477
50.495999999998524,4876948.185181238
50.50599999999852,4876948.200405
50.51599999999852,4876948.21555018
50.52599999999852,4876948.230486382
50.535999999998516,4876948.245599987
50.545999999998514,4876948.260850699
50.55599999999851,4876948.276062423
50.56599999999851,4876948.291240256
50.57599999999851,4876948.306348516
50.585999999998506,4876948.321607152
50.595999999998504,4876948.336779988
50.6059999999985,4876948.351931397
50.6159999999985,4876948.367330462
50.6259999999985,4876948.382699041
50.635999999998496,4876948.397834731
50.645999999998494,4876948.413175618
50.65599999999849,4876948.428229572
50.66599999999849,4876948.443294891
50.67599999999849,4876948.458301673
50.68599999999849,4876948.473669644
50.695999999998484,4876948.48862257
50.70599999999848,4876948.50340462
50.71599999999848,4876948.518526429
50.72599999999848,4876948.53352792
50.73599999999848,4876948.548534878
50.745999999998475,4876948.5638662
50.75599999999847,4876948.579229129
50.76599999999847,4876948.594785533
50.77599999999847,4876948.610488551
50.78599999999847,4876948.626171069
50.795999999998465,4876948.641650528
50.80599999999846,4876948.657277251
50.81599999999846,4876948.672847628
50.82599999999846,4876948.688325264
50.83599999999846,4876948.703547967
50.845999999998455,4876948.718964126
50.85599999999845,4876948.734239464
50.86599999999845,4876948.74937116
50.87599999999845,4876948.764454409
50.88599999999845,4876948.779206943
50.895999999998445,4876948.793902929
50.90599999999844,4876948.808137833
50.91599999999844,4876948.822200902
50.92599999999844,4876948.835807662
50.93599999999844,4876948.849624116
50.945999999998435,4876948.863481736
50.95599999999843,4876948.877116232
50.96599999999843,4876948.890597367
50.97599999999843,4876948.904545023
50.98599999999843,4876948.918665852
50.995999999998425,4876948.932643284
51.00599999999842,4876948.946621291
51.01599999999842,4876948.960652655
51.02599999999842,4876948.974909314
51.03599999999842,4876948.988897969
51.045999999998415,4876949.003410576
51.05599999999841,4876949.017994149
51.06599999999841,4876949.032518616
51.07599999999841,4876949.047104576
51.08599999999841,4876949.061626613
51.095999999998405,4876949.076281231
51.1059999999984,4876949.090652462
51.1159999999984,4876949.105158439
51.1259999999984,4876949.119920248
51.1359999999984,4876949.134412095
51.145999999998395,4876949.148885834
51.15599999999839,4876949.163401445
51.16599999999839,4876949.178206067
51.17599999999839,4876949.192756973
51.18599999999839,4876949.207243708
51.195999999998385,4876949.221041604
51.20599999999838,4876949.234531363
51.21599999999838,4876949.248089272
51.22599999999838,4876949.261595951
51.23599999999838,4876949.275251004
51.245999999998375,4876949.288767938
51.25599999999837,4876949.302294531
51.26599999999837,4876949.31603157
51.27599999999837,4876949.329471157
51.28599999999837,4876949.34281111
51.295999999998365,4876949.356348795
51.30599999999836,4876949.369950951
51.31599999999836,4876949.383480175
51.32599999999836,4876949.396975516
51.33599999999836,4876949.410588694
51.345999999998355,4876949.424298085
51.35599999999835,4876949.437669763
51.36599999999835,4876949.45116956
51.37599999999835,4876949.464838728
51.38599999999835,4876949.478261191
51.395999999998345,4876949.491691856
51.40599999999834,4876949.505045247
51.41599999999834,4876949.519410473
51.42599999999834,4876949.533541823
51.43599999999834,4876949.54861596
51.445999999998335,4876949.563815307
51.45599999999833,4876949.579158288
51.46599999999833,4876949.594246847
51.47599999999833,4876949.609389128
51.48599999999833,4876949.624686458
51.495999999998325,4876949.639466285
51.50599999999832,4876949.654720687
51.51599999999832,4876949.669573544
51.52599999999832,4876949.684081518
51.53599999999832,4876949.698715866
51.545999999998315,4876949.713216318
51.55599999999831,4876949.727752486
51.56599999999831,4876949.742099687
51.57599999999831,4876949.756608519
51.58599999999831,4876949.771404785
51.595999999998305,4876949.785880818
51.6059999999983,4876949.800262653
51.6159999999983,4876949.814899433
51.6259999999983,4876949.828997381
51.6359999999983,4876949.842916028
51.645999999998295,4876949.857303109
51.65599999999829,4876949.872184131
51.66599999999829,4876949.886614964
51.67599999999829,4876949.900950232
51.68599999999829,4876949.9152363
51.695999999998286,4876949.929350003
51.705999999998284,4876949.943540786
51.71599999999828,4876949.957666666
51.72599999999828,4876949.972205939
51.73599999999828,4876949.986738349
51.745999999998276,4876950.001795494
51.755999999998274,4876950.016733381
51.76599999999827,4876950.031281424
51.77599999999827,4876950.046114277
51.78599999999827,4876950.060935036
51.795999999998266,4876950.075767477
51.805999999998264,4876950.090689038
51.81599999999826,4876950.10542101
51.82599999999826,4876950.120658943
51.83599999999826,4876950.135487455
51.845999999998256,4876950.151154097
51.855999999998254,4876950.166535215
51.86599999999825,4876950.182304528
51.87599999999825,4876950.198031936
51.88599999999825,4876950.213668704
51.895999999998246,4876950.229338242
51.905999999998244,4876950.244889944
51.91599999999824,4876950.25982362
51.92599999999824,4876950.274805945
51.93599999999824,4876950.290136038
51.945999999998236,4876950.304884758
51.955999999998234,4876950.319072546
51.96599999999823,4876950.333068497
51.97599999999823,4876950.346837495
51.98599999999823,4876950.360913488
51.995999999998226,4876950.375284503
52.005999999998224,4876950.389185254
52.01599999999822,4876950.403199702
52.02599999999822,4876950.417109898
52.03599999999822,4876950.431493553
52.045999999998216,4876950.445429057
52.055999999998214,4876950.459236892
52.06599999999821,4876950.4730772
52.07599999999821,4876950.486713851
52.08599999999821,4876950.500235193
52.095999999998206,4876950.513805373
52.105999999998204,4876950.527508563
52.1159999999982,4876950.540923181
52.1259999999982,4876950.554338959
52.1359999999982,4876950.568150903
52.145999999998196,4876950.581667629
52.155999999998194,4876950.595137611
52.16599999999819,4876950.608736144
52.17599999999819,4876950.622618333
52.18599999999819,4876950.63607015
52.195999999998186,4876950.649634863
52.205999999998184,4876950.663271738
52.21599999999818,4876950.677132862
52.22599999999818,4876950.69053427
52.23599999999818,4876950.703959251
52.245999999998176,4876950.717449867
52.255999999998174,4876950.730848046
52.26599999999817,4876950.744120338
52.27599999999817,4876950.757523435
52.28599999999817,4876950.771034588
52.295999999998166,4876950.784496203
52.305999999998164,4876950.797840024
52.31599999999816,4876950.811539781
52.32599999999816,4876950.824984006
52.33599999999816,4876950.838231909
52.345999999998156,4876950.851725119
52.355999999998154,4876950.86507007
52.36599999999815,4876950.878562818
52.37599999999815,4876950.89192081
52.38599999999815,4876950.905687609
52.395999999998146,4876950.920055834
52.405999999998144,4876950.934241973
52.41599999999814,4876950.948421136
52.42599999999814,4876950.963030105
52.43599999999814,4876950.977704965
52.445999999998136,4876950.991963369
52.455999999998134,4876951.006119375
52.46599999999813,4876951.02053256
52.47599999999813,4876951.034815619
52.48599999999813,4876951.04885872
52.495999999998126,4876951.062983867
52.505999999998124,4876951.077184219
52.51599999999812,4876951.091575909
52.52599999999812,4876951.105749941
52.53599999999812,4876951.120033167
52.545999999998116,4876951.134104415
52.555999999998114,4876951.148196811
52.56599999999811,4876951.162378671
52.57599999999811,4876951.176682713
52.58599999999811,4876951.191038094
52.59599999999811,4876951.205090137
52.605999999998104,4876951.219347972
52.6159999999981,4876951.2337653
52.6259999999981,4876951.247822085
52.6359999999981,4876951.262016765
52.6459999999981,4876951.276321572
52.655999999998095,4876951.290426596
52.66599999999809,4876951.304491017
52.67599999999809,4876951.317883592
52.68599999999809,4876951.331255299
52.69599999999809,4876951.344544688
52.705999999998085,4876951.357810722
52.71599999999808,4876951.371077973
52.72599999999808,4876951.384326953
52.73599999999808,4876951.39760088
52.74599999999808,4876951.410844797
52.755999999998075,4876951.424182592
52.76599999999807,4876951.437490469
52.77599999999807,4876951.450788815
52.78599999999807,4876951.464171868
52.79599999999807,4876951.477691779
52.805999999998065,4876951.490959457
52.81599999999806,4876951.50409866
52.82599999999806,4876951.517307698
52.83599999999806,4876951.530578755
52.84599999999806,4876951.543847098
52.855999999998055,4876951.557334687
52.86599999999805,4876951.570795106
52.87599999999805,4876951.584418966
52.88599999999805,4876951.597811763
52.89599999999805,4876951.611281021
52.905999999998045,4876951.624991248
52.91599999999804,4876951.638375936
52.92599999999804,4876951.651911766
52.93599999999804,4876951.665490224
52.94599999999804,4876951.679196314
52.955999999998035,4876951.692628165
52.96599999999803,4876951.705998982
52.97599999999803,4876951.719623063
52.98599999999803,4876951.7331604
52.99599999999803,4876951.746524933
53.005999999998025,4876951.760055327
53.01599999999802,4876951.773745178
53.02599999999802,4876951.787365167
53.03599999999802,4876951.800738733
53.04599999999802,4876951.814171269
53.055999999998015,4876951.827943665
53.06599999999801,4876951.841360499
53.07599999999801,4876951.85486834
53.08599999999801,4876951.868361757
53.09599999999801,4876951.882016123
53.105999999998005,4876951.895534051
53.115999999998,4876951.90903282
53.125999999998,4876951.922579742
53.135999999998,4876951.936029645
53.145999999998,4876951.94957859
53.155999999997995,4876951.96324725
53.16599999999799,4876951.977123327
53.17599999999799,4876951.99073682
53.18599999999799,4876952.004283382
53.19599999999799,4876952.017830553
53.205999999997985,4876952.031523844
53.21599999999798,4876952.045407265
53.22599999999798,4876952.059065501
53.23599999999798,4876952.072611542
53.24599999999798,4876952.086091757
53.255999999997975,4876952.099582869
53.26599999999797,4876952.113246714
53.27599999999797,4876952.12687181
53.28599999999797,4876952.140351531
53.29599999999797,4876952.153992435
53.305999999997965,4876952.167543383
53.31599999999796,4876952.181210567
53.32599999999796,4876952.194657098
53.33599999999796,4876952.208133246
53.34599999999796,4876952.221578839
53.355999999997955,4876952.235127501
53.36599999999795,4876952.248545719
53.37599999999795,4876952.262112863
53.38599999999795,4876952.275714998
53.39599999999795,4876952.289204291
53.405999999997945,4876952.302559079
53.41599999999794,4876952.316083766
53.42599999999794,4876952.329592061
53.43599999999794,4876952.342905951
53.44599999999794,4876952.356331946
53.455999999997935,4876952.369632427
53.46599999999793,4876952.383034024
53.47599999999793,4876952.396374935
53.48599999999793,4876952.409539953
53.49599999999793,4876952.42273444
53.505999999997925,4876952.435845254
53.51599999999792,4876952.448938482
53.52599999999792,4876952.462203962
53.53599999999792,4876952.475581678
53.54599999999792,4876952.488648747
53.555999999997915,4876952.501715057
53.56599999999791,4876952.514775391
53.57599999999791,4876952.527931062
53.58599999999791,4876952.540980503
53.59599999999791,4876952.554050392
53.605999999997906,4876952.567086776
53.615999999997904,4876952.580301613
53.6259999999979,4876952.593449756
53.6359999999979,4876952.606490913
53.6459999999979,4876952.619616463
53.655999999997896,4876952.632960678
53.665999999997894,4876952.646180021
53.67599999999789,4876952.65964855
53.68599999999789,4876952.673116807
53.69599999999789,4876952.686529635
53.705999999997886,4876952.70024623
53.715999999997884,4876952.714062699
53.72599999999788,4876952.728113439
53.73599999999788,4876952.74183639
53.74599999999788,4876952.755745965
53.755999999997876,4876952.769614975
53.765999999997874,4876952.783588236
53.77599999999787,4876952.797405588
53.78599999999787,4876952.811553266
53.79599999999787,4876952.825721315
53.805999999997866,4876952.839499588
53.815999999997864,4876952.853409462
53.82599999999786,4876952.866861584
53.83599999999786,4876952.880355319
53.84599999999786,4876952.893802923
53.855999999997856,4876952.907049168
53.865999999997854,4876952.920636964
53.87599999999785,4876952.934027395
53.88599999999785,4876952.947331699
53.89599999999785,4876952.960917972
53.905999999997846,4876952.974231153
53.915999999997844,4876952.987561094
53.92599999999784,4876953.001289456
53.93599999999784,4876953.014694228
53.94599999999784,4876953.028062645
53.955999999997836,4876953.041669828
53.965999999997834,4876953.055055158
53.97599999999783,4876953.068292072
53.98599999999783,4876953.081855187
53.99599999999783,4876953.095121563
54.005999999997826,4876953.108488933
54.015999999997824,4876953.122076509
54.02599999999782,4876953.135454272
54.03599999999782,4876953.1486755
54.04599999999782,4876953.162141573
54.055999999997816,4876953.175567176
54.065999999997814,4876953.18883838
54.07599999999781,4876953.202265192
54.08599999999781,4876953.2155301
54.09599999999781,4876953.228991549
54.105999999997806,4876953.242348895
54.115999999997804,4876953.255647327
54.1259999999978,4876953.269096615
54.1359999999978,4876953.282744533
54.1459999999978,4876953.29607688
54.155999999997796,4876953.309399305
54.165999999997794,4876953.322880322
54.17599999999779,4876953.336323569
54.18599999999779,4876953.34946737
54.19599999999779,4876953.362887701
54.205999999997786,4876953.376327462
54.215999999997784,4876953.389640781
54.22599999999778,4876953.403098081
54.23599999999778,4876953.416373044
54.24599999999778,4876953.429770145
54.255999999997776,4876953.442993631
54.265999999997774,4876953.456333405
54.27599999999777,4876953.469652589
54.28599999999777,4876953.483217457
54.29599999999777,4876953.496562434
54.305999999997766,4876953.509767672
54.315999999997764,4876953.523161958
54.32599999999776,4876953.536591982
54.33599999999776,4876953.549955469
54.34599999999776,4876953.563462101
54.355999999997756,4876953.576972176
54.365999999997754,4876953.590260503
54.37599999999775,4876953.603472964
54.38599999999775,4876953.616889857
54.39599999999775,4876953.63052082
54.405999999997746,4876953.64387143
54.415999999997744,4876953.657240416
54.42599999999774,4876953.670614509
54.43599999999774,4876953.684068736
54.44599999999774,4876953.697335561
54.455999999997736,4876953.710634431
54.465999999997734,4876953.724215188
54.47599999999773,4876953.737586989
54.48599999999773,4876953.750943209
54.49599999999773,4876953.764466947
54.50599999999773,4876953.777835417
54.515999999997725,4876953.791226144
54.52599999999772,4876953.80484841
54.53599999999772,4876953.818238405
54.54599999999772,4876953.83175319
54.55599999999772,4876953.845028416
54.565999999997715,4876953.858367015
54.57599999999771,4876953.871677018
54.58599999999771,4876953.88516187
54.59599999999771,4876953.898709934
54.60599999999771,4876953.913321691
54.615999999997705,4876953.926824014
54.6259999999977,4876953.940391932
54.6359999999977,4876953.953977333
54.6459999999977,4876953.967463442
54.6559999999977,4876953.981068315
54.665999999997695,4876953.995201032
54.67599999999769,4876954.008769236
54.68599999999769,4876954.022613394
54.69599999999769,4876954.03663123
54.70599999999769,4876954.050320435
54.715999999997685,4876954.064146928
54.72599999999768,4876954.077748607
54.73599999999768,4876954.091435647
54.74599999999768,4876954.104992452
54.75599999999768,4876954.118767827
54.765999999997675,4876954.133024379
54.77599999999767,4876954.146590999
54.78599999999767,4876954.160331873
54.79599999999767,4876954.174026255
54.80599999999767,4876954.188140784
54.815999999997665,4876954.202237328
54.82599999999766,4876954.216256827
54.83599999999766,4876954.230085145
54.84599999999766,4876954.243770091
54.85599999999766,4876954.257404955
54.865999999997655,4876954.271110747
54.87599999999765,4876954.284995489
54.88599999999765,4876954.298722869
54.89599999999765,4876954.31225565
54.90599999999765,4876954.325848874
54.915999999997645,4876954.33953637
54.92599999999764,4876954.353039644
54.93599999999764,4876954.366668674
54.94599999999764,4876954.380468545
54.95599999999764,4876954.394126444
54.965999999997635,4876954.407591521
54.97599999999763,4876954.421377733
54.98599999999763,4876954.435103255
54.99599999999763,4876954.448736131
55.00599999999763,4876954.462611445
55.015999999997625,4876954.4761555
55.02599999999762,4876954.493049892
55.03599999999762,4876954.510073348
55.04599999999762,4876954.522145918
55.05599999999762,4876954.533417071
55.065999999997615,4876954.544240931
55.07599999999761,4876954.554630064
55.08599999999761,4876954.565056283
55.09599999999761,4876954.57518874
55.10599999999761,4876954.585318763
55.115999999997605,4876954.595139605
55.1259999999976,4876954.604660436
55.1359999999976,4876954.614105221
55.1459999999976,4876954.623700567
55.1559999999976,4876954.633224637
55.165999999997595,4876954.642341331
55.17599999999759,4876954.651431913
55.18599999999759,4876954.660828619
55.19599999999759,4876954.704810647
55.20599999999759,4876954.733367441
55.215999999997585,4876954.754863007
55.22599999999758,4876954.777187074
55.23599999999758,4876954.799867707
55.24599999999758,4876954.821364262
55.25599999999758,4876954.84229442
55.265999999997575,4876954.86270831
55.27599999999757,4876954.884459685
55.28599999999757,4876954.904291546
55.29599999999757,4876954.92352439
55.30599999999757,4876954.942760675
55.315999999997565,4876954.961404893
55.32599999999756,4876954.979948355
55.33599999999756,4876954.998716317
55.34599999999756,4876955.01801507
55.35599999999756,4876955.037969582
55.365999999997555,4876955.05524753
55.37599999999755,4876955.072720639
55.38599999999755,4876955.09505782
55.39599999999755,4876955.120249168
55.40599999999755,4876955.140864828
55.415999999997545,4876955.158018388
55.42599999999754,4876955.174928193
55.43599999999754,4876955.191426517
55.44599999999754,4876955.207185331
55.45599999999754,4876955.223288325
55.465999999997535,4876955.23894139
55.47599999999753,4876955.253931549
55.48599999999753,4876955.272094111
55.49599999999753,4876955.287574248
55.50599999999753,4876955.302273558
55.515999999997526,4876955.323219451
55.525999999997524,4876955.338014721
55.53599999999752,4876955.351566868
55.54599999999752,4876955.36447332
55.55599999999752,4876955.377703053
55.565999999997516,4876955.399638455
55.575999999997514,4876955.415982375
55.58599999999751,4876955.432805345
55.59599999999751,4876955.448989128
55.60599999999751,4876955.464160577
55.615999999997506,4876955.479306906
55.625999999997504,4876955.494336473
55.6359999999975,4876955.508774147
55.6459999999975,4876955.525060533
55.6559999999975,4876955.54639081
55.665999999997496,4876955.567111967
55.675999999997494,4876955.584571903
55.68599999999749,4876955.615374045
55.69599999999749,4876955.63573349
55.70599999999749,4876955.654399019
55.715999999997486,4876955.671457494
55.725999999997484,4876955.688444599
55.73599999999748,4876955.705015914
55.74599999999748,4876955.721678823
55.75599999999748,4876955.73848222
55.765999999997476,4876955.754584223
55.775999999997474,4876955.770211067
55.78599999999747,4876955.785697345
55.79599999999747,4876955.801050909
55.80599999999747,4876955.816354956
55.815999999997466,4876955.831747238
55.825999999997464,4876955.847113401
55.83599999999746,4876955.862390775
55.84599999999746,4876955.877785423
55.85599999999746,4876955.893200192
55.865999999997456,4876955.908401331
55.875999999997454,4876955.923829512
55.88599999999745,4876955.939395161
55.89599999999745,4876955.954861932
55.90599999999745,4876955.970745199
55.915999999997446,4876955.986567614
55.925999999997444,4876956.002892906
55.93599999999744,4876956.019115632
55.94599999999744,4876956.036073845
55.95599999999744,4876956.052634542
55.965999999997436,4876956.069833829
55.975999999997434,4876956.088547365
55.98599999999743,4876956.107175338
55.99599999999743,4876956.123725334
56.00599999999743,4876956.140617889
56.015999999997426,4876956.16020477
56.025999999997424,4876956.179839171
56.03599999999742,4876956.196229861
56.04599999999742,4876956.211232495
56.05599999999742,4876956.22642948
56.065999999997416,4876956.241253278
56.075999999997414,4876956.255792482
56.08599999999741,4876956.27014324
56.09599999999741,4876956.285091709
56.10599999999741,4876956.301233466
56.115999999997406,4876956.31623116
56.125999999997404,4876956.331027014
56.1359999999974,4876956.345380183
56.1459999999974,4876956.359518063
56.1559999999974,4876956.373973729
56.165999999997396,4876956.38847729
56.175999999997394,4876956.403160867
56.18599999999739,4876956.418687602
56.19599999999739,4876956.434170251
56.20599999999739,4876956.450177031
56.215999999997386,4876956.465373924
56.225999999997384,4876956.481027011
56.23599999999738,4876956.497572789
56.24599999999738,4876956.515442211
56.25599999999738,4876956.531159814
56.265999999997376,4876956.547571796
56.275999999997374,4876956.574966081
56.28599999999737,4876956.595546831
56.29599999999737,4876956.612937672
56.30599999999737,4876956.630531792
56.315999999997366,4876956.648668419
56.325999999997364,4876956.666412203
56.33599999999736,4876956.683283092
56.34599999999736,4876956.699390072
56.35599999999736,4876956.716756812
56.365999999997356,4876956.733862521
56.375999999997354,4876956.749581857
56.38599999999735,4876956.764948248
56.39599999999735,4876956.781682887
56.40599999999735,4876956.797484111
56.41599999999735,4876956.813082696
56.425999999997345,4876956.828739076
56.43599999999734,4876956.84615914
56.44599999999734,4876956.862904726
56.45599999999734,4876956.887314395
56.46599999999734,4876956.905443762
56.475999999997335,4876956.922120809
56.48599999999733,4876956.938958311
56.49599999999733,4876956.955452452
56.50599999999733,4876956.972045391
56.51599999999733,4876956.991432097
56.525999999997325,4876957.008839692
56.53599999999732,4876957.025097609
56.54599999999732,4876957.041801951
56.55599999999732,4876957.058044963
56.56599999999732,4876957.074163376
56.575999999997315,4876957.090369463
56.58599999999731,4876957.106616609
56.59599999999731,4876957.122937632
56.60599999999731,4876957.139240097
56.61599999999731,4876957.155385433
56.625999999997305,4876957.171645299
56.6359999999973,4876957.188025308
56.6459999999973,4876957.204376269
56.6559999999973,4876957.220443079
56.6659999999973,4876957.236631698
56.675999999997295,4876957.252750422
56.68599999999729,4876957.268745275
56.69599999999729,4876957.285221276
56.70599999999729,4876957.301463201
56.71599999999729,4876957.317565726
56.725999999997285,4876957.333878317
56.73599999999728,4876957.349917527
56.74599999999728,4876957.36593288
56.75599999999728,4876957.381999103
56.76599999999728,4876957.398288942
56.775999999997275,4876957.414311762
56.78599999999727,4876957.430539189
56.79599999999727,4876957.446674428
56.80599999999727,4876957.462630724
56.81599999999727,4876957.478847913
56.825999999997265,4876957.494978845
56.83599999999726,4876957.511026197
56.84599999999726,4876957.527330886
56.85599999999726,4876957.543626063
56.86599999999726,4876957.560299438
56.875999999997255,4876957.57695924
56.88599999999725,4876957.593731041
56.89599999999725,4876957.610217824
56.90599999999725,4876957.626757724
56.91599999999725,4876957.643517298
56.925999999997245,4876957.660238343
56.93599999999724,4876957.677201835
56.94599999999724,4876957.694085551
56.95599999999724,4876957.710604277
56.96599999999724,4876957.727294213
56.975999999997235,4876957.743748297
56.98599999999723,4876957.759746161
56.99599999999723,4876957.776099365
57.00599999999723,4876957.79241974
57.01599999999723,4876957.808575544
57.025999999997225,4876957.824768534
57.03599999999722,4876957.840989512
57.04599999999722,4876957.857013439
57.05599999999722,4876957.873287417
57.06599999999722,4876957.889345761
57.075999999997215,4876957.9055528
57.08599999999721,4876957.921611533
57.09599999999721,4876957.937758944
57.10599999999721,4876957.953917941
57.11599999999721,4876957.96992851
57.125999999997205,4876957.98587788
57.1359999999972,4876958.002198464
57.1459999999972,4876958.018248511
57.1559999999972,4876958.034555973
57.1659999999972,4876958.050739673
57.175999999997195,4876958.066764224
57.18599999999719,4876958.082802216
57.19599999999719,4876958.098904947
57.20599999999719,4876958.115070266
57.21599999999719,4876958.131481474
57.225999999997185,4876958.147396236
57.23599999999718,4876958.163439736
57.24599999999718,4876958.179464272
57.25599999999718,4876958.195678479
57.26599999999718,4876958.211774441
57.275999999997175,4876958.227753417
57.28599999999717,4876958.244018549
57.29599999999717,4876958.259887264
57.30599999999717,4876958.275992577
57.31599999999717,4876958.292355919
57.325999999997165,4876958.308903634
57.33599999999716,4876958.32564844
57.34599999999716,4876958.341877082
57.35599999999716,4876958.357938928
57.36599999999716,4876958.374326035
57.375999999997155,4876958.39061033
57.38599999999715,4876958.4068296
57.39599999999715,4876958.423094415
57.40599999999715,4876958.439431042
57.41599999999715,4876958.45568288
57.425999999997146,4876958.471902702
57.435999999997144,4876958.487982976
57.44599999999714,4876958.504245458
57.45599999999714,4876958.520316469
57.46599999999714,4876958.536440927
57.475999999997136,4876958.552483784
57.485999999997134,4876958.568423335
57.49599999999713,4876958.584339385
57.50599999999713,4876958.600324114
57.51599999999713,4876958.616359199
57.525999999997126,4876958.632712281
57.535999999997124,4876958.648885359
57.54599999999712,4876958.664872141
57.55599999999712,4876958.681022478
57.56599999999712,4876958.697197407
57.575999999997116,4876958.713167995
57.585999999997114,4876958.72931097
57.59599999999711,4876958.745397323
57.60599999999711,4876958.761498608
57.61599999999711,4876958.777588642
57.625999999997106,4876958.793873467
57.635999999997104,4876958.810536517
57.6459999999971,4876958.826841818
57.6559999999971,4876958.843183777
57.6659999999971,4876958.859447884
57.675999999997096,4876958.87553375
57.685999999997094,4876958.892057182
57.69599999999709,4876958.908520057
57.70599999999709,4876958.924659037
57.71599999999709,4876958.94085656
57.725999999997086,4876958.957126742
57.735999999997084,4876958.973314113
57.74599999999708,4876958.989526254
57.75599999999708,4876959.006096035
57.76599999999708,4876959.02222832
57.775999999997076,4876959.038627008
57.785999999997074,4876959.055084393
57.79599999999707,4876959.071324607
57.80599999999707,4876959.087392388
57.81599999999707,4876959.103506691
57.825999999997066,4876959.119600874
57.835999999997064,4876959.136013775
57.84599999999706,4876959.151860649
57.85599999999706,4876959.167876046
57.86599999999706,4876959.183944248
57.875999999997056,4876959.199959033
57.885999999997054,4876959.216104746
57.89599999999705,4876959.232247517
57.90599999999705,4876959.248313129
57.91599999999705,4876959.26436569
57.925999999997046,4876959.280357998
57.935999999997044,4876959.296585127
57.94599999999704,4876959.312603349
57.95599999999704,4876959.32870473
57.96599999999704,4876959.344933613
57.975999999997036,4876959.361035509
57.985999999997034,4876959.377162028
57.99599999999703,4876959.393301135
58.00599999999703,4876959.409502177
58.01599999999703,4876959.425711862
58.025999999997026,4876959.441910764
58.035999999997024,4876959.457918316
58.04599999999702,4876959.474154826
58.05599999999702,4876959.490207006
58.06599999999702,4876959.506315292
58.075999999997016,4876959.522583125
58.085999999997014,4876959.538593069
58.09599999999701,4876959.55491869
58.10599999999701,4876959.571169564
58.11599999999701,4876959.587263052
58.125999999997006,4876959.603458321
58.135999999997004,4876959.619405288
58.145999999997,4876959.635757238
58.155999999997,4876959.651928719
58.165999999997,4876959.667922059
58.175999999996996,4876959.684239753
58.185999999996994,4876959.700486096
58.19599999999699,4876959.716471777
58.20599999999699,4876959.732666065
58.21599999999699,4876959.748729292
58.225999999996986,4876959.76482923
58.235999999996984,4876959.780962736
58.24599999999698,4876959.796911444
58.25599999999698,4876959.812939246
58.26599999999698,4876959.828871126
58.275999999996976,4876959.844695516
58.285999999996974,4876959.860767725
58.29599999999697,4876959.876756173
58.30599999999697,4876959.892889348
58.31599999999697,4876959.909082689
58.32599999999697,4876959.925097467
58.335999999996965,4876959.941141095
58.34599999999696,4876959.957046922
58.35599999999696,4876959.973219748
58.36599999999696,4876959.989292669
58.37599999999696,4876960.005561289
58.385999999996955,4876960.021504696
58.39599999999695,4876960.037458077
58.40599999999695,4876960.054076614
58.41599999999695,4876960.070343461
58.42599999999695,4876960.08654875
58.435999999996945,4876960.102884205
58.44599999999694,4876960.11909233
58.45599999999694,4876960.135301281
58.46599999999694,4876960.151669433
58.47599999999694,4876960.16776009
58.485999999996935,4876960.184101243
58.49599999999693,4876960.20040256
58.50599999999693,4876960.216369502
58.51599999999693,4876960.232462409
58.52599999999693,4876960.248342777
58.535999999996925,4876960.264359069
58.54599999999692,4876960.280499252
58.55599999999692,4876960.296600415
58.56599999999692,4876960.312642547
58.57599999999692,4876960.328620238
58.585999999996915,4876960.344678063
58.59599999999691,4876960.360953755
58.60599999999691,4876960.376876622
58.61599999999691,4876960.392981951
58.62599999999691,4876960.409116743
58.635999999996905,4876960.424914074
58.6459999999969,4876960.440977984
58.6559999999969,4876960.45699754
58.6659999999969,4876960.473210561
58.6759999999969,4876960.48930476
58.685999999996895,4876960.505378807
58.69599999999689,4876960.521351798
58.70599999999689,4876960.537428205
58.71599999999689,4876960.553487729
58.72599999999689,4876960.569542482
58.735999999996885,4876960.585450906
58.74599999999688,4876960.601682209
58.75599999999688,4876960.617736362
58.76599999999688,4876960.633699369
58.77599999999688,4876960.649845558
58.785999999996875,4876960.665866817
58.79599999999687,4876960.68175956
58.80599999999687,4876960.698708217
58.81599999999687,4876960.715305518
58.82599999999687,4876960.731484638
58.835999999996865,4876960.747987963
58.84599999999686,4876960.764195239
58.85599999999686,4876960.780626023
58.86599999999686,4876960.796763897
58.87599999999686,4876960.81352857
58.885999999996855,4876960.829820491
58.89599999999685,4876960.846080587
58.90599999999685,4876960.862555825
58.91599999999685,4876960.878573126
58.92599999999685,4876960.894748384
58.935999999996845,4876960.911080513
58.94599999999684,4876960.927070629
58.95599999999684,4876960.943430805
58.96599999999684,4876960.959593303
58.97599999999684,4876960.975581487
58.985999999996835,4876960.991997854
58.99599999999683,4876961.008800928
59.00599999999683,4876961.025417914
59.01599999999683,4876961.04222626
59.02599999999683,4876961.059037061
59.035999999996825,4876961.075658605
59.04599999999682,4876961.092263943
59.05599999999682,4876961.10888658
59.06599999999682,4876961.125450935
59.07599999999682,4876961.142173687
59.085999999996815,4876961.159297593
59.09599999999681,4876961.176311969
59.10599999999681,4876961.193762867
59.11599999999681,4876961.21075899
59.12599999999681,4876961.227667871
59.135999999996805,4876961.244841633
59.1459999999968,4876961.262117612
59.1559999999968,4876961.279285087
59.1659999999968,4876961.296649924
59.1759999999968,4876961.313736677
59.185999999996795,4876961.330905571
59.19599999999679,4876961.348362758
59.20599999999679,4876961.36504888
59.21599999999679,4876961.381795495
59.22599999999679,4876961.398522734
59.235999999996785,4876961.41560307
59.24599999999678,4876961.432466265
59.25599999999678,4876961.449037918
59.26599999999678,4876961.465822112
59.27599999999678,4876961.482520005
59.285999999996776,4876961.499175858
59.29599999999677,4876961.517045817
59.30599999999677,4876961.535179191
59.31599999999677,4876961.552728101
59.32599999999677,4876961.569831756
59.335999999996766,4876961.586975908
59.345999999996764,4876961.60304201
59.35599999999676,4876961.61921888
59.36599999999676,4876961.635416528
59.37599999999676,4876961.651436315
59.385999999996756,4876961.667665054
59.395999999996754,4876961.683662379
59.40599999999675,4876961.699792499
59.41599999999675,4876961.715836705
59.42599999999675,4876961.731667911
59.435999999996746,4876961.747640695
59.445999999996744,4876961.763572041
59.45599999999674,4876961.779841526
59.46599999999674,4876961.796007165
59.47599999999674,4876961.811894797
59.485999999996736,4876961.827723514
59.495999999996734,4876961.84387967
59.50599999999673,4876961.859714005
59.51599999999673,4876961.875695025
59.52599999999673,4876961.891658348
59.535999999996726,4876961.907798401
59.545999999996724,4876961.92387154
59.55599999999672,4876961.939861121
59.56599999999672,4876961.955804044
59.57599999999672,4876961.971777568
59.585999999996716,4876961.98774556
59.595999999996714,4876962.004241496
59.60599999999671,4876962.020407702
59.61599999999671,4876962.036433189
59.62599999999671,4876962.052901442
59.635999999996706,4876962.068953318
59.645999999996704,4876962.085059993
59.6559999999967,4876962.101160663
59.6659999999967,4876962.117326197
59.6759999999967,4876962.133515672
59.685999999996696,4876962.149501802
59.695999999996694,4876962.165583351
59.70599999999669,4876962.181845113
59.71599999999669,4876962.197814228
59.72599999999669,4876962.213918863
59.735999999996686,4876962.229904332
59.745999999996684,4876962.245928871
59.75599999999668,4876962.262508659
59.76599999999668,4876962.278675343
59.77599999999668,4876962.294798087
59.785999999996676,4876962.31130544
59.795999999996674,4876962.327330457
59.80599999999667,4876962.343358849
59.81599999999667,4876962.359337435
59.82599999999667,4876962.375276666
59.835999999996666,4876962.391295845
59.845999999996664,4876962.407514006
59.85599999999666,4876962.423312144
59.86599999999666,4876962.439261312
59.87599999999666,4876962.455097461
59.885999999996656,4876962.47154681
59.895999999996654,4876962.487570429
59.90599999999665,4876962.503475796
59.91599999999665,4876962.519444063
59.92599999999665,4876962.535539547
59.935999999996646,4876962.55159791
59.945999999996644,4876962.567745156
59.95599999999664,4876962.583698082
59.96599999999664,4876962.59985272
59.97599999999664,4876962.616135126
59.985999999996636,4876962.632302492
59.995999999996634,4876962.648634342
60.00599999999663,4876962.66482252
60.01599999999663,4876962.681112859
60.02599999999663,4876962.697172199
60.035999999996626,4876962.713117993
60.045999999996624,4876962.72905145
60.05599999999662,4876962.745229195
60.06599999999662,4876962.761432771
60.07599999999662,4876962.777602095
60.085999999996616,4876962.793715078
60.095999999996614,4876962.810214785
60.10599999999661,4876962.826186862
60.11599999999661,4876962.842291721
60.12599999999661,4876962.858348266
60.135999999996606,4876962.874856525
60.145999999996604,4876962.891475463
60.1559999999966,4876962.908065504
60.1659999999966,4876962.924802393
60.1759999999966,4876962.941710113
60.185999999996596,4876962.957669096
60.195999999996594,4876962.973710073
60.20599999999659,4876962.98970707
60.21599999999659,4876963.00594396
60.22599999999659,4876963.021943612
60.23599999999659,4876963.037886528
60.245999999996585,4876963.054430373
60.25599999999658,4876963.070569106
60.26599999999658,4876963.086569199
60.27599999999658,4876963.102530432
60.28599999999658,4876963.118687854
60.295999999996575,4876963.134751805
60.30599999999657,4876963.150670124
60.31599999999657,4876963.166732437
60.32599999999657,4876963.182796322
60.33599999999657,4876963.198737267
60.345999999996565,4876963.214800963
60.35599999999656,4876963.230834112
60.36599999999656,4876963.246898637
60.37599999999656,4876963.26317806
60.38599999999656,4876963.279323555
60.395999999996555,4876963.296691255
60.40599999999655,4876963.315973126
60.41599999999655,4876963.333241286
60.42599999999655,4876963.350879208
60.43599999999655,4876963.368130297
60.445999999996545,4876963.385158165
60.45599999999654,4876963.402521693
60.46599999999654,4876963.419975508
60.47599999999654,4876963.437529323
60.48599999999654,4876963.454286875
60.495999999996535,4876963.470911609
60.50599999999653,4876963.487431249
60.51599999999653,4876963.503892039
60.52599999999653,4876963.520575773
60.53599999999653,4876963.537238176
60.545999999996525,4876963.554491581
60.55599999999652,4876963.571492183
60.56599999999652,4876963.588775159
60.57599999999652,4876963.606364136
60.58599999999652,4876963.62441267
60.595999999996515,4876963.642189216
60.60599999999651,4876963.659718857
60.61599999999651,4876963.677467152
60.62599999999651,4876963.695023258
60.63599999999651,4876963.712679814
60.645999999996505,4876963.730223408
60.6559999999965,4876963.74770762
60.6659999999965,4876963.765575833
60.6759999999965,4876963.783309378
60.6859999999965,4876963.801810317
60.695999999996495,4876963.820433928
60.70599999999649,4876963.839196527
60.71599999999649,4876963.857870394
60.72599999999649,4876963.87692294
60.73599999999649,4876963.895826683
60.745999999996485,4876963.915077352
60.75599999999648,4876963.934198786
60.76599999999648,4876963.95337644
60.77599999999648,4876963.972542539
60.78599999999648,4876963.991412218
60.795999999996475,4876964.010785156
60.80599999999647,4876964.029808819
60.81599999999647,4876964.048955405
60.82599999999647,4876964.068247202
60.83599999999647,4876964.087742569
60.845999999996465,4876964.107316606
60.85599999999646,4876964.127052275
60.86599999999646,4876964.146580733
60.87599999999646,4876964.165348432
60.88599999999646,4876964.184220414
60.895999999996455,4876964.202996725
60.90599999999645,4876964.221822492
60.91599999999645,4876964.240928148
60.92599999999645,4876964.259931072
60.93599999999645,4876964.278914975
60.945999999996445,4876964.297985137
60.95599999999644,4876964.316826492
60.96599999999644,4876964.335966036
60.97599999999644,4876964.354421084
60.98599999999644,4876964.373135762
60.995999999996435,4876964.391568013
61.00599999999643,4876964.410293271
61.01599999999643,4876964.429691873
61.02599999999643,4876964.44835418
61.03599999999643,4876964.467724494
61.045999999996425,4876964.4876882
61.05599999999642,4876964.50653624
61.06599999999642,4876964.525312104
61.07599999999642,4876964.543933937
61.08599999999642,4876964.562550666
61.095999999996415,4876964.580592084
61.10599999999641,4876964.598984651
61.11599999999641,4876964.617519384
61.12599999999641,4876964.635790262
61.13599999999641,4876964.654225331
61.145999999996405,4876964.672674547
61.1559999999964,4876964.690425618
61.1659999999964,4876964.707942424
61.1759999999964,4876964.72567001
61.1859999999964,4876964.744062579
61.195999999996396,4876964.762289414
61.20599999999639,4876964.780770454
61.21599999999639,4876964.799414892
61.22599999999639,4876964.819097081
61.23599999999639,4876964.837914121
61.245999999996386,4876964.856138362
61.255999999996384,4876964.874461189
61.26599999999638,4876964.892574814
61.27599999999638,4876964.911180313
61.28599999999638,4876964.929875937
61.295999999996376,4876964.949469669
61.305999999996374,4876964.969351039
61.31599999999637,4876964.987897402
61.32599999999637,4876965.007549476
61.33599999999637,4876965.027073942
61.345999999996366,4876965.046819443
61.355999999996364,4876965.066090535
61.36599999999636,4876965.084742159
61.37599999999636,4876965.105109019
61.38599999999636,4876965.124413569
61.395999999996356,4876965.143492879
61.405999999996354,4876965.162575647
61.41599999999635,4876965.181360682
61.42599999999635,4876965.202212703
61.43599999999635,4876965.221809151
61.445999999996346,4876965.240900853
61.455999999996344,4876965.260714381
61.46599999999634,4876965.279719376
61.47599999999634,4876965.298785882
61.48599999999634,4876965.317913838
61.495999999996336,4876965.336095635
61.505999999996334,4876965.354435638
61.51599999999633,4876965.372704672
61.52599999999633,4876965.390775815
61.53599999999633,4876965.408750463
61.545999999996326,4876965.42680008
61.555999999996324,4876965.444467149
61.56599999999632,4876965.461816687
61.57599999999632,4876965.479633773
61.58599999999632,4876965.49750114
61.595999999996316,4876965.515238104
61.605999999996314,4876965.532333658
61.61599999999631,4876965.548697022
61.62599999999631,4876965.56491272
61.63599999999631,4876965.581357142
61.645999999996306,4876965.597758601
61.655999999996304,4876965.614105618
61.6659999999963,4876965.630395029
61.6759999999963,4876965.646644798
61.6859999999963,4876965.662652476
61.695999999996296,4876965.67898846
61.705999999996294,4876965.69508533
61.71599999999629,4876965.712556025
61.72599999999629,4876965.728894262
61.73599999999629,4876965.746183386
61.745999999996286,4876965.762135237
61.755999999996284,4876965.778496267
61.76599999999628,4876965.794395678
61.77599999999628,4876965.810415935
61.78599999999628,4876965.826312655
61.795999999996276,4876965.842269986
61.805999999996274,4876965.858039669
61.81599999999627,4876965.873959517
61.82599999999627,4876965.890211847
61.83599999999627,4876965.90633205
61.845999999996266,4876965.922579044
61.855999999996264,4876965.938750518
61.86599999999626,4876965.955170819
61.87599999999626,4876965.971382197
61.88599999999626,4876965.98863828
61.895999999996256,4876966.006301242
61.905999999996254,4876966.023418792
61.91599999999625,4876966.040231613
61.92599999999625,4876966.057637486
61.93599999999625,4876966.074458665
61.945999999996246,4876966.091563766
61.955999999996244,4876966.107673951
61.96599999999624,4876966.124357422
61.97599999999624,4876966.140907722
61.98599999999624,4876966.157268377
61.995999999996236,4876966.173093352
62.005999999996234,4876966.188914396
62.01599999999623,4876966.20568816
62.02599999999623,4876966.222660269
62.03599999999623,4876966.239734519
62.045999999996226,4876966.256895389
62.055999999996224,4876966.273991571
62.06599999999622,4876966.289521938
62.07599999999622,4876966.305164439
62.08599999999622,4876966.320486366
62.095999999996216,4876966.335837946
62.105999999996214,4876966.350317342
62.11599999999621,4876966.364887116
62.12599999999621,4876966.379873392
62.13599999999621,4876966.395428062
62.14599999999621,4876966.410751817
62.155999999996205,4876966.426072036
62.1659999999962,4876966.441265283
62.1759999999962,4876966.456071161
62.1859999999962,4876966.471979404
62.1959999999962,4876966.487424171
62.205999999996195,4876966.504296249
62.21599999999619,4876966.521351477
62.22599999999619,4876966.540750787
62.23599999999619,4876966.560383848
62.24599999999619,4876966.584782455
62.255999999996185,4876966.610596314
62.26599999999618,4876966.629083338
62.27599999999618,4876966.647977053
62.28599999999618,4876966.668405597
62.29599999999618,4876966.691132182
62.305999999996175,4876966.710152227
62.31599999999617,4876966.730686566
62.32599999999617,4876966.750763989
62.33599999999617,4876966.769510157
62.34599999999617,4876966.788348382
62.355999999996165,4876966.806713356
62.36599999999616,4876966.826410952
62.37599999999616,4876966.850616948
62.38599999999616,4876966.870796258
62.39599999999616,4876966.889376981
62.405999999996155,4876966.908484921
62.41599999999615,4876966.927079124
62.42599999999615,4876966.945576775
62.43599999999615,4876966.964063076
62.44599999999615,4876966.982741408
62.455999999996145,4876967.001612273
62.46599999999614,4876967.020689722
62.47599999999614,4876967.03957236
62.48599999999614,4876967.058668368
62.49599999999614,4876967.078263079
62.505999999996135,4876967.097496521
62.51599999999613,4876967.116622764
62.52599999999613,4876967.136508671
62.53599999999613,4876967.156505785
62.54599999999613,4876967.18224469
62.555999999996125,4876967.204619841
62.56599999999612,4876967.225313962
62.57599999999612,4876967.24554847
62.58599999999612,4876967.266845563
62.59599999999612,4876967.287390419
62.605999999996115,4876967.308483731
62.61599999999611,4876967.328924873
62.62599999999611,4876967.349240607
62.63599999999611,4876967.369471504
62.64599999999611,4876967.38978644
62.655999999996105,4876967.410098091
62.6659999999961,4876967.430367413
62.6759999999961,4876967.450497087
62.6859999999961,4876967.470664853
62.6959999999961,4876967.491008015
62.705999999996095,4876967.511411299
62.71599999999609,4876967.531733497
62.72599999999609,4876967.552029638
62.73599999999609,4876967.572407551
62.74599999999609,4876967.592937665
62.755999999996085,4876967.613487107
62.76599999999608,4876967.634047319
62.77599999999608,4876967.654582893
62.78599999999608,4876967.675100602
62.79599999999608,4876967.695784052
62.805999999996075,4876967.716315158
62.81599999999607,4876967.737082378
62.82599999999607,4876967.757537018
62.83599999999607,4876967.777832117
62.84599999999607,4876967.798283793
62.855999999996065,4876967.81842905
62.86599999999606,4876967.83921377
62.87599999999606,4876967.859520659
62.88599999999606,4876967.879917367
62.89599999999606,4876967.900136839
62.905999999996055,4876967.920317357
62.91599999999605,4876967.941047146
62.92599999999605,4876967.961720156
62.93599999999605,4876967.982916932
62.94599999999605,4876968.003703306
62.955999999996045,4876968.023984174
62.96599999999604,4876968.044357242
62.97599999999604,4876968.064859753
62.98599999999604,4876968.085445094
62.99599999999604,4876968.105519967
63.005999999996035,4876968.126293537
63.01599999999603,4876968.146976698
63.02599999999603,4876968.167825806
63.03599999999603,4876968.188932972
63.04599999999603,4876968.209426164
63.055999999996025,4876968.230166261
63.06599999999602,4876968.250800401
63.07599999999602,4876968.271376699
63.08599999999602,4876968.292145081
63.09599999999602,4876968.312787628
63.105999999996016,4876968.333768454
63.11599999999601,4876968.354342042
63.12599999999601,4876968.375052706
63.13599999999601,4876968.395775501
63.14599999999601,4876968.416564132
63.155999999996006,4876968.437701785
63.165999999996004,4876968.458656317
63.175999999996,4876968.479642708
63.185999999996,4876968.500442654
63.195999999996,4876968.521074845
63.205999999995996,4876968.541412263
63.215999999995994,4876968.562171461
63.22599999999599,4876968.582980502
63.23599999999599,4876968.6031739
63.24599999999599,4876968.623486444
63.255999999995986,4876968.649844268
63.265999999995984,4876968.675760182
63.27599999999598,4876968.703997455
63.28599999999598,4876968.729366478
63.29599999999598,4876968.753208172
63.305999999995976,4876968.775990732
63.315999999995974,4876968.798726019
63.32599999999597,4876968.821917472
63.33599999999597,4876968.843575246
63.34599999999597,4876968.865371301
63.355999999995966,4876968.886269704
63.365999999995964,4876968.907194952
63.37599999999596,4876968.929527227
63.38599999999596,4876968.951658173
63.39599999999596,4876968.973211352
63.405999999995956,4876968.995054137
63.415999999995954,4876969.01674114
63.42599999999595,4876969.038755687
63.43599999999595,4876969.059825923
63.44599999999595,4876969.081122727
63.455999999995946,4876969.102168561
63.465999999995944,4876969.123136832
63.47599999999594,4876969.144210371
63.48599999999594,4876969.171096619
63.49599999999594,4876969.200790506
63.505999999995936,4876969.227305231
63.515999999995934,4876969.253410954
63.52599999999593,4876969.277132844
63.53599999999593,4876969.301014765
63.54599999999593,4876969.323424978
63.555999999995926,4876969.346375976
63.565999999995924,4876969.368281835
63.57599999999592,4876969.39105855
63.58599999999592,4876969.413024164
63.59599999999592,4876969.435106069
63.605999999995916,4876969.457402114
63.615999999995914,4876969.479765711
63.62599999999591,4876969.502165313
63.63599999999591,4876969.524340062
63.64599999999591,4876969.54685411
63.655999999995906,4876969.56911568
63.665999999995904,4876969.591655135
63.6759999999959,4876969.614125571
63.6859999999959,4876969.636684784
63.6959999999959,4876969.659034442
63.705999999995896,4876969.681346795
63.715999999995894,4876969.703610522
63.72599999999589,4876969.725791207
63.73599999999589,4876969.748230231
63.74599999999589,4876969.770446144
63.755999999995886,4876969.793021794
63.765999999995884,4876969.815309031
63.77599999999588,4876969.837574524
63.78599999999588,4876969.859675318
63.79599999999588,4876969.881988708
63.805999999995876,4876969.904229082
63.815999999995874,4876969.926520206
63.82599999999587,4876969.949440962
63.83599999999587,4876969.972524095
63.84599999999587,4876969.996468554
63.855999999995866,4876970.020541293
63.865999999995864,4876970.043602208
63.87599999999586,4876970.066901975
63.88599999999586,4876970.09004402
63.89599999999586,4876970.112768811
63.905999999995856,4876970.135620064
63.915999999995854,4876970.157786947
63.92599999999585,4876970.180919986
63.93599999999585,4876970.202948747
63.94599999999585,4876970.224074869
63.955999999995846,4876970.246705101
63.965999999995844,4876970.268534003
63.97599999999584,4876970.290871821
63.98599999999584,4876970.312428072
63.99599999999584,4876970.334048001
64.00599999999584,4876970.35655332
64.01599999999584,4876970.378907236
64.02599999999585,4876970.401844995
64.03599999999585,4876970.424574052
64.04599999999586,4876970.446733654
64.05599999999586,4876970.468449671
64.06599999999587,4876970.490870278
64.07599999999587,4876970.513359708
64.08599999999588,4876970.537375604
64.09599999999588,4876970.560022847
64.10599999999589,4876970.581785883
64.11599999999589,4876970.605814763
64.1259999999959,4876970.629101611
64.1359999999959,4876970.653322663
64.14599999999591,4876970.676113724
64.15599999999591,4876970.699112877
64.16599999999592,4876970.722042947
64.17599999999592,4876970.744917739
64.18599999999593,4876970.770911891
64.19599999999593,4876970.800026617
64.20599999999594,4876970.823557667
64.21599999999594,4876970.846236754
64.22599999999595,4876970.868330271
64.23599999999595,4876970.890390242
64.24599999999596,4876970.912764533
64.25599999999596,4876970.935659345
64.26599999999597,4876970.957561535
64.27599999999597,4876970.979767406
64.28599999999598,4876971.002618087
64.29599999999598,4876971.024684737
64.30599999999599,4876971.046911822
64.315999999996,4876971.069208259
64.325999999996,4876971.0914419
64.335999999996,4876971.11347222
64.34599999999601,4876971.135359014
64.35599999999602,4876971.157466207
64.36599999999602,4876971.179162882
64.37599999999603,4876971.201399731
64.38599999999603,4876971.223347103
64.39599999999604,4876971.24531043
64.40599999999604,4876971.267332067
64.41599999999605,4876971.289717228
64.42599999999605,4876971.311756437
64.43599999999606,4876971.333884106
64.44599999999606,4876971.355930409
64.45599999999607,4876971.378179887
64.46599999999607,4876971.400305645
64.47599999999608,4876971.422147928
64.48599999999608,4876971.444106161
64.49599999999609,4876971.465790453
64.50599999999609,4876971.487638654
64.5159999999961,4876971.509355198
64.5259999999961,4876971.531240413
64.53599999999611,4876971.553141279
64.54599999999611,4876971.574997774
64.55599999999612,4876971.596931122
64.56599999999612,4876971.618823731
64.57599999999613,4876971.641591832
64.58599999999613,4876971.66404763
64.59599999999614,4876971.686273472
64.60599999999614,4876971.708700765
64.61599999999615,4876971.730994431
64.62599999999615,4876971.753336734
64.63599999999616,4876971.775606938
64.64599999999616,4876971.798152045
64.65599999999617,4876971.821067658
64.66599999999617,4876971.844019497
64.67599999999618,4876971.866767741
64.68599999999618,4876971.889678415
64.69599999999619,4876971.912487617
64.7059999999962,4876971.935413907
64.7159999999962,4876971.958252602
64.7259999999962,4876971.980995404
64.73599999999621,4876972.004418851
64.74599999999622,4876972.027046184
64.75599999999622,4876972.050036986
64.76599999999623,4876972.073211942
64.77599999999623,4876972.09612945
64.78599999999624,4876972.119015395
64.79599999999624,4876972.141932214
64.80599999999625,4876972.164592502
64.81599999999625,4876972.187383929
64.82599999999626,4876972.209983866
64.83599999999626,4876972.232185755
64.84599999999627,4876972.254436681
64.85599999999627,4876972.276531779
64.86599999999628,4876972.298947032
64.87599999999628,4876972.321127935
64.88599999999629,4876972.343549779
64.89599999999629,4876972.365736316
64.9059999999963,4876972.387945428
64.9159999999963,4876972.409594796
64.92599999999631,4876972.431191577
64.93599999999631,4876972.452955053
64.94599999999632,4876972.474573035
64.95599999999632,4876972.496365718
64.96599999999633,4876972.518022918
64.97599999999633,4876972.539730893
64.98599999999634,4876972.561462341
64.99599999999634,4876972.583124799
65.00599999999635,4876972.604988924
65.01599999999635,4876972.626682533
65.02599999999636,4876972.648655071
65.03599999999636,4876972.67033872
65.04599999999637,4876972.692227164
65.05599999999637,4876972.713787136
65.06599999999638,4876972.735527389
65.07599999999638,4876972.758074263
65.08599999999639,4876972.780212954
65.0959999999964,4876972.803033662
65.1059999999964,4876972.825488924
65.1159999999964,4876972.847931757
65.12599999999641,4876972.870323327
65.13599999999641,4876972.892713778
65.14599999999642,4876972.915038435
65.15599999999642,4876972.93710507
65.16599999999643,4876972.959504778
65.17599999999644,4876972.981648914
65.18599999999644,4876973.004466857
65.19599999999645,4876973.02681851
65.20599999999645,4876973.049269828
65.21599999999646,4876973.071918623
65.22599999999646,4876973.094361699
65.23599999999647,4876973.117036531
65.24599999999647,4876973.139392156
65.25599999999648,4876973.161806097
65.26599999999648,4876973.184254892
65.27599999999649,4876973.206835915
65.28599999999649,4876973.228957005
65.2959999999965,4876973.251300902
65.3059999999965,4876973.27327751
65.3159999999965,4876973.295818828
65.32599999999651,4876973.318482042
65.33599999999652,4876973.340879616
65.34599999999652,4876973.363449702
65.35599999999653,4876973.385916207
65.36599999999653,4876973.407935721
65.37599999999654,4876973.429789347
65.38599999999654,4876973.451777897
65.39599999999655,4876973.473513941
65.40599999999655,4876973.495699489
65.41599999999656,4876973.517584082
65.42599999999656,4876973.539604043
65.43599999999657,4876973.561826651
65.44599999999657,4876973.583824244
65.45599999999658,4876973.606008547
65.46599999999658,4876973.627977004
65.47599999999659,4876973.650227176
65.4859999999966,4876973.672103653
65.4959999999966,4876973.694196776
65.5059999999966,4876973.716095906
65.51599999999661,4876973.738615931
65.52599999999661,4876973.761078833
65.53599999999662,4876973.783554277
65.54599999999662,4876973.806129787
65.55599999999663,4876973.828603116
65.56599999999663,4876973.85118711
65.57599999999664,4876973.872901733
65.58599999999664,4876973.894899724
65.59599999999665,4876973.91681968
65.60599999999665,4876973.938655289
65.61599999999666,4876973.960713728
65.62599999999667,4876973.98269022
65.63599999999667,4876974.005173445
65.64599999999668,4876974.027305486
65.65599999999668,4876974.049426833
65.66599999999669,4876974.072205529
65.67599999999669,4876974.094603715
65.6859999999967,4876974.117399956
65.6959999999967,4876974.139691354
65.7059999999967,4876974.162773782
65.71599999999671,4876974.185228461
65.72599999999672,4876974.207788578
65.73599999999672,4876974.229899121
65.74599999999673,4876974.252716617
65.75599999999673,4876974.275897844
65.76599999999674,4876974.298892376
65.77599999999674,4876974.32148379
65.78599999999675,4876974.344132322
65.79599999999675,4876974.36680299
65.80599999999676,4876974.389515811
65.81599999999676,4876974.412497019
65.82599999999677,4876974.435094834
65.83599999999677,4876974.457807662
65.84599999999678,4876974.480563286
65.85599999999678,4876974.503661557
65.86599999999679,4876974.526230169
65.8759999999968,4876974.549261141
65.8859999999968,4876974.571710967
65.8959999999968,4876974.594669941
65.90599999999681,4876974.617612821
65.91599999999681,4876974.640498274
65.92599999999682,4876974.66348946
65.93599999999682,4876974.686023401
65.94599999999683,4876974.708410109
65.95599999999683,4876974.730490243
65.96599999999684,4876974.752763871
65.97599999999684,4876974.774750011
65.98599999999685,4876974.79712534
65.99599999999685,4876974.819521962
66.00599999999686,4876974.841482195
66.01599999999686,4876974.863657009
66.02599999999687,4876974.884978231
66.03599999999687,4876974.906404428
66.04599999999688,4876974.927575363
66.05599999999689,4876974.949144066
66.06599999999689,4876974.970275247
66.0759999999969,4876974.991774745
66.0859999999969,4876975.013301386
66.0959999999969,4876975.03460406
66.10599999999691,4876975.05618945
66.11599999999692,4876975.077435249
66.12599999999692,4876975.098911398
66.13599999999693,4876975.12039597
66.14599999999693,4876975.141647506
66.15599999999694,4876975.163091419
66.16599999999694,4876975.18431555
66.17599999999695,4876975.205640171
66.18599999999695,4876975.226883987
66.19599999999696,4876975.248243355
66.20599999999696,4876975.269599928
66.21599999999697,4876975.290861509
66.22599999999697,4876975.312458942
66.23599999999698,4876975.333835902
66.24599999999698,4876975.355417525
66.25599999999699,4876975.376495047
66.26599999999699,4876975.397757155
66.275999999997,4876975.419155013
66.285999999997,4876975.440498616
66.29599999999701,4876975.461840004
66.30599999999701,4876975.483171002
66.31599999999702,4876975.504460558
66.32599999999702,4876975.525730864
66.33599999999703,4876975.547095149
66.34599999999703,4876975.568606628
66.35599999999704,4876975.590083777
66.36599999999704,4876975.611441648
66.37599999999705,4876975.632919797
66.38599999999705,4876975.654459385
66.39599999999706,4876975.675735308
66.40599999999706,4876975.697031091
66.41599999999707,4876975.718653471
66.42599999999707,4876975.739927937
66.43599999999708,4876975.761468963
66.44599999999708,4876975.782710369
66.45599999999709,4876975.804380124
66.4659999999971,4876975.825568751
66.4759999999971,4876975.846902801
66.4859999999971,4876975.868405041
66.49599999999711,4876975.889641956
66.50599999999712,4876975.910960289
66.51599999999712,4876975.932176566
66.52599999999713,4876975.953658455
66.53599999999713,4876975.974707693
66.54599999999714,4876975.996389387
66.55599999999714,4876976.017863736
66.56599999999715,4876976.039091662
66.57599999999715,4876976.060558378
66.58599999999716,4876976.08162596
66.59599999999716,4876976.103025247
66.60599999999717,4876976.124428533
66.61599999999717,4876976.145552926
66.62599999999718,4876976.166788682
66.63599999999718,4876976.187943932
66.64599999999719,4876976.209036709
66.65599999999719,4876976.230038749
66.6659999999972,4876976.251124765
66.6759999999972,4876976.27242539
66.68599999999721,4876976.293542729
66.69599999999721,4876976.314808665
66.70599999999722,4876976.336089601
66.71599999999722,4876976.357423244
66.72599999999723,4876976.378656264
66.73599999999723,4876976.399752206
66.74599999999724,4876976.42123219
66.75599999999724,4876976.442366255
66.76599999999725,4876976.463687085
66.77599999999725,4876976.484788887
66.78599999999726,4876976.506189872
66.79599999999726,4876976.527418815
66.80599999999727,4876976.548532333
66.81599999999727,4876976.569610573
66.82599999999728,4876976.590950221
66.83599999999728,4876976.612308538
66.84599999999729,4876976.633522322
66.8559999999973,4876976.65568628
66.8659999999973,4876976.677324641
66.8759999999973,4876976.699200106
66.88599999999731,4876976.721008086
66.89599999999731,4876976.742633937
66.90599999999732,4876976.764406644
66.91599999999733,4876976.785941854
66.92599999999733,4876976.807952274
66.93599999999734,4876976.829538866
66.94599999999734,4876976.851335343
66.95599999999735,4876976.873165632
66.96599999999735,4876976.894685636
66.97599999999736,4876976.916447228
66.98599999999736,4876976.937837885
66.99599999999737,4876976.959499909
67.00599999999737,4876976.980246867
67.01599999999738,4876977.001591033
67.02599999999738,4876977.023044355
67.03599999999739,4876977.044493404
67.04599999999739,4876977.066085759
67.0559999999974,4876977.087312341
67.0659999999974,4876977.108840543
67.0759999999974,4876977.130039437
67.08599999999741,4876977.151049846
67.09599999999742,4876977.17242959
67.10599999999742,4876977.193713422
67.11599999999743,4876977.21498342
67.12599999999743,4876977.236495887
67.13599999999744,4876977.25789518
67.14599999999744,4876977.278752363
67.15599999999745,4876977.299942963
67.16599999999745,4876977.321117791
67.17599999999746,4876977.342323596
67.18599999999746,4876977.363444597
67.19599999999747,4876977.384298725
67.20599999999747,4876977.405290675
67.21599999999748,4876977.426411727
67.22599999999748,4876977.4474229
67.23599999999749,4876977.468554972
67.2459999999975,4876977.489534269
67.2559999999975,4876977.51071557
67.2659999999975,4876977.531690572
67.27599999999751,4876977.553278424
67.28599999999751,4876977.574515216
67.29599999999752,4876977.595709828
67.30599999999752,4876977.616850684
67.31599999999753,4876977.637942532
67.32599999999753,4876977.658953929
67.33599999999754,4876977.680215926
67.34599999999755,4876977.701480099
67.35599999999755,4876977.722971904
67.36599999999756,4876977.743621435
67.37599999999756,4876977.764670702
67.38599999999757,4876977.78543831
67.39599999999757,4876977.806271463
67.40599999999758,4876977.827105247
67.41599999999758,4876977.847924122
67.42599999999759,4876977.868646656
67.43599999999759,4876977.889412769
67.4459999999976,4876977.910173521
67.4559999999976,4876977.930941182
67.4659999999976,4876977.951755984
67.47599999999761,4876977.972591144
67.48599999999762,4876977.993594426
67.49599999999762,4876978.014580492
67.50599999999763,4876978.03532774
67.51599999999763,4876978.056591868
67.52599999999764,4876978.077285868
67.53599999999764,4876978.098220058
67.54599999999765,4876978.11930221
67.55599999999765,4876978.140128121
67.56599999999766,4876978.161167063
67.57599999999766,4876978.181845228
67.58599999999767,4876978.202729111
67.59599999999767,4876978.223769356
67.60599999999768,4876978.2445817
67.61599999999768,4876978.265361145
67.62599999999769,4876978.285906601
67.6359999999977,4876978.306985065
67.6459999999977,4876978.32789851
67.6559999999977,4876978.34855405
67.66599999999771,4876978.369301205
67.67599999999771,4876978.39015333
67.68599999999772,4876978.410960445
67.69599999999772,4876978.431798488
67.70599999999773,4876978.452502439
67.71599999999773,4876978.473335648
67.72599999999774,4876978.494133909
67.73599999999774,4876978.51504352
67.74599999999775,4876978.535853998
67.75599999999775,4876978.556502418
67.76599999999776,4876978.577221963
67.77599999999777,4876978.598111257
67.78599999999777,4876978.619051009
67.79599999999778,4876978.639934895
67.80599999999778,4876978.660899021
67.81599999999779,4876978.681475256
67.82599999999779,4876978.702321042
67.8359999999978,4876978.7233865
67.8459999999978,4876978.744158435
67.8559999999978,4876978.765053181
67.86599999999781,4876978.78558085
67.87599999999782,4876978.806763595
67.88599999999782,4876978.827865342
67.89599999999783,4876978.848734862
67.90599999999783,4876978.869475174
67.91599999999784,4876978.890244051
67.92599999999784,4876978.911073407
67.93599999999785,4876978.93181604
67.94599999999785,4876978.95272802
67.95599999999786,4876978.973581425
67.96599999999786,4876978.994985174
67.97599999999787,4876979.016020568
67.98599999999787,4876979.037038679
67.99599999999788,4876979.05853059
68.00599999999788,4876979.079499661
68.01599999999789,4876979.100524287
68.0259999999979,4876979.121889401
68.0359999999979,4876979.142817926
68.0459999999979,4876979.164055644
68.05599999999791,4876979.185070799
68.06599999999791,4876979.206580274
68.07599999999792,4876979.228090481
68.08599999999792,4876979.249466009
68.09599999999793,4876979.270820985
68.10599999999793,4876979.29221058
68.11599999999794,4876979.313350035
68.12599999999794,4876979.334513993
68.13599999999795,4876979.355708159
68.14599999999795,4876979.376955865
68.15599999999796,4876979.398316613
68.16599999999796,4876979.419604356
68.17599999999797,4876979.441068591
68.18599999999797,4876979.462511522
68.19599999999798,4876979.48364931
68.20599999999799,4876979.505325657
68.21599999999799,4876979.526883426
68.225999999998,4876979.548535421
68.235999999998,4876979.570205011
68.245999999998,4876979.591998724
68.25599999999801,4876979.613759327
68.26599999999802,4876979.63558446
68.27599999999802,4876979.657397874
68.28599999999803,4876979.679295876
68.29599999999803,4876979.704191364
68.30599999999804,4876979.727350831
68.31599999999804,4876979.749704254
68.32599999999805,4876979.772257813
68.33599999999805,4876979.794928114
68.34599999999806,4876979.818711472
68.35599999999806,4876979.841201444
68.36599999999807,4876979.864011694
68.37599999999807,4876979.886234485
68.38599999999808,4876979.909211358
68.39599999999808,4876979.932185477
68.40599999999809,4876979.954488292
68.41599999999809,4876979.976801397
68.4259999999981,4876979.999453675
68.4359999999981,4876980.021989732
68.44599999999811,4876980.044232387
68.45599999999811,4876980.067157798
68.46599999999812,4876980.089489013
68.47599999999812,4876980.112202976
68.48599999999813,4876980.134711858
68.49599999999813,4876980.156851137
68.50599999999814,4876980.179120427
68.51599999999814,4876980.201327567
68.52599999999815,4876980.223818772
68.53599999999815,4876980.24651357
68.54599999999816,4876980.269249504
68.55599999999816,4876980.291919561
68.56599999999817,4876980.314561696
68.57599999999817,4876980.337367989
68.58599999999818,4876980.360188536
68.59599999999818,4876980.382683663
68.60599999999819,4876980.405492829
68.6159999999982,4876980.428497217
68.6259999999982,4876980.451625382
68.6359999999982,4876980.474013492
68.64599999999821,4876980.496917228
68.65599999999822,4876980.519736063
68.66599999999822,4876980.542525791
68.67599999999823,4876980.56484979
68.68599999999823,4876980.586839265
68.69599999999824,4876980.609588507
68.70599999999824,4876980.63219614
68.71599999999825,4876980.6546462
68.72599999999825,4876980.677105751
68.73599999999826,4876980.699440798
68.74599999999826,4876980.721941163
68.75599999999827,4876980.744412211
68.76599999999827,4876980.766640881
68.77599999999828,4876980.788969619
68.78599999999828,4876980.811978292
68.79599999999829,4876980.834362777
68.80599999999829,4876980.85677166
68.8159999999983,4876980.879191192
68.8259999999983,4876980.901632823
68.83599999999831,4876980.924063112
68.84599999999831,4876980.946361721
68.85599999999832,4876980.968879436
68.86599999999832,4876980.991156641
68.87599999999833,4876981.013778122
68.88599999999833,4876981.036364751
68.89599999999834,4876981.059172641
68.90599999999834,4876981.081525086
68.91599999999835,4876981.104051188
68.92599999999835,4876981.126662412
68.93599999999836,4876981.149022589
68.94599999999836,4876981.171405297
68.95599999999837,4876981.193807796
68.96599999999837,4876981.216233825
68.97599999999838,4876981.238768581
68.98599999999838,4876981.261076144
68.99599999999839,4876981.283715822
69.0059999999984,4876981.30634695
69.0159999999984,4876981.328884352
69.0259999999984,4876981.351251184
69.03599999999841,4876981.373704297
69.04599999999841,4876981.396315665
69.05599999999842,4876981.419082433
69.06599999999843,4876981.441839676
69.07599999999843,4876981.464472173
69.08599999999844,4876981.487142292
69.09599999999844,4876981.509676855
69.10599999999845,4876981.532251581
69.11599999999845,4876981.554945964
69.12599999999846,4876981.577498254
69.13599999999846,4876981.600032993
69.14599999999847,4876981.622535651
69.15599999999847,4876981.644992756
69.16599999999848,4876981.66739647
69.17599999999848,4876981.689701035
69.18599999999849,4876981.71223353
69.19599999999849,4876981.734876628
69.2059999999985,4876981.757802952
69.2159999999985,4876981.78093076
69.2259999999985,4876981.80379611
69.23599999999851,4876981.826592784
69.24599999999852,4876981.849229311
69.25599999999852,4876981.871758028
69.26599999999853,4876981.894225836
69.27599999999853,4876981.916897152
69.28599999999854,4876981.939450153
69.29599999999854,4876981.96186063
69.30599999999855,4876981.983948027
69.31599999999855,4876982.006698678
69.32599999999856,4876982.02925389
69.33599999999856,4876982.051349158
69.34599999999857,4876982.073964679
69.35599999999857,4876982.096240496
69.36599999999858,4876982.118728325
69.37599999999858,4876982.141222245
69.38599999999859,4876982.163997112
69.3959999999986,4876982.186928922
69.4059999999986,4876982.209831033
69.4159999999986,4876982.232724061
69.42599999999861,4876982.255557071
69.43599999999861,4876982.27851305
69.44599999999862,4876982.30126805
69.45599999999862,4876982.324133572
69.46599999999863,4876982.346897626
69.47599999999863,4876982.369616199
69.48599999999864,4876982.392166311
69.49599999999865,4876982.414928694
69.50599999999865,4876982.438295448
69.51599999999866,4876982.461055312
69.52599999999866,4876982.483779172
69.53599999999867,4876982.506502603
69.54599999999867,4876982.529166623
69.55599999999868,4876982.551666057
69.56599999999868,4876982.574522554
69.57599999999869,4876982.60251051
69.58599999999869,4876982.626888762
69.5959999999987,4876982.649495955
69.6059999999987,4876982.672247213
69.6159999999987,4876982.695337344
69.62599999999871,4876982.724626835
69.63599999999872,4876982.748938651
69.64599999999872,4876982.771814904
69.65599999999873,4876982.793523715
69.66599999999873,4876982.816444093
69.67599999999874,4876982.838146089
69.68599999999874,4876982.861011887
69.69599999999875,4876982.885188853
69.70599999999875,4876982.907687973
69.71599999999876,4876982.929624951
69.72599999999876,4876982.951083509
69.73599999999877,4876982.973491417
69.74599999999877,4876982.995659033
69.75599999999878,4876983.017570865
69.76599999999878,4876983.039284232
69.77599999999879,4876983.061377832
69.7859999999988,4876983.083076887
69.7959999999988,4876983.104834222
69.8059999999988,4876983.127123097
69.81599999999881,4876983.148906604
69.82599999999881,4876983.170775223
69.83599999999882,4876983.192403919
69.84599999999882,4876983.214192839
69.85599999999883,4876983.236100155
69.86599999999883,4876983.257908572
69.87599999999884,4876983.279625183
69.88599999999884,4876983.301154351
69.89599999999885,4876983.322895069
69.90599999999885,4876983.344511866
69.91599999999886,4876983.366261344
69.92599999999887,4876983.387946914
69.93599999999887,4876983.409537041
69.94599999999888,4876983.431461194
69.95599999999888,4876983.453094012
69.96599999999889,4876983.474917217
69.97599999999889,4876983.496516696
69.9859999999989,4876983.518344861
69.9959999999989,4876983.540090899
70.0059999999989,4876983.562083197
70.01599999999891,4876983.58390268
70.02599999999892,4876983.605721859
70.03599999999892,4876983.627621974
70.04599999999893,4876983.649379745
70.05599999999893,4876983.671149394
70.06599999999894,4876983.692847906
70.07599999999894,4876983.714581368
70.08599999999895,4876983.736418759
70.09599999999895,4876983.758349376
70.10599999999896,4876983.780049686
70.11599999999896,4876983.802110623
70.12599999999897,4876983.823816477
70.13599999999897,4876983.845925662
70.14599999999898,4876983.86755889
70.15599999999898,4876983.889262415
70.16599999999899,4876983.911050075
70.175999999999,4876983.932948865
70.185999999999,4876983.954670777
70.195999999999,4876983.976399828
70.20599999999901,4876983.99857396
70.21599999999901,4876984.02045097
70.22599999999902,4876984.042314617
70.23599999999902,4876984.064441002
70.24599999999903,4876984.086165392
70.25599999999903,4876984.107837329
70.26599999999904,4876984.129958062
70.27599999999904,4876984.151677941
70.28599999999905,4876984.173369509
70.29599999999905,4876984.195100589
70.30599999999906,4876984.21677132
70.31599999999906,4876984.238538507
70.32599999999907,4876984.26036745
70.33599999999907,4876984.282231846
70.34599999999908,4876984.303906243
70.35599999999909,4876984.325824698
70.36599999999909,4876984.347667691
70.3759999999991,4876984.369509884
70.3859999999991,4876984.39151782
70.3959999999991,4876984.413480634
70.40599999999911,4876984.435663237
70.41599999999912,4876984.457701798
70.42599999999912,4876984.479869503
70.43599999999913,4876984.501709581
70.44599999999913,4876984.523865174
70.45599999999914,4876984.546189762
70.46599999999914,4876984.568517489
70.47599999999915,4876984.590818908
70.48599999999915,4876984.613042277
70.49599999999916,4876984.635672271
70.50599999999916,4876984.658331488
70.51599999999917,4876984.681777304
70.52599999999917,4876984.7053846
70.53599999999918,4876984.728937555
70.54599999999918,4876984.752586986
70.55599999999919,4876984.776705716
70.56599999999919,4876984.801736706
70.5759999999992,4876984.825773949
70.5859999999992,4876984.849530994
70.59599999999921,4876984.873573456
70.60599999999921,4876984.897931628
70.61599999999922,4876984.92145157
70.62599999999922,4876984.945120187
70.63599999999923,4876984.968874923
70.64599999999923,4876984.992711676
70.65599999999924,4876985.016519376
70.66599999999924,4876985.040335538
70.67599999999925,4876985.064396649
70.68599999999925,4876985.088216614
70.69599999999926,4876985.112044993
70.70599999999926,4876985.136323891
70.71599999999927,4876985.160457621
70.72599999999927,4876985.185195689
70.73599999999928,4876985.209516385
70.74599999999928,4876985.233963002
70.75599999999929,4876985.258381855
70.7659999999993,4876985.282844053
70.7759999999993,4876985.306988076
70.7859999999993,4876985.331048959
70.79599999999931,4876985.355170468
70.80599999999932,4876985.379475782
70.81599999999932,4876985.403745034
70.82599999999933,4876985.428219443
70.83599999999933,4876985.452770552
70.84599999999934,4876985.477435651
70.85599999999934,4876985.501993973
70.86599999999935,4876985.526852343
70.87599999999935,4876985.552559881
70.88599999999936,4876985.578809031
70.89599999999936,4876985.604260315
70.90599999999937,4876985.629971316
70.91599999999937,4876985.655432605
70.92599999999938,4876985.680805933
70.93599999999938,4876985.706020061
70.94599999999939,4876985.73164238
70.95599999999939,4876985.757844839
70.9659999999994,4876985.784516992
70.9759999999994,4876985.810634266
70.98599999999941,4876985.837833133
70.99599999999941,4876985.862827804
71.00599999999942,4876985.887967878
71.01599999999942,4876985.912576763
71.02599999999943,4876985.938474593
71.03599999999943,4876985.963967064
71.04599999999944,4876985.989193489
71.05599999999944,4876986.014583444
71.06599999999945,4876986.046019128
71.07599999999945,4876986.071410132
71.08599999999946,4876986.095945963
71.09599999999946,4876986.120904019
71.10599999999947,4876986.14568965
71.11599999999947,4876986.170586047
71.12599999999948,4876986.195198529
71.13599999999948,4876986.219929718
71.14599999999949,4876986.244694087
71.1559999999995,4876986.269563489
71.1659999999995,4876986.294187597
71.1759999999995,4876986.318848869
71.18599999999951,4876986.343740684
71.19599999999951,4876986.36882911
71.20599999999952,4876986.393413738
71.21599999999953,4876986.418011444
71.22599999999953,4876986.442691683
71.23599999999954,4876986.467464747
71.24599999999954,4876986.492117907
71.25599999999955,4876986.51682413
71.26599999999955,4876986.542078872
71.27599999999956,4876986.567402281
71.28599999999956,4876986.592094642
71.29599999999957,4876986.616887559
71.30599999999957,4876986.641665264
71.31599999999958,4876986.666595683
71.32599999999958,4876986.691402262
71.33599999999959,4876986.716052596
71.34599999999959,4876986.740955865
71.3559999999996,4876986.765867005
71.3659999999996,4876986.790478598
71.3759999999996,4876986.815619622
71.38599999999961,4876986.840593711
71.39599999999962,4876986.865892855
71.40599999999962,4876986.891174368
71.41599999999963,4876986.916359288
71.42599999999963,4876986.941829933
71.43599999999964,4876986.967133634
71.44599999999964,4876986.993694007
71.45599999999965,4876987.020253887
71.46599999999965,4876987.046750279
71.47599999999966,4876987.073616321
71.48599999999966,4876987.10009867
71.49599999999967,4876987.126751684
71.50599999999967,4876987.153329338
71.51599999999968,4876987.179829002
71.52599999999968,4876987.206468205
71.53599999999969,4876987.233135165
71.5459999999997,4876987.260079497
71.5559999999997,4876987.286744194
71.5659999999997,4876987.313180876
71.57599999999971,4876987.339874377
71.58599999999971,4876987.366195771
71.59599999999972,4876987.392436691
71.60599999999972,4876987.418731266
71.61599999999973,4876987.444346369
71.62599999999973,4876987.469821734
71.63599999999974,4876987.495147387
71.64599999999975,4876987.520430186
71.65599999999975,4876987.545402567
71.66599999999976,4876987.570336095
71.67599999999976,4876987.595235766
71.68599999999977,4876987.620169997
71.69599999999977,4876987.645046433
71.70599999999978,4876987.66999756
71.71599999999978,4876987.695059937
71.72599999999979,4876987.71975411
71.73599999999979,4876987.744715631
71.7459999999998,4876987.769437818
71.7559999999998,4876987.794092882
71.7659999999998,4876987.818830484
71.77599999999981,4876987.84364534
71.78599999999982,4876987.86842645
71.79599999999982,4876987.89311353
71.80599999999983,4876987.91847587
71.81599999999983,4876987.943951876
71.82599999999984,4876987.969189597
71.83599999999984,4876987.994569447
71.84599999999985,4876988.019810806
71.85599999999985,4876988.045246058
71.86599999999986,4876988.070986731
71.87599999999986,4876988.096254118
71.88599999999987,4876988.121825146
71.89599999999987,4876988.147783289
71.90599999999988,4876988.173563517
71.91599999999988,4876988.199212572
71.92599999999989,4876988.224745878
71.9359999999999,4876988.250478489
71.9459999999999,4876988.276165059
71.9559999999999,4876988.301769943
71.96599999999991,4876988.327340486
71.97599999999991,4876988.353115919
71.98599999999992,4876988.378973751
71.99599999999992,4876988.404705494
72.00599999999993,4876988.429811835
72.01599999999993,4876988.455058331
72.02599999999994,4876988.480360568
72.03599999999994,4876988.505696203
72.04599999999995,4876988.531106863
72.05599999999995,4876988.560708485
72.06599999999996,4876988.58993311
72.07599999999996,4876988.616145662
72.08599999999997,4876988.643850326
72.09599999999998,4876988.669310274
72.10599999999998,4876988.694725419
72.11599999999999,4876988.719971562
72.12599999999999,4876988.745438189
72.136,4876988.770813429
72.146,4876988.796117752
72.156,4876988.821833534
72.16600000000001,4876988.847474323
72.17600000000002,4876988.872971894
72.18600000000002,4876988.898364485
72.19600000000003,4876988.92361588
72.20600000000003,4876988.949034067
72.21600000000004,4876988.97436153
72.22600000000004,4876989.000056401
72.23600000000005,4876989.025547168
72.24600000000005,4876989.050937696
72.25600000000006,4876989.076576741
72.26600000000006,4876989.101844742
72.27600000000007,4876989.127449256
72.28600000000007,4876989.152987409
72.29600000000008,4876989.178546825
72.30600000000008,4876989.204061951
72.31600000000009,4876989.22923546
72.32600000000009,4876989.254624084
72.3360000000001,4876989.279981817
72.3460000000001,4876989.305358806
72.35600000000011,4876989.330547989
72.36600000000011,4876989.355926373
72.37600000000012,4876989.381277187
72.38600000000012,4876989.406430987
72.39600000000013,4876989.431661489
72.40600000000013,4876989.456938609
72.41600000000014,4876989.482321977
72.42600000000014,4876989.507874581
72.43600000000015,4876989.533218389
72.44600000000015,4876989.558681218
72.45600000000016,4876989.584127152
72.46600000000016,4876989.609466639
72.47600000000017,4876989.635015634
72.48600000000017,4876989.660470585
72.49600000000018,4876989.685807343
72.50600000000018,4876989.71134646
72.51600000000019,4876989.736790153
72.5260000000002,4876989.76225542
72.5360000000002,4876989.787383285
72.5460000000002,4876989.812722491
72.55600000000021,4876989.83812222
72.56600000000022,4876989.863542459
72.57600000000022,4876989.888783566
72.58600000000023,4876989.914383558
72.59600000000023,4876989.939648182
72.60600000000024,4876989.965176017
72.61600000000024,4876989.990183077
72.62600000000025,4876990.015838586
72.63600000000025,4876990.04121262
72.64600000000026,4876990.066868304
72.65600000000026,4876990.09195605
72.66600000000027,4876990.1175403
72.67600000000027,4876990.143024861
72.68600000000028,4876990.168692592
72.69600000000028,4876990.194149645
72.70600000000029,4876990.219585724
72.71600000000029,4876990.245049586
72.7260000000003,4876990.270516631
72.7360000000003,4876990.295694807
72.74600000000031,4876990.321234022
72.75600000000031,4876990.346690429
72.76600000000032,4876990.371934957
72.77600000000032,4876990.396999991
72.78600000000033,4876990.422358124
72.79600000000033,4876990.44749814
72.80600000000034,4876990.472868673
72.81600000000034,4876990.497925456
72.82600000000035,4876990.523295553
72.83600000000035,4876990.548537763
72.84600000000036,4876990.573828156
72.85600000000036,4876990.598760228
72.86600000000037,4876990.624364988
72.87600000000037,4876990.649681363
72.88600000000038,4876990.675022428
72.89600000000038,4876990.699989431
72.90600000000039,4876990.725222177
72.9160000000004,4876990.750869122
72.9260000000004,4876990.77678865
72.9360000000004,4876990.802809528
72.94600000000041,4876990.828819612
72.95600000000042,4876990.854592718
72.96600000000042,4876990.880396813
72.97600000000043,4876990.905956569
72.98600000000043,4876990.93143974
72.99600000000044,4876990.956962033
73.00600000000044,4876990.982486537
73.01600000000045,4876991.00841834
73.02600000000045,4876991.03381492
73.03600000000046,4876991.059514647
73.04600000000046,4876991.085041152
73.05600000000047,4876991.110577595
73.06600000000047,4876991.136159535
73.07600000000048,4876991.161777281
73.08600000000048,4876991.187233186
73.09600000000049,4876991.212695184
73.10600000000049,4876991.238242732
73.1160000000005,4876991.263560962
73.1260000000005,4876991.288628508
73.13600000000051,4876991.313904245
73.14600000000051,4876991.33918141
73.15600000000052,4876991.364664178
73.16600000000052,4876991.389894554
73.17600000000053,4876991.415299874
73.18600000000053,4876991.440865056
73.19600000000054,4876991.46635881
73.20600000000054,4876991.491671261
73.21600000000055,4876991.517076686
73.22600000000055,4876991.542564794
73.23600000000056,4876991.568257672
73.24600000000056,4876991.593498977
73.25600000000057,4876991.619208699
73.26600000000057,4876991.644539216
73.27600000000058,4876991.66988564
73.28600000000058,4876991.695209868
73.29600000000059,4876991.720545405
73.3060000000006,4876991.746017127
73.3160000000006,4876991.771439262
73.3260000000006,4876991.796642452
73.33600000000061,4876991.821993868
73.34600000000061,4876991.847297206
73.35600000000062,4876991.872728729
73.36600000000062,4876991.898139596
73.37600000000063,4876991.923599253
73.38600000000064,4876991.949039131
73.39600000000064,4876991.974420132
73.40600000000065,4876991.999641417
73.41600000000065,4876992.024890611
73.42600000000066,4876992.050304767
73.43600000000066,4876992.075936806
73.44600000000067,4876992.100884637
73.45600000000067,4876992.126668003
73.46600000000068,4876992.151955638
73.47600000000068,4876992.177496644
73.48600000000069,4876992.203205681
73.49600000000069,4876992.229526785
73.5060000000007,4876992.255941376
73.5160000000007,4876992.281924475
73.5260000000007,4876992.307709267
73.53600000000071,4876992.333618377
73.54600000000072,4876992.359663355
73.55600000000072,4876992.385404413
73.56600000000073,4876992.411336528
73.57600000000073,4876992.437639602
73.58600000000074,4876992.463858951
73.59600000000074,4876992.490359617
73.60600000000075,4876992.516578022
73.61600000000075,4876992.542947175
73.62600000000076,4876992.569166703
73.63600000000076,4876992.595243138
73.64600000000077,4876992.621606795
73.65600000000077,4876992.647577194
73.66600000000078,4876992.673619572
73.67600000000078,4876992.699360308
73.68600000000079,4876992.725647211
73.6960000000008,4876992.751462387
73.7060000000008,4876992.777607499
73.7160000000008,4876992.803225521
73.72600000000081,4876992.829577102
73.73600000000081,4876992.855530625
73.74600000000082,4876992.881196493
73.75600000000082,4876992.906324046
73.76600000000083,4876992.93167936
73.77600000000083,4876992.956912492
73.78600000000084,4876992.982329731
73.79600000000084,4876993.008061314
73.80600000000085,4876993.033475496
73.81600000000086,4876993.059209386
73.82600000000086,4876993.084655572
73.83600000000087,4876993.110106089
73.84600000000087,4876993.135754188
73.85600000000088,4876993.16138963
73.86600000000088,4876993.187031352
73.87600000000089,4876993.212649717
73.88600000000089,4876993.238017643
73.8960000000009,4876993.26329816
73.9060000000009,4876993.288876611
73.9160000000009,4876993.314228769
73.92600000000091,4876993.33952389
73.93600000000092,4876993.36497241
73.94600000000092,4876993.390387509
73.95600000000093,4876993.41585886
73.96600000000093,4876993.441406403
73.97600000000094,4876993.467399089
73.98600000000094,4876993.492852992
73.99600000000095,4876993.518387856
74.00600000000095,4876993.544073778
74.01600000000096,4876993.574044884
74.02600000000096,4876993.610537913
74.03600000000097,4876993.638426649
74.04600000000097,4876993.667342972
74.05600000000098,4876993.694446829
74.06600000000098,4876993.721055541
74.07600000000099,4876993.74781069
74.086000000001,4876993.774373596
74.096000000001,4876993.800681251
74.106000000001,4876993.827019669
74.11600000000101,4876993.853216352
74.12600000000101,4876993.879420101
74.13600000000102,4876993.905311002
74.14600000000102,4876993.931776366
74.15600000000103,4876993.958039004
74.16600000000103,4876993.984241894
74.17600000000104,4876994.010446309
74.18600000000104,4876994.036377865
74.19600000000105,4876994.062597076
74.20600000000105,4876994.088252281
74.21600000000106,4876994.114299574
74.22600000000106,4876994.140043083
74.23600000000107,4876994.165583924
74.24600000000108,4876994.191057109
74.25600000000108,4876994.21673154
74.26600000000109,4876994.242373668
74.27600000000109,4876994.267934468
74.2860000000011,4876994.293128732
74.2960000000011,4876994.318479617
74.3060000000011,4876994.344053527
74.31600000000111,4876994.369313887
74.32600000000112,4876994.395078843
74.33600000000112,4876994.420880812
74.34600000000113,4876994.446790527
74.35600000000113,4876994.472553552
74.36600000000114,4876994.498405225
74.37600000000114,4876994.524359009
74.38600000000115,4876994.550394426
74.39600000000115,4876994.576994068
74.40600000000116,4876994.603579434
74.41600000000116,4876994.630971931
74.42600000000117,4876994.657928873
74.43600000000117,4876994.68507098
74.44600000000118,4876994.711787297
74.45600000000118,4876994.738788413
74.46600000000119,4876994.765570103
74.47600000000119,4876994.792120243
74.4860000000012,4876994.81902126
74.4960000000012,4876994.845824869
74.50600000000121,4876994.872087104
74.51600000000121,4876994.898236974
74.52600000000122,4876994.924522759
74.53600000000122,4876994.950894502
74.54600000000123,4876994.977404492
74.55600000000123,4876995.003605075
74.56600000000124,4876995.029142321
74.57600000000124,4876995.054561315
74.58600000000125,4876995.08018636
74.59600000000125,4876995.105320844
74.60600000000126,4876995.131312505
74.61600000000126,4876995.156930564
74.62600000000127,4876995.182521359
74.63600000000127,4876995.20752498
74.64600000000128,4876995.232835387
74.65600000000128,4876995.257788756
74.66600000000129,4876995.283093416
74.6760000000013,4876995.308044261
74.6860000000013,4876995.333437025
74.6960000000013,4876995.358591068
74.70600000000131,4876995.384074997
74.71600000000132,4876995.409179165
74.72600000000132,4876995.434538768
74.73600000000133,4876995.45985849
74.74600000000133,4876995.485319916
74.75600000000134,4876995.510435582
74.76600000000134,4876995.53581158
74.77600000000135,4876995.56111649
74.78600000000135,4876995.586948625
74.79600000000136,4876995.612451689
74.80600000000136,4876995.638406774
74.81600000000137,4876995.664636616
74.82600000000137,4876995.690976062
74.83600000000138,4876995.720445024
74.84600000000138,4876995.746673937
74.85600000000139,4876995.772943125
74.86600000000139,4876995.798686692
74.8760000000014,4876995.824544935
74.8860000000014,4876995.850139573
74.89600000000141,4876995.875418246
74.90600000000141,4876995.899610468
74.91600000000142,4876995.924015819
74.92600000000142,4876995.947738658
74.93600000000143,4876995.971685316
74.94600000000143,4876995.995568266
74.95600000000144,4876996.019422903
74.96600000000144,4876996.044797992
74.97600000000145,4876996.072294398
74.98600000000145,4876996.095698432
74.99600000000146,4876996.119033313
75.00600000000146,4876996.142046033
75.01600000000147,4876996.16616891
75.02600000000147,4876996.189875625
75.03600000000148,4876996.21859878
75.04600000000148,4876996.244645911
75.05600000000149,4876996.267623136
75.0660000000015,4876996.289589852
75.0760000000015,4876996.311227181
75.0860000000015,4876996.333092218
75.09600000000151,4876996.354346876
75.10600000000152,4876996.375587259
75.11600000000152,4876996.396329587
75.12600000000153,4876996.417171025
75.13600000000153,4876996.437892915
75.14600000000154,4876996.458570673
75.15600000000154,4876996.479525242
75.16600000000155,4876996.500053612
75.17600000000155,4876996.521260562
75.18600000000156,4876996.541970394
75.19600000000156,4876996.562577974
75.20600000000157,4876996.582939481
75.21600000000157,4876996.603243533
75.22600000000158,4876996.623321402
75.23600000000158,4876996.643294655
75.24600000000159,4876996.663944439
75.25600000000159,4876996.68515505
75.2660000000016,4876996.706217582
75.2760000000016,4876996.727346748
75.28600000000161,4876996.755777292
75.29600000000161,4876996.776290463
75.30600000000162,4876996.79510836
75.31600000000162,4876996.813912034
75.32600000000163,4876996.839490389
75.33600000000163,4876996.857649779
75.34600000000164,4876996.876118808
75.35600000000164,4876996.903671339
75.36600000000165,4876996.92503919
75.37600000000165,4876996.944846216
75.38600000000166,4876996.964708346
75.39600000000166,4876996.98899379
75.40600000000167,4876997.01111559
75.41600000000167,4876997.031866778
75.42600000000168,4876997.061698676
75.43600000000168,4876997.08550712
75.44600000000169,4876997.10636815
75.4560000000017,4876997.126323291
75.4660000000017,4876997.145842712
75.4760000000017,4876997.165467898
75.48600000000171,4876997.186071697
75.49600000000171,4876997.206693752
75.50600000000172,4876997.227248719
75.51600000000172,4876997.248078723
75.52600000000173,4876997.269650579
75.53600000000174,4876997.291281124
75.54600000000174,4876997.312809725
75.55600000000175,4876997.334406252
75.56600000000175,4876997.355545261
75.57600000000176,4876997.377012305
75.58600000000176,4876997.398105801
75.59600000000177,4876997.418824178
75.60600000000177,4876997.4398257
75.61600000000178,4876997.460201035
75.62600000000178,4876997.480761367
75.63600000000179,4876997.508046094
75.64600000000179,4876997.532951946
75.6560000000018,4876997.555221727
75.6660000000018,4876997.577582949
75.6760000000018,4876997.599982703
75.68600000000181,4876997.621384194
75.69600000000182,4876997.642693066
75.70600000000182,4876997.66379979
75.71600000000183,4876997.685020621
75.72600000000183,4876997.706009728
75.73600000000184,4876997.727337692
75.74600000000184,4876997.748529283
75.75600000000185,4876997.76989693
75.76600000000185,4876997.791340392
75.77600000000186,4876997.812597178
75.78600000000186,4876997.833955722
75.79600000000187,4876997.854972689
75.80600000000187,4876997.876156456
75.81600000000188,4876997.897237703
75.82600000000188,4876997.918375648
75.83600000000189,4876997.940490899
75.8460000000019,4876997.962567864
75.8560000000019,4876997.984705068
75.8660000000019,4876998.007007972
75.87600000000191,4876998.029516438
75.88600000000191,4876998.052169254
75.89600000000192,4876998.074927409
75.90600000000192,4876998.097488079
75.91600000000193,4876998.121362238
75.92600000000193,4876998.145531191
75.93600000000194,4876998.16906541
75.94600000000194,4876998.19246692
75.95600000000195,4876998.215724206
75.96600000000196,4876998.239458866
75.97600000000196,4876998.262697848
75.98600000000197,4876998.285375846
75.99600000000197,4876998.318710813
76.00600000000198,4876998.345811732
76.01600000000198,4876998.367809664
76.02600000000199,4876998.39030183
76.03600000000199,4876998.416271034
76.046000000002,4876998.443786096
76.056000000002,4876998.466602596
76.066000000002,4876998.488732645
76.07600000000201,4876998.51111161
76.08600000000202,4876998.533677635
76.09600000000202,4876998.55563736
76.10600000000203,4876998.576861393
76.11600000000203,4876998.600428908
76.12600000000204,4876998.620731014
76.13600000000204,4876998.64158539
76.14600000000205,4876998.662551996
76.15600000000205,4876998.685431222
76.16600000000206,4876998.703814224
76.17600000000206,4876998.722538574
76.18600000000207,4876998.740212345
76.19600000000207,4876998.764730464
76.20600000000208,4876998.787125139
76.21600000000208,4876998.809319526
76.22600000000209,4876998.831840296
76.2360000000021,4876998.853961616
76.2460000000021,4876998.876016252
76.2560000000021,4876998.897803539
76.26600000000211,4876998.919615125
76.27600000000211,4876998.942041252
76.28600000000212,4876998.964471894
76.29600000000212,4876998.987263412
76.30600000000213,4876999.010264744
76.31600000000213,4876999.035147494
76.32600000000214,4876999.065395922
76.33600000000214,4876999.092040097
76.34600000000215,4876999.116475415
76.35600000000215,4876999.139453558
76.36600000000216,4876999.161517867
76.37600000000216,4876999.183087692
76.38600000000217,4876999.204593981
76.39600000000218,4876999.226396489
76.40600000000218,4876999.248382961
76.41600000000219,4876999.269292915
76.42600000000219,4876999.290818103
76.4360000000022,4876999.312320494
76.4460000000022,4876999.334708961
76.4560000000022,4876999.356338097
76.46600000000221,4876999.377613277
76.47600000000222,4876999.399366269
76.48600000000222,4876999.420696358
76.49600000000223,4876999.442417233
76.50600000000223,4876999.464238889
76.51600000000224,4876999.486341208
76.52600000000224,4876999.508383314
76.53600000000225,4876999.53093016
76.54600000000225,4876999.552574618
76.55600000000226,4876999.574587273
76.56600000000226,4876999.597136744
76.57600000000227,4876999.619891082
76.58600000000227,4876999.64312175
76.59600000000228,4876999.666098629
76.60600000000228,4876999.688166262
76.61600000000229,4876999.710308389
76.62600000000229,4876999.733147128
76.6360000000023,4876999.755370802
76.6460000000023,4876999.777376574
76.65600000000231,4876999.799148875
76.66600000000231,4876999.821248443
76.67600000000232,4876999.843853818
76.68600000000232,4876999.866216527
76.69600000000233,4876999.889843863
76.70600000000233,4876999.91346311
76.71600000000234,4876999.937133109
76.72600000000234,4876999.960849287
76.73600000000235,4876999.983198318
76.74600000000235,4877000.005205828
76.75600000000236,4877000.027117945
76.76600000000236,4877000.049411935
76.77600000000237,4877000.070764903
76.78600000000237,4877000.091056275
76.79600000000238,4877000.111200992
76.80600000000238,4877000.131688636
76.81600000000239,4877000.151180618
76.8260000000024,4877000.170561202
76.8360000000024,4877000.190685218
76.8460000000024,4877000.222205252
76.85600000000241,4877000.246252206
76.86600000000242,4877000.267858065
76.87600000000242,4877000.288090602
76.88600000000243,4877000.308901264
76.89600000000243,4877000.329036769
76.90600000000244,4877000.349750522
76.91600000000244,4877000.370597599
76.92600000000245,4877000.391552964
76.93600000000245,4877000.411826538
76.94600000000246,4877000.432687721
76.95600000000246,4877000.452550266
76.96600000000247,4877000.472713658
76.97600000000247,4877000.493362674
76.98600000000248,4877000.515329535
76.99600000000248,4877000.540304048
77.00600000000249,4877000.563868618
77.01600000000249,4877000.585730112
77.0260000000025,4877000.607142329
77.0360000000025,4877000.629212759
77.04600000000251,4877000.651340229
77.05600000000251,4877000.673050645
77.06600000000252,4877000.694782068
77.07600000000252,4877000.716416552
77.08600000000253,4877000.737765562
77.09600000000253,4877000.759195401
77.10600000000254,4877000.780348941
77.11600000000254,4877000.801306111
77.12600000000255,4877000.823753655
77.13600000000255,4877000.846140995
77.14600000000256,4877000.869198778
77.15600000000256,4877000.891957336
77.16600000000257,4877000.914675311
77.17600000000257,4877000.93744749
77.18600000000258,4877000.959871816
77.19600000000258,4877000.982247558
77.20600000000259,4877001.004729628
77.2160000000026,4877001.027426705
77.2260000000026,4877001.051194837
77.2360000000026,4877001.075429727
77.24600000000261,4877001.102855571
77.25600000000262,4877001.128332373
77.26600000000262,4877001.153386884
77.27600000000263,4877001.177986993
77.28600000000263,4877001.202731446
77.29600000000264,4877001.226869393
77.30600000000264,4877001.251080878
77.31600000000265,4877001.275395905
77.32600000000265,4877001.299297224
77.33600000000266,4877001.32725993
77.34600000000266,4877001.352905733
77.35600000000267,4877001.383761348
77.36600000000267,4877001.407953125
77.37600000000268,4877001.431335971
77.38600000000268,4877001.453361351
77.39600000000269,4877001.486247292
77.40600000000269,4877001.51177903
77.4160000000027,4877001.533245366
77.4260000000027,4877001.556106694
77.43600000000271,4877001.585446983
77.44600000000271,4877001.621009881
77.45600000000272,4877001.64526431
77.46600000000272,4877001.667878861
77.47600000000273,4877001.691159875
77.48600000000273,4877001.713956966
77.49600000000274,4877001.737402432
77.50600000000274,4877001.760671471
77.51600000000275,4877001.787340576
77.52600000000275,4877001.810339276
77.53600000000276,4877001.834150196
77.54600000000276,4877001.856999138
77.55600000000277,4877001.879033678
77.56600000000277,4877001.90920152
77.57600000000278,4877001.937621599
77.58600000000278,4877001.961633367
77.59600000000279,4877001.985070282
77.6060000000028,4877002.007873569
77.6160000000028,4877002.030885329
77.6260000000028,4877002.061961569
77.63600000000281,4877002.0874768
77.64600000000281,4877002.110523973
77.65600000000282,4877002.139852854
77.66600000000282,4877002.167860181
77.67600000000283,4877002.18986475
77.68600000000284,4877002.211556542
77.69600000000284,4877002.234864697
77.70600000000285,4877002.257035352
77.71600000000285,4877002.278218611
77.72600000000286,4877002.298813395
77.73600000000286,4877002.321950204
77.74600000000287,4877002.343424002
77.75600000000287,4877002.363958381
77.76600000000288,4877002.384185783
77.77600000000288,4877002.414481714
77.78600000000289,4877002.447939968
77.79600000000289,4877002.474795723
77.8060000000029,4877002.506917369
77.8160000000029,4877002.544839684
77.8260000000029,4877002.570008747
77.83600000000291,4877002.59415364
77.84600000000292,4877002.618185159
77.85600000000292,4877002.642046073
77.86600000000293,4877002.67035451
77.87600000000293,4877002.690663414
77.88600000000294,4877002.71059515
77.89600000000294,4877002.730372013
77.90600000000295,4877002.749791285
77.91600000000295,4877002.769128752
77.92600000000296,4877002.794921718
77.93600000000296,4877002.814108256
77.94600000000297,4877002.839214986
77.95600000000297,4877002.859419817
77.96600000000298,4877002.881664606
77.97600000000298,4877002.899872205
77.98600000000299,4877002.917061678
77.996000000003,4877002.935072409
78.006000000003,4877002.95289332
78.016000000003,4877002.975025648
78.02600000000301,4877002.992215365
78.03600000000301,4877003.014387329
78.04600000000302,4877003.032448847
78.05600000000302,4877003.053220879
78.06600000000303,4877003.071055527
78.07600000000303,4877003.087634047
78.08600000000304,4877003.105064651
78.09600000000304,4877003.122527642
78.10600000000305,4877003.139546624
78.11600000000305,4877003.157145526
78.12600000000306,4877003.174079663
78.13600000000307,4877003.191285489
78.14600000000307,4877003.207991252
78.15600000000308,4877003.224728203
78.16600000000308,4877003.241762642
78.17600000000309,4877003.258635628
78.18600000000309,4877003.275354354
78.1960000000031,4877003.291705173
78.2060000000031,4877003.30757877
78.2160000000031,4877003.323624553
78.22600000000311,4877003.339721654
78.23600000000312,4877003.355948055
78.24600000000312,4877003.372372244
78.25600000000313,4877003.389052656
78.26600000000313,4877003.405397064
78.27600000000314,4877003.421916219
78.28600000000314,4877003.4383909
78.29600000000315,4877003.455010768
78.30600000000315,4877003.471408055
78.31600000000316,4877003.487765467
78.32600000000316,4877003.504124474
78.33600000000317,4877003.520586514
78.34600000000317,4877003.536983116
78.35600000000318,4877003.553732471
78.36600000000318,4877003.570612833
78.37600000000319,4877003.587237422
78.3860000000032,4877003.603930819
78.3960000000032,4877003.621013072
78.4060000000032,4877003.637838189
78.41600000000321,4877003.655064547
78.42600000000321,4877003.672229899
78.43600000000322,4877003.689198521
78.44600000000322,4877003.706348106
78.45600000000323,4877003.723564711
78.46600000000323,4877003.741032886
78.47600000000324,4877003.758694533
78.48600000000324,4877003.776159729
78.49600000000325,4877003.793796633
78.50600000000325,4877003.811324853
78.51600000000326,4877003.82876254
78.52600000000326,4877003.846374993
78.53600000000327,4877003.863958303
78.54600000000327,4877003.881512647
78.55600000000328,4877003.898907494
78.56600000000329,4877003.916088941
78.57600000000329,4877003.933054691
78.5860000000033,4877003.950221434
78.5960000000033,4877003.967018559
78.6060000000033,4877003.983703055
78.61600000000331,4877004.000688152
78.62600000000332,4877004.017071595
78.63600000000332,4877004.033623548
78.64600000000333,4877004.05021609
78.65600000000333,4877004.066807084
78.66600000000334,4877004.08328177
78.67600000000334,4877004.099399555
78.68600000000335,4877004.115473565
78.69600000000335,4877004.131846706
78.70600000000336,4877004.150106188
78.71600000000336,4877004.169388812
78.72600000000337,4877004.186406372
78.73600000000337,4877004.20264031
78.74600000000338,4877004.218456452
78.75600000000338,4877004.234114559
78.76600000000339,4877004.25019813
78.77600000000339,4877004.266176002
78.7860000000034,4877004.281973307
78.7960000000034,4877004.297826905
78.80600000000341,4877004.313126894
78.81600000000341,4877004.328405962
78.82600000000342,4877004.34498269
78.83600000000342,4877004.36127126
78.84600000000343,4877004.377368208
78.85600000000343,4877004.393950178
78.86600000000344,4877004.410221999
78.87600000000344,4877004.426661812
78.88600000000345,4877004.442503958
78.89600000000345,4877004.458252065
78.90600000000346,4877004.473793331
78.91600000000346,4877004.489200154
78.92600000000347,4877004.504571919
78.93600000000347,4877004.519566882
78.94600000000348,4877004.534090453
78.95600000000348,4877004.548514361
78.96600000000349,4877004.562849038
78.9760000000035,4877004.576888873
78.9860000000035,4877004.591060409
78.9960000000035,4877004.60512389
79.00600000000351,4877004.619219646
79.01600000000352,4877004.633311758
79.02600000000352,4877004.647879042
79.03600000000353,4877004.690157033
79.04600000000353,4877004.721213803
79.05600000000354,4877004.752663183
79.06600000000354,4877004.785764293
79.07600000000355,4877004.815275884
79.08600000000355,4877004.843491068
79.09600000000356,4877004.879505509
79.10600000000356,4877004.910093796
79.11600000000357,4877004.939972667
79.12600000000357,4877004.965789961
79.13600000000358,4877004.992646733
79.14600000000358,4877005.016594695
79.15600000000359,4877005.041935124
79.16600000000359,4877005.0656725
79.1760000000036,4877005.088917139
79.1860000000036,4877005.108773786
79.19600000000361,4877005.128033475
79.20600000000361,4877005.147093729
79.21600000000362,4877005.165381351
79.22600000000362,4877005.183126775
79.23600000000363,4877005.201023765
79.24600000000363,4877005.219949446
79.25600000000364,4877005.238449085
79.26600000000364,4877005.254721754
79.27600000000365,4877005.270070939
79.28600000000365,4877005.285419332
79.29600000000366,4877005.300564995
79.30600000000366,4877005.315021993
79.31600000000367,4877005.329391162
79.32600000000367,4877005.343612578
79.33600000000368,4877005.358127977
79.34600000000368,4877005.372467428
79.35600000000369,4877005.387161487
79.3660000000037,4877005.401226265
79.3760000000037,4877005.415796544
79.3860000000037,4877005.430571045
79.39600000000371,4877005.445379637
79.40600000000371,4877005.460402271
79.41600000000372,4877005.474998423
79.42600000000373,4877005.489260944
79.43600000000373,4877005.508425337
79.44600000000374,4877005.528784751
79.45600000000374,4877005.548257228
79.46600000000375,4877005.566782706
79.47600000000375,4877005.584857808
79.48600000000376,4877005.602440328
79.49600000000376,4877005.619640847
79.50600000000377,4877005.636913547
79.51600000000377,4877005.654853192
79.52600000000378,4877005.673464769
79.53600000000378,4877005.691525201
79.54600000000379,4877005.70907983
79.55600000000379,4877005.726487212
79.5660000000038,4877005.744836477
79.5760000000038,4877005.762821355
79.5860000000038,4877005.780227177
79.59600000000381,4877005.797058333
79.60600000000382,4877005.813276056
79.61600000000382,4877005.829441207
79.62600000000383,4877005.84432687
79.63600000000383,4877005.859328728
79.64600000000384,4877005.879077711
79.65600000000384,4877005.89840849
79.66600000000385,4877005.914923836
79.67600000000385,4877005.930667216
79.68600000000386,4877005.949801728
79.69600000000386,4877005.968213872
79.70600000000387,4877005.982970851
79.71600000000387,4877005.997869439
79.72600000000388,4877006.012696948
79.73600000000388,4877006.02924589
79.74600000000389,4877006.043891488
79.7560000000039,4877006.058353382
79.7660000000039,4877006.072545681
79.7760000000039,4877006.086107702
79.78600000000391,4877006.098982333
79.79600000000391,4877006.111686154
79.80600000000392,4877006.12622749
79.81600000000392,4877006.13878226
79.82600000000393,4877006.151620614
79.83600000000393,4877006.16532462
79.84600000000394,4877006.179191391
79.85600000000395,4877006.191432618
79.86600000000395,4877006.204127399
79.87600000000396,4877006.217040138
79.88600000000396,4877006.229106092
79.89600000000397,4877006.241815221
79.90600000000397,4877006.257808982
79.91600000000398,4877006.284239869
79.92600000000398,4877006.304487575
79.93600000000399,4877006.320622475
79.94600000000399,4877006.334589838
79.956000000004,4877006.348170734
79.966000000004,4877006.365157168
79.976000000004,4877006.380379729
79.98600000000401,4877006.398565603
79.99600000000402,4877006.412413531
80.00600000000402,4877006.432348739
80.01600000000403,4877006.446254868
80.02600000000403,4877006.4597733
80.03600000000404,4877006.478285105
80.04600000000404,4877006.495820806
80.05600000000405,4877006.512716438
80.06600000000405,4877006.529884621
80.07600000000406,4877006.542785258
80.08600000000406,4877006.554680363
80.09600000000407,4877006.566528884
80.10600000000407,4877006.578027747
80.11600000000408,4877006.589287061
80.12600000000408,4877006.601470487
80.13600000000409,4877006.613982661
80.1460000000041,4877006.626664143
80.1560000000041,4877006.638936317
80.1660000000041,4877006.65123302
80.17600000000411,4877006.663474976
80.18600000000411,4877006.675839394
80.19600000000412,4877006.688452716
80.20600000000412,4877006.702052481
80.21600000000413,4877006.714961189
80.22600000000413,4877006.726302742
80.23600000000414,4877006.737317462
80.24600000000414,4877006.748214074
80.25600000000415,4877006.758691823
80.26600000000415,4877006.798643608
80.27600000000416,4877006.85487708
80.28600000000417,4877006.895563709
80.29600000000417,4877006.926615807
80.30600000000418,4877006.953024108
80.31600000000418,4877006.977274202
80.32600000000419,4877006.996863472
80.33600000000419,4877007.015958359
80.3460000000042,4877007.034626147
80.3560000000042,4877007.056717879
80.3660000000042,4877007.08285902
80.37600000000421,4877007.104664161
80.38600000000422,4877007.126909748
80.39600000000422,4877007.148347332
80.40600000000423,4877007.169794296
80.41600000000423,4877007.190713475
80.42600000000424,4877007.212471606
80.43600000000424,4877007.233298801
80.44600000000425,4877007.253856358
80.45600000000425,4877007.273316027
80.46600000000426,4877007.291950664
80.47600000000426,4877007.309952504
80.48600000000427,4877007.326957429
80.49600000000427,4877007.34344066
80.50600000000428,4877007.358974946
80.51600000000428,4877007.373720593
80.52600000000429,4877007.388378444
80.5360000000043,4877007.40321253
80.5460000000043,4877007.42076761
80.5560000000043,4877007.445848166
80.56600000000431,4877007.463251506
80.57600000000431,4877007.48028746
80.58600000000432,4877007.496910605
80.59600000000432,4877007.513592707
80.60600000000433,4877007.533017454
80.61600000000433,4877007.549624003
80.62600000000434,4877007.566047194
80.63600000000434,4877007.581969593
80.64600000000435,4877007.598305707
80.65600000000435,4877007.615070664
80.66600000000436,4877007.631374006
80.67600000000436,4877007.646380222
80.68600000000437,4877007.661092367
80.69600000000437,4877007.674927924
80.70600000000438,4877007.689569791
80.71600000000439,4877007.715555685
80.72600000000439,4877007.734422967
80.7360000000044,4877007.752926402
80.7460000000044,4877007.771595882
80.7560000000044,4877007.795308114
80.76600000000441,4877007.813108251
80.77600000000442,4877007.829804141
80.78600000000442,4877007.846384915
80.79600000000443,4877007.863108636
80.80600000000443,4877007.880647479
80.81600000000444,4877007.898451297
80.82600000000444,4877007.915747769
80.83600000000445,4877007.933678788
80.84600000000445,4877007.950894441
80.85600000000446,4877007.968657809
80.86600000000446,4877007.986462795
80.87600000000447,4877008.004544414
80.88600000000447,4877008.021606961
80.89600000000448,4877008.03888839
80.90600000000448,4877008.056327729
80.91600000000449,4877008.073766414
80.92600000000449,4877008.091035918
80.9360000000045,4877008.108398935
80.9460000000045,4877008.125647845
80.95600000000451,4877008.142954441
80.96600000000451,4877008.160177377
80.97600000000452,4877008.177269629
80.98600000000452,4877008.194844019
80.99600000000453,4877008.2122639
81.00600000000453,4877008.229976854
81.01600000000454,4877008.247797537
81.02600000000454,4877008.265847774
81.03600000000455,4877008.283662586
81.04600000000455,4877008.301347287
81.05600000000456,4877008.319186675
81.06600000000456,4877008.336368878
81.07600000000457,4877008.353389001
81.08600000000457,4877008.370177209
81.09600000000458,4877008.387181578
81.10600000000458,4877008.403908762
81.11600000000459,4877008.420913378
81.1260000000046,4877008.44051144
81.1360000000046,4877008.457910756
81.1460000000046,4877008.478298145
81.15600000000461,4877008.498822931
81.16600000000462,4877008.518953364
81.17600000000462,4877008.537810321
81.18600000000463,4877008.557244237
81.19600000000463,4877008.575594867
81.20600000000464,4877008.593853423
81.21600000000464,4877008.612538536
81.22600000000465,4877008.631246509
81.23600000000465,4877008.650284347
81.24600000000466,4877008.669432226
81.25600000000466,4877008.68847519
81.26600000000467,4877008.707583848
81.27600000000467,4877008.726239086
81.28600000000468,4877008.745072809
81.29600000000468,4877008.763972053
81.30600000000469,4877008.782675945
81.31600000000469,4877008.802228722
81.3260000000047,4877008.821817315
81.3360000000047,4877008.841361302
81.34600000000471,4877008.860560072
81.35600000000471,4877008.879794555
81.36600000000472,4877008.899140777
81.37600000000472,4877008.91832394
81.38600000000473,4877008.937343838
81.39600000000473,4877008.956140739
81.40600000000474,4877008.974944411
81.41600000000474,4877008.993988077
81.42600000000475,4877009.012987919
81.43600000000475,4877009.031776647
81.44600000000476,4877009.050671086
81.45600000000476,4877009.069755994
81.46600000000477,4877009.088906007
81.47600000000477,4877009.107937625
81.48600000000478,4877009.127434766
81.49600000000478,4877009.14666483
81.50600000000479,4877009.165922189
81.5160000000048,4877009.185063178
81.5260000000048,4877009.204528261
81.5360000000048,4877009.223941302
81.54600000000481,4877009.24337267
81.55600000000481,4877009.26322336
81.56600000000482,4877009.282707067
81.57600000000483,4877009.302272139
81.58600000000483,4877009.322345743
81.59600000000484,4877009.342513991
81.60600000000484,4877009.362601824
81.61600000000485,4877009.382490829
81.62600000000485,4877009.402431998
81.63600000000486,4877009.422320145
81.64600000000486,4877009.442293489
81.65600000000487,4877009.462388042
81.66600000000487,4877009.481996936
81.67600000000488,4877009.501821674
81.68600000000488,4877009.521455478
81.69600000000489,4877009.541062693
81.70600000000489,4877009.560679073
81.7160000000049,4877009.58017861
81.7260000000049,4877009.599788415
81.7360000000049,4877009.619357793
81.74600000000491,4877009.63892384
81.75600000000492,4877009.658347987
81.76600000000492,4877009.678644019
81.77600000000493,4877009.699025486
81.78600000000493,4877009.719215792
81.79600000000494,4877009.739496008
81.80600000000494,4877009.759592512
81.81600000000495,4877009.779403371
81.82600000000495,4877009.799337024
81.83600000000496,4877009.819031281
81.84600000000496,4877009.83907167
81.85600000000497,4877009.858581914
81.86600000000497,4877009.878286415
81.87600000000498,4877009.898058586
81.88600000000498,4877009.917677369
81.89600000000499,4877009.937514945
81.906000000005,4877009.957167525
81.916000000005,4877009.977218645
81.926000000005,4877009.997532515
81.93600000000501,4877010.017579555
81.94600000000501,4877010.037591967
81.95600000000502,4877010.05755642
81.96600000000502,4877010.077898897
81.97600000000503,4877010.098128263
81.98600000000503,4877010.1183624
81.99600000000504,4877010.138636509
82.00600000000505,4877010.158658118
82.01600000000505,4877010.178528891
82.02600000000506,4877010.19840374
82.03600000000506,4877010.218569873
82.04600000000507,4877010.238524504
82.05600000000507,4877010.258557947
82.06600000000508,4877010.278782032
82.07600000000508,4877010.298981456
82.08600000000509,4877010.319173799
82.09600000000509,4877010.339534341
82.1060000000051,4877010.359688361
82.1160000000051,4877010.379726184
82.1260000000051,4877010.4000756
82.13600000000511,4877010.420226812
82.14600000000512,4877010.440382351
82.15600000000512,4877010.460641304
82.16600000000513,4877010.481101157
82.17600000000513,4877010.501405046
82.18600000000514,4877010.521529779
82.19600000000514,4877010.541972098
82.20600000000515,4877010.56242573
82.21600000000515,4877010.582891093
82.22600000000516,4877010.603635138
82.23600000000516,4877010.624298163
82.24600000000517,4877010.645083548
82.25600000000517,4877010.665955723
82.26600000000518,4877010.68657517
82.27600000000518,4877010.707271339
82.28600000000519,4877010.727605443
82.2960000000052,4877010.748036403
82.3060000000052,4877010.768606573
82.3160000000052,4877010.789063994
82.32600000000521,4877010.809627636
82.33600000000521,4877010.829702513
82.34600000000522,4877010.850069422
82.35600000000522,4877010.870228638
82.36600000000523,4877010.890606829
82.37600000000523,4877010.91087194
82.38600000000524,4877010.931224212
82.39600000000524,4877010.951527223
82.40600000000525,4877010.971830517
82.41600000000525,4877010.992341903
82.42600000000526,4877011.012712009
82.43600000000527,4877011.033061138
82.44600000000527,4877011.053405354
82.45600000000528,4877011.074230058
82.46600000000528,4877011.094669276
82.47600000000529,4877011.115817247
82.48600000000529,4877011.136964241
82.4960000000053,4877011.157833028
82.5060000000053,4877011.178704703
82.5160000000053,4877011.199724122
82.52600000000531,4877011.220699338
82.53600000000532,4877011.2417663
82.54600000000532,4877011.262872372
82.55600000000533,4877011.283888724
82.56600000000533,4877011.305205394
82.57600000000534,4877011.326408164
82.58600000000534,4877011.347827435
82.59600000000535,4877011.369142938
82.60600000000535,4877011.390286061
82.61600000000536,4877011.41180641
82.62600000000536,4877011.433352781
82.63600000000537,4877011.455036285
82.64600000000537,4877011.476689564
82.65600000000538,4877011.498331251
82.66600000000538,4877011.520012973
82.67600000000539,4877011.541934384
82.6860000000054,4877011.564052533
82.6960000000054,4877011.585916243
82.7060000000054,4877011.607695301
82.71600000000541,4877011.629817942
82.72600000000541,4877011.651590926
82.73600000000542,4877011.673710335
82.74600000000542,4877011.695387393
82.75600000000543,4877011.717019232
82.76600000000543,4877011.738506064
82.77600000000544,4877011.75953758
82.78600000000544,4877011.781123077
82.79600000000545,4877011.802402859
82.80600000000545,4877011.823685849
82.81600000000546,4877011.84492565
82.82600000000546,4877011.865965207
82.83600000000547,4877011.887186193
82.84600000000547,4877011.908191049
82.85600000000548,4877011.929313552
82.86600000000549,4877011.950626022
82.87600000000549,4877011.971802944
82.8860000000055,4877011.993040723
82.8960000000055,4877012.014180726
82.9060000000055,4877012.035326167
82.91600000000551,4877012.056634441
82.92600000000552,4877012.078227753
82.93600000000552,4877012.099523921
82.94600000000553,4877012.120677549
82.95600000000553,4877012.141855829
82.96600000000554,4877012.162674146
82.97600000000554,4877012.184037056
82.98600000000555,4877012.205331353
82.99600000000555,4877012.226556491
83.00600000000556,4877012.247722047
83.01600000000556,4877012.268612623
83.02600000000557,4877012.289595984
83.03600000000557,4877012.31060608
83.04600000000558,4877012.331745174
83.05600000000558,4877012.353071992
83.06600000000559,4877012.374326993
83.07600000000559,4877012.395715066
83.0860000000056,4877012.416827584
83.0960000000056,4877012.438066187
83.10600000000561,4877012.459370019
83.11600000000561,4877012.480460578
83.12600000000562,4877012.501833255
83.13600000000562,4877012.522939991
83.14600000000563,4877012.544232086
83.15600000000563,4877012.565175975
83.16600000000564,4877012.586694256
83.17600000000564,4877012.608041749
83.18600000000565,4877012.62950185
83.19600000000565,4877012.650445687
83.20600000000566,4877012.671838647
83.21600000000566,4877012.692862518
83.22600000000567,4877012.713782694
83.23600000000567,4877012.735196412
83.24600000000568,4877012.75621871
83.25600000000568,4877012.777128269
83.26600000000569,4877012.798507635
83.2760000000057,4877012.819843901
83.2860000000057,4877012.841220901
83.2960000000057,4877012.862393436
83.30600000000571,4877012.883794727
83.31600000000572,4877012.90549498
83.32600000000572,4877012.926492262
83.33600000000573,4877012.947723831
83.34600000000573,4877012.968776226
83.35600000000574,4877012.990341018
83.36600000000574,4877013.012113054
83.37600000000575,4877013.033278905
83.38600000000575,4877013.054409483
83.39600000000576,4877013.075727199
83.40600000000576,4877013.096888874
83.41600000000577,4877013.118392094
83.42600000000577,4877013.140118555
83.43600000000578,4877013.161348377
83.44600000000578,4877013.182791227
83.45600000000579,4877013.204521722
83.46600000000579,4877013.225960266
83.4760000000058,4877013.247865983
83.4860000000058,4877013.269385732
83.49600000000581,4877013.290909934
83.50600000000581,4877013.31236353
83.51600000000582,4877013.333760322
83.52600000000582,4877013.355355581
83.53600000000583,4877013.377014673
83.54600000000583,4877013.398601219
83.55600000000584,4877013.419917957
83.56600000000584,4877013.441507379
83.57600000000585,4877013.462854713
83.58600000000585,4877013.484299581
83.59600000000586,4877013.505910803
83.60600000000586,4877013.527490852
83.61600000000587,4877013.54916679
83.62600000000587,4877013.570870545
83.63600000000588,4877013.592359709
83.64600000000588,4877013.613826676
83.65600000000589,4877013.635463221
83.6660000000059,4877013.657111587
83.6760000000059,4877013.678953369
83.6860000000059,4877013.70054032
83.69600000000591,4877013.7220151
83.70600000000591,4877013.743496828
83.71600000000592,4877013.764788958
83.72600000000593,4877013.786156265
83.73600000000593,4877013.807556752
83.74600000000594,4877013.82881517
83.75600000000594,4877013.850275688
83.76600000000595,4877013.871591262
83.77600000000595,4877013.893124786
83.78600000000596,4877013.914559454
83.79600000000596,4877013.936314663
83.80600000000597,4877013.958139374
83.81600000000597,4877013.979775903
83.82600000000598,4877014.001573949
83.83600000000598,4877014.023388817
83.84600000000599,4877014.045427752
83.85600000000599,4877014.067316044
83.866000000006,4877014.089355441
83.876000000006,4877014.1114583
83.886000000006,4877014.133398995
83.89600000000601,4877014.155011103
83.90600000000602,4877014.177011004
83.91600000000602,4877014.198713782
83.92600000000603,4877014.220143883
83.93600000000603,4877014.241768
83.94600000000604,4877014.263665705
83.95600000000604,4877014.28559834
83.96600000000605,4877014.307098531
83.97600000000605,4877014.328321
83.98600000000606,4877014.349756173
83.99600000000606,4877014.37124612
84.00600000000607,4877014.392965753
84.01600000000607,4877014.414492798
84.02600000000608,4877014.43628807
84.03600000000608,4877014.458365546
84.04600000000609,4877014.48033514
84.0560000000061,4877014.50222205
84.0660000000061,4877014.524050395
84.0760000000061,4877014.546199549
84.08600000000611,4877014.568057096
84.09600000000611,4877014.590017435
84.10600000000612,4877014.611826359
84.11600000000612,4877014.633750949
84.12600000000613,4877014.655662023
84.13600000000613,4877014.677664198
84.14600000000614,4877014.699425761
84.15600000000615,4877014.721589419
84.16600000000615,4877014.744286602
84.17600000000616,4877014.766617519
84.18600000000616,4877014.788532855
84.19600000000617,4877014.810571117
84.20600000000617,4877014.832456671
84.21600000000618,4877014.854757257
84.22600000000618,4877014.876253893
84.23600000000619,4877014.897905697
84.24600000000619,4877014.919450025
84.2560000000062,4877014.94068281
84.2660000000062,4877014.961697183
84.2760000000062,4877014.982799575
84.28600000000621,4877015.004196051
84.29600000000622,4877015.025019264
84.30600000000622,4877015.046047605
84.31600000000623,4877015.067087736
84.32600000000623,4877015.088071648
84.33600000000624,4877015.108949491
84.34600000000624,4877015.130285345
84.35600000000625,4877015.151627163
84.36600000000625,4877015.172707997
84.37600000000626,4877015.194223928
84.38600000000626,4877015.215369592
84.39600000000627,4877015.236890264
84.40600000000627,4877015.25829825
84.41600000000628,4877015.279922696
84.42600000000628,4877015.30180261
84.43600000000629,4877015.323520883
84.4460000000063,4877015.345529349
84.4560000000063,4877015.367189602
84.4660000000063,4877015.388970145
84.47600000000631,4877015.410717765
84.48600000000631,4877015.432479875
84.49600000000632,4877015.454198018
84.50600000000632,4877015.475956082
84.51600000000633,4877015.497848381
84.52600000000633,4877015.519570513
84.53600000000634,4877015.541543225
84.54600000000634,4877015.56338612
84.55600000000635,4877015.585299788
84.56600000000635,4877015.607202744
84.57600000000636,4877015.62921859
84.58600000000636,4877015.651739263
84.59600000000637,4877015.674223424
84.60600000000638,4877015.696884326
84.61600000000638,4877015.719347781
84.62600000000639,4877015.742267057
84.63600000000639,4877015.764982143
84.6460000000064,4877015.787648062
84.6560000000064,4877015.81023735
84.6660000000064,4877015.832588798
84.67600000000641,4877015.855249788
84.68600000000642,4877015.877792302
84.69600000000642,4877015.900419481
84.70600000000643,4877015.922382137
84.71600000000643,4877015.945185271
84.72600000000644,4877015.968241015
84.73600000000644,4877015.99198259
84.74600000000645,4877016.015783745
84.75600000000645,4877016.039822784
84.76600000000646,4877016.063784645
84.77600000000646,4877016.087308047
84.78600000000647,4877016.111202851
84.79600000000647,4877016.135463212
84.80600000000648,4877016.159437012
84.81600000000648,4877016.18336889
84.82600000000649,4877016.207297869
84.83600000000649,4877016.230604032
84.8460000000065,4877016.254176673
84.8560000000065,4877016.277068768
84.86600000000651,4877016.299758201
84.87600000000651,4877016.322019369
84.88600000000652,4877016.344336117
84.89600000000652,4877016.366398875
84.90600000000653,4877016.388994343
84.91600000000653,4877016.411657069
84.92600000000654,4877016.434405665
84.93600000000654,4877016.457372588
84.94600000000655,4877016.480275822
84.95600000000655,4877016.503401089
84.96600000000656,4877016.525986421
84.97600000000656,4877016.548871679
84.98600000000657,4877016.571553638
84.99600000000657,4877016.595644218
85.00600000000658,4877016.618046027
85.01600000000658,4877016.640720523
85.02600000000659,4877016.662779018
85.0360000000066,4877016.685095807
85.0460000000066,4877016.707314392
85.0560000000066,4877016.729788215
85.06600000000661,4877016.75241472
85.07600000000662,4877016.774821196
85.08600000000662,4877016.797456629
85.09600000000663,4877016.819936984
85.10600000000663,4877016.842544695
85.11600000000664,4877016.865222792
85.12600000000664,4877016.887621309
85.13600000000665,4877016.90995516
85.14600000000665,4877016.932185974
85.15600000000666,4877016.954717366
85.16600000000666,4877016.976763082
85.17600000000667,4877016.999306363
85.18600000000667,4877017.021330319
85.19600000000668,4877017.04343042
85.20600000000668,4877017.065615739
85.21600000000669,4877017.087617885
85.22600000000669,4877017.109307276
85.2360000000067,4877017.130629608
85.2460000000067,4877017.152386235
85.25600000000671,4877017.174288581
85.26600000000671,4877017.196236552
85.27600000000672,4877017.217960793
85.28600000000672,4877017.240323401
85.29600000000673,4877017.262276954
85.30600000000673,4877017.284375559
85.31600000000674,4877017.306682922
85.32600000000674,4877017.328695569
85.33600000000675,4877017.351069544
85.34600000000675,4877017.373028707
85.35600000000676,4877017.39528892
85.36600000000676,4877017.417468442
85.37600000000677,4877017.439501635
85.38600000000677,4877017.461600761
85.39600000000678,4877017.48345619
85.40600000000678,4877017.505289999
85.41600000000679,4877017.526727998
85.4260000000068,4877017.548589372
85.4360000000068,4877017.570158177
85.4460000000068,4877017.591692382
85.45600000000681,4877017.61340614
85.46600000000682,4877017.634910943
85.47600000000682,4877017.656514034
85.48600000000683,4877017.677984952
85.49600000000683,4877017.699699958
85.50600000000684,4877017.72124554
85.51600000000684,4877017.743114809
85.52600000000685,4877017.764569794
85.53600000000685,4877017.786309384
85.54600000000686,4877017.807781689
85.55600000000686,4877017.829294911
85.56600000000687,4877017.850872938
85.57600000000687,4877017.872384747
85.58600000000688,4877017.893646161
85.59600000000688,4877017.915212297
85.60600000000689,4877017.936376749
85.61600000000689,4877017.957338602
85.6260000000069,4877017.978011803
85.6360000000069,4877017.999309272
85.64600000000691,4877018.020220777
85.65600000000691,4877018.041281272
85.66600000000692,4877018.062305518
85.67600000000692,4877018.0831048
85.68600000000693,4877018.104196252
85.69600000000693,4877018.12520605
85.70600000000694,4877018.1465175
85.71600000000694,4877018.167782818
85.72600000000695,4877018.189042529
85.73600000000695,4877018.210446246
85.74600000000696,4877018.231585115
85.75600000000696,4877018.25319409
85.76600000000697,4877018.274554429
85.77600000000697,4877018.295605894
85.78600000000698,4877018.316503996
85.79600000000698,4877018.337673885
85.80600000000699,4877018.35883477
85.816000000007,4877018.379627839
85.826000000007,4877018.400539191
85.836000000007,4877018.421367621
85.84600000000701,4877018.442215974
85.85600000000701,4877018.463217867
85.86600000000702,4877018.483954895
85.87600000000702,4877018.504991833
85.88600000000703,4877018.52585977
85.89600000000704,4877018.547025646
85.90600000000704,4877018.568315934
85.91600000000705,4877018.589589467
85.92600000000705,4877018.610224487
85.93600000000706,4877018.63105769
85.94600000000706,4877018.651849969
85.95600000000707,4877018.672533673
85.96600000000707,4877018.693205458
85.97600000000708,4877018.713825766
85.98600000000708,4877018.734405914
85.99600000000709,4877018.755324359
86.00600000000709,4877018.775815517
86.0160000000071,4877018.796494173
86.0260000000071,4877018.817312359
86.0360000000071,4877018.83794208
86.04600000000711,4877018.858741802
86.05600000000712,4877018.879237401
86.06600000000712,4877018.899974256
86.07600000000713,4877018.920892962
86.08600000000713,4877018.942219921
86.09600000000714,4877018.963193155
86.10600000000714,4877018.984276383
86.11600000000715,4877019.005825975
86.12600000000715,4877019.026799477
86.13600000000716,4877019.048079193
86.14600000000716,4877019.06945914
86.15600000000717,4877019.090410823
86.16600000000717,4877019.111406405
86.17600000000718,4877019.132461625
86.18600000000718,4877019.153531913
86.19600000000719,4877019.174680687
86.2060000000072,4877019.195720453
86.2160000000072,4877019.216732148
86.2260000000072,4877019.237606584
86.23600000000721,4877019.258615227
86.24600000000721,4877019.279472852
86.25600000000722,4877019.30037742
86.26600000000722,4877019.321420049
86.27600000000723,4877019.34262341
86.28600000000723,4877019.363945947
86.29600000000724,4877019.385086761
86.30600000000724,4877019.406498388
86.31600000000725,4877019.427352579
86.32600000000726,4877019.448399426
86.33600000000726,4877019.469396621
86.34600000000727,4877019.490135352
86.35600000000727,4877019.510837409
86.36600000000728,4877019.531529309
86.37600000000728,4877019.552651803
86.38600000000729,4877019.572973577
86.39600000000729,4877019.593186669
86.4060000000073,4877019.613162695
86.4160000000073,4877019.633354896
86.4260000000073,4877019.653554773
86.43600000000731,4877019.673564605
86.44600000000732,4877019.693782328
86.45600000000732,4877019.713726618
86.46600000000733,4877019.733622197
86.47600000000733,4877019.753670894
86.48600000000734,4877019.773847674
86.49600000000734,4877019.793977602
86.50600000000735,4877019.813732688
86.51600000000735,4877019.833812889
86.52600000000736,4877019.854109246
86.53600000000736,4877019.874106934
86.54600000000737,4877019.894088065
86.55600000000737,4877019.913818997
86.56600000000738,4877019.933532315
86.57600000000738,4877019.953411829
86.58600000000739,4877019.97376902
86.5960000000074,4877019.994008217
86.6060000000074,4877020.014209135
86.6160000000074,4877020.034180115
86.62600000000741,4877020.054423438
86.63600000000741,4877020.074824908
86.64600000000742,4877020.094745079
86.65600000000742,4877020.114904147
86.66600000000743,4877020.134768436
86.67600000000743,4877020.154943527
86.68600000000744,4877020.17509931
86.69600000000744,4877020.195343461
86.70600000000745,4877020.215541718
86.71600000000745,4877020.235580697
86.72600000000746,4877020.255958979
86.73600000000746,4877020.276162328
86.74600000000747,4877020.296375616
86.75600000000748,4877020.316262944
86.76600000000748,4877020.33637125
86.77600000000749,4877020.356543906
86.78600000000749,4877020.376528385
86.7960000000075,4877020.396673605
86.8060000000075,4877020.416770396
86.8160000000075,4877020.436868907
86.82600000000751,4877020.457191995
86.83600000000752,4877020.477204424
86.84600000000752,4877020.497333466
86.85600000000753,4877020.517346393
86.86600000000753,4877020.537626245
86.87600000000754,4877020.558078151
86.88600000000754,4877020.578251129
86.89600000000755,4877020.598641724
86.90600000000755,4877020.618808208
86.91600000000756,4877020.638709847
86.92600000000756,4877020.659073686
86.93600000000757,4877020.678790562
86.94600000000757,4877020.698711966
86.95600000000758,4877020.718700533
86.96600000000758,4877020.738367585
86.97600000000759,4877020.758440639
86.98600000000759,4877020.778603333
86.9960000000076,4877020.798950033
87.0060000000076,4877020.819062186
87.01600000000761,4877020.838747507
87.02600000000761,4877020.858768287
87.03600000000762,4877020.878890066
87.04600000000762,4877020.899168957
87.05600000000763,4877020.918777597
87.06600000000763,4877020.938347665
87.07600000000764,4877020.958455552
87.08600000000764,4877020.978142998
87.09600000000765,4877020.998276296
87.10600000000765,4877021.018149675
87.11600000000766,4877021.037812428
87.12600000000766,4877021.057540348
87.13600000000767,4877021.077732365
87.14600000000767,4877021.097556182
87.15600000000768,4877021.11771166
87.16600000000768,4877021.13774115
87.17600000000769,4877021.157892287
87.1860000000077,4877021.178186062
87.1960000000077,4877021.198577452
87.2060000000077,4877021.218642984
87.21600000000771,4877021.238812122
87.22600000000772,4877021.259262267
87.23600000000772,4877021.279383897
87.24600000000773,4877021.299524896
87.25600000000773,4877021.319626573
87.26600000000774,4877021.339997471
87.27600000000774,4877021.360151743
87.28600000000775,4877021.380327848
87.29600000000775,4877021.400583334
87.30600000000776,4877021.420677704
87.31600000000776,4877021.440549469
87.32600000000777,4877021.460822061
87.33600000000777,4877021.481270745
87.34600000000778,4877021.501440456
87.35600000000778,4877021.521579751
87.36600000000779,4877021.541638759
87.37600000000779,4877021.561483157
87.3860000000078,4877021.581632099
87.3960000000078,4877021.601932281
87.40600000000781,4877021.621819549
87.41600000000781,4877021.641934659
87.42600000000782,4877021.662294989
87.43600000000782,4877021.682040134
87.44600000000783,4877021.702300825
87.45600000000783,4877021.722488918
87.46600000000784,4877021.742464781
87.47600000000784,4877021.762742534
87.48600000000785,4877021.78321004
87.49600000000785,4877021.804078368
87.50600000000786,4877021.824304044
87.51600000000786,4877021.844210564
87.52600000000787,4877021.864665391
87.53600000000787,4877021.885208812
87.54600000000788,4877021.905752913
87.55600000000788,4877021.926109716
87.56600000000789,4877021.946495081
87.5760000000079,4877021.967155198
87.5860000000079,4877021.987826964
87.5960000000079,4877022.008891896
87.60600000000791,4877022.029721585
87.61600000000792,4877022.050638135
87.62600000000792,4877022.071935485
87.63600000000793,4877022.092657365
87.64600000000793,4877022.113770979
87.65600000000794,4877022.135513527
87.66600000000794,4877022.156087242
87.67600000000795,4877022.176195552
87.68600000000795,4877022.196604375
87.69600000000796,4877022.216862496
87.70600000000796,4877022.237193827
87.71600000000797,4877022.257258092
87.72600000000797,4877022.276928027
87.73600000000798,4877022.296729193
87.74600000000798,4877022.316512618
87.75600000000799,4877022.336168606
87.76600000000799,4877022.355811216
87.776000000008,4877022.375627361
87.786000000008,4877022.39513057
87.79600000000801,4877022.414741496
87.80600000000801,4877022.434063694
87.81600000000802,4877022.453676302
87.82600000000802,4877022.473619764
87.83600000000803,4877022.493226537
87.84600000000803,4877022.51303189
87.85600000000804,4877022.532732919
87.86600000000804,4877022.552573272
87.87600000000805,4877022.57243926
87.88600000000805,4877022.592520948
87.89600000000806,4877022.61267011
87.90600000000806,4877022.632614887
87.91600000000807,4877022.653346489
87.92600000000807,4877022.675415794
87.93600000000808,4877022.696063479
87.94600000000808,4877022.717020008
87.95600000000809,4877022.737939062
87.9660000000081,4877022.758696163
87.9760000000081,4877022.779510433
87.9860000000081,4877022.800549582
87.99600000000811,4877022.821489467
88.00600000000811,4877022.842033402
88.01600000000812,4877022.862336079
88.02600000000812,4877022.883104861
88.03600000000813,4877022.904025884
88.04600000000814,4877022.924554331
88.05600000000814,4877022.944789694
88.06600000000815,4877022.964674542
88.07600000000815,4877022.984764873
88.08600000000816,4877023.004696461
88.09600000000816,4877023.02445474
88.10600000000817,4877023.044204391
88.11600000000817,4877023.064428654
88.12600000000818,4877023.084600543
88.13600000000818,4877023.104084962
88.14600000000819,4877023.124460145
88.15600000000819,4877023.145278205
88.1660000000082,4877023.165992895
88.1760000000082,4877023.186997527
88.1860000000082,4877023.207691057
88.19600000000821,4877023.228072369
88.20600000000822,4877023.248629359
88.21600000000822,4877023.269665814
88.22600000000823,4877023.290332582
88.23600000000823,4877023.3112094
88.24600000000824,4877023.331875088
88.25600000000824,4877023.352708351
88.26600000000825,4877023.373835442
88.27600000000825,4877023.394731179
88.28600000000826,4877023.415773808
88.29600000000826,4877023.436697711
88.30600000000827,4877023.457900757
88.31600000000827,4877023.478865395
88.32600000000828,4877023.499743212
88.33600000000828,4877023.519406192
88.34600000000829,4877023.538435208
88.3560000000083,4877023.557612715
88.3660000000083,4877023.576838952
88.3760000000083,4877023.595628857
88.38600000000831,4877023.614674151
88.39600000000831,4877023.633421954
88.40600000000832,4877023.651950853
88.41600000000832,4877023.670403604
88.42600000000833,4877023.688800059
88.43600000000833,4877023.709911977
88.44600000000834,4877023.732259706
88.45600000000834,4877023.753130631
88.46600000000835,4877023.774797183
88.47600000000836,4877023.795756484
88.48600000000836,4877023.817380699
88.49600000000837,4877023.836866071
88.50600000000837,4877023.858850183
88.51600000000838,4877023.879678071
88.52600000000838,4877023.902150963
88.53600000000839,4877023.922701092
88.54600000000839,4877023.942128197
88.5560000000084,4877023.960930497
88.5660000000084,4877023.979528109
88.5760000000084,4877023.998343223
88.58600000000841,4877024.016958016
88.59600000000842,4877024.035456944
88.60600000000842,4877024.054261946
88.61600000000843,4877024.07331632
88.62600000000843,4877024.091963015
88.63600000000844,4877024.110550649
88.64600000000844,4877024.129467763
88.65600000000845,4877024.148141277
88.66600000000845,4877024.166874592
88.67600000000846,4877024.18537226
88.68600000000846,4877024.203787537
88.69600000000847,4877024.22253921
88.70600000000847,4877024.241008491
88.71600000000848,4877024.259908751
88.72600000000848,4877024.278947339
88.73600000000849,4877024.297760957
88.7460000000085,4877024.316586564
88.7560000000085,4877024.334968999
88.7660000000085,4877024.353548263
88.77600000000851,4877024.372309597
88.78600000000851,4877024.391452706
88.79600000000852,4877024.410558368
88.80600000000852,4877024.429233808
88.81600000000853,4877024.447805071
88.82600000000853,4877024.466903529
88.83600000000854,4877024.485510774
88.84600000000854,4877024.504065776
88.85600000000855,4877024.522735928
88.86600000000855,4877024.541169154
88.87600000000856,4877024.560133001
88.88600000000856,4877024.579042753
88.89600000000857,4877024.597948927
88.90600000000858,4877024.617043035
88.91600000000858,4877024.635926767
88.92600000000859,4877024.654988778
88.93600000000859,4877024.674090798
88.9460000000086,4877024.692933795
88.9560000000086,4877024.711927435
88.9660000000086,4877024.730707459
88.97600000000861,4877024.750019938
88.98600000000862,4877024.769326737
88.99600000000862,4877024.788604268
89.00600000000863,4877024.808390823
89.01600000000863,4877024.827883991
89.02600000000864,4877024.84703104
89.03600000000864,4877024.866353033
89.04600000000865,4877024.8856633
89.05600000000865,4877024.905012912
89.06600000000866,4877024.924342598
89.07600000000866,4877024.943495862
89.08600000000867,4877024.96281913
89.09600000000867,4877024.981882104
89.10600000000868,4877025.000984639
89.11600000000868,4877025.019933661
89.12600000000869,4877025.038640596
89.13600000000869,4877025.057565693
89.1460000000087,4877025.076334951
89.1560000000087,4877025.094730994
89.16600000000871,4877025.113318559
89.17600000000871,4877025.131810696
89.18600000000872,4877025.150510854
89.19600000000872,4877025.169268109
89.20600000000873,4877025.187734583
89.21600000000873,4877025.206325673
89.22600000000874,4877025.224780473
89.23600000000874,4877025.243080453
89.24600000000875,4877025.261660554
89.25600000000875,4877025.280296921
89.26600000000876,4877025.298857114
89.27600000000876,4877025.317438914
89.28600000000877,4877025.335878943
89.29600000000877,4877025.354311162
89.30600000000878,4877025.37297996
89.31600000000878,4877025.391381958
89.32600000000879,4877025.409790548
89.3360000000088,4877025.428313201
89.3460000000088,4877025.446805541
89.3560000000088,4877025.465565966
89.36600000000881,4877025.485014053
89.37600000000882,4877025.503781426
89.38600000000882,4877025.522598358
89.39600000000883,4877025.541187296
89.40600000000883,4877025.559953147
89.41600000000884,4877025.57887379
89.42600000000884,4877025.597401476
89.43600000000885,4877025.616263103
89.44600000000885,4877025.634804521
89.45600000000886,4877025.653458964
89.46600000000886,4877025.672359457
89.47600000000887,4877025.690789854
89.48600000000887,4877025.709304171
89.49600000000888,4877025.727924124
89.50600000000888,4877025.746414855
89.51600000000889,4877025.765108398
89.52600000000889,4877025.784041369
89.5360000000089,4877025.802593979
89.5460000000089,4877025.821102044
89.55600000000891,4877025.83966932
89.56600000000891,4877025.858212332
89.57600000000892,4877025.877029796
89.58600000000892,4877025.895536437
89.59600000000893,4877025.914099489
89.60600000000893,4877025.93259849
89.61600000000894,4877025.951125455
89.62600000000894,4877025.969848733
89.63600000000895,4877025.988274214
89.64600000000895,4877026.007153078
89.65600000000896,4877026.025815563
89.66600000000896,4877026.044419348
89.67600000000897,4877026.063144467
89.68600000000897,4877026.082102208
89.69600000000898,4877026.100582233
89.70600000000898,4877026.119311034
89.71600000000899,4877026.137930229
89.726000000009,4877026.156539007
89.736000000009,4877026.175405427
89.746000000009,4877026.193850992
89.75600000000901,4877026.212376462
89.76600000000902,4877026.230849801
89.77600000000902,4877026.249426934
89.78600000000903,4877026.26805754
89.79600000000903,4877026.286638242
89.80600000000904,4877026.305127237
89.81600000000904,4877026.323738273
89.82600000000905,4877026.342297611
89.83600000000905,4877026.360973285
89.84600000000906,4877026.379719167
89.85600000000906,4877026.398131728
89.86600000000907,4877026.416682404
89.87600000000907,4877026.435193539
89.88600000000908,4877026.453842368
89.89600000000908,4877026.472590027
89.90600000000909,4877026.491218836
89.91600000000909,4877026.509730198
89.9260000000091,4877026.528468449
89.9360000000091,4877026.547068347
89.94600000000911,4877026.566148467
89.95600000000911,4877026.584891558
89.96600000000912,4877026.603430717
89.97600000000912,4877026.622431041
89.98600000000913,4877026.64106744
89.99600000000913,4877026.659909661
90.00600000000914,4877026.67922731
90.01600000000914,4877026.697703703
90.02600000000915,4877026.716431926
90.03600000000915,4877026.735074543
90.04600000000916,4877026.753853573
90.05600000000916,4877026.772697899
90.06600000000917,4877026.791216621
90.07600000000917,4877026.810337789
90.08600000000918,4877026.829146404
90.09600000000918,4877026.847829844
90.10600000000919,4877026.866669499
90.1160000000092,4877026.885382388
90.1260000000092,4877026.903935106
90.1360000000092,4877026.922545349
90.14600000000921,4877026.941071252
90.15600000000921,4877026.959950153
90.16600000000922,4877026.978763778
90.17600000000922,4877026.99779256
90.18600000000923,4877027.016619505
90.19600000000924,4877027.035232896
90.20600000000924,4877027.054136905
90.21600000000925,4877027.073131324
90.22600000000925,4877027.092041373
90.23600000000926,4877027.111384745
90.24600000000926,4877027.130938532
90.25600000000927,4877027.150316285
90.26600000000927,4877027.169480503
90.27600000000928,4877027.188253543
90.28600000000928,4877027.206809401
90.29600000000929,4877027.225406799
90.30600000000929,4877027.244209046
90.3160000000093,4877027.262883526
90.3260000000093,4877027.28169943
90.3360000000093,4877027.300310147
90.34600000000931,4877027.318939096
90.35600000000932,4877027.337622771
90.36600000000932,4877027.356337509
90.37600000000933,4877027.375059914
90.38600000000933,4877027.393645497
90.39600000000934,4877027.412233531
90.40600000000934,4877027.431014732
90.41600000000935,4877027.449639013
90.42600000000935,4877027.468622349
90.43600000000936,4877027.487262898
90.44600000000936,4877027.50584392
90.45600000000937,4877027.524584325
90.46600000000937,4877027.543206289
90.47600000000938,4877027.562199751
90.48600000000938,4877027.581132052
90.49600000000939,4877027.599775962
90.5060000000094,4877027.618629104
90.5160000000094,4877027.637480656
90.5260000000094,4877027.656251782
90.53600000000941,4877027.67514454
90.54600000000941,4877027.693819216
90.55600000000942,4877027.712506339
90.56600000000942,4877027.731180806
90.57600000000943,4877027.750011192
90.58600000000943,4877027.768691611
90.59600000000944,4877027.787363419
90.60600000000944,4877027.806055111
90.61600000000945,4877027.824908933
90.62600000000945,4877027.843510765
90.63600000000946,4877027.862228195
90.64600000000947,4877027.880973642
90.65600000000947,4877027.899629723
90.66600000000948,4877027.91827129
90.67600000000948,4877027.936982143
90.68600000000949,4877027.955858573
90.69600000000949,4877027.974750256
90.7060000000095,4877027.993770451
90.7160000000095,4877028.012433265
90.7260000000095,4877028.031334305
90.73600000000951,4877028.050139323
90.74600000000952,4877028.068855294
90.75600000000952,4877028.087791177
90.76600000000953,4877028.106279747
90.77600000000953,4877028.125496926
90.78600000000954,4877028.144145245
90.79600000000954,4877028.163126756
90.80600000000955,4877028.181887351
90.81600000000955,4877028.200681865
90.82600000000956,4877028.219693591
90.83600000000956,4877028.23832226
90.84600000000957,4877028.257105727
90.85600000000957,4877028.275809431
90.86600000000958,4877028.294531931
90.87600000000958,4877028.31330589
90.88600000000959,4877028.331988896
90.8960000000096,4877028.350766285
90.9060000000096,4877028.369307792
90.9160000000096,4877028.387881817
90.92600000000961,4877028.406482478
90.93600000000961,4877028.425272079
90.94600000000962,4877028.443775714
90.95600000000962,4877028.462687792
90.96600000000963,4877028.48147363
90.97600000000963,4877028.500176929
90.98600000000964,4877028.518846644
90.99600000000964,4877028.537707792
91.00600000000965,4877028.556498731
91.01600000000965,4877028.575238809
91.02600000000966,4877028.593892883
91.03600000000966,4877028.612591927
91.04600000000967,4877028.631513159
91.05600000000967,4877028.650207207
91.06600000000968,4877028.668777246
91.07600000000969,4877028.687683456
91.08600000000969,4877028.706273102
91.0960000000097,4877028.725092637
91.1060000000097,4877028.743807326
91.1160000000097,4877028.762597704
91.12600000000971,4877028.781557664
91.13600000000972,4877028.800417926
91.14600000000972,4877028.819526531
91.15600000000973,4877028.838325619
91.16600000000973,4877028.857148284
91.17600000000974,4877028.876190326
91.18600000000974,4877028.895025856
91.19600000000975,4877028.91375816
91.20600000000975,4877028.932538598
91.21600000000976,4877028.951413628
91.22600000000976,4877028.970070661
91.23600000000977,4877028.989080054
91.24600000000977,4877029.008133205
91.25600000000978,4877029.027006927
91.26600000000978,4877029.046186996
91.27600000000979,4877029.064924172
91.28600000000979,4877029.084490171
91.2960000000098,4877029.103100086
91.3060000000098,4877029.121897098
91.31600000000981,4877029.140431706
91.32600000000981,4877029.159295141
91.33600000000982,4877029.178252266
91.34600000000982,4877029.197112272
91.35600000000983,4877029.215763673
91.36600000000983,4877029.23443751
91.37600000000984,4877029.253072656
91.38600000000984,4877029.271716172
91.39600000000985,4877029.290494161
91.40600000000985,4877029.309208054
91.41600000000986,4877029.32804241
91.42600000000986,4877029.346678714
91.43600000000987,4877029.365463415
91.44600000000987,4877029.384411666
91.45600000000988,4877029.402970931
91.46600000000988,4877029.421671435
91.47600000000989,4877029.440445403
91.4860000000099,4877029.459136761
91.4960000000099,4877029.47826021
91.5060000000099,4877029.496855268
91.51600000000991,4877029.515584703
91.52600000000992,4877029.534421135
91.53600000000992,4877029.55316713
91.54600000000993,4877029.57214773
91.55600000000993,4877029.590885372
91.56600000000994,4877029.60951263
91.57600000000994,4877029.628712513
91.58600000000995,4877029.647213315
91.59600000000995,4877029.665947261
91.60600000000996,4877029.684770379
91.61600000000996,4877029.703717479
91.62600000000997,4877029.722729228
91.63600000000997,4877029.741616637
91.64600000000998,4877029.760424426
91.65600000000998,4877029.779289617
91.66600000000999,4877029.797949889
91.67600000000999,4877029.817064897
91.68600000001,4877029.835896802
91.69600000001,4877029.854781321
91.70600000001001,4877029.873526331
91.71600000001001,4877029.892437379
91.72600000001002,4877029.911232304
91.73600000001002,4877029.930083293
91.74600000001003,4877029.948855068
91.75600000001003,4877029.967626043
91.76600000001004,4877029.986644524
91.77600000001004,4877030.00580439
91.78600000001005,4877030.024700861
91.79600000001005,4877030.043490627
91.80600000001006,4877030.06238616
91.81600000001006,4877030.08172654
91.82600000001007,4877030.100414747
91.83600000001007,4877030.119610722
91.84600000001008,4877030.138291548
91.85600000001008,4877030.157146859
91.86600000001009,4877030.175964142
91.8760000000101,4877030.19469227
91.8860000000101,4877030.213287261
91.8960000000101,4877030.232137686
91.90600000001011,4877030.250876621
91.91600000001011,4877030.269501973
91.92600000001012,4877030.288367203
91.93600000001013,4877030.307218912
91.94600000001013,4877030.325942053
91.95600000001014,4877030.344646458
91.96600000001014,4877030.363430568
91.97600000001015,4877030.382386256
91.98600000001015,4877030.40125249
91.99600000001016,4877030.420144605
92.00600000001016,4877030.438929307
92.01600000001017,4877030.457857076
92.02600000001017,4877030.476643856
92.03600000001018,4877030.495288495
92.04600000001018,4877030.514171459
92.05600000001019,4877030.53288323
92.06600000001019,4877030.551484191
92.0760000000102,4877030.570256616
92.0860000000102,4877030.589116065
92.0960000000102,4877030.607906696
92.10600000001021,4877030.626765083
92.11600000001022,4877030.645779689
92.12600000001022,4877030.664435112
92.13600000001023,4877030.683395831
92.14600000001023,4877030.701986317
92.15600000001024,4877030.721035395
92.16600000001024,4877030.739787325
92.17600000001025,4877030.758540563
92.18600000001025,4877030.777416564
92.19600000001026,4877030.796403832
92.20600000001026,4877030.815850661
92.21600000001027,4877030.835219306
92.22600000001027,4877030.85428843
92.23600000001028,4877030.87308526
92.24600000001028,4877030.892172383
92.25600000001029,4877030.911309144
92.2660000000103,4877030.930481126
92.2760000000103,4877030.949200404
92.2860000000103,4877030.96816221
92.29600000001031,4877030.987052724
92.30600000001031,4877031.00617751
92.31600000001032,4877031.025076718
92.32600000001032,4877031.043780567
92.33600000001033,4877031.062871597
92.34600000001033,4877031.082169028
92.35600000001034,4877031.101136259
92.36600000001035,4877031.120142973
92.37600000001035,4877031.138914277
92.38600000001036,4877031.157858098
92.39600000001036,4877031.176847126
92.40600000001037,4877031.195879956
92.41600000001037,4877031.214726032
92.42600000001038,4877031.23358535
92.43600000001038,4877031.252301618
92.44600000001039,4877031.271111383
92.45600000001039,4877031.290072757
92.4660000000104,4877031.308954602
92.4760000000104,4877031.327625225
92.4860000000104,4877031.346556723
92.49600000001041,4877031.365191135
92.50600000001042,4877031.3840543
92.51600000001042,4877031.402907454
92.52600000001043,4877031.421963463
92.53600000001043,4877031.440837765
92.54600000001044,4877031.459645472
92.55600000001044,4877031.4784095
92.56600000001045,4877031.497278249
92.57600000001045,4877031.515982486
92.58600000001046,4877031.534842858
92.59600000001046,4877031.553611163
92.60600000001047,4877031.572515386
92.61600000001047,4877031.591917236
92.62600000001048,4877031.612345351
92.63600000001048,4877031.632468505
92.64600000001049,4877031.651398169
92.6560000000105,4877031.670596802
92.6660000000105,4877031.689653587
92.6760000000105,4877031.70854993
92.68600000001051,4877031.727516579
92.69600000001051,4877031.746358043
92.70600000001052,4877031.765252208
92.71600000001052,4877031.784041426
92.72600000001053,4877031.802728895
92.73600000001053,4877031.821587981
92.74600000001054,4877031.840218987
92.75600000001054,4877031.859105696
92.76600000001055,4877031.87781298
92.77600000001055,4877031.896790669
92.78600000001056,4877031.915585885
92.79600000001057,4877031.934490336
92.80600000001057,4877031.953347503
92.81600000001058,4877031.972215498
92.82600000001058,4877031.991295723
92.83600000001059,4877032.01026155
92.84600000001059,4877032.029141708
92.8560000000106,4877032.048185248
92.8660000000106,4877032.06713492
92.8760000000106,4877032.086404012
92.88600000001061,4877032.105420844
92.89600000001062,4877032.124778174
92.90600000001062,4877032.143802983
92.91600000001063,4877032.162635233
92.92600000001063,4877032.181576126
92.93600000001064,4877032.200303633
92.94600000001064,4877032.219170808
92.95600000001065,4877032.238131682
92.96600000001065,4877032.25746895
92.97600000001066,4877032.276500718
92.98600000001066,4877032.295509917
92.99600000001067,4877032.314397875
93.00600000001067,4877032.333173967
93.01600000001068,4877032.351843934
93.02600000001068,4877032.370860273
93.03600000001069,4877032.389761716
93.0460000000107,4877032.408552302
93.0560000000107,4877032.427485735
93.0660000000107,4877032.446387955
93.07600000001071,4877032.465230096
93.08600000001071,4877032.484077599
93.09600000001072,4877032.502855832
93.10600000001072,4877032.52181994
93.11600000001073,4877032.54054297
93.12600000001073,4877032.559693703
93.13600000001074,4877032.578604867
93.14600000001074,4877032.597640129
93.15600000001075,4877032.616615806
93.16600000001075,4877032.635282309
93.17600000001076,4877032.65426175
93.18600000001076,4877032.672998096
93.19600000001077,4877032.692083964
93.20600000001077,4877032.710950592
93.21600000001078,4877032.729649645
93.22600000001079,4877032.748672468
93.23600000001079,4877032.767533089
93.2460000000108,4877032.786522398
93.2560000000108,4877032.80543806
93.2660000000108,4877032.824496711
93.27600000001081,4877032.8434188
93.28600000001082,4877032.862461996
93.29600000001082,4877032.881456114
93.30600000001083,4877032.900568409
93.31600000001083,4877032.919532457
93.32600000001084,4877032.938545995
93.33600000001084,4877032.957234841
93.34600000001085,4877032.97624161
93.35600000001085,4877032.995442166
93.36600000001086,4877033.014293941
93.37600000001086,4877033.033256072
93.38600000001087,4877033.052337302
93.39600000001087,4877033.071585713
93.40600000001088,4877033.090692973
93.41600000001088,4877033.109587545
93.42600000001089,4877033.128727646
93.43600000001089,4877033.147805827
93.4460000000109,4877033.166765188
93.4560000000109,4877033.185580243
93.46600000001091,4877033.204585902
93.47600000001091,4877033.223796143
93.48600000001092,4877033.242759057
93.49600000001092,4877033.262220802
93.50600000001093,4877033.281293317
93.51600000001093,4877033.300169003
93.52600000001094,4877033.319412189
93.53600000001094,4877033.338233339
93.54600000001095,4877033.357227987
93.55600000001095,4877033.376108345
93.56600000001096,4877033.39492851
93.57600000001096,4877033.414061924
93.58600000001097,4877033.433344843
93.59600000001097,4877033.452769027
93.60600000001098,4877033.472185909
93.61600000001098,4877033.491570135
93.62600000001099,4877033.510578078
93.636000000011,4877033.529641772
93.646000000011,4877033.54923625
93.656000000011,4877033.568858645
93.66600000001101,4877033.588332974
93.67600000001102,4877033.607449216
93.68600000001102,4877033.626721673
93.69600000001103,4877033.6459418
93.70600000001103,4877033.665068557
93.71600000001104,4877033.684197107
93.72600000001104,4877033.703321514
93.73600000001105,4877033.722489085
93.74600000001105,4877033.741536111
93.75600000001106,4877033.760557992
93.76600000001106,4877033.779751275
93.77600000001107,4877033.798804588
93.78600000001107,4877033.818207445
93.79600000001108,4877033.837125061
93.80600000001108,4877033.856147796
93.81600000001109,4877033.875311364
93.82600000001109,4877033.89479111
93.8360000000111,4877033.913978409
93.8460000000111,4877033.933146196
93.85600000001111,4877033.952502207
93.86600000001111,4877033.97162017
93.87600000001112,4877033.99065462
93.88600000001112,4877034.009621847
93.89600000001113,4877034.028724993
93.90600000001113,4877034.047590709
93.91600000001114,4877034.066634069
93.92600000001114,4877034.085919035
93.93600000001115,4877034.105030742
93.94600000001115,4877034.124445927
93.95600000001116,4877034.143398783
93.96600000001116,4877034.162374506
93.97600000001117,4877034.181231211
93.98600000001117,4877034.200094988
93.99600000001118,4877034.219034219
94.00600000001118,4877034.237873921
94.01600000001119,4877034.256795704
94.0260000000112,4877034.275529909
94.0360000000112,4877034.294491232
94.0460000000112,4877034.313458018
94.05600000001121,4877034.332418762
94.06600000001121,4877034.351213454
94.07600000001122,4877034.370171012
94.08600000001123,4877034.389208436
94.09600000001123,4877034.408008656
94.10600000001124,4877034.427035027
94.11600000001124,4877034.445930471
94.12600000001125,4877034.464955609
94.13600000001125,4877034.484043993
94.14600000001126,4877034.502831131
94.15600000001126,4877034.521934518
94.16600000001127,4877034.540660853
94.17600000001127,4877034.559547549
94.18600000001128,4877034.578395261
94.19600000001128,4877034.597250714
94.20600000001129,4877034.617310374
94.21600000001129,4877034.636168194
94.2260000000113,4877034.655529769
94.2360000000113,4877034.674397071
94.2460000000113,4877034.69349763
94.25600000001131,4877034.712433453
94.26600000001132,4877034.731143979
94.27600000001132,4877034.749830738
94.28600000001133,4877034.768792269
94.29600000001133,4877034.787500967
94.30600000001134,4877034.806456205
94.31600000001134,4877034.825406103
94.32600000001135,4877034.844045234
94.33600000001135,4877034.862995157
94.34600000001136,4877034.881612008
94.35600000001136,4877034.900552398
94.36600000001137,4877034.919176051
94.37600000001137,4877034.937738634
94.38600000001138,4877034.956316603
94.39600000001138,4877034.974966463
94.40600000001139,4877034.993978989
94.4160000000114,4877035.012734004
94.4260000000114,4877035.031464145
94.4360000000114,4877035.050149693
94.44600000001141,4877035.069053914
94.45600000001141,4877035.088016909
94.46600000001142,4877035.106665197
94.47600000001142,4877035.12599133
94.48600000001143,4877035.144691823
94.49600000001143,4877035.163327015
94.50600000001144,4877035.182196858
94.51600000001145,4877035.200941612
94.52600000001145,4877035.21950381
94.53600000001146,4877035.238068403
94.54600000001146,4877035.256953347
94.55600000001147,4877035.275761555
94.56600000001147,4877035.294578052
94.57600000001148,4877035.313279015
94.58600000001148,4877035.332148143
94.59600000001149,4877035.351258755
94.60600000001149,4877035.370507819
94.6160000000115,4877035.389419685
94.6260000000115,4877035.408335822
94.6360000000115,4877035.427087032
94.64600000001151,4877035.445858975
94.65600000001152,4877035.464566682
94.66600000001152,4877035.483485565
94.67600000001153,4877035.502447714
94.68600000001153,4877035.521231876
94.69600000001154,4877035.539765421
94.70600000001154,4877035.558709805
94.71600000001155,4877035.577285718
94.72600000001155,4877035.596186284
94.73600000001156,4877035.615037874
94.74600000001156,4877035.633994411
94.75600000001157,4877035.652832637
94.76600000001157,4877035.671720444
94.77600000001158,4877035.690489895
94.78600000001158,4877035.709649533
94.79600000001159,4877035.728343907
94.8060000000116,4877035.747428894
94.8160000000116,4877035.766677448
94.8260000000116,4877035.786089403
94.83600000001161,4877035.805122329
94.84600000001161,4877035.82395196
94.85600000001162,4877035.842593096
94.86600000001162,4877035.861632292
94.87600000001163,4877035.880593147
94.88600000001163,4877035.899364156
94.89600000001164,4877035.91797283
94.90600000001164,4877035.936474188
94.91600000001165,4877035.955379063
94.92600000001165,4877035.974444286
94.93600000001166,4877035.993190258
94.94600000001167,4877036.012276259
94.95600000001167,4877036.031196771
94.96600000001168,4877036.05003879
94.97600000001168,4877036.069074139
94.98600000001169,4877036.088017541
94.99600000001169,4877036.107025273
95.0060000000117,4877036.126014442
95.0160000000117,4877036.144696132
95.0260000000117,4877036.163757473
95.03600000001171,4877036.182292561
95.04600000001172,4877036.201165096
95.05600000001172,4877036.219758535
95.06600000001173,4877036.238631767
95.07600000001173,4877036.257377836
95.08600000001174,4877036.276156262
95.09600000001174,4877036.294616865
95.10600000001175,4877036.313725664
95.11600000001175,4877036.332641103
95.12600000001176,4877036.351493502
95.13600000001176,4877036.37036304
95.14600000001177,4877036.389507901
95.15600000001177,4877036.408457469
95.16600000001178,4877036.427492746
95.17600000001178,4877036.445983792
95.18600000001179,4877036.465008188
95.1960000000118,4877036.483844809
95.2060000000118,4877036.502629098
95.2160000000118,4877036.521629789
95.22600000001181,4877036.540207776
95.23600000001181,4877036.559281563
95.24600000001182,4877036.578210505
95.25600000001182,4877036.596706455
95.26600000001183,4877036.615760669
95.27600000001183,4877036.634453351
95.28600000001184,4877036.653331634
95.29600000001184,4877036.672469214
95.30600000001185,4877036.691162009
95.31600000001185,4877036.710063744
95.32600000001186,4877036.72892127
95.33600000001186,4877036.747455632
95.34600000001187,4877036.766323055
95.35600000001187,4877036.785109077
95.36600000001188,4877036.80414435
95.37600000001189,4877036.823061027
95.38600000001189,4877036.841634977
95.3960000000119,4877036.860364844
95.4060000000119,4877036.879154427
95.4160000000119,4877036.897974788
95.42600000001191,4877036.916823264
95.43600000001192,4877036.935437357
95.44600000001192,4877036.953885222
95.45600000001193,4877036.972848712
95.46600000001193,4877036.991858453
95.47600000001194,4877037.010557681
95.48600000001194,4877037.029378636
95.49600000001195,4877037.048029376
95.50600000001195,4877037.067261664
95.51600000001196,4877037.086419619
95.52600000001196,4877037.105270469
95.53600000001197,4877037.124794253
95.54600000001197,4877037.143483771
95.55600000001198,4877037.162346755
95.56600000001198,4877037.181605185
95.57600000001199,4877037.200623712
95.58600000001199,4877037.219470013
95.596000000012,4877037.238288582
95.606000000012,4877037.25725143
95.61600000001201,4877037.275944627
95.62600000001201,4877037.294737493
95.63600000001202,4877037.313710228
95.64600000001202,4877037.332584048
95.65600000001203,4877037.351103433
95.66600000001203,4877037.369877675
95.67600000001204,4877037.388822934
95.68600000001204,4877037.407702007
95.69600000001205,4877037.426395044
95.70600000001205,4877037.445167329
95.71600000001206,4877037.463964346
95.72600000001206,4877037.482828436
95.73600000001207,4877037.501840083
95.74600000001207,4877037.52048538
95.75600000001208,4877037.539210553
95.76600000001208,4877037.558040913
95.77600000001209,4877037.576965549
95.7860000000121,4877037.595948634
95.7960000000121,4877037.61483369
95.8060000000121,4877037.633767247
95.81600000001211,4877037.652664021
95.82600000001212,4877037.671639538
95.83600000001212,4877037.690249369
95.84600000001213,4877037.709085527
95.85600000001213,4877037.728167576
95.86600000001214,4877037.747107125
95.87600000001214,4877037.766177244
95.88600000001215,4877037.784932586
95.89600000001215,4877037.80366995
95.90600000001216,4877037.822745031
95.91600000001216,4877037.841536894
95.92600000001217,4877037.860282257
95.93600000001217,4877037.879014235
95.94600000001218,4877037.897883582
95.95600000001218,4877037.91683283
95.96600000001219,4877037.93568552
95.97600000001219,4877037.95452618
95.9860000000122,4877037.973280002
95.9960000000122,4877037.992131065
96.00600000001221,4877038.011133946
96.01600000001221,4877038.030111566
96.02600000001222,4877038.049298447
96.03600000001222,4877038.068634045
96.04600000001223,4877038.088069086
96.05600000001223,4877038.107310456
96.06600000001224,4877038.126453482
96.07600000001224,4877038.145366382
96.08600000001225,4877038.164386137
96.09600000001225,4877038.183298783
96.10600000001226,4877038.201983746
96.11600000001226,4877038.220886164
96.12600000001227,4877038.239593762
96.13600000001227,4877038.258426708
96.14600000001228,4877038.277232736
96.15600000001228,4877038.296011482
96.16600000001229,4877038.314790147
96.1760000000123,4877038.333684156
96.1860000000123,4877038.352172148
96.1960000000123,4877038.371065631
96.20600000001231,4877038.389726525
96.21600000001231,4877038.408455188
96.22600000001232,4877038.427446564
96.23600000001233,4877038.445901927
96.24600000001233,4877038.465133168
96.25600000001234,4877038.484203211
96.26600000001234,4877038.502927023
96.27600000001235,4877038.521532231
96.28600000001235,4877038.539967884
96.29600000001236,4877038.558504255
96.30600000001236,4877038.577414302
96.31600000001237,4877038.596117856
96.32600000001237,4877038.614911495
96.33600000001238,4877038.633531744
96.34600000001238,4877038.652215104
96.35600000001239,4877038.6712197
96.36600000001239,4877038.689991785
96.3760000000124,4877038.70876643
96.3860000000124,4877038.72780159
96.3960000000124,4877038.746587643
96.40600000001241,4877038.765442079
96.41600000001242,4877038.784712832
96.42600000001242,4877038.80345923
96.43600000001243,4877038.822546346
96.44600000001243,4877038.84114123
96.45600000001244,4877038.859984107
96.46600000001244,4877038.878890165
96.47600000001245,4877038.897670938
96.48600000001245,4877038.916480011
96.49600000001246,4877038.935283558
96.50600000001246,4877038.953831932
96.51600000001247,4877038.973048626
96.52600000001247,4877038.99162088
96.53600000001248,4877039.01050228
96.54600000001248,4877039.029518162
96.55600000001249,4877039.048248312
96.5660000000125,4877039.067112082
96.5760000000125,4877039.086273084
96.5860000000125,4877039.105059158
96.59600000001251,4877039.124522041
96.60600000001251,4877039.143223289
96.61600000001252,4877039.161820777
96.62600000001252,4877039.180821078
96.63600000001253,4877039.199779992
96.64600000001253,4877039.218721362
96.65600000001254,4877039.237486571
96.66600000001255,4877039.256311087
96.67600000001255,4877039.275201629
96.68600000001256,4877039.294010109
96.69600000001256,4877039.312789064
96.70600000001257,4877039.331509884
96.71600000001257,4877039.350037566
96.72600000001258,4877039.368673415
96.73600000001258,4877039.387420035
96.74600000001259,4877039.406022569
96.75600000001259,4877039.424704266
96.7660000000126,4877039.443612062
96.7760000000126,4877039.462115636
96.7860000000126,4877039.481105822
96.79600000001261,4877039.499701392
96.80600000001262,4877039.518478701
96.81600000001262,4877039.537396512
96.82600000001263,4877039.556039992
96.83600000001263,4877039.575071636
96.84600000001264,4877039.593523986
96.85600000001264,4877039.612396107
96.86600000001265,4877039.631429509
96.87600000001265,4877039.650094188
96.88600000001266,4877039.669024828
96.89600000001266,4877039.688057977
96.90600000001267,4877039.706798119
96.91600000001267,4877039.72591826
96.92600000001268,4877039.744477676
96.93600000001268,4877039.763475937
96.94600000001269,4877039.782154866
96.9560000000127,4877039.801057174
96.9660000000127,4877039.819881588
96.9760000000127,4877039.838393053
96.98600000001271,4877039.856836206
96.99600000001271,4877039.875633051
97.00600000001272,4877039.894193495
97.01600000001272,4877039.913133847
97.02600000001273,4877039.93215629
97.03600000001273,4877039.950791589
97.04600000001274,4877039.969614977
97.05600000001274,4877039.988502417
97.06600000001275,4877040.00728746
97.07600000001275,4877040.026317667
97.08600000001276,4877040.045203107
97.09600000001276,4877040.064165663
97.10600000001277,4877040.083609068
97.11600000001278,4877040.102448782
97.12600000001278,4877040.12191404
97.13600000001279,4877040.14096533
97.14600000001279,4877040.159928674
97.1560000000128,4877040.179271138
97.1660000000128,4877040.197926315
97.1760000000128,4877040.216755502
97.18600000001281,4877040.23553435
97.19600000001282,4877040.254118484
97.20600000001282,4877040.273475366
97.21600000001283,4877040.292472984
97.22600000001283,4877040.311591975
97.23600000001284,4877040.330572444
97.24600000001284,4877040.349493809
97.25600000001285,4877040.36890303
97.26600000001285,4877040.387803803
97.27600000001286,4877040.407033678
97.28600000001286,4877040.426279434
97.29600000001287,4877040.44519081
97.30600000001287,4877040.464439094
97.31600000001288,4877040.483640991
97.32600000001288,4877040.502767013
97.33600000001289,4877040.521963562
97.34600000001289,4877040.54095477
97.3560000000129,4877040.560222046
97.3660000000129,4877040.579369866
97.37600000001291,4877040.598744018
97.38600000001291,4877040.617925034
97.39600000001292,4877040.63721577
97.40600000001292,4877040.656088596
97.41600000001293,4877040.675449545
97.42600000001293,4877040.694619401
97.43600000001294,4877040.714129628
97.44600000001294,4877040.7335526
97.45600000001295,4877040.752672475
97.46600000001295,4877040.771907351
97.47600000001296,4877040.791277292
97.48600000001296,4877040.810218323
97.49600000001297,4877040.829634395
97.50600000001297,4877040.848467978
97.51600000001298,4877040.867518428
97.52600000001298,4877040.886504656
97.53600000001299,4877040.90549297
97.546000000013,4877040.924435086
97.556000000013,4877040.943325115
97.566000000013,4877040.962255061
97.57600000001301,4877040.981695238
97.58600000001302,4877041.00104861
97.59600000001302,4877041.020101956
97.60600000001303,4877041.039190616
97.61600000001303,4877041.05802782
97.62600000001304,4877041.077529534
97.63600000001304,4877041.096419578
97.64600000001305,4877041.115645137
97.65600000001305,4877041.134830986
97.66600000001306,4877041.153819428
97.67600000001306,4877041.17290537
97.68600000001307,4877041.192224296
97.69600000001307,4877041.211116554
97.70600000001308,4877041.230427064
97.71600000001308,4877041.249246304
97.72600000001309,4877041.26846201
97.73600000001309,4877041.287518379
97.7460000000131,4877041.306308867
97.7560000000131,4877041.325515977
97.76600000001311,4877041.344600887
97.77600000001311,4877041.363337252
97.78600000001312,4877041.38246651
97.79600000001312,4877041.401465652
97.80600000001313,4877041.420523224
97.81600000001313,4877041.439834926
97.82600000001314,4877041.458725695
97.83600000001314,4877041.4777951
97.84600000001315,4877041.496692191
97.85600000001315,4877041.51537221
97.86600000001316,4877041.534675496
97.87600000001316,4877041.553703094
97.88600000001317,4877041.572864098
97.89600000001317,4877041.59192204
97.90600000001318,4877041.610780086
97.91600000001318,4877041.630118313
97.92600000001319,4877041.649041297
97.9360000000132,4877041.668213152
97.9460000000132,4877041.687170865
97.9560000000132,4877041.706161237
97.96600000001321,4877041.725285686
97.97600000001322,4877041.744354763
97.98600000001322,4877041.763317738
97.99600000001323,4877041.78289234
98.00600000001323,4877041.802197292
98.01600000001324,4877041.821313291
98.02600000001324,4877041.840395677
98.03600000001325,4877041.85932932
98.04600000001325,4877041.878336774
98.05600000001326,4877041.897180573
98.06600000001326,4877041.91617606
98.07600000001327,4877041.935088983
98.08600000001327,4877041.954048038
98.09600000001328,4877041.973120234
98.10600000001328,4877041.99246172
98.11600000001329,4877042.011493089
98.12600000001329,4877042.030644217
98.1360000000133,4877042.049615893
98.1460000000133,4877042.068655832
98.15600000001331,4877042.088025261
98.16600000001331,4877042.106921667
98.17600000001332,4877042.126097692
98.18600000001332,4877042.145579916
98.19600000001333,4877042.16488613
98.20600000001333,4877042.184122125
98.21600000001334,4877042.203044557
98.22600000001334,4877042.22202706
98.23600000001335,4877042.240903407
98.24600000001335,4877042.259686923
98.25600000001336,4877042.278621958
98.26600000001336,4877042.297764128
98.27600000001337,4877042.316431157
98.28600000001337,4877042.335852234
98.29600000001338,4877042.354896916
98.30600000001338,4877042.373963119
98.31600000001339,4877042.392839462
98.3260000000134,4877042.411732679
98.3360000000134,4877042.431044692
98.3460000000134,4877042.449821047
98.35600000001341,4877042.468745827
98.36600000001341,4877042.487725523
98.37600000001342,4877042.506627229
98.38600000001342,4877042.525494701
98.39600000001343,4877042.544462721
98.40600000001344,4877042.563073735
98.41600000001344,4877042.582371638
98.42600000001345,4877042.601274073
98.43600000001345,4877042.620239643
98.44600000001346,4877042.638949823
98.45600000001346,4877042.6578436
98.46600000001347,4877042.677136157
98.47600000001347,4877042.696096391
98.48600000001348,4877042.714691958
98.49600000001348,4877042.733974508
98.50600000001349,4877042.752956952
98.51600000001349,4877042.772283441
98.5260000000135,4877042.79118029
98.5360000000135,4877042.810606903
98.5460000000135,4877042.829821472
98.55600000001351,4877042.848740037
98.56600000001352,4877042.867457006
98.57600000001352,4877042.886706355
98.58600000001353,4877042.905811763
98.59600000001353,4877042.924841063
98.60600000001354,4877042.944009371
98.61600000001354,4877042.962830928
98.62600000001355,4877042.982017914
98.63600000001355,4877043.001317063
98.64600000001356,4877043.02038114
98.65600000001356,4877043.039536883
98.66600000001357,4877043.058385226
98.67600000001357,4877043.077860243
98.68600000001358,4877043.097075392
98.69600000001358,4877043.116123885
98.70600000001359,4877043.135664885
98.7160000000136,4877043.154556857
98.7260000000136,4877043.173629743
98.7360000000136,4877043.192595193
98.74600000001361,4877043.211602499
98.75600000001361,4877043.230819275
98.76600000001362,4877043.249641526
98.77600000001362,4877043.268192834
98.78600000001363,4877043.287484316
98.79600000001363,4877043.306437655
98.80600000001364,4877043.325490393
98.81600000001364,4877043.344480524
98.82600000001365,4877043.363440233
98.83600000001366,4877043.382663527
98.84600000001366,4877043.401578244
98.85600000001367,4877043.420633558
98.86600000001367,4877043.440057899
98.87600000001368,4877043.458940219
98.88600000001368,4877043.478106832
98.89600000001369,4877043.496991489
98.90600000001369,4877043.515890154
98.9160000000137,4877043.535064817
98.9260000000137,4877043.553996015
98.9360000000137,4877043.573016308
98.94600000001371,4877043.591865492
98.95600000001372,4877043.610943724
98.96600000001372,4877043.629851276
98.97600000001373,4877043.648595802
98.98600000001373,4877043.667563883
98.99600000001374,4877043.686605229
99.00600000001374,4877043.70536308
99.01600000001375,4877043.724519017
99.02600000001375,4877043.743545054
99.03600000001376,4877043.762564801
99.04600000001376,4877043.781932132
99.05600000001377,4877043.801138609
99.06600000001377,4877043.819956594
99.07600000001378,4877043.838795407
99.08600000001378,4877043.857698748
99.09600000001379,4877043.87666124
99.1060000000138,4877043.895488454
99.1160000000138,4877043.914519121
99.1260000000138,4877043.933511157
99.13600000001381,4877043.952267178
99.14600000001381,4877043.971456533
99.15600000001382,4877043.991099908
99.16600000001382,4877044.011311029
99.17600000001383,4877044.031263538
99.18600000001383,4877044.050646774
99.19600000001384,4877044.069610933
99.20600000001384,4877044.089514292
99.21600000001385,4877044.108799667
99.22600000001385,4877044.128470896
99.23600000001386,4877044.148021678
99.24600000001386,4877044.166999835
99.25600000001387,4877044.186645943
99.26600000001388,4877044.206359392
99.27600000001388,4877044.225521534
99.28600000001389,4877044.244814629
99.29600000001389,4877044.263926236
99.3060000000139,4877044.2833357
99.3160000000139,4877044.302830834
99.3260000000139,4877044.321968866
99.33600000001391,4877044.341497591
99.34600000001392,4877044.360432347
99.35600000001392,4877044.379779073
99.36600000001393,4877044.39921702
99.37600000001393,4877044.418617144
99.38600000001394,4877044.437751382
99.39600000001394,4877044.456730641
99.40600000001395,4877044.475833983
99.41600000001395,4877044.495108106
99.42600000001396,4877044.514256003
99.43600000001396,4877044.533634938
99.44600000001397,4877044.552735695
99.45600000001397,4877044.571297958
99.46600000001398,4877044.59072794
99.47600000001398,4877044.609881157
99.48600000001399,4877044.629131385
99.49600000001399,4877044.648074097
99.506000000014,4877044.666971116
99.516000000014,4877044.686178307
99.52600000001401,4877044.70525249
99.53600000001401,4877044.724069915
99.54600000001402,4877044.743027775
99.55600000001402,4877044.761797939
99.56600000001403,4877044.780708339
99.57600000001403,4877044.799872625
99.58600000001404,4877044.818808222
99.59600000001404,4877044.838011667
99.60600000001405,4877044.85687878
99.61600000001405,4877044.875770767
99.62600000001406,4877044.894665797
99.63600000001406,4877044.913678231
99.64600000001407,4877044.932439187
99.65600000001407,4877044.951145582
99.66600000001408,4877044.96982333
99.67600000001408,4877044.988899789
99.68600000001409,4877045.007860261
99.6960000000141,4877045.02662302
99.7060000000141,4877045.045195688
99.7160000000141,4877045.063843861
99.72600000001411,4877045.082943055
99.73600000001412,4877045.101545637
99.74600000001412,4877045.12026589
99.75600000001413,4877045.139181814
99.76600000001413,4877045.158040202
99.77600000001414,4877045.177045347
99.78600000001414,4877045.196352185
99.79600000001415,4877045.215202849
99.80600000001415,4877045.234388805
99.81600000001416,4877045.253238856
99.82600000001416,4877045.272140481
99.83600000001417,4877045.290896665
99.84600000001417,4877045.309486325
99.85600000001418,4877045.328308198
99.86600000001418,4877045.347051634
99.87600000001419,4877045.365749367
99.88600000001419,4877045.384742729
99.8960000000142,4877045.403346301
99.9060000000142,4877045.421984456
99.91600000001421,4877045.440776571
99.92600000001421,4877045.45955328
99.93600000001422,4877045.478183255
99.94600000001422,4877045.497147068
99.95600000001423,4877045.515779383
99.96600000001423,4877045.534991161
99.97600000001424,4877045.554424472
99.98600000001424,4877045.573890884
99.99600000001425,4877045.593433549
100.0,4877045.612379449
