step_type	time	step_size	num_solver_iterations	total_linesearch_iterations	max_linesearch_iterations	mean_linesearch_iterations	max_condition_number	last_condition_number	max_e0	mean_e0	total_num_constraint_pairs
full_step	0	0.010000000000000002	1	0	0	0	250	250	0	0	0
full_step	0	0.005000000000000001	1	0	0	0	250	250	0	0	0
full_step	0	0.0025000000000000005	1	0	0	0	250	250	0	0	0
half_step_1	0	0.0012500000000000002	0	0	0	0	250	250	0	0	0
half_step_2	0.0012500000000000002	0.0012500000000000002	0	0	0	0	250	250	0	0	0
full_step	0.0025000000000000005	0.012500000000000002	1	0	0	0	250	250	0	0	0
full_step	0.0025000000000000005	0.006250000000000001	1	0	0	0	250	250	0	0	0
full_step	0.0025000000000000005	0.0031250000000000006	1	0	0	0	250	250	0	0	0
half_step_1	0.0025000000000000005	0.0015625000000000003	0	0	0	0	250	250	0	0	0
half_step_2	0.004062500000000001	0.0015625000000000003	0	0	0	0	250	250	0	0	0
full_step	0.0056250000000000015	0.015625000000000003	6	11	7	1.8333333333333333	78949.50720629444	14762.56887996398	0.6255158673502592	-1.7839819432554285	162
half_step_1	0.0056250000000000015	0.007812500000000002	5	12	9	2.4	78949.50720629444	11470.252400665242	0.6255158673502592	-1.7839819432554285	162
half_step_2	0.013437500000000003	0.007812500000000002	1	3	3	3	78949.50720629444	2231.630551811448	0	-1.9104984262360243	99
full_step	0.021250000000000005	0.07812500000000001	2	3	3	1.5	78949.50720629444	16617.754026929142	1.1047074481411983	-1.8314797648451393	56
full_step	0.021250000000000005	0.03906250000000001	2	3	3	1.5	78949.50720629444	11051.637356630083	1.1047074481411983	-1.8314797648451393	56
full_step	0.021250000000000005	0.019531250000000003	1	2	2	2	78949.50720629444	4306.75162653605	1.1047074481411983	-1.8314797648451393	56
full_step	0.021250000000000005	0.009765625000000002	2	0	0	0	78949.50720629444	3945.02581689542	1.1047074481411983	-1.8314797648451393	56
half_step_1	0.021250000000000005	0.004882812500000001	2	0	0	0	78949.50720629444	2506.4677395808853	1.1047074481411983	-1.8314797648451393	56
half_step_2	0.026132812500000005	0.004882812500000001	4	7	4	1.75	78949.50720629444	5357.060501320043	0.5949391191134055	-1.8488346435357466	149
full_step	0.031015625000000005	0.04882812500000001	2	6	4	3	78949.50720629444	26455.536316903206	0.4623213099748682	-1.8222869894395235	114
full_step	0.031015625000000005	0.024414062500000003	2	8	5	4	78949.50720629444	15105.621072229143	0.4623213099748682	-1.8222869894395235	114
full_step	0.031015625000000005	0.012207031250000002	2	6	3	3	78949.50720629444	5108.180191279826	0.4623213099748682	-1.8222869894395235	114
full_step	0.031015625000000005	0.006103515625000001	1	4	4	4	78949.50720629444	1524.0853207196255	0.4623213099748682	-1.8222869894395235	114
half_step_1	0.031015625000000005	0.0030517578125000004	1	4	4	4	78949.50720629444	2436.8508600503446	0.4623213099748682	-1.8222869894395235	114
half_step_2	0.034067382812500005	0.0030517578125000004	2	0	0	0	78949.50720629444	7383.796625908247	0.07790600326370622	-1.8526916362242003	145
full_step	0.037119140625000005	0.030517578125000003	2	4	4	2	78949.50720629444	12558.9063209694	0.7797237051217962	-1.8546891910433865	59
full_step	0.037119140625000005	0.015258789062500002	1	2	2	2	78949.50720629444	7743.34919864324	0.7797237051217962	-1.8546891910433865	59
half_step_1	0.037119140625000005	0.007629394531250001	2	5	3	2.5	78949.50720629444	7549.697964069775	0.7797237051217962	-1.8546891910433865	59
half_step_2	0.044748535156250005	0.007629394531250001	3	0	0	0	78949.50720629444	11240.253529544168	0	-1.8865828696368026	131
full_step	0.052377929687500005	0.0476220703125	2	8	8	4	78949.50720629444	26094.368150461836	0	-1.978122116507402	100
full_step	0.052377929687500005	0.02381103515625	2	7	7	3.5	78949.50720629444	25196.096259410017	0	-1.978122116507402	100
full_step	0.052377929687500005	0.011905517578125	2	7	7	3.5	78949.50720629444	23382.430288784642	0	-1.978122116507402	100
full_step	0.052377929687500005	0.0059527587890625	2	8	7	4	78949.50720629444	12301.018042767459	0	-1.978122116507402	100
full_step	0.052377929687500005	0.00297637939453125	1	8	8	8	78949.50720629444	250	0	-1.978122116507402	100
half_step_1	0.052377929687500005	0.001488189697265625	1	0	0	0	78949.50720629444	250	0	-1.978122116507402	100
half_step_2	0.05386611938476563	0.001488189697265625	1	0	0	0	78949.50720629444	250	0	-1.9768754973167182	97
full_step	0.055354309082031254	0.04464569091796875	4	0	0	0	78949.50720629444	13955.965418460379	0.01511326424406434	-1.893824893733716	144
full_step	0.055354309082031254	0.022322845458984376	4	0	0	0	78949.50720629444	9340.160833637665	0.01511326424406434	-1.893824893733716	144
half_step_1	0.055354309082031254	0.011161422729492188	3	0	0	0	78949.50720629444	8042.2565482504115	0.01511326424406434	-1.893824893733716	144
half_step_2	0.06651573181152344	0.011161422729492188	2	0	0	0	78949.50720629444	23728.48661376943	0	-1.9645166103424347	117
full_step	0.07767715454101563	0.022322845458984372	1	0	0	0	78949.50720629444	250	0	0	0
full_step	0.07767715454101563	0.011161422729492186	1	0	0	0	78949.50720629444	250	0	0	0
full_step	0.07767715454101563	0.005580711364746093	1	0	0	0	78949.50720629444	250	0	0	0
full_step	0.07767715454101563	0.0027903556823730465	1	0	0	0	78949.50720629444	250	0	0	0
half_step_1	0.07767715454101563	0.0013951778411865233	0	0	0	0	78949.50720629444	250	0	0	0
half_step_2	0.07907233238220215	0.0013951778411865233	1	0	0	0	78949.50720629444	550.1601276264402	0	-1.9735610401426558	56
full_step	0.08046751022338867	0.01953248977661133	3	0	0	0	78949.50720629444	9836.876627465428	0	-1.8897346217847737	58
full_step	0.08046751022338867	0.009766244888305665	3	0	0	0	78949.50720629444	8117.1674623359495	0	-1.8897346217847737	58
full_step	0.08046751022338867	0.004883122444152833	4	0	0	0	78949.50720629444	4585.718787335037	0	-1.8897346217847737	58
half_step_1	0.08046751022338867	0.0024415612220764164	2	0	0	0	78949.50720629444	3664.425367983507	0	-1.8897346217847737	58
half_step_2	0.0829090714454651	0.0024415612220764164	4	12	6	3	78949.50720629444	11003.14716905461	0.7799968230719969	-1.8808265652869292	148
full_step	0.0853506326675415	0.014649367332458502	3	0	0	0	78949.50720629444	13205.370013191221	0.1283111293487309	-1.849414687216883	142
half_step_1	0.0853506326675415	0.007324683666229251	2	0	0	0	78949.50720629444	11909.963511485612	0.1283111293487309	-1.849414687216883	142
half_step_2	0.09267531633377075	0.007324683666229251	2	8	8	4	78949.50720629444	4944.932583671943	0	-1.9401130009732905	105
full_step	0.0853506326675415	0.007324683666229251	3	0	0	0	78949.50720629444	11315.126231501714	0.1283111293487309	-1.849414687216883	142
half_step_1	0.0853506326675415	0.0036623418331146254	2	6	3	3	78949.50720629444	4372.348594085372	0.1283111293487309	-1.849414687216883	142
half_step_2	0.08901297450065612	0.0036623418331146254	2	6	4	3	78949.50720629444	3843.1283262598968	0.8819491002977884	-1.8334277018969214	98
full_step	0.09267531633377075	0.007324683666229251	3	0	0	0	78949.50720629444	10303.780948615391	0.7279455715015501	-1.841208732804023	134
half_step_1	0.09267531633377075	0.0036623418331146254	1	2	2	2	78949.50720629444	5497.022415779061	0.7279455715015501	-1.841208732804023	134
half_step_2	0.09633765816688539	0.0036623418331146254	2	4	4	2	78949.50720629444	3992.7019240091463	0	-1.9353912792813532	142
full_step	0.1	0.07629394531250001	3	3	3	1	78949.50720629444	16056.24363074299	0.5912604136701702	-1.7930306545225432	53
full_step	0.1	0.03814697265625001	3	6	3	2	78949.50720629444	12725.09867645127	0.5912604136701702	-1.7930306545225432	53
full_step	0.1	0.019073486328125003	3	10	4	3.3333333333333335	78949.50720629444	7982.068567866072	0.5912604136701702	-1.7930306545225432	53
full_step	0.1	0.009536743164062502	3	11	6	3.6666666666666665	78949.50720629444	6724.058355133996	0.5912604136701702	-1.7930306545225432	53
full_step	0.1	0.004768371582031251	3	12	7	4	78949.50720629444	3874.36838758035	0.5912604136701702	-1.7930306545225432	53
half_step_1	0.1	0.0023841857910156254	3	12	8	4	78949.50720629444	7406.800597288738	0.5912604136701702	-1.7930306545225432	53
half_step_2	0.10238418579101563	0.0023841857910156254	1	2	2	2	78949.50720629444	5229.814745793614	0.8288533882951015	-1.8248175251487622	52
full_step	0.10476837158203126	0.023841857910156253	3	0	0	0	78949.50720629444	17241.339486115157	0.3480824504258635	-1.8387270589749538	162
half_step_1	0.10476837158203126	0.011920928955078127	4	7	4	1.75	78949.50720629444	15452.539904378624	0.3480824504258635	-1.8387270589749538	162
half_step_2	0.11668930053710938	0.011920928955078127	1	0	0	0	78949.50720629444	250	0	0	0
full_step	0.10476837158203126	0.011920928955078127	4	6	3	1.5	78949.50720629444	15447.049465560089	0.3480824504258635	-1.8387270589749538	162
half_step_1	0.10476837158203126	0.005960464477539063	3	0	0	0	78949.50720629444	12932.862949557753	0.3480824504258635	-1.8387270589749538	162
half_step_2	0.11072883605957032	0.005960464477539063	2	7	7	3.5	78949.50720629444	5188.507459397616	0	-1.874887959124373	109
full_step	0.11668930053710938	0.05960464477539063	1	2	2	2	78949.50720629444	13077.42827050459	0.27893649753423233	-1.872180041864962	144
full_step	0.11668930053710938	0.029802322387695316	2	0	0	0	78949.50720629444	11682.345920195234	0.27893649753423233	-1.872180041864962	144
half_step_1	0.11668930053710938	0.014901161193847658	3	4	4	1.3333333333333333	78949.50720629444	8051.282996803831	0.27893649753423233	-1.872180041864962	144
half_step_2	0.13159046173095704	0.014901161193847658	2	6	6	3	78949.50720629444	13125.8766565574	0	-1.9165599353156222	95
full_step	0.11668930053710938	0.014901161193847658	3	3	3	1	78949.50720629444	8059.895985558763	0.27893649753423233	-1.872180041864962	144
half_step_1	0.11668930053710938	0.007450580596923829	2	0	0	0	78949.50720629444	6944.9145324285	0.27893649753423233	-1.872180041864962	144
half_step_2	0.12413988113403321	0.007450580596923829	2	4	4	2	78949.50720629444	2762.8563009354593	0	-1.9299854996223067	59
full_step	0.13159046173095704	0.0745058059692383	2	4	4	2	78949.50720629444	25428.801859269886	1.718757521295629	-1.7912799133202932	109
full_step	0.13159046173095704	0.03725290298461915	2	0	0	0	78949.50720629444	15413.264301024348	1.718757521295629	-1.7912799133202932	109
full_step	0.13159046173095704	0.018626451492309574	3	0	0	0	78949.50720629444	5712.328707145598	1.718757521295629	-1.7912799133202932	109
full_step	0.13159046173095704	0.009313225746154787	3	0	0	0	78949.50720629444	4808.312116141839	1.718757521295629	-1.7912799133202932	109
half_step_1	0.13159046173095704	0.0046566128730773934	4	8	8	2	78949.50720629444	5613.005884588204	1.718757521295629	-1.7912799133202932	109
half_step_2	0.13624707460403443	0.0046566128730773934	2	0	0	0	78949.50720629444	8221.014318836033	0.03798043645110738	-1.8619087358485038	140
full_step	0.14090368747711182	0.04656612873077393	2	3	3	1.5	78949.50720629444	14223.73569663182	0.5190610848458164	-1.8519694452143747	57
full_step	0.14090368747711182	0.023283064365386966	2	2	2	1	78949.50720629444	9112.82933916901	0.5190610848458164	-1.8519694452143747	57
full_step	0.14090368747711182	0.011641532182693483	2	5	3	2.5	78949.50720629444	7292.866804446521	0.5190610848458164	-1.8519694452143747	57
half_step_1	0.14090368747711182	0.005820766091346742	1	3	3	3	78949.50720629444	2334.5298805273014	0.5190610848458164	-1.8519694452143747	57
half_step_2	0.14672445356845856	0.005820766091346742	3	0	0	0	78949.50720629444	12351.976818505593	0.01973873213501065	-1.8449658715639843	149
full_step	0.1525452196598053	0.058207660913467414	2	5	5	2.5	78949.50720629444	27550.942060364243	0	-1.8594778295101235	111
full_step	0.1525452196598053	0.029103830456733707	2	5	4	2.5	78949.50720629444	15979.127765639445	0	-1.8594778295101235	111
full_step	0.1525452196598053	0.014551915228366854	2	7	6	3.5	78949.50720629444	13369.924331504846	0	-1.8594778295101235	111
full_step	0.1525452196598053	0.007275957614183427	2	8	8	4	78949.50720629444	5205.490698139499	0	-1.8594778295101235	111
half_step_1	0.1525452196598053	0.0036379788070917134	1	4	4	4	78949.50720629444	250	0	-1.8594778295101235	111
half_step_2	0.15618319846689702	0.0036379788070917134	3	0	0	0	78949.50720629444	7284.417645168944	0	-1.8404287295553243	146
full_step	0.15982117727398873	0.036379788070917136	2	6	3	3	78949.50720629444	11109.788001885981	0.5608115891845955	-1.8256453377941717	49
full_step	0.15982117727398873	0.018189894035458568	2	8	5	4	78949.50720629444	7805.097807389414	0.5608115891845955	-1.8256453377941717	49
half_step_1	0.15982117727398873	0.009094947017729284	1	4	4	4	78949.50720629444	6580.465062302541	0.5608115891845955	-1.8256453377941717	49
half_step_2	0.168916124291718	0.009094947017729284	3	0	0	0	78949.50720629444	12552.848929583586	0	-1.8592338981489323	103
full_step	0.1780110713094473	0.09094947017729284	1	0	0	0	78949.50720629444	250	0	0	0
full_step	0.1780110713094473	0.04547473508864642	1	0	0	0	78949.50720629444	250	0	0	0
full_step	0.1780110713094473	0.02273736754432321	1	0	0	0	78949.50720629444	250	0	0	0
full_step	0.1780110713094473	0.011368683772161605	1	0	0	0	78949.50720629444	250	0	0	0
full_step	0.1780110713094473	0.005684341886080802	1	0	0	0	78949.50720629444	250	0	0	0
full_step	0.1780110713094473	0.002842170943040401	1	0	0	0	78949.50720629444	250	0	0	0
full_step	0.1780110713094473	0.0014210854715202006	1	0	0	0	78949.50720629444	250	0	0	0
half_step_1	0.1780110713094473	0.0007105427357601003	0	0	0	0	78949.50720629444	250	0	0	0
half_step_2	0.1787216140452074	0.0007105427357601003	0	0	0	0	78949.50720629444	250	0	-1.971304891380011	52
full_step	0.1794321567809675	0.007105427357601003	3	0	0	0	78949.50720629444	10566.18873240152	0	-1.9364227655273258	54
half_step_1	0.1794321567809675	0.0035527136788005014	2	0	0	0	78949.50720629444	7793.322065648184	0	-1.9364227655273258	54
half_step_2	0.182984870459768	0.0035527136788005014	1	5	5	5	78949.50720629444	271.2161929691145	0.07334440959493804	-1.8661192961799937	56
full_step	0.1865375841385685	0.035527136788005016	3	0	0	0	78949.50720629444	26838.15575855941	0.29263763477865723	-1.8595665519314688	161
half_step_1	0.1865375841385685	0.017763568394002508	3	0	0	0	78949.50720629444	25782.68016995459	0.29263763477865723	-1.8595665519314688	161
half_step_2	0.204301152532571	0.017763568394002508	1	0	0	0	78949.50720629444	250	0	0	0
full_step	0.1865375841385685	0.017763568394002508	3	0	0	0	78949.50720629444	25823.944752555766	0.29263763477865723	-1.8595665519314688	161
half_step_1	0.1865375841385685	0.008881784197001254	3	0	0	0	78949.50720629444	15553.278530153953	0.29263763477865723	-1.8595665519314688	161
half_step_2	0.19541936833556975	0.008881784197001254	1	0	0	0	78949.50720629444	250	0	0	0
full_step	0.1865375841385685	0.008881784197001254	3	0	0	0	78949.50720629444	15566.631534470147	0.29263763477865723	-1.8595665519314688	161
half_step_1	0.1865375841385685	0.004440892098500627	3	0	0	0	78949.50720629444	12832.432302198658	0.29263763477865723	-1.8595665519314688	161
half_step_2	0.19097847623706912	0.004440892098500627	2	7	7	3.5	78949.50720629444	6006.12918933208	0	-1.8540623723863559	119
full_step	0.19541936833556975	0.04440892098500627	2	5	3	2.5	78949.50720629444	16618.378639661976	0.0458230775748234	-1.829541167211536	114
full_step	0.19541936833556975	0.022204460492503134	2	5	3	2.5	78949.50720629444	13868.250190244737	0.0458230775748234	-1.829541167211536	114
full_step	0.19541936833556975	0.011102230246251567	1	2	2	2	78949.50720629444	4727.474810966428	0.0458230775748234	-1.829541167211536	114
half_step_1	0.19541936833556975	0.005551115123125784	1	3	3	3	78949.50720629444	3189.281395571839	0.0458230775748234	-1.829541167211536	114
half_step_2	0.20097048345869553	0.005551115123125784	3	11	9	3.6666666666666665	78949.50720629444	6887.581280654898	0.9980592563078972	-1.8059685065559654	52
full_step	0.20652159858182131	0.055511151231257834	2	1	1	0.5	78949.50720629444	12672.826019047516	0.3351107370090176	-1.8955755301690362	81
half_step_1	0.20652159858182131	0.027755575615628917	2	0	0	0	78949.50720629444	10267.975509333215	0.3351107370090176	-1.8955755301690362	81
half_step_2	0.23427717419745023	0.027755575615628917	1	0	0	0	78949.50720629444	250	0	0	0
full_step	0.20652159858182131	0.027755575615628917	2	0	0	0	78949.50720629444	10269.742538073177	0.3351107370090176	-1.8955755301690362	81
half_step_1	0.20652159858182131	0.013877787807814458	2	0	0	0	78949.50720629444	9806.06238498328	0.3351107370090176	-1.8955755301690362	81
half_step_2	0.22039938638963577	0.013877787807814458	1	0	0	0	78949.50720629444	250	0	0	0
full_step	0.20652159858182131	0.013877787807814458	2	0	0	0	78949.50720629444	9886.300367050435	0.3351107370090176	-1.8955755301690362	81
half_step_1	0.20652159858182131	0.006938893903907229	2	0	0	0	78949.50720629444	9700.277177489963	0.3351107370090176	-1.8955755301690362	81
half_step_2	0.21346049248572854	0.006938893903907229	2	9	7	4.5	78949.50720629444	15308.093905482985	0	-1.953544034422417	97
full_step	0.22039938638963577	0.0693889390390723	2	1	1	0.5	78949.50720629444	13182.212709346186	0	-1.8981450757716722	50
full_step	0.22039938638963577	0.03469446951953615	2	0	0	0	78949.50720629444	10974.32334373577	0	-1.8981450757716722	50
half_step_1	0.22039938638963577	0.017347234759768074	2	0	0	0	78949.50720629444	9855.23393479355	0	-1.8981450757716722	50
half_step_2	0.23774662114940384	0.017347234759768074	1	0	0	0	78949.50720629444	250	0	0	0
full_step	0.22039938638963577	0.017347234759768074	3	0	0	0	78949.50720629444	9800.644718568105	0	-1.8981450757716722	50
half_step_1	0.22039938638963577	0.008673617379884037	2	0	0	0	78949.50720629444	9604.443152703958	0	-1.8981450757716722	50
half_step_2	0.2290730037695198	0.008673617379884037	1	0	0	0	78949.50720629444	250	0	0	0
full_step	0.22039938638963577	0.008673617379884037	2	0	0	0	78949.50720629444	9692.01999393345	0	-1.8981450757716722	50
half_step_1	0.22039938638963577	0.004336808689942019	2	0	0	0	78949.50720629444	6922.253785975234	0	-1.8981450757716722	50
half_step_2	0.2247361950795778	0.004336808689942019	2	9	6	4.5	78949.50720629444	4223.891180087814	0.20608377671487688	-1.8302144874346449	60
full_step	0.2290730037695198	0.043368086899420184	3	0	0	0	78949.50720629444	25164.583148014735	0	-1.8550757585656734	144
half_step_1	0.2290730037695198	0.021684043449710092	3	0	0	0	78949.50720629444	23879.494533812413	0	-1.8550757585656734	144
half_step_2	0.2507570472192299	0.021684043449710092	1	0	0	0	78949.50720629444	250	0	0	0
full_step	0.2290730037695198	0.021684043449710092	3	0	0	0	78949.50720629444	23888.99813135014	0	-1.8550757585656734	144
half_step_1	0.2290730037695198	0.010842021724855046	3	0	0	0	78949.50720629444	17415.848430139646	0	-1.8550757585656734	144
half_step_2	0.23991502549437485	0.010842021724855046	1	0	0	0	78949.50720629444	250	0	0	0
full_step	0.2290730037695198	0.010842021724855046	3	0	0	0	78949.50720629444	18168.787544267903	0	-1.8550757585656734	144
half_step_1	0.2290730037695198	0.005421010862427523	3	0	0	0	78949.50720629444	13075.855611438315	0	-1.8550757585656734	144
half_step_2	0.23449401463194733	0.005421010862427523	2	8	8	4	78949.50720629444	10873.53833242035	0	-1.8733303134128525	124
full_step	0.23991502549437485	0.05421010862427523	2	0	0	0	78949.50720629444	14912.390482430414	0	-1.886031445499598	152
half_step_1	0.23991502549437485	0.027105054312137614	2	0	0	0	78949.50720629444	12550.363275279176	0	-1.886031445499598	152
half_step_2	0.2670200798065125	0.027105054312137614	1	0	0	0	78949.50720629444	250	0	0	0
full_step	0.23991502549437485	0.027105054312137614	3	0	0	0	78949.50720629444	12402.031765902913	0	-1.886031445499598	152
half_step_1	0.23991502549437485	0.013552527156068807	2	0	0	0	78949.50720629444	11998.557614033994	0	-1.886031445499598	152
half_step_2	0.2534675526504437	0.013552527156068807	1	0	0	0	78949.50720629444	250	0	0	0
full_step	0.23991502549437485	0.013552527156068807	3	0	0	0	78949.50720629444	11941.567874901586	0	-1.886031445499598	152
half_step_1	0.23991502549437485	0.006776263578034404	2	0	0	0	78949.50720629444	11939.384624512195	0	-1.886031445499598	152
half_step_2	0.24669128907240925	0.006776263578034404	2	7	7	3.5	78949.50720629444	7704.028328739736	0	-1.9345038797140819	53
full_step	0.2534675526504437	0.06776263578034404	3	0	0	0	78949.50720629444	23055.82543045193	1.105567419239378	-1.8266401169806648	136
full_step	0.2534675526504437	0.03388131789017202	3	0	0	0	78949.50720629444	21223.61182719218	1.105567419239378	-1.8266401169806648	136
half_step_1	0.2534675526504437	0.01694065894508601	3	0	0	0	78949.50720629444	13505.853121159647	1.105567419239378	-1.8266401169806648	136
half_step_2	0.2704082115955297	0.01694065894508601	1	0	0	0	78949.50720629444	250	0	0	0
full_step	0.2534675526504437	0.01694065894508601	3	0	0	0	78949.50720629444	13660.229570949596	1.105567419239378	-1.8266401169806648	136
half_step_1	0.2534675526504437	0.008470329472543005	3	0	0	0	78949.50720629444	12444.278109024126	1.105567419239378	-1.8266401169806648	136
half_step_2	0.2619378821229867	0.008470329472543005	1	1	1	1	78949.50720629444	11703.673954612195	0	-1.9559716303113548	59
full_step	0.2704082115955297	0.08470329472543005	1	0	0	0	78949.50720629444	250	0	0	0
full_step	0.2704082115955297	0.042351647362715024	1	0	0	0	78949.50720629444	250	0	0	0
full_step	0.2704082115955297	0.021175823681357512	1	0	0	0	78949.50720629444	250	0	0	0
full_step	0.2704082115955297	0.010587911840678756	1	0	0	0	78949.50720629444	250	0	0	0
full_step	0.2704082115955297	0.005293955920339378	1	0	0	0	78949.50720629444	250	0	0	0
full_step	0.2704082115955297	0.002646977960169689	1	0	0	0	78949.50720629444	250	0	0	0
half_step_1	0.2704082115955297	0.0013234889800848445	0	0	0	0	78949.50720629444	250	0	0	0
half_step_2	0.2717317005756145	0.0013234889800848445	0	0	0	0	78949.50720629444	250	0	0	0
full_step	0.2730551895556994	0.013234889800848445	3	0	0	0	78949.50720629444	26035.056591347024	0	-1.918646140389319	120
half_step_1	0.2730551895556994	0.006617444900424222	3	0	0	0	78949.50720629444	26040.218658162008	0	-1.918646140389319	120
half_step_2	0.2796726344561236	0.006617444900424222	2	7	7	3.5	78949.50720629444	15161.887233757476	0	-1.9303278959563843	115
full_step	0.2862900793565479	0.06617444900424223	2	0	0	0	78949.50720629444	13259.830072373414	1.7235105853396817	-1.7319587307935058	47
full_step	0.2862900793565479	0.033087224502121114	3	0	0	0	78949.50720629444	10608.26636216208	1.7235105853396817	-1.7319587307935058	47
full_step	0.2862900793565479	0.016543612251060557	3	0	0	0	78949.50720629444	7378.964132207973	1.7235105853396817	-1.7319587307935058	47
half_step_1	0.2862900793565479	0.008271806125530278	5	14	6	2.8	78949.50720629444	6136.225409844681	1.7235105853396817	-1.7319587307935058	47
half_step_2	0.2945618854820782	0.008271806125530278	2	0	0	0	78949.50720629444	12695.283292911876	0	-1.8746530934116903	137
full_step	0.3028336916076084	0.08271806125530279	1	0	0	0	78949.50720629444	250	0	0	0
full_step	0.3028336916076084	0.041359030627651394	1	0	0	0	78949.50720629444	250	0	0	0
full_step	0.3028336916076084	0.020679515313825697	1	0	0	0	78949.50720629444	250	0	0	0
full_step	0.3028336916076084	0.010339757656912849	1	0	0	0	78949.50720629444	250	0	0	0
full_step	0.3028336916076084	0.005169878828456424	1	0	0	0	78949.50720629444	250	0	0	0
full_step	0.3028336916076084	0.002584939414228212	1	0	0	0	78949.50720629444	250	0	0	0
half_step_1	0.3028336916076084	0.001292469707114106	0	0	0	0	78949.50720629444	250	0	0	0
half_step_2	0.30412616131472253	0.001292469707114106	0	0	0	0	78949.50720629444	250	0	0	0
full_step	0.30541863102183664	0.01292469707114106	4	0	0	0	78949.50720629444	10235.043409901042	0	-1.91285577933423	136
half_step_1	0.30541863102183664	0.00646234853557053	3	0	0	0	78949.50720629444	10184.995647905409	0	-1.91285577933423	136
half_step_2	0.3118809795574072	0.00646234853557053	2	7	7	3.5	78949.50720629444	6701.519224731472	0	-1.8926809621226546	61
full_step	0.3183433280929777	0.0646234853557053	3	0	0	0	78949.50720629444	30846.380537893267	1.62888393177127	-1.799925805566536	167
half_step_1	0.3183433280929777	0.03231174267785265	3	0	0	0	78949.50720629444	22941.306452276076	1.62888393177127	-1.799925805566536	167
half_step_2	0.35065507077083036	0.03231174267785265	1	0	0	0	78949.50720629444	250	0	0	0
full_step	0.3183433280929777	0.03231174267785265	3	0	0	0	78949.50720629444	23660.83916243206	1.62888393177127	-1.799925805566536	167
half_step_1	0.3183433280929777	0.016155871338926327	3	0	0	0	78949.50720629444	14999.455821951336	1.62888393177127	-1.799925805566536	167
half_step_2	0.33449919943190404	0.016155871338926327	1	0	0	0	78949.50720629444	250	0	0	0
full_step	0.3183433280929777	0.016155871338926327	3	0	0	0	78949.50720629444	15533.058404892865	1.62888393177127	-1.799925805566536	167
half_step_1	0.3183433280929777	0.008077935669463163	4	11	6	2.75	78949.50720629444	13894.370170441576	1.62888393177127	-1.799925805566536	167
half_step_2	0.3264212637624409	0.008077935669463163	1	1	1	1	78949.50720629444	6554.559967557136	0	-1.9181760672314137	154
full_step	0.33449919943190404	0.08077935669463163	2	4	4	2	78949.50720629444	12689.118545699517	0	-1.9415897654280412	39
full_step	0.33449919943190404	0.04038967834731581	2	5	4	2.5	78949.50720629444	11195.56787958413	0	-1.9415897654280412	39
full_step	0.33449919943190404	0.020194839173657907	2	8	7	4	78949.50720629444	10425.79478547003	0	-1.9415897654280412	39
full_step	0.33449919943190404	0.010097419586828953	2	7	6	3.5	78949.50720629444	10139.002333528248	0	-1.9415897654280412	39
full_step	0.33449919943190404	0.005048709793414477	2	8	7	4	78949.50720629444	5920.451482175186	0	-1.9415897654280412	39
half_step_1	0.33449919943190404	0.0025243548967072383	1	4	4	4	78949.50720629444	250	0	-1.9415897654280412	39
half_step_2	0.33702355432861125	0.0025243548967072383	4	0	0	0	78949.50720629444	4898.923732109022	0	-1.8449507410402963	122
full_step	0.3395479092253185	0.025243548967072385	3	8	5	2.6666666666666665	78949.50720629444	13743.871816047424	1.0316014359450492	-1.7594961963621458	116
half_step_1	0.3395479092253185	0.012621774483536193	3	8	5	2.6666666666666665	78949.50720629444	12412.680902319504	1.0316014359450492	-1.7594961963621458	116
half_step_2	0.3521696837088547	0.012621774483536193	1	3	3	3	78949.50720629444	4180.211963580539	0.18053787118697073	-1.8603610768270855	64
full_step	0.3647914581923909	0.09999999999999998	2	5	3	2.5	78949.50720629444	31078.084846540947	1.3155970044335845	-1.7736281054088157	118
full_step	0.3647914581923909	0.04999999999999999	2	5	3	2.5	78949.50720629444	17797.465570140346	1.3155970044335845	-1.7736281054088157	118
full_step	0.3647914581923909	0.024999999999999994	3	6	4	2	78949.50720629444	15185.838794153868	1.3155970044335845	-1.7736281054088157	118
full_step	0.3647914581923909	0.012499999999999997	3	10	7	3.3333333333333335	78949.50720629444	5408.771835789351	1.3155970044335845	-1.7736281054088157	118
half_step_1	0.3647914581923909	0.006249999999999999	2	4	4	2	78949.50720629444	4235.1815673386	1.3155970044335845	-1.7736281054088157	118
half_step_2	0.37104145819239087	0.006249999999999999	3	5	3	1.6666666666666667	78949.50720629444	8152.717093384041	0.28921143344450684	-1.818040933008205	150
full_step	0.3772914581923909	0.062499999999999986	2	4	4	2	78949.50720629444	17999.556313460223	0.4136192453534022	-1.846559280730645	64
full_step	0.3772914581923909	0.031249999999999993	2	4	4	2	78949.50720629444	14375.960312692148	0.4136192453534022	-1.846559280730645	64
full_step	0.3772914581923909	0.015624999999999997	2	4	4	2	78949.50720629444	8332.255868716471	0.4136192453534022	-1.846559280730645	64
full_step	0.3772914581923909	0.007812499999999998	1	3	3	3	78949.50720629444	2278.1597282146404	0.4136192453534022	-1.846559280730645	64
half_step_1	0.3772914581923909	0.003906249999999999	1	4	4	4	78949.50720629444	1712.611666627063	0.4136192453534022	-1.846559280730645	64
half_step_2	0.3811977081923909	0.003906249999999999	3	0	0	0	78949.50720629444	7214.757481403977	0	-1.8093419046227757	137
full_step	0.3851039581923909	0.03906249999999999	2	3	3	1.5	78949.50720629444	15798.614406350074	0.883993402507258	-1.7817832573404173	105
full_step	0.3851039581923909	0.019531249999999997	2	6	3	3	78949.50720629444	13682.27656157181	0.883993402507258	-1.7817832573404173	105
half_step_1	0.3851039581923909	0.009765624999999998	2	6	4	3	78949.50720629444	5093.781741714327	0.883993402507258	-1.7817832573404173	105
half_step_2	0.3948695831923909	0.009765624999999998	2	5	3	2.5	78949.50720629444	6884.147001168173	0.38810715378349414	-1.827955913406509	55
full_step	0.4046352081923909	0.09765624999999999	2	1	1	0.5	78949.50720629444	29443.380279672827	0	-1.8369600537537583	149
full_step	0.4046352081923909	0.04882812499999999	2	0	0	0	78949.50720629444	26488.375918957674	0	-1.8369600537537583	149
half_step_1	0.4046352081923909	0.024414062499999997	3	0	0	0	78949.50720629444	15842.10094920796	0	-1.8369600537537583	149
half_step_2	0.4290492706923909	0.024414062499999997	1	0	0	0	78949.50720629444	250	0	0	0
full_step	0.4046352081923909	0.024414062499999997	3	0	0	0	78949.50720629444	15842.184669842327	0	-1.8369600537537583	149
half_step_1	0.4046352081923909	0.012207031249999998	2	0	0	0	78949.50720629444	14075.36397337129	0	-1.8369600537537583	149
half_step_2	0.4168422394423909	0.012207031249999998	1	0	0	0	78949.50720629444	250	0	0	0
full_step	0.4046352081923909	0.012207031249999998	3	0	0	0	78949.50720629444	14068.67575419764	0	-1.8369600537537583	149
half_step_1	0.4046352081923909	0.006103515624999999	1	0	0	0	78949.50720629444	13933.402965862866	0	-1.8369600537537583	149
half_step_2	0.4107387238173909	0.006103515624999999	2	9	9	4.5	78949.50720629444	5194.419975114623	0	-1.8537653805786203	121
full_step	0.4168422394423909	0.06103515624999999	2	5	3	2.5	78949.50720629444	14668.163167675235	0.8902099723727588	-1.8122885126084867	153
full_step	0.4168422394423909	0.030517578124999997	2	2	2	1	78949.50720629444	11902.73793480395	0.8902099723727588	-1.8122885126084867	153
full_step	0.4168422394423909	0.015258789062499998	3	6	4	2	78949.50720629444	8514.850538594297	0.8902099723727588	-1.8122885126084867	153
half_step_1	0.4168422394423909	0.007629394531249999	3	11	7	3.6666666666666665	78949.50720629444	7400.813904188023	0.8902099723727588	-1.8122885126084867	153
half_step_2	0.4244716339736409	0.007629394531249999	3	0	0	0	78949.50720629444	16310.30263962683	0.14483860949621885	-1.878500656636279	134
full_step	0.4321010285048909	0.07629394531249999	2	4	4	2	78949.50720629444	23767.253754961264	0	-1.955708297437666	86
full_step	0.4321010285048909	0.03814697265624999	2	9	8	4.5	78949.50720629444	22223.932621175205	0	-1.955708297437666	86
full_step	0.4321010285048909	0.019073486328124997	2	7	7	3.5	78949.50720629444	21560.246718573282	0	-1.955708297437666	86
full_step	0.4321010285048909	0.009536743164062498	1	6	6	6	78949.50720629444	250	0	-1.955708297437666	86
half_step_1	0.4321010285048909	0.004768371582031249	1	6	6	6	78949.50720629444	250	0	-1.955708297437666	86
half_step_2	0.43686940008692215	0.004768371582031249	3	0	0	0	78949.50720629444	11022.329609424298	0	-1.8842416473649333	145
full_step	0.4416377716689534	0.04768371582031249	2	4	3	2	78949.50720629444	17161.979622353607	0	-1.876813932259856	65
full_step	0.4416377716689534	0.023841857910156247	2	3	3	1.5	78949.50720629444	14365.608970591198	0	-1.876813932259856	65
full_step	0.4416377716689534	0.011920928955078123	2	3	3	1.5	78949.50720629444	9738.987955834275	0	-1.876813932259856	65
half_step_1	0.4416377716689534	0.005960464477539062	1	4	4	4	78949.50720629444	2536.9081329637015	0	-1.876813932259856	65
half_step_2	0.44759823614649247	0.005960464477539062	3	0	0	0	78949.50720629444	17354.615841860246	0	-1.8863103033766806	157
full_step	0.45355870062403153	0.05960464477539062	2	6	5	3	78949.50720629444	31640.69384306951	0	-1.8906499928710596	122
full_step	0.45355870062403153	0.02980232238769531	2	6	6	3	78949.50720629444	27895.410121602727	0	-1.8906499928710596	122
half_step_1	0.45355870062403153	0.014901161193847655	2	6	5	3	78949.50720629444	17541.260719583814	0	-1.8906499928710596	122
half_step_2	0.4684598618178792	0.014901161193847655	1	2	2	2	78949.50720629444	4060.7095258729655	0.34250969170716417	-1.8218985413590478	55
full_step	0.45355870062403153	0.014901161193847655	2	9	8	4.5	78949.50720629444	17541.199359558825	0	-1.8906499928710596	122
half_step_1	0.45355870062403153	0.007450580596923827	1	7	7	7	78949.50720629444	250	0	-1.8906499928710596	122
half_step_2	0.46100928122095536	0.007450580596923827	2	0	0	0	78949.50720629444	8151.104898975465	0	-1.901783770795907	138
full_step	0.4684598618178792	0.07450580596923827	2	5	4	2.5	78949.50720629444	19036.1895181411	0	-1.8933732656693107	66
full_step	0.4684598618178792	0.037252902984619134	2	6	5	3	78949.50720629444	17541.85677806641	0	-1.8933732656693107	66
full_step	0.4684598618178792	0.018626451492309567	2	6	6	3	78949.50720629444	13956.200641762161	0	-1.8933732656693107	66
full_step	0.4684598618178792	0.009313225746154783	2	8	7	4	78949.50720629444	8134.431017600855	0	-1.8933732656693107	66
full_step	0.4684598618178792	0.004656612873077392	1	7	7	7	78949.50720629444	250	0	-1.8933732656693107	66
half_step_1	0.4684598618178792	0.002328306436538696	1	5	5	5	78949.50720629444	250	0	-1.8933732656693107	66
half_step_2	0.4707881682544179	0.002328306436538696	4	0	0	0	78949.50720629444	4631.325172496419	0.11014201285433955	-1.8109450225104156	142
full_step	0.4731164746909566	0.02328306436538696	3	0	0	0	78949.50720629444	14949.957693137208	0.65764150519135	-1.8161318714990244	139
half_step_1	0.4731164746909566	0.01164153218269348	2	0	0	0	78949.50720629444	13783.46294651006	0.65764150519135	-1.8161318714990244	139
half_step_2	0.48475800687365006	0.01164153218269348	2	2	2	1	78949.50720629444	16057.466763334907	0	-1.9393974245536565	65
full_step	0.49639953905634354	0.1	1	0	0	0	78949.50720629444	250	0	0	0
full_step	0.49639953905634354	0.05	1	0	0	0	78949.50720629444	250	0	0	0
full_step	0.49639953905634354	0.025	1	0	0	0	78949.50720629444	250	0	0	0
full_step	0.49639953905634354	0.0125	1	0	0	0	78949.50720629444	250	0	0	0
full_step	0.49639953905634354	0.00625	1	0	0	0	78949.50720629444	250	0	0	0
full_step	0.49639953905634354	0.003125	1	0	0	0	78949.50720629444	250	0	0	0
full_step	0.49639953905634354	0.0015625	1	0	0	0	78949.50720629444	250	0	0	0
half_step_1	0.49639953905634354	0.00078125	0	0	0	0	78949.50720629444	250	0	0	0
half_step_2	0.49718078905634355	0.00078125	0	0	0	0	78949.50720629444	250	0	0	0
full_step	0.49796203905634356	0.0078125	3	0	0	0	78949.50720629444	26614.574586818584	0	-1.932014708709046	120
half_step_1	0.49796203905634356	0.00390625	2	0	0	0	78949.50720629444	21213.980843348807	0	-1.932014708709046	120
half_step_2	0.5018682890563435	0.00390625	2	8	8	4	78949.50720629444	4479.466235325564	0	-1.8430838434848573	113
full_step	0.5057745390563435	0.0390625	3	0	0	0	78949.50720629444	12551.932223836347	0	-1.7866403632091725	152
half_step_1	0.5057745390563435	0.01953125	3	0	0	0	78949.50720629444	11334.754087018247	0	-1.7866403632091725	152
half_step_2	0.5253057890563435	0.01953125	1	0	0	0	78949.50720629444	250	0	0	0
full_step	0.5057745390563435	0.01953125	3	0	0	0	78949.50720629444	11339.509353471378	0	-1.7866403632091725	152
half_step_1	0.5057745390563435	0.009765625	3	0	0	0	78949.50720629444	7684.375300975654	0	-1.7866403632091725	152
half_step_2	0.5155401640563435	0.009765625	2	7	6	3.5	78949.50720629444	13534.555831545873	0	-1.925736566147733	55
full_step	0.5057745390563435	0.009765625	3	0	0	0	78949.50720629444	7724.746072282981	0	-1.7866403632091725	152
half_step_1	0.5057745390563435	0.0048828125	3	0	0	0	78949.50720629444	6665.903124862078	0	-1.7866403632091725	152
half_step_2	0.5106573515563435	0.0048828125	2	13	7	6.5	78949.50720629444	6282.5888698925155	0.44007446521209204	-1.8154375878317557	57
full_step	0.5155401640563435	0.048828125	3	0	0	0	78949.50720629444	20268.971372915705	0.5444279636103602	-1.8750269183004824	119
half_step_1	0.5155401640563435	0.0244140625	2	0	0	0	78949.50720629444	19476.460134175744	0.5444279636103602	-1.8750269183004824	119
half_step_2	0.5399542265563435	0.0244140625	1	0	0	0	78949.50720629444	250	0	0	0
full_step	0.5155401640563435	0.0244140625	3	0	0	0	78949.50720629444	19282.920926338487	0.5444279636103602	-1.8750269183004824	119
half_step_1	0.5155401640563435	0.01220703125	2	0	0	0	78949.50720629444	19158.238002159884	0.5444279636103602	-1.8750269183004824	119
half_step_2	0.5277471953063435	0.01220703125	1	0	0	0	78949.50720629444	250	0	0	0
full_step	0.5155401640563435	0.01220703125	3	0	0	0	78949.50720629444	19023.044704984906	0.5444279636103602	-1.8750269183004824	119
half_step_1	0.5155401640563435	0.006103515625	2	0	0	0	78949.50720629444	19165.706523561723	0.5444279636103602	-1.8750269183004824	119
half_step_2	0.5216436796813435	0.006103515625	2	8	7	4	78949.50720629444	12795.942566317233	0	-1.8974776332141794	102
full_step	0.5277471953063435	0.06103515625	2	5	4	2.5	78949.50720629444	27085.876044832665	0	-1.8714720667920417	102
full_step	0.5277471953063435	0.030517578125	2	7	5	3.5	78949.50720629444	21997.647523420557	0	-1.8714720667920417	102
full_step	0.5277471953063435	0.0152587890625	2	5	4	2.5	78949.50720629444	13134.137265458352	0	-1.8714720667920417	102
full_step	0.5277471953063435	0.00762939453125	1	3	3	3	78949.50720629444	2002.2483846412313	0	-1.8714720667920417	102
full_step	0.5277471953063435	0.003814697265625	1	4	4	4	78949.50720629444	250	0	-1.8714720667920417	102
half_step_1	0.5277471953063435	0.0019073486328125	1	6	6	6	78949.50720629444	250	0	-1.8714720667920417	102
half_step_2	0.529654543939156	0.0019073486328125	3	0	0	0	78949.50720629444	2199.7494546925386	0	-1.8057809314831577	130
full_step	0.5315618925719685	0.019073486328125	4	7	4	1.75	78949.50720629444	10853.194992340717	1.2075177669830737	-1.7740566412492471	132
half_step_1	0.5315618925719685	0.0095367431640625	4	6	3	1.5	78949.50720629444	7658.43047467389	1.2075177669830737	-1.7740566412492471	132
half_step_2	0.541098635736031	0.0095367431640625	2	0	0	0	78949.50720629444	25299.38123215442	0	-1.8823760817694273	156
full_step	0.5506353789000935	0.095367431640625	1	0	0	0	78949.50720629444	250	0	0	0
full_step	0.5506353789000935	0.0476837158203125	1	0	0	0	78949.50720629444	250	0	0	0
full_step	0.5506353789000935	0.02384185791015625	1	0	0	0	78949.50720629444	250	0	0	0
full_step	0.5506353789000935	0.011920928955078125	1	0	0	0	78949.50720629444	250	0	0	0
full_step	0.5506353789000935	0.0059604644775390625	1	0	0	0	78949.50720629444	250	0	0	0
full_step	0.5506353789000935	0.0029802322387695312	1	0	0	0	78949.50720629444	250	0	0	0
half_step_1	0.5506353789000935	0.0014901161193847656	0	0	0	0	78949.50720629444	250	0	0	0
half_step_2	0.5521254950194783	0.0014901161193847656	0	0	0	0	78949.50720629444	250	0	0	0
full_step	0.553615611138863	0.014901161193847656	4	0	0	0	78949.50720629444	12252.841004765009	0	-1.9132237191233459	142
half_step_1	0.553615611138863	0.007450580596923828	3	0	0	0	78949.50720629444	12175.052077189335	0	-1.9132237191233459	142
half_step_2	0.5610661917357869	0.007450580596923828	2	7	7	3.5	78949.50720629444	8919.92523859234	0	-1.8782720393551544	62
full_step	0.5685167723327107	0.07450580596923828	3	10	7	3.3333333333333335	78949.50720629444	26237.19051797607	1.9099885765172075	-1.736353707862919	148
full_step	0.5685167723327107	0.03725290298461914	5	10	6	2	78949.50720629444	16024.593319103962	1.9099885765172075	-1.736353707862919	148
half_step_1	0.5685167723327107	0.01862645149230957	5	16	7	3.2	78949.50720629444	14317.290546772705	1.9099885765172075	-1.736353707862919	148
half_step_2	0.5871432238250203	0.01862645149230957	1	0	0	0	78949.50720629444	250	0	0	0
full_step	0.5685167723327107	0.01862645149230957	4	14	7	3.5	78949.50720629444	14330.162541824824	1.9099885765172075	-1.736353707862919	148
half_step_1	0.5685167723327107	0.009313225746154785	4	13	9	3.25	78949.50720629444	13619.857841461766	1.9099885765172075	-1.736353707862919	148
half_step_2	0.5778299980788655	0.009313225746154785	1	3	3	3	78949.50720629444	7895.32724063593	0	-1.9073973579836794	106
full_step	0.5871432238250203	0.09313225746154785	2	5	4	2.5	78949.50720629444	18323.224676990805	0	-1.9357416764574669	60
full_step	0.5871432238250203	0.046566128730773926	2	8	7	4	78949.50720629444	16504.36461954929	0	-1.9357416764574669	60
full_step	0.5871432238250203	0.023283064365386963	2	8	7	4	78949.50720629444	15594.755494331395	0	-1.9357416764574669	60
full_step	0.5871432238250203	0.011641532182693481	2	7	6	3.5	78949.50720629444	15289.991721032628	0	-1.9357416764574669	60
full_step	0.5871432238250203	0.005820766091346741	2	7	6	3.5	78949.50720629444	13717.258118510772	0	-1.9357416764574669	60
full_step	0.5871432238250203	0.0029103830456733704	1	7	7	7	78949.50720629444	250	0	-1.9357416764574669	60
half_step_1	0.5871432238250203	0.0014551915228366852	1	0	0	0	78949.50720629444	250	0	-1.9357416764574669	60
half_step_2	0.588598415347857	0.0014551915228366852	3	0	0	0	78949.50720629444	5895.877304380629	0	-1.9234243197197276	141
full_step	0.5900536068706936	0.014551915228366852	4	0	0	0	78949.50720629444	15731.964266223473	0.08660812293965137	-1.8436396126096504	154
half_step_1	0.5900536068706936	0.007275957614183426	3	0	0	0	78949.50720629444	14016.894869804744	0.08660812293965137	-1.8436396126096504	154
half_step_2	0.5973295644848771	0.007275957614183426	2	9	9	4.5	78949.50720629444	5691.975320338105	0	-1.842341561041794	114
full_step	0.6046055220990605	0.07275957614183426	2	3	2	1.5	78949.50720629444	15450.254905865311	1.9248682274755993	-1.7396615680380245	60
full_step	0.6046055220990605	0.03637978807091713	3	7	4	2.3333333333333335	78949.50720629444	12944.760492174864	1.9248682274755993	-1.7396615680380245	60
full_step	0.6046055220990605	0.018189894035458565	4	11	6	2.75	78949.50720629444	9404.434786889813	1.9248682274755993	-1.7396615680380245	60
half_step_1	0.6046055220990605	0.009094947017729282	3	9	7	3	78949.50720629444	8166.781636072869	1.9248682274755993	-1.7396615680380245	60
half_step_2	0.6137004691167898	0.009094947017729282	2	0	0	0	78949.50720629444	12412.093457464825	0	-1.8320013280673717	137
full_step	0.622795416134519	0.09094947017729282	2	6	5	3	78949.50720629444	27626.117998889298	0	-1.9304070342966342	99
full_step	0.622795416134519	0.04547473508864641	2	9	8	4.5	78949.50720629444	25750.897401669827	0	-1.9304070342966342	99
full_step	0.622795416134519	0.022737367544323206	2	8	7	4	78949.50720629444	24901.947593820496	0	-1.9304070342966342	99
full_step	0.622795416134519	0.011368683772161603	2	7	6	3.5	78949.50720629444	23819.953182500954	0	-1.9304070342966342	99
full_step	0.622795416134519	0.0056843418860808015	2	7	6	3.5	78949.50720629444	16675.540085364224	0	-1.9304070342966342	99
full_step	0.622795416134519	0.0028421709430404007	1	7	7	7	78949.50720629444	250	0	-1.9304070342966342	99
half_step_1	0.622795416134519	0.0014210854715202004	1	0	0	0	78949.50720629444	250	0	-1.9304070342966342	99
half_step_2	0.6242165016060393	0.0014210854715202004	1	0	0	0	78949.50720629444	250	0	-1.914101747771396	84
full_step	0.6256375870775595	0.014210854715202004	4	0	0	0	78949.50720629444	11021.993586213312	0.19917090432682016	-1.8002335166435988	140
half_step_1	0.6256375870775595	0.007105427357601002	3	0	0	0	78949.50720629444	11328.098398312597	0.19917090432682016	-1.8002335166435988	140
half_step_2	0.6327430144351605	0.007105427357601002	2	10	6	5	78949.50720629444	4455.37180550388	0.273247655324667	-1.8292985374338255	63
full_step	0.6398484417927615	0.07105427357601002	2	2	2	1	78949.50720629444	28329.787580023833	1.358214504818534	-1.7859738635941242	162
half_step_1	0.6398484417927615	0.03552713678800501	3	6	3	2	78949.50720629444	26488.52864186767	1.358214504818534	-1.7859738635941242	162
half_step_2	0.6753755785807665	0.03552713678800501	1	0	0	0	78949.50720629444	250	0	0	0
full_step	0.6398484417927615	0.03552713678800501	3	6	3	2	78949.50720629444	26360.050455089848	1.358214504818534	-1.7859738635941242	162
half_step_1	0.6398484417927615	0.017763568394002505	3	4	4	1.3333333333333333	78949.50720629444	14871.345771767235	1.358214504818534	-1.7859738635941242	162
half_step_2	0.657612010186764	0.017763568394002505	1	0	0	0	78949.50720629444	250	0	0	0
full_step	0.6398484417927615	0.017763568394002505	3	4	4	1.3333333333333333	78949.50720629444	14796.954889448945	1.358214504818534	-1.7859738635941242	162
half_step_1	0.6398484417927615	0.008881784197001252	4	10	8	2.5	78949.50720629444	13453.742686293022	1.358214504818534	-1.7859738635941242	162
half_step_2	0.6487302259897627	0.008881784197001252	1	0	0	0	78949.50720629444	10599.511273689877	0	-1.8823692839634842	154
full_step	0.657612010186764	0.08881784197001252	2	5	4	2.5	78949.50720629444	7232.658631549342	0	-1.9993027434865553	17
full_step	0.657612010186764	0.04440892098500626	2	5	4	2.5	78949.50720629444	5925.008846345496	0	-1.9993027434865553	17
full_step	0.657612010186764	0.02220446049250313	2	5	4	2.5	78949.50720629444	5175.823911852578	0	-1.9993027434865553	17
full_step	0.657612010186764	0.011102230246251565	2	7	6	3.5	78949.50720629444	4822.061513662459	0	-1.9993027434865553	17
full_step	0.657612010186764	0.005551115123125783	2	7	6	3.5	78949.50720629444	4773.964811025711	0	-1.9993027434865553	17
half_step_1	0.657612010186764	0.0027755575615628914	1	4	4	4	78949.50720629444	250	0	-1.9993027434865553	17
half_step_2	0.6603875677483269	0.0027755575615628914	5	13	6	2.6	78949.50720629444	11729.17765096328	0.2963888884460175	-1.785418367767559	136
full_step	0.6631631253098897	0.027755575615628914	2	0	0	0	78949.50720629444	23487.025338356747	0.7824084671501623	-1.8111829824037382	141
half_step_1	0.6631631253098897	0.013877787807814457	3	8	5	2.6666666666666665	78949.50720629444	15080.403968088698	0.7824084671501623	-1.8111829824037382	141
half_step_2	0.6770409131177042	0.013877787807814457	1	0	0	0	78949.50720629444	250	0	0	0
full_step	0.6631631253098897	0.013877787807814457	3	0	0	0	78949.50720629444	15071.432130191824	0.7824084671501623	-1.8111829824037382	141
half_step_1	0.6631631253098897	0.006938893903907228	2	0	0	0	78949.50720629444	14122.157929217981	0.7824084671501623	-1.8111829824037382	141
half_step_2	0.670102019213797	0.006938893903907228	2	9	9	4.5	78949.50720629444	4943.674108574238	0	-1.8290472888157787	105
full_step	0.6770409131177042	0.06938893903907228	2	2	2	1	78949.50720629444	14679.376531219179	1.4770218116427714	-1.7961376430296963	124
full_step	0.6770409131177042	0.03469446951953614	2	0	0	0	78949.50720629444	12044.95765633585	1.4770218116427714	-1.7961376430296963	124
full_step	0.6770409131177042	0.01734723475976807	3	9	6	3	78949.50720629444	11308.487089313881	1.4770218116427714	-1.7961376430296963	124
half_step_1	0.6770409131177042	0.008673617379884035	4	9	6	2.25	78949.50720629444	8208.847755006142	1.4770218116427714	-1.7961376430296963	124
half_step_2	0.6857145304975882	0.008673617379884035	3	0	0	0	78949.50720629444	21162.197317201666	0	-1.8249722663152794	150
full_step	0.6943881478774723	0.08673617379884035	2	5	4	2.5	78949.50720629444	27876.178480805414	0	-1.928312926616793	101
full_step	0.6943881478774723	0.04336808689942018	2	9	8	4.5	78949.50720629444	26090.002176161877	0	-1.928312926616793	101
full_step	0.6943881478774723	0.02168404344971009	2	8	7	4	78949.50720629444	25298.629747388215	0	-1.928312926616793	101
full_step	0.6943881478774723	0.010842021724855044	2	6	6	3	78949.50720629444	25043.247599793627	0	-1.928312926616793	101
full_step	0.6943881478774723	0.005421010862427522	2	8	6	4	78949.50720629444	18812.63544515576	0	-1.928312926616793	101
half_step_1	0.6943881478774723	0.002710505431213761	1	7	7	7	78949.50720629444	250	0	-1.928312926616793	101
half_step_2	0.697098653308686	0.002710505431213761	3	0	0	0	78949.50720629444	6946.867461567656	0	-1.7922833146370512	130
full_step	0.6998091587398998	0.02710505431213761	1	2	2	2	78949.50720629444	8029.955503947051	0.17140943441881973	-1.795476789453443	133
full_step	0.6998091587398998	0.013552527156068805	2	0	0	0	78949.50720629444	6737.011879446821	0.17140943441881973	-1.795476789453443	133
half_step_1	0.6998091587398998	0.006776263578034403	2	0	0	0	78949.50720629444	5939.610552625489	0.17140943441881973	-1.795476789453443	133
half_step_2	0.7065854223179342	0.006776263578034403	3	13	5	4.333333333333333	78949.50720629444	4017.188863507211	0.8929695287260984	-1.7382083472542977	35
full_step	0.7133616858959686	0.06776263578034403	2	0	0	0	78949.50720629444	24013.386171907576	1.4254784947679582	-1.706543326334881	131
full_step	0.7133616858959686	0.033881317890172014	3	3	3	1	78949.50720629444	17502.01875072963	1.4254784947679582	-1.706543326334881	131
half_step_1	0.7133616858959686	0.016940658945086007	3	2	2	0.6666666666666666	78949.50720629444	15273.389739877815	1.4254784947679582	-1.706543326334881	131
half_step_2	0.7303023448410546	0.016940658945086007	2	4	4	2	78949.50720629444	10312.14976732169	0	-1.8191863354402418	55
full_step	0.7133616858959686	0.016940658945086007	3	5	5	1.6666666666666667	78949.50720629444	15244.379141959707	1.4254784947679582	-1.706543326334881	131
half_step_1	0.7133616858959686	0.008470329472543003	3	0	0	0	78949.50720629444	8136.9107135778795	1.4254784947679582	-1.706543326334881	131
half_step_2	0.7218320153685116	0.008470329472543003	2	0	0	0	78949.50720629444	11027.459639107876	0.422204931413944	-1.8127716102606661	162
full_step	0.7303023448410546	0.08470329472543003	2	5	4	2.5	78949.50720629444	17250.10642651991	0	-1.8846493704446594	57
full_step	0.7303023448410546	0.04235164736271502	2	5	4	2.5	78949.50720629444	15596.173712693268	0	-1.8846493704446594	57
full_step	0.7303023448410546	0.02117582368135751	2	7	7	3.5	78949.50720629444	14780.181927340549	0	-1.8846493704446594	57
full_step	0.7303023448410546	0.010587911840678754	2	7	7	3.5	78949.50720629444	12563.172719739492	0	-1.8846493704446594	57
half_step_1	0.7303023448410546	0.005293955920339377	1	7	7	7	78949.50720629444	250	0	-1.8846493704446594	57
half_step_2	0.7355963007613939	0.005293955920339377	3	0	0	0	78949.50720629444	15175.730710938195	0	-1.8326664996283628	149
full_step	0.7408902566817334	0.05293955920339377	2	4	4	2	78949.50720629444	28170.69386069783	0	-1.8003555682642203	116
full_step	0.7408902566817334	0.026469779601696886	2	4	4	2	78949.50720629444	21304.316528234245	0	-1.8003555682642203	116
full_step	0.7408902566817334	0.013234889800848443	2	4	3	2	78949.50720629444	14203.177994857706	0	-1.8003555682642203	116
half_step_1	0.7408902566817334	0.006617444900424221	1	3	3	3	78949.50720629444	3015.704464482054	0	-1.8003555682642203	116
half_step_2	0.7475077015821576	0.006617444900424221	2	0	0	0	78949.50720629444	12476.082547365728	0	-1.7998825205595776	155
full_step	0.7541251464825818	0.06617444900424221	2	5	4	2.5	78949.50720629444	17738.688417066674	0	-1.8663878614927514	62
full_step	0.7541251464825818	0.03308722450212111	2	5	4	2.5	78949.50720629444	16417.60019268061	0	-1.8663878614927514	62
full_step	0.7541251464825818	0.016543612251060553	2	5	5	2.5	78949.50720629444	13191.862119926393	0	-1.8663878614927514	62
full_step	0.7541251464825818	0.008271806125530277	2	8	7	4	78949.50720629444	8942.959275493575	0	-1.8663878614927514	62
half_step_1	0.7541251464825818	0.004135903062765138	1	7	7	7	78949.50720629444	250	0	-1.8663878614927514	62
half_step_2	0.7582610495453469	0.004135903062765138	2	6	3	3	78949.50720629444	3263.7032252985887	0.387319251531153	-1.8060671678256155	60
full_step	0.762396952608112	0.04135903062765138	3	0	0	0	78949.50720629444	19544.49632788956	0.4032453178297146	-1.769193334172428	137
half_step_1	0.762396952608112	0.02067951531382569	3	3	3	1	78949.50720629444	14127.010055047156	0.4032453178297146	-1.769193334172428	137
half_step_2	0.7830764679219377	0.02067951531382569	1	0	0	0	78949.50720629444	250	0	0	0
full_step	0.762396952608112	0.02067951531382569	4	6	3	1.5	78949.50720629444	13654.207829356452	0.4032453178297146	-1.769193334172428	137
half_step_1	0.762396952608112	0.010339757656912845	3	3	3	1	78949.50720629444	12708.446831137382	0.4032453178297146	-1.769193334172428	137
half_step_2	0.7727367102650249	0.010339757656912845	2	8	8	4	78949.50720629444	6243.152125825808	0	-1.867766732751296	103
full_step	0.762396952608112	0.010339757656912845	3	7	7	2.3333333333333335	78949.50720629444	12683.320471429584	0.4032453178297146	-1.769193334172428	137
half_step_1	0.762396952608112	0.0051698788284564225	2	0	0	0	78949.50720629444	12065.251293661015	0.4032453178297146	-1.769193334172428	137
half_step_2	0.7675668314365685	0.0051698788284564225	3	9	4	3	78949.50720629444	4262.62205213118	1.2374249228887493	-1.7376481190776865	97
full_step	0.7727367102650249	0.05169878828456423	2	0	0	0	78949.50720629444	14487.972530369956	0.8020973653165129	-1.7822113490475944	137
full_step	0.7727367102650249	0.025849394142282114	2	0	0	0	78949.50720629444	10262.842593538948	0.8020973653165129	-1.7822113490475944	137
half_step_1	0.7727367102650249	0.012924697071141057	2	0	0	0	78949.50720629444	9320.902600230618	0.8020973653165129	-1.7822113490475944	137
half_step_2	0.785661407336166	0.012924697071141057	1	0	0	0	78949.50720629444	250	0	0	0
full_step	0.7727367102650249	0.012924697071141057	3	0	0	0	78949.50720629444	9024.321136043447	0.8020973653165129	-1.7822113490475944	137
half_step_1	0.7727367102650249	0.006462348535570529	3	7	7	2.3333333333333335	78949.50720629444	9069.678796136992	0.8020973653165129	-1.7822113490475944	137
half_step_2	0.7791990588005954	0.006462348535570529	2	8	7	4	78949.50720629444	6718.782413249916	0	-1.8039470493257457	50
full_step	0.785661407336166	0.06462348535570528	2	0	0	0	78949.50720629444	24761.79237055838	0.42523560929657833	-1.8499640320071422	140
half_step_1	0.785661407336166	0.03231174267785264	3	0	0	0	78949.50720629444	20896.768057748708	0.42523560929657833	-1.8499640320071422	140
half_step_2	0.8179731500140186	0.03231174267785264	1	0	0	0	78949.50720629444	250	0	0	0
full_step	0.785661407336166	0.03231174267785264	3	0	0	0	78949.50720629444	20914.160233811897	0.42523560929657833	-1.8499640320071422	140
half_step_1	0.785661407336166	0.01615587133892632	3	0	0	0	78949.50720629444	18703.37462023698	0.42523560929657833	-1.8499640320071422	140
half_step_2	0.8018172786750923	0.01615587133892632	1	0	0	0	78949.50720629444	250	0	0	0
full_step	0.785661407336166	0.01615587133892632	3	0	0	0	78949.50720629444	18709.21443278091	0.42523560929657833	-1.8499640320071422	140
half_step_1	0.785661407336166	0.00807793566946316	3	0	0	0	78949.50720629444	17555.525875112664	0.42523560929657833	-1.8499640320071422	140
half_step_2	0.7937393430056291	0.00807793566946316	2	9	7	4.5	78949.50720629444	18628.585429103903	0	-1.882643114363853	121
full_step	0.8018172786750923	0.0807793566946316	2	3	3	1.5	78949.50720629444	16774.382692344272	0	-1.8698611770549431	139
full_step	0.8018172786750923	0.0403896783473158	2	0	0	0	78949.50720629444	13326.503722642097	0	-1.8698611770549431	139
full_step	0.8018172786750923	0.0201948391736579	3	0	0	0	78949.50720629444	11122.690943428746	0	-1.8698611770549431	139
half_step_1	0.8018172786750923	0.01009741958682895	2	0	0	0	78949.50720629444	10180.24070333314	0	-1.8698611770549431	139
half_step_2	0.8119146982619213	0.01009741958682895	2	7	7	3.5	78949.50720629444	10182.452011080279	0	-1.8734074345020886	61
full_step	0.8018172786750923	0.01009741958682895	2	0	0	0	78949.50720629444	10263.503982617569	0	-1.8698611770549431	139
half_step_1	0.8018172786750923	0.005048709793414475	2	0	0	0	78949.50720629444	8165.437931034329	0	-1.8698611770549431	139
half_step_2	0.8068659884685068	0.005048709793414475	2	9	5	4.5	78949.50720629444	5521.653134165866	0.31962421483694925	-1.7928217005230442	52
full_step	0.8119146982619213	0.05048709793414475	3	0	0	0	78949.50720629444	19794.097839429065	0.7772520684629853	-1.79969966360468	201
half_step_1	0.8119146982619213	0.025243548967072375	2	0	0	0	78949.50720629444	17304.770750162075	0.7772520684629853	-1.79969966360468	201
half_step_2	0.8371582472289937	0.025243548967072375	1	0	0	0	78949.50720629444	250	0	0	0
full_step	0.8119146982619213	0.025243548967072375	3	0	0	0	78949.50720629444	17188.900244524713	0.7772520684629853	-1.79969966360468	201
half_step_1	0.8119146982619213	0.012621774483536187	2	0	0	0	78949.50720629444	17072.78938496959	0.7772520684629853	-1.79969966360468	201
half_step_2	0.8245364727454575	0.012621774483536187	1	0	0	0	78949.50720629444	250	0	0	0
full_step	0.8119146982619213	0.012621774483536187	3	0	0	0	78949.50720629444	16848.4926523785	0.7772520684629853	-1.79969966360468	201
half_step_1	0.8119146982619213	0.006310887241768094	4	11	5	2.75	78949.50720629444	13083.16607141848	0.7772520684629853	-1.79969966360468	201
half_step_2	0.8182255855036894	0.006310887241768094	2	8	7	4	78949.50720629444	10520.145733503916	0	-1.8268367424611107	105
full_step	0.8245364727454575	0.06310887241768094	2	5	4	2.5	78949.50720629444	27087.30630522871	0	-1.7991227192577461	101
full_step	0.8245364727454575	0.03155443620884047	2	5	4	2.5	78949.50720629444	18097.00457927737	0	-1.7991227192577461	101
full_step	0.8245364727454575	0.015777218104420235	2	4	3	2	78949.50720629444	9301.176708890898	0	-1.7991227192577461	101
full_step	0.8245364727454575	0.007888609052210118	2	4	4	2	78949.50720629444	4499.422610945856	0	-1.7991227192577461	101
full_step	0.8245364727454575	0.003944304526105059	2	4	4	2	78949.50720629444	3178.2422916534897	0	-1.7991227192577461	101
half_step_1	0.8245364727454575	0.0019721522630525294	1	3	3	3	78949.50720629444	250	0	-1.7991227192577461	101
half_step_2	0.8265086250085101	0.0019721522630525294	3	11	9	3.6666666666666665	78949.50720629444	2441.2856215643365	0.25928783878771355	-1.7670827502682855	200
full_step	0.8284807772715626	0.019721522630525293	2	0	0	0	78949.50720629444	11066.5817559596	0.8016534156522539	-1.7876627037015962	199
half_step_1	0.8284807772715626	0.009860761315262647	4	11	6	2.75	78949.50720629444	8039.302007853745	0.8016534156522539	-1.7876627037015962	199
half_step_2	0.8383415385868253	0.009860761315262647	2	3	3	1.5	78949.50720629444	4804.355078105707	0	-1.895684872344389	100
full_step	0.8284807772715626	0.009860761315262647	3	0	0	0	78949.50720629444	8034.122626941018	0.8016534156522539	-1.7876627037015962	199
half_step_1	0.8284807772715626	0.004930380657631323	2	0	0	0	78949.50720629444	6656.437344296079	0.8016534156522539	-1.7876627037015962	199
half_step_2	0.8334111579291938	0.004930380657631323	2	5	3	2.5	78949.50720629444	11670.620927709719	1.4995577146437427	-1.7453441061627617	188
full_step	0.8383415385868253	0.04930380657631323	3	0	0	0	78949.50720629444	24178.82031670762	0.8429787491568277	-1.7296229462717867	243
half_step_1	0.8383415385868253	0.024651903288156616	2	0	0	0	78949.50720629444	22674.392390419496	0.8429787491568277	-1.7296229462717867	243
half_step_2	0.8629934418749818	0.024651903288156616	1	0	0	0	78949.50720629444	250	0	0	0
full_step	0.8383415385868253	0.024651903288156616	3	0	0	0	78949.50720629444	22534.34926317212	0.8429787491568277	-1.7296229462717867	243
half_step_1	0.8383415385868253	0.012325951644078308	4	10	4	2.5	78949.50720629444	19083.805481321433	0.8429787491568277	-1.7296229462717867	243
half_step_2	0.8506674902309036	0.012325951644078308	1	0	0	0	78949.50720629444	250	0	0	0
full_step	0.8383415385868253	0.012325951644078308	3	0	0	0	78949.50720629444	19135.357082065828	0.8429787491568277	-1.7296229462717867	243
half_step_1	0.8383415385868253	0.006162975822039154	2	0	0	0	78949.50720629444	17355.54339965321	0.8429787491568277	-1.7296229462717867	243
half_step_2	0.8445045144088644	0.006162975822039154	2	8	7	4	78949.50720629444	10026.771861089675	0	-1.825172220645494	120
full_step	0.8506674902309036	0.06162975822039154	2	3	3	1.5	78949.50720629444	35631.614146242675	0	-1.8166197946854727	198
full_step	0.8506674902309036	0.03081487911019577	2	4	3	2	78949.50720629444	27707.933894785463	0	-1.8166197946854727	198
full_step	0.8506674902309036	0.015407439555097885	2	4	3	2	78949.50720629444	21782.798472265615	0	-1.8166197946854727	198
half_step_1	0.8506674902309036	0.007703719777548942	1	3	3	3	78949.50720629444	4340.908705699618	0	-1.8166197946854727	198
half_step_2	0.8583712100084525	0.007703719777548942	4	13	10	3.25	78949.50720629444	17024.563593318508	1.7932154355203238	-1.6947958427066365	162
full_step	0.8660749297860015	0.07703719777548942	2	3	3	1.5	78949.50720629444	25387.753047304715	0	-1.8378370535762218	178
full_step	0.8660749297860015	0.03851859888774471	2	2	2	1	78949.50720629444	16094.508652881126	0	-1.8378370535762218	178
half_step_1	0.8660749297860015	0.019259299443872356	2	0	0	0	78949.50720629444	14652.626390652747	0	-1.8378370535762218	178
half_step_2	0.8853342292298739	0.019259299443872356	1	0	0	0	78949.50720629444	250	0	0	0
full_step	0.8660749297860015	0.019259299443872356	2	0	0	0	78949.50720629444	14638.302252371177	0	-1.8378370535762218	178
half_step_1	0.8660749297860015	0.009629649721936178	1	0	0	0	78949.50720629444	14491.922608214867	0	-1.8378370535762218	178
half_step_2	0.8757045795079377	0.009629649721936178	2	6	6	3	78949.50720629444	7262.428465562349	0	-1.9899860057062755	27
full_step	0.8660749297860015	0.009629649721936178	1	0	0	0	78949.50720629444	14605.700190042584	0	-1.8378370535762218	178
half_step_1	0.8660749297860015	0.004814824860968089	1	5	5	5	78949.50720629444	250	0	-1.8378370535762218	178
half_step_2	0.8708897546469696	0.004814824860968089	2	7	7	3.5	78949.50720629444	9350.733970374424	0	-1.8059007150865343	108
full_step	0.8757045795079377	0.048148248609680894	2	0	0	0	78949.50720629444	31450.166287275522	0.2580839223101066	-1.7538575426974337	202
full_step	0.8757045795079377	0.024074124304840447	2	0	0	0	78949.50720629444	26518.79029769355	0.2580839223101066	-1.7538575426974337	202
half_step_1	0.8757045795079377	0.012037062152420223	2	0	0	0	78949.50720629444	16727.848686085454	0.2580839223101066	-1.7538575426974337	202
half_step_2	0.8877416416603578	0.012037062152420223	3	0	0	0	78949.50720629444	18315.32073051377	0.5359900591702171	-1.7348395940261152	158
full_step	0.8997787038127781	0.09999999999999998	2	4	3	2	78949.50720629444	40206.06125450897	0	-1.8654935913594783	150
full_step	0.8997787038127781	0.04999999999999999	2	3	3	1.5	78949.50720629444	30890.66900842154	0	-1.8654935913594783	150
full_step	0.8997787038127781	0.024999999999999994	2	3	3	1.5	78949.50720629444	21793.060280365986	0	-1.8654935913594783	150
half_step_1	0.8997787038127781	0.012499999999999997	1	2	2	2	78949.50720629444	17062.366590419017	0	-1.8654935913594783	150
half_step_2	0.9122787038127781	0.012499999999999997	2	3	3	1.5	78949.50720629444	11372.92663663544	0	-1.866779215191643	60
full_step	0.9247787038127782	0.1	2	2	2	1	78949.50720629444	39045.99119102493	0.06696501877922856	-1.7496500308418683	182
full_step	0.9247787038127782	0.05	2	0	0	0	78949.50720629444	31218.806716590832	0.06696501877922856	-1.7496500308418683	182
half_step_1	0.9247787038127782	0.025	3	0	0	0	78949.50720629444	24304.75036368311	0.06696501877922856	-1.7496500308418683	182
half_step_2	0.9497787038127782	0.025	1	0	0	0	78949.50720629444	250	0	0	0
full_step	0.9247787038127782	0.025	3	0	0	0	78949.50720629444	24312.636402678098	0.06696501877922856	-1.7496500308418683	182
half_step_1	0.9247787038127782	0.0125	3	0	0	0	78949.50720629444	19198.909192437477	0.06696501877922856	-1.7496500308418683	182
half_step_2	0.9372787038127781	0.0125	2	4	3	2	78949.50720629444	17164.283837117142	0	-1.8528421580415253	150
full_step	0.9497787038127782	0.09999999999999998	2	2	2	1	78949.50720629444	44978.76674821527	0	-1.8486697140085546	171
full_step	0.9497787038127782	0.04999999999999999	2	0	0	0	78949.50720629444	36769.30257758796	0	-1.8486697140085546	171
half_step_1	0.9497787038127782	0.024999999999999994	2	0	0	0	78949.50720629444	31369.829710222606	0	-1.8486697140085546	171
half_step_2	0.9747787038127782	0.024999999999999994	1	0	0	0	78949.50720629444	250	0	0	0
full_step	0.9497787038127782	0.024999999999999994	2	0	0	0	78949.50720629444	32104.097550340146	0	-1.8486697140085546	171
half_step_1	0.9497787038127782	0.012499999999999997	2	0	0	0	78949.50720629444	22260.03420102116	0	-1.8486697140085546	171
half_step_2	0.9622787038127781	0.012499999999999997	1	0	0	0	78949.50720629444	250	0	0	0
full_step	0.9497787038127782	0.012499999999999997	3	0	0	0	78949.50720629444	21748.137986113583	0	-1.8486697140085546	171
half_step_1	0.9497787038127782	0.006249999999999999	1	3	3	3	78949.50720629444	5818.984375590231	0	-1.8486697140085546	171
half_step_2	0.9560287038127782	0.006249999999999999	2	8	8	4	78949.50720629444	9786.210782846325	0	-1.8084867517299057	237
full_step	0.9622787038127781	0.062499999999999986	2	0	0	0	78949.50720629444	24768.640995066264	0.2997899743149901	-1.7389844261153107	218
half_step_1	0.9622787038127781	0.031249999999999993	2	0	0	0	78949.50720629444	22876.98727119378	0.2997899743149901	-1.7389844261153107	218
half_step_2	0.9935287038127781	0.031249999999999993	1	0	0	0	78949.50720629444	250	0	0	0
full_step	0.9622787038127781	0.031249999999999993	3	0	0	0	78949.50720629444	22670.318162062013	0.2997899743149901	-1.7389844261153107	218
half_step_1	0.9622787038127781	0.015624999999999997	2	0	0	0	78949.50720629444	19110.914820126145	0.2997899743149901	-1.7389844261153107	218
half_step_2	0.9779037038127781	0.015624999999999997	1	0	0	0	78949.50720629444	250	0	0	0
full_step	0.9622787038127781	0.015624999999999997	3	0	0	0	78949.50720629444	19012.098915606908	0.2997899743149901	-1.7389844261153107	218
half_step_1	0.9622787038127781	0.007812499999999998	3	0	0	0	78949.50720629444	15090.178249775267	0.2997899743149901	-1.7389844261153107	218
half_step_2	0.9700912038127781	0.007812499999999998	2	8	8	4	78949.50720629444	10909.81240066083	0	-1.8082984997754612	159
full_step	0.9779037038127781	0.07812499999999999	3	0	0	0	78949.50720629444	37248.39448158063	1.0999467487181391	-1.6847859912961358	208
half_step_1	0.9779037038127781	0.03906249999999999	2	0	0	0	78949.50720629444	29817.365238536484	1.0999467487181391	-1.6847859912961358	208
half_step_2	1.016966203812778	0.03906249999999999	1	0	0	0	78949.50720629444	250	0	0	0
full_step	0.9779037038127781	0.03906249999999999	3	0	0	0	78949.50720629444	29773.596082083255	1.0999467487181391	-1.6847859912961358	208
half_step_1	0.9779037038127781	0.019531249999999997	3	2	2	0.6666666666666666	78949.50720629444	23597.48307542152	1.0999467487181391	-1.6847859912961358	208
half_step_2	0.9974349538127781	0.019531249999999997	1	0	0	0	78949.50720629444	250	0	0	0
full_step	0.9779037038127781	0.019531249999999997	3	0	0	0	78949.50720629444	23170.20722727825	1.0999467487181391	-1.6847859912961358	208
half_step_1	0.9779037038127781	0.009765624999999998	5	5	3	1	78949.50720629444	16798.93621271433	1.0999467487181391	-1.6847859912961358	208
half_step_2	0.9876693288127781	0.009765624999999998	1	2	2	2	78949.50720629444	13491.525419093385	0	-1.9327769370064805	82
full_step	0.9974349538127781	0.09765624999999999	2	5	4	2.5	78949.50720629444	15942.48089954126	0	-1.9855024173259466	49
full_step	0.9974349538127781	0.04882812499999999	2	5	4	2.5	78949.50720629444	14093.253405145493	0	-1.9855024173259466	49
full_step	0.9974349538127781	0.024414062499999997	2	8	7	4	78949.50720629444	13133.374348216494	0	-1.9855024173259466	49
full_step	0.9974349538127781	0.012207031249999998	2	7	6	3.5	78949.50720629444	12759.194180947854	0	-1.9855024173259466	49
full_step	0.9974349538127781	0.006103515624999999	2	7	6	3.5	78949.50720629444	10649.012153044176	0	-1.9855024173259466	49
half_step_1	0.9974349538127781	0.0030517578124999996	1	7	7	7	78949.50720629444	250	0	-1.9855024173259466	49
half_step_2	1.000486711625278	0.0030517578124999996	3	0	0	0	78949.50720629444	17144.660867237002	0	-1.7515110265015548	238
full_step	1.003538469437778	0.030517578124999997	3	0	0	0	78949.50720629444	29875.9407521856	0.3567588140285807	-1.7492795332269635	263
half_step_1	1.003538469437778	0.015258789062499998	2	0	0	0	78949.50720629444	27018.54436379086	0.3567588140285807	-1.7492795332269635	263
half_step_2	1.018797258500278	0.015258789062499998	1	0	0	0	78949.50720629444	250	0	0	0
full_step	1.003538469437778	0.015258789062499998	3	0	0	0	78949.50720629444	26677.77737886034	0.3567588140285807	-1.7492795332269635	263
half_step_1	1.003538469437778	0.007629394531249999	2	0	0	0	78949.50720629444	23727.39403938797	0.3567588140285807	-1.7492795332269635	263
half_step_2	1.011167863969028	0.007629394531249999	2	9	8	4.5	78949.50720629444	14181.892652350285	0	-1.793486092397591	205
full_step	1.018797258500278	0.07629394531249999	2	0	0	0	78949.50720629444	29654.04976014157	0.6441691107884253	-1.7764674114208228	251
full_step	1.018797258500278	0.03814697265624999	3	0	0	0	78949.50720629444	27288.84343231064	0.6441691107884253	-1.7764674114208228	251
half_step_1	1.018797258500278	0.019073486328124997	2	0	0	0	78949.50720629444	23610.585233186746	0.6441691107884253	-1.7764674114208228	251
half_step_2	1.037870744828403	0.019073486328124997	1	0	0	0	78949.50720629444	250	0	0	0
full_step	1.018797258500278	0.019073486328124997	3	0	0	0	78949.50720629444	23009.06273025556	0.6441691107884253	-1.7764674114208228	251
half_step_1	1.018797258500278	0.009536743164062498	3	0	0	0	78949.50720629444	19787.5756303709	0.6441691107884253	-1.7764674114208228	251
half_step_2	1.0283340016643405	0.009536743164062498	2	9	8	4.5	78949.50720629444	9395.282261484545	0	-1.8266252672222218	140
full_step	1.018797258500278	0.009536743164062498	3	0	0	0	78949.50720629444	20040.270020738382	0.6441691107884253	-1.7764674114208228	251
half_step_1	1.018797258500278	0.004768371582031249	3	0	0	0	78949.50720629444	9260.244487188182	0.6441691107884253	-1.7764674114208228	251
half_step_2	1.0235656300823093	0.004768371582031249	3	13	7	4.333333333333333	78949.50720629444	7917.240173044622	0.9509040321227076	-1.6788532933148588	160
full_step	1.0283340016643405	0.04768371582031249	3	0	0	0	78949.50720629444	18662.016640482034	0.49878884608369844	-1.7187111097872003	212
half_step_1	1.0283340016643405	0.023841857910156247	3	0	0	0	78949.50720629444	16997.43178772004	0.49878884608369844	-1.7187111097872003	212
half_step_2	1.0521758595744968	0.023841857910156247	1	0	0	0	78949.50720629444	250	0	0	0
full_step	1.0283340016643405	0.023841857910156247	3	0	0	0	78949.50720629444	17001.899252006144	0.49878884608369844	-1.7187111097872003	212
half_step_1	1.0283340016643405	0.011920928955078123	2	0	0	0	78949.50720629444	16739.523271070568	0.49878884608369844	-1.7187111097872003	212
half_step_2	1.0402549306194186	0.011920928955078123	1	0	0	0	78949.50720629444	250	0	0	0
full_step	1.0283340016643405	0.011920928955078123	3	0	0	0	78949.50720629444	16672.768732710825	0.49878884608369844	-1.7187111097872003	212
half_step_1	1.0283340016643405	0.005960464477539062	2	7	7	3.5	78949.50720629444	16662.949363607968	0.49878884608369844	-1.7187111097872003	212
half_step_2	1.0342944661418796	0.005960464477539062	2	9	7	4.5	78949.50720629444	12424.876269230146	0	-1.8069920361556455	110
full_step	1.0402549306194186	0.05960464477539062	2	3	3	1.5	78949.50720629444	36716.94576969298	0.049175858723174315	-1.8129882394214882	172
full_step	1.0402549306194186	0.02980232238769531	2	3	3	1.5	78949.50720629444	31388.787563912316	0.049175858723174315	-1.8129882394214882	172
full_step	1.0402549306194186	0.014901161193847655	2	3	3	1.5	78949.50720629444	13794.072562381061	0.049175858723174315	-1.8129882394214882	172
half_step_1	1.0402549306194186	0.007450580596923827	1	3	3	3	78949.50720629444	5857.156948408544	0.049175858723174315	-1.8129882394214882	172
half_step_2	1.0477055112163425	0.007450580596923827	3	0	0	0	78949.50720629444	17556.410185987206	0.279703483247431	-1.7409476273220637	222
full_step	1.0551560918132663	0.07450580596923827	2	6	4	3	78949.50720629444	34948.04891042687	0.2254705068662588	-1.764079734605655	161
full_step	1.0551560918132663	0.037252902984619134	2	5	3	2.5	78949.50720629444	26051.481299194744	0.2254705068662588	-1.764079734605655	161
full_step	1.0551560918132663	0.018626451492309567	2	5	3	2.5	78949.50720629444	16932.59210755829	0.2254705068662588	-1.764079734605655	161
half_step_1	1.0551560918132663	0.009313225746154783	1	3	3	3	78949.50720629444	4837.5911037146225	0.2254705068662588	-1.764079734605655	161
half_step_2	1.064469317559421	0.009313225746154783	4	10	7	2.5	78949.50720629444	18784.985338275645	1.225667167795109	-1.6572384782456515	228
full_step	1.0737825433055759	0.09313225746154784	2	3	3	1.5	78949.50720629444	24679.489298926157	0	-1.831424097189445	196
full_step	1.0737825433055759	0.04656612873077392	2	1	1	0.5	78949.50720629444	19177.235165135473	0	-1.831424097189445	196
half_step_1	1.0737825433055759	0.02328306436538696	2	0	0	0	78949.50720629444	17323.370457466706	0	-1.831424097189445	196
half_step_2	1.0970656076709628	0.02328306436538696	1	0	0	0	78949.50720629444	250	0	0	0
full_step	1.0737825433055759	0.02328306436538696	2	0	0	0	78949.50720629444	17318.661572583387	0	-1.831424097189445	196
half_step_1	1.0737825433055759	0.01164153218269348	1	0	0	0	78949.50720629444	16250.754974032992	0	-1.831424097189445	196
half_step_2	1.0854240754882694	0.01164153218269348	1	0	0	0	78949.50720629444	250	0	0	0
full_step	1.0737825433055759	0.01164153218269348	2	0	0	0	78949.50720629444	16057.53334825983	0	-1.831424097189445	196
half_step_1	1.0737825433055759	0.00582076609134674	1	4	4	4	78949.50720629444	250	0	-1.831424097189445	196
half_step_2	1.0796033093969226	0.00582076609134674	2	8	7	4	78949.50720629444	11084.43999808213	0	-1.7900737270356215	129
full_step	1.0854240754882694	0.0582076609134674	2	3	3	1.5	78949.50720629444	32532.409692006473	0.05662907189434918	-1.7419317536763557	171
full_step	1.0854240754882694	0.0291038304567337	2	4	3	2	78949.50720629444	25085.286111244128	0.05662907189434918	-1.7419317536763557	171
full_step	1.0854240754882694	0.01455191522836685	2	3	3	1.5	78949.50720629444	11733.350933935564	0.05662907189434918	-1.7419317536763557	171
full_step	1.0854240754882694	0.007275957614183425	1	2	2	2	78949.50720629444	5874.378135187381	0.05662907189434918	-1.7419317536763557	171
half_step_1	1.0854240754882694	0.0036379788070917125	1	6	6	6	78949.50720629444	258.4421659865636	0.05662907189434918	-1.7419317536763557	171
half_step_2	1.089062054295361	0.0036379788070917125	3	0	0	0	78949.50720629444	11799.744512834844	0.1515129006420466	-1.7073984108475144	232
full_step	1.0927000331024528	0.03637978807091712	2	2	2	1	78949.50720629444	34061.6727462773	0.8361490693259839	-1.7625220326337852	269
half_step_1	1.0927000331024528	0.01818989403545856	3	0	0	0	78949.50720629444	25541.80441335447	0.8361490693259839	-1.7625220326337852	269
half_step_2	1.1108899271379113	0.01818989403545856	1	0	0	0	78949.50720629444	250	0	0	0
full_step	1.0927000331024528	0.01818989403545856	3	0	0	0	78949.50720629444	25575.764806837993	0.8361490693259839	-1.7625220326337852	269
half_step_1	1.0927000331024528	0.00909494701772928	2	0	0	0	78949.50720629444	20494.92061181013	0.8361490693259839	-1.7625220326337852	269
half_step_2	1.101794980120182	0.00909494701772928	2	10	8	5	78949.50720629444	7289.8571924917915	0	-1.8368796615197274	167
full_step	1.1108899271379113	0.09094947017729281	2	2	2	1	78949.50720629444	31350.75775267128	1.5077665756089118	-1.568963216520632	177
full_step	1.1108899271379113	0.045474735088646405	2	0	0	0	78949.50720629444	28518.774107950812	1.5077665756089118	-1.568963216520632	177
half_step_1	1.1108899271379113	0.022737367544323202	4	12	6	3	78949.50720629444	21290.73862097446	1.5077665756089118	-1.568963216520632	177
half_step_2	1.1336272946822346	0.022737367544323202	2	4	4	2	78949.50720629444	11800.961238610524	0	-1.8426175437182832	110
full_step	1.1108899271379113	0.022737367544323202	5	15	6	3	78949.50720629444	20958.199626582296	1.5077665756089118	-1.568963216520632	177
half_step_1	1.1108899271379113	0.011368683772161601	4	11	11	2.75	78949.50720629444	12709.549130250316	1.5077665756089118	-1.568963216520632	177
half_step_2	1.122258610910073	0.011368683772161601	2	0	0	0	78949.50720629444	31067.900611029545	0	-1.7795318419438193	207
full_step	1.1336272946822346	0.1	1	0	0	0	78949.50720629444	250	0	0	0
full_step	1.1336272946822346	0.05	1	0	0	0	78949.50720629444	250	0	0	0
full_step	1.1336272946822346	0.025	1	0	0	0	78949.50720629444	250	0	0	0
full_step	1.1336272946822346	0.0125	1	0	0	0	78949.50720629444	250	0	0	0
full_step	1.1336272946822346	0.00625	1	0	0	0	78949.50720629444	250	0	0	0
full_step	1.1336272946822346	0.003125	1	0	0	0	78949.50720629444	250	0	0	0
full_step	1.1336272946822346	0.0015625	1	0	0	0	78949.50720629444	250	0	0	0
half_step_1	1.1336272946822346	0.00078125	0	0	0	0	78949.50720629444	250	0	0	0
half_step_2	1.1344085446822345	0.00078125	0	0	0	0	78949.50720629444	250	0	0	0
full_step	1.1351897946822345	0.0078125	3	0	0	0	78949.50720629444	17949.300435205714	0	-1.8680083847191775	104
half_step_1	1.1351897946822345	0.00390625	3	0	0	0	78949.50720629444	15603.512444301612	0	-1.8680083847191775	104
half_step_2	1.1390960446822345	0.00390625	1	4	4	4	78949.50720629444	1450.342907432451	0	-1.7353291842796827	135
full_step	1.1430022946822345	0.0390625	3	10	4	3.3333333333333335	78949.50720629444	19892.086532283716	0.6796132406070683	-1.6645798937095206	136
full_step	1.1430022946822345	0.01953125	4	13	5	3.25	78949.50720629444	13500.894968750212	0.6796132406070683	-1.6645798937095206	136
half_step_1	1.1430022946822345	0.009765625	3	12	6	4	78949.50720629444	11999.365129803677	0.6796132406070683	-1.6645798937095206	136
half_step_2	1.1527679196822345	0.009765625	3	0	0	0	78949.50720629444	13958.898094692211	0.19200307524442906	-1.6595305204921271	199
full_step	1.1625335446822345	0.09765625	2	6	5	3	78949.50720629444	51416.73768688348	0	-1.8133941072641684	197
full_step	1.1625335446822345	0.048828125	2	5	5	2.5	78949.50720629444	48622.160049096674	0	-1.8133941072641684	197
full_step	1.1625335446822345	0.0244140625	2	9	8	4.5	78949.50720629444	14385.014610472817	0	-1.8133941072641684	197
full_step	1.1625335446822345	0.01220703125	2	9	8	4.5	78949.50720629444	9936.28592475847	0	-1.8133941072641684	197
full_step	1.1625335446822345	0.006103515625	1	7	7	7	78949.50720629444	250	0	-1.8133941072641684	197
half_step_1	1.1625335446822345	0.0030517578125	1	5	5	5	78949.50720629444	250	0	-1.8133941072641684	197
half_step_2	1.1655853024947345	0.0030517578125	6	31	12	5.166666666666667	78949.50720629444	11490.623316930525	0.4494828535534907	-1.6080883449387031	295
full_step	1.1686370603072345	0.030517578125	2	2	2	1	78949.50720629444	22959.07473909149	0.8564147226352361	-1.6139832228947264	184
half_step_1	1.1686370603072345	0.0152587890625	2	4	4	2	78949.50720629444	18752.780618111086	0.8564147226352361	-1.6139832228947264	184
half_step_2	1.1838958493697345	0.0152587890625	2	5	4	2.5	78949.50720629444	23597.49775660989	0	-1.8461861382769331	120
full_step	1.1991546384322345	0.1	2	4	3	2	78949.50720629444	18412.94778907733	0	-1.8184716730199535	59
full_step	1.1991546384322345	0.05	2	4	3	2	78949.50720629444	16476.922760301823	0	-1.8184716730199535	59
full_step	1.1991546384322345	0.025	2	2	2	1	78949.50720629444	15010.530066396741	0	-1.8184716730199535	59
full_step	1.1991546384322345	0.0125	1	3	3	3	78949.50720629444	8568.880130525258	0	-1.8184716730199535	59
half_step_1	1.1991546384322345	0.00625	1	3	3	3	78949.50720629444	3582.844239347197	0	-1.8184716730199535	59
half_step_2	1.2054046384322346	0.00625	2	11	7	5.5	78949.50720629444	7528.769370314893	0.4592966171421722	-1.7347971503972062	171
full_step	1.2116546384322344	0.0625	2	0	0	0	78949.50720629444	38121.52089435838	0.8438090535364609	-1.7204070274943613	265
half_step_1	1.2116546384322344	0.03125	2	0	0	0	78949.50720629444	32010.44117175497	0.8438090535364609	-1.7204070274943613	265
half_step_2	1.2429046384322344	0.03125	1	0	0	0	78949.50720629444	250	0	0	0
full_step	1.2116546384322344	0.03125	3	0	0	0	78949.50720629444	31791.101961055218	0.8438090535364609	-1.7204070274943613	265
half_step_1	1.2116546384322344	0.015625	3	0	0	0	78949.50720629444	26196.995000584007	0.8438090535364609	-1.7204070274943613	265
half_step_2	1.2272796384322344	0.015625	2	3	3	1.5	78949.50720629444	10900.875909782526	0	-1.9275849002828491	41
full_step	1.2429046384322344	0.1	2	2	2	1	78949.50720629444	29482.76295745326	0	-1.8566113521535372	104
full_step	1.2429046384322344	0.05	1	0	0	0	78949.50720629444	26919.609874277154	0	-1.8566113521535372	104
half_step_1	1.2429046384322344	0.025	2	0	0	0	78949.50720629444	24311.24477877809	0	-1.8566113521535372	104
half_step_2	1.2679046384322343	0.025	1	0	0	0	78949.50720629444	250	0	0	0
full_step	1.2429046384322344	0.025	2	0	0	0	78949.50720629444	24311.297151196017	0	-1.8566113521535372	104
half_step_1	1.2429046384322344	0.0125	2	0	0	0	78949.50720629444	19730.8635813731	0	-1.8566113521535372	104
half_step_2	1.2554046384322344	0.0125	1	0	0	0	78949.50720629444	250	0	0	0
full_step	1.2429046384322344	0.0125	2	0	0	0	78949.50720629444	19751.85810234289	0	-1.8566113521535372	104
half_step_1	1.2429046384322344	0.00625	1	2	2	2	78949.50720629444	6610.413283546733	0	-1.8566113521535372	104
half_step_2	1.2491546384322345	0.00625	2	9	8	4.5	78949.50720629444	8262.80069000355	0	-1.787953588702192	128
full_step	1.2554046384322344	0.0625	2	2	2	1	78949.50720629444	18003.951172989957	0.3189809223604243	-1.7206179036628517	161
full_step	1.2554046384322344	0.03125	2	0	0	0	78949.50720629444	12894.001786344776	0.3189809223604243	-1.7206179036628517	161
half_step_1	1.2554046384322344	0.015625	2	0	0	0	78949.50720629444	9900.705774912587	0.3189809223604243	-1.7206179036628517	161
half_step_2	1.2710296384322344	0.015625	2	5	5	2.5	78949.50720629444	14262.844412062115	0	-1.8289753150456352	56
full_step	1.2554046384322344	0.015625	3	0	0	0	78949.50720629444	9817.212844219337	0.3189809223604243	-1.7206179036628517	161
half_step_1	1.2554046384322344	0.0078125	3	0	0	0	78949.50720629444	9146.396050020854	0.3189809223604243	-1.7206179036628517	161
half_step_2	1.2632171384322344	0.0078125	2	8	5	4	78949.50720629444	8490.5362221081	0.4947756863311952	-1.7744674387811654	69
full_step	1.2710296384322344	0.078125	2	0	0	0	78949.50720629444	24681.803541139612	0.6460002030762553	-1.7352838462227256	147
full_step	1.2710296384322344	0.0390625	3	0	0	0	78949.50720629444	20468.13797954243	0.6460002030762553	-1.7352838462227256	147
half_step_1	1.2710296384322344	0.01953125	2	0	0	0	78949.50720629444	19431.371580663283	0.6460002030762553	-1.7352838462227256	147
half_step_2	1.2905608884322344	0.01953125	1	0	0	0	78949.50720629444	250	0	0	0
full_step	1.2710296384322344	0.01953125	3	0	0	0	78949.50720629444	19302.130653040003	0.6460002030762553	-1.7352838462227256	147
half_step_1	1.2710296384322344	0.009765625	5	11	4	2.2	78949.50720629444	14364.881493194725	0.6460002030762553	-1.7352838462227256	147
half_step_2	1.2807952634322344	0.009765625	2	8	7	4	78949.50720629444	14106.426391904635	0	-1.8023148231277923	109
full_step	1.2905608884322344	0.09765625	2	5	3	2.5	78949.50720629444	36643.92520900116	0.7976124975884886	-1.7672834415191976	136
full_step	1.2905608884322344	0.048828125	2	4	2	2	78949.50720629444	14854.346515980536	0.7976124975884886	-1.7672834415191976	136
full_step	1.2905608884322344	0.0244140625	3	8	4	2.6666666666666665	78949.50720629444	10915.701540052572	0.7976124975884886	-1.7672834415191976	136
full_step	1.2905608884322344	0.01220703125	3	9	6	3	78949.50720629444	8277.949889430043	0.7976124975884886	-1.7672834415191976	136
half_step_1	1.2905608884322344	0.006103515625	3	10	9	3.3333333333333335	78949.50720629444	7206.62794285012	0.7976124975884886	-1.7672834415191976	136
half_step_2	1.2966644040572344	0.006103515625	2	6	3	3	78949.50720629444	4029.7912628099066	1.7979880693492305	-1.6999609222646022	63
full_step	1.3027679196822344	0.06103515625	3	0	0	0	78949.50720629444	25326.341532260954	1.5064256570767611	-1.7010668258257367	230
half_step_1	1.3027679196822344	0.030517578125	3	7	7	2.3333333333333335	78949.50720629444	22634.97009181896	1.5064256570767611	-1.7010668258257367	230
half_step_2	1.3332854978072344	0.030517578125	1	0	0	0	78949.50720629444	250	0	0	0
full_step	1.3027679196822344	0.030517578125	2	0	0	0	78949.50720629444	22730.1857792099	1.5064256570767611	-1.7010668258257367	230
half_step_1	1.3027679196822344	0.0152587890625	3	0	0	0	78949.50720629444	14604.007177744224	1.5064256570767611	-1.7010668258257367	230
half_step_2	1.3180267087447344	0.0152587890625	2	7	7	3.5	78949.50720629444	9125.192724343304	0	-1.9792570365381374	34
full_step	1.3027679196822344	0.0152587890625	3	0	0	0	78949.50720629444	14629.273918763553	1.5064256570767611	-1.7010668258257367	230
half_step_1	1.3027679196822344	0.00762939453125	2	0	0	0	78949.50720629444	13997.516768529347	1.5064256570767611	-1.7010668258257367	230
half_step_2	1.3103973142134844	0.00762939453125	2	10	8	5	78949.50720629444	7817.910885413235	0.82415999998193	-1.6928735678972118	114
full_step	1.3180267087447344	0.0762939453125	2	3	3	1.5	78949.50720629444	24181.945328495687	0.6512414450698998	-1.7316330524363222	139
full_step	1.3180267087447344	0.03814697265625	2	0	0	0	78949.50720629444	13479.409714806721	0.6512414450698998	-1.7316330524363222	139
full_step	1.3180267087447344	0.019073486328125	2	0	0	0	78949.50720629444	11412.144708249318	0.6512414450698998	-1.7316330524363222	139
half_step_1	1.3180267087447344	0.0095367431640625	2	0	0	0	78949.50720629444	8998.704118572741	0.6512414450698998	-1.7316330524363222	139
half_step_2	1.3275634519087969	0.0095367431640625	2	9	6	4.5	78949.50720629444	8484.251697063077	0.0421561406346882	-1.784705775344103	62
full_step	1.3371001950728594	0.095367431640625	2	2	2	1	78949.50720629444	28117.820173136075	0.41997780473502644	-1.7080096630723407	145
full_step	1.3371001950728594	0.0476837158203125	3	0	0	0	78949.50720629444	20241.377670169728	0.41997780473502644	-1.7080096630723407	145
half_step_1	1.3371001950728594	0.02384185791015625	3	7	4	2.3333333333333335	78949.50720629444	17381.321381872443	0.41997780473502644	-1.7080096630723407	145
half_step_2	1.3609420529830156	0.02384185791015625	2	3	3	1.5	78949.50720629444	14143.764081727206	0	-1.8176356444603554	54
full_step	1.3371001950728594	0.02384185791015625	3	5	5	1.6666666666666667	78949.50720629444	17456.030227784482	0.41997780473502644	-1.7080096630723407	145
half_step_1	1.3371001950728594	0.011920928955078125	3	3	3	1	78949.50720629444	13423.861733071033	0.41997780473502644	-1.7080096630723407	145
half_step_2	1.3490211240279375	0.011920928955078125	2	8	7	4	78949.50720629444	12577.848823389892	0	-1.7810002335378863	109
full_step	1.3371001950728594	0.011920928955078125	4	8	5	2	78949.50720629444	13425.94703455715	0.41997780473502644	-1.7080096630723407	145
half_step_1	1.3371001950728594	0.0059604644775390625	2	3	3	1.5	78949.50720629444	13182.471819031143	0.41997780473502644	-1.7080096630723407	145
half_step_2	1.3430606595503984	0.0059604644775390625	2	5	3	2.5	78949.50720629444	5493.8254083010615	1.3314928044692351	-1.6859763604477334	98
full_step	1.3490211240279375	0.059604644775390625	2	0	0	0	78949.50720629444	19393.86999570051	1.7201420575293014	-1.6887503824742602	146
full_step	1.3490211240279375	0.029802322387695312	3	0	0	0	78949.50720629444	15089.933099945265	1.7201420575293014	-1.6887503824742602	146
half_step_1	1.3490211240279375	0.014901161193847656	2	0	0	0	78949.50720629444	12663.286888396522	1.7201420575293014	-1.6887503824742602	146
half_step_2	1.3639222852217852	0.014901161193847656	2	7	7	3.5	78949.50720629444	14874.492090488076	0	-1.8640989155612517	58
full_step	1.3490211240279375	0.014901161193847656	3	0	0	0	78949.50720629444	12143.392425373015	1.7201420575293014	-1.6887503824742602	146
half_step_1	1.3490211240279375	0.007450580596923828	3	7	5	2.3333333333333335	78949.50720629444	12300.773257048795	1.7201420575293014	-1.6887503824742602	146
half_step_2	1.3564717046248613	0.007450580596923828	2	7	7	3.5	78949.50720629444	7493.7434691278	0	-1.7753945762316985	59
full_step	1.3639222852217852	0.07450580596923828	2	3	3	1.5	78949.50720629444	17854.857223374358	0.9740017205822369	-1.7294866551080894	61
full_step	1.3639222852217852	0.03725290298461914	2	3	3	1.5	78949.50720629444	16329.808283803162	0.9740017205822369	-1.7294866551080894	61
full_step	1.3639222852217852	0.01862645149230957	2	3	3	1.5	78949.50720629444	9764.063425396012	0.9740017205822369	-1.7294866551080894	61
full_step	1.3639222852217852	0.009313225746154785	2	10	6	5	78949.50720629444	6506.138562704407	0.9740017205822369	-1.7294866551080894	61
full_step	1.3639222852217852	0.004656612873077393	3	12	7	4	78949.50720629444	3482.1121076243126	0.9740017205822369	-1.7294866551080894	61
half_step_1	1.3639222852217852	0.0023283064365386963	2	9	6	4.5	78949.50720629444	2036.296352357205	0.9740017205822369	-1.7294866551080894	61
half_step_2	1.3662505916583239	0.0023283064365386963	4	0	0	0	78949.50720629444	31726.540981991722	1.4824462400720222	-1.6885380908499186	146
full_step	1.3685788980948626	0.023283064365386963	3	0	0	0	78949.50720629444	22202.274419505557	0.7828528265017667	-1.699597333037693	164
half_step_1	1.3685788980948626	0.011641532182693481	2	0	0	0	78949.50720629444	15804.095427735674	0.7828528265017667	-1.699597333037693	164
half_step_2	1.380220430277556	0.011641532182693481	2	8	8	4	78949.50720629444	15746.12563459829	0	-1.7831778835788297	120
full_step	1.3685788980948626	0.011641532182693481	3	0	0	0	78949.50720629444	14745.531715665742	0.7828528265017667	-1.699597333037693	164
half_step_1	1.3685788980948626	0.005820766091346741	1	2	2	2	78949.50720629444	12187.232553019521	0.7828528265017667	-1.699597333037693	164
half_step_2	1.3743996641862093	0.005820766091346741	2	7	5	3.5	78949.50720629444	6561.134434854223	0.8867023667316971	-1.660822063627173	121
full_step	1.380220430277556	0.05820766091346741	2	3	3	1.5	78949.50720629444	28984.407412883247	1.3194457984536712	-1.6460866353785437	119
full_step	1.380220430277556	0.029103830456733704	2	3	3	1.5	78949.50720629444	15955.32477005407	1.3194457984536712	-1.6460866353785437	119
full_step	1.380220430277556	0.014551915228366852	2	3	3	1.5	78949.50720629444	12303.136545251933	1.3194457984536712	-1.6460866353785437	119
full_step	1.380220430277556	0.007275957614183426	1	3	3	3	78949.50720629444	5827.158247112369	1.3194457984536712	-1.6460866353785437	119
half_step_1	1.380220430277556	0.003637978807091713	1	3	3	3	78949.50720629444	11417.688347352187	1.3194457984536712	-1.6460866353785437	119
half_step_2	1.3838584090846477	0.003637978807091713	2	0	0	0	78949.50720629444	7407.2954456936795	1.1330778139854374	-1.6742183278644396	146
full_step	1.3874963878917395	0.03637978807091713	2	3	3	1.5	78949.50720629444	13493.63470616414	0.6891915227042773	-1.6603647561672117	147
full_step	1.3874963878917395	0.018189894035458565	2	0	0	0	78949.50720629444	11346.866620698076	0.6891915227042773	-1.6603647561672117	147
half_step_1	1.3874963878917395	0.009094947017729282	2	0	0	0	78949.50720629444	8818.467427203392	0.6891915227042773	-1.6603647561672117	147
half_step_2	1.3965913349094687	0.009094947017729282	2	3	3	1.5	78949.50720629444	7268.329361293036	1.1743549627790344	-1.7022376110527402	52
full_step	1.405686281927198	0.09094947017729282	3	0	0	0	78949.50720629444	28674.072073272873	1.9405485095485346	-1.6170727556761324	141
full_step	1.405686281927198	0.04547473508864641	2	0	0	0	78949.50720629444	23715.733847284606	1.9405485095485346	-1.6170727556761324	141
full_step	1.405686281927198	0.022737367544323206	3	4	4	1.3333333333333333	78949.50720629444	14185.94960869245	1.9405485095485346	-1.6170727556761324	141
half_step_1	1.405686281927198	0.011368683772161603	3	0	0	0	78949.50720629444	12700.56079333198	1.9405485095485346	-1.6170727556761324	141
half_step_2	1.4170549656993596	0.011368683772161603	2	4	4	2	78949.50720629444	6587.411502950438	0.4109209483904124	-1.7141109490862234	105
full_step	1.405686281927198	0.011368683772161603	3	4	4	1.3333333333333333	78949.50720629444	12798.463884596733	1.9405485095485346	-1.6170727556761324	141
half_step_1	1.405686281927198	0.0056843418860808015	2	0	0	0	78949.50720629444	14468.361966523384	1.9405485095485346	-1.6170727556761324	141
full_step	1.405686281927198	0.0056843418860808015	3	4	4	1.3333333333333333	78949.50720629444	10213.629504963128	1.9405485095485346	-1.6170727556761324	141
full_step	1.405686281927198	0.0028421709430404007	3	7	4	2.3333333333333335	78949.50720629444	16113.340676082502	1.9405485095485346	-1.6170727556761324	141
full_step	1.405686281927198	0.0014210854715202004	3	6	3	2	78949.50720629444	24336.64627294208	1.9405485095485346	-1.6170727556761324	141
half_step_1	1.405686281927198	0.0007105427357601002	3	0	0	0	78949.50720629444	58055.07115903861	1.9405485095485346	-1.6170727556761324	141
half_step_2	1.4063968246629581	0.0007105427357601002	2	0	0	0	78949.50720629444	27073.95212800449	1.3909877886544564	-1.6925989655474065	141
full_step	1.4071073673987182	0.007105427357601002	2	7	7	3.5	78949.50720629444	10794.958223334404	0.6142225922412763	-1.7498815742863432	118
half_step_1	1.4071073673987182	0.003552713678800501	1	3	3	3	78949.50720629444	2314.1042777237712	0.6142225922412763	-1.7498815742863432	118
half_step_2	1.4106600810775187	0.003552713678800501	2	6	4	3	78949.50720629444	4806.322541223437	1.0484618378795858	-1.6823993351932454	108
full_step	1.4142127947563192	0.03552713678800501	3	0	0	0	78949.50720629444	15699.999331643512	1.6008423092862358	-1.644280481910777	109
full_step	1.4142127947563192	0.017763568394002505	2	0	0	0	78949.50720629444	13947.85213493307	1.6008423092862358	-1.644280481910777	109
full_step	1.4142127947563192	0.008881784197001252	2	0	0	0	78949.50720629444	8831.780318135266	1.6008423092862358	-1.644280481910777	109
half_step_1	1.4142127947563192	0.004440892098500626	2	0	0	0	78949.50720629444	11654.627996609846	1.6008423092862358	-1.644280481910777	109
half_step_2	1.4186536868548199	0.004440892098500626	3	0	0	0	78949.50720629444	8877.560993341793	1.1219137541920645	-1.686731056002453	155
full_step	1.4230945789533205	0.04440892098500626	2	3	3	1.5	78949.50720629444	14968.043568153236	1.1629007842730061	-1.7095941862557869	142
full_step	1.4230945789533205	0.02220446049250313	2	2	2	1	78949.50720629444	13146.588437866332	1.1629007842730061	-1.7095941862557869	142
full_step	1.4230945789533205	0.011102230246251565	1	1	1	1	78949.50720629444	8150.178283798793	1.1629007842730061	-1.7095941862557869	142
half_step_1	1.4230945789533205	0.005551115123125783	1	2	2	2	78949.50720629444	6891.614043671866	1.1629007842730061	-1.7095941862557869	142
half_step_2	1.4286456940764463	0.005551115123125783	1	3	3	3	78949.50720629444	5608.71350220626	1.927858544204355	-1.6652239587830668	57
full_step	1.434196809199572	0.05551115123125783	3	0	0	0	78949.50720629444	29790.07839873096	1.9874819047199708	-1.5960480658567424	160
half_step_1	1.434196809199572	0.027755575615628914	4	8	5	2	78949.50720629444	27622.014627830507	1.9874819047199708	-1.5960480658567424	160
half_step_2	1.461952384815201	0.027755575615628914	1	0	0	0	78949.50720629444	250	0	0	0
full_step	1.434196809199572	0.027755575615628914	3	0	0	0	78949.50720629444	27489.17871484446	1.9874819047199708	-1.5960480658567424	160
half_step_1	1.434196809199572	0.013877787807814457	3	0	0	0	78949.50720629444	22751.022028132975	1.9874819047199708	-1.5960480658567424	160
half_step_2	1.4480745970073865	0.013877787807814457	2	8	7	4	78949.50720629444	23934.067359170105	0	-1.8660207193274772	96
full_step	1.434196809199572	0.013877787807814457	3	0	0	0	78949.50720629444	22787.35035982556	1.9874819047199708	-1.5960480658567424	160
half_step_1	1.434196809199572	0.006938893903907228	3	0	0	0	78949.50720629444	21846.383836643483	1.9874819047199708	-1.5960480658567424	160
half_step_2	1.4411357031034793	0.006938893903907228	2	9	7	4.5	78949.50720629444	13443.653534192521	0.5107586250960594	-1.7329119756288864	127
full_step	1.4480745970073865	0.06938893903907228	3	3	3	1	78949.50720629444	30262.741653419165	0.8849819989736716	-1.6702437093654106	121
full_step	1.4480745970073865	0.03469446951953614	2	3	3	1.5	78949.50720629444	23172.43543173691	0.8849819989736716	-1.6702437093654106	121
full_step	1.4480745970073865	0.01734723475976807	2	4	3	2	78949.50720629444	14605.50117526182	0.8849819989736716	-1.6702437093654106	121
full_step	1.4480745970073865	0.008673617379884035	1	3	3	3	78949.50720629444	4520.436028731508	0.8849819989736716	-1.6702437093654106	121
half_step_1	1.4480745970073865	0.004336808689942018	1	3	3	3	78949.50720629444	6395.611516502	0.8849819989736716	-1.6702437093654106	121
half_step_2	1.4524114056973285	0.004336808689942018	2	0	0	0	78949.50720629444	10401.974846111465	0.8961866574718442	-1.6810167078859284	145
full_step	1.4567482143872705	0.04336808689942018	2	2	2	1	78949.50720629444	14925.95849049559	0.7231863383858581	-1.7046436653092236	158
full_step	1.4567482143872705	0.02168404344971009	1	1	1	1	78949.50720629444	12191.375891750156	0.7231863383858581	-1.7046436653092236	158
half_step_1	1.4567482143872705	0.010842021724855044	2	0	0	0	78949.50720629444	9962.08978277737	0.7231863383858581	-1.7046436653092236	158
half_step_2	1.4675902361121256	0.010842021724855044	3	3	3	1	78949.50720629444	6073.6066547251685	1.0304614365322777	-1.690335391717543	53
full_step	1.4567482143872705	0.010842021724855044	2	0	0	0	78949.50720629444	9961.869361498684	0.7231863383858581	-1.7046436653092236	158
half_step_1	1.4567482143872705	0.005421010862427522	1	3	3	3	78949.50720629444	5474.960741550588	0.7231863383858581	-1.7046436653092236	158
half_step_2	1.462169225249698	0.005421010862427522	1	3	3	3	78949.50720629444	5314.434177862823	1.7615542886269395	-1.6511530293684769	52
full_step	1.4567482143872705	0.005421010862427522	1	3	3	3	78949.50720629444	6543.666978174138	0.7231863383858581	-1.7046436653092236	158
half_step_1	1.4567482143872705	0.002710505431213761	1	3	3	3	78949.50720629444	7537.833483540285	0.7231863383858581	-1.7046436653092236	158
half_step_2	1.4594587198184843	0.002710505431213761	1	3	3	3	78949.50720629444	9674.971514860503	1.5638210284687375	-1.7047048794697686	136
full_step	1.4567482143872705	0.002710505431213761	1	2	2	2	78949.50720629444	7465.579815202133	0.7231863383858581	-1.7046436653092236	158
half_step_1	1.4567482143872705	0.0013552527156068805	1	0	0	0	78949.50720629444	14701.069348869294	0.7231863383858581	-1.7046436653092236	158
half_step_2	1.4581034671028774	0.0013552527156068805	1	0	0	0	78949.50720629444	11926.74657361884	0.9847094201923028	-1.71741446584399	147
full_step	1.4594587198184843	0.013552527156068805	2	4	3	2	78949.50720629444	9480.936056809252	1.0552034581578482	-1.70590461218576	56
half_step_1	1.4594587198184843	0.006776263578034403	1	3	3	3	78949.50720629444	4101.219522446273	1.0552034581578482	-1.70590461218576	56
half_step_2	1.4662349833965187	0.006776263578034403	2	4	2	2	78949.50720629444	4287.873578785372	1.6075237476852635	-1.701103007228173	63
full_step	1.473011246974553	0.06776263578034403	2	0	0	0	78949.50720629444	27951.125239743727	1.0843168709634483	-1.6274193334526688	143
full_step	1.473011246974553	0.033881317890172014	2	0	0	0	78949.50720629444	22689.515658168726	1.0843168709634483	-1.6274193334526688	143
half_step_1	1.473011246974553	0.016940658945086007	3	2	2	0.6666666666666666	78949.50720629444	15896.52663013562	1.0843168709634483	-1.6274193334526688	143
half_step_2	1.489951905919639	0.016940658945086007	1	1	1	1	78949.50720629444	12104.911326501318	0	-1.8388861628014115	135
full_step	1.5068925648647251	0.1	1	0	0	0	78949.50720629444	250	0	0	0
full_step	1.5068925648647251	0.05	1	0	0	0	78949.50720629444	250	0	0	0
full_step	1.5068925648647251	0.025	1	0	0	0	78949.50720629444	250	0	0	0
full_step	1.5068925648647251	0.0125	1	0	0	0	78949.50720629444	250	0	0	0
full_step	1.5068925648647251	0.00625	1	0	0	0	78949.50720629444	250	0	0	0
full_step	1.5068925648647251	0.003125	1	0	0	0	78949.50720629444	250	0	0	0
full_step	1.5068925648647251	0.0015625	1	0	0	0	78949.50720629444	250	0	0	0
half_step_1	1.5068925648647251	0.00078125	0	0	0	0	78949.50720629444	250	0	0	0
half_step_2	1.507673814864725	0.00078125	0	0	0	0	78949.50720629444	250	0	0	0
full_step	1.508455064864725	0.0078125	3	0	0	0	78949.50720629444	20880.648298652246	0	-1.87230098587625	119
half_step_1	1.508455064864725	0.00390625	2	0	0	0	78949.50720629444	20759.571632281015	0	-1.87230098587625	119
half_step_2	1.512361314864725	0.00390625	2	8	6	4	78949.50720629444	8639.176846767223	0.03446927791082999	-1.7495512630186951	116
full_step	1.516267564864725	0.0390625	3	3	3	1	78949.50720629444	29233.976628978467	1.2092170366813662	-1.686960857083544	129
full_step	1.516267564864725	0.01953125	3	7	5	2.3333333333333335	78949.50720629444	15955.300961077284	1.2092170366813662	-1.686960857083544	129
full_step	1.516267564864725	0.009765625	4	6	3	1.5	78949.50720629444	14583.623068840163	1.2092170366813662	-1.686960857083544	129
half_step_1	1.516267564864725	0.0048828125	1	6	6	6	78949.50720629444	5725.506573153605	1.2092170366813662	-1.686960857083544	129
half_step_2	1.521150377364725	0.0048828125	2	0	0	0	78949.50720629444	7862.896017624051	1.5488332011973398	-1.6540037541032164	135
full_step	1.526033189864725	0.048828125	2	3	3	1.5	78949.50720629444	19800.56755153902	0.2916992101290816	-1.6905340639802862	158
full_step	1.526033189864725	0.0244140625	1	0	0	0	78949.50720629444	13717.430721973022	0.2916992101290816	-1.6905340639802862	158
half_step_1	1.526033189864725	0.01220703125	2	0	0	0	78949.50720629444	11677.738934353909	0.2916992101290816	-1.6905340639802862	158
half_step_2	1.538240221114725	0.01220703125	3	10	4	3.3333333333333335	78949.50720629444	8620.0733847396	0.5946669554632535	-1.7257699910391697	59
full_step	1.526033189864725	0.01220703125	2	0	0	0	78949.50720629444	11684.634452339478	0.2916992101290816	-1.6905340639802862	158
half_step_1	1.526033189864725	0.006103515625	1	2	2	2	78949.50720629444	7704.353521469312	0.2916992101290816	-1.6905340639802862	158
half_step_2	1.532136705489725	0.006103515625	2	5	3	2.5	78949.50720629444	7092.298048226714	1.3389545972659107	-1.700042067821922	59
full_step	1.538240221114725	0.06103515625	2	3	3	1.5	78949.50720629444	16291.227477961349	1.9005981263417198	-1.6617504479899237	57
full_step	1.538240221114725	0.030517578125	2	3	3	1.5	78949.50720629444	12781.720557203926	1.9005981263417198	-1.6617504479899237	57
full_step	1.538240221114725	0.0152587890625	3	0	0	0	78949.50720629444	8164.776463636384	1.9005981263417198	-1.6617504479899237	57
full_step	1.538240221114725	0.00762939453125	2	0	0	0	78949.50720629444	6553.779663104127	1.9005981263417198	-1.6617504479899237	57
half_step_1	1.538240221114725	0.003814697265625	2	2	2	1	78949.50720629444	8001.733851130599	1.9005981263417198	-1.6617504479899237	57
half_step_2	1.54205491838035	0.003814697265625	2	5	5	2.5	78949.50720629444	19571.863494137542	1.727075700802743	-1.589303024423823	138
full_step	1.545869615645975	0.03814697265625	2	0	0	0	78949.50720629444	24405.583776369614	1.221960923894585	-1.6383059549957228	143
half_step_1	1.545869615645975	0.019073486328125	2	4	4	2	78949.50720629444	21577.031940640067	1.221960923894585	-1.6383059549957228	143
half_step_2	1.5649431019741	0.019073486328125	1	2	2	2	78949.50720629444	9070.528370937021	0	-1.8168995315784813	47
full_step	1.584016588302225	0.1	2	2	2	1	78949.50720629444	32010.14043344627	0.20860828308104828	-1.7257859430175468	147
full_step	1.584016588302225	0.05	2	0	0	0	78949.50720629444	26860.09974547818	0.20860828308104828	-1.7257859430175468	147
half_step_1	1.584016588302225	0.025	2	0	0	0	78949.50720629444	25439.103120674135	0.20860828308104828	-1.7257859430175468	147
half_step_2	1.609016588302225	0.025	2	3	3	1.5	78949.50720629444	14563.811930032258	0	-1.8157920791282518	55
full_step	1.584016588302225	0.025	2	0	0	0	78949.50720629444	25461.303923649626	0.20860828308104828	-1.7257859430175468	147
half_step_1	1.584016588302225	0.0125	2	0	0	0	78949.50720629444	20759.798685601825	0.20860828308104828	-1.7257859430175468	147
half_step_2	1.596516588302225	0.0125	2	9	8	4.5	78949.50720629444	14627.1098414213	0	-1.7718094967545355	120
full_step	1.584016588302225	0.0125	2	0	0	0	78949.50720629444	23258.86003820283	0.20860828308104828	-1.7257859430175468	147
half_step_1	1.584016588302225	0.00625	1	0	0	0	78949.50720629444	15612.206779725291	0.20860828308104828	-1.7257859430175468	147
half_step_2	1.5902665883022251	0.00625	3	19	7	6.333333333333333	78949.50720629444	9815.331293589978	1.0910536082519684	-1.6861024008567915	110
full_step	1.596516588302225	0.0625	2	0	0	0	78949.50720629444	25861.54457027153	1.3189751277695905	-1.7293742688589013	230
full_step	1.596516588302225	0.03125	3	0	0	0	78949.50720629444	18604.781584077744	1.3189751277695905	-1.7293742688589013	230
half_step_1	1.596516588302225	0.015625	4	11	5	2.75	78949.50720629444	12794.7124040613	1.3189751277695905	-1.7293742688589013	230
half_step_2	1.612141588302225	0.015625	2	7	6	3.5	78949.50720629444	15364.55626406384	0	-1.7938906563193042	60
full_step	1.596516588302225	0.015625	3	0	0	0	78949.50720629444	12791.72073135069	1.3189751277695905	-1.7293742688589013	230
half_step_1	1.596516588302225	0.0078125	2	0	0	0	78949.50720629444	11954.604698530933	1.3189751277695905	-1.7293742688589013	230
half_step_2	1.604329088302225	0.0078125	2	6	5	3	78949.50720629444	10785.515968036234	0	-1.7503639253685277	54
full_step	1.612141588302225	0.078125	3	3	3	1	78949.50720629444	36356.027646181334	0.9756240915357921	-1.785806575208784	140
full_step	1.612141588302225	0.0390625	3	3	3	1	78949.50720629444	32573.574617128037	0.9756240915357921	-1.785806575208784	140
full_step	1.612141588302225	0.01953125	3	10	4	3.3333333333333335	78949.50720629444	30955.390778849538	0.9756240915357921	-1.785806575208784	140
full_step	1.612141588302225	0.009765625	3	9	6	3	78949.50720629444	8367.549909595898	0.9756240915357921	-1.785806575208784	140
half_step_1	1.612141588302225	0.0048828125	3	10	6	3.3333333333333335	78949.50720629444	5783.208470837293	0.9756240915357921	-1.785806575208784	140
half_step_2	1.617024400802225	0.0048828125	3	0	0	0	78949.50720629444	24483.206374787318	1.504386745096781	-1.6480599409580152	242
full_step	1.621907213302225	0.048828125	2	0	0	0	78949.50720629444	36101.8754254815	0.6895449404837564	-1.7002464999024025	186
half_step_1	1.621907213302225	0.0244140625	3	7	4	2.3333333333333335	78949.50720629444	31288.73529882099	0.6895449404837564	-1.7002464999024025	186
half_step_2	1.646321275802225	0.0244140625	2	3	3	1.5	78949.50720629444	15075.80836481693	0	-1.8557063656210533	57
full_step	1.621907213302225	0.0244140625	2	0	0	0	78949.50720629444	31670.495607171637	0.6895449404837564	-1.7002464999024025	186
half_step_1	1.621907213302225	0.01220703125	2	0	0	0	78949.50720629444	24479.314850785133	0.6895449404837564	-1.7002464999024025	186
half_step_2	1.634114244552225	0.01220703125	2	7	7	3.5	78949.50720629444	12495.709983956098	0.07152947884969763	-1.743879024931081	96
full_step	1.621907213302225	0.01220703125	2	0	0	0	78949.50720629444	25265.606537259635	0.6895449404837564	-1.7002464999024025	186
half_step_1	1.621907213302225	0.006103515625	1	3	3	3	78949.50720629444	6131.9529581197385	0.6895449404837564	-1.7002464999024025	186
half_step_2	1.628010728927225	0.006103515625	2	5	3	2.5	78949.50720629444	9885.328852245493	1.4828366576839471	-1.6536254736190668	171
full_step	1.634114244552225	0.06103515625	2	3	3	1.5	78949.50720629444	34485.841961250015	1.5290699629040319	-1.6513203436651587	174
full_step	1.634114244552225	0.030517578125	3	2	2	0.6666666666666666	78949.50720629444	22298.308262060993	1.5290699629040319	-1.6513203436651587	174
full_step	1.634114244552225	0.0152587890625	2	0	0	0	78949.50720629444	14107.408701548136	1.5290699629040319	-1.6513203436651587	174
full_step	1.634114244552225	0.00762939453125	1	0	0	0	78949.50720629444	9469.421981853899	1.5290699629040319	-1.6513203436651587	174
half_step_1	1.634114244552225	0.003814697265625	2	5	3	2.5	78949.50720629444	17848.853569590865	1.5290699629040319	-1.6513203436651587	174
half_step_2	1.63792894181785	0.003814697265625	2	2	2	1	78949.50720629444	11729.009085497906	1.1418391186671215	-1.670966378560861	217
full_step	1.641743639083475	0.03814697265625	2	0	0	0	78949.50720629444	28834.66563349737	1.070779336587293	-1.6192009463532773	231
half_step_1	1.641743639083475	0.019073486328125	2	0	0	0	78949.50720629444	25918.928626978526	1.070779336587293	-1.6192009463532773	231
half_step_2	1.6608171254116	0.019073486328125	1	0	0	0	78949.50720629444	21876.105292803113	0	-1.8493915412502309	112
full_step	1.679890611739725	0.1	1	0	0	0	78949.50720629444	250	0	0	0
full_step	1.679890611739725	0.05	1	0	0	0	78949.50720629444	250	0	0	0
full_step	1.679890611739725	0.025	1	0	0	0	78949.50720629444	250	0	0	0
full_step	1.679890611739725	0.0125	1	0	0	0	78949.50720629444	250	0	0	0
full_step	1.679890611739725	0.00625	1	0	0	0	78949.50720629444	250	0	0	0
full_step	1.679890611739725	0.003125	1	0	0	0	78949.50720629444	250	0	0	0
full_step	1.679890611739725	0.0015625	1	0	0	0	78949.50720629444	250	0	0	0
half_step_1	1.679890611739725	0.00078125	0	0	0	0	78949.50720629444	250	0	0	0
half_step_2	1.680671861739725	0.00078125	0	0	0	0	78949.50720629444	250	0	0	0
full_step	1.681453111739725	0.0078125	2	0	0	0	78949.50720629444	6971.410599257211	0	-1.9144498905979557	25
half_step_1	1.681453111739725	0.00390625	2	0	0	0	78949.50720629444	6461.761859810547	0	-1.9144498905979557	25
half_step_2	1.685359361739725	0.00390625	2	0	0	0	78949.50720629444	4445.93166235654	0.27371967845647305	-1.6875122506693228	144
full_step	1.689265611739725	0.0390625	3	7	4	2.3333333333333335	78949.50720629444	24171.71771813087	1.1802184627649694	-1.5956313195356326	148
full_step	1.689265611739725	0.01953125	4	13	7	3.25	78949.50720629444	17847.32175498809	1.1802184627649694	-1.5956313195356326	148
half_step_1	1.689265611739725	0.009765625	4	16	8	4	78949.50720629444	16240.660016997204	1.1802184627649694	-1.5956313195356326	148
half_step_2	1.699031236739725	0.009765625	3	0	0	0	78949.50720629444	23929.509631246045	0.034348360595686245	-1.6378976949786028	218
full_step	1.708796861739725	0.09765625	2	4	3	2	78949.50720629444	48788.468794877	0	-1.7066581305175312	188
full_step	1.708796861739725	0.048828125	2	4	4	2	78949.50720629444	36690.277100730906	0	-1.7066581305175312	188
full_step	1.708796861739725	0.0244140625	2	5	5	2.5	78949.50720629444	29243.79923445827	0	-1.7066581305175312	188
half_step_1	1.708796861739725	0.01220703125	1	3	3	3	78949.50720629444	12426.284505187457	0	-1.7066581305175312	188
half_step_2	1.721003892989725	0.01220703125	3	0	0	0	78949.50720629444	27178.210054509174	0	-1.6859457251091103	295
full_step	1.733210924239725	0.1	2	5	4	2.5	78949.50720629444	50286.3191651571	0	-1.7387643593322644	192
full_step	1.733210924239725	0.05	2	7	5	3.5	78949.50720629444	47677.26850048251	0	-1.7387643593322644	192
full_step	1.733210924239725	0.025	2	10	8	5	78949.50720629444	35319.42873536671	0	-1.7387643593322644	192
full_step	1.733210924239725	0.0125	2	9	8	4.5	78949.50720629444	19959.633796549315	0	-1.7387643593322644	192
half_step_1	1.733210924239725	0.00625	1	7	7	7	78949.50720629444	250	0	-1.7387643593322644	192
half_step_2	1.739460924239725	0.00625	3	0	0	0	78949.50720629444	23156.482878398776	0	-1.6392526227217386	244
full_step	1.7457109242397248	0.0625	2	2	2	1	78949.50720629444	34140.46859412323	0.2295857853750931	-1.672549678953038	194
full_step	1.7457109242397248	0.03125	2	2	2	1	78949.50720629444	30057.07605827317	0.2295857853750931	-1.672549678953038	194
half_step_1	1.7457109242397248	0.015625	2	0	0	0	78949.50720629444	21728.099376162212	0.2295857853750931	-1.672549678953038	194
half_step_2	1.7613359242397248	0.015625	2	0	0	0	78949.50720629444	21350.619628703687	0	-1.776966421114492	231
full_step	1.7769609242397248	0.1	2	5	4	2.5	78949.50720629444	41115.926801900714	0	-1.8041478335791352	154
full_step	1.7769609242397248	0.05	2	6	5	3	78949.50720629444	38999.50059610294	0	-1.8041478335791352	154
full_step	1.7769609242397248	0.025	2	9	7	4.5	78949.50720629444	37616.488187159004	0	-1.8041478335791352	154
full_step	1.7769609242397248	0.0125	2	9	7	4.5	78949.50720629444	29092.358109213452	0	-1.8041478335791352	154
full_step	1.7769609242397248	0.00625	2	9	7	4.5	78949.50720629444	18928.757546192905	0	-1.8041478335791352	154
half_step_1	1.7769609242397248	0.003125	1	8	8	8	78949.50720629444	250	0	-1.8041478335791352	154
half_step_2	1.780085924239725	0.003125	3	0	0	0	78949.50720629444	12346.778579026117	0.26496149324520957	-1.6767850960277277	204
full_step	1.783210924239725	0.03125	3	0	0	0	78949.50720629444	32316.20454370988	0.2847497751718038	-1.5422334451140711	248
half_step_1	1.783210924239725	0.015625	3	0	0	0	78949.50720629444	28414.180959495126	0.2847497751718038	-1.5422334451140711	248
half_step_2	1.798835924239725	0.015625	2	9	8	4.5	78949.50720629444	27129.148050453874	0	-1.766263346498182	188
full_step	1.783210924239725	0.015625	3	0	0	0	78949.50720629444	28435.562052960966	0.2847497751718038	-1.5422334451140711	248
half_step_1	1.783210924239725	0.0078125	3	0	0	0	78949.50720629444	19753.402816830927	0.2847497751718038	-1.5422334451140711	248
half_step_2	1.791023424239725	0.0078125	2	7	4	3.5	78949.50720629444	14665.413813467312	0.778304346044024	-1.6151772699260585	205
full_step	1.798835924239725	0.078125	2	3	3	1.5	78949.50720629444	47965.189345177234	0.7707205307560798	-1.6018643485962452	203
full_step	1.798835924239725	0.0390625	3	3	3	1	78949.50720629444	28077.622708441133	0.7707205307560798	-1.6018643485962452	203
full_step	1.798835924239725	0.01953125	2	3	3	1.5	78949.50720629444	14855.624813305674	0.7707205307560798	-1.6018643485962452	203
full_step	1.798835924239725	0.009765625	1	2	2	2	78949.50720629444	11686.585654886543	0.7707205307560798	-1.6018643485962452	203
half_step_1	1.798835924239725	0.0048828125	2	4	3	2	78949.50720629444	11386.63977594448	0.7707205307560798	-1.6018643485962452	203
half_step_2	1.803718736739725	0.0048828125	2	0	0	0	78949.50720629444	17112.607649091824	0.4897779706843721	-1.606412780254205	279
full_step	1.808601549239725	0.048828125	3	0	0	0	78949.50720629444	30578.46977352774	0.8179097755783005	-1.5954721189919718	273
half_step_1	1.808601549239725	0.0244140625	3	7	4	2.3333333333333335	78949.50720629444	24403.966652271454	0.8179097755783005	-1.5954721189919718	273
half_step_2	1.833015611739725	0.0244140625	1	2	2	2	78949.50720629444	35458.82763318288	0	-1.7823644586393914	199
full_step	1.857429674239725	0.1	2	3	3	1.5	78949.50720629444	42453.22218311012	0	-1.8004691071060883	159
full_step	1.857429674239725	0.05	2	2	2	1	78949.50720629444	36617.70655386489	0	-1.8004691071060883	159
full_step	1.857429674239725	0.025	1	2	2	2	78949.50720629444	32889.663260919806	0	-1.8004691071060883	159
half_step_1	1.857429674239725	0.0125	1	2	2	2	78949.50720629444	27495.43079024359	0	-1.8004691071060883	159
half_step_2	1.869929674239725	0.0125	2	4	4	2	78949.50720629444	12159.870838748086	0	-1.7435461942655393	159
full_step	1.8824296742397248	0.1	2	2	2	1	78949.50720629444	39708.31084334528	1.8533155513268866	-1.5439789609432926	195
full_step	1.8824296742397248	0.05	2	0	0	0	78949.50720629444	32062.644432580008	1.8533155513268866	-1.5439789609432926	195
full_step	1.8824296742397248	0.025	3	8	8	2.6666666666666665	78949.50720629444	26879.80481442877	1.8533155513268866	-1.5439789609432926	195
full_step	1.8824296742397248	0.0125	4	14	11	3.5	78949.50720629444	15048.056516730989	1.8533155513268866	-1.5439789609432926	195
half_step_1	1.8824296742397248	0.00625	3	8	8	2.6666666666666665	78949.50720629444	25936.657000725234	1.8533155513268866	-1.5439789609432926	195
half_step_2	1.888679674239725	0.00625	2	4	2	2	78949.50720629444	23524.332123920245	1.654058381142022	-1.5379845169669824	190
full_step	1.8949296742397248	0.0625	2	4	4	2	78949.50720629444	30003.914185784637	0.4359032828160707	-1.5677422590341252	200
full_step	1.8949296742397248	0.03125	3	2	2	0.6666666666666666	78949.50720629444	17136.90503850514	0.4359032828160707	-1.5677422590341252	200
full_step	1.8949296742397248	0.015625	2	0	0	0	78949.50720629444	15306.261305089109	0.4359032828160707	-1.5677422590341252	200
half_step_1	1.8949296742397248	0.0078125	2	6	3	3	78949.50720629444	12736.250337715917	0.4359032828160707	-1.5677422590341252	200
half_step_2	1.9027421742397248	0.0078125	1	3	3	3	78949.50720629444	17075.62698995046	1.4873120760730671	-1.636154806189809	243
full_step	1.9105546742397248	0.078125	3	3	3	1	78949.50720629444	42357.236776947175	1.3959164088792022	-1.54106386909564	184
full_step	1.9105546742397248	0.0390625	3	3	3	1	78949.50720629444	30977.413133108126	1.3959164088792022	-1.54106386909564	184
full_step	1.9105546742397248	0.01953125	2	3	3	1.5	78949.50720629444	19508.293336002014	1.3959164088792022	-1.54106386909564	184
half_step_1	1.9105546742397248	0.009765625	1	2	2	2	78949.50720629444	14353.23746934169	1.3959164088792022	-1.54106386909564	184
half_step_2	1.9203202992397248	0.009765625	2	0	0	0	78949.50720629444	23791.05492631449	0.4554783944058727	-1.6461689889764102	278
full_step	1.9300859242397248	0.09765625	2	3	3	1.5	78949.50720629444	48805.1997698889	1.0484570290700503	-1.6573854372894543	206
full_step	1.9300859242397248	0.048828125	2	3	3	1.5	78949.50720629444	39363.582544948404	1.0484570290700503	-1.6573854372894543	206
full_step	1.9300859242397248	0.0244140625	2	3	3	1.5	78949.50720629444	30443.087880967	1.0484570290700503	-1.6573854372894543	206
full_step	1.9300859242397248	0.01220703125	3	11	4	3.6666666666666665	78949.50720629444	19000.384342959165	1.0484570290700503	-1.6573854372894543	206
half_step_1	1.9300859242397248	0.006103515625	2	6	3	3	78949.50720629444	11412.526522043394	1.0484570290700503	-1.6573854372894543	206
half_step_2	1.9361894398647248	0.006103515625	2	0	0	0	78949.50720629444	14869.923255823367	1.363494415412788	-1.5740757508584784	221
full_step	1.9422929554897248	0.06103515625	2	3	3	1.5	78949.50720629444	29051.68577228015	0.28764492735899694	-1.5963074732159013	234
full_step	1.9422929554897248	0.030517578125	2	2	2	1	78949.50720629444	21012.356051379473	0.28764492735899694	-1.5963074732159013	234
full_step	1.9422929554897248	0.0152587890625	2	0	0	0	78949.50720629444	18304.121110036303	0.28764492735899694	-1.5963074732159013	234
half_step_1	1.9422929554897248	0.00762939453125	2	10	7	5	78949.50720629444	11785.82129826865	0.28764492735899694	-1.5963074732159013	234
half_step_2	1.9499223500209748	0.00762939453125	1	5	5	5	78949.50720629444	14530.974200023991	1.5286973651836888	-1.6530537846501476	203
full_step	1.9575517445522248	0.0762939453125	3	3	3	1	78949.50720629444	35886.88335489662	1.6175633216280403	-1.5705508175192047	154
full_step	1.9575517445522248	0.03814697265625	3	3	3	1	78949.50720629444	27285.14338883731	1.6175633216280403	-1.5705508175192047	154
full_step	1.9575517445522248	0.019073486328125	1	2	2	2	78949.50720629444	17927.49216878837	1.6175633216280403	-1.5705508175192047	154
half_step_1	1.9575517445522248	0.0095367431640625	1	2	2	2	78949.50720629444	14828.909664286453	1.6175633216280403	-1.5705508175192047	154
half_step_2	1.9670884877162873	0.0095367431640625	2	0	0	0	78949.50720629444	14585.70262658626	0.28277502941637067	-1.60100115205898	206
full_step	1.9766252308803498	0.095367431640625	3	3	3	1	78949.50720629444	47497.28625945691	1.4432518104313203	-1.5982439527089987	217
full_step	1.9766252308803498	0.0476837158203125	2	2	2	1	78949.50720629444	36337.62044223155	1.4432518104313203	-1.5982439527089987	217
full_step	1.9766252308803498	0.02384185791015625	2	2	2	1	78949.50720629444	31397.98650057913	1.4432518104313203	-1.5982439527089987	217
half_step_1	1.9766252308803498	0.011920928955078125	1	2	2	2	78949.50720629444	19713.98532567708	1.4432518104313203	-1.5982439527089987	217
half_step_2	1.988546159835428	0.011920928955078125	1	2	2	2	78949.50720629444	11737.309686782492	0.6006771988177206	-1.5917905703570985	213
full_step	2.000467088790506	0.1	3	3	3	1	78949.50720629444	38528.74275059573	1.33102072265865	-1.629686249064686	153
full_step	2.000467088790506	0.05	3	2	2	0.6666666666666666	78949.50720629444	30159.510735952652	1.33102072265865	-1.629686249064686	153
full_step	2.000467088790506	0.025	2	0	0	0	78949.50720629444	25943.030334565596	1.33102072265865	-1.629686249064686	153
half_step_1	2.000467088790506	0.0125	2	5	3	2.5	78949.50720629444	22161.29090144095	1.33102072265865	-1.629686249064686	153
half_step_2	2.0129670887905062	0.0125	3	9	6	3	78949.50720629444	20434.496976631766	0.6346896409595502	-1.660175815621855	210
full_step	2.025467088790506	0.1	2	3	3	1.5	78949.50720629444	43660.93165420644	0.22274345372716198	-1.7776001824559242	164
full_step	2.025467088790506	0.05	2	3	3	1.5	78949.50720629444	34531.87920086508	0.22274345372716198	-1.7776001824559242	164
full_step	2.025467088790506	0.025	2	3	3	1.5	78949.50720629444	27863.29403446963	0.22274345372716198	-1.7776001824559242	164
half_step_1	2.025467088790506	0.0125	1	2	2	2	78949.50720629444	15077.166725810708	0.22274345372716198	-1.7776001824559242	164
half_step_2	2.037967088790506	0.0125	2	5	3	2.5	78949.50720629444	11758.999264056627	0.47554168719943846	-1.6419775615035548	213
full_step	2.050467088790506	0.1	2	5	3	2.5	78949.50720629444	48954.406798699594	1.4259406266264705	-1.6897647604172763	188
full_step	2.050467088790506	0.05	2	6	3	3	78949.50720629444	34011.34158208445	1.4259406266264705	-1.6897647604172763	188
full_step	2.050467088790506	0.025	2	3	3	1.5	78949.50720629444	12692.66795708066	1.4259406266264705	-1.6897647604172763	188
full_step	2.050467088790506	0.0125	2	5	3	2.5	78949.50720629444	10579.683993453318	1.4259406266264705	-1.6897647604172763	188
full_step	2.050467088790506	0.00625	2	9	5	4.5	78949.50720629444	7928.492216857091	1.4259406266264705	-1.6897647604172763	188
full_step	2.050467088790506	0.003125	2	11	7	5.5	78949.50720629444	2980.2249086796605	1.4259406266264705	-1.6897647604172763	188
full_step	2.050467088790506	0.0015625	2	7	7	3.5	78949.50720629444	15127.396864874348	1.4259406266264705	-1.6897647604172763	188
half_step_1	2.050467088790506	0.00078125	4	23	11	5.75	78949.50720629444	29924.90221869194	1.4259406266264705	-1.6897647604172763	188
half_step_2	2.051248338790506	0.00078125	2	0	0	0	78949.50720629444	18299.956404964338	1.004853273389017	-1.6968936398395946	63
full_step	2.052029588790506	0.0078125	2	7	7	3.5	78949.50720629444	8129.71187009695	0.4805281769877183	-1.712849912901263	62
half_step_1	2.052029588790506	0.00390625	1	6	6	6	78949.50720629444	1792.9967420675732	0.4805281769877183	-1.712849912901263	62
half_step_2	2.055935838790506	0.00390625	2	7	4	3.5	78949.50720629444	6817.09134355237	1.6241944623325253	-1.6563260611542179	61
full_step	2.052029588790506	0.00390625	2	5	5	2.5	78949.50720629444	3431.3838783365804	0.4805281769877183	-1.712849912901263	62
half_step_1	2.052029588790506	0.001953125	1	1	1	1	78949.50720629444	3573.1387138207474	0.4805281769877183	-1.712849912901263	62
half_step_2	2.053982713790506	0.001953125	1	2	2	2	78949.50720629444	4122.485729307348	0.49757955537643284	-1.7065107323744526	57
full_step	2.055935838790506	0.01953125	2	0	0	0	78949.50720629444	11175.784434507275	1.145381452908623	-1.676694419169694	56
full_step	2.055935838790506	0.009765625	2	0	0	0	78949.50720629444	8463.096968523982	1.145381452908623	-1.676694419169694	56
full_step	2.055935838790506	0.0048828125	2	0	0	0	78949.50720629444	6362.679670152259	1.145381452908623	-1.676694419169694	56
full_step	2.055935838790506	0.00244140625	1	2	2	2	78949.50720629444	7950.44254403925	1.145381452908623	-1.676694419169694	56
half_step_1	2.055935838790506	0.001220703125	2	0	0	0	78949.50720629444	15861.245231322444	1.145381452908623	-1.676694419169694	56
half_step_2	2.057156541915506	0.001220703125	2	0	0	0	78949.50720629444	15038.344201373933	1.1554691530054697	-1.682097915310813	58
full_step	2.058377245040506	0.01220703125	3	5	5	1.6666666666666667	78949.50720629444	8912.369618791237	0.9754773712211318	-1.6876198836743441	55
full_step	2.058377245040506	0.006103515625	2	5	5	2.5	78949.50720629444	6308.570168015146	0.9754773712211318	-1.6876198836743441	55
half_step_1	2.058377245040506	0.0030517578125	1	3	3	3	78949.50720629444	5049.43546571628	0.9754773712211318	-1.6876198836743441	55
half_step_2	2.061429002853006	0.0030517578125	3	0	0	0	78949.50720629444	45287.8012669804	1.8209686814643646	-1.5985281481890574	163
full_step	2.064480760665506	0.030517578125	1	0	0	0	78949.50720629444	29646.02659019547	1.2232442912008992	-1.6156021907282745	183
half_step_1	2.064480760665506	0.0152587890625	2	0	0	0	78949.50720629444	26400.063354729155	1.2232442912008992	-1.6156021907282745	183
half_step_2	2.079739549728006	0.0152587890625	3	6	6	2	78949.50720629444	22535.050683014553	0.23455564328287437	-1.7079461302163257	181
full_step	2.094998338790506	0.1	3	9	3	3	78949.50720629444	42578.11345538225	0.4747502135596733	-1.6118720394245913	231
full_step	2.094998338790506	0.05	2	5	3	2.5	78949.50720629444	30186.506626974977	0.4747502135596733	-1.6118720394245913	231
full_step	2.094998338790506	0.025	3	6	3	2	78949.50720629444	25446.043097167858	0.4747502135596733	-1.6118720394245913	231
half_step_1	2.094998338790506	0.0125	3	7	7	2.3333333333333335	78949.50720629444	20923.04027656404	0.4747502135596733	-1.6118720394245913	231
half_step_2	2.107498338790506	0.0125	1	3	3	3	78949.50720629444	12281.88230241117	1.2540394639072474	-1.5565782265942707	168
full_step	2.1199983387905057	0.1	2	2	2	1	78949.50720629444	49822.28492549502	1.2462060065754486	-1.4991911930611426	315
full_step	2.1199983387905057	0.05	2	0	0	0	78949.50720629444	42758.56307085837	1.2462060065754486	-1.4991911930611426	315
half_step_1	2.1199983387905057	0.025	2	0	0	0	78949.50720629444	38631.60069193061	1.2462060065754486	-1.4991911930611426	315
half_step_2	2.1449983387905056	0.025	2	6	5	3	78949.50720629444	27533.86145739713	0	-1.8001348388149276	109
full_step	2.1199983387905057	0.025	3	0	0	0	78949.50720629444	37576.6493060346	1.2462060065754486	-1.4991911930611426	315
half_step_1	2.1199983387905057	0.0125	2	0	0	0	78949.50720629444	32818.233514540625	1.2462060065754486	-1.4991911930611426	315
half_step_2	2.132498338790506	0.0125	2	8	7	4	78949.50720629444	22837.218239823043	0.42902928489638725	-1.5789051973621426	216
full_step	2.1449983387905056	0.1	2	3	3	1.5	78949.50720629444	57116.49788405987	0.7433106251373829	-1.5670583830189087	251
full_step	2.1449983387905056	0.05	2	2	2	1	78949.50720629444	30762.98844807987	0.7433106251373829	-1.5670583830189087	251
full_step	2.1449983387905056	0.025	2	0	0	0	78949.50720629444	21847.3755696671	0.7433106251373829	-1.5670583830189087	251
half_step_1	2.1449983387905056	0.0125	2	4	4	2	78949.50720629444	18584.960953771893	0.7433106251373829	-1.5670583830189087	251
half_step_2	2.157498338790506	0.0125	3	9	4	3	78949.50720629444	17980.206498841602	0.7106480687889416	-1.6658962809179272	184
full_step	2.1699983387905055	0.1	2	3	3	1.5	78949.50720629444	46266.87976359148	1.2161486343884462	-1.5774154628709225	218
full_step	2.1699983387905055	0.05	3	0	0	0	78949.50720629444	29780.48108738221	1.2161486343884462	-1.5774154628709225	218
full_step	2.1699983387905055	0.025	3	0	0	0	78949.50720629444	24428.188805393132	1.2161486343884462	-1.5774154628709225	218
half_step_1	2.1699983387905055	0.0125	2	4	4	2	78949.50720629444	22816.474694893393	1.2161486343884462	-1.5774154628709225	218
half_step_2	2.1824983387905057	0.0125	2	6	3	3	78949.50720629444	28546.10889591514	0.11336245089114527	-1.6724329986159638	202
full_step	2.1949983387905054	0.1	3	3	3	1	78949.50720629444	50683.36739003994	0.7360710659049801	-1.638532929612542	193
full_step	2.1949983387905054	0.05	2	3	3	1.5	78949.50720629444	38297.616690195915	0.7360710659049801	-1.638532929612542	193
full_step	2.1949983387905054	0.025	2	7	4	3.5	78949.50720629444	28470.379243011066	0.7360710659049801	-1.638532929612542	193
full_step	2.1949983387905054	0.0125	2	7	4	3.5	78949.50720629444	18978.136533089182	0.7360710659049801	-1.638532929612542	193
half_step_1	2.1949983387905054	0.00625	2	6	3	3	78949.50720629444	15686.846056151466	0.7360710659049801	-1.638532929612542	193
half_step_2	2.2012483387905055	0.00625	2	0	0	0	78949.50720629444	21653.300273092846	1.1612722564641444	-1.5333798398094194	247
full_step	2.2074983387905056	0.0625	2	2	2	1	78949.50720629444	33839.61833321084	0.5321090672459832	-1.5226253094872817	253
full_step	2.2074983387905056	0.03125	2	0	0	0	78949.50720629444	27704.468040301243	0.5321090672459832	-1.5226253094872817	253
half_step_1	2.2074983387905056	0.015625	2	0	0	0	78949.50720629444	26039.918363985063	0.5321090672459832	-1.5226253094872817	253
half_step_2	2.2231233387905056	0.015625	2	3	3	1.5	78949.50720629444	21488.701989395235	1.005183584344195	-1.55090137398336	182
full_step	2.2387483387905056	0.1	3	3	3	1	78949.50720629444	49833.92516276438	0.6777232452932367	-1.5261344211846186	278
full_step	2.2387483387905056	0.05	2	0	0	0	78949.50720629444	35651.38375914651	0.6777232452932367	-1.5261344211846186	278
full_step	2.2387483387905056	0.025	2	0	0	0	78949.50720629444	32999.57080790155	0.6777232452932367	-1.5261344211846186	278
half_step_1	2.2387483387905056	0.0125	2	0	0	0	78949.50720629444	29759.09667494646	0.6777232452932367	-1.5261344211846186	278
half_step_2	2.251248338790506	0.0125	2	5	4	2.5	78949.50720629444	26753.459226665724	1.3730163358613936	-1.5794568639919893	199
full_step	2.2637483387905055	0.1	3	3	3	1	78949.50720629444	53737.86273348219	1.3348927748993447	-1.5455190527858291	234
full_step	2.2637483387905055	0.05	3	2	2	0.6666666666666666	78949.50720629444	34870.421964709676	1.3348927748993447	-1.5455190527858291	234
full_step	2.2637483387905055	0.025	2	0	0	0	78949.50720629444	24585.99700559863	1.3348927748993447	-1.5455190527858291	234
half_step_1	2.2637483387905055	0.0125	2	0	0	0	78949.50720629444	20880.620117910465	1.3348927748993447	-1.5455190527858291	234
half_step_2	2.2762483387905057	0.0125	2	3	3	1.5	78949.50720629444	24246.823967336924	0.5360930837123306	-1.649051118011778	246
full_step	2.2887483387905054	0.1	3	3	3	1	78949.50720629444	43120.815425443565	1.5079413322055188	-1.5375106085375374	163
full_step	2.2887483387905054	0.05	3	10	4	3.3333333333333335	78949.50720629444	31227.773926299215	1.5079413322055188	-1.5375106085375374	163
full_step	2.2887483387905054	0.025	2	6	4	3	78949.50720629444	25791.89692590696	1.5079413322055188	-1.5375106085375374	163
full_step	2.2887483387905054	0.0125	2	9	6	4.5	78949.50720629444	16740.858467939725	1.5079413322055188	-1.5375106085375374	163
half_step_1	2.2887483387905054	0.00625	2	5	3	2.5	78949.50720629444	14014.633926995702	1.5079413322055188	-1.5375106085375374	163
half_step_2	2.2949983387905055	0.00625	1	0	0	0	78949.50720629444	22859.93878027194	1.9290412390910205	-1.504440325987636	168
full_step	2.3012483387905056	0.0625	3	2	2	0.6666666666666666	78949.50720629444	37791.946053679516	1.6427957536125177	-1.4852840039367226	226
full_step	2.3012483387905056	0.03125	2	0	0	0	78949.50720629444	25285.12916071229	1.6427957536125177	-1.4852840039367226	226
full_step	2.3012483387905056	0.015625	2	0	0	0	78949.50720629444	22960.05098774977	1.6427957536125177	-1.4852840039367226	226
half_step_1	2.3012483387905056	0.0078125	2	0	0	0	78949.50720629444	29473.93806301375	1.6427957536125177	-1.4852840039367226	226
half_step_2	2.3090608387905056	0.0078125	2	4	3	2	78949.50720629444	18920.616246177837	1.1507312608900975	-1.5230397293206461	279
full_step	2.3012483387905056	0.0078125	2	0	0	0	78949.50720629444	29491.989810428204	1.6427957536125177	-1.4852840039367226	226
half_step_1	2.3012483387905056	0.00390625	2	0	0	0	78949.50720629444	52531.98600194348	1.6427957536125177	-1.4852840039367226	226
half_step_2	2.3051545887905056	0.00390625	1	1	1	1	78949.50720629444	29133.63738191683	0.6593049429429811	-1.5453733483725227	269
full_step	2.3090608387905056	0.0390625	2	0	0	0	78949.50720629444	36717.54583632887	0.9336928372686089	-1.5626468301337866	269
half_step_1	2.3090608387905056	0.01953125	2	0	0	0	78949.50720629444	34892.33817093034	0.9336928372686089	-1.5626468301337866	269
half_step_2	2.3285920887905056	0.01953125	3	9	4	3	78949.50720629444	24110.00526506658	1.4905047187166929	-1.6266974395366243	172
full_step	2.3090608387905056	0.01953125	2	0	0	0	78949.50720629444	34908.924154085165	0.9336928372686089	-1.5626468301337866	269
half_step_1	2.3090608387905056	0.009765625	1	3	3	3	78949.50720629444	21326.694925347452	0.9336928372686089	-1.5626468301337866	269
full_step	2.3090608387905056	0.009765625	2	0	0	0	78949.50720629444	28006.226665357637	0.9336928372686089	-1.5626468301337866	269
full_step	2.3090608387905056	0.0048828125	1	1	1	1	78949.50720629444	15206.687736982025	0.9336928372686089	-1.5626468301337866	269
half_step_1	2.3090608387905056	0.00244140625	2	0	0	0	78949.50720629444	29026.670567393576	0.9336928372686089	-1.5626468301337866	269
half_step_2	2.3115022450405056	0.00244140625	2	0	0	0	78949.50720629444	18853.71960737975	1.0787707016388595	-1.590593560626942	271
full_step	2.3139436512905056	0.0244140625	2	3	3	1.5	78949.50720629444	34522.69366897014	1.1861065453376796	-1.6649368831837652	263
half_step_1	2.3139436512905056	0.01220703125	2	4	3	2	78949.50720629444	27873.925459300615	1.1861065453376796	-1.6649368831837652	263
full_step	2.3139436512905056	0.01220703125	2	4	4	2	78949.50720629444	27874.08032082542	1.1861065453376796	-1.6649368831837652	263
full_step	2.3139436512905056	0.006103515625	2	4	4	2	78949.50720629444	9935.51384118346	1.1861065453376796	-1.6649368831837652	263
full_step	2.3139436512905056	0.0030517578125	1	2	2	2	78949.50720629444	17437.188647244464	1.1861065453376796	-1.6649368831837652	263
half_step_1	2.3139436512905056	0.00152587890625	2	0	0	0	78949.50720629444	30482.699030884807	1.1861065453376796	-1.6649368831837652	263
half_step_2	2.3154695301967556	0.00152587890625	1	0	0	0	78949.50720629444	10551.474994995142	0.8320854085723113	-1.652497399402667	196
full_step	2.3169954091030056	0.0152587890625	2	6	6	3	78949.50720629444	31851.939908599812	0.7836519951597438	-1.6535706671808916	185
half_step_1	2.3169954091030056	0.00762939453125	1	5	5	5	78949.50720629444	2050.5613651901394	0.7836519951597438	-1.6535706671808916	185
half_step_2	2.3246248036342556	0.00762939453125	2	5	3	2.5	78949.50720629444	15646.222208269697	1.8949199202452292	-1.5733298864283123	174
full_step	2.3169954091030056	0.00762939453125	2	7	7	3.5	78949.50720629444	20985.296059287586	0.7836519951597438	-1.6535706671808916	185
half_step_1	2.3169954091030056	0.003814697265625	1	3	3	3	78949.50720629444	4038.1443396411155	0.7836519951597438	-1.6535706671808916	185
half_step_2	2.3208101063686306	0.003814697265625	2	0	0	0	78949.50720629444	17138.984038113515	1.4758928491773986	-1.5877645932084128	183
full_step	2.3246248036342556	0.03814697265625	2	2	2	1	78949.50720629444	32604.9998544605	1.7864662034153298	-1.5799663454274377	173
full_step	2.3246248036342556	0.019073486328125	1	0	0	0	78949.50720629444	24437.040491113974	1.7864662034153298	-1.5799663454274377	173
half_step_1	2.3246248036342556	0.0095367431640625	1	2	2	2	78949.50720629444	15827.591709515034	1.7864662034153298	-1.5799663454274377	173
full_step	2.3246248036342556	0.0095367431640625	2	2	2	1	78949.50720629444	18088.379849661094	1.7864662034153298	-1.5799663454274377	173
full_step	2.3246248036342556	0.00476837158203125	1	3	3	3	78949.50720629444	17475.842563210554	1.7864662034153298	-1.5799663454274377	173
full_step	2.3246248036342556	0.002384185791015625	2	0	0	0	78949.50720629444	32541.422372154146	1.7864662034153298	-1.5799663454274377	173
half_step_1	2.3246248036342556	0.0011920928955078125	2	0	0	0	78949.50720629444	47276.146519342015	1.7864662034153298	-1.5799663454274377	173
half_step_2	2.3258168965297634	0.0011920928955078125	2	0	0	0	78949.50720629444	26139.433537836794	1.1339034418597294	-1.63483282620586	184
full_step	2.3270089894252712	0.011920928955078125	2	8	8	4	78949.50720629444	24810.94353899548	0.6279265422272147	-1.6629791393533193	188
half_step_1	2.3270089894252712	0.0059604644775390625	2	10	8	5	78949.50720629444	10978.150659502577	0.6279265422272147	-1.6629791393533193	188
half_step_2	2.3329694539028103	0.0059604644775390625	2	0	0	0	78949.50720629444	13802.975403277334	1.5813612875772378	-1.6072377423362396	187
full_step	2.3389299183803494	0.059604644775390625	2	2	2	1	78949.50720629444	37758.93864747747	1.5731990515869256	-1.4326762734850107	221
full_step	2.3389299183803494	0.029802322387695312	2	0	0	0	78949.50720629444	27678.791781077638	1.5731990515869256	-1.4326762734850107	221
half_step_1	2.3389299183803494	0.014901161193847656	2	0	0	0	78949.50720629444	24324.734817959175	1.5731990515869256	-1.4326762734850107	221
half_step_2	2.353831079574197	0.014901161193847656	2	3	3	1.5	78949.50720629444	21328.928225376152	1.5816259702151	-1.5816778484794476	176
full_step	2.3389299183803494	0.014901161193847656	2	0	0	0	78949.50720629444	24375.80753802873	1.5731990515869256	-1.4326762734850107	221
half_step_1	2.3389299183803494	0.007450580596923828	2	0	0	0	78949.50720629444	25418.446289107444	1.5731990515869256	-1.4326762734850107	221
half_step_2	2.346380498977273	0.007450580596923828	2	3	2	1.5	78949.50720629444	20569.91386703524	1.4856523502076016	-1.4470220314593403	226
full_step	2.3389299183803494	0.007450580596923828	2	0	0	0	78949.50720629444	25547.84550890663	1.5731990515869256	-1.4326762734850107	221
half_step_1	2.3389299183803494	0.003725290298461914	2	0	0	0	78949.50720629444	44167.887982859145	1.5731990515869256	-1.4326762734850107	221
half_step_2	2.3426552086788113	0.003725290298461914	1	0	0	0	78949.50720629444	22739.503388755198	0.8091864849066042	-1.5068362306820677	223
full_step	2.346380498977273	0.03725290298461914	2	2	2	1	78949.50720629444	27048.7039064041	1.1510354890760937	-1.518557195226819	224
full_step	2.346380498977273	0.01862645149230957	1	1	1	1	78949.50720629444	23021.332799295134	1.1510354890760937	-1.518557195226819	224
full_step	2.346380498977273	0.009313225746154785	2	3	3	1.5	78949.50720629444	20811.039449310967	1.1510354890760937	-1.518557195226819	224
full_step	2.346380498977273	0.004656612873077393	1	3	3	3	78949.50720629444	14315.102355688277	1.1510354890760937	-1.518557195226819	224
half_step_1	2.346380498977273	0.0023283064365386963	2	0	0	0	78949.50720629444	27343.374647997873	1.1510354890760937	-1.518557195226819	224
half_step_2	2.348708805413812	0.0023283064365386963	3	0	0	0	78949.50720629444	23764.683588029584	1.212098548636277	-1.5731066615240676	232
full_step	2.3510371118503506	0.023283064365386963	2	6	4	3	78949.50720629444	23839.08723374461	1.1847589586923277	-1.590477356173345	210
full_step	2.3510371118503506	0.011641532182693481	2	5	4	2.5	78949.50720629444	19606.739204731486	1.1847589586923277	-1.590477356173345	210
full_step	2.3510371118503506	0.005820766091346741	2	4	4	2	78949.50720629444	8507.227532458246	1.1847589586923277	-1.590477356173345	210
full_step	2.3510371118503506	0.0029103830456733704	1	3	3	3	78949.50720629444	17055.894180736774	1.1847589586923277	-1.590477356173345	210
half_step_1	2.3510371118503506	0.0014551915228366852	2	0	0	0	78949.50720629444	32110.340800627866	1.1847589586923277	-1.590477356173345	210
half_step_2	2.3524923033731873	0.0014551915228366852	2	0	0	0	78949.50720629444	17409.09059868356	0.9063465543167695	-1.5735123831171358	159
full_step	2.353947494896024	0.014551915228366852	2	8	8	4	78949.50720629444	22473.072658420897	0.7638645062252181	-1.5967873393538445	155
half_step_1	2.353947494896024	0.007275957614183426	1	5	5	5	78949.50720629444	2318.6526713099033	0.7638645062252181	-1.5967873393538445	155
half_step_2	2.3612234525102074	0.007275957614183426	2	4	2	2	78949.50720629444	20730.559079243038	1.9299043183818867	-1.4910948035555804	164
full_step	2.353947494896024	0.007275957614183426	2	8	8	4	78949.50720629444	14508.973901805437	0.7638645062252181	-1.5967873393538445	155
half_step_1	2.353947494896024	0.003637978807091713	1	3	3	3	78949.50720629444	4478.806071893458	0.7638645062252181	-1.5967873393538445	155
half_step_2	2.3575854737031157	0.003637978807091713	2	0	0	0	78949.50720629444	23876.521044044497	1.3911124437454419	-1.537420081992732	168
full_step	2.3612234525102074	0.03637978807091713	2	3	3	1.5	78949.50720629444	27649.04731352699	1.46894937027173	-1.5465318642358608	161
full_step	2.3612234525102074	0.018189894035458565	2	4	3	2	78949.50720629444	21449.055674607032	1.46894937027173	-1.5465318642358608	161
half_step_1	2.3612234525102074	0.009094947017729282	1	3	3	3	78949.50720629444	9758.628753720694	1.46894937027173	-1.5465318642358608	161
half_step_2	2.3703183995279367	0.009094947017729282	3	0	0	0	78949.50720629444	30714.088302678436	1.9959722422972845	-1.4319095294284865	243
full_step	2.379413346545666	0.09094947017729282	2	2	2	1	78949.50720629444	49976.3489206786	0.8234090928508522	-1.529646438936605	308
full_step	2.379413346545666	0.04547473508864641	1	1	1	1	78949.50720629444	43917.57950455784	0.8234090928508522	-1.529646438936605	308
half_step_1	2.379413346545666	0.022737367544323206	2	0	0	0	78949.50720629444	41984.62168391658	0.8234090928508522	-1.529646438936605	308
half_step_2	2.402150714089989	0.022737367544323206	2	3	3	1.5	78949.50720629444	30765.736250390397	0.9267985209098697	-1.599371473680177	217
full_step	2.379413346545666	0.022737367544323206	2	0	0	0	78949.50720629444	41979.47386156804	0.8234090928508522	-1.529646438936605	308
half_step_1	2.379413346545666	0.011368683772161603	1	3	3	3	78949.50720629444	26843.34822200253	0.8234090928508522	-1.529646438936605	308
half_step_2	2.3907820303178275	0.011368683772161603	2	6	4	3	78949.50720629444	22492.46726186172	1.7678329274931457	-1.498683195435755	228
full_step	2.379413346545666	0.011368683772161603	1	2	2	2	78949.50720629444	31585.339858642194	0.8234090928508522	-1.529646438936605	308
half_step_1	2.379413346545666	0.0056843418860808015	1	3	3	3	78949.50720629444	14825.252942484754	0.8234090928508522	-1.529646438936605	308
half_step_2	2.3850976884317467	0.0056843418860808015	1	3	3	3	78949.50720629444	22101.64943421988	1.6968147546358523	-1.5455529490678999	304
full_step	2.379413346545666	0.0056843418860808015	1	3	3	3	78949.50720629444	14771.274422925086	0.8234090928508522	-1.529646438936605	308
half_step_1	2.379413346545666	0.0028421709430404007	2	0	0	0	78949.50720629444	27452.376851672256	0.8234090928508522	-1.529646438936605	308
half_step_2	2.3822555174887063	0.0028421709430404007	3	0	0	0	78949.50720629444	28942.93245539437	1.0360222182789585	-1.5447444414739215	313
full_step	2.3850976884317467	0.028421709430404007	2	3	3	1.5	78949.50720629444	41501.89512823439	1.0275145766754576	-1.6084506731149184	297
half_step_1	2.3850976884317467	0.014210854715202004	2	3	3	1.5	78949.50720629444	32682.50276751717	1.0275145766754576	-1.6084506731149184	297
half_step_2	2.3993085431469487	0.014210854715202004	2	5	3	2.5	78949.50720629444	20361.578233235843	1.6309381813116488	-1.5308438548379075	224
full_step	2.4135193978621508	0.1	2	3	3	1.5	78949.50720629444	59605.59222447284	1.0330710188209196	-1.457789650016874	260
full_step	2.4135193978621508	0.05	2	2	2	1	78949.50720629444	31028.09813946691	1.0330710188209196	-1.457789650016874	260
full_step	2.4135193978621508	0.025	2	0	0	0	78949.50720629444	26807.79218243042	1.0330710188209196	-1.457789650016874	260
half_step_1	2.4135193978621508	0.0125	2	0	0	0	78949.50720629444	25664.059257112152	1.0330710188209196	-1.457789650016874	260
half_step_2	2.426019397862151	0.0125	1	3	3	3	78949.50720629444	14407.473462696027	1.7834589108388172	-1.5831442405545189	269
full_step	2.4135193978621508	0.0125	2	0	0	0	78949.50720629444	25672.839632491465	1.0330710188209196	-1.457789650016874	260
half_step_1	2.4135193978621508	0.00625	1	2	2	2	78949.50720629444	23525.82469321363	1.0330710188209196	-1.457789650016874	260
half_step_2	2.419769397862151	0.00625	2	0	0	0	78949.50720629444	37139.30048637617	1.5141963330206636	-1.4256050423437199	269
full_step	2.426019397862151	0.0625	2	3	3	1.5	78949.50720629444	32264.35290330497	1.8341598250099196	-1.5652724862493481	267
full_step	2.426019397862151	0.03125	2	3	3	1.5	78949.50720629444	27933.60476322608	1.8341598250099196	-1.5652724862493481	267
full_step	2.426019397862151	0.015625	2	3	3	1.5	78949.50720629444	23888.19058989522	1.8341598250099196	-1.5652724862493481	267
full_step	2.426019397862151	0.0078125	2	4	3	2	78949.50720629444	24303.256795332578	1.8341598250099196	-1.5652724862493481	267
full_step	2.426019397862151	0.00390625	2	0	0	0	78949.50720629444	44794.87420407619	1.8341598250099196	-1.5652724862493481	267
half_step_1	2.426019397862151	0.001953125	3	0	0	0	78949.50720629444	51913.5710570952	1.8341598250099196	-1.5652724862493481	267
half_step_2	2.427972522862151	0.001953125	2	0	0	0	78949.50720629444	24955.39263057777	0.8519449243212875	-1.5713907369789961	167
full_step	2.429925647862151	0.01953125	2	8	8	4	78949.50720629444	26759.241019844856	0.49495146582557936	-1.6167336718773717	163
half_step_1	2.429925647862151	0.009765625	2	8	6	4	78949.50720629444	18278.8281243437	0.49495146582557936	-1.6167336718773717	163
half_step_2	2.439691272862151	0.009765625	2	6	3	3	78949.50720629444	13954.879133223107	1.519529438297468	-1.4894798495683728	167
full_step	2.449456897862151	0.09765625	2	3	3	1.5	78949.50720629444	55711.50997660273	1.3095738537813304	-1.4416430437480374	268
full_step	2.449456897862151	0.048828125	2	0	0	0	78949.50720629444	35848.56464685581	1.3095738537813304	-1.4416430437480374	268
full_step	2.449456897862151	0.0244140625	2	0	0	0	78949.50720629444	31444.179188065853	1.3095738537813304	-1.4416430437480374	268
half_step_1	2.449456897862151	0.01220703125	2	0	0	0	78949.50720629444	30838.769930412545	1.3095738537813304	-1.4416430437480374	268
half_step_2	2.461663929112151	0.01220703125	2	4	3	2	78949.50720629444	23375.436772063582	1.433670842949141	-1.567944898688267	269
full_step	2.449456897862151	0.01220703125	2	0	0	0	78949.50720629444	31095.263742087278	1.3095738537813304	-1.4416430437480374	268
half_step_1	2.449456897862151	0.006103515625	2	0	0	0	78949.50720629444	48136.139427060254	1.3095738537813304	-1.4416430437480374	268
half_step_2	2.455560413487151	0.006103515625	1	1	1	1	78949.50720629444	36209.3289104515	1.0123020455976075	-1.4321823274854413	271
full_step	2.461663929112151	0.06103515625	2	3	3	1.5	78949.50720629444	35889.502447585655	1.5545468427571905	-1.5697108796913906	256
full_step	2.461663929112151	0.030517578125	2	2	2	1	78949.50720629444	31427.821539285633	1.5545468427571905	-1.5697108796913906	256
half_step_1	2.461663929112151	0.0152587890625	1	2	2	2	78949.50720629444	23974.658229903795	1.5545468427571905	-1.5697108796913906	256
full_step	2.461663929112151	0.0152587890625	2	2	2	1	78949.50720629444	25458.605870672556	1.5545468427571905	-1.5697108796913906	256
full_step	2.461663929112151	0.00762939453125	2	3	3	1.5	78949.50720629444	18627.280187936285	1.5545468427571905	-1.5697108796913906	256
full_step	2.461663929112151	0.003814697265625	2	0	0	0	78949.50720629444	34778.774911708715	1.5545468427571905	-1.5697108796913906	256
half_step_1	2.461663929112151	0.0019073486328125	2	0	0	0	78949.50720629444	53940.963771411974	1.5545468427571905	-1.5697108796913906	256
half_step_2	2.4635712777449634	0.0019073486328125	2	0	0	0	78949.50720629444	22863.76496243857	0.8239590008561208	-1.5957244359576266	171
full_step	2.465478626377776	0.019073486328125	2	8	8	4	78949.50720629444	32724.842025103717	0.46210367932326335	-1.628635388787602	185
half_step_1	2.465478626377776	0.0095367431640625	1	7	7	7	78949.50720629444	2493.8427740204975	0.46210367932326335	-1.628635388787602	185
half_step_2	2.4750153695418384	0.0095367431640625	2	5	3	2.5	78949.50720629444	17267.520682380335	1.5116778288520436	-1.5151842139583842	178
full_step	2.484552112705901	0.095367431640625	2	3	3	1.5	78949.50720629444	55366.56701912924	1.7811801298721548	-1.41109693468037	247
full_step	2.484552112705901	0.0476837158203125	2	0	0	0	78949.50720629444	38844.92913411176	1.7811801298721548	-1.41109693468037	247
full_step	2.484552112705901	0.02384185791015625	3	0	0	0	78949.50720629444	28040.93711439288	1.7811801298721548	-1.41109693468037	247
half_step_1	2.484552112705901	0.011920928955078125	2	0	0	0	78949.50720629444	29202.419168769335	1.7811801298721548	-1.41109693468037	247
half_step_2	2.496473041660979	0.011920928955078125	2	3	3	1.5	78949.50720629444	23087.743329223467	0.900702747007017	-1.4485111543457754	239
full_step	2.484552112705901	0.011920928955078125	2	0	0	0	78949.50720629444	29235.48048489897	1.7811801298721548	-1.41109693468037	247
half_step_1	2.484552112705901	0.0059604644775390625	2	0	0	0	78949.50720629444	49966.00902762282	1.7811801298721548	-1.41109693468037	247
half_step_2	2.49051257718344	0.0059604644775390625	2	3	3	1.5	78949.50720629444	29893.412447053826	0.9445214253355516	-1.432780269625224	234
full_step	2.496473041660979	0.059604644775390625	2	3	3	1.5	78949.50720629444	34686.31532046827	1.1127788660724036	-1.4130933538052661	232
full_step	2.496473041660979	0.029802322387695312	2	2	2	1	78949.50720629444	27202.66453145821	1.1127788660724036	-1.4130933538052661	232
full_step	2.496473041660979	0.014901161193847656	1	1	1	1	78949.50720629444	24279.69813955351	1.1127788660724036	-1.4130933538052661	232
full_step	2.496473041660979	0.007450580596923828	1	2	2	2	78949.50720629444	28429.85996077488	1.1127788660724036	-1.4130933538052661	232
half_step_1	2.496473041660979	0.003725290298461914	3	0	0	0	78949.50720629444	51359.322094951975	1.1127788660724036	-1.4130933538052661	232
half_step_2	2.500198331959441	0.003725290298461914	2	0	0	0	78949.50720629444	22675.38770352005	0.8816590668466233	-1.5699656473452581	232
full_step	2.503923622257903	0.03725290298461914	2	3	3	1.5	78949.50720629444	31613.932532829294	1.0045161158595874	-1.5107664950263102	177
full_step	2.503923622257903	0.01862645149230957	2	3	2	1.5	78949.50720629444	27958.92477507017	1.0045161158595874	-1.5107664950263102	177
full_step	2.503923622257903	0.009313225746154785	2	4	4	2	78949.50720629444	15840.583189257799	1.0045161158595874	-1.5107664950263102	177
full_step	2.503923622257903	0.004656612873077393	1	2	2	2	78949.50720629444	25690.857901825264	1.0045161158595874	-1.5107664950263102	177
half_step_1	2.503923622257903	0.0023283064365386963	2	0	0	0	78949.50720629444	46071.299511485886	1.0045161158595874	-1.5107664950263102	177
half_step_2	2.5062519286944416	0.0023283064365386963	1	0	0	0	78949.50720629444	19687.997157773883	0.5238764934620121	-1.5676450570909852	166
full_step	2.5085802351309803	0.023283064365386963	2	5	5	2.5	78949.50720629444	29303.99986876583	0.42857613157138985	-1.592587891179644	170
half_step_1	2.5085802351309803	0.011641532182693481	2	6	4	3	78949.50720629444	23233.408288084604	0.42857613157138985	-1.592587891179644	170
half_step_2	2.5202217673136738	0.011641532182693481	2	6	4	3	78949.50720629444	14558.626220675918	1.7110918547496112	-1.4910360753653504	183
full_step	2.5318632994963672	0.1	3	3	3	1	78949.50720629444	60144.92249983399	1.4494071539375	-1.3545723831378915	285
full_step	2.5318632994963672	0.05	2	0	0	0	78949.50720629444	36613.43410420365	1.4494071539375	-1.3545723831378915	285
full_step	2.5318632994963672	0.025	2	0	0	0	78949.50720629444	32825.98122383269	1.4494071539375	-1.3545723831378915	285
full_step	2.5318632994963672	0.0125	3	0	0	0	78949.50720629444	36153.921986900874	1.4494071539375	-1.3545723831378915	285
full_step	2.5318632994963672	0.00625	3	0	0	0	78949.50720629444	60659.25457519311	1.4494071539375	-1.3545723831378915	285
half_step_1	2.5318632994963672	0.003125	3	0	0	0	98043.8643169406	85603.93614830216	1.4494071539375	-1.3545723831378915	285
half_step_2	2.534988299496367	0.003125	1	2	2	2	98043.8643169406	19693.55606818024	0.7400640891482908	-1.5637196411021002	283
full_step	2.5381132994963673	0.03125	2	2	2	1	98043.8643169406	37333.98320657823	1.0018586613678053	-1.5689298988343734	290
half_step_1	2.5381132994963673	0.015625	1	2	2	2	98043.8643169406	27735.274609232405	1.0018586613678053	-1.5689298988343734	290
full_step	2.5381132994963673	0.015625	2	3	3	1.5	98043.8643169406	32869.09399660422	1.0018586613678053	-1.5689298988343734	290
full_step	2.5381132994963673	0.0078125	2	3	3	1.5	98043.8643169406	15549.197243385786	1.0018586613678053	-1.5689298988343734	290
full_step	2.5381132994963673	0.00390625	1	2	2	2	98043.8643169406	23419.398528234335	1.0018586613678053	-1.5689298988343734	290
half_step_1	2.5381132994963673	0.001953125	3	0	0	0	98043.8643169406	41462.76710499719	1.0018586613678053	-1.5689298988343734	290
half_step_2	2.5400664244963673	0.001953125	2	0	0	0	98043.8643169406	17686.615331845846	0.6606660319503135	-1.580227257682367	198
full_step	2.5420195494963673	0.01953125	3	7	7	2.3333333333333335	98043.8643169406	36720.4421885385	0.5532594096603134	-1.613838666047131	194
half_step_1	2.5420195494963673	0.009765625	2	8	6	4	98043.8643169406	24978.270228431847	0.5532594096603134	-1.613838666047131	194
half_step_2	2.5517851744963673	0.009765625	3	12	7	4	98043.8643169406	15984.026089340528	1.8188013925373525	-1.5142037514829492	195
full_step	2.5420195494963673	0.009765625	2	8	8	4	98043.8643169406	24977.9143468704	0.5532594096603134	-1.613838666047131	194
half_step_1	2.5420195494963673	0.0048828125	1	3	3	3	98043.8643169406	4374.748241999708	0.5532594096603134	-1.613838666047131	194
half_step_2	2.5469023619963673	0.0048828125	2	0	0	0	98043.8643169406	28698.210010250124	1.516699420839359	-1.5180826578131783	202
full_step	2.5517851744963673	0.048828125	2	3	3	1.5	98043.8643169406	39950.892948336754	1.7602913662376523	-1.5036345533546323	197
full_step	2.5517851744963673	0.0244140625	2	4	3	2	98043.8643169406	35278.03126420802	1.7602913662376523	-1.5036345533546323	197
full_step	2.5517851744963673	0.01220703125	2	3	3	1.5	98043.8643169406	20146.035054004446	1.7602913662376523	-1.5036345533546323	197
full_step	2.5517851744963673	0.006103515625	1	2	2	2	98043.8643169406	23746.96748777421	1.7602913662376523	-1.5036345533546323	197
full_step	2.5517851744963673	0.0030517578125	2	0	0	0	98043.8643169406	43413.5404319448	1.7602913662376523	-1.5036345533546323	197
half_step_1	2.5517851744963673	0.00152587890625	3	0	0	0	98043.8643169406	51969.487729464556	1.7602913662376523	-1.5036345533546323	197
half_step_2	2.5533110534026173	0.00152587890625	1	0	0	0	98043.8643169406	13270.573100202873	0.7287394074992335	-1.605597760621923	190
full_step	2.5548369323088673	0.0152587890625	3	8	8	2.6666666666666665	98043.8643169406	31379.14794265533	0.37278371117099596	-1.6513565269332389	194
half_step_1	2.5548369323088673	0.00762939453125	2	12	8	6	98043.8643169406	16431.347550593506	0.37278371117099596	-1.6513565269332389	194
half_step_2	2.5624663268401173	0.00762939453125	3	7	7	2.3333333333333335	98043.8643169406	18263.599480192257	1.4804482440758875	-1.5004370495757682	209
full_step	2.5700957213713673	0.0762939453125	3	3	3	1	98043.8643169406	50155.17159772724	1.4916094860091107	-1.4098596560286487	237
full_step	2.5700957213713673	0.03814697265625	2	0	0	0	98043.8643169406	29586.366167230146	1.4916094860091107	-1.4098596560286487	237
full_step	2.5700957213713673	0.019073486328125	2	0	0	0	98043.8643169406	25618.261568910348	1.4916094860091107	-1.4098596560286487	237
full_step	2.5700957213713673	0.0095367431640625	2	0	0	0	98043.8643169406	24099.791874611245	1.4916094860091107	-1.4098596560286487	237
half_step_1	2.5700957213713673	0.00476837158203125	2	0	0	0	98043.8643169406	38629.43839490946	1.4916094860091107	-1.4098596560286487	237
half_step_2	2.5748640929533986	0.00476837158203125	2	0	0	0	98043.8643169406	26802.089754541943	0.8282217689320532	-1.4627567670349235	239
full_step	2.57963246453543	0.0476837158203125	3	3	3	1	98043.8643169406	30510.777202960922	1.2708617673088156	-1.489876566968719	249
full_step	2.57963246453543	0.02384185791015625	2	2	2	1	98043.8643169406	24854.949308206735	1.2708617673088156	-1.489876566968719	249
full_step	2.57963246453543	0.011920928955078125	2	4	3	2	98043.8643169406	21384.12045311044	1.2708617673088156	-1.489876566968719	249
full_step	2.57963246453543	0.0059604644775390625	1	2	2	2	98043.8643169406	31729.08381157605	1.2708617673088156	-1.489876566968719	249
half_step_1	2.57963246453543	0.0029802322387695312	2	0	0	0	98043.8643169406	55974.22632458824	1.2708617673088156	-1.489876566968719	249
half_step_2	2.5826126967741994	0.0029802322387695312	1	0	0	0	98043.8643169406	19192.296356159142	0.8878900504660123	-1.6115401380495553	203
full_step	2.585592929012969	0.029802322387695312	2	3	3	1.5	98043.8643169406	26199.46628033168	0.9296370740394195	-1.6181291400206952	138
full_step	2.585592929012969	0.014901161193847656	2	4	4	2	98043.8643169406	22795.80845882478	0.9296370740394195	-1.6181291400206952	138
full_step	2.585592929012969	0.007450580596923828	2	6	5	3	98043.8643169406	13989.613731738758	0.9296370740394195	-1.6181291400206952	138
full_step	2.585592929012969	0.003725290298461914	1	3	3	3	98043.8643169406	14141.694880584595	0.9296370740394195	-1.6181291400206952	138
half_step_1	2.585592929012969	0.001862645149230957	2	0	0	0	98043.8643169406	27174.31389109598	0.9296370740394195	-1.6181291400206952	138
half_step_2	2.5874555741622	0.001862645149230957	2	0	0	0	98043.8643169406	16624.185724931063	0.6823000441490876	-1.6133742492726548	135
full_step	2.589318219311431	0.01862645149230957	3	6	6	2	98043.8643169406	23748.83829877224	0.6024886324939871	-1.6338271888114722	133
full_step	2.589318219311431	0.009313225746154785	2	6	6	3	98043.8643169406	19723.21721721201	0.6024886324939871	-1.6338271888114722	133
full_step	2.589318219311431	0.004656612873077393	1	5	5	5	98043.8643169406	4410.803736212098	0.6024886324939871	-1.6338271888114722	133
half_step_1	2.589318219311431	0.0023283064365386963	1	1	1	1	98043.8643169406	8443.860847912263	0.6024886324939871	-1.6338271888114722	133
half_step_2	2.5916465257479695	0.0023283064365386963	2	0	0	0	98043.8643169406	20623.65351227351	0.8183761526288436	-1.6121567547823503	142
full_step	2.593974832184508	0.023283064365386963	2	4	4	2	98043.8643169406	25135.483595270496	0.8032426696663606	-1.5966419314832199	133
full_step	2.593974832184508	0.011641532182693481	2	5	5	2.5	98043.8643169406	19523.357361350627	0.8032426696663606	-1.5966419314832199	133
full_step	2.593974832184508	0.005820766091346741	1	4	4	4	98043.8643169406	7962.323161125106	0.8032426696663606	-1.5966419314832199	133
half_step_1	2.593974832184508	0.0029103830456733704	2	0	0	0	98043.8643169406	15431.874189197693	0.8032426696663606	-1.5966419314832199	133
half_step_2	2.5968852152301816	0.0029103830456733704	2	0	0	0	98043.8643169406	19037.436303391354	0.9730295516001206	-1.6031415790910006	139
full_step	2.599795598275855	0.029103830456733704	2	3	3	1.5	98043.8643169406	26029.881611002147	1.0794649497529463	-1.5570066333228145	134
full_step	2.599795598275855	0.014551915228366852	2	3	2	1.5	98043.8643169406	19084.533288138413	1.0794649497529463	-1.5570066333228145	134
half_step_1	2.599795598275855	0.007275957614183426	2	4	3	2	98043.8643169406	12757.054450953437	1.0794649497529463	-1.5570066333228145	134
half_step_2	2.6070715558900384	0.007275957614183426	2	0	0	0	98043.8643169406	42585.08263272544	1.8761022869002772	-1.4878837121299249	211
full_step	2.614347513504222	0.07275957614183426	3	3	3	1	98043.8643169406	42451.79808799896	1.425819621363189	-1.3788617680034416	206
full_step	2.614347513504222	0.03637978807091713	2	2	2	1	98043.8643169406	32414.085694905734	1.425819621363189	-1.3788617680034416	206
full_step	2.614347513504222	0.018189894035458565	2	0	0	0	98043.8643169406	27114.921714877022	1.425819621363189	-1.3788617680034416	206
full_step	2.614347513504222	0.009094947017729282	2	0	0	0	98043.8643169406	28383.443201786456	1.425819621363189	-1.3788617680034416	206
full_step	2.614347513504222	0.004547473508864641	2	0	0	0	98043.8643169406	48203.698649509475	1.425819621363189	-1.3788617680034416	206
half_step_1	2.614347513504222	0.0022737367544323206	3	0	0	0	98043.8643169406	70770.03981328885	1.425819621363189	-1.3788617680034416	206
half_step_2	2.616621250258654	0.0022737367544323206	1	2	2	2	98043.8643169406	12526.457907582106	0.4360026111753541	-1.497752025208857	203
full_step	2.6188949870130864	0.022737367544323206	3	3	3	1	98043.8643169406	30767.042570589478	0.6494050279707153	-1.5197418936747	201
full_step	2.6188949870130864	0.011368683772161603	2	4	4	2	98043.8643169406	25294.467714366172	0.6494050279707153	-1.5197418936747	201
full_step	2.6188949870130864	0.0056843418860808015	1	3	3	3	98043.8643169406	6728.532236302556	0.6494050279707153	-1.5197418936747	201
half_step_1	2.6188949870130864	0.0028421709430404007	1	0	0	0	98043.8643169406	13066.920704402846	0.6494050279707153	-1.5197418936747	201
half_step_2	2.621737157956127	0.0028421709430404007	2	0	0	0	98043.8643169406	25522.170329019846	1.0085046242165845	-1.5282568216777772	218
full_step	2.6245793288991672	0.028421709430404007	2	3	3	1.5	98043.8643169406	34679.551996352115	1.0540705161456572	-1.602195159590032	211
full_step	2.6245793288991672	0.014210854715202004	2	6	5	3	98043.8643169406	27327.20527754087	1.0540705161456572	-1.602195159590032	211
full_step	2.6245793288991672	0.007105427357601002	2	4	4	2	98043.8643169406	11328.03768060353	1.0540705161456572	-1.602195159590032	211
full_step	2.6245793288991672	0.003552713678800501	1	3	3	3	98043.8643169406	18403.623571921486	1.0540705161456572	-1.602195159590032	211
half_step_1	2.6245793288991672	0.0017763568394002505	2	0	0	0	98043.8643169406	34883.411954957504	1.0540705161456572	-1.602195159590032	211
half_step_2	2.6263556857385675	0.0017763568394002505	1	0	0	0	98043.8643169406	13679.884149869808	0.66878002861813	-1.6219084230926164	188
full_step	2.6281320425779677	0.017763568394002505	2	6	6	3	98043.8643169406	31349.824817301513	0.5963330070171651	-1.607259619694288	187
full_step	2.6281320425779677	0.008881784197001252	2	7	7	3.5	98043.8643169406	17356.09984288156	0.5963330070171651	-1.607259619694288	187
half_step_1	2.6281320425779677	0.004440892098500626	1	3	3	3	98043.8643169406	4770.2113009306995	0.5963330070171651	-1.607259619694288	187
half_step_2	2.6325729346764684	0.004440892098500626	2	0	0	0	98043.8643169406	25907.06431134622	1.4357518750657619	-1.5389848596913251	188
full_step	2.637013826774969	0.04440892098500626	3	3	3	1	98043.8643169406	40341.00730736953	1.7022241105751164	-1.5152618682739079	190
full_step	2.637013826774969	0.02220446049250313	2	3	3	1.5	98043.8643169406	27859.346010970967	1.7022241105751164	-1.5152618682739079	190
full_step	2.637013826774969	0.011102230246251565	1	2	2	2	98043.8643169406	12730.710012294288	1.7022241105751164	-1.5152618682739079	190
full_step	2.637013826774969	0.005551115123125783	1	3	3	3	98043.8643169406	24320.713438279556	1.7022241105751164	-1.5152618682739079	190
full_step	2.637013826774969	0.0027755575615628914	2	0	0	0	98043.8643169406	41512.62208071097	1.7022241105751164	-1.5152618682739079	190
half_step_1	2.637013826774969	0.0013877787807814457	3	0	0	0	98043.8643169406	53309.066581993335	1.7022241105751164	-1.5152618682739079	190
half_step_2	2.6384016055557504	0.0013877787807814457	2	0	0	0	98043.8643169406	16719.26188215083	0.6984748987379135	-1.6137306572107057	179
full_step	2.639789384336532	0.013877787807814457	3	8	8	2.6666666666666665	98043.8643169406	26192.29579437226	0.3311362464683043	-1.6470654578438357	172
half_step_1	2.639789384336532	0.006938893903907228	2	13	8	6.5	98043.8643169406	13549.956570662038	0.3311362464683043	-1.6470654578438357	172
half_step_2	2.646728278240439	0.006938893903907228	3	9	9	3	98043.8643169406	18651.655095460337	1.5512036264171911	-1.5452121480275318	209
full_step	2.6536671721443463	0.06938893903907228	3	2	2	0.6666666666666666	98043.8643169406	45983.283896843735	1.6822610460785654	-1.483321216078325	290
full_step	2.6536671721443463	0.03469446951953614	2	0	0	0	98043.8643169406	37424.5077405244	1.6822610460785654	-1.483321216078325	290
full_step	2.6536671721443463	0.01734723475976807	2	0	0	0	98043.8643169406	35968.322896307516	1.6822610460785654	-1.483321216078325	290
half_step_1	2.6536671721443463	0.008673617379884035	2	0	0	0	98043.8643169406	25318.60278088733	1.6822610460785654	-1.483321216078325	290
half_step_2	2.6623407895242304	0.008673617379884035	1	0	0	0	98043.8643169406	43557.23368902716	1.4865909134496178	-1.4110113413647762	289
full_step	2.6536671721443463	0.008673617379884035	2	0	0	0	98043.8643169406	25601.815664691505	1.6822610460785654	-1.483321216078325	290
half_step_1	2.6536671721443463	0.004336808689942018	2	0	0	0	98043.8643169406	45772.59278382835	1.6822610460785654	-1.483321216078325	290
half_step_2	2.6580039808342883	0.004336808689942018	2	0	0	0	98043.8643169406	29293.991496558097	0.8884845452303125	-1.5102199681215824	288
full_step	2.6623407895242304	0.04336808689942018	3	3	3	1	98043.8643169406	39010.35266851232	0.9342714567010262	-1.5093145577773561	288
full_step	2.6623407895242304	0.02168404344971009	2	2	2	1	98043.8643169406	37212.922794761806	0.9342714567010262	-1.5093145577773561	288
full_step	2.6623407895242304	0.010842021724855044	2	3	3	1.5	98043.8643169406	25274.49536013198	0.9342714567010262	-1.5093145577773561	288
full_step	2.6623407895242304	0.005421010862427522	1	1	1	1	98043.8643169406	25539.877136574414	0.9342714567010262	-1.5093145577773561	288
half_step_1	2.6623407895242304	0.002710505431213761	2	0	0	0	98043.8643169406	48404.86888682369	0.9342714567010262	-1.5093145577773561	288
half_step_2	2.665051294955444	0.002710505431213761	2	0	0	0	98043.8643169406	14804.719822930134	0.7232908168225549	-1.601076620733359	267
full_step	2.667761800386658	0.02710505431213761	2	3	3	1.5	98043.8643169406	35915.71671797157	0.8279564440163085	-1.635478079574604	249
full_step	2.667761800386658	0.013552527156068805	2	4	4	2	98043.8643169406	26829.108087876077	0.8279564440163085	-1.635478079574604	249
full_step	2.667761800386658	0.006776263578034403	2	4	4	2	98043.8643169406	11165.642420707572	0.8279564440163085	-1.635478079574604	249
full_step	2.667761800386658	0.0033881317890172014	1	3	3	3	98043.8643169406	16036.003298784219	0.8279564440163085	-1.635478079574604	249
half_step_1	2.667761800386658	0.0016940658945086007	2	0	0	0	98043.8643169406	30653.269751471034	0.8279564440163085	-1.635478079574604	249
half_step_2	2.6694558662811665	0.0016940658945086007	2	0	0	0	98043.8643169406	15248.83383992261	0.5589951238507638	-1.606108213517167	181
full_step	2.671149932175675	0.016940658945086007	3	7	7	2.3333333333333335	98043.8643169406	33480.54290975839	0.48337383835860237	-1.637156521153604	182
half_step_1	2.671149932175675	0.008470329472543003	2	11	6	5.5	98043.8643169406	21333.287976111293	0.48337383835860237	-1.637156521153604	182
half_step_2	2.679620261648218	0.008470329472543003	2	10	8	5	98043.8643169406	23750.097794837955	1.832070894904973	-1.4747167716190688	185
full_step	2.671149932175675	0.008470329472543003	2	7	7	3.5	98043.8643169406	21337.527610480236	0.48337383835860237	-1.637156521153604	182
half_step_1	2.671149932175675	0.004235164736271502	1	3	3	3	98043.8643169406	3453.5679071592117	0.48337383835860237	-1.637156521153604	182
half_step_2	2.6753850969119464	0.004235164736271502	2	2	2	1	98043.8643169406	21856.25169018453	1.37326667060006	-1.542455451419094	177
full_step	2.679620261648218	0.04235164736271502	2	3	3	1.5	98043.8643169406	36383.61014768291	1.722704128938858	-1.428042205402892	176
full_step	2.679620261648218	0.02117582368135751	2	2	2	1	98043.8643169406	24538.88973316489	1.722704128938858	-1.428042205402892	176
full_step	2.679620261648218	0.010587911840678754	1	2	2	2	98043.8643169406	20977.430986532083	1.722704128938858	-1.428042205402892	176
full_step	2.679620261648218	0.005293955920339377	2	0	0	0	98043.8643169406	40336.03262801169	1.722704128938858	-1.428042205402892	176
half_step_1	2.679620261648218	0.0026469779601696886	2	0	0	0	98043.8643169406	60763.97072614047	1.722704128938858	-1.428042205402892	176
half_step_2	2.6822672396083878	0.0026469779601696886	1	0	0	0	98043.8643169406	18178.489422150535	0.7582164769828523	-1.5760934697883164	181
full_step	2.6849142175685574	0.026469779601696886	3	5	5	1.6666666666666667	98043.8643169406	34925.9593361758	0.6349089797349734	-1.5940416343801507	175
full_step	2.6849142175685574	0.013234889800848443	2	6	6	3	98043.8643169406	21224.241221446162	0.6349089797349734	-1.5940416343801507	175
half_step_1	2.6849142175685574	0.006617444900424221	1	4	4	4	98043.8643169406	5963.576792241634	0.6349089797349734	-1.5940416343801507	175
half_step_2	2.691531662468982	0.006617444900424221	3	0	0	0	98043.8643169406	25549.715144390433	1.5738065762398037	-1.524162644366255	223
full_step	2.6981491073694057	0.06617444900424221	3	2	2	0.6666666666666666	98043.8643169406	45367.07209617898	1.4819384864931635	-1.4263508764204176	262
full_step	2.6981491073694057	0.03308722450212111	2	0	0	0	98043.8643169406	36856.94755104204	1.4819384864931635	-1.4263508764204176	262
full_step	2.6981491073694057	0.016543612251060553	2	0	0	0	98043.8643169406	31686.474268361355	1.4819384864931635	-1.4263508764204176	262
half_step_1	2.6981491073694057	0.008271806125530277	2	0	0	0	98043.8643169406	33009.26307275537	1.4819384864931635	-1.4263508764204176	262
half_step_2	2.706420913494936	0.008271806125530277	1	2	2	2	98043.8643169406	37239.29401078341	1.3819905652762827	-1.410650249068809	278
full_step	2.6981491073694057	0.008271806125530277	2	0	0	0	98043.8643169406	33179.22977468125	1.4819384864931635	-1.4263508764204176	262
half_step_1	2.6981491073694057	0.004135903062765138	2	0	0	0	98043.8643169406	55918.46315272631	1.4819384864931635	-1.4263508764204176	262
half_step_2	2.702285010432171	0.004135903062765138	2	0	0	0	98043.8643169406	25264.92856359589	0.6273346565121756	-1.489490801085657	264
full_step	2.706420913494936	0.04135903062765138	3	2	2	0.6666666666666666	98043.8643169406	36311.97507321562	0.8493817961225432	-1.491968193179267	266
full_step	2.706420913494936	0.02067951531382569	2	2	2	1	98043.8643169406	30832.075443403766	0.8493817961225432	-1.491968193179267	266
full_step	2.706420913494936	0.010339757656912845	2	3	3	1.5	98043.8643169406	19045.056757758513	0.8493817961225432	-1.491968193179267	266
full_step	2.706420913494936	0.0051698788284564225	1	2	2	2	98043.8643169406	21058.670867325476	0.8493817961225432	-1.491968193179267	266
half_step_1	2.706420913494936	0.0025849394142282113	2	0	0	0	98043.8643169406	40643.1196575919	0.8493817961225432	-1.491968193179267	266
half_step_2	2.7090058529091645	0.0025849394142282113	2	0	0	0	98043.8643169406	22198.173777700653	0.7562164667124307	-1.5602993522283854	271
full_step	2.7115907923233924	0.025849394142282114	3	5	5	1.6666666666666667	98043.8643169406	34377.950721352754	0.6972631182234181	-1.664700687122571	274
full_step	2.7115907923233924	0.012924697071141057	2	7	7	3.5	98043.8643169406	25759.307903314817	0.6972631182234181	-1.664700687122571	274
full_step	2.7115907923233924	0.006462348535570529	2	3	3	1.5	98043.8643169406	11821.409059416503	0.6972631182234181	-1.664700687122571	274
half_step_1	2.7115907923233924	0.0032311742677852643	1	3	3	3	98043.8643169406	9865.14051944899	0.6972631182234181	-1.664700687122571	274
half_step_2	2.7148219665911775	0.0032311742677852643	3	0	0	0	98043.8643169406	30180.690075445626	1.1469339370505622	-1.584696946310523	206
full_step	2.718053140858963	0.03231174267785264	2	5	5	2.5	98043.8643169406	38418.570271406694	1.0416999885801488	-1.585786018090606	214
full_step	2.718053140858963	0.01615587133892632	2	6	5	3	98043.8643169406	25966.720136914915	1.0416999885801488	-1.585786018090606	214
full_step	2.718053140858963	0.00807793566946316	2	5	4	2.5	98043.8643169406	14841.27525792641	1.0416999885801488	-1.585786018090606	214
full_step	2.718053140858963	0.00403896783473158	1	3	3	3	98043.8643169406	21391.37076802078	1.0416999885801488	-1.585786018090606	214
half_step_1	2.718053140858963	0.00201948391736579	2	0	0	0	98043.8643169406	37785.98850602492	1.0416999885801488	-1.585786018090606	214
half_step_2	2.720072624776329	0.00201948391736579	2	0	0	0	98043.8643169406	19014.00878431589	0.543078288594188	-1.6106912418773858	204
full_step	2.7220921086936944	0.0201948391736579	3	8	8	2.6666666666666665	98043.8643169406	32919.29595040663	0.38031901194881357	-1.6249442850115312	191
half_step_1	2.7220921086936944	0.01009741958682895	2	7	4	3.5	98043.8643169406	18207.24970271542	0.38031901194881357	-1.6249442850115312	191
half_step_2	2.7321895282805233	0.01009741958682895	3	8	6	2.6666666666666665	98043.8643169406	16693.055081573075	1.6289871795124782	-1.4936286228616635	195
full_step	2.742286947867352	0.1	3	3	3	1	98043.8643169406	73781.00289277903	1.7425536093433038	-1.4486467055327084	295
full_step	2.742286947867352	0.05	2	0	0	0	98043.8643169406	38349.62807781041	1.7425536093433038	-1.4486467055327084	295
full_step	2.742286947867352	0.025	2	0	0	0	98043.8643169406	32823.78513452254	1.7425536093433038	-1.4486467055327084	295
full_step	2.742286947867352	0.0125	2	0	0	0	98043.8643169406	26179.547468506917	1.7425536093433038	-1.4486467055327084	295
half_step_1	2.742286947867352	0.00625	2	0	0	0	98043.8643169406	44492.608422132376	1.7425536093433038	-1.4486467055327084	295
half_step_2	2.7485369478673523	0.00625	1	0	0	0	98043.8643169406	38320.670420126924	0.7814278142741387	-1.4463903426789164	288
full_step	2.7547869478673523	0.0625	3	3	3	1	98043.8643169406	39301.973211383054	1.1553276837694284	-1.4990982012653056	284
full_step	2.7547869478673523	0.03125	2	3	3	1.5	98043.8643169406	35378.46066413542	1.1553276837694284	-1.4990982012653056	284
full_step	2.7547869478673523	0.015625	2	3	3	1.5	98043.8643169406	24097.781872677217	1.1553276837694284	-1.4990982012653056	284
full_step	2.7547869478673523	0.0078125	1	3	3	3	98043.8643169406	29484.279874001157	1.1553276837694284	-1.4990982012653056	284
half_step_1	2.7547869478673523	0.00390625	2	0	0	0	98043.8643169406	54380.86043235456	1.1553276837694284	-1.4990982012653056	284
half_step_2	2.7586931978673523	0.00390625	2	0	0	0	98043.8643169406	30423.47545173213	0.8831611821133265	-1.5675031184979804	247
full_step	2.7625994478673523	0.0390625	3	3	3	1	98043.8643169406	36366.23232803764	0.875017455437046	-1.5361359680459545	180
full_step	2.7625994478673523	0.01953125	2	6	4	3	98043.8643169406	27875.216711761	0.875017455437046	-1.5361359680459545	180
full_step	2.7625994478673523	0.009765625	2	5	4	2.5	98043.8643169406	20240.930344293494	0.875017455437046	-1.5361359680459545	180
full_step	2.7625994478673523	0.0048828125	1	3	3	3	98043.8643169406	22236.90709075374	0.875017455437046	-1.5361359680459545	180
half_step_1	2.7625994478673523	0.00244140625	2	0	0	0	98043.8643169406	40881.76486743155	0.875017455437046	-1.5361359680459545	180
half_step_2	2.7650408541173523	0.00244140625	2	0	0	0	98043.8643169406	21728.177696104685	0.5238690903734096	-1.574809898015242	171
full_step	2.7674822603673523	0.0244140625	3	5	5	1.6666666666666667	98043.8643169406	34900.27304556774	0.4518246013794851	-1.6199113157893072	179
full_step	2.7674822603673523	0.01220703125	2	7	7	3.5	98043.8643169406	22878.740819910476	0.4518246013794851	-1.6199113157893072	179
half_step_1	2.7674822603673523	0.006103515625	1	4	4	4	98043.8643169406	5228.469063230601	0.4518246013794851	-1.6199113157893072	179
half_step_2	2.7735857759923523	0.006103515625	2	1	1	0.5	98043.8643169406	32750.385450356258	1.6309598067291518	-1.4527147671815552	173
full_step	2.7796892916173523	0.06103515625	3	3	3	1	98043.8643169406	42865.10915212968	1.912165370042203	-1.443944402018686	168
full_step	2.7796892916173523	0.030517578125	3	3	3	1	98043.8643169406	26460.856284203805	1.912165370042203	-1.443944402018686	168
full_step	2.7796892916173523	0.0152587890625	1	2	2	2	98043.8643169406	16961.963852510224	1.912165370042203	-1.443944402018686	168
half_step_1	2.7796892916173523	0.00762939453125	2	4	3	2	98043.8643169406	29644.822091874794	1.912165370042203	-1.443944402018686	168
full_step	2.7796892916173523	0.00762939453125	1	3	3	3	98043.8643169406	29785.827775415986	1.912165370042203	-1.443944402018686	168
full_step	2.7796892916173523	0.003814697265625	2	0	0	0	98043.8643169406	50975.974478851655	1.912165370042203	-1.443944402018686	168
half_step_1	2.7796892916173523	0.0019073486328125	3	0	0	0	98043.8643169406	58149.69759535829	1.912165370042203	-1.443944402018686	168
half_step_2	2.781596640250165	0.0019073486328125	1	2	2	2	98043.8643169406	24954.968336785645	0.7768710599921178	-1.5627712841471555	168
full_step	2.7835039888829773	0.019073486328125	3	8	8	2.6666666666666665	98043.8643169406	21063.730522111222	0.4535411598990322	-1.6265223782129112	166
full_step	2.7835039888829773	0.0095367431640625	2	7	7	3.5	98043.8643169406	17626.64534530212	0.4535411598990322	-1.6265223782129112	166
half_step_1	2.7835039888829773	0.00476837158203125	2	7	5	3.5	98043.8643169406	4052.967174230555	0.4535411598990322	-1.6265223782129112	166
half_step_2	2.7882723604650086	0.00476837158203125	2	3	3	1.5	98043.8643169406	22209.490494344	1.2862595778315153	-1.5474479009062554	255
full_step	2.79304073204704	0.0476837158203125	2	0	0	0	98043.8643169406	38667.14226327281	1.1776754753936984	-1.455538043726382	258
full_step	2.79304073204704	0.02384185791015625	2	0	0	0	98043.8643169406	34749.78095666488	1.1776754753936984	-1.455538043726382	258
full_step	2.79304073204704	0.011920928955078125	2	0	0	0	98043.8643169406	28118.673929409724	1.1776754753936984	-1.455538043726382	258
half_step_1	2.79304073204704	0.0059604644775390625	2	0	0	0	98043.8643169406	26326.33506515869	1.1776754753936984	-1.455538043726382	258
half_step_2	2.799001196524579	0.0059604644775390625	2	0	0	0	98043.8643169406	31864.222602838287	1.093028046478139	-1.418179790968148	248
full_step	2.804961661002118	0.059604644775390625	3	3	3	1	98043.8643169406	40932.02323331786	1.739614950498435	-1.4285382328867617	254
full_step	2.804961661002118	0.029802322387695312	2	3	3	1.5	98043.8643169406	36923.92030444405	1.739614950498435	-1.4285382328867617	254
full_step	2.804961661002118	0.014901161193847656	2	3	3	1.5	98043.8643169406	26005.851534337868	1.739614950498435	-1.4285382328867617	254
full_step	2.804961661002118	0.007450580596923828	1	3	3	3	98043.8643169406	28894.25077806914	1.739614950498435	-1.4285382328867617	254
full_step	2.804961661002118	0.003725290298461914	3	0	0	0	98043.8643169406	51225.12088959667	1.739614950498435	-1.4285382328867617	254
half_step_1	2.804961661002118	0.001862645149230957	3	0	0	0	98043.8643169406	73978.48478564502	1.739614950498435	-1.4285382328867617	254
half_step_2	2.806824306151349	0.001862645149230957	2	0	0	0	98043.8643169406	25545.161769055067	0.9292662142361223	-1.5908135796894651	244
full_step	2.80868695130058	0.01862645149230957	3	8	8	2.6666666666666665	98043.8643169406	34913.3236240028	0.6079833395760943	-1.6012449408418323	219
full_step	2.80868695130058	0.009313225746154785	2	8	8	4	98043.8643169406	18323.99325050583	0.6079833395760943	-1.6012449408418323	219
half_step_1	2.80868695130058	0.004656612873077393	1	3	3	3	98043.8643169406	5903.481074141468	0.6079833395760943	-1.6012449408418323	219
half_step_2	2.8133435641736573	0.004656612873077393	2	0	0	0	98043.8643169406	19879.9708855941	1.3790413299993816	-1.5270787298880444	201
full_step	2.8180001770467347	0.046566128730773926	3	3	3	1	98043.8643169406	41185.68902902155	1.8612593482102966	-1.5184033562372536	211
full_step	2.8180001770467347	0.023283064365386963	2	2	2	1	98043.8643169406	31397.23702380961	1.8612593482102966	-1.5184033562372536	211
full_step	2.8180001770467347	0.011641532182693481	1	2	2	2	98043.8643169406	15164.447414057215	1.8612593482102966	-1.5184033562372536	211
full_step	2.8180001770467347	0.005820766091346741	1	1	1	1	98043.8643169406	23332.12560369702	1.8612593482102966	-1.5184033562372536	211
full_step	2.8180001770467347	0.0029103830456733704	2	0	0	0	98043.8643169406	42950.40589551202	1.8612593482102966	-1.5184033562372536	211
half_step_1	2.8180001770467347	0.0014551915228366852	3	0	0	0	98043.8643169406	58151.63467780084	1.8612593482102966	-1.5184033562372536	211
half_step_2	2.8194553685695714	0.0014551915228366852	2	0	0	0	98043.8643169406	26894.92955202002	1.0545426729768224	-1.562838400307592	203
full_step	2.820910560092408	0.014551915228366852	3	8	8	2.6666666666666665	98043.8643169406	28538.746748229394	0.4713087875607016	-1.6537459910376133	198
full_step	2.820910560092408	0.007275957614183426	2	8	8	4	98043.8643169406	12685.83503215265	0.4713087875607016	-1.6537459910376133	198
half_step_1	2.820910560092408	0.003637978807091713	1	5	5	5	98043.8643169406	1990.7337435460681	0.4713087875607016	-1.6537459910376133	198
half_step_2	2.8245485388994997	0.003637978807091713	2	5	3	2.5	98043.8643169406	10626.016395216991	1.2062827520476276	-1.5733740233601627	204
full_step	2.8281865177065915	0.03637978807091713	3	2	2	0.6666666666666666	98043.8643169406	40392.18219276965	1.6065813474851893	-1.5351562908992957	212
full_step	2.8281865177065915	0.018189894035458565	2	0	0	0	98043.8643169406	19162.66682582759	1.6065813474851893	-1.5351562908992957	212
full_step	2.8281865177065915	0.009094947017729282	2	0	0	0	98043.8643169406	14821.184718704748	1.6065813474851893	-1.5351562908992957	212
full_step	2.8281865177065915	0.004547473508864641	2	0	0	0	98043.8643169406	19728.61982959598	1.6065813474851893	-1.5351562908992957	212
half_step_1	2.8281865177065915	0.0022737367544323206	2	0	0	0	98043.8643169406	37227.218818444155	1.6065813474851893	-1.5351562908992957	212
half_step_2	2.830460254461024	0.0022737367544323206	2	0	0	0	98043.8643169406	35658.71516473496	1.279841338062397	-1.53835962385078	203
full_step	2.832733991215456	0.022737367544323206	4	8	6	2	98043.8643169406	25254.09494621682	0.9327281216246774	-1.587099391614285	219
full_step	2.832733991215456	0.011368683772161603	3	8	8	2.6666666666666665	98043.8643169406	16509.09033582604	0.9327281216246774	-1.587099391614285	219
half_step_1	2.832733991215456	0.0056843418860808015	2	6	4	3	98043.8643169406	9011.570238394788	0.9327281216246774	-1.587099391614285	219
half_step_2	2.838418333101537	0.0056843418860808015	2	6	6	3	98043.8643169406	9292.324375079439	1.441352861944324	-1.5258022267787388	282
full_step	2.8441026749876177	0.056843418860808015	2	2	2	1	98043.8643169406	38288.40481223695	1.2711492492344405	-1.444732374140429	294
full_step	2.8441026749876177	0.028421709430404007	2	4	4	2	98043.8643169406	34515.293838149126	1.2711492492344405	-1.444732374140429	294
full_step	2.8441026749876177	0.014210854715202004	2	7	7	3.5	98043.8643169406	26441.533350253376	1.2711492492344405	-1.444732374140429	294
full_step	2.8441026749876177	0.007105427357601002	2	6	6	3	98043.8643169406	14709.54708725168	1.2711492492344405	-1.444732374140429	294
full_step	2.8441026749876177	0.003552713678800501	2	5	5	2.5	98043.8643169406	26849.81060335931	1.2711492492344405	-1.444732374140429	294
half_step_1	2.8441026749876177	0.0017763568394002505	3	0	0	0	98043.8643169406	77031.48627753337	1.2711492492344405	-1.444732374140429	294
half_step_2	2.845879031827018	0.0017763568394002505	2	0	0	0	98043.8643169406	21252.467723466776	0.4893410140375636	-1.5702019872961157	284
full_step	2.847655388666418	0.017763568394002505	3	8	8	2.6666666666666665	98043.8643169406	29557.215995063092	0.42796361142245587	-1.61507461027619	251
full_step	2.847655388666418	0.008881784197001252	2	7	7	3.5	98043.8643169406	20998.245844272948	0.42796361142245587	-1.61507461027619	251
half_step_1	2.847655388666418	0.004440892098500626	1	3	3	3	98043.8643169406	2921.4444228807374	0.42796361142245587	-1.61507461027619	251
half_step_2	2.852096280764919	0.004440892098500626	3	2	2	0.6666666666666666	98043.8643169406	32484.0893650132	1.3831950861531368	-1.4922144043324435	254
full_step	2.8565371728634195	0.04440892098500626	3	3	3	1	98043.8643169406	34552.546219406715	1.5613289763296052	-1.5708406853565748	246
full_step	2.8565371728634195	0.02220446049250313	2	3	3	1.5	98043.8643169406	28887.072463014432	1.5613289763296052	-1.5708406853565748	246
full_step	2.8565371728634195	0.011102230246251565	2	3	3	1.5	98043.8643169406	21178.921231493794	1.5613289763296052	-1.5708406853565748	246
full_step	2.8565371728634195	0.005551115123125783	1	2	2	2	98043.8643169406	17971.43523763706	1.5613289763296052	-1.5708406853565748	246
full_step	2.8565371728634195	0.0027755575615628914	2	0	0	0	98043.8643169406	33404.01473766594	1.5613289763296052	-1.5708406853565748	246
half_step_1	2.8565371728634195	0.0013877787807814457	3	0	0	0	98043.8643169406	47455.26923063769	1.5613289763296052	-1.5708406853565748	246
half_step_2	2.857924951644201	0.0013877787807814457	2	0	0	0	98043.8643169406	23658.93863866799	1.05787233942101	-1.607373830614132	175
full_step	2.8593127304249824	0.013877787807814457	2	8	8	4	98043.8643169406	24410.491117638758	0.7487254044208385	-1.6142349778414904	159
full_step	2.8593127304249824	0.006938893903907228	2	10	8	5	98043.8643169406	13495.813941079085	0.7487254044208385	-1.6142349778414904	159
full_step	2.8593127304249824	0.003469446951953614	2	5	3	2.5	98043.8643169406	4837.641803646895	0.7487254044208385	-1.6142349778414904	159
half_step_1	2.8593127304249824	0.001734723475976807	1	2	2	2	98043.8643169406	9687.712916206738	0.7487254044208385	-1.6142349778414904	159
half_step_2	2.861047453900959	0.001734723475976807	1	0	0	0	98043.8643169406	9874.176989333744	0.7592421692334028	-1.6110661546546574	157
full_step	2.862782177376936	0.01734723475976807	2	3	3	1.5	98043.8643169406	26039.761074603954	0.8405948450326832	-1.605795895382615	159
full_step	2.862782177376936	0.008673617379884035	2	4	4	2	98043.8643169406	18667.30675445264	0.8405948450326832	-1.605795895382615	159
full_step	2.862782177376936	0.004336808689942018	1	4	4	4	98043.8643169406	5205.036033744038	0.8405948450326832	-1.605795895382615	159
half_step_1	2.862782177376936	0.002168404344971009	1	0	0	0	98043.8643169406	9902.152087841505	0.8405948450326832	-1.605795895382615	159
half_step_2	2.864950581721907	0.002168404344971009	2	0	0	0	98043.8643169406	16299.093080041055	1.0053565085381706	-1.5809326843840608	173
full_step	2.867118986066878	0.02168404344971009	2	3	3	1.5	98043.8643169406	30190.522486781898	1.044547869656526	-1.5874854009106745	168
full_step	2.867118986066878	0.010842021724855044	2	4	4	2	98043.8643169406	20893.721229505554	1.044547869656526	-1.5874854009106745	168
full_step	2.867118986066878	0.005421010862427522	1	3	3	3	98043.8643169406	6424.440289972775	1.044547869656526	-1.5874854009106745	168
half_step_1	2.867118986066878	0.002710505431213761	1	0	0	0	98043.8643169406	12324.918685184495	1.044547869656526	-1.5874854009106745	168
half_step_2	2.8698294914980917	0.002710505431213761	2	0	0	0	98043.8643169406	15357.77985531976	1.255426829431599	-1.5712535289827152	152
full_step	2.8725399969293055	0.02710505431213761	2	3	3	1.5	98043.8643169406	30711.09799319788	1.411297282695159	-1.556443185541038	168
full_step	2.8725399969293055	0.013552527156068805	2	3	3	1.5	98043.8643169406	21010.25318103547	1.411297282695159	-1.556443185541038	168
full_step	2.8725399969293055	0.006776263578034403	1	3	3	3	98043.8643169406	8855.725146679071	1.411297282695159	-1.556443185541038	168
full_step	2.8725399969293055	0.0033881317890172014	1	3	3	3	98043.8643169406	17168.78395225773	1.411297282695159	-1.556443185541038	168
half_step_1	2.8725399969293055	0.0016940658945086007	2	0	0	0	98043.8643169406	32434.346173563397	1.411297282695159	-1.556443185541038	168
half_step_2	2.874234062823814	0.0016940658945086007	2	0	0	0	98043.8643169406	18112.49885431515	1.1174177265111211	-1.5853581255498386	163
full_step	2.8759281287183227	0.016940658945086007	2	6	6	3	98043.8643169406	22023.875715727674	0.9668650405401422	-1.5890308196523653	160
half_step_1	2.8759281287183227	0.008470329472543003	1	3	3	3	98043.8643169406	2945.07192474524	0.9668650405401422	-1.5890308196523653	160
half_step_2	2.8843984581908657	0.008470329472543003	2	3	3	1.5	98043.8643169406	27268.47535232187	1.83110053758719	-1.5271900104847893	232
full_step	2.8928687876634087	0.08470329472543003	3	3	3	1	98043.8643169406	60009.40771278456	1.5142821301105869	-1.4100950062770918	247
full_step	2.8928687876634087	0.04235164736271502	2	2	2	1	98043.8643169406	38586.87170136438	1.5142821301105869	-1.4100950062770918	247
full_step	2.8928687876634087	0.02117582368135751	2	0	0	0	98043.8643169406	34659.712217519686	1.5142821301105869	-1.4100950062770918	247
full_step	2.8928687876634087	0.010587911840678754	2	0	0	0	98043.8643169406	22156.046572882333	1.5142821301105869	-1.4100950062770918	247
full_step	2.8928687876634087	0.005293955920339377	3	0	0	0	98043.8643169406	40225.090968345765	1.5142821301105869	-1.4100950062770918	247
half_step_1	2.8928687876634087	0.0026469779601696886	3	0	0	0	98043.8643169406	62849.32934064914	1.5142821301105869	-1.4100950062770918	247
half_step_2	2.8955157656235784	0.0026469779601696886	2	0	0	0	98043.8643169406	26039.676661704252	0.7826804728865682	-1.5160899478310255	242
full_step	2.898162743583748	0.026469779601696886	3	5	5	1.6666666666666667	98043.8643169406	35986.67351741289	0.7794453769292886	-1.531700118858047	227
full_step	2.898162743583748	0.013234889800848443	2	7	7	3.5	98043.8643169406	29187.988194840986	0.7794453769292886	-1.531700118858047	227
full_step	2.898162743583748	0.006617444900424221	2	4	4	2	98043.8643169406	9547.67639225411	0.7794453769292886	-1.531700118858047	227
full_step	2.898162743583748	0.0033087224502121107	1	3	3	3	98043.8643169406	12700.291030179324	0.7794453769292886	-1.531700118858047	227
half_step_1	2.898162743583748	0.0016543612251060553	1	0	0	0	98043.8643169406	24942.09064325678	0.7794453769292886	-1.531700118858047	227
half_step_2	2.899817104808854	0.0016543612251060553	2	0	0	0	98043.8643169406	9284.049191655558	0.723153732404171	-1.5839369017701508	212
full_step	2.9014714660339602	0.016543612251060553	2	3	3	1.5	98043.8643169406	35698.12757833829	0.8151128501995117	-1.6034719876457135	235
full_step	2.9014714660339602	0.008271806125530277	2	5	5	2.5	98043.8643169406	18027.035071880833	0.8151128501995117	-1.6034719876457135	235
full_step	2.9014714660339602	0.004135903062765138	1	3	3	3	98043.8643169406	4613.062309009172	0.8151128501995117	-1.6034719876457135	235
half_step_1	2.9014714660339602	0.002067951531382569	1	0	0	0	98043.8643169406	8794.53410326285	0.8151128501995117	-1.6034719876457135	235
half_step_2	2.9035394175653426	0.002067951531382569	2	0	0	0	98043.8643169406	13647.636052492659	1.0115880174653284	-1.5964211157753578	222
full_step	2.9056073690967255	0.02067951531382569	2	2	2	1	98043.8643169406	34356.73430478773	1.115362487245875	-1.6408854964023663	239
full_step	2.9056073690967255	0.010339757656912845	2	5	4	2.5	98043.8643169406	21515.33553075331	1.115362487245875	-1.6408854964023663	239
full_step	2.9056073690967255	0.0051698788284564225	1	4	4	4	98043.8643169406	6718.386723767698	1.115362487245875	-1.6408854964023663	239
full_step	2.9056073690967255	0.0025849394142282113	1	1	1	1	98043.8643169406	13035.524832568133	1.115362487245875	-1.6408854964023663	239
half_step_1	2.9056073690967255	0.0012924697071141056	2	0	0	0	98043.8643169406	24621.736336537564	1.115362487245875	-1.6408854964023663	239
half_step_2	2.9068998388038394	0.0012924697071141056	2	0	0	0	98043.8643169406	23724.55480280288	0.9063086011028645	-1.6439226355365248	199
full_step	2.908192308510954	0.012924697071141057	2	7	7	3.5	98043.8643169406	31826.35958281867	0.5485208349637105	-1.6818712087570113	205
full_step	2.908192308510954	0.006462348535570529	2	10	8	5	98043.8643169406	11547.01414260477	0.5485208349637105	-1.6818712087570113	205
full_step	2.908192308510954	0.0032311742677852643	2	6	4	3	98043.8643169406	2697.8462766557227	0.5485208349637105	-1.6818712087570113	205
half_step_1	2.908192308510954	0.0016155871338926322	1	3	3	3	98043.8643169406	5268.160696319148	0.5485208349637105	-1.6818712087570113	205
half_step_2	2.9098078956448465	0.0016155871338926322	2	0	0	0	98043.8643169406	7030.284149938309	0.6857979354026611	-1.6752749298264114	197
full_step	2.911423482778739	0.01615587133892632	2	3	3	1.5	98043.8643169406	32849.267492326006	0.8532570339230006	-1.6536539900499212	199
full_step	2.911423482778739	0.00807793566946316	2	4	4	2	98043.8643169406	16426.33353687588	0.8532570339230006	-1.6536539900499212	199
full_step	2.911423482778739	0.00403896783473158	1	3	3	3	98043.8643169406	4915.440986197166	0.8532570339230006	-1.6536539900499212	199
half_step_1	2.911423482778739	0.00201948391736579	1	0	0	0	98043.8643169406	9396.236765923702	0.8532570339230006	-1.6536539900499212	199
half_step_2	2.913442966696105	0.00201948391736579	2	0	0	0	98043.8643169406	14438.645488274338	1.0124259148778947	-1.6406052120238779	196
full_step	2.9154624506134703	0.0201948391736579	2	3	3	1.5	98043.8643169406	34788.54403944987	1.0648347148890025	-1.6466221282303908	194
full_step	2.9154624506134703	0.01009741958682895	2	6	6	3	98043.8643169406	18015.73957448076	1.0648347148890025	-1.6466221282303908	194
full_step	2.9154624506134703	0.005048709793414475	1	4	4	4	98043.8643169406	5254.638062397354	1.0648347148890025	-1.6466221282303908	194
full_step	2.9154624506134703	0.0025243548967072375	1	3	3	3	98043.8643169406	10186.957560780022	1.0648347148890025	-1.6466221282303908	194
half_step_1	2.9154624506134703	0.0012621774483536187	2	0	0	0	98043.8643169406	19595.313953917776	1.0648347148890025	-1.6466221282303908	194
half_step_2	2.9167246280618238	0.0012621774483536187	2	0	0	0	98043.8643169406	16143.056329893478	0.9107237216048816	-1.646075671160514	194
full_step	2.9179868055101776	0.012621774483536187	2	8	8	4	98043.8643169406	27614.856944434126	0.8009009995203087	-1.6607252111341402	193
full_step	2.9179868055101776	0.006310887241768094	2	8	8	4	98043.8643169406	10907.507726756816	0.8009009995203087	-1.6607252111341402	193
full_step	2.9179868055101776	0.003155443620884047	1	4	4	4	98043.8643169406	4495.882780325907	0.8009009995203087	-1.6607252111341402	193
half_step_1	2.9179868055101776	0.0015777218104420234	1	0	0	0	98043.8643169406	8739.313971341733	0.8009009995203087	-1.6607252111341402	193
half_step_2	2.91956452732062	0.0015777218104420234	2	0	0	0	98043.8643169406	10750.507523106657	0.848387195088435	-1.6496498600344704	193
full_step	2.9211422491310617	0.015777218104420235	2	4	4	2	98043.8643169406	30995.01578104856	0.8842972251932224	-1.664459164798335	195
full_step	2.9211422491310617	0.007888609052210118	2	7	7	3.5	98043.8643169406	14162.23399517561	0.8842972251932224	-1.664459164798335	195
full_step	2.9211422491310617	0.003944304526105059	1	2	2	2	98043.8643169406	4429.960622906626	0.8842972251932224	-1.664459164798335	195
half_step_1	2.9211422491310617	0.0019721522630525294	1	0	0	0	98043.8643169406	8481.791233632219	0.8842972251932224	-1.664459164798335	195
half_step_2	2.9231144013941144	0.0019721522630525294	2	0	0	0	98043.8643169406	14546.072956608501	1.0677132183063804	-1.6390346387851336	195
full_step	2.9250865536571666	0.019721522630525293	2	3	3	1.5	98043.8643169406	33162.66516157934	1.120492430503873	-1.6050316659818982	192
full_step	2.9250865536571666	0.009860761315262647	2	3	3	1.5	98043.8643169406	14757.739556893734	1.120492430503873	-1.6050316659818982	192
full_step	2.9250865536571666	0.004930380657631323	1	3	3	3	98043.8643169406	10853.693301805019	1.120492430503873	-1.6050316659818982	192
half_step_1	2.9250865536571666	0.0024651903288156617	1	0	0	0	98043.8643169406	20464.030836463102	1.120492430503873	-1.6050316659818982	192
half_step_2	2.9275517439859824	0.0024651903288156617	2	0	0	0	98043.8643169406	12064.124873791689	1.0929971251098323	-1.6299114045835765	188
full_step	2.930016934314798	0.024651903288156616	2	2	2	1	98043.8643169406	37002.46961354586	1.2683897577808239	-1.610055322527102	201
full_step	2.930016934314798	0.012325951644078308	1	2	2	2	98043.8643169406	15068.981959650939	1.2683897577808239	-1.610055322527102	201
full_step	2.930016934314798	0.006162975822039154	1	3	3	3	98043.8643169406	7573.87150108349	1.2683897577808239	-1.610055322527102	201
full_step	2.930016934314798	0.003081487911019577	1	2	2	2	98043.8643169406	14719.564483188866	1.2683897577808239	-1.610055322527102	201
half_step_1	2.930016934314798	0.0015407439555097885	2	0	0	0	98043.8643169406	27818.60144718038	1.2683897577808239	-1.610055322527102	201
half_step_2	2.931557678270308	0.0015407439555097885	2	0	0	0	98043.8643169406	17011.47407527779	1.0449699438995594	-1.6336441386398075	201
full_step	2.9330984222258176	0.015407439555097885	3	6	6	2	98043.8643169406	17453.448860000062	0.9148523396652308	-1.6494248642644078	203
half_step_1	2.9330984222258176	0.007703719777548942	2	8	4	4	98043.8643169406	14899.298726039244	0.9148523396652308	-1.6494248642644078	203
half_step_2	2.9408021420033665	0.007703719777548942	4	8	8	2	98043.8643169406	27135.738209940224	1.701407120350268	-1.4711963817447624	280
full_step	2.9485058617809154	0.05149413821908455	2	2	2	1	98043.8643169406	39105.79656511534	1.1587444195938588	-1.4229159788194634	282
full_step	2.9485058617809154	0.025747069109542275	1	0	0	0	98043.8643169406	34846.92957188684	1.1587444195938588	-1.4229159788194634	282
full_step	2.9485058617809154	0.012873534554771138	2	0	0	0	98043.8643169406	24806.39711788094	1.1587444195938588	-1.4229159788194634	282
full_step	2.9485058617809154	0.006436767277385569	2	0	0	0	98043.8643169406	43620.89868466687	1.1587444195938588	-1.4229159788194634	282
half_step_1	2.9485058617809154	0.0032183836386927844	3	0	0	0	98043.8643169406	66473.7291858123	1.1587444195938588	-1.4229159788194634	282
half_step_2	2.951724245419608	0.0032183836386927844	2	0	0	0	98043.8643169406	27566.753211509902	0.7326236633125518	-1.552690262226314	255
full_step	2.954942629058301	0.04505737094169904	4	3	3	0.75	98043.8643169406	36791.68256327386	0.8110809787976905	-1.540625105151089	225
full_step	2.954942629058301	0.02252868547084952	2	4	4	2	98043.8643169406	33227.70431104594	0.8110809787976905	-1.540625105151089	225
full_step	2.954942629058301	0.01126434273542476	2	6	4	3	98043.8643169406	22682.649415799027	0.8110809787976905	-1.540625105151089	225
full_step	2.954942629058301	0.00563217136771238	1	3	3	3	98043.8643169406	12483.63536061582	0.8110809787976905	-1.540625105151089	225
half_step_1	2.954942629058301	0.00281608568385619	1	0	0	0	98043.8643169406	23761.77980045524	0.8110809787976905	-1.540625105151089	225
half_step_2	2.957758714742157	0.00281608568385619	2	0	0	0	98043.8643169406	19017.484738604522	0.8347297116706613	-1.6192192669706649	227
full_step	2.9605748004260133	0.03942519957398671	3	3	3	1	98043.8643169406	36544.882558509205	0.929209501362493	-1.5539036415411016	174
full_step	2.9605748004260133	0.019712599786993357	2	5	4	2.5	98043.8643169406	30490.311531507734	0.929209501362493	-1.5539036415411016	174
full_step	2.9605748004260133	0.009856299893496678	2	4	4	2	98043.8643169406	19824.231449986466	0.929209501362493	-1.5539036415411016	174
full_step	2.9605748004260133	0.004928149946748339	1	3	3	3	98043.8643169406	15335.634313018394	0.929209501362493	-1.5539036415411016	174
half_step_1	2.9605748004260133	0.0024640749733741696	2	0	0	0	98043.8643169406	29280.9329576005	0.929209501362493	-1.5539036415411016	174
half_step_2	2.9630388753993873	0.0024640749733741696	2	0	0	0	98043.8643169406	21137.902817591297	0.8138683176530321	-1.5664910439899709	172
full_step	2.9655029503727617	0.03449704962723832	3	3	3	1	98043.8643169406	37040.71776839357	0.8014407792543352	-1.579814337659684	176
full_step	2.9655029503727617	0.01724852481361916	2	7	5	3.5	98043.8643169406	27504.083733900832	0.8014407792543352	-1.579814337659684	176
full_step	2.9655029503727617	0.00862426240680958	2	4	4	2	98043.8643169406	18633.700291264868	0.8014407792543352	-1.579814337659684	176
full_step	2.9655029503727617	0.00431213120340479	1	3	3	3	98043.8643169406	10814.956213557949	0.8014407792543352	-1.579814337659684	176
half_step_1	2.9655029503727617	0.002156065601702395	2	0	0	0	98043.8643169406	20999.30174706961	0.8014407792543352	-1.579814337659684	176
half_step_2	2.9676590159744642	0.002156065601702395	2	0	0	0	98043.8643169406	13803.135950446014	0.7647448950920079	-1.6082478478911293	174
full_step	2.9698150815761664	0.03018491842383364	3	3	3	1	98043.8643169406	35913.78848350194	0.8347128858531505	-1.5906953916161581	171
full_step	2.9698150815761664	0.01509245921191682	2	4	4	2	98043.8643169406	24556.822576972256	0.8347128858531505	-1.5906953916161581	171
full_step	2.9698150815761664	0.00754622960595841	2	4	4	2	98043.8643169406	17195.472365484307	0.8347128858531505	-1.5906953916161581	171
full_step	2.9698150815761664	0.003773114802979205	1	3	3	3	98043.8643169406	9075.853879365532	0.8347128858531505	-1.5906953916161581	171
half_step_1	2.9698150815761664	0.0018865574014896025	2	0	0	0	98043.8643169406	17607.92353582064	0.8347128858531505	-1.5906953916161581	171
half_step_2	2.971701638977656	0.0018865574014896025	2	0	0	0	98043.8643169406	17619.798300231352	0.8189893783328444	-1.5927294499218743	167
full_step	2.9735881963791457	0.02641180362085427	2	3	3	1.5	98043.8643169406	34608.19955830921	0.7961165954475291	-1.6119747202431391	175
full_step	2.9735881963791457	0.013205901810427134	2	6	6	3	98043.8643169406	22598.195647123855	0.7961165954475291	-1.6119747202431391	175
full_step	2.9735881963791457	0.006602950905213567	1	6	6	6	98043.8643169406	4621.6752407095355	0.7961165954475291	-1.6119747202431391	175
half_step_1	2.9735881963791457	0.0033014754526067835	1	2	2	2	98043.8643169406	8836.699514939686	0.7961165954475291	-1.6119747202431391	175
half_step_2	2.9768896718317523	0.0033014754526067835	2	0	0	0	98043.8643169406	19593.976098109684	1.209105496043776	-1.568107370588419	175
full_step	2.9801911472843594	0.01980885271564059	2	2	2	1	98043.8643169406	23000.625793243908	1.414122683736423	-1.5715725756857444	176
full_step	2.9801911472843594	0.009904426357820295	2	3	3	1.5	98043.8643169406	18693.22805735761	1.414122683736423	-1.5715725756857444	176
full_step	2.9801911472843594	0.0049522131789101476	1	3	3	3	98043.8643169406	13012.373314409062	1.414122683736423	-1.5715725756857444	176
half_step_1	2.9801911472843594	0.0024761065894550738	2	0	0	0	98043.8643169406	25082.340310801443	1.414122683736423	-1.5715725756857444	176
half_step_2	2.9826672538738146	0.0024761065894550738	2	0	0	0	98043.8643169406	33869.70872265184	1.336198887343926	-1.5444246811089695	174
full_step	2.98514336046327	0.01485663953673022	3	7	7	2.3333333333333335	98043.8643169406	19807.624295565405	1.0851122138374194	-1.5833980548275004	163
half_step_1	2.98514336046327	0.00742831976836511	2	5	3	2.5	98043.8643169406	17182.05430714767	1.0851122138374194	-1.5833980548275004	163
half_step_2	2.992571680231635	0.00742831976836511	5	13	9	2.6	98043.8643169406	31127.748525185747	1.774424710585663	-1.4233341382977829	251
