step_type	time	step_size	num_solver_iterations	total_linesearch_iterations	max_linesearch_iterations	mean_linesearch_iterations	max_condition_number	last_condition_number	max_e0	mean_e0	total_num_constraint_pairs
full_step	0	0.010000000000000002	5	0	0	0	128136082.27329603	30957666.351610698	1.8676285204340957	0.33662795274967094	578
half_step_1	0	0.005000000000000001	3	0	0	0	128136082.27329603	67880641.88934109	1.8676285204340957	0.33662795274967094	578
half_step_2	0.005000000000000001	0.005000000000000001	7	8	6	1.1428571428571428	169834374.2591545	2114960.597748945	1.6399902966516038	0.24576216898208017	565
full_step	0.010000000000000002	0.05000000000000001	16	62	8	3.875	169834374.2591545	26969311.08465868	1.410527836095099	0.20246102973012717	494
full_step	0.010000000000000002	0.025000000000000005	6	34	10	5.666666666666667	169834374.2591545	8180344.329937798	1.410527836095099	0.20246102973012717	494
half_step_1	0.010000000000000002	0.012500000000000002	4	16	8	4	169834374.2591545	8288006.724794655	1.410527836095099	0.20246102973012717	494
half_step_2	0.022500000000000006	0.012500000000000002	8	9	6	1.125	169834374.2591545	96022728.77387752	0.8387069053595724	0.07438652065036411	406
full_step	0.035	0.1	15	69	14	4.6	218589155.6956246	118522462.7633695	0.24684931230791562	-0.10538172148998719	239
full_step	0.035	0.05	11	34	10	3.090909090909091	218589155.6956246	99719399.43122518	0.24684931230791562	-0.10538172148998719	239
full_step	0.035	0.025	11	51	8	4.636363636363637	218589155.6956246	100178373.50273848	0.24684931230791562	-0.10538172148998719	239
full_step	0.035	0.0125	7	23	8	3.2857142857142856	218589155.6956246	94671416.44811882	0.24684931230791562	-0.10538172148998719	239
full_step	0.035	0.00625	7	20	5	2.857142857142857	218589155.6956246	67452685.73714599	0.24684931230791562	-0.10538172148998719	239
full_step	0.035	0.003125	6	16	3	2.6666666666666665	218589155.6956246	22071269.86582201	0.24684931230791562	-0.10538172148998719	239
half_step_1	0.035	0.0015625	7	26	8	3.7142857142857144	218589155.6956246	21993040.643272016	0.24684931230791562	-0.10538172148998719	239
half_step_2	0.036562500000000005	0.0015625	7	0	0	0	10777962536.725876	248729537.44295207	0.3471220726665365	0.0391605188340208	350
full_step	0.038125000000000006	0.015625	7	19	8	2.7142857142857144	10777962536.725876	148374002.86085105	0.29549186475975375	0.031115666125749748	333
half_step_1	0.038125000000000006	0.0078125	5	6	4	1.2	10777962536.725876	147233701.43523276	0.29549186475975375	0.031115666125749748	333
half_step_2	0.045937500000000006	0.0078125	6	40	16	6.666666666666667	10777962536.725876	312907799.929823	0.0352314549901962	-0.055932971219532925	316
full_step	0.053750000000000006	0.078125	6	28	8	4.666666666666667	10777962536.725876	709300103.0225489	0.010106956595961947	-0.07451901198390923	287
full_step	0.053750000000000006	0.0390625	5	22	9	4.4	10777962536.725876	683083969.907696	0.010106956595961947	-0.07451901198390923	287
full_step	0.053750000000000006	0.01953125	5	7	4	1.4	10777962536.725876	538028318.4641594	0.010106956595961947	-0.07451901198390923	287
half_step_1	0.053750000000000006	0.009765625	4	9	5	2.25	10777962536.725876	404370812.03684616	0.010106956595961947	-0.07451901198390923	287
half_step_2	0.063515625	0.009765625	2	5	3	2.5	10777962536.725876	384759754.8226598	0.01218693274691418	-0.07815069049483477	303
full_step	0.07328125	0.09765625	7	32	8	4.571428571428571	10777962536.725876	730800084.6039298	0.014403765789126055	-0.07005676496119233	287
full_step	0.07328125	0.048828125	6	17	7	2.8333333333333335	10777962536.725876	676626574.0499799	0.014403765789126055	-0.07005676496119233	287
full_step	0.07328125	0.0244140625	6	18	7	3	10777962536.725876	585550145.0167005	0.014403765789126055	-0.07005676496119233	287
full_step	0.07328125	0.01220703125	6	19	6	3.1666666666666665	10777962536.725876	454324084.4945116	0.014403765789126055	-0.07005676496119233	287
half_step_1	0.07328125	0.006103515625	6	13	5	2.1666666666666665	10777962536.725876	281955160.5688768	0.014403765789126055	-0.07005676496119233	287
half_step_2	0.079384765625	0.006103515625	3	2	2	0.6666666666666666	10777962536.725876	303681109.85304713	0.016897290286067346	-0.07197579159906246	299
full_step	0.08548828125	0.06103515625	12	54	8	4.5	10777962536.725876	768810354.3530531	0.020213714384823334	-0.07667393870685507	338
full_step	0.08548828125	0.030517578125	6	24	10	4	10777962536.725876	658837277.6153581	0.020213714384823334	-0.07667393870685507	338
full_step	0.08548828125	0.0152587890625	5	7	4	1.4	10777962536.725876	552630883.996901	0.020213714384823334	-0.07667393870685507	338
full_step	0.08548828125	0.00762939453125	6	19	8	3.1666666666666665	10777962536.725876	371699613.7153627	0.020213714384823334	-0.07667393870685507	338
half_step_1	0.08548828125	0.003814697265625	5	14	6	2.8	10777962536.725876	162701895.71123344	0.020213714384823334	-0.07667393870685507	338
half_step_2	0.089302978515625	0.003814697265625	2	4	3	2	10777962536.725876	160954763.3475763	0.022144158896821864	-0.07690611642382905	315
full_step	0.09311767578125	0.03814697265625	20	60	10	3	10777962536.725876	25178920.35260142	1.2464999702514472	0.0016723078133837562	409
half_step_1	0.09311767578125	0.019073486328125	13	30	8	2.3076923076923075	10777962536.725876	77349296.2834393	1.2464999702514472	0.0016723078133837562	409
half_step_2	0.112191162109375	0.019073486328125	5	12	8	2.4	10777962536.725876	406743887.42239296	0.7930825536882686	-0.05734076946160439	378
full_step	0.13126464843750002	0.1	17	63	11	3.7058823529411766	10777962536.725876	359137852.6023346	0.294474458888784	-0.0665608462059237	361
full_step	0.13126464843750002	0.05	14	47	9	3.357142857142857	10777962536.725876	370626022.05104125	0.294474458888784	-0.0665608462059237	361
full_step	0.13126464843750002	0.025	11	27	6	2.4545454545454546	10777962536.725876	435140735.1503857	0.294474458888784	-0.0665608462059237	361
full_step	0.13126464843750002	0.0125	11	23	7	2.090909090909091	10777962536.725876	435317154.71263915	0.294474458888784	-0.0665608462059237	361
half_step_1	0.13126464843750002	0.00625	6	17	5	2.8333333333333335	10777962536.725876	288682180.3301189	0.294474458888784	-0.0665608462059237	361
half_step_2	0.13751464843750003	0.00625	6	5	3	0.8333333333333334	10777962536.725876	293962928.8959985	0.13895989250087304	-0.07268661019435789	362
full_step	0.14376464843750003	0.0625	19	70	11	3.6842105263157894	10777962536.725876	456013136.5571803	0.0737304218653776	-0.07575438074280368	395
full_step	0.14376464843750003	0.03125	23	73	9	3.1739130434782608	10777962536.725876	407745646.895922	0.0737304218653776	-0.07575438074280368	395
full_step	0.14376464843750003	0.015625	17	19	7	1.1176470588235294	10777962536.725876	282602415.5139363	0.0737304218653776	-0.07575438074280368	395
half_step_1	0.14376464843750003	0.0078125	14	32	10	2.2857142857142856	10777962536.725876	223154358.54539546	0.0737304218653776	-0.07575438074280368	395
half_step_2	0.15157714843750003	0.0078125	4	5	3	1.25	10777962536.725876	216879513.83768827	0.10633906074251342	-0.07700967406924597	345
full_step	0.15938964843750003	0.078125	16	92	11	5.75	10777962536.725876	104475785.250585	1.3453686474677369	0.04396442634838426	489
half_step_1	0.15938964843750003	0.0390625	15	79	10	5.266666666666667	10777962536.725876	73079566.72393003	1.3453686474677369	0.04396442634838426	489
half_step_2	0.19845214843750003	0.0390625	6	0	0	0	10777962536.725876	13059722.765559355	0.7946640544647892	-0.05110239887706517	406
full_step	0.23751464843750003	0.09999999999999998	9	43	9	4.777777777777778	10777962536.725876	18624118.230086118	0.2452963118943785	-0.0816044313749091	394
half_step_1	0.23751464843750003	0.04999999999999999	10	39	7	3.9	10777962536.725876	9662293.523097862	0.2452963118943785	-0.0816044313749091	394
half_step_2	0.2875146484375	0.04999999999999999	9	33	7	3.6666666666666665	10777962536.725876	117878558.05504712	0.04237547403602093	-0.08346872303178712	368
full_step	0.3375146484375	0.09999999999999998	10	49	10	4.9	10777962536.725876	5877666.653089789	1.692873245835841	0.010878318723522615	441
half_step_1	0.3375146484375	0.04999999999999999	10	52	11	5.2	10777962536.725876	10489069.256276939	1.692873245835841	0.010878318723522615	441
half_step_2	0.3875146484375	0.04999999999999999	8	19	12	2.375	10777962536.725876	16875484.780676123	1.2366408922897705	-0.013296137524484478	384
full_step	0.4375146484375	0.09999999999999998	10	38	8	3.8	10777962536.725876	27813223.08958075	0.5890946695444228	-0.0647164740683601	366
full_step	0.4375146484375	0.04999999999999999	8	29	8	3.625	10777962536.725876	24416058.136639234	0.5890946695444228	-0.0647164740683601	366
full_step	0.4375146484375	0.024999999999999994	6	17	6	2.8333333333333335	10777962536.725876	313878414.47809935	0.5890946695444228	-0.0647164740683601	366
half_step_1	0.4375146484375	0.012499999999999997	5	8	6	1.6	10777962536.725876	232435464.50500458	0.5890946695444228	-0.0647164740683601	366
half_step_2	0.4500146484375	0.012499999999999997	1	3	3	3	10777962536.725876	51696055.844476014	0.33105526327734935	-0.07216387992016646	343
full_step	0.4625146484375	0.09999999999999998	20	106	12	5.3	10777962536.725876	26273426.944513716	0.1178689862215947	-0.09149033028067635	443
full_step	0.4625146484375	0.04999999999999999	26	77	9	2.9615384615384617	10777962536.725876	576480527.5252248	0.1178689862215947	-0.09149033028067635	443
full_step	0.4625146484375	0.024999999999999994	18	41	9	2.2777777777777777	10777962536.725876	456478180.9019336	0.1178689862215947	-0.09149033028067635	443
half_step_1	0.4625146484375	0.012499999999999997	11	8	4	0.7272727272727273	10777962536.725876	341864809.861978	0.1178689862215947	-0.09149033028067635	443
half_step_2	0.4750146484375	0.012499999999999997	12	21	7	1.75	10777962536.725876	134283214.04463685	0.5769114353906843	-0.0801441152931541	454
full_step	0.48751464843750003	0.04205474885440425	9	15	7	1.6666666666666667	10777962536.725876	457736889.9749198	0.36975080588109677	-0.08005582036637073	431
half_step_1	0.48751464843750003	0.021027374427202126	3	6	5	2	10777962536.725876	355532193.5728319	0.36975080588109677	-0.08005582036637073	431
half_step_2	0.5085420228647022	0.021027374427202126	6	8	8	1.3333333333333333	10777962536.725876	448377392.1444816	0.10957374896472061	-0.0827405704141074	407
full_step	0.5295693972919043	0.09999999999999998	9	55	14	6.111111111111111	10777962536.725876	9097516.917404238	0.8368581782964242	-0.06198154643460387	472
half_step_1	0.5295693972919043	0.04999999999999999	8	34	10	4.25	10777962536.725876	9087032.373467013	0.8368581782964242	-0.06198154643460387	472
half_step_2	0.5795693972919043	0.04999999999999999	5	0	0	0	10777962536.725876	12741265.3190885	0.6725513683201569	-0.05242712386375202	491
full_step	0.6295693972919043	0.09999999999999998	11	44	8	4	10777962536.725876	133545374.06833634	0.2547276136032508	-0.07508675518134554	456
full_step	0.6295693972919043	0.04999999999999999	7	19	6	2.7142857142857144	10777962536.725876	18206869.63343846	0.2547276136032508	-0.07508675518134554	456
half_step_1	0.6295693972919043	0.024999999999999994	6	7	5	1.1666666666666667	10777962536.725876	273546174.2892508	0.2547276136032508	-0.07508675518134554	456
half_step_2	0.6545693972919043	0.024999999999999994	3	4	4	1.3333333333333333	10777962536.725876	309134504.2497128	0.09585409185977767	-0.08411703773195328	456
full_step	0.6795693972919044	0.0748381836001151	20	70	13	3.5	10777962536.725876	7418994.631103068	0.0952036097755311	-0.08470526368041831	455
half_step_1	0.6795693972919044	0.03741909180005755	14	36	7	2.5714285714285716	10777962536.725876	12696281.507499393	0.0952036097755311	-0.08470526368041831	455
half_step_2	0.7169884890919619	0.03741909180005755	9	8	4	0.8888888888888888	10777962536.725876	13386652.633894265	0.2592022989017124	-0.08432832578163287	486
full_step	0.7544075808920194	0.09999999999999998	7	37	8	5.285714285714286	10777962536.725876	5913868.639004711	0.12262894491772869	-0.0862730555704085	462
half_step_1	0.7544075808920194	0.04999999999999999	5	15	7	3	10777962536.725876	9583430.86187971	0.12262894491772869	-0.0862730555704085	462
half_step_2	0.8044075808920195	0.04999999999999999	4	19	9	4.75	10777962536.725876	9657926.822172552	0.17544120807881924	-0.07853075601507747	480
full_step	0.8544075808920194	0.09999999999999998	5	17	6	3.4	10777962536.725876	5308189.827190287	0.18500674936702666	-0.07600124561577637	472
half_step_1	0.8544075808920194	0.04999999999999999	5	12	6	2.4	10777962536.725876	9897708.088256128	0.18500674936702666	-0.07600124561577637	472
half_step_2	0.9044075808920193	0.04999999999999999	2	0	0	0	10777962536.725876	9922248.835640278	0.16951145596198103	-0.07922025683141697	471
full_step	0.9544075808920194	0.1	7	29	8	4.142857142857143	10777962536.725876	5225100.487883092	0.1811209128439053	-0.07934142428551572	449
half_step_1	0.9544075808920194	0.05	5	18	11	3.6	10777962536.725876	9166639.966122886	0.1811209128439053	-0.07934142428551572	449
half_step_2	1.0044075808920194	0.05	2	0	0	0	10777962536.725876	10040355.691587638	0.16907952983167718	-0.07757145013754974	463
full_step	1.0544075808920195	0.1	6	25	9	4.166666666666667	10777962536.725876	4910932.886108567	0.18107041854753447	-0.0817427141156197	458
half_step_1	1.0544075808920195	0.05	5	13	7	2.6	10777962536.725876	9112194.195703017	0.18107041854753447	-0.0817427141156197	458
half_step_2	1.1044075808920195	0.05	2	0	0	0	10777962536.725876	10449385.565090742	0.1821440957324718	-0.07356096853817082	466
full_step	1.1544075808920196	0.1	6	16	5	2.6666666666666665	10777962536.725876	5598644.296237222	0.1826941210056674	-0.0760908813606835	455
half_step_1	1.1544075808920196	0.05	6	18	7	3	10777962536.725876	9934746.223160578	0.1826941210056674	-0.0760908813606835	455
half_step_2	1.2044075808920196	0.05	2	0	0	0	10777962536.725876	10544094.171497473	0.18232555610430268	-0.07642756202414232	469
full_step	1.2544075808920196	0.1	6	22	7	3.6666666666666665	10777962536.725876	5871400.882083614	0.18271444588295083	-0.07542847955137459	461
half_step_1	1.2544075808920196	0.05	4	11	7	2.75	10777962536.725876	10618385.823476173	0.18271444588295083	-0.07542847955137459	461
half_step_2	1.3044075808920197	0.05	2	4	3	2	10777962536.725876	9567574.148447426	0.030227522693182962	-0.08497195567614327	371
full_step	1.3544075808920197	0.1	6	25	9	4.166666666666667	10777962536.725876	5740864.723781106	0.030209043607797526	-0.0825333506736943	377
half_step_1	1.3544075808920197	0.05	4	13	7	3.25	10777962536.725876	10215646.623737026	0.030209043607797526	-0.0825333506736943	377
half_step_2	1.4044075808920198	0.05	2	5	3	2.5	10777962536.725876	9320197.082784444	0.030175197384650687	-0.08627710007655756	361
full_step	1.4544075808920198	0.1	5	17	8	3.4	10777962536.725876	5387662.109023287	0.030179329940294153	-0.0865013963241015	365
half_step_1	1.4544075808920198	0.05	4	15	7	3.75	10777962536.725876	9671061.951131504	0.030179329940294153	-0.0865013963241015	365
half_step_2	1.5044075808920199	0.05	2	4	3	2	10777962536.725876	9774569.916591879	0.030160328237492706	-0.08066716907179673	373
full_step	1.55440758089202	0.1	6	23	8	3.8333333333333335	10777962536.725876	5179749.346943125	0.030170781949813374	-0.08325005759378287	366
half_step_1	1.55440758089202	0.05	5	21	8	4.2	10777962536.725876	9201926.770348452	0.030170781949813374	-0.08325005759378287	366
half_step_2	1.60440758089202	0.05	2	5	3	2.5	10777962536.725876	9618395.877973927	0.030156924209356006	-0.08764578180416309	369
full_step	1.65440758089202	0.1	6	20	7	3.3333333333333335	10777962536.725876	5112743.883731986	0.030168819705131966	-0.08646588369941852	363
half_step_1	1.65440758089202	0.05	4	11	6	2.75	10777962536.725876	9179137.01026901	0.030168819705131966	-0.08646588369941852	363
half_step_2	1.70440758089202	0.05	2	4	3	2	10777962536.725876	9876251.297652727	0.03015719470437439	-0.08490515628168488	379
full_step	1.75440758089202	0.1	6	18	7	3	10777962536.725876	5348429.4227964785	0.03017051507645796	-0.08542422190618007	370
half_step_1	1.75440758089202	0.05	4	15	7	3.75	10777962536.725876	9870690.939838938	0.03017051507645796	-0.08542422190618007	370
half_step_2	1.8044075808920201	0.05	2	5	3	2.5	10777962536.725876	9916520.527890725	0.030159752686698127	-0.084323239033986	378
full_step	1.8544075808920202	0.1	6	21	9	3.5	10777962536.725876	4790290.890699734	0.030173747134815798	-0.08564389361317289	365
half_step_1	1.8544075808920202	0.05	4	12	6	3	10777962536.725876	8871355.063926	0.030173747134815798	-0.08564389361317289	365
half_step_2	1.9044075808920202	0.05	2	5	3	2.5	10777962536.725876	9620003.920811405	0.030163430396864754	-0.08443031051146653	373
full_step	1.9544075808920203	0.09999999999999987	6	21	8	3.5	10777962536.725876	5638095.34402169	0.030177690085377407	-0.08271981450210529	379
half_step_1	1.9544075808920203	0.04999999999999993	4	15	8	3.75	10777962536.725876	10009567.070085283	0.030177690085377407	-0.08271981450210529	379
half_step_2	2.0044075808920203	0.04999999999999993	2	5	3	2.5	10777962536.725876	10309129.814685034	0.03016740298003384	-0.08269451331034393	383
full_step	2.05440758089202	0.1	5	15	7	3	10777962536.725876	5090503.854723143	0.030181802321342488	-0.08660657853730054	369
half_step_1	2.05440758089202	0.05	4	10	6	2.5	10777962536.725876	9383985.344501154	0.030181802321342488	-0.08660657853730054	369
half_step_2	2.10440758089202	0.05	2	5	3	2.5	10777962536.725876	10213456.210355664	0.03017166821387285	-0.08214519902013795	375
full_step	2.1544075808920202	0.1	5	18	9	3.6	10777962536.725876	5282014.136010835	0.030186106911651578	-0.08459136078811093	369
half_step_1	2.1544075808920202	0.05	4	15	7	3.75	10777962536.725876	9303573.252284272	0.030186106911651578	-0.08459136078811093	369
half_step_2	2.20440758089202	0.05	2	5	3	2.5	10777962536.725876	10539153.485000677	0.030175699805214506	-0.07959381479273046	386
full_step	2.2544075808920203	0.1	5	14	7	2.8	10777962536.725876	5253713.049693189	0.03019025917357432	-0.08641090528690183	367
half_step_1	2.2544075808920203	0.05	4	15	7	3.75	10777962536.725876	9651732.36363771	0.03019025917357432	-0.08641090528690183	367
half_step_2	2.30440758089202	0.05	2	5	3	2.5	10777962536.725876	9537194.910979576	0.03017989932612508	-0.08678081300688968	369
full_step	2.3544075808920204	0.1	6	21	8	3.5	10777962536.725876	5210283.140928699	0.030194524705907	-0.08404794873475024	367
half_step_1	2.3544075808920204	0.05	5	19	7	3.8	10777962536.725876	9437324.523581797	0.030194524705907	-0.08404794873475024	367
half_step_2	2.4044075808920202	0.05	2	5	3	2.5	10777962536.725876	10405689.618350415	0.030184068663240637	-0.08523890496073061	385
full_step	2.4544075808920205	0.1	7	32	8	4.571428571428571	10777962536.725876	6034033.273125175	0.03019874725055338	-0.08335169225817703	388
half_step_1	2.4544075808920205	0.05	4	11	5	2.75	10777962536.725876	10840072.64863699	0.03019874725055338	-0.08335169225817703	388
half_step_2	2.5044075808920203	0.05	2	5	3	2.5	10777962536.725876	9592739.382438004	0.030188298732054974	-0.08593455077010077	373
full_step	2.5544075808920206	0.1	5	18	10	3.6	10777962536.725876	5624158.83642475	0.030203038466900978	-0.08468737874114343	380
half_step_1	2.5544075808920206	0.05	4	16	8	4	10777962536.725876	10295118.604536401	0.030203038466900978	-0.08468737874114343	380
half_step_2	2.6044075808920204	0.05	2	5	3	2.5	10777962536.725876	9785926.979863727	0.030192388226467415	-0.08332428476741863	381
full_step	2.6544075808920207	0.1	5	17	8	3.4	10777962536.725876	5223028.876125133	0.030207228903712746	-0.08482778795271491	377
half_step_1	2.6544075808920207	0.05	4	15	7	3.75	10777962536.725876	9406507.26578567	0.030207228903712746	-0.08482778795271491	377
half_step_2	2.7044075808920205	0.05	2	5	3	2.5	10777962536.725876	10014786.350911621	0.030196605284398714	-0.08528281430279527	377
full_step	2.7544075808920208	0.1	5	16	8	3.2	10777962536.725876	5085783.663411519	0.03021152293003304	-0.08546698760726333	376
half_step_1	2.7544075808920208	0.05	3	7	6	2.3333333333333335	10777962536.725876	8966215.665564965	0.03021152293003304	-0.08546698760726333	376
half_step_2	2.8044075808920206	0.05	2	5	3	2.5	10777962536.725876	9569702.99693456	0.030200788744387808	-0.0830019977113631	373
full_step	2.854407580892021	0.1	5	13	7	2.6	10777962536.725876	4900184.914363781	0.030215801561041644	-0.0881640857032461	356
half_step_1	2.854407580892021	0.05	3	8	7	2.6666666666666665	10777962536.725876	9319937.51826511	0.030215801561041644	-0.0881640857032461	356
half_step_2	2.9044075808920207	0.05	2	5	3	2.5	10777962536.725876	10036333.424904633	0.03020513787654089	-0.08187644621260493	382
full_step	2.954407580892021	0.1	5	16	8	3.2	10777962536.725876	4884586.734029926	0.03022022237317401	-0.08799749827795571	368
half_step_1	2.954407580892021	0.05	3	8	7	2.6666666666666665	10777962536.725876	9096663.397430135	0.03022022237317401	-0.08799749827795571	368
half_step_2	3.0044075808920208	0.05	2	5	3	2.5	10777962536.725876	9965406.429872448	0.03020944688362448	-0.08503100839096535	378
full_step	3.054407580892021	0.1	5	16	8	3.2	10777962536.725876	5716177.420775201	0.030224587913540546	-0.0842524794516856	388
half_step_1	3.054407580892021	0.05	3	7	6	2.3333333333333335	10777962536.725876	10108958.42102363	0.030224587913540546	-0.0842524794516856	388
half_step_2	3.104407580892021	0.05	2	5	3	2.5	10777962536.725876	9556465.615565186	0.030213861448894264	-0.08567649143505505	364
full_step	3.154407580892021	0.1	4	9	8	2.25	10777962536.725876	4983145.540230381	0.030229077810671967	-0.08366866879197969	359
half_step_1	3.154407580892021	0.05	3	8	7	2.6666666666666665	10777962536.725876	9039237.050014358	0.030229077810671967	-0.08366866879197969	359
half_step_2	3.204407580892021	0.05	2	5	3	2.5	10777962536.725876	9135937.696051503	0.030218337864612366	-0.08378442409057632	354
full_step	3.254407580892021	0.1	4	9	8	2.25	10777962536.725876	5539094.087965494	0.03023358966394163	-0.08277470917269135	370
half_step_1	3.254407580892021	0.05	3	8	7	2.6666666666666665	10777962536.725876	10258575.314763868	0.03023358966394163	-0.08277470917269135	370
half_step_2	3.304407580892021	0.05	2	5	3	2.5	10777962536.725876	10434414.104307279	0.030222783295627664	-0.08282043904203691	388
full_step	3.3544075808920213	0.1	5	17	9	3.4	10777962536.725876	5155601.1355757	0.030238058868834017	-0.0873563866675025	385
half_step_1	3.3544075808920213	0.05	3	8	7	2.6666666666666665	10777962536.725876	9159245.182253473	0.030238058868834017	-0.0873563866675025	385
half_step_2	3.404407580892021	0.05	2	5	3	2.5	10777962536.725876	10016818.597762277	0.030227370023075295	-0.08320047835960205	372
full_step	3.4544075808920214	0.1	4	9	8	2.25	10777962536.725876	5153881.408588241	0.030242673263520814	-0.0864913783002076	369
half_step_1	3.4544075808920214	0.05	3	8	7	2.6666666666666665	10777962536.725876	9574756.783186156	0.030242673263520814	-0.0864913783002076	369
half_step_2	3.504407580892021	0.05	2	6	3	3	10777962536.725876	9872881.104348617	0.03023175891623886	-0.0820028013026137	375
full_step	3.5544075808920215	0.1	4	9	8	2.25	10777962536.725876	5775158.599265855	0.030246793214129042	-0.08098846995814273	392
half_step_1	3.5544075808920215	0.05	3	8	7	2.6666666666666665	10777962536.725876	10270449.74872527	0.030246793214129042	-0.08098846995814273	392
half_step_2	3.6044075808920213	0.05	2	5	3	2.5	10777962536.725876	9733389.021829503	0.030236758506603678	-0.08635561739270183	370
full_step	3.6544075808920216	0.1	4	9	8	2.25	10777962536.725876	5243439.0152662145	0.030252008127080288	-0.08477596799324263	370
half_step_1	3.6544075808920216	0.05	3	8	7	2.6666666666666665	10777962536.725876	9812786.33930503	0.030252008127080288	-0.08477596799324263	370
half_step_2	3.7044075808920214	0.05	2	6	3	3	10777962536.725876	9562544.276976531	0.030241341405243816	-0.08371963192664937	375
full_step	3.7544075808920216	0.1	5	18	10	3.6	10777962536.725876	5598458.235676323	0.03025591854763121	-0.08271535436278406	378
half_step_1	3.7544075808920216	0.05	3	7	6	2.3333333333333335	10777962536.725876	10217819.246091995	0.03025591854763121	-0.08271535436278406	378
half_step_2	3.8044075808920215	0.05	2	6	3	3	10777962536.725876	10151395.74444486	0.03024603921607749	-0.08510033608130527	373
full_step	3.8544075808920217	0.1	5	17	8	3.4	10777962536.725876	5231730.16157365	0.03026089834472856	-0.08340881921801019	368
half_step_1	3.8544075808920217	0.05	3	7	6	2.3333333333333335	10777962536.725876	9685743.28035679	0.03026089834472856	-0.08340881921801019	368
half_step_2	3.9044075808920216	0.05	2	6	3	3	10777962536.725876	10493331.909111433	0.030250496065310273	-0.08550778208455864	377
full_step	3.954407580892022	0.1	4	8	7	2	10777962536.725876	5423528.270589832	0.030264917735081553	-0.08772094394909331	384
half_step_1	3.954407580892022	0.05	3	7	6	2.3333333333333335	10777962536.725876	9473611.673761422	0.030264917735081553	-0.08772094394909331	384
half_step_2	4.004407580892022	0.05	2	6	3	3	10777962536.725876	9824991.045658719	0.03025522587004481	-0.08691526029573776	380
full_step	4.054407580892022	0.09999999999999964	6	21	7	3.5	10777962536.725876	5694064.087551726	0.030271837877734242	-0.08537277350448355	383
half_step_1	4.054407580892022	0.04999999999999982	3	8	7	2.6666666666666665	10777962536.725876	10051390.17387633	0.030271837877734242	-0.08537277350448355	383
half_step_2	4.104407580892022	0.04999999999999982	2	6	3	3	10777962536.725876	10055572.298116053	0.03026521749311506	-0.0828876232050497	391
full_step	4.154407580892022	0.09999999999999964	6	22	9	3.6666666666666665	10777962536.725876	5846966.624068031	0.030283439535146783	-0.08569202262410767	394
half_step_1	4.154407580892022	0.04999999999999982	5	15	5	3	10777962536.725876	10407347.038499977	0.030283439535146783	-0.08569202262410767	394
half_step_2	4.204407580892021	0.04999999999999982	2	5	3	2.5	10777962536.725876	10138731.057130998	0.03027781655187134	-0.08246615079044287	389
full_step	4.254407580892021	0.09999999999999964	6	22	8	3.6666666666666665	10777962536.725876	5562503.9141885	0.030297064574284605	-0.08534558270684534	388
half_step_1	4.254407580892021	0.04999999999999982	6	21	6	3.5	10777962536.725876	10079221.082701309	0.030297064574284605	-0.08534558270684534	388
half_step_2	4.304407580892021	0.04999999999999982	2	5	3	2.5	10777962536.725876	9959032.207055315	0.030290282282573244	-0.08349320331482207	393
full_step	4.354407580892021	0.09999999999999964	6	22	8	3.6666666666666665	10777962536.725876	5674881.140936459	0.030304686948925408	-0.08373494579719429	389
half_step_1	4.354407580892021	0.04999999999999982	6	23	7	3.8333333333333335	10777962536.725876	9893815.25117151	0.030304686948925408	-0.08373494579719429	389
half_step_2	4.404407580892021	0.04999999999999982	2	5	3	2.5	10777962536.725876	9481811.239417871	0.030300371811950555	-0.0889354380723729	379
full_step	4.4544075808920205	0.09999999999999964	6	26	11	4.333333333333333	10777962536.725876	5465241.240650263	0.03031682487637788	-0.0860611442234509	384
half_step_1	4.4544075808920205	0.04999999999999982	4	11	6	2.75	10777962536.725876	9676229.877397845	0.03031682487637788	-0.0860611442234509	384
half_step_2	4.50440758089202	0.04999999999999982	2	5	3	2.5	10777962536.725876	10124026.272428343	0.03031300806408943	-0.08455987108963695	380
full_step	4.55440758089202	0.09999999999999964	5	16	8	3.2	10777962536.725876	5197781.897689426	0.03033061739190046	-0.0866015442151077	369
half_step_1	4.55440758089202	0.04999999999999982	3	8	7	2.6666666666666665	10777962536.725876	9724907.322557613	0.03033061739190046	-0.0866015442151077	369
half_step_2	4.60440758089202	0.04999999999999982	2	6	3	3	10777962536.725876	9766600.361070534	0.030326929659688417	-0.08462922055581622	381
full_step	4.65440758089202	0.09999999999999964	5	17	7	3.4	10777962536.725876	5419916.018585613	0.030346636769117197	-0.08468794171481316	379
half_step_1	4.65440758089202	0.04999999999999982	4	14	7	3.5	10777962536.725876	9504280.448077887	0.030346636769117197	-0.08468794171481316	379
half_step_2	4.70440758089202	0.04999999999999982	2	5	3	2.5	10777962536.725876	9289667.102398569	0.030344056180279466	-0.08544109328824803	378
full_step	4.754407580892019	0.09999999999999964	7	23	8	3.2857142857142856	10777962536.725876	5489680.112677323	0.030364711796933008	-0.08631784282534906	384
half_step_1	4.754407580892019	0.04999999999999982	4	12	6	3	10777962536.725876	10102875.33252585	0.030364711796933008	-0.08631784282534906	384
half_step_2	4.804407580892019	0.04999999999999982	2	5	3	2.5	10777962536.725876	10080578.393843547	0.03035494323168031	-0.08677070135108339	392
full_step	4.854407580892019	0.09999999999999964	7	25	8	3.5714285714285716	10777962536.725876	5709829.3273893325	0.030376718424530935	-0.08641736459928888	393
half_step_1	4.854407580892019	0.04999999999999982	4	13	7	3.25	10777962536.725876	10079887.514725514	0.030376718424530935	-0.08641736459928888	393
half_step_2	4.904407580892019	0.04999999999999982	2	5	3	2.5	10777962536.725876	9878957.068701927	0.03036397893051479	-0.08630803650080841	388
full_step	4.954407580892019	0.09999999999999964	5	13	6	2.6	10777962536.725876	5567039.15861686	0.03037699037661845	-0.08711576788914883	384
half_step_1	4.954407580892019	0.04999999999999982	4	14	7	3.5	10777962536.725876	10112850.229508648	0.03037699037661845	-0.08711576788914883	384
half_step_2	5.0044075808920185	0.04999999999999982	2	6	3	3	10777962536.725876	9879522.09188953	0.030370161229894777	-0.08809822092806642	388
full_step	5.054407580892018	0.09999999999999964	5	16	8	3.2	10777962536.725876	5106911.222390202	0.03038231750238829	-0.08631236147297082	368
half_step_1	5.054407580892018	0.04999999999999982	3	7	6	2.3333333333333335	10777962536.725876	9463668.048769709	0.03038231750238829	-0.08631236147297082	368
half_step_2	5.104407580892018	0.04999999999999982	2	6	3	3	10777962536.725876	8974241.362640584	0.030383612540051175	-0.08693776154166769	370
full_step	5.154407580892018	0.09999999999999964	4	8	7	2	10777962536.725876	5557622.835551468	0.030393155158108698	-0.0861729109486852	395
half_step_1	5.154407580892018	0.04999999999999982	2	1	1	0.5	10777962536.725876	10154333.875375792	0.030393155158108698	-0.0861729109486852	395
half_step_2	5.204407580892018	0.04999999999999982	2	6	3	3	10777962536.725876	9926097.773446452	0.030396530629808183	-0.0871475873051355	372
full_step	5.254407580892018	0.09999999999999964	2	1	1	0.5	10777962536.725876	5700420.7257634625	0.03040619068761785	-0.08470330710711728	380
half_step_1	5.254407580892018	0.04999999999999982	2	1	1	0.5	10777962536.725876	10186041.022743093	0.03040619068761785	-0.08470330710711728	380
half_step_2	5.3044075808920175	0.04999999999999982	2	5	3	2.5	10777962536.725876	9946982.506173613	0.030410493481250356	-0.08442004797885526	387
full_step	5.354407580892017	0.09999999999999964	2	1	1	0.5	10777962536.725876	5324549.913099315	0.030419336303969757	-0.08732610913454096	375
half_step_1	5.354407580892017	0.04999999999999982	2	1	1	0.5	10777962536.725876	9313773.784505108	0.030419336303969757	-0.08732610913454096	375
half_step_2	5.404407580892017	0.04999999999999982	2	5	3	2.5	10777962536.725876	9931843.112630706	0.03042543510729878	-0.08732052218488162	379
full_step	5.454407580892017	0.09999999999999964	4	7	6	1.75	10777962536.725876	5272971.590899338	0.030433282760601088	-0.0860575065416001	377
half_step_1	5.454407580892017	0.04999999999999982	3	7	6	2.3333333333333335	10777962536.725876	9910123.712019378	0.030433282760601088	-0.0860575065416001	377
half_step_2	5.504407580892017	0.04999999999999982	2	6	3	3	10777962536.725876	9785154.233705435	0.030440111026294403	-0.08545202646143447	372
full_step	5.554407580892017	0.09999999999999964	5	16	8	3.2	10777962536.725876	5825473.888001239	0.030447945933696374	-0.08226651829830608	379
half_step_1	5.554407580892017	0.04999999999999982	3	6	5	2	10777962536.725876	10239970.034440631	0.030447945933696374	-0.08226651829830608	379
half_step_2	5.604407580892016	0.04999999999999982	2	5	3	2.5	10777962536.725876	9287874.923791567	0.0304534295375678	-0.0850690462579764	363
full_step	5.654407580892016	0.09999999999999964	4	8	7	2	10777962536.725876	5135417.678960252	0.030482744983190813	-0.0869920172351892	365
half_step_1	5.654407580892016	0.04999999999999982	3	8	7	2.6666666666666665	10777962536.725876	9678622.696629608	0.030482744983190813	-0.0869920172351892	365
half_step_2	5.704407580892016	0.04999999999999982	2	6	3	3	10777962536.725876	9531727.737958826	0.030477305824534895	-0.08607989835821919	379
full_step	5.754407580892016	0.09999999999999964	6	19	8	3.1666666666666665	10777962536.725876	5721815.005673043	0.03053493450284961	-0.08553446203288616	384
half_step_1	5.754407580892016	0.04999999999999982	4	13	8	3.25	10777962536.725876	10236816.645252094	0.03053493450284961	-0.08553446203288616	384
half_step_2	5.804407580892016	0.04999999999999982	2	6	3	3	10777962536.725876	10541609.064368151	0.030512312160848154	-0.0856819913946185	391
full_step	5.8544075808920155	0.09999999999999964	5	12	6	2.4	10777962536.725876	5453492.565056787	0.03056266618557757	-0.08463876656007	375
half_step_1	5.8544075808920155	0.04999999999999982	3	7	6	2.3333333333333335	10777962536.725876	9783968.828017872	0.03056266618557757	-0.08463876656007	375
half_step_2	5.904407580892015	0.04999999999999982	2	6	3	3	10777962536.725876	9121317.857631344	0.030534410839790027	-0.08703514532042295	377
full_step	5.954407580892015	0.09999999999999964	4	11	8	2.75	10777962536.725876	5514350.37510488	0.03058140551103783	-0.08511481969671877	376
half_step_1	5.954407580892015	0.04999999999999982	2	1	1	0.5	10777962536.725876	10124998.151129698	0.03058140551103783	-0.08511481969671877	376
half_step_2	6.004407580892015	0.04999999999999982	2	6	3	3	10777962536.725876	9472758.618626265	0.030553784930473782	-0.08545499161000589	385
full_step	6.054407580892015	0.09999999999999964	4	8	7	2	10777962536.725876	5485860.352810168	0.030608291767139306	-0.08321607401289452	372
half_step_1	6.054407580892015	0.04999999999999982	3	8	7	2.6666666666666665	10777962536.725876	9922073.77597051	0.030608291767139306	-0.08321607401289452	372
half_step_2	6.104407580892015	0.04999999999999982	2	6	3	3	10777962536.725876	10298892.850400066	0.030575287847844024	-0.08602658521177965	382
full_step	6.1544075808920145	0.09999999999999964	5	12	6	2.4	10777962536.725876	5697933.944127925	0.03061608899305135	-0.08428591322984465	394
half_step_1	6.1544075808920145	0.04999999999999982	3	7	6	2.3333333333333335	10777962536.725876	10517691.924461907	0.03061608899305135	-0.08428591322984465	394
half_step_2	6.204407580892014	0.04999999999999982	2	6	3	3	10777962536.725876	9174091.953680798	0.030588170683270022	-0.0902532239192575	381
full_step	6.254407580892014	0.09999999999999964	3	9	8	3	10777962536.725876	5486228.967154834	0.030635782631518893	-0.08424146275271145	367
half_step_1	6.254407580892014	0.04999999999999982	3	8	7	2.6666666666666665	10777962536.725876	9865346.719789935	0.030635782631518893	-0.08424146275271145	367
half_step_2	6.304407580892014	0.04999999999999982	2	5	3	2.5	10777962536.725876	9081512.439058548	0.0306051601365791	-0.08773727068616033	364
full_step	6.354407580892014	0.09999999999999964	5	12	8	2.4	10777962536.725876	5592639.733996374	0.03066093986790186	-0.08659107819136305	379
half_step_1	6.354407580892014	0.04999999999999982	3	7	6	2.3333333333333335	10777962536.725876	10058401.270686124	0.03066093986790186	-0.08659107819136305	379
half_step_2	6.404407580892014	0.04999999999999982	2	5	3	2.5	10777962536.725876	10106308.440641593	0.030623342234269657	-0.08636285558720051	387
full_step	6.454407580892013	0.09999999999999964	6	14	7	2.3333333333333335	10777962536.725876	5107832.557759405	0.03066910953221047	-0.08978777298256202	386
half_step_1	6.454407580892013	0.04999999999999982	4	14	7	3.5	10777962536.725876	9251694.45384063	0.03066910953221047	-0.08978777298256202	386
half_step_2	6.504407580892013	0.04999999999999982	2	6	3	3	10777962536.725876	9389559.949230598	0.030633227981097022	-0.08575020866073679	371
full_step	6.554407580892013	0.09999999999999964	5	16	8	3.2	10777962536.725876	5512595.79763813	0.030682254381865448	-0.08529751425840994	390
half_step_1	6.554407580892013	0.04999999999999982	3	7	6	2.3333333333333335	10777962536.725876	10096916.540930344	0.030682254381865448	-0.08529751425840994	390
half_step_2	6.604407580892013	0.04999999999999982	2	6	3	3	10777962536.725876	10116087.577561155	0.03064812266904937	-0.08750315552997256	378
full_step	6.654407580892013	0.09999999999999964	4	15	6	3.75	10777962536.725876	5551072.67203354	0.030699521989578926	-0.08698309879746866	375
half_step_1	6.654407580892013	0.04999999999999982	5	18	7	3.6	10777962536.725876	9865299.80675457	0.030699521989578926	-0.08698309879746866	375
half_step_2	6.7044075808920125	0.04999999999999982	2	6	3	3	10777962536.725876	9182216.747616006	0.030666369532356796	-0.08789615379309627	366
full_step	6.754407580892012	0.09999999999999964	6	26	8	4.333333333333333	10777962536.725876	5168314.903169502	0.030726920363001398	-0.08759598528231334	383
half_step_1	6.754407580892012	0.04999999999999982	5	17	7	3.4	10777962536.725876	9440007.060721848	0.030726920363001398	-0.08759598528231334	383
half_step_2	6.804407580892012	0.04999999999999982	2	6	3	3	10777962536.725876	9686271.44822051	0.03068969943726252	-0.08719302771825506	375
full_step	6.854407580892012	0.09999999999999964	6	22	8	3.6666666666666665	10777962536.725876	5727370.535744617	0.03073968230311941	-0.08618882701418284	386
half_step_1	6.854407580892012	0.04999999999999982	5	18	7	3.6	10777962536.725876	10254498.486329244	0.03073968230311941	-0.08618882701418284	386
half_step_2	6.904407580892012	0.04999999999999982	2	6	3	3	10777962536.725876	9473188.123139268	0.030702773216443546	-0.08409524810192477	374
full_step	6.954407580892012	0.09999999999999964	6	20	8	3.3333333333333335	10777962536.725876	5200475.868217443	0.030753560534897417	-0.08630952390411945	376
half_step_1	6.954407580892012	0.04999999999999982	4	10	5	2.5	10777962536.725876	9596548.946343442	0.030753560534897417	-0.08630952390411945	376
half_step_2	7.004407580892011	0.04999999999999982	2	6	3	3	10777962536.725876	11040298.44963568	0.03071804527613331	-0.0828291869301568	381
full_step	7.054407580892011	0.09999999999999964	6	21	8	3.5	10777962536.725876	5366633.983253175	0.030769717040261213	-0.08694832325405466	379
half_step_1	7.054407580892011	0.04999999999999982	4	8	7	2	10777962536.725876	9516172.890230993	0.030769717040261213	-0.08694832325405466	379
half_step_2	7.104407580892011	0.04999999999999982	2	6	3	3	10777962536.725876	9816146.7686577	0.030726552268328433	-0.08654801119303404	383
full_step	7.154407580892011	0.09999999999999964	5	16	8	3.2	10777962536.725876	5325495.399080073	0.030781624555205056	-0.08688957837588489	377
half_step_1	7.154407580892011	0.04999999999999982	4	8	7	2	10777962536.725876	9698310.32511712	0.030781624555205056	-0.08688957837588489	377
half_step_2	7.204407580892011	0.04999999999999982	2	6	3	3	10777962536.725876	10080033.549758635	0.030738763318414186	-0.08529098476515627	377
full_step	7.2544075808920105	0.09999999999999964	5	16	8	3.2	10777962536.725876	5735509.507240496	0.03079465825002181	-0.08444111578443317	380
half_step_1	7.2544075808920105	0.04999999999999982	4	8	7	2	10777962536.725876	10157421.09379163	0.03079465825002181	-0.08444111578443317	380
half_step_2	7.30440758089201	0.04999999999999982	2	6	3	3	10777962536.725876	9264164.34926417	0.030751673118254885	-0.09061302603763721	364
full_step	7.35440758089201	0.09999999999999964	5	15	7	3	10777962536.725876	5557462.293571608	0.03080914574788096	-0.08614212775011262	380
half_step_1	7.35440758089201	0.04999999999999982	4	8	7	2	10777962536.725876	10288975.571713509	0.03080914574788096	-0.08614212775011262	380
half_step_2	7.40440758089201	0.04999999999999982	2	6	3	3	10777962536.725876	9596207.69347257	0.03076446955117973	-0.08612116490518447	376
full_step	7.45440758089201	0.09999999999999964	2	1	1	0.5	10777962536.725876	5724863.699016682	0.030817310833169742	-0.08573368006227657	388
half_step_1	7.45440758089201	0.04999999999999982	2	1	1	0.5	10777962536.725876	9956850.304810897	0.030817310833169742	-0.08573368006227657	388
half_step_2	7.50440758089201	0.04999999999999982	2	6	3	3	10777962536.725876	9632764.656565579	0.03079163126098905	-0.08745711497048077	375
full_step	7.5544075808920095	0.09999999999999964	4	8	7	2	10777962536.725876	5379511.480940871	0.03083041652699947	-0.08699774702282818	374
half_step_1	7.5544075808920095	0.04999999999999982	2	1	1	0.5	10777962536.725876	9818547.198327718	0.03083041652699947	-0.08699774702282818	374
half_step_2	7.604407580892009	0.04999999999999982	1	3	3	3	10777962536.725876	10155819.313101647	0.03080772813718191	-0.08634207976001736	378
full_step	7.654407580892009	0.09999999999999964	4	9	8	2.25	10777962536.725876	5264568.662778016	0.02951912957550107	-0.08649146275432744	368
half_step_1	7.654407580892009	0.04999999999999982	3	8	7	2.6666666666666665	10777962536.725876	9436758.655566541	0.02951912957550107	-0.08649146275432744	368
half_step_2	7.704407580892009	0.04999999999999982	2	6	3	3	10777962536.725876	10140677.904155603	0.030075928693907628	-0.08508423802092438	402
full_step	7.754407580892009	0.09999999999999964	4	9	8	2.25	10777962536.725876	5591141.438562945	0.030411550405384347	-0.08380065068697462	368
half_step_1	7.754407580892009	0.04999999999999982	4	7	6	1.75	10777962536.725876	10016788.923157396	0.030411550405384347	-0.08380065068697462	368
half_step_2	7.804407580892009	0.04999999999999982	2	6	3	3	10777962536.725876	9257326.684007296	0.030570970443150713	-0.08803609944421614	369
full_step	7.854407580892008	0.09999999999999964	4	8	7	2	10777962536.725876	5706738.936342036	0.030719848575245123	-0.08463577326992801	386
half_step_1	7.854407580892008	0.04999999999999982	4	8	7	2	10777962536.725876	10481441.642614923	0.030719848575245123	-0.08463577326992801	386
half_step_2	7.904407580892008	0.04999999999999982	6	0	0	0	10777962536.725876	9708600.452855123	0.10215183069777467	-0.0929106080127692	414
full_step	7.954407580892008	0.09999999999999964	7	29	7	4.142857142857143	10777962536.725876	5654975.548272444	0.060734151341208076	-0.08748423050372145	382
half_step_1	7.954407580892008	0.04999999999999982	10	19	13	1.9	10777962536.725876	18971627.16014018	0.060734151341208076	-0.08748423050372145	382
half_step_2	8.004407580892007	0.04999999999999982	9	20	6	2.2222222222222223	10777962536.725876	10063619.71353934	0.20415291945833758	-0.09028800449766342	410
full_step	8.054407580892008	0.09999999999999964	6	23	11	3.8333333333333335	10777962536.725876	5585042.073274606	0.06439580211021223	-0.08952253493683507	398
half_step_1	8.054407580892008	0.04999999999999982	5	9	5	1.8	10777962536.725876	9936914.355369115	0.06439580211021223	-0.08952253493683507	398
half_step_2	8.104407580892008	0.04999999999999982	5	28	11	5.6	10777962536.725876	10794770.82901803	0.040140963279505115	-0.08162310572605488	379
full_step	8.154407580892007	0.09999999999999964	6	21	8	3.5	10777962536.725876	5171874.101549603	0.03806948436082003	-0.09501461691671013	401
half_step_1	8.154407580892007	0.04999999999999982	9	23	7	2.5555555555555554	10777962536.725876	39306978.58933795	0.03806948436082003	-0.09501461691671013	401
half_step_2	8.204407580892006	0.04999999999999982	6	14	5	2.3333333333333335	10777962536.725876	417499881.4587931	0.03464486244296516	-0.08727608867641624	387
full_step	8.154407580892007	0.04999999999999982	6	16	7	2.6666666666666665	10777962536.725876	8865817.384108767	0.03806948436082003	-0.09501461691671013	401
half_step_1	8.154407580892007	0.02499999999999991	9	20	6	2.2222222222222223	10777962536.725876	23751224.65387438	0.03806948436082003	-0.09501461691671013	401
half_step_2	8.179407580892008	0.02499999999999991	3	8	8	2.6666666666666665	10777962536.725876	24771320.78482484	0.03671221671207903	-0.09059293676263475	379
full_step	8.204407580892006	0.09999999999999964	10	23	8	2.3	10777962536.725876	493959868.5459087	0.03595999336089051	-0.08704486765462016	374
full_step	8.204407580892006	0.04999999999999982	7	13	7	1.8571428571428572	10777962536.725876	429929878.52281076	0.03595999336089051	-0.08704486765462016	374
full_step	8.204407580892006	0.02499999999999991	6	14	4	2.3333333333333335	10777962536.725876	327862387.97446305	0.03595999336089051	-0.08704486765462016	374
half_step_1	8.204407580892006	0.012499999999999956	5	13	6	2.6	10777962536.725876	280924639.7364257	0.03595999336089051	-0.08704486765462016	374
half_step_2	8.216907580892006	0.012499999999999956	12	9	5	0.75	10777962536.725876	54226527.63734563	0.34931132979832213	-0.08125307970978655	452
full_step	8.229407580892007	0.06102345695732738	12	30	7	2.5	10777962536.725876	15212608.528239418	0.14453602888181472	-0.09453602429684553	439
half_step_1	8.229407580892007	0.03051172847866369	3	14	6	4.666666666666667	10777962536.725876	18871215.999399833	0.14453602888181472	-0.09453602429684553	439
half_step_2	8.25991930937067	0.03051172847866369	6	6	6	1	10777962536.725876	19164745.384219717	0.3475764746803094	-0.08152114338983953	475
full_step	8.290431037849334	0.09999999999999964	5	18	8	3.6	10777962536.725876	6419876.017174664	0.14550478574128078	-0.09124004823995381	433
half_step_1	8.290431037849334	0.04999999999999982	6	10	4	1.6666666666666667	10777962536.725876	9994735.328734906	0.14550478574128078	-0.09124004823995381	433
half_step_2	8.340431037849335	0.04999999999999982	9	25	10	2.7777777777777777	10777962536.725876	16879492.81169177	0.06151032243506904	-0.08867506949475425	413
full_step	8.390431037849334	0.09999999999999964	6	13	7	2.1666666666666665	10777962536.725876	10966877.555353194	0.03158386588010842	-0.09009270357456566	368
full_step	8.390431037849334	0.04999999999999982	6	18	7	3	10777962536.725876	26663378.82443745	0.03158386588010842	-0.09009270357456566	368
full_step	8.390431037849334	0.02499999999999991	6	25	8	4.166666666666667	10777962536.725876	57252983.79725984	0.03158386588010842	-0.09009270357456566	368
half_step_1	8.390431037849334	0.012499999999999956	6	12	4	2	10777962536.725876	240403385.8601343	0.03158386588010842	-0.09009270357456566	368
half_step_2	8.402931037849333	0.012499999999999956	13	33	8	2.5384615384615383	10777962536.725876	53206319.51096151	0.23807437944633492	-0.0830632890334166	473
full_step	8.415431037849334	0.09999999999999964	12	31	8	2.5833333333333335	10777962536.725876	20776502.476530172	0.22850063619780236	-0.08630407439360943	462
half_step_1	8.415431037849334	0.04999999999999982	6	18	7	3	10777962536.725876	10071366.343267912	0.22850063619780236	-0.08630407439360943	462
half_step_2	8.465431037849335	0.04999999999999982	6	8	5	1.3333333333333333	10777962536.725876	10063524.9685245	0.1361961680864141	-0.08231494969117775	393
full_step	8.415431037849334	0.04999999999999982	10	17	7	1.7	10777962536.725876	10064721.084309574	0.22850063619780236	-0.08630407439360943	462
half_step_1	8.415431037849334	0.02499999999999991	8	21	7	2.625	10777962536.725876	25142908.544874202	0.22850063619780236	-0.08630407439360943	462
half_step_2	8.440431037849335	0.02499999999999991	4	7	7	1.75	10777962536.725876	25285775.887745004	0.13081765203962625	-0.08853756051060943	411
full_step	8.465431037849335	0.09999999999999964	7	23	7	3.2857142857142856	10777962536.725876	6693840.449930247	0.05170967544092875	-0.09159001816685135	381
half_step_1	8.465431037849335	0.04999999999999982	6	16	8	2.6666666666666665	10777962536.725876	9083152.861001505	0.05170967544092875	-0.09159001816685135	381
half_step_2	8.515431037849336	0.04999999999999982	6	18	6	3	10777962536.725876	44616073.952119246	0.022947901673727955	-0.08297794096450836	387
full_step	8.565431037849335	0.09999999999999964	9	17	5	1.8888888888888888	10777962536.725876	5670555.559376957	0.6665856850612144	-0.04414227587177155	536
half_step_1	8.565431037849335	0.04999999999999982	6	3	3	0.5	10777962536.725876	10424050.755551044	0.6665856850612144	-0.04414227587177155	536
half_step_2	8.615431037849334	0.04999999999999982	6	8	4	1.3333333333333333	10777962536.725876	9516256.2259209	0.2338763277011715	-0.08774077634408264	474
full_step	8.665431037849334	0.09999999999999964	10	36	9	3.6	10777962536.725876	5363732.138760672	0.1308261933870245	-0.08889904255093171	444
half_step_1	8.665431037849334	0.04999999999999982	6	12	6	2	10777962536.725876	9546286.305858994	0.1308261933870245	-0.08889904255093171	444
half_step_2	8.715431037849335	0.04999999999999982	3	7	7	2.3333333333333335	10777962536.725876	9559389.576040013	0.06319276551145947	-0.08411504717577498	395
full_step	8.765431037849334	0.09999999999999964	7	28	7	4	10777962536.725876	39602881.42800951	0.061020935555234246	-0.08977955401226455	404
half_step_1	8.765431037849334	0.04999999999999982	6	28	7	4.666666666666667	10777962536.725876	16120297.504638016	0.061020935555234246	-0.08977955401226455	404
half_step_2	8.815431037849333	0.04999999999999982	6	7	7	1.1666666666666667	10777962536.725876	10371168.067848163	0.04306480717777106	-0.09251704601503942	441
full_step	8.865431037849334	0.09999999999999964	5	14	7	2.8	10777962536.725876	23052420.197036717	0.023146094796333117	-0.0956937392194757	431
half_step_1	8.865431037849334	0.04999999999999982	6	12	5	2	10777962536.725876	10374321.526672924	0.023146094796333117	-0.0956937392194757	431
half_step_2	8.915431037849334	0.04999999999999982	5	6	6	1.2	10777962536.725876	9964820.394184018	0.04250896837720575	-0.0986920224942011	486
full_step	8.965431037849333	0.09999999999999964	6	20	8	3.3333333333333335	10777962536.725876	5933888.516540776	0.03857679075586873	-0.09661391254576825	501
half_step_1	8.965431037849333	0.04999999999999982	4	7	4	1.75	10777962536.725876	11116606.833506553	0.03857679075586873	-0.09661391254576825	501
half_step_2	9.015431037849332	0.04999999999999982	5	13	5	2.6	10777962536.725876	20256717.505167823	0.04853884348260351	-0.10158664954372311	476
full_step	9.065431037849333	0.09999999999999964	8	22	9	2.75	10777962536.725876	89374670.05167654	0.055325532973412805	-0.08918312918981514	402
half_step_1	9.065431037849333	0.04999999999999982	9	20	6	2.2222222222222223	10777962536.725876	57911773.272983424	0.055325532973412805	-0.08918312918981514	402
half_step_2	9.115431037849334	0.04999999999999982	4	7	4	1.75	10777962536.725876	337414627.6976207	0.05372684966286556	-0.09043969833268706	380
full_step	9.165431037849332	0.09999999999999964	13	31	9	2.3846153846153846	10777962536.725876	287868193.9936316	0.03385428136958524	-0.08035474195228323	354
full_step	9.165431037849332	0.04999999999999982	12	21	8	1.75	10777962536.725876	285434697.06386065	0.03385428136958524	-0.08035474195228323	354
half_step_1	9.165431037849332	0.02499999999999991	6	14	5	2.3333333333333335	10777962536.725876	404581213.485843	0.03385428136958524	-0.08035474195228323	354
half_step_2	9.190431037849333	0.02499999999999991	5	8	8	1.6	10777962536.725876	253818195.86914977	0.011980397634147266	-0.08486790714454659	358
full_step	9.215431037849331	0.09999999999999964	7	28	10	4	10777962536.725876	6854972.190619169	1.4638147800552588	0.026194763110010965	421
half_step_1	9.215431037849331	0.04999999999999982	5	14	8	2.8	10777962536.725876	9723201.288572911	1.4638147800552588	0.026194763110010965	421
half_step_2	9.265431037849332	0.04999999999999982	5	6	6	1.2	10777962536.725876	10380397.404313603	0.9025840376731509	-0.06211109773098076	383
full_step	9.315431037849331	0.09999999999999964	7	39	9	5.571428571428571	10777962536.725876	9683601.777447883	0.24927392808723425	-0.07403453621684164	355
half_step_1	9.315431037849331	0.04999999999999982	6	17	7	2.8333333333333335	10777962536.725876	20354389.49638993	0.24927392808723425	-0.07403453621684164	355
half_step_2	9.36543103784933	0.04999999999999982	6	23	12	3.8333333333333335	10777962536.725876	35967987.45167414	0.05661328486060313	-0.07995334963241131	374
full_step	9.41543103784933	0.09999999999999964	14	48	11	3.4285714285714284	10777962536.725876	6089809.513210581	0.7279144853622057	-0.062205414803270166	422
half_step_1	9.41543103784933	0.04999999999999982	11	33	8	3	10777962536.725876	11072126.246148236	0.7279144853622057	-0.062205414803270166	422
half_step_2	9.465431037849331	0.04999999999999982	4	6	3	1.5	10777962536.725876	9081864.726779485	0.22488413085625325	-0.08497668596205259	397
full_step	9.51543103784933	0.09999999999999964	7	36	12	5.142857142857143	10777962536.725876	5673115.946993567	0.04105463748729221	-0.08958332238355793	406
half_step_1	9.51543103784933	0.04999999999999982	7	16	6	2.2857142857142856	10777962536.725876	10275942.966712194	0.04105463748729221	-0.08958332238355793	406
half_step_2	9.56543103784933	0.04999999999999982	3	10	6	3.3333333333333335	10777962536.725876	10423533.86797439	0.11364446449537269	-0.08977110334531117	423
full_step	9.61543103784933	0.09999999999999964	5	21	7	4.2	10777962536.725876	6039418.854207435	0.077220384866024	-0.089313367550615	419
half_step_1	9.61543103784933	0.04999999999999982	5	20	7	4	10777962536.725876	10366360.185307814	0.077220384866024	-0.089313367550615	419
half_step_2	9.66543103784933	0.04999999999999982	2	7	4	3.5	10777962536.725876	9036130.086802566	0.04719900139313715	-0.0903461928841692	399
full_step	9.71543103784933	0.09999999999999964	6	25	8	4.166666666666667	10777962536.725876	5383840.621987293	0.04066519956865555	-0.08920951456866946	394
half_step_1	9.71543103784933	0.04999999999999982	5	18	7	3.6	10777962536.725876	9689390.788683148	0.04066519956865555	-0.08920951456866946	394
half_step_2	9.765431037849329	0.04999999999999982	2	8	5	4	10777962536.725876	9857663.215326596	0.03988201247690348	-0.08878545727938693	403
full_step	9.81543103784933	0.09999999999999964	5	13	8	2.6	10777962536.725876	5514594.973930755	0.03940834857508513	-0.08997239924147185	409
half_step_1	9.81543103784933	0.04999999999999982	4	13	6	3.25	10777962536.725876	10009069.872635562	0.03940834857508513	-0.08997239924147185	409
half_step_2	9.86543103784933	0.04999999999999982	2	9	5	4.5	10777962536.725876	9499565.069468802	0.0393361483818353	-0.08998451472902882	407
full_step	9.915431037849329	0.09999999999999964	7	25	8	3.5714285714285716	10777962536.725876	5749723.4466508925	0.039299051109464855	-0.08983283717624188	421
half_step_1	9.915431037849329	0.04999999999999982	6	24	8	4	10777962536.725876	10685393.530459266	0.039299051109464855	-0.08983283717624188	421
half_step_2	9.965431037849328	0.04999999999999982	2	8	5	4	10777962536.725876	9747574.685949905	0.03926130889482238	-0.08835322340167233	404
full_step	10.015431037849329	0.09999999999999964	7	36	10	5.142857142857143	10777962536.725876	5299709.772610473	0.03867132778602311	-0.09066859767737653	396
half_step_1	10.015431037849329	0.04999999999999982	6	21	5	3.5	10777962536.725876	9532570.284369772	0.03867132778602311	-0.09066859767737653	396
half_step_2	10.06543103784933	0.04999999999999982	2	10	7	5	10777962536.725876	10728402.626348928	0.038944430412037434	-0.08808280792330775	416
full_step	10.115431037849328	0.09999999999999964	5	15	6	3	10777962536.725876	5472997.6853497	0.03821252477804293	-0.08816269894641321	401
half_step_1	10.115431037849328	0.04999999999999982	5	14	7	2.8	10777962536.725876	9868581.184504718	0.03821252477804293	-0.08816269894641321	401
half_step_2	10.165431037849327	0.04999999999999982	2	10	7	5	10777962536.725876	9133603.469495397	0.03870349344600221	-0.08976649040702107	399
full_step	10.215431037849328	0.09999999999999964	5	12	6	2.4	10777962536.725876	5975036.139138242	0.0381696239877396	-0.08756582801641916	423
half_step_1	10.215431037849328	0.04999999999999982	6	21	6	3.5	10777962536.725876	10920787.565891998	0.0381696239877396	-0.08756582801641916	423
half_step_2	10.265431037849329	0.04999999999999982	2	12	8	6	10777962536.725876	10546443.054128839	0.0386473321575771	-0.088855683658427	419
full_step	10.315431037849327	0.09999999999999964	5	16	8	3.2	10777962536.725876	5462495.460645376	0.03839140841115629	-0.08873049025700286	419
half_step_1	10.315431037849327	0.04999999999999982	5	21	7	4.2	10777962536.725876	9964896.3193704	0.03839140841115629	-0.08873049025700286	419
half_step_2	10.365431037849326	0.04999999999999982	1	4	4	4	10777962536.725876	9656303.78380435	0.038740680571606845	-0.08988385336838851	408
full_step	10.415431037849327	0.09999999999999964	6	26	8	4.333333333333333	10777962536.725876	5426124.6274666935	0.03911800725584058	-0.08913234666789063	402
half_step_1	10.415431037849327	0.04999999999999982	5	18	9	3.6	10777962536.725876	9919817.347798252	0.03911800725584058	-0.08913234666789063	402
half_step_2	10.465431037849328	0.04999999999999982	1	4	4	4	10777962536.725876	10296267.10309162	0.03916454068787445	-0.08847046256943532	415
full_step	10.515431037849327	0.09999999999999964	6	28	9	4.666666666666667	10777962536.725876	5466286.304513031	0.038921570329844	-0.08953665548263424	405
half_step_1	10.515431037849327	0.04999999999999982	5	20	7	4	10777962536.725876	10037194.132529322	0.038921570329844	-0.08953665548263424	405
half_step_2	10.565431037849326	0.04999999999999982	2	8	5	4	10777962536.725876	10242108.8986092	0.03903610749775943	-0.08795028680256375	416
full_step	10.615431037849326	0.09999999999999964	5	14	6	2.8	10777962536.725876	5204555.966947531	0.03859906308995953	-0.088907002017586	401
half_step_1	10.615431037849326	0.04999999999999982	5	11	4	2.2	10777962536.725876	9219705.985245593	0.03859906308995953	-0.088907002017586	401
half_step_2	10.665431037849327	0.04999999999999982	2	9	7	4.5	10777962536.725876	9269251.362016704	0.03879305113523657	-0.08871466670904377	405
full_step	10.715431037849326	0.09999999999999964	6	23	8	3.8333333333333335	10777962536.725876	5987472.803967531	0.03814167143537972	-0.08647459795854587	410
half_step_1	10.715431037849326	0.04999999999999982	4	12	5	3	10777962536.725876	10710158.971210292	0.03814167143537972	-0.08647459795854587	410
half_step_2	10.765431037849325	0.04999999999999982	2	11	8	5.5	10777962536.725876	9349217.283733947	0.03851316467174826	-0.092082446641622	393
full_step	10.815431037849326	0.09999999999999964	4	9	8	2.25	10777962536.725876	5643316.371488812	0.03771327137171454	-0.08852572350850313	417
half_step_1	10.815431037849326	0.04999999999999982	4	12	6	3	10777962536.725876	10141809.046713965	0.03771327137171454	-0.08852572350850313	417
half_step_2	10.865431037849326	0.04999999999999982	2	11	8	5.5	10777962536.725876	10011760.901899356	0.03833435773702476	-0.09130763745114583	410
full_step	10.915431037849325	0.09999999999999964	7	26	8	3.7142857142857144	10777962536.725876	5479940.003171412	0.037720327246574925	-0.08911586929618358	408
half_step_1	10.915431037849325	0.04999999999999982	6	21	7	3.5	10777962536.725876	10083736.097694483	0.037720327246574925	-0.08911586929618358	408
half_step_2	10.965431037849324	0.04999999999999982	2	10	7	5	10777962536.725876	9309919.396753415	0.03831456576163106	-0.08960240394069142	404
full_step	11.015431037849325	0.09999999999999964	7	30	8	4.285714285714286	10777962536.725876	5266257.858770827	0.03799417124972493	-0.09019522355018411	397
half_step_1	11.015431037849325	0.04999999999999982	6	26	8	4.333333333333333	10777962536.725876	9708916.79756687	0.03799417124972493	-0.09019522355018411	397
half_step_2	11.065431037849326	0.04999999999999982	2	10	7	5	10777962536.725876	9126311.837256534	0.0384214257685116	-0.09605497435708943	404
full_step	11.115431037849325	0.09999999999999964	7	26	7	3.7142857142857144	10777962536.725876	5223965.5365484655	0.03753998361834121	-0.08773814334372072	402
half_step_1	11.115431037849325	0.04999999999999982	6	25	8	4.166666666666667	10777962536.725876	9714765.483946903	0.03753998361834121	-0.08773814334372072	402
half_step_2	11.165431037849324	0.04999999999999982	2	13	10	6.5	10777962536.725876	10093990.683785416	0.03816948619190974	-0.08943685794376637	403
full_step	11.215431037849324	0.09999999999999964	6	20	7	3.3333333333333335	10777962536.725876	5132224.000097415	0.03733442634265316	-0.09047063007816541	395
half_step_1	11.215431037849324	0.04999999999999982	5	19	7	3.8	10777962536.725876	9444294.958205981	0.03733442634265316	-0.09047063007816541	395
half_step_2	11.265431037849325	0.04999999999999982	2	13	10	6.5	10777962536.725876	9394506.7413431	0.038046423711289634	-0.09154934366071918	398
full_step	11.315431037849324	0.09999999999999964	6	18	6	3	10777962536.725876	5217686.177896313	0.03721889767437325	-0.08977298187122441	386
half_step_1	11.315431037849324	0.04999999999999982	6	21	6	3.5	10777962536.725876	9551018.42168897	0.03721889767437325	-0.08977298187122441	386
half_step_2	11.365431037849323	0.04999999999999982	2	12	10	6	10777962536.725876	9817673.456858732	0.037964927976942064	-0.08864021255175807	406
full_step	11.415431037849324	0.09999999999999964	5	16	8	3.2	10777962536.725876	5565641.505320098	0.03705771391368806	-0.08887090656310971	409
half_step_1	11.415431037849324	0.04999999999999982	5	19	6	3.8	10777962536.725876	9941318.748582635	0.03705771391368806	-0.08887090656310971	409
half_step_2	11.465431037849324	0.04999999999999982	2	11	9	5.5	10777962536.725876	9453385.628498647	0.037861437437932466	-0.09031246491849208	415
full_step	11.515431037849323	0.09999999999999964	5	19	10	3.8	10777962536.725876	4971705.5122853415	0.03699500149875945	-0.08995988923715294	395
half_step_1	11.515431037849323	0.04999999999999982	6	20	6	3.3333333333333335	10777962536.725876	9084061.01745869	0.03699500149875945	-0.08995988923715294	395
half_step_2	11.565431037849322	0.04999999999999982	2	12	9	6	10777962536.725876	9312554.962129427	0.037802971727082024	-0.08878628730180783	387
full_step	11.615431037849323	0.09999999999999964	7	23	7	3.2857142857142856	10777962536.725876	5484190.968164546	0.03702377072533203	-0.09139229134041355	415
half_step_1	11.615431037849323	0.04999999999999982	5	19	7	3.8	10777962536.725876	10178378.450544562	0.03702377072533203	-0.09139229134041355	415
half_step_2	11.665431037849324	0.04999999999999982	2	9	5	4.5	10777962536.725876	10578905.466961836	0.03778256980091399	-0.08819239079811207	420
full_step	11.715431037849322	0.09999999999999964	6	26	9	4.333333333333333	10777962536.725876	5930001.298842383	0.038225349305605505	-0.0872370307677149	423
half_step_1	11.715431037849322	0.04999999999999982	5	22	7	4.4	10777962536.725876	10443272.179911861	0.038225349305605505	-0.0872370307677149	423
half_step_2	11.765431037849321	0.04999999999999982	2	8	6	4	10777962536.725876	9705933.759668153	0.03807536973285508	-0.08936045034408649	396
full_step	11.815431037849322	0.09999999999999964	7	35	12	5	10777962536.725876	5304608.7381671	0.03746152035954253	-0.08824374108688801	403
half_step_1	11.815431037849322	0.04999999999999982	6	19	6	3.1666666666666665	10777962536.725876	9225906.677948928	0.03746152035954253	-0.08824374108688801	403
half_step_2	11.865431037849323	0.04999999999999982	2	8	6	4	10777962536.725876	9996251.048035176	0.037880245364746656	-0.08824112407889702	409
full_step	11.915431037849322	0.09999999999999964	7	26	10	3.7142857142857144	10777962536.725876	5518026.66834824	0.037352349668655194	-0.08852381531777123	396
half_step_1	11.915431037849322	0.04999999999999982	6	23	7	3.8333333333333335	10777962536.725876	10225050.617599849	0.037352349668655194	-0.08852381531777123	396
half_step_2	11.96543103784932	0.04999999999999982	2	9	7	4.5	10777962536.725876	10540145.630749132	0.037801101766506306	-0.08681289356935024	405
full_step	12.015431037849321	0.09999999999999964	6	20	6	3.3333333333333335	10777962536.725876	5498784.109532031	0.037223699006590394	-0.08807694018871288	395
half_step_1	12.015431037849321	0.04999999999999982	5	13	6	2.6	10777962536.725876	10126162.80908335	0.037223699006590394	-0.08807694018871288	395
half_step_2	12.065431037849322	0.04999999999999982	2	8	6	4	10777962536.725876	9921764.634019224	0.037725393941109076	-0.08903019741998448	394
full_step	12.115431037849321	0.09999999999999964	6	19	8	3.1666666666666665	10777962536.725876	5067878.156782092	0.037233576388386425	-0.09179018076109842	395
half_step_1	12.115431037849321	0.04999999999999982	5	16	7	3.2	10777962536.725876	9487715.654622005	0.037233576388386425	-0.09179018076109842	395
half_step_2	12.16543103784932	0.04999999999999982	2	9	5	4.5	10777962536.725876	10391729.532452412	0.037701608484827176	-0.08908201094367174	412
full_step	12.21543103784932	0.09999999999999964	6	20	7	3.3333333333333335	10777962536.725876	5450480.036915805	0.03751933581208711	-0.08745339786887746	401
half_step_1	12.21543103784932	0.04999999999999982	6	25	7	4.166666666666667	10777962536.725876	9977912.555707928	0.03751933581208711	-0.08745339786887746	401
half_step_2	12.265431037849321	0.04999999999999982	2	9	6	4.5	10777962536.725876	10206144.580955988	0.03783012436433353	-0.0872342271288497	413
full_step	12.31543103784932	0.09999999999999964	6	20	7	3.3333333333333335	10777962536.725876	5485360.708643084	0.037059655363162136	-0.0900983986459112	408
half_step_1	12.31543103784932	0.04999999999999982	7	23	7	3.2857142857142856	10777962536.725876	10191228.773016874	0.037059655363162136	-0.0900983986459112	408
half_step_2	12.36543103784932	0.04999999999999982	2	9	6	4.5	10777962536.725876	9541354.93370324	0.03756918727029124	-0.09257325916847085	399
full_step	12.41543103784932	0.09999999999999964	7	28	8	4	10777962536.725876	5444009.629603212	0.036799122402292994	-0.08972254971583549	408
half_step_1	12.41543103784932	0.04999999999999982	7	24	8	3.4285714285714284	10777962536.725876	9819812.909292929	0.036799122402292994	-0.08972254971583549	408
half_step_2	12.46543103784932	0.04999999999999982	2	11	8	5.5	10777962536.725876	10659367.37294338	0.03742393784574993	-0.08868927977105827	419
full_step	12.51543103784932	0.09999999999999964	7	23	7	3.2857142857142856	10777962536.725876	5294529.155069087	0.03665759077310682	-0.0896526148985932	394
half_step_1	12.51543103784932	0.04999999999999982	6	22	7	3.6666666666666665	10777962536.725876	9520100.372779908	0.03665759077310682	-0.0896526148985932	394
half_step_2	12.565431037849319	0.04999999999999982	2	10	7	5	10777962536.725876	10275457.790326538	0.03733270506457309	-0.08912563145163264	409
full_step	12.61543103784932	0.09999999999999964	4	9	8	2.25	10777962536.725876	5914481.752956308	0.03683851988436615	-0.08537079392570712	414
half_step_1	12.61543103784932	0.04999999999999982	4	13	7	3.25	10777962536.725876	10619696.951852214	0.03683851988436615	-0.08537079392570712	414
half_step_2	12.66543103784932	0.04999999999999982	2	8	4	4	10777962536.725876	9639837.464687584	0.0373952791245582	-0.08649503180352729	408
full_step	12.715431037849319	0.09999999999999964	6	25	8	4.166666666666667	10777962536.725876	5683120.058402196	0.03764772755497958	-0.08742590748479057	414
half_step_1	12.715431037849319	0.04999999999999982	5	16	7	3.2	10777962536.725876	9918878.174770072	0.03764772755497958	-0.08742590748479057	414
half_step_2	12.765431037849318	0.04999999999999982	2	10	6	5	10777962536.725876	9462301.79435871	0.03772674100384066	-0.08699169264890727	399
full_step	12.815431037849319	0.09999999999999964	6	14	7	2.3333333333333335	10777962536.725876	5921017.844972132	0.03740830898615677	-0.08493518011004522	417
half_step_1	12.815431037849319	0.04999999999999982	4	14	7	3.5	10777962536.725876	10361734.638048843	0.03740830898615677	-0.08493518011004522	417
half_step_2	12.86543103784932	0.04999999999999982	2	9	5	4.5	10777962536.725876	9145275.68724878	0.03759390285228825	-0.0881929228468097	398
full_step	12.915431037849318	0.09999999999999964	6	24	8	4	10777962536.725876	4891473.369442963	0.037515569773866275	-0.090575450767333	387
half_step_1	12.915431037849318	0.04999999999999982	4	15	8	3.75	10777962536.725876	9194159.223032966	0.037515569773866275	-0.090575450767333	387
half_step_2	12.965431037849317	0.04999999999999982	2	10	6	5	10777962536.725876	10407789.751835639	0.037615779775299174	-0.08566136128333081	411
full_step	13.015431037849318	0.09999999999999964	6	24	8	4	10777962536.725876	5575512.322221064	0.037319018396583914	-0.08847256494127072	411
half_step_1	13.015431037849318	0.04999999999999982	5	19	7	3.8	10777962536.725876	10006710.80653937	0.037319018396583914	-0.08847256494127072	411
half_step_2	13.065431037849319	0.04999999999999982	2	9	6	4.5	10777962536.725876	9347424.591502622	0.03749410105699269	-0.08984528015141936	385
full_step	13.115431037849318	0.09999999999999964	6	21	7	3.5	10777962536.725876	5724132.398083717	0.03688112692249135	-0.08593330263310618	409
half_step_1	13.115431037849318	0.04999999999999982	5	17	7	3.4	10777962536.725876	9981646.98099912	0.03688112692249135	-0.08593330263310618	409
half_step_2	13.165431037849316	0.04999999999999982	2	10	7	5	10777962536.725876	10244276.338141955	0.037253254469366226	-0.08540387484002314	397
full_step	13.215431037849317	0.09999999999999964	4	10	9	2.5	10777962536.725876	5159485.584303196	0.0365806757456717	-0.08953101478540545	389
half_step_1	13.215431037849317	0.04999999999999982	4	11	6	2.75	10777962536.725876	9232354.370396933	0.0365806757456717	-0.08953101478540545	389
half_step_2	13.265431037849318	0.04999999999999982	2	10	6	5	10777962536.725876	9180390.280974625	0.037088226938516655	-0.09008764866335003	396
full_step	13.315431037849317	0.09999999999999964	5	12	6	2.4	10777962536.725876	6061250.659176713	0.03688989636094675	-0.08468120131755631	416
half_step_1	13.315431037849317	0.04999999999999982	4	15	8	3.75	10777962536.725876	10686524.819176009	0.03688989636094675	-0.08468120131755631	416
half_step_2	13.365431037849316	0.04999999999999982	2	9	5	4.5	10777962536.725876	10218067.94342221	0.037219768930274455	-0.08580082290972342	413
full_step	13.415431037849316	0.09999999999999964	7	27	8	3.857142857142857	10777962536.725876	5631644.7756978385	0.03722400897539124	-0.0885157010414046	398
half_step_1	13.415431037849316	0.04999999999999982	6	22	7	3.6666666666666665	10777962536.725876	10285293.253554238	0.03722400897539124	-0.0885157010414046	398
half_step_2	13.465431037849317	0.04999999999999982	2	9	6	4.5	10777962536.725876	9863252.008120738	0.0373444280776134	-0.08801259185589932	412
full_step	13.515431037849316	0.09999999999999964	6	21	8	3.5	10777962536.725876	5633166.875289652	0.03688274650734691	-0.08759341740332639	417
half_step_1	13.515431037849316	0.04999999999999982	4	11	7	2.75	10777962536.725876	10245327.35334717	0.03688274650734691	-0.08759341740332639	417
half_step_2	13.565431037849315	0.04999999999999982	2	10	6	5	10777962536.725876	10196026.2718664	0.037148369248074076	-0.08585745993463674	409
full_step	13.615431037849316	0.09999999999999964	5	15	7	3	10777962536.725876	5416016.472846664	0.036887986018873775	-0.08792508533588976	407
half_step_1	13.615431037849316	0.04999999999999982	4	13	7	3.25	10777962536.725876	9643314.955059646	0.036887986018873775	-0.08792508533588976	407
half_step_2	13.665431037849316	0.04999999999999982	2	9	5	4.5	10777962536.725876	9929773.020899994	0.03713079773932648	-0.0861243888909231	414
full_step	13.715431037849315	0.09999999999999964	4	9	8	2.25	10777962536.725876	5422055.769055458	0.037123098910671004	-0.08875359078374556	421
half_step_1	13.715431037849315	0.04999999999999982	2	5	4	2.5	10777962536.725876	9984215.31372334	0.037123098910671004	-0.08875359078374556	421
half_step_2	13.765431037849314	0.04999999999999982	2	8	4	4	10777962536.725876	10256673.43437249	0.03716570578817091	-0.08506518399524286	426
full_step	13.815431037849315	0.09999999999999964	4	9	8	2.25	10777962536.725876	5983760.434205934	0.03713762406154508	-0.08592352663326151	415
half_step_1	13.815431037849315	0.04999999999999982	2	5	4	2.5	10777962536.725876	10346122.369576914	0.03713762406154508	-0.08592352663326151	415
half_step_2	13.865431037849316	0.04999999999999982	2	8	4	4	10777962536.725876	9128886.804399742	0.03716777585660935	-0.09029502842198055	397
full_step	13.915431037849315	0.09999999999999964	4	9	8	2.25	10777962536.725876	5580167.979571442	0.03710343517660597	-0.08632668693731708	401
half_step_1	13.915431037849315	0.04999999999999982	2	5	3	2.5	10777962536.725876	10209623.654465135	0.03710343517660597	-0.08632668693731708	401
half_step_2	13.965431037849314	0.04999999999999982	2	8	4	4	10777962536.725876	10177381.842480598	0.037130669160193364	-0.08688314449261235	400
full_step	14.015431037849314	0.09999999999999964	8	0	0	0	10777962536.725876	5957176.113201154	1.3972611845326064	0.04657743002868845	609
half_step_1	14.015431037849314	0.04999999999999982	7	0	0	0	10777962536.725876	10677286.082941882	1.3972611845326064	0.04657743002868845	609
half_step_2	14.065431037849315	0.04999999999999982	5	15	5	3	10777962536.725876	10398876.81258583	0.4783128580491951	-0.0641194035724493	515
full_step	14.115431037849314	0.09999999999999964	5	15	8	3	10777962536.725876	5640986.958925198	0.21751569059724218	-0.08144829322227318	441
half_step_1	14.115431037849314	0.04999999999999982	4	11	9	2.75	10777962536.725876	9970616.315695044	0.21751569059724218	-0.08144829322227318	441
half_step_2	14.165431037849313	0.04999999999999982	4	9	5	2.25	10777962536.725876	9119410.965297356	0.10304694511349055	-0.08999202960198475	439
full_step	14.215431037849314	0.09999999999999964	8	15	8	1.875	10777962536.725876	8517170.535074241	0.052593073281618885	-0.09149625057951996	448
half_step_1	14.215431037849314	0.04999999999999982	4	3	3	0.75	10777962536.725876	25167157.61331989	0.052593073281618885	-0.09149625057951996	448
half_step_2	14.265431037849314	0.04999999999999982	6	24	13	4	10777962536.725876	97125664.21485223	0.02144707074995722	-0.09445143099637582	422
full_step	14.315431037849313	0.09999999999999964	5	9	9	1.8	10777962536.725876	5654251.305099506	0.13692721987551693	-0.08648461805267663	378
half_step_1	14.315431037849313	0.04999999999999982	7	5	5	0.7142857142857143	10777962536.725876	10148263.572426783	0.13692721987551693	-0.08648461805267663	378
half_step_2	14.365431037849312	0.04999999999999982	1	12	12	12	10777962536.725876	405893262.87037706	0.07619343031166181	-0.09020962693007697	398
full_step	14.415431037849313	0.09999999999999964	4	7	5	1.75	10777962536.725876	5803822.594203134	0.06910406679408254	-0.08398994699214452	408
half_step_1	14.415431037849313	0.04999999999999982	4	6	6	1.5	10777962536.725876	10842632.926529778	0.06910406679408254	-0.08398994699214452	408
half_step_2	14.465431037849314	0.04999999999999982	2	0	0	0	10777962536.725876	10337638.671545291	0.05645523272952779	-0.08601431853295871	408
full_step	14.515431037849313	0.09999999999999964	4	3	3	0.75	10777962536.725876	5371826.165323459	0.05675729074160074	-0.08851801274931663	432
half_step_1	14.515431037849313	0.04999999999999982	3	10	7	3.3333333333333335	10777962536.725876	9740698.025495285	0.05675729074160074	-0.08851801274931663	432
half_step_2	14.565431037849311	0.04999999999999982	3	9	4	3	10777962536.725876	10277716.046225192	0.053104221440520405	-0.08458879341152485	420
full_step	14.615431037849312	0.09999999999999964	4	14	8	3.5	10777962536.725876	5759257.025707102	0.05836317755378673	-0.08600406860606294	424
half_step_1	14.615431037849312	0.04999999999999982	2	2	2	1	10777962536.725876	10210786.406356461	0.05836317755378673	-0.08600406860606294	424
half_step_2	14.665431037849313	0.04999999999999982	2	3	3	1.5	10777962536.725876	9294496.356838461	0.05972719215199618	-0.09045782710196357	424
full_step	14.715431037849312	0.09999999999999964	4	13	7	3.25	10777962536.725876	5545505.538143019	0.060141746176171296	-0.08794090216238513	437
half_step_1	14.715431037849312	0.04999999999999982	3	7	7	2.3333333333333335	10777962536.725876	10067551.35056406	0.060141746176171296	-0.08794090216238513	437
half_step_2	14.76543103784931	0.04999999999999982	2	3	3	1.5	10777962536.725876	9677571.641775506	0.06038850171543686	-0.08597568779610221	429
full_step	14.815431037849311	0.09999999999999964	4	13	8	3.25	10777962536.725876	5216114.7282961095	0.06019071651428476	-0.08944072709511988	426
half_step_1	14.815431037849311	0.04999999999999982	2	6	4	3	10777962536.725876	9410550.77051369	0.06019071651428476	-0.08944072709511988	426
half_step_2	14.865431037849312	0.04999999999999982	2	3	3	1.5	10777962536.725876	9547501.624477942	0.059289494573306456	-0.08698073305230625	431
full_step	14.915431037849311	0.09999999999999964	2	4	3	2	10777962536.725876	6156735.540559103	0.057738593089922574	-0.08511800795753853	436
half_step_1	14.915431037849311	0.04999999999999982	2	0	0	0	10777962536.725876	10461572.079085864	0.057738593089922574	-0.08511800795753853	436
half_step_2	14.96543103784931	0.04999999999999982	2	0	0	0	10777962536.725876	10339721.48202318	0.05898281514220116	-0.08774728432998836	431
full_step	15.01543103784931	0.09999999999999964	2	5	3	2.5	10777962536.725876	4924642.602335899	0.05962748344074953	-0.09086316356497785	414
half_step_1	15.01543103784931	0.04999999999999982	2	7	5	3.5	10777962536.725876	8995033.127067942	0.05962748344074953	-0.09086316356497785	414
half_step_2	15.065431037849311	0.04999999999999982	1	2	2	2	10777962536.725876	10928835.628478909	0.05791254910661792	-0.08511390115247619	442
full_step	15.11543103784931	0.09999999999999964	2	2	2	1	10777962536.725876	5792717.186023883	0.05597989314652807	-0.08741908209812224	444
half_step_1	15.11543103784931	0.04999999999999982	2	0	0	0	10777962536.725876	10396325.724083224	0.05597989314652807	-0.08741908209812224	444
half_step_2	15.16543103784931	0.04999999999999982	2	0	0	0	10777962536.725876	10265297.653848294	0.05743006416683727	-0.08779670976473597	434
full_step	15.21543103784931	0.09999999999999964	2	5	3	2.5	10777962536.725876	5306691.476591942	0.05847989517216945	-0.08845380890075231	426
half_step_1	15.21543103784931	0.04999999999999982	2	6	4	3	10777962536.725876	9403919.191420112	0.05847989517216945	-0.08845380890075231	426
half_step_2	15.26543103784931	0.04999999999999982	1	2	2	2	10777962536.725876	10192452.913184475	0.057063638887626666	-0.08908722664820216	437
full_step	15.31543103784931	0.09999999999999964	2	2	2	1	10777962536.725876	5164653.639343059	0.05569126851622741	-0.08839204213688569	430
half_step_1	15.31543103784931	0.04999999999999982	2	2	2	1	10777962536.725876	9283286.97779701	0.05569126851622741	-0.08839204213688569	430
half_step_2	15.365431037849309	0.04999999999999982	2	5	3	2.5	10777962536.725876	10587710.070293145	0.05669522027201879	-0.0894326324641129	443
full_step	15.41543103784931	0.09999999999999964	2	2	2	1	10777962536.725876	6191196.226278339	0.057430859512223265	-0.08568465358467041	446
half_step_1	15.41543103784931	0.04999999999999982	2	2	2	1	10777962536.725876	10792221.845865604	0.057430859512223265	-0.08568465358467041	446
half_step_2	15.46543103784931	0.04999999999999982	1	3	3	3	10777962536.725876	9913065.977778746	0.057356056784954035	-0.08581283795856039	444
full_step	15.515431037849309	0.09999999999999964	2	0	0	0	10777962536.725876	6098679.364736725	0.05698076586264733	-0.08625251091901104	450
half_step_1	15.515431037849309	0.04999999999999982	2	5	3	2.5	10777962536.725876	10479912.698822862	0.05698076586264733	-0.08625251091901104	450
half_step_2	15.565431037849308	0.04999999999999982	1	2	2	2	10777962536.725876	9593239.10270668	0.056996683030760664	-0.08937654856979245	434
full_step	15.615431037849309	0.09999999999999964	3	3	3	1	10777962536.725876	5623551.232025233	0.05705731284798787	-0.08997834035141475	444
half_step_1	15.615431037849309	0.04999999999999982	3	3	3	1	10777962536.725876	9604989.004029138	0.05705731284798787	-0.08997834035141475	444
half_step_2	15.66543103784931	0.04999999999999982	4	0	0	0	10777962536.725876	9740039.089149993	0.05706943890405114	-0.08917378676773145	446
full_step	15.715431037849308	0.09999999999999964	4	6	3	1.5	10777962536.725876	5301533.380126293	0.0579427933901826	-0.0908746418446398	469
full_step	15.715431037849308	0.04999999999999982	10	8	3	0.8	10777962536.725876	29920786.126707133	0.0579427933901826	-0.0908746418446398	469
half_step_1	15.715431037849308	0.02499999999999991	4	14	12	3.5	10777962536.725876	25559303.64329725	0.0579427933901826	-0.0908746418446398	469
half_step_2	15.740431037849309	0.02499999999999991	9	7	4	0.7777777777777778	10777962536.725876	26006191.19213717	0.17583445508115858	-0.07704111190989328	508
full_step	15.765431037849307	0.09999999999999964	6	13	7	2.1666666666666665	10777962536.725876	7218404.013701206	0.2891420908163749	-0.07780874150202187	419
half_step_1	15.765431037849307	0.04999999999999982	7	14	6	2	10777962536.725876	9383888.285643777	0.2891420908163749	-0.07780874150202187	419
half_step_2	15.815431037849308	0.04999999999999982	6	9	3	1.5	10777962536.725876	83557175.77240734	0.06910711192125518	-0.08062058362785723	391
full_step	15.765431037849307	0.04999999999999982	7	5	3	0.7142857142857143	10777962536.725876	9383888.285643868	0.2891420908163749	-0.07780874150202187	419
half_step_1	15.765431037849307	0.02499999999999991	8	24	10	3	10777962536.725876	24680294.00106196	0.2891420908163749	-0.07780874150202187	419
half_step_2	15.790431037849308	0.02499999999999991	3	2	2	0.6666666666666666	10777962536.725876	28356913.1150617	0.11168157044548366	-0.07641851896547765	384
full_step	15.815431037849308	0.09999999999999964	8	0	0	0	10777962536.725876	6817860.160575373	0.7389551495107867	-0.05719699793004779	418
half_step_1	15.815431037849308	0.04999999999999982	9	3	3	0.3333333333333333	10777962536.725876	9686598.448737858	0.7389551495107867	-0.05719699793004779	418
half_step_2	15.865431037849309	0.04999999999999982	5	7	4	1.4	10777962536.725876	9865375.982643748	0.25386530859390355	-0.07786629778993548	415
full_step	15.915431037849308	0.09999999999999964	7	18	8	2.5714285714285716	10777962536.725876	43608627.22193283	0.08462701426054053	-0.07956504792293573	380
full_step	15.915431037849308	0.04999999999999982	6	3	3	0.5	10777962536.725876	10378764.623402713	0.08462701426054053	-0.07956504792293573	380
full_step	15.915431037849308	0.02499999999999991	5	7	5	1.4	10777962536.725876	27249700.78315023	0.08462701426054053	-0.07956504792293573	380
full_step	15.915431037849308	0.012499999999999956	10	24	5	2.4	10777962536.725876	59208121.14613763	0.08462701426054053	-0.07956504792293573	380
half_step_1	15.915431037849308	0.006249999999999978	3	5	5	1.6666666666666667	10777962536.725876	69000618.2734776	0.08462701426054053	-0.07956504792293573	380
half_step_2	15.921681037849307	0.006249999999999978	8	3	3	0.375	10777962536.725876	70701957.9262378	0.056952819293615065	-0.08148355334838174	389
full_step	15.927931037849307	0.06249999999999978	10	8	4	0.8	10777962536.725876	55470599.40805482	0.03875924464498581	-0.08456788640753078	384
half_step_1	15.927931037849307	0.03124999999999989	6	1	1	0.16666666666666666	10777962536.725876	67269039.95599079	0.03875924464498581	-0.08456788640753078	384
half_step_2	15.959181037849307	0.03124999999999989	6	17	6	2.8333333333333335	10777962536.725876	39363251.30676235	0.013259638701782706	-0.08124231477776991	381
full_step	15.927931037849307	0.03124999999999989	10	6	3	0.6	10777962536.725876	72979494.26602718	0.03875924464498581	-0.08456788640753078	384
half_step_1	15.927931037849307	0.015624999999999944	5	7	4	1.4	10777962536.725876	132456886.8070114	0.03875924464498581	-0.08456788640753078	384
half_step_2	15.943556037849307	0.015624999999999944	5	3	3	0.6	10777962536.725876	364849273.9788575	0.018741584275455025	-0.08299994636404763	383
full_step	15.959181037849307	0.09999999999999964	7	0	0	0	10777962536.725876	15207740.646586604	0.7604395160487911	-0.05870686141247536	404
full_step	15.959181037849307	0.04999999999999982	7	0	0	0	10777962536.725876	9395510.46707059	0.7604395160487911	-0.05870686141247536	404
half_step_1	15.959181037849307	0.02499999999999991	6	0	0	0	10777962536.725876	25032073.360617206	0.7604395160487911	-0.05870686141247536	404
half_step_2	15.984181037849307	0.02499999999999991	5	0	0	0	10777962536.725876	26323278.8244404	0.2846491169137835	-0.07296113518124099	411
full_step	16.009181037849306	0.1	9	0	0	0	10777962536.725876	7400196.703295668	0.9834645329971181	-0.05402911383086546	424
full_step	16.009181037849306	0.05	9	0	0	0	10777962536.725876	9402744.55872187	0.9834645329971181	-0.05402911383086546	424
half_step_1	16.009181037849306	0.025	9	4	4	0.4444444444444444	10777962536.725876	23423257.535086244	0.9834645329971181	-0.05402911383086546	424
half_step_2	16.034181037849304	0.025	6	0	0	0	10777962536.725876	23608522.4192759	0.8469164326943144	-0.05851315456549847	443
full_step	16.059181037849307	0.1	4	7	5	1.75	10777962536.725876	7686993.50354515	0.4082160056609325	-0.0727385165265218	447
half_step_1	16.059181037849307	0.05	4	7	4	1.75	10777962536.725876	9984916.049896007	0.4082160056609325	-0.0727385165265218	447
half_step_2	16.109181037849307	0.05	3	0	0	0	10777962536.725876	10629050.021865716	0.3473063916413821	-0.06993297622625094	455
full_step	16.159181037849308	0.1	3	3	3	1	10777962536.725876	6799156.319112772	0.3376934053856644	-0.07077463645800268	435
half_step_1	16.159181037849308	0.05	2	0	0	0	10777962536.725876	9854893.078208124	0.3376934053856644	-0.07077463645800268	435
half_step_2	16.20918103784931	0.05	3	0	0	0	10777962536.725876	10444287.552842569	0.31621190419471645	-0.07316233576679622	451
full_step	16.25918103784931	0.1	3	3	3	1	10777962536.725876	6716983.464257639	0.3409970651620142	-0.07201469974802538	440
half_step_1	16.25918103784931	0.05	2	0	0	0	10777962536.725876	9980011.486925378	0.3409970651620142	-0.07201469974802538	440
half_step_2	16.30918103784931	0.05	3	0	0	0	10777962536.725876	9475385.450506588	0.34262912566671844	-0.073526039638134	441
full_step	16.35918103784931	0.1	3	3	3	1	10777962536.725876	6720710.131167495	0.3443968910587216	-0.07302105100405279	468
half_step_1	16.35918103784931	0.05	2	0	0	0	10777962536.725876	10139054.05682036	0.3443968910587216	-0.07302105100405279	468
half_step_2	16.40918103784931	0.05	3	0	0	0	10777962536.725876	9497431.35614192	0.3462119955076446	-0.07304161461553521	441
full_step	16.459181037849312	0.1	3	3	3	1	10777962536.725876	6776670.523519036	0.34772888732831575	-0.0715178057441896	451
half_step_1	16.459181037849312	0.05	2	0	0	0	10777962536.725876	10715273.304367376	0.34772888732831575	-0.0715178057441896	451
half_step_2	16.509181037849313	0.05	3	0	0	0	10777962536.725876	9205782.693028098	0.3490971741724991	-0.07182595919723252	436
full_step	16.559181037849314	0.1	3	3	3	1	10777962536.725876	6601136.324277283	0.32924588793284215	-0.07257070258893683	443
half_step_1	16.559181037849314	0.05	2	0	0	0	10777962536.725876	9091455.952007987	0.32924588793284215	-0.07257070258893683	443
half_step_2	16.609181037849314	0.05	2	0	0	0	10777962536.725876	10269359.068594567	0.35066854757945976	-0.0722641419847191	450
full_step	16.659181037849315	0.1	3	3	3	1	10777962536.725876	6682865.032533671	0.3510218927216897	-0.0726932202473566	433
half_step_1	16.659181037849315	0.05	2	0	0	0	10777962536.725876	10012283.911879228	0.3510218927216897	-0.0726932202473566	433
half_step_2	16.709181037849316	0.05	2	0	0	0	10777962536.725876	10073424.479920689	0.3522018953276813	-0.0727676001351648	453
full_step	16.759181037849316	0.1	7	28	9	4	10777962536.725876	6084197.680075634	0.3524076693167899	-0.07274713220584827	438
half_step_1	16.759181037849316	0.05	6	17	6	2.8333333333333335	10777962536.725876	9970157.548444487	0.3524076693167899	-0.07274713220584827	438
half_step_2	16.809181037849317	0.05	3	0	0	0	10777962536.725876	10787225.227289313	0.359492172307057	-0.0733452047846459	447
full_step	16.859181037849318	0.1	8	32	12	4	10777962536.725876	5978430.93447586	0.36671174160971987	-0.07925625943071259	440
half_step_1	16.859181037849318	0.05	5	15	7	3	10777962536.725876	9821316.687976109	0.36671174160971987	-0.07925625943071259	440
half_step_2	16.90918103784932	0.05	6	6	4	1	10777962536.725876	9741819.877913978	0.37612604596105825	-0.07101916198434975	401
full_step	16.95918103784932	0.1	5	17	8	3.4	10777962536.725876	6046938.863748454	0.39237507261958626	-0.0661437466586116	379
half_step_1	16.95918103784932	0.05	4	5	5	1.25	10777962536.725876	10350395.563039457	0.39237507261958626	-0.0661437466586116	379
half_step_2	17.00918103784932	0.05	6	3	3	0.5	10777962536.725876	9928709.702987026	0.400425431808884	-0.0666303442546755	415
full_step	17.05918103784932	0.1	6	22	8	3.6666666666666665	10777962536.725876	6188135.294835675	0.40547381099213453	-0.07241885804539708	405
half_step_1	17.05918103784932	0.05	7	22	8	3.142857142857143	10777962536.725876	9481785.201038312	0.40547381099213453	-0.07241885804539708	405
half_step_2	17.10918103784932	0.05	4	4	4	1	10777962536.725876	9038658.383465724	0.41874709791167675	-0.06875610654350663	379
full_step	17.159181037849322	0.1	7	30	7	4.285714285714286	10777962536.725876	6204902.549726067	0.4295831815957172	-0.07099556825840338	377
half_step_1	17.159181037849322	0.05	7	22	7	3.142857142857143	10777962536.725876	9932287.00693082	0.4295831815957172	-0.07099556825840338	377
half_step_2	17.209181037849323	0.05	7	5	5	0.7142857142857143	10777962536.725876	10344961.688865092	0.4447523270100362	-0.06601462803771833	384
full_step	17.259181037849324	0.1	8	31	7	3.875	10777962536.725876	5758284.943236088	0.4340658945012308	-0.06379860442421595	398
half_step_1	17.259181037849324	0.05	8	29	8	3.625	10777962536.725876	10237512.949373221	0.4340658945012308	-0.06379860442421595	398
half_step_2	17.309181037849324	0.05	4	4	2	1	10777962536.725876	9818616.120034574	0.4414972124730241	-0.06361225959318297	380
full_step	17.359181037849325	0.1	8	34	8	4.25	10777962536.725876	5982997.542320115	0.40201448117613836	-0.06925879782951275	374
half_step_1	17.359181037849325	0.05	7	24	7	3.4285714285714284	10777962536.725876	8927415.67478782	0.40201448117613836	-0.06925879782951275	374
half_step_2	17.409181037849326	0.05	4	8	3	2	10777962536.725876	10031485.767119925	0.43856123162112226	-0.06859227246062805	393
full_step	17.459181037849326	0.1	7	18	6	2.5714285714285716	10777962536.725876	5914430.622331629	0.47384041232925256	-0.06517784140832539	389
half_step_1	17.459181037849326	0.05	7	28	7	4	10777962536.725876	9647485.630491564	0.47384041232925256	-0.06517784140832539	389
half_step_2	17.509181037849327	0.05	4	5	3	1.25	10777962536.725876	9683733.003250077	0.5133536777731535	-0.0660840799159281	402
full_step	17.559181037849328	0.1	7	24	8	3.4285714285714284	10777962536.725876	6806895.076815704	0.5312562046198082	-0.07001091762514025	412
half_step_1	17.559181037849328	0.05	6	23	7	3.8333333333333335	10777962536.725876	9895199.737202505	0.5312562046198082	-0.07001091762514025	412
half_step_2	17.60918103784933	0.05	5	3	3	0.6	10777962536.725876	9772584.68174705	0.5376972331505669	-0.0687550139193834	401
full_step	17.65918103784933	0.1	8	37	8	4.625	10777962536.725876	6677352.291138519	0.5296684832250662	-0.06935873829883643	408
half_step_1	17.65918103784933	0.05	6	23	7	3.8333333333333335	10777962536.725876	9339972.98251579	0.5296684832250662	-0.06935873829883643	408
half_step_2	17.70918103784933	0.05	6	8	5	1.3333333333333333	10777962536.725876	8836831.229138909	0.5426223483761987	-0.07115685008391001	405
full_step	17.75918103784933	0.1	8	37	10	4.625	10777962536.725876	6815675.52820501	0.54620177932037	-0.06958388937023591	412
half_step_1	17.75918103784933	0.05	9	32	7	3.5555555555555554	10777962536.725876	9887806.83899356	0.54620177932037	-0.06958388937023591	412
half_step_2	17.80918103784933	0.05	7	10	6	1.4285714285714286	10777962536.725876	9345111.683619812	0.5951606087297421	-0.07043593315003642	412
full_step	17.859181037849332	0.1	7	21	7	3	10777962536.725876	5976741.641393667	0.6019963235386285	-0.06709201654646013	404
half_step_1	17.859181037849332	0.05	5	10	7	2	10777962536.725876	10091450.406940768	0.6019963235386285	-0.06709201654646013	404
half_step_2	17.909181037849333	0.05	6	7	4	1.1666666666666667	10777962536.725876	9995007.858355232	0.6005619365931238	-0.07191902651092513	401
full_step	17.959181037849334	0.1	9	33	7	3.6666666666666665	10777962536.725876	5842084.419946034	0.6452410629158294	-0.07002065582244804	389
half_step_1	17.959181037849334	0.05	10	38	8	3.8	10777962536.725876	9081472.238453628	0.6452410629158294	-0.07002065582244804	389
half_step_2	18.009181037849334	0.05	5	10	4	2	10777962536.725876	10188481.399968928	0.5176541641514802	-0.060336382555192455	398
full_step	18.059181037849335	0.1	9	47	8	5.222222222222222	10777962536.725876	6339373.778366318	0.4704585059744204	-0.06575373307045694	371
half_step_1	18.059181037849335	0.05	8	28	6	3.5	10777962536.725876	9165120.709200524	0.4704585059744204	-0.06575373307045694	371
half_step_2	18.109181037849336	0.05	4	5	3	1.25	10777962536.725876	10978390.929343123	0.4098055352519907	-0.06623540313543294	389
full_step	18.159181037849336	0.1	8	32	7	4	10777962536.725876	5906634.714238247	0.4046106162359706	-0.06843612927842573	377
half_step_1	18.159181037849336	0.05	7	23	7	3.2857142857142856	10777962536.725876	9606252.58598938	0.4046106162359706	-0.06843612927842573	377
half_step_2	18.209181037849337	0.05	5	8	4	1.6	10777962536.725876	9830633.079947768	0.4423577792686899	-0.06584925037642067	383
full_step	18.259181037849338	0.1	7	27	7	3.857142857142857	10777962536.725876	5474018.7150338795	0.41230575585728957	-0.07121290131911608	387
half_step_1	18.259181037849338	0.05	6	22	7	3.6666666666666665	10777962536.725876	9864436.259021234	0.41230575585728957	-0.07121290131911608	387
half_step_2	18.30918103784934	0.05	4	4	4	1	10777962536.725876	9663552.514621103	0.4494096327048567	-0.0692111059986583	384
full_step	18.35918103784934	0.1	7	22	7	3.142857142857143	10777962536.725876	5940066.364341375	0.44350067101098034	-0.06309653200095826	388
half_step_1	18.35918103784934	0.05	6	21	7	3.5	10777962536.725876	10478185.501119811	0.44350067101098034	-0.06309653200095826	388
half_step_2	18.40918103784934	0.05	5	12	4	2.4	10777962536.725876	8970878.082333758	0.4208955343521268	-0.06811915291178737	383
full_step	18.45918103784934	0.1	7	28	8	4	10777962536.725876	5338557.224306563	0.3987637525633829	-0.06881485544350807	382
half_step_1	18.45918103784934	0.05	7	29	7	4.142857142857143	10777962536.725876	9367541.18717413	0.3987637525633829	-0.06881485544350807	382
half_step_2	18.50918103784934	0.05	4	12	4	3	10777962536.725876	10250288.653762968	0.3736857261299349	-0.06757001840518298	389
full_step	18.559181037849342	0.1	9	44	9	4.888888888888889	10777962536.725876	5179879.91957739	0.38880363143653085	-0.06971622054397006	379
half_step_1	18.559181037849342	0.05	6	22	7	3.6666666666666665	10777962536.725876	9631468.096999021	0.38880363143653085	-0.06971622054397006	379
half_step_2	18.609181037849343	0.05	4	11	4	2.75	10777962536.725876	10369732.046089286	0.3821126790151652	-0.06842822695794883	397
full_step	18.659181037849343	0.1	6	16	7	2.6666666666666665	10777962536.725876	5697853.802991799	0.40105032799857554	-0.06880837121922836	390
half_step_1	18.659181037849343	0.05	5	19	7	3.8	10777962536.725876	10313795.359807018	0.40105032799857554	-0.06880837121922836	390
half_step_2	18.709181037849344	0.05	4	4	4	1	10777962536.725876	10310775.00970669	0.40325651792244344	-0.06912755521435372	394
full_step	18.759181037849345	0.1	7	21	8	3	10777962536.725876	5579139.094602266	0.4158802091301652	-0.06988537545060727	401
half_step_1	18.759181037849345	0.05	5	14	6	2.8	10777962536.725876	9930955.738457687	0.4158802091301652	-0.06988537545060727	401
half_step_2	18.809181037849346	0.05	4	6	4	1.5	10777962536.725876	9031754.995206086	0.41379025509561984	-0.07061653006247282	381
full_step	18.859181037849346	0.1	8	30	9	3.75	10777962536.725876	5812311.7705026865	0.4250292875298385	-0.06621537251889215	411
half_step_1	18.859181037849346	0.05	6	23	8	3.8333333333333335	10777962536.725876	10266871.533429923	0.4250292875298385	-0.06621537251889215	411
half_step_2	18.909181037849347	0.05	4	9	4	2.25	10777962536.725876	9465771.672733527	0.3901462843715251	-0.0659320210745764	385
full_step	18.959181037849348	0.1	9	31	6	3.4444444444444446	10777962536.725876	5395700.250844328	0.3912339742123834	-0.06905041667843055	403
half_step_1	18.959181037849348	0.05	7	31	7	4.428571428571429	10777962536.725876	9736154.147973392	0.3912339742123834	-0.06905041667843055	403
half_step_2	19.00918103784935	0.05	5	11	3	2.2	10777962536.725876	10708476.291752923	0.3978842981798323	-0.06657021722010084	403
full_step	19.05918103784935	0.1	8	31	7	3.875	10777962536.725876	5170992.654966744	0.4084326375049727	-0.06947599047866392	384
half_step_1	19.05918103784935	0.05	5	17	6	3.4	10777962536.725876	9431657.018730493	0.4084326375049727	-0.06947599047866392	384
half_step_2	19.10918103784935	0.05	5	13	4	2.6	10777962536.725876	9565310.652407134	0.47904697774708893	-0.06984666016264986	391
full_step	19.15918103784935	0.1	9	29	7	3.2222222222222223	10777962536.725876	5360768.844434208	0.4967351261141175	-0.06999891622671914	392
half_step_1	19.15918103784935	0.05	6	24	8	4	10777962536.725876	9639141.839118576	0.4967351261141175	-0.06999891622671914	392
half_step_2	19.20918103784935	0.05	5	12	4	2.4	10777962536.725876	10126547.844857268	0.5290071550180073	-0.06917351009664129	377
full_step	19.259181037849352	0.1	7	20	6	2.857142857142857	10777962536.725876	6128662.211241156	0.532873017643567	-0.06862367327678079	407
half_step_1	19.259181037849352	0.05	7	13	7	1.8571428571428572	10777962536.725876	10624000.558341686	0.532873017643567	-0.06862367327678079	407
half_step_2	19.309181037849353	0.05	5	3	3	0.6	10777962536.725876	9803908.581431411	0.48857260773488065	-0.07142357668966888	368
full_step	19.359181037849353	0.1	7	22	7	3.142857142857143	10777962536.725876	5697930.246814553	0.5672494795897478	-0.07009600045666718	382
half_step_1	19.359181037849353	0.05	5	17	6	3.4	10777962536.725876	10073500.167203043	0.5672494795897478	-0.07009600045666718	382
half_step_2	19.409181037849354	0.05	5	3	3	0.6	10777962536.725876	9996068.226837184	0.5918423008839682	-0.06815527838322849	383
full_step	19.459181037849355	0.1	6	17	9	2.8333333333333335	10777962536.725876	5334578.350314925	0.5908864902860671	-0.06931186804323465	378
half_step_1	19.459181037849355	0.05	5	16	7	3.2	10777962536.725876	9640958.42985714	0.5908864902860671	-0.06931186804323465	378
half_step_2	19.509181037849356	0.05	5	8	3	1.6	10777962536.725876	9350598.725368751	0.5861619135764613	-0.07196266005894086	373
full_step	19.559181037849356	0.1	7	21	7	3	10777962536.725876	5275896.513542983	0.5784286285066003	-0.06719316306697101	359
half_step_1	19.559181037849356	0.05	6	23	7	3.8333333333333335	10777962536.725876	9688529.819400629	0.5784286285066003	-0.06719316306697101	359
half_step_2	19.609181037849357	0.05	4	9	4	2.25	10777962536.725876	9094849.577439869	0.5634019037911457	-0.06995953540776796	369
full_step	19.659181037849358	0.1	8	31	9	3.875	10777962536.725876	5882926.225188469	0.5545447430729382	-0.06756864751526571	404
half_step_1	19.659181037849358	0.05	5	17	7	3.4	10777962536.725876	10381478.85104297	0.5545447430729382	-0.06756864751526571	404
half_step_2	19.70918103784936	0.05	4	9	4	2.25	10777962536.725876	10317378.50079794	0.5355900192503782	-0.0651702276474232	385
full_step	19.75918103784936	0.1	7	25	10	3.5714285714285716	10777962536.725876	5736950.529545339	0.5253325195909611	-0.06376051189973642	382
half_step_1	19.75918103784936	0.05	6	22	8	3.6666666666666665	10777962536.725876	10413539.25424789	0.5253325195909611	-0.06376051189973642	382
half_step_2	19.80918103784936	0.05	4	8	3	2	10777962536.725876	9591719.201076886	0.49840959551517017	-0.06686513144897575	372
full_step	19.85918103784936	0.1	5	18	9	3.6	10777962536.725876	5592324.180711899	0.4873960362204457	-0.06617386523723846	379
half_step_1	19.85918103784936	0.05	4	8	6	2	10777962536.725876	9977355.330576569	0.4873960362204457	-0.06617386523723846	379
half_step_2	19.90918103784936	0.05	4	7	3	1.75	10777962536.725876	9591182.781385876	0.46764688652876885	-0.06488997647573573	376
full_step	19.959181037849362	0.1	5	17	9	3.4	10777962536.725876	5384702.265238203	0.4600521071424737	-0.06660439260338184	373
half_step_1	19.959181037849362	0.05	5	16	8	3.2	10777962536.725876	9570272.610630488	0.4600521071424737	-0.06660439260338184	373
half_step_2	20.009181037849363	0.05	4	8	3	2	10777962536.725876	10532810.442292197	0.45765113945068947	-0.062371268614957114	380
full_step	20.059181037849363	0.1	7	27	8	3.857142857142857	10777962536.725876	5113835.128072842	0.45363473035362745	-0.06653521433065993	365
half_step_1	20.059181037849363	0.05	5	14	7	2.8	10777962536.725876	8919185.060250109	0.45363473035362745	-0.06653521433065993	365
half_step_2	20.109181037849364	0.05	4	9	4	2.25	10777962536.725876	9339209.99904689	0.4643744913105934	-0.06525856650311312	371
full_step	20.159181037849365	0.1	8	35	8	4.375	10777962536.725876	5029653.134998026	0.46167295480529447	-0.06619315914843128	369
half_step_1	20.159181037849365	0.05	5	17	7	3.4	10777962536.725876	8917600.569933258	0.46167295480529447	-0.06619315914843128	369
half_step_2	20.209181037849365	0.05	4	9	4	2.25	10777962536.725876	10578298.24686594	0.47040482801392614	-0.061555424566404254	388
full_step	20.259181037849366	0.1	6	18	8	3	10777962536.725876	5119176.62359282	0.42977782728988245	-0.06655744064877736	374
half_step_1	20.259181037849366	0.05	4	12	7	3	10777962536.725876	9229267.162106678	0.42977782728988245	-0.06655744064877736	374
half_step_2	20.309181037849367	0.05	4	9	4	2.25	10777962536.725876	10057195.604820546	0.40839511047306587	-0.0655875528993912	380
full_step	20.359181037849368	0.1	6	19	9	3.1666666666666665	10777962536.725876	4901437.678775298	0.3966170441896111	-0.06858178087664134	370
half_step_1	20.359181037849368	0.05	5	17	8	3.4	10777962536.725876	8961218.216681879	0.3966170441896111	-0.06858178087664134	370
half_step_2	20.40918103784937	0.05	4	9	4	2.25	10777962536.725876	10208497.18775654	0.3878475768783005	-0.06702792973933643	384
full_step	20.45918103784937	0.1	6	27	9	4.5	10777962536.725876	5269423.962284027	0.3812443133758734	-0.06463820349154777	383
half_step_1	20.45918103784937	0.05	5	15	7	3	10777962536.725876	9403196.2570193	0.3812443133758734	-0.06463820349154777	383
half_step_2	20.50918103784937	0.05	4	9	4	2.25	10777962536.725876	9949842.371494792	0.3838401582887343	-0.06783502027374455	372
full_step	20.55918103784937	0.1	7	30	8	4.285714285714286	10777962536.725876	5504189.715292201	0.3827772113151582	-0.06582771508866944	374
half_step_1	20.55918103784937	0.05	5	16	8	3.2	10777962536.725876	9833700.095770102	0.3827772113151582	-0.06582771508866944	374
half_step_2	20.60918103784937	0.05	4	9	4	2.25	10777962536.725876	9075092.867522568	0.39362104464987624	-0.06692124612875885	372
full_step	20.659181037849372	0.1	7	28	7	4	10777962536.725876	5538494.1866997285	0.39634872513408936	-0.06628270200314863	368
half_step_1	20.659181037849372	0.05	6	22	9	3.6666666666666665	10777962536.725876	10103108.363806099	0.39634872513408936	-0.06628270200314863	368
half_step_2	20.709181037849373	0.05	4	9	4	2.25	10777962536.725876	8729979.255637059	0.4258651016192516	-0.06769768055595402	364
full_step	20.759181037849373	0.1	6	20	9	3.3333333333333335	10777962536.725876	5417437.512896112	0.4239573219367969	-0.06672758785873122	375
half_step_1	20.759181037849373	0.05	4	9	7	2.25	10777962536.725876	9462674.705078484	0.4239573219367969	-0.06672758785873122	375
half_step_2	20.809181037849374	0.05	4	9	4	2.25	10777962536.725876	8996855.162622938	0.4381684023895218	-0.0676959980406336	359
full_step	20.859181037849375	0.1	7	25	8	3.5714285714285716	10777962536.725876	5765835.954447271	0.4276092234975408	-0.06570290411785414	368
half_step_1	20.859181037849375	0.05	6	24	8	4	10777962536.725876	10112694.700281832	0.4276092234975408	-0.06570290411785414	368
half_step_2	20.909181037849375	0.05	4	9	4	2.25	10777962536.725876	9828183.650444642	0.43624933988243697	-0.0673472993042046	369
full_step	20.959181037849376	0.1	7	23	7	3.2857142857142856	10777962536.725876	4692824.034599003	0.43795884038212307	-0.07188101014860149	356
half_step_1	20.959181037849376	0.05	5	15	7	3	10777962536.725876	8613925.663445646	0.43795884038212307	-0.07188101014860149	356
half_step_2	21.009181037849377	0.05	4	9	4	2.25	10777962536.725876	10829866.088733107	0.433374337753321	-0.06579059793976946	386
full_step	21.059181037849378	0.1	8	30	10	3.75	10777962536.725876	5561993.219694187	0.4295228725806055	-0.0655273792393243	376
half_step_1	21.059181037849378	0.05	5	16	7	3.2	10777962536.725876	10289385.528952952	0.4295228725806055	-0.0655273792393243	376
half_step_2	21.10918103784938	0.05	4	8	3	2	10777962536.725876	9039254.3317321	0.41446729461731024	-0.06758001307798375	364
full_step	21.15918103784938	0.1	7	31	9	4.428571428571429	10777962536.725876	5556226.3538599275	0.40567359999653263	-0.06574633458110579	371
half_step_1	21.15918103784938	0.05	5	17	8	3.4	10777962536.725876	9916050.679293249	0.40567359999653263	-0.06574633458110579	371
half_step_2	21.20918103784938	0.05	4	2	2	0.5	10777962536.725876	9384006.747466262	0.39007291251954257	-0.06793906810319562	369
full_step	21.25918103784938	0.1	6	24	9	4	10777962536.725876	5493502.122574783	0.38151870433941326	-0.07035193662060493	381
half_step_1	21.25918103784938	0.05	5	14	7	2.8	10777962536.725876	9675665.392356379	0.38151870433941326	-0.07035193662060493	381
half_step_2	21.30918103784938	0.05	4	0	0	0	10777962536.725876	10199144.71693782	0.3735082333874402	-0.06726145322593112	383
full_step	21.359181037849382	0.1	6	26	8	4.333333333333333	10777962536.725876	5081607.58322325	0.3688440065280929	-0.06901788473818467	367
half_step_1	21.359181037849382	0.05	6	25	11	4.166666666666667	10777962536.725876	9436377.793870222	0.3688440065280929	-0.06901788473818467	367
half_step_2	21.409181037849383	0.05	4	0	0	0	10777962536.725876	10445899.784818973	0.36554455805659813	-0.06928242845939986	388
full_step	21.459181037849383	0.1	5	17	7	3.4	10777962536.725876	5972380.998388652	0.36339285679488853	-0.06792056889818204	388
half_step_1	21.459181037849383	0.05	5	13	7	2.6	10777962536.725876	10864724.072279269	0.36339285679488853	-0.06792056889818204	388
half_step_2	21.509181037849384	0.05	4	0	0	0	10777962536.725876	10921784.810884941	0.3632664071014915	-0.06830746876926887	390
full_step	21.559181037849385	0.1	6	27	9	4.5	10777962536.725876	5164385.050135117	0.3626887720338914	-0.06723063605387146	377
half_step_1	21.559181037849385	0.05	6	22	9	3.6666666666666665	10777962536.725876	9427585.99267127	0.3626887720338914	-0.06723063605387146	377
half_step_2	21.609181037849385	0.05	4	0	0	0	10777962536.725876	9356469.898846196	0.3696445233176746	-0.06963648329674148	377
full_step	21.659181037849386	0.1	6	26	9	4.333333333333333	10777962536.725876	6101051.372490356	0.3726130369577447	-0.06654446634965638	378
half_step_1	21.659181037849386	0.05	5	13	7	2.6	10777962536.725876	11154500.763453787	0.3726130369577447	-0.06654446634965638	378
half_step_2	21.709181037849387	0.05	4	0	0	0	10777962536.725876	9999833.838858781	0.3817899007509311	-0.06725827738366413	376
full_step	21.759181037849388	0.1	6	24	8	4	10777962536.725876	5643179.733507944	0.386317999345124	-0.06748290401796507	376
half_step_1	21.759181037849388	0.05	5	14	7	2.8	10777962536.725876	10093068.235862218	0.386317999345124	-0.06748290401796507	376
half_step_2	21.809181037849388	0.05	4	0	0	0	10777962536.725876	9727706.528849736	0.3902528500565836	-0.06726583461570664	383
full_step	21.85918103784939	0.1	5	17	7	3.4	10777962536.725876	5186386.748007819	0.3927158981616117	-0.07079978325319693	380
half_step_1	21.85918103784939	0.05	4	7	7	1.75	10777962536.725876	9451932.917042997	0.3927158981616117	-0.07079978325319693	380
half_step_2	21.90918103784939	0.05	4	0	0	0	10777962536.725876	9064693.127174625	0.393612515413281	-0.07152275491394873	378
full_step	21.95918103784939	0.1	5	22	12	4.4	10777962536.725876	5678697.0091416985	0.3950486361918024	-0.0676325278127785	387
half_step_1	21.95918103784939	0.05	4	8	8	2	10777962536.725876	10722452.516949149	0.3950486361918024	-0.0676325278127785	387
half_step_2	22.00918103784939	0.05	4	0	0	0	10777962536.725876	9778162.687164742	0.39507065234931815	-0.06627242216735083	388
full_step	22.05918103784939	0.1	5	18	10	3.6	10777962536.725876	4934732.024998103	0.3966099918385737	-0.06934570081845731	373
half_step_1	22.05918103784939	0.05	5	15	9	3	10777962536.725876	9093706.552014971	0.3966099918385737	-0.06934570081845731	373
half_step_2	22.109181037849392	0.05	4	0	0	0	10777962536.725876	9661864.482218638	0.39716106224733494	-0.06966447401523251	386
full_step	22.159181037849393	0.1	8	35	11	4.375	10777962536.725876	5467181.4790073335	0.397297378171487	-0.06594306870054122	373
half_step_1	22.159181037849393	0.05	6	18	6	3	10777962536.725876	9941365.228375679	0.397297378171487	-0.06594306870054122	373
half_step_2	22.209181037849394	0.05	3	0	0	0	10777962536.725876	10101276.350714996	0.39646160262984154	-0.06700741470790479	383
full_step	22.259181037849395	0.1	6	24	9	4	10777962536.725876	5949938.295328404	0.395461572939638	-0.06712825375933773	393
half_step_1	22.259181037849395	0.05	6	19	7	3.1666666666666665	10777962536.725876	10428989.066264117	0.395461572939638	-0.06712825375933773	393
half_step_2	22.309181037849395	0.05	4	0	0	0	10777962536.725876	9086213.47764692	0.40143346731056795	-0.07156569214532207	389
full_step	22.359181037849396	0.1	8	44	11	5.5	10777962536.725876	5518064.158069881	0.403123185637952	-0.06852137682693717	374
half_step_1	22.359181037849396	0.05	7	24	9	3.4285714285714284	10777962536.725876	10037979.920289237	0.403123185637952	-0.06852137682693717	374
half_step_2	22.409181037849397	0.05	4	0	0	0	10777962536.725876	10841000.636481993	0.4112138738173883	-0.06628840799114115	395
full_step	22.459181037849397	0.1	8	32	7	4	10777962536.725876	5747975.376267343	0.4135339098239683	-0.06833757444382059	392
half_step_1	22.459181037849397	0.05	7	24	7	3.4285714285714284	10777962536.725876	10338300.01501385	0.4135339098239683	-0.06833757444382059	392
half_step_2	22.509181037849398	0.05	4	0	0	0	10777962536.725876	9736033.85559321	0.41551982153433187	-0.06731900825496585	389
full_step	22.5591810378494	0.1	6	27	10	4.5	10777962536.725876	5240740.649447059	0.4097878949714584	-0.0700189925807707	384
half_step_1	22.5591810378494	0.05	4	7	7	1.75	10777962536.725876	9564279.364702573	0.4097878949714584	-0.0700189925807707	384
half_step_2	22.6091810378494	0.05	4	0	0	0	10777962536.725876	9922795.259272438	0.39776095592810634	-0.06765375591609242	401
full_step	22.6591810378494	0.1	7	29	9	4.142857142857143	10777962536.725876	5221431.083601805	0.3918433082312731	-0.06931952447661087	384
half_step_1	22.6591810378494	0.05	7	23	8	3.2857142857142856	10777962536.725876	10071534.905546803	0.3918433082312731	-0.06931952447661087	384
half_step_2	22.7091810378494	0.05	4	0	0	0	10777962536.725876	9938448.70121098	0.3751319638380721	-0.0673532526209565	405
full_step	22.7591810378494	0.1	8	37	10	4.625	10777962536.725876	5856056.1864803545	0.36769919934232576	-0.06913568567887135	401
half_step_1	22.7591810378494	0.05	6	21	8	3.5	10777962536.725876	10668587.383489603	0.36769919934232576	-0.06913568567887135	401
half_step_2	22.809181037849402	0.05	4	0	0	0	10777962536.725876	9978621.647125594	0.3531982817598305	-0.06422980441715696	385
full_step	22.859181037849403	0.1	8	34	8	4.25	10777962536.725876	5498723.721537418	0.3465095829538427	-0.06620755136064162	391
half_step_1	22.859181037849403	0.05	7	26	7	3.7142857142857144	10777962536.725876	9916530.58238652	0.3465095829538427	-0.06620755136064162	391
half_step_2	22.909181037849404	0.05	4	0	0	0	10777962536.725876	9666856.77184014	0.37106393844922536	-0.0692247418449327	400
full_step	22.959181037849405	0.1	8	37	9	4.625	10777962536.725876	5523843.37335271	0.37671248546644165	-0.06624867313655104	377
half_step_1	22.959181037849405	0.05	7	23	7	3.2857142857142856	10777962536.725876	9766496.747421604	0.37671248546644165	-0.06624867313655104	377
half_step_2	23.009181037849405	0.05	5	10	4	2	10777962536.725876	9148306.226210693	0.39509181900933754	-0.0710688108793878	376
full_step	23.059181037849406	0.1	8	31	8	3.875	10777962536.725876	5579025.799367057	0.4175253227213318	-0.07118792048572922	395
half_step_1	23.059181037849406	0.05	6	18	7	3	10777962536.725876	10573047.33462719	0.4175253227213318	-0.07118792048572922	395
half_step_2	23.109181037849407	0.05	5	10	4	2	10777962536.725876	9605991.078381954	0.44270613262051484	-0.07093877729605792	382
full_step	23.159181037849407	0.1	6	17	8	2.8333333333333335	10777962536.725876	4862448.368543763	0.4455371927257943	-0.07138912673198844	371
half_step_1	23.159181037849407	0.05	5	13	6	2.6	10777962536.725876	8997768.136658657	0.4455371927257943	-0.07138912673198844	371
half_step_2	23.209181037849408	0.05	5	10	3	2	10777962536.725876	9849174.97551407	0.4379205067679095	-0.06919166450191078	381
full_step	23.25918103784941	0.1	3	26	10	8.666666666666666	10777962536.725876	7195526.898828917	0.43460548197617754	-0.06996107730007993	384
half_step_1	23.25918103784941	0.05	6	20	8	3.3333333333333335	10777962536.725876	10257678.859220611	0.43460548197617754	-0.06996107730007993	384
half_step_2	23.30918103784941	0.05	5	8	3	1.6	10777962536.725876	10211310.818350762	0.4171612796081945	-0.06748561591021675	390
full_step	23.35918103784941	0.1	6	20	9	3.3333333333333335	10777962536.725876	5604909.749263646	0.41271296579827776	-0.06761939459067827	388
half_step_1	23.35918103784941	0.05	4	6	6	1.5	10777962536.725876	10098694.857472464	0.41271296579827776	-0.06761939459067827	388
half_step_2	23.40918103784941	0.05	4	0	0	0	10777962536.725876	9986539.677383268	0.397500937386269	-0.06779117209174654	388
full_step	23.45918103784941	0.1	6	25	8	4.166666666666667	10777962536.725876	4758255.398014108	0.3950666749686036	-0.07307038537144891	374
half_step_1	23.45918103784941	0.05	4	9	7	2.25	10777962536.725876	9156944.182589248	0.3950666749686036	-0.07307038537144891	374
half_step_2	23.509181037849412	0.05	3	0	0	0	10777962536.725876	10167505.569662997	0.3844714041534303	-0.06616361467859336	376
full_step	23.559181037849413	0.1	7	25	9	3.5714285714285716	10777962536.725876	5327206.537611092	0.38354614224692796	-0.0665695951331011	374
half_step_1	23.559181037849413	0.05	6	15	6	2.5	10777962536.725876	9820976.317395642	0.38354614224692796	-0.0665695951331011	374
half_step_2	23.609181037849414	0.05	4	0	0	0	10777962536.725876	9547203.05927505	0.375383028210166	-0.07133418107306645	386
full_step	23.659181037849415	0.1	7	37	11	5.285714285714286	10777962536.725876	5236966.985765255	0.3741047112212357	-0.0701278168137932	389
half_step_1	23.659181037849415	0.05	6	16	6	2.6666666666666665	10777962536.725876	9395947.595224759	0.3741047112212357	-0.0701278168137932	389
half_step_2	23.709181037849415	0.05	4	0	0	0	10777962536.725876	10164195.143957319	0.36296942530140086	-0.06788999334194828	397
full_step	23.759181037849416	0.1	6	18	8	3	10777962536.725876	5760460.845447293	0.35567375932535583	-0.06455870146040933	389
half_step_1	23.759181037849416	0.05	6	17	7	2.8333333333333335	10777962536.725876	10421483.75628788	0.35567375932535583	-0.06455870146040933	389
half_step_2	23.809181037849417	0.05	4	5	3	1.25	10777962536.725876	10271488.734778505	0.34834762916511863	-0.06521680284442166	395
full_step	23.859181037849417	0.1	5	12	9	2.4	10777962536.725876	5391644.581246385	0.3438150623513252	-0.06495327095809192	388
half_step_1	23.859181037849417	0.05	4	7	7	1.75	10777962536.725876	9761620.606387194	0.3438150623513252	-0.06495327095809192	388
half_step_2	23.909181037849418	0.05	4	2	2	0.5	10777962536.725876	9308951.702526323	0.34153559224697005	-0.06850369097170138	383
full_step	23.95918103784942	0.1	6	18	9	3	10777962536.725876	5665046.4426359255	0.3390254941069486	-0.06385330036590706	400
half_step_1	23.95918103784942	0.05	5	13	7	2.6	10777962536.725876	10121617.988202818	0.3390254941069486	-0.06385330036590706	400
half_step_2	24.00918103784942	0.05	4	0	0	0	10777962536.725876	9861311.391848534	0.33923601423521177	-0.06663898750551439	386
full_step	24.05918103784942	0.1	6	16	7	2.6666666666666665	10777962536.725876	5679740.674813115	0.33824269967848863	-0.06639447908614408	402
half_step_1	24.05918103784942	0.05	4	5	5	1.25	10777962536.725876	10352889.923327465	0.33824269967848863	-0.06639447908614408	402
half_step_2	24.10918103784942	0.05	4	0	0	0	10777962536.725876	9535275.354339339	0.3450351116277943	-0.06606964908421153	379
full_step	24.15918103784942	0.1	6	20	11	3.3333333333333335	10777962536.725876	5442179.543411973	0.3469212329464426	-0.06426178856995737	393
half_step_1	24.15918103784942	0.05	5	13	7	2.6	10777962536.725876	9875946.035963694	0.3469212329464426	-0.06426178856995737	393
half_step_2	24.209181037849422	0.05	4	0	0	0	10777962536.725876	9410350.402965207	0.35149070718296116	-0.06702069825185526	385
full_step	24.259181037849423	0.1	6	17	8	2.8333333333333335	10777962536.725876	5978023.975810637	0.35287351103301035	-0.06602724821327009	398
half_step_1	24.259181037849423	0.05	5	13	7	2.6	10777962536.725876	10565512.532376762	0.35287351103301035	-0.06602724821327009	398
half_step_2	24.309181037849424	0.05	4	0	0	0	10777962536.725876	9493072.959275994	0.35376535164218126	-0.06844596517060324	388
full_step	24.359181037849424	0.1	7	27	10	3.857142857142857	10777962536.725876	5167598.927747161	0.3537957855338334	-0.0673647643992673	387
half_step_1	24.359181037849424	0.05	5	13	7	2.6	10777962536.725876	9208890.362610187	0.3537957855338334	-0.0673647643992673	387
half_step_2	24.409181037849425	0.05	3	0	0	0	10777962536.725876	10201024.041268915	0.3527041117544911	-0.0660163312989382	393
full_step	24.459181037849426	0.1	5	9	6	1.8	10777962536.725876	5169384.96133648	0.35205279994792704	-0.07103439246952215	393
half_step_1	24.459181037849426	0.05	4	5	5	1.25	10777962536.725876	9322349.802004006	0.35205279994792704	-0.07103439246952215	393
half_step_2	24.509181037849427	0.05	4	0	0	0	10777962536.725876	10675906.43850441	0.3507174952205787	-0.06541837506152523	401
full_step	24.559181037849427	0.1	6	17	8	2.8333333333333335	10777962536.725876	5182843.556689771	0.3497176302790024	-0.06957253810391502	390
half_step_1	24.559181037849427	0.05	4	6	6	1.5	10777962536.725876	9465036.214550663	0.3497176302790024	-0.06957253810391502	390
half_step_2	24.609181037849428	0.05	3	0	0	0	10777962536.725876	9494587.238571096	0.3484549001800872	-0.06771343956110401	380
full_step	24.65918103784943	0.1	5	15	7	3	10777962536.725876	5027672.1858694935	0.3469488510229155	-0.06819795194977844	390
half_step_1	24.65918103784943	0.05	4	6	6	1.5	10777962536.725876	9191290.454883102	0.3469488510229155	-0.06819795194977844	390
half_step_2	24.70918103784943	0.05	3	0	0	0	10777962536.725876	10130023.646097409	0.3462088403737198	-0.06550240898656001	399
full_step	24.75918103784943	0.1	6	23	7	3.8333333333333335	10777962536.725876	5257270.091322516	0.3452252154509665	-0.06674384289976525	394
half_step_1	24.75918103784943	0.05	4	7	7	1.75	10777962536.725876	9345868.158514159	0.3452252154509665	-0.06674384289976525	394
half_step_2	24.80918103784943	0.05	3	0	0	0	10777962536.725876	10666806.022391	0.34726444430077663	-0.06592568579727058	410
full_step	24.85918103784943	0.1	4	11	8	2.75	10777962536.725876	5907355.211958929	0.3469290254816997	-0.06822694683433887	400
half_step_1	24.85918103784943	0.05	4	7	7	1.75	10777962536.725876	10575291.307176597	0.3469290254816997	-0.06822694683433887	400
half_step_2	24.909181037849432	0.05	3	0	0	0	10777962536.725876	10134539.796275964	0.3480608541599963	-0.06974586995933793	397
full_step	24.959181037849433	0.1	4	12	9	3	10777962536.725876	4955501.623542753	0.3476476679921632	-0.06946319032161066	386
half_step_1	24.959181037849433	0.05	4	8	8	2	10777962536.725876	9055934.600627068	0.3476476679921632	-0.06946319032161066	386
half_step_2	25.009181037849434	0.05	3	0	0	0	10777962536.725876	9383915.460787388	0.3502260489918001	-0.07007431078698827	380
full_step	25.059181037849434	0.1	4	11	8	2.75	10777962536.725876	5552316.509809944	0.3502901299574148	-0.06892820705190467	403
half_step_1	25.059181037849434	0.05	4	7	7	1.75	10777962536.725876	10046502.325330663	0.3502901299574148	-0.06892820705190467	403
half_step_2	25.109181037849435	0.05	3	0	0	0	10777962536.725876	9839160.301195014	0.35258049467432784	-0.0674059840474175	397
full_step	25.159181037849436	0.1	4	9	7	2.25	10777962536.725876	5678739.785365242	0.35254068946841244	-0.06813765841010823	396
half_step_1	25.159181037849436	0.05	4	7	7	1.75	10777962536.725876	10476786.059778191	0.35254068946841244	-0.06813765841010823	396
half_step_2	25.209181037849437	0.05	3	0	0	0	10777962536.725876	9697506.882810917	0.3474316068191854	-0.06761085077229569	390
full_step	25.259181037849437	0.1	5	21	10	4.2	10777962536.725876	5589050.070577533	0.3449656611409466	-0.06901922899353245	392
half_step_1	25.259181037849437	0.05	4	7	7	1.75	10777962536.725876	10323422.96233743	0.3449656611409466	-0.06901922899353245	392
half_step_2	25.309181037849438	0.05	3	0	0	0	10777962536.725876	9362476.851868495	0.3417509046601026	-0.06974472592077516	383
full_step	25.35918103784944	0.1	4	11	8	2.75	10777962536.725876	4977398.764951191	0.33999756284063665	-0.07174741323956348	382
half_step_1	25.35918103784944	0.05	4	8	8	2	10777962536.725876	9056892.042750118	0.33999756284063665	-0.07174741323956348	382
half_step_2	25.40918103784944	0.05	3	0	0	0	10777962536.725876	9625463.753152562	0.3418612944678614	-0.06742132223665818	381
full_step	25.45918103784944	0.1	5	14	6	2.8	10777962536.725876	5038464.138732166	0.3420111444716838	-0.06940772025877802	384
half_step_1	25.45918103784944	0.05	3	0	0	0	10777962536.725876	9394516.194047114	0.3420111444716838	-0.06940772025877802	384
half_step_2	25.50918103784944	0.05	3	0	0	0	10777962536.725876	9952595.59607863	0.3449776506690796	-0.06550383003447185	391
full_step	25.55918103784944	0.1	5	17	7	3.4	10777962536.725876	5627257.991821688	0.34515488462778876	-0.06642767482563942	392
half_step_1	25.55918103784944	0.05	4	7	7	1.75	10777962536.725876	9968625.819846671	0.34515488462778876	-0.06642767482563942	392
half_step_2	25.609181037849442	0.05	3	0	0	0	10777962536.725876	9935536.348790457	0.3473428054928718	-0.06548583706442566	395
full_step	25.659181037849443	0.1	5	17	7	3.4	10777962536.725876	5739216.9703281205	0.3474343285340069	-0.0661998497729703	394
half_step_1	25.659181037849443	0.05	4	7	7	1.75	10777962536.725876	10138279.100527003	0.3474343285340069	-0.0661998497729703	394
half_step_2	25.709181037849444	0.05	4	0	0	0	10777962536.725876	10216027.466994556	0.3475086613165388	-0.06332369681579397	382
full_step	25.759181037849444	0.1	4	11	8	2.75	10777962536.725876	5409060.50032902	0.3473596573124098	-0.06807491595652454	383
half_step_1	25.759181037849444	0.05	4	7	7	1.75	10777962536.725876	9583234.21542988	0.3473596573124098	-0.06807491595652454	383
half_step_2	25.809181037849445	0.05	4	0	0	0	10777962536.725876	10191326.195376486	0.3471528052699	-0.06528770112424655	403
full_step	25.859181037849446	0.1	4	11	8	2.75	10777962536.725876	5547329.258286352	0.34698193004282984	-0.0658828510599039	378
half_step_1	25.859181037849446	0.05	4	7	7	1.75	10777962536.725876	10004511.546110276	0.34698193004282984	-0.0658828510599039	378
half_step_2	25.909181037849446	0.05	4	0	0	0	10777962536.725876	10233043.727358017	0.3468366327737158	-0.06623865525774948	399
full_step	25.959181037849447	0.1	3	3	3	1	10777962536.725876	5441729.831435435	0.346664916128276	-0.06774994807033713	389
half_step_1	25.959181037849447	0.05	3	0	0	0	10777962536.725876	9702068.398328587	0.346664916128276	-0.06774994807033713	389
half_step_2	26.009181037849448	0.05	4	0	0	0	10777962536.725876	10728541.308853686	0.34651119222610305	-0.0649569306033517	400
full_step	26.05918103784945	0.1	5	11	8	2.2	10777962536.725876	4715934.801518201	0.34631926642578037	-0.06871694226126274	372
half_step_1	26.05918103784945	0.05	3	0	0	0	10777962536.725876	8743420.79741046	0.34631926642578037	-0.06871694226126274	372
half_step_2	26.10918103784945	0.05	4	0	0	0	10777962536.725876	10354528.848757172	0.3461824328893215	-0.06699225973525694	407
full_step	26.15918103784945	0.1	4	3	3	0.75	10777962536.725876	5762336.701834023	0.3459024600976761	-0.06260660145599323	385
half_step_1	26.15918103784945	0.05	3	0	0	0	10777962536.725876	10439746.885541791	0.3459024600976761	-0.06260660145599323	385
half_step_2	26.20918103784945	0.05	4	0	0	0	10777962536.725876	9870837.8015436	0.34570282273230646	-0.06934037344026413	380
full_step	26.25918103784945	0.1	4	11	8	2.75	10777962536.725876	5286085.333745037	0.3453032280095272	-0.0662982444038673	383
half_step_1	26.25918103784945	0.05	3	0	0	0	10777962536.725876	9621181.469993584	0.3453032280095272	-0.0662982444038673	383
half_step_2	26.309181037849452	0.05	4	0	0	0	10777962536.725876	10057367.935459329	0.3450333614982526	-0.06589218755598122	388
full_step	26.359181037849453	0.1	4	11	8	2.75	10777962536.725876	5315351.243541468	0.3446405709990188	-0.0668431806328693	387
half_step_1	26.359181037849453	0.05	3	0	0	0	10777962536.725876	9837663.1826453	0.3446405709990188	-0.0668431806328693	387
half_step_2	26.409181037849454	0.05	4	0	0	0	10777962536.725876	9519038.948785894	0.34423228512025617	-0.06605657606747455	383
full_step	26.459181037849454	0.1	3	3	3	1	10777962536.725876	5493075.651590197	0.34382869865893895	-0.06548369505428032	390
half_step_1	26.459181037849454	0.05	3	0	0	0	10777962536.725876	9980644.644304214	0.34382869865893895	-0.06548369505428032	390
half_step_2	26.509181037849455	0.05	4	0	0	0	10777962536.725876	10618231.48160453	0.3434725249853159	-0.0637498183164597	396
full_step	26.559181037849456	0.1	3	3	3	1	10777962536.725876	5631499.183932549	0.34278255284630177	-0.06587586925717133	398
half_step_1	26.559181037849456	0.05	3	0	0	0	10777962536.725876	10090851.64692254	0.34278255284630177	-0.06587586925717133	398
half_step_2	26.609181037849456	0.05	4	0	0	0	10777962536.725876	9895344.858143346	0.34238199847365536	-0.06554445664675318	385
full_step	26.659181037849457	0.1	3	3	3	1	10777962536.725876	5710666.162105023	0.34223219278069905	-0.06415973806965576	385
half_step_1	26.659181037849457	0.05	3	0	0	0	10777962536.725876	9955683.828624653	0.34223219278069905	-0.06415973806965576	385
half_step_2	26.709181037849458	0.05	3	0	0	0	10777962536.725876	9725210.781968104	0.3418672843251045	-0.06762891134921524	392
full_step	26.75918103784946	0.1	8	21	9	2.625	10777962536.725876	11650993.954530664	0.34136845814506955	-0.06697290341464476	392
full_step	26.75918103784946	0.05	6	12	8	2	10777962536.725876	9428819.819470184	0.34136845814506955	-0.06697290341464476	392
half_step_1	26.75918103784946	0.025	4	5	3	1.25	10777962536.725876	23864672.285777595	0.34136845814506955	-0.06697290341464476	392
half_step_2	26.784181037849457	0.025	2	0	0	0	10777962536.725876	645409974.060609	0.011980408718102353	-0.07545273751500572	321
full_step	26.80918103784946	0.1	4	8	7	2	10777962536.725876	765618345.9830644	0.012213841990387664	-0.07681971624900186	312
full_step	26.80918103784946	0.05	4	7	7	1.75	10777962536.725876	694078139.6068037	0.012213841990387664	-0.07681971624900186	312
full_step	26.80918103784946	0.025	1	0	0	0	10777962536.725876	589488445.0417942	0.012213841990387664	-0.07681971624900186	312
full_step	26.80918103784946	0.0125	2	4	4	2	10777962536.725876	451986687.56517255	0.012213841990387664	-0.07681971624900186	312
half_step_1	26.80918103784946	0.00625	2	0	0	0	10777962536.725876	314745505.65818244	0.012213841990387664	-0.07681971624900186	312
half_step_2	26.81543103784946	0.00625	1	2	2	2	10777962536.725876	43959446.1409093	0.012247620367134004	-0.07465257277949917	337
full_step	26.82168103784946	0.0625	3	6	6	2	10777962536.725876	785609801.9651867	0.012262021106494103	-0.07407021906381567	313
full_step	26.82168103784946	0.03125	3	6	6	2	10777962536.725876	676945227.5203954	0.012262021106494103	-0.07407021906381567	313
full_step	26.82168103784946	0.015625	3	2	2	0.6666666666666666	10777962536.725876	438106733.5517117	0.012262021106494103	-0.07407021906381567	313
half_step_1	26.82168103784946	0.0078125	3	4	2	1.3333333333333333	10777962536.725876	302335480.2845821	0.012262021106494103	-0.07407021906381567	313
half_step_2	26.82949353784946	0.0078125	15	31	10	2.066666666666667	10777962536.725876	90737150.90710108	0.21671656446793008	-0.0745124394454865	341
full_step	26.83730603784946	0.03170884751812993	6	6	6	1	10777962536.725876	241115230.57985827	0.048890259160572214	-0.07893802348198342	331
full_step	26.83730603784946	0.015854423759064967	7	18	8	2.5714285714285716	10777962536.725876	385838867.9655424	0.048890259160572214	-0.07893802348198342	331
full_step	26.83730603784946	0.007927211879532483	7	34	13	4.857142857142857	10777962536.725876	281737531.31352	0.048890259160572214	-0.07893802348198342	331
half_step_1	26.83730603784946	0.003963605939766242	4	16	7	4	10777962536.725876	123546094.6596464	0.048890259160572214	-0.07893802348198342	331
half_step_2	26.841269643789225	0.003963605939766242	14	10	6	0.7142857142857143	10777962536.725876	21820805.848055303	0.01219173628135195	-0.08196797178092774	348
full_step	26.84523324972899	0.03963605939766242	9	25	8	2.7777777777777777	10777962536.725876	258522857.7062976	0.02847693501013282	-0.07866801253678228	345
half_step_1	26.84523324972899	0.01981802969883121	14	25	9	1.7857142857142858	10777962536.725876	169444864.76936924	0.02847693501013282	-0.07866801253678228	345
half_step_2	26.865051279427824	0.01981802969883121	7	9	5	1.2857142857142858	10777962536.725876	214753728.9828804	0.20899479952026923	-0.07233440260861247	339
full_step	26.884869309126653	0.09843239454427322	8	7	7	0.875	10777962536.725876	279293343.65095764	0.4858528147566119	-0.0729398501602911	337
full_step	26.884869309126653	0.04921619727213661	7	0	0	0	10777962536.725876	246201814.59044057	0.4858528147566119	-0.0729398501602911	337
full_step	26.884869309126653	0.024608098636068304	7	0	0	0	10777962536.725876	198708991.35846248	0.4858528147566119	-0.0729398501602911	337
half_step_1	26.884869309126653	0.012304049318034152	6	4	4	0.6666666666666666	10777962536.725876	159148429.67634127	0.4858528147566119	-0.0729398501602911	337
half_step_2	26.897173358444686	0.012304049318034152	7	10	6	1.4285714285714286	10777962536.725876	154689851.1117826	0.42451286621084705	-0.0760228648481692	324
full_step	26.909477407762722	0.1	9	20	8	2.2222222222222223	10777962536.725876	282931188.279737	0.3405637697670727	-0.07736378807275698	335
full_step	26.909477407762722	0.05	8	9	5	1.125	10777962536.725876	224716332.38152853	0.3405637697670727	-0.07736378807275698	335
full_step	26.909477407762722	0.025	6	8	5	1.3333333333333333	10777962536.725876	190278757.20669132	0.3405637697670727	-0.07736378807275698	335
half_step_1	26.909477407762722	0.0125	7	15	8	2.142857142857143	10777962536.725876	147395575.66535592	0.3405637697670727	-0.07736378807275698	335
half_step_2	26.92197740776272	0.0125	5	2	2	0.4	10777962536.725876	54413513.51137803	0.19962231784541018	-0.07158539161401636	327
full_step	26.93447740776272	0.1	15	46	14	3.066666666666667	10777962536.725876	106477875.3490494	1.4496710104638888	-0.04835622733474104	361
half_step_1	26.93447740776272	0.05	12	25	11	2.0833333333333335	10777962536.725876	145212136.0898671	1.4496710104638888	-0.04835622733474104	361
half_step_2	26.98447740776272	0.05	8	17	9	2.125	10777962536.725876	645893259.1669248	0.48402507230662195	-0.07456641749243054	332
full_step	27.034477407762722	0.1	2	3	2	1.5	10777962536.725876	1005928968.8581368	0.011986921685974039	-0.07213524248096681	324
full_step	27.034477407762722	0.05	4	9	6	2.25	10777962536.725876	865982962.6992768	0.011986921685974039	-0.07213524248096681	324
full_step	27.034477407762722	0.025	4	7	6	1.75	10777962536.725876	719383363.7279124	0.011986921685974039	-0.07213524248096681	324
full_step	27.034477407762722	0.0125	3	7	5	2.3333333333333335	10777962536.725876	557806685.4529154	0.011986921685974039	-0.07213524248096681	324
half_step_1	27.034477407762722	0.00625	3	4	4	1.3333333333333333	10777962536.725876	331869888.7087771	0.011986921685974039	-0.07213524248096681	324
half_step_2	27.040727407762724	0.00625	1	3	3	3	10777962536.725876	24980603.01973465	0.011555640912746412	-0.07382223741445357	331
full_step	27.04697740776272	0.0625	15	50	10	3.3333333333333335	10777962536.725876	574851271.924909	0.24485826958743928	-0.07644301442636894	340
full_step	27.04697740776272	0.03125	15	29	9	1.9333333333333333	10777962536.725876	480977637.805942	0.24485826958743928	-0.07644301442636894	340
full_step	27.04697740776272	0.015625	15	33	8	2.2	10777962536.725876	339246541.8341631	0.24485826958743928	-0.07644301442636894	340
half_step_1	27.04697740776272	0.0078125	10	20	6	2	10777962536.725876	80078185.52851203	0.24485826958743928	-0.07644301442636894	340
half_step_2	27.05478990776272	0.0078125	1	2	2	2	10777962536.725876	59135714.24264021	0.14672594013912033	-0.10287144016443983	305
full_step	27.06260240776272	0.078125	16	50	11	3.125	10777962536.725876	8129119.921158874	1.5269621004753873	-0.052493485809323136	371
half_step_1	27.06260240776272	0.0390625	16	40	10	2.5	10777962536.725876	17177662.129565045	1.5269621004753873	-0.052493485809323136	371
half_step_2	27.10166490776272	0.0390625	3	8	5	2.6666666666666665	10777962536.725876	510572659.8207978	0.012250429649554917	-0.07785043179025848	313
full_step	27.06260240776272	0.0390625	18	38	8	2.111111111111111	10777962536.725876	20616961.69887475	1.5269621004753873	-0.052493485809323136	371
half_step_1	27.06260240776272	0.01953125	13	10	7	0.7692307692307693	10777962536.725876	26851405.584517233	1.5269621004753873	-0.052493485809323136	371
half_step_2	27.08213365776272	0.01953125	4	19	8	4.75	10777962536.725876	73285273.82634173	0.7912522609964183	-0.06954291120776333	351
full_step	27.10166490776272	0.07387464776160944	6	21	8	3.5	10777962536.725876	133975102.6972382	0.012244695065135147	-0.07813536314997023	331
full_step	27.10166490776272	0.03693732388080472	4	12	8	3	10777962536.725876	172159143.37649417	0.012244695065135147	-0.07813536314997023	331
full_step	27.10166490776272	0.01846866194040236	8	29	6	3.625	10777962536.725876	210407139.4992151	0.012244695065135147	-0.07813536314997023	331
half_step_1	27.10166490776272	0.00923433097020118	3	10	6	3.3333333333333335	10777962536.725876	471933523.84200853	0.012244695065135147	-0.07813536314997023	331
half_step_2	27.110899238732923	0.00923433097020118	3	5	3	1.6666666666666667	10777962536.725876	338526229.8732242	0.012197483368083795	-0.07664081757759526	325
full_step	27.120133569703125	0.04309052830894784	15	35	9	2.3333333333333335	10777962536.725876	179054261.9424827	0.24208831687451493	-0.07953288961338573	357
full_step	27.120133569703125	0.02154526415447392	13	11	8	0.8461538461538461	10777962536.725876	164166124.21812978	0.24208831687451493	-0.07953288961338573	357
full_step	27.120133569703125	0.01077263207723696	14	19	8	1.3571428571428572	10777962536.725876	324609914.7923466	0.24208831687451493	-0.07953288961338573	357
half_step_1	27.120133569703125	0.00538631603861848	8	5	5	0.625	10777962536.725876	58101069.8366957	0.24208831687451493	-0.07953288961338573	357
half_step_2	27.125519885741742	0.00538631603861848	4	14	5	3.5	10777962536.725876	238341988.93365607	0.15608873180329397	-0.07820527711612005	348
full_step	27.130906201780363	0.0538631603861848	5	13	7	2.6	10777962536.725876	818520218.5588566	0.05214193169312864	-0.07527630629447954	364
full_step	27.130906201780363	0.0269315801930924	5	8	8	1.6	10777962536.725876	701123670.3322446	0.05214193169312864	-0.07527630629447954	364
full_step	27.130906201780363	0.0134657900965462	6	20	7	3.3333333333333335	10777962536.725876	526450996.8014699	0.05214193169312864	-0.07527630629447954	364
full_step	27.130906201780363	0.0067328950482731	5	11	5	2.2	10777962536.725876	300510988.325574	0.05214193169312864	-0.07527630629447954	364
half_step_1	27.130906201780363	0.00336644752413655	3	9	7	3	10777962536.725876	122372881.87980679	0.05214193169312864	-0.07527630629447954	364
half_step_2	27.1342726493045	0.00336644752413655	3	4	4	1.3333333333333333	10777962536.725876	120346511.05845268	0.020787989135314433	-0.07787197947094797	350
full_step	27.137639096828636	0.033664475241365496	16	26	9	1.625	10777962536.725876	8934988.447862731	1.3975076662752448	0.0863677287021809	533
half_step_1	27.137639096828636	0.016832237620682748	11	0	0	0	10777962536.725876	20528704.178316258	1.3975076662752448	0.0863677287021809	533
half_step_2	27.15447133444932	0.016832237620682748	10	45	15	4.5	10777962536.725876	54587235.20230815	1.0013601875926241	-0.009587662991603092	395
full_step	27.171303572070002	0.1	10	23	6	2.3	10777962536.725876	104450497.36528783	0.6004370930795915	-0.05607794374341939	383
full_step	27.171303572070002	0.05	14	55	12	3.9285714285714284	10777962536.725876	136374895.67229494	0.6004370930795915	-0.05607794374341939	383
full_step	27.171303572070002	0.025	13	49	7	3.769230769230769	10777962536.725876	295728813.0840952	0.6004370930795915	-0.05607794374341939	383
full_step	27.171303572070002	0.0125	10	42	8	4.2	10777962536.725876	66912490.43095445	0.6004370930795915	-0.05607794374341939	383
half_step_1	27.171303572070002	0.00625	10	38	8	3.8	10777962536.725876	50582646.87137147	0.6004370930795915	-0.05607794374341939	383
half_step_2	27.177553572070003	0.00625	3	5	3	1.6666666666666667	10777962536.725876	112824627.87629975	0.4579676679881999	-0.06626768547451944	375
full_step	27.18380357207	0.0625	6	25	7	4.166666666666667	10777962536.725876	80552079.0046114	0.31369765659911764	-0.08051996025888578	422
half_step_1	27.18380357207	0.03125	15	46	10	3.066666666666667	10777962536.725876	336989195.77006507	0.31369765659911764	-0.08051996025888578	422
half_step_2	27.21505357207	0.03125	6	23	7	3.8333333333333335	10777962536.725876	31743933.0944049	0.055043344106266545	-0.07978099860559049	383
full_step	27.24630357207	0.08879450897777377	7	31	8	4.428571428571429	10777962536.725876	12530053.219104296	0.034347623917241776	-0.07708992666417278	391
half_step_1	27.24630357207	0.044397254488886886	6	34	13	5.666666666666667	10777962536.725876	32205515.597681895	0.034347623917241776	-0.07708992666417278	391
half_step_2	27.29070082655889	0.044397254488886886	2	0	0	0	10777962536.725876	33389192.130984332	0.018127146598914123	-0.07864681533277941	370
full_step	27.335098081047775	0.1	7	34	10	4.857142857142857	10777962536.725876	12899853.895678548	0.01849924579414619	-0.07855050158813014	368
half_step_1	27.335098081047775	0.05	10	38	9	3.8	10777962536.725876	25815920.850418344	0.01849924579414619	-0.07855050158813014	368
half_step_2	27.385098081047776	0.05	6	25	12	4.166666666666667	10777962536.725876	26417333.099464063	0.018722673525971345	-0.0825960728171232	370
full_step	27.435098081047776	0.1	6	23	9	3.8333333333333335	10777962536.725876	12191929.269667068	0.018700605440088225	-0.07951107647548852	367
half_step_1	27.435098081047776	0.05	11	34	7	3.090909090909091	10777962536.725876	25577703.224204127	0.018700605440088225	-0.07951107647548852	367
half_step_2	27.485098081047777	0.05	6	24	10	4	10777962536.725876	25636604.933242347	0.018687970092912565	-0.08127561578170611	367
full_step	27.535098081047778	0.1	6	28	9	4.666666666666667	10777962536.725876	12692556.585208923	0.018698749625642108	-0.07943183008651343	365
half_step_1	27.535098081047778	0.05	9	27	7	3	10777962536.725876	25952972.19921154	0.018698749625642108	-0.07943183008651343	365
half_step_2	27.58509808104778	0.05	5	24	10	4.8	10777962536.725876	27614065.69254075	0.018710171405160736	-0.07985300297141326	387
full_step	27.63509808104778	0.1	7	26	8	3.7142857142857144	10777962536.725876	12887603.005360639	0.018712969628083442	-0.08123068088717675	370
half_step_1	27.63509808104778	0.05	7	33	8	4.714285714285714	10777962536.725876	26917694.881032784	0.018712969628083442	-0.08123068088717675	370
half_step_2	27.68509808104778	0.05	4	20	9	5	10777962536.725876	26000048.035157237	0.01866744516826202	-0.07834421188802568	375
full_step	27.73509808104778	0.1	6	26	8	4.333333333333333	10777962536.725876	13686181.339563303	0.018734354124703145	-0.07792760216340776	391
half_step_1	27.73509808104778	0.05	11	26	7	2.3636363636363638	10777962536.725876	27955412.815922193	0.018734354124703145	-0.07792760216340776	391
half_step_2	27.78509808104778	0.05	5	24	9	4.8	10777962536.725876	26447343.633762255	0.018732353340311647	-0.0797412715079385	365
full_step	27.835098081047782	0.1	6	31	11	5.166666666666667	10777962536.725876	12728081.48648464	0.01873885517028384	-0.08118007330990555	376
half_step_1	27.835098081047782	0.05	11	26	7	2.3636363636363638	10777962536.725876	26959362.527265724	0.01873885517028384	-0.08118007330990555	376
half_step_2	27.885098081047783	0.05	6	23	10	3.8333333333333335	10777962536.725876	29082299.63610435	0.018743093473929662	-0.07417481374526243	382
full_step	27.935098081047784	0.1	6	28	9	4.666666666666667	10777962536.725876	12610936.521154037	0.01875808979481519	-0.08200778260533118	375
half_step_1	27.935098081047784	0.05	12	39	9	3.25	10777962536.725876	26331453.956371758	0.01875808979481519	-0.08200778260533118	375
half_step_2	27.985098081047784	0.05	5	20	7	4	10777962536.725876	28002485.312543016	0.018758490314027654	-0.08080706168755525	392
full_step	28.035098081047785	0.1	6	28	10	4.666666666666667	10777962536.725876	12637425.15008851	0.018768417094676693	-0.08177144290626016	371
half_step_1	28.035098081047785	0.05	9	31	10	3.4444444444444446	10777962536.725876	27183937.939793848	0.018768417094676693	-0.08177144290626016	371
half_step_2	28.085098081047786	0.05	6	23	11	3.8333333333333335	10777962536.725876	24890695.73094782	0.023702192022398094	-0.0828717363076658	372
full_step	28.135098081047786	0.1	6	30	9	5	10777962536.725876	11580253.561555065	0.019113187333644532	-0.08262211226693049	360
half_step_1	28.135098081047786	0.05	6	18	7	3	10777962536.725876	21415663.942476682	0.019113187333644532	-0.08262211226693049	360
half_step_2	28.185098081047787	0.05	4	19	7	4.75	10777962536.725876	40488195.79664146	0.019737141149676063	-0.08159315698005715	371
full_step	28.235098081047788	0.1	7	38	8	5.428571428571429	10777962536.725876	8393526.884715859	0.0212668255900752	-0.07933768346218613	380
half_step_1	28.235098081047788	0.05	6	23	8	3.8333333333333335	10777962536.725876	46527538.87094056	0.0212668255900752	-0.07933768346218613	380
half_step_2	28.28509808104779	0.05	2	2	2	1	10777962536.725876	47058936.12055392	0.018233325119993538	-0.08012933374451332	378
full_step	28.33509808104779	0.1	6	19	7	3.1666666666666665	10777962536.725876	11450296.562893191	0.01829085859259294	-0.07843710215251315	360
half_step_1	28.33509808104779	0.05	5	23	8	4.6	10777962536.725876	26240644.62999026	0.01829085859259294	-0.07843710215251315	360
half_step_2	28.38509808104779	0.05	4	5	5	1.25	10777962536.725876	28607475.013952423	0.01840637350751706	-0.07933318994993584	385
full_step	28.43509808104779	0.1	4	10	9	2.5	10777962536.725876	12706697.542944102	0.018472563087598814	-0.07919903935960158	383
half_step_1	28.43509808104779	0.05	4	19	8	4.75	10777962536.725876	27961885.643325828	0.018472563087598814	-0.07919903935960158	383
half_step_2	28.48509808104779	0.05	4	6	6	1.5	10777962536.725876	28247677.10724107	0.018487470569027664	-0.08056729601518126	379
full_step	28.535098081047792	0.1	7	32	9	4.571428571428571	10777962536.725876	13473968.096921518	0.01857776328280636	-0.07930042463877672	376
half_step_1	28.535098081047792	0.05	12	39	8	3.25	10777962536.725876	27797712.176200006	0.01857776328280636	-0.07930042463877672	376
half_step_2	28.585098081047793	0.05	4	17	8	4.25	10777962536.725876	26620092.58314072	0.018563085791313938	-0.08026821383605223	371
full_step	28.635098081047794	0.1	8	36	7	4.5	10777962536.725876	12325813.605340624	0.01857814093733623	-0.08100049891641868	363
half_step_1	28.635098081047794	0.05	11	34	7	3.090909090909091	10777962536.725876	26407538.575259395	0.01857814093733623	-0.08100049891641868	363
half_step_2	28.685098081047794	0.05	5	23	11	4.6	10777962536.725876	28209306.61134299	0.018588259114494576	-0.07781843811743863	377
full_step	28.735098081047795	0.1	6	28	10	4.666666666666667	10777962536.725876	14059044.836971506	0.018598734971533304	-0.07736829515048597	394
half_step_1	28.735098081047795	0.05	9	28	8	3.111111111111111	10777962536.725876	28562138.4722777	0.018598734971533304	-0.07736829515048597	394
half_step_2	28.785098081047796	0.05	4	24	12	6	10777962536.725876	28065466.9640388	0.018613630413412352	-0.08013401822014368	369
full_step	28.835098081047796	0.1	4	12	7	3	10777962536.725876	12574783.339148473	0.018609999803999244	-0.08207829336297814	359
half_step_1	28.835098081047796	0.05	11	35	7	3.1818181818181817	10777962536.725876	25885018.98184936	0.018609999803999244	-0.08207829336297814	359
half_step_2	28.885098081047797	0.05	5	21	10	4.2	10777962536.725876	26438326.397267412	0.018619315532475866	-0.0817031536234586	366
full_step	28.935098081047798	0.1	5	20	8	4	10777962536.725876	12557107.12482911	0.018625871700209018	-0.07937680923287328	361
half_step_1	28.935098081047798	0.05	11	36	7	3.272727272727273	10777962536.725876	26623907.01778977	0.018625871700209018	-0.07937680923287328	361
half_step_2	28.9850980810478	0.05	5	24	12	4.8	10777962536.725876	26443095.37405994	0.018634151107477237	-0.08361471871869208	371
full_step	29.0350980810478	0.1	5	21	8	4.2	10777962536.725876	13024519.713826597	0.018641655501383525	-0.08108712109048519	378
half_step_1	29.0350980810478	0.05	5	11	7	2.2	10777962536.725876	23848100.03924261	0.018641655501383525	-0.08108712109048519	378
half_step_2	29.0850980810478	0.05	5	11	6	2.2	10777962536.725876	49345242.92705932	0.020135514293812662	-0.08213356649370601	382
full_step	29.1350980810478	0.1	5	14	8	2.8	10777962536.725876	12633193.429883678	0.021634062335650128	-0.08240358683093504	365
half_step_1	29.1350980810478	0.05	5	20	7	4	10777962536.725876	21332568.240569416	0.021634062335650128	-0.08240358683093504	365
half_step_2	29.1850980810478	0.05	4	9	9	2.25	10777962536.725876	46470937.499273054	0.029610574143063673	-0.07933151834148279	385
full_step	29.235098081047802	0.1	5	14	7	2.8	10777962536.725876	10886775.09003398	0.02503311185104451	-0.07915652197106536	386
half_step_1	29.235098081047802	0.05	4	16	8	4	10777962536.725876	49189711.54119186	0.02503311185104451	-0.07915652197106536	386
half_step_2	29.285098081047803	0.05	5	13	6	2.6	10777962536.725876	47332185.94398597	0.02375542740348635	-0.08317113997928903	371
full_step	29.335098081047803	0.1	5	15	7	3	10777962536.725876	13047225.705910394	0.022858915542627756	-0.08025789808129426	362
half_step_1	29.335098081047803	0.05	4	20	7	5	10777962536.725876	21759076.181783855	0.022858915542627756	-0.08025789808129426	362
half_step_2	29.385098081047804	0.05	4	9	9	2.25	10777962536.725876	48778709.6803084	0.028168336269516203	-0.07592470817354006	374
full_step	29.435098081047805	0.1	5	14	8	2.8	10777962536.725876	11544976.188029775	0.023969513350650118	-0.08114930036430404	364
half_step_1	29.435098081047805	0.05	4	18	8	4.5	10777962536.725876	43379323.77126604	0.023969513350650118	-0.08114930036430404	364
half_step_2	29.485098081047806	0.05	5	14	6	2.8	10777962536.725876	47718686.44671447	0.022524669509238038	-0.0794017781778795	379
full_step	29.535098081047806	0.1	5	16	8	3.2	10777962536.725876	12010677.765181322	0.02157748298456852	-0.08306735132469689	371
half_step_1	29.535098081047806	0.05	4	18	7	4.5	10777962536.725876	19018038.541831102	0.02157748298456852	-0.08306735132469689	371
half_step_2	29.585098081047807	0.05	4	7	7	1.75	10777962536.725876	42198013.193139054	0.028873052091412887	-0.08178313676184622	362
full_step	29.635098081047808	0.1	5	17	8	3.4	10777962536.725876	11834094.00338965	0.023528870347661268	-0.08059977606841676	363
half_step_1	29.635098081047808	0.05	4	16	7	4	10777962536.725876	44850960.11142751	0.023528870347661268	-0.08059977606841676	363
half_step_2	29.68509808104781	0.05	5	15	8	3	10777962536.725876	47800053.469143555	0.02171356719935602	-0.07979928484117318	378
full_step	29.73509808104781	0.1	5	14	7	2.8	10777962536.725876	13139317.092915019	0.020570882579789895	-0.07887691114850184	381
half_step_1	29.73509808104781	0.05	5	25	7	5	10777962536.725876	20875781.808277417	0.020570882579789895	-0.07887691114850184	381
half_step_2	29.78509808104781	0.05	4	13	6	3.25	10777962536.725876	44832050.886184275	0.026498357183072585	-0.07936788770694053	373
full_step	29.83509808104781	0.1	6	19	7	3.1666666666666665	10777962536.725876	13976033.51518316	0.022037129308628778	-0.07787981168990693	386
half_step_1	29.83509808104781	0.05	6	28	8	4.666666666666667	10777962536.725876	51315684.08854801	0.022037129308628778	-0.07787981168990693	386
half_step_2	29.88509808104781	0.05	4	15	8	3.75	10777962536.725876	25619968.08931888	0.020320410948940548	-0.07774094680651657	392
full_step	29.935098081047812	0.1	7	30	9	4.285714285714286	10777962536.725876	13842793.630492436	0.01898638738430236	-0.07741998559872043	380
half_step_1	29.935098081047812	0.05	6	29	7	4.833333333333333	10777962536.725876	30087280.747289322	0.01898638738430236	-0.07741998559872043	380
half_step_2	29.985098081047813	0.05	4	16	8	4	10777962536.725876	24945606.433295194	0.018218242442145538	-0.0794224938767595	371
full_step	30.035098081047813	0.1	8	34	9	4.25	10777962536.725876	13107891.225198697	0.01829100474462564	-0.07803956391873933	388
half_step_1	30.035098081047813	0.05	6	24	7	4	10777962536.725876	28422418.67921259	0.01829100474462564	-0.07803956391873933	388
half_step_2	30.085098081047814	0.05	4	15	7	3.75	10777962536.725876	46762521.11458036	0.01826463151360258	-0.08195278334571092	367
full_step	30.135098081047815	0.1	6	21	7	3.5	10777962536.725876	13242229.066587888	0.018329737386878264	-0.07958664538377294	370
half_step_1	30.135098081047815	0.05	5	24	7	4.8	10777962536.725876	20479088.38681249	0.018329737386878264	-0.07958664538377294	370
half_step_2	30.185098081047816	0.05	4	8	8	2	10777962536.725876	47014524.733094595	0.02492335801655088	-0.07818935578359412	385
full_step	30.235098081047816	0.1	6	17	6	2.8333333333333335	10777962536.725876	11978074.867525678	0.01997428463781148	-0.08182546133129345	375
half_step_1	30.235098081047816	0.05	5	20	8	4	10777962536.725876	43694611.83736417	0.01997428463781148	-0.08182546133129345	375
half_step_2	30.285098081047817	0.05	4	9	7	2.25	10777962536.725876	47938855.09145848	0.01821926140617336	-0.07968351328819463	372
full_step	30.335098081047818	0.1	6	21	8	3.5	10777962536.725876	11728167.271671798	0.018271061974331815	-0.08244778347729795	378
half_step_1	30.335098081047818	0.05	5	22	7	4.4	10777962536.725876	24713138.280699912	0.018271061974331815	-0.08244778347729795	378
half_step_2	30.38509808104782	0.05	3	7	7	2.3333333333333335	10777962536.725876	28698185.50102229	0.021268133820612434	-0.0791007205773962	395
full_step	30.43509808104782	0.1	6	21	7	3.5	10777962536.725876	13538172.586204989	0.018524923479787958	-0.07725820536754112	373
half_step_1	30.43509808104782	0.05	5	21	7	4.2	10777962536.725876	28336776.31927789	0.018524923479787958	-0.07725820536754112	373
half_step_2	30.48509808104782	0.05	4	8	6	2	10777962536.725876	25797673.814729124	0.018412817654350988	-0.08098744207167732	365
full_step	30.53509808104782	0.1	6	21	7	3.5	10777962536.725876	13117673.875380142	0.01845364381564707	-0.07797024348250346	366
half_step_1	30.53509808104782	0.05	5	20	5	4	10777962536.725876	26358284.988553815	0.01845364381564707	-0.07797024348250346	366
half_step_2	30.58509808104782	0.05	3	9	9	3	10777962536.725876	24869171.963391308	0.02209251028236281	-0.08240908412170472	367
full_step	30.635098081047822	0.1	6	21	7	3.5	10777962536.725876	13983123.070136487	0.01863859293919745	-0.07760184486892868	385
half_step_1	30.635098081047822	0.05	6	31	7	5.166666666666667	10777962536.725876	29279366.36742818	0.01863859293919745	-0.07760184486892868	385
half_step_2	30.685098081047823	0.05	4	8	8	2	10777962536.725876	24840393.433113717	0.018486300921125576	-0.08320493769311552	360
full_step	30.735098081047823	0.1	5	17	9	3.4	10777962536.725876	13500695.854038307	0.018520170781954448	-0.07907859388190701	373
half_step_1	30.735098081047823	0.05	5	20	7	4	10777962536.725876	20211979.014198195	0.018520170781954448	-0.07907859388190701	373
half_step_2	30.785098081047824	0.05	4	9	9	2.25	10777962536.725876	47014794.88738248	0.023525214176345344	-0.07984832415365896	378
full_step	30.835098081047825	0.1	6	20	8	3.3333333333333335	10777962536.725876	10151222.325716278	0.018359137621857258	-0.08165649995093563	355
full_step	30.835098081047825	0.05	5	15	6	3	10777962536.725876	22580855.9061687	0.018359137621857258	-0.08165649995093563	355
full_step	30.835098081047825	0.025	4	16	6	4	10777962536.725876	100360921.10793957	0.018359137621857258	-0.08165649995093563	355
half_step_1	30.835098081047825	0.0125	5	8	4	1.6	10777962536.725876	164423442.28161234	0.018359137621857258	-0.08165649995093563	355
half_step_2	30.847598081047824	0.0125	1	3	3	3	10777962536.725876	31085994.14226282	0.01830980775859814	-0.07695948893947104	374
full_step	30.860098081047823	0.1	25	84	9	3.36	10777962536.725876	25791116.099240776	0.01829689289468206	-0.08407222445789184	413
half_step_1	30.860098081047823	0.05	12	46	9	3.8333333333333335	10777962536.725876	1571250.5947540475	0.01829689289468206	-0.08407222445789184	413
half_step_2	30.910098081047824	0.05	5	3	3	0.6	10777962536.725876	779332165.1548507	0.022115200122669876	-0.07642818943555918	345
full_step	30.860098081047823	0.05	16	72	10	4.5	10777962536.725876	1871101.0224996724	0.01829689289468206	-0.08407222445789184	413
half_step_1	30.860098081047823	0.025	18	35	8	1.9444444444444444	10777962536.725876	30047025.32234051	0.01829689289468206	-0.08407222445789184	413
half_step_2	30.885098081047822	0.025	3	14	8	4.666666666666667	10777962536.725876	523488392.0534537	0.040281018176287375	-0.07951683174158067	348
full_step	30.910098081047824	0.0928362061457239	9	27	7	3	10777962536.725876	258229979.32886133	0.013245564591485959	-0.07711487790163306	360
full_step	30.910098081047824	0.04641810307286195	9	25	8	2.7777777777777777	10777962536.725876	728601745.8191332	0.013245564591485959	-0.07711487790163306	360
full_step	30.910098081047824	0.023209051536430974	6	16	4	2.6666666666666665	10777962536.725876	632930136.8963379	0.013245564591485959	-0.07711487790163306	360
half_step_1	30.910098081047824	0.011604525768215487	5	12	5	2.4	10777962536.725876	460797589.05933183	0.013245564591485959	-0.07711487790163306	360
half_step_2	30.92170260681604	0.011604525768215487	3	2	2	0.6666666666666666	10777962536.725876	419636863.63315874	0.01217898412409113	-0.07580726484572997	330
full_step	30.933307132584254	0.09275249743586805	10	22	6	2.2	10777962536.725876	824478792.0389156	0.012151331899502793	-0.07615293062114002	345
full_step	30.933307132584254	0.04637624871793403	10	22	6	2.2	10777962536.725876	758744107.4837486	0.012151331899502793	-0.07615293062114002	345
full_step	30.933307132584254	0.023188124358967013	6	13	7	2.1666666666666665	10777962536.725876	616538956.7710047	0.012151331899502793	-0.07615293062114002	345
full_step	30.933307132584254	0.011594062179483507	4	10	5	2.5	10777962536.725876	472506158.28493345	0.012151331899502793	-0.07615293062114002	345
half_step_1	30.933307132584254	0.005797031089741753	5	7	4	1.4	10777962536.725876	265042457.95186526	0.012151331899502793	-0.07615293062114002	345
half_step_2	30.939104163673996	0.005797031089741753	2	2	2	1	10777962536.725876	238749962.1880962	0.012139514799883955	-0.07769487474026825	322
full_step	30.944901194763737	0.05797031089741753	7	20	6	2.857142857142857	10777962536.725876	182298007.77104142	0.020128387490629507	-0.07675627842243776	329
full_step	30.944901194763737	0.028985155448708767	5	20	8	4	10777962536.725876	601708879.5493652	0.020128387490629507	-0.07675627842243776	329
full_step	30.944901194763737	0.014492577724354383	5	10	5	2	10777962536.725876	480745408.97327745	0.020128387490629507	-0.07675627842243776	329
full_step	30.944901194763737	0.007246288862177192	3	2	2	0.6666666666666666	10777962536.725876	306997603.2120345	0.020128387490629507	-0.07675627842243776	329
half_step_1	30.944901194763737	0.003623144431088596	2	1	1	0.5	10777962536.725876	134514604.77987447	0.020128387490629507	-0.07675627842243776	329
half_step_2	30.948524339194826	0.003623144431088596	7	3	3	0.42857142857142855	10777962536.725876	88382137.86993591	0.02654474355945524	-0.07676391898993769	371
full_step	30.952147483625915	0.027382696421539406	13	35	8	2.6923076923076925	10777962536.725876	440432481.4093101	0.05116633626057876	-0.0840107698559709	346
full_step	30.952147483625915	0.013691348210769703	11	17	5	1.5454545454545454	10777962536.725876	355941810.8337182	0.05116633626057876	-0.0840107698559709	346
half_step_1	30.952147483625915	0.006845674105384851	4	5	5	1.25	10777962536.725876	230307252.3988883	0.05116633626057876	-0.0840107698559709	346
half_step_2	30.9589931577313	0.006845674105384851	10	6	3	0.6	10777962536.725876	59330195.02794168	0.036598601373214024	-0.08692579813995652	418
full_step	30.965838831836685	0.06845674105384851	13	29	7	2.230769230769231	10777962536.725876	41644187.79588739	0.06172789644030274	-0.07733935219708085	346
full_step	30.965838831836685	0.034228370526924255	13	22	6	1.6923076923076923	10777962536.725876	33705795.08645821	0.06172789644030274	-0.07733935219708085	346
full_step	30.965838831836685	0.017114185263462128	11	18	4	1.6363636363636365	10777962536.725876	37782663.758386925	0.06172789644030274	-0.07733935219708085	346
half_step_1	30.965838831836685	0.008557092631731064	6	16	9	2.6666666666666665	10777962536.725876	54909253.74833773	0.06172789644030274	-0.07733935219708085	346
half_step_2	30.974395924468414	0.008557092631731064	3	13	6	4.333333333333333	10777962536.725876	57590412.59425632	0.0407744610423606	-0.08380504533532765	348
full_step	30.982953017100147	0.08557092631731064	7	25	8	3.5714285714285716	10777962536.725876	59537672.18685663	0.039438287747543654	-0.08392489224048587	372
half_step_1	30.982953017100147	0.04278546315865532	6	15	6	2.5	10777962536.725876	23881763.247394823	0.039438287747543654	-0.08392489224048587	372
half_step_2	31.025738480258802	0.04278546315865532	12	23	5	1.9166666666666667	10777962536.725876	4295960.804565371	0.14942910041186508	-0.07898057654019533	436
full_step	31.068523943417457	0.1	9	20	8	2.2222222222222223	10777962536.725876	31707580.76406702	0.08484379187132163	-0.08710844487198259	378
full_step	31.068523943417457	0.05	10	24	7	2.4	10777962536.725876	16623814.823786689	0.08484379187132163	-0.08710844487198259	378
half_step_1	31.068523943417457	0.025	12	47	9	3.9166666666666665	10777962536.725876	26017860.668296292	0.08484379187132163	-0.08710844487198259	378
half_step_2	31.093523943417456	0.025	4	19	8	4.75	10777962536.725876	26387679.931561545	0.048295284867350574	-0.08721981673744351	392
full_step	31.118523943417458	0.1	11	49	8	4.454545454545454	10777962536.725876	44517727.91455047	0.04601847756988775	-0.08368388462841096	368
full_step	31.118523943417458	0.05	10	34	7	3.4	10777962536.725876	38280983.55966482	0.04601847756988775	-0.08368388462841096	368
half_step_1	31.118523943417458	0.025	7	20	6	2.857142857142857	10777962536.725876	36458292.02260479	0.04601847756988775	-0.08368388462841096	368
half_step_2	31.143523943417456	0.025	12	21	6	1.75	10777962536.725876	18509990.486467637	0.31148510651361505	-0.07850513241483915	423
full_step	31.16852394341746	0.060611298550173734	8	20	8	2.5	10777962536.725876	8658521.246248763	0.0606292664713477	-0.07916856928163206	396
half_step_1	31.16852394341746	0.030305649275086867	7	16	7	2.2857142857142856	10777962536.725876	20089945.859614804	0.0606292664713477	-0.07916856928163206	396
half_step_2	31.198829592692544	0.030305649275086867	4	13	7	3.25	10777962536.725876	19438263.904226657	0.04408884477328101	-0.08473309174699775	377
full_step	31.229135241967633	0.1	13	47	8	3.6153846153846154	10777962536.725876	41840212.82032437	0.03284422362638395	-0.08061137150317313	383
full_step	31.229135241967633	0.05	12	38	7	3.1666666666666665	10777962536.725876	38400725.450816564	0.03284422362638395	-0.08061137150317313	383
half_step_1	31.229135241967633	0.025	7	25	7	3.5714285714285716	10777962536.725876	30680016.322331678	0.03284422362638395	-0.08061137150317313	383
half_step_2	31.25413524196763	0.025	4	13	8	3.25	10777962536.725876	35732530.4967989	0.012149475877919258	-0.08110797420813415	369
full_step	31.279135241967634	0.1	8	26	8	3.25	10777962536.725876	45543474.14033434	0.012149865344355248	-0.07981572236075452	342
full_step	31.279135241967634	0.05	5	8	4	1.6	10777962536.725876	35807659.90295157	0.012149865344355248	-0.07981572236075452	342
full_step	31.279135241967634	0.025	7	10	5	1.4285714285714286	10777962536.725876	25991128.392531678	0.012149865344355248	-0.07981572236075452	342
full_step	31.279135241967634	0.0125	4	10	5	2.5	10777962536.725876	51933075.21040296	0.012149865344355248	-0.07981572236075452	342
half_step_1	31.279135241967634	0.00625	6	8	5	1.3333333333333333	10777962536.725876	53015481.50648507	0.012149865344355248	-0.07981572236075452	342
half_step_2	31.285385241967635	0.00625	1	3	3	3	10777962536.725876	14441338.624884438	0.01214977166861786	-0.08214490721827193	357
full_step	31.291635241967633	0.0625	17	53	8	3.1176470588235294	10777962536.725876	16868897.859264247	0.3656224137754833	-0.05774186615512428	422
half_step_1	31.291635241967633	0.03125	16	46	8	2.875	10777962536.725876	20507763.983825084	0.3656224137754833	-0.05774186615512428	422
half_step_2	31.322885241967633	0.03125	3	6	4	2	10777962536.725876	20637928.016641203	0.19622109806418564	-0.07038806909279142	403
full_step	31.354135241967633	0.1	5	10	5	2	10777962536.725876	7380809.743979839	0.04538640755482959	-0.08603092149979986	399
half_step_1	31.354135241967633	0.05	5	11	7	2.2	10777962536.725876	11457465.406531727	0.04538640755482959	-0.08603092149979986	399
half_step_2	31.404135241967634	0.05	2	2	2	1	10777962536.725876	11354292.583421985	0.026200541453277992	-0.08626227328805941	398
full_step	31.454135241967634	0.1	6	20	7	3.3333333333333335	10777962536.725876	6223370.562541597	0.02609778254807793	-0.09063220693159138	401
half_step_1	31.454135241967634	0.05	5	12	7	2.4	10777962536.725876	11113754.247279609	0.02609778254807793	-0.09063220693159138	401
half_step_2	31.504135241967635	0.05	3	12	4	4	10777962536.725876	11851110.713528927	0.02600343527298321	-0.08643511986355322	403
full_step	31.554135241967636	0.1	6	20	7	3.3333333333333335	10777962536.725876	5499643.799494064	0.02631651798279222	-0.0903563621812648	382
half_step_1	31.554135241967636	0.05	5	10	5	2	10777962536.725876	9841819.697604215	0.02631651798279222	-0.0903563621812648	382
half_step_2	31.604135241967636	0.05	3	13	6	4.333333333333333	10777962536.725876	10533532.713993538	0.02600453315496054	-0.0896931294579623	388
full_step	31.654135241967637	0.1	6	18	7	3	10777962536.725876	6371185.662006505	0.026326878051108338	-0.0898731183165088	414
half_step_1	31.654135241967637	0.05	3	6	5	2	10777962536.725876	11159305.987122089	0.026326878051108338	-0.0898731183165088	414
half_step_2	31.704135241967638	0.05	2	8	5	4	10777962536.725876	11337902.375413114	0.026075052813368416	-0.08577827062662728	406
full_step	31.75413524196764	0.1	3	7	6	2.3333333333333335	10777962536.725876	6489833.470201865	0.028726190628404424	-0.08700080930401369	412
half_step_1	31.75413524196764	0.05	3	5	5	1.6666666666666667	10777962536.725876	11250080.720656373	0.028726190628404424	-0.08700080930401369	412
half_step_2	31.80413524196764	0.05	2	7	4	3.5	10777962536.725876	11162381.334913485	0.025941271712383696	-0.08811085551743779	394
full_step	31.85413524196764	0.1	17	37	9	2.176470588235294	10777962536.725876	1006298.2207739487	0.8112189260839244	-0.04150696357011717	478
half_step_1	31.85413524196764	0.05	13	34	8	2.6153846153846154	10777962536.725876	1836703.6977985543	0.8112189260839244	-0.04150696357011717	478
half_step_2	31.90413524196764	0.05	6	39	14	6.5	10777962536.725876	496681085.68353593	0.012019244873414436	-0.11420256413144758	295
full_step	31.85413524196764	0.05	13	29	8	2.230769230769231	10777962536.725876	1825812.3355748672	0.8112189260839244	-0.04150696357011717	478
half_step_1	31.85413524196764	0.025	14	44	11	3.142857142857143	10777962536.725876	4721600.240960735	0.8112189260839244	-0.04150696357011717	478
half_step_2	31.87913524196764	0.025	10	43	7	4.3	10777962536.725876	151851915.21566758	0.2903270428709348	-0.1104855215627838	338
full_step	31.85413524196764	0.025	16	38	10	2.375	10777962536.725876	4682111.45350531	0.8112189260839244	-0.04150696357011717	478
half_step_1	31.85413524196764	0.0125	15	53	8	3.533333333333333	10777962536.725876	10190397.11640061	0.8112189260839244	-0.04150696357011717	478
half_step_2	31.86663524196764	0.0125	1	3	3	3	10777962536.725876	16073762.047646735	0.5611207731784589	-0.08664373887210368	343
full_step	31.87913524196764	0.1	17	62	12	3.6470588235294117	10777962536.725876	9410468.12262397	0.2414331860930119	-0.10967155205955095	326
full_step	31.87913524196764	0.05	13	19	7	1.4615384615384615	10777962536.725876	9570710.598525058	0.2414331860930119	-0.10967155205955095	326
full_step	31.87913524196764	0.025	14	43	8	3.0714285714285716	10777962536.725876	9034779.520160154	0.2414331860930119	-0.10967155205955095	326
half_step_1	31.87913524196764	0.0125	5	24	12	4.8	10777962536.725876	20444700.485506896	0.2414331860930119	-0.10967155205955095	326
half_step_2	31.891635241967638	0.0125	15	40	9	2.6666666666666665	10777962536.725876	54636836.909283414	0.01221980793471289	-0.0799814902894105	348
full_step	31.904135241967637	0.07951771103441856	11	23	8	2.090909090909091	10777962536.725876	42293176.31348612	0.022083406281851126	-0.08492158614144632	357
full_step	31.904135241967637	0.03975885551720928	8	13	5	1.625	10777962536.725876	35809307.79201635	0.022083406281851126	-0.08492158614144632	357
half_step_1	31.904135241967637	0.01987942775860464	4	7	5	1.75	10777962536.725876	33377788.668604482	0.022083406281851126	-0.08492158614144632	357
half_step_2	31.92401466972624	0.01987942775860464	4	9	9	2.25	10777962536.725876	33229966.034209877	0.014750225185636623	-0.08218785061293941	355
full_step	31.943894097484847	0.09999999999999787	8	28	8	3.5	10777962536.725876	45662732.02440724	0.012157160862130922	-0.08211042981564395	339
full_step	31.943894097484847	0.049999999999998934	10	12	8	1.2	10777962536.725876	39566205.47857212	0.012157160862130922	-0.08211042981564395	339
full_step	31.943894097484847	0.024999999999999467	5	10	5	2	10777962536.725876	33704387.239051	0.012157160862130922	-0.08211042981564395	339
full_step	31.943894097484847	0.012499999999999734	5	14	8	2.8	10777962536.725876	50616198.70699512	0.012157160862130922	-0.08211042981564395	339
half_step_1	31.943894097484847	0.006249999999999867	5	9	4	1.8	10777962536.725876	50517833.07129399	0.012157160862130922	-0.08211042981564395	339
half_step_2	31.95014409748485	0.006249999999999867	1	2	2	2	10777962536.725876	29100179.144261066	0.023116678808833058	-0.08194523553723125	333
full_step	31.956394097484846	0.06249999999999867	9	23	7	2.5555555555555554	10777962536.725876	44574991.13011146	0.04316457713015609	-0.08107935602135712	361
full_step	31.956394097484846	0.031249999999999334	11	12	5	1.0909090909090908	10777962536.725876	37275259.07424483	0.04316457713015609	-0.08107935602135712	361
full_step	31.956394097484846	0.015624999999999667	4	6	6	1.5	10777962536.725876	44841132.39378657	0.04316457713015609	-0.08107935602135712	361
full_step	31.956394097484846	0.0078124999999998335	4	3	3	0.75	10777962536.725876	59843195.18919249	0.04316457713015609	-0.08107935602135712	361
half_step_1	31.956394097484846	0.0039062499999999167	3	2	2	0.6666666666666666	10777962536.725876	38726884.11416074	0.04316457713015609	-0.08107935602135712	361
half_step_2	31.960300347484846	0.0039062499999999167	1	4	4	4	10777962536.725876	34095414.39439374	0.038959877248032626	-0.08163893850130326	350
full_step	31.964206597484846	0.03906249999999917	16	52	10	3.25	10777962536.725876	21986273.30386183	0.3532701607623352	-0.07734559544380588	410
half_step_1	31.964206597484846	0.019531249999999584	15	36	9	2.4	10777962536.725876	166388125.25676826	0.3532701607623352	-0.07734559544380588	410
half_step_2	31.983737847484846	0.019531249999999584	13	9	6	0.6923076923076923	10777962536.725876	67827587.81164117	0.22492903023827182	-0.08486279794951886	378
full_step	31.964206597484846	0.019531249999999584	20	66	9	3.3	10777962536.725876	166381205.475935	0.3532701607623352	-0.07734559544380588	410
half_step_1	31.964206597484846	0.009765624999999792	18	47	5	2.611111111111111	10777962536.725876	52144590.2398776	0.3532701607623352	-0.07734559544380588	410
half_step_2	31.973972222484846	0.009765624999999792	7	21	8	3	10777962536.725876	139034120.8332425	0.2757363375325923	-0.08370589642940375	400
full_step	31.983737847484846	0.07341404692398791	15	55	10	3.6666666666666665	10777962536.725876	29126552.138733167	0.2318018734354439	-0.07928153513448147	417
full_step	31.983737847484846	0.036707023461993955	16	43	8	2.6875	10777962536.725876	14461343.842665138	0.2318018734354439	-0.07928153513448147	417
half_step_1	31.983737847484846	0.018353511730996978	15	43	9	2.8666666666666667	10777962536.725876	34869547.60531783	0.2318018734354439	-0.07928153513448147	417
half_step_2	32.00209135921585	0.018353511730996978	10	7	7	0.7	10777962536.725876	15507451.855399366	0.09518688203691283	-0.08579945432354374	388
full_step	32.02044487094684	0.09065985624270996	14	51	8	3.642857142857143	10777962536.725876	43317091.82740885	0.05433853037106928	-0.0779754755752012	386
full_step	32.02044487094684	0.04532992812135498	13	39	8	3	10777962536.725876	36576051.26817302	0.05433853037106928	-0.0779754755752012	386
full_step	32.02044487094684	0.02266496406067749	11	38	7	3.4545454545454546	10777962536.725876	33225744.670812774	0.05433853037106928	-0.0779754755752012	386
half_step_1	32.02044487094684	0.011332482030338745	9	39	8	4.333333333333333	10777962536.725876	61045978.03816224	0.05433853037106928	-0.0779754755752012	386
half_step_2	32.03177735297718	0.011332482030338745	12	8	3	0.6666666666666666	10777962536.725876	28871904.156571764	0.09601981483530153	-0.09023814068870643	417
full_step	32.04310983500752	0.04873992031753666	11	24	9	2.1818181818181817	10777962536.725876	3825777.8523418466	0.09231187895845494	-0.08012137482316846	407
half_step_1	32.04310983500752	0.02436996015876833	11	25	7	2.272727272727273	10777962536.725876	26099592.350002375	0.09231187895845494	-0.08012137482316846	407
half_step_2	32.067479795166285	0.02436996015876833	9	37	8	4.111111111111111	10777962536.725876	30478448.708436042	0.02632215146226713	-0.08205984418733718	369
full_step	32.09184975532506	0.1	9	38	8	4.222222222222222	10777962536.725876	48850729.521351375	0.022749096522900913	-0.07744446827321436	353
full_step	32.09184975532506	0.05	8	30	12	3.75	10777962536.725876	39414983.95134508	0.022749096522900913	-0.07744446827321436	353
full_step	32.09184975532506	0.025	6	9	5	1.5	10777962536.725876	35412560.608534604	0.022749096522900913	-0.07744446827321436	353
half_step_1	32.09184975532506	0.0125	3	9	8	3	10777962536.725876	55024010.77870015	0.022749096522900913	-0.07744446827321436	353
half_step_2	32.10434975532506	0.0125	13	29	6	2.230769230769231	10777962536.725876	51718555.79390704	0.33371801854312366	-0.0834174594411951	382
full_step	32.116849755325056	0.04366128132079089	7	35	8	5	10777962536.725876	1996417.1288146514	0.1889132002633147	-0.08453403272794548	363
half_step_1	32.116849755325056	0.021830640660395445	4	13	7	3.25	10777962536.725876	31357133.70315538	0.1889132002633147	-0.08453403272794548	363
half_step_2	32.13868039598545	0.021830640660395445	6	26	8	4.333333333333333	10777962536.725876	31908055.44504611	0.07268619366963947	-0.083944614043397	379
full_step	32.16051103664585	0.1	6	20	6	3.3333333333333335	10777962536.725876	8604231.574657625	0.043476748398958875	-0.08263962965181473	378
half_step_1	32.16051103664585	0.05	7	23	7	3.2857142857142856	10777962536.725876	10093365.028362904	0.043476748398958875	-0.08263962965181473	378
half_step_2	32.21051103664585	0.05	6	11	11	1.8333333333333333	10777962536.725876	15922307.202838788	0.02349897520356592	-0.08475635315150543	379
full_step	32.26051103664585	0.1	7	21	9	3	10777962536.725876	26454651.533504628	0.011987189438258383	-0.08833193457050215	379
full_step	32.26051103664585	0.05	7	11	6	1.5714285714285714	10777962536.725876	64431909.68076553	0.011987189438258383	-0.08833193457050215	379
full_step	32.26051103664585	0.025	7	16	7	2.2857142857142856	10777962536.725876	134398180.1050142	0.011987189438258383	-0.08833193457050215	379
half_step_1	32.26051103664585	0.0125	9	15	6	1.6666666666666667	10777962536.725876	290745410.2935006	0.011987189438258383	-0.08833193457050215	379
half_step_2	32.273011036645855	0.0125	13	11	7	0.8461538461538461	10777962536.725876	10431297.12447564	0.3537945165769152	-0.07734315096240106	469
full_step	32.28551103664585	0.0644018338258281	13	36	7	2.769230769230769	10777962536.725876	11019055.398015937	0.07315156887698038	-0.09508387470773853	428
half_step_1	32.28551103664585	0.03220091691291405	7	15	6	2.142857142857143	10777962536.725876	6395584.914528834	0.07315156887698038	-0.09508387470773853	428
half_step_2	32.317711953558764	0.03220091691291405	8	8	5	1	10777962536.725876	8542060.870094813	0.04955311252714978	-0.08800198820891571	416
full_step	32.34991287047168	0.1	12	34	6	2.8333333333333335	10777962536.725876	3797230.189528838	0.01219266813254194	-0.09110126651249098	442
half_step_1	32.34991287047168	0.05	9	19	7	2.111111111111111	10777962536.725876	4768242.225838618	0.01219266813254194	-0.09110126651249098	442
half_step_2	32.399912870471674	0.05	7	22	13	3.142857142857143	10777962536.725876	7217240.156582827	0.09059938340215723	-0.08331163394511633	417
full_step	32.44991287047168	0.1	9	24	7	2.6666666666666665	10777962536.725876	12825910.50420391	0.0659970170987485	-0.08338111374204991	397
full_step	32.44991287047168	0.05	12	33	7	2.75	10777962536.725876	12854138.814362474	0.0659970170987485	-0.08338111374204991	397
half_step_1	32.44991287047168	0.025	7	20	7	2.857142857142857	10777962536.725876	28326906.08347725	0.0659970170987485	-0.08338111374204991	397
half_step_2	32.47491287047168	0.025	3	5	5	1.6666666666666667	10777962536.725876	26018434.83956184	0.011960017347803387	-0.08050680899907971	390
full_step	32.499912870471675	0.1	17	38	12	2.235294117647059	10777962536.725876	35564736.02112009	0.29048463540715463	-0.07010538423281959	426
full_step	32.499912870471675	0.05	14	15	11	1.0714285714285714	10777962536.725876	31903926.802344255	0.29048463540715463	-0.07010538423281959	426
full_step	32.499912870471675	0.025	13	29	10	2.230769230769231	10777962536.725876	27866437.001517747	0.29048463540715463	-0.07010538423281959	426
half_step_1	32.499912870471675	0.0125	15	42	12	2.8	10777962536.725876	38714749.24145331	0.29048463540715463	-0.07010538423281959	426
half_step_2	32.51241287047168	0.0125	6	23	8	3.8333333333333335	10777962536.725876	50639541.15032514	0.1195561973704713	-0.07906315143221047	369
full_step	32.524912870471674	0.1	12	31	8	2.5833333333333335	10777962536.725876	29146032.851836514	0.01222068490409356	-0.08449282619861298	344
full_step	32.524912870471674	0.05	10	23	7	2.3	10777962536.725876	32330772.351433218	0.01222068490409356	-0.08449282619861298	344
full_step	32.524912870471674	0.025	5	19	8	3.8	10777962536.725876	29933507.995327465	0.01222068490409356	-0.08449282619861298	344
full_step	32.524912870471674	0.0125	4	7	7	1.75	10777962536.725876	51166910.95930536	0.01222068490409356	-0.08449282619861298	344
half_step_1	32.524912870471674	0.00625	3	5	5	1.6666666666666667	10777962536.725876	53515641.73179936	0.01222068490409356	-0.08449282619861298	344
half_step_2	32.531162870471675	0.00625	3	6	6	2	10777962536.725876	52288646.972019084	0.012198223731331836	-0.07951473818616366	359
full_step	32.53741287047168	0.0625	15	42	11	2.8	10777962536.725876	140673021.80272815	0.07677084834335801	-0.08220124489344674	361
half_step_1	32.53741287047168	0.03125	15	42	10	2.8	10777962536.725876	62544628.055817574	0.07677084834335801	-0.08220124489344674	361
half_step_2	32.56866287047168	0.03125	8	37	9	4.625	10777962536.725876	84475867.16170597	0.1364847611887967	-0.08210661054109299	343
full_step	32.59991287047168	0.08618991716769824	10	32	7	3.2	10777962536.725876	103243749.39460929	0.06849857970838968	-0.07969685888340602	360
full_step	32.59991287047168	0.04309495858384912	7	26	10	3.7142857142857144	10777962536.725876	80800854.60416634	0.06849857970838968	-0.07969685888340602	360
half_step_1	32.59991287047168	0.02154747929192456	4	18	10	4.5	10777962536.725876	79853360.70524883	0.06849857970838968	-0.07969685888340602	360
half_step_2	32.6214603497636	0.02154747929192456	2	8	5	4	10777962536.725876	67596091.81898895	0.055339510573517714	-0.08295446593028373	350
full_step	32.64300782905553	0.1	9	31	8	3.4444444444444446	10777962536.725876	109479085.15686098	0.05269144263665737	-0.08007184695467719	354
full_step	32.64300782905553	0.05	6	23	11	3.8333333333333335	10777962536.725876	92012786.64368734	0.05269144263665737	-0.08007184695467719	354
full_step	32.64300782905553	0.025	7	30	8	4.285714285714286	10777962536.725876	82497479.08795425	0.05269144263665737	-0.08007184695467719	354
half_step_1	32.64300782905553	0.0125	4	22	8	5.5	10777962536.725876	68524988.8609648	0.05269144263665737	-0.08007184695467719	354
half_step_2	32.65550782905553	0.0125	4	18	7	4.5	10777962536.725876	61337627.47585015	0.053420855170273285	-0.08157429267543108	369
full_step	32.668007829055526	0.1	10	36	8	3.6	10777962536.725876	116677356.62499937	0.054974332603819676	-0.07963385011742637	358
full_step	32.668007829055526	0.05	9	22	6	2.4444444444444446	10777962536.725876	105134500.7272209	0.054974332603819676	-0.07963385011742637	358
full_step	32.668007829055526	0.025	6	14	7	2.3333333333333335	10777962536.725876	85123965.70707653	0.054974332603819676	-0.07963385011742637	358
full_step	32.668007829055526	0.0125	5	20	8	4	10777962536.725876	65274424.47226232	0.054974332603819676	-0.07963385011742637	358
half_step_1	32.668007829055526	0.00625	4	15	7	3.75	10777962536.725876	55676936.463253066	0.054974332603819676	-0.07963385011742637	358
half_step_2	32.67425782905553	0.00625	4	15	8	3.75	10777962536.725876	55662407.52321913	0.05761290239932748	-0.07818168794895011	351
full_step	32.68050782905553	0.0625	19	61	11	3.210526315789474	10777962536.725876	38011285.09190688	0.06006812727096644	-0.08561856719292009	371
half_step_1	32.68050782905553	0.03125	17	51	8	3	10777962536.725876	18289183.99744894	0.06006812727096644	-0.08561856719292009	371
half_step_2	32.71175782905553	0.03125	4	10	5	2.5	10777962536.725876	21261555.081019927	0.10765803075825886	-0.0797461526157925	376
full_step	32.74300782905553	0.1	5	11	8	2.2	10777962536.725876	7567158.367445526	0.06881826519692424	-0.08093786479061399	376
half_step_1	32.74300782905553	0.05	3	14	9	4.666666666666667	10777962536.725876	11321860.400722567	0.06881826519692424	-0.08093786479061399	376
half_step_2	32.793007829055526	0.05	4	9	4	2.25	10777962536.725876	11303126.621667467	0.05743074658104774	-0.0822509708765349	367
full_step	32.84300782905553	0.1	4	15	7	3.75	10777962536.725876	6366970.936909488	0.05648286850527029	-0.08216878411651286	371
half_step_1	32.84300782905553	0.05	3	9	9	3	10777962536.725876	11384915.63725773	0.05648286850527029	-0.08216878411651286	371
half_step_2	32.89300782905553	0.05	2	0	0	0	10777962536.725876	10783787.056937462	0.05652479750872885	-0.08214508547489204	360
full_step	32.94300782905553	0.1	3	9	8	3	10777962536.725876	6137772.720373718	0.056503516116123365	-0.08365866313980558	368
half_step_1	32.94300782905553	0.05	2	0	0	0	10777962536.725876	10662979.286984948	0.056503516116123365	-0.08365866313980558	368
half_step_2	32.99300782905553	0.05	2	0	0	0	10777962536.725876	11537113.231845578	0.056499947017599084	-0.08232915963088834	367
full_step	33.04300782905553	0.1	3	8	7	2.6666666666666665	10777962536.725876	6954377.65439887	0.05649903636135889	-0.07806634165826412	380
half_step_1	33.04300782905553	0.05	3	7	7	2.3333333333333335	10777962536.725876	12144188.596275812	0.05649903636135889	-0.07806634165826412	380
half_step_2	33.09300782905553	0.05	2	0	0	0	10777962536.725876	12456135.53397199	0.05649691170599169	-0.07879376616074459	395
full_step	33.143007829055534	0.1	4	12	6	3	10777962536.725876	6915931.998724976	0.056495792127407185	-0.07839733110916046	379
half_step_1	33.143007829055534	0.05	3	7	7	2.3333333333333335	10777962536.725876	12226794.195474545	0.056495792127407185	-0.07839733110916046	379
half_step_2	33.19300782905553	0.05	2	0	0	0	10777962536.725876	11886655.218067039	0.05649423889917671	-0.08004928295650263	392
full_step	33.243007829055536	0.1	4	15	8	3.75	10777962536.725876	6326699.414529603	0.056492870700793674	-0.08296836829420681	373
half_step_1	33.243007829055536	0.05	3	7	7	2.3333333333333335	10777962536.725876	11226961.426859109	0.056492870700793674	-0.08296836829420681	373
half_step_2	33.29300782905553	0.05	2	0	0	0	10777962536.725876	12792517.587451076	0.056491211912543804	-0.07783503885208878	386
full_step	33.34300782905554	0.1	4	15	8	3.75	10777962536.725876	7144597.194064839	0.0564903044226952	-0.07944625923222054	391
half_step_1	33.34300782905554	0.05	4	13	7	3.25	10777962536.725876	12618289.46681491	0.0564903044226952	-0.07944625923222054	391
half_step_2	33.393007829055534	0.05	2	0	0	0	10777962536.725876	11434858.118537048	0.05648820791220999	-0.07727324915189474	376
full_step	33.44300782905554	0.1	4	16	8	4	10777962536.725876	6522176.678647536	0.05648705822667921	-0.07959979949940256	372
half_step_1	33.44300782905554	0.05	3	7	7	2.3333333333333335	10777962536.725876	11643235.588695629	0.05648705822667921	-0.07959979949940256	372
half_step_2	33.493007829055536	0.05	2	0	0	0	10777962536.725876	10966998.906347128	0.056485943487402324	-0.08064540387513654	368
full_step	33.54300782905554	0.1	4	16	8	4	10777962536.725876	6716411.984727242	0.056483895453879995	-0.07869242220589155	377
half_step_1	33.54300782905554	0.05	3	7	7	2.3333333333333335	10777962536.725876	11968451.346651517	0.056483895453879995	-0.07869242220589155	377
half_step_2	33.59300782905554	0.05	2	0	0	0	10777962536.725876	10992657.777615024	0.05648301457469529	-0.08243560833099318	356
full_step	33.64300782905554	0.1	3	9	8	3	10777962536.725876	6627418.877990004	0.056481005646077165	-0.07964394117101391	376
full_step	33.64300782905554	0.05	3	13	7	4.333333333333333	10777962536.725876	11837777.228947103	0.056481005646077165	-0.07964394117101391	376
half_step_1	33.64300782905554	0.025	4	11	6	2.75	10777962536.725876	29980009.136796445	0.056481005646077165	-0.07964394117101391	376
half_step_2	33.66800782905554	0.025	5	0	0	0	10777962536.725876	29360986.41308129	0.332995728728406	-0.08047009420814816	400
full_step	33.69300782905554	0.1	8	33	8	4.125	10777962536.725876	8734936.912265358	0.764965327570394	-0.07507804595824408	412
half_step_1	33.69300782905554	0.05	6	19	8	3.1666666666666665	10777962536.725876	11724036.268986393	0.764965327570394	-0.07507804595824408	412
half_step_2	33.743007829055536	0.05	3	0	0	0	10777962536.725876	11972937.797823349	1.006494029163349	-0.06654202358009155	420
full_step	33.79300782905554	0.1	7	28	8	4	10777962536.725876	6726837.431536217	1.0973538756697678	-0.06403658009139762	417
half_step_1	33.79300782905554	0.05	5	20	8	4	10777962536.725876	12012350.582827456	1.0973538756697678	-0.06403658009139762	417
half_step_2	33.84300782905554	0.05	3	0	0	0	10777962536.725876	11166373.088609232	1.1863060809327521	-0.06452016681314018	410
full_step	33.89300782905554	0.1	9	36	9	4	10777962536.725876	7130910.816773841	1.249313350241465	-0.064171749743009	434
half_step_1	33.89300782905554	0.05	5	13	7	2.6	10777962536.725876	12560176.068925956	1.249313350241465	-0.064171749743009	434
half_step_2	33.94300782905554	0.05	3	0	0	0	10777962536.725876	11574737.626909109	1.2895710056789653	-0.06107888018999611	406
full_step	33.99300782905554	0.1	6	21	8	3.5	10777962536.725876	6828235.970244984	1.303682911674855	-0.057294732731334945	427
half_step_1	33.99300782905554	0.05	4	5	5	1.25	10777962536.725876	12295805.180735432	1.303682911674855	-0.057294732731334945	427
half_step_2	34.04300782905554	0.05	3	0	0	0	10777962536.725876	11737560.803098517	1.278426809287538	-0.058791196273730216	412
full_step	34.093007829055544	0.1	5	8	5	1.6	10777962536.725876	6323007.136604309	1.2648136213706493	-0.05842519373023905	417
half_step_1	34.093007829055544	0.05	4	7	4	1.75	10777962536.725876	11192530.993415404	1.2648136213706493	-0.05842519373023905	417
half_step_2	34.14300782905554	0.05	3	0	0	0	10777962536.725876	12512526.06658071	1.2366758338879436	-0.058396889072916354	428
full_step	34.193007829055546	0.1	6	15	7	2.5	10777962536.725876	6583600.81135264	1.225297465548806	-0.061129199376010725	405
half_step_1	34.193007829055546	0.05	4	5	5	1.25	10777962536.725876	11562886.532347055	1.225297465548806	-0.061129199376010725	405
half_step_2	34.24300782905554	0.05	3	0	0	0	10777962536.725876	10741833.39577249	1.2096889359820011	-0.06499989776991306	411
full_step	34.29300782905555	0.1	5	17	8	3.4	10777962536.725876	6225104.5837363	1.2103403835128574	-0.05916701617134322	410
half_step_1	34.29300782905555	0.05	4	5	5	1.25	10777962536.725876	11065440.260289997	1.2103403835128574	-0.05916701617134322	410
half_step_2	34.343007829055544	0.05	3	0	0	0	10777962536.725876	11390557.449589223	1.1925992790204702	-0.06490385310646359	431
full_step	34.39300782905555	0.1	4	9	6	2.25	10777962536.725876	6595071.908998701	1.1941440053756764	-0.0608922927698878	423
half_step_1	34.39300782905555	0.05	3	0	0	0	10777962536.725876	11472802.316838885	1.1941440053756764	-0.0608922927698878	423
half_step_2	34.443007829055546	0.05	3	0	0	0	10777962536.725876	11327429.547383688	1.179973511830866	-0.05836560830537511	405
full_step	34.49300782905555	0.1	3	3	3	1	10777962536.725876	6417264.768722146	1.1655355864219246	-0.0629092415344085	419
half_step_1	34.49300782905555	0.05	3	0	0	0	10777962536.725876	11555317.065599918	1.1655355864219246	-0.0629092415344085	419
half_step_2	34.54300782905555	0.05	3	0	0	0	10777962536.725876	12834301.449476397	1.1477368479887105	-0.06102910148461972	429
full_step	34.59300782905555	0.1	3	3	3	1	10777962536.725876	6323442.611324133	1.1474603684438023	-0.06444257769241615	416
half_step_1	34.59300782905555	0.05	3	0	0	0	10777962536.725876	11324670.358756397	1.1474603684438023	-0.06444257769241615	416
half_step_2	34.64300782905555	0.05	3	0	0	0	10777962536.725876	10473312.464813117	1.131524029870235	-0.06862316334406313	418
full_step	34.69300782905555	0.1	3	3	3	1	10777962536.725876	6177692.464262766	1.1343729734904286	-0.06739982790898151	412
half_step_1	34.69300782905555	0.05	3	0	0	0	10777962536.725876	10794262.21842716	1.1343729734904286	-0.06739982790898151	412
half_step_2	34.74300782905555	0.05	3	0	0	0	10777962536.725876	11929601.14438233	1.1289428301682847	-0.06413345028127411	423
full_step	34.793007829055554	0.1	3	3	3	1	10777962536.725876	6981781.62621899	1.1250094283549572	-0.059605656140406686	426
half_step_1	34.793007829055554	0.05	3	0	0	0	10777962536.725876	11939015.400402	1.1250094283549572	-0.059605656140406686	426
half_step_2	34.84300782905555	0.05	3	0	0	0	10777962536.725876	11790897.695666322	1.104294924202037	-0.06191870757506512	428
full_step	34.893007829055556	0.1	4	10	7	2.5	10777962536.725876	6143692.031246143	1.094771982036093	-0.06127584769985336	410
half_step_1	34.893007829055556	0.05	4	7	7	1.75	10777962536.725876	10946597.826317027	1.094771982036093	-0.06127584769985336	410
half_step_2	34.94300782905555	0.05	3	0	0	0	10777962536.725876	11851302.616346585	1.086553120850681	-0.0619650399033556	426
full_step	34.99300782905556	0.1	3	3	3	1	10777962536.725876	6429039.259175506	1.0851616901681496	-0.06158658673466439	413
half_step_1	34.99300782905556	0.05	3	0	0	0	10777962536.725876	11386322.67830651	1.0851616901681496	-0.06158658673466439	413
half_step_2	35.043007829055554	0.05	3	0	0	0	10777962536.725876	10337127.877068836	1.057188656386728	-0.0663213265427684	396
full_step	35.09300782905556	0.1	4	6	4	1.5	10777962536.725876	6603159.988367546	1.0470958371315646	-0.0666659011974491	427
half_step_1	35.09300782905556	0.05	4	3	3	0.75	10777962536.725876	11600219.444020364	1.0470958371315646	-0.0666659011974491	427
half_step_2	35.143007829055556	0.05	3	0	0	0	10777962536.725876	11889881.59303068	1.0300377086015828	-0.0647009301862843	419
full_step	35.19300782905556	0.1	4	5	5	1.25	10777962536.725876	6388728.871421057	1.0214052513467493	-0.06481385643741946	412
half_step_1	35.19300782905556	0.05	3	0	0	0	10777962536.725876	11120660.129262174	1.0214052513467493	-0.06481385643741946	412
half_step_2	35.24300782905556	0.05	3	2	2	0.6666666666666666	10777962536.725876	11185755.968256796	0.9951022152708617	-0.06523943619502506	401
full_step	35.29300782905556	0.1	3	0	0	0	10777962536.725876	6560017.171869184	0.9698848622204821	-0.06789400800406903	420
half_step_1	35.29300782905556	0.05	3	4	2	1.3333333333333333	10777962536.725876	11608566.351889282	0.9698848622204821	-0.06789400800406903	420
half_step_2	35.34300782905556	0.05	3	3	3	1	10777962536.725876	11057693.369375661	0.9381551044163814	-0.06876539669901537	406
full_step	35.39300782905556	0.1	3	0	0	0	10777962536.725876	6786271.861027997	0.9233114201288402	-0.06697693043294953	408
half_step_1	35.39300782905556	0.05	4	3	3	0.75	10777962536.725876	11858737.064465942	0.9233114201288402	-0.06697693043294953	408
half_step_2	35.44300782905556	0.05	3	3	3	1	10777962536.725876	11540222.799735842	0.895502081641979	-0.06914868004158532	406
full_step	35.493007829055564	0.1	8	8	4	1	10777962536.725876	15713168.044374106	0.8596857556305508	-0.06988897606732157	464
full_step	35.493007829055564	0.05	10	3	3	0.3	10777962536.725876	15711430.9906565	0.8596857556305508	-0.06988897606732157	464
half_step_1	35.493007829055564	0.025	10	22	9	2.2	10777962536.725876	15779071.777519876	0.8596857556305508	-0.06988897606732157	464
half_step_2	35.51800782905556	0.025	4	14	7	3.5	10777962536.725876	16464581.49397552	0.8012326929792835	-0.07628806909597362	441
full_step	35.54300782905556	0.1	8	5	5	0.625	10777962536.725876	34647207.62161672	0.7522599986786815	-0.07718171035835311	445
full_step	35.54300782905556	0.05	5	7	4	1.4	10777962536.725876	30055489.883033536	0.7522599986786815	-0.07718171035835311	445
full_step	35.54300782905556	0.025	7	9	6	1.2857142857142858	10777962536.725876	150803204.26935047	0.7522599986786815	-0.07718171035835311	445
full_step	35.54300782905556	0.0125	6	11	8	1.8333333333333333	10777962536.725876	265055663.65462035	0.7522599986786815	-0.07718171035835311	445
full_step	35.54300782905556	0.00625	6	3	3	0.5	10777962536.725876	212806238.76950142	0.7522599986786815	-0.07718171035835311	445
half_step_1	35.54300782905556	0.003125	6	2	2	0.3333333333333333	10777962536.725876	83067695.16756248	0.7522599986786815	-0.07718171035835311	445
half_step_2	35.54613282905556	0.003125	9	3	3	0.3333333333333333	10777962536.725876	5521294.454801935	0.7528027210077255	-0.07898169592885708	462
full_step	35.54925782905556	0.03125	5	6	3	1.2	10777962536.725876	23802183.27389545	0.7803592541596913	-0.07871278130292962	476
half_step_1	35.54925782905556	0.015625	5	5	5	1	10777962536.725876	9128354.677865384	0.7803592541596913	-0.07871278130292962	476
half_step_2	35.56488282905556	0.015625	3	1	1	0.3333333333333333	10777962536.725876	2176554.8531648554	0.8264283808431117	-0.07433426801141048	484
full_step	35.58050782905556	0.1	9	10	7	1.1111111111111112	10777962536.725876	20925717.15506401	0.8535478155763201	-0.07373107023191154	471
full_step	35.58050782905556	0.05	5	3	3	0.6	10777962536.725876	9607834.53653753	0.8535478155763201	-0.07373107023191154	471
half_step_1	35.58050782905556	0.025	3	3	3	1	10777962536.725876	4180908.735811088	0.8535478155763201	-0.07373107023191154	471
half_step_2	35.60550782905556	0.025	5	11	5	2.2	10777962536.725876	1854186.279841664	0.8707102368936148	-0.07366329965598131	476
full_step	35.63050782905556	0.1	9	6	3	0.6666666666666666	10777962536.725876	22497020.36547176	0.8796316264338486	-0.07300676696269592	476
full_step	35.63050782905556	0.05	5	2	2	0.4	10777962536.725876	3505741.3207434644	0.8796316264338486	-0.07300676696269592	476
half_step_1	35.63050782905556	0.025	5	11	4	2.2	10777962536.725876	1506195.2719957014	0.8796316264338486	-0.07300676696269592	476
half_step_2	35.65550782905556	0.025	5	14	7	2.8	10777962536.725876	1837373.2725384962	0.8831187793327047	-0.07237943780778328	489
full_step	35.68050782905556	0.1	10	6	3	0.6	10777962536.725876	24536556.21712967	0.8848977932103139	-0.07430791524528639	478
full_step	35.68050782905556	0.05	5	2	2	0.4	10777962536.725876	3811619.776358481	0.8848977932103139	-0.07430791524528639	478
half_step_1	35.68050782905556	0.025	5	10	4	2	10777962536.725876	1623547.670168561	0.8848977932103139	-0.07430791524528639	478
half_step_2	35.705507829055556	0.025	5	18	7	3.6	10777962536.725876	1479759.9851393118	0.8843233905229511	-0.07583727925120816	458
full_step	35.730507829055554	0.1	10	19	9	1.9	10777962536.725876	24515870.78083636	0.8840556177644885	-0.07218293459034329	489
full_step	35.730507829055554	0.05	5	10	8	2	10777962536.725876	4025803.3847996322	0.8840556177644885	-0.07218293459034329	489
half_step_1	35.730507829055554	0.025	5	17	7	3.4	10777962536.725876	1682948.0515142113	0.8840556177644885	-0.07218293459034329	489
half_step_2	35.75550782905555	0.025	6	13	6	2.1666666666666665	10777962536.725876	1521561.593698883	0.8911652110656121	-0.07373514770080551	470
full_step	35.78050782905555	0.1	9	17	7	1.8888888888888888	10777962536.725876	20995510.300896473	0.8951822266818965	-0.07549581534726059	458
full_step	35.78050782905555	0.05	5	15	7	3	10777962536.725876	3641267.6675109263	0.8951822266818965	-0.07549581534726059	458
half_step_1	35.78050782905555	0.025	5	17	7	3.4	10777962536.725876	1597112.05348995	0.8951822266818965	-0.07549581534726059	458
half_step_2	35.80550782905555	0.025	5	12	6	2.4	10777962536.725876	1601458.2528342926	0.8816223148232609	-0.07027552253195656	480
full_step	35.83050782905555	0.1	8	3	3	0.375	10777962536.725876	23547848.988704793	0.8743839029215792	-0.07484480694927022	468
full_step	35.83050782905555	0.05	4	6	6	1.5	10777962536.725876	3571395.9174783095	0.8743839029215792	-0.07484480694927022	468
half_step_1	35.83050782905555	0.025	6	17	6	2.8333333333333335	10777962536.725876	12305628.913930992	0.8743839029215792	-0.07484480694927022	468
half_step_2	35.85550782905555	0.025	5	13	8	2.6	10777962536.725876	14909833.481109219	0.7509042942372162	-0.07215877872784701	458
full_step	35.880507829055546	0.1	11	26	8	2.3636363636363638	10777962536.725876	23658803.447341792	0.6952937843246616	-0.0733263387067035	435
full_step	35.880507829055546	0.05	4	4	4	1	10777962536.725876	18686668.781884026	0.6952937843246616	-0.0733263387067035	435
half_step_1	35.880507829055546	0.025	5	10	4	2	10777962536.725876	13572693.862656174	0.6952937843246616	-0.0733263387067035	435
half_step_2	35.905507829055544	0.025	6	14	6	2.3333333333333335	10777962536.725876	13200421.421673553	0.31382549939417004	-0.07218964237358894	379
full_step	35.93050782905554	0.1	9	13	7	1.4444444444444444	10777962536.725876	23110301.73763703	0.20747688740902603	-0.07210110526009521	385
full_step	35.93050782905554	0.05	5	7	3	1.4	10777962536.725876	18140097.954881117	0.20747688740902603	-0.07210110526009521	385
half_step_1	35.93050782905554	0.025	5	10	5	2	10777962536.725876	12309769.439907711	0.20747688740902603	-0.07210110526009521	385
half_step_2	35.95550782905554	0.025	5	9	4	1.8	10777962536.725876	11642131.936086765	0.2098107181432809	-0.07044435924021472	360
full_step	35.98050782905554	0.1	10	23	8	2.3	10777962536.725876	19680166.349201556	0.2110702406372411	-0.07353649028973282	348
full_step	35.98050782905554	0.05	6	14	6	2.3333333333333335	10777962536.725876	15554211.17675575	0.2110702406372411	-0.07353649028973282	348
half_step_1	35.98050782905554	0.025	5	10	5	2	10777962536.725876	11003328.42604994	0.2110702406372411	-0.07353649028973282	348
half_step_2	36.00550782905554	0.025	4	9	4	2.25	10777962536.725876	12433259.856084025	0.21412675846622875	-0.06975210617443203	359
full_step	36.03050782905554	0.1	9	15	7	1.6666666666666667	10777962536.725876	22023031.48080908	0.21538898508597626	-0.07245753472223447	360
half_step_1	36.03050782905554	0.05	7	26	7	3.7142857142857144	10777962536.725876	17511268.683838647	0.21538898508597626	-0.07245753472223447	360
half_step_2	36.080507829055534	0.05	7	21	7	3	10777962536.725876	13655080.136282174	0.286145987574848	-0.06827405324944066	357
full_step	36.03050782905554	0.08430927389894063	6	12	9	2	10777962536.725876	21032338.5143607	0.21538898508597626	-0.07245753472223447	360
half_step_1	36.03050782905554	0.04215463694947032	5	15	7	3	10777962536.725876	15719952.536453635	0.21538898508597626	-0.07245753472223447	360
half_step_2	36.072662466005006	0.04215463694947032	5	13	5	2.6	10777962536.725876	14129480.422590023	0.2586015005713236	-0.0688309526837576	367
full_step	36.114817102954476	0.08430927389894063	9	25	8	2.7777777777777777	10777962536.725876	23359264.798188243	0.2690145559897914	-0.06818840226131422	373
half_step_1	36.114817102954476	0.04215463694947032	9	33	7	3.6666666666666665	10777962536.725876	14120123.451661287	0.2690145559897914	-0.06818840226131422	373
half_step_2	36.156971739903945	0.04215463694947032	5	10	7	2	10777962536.725876	12681706.144142991	0.2910781811634706	-0.07080375730315264	358
full_step	36.199126376853414	0.08430927389894063	8	19	6	2.375	10777962536.725876	21631575.885047086	0.297198945377545	-0.06935604374846112	360
half_step_1	36.199126376853414	0.04215463694947032	8	25	6	3.125	10777962536.725876	13356768.455947507	0.297198945377545	-0.06935604374846112	360
half_step_2	36.24128101380288	0.04215463694947032	6	15	7	2.5	10777962536.725876	13975176.236844268	0.314782344833322	-0.07236579996859024	363
full_step	36.28343565075235	0.08430927389894063	9	22	7	2.4444444444444446	10777962536.725876	21860527.45571134	0.31967418402042114	-0.0729549864885392	358
half_step_1	36.28343565075235	0.04215463694947032	9	29	6	3.2222222222222223	10777962536.725876	13562138.672570707	0.31967418402042114	-0.0729549864885392	358
half_step_2	36.32559028770182	0.04215463694947032	6	13	4	2.1666666666666665	10777962536.725876	14570903.063528009	0.3229455830930199	-0.0655928199852636	346
full_step	36.36774492465129	0.08430927389894063	9	24	8	2.6666666666666665	10777962536.725876	23778674.925456643	0.32417241768719407	-0.06305245484483765	354
half_step_1	36.36774492465129	0.04215463694947032	9	31	6	3.4444444444444446	10777962536.725876	15165343.866406454	0.32417241768719407	-0.06305245484483765	354
half_step_2	36.40989956160076	0.04215463694947032	5	10	4	2	10777962536.725876	12335840.744027127	0.31311207114076467	-0.06552431078216824	340
full_step	36.45205419855023	0.08430927389894063	7	17	7	2.4285714285714284	10777962536.725876	21499891.576750364	0.3113867627167579	-0.06501758922208035	343
half_step_1	36.45205419855023	0.04215463694947032	7	20	7	2.857142857142857	10777962536.725876	12607548.544859778	0.3113867627167579	-0.06501758922208035	343
half_step_2	36.4942088354997	0.04215463694947032	5	10	4	2	10777962536.725876	12083820.820243597	0.30631978725700293	-0.06388340742375925	346
full_step	36.53636347244917	0.08430927389894063	7	15	7	2.142857142857143	10777962536.725876	24322867.235351928	0.30613184441816443	-0.06224422619668593	355
half_step_1	36.53636347244917	0.04215463694947032	8	25	6	3.125	10777962536.725876	13244041.425226202	0.30613184441816443	-0.06224422619668593	355
half_step_2	36.57851810939864	0.04215463694947032	5	10	4	2	10777962536.725876	11138815.753619833	0.304888771176099	-0.06616385234072837	346
full_step	36.620672746348106	0.08430927389894063	8	21	8	2.625	10777962536.725876	20960645.246818855	0.30572135074957885	-0.06444889226705569	341
half_step_1	36.620672746348106	0.04215463694947032	8	23	6	2.875	10777962536.725876	11075179.585201958	0.30572135074957885	-0.06444889226705569	341
half_step_2	36.662827383297575	0.04215463694947032	5	8	5	1.6	10777962536.725876	10017043.277477544	0.2967778591688237	-0.06607482821207294	336
full_step	36.704982020247044	0.08430927389894063	8	19	6	2.375	10777962536.725876	21356941.91878343	0.2962577363352743	-0.06649325632871762	344
half_step_1	36.704982020247044	0.04215463694947032	9	31	7	3.4444444444444446	10777962536.725876	10457807.647231195	0.2962577363352743	-0.06649325632871762	344
half_step_2	36.74713665719651	0.04215463694947032	5	11	6	2.2	10777962536.725876	8541447.446748205	0.2829523693528486	-0.06634216433438148	333
full_step	36.78929129414598	0.08430927389894063	9	27	7	3	10777962536.725876	21058449.15213236	0.28113365036872295	-0.06724871246983706	352
half_step_1	36.78929129414598	0.04215463694947032	8	24	5	3	10777962536.725876	8907639.02878829	0.28113365036872295	-0.06724871246983706	352
half_step_2	36.83144593109545	0.04215463694947032	6	13	5	2.1666666666666665	10777962536.725876	8014221.679596694	0.2687301423424522	-0.06375950667054478	358
full_step	36.87360056804492	0.1	7	13	6	1.8571428571428572	10777962536.725876	22566033.75108139	0.27160757791205015	-0.0651196394226255	350
half_step_1	36.87360056804492	0.05	7	26	7	3.7142857142857144	10777962536.725876	9418053.332286745	0.27160757791205015	-0.0651196394226255	350
half_step_2	36.92360056804492	0.05	5	13	5	2.6	10777962536.725876	7167577.606830438	0.31218292086526134	-0.06456068514514393	355
full_step	36.97360056804492	0.1	9	29	9	3.2222222222222223	10777962536.725876	18051221.64854972	0.32124223502651006	-0.06390367980160021	350
half_step_1	36.97360056804492	0.05	7	22	7	3.142857142857143	10777962536.725876	6605577.804483995	0.32124223502651006	-0.06390367980160021	350
half_step_2	37.02360056804492	0.05	5	11	4	2.2	10777962536.725876	6855635.464470782	0.3400413624446088	-0.06536828596078746	362
full_step	37.073600568044924	0.1	8	22	8	2.75	10777962536.725876	17965632.003804676	0.3438549839688001	-0.06357303269714984	356
half_step_1	37.073600568044924	0.05	7	24	6	3.4285714285714284	10777962536.725876	6796231.0033370685	0.3438549839688001	-0.06357303269714984	356
half_step_2	37.12360056804492	0.05	6	10	4	1.6666666666666667	10777962536.725876	6178522.741450584	0.35315716443780687	-0.06601776554583323	345
full_step	37.173600568044925	0.1	7	17	8	2.4285714285714284	10777962536.725876	18789164.531521253	0.35396400568222575	-0.06242388488358932	361
half_step_1	37.173600568044925	0.05	6	18	7	3	10777962536.725876	6663334.569056536	0.35396400568222575	-0.06242388488358932	361
half_step_2	37.22360056804492	0.05	5	11	4	2.2	10777962536.725876	6242412.624682352	0.35629780419637314	-0.06220161488871568	355
full_step	37.27360056804493	0.1	7	17	8	2.4285714285714284	10777962536.725876	20064603.061944015	0.3548440318832249	-0.06149737627570267	365
half_step_1	37.27360056804493	0.05	6	17	7	2.8333333333333335	10777962536.725876	6909116.598563313	0.3548440318832249	-0.06149737627570267	365
half_step_2	37.323600568044924	0.05	5	11	4	2.2	10777962536.725876	6090309.584002252	0.3431301197634262	-0.06370354258304128	343
full_step	37.37360056804493	0.1	6	11	8	1.8333333333333333	10777962536.725876	17447086.291617718	0.33793400342451463	-0.06538541667333579	343
half_step_1	37.37360056804493	0.05	6	19	7	3.1666666666666665	10777962536.725876	6149806.657621942	0.33793400342451463	-0.06538541667333579	343
half_step_2	37.423600568044925	0.05	5	11	4	2.2	10777962536.725876	7415324.954603149	0.3277811842228786	-0.05868805541437806	365
full_step	37.47360056804493	0.1	8	23	8	2.875	10777962536.725876	18355626.235056724	0.3227583150390565	-0.06365734363476143	346
half_step_1	37.47360056804493	0.05	6	18	7	3	10777962536.725876	6288226.564569693	0.3227583150390565	-0.06365734363476143	346
half_step_2	37.52360056804493	0.05	5	11	4	2.2	10777962536.725876	6287914.119761766	0.32261432728907735	-0.06051647189466251	361
full_step	37.57360056804493	0.1	7	18	8	2.5714285714285716	10777962536.725876	18041329.522158995	0.3207420043585749	-0.06437680288199027	346
half_step_1	37.57360056804493	0.05	7	25	7	3.5714285714285716	10777962536.725876	6213420.567495486	0.3207420043585749	-0.06437680288199027	346
half_step_2	37.62360056804493	0.05	5	11	4	2.2	10777962536.725876	6179321.54928235	0.3254630136670684	-0.06541207592814463	338
full_step	37.67360056804493	0.1	9	29	8	3.2222222222222223	10777962536.725876	20284802.142782863	0.32514273900758184	-0.06425073795049681	357
half_step_1	37.67360056804493	0.05	9	28	6	3.111111111111111	10777962536.725876	7177664.75244661	0.32514273900758184	-0.06425073795049681	357
half_step_2	37.72360056804493	0.05	4	11	4	2.75	10777962536.725876	6207739.5307028545	0.32265018097185205	-0.06308412383468111	361
full_step	37.773600568044934	0.1	8	23	8	2.875	10777962536.725876	19970765.27570248	0.31976829129454387	-0.0632450764753971	348
half_step_1	37.773600568044934	0.05	9	28	7	3.111111111111111	10777962536.725876	7096958.831149985	0.31976829129454387	-0.0632450764753971	348
half_step_2	37.82360056804493	0.05	5	11	4	2.2	10777962536.725876	7332624.733510067	0.3012837616048998	-0.06404686558053578	349
full_step	37.873600568044935	0.1	8	25	8	3.125	10777962536.725876	20154997.560494553	0.2935000539024557	-0.06343710237537711	350
half_step_1	37.873600568044935	0.05	8	25	7	3.125	10777962536.725876	7884929.093064796	0.2935000539024557	-0.06343710237537711	350
half_step_2	37.92360056804493	0.05	5	10	5	2	10777962536.725876	9023227.05852195	0.2978193352787528	-0.06434140107049045	355
full_step	37.97360056804494	0.1	9	31	8	3.4444444444444446	10777962536.725876	22290247.558305476	0.30703654022185134	-0.06545760072802326	348
half_step_1	37.97360056804494	0.05	8	26	7	3.25	10777962536.725876	9579886.601643683	0.30703654022185134	-0.06545760072802326	348
half_step_2	38.023600568044934	0.05	4	13	5	3.25	10777962536.725876	8796208.459696209	0.31691170770102417	-0.064955164221132	349
full_step	38.07360056804494	0.1	9	25	8	2.7777777777777777	10777962536.725876	23324641.22849346	0.3203803573165587	-0.06500886257582487	349
half_step_1	38.07360056804494	0.05	8	26	7	3.25	10777962536.725876	10539163.888534421	0.3203803573165587	-0.06500886257582487	349
half_step_2	38.123600568044935	0.05	5	12	5	2.4	10777962536.725876	9583574.346981248	0.31379045047967224	-0.06497809463456358	355
full_step	38.17360056804494	0.1	7	17	8	2.4285714285714284	10777962536.725876	23757376.98671743	0.31183141060532193	-0.06433595496452817	356
half_step_1	38.17360056804494	0.05	6	17	7	2.8333333333333335	10777962536.725876	9956632.701162066	0.31183141060532193	-0.06433595496452817	356
half_step_2	38.22360056804494	0.05	5	10	4	2	10777962536.725876	9538862.076259376	0.3005456244389819	-0.06253582068954054	349
full_step	38.27360056804494	0.1	7	17	8	2.4285714285714284	10777962536.725876	23034004.437195607	0.2966382467383255	-0.06080172025354785	351
half_step_1	38.27360056804494	0.05	6	14	5	2.3333333333333335	10777962536.725876	9480716.627210297	0.2966382467383255	-0.06080172025354785	351
half_step_2	38.32360056804494	0.05	5	10	4	2	10777962536.725876	7941436.916393781	0.2872830843922891	-0.0638679638731717	336
full_step	38.37360056804494	0.1	9	28	7	3.111111111111111	10777962536.725876	21535123.925402783	0.28351666701870215	-0.06512528432026299	347
half_step_1	38.37360056804494	0.05	7	22	6	3.142857142857143	10777962536.725876	8290836.134685948	0.28351666701870215	-0.06512528432026299	347
half_step_2	38.42360056804494	0.05	5	10	4	2	10777962536.725876	9164602.943393098	0.27953025767526896	-0.06127865274988786	348
full_step	38.473600568044944	0.1	7	23	8	3.2857142857142856	10777962536.725876	21308919.952625316	0.27879910976685807	-0.06190925328475701	350
half_step_1	38.473600568044944	0.05	7	22	6	3.142857142857143	10777962536.725876	8452527.35574324	0.27879910976685807	-0.06190925328475701	350
half_step_2	38.52360056804494	0.05	5	9	4	1.8	10777962536.725876	8873527.953511989	0.2787330277604525	-0.0629002721381577	337
full_step	38.573600568044945	0.1	8	20	7	2.5	10777962536.725876	20867598.74998098	0.27702932425024684	-0.06359117257703954	345
half_step_1	38.573600568044945	0.05	6	14	6	2.3333333333333335	10777962536.725876	8536579.52135388	0.27702932425024684	-0.06359117257703954	345
half_step_2	38.62360056804494	0.05	5	10	4	2	10777962536.725876	8727148.403060513	0.2756889983213675	-0.060487237241464924	345
full_step	38.67360056804495	0.1	8	21	8	2.625	10777962536.725876	25341393.782171816	0.2750167698500725	-0.05809244376669577	372
half_step_1	38.67360056804495	0.05	7	21	6	3	10777962536.725876	9524564.325489204	0.2750167698500725	-0.05809244376669577	372
half_step_2	38.723600568044944	0.05	5	10	4	2	10777962536.725876	9284283.098235434	0.2799504838721347	-0.06042971403835177	351
full_step	38.77360056804495	0.1	8	26	10	3.25	10777962536.725876	21973147.421994675	0.28074017695224995	-0.061532152468247565	344
half_step_1	38.77360056804495	0.05	7	25	7	3.5714285714285716	10777962536.725876	8615033.472068897	0.28074017695224995	-0.061532152468247565	344
half_step_2	38.823600568044945	0.05	5	10	4	2	10777962536.725876	8678769.769956365	0.27837119360279416	-0.06083568017931944	347
full_step	38.87360056804495	0.1	6	10	8	1.6666666666666667	10777962536.725876	20398292.5451687	0.27775300580135465	-0.06408406978911797	329
half_step_1	38.87360056804495	0.05	5	11	7	2.2	10777962536.725876	8223642.421347622	0.27775300580135465	-0.06408406978911797	329
half_step_2	38.92360056804495	0.05	4	10	4	2.5	10777962536.725876	8369522.381448194	0.28230182092497813	-0.05954848844427616	350
full_step	38.97360056804495	0.1	7	14	7	2	10777962536.725876	20350356.882285114	0.28411896078668164	-0.06078609741380615	336
half_step_1	38.97360056804495	0.05	6	17	7	2.8333333333333335	10777962536.725876	8170422.802005582	0.28411896078668164	-0.06078609741380615	336
half_step_2	39.02360056804495	0.05	4	10	4	2.5	10777962536.725876	8081260.522191802	0.2754618599499885	-0.0617792810776946	347
full_step	39.07360056804495	0.1	8	17	6	2.125	10777962536.725876	23037976.65032093	0.27529329698133154	-0.062139987955325875	346
half_step_1	39.07360056804495	0.05	9	31	7	3.4444444444444446	10777962536.725876	10851450.533423252	0.27529329698133154	-0.062139987955325875	346
half_step_2	39.12360056804495	0.05	4	9	3	2.25	10777962536.725876	9782934.512740826	0.27819407257875284	-0.06739909384351837	337
full_step	39.173600568044954	0.1	9	31	9	3.4444444444444446	10777962536.725876	25075178.889484834	0.2801381817224353	-0.05978635055841023	356
half_step_1	39.173600568044954	0.05	8	28	7	3.5	10777962536.725876	12421033.478584731	0.2801381817224353	-0.05978635055841023	356
half_step_2	39.22360056804495	0.05	4	7	4	1.75	10777962536.725876	12964780.470577404	0.28157843237346114	-0.06038268535009514	346
full_step	39.173600568044954	0.08974124351872062	8	30	9	3.75	10777962536.725876	24186110.589387137	0.2801381817224353	-0.05978635055841023	356
half_step_1	39.173600568044954	0.04487062175936031	9	30	7	3.3333333333333335	10777962536.725876	11145037.696066314	0.2801381817224353	-0.05978635055841023	356
half_step_2	39.21847118980431	0.04487062175936031	4	5	5	1.25	10777962536.725876	12828565.235391341	0.26543003297727097	-0.06107000031111224	355
full_step	39.26334181156368	0.08974124351872062	7	23	9	3.2857142857142856	10777962536.725876	21994844.36805933	0.2633032811917566	-0.06326369062555	347
half_step_1	39.26334181156368	0.04487062175936031	6	15	6	2.5	10777962536.725876	12327256.460790105	0.2633032811917566	-0.06326369062555	347
half_step_2	39.308212433323035	0.04487062175936031	4	8	3	2	10777962536.725876	14350644.55470839	0.26423422206467606	-0.06156354816192723	350
full_step	39.3530830550824	0.08974124351872062	6	15	8	2.5	10777962536.725876	23878130.128633697	0.26636756342726997	-0.0633432333456572	343
half_step_1	39.3530830550824	0.04487062175936031	5	15	6	3	10777962536.725876	14989333.937501648	0.26636756342726997	-0.0633432333456572	343
half_step_2	39.39795367684176	0.04487062175936031	4	7	3	1.75	10777962536.725876	15014598.751669748	0.26901888314105804	-0.06343555860687217	345
full_step	39.442824298601124	0.08974124351872062	6	17	8	2.8333333333333335	10777962536.725876	22641996.44097081	0.27206456552294256	-0.06412515281775111	352
half_step_1	39.442824298601124	0.04487062175936031	5	11	7	2.2	10777962536.725876	16708077.624272011	0.27206456552294256	-0.06412515281775111	352
half_step_2	39.48769492036048	0.04487062175936031	4	7	3	1.75	10777962536.725876	16073524.499984195	0.275850450760867	-0.06733794732389899	339
full_step	39.53256554211985	0.08974124351872062	5	14	7	2.8	10777962536.725876	20596333.65445293	0.2804096479636513	-0.06192784885624644	356
half_step_1	39.53256554211985	0.04487062175936031	7	24	7	3.4285714285714284	10777962536.725876	17362222.87577537	0.2804096479636513	-0.06192784885624644	356
half_step_2	39.577436163879206	0.04487062175936031	4	6	3	1.5	10777962536.725876	17881902.787145447	0.28639252995897735	-0.06481858292599334	347
full_step	39.62230678563857	0.08974124351872062	3	19	7	6.333333333333333	10777962536.725876	22937328.11159811	0.2921305160815777	-0.06215643511173286	358
half_step_1	39.62230678563857	0.04487062175936031	4	13	7	3.25	10777962536.725876	18537349.347880807	0.2921305160815777	-0.06215643511173286	358
half_step_2	39.66717740739793	0.04487062175936031	3	0	0	0	10777962536.725876	15476550.986528981	0.29618543986969215	-0.06413696789172761	340
full_step	39.712048029157295	0.1	8	25	8	3.125	10777962536.725876	21882927.553938676	0.30020201045188344	-0.060123674970370716	366
half_step_1	39.712048029157295	0.05	6	16	7	2.6666666666666665	10777962536.725876	20010087.289348364	0.30020201045188344	-0.060123674970370716	366
half_step_2	39.76204802915729	0.05	5	6	4	1.2	10777962536.725876	19293969.815434344	0.3267165963743075	-0.05665155568047363	363
full_step	39.812048029157296	0.1	6	15	7	2.5	10777962536.725876	20603447.621229336	0.32958409988501813	-0.06137234541720136	362
half_step_1	39.812048029157296	0.05	5	10	6	2	10777962536.725876	18929286.044110015	0.32958409988501813	-0.06137234541720136	362
half_step_2	39.86204802915729	0.05	5	7	4	1.4	10777962536.725876	16933310.168528225	0.3004007269093769	-0.0642804066460917	349
full_step	39.9120480291573	0.1	9	27	8	3	10777962536.725876	19776778.843782097	0.31120846254225043	-0.06296196568552326	356
half_step_1	39.9120480291573	0.05	7	18	6	2.5714285714285716	10777962536.725876	15544558.76260345	0.31120846254225043	-0.06296196568552326	356
half_step_2	39.962048029157295	0.05	4	8	4	2	10777962536.725876	13996667.714005357	0.3206387885899886	-0.06644384982601796	354
full_step	40.0120480291573	0.1	8	23	8	2.875	10777962536.725876	22335224.361572348	0.3346466191660049	-0.060888507532593984	384
half_step_1	40.0120480291573	0.05	6	18	7	3	10777962536.725876	17220281.607760537	0.3346466191660049	-0.060888507532593984	384
half_step_2	40.062048029157296	0.05	4	7	5	1.75	10777962536.725876	11424600.738741264	0.35381550027226893	-0.07042731797941994	371
full_step	40.1120480291573	0.1	8	18	8	2.25	10777962536.725876	23598053.016763587	0.3233501581858853	-0.06481461976142555	373
half_step_1	40.1120480291573	0.05	6	18	7	3	10777962536.725876	11416979.45777545	0.3233501581858853	-0.06481461976142555	373
half_step_2	40.1620480291573	0.05	4	7	4	1.75	10777962536.725876	12014198.601595528	0.350731507809936	-0.06584147539281388	362
full_step	40.2120480291573	0.1	15	48	14	3.2	10777962536.725876	2265926.4365932937	2.0000000447034836	0.10126266062929522	457
half_step_1	40.2120480291573	0.05	4	10	10	2.5	10777962536.725876	1337314.6819823205	2.0000000447034836	0.10126266062929522	457
half_step_2	40.2620480291573	0.05	3	4	4	1.3333333333333333	10777962536.725876	1027128.0067240621	1.8309533596038818	0.024056933084819543	427
full_step	40.3120480291573	0.1	7	20	8	2.857142857142857	10777962536.725876	2313353.7996660895	0.8672256618738174	-0.046172305224494094	409
half_step_1	40.3120480291573	0.05	5	12	8	2.4	10777962536.725876	982962.752490229	0.8672256618738174	-0.046172305224494094	409
half_step_2	40.3620480291573	0.05	4	4	4	1	10777962536.725876	1128895.4533111043	0.44179897010326385	-0.06042294143946737	392
full_step	40.412048029157305	0.1	5	9	6	1.8	10777962536.725876	2507683.7363404455	0.3689543554693593	-0.06578520115309891	377
half_step_1	40.412048029157305	0.05	4	12	5	3	10777962536.725876	995534.5651726627	0.3689543554693593	-0.06578520115309891	377
half_step_2	40.4620480291573	0.05	5	12	5	2.4	10777962536.725876	860354.0262859636	0.3599811353400568	-0.06894598595603606	373
full_step	40.512048029157306	0.1	6	3	3	0.5	10777962536.725876	2741858.7505785944	0.3536370254694994	-0.06565860581866147	375
half_step_1	40.512048029157306	0.05	4	9	5	2.25	10777962536.725876	1043521.4119652587	0.3536370254694994	-0.06565860581866147	375
half_step_2	40.5620480291573	0.05	6	12	5	2	10777962536.725876	1045730.5725260343	0.3402728221284086	-0.06814842265470761	354
full_step	40.61204802915731	0.1	1	5	5	5	10777962536.725876	6778390.936671578	0.32765283827170677	-0.0672949274956319	355
half_step_1	40.61204802915731	0.05	2	0	0	0	10777962536.725876	1243924.1649306817	0.32765283827170677	-0.0672949274956319	355
half_step_2	40.662048029157305	0.05	3	0	0	0	10777962536.725876	1026533.453094759	0.35550134397231403	-0.06360636211600426	380
full_step	40.71204802915731	0.1	1	6	6	6	10777962536.725876	10096575.683512151	0.3809386324276929	-0.06654901051669511	359
half_step_1	40.71204802915731	0.05	2	0	0	0	10777962536.725876	1168688.8110783857	0.3809386324276929	-0.06654901051669511	359
half_step_2	40.762048029157306	0.05	2	0	0	0	10777962536.725876	950453.3800526382	0.39355113021834853	-0.06578999410015812	362
full_step	40.81204802915731	0.1	5	3	3	0.6	10777962536.725876	2320704.4504938098	0.4098227244132069	-0.06507722403713442	383
half_step_1	40.81204802915731	0.05	4	10	6	2.5	10777962536.725876	1044406.112491017	0.4098227244132069	-0.06507722403713442	383
half_step_2	40.86204802915731	0.05	5	11	7	2.2	10777962536.725876	886373.2889646669	0.4276982060081309	-0.06394213749221597	365
full_step	40.91204802915731	0.1	7	8	5	1.1428571428571428	10777962536.725876	2887911.5658600125	0.44385936654884617	-0.06337025037708748	374
half_step_1	40.91204802915731	0.05	5	13	8	2.6	10777962536.725876	1301569.3492745827	0.44385936654884617	-0.06337025037708748	374
half_step_2	40.96204802915731	0.05	5	8	4	1.6	10777962536.725876	991000.6570592636	0.4567024149127725	-0.060456500308561686	377
full_step	41.01204802915731	0.1	5	3	3	0.6	10777962536.725876	2295010.9358770526	0.4549185273996095	-0.06458921763923181	350
half_step_1	41.01204802915731	0.05	4	9	5	2.25	10777962536.725876	1053643.1164737926	0.4549185273996095	-0.06458921763923181	350
half_step_2	41.06204802915731	0.05	5	10	5	2	10777962536.725876	1038424.9556726565	0.44706142825252826	-0.06489683687151841	371
full_step	41.112048029157314	0.1	5	3	3	0.6	10777962536.725876	2665911.831328732	0.43279378947869773	-0.06916034962936025	369
half_step_1	41.112048029157314	0.05	4	9	5	2.25	10777962536.725876	1071419.2440350896	0.43279378947869773	-0.06916034962936025	369
half_step_2	41.16204802915731	0.05	5	8	4	1.6	10777962536.725876	961368.553565839	0.41724266169365976	-0.06878222893176925	374
full_step	41.212048029157316	0.1	4	3	3	0.75	10777962536.725876	2615171.2959786598	0.4018867271854667	-0.06999319112918495	372
half_step_1	41.212048029157316	0.05	3	4	4	1.3333333333333333	10777962536.725876	982648.6063269925	0.4018867271854667	-0.06999319112918495	372
half_step_2	41.26204802915731	0.05	3	10	6	3.3333333333333335	10777962536.725876	4285069.765544305	0.40786424337828464	-0.06673069218575306	386
full_step	41.31204802915732	0.1	6	3	3	0.5	10777962536.725876	2363202.854047746	0.3535978884528106	-0.07208196773937285	365
half_step_1	41.31204802915732	0.05	5	9	5	1.8	10777962536.725876	968954.6449245651	0.3535978884528106	-0.07208196773937285	365
half_step_2	41.362048029157314	0.05	5	9	5	1.8	10777962536.725876	1136068.82957473	0.3191888811185777	-0.06847680721104812	385
full_step	41.41204802915732	0.1	16	30	8	1.875	10777962536.725876	9110021.287944369	0.3264279349885477	-0.06529155851328651	384
half_step_1	41.41204802915732	0.05	8	8	5	1	10777962536.725876	7547652.0677420795	0.3264279349885477	-0.06529155851328651	384
half_step_2	41.462048029157316	0.05	5	18	12	3.6	10777962536.725876	678227998.760033	0.05625999411365967	-0.06831168015091056	301
full_step	41.51204802915732	0.1	2	0	0	0	10777962536.725876	845878399.1232431	0.05625887292789855	-0.06768789274776914	291
full_step	41.51204802915732	0.05	1	0	0	0	10777962536.725876	742365308.3297706	0.05625887292789855	-0.06768789274776914	291
full_step	41.51204802915732	0.025	2	0	0	0	10777962536.725876	614008650.7652651	0.05625887292789855	-0.06768789274776914	291
half_step_1	41.51204802915732	0.0125	2	0	0	0	10777962536.725876	456343964.13349736	0.05625887292789855	-0.06768789274776914	291
half_step_2	41.52454802915732	0.0125	1	3	3	3	10777962536.725876	20459136.181760333	0.05629198292552928	-0.06926161620336015	288
full_step	41.53704802915732	0.1	2	0	0	0	10777962536.725876	849327734.333193	0.0562920407850811	-0.06785932230638583	302
full_step	41.53704802915732	0.05	2	0	0	0	10777962536.725876	739050341.2028159	0.0562920407850811	-0.06785932230638583	302
full_step	41.53704802915732	0.025	2	0	0	0	10777962536.725876	620787404.4942535	0.0562920407850811	-0.06785932230638583	302
full_step	41.53704802915732	0.0125	2	0	0	0	10777962536.725876	470219366.4631223	0.0562920407850811	-0.06785932230638583	302
half_step_1	41.53704802915732	0.00625	2	0	0	0	10777962536.725876	267371312.84728414	0.0562920407850811	-0.06785932230638583	302
half_step_2	41.54329802915732	0.00625	1	3	3	3	10777962536.725876	20029588.301203113	0.056317166800738505	-0.06966213672074388	295
full_step	41.54954802915732	0.0625	2	0	0	0	10777962536.725876	789312204.3834927	0.056286462813673666	-0.0658600019395144	299
full_step	41.54954802915732	0.03125	2	0	0	0	10777962536.725876	679363659.0086969	0.056286462813673666	-0.0658600019395144	299
full_step	41.54954802915732	0.015625	2	0	0	0	10777962536.725876	531625200.36497164	0.056286462813673666	-0.0658600019395144	299
full_step	41.54954802915732	0.0078125	2	0	0	0	10777962536.725876	328061140.98891926	0.056286462813673666	-0.0658600019395144	299
half_step_1	41.54954802915732	0.00390625	2	0	0	0	10777962536.725876	149933477.33446532	0.056286462813673666	-0.0658600019395144	299
half_step_2	41.55345427915732	0.00390625	1	3	3	3	10777962536.725876	19851455.901396573	0.05635769615604147	-0.0673925867428336	299
full_step	41.55736052915732	0.0390625	2	0	0	0	10777962536.725876	713317511.9214143	0.05631086322085821	-0.06875375730756017	304
full_step	41.55736052915732	0.01953125	2	0	0	0	10777962536.725876	559754990.3788226	0.05631086322085821	-0.06875375730756017	304
full_step	41.55736052915732	0.009765625	2	0	0	0	10777962536.725876	385216821.2921727	0.05631086322085821	-0.06875375730756017	304
full_step	41.55736052915732	0.0048828125	2	0	0	0	10777962536.725876	198730767.32964617	0.05631086322085821	-0.06875375730756017	304
half_step_1	41.55736052915732	0.00244140625	2	0	0	0	10777962536.725876	62171817.64109472	0.05631086322085821	-0.06875375730756017	304
half_step_2	41.55980193540732	0.00244140625	1	3	3	3	10777962536.725876	19740200.61835922	0.05640351881764616	-0.07006710772775163	299
full_step	41.56224334165732	0.0244140625	16	24	10	1.5	10777962536.725876	10684399.442758149	0.4062671899669592	-0.06353388352249784	319
half_step_1	41.56224334165732	0.01220703125	16	29	8	1.8125	10777962536.725876	19454272.880161323	0.4062671899669592	-0.06353388352249784	319
half_step_2	41.57445037290732	0.01220703125	1	5	5	5	10777962536.725876	101218713.5273613	0.16342051639675503	-0.07061013890018004	315
full_step	41.58665740415732	0.1	3	2	2	0.6666666666666666	10777962536.725876	782563149.7977796	0.19793058784452455	-0.061178594246801075	320
full_step	41.58665740415732	0.05	3	5	3	1.6666666666666667	10777962536.725876	768188944.5806942	0.19793058784452455	-0.061178594246801075	320
full_step	41.58665740415732	0.025	6	26	7	4.333333333333333	10777962536.725876	540088763.2100723	0.19793058784452455	-0.061178594246801075	320
full_step	41.58665740415732	0.0125	7	44	14	6.285714285714286	10777962536.725876	451144591.2254598	0.19793058784452455	-0.061178594246801075	320
half_step_1	41.58665740415732	0.00625	9	39	12	4.333333333333333	10777962536.725876	220095238.10947263	0.19793058784452455	-0.061178594246801075	320
half_step_2	41.59290740415732	0.00625	1	7	7	7	10777962536.725876	192853594.47732776	0.12335045023642977	-0.07172280586646732	325
full_step	41.599157404157324	0.0625	10	13	7	1.3	10777962536.725876	392279278.69696766	0.22217528810658305	-0.06733918295377028	324
half_step_1	41.599157404157324	0.03125	9	17	6	1.8888888888888888	10777962536.725876	328399067.4623504	0.22217528810658305	-0.06733918295377028	324
half_step_2	41.630407404157324	0.03125	5	18	7	3.6	10777962536.725876	661818607.9875476	0.07620005609845748	-0.0692176565621991	298
full_step	41.599157404157324	0.03125	11	23	6	2.090909090909091	10777962536.725876	329470622.6913928	0.22217528810658305	-0.06733918295377028	324
half_step_1	41.599157404157324	0.015625	12	47	9	3.9166666666666665	10777962536.725876	311139215.6091434	0.22217528810658305	-0.06733918295377028	324
half_step_2	41.614782404157324	0.015625	3	24	12	8	10777962536.725876	240065598.25182173	0.07515696282879958	-0.06935878439142047	315
full_step	41.630407404157324	0.1	9	12	7	1.3333333333333333	10777962536.725876	757451404.7241532	0.06594075080090533	-0.07224000788267042	328
full_step	41.630407404157324	0.05	9	27	8	3	10777962536.725876	663771316.2961974	0.06594075080090533	-0.07224000788267042	328
half_step_1	41.630407404157324	0.025	8	24	7	3	10777962536.725876	585108639.219681	0.06594075080090533	-0.07224000788267042	328
half_step_2	41.65540740415732	0.025	3	9	4	3	10777962536.725876	599040840.8312174	0.07157284287154653	-0.0678315197825247	294
full_step	41.68040740415732	0.08203968911013011	9	3	3	0.3333333333333333	10777962536.725876	11704690.431289418	1.944478000511296	0.24075475444540795	533
full_step	41.68040740415732	0.041019844555065056	13	3	3	0.23076923076923078	10777962536.725876	10932597.941605294	1.944478000511296	0.24075475444540795	533
full_step	41.68040740415732	0.020509922277532528	10	4	4	0.4	10777962536.725876	31381636.74101235	1.944478000511296	0.24075475444540795	533
full_step	41.68040740415732	0.010254961138766264	9	9	6	1	10777962536.725876	67550817.31916258	1.944478000511296	0.24075475444540795	533
full_step	41.68040740415732	0.005127480569383132	12	25	7	2.0833333333333335	10777962536.725876	59662326.37013588	1.944478000511296	0.24075475444540795	533
half_step_1	41.68040740415732	0.002563740284691566	6	3	3	0.5	10777962536.725876	89352209.05461644	1.944478000511296	0.24075475444540795	533
half_step_2	41.682971144442014	0.002563740284691566	9	19	13	2.111111111111111	10777962536.725876	63247454.057506375	1.8763257002479938	0.23418309350280594	519
full_step	41.68553488472671	0.02563740284691566	8	22	10	2.75	10777962536.725876	526210047.0329591	1.7192734745825229	0.19596240809650506	494
full_step	41.68553488472671	0.01281870142345783	7	23	9	3.2857142857142856	10777962536.725876	427972789.4661196	1.7192734745825229	0.19596240809650506	494
full_step	41.68553488472671	0.006409350711728915	5	12	8	2.4	10777962536.725876	252748306.80803865	1.7192734745825229	0.19596240809650506	494
full_step	41.68553488472671	0.0032046753558644574	4	11	9	2.75	10777962536.725876	103527175.74616048	1.7192734745825229	0.19596240809650506	494
full_step	41.68553488472671	0.0016023376779322287	4	17	8	4.25	10777962536.725876	26362728.66385261	1.7192734745825229	0.19596240809650506	494
half_step_1	41.68553488472671	0.0008011688389661144	5	14	5	2.8	10777962536.725876	17948600.447266426	1.7192734745825229	0.19596240809650506	494
half_step_2	41.686336053565675	0.0008011688389661144	2	4	4	2	10777962536.725876	17861185.662060603	1.6672137429520593	0.17707037076207	514
full_step	41.68713722240464	0.008011688389661143	1	3	3	3	10777962536.725876	72637236.98842828	1.6157685548918281	0.16871422538076467	486
full_step	41.68713722240464	0.0040058441948305715	4	9	9	2.25	10777962536.725876	142988547.83888498	1.6157685548918281	0.16871422538076467	486
full_step	41.68713722240464	0.0020029220974152858	3	7	7	2.3333333333333335	10777962536.725876	42144983.973940566	1.6157685548918281	0.16871422538076467	486
full_step	41.68713722240464	0.0010014610487076429	2	5	5	2.5	10777962536.725876	18057386.964302383	1.6157685548918281	0.16871422538076467	486
half_step_1	41.68713722240464	0.0005007305243538214	2	2	2	1	10777962536.725876	18187554.264991205	1.6157685548918281	0.16871422538076467	486
half_step_2	41.68763795292899	0.0005007305243538214	29	64	8	2.206896551724138	19042640068.84531	452839252.43872744	1.5851462095547193	0.15483554343659098	559
full_step	41.688138683453346	0.005007305243538214	15	45	8	3	19042640068.84531	5319393.305574837	1.570318948941185	0.16128959899743986	545
half_step_1	41.688138683453346	0.002503652621769107	10	56	12	5.6	19042640068.84531	30839644.0956558	1.570318948941185	0.16128959899743986	545
half_step_2	41.690642336075115	0.002503652621769107	11	39	9	3.5454545454545454	19042640068.84531	10799729.21787867	1.5065252752892686	0.14307688616036804	516
full_step	41.693145988696884	0.02503652621769107	12	42	8	3.5	19042640068.84531	364094211.0147817	1.4418436521330351	0.14177348505093998	472
half_step_1	41.693145988696884	0.012518263108845535	7	22	7	3.142857142857143	19042640068.84531	285239824.3478983	1.4418436521330351	0.14177348505093998	472
half_step_2	41.70566425180573	0.012518263108845535	9	30	9	3.3333333333333335	19042640068.84531	266716138.68417296	0.9036570958073122	0.014613181015637073	422
full_step	41.718182514914574	0.1	6	17	14	2.8333333333333335	19042640068.84531	214802252.8163904	0.3052232757258313	-0.07214562367359471	350
full_step	41.718182514914574	0.05	4	18	11	4.5	19042640068.84531	156329142.59869128	0.3052232757258313	-0.07214562367359471	350
full_step	41.718182514914574	0.025	4	22	9	5.5	19042640068.84531	320119539.82358336	0.3052232757258313	-0.07214562367359471	350
full_step	41.718182514914574	0.0125	4	17	8	4.25	19042640068.84531	244209168.25220737	0.3052232757258313	-0.07214562367359471	350
full_step	41.718182514914574	0.00625	7	36	7	5.142857142857143	19042640068.84531	167417301.24927875	0.3052232757258313	-0.07214562367359471	350
half_step_1	41.718182514914574	0.003125	3	16	8	5.333333333333333	19042640068.84531	73648712.51012155	0.3052232757258313	-0.07214562367359471	350
half_step_2	41.72130751491457	0.003125	12	40	8	3.3333333333333335	19042640068.84531	69865185.5558283	0.20056181241848492	-0.07873555151073061	386
full_step	41.724432514914575	0.02367842819951121	7	22	9	3.142857142857143	19042640068.84531	327588740.7358075	0.16657509727998843	-0.07386820105546286	362
half_step_1	41.724432514914575	0.011839214099755605	4	19	9	4.75	19042640068.84531	250740937.19159085	0.16657509727998843	-0.07386820105546286	362
half_step_2	41.736271729014334	0.011839214099755605	5	24	9	4.8	19042640068.84531	264132483.40898827	0.07840257900554093	-0.07750310454707754	349
full_step	41.748110943114085	0.1	4	7	5	1.75	19042640068.84531	36046663.91890762	0.0867182398883557	-0.07512937372654545	364
half_step_1	41.748110943114085	0.05	3	2	2	0.6666666666666666	19042640068.84531	29941357.76904017	0.0867182398883557	-0.07512937372654545	364
half_step_2	41.79811094311408	0.05	7	16	7	2.2857142857142856	19042640068.84531	9393780.193230536	0.08800724164461826	-0.07667352442876074	393
full_step	41.84811094311409	0.1	4	9	7	2.25	19042640068.84531	4622142.093865976	0.08781942868370152	-0.0792898550160316	392
half_step_1	41.84811094311409	0.05	4	22	9	5.5	19042640068.84531	9780504.848454744	0.08781942868370152	-0.0792898550160316	392
half_step_2	41.898110943114084	0.05	3	10	5	3.3333333333333335	19042640068.84531	6518180.532246965	0.08771839450980679	-0.07542470559889687	400
full_step	41.94811094311409	0.1	5	14	8	2.8	19042640068.84531	6648953.833469247	0.08780015212283843	-0.07530647837900711	405
half_step_1	41.94811094311409	0.05	5	23	9	4.6	19042640068.84531	10105932.203864593	0.08780015212283843	-0.07530647837900711	405
half_step_2	41.998110943114085	0.05	3	12	8	4	19042640068.84531	6872144.432464607	0.08777671669975007	-0.0749387794484071	409
full_step	42.04811094311409	0.1	6	17	6	2.8333333333333335	19042640068.84531	6750264.8890916305	0.08785694717951742	-0.07769188062679934	387
half_step_1	42.04811094311409	0.05	7	36	10	5.142857142857143	19042640068.84531	9810058.165205276	0.08785694717951742	-0.07769188062679934	387
half_step_2	42.09811094311409	0.05	3	8	5	2.6666666666666665	19042640068.84531	6179116.113324621	0.0878768808924093	-0.07599487156963593	399
full_step	42.14811094311409	0.1	7	25	7	3.5714285714285716	19042640068.84531	5580374.978710194	0.08791073444835718	-0.07675207986411295	380
half_step_1	42.14811094311409	0.05	7	31	8	4.428571428571429	19042640068.84531	8776485.865597177	0.08791073444835718	-0.07675207986411295	380
half_step_2	42.19811094311409	0.05	3	10	5	3.3333333333333335	19042640068.84531	6198616.204420906	0.08797185739275903	-0.07671763072563124	389
full_step	42.24811094311409	0.1	6	20	7	3.3333333333333335	19042640068.84531	6022967.7081296425	0.08803955223753235	-0.07443812969721902	397
half_step_1	42.24811094311409	0.05	5	25	10	5	19042640068.84531	9295577.559858346	0.08803955223753235	-0.07443812969721902	397
half_step_2	42.29811094311409	0.05	3	8	5	2.6666666666666665	19042640068.84531	6065581.616426886	0.08802212491325179	-0.0753549327992055	395
full_step	42.348110943114094	0.1	6	24	8	4	19042640068.84531	6307774.039882858	0.08806821265997655	-0.07500960563862238	396
half_step_1	42.348110943114094	0.05	6	29	8	4.833333333333333	19042640068.84531	9432800.169364179	0.08806821265997655	-0.07500960563862238	396
half_step_2	42.39811094311409	0.05	3	9	5	3	19042640068.84531	5575351.234295412	0.08805109876958284	-0.0770348893305192	387
full_step	42.448110943114095	0.1	8	37	9	4.625	19042640068.84531	5998085.921467637	0.08809913918084078	-0.07519488923943309	398
half_step_1	42.448110943114095	0.05	7	32	7	4.571428571428571	19042640068.84531	9208361.15969838	0.08809913918084078	-0.07519488923943309	398
half_step_2	42.49811094311409	0.05	3	12	6	4	19042640068.84531	5406290.255679856	0.08807435356558813	-0.07857855426909582	375
full_step	42.5481109431141	0.1	7	34	10	4.857142857142857	19042640068.84531	6637044.526593933	0.08810474977607896	-0.07817547519265634	382
half_step_1	42.5481109431141	0.05	6	27	8	4.5	19042640068.84531	8017951.185483377	0.08810474977607896	-0.07817547519265634	382
half_step_2	42.598110943114094	0.05	3	9	5	3	19042640068.84531	5563118.452667894	0.08809340902050167	-0.07506426942246194	390
full_step	42.6481109431141	0.1	6	22	8	3.6666666666666665	19042640068.84531	4541824.242005698	0.08811398881272225	-0.07717637711850368	383
half_step_1	42.6481109431141	0.05	5	23	9	4.6	19042640068.84531	5186273.703735318	0.08811398881272225	-0.07717637711850368	383
half_step_2	42.698110943114095	0.05	3	9	5	3	19042640068.84531	5274751.02026834	0.08810660361753264	-0.07535311505887901	396
full_step	42.7481109431141	0.1	5	17	8	3.4	19042640068.84531	4474203.411291249	0.08816834516188976	-0.07539526764710089	388
half_step_1	42.7481109431141	0.05	6	29	8	4.833333333333333	19042640068.84531	5615906.06206948	0.08816834516188976	-0.07539526764710089	388
half_step_2	42.7981109431141	0.05	2	12	6	6	19042640068.84531	5762474.517948719	0.08811582112008409	-0.07550407055465558	396
full_step	42.8481109431141	0.1	8	37	12	4.625	19042640068.84531	3700074.3645902597	0.09257361168349121	-0.07688419929381851	398
half_step_1	42.8481109431141	0.05	6	38	11	6.333333333333333	19042640068.84531	5628048.767500644	0.09257361168349121	-0.07688419929381851	398
half_step_2	42.8981109431141	0.05	3	8	8	2.6666666666666665	19042640068.84531	5500106.242494865	0.08852998847937954	-0.0753862979554498	393
full_step	42.9481109431141	0.1	5	16	7	3.2	19042640068.84531	2742741.993621721	0.08807145088458412	-0.07607804978447406	385
half_step_1	42.9481109431141	0.05	5	28	8	5.6	19042640068.84531	5241452.936026279	0.08807145088458412	-0.07607804978447406	385
half_step_2	42.9981109431141	0.05	3	7	4	2.3333333333333335	19042640068.84531	4333997.159577138	0.08816985414088663	-0.07575109483315579	388
full_step	43.048110943114104	0.1	7	28	8	4	19042640068.84531	5577976.245160365	0.0881714010996717	-0.07668768673008261	399
half_step_1	43.048110943114104	0.05	7	36	9	5.142857142857143	19042640068.84531	7099934.300793978	0.0881714010996717	-0.07668768673008261	399
half_step_2	43.0981109431141	0.05	3	10	7	3.3333333333333335	19042640068.84531	4816099.002641946	0.08815087050528803	-0.07525679883862567	396
full_step	43.148110943114105	0.1	6	19	8	3.1666666666666665	19042640068.84531	3328733.554571209	0.08819245864802383	-0.07667112928063628	399
half_step_1	43.148110943114105	0.05	5	23	7	4.6	19042640068.84531	4509571.24216817	0.08819245864802383	-0.07667112928063628	399
half_step_2	43.1981109431141	0.05	3	13	7	4.333333333333333	19042640068.84531	4458645.564636739	0.08817914382689196	-0.07413103640622762	406
full_step	43.248110943114106	0.1	5	14	7	2.8	19042640068.84531	10063822.44265544	0.08821993733489819	-0.0773337390918391	399
half_step_1	43.248110943114106	0.05	5	26	10	5.2	19042640068.84531	4360708.130069149	0.08821993733489819	-0.0773337390918391	399
half_step_2	43.298110943114104	0.05	4	11	5	2.75	19042640068.84531	4492340.9050073465	0.08819111922147727	-0.07748422885875554	389
full_step	43.34811094311411	0.1	6	23	8	3.8333333333333335	19042640068.84531	3031100.3019558955	0.08820095713070941	-0.07695111016194027	388
half_step_1	43.34811094311411	0.05	7	40	9	5.714285714285714	19042640068.84531	6168665.000500536	0.08820095713070941	-0.07695111016194027	388
half_step_2	43.398110943114105	0.05	3	10	6	3.3333333333333335	19042640068.84531	4669463.315324153	0.08821715290902432	-0.07373444362169218	414
full_step	43.44811094311411	0.1	8	33	8	4.125	19042640068.84531	15913449.300852576	0.08822901283140538	-0.07754668526941627	394
half_step_1	43.44811094311411	0.05	7	36	8	5.142857142857143	19042640068.84531	7578346.208117193	0.08822901283140538	-0.07754668526941627	394
half_step_2	43.498110943114106	0.05	3	15	7	5	19042640068.84531	4658039.077320711	0.08821440133290537	-0.07705658540217293	402
full_step	43.54811094311411	0.1	7	29	8	4.142857142857143	19042640068.84531	4414041.893985821	0.09196800911601599	-0.07660665631832936	405
half_step_1	43.54811094311411	0.05	7	34	8	4.857142857142857	19042640068.84531	5748909.71594697	0.09196800911601599	-0.07660665631832936	405
half_step_2	43.59811094311411	0.05	6	15	6	2.5	19042640068.84531	7969408.67726018	0.088330333411335	-0.07861847761819953	394
full_step	43.64811094311411	0.1	7	26	8	3.7142857142857144	19042640068.84531	4566129.974068834	0.08822867262493617	-0.0789503096278207	383
half_step_1	43.64811094311411	0.05	6	28	9	4.666666666666667	19042640068.84531	7604983.411744648	0.08822867262493617	-0.0789503096278207	383
half_step_2	43.69811094311411	0.05	3	7	4	2.3333333333333335	19042640068.84531	5818372.006541886	0.08826047310283514	-0.07701085123842864	395
full_step	43.74811094311411	0.1	6	15	5	2.5	19042640068.84531	12783688.48276982	0.08829214168271449	-0.07661440741793067	397
half_step_1	43.74811094311411	0.05	6	26	8	4.333333333333333	19042640068.84531	7760594.175669641	0.08829214168271449	-0.07661440741793067	397
half_step_2	43.79811094311411	0.05	3	4	4	1.3333333333333333	19042640068.84531	5837734.537781119	0.08828602782472217	-0.0755957527343666	401
full_step	43.848110943114115	0.1	6	24	10	4	19042640068.84531	163505781.98888004	0.0883276330679621	-0.07343208574823623	402
half_step_1	43.848110943114115	0.05	6	19	6	3.1666666666666665	19042640068.84531	8104230.345478647	0.0883276330679621	-0.07343208574823623	402
half_step_2	43.89811094311411	0.05	4	15	7	3.75	19042640068.84531	4912278.019164226	0.08838318303627091	-0.07877456678062185	389
full_step	43.948110943114116	0.1	6	26	8	4.333333333333333	19042640068.84531	217657857.72891998	0.0884091014874997	-0.07670890905835659	388
half_step_1	43.948110943114116	0.05	5	23	8	4.6	19042640068.84531	5864170.15737051	0.0884091014874997	-0.07670890905835659	388
half_step_2	43.99811094311411	0.05	4	19	6	4.75	19042640068.84531	5554222.113276542	0.08829159178550583	-0.07637505008923842	400
full_step	44.04811094311412	0.1	5	24	7	4.8	19042640068.84531	4033453.380947169	0.0896221234436041	-0.08054266707046835	411
half_step_1	44.04811094311412	0.05	4	21	8	5.25	19042640068.84531	6213956.680722576	0.0896221234436041	-0.08054266707046835	411
half_step_2	44.098110943114115	0.05	2	8	5	4	19042640068.84531	5411054.166532138	0.08863106482330352	-0.07605509874557213	401
full_step	44.14811094311412	0.1	6	21	8	3.5	19042640068.84531	10028814.65420649	0.09047810024833325	-0.07845755576068718	408
half_step_1	44.14811094311412	0.05	6	36	9	6	19042640068.84531	7533919.281164644	0.09047810024833325	-0.07845755576068718	408
half_step_2	44.198110943114116	0.05	3	8	5	2.6666666666666665	19042640068.84531	5474719.23499798	0.08850242074602477	-0.07688187886580027	399
full_step	44.24811094311412	0.1	6	22	8	3.6666666666666665	19042640068.84531	10041458.85031755	0.08859901111441104	-0.07668686954358105	403
half_step_1	44.24811094311412	0.05	7	28	7	4	19042640068.84531	7777270.463097082	0.08859901111441104	-0.07668686954358105	403
half_step_2	44.29811094311412	0.05	5	8	4	1.6	19042640068.84531	7356253.54509111	0.08853177308633065	-0.07913248361100277	405
full_step	44.34811094311412	0.1	6	25	8	4.166666666666667	19042640068.84531	7722561.969155487	0.08857361541069508	-0.07702699982306617	400
half_step_1	44.34811094311412	0.05	5	20	8	4	19042640068.84531	6553278.574673223	0.08857361541069508	-0.07702699982306617	400
half_step_2	44.39811094311412	0.05	5	11	6	2.2	19042640068.84531	7706849.41197441	0.0884516485850213	-0.0755656731077816	404
full_step	44.44811094311412	0.1	5	17	8	3.4	19042640068.84531	6581558.767322661	0.08870434305677577	-0.07935916710971361	388
half_step_1	44.44811094311412	0.05	6	29	8	4.833333333333333	19042640068.84531	7144873.427302227	0.08870434305677577	-0.07935916710971361	388
half_step_2	44.49811094311412	0.05	3	7	7	2.3333333333333335	19042640068.84531	7190959.849249582	0.08863003613575415	-0.07832134262906446	391
full_step	44.548110943114125	0.1	6	20	8	3.3333333333333335	19042640068.84531	7149518.977963713	0.08869617002551422	-0.07531290295881449	402
half_step_1	44.548110943114125	0.05	6	28	8	4.666666666666667	19042640068.84531	5749888.949528659	0.08869617002551422	-0.07531290295881449	402
half_step_2	44.59811094311412	0.05	3	10	6	3.3333333333333335	19042640068.84531	5294175.055384961	0.08787800840549664	-0.07749443204042296	415
full_step	44.648110943114126	0.1	7	28	8	4	19042640068.84531	6582532.090788535	0.08898069946538101	-0.07584116437435887	406
half_step_1	44.648110943114126	0.05	6	27	6	4.5	19042640068.84531	5215027.842917536	0.08898069946538101	-0.07584116437435887	406
half_step_2	44.69811094311412	0.05	4	3	3	0.75	19042640068.84531	7005440.656366146	0.08882633543332474	-0.07927910885844633	417
full_step	44.74811094311413	0.1	6	23	8	3.8333333333333335	19042640068.84531	3971023.860869827	0.08888519084705138	-0.07875306531381053	406
half_step_1	44.74811094311413	0.05	6	30	7	5	19042640068.84531	4910491.61580135	0.08888519084705138	-0.07875306531381053	406
half_step_2	44.798110943114125	0.05	4	16	5	4	19042640068.84531	5126482.308803945	0.08881029729404588	-0.08306546994782965	417
full_step	44.84811094311413	0.1	4	10	8	2.5	19042640068.84531	4544012.014224633	0.08926896063961465	-0.08175893512842654	414
half_step_1	44.84811094311413	0.05	4	22	7	5.5	19042640068.84531	5703549.597927933	0.08926896063961465	-0.08175893512842654	414
half_step_2	44.898110943114126	0.05	3	12	4	4	19042640068.84531	6864629.540616813	0.08893364477010834	-0.07880260173804479	404
full_step	44.94811094311413	0.1	4	9	7	2.25	19042640068.84531	5509887.315139115	0.09069227222650511	-0.08272770861389966	415
half_step_1	44.94811094311413	0.05	4	20	7	5	19042640068.84531	6277344.85894025	0.09069227222650511	-0.08272770861389966	415
half_step_2	44.99811094311413	0.05	3	12	6	4	19042640068.84531	7562005.1842650445	0.08916185218309636	-0.07906997180897127	433
full_step	45.04811094311413	0.1	5	18	9	3.6	19042640068.84531	3693920.7188451844	0.0895046308547478	-0.07979650101763337	414
half_step_1	45.04811094311413	0.05	4	20	10	5	19042640068.84531	4876629.901652675	0.0895046308547478	-0.07979650101763337	414
half_step_2	45.09811094311413	0.05	3	13	5	4.333333333333333	19042640068.84531	5731608.060714783	0.08871185840055773	-0.07374560467551725	413
full_step	45.14811094311413	0.1	6	24	8	4	19042640068.84531	3836756.177459853	0.0913498734187641	-0.07905644571148099	431
half_step_1	45.14811094311413	0.05	4	22	9	5.5	19042640068.84531	6776336.470285983	0.0913498734187641	-0.07905644571148099	431
half_step_2	45.19811094311413	0.05	3	12	6	4	19042640068.84531	7050399.662927203	0.08907120678166791	-0.08010246624240973	419
full_step	45.248110943114135	0.1	6	21	8	3.5	19042640068.84531	3708099.4969382184	0.08944392218907637	-0.07773588712225146	415
half_step_1	45.248110943114135	0.05	4	18	6	4.5	19042640068.84531	4835525.028449074	0.08944392218907637	-0.07773588712225146	415
half_step_2	45.29811094311413	0.05	4	6	6	1.5	19042640068.84531	6427372.681512243	0.08910546274874775	-0.08535062942728851	413
full_step	45.348110943114136	0.1	6	25	8	4.166666666666667	19042640068.84531	3595100.719011317	0.08917521866803213	-0.07774225916364412	415
half_step_1	45.348110943114136	0.05	6	29	8	4.833333333333333	19042640068.84531	5231537.72952432	0.08917521866803213	-0.07774225916364412	415
half_step_2	45.39811094311413	0.05	3	11	4	3.6666666666666665	19042640068.84531	7026118.303115579	0.08901829363227876	-0.07853422823078754	429
full_step	45.44811094311414	0.1	3	4	3	1.3333333333333333	19042640068.84531	32597942.013983842	0.0893111871442045	-0.0786325762037372	435
half_step_1	45.44811094311414	0.05	5	21	7	4.2	19042640068.84531	5456736.301945531	0.0893111871442045	-0.0786325762037372	435
half_step_2	45.498110943114135	0.05	3	14	6	4.666666666666667	19042640068.84531	6801084.744784779	0.08909186113123724	-0.07943872335012657	424
full_step	45.54811094311414	0.1	5	15	7	3	19042640068.84531	24577192.583026513	0.09003851470896507	-0.08541397270892329	403
half_step_1	45.54811094311414	0.05	5	26	7	5.2	19042640068.84531	4552223.996313775	0.09003851470896507	-0.08541397270892329	403
half_step_2	45.598110943114136	0.05	4	16	7	4	19042640068.84531	6833414.145037294	0.08921017903644213	-0.08088782606015683	422
full_step	45.64811094311414	0.1	5	14	7	2.8	19042640068.84531	2789721.9819526756	0.08930334037795262	-0.07955459619721565	420
half_step_1	45.64811094311414	0.05	5	24	11	4.8	19042640068.84531	3412472.956646747	0.08930334037795262	-0.07955459619721565	420
half_step_2	45.69811094311414	0.05	6	26	7	4.333333333333333	19042640068.84531	6802673.107642154	0.08840768402234289	-0.07774968603368931	414
full_step	45.74811094311414	0.1	7	34	8	4.857142857142857	19042640068.84531	10219283.440251395	0.08935805184862033	-0.07894284135108531	424
half_step_1	45.74811094311414	0.05	5	19	6	3.8	19042640068.84531	6577566.368053585	0.08935805184862033	-0.07894284135108531	424
half_step_2	45.79811094311414	0.05	3	4	4	1.3333333333333333	19042640068.84531	5126422.0604591435	0.08758978210008195	-0.07866879545072215	434
full_step	45.84811094311414	0.1	5	17	9	3.4	19042640068.84531	3117633.320703935	0.089611394386921	-0.08141260181021429	422
half_step_1	45.84811094311414	0.05	6	26	7	4.333333333333333	19042640068.84531	6418263.291029434	0.089611394386921	-0.08141260181021429	422
half_step_2	45.89811094311414	0.05	4	13	5	3.25	19042640068.84531	7206645.858278667	0.08933742028300173	-0.07945580880428547	424
full_step	45.948110943114145	0.1	7	31	8	4.428571428571429	19042640068.84531	3430213.412654692	0.08934578896409562	-0.07954073747814912	419
half_step_1	45.948110943114145	0.05	6	25	9	4.166666666666667	19042640068.84531	6251369.581856931	0.08934578896409562	-0.07954073747814912	419
half_step_2	45.99811094311414	0.05	5	17	7	3.4	19042640068.84531	6544723.983052658	0.0894185750368166	-0.08196407416692805	426
full_step	46.048110943114146	0.1	6	24	8	4	19042640068.84531	4720460.85211189	0.08939221702570421	-0.08388085128428988	413
half_step_1	46.048110943114146	0.05	6	23	8	3.8333333333333335	19042640068.84531	6071889.343295193	0.08939221702570421	-0.08388085128428988	413
half_step_2	46.09811094311414	0.05	4	14	6	3.5	19042640068.84531	6833082.578992415	0.08946197840144521	-0.08084705923592421	421
full_step	46.14811094311415	0.1	6	21	9	3.5	19042640068.84531	5575637.34577289	0.08942631241754384	-0.08224428979934773	419
half_step_1	46.14811094311415	0.05	5	25	7	5	19042640068.84531	6469919.09191411	0.08942631241754384	-0.08224428979934773	419
half_step_2	46.198110943114145	0.05	4	14	7	3.5	19042640068.84531	6329831.383897169	0.08929641800540367	-0.08250212725048478	418
full_step	46.24811094311415	0.1	6	20	7	3.3333333333333335	19042640068.84531	6678481.959158174	0.0895563174292704	-0.07956012032148838	425
half_step_1	46.24811094311415	0.05	4	25	8	6.25	19042640068.84531	8705312.517492468	0.0895563174292704	-0.07956012032148838	425
half_step_2	46.298110943114146	0.05	5	30	12	6	19042640068.84531	6762808.099257279	0.08946001014302851	-0.07938112352338494	424
full_step	46.34811094311415	0.1	6	20	8	3.3333333333333335	19042640068.84531	4576360.779953194	0.08969820734203893	-0.08225404707333817	418
half_step_1	46.34811094311415	0.05	5	25	9	5	19042640068.84531	6033391.747618049	0.08969820734203893	-0.08225404707333817	418
half_step_2	46.39811094311415	0.05	4	13	6	3.25	19042640068.84531	6140620.9027619185	0.08958857437896484	-0.08068212132292325	428
full_step	46.44811094311415	0.1	7	28	7	4	19042640068.84531	5579008.175245257	0.08956640280278805	-0.08082540918614632	424
half_step_1	46.44811094311415	0.05	7	36	8	5.142857142857143	19042640068.84531	6470369.964372227	0.08956640280278805	-0.08082540918614632	424
half_step_2	46.49811094311415	0.05	3	14	7	4.666666666666667	19042640068.84531	6001700.132609529	0.0895212410244568	-0.08373329240346025	421
full_step	46.54811094311415	0.1	6	26	9	4.333333333333333	19042640068.84531	3739796.352163139	0.08987877002591915	-0.08389706341021057	413
half_step_1	46.54811094311415	0.05	6	31	8	5.166666666666667	19042640068.84531	6038037.340531936	0.08987877002591915	-0.08389706341021057	413
half_step_2	46.59811094311415	0.05	4	16	7	4	19042640068.84531	6058754.136887612	0.08964267829544781	-0.08203261656314646	422
full_step	46.648110943114155	0.1	6	28	9	4.666666666666667	19042640068.84531	5483169.210640256	0.08961709093264858	-0.07882684829868473	430
half_step_1	46.648110943114155	0.05	6	33	7	5.5	19042640068.84531	6314386.267886987	0.08961709093264858	-0.07882684829868473	430
half_step_2	46.69811094311415	0.05	4	15	8	3.75	19042640068.84531	5960957.73763292	0.08958268476706621	-0.08267096662028421	410
full_step	46.748110943114156	0.1	5	15	8	3	19042640068.84531	3705117.897008256	0.08966705027363275	-0.08281905949862578	426
half_step_1	46.748110943114156	0.05	6	29	8	4.833333333333333	19042640068.84531	6056382.564963796	0.08966705027363275	-0.08281905949862578	426
half_step_2	46.79811094311415	0.05	4	16	8	4	19042640068.84531	5972864.472938483	0.08966985602506838	-0.08277433881819533	419
full_step	46.84811094311416	0.1	5	17	7	3.4	19042640068.84531	4881357.301798861	0.08967379882477644	-0.08127870138504556	422
half_step_1	46.84811094311416	0.05	6	34	10	5.666666666666667	19042640068.84531	6094151.856100958	0.08967379882477644	-0.08127870138504556	422
half_step_2	46.898110943114155	0.05	4	10	8	2.5	19042640068.84531	5545046.60932114	0.08962924879891432	-0.08183598233843346	416
full_step	46.94811094311416	0.1	4	10	8	2.5	19042640068.84531	3835662.260230364	0.08974690045999978	-0.08056497233142206	428
half_step_1	46.94811094311416	0.05	4	22	8	5.5	19042640068.84531	6198111.556972164	0.08974690045999978	-0.08056497233142206	428
half_step_2	46.998110943114156	0.05	3	7	3	2.3333333333333335	19042640068.84531	6013635.257343872	0.08975622799613348	-0.0817232517284221	413
full_step	47.04811094311416	0.1	6	28	9	4.666666666666667	19042640068.84531	4838805.793505089	0.08977471458912589	-0.08068575064462273	420
half_step_1	47.04811094311416	0.05	5	25	7	5	19042640068.84531	5821627.010256166	0.08977471458912589	-0.08068575064462273	420
half_step_2	47.09811094311416	0.05	3	3	3	1	19042640068.84531	6590575.099327031	0.08957623945107684	-0.07875939279824658	428
full_step	47.14811094311416	0.1	6	23	7	3.8333333333333335	19042640068.84531	2988077.050787109	0.08980040775165321	-0.08150458322226554	411
half_step_1	47.14811094311416	0.05	7	31	8	4.428571428571429	19042640068.84531	5764552.152686971	0.08980040775165321	-0.08150458322226554	411
half_step_2	47.19811094311416	0.05	4	11	5	2.75	19042640068.84531	6012892.029375217	0.08975543160673283	-0.07988978561082881	424
full_step	47.24811094311416	0.1	5	20	8	4	19042640068.84531	9984253.684044827	0.08978986040344239	-0.07891797162382393	430
half_step_1	47.24811094311416	0.05	5	24	8	4.8	19042640068.84531	4401392.918575113	0.08978986040344239	-0.07891797162382393	430
half_step_2	47.29811094311416	0.05	4	6	3	1.5	19042640068.84531	6117084.551578207	0.08766465290248959	-0.07576720187464199	423
full_step	47.348110943114165	0.1	5	15	7	3	19042640068.84531	4259063.159072566	0.09006939955915527	-0.08322679666893229	417
half_step_1	47.348110943114165	0.05	4	20	7	5	19042640068.84531	5904727.228533373	0.09006939955915527	-0.08322679666893229	417
half_step_2	47.39811094311416	0.05	3	9	4	3	19042640068.84531	5883718.715919285	0.08984128819207626	-0.07999016469047282	423
full_step	47.448110943114166	0.1	5	9	6	1.8	19042640068.84531	3014900.5272844713	0.08990091819511292	-0.07912187978802089	429
half_step_1	47.448110943114166	0.05	4	20	7	5	19042640068.84531	6473443.757103341	0.08990091819511292	-0.07912187978802089	429
half_step_2	47.49811094311416	0.05	3	5	3	1.6666666666666667	19042640068.84531	6758942.6364794	0.09001170563014682	-0.07693928677639328	432
full_step	47.54811094311417	0.1	4	13	8	3.25	19042640068.84531	4980139.129980551	0.08989004832214675	-0.0798461621067864	420
half_step_1	47.54811094311417	0.05	4	17	6	4.25	19042640068.84531	5974722.309275327	0.08989004832214675	-0.0798461621067864	420
half_step_2	47.598110943114165	0.05	3	8	5	2.6666666666666665	19042640068.84531	10445344.56181244	0.08881630865246848	-0.08097683301584847	400
full_step	47.64811094311417	0.1	4	12	9	3	19042640068.84531	5722370.755805798	0.08928939785782575	-0.08021457362657226	420
half_step_1	47.64811094311417	0.05	4	18	9	4.5	19042640068.84531	5907196.931198567	0.08928939785782575	-0.08021457362657226	420
half_step_2	47.698110943114166	0.05	3	10	4	3.3333333333333335	19042640068.84531	6334703.760965759	0.08987232827317371	-0.07984952274626557	442
full_step	47.74811094311417	0.1	5	17	9	3.4	19042640068.84531	4458917.606697698	0.09003998570000249	-0.08271529902147426	417
half_step_1	47.74811094311417	0.05	4	21	7	5.25	19042640068.84531	5736586.825557913	0.09003998570000249	-0.08271529902147426	417
half_step_2	47.79811094311417	0.05	3	3	3	1	19042640068.84531	6279576.885493133	0.08991955776988902	-0.07837705346425389	429
full_step	47.84811094311417	0.1	4	7	6	1.75	19042640068.84531	5250515.140884342	0.09001555081107426	-0.07778691404317166	436
half_step_1	47.84811094311417	0.05	4	19	7	4.75	19042640068.84531	4650805.6908454	0.09001555081107426	-0.07778691404317166	436
half_step_2	47.89811094311417	0.05	4	6	3	1.5	19042640068.84531	6157415.227979733	0.0884028260339278	-0.07742692947770514	424
full_step	47.94811094311417	0.1	5	12	6	2.4	19042640068.84531	3182241.6361121624	0.09011620524869102	-0.08279975859295056	417
half_step_1	47.94811094311417	0.05	4	21	9	5.25	19042640068.84531	5725246.818633449	0.09011620524869102	-0.08279975859295056	417
half_step_2	47.99811094311417	0.05	4	14	6	3.5	19042640068.84531	11254567.96275491	0.09001070611847695	-0.08047553088940546	427
full_step	48.048110943114175	0.1	4	8	7	2	19042640068.84531	4368785.59187452	0.08925487585561598	-0.08172519911081796	416
half_step_1	48.048110943114175	0.05	3	15	9	5	19042640068.84531	5858194.793521651	0.08925487585561598	-0.08172519911081796	416
half_step_2	48.09811094311417	0.05	3	5	3	1.6666666666666667	19042640068.84531	5541305.646369222	0.09001890602196738	-0.08326463014629971	410
full_step	48.148110943114176	0.1	5	19	9	3.8	19042640068.84531	8422207.11594698	0.09005899210181667	-0.07989334238350596	432
half_step_1	48.148110943114176	0.05	4	20	7	5	19042640068.84531	4601923.8297236655	0.09005899210181667	-0.07989334238350596	432
half_step_2	48.19811094311417	0.05	4	8	5	2	19042640068.84531	5777404.651055909	0.08912286801181324	-0.07877557087839826	406
full_step	48.24811094311418	0.1	5	13	7	2.6	19042640068.84531	2986385.4834864317	0.0901334462439678	-0.07782049620016794	436
half_step_1	48.24811094311418	0.05	3	13	7	4.333333333333333	19042640068.84531	6411589.100658996	0.0901334462439678	-0.07782049620016794	436
half_step_2	48.298110943114175	0.05	3	6	4	2	19042640068.84531	6102603.304572726	0.0901224528271456	-0.08059149299481877	423
full_step	48.34811094311418	0.1	4	12	8	3	19042640068.84531	8061286.919968776	0.09013438109690242	-0.07961987640270185	431
half_step_1	48.34811094311418	0.05	4	20	7	5	19042640068.84531	4493296.083047741	0.09013438109690242	-0.07961987640270185	431
half_step_2	48.398110943114176	0.05	4	8	5	2	19042640068.84531	6100951.4216714855	0.08930665813421967	-0.07870587725084942	414
full_step	48.44811094311418	0.1	5	18	8	3.6	19042640068.84531	3140917.6536205974	0.09021225910034048	-0.08115390730365725	413
half_step_1	48.44811094311418	0.05	4	24	8	6	19042640068.84531	4074228.9882797995	0.09021225910034048	-0.08115390730365725	413
half_step_2	48.49811094311418	0.05	4	7	4	1.75	19042640068.84531	5309514.105775951	0.09005784853039245	-0.08199220797943799	411
full_step	48.54811094311418	0.1	4	12	7	3	19042640068.84531	2567820.215522126	0.09021454270097706	-0.08364209468808005	406
half_step_1	48.54811094311418	0.05	4	20	7	5	19042640068.84531	4192323.797816133	0.09021454270097706	-0.08364209468808005	406
half_step_2	48.59811094311418	0.05	3	9	6	3	19042640068.84531	10428662.369742075	0.08961719396903334	-0.08051478964481798	417
full_step	48.64811094311418	0.1	4	9	7	2.25	19042640068.84531	3896078.986565672	0.08974968244133663	-0.07993210563597973	437
half_step_1	48.64811094311418	0.05	3	14	8	4.666666666666667	19042640068.84531	6142024.346754787	0.08974968244133663	-0.07993210563597973	437
half_step_2	48.69811094311418	0.05	3	5	3	1.6666666666666667	19042640068.84531	5668682.590105545	0.09024582272711257	-0.08182339260047351	407
full_step	48.748110943114185	0.1	5	15	6	3	19042640068.84531	7364445.32588025	0.09026521884671013	-0.07970172982964227	423
half_step_1	48.748110943114185	0.05	3	13	6	4.333333333333333	19042640068.84531	4476273.870957771	0.09026521884671013	-0.07970172982964227	423
half_step_2	48.79811094311418	0.05	3	8	5	2.6666666666666665	19042640068.84531	10441472.471432576	0.08960383506820335	-0.07819623563092402	414
full_step	48.848110943114186	0.1	4	9	7	2.25	19042640068.84531	3134569.175261995	0.08986581594726317	-0.0803422267177769	420
half_step_1	48.848110943114186	0.05	3	15	8	5	19042640068.84531	5508876.44474375	0.08986581594726317	-0.0803422267177769	420
half_step_2	48.89811094311418	0.05	4	8	5	2	19042640068.84531	5699394.707737234	0.09026402881974604	-0.08065090156875011	425
full_step	48.94811094311419	0.1	3	4	2	1.3333333333333333	19042640068.84531	3167417.766977391	0.09032972491880287	-0.08203164630102171	416
half_step_1	48.94811094311419	0.05	3	11	6	3.6666666666666665	19042640068.84531	5534993.010437017	0.09032972491880287	-0.08203164630102171	416
half_step_2	48.998110943114185	0.05	4	8	4	2	19042640068.84531	5945301.059671182	0.09036683290386804	-0.08125316787537916	417
full_step	49.04811094311419	0.1	6	21	8	3.5	19042640068.84531	6971233.828194385	0.0903769617981709	-0.08135313539511663	419
half_step_1	49.04811094311419	0.05	4	19	6	4.75	19042640068.84531	4242803.925512689	0.0903769617981709	-0.08135313539511663	419
half_step_2	49.098110943114186	0.05	4	9	6	2.25	19042640068.84531	6106804.205595452	0.08986041301690761	-0.07842893724107275	424
full_step	49.14811094311419	0.1	5	12	9	2.4	19042640068.84531	4353656.129235302	0.0904532864067562	-0.08025885457246805	417
half_step_1	49.14811094311419	0.05	4	23	10	5.75	19042640068.84531	5650344.730979115	0.0904532864067562	-0.08025885457246805	417
half_step_2	49.19811094311419	0.05	3	10	4	3.3333333333333335	19042640068.84531	5530215.355758697	0.09040744549305657	-0.08181208916893314	421
full_step	49.24811094311419	0.1	4	10	8	2.5	19042640068.84531	6684873.137408431	0.09053466818986067	-0.07942851069885616	421
half_step_1	49.24811094311419	0.05	3	15	7	5	19042640068.84531	5705943.588247322	0.09053466818986067	-0.07942851069885616	421
half_step_2	49.29811094311419	0.05	3	10	7	3.3333333333333335	19042640068.84531	9894956.57088881	0.09064335907531529	-0.07910527913554864	419
full_step	49.34811094311419	0.1	4	4	4	1	19042640068.84531	2884675.569882379	0.09014690241394874	-0.07665538023652338	434
half_step_1	49.34811094311419	0.05	3	13	8	4.333333333333333	19042640068.84531	5993575.889107378	0.09014690241394874	-0.07665538023652338	434
half_step_2	49.39811094311419	0.05	3	5	3	1.6666666666666667	19042640068.84531	5481434.632677227	0.090508780966843	-0.07946924951655401	422
full_step	49.448110943114195	0.1	2	2	2	1	19042640068.84531	3079717.4302198733	0.09051621660071874	-0.0820973557370703	406
half_step_1	49.448110943114195	0.05	3	13	7	4.333333333333333	19042640068.84531	5440050.329385857	0.09051621660071874	-0.0820973557370703	406
half_step_2	49.49811094311419	0.05	2	6	3	3	19042640068.84531	5547913.55551354	0.09057987938690815	-0.0778009371035749	423
full_step	49.548110943114196	0.1	2	2	2	1	19042640068.84531	3340233.796472335	0.09123398704323904	-0.08122563792898846	417
half_step_1	49.548110943114196	0.05	3	13	7	4.333333333333333	19042640068.84531	5664400.831162261	0.09123398704323904	-0.08122563792898846	417
half_step_2	49.59811094311419	0.05	2	6	4	3	19042640068.84531	5245065.223310839	0.0906287933892429	-0.0808503490401437	412
full_step	49.6481109431142	0.1	2	2	2	1	19042640068.84531	3410664.14363261	0.09100295676776682	-0.0800211517677326	416
half_step_1	49.6481109431142	0.05	3	11	7	3.6666666666666665	19042640068.84531	5186458.522731663	0.09100295676776682	-0.0800211517677326	416
half_step_2	49.698110943114195	0.05	2	6	4	3	19042640068.84531	5479346.924935694	0.09065554251689889	-0.08029649344161706	417
full_step	49.7481109431142	0.1	2	2	2	1	19042640068.84531	3502836.2819114993	0.09110367420949217	-0.08196718828283238	423
half_step_1	49.7481109431142	0.05	3	10	7	3.3333333333333335	19042640068.84531	5493090.570120727	0.09110367420949217	-0.08196718828283238	423
half_step_2	49.798110943114196	0.05	2	5	5	2.5	19042640068.84531	4362518.217590903	0.09069706645766473	-0.07985470390682749	417
full_step	49.8481109431142	0.1	2	2	2	1	19042640068.84531	2438559.7599450215	0.08992831482025565	-0.08132868288191508	400
half_step_1	49.8481109431142	0.05	2	7	4	3.5	19042640068.84531	8391383.454371484	0.08992831482025565	-0.08132868288191508	400
half_step_2	49.8981109431142	0.05	3	11	4	3.6666666666666665	19042640068.84531	5028974.207459519	0.09040463727568238	-0.08165931275842293	409
full_step	49.9481109431142	0.1	2	2	2	1	19042640068.84531	3087951.596901555	0.0926443455360868	-0.0788738215929916	411
half_step_1	49.9481109431142	0.05	2	2	2	1	19042640068.84531	5247790.002672945	0.0926443455360868	-0.0788738215929916	411
half_step_2	49.9981109431142	0.05	3	12	6	4	19042640068.84531	5273540.330637551	0.0908537086094725	-0.07918926485318926	415
full_step	50.0481109431142	0.1	2	1	1	0.5	19042640068.84531	3916024.7719609737	0.09081029663774132	-0.07937705284848678	419
half_step_1	50.0481109431142	0.05	2	7	5	3.5	19042640068.84531	5342207.4420767855	0.09081029663774132	-0.07937705284848678	419
half_step_2	50.0981109431142	0.05	5	13	7	2.6	19042640068.84531	5506969.034929395	0.09085239581011706	-0.0770001624399371	424
full_step	50.148110943114204	0.1	3	2	2	0.6666666666666666	19042640068.84531	11935431.488732219	0.09080787035776439	-0.07887716481589482	414
full_step	50.148110943114204	0.05	2	0	0	0	19042640068.84531	5223614.80324979	0.09080787035776439	-0.07887716481589482	414
half_step_1	50.148110943114204	0.025	2	0	0	0	19042640068.84531	13058681.234868933	0.09080787035776439	-0.07887716481589482	414
half_step_2	50.1731109431142	0.025	2	1	1	0.5	19042640068.84531	13564413.180231066	0.09083452182038343	-0.0782452367078811	426
full_step	50.1981109431142	0.1	3	4	2	1.3333333333333333	19042640068.84531	10995019.971051505	0.09069774764300575	-0.08244812993651295	421
half_step_1	50.1981109431142	0.05	3	2	2	0.6666666666666666	19042640068.84531	4333262.450931648	0.09069774764300575	-0.08244812993651295	421
half_step_2	50.2481109431142	0.05	10	19	6	1.9	19042640068.84531	32520941.600640908	0.4276918236610072	-0.079168273754613	404
full_step	50.2981109431142	0.1	4	9	4	2.25	19042640068.84531	496421103.7070667	0.12984395035937268	-0.08715741814042738	342
full_step	50.2981109431142	0.05	4	9	6	2.25	19042640068.84531	35106614.18123445	0.12984395035937268	-0.08715741814042738	342
half_step_1	50.2981109431142	0.025	4	8	5	2	19042640068.84531	97605339.22021362	0.12984395035937268	-0.08715741814042738	342
half_step_2	50.3231109431142	0.025	5	7	4	1.4	19042640068.84531	254906216.71944988	0.12351983548850853	-0.08313328902978781	306
full_step	50.3481109431142	0.09571476011091233	6	7	4	1.1666666666666667	19042640068.84531	150955076.3028603	0.2991288802512315	-0.084523995317788	349
half_step_1	50.3481109431142	0.047857380055456165	10	11	7	1.1	19042640068.84531	64185004.539677195	0.2991288802512315	-0.084523995317788	349
half_step_2	50.395968323169654	0.047857380055456165	6	23	8	3.8333333333333335	19042640068.84531	14401341.724537976	0.09182868190171689	-0.08653839901703146	321
full_step	50.443825703225116	0.1	7	3	3	0.42857142857142855	19042640068.84531	45424504.378588885	1.1856226859816843	-0.022746509074560845	410
half_step_1	50.443825703225116	0.05	9	13	5	1.4444444444444444	19042640068.84531	10431573.590007693	1.1856226859816843	-0.022746509074560845	410
half_step_2	50.49382570322511	0.05	4	15	9	3.75	19042640068.84531	4709210.481956152	0.7760106916090592	-0.04405512705204542	414
full_step	50.54382570322512	0.1	4	3	3	0.75	19042640068.84531	5967391.464676357	0.7106024025567024	-0.04741102417521871	429
half_step_1	50.54382570322512	0.05	3	0	0	0	19042640068.84531	11669519.525291555	0.7106024025567024	-0.04741102417521871	429
half_step_2	50.593825703225114	0.05	3	0	0	0	19042640068.84531	15217465.698758278	0.8716578044821972	-0.05509542540735459	397
full_step	50.64382570322512	0.1	4	3	3	0.75	19042640068.84531	2355753.1525378507	1.0177590003297041	-0.05548854633929481	394
half_step_1	50.64382570322512	0.05	3	0	0	0	19042640068.84531	15371341.882418282	1.0177590003297041	-0.05548854633929481	394
half_step_2	50.693825703225116	0.05	5	14	6	2.8	19042640068.84531	20067721.29605123	1.1545837411086666	-0.04628579963923428	412
full_step	50.74382570322512	0.1	5	9	6	1.8	19042640068.84531	33180109.069024857	0.9903128042274432	-0.05581449314879172	399
half_step_1	50.74382570322512	0.05	4	16	7	4	19042640068.84531	7160525.524699428	0.9903128042274432	-0.05581449314879172	399
half_step_2	50.79382570322512	0.05	6	19	7	3.1666666666666665	19042640068.84531	2879361.359451896	1.132422292539701	-0.0483449319195499	415
full_step	50.84382570322512	0.1	6	22	8	3.6666666666666665	19042640068.84531	24394887.65261362	0.9764409293498488	-0.05684391730866967	404
half_step_1	50.84382570322512	0.05	6	27	7	4.5	19042640068.84531	5203383.97918954	0.9764409293498488	-0.05684391730866967	404
half_step_2	50.89382570322512	0.05	4	18	12	4.5	19042640068.84531	3073383.0527288835	1.1166722649138023	-0.05110952812760035	390
full_step	50.94382570322512	0.1	6	23	7	3.8333333333333335	19042640068.84531	4884132.871287914	0.9812074964938802	-0.05702426371865819	383
half_step_1	50.94382570322512	0.05	4	11	6	2.75	19042640068.84531	14089909.38315635	0.9812074964938802	-0.05702426371865819	383
half_step_2	50.99382570322512	0.05	3	0	0	0	19042640068.84531	15709949.911954066	1.1274059051558538	-0.045208373837166624	370
full_step	51.043825703225124	0.1	7	20	7	2.857142857142857	19042640068.84531	44011048.85746011	0.9828713296813589	-0.0516194630419401	372
half_step_1	51.043825703225124	0.05	4	11	6	2.75	19042640068.84531	15566137.363176228	0.9828713296813589	-0.0516194630419401	372
half_step_2	51.09382570322512	0.05	5	13	9	2.6	19042640068.84531	2892957.6589873033	1.192724531662435	-0.05396527066392173	370
full_step	51.143825703225126	0.1	8	24	9	3	19042640068.84531	19900377.612612292	1.024837798084178	-0.056029482398319834	395
full_step	51.143825703225126	0.05	5	16	8	3.2	19042640068.84531	10518630.248799212	1.024837798084178	-0.056029482398319834	395
half_step_1	51.143825703225126	0.025	6	16	6	2.6666666666666665	19042640068.84531	16475153.767419465	1.024837798084178	-0.056029482398319834	395
half_step_2	51.168825703225124	0.025	5	0	0	0	19042640068.84531	17334027.96625002	0.8799008790781215	-0.06809728541076736	361
full_step	51.19382570322512	0.1	6	21	8	3.5	19042640068.84531	128651803.33616894	0.7381560557599016	-0.07165240888373803	356
half_step_1	51.19382570322512	0.05	4	14	7	3.5	19042640068.84531	4134445.5539179426	0.7381560557599016	-0.07165240888373803	356
half_step_2	51.24382570322512	0.05	5	13	5	2.6	19042640068.84531	3097186.848801327	0.9655532437776913	-0.0682862884786446	377
full_step	51.293825703225124	0.1	7	31	8	4.428571428571429	19042640068.84531	6942424.268799764	1.1890836703292678	-0.05857396548416358	393
full_step	51.293825703225124	0.05	8	25	7	3.125	19042640068.84531	10254288.444546785	1.1890836703292678	-0.05857396548416358	393
half_step_1	51.293825703225124	0.025	7	18	6	2.5714285714285716	19042640068.84531	15754738.238718234	1.1890836703292678	-0.05857396548416358	393
half_step_2	51.31882570322512	0.025	5	0	0	0	19042640068.84531	16056648.452831345	0.9060501195676522	-0.0727447533093275	376
full_step	51.34382570322512	0.1	7	23	8	3.2857142857142856	19042640068.84531	28094506.085714392	0.7761154223898927	-0.07200234820884613	369
full_step	51.34382570322512	0.05	5	13	6	2.6	19042640068.84531	35542448.233430825	0.7761154223898927	-0.07200234820884613	369
half_step_1	51.34382570322512	0.025	8	27	8	3.375	19042640068.84531	18131953.5596216	0.7761154223898927	-0.07200234820884613	369
half_step_2	51.36882570322512	0.025	9	30	11	3.3333333333333335	19042640068.84531	15321732.577911142	0.6664283416794774	-0.07755621452360008	346
full_step	51.39382570322512	0.1	5	15	8	3	19042640068.84531	26014430.23843742	0.5790794824618217	-0.07170550098646992	364
half_step_1	51.39382570322512	0.05	5	19	6	3.8	19042640068.84531	5162496.985624089	0.5790794824618217	-0.07170550098646992	364
half_step_2	51.443825703225116	0.05	8	13	5	1.625	19042640068.84531	15079057.128488256	0.8418035155040684	-0.07393427591935074	389
full_step	51.49382570322512	0.1	7	23	8	3.2857142857142856	19042640068.84531	34491191.175233044	1.104771214923801	-0.0692386279030129	393
full_step	51.49382570322512	0.05	7	25	6	3.5714285714285716	19042640068.84531	15888969.086356172	1.104771214923801	-0.0692386279030129	393
half_step_1	51.49382570322512	0.025	6	16	7	2.6666666666666665	19042640068.84531	17145078.015457485	1.104771214923801	-0.0692386279030129	393
half_step_2	51.51882570322512	0.025	4	0	0	0	19042640068.84531	17059003.41315475	0.9439325815914401	-0.0715594339335164	388
full_step	51.54382570322512	0.1	7	22	8	3.142857142857143	19042640068.84531	26642198.612905324	0.7886101332487101	-0.07666438850164878	386
half_step_1	51.54382570322512	0.05	5	13	5	2.6	19042640068.84531	60743325.770105384	0.7886101332487101	-0.07666438850164878	386
half_step_2	51.593825703225114	0.05	6	11	7	1.8333333333333333	19042640068.84531	14558203.172547484	0.9841528011612013	-0.07089182036514584	374
full_step	51.64382570322512	0.1	6	16	7	2.6666666666666665	19042640068.84531	22929777.111985035	1.1454235358518758	-0.059041063741940944	387
half_step_1	51.64382570322512	0.05	8	31	7	3.875	19042640068.84531	15074447.437094042	1.1454235358518758	-0.059041063741940944	387
half_step_2	51.693825703225116	0.05	7	14	8	2	19042640068.84531	16718887.948289169	1.066083685515622	-0.05798077031505099	403
full_step	51.74382570322512	0.1	7	26	8	3.7142857142857144	19042640068.84531	24165187.353670795	1.26551870324667	-0.043860403329096465	391
half_step_1	51.74382570322512	0.05	10	33	8	3.3	19042640068.84531	15103001.095445445	1.26551870324667	-0.043860403329096465	391
half_step_2	51.79382570322512	0.05	6	17	8	2.8333333333333335	19042640068.84531	16424013.616662396	1.0518409875627412	-0.06018836408767653	397
full_step	51.84382570322512	0.1	8	34	9	4.25	19042640068.84531	39366449.74960993	1.2303473002912142	-0.05753462758920147	388
half_step_1	51.84382570322512	0.05	8	30	6	3.75	19042640068.84531	14763434.784720745	1.2303473002912142	-0.05753462758920147	388
half_step_2	51.89382570322512	0.05	7	24	7	3.4285714285714284	19042640068.84531	14747602.755637506	1.0662962970534977	-0.06250447797153574	386
full_step	51.94382570322512	0.1	8	33	8	4.125	19042640068.84531	37443597.60935741	1.244208192643356	-0.041782781055590544	381
half_step_1	51.94382570322512	0.05	9	30	7	3.3333333333333335	19042640068.84531	14353777.524727551	1.244208192643356	-0.041782781055590544	381
half_step_2	51.99382570322512	0.05	7	18	6	2.5714285714285716	19042640068.84531	15526384.228020275	1.0327209390266319	-0.059392894178031355	382
full_step	52.043825703225124	0.1	3	22	8	7.333333333333333	19042640068.84531	18389958.679142784	1.1982340536817162	-0.058980652626930974	390
half_step_1	52.043825703225124	0.05	5	14	6	2.8	19042640068.84531	16513016.356465306	1.1982340536817162	-0.058980652626930974	390
half_step_2	52.09382570322512	0.05	4	3	3	0.75	19042640068.84531	16582827.237674288	1.0581923953279784	-0.04885144926247286	401
full_step	52.143825703225126	0.1	7	23	8	3.2857142857142856	19042640068.84531	19080433.18005905	1.178949079553945	-0.07162828706753897	353
full_step	52.143825703225126	0.05	7	21	5	3	19042640068.84531	13766682.27553097	1.178949079553945	-0.07162828706753897	353
half_step_1	52.143825703225126	0.025	5	10	5	2	19042640068.84531	15156502.32825902	1.178949079553945	-0.07162828706753897	353
half_step_2	52.168825703225124	0.025	4	0	0	0	19042640068.84531	18641829.75575524	0.9663056403576888	-0.0707057258237454	374
full_step	52.19382570322512	0.1	8	30	9	3.75	19042640068.84531	72254525.54692848	0.7870073260728532	-0.07522136823411756	342
half_step_1	52.19382570322512	0.05	6	20	6	3.3333333333333335	19042640068.84531	49046960.22616333	0.7870073260728532	-0.07522136823411756	342
half_step_2	52.24382570322512	0.05	5	19	10	3.8	19042640068.84531	14775560.620601587	0.9055319852091088	-0.07197176141611168	357
full_step	52.293825703225124	0.1	9	43	8	4.777777777777778	19042640068.84531	79120460.62389885	1.0228265469226017	-0.06771982497714889	380
half_step_1	52.293825703225124	0.05	5	19	7	3.8	19042640068.84531	3052892.881895594	1.0228265469226017	-0.06771982497714889	380
half_step_2	52.34382570322512	0.05	5	18	6	3.6	19042640068.84531	2648979.58061172	1.1939007953845646	-0.058448716981949	409
full_step	52.393825703225126	0.1	6	18	7	3	19042640068.84531	13385368.238295184	1.2823139042858998	-0.05909305772971819	407
half_step_1	52.393825703225126	0.05	5	13	7	2.6	19042640068.84531	15079476.444886839	1.2823139042858998	-0.05909305772971819	407
half_step_2	52.44382570322512	0.05	3	0	0	0	19042640068.84531	13762443.607767746	1.0968561434568755	-0.06479202591878663	366
full_step	52.49382570322513	0.1	7	22	7	3.142857142857143	19042640068.84531	257660122.25103724	1.260448483668	-0.04031737695389355	390
half_step_1	52.49382570322513	0.05	6	27	9	4.5	19042640068.84531	5278975.13914839	1.260448483668	-0.04031737695389355	390
half_step_2	52.543825703225124	0.05	11	45	11	4.090909090909091	19042640068.84531	15697255.396997154	1.0984582892967865	-0.06393294975374021	411
full_step	52.59382570322513	0.1	6	23	8	3.8333333333333335	19042640068.84531	1861281.1265377281	1.2432041210932994	-0.05694703266058188	374
half_step_1	52.59382570322513	0.05	7	23	8	3.2857142857142856	19042640068.84531	15446441.631842893	1.2432041210932994	-0.05694703266058188	374
half_step_2	52.643825703225126	0.05	3	0	0	0	19042640068.84531	13988355.927023616	1.0763539789396361	-0.05939941858956907	369
full_step	52.69382570322513	0.1	6	19	9	3.1666666666666665	19042640068.84531	260297209.8925846	1.2306557832945657	-0.04913633012631962	386
half_step_1	52.69382570322513	0.05	7	23	8	3.2857142857142856	19042640068.84531	13698246.925215853	1.2306557832945657	-0.04913633012631962	386
half_step_2	52.74382570322513	0.05	9	22	8	2.4444444444444446	19042640068.84531	16495004.665684469	1.2841775668417768	-0.0600580312931244	382
full_step	52.79382570322513	0.1	8	32	9	4	19042640068.84531	258996773.39798808	1.0679188181907762	-0.058983420490721375	388
half_step_1	52.79382570322513	0.05	5	23	8	4.6	19042640068.84531	4054295.6774435146	1.0679188181907762	-0.058983420490721375	388
half_step_2	52.84382570322513	0.05	9	21	6	2.3333333333333335	19042640068.84531	14948212.218467044	1.1996372552910088	-0.06299083398807899	419
full_step	52.89382570322513	0.1	6	24	8	4	19042640068.84531	3736131.256674908	1.2855160863806816	-0.047176433358886306	379
half_step_1	52.89382570322513	0.05	5	14	7	2.8	19042640068.84531	15423403.644611193	1.2855160863806816	-0.047176433358886306	379
half_step_2	52.94382570322513	0.05	3	0	0	0	19042640068.84531	15619262.500390004	1.0950211364296365	-0.05828366960081869	389
full_step	52.993825703225134	0.1	7	24	7	3.4285714285714284	19042640068.84531	98461030.80287401	1.2270957306367336	-0.0673693906143075	366
half_step_1	52.993825703225134	0.05	4	14	6	3.5	19042640068.84531	4483261.558922754	1.2270957306367336	-0.0673693906143075	366
half_step_2	53.04382570322513	0.05	9	23	7	2.5555555555555554	19042640068.84531	15295413.425953876	1.2902436064854328	-0.04669390448128307	420
full_step	53.093825703225136	0.1	6	27	9	4.5	19042640068.84531	6574736.013920548	1.1209606741489893	-0.05420249463997866	378
half_step_1	53.093825703225136	0.05	4	6	6	1.5	19042640068.84531	15200172.602299538	1.1209606741489893	-0.05420249463997866	378
half_step_2	53.14382570322513	0.05	3	0	0	0	19042640068.84531	15134170.229460893	1.2477332637513143	-0.051704939864971586	375
full_step	53.19382570322514	0.1	6	19	7	3.1666666666666665	19042640068.84531	199062419.8471876	1.2890340187725826	-0.06134972219951373	359
half_step_1	53.19382570322514	0.05	5	22	7	4.4	19042640068.84531	2721206.105729744	1.2890340187725826	-0.06134972219951373	359
half_step_2	53.243825703225134	0.05	9	20	6	2.2222222222222223	19042640068.84531	15259077.432529576	1.1006914291874637	-0.05558977676391698	406
full_step	53.29382570322514	0.1	6	14	6	2.3333333333333335	19042640068.84531	22647613.413403288	1.2410596228264978	-0.0635696801341434	362
full_step	53.29382570322514	0.05	6	21	7	3.5	19042640068.84531	14927357.028327556	1.2410596228264978	-0.0635696801341434	362
half_step_1	53.29382570322514	0.025	5	10	5	2	19042640068.84531	208621624.699542	1.2410596228264978	-0.0635696801341434	362
half_step_2	53.31882570322514	0.025	3	0	0	0	19042640068.84531	275720185.41428995	1.023020249293836	-0.07546339551106761	346
full_step	53.343825703225136	0.1	7	28	9	4	19042640068.84531	113856805.23322567	0.8115743111499398	-0.07424960539205971	366
half_step_1	53.343825703225136	0.05	6	19	7	3.1666666666666665	19042640068.84531	53385690.62619775	0.8115743111499398	-0.07424960539205971	366
half_step_2	53.39382570322513	0.05	7	21	6	3	19042640068.84531	13716650.3407053	0.8839311013791757	-0.07109090356725183	362
full_step	53.44382570322514	0.1	6	23	9	3.8333333333333335	19042640068.84531	204873200.1267953	0.9870327949898297	-0.06442224919796782	374
half_step_1	53.44382570322514	0.05	5	19	6	3.8	19042640068.84531	15014418.959033722	0.9870327949898297	-0.06442224919796782	374
half_step_2	53.493825703225134	0.05	10	31	9	3.1	19042640068.84531	14712380.64132129	1.1166555946237224	-0.06061739627668686	410
full_step	53.54382570322514	0.1	5	16	9	3.2	19042640068.84531	3855988.0507529182	1.207686336076847	-0.0645960491038678	384
half_step_1	53.54382570322514	0.05	5	8	5	1.6	19042640068.84531	188263687.98667395	1.207686336076847	-0.0645960491038678	384
half_step_2	53.593825703225136	0.05	3	0	0	0	19042640068.84531	191133307.56753585	1.265027193734511	-0.06070449229328585	364
full_step	53.64382570322514	0.1	7	24	8	3.4285714285714284	19042640068.84531	73964285.62069488	1.3044313072072953	-0.06075343255976772	368
half_step_1	53.64382570322514	0.05	10	29	7	2.9	19042640068.84531	211571868.81474486	1.3044313072072953	-0.06075343255976772	368
half_step_2	53.69382570322514	0.05	6	11	8	1.8333333333333333	19042640068.84531	14400983.02945404	1.3267013611480252	-0.04242730179675691	375
full_step	53.74382570322514	0.1	6	16	8	2.6666666666666665	19042640068.84531	75641281.99175027	1.140254023116512	-0.06106663518372792	387
half_step_1	53.74382570322514	0.05	5	23	9	4.6	19042640068.84531	18335339.566946868	1.140254023116512	-0.06106663518372792	387
half_step_2	53.79382570322514	0.05	9	22	8	2.4444444444444446	19042640068.84531	15644551.952410467	1.2210458139481943	-0.06360997944488846	392
full_step	53.84382570322514	0.1	12	32	7	2.6666666666666665	19042640068.84531	96942597.9446461	1.2525177944366988	-0.06051652248454679	382
half_step_1	53.84382570322514	0.05	7	25	7	3.5714285714285716	19042640068.84531	12886612.674296655	1.2525177944366988	-0.06051652248454679	382
half_step_2	53.89382570322514	0.05	7	14	11	2	19042640068.84531	278933835.75229883	1.2801963071547107	-0.06304022541364904	372
full_step	53.943825703225144	0.1	7	28	7	4	19042640068.84531	21289720.261463307	1.2905110973182161	-0.06235232769355586	374
half_step_1	53.943825703225144	0.05	8	29	7	3.625	19042640068.84531	203150447.06572455	1.2905110973182161	-0.06235232769355586	374
half_step_2	53.99382570322514	0.05	6	21	6	3.5	19042640068.84531	16097276.307815209	1.2983080360037889	-0.05925094885530995	368
full_step	54.043825703225146	0.1	5	17	8	3.4	19042640068.84531	14454817.243964488	1.3052344036520651	-0.06468278756985706	394
half_step_1	54.043825703225146	0.05	4	8	5	2	19042640068.84531	251415473.2743105	1.3052344036520651	-0.06468278756985706	394
half_step_2	54.09382570322514	0.05	3	0	0	0	19042640068.84531	13792242.869898159	1.3130911987676939	-0.06733069588452917	376
full_step	54.14382570322515	0.1	5	12	6	2.4	19042640068.84531	173914589.59800154	1.3104441136288756	-0.06528973490993084	383
half_step_1	54.14382570322515	0.05	7	23	7	3.2857142857142856	19042640068.84531	189842396.39888284	1.3104441136288756	-0.06528973490993084	383
half_step_2	54.193825703225144	0.05	5	9	7	1.8	19042640068.84531	13671743.7830476	1.3087657011374176	-0.062631755875056	383
full_step	54.24382570322515	0.1	4	10	7	2.5	19042640068.84531	18155484.69776592	1.3108923870703393	-0.0632282210212965	382
half_step_1	54.24382570322515	0.05	3	14	11	4.666666666666667	19042640068.84531	15451815.688162643	1.3108923870703393	-0.0632282210212965	382
half_step_2	54.293825703225146	0.05	5	19	7	3.8	19042640068.84531	12845875.534415806	1.3099947512440338	-0.06412248853694867	387
full_step	54.34382570322515	0.1	4	9	6	2.25	19042640068.84531	12817552.979474898	1.3062586546134298	-0.06892871646140941	384
half_step_1	54.34382570322515	0.05	3	0	0	0	19042640068.84531	219721676.46245316	1.3062586546134298	-0.06892871646140941	384
half_step_2	54.39382570322515	0.05	3	0	0	0	19042640068.84531	15753998.85998956	1.2975780058227429	-0.06319380066222709	398
full_step	54.44382570322515	0.1	5	7	3	1.4	19042640068.84531	174139661.48961392	1.2920352907638915	-0.061029590830051605	384
half_step_1	54.44382570322515	0.05	6	18	8	3	19042640068.84531	194549875.33714303	1.2920352907638915	-0.061029590830051605	384
half_step_2	54.49382570322515	0.05	6	14	7	2.3333333333333335	19042640068.84531	12310578.711598828	1.2896656943696883	-0.06439075494370611	368
full_step	54.54382570322515	0.1	3	3	3	1	19042640068.84531	18505056.16276898	1.281774564892089	-0.06192113162066566	385
half_step_1	54.54382570322515	0.05	4	16	11	4	19042640068.84531	15117850.680344576	1.281774564892089	-0.06192113162066566	385
half_step_2	54.59382570322515	0.05	6	15	5	2.5	19042640068.84531	13118175.507408531	1.276508826111126	-0.06286521863224857	375
full_step	54.643825703225154	0.1	5	8	3	1.6	19042640068.84531	183627449.76576596	1.271961673899483	-0.06289367496398694	386
half_step_1	54.643825703225154	0.05	6	18	8	3	19042640068.84531	195874095.61826974	1.271961673899483	-0.06289367496398694	386
half_step_2	54.69382570322515	0.05	6	22	7	3.6666666666666665	19042640068.84531	16691056.241860878	1.2676143359044545	-0.060713764441762	366
full_step	54.743825703225156	0.1	3	3	3	1	19042640068.84531	13697443.889584675	1.2646281338124368	-0.06338116044467132	388
half_step_1	54.743825703225156	0.05	3	0	0	0	19042640068.84531	250874379.60530764	1.2646281338124368	-0.06338116044467132	388
half_step_2	54.79382570322515	0.05	3	0	0	0	19042640068.84531	308631673.0474999	1.2599737115500602	-0.06326401132492163	384
full_step	54.84382570322516	0.1	5	6	3	1.2	19042640068.84531	196557782.13905483	1.2553663659131473	-0.05886395237615691	387
half_step_1	54.84382570322516	0.05	5	14	9	2.8	19042640068.84531	15543873.135495456	1.2553663659131473	-0.05886395237615691	387
half_step_2	54.893825703225154	0.05	9	16	5	1.7777777777777777	19042640068.84531	376138744.5946222	1.2510045373999503	-0.060382775160119424	388
full_step	54.94382570322516	0.1	5	9	4	1.8	19042640068.84531	176926918.5050351	1.2475106594793317	-0.061678342612877114	378
half_step_1	54.94382570322516	0.05	5	11	6	2.2	19042640068.84531	13057465.975907445	1.2475106594793317	-0.061678342612877114	378
half_step_2	54.993825703225156	0.05	8	20	7	2.5	19042640068.84531	348998133.1096056	1.2448467470334208	-0.06266621725138272	380
full_step	55.04382570322516	0.1	5	7	4	1.4	19042640068.84531	171594408.20259216	1.2429296367099312	-0.06004668221829756	379
half_step_1	55.04382570322516	0.05	9	21	8	2.3333333333333335	19042640068.84531	293755650.79696506	1.2429296367099312	-0.06004668221829756	379
half_step_2	55.09382570322516	0.05	10	32	6	3.2	19042640068.84531	284194939.5177625	0.5173144339210012	-0.08180959420362097	300
full_step	55.04382570322516	0.0749489447582408	6	11	5	1.8333333333333333	19042640068.84531	232045111.737903	1.2429296367099312	-0.06004668221829756	379
half_step_1	55.04382570322516	0.0374744723791204	5	0	0	0	19042640068.84531	305338642.5361075	1.2429296367099312	-0.06004668221829756	379
half_step_2	55.081300175604284	0.0374744723791204	5	11	8	2.2	19042640068.84531	292480032.77806985	0.6325970593843522	-0.08194518349215239	290
full_step	55.1187746479834	0.0749489447582408	6	0	0	0	19042640068.84531	251948085.33772042	0.8908960424473129	-0.052179711451643615	338
half_step_1	55.1187746479834	0.0374744723791204	11	37	8	3.3636363636363638	19042640068.84531	50821873.35582913	0.8908960424473129	-0.052179711451643615	338
half_step_2	55.156249120362524	0.0374744723791204	4	16	7	4	19042640068.84531	154956090.28238627	0.4793927059964602	-0.07288599407498494	335
full_step	55.19372359274164	0.1	7	4	4	0.5714285714285714	19042640068.84531	160796654.66978595	0.23730475324317624	-0.08275796430032255	333
half_step_1	55.19372359274164	0.05	9	37	9	4.111111111111111	19042640068.84531	140533504.99170095	0.23730475324317624	-0.08275796430032255	333
half_step_2	55.24372359274164	0.05	9	25	10	2.7777777777777777	19042640068.84531	169556977.80303252	0.10177717671632891	-0.08650108549380156	312
full_step	55.29372359274164	0.1	5	4	4	0.8	19042640068.84531	186665719.5109056	0.24729752476820366	-0.07606266403444356	298
full_step	55.29372359274164	0.05	5	6	3	1.2	19042640068.84531	162545238.1715657	0.24729752476820366	-0.07606266403444356	298
half_step_1	55.29372359274164	0.025	6	6	6	1	19042640068.84531	163238425.4095235	0.24729752476820366	-0.07606266403444356	298
half_step_2	55.31872359274164	0.025	6	10	10	1.6666666666666667	19042640068.84531	180817151.60703477	0.17882016828989222	-0.07611588441818988	307
full_step	55.34372359274164	0.1	5	5	5	1	19042640068.84531	552472154.1713458	0.0937750995167761	-0.08286543116317704	301
full_step	55.34372359274164	0.05	5	18	5	3.6	19042640068.84531	169584489.750297	0.0937750995167761	-0.08286543116317704	301
half_step_1	55.34372359274164	0.025	3	10	8	3.3333333333333335	19042640068.84531	176701409.72418943	0.0937750995167761	-0.08286543116317704	301
half_step_2	55.36872359274164	0.025	7	16	8	2.2857142857142856	19042640068.84531	559005136.8372172	0.09378094100267731	-0.08162585413837739	285
full_step	55.39372359274164	0.08582093445204185	3	5	5	1.6666666666666667	19042640068.84531	564110020.4020411	0.09377482253886171	-0.08370572736168709	269
full_step	55.39372359274164	0.042910467226020925	2	0	0	0	19042640068.84531	483992187.6304761	0.09377482253886171	-0.08370572736168709	269
half_step_1	55.39372359274164	0.021455233613010462	2	2	2	1	19042640068.84531	409055725.49003595	0.09377482253886171	-0.08370572736168709	269
half_step_2	55.41517882635465	0.021455233613010462	3	12	7	4	19042640068.84531	427189318.5608912	0.09378074245546486	-0.08085322033969812	266
full_step	55.43663405996766	0.1	4	12	7	3	19042640068.84531	612224253.3112389	0.09378836203831042	-0.08141112017248507	269
full_step	55.43663405996766	0.05	4	5	5	1.25	19042640068.84531	524286818.2807292	0.09378836203831042	-0.08141112017248507	269
full_step	55.43663405996766	0.025	3	5	5	1.6666666666666667	19042640068.84531	458015609.8708272	0.09378836203831042	-0.08141112017248507	269
full_step	55.43663405996766	0.0125	2	4	4	2	19042640068.84531	341478302.204544	0.09378836203831042	-0.08141112017248507	269
half_step_1	55.43663405996766	0.00625	3	3	3	1	19042640068.84531	193844169.00651988	0.09378836203831042	-0.08141112017248507	269
half_step_2	55.44288405996766	0.00625	1	3	3	3	19042640068.84531	15530186.306804132	0.09384179035660623	-0.07983058301467214	282
full_step	55.44913405996766	0.0625	2	1	1	0.5	19042640068.84531	600774151.7976038	0.09386126842444753	-0.07924875076027296	279
full_step	55.44913405996766	0.03125	2	1	1	0.5	19042640068.84531	513786097.9729069	0.09386126842444753	-0.07924875076027296	279
full_step	55.44913405996766	0.015625	2	1	1	0.5	19042640068.84531	397831026.7034629	0.09386126842444753	-0.07924875076027296	279
full_step	55.44913405996766	0.0078125	2	1	1	0.5	19042640068.84531	252367185.7767924	0.09386126842444753	-0.07924875076027296	279
half_step_1	55.44913405996766	0.00390625	2	1	1	0.5	19042640068.84531	111864013.00533894	0.09386126842444753	-0.07924875076027296	279
half_step_2	55.45304030996766	0.00390625	2	2	2	1	19042640068.84531	112066150.56261827	0.09386693246298705	-0.08070040424074033	274
full_step	55.45694655996766	0.0390625	2	0	0	0	19042640068.84531	566389801.3068419	0.09388422528955687	-0.0765094984949483	289
full_step	55.45694655996766	0.01953125	1	0	0	0	19042640068.84531	449752618.6110961	0.09388422528955687	-0.0765094984949483	289
full_step	55.45694655996766	0.009765625	1	0	0	0	19042640068.84531	311891275.74284256	0.09388422528955687	-0.0765094984949483	289
full_step	55.45694655996766	0.0048828125	1	0	0	0	19042640068.84531	151779890.30837786	0.09388422528955687	-0.0765094984949483	289
full_step	55.45694655996766	0.00244140625	1	0	0	0	19042640068.84531	49881265.65811397	0.09388422528955687	-0.0765094984949483	289
half_step_1	55.45694655996766	0.001220703125	1	0	0	0	19042640068.84531	14555382.45715273	0.09388422528955687	-0.0765094984949483	289
half_step_2	55.45816726309266	0.001220703125	14	27	7	1.9285714285714286	19042640068.84531	18709793.73057228	0.26428019971465133	-0.0855963712697269	288
full_step	55.45938796621766	0.01220703125	15	51	9	3.4	19042640068.84531	391012000.5718841	0.24250411431953722	-0.07795611736287304	293
half_step_1	55.45938796621766	0.006103515625	10	37	9	3.7	19042640068.84531	230491903.9000955	0.24250411431953722	-0.07795611736287304	293
half_step_2	55.46549148184266	0.006103515625	4	8	6	2	19042640068.84531	182225451.21236333	0.13955858984195402	-0.086094561907944	288
full_step	55.47159499746766	0.06103515625	6	28	12	4.666666666666667	19042640068.84531	661887352.6952541	0.12087651347538042	-0.08337146385080428	287
half_step_1	55.47159499746766	0.030517578125	5	27	12	5.4	19042640068.84531	530015322.2852395	0.12087651347538042	-0.08337146385080428	287
half_step_2	55.50211257559266	0.030517578125	14	48	7	3.4285714285714284	19042640068.84531	500756855.91601676	0.09979541255145818	-0.08237107671197214	318
full_step	55.53263015371766	0.09184713517599459	6	15	7	2.5	19042640068.84531	670037528.7201287	0.09941480206094866	-0.08268528403194775	291
full_step	55.53263015371766	0.045923567587997295	5	13	6	2.6	19042640068.84531	548075006.2070857	0.09941480206094866	-0.08268528403194775	291
full_step	55.53263015371766	0.022961783793998648	5	10	5	2	19042640068.84531	472623357.2086078	0.09941480206094866	-0.08268528403194775	291
full_step	55.53263015371766	0.011480891896999324	5	9	4	1.8	19042640068.84531	336762620.18238074	0.09941480206094866	-0.08268528403194775	291
half_step_1	55.53263015371766	0.005740445948499662	4	5	3	1.25	19042640068.84531	183336254.92543224	0.09941480206094866	-0.08268528403194775	291
half_step_2	55.53837059966616	0.005740445948499662	1	4	4	4	19042640068.84531	14546686.997906717	0.09839097270229047	-0.08500763922907051	274
full_step	55.54411104561466	0.05740445948499662	5	9	5	1.8	19042640068.84531	515901879.88900334	0.09715631051831508	-0.08395908381758939	269
full_step	55.54411104561466	0.02870222974249831	4	4	4	1	19042640068.84531	460638979.04200363	0.09715631051831508	-0.08395908381758939	269
full_step	55.54411104561466	0.014351114871249154	3	2	2	0.6666666666666666	19042640068.84531	362720041.5008706	0.09715631051831508	-0.08395908381758939	269
full_step	55.54411104561466	0.007175557435624577	3	2	2	0.6666666666666666	19042640068.84531	224609252.70915306	0.09715631051831508	-0.08395908381758939	269
half_step_1	55.54411104561466	0.0035877787178122886	2	0	0	0	19042640068.84531	96959075.64851983	0.09715631051831508	-0.08395908381758939	269
half_step_2	55.54769882433248	0.0035877787178122886	10	26	7	2.6	19042640068.84531	94766298.92326926	0.09633636502853449	-0.08807862285353504	301
full_step	55.551286603050286	0.035877787178122886	17	63	9	3.7058823529411766	19042640068.84531	485228935.994718	0.09950928994936703	-0.09198867134555465	329
half_step_1	55.551286603050286	0.017938893589061443	9	21	8	2.3333333333333335	19042640068.84531	384367479.2980008	0.09950928994936703	-0.09198867134555465	329
half_step_2	55.56922549663935	0.017938893589061443	6	25	8	4.166666666666667	19042640068.84531	402510405.791098	0.09993655873880414	-0.08345565049339983	274
full_step	55.58716439022841	0.1	17	48	10	2.823529411764706	19042640068.84531	16403591.259247318	1.210800673237924	-0.022486937953472525	392
half_step_1	55.58716439022841	0.05	7	16	8	2.2857142857142856	19042640068.84531	56721917.59643555	1.210800673237924	-0.022486937953472525	392
half_step_2	55.637164390228406	0.05	7	14	6	2	19042640068.84531	96222359.31021707	0.5325174842887717	-0.05558125086846468	337
full_step	55.68716439022841	0.1	17	65	9	3.823529411764706	19042640068.84531	22427654.715065148	1.0447029016732756	0.02131831428214433	573
half_step_1	55.68716439022841	0.05	17	68	8	4	19042640068.84531	50701467.562321045	1.0447029016732756	0.02131831428214433	573
half_step_2	55.73716439022841	0.05	5	8	6	1.6	19042640068.84531	281880395.65675163	0.3086297143515324	-0.08266466072451811	350
full_step	55.78716439022841	0.1	11	40	9	3.6363636363636362	19042640068.84531	435025270.54231673	0.0943849891612274	-0.09151827810291414	318
full_step	55.78716439022841	0.05	9	20	6	2.2222222222222223	19042640068.84531	342318961.4276448	0.0943849891612274	-0.09151827810291414	318
half_step_1	55.78716439022841	0.025	11	40	10	3.6363636363636362	19042640068.84531	309927756.90896904	0.0943849891612274	-0.09151827810291414	318
half_step_2	55.81216439022841	0.025	6	15	6	2.5	19042640068.84531	321324550.71440727	0.09413926217821711	-0.08472506153900337	288
full_step	55.83716439022841	0.1	7	36	8	5.142857142857143	19042640068.84531	575775035.3418412	0.09336294225664687	-0.09059748595079509	285
full_step	55.83716439022841	0.05	10	15	6	1.5	19042640068.84531	522551019.1070229	0.09336294225664687	-0.09059748595079509	285
full_step	55.83716439022841	0.025	6	12	4	2	19042640068.84531	384582373.81911576	0.09336294225664687	-0.09059748595079509	285
half_step_1	55.83716439022841	0.0125	6	19	7	3.1666666666666665	19042640068.84531	350490006.5995537	0.09336294225664687	-0.09059748595079509	285
half_step_2	55.84966439022841	0.0125	4	7	7	1.75	19042640068.84531	356552445.4606164	0.09284080469856804	-0.07972260538744859	277
full_step	55.86216439022841	0.07181382841951937	19	81	11	4.2631578947368425	19042640068.84531	31372897.826719828	1.711560314457274	-0.0036972900553873217	334
half_step_1	55.86216439022841	0.03590691420975969	18	62	8	3.4444444444444446	19042640068.84531	20475339.590434168	1.711560314457274	-0.0036972900553873217	334
half_step_2	55.89807130443817	0.03590691420975969	5	0	0	0	19042640068.84531	22899059.987582706	1.0105777037135084	-0.0738286879431894	327
full_step	55.93397821864793	0.1	5	17	8	3.4	19042640068.84531	4155506.379854136	0.29093014533265205	-0.09945331356589009	384
half_step_1	55.93397821864793	0.05	5	10	7	2	19042640068.84531	30974201.455272652	0.29093014533265205	-0.09945331356589009	384
half_step_2	55.98397821864793	0.05	8	29	7	3.625	19042640068.84531	45093364.7372954	0.09380174794986829	-0.09773562675948952	403
full_step	56.03397821864793	0.1	6	30	9	5	19042640068.84531	19571874.66597077	0.09510145130894898	-0.10146497226010064	390
half_step_1	56.03397821864793	0.05	6	24	7	4	19042640068.84531	17791201.126698736	0.09510145130894898	-0.10146497226010064	390
half_step_2	56.08397821864793	0.05	1	12	12	12	19042640068.84531	236981420.8687661	0.09514909665428206	-0.09477004920602596	400
full_step	56.13397821864793	0.1	9	37	8	4.111111111111111	19042640068.84531	23022989.090355255	0.11333243957409422	-0.09207635421189678	395
half_step_1	56.13397821864793	0.05	8	42	8	5.25	19042640068.84531	15274148.899804624	0.11333243957409422	-0.09207635421189678	395
half_step_2	56.18397821864793	0.05	7	16	6	2.2857142857142856	19042640068.84531	19725149.31018848	0.0989471401675246	-0.08808103316637927	407
full_step	56.233978218647934	0.1	9	48	9	5.333333333333333	19042640068.84531	16812558.247461278	0.0953740762979578	-0.09327678038459684	382
half_step_1	56.233978218647934	0.05	14	60	8	4.285714285714286	19042640068.84531	15965747.291696344	0.0953740762979578	-0.09327678038459684	382
half_step_2	56.28397821864793	0.05	8	36	14	4.5	19042640068.84531	8690659.944014318	0.09477474676370434	-0.09316521567666544	397
full_step	56.333978218647935	0.1	6	22	7	3.6666666666666665	19042640068.84531	23013136.69211422	0.09476937685253972	-0.09146408382252084	412
half_step_1	56.333978218647935	0.05	6	30	7	5	19042640068.84531	25552749.08637009	0.09476937685253972	-0.09146408382252084	412
half_step_2	56.38397821864793	0.05	6	25	8	4.166666666666667	19042640068.84531	9445693.248085577	0.09637326148620673	-0.0904700630544121	406
full_step	56.43397821864794	0.1	7	29	9	4.142857142857143	19042640068.84531	17695170.831144605	0.09544410360072675	-0.09504804345622356	389
half_step_1	56.43397821864794	0.05	14	50	8	3.5714285714285716	19042640068.84531	15616695.06919048	0.09544410360072675	-0.09504804345622356	389
half_step_2	56.483978218647934	0.05	6	31	8	5.166666666666667	19042640068.84531	9821566.074854512	0.09467600989029279	-0.09444441938777592	401
full_step	56.53397821864794	0.1	7	31	9	4.428571428571429	19042640068.84531	19959945.045056954	0.09479982667609477	-0.09553169664895161	397
half_step_1	56.53397821864794	0.05	6	36	9	6	19042640068.84531	18698168.555275984	0.09479982667609477	-0.09553169664895161	397
half_step_2	56.583978218647935	0.05	6	25	7	4.166666666666667	19042640068.84531	6632442.0995786665	0.09558721904208767	-0.09491520388263983	392
full_step	56.63397821864794	0.1	6	20	7	3.3333333333333335	19042640068.84531	17656697.197341174	0.09507304391313198	-0.0942844547304016	400
half_step_1	56.63397821864794	0.05	7	44	9	6.285714285714286	19042640068.84531	29359237.700213462	0.09507304391313198	-0.0942844547304016	400
half_step_2	56.68397821864794	0.05	4	22	9	5.5	19042640068.84531	12204031.813330023	0.09516084711289352	-0.09390160337078872	395
full_step	56.73397821864794	0.1	7	31	9	4.428571428571429	19042640068.84531	17176163.276133966	0.09891389903620507	-0.0911172655399414	410
half_step_1	56.73397821864794	0.05	6	33	8	5.5	19042640068.84531	130313148.29646072	0.09891389903620507	-0.0911172655399414	410
half_step_2	56.78397821864794	0.05	6	26	14	4.333333333333333	19042640068.84531	10889658.71053898	0.09571816318623405	-0.0894411353444105	401
full_step	56.83397821864794	0.1	7	31	10	4.428571428571429	19042640068.84531	19538513.89617924	0.09500227293962382	-0.09573718539722312	390
half_step_1	56.83397821864794	0.05	6	36	8	6	19042640068.84531	29599626.720284842	0.09500227293962382	-0.09573718539722312	390
half_step_2	56.88397821864794	0.05	6	31	10	5.166666666666667	19042640068.84531	11506183.101994593	0.09522089284467938	-0.09127249038524397	408
full_step	56.933978218647944	0.1	6	29	9	4.833333333333333	19042640068.84531	18719358.538038034	0.0947688118866381	-0.0958959291169288	386
half_step_1	56.933978218647944	0.05	5	29	9	5.8	19042640068.84531	17121103.94238181	0.0947688118866381	-0.0958959291169288	386
half_step_2	56.98397821864794	0.05	5	22	9	4.4	19042640068.84531	12081260.984929333	0.09435474240621033	-0.09653929158077186	406
full_step	57.033978218647945	0.1	5	26	9	5.2	19042640068.84531	108748587.89146173	0.09385133660229883	-0.10086413498234106	400
half_step_1	57.033978218647945	0.05	4	20	6	5	19042640068.84531	16245156.295147253	0.09385133660229883	-0.10086413498234106	400
half_step_2	57.08397821864794	0.05	2	11	6	5.5	19042640068.84531	43156339.6810373	0.09436408707908583	-0.09804596007775686	405
full_step	57.13397821864795	0.1	7	36	8	5.142857142857143	19042640068.84531	15439722.817136234	0.10791655488836227	-0.09771739592175087	416
half_step_1	57.13397821864795	0.05	6	30	8	5	19042640068.84531	11081124.497117206	0.10791655488836227	-0.09771739592175087	416
half_step_2	57.183978218647944	0.05	4	14	5	3.5	19042640068.84531	10552884.77668993	0.09525607293683436	-0.09739689327214715	407
full_step	57.23397821864795	0.1	6	31	8	5.166666666666667	19042640068.84531	23017275.576642144	0.09409222123150585	-0.09565221074254435	415
half_step_1	57.23397821864795	0.05	4	22	8	5.5	19042640068.84531	29262376.55526322	0.09409222123150585	-0.09565221074254435	415
half_step_2	57.283978218647945	0.05	4	19	7	4.75	19042640068.84531	12022798.916710528	0.09569985382943003	-0.09471976375687169	391
full_step	57.33397821864795	0.1	5	20	8	4	19042640068.84531	17452683.687244464	0.0961674677106572	-0.09403525020676223	404
half_step_1	57.33397821864795	0.05	9	43	11	4.777777777777778	19042640068.84531	16920415.834722564	0.0961674677106572	-0.09403525020676223	404
half_step_2	57.38397821864795	0.05	3	20	8	6.666666666666667	19042640068.84531	15161420.561131664	0.09489563558129532	-0.09686138329108025	395
full_step	57.43397821864795	0.1	6	23	10	3.8333333333333335	19042640068.84531	14951986.831556482	0.10335183642749257	-0.09426431807237089	400
half_step_1	57.43397821864795	0.05	4	20	8	5	19042640068.84531	9179713.166079016	0.10335183642749257	-0.09426431807237089	400
half_step_2	57.48397821864795	0.05	4	14	6	3.5	19042640068.84531	8602170.602150884	0.09525673468623097	-0.09442098384060076	399
full_step	57.53397821864795	0.1	6	26	10	4.333333333333333	19042640068.84531	68802477.9721872	0.09450046372703014	-0.09193180207655872	410
half_step_1	57.53397821864795	0.05	5	22	6	4.4	19042640068.84531	23478748.1565539	0.09450046372703014	-0.09193180207655872	410
half_step_2	57.58397821864795	0.05	5	19	6	3.8	19042640068.84531	7352411.152986305	0.09587480193759745	-0.09875299362115579	382
full_step	57.633978218647954	0.1	5	21	10	4.2	19042640068.84531	4333567.696876946	0.09524365612945473	-0.09495524123476727	400
half_step_1	57.633978218647954	0.05	6	32	7	5.333333333333333	19042640068.84531	13568127.62891447	0.09524365612945473	-0.09495524123476727	400
half_step_2	57.68397821864795	0.05	6	34	10	5.666666666666667	19042640068.84531	12483465.066200139	0.09471585177574582	-0.0970416446179453	397
full_step	57.733978218647955	0.1	5	20	9	4	19042640068.84531	31378770.3269914	0.09508943750725507	-0.09617492713977252	399
half_step_1	57.733978218647955	0.05	5	21	7	4.2	19042640068.84531	14835953.6991259	0.09508943750725507	-0.09617492713977252	399
half_step_2	57.78397821864795	0.05	3	12	5	4	19042640068.84531	8019052.725469673	0.09357523659369349	-0.09703392073185603	402
full_step	57.83397821864796	0.1	6	24	8	4	19042640068.84531	7167658.325609059	0.09409932412246746	-0.09667345527274047	403
half_step_1	57.83397821864796	0.05	4	28	10	7	19042640068.84531	27249825.55808194	0.09409932412246746	-0.09667345527274047	403
half_step_2	57.883978218647954	0.05	4	16	6	4	19042640068.84531	10130462.498648545	0.09547517792876192	-0.09410745720227746	405
full_step	57.93397821864796	0.1	5	16	7	3.2	19042640068.84531	18177947.938785285	0.09557280103089738	-0.09407242032527709	391
half_step_1	57.93397821864796	0.05	4	24	10	6	19042640068.84531	18570059.238756493	0.09557280103089738	-0.09407242032527709	391
half_step_2	57.983978218647955	0.05	5	19	7	3.8	19042640068.84531	8792523.58362029	0.09519689925531338	-0.0936883326877605	390
full_step	58.03397821864796	0.1	5	15	5	3	19042640068.84531	124447070.68317816	0.09494355450742376	-0.09553122034255206	392
half_step_1	58.03397821864796	0.05	4	21	8	5.25	19042640068.84531	20139920.872699108	0.09494355450742376	-0.09553122034255206	392
half_step_2	58.08397821864796	0.05	3	16	6	5.333333333333333	19042640068.84531	18791215.477215134	0.09567421758879391	-0.09045801306442729	401
full_step	58.13397821864796	0.1	5	16	9	3.2	19042640068.84531	14554480.34134552	0.1074759028910961	-0.09244352988825506	407
half_step_1	58.13397821864796	0.05	4	18	7	4.5	19042640068.84531	7692151.05830577	0.1074759028910961	-0.09244352988825506	407
half_step_2	58.18397821864796	0.05	3	12	5	4	19042640068.84531	11323143.847603634	0.09577748747017267	-0.09219866376684455	383
full_step	58.23397821864796	0.1	5	13	7	2.6	19042640068.84531	20803600.568149056	0.09536411740911888	-0.09181473639997176	387
half_step_1	58.23397821864796	0.05	4	16	6	4	19042640068.84531	16538014.16756083	0.09536411740911888	-0.09181473639997176	387
half_step_2	58.28397821864796	0.05	6	21	6	3.5	19042640068.84531	11039503.969191607	0.09584778557827178	-0.09083758867794567	401
full_step	58.333978218647964	0.1	6	23	8	3.8333333333333335	19042640068.84531	15135915.780885564	0.09535970000236205	-0.09390400704789133	392
half_step_1	58.333978218647964	0.05	5	22	6	4.4	19042640068.84531	17464729.88266953	0.09535970000236205	-0.09390400704789133	392
half_step_2	58.38397821864796	0.05	4	12	5	3	19042640068.84531	7952781.82094056	0.09528205338588691	-0.09246631265614026	391
full_step	58.433978218647965	0.1	5	19	8	3.8	19042640068.84531	19465909.49024343	0.09454985605123056	-0.09496995970514535	382
half_step_1	58.433978218647965	0.05	4	22	9	5.5	19042640068.84531	15853114.032916458	0.09454985605123056	-0.09496995970514535	382
half_step_2	58.48397821864796	0.05	6	18	5	3	19042640068.84531	10955046.256344438	0.09571430704930606	-0.09114472824857263	408
full_step	58.53397821864797	0.1	5	14	6	2.8	19042640068.84531	20263004.128179107	0.09531331808022969	-0.09273284064885365	393
half_step_1	58.53397821864797	0.05	4	14	6	3.5	19042640068.84531	8315007.772834445	0.09531331808022969	-0.09273284064885365	393
half_step_2	58.583978218647964	0.05	3	11	5	3.6666666666666665	19042640068.84531	16659491.89559356	0.09511193359492154	-0.09152812075465966	407
full_step	58.63397821864797	0.1	4	12	8	3	19042640068.84531	125856463.39208193	0.09521909634624137	-0.09415088090530215	391
half_step_1	58.63397821864797	0.05	10	37	8	3.7	19042640068.84531	8032950.965906173	0.09521909634624137	-0.09415088090530215	391
half_step_2	58.683978218647965	0.05	1	3	3	3	19042640068.84531	202175022.5760067	0.09478549006871617	-0.0939137473640674	386
full_step	58.73397821864797	0.1	6	31	7	5.166666666666667	19042640068.84531	87182032.05114777	0.11228378157478858	-0.09773290056669434	385
half_step_1	58.73397821864797	0.05	7	32	8	4.571428571428571	19042640068.84531	12683729.585267454	0.11228378157478858	-0.09773290056669434	385
half_step_2	58.78397821864797	0.05	8	26	7	3.25	19042640068.84531	8951175.915600473	0.09786844075314605	-0.09221566746964009	441
full_step	58.83397821864797	0.1	7	24	8	3.4285714285714284	19042640068.84531	50566203.60149692	0.09718055439776663	-0.09543859280469863	390
half_step_1	58.83397821864797	0.05	6	35	8	5.833333333333333	19042640068.84531	120134556.94303189	0.09718055439776663	-0.09543859280469863	390
half_step_2	58.88397821864797	0.05	5	21	8	4.2	19042640068.84531	12678142.321732245	0.09443442657374135	-0.09549195811991824	400
full_step	58.93397821864797	0.1	5	17	8	3.4	19042640068.84531	19274781.531352535	0.0941349900091808	-0.09517618375575719	391
half_step_1	58.93397821864797	0.05	10	47	8	4.7	19042640068.84531	10463848.779097982	0.0941349900091808	-0.09517618375575719	391
half_step_2	58.98397821864797	0.05	4	14	5	3.5	19042640068.84531	7947936.974774335	0.0941259458030288	-0.09316822480227696	399
full_step	59.033978218647974	0.1	3	9	7	3	19042640068.84531	15194675.516807234	0.09424614955139532	-0.09873193552366902	388
half_step_1	59.033978218647974	0.05	5	31	9	6.2	19042640068.84531	10640955.027782466	0.09424614955139532	-0.09873193552366902	388
half_step_2	59.08397821864797	0.05	4	13	7	3.25	19042640068.84531	17493243.79041102	0.09393784730363564	-0.09837038371345867	423
full_step	59.133978218647975	0.1	5	18	7	3.6	19042640068.84531	20585313.46508643	0.09520262516979017	-0.09347598456092525	399
half_step_1	59.133978218647975	0.05	8	37	10	4.625	19042640068.84531	11094890.856050907	0.09520262516979017	-0.09347598456092525	399
half_step_2	59.18397821864797	0.05	5	19	8	3.8	19042640068.84531	17935977.5745936	0.0948881749859396	-0.09543430346845562	404
full_step	59.23397821864798	0.1	6	20	7	3.3333333333333335	19042640068.84531	59635398.123287655	0.09461360292382892	-0.09586171162887776	395
half_step_1	59.23397821864798	0.05	11	57	8	5.181818181818182	19042640068.84531	10655310.594202654	0.09461360292382892	-0.09586171162887776	395
half_step_2	59.283978218647974	0.05	4	17	5	4.25	19042640068.84531	15674635.946856711	0.09464580572212355	-0.09468979748338312	398
full_step	59.33397821864798	0.1	4	17	8	4.25	19042640068.84531	15890961.542892555	0.0990244425799176	-0.09499205306258653	403
half_step_1	59.33397821864798	0.05	4	18	7	4.5	19042640068.84531	11558829.973576333	0.0990244425799176	-0.09499205306258653	403
half_step_2	59.383978218647975	0.05	4	5	5	1.25	19042640068.84531	8579831.555402683	0.0950064392748402	-0.09824942022877597	388
full_step	59.43397821864798	0.1	5	15	7	3	19042640068.84531	16726732.541354733	0.09456623714905277	-0.09703790150134574	403
full_step	59.43397821864798	0.05	6	18	7	3	19042640068.84531	9917940.274477333	0.09456623714905277	-0.09703790150134574	403
half_step_1	59.43397821864798	0.025	6	17	5	2.8333333333333335	19042640068.84531	22083534.112055026	0.09456623714905277	-0.09703790150134574	403
half_step_2	59.45897821864798	0.025	3	10	5	3.3333333333333335	19042640068.84531	69269496.07540144	0.09463685064001481	-0.09677808324362183	391
full_step	59.48397821864798	0.1	17	52	7	3.0588235294117645	19042640068.84531	197693862.67516336	0.9917868107220897	-0.09528180117157209	401
half_step_1	59.48397821864798	0.05	17	48	9	2.823529411764706	19042640068.84531	321241373.4111011	0.9917868107220897	-0.09528180117157209	401
half_step_2	59.533978218647974	0.05	3	6	4	2	19042640068.84531	698430235.9796611	0.30830229670075937	-0.05059854972468404	210
full_step	59.48397821864798	0.05	19	63	8	3.3157894736842106	19042640068.84531	309241993.05711657	0.9917868107220897	-0.09528180117157209	401
half_step_1	59.48397821864798	0.025	12	40	9	3.3333333333333335	19042640068.84531	426516701.8691859	0.9917868107220897	-0.09528180117157209	401
half_step_2	59.508978218647975	0.025	6	22	9	3.6666666666666665	19042640068.84531	457369164.6980167	0.516332757892485	-0.07670010520809414	264
full_step	59.533978218647974	0.08354600963618082	15	41	9	2.7333333333333334	19042640068.84531	305658237.41373706	1.9373321352643131	0.27603709113494745	624
half_step_1	59.533978218647974	0.04177300481809041	12	38	10	3.1666666666666665	19042640068.84531	152984904.4042369	1.9373321352643131	0.27603709113494745	624
half_step_2	59.575751223466064	0.04177300481809041	13	53	10	4.076923076923077	19042640068.84531	527783180.5031382	0.5241530963980452	-0.045499442508220356	390
full_step	59.533978218647974	0.04177300481809041	13	50	10	3.8461538461538463	19042640068.84531	135191658.49598905	1.9373321352643131	0.27603709113494745	624
half_step_1	59.533978218647974	0.020886502409045205	13	31	8	2.3846153846153846	19042640068.84531	138472080.7110374	1.9373321352643131	0.27603709113494745	624
half_step_2	59.55486472105702	0.020886502409045205	15	65	9	4.333333333333333	19042640068.84531	454206155.3520002	1.3185409387032507	0.10834301058466764	515
full_step	59.575751223466064	0.055598326939738756	7	32	9	4.571428571428571	19042640068.84531	23858306.904377725	0.24153654328463858	-0.08494838972231838	309
half_step_1	59.575751223466064	0.027799163469869378	18	65	9	3.611111111111111	19042640068.84531	407936230.3335917	0.24153654328463858	-0.08494838972231838	309
half_step_2	59.603550386935936	0.027799163469869378	5	18	6	3.6	19042640068.84531	450409927.9414131	0.09299816361004787	-0.08201674702325598	258
full_step	59.6313495504058	0.055598326939738756	6	18	7	3	19042640068.84531	594079282.783253	0.0931444948747071	-0.0849874789015738	282
full_step	59.6313495504058	0.027799163469869378	10	32	7	3.2	19042640068.84531	464423051.83102953	0.0931444948747071	-0.0849874789015738	282
half_step_1	59.6313495504058	0.013899581734934689	5	12	8	2.4	19042640068.84531	495911924.6038031	0.0931444948747071	-0.0849874789015738	282
half_step_2	59.645249132140734	0.013899581734934689	3	4	4	1.3333333333333333	19042640068.84531	441276741.1786969	0.0943283051059467	-0.08221218312653032	273
full_step	59.65914871387567	0.1	7	22	8	3.142857142857143	19042640068.84531	573071627.3138366	0.09557297142185917	-0.07841879106207177	264
full_step	59.65914871387567	0.05	10	14	7	1.4	19042640068.84531	519105899.63923514	0.09557297142185917	-0.07841879106207177	264
full_step	59.65914871387567	0.025	6	4	4	0.6666666666666666	19042640068.84531	469458826.89892185	0.09557297142185917	-0.07841879106207177	264
full_step	59.65914871387567	0.0125	4	9	6	2.25	19042640068.84531	438316420.1207654	0.09557297142185917	-0.07841879106207177	264
full_step	59.65914871387567	0.00625	5	10	4	2	19042640068.84531	262068204.55876535	0.09557297142185917	-0.07841879106207177	264
full_step	59.65914871387567	0.003125	5	9	4	1.8	19042640068.84531	108431514.55610332	0.09557297142185917	-0.07841879106207177	264
half_step_1	59.65914871387567	0.0015625	4	5	3	1.25	19042640068.84531	28138205.20059416	0.09557297142185917	-0.07841879106207177	264
half_step_2	59.66071121387567	0.0015625	3	3	3	1	19042640068.84531	28254033.26880501	0.09535493387319605	-0.07758244822224793	273
full_step	59.66227371387567	0.015625	7	17	6	2.4285714285714284	19042640068.84531	418033904.4374587	0.09540145612106699	-0.07318874737815809	276
full_step	59.66227371387567	0.0078125	4	5	5	1.25	19042640068.84531	334999656.68097603	0.09540145612106699	-0.07318874737815809	276
full_step	59.66227371387567	0.00390625	3	0	0	0	19042640068.84531	152047063.45195735	0.09540145612106699	-0.07318874737815809	276
full_step	59.66227371387567	0.001953125	3	0	0	0	19042640068.84531	43870839.437329635	0.09540145612106699	-0.07318874737815809	276
half_step_1	59.66227371387567	0.0009765625	2	0	0	0	19042640068.84531	20099572.27991138	0.09540145612106699	-0.07318874737815809	276
half_step_2	59.66325027637567	0.0009765625	16	40	11	2.5	19042640068.84531	20148635.737215485	0.17531075794865458	-0.07088448255187879	309
full_step	59.66422683887567	0.009765625	10	43	8	4.3	19042640068.84531	331224769.498327	0.17742620021281574	-0.07552503467936125	292
half_step_1	59.66422683887567	0.0048828125	12	53	9	4.416666666666667	19042640068.84531	200095748.0403055	0.17742620021281574	-0.07552503467936125	292
half_step_2	59.66910965137567	0.0048828125	4	10	5	2.5	19042640068.84531	208412171.56172907	0.09706270518489646	-0.07788785111747973	302
full_step	59.67399246387567	0.048828125	18	65	14	3.611111111111111	19042640068.84531	240890104.4796934	0.4331431942184878	-0.06058965414672045	356
half_step_1	59.67399246387567	0.0244140625	18	56	9	3.111111111111111	19042640068.84531	306733374.445709	0.4331431942184878	-0.06058965414672045	356
half_step_2	59.69840652637567	0.0244140625	14	60	12	4.285714285714286	19042640068.84531	282913968.6599587	0.10107901859961999	-0.08963827108205641	358
full_step	59.72282058887567	0.07648918335340156	18	54	8	3	19042640068.84531	352348445.2546586	0.25899448914550405	-0.09466184628256896	335
half_step_1	59.72282058887567	0.03824459167670078	12	53	11	4.416666666666667	19042640068.84531	242822599.17247003	0.25899448914550405	-0.09466184628256896	335
half_step_2	59.76106518055237	0.03824459167670078	6	26	10	4.333333333333333	19042640068.84531	411119727.9065532	0.09792700442439184	-0.089953232738864	307
full_step	59.72282058887567	0.03824459167670078	17	80	11	4.705882352941177	19042640068.84531	237563076.58561555	0.25899448914550405	-0.09466184628256896	335
half_step_1	59.72282058887567	0.01912229583835039	13	51	8	3.923076923076923	19042640068.84531	204024156.4092174	0.25899448914550405	-0.09466184628256896	335
half_step_2	59.74194288471402	0.01912229583835039	6	15	7	2.5	19042640068.84531	378760401.32868975	0.09771626116852872	-0.0916393593379931	311
full_step	59.72282058887567	0.01912229583835039	17	67	11	3.9411764705882355	19042640068.84531	203164416.08873475	0.25899448914550405	-0.09466184628256896	335
half_step_1	59.72282058887567	0.009561147919175195	8	14	9	1.75	19042640068.84531	216375785.83943248	0.25899448914550405	-0.09466184628256896	335
half_step_2	59.73238173679484	0.009561147919175195	5	11	8	2.2	19042640068.84531	267747462.4429956	0.09801472164760128	-0.09095649052904785	326
full_step	59.74194288471402	0.07430118769853496	16	31	5	1.9375	19042640068.84531	435887066.6810223	0.09706806342165919	-0.09001835972172557	336
half_step_1	59.74194288471402	0.03715059384926748	9	15	6	1.6666666666666667	19042640068.84531	367547334.64188975	0.09706806342165919	-0.09001835972172557	336
half_step_2	59.77909347856329	0.03715059384926748	3	5	3	1.6666666666666667	19042640068.84531	454480118.3490729	0.09784783512264994	-0.0822638920957463	307
full_step	59.74194288471402	0.03715059384926748	11	20	7	1.8181818181818181	19042640068.84531	367593901.61395264	0.09706806342165919	-0.09001835972172557	336
half_step_1	59.74194288471402	0.01857529692463374	5	21	8	4.2	19042640068.84531	325031104.9592939	0.09706806342165919	-0.09001835972172557	336
half_step_2	59.76051818163865	0.01857529692463374	7	34	7	4.857142857142857	19042640068.84531	378823903.0018989	0.09779462697021302	-0.08645427553956948	315
full_step	59.77909347856329	0.0669878457744091	15	19	7	1.2666666666666666	19042640068.84531	428825390.2366006	0.09830831240897453	-0.0926212165415585	323
full_step	59.77909347856329	0.03349392288720455	17	28	10	1.6470588235294117	19042640068.84531	392580726.9014684	0.09830831240897453	-0.0926212165415585	323
full_step	59.77909347856329	0.016746961443602274	17	69	12	4.0588235294117645	19042640068.84531	304149857.6316836	0.09830831240897453	-0.0926212165415585	323
half_step_1	59.77909347856329	0.008373480721801137	5	10	6	2	19042640068.84531	221973944.7639379	0.09830831240897453	-0.0926212165415585	323
half_step_2	59.78746695928509	0.008373480721801137	5	5	5	1	19042640068.84531	293853449.3144679	0.09849465537443791	-0.09079307700371969	319
full_step	59.79584044000689	0.052231349135932054	12	36	10	3	19042640068.84531	279603957.7320779	0.09836968375286403	-0.09248329564169949	316
full_step	59.79584044000689	0.026115674567966027	9	14	5	1.5555555555555556	19042640068.84531	240532663.8780963	0.09836968375286403	-0.09248329564169949	316
full_step	59.79584044000689	0.013057837283983013	3	0	0	0	19042640068.84531	269199232.4451705	0.09836968375286403	-0.09248329564169949	316
full_step	59.79584044000689	0.006528918641991507	3	3	3	1	19042640068.84531	236490946.3827498	0.09836968375286403	-0.09248329564169949	316
half_step_1	59.79584044000689	0.0032644593209957534	3	2	2	0.6666666666666666	19042640068.84531	86764203.19284834	0.09836968375286403	-0.09248329564169949	316
half_step_2	59.79910489932789	0.0032644593209957534	3	7	6	2.3333333333333335	19042640068.84531	85167041.70479496	0.09833180846541723	-0.0877657050728762	324
full_step	59.80236935864888	0.03264459320995754	20	47	9	2.35	19042640068.84531	425087545.5072653	0.09830450225165066	-0.09508006655115743	321
full_step	59.80236935864888	0.01632229660497877	13	38	8	2.923076923076923	19042640068.84531	360697643.50706387	0.09830450225165066	-0.09508006655115743	321
full_step	59.80236935864888	0.008161148302489384	17	57	7	3.3529411764705883	19042640068.84531	237583037.29987276	0.09830450225165066	-0.09508006655115743	321
half_step_1	59.80236935864888	0.004080574151244692	6	3	3	0.5	19042640068.84531	104508268.42018801	0.09830450225165066	-0.09508006655115743	321
half_step_2	59.80644993280013	0.004080574151244692	14	37	9	2.642857142857143	19042640068.84531	100981199.5767288	0.3843514327488329	-0.07475584446208544	363
full_step	59.81053050695137	0.027547204028976407	8	33	9	4.125	19042640068.84531	283410826.74208695	0.2845802558482937	-0.08440739784048043	320
half_step_1	59.81053050695137	0.013773602014488203	5	22	6	4.4	19042640068.84531	273003829.6504471	0.2845802558482937	-0.08440739784048043	320
half_step_2	59.82430410896586	0.013773602014488203	5	37	13	7.4	19042640068.84531	239571854.53896445	0.09823834771812301	-0.0919032019134245	311
full_step	59.83807771098035	0.1	7	26	8	3.7142857142857144	19042640068.84531	74888355.54665783	0.09821968894060262	-0.09002560107475856	312
half_step_1	59.83807771098035	0.05	8	25	9	3.125	19042640068.84531	513436700.6760684	0.09821968894060262	-0.09002560107475856	312
full_step	59.83807771098035	0.05	10	18	7	1.8	19042640068.84531	513256796.8510063	0.09821968894060262	-0.09002560107475856	312
full_step	59.83807771098035	0.025	4	9	6	2.25	19042640068.84531	480991318.56808084	0.09821968894060262	-0.09002560107475856	312
half_step_1	59.83807771098035	0.0125	5	11	8	2.2	19042640068.84531	256516911.87899593	0.09821968894060262	-0.09002560107475856	312
half_step_2	59.85057771098035	0.0125	5	4	4	0.8	19042640068.84531	350554344.5376933	0.09824094695505892	-0.09135036778450362	318
full_step	59.86307771098035	0.1	9	24	6	2.6666666666666665	19042640068.84531	675790551.0834572	0.09825159991807197	-0.08444667404251698	300
full_step	59.86307771098035	0.05	9	24	7	2.6666666666666665	19042640068.84531	546862262.565716	0.09825159991807197	-0.08444667404251698	300
full_step	59.86307771098035	0.025	5	5	5	1	19042640068.84531	439277139.00184876	0.09825159991807197	-0.08444667404251698	300
full_step	59.86307771098035	0.0125	3	4	3	1.3333333333333333	19042640068.84531	304726176.16695005	0.09825159991807197	-0.08444667404251698	300
half_step_1	59.86307771098035	0.00625	2	1	1	0.5	19042640068.84531	187742409.0729376	0.09825159991807197	-0.08444667404251698	300
half_step_2	59.86932771098035	0.00625	2	5	5	2.5	19042640068.84531	211100399.10141203	0.09830949425388269	-0.08729428707782222	286
full_step	59.87557771098035	0.0625	13	53	10	4.076923076923077	19042640068.84531	27148988.959414948	0.09833861809319444	-0.08768655732057155	313
half_step_1	59.87557771098035	0.03125	13	43	10	3.3076923076923075	19042640068.84531	469129689.2886142	0.09833861809319444	-0.08768655732057155	313
half_step_2	59.90682771098035	0.03125	3	6	6	2	19042640068.84531	143885563.17098302	0.09817188795618392	-0.09110968460731575	365
full_step	59.93807771098035	0.1	6	31	8	5.166666666666667	19042640068.84531	79481543.62893274	0.09870255328669941	-0.08905155909798844	354
half_step_1	59.93807771098035	0.05	4	14	7	3.5	19042640068.84531	362282549.40876746	0.09870255328669941	-0.08905155909798844	354
half_step_2	59.98807771098035	0.05	3	13	9	4.333333333333333	19042640068.84531	15110707.378662962	0.09891029512338889	-0.08695236923845712	368
full_step	60.03807771098035	0.1	6	26	9	4.333333333333333	19042640068.84531	16217365.341779966	0.09930056208777671	-0.08735633035739782	371
half_step_1	60.03807771098035	0.05	6	17	7	2.8333333333333335	19042640068.84531	14714658.778851511	0.09930056208777671	-0.08735633035739782	371
half_step_2	60.08807771098035	0.05	3	13	10	4.333333333333333	19042640068.84531	113898505.16599189	0.09933908944044845	-0.08306473290163581	364
full_step	60.138077710980355	0.1	6	23	8	3.8333333333333335	19042640068.84531	10621558.837015962	0.09992757411779962	-0.08552421168689314	360
half_step_1	60.138077710980355	0.05	5	36	10	7.2	19042640068.84531	95974689.58619432	0.09992757411779962	-0.08552421168689314	360
half_step_2	60.18807771098035	0.05	1	12	12	12	19042640068.84531	50321533.69727972	0.10000558325091902	-0.08632619347607152	369
full_step	60.238077710980356	0.1	6	26	8	4.333333333333333	19042640068.84531	11629384.741247797	0.11907129256395876	-0.08341716992273103	386
half_step_1	60.238077710980356	0.05	9	41	7	4.555555555555555	19042640068.84531	12278311.638575755	0.11907129256395876	-0.08341716992273103	386
half_step_2	60.28807771098035	0.05	9	27	9	3	19042640068.84531	16254801.20563826	0.13515135365810238	-0.08528854379363798	402
full_step	60.33807771098036	0.1	7	24	8	3.4285714285714284	19042640068.84531	8557965.303213516	0.31620132955484337	-0.08938962643818132	396
half_step_1	60.33807771098036	0.05	11	44	6	4	19042640068.84531	12733088.941776026	0.31620132955484337	-0.08938962643818132	396
half_step_2	60.388077710980355	0.05	3	23	10	7.666666666666667	19042640068.84531	8993548.02261527	0.3901909964325796	-0.11401217705762218	319
full_step	60.43807771098036	0.1	6	23	8	3.8333333333333335	19042640068.84531	2925095.7403534134	0.46796822227207713	-0.11165891210911989	307
half_step_1	60.43807771098036	0.05	5	22	7	4.4	19042640068.84531	5965338.526645944	0.46796822227207713	-0.11165891210911989	307
half_step_2	60.488077710980356	0.05	12	37	9	3.0833333333333335	19042640068.84531	86017682.24977271	0.09210888435362108	-0.11744868417797844	306
full_step	60.43807771098036	0.05	5	20	7	4	19042640068.84531	3742893.345248108	0.46796822227207713	-0.11165891210911989	307
half_step_1	60.43807771098036	0.025	6	20	9	3.3333333333333335	19042640068.84531	3951257.151187769	0.46796822227207713	-0.11165891210911989	307
half_step_2	60.46307771098036	0.025	10	33	9	3.3	19042640068.84531	68997571.61054844	0.1860250425251877	-0.12046918963676427	299
full_step	60.488077710980356	0.1	11	29	8	2.6363636363636362	19042640068.84531	85123900.17003773	0.09889149116665408	-0.12339572414652093	294
half_step_1	60.488077710980356	0.05	9	32	8	3.5555555555555554	19042640068.84531	29477577.82188869	0.09889149116665408	-0.12339572414652093	294
half_step_2	60.53807771098035	0.05	6	38	9	6.333333333333333	19042640068.84531	7978777.447223648	0.09920164441288648	-0.12195679810383188	321
full_step	60.58807771098036	0.1	18	37	7	2.0555555555555554	19042640068.84531	22841938.95015704	0.8796925919479435	-0.09478054302112854	299
full_step	60.58807771098036	0.05	12	24	8	2	19042640068.84531	2624783.2286860165	0.8796925919479435	-0.09478054302112854	299
full_step	60.58807771098036	0.025	16	51	9	3.1875	19042640068.84531	3652984.0664134	0.8796925919479435	-0.09478054302112854	299
half_step_1	60.58807771098036	0.0125	11	35	8	3.1818181818181817	19042640068.84531	42924486.76173081	0.8796925919479435	-0.09478054302112854	299
half_step_2	60.60057771098036	0.0125	11	32	10	2.909090909090909	19042640068.84531	51770141.321171016	0.6838786117657918	-0.11879542209962354	298
full_step	60.613077710980356	0.1	9	34	7	3.7777777777777777	19042640068.84531	84327167.26493011	0.45064343348941804	-0.11758411739004654	262
half_step_1	60.613077710980356	0.05	12	47	8	3.9166666666666665	19042640068.84531	5322154.901696953	0.45064343348941804	-0.11758411739004654	262
half_step_2	60.66307771098035	0.05	7	57	13	8.142857142857142	19042640068.84531	33432060.144771993	0.17677663564930413	-0.12724754794692061	259
full_step	60.71307771098036	0.1	10	23	5	2.3	19042640068.84531	22529349.422713995	0.17735862437187677	-0.1310246907151192	248
half_step_1	60.71307771098036	0.05	12	53	11	4.416666666666667	19042640068.84531	25450910.783891667	0.17735862437187677	-0.1310246907151192	248
half_step_2	60.763077710980355	0.05	11	33	12	3	19042640068.84531	39076891.88174317	0.17943714377391018	-0.12817584631607812	217
full_step	60.71307771098036	0.05	11	35	7	3.1818181818181817	19042640068.84531	23869487.55999649	0.17735862437187677	-0.1310246907151192	248
half_step_1	60.71307771098036	0.025	9	18	6	2	19042640068.84531	40514088.581691675	0.17735862437187677	-0.1310246907151192	248
half_step_2	60.738077710980356	0.025	9	33	7	3.6666666666666665	19042640068.84531	43512837.27483377	0.18076195458371558	-0.12750826806069512	272
full_step	60.763077710980355	0.0963113427709213	11	25	7	2.272727272727273	19042640068.84531	36730230.578921534	0.17109782542851804	-0.13095092023742838	271
half_step_1	60.763077710980355	0.04815567138546065	6	15	5	2.5	19042640068.84531	29525242.275594708	0.17109782542851804	-0.13095092023742838	271
half_step_2	60.81123338236581	0.04815567138546065	12	45	8	3.75	19042640068.84531	67229194.06766155	0.16330683184452255	-0.12439865228652985	212
full_step	60.763077710980355	0.04815567138546065	10	42	10	4.2	19042640068.84531	30603977.430687115	0.17109782542851804	-0.13095092023742838	271
half_step_1	60.763077710980355	0.024077835692730323	6	26	6	4.333333333333333	19042640068.84531	34289918.275358036	0.17109782542851804	-0.13095092023742838	271
half_step_2	60.787155546673084	0.024077835692730323	8	28	9	3.5	19042640068.84531	33697136.13339177	0.16357296281742606	-0.12776839394003836	292
full_step	60.81123338236581	0.08765385126236953	16	36	6	2.25	19042640068.84531	40602747.30754232	0.15475998371678656	-0.12806160269275263	254
half_step_1	60.81123338236581	0.04382692563118477	5	23	9	4.6	19042640068.84531	26161818.341578353	0.15475998371678656	-0.12806160269275263	254
half_step_2	60.855060307997	0.04382692563118477	13	62	10	4.769230769230769	19042640068.84531	109497405.98434219	0.15416399583470763	-0.1304528703457029	183
full_step	60.81123338236581	0.04382692563118477	9	26	8	2.888888888888889	19042640068.84531	44318838.76753105	0.15475998371678656	-0.12806160269275263	254
half_step_1	60.81123338236581	0.021913462815592383	6	26	7	4.333333333333333	19042640068.84531	37915026.07489755	0.15475998371678656	-0.12806160269275263	254
half_step_2	60.8331468451814	0.021913462815592383	8	32	9	4	19042640068.84531	38028416.53760488	0.15454078154029105	-0.12616001607914748	257
full_step	60.855060307997	0.07504181139019134	11	31	6	2.8181818181818183	19042640068.84531	31270806.92997098	0.14339235870703249	-0.12131134003660834	237
full_step	60.855060307997	0.03752090569509567	11	21	5	1.9090909090909092	19042640068.84531	27425281.681542058	0.14339235870703249	-0.12131134003660834	237
half_step_1	60.855060307997	0.018760452847547834	8	23	9	2.875	19042640068.84531	58352153.01863694	0.14339235870703249	-0.12131134003660834	237
half_step_2	60.873820760844545	0.018760452847547834	9	24	8	2.6666666666666665	19042640068.84531	91518320.22916782	0.1879280412257458	-0.12872063641068576	218
full_step	60.8925812136921	0.052371340204722124	14	53	11	3.7857142857142856	19042640068.84531	184939640.65956774	0.488500882360583	-0.10304877227464569	204
full_step	60.8925812136921	0.026185670102361062	17	51	9	3	19042640068.84531	122690605.82223748	0.488500882360583	-0.10304877227464569	204
full_step	60.8925812136921	0.013092835051180531	17	69	10	4.0588235294117645	19042640068.84531	101977106.2461342	0.488500882360583	-0.10304877227464569	204
half_step_1	60.8925812136921	0.0065464175255902654	11	52	10	4.7272727272727275	19042640068.84531	52924362.586037174	0.488500882360583	-0.10304877227464569	204
half_step_2	60.89912763121769	0.0065464175255902654	1	5	5	5	19042640068.84531	20385818.299917813	0.4210053183025053	-0.09875795419702928	165
full_step	60.90567404874328	0.06546417525590266	13	26	8	2	19042640068.84531	140921699.28891876	0.37933553253169805	-0.10647407179835437	172
full_step	60.90567404874328	0.03273208762795133	10	25	10	2.5	19042640068.84531	105068014.285737	0.37933553253169805	-0.10647407179835437	172
full_step	60.90567404874328	0.016366043813975665	11	38	8	3.4545454545454546	19042640068.84531	105532967.20282118	0.37933553253169805	-0.10647407179835437	172
full_step	60.90567404874328	0.008183021906987832	6	20	7	3.3333333333333335	19042640068.84531	70661118.27112287	0.37933553253169805	-0.10647407179835437	172
half_step_1	60.90567404874328	0.004091510953493916	4	11	4	2.75	19042640068.84531	27418446.731876478	0.37933553253169805	-0.10647407179835437	172
half_step_2	60.90976555969677	0.004091510953493916	3	12	5	4	19042640068.84531	31170911.050780144	0.32219095231975814	-0.11028389895885639	166
full_step	60.913857070650266	0.04091510953493916	18	55	10	3.0555555555555554	19042640068.84531	121460712.90544355	0.4407346600365969	-0.10319986640092942	199
full_step	60.913857070650266	0.02045755476746958	19	60	9	3.1578947368421053	19042640068.84531	99314203.9695901	0.4407346600365969	-0.10319986640092942	199
full_step	60.913857070650266	0.01022877738373479	12	6	6	0.5	19042640068.84531	70277157.07482304	0.4407346600365969	-0.10319986640092942	199
full_step	60.913857070650266	0.005114388691867395	15	41	10	2.7333333333333334	19042640068.84531	27085144.87805667	0.4407346600365969	-0.10319986640092942	199
half_step_1	60.913857070650266	0.0025571943459336975	8	19	8	2.375	19042640068.84531	19185519.758167293	0.4407346600365969	-0.10319986640092942	199
half_step_2	60.9164142649962	0.0025571943459336975	21	64	7	3.0476190476190474	19042640068.84531	21554157.355862956	0.3893670553986368	-0.09619732076998234	207
full_step	60.91897145934213	0.013056775086922372	12	16	6	1.3333333333333333	19042640068.84531	108817027.83851382	0.3211684618848949	-0.09980708907891682	190
half_step_1	60.91897145934213	0.006528387543461186	9	8	5	0.8888888888888888	19042640068.84531	41688977.781254575	0.3211684618848949	-0.09980708907891682	190
half_step_2	60.92549984688559	0.006528387543461186	4	12	6	3	19042640068.84531	47701957.25509515	0.17949408180010096	-0.09521739795232886	199
full_step	60.932028234429055	0.044603869870240086	18	45	11	2.5	19042640068.84531	186388030.2721283	0.4189162622664986	-0.05995694740247725	252
full_step	60.932028234429055	0.022301934935120043	17	47	9	2.764705882352941	19042640068.84531	158731631.6287085	0.4189162622664986	-0.05995694740247725	252
full_step	60.932028234429055	0.011150967467560021	13	29	8	2.230769230769231	19042640068.84531	122864228.99870461	0.4189162622664986	-0.05995694740247725	252
full_step	60.932028234429055	0.005575483733780011	17	54	7	3.176470588235294	19042640068.84531	50676947.57614595	0.4189162622664986	-0.05995694740247725	252
half_step_1	60.932028234429055	0.0027877418668900054	8	16	6	2	19042640068.84531	22698267.633961346	0.4189162622664986	-0.05995694740247725	252
half_step_2	60.934815976295944	0.0027877418668900054	13	28	10	2.1538461538461537	19042640068.84531	20081738.135690145	0.4518813788174896	-0.0677288151439379	278
full_step	60.93760371816283	0.015323981854382693	14	40	10	2.857142857142857	19042640068.84531	431040299.8080856	0.38639807050270747	-0.06167980590597815	276
half_step_1	60.93760371816283	0.007661990927191347	8	15	9	1.875	19042640068.84531	187732159.9550838	0.38639807050270747	-0.06167980590597815	276
half_step_2	60.94526570909002	0.007661990927191347	4	15	9	3.75	19042640068.84531	179165637.80930555	0.15488269374110608	-0.06946621247267937	261
full_step	60.95292770001721	0.0679974922505614	17	62	11	3.6470588235294117	19042640068.84531	164940149.56333497	0.11736415162553726	-0.07063438161556057	218
full_step	60.95292770001721	0.0339987461252807	17	47	8	2.764705882352941	19042640068.84531	155038581.35424212	0.11736415162553726	-0.07063438161556057	218
full_step	60.95292770001721	0.01699937306264035	18	72	11	4	19042640068.84531	115083155.32898323	0.11736415162553726	-0.07063438161556057	218
half_step_1	60.95292770001721	0.008499686531320175	11	31	7	2.8181818181818183	19042640068.84531	172557650.91217384	0.11736415162553726	-0.07063438161556057	218
half_step_2	60.961427386548536	0.008499686531320175	5	16	6	3.2	19042640068.84531	177506045.06026328	0.061694277367152495	-0.08073917370676206	229
full_step	60.96992707307985	0.05897360423038602	5	14	7	2.8	19042640068.84531	373285345.4614003	0.0769638753237274	-0.07584353705117663	237
full_step	60.96992707307985	0.02948680211519301	12	24	10	2	19042640068.84531	131196943.42413493	0.0769638753237274	-0.07584353705117663	237
full_step	60.96992707307985	0.014743401057596505	7	26	15	3.7142857142857144	19042640068.84531	106749802.80128577	0.0769638753237274	-0.07584353705117663	237
half_step_1	60.96992707307985	0.007371700528798253	5	16	6	3.2	19042640068.84531	55799374.604345776	0.0769638753237274	-0.07584353705117663	237
half_step_2	60.97729877360865	0.007371700528798253	4	4	4	1	19042640068.84531	67691817.73877111	0.09442921743185195	-0.07702119977466164	231
full_step	60.984670474137445	0.07371700528798253	14	43	7	3.0714285714285716	19042640068.84531	217832106.26003736	0.10129982683628214	-0.08441657761662667	221
full_step	60.984670474137445	0.036858502643991264	4	8	4	2	19042640068.84531	193673579.33864996	0.10129982683628214	-0.08441657761662667	221
full_step	60.984670474137445	0.018429251321995632	5	20	9	4	19042640068.84531	450878891.6121111	0.10129982683628214	-0.08441657761662667	221
full_step	60.984670474137445	0.009214625660997816	4	17	6	4.25	19042640068.84531	85637291.35379185	0.10129982683628214	-0.08441657761662667	221
full_step	60.984670474137445	0.004607312830498908	7	35	7	5	19042640068.84531	86504384.44419883	0.10129982683628214	-0.08441657761662667	221
half_step_1	60.984670474137445	0.002303656415249454	5	24	7	4.8	19042640068.84531	29227906.39463043	0.10129982683628214	-0.08441657761662667	221
half_step_2	60.986974130552696	0.002303656415249454	3	0	0	0	19042640068.84531	62839020.84860946	0.09605313625823442	-0.07944670249144521	224
full_step	60.989277786967946	0.02303656415249454	20	41	9	2.05	81618815180.52	394027207.54422176	1.8982996604756082	0.11331825010043697	385
half_step_1	60.989277786967946	0.01151828207624727	15	24	7	1.6	81618815180.52	419968746.73784155	1.8982996604756082	0.11331825010043697	385
half_step_2	61.00079606904419	0.01151828207624727	11	40	8	3.6363636363636362	81618815180.52	67706954.03189892	1.6262559474875768	0.09475020988987772	353
full_step	61.01231435112044	0.1	14	38	10	2.7142857142857144	81618815180.52	185564862.57562998	1.3287479924235637	0.0297293312059594	381
full_step	61.01231435112044	0.05	16	40	9	2.5	81618815180.52	105680704.36919795	1.3287479924235637	0.0297293312059594	381
full_step	61.01231435112044	0.025	16	37	9	2.3125	81618815180.52	325318815.3376542	1.3287479924235637	0.0297293312059594	381
half_step_1	61.01231435112044	0.0125	8	17	9	2.125	81618815180.52	344074769.1481562	1.3287479924235637	0.0297293312059594	381
half_step_2	61.02481435112044	0.0125	11	29	7	2.6363636363636362	81618815180.52	136692023.32172027	1.0176162190263298	-0.0071071736765959135	353
full_step	61.037314351120436	0.07146051247543231	9	27	7	3	81618815180.52	109271046.22747508	0.7046207777512521	-0.05595307295439843	312
half_step_1	61.037314351120436	0.035730256237716154	6	21	7	3.5	81618815180.52	198534695.2160569	0.7046207777512521	-0.05595307295439843	312
half_step_2	61.07304460735815	0.035730256237716154	10	55	11	5.5	81618815180.52	348444598.08092636	0.091490394203106	-0.08894738603485038	271
full_step	61.10877486359587	0.09702121685183919	13	35	10	2.6923076923076925	81618815180.52	552608947.6857647	0.08978279258253963	-0.0880607948925459	292
half_step_1	61.10877486359587	0.048510608425919595	8	24	6	3	81618815180.52	435922706.69229966	0.08978279258253963	-0.0880607948925459	292
half_step_2	61.15728547202179	0.048510608425919595	5	25	7	5	81618815180.52	413881302.5761539	0.1970055715717347	-0.08250516767823449	279
full_step	61.205796080447705	0.1	6	24	11	4	81618815180.52	326274846.3965153	0.12369306504527344	-0.06875258590932756	235
full_step	61.205796080447705	0.05	6	25	7	4.166666666666667	81618815180.52	403595434.59332407	0.12369306504527344	-0.06875258590932756	235
full_step	61.205796080447705	0.025	13	57	11	4.384615384615385	81618815180.52	153255168.4519407	0.12369306504527344	-0.06875258590932756	235
full_step	61.205796080447705	0.0125	16	62	9	3.875	81618815180.52	108806482.49386206	0.12369306504527344	-0.06875258590932756	235
half_step_1	61.205796080447705	0.00625	10	44	11	4.4	81618815180.52	66602939.552250184	0.12369306504527344	-0.06875258590932756	235
half_step_2	61.212046080447706	0.00625	6	16	5	2.6666666666666665	81618815180.52	63037707.12483763	0.11415974536616602	-0.11431108326353447	175
full_step	61.21829608044771	0.0625	22	53	8	2.409090909090909	81618815180.52	40202693.6071464	0.2246455057590495	-0.10866650433514591	214
full_step	61.21829608044771	0.03125	18	35	9	1.9444444444444444	81618815180.52	29424707.761923723	0.2246455057590495	-0.10866650433514591	214
half_step_1	61.21829608044771	0.015625	16	47	7	2.9375	81618815180.52	24926765.77481787	0.2246455057590495	-0.10866650433514591	214
half_step_2	61.23392108044771	0.015625	12	35	5	2.9166666666666665	81618815180.52	292542865.44754696	0.38225613394948255	-0.10112108290543552	274
full_step	61.24954608044771	0.05645452205563926	14	44	9	3.142857142857143	81618815180.52	51396831.07189698	0.11358063305615929	-0.089575038839453	274
full_step	61.24954608044771	0.02822726102781963	10	18	6	1.8	81618815180.52	40245883.837644994	0.11358063305615929	-0.089575038839453	274
half_step_1	61.24954608044771	0.014113630513909814	6	20	8	3.3333333333333335	81618815180.52	290294273.0573741	0.11358063305615929	-0.089575038839453	274
half_step_2	61.26365971096162	0.014113630513909814	7	27	9	3.857142857142857	81618815180.52	372964128.6684525	0.09750770125927488	-0.07645691920315532	232
full_step	61.27777334147553	0.06855096079831242	17	62	10	3.6470588235294117	81618815180.52	110293746.93985923	0.12722741533902138	-0.09156151295579307	262
full_step	61.27777334147553	0.03427548039915621	13	45	7	3.4615384615384617	81618815180.52	55333411.355531074	0.12722741533902138	-0.09156151295579307	262
half_step_1	61.27777334147553	0.017137740199578106	13	48	11	3.6923076923076925	81618815180.52	401649892.8309915	0.12722741533902138	-0.09156151295579307	262
half_step_2	61.29491108167511	0.017137740199578106	16	49	10	3.0625	81618815180.52	149656479.4959613	0.14811909053764793	-0.07304205736061342	226
full_step	61.27777334147553	0.017137740199578106	15	54	10	3.6	81618815180.52	231147101.7773358	0.12722741533902138	-0.09156151295579307	262
half_step_1	61.27777334147553	0.008568870099789053	10	40	10	4	81618815180.52	251382608.15482643	0.12722741533902138	-0.09156151295579307	262
half_step_2	61.28634221157532	0.008568870099789053	9	45	9	5	81618815180.52	275640685.3681656	0.16482947920398772	-0.07107771966347544	246
full_step	61.29491108167511	0.06521274940924233	18	56	8	3.111111111111111	81618815180.52	63659002.53361719	0.12380919383558364	-0.07523563002534712	249
full_step	61.29491108167511	0.03260637470462117	17	46	8	2.7058823529411766	81618815180.52	36180307.37920604	0.12380919383558364	-0.07523563002534712	249
full_step	61.29491108167511	0.016303187352310584	15	43	11	2.8666666666666667	81618815180.52	45796964.234902956	0.12380919383558364	-0.07523563002534712	249
half_step_1	61.29491108167511	0.008151593676155292	6	16	7	2.6666666666666665	81618815180.52	169070982.13485482	0.12380919383558364	-0.07523563002534712	249
half_step_2	61.30306267535126	0.008151593676155292	6	23	7	3.8333333333333335	81618815180.52	236828227.09936646	0.09674593088234928	-0.07360837749767253	254
full_step	61.311214269027424	0.05256040168573486	15	53	8	3.533333333333333	81618815180.52	61990983.722244814	0.08546748796723591	-0.08116736409083769	225
full_step	61.311214269027424	0.02628020084286743	8	29	7	3.625	81618815180.52	68081354.8887529	0.08546748796723591	-0.08116736409083769	225
full_step	61.311214269027424	0.013140100421433714	5	26	10	5.2	81618815180.52	126245685.36206658	0.08546748796723591	-0.08116736409083769	225
full_step	61.311214269027424	0.006570050210716857	8	34	10	4.25	81618815180.52	158791980.60640752	0.08546748796723591	-0.08116736409083769	225
half_step_1	61.311214269027424	0.0032850251053584286	7	23	7	3.2857142857142856	81618815180.52	79683273.19734935	0.08546748796723591	-0.08116736409083769	225
half_step_2	61.31449929413278	0.0032850251053584286	7	12	5	1.7142857142857142	81618815180.52	97452723.36576493	0.08402242025093187	-0.07704953711731141	238
full_step	61.31778431923814	0.027000891942084045	18	58	7	3.2222222222222223	81618815180.52	52708451.774630696	0.0768105240692023	-0.07488835111993797	245
half_step_1	61.31778431923814	0.013500445971042023	9	32	8	3.5555555555555554	81618815180.52	263710186.16457233	0.0768105240692023	-0.07488835111993797	245
half_step_2	61.33128476520918	0.013500445971042023	15	58	11	3.8666666666666667	81618815180.52	288375725.01730984	0.07963861260216731	-0.07289333665089542	262
full_step	61.34478521118023	0.1	19	54	6	2.8421052631578947	81618815180.52	86950143.40341114	0.45625212844952046	-0.07073975102199179	273
full_step	61.34478521118023	0.05	19	57	9	3	81618815180.52	50896671.87008508	0.45625212844952046	-0.07073975102199179	273
half_step_1	61.34478521118023	0.025	13	28	5	2.1538461538461537	81618815180.52	223661065.53897846	0.45625212844952046	-0.07073975102199179	273
half_step_2	61.36978521118023	0.025	14	16	9	1.1428571428571428	81618815180.52	409759841.0382402	0.8389542460959234	-0.06753455507473283	286
full_step	61.34478521118023	0.025	15	35	5	2.3333333333333335	81618815180.52	53870374.12095699	0.45625212844952046	-0.07073975102199179	273
half_step_1	61.34478521118023	0.0125	12	19	6	1.5833333333333333	81618815180.52	386136684.7631829	0.45625212844952046	-0.07073975102199179	273
half_step_2	61.35728521118023	0.0125	16	48	8	3	81618815180.52	319802002.0097766	0.3077857671626276	-0.07476609483946005	280
full_step	61.36978521118023	0.039809959949696876	12	33	9	2.75	81618815180.52	72702856.24045005	0.1389030922282899	-0.07562815694840776	253
half_step_1	61.36978521118023	0.019904979974848438	10	27	6	2.7	81618815180.52	367859399.71598434	0.1389030922282899	-0.07562815694840776	253
half_step_2	61.389690191155076	0.019904979974848438	9	42	9	4.666666666666667	81618815180.52	396223458.5325961	0.08879692982442045	-0.07322519396926694	238
full_step	61.40959517112993	0.1	7	28	7	4	81618815180.52	144825067.57999924	0.09362224311164269	-0.08144442090135294	262
full_step	61.40959517112993	0.05	8	39	9	4.875	81618815180.52	252136615.84396243	0.09362224311164269	-0.08144442090135294	262
full_step	61.40959517112993	0.025	8	35	11	4.375	81618815180.52	116584244.05267203	0.09362224311164269	-0.08144442090135294	262
full_step	61.40959517112993	0.0125	10	53	8	5.3	81618815180.52	239501600.21711576	0.09362224311164269	-0.08144442090135294	262
half_step_1	61.40959517112993	0.00625	9	40	8	4.444444444444445	81618815180.52	158492122.1134118	0.09362224311164269	-0.08144442090135294	262
half_step_2	61.41584517112993	0.00625	5	27	9	5.4	81618815180.52	157700242.4431049	0.11709893045946274	-0.08074383864271185	283
full_step	61.42209517112993	0.0625	20	67	10	3.35	81618815180.52	78994526.88783728	0.3982747611100308	-0.06377013484840328	334
half_step_1	61.42209517112993	0.03125	20	56	9	2.8	81618815180.52	457698091.4496714	0.3982747611100308	-0.06377013484840328	334
half_step_2	61.45334517112993	0.03125	12	33	10	2.75	81618815180.52	26466300.097331915	0.3663469523014271	-0.07256444325070212	366
full_step	61.48459517112993	0.1	9	26	6	2.888888888888889	81618815180.52	15640153.134547884	0.17932784470849583	-0.08074267377782637	317
half_step_1	61.48459517112993	0.05	7	27	7	3.857142857142857	81618815180.52	113674513.91301298	0.17932784470849583	-0.08074267377782637	317
half_step_2	61.53459517112993	0.05	8	29	8	3.625	81618815180.52	13482554.506370507	0.18480332540343625	-0.08132970417772162	346
full_step	61.58459517112993	0.1	5	17	9	3.4	81618815180.52	90824830.08247566	0.18867654527578281	-0.0856615043734984	358
half_step_1	61.58459517112993	0.05	6	27	9	4.5	81618815180.52	36209408.7074274	0.18867654527578281	-0.0856615043734984	358
half_step_2	61.63459517112993	0.05	5	11	5	2.2	81618815180.52	20286278.664956167	0.19110791878971156	-0.08972681084479411	432
full_step	61.684595171129935	0.1	4	14	7	3.5	81618815180.52	352700902.49775803	0.18785223945666019	-0.08932403346978722	448
half_step_1	61.684595171129935	0.05	5	23	11	4.6	81618815180.52	204239770.09323168	0.18785223945666019	-0.08932403346978722	448
half_step_2	61.73459517112993	0.05	2	20	10	10	81618815180.52	586066434.7246565	0.18794895699106462	-0.07555760286615751	422
full_step	61.784595171129936	0.1	5	19	7	3.8	81618815180.52	425384868.64339995	0.18538996132021168	-0.06129703779357242	419
half_step_1	61.784595171129936	0.05	7	14	5	2	81618815180.52	60335304.33469467	0.18538996132021168	-0.06129703779357242	419
half_step_2	61.83459517112993	0.05	9	25	5	2.7777777777777777	81618815180.52	9709281.417554578	0.1819248122190089	-0.08386482772921586	435
full_step	61.88459517112994	0.1	5	23	9	4.6	81618815180.52	26746549.983794875	0.19380688400593726	-0.07938174658012949	364
half_step_1	61.88459517112994	0.05	17	63	10	3.7058823529411766	81618815180.52	63364990.067689486	0.19380688400593726	-0.07938174658012949	364
half_step_2	61.934595171129935	0.05	9	27	8	3	81618815180.52	11650482.72956936	0.999515394027295	-0.053647722123245895	398
full_step	61.98459517112994	0.1	12	29	7	2.4166666666666665	81618815180.52	278268365.63981986	0.1951093819610179	-0.0945173495083757	378
full_step	61.98459517112994	0.05	6	15	7	2.5	81618815180.52	102918566.23496048	0.1951093819610179	-0.0945173495083757	378
half_step_1	61.98459517112994	0.025	9	24	6	2.6666666666666665	81618815180.52	38557253.99838545	0.1951093819610179	-0.0945173495083757	378
half_step_2	62.00959517112994	0.025	7	18	7	2.5714285714285716	81618815180.52	296467863.34575325	0.182512120263155	-0.0950908952087624	374
full_step	62.034595171129936	0.1	16	41	6	2.5625	81618815180.52	165399387.37305152	0.18754103504140573	-0.08754340502061289	329
full_step	62.034595171129936	0.05	12	36	9	3	81618815180.52	109410891.42382321	0.18754103504140573	-0.08754340502061289	329
full_step	62.034595171129936	0.025	14	59	12	4.214285714285714	81618815180.52	50738864.7665621	0.18754103504140573	-0.08754340502061289	329
half_step_1	62.034595171129936	0.0125	9	24	8	2.6666666666666665	81618815180.52	112095694.18793197	0.18754103504140573	-0.08754340502061289	329
half_step_2	62.04709517112994	0.0125	7	29	9	4.142857142857143	81618815180.52	291163777.0093037	0.18853918258429303	-0.07881547282988487	304
full_step	62.059595171129935	0.1	17	67	8	3.9411764705882355	81618815180.52	3527652.880316895	0.18596322929634823	-0.07205381004025607	343
half_step_1	62.059595171129935	0.05	13	34	10	2.6153846153846154	81618815180.52	8396066.05175164	0.18596322929634823	-0.07205381004025607	343
half_step_2	62.10959517112993	0.05	6	32	11	5.333333333333333	81618815180.52	12637113.296491293	0.19516109296925777	-0.07806339519997443	312
full_step	62.159595171129936	0.1	10	36	7	3.6	81618815180.52	8299676.969714313	1.013776813413699	-0.07739416993627858	342
half_step_1	62.159595171129936	0.05	7	21	6	3	81618815180.52	8429681.036294252	1.013776813413699	-0.07739416993627858	342
half_step_2	62.20959517112993	0.05	11	55	9	5	81618815180.52	11859817.638530105	1.0955340927440318	-0.07228885211813893	325
full_step	62.25959517112994	0.1	4	5	5	1.25	81618815180.52	26712189.57380631	1.1560313629091468	-0.044133808534947444	365
half_step_1	62.25959517112994	0.05	5	15	7	3	81618815180.52	9909562.525448311	1.1560313629091468	-0.044133808534947444	365
half_step_2	62.309595171129935	0.05	7	22	7	3.142857142857143	81618815180.52	22727838.673014723	0.8910297531516562	-0.07239053084247345	333
full_step	62.35959517112994	0.1	4	8	5	2	81618815180.52	9888719.8880146	1.0186640939800213	-0.07586066618206166	344
half_step_1	62.35959517112994	0.05	4	7	4	1.75	81618815180.52	16269160.426696615	1.0186640939800213	-0.07586066618206166	344
half_step_2	62.409595171129936	0.05	9	36	8	4	81618815180.52	5000462.498338423	1.1271578956468602	-0.05088528442353994	350
full_step	62.45959517112994	0.1	5	11	4	2.2	81618815180.52	33852250.612909876	0.8665439365903467	-0.07149283551465019	339
half_step_1	62.45959517112994	0.05	7	24	8	3.4285714285714284	81618815180.52	11268932.179922597	0.8665439365903467	-0.07149283551465019	339
half_step_2	62.50959517112994	0.05	3	8	5	2.6666666666666665	81618815180.52	7209514.87244949	1.0401700617799179	-0.07524571663363398	353
full_step	62.55959517112994	0.1	4	10	4	2.5	81618815180.52	8557566.004071655	1.1098998830808	-0.07352689875145467	326
half_step_1	62.55959517112994	0.05	4	3	3	0.75	81618815180.52	14160685.015874615	1.1098998830808	-0.07352689875145467	326
half_step_2	62.60959517112994	0.05	9	40	12	4.444444444444445	81618815180.52	7575973.881601581	1.1516213601900347	-0.0403710327445947	357
full_step	62.65959517112994	0.1	4	11	5	2.75	81618815180.52	7686703.635516708	0.8450306340055249	-0.08147510696613355	333
half_step_1	62.65959517112994	0.05	5	10	4	2	81618815180.52	5800100.904356113	0.8450306340055249	-0.08147510696613355	333
half_step_2	62.70959517112994	0.05	7	14	5	2	81618815180.52	37782166.5313898	1.0168922191993204	-0.07461919669347497	327
full_step	62.759595171129945	0.1	6	13	4	2.1666666666666665	81618815180.52	120963097.20334806	1.0976117456603731	-0.07861898092847655	376
half_step_1	62.759595171129945	0.05	4	20	10	5	81618815180.52	122116817.17686144	1.0976117456603731	-0.07861898092847655	376
half_step_2	62.80959517112994	0.05	12	40	6	3.3333333333333335	81618815180.52	7280086.388522064	1.1177819436612708	-0.049436884438120256	370
full_step	62.859595171129946	0.1	6	14	7	2.3333333333333335	81618815180.52	44411550.56096519	0.841854401054718	-0.07715089249133543	346
half_step_1	62.859595171129946	0.05	7	22	8	3.142857142857143	81618815180.52	10800666.044311497	0.841854401054718	-0.07715089249133543	346
half_step_2	62.90959517112994	0.05	6	12	8	2	81618815180.52	7666272.637421905	1.0126365211128245	-0.07663500147383889	387
full_step	62.95959517112995	0.1	4	15	5	3.75	81618815180.52	4218884.556505905	1.0871468998709304	-0.0715339515717949	394
half_step_1	62.95959517112995	0.05	4	10	4	2.5	81618815180.52	6356982.81594121	1.0871468998709304	-0.0715339515717949	394
half_step_2	63.009595171129945	0.05	7	22	6	3.142857142857143	81618815180.52	6558759.0697910255	1.0841834464357873	-0.07288738022174716	390
full_step	63.05959517112995	0.1	5	18	6	3.6	81618815180.52	20102134.686749317	1.099225491698121	-0.07063508409771461	382
half_step_1	63.05959517112995	0.05	5	23	9	4.6	81618815180.52	7152452.718886022	1.099225491698121	-0.07063508409771461	382
half_step_2	63.109595171129946	0.05	6	29	10	4.833333333333333	81618815180.52	6496172.351318882	1.0705943011229522	-0.07141259688582816	358
full_step	63.15959517112995	0.1	6	23	8	3.8333333333333335	81618815180.52	4795822.887470485	1.0850102466874887	-0.0706717975373294	390
half_step_1	63.15959517112995	0.05	5	16	8	3.2	81618815180.52	6524805.205201345	1.0850102466874887	-0.0706717975373294	390
half_step_2	63.20959517112995	0.05	7	29	8	4.142857142857143	81618815180.52	8984763.749368079	1.0390739735222212	-0.07249574427599756	354
full_step	63.25959517112995	0.1	10	38	9	3.8	81618815180.52	16245625.835422982	0.9893371573118657	-0.055397756247308	344
half_step_1	63.25959517112995	0.05	9	24	9	2.6666666666666665	81618815180.52	26330570.805472888	0.9893371573118657	-0.055397756247308	344
half_step_2	63.30959517112995	0.05	8	36	11	4.5	81618815180.52	93387807.74266297	0.7859633440876337	-0.06005038417555395	301
full_step	63.25959517112995	0.05	13	30	10	2.3076923076923075	81618815180.52	30651095.99726186	0.9893371573118657	-0.055397756247308	344
half_step_1	63.25959517112995	0.025	13	48	8	3.6923076923076925	81618815180.52	71649209.32175693	0.9893371573118657	-0.055397756247308	344
half_step_2	63.28459517112995	0.025	7	31	9	4.428571428571429	81618815180.52	353169151.1770521	0.679780091967956	-0.06513676684668147	312
full_step	63.30959517112995	0.1	15	46	8	3.066666666666667	81618815180.52	78696590.30680208	1.006753918081766	-0.00901082432934314	392
full_step	63.30959517112995	0.05	15	40	8	2.6666666666666665	81618815180.52	42126770.77544409	1.006753918081766	-0.00901082432934314	392
half_step_1	63.30959517112995	0.025	14	53	9	3.7857142857142856	81618815180.52	16312327.21949556	1.006753918081766	-0.00901082432934314	392
half_step_2	63.33459517112995	0.025	8	19	9	2.375	81618815180.52	9611042.803421484	0.5851155438820959	-0.0439807851486624	363
full_step	63.359595171129946	0.1	8	30	12	3.75	81618815180.52	71238179.07741661	0.341129265195832	-0.09916012835925742	241
full_step	63.359595171129946	0.05	6	12	5	2	81618815180.52	97807454.02925299	0.341129265195832	-0.09916012835925742	241
half_step_1	63.359595171129946	0.025	5	16	7	3.2	81618815180.52	75794018.92802365	0.341129265195832	-0.09916012835925742	241
half_step_2	63.384595171129945	0.025	12	35	10	2.9166666666666665	81618815180.52	123091200.95954831	0.34061501112597625	-0.10861924542238417	251
full_step	63.40959517112994	0.1	10	21	4	2.1	81618815180.52	29256824.115275677	0.33088816390218767	-0.11072353309598577	233
full_step	63.40959517112994	0.05	10	25	5	2.5	81618815180.52	186521575.8584163	0.33088816390218767	-0.11072353309598577	233
half_step_1	63.40959517112994	0.025	6	17	8	2.8333333333333335	81618815180.52	89052373.04671794	0.33088816390218767	-0.11072353309598577	233
half_step_2	63.43459517112994	0.025	5	13	4	2.6	81618815180.52	122581749.35716979	0.43012803273381905	-0.10975032277398264	245
full_step	63.45959517112994	0.1	11	31	8	2.8181818181818183	81618815180.52	19447600.444527518	0.49121268917429006	-0.06958519903534763	297
full_step	63.45959517112994	0.05	11	21	8	1.9090909090909092	81618815180.52	13565483.11298404	0.49121268917429006	-0.06958519903534763	297
full_step	63.45959517112994	0.025	12	32	8	2.6666666666666665	81618815180.52	119029747.93566006	0.49121268917429006	-0.06958519903534763	297
full_step	63.45959517112994	0.0125	11	31	12	2.8181818181818183	81618815180.52	75268261.40686743	0.49121268917429006	-0.06958519903534763	297
half_step_1	63.45959517112994	0.00625	11	29	5	2.6363636363636362	81618815180.52	30149870.36145766	0.49121268917429006	-0.06958519903534763	297
half_step_2	63.46584517112994	0.00625	15	34	8	2.2666666666666666	81618815180.52	24050576.304281436	0.5710197982140777	-0.09276086043753236	337
full_step	63.47209517112994	0.032694011340052134	8	10	6	1.25	81618815180.52	109859300.52363779	0.44240552566421343	-0.09823033628653403	211
full_step	63.47209517112994	0.016347005670026067	11	38	8	3.4545454545454546	81618815180.52	52835211.14615722	0.44240552566421343	-0.09823033628653403	211
half_step_1	63.47209517112994	0.008173502835013034	10	40	6	4	81618815180.52	13190090.49319644	0.44240552566421343	-0.09823033628653403	211
half_step_2	63.48026867396496	0.008173502835013034	8	35	8	4.375	81618815180.52	17167688.15807147	0.4223520400070697	-0.11354422039701198	197
full_step	63.48844217679997	0.08173502835013033	8	22	9	2.75	81618815180.52	173424830.08929688	0.40845974212896863	-0.10784553538178986	195
full_step	63.48844217679997	0.040867514175065164	14	52	12	3.7142857142857144	81618815180.52	144988362.32091033	0.40845974212896863	-0.10784553538178986	195
full_step	63.48844217679997	0.020433757087532582	11	36	9	3.272727272727273	81618815180.52	77288550.17107646	0.40845974212896863	-0.10784553538178986	195
full_step	63.48844217679997	0.010216878543766291	9	31	7	3.4444444444444446	81618815180.52	24503726.53348184	0.40845974212896863	-0.10784553538178986	195
half_step_1	63.48844217679997	0.0051084392718831455	7	22	8	3.142857142857143	81618815180.52	17726501.86388184	0.40845974212896863	-0.10784553538178986	195
half_step_2	63.49355061607186	0.0051084392718831455	5	13	10	2.6	81618815180.52	20308703.13002742	0.400571488632977	-0.10926483907577633	184
full_step	63.49865905534374	0.05108439271883146	12	9	9	0.75	81618815180.52	17540138.566389855	1.0714696202254652	-0.059147814036295224	239
half_step_1	63.49865905534374	0.02554219635941573	12	0	0	0	81618815180.52	82278037.46648587	1.0714696202254652	-0.059147814036295224	239
half_step_2	63.524201251703154	0.02554219635941573	11	32	6	2.909090909090909	81618815180.52	9473339.108984945	0.6649667798930761	-0.08583198384985281	226
full_step	63.54974344806257	0.1	7	11	4	1.5714285714285714	81618815180.52	29046174.93385154	0.5644594797412026	-0.08546384989879201	236
full_step	63.54974344806257	0.05	7	12	8	1.7142857142857142	81618815180.52	169528138.27346602	0.5644594797412026	-0.08546384989879201	236
half_step_1	63.54974344806257	0.025	6	3	3	0.5	81618815180.52	90968550.83023213	0.5644594797412026	-0.08546384989879201	236
half_step_2	63.57474344806257	0.025	8	15	6	1.875	81618815180.52	88477940.8887998	0.5827047449561462	-0.1001855191726481	208
full_step	63.59974344806257	0.1	5	12	8	2.4	81618815180.52	14100555.969102815	0.5986515795312641	-0.10550660546330791	203
full_step	63.59974344806257	0.05	7	16	5	2.2857142857142856	81618815180.52	12002298.874098705	0.5986515795312641	-0.10550660546330791	203
half_step_1	63.59974344806257	0.025	6	13	8	2.1666666666666665	81618815180.52	89524582.41869529	0.5986515795312641	-0.10550660546330791	203
half_step_2	63.62474344806257	0.025	9	19	7	2.111111111111111	81618815180.52	72802838.40597533	0.6098291725116951	-0.10293811067465936	193
full_step	63.649743448062566	0.1	5	12	6	2.4	81618815180.52	180651899.54172516	0.6143467259900319	-0.1095895375335038	194
half_step_1	63.649743448062566	0.05	9	42	10	4.666666666666667	81618815180.52	174110924.85741898	0.6143467259900319	-0.1095895375335038	194
half_step_2	63.69974344806256	0.05	5	18	10	3.6	81618815180.52	142228259.4055478	1.045068668967616	-0.098435225857098	192
full_step	63.74974344806257	0.1	11	17	8	1.5454545454545454	81618815180.52	30929374.07294128	1.2876326253584693	-0.07759073413203041	202
half_step_1	63.74974344806257	0.05	11	35	11	3.1818181818181817	81618815180.52	92887331.63948905	1.2876326253584693	-0.07759073413203041	202
half_step_2	63.799743448062564	0.05	10	31	8	3.1	81618815180.52	9287786.446346855	1.1587132998562595	-0.08476461938996824	247
full_step	63.84974344806257	0.1	6	26	8	4.333333333333333	81618815180.52	34149197.465015605	1.436685307582792	-0.07600885088648804	225
half_step_1	63.84974344806257	0.05	13	46	6	3.5384615384615383	81618815180.52	8478826.92768135	1.436685307582792	-0.07600885088648804	225
half_step_2	63.899743448062566	0.05	9	37	12	4.111111111111111	81618815180.52	22761094.85711421	1.279674696514519	-0.07289066786043809	222
full_step	63.94974344806257	0.1	7	24	7	3.4285714285714284	81618815180.52	12713677.542311238	1.155006260534833	-0.09102364423822415	221
full_step	63.94974344806257	0.05	7	23	6	3.2857142857142856	81618815180.52	8946522.099708103	1.155006260534833	-0.09102364423822415	221
half_step_1	63.94974344806257	0.025	8	35	10	4.375	81618815180.52	14709813.431613134	1.155006260534833	-0.09102364423822415	221
half_step_2	63.97474344806257	0.025	3	6	3	2	81618815180.52	102514287.04094614	1.075966704005424	-0.09156317320843212	198
full_step	63.99974344806257	0.1	5	17	5	3.4	81618815180.52	143979801.65779608	0.9905275221456122	-0.10180604262013741	210
full_step	63.99974344806257	0.05	9	38	8	4.222222222222222	81618815180.52	6496455.782057976	0.9905275221456122	-0.10180604262013741	210
half_step_1	63.99974344806257	0.025	7	21	5	3	81618815180.52	14040498.812471213	0.9905275221456122	-0.10180604262013741	210
half_step_2	64.02474344806257	0.025	10	37	7	3.7	81618815180.52	10791868.63181319	0.9222561264294882	-0.10639011565973476	192
full_step	64.04974344806257	0.09999999999999432	5	14	7	2.8	81618815180.52	223867215.56560114	0.8625472656553654	-0.1081993332958313	193
full_step	64.04974344806257	0.04999999999999716	5	15	7	3	81618815180.52	6784023.3663802985	0.8625472656553654	-0.1081993332958313	193
half_step_1	64.04974344806257	0.02499999999999858	4	5	3	1.25	81618815180.52	8903758.358167924	0.8625472656553654	-0.1081993332958313	193
half_step_2	64.07474344806258	0.02499999999999858	5	7	4	1.4	81618815180.52	38215902.12372654	0.8153663711631225	-0.11148998064439535	195
full_step	64.09974344806257	0.09999999999999432	7	22	5	3.142857142857143	81618815180.52	228580809.44142038	0.7717389564862742	-0.11607770288616992	203
full_step	64.09974344806257	0.04999999999999716	6	12	5	2	81618815180.52	132014496.8635305	0.7717389564862742	-0.11607770288616992	203
half_step_1	64.09974344806257	0.02499999999999858	6	21	6	3.5	81618815180.52	36683157.75090326	0.7717389564862742	-0.11607770288616992	203
half_step_2	64.12474344806256	0.02499999999999858	11	23	5	2.090909090909091	81618815180.52	114848642.44043556	0.7296080808406487	-0.1201733590158371	192
full_step	64.09974344806257	0.02499999999999858	5	8	4	1.6	81618815180.52	39530468.44181599	0.7717389564862742	-0.11607770288616992	203
half_step_1	64.09974344806257	0.01249999999999929	6	14	4	2.3333333333333335	81618815180.52	43632718.88211747	0.7717389564862742	-0.11607770288616992	203
half_step_2	64.11224344806257	0.01249999999999929	8	16	6	2	81618815180.52	28623544.50103476	0.6106410818794359	-0.1146983072703147	186
full_step	64.12474344806256	0.09999999999999432	8	35	9	4.375	81618815180.52	13760762.090034127	0.47147731144949034	-0.11744723254597624	189
full_step	64.12474344806256	0.04999999999999716	9	31	8	3.4444444444444446	81618815180.52	138302580.675944	0.47147731144949034	-0.11744723254597624	189
half_step_1	64.12474344806256	0.02499999999999858	7	19	7	2.7142857142857144	81618815180.52	47766413.594066866	0.47147731144949034	-0.11744723254597624	189
half_step_2	64.14974344806257	0.02499999999999858	10	22	8	2.2	81618815180.52	74946614.70804219	0.5454578573455251	-0.12248050172418495	185
full_step	64.12474344806256	0.02499999999999858	11	34	12	3.090909090909091	81618815180.52	50165836.72431454	0.47147731144949034	-0.11744723254597624	189
half_step_1	64.12474344806256	0.01249999999999929	7	27	7	3.857142857142857	81618815180.52	9854825.510049354	0.47147731144949034	-0.11744723254597624	189
half_step_2	64.13724344806256	0.01249999999999929	7	23	8	3.2857142857142856	81618815180.52	11011268.3474291	0.40528705993600056	-0.11799355964650436	186
full_step	64.14974344806257	0.09999999999999432	13	38	9	2.923076923076923	81618815180.52	18158200.139926787	0.373727871073271	-0.11834213063364611	192
full_step	64.14974344806257	0.04999999999999716	12	45	9	3.75	81618815180.52	118175286.89389816	0.373727871073271	-0.11834213063364611	192
half_step_1	64.14974344806257	0.02499999999999858	7	16	7	2.2857142857142856	81618815180.52	51208554.319583386	0.373727871073271	-0.11834213063364611	192
half_step_2	64.17474344806257	0.02499999999999858	12	23	7	1.9166666666666667	81618815180.52	74500997.5851832	0.5014401345063675	-0.12438252808017229	182
full_step	64.19974344806256	0.061555743120372285	12	16	6	1.3333333333333333	81618815180.52	311306453.05197066	1.896500531383225	-0.036652583729940014	137
full_step	64.19974344806256	0.030777871560186142	16	33	9	2.0625	81618815180.52	182616721.8904466	1.896500531383225	-0.036652583729940014	137
full_step	64.19974344806256	0.015388935780093071	13	21	8	1.6153846153846154	81618815180.52	119863767.34053032	1.896500531383225	-0.036652583729940014	137
full_step	64.19974344806256	0.007694467890046536	14	20	6	1.4285714285714286	81618815180.52	132251518.78394598	1.896500531383225	-0.036652583729940014	137
half_step_1	64.19974344806256	0.003847233945023268	9	6	4	0.6666666666666666	81618815180.52	187173142.92479855	1.896500531383225	-0.036652583729940014	137
half_step_2	64.20359068200759	0.003847233945023268	9	8	4	0.8888888888888888	81618815180.52	65370903.601904325	1.772710805839921	-0.03335067803771774	134
full_step	64.20743791595261	0.03847233945023268	13	19	8	1.4615384615384615	81618815180.52	146173303.99193594	1.6176594455211557	-0.012602406905505086	177
full_step	64.20743791595261	0.01923616972511634	16	15	5	0.9375	81618815180.52	93409793.34607136	1.6176594455211557	-0.012602406905505086	177
full_step	64.20743791595261	0.00961808486255817	11	6	3	0.5454545454545454	81618815180.52	68844405.13129619	1.6176594455211557	-0.012602406905505086	177
full_step	64.20743791595261	0.004809042431279085	14	6	4	0.42857142857142855	81618815180.52	101500196.88160089	1.6176594455211557	-0.012602406905505086	177
full_step	64.20743791595261	0.0024045212156395424	14	22	8	1.5714285714285714	81618815180.52	152010663.96335158	1.6176594455211557	-0.012602406905505086	177
half_step_1	64.20743791595261	0.0012022606078197712	11	19	6	1.7272727272727273	81618815180.52	232651907.71623453	1.6176594455211557	-0.012602406905505086	177
half_step_2	64.20864017656044	0.0012022606078197712	9	8	8	0.8888888888888888	81618815180.52	34659055.12902739	1.5784559816784736	-0.020166764008558935	176
full_step	64.20984243716825	0.010567953891437817	11	11	7	1	81618815180.52	51261542.64007416	1.4502726859424513	-0.04130451346862828	190
full_step	64.20984243716825	0.005283976945718909	10	10	5	1	81618815180.52	58682978.98406439	1.4502726859424513	-0.04130451346862828	190
half_step_1	64.20984243716825	0.0026419884728594543	4	0	0	0	81618815180.52	44944564.70556917	1.4502726859424513	-0.04130451346862828	190
half_step_2	64.21248442564111	0.0026419884728594543	5	3	3	0.6	81618815180.52	33153643.251768243	1.275575932452142	-0.041830597921204256	155
full_step	64.21512641411397	0.026419884728594543	17	33	8	1.9411764705882353	81618815180.52	56598055.56196601	1.0883895086544442	-0.03246189215786844	176
full_step	64.21512641411397	0.013209942364297272	12	4	4	0.3333333333333333	81618815180.52	40461957.05865864	1.0883895086544442	-0.03246189215786844	176
half_step_1	64.21512641411397	0.006604971182148636	6	0	0	0	81618815180.52	36723796.13187425	1.0883895086544442	-0.03246189215786844	176
half_step_2	64.22173138529611	0.006604971182148636	13	7	6	0.5384615384615384	81618815180.52	30355303.614050157	0.6530827512663961	-0.05338579111007093	219
full_step	64.22833635647827	0.033844472700433254	8	31	12	3.875	81618815180.52	85682010.15435319	0.3070507119265926	-0.09805998364283808	155
full_step	64.22833635647827	0.016922236350216627	10	33	10	3.3	81618815180.52	47568857.09359816	0.3070507119265926	-0.09805998364283808	155
half_step_1	64.22833635647827	0.008461118175108313	4	8	5	2	81618815180.52	44899372.652695596	0.3070507119265926	-0.09805998364283808	155
half_step_2	64.23679747465337	0.008461118175108313	14	13	5	0.9285714285714286	81618815180.52	43398987.83303435	0.4203933994894271	-0.07144930750933041	177
full_step	64.24525859282848	0.029664383688881028	17	39	8	2.2941176470588234	81618815180.52	192217255.76945972	1.0876749241191508	0.01976510966765489	271
full_step	64.24525859282848	0.014832191844440514	17	32	7	1.8823529411764706	81618815180.52	140702700.9735993	1.0876749241191508	0.01976510966765489	271
full_step	64.24525859282848	0.007416095922220257	13	10	4	0.7692307692307693	81618815180.52	86400937.92289829	1.0876749241191508	0.01976510966765489	271
half_step_1	64.24525859282848	0.0037080479611101285	12	31	6	2.5833333333333335	81618815180.52	69945444.6970396	1.0876749241191508	0.01976510966765489	271
half_step_2	64.24896664078959	0.0037080479611101285	15	38	9	2.533333333333333	81618815180.52	27780090.230446555	1.006748970719789	0.05187846197992547	193
full_step	64.2526746887507	0.021983754714754514	14	46	8	3.2857142857142856	81618815180.52	155952703.29558188	0.9179275824771551	0.023965952419813356	189
full_step	64.2526746887507	0.010991877357377257	13	40	10	3.076923076923077	81618815180.52	109815573.53226241	0.9179275824771551	0.023965952419813356	189
half_step_1	64.2526746887507	0.005495938678688628	7	31	8	4.428571428571429	81618815180.52	52893484.641471095	0.9179275824771551	0.023965952419813356	189
half_step_2	64.2581706274294	0.005495938678688628	8	5	5	0.625	81618815180.52	53483287.70848238	0.7785891583058264	0.0020719268830571096	147
full_step	64.26366656610809	0.05299615874995443	15	41	9	2.7333333333333334	81618815180.52	312059380.3538371	0.5572455978147985	-0.09982605123615633	168
full_step	64.26366656610809	0.026498079374977217	10	18	9	1.8	81618815180.52	175850020.87844276	0.5572455978147985	-0.09982605123615633	168
full_step	64.26366656610809	0.013249039687488608	11	13	7	1.1818181818181819	81618815180.52	145444009.1187033	0.5572455978147985	-0.09982605123615633	168
full_step	64.26366656610809	0.006624519843744304	9	4	4	0.4444444444444444	81618815180.52	122992524.92655317	0.5572455978147985	-0.09982605123615633	168
half_step_1	64.26366656610809	0.003312259921872152	4	7	5	1.75	81618815180.52	34838056.631302096	0.5572455978147985	-0.09982605123615633	168
half_step_2	64.26697882602996	0.003312259921872152	7	0	0	0	81618815180.52	35084205.84370569	0.3912499261184905	-0.10266118505457969	181
full_step	64.27029108595183	0.03312259921872152	20	48	8	2.4	81618815180.52	150839862.57259378	0.21972289980026005	-0.1090344434078538	191
full_step	64.27029108595183	0.01656129960936076	13	7	4	0.5384615384615384	81618815180.52	86591117.6913847	0.21972289980026005	-0.1090344434078538	191
full_step	64.27029108595183	0.00828064980468038	13	9	5	0.6923076923076923	81618815180.52	63455671.77020039	0.21972289980026005	-0.1090344434078538	191
half_step_1	64.27029108595183	0.00414032490234019	6	6	3	1	81618815180.52	31820110.111657444	0.21972289980026005	-0.1090344434078538	191
half_step_2	64.27443141085416	0.00414032490234019	14	12	7	0.8571428571428571	81618815180.52	442128270.9061447	1.1465126084025261	0.12697131342149198	260
full_step	64.2785717357565	0.027721434624037193	15	41	8	2.7333333333333334	81618815180.52	139718539.06623048	1.0431614835931935	0.117013157589171	246
full_step	64.2785717357565	0.013860717312018597	8	13	4	1.625	81618815180.52	82835841.81249751	1.0431614835931935	0.117013157589171	246
full_step	64.2785717357565	0.006930358656009298	8	0	0	0	81618815180.52	40766195.631683156	1.0431614835931935	0.117013157589171	246
half_step_1	64.2785717357565	0.003465179328004649	5	5	5	1	81618815180.52	24857377.69169515	1.0431614835931935	0.117013157589171	246
half_step_2	64.2820369150845	0.003465179328004649	16	18	7	1.125	81618815180.52	37242487.19252249	0.9054171320029116	0.10698457274953678	211
full_step	64.28550209441251	0.0330896715673179	19	53	8	2.789473684210526	81618815180.52	233078414.32673883	0.7343909912794704	0.023122461905255912	235
full_step	64.28550209441251	0.01654483578365895	17	30	5	1.7647058823529411	81618815180.52	141012618.07566366	0.7343909912794704	0.023122461905255912	235
half_step_1	64.28550209441251	0.008272417891829476	22	68	8	3.090909090909091	81618815180.52	80656990.4883847	0.7343909912794704	0.023122461905255912	235
half_step_2	64.29377451230434	0.008272417891829476	12	6	6	0.5	81618815180.52	131162001.67640595	0.34143913761555034	-0.08227900991191126	254
full_step	64.30204693019617	0.06690625161800806	21	67	8	3.1904761904761907	81618815180.52	181707660.27892256	0.2768101873594304	-0.09825775779640812	289
half_step_1	64.30204693019617	0.03345312580900403	20	66	9	3.3	81618815180.52	135989485.70471245	0.2768101873594304	-0.09825775779640812	289
half_step_2	64.33550005600517	0.03345312580900403	13	32	7	2.4615384615384617	81618815180.52	27371046.666567873	0.29439242901772644	-0.10609251037638003	274
full_step	64.36895318181418	0.09999999999999432	6	20	6	3.3333333333333335	81618815180.52	196335534.54392892	0.32093844642690783	-0.11188851297140182	251
half_step_1	64.36895318181418	0.04999999999999716	5	24	7	4.8	81618815180.52	125184628.70506322	0.32093844642690783	-0.11188851297140182	251
half_step_2	64.41895318181417	0.04999999999999716	8	26	9	3.25	81618815180.52	1960454.698681084	0.5297773492084445	-0.09551272986270407	208
full_step	64.46895318181417	0.09999999999999432	7	27	7	3.857142857142857	81618815180.52	3356812.2127081174	0.6151930476374048	-0.10067127604139078	212
half_step_1	64.46895318181417	0.04999999999999716	4	6	6	1.5	81618815180.52	1828130.3053901154	0.6151930476374048	-0.10067127604139078	212
half_step_2	64.51895318181417	0.04999999999999716	5	18	6	3.6	81618815180.52	2322971.290644316	0.6352437893748686	-0.09823839494727094	209
full_step	64.56895318181417	0.09999999999999432	5	16	7	3.2	81618815180.52	3111765.008505733	0.6381265277456123	-0.10097117835598772	215
half_step_1	64.56895318181417	0.04999999999999716	5	11	6	2.2	81618815180.52	1794668.6552968333	0.6381265277456123	-0.10097117835598772	215
half_step_2	64.61895318181416	0.04999999999999716	4	0	0	0	81618815180.52	1839701.7696518966	0.6374139360571576	-0.0979624438704482	213
full_step	64.66895318181416	0.09999999999999432	5	17	8	3.4	81618815180.52	3185996.816528398	0.6197493929230689	-0.10213745719933556	214
half_step_1	64.66895318181416	0.04999999999999716	4	5	5	1.25	81618815180.52	2264869.763579575	0.6197493929230689	-0.10213745719933556	214
half_step_2	64.71895318181416	0.04999999999999716	4	7	4	1.75	81618815180.52	2675290.3385036867	0.6359692570401307	-0.10410516096865591	216
full_step	64.76895318181415	0.09999999999999432	8	40	8	5	81618815180.52	144471198.97529885	0.6365534732805145	-0.09962517830497486	212
half_step_1	64.76895318181415	0.04999999999999716	5	24	8	4.8	81618815180.52	129414477.73935379	0.6365534732805145	-0.09962517830497486	212
half_step_2	64.81895318181415	0.04999999999999716	9	42	9	4.666666666666667	81618815180.52	3164442.8469635616	0.6456418793552814	-0.1001356333894861	206
full_step	64.86895318181415	0.09999999999999432	6	23	7	3.8333333333333335	81618815180.52	16048730.788545907	0.6411272409216622	-0.10174323359702553	211
half_step_1	64.86895318181415	0.04999999999999716	5	16	6	3.2	81618815180.52	4882758.9481232455	0.6411272409216622	-0.10174323359702553	211
half_step_2	64.91895318181415	0.04999999999999716	1	11	11	11	81618815180.52	278385148.7346235	0.6423858760159078	-0.10069940262056712	205
full_step	64.96895318181414	0.09999999999999432	6	14	6	2.3333333333333335	81618815180.52	2041102.8470755282	0.9244423325585558	-0.0564917067686598	185
half_step_1	64.96895318181414	0.04999999999999716	5	9	5	1.8	81618815180.52	5185363.865184938	0.9244423325585558	-0.0564917067686598	185
half_step_2	65.01895318181414	0.04999999999999716	1	12	12	12	81618815180.52	308568201.0329577	0.5504982764834665	-0.09229218145547163	203
full_step	65.06895318181414	0.09999999999999432	14	69	10	4.928571428571429	81618815180.52	8661352.64765631	0.8664795582234603	-0.03865577590143304	252
half_step_1	65.06895318181414	0.04999999999999716	11	33	8	3	81618815180.52	2244529.672925855	0.8664795582234603	-0.03865577590143304	252
half_step_2	65.11895318181413	0.04999999999999716	7	23	11	3.2857142857142856	81618815180.52	138542069.76121902	0.58205620043708	-0.10844241639938779	222
full_step	65.16895318181413	0.09999999999999432	8	30	10	3.75	81618815180.52	21415700.800756145	0.6215474390793077	-0.11023188521128752	215
half_step_1	65.16895318181413	0.04999999999999716	5	10	6	2	81618815180.52	77588598.28976397	0.6215474390793077	-0.11023188521128752	215
half_step_2	65.21895318181413	0.04999999999999716	8	30	10	3.75	81618815180.52	27958804.701620117	0.617432687089746	-0.10613291775502966	208
full_step	65.26895318181413	0.09999999999999432	7	32	8	4.571428571428571	81618815180.52	11852983.658025125	0.6279790800388696	-0.1128814599638717	212
half_step_1	65.26895318181413	0.04999999999999716	8	16	7	2	81618815180.52	117153934.13845396	0.6279790800388696	-0.1128814599638717	212
half_step_2	65.31895318181412	0.04999999999999716	7	31	10	4.428571428571429	81618815180.52	2184133.258671732	0.6168638190037825	-0.04841839804955284	302
full_step	65.36895318181412	0.09999999999999432	7	19	5	2.7142857142857144	81618815180.52	1109782.5173960961	0.6183846351295301	-0.12038779420127509	237
half_step_1	65.36895318181412	0.04999999999999716	14	47	12	3.357142857142857	81618815180.52	133694180.47976273	0.6183846351295301	-0.12038779420127509	237
half_step_2	65.41895318181412	0.04999999999999716	8	22	6	2.75	81618815180.52	5400217.037188124	0.6071850215159884	-0.078039098413705	259
full_step	65.46895318181411	0.09999999999999432	6	24	7	4	81618815180.52	225132050.85913318	0.6044543856957034	-0.11692708615475461	247
half_step_1	65.46895318181411	0.04999999999999716	9	34	7	3.7777777777777777	81618815180.52	2785845.094853949	0.6044543856957034	-0.11692708615475461	247
half_step_2	65.51895318181411	0.04999999999999716	9	26	6	2.888888888888889	81618815180.52	6687048.044769653	0.5944750927255882	-0.11024234153979205	245
full_step	65.56895318181411	0.09999999999999432	7	23	8	3.2857142857142856	81618815180.52	10146420.07739844	0.5892853690340871	-0.11558576779762879	270
half_step_1	65.56895318181411	0.04999999999999716	5	13	8	2.6	81618815180.52	5896147.38932604	0.5892853690340871	-0.11558576779762879	270
half_step_2	65.6189531818141	0.04999999999999716	11	25	7	2.272727272727273	81618815180.52	3178589.9539891025	0.59928406156385	-0.10740949281402379	261
full_step	65.6689531818141	0.09999999999999432	5	11	7	2.2	81618815180.52	8274566.308402796	0.6086393288790077	-0.11232337168285271	271
half_step_1	65.6689531818141	0.04999999999999716	5	16	9	3.2	81618815180.52	7818152.345223542	0.6086393288790077	-0.11232337168285271	271
half_step_2	65.7189531818141	0.04999999999999716	4	7	4	1.75	81618815180.52	21405038.222546704	0.6174610769159585	-0.11338762412003904	282
full_step	65.7689531818141	0.09999999999999432	7	28	8	4	81618815180.52	2194736.638009615	0.6140688948509876	-0.10824937955607128	319
half_step_1	65.7689531818141	0.04999999999999716	10	49	7	4.9	81618815180.52	723101.0850780401	0.6140688948509876	-0.10824937955607128	319
half_step_2	65.8189531818141	0.04999999999999716	5	10	5	2	81618815180.52	2571084.477108354	0.6028516181335135	-0.10458678726386758	289
full_step	65.86895318181409	0.09999999999999432	7	23	7	3.2857142857142856	81618815180.52	6926015.898071879	0.6133497952289417	-0.10548919480438433	294
half_step_1	65.86895318181409	0.04999999999999716	10	39	8	3.9	81618815180.52	8996135.21396215	0.6133497952289417	-0.10548919480438433	294
half_step_2	65.91895318181409	0.04999999999999716	8	31	10	3.875	81618815180.52	1889226.8888143816	0.651032035299977	-0.10189673451274775	294
full_step	65.96895318181409	0.09999999999999432	8	27	6	3.375	81618815180.52	5189424.542980913	0.6431811666532781	-0.10192262619559737	281
half_step_1	65.96895318181409	0.04999999999999716	11	30	8	2.727272727272727	81618815180.52	80977674.17818527	0.6431811666532781	-0.10192262619559737	281
half_step_2	66.01895318181408	0.04999999999999716	13	36	12	2.769230769230769	81618815180.52	8501618.092896538	0.6678685011290781	-0.11542491550843545	268
full_step	66.06895318181408	0.09999999999999432	7	18	7	2.5714285714285716	81618815180.52	3616542.719087304	0.6579651015881893	-0.1137238809501007	261
half_step_1	66.06895318181408	0.04999999999999716	4	4	4	1	81618815180.52	53560363.61461045	0.6579651015881893	-0.1137238809501007	261
half_step_2	66.11895318181408	0.04999999999999716	5	14	6	2.8	81618815180.52	5082203.407917734	0.630607704022708	-0.10845452856530492	241
full_step	66.16895318181408	0.09999999999999432	9	26	7	2.888888888888889	81618815180.52	10246174.048941629	0.6393039447475246	-0.09910476553684439	230
half_step_1	66.16895318181408	0.04999999999999716	9	36	9	4	81618815180.52	24308067.72316614	0.6393039447475246	-0.09910476553684439	230
half_step_2	66.21895318181407	0.04999999999999716	13	11	4	0.8461538461538461	81618815180.52	91808894.03170602	0.6348605808582306	-0.11649651246472663	239
full_step	66.26895318181407	0.09999999999999432	8	30	8	3.75	81618815180.52	1057969.7525441376	1.6710597743763582	-0.02314018143975751	246
half_step_1	66.26895318181407	0.04999999999999716	13	25	7	1.9230769230769231	81618815180.52	31626463.83146816	1.6710597743763582	-0.02314018143975751	246
half_step_2	66.31895318181407	0.04999999999999716	9	28	9	3.111111111111111	81618815180.52	67280934.1539743	0.6272611969629338	-0.07827331043305105	222
full_step	66.36895318181406	0.09999999999999432	6	28	8	4.666666666666667	81618815180.52	38215129.861391746	0.6271217634998436	-0.09790441218779708	238
half_step_1	66.36895318181406	0.04999999999999716	12	24	10	2	81618815180.52	78643577.25105637	0.6271217634998436	-0.09790441218779708	238
half_step_2	66.41895318181406	0.04999999999999716	10	19	9	1.9	81618815180.52	162768073.30297104	0.6239002073596396	-0.11722944870615576	236
full_step	66.36895318181406	0.04999999999999716	16	41	8	2.5625	81618815180.52	50432773.556780055	0.6271217634998436	-0.09790441218779708	238
half_step_1	66.36895318181406	0.02499999999999858	10	25	6	2.5	81618815180.52	39837511.6924813	0.6271217634998436	-0.09790441218779708	238
half_step_2	66.39395318181406	0.02499999999999858	11	29	7	2.6363636363636362	81618815180.52	105097067.39785963	0.3513261096996416	-0.1225132445723971	218
full_step	66.41895318181406	0.09999999999999432	11	39	8	3.5454545454545454	81618815180.52	314676556.10720927	0.240202558131557	-0.11802378650131365	241
full_step	66.41895318181406	0.04999999999999716	10	24	8	2.4	81618815180.52	215277561.75799266	0.240202558131557	-0.11802378650131365	241
full_step	66.41895318181406	0.02499999999999858	8	8	5	1	81618815180.52	127522618.33412611	0.240202558131557	-0.11802378650131365	241
full_step	66.41895318181406	0.01249999999999929	6	13	5	2.1666666666666665	81618815180.52	97927293.04824652	0.240202558131557	-0.11802378650131365	241
half_step_1	66.41895318181406	0.006249999999999645	6	16	7	2.6666666666666665	81618815180.52	41759208.599297136	0.240202558131557	-0.11802378650131365	241
half_step_2	66.42520318181406	0.006249999999999645	13	18	6	1.3846153846153846	81618815180.52	28481014.41739741	0.1933411074467699	-0.10879630857969706	344
full_step	66.43145318181406	0.04843331226007763	14	59	12	4.214285714285714	81618815180.52	75110002.0817688	0.15073804872426422	-0.1137209188216201	313
half_step_1	66.43145318181406	0.024216656130038816	14	48	9	3.4285714285714284	81618815180.52	6610216.943237838	0.15073804872426422	-0.1137209188216201	313
half_step_2	66.4556698379441	0.024216656130038816	9	25	7	2.7777777777777777	81618815180.52	29352415.06189964	0.1782337929598441	-0.11811486473815107	298
full_step	66.47988649407414	0.09999999999999432	12	41	7	3.4166666666666665	81618815180.52	10008970.873377295	0.18928121875811144	-0.11183964094047151	313
half_step_1	66.47988649407414	0.04999999999999716	11	61	10	5.545454545454546	81618815180.52	2678352.0855222736	0.18928121875811144	-0.11183964094047151	313
half_step_2	66.52988649407413	0.04999999999999716	10	23	6	2.3	81618815180.52	59559535.424514964	0.4466584398344082	-0.10816731344087287	261
full_step	66.57988649407413	0.09999999999999432	6	19	7	3.1666666666666665	81618815180.52	52633925.211039245	0.5805417913932445	-0.11354070398087586	236
full_step	66.57988649407413	0.04999999999999716	5	17	7	3.4	81618815180.52	51966981.31997719	0.5805417913932445	-0.11354070398087586	236
half_step_1	66.57988649407413	0.02499999999999858	6	15	7	2.5	81618815180.52	42566794.874585554	0.5805417913932445	-0.11354070398087586	236
half_step_2	66.60488649407412	0.02499999999999858	5	22	11	4.4	81618815180.52	107544596.82742995	0.3243908057056615	-0.12427185439681984	289
full_step	66.62988649407413	0.09999999999999432	10	35	8	3.5	81618815180.52	292172463.87305295	0.23073461956454366	-0.12179747381307986	297
half_step_1	66.62988649407413	0.04999999999999716	5	16	6	3.2	81618815180.52	209532665.64378178	0.23073461956454366	-0.12179747381307986	297
half_step_2	66.67988649407413	0.04999999999999716	4	11	6	2.75	81618815180.52	146458761.37496343	0.4631358234229026	-0.11143504027766733	199
full_step	66.62988649407413	0.04999999999999716	9	28	7	3.111111111111111	81618815180.52	212993468.163265	0.23073461956454366	-0.12179747381307986	297
half_step_1	66.62988649407413	0.02499999999999858	4	11	8	2.75	81618815180.52	39149599.18928809	0.23073461956454366	-0.12179747381307986	297
half_step_2	66.65488649407413	0.02499999999999858	4	11	7	2.75	81618815180.52	6912329.996866005	0.20712039989200548	-0.11194710812691774	312
full_step	66.67988649407413	0.09999999999999432	9	34	8	3.7777777777777777	81618815180.52	11780118.156042878	0.20322671014147886	-0.11689294791091173	310
half_step_1	66.67988649407413	0.04999999999999716	5	32	14	6.4	81618815180.52	125236384.07879393	0.20322671014147886	-0.11689294791091173	310
half_step_2	66.72988649407412	0.04999999999999716	9	18	9	2	81618815180.52	164825573.51902297	0.45381726074509743	-0.1156153316530563	270
full_step	66.77988649407412	0.09999999999999432	9	18	8	2	81618815180.52	35498966.44238688	0.5768731298672378	-0.12088683069415083	222
full_step	66.77988649407412	0.04999999999999716	10	27	7	2.7	81618815180.52	46644354.12006517	0.5768731298672378	-0.12088683069415083	222
half_step_1	66.77988649407412	0.02499999999999858	9	27	7	3	81618815180.52	84467250.73963618	0.5768731298672378	-0.12088683069415083	222
half_step_2	66.80488649407411	0.02499999999999858	13	21	6	1.6153846153846154	81618815180.52	44579614.39697356	0.3250586173074623	-0.11784294555343242	267
full_step	66.82988649407412	0.06695658198655538	15	50	12	3.3333333333333335	81618815180.52	8455921.100689536	1.788562565833276	-0.0027701906288789264	322
half_step_1	66.82988649407412	0.03347829099327769	15	42	7	2.8	81618815180.52	1841252.682906312	1.788562565833276	-0.0027701906288789264	322
half_step_2	66.86336478506739	0.03347829099327769	4	6	4	1.5	81618815180.52	49727735.685442165	0.9493660135673068	-0.038559422358696194	291
full_step	66.89684307606068	0.09999999999999432	9	18	7	2	81618815180.52	270709170.4031133	0.31764868755408315	-0.11820952564656637	260
full_step	66.89684307606068	0.04999999999999716	13	51	8	3.923076923076923	81618815180.52	129904786.93997486	0.31764868755408315	-0.11820952564656637	260
full_step	66.89684307606068	0.02499999999999858	13	53	7	4.076923076923077	81618815180.52	114294640.08718899	0.31764868755408315	-0.11820952564656637	260
half_step_1	66.89684307606068	0.01249999999999929	7	20	6	2.857142857142857	81618815180.52	60218382.463208415	0.31764868755408315	-0.11820952564656637	260
half_step_2	66.90934307606068	0.01249999999999929	4	10	8	2.5	81618815180.52	110071612.18826023	0.181457516422995	-0.1270750022846924	265
full_step	66.92184307606067	0.09999999999999432	10	27	8	2.7	81618815180.52	279459680.69035494	0.14075643896708812	-0.11133682439289769	269
full_step	66.92184307606067	0.04999999999999716	12	39	10	3.25	81618815180.52	194892710.85153365	0.14075643896708812	-0.11133682439289769	269
full_step	66.92184307606067	0.02499999999999858	11	30	9	2.727272727272727	81618815180.52	133906586.64027715	0.14075643896708812	-0.11133682439289769	269
half_step_1	66.92184307606067	0.01249999999999929	7	24	4	3.4285714285714284	81618815180.52	110353409.34216143	0.14075643896708812	-0.11133682439289769	269
half_step_2	66.93434307606067	0.01249999999999929	7	15	8	2.142857142857143	81618815180.52	93096600.00205216	0.1359612928903573	-0.11331248047017707	273
full_step	66.94684307606067	0.09809370086192103	8	35	9	4.375	81618815180.52	1518798.4133784329	0.13644802020886004	-0.11426517237408364	316
half_step_1	66.94684307606067	0.04904685043096051	16	46	10	2.875	81618815180.52	14384571.372843677	0.13644802020886004	-0.11426517237408364	316
full_step	66.94684307606067	0.04904685043096051	18	58	8	3.2222222222222223	81618815180.52	17529637.30347669	0.13644802020886004	-0.11426517237408364	316
full_step	66.94684307606067	0.024523425215480257	14	28	8	2	81618815180.52	86796034.54600808	0.13644802020886004	-0.11426517237408364	316
half_step_1	66.94684307606067	0.012261712607740128	10	21	6	2.1	81618815180.52	67097033.71490307	0.13644802020886004	-0.11426517237408364	316
half_step_2	66.95910478866841	0.012261712607740128	5	17	10	3.4	81618815180.52	6828922.421130398	0.13701749767756155	-0.11220259049237688	296
full_step	66.97136650127615	0.09999999999999432	11	36	8	3.272727272727273	81618815180.52	292096007.6455771	0.1372138124453386	-0.10733662999372705	290
full_step	66.97136650127615	0.04999999999999716	12	32	6	2.6666666666666665	81618815180.52	216494479.82446468	0.1372138124453386	-0.10733662999372705	290
full_step	66.97136650127615	0.02499999999999858	5	18	8	3.6	81618815180.52	105028592.0635645	0.1372138124453386	-0.10733662999372705	290
half_step_1	66.97136650127615	0.01249999999999929	6	31	9	5.166666666666667	81618815180.52	48757644.92845689	0.1372138124453386	-0.10733662999372705	290
half_step_2	66.98386650127615	0.01249999999999929	9	12	3	1.3333333333333333	81618815180.52	97143751.6592289	0.1377077590592819	-0.11143677641897337	281
full_step	66.99636650127616	0.09999999999999432	10	28	7	2.8	81618815180.52	5671748.982757382	0.13727214002585697	-0.1092307565508449	284
full_step	66.99636650127616	0.04999999999999716	13	50	7	3.8461538461538463	81618815180.52	23469355.626894522	0.13727214002585697	-0.1092307565508449	284
full_step	66.99636650127616	0.02499999999999858	4	17	7	4.25	81618815180.52	99122428.08770056	0.13727214002585697	-0.1092307565508449	284
half_step_1	66.99636650127616	0.01249999999999929	5	14	5	2.8	81618815180.52	82154068.11169596	0.13727214002585697	-0.1092307565508449	284
half_step_2	67.00886650127616	0.01249999999999929	5	9	3	1.8	81618815180.52	113997262.58779158	0.1376342228697922	-0.11047619611543069	290
full_step	67.02136650127616	0.09999999999999432	10	27	8	2.7	81618815180.52	5908816.028259556	0.13741823604192405	-0.11003068427470016	289
full_step	67.02136650127616	0.04999999999999716	12	50	11	4.166666666666667	81618815180.52	52755278.62461865	0.13741823604192405	-0.11003068427470016	289
full_step	67.02136650127616	0.02499999999999858	8	18	5	2.25	81618815180.52	110071957.32876182	0.13741823604192405	-0.11003068427470016	289
half_step_1	67.02136650127616	0.01249999999999929	5	12	5	2.4	81618815180.52	92626372.06418526	0.13741823604192405	-0.11003068427470016	289
half_step_2	67.03386650127617	0.01249999999999929	14	25	7	1.7857142857142858	81618815180.52	29752708.829240035	0.20164445890278593	-0.09734449551617598	353
full_step	67.04636650127617	0.09999999999999432	3	21	8	7	81618815180.52	21198352.820568226	0.1375986757061014	-0.10421282102484372	340
half_step_1	67.04636650127617	0.04999999999999716	10	18	7	1.8	81618815180.52	55974700.116613835	0.1375986757061014	-0.10421282102484372	340
half_step_2	67.09636650127617	0.04999999999999716	9	15	9	1.6666666666666667	81618815180.52	92957838.54363829	0.4316842362433988	-0.12271221256073617	279
full_step	67.14636650127616	0.09999999999999432	5	17	6	3.4	81618815180.52	81285937.24795659	0.5804778404145736	-0.11441091426862739	247
half_step_1	67.14636650127616	0.04999999999999716	9	17	5	1.8888888888888888	81618815180.52	124212809.80423835	0.5804778404145736	-0.11441091426862739	247
half_step_2	67.19636650127616	0.04999999999999716	13	38	8	2.923076923076923	81618815180.52	101678194.33469364	0.4403683796277278	-0.12447220710962345	195
full_step	67.24636650127616	0.09999999999999432	6	23	9	3.8333333333333335	81618815180.52	77774618.9146957	0.5706897148156713	-0.09771636623645236	186
half_step_1	67.24636650127616	0.04999999999999716	12	32	7	2.6666666666666665	81618815180.52	19033765.650825217	0.5706897148156713	-0.09771636623645236	186
half_step_2	67.29636650127615	0.04999999999999716	7	17	12	2.4285714285714284	81618815180.52	152177869.79279453	0.4281146071187436	-0.10632672260459264	170
full_step	67.24636650127616	0.04999999999999716	11	29	6	2.6363636363636362	81618815180.52	10733891.254943347	0.5706897148156713	-0.09771636623645236	186
half_step_1	67.24636650127616	0.02499999999999858	12	38	8	3.1666666666666665	81618815180.52	47788120.171774924	0.5706897148156713	-0.09771636623645236	186
half_step_2	67.27136650127616	0.02499999999999858	5	13	7	2.6	81618815180.52	102152754.58451138	0.2627064855575725	-0.1369938849844053	178
full_step	67.24636650127616	0.02499999999999858	12	34	9	2.8333333333333335	81618815180.52	48459720.959394075	0.5706897148156713	-0.09771636623645236	186
half_step_1	67.24636650127616	0.01249999999999929	14	47	9	3.357142857142857	81618815180.52	28949355.645422455	0.5706897148156713	-0.09771636623645236	186
half_step_2	67.25886650127616	0.01249999999999929	10	16	7	1.6	81618815180.52	40298920.74827145	0.34471372311799087	-0.13031741936663077	110
full_step	67.27136650127616	0.09999999999999432	11	34	13	3.090909090909091	81618815180.52	253757181.9302372	0.18931961477142067	-0.13187137118032552	184
full_step	67.27136650127616	0.04999999999999716	12	31	8	2.5833333333333335	81618815180.52	181987120.72183138	0.18931961477142067	-0.13187137118032552	184
full_step	67.27136650127616	0.02499999999999858	13	20	8	1.5384615384615385	81618815180.52	137373680.58120412	0.18931961477142067	-0.13187137118032552	184
full_step	67.27136650127616	0.01249999999999929	11	20	6	1.8181818181818181	81618815180.52	89886937.31528886	0.18931961477142067	-0.13187137118032552	184
half_step_1	67.27136650127616	0.006249999999999645	7	4	4	0.5714285714285714	81618815180.52	37899531.305852965	0.18931961477142067	-0.13187137118032552	184
half_step_2	67.27761650127616	0.006249999999999645	8	4	4	0.5	81618815180.52	51435904.154467665	0.1552313639474221	-0.11504036241298347	273
full_step	67.28386650127617	0.06249999999999645	15	40	10	2.6666666666666665	81618815180.52	138634076.04151776	0.1390244700799883	-0.11422083494827515	291
full_step	67.28386650127617	0.031249999999998224	14	29	10	2.0714285714285716	81618815180.52	92763549.98355292	0.1390244700799883	-0.11422083494827515	291
full_step	67.28386650127617	0.015624999999999112	10	5	5	0.5	81618815180.52	79609920.37106864	0.1390244700799883	-0.11422083494827515	291
half_step_1	67.28386650127617	0.007812499999999556	6	15	6	2.5	81618815180.52	60212679.87245287	0.1390244700799883	-0.11422083494827515	291
half_step_2	67.29167900127617	0.007812499999999556	13	28	8	2.1538461538461537	81618815180.52	77156029.79006116	0.13625384886472602	-0.11190821699855304	308
full_step	67.29949150127617	0.05740883598041909	15	33	6	2.2	81618815180.52	125609554.14545636	0.13566446035304125	-0.11261116431615702	331
half_step_1	67.29949150127617	0.028704417990209546	4	3	3	0.75	81618815180.52	17563158.999043223	0.13566446035304125	-0.11261116431615702	331
half_step_2	67.32819591926638	0.028704417990209546	10	20	6	2	81618815180.52	122484070.32682756	0.23075928814645863	-0.12059719751296266	318
full_step	67.35690033725659	0.09999999999999432	10	24	8	2.4	81618815180.52	75661658.50252758	0.2540450314203042	-0.14063737520505631	320
half_step_1	67.35690033725659	0.04999999999999716	7	14	6	2	81618815180.52	21277449.077489845	0.2540450314203042	-0.14063737520505631	320
half_step_2	67.40690033725659	0.04999999999999716	10	13	7	1.3	81618815180.52	29102654.039213136	0.48431262419219934	-0.1267847934852318	205
full_step	67.45690033725658	0.09999999999999432	12	25	9	2.0833333333333335	81618815180.52	15458570.535341676	0.8502243411325301	-0.058649805545811555	256
full_step	67.45690033725658	0.04999999999999716	18	53	12	2.9444444444444446	81618815180.52	22049205.611025557	0.8502243411325301	-0.058649805545811555	256
half_step_1	67.45690033725658	0.02499999999999858	14	35	8	2.5	81618815180.52	95512931.3019118	0.8502243411325301	-0.058649805545811555	256
half_step_2	67.48190033725658	0.02499999999999858	9	24	7	2.6666666666666665	81618815180.52	109949828.46469098	0.30015897114987933	-0.12338798343950973	226
full_step	67.45690033725658	0.02499999999999858	13	29	8	2.230769230769231	81618815180.52	64961806.44497088	0.8502243411325301	-0.058649805545811555	256
half_step_1	67.45690033725658	0.01249999999999929	15	41	9	2.7333333333333334	81618815180.52	40498379.351669475	0.8502243411325301	-0.058649805545811555	256
half_step_2	67.46940033725659	0.01249999999999929	6	7	7	1.1666666666666667	81618815180.52	59368100.227511205	0.5522678297312131	-0.0853470834231031	173
full_step	67.48190033725658	0.07004742103917597	17	49	10	2.8823529411764706	81618815180.52	136979593.54809377	0.4121877959938587	-0.11194201500472793	265
full_step	67.48190033725658	0.03502371051958798	20	73	9	3.65	81618815180.52	70198833.43227479	0.4121877959938587	-0.11194201500472793	265
half_step_1	67.48190033725658	0.01751185525979399	13	24	6	1.8461538461538463	81618815180.52	41444125.66330192	0.4121877959938587	-0.11194201500472793	265
half_step_2	67.49941219251637	0.01751185525979399	10	32	9	3.2	81618815180.52	116188564.33421491	0.28060562828618174	-0.10943795406591829	322
full_step	67.51692404777616	0.09999999999999432	12	43	11	3.5833333333333335	81618815180.52	3294653.1477304515	0.16527919385536904	-0.11629741397361906	323
half_step_1	67.51692404777616	0.04999999999999716	18	37	7	2.0555555555555554	81618815180.52	120447120.78881799	0.16527919385536904	-0.11629741397361906	323
half_step_2	67.56692404777615	0.04999999999999716	7	13	10	1.8571428571428572	81618815180.52	137822923.119079	0.41877139767345284	-0.13048263990519524	240
full_step	67.51692404777616	0.04999999999999716	18	45	9	2.5	81618815180.52	140671381.02925783	0.16527919385536904	-0.11629741397361906	323
half_step_1	67.51692404777616	0.02499999999999858	12	15	5	1.25	81618815180.52	25456524.650806196	0.16527919385536904	-0.11629741397361906	323
half_step_2	67.54192404777615	0.02499999999999858	7	11	6	1.5714285714285714	81618815180.52	61110451.56065532	0.18614861106507874	-0.1252889970139485	314
full_step	67.56692404777615	0.09999999999999432	12	27	11	2.25	81618815180.52	20388076.440735128	0.4458420091557942	-0.10254805434011349	343
half_step_1	67.56692404777615	0.04999999999999716	11	20	5	1.8181818181818181	81618815180.52	16282467.510175414	0.4458420091557942	-0.10254805434011349	343
half_step_2	67.61692404777615	0.04999999999999716	12	26	7	2.1666666666666665	81618815180.52	56569509.945905596	0.4497227584537882	-0.11789768770408757	254
full_step	67.56692404777615	0.04999999999999716	5	18	9	3.6	81618815180.52	23438101.65141955	0.4458420091557942	-0.10254805434011349	343
half_step_1	67.56692404777615	0.02499999999999858	9	15	6	1.6666666666666667	81618815180.52	39277626.18094684	0.4458420091557942	-0.10254805434011349	343
half_step_2	67.59192404777616	0.02499999999999858	11	27	9	2.4545454545454546	81618815180.52	94216321.16473769	0.21475584142826687	-0.11960879737449416	339
full_step	67.56692404777615	0.02499999999999858	14	32	8	2.2857142857142856	81618815180.52	53275227.805163875	0.4458420091557942	-0.10254805434011349	343
half_step_1	67.56692404777615	0.01249999999999929	10	27	8	2.7	81618815180.52	49995590.76341411	0.4458420091557942	-0.10254805434011349	343
half_step_2	67.57942404777616	0.01249999999999929	7	23	8	3.2857142857142856	81618815180.52	71843500.35747918	0.2660284972998861	-0.11174507749684201	335
full_step	67.59192404777616	0.0935420691125985	14	32	7	2.2857142857142856	81618815180.52	36260200.23218074	0.13665249208622754	-0.12013487745370009	324
full_step	67.59192404777616	0.04677103455629925	8	7	7	0.875	81618815180.52	51675395.73954921	0.13665249208622754	-0.12013487745370009	324
half_step_1	67.59192404777616	0.023385517278149626	9	17	7	1.8888888888888888	81618815180.52	51259970.5002661	0.13665249208622754	-0.12013487745370009	324
half_step_2	67.6153095650543	0.023385517278149626	10	6	4	0.6	81618815180.52	60934939.36683189	0.3811326755354969	-0.1170594667034294	311
full_step	67.63869508233246	0.08811039680448367	13	26	6	2	81618815180.52	228237487.06338325	0.1815250032755671	-0.12344936754705825	278
full_step	67.63869508233246	0.044055198402241834	7	14	8	2	81618815180.52	141699097.00242728	0.1815250032755671	-0.12344936754705825	278
full_step	67.63869508233246	0.022027599201120917	9	11	6	1.2222222222222223	81618815180.52	115701176.97827873	0.1815250032755671	-0.12344936754705825	278
full_step	67.63869508233246	0.011013799600560458	5	17	8	3.4	81618815180.52	82898650.88186613	0.1815250032755671	-0.12344936754705825	278
half_step_1	67.63869508233246	0.005506899800280229	11	37	8	3.3636363636363638	81618815180.52	32670426.370583206	0.1815250032755671	-0.12344936754705825	278
half_step_2	67.64420198213274	0.005506899800280229	6	19	7	3.1666666666666665	81618815180.52	37347808.297155924	0.15592501300920958	-0.13540675402873553	296
full_step	67.64970888193302	0.04618169877758705	11	24	8	2.1818181818181817	81618815180.52	123065949.51530501	0.1431023212517175	-0.12346584239648738	307
full_step	67.64970888193302	0.023090849388793525	15	34	7	2.2666666666666666	81618815180.52	93744150.08514996	0.1431023212517175	-0.12346584239648738	307
half_step_1	67.64970888193302	0.011545424694396763	7	6	6	0.8571428571428571	81618815180.52	86747241.92871901	0.1431023212517175	-0.12346584239648738	307
half_step_2	67.66125430662741	0.011545424694396763	10	14	9	1.4	81618815180.52	57853882.112387694	0.17706885388283577	-0.11329363070631558	339
full_step	67.67279973132182	0.09999999999999432	13	27	8	2.076923076923077	81618815180.52	72839954.38362896	0.13460570043500297	-0.11634964152038389	322
half_step_1	67.67279973132182	0.04999999999999716	11	22	8	2	81618815180.52	47376355.97661059	0.13460570043500297	-0.11634964152038389	322
half_step_2	67.72279973132181	0.04999999999999716	7	32	12	4.571428571428571	81618815180.52	135444926.7097769	0.4229309585023202	-0.12896334183412456	228
full_step	67.67279973132182	0.04999999999999716	11	21	7	1.9090909090909092	81618815180.52	43301216.80303656	0.13460570043500297	-0.11634964152038389	322
half_step_1	67.67279973132182	0.02499999999999858	7	14	7	2	81618815180.52	45929800.241820484	0.13460570043500297	-0.11634964152038389	322
half_step_2	67.69779973132182	0.02499999999999858	12	43	9	3.5833333333333335	81618815180.52	120771413.84247105	0.1898313479407534	-0.1277371485371923	312
full_step	67.67279973132182	0.02499999999999858	10	22	7	2.2	81618815180.52	93359884.84255484	0.13460570043500297	-0.11634964152038389	322
half_step_1	67.67279973132182	0.01249999999999929	7	13	7	1.8571428571428572	81618815180.52	50968731.160414025	0.13460570043500297	-0.11634964152038389	322
half_step_2	67.68529973132182	0.01249999999999929	6	21	8	3.5	81618815180.52	39061740.8481854	0.2780755893962521	-0.11529596185156063	360
full_step	67.69779973132182	0.0726055772777457	12	33	7	2.75	81618815180.52	54405847.7212094	0.2107541924923595	-0.10865971821026463	335
half_step_1	67.69779973132182	0.03630278863887285	6	11	7	1.8333333333333333	81618815180.52	20646439.893717717	0.2107541924923595	-0.10865971821026463	335
half_step_2	67.7341025199607	0.03630278863887285	9	21	5	2.3333333333333335	81618815180.52	85078845.92784214	0.3133406704356787	-0.11921124352376836	234
full_step	67.69779973132182	0.03630278863887285	6	10	7	1.6666666666666667	81618815180.52	20259633.70481461	0.2107541924923595	-0.10865971821026463	335
half_step_1	67.69779973132182	0.018151394319436426	8	17	6	2.125	81618815180.52	57253336.17533541	0.2107541924923595	-0.10865971821026463	335
half_step_2	67.71595112564125	0.018151394319436426	7	17	8	2.4285714285714284	81618815180.52	111128698.86420785	0.13896540884601905	-0.1177576042818015	318
full_step	67.7341025199607	0.09386794843063412	12	32	9	2.6666666666666665	81618815180.52	23204615.585003193	0.14025976147866004	-0.12305178469039219	322
half_step_1	67.7341025199607	0.04693397421531706	7	16	5	2.2857142857142856	81618815180.52	63962743.30205593	0.14025976147866004	-0.12305178469039219	322
half_step_2	67.78103649417602	0.04693397421531706	7	14	7	2	81618815180.52	128466207.48094657	0.4028858027336355	-0.13346468885373677	227
full_step	67.7341025199607	0.04693397421531706	11	13	6	1.1818181818181819	81618815180.52	67123401.78894715	0.14025976147866004	-0.12305178469039219	322
half_step_1	67.7341025199607	0.02346698710765853	6	10	5	1.6666666666666667	81618815180.52	16081519.82891426	0.14025976147866004	-0.12305178469039219	322
half_step_2	67.75756950706835	0.02346698710765853	9	17	7	1.8888888888888888	81618815180.52	95377601.55105588	0.17493452897679163	-0.12013135324632875	314
full_step	67.78103649417602	0.09999999999999432	13	29	8	2.230769230769231	81618815180.52	48532977.904635206	0.3385798521938428	-0.11985968506524845	318
full_step	67.78103649417602	0.04999999999999716	13	17	7	1.3076923076923077	81618815180.52	21075206.295069054	0.3385798521938428	-0.11985968506524845	318
half_step_1	67.78103649417602	0.02499999999999858	10	13	6	1.3	81618815180.52	26184462.53428522	0.3385798521938428	-0.11985968506524845	318
half_step_2	67.80603649417603	0.02499999999999858	11	13	5	1.1818181818181819	81618815180.52	108876159.3349959	0.29654304110815133	-0.11576913462466484	292
full_step	67.83103649417602	0.07546280023132605	16	54	13	3.375	81618815180.52	45960368.43953171	1.1850953656141128	-0.012829663079475848	439
full_step	67.83103649417602	0.037731400115663026	17	41	9	2.411764705882353	81618815180.52	77837073.59705849	1.1850953656141128	-0.012829663079475848	439
half_step_1	67.83103649417602	0.018865700057831513	10	40	10	4	81618815180.52	88842321.99394661	1.1850953656141128	-0.012829663079475848	439
half_step_2	67.84990219423385	0.018865700057831513	12	25	5	2.0833333333333335	81618815180.52	9736789.090341602	0.8528119949010797	-0.0443659503638373	469
full_step	67.86876789429168	0.09999999999999432	9	36	7	4	81618815180.52	3380015.9635797236	0.4706737795871323	-0.09140698600647008	447
half_step_1	67.86876789429168	0.04999999999999716	12	32	7	2.6666666666666665	81618815180.52	4341638.480739092	0.4706737795871323	-0.09140698600647008	447
half_step_2	67.91876789429168	0.04999999999999716	6	12	5	2	81618815180.52	1555434.6943736228	0.4340554343830547	-0.1152605109378627	280
full_step	67.96876789429167	0.09999999999999432	5	15	9	3	81618815180.52	4036698.371686663	0.5811949918423522	-0.09974112324245367	278
half_step_1	67.96876789429167	0.04999999999999716	11	34	8	3.090909090909091	81618815180.52	4288311.7572714025	0.5811949918423522	-0.09974112324245367	278
half_step_2	68.01876789429167	0.04999999999999716	6	17	8	2.8333333333333335	81618815180.52	1337211.5488314051	0.4235563251350527	-0.11841970153975902	273
full_step	68.06876789429167	0.09999999999999432	6	20	8	3.3333333333333335	81618815180.52	47535555.49569577	0.5756361757647994	-0.09845261801425577	270
half_step_1	68.06876789429167	0.04999999999999716	6	21	9	3.5	81618815180.52	26643410.77652516	0.5756361757647994	-0.09845261801425577	270
half_step_2	68.11876789429166	0.04999999999999716	7	16	8	2.2857142857142856	81618815180.52	156115218.77297747	0.4103807232658596	-0.10765959634240245	263
full_step	68.06876789429167	0.04999999999999716	11	42	14	3.8181818181818183	81618815180.52	92805755.66462795	0.5756361757647994	-0.09845261801425577	270
half_step_1	68.06876789429167	0.02499999999999858	8	12	7	1.5	81618815180.52	53881867.35281148	0.5756361757647994	-0.09845261801425577	270
half_step_2	68.09376789429166	0.02499999999999858	5	22	7	4.4	81618815180.52	72073711.66291724	0.28434137566478057	-0.12461475779816901	272
full_step	68.11876789429166	0.09999999999999432	10	26	8	2.6	81618815180.52	168555722.07163835	0.22907457326959957	-0.11755199081719915	310
half_step_1	68.11876789429166	0.04999999999999716	6	14	7	2.3333333333333335	81618815180.52	116437225.33346999	0.22907457326959957	-0.11755199081719915	310
half_step_2	68.16876789429166	0.04999999999999716	8	4	4	0.5	81618815180.52	117385182.20899971	0.47151999102604236	-0.12039205772147842	246
full_step	68.21876789429166	0.09999999999999432	6	21	8	3.5	81618815180.52	397569871.8412913	0.5874888223713128	-0.09815086600027942	208
full_step	68.21876789429166	0.04999999999999716	6	20	8	3.3333333333333335	81618815180.52	239980609.96722925	0.5874888223713128	-0.09815086600027942	208
full_step	68.21876789429166	0.02499999999999858	5	13	5	2.6	81618815180.52	136326323.38550484	0.5874888223713128	-0.09815086600027942	208
full_step	68.21876789429166	0.01249999999999929	10	16	6	1.6	81618815180.52	59872048.38325972	0.5874888223713128	-0.09815086600027942	208
half_step_1	68.21876789429166	0.006249999999999645	8	22	7	2.75	81618815180.52	79088133.55608615	0.5874888223713128	-0.09815086600027942	208
half_step_2	68.22501789429165	0.006249999999999645	3	12	7	4	81618815180.52	52149043.64834559	0.46162600205269655	-0.11738959529691775	155
full_step	68.23126789429166	0.06249999999999645	10	24	8	2.4	81618815180.52	267691551.97335637	0.34331053184081384	-0.12440000923606877	146
full_step	68.23126789429166	0.031249999999998224	8	28	6	3.5	81618815180.52	165032669.05649355	0.34331053184081384	-0.12440000923606877	146
full_step	68.23126789429166	0.015624999999999112	13	48	8	3.6923076923076925	81618815180.52	94419220.10586454	0.34331053184081384	-0.12440000923606877	146
half_step_1	68.23126789429166	0.007812499999999556	8	44	17	5.5	81618815180.52	46071794.593993366	0.34331053184081384	-0.12440000923606877	146
half_step_2	68.23908039429166	0.007812499999999556	13	19	9	1.4615384615384615	81618815180.52	61258811.17820911	0.21667431716181795	-0.10928937478539709	189
full_step	68.24689289429166	0.07349115780701765	17	42	10	2.4705882352941178	81618815180.52	291112252.17086726	0.14819519537104497	-0.11114299501062437	273
full_step	68.24689289429166	0.036745578903508824	17	48	10	2.823529411764706	81618815180.52	182787629.4072691	0.14819519537104497	-0.11114299501062437	273
full_step	68.24689289429166	0.018372789451754412	10	3	3	0.3	81618815180.52	132542650.0576542	0.14819519537104497	-0.11114299501062437	273
half_step_1	68.24689289429166	0.009186394725877206	8	18	5	2.25	81618815180.52	144976480.44532853	0.14819519537104497	-0.11114299501062437	273
half_step_2	68.25607928901753	0.009186394725877206	18	49	11	2.7222222222222223	81618815180.52	141211323.45943254	0.1385635753993597	-0.10146503948678692	289
full_step	68.26526568374342	0.03686593759391556	7	9	6	1.2857142857142858	81618815180.52	211257390.6370762	0.13599477777520974	-0.09947716351590251	294
half_step_1	68.26526568374342	0.01843296879695778	5	17	6	3.4	81618815180.52	26125928.930647634	0.13599477777520974	-0.09947716351590251	294
half_step_2	68.28369865254038	0.01843296879695778	6	19	6	3.1666666666666665	81618815180.52	125209954.86510791	0.13817433358426	-0.10896985289287651	305
full_step	68.30213162133734	0.07252244933153494	5	11	8	2.2	81618815180.52	317879918.7663718	0.13976592502979202	-0.10375920552167042	278
full_step	68.30213162133734	0.03626122466576747	3	16	11	5.333333333333333	81618815180.52	208434713.4868169	0.13976592502979202	-0.10375920552167042	278
full_step	68.30213162133734	0.018130612332883735	4	13	6	3.25	81618815180.52	160828373.37340054	0.13976592502979202	-0.10375920552167042	278
half_step_1	68.30213162133734	0.009065306166441868	3	14	10	4.666666666666667	81618815180.52	124587058.79206124	0.13976592502979202	-0.10375920552167042	278
half_step_2	68.31119692750379	0.009065306166441868	7	0	0	0	81618815180.52	104910369.81121084	0.1383812247582057	-0.10900600396499723	279
full_step	68.32026223367022	0.060445342229201664	5	15	5	3	81618815180.52	532463945.5978699	0.13666199228580922	-0.10230441767608191	274
full_step	68.32026223367022	0.030222671114600832	4	4	4	1	81618815180.52	408642538.9518491	0.13666199228580922	-0.10230441767608191	274
half_step_1	68.32026223367022	0.015111335557300416	4	12	8	3	81618815180.52	166982555.2105715	0.13666199228580922	-0.10230441767608191	274
half_step_2	68.33537356922753	0.015111335557300416	19	55	10	2.8947368421052633	81618815180.52	102226818.863078	0.46520682882686515	-0.09696941668103133	318
full_step	68.35048490478482	0.030222671114600832	3	13	8	4.333333333333333	81618815180.52	210715021.43169546	0.1402476137106703	-0.1035994948812165	287
half_step_1	68.35048490478482	0.015111335557300416	6	20	7	3.3333333333333335	81618815180.52	147941420.51475504	0.1402476137106703	-0.1035994948812165	287
half_step_2	68.36559624034213	0.015111335557300416	6	19	7	3.1666666666666665	81618815180.52	149292061.63139698	0.13948350526877107	-0.10455168832295747	290
full_step	68.38070757589942	0.09999999999999432	7	24	8	3.4285714285714284	81618815180.52	405953271.5362994	0.13935193032526172	-0.10862873210593292	285
half_step_1	68.38070757589942	0.04999999999999716	7	21	8	3	81618815180.52	278172811.7864795	0.13935193032526172	-0.10862873210593292	285
half_step_2	68.43070757589942	0.04999999999999716	6	16	5	2.6666666666666665	81618815180.52	256507421.30898762	0.42967633532086325	-0.11211763041647918	237
full_step	68.38070757589942	0.08299148151932866	7	30	8	4.285714285714286	81618815180.52	369164536.8189729	0.13935193032526172	-0.10862873210593292	285
half_step_1	68.38070757589942	0.04149574075966433	5	15	7	3	81618815180.52	237103101.1894347	0.13935193032526172	-0.10862873210593292	285
half_step_2	68.42220331665908	0.04149574075966433	11	36	8	3.272727272727273	81618815180.52	208785871.81690368	0.3625731760548945	-0.10890374582665849	234
full_step	68.46369905741875	0.08299148151932866	4	9	7	2.25	81618815180.52	398106975.7119764	0.44569668157197384	-0.10646556764337868	214
full_step	68.46369905741875	0.04149574075966433	5	9	6	1.8	81618815180.52	215867769.07355013	0.44569668157197384	-0.10646556764337868	214
half_step_1	68.46369905741875	0.020747870379832164	4	5	5	1.25	81618815180.52	122519079.84875536	0.44569668157197384	-0.10646556764337868	214
half_step_2	68.48444692779859	0.020747870379832164	4	12	5	3	81618815180.52	178068190.6928231	0.25275120252453576	-0.11930396421825026	237
full_step	68.50519479817841	0.09999999999999432	6	20	7	3.3333333333333335	81618815180.52	893289182.4601231	0.17946795415790007	-0.11491778838601847	298
full_step	68.50519479817841	0.04999999999999716	9	15	7	1.6666666666666667	81618815180.52	309536595.41678554	0.17946795415790007	-0.11491778838601847	298
full_step	68.50519479817841	0.02499999999999858	4	6	6	1.5	81618815180.52	448159727.6464736	0.17946795415790007	-0.11491778838601847	298
full_step	68.50519479817841	0.01249999999999929	4	8	5	2	81618815180.52	150252986.90587354	0.17946795415790007	-0.11491778838601847	298
full_step	68.50519479817841	0.006249999999999645	6	12	5	2	81618815180.52	58918365.66169163	0.17946795415790007	-0.11491778838601847	298
half_step_1	68.50519479817841	0.0031249999999998224	4	18	7	4.5	81618815180.52	33337623.77095622	0.17946795415790007	-0.11491778838601847	298
half_step_2	68.5083197981784	0.0031249999999998224	5	23	7	4.6	81618815180.52	32660442.914183747	0.1645269965447369	-0.11596107104853123	293
full_step	68.5114447981784	0.031249999999998224	15	23	9	1.5333333333333334	81618815180.52	159199564.31284684	0.29066099489566	-0.10694910720938933	300
full_step	68.5114447981784	0.015624999999999112	18	45	12	2.5	81618815180.52	129804287.68509251	0.29066099489566	-0.10694910720938933	300
full_step	68.5114447981784	0.007812499999999556	15	9	5	0.6	81618815180.52	122550292.16293296	0.29066099489566	-0.10694910720938933	300
half_step_1	68.5114447981784	0.003906249999999778	15	20	11	1.3333333333333333	81618815180.52	50575560.96412632	0.29066099489566	-0.10694910720938933	300
half_step_2	68.5153510481784	0.003906249999999778	4	17	8	4.25	81618815180.52	54671908.7562315	0.2699600869606229	-0.10073545227490222	306
full_step	68.5192572981784	0.03906249999999778	11	23	6	2.090909090909091	81618815180.52	233615711.31238458	0.13903359582212715	-0.09936824040136723	301
full_step	68.5192572981784	0.01953124999999889	9	19	6	2.111111111111111	81618815180.52	165585496.2160532	0.13903359582212715	-0.09936824040136723	301
full_step	68.5192572981784	0.009765624999999445	6	22	6	3.6666666666666665	81618815180.52	138015893.06449774	0.13903359582212715	-0.09936824040136723	301
full_step	68.5192572981784	0.0048828124999997224	3	19	9	6.333333333333333	81618815180.52	72990220.00542761	0.13903359582212715	-0.09936824040136723	301
full_step	68.5192572981784	0.0024414062499998612	3	18	8	6	81618815180.52	35949783.866628885	0.13903359582212715	-0.09936824040136723	301
half_step_1	68.5192572981784	0.0012207031249999306	3	13	7	4.333333333333333	81618815180.52	26565397.27295736	0.13903359582212715	-0.09936824040136723	301
half_step_2	68.5204780013034	0.0012207031249999306	4	15	10	3.75	81618815180.52	26815615.770445183	0.13877292551597975	-0.10162959971877718	302
full_step	68.5216987044284	0.012207031249999306	4	8	4	2	81618815180.52	166689378.2735147	0.14096208959037426	-0.09927206956924849	324
full_step	68.5216987044284	0.006103515624999653	4	5	3	1.25	81618815180.52	101526970.02900173	0.14096208959037426	-0.09927206956924849	324
full_step	68.5216987044284	0.0030517578124998265	4	3	3	0.75	81618815180.52	43047229.70245236	0.14096208959037426	-0.09927206956924849	324
full_step	68.5216987044284	0.0015258789062499133	2	5	3	2.5	81618815180.52	28567580.007921923	0.14096208959037426	-0.09927206956924849	324
half_step_1	68.5216987044284	0.0007629394531249566	2	1	1	0.5	81618815180.52	25254007.395002566	0.14096208959037426	-0.09927206956924849	324
half_step_2	68.52246164388153	0.0007629394531249566	22	49	10	2.227272727272727	81618815180.52	14027399.552904336	0.42627294243052916	-0.0967936031300253	411
full_step	68.52322458333465	0.004719301644724058	14	43	11	3.0714285714285716	81618815180.52	21308891.55144176	0.45172477243116305	-0.09760314510364773	419
half_step_1	68.52322458333465	0.002359650822362029	8	23	6	2.875	81618815180.52	10635613.72528944	0.45172477243116305	-0.09760314510364773	419
half_step_2	68.52558423415701	0.002359650822362029	4	17	6	4.25	81618815180.52	19310472.917631157	0.3640341576467847	-0.09986268024215358	392
full_step	68.52794388497938	0.02359650822362029	11	35	9	3.1818181818181817	81618815180.52	133835572.4770155	0.2576382542008844	-0.10006687461950489	380
half_step_1	68.52794388497938	0.011798254111810146	13	31	7	2.3846153846153846	81618815180.52	111899135.43963875	0.2576382542008844	-0.10006687461950489	380
half_step_2	68.53974213909119	0.011798254111810146	5	20	8	4	81618815180.52	145089829.0002217	0.14274664904195333	-0.10085937732295348	300
full_step	68.551540393203	0.07623216389627152	16	51	8	3.1875	81618815180.52	332316891.2999499	0.1413142205138911	-0.10538848775016951	321
full_step	68.551540393203	0.03811608194813576	14	38	9	2.7142857142857144	81618815180.52	218428301.5029434	0.1413142205138911	-0.10538848775016951	321
full_step	68.551540393203	0.01905804097406788	6	15	7	2.5	81618815180.52	154390324.20621005	0.1413142205138911	-0.10538848775016951	321
half_step_1	68.551540393203	0.00952902048703394	4	16	9	4	81618815180.52	121481732.05641632	0.1413142205138911	-0.10538848775016951	321
half_step_2	68.56106941369003	0.00952902048703394	3	6	4	2	81618815180.52	138364925.65836388	0.14017998315209468	-0.10117251949214472	302
full_step	68.57059843417707	0.07606710516543853	22	67	9	3.0454545454545454	81618815180.52	59838427.65540278	0.48059818100958296	-0.08527045268185611	427
full_step	68.57059843417707	0.03803355258271927	20	48	7	2.4	81618815180.52	23463168.91361467	0.48059818100958296	-0.08527045268185611	427
full_step	68.57059843417707	0.019016776291359633	16	41	8	2.5625	81618815180.52	23147579.60699398	0.48059818100958296	-0.08527045268185611	427
full_step	68.57059843417707	0.009508388145679817	22	82	8	3.727272727272727	81618815180.52	31361946.27424131	0.48059818100958296	-0.08527045268185611	427
half_step_1	68.57059843417707	0.004754194072839908	11	28	11	2.5454545454545454	81618815180.52	25504977.311436664	0.48059818100958296	-0.08527045268185611	427
half_step_2	68.57535262824992	0.004754194072839908	9	15	8	1.6666666666666667	81618815180.52	48559000.074629925	0.13909375692304593	-0.10231829719161155	358
full_step	68.57059843417707	0.004754194072839908	19	71	11	3.736842105263158	81618815180.52	25493760.700390782	0.48059818100958296	-0.08527045268185611	427
half_step_1	68.57059843417707	0.002377097036419954	9	34	10	3.7777777777777777	81618815180.52	11226315.154292833	0.48059818100958296	-0.08527045268185611	427
half_step_2	68.57297553121349	0.002377097036419954	8	32	11	4	81618815180.52	14926732.41810449	0.2905427759088468	-0.08778508896116151	391
full_step	68.57535262824992	0.017354484758601584	13	34	9	2.6153846153846154	81618815180.52	130957557.39003383	0.13764513815775103	-0.1057680018570626	352
full_step	68.57535262824992	0.008677242379300792	10	4	4	0.4	81618815180.52	106744626.60391709	0.13764513815775103	-0.1057680018570626	352
full_step	68.57535262824992	0.004338621189650396	9	3	3	0.3333333333333333	81618815180.52	55417018.31755075	0.13764513815775103	-0.1057680018570626	352
full_step	68.57535262824992	0.002169310594825198	6	7	4	1.1666666666666667	81618815180.52	27686174.54664962	0.13764513815775103	-0.1057680018570626	352
half_step_1	68.57535262824992	0.001084655297412599	3	2	2	0.6666666666666666	81618815180.52	22936116.588535774	0.13764513815775103	-0.1057680018570626	352
half_step_2	68.57643728354734	0.001084655297412599	11	0	0	0	81618815180.52	10952104.656711096	0.1375376477978989	-0.109166264471207	427
full_step	68.57752193884474	0.0055973280988631845	11	23	13	2.090909090909091	81618815180.52	30287587.732245076	0.1373688758899334	-0.10672034358994284	423
half_step_1	68.57752193884474	0.0027986640494315923	10	34	11	3.4	81618815180.52	16540272.851223096	0.1373688758899334	-0.10672034358994284	423
half_step_2	68.58032060289418	0.0027986640494315923	7	27	8	3.857142857142857	81618815180.52	14307870.252179084	0.1374069062635641	-0.10503961323178264	361
full_step	68.5831192669436	0.02798664049431592	13	19	4	1.4615384615384615	81618815180.52	100205404.11123538	0.13762460682301025	-0.10505588251021068	340
half_step_1	68.5831192669436	0.01399332024715796	4	10	8	2.5	81618815180.52	62557479.63312038	0.13762460682301025	-0.10505588251021068	340
half_step_2	68.59711258719075	0.01399332024715796	8	20	7	2.5	81618815180.52	50520714.41621004	0.1411402454197912	-0.10771077273374871	341
full_step	68.61110590743792	0.06288536490662845	11	20	6	1.8181818181818181	81618815180.52	260634876.70025057	0.140164086927129	-0.11345602839298506	342
full_step	68.61110590743792	0.031442682453314226	8	5	5	0.625	81618815180.52	158070893.09612247	0.140164086927129	-0.11345602839298506	342
full_step	68.61110590743792	0.015721341226657113	7	9	6	1.2857142857142858	81618815180.52	122451827.91735667	0.140164086927129	-0.11345602839298506	342
full_step	68.61110590743792	0.007860670613328557	7	10	5	1.4285714285714286	81618815180.52	48843717.20232693	0.140164086927129	-0.11345602839298506	342
half_step_1	68.61110590743792	0.003930335306664278	5	3	3	0.6	81618815180.52	20674483.437067516	0.140164086927129	-0.11345602839298506	342
half_step_2	68.61503624274458	0.003930335306664278	4	3	3	0.75	81618815180.52	16490621.65015135	0.1394914023784395	-0.10979052330186624	357
full_step	68.61896657805124	0.03930335306664278	20	88	15	4.4	81618815180.52	2083847.523098837	0.13834375984816916	-0.10941204848894867	410
half_step_1	68.61896657805124	0.01965167653332139	14	61	15	4.357142857142857	81618815180.52	123980948.46966186	0.13834375984816916	-0.10941204848894867	410
half_step_2	68.63861825458456	0.01965167653332139	6	19	5	3.1666666666666665	81618815180.52	1318797.8709680287	0.14432119991997183	-0.1145167424660351	414
full_step	68.65826993111789	0.09999999999999432	6	18	8	3	81618815180.52	769189.8004002748	0.1468913247620094	-0.11589072017236432	423
half_step_1	68.65826993111789	0.04999999999999716	4	11	6	2.75	81618815180.52	17934088.876012288	0.1468913247620094	-0.11589072017236432	423
half_step_2	68.70826993111788	0.04999999999999716	5	15	6	3	81618815180.52	1454016.5397544112	0.44393037987498474	-0.1062505455745612	352
full_step	68.75826993111788	0.09999999999999432	6	26	8	4.333333333333333	81618815180.52	5411152.99021924	0.40455455763841996	-0.1111593831115354	335
half_step_1	68.75826993111788	0.04999999999999716	4	7	7	1.75	81618815180.52	562822.5697199891	0.40455455763841996	-0.1111593831115354	335
half_step_2	68.80826993111788	0.04999999999999716	4	10	5	2.5	81618815180.52	1416649.5441136975	0.5840277309799546	-0.10670214605339275	334
full_step	68.85826993111787	0.09999999999999432	5	15	7	3	81618815180.52	2138603.4258064483	0.44569515571438956	-0.10660011148043932	341
half_step_1	68.85826993111787	0.04999999999999716	5	15	7	3	81618815180.52	1884899.4938307286	0.44569515571438956	-0.10660011148043932	341
half_step_2	68.90826993111787	0.04999999999999716	3	7	4	2.3333333333333335	81618815180.52	1164273.0348565574	0.4168650305716426	-0.11418815819475052	344
full_step	68.95826993111787	0.09999999999999432	5	16	7	3.2	81618815180.52	2540539.5703180684	0.5860732571879907	-0.1031765429215201	349
half_step_1	68.95826993111787	0.04999999999999716	5	14	7	2.8	81618815180.52	2409220.966414969	0.5860732571879907	-0.1031765429215201	349
half_step_2	69.00826993111787	0.04999999999999716	9	21	8	2.3333333333333335	81618815180.52	2999285.996208718	0.4362838716234876	-0.1159133841887289	342
full_step	69.05826993111786	0.09999999999999432	6	21	7	3.5	81618815180.52	2529391.523661378	0.5866203664847376	-0.11440071728821377	344
half_step_1	69.05826993111786	0.04999999999999716	5	18	9	3.6	81618815180.52	94245660.53039666	0.5866203664847376	-0.11440071728821377	344
half_step_2	69.10826993111786	0.04999999999999716	4	3	3	0.75	81618815180.52	19580840.83408602	0.45312721592569005	-0.12697593149979372	371
full_step	69.15826993111786	0.09999999999999432	6	32	12	5.333333333333333	81618815180.52	74967137.04014885	0.5846291037842093	-0.08541450294935005	483
half_step_1	69.15826993111786	0.04999999999999716	5	21	7	4.2	81618815180.52	2417038.276721899	0.5846291037842093	-0.08541450294935005	483
half_step_2	69.20826993111785	0.04999999999999716	4	14	7	3.5	81618815180.52	96980342.94974513	0.46359149496467467	-0.09002663701586422	483
full_step	69.25826993111785	0.09999999999999432	6	23	8	3.8333333333333335	81618815180.52	485798.79832090094	0.5684897185297473	-0.08471067829326469	486
half_step_1	69.25826993111785	0.04999999999999716	5	13	7	2.6	81618815180.52	672523.3909859236	0.5684897185297473	-0.08471067829326469	486
half_step_2	69.30826993111785	0.04999999999999716	3	2	2	0.6666666666666666	81618815180.52	4966737.383233997	0.47393842162790634	-0.08491855537431907	492
full_step	69.35826993111785	0.09999999999999432	6	17	7	2.8333333333333335	81618815180.52	2487563.640554425	0.4426382163794642	-0.08982717561939117	478
half_step_1	69.35826993111785	0.04999999999999716	4	20	9	5	81618815180.52	57830847.16933689	0.4426382163794642	-0.08982717561939117	478
half_step_2	69.40826993111784	0.04999999999999716	7	19	6	2.7142857142857144	81618815180.52	709044.2929516409	0.5557097197494727	-0.08483818096315117	482
full_step	69.45826993111784	0.09999999999999432	7	32	8	4.571428571428571	81618815180.52	7829465.299015392	0.4645046453583461	-0.08975357671572351	478
half_step_1	69.45826993111784	0.04999999999999716	5	23	6	4.6	81618815180.52	11383709.349474635	0.4645046453583461	-0.08975357671572351	478
half_step_2	69.50826993111784	0.04999999999999716	4	7	7	1.75	81618815180.52	3863187.042526428	0.5693613925888599	-0.08633689678125166	481
full_step	69.55826993111783	0.09999999999999432	6	29	8	4.833333333333333	81618815180.52	28090429.694019377	0.46010748669800705	-0.08618272601260955	484
half_step_1	69.55826993111783	0.04999999999999716	5	16	7	3.2	81618815180.52	1029221.0178987536	0.46010748669800705	-0.08618272601260955	484
half_step_2	69.60826993111783	0.04999999999999716	6	16	9	2.6666666666666665	81618815180.52	3448057.1336649954	0.4235906691496325	-0.08880071641278701	464
full_step	69.65826993111783	0.09999999999999432	5	17	8	3.4	81618815180.52	40024526.86790689	0.5798388110049473	-0.08727268210725923	461
half_step_1	69.65826993111783	0.04999999999999716	4	11	6	2.75	81618815180.52	31795638.19845877	0.5798388110049473	-0.08727268210725923	461
half_step_2	69.70826993111783	0.04999999999999716	3	4	4	1.3333333333333333	81618815180.52	2539083.3353578746	0.442834318003662	-0.085267785330284	474
full_step	69.75826993111782	0.09999999999999432	5	12	6	2.4	81618815180.52	7810772.415750093	0.4085148637929592	-0.08854902704291062	461
half_step_1	69.75826993111782	0.04999999999999716	4	6	6	1.5	81618815180.52	2416541.962241072	0.4085148637929592	-0.08854902704291062	461
half_step_2	69.80826993111782	0.04999999999999716	5	3	3	0.6	81618815180.52	1830204.2425205566	0.5828550271183701	-0.08583125590022508	470
full_step	69.85826993111782	0.09999999999999432	5	9	6	1.8	81618815180.52	2591888.7027162467	0.44204809791341404	-0.08461442044969968	472
half_step_1	69.85826993111782	0.04999999999999716	4	11	6	2.75	81618815180.52	5093392.4775452735	0.44204809791341404	-0.08461442044969968	472
half_step_2	69.90826993111781	0.04999999999999716	3	3	3	1	81618815180.52	4332598.178962006	0.4124833408447728	-0.08545890759585341	486
full_step	69.95826993111781	0.09999999999999432	6	16	6	2.6666666666666665	81618815180.52	2643446.382415632	0.38851297394617745	-0.08322309719440318	486
half_step_1	69.95826993111781	0.04999999999999716	4	10	6	2.5	81618815180.52	2023532.0065069043	0.38851297394617745	-0.08322309719440318	486
half_step_2	70.00826993111781	0.04999999999999716	4	8	8	2	81618815180.52	8115522.077744233	0.5887350453094484	-0.08594553460307484	478
full_step	70.0582699311178	0.09999999999999432	6	23	8	3.8333333333333335	81618815180.52	3674094.047794431	0.42929944858596514	-0.08409825010718672	472
half_step_1	70.0582699311178	0.04999999999999716	5	15	7	3	81618815180.52	2413525.03679948	0.42929944858596514	-0.08409825010718672	472
half_step_2	70.1082699311178	0.04999999999999716	3	9	6	3	81618815180.52	20534425.893963486	0.3952342414679606	-0.09064821778744166	475
full_step	70.1582699311178	0.09999999999999432	5	17	7	3.4	81618815180.52	66007210.09505015	0.5631269672552719	-0.08661082283707118	478
half_step_1	70.1582699311178	0.04999999999999716	6	27	8	4.5	81618815180.52	10173859.928084511	0.5631269672552719	-0.08661082283707118	478
half_step_2	70.2082699311178	0.04999999999999716	3	3	3	1	81618815180.52	62567089.02982974	0.4319095866071905	-0.0875818363434191	481
full_step	70.2582699311178	0.09999999999999432	6	26	8	4.333333333333333	81618815180.52	53234654.52596039	0.4073913190287328	-0.11549602922262163	414
half_step_1	70.2582699311178	0.04999999999999716	6	16	5	2.6666666666666665	81618815180.52	6297430.728573905	0.4073913190287328	-0.11549602922262163	414
half_step_2	70.30826993111779	0.04999999999999716	4	8	8	2	81618815180.52	946220.4275082472	0.4066351254713254	-0.1114506203124537	467
full_step	70.35826993111779	0.09999999999999432	7	31	8	4.428571428571429	81618815180.52	24290229.146473143	0.3750835656487084	-0.09049265516840195	484
half_step_1	70.35826993111779	0.04999999999999716	5	21	8	4.2	81618815180.52	5019698.3447866365	0.3750835656487084	-0.09049265516840195	484
half_step_2	70.40826993111779	0.04999999999999716	7	27	8	3.857142857142857	81618815180.52	1213748.2684941771	0.5607750887262171	-0.08384911374201418	473
full_step	70.45826993111778	0.09999999999999432	7	26	8	3.7142857142857144	81618815180.52	33047142.81632597	0.4311807118120612	-0.08265925688847506	471
half_step_1	70.45826993111778	0.04999999999999716	6	22	6	3.6666666666666665	81618815180.52	33816260.33653559	0.4311807118120612	-0.08265925688847506	471
half_step_2	70.50826993111778	0.04999999999999716	4	8	5	2	81618815180.52	6854499.291472406	0.39198051293848835	-0.09632940465624443	460
full_step	70.55826993111778	0.09999999999999432	6	21	7	3.5	81618815180.52	4261387.740477772	0.5975055270477014	-0.08149988910698419	464
half_step_1	70.55826993111778	0.04999999999999716	4	17	7	4.25	81618815180.52	16907915.867162094	0.5975055270477014	-0.08149988910698419	464
half_step_2	70.60826993111777	0.04999999999999716	3	6	3	2	81618815180.52	13646864.988406604	0.4333749450488824	-0.0876903390343739	481
full_step	70.65826993111777	0.09999999999999432	4	14	8	3.5	81618815180.52	2176391.808794217	0.41705003927705775	-0.08335429406091736	475
half_step_1	70.65826993111777	0.04999999999999716	3	10	5	3.3333333333333335	81618815180.52	13227549.64702944	0.41705003927705775	-0.08335429406091736	475
half_step_2	70.70826993111777	0.04999999999999716	4	10	7	2.5	81618815180.52	1743216.7627212002	0.37850962810387045	-0.08160132597448616	484
full_step	70.75826993111777	0.09999999999999432	7	29	7	4.142857142857143	81618815180.52	2397932.9863745524	0.6010618526420615	-0.07943025399260094	477
half_step_1	70.75826993111777	0.04999999999999716	4	16	6	4	81618815180.52	819262.6705525344	0.6010618526420615	-0.07943025399260094	477
half_step_2	70.80826993111776	0.04999999999999716	5	14	5	2.8	81618815180.52	1245011.9122849137	0.42423523264153573	-0.09674687237031596	466
full_step	70.85826993111776	0.09999999999999432	6	28	8	4.666666666666667	81618815180.52	13343408.009724896	0.3983359451246997	-0.08629430771187607	476
half_step_1	70.85826993111776	0.04999999999999716	5	22	6	4.4	81618815180.52	4533885.288841252	0.3983359451246997	-0.08629430771187607	476
half_step_2	70.90826993111776	0.04999999999999716	4	5	5	1.25	81618815180.52	5351479.117617714	0.3930735994150325	-0.07765288703476991	481
full_step	70.95826993111775	0.09999999999999432	8	35	8	4.375	81618815180.52	4149252.198935354	0.4192336048215566	-0.08163399058322103	470
half_step_1	70.95826993111775	0.04999999999999716	5	27	8	5.4	81618815180.52	1973218.7847205766	0.4192336048215566	-0.08163399058322103	470
half_step_2	71.00826993111775	0.04999999999999716	3	9	6	3	81618815180.52	4871876.761077713	0.4020793656300157	-0.08377902694793045	485
full_step	71.05826993111775	0.09999999999999432	6	31	8	5.166666666666667	81618815180.52	1860723.0557091315	0.4038940085814886	-0.07674603247786836	487
half_step_1	71.05826993111775	0.04999999999999716	5	21	7	4.2	81618815180.52	3364085.3724576463	0.4038940085814886	-0.07674603247786836	487
half_step_2	71.10826993111775	0.04999999999999716	5	19	6	3.8	81618815180.52	5613276.391928175	0.4192169129948695	-0.08202893194339977	458
full_step	71.15826993111774	0.09999999999999432	5	17	8	3.4	81618815180.52	2085906.4033205523	0.40447100285288684	-0.08235420421508115	475
half_step_1	71.15826993111774	0.04999999999999716	5	13	7	2.6	81618815180.52	3069364.681406049	0.40447100285288684	-0.08235420421508115	475
half_step_2	71.20826993111774	0.04999999999999716	7	12	9	1.7142857142857142	81618815180.52	19083720.92028942	0.38661733476459403	-0.08188430014760605	486
full_step	71.25826993111774	0.09999999999999432	11	28	7	2.5454545454545454	81618815180.52	401283159.22971314	0.5841882556038627	-0.1075711524133238	286
full_step	71.25826993111774	0.04999999999999716	16	38	7	2.375	81618815180.52	200654307.14995915	0.5841882556038627	-0.1075711524133238	286
half_step_1	71.25826993111774	0.02499999999999858	11	29	10	2.6363636363636362	81618815180.52	89902559.95181233	0.5841882556038627	-0.1075711524133238	286
half_step_2	71.28326993111773	0.02499999999999858	10	14	6	1.4	81618815180.52	125527738.43141268	0.30843234707143097	-0.12783409550688096	299
full_step	71.30826993111774	0.07648957444639014	11	51	12	4.636363636363637	81618815180.52	621408.2348925043	1.8848559533066132	0.13428034476482098	609
half_step_1	71.30826993111774	0.03824478722319507	7	25	9	3.5714285714285716	81618815180.52	681817.1944177643	1.8848559533066132	0.13428034476482098	609
half_step_2	71.34651471834093	0.03824478722319507	7	0	0	0	81618815180.52	1128285.9846919475	1.3679410070112965	-0.0014117494603640467	613
full_step	71.38475950556412	0.09999999999999432	3	24	8	8	81618815180.52	50553774.29794324	0.7832771461415717	-0.10581586327571851	481
half_step_1	71.38475950556412	0.04999999999999716	7	21	6	3	81618815180.52	3046239.829044872	0.7832771461415717	-0.10581586327571851	481
half_step_2	71.43475950556412	0.04999999999999716	4	12	6	3	81618815180.52	8227223.338167536	0.5137850668610611	-0.08123258051951782	526
full_step	71.48475950556411	0.09999999999999432	6	16	7	2.6666666666666665	81618815180.52	2644301.787795856	0.4018879803977029	-0.07648897126307798	506
half_step_1	71.48475950556411	0.04999999999999716	5	18	8	3.6	81618815180.52	4571977.0927543305	0.4018879803977029	-0.07648897126307798	506
half_step_2	71.53475950556411	0.04999999999999716	7	27	8	3.857142857142857	81618815180.52	5401932.29470104	0.4068369627610764	-0.0869395843499741	492
full_step	71.58475950556411	0.09999999999999432	7	34	8	4.857142857142857	81618815180.52	4171034.7673199233	0.38963857350321973	-0.08710464416427283	507
half_step_1	71.58475950556411	0.04999999999999716	6	31	7	5.166666666666667	81618815180.52	6894571.614964045	0.38963857350321973	-0.08710464416427283	507
half_step_2	71.6347595055641	0.04999999999999716	4	4	4	1	81618815180.52	10835718.357039995	0.4020766687474122	-0.07985414658072643	554
full_step	71.6847595055641	0.09999999999999432	8	31	10	3.875	81618815180.52	7126433.740357499	0.4077566684044882	-0.09406950689055626	535
half_step_1	71.6847595055641	0.04999999999999716	5	26	7	5.2	81618815180.52	1654650.1058569609	0.4077566684044882	-0.09406950689055626	535
half_step_2	71.7347595055641	0.04999999999999716	6	32	10	5.333333333333333	81618815180.52	10758471.670213709	0.4089280640643551	-0.11884249819992056	497
full_step	71.7847595055641	0.09999999999999432	6	30	8	5	81618815180.52	3563373.9398050816	0.4019393444016828	-0.0932349740433762	532
half_step_1	71.7847595055641	0.04999999999999716	3	10	6	3.3333333333333335	81618815180.52	3606008.381597204	0.4019393444016828	-0.0932349740433762	532
half_step_2	71.8347595055641	0.04999999999999716	7	25	14	3.5714285714285716	81618815180.52	657697.0836973898	0.40019426237421385	-0.07951129220354097	564
full_step	71.88475950556409	0.09999999999999432	8	28	7	3.5	81618815180.52	4856323.199643414	0.4030006228729519	-0.09358012753431266	539
half_step_1	71.88475950556409	0.04999999999999716	6	22	7	3.6666666666666665	81618815180.52	37552522.5194532	0.4030006228729519	-0.09358012753431266	539
half_step_2	71.93475950556409	0.04999999999999716	11	18	5	1.6363636363636365	81618815180.52	150361721.86261097	0.3981844653751523	-0.11871600168906533	383
full_step	71.98475950556409	0.09999999999999432	8	37	10	4.625	81618815180.52	1048927.1940273507	0.3772548063953707	-0.08542600599869776	526
half_step_1	71.98475950556409	0.04999999999999716	11	46	9	4.181818181818182	81618815180.52	855140.8027214832	0.3772548063953707	-0.08542600599869776	526
half_step_2	72.03475950556408	0.04999999999999716	4	3	3	0.75	81618815180.52	1257385.5168689268	0.41309242240654953	-0.10543172031069037	493
full_step	72.08475950556408	0.09999999999999432	5	21	7	4.2	81618815180.52	2159875.160589419	0.4114369422867412	-0.12224324185726354	488
half_step_1	72.08475950556408	0.04999999999999716	6	20	7	3.3333333333333335	81618815180.52	932966.4710795217	0.4114369422867412	-0.12224324185726354	488
half_step_2	72.13475950556408	0.04999999999999716	4	0	0	0	81618815180.52	3780101.474825979	0.3818125605553746	-0.10983831333870266	461
full_step	72.18475950556407	0.09999999999999432	7	28	9	4	81618815180.52	38155566.91380777	0.40915476024250097	-0.12497205773087697	436
half_step_1	72.18475950556407	0.04999999999999716	6	17	6	2.8333333333333335	81618815180.52	8573924.87109945	0.40915476024250097	-0.12497205773087697	436
half_step_2	72.23475950556407	0.04999999999999716	4	3	3	0.75	81618815180.52	3662230.9792254474	0.40768927304014824	-0.11874512629133799	431
full_step	72.28475950556407	0.09999999999999432	7	30	9	4.285714285714286	81618815180.52	5324461.291504167	0.40913814341871557	-0.11961670339232298	457
half_step_1	72.28475950556407	0.04999999999999716	5	18	7	3.6	81618815180.52	801964.6163979088	0.40913814341871557	-0.11961670339232298	457
half_step_2	72.33475950556407	0.04999999999999716	6	12	4	2	81618815180.52	2528589.537266418	0.40487014317292846	-0.1144163388029193	492
full_step	72.38475950556406	0.09999999999999432	6	17	8	2.8333333333333335	81618815180.52	2724866.3315274073	0.36250105967405943	-0.12317545589718987	457
half_step_1	72.38475950556406	0.04999999999999716	5	18	7	3.6	81618815180.52	2014194.1309651227	0.36250105967405943	-0.12317545589718987	457
half_step_2	72.43475950556406	0.04999999999999716	9	26	10	2.888888888888889	81618815180.52	17045965.18520986	0.4080075012916211	-0.11502597487905941	488
full_step	72.48475950556406	0.09999999999999432	6	15	7	2.5	81618815180.52	6356361.602167996	0.38446980743748327	-0.12887888376750542	434
half_step_1	72.48475950556406	0.04999999999999716	6	15	6	2.5	81618815180.52	10056342.30749956	0.38446980743748327	-0.12887888376750542	434
half_step_2	72.53475950556405	0.04999999999999716	6	10	5	1.6666666666666667	81618815180.52	12436834.07529376	0.42180540811040146	-0.11538001237082694	455
full_step	72.58475950556405	0.09999999999999432	7	25	9	3.5714285714285716	81618815180.52	42370835.66037953	0.38136781564475086	-0.12445545787372775	392
half_step_1	72.58475950556405	0.04999999999999716	6	23	7	3.8333333333333335	81618815180.52	6995122.16084353	0.38136781564475086	-0.12445545787372775	392
half_step_2	72.63475950556405	0.04999999999999716	3	4	4	1.3333333333333333	81618815180.52	6954530.165375612	0.41815398090707845	-0.11372352848713903	418
full_step	72.68475950556405	0.09999999999999432	7	37	8	5.285714285714286	81618815180.52	32860991.047683485	0.40860717868397955	-0.09106069813992762	564
half_step_1	72.68475950556405	0.04999999999999716	5	19	9	3.8	81618815180.52	1348829.5396695817	0.40860717868397955	-0.09106069813992762	564
half_step_2	72.73475950556404	0.04999999999999716	3	13	10	4.333333333333333	81618815180.52	1587602.8818342779	0.4083683442477195	-0.09135545909186508	603
full_step	72.78475950556404	0.09999999999999432	6	29	7	4.833333333333333	81618815180.52	111321103.57092145	0.5374710982291333	-0.09509535556049882	566
half_step_1	72.78475950556404	0.04999999999999716	4	18	8	4.5	81618815180.52	1391127.578950877	0.5374710982291333	-0.09509535556049882	566
half_step_2	72.83475950556404	0.04999999999999716	7	25	7	3.5714285714285716	81618815180.52	682975.0243856307	0.48154808313591957	-0.08547198609618767	595
full_step	72.88475950556403	0.09999999999999432	7	22	7	3.142857142857143	81618815180.52	2772318.884195159	0.4031373416498809	-0.10074877750834187	581
half_step_1	72.88475950556403	0.04999999999999716	4	16	7	4	81618815180.52	1099715.7122473817	0.4031373416498809	-0.10074877750834187	581
half_step_2	72.93475950556403	0.04999999999999716	8	34	11	4.25	81618815180.52	729854.5793146278	0.41942693913767926	-0.09124715753531443	603
full_step	72.98475950556403	0.09999999999999432	5	9	6	1.8	81618815180.52	20950707.50622117	0.3943697708091918	-0.099989253779765	566
half_step_1	72.98475950556403	0.04999999999999716	4	15	9	3.75	81618815180.52	6981069.200513127	0.3943697708091918	-0.099989253779765	566
half_step_2	73.03475950556403	0.04999999999999716	5	18	15	3.6	81618815180.52	12970802.869492793	0.40743133420292565	-0.08177831699081572	579
full_step	73.08475950556402	0.09999999999999432	6	30	8	5	81618815180.52	16529679.674204225	0.3665439957169667	-0.09460075968350655	566
half_step_1	73.08475950556402	0.04999999999999716	4	20	7	5	81618815180.52	1110950.4990882513	0.3665439957169667	-0.09460075968350655	566
half_step_2	73.13475950556402	0.04999999999999716	4	7	5	1.75	81618815180.52	1743784.5519503958	0.3760292849418647	-0.09052105836193897	570
full_step	73.18475950556402	0.09999999999999432	7	43	14	6.142857142857143	81618815180.52	36111311.78759782	0.4002433016415239	-0.09713095498753284	560
half_step_1	73.18475950556402	0.04999999999999716	5	27	9	5.4	81618815180.52	680672.5548847192	0.4002433016415239	-0.09713095498753284	560
half_step_2	73.23475950556401	0.04999999999999716	7	36	17	5.142857142857143	81618815180.52	1583297.8563544117	0.3869522820031648	-0.08976986096658235	581
full_step	73.28475950556401	0.09999999999999432	7	35	11	5	81618815180.52	1134212.0942608991	0.4042529219428843	-0.09540876234272645	587
half_step_1	73.28475950556401	0.04999999999999716	4	11	8	2.75	81618815180.52	909256.6570488213	0.4042529219428843	-0.09540876234272645	587
half_step_2	73.33475950556401	0.04999999999999716	4	14	8	3.5	81618815180.52	2900052.609068924	0.3672554829166472	-0.09065490793963475	598
full_step	73.384759505564	0.09999999999999432	5	16	7	3.2	81618815180.52	914757.8220171459	0.40644154555093337	-0.11501167450807484	568
half_step_1	73.384759505564	0.04999999999999716	5	17	7	3.4	81618815180.52	579598.415406143	0.40644154555093337	-0.11501167450807484	568
half_step_2	73.434759505564	0.04999999999999716	7	25	15	3.5714285714285716	81618815180.52	1117686.8509998613	0.3880354118476532	-0.10888623110677684	598
full_step	73.484759505564	0.09999999999999432	7	25	7	3.5714285714285716	81618815180.52	2618227.9127584356	0.409383032015711	-0.10676372754627968	568
half_step_1	73.484759505564	0.04999999999999716	5	25	14	5	81618815180.52	1012778.6882057887	0.409383032015711	-0.10676372754627968	568
half_step_2	73.534759505564	0.04999999999999716	6	21	8	3.5	81618815180.52	4476154.292245372	0.3845154140006173	-0.10209545288191348	582
full_step	73.584759505564	0.09999999999999432	7	42	15	6	81618815180.52	162588152.7627596	0.4120415026070532	-0.09453383968445243	571
half_step_1	73.584759505564	0.04999999999999716	5	17	8	3.4	81618815180.52	1333099.488510348	0.4120415026070532	-0.09453383968445243	571
half_step_2	73.63475950556399	0.04999999999999716	3	3	3	1	81618815180.52	3433180.3881379915	0.4040208485148753	-0.0930900436939638	616
full_step	73.68475950556399	0.09999999999999432	6	28	8	4.666666666666667	81618815180.52	3133118.9657827998	0.4046938309053587	-0.10172624937924174	614
half_step_1	73.68475950556399	0.04999999999999716	6	28	6	4.666666666666667	81618815180.52	1335704.4238814195	0.4046938309053587	-0.10172624937924174	614
half_step_2	73.73475950556399	0.04999999999999716	8	32	7	4	81618815180.52	1381792.7024034385	0.4248592467570518	-0.08663024494788615	620
full_step	73.78475950556398	0.09999999999999432	6	30	9	5	81618815180.52	1547600.6767346195	0.40330214409235055	-0.09862737200469027	584
half_step_1	73.78475950556398	0.04999999999999716	6	25	7	4.166666666666667	81618815180.52	1061364.3186377005	0.40330214409235055	-0.09862737200469027	584
half_step_2	73.83475950556398	0.04999999999999716	5	17	6	3.4	81618815180.52	1488403.9427762318	0.45226197308093674	-0.08979394873592388	619
full_step	73.88475950556398	0.09999999999999432	5	32	12	6.4	81618815180.52	5127808.324647017	0.4239394475201266	-0.09260996665371259	604
half_step_1	73.88475950556398	0.04999999999999716	5	26	9	5.2	81618815180.52	1201804.9314889677	0.4239394475201266	-0.09260996665371259	604
half_step_2	73.93475950556397	0.04999999999999716	3	12	9	4	81618815180.52	15143435.083468473	0.4581669909693744	-0.085717669652829	615
full_step	73.98475950556397	0.09999999999999432	5	20	9	4	81618815180.52	1259036.9710228452	0.3894911626533144	-0.08827443451309434	669
half_step_1	73.98475950556397	0.04999999999999716	4	12	7	3	81618815180.52	1403656.765558159	0.3894911626533144	-0.08827443451309434	669
half_step_2	74.03475950556397	0.04999999999999716	8	29	12	3.625	81618815180.52	962463.2966079438	0.4039562708246365	-0.09810474733232255	625
full_step	74.08475950556397	0.09999999999999432	6	23	8	3.8333333333333335	81618815180.52	18123904.86098546	0.45187516822025486	-0.09584301870900462	619
full_step	74.08475950556397	0.04999999999999716	6	27	7	4.5	81618815180.52	11541227.348001137	0.45187516822025486	-0.09584301870900462	619
half_step_1	74.08475950556397	0.02499999999999858	6	23	5	3.8333333333333335	81618815180.52	12885956.918180292	0.45187516822025486	-0.09584301870900462	619
half_step_2	74.10975950556397	0.02499999999999858	4	22	11	5.5	81618815180.52	2290744.6543947696	0.2576599160271371	-0.10685865251568775	632
full_step	74.13475950556396	0.09999999999999432	9	28	9	3.111111111111111	81618815180.52	405532.53029758437	0.21699481801996967	-0.10288869239813857	645
half_step_1	74.13475950556396	0.04999999999999716	6	33	11	5.5	81618815180.52	1388770.0041818377	0.21699481801996967	-0.10288869239813857	645
half_step_2	74.18475950556396	0.04999999999999716	7	25	8	3.5714285714285716	81618815180.52	915089.7895845178	0.452974772623179	-0.09442630659783116	628
full_step	74.23475950556396	0.09999999999999432	6	30	9	5	81618815180.52	2449545.5084593217	0.44968721281986745	-0.0911326671374907	620
half_step_1	74.23475950556396	0.04999999999999716	4	17	7	4.25	81618815180.52	1709146.4524382162	0.44968721281986745	-0.0911326671374907	620
half_step_2	74.28475950556395	0.04999999999999716	5	16	5	3.2	81618815180.52	1097274.935485932	0.417420826035368	-0.09856676171379633	591
full_step	74.33475950556395	0.09999999999999432	5	26	9	5.2	81618815180.52	2495318.390178559	0.4325484367089416	-0.08930824744044784	640
half_step_1	74.33475950556395	0.04999999999999716	5	19	6	3.8	81618815180.52	953266.7005721774	0.4325484367089416	-0.08930824744044784	640
half_step_2	74.38475950556395	0.04999999999999716	6	15	5	2.5	81618815180.52	1596159.5193546154	0.41947617216203525	-0.09744583667930178	574
full_step	74.43475950556395	0.09999999999999432	6	18	9	3	81618815180.52	11656149.996066581	0.43366474077933503	-0.09650693971587507	605
half_step_1	74.43475950556395	0.04999999999999716	5	16	6	3.2	81618815180.52	1710533.6410221807	0.43366474077933503	-0.09650693971587507	605
half_step_2	74.48475950556394	0.04999999999999716	7	17	5	2.4285714285714284	81618815180.52	2983447.0837031333	0.43609406622110214	-0.0988225809090926	573
full_step	74.53475950556394	0.09999999999999432	11	50	8	4.545454545454546	81618815180.52	828731.5369078639	0.4718009935974692	-0.08427607748758524	580
half_step_1	74.53475950556394	0.04999999999999716	5	22	8	4.4	81618815180.52	1785416.7166714133	0.4718009935974692	-0.08427607748758524	580
half_step_2	74.58475950556394	0.04999999999999716	4	13	9	3.25	81618815180.52	6074253.451382015	0.5118493004286222	-0.08704787640408777	575
full_step	74.63475950556393	0.09999999999999432	9	35	9	3.888888888888889	81618815180.52	1000326.4152096267	0.5201659308857245	-0.08197207865179026	573
half_step_1	74.63475950556393	0.04999999999999716	5	23	8	4.6	81618815180.52	6805468.610502883	0.5201659308857245	-0.08197207865179026	573
half_step_2	74.68475950556393	0.04999999999999716	11	30	8	2.727272727272727	81618815180.52	2009461.513184036	0.5449612011001932	-0.08352171258714869	561
full_step	74.73475950556393	0.09999999999999432	6	19	9	3.1666666666666665	81618815180.52	2327389.351586941	0.5472644510041675	-0.0862333170935349	530
half_step_1	74.73475950556393	0.04999999999999716	5	19	7	3.8	81618815180.52	45873237.02037505	0.5472644510041675	-0.0862333170935349	530
half_step_2	74.78475950556393	0.04999999999999716	7	28	9	4	81618815180.52	1871969.4343839122	0.5326263228277526	-0.08692014027158945	559
full_step	74.83475950556392	0.09999999999999432	7	26	8	3.7142857142857144	81618815180.52	2979013.3165386706	0.5384590221658527	-0.0816066881506206	552
half_step_1	74.83475950556392	0.04999999999999716	4	16	9	4	81618815180.52	2463279.4763347604	0.5384590221658527	-0.0816066881506206	552
half_step_2	74.88475950556392	0.04999999999999716	9	36	16	4	81618815180.52	1660373.1556489863	0.4887377862364417	-0.08168494840105374	549
full_step	74.93475950556392	0.09999999999999432	7	24	8	3.4285714285714284	81618815180.52	1028366.1052318256	0.482551653816671	-0.08553179305676396	542
half_step_1	74.93475950556392	0.04999999999999716	5	18	6	3.6	81618815180.52	3495471.172247636	0.482551653816671	-0.08553179305676396	542
half_step_2	74.98475950556391	0.04999999999999716	3	8	5	2.6666666666666665	81618815180.52	10490223.08160259	0.47849423848322203	-0.08647906934241376	525
full_step	75.03475950556391	0.09999999999999432	6	25	6	4.166666666666667	81618815180.52	1619856.410142656	0.5102942765714147	-0.08252518749957204	537
half_step_1	75.03475950556391	0.04999999999999716	5	17	6	3.4	81618815180.52	4395632.210561602	0.5102942765714147	-0.08252518749957204	537
half_step_2	75.08475950556391	0.04999999999999716	5	26	9	5.2	81618815180.52	2396262.27665104	0.47987644453081657	-0.08893244086149883	520
full_step	75.1347595055639	0.09999999999999432	6	22	8	3.6666666666666665	81618815180.52	2711722.629485856	0.4954487923742761	-0.08131043596453988	567
half_step_1	75.1347595055639	0.04999999999999716	4	21	10	5.25	81618815180.52	14907539.8433439	0.4954487923742761	-0.08131043596453988	567
half_step_2	75.1847595055639	0.04999999999999716	6	24	8	4	81618815180.52	1497440.7426851755	0.4628284372947178	-0.08796779404926579	509
full_step	75.2347595055639	0.09999999999999432	5	17	7	3.4	81618815180.52	4189321.348802374	0.4991439252912926	-0.08525576669208668	536
half_step_1	75.2347595055639	0.04999999999999716	4	11	7	2.75	81618815180.52	1417338.0658559885	0.4991439252912926	-0.08525576669208668	536
half_step_2	75.2847595055639	0.04999999999999716	5	22	10	4.4	81618815180.52	1629001.5957335574	0.46997564516422585	-0.0860454246727792	504
full_step	75.3347595055639	0.09999999999999432	5	17	8	3.4	81618815180.52	4139852.6375910286	0.4890427804353408	-0.08043496214190517	545
half_step_1	75.3347595055639	0.04999999999999716	5	20	9	4	81618815180.52	1786162.5251149212	0.4890427804353408	-0.08043496214190517	545
half_step_2	75.38475950556389	0.04999999999999716	11	23	7	2.090909090909091	81618815180.52	28216312.139864687	0.44952413269939484	-0.0896394775160667	504
full_step	75.43475950556389	0.09999999999999432	8	31	7	3.875	81618815180.52	409546682.5045835	0.46937342842508656	-0.10741556953521653	338
full_step	75.43475950556389	0.04999999999999716	12	36	7	3	81618815180.52	186551900.04917273	0.46937342842508656	-0.10741556953521653	338
half_step_1	75.43475950556389	0.02499999999999858	5	18	8	3.6	81618815180.52	83915107.56561555	0.46937342842508656	-0.10741556953521653	338
half_step_2	75.45975950556388	0.02499999999999858	9	22	7	2.4444444444444446	81618815180.52	134289555.70058268	0.2560208898517544	-0.12503312690071447	249
full_step	75.48475950556389	0.09795987121002378	19	46	10	2.4210526315789473	81618815180.52	330105872.2571639	0.23821083804938326	-0.12781502916516646	307
full_step	75.48475950556389	0.04897993560501189	21	58	11	2.761904761904762	81618815180.52	302346663.0692392	0.23821083804938326	-0.12781502916516646	307
full_step	75.48475950556389	0.024489967802505945	15	30	7	2	81618815180.52	198356708.23326698	0.23821083804938326	-0.12781502916516646	307
full_step	75.48475950556389	0.012244983901252973	11	25	6	2.272727272727273	81618815180.52	73914515.33455786	0.23821083804938326	-0.12781502916516646	307
half_step_1	75.48475950556389	0.006122491950626486	8	16	5	2	81618815180.52	45836145.154197276	0.23821083804938326	-0.12781502916516646	307
half_step_2	75.4908819975145	0.006122491950626486	3	2	2	0.6666666666666666	81618815180.52	43842467.961234614	0.18786886279971782	-0.13633416396765508	267
full_step	75.49700448946514	0.061224919506264866	11	30	8	2.727272727272727	81618815180.52	298222170.0720102	0.15261810351839245	-0.12646331466576824	219
full_step	75.49700448946514	0.030612459753132433	9	17	5	1.8888888888888888	81618815180.52	177080175.25542304	0.15261810351839245	-0.12646331466576824	219
full_step	75.49700448946514	0.015306229876566217	8	12	5	1.5	81618815180.52	160184779.99363658	0.15261810351839245	-0.12646331466576824	219
full_step	75.49700448946514	0.007653114938283108	5	10	5	2	81618815180.52	58988939.451312184	0.15261810351839245	-0.12646331466576824	219
half_step_1	75.49700448946514	0.003826557469141554	3	3	3	1	81618815180.52	31506934.528429165	0.15261810351839245	-0.12646331466576824	219
half_step_2	75.50083104693428	0.003826557469141554	5	0	0	0	81618815180.52	32762711.76114602	0.1414394228133915	-0.13524434204263874	282
full_step	75.50465760440342	0.03826557469141554	24	78	8	3.25	81618815180.52	39763082.30561391	0.13830859804849638	-0.09535423401314362	490
half_step_1	75.50465760440342	0.01913278734570777	16	51	9	3.1875	81618815180.52	28190567.68694632	0.13830859804849638	-0.09535423401314362	490
half_step_2	75.52379039174913	0.01913278734570777	7	16	5	2.2857142857142856	81618815180.52	142647046.7232385	0.1494210968818379	-0.12713035253412883	298
full_step	75.50465760440342	0.01913278734570777	24	69	8	2.875	81618815180.52	54749369.892576136	0.13830859804849638	-0.09535423401314362	490
half_step_1	75.50465760440342	0.009566393672853885	15	44	9	2.933333333333333	81618815180.52	90065417.5629976	0.13830859804849638	-0.09535423401314362	490
half_step_2	75.51422399807628	0.009566393672853885	6	6	6	1	81618815180.52	133957737.30698776	0.1403981749651848	-0.12258052440228033	362
full_step	75.52379039174913	0.049768396891143395	11	38	8	3.4545454545454546	81618815180.52	298939037.9815803	0.15083261199402376	-0.11671922777716572	333
full_step	75.52379039174913	0.024884198445571697	11	29	6	2.6363636363636362	81618815180.52	194408611.513886	0.15083261199402376	-0.11671922777716572	333
half_step_1	75.52379039174913	0.012442099222785849	7	13	5	1.8571428571428572	81618815180.52	116902072.30052607	0.15083261199402376	-0.11671922777716572	333
half_step_2	75.53623249097191	0.012442099222785849	7	12	4	1.7142857142857142	81618815180.52	117700213.08531024	0.15399347082568227	-0.11662771149260125	322
full_step	75.54867459019471	0.09260935173455079	8	36	8	4.5	81618815180.52	313365756.1654785	0.2606366433738341	-0.07014899127463016	490
full_step	75.54867459019471	0.046304675867275394	16	36	9	2.25	81618815180.52	162881430.15297848	0.2606366433738341	-0.07014899127463016	490
full_step	75.54867459019471	0.023152337933637697	14	25	7	1.7857142857142858	81618815180.52	170533941.15237844	0.2606366433738341	-0.07014899127463016	490
half_step_1	75.54867459019471	0.011576168966818848	14	24	8	1.7142857142857142	81618815180.52	163993764.43043494	0.2606366433738341	-0.07014899127463016	490
half_step_2	75.56025075916152	0.011576168966818848	5	13	7	2.6	81618815180.52	106150907.42318696	0.14368885762249306	-0.11567526209365132	360
full_step	75.57182692812835	0.09999999999999432	8	37	12	4.625	81618815180.52	289082812.47903925	0.14309577393680684	-0.11737959165863905	328
full_step	75.57182692812835	0.04999999999999716	6	19	6	3.1666666666666665	81618815180.52	242405961.72849226	0.14309577393680684	-0.11737959165863905	328
full_step	75.57182692812835	0.02499999999999858	5	14	6	2.8	81618815180.52	148199523.53817013	0.14309577393680684	-0.11737959165863905	328
full_step	75.57182692812835	0.01249999999999929	5	8	4	1.6	81618815180.52	120240769.31186517	0.14309577393680684	-0.11737959165863905	328
full_step	75.57182692812835	0.006249999999999645	4	9	6	2.25	81618815180.52	76106003.47496669	0.14309577393680684	-0.11737959165863905	328
half_step_1	75.57182692812835	0.0031249999999998224	6	3	3	0.5	81618815180.52	35622632.53411109	0.14309577393680684	-0.11737959165863905	328
half_step_2	75.57495192812834	0.0031249999999998224	11	32	12	2.909090909090909	81618815180.52	37708530.07254982	0.18918692679123694	-0.11408227343874247	374
full_step	75.57807692812834	0.031249999999998224	11	55	13	5	81618815180.52	286176754.32226735	0.14387395163404904	-0.10841392469300967	341
full_step	75.57807692812834	0.015624999999999112	9	20	8	2.2222222222222223	81618815180.52	210172481.68377584	0.14387395163404904	-0.10841392469300967	341
half_step_1	75.57807692812834	0.007812499999999556	7	15	6	2.142857142857143	81618815180.52	142977467.6413721	0.14387395163404904	-0.10841392469300967	341
half_step_2	75.58588942812834	0.007812499999999556	13	10	4	0.7692307692307693	81618815180.52	115317969.3601035	0.13944671939594855	-0.11610104545586458	350
full_step	75.59370192812834	0.07812499999999556	14	33	7	2.357142857142857	81618815180.52	304626878.31067705	0.1396868263854003	-0.1062865273308224	323
full_step	75.59370192812834	0.03906249999999778	13	39	6	3	81618815180.52	231943931.46734887	0.1396868263854003	-0.1062865273308224	323
full_step	75.59370192812834	0.01953124999999889	12	40	7	3.3333333333333335	81618815180.52	158031379.750216	0.1396868263854003	-0.1062865273308224	323
full_step	75.59370192812834	0.009765624999999445	11	44	9	4	81618815180.52	155400402.82633156	0.1396868263854003	-0.1062865273308224	323
full_step	75.59370192812834	0.0048828124999997224	9	35	11	3.888888888888889	81618815180.52	82517615.02865085	0.1396868263854003	-0.1062865273308224	323
half_step_1	75.59370192812834	0.0024414062499998612	6	13	5	2.1666666666666665	81618815180.52	42848783.99159961	0.1396868263854003	-0.1062865273308224	323
half_step_2	75.59614333437834	0.0024414062499998612	20	67	9	3.35	81618815180.52	23972909.777413398	0.5001915790476339	-0.10150149272062502	357
full_step	75.59858474062834	0.01790858294089551	9	10	6	1.1111111111111112	81618815180.52	220933638.05994433	0.4929808155337625	-0.09231075734428447	329
full_step	75.59858474062834	0.008954291470447755	7	10	6	1.4285714285714286	81618815180.52	163655713.6272534	0.4929808155337625	-0.09231075734428447	329
half_step_1	75.59858474062834	0.0044771457352238775	4	5	3	1.25	81618815180.52	48696045.801974095	0.4929808155337625	-0.09231075734428447	329
half_step_2	75.60306188636356	0.0044771457352238775	13	37	8	2.8461538461538463	81618815180.52	32148114.561418097	0.42093727737270115	-0.10154564747807977	369
full_step	75.60753903209879	0.03750409405329654	11	27	6	2.4545454545454546	81618815180.52	127880373.9786053	0.3415671831635656	-0.10574198967065061	361
half_step_1	75.60753903209879	0.01875204702664827	10	27	6	2.7	81618815180.52	100834806.32498525	0.3415671831635656	-0.10574198967065061	361
half_step_2	75.62629107912544	0.01875204702664827	10	32	6	3.2	81618815180.52	91493543.33321702	0.25873298057013105	-0.11320722082450826	346
full_step	75.64504312615207	0.09999999999999432	11	33	10	3	81618815180.52	241581216.7549384	0.32449602068410854	-0.11757763840318684	342
full_step	75.64504312615207	0.04999999999999716	11	18	7	1.6363636363636365	81618815180.52	159810188.04747894	0.32449602068410854	-0.11757763840318684	342
full_step	75.64504312615207	0.02499999999999858	8	24	7	3	81618815180.52	111605700.29483259	0.32449602068410854	-0.11757763840318684	342
half_step_1	75.64504312615207	0.01249999999999929	8	27	9	3.375	81618815180.52	65142985.336504936	0.32449602068410854	-0.11757763840318684	342
half_step_2	75.65754312615208	0.01249999999999929	16	63	10	3.9375	81618815180.52	170079996.6377504	0.307813976707604	-0.11552383960225665	366
full_step	75.67004312615208	0.07426629385841964	12	41	9	3.4166666666666665	81618815180.52	7309969.722754896	0.36162428475196506	-0.09111635852378053	399
half_step_1	75.67004312615208	0.03713314692920982	12	27	9	2.25	81618815180.52	10443300.822898537	0.36162428475196506	-0.09111635852378053	399
half_step_2	75.70717627308129	0.03713314692920982	7	16	6	2.2857142857142856	81618815180.52	133626053.57152183	0.340454487373421	-0.1092821833219141	423
full_step	75.7443094200105	0.09999999999999432	9	18	8	2	81618815180.52	89643785.98468581	0.28675359209731255	-0.12235253946133574	416
half_step_1	75.7443094200105	0.04999999999999716	5	13	8	2.6	81618815180.52	33473021.45656139	0.28675359209731255	-0.12235253946133574	416
half_step_2	75.79430942001049	0.04999999999999716	5	15	6	3	81618815180.52	16729506.165895844	0.40927573347124735	-0.11960619600658191	398
full_step	75.84430942001049	0.09999999999999432	9	24	8	2.6666666666666665	81618815180.52	72169005.19937897	0.438187575279386	-0.11589623166660327	361
half_step_1	75.84430942001049	0.04999999999999716	12	43	10	3.5833333333333335	81618815180.52	41751218.395415515	0.438187575279386	-0.11589623166660327	361
half_step_2	75.89430942001049	0.04999999999999716	6	3	3	0.5	81618815180.52	168909010.70481238	0.4397959149032147	-0.11633797029027804	354
full_step	75.94430942001048	0.09999999999999432	6	21	9	3.5	81618815180.52	2421627.677907584	0.44060815232393225	-0.1166881230619352	394
half_step_1	75.94430942001048	0.04999999999999716	13	39	6	3	81618815180.52	55681945.92942543	0.44060815232393225	-0.1166881230619352	394
half_step_2	75.99430942001048	0.04999999999999716	8	21	6	2.625	81618815180.52	61141793.128661446	0.4627932954529683	-0.1220323559839999	322
full_step	76.04430942001048	0.09999999999999432	13	49	9	3.769230769230769	81618815180.52	564908765.6385118	0.47294557946830196	-0.09929401948848131	327
half_step_1	76.04430942001048	0.04999999999999716	11	25	7	2.272727272727273	81618815180.52	260927565.6434439	0.47294557946830196	-0.09929401948848131	327
half_step_2	76.09430942001048	0.04999999999999716	12	17	5	1.4166666666666667	81618815180.52	336831521.1248052	0.515550248453934	-0.10072130570469964	345
full_step	76.04430942001048	0.04999999999999716	9	23	7	2.5555555555555554	81618815180.52	254006161.5848977	0.47294557946830196	-0.09929401948848131	327
half_step_1	76.04430942001048	0.02499999999999858	14	44	9	3.142857142857143	81618815180.52	164135323.89780578	0.47294557946830196	-0.09929401948848131	327
half_step_2	76.06930942001048	0.02499999999999858	11	44	12	4	81618815180.52	130273784.05450702	0.2842164275396897	-0.12974329414990748	295
full_step	76.09430942001048	0.09999999999999432	6	26	9	4.333333333333333	81618815180.52	9120063.602286087	0.9467232017166403	-0.10533455935383629	392
half_step_1	76.09430942001048	0.04999999999999716	16	49	12	3.0625	81618815180.52	224270470.65488324	0.9467232017166403	-0.10533455935383629	392
half_step_2	76.14430942001047	0.04999999999999716	10	29	7	2.9	81618815180.52	38680116.0355042	0.5098506651963817	-0.09306934074218098	267
full_step	76.09430942001048	0.04999999999999716	18	52	12	2.888888888888889	81618815180.52	223979455.8534232	0.9467232017166403	-0.10533455935383629	392
half_step_1	76.09430942001048	0.02499999999999858	16	63	11	3.9375	81618815180.52	8989545.694636177	0.9467232017166403	-0.10533455935383629	392
half_step_2	76.11930942001047	0.02499999999999858	9	28	6	3.111111111111111	81618815180.52	140074249.59487575	0.37777129621994376	-0.12450829254643692	290
full_step	76.09430942001048	0.02499999999999858	23	85	10	3.6956521739130435	81618815180.52	9306081.183905607	0.9467232017166403	-0.10533455935383629	392
half_step_1	76.09430942001048	0.01249999999999929	18	71	8	3.9444444444444446	81618815180.52	61259754.32985485	0.9467232017166403	-0.10533455935383629	392
half_step_2	76.10680942001048	0.01249999999999929	5	11	8	2.2	81618815180.52	69006711.88655727	0.6539439666727738	-0.11724373689990226	333
full_step	76.11930942001047	0.06858100944091043	13	31	7	2.3846153846153846	81618815180.52	348477145.36916715	0.3502900255939583	-0.13340608771258272	383
half_step_1	76.11930942001047	0.034290504720455216	10	36	10	3.6	81618815180.52	214515303.20189393	0.3502900255939583	-0.13340608771258272	383
half_step_2	76.15359992473093	0.034290504720455216	8	25	6	3.125	81618815180.52	240437731.84421262	0.27729029867438726	-0.11543031785207104	305
full_step	76.11930942001047	0.05984928335603707	13	26	6	2	81618815180.52	330202213.10200477	0.3502900255939583	-0.13340608771258272	383
half_step_1	76.11930942001047	0.029924641678018536	12	42	10	3.5	81618815180.52	175322565.92943856	0.3502900255939583	-0.13340608771258272	383
half_step_2	76.14923406168849	0.029924641678018536	12	27	5	2.25	81618815180.52	194227244.44946268	0.232315659741829	-0.1272112240675933	339
full_step	76.1791587033665	0.05984928335603707	11	31	8	2.8181818181818183	81618815180.52	324067645.7653233	0.4680102620885158	-0.10258110491620583	354
full_step	76.1791587033665	0.029924641678018536	15	48	7	3.2	81618815180.52	194206835.92964184	0.4680102620885158	-0.10258110491620583	354
full_step	76.1791587033665	0.014962320839009268	13	37	7	2.8461538461538463	81618815180.52	132497691.43910961	0.4680102620885158	-0.10258110491620583	354
half_step_1	76.1791587033665	0.007481160419504634	9	20	8	2.2222222222222223	81618815180.52	64607339.95180888	0.4680102620885158	-0.10258110491620583	354
half_step_2	76.186639863786	0.007481160419504634	11	9	3	0.8181818181818182	81618815180.52	23822011.082525987	0.3031338890259425	-0.1088777295936334	362
full_step	76.1941210242055	0.029236323548079025	13	49	9	3.769230769230769	81618815180.52	179452146.11578876	0.15841584834084266	-0.12630290432540003	388
half_step_1	76.1941210242055	0.014618161774039512	7	20	7	2.857142857142857	81618815180.52	159165926.70017684	0.15841584834084266	-0.12630290432540003	388
half_step_2	76.20873918597954	0.014618161774039512	10	21	8	2.1	81618815180.52	91572436.55596791	0.13940897986398681	-0.13551037056777887	398
full_step	76.22335734775358	0.043453883323779925	16	42	9	2.625	81618815180.52	19207312.520025443	1.5796341149149065	-0.04587094126158282	429
full_step	76.22335734775358	0.021726941661889963	19	57	8	3	81618815180.52	12353184.283653026	1.5796341149149065	-0.04587094126158282	429
half_step_1	76.22335734775358	0.010863470830944981	15	41	9	2.7333333333333334	81618815180.52	10866683.938555045	1.5796341149149065	-0.04587094126158282	429
half_step_2	76.23422081858452	0.010863470830944981	10	19	6	1.9	81618815180.52	110745498.25078672	1.348255469926393	-0.0639321903999848	441
full_step	76.24508428941547	0.0439693661362494	10	26	6	2.6	81618815180.52	188827012.14322212	1.1447783988444087	-0.08516188246388581	375
full_step	76.24508428941547	0.0219846830681247	7	12	7	1.7142857142857142	81618815180.52	97324595.61180004	1.1447783988444087	-0.08516188246388581	375
half_step_1	76.24508428941547	0.01099234153406235	6	10	5	1.6666666666666667	81618815180.52	65222443.45950531	1.1447783988444087	-0.08516188246388581	375
half_step_2	76.25607663094954	0.01099234153406235	7	12	8	1.7142857142857142	81618815180.52	125075197.48382501	0.9031684823027071	-0.09260777017687404	342
full_step	76.2670689724836	0.045976169291015216	8	19	6	2.375	81618815180.52	321620234.6173671	0.5970095013714847	-0.11396722985579791	325
full_step	76.2670689724836	0.022988084645507608	6	15	6	2.5	81618815180.52	187895315.45423257	0.5970095013714847	-0.11396722985579791	325
half_step_1	76.2670689724836	0.011494042322753804	6	18	8	3	81618815180.52	123001930.71354347	0.5970095013714847	-0.11396722985579791	325
half_step_2	76.27856301480635	0.011494042322753804	6	16	7	2.6666666666666665	81618815180.52	122592435.0802184	0.1410194981590962	-0.12269562744331379	293
full_step	76.2900570571291	0.06754252574453584	9	12	6	1.3333333333333333	81618815180.52	277141148.8603359	0.14110984860062104	-0.12367672888368847	305
full_step	76.2900570571291	0.03377126287226792	12	31	7	2.5833333333333335	81618815180.52	189691441.04871	0.14110984860062104	-0.12367672888368847	305
half_step_1	76.2900570571291	0.01688563143613396	8	24	8	3	81618815180.52	131224073.9281617	0.14110984860062104	-0.12367672888368847	305
half_step_2	76.30694268856524	0.01688563143613396	11	4	4	0.36363636363636365	81618815180.52	137659235.92257842	0.14584754017360524	-0.13617531467539645	323
full_step	76.32382832000137	0.08146789680093006	6	31	11	5.166666666666667	81618815180.52	950022669.9123367	1.4086103062734932	-0.07425266342954956	365
full_step	76.32382832000137	0.04073394840046503	7	33	11	4.714285714285714	81618815180.52	609960791.2441531	1.4086103062734932	-0.07425266342954956	365
full_step	76.32382832000137	0.020366974200232514	7	22	8	3.142857142857143	81618815180.52	363413422.06397814	1.4086103062734932	-0.07425266342954956	365
full_step	76.32382832000137	0.010183487100116257	11	14	7	1.2727272727272727	81618815180.52	117739365.97352704	1.4086103062734932	-0.07425266342954956	365
half_step_1	76.32382832000137	0.0050917435500581285	6	0	0	0	81618815180.52	87685956.80934286	1.4086103062734932	-0.07425266342954956	365
half_step_2	76.32892006355142	0.0050917435500581285	8	9	4	1.125	81618815180.52	48837185.74055847	1.2819761258986109	-0.09097167330922125	360
full_step	76.33401180710149	0.05091743550058128	15	48	9	3.2	81618815180.52	214066974.12192708	1.1531284171454805	-0.10904637280507046	372
full_step	76.33401180710149	0.02545871775029064	17	59	10	3.4705882352941178	81618815180.52	131196065.00305353	1.1531284171454805	-0.10904637280507046	372
half_step_1	76.33401180710149	0.01272935887514532	8	21	9	2.625	81618815180.52	95068307.23513447	1.1531284171454805	-0.10904637280507046	372
half_step_2	76.34674116597664	0.01272935887514532	7	26	10	3.7142857142857144	81618815180.52	148276446.7725728	0.8067696970364615	-0.10520897964123291	343
full_step	76.35947052485179	0.07830892366391931	18	48	9	2.6666666666666665	81618815180.52	147448438.78582707	0.7340658917872718	-0.071476140834585	424
full_step	76.35947052485179	0.039154461831959655	19	54	12	2.8421052631578947	81618815180.52	198376776.8725883	0.7340658917872718	-0.071476140834585	424
half_step_1	76.35947052485179	0.019577230915979828	15	43	9	2.8666666666666667	81618815180.52	64232890.55966641	0.7340658917872718	-0.071476140834585	424
half_step_2	76.37904775576777	0.019577230915979828	13	25	10	1.9230769230769231	81618815180.52	78323115.80952652	0.16905728041152202	-0.12490109365942952	366
full_step	76.39862498668374	0.09232316853464578	12	32	10	2.6666666666666665	81618815180.52	32495517.18627054	1.3866589975425478	-0.03924688157286482	372
half_step_1	76.39862498668374	0.04616158426732289	11	33	12	3	81618815180.52	72343775.19377223	1.3866589975425478	-0.03924688157286482	372
half_step_2	76.44478657095107	0.04616158426732289	12	30	6	2.5	81618815180.52	68142110.98058152	0.4833205465905621	-0.09570382550306472	256
full_step	76.49094815521839	0.09999999999999432	5	19	9	3.8	81618815180.52	507520323.009377	0.3928923758465146	-0.10422980478239673	237
full_step	76.49094815521839	0.04999999999999716	6	26	8	4.333333333333333	81618815180.52	269356720.9515358	0.3928923758465146	-0.10422980478239673	237
full_step	76.49094815521839	0.02499999999999858	6	15	5	2.5	81618815180.52	156906407.03862265	0.3928923758465146	-0.10422980478239673	237
full_step	76.49094815521839	0.01249999999999929	10	22	7	2.2	81618815180.52	56278618.26169357	0.3928923758465146	-0.10422980478239673	237
half_step_1	76.49094815521839	0.006249999999999645	7	12	6	1.7142857142857142	81618815180.52	51888094.68274554	0.3928923758465146	-0.10422980478239673	237
half_step_2	76.49719815521838	0.006249999999999645	3	0	0	0	81618815180.52	37386539.393002026	0.2909481454773868	-0.1086571241763601	209
full_step	76.5034481552184	0.06249999999999645	17	40	11	2.3529411764705883	81618815180.52	168435238.00933546	1.6796599310684144	0.06964264146404378	290
full_step	76.5034481552184	0.031249999999998224	18	27	9	1.5	81618815180.52	106651102.64429983	1.6796599310684144	0.06964264146404378	290
full_step	76.5034481552184	0.015624999999999112	13	8	4	0.6153846153846154	81618815180.52	118881493.30947672	1.6796599310684144	0.06964264146404378	290
half_step_1	76.5034481552184	0.007812499999999556	10	0	0	0	81618815180.52	140729621.89211896	1.6796599310684144	0.06964264146404378	290
half_step_2	76.5112606552184	0.007812499999999556	5	0	0	0	81618815180.52	28349210.516452633	1.431656832315241	0.013676594793786526	261
full_step	76.5190731552184	0.07812499999999556	9	26	8	2.888888888888889	81618815180.52	224079005.81818458	1.1480744369868319	-0.03644430538269711	272
full_step	76.5190731552184	0.03906249999999778	9	19	9	2.111111111111111	81618815180.52	144009368.57225832	1.1480744369868319	-0.03644430538269711	272
full_step	76.5190731552184	0.01953124999999889	6	13	9	2.1666666666666665	81618815180.52	51780892.847939186	1.1480744369868319	-0.03644430538269711	272
full_step	76.5190731552184	0.009765624999999445	6	13	11	2.1666666666666665	81618815180.52	41708945.06380775	1.1480744369868319	-0.03644430538269711	272
half_step_1	76.5190731552184	0.0048828124999997224	3	2	2	0.6666666666666666	81618815180.52	24466726.82622385	1.1480744369868319	-0.03644430538269711	272
half_step_2	76.5239559677184	0.0048828124999997224	12	11	4	0.9166666666666666	81618815180.52	19284167.969848264	0.9515666657056414	-0.037348121394046675	320
full_step	76.5288387802184	0.048828124999997224	23	55	9	2.391304347826087	81618815180.52	234675750.3233509	0.7482410455750923	-0.03522131856673903	369
full_step	76.5288387802184	0.024414062499998612	19	40	9	2.1052631578947367	81618815180.52	96467877.6647299	0.7482410455750923	-0.03522131856673903	369
half_step_1	76.5288387802184	0.012207031249999306	14	37	9	2.642857142857143	81618815180.52	57388314.54022299	0.7482410455750923	-0.03522131856673903	369
half_step_2	76.5410458114684	0.012207031249999306	10	0	0	0	81618815180.52	71094789.77672252	0.446244435134985	-0.09718192099307207	356
full_step	76.5532528427184	0.04459792486349709	8	19	6	2.375	81618815180.52	271924888.1925735	0.1450453917186394	-0.1260581813348081	306
full_step	76.5532528427184	0.022298962431748545	4	21	7	5.25	81618815180.52	107357911.04781237	0.1450453917186394	-0.1260581813348081	306
half_step_1	76.5532528427184	0.011149481215874273	7	27	10	3.857142857142857	81618815180.52	72001205.92718366	0.1450453917186394	-0.1260581813348081	306
half_step_2	76.56440232393427	0.011149481215874273	5	23	8	4.6	81618815180.52	80656625.17155845	0.14047740234479988	-0.12695940968993788	274
full_step	76.57555180515014	0.08257518020557977	15	32	11	2.1333333333333333	81618815180.52	364111538.4316063	0.13887408237243903	-0.12818764130515628	277
full_step	76.57555180515014	0.04128759010278989	13	32	10	2.4615384615384617	81618815180.52	182488706.14912835	0.13887408237243903	-0.12818764130515628	277
full_step	76.57555180515014	0.020643795051394943	16	22	6	1.375	81618815180.52	164645357.09254742	0.13887408237243903	-0.12818764130515628	277
half_step_1	76.57555180515014	0.010321897525697472	5	0	0	0	81618815180.52	103154696.03322487	0.13887408237243903	-0.12818764130515628	277
half_step_2	76.58587370267584	0.010321897525697472	3	3	3	1	81618815180.52	92902438.13445395	0.1408624940810057	-0.1188098524161083	351
full_step	76.59619560020154	0.04154573271621428	6	10	7	1.6666666666666667	81618815180.52	290923613.1809424	0.14273547531968234	-0.11953233327624953	328
full_step	76.59619560020154	0.02077286635810714	4	8	5	2	81618815180.52	181627697.31262085	0.14273547531968234	-0.11953233327624953	328
half_step_1	76.59619560020154	0.01038643317905357	3	2	2	0.6666666666666666	81618815180.52	112223388.2343909	0.14273547531968234	-0.11953233327624953	328
half_step_2	76.60658203338059	0.01038643317905357	12	17	5	1.4166666666666667	81618815180.52	109073120.73622414	0.14148772892050943	-0.12285912327032675	351
full_step	76.61696846655964	0.061396444194895504	5	9	6	1.8	81618815180.52	405556499.308211	0.14086570588787595	-0.12461081554091576	320
full_step	76.61696846655964	0.030698222097447752	5	10	6	2	81618815180.52	226628152.1359982	0.14086570588787595	-0.12461081554091576	320
full_step	76.61696846655964	0.015349111048723876	5	15	6	3	81618815180.52	149409754.31472525	0.14086570588787595	-0.12461081554091576	320
full_step	76.61696846655964	0.007674555524361938	6	11	4	1.8333333333333333	81618815180.52	70376389.9343498	0.14086570588787595	-0.12461081554091576	320
half_step_1	76.61696846655964	0.003837277762180969	4	4	4	1	81618815180.52	33187889.622634336	0.14086570588787595	-0.12461081554091576	320
half_step_2	76.62080574432183	0.003837277762180969	4	3	3	0.75	81618815180.52	33699116.79830687	0.1387667572246869	-0.12656861460191482	313
full_step	76.624643022084	0.03837277762180969	4	11	7	2.75	81618815180.52	320421593.6146122	0.13737407538451407	-0.1239266521060729	326
full_step	76.624643022084	0.019186388810904845	10	12	5	1.2	81618815180.52	182508540.94462284	0.13737407538451407	-0.1239266521060729	326
full_step	76.624643022084	0.009593194405452423	4	12	6	3	81618815180.52	99750262.36060786	0.13737407538451407	-0.1239266521060729	326
half_step_1	76.624643022084	0.004796597202726211	4	3	3	0.75	81618815180.52	41602233.163220234	0.13737407538451407	-0.1239266521060729	326
half_step_2	76.62943961928673	0.004796597202726211	13	4	4	0.3076923076923077	81618815180.52	31644234.6911368	1.034092669857472	-0.11121372571552464	353
full_step	76.63423621648946	0.022020487190923883	7	17	7	2.4285714285714284	81618815180.52	121940066.80626316	0.9365459855059441	-0.11650628574299705	368
full_step	76.63423621648946	0.011010243595461941	6	16	9	2.6666666666666665	81618815180.52	86403626.88386494	0.9365459855059441	-0.11650628574299705	368
half_step_1	76.63423621648946	0.005505121797730971	4	10	5	2.5	81618815180.52	32597803.65277594	0.9365459855059441	-0.11650628574299705	368
half_step_2	76.63974133828718	0.005505121797730971	13	22	6	1.6923076923076923	81618815180.52	32056945.82737573	0.816073317758736	-0.11313571564541654	380
full_step	76.64524646008492	0.032246480946331514	7	21	7	3	81618815180.52	73059831.7031444	0.5899900700600256	-0.1123735780284184	368
half_step_1	76.64524646008492	0.016123240473165757	7	15	8	2.142857142857143	81618815180.52	100078959.54873781	0.5899900700600256	-0.1123735780284184	368
half_step_2	76.66136970055808	0.016123240473165757	4	9	5	2.25	81618815180.52	107271666.49708036	0.21506220711845003	-0.12437526225854337	362
full_step	76.67749294103125	0.05792675020303466	17	40	10	2.3529411764705883	81618815180.52	169759299.9303612	0.15075280757653786	-0.13187239664353034	298
full_step	76.67749294103125	0.02896337510151733	20	53	10	2.65	81618815180.52	114101606.65850444	0.15075280757653786	-0.13187239664353034	298
half_step_1	76.67749294103125	0.014481687550758664	10	17	6	1.7	81618815180.52	94624068.84809522	0.15075280757653786	-0.13187239664353034	298
half_step_2	76.691974628582	0.014481687550758664	6	18	8	3	81618815180.52	136257507.45826676	0.15197406246753076	-0.13797518299884956	320
full_step	76.70645631613276	0.07050874042294503	15	46	10	3.066666666666667	81618815180.52	142105330.2901053	1.059312864974629	-0.07697154743644911	379
full_step	76.70645631613276	0.03525437021147251	13	12	8	0.9230769230769231	81618815180.52	3901671.780966398	1.059312864974629	-0.07697154743644911	379
half_step_1	76.70645631613276	0.017627185105736257	15	21	5	1.4	81618815180.52	6097912.394235098	1.059312864974629	-0.07697154743644911	379
half_step_2	76.7240835012385	0.017627185105736257	7	12	7	1.7142857142857142	81618815180.52	16170094.460984826	0.7547093889082319	-0.08884480479635448	358
full_step	76.74171068634423	0.09999999999999432	8	19	7	2.375	81618815180.52	10586848.155252138	0.3768435940676156	-0.11616621662270916	363
half_step_1	76.74171068634423	0.04999999999999716	6	19	10	3.1666666666666665	81618815180.52	9385600.572784906	0.3768435940676156	-0.11616621662270916	363
half_step_2	76.79171068634423	0.04999999999999716	12	31	10	2.5833333333333335	81618815180.52	42889268.23668327	0.5070049221740192	-0.10569342516095208	364
full_step	76.84171068634423	0.09999999999999432	11	31	8	2.8181818181818183	81618815180.52	388805760.2835923	0.4922382733721804	-0.1076128187059709	294
full_step	76.84171068634423	0.04999999999999716	10	22	6	2.2	81618815180.52	210442382.09503582	0.4922382733721804	-0.1076128187059709	294
full_step	76.84171068634423	0.02499999999999858	13	27	6	2.076923076923077	81618815180.52	124140566.67001006	0.4922382733721804	-0.1076128187059709	294
half_step_1	76.84171068634423	0.01249999999999929	11	35	9	3.1818181818181817	81618815180.52	51695258.391370796	0.4922382733721804	-0.1076128187059709	294
half_step_2	76.85421068634423	0.01249999999999929	10	3	3	0.3	81618815180.52	40872933.15381255	0.251971111531077	-0.13007670275814173	279
full_step	76.86671068634422	0.07817206321192259	17	40	7	2.3529411764705883	81618815180.52	277276289.66811216	0.1591720188853003	-0.13667348901758072	274
full_step	76.86671068634422	0.039086031605961295	13	30	8	2.3076923076923075	81618815180.52	82215131.51250803	0.1591720188853003	-0.13667348901758072	274
half_step_1	76.86671068634422	0.019543015802980648	7	9	5	1.2857142857142858	81618815180.52	54981111.85003049	0.1591720188853003	-0.13667348901758072	274
half_step_2	76.8862537021472	0.019543015802980648	11	14	6	1.2727272727272727	81618815180.52	41874827.748699866	0.14870431137475748	-0.12853982290180643	302
full_step	76.90579671795018	0.0747649921196923	12	27	8	2.25	81618815180.52	117656285.85126843	0.15149395474188054	-0.12876499157195756	316
half_step_1	76.90579671795018	0.03738249605984615	7	24	7	3.4285714285714284	81618815180.52	24484843.826446377	0.15149395474188054	-0.12876499157195756	316
half_step_2	76.94317921401003	0.03738249605984615	7	11	5	1.5714285714285714	81618815180.52	188918819.5485077	0.36973941345280537	-0.11021238644774987	315
full_step	76.98056171006988	0.0747649921196923	13	30	8	2.3076923076923075	81618815180.52	126549142.48691653	1.5622389837922164	0.02462314506685643	373
full_step	76.98056171006988	0.03738249605984615	14	36	13	2.5714285714285716	81618815180.52	43452486.45895827	1.5622389837922164	0.02462314506685643	373
full_step	76.98056171006988	0.018691248029923075	14	26	6	1.8571428571428572	81618815180.52	8651498.430079019	1.5622389837922164	0.02462314506685643	373
full_step	76.98056171006988	0.009345624014961538	11	22	8	2	81618815180.52	7469975.278096902	1.5622389837922164	0.02462314506685643	373
half_step_1	76.98056171006988	0.004672812007480769	9	16	7	1.7777777777777777	81618815180.52	17223120.5248399	1.5622389837922164	0.02462314506685643	373
half_step_2	76.98523452207736	0.004672812007480769	5	2	2	0.4	81618815180.52	24351789.297453366	1.450582862302909	-0.01577218182794443	328
full_step	76.98990733408483	0.046728120074807686	26	69	8	2.6538461538461537	81618815180.52	322258982.7152857	1.3281774362488505	-0.04023289277195538	332
full_step	76.98990733408483	0.023364060037403843	18	43	9	2.388888888888889	81618815180.52	121392221.31131633	1.3281774362488505	-0.04023289277195538	332
full_step	76.98990733408483	0.011682030018701921	19	42	7	2.210526315789474	81618815180.52	65615021.798922524	1.3281774362488505	-0.04023289277195538	332
half_step_1	76.98990733408483	0.005841015009350961	7	5	5	0.7142857142857143	81618815180.52	38335889.33777261	1.3281774362488505	-0.04023289277195538	332
half_step_2	76.99574834909419	0.005841015009350961	6	6	3	1	81618815180.52	37496081.48690511	1.134017091711499	-0.07140266472765455	330
full_step	77.00158936410354	0.05841015009350961	18	39	8	2.1666666666666665	81618815180.52	257956522.67092916	0.8947602467764142	-0.08707617397189979	322
full_step	77.00158936410354	0.029205075046754805	15	49	10	3.2666666666666666	81618815180.52	130793571.74876045	0.8947602467764142	-0.08707617397189979	322
full_step	77.00158936410354	0.014602537523377403	13	25	5	1.9230769230769231	81618815180.52	54375471.881167345	0.8947602467764142	-0.08707617397189979	322
half_step_1	77.00158936410354	0.007301268761688701	10	34	11	3.4	81618815180.52	31521836.2073103	0.8947602467764142	-0.08707617397189979	322
half_step_2	77.00889063286523	0.007301268761688701	5	5	5	1	81618815180.52	50941964.65155891	0.6113480019558644	-0.11579852863961232	288
full_step	77.01619190162691	0.073012687616887	10	18	8	1.8	81618815180.52	290770003.94316375	0.19105993080670558	-0.1251012644779004	256
full_step	77.01619190162691	0.0365063438084435	12	22	8	1.8333333333333333	81618815180.52	238989283.09253207	0.19105993080670558	-0.1251012644779004	256
full_step	77.01619190162691	0.01825317190422175	10	29	7	2.9	81618815180.52	91428280.33633904	0.19105993080670558	-0.1251012644779004	256
full_step	77.01619190162691	0.009126585952110876	8	26	8	3.25	81618815180.52	60816915.637948364	0.19105993080670558	-0.1251012644779004	256
half_step_1	77.01619190162691	0.004563292976055438	6	11	5	1.8333333333333333	81618815180.52	35717052.29832404	0.19105993080670558	-0.1251012644779004	256
half_step_2	77.02075519460297	0.004563292976055438	6	14	4	2.3333333333333335	81618815180.52	32962994.535463516	0.1344835113586953	-0.12568675018106204	255
full_step	77.02531848757903	0.04563292976055438	19	51	10	2.6842105263157894	81618815180.52	76247029.18191357	0.22216767120350767	-0.13011026579563384	280
half_step_1	77.02531848757903	0.02281646488027719	21	74	11	3.5238095238095237	81618815180.52	45475625.468459405	0.22216767120350767	-0.13011026579563384	280
half_step_2	77.0481349524593	0.02281646488027719	9	19	7	2.111111111111111	81618815180.52	66973745.556238115	0.17567129206827303	-0.12249707178519367	256
full_step	77.07095141733959	0.09999999999999432	14	30	7	2.142857142857143	81618815180.52	74650568.35264233	0.19158479477556511	-0.13243784739676023	304
half_step_1	77.07095141733959	0.04999999999999716	13	31	8	2.3846153846153846	81618815180.52	88929492.51359154	0.19158479477556511	-0.13243784739676023	304
half_step_2	77.12095141733958	0.04999999999999716	7	4	4	0.5714285714285714	81618815180.52	18015385.111111306	0.5069350236803132	-0.08731598090847903	337
full_step	77.17095141733958	0.09999999999999432	14	32	6	2.2857142857142856	81618815180.52	3651784.9039783645	1.9950591606643258	0.1459416688841127	879
half_step_1	77.17095141733958	0.04999999999999716	13	38	10	2.923076923076923	81618815180.52	7551516.766390731	1.9950591606643258	0.1459416688841127	879
half_step_2	77.22095141733958	0.04999999999999716	8	9	3	1.125	81618815180.52	10304394.97901482	1.2912982298002262	-0.0026970511894780433	580
full_step	77.27095141733957	0.09999999999999432	12	49	11	4.083333333333333	81618815180.52	7142220.598910334	0.5799641750165563	-0.058590502721681634	400
full_step	77.27095141733957	0.04999999999999716	12	39	8	3.25	81618815180.52	4316711.514664126	0.5799641750165563	-0.058590502721681634	400
full_step	77.27095141733957	0.02499999999999858	7	23	7	3.2857142857142856	81618815180.52	2684548.7647506455	0.5799641750165563	-0.058590502721681634	400
half_step_1	77.27095141733957	0.01249999999999929	7	19	8	2.7142857142857144	81618815180.52	2636280.6117893094	0.5799641750165563	-0.058590502721681634	400
half_step_2	77.28345141733958	0.01249999999999929	4	23	14	5.75	81618815180.52	30829646.59339572	0.3255972610289106	-0.10716909404769404	323
full_step	77.29595141733958	0.09999999999999432	18	67	10	3.7222222222222223	81618815180.52	129145155.8134688	0.7894909010065154	-0.08556131649897532	283
full_step	77.29595141733958	0.04999999999999716	24	74	11	3.0833333333333335	81618815180.52	141731033.10058403	0.7894909010065154	-0.08556131649897532	283
full_step	77.29595141733958	0.02499999999999858	18	43	9	2.388888888888889	81618815180.52	51885822.107637055	0.7894909010065154	-0.08556131649897532	283
full_step	77.29595141733958	0.01249999999999929	23	79	12	3.4347826086956523	81618815180.52	29343085.84638605	0.7894909010065154	-0.08556131649897532	283
half_step_1	77.29595141733958	0.006249999999999645	16	62	9	3.875	81618815180.52	24425501.805430524	0.7894909010065154	-0.08556131649897532	283
half_step_2	77.30220141733957	0.006249999999999645	5	6	6	1.2	81618815180.52	22991271.42354347	0.7034062826189134	-0.09067412900626276	247
full_step	77.30845141733958	0.044223338825266224	15	43	8	2.8666666666666667	81618815180.52	321033359.70617026	0.566493380337846	-0.09327577927139863	345
full_step	77.30845141733958	0.022111669412633112	11	33	8	3	81618815180.52	220433029.79738057	0.566493380337846	-0.09327577927139863	345
full_step	77.30845141733958	0.011055834706316556	10	5	5	0.5	81618815180.52	80015404.68142304	0.566493380337846	-0.09327577927139863	345
half_step_1	77.30845141733958	0.005527917353158278	7	4	4	0.5714285714285714	81618815180.52	43526784.7236289	0.566493380337846	-0.09327577927139863	345
half_step_2	77.31397933469275	0.005527917353158278	14	40	10	2.857142857142857	81618815180.52	27854394.11558048	0.41628086121052377	-0.11945112193233919	348
full_step	77.3195072520459	0.05527917353158278	15	47	8	3.1333333333333333	81618815180.52	291944069.8828231	0.2567259806594393	-0.12837756624230282	379
half_step_1	77.3195072520459	0.02763958676579139	10	31	9	3.1	81618815180.52	192429554.543207	0.2567259806594393	-0.12837756624230282	379
half_step_2	77.34714683881168	0.02763958676579139	17	40	8	2.3529411764705883	81618815180.52	22060562.767975755	0.2019071066948186	-0.11696917408801696	394
full_step	77.3195072520459	0.02763958676579139	12	37	8	3.0833333333333335	81618815180.52	195805268.00810078	0.2567259806594393	-0.12837756624230282	379
half_step_1	77.3195072520459	0.013819793382895695	15	57	10	3.8	81618815180.52	93877565.91312738	0.2567259806594393	-0.12837756624230282	379
half_step_2	77.33332704542879	0.013819793382895695	11	45	11	4.090909090909091	81618815180.52	105805971.33660087	0.12188250681398927	-0.13178609416103695	353
full_step	77.34714683881168	0.08677729161636272	18	72	11	4	81618815180.52	1743820.6085540475	1.5849320478523623	0.03311751904795714	635
half_step_1	77.34714683881168	0.04338864580818136	17	74	14	4.352941176470588	81618815180.52	2014832.0632403851	1.5849320478523623	0.03311751904795714	635
half_step_2	77.39053548461986	0.04338864580818136	5	4	4	0.8	81618815180.52	2368171.7987255715	0.8807086892950338	-0.02265470035985625	454
full_step	77.34714683881168	0.04338864580818136	16	53	11	3.3125	81618815180.52	2064801.3975315168	1.5849320478523623	0.03311751904795714	635
half_step_1	77.34714683881168	0.02169432290409068	16	55	10	3.4375	81618815180.52	6544666.453297712	1.5849320478523623	0.03311751904795714	635
half_step_2	77.36884116171578	0.02169432290409068	4	10	8	2.5	81618815180.52	1602969.014288166	1.1651939824936903	-0.008095237311657084	517
full_step	77.39053548461986	0.09999999999999432	12	43	12	3.5833333333333335	81618815180.52	5071110.776425339	0.7078337921508933	-0.06708636587116439	441
full_step	77.39053548461986	0.04999999999999716	11	55	8	5	81618815180.52	4816271.505158011	0.7078337921508933	-0.06708636587116439	441
full_step	77.39053548461986	0.02499999999999858	5	14	5	2.8	81618815180.52	9244519.984359622	0.7078337921508933	-0.06708636587116439	441
full_step	77.39053548461986	0.01249999999999929	8	20	8	2.5	81618815180.52	13072119.116365882	0.7078337921508933	-0.06708636587116439	441
half_step_1	77.39053548461986	0.006249999999999645	6	10	5	1.6666666666666667	81618815180.52	5532999.779514118	0.7078337921508933	-0.06708636587116439	441
half_step_2	77.39678548461985	0.006249999999999645	9	26	14	2.888888888888889	81618815180.52	39392438.03677731	0.5664394725553166	-0.0852333517513595	394
full_step	77.40303548461986	0.06249999999999645	19	58	11	3.0526315789473686	81618815180.52	257917672.59210843	0.41469343608082454	-0.09599109468407264	409
full_step	77.40303548461986	0.031249999999998224	12	44	9	3.6666666666666665	81618815180.52	201155785.70058575	0.41469343608082454	-0.09599109468407264	409
half_step_1	77.40303548461986	0.015624999999999112	13	45	13	3.4615384615384617	81618815180.52	105591663.62635565	0.41469343608082454	-0.09599109468407264	409
half_step_2	77.41866048461986	0.015624999999999112	13	63	14	4.846153846153846	81618815180.52	100293707.45246585	0.12572762624071743	-0.12658025322374564	372
full_step	77.43428548461986	0.09999999999999432	15	53	11	3.533333333333333	81618815180.52	12778941.306052268	0.8710552361943282	-0.09232412464149625	410
half_step_1	77.43428548461986	0.04999999999999716	15	55	11	3.6666666666666665	81618815180.52	11920271.029886922	0.8710552361943282	-0.09232412464149625	410
half_step_2	77.48428548461986	0.04999999999999716	7	26	7	3.7142857142857144	81618815180.52	119058116.83023623	0.5031272121000256	-0.09153641627562015	373
full_step	77.53428548461986	0.09999999999999432	16	45	7	2.8125	81618815180.52	115676236.15829474	0.568225910563001	-0.10444210384701479	338
full_step	77.53428548461986	0.04999999999999716	9	12	5	1.3333333333333333	81618815180.52	256463227.0210532	0.568225910563001	-0.10444210384701479	338
half_step_1	77.53428548461986	0.02499999999999858	9	16	7	1.7777777777777777	81618815180.52	74610249.1451175	0.568225910563001	-0.10444210384701479	338
half_step_2	77.55928548461986	0.02499999999999858	4	7	7	1.75	81618815180.52	96175799.63273878	0.32549426057289566	-0.12328989474409509	298
full_step	77.58428548461985	0.09999999999999432	15	65	14	4.333333333333333	81618815180.52	3905456.5638266937	1.5583209867148762	-0.005245114053092067	378
half_step_1	77.58428548461985	0.04999999999999716	15	67	12	4.466666666666667	81618815180.52	4498949.1049973015	1.5583209867148762	-0.005245114053092067	378
half_step_2	77.63428548461985	0.04999999999999716	4	6	6	1.5	81618815180.52	40144662.69615345	0.7696243318915625	-0.06162321369280762	391
full_step	77.68428548461985	0.09999999999999432	10	23	6	2.3	81618815180.52	203584394.5826028	0.5763808309385468	-0.10413249465760296	334
full_step	77.68428548461985	0.04999999999999716	11	18	7	1.6363636363636365	81618815180.52	277367697.6128723	0.5763808309385468	-0.10413249465760296	334
half_step_1	77.68428548461985	0.02499999999999858	9	23	9	2.5555555555555554	81618815180.52	117639760.37673295	0.5763808309385468	-0.10413249465760296	334
half_step_2	77.70928548461984	0.02499999999999858	5	17	8	3.4	81618815180.52	30629790.574796155	0.31739747602094326	-0.12111888511632395	313
full_step	77.73428548461985	0.04999999999999716	14	38	7	2.7142857142857144	81618815180.52	328829294.06615007	0.24889136150642344	-0.1224668702242359	333
half_step_1	77.73428548461985	0.02499999999999858	9	25	8	2.7777777777777777	81618815180.52	127775531.0067246	0.24889136150642344	-0.1224668702242359	333
half_step_2	77.75928548461985	0.02499999999999858	3	20	13	6.666666666666667	81618815180.52	141619281.25546438	0.22163221616659712	-0.11914704842704023	290
full_step	77.73428548461985	0.02499999999999858	12	35	12	2.9166666666666665	81618815180.52	127802236.26207988	0.24889136150642344	-0.1224668702242359	333
half_step_1	77.73428548461985	0.01249999999999929	7	15	7	2.142857142857143	81618815180.52	61120880.338831976	0.24889136150642344	-0.1224668702242359	333
half_step_2	77.74678548461985	0.01249999999999929	4	9	9	2.25	81618815180.52	59568674.586879194	0.14232648284254878	-0.1272492555002705	305
full_step	77.75928548461985	0.09514788513803159	13	26	7	2	81618815180.52	429557930.27824897	0.12490666080364576	-0.1280612441093372	310
full_step	77.75928548461985	0.047573942569015794	11	37	13	3.3636363636363638	81618815180.52	316004289.688433	0.12490666080364576	-0.1280612441093372	310
half_step_1	77.75928548461985	0.023786971284507897	10	33	7	3.3	81618815180.52	115199909.73846908	0.12490666080364576	-0.1280612441093372	310
half_step_2	77.78307245590436	0.023786971284507897	3	19	14	6.333333333333333	81618815180.52	163727901.18674865	0.1676769065088024	-0.12392609388357216	288
full_step	77.75928548461985	0.023786971284507897	10	19	7	1.9	81618815180.52	112597844.16491283	0.12490666080364576	-0.1280612441093372	310
half_step_1	77.75928548461985	0.011893485642253948	5	9	4	1.8	81618815180.52	57071288.24435597	0.12490666080364576	-0.1280612441093372	310
half_step_2	77.7711789702621	0.011893485642253948	4	8	8	2	81618815180.52	55358607.06251732	0.12262360762773028	-0.128365220186776	299
full_step	77.78307245590436	0.0912429210274542	6	17	7	2.8333333333333335	81618815180.52	518797097.9371785	0.12268526433507532	-0.1243763675095583	287
full_step	77.78307245590436	0.0456214605137271	7	22	7	3.142857142857143	81618815180.52	303399233.3554643	0.12268526433507532	-0.1243763675095583	287
full_step	77.78307245590436	0.02281073025686355	5	20	6	4	81618815180.52	119062249.70415473	0.12268526433507532	-0.1243763675095583	287
full_step	77.78307245590436	0.011405365128431775	5	18	5	3.6	81618815180.52	61243800.97896174	0.12268526433507532	-0.1243763675095583	287
half_step_1	77.78307245590436	0.005702682564215887	4	3	3	0.75	81618815180.52	36022484.971297845	0.12268526433507532	-0.1243763675095583	287
half_step_2	77.78877513846858	0.005702682564215887	4	0	0	0	81618815180.52	35788377.21950848	0.12686201495515093	-0.1273188706457062	284
full_step	77.79447782103279	0.05702682564215887	7	14	7	2	81618815180.52	343909049.0530677	0.12743791636702895	-0.12844293829392983	289
full_step	77.79447782103279	0.028513412821079435	6	9	5	1.5	81618815180.52	129706919.4817222	0.12743791636702895	-0.12844293829392983	289
half_step_1	77.79447782103279	0.014256706410539718	6	21	9	3.5	81618815180.52	80492420.37162593	0.12743791636702895	-0.12844293829392983	289
half_step_2	77.80873452744332	0.014256706410539718	3	7	7	2.3333333333333335	81618815180.52	96558948.36688846	0.12394912679184245	-0.1255322358612034	292
full_step	77.82299123385387	0.07297410534479959	15	44	12	2.933333333333333	81618815180.52	8412530.605107054	1.0526548819845232	0.03399642692434551	468
half_step_1	77.82299123385387	0.036487052672399795	14	42	10	3	81618815180.52	2129606.351222031	1.0526548819845232	0.03399642692434551	468
half_step_2	77.85947828652627	0.036487052672399795	6	17	7	2.8333333333333335	81618815180.52	51980518.77507386	0.63980782305768	-0.030748298527748425	420
full_step	77.89596533919867	0.09999999999999432	9	28	8	3.111111111111111	81618815180.52	3484602.107188327	0.3423444265104081	-0.11856640561741495	337
full_step	77.89596533919867	0.04999999999999716	12	44	9	3.6666666666666665	81618815180.52	2077526.663769951	0.3423444265104081	-0.11856640561741495	337
full_step	77.89596533919867	0.02499999999999858	6	26	8	4.333333333333333	81618815180.52	1910812.535766319	0.3423444265104081	-0.11856640561741495	337
half_step_1	77.89596533919867	0.01249999999999929	7	17	7	2.4285714285714284	81618815180.52	2826719.9913637144	0.3423444265104081	-0.11856640561741495	337
half_step_2	77.90846533919867	0.01249999999999929	6	7	4	1.1666666666666667	81618815180.52	56581416.281621955	0.17071109906214588	-0.12975033559145072	349
full_step	77.92096533919866	0.09999999999999432	16	46	14	2.875	81618815180.52	272212358.5932249	0.25999926197835066	-0.12381204826362802	350
full_step	77.92096533919866	0.04999999999999716	15	26	9	1.7333333333333334	81618815180.52	235100044.66966695	0.25999926197835066	-0.12381204826362802	350
half_step_1	77.92096533919866	0.02499999999999858	8	22	8	2.75	81618815180.52	3056719.9887324446	0.25999926197835066	-0.12381204826362802	350
half_step_2	77.94596533919866	0.02499999999999858	10	29	10	2.9	81618815180.52	2091929.140391671	0.7322685925174426	-0.07347086511081438	442
full_step	77.92096533919866	0.031012677917726206	18	44	9	2.4444444444444446	81618815180.52	112225147.16568191	0.25999926197835066	-0.12381204826362802	350
half_step_1	77.92096533919866	0.015506338958863103	22	94	14	4.2727272727272725	81618815180.52	60121481.341872975	0.25999926197835066	-0.12381204826362802	350
half_step_2	77.93647167815752	0.015506338958863103	9	16	7	1.7777777777777777	81618815180.52	68653797.22552693	0.227186892892405	-0.11823809332131792	354
full_step	77.95197801711639	0.09999999999999432	11	27	8	2.4545454545454546	81618815180.52	352529203.57014984	0.17338721224643905	-0.12198074848637909	348
full_step	77.95197801711639	0.04999999999999716	8	15	5	1.875	81618815180.52	278991830.2256449	0.17338721224643905	-0.12198074848637909	348
half_step_1	77.95197801711639	0.02499999999999858	10	23	5	2.3	81618815180.52	117791112.69310963	0.17338721224643905	-0.12198074848637909	348
half_step_2	77.97697801711638	0.02499999999999858	16	57	8	3.5625	81618815180.52	123820812.33592568	0.20067113397780645	-0.12950914138927871	336
full_step	78.00197801711639	0.06326027855040009	12	33	10	2.75	81618815180.52	13827532.454850553	1.9986868341822515	0.0712463038415803	430
full_step	78.00197801711639	0.031630139275200045	22	67	9	3.0454545454545454	81618815180.52	4934463.196180671	1.9986868341822515	0.0712463038415803	430
full_step	78.00197801711639	0.015815069637600022	13	34	8	2.6153846153846154	81618815180.52	154461091.14829877	1.9986868341822515	0.0712463038415803	430
full_step	78.00197801711639	0.007907534818800011	13	31	13	2.3846153846153846	81618815180.52	215233381.10857272	1.9986868341822515	0.0712463038415803	430
half_step_1	78.00197801711639	0.003953767409400006	14	36	9	2.5714285714285716	81618815180.52	406152096.6564492	1.9986868341822515	0.0712463038415803	430
half_step_2	78.00593178452579	0.003953767409400006	14	11	4	0.7857142857142857	81618815180.52	251668793.74913982	1.8804389689686332	0.14837238730343955	574
full_step	78.00988555193518	0.03777748894707464	7	24	6	3.4285714285714284	81618815180.52	45660520.61032923	1.7265677968629234	0.0970155102487319	570
half_step_1	78.00988555193518	0.01888874447353732	6	14	6	2.3333333333333335	81618815180.52	4131053.268515615	1.7265677968629234	0.0970155102487319	570
half_step_2	78.02877429640873	0.01888874447353732	8	20	8	2.5	81618815180.52	67793454.87428781	1.0751405378928212	-0.03375966399245575	428
full_step	78.04766304088226	0.06537444722531635	14	29	7	2.0714285714285716	81618815180.52	289741176.71104527	0.5786947347071987	-0.07975140195586457	378
full_step	78.04766304088226	0.032687223612658176	10	29	8	2.9	81618815180.52	100269267.97490056	0.5786947347071987	-0.07975140195586457	378
full_step	78.04766304088226	0.016343611806329088	5	20	8	4	81618815180.52	59701561.45300868	0.5786947347071987	-0.07975140195586457	378
half_step_1	78.04766304088226	0.008171805903164544	4	11	7	2.75	81618815180.52	42371882.17981686	0.5786947347071987	-0.07975140195586457	378
half_step_2	78.05583484678542	0.008171805903164544	6	23	10	3.8333333333333335	81618815180.52	47183876.48951658	0.33794605754815166	-0.09974571315593786	380
full_step	78.06400665268859	0.04171995550932431	18	41	11	2.2777777777777777	81618815180.52	23103434.87539099	0.6894806286841373	-0.0898002957760964	404
half_step_1	78.06400665268859	0.020859977754662154	18	65	10	3.611111111111111	81618815180.52	5977694.182299371	0.6894806286841373	-0.0898002957760964	404
half_step_2	78.08486663044326	0.020859977754662154	7	27	6	3.857142857142857	81618815180.52	35576024.61332754	0.3984624401968375	-0.10315608027699553	316
full_step	78.10572660819791	0.07011380463881711	8	18	6	2.25	81618815180.52	274809565.52196324	0.15830996723994417	-0.11958170289013037	307
full_step	78.10572660819791	0.035056902319408556	7	32	9	4.571428571428571	81618815180.52	148335906.2851482	0.15830996723994417	-0.11958170289013037	307
full_step	78.10572660819791	0.017528451159704278	8	21	7	2.625	81618815180.52	73582104.54985015	0.15830996723994417	-0.11958170289013037	307
half_step_1	78.10572660819791	0.008764225579852139	4	5	5	1.25	81618815180.52	37256632.90501656	0.15830996723994417	-0.11958170289013037	307
half_step_2	78.11449083377777	0.008764225579852139	18	57	12	3.1666666666666665	81618815180.52	34001248.29633082	0.3124059998858115	-0.11313802136449816	326
full_step	78.12325505935762	0.028941811258175604	9	29	6	3.2222222222222223	81618815180.52	70243824.15109122	0.13403316071156723	-0.12256814754482943	330
half_step_1	78.12325505935762	0.014470905629087802	5	18	5	3.6	81618815180.52	55569806.04979253	0.13403316071156723	-0.12256814754482943	330
half_step_2	78.1377259649867	0.014470905629087802	11	35	11	3.1818181818181817	81618815180.52	5855615.284061505	0.14299439012239645	-0.1222809735819486	316
full_step	78.1521968706158	0.09999999999999432	12	39	8	3.25	81618815180.52	37418434.64993781	0.13168498046451305	-0.11987732990581278	325
half_step_1	78.1521968706158	0.04999999999999716	11	34	10	3.090909090909091	81618815180.52	199174746.33772218	0.13168498046451305	-0.11987732990581278	325
half_step_2	78.2021968706158	0.04999999999999716	10	10	6	1	81618815180.52	20387663.319481473	0.7747033509545247	0.042062120099052934	466
full_step	78.25219687061579	0.09999999999999432	8	42	11	5.25	81618815180.52	24369946.667837102	1.2778646767737314	-0.013383359903587851	418
half_step_1	78.25219687061579	0.04999999999999716	6	26	9	4.333333333333333	81618815180.52	25086646.72079614	1.2778646767737314	-0.013383359903587851	418
half_step_2	78.30219687061579	0.04999999999999716	5	13	5	2.6	81618815180.52	4706618.949518103	0.8847648393008853	-0.046481238080175784	393
full_step	78.35219687061578	0.09999999999999432	6	30	11	5	81618815180.52	2992118.090644284	0.5087960252855908	-0.09189149409532553	369
half_step_1	78.35219687061578	0.04999999999999716	4	19	7	4.75	81618815180.52	4155497.4078682903	0.5087960252855908	-0.09189149409532553	369
half_step_2	78.40219687061578	0.04999999999999716	4	8	5	2	81618815180.52	2103794.801258374	0.5075014243147962	-0.0941906836844872	364
full_step	78.45219687061578	0.09999999999999432	7	24	6	3.4285714285714284	81618815180.52	13840894.440964958	0.4989942478933642	-0.10491335577233654	358
half_step_1	78.45219687061578	0.04999999999999716	5	26	9	5.2	81618815180.52	5550532.459397829	0.4989942478933642	-0.10491335577233654	358
half_step_2	78.50219687061578	0.04999999999999716	5	19	5	3.8	81618815180.52	38716513.76500403	0.5038174482222928	-0.10493350002927963	365
full_step	78.45219687061578	0.04999999999999716	8	25	7	3.125	81618815180.52	4111661.6413827036	0.4989942478933642	-0.10491335577233654	358
half_step_1	78.45219687061578	0.02499999999999858	5	15	7	3	81618815180.52	7261755.037558089	0.4989942478933642	-0.10491335577233654	358
half_step_2	78.47719687061578	0.02499999999999858	6	21	7	3.5	81618815180.52	54106243.68832891	0.2873409855215243	-0.11765592064746663	338
full_step	78.50219687061578	0.07298512758228319	7	28	12	4	81618815180.52	11447822.896299057	1.142523041696279	0.030608253249336026	459
half_step_1	78.50219687061578	0.036492563791141595	16	42	8	2.625	81618815180.52	6214298.115775482	1.142523041696279	0.030608253249336026	459
half_step_2	78.53868943440692	0.036492563791141595	8	14	6	1.75	81618815180.52	13685596.581798317	0.6813042877003994	-0.05733916178966103	342
full_step	78.50219687061578	0.036492563791141595	14	38	9	2.7142857142857144	81618815180.52	4509397.1921683075	1.142523041696279	0.030608253249336026	459
half_step_1	78.50219687061578	0.018246281895570798	14	44	10	3.142857142857143	81618815180.52	14937257.692157866	1.142523041696279	0.030608253249336026	459
half_step_2	78.52044315251135	0.018246281895570798	13	27	8	2.076923076923077	81618815180.52	45768535.30636136	0.8601025964131992	-0.025143825011503824	357
full_step	78.53868943440692	0.09241488996433925	6	31	13	5.166666666666667	81618815180.52	6570742.752168269	0.46035631263920607	-0.10125148127569202	337
half_step_1	78.53868943440692	0.046207444982169624	11	34	8	3.090909090909091	81618815180.52	18930738.503711514	0.46035631263920607	-0.10125148127569202	337
half_step_2	78.58489687938909	0.046207444982169624	9	11	5	1.2222222222222223	81618815180.52	36804339.19415772	0.4303112680029244	-0.09921892167172464	357
full_step	78.63110432437126	0.09241488996433925	5	15	8	3	81618815180.52	1506511.878570275	0.45428008268581266	-0.1183089227734602	366
half_step_1	78.63110432437126	0.046207444982169624	7	14	6	2	81618815180.52	130333063.4851492	0.45428008268581266	-0.1183089227734602	366
half_step_2	78.67731176935344	0.046207444982169624	6	14	7	2.3333333333333335	81618815180.52	37478293.10515808	0.4708043364642833	-0.1160889924405433	358
full_step	78.72351921433561	0.09999999999999432	8	29	8	3.625	81618815180.52	25092763.20349034	0.4665741580155327	-0.1107419323780051	315
full_step	78.72351921433561	0.04999999999999716	10	15	8	1.5	81618815180.52	173372900.5500387	0.4665741580155327	-0.1107419323780051	315
full_step	78.72351921433561	0.02499999999999858	7	21	12	3	81618815180.52	37802500.68226075	0.4665741580155327	-0.1107419323780051	315
half_step_1	78.72351921433561	0.01249999999999929	10	25	8	2.5	81618815180.52	24008636.165729336	0.4665741580155327	-0.1107419323780051	315
half_step_2	78.73601921433561	0.01249999999999929	12	8	5	0.6666666666666666	81618815180.52	42999789.17269534	0.23600145390599891	-0.12806814319813012	308
full_step	78.7485192143356	0.08961902801407133	18	74	11	4.111111111111111	81618815180.52	12433600.237134127	0.39639226356936774	-0.12639335557496673	313
half_step_1	78.7485192143356	0.044809514007035665	12	30	12	2.5	81618815180.52	91514477.26608814	0.39639226356936774	-0.12639335557496673	313
half_step_2	78.79332872834264	0.044809514007035665	8	14	6	1.75	81618815180.52	160208088.74620515	0.4126753491730142	-0.10667487208226631	282
full_step	78.83813824234967	0.08961902801407133	12	22	8	1.8333333333333333	81618815180.52	436615700.8164594	0.4483116080086802	-0.10668174199336078	265
full_step	78.83813824234967	0.044809514007035665	12	28	8	2.3333333333333335	81618815180.52	185374484.33946273	0.4483116080086802	-0.10668174199336078	265
full_step	78.83813824234967	0.022404757003517833	10	17	7	1.7	81618815180.52	82801465.6243142	0.4483116080086802	-0.10668174199336078	265
full_step	78.83813824234967	0.011202378501758916	7	22	9	3.142857142857143	81618815180.52	45588629.79206322	0.4483116080086802	-0.10668174199336078	265
half_step_1	78.83813824234967	0.005601189250879458	8	13	7	1.625	81618815180.52	47317101.25907473	0.4483116080086802	-0.10668174199336078	265
half_step_2	78.84373943160055	0.005601189250879458	13	25	6	1.9230769230769231	81618815180.52	32773813.316586707	0.3205611622144886	-0.11974085605960477	299
full_step	78.84934062085144	0.056011892508794583	10	18	7	1.8	81618815180.52	118837703.66318248	0.21647421427502422	-0.12616082294057365	259
full_step	78.84934062085144	0.028005946254397292	8	13	4	1.625	81618815180.52	66169449.56217159	0.21647421427502422	-0.12616082294057365	259
half_step_1	78.84934062085144	0.014002973127198646	7	23	8	3.2857142857142856	81618815180.52	49669484.2481986	0.21647421427502422	-0.12616082294057365	259
half_step_2	78.86334359397864	0.014002973127198646	12	10	6	0.8333333333333334	81618815180.52	42607146.98050663	0.3209625745458453	-0.12987134905686556	278
full_step	78.87734656710583	0.03521802317985351	9	32	9	3.5555555555555554	81618815180.52	16703409.127033435	1.0905285275462688	-0.10060600070360466	329
half_step_1	78.87734656710583	0.017609011589926754	20	65	10	3.25	81618815180.52	48053153.10060233	1.0905285275462688	-0.10060600070360466	329
half_step_2	78.89495557869576	0.017609011589926754	9	16	6	1.7777777777777777	81618815180.52	40087143.25023452	0.7379958155323152	-0.11194669041729575	278
full_step	78.91256459028568	0.09999999999999432	7	25	10	3.5714285714285716	81618815180.52	32514647.968159907	0.3941304208716474	-0.11940853736029583	295
half_step_1	78.91256459028568	0.04999999999999716	4	5	5	1.25	81618815180.52	67136119.34414537	0.3941304208716474	-0.11940853736029583	295
half_step_2	78.96256459028568	0.04999999999999716	12	22	8	1.8333333333333333	81618815180.52	68266017.19604808	0.48882323619869794	-0.10123583391981152	292
full_step	79.01256459028568	0.09999999999999432	9	28	9	3.111111111111111	81618815180.52	154441772.55077988	0.5123882845349215	-0.11021326674544059	268
half_step_1	79.01256459028568	0.04999999999999716	11	22	7	2	81618815180.52	62164234.81759848	0.5123882845349215	-0.11021326674544059	268
half_step_2	79.06256459028567	0.04999999999999716	10	24	7	2.4	81618815180.52	173974309.141562	0.5565902274404095	-0.10972545437259858	283
full_step	79.01256459028568	0.04999999999999716	10	31	7	3.1	81618815180.52	56620194.38326357	0.5123882845349215	-0.11021326674544059	268
half_step_1	79.01256459028568	0.02499999999999858	7	23	6	3.2857142857142856	81618815180.52	51004328.12138045	0.5123882845349215	-0.11021326674544059	268
half_step_2	79.03756459028568	0.02499999999999858	9	29	7	3.2222222222222223	81618815180.52	76671349.5763114	0.31470118163505845	-0.12899269985786135	286
full_step	79.01256459028568	0.02499999999999858	10	25	6	2.5	81618815180.52	38477616.21560119	0.5123882845349215	-0.11021326674544059	268
half_step_1	79.01256459028568	0.01249999999999929	9	17	6	1.8888888888888888	81618815180.52	44764291.92053622	0.5123882845349215	-0.11021326674544059	268
half_step_2	79.02506459028568	0.01249999999999929	5	9	6	1.8	81618815180.52	39819571.643089004	0.27854398468915065	-0.1314367094039941	276
full_step	79.03756459028568	0.09999999999999432	15	34	9	2.2666666666666666	81618815180.52	267884837.98260343	0.1366893648984444	-0.13152840904977245	273
full_step	79.03756459028568	0.04999999999999716	13	22	8	1.6923076923076923	81618815180.52	198931051.69791785	0.1366893648984444	-0.13152840904977245	273
full_step	79.03756459028568	0.02499999999999858	9	13	5	1.4444444444444444	81618815180.52	75749961.51477884	0.1366893648984444	-0.13152840904977245	273
full_step	79.03756459028568	0.01249999999999929	7	9	4	1.2857142857142858	81618815180.52	41888913.07887538	0.1366893648984444	-0.13152840904977245	273
half_step_1	79.03756459028568	0.006249999999999645	5	7	4	1.4	81618815180.52	25252658.821200598	0.1366893648984444	-0.13152840904977245	273
half_step_2	79.04381459028568	0.006249999999999645	4	11	5	2.75	81618815180.52	30035057.787750214	0.12157801084919129	-0.1325383643950192	246
full_step	79.05006459028569	0.06249999999999645	15	52	14	3.466666666666667	81618815180.52	211895853.8430919	0.11490824377850117	-0.12850681767885902	235
full_step	79.05006459028569	0.031249999999998224	11	30	8	2.727272727272727	81618815180.52	113727274.13673468	0.11490824377850117	-0.12850681767885902	235
full_step	79.05006459028569	0.015624999999999112	11	13	7	1.1818181818181819	81618815180.52	49405471.98210617	0.11490824377850117	-0.12850681767885902	235
full_step	79.05006459028569	0.007812499999999556	6	6	3	1	81618815180.52	29433071.784507614	0.11490824377850117	-0.12850681767885902	235
half_step_1	79.05006459028569	0.003906249999999778	3	4	2	1.3333333333333333	81618815180.52	24504794.290935088	0.11490824377850117	-0.12850681767885902	235
half_step_2	79.05397084028569	0.003906249999999778	11	15	10	1.3636363636363635	81618815180.52	19471985.901956696	0.1498913390972092	-0.12793275492355533	253
full_step	79.05787709028569	0.03906249999999778	18	62	11	3.4444444444444446	81618815180.52	185501451.9606031	0.1141101911214264	-0.12653808381827755	238
full_step	79.05787709028569	0.01953124999999889	15	41	10	2.7333333333333334	81618815180.52	55830705.80230364	0.1141101911214264	-0.12653808381827755	238
half_step_1	79.05787709028569	0.009765624999999445	6	7	4	1.1666666666666667	81618815180.52	34550076.87968199	0.1141101911214264	-0.12653808381827755	238
half_step_2	79.06764271528569	0.009765624999999445	5	7	7	1.4	81618815180.52	34139448.565781675	0.11081929961602555	-0.12600909534579607	245
full_step	79.07740834028569	0.09765624999999445	15	58	11	3.8666666666666667	81618815180.52	98981592.26324782	0.27223335673966176	-0.11932685128809965	270
half_step_1	79.07740834028569	0.048828124999997224	15	52	10	3.466666666666667	81618815180.52	206689246.00908157	0.27223335673966176	-0.11932685128809965	270
half_step_2	79.12623646528569	0.048828124999997224	5	25	11	5	81618815180.52	182822615.10493466	0.46258809444563553	-0.09830912854952514	237
full_step	79.07740834028569	0.048828124999997224	20	63	11	3.15	81618815180.52	206704042.9198778	0.27223335673966176	-0.11932685128809965	270
half_step_1	79.07740834028569	0.024414062499998612	16	52	10	3.25	81618815180.52	92460225.3044392	0.27223335673966176	-0.11932685128809965	270
half_step_2	79.10182240278569	0.024414062499998612	6	17	8	2.8333333333333335	81618815180.52	47309302.523810975	0.17782620525082393	-0.1290777174449738	263
full_step	79.12623646528569	0.09999999999999432	9	21	8	2.3333333333333335	81618815180.52	332123419.846524	0.2024334580055438	-0.12136876404189614	253
half_step_1	79.12623646528569	0.04999999999999716	6	22	7	3.6666666666666665	81618815180.52	178773168.7204657	0.2024334580055438	-0.12136876404189614	253
half_step_2	79.17623646528568	0.04999999999999716	9	20	5	2.2222222222222223	81618815180.52	196806671.50090906	0.5501531327144278	-0.0884128816092659	250
full_step	79.12623646528569	0.04999999999999716	6	17	6	2.8333333333333335	81618815180.52	134039889.0283376	0.2024334580055438	-0.12136876404189614	253
half_step_1	79.12623646528569	0.02499999999999858	5	15	6	3	81618815180.52	53718597.55729043	0.2024334580055438	-0.12136876404189614	253
half_step_2	79.15123646528568	0.02499999999999858	6	10	10	1.6666666666666667	81618815180.52	83610665.48304714	0.21238379830677445	-0.1261807980436606	232
full_step	79.12623646528569	0.02499999999999858	7	12	5	1.7142857142857142	81618815180.52	86902045.97168694	0.2024334580055438	-0.12136876404189614	253
half_step_1	79.12623646528569	0.01249999999999929	5	6	6	1.2	81618815180.52	37750331.36339317	0.2024334580055438	-0.12136876404189614	253
half_step_2	79.13873646528569	0.01249999999999929	4	6	6	1.5	81618815180.52	49797977.223452054	0.12460001240347651	-0.13193846781908466	250
full_step	79.15123646528568	0.09999999999999432	12	30	8	2.5	81618815180.52	302808155.3954025	0.11335151470217397	-0.12329095907158337	237
full_step	79.15123646528568	0.04999999999999716	8	24	9	3	81618815180.52	215942177.0937396	0.11335151470217397	-0.12329095907158337	237
full_step	79.15123646528568	0.02499999999999858	6	13	6	2.1666666666666665	81618815180.52	81466555.89459029	0.11335151470217397	-0.12329095907158337	237
full_step	79.15123646528568	0.01249999999999929	5	13	7	2.6	81618815180.52	50063183.66422267	0.11335151470217397	-0.12329095907158337	237
half_step_1	79.15123646528568	0.006249999999999645	4	3	3	0.75	81618815180.52	23405724.377515495	0.11335151470217397	-0.12329095907158337	237
half_step_2	79.15748646528567	0.006249999999999645	7	0	0	0	81618815180.52	22429228.547483597	0.11534459752604675	-0.13239390668280238	272
full_step	79.16373646528568	0.06061578869259936	10	31	8	3.1	81618815180.52	231343256.7023648	0.11643836258491547	-0.12912851224056376	273
half_step_1	79.16373646528568	0.03030789434629968	6	26	9	4.333333333333333	81618815180.52	85521516.28613432	0.11643836258491547	-0.12912851224056376	273
half_step_2	79.19404435963197	0.03030789434629968	9	17	5	1.8888888888888888	81618815180.52	104555526.6852917	0.2515287330838305	-0.11545432529529323	230
full_step	79.16373646528568	0.03030789434629968	13	18	5	1.3846153846153846	81618815180.52	101827326.86034821	0.11643836258491547	-0.12912851224056376	273
half_step_1	79.16373646528568	0.01515394717314984	5	14	6	2.8	81618815180.52	49750044.86488912	0.11643836258491547	-0.12912851224056376	273
half_step_2	79.17889041245883	0.01515394717314984	7	25	9	3.5714285714285716	81618815180.52	53216928.79100134	0.11235123681302639	-0.13391489277775726	250
full_step	79.19404435963197	0.09934327364777792	11	32	9	2.909090909090909	81618815180.52	307231361.90891755	0.11256898837348217	-0.12652681913627292	246
full_step	79.19404435963197	0.04967163682388896	14	35	9	2.5	81618815180.52	87420181.77118912	0.11256898837348217	-0.12652681913627292	246
full_step	79.19404435963197	0.02483581841194448	14	30	8	2.142857142857143	81618815180.52	47571693.50211313	0.11256898837348217	-0.12652681913627292	246
half_step_1	79.19404435963197	0.01241790920597224	5	7	4	1.4	81618815180.52	42882229.14356235	0.11256898837348217	-0.12652681913627292	246
half_step_2	79.20646226883795	0.01241790920597224	11	9	3	0.8181818181818182	81618815180.52	43876822.79750981	0.11440585721334173	-0.13259968709723335	264
full_step	79.21888017804392	0.05029760103804668	10	26	7	2.6	81618815180.52	207314628.4253645	0.11512800944200308	-0.1291856019089372	232
half_step_1	79.21888017804392	0.02514880051902334	7	21	6	3	81618815180.52	80828208.68586025	0.11512800944200308	-0.1291856019089372	232
half_step_2	79.24402897856294	0.02514880051902334	6	9	8	1.5	81618815180.52	83820141.13314162	0.18616739498236257	-0.12885086456641898	221
full_step	79.26917777908197	0.09701769843931492	7	24	10	3.4285714285714284	81618815180.52	324755576.7828172	0.2055622268315176	-0.12324191721911099	226
half_step_1	79.26917777908197	0.04850884921965746	6	20	7	3.3333333333333335	81618815180.52	174040872.56423634	0.2055622268315176	-0.12324191721911099	226
half_step_2	79.31768662830163	0.04850884921965746	7	9	6	1.2857142857142858	81618815180.52	194954738.28186795	0.5180561414402405	-0.09050445931350364	225
full_step	79.36619547752129	0.09999999999999432	6	24	10	4	81618815180.52	410787943.6423055	0.48211325635338653	-0.09964270979345771	227
full_step	79.36619547752129	0.04999999999999716	5	13	6	2.6	81618815180.52	191531545.56579238	0.48211325635338653	-0.09964270979345771	227
full_step	79.36619547752129	0.02499999999999858	7	20	6	2.857142857142857	81618815180.52	80521487.03330068	0.48211325635338653	-0.09964270979345771	227
full_step	79.36619547752129	0.01249999999999929	8	27	9	3.375	81618815180.52	41143677.93473199	0.48211325635338653	-0.09964270979345771	227
half_step_1	79.36619547752129	0.006249999999999645	6	13	6	2.1666666666666665	81618815180.52	39944012.627208814	0.48211325635338653	-0.09964270979345771	227
half_step_2	79.37244547752128	0.006249999999999645	3	1	1	0.3333333333333333	81618815180.52	26851048.554723978	0.3396235726468433	-0.11069396182436876	210
full_step	79.37869547752129	0.06249999999999645	8	34	10	4.25	81618815180.52	244695617.42050257	0.21138923328473425	-0.1248071005903489	207
full_step	79.37869547752129	0.031249999999998224	5	11	5	2.2	81618815180.52	95284411.0635151	0.21138923328473425	-0.1248071005903489	207
full_step	79.37869547752129	0.015624999999999112	4	9	6	2.25	81618815180.52	50497736.97887328	0.21138923328473425	-0.1248071005903489	207
full_step	79.37869547752129	0.007812499999999556	4	7	4	1.75	81618815180.52	26497307.11583238	0.21138923328473425	-0.1248071005903489	207
full_step	79.37869547752129	0.003906249999999778	4	5	3	1.25	81618815180.52	18963414.482194748	0.21138923328473425	-0.1248071005903489	207
half_step_1	79.37869547752129	0.001953124999999889	2	1	1	0.5	81618815180.52	16510805.86210716	0.21138923328473425	-0.1248071005903489	207
half_step_2	79.38064860252129	0.001953124999999889	2	1	1	0.5	81618815180.52	16120382.141100103	0.17776266186791645	-0.12612361200880562	217
full_step	79.38260172752129	0.01953124999999889	5	12	5	2.4	81618815180.52	58839006.82052794	0.16122169871724168	-0.12529424770597197	210
full_step	79.38260172752129	0.009765624999999445	4	8	5	2	81618815180.52	31346091.790938552	0.16122169871724168	-0.12529424770597197	210
full_step	79.38260172752129	0.0048828124999997224	4	6	4	1.5	81618815180.52	19689964.989457987	0.16122169871724168	-0.12529424770597197	210
full_step	79.38260172752129	0.0024414062499998612	2	2	2	1	81618815180.52	16387646.826362276	0.16122169871724168	-0.12529424770597197	210
half_step_1	79.38260172752129	0.0012207031249999306	1	1	1	1	81618815180.52	15209472.6098093	0.16122169871724168	-0.12529424770597197	210
half_step_2	79.38382243064629	0.0012207031249999306	2	2	2	1	81618815180.52	15143746.356539752	0.1520569386375712	-0.12467154497689398	212
full_step	79.38504313377129	0.012207031249999306	13	21	9	1.6153846153846154	81618815180.52	44251153.70162846	1.7953242768469657	0.18129022334829836	347
half_step_1	79.38504313377129	0.006103515624999653	11	14	6	1.2727272727272727	81618815180.52	84752761.89223474	1.7953242768469657	0.18129022334829836	347
half_step_2	79.39114664939629	0.006103515624999653	8	16	7	2	81618815180.52	3745743.9820127315	1.6427876308500977	0.1476711470717177	346
full_step	79.39725016502129	0.06103515624999653	13	42	9	3.230769230769231	81618815180.52	143662623.85507932	1.4872100138364281	0.10284546382075715	341
half_step_1	79.39725016502129	0.030517578124998265	4	20	7	5	81618815180.52	45971969.960953645	1.4872100138364281	0.10284546382075715	341
half_step_2	79.42776774314629	0.030517578124998265	9	26	9	2.888888888888889	81618815180.52	54863981.97603089	0.701596125720517	-0.05110352577450922	310
full_step	79.45828532127129	0.09999999999999432	6	20	12	3.3333333333333335	81618815180.52	301972478.8625737	0.2374738477492997	-0.12403213139579862	247
half_step_1	79.45828532127129	0.04999999999999716	8	29	13	3.625	81618815180.52	186498654.24686077	0.2374738477492997	-0.12403213139579862	247
half_step_2	79.50828532127129	0.04999999999999716	6	16	5	2.6666666666666665	81618815180.52	200706354.93008885	0.5266978275165002	-0.08466180126420884	215
full_step	79.45828532127129	0.04999999999999716	7	31	11	4.428571428571429	81618815180.52	167610474.26315597	0.2374738477492997	-0.12403213139579862	247
half_step_1	79.45828532127129	0.02499999999999858	9	24	5	2.6666666666666665	81618815180.52	70974706.5103493	0.2374738477492997	-0.12403213139579862	247
half_step_2	79.4832853212713	0.02499999999999858	7	29	7	4.142857142857143	81618815180.52	62756613.61332127	0.21949191120609157	-0.12352126418515662	233
full_step	79.50828532127129	0.09999999999999432	7	24	8	3.4285714285714284	81618815180.52	149205277.88784868	0.21938469019906393	-0.123094888537403	224
half_step_1	79.50828532127129	0.04999999999999716	9	26	7	2.888888888888889	81618815180.52	189375152.43815333	0.21938469019906393	-0.123094888537403	224
half_step_2	79.55828532127128	0.04999999999999716	3	3	3	1	81618815180.52	198458832.48981306	0.5236587382052846	-0.08979007373170465	208
full_step	79.50828532127129	0.04999999999999716	7	23	8	3.2857142857142856	81618815180.52	146746944.76647714	0.21938469019906393	-0.123094888537403	224
half_step_1	79.50828532127129	0.02499999999999858	6	13	5	2.1666666666666665	81618815180.52	69436458.45642518	0.21938469019906393	-0.123094888537403	224
half_step_2	79.53328532127128	0.02499999999999858	5	17	8	3.4	81618815180.52	62119119.19305982	0.2195029519695879	-0.1239827399074849	236
full_step	79.55828532127128	0.09999999999999432	7	14	7	2	81618815180.52	211642094.02527365	0.2197297313107356	-0.12206617201680385	235
half_step_1	79.55828532127128	0.04999999999999716	6	14	7	2.3333333333333335	81618815180.52	152508107.20064083	0.2197297313107356	-0.12206617201680385	235
half_step_2	79.60828532127128	0.04999999999999716	7	12	10	1.7142857142857142	81618815180.52	212947094.80688247	0.5269678486133387	-0.09246388054677236	240
full_step	79.65828532127128	0.09999999999999432	7	33	8	4.714285714285714	81618815180.52	447277566.4024444	0.483683040733041	-0.0854901284830069	220
full_step	79.65828532127128	0.04999999999999716	6	27	8	4.5	81618815180.52	190972503.4139273	0.483683040733041	-0.0854901284830069	220
full_step	79.65828532127128	0.02499999999999858	6	21	6	3.5	81618815180.52	82939332.82954478	0.483683040733041	-0.0854901284830069	220
half_step_1	79.65828532127128	0.01249999999999929	8	24	8	3	81618815180.52	42291680.627586484	0.483683040733041	-0.0854901284830069	220
half_step_2	79.67078532127128	0.01249999999999929	3	0	0	0	81618815180.52	40418331.080971576	0.24489418348778713	-0.12275515970623038	202
full_step	79.68328532127128	0.09999999999999432	8	35	8	4.375	81618815180.52	305125676.18307287	0.13199496309454162	-0.12875453202985446	196
full_step	79.68328532127128	0.04999999999999716	6	22	7	3.6666666666666665	81618815180.52	224323434.02697554	0.13199496309454162	-0.12875453202985446	196
full_step	79.68328532127128	0.02499999999999858	5	8	5	1.6	81618815180.52	75450473.00312273	0.13199496309454162	-0.12875453202985446	196
full_step	79.68328532127128	0.01249999999999929	5	8	5	1.6	81618815180.52	38957388.22060076	0.13199496309454162	-0.12875453202985446	196
half_step_1	79.68328532127128	0.006249999999999645	4	6	4	1.5	81618815180.52	21855382.978991784	0.13199496309454162	-0.12875453202985446	196
half_step_2	79.68953532127128	0.006249999999999645	2	2	2	1	81618815180.52	21746638.206847582	0.11053276503662346	-0.12291167413035069	197
full_step	79.69578532127129	0.06249999999999645	7	25	9	3.5714285714285716	81618815180.52	242065360.36232814	0.10366818271867828	-0.123079703497126	191
full_step	79.69578532127129	0.031249999999998224	5	11	5	2.2	81618815180.52	96264602.9187815	0.10366818271867828	-0.123079703497126	191
full_step	79.69578532127129	0.015624999999999112	4	11	5	2.75	81618815180.52	54948396.93269511	0.10366818271867828	-0.123079703497126	191
full_step	79.69578532127129	0.007812499999999556	3	9	5	3	81618815180.52	25010056.10615914	0.10366818271867828	-0.123079703497126	191
half_step_1	79.69578532127129	0.003906249999999778	3	5	3	1.6666666666666667	81618815180.52	17872827.930458914	0.10366818271867828	-0.123079703497126	191
half_step_2	79.69969157127129	0.003906249999999778	13	0	0	0	81618815180.52	19319346.774471875	0.10152914146195258	-0.1275790636966166	202
full_step	79.70359782127129	0.03482508264351133	17	50	10	2.9411764705882355	81618815180.52	152955487.13410968	0.10083304401481996	-0.12354847484890888	217
half_step_1	79.70359782127129	0.017412541321755664	10	27	5	2.7	81618815180.52	68746575.04573362	0.10083304401481996	-0.12354847484890888	217
half_step_2	79.72101036259305	0.017412541321755664	5	6	6	1.2	81618815180.52	64259720.55852979	0.11065927439381085	-0.1261593813376286	216
full_step	79.7384229039148	0.09999999999999432	8	34	8	4.25	81618815180.52	287616674.06948674	0.11189323817882268	-0.12225984656635208	208
full_step	79.7384229039148	0.04999999999999716	6	20	7	3.3333333333333335	81618815180.52	202220378.15861824	0.11189323817882268	-0.12225984656635208	208
full_step	79.7384229039148	0.02499999999999858	5	11	5	2.2	81618815180.52	76741580.07184303	0.11189323817882268	-0.12225984656635208	208
full_step	79.7384229039148	0.01249999999999929	5	9	4	1.8	81618815180.52	39078038.87190426	0.11189323817882268	-0.12225984656635208	208
half_step_1	79.7384229039148	0.006249999999999645	3	6	4	2	81618815180.52	21739087.568247143	0.11189323817882268	-0.12225984656635208	208
half_step_2	79.74467290391479	0.006249999999999645	9	17	4	1.8888888888888888	81618815180.52	24165437.594728637	0.10559223631719306	-0.12351124159267124	217
full_step	79.7509229039148	0.06249999999999645	10	25	7	2.5	81618815180.52	295122456.2500643	0.10444304165019958	-0.12533845590190063	224
full_step	79.7509229039148	0.031249999999998224	12	46	7	3.8333333333333335	81618815180.52	85354820.2240365	0.10444304165019958	-0.12533845590190063	224
half_step_1	79.7509229039148	0.015624999999999112	18	64	9	3.5555555555555554	81618815180.52	67735385.58489504	0.10444304165019958	-0.12533845590190063	224
half_step_2	79.7665479039148	0.015624999999999112	6	21	6	3.5	81618815180.52	54748234.70496379	0.10778632536494115	-0.1226951986521372	215
full_step	79.7821729039148	0.06825804228097346	19	58	12	3.0526315789473686	81618815180.52	118522639.93433295	1.8785002210460107	0.21632902266338622	575
half_step_1	79.7821729039148	0.03412902114048673	20	65	10	3.25	81618815180.52	67059790.588477135	1.8785002210460107	0.21632902266338622	575
half_step_2	79.81630192505528	0.03412902114048673	9	25	7	2.7777777777777777	81618815180.52	26085729.718727585	1.0585153437790638	0.008452113304390033	392
full_step	79.85043094619577	0.09999999999999432	14	32	11	2.2857142857142856	81618815180.52	385590124.9692401	1.2111943554666595	0.04719788086918613	412
full_step	79.85043094619577	0.04999999999999716	10	35	10	3.5	81618815180.52	34345629.29924204	1.2111943554666595	0.04719788086918613	412
half_step_1	79.85043094619577	0.02499999999999858	14	29	9	2.0714285714285716	81618815180.52	76781746.12294517	1.2111943554666595	0.04719788086918613	412
half_step_2	79.87543094619576	0.02499999999999858	7	4	4	0.5714285714285714	81618815180.52	81611234.8043879	0.802349168858143	-0.0037359691990325734	294
full_step	79.85043094619577	0.040878446433098015	22	69	9	3.1363636363636362	81618815180.52	136173124.8306908	1.2111943554666595	0.04719788086918613	412
half_step_1	79.85043094619577	0.020439223216549007	17	58	9	3.411764705882353	81618815180.52	89192311.02124956	1.2111943554666595	0.04719788086918613	412
half_step_2	79.87087016941233	0.020439223216549007	8	18	7	2.25	81618815180.52	71380434.08917142	0.863024534458873	0.012055664232307223	305
full_step	79.89130939262887	0.0988498818093615	23	58	8	2.5217391304347827	81618815180.52	246751984.79898492	0.43575743524380073	-0.10682370550534782	294
full_step	79.89130939262887	0.04942494090468075	18	59	9	3.2777777777777777	81618815180.52	114191600.0269759	0.43575743524380073	-0.10682370550534782	294
full_step	79.89130939262887	0.024712470452340374	18	44	9	2.4444444444444446	81618815180.52	37936950.24989214	0.43575743524380073	-0.10682370550534782	294
half_step_1	79.89130939262887	0.012356235226170187	12	37	10	3.0833333333333335	81618815180.52	22707788.09480859	0.43575743524380073	-0.10682370550534782	294
half_step_2	79.90366562785503	0.012356235226170187	5	15	9	3	81618815180.52	45899843.35200831	0.13632468064707837	-0.1265474625208295	252
full_step	79.91602186308121	0.09999999999999432	14	63	10	4.5	81618815180.52	84972151.07545818	0.9742634844037212	-0.07439950118104352	356
half_step_1	79.91602186308121	0.04999999999999716	14	48	10	3.4285714285714284	81618815180.52	18452969.746388216	0.9742634844037212	-0.07439950118104352	356
half_step_2	79.96602186308121	0.04999999999999716	6	3	3	0.5	81618815180.52	119780397.12386288	0.4737369505486413	-0.09118690888846846	335
full_step	80.0160218630812	0.09999999999999432	5	15	7	3	81618815180.52	453168814.6638144	0.45860462636338184	-0.0919060956808868	223
full_step	80.0160218630812	0.04999999999999716	7	31	7	4.428571428571429	81618815180.52	189169789.7280765	0.45860462636338184	-0.0919060956808868	223
full_step	80.0160218630812	0.02499999999999858	7	20	7	2.857142857142857	81618815180.52	83830357.16280831	0.45860462636338184	-0.0919060956808868	223
full_step	80.0160218630812	0.01249999999999929	7	18	6	2.5714285714285716	81618815180.52	42724672.945614316	0.45860462636338184	-0.0919060956808868	223
half_step_1	80.0160218630812	0.006249999999999645	5	14	7	2.8	81618815180.52	36119576.35677306	0.45860462636338184	-0.0919060956808868	223
half_step_2	80.0222718630812	0.006249999999999645	16	51	10	3.1875	81618815180.52	15606386.18872161	0.31987692636079146	-0.11318072653296535	297
full_step	80.02852186308121	0.06249999999999645	8	32	8	4	81618815180.52	128977052.11400586	0.22719868013203381	-0.12610541115017757	288
half_step_1	80.02852186308121	0.031249999999998224	14	42	7	3	81618815180.52	105524584.90003817	0.22719868013203381	-0.12610541115017757	288
half_step_2	80.05977186308121	0.031249999999998224	11	41	12	3.727272727272727	81618815180.52	37731260.80286295	0.31506783829573237	-0.10437382282635217	285
full_step	80.02852186308121	0.031249999999998224	7	28	7	4	81618815180.52	148813212.60595328	0.22719868013203381	-0.12610541115017757	288
half_step_1	80.02852186308121	0.015624999999999112	9	22	8	2.4444444444444446	81618815180.52	52699835.95134873	0.22719868013203381	-0.12610541115017757	288
half_step_2	80.04414686308121	0.015624999999999112	3	0	0	0	81618815180.52	54551702.90759652	0.12844839851277357	-0.12609678153972892	211
full_step	80.05977186308121	0.07886378192021891	9	52	13	5.777777777777778	81618815180.52	6852315.812410232	1.374529072176287	0.14961280773497407	473
half_step_1	80.05977186308121	0.039431890960109454	17	56	10	3.2941176470588234	81618815180.52	30437608.02513366	1.374529072176287	0.14961280773497407	473
half_step_2	80.09920375404131	0.039431890960109454	12	16	6	1.3333333333333333	81618815180.52	147543726.60783646	0.606527285644006	-0.05736454158283601	378
full_step	80.05977186308121	0.039431890960109454	15	38	11	2.533333333333333	81618815180.52	30439515.33228449	1.374529072176287	0.14961280773497407	473
half_step_1	80.05977186308121	0.019715945480054727	9	38	10	4.222222222222222	81618815180.52	81615225.95672266	1.374529072176287	0.14961280773497407	473
half_step_2	80.07948780856127	0.019715945480054727	10	26	8	2.6	81618815180.52	67654189.94779412	0.8406369206399376	0.03643940267165247	406
full_step	80.09920375404131	0.09999999999999432	15	44	7	2.933333333333333	81618815180.52	193137861.96067703	0.1741931045883689	-0.12243251103902748	347
full_step	80.09920375404131	0.04999999999999716	14	53	9	3.7857142857142856	81618815180.52	72711328.18804453	0.1741931045883689	-0.12243251103902748	347
half_step_1	80.09920375404131	0.02499999999999858	12	18	7	1.5	81618815180.52	75835842.30820023	0.1741931045883689	-0.12243251103902748	347
half_step_2	80.1242037540413	0.02499999999999858	3	2	2	0.6666666666666666	81618815180.52	74523930.51024699	0.1966629660231547	-0.12688425179195761	218
full_step	80.09920375404131	0.02499999999999858	19	60	10	3.1578947368421053	81618815180.52	75816338.62147821	0.1741931045883689	-0.12243251103902748	347
half_step_1	80.09920375404131	0.01249999999999929	10	30	7	3	81618815180.52	34649372.31932869	0.1741931045883689	-0.12243251103902748	347
half_step_2	80.11170375404132	0.01249999999999929	5	17	10	3.4	81618815180.52	38103751.537435144	0.11317590776152997	-0.13410098263810746	272
full_step	80.1242037540413	0.09999999999999432	12	40	9	3.3333333333333335	81618815180.52	354658089.7553761	0.11098314815106392	-0.13866667840247837	256
full_step	80.1242037540413	0.04999999999999716	8	18	6	2.25	81618815180.52	262020902.63712388	0.11098314815106392	-0.13866667840247837	256
full_step	80.1242037540413	0.02499999999999858	5	15	7	3	81618815180.52	97962995.26088154	0.11098314815106392	-0.13866667840247837	256
half_step_1	80.1242037540413	0.01249999999999929	7	14	7	2	81618815180.52	42182050.00051867	0.11098314815106392	-0.13866667840247837	256
half_step_2	80.1367037540413	0.01249999999999929	13	9	5	0.6923076923076923	81618815180.52	14215264.5133604	0.2491869102101063	-0.11758143327392605	300
full_step	80.14920375404131	0.06575756661354698	10	51	10	5.1	81618815180.52	20105066.228116047	0.8360791693624918	-0.006931461174679795	430
half_step_1	80.14920375404131	0.03287878330677349	15	38	10	2.533333333333333	81618815180.52	36817016.0958645	0.8360791693624918	-0.006931461174679795	430
half_step_2	80.18208253734808	0.03287878330677349	11	47	10	4.2727272727272725	81618815180.52	113857791.78654464	0.2977205499007596	-0.1258155526755627	241
full_step	80.14920375404131	0.03287878330677349	7	24	9	3.4285714285714284	81618815180.52	21967552.812688872	0.8360791693624918	-0.006931461174679795	430
half_step_1	80.14920375404131	0.016439391653386745	5	8	5	1.6	81618815180.52	30097852.24113237	0.8360791693624918	-0.006931461174679795	430
half_step_2	80.1656431456947	0.016439391653386745	6	28	11	4.666666666666667	81618815180.52	60944689.51684863	0.40379433687360944	-0.07367694857011393	348
full_step	80.18208253734808	0.06845736575285064	8	38	10	4.75	81618815180.52	112502865.3060871	0.11139476524198244	-0.13047243377599935	232
half_step_1	80.18208253734808	0.03422868287642532	14	35	9	2.5	81618815180.52	135050352.40439758	0.11139476524198244	-0.13047243377599935	232
full_step	80.18208253734808	0.03422868287642532	16	45	9	2.8125	81618815180.52	135056336.20778915	0.11139476524198244	-0.13047243377599935	232
full_step	80.18208253734808	0.01711434143821266	18	48	12	2.6666666666666665	81618815180.52	57445808.07119524	0.11139476524198244	-0.13047243377599935	232
half_step_1	80.18208253734808	0.00855717071910633	11	39	9	3.5454545454545454	81618815180.52	28280956.04347446	0.11139476524198244	-0.13047243377599935	232
half_step_2	80.19063970806718	0.00855717071910633	3	0	0	0	81618815180.52	27501995.877664387	0.11224032892081937	-0.12966386250720033	216
full_step	80.1991968787863	0.0855717071910633	11	26	7	2.3636363636363638	81618815180.52	279310694.48888993	0.11707558071753255	-0.1256729839211343	215
full_step	80.1991968787863	0.04278585359553165	9	21	7	2.3333333333333335	81618815180.52	152464917.741719	0.11707558071753255	-0.1256729839211343	215
half_step_1	80.1991968787863	0.021392926797765825	8	12	7	1.5	81618815180.52	68396624.25534643	0.11707558071753255	-0.1256729839211343	215
half_step_2	80.22058980558405	0.021392926797765825	5	15	6	3	81618815180.52	63020096.33442745	0.1418651787632541	-0.1305796040914778	244
full_step	80.24198273238183	0.0914242750057989	12	56	12	4.666666666666667	81618815180.52	779996.8462062371	0.8423438963932881	-0.021271544049103305	326
half_step_1	80.24198273238183	0.04571213750289945	13	52	10	4	81618815180.52	5130716.7358102305	0.8423438963932881	-0.021271544049103305	326
half_step_2	80.28769486988473	0.04571213750289945	5	0	0	0	81618815180.52	19678680.59893829	0.45949258526363224	-0.08692700096032152	294
full_step	80.33340700738762	0.09999999999999432	8	27	7	3.375	81618815180.52	17175237.749730587	0.46397075656599895	-0.11035332419172872	288
half_step_1	80.33340700738762	0.04999999999999716	7	21	8	3	81618815180.52	15046281.105967667	0.46397075656599895	-0.11035332419172872	288
half_step_2	80.38340700738762	0.04999999999999716	5	22	9	4.4	81618815180.52	19065158.32938102	0.55506025899669	-0.10605033626570103	290
full_step	80.43340700738761	0.09999999999999432	7	24	7	3.4285714285714284	81618815180.52	163380446.80502704	0.5493598650400031	-0.11152037402888015	284
full_step	80.43340700738761	0.04999999999999716	7	25	9	3.5714285714285716	81618815180.52	19692310.366927005	0.5493598650400031	-0.11152037402888015	284
half_step_1	80.43340700738761	0.02499999999999858	7	19	6	2.7142857142857144	81618815180.52	46017058.151633374	0.5493598650400031	-0.11152037402888015	284
half_step_2	80.45840700738762	0.02499999999999858	6	19	7	3.1666666666666665	81618815180.52	70229590.90270711	0.3153834939967055	-0.13087807599174292	264
full_step	80.48340700738761	0.09999999999999432	8	37	8	4.625	81618815180.52	131661652.91913624	0.2451674071705554	-0.13085944480375053	261
half_step_1	80.48340700738761	0.04999999999999716	6	25	8	4.166666666666667	81618815180.52	1656781.3987875788	0.2451674071705554	-0.13085944480375053	261
half_step_2	80.53340700738761	0.04999999999999716	5	3	3	0.6	81618815180.52	7014351.524639479	0.552544180415282	-0.10434910077367522	275
full_step	80.5834070073876	0.09999999999999432	8	43	8	5.375	81618815180.52	69104183.53429082	0.5003549119550144	-0.10689247653792903	262
half_step_1	80.5834070073876	0.04999999999999716	6	23	10	3.8333333333333335	81618815180.52	17099139.544759054	0.5003549119550144	-0.10689247653792903	262
half_step_2	80.6334070073876	0.04999999999999716	6	7	4	1.1666666666666667	81618815180.52	54095309.97443478	0.48235102128140284	-0.11106447255844247	259
full_step	80.6834070073876	0.09999999999999432	4	26	7	6.5	81618815180.52	1148010.5288231715	0.43145477903254914	-0.10478737154619785	281
full_step	80.6834070073876	0.04999999999999716	7	31	7	4.428571428571429	81618815180.52	4680835.895452432	0.43145477903254914	-0.10478737154619785	281
half_step_1	80.6834070073876	0.02499999999999858	8	27	6	3.375	81618815180.52	68672878.09670554	0.43145477903254914	-0.10478737154619785	281
half_step_2	80.70840700738759	0.02499999999999858	7	18	8	2.5714285714285716	81618815180.52	4955244.757111372	0.38225103506408686	-0.12182695553596208	272
full_step	80.7334070073876	0.09999999999999432	6	28	8	4.666666666666667	81618815180.52	46743921.624932155	0.371320062996773	-0.12524584099680822	273
full_step	80.7334070073876	0.04999999999999716	8	23	7	2.875	81618815180.52	3250145.158724726	0.371320062996773	-0.12524584099680822	273
half_step_1	80.7334070073876	0.02499999999999858	7	21	5	3	81618815180.52	23583360.217665017	0.371320062996773	-0.12524584099680822	273
half_step_2	80.7584070073876	0.02499999999999858	9	23	7	2.5555555555555554	81618815180.52	11023482.599761523	0.3787285702867962	-0.11548010844756958	296
full_step	80.7834070073876	0.09999999999999432	10	33	8	3.3	81618815180.52	1504386.1489264045	0.4054782973722695	-0.11686437829061877	291
full_step	80.7834070073876	0.04999999999999716	7	20	9	2.857142857142857	81618815180.52	1930774.1309158679	0.4054782973722695	-0.11686437829061877	291
half_step_1	80.7834070073876	0.02499999999999858	6	9	5	1.5	81618815180.52	57072040.31151074	0.4054782973722695	-0.11686437829061877	291
half_step_2	80.80840700738759	0.02499999999999858	12	31	9	2.5833333333333335	81618815180.52	78672935.9107674	0.42631394241095677	-0.11357836155511991	296
full_step	80.83340700738759	0.09999999999999432	8	32	9	4	81618815180.52	34395502.5332976	0.4458150160599814	-0.11704582139376703	286
full_step	80.83340700738759	0.04999999999999716	7	19	6	2.7142857142857144	81618815180.52	15487795.291016012	0.4458150160599814	-0.11704582139376703	286
half_step_1	80.83340700738759	0.02499999999999858	6	22	8	3.6666666666666665	81618815180.52	18993156.616619725	0.4458150160599814	-0.11704582139376703	286
half_step_2	80.8584070073876	0.02499999999999858	10	31	8	3.1	81618815180.52	5015384.082913014	0.4339945441155919	-0.11175907692704777	292
full_step	80.88340700738759	0.09999999999999432	8	36	9	4.5	81618815180.52	4080886.7867831984	0.4345208180990596	-0.1188961308045554	290
full_step	80.88340700738759	0.04999999999999716	8	30	9	3.75	81618815180.52	96822505.14523663	0.4345208180990596	-0.1188961308045554	290
half_step_1	80.88340700738759	0.02499999999999858	10	40	6	4	81618815180.52	120008149.19557102	0.4345208180990596	-0.1188961308045554	290
half_step_2	80.90840700738758	0.02499999999999858	5	4	4	0.8	81618815180.52	1568439.0634535444	0.40564436546000593	-0.11703990746806406	293
full_step	80.93340700738759	0.09999999999999432	7	31	11	4.428571428571429	81618815180.52	7628205.293653803	0.39356131052386445	-0.12427869355388249	290
full_step	80.93340700738759	0.04999999999999716	7	25	6	3.5714285714285716	81618815180.52	159226052.1732446	0.39356131052386445	-0.12427869355388249	290
half_step_1	80.93340700738759	0.02499999999999858	5	13	6	2.6	81618815180.52	9801772.1472331	0.39356131052386445	-0.12427869355388249	290
half_step_2	80.95840700738759	0.02499999999999858	10	22	6	2.2	81618815180.52	45749951.66023689	0.3597878886923809	-0.12077631392800832	280
full_step	80.98340700738758	0.09999999999999432	7	29	9	4.142857142857143	81618815180.52	2601185.1170938066	0.34299075047428573	-0.11775735868757001	282
half_step_1	80.98340700738758	0.04999999999999716	7	24	7	3.4285714285714284	81618815180.52	8132276.8374000415	0.34299075047428573	-0.11775735868757001	282
half_step_2	81.03340700738758	0.04999999999999716	5	4	4	0.8	81618815180.52	8291477.735626123	0.6506789659501351	-0.09980639952798243	305
full_step	81.08340700738758	0.09999999999999432	7	27	9	3.857142857142857	81618815180.52	225112941.03322157	0.715036280768544	-0.09037795569606856	293
half_step_1	81.08340700738758	0.04999999999999716	5	17	7	3.4	81618815180.52	10993454.117368499	0.715036280768544	-0.09037795569606856	293
half_step_2	81.13340700738758	0.04999999999999716	7	10	7	1.4285714285714286	81618815180.52	9122081.747261671	0.6519401112317098	-0.09649024994087707	306
full_step	81.18340700738757	0.09999999999999432	6	24	7	4	81618815180.52	20638477.266521566	0.6853303971943703	-0.08986525067198427	298
full_step	81.18340700738757	0.04999999999999716	7	19	6	2.7142857142857144	81618815180.52	1698257.7878231828	0.6853303971943703	-0.08986525067198427	298
half_step_1	81.18340700738757	0.02499999999999858	7	11	7	1.5714285714285714	81618815180.52	1606635.5919572404	0.6853303971943703	-0.08986525067198427	298
half_step_2	81.20840700738756	0.02499999999999858	12	38	6	3.1666666666666665	81618815180.52	1616707.0556546415	0.5648110980511944	-0.10225842295851915	296
full_step	81.23340700738757	0.09999999999999432	6	27	8	4.5	81618815180.52	127423114.2806444	0.4895231297797409	-0.1111071128824209	283
full_step	81.23340700738757	0.04999999999999716	7	19	6	2.7142857142857144	81618815180.52	120542573.51919273	0.4895231297797409	-0.1111071128824209	283
half_step_1	81.23340700738757	0.02499999999999858	3	6	3	2	81618815180.52	67315301.85168988	0.4895231297797409	-0.1111071128824209	283
half_step_2	81.25840700738758	0.02499999999999858	7	22	7	3.142857142857143	81618815180.52	71828055.2722607	0.4279891953690118	-0.11620210282854133	290
full_step	81.28340700738757	0.09999999999999432	8	38	9	4.75	81618815180.52	35286902.017132156	0.39738221261627515	-0.11406379053578877	285
half_step_1	81.28340700738757	0.04999999999999716	6	26	7	4.333333333333333	81618815180.52	122037918.64457247	0.39738221261627515	-0.11406379053578877	285
half_step_2	81.33340700738756	0.04999999999999716	6	8	8	1.3333333333333333	81618815180.52	63290552.388650134	0.6023324477313388	-0.08794539036157492	300
full_step	81.38340700738756	0.09999999999999432	7	25	8	3.5714285714285716	81618815180.52	22002046.610129226	0.7315525632353328	-0.10202265692834903	318
full_step	81.38340700738756	0.04999999999999716	6	22	7	3.6666666666666665	81618815180.52	16170644.755027838	0.7315525632353328	-0.10202265692834903	318
half_step_1	81.38340700738756	0.02499999999999858	5	10	6	2	81618815180.52	11832094.532015571	0.7315525632353328	-0.10202265692834903	318
half_step_2	81.40840700738755	0.02499999999999858	11	35	10	3.1818181818181817	81618815180.52	14729546.350915512	0.5893502514230065	-0.11379759218828016	293
full_step	81.43340700738756	0.09999999999999432	3	21	9	7	81618815180.52	581030.0507559305	0.4520214572200345	-0.11866336648173455	284
full_step	81.43340700738756	0.04999999999999716	6	21	6	3.5	81618815180.52	29463983.872687437	0.4520214572200345	-0.11866336648173455	284
half_step_1	81.43340700738756	0.02499999999999858	6	19	5	3.1666666666666665	81618815180.52	83518290.48644838	0.4520214572200345	-0.11866336648173455	284
half_step_2	81.45840700738756	0.02499999999999858	7	26	10	3.7142857142857144	81618815180.52	19690760.292033486	0.3613196919878803	-0.11916289417024438	292
full_step	81.48340700738756	0.09999999999999432	6	16	7	2.6666666666666665	81618815180.52	2968282.7216622042	0.3313152699869164	-0.1211026385068094	284
half_step_1	81.48340700738756	0.04999999999999716	6	22	6	3.6666666666666665	81618815180.52	5369300.917188293	0.3313152699869164	-0.1211026385068094	284
half_step_2	81.53340700738755	0.04999999999999716	5	7	4	1.4	81618815180.52	13073022.078169608	0.5464750503305709	-0.09758849120334755	296
full_step	81.58340700738755	0.09999999999999432	7	47	14	6.714285714285714	81618815180.52	62950466.964139946	0.5434006695185829	-0.110826217783726	295
full_step	81.58340700738755	0.04999999999999716	6	18	7	3	81618815180.52	13536454.865352273	0.5434006695185829	-0.110826217783726	295
half_step_1	81.58340700738755	0.02499999999999858	8	28	6	3.5	81618815180.52	3083429.4668182055	0.5434006695185829	-0.110826217783726	295
half_step_2	81.60840700738754	0.02499999999999858	10	20	6	2	81618815180.52	65938617.47763919	0.4242751204523145	-0.11556035783346796	286
full_step	81.63340700738755	0.09999999999999432	7	27	8	3.857142857142857	81618815180.52	1868912.060067393	0.37424453394338997	-0.12098610043573221	290
half_step_1	81.63340700738755	0.04999999999999716	5	18	6	3.6	81618815180.52	64133362.20340936	0.37424453394338997	-0.12098610043573221	290
half_step_2	81.68340700738754	0.04999999999999716	10	25	8	2.5	81618815180.52	115485366.80899224	0.5374090829643308	-0.10047633379819808	306
full_step	81.73340700738754	0.09999999999999432	7	23	8	3.2857142857142856	81618815180.52	9767407.355681466	0.642778725155825	-0.10287144632843155	315
half_step_1	81.73340700738754	0.04999999999999716	5	17	7	3.4	81618815180.52	16961422.607287385	0.642778725155825	-0.10287144632843155	315
half_step_2	81.78340700738754	0.04999999999999716	6	3	3	0.5	81618815180.52	2262788.105345219	0.6717713348990841	-0.09082931404473989	315
full_step	81.83340700738754	0.09999999999999432	8	44	7	5.5	81618815180.52	90946823.44566593	0.715283969041014	-0.08757797866816734	333
half_step_1	81.83340700738754	0.04999999999999716	7	29	7	4.142857142857143	81618815180.52	39825366.51117762	0.715283969041014	-0.08757797866816734	333
half_step_2	81.88340700738753	0.04999999999999716	5	6	3	1.2	81618815180.52	6546628.99882326	0.6373946909771036	-0.09336140419690658	305
full_step	81.93340700738753	0.09999999999999432	6	30	8	5	81618815180.52	190704840.7461617	0.7200006065113769	-0.09356898077581775	303
half_step_1	81.93340700738753	0.04999999999999716	3	19	7	6.333333333333333	81618815180.52	4096647.404066753	0.7200006065113769	-0.09356898077581775	303
half_step_2	81.98340700738753	0.04999999999999716	9	40	14	4.444444444444445	81618815180.52	8653429.862288997	0.987452158964345	-0.06947204790008367	319
full_step	82.03340700738752	0.09999999999999432	6	22	8	3.6666666666666665	81618815180.52	2779150.11342255	0.6464874656880681	-0.08888754215319979	326
half_step_1	82.03340700738752	0.04999999999999716	6	30	7	5	81618815180.52	62164201.42011598	0.6464874656880681	-0.08888754215319979	326
half_step_2	82.08340700738752	0.04999999999999716	4	14	14	3.5	81618815180.52	7429626.410645006	0.5030169505151889	-0.10970188190458521	319
full_step	82.13340700738752	0.09999999999999432	7	24	6	3.4285714285714284	81618815180.52	5665662.449109349	0.7241653915550899	-0.10279169854671402	331
half_step_1	82.13340700738752	0.04999999999999716	6	26	8	4.333333333333333	81618815180.52	14557089.754410421	0.7241653915550899	-0.10279169854671402	331
half_step_2	82.18340700738752	0.04999999999999716	7	17	9	2.4285714285714284	81618815180.52	1124097.2474642252	0.5301477534164007	-0.11005701366647132	303
full_step	82.23340700738751	0.09999999999999432	8	33	9	4.125	81618815180.52	65170347.07462152	0.7551652206022084	-0.1091643824798248	316
half_step_1	82.23340700738751	0.04999999999999716	7	29	10	4.142857142857143	81618815180.52	1113534.6624602927	0.7551652206022084	-0.1091643824798248	316
half_step_2	82.28340700738751	0.04999999999999716	8	23	8	2.875	81618815180.52	15531531.431467712	0.6122844588313967	-0.10170471255319972	314
full_step	82.3334070073875	0.09999999999999432	8	30	9	3.75	81618815180.52	7400038.656126266	0.5125443580886326	-0.11306462117475954	313
half_step_1	82.3334070073875	0.04999999999999716	6	29	8	4.833333333333333	81618815180.52	4665921.764321653	0.5125443580886326	-0.11306462117475954	313
half_step_2	82.3834070073875	0.04999999999999716	4	3	3	0.75	81618815180.52	5379706.883626279	0.6467346243343286	-0.10357443867549225	313
full_step	82.4334070073875	0.09999999999999432	6	19	8	3.1666666666666665	81618815180.52	3161344.6381473797	0.5447549447276572	-0.10623569126161664	297
half_step_1	82.4334070073875	0.04999999999999716	5	15	7	3	81618815180.52	4781549.124688321	0.5447549447276572	-0.10623569126161664	297
half_step_2	82.4834070073875	0.04999999999999716	8	19	6	2.375	81618815180.52	7354659.680148974	0.7220827398431311	-0.11087284230994568	307
full_step	82.5334070073875	0.09999999999999432	7	37	9	5.285714285714286	81618815180.52	27993723.73394749	0.7695161308843979	-0.10291489094145663	312
half_step_1	82.5334070073875	0.04999999999999716	5	19	6	3.8	81618815180.52	69439556.59229602	0.7695161308843979	-0.10291489094145663	312
half_step_2	82.58340700738749	0.04999999999999716	9	23	9	2.5555555555555554	81618815180.52	11004636.929294817	0.7425333899789734	-0.09948081498705037	315
full_step	82.63340700738749	0.09999999999999432	7	30	10	4.285714285714286	81618815180.52	22808208.719395623	0.7528070679368284	-0.10849513893426496	314
half_step_1	82.63340700738749	0.04999999999999716	6	30	8	5	81618815180.52	130268878.3313378	0.7528070679368284	-0.10849513893426496	314
half_step_2	82.68340700738749	0.04999999999999716	7	21	11	3	81618815180.52	7894519.1220219685	0.8869879607150608	-0.11606121280902369	314
full_step	82.73340700738748	0.09999999999999432	6	24	10	4	81618815180.52	2231484.9037675164	0.9097933518021932	-0.09308515894979272	315
half_step_1	82.73340700738748	0.04999999999999716	5	13	7	2.6	81618815180.52	10188283.679937242	0.9097933518021932	-0.09308515894979272	315
half_step_2	82.78340700738748	0.04999999999999716	8	22	9	2.75	81618815180.52	4982102.914855776	0.8389156539431895	-0.1137479406737154	319
full_step	82.83340700738748	0.09999999999999432	7	31	10	4.428571428571429	81618815180.52	127430668.26705943	0.9061007837829891	-0.10047253410168538	309
half_step_1	82.83340700738748	0.04999999999999716	5	17	7	3.4	81618815180.52	3895565.573594981	0.9061007837829891	-0.10047253410168538	309
half_step_2	82.88340700738748	0.04999999999999716	6	15	7	2.5	81618815180.52	9823155.263418635	0.8543796678565911	-0.11414805784002717	307
full_step	82.93340700738747	0.09999999999999432	7	29	8	4.142857142857143	81618815180.52	7710103.241618574	0.8940807677955434	-0.0988527487081128	317
half_step_1	82.93340700738747	0.04999999999999716	5	24	7	4.8	81618815180.52	1871852.406166403	0.8940807677955434	-0.0988527487081128	317
half_step_2	82.98340700738747	0.04999999999999716	4	8	4	2	81618815180.52	6243975.501995244	0.8281130658556606	-0.10155110064226927	304
full_step	83.03340700738747	0.09999999999999432	7	35	11	5	81618815180.52	159007563.5887801	0.7686629618463598	-0.09821368212270604	324
half_step_1	83.03340700738747	0.04999999999999716	5	18	7	3.6	81618815180.52	1914452.5152361277	0.7686629618463598	-0.09821368212270604	324
half_step_2	83.08340700738746	0.04999999999999716	5	16	4	3.2	81618815180.52	8954561.415343111	0.7641521314301372	-0.10968986117014937	301
full_step	83.13340700738746	0.09999999999999432	6	23	7	3.8333333333333335	81618815180.52	49180549.19834447	0.8598754383980634	-0.09529993883707971	313
half_step_1	83.13340700738746	0.04999999999999716	4	14	6	3.5	81618815180.52	44568292.82947377	0.8598754383980634	-0.09529993883707971	313
half_step_2	83.18340700738746	0.04999999999999716	5	15	5	3	81618815180.52	52056136.462365665	0.8341005907955719	-0.10978717925225348	301
full_step	83.23340700738746	0.09999999999999432	7	21	6	3	81618815180.52	5831447.534908344	0.8916049830600059	-0.0933096902916379	309
half_step_1	83.23340700738746	0.04999999999999716	5	16	7	3.2	81618815180.52	7661180.120084845	0.8916049830600059	-0.0933096902916379	309
half_step_2	83.28340700738745	0.04999999999999716	9	29	14	3.2222222222222223	81618815180.52	46809839.80982533	0.8426485354873705	-0.11085661315562693	313
full_step	83.33340700738745	0.09999999999999432	6	17	7	2.8333333333333335	81618815180.52	2794561.9655848523	0.9125007669468914	-0.09834370677010917	320
half_step_1	83.33340700738745	0.04999999999999716	4	14	7	3.5	81618815180.52	1816272.8995672176	0.9125007669468914	-0.09834370677010917	320
half_step_2	83.38340700738745	0.04999999999999716	7	21	13	3	81618815180.52	1621607.8900552383	0.8622461402103454	-0.09440117851659874	313
full_step	83.43340700738744	0.09999999999999432	5	21	7	4.2	81618815180.52	121127843.90798979	0.8830162599328446	-0.10880550972384861	310
full_step	83.43340700738744	0.04999999999999716	8	25	6	3.125	81618815180.52	15909775.27345964	0.8830162599328446	-0.10880550972384861	310
half_step_1	83.43340700738744	0.02499999999999858	6	19	7	3.1666666666666665	81618815180.52	16600830.977648458	0.8830162599328446	-0.10880550972384861	310
half_step_2	83.45840700738745	0.02499999999999858	5	15	5	3	81618815180.52	15375754.898031399	0.5741581578983244	-0.11805839952320639	302
full_step	83.48340700738744	0.09999999999999432	9	41	8	4.555555555555555	81618815180.52	5081457.848711443	0.4005051351804525	-0.12165970721933346	305
half_step_1	83.48340700738744	0.04999999999999716	6	25	6	4.166666666666667	81618815180.52	40865472.91978224	0.4005051351804525	-0.12165970721933346	305
half_step_2	83.53340700738744	0.04999999999999716	5	10	7	2	81618815180.52	26016642.79328846	0.7712279421969299	-0.105265415409272	316
full_step	83.58340700738744	0.09999999999999432	6	28	8	4.666666666666667	81618815180.52	170334727.2866513	0.8027328573259922	-0.11306643188677672	312
full_step	83.58340700738744	0.04999999999999716	11	51	12	4.636363636363637	81618815180.52	4675105.99840282	0.8027328573259922	-0.11306643188677672	312
half_step_1	83.58340700738744	0.02499999999999858	7	30	9	4.285714285714286	81618815180.52	17223054.54816476	0.8027328573259922	-0.11306643188677672	312
half_step_2	83.60840700738743	0.02499999999999858	6	7	4	1.1666666666666667	81618815180.52	17501160.61546009	0.5301632197375454	-0.12000008560514185	299
full_step	83.63340700738743	0.09999999999999432	7	26	7	3.7142857142857144	81618815180.52	3597499.853822836	0.3851977446888668	-0.1286227745427701	301
half_step_1	83.63340700738743	0.04999999999999716	6	28	6	4.666666666666667	81618815180.52	13738469.212923937	0.3851977446888668	-0.1286227745427701	301
half_step_2	83.68340700738743	0.04999999999999716	10	29	9	2.9	81618815180.52	17184024.06779722	0.777467817723192	-0.10505556332312876	313
full_step	83.73340700738743	0.09999999999999432	6	23	9	3.8333333333333335	81618815180.52	5511118.663109689	0.8037304420089697	-0.10453152982851764	324
full_step	83.73340700738743	0.04999999999999716	9	31	7	3.4444444444444446	81618815180.52	19122168.378897876	0.8037304420089697	-0.10453152982851764	324
half_step_1	83.73340700738743	0.02499999999999858	6	14	6	2.3333333333333335	81618815180.52	22219747.316625714	0.8037304420089697	-0.10453152982851764	324
half_step_2	83.75840700738743	0.02499999999999858	4	3	3	0.75	81618815180.52	19267255.030001417	0.533825630619873	-0.12394911012138389	308
full_step	83.78340700738742	0.09999999999999432	7	31	8	4.428571428571429	81618815180.52	43253161.296781875	0.39289627143480743	-0.12643873079630477	299
half_step_1	83.78340700738742	0.04999999999999716	7	30	7	4.285714285714286	81618815180.52	110100828.83973159	0.39289627143480743	-0.12643873079630477	299
half_step_2	83.83340700738742	0.04999999999999716	5	6	3	1.2	81618815180.52	24418664.62882463	0.8024538349541785	-0.10679168705374571	314
full_step	83.88340700738742	0.09999999999999432	7	29	8	4.142857142857143	81618815180.52	868292.509194921	0.8140739471543554	-0.09998267976975184	322
full_step	83.88340700738742	0.04999999999999716	9	44	7	4.888888888888889	81618815180.52	8287656.447698095	0.8140739471543554	-0.09998267976975184	322
half_step_1	83.88340700738742	0.02499999999999858	6	17	5	2.8333333333333335	81618815180.52	23384329.700249977	0.8140739471543554	-0.09998267976975184	322
half_step_2	83.90840700738741	0.02499999999999858	5	19	9	3.8	81618815180.52	14021545.921599803	0.5368684942794744	-0.1219794986316407	331
full_step	83.93340700738742	0.09999999999999432	7	35	10	5	81618815180.52	1977001.0741522983	0.3932539233919954	-0.12180159163207695	311
half_step_1	83.93340700738742	0.04999999999999716	7	35	7	5	81618815180.52	3108857.2846410773	0.3932539233919954	-0.12180159163207695	311
half_step_2	83.98340700738741	0.04999999999999716	5	8	5	1.6	81618815180.52	39716354.80045304	0.7934891357072047	-0.0999372273399876	335
full_step	84.03340700738741	0.09999999999999432	7	32	8	4.571428571428571	81618815180.52	3730333.6977296816	0.8014154157682469	-0.1081728868467461	310
half_step_1	84.03340700738741	0.04999999999999716	5	21	7	4.2	81618815180.52	10594888.299922666	0.8014154157682469	-0.1081728868467461	310
half_step_2	84.08340700738741	0.04999999999999716	4	6	3	1.5	81618815180.52	9030024.484247008	0.7971698681222108	-0.102433503029611	282
full_step	84.1334070073874	0.09999999999999432	8	27	7	3.375	81618815180.52	10709116.320857473	0.8113271548713783	-0.09996383161338797	300
half_step_1	84.1334070073874	0.04999999999999716	6	19	7	3.1666666666666665	81618815180.52	9295647.900526412	0.8113271548713783	-0.09996383161338797	300
half_step_2	84.1834070073874	0.04999999999999716	3	3	3	1	81618815180.52	67734246.85841769	0.5742982118674149	-0.10927164452566836	312
full_step	84.2334070073874	0.09999999999999432	6	22	7	3.6666666666666665	81618815180.52	4071040.401055089	0.6455548334240575	-0.11315557244442415	301
half_step_1	84.2334070073874	0.04999999999999716	6	17	6	2.8333333333333335	81618815180.52	64215531.40098297	0.6455548334240575	-0.11315557244442415	301
half_step_2	84.2834070073874	0.04999999999999716	4	7	4	1.75	81618815180.52	31619448.664708648	0.47402944964213134	-0.12474123057820631	306
full_step	84.3334070073874	0.09999999999999432	7	26	8	3.7142857142857144	81618815180.52	2356688.807433739	0.6190589646665501	-0.10535314042071235	313
half_step_1	84.3334070073874	0.04999999999999716	5	19	7	3.8	81618815180.52	1478574.973269829	0.6190589646665501	-0.10535314042071235	313
half_step_2	84.38340700738739	0.04999999999999716	4	8	5	2	81618815180.52	2334355.2042292724	0.42694637279115	-0.12167419548887458	304
full_step	84.43340700738739	0.09999999999999432	10	33	8	3.3	81618815180.52	947676.4401146179	0.6380811991761561	-0.11345844835521955	325
half_step_1	84.43340700738739	0.04999999999999716	6	20	7	3.3333333333333335	81618815180.52	900386.6824828702	0.6380811991761561	-0.11345844835521955	325
half_step_2	84.48340700738738	0.04999999999999716	4	8	5	2	81618815180.52	5702465.815517487	0.4789706969479539	-0.1193994980616489	297
full_step	84.53340700738738	0.09999999999999432	6	36	11	6	81618815180.52	75643778.35689324	0.6138743964132516	-0.1019822885525339	309
half_step_1	84.53340700738738	0.04999999999999716	6	24	8	4	81618815180.52	3302760.521185687	0.6138743964132516	-0.1019822885525339	309
half_step_2	84.58340700738738	0.04999999999999716	9	29	12	3.2222222222222223	81618815180.52	984978.2931295787	0.5494601891361697	-0.10850557363284487	310
full_step	84.63340700738738	0.09999999999999432	7	22	7	3.142857142857143	81618815180.52	967602.1270647912	0.626768425288617	-0.10250678671629762	312
half_step_1	84.63340700738738	0.04999999999999716	6	24	8	4	81618815180.52	891520.5677239059	0.626768425288617	-0.10250678671629762	312
half_step_2	84.68340700738737	0.04999999999999716	5	3	3	0.6	81618815180.52	952603.6479523364	0.5833085016287782	-0.10259708934919423	304
full_step	84.73340700738737	0.09999999999999432	8	34	8	4.25	81618815180.52	17562493.254960995	0.6459163622480446	-0.10533608757846878	305
half_step_1	84.73340700738737	0.04999999999999716	8	36	7	4.5	81618815180.52	22941703.87069841	0.6459163622480446	-0.10533608757846878	305
half_step_2	84.78340700738737	0.04999999999999716	6	11	4	1.8333333333333333	81618815180.52	82480198.87247014	0.4725730599227518	-0.11065625405849666	290
full_step	84.83340700738736	0.09999999999999432	10	50	8	5	81618815180.52	95532494.80064988	0.5063453319434075	-0.08701601239261533	308
half_step_1	84.83340700738736	0.04999999999999716	11	50	9	4.545454545454546	81618815180.52	2604867.8457831116	0.5063453319434075	-0.08701601239261533	308
half_step_2	84.88340700738736	0.04999999999999716	5	16	9	3.2	81618815180.52	1149629.0237251557	0.41533495869899184	-0.1145363657324115	304
full_step	84.93340700738736	0.09999999999999432	9	33	7	3.6666666666666665	81618815180.52	4559386.1162184365	0.44809747006209477	-0.11212232856521406	324
half_step_1	84.93340700738736	0.04999999999999716	14	54	12	3.857142857142857	81618815180.52	769987.0194764335	0.44809747006209477	-0.11212232856521406	324
half_step_2	84.98340700738736	0.04999999999999716	5	5	5	1	81618815180.52	163310995.71205008	0.5006755545421129	-0.0949154712909794	322
full_step	85.03340700738735	0.09999999999999432	11	50	14	4.545454545454546	81618815180.52	88802284.49977599	0.5183682639511744	-0.11097666298206564	300
half_step_1	85.03340700738735	0.04999999999999716	7	28	6	4	81618815180.52	1996041.0283003806	0.5183682639511744	-0.11097666298206564	300
half_step_2	85.08340700738735	0.04999999999999716	5	0	0	0	81618815180.52	4632157.436581437	0.5910280310618248	-0.0642194499239566	310
full_step	85.13340700738735	0.09999999999999432	8	24	8	3	81618815180.52	19560914.62726134	0.5644570920824208	-0.07502674760870476	316
half_step_1	85.13340700738735	0.04999999999999716	6	21	7	3.5	81618815180.52	28831356.369727917	0.5644570920824208	-0.07502674760870476	316
half_step_2	85.18340700738734	0.04999999999999716	7	13	5	1.8571428571428572	81618815180.52	13096785.765836546	0.6062750005609701	-0.06867974680404129	323
full_step	85.23340700738734	0.09999999999999432	9	38	8	4.222222222222222	81618815180.52	9161860.043305708	0.6330761867229739	-0.09133732367562511	310
half_step_1	85.23340700738734	0.04999999999999716	8	23	6	2.875	81618815180.52	1240907.1228102183	0.6330761867229739	-0.09133732367562511	310
half_step_2	85.28340700738734	0.04999999999999716	7	13	6	1.8571428571428572	81618815180.52	63348949.84287087	0.5965815451249057	-0.09110909958340022	312
full_step	85.33340700738734	0.09999999999999432	8	33	7	4.125	81618815180.52	5838465.208366015	0.6175701083894296	-0.0751773398213703	312
half_step_1	85.33340700738734	0.04999999999999716	6	23	7	3.8333333333333335	81618815180.52	3078836.5155365677	0.6175701083894296	-0.0751773398213703	312
half_step_2	85.38340700738733	0.04999999999999716	6	3	3	0.5	81618815180.52	1216096.578473136	0.5552056791127313	-0.10070636608849352	312
full_step	85.43340700738733	0.09999999999999432	8	35	7	4.375	81618815180.52	55654046.876616836	0.4961462437082105	-0.10342182463099066	298
half_step_1	85.43340700738733	0.04999999999999716	6	27	9	4.5	81618815180.52	54429766.250895865	0.4961462437082105	-0.10342182463099066	298
half_step_2	85.48340700738733	0.04999999999999716	9	36	14	4	81618815180.52	3816021.0675724223	0.4606936372815085	-0.08840308516826885	297
full_step	85.53340700738732	0.09999999999999432	7	29	8	4.142857142857143	81618815180.52	1085979.7954546558	0.3614960412520247	-0.11267354725419655	288
half_step_1	85.53340700738732	0.04999999999999716	7	39	9	5.571428571428571	81618815180.52	1871703.3676724609	0.3614960412520247	-0.11267354725419655	288
half_step_2	85.58340700738732	0.04999999999999716	4	11	5	2.75	81618815180.52	39355972.90671296	0.4993099209818297	-0.09196012949076976	304
full_step	85.63340700738732	0.09999999999999432	8	41	14	5.125	81618815180.52	218421946.48630565	0.4008844546654302	-0.09592609979973216	306
half_step_1	85.63340700738732	0.04999999999999716	6	37	13	6.166666666666667	81618815180.52	1141542.0045496048	0.4008844546654302	-0.09592609979973216	306
half_step_2	85.68340700738732	0.04999999999999716	4	8	3	2	81618815180.52	1184060.963116647	0.4118943877366803	-0.10145138491430405	302
full_step	85.73340700738731	0.09999999999999432	6	25	9	4.166666666666667	81618815180.52	2182674.2341011427	0.4008759629819849	-0.09804467569627537	306
half_step_1	85.73340700738731	0.04999999999999716	6	38	17	6.333333333333333	81618815180.52	138517712.00962535	0.4008759629819849	-0.09804467569627537	306
half_step_2	85.78340700738731	0.04999999999999716	4	10	7	2.5	81618815180.52	25709281.668203875	0.3920557537126683	-0.10063811465855402	287
full_step	85.83340700738731	0.09999999999999432	7	38	8	5.428571428571429	81618815180.52	163951894.79307076	0.4195856469778505	-0.0934642880573904	297
half_step_1	85.83340700738731	0.04999999999999716	7	28	7	4	81618815180.52	8378380.042788859	0.4195856469778505	-0.0934642880573904	297
half_step_2	85.8834070073873	0.04999999999999716	5	21	11	4.2	81618815180.52	1378438.9368502265	0.3552617823412447	-0.11039306136234099	284
full_step	85.9334070073873	0.09999999999999432	6	18	9	3	81618815180.52	25554586.40513977	0.4954990909035928	-0.0988613987081531	306
half_step_1	85.9334070073873	0.04999999999999716	5	22	9	4.4	81618815180.52	2089799.962464811	0.4954990909035928	-0.0988613987081531	306
half_step_2	85.9834070073873	0.04999999999999716	4	9	6	2.25	81618815180.52	45187432.82666633	0.34641431658815236	-0.10938234629056524	292
full_step	86.0334070073873	0.09999999999999432	6	28	8	4.666666666666667	81618815180.52	16580443.106311455	0.3657479231911509	-0.11173346585240199	275
half_step_1	86.0334070073873	0.04999999999999716	5	11	7	2.2	81618815180.52	2292420.4657953046	0.3657479231911509	-0.11173346585240199	275
half_step_2	86.0834070073873	0.04999999999999716	4	3	3	0.75	81618815180.52	2554701.3416949413	0.3684173940701214	-0.09831402476810014	300
full_step	86.13340700738729	0.09999999999999432	8	40	9	5	81618815180.52	3848007.499551452	0.36439521353398163	-0.11289851173985105	298
half_step_1	86.13340700738729	0.04999999999999716	5	14	7	2.8	81618815180.52	892977.3005246723	0.36439521353398163	-0.11289851173985105	298
half_step_2	86.18340700738729	0.04999999999999716	4	11	5	2.75	81618815180.52	69282696.89763911	0.339214562966788	-0.1044724188631248	301
full_step	86.23340700738729	0.09999999999999432	6	26	8	4.333333333333333	81618815180.52	5528278.173359426	0.35600526412463296	-0.11334786842629667	303
half_step_1	86.23340700738729	0.04999999999999716	6	33	9	5.5	81618815180.52	3042036.881536903	0.35600526412463296	-0.11334786842629667	303
half_step_2	86.28340700738728	0.04999999999999716	5	27	14	5.4	81618815180.52	5871255.818274905	0.34742364399235726	-0.10121652981231172	314
full_step	86.33340700738728	0.09999999999999432	7	21	7	3	81618815180.52	1894344.1151723878	0.363441035343385	-0.11319279515768844	312
half_step_1	86.33340700738728	0.04999999999999716	5	14	8	2.8	81618815180.52	1028878.7936488725	0.363441035343385	-0.11319279515768844	312
half_step_2	86.38340700738728	0.04999999999999716	4	2	2	0.5	81618815180.52	1066149.1118049256	0.34950081142565637	-0.1032645003393276	317
full_step	86.43340700738727	0.09999999999999432	7	28	7	4	81618815180.52	2920423.8992231716	0.37465455968666106	-0.11064855865775992	305
half_step_1	86.43340700738727	0.04999999999999716	5	24	10	4.8	81618815180.52	3172100.5713318484	0.37465455968666106	-0.11064855865775992	305
half_step_2	86.48340700738727	0.04999999999999716	4	14	10	3.5	81618815180.52	1018411.790742111	0.3406621671809944	-0.09664806690243373	302
full_step	86.53340700738727	0.09999999999999432	6	21	8	3.5	81618815180.52	12828165.694096304	0.3551009474979594	-0.11289953283233241	305
half_step_1	86.53340700738727	0.04999999999999716	4	15	8	3.75	81618815180.52	21043112.05107855	0.3551009474979594	-0.11289953283233241	305
half_step_2	86.58340700738727	0.04999999999999716	6	19	6	3.1666666666666665	81618815180.52	18479130.640732188	0.3449335166492915	-0.09991439845186066	311
full_step	86.63340700738726	0.09999999999999432	6	24	10	4	81618815180.52	1096639.1236178987	0.35903458836753543	-0.11627263390571536	309
half_step_1	86.63340700738726	0.04999999999999716	4	9	7	2.25	81618815180.52	1232135.9846445888	0.35903458836753543	-0.11627263390571536	309
half_step_2	86.68340700738726	0.04999999999999716	6	17	6	2.8333333333333335	81618815180.52	58356144.81298993	0.35063679035246764	-0.1030205677722619	316
full_step	86.73340700738726	0.09999999999999432	16	57	8	3.5625	81618815180.52	60748182.99016516	1.9144821987462706	-0.08021732131795685	348
half_step_1	86.73340700738726	0.04999999999999716	8	26	8	3.25	81618815180.52	1200604.6982023662	1.9144821987462706	-0.08021732131795685	348
half_step_2	86.78340700738725	0.04999999999999716	5	16	10	3.2	81618815180.52	145296497.91414937	1.1884344759584735	-0.07761984621341378	316
full_step	86.83340700738725	0.09999999999999432	6	28	8	4.666666666666667	81618815180.52	47417606.24412801	0.5160938614714325	-0.10010561016207331	298
half_step_1	86.83340700738725	0.04999999999999716	6	25	7	4.166666666666667	81618815180.52	108776711.44122082	0.5160938614714325	-0.10010561016207331	298
half_step_2	86.88340700738725	0.04999999999999716	5	11	4	2.2	81618815180.52	8117610.777967615	0.44832984362997763	-0.10149569725577405	297
full_step	86.83340700738725	0.04999999999999716	7	30	7	4.285714285714286	81618815180.52	1148613.8181565264	0.5160938614714325	-0.10010561016207331	298
half_step_1	86.83340700738725	0.02499999999999858	12	41	9	3.4166666666666665	81618815180.52	1268750.0954594582	0.5160938614714325	-0.10010561016207331	298
half_step_2	86.85840700738726	0.02499999999999858	5	15	8	3	81618815180.52	60964433.70546906	0.2910306330020944	-0.126413296907294	273
full_step	86.83340700738725	0.02499999999999858	7	23	7	3.2857142857142856	81618815180.52	5331646.130672477	0.5160938614714325	-0.10010561016207331	298
half_step_1	86.83340700738725	0.01249999999999929	6	15	8	2.5	81618815180.52	5859331.935049913	0.5160938614714325	-0.10010561016207331	298
half_step_2	86.84590700738725	0.01249999999999929	6	11	9	1.8333333333333333	81618815180.52	5137703.9080168875	0.28946191533773913	-0.12878865537851858	284
full_step	86.85840700738726	0.0791008521044869	10	28	7	2.8	81618815180.52	1543409.2347054284	0.22522161460395296	-0.12629127042590563	267
full_step	86.85840700738726	0.03955042605224345	9	27	6	3	81618815180.52	7016611.07967898	0.22522161460395296	-0.12629127042590563	267
full_step	86.85840700738726	0.019775213026121726	5	13	5	2.6	81618815180.52	3700349.045948306	0.22522161460395296	-0.12629127042590563	267
half_step_1	86.85840700738726	0.009887606513060863	5	10	4	2	81618815180.52	2552154.902805892	0.22522161460395296	-0.12629127042590563	267
half_step_2	86.86829461390032	0.009887606513060863	3	10	4	3.3333333333333335	81618815180.52	15453818.744431509	0.13055301508580897	-0.12869448661033023	276
full_step	86.87818222041338	0.09887606513060863	17	54	12	3.176470588235294	81618815180.52	10057188.829283832	1.0110169958788333	-0.08962467335176445	300
half_step_1	86.87818222041338	0.04943803256530432	15	59	11	3.933333333333333	81618815180.52	163810968.58399296	1.0110169958788333	-0.08962467335176445	300
half_step_2	86.92762025297868	0.04943803256530432	8	29	10	3.625	81618815180.52	117928170.60333936	0.4347244450940764	-0.11209788414000121	305
full_step	86.97705828554399	0.09999999999999432	6	22	9	3.6666666666666665	81618815180.52	1190626.939571292	0.4091888855326431	-0.10840275128372531	304
full_step	86.97705828554399	0.04999999999999716	11	41	7	3.727272727272727	81618815180.52	1459206.542182644	0.4091888855326431	-0.10840275128372531	304
full_step	86.97705828554399	0.02499999999999858	7	26	5	3.7142857142857144	81618815180.52	7934407.212318724	0.4091888855326431	-0.10840275128372531	304
full_step	86.97705828554399	0.01249999999999929	7	19	7	2.7142857142857144	81618815180.52	1654004.6030103532	0.4091888855326431	-0.10840275128372531	304
full_step	86.97705828554399	0.006249999999999645	9	51	11	5.666666666666667	81618815180.52	2294143.072692949	0.4091888855326431	-0.10840275128372531	304
half_step_1	86.97705828554399	0.0031249999999998224	9	33	9	3.6666666666666665	81618815180.52	4048505.4184945878	0.4091888855326431	-0.10840275128372531	304
half_step_2	86.98018328554399	0.0031249999999998224	15	49	8	3.2666666666666666	81618815180.52	3801721.207712844	0.35081509172653114	-0.11095422947670638	320
full_step	86.98330828554398	0.031249999999998224	6	21	6	3.5	81618815180.52	3024408.4817680353	0.3011602439572414	-0.12021955298250805	308
half_step_1	86.98330828554398	0.015624999999999112	5	23	7	4.6	81618815180.52	8910214.854615875	0.3011602439572414	-0.12021955298250805	308
half_step_2	86.99893328554398	0.015624999999999112	12	53	10	4.416666666666667	81618815180.52	7732531.609595715	0.18872070660583518	-0.12550005696444333	319
full_step	87.01455828554398	0.09999999999999432	6	14	7	2.3333333333333335	81618815180.52	6182589.735367489	0.13810360540151123	-0.12582199231065902	317
half_step_1	87.01455828554398	0.04999999999999716	8	21	6	2.625	81618815180.52	1339761.3928698672	0.13810360540151123	-0.12582199231065902	317
half_step_2	87.06455828554398	0.04999999999999716	5	12	5	2.4	81618815180.52	5178812.567542013	0.28365789561658517	-0.11408266076838061	305
full_step	87.01455828554398	0.04999999999999716	6	14	6	2.3333333333333335	81618815180.52	1247802.9789909574	0.13810360540151123	-0.12582199231065902	317
half_step_1	87.01455828554398	0.02499999999999858	6	18	6	3	81618815180.52	1265106.2816547034	0.13810360540151123	-0.12582199231065902	317
half_step_2	87.03955828554399	0.02499999999999858	5	10	6	2	81618815180.52	1254081.9056210646	0.15542544501528255	-0.1237662262429208	322
full_step	87.06455828554398	0.09999999999999432	6	18	7	3	81618815180.52	6376286.334416732	0.16225388165759114	-0.12241340969813813	322
half_step_1	87.06455828554398	0.04999999999999716	7	20	6	2.857142857142857	81618815180.52	4306470.851149179	0.16225388165759114	-0.12241340969813813	322
half_step_2	87.11455828554398	0.04999999999999716	6	14	5	2.3333333333333335	81618815180.52	4306859.456783569	0.29864116292466747	-0.11662701375892828	302
full_step	87.06455828554398	0.04999999999999716	5	7	4	1.4	81618815180.52	1185121.887471321	0.16225388165759114	-0.12241340969813813	322
half_step_1	87.06455828554398	0.02499999999999858	4	5	5	1.25	81618815180.52	1370392.5473664566	0.16225388165759114	-0.12241340969813813	322
half_step_2	87.08955828554397	0.02499999999999858	4	6	6	1.5	81618815180.52	1378569.3339115814	0.1498244786967291	-0.1272489532795202	313
full_step	87.11455828554398	0.09999999999999432	8	29	8	3.625	81618815180.52	6222459.627600854	0.15164223773012964	-0.12493181288569034	311
half_step_1	87.11455828554398	0.04999999999999716	6	19	7	3.1666666666666665	81618815180.52	6918102.541760573	0.15164223773012964	-0.12493181288569034	311
half_step_2	87.16455828554398	0.04999999999999716	4	6	3	1.5	81618815180.52	15927526.35930027	0.3166118237421074	-0.11462165194977318	320
full_step	87.21455828554397	0.09999999999999432	4	0	0	0	81618815180.52	6400382.027544727	1.0833503375466762	0.017695267071657632	458
half_step_1	87.21455828554397	0.04999999999999716	6	3	3	0.5	81618815180.52	4134105.2751289965	1.0833503375466762	0.017695267071657632	458
half_step_2	87.26455828554397	0.04999999999999716	4	11	8	2.75	81618815180.52	1022299.3663612299	0.555619900671843	-0.09607059972619786	427
full_step	87.31455828554397	0.09999999999999432	6	18	7	3	81618815180.52	992194.5795712543	0.2264109161918384	-0.09910164806999709	407
half_step_1	87.31455828554397	0.04999999999999716	5	8	4	1.6	81618815180.52	1679501.790610671	0.2264109161918384	-0.09910164806999709	407
half_step_2	87.36455828554396	0.04999999999999716	6	4	4	0.6666666666666666	81618815180.52	1119938.9633386591	0.18489777304370136	-0.09399914267874801	435
full_step	87.41455828554396	0.09999999999999432	6	27	9	4.5	81618815180.52	98397560.32669199	0.27178769019661786	-0.10675884871158471	415
half_step_1	87.41455828554396	0.04999999999999716	8	44	11	5.5	81618815180.52	62770404.116637185	0.27178769019661786	-0.10675884871158471	415
half_step_2	87.46455828554396	0.04999999999999716	5	13	5	2.6	81618815180.52	10348847.446227748	0.3513386898244164	-0.0938669091147407	443
full_step	87.51455828554396	0.09999999999999432	5	20	8	4	81618815180.52	14169587.620987002	0.4187427238046837	-0.0992688551117465	423
half_step_1	87.51455828554396	0.04999999999999716	5	23	8	4.6	81618815180.52	2701658.788443838	0.4187427238046837	-0.0992688551117465	423
half_step_2	87.56455828554395	0.04999999999999716	8	22	6	2.75	81618815180.52	8366211.023487634	0.4704414959741996	-0.09178759599092003	427
full_step	87.61455828554395	0.09999999999999432	4	12	6	3	81618815180.52	1218454.8301695657	0.5055325649607028	-0.09161525833535764	444
half_step_1	87.61455828554395	0.04999999999999716	5	29	9	5.8	81618815180.52	5056584.243913125	0.5055325649607028	-0.09161525833535764	444
half_step_2	87.66455828554395	0.04999999999999716	6	28	14	4.666666666666667	81618815180.52	153456799.61375484	0.5544447556523551	-0.09148078709554851	438
full_step	87.71455828554394	0.09999999999999432	6	8	5	1.3333333333333333	81618815180.52	1276060.7481806057	0.5810796392055693	-0.08569668804714851	450
half_step_1	87.71455828554394	0.04999999999999716	4	5	5	1.25	81618815180.52	1103839.1336451864	0.5810796392055693	-0.08569668804714851	450
half_step_2	87.76455828554394	0.04999999999999716	4	10	7	2.5	81618815180.52	2092354.9742667985	0.5826702255547218	-0.10135719098257467	433
full_step	87.81455828554394	0.09999999999999432	3	3	3	1	81618815180.52	1611126.3784343856	0.5925073145627948	-0.08778741912851536	470
half_step_1	87.81455828554394	0.04999999999999716	4	5	3	1.25	81618815180.52	1951117.5175953645	0.5925073145627948	-0.08778741912851536	470
half_step_2	87.86455828554394	0.04999999999999716	4	8	4	2	81618815180.52	1927243.1514329365	0.6071148560459108	-0.09050320836041968	437
full_step	87.91455828554393	0.09999999999999432	6	21	7	3.5	81618815180.52	1622890.5167739384	0.6185447140271094	-0.08089230418019527	445
half_step_1	87.91455828554393	0.04999999999999716	6	18	8	3	81618815180.52	1756471.7604525846	0.6185447140271094	-0.08089230418019527	445
half_step_2	87.96455828554393	0.04999999999999716	4	13	7	3.25	81618815180.52	2438130.044680512	0.6315734129243822	-0.09437838108345781	433
full_step	88.01455828554393	0.09999999999999432	7	24	7	3.4285714285714284	81618815180.52	1583918.3493474561	0.6466712745752545	-0.09113898411745125	431
half_step_1	88.01455828554393	0.04999999999999716	5	16	6	3.2	81618815180.52	1041449.2308650247	0.6466712745752545	-0.09113898411745125	431
half_step_2	88.06455828554392	0.04999999999999716	4	3	3	0.75	81618815180.52	1008366.1197234569	0.6363837297061821	-0.12192141551495236	351
full_step	88.11455828554392	0.09999999999999432	8	34	7	4.25	81618815180.52	1361719.0107011115	0.6212633040100854	-0.10782619940314633	339
half_step_1	88.11455828554392	0.04999999999999716	5	15	5	3	81618815180.52	908597.2448129094	0.6212633040100854	-0.10782619940314633	339
half_step_2	88.16455828554392	0.04999999999999716	3	0	0	0	81618815180.52	819190.0036893524	0.5372399264916794	-0.11824133388166563	310
full_step	88.21455828554392	0.09999999999999432	13	32	8	2.4615384615384617	81618815180.52	1508537.6383969383	0.5900750664694385	-0.11739349384264458	317
half_step_1	88.21455828554392	0.04999999999999716	8	21	5	2.625	81618815180.52	757276.9495738625	0.5900750664694385	-0.11739349384264458	317
half_step_2	88.26455828554391	0.04999999999999716	4	0	0	0	81618815180.52	806036.1281902274	0.5689255787103775	-0.11630441504654483	313
full_step	88.31455828554391	0.09999999999999432	11	39	10	3.5454545454545454	81618815180.52	2071799.0487151977	0.6007073003138146	-0.10585010415617523	306
full_step	88.31455828554391	0.04999999999999716	12	36	9	3	81618815180.52	668350.0092538273	0.6007073003138146	-0.10585010415617523	306
half_step_1	88.31455828554391	0.02499999999999858	6	23	7	3.8333333333333335	81618815180.52	484165.25285187445	0.6007073003138146	-0.10585010415617523	306
half_step_2	88.33955828554392	0.02499999999999858	8	29	11	3.625	81618815180.52	1360993.2860099657	0.09459698146503115	-0.12944875522618365	270
full_step	88.36455828554391	0.09999999999999432	8	22	8	2.75	81618815180.52	5611099.250413162	0.0317830726369408	-0.13306552387258033	277
full_step	88.36455828554391	0.04999999999999716	9	11	5	1.2222222222222223	81618815180.52	3388509.6384397876	0.0317830726369408	-0.13306552387258033	277
full_step	88.36455828554391	0.02499999999999858	7	10	5	1.4285714285714286	81618815180.52	2103872.835651775	0.0317830726369408	-0.13306552387258033	277
half_step_1	88.36455828554391	0.01249999999999929	4	7	3	1.75	81618815180.52	1137623.6391193888	0.0317830726369408	-0.13306552387258033	277
half_step_2	88.37705828554391	0.01249999999999929	1	0	0	0	81618815180.52	1142333.7636612533	0.031786885765299644	-0.13200128670524908	273
full_step	88.3895582855439	0.09999999999999432	6	22	9	3.6666666666666665	81618815180.52	5645316.8301936975	0.031789115394147416	-0.1293857081470111	268
full_step	88.3895582855439	0.04999999999999716	4	14	7	3.5	81618815180.52	3431607.970773067	0.031789115394147416	-0.1293857081470111	268
full_step	88.3895582855439	0.02499999999999858	3	7	5	2.3333333333333335	81618815180.52	2126047.58223822	0.031789115394147416	-0.1293857081470111	268
full_step	88.3895582855439	0.01249999999999929	3	5	3	1.6666666666666667	81618815180.52	1145315.6444489511	0.031789115394147416	-0.1293857081470111	268
half_step_1	88.3895582855439	0.006249999999999645	2	3	3	1.5	81618815180.52	1844405.5377630182	0.031789115394147416	-0.1293857081470111	268
half_step_2	88.3958082855439	0.006249999999999645	1	0	0	0	81618815180.52	1844415.064954754	0.0317909667056	-0.12982578914922352	268
full_step	88.4020582855439	0.06249999999999645	16	35	12	2.1875	81618815180.52	3700716.5898142764	0.03179220306974173	-0.13254333090202453	280
full_step	88.4020582855439	0.031249999999998224	15	26	12	1.7333333333333334	81618815180.52	2469365.013209862	0.03179220306974173	-0.13254333090202453	280
half_step_1	88.4020582855439	0.015624999999999112	13	7	7	0.5384615384615384	81618815180.52	1095530.354846533	0.03179220306974173	-0.13254333090202453	280
half_step_2	88.4176832855439	0.015624999999999112	5	17	11	3.4	81618815180.52	1090599.4928213623	0.1690905416825501	-0.13201772761024141	279
full_step	88.4333082855439	0.09999999999999432	8	16	7	2	81618815180.52	5138439.782127044	0.03467339044095752	-0.13147791808963769	285
full_step	88.4333082855439	0.04999999999999716	6	8	8	1.3333333333333333	81618815180.52	3167485.8083384344	0.03467339044095752	-0.13147791808963769	285
full_step	88.4333082855439	0.02499999999999858	9	13	5	1.4444444444444444	81618815180.52	1860989.420983631	0.03467339044095752	-0.13147791808963769	285
full_step	88.4333082855439	0.01249999999999929	9	20	4	2.2222222222222223	81618815180.52	1006983.7305470671	0.03467339044095752	-0.13147791808963769	285
full_step	88.4333082855439	0.006249999999999645	5	19	7	3.8	81618815180.52	1843508.7695790334	0.03467339044095752	-0.13147791808963769	285
half_step_1	88.4333082855439	0.0031249999999998224	3	10	5	3.3333333333333335	81618815180.52	3907303.434526159	0.03467339044095752	-0.13147791808963769	285
half_step_2	88.4364332855439	0.0031249999999998224	4	0	0	0	81618815180.52	3907258.4315190525	0.03179306680895877	-0.13076464383052314	285
full_step	88.4395582855439	0.031249999999998224	12	25	9	2.0833333333333335	81618815180.52	618800.3245711478	0.6699419846165142	-0.10716241274747579	322
full_step	88.4395582855439	0.015624999999999112	13	16	9	1.2307692307692308	81618815180.52	673999.2150402073	0.6699419846165142	-0.10716241274747579	322
half_step_1	88.4395582855439	0.007812499999999556	11	13	5	1.1818181818181819	81618815180.52	1336626.531501565	0.6699419846165142	-0.10716241274747579	322
half_step_2	88.4473707855439	0.007812499999999556	6	18	10	3	81618815180.52	1027096.8749199443	0.44751262824911464	-0.11346560679204654	297
full_step	88.4551832855439	0.07812499999999556	8	27	8	3.375	81618815180.52	1998590.0835032763	0.18254783408161757	-0.1198989834774413	311
full_step	88.4551832855439	0.03906249999999778	7	16	7	2.2857142857142856	81618815180.52	1242159.4484553298	0.18254783408161757	-0.1198989834774413	311
full_step	88.4551832855439	0.01953124999999889	6	32	10	5.333333333333333	81618815180.52	633247.7175198587	0.18254783408161757	-0.1198989834774413	311
full_step	88.4551832855439	0.009765624999999445	5	25	9	5	81618815180.52	756281.0154861647	0.18254783408161757	-0.1198989834774413	311
full_step	88.4551832855439	0.0048828124999997224	9	31	10	3.4444444444444446	81618815180.52	2526645.273890575	0.18254783408161757	-0.1198989834774413	311
half_step_1	88.4551832855439	0.0024414062499998612	4	8	6	2	81618815180.52	4606454.281279739	0.18254783408161757	-0.1198989834774413	311
half_step_2	88.4576246917939	0.0024414062499998612	9	13	10	1.4444444444444444	81618815180.52	4656457.654071532	0.08156842838047851	-0.13126936564102737	304
full_step	88.4600660980439	0.016708355088923585	8	11	7	1.375	81618815180.52	708605.9898445073	0.04099561665279339	-0.13281988961023664	290
half_step_1	88.4600660980439	0.008354177544461792	6	4	4	0.6666666666666666	81618815180.52	975090.1243821905	0.04099561665279339	-0.13281988961023664	290
half_step_2	88.46842027558836	0.008354177544461792	3	3	3	1	81618815180.52	973615.0651763484	0.03179538903444268	-0.1310795686603012	292
full_step	88.47677445313282	0.08354177544461792	11	33	8	3	81618815180.52	3053218.220150122	0.03179545312067944	-0.1312821499755942	284
full_step	88.47677445313282	0.04177088772230896	9	16	7	1.7777777777777777	81618815180.52	2153247.4095850973	0.03179545312067944	-0.1312821499755942	284
full_step	88.47677445313282	0.02088544386115448	4	2	2	0.5	81618815180.52	1247094.0970338858	0.03179545312067944	-0.1312821499755942	284
half_step_1	88.47677445313282	0.01044272193057724	5	12	8	2.4	81618815180.52	809937.1316909314	0.03179545312067944	-0.1312821499755942	284
half_step_2	88.48721717506339	0.01044272193057724	4	11	8	2.75	81618815180.52	833931.3875064505	0.03179513614894347	-0.13586247019035153	297
full_step	88.49765989699398	0.09999999999999432	10	33	9	3.3	81618815180.52	4816742.557071041	0.0317949560600681	-0.13074475980394212	281
full_step	88.49765989699398	0.04999999999999716	6	11	4	1.8333333333333333	81618815180.52	3064987.4655130664	0.0317949560600681	-0.13074475980394212	281
full_step	88.49765989699398	0.02499999999999858	6	3	3	0.5	81618815180.52	1911567.5387863286	0.0317949560600681	-0.13074475980394212	281
full_step	88.49765989699398	0.01249999999999929	4	3	3	0.75	81618815180.52	1045767.0938958208	0.0317949560600681	-0.13074475980394212	281
half_step_1	88.49765989699398	0.006249999999999645	3	4	4	1.3333333333333333	81618815180.52	1843526.0254026833	0.0317949560600681	-0.13074475980394212	281
half_step_2	88.50390989699397	0.006249999999999645	3	5	5	1.6666666666666667	81618815180.52	1843468.8653005308	0.03179547413709827	-0.13162146624732582	280
full_step	88.51015989699398	0.06249999999999645	9	12	5	1.3333333333333333	81618815180.52	2298880.6051180577	0.031795747144400366	-0.13142643499040668	274
full_step	88.51015989699398	0.031249999999998224	8	18	11	2.25	81618815180.52	1540336.7684660302	0.031795747144400366	-0.13142643499040668	274
full_step	88.51015989699398	0.015624999999999112	8	6	3	0.75	81618815180.52	689402.4910378183	0.031795747144400366	-0.13142643499040668	274
full_step	88.51015989699398	0.007812499999999556	6	5	5	0.8333333333333334	81618815180.52	1026782.5768461648	0.031795747144400366	-0.13142643499040668	274
half_step_1	88.51015989699398	0.003906249999999778	4	7	4	1.75	81618815180.52	3213894.135881166	0.031795747144400366	-0.13142643499040668	274
half_step_2	88.51406614699398	0.003906249999999778	11	32	11	2.909090909090909	81618815180.52	3213849.497251871	0.0855798025771719	-0.12917392448310494	298
full_step	88.51797239699398	0.03906249999999778	9	24	8	2.6666666666666665	81618815180.52	1232985.231085743	0.031796443954377196	-0.1327742114717555	295
full_step	88.51797239699398	0.01953124999999889	4	10	6	2.5	81618815180.52	638408.9147059504	0.031796443954377196	-0.1327742114717555	295
half_step_1	88.51797239699398	0.009765624999999445	5	20	6	4	81618815180.52	756964.8950859233	0.031796443954377196	-0.1327742114717555	295
half_step_2	88.52773802199398	0.009765624999999445	4	3	3	0.75	81618815180.52	757051.4027925559	0.03179584450130335	-0.12988466330623313	290
full_step	88.53750364699398	0.09765624999999445	7	35	9	5	81618815180.52	2485481.0649155593	0.031795578823832216	-0.13169262802396536	297
full_step	88.53750364699398	0.048828124999997224	5	12	6	2.4	81618815180.52	1465515.9625424524	0.031795578823832216	-0.13169262802396536	297
full_step	88.53750364699398	0.024414062499998612	4	4	4	1	81618815180.52	1078818.1369943772	0.031795578823832216	-0.13169262802396536	297
full_step	88.53750364699398	0.012207031249999306	6	13	5	2.1666666666666665	81618815180.52	555658.4167763671	0.031795578823832216	-0.13169262802396536	297
half_step_1	88.53750364699398	0.006103515624999653	4	4	4	1	81618815180.52	1903706.8778065704	0.031795578823832216	-0.13169262802396536	297
half_step_2	88.54360716261898	0.006103515624999653	1	5	5	5	81618815180.52	1903653.337660495	0.03179596742687352	-0.13244058582876708	302
full_step	88.54971067824398	0.06103515624999653	9	33	10	3.6666666666666665	81618815180.52	2222889.973273766	0.03179561283587873	-0.130230550665363	297
full_step	88.54971067824398	0.030517578124998265	10	16	5	1.6	81618815180.52	2159534.248440794	0.03179561283587873	-0.130230550665363	297
full_step	88.54971067824398	0.015258789062499133	4	7	7	1.75	81618815180.52	2126828.0689982674	0.03179561283587873	-0.130230550665363	297
full_step	88.54971067824398	0.007629394531249566	4	11	8	2.75	81618815180.52	2867414.4725903184	0.03179561283587873	-0.130230550665363	297
full_step	88.54971067824398	0.003814697265624783	5	8	4	1.6	81618815180.52	3287613.389484888	0.03179561283587873	-0.130230550665363	297
half_step_1	88.54971067824398	0.0019073486328123916	3	4	4	1.3333333333333333	81618815180.52	5183790.403829517	0.03179561283587873	-0.130230550665363	297
half_step_2	88.5516180268768	0.0019073486328123916	2	0	0	0	81618815180.52	5183779.811766422	0.03179615257778323	-0.13207893856500616	320
full_step	88.55352537550961	0.019073486328123918	14	15	8	1.0714285714285714	81618815180.52	9266038.10632849	0.03179647511001349	-0.12396813480785213	400
half_step_1	88.55352537550961	0.009536743164061959	12	7	7	0.5833333333333334	81618815180.52	17417927.9838999	0.03179647511001349	-0.12396813480785213	400
half_step_2	88.56306211867367	0.009536743164061959	3	3	3	1	81618815180.52	13338165.817871673	0.03179574276707342	-0.09505492408687678	405
full_step	88.57259886183773	0.09536743164061959	7	25	7	3.5714285714285716	81618815180.52	2261738.1170407548	0.03179551134873293	-0.09933509140607939	410
half_step_1	88.57259886183773	0.047683715820309794	5	15	5	3	81618815180.52	2863000.5458307522	0.03179551134873293	-0.09933509140607939	410
half_step_2	88.62028257765805	0.047683715820309794	2	0	0	0	81618815180.52	2998852.0707492945	0.0317819992102244	-0.09483864369446171	408
full_step	88.66796629347836	0.09999999999999432	6	22	8	3.6666666666666665	81618815180.52	1957871.1762075282	0.03177696247014694	-0.09509370974017049	399
half_step_1	88.66796629347836	0.04999999999999716	6	29	9	4.833333333333333	81618815180.52	2857136.4912329996	0.03177696247014694	-0.09509370974017049	399
half_step_2	88.71796629347836	0.04999999999999716	2	0	0	0	81618815180.52	2845652.286744896	0.0317743353393638	-0.0962329344779514	401
full_step	88.76796629347835	0.09999999999999432	5	16	7	3.2	81618815180.52	1751932.1661940354	0.0317733718193125	-0.09926109778253504	390
half_step_1	88.76796629347835	0.04999999999999716	6	25	10	4.166666666666667	81618815180.52	2588840.3707647324	0.0317733718193125	-0.09926109778253504	390
half_step_2	88.81796629347835	0.04999999999999716	2	0	0	0	81618815180.52	2869991.777791401	0.031773119516245174	-0.0985710412968568	428
full_step	88.86796629347835	0.09999999999999432	4	13	10	3.25	81618815180.52	1959697.9788270355	0.031773003940998024	-0.09727338181317094	402
half_step_1	88.86796629347835	0.04999999999999716	2	0	0	0	81618815180.52	2738496.448353853	0.031773003940998024	-0.09727338181317094	402
half_step_2	88.91796629347834	0.04999999999999716	2	0	0	0	81618815180.52	2918706.5347998952	0.03177304989385732	-0.09807613202715686	405
full_step	88.96796629347834	0.09999999999999432	6	22	8	3.6666666666666665	81618815180.52	2231664.8709996184	0.03177303883798288	-0.09940270711282186	413
half_step_1	88.96796629347834	0.04999999999999716	5	16	6	3.2	81618815180.52	2709336.835373622	0.03177303883798288	-0.09940270711282186	413
half_step_2	89.01796629347834	0.04999999999999716	2	0	0	0	81618815180.52	3000764.9127632794	0.03177312211522576	-0.09777420643994161	403
full_step	89.06796629347834	0.09999999999999432	6	24	8	4	81618815180.52	2091342.095401544	0.03177312343142091	-0.09532951262729386	397
half_step_1	89.06796629347834	0.04999999999999716	4	12	7	3	81618815180.52	3019820.0943320584	0.03177312343142091	-0.09532951262729386	397
half_step_2	89.11796629347833	0.04999999999999716	2	0	0	0	81618815180.52	2855350.9326449144	0.03177321127004973	-0.09651636627142607	412
full_step	89.16796629347833	0.09999999999999432	6	24	8	4	81618815180.52	1831275.6220469414	0.03177321406751332	-0.10254670757588029	400
half_step_1	89.16796629347833	0.04999999999999716	4	11	7	2.75	81618815180.52	2660345.1456280174	0.03177321406751332	-0.10254670757588029	400
half_step_2	89.21796629347833	0.04999999999999716	2	0	0	0	81618815180.52	2740377.22448073	0.03177330252613331	-0.09980999509091582	404
full_step	89.26796629347832	0.09999999999999432	6	24	10	4	81618815180.52	2067333.9689443845	0.031773305479617875	-0.09875097058034568	412
half_step_1	89.26796629347832	0.04999999999999716	4	11	6	2.75	81618815180.52	2901229.8907692614	0.031773305479617875	-0.09875097058034568	412
half_step_2	89.31796629347832	0.04999999999999716	2	0	0	0	81618815180.52	2783905.5495533743	0.0317733939131557	-0.09863156850557289	410
full_step	89.36796629347832	0.09999999999999432	5	19	9	3.8	81618815180.52	1990472.221116216	0.03177339682819991	-0.0969307802215992	404
half_step_1	89.36796629347832	0.04999999999999716	4	12	7	3	81618815180.52	2820485.6336095426	0.03177339682819991	-0.0969307802215992	404
half_step_2	89.41796629347832	0.04999999999999716	2	0	0	0	81618815180.52	2963784.897539404	0.031773485381151545	-0.09833139516336867	414
full_step	89.46796629347831	0.09999999999999432	6	27	9	4.5	81618815180.52	2286224.1522725513	0.031773487935808475	-0.09911816879643008	413
half_step_1	89.46796629347831	0.04999999999999716	4	14	9	3.5	81618815180.52	2766586.443917767	0.031773487935808475	-0.09911816879643008	413
half_step_2	89.51796629347831	0.04999999999999716	2	0	0	0	81618815180.52	2843318.5008942056	0.031773576129154435	-0.09401694018200749	399
full_step	89.5679662934783	0.09999999999999432	5	18	8	3.6	81618815180.52	2090661.3527075937	0.03177357833710914	-0.09438355232139727	411
half_step_1	89.5679662934783	0.04999999999999716	3	5	5	1.6666666666666667	81618815180.52	2920967.4806402083	0.03177357833710914	-0.09438355232139727	411
half_step_2	89.6179662934783	0.04999999999999716	2	0	0	0	81618815180.52	2917144.2165880986	0.03177366618490396	-0.0987327730954537	417
full_step	89.6679662934783	0.09999999999999432	5	17	8	3.4	81618815180.52	2454445.2461893754	0.03177366786617597	-0.0968874733762033	422
half_step_1	89.6679662934783	0.04999999999999716	3	6	6	2	81618815180.52	2983438.1424841685	0.03177366786617597	-0.0968874733762033	422
half_step_2	89.7179662934783	0.04999999999999716	2	0	0	0	81618815180.52	3035551.7553814407	0.03177375519048553	-0.0964885552616529	422
full_step	89.7679662934783	0.09999999999999432	4	10	7	2.5	81618815180.52	2221297.0486723636	0.03177375620681744	-0.09872756095876334	404
half_step_1	89.7679662934783	0.04999999999999716	3	6	6	2	81618815180.52	2767684.7297867956	0.03177375620681744	-0.09872756095876334	404
half_step_2	89.81796629347829	0.04999999999999716	2	0	0	0	81618815180.52	2829929.0131369643	0.03177384286924223	-0.09805927570728229	404
full_step	89.86796629347829	0.09999999999999432	4	10	7	2.5	81618815180.52	2504754.9821135933	0.03177384305827502	-0.09628388618857354	418
half_step_1	89.86796629347829	0.04999999999999716	2	0	0	0	81618815180.52	3056089.2387347133	0.03177384305827502	-0.09628388618857354	418
half_step_2	89.91796629347829	0.04999999999999716	1	0	0	0	81618815180.52	3265703.849743287	0.031773928883268354	-0.09916321107036719	426
full_step	89.96796629347828	0.09999999999999432	2	3	2	1.5	81618815180.52	2255765.7337395395	0.03177196417675532	-0.09576805569488518	404
half_step_1	89.96796629347828	0.04999999999999716	2	0	0	0	81618815180.52	2951954.4163730526	0.03177196417675532	-0.09576805569488518	404
half_step_2	90.01796629347828	0.04999999999999716	1	0	0	0	81618815180.52	3068683.645439951	0.03177300355484647	-0.09630828165397187	408
full_step	90.06796629347828	0.09999999999999432	2	1	1	0.5	81618815180.52	2410253.1411869023	0.03177174456119758	-0.09477429394927493	416
half_step_1	90.06796629347828	0.04999999999999716	2	0	0	0	81618815180.52	3088833.726418795	0.03177174456119758	-0.09477429394927493	416
half_step_2	90.11796629347828	0.04999999999999716	1	0	0	0	81618815180.52	2965714.9314785493	0.03177306722146511	-0.09862368409094084	414
full_step	90.16796629347827	0.09999999999999432	2	3	2	1.5	81618815180.52	2388285.6554818335	0.031771891145140785	-0.09572862697211824	421
half_step_1	90.16796629347827	0.04999999999999716	2	0	0	0	81618815180.52	3159686.733803984	0.031771891145140785	-0.09572862697211824	421
half_step_2	90.21796629347827	0.04999999999999716	1	0	0	0	81618815180.52	3228166.874697745	0.03177325921946306	-0.09640769947619886	414
full_step	90.26796629347827	0.09999999999999432	2	1	1	0.5	81618815180.52	2284132.998217675	0.031772093524253364	-0.09775003230350013	408
half_step_1	90.26796629347827	0.04999999999999716	2	0	0	0	81618815180.52	2905091.9834950697	0.031772093524253364	-0.09775003230350013	408
half_step_2	90.31796629347826	0.04999999999999716	1	0	0	0	81618815180.52	2925610.866650712	0.031773469886672956	-0.09951587882596896	405
full_step	90.36796629347826	0.09999999999999432	2	1	1	0.5	81618815180.52	2478383.9709190503	0.03177229556830241	-0.09620573909952868	420
half_step_1	90.36796629347826	0.04999999999999716	2	0	0	0	81618815180.52	3141028.352666928	0.03177229556830241	-0.09620573909952868	420
half_step_2	90.41796629347826	0.04999999999999716	1	0	0	0	81618815180.52	3262290.3343349877	0.03177367868464387	-0.09518554070169384	426
full_step	90.46796629347826	0.09999999999999432	2	1	1	0.5	81618815180.52	2008714.5664427325	0.03177249874035226	-0.09790454848858171	406
half_step_1	90.46796629347826	0.04999999999999716	2	0	0	0	81618815180.52	2968672.908468355	0.03177249874035226	-0.09790454848858171	406
half_step_2	90.51796629347825	0.04999999999999716	1	0	0	0	81618815180.52	3035982.6742284456	0.031773886180261	-0.09737547431590493	400
full_step	90.56796629347825	0.09999999999999432	2	1	1	0.5	81618815180.52	1989558.1127461898	0.03177269982229802	-0.09912228850525173	408
half_step_1	90.56796629347825	0.04999999999999716	2	0	0	0	81618815180.52	2925453.0215260577	0.03177269982229802	-0.09912228850525173	408
half_step_2	90.61796629347825	0.04999999999999716	1	0	0	0	81618815180.52	3111837.745600748	0.03177409087895455	-0.09916702133541598	413
full_step	90.66796629347824	0.09999999999999432	2	1	1	0.5	81618815180.52	1812495.321022006	0.03177289804609984	-0.10111044214924567	406
half_step_1	90.66796629347824	0.04999999999999716	2	0	0	0	81618815180.52	2678573.2365623405	0.03177289804609984	-0.10111044214924567	406
half_step_2	90.71796629347824	0.04999999999999716	1	0	0	0	81618815180.52	2861454.0047992044	0.031774292282150896	-0.09750606628028308	410
full_step	90.76796629347824	0.09999999999999432	2	1	1	0.5	81618815180.52	2342238.8603435317	0.03177309299154274	-0.09862119764987243	417
half_step_1	90.76796629347824	0.04999999999999716	2	0	0	0	81618815180.52	3021937.281434939	0.03177309299154274	-0.09862119764987243	417
half_step_2	90.81796629347824	0.04999999999999716	1	0	0	0	81618815180.52	3028042.448810522	0.031774490003854794	-0.09864995850919873	414
full_step	90.86796629347823	0.09999999999999432	2	1	1	0.5	81618815180.52	2021937.7708034136	0.031773284313871386	-0.09744945106299692	421
half_step_1	90.86796629347823	0.04999999999999716	2	0	0	0	81618815180.52	2948054.9515732545	0.031773284313871386	-0.09744945106299692	421
half_step_2	90.91796629347823	0.04999999999999716	1	0	0	0	81618815180.52	3140284.8312311973	0.03177468367580616	-0.09704846261525013	401
full_step	90.96796629347823	0.09999999999999432	2	1	1	0.5	81618815180.52	2294835.999586382	0.03177347158133159	-0.09786822228539446	413
half_step_1	90.96796629347823	0.04999999999999716	2	0	0	0	81618815180.52	2962615.9014656995	0.03177347158133159	-0.09786822228539446	413
half_step_2	91.01796629347822	0.04999999999999716	1	0	0	0	81618815180.52	3114415.938120785	0.03177487288748182	-0.09854824052402893	424
full_step	91.06796629347822	0.09999999999999432	2	1	1	0.5	81618815180.52	1848156.256235797	0.03177365444811642	-0.09830808531126813	397
half_step_1	91.06796629347822	0.04999999999999716	2	0	0	0	81618815180.52	2748790.9092782764	0.03177365444811642	-0.09830808531126813	397
half_step_2	91.11796629347822	0.04999999999999716	1	0	0	0	81618815180.52	3025033.5734168515	0.03177505725059859	-0.09707797291286824	412
full_step	91.16796629347822	0.09999999999999432	2	1	1	0.5	81618815180.52	1963443.1218619577	0.031773832503560584	-0.09696483203350567	401
half_step_1	91.16796629347822	0.04999999999999716	2	0	0	0	81618815180.52	2898557.78696479	0.031773832503560584	-0.09696483203350567	401
half_step_2	91.21796629347821	0.04999999999999716	1	0	0	0	81618815180.52	2961417.2099189376	0.03177523638790092	-0.09762723515500929	407
full_step	91.26796629347821	0.09999999999999432	2	2	2	1	81618815180.52	2286012.8712160015	0.03177400592406343	-0.0963648509475273	399
half_step_1	91.26796629347821	0.04999999999999716	2	0	0	0	81618815180.52	2883298.452494082	0.03177400592406343	-0.0963648509475273	399
half_step_2	91.31796629347821	0.04999999999999716	1	0	0	0	81618815180.52	3207005.9079093947	0.03177541163104536	-0.09392393520980781	410
full_step	91.3679662934782	0.09999999999999432	2	1	1	0.5	81618815180.52	1884024.8642566758	0.03177417686947592	-0.09488582093496857	397
half_step_1	91.3679662934782	0.04999999999999716	2	0	0	0	81618815180.52	2818090.2347271675	0.03177417686947592	-0.09488582093496857	397
half_step_2	91.4179662934782	0.04999999999999716	1	0	0	0	81618815180.52	3028439.609454565	0.03177558493662502	-0.0974833984810631	393
full_step	91.4679662934782	0.09999999999999432	2	2	2	1	81618815180.52	2378431.493453886	0.03177434586081063	-0.09488410889475159	402
half_step_1	91.4679662934782	0.04999999999999716	2	0	0	0	81618815180.52	3037639.2084912737	0.03177434586081063	-0.09488410889475159	402
half_step_2	91.5179662934782	0.04999999999999716	1	0	0	0	81618815180.52	2916303.224129992	0.03177575613196382	-0.09928508202295344	398
full_step	91.5679662934782	0.09999999999999432	2	2	2	1	81618815180.52	2018030.8949274519	0.031774512616124184	-0.09480135089322578	396
half_step_1	91.5679662934782	0.04999999999999716	2	0	0	0	81618815180.52	2949177.5711844917	0.031774512616124184	-0.09480135089322578	396
half_step_2	91.61796629347819	0.04999999999999716	1	0	0	0	81618815180.52	3283097.4550804785	0.03177592474204971	-0.09463979965537705	419
full_step	91.66796629347819	0.09999999999999432	2	2	2	1	81618815180.52	2114955.757506048	0.03177467656770716	-0.09616941269523915	388
half_step_1	91.66796629347819	0.04999999999999716	2	0	0	0	81618815180.52	2912569.5774028013	0.03177467656770716	-0.09616941269523915	388
half_step_2	91.71796629347818	0.04999999999999716	1	0	0	0	81618815180.52	3054017.684286348	0.03177609016877625	-0.10065757073009597	416
full_step	91.76796629347818	0.09999999999999432	2	2	2	1	81618815180.52	2238316.412010263	0.031774837010402734	-0.0952550542171203	411
half_step_1	91.76796629347818	0.04999999999999716	2	0	0	0	81618815180.52	3065101.9391979873	0.031774837010402734	-0.0952550542171203	411
half_step_2	91.81796629347818	0.04999999999999716	1	0	0	0	81618815180.52	2769026.7230519676	0.031776251751054474	-0.09786448545670474	400
full_step	91.86796629347818	0.09999999999999432	2	2	2	1	81618815180.52	2251022.664345826	0.03177499351336621	-0.09429262302770168	413
half_step_1	91.86796629347818	0.04999999999999716	2	0	0	0	81618815180.52	3075665.960611937	0.03177499351336621	-0.09429262302770168	413
half_step_2	91.91796629347817	0.04999999999999716	1	0	0	0	81618815180.52	3139080.3536545355	0.031776408917650656	-0.09640271882401938	411
full_step	91.96796629347817	0.09999999999999432	2	2	2	1	81618815180.52	2000722.7275863849	0.031775144999215854	-0.1005739077720111	405
half_step_1	91.96796629347817	0.04999999999999716	2	0	0	0	81618815180.52	2739242.806898172	0.031775144999215854	-0.1005739077720111	405
half_step_2	92.01796629347817	0.04999999999999716	1	0	0	0	81618815180.52	3205922.8513864754	0.03177656083515501	-0.09554324940272108	404
full_step	92.06796629347816	0.09999999999999432	2	2	2	1	81618815180.52	2836970.008004598	0.031775291182370324	-0.09720948695377384	404
half_step_1	92.06796629347816	0.04999999999999716	2	0	0	0	81618815180.52	2972046.585963794	0.031775291182370324	-0.09720948695377384	404
half_step_2	92.11796629347816	0.04999999999999716	1	0	0	0	81618815180.52	2932987.1677379063	0.031776706965374046	-0.09589827936256409	395
full_step	92.16796629347816	0.09999999999999432	2	2	2	1	81618815180.52	3025032.8653433593	0.03177543132510152	-0.09416391045681778	421
half_step_1	92.16796629347816	0.04999999999999716	2	0	0	0	81618815180.52	3200585.8664666032	0.03177543132510152	-0.09416391045681778	421
half_step_2	92.21796629347816	0.04999999999999716	1	0	0	0	81618815180.52	3242195.387457949	0.03177684656772328	-0.09548646238751086	409
full_step	92.26796629347815	0.09999999999999432	2	2	2	1	81618815180.52	2265885.7063016226	0.03177556446699725	-0.09474001274006734	411
half_step_1	92.26796629347815	0.04999999999999716	2	0	0	0	81618815180.52	3090683.7268210645	0.03177556446699725	-0.09474001274006734	411
half_step_2	92.31796629347815	0.04999999999999716	1	0	0	0	81618815180.52	3315389.1335629732	0.031776978805353906	-0.09377347066315406	406
full_step	92.36796629347815	0.09999999999999432	2	2	2	1	81618815180.52	2633762.3528846935	0.03177569029071492	-0.09794940441252156	396
half_step_1	92.36796629347815	0.04999999999999716	2	0	0	0	81618815180.52	2779562.2255014344	0.03177569029071492	-0.09794940441252156	396
half_step_2	92.41796629347814	0.04999999999999716	1	0	0	0	81618815180.52	3246544.6881159875	0.03177710307112136	-0.09521475674945007	411
full_step	92.46796629347814	0.09999999999999432	2	2	2	1	81618815180.52	2868035.8096031095	0.03177580714964279	-0.09601200294549689	415
half_step_1	92.46796629347814	0.04999999999999716	2	0	0	0	81618815180.52	3072144.5201878343	0.03177580714964279	-0.09601200294549689	415
half_step_2	92.51796629347814	0.04999999999999716	1	0	0	0	81618815180.52	3241926.5976724774	0.03177721822206081	-0.09630057100888181	405
full_step	92.56796629347814	0.09999999999999432	2	2	2	1	81618815180.52	2832105.460822572	0.03177591502374355	-0.09740175467770425	409
half_step_1	92.56796629347814	0.04999999999999716	2	0	0	0	81618815180.52	3009050.071896478	0.03177591502374355	-0.09740175467770425	409
half_step_2	92.61796629347813	0.04999999999999716	1	0	0	0	81618815180.52	3219652.1137140207	0.03177732374210507	-0.09633285941170226	402
full_step	92.66796629347813	0.09999999999999432	2	2	2	1	81618815180.52	2090469.7334298969	0.031776012987663194	-0.09705842273493541	404
half_step_1	92.66796629347813	0.04999999999999716	2	0	0	0	81618815180.52	2898785.2458490487	0.031776012987663194	-0.09705842273493541	404
half_step_2	92.71796629347813	0.04999999999999716	1	0	0	0	81618815180.52	3063474.061905637	0.03177741871694195	-0.09688684526401514	403
full_step	92.76796629347812	0.09999999999999432	1	2	2	2	81618815180.52	2787680.9612595183	0.031776099764286414	-0.0979470317746309	404
half_step_1	92.76796629347812	0.04999999999999716	1	0	0	0	81618815180.52	2859816.0701716836	0.031776099764286414	-0.0979470317746309	404
half_step_2	92.81796629347812	0.04999999999999716	1	0	0	0	81618815180.52	3012757.156573356	0.03177738139596897	-0.09796017161373802	406
full_step	92.86796629347812	0.09999999999999432	2	2	2	1	81618815180.52	1997671.6184014385	0.03177672728055825	-0.09686363542125528	403
half_step_1	92.86796629347812	0.04999999999999716	2	0	0	0	81618815180.52	2983809.640252146	0.03177672728055825	-0.09686363542125528	403
half_step_2	92.91796629347812	0.04999999999999716	1	0	0	0	81618815180.52	3183739.7687571985	0.0317777979498004	-0.0968899647505819	410
full_step	92.96796629347811	0.09999999999999432	2	2	2	1	81618815180.52	2033060.8728321975	0.03177631095236677	-0.09874193177292509	402
half_step_1	92.96796629347811	0.04999999999999716	2	0	0	0	81618815180.52	2828372.6372120054	0.03177631095236677	-0.09874193177292509	402
half_step_2	93.01796629347811	0.04999999999999716	1	0	0	0	81618815180.52	3158319.476017806	0.03177764303855213	-0.09483572304520188	413
full_step	93.06796629347811	0.09999999999999432	1	2	2	2	81618815180.52	3356795.886616192	0.03177627530764937	-0.09544437679954007	413
half_step_1	93.06796629347811	0.04999999999999716	1	0	0	0	81618815180.52	3080514.7114696484	0.03177627530764937	-0.09544437679954007	413
half_step_2	93.1179662934781	0.04999999999999716	1	0	0	0	81618815180.52	3033628.531958141	0.03177752977826742	-0.09443382397307003	401
full_step	93.1679662934781	0.09999999999999432	1	2	2	2	81618815180.52	3281082.577014501	0.031776820536279615	-0.09655219600135284	403
half_step_1	93.1679662934781	0.04999999999999716	1	0	0	0	81618815180.52	3137581.261592208	0.031776820536279615	-0.09655219600135284	403
half_step_2	93.2179662934781	0.04999999999999716	1	0	0	0	81618815180.52	2926908.1302967137	0.03177773423929864	-0.09843138395514678	391
full_step	93.2679662934781	0.09999999999999432	1	2	2	2	81618815180.52	3005444.3465612684	0.03177697718649597	-0.09570000207909748	394
half_step_1	93.2679662934781	0.04999999999999716	1	0	0	0	81618815180.52	2879170.691724007	0.03177697718649597	-0.09570000207909748	394
half_step_2	93.3179662934781	0.04999999999999716	1	0	0	0	81618815180.52	2908903.848548415	0.031777775346242265	-0.09861101037208601	401
full_step	93.36796629347809	0.09999999999999432	1	2	2	2	81618815180.52	3188959.2123602536	0.03177686732055918	-0.09778270322776356	407
half_step_1	93.36796629347809	0.04999999999999716	1	0	0	0	81618815180.52	3007443.764628568	0.03177686732055918	-0.09778270322776356	407
half_step_2	93.41796629347809	0.04999999999999716	1	0	0	0	81618815180.52	2958816.3163614897	0.03177772152430691	-0.09448401688436771	391
full_step	93.46796629347809	0.09999999999999432	1	2	2	2	81618815180.52	3319708.826349364	0.03177691850741837	-0.09803917403194269	416
half_step_1	93.46796629347809	0.04999999999999716	1	0	0	0	81618815180.52	3234948.1474386076	0.03177691850741837	-0.09803917403194269	416
half_step_2	93.51796629347808	0.04999999999999716	1	0	0	0	81618815180.52	3007981.7580482955	0.03177769605595415	-0.09891412144871604	412
full_step	93.56796629347808	0.09999999999999432	1	2	2	2	81618815180.52	3457943.542995157	0.031776751436851214	-0.09562168518314326	415
half_step_1	93.56796629347808	0.04999999999999716	1	0	0	0	81618815180.52	3166884.2730951738	0.031776751436851214	-0.09562168518314326	415
half_step_2	93.61796629347808	0.04999999999999716	1	0	0	0	81618815180.52	3142290.756636307	0.031777616986872204	-0.09695177977908377	415
full_step	93.66796629347807	0.09999999999999432	1	2	2	2	81618815180.52	2127971.0476626125	0.03177691324641785	-0.09771818156139109	400
half_step_1	93.66796629347807	0.04999999999999716	1	0	0	0	81618815180.52	2958398.3037047116	0.03177691324641785	-0.09771818156139109	400
half_step_2	93.71796629347807	0.04999999999999716	1	0	0	0	81618815180.52	2953934.8579955534	0.03177759474201025	-0.09598539532207377	398
full_step	93.76796629347807	0.09999999999999432	1	2	2	2	81618815180.52	3291406.3969540354	0.03177658497088487	-0.09766909727854305	412
half_step_1	93.76796629347807	0.04999999999999716	1	0	0	0	81618815180.52	3097460.9089887952	0.03177658497088487	-0.09766909727854305	412
half_step_2	93.81796629347807	0.04999999999999716	1	0	0	0	81618815180.52	3272639.024277215	0.03177742803386252	-0.09363913301764065	411
full_step	93.86796629347806	0.09999999999999432	1	2	2	2	81618815180.52	2207431.7429064545	0.0317767748923643	-0.09519282684078813	399
half_step_1	93.86796629347806	0.04999999999999716	1	0	0	0	81618815180.52	3022332.48246382	0.0317767748923643	-0.09519282684078813	399
half_step_2	93.91796629347806	0.04999999999999716	1	0	0	0	81618815180.52	3320751.3058124413	0.03177737603492403	-0.09559627153312178	420
full_step	93.96796629347806	0.09999999999999432	1	2	2	2	81618815180.52	3130363.6103476007	0.0317763071596886	-0.09524435941699182	405
half_step_1	93.96796629347806	0.04999999999999716	1	0	0	0	81618815180.52	3129413.139851024	0.0317763071596886	-0.09524435941699182	405
half_step_2	94.01796629347805	0.04999999999999716	1	0	0	0	81618815180.52	3162863.938523566	0.03177710012609225	-0.09582119977167929	397
full_step	94.06796629347805	0.09999999999999432	1	2	2	2	81618815180.52	2030272.2136365746	0.03177632359543736	-0.09730644026638223	407
half_step_1	94.06796629347805	0.04999999999999716	1	0	0	0	81618815180.52	2974170.4638342885	0.03177632359543736	-0.09730644026638223	407
half_step_2	94.11796629347805	0.04999999999999716	1	0	0	0	81618815180.52	3299037.2032300374	0.03177695909711531	-0.09473379684844842	409
full_step	94.16796629347805	0.09999999999999432	1	2	2	2	81618815180.52	3497904.056967481	0.031775904818204026	-0.09420099415256429	411
half_step_1	94.16796629347805	0.04999999999999716	1	0	0	0	81618815180.52	3254075.578608385	0.031775904818204026	-0.09420099415256429	411
half_step_2	94.21796629347804	0.04999999999999716	1	0	0	0	81618815180.52	3114133.153069921	0.031776678442085426	-0.09624336770103845	397
full_step	94.26796629347804	0.09999999999999432	1	2	2	2	81618815180.52	3151566.4779790384	0.03177591587969175	-0.09466083612300245	407
half_step_1	94.26796629347804	0.04999999999999716	1	0	0	0	81618815180.52	3084408.2544812066	0.03177591587969175	-0.09466083612300245	407
half_step_2	94.31796629347804	0.04999999999999716	1	0	0	0	81618815180.52	3152932.8955164445	0.03177649370992697	-0.09527804622854916	402
full_step	94.36796629347803	0.09999999999999432	1	2	2	2	81618815180.52	2898253.3508375254	0.03177540471627083	-0.09712420519799618	406
half_step_1	94.36796629347803	0.04999999999999716	1	0	0	0	81618815180.52	2979395.193820465	0.03177540471627083	-0.09712420519799618	406
half_step_2	94.41796629347803	0.04999999999999716	1	0	0	0	81618815180.52	3090546.692032558	0.031776132905392274	-0.0949533054252352	404
full_step	94.46796629347803	0.09999999999999432	1	2	2	2	81618815180.52	3118892.752780426	0.031775349842902756	-0.09705663652692659	406
half_step_1	94.46796629347803	0.04999999999999716	1	0	0	0	81618815180.52	3165038.828458073	0.031775349842902756	-0.09705663652692659	406
half_step_2	94.51796629347803	0.04999999999999716	1	0	0	0	81618815180.52	3081046.1510285134	0.03177587105088264	-0.0958067532967849	403
full_step	94.56796629347802	0.09999999999999432	1	2	2	2	81618815180.52	3327675.321838091	0.031774714470870435	-0.09554709935908237	413
half_step_1	94.56796629347802	0.04999999999999716	1	0	0	0	81618815180.52	3133665.3081908496	0.031774714470870435	-0.09554709935908237	413
half_step_2	94.61796629347802	0.04999999999999716	1	0	0	0	81618815180.52	3124322.2480689883	0.031775425063997886	-0.09713514256560711	408
full_step	94.66796629347802	0.09999999999999432	1	2	2	2	81618815180.52	2037063.820232508	0.0317746735320128	-0.09680956938447301	412
half_step_1	94.66796629347802	0.04999999999999716	1	0	0	0	81618815180.52	3096161.9353347067	0.0317746735320128	-0.09680956938447301	412
half_step_2	94.71796629347801	0.04999999999999716	1	0	0	0	81618815180.52	3193855.7205339377	0.03177511600800642	-0.09592313030808848	404
full_step	94.76796629347801	0.09999999999999432	1	2	2	2	81618815180.52	3258287.5513490983	0.03177390075707365	-0.09586895916911253	399
half_step_1	94.76796629347801	0.04999999999999716	1	0	0	0	81618815180.52	3099160.988589354	0.03177390075707365	-0.09586895916911253	399
half_step_2	94.81796629347801	0.04999999999999716	1	0	0	0	81618815180.52	3057121.3120851056	0.031774559444968986	-0.09765264371387442	400
full_step	94.867966293478	0.09999999999999432	1	2	2	2	81618815180.52	2551422.9942441983	0.031773775097207135	-0.0983376808523523	394
half_step_1	94.867966293478	0.04999999999999716	1	0	0	0	81618815180.52	2851479.957666309	0.031773775097207135	-0.0983376808523523	394
half_step_2	94.917966293478	0.04999999999999716	1	0	0	0	81618815180.52	3052522.3895298345	0.03177415835928343	-0.09676181567870609	402
full_step	94.967966293478	0.09999999999999432	1	2	2	2	81618815180.52	2873655.7435055426	0.031772881271436404	-0.09382825764300627	399
half_step_1	94.967966293478	0.04999999999999716	1	0	0	0	81618815180.52	3029435.5354623105	0.031772881271436404	-0.09382825764300627	399
half_step_2	95.017966293478	0.04999999999999716	1	0	0	0	81618815180.52	3119141.2093227636	0.03177348847735573	-0.09539838102527014	404
full_step	95.067966293478	0.09999999999999432	1	2	2	2	81618815180.52	2367205.266219245	0.03177264408405733	-0.09478210935013309	412
half_step_1	95.067966293478	0.04999999999999716	1	0	0	0	81618815180.52	2596565.433995394	0.03177264408405733	-0.09478210935013309	412
half_step_2	95.11796629347799	0.04999999999999716	1	0	0	0	81618815180.52	2866496.5842928337	0.031775595082436325	-0.0978374317819538	395
full_step	95.16796629347799	0.09999999999999432	1	2	2	2	81618815180.52	3264500.711637408	0.03177005379816933	-0.09573012978420932	410
half_step_1	95.16796629347799	0.04999999999999716	1	0	0	0	81618815180.52	2338254.7163719847	0.03177005379816933	-0.09573012978420932	410
half_step_2	95.21796629347799	0.04999999999999716	1	0	0	0	81618815180.52	2676874.78537385	0.03177789640609774	-0.09810567865472102	390
full_step	95.26796629347798	0.09999999999999432	1	2	2	2	81618815180.52	2746056.343644844	0.031768390347295394	-0.09635830227263877	401
half_step_1	95.26796629347798	0.04999999999999716	1	0	0	0	81618815180.52	2374587.081566177	0.031768390347295394	-0.09635830227263877	401
half_step_2	95.31796629347798	0.04999999999999716	1	0	0	0	81618815180.52	3118733.4067874276	0.03178049321077481	-0.09746895819748004	419
full_step	95.36796629347798	0.09999999999999432	1	2	2	2	81618815180.52	3007298.615351876	0.031765703864337524	-0.09807785361766966	396
half_step_1	95.36796629347798	0.04999999999999716	1	0	0	0	81618815180.52	2110797.181203993	0.031765703864337524	-0.09807785361766966	396
half_step_2	95.41796629347797	0.04999999999999716	1	0	0	0	81618815180.52	2870838.2544922405	0.03178287479944686	-0.09450652594611011	388
full_step	95.46796629347797	0.09999999999999432	1	2	2	2	81618815180.52	2158764.705606488	0.031763731857594735	-0.09604680372203867	404
half_step_1	95.46796629347797	0.04999999999999716	1	0	0	0	81618815180.52	2132403.2675084034	0.031763731857594735	-0.09604680372203867	404
half_step_2	95.51796629347797	0.04999999999999716	1	2	2	2	81618815180.52	2989805.8084833645	0.03178553262507933	-0.09367356930543595	414
full_step	95.56796629347797	0.09999999999999432	1	2	2	2	81618815180.52	3131878.074629452	0.03176291395647013	-0.0968960536658442	401
half_step_1	95.56796629347797	0.04999999999999716	1	0	0	0	81618815180.52	2087563.7434560272	0.03176291395647013	-0.0968960536658442	401
half_step_2	95.61796629347796	0.04999999999999716	1	2	2	2	81618815180.52	2780489.3935200297	0.031788570556273044	-0.09480542931806574	397
full_step	95.66796629347796	0.09999999999999432	1	2	2	2	81618815180.52	2162265.1682566223	0.03175964554618815	-0.09521147646636476	400
half_step_1	95.66796629347796	0.04999999999999716	1	0	0	0	81618815180.52	2076614.1436242198	0.03175964554618815	-0.09521147646636476	400
half_step_2	95.71796629347796	0.04999999999999716	1	2	2	2	81618815180.52	3125597.0633545546	0.03179117874221049	-0.09257040132962849	406
full_step	95.76796629347795	0.09999999999999432	1	2	2	2	81618815180.52	3328593.81864241	0.03177072806040826	-0.09349510608306885	409
half_step_1	95.76796629347795	0.04999999999999716	1	0	0	0	81618815180.52	2120125.817717844	0.03177072806040826	-0.09349510608306885	409
half_step_2	95.81796629347795	0.04999999999999716	1	0	0	0	81618815180.52	2312965.7851902847	0.031796134217614735	-0.09476668370789662	400
full_step	95.86796629347795	0.09999999999999432	1	2	2	2	81618815180.52	2623184.180064557	0.03177700539119144	-0.09670750956665561	407
half_step_1	95.86796629347795	0.04999999999999716	1	0	0	0	81618815180.52	2282991.9140256317	0.03177700539119144	-0.09670750956665561	407
half_step_2	95.91796629347795	0.04999999999999716	1	0	0	0	81618815180.52	2530269.7130648596	0.03177019154895788	-0.09554872941382034	409
full_step	95.96796629347794	0.09999999999999432	1	2	2	2	81618815180.52	2749279.1838377095	0.03176332963083439	-0.09779796472638015	407
half_step_1	95.96796629347794	0.04999999999999716	1	0	0	0	81618815180.52	2280135.252875378	0.03176332963083439	-0.09779796472638015	407
half_step_2	96.01796629347794	0.04999999999999716	1	0	0	0	81618815180.52	2598950.8960282705	0.031764818785418925	-0.09645700192776323	417
full_step	96.06796629347794	0.09999999999999432	1	2	2	2	81618815180.52	2836602.4991874225	0.031761376410329945	-0.09607842509452968	400
half_step_1	96.06796629347794	0.04999999999999716	1	0	0	0	81618815180.52	2424073.6684552343	0.031761376410329945	-0.09607842509452968	400
half_step_2	96.11796629347793	0.04999999999999716	1	0	0	0	81618815180.52	2522391.7190896594	0.031762113803594616	-0.09500276580104428	406
full_step	96.16796629347793	0.09999999999999432	1	2	2	2	81618815180.52	2801242.0327059277	0.03175747442979571	-0.09656040802806569	405
half_step_1	96.16796629347793	0.04999999999999716	1	0	0	0	81618815180.52	2407592.318159561	0.03175747442979571	-0.09656040802806569	405
half_step_2	96.21796629347793	0.04999999999999716	1	0	0	0	81618815180.52	2724260.0831315517	0.03175913957188925	-0.09512322584797007	416
full_step	96.26796629347793	0.09999999999999432	1	2	2	2	81618815180.52	2793881.0037548593	0.031755442296386605	-0.09955247518545061	392
half_step_1	96.26796629347793	0.04999999999999716	1	0	0	0	81618815180.52	2398224.254915375	0.031755442296386605	-0.09955247518545061	392
half_step_2	96.31796629347792	0.04999999999999716	1	0	0	0	81618815180.52	2758694.1493650917	0.03175603823761719	-0.09262012259767527	410
full_step	96.36796629347792	0.09999999999999432	1	2	2	2	81618815180.52	3019841.8456816426	0.0317510253802169	-0.09542068920196363	406
half_step_1	96.36796629347792	0.04999999999999716	1	0	0	0	81618815180.52	2549312.9691117164	0.0317510253802169	-0.09542068920196363	406
half_step_2	96.41796629347792	0.04999999999999716	1	0	0	0	81618815180.52	2490894.6503002862	0.031752521424294855	-0.09826890420158987	413
full_step	96.46796629347791	0.09999999999999432	1	2	2	2	81618815180.52	2980498.8019608674	0.03174596058680379	-0.09749762479859736	411
half_step_1	96.46796629347791	0.04999999999999716	1	0	0	0	81618815180.52	2376940.8392976997	0.03174596058680379	-0.09749762479859736	411
half_step_2	96.51796629347791	0.04999999999999716	1	0	0	0	81618815180.52	2522147.3576946016	0.03175044963263929	-0.09317296400403295	398
full_step	96.56796629347791	0.09999999999999432	1	2	2	2	81618815180.52	3206510.8180746036	0.0317481856815931	-0.0937496317309143	401
half_step_1	96.56796629347791	0.04999999999999716	1	0	0	0	81618815180.52	2640370.9761281568	0.0317481856815931	-0.0937496317309143	401
half_step_2	96.6179662934779	0.04999999999999716	1	0	0	0	81618815180.52	2539456.994936317	0.03175215206211135	-0.09432693385764594	409
full_step	96.6679662934779	0.09999999999999432	1	2	2	2	81618815180.52	2941238.2019629874	0.03175067913943508	-0.09543052056191098	388
half_step_1	96.6679662934779	0.04999999999999716	1	0	0	0	81618815180.52	2331430.897689026	0.03175067913943508	-0.09543052056191098	388
half_step_2	96.7179662934779	0.04999999999999716	1	0	0	0	81618815180.52	2494257.5487624463	0.03175405045966784	-0.09663925427797429	403
full_step	96.7679662934779	0.09999999999999432	1	2	2	2	81618815180.52	2964572.586061619	0.03175180790383081	-0.09757190992786811	406
half_step_1	96.7679662934779	0.04999999999999716	1	0	0	0	81618815180.52	2441360.855081849	0.03175180790383081	-0.09757190992786811	406
half_step_2	96.8179662934779	0.04999999999999716	1	0	0	0	81618815180.52	2326010.077545138	0.03175610292052511	-0.09949683585059302	402
full_step	96.86796629347789	0.09999999999999432	1	2	2	2	81618815180.52	3107329.313411819	0.03175496152657331	-0.0937375040647259	400
half_step_1	96.86796629347789	0.04999999999999716	1	0	0	0	81618815180.52	2422748.3920436874	0.03175496152657331	-0.0937375040647259	400
half_step_2	96.91796629347789	0.04999999999999716	1	0	0	0	81618815180.52	2392899.405601768	0.031758450003323446	-0.0969347037409451	410
full_step	96.96796629347789	0.09999999999999432	1	2	2	2	81618815180.52	3140897.658950865	0.03175643108788506	-0.0947948982698856	396
half_step_1	96.96796629347789	0.04999999999999716	1	0	0	0	81618815180.52	2441762.8453308404	0.03175643108788506	-0.0947948982698856	396
half_step_2	97.01796629347788	0.04999999999999716	1	0	0	0	81618815180.52	2550123.7634577537	0.03176089293576467	-0.09514530851915264	408
full_step	97.06796629347788	0.09999999999999432	1	2	2	2	81618815180.52	2714278.1842344366	0.031759948672984706	-0.0962457730355042	406
half_step_1	97.06796629347788	0.04999999999999716	1	0	0	0	81618815180.52	2761893.791266168	0.031759948672984706	-0.0962457730355042	406
half_step_2	97.11796629347788	0.04999999999999716	1	0	0	0	81618815180.52	2476269.6244191397	0.031761113933683305	-0.09627997154836715	382
full_step	97.16796629347787	0.09999999999999432	1	2	2	2	81618815180.52	3220914.4175567473	0.03176548826196779	-0.09433781768825918	407
half_step_1	97.16796629347787	0.04999999999999716	1	0	0	0	81618815180.52	2320028.9119278407	0.03176548826196779	-0.09433781768825918	407
half_step_2	97.21796629347787	0.04999999999999716	1	0	0	0	81618815180.52	2868382.9081705837	0.03177476508929544	-0.09491063241296689	403
full_step	97.26796629347787	0.09999999999999432	1	2	2	2	81618815180.52	2801928.1583286934	0.031768387026360756	-0.09482837305430124	405
half_step_1	97.26796629347787	0.04999999999999716	1	0	0	0	81618815180.52	2259110.2416066504	0.031768387026360756	-0.09482837305430124	405
half_step_2	97.31796629347787	0.04999999999999716	1	0	0	0	81618815180.52	2676134.679505217	0.03177383806514911	-0.09971854344125533	403
full_step	97.36796629347786	0.09999999999999432	1	2	2	2	81618815180.52	3197805.9158167173	0.031770303554040424	-0.09575049322873215	401
half_step_1	97.36796629347786	0.04999999999999716	1	0	0	0	81618815180.52	2858185.9079446746	0.031770303554040424	-0.09575049322873215	401
half_step_2	97.41796629347786	0.04999999999999716	1	0	0	0	81618815180.52	2704056.610453611	0.031774764743502715	-0.09671794384491716	402
full_step	97.46796629347786	0.09999999999999432	1	3	3	3	81618815180.52	2825731.0192866176	0.031773973879026585	-0.09254347835704337	394
half_step_1	97.46796629347786	0.04999999999999716	1	0	0	0	81618815180.52	2889288.0400156174	0.031773973879026585	-0.09254347835704337	394
half_step_2	97.51796629347785	0.04999999999999716	1	0	0	0	81618815180.52	2890039.757500186	0.03177707982470679	-0.09508224361909791	396
full_step	97.56796629347785	0.09999999999999432	1	2	2	2	81618815180.52	3134912.5225893897	0.031775748131778414	-0.0950120760151941	393
half_step_1	97.56796629347785	0.04999999999999716	1	0	0	0	81618815180.52	2774750.924973791	0.031775748131778414	-0.0950120760151941	393
half_step_2	97.61796629347785	0.04999999999999716	1	0	0	0	81618815180.52	2842461.0238156063	0.03177887886850783	-0.09470701623203032	402
full_step	97.66796629347785	0.09999999999999432	1	2	2	2	81618815180.52	3266020.6879532672	0.03177793081981406	-0.09404047308880954	400
half_step_1	97.66796629347785	0.04999999999999716	1	0	0	0	81618815180.52	2851127.485538886	0.03177793081981406	-0.09404047308880954	400
half_step_2	97.71796629347784	0.04999999999999716	1	0	0	0	81618815180.52	2809710.593976448	0.031780306877593034	-0.09576577957425048	397
full_step	97.76796629347784	0.09999999999999432	1	2	2	2	81618815180.52	3033570.2703759223	0.03177877666821871	-0.09707332529511456	409
half_step_1	97.76796629347784	0.04999999999999716	1	0	0	0	81618815180.52	2658281.282130722	0.03177877666821871	-0.09707332529511456	409
half_step_2	97.81796629347784	0.04999999999999716	1	0	0	0	81618815180.52	2954577.721690945	0.031781856778607676	-0.09572019754657006	405
full_step	97.86796629347783	0.09999999999999432	1	2	2	2	81618815180.52	2152445.1690649022	0.031781066547736714	-0.09543931065260683	399
half_step_1	97.86796629347783	0.04999999999999716	1	0	0	0	81618815180.52	2847738.2923539244	0.031781066547736714	-0.09543931065260683	399
half_step_2	97.91796629347783	0.04999999999999716	1	0	0	0	81618815180.52	2909442.360324144	0.03178364147554191	-0.09476309068561059	395
full_step	97.96796629347783	0.09999999999999432	1	2	2	2	81618815180.52	3185610.675825587	0.03178216228069175	-0.09760560735833781	405
half_step_1	97.96796629347783	0.04999999999999716	1	0	0	0	81618815180.52	2815510.8817528896	0.03178216228069175	-0.09760560735833781	405
half_step_2	98.01796629347783	0.04999999999999716	1	0	0	0	81618815180.52	2849875.7884467696	0.03178529035987765	-0.09561660630386193	399
full_step	98.06796629347782	0.09999999999999432	1	2	2	2	81618815180.52	2753115.438741339	0.03178450251098752	-0.09359579226573286	399
half_step_1	98.06796629347782	0.04999999999999716	1	0	0	0	81618815180.52	2841490.6521725934	0.03178450251098752	-0.09359579226573286	399
half_step_2	98.11796629347782	0.04999999999999716	1	0	0	0	81618815180.52	2947917.022575455	0.03178711124030542	-0.09414654705270983	398
full_step	98.16796629347782	0.09999999999999432	1	2	2	2	81618815180.52	3199001.506762434	0.031785612306691746	-0.0956225425994987	399
half_step_1	98.16796629347782	0.04999999999999716	1	0	0	0	81618815180.52	2778903.854825006	0.031785612306691746	-0.0956225425994987	399
half_step_2	98.21796629347782	0.04999999999999716	1	0	0	0	81618815180.52	2613179.730634463	0.031788789441478116	-0.09773477701636712	388
full_step	98.26796629347781	0.09999999999999432	1	2	2	2	81618815180.52	2640384.994303753	0.03178801229340422	-0.09660391596153704	408
half_step_1	98.26796629347781	0.04999999999999716	1	0	0	0	81618815180.52	2686256.4629713767	0.03178801229340422	-0.09660391596153704	408
half_step_2	98.31796629347781	0.04999999999999716	1	0	0	0	81618815180.52	2825885.03637343	0.03179064719613223	-0.09415897182713447	406
full_step	98.3679662934778	0.09999999999999432	1	2	2	2	81618815180.52	3146598.1251891325	0.03178912332666073	-0.09521634829156518	394
half_step_1	98.3679662934778	0.04999999999999716	1	0	0	0	81618815180.52	2819711.6834370107	0.03178912332666073	-0.09521634829156518	394
half_step_2	98.4179662934778	0.04999999999999716	1	0	0	0	81618815180.52	2847506.323408715	0.03179233764093681	-0.09636508696823062	407
full_step	98.4679662934778	0.09999999999999432	1	2	2	2	81618815180.52	2086877.9565166864	0.03179149624844513	-0.09508742885678206	395
half_step_1	98.4679662934778	0.04999999999999716	1	0	0	0	81618815180.52	2684652.833684364	0.03179149624844513	-0.09508742885678206	395
half_step_2	98.5179662934778	0.04999999999999716	1	0	0	0	81618815180.52	2809143.8099505003	0.031669824943875824	-0.09504800955574258	399
full_step	98.5679662934778	0.09999999999999432	1	2	2	2	81618815180.52	3229105.4403339652	0.03176863429494858	-0.09233072803352199	409
half_step_1	98.5679662934778	0.04999999999999716	1	0	0	0	81618815180.52	2817764.116074528	0.03176863429494858	-0.09233072803352199	409
half_step_2	98.61796629347779	0.04999999999999716	1	0	0	0	81618815180.52	2876321.772409367	0.031653693500160784	-0.09375429197012249	407
full_step	98.66796629347779	0.09999999999999432	1	2	2	2	81618815180.52	2455783.8474734845	0.031767327211539964	-0.0958483470177098	398
half_step_1	98.66796629347779	0.04999999999999716	1	0	0	0	81618815180.52	2769505.638621113	0.031767327211539964	-0.0958483470177098	398
half_step_2	98.71796629347779	0.04999999999999716	1	0	0	0	81618815180.52	2630692.4069895353	0.031642404511700306	-0.09778590347704912	393
full_step	98.76796629347778	0.09999999999999432	1	2	2	2	81618815180.52	3010089.8185330397	0.03176570154589342	-0.09593243599850974	409
half_step_1	98.76796629347778	0.04999999999999716	1	0	0	0	81618815180.52	2628971.7212944804	0.03176570154589342	-0.09593243599850974	409
half_step_2	98.81796629347778	0.04999999999999716	1	0	0	0	81618815180.52	2943770.1214516647	0.03163151167670719	-0.09349767568882335	405
full_step	98.86796629347778	0.09999999999999432	1	2	2	2	81618815180.52	2191755.174833743	0.03176569871385482	-0.09474258366935259	396
half_step_1	98.86796629347778	0.04999999999999716	1	0	0	0	81618815180.52	2818517.55487863	0.03176569871385482	-0.09474258366935259	396
half_step_2	98.91796629347778	0.04999999999999716	1	0	0	0	81618815180.52	2676217.225913751	0.03162073346662453	-0.09568607581991348	400
full_step	98.96796629347777	0.09999999999999432	1	2	2	2	81618815180.52	3213041.1431697924	0.03176420949456826	-0.09434331614382735	403
half_step_1	98.96796629347777	0.04999999999999716	1	0	0	0	81618815180.52	2840653.74389947	0.03176420949456826	-0.09434331614382735	403
half_step_2	99.01796629347777	0.04999999999999716	1	0	0	0	81618815180.52	3000284.600329831	0.031609996617390834	-0.09511074765619044	414
full_step	99.06796629347777	0.09999999999999432	1	2	2	2	81618815180.52	3101726.1301403274	0.031568009675723374	-0.09610545351517884	411
half_step_1	99.06796629347777	0.04999999999999716	1	0	0	0	81618815180.52	2938516.3055708753	0.031568009675723374	-0.09610545351517884	411
half_step_2	99.11796629347776	0.04999999999999716	1	0	0	0	81618815180.52	2846471.1318712425	0.03155485055246743	-0.09608593434222237	409
full_step	99.16796629347776	0.09999999999999432	1	2	2	2	81618815180.52	3217596.700679464	0.03154260575944079	-0.09454018251226218	402
half_step_1	99.16796629347776	0.04999999999999716	1	0	0	0	81618815180.52	2891887.361630271	0.03154260575944079	-0.09454018251226218	402
half_step_2	99.21796629347776	0.04999999999999716	1	0	0	0	81618815180.52	2794876.422534478	0.03153731374246149	-0.09626577682088017	397
full_step	99.26796629347776	0.09999999999999432	1	2	2	2	81618815180.52	1922436.771861439	0.031527682460890105	-0.09668769802533107	390
half_step_1	99.26796629347776	0.04999999999999716	1	0	0	0	81618815180.52	2640419.2296293867	0.031527682460890105	-0.09668769802533107	390
half_step_2	99.31796629347775	0.04999999999999716	1	0	0	0	81618815180.52	2867652.6297578937	0.03152227911955663	-0.09574862418239129	407
full_step	99.36796629347775	0.09999999999999432	1	3	3	3	81618815180.52	3107568.99010636	0.031512015926466574	-0.09356674361669434	412
half_step_1	99.36796629347775	0.04999999999999716	1	0	0	0	81618815180.52	2840166.5911573116	0.031512015926466574	-0.09356674361669434	412
half_step_2	99.41796629347775	0.04999999999999716	1	0	0	0	81618815180.52	2699458.6695976797	0.03150729311950329	-0.09690097975421669	397
full_step	99.46796629347774	0.09999999999999432	1	2	2	2	81618815180.52	2984111.6256511183	0.03149785192398724	-0.09599491011366328	402
half_step_1	99.46796629347774	0.04999999999999716	1	0	0	0	81618815180.52	2747280.436069806	0.03149785192398724	-0.09599491011366328	402
half_step_2	99.51796629347774	0.04999999999999716	1	0	0	0	81618815180.52	2949148.805096494	0.03149239747511956	-0.09402974630795932	402
full_step	99.56796629347774	0.09999999999999432	1	3	3	3	81618815180.52	3011067.3046456	0.03148207845372042	-0.0947685786360914	416
half_step_1	99.56796629347774	0.04999999999999716	1	0	0	0	81618815180.52	2963509.0478693508	0.03148207845372042	-0.0947685786360914	416
half_step_2	99.61796629347774	0.04999999999999716	1	0	0	0	81618815180.52	2761802.0813880856	0.0314772758106443	-0.09514044172789524	407
full_step	99.66796629347773	0.09999999999999432	1	2	2	2	81618815180.52	3151980.0050123013	0.03146770544218214	-0.09499888888989094	413
half_step_1	99.66796629347773	0.04999999999999716	1	0	0	0	81618815180.52	2944525.155541081	0.03146770544218214	-0.09499888888989094	413
half_step_2	99.71796629347773	0.04999999999999716	1	0	0	0	81618815180.52	2875195.8306904584	0.0314622543408376	-0.09369793427662935	402
full_step	99.76796629347773	0.09999999999999432	1	3	3	3	81618815180.52	3096893.5217076303	0.031451894291478766	-0.0945791274506353	396
half_step_1	99.76796629347773	0.04999999999999716	1	0	0	0	81618815180.52	2786673.064414214	0.031451894291478766	-0.0945791274506353	396
half_step_2	99.81796629347772	0.04999999999999716	1	0	0	0	81618815180.52	2759444.923291852	0.03144701937337402	-0.09505056137336104	395
full_step	99.86796629347772	0.09999999999999432	1	2	2	2	81618815180.52	2514775.2244856916	0.03143741009917278	-0.09617189023371137	400
half_step_1	99.86796629347772	0.04999999999999716	1	0	0	0	81618815180.52	2859978.018016028	0.03143741009917278	-0.09617189023371137	400
half_step_2	99.91796629347772	0.04999999999999716	1	0	0	0	81618815180.52	2938789.358504318	0.03143184051556602	-0.09389520459484567	413
full_step	99.96796629347772	0.03203370652228443	1	0	0	0	81618815180.52	4816791.583513248	0.03142141023472789	-0.09664747220527771	404
half_step_1	99.96796629347772	0.016016853261142217	1	0	0	0	81618815180.52	11108864.345601343	0.03142141023472789	-0.09664747220527771	404
half_step_2	99.98398314673886	0.016016853261142217	1	2	2	2	81618815180.52	467523.3516551628	0.03142942728216269	-0.09699802267686028	396
