step_type	time	step_size	num_solver_iterations	total_linesearch_iterations	max_linesearch_iterations	mean_linesearch_iterations	max_condition_number	last_condition_number	max_e0	mean_e0	total_num_constraint_pairs
full_step	0	0.010000000000000002	1	0	0	0	2815.156804233996	2815.156804233996	0	0	0
full_step	0	0.005000000000000001	1	0	0	0	2815.156804233996	2815.156804233996	0	0	0
half_step_1	0	0.0025000000000000005	0	0	0	0	2815.156804233996	2815.156804233996	0	0	0
half_step_2	0.0025000000000000005	0.0025000000000000005	0	0	0	0	2815.156804233996	2815.156804233996	0	0	0
full_step	0.005000000000000001	0.025000000000000005	1	0	0	0	2815.156804233996	2815.156804233996	0	0	0
full_step	0.005000000000000001	0.012500000000000002	1	0	0	0	2815.156804233996	2815.156804233996	0	0	0
full_step	0.005000000000000001	0.006250000000000001	1	0	0	0	2815.156804233996	2815.156804233996	0	0	0
full_step	0.005000000000000001	0.0031250000000000006	1	0	0	0	2815.156804233996	2815.156804233996	0	0	0
half_step_1	0.005000000000000001	0.0015625000000000003	0	0	0	0	2815.156804233996	2815.156804233996	0	0	0
half_step_2	0.0065625000000000015	0.0015625000000000003	0	0	0	0	2815.156804233996	2815.156804233996	0	0	0
full_step	0.008125000000000002	0.015625000000000003	9	0	0	0	492891497.7828918	22869968.65126568	0	-1.9913495868575053	32
full_step	0.008125000000000002	0.007812500000000002	10	0	0	0	492891497.7828918	19091537.053944584	0	-1.9913495868575053	32
half_step_1	0.008125000000000002	0.003906250000000001	3	0	0	0	492891497.7828918	220736670.86619726	0	-1.9913495868575053	32
half_step_2	0.012031250000000004	0.003906250000000001	14	24	8	1.7142857142857142	492891497.7828918	1613580.8203154593	0.9941333065971776	-1.5483343008003636	405
full_step	0.015937500000000004	0.02994562106206937	8	25	14	3.125	492891497.7828918	2890901.646233592	0.19108124494778167	-1.6048415577051889	335
half_step_1	0.015937500000000004	0.014972810531034685	4	22	14	5.5	492891497.7828918	1398876.8608883638	0.19108124494778167	-1.6048415577051889	335
half_step_2	0.03091031053103469	0.014972810531034685	9	0	0	0	492891497.7828918	1851649.2892324869	0	-1.6710655032790354	169
full_step	0.045883121062069376	0.05411687893793063	1	0	0	0	492891497.7828918	2815.156804233996	0	0	0
full_step	0.045883121062069376	0.027058439468965315	1	0	0	0	492891497.7828918	2815.156804233996	0	0	0
full_step	0.045883121062069376	0.013529219734482657	1	0	0	0	492891497.7828918	2815.156804233996	0	0	0
full_step	0.045883121062069376	0.006764609867241329	1	0	0	0	492891497.7828918	2815.156804233996	0	0	0
full_step	0.045883121062069376	0.0033823049336206643	1	0	0	0	492891497.7828918	2815.156804233996	0	0	0
half_step_1	0.045883121062069376	0.0016911524668103322	0	0	0	0	492891497.7828918	2815.156804233996	0	0	0
half_step_2	0.04757427352887971	0.0016911524668103322	0	0	0	0	492891497.7828918	2815.156804233996	0	0	0
full_step	0.04926542599569004	0.01691152466810332	12	0	0	0	492891497.7828918	3137202.6721253498	0	-1.5301250166421057	77
half_step_1	0.04926542599569004	0.00845576233405166	9	0	0	0	492891497.7828918	1149038.6922841773	0	-1.5301250166421057	77
half_step_2	0.0577211883297417	0.00845576233405166	3	12	10	4	492891497.7828918	10359151.807136104	0	-1.9847936487880904	26
full_step	0.04926542599569004	0.00845576233405166	10	0	0	0	492891497.7828918	1201865.5154750082	0	-1.5301250166421057	77
half_step_1	0.04926542599569004	0.00422788116702583	10	0	0	0	492891497.7828918	334362.3413321284	0	-1.5301250166421057	77
half_step_2	0.05349330716271587	0.00422788116702583	2	7	7	3.5	492891497.7828918	199783.7808753754	0	-1.4315349660412204	104
full_step	0.0577211883297417	0.04227881167025831	13	9	6	0.6923076923076923	492891497.7828918	25602615.190634374	0	-1.612681564072776	186
full_step	0.0577211883297417	0.021139405835129153	10	2	2	0.2	492891497.7828918	8977418.297587264	0	-1.612681564072776	186
full_step	0.0577211883297417	0.010569702917564577	11	0	0	0	492891497.7828918	2506010.759294463	0	-1.612681564072776	186
half_step_1	0.0577211883297417	0.005284851458782288	2	4	4	2	492891497.7828918	435679.6203980833	0	-1.612681564072776	186
half_step_2	0.06300603978852398	0.005284851458782288	2	9	9	4.5	492891497.7828918	187248.6732807506	0	-1.914229621957017	90
full_step	0.06829089124730628	0.031709108752693727	6	0	0	0	492891497.7828918	21636347.675280627	0	-1.9041137501644283	52
half_step_1	0.06829089124730628	0.015854554376346863	4	0	0	0	492891497.7828918	17660645.617577776	0	-1.9041137501644283	52
half_step_2	0.08414544562365314	0.015854554376346863	1	0	0	0	492891497.7828918	2815.156804233996	0	0	0
full_step	0.06829089124730628	0.015854554376346863	5	0	0	0	492891497.7828918	18146867.278722882	0	-1.9041137501644283	52
half_step_1	0.06829089124730628	0.007927277188173432	3	5	5	1.6666666666666667	492891497.7828918	9838990.764450308	0	-1.9041137501644283	52
half_step_2	0.07621816843547971	0.007927277188173432	1	0	0	0	492891497.7828918	2815.156804233996	0	0	0
full_step	0.06829089124730628	0.007927277188173432	5	3	3	0.6	492891497.7828918	9930004.151937827	0	-1.9041137501644283	52
half_step_1	0.06829089124730628	0.003963638594086716	3	10	7	3.3333333333333335	492891497.7828918	6164423.869676765	0	-1.9041137501644283	52
half_step_2	0.072254529841393	0.003963638594086716	3	0	0	0	492891497.7828918	217173.24839924366	0	-1.8067297094772343	229
full_step	0.07621816843547971	0.023781831564520295	7	0	0	0	492891497.7828918	5369492.357238505	0	-1.867304639109686	126
full_step	0.07621816843547971	0.011890915782260147	8	0	0	0	492891497.7828918	1271856.1049135656	0	-1.867304639109686	126
half_step_1	0.07621816843547971	0.005945457891130074	2	6	5	3	492891497.7828918	354860.9469497055	0	-1.867304639109686	126
half_step_2	0.08216362632660978	0.005945457891130074	3	12	10	4	492891497.7828918	6039117.358274128	0	-1.9910798035702255	24
full_step	0.08810908421773986	0.011890915782260147	11	9	9	0.8181818181818182	492891497.7828918	2417373.3588117007	0.6301826645649271	-1.5463700091617758	183
half_step_1	0.08810908421773986	0.005945457891130074	10	4	4	0.4	492891497.7828918	2276110.016081248	0.6301826645649271	-1.5463700091617758	183
half_step_2	0.09405454210886993	0.005945457891130074	1	0	0	0	492891497.7828918	2815.156804233996	0	0	0
full_step	0.08810908421773986	0.005945457891130074	13	19	9	1.4615384615384615	492891497.7828918	2289585.2746822834	0.6301826645649271	-1.5463700091617758	183
half_step_1	0.08810908421773986	0.002972728945565037	10	18	9	1.8	492891497.7828918	1665720.9521345347	0.6301826645649271	-1.5463700091617758	183
half_step_2	0.0910818131633049	0.002972728945565037	2	8	8	4	492891497.7828918	107905.03206184434	0	-1.692276834520818	67
full_step	0.09405454210886993	0.005945457891130074	5	21	14	4.2	492891497.7828918	1174612.5652076434	0	-1.8274729482387968	99
half_step_1	0.09405454210886993	0.002972728945565037	3	12	9	4	492891497.7828918	86496.62618782386	0	-1.8274729482387968	99
half_step_2	0.09702727105443497	0.002972728945565037	8	0	0	0	492891497.7828918	139185.50527392532	0	-1.6644477718821729	195
full_step	0.1	0.05284851458782289	6	0	0	0	492891497.7828918	27378539.39325643	0	-1.8411277830540411	101
full_step	0.1	0.026424257293911443	7	0	0	0	492891497.7828918	24691657.33186074	0	-1.8411277830540411	101
full_step	0.1	0.013212128646955722	8	3	3	0.375	492891497.7828918	16497688.596933616	0	-1.8411277830540411	101
full_step	0.1	0.006606064323477861	9	0	0	0	492891497.7828918	3489961.6852405933	0	-1.8411277830540411	101
half_step_1	0.1	0.0033030321617389304	2	6	4	3	492891497.7828918	117656.64841021251	0	-1.8411277830540411	101
half_step_2	0.10330303216173893	0.0033030321617389304	3	10	10	3.3333333333333335	492891497.7828918	85270.4792013998	0	-1.8549577755245994	102
full_step	0.10660606432347787	0.03303032161738931	10	3	3	0.3	492891497.7828918	6943011.232919964	0	-1.8466711920191585	81
full_step	0.10660606432347787	0.016515160808694654	10	6	6	0.6	492891497.7828918	1885075.9205775433	0	-1.8466711920191585	81
full_step	0.10660606432347787	0.008257580404347327	7	0	0	0	492891497.7828918	667243.7930316047	0	-1.8466711920191585	81
full_step	0.10660606432347787	0.0041287902021736635	3	7	7	2.3333333333333335	492891497.7828918	200427.85508783587	0	-1.8466711920191585	81
full_step	0.10660606432347787	0.0020643951010868317	3	3	3	1	492891497.7828918	42565.842099904956	0	-1.8466711920191585	81
half_step_1	0.10660606432347787	0.0010321975505434159	1	0	0	0	492891497.7828918	2815.156804233996	0	-1.8466711920191585	81
half_step_2	0.10763826187402128	0.0010321975505434159	1	3	3	3	492891497.7828918	2815.156804233996	0	-1.8537194279067684	137
full_step	0.1086704594245647	0.010321975505434159	13	0	0	0	492891497.7828918	1530865.5451134206	0	-1.6714580891388355	213
half_step_1	0.1086704594245647	0.005160987752717079	13	3	3	0.23076923076923078	492891497.7828918	430298.42705889663	0	-1.6714580891388355	213
half_step_2	0.11383144717728177	0.005160987752717079	1	0	0	0	492891497.7828918	2815.156804233996	0	0	0
full_step	0.1086704594245647	0.005160987752717079	14	4	4	0.2857142857142857	492891497.7828918	431441.6101346233	0	-1.6714580891388355	213
half_step_1	0.1086704594245647	0.0025804938763585397	11	0	0	0	492891497.7828918	140647.36680683217	0	-1.6714580891388355	213
half_step_2	0.11125095330092324	0.0025804938763585397	4	10	7	2.5	492891497.7828918	81838.43537055985	0	-1.700067933884169	119
full_step	0.11383144717728177	0.025804938763585396	12	8	5	0.6666666666666666	492891497.7828918	5741163.822558299	0	-1.7503478879493066	166
full_step	0.11383144717728177	0.012902469381792698	11	7	4	0.6363636363636364	492891497.7828918	3209221.4075297145	0	-1.7503478879493066	166
half_step_1	0.11383144717728177	0.006451234690896349	5	3	3	0.6	492891497.7828918	630037.9952753849	0	-1.7503478879493066	166
half_step_2	0.12028268186817813	0.006451234690896349	8	0	0	0	492891497.7828918	3410405.1111972593	0	-1.6227069601476423	94
full_step	0.12673391655907448	0.06451234690896349	1	0	0	0	492891497.7828918	2815.156804233996	0	0	0
full_step	0.12673391655907448	0.03225617345448174	1	0	0	0	492891497.7828918	2815.156804233996	0	0	0
full_step	0.12673391655907448	0.01612808672724087	1	0	0	0	492891497.7828918	2815.156804233996	0	0	0
full_step	0.12673391655907448	0.008064043363620436	1	0	0	0	492891497.7828918	2815.156804233996	0	0	0
full_step	0.12673391655907448	0.004032021681810218	1	0	0	0	492891497.7828918	2815.156804233996	0	0	0
full_step	0.12673391655907448	0.002016010840905109	1	0	0	0	492891497.7828918	2815.156804233996	0	0	0
half_step_1	0.12673391655907448	0.0010080054204525545	0	0	0	0	492891497.7828918	2815.156804233996	0	0	0
half_step_2	0.12774192197952705	0.0010080054204525545	0	0	0	0	492891497.7828918	2815.156804233996	0	0	0
full_step	0.1287499273999796	0.010080054204525544	9	0	0	0	492891497.7828918	2014492.8755733373	0	-1.8929332871453506	26
full_step	0.1287499273999796	0.005040027102262772	9	0	0	0	492891497.7828918	1844165.606151831	0	-1.8929332871453506	26
half_step_1	0.1287499273999796	0.002520013551131386	4	0	0	0	492891497.7828918	661253.430238751	0	-1.8929332871453506	26
half_step_2	0.13126994095111097	0.002520013551131386	11	2	2	0.18181818181818182	492891497.7828918	633024.1831704518	0	-1.782092738147336	202
full_step	0.13378995450224238	0.025200135511313858	9	0	0	0	492891497.7828918	5260478.001647695	0	-1.7249417207982811	143
full_step	0.13378995450224238	0.012600067755656929	9	0	0	0	492891497.7828918	1607927.3392584936	0	-1.7249417207982811	143
full_step	0.13378995450224238	0.0063000338778284645	9	3	3	0.3333333333333333	492891497.7828918	487678.71475874627	0	-1.7249417207982811	143
half_step_1	0.13378995450224238	0.0031500169389142322	3	6	6	2	492891497.7828918	90003.61876019373	0	-1.7249417207982811	143
half_step_2	0.1369399714411566	0.0031500169389142322	12	5	5	0.4166666666666667	492891497.7828918	240095.47404684886	0	-1.8194235749997842	164
full_step	0.14008998838007083	0.031500169389142324	7	0	0	0	492891497.7828918	6963688.903261893	0	-1.9139882027439803	37
full_step	0.14008998838007083	0.015750084694571162	7	0	0	0	492891497.7828918	4704437.858884601	0	-1.9139882027439803	37
half_step_1	0.14008998838007083	0.007875042347285581	3	3	3	1	492891497.7828918	660085.3332017482	0	-1.9139882027439803	37
half_step_2	0.14796503072735642	0.007875042347285581	1	0	0	0	492891497.7828918	2815.156804233996	0	0	0
full_step	0.14008998838007083	0.007875042347285581	6	0	0	0	492891497.7828918	1287212.0048476183	0	-1.9139882027439803	37
half_step_1	0.14008998838007083	0.0039375211736427905	2	12	10	6	492891497.7828918	103322.4375870465	0	-1.9139882027439803	37
half_step_2	0.14402750955371363	0.0039375211736427905	3	8	8	2.6666666666666665	492891497.7828918	155326.91730972796	0	-1.8694703045122965	59
full_step	0.14796503072735642	0.039375211736427905	1	0	0	0	492891497.7828918	2815.156804233996	0	0	0
full_step	0.14796503072735642	0.019687605868213953	1	0	0	0	492891497.7828918	2815.156804233996	0	0	0
full_step	0.14796503072735642	0.009843802934106976	1	0	0	0	492891497.7828918	2815.156804233996	0	0	0
full_step	0.14796503072735642	0.004921901467053488	1	0	0	0	492891497.7828918	2815.156804233996	0	0	0
full_step	0.14796503072735642	0.002460950733526744	1	0	0	0	492891497.7828918	2815.156804233996	0	0	0
half_step_1	0.14796503072735642	0.001230475366763372	0	0	0	0	492891497.7828918	2815.156804233996	0	0	0
half_step_2	0.1491955060941198	0.001230475366763372	0	0	0	0	492891497.7828918	2815.156804233996	0	0	0
full_step	0.15042598146088318	0.01230475366763372	6	0	0	0	492891497.7828918	1992519.9333809128	0	-1.8631739802370348	13
full_step	0.15042598146088318	0.00615237683381686	6	0	0	0	492891497.7828918	767840.8415804963	0	-1.8631739802370348	13
full_step	0.15042598146088318	0.00307618841690843	5	0	0	0	492891497.7828918	485531.39167426823	0	-1.8631739802370348	13
half_step_1	0.15042598146088318	0.001538094208454215	1	3	3	3	492891497.7828918	2815.156804233996	0	-1.8631739802370348	13
half_step_2	0.1519640756693374	0.001538094208454215	11	0	0	0	492891497.7828918	57156.02603075501	0	-1.8468946089913045	231
full_step	0.1535021698777916	0.015380942084542151	10	3	3	0.3	492891497.7828918	2314070.609410564	0	-1.6680586966745756	161
full_step	0.1535021698777916	0.0076904710422710755	10	0	0	0	492891497.7828918	494250.0739357594	0	-1.6680586966745756	161
full_step	0.1535021698777916	0.0038452355211355377	10	0	0	0	492891497.7828918	217907.25602511922	0	-1.6680586966745756	161
half_step_1	0.1535021698777916	0.0019226177605677689	2	3	3	1.5	492891497.7828918	62972.80679352743	0	-1.6680586966745756	161
half_step_2	0.15542478763835937	0.0019226177605677689	2	4	4	2	492891497.7828918	40230.63098865138	0	-1.7797552327254673	68
full_step	0.15734740539892714	0.01922617760567769	13	9	6	0.6923076923076923	492891497.7828918	4371716.927661893	0.20673905791363723	-1.6758290051661844	291
half_step_1	0.15734740539892714	0.009613088802838845	14	11	7	0.7857142857142857	492891497.7828918	1760636.428929054	0.20673905791363723	-1.6758290051661844	291
half_step_2	0.16696049420176598	0.009613088802838845	8	5	5	0.625	492891497.7828918	636486.0116514957	0	-1.9118502085686184	52
full_step	0.15734740539892714	0.009613088802838845	15	15	12	1	492891497.7828918	1760775.9107096798	0.20673905791363723	-1.6758290051661844	291
half_step_1	0.15734740539892714	0.004806544401419422	15	3	3	0.2	492891497.7828918	531399.9397421257	0.20673905791363723	-1.6758290051661844	291
half_step_2	0.16215394980034656	0.004806544401419422	9	0	0	0	492891497.7828918	442743.4482317494	0	-1.4720372073823962	110
full_step	0.16696049420176598	0.021550627826082847	1	0	0	0	492891497.7828918	2815.156804233996	0	0	0
full_step	0.16696049420176598	0.010775313913041424	1	0	0	0	492891497.7828918	2815.156804233996	0	0	0
full_step	0.16696049420176598	0.005387656956520712	1	0	0	0	492891497.7828918	2815.156804233996	0	0	0
half_step_1	0.16696049420176598	0.002693828478260356	0	0	0	0	492891497.7828918	2815.156804233996	0	0	0
half_step_2	0.16965432268002634	0.002693828478260356	0	0	0	0	492891497.7828918	2815.156804233996	0	0	0
full_step	0.1723481511582867	0.026938284782603558	1	0	0	0	492891497.7828918	2815.156804233996	0	0	0
full_step	0.1723481511582867	0.013469142391301779	1	0	0	0	492891497.7828918	2815.156804233996	0	0	0
full_step	0.1723481511582867	0.0067345711956508895	1	0	0	0	492891497.7828918	2815.156804233996	0	0	0
full_step	0.1723481511582867	0.0033672855978254448	1	0	0	0	492891497.7828918	2815.156804233996	0	0	0
full_step	0.1723481511582867	0.0016836427989127224	1	0	0	0	492891497.7828918	2815.156804233996	0	0	0
half_step_1	0.1723481511582867	0.0008418213994563612	0	0	0	0	492891497.7828918	2815.156804233996	0	0	0
half_step_2	0.17318997255774304	0.0008418213994563612	2	0	0	0	492891497.7828918	6616.353805702994	0	-1.8915488931435422	13
full_step	0.17403179395719942	0.008418213994563613	12	0	0	0	492891497.7828918	2127556.2290952187	0.13045364033177975	-1.338982362268803	142
full_step	0.17403179395719942	0.004209106997281806	11	0	0	0	492891497.7828918	1312237.9870142555	0.13045364033177975	-1.338982362268803	142
half_step_1	0.17403179395719942	0.002104553498640903	11	0	0	0	492891497.7828918	148853.41751585182	0.13045364033177975	-1.338982362268803	142
half_step_2	0.17613634745584034	0.002104553498640903	3	5	5	1.6666666666666667	492891497.7828918	29569.717244005857	0	-1.8123397831708543	101
full_step	0.17824090095448122	0.021045534986409032	15	20	7	1.3333333333333333	492891497.7828918	5843518.428808582	0.8817376535130279	-1.66086580412055	272
full_step	0.17824090095448122	0.010522767493204516	13	6	6	0.46153846153846156	492891497.7828918	3857046.226345407	0.8817376535130279	-1.66086580412055	272
half_step_1	0.17824090095448122	0.005261383746602258	13	10	6	0.7692307692307693	492891497.7828918	1878130.742124142	0.8817376535130279	-1.66086580412055	272
half_step_2	0.18350228470108348	0.005261383746602258	1	0	0	0	492891497.7828918	2815.156804233996	0	0	0
full_step	0.18876366844768575	0.05261383746602258	9	0	0	0	492891497.7828918	15727436.615039319	0	-1.836078919450876	101
full_step	0.18876366844768575	0.02630691873301129	9	0	0	0	492891497.7828918	7384555.040081399	0	-1.836078919450876	101
full_step	0.18876366844768575	0.013153459366505645	9	0	0	0	492891497.7828918	3184980.566621791	0	-1.836078919450876	101
full_step	0.18876366844768575	0.006576729683252822	10	0	0	0	492891497.7828918	1005579.2383669551	0	-1.836078919450876	101
half_step_1	0.18876366844768575	0.003288364841626411	9	0	0	0	492891497.7828918	172567.40417873044	0	-1.836078919450876	101
half_step_2	0.19205203328931217	0.003288364841626411	8	0	0	0	492891497.7828918	106903.77792844383	0	-1.681410020110257	88
full_step	0.19534039813093856	0.03288364841626411	3	0	0	0	492891497.7828918	6136700.811998966	0	-1.9417842424219496	59
full_step	0.19534039813093856	0.016441824208132054	4	11	11	2.75	492891497.7828918	4756385.089783783	0	-1.9417842424219496	59
full_step	0.19534039813093856	0.008220912104066027	4	18	18	4.5	492891497.7828918	585647.5160026423	0	-1.9417842424219496	59
full_step	0.19534039813093856	0.0041104560520330135	3	5	5	1.6666666666666667	492891497.7828918	98421.14238306064	0	-1.9417842424219496	59
full_step	0.19534039813093856	0.0020552280260165067	1	3	3	3	492891497.7828918	2815.156804233996	0	-1.9417842424219496	59
half_step_1	0.19534039813093856	0.0010276140130082534	0	0	0	0	492891497.7828918	2815.156804233996	0	-1.9417842424219496	59
half_step_2	0.1963680121439468	0.0010276140130082534	0	0	0	0	492891497.7828918	2815.156804233996	0	-1.9092695988509665	31
full_step	0.19739562615695508	0.010276140130082535	7	0	0	0	492891497.7828918	2241571.751871007	0	-1.9087411140720965	48
full_step	0.19739562615695508	0.005138070065041267	8	0	0	0	492891497.7828918	303008.193343984	0	-1.9087411140720965	48
full_step	0.19739562615695508	0.0025690350325206337	7	0	0	0	492891497.7828918	104851.52265641747	0	-1.9087411140720965	48
full_step	0.19739562615695508	0.0012845175162603168	2	2	2	1	492891497.7828918	20316.41186759691	0	-1.9087411140720965	48
half_step_1	0.19739562615695508	0.0006422587581301584	1	0	0	0	492891497.7828918	2815.156804233996	0	-1.9087411140720965	48
half_step_2	0.19803788491508523	0.0006422587581301584	2	3	3	1.5	492891497.7828918	13534.04113664626	0	-1.8489124193976452	79
full_step	0.1986801436732154	0.006422587581301584	18	23	5	1.2777777777777777	492891497.7828918	5397111.750780163	0.48586151455037907	-1.740109931426807	367
half_step_1	0.1986801436732154	0.003211293790650792	14	19	7	1.3571428571428572	492891497.7828918	11893767.10776509	0.48586151455037907	-1.740109931426807	367
half_step_2	0.2018914374638662	0.003211293790650792	6	0	0	0	492891497.7828918	2010748.6603729466	0	-1.876379091262061	24
full_step	0.205102731254517	0.0210358793846659	1	0	0	0	492891497.7828918	2815.156804233996	0	0	0
full_step	0.205102731254517	0.01051793969233295	1	0	0	0	492891497.7828918	2815.156804233996	0	0	0
full_step	0.205102731254517	0.005258969846166475	1	0	0	0	492891497.7828918	2815.156804233996	0	0	0
half_step_1	0.205102731254517	0.0026294849230832375	0	0	0	0	492891497.7828918	2815.156804233996	0	0	0
half_step_2	0.20773221617760024	0.0026294849230832375	5	0	0	0	492891497.7828918	438044.07413440436	0	-1.869640037749964	13
full_step	0.21036170110068347	0.026294849230832376	5	0	0	0	492891497.7828918	1469099.7764909929	0	-1.8773586265423994	13
full_step	0.21036170110068347	0.013147424615416188	5	0	0	0	492891497.7828918	1029608.3390029911	0	-1.8773586265423994	13
full_step	0.21036170110068347	0.006573712307708094	3	0	0	0	492891497.7828918	75379.77489882994	0	-1.8773586265423994	13
full_step	0.21036170110068347	0.003286856153854047	3	3	3	1	492891497.7828918	12207.24252216191	0	-1.8773586265423994	13
half_step_1	0.21036170110068347	0.0016434280769270235	1	0	0	0	492891497.7828918	2815.156804233996	0	-1.8773586265423994	13
half_step_2	0.2120051291776105	0.0016434280769270235	7	0	0	0	492891497.7828918	928714.7904253389	0	-1.962076574815285	52
full_step	0.21364855725453752	0.016434280769270233	7	0	0	0	492891497.7828918	10690579.741775991	0	-1.6961084761457381	55
full_step	0.21364855725453752	0.008217140384635117	8	0	0	0	492891497.7828918	4495578.45980247	0	-1.6961084761457381	55
full_step	0.21364855725453752	0.004108570192317558	7	0	0	0	492891497.7828918	1908111.4198072702	0	-1.6961084761457381	55
full_step	0.21364855725453752	0.002054285096158779	9	0	0	0	492891497.7828918	32883.37108607561	0	-1.6961084761457381	55
half_step_1	0.21364855725453752	0.0010271425480793896	1	3	3	3	492891497.7828918	2815.156804233996	0	-1.6961084761457381	55
half_step_2	0.21467569980261691	0.0010271425480793896	1	0	0	0	492891497.7828918	13633.670801393888	0	-1.7195391151223167	124
full_step	0.2157028423506963	0.010271425480793895	13	0	0	0	492891497.7828918	2008476.0507557755	0	-1.5021200684312135	194
full_step	0.2157028423506963	0.0051357127403969475	12	6	6	0.5	492891497.7828918	542298.2235222406	0	-1.5021200684312135	194
full_step	0.2157028423506963	0.0025678563701984737	11	4	4	0.36363636363636365	492891497.7828918	166051.07937722336	0	-1.5021200684312135	194
half_step_1	0.2157028423506963	0.0012839281850992369	1	2	2	2	492891497.7828918	47154.73829124922	0	-1.5021200684312135	194
half_step_2	0.21698677053579554	0.0012839281850992369	8	0	0	0	492891497.7828918	95129.6650621642	0	-1.749750404486353	278
full_step	0.21827069872089477	0.012839281850992368	14	4	4	0.2857142857142857	492891497.7828918	1705065.105932548	0	-1.6042370861716568	365
full_step	0.21827069872089477	0.006419640925496184	12	0	0	0	492891497.7828918	964398.9166671493	0	-1.6042370861716568	365
half_step_1	0.21827069872089477	0.003209820462748092	10	0	0	0	492891497.7828918	390485.53090112173	0	-1.6042370861716568	365
half_step_2	0.22148051918364287	0.003209820462748092	10	0	0	0	492891497.7828918	298673.8297590655	0	-1.881598040443396	53
full_step	0.22469033964639096	0.03209820462748092	1	0	0	0	492891497.7828918	2815.156804233996	0	0	0
full_step	0.22469033964639096	0.01604910231374046	1	0	0	0	492891497.7828918	2815.156804233996	0	0	0
full_step	0.22469033964639096	0.00802455115687023	1	0	0	0	492891497.7828918	2815.156804233996	0	0	0
full_step	0.22469033964639096	0.004012275578435115	1	0	0	0	492891497.7828918	2815.156804233996	0	0	0
full_step	0.22469033964639096	0.0020061377892175575	1	0	0	0	492891497.7828918	2815.156804233996	0	0	0
half_step_1	0.22469033964639096	0.0010030688946087787	0	0	0	0	492891497.7828918	2815.156804233996	0	0	0
half_step_2	0.22569340854099973	0.0010030688946087787	0	0	0	0	492891497.7828918	2815.156804233996	0	0	0
full_step	0.2266964774356085	0.010030688946087787	6	0	0	0	492891497.7828918	2538566.234576792	0	-1.9051261369176542	13
full_step	0.2266964774356085	0.005015344473043894	6	0	0	0	492891497.7828918	1693643.175843348	0	-1.9051261369176542	13
half_step_1	0.2266964774356085	0.002507672236521947	6	0	0	0	492891497.7828918	75459.3833297315	0	-1.9051261369176542	13
half_step_2	0.22920414967213046	0.002507672236521947	2	3	3	1.5	492891497.7828918	46402.79154471686	0	-1.8561585333783073	48
full_step	0.2317118219086524	0.02507672236521947	5	2	2	0.4	492891497.7828918	11258682.426488534	0	-1.9726536230811518	69
full_step	0.2317118219086524	0.012538361182609734	4	0	0	0	492891497.7828918	5147500.728511048	0	-1.9726536230811518	69
full_step	0.2317118219086524	0.006269180591304867	3	0	0	0	492891497.7828918	5366940.550998655	0	-1.9726536230811518	69
full_step	0.2317118219086524	0.0031345902956524336	4	4	4	1	492891497.7828918	2345838.363673436	0	-1.9726536230811518	69
half_step_1	0.2317118219086524	0.0015672951478262168	1	2	2	2	492891497.7828918	2815.156804233996	0	-1.9726536230811518	69
half_step_2	0.2332791170564786	0.0015672951478262168	1	0	0	0	492891497.7828918	2815.156804233996	0	0	0
full_step	0.23484641220430483	0.015672951478262167	11	0	0	0	1004358105.2046663	5354727.53542848	0	-1.7514526908060521	98
full_step	0.23484641220430483	0.007836475739131083	12	0	0	0	1004358105.2046663	1454471.644684459	0	-1.7514526908060521	98
full_step	0.23484641220430483	0.003918237869565542	13	0	0	0	1004358105.2046663	438343.7635944527	0	-1.7514526908060521	98
full_step	0.23484641220430483	0.001959118934782771	12	0	0	0	1004358105.2046663	197551.819408527	0	-1.7514526908060521	98
full_step	0.23484641220430483	0.0009795594673913854	13	0	0	0	1004358105.2046663	52875.2313997512	0	-1.7514526908060521	98
half_step_1	0.23484641220430483	0.0004897797336956927	4	0	0	0	1004358105.2046663	19130.74754252277	0	-1.7514526908060521	98
half_step_2	0.2353361919380005	0.0004897797336956927	5	0	0	0	1004358105.2046663	18882.45884895546	0.44391348507633666	-1.6838189615861243	295
full_step	0.23582597167169622	0.004897797336956927	17	18	8	1.0588235294117647	1004358105.2046663	1124511.268109196	0.48338005882760626	-1.620626427250692	470
full_step	0.23582597167169622	0.0024488986684784637	18	23	7	1.2777777777777777	1004358105.2046663	1165412.7391095597	0.48338005882760626	-1.620626427250692	470
half_step_1	0.23582597167169622	0.0012244493342392318	15	24	10	1.6	1004358105.2046663	1105327.7861447353	0.48338005882760626	-1.620626427250692	470
half_step_2	0.23705042100593546	0.0012244493342392318	11	0	0	0	1004358105.2046663	40900.92616582586	0.10841713887839433	-1.534232833775482	292
full_step	0.2382748703401747	0.012244493342392318	14	0	0	0	1004358105.2046663	1120600.6638303061	0	-1.5582772780434595	249
half_step_1	0.2382748703401747	0.006122246671196159	13	0	0	0	1004358105.2046663	333612.2029401523	0	-1.5582772780434595	249
half_step_2	0.24439711701137085	0.006122246671196159	1	0	0	0	1004358105.2046663	2815.156804233996	0	0	0
full_step	0.250519363682567	0.06122246671196159	1	0	0	0	1004358105.2046663	2815.156804233996	0	0	0
full_step	0.250519363682567	0.030611233355980795	1	0	0	0	1004358105.2046663	2815.156804233996	0	0	0
full_step	0.250519363682567	0.015305616677990398	1	0	0	0	1004358105.2046663	2815.156804233996	0	0	0
full_step	0.250519363682567	0.007652808338995199	1	0	0	0	1004358105.2046663	2815.156804233996	0	0	0
full_step	0.250519363682567	0.0038264041694975994	1	0	0	0	1004358105.2046663	2815.156804233996	0	0	0
half_step_1	0.250519363682567	0.0019132020847487997	0	0	0	0	1004358105.2046663	2815.156804233996	0	0	0
half_step_2	0.2524325657673158	0.0019132020847487997	0	0	0	0	1004358105.2046663	2815.156804233996	0	0	0
full_step	0.2543457678520646	0.019132020847487996	1	0	0	0	1004358105.2046663	2815.156804233996	0	0	0
full_step	0.2543457678520646	0.009566010423743998	1	0	0	0	1004358105.2046663	2815.156804233996	0	0	0
full_step	0.2543457678520646	0.004783005211871999	1	0	0	0	1004358105.2046663	2815.156804233996	0	0	0
full_step	0.2543457678520646	0.0023915026059359995	1	0	0	0	1004358105.2046663	2815.156804233996	0	0	0
half_step_1	0.2543457678520646	0.0011957513029679998	0	0	0	0	1004358105.2046663	2815.156804233996	0	0	0
half_step_2	0.2555415191550326	0.0011957513029679998	0	0	0	0	1004358105.2046663	2815.156804233996	0	0	0
full_step	0.2567372704580006	0.011957513029679998	1	0	0	0	1004358105.2046663	2815.156804233996	0	0	0
full_step	0.2567372704580006	0.005978756514839999	1	0	0	0	1004358105.2046663	2815.156804233996	0	0	0
full_step	0.2567372704580006	0.0029893782574199994	1	0	0	0	1004358105.2046663	2815.156804233996	0	0	0
full_step	0.2567372704580006	0.0014946891287099997	1	0	0	0	1004358105.2046663	2815.156804233996	0	0	0
half_step_1	0.2567372704580006	0.0007473445643549998	0	0	0	0	1004358105.2046663	2815.156804233996	0	0	0
half_step_2	0.2574846150223556	0.0007473445643549998	0	0	0	0	1004358105.2046663	2815.156804233996	0	0	0
full_step	0.2582319595867106	0.0074734456435499984	12	7	7	0.5833333333333334	1004358105.2046663	14785609.968189126	1.051393258844655	-1.4494027433285523	177
full_step	0.2582319595867106	0.0037367228217749992	11	9	6	0.8181818181818182	1004358105.2046663	18425763.290758207	1.051393258844655	-1.4494027433285523	177
half_step_1	0.2582319595867106	0.0018683614108874996	14	14	6	1	1004358105.2046663	18240341.47023826	1.051393258844655	-1.4494027433285523	177
half_step_2	0.26010032099759806	0.0018683614108874996	7	0	0	0	1004358105.2046663	59740.803123460304	0	-1.76744531697041	139
full_step	0.2619686824084856	0.018683614108874997	11	6	6	0.5454545454545454	1004358105.2046663	3424670.910192468	0	-1.8091710812861606	151
full_step	0.2619686824084856	0.009341807054437498	11	0	0	0	1004358105.2046663	795285.1021125057	0	-1.8091710812861606	151
full_step	0.2619686824084856	0.004670903527218749	12	0	0	0	1004358105.2046663	303148.75253237906	0	-1.8091710812861606	151
half_step_1	0.2619686824084856	0.0023354517636093746	10	0	0	0	1004358105.2046663	157674.5930582291	0	-1.8091710812861606	151
half_step_2	0.264304134172095	0.0023354517636093746	1	0	0	0	1004358105.2046663	2815.156804233996	0	0	0
full_step	0.26663958593570436	0.023354517636093745	1	0	0	0	1004358105.2046663	2815.156804233996	0	0	0
full_step	0.26663958593570436	0.011677258818046873	1	0	0	0	1004358105.2046663	2815.156804233996	0	0	0
full_step	0.26663958593570436	0.005838629409023436	1	0	0	0	1004358105.2046663	2815.156804233996	0	0	0
full_step	0.26663958593570436	0.002919314704511718	1	0	0	0	1004358105.2046663	2815.156804233996	0	0	0
full_step	0.26663958593570436	0.001459657352255859	1	0	0	0	1004358105.2046663	2815.156804233996	0	0	0
full_step	0.26663958593570436	0.0007298286761279295	1	0	0	0	1004358105.2046663	2815.156804233996	0	0	0
half_step_1	0.26663958593570436	0.00036491433806396477	0	0	0	0	1004358105.2046663	2815.156804233996	0	0	0
half_step_2	0.2670045002737683	0.00036491433806396477	0	0	0	0	1004358105.2046663	2815.156804233996	0	0	0
full_step	0.2673694146118323	0.003649143380639648	17	4	4	0.23529411764705882	1004358105.2046663	3130656.0803793045	0	-1.7260422978752716	436
half_step_1	0.2673694146118323	0.001824571690319824	13	0	0	0	1004358105.2046663	1779655.0819369683	0	-1.7260422978752716	436
half_step_2	0.2691939863021521	0.001824571690319824	1	4	4	4	1004358105.2046663	2815.156804233996	0	-1.7490885999915495	106
full_step	0.27101855799247193	0.01824571690319824	9	0	0	0	1004358105.2046663	3314235.619817768	0	-1.7481859482139286	108
full_step	0.27101855799247193	0.00912285845159912	8	0	0	0	1004358105.2046663	5638848.4924161555	0	-1.7481859482139286	108
half_step_1	0.27101855799247193	0.00456142922579956	9	0	0	0	1004358105.2046663	182583.433928022	0	-1.7481859482139286	108
half_step_2	0.2755799872182715	0.00456142922579956	1	0	0	0	1004358105.2046663	2815.156804233996	0	0	0
full_step	0.28014141644407103	0.0456142922579956	1	0	0	0	1004358105.2046663	2815.156804233996	0	0	0
full_step	0.28014141644407103	0.0228071461289978	1	0	0	0	1004358105.2046663	2815.156804233996	0	0	0
full_step	0.28014141644407103	0.0114035730644989	1	0	0	0	1004358105.2046663	2815.156804233996	0	0	0
full_step	0.28014141644407103	0.00570178653224945	1	0	0	0	1004358105.2046663	2815.156804233996	0	0	0
full_step	0.28014141644407103	0.002850893266124725	1	0	0	0	1004358105.2046663	2815.156804233996	0	0	0
half_step_1	0.28014141644407103	0.0014254466330623624	0	0	0	0	1004358105.2046663	2815.156804233996	0	0	0
half_step_2	0.2815668630771334	0.0014254466330623624	0	0	0	0	1004358105.2046663	2815.156804233996	0	0	0
full_step	0.28299230971019573	0.014254466330623624	1	0	0	0	1004358105.2046663	2815.156804233996	0	0	0
full_step	0.28299230971019573	0.007127233165311812	1	0	0	0	1004358105.2046663	2815.156804233996	0	0	0
full_step	0.28299230971019573	0.003563616582655906	1	0	0	0	1004358105.2046663	2815.156804233996	0	0	0
full_step	0.28299230971019573	0.001781808291327953	1	0	0	0	1004358105.2046663	2815.156804233996	0	0	0
half_step_1	0.28299230971019573	0.0008909041456639765	0	0	0	0	1004358105.2046663	2815.156804233996	0	0	0
half_step_2	0.2838832138558597	0.0008909041456639765	0	0	0	0	1004358105.2046663	2815.156804233996	0	0	0
full_step	0.2847741180015237	0.008909041456639765	1	0	0	0	1004358105.2046663	2815.156804233996	0	0	0
full_step	0.2847741180015237	0.004454520728319883	1	0	0	0	1004358105.2046663	2815.156804233996	0	0	0
full_step	0.2847741180015237	0.0022272603641599414	1	0	0	0	1004358105.2046663	2815.156804233996	0	0	0
full_step	0.2847741180015237	0.0011136301820799707	1	0	0	0	1004358105.2046663	2815.156804233996	0	0	0
half_step_1	0.2847741180015237	0.0005568150910399853	0	0	0	0	1004358105.2046663	2815.156804233996	0	0	0
half_step_2	0.2853309330925637	0.0005568150910399853	4	0	0	0	1004358105.2046663	8279.826053384913	0	-1.8155068336246114	27
full_step	0.2858877481836037	0.005568150910399854	13	0	0	0	1004358105.2046663	1183060.369811101	0.24254274108261598	-1.7628875087549822	176
half_step_1	0.2858877481836037	0.002784075455199927	15	4	4	0.26666666666666666	1004358105.2046663	265103.85102055786	0.24254274108261598	-1.7628875087549822	176
half_step_2	0.2886718236388036	0.002784075455199927	1	0	0	0	1004358105.2046663	2815.156804233996	0	0	0
full_step	0.29145589909400355	0.027840754551999268	1	0	0	0	1004358105.2046663	2815.156804233996	0	0	0
full_step	0.29145589909400355	0.013920377275999634	1	0	0	0	1004358105.2046663	2815.156804233996	0	0	0
full_step	0.29145589909400355	0.006960188637999817	1	0	0	0	1004358105.2046663	2815.156804233996	0	0	0
full_step	0.29145589909400355	0.0034800943189999085	1	0	0	0	1004358105.2046663	2815.156804233996	0	0	0
half_step_1	0.29145589909400355	0.0017400471594999543	0	0	0	0	1004358105.2046663	2815.156804233996	0	0	0
half_step_2	0.2931959462535035	0.0017400471594999543	0	0	0	0	1004358105.2046663	2815.156804233996	0	0	0
full_step	0.29493599341300347	0.017400471594999543	1	0	0	0	1004358105.2046663	2815.156804233996	0	0	0
full_step	0.29493599341300347	0.008700235797499772	1	0	0	0	1004358105.2046663	2815.156804233996	0	0	0
full_step	0.29493599341300347	0.004350117898749886	1	0	0	0	1004358105.2046663	2815.156804233996	0	0	0
full_step	0.29493599341300347	0.002175058949374943	1	0	0	0	1004358105.2046663	2815.156804233996	0	0	0
half_step_1	0.29493599341300347	0.0010875294746874715	0	0	0	0	1004358105.2046663	2815.156804233996	0	0	0
half_step_2	0.29602352288769096	0.0010875294746874715	0	0	0	0	1004358105.2046663	2815.156804233996	0	-1.8872743551377273	78
full_step	0.2971110523623784	0.010875294746874715	17	11	8	0.6470588235294118	1004358105.2046663	995056.6111510688	0.6883730001027288	-1.645942128859939	433
full_step	0.2971110523623784	0.005437647373437358	18	27	7	1.5	1004358105.2046663	1170104.215213104	0.6883730001027288	-1.645942128859939	433
full_step	0.2971110523623784	0.002718823686718679	17	18	10	1.0588235294117647	1004358105.2046663	1234120.798967818	0.6883730001027288	-1.645942128859939	433
full_step	0.2971110523623784	0.0013594118433593394	16	19	8	1.1875	1004358105.2046663	1046604.5240557167	0.6883730001027288	-1.645942128859939	433
full_step	0.2971110523623784	0.0006797059216796697	15	27	11	1.8	1004358105.2046663	589536.9821575802	0.6883730001027288	-1.645942128859939	433
half_step_1	0.2971110523623784	0.00033985296083983486	9	5	5	0.5555555555555556	1004358105.2046663	60007.7015701693	0.6883730001027288	-1.645942128859939	433
half_step_2	0.2974509053232182	0.00033985296083983486	4	7	7	1.75	1004358105.2046663	1414394.2163442087	0.8169869794282931	-1.6957941930918754	415
full_step	0.29779075828405804	0.0033985296083983486	16	16	8	1	1004358105.2046663	9242833.000538316	0.5130833191469719	-1.686649096104123	409
full_step	0.29779075828405804	0.0016992648041991743	16	22	11	1.375	1004358105.2046663	6948904.176433552	0.5130833191469719	-1.686649096104123	409
half_step_1	0.29779075828405804	0.0008496324020995871	14	26	10	1.8571428571428572	1004358105.2046663	83213.41946453627	0.5130833191469719	-1.686649096104123	409
half_step_2	0.2986403906861576	0.0008496324020995871	6	0	0	0	1004358105.2046663	56143.60113366034	0.09851861292190733	-1.4985989266733863	414
full_step	0.29949002308825723	0.008496324020995871	18	32	9	1.7777777777777777	1004358105.2046663	1344933.6685674966	0.14095060532417847	-1.5076387574645114	446
full_step	0.29949002308825723	0.004248162010497936	14	3	3	0.21428571428571427	1004358105.2046663	342679.7758920665	0.14095060532417847	-1.5076387574645114	446
full_step	0.29949002308825723	0.002124081005248968	14	0	0	0	1004358105.2046663	139618.02129082056	0.14095060532417847	-1.5076387574645114	446
half_step_1	0.29949002308825723	0.001062040502624484	9	0	0	0	1004358105.2046663	63212.53152014374	0.14095060532417847	-1.5076387574645114	446
half_step_2	0.3005520635908817	0.001062040502624484	3	5	5	1.6666666666666667	1004358105.2046663	13879.493489291483	0.16766142649976246	-1.566313789602372	99
full_step	0.3016141040935062	0.010620405026244839	19	7	4	0.3684210526315789	1004358105.2046663	1465546.9443113406	0.6030744564486668	-1.5313109866614985	683
full_step	0.3016141040935062	0.0053102025131224195	14	12	6	0.8571428571428571	1004358105.2046663	20404496.290271357	0.6030744564486668	-1.5313109866614985	683
half_step_1	0.3016141040935062	0.0026551012565612098	11	20	12	1.8181818181818181	1004358105.2046663	18606083.264171667	0.6030744564486668	-1.5313109866614985	683
half_step_2	0.3042692053500674	0.0026551012565612098	1	0	0	0	1004358105.2046663	2815.156804233996	0	-1.5946966587817308	161
full_step	0.3069243066066286	0.026551012565612098	18	30	7	1.6666666666666667	1004358105.2046663	2584926.3401012463	0.43090308903083496	-1.3616876303870427	402
full_step	0.3069243066066286	0.013275506282806049	17	24	10	1.411764705882353	1004358105.2046663	1866123.731947415	0.43090308903083496	-1.3616876303870427	402
full_step	0.3069243066066286	0.006637753141403024	11	2	2	0.18181818181818182	1004358105.2046663	2690841.719706283	0.43090308903083496	-1.3616876303870427	402
half_step_1	0.3069243066066286	0.003318876570701512	16	0	0	0	1004358105.2046663	158010.33348203372	0.43090308903083496	-1.3616876303870427	402
half_step_2	0.31024318317733013	0.003318876570701512	1	0	0	0	1004358105.2046663	2815.156804233996	0	0	0
full_step	0.31356205974803164	0.011223257066622682	1	0	0	0	1004358105.2046663	2815.156804233996	0	0	0
full_step	0.31356205974803164	0.005611628533311341	1	0	0	0	1004358105.2046663	2815.156804233996	0	0	0
full_step	0.31356205974803164	0.0028058142666556704	1	0	0	0	1004358105.2046663	2815.156804233996	0	0	0
full_step	0.31356205974803164	0.0014029071333278352	1	0	0	0	1004358105.2046663	2815.156804233996	0	0	0
half_step_1	0.31356205974803164	0.0007014535666639176	0	0	0	0	1004358105.2046663	2815.156804233996	0	0	0
half_step_2	0.31426351331469554	0.0007014535666639176	3	0	0	0	1004358105.2046663	2431825.4231869257	0	-1.862857726286054	39
full_step	0.3149649668813595	0.007014535666639176	9	0	0	0	1004358105.2046663	827525.8636201302	0	-1.7349959101388601	39
full_step	0.3149649668813595	0.003507267833319588	10	0	0	0	1004358105.2046663	557706.6051103683	0	-1.7349959101388601	39
half_step_1	0.3149649668813595	0.001753633916659794	4	0	0	0	1004358105.2046663	667629.0697991564	0	-1.7349959101388601	39
half_step_2	0.3167186007980193	0.001753633916659794	8	0	0	0	1004358105.2046663	43796.74040895507	0	-1.8497536934836998	82
full_step	0.31847223471467906	0.01753633916659794	19	8	5	0.42105263157894735	1004358105.2046663	5250781.797398647	0	-1.792150687089683	198
full_step	0.31847223471467906	0.00876816958329897	15	7	4	0.4666666666666667	1004358105.2046663	2050335.5853542865	0	-1.792150687089683	198
full_step	0.31847223471467906	0.004384084791649485	12	0	0	0	1004358105.2046663	1758811.21046686	0	-1.792150687089683	198
full_step	0.31847223471467906	0.0021920423958247423	12	0	0	0	1004358105.2046663	376357.4130655941	0	-1.792150687089683	198
half_step_1	0.31847223471467906	0.0010960211979123711	4	0	0	0	1004358105.2046663	37052.03287793705	0	-1.792150687089683	198
half_step_2	0.3195682559125914	0.0010960211979123711	12	3	3	0.25	1004358105.2046663	42854.72965628166	0	-1.6445249515566316	232
full_step	0.3206642771105038	0.010960211979123712	20	44	7	2.2	1004358105.2046663	3548218.8711521067	0.5692522572471717	-1.5543294506159686	351
full_step	0.3206642771105038	0.005480105989561856	19	41	7	2.1578947368421053	1004358105.2046663	1183847.3109900588	0.5692522572471717	-1.5543294506159686	351
full_step	0.3206642771105038	0.002740052994780928	13	19	8	1.4615384615384615	1004358105.2046663	466483.20556206076	0.5692522572471717	-1.5543294506159686	351
full_step	0.3206642771105038	0.001370026497390464	15	21	5	1.4	1004358105.2046663	108028.19617962303	0.5692522572471717	-1.5543294506159686	351
half_step_1	0.3206642771105038	0.000685013248695232	9	4	4	0.4444444444444444	1004358105.2046663	44299.72634120272	0.5692522572471717	-1.5543294506159686	351
half_step_2	0.32134929035919907	0.000685013248695232	6	11	7	1.8333333333333333	1004358105.2046663	33559.35615488218	0.6364139335246364	-1.6583875143937563	397
full_step	0.3220343036078943	0.00685013248695232	16	7	4	0.4375	1004358105.2046663	594031.4024212015	0.2924132040589029	-1.4136651916203073	288
half_step_1	0.3220343036078943	0.00342506624347616	15	7	4	0.4666666666666667	1004358105.2046663	216732.3481261001	0.2924132040589029	-1.4136651916203073	288
half_step_2	0.3254593698513705	0.00342506624347616	1	0	0	0	1004358105.2046663	2815.156804233996	0	0	0
full_step	0.32888443609484663	0.034250662434761596	1	0	0	0	1004358105.2046663	2815.156804233996	0	0	0
full_step	0.32888443609484663	0.017125331217380798	1	0	0	0	1004358105.2046663	2815.156804233996	0	0	0
full_step	0.32888443609484663	0.008562665608690399	1	0	0	0	1004358105.2046663	2815.156804233996	0	0	0
full_step	0.32888443609484663	0.0042813328043451995	1	0	0	0	1004358105.2046663	2815.156804233996	0	0	0
full_step	0.32888443609484663	0.0021406664021725997	1	0	0	0	1004358105.2046663	2815.156804233996	0	0	0
half_step_1	0.32888443609484663	0.0010703332010862999	0	0	0	0	1004358105.2046663	2815.156804233996	0	0	0
half_step_2	0.3299547692959329	0.0010703332010862999	0	0	0	0	1004358105.2046663	2815.156804233996	0	0	0
full_step	0.3310251024970192	0.010703332010863	16	3	3	0.1875	1004358105.2046663	942266.7404034099	0	-1.7131487842216315	136
full_step	0.3310251024970192	0.0053516660054315	12	0	0	0	1004358105.2046663	2190810.3532364117	0	-1.7131487842216315	136
half_step_1	0.3310251024970192	0.00267583300271575	10	0	0	0	1004358105.2046663	154971.23259257158	0	-1.7131487842216315	136
half_step_2	0.33370093549973495	0.00267583300271575	1	0	0	0	1004358105.2046663	2815.156804233996	0	0	0
full_step	0.33637676850245074	0.0267583300271575	1	0	0	0	1004358105.2046663	2815.156804233996	0	0	0
full_step	0.33637676850245074	0.01337916501357875	1	0	0	0	1004358105.2046663	2815.156804233996	0	0	0
full_step	0.33637676850245074	0.006689582506789375	1	0	0	0	1004358105.2046663	2815.156804233996	0	0	0
full_step	0.33637676850245074	0.0033447912533946873	1	0	0	0	1004358105.2046663	2815.156804233996	0	0	0
full_step	0.33637676850245074	0.0016723956266973437	1	0	0	0	1004358105.2046663	2815.156804233996	0	0	0
half_step_1	0.33637676850245074	0.0008361978133486718	0	0	0	0	1004358105.2046663	2815.156804233996	0	0	0
half_step_2	0.3372129663157994	0.0008361978133486718	3	0	0	0	1004358105.2046663	10556.711662535092	0	-1.9417409834698702	74
full_step	0.3380491641291481	0.008361978133486719	16	18	7	1.125	1004358105.2046663	1277097.6711147283	0.2447041210516545	-1.6133804782872776	210
half_step_1	0.3380491641291481	0.0041809890667433595	12	0	0	0	1004358105.2046663	330753.2407283149	0.2447041210516545	-1.6133804782872776	210
half_step_2	0.34223015319589145	0.0041809890667433595	14	0	0	0	1004358105.2046663	258262.9921241538	0	-1.7764888520431845	152
full_step	0.3464111422626348	0.025764979593885018	1	0	0	0	1004358105.2046663	2815.156804233996	0	0	0
full_step	0.3464111422626348	0.012882489796942509	1	0	0	0	1004358105.2046663	2815.156804233996	0	0	0
full_step	0.3464111422626348	0.0064412448984712545	1	0	0	0	1004358105.2046663	2815.156804233996	0	0	0
full_step	0.3464111422626348	0.0032206224492356272	1	0	0	0	1004358105.2046663	2815.156804233996	0	0	0
half_step_1	0.3464111422626348	0.0016103112246178136	0	0	0	0	1004358105.2046663	2815.156804233996	0	0	0
half_step_2	0.3480214534872526	0.0016103112246178136	0	0	0	0	1004358105.2046663	2815.156804233996	0	0	0
full_step	0.3496317647118704	0.016103112246178136	15	11	7	0.7333333333333333	1004358105.2046663	8172807.41961892	1.0004660952563427	-1.6616008775330027	475
half_step_1	0.3496317647118704	0.008051556123089068	14	11	11	0.7857142857142857	1004358105.2046663	7051695.449720595	1.0004660952563427	-1.6616008775330027	475
half_step_2	0.35768332083495946	0.008051556123089068	3	0	0	0	1004358105.2046663	1082267.8834538015	0	-1.524771963812192	64
full_step	0.3657348769580485	0.060594422474489276	11	15	8	1.3636363636363635	1004358105.2046663	5763979.118232811	0.6662849573494896	-1.2254922337689935	445
full_step	0.3657348769580485	0.030297211237244638	12	16	6	1.3333333333333333	1004358105.2046663	8540170.383528464	0.6662849573494896	-1.2254922337689935	445
full_step	0.3657348769580485	0.015148605618622319	13	7	7	0.5384615384615384	1004358105.2046663	1233201.1698323775	0.6662849573494896	-1.2254922337689935	445
full_step	0.3657348769580485	0.0075743028093111595	14	13	5	0.9285714285714286	1004358105.2046663	591846.7352780428	0.6662849573494896	-1.2254922337689935	445
half_step_1	0.3657348769580485	0.0037871514046555798	11	20	5	1.8181818181818181	1004358105.2046663	868449.24493614	0.6662849573494896	-1.2254922337689935	445
half_step_2	0.3695220283627041	0.0037871514046555798	1	0	0	0	1004358105.2046663	2815.156804233996	0	0	0
full_step	0.37330917976735967	0.037871514046555796	13	4	4	0.3076923076923077	1004358105.2046663	28922936.02966402	0	-1.906796692846394	142
full_step	0.37330917976735967	0.018935757023277898	13	3	3	0.23076923076923078	1004358105.2046663	29652810.835852537	0	-1.906796692846394	142
full_step	0.37330917976735967	0.009467878511638949	14	3	3	0.21428571428571427	1004358105.2046663	19528038.657762967	0	-1.906796692846394	142
half_step_1	0.37330917976735967	0.0047339392558194745	9	0	0	0	1004358105.2046663	7995259.306882518	0	-1.906796692846394	142
half_step_2	0.37804311902317916	0.0047339392558194745	1	0	0	0	1004358105.2046663	2815.156804233996	0	0	0
full_step	0.3827770582789986	0.04733939255819475	11	3	3	0.2727272727272727	1004358105.2046663	22309115.061867397	0	-1.8420218591450306	170
full_step	0.3827770582789986	0.023669696279097374	11	3	3	0.2727272727272727	1004358105.2046663	6059920.596155768	0	-1.8420218591450306	170
full_step	0.3827770582789986	0.011834848139548687	11	3	3	0.2727272727272727	1004358105.2046663	3094289.0085921823	0	-1.8420218591450306	170
full_step	0.3827770582789986	0.0059174240697743435	11	0	0	0	1004358105.2046663	1331447.736488914	0	-1.8420218591450306	170
full_step	0.3827770582789986	0.0029587120348871718	13	0	0	0	1004358105.2046663	125438.67110680728	0	-1.8420218591450306	170
full_step	0.3827770582789986	0.0014793560174435859	10	0	0	0	1004358105.2046663	38371.429782884654	0	-1.8420218591450306	170
half_step_1	0.3827770582789986	0.0007396780087217929	2	4	4	2	1004358105.2046663	12810.438685817904	0	-1.8420218591450306	170
half_step_2	0.3835167362877204	0.0007396780087217929	12	0	0	0	1004358105.2046663	36767.00254652727	0.0028951718340977095	-1.772755448523855	399
full_step	0.3842564142964422	0.007396780087217929	16	4	4	0.25	1004358105.2046663	690885.8585503149	0.4951604585548921	-1.6452581802369872	711
half_step_1	0.3842564142964422	0.0036983900436089647	16	20	7	1.25	1004358105.2046663	1487958.255875764	0.4951604585548921	-1.6452581802369872	711
half_step_2	0.38795480434005114	0.0036983900436089647	4	3	3	0.75	1004358105.2046663	70266.68164438895	0	-1.907034622930499	47
full_step	0.3842564142964422	0.0036983900436089647	16	6	6	0.375	1004358105.2046663	1488578.7327583553	0.4951604585548921	-1.6452581802369872	711
half_step_1	0.3842564142964422	0.0018491950218044824	16	15	8	0.9375	1004358105.2046663	1679688.0849379431	0.4951604585548921	-1.6452581802369872	711
half_step_2	0.38610560931824667	0.0018491950218044824	4	5	5	1.25	1004358105.2046663	18808.843491609994	0	-1.717085496594991	160
full_step	0.38795480434005114	0.018491950218044825	15	15	8	1	1004358105.2046663	5410587.059554986	0.16109879763462231	-1.4765603005608516	348
full_step	0.38795480434005114	0.009245975109022413	17	16	9	0.9411764705882353	1004358105.2046663	873523.929100363	0.16109879763462231	-1.4765603005608516	348
half_step_1	0.38795480434005114	0.004622987554511206	12	0	0	0	1004358105.2046663	301460.765584647	0.16109879763462231	-1.4765603005608516	348
half_step_2	0.3925777918945623	0.004622987554511206	1	0	0	0	1004358105.2046663	2815.156804233996	0	0	0
full_step	0.39720077944907356	0.04622987554511206	1	0	0	0	1004358105.2046663	2815.156804233996	0	0	0
full_step	0.39720077944907356	0.02311493777255603	1	0	0	0	1004358105.2046663	2815.156804233996	0	0	0
full_step	0.39720077944907356	0.011557468886278016	1	0	0	0	1004358105.2046663	2815.156804233996	0	0	0
full_step	0.39720077944907356	0.005778734443139008	1	0	0	0	1004358105.2046663	2815.156804233996	0	0	0
half_step_1	0.39720077944907356	0.002889367221569504	0	0	0	0	1004358105.2046663	2815.156804233996	0	0	0
half_step_2	0.4000901466706431	0.002889367221569504	0	0	0	0	1004358105.2046663	2815.156804233996	0	0	0
full_step	0.4029795138922126	0.02889367221569504	1	0	0	0	1004358105.2046663	2815.156804233996	0	0	0
full_step	0.4029795138922126	0.01444683610784752	1	0	0	0	1004358105.2046663	2815.156804233996	0	0	0
full_step	0.4029795138922126	0.00722341805392376	1	0	0	0	1004358105.2046663	2815.156804233996	0	0	0
full_step	0.4029795138922126	0.00361170902696188	1	0	0	0	1004358105.2046663	2815.156804233996	0	0	0
half_step_1	0.4029795138922126	0.00180585451348094	0	0	0	0	1004358105.2046663	2815.156804233996	0	0	0
half_step_2	0.4047853684056935	0.00180585451348094	0	0	0	0	1004358105.2046663	2815.156804233996	0	0	0
full_step	0.4065912229191745	0.018058545134809402	1	0	0	0	1004358105.2046663	2815.156804233996	0	0	0
full_step	0.4065912229191745	0.009029272567404701	1	0	0	0	1004358105.2046663	2815.156804233996	0	0	0
full_step	0.4065912229191745	0.0045146362837023505	1	0	0	0	1004358105.2046663	2815.156804233996	0	0	0
full_step	0.4065912229191745	0.0022573181418511752	1	0	0	0	1004358105.2046663	2815.156804233996	0	0	0
half_step_1	0.4065912229191745	0.0011286590709255876	0	0	0	0	1004358105.2046663	2815.156804233996	0	0	0
half_step_2	0.40771988199010006	0.0011286590709255876	0	0	0	0	1004358105.2046663	2815.156804233996	0	0	0
full_step	0.40884854106102564	0.011286590709255875	1	0	0	0	1004358105.2046663	2815.156804233996	0	0	0
full_step	0.40884854106102564	0.005643295354627938	1	0	0	0	1004358105.2046663	2815.156804233996	0	0	0
full_step	0.40884854106102564	0.002821647677313969	1	0	0	0	1004358105.2046663	2815.156804233996	0	0	0
full_step	0.40884854106102564	0.0014108238386569844	1	0	0	0	1004358105.2046663	2815.156804233996	0	0	0
half_step_1	0.40884854106102564	0.0007054119193284922	0	0	0	0	1004358105.2046663	2815.156804233996	0	0	0
half_step_2	0.40955395298035413	0.0007054119193284922	0	0	0	0	1004358105.2046663	2815.156804233996	0	0	0
full_step	0.4102593648996826	0.007054119193284922	11	0	0	0	1004358105.2046663	9411970.577007247	1.0094548292017862	-1.5862565623698843	371
half_step_1	0.4102593648996826	0.003527059596642461	11	11	6	1	1004358105.2046663	5960790.068339058	1.0094548292017862	-1.5862565623698843	371
half_step_2	0.4137864244963251	0.003527059596642461	1	0	0	0	1004358105.2046663	2815.156804233996	0	0	0
full_step	0.41731348409296753	0.03527059596642461	1	0	0	0	1004358105.2046663	2815.156804233996	0	0	0
full_step	0.41731348409296753	0.017635297983212304	1	0	0	0	1004358105.2046663	2815.156804233996	0	0	0
full_step	0.41731348409296753	0.008817648991606152	1	0	0	0	1004358105.2046663	2815.156804233996	0	0	0
full_step	0.41731348409296753	0.004408824495803076	1	0	0	0	1004358105.2046663	2815.156804233996	0	0	0
full_step	0.41731348409296753	0.002204412247901538	1	0	0	0	1004358105.2046663	2815.156804233996	0	0	0
full_step	0.41731348409296753	0.001102206123950769	1	0	0	0	1004358105.2046663	2815.156804233996	0	0	0
half_step_1	0.41731348409296753	0.0005511030619753845	0	0	0	0	1004358105.2046663	2815.156804233996	0	0	0
half_step_2	0.4178645871549429	0.0005511030619753845	0	0	0	0	1004358105.2046663	2815.156804233996	0	0	0
full_step	0.4184156902169183	0.0055110306197538456	1	0	0	0	1004358105.2046663	2815.156804233996	0	0	0
full_step	0.4184156902169183	0.0027555153098769228	1	0	0	0	1004358105.2046663	2815.156804233996	0	0	0
full_step	0.4184156902169183	0.0013777576549384614	1	0	0	0	1004358105.2046663	2815.156804233996	0	0	0
full_step	0.4184156902169183	0.0006888788274692307	1	0	0	0	1004358105.2046663	2815.156804233996	0	0	0
half_step_1	0.4184156902169183	0.00034443941373461535	0	0	0	0	1004358105.2046663	2815.156804233996	0	0	0
half_step_2	0.41876012963065296	0.00034443941373461535	6	0	0	0	1004358105.2046663	12848.74630562656	0	-1.7400776084850151	305
full_step	0.41910456904438753	0.0034443941373461535	13	8	5	0.6153846153846154	1004358105.2046663	1667494.4367039239	0.48349048172167386	-1.461172449423781	538
half_step_1	0.41910456904438753	0.0017221970686730767	14	10	10	0.7142857142857143	1004358105.2046663	1402284.3106450865	0.48349048172167386	-1.461172449423781	538
half_step_2	0.42082676611306064	0.0017221970686730767	4	4	4	1	1004358105.2046663	27278.79625713889	0	-1.5712531043836628	310
full_step	0.4225489631817337	0.017221970686730766	9	0	0	0	1004358105.2046663	7902204.902534452	0	-1.637309626938462	340
half_step_1	0.4225489631817337	0.008610985343365383	11	0	0	0	1004358105.2046663	406789.267989419	0	-1.637309626938462	340
half_step_2	0.4311599485250991	0.008610985343365383	1	0	0	0	1004358105.2046663	2815.156804233996	0	0	0
full_step	0.4225489631817337	0.008610985343365383	13	0	0	0	1004358105.2046663	380665.9828235134	0	-1.637309626938462	340
half_step_1	0.4225489631817337	0.004305492671682691	10	4	4	0.4	1004358105.2046663	111107.93350381477	0	-1.637309626938462	340
half_step_2	0.42685445585341636	0.004305492671682691	1	0	0	0	1004358105.2046663	2815.156804233996	0	0	0
full_step	0.4311599485250991	0.04305492671682691	1	0	0	0	1004358105.2046663	2815.156804233996	0	0	0
full_step	0.4311599485250991	0.021527463358413455	1	0	0	0	1004358105.2046663	2815.156804233996	0	0	0
full_step	0.4311599485250991	0.010763731679206728	1	0	0	0	1004358105.2046663	2815.156804233996	0	0	0
full_step	0.4311599485250991	0.005381865839603364	1	0	0	0	1004358105.2046663	2815.156804233996	0	0	0
full_step	0.4311599485250991	0.002690932919801682	1	0	0	0	1004358105.2046663	2815.156804233996	0	0	0
half_step_1	0.4311599485250991	0.001345466459900841	0	0	0	0	1004358105.2046663	2815.156804233996	0	0	0
half_step_2	0.43250541498499995	0.001345466459900841	0	0	0	0	1004358105.2046663	2815.156804233996	0	0	0
full_step	0.43385088144490075	0.01345466459900841	1	0	0	0	1004358105.2046663	2815.156804233996	0	0	0
full_step	0.43385088144490075	0.006727332299504205	1	0	0	0	1004358105.2046663	2815.156804233996	0	0	0
full_step	0.43385088144490075	0.0033636661497521026	1	0	0	0	1004358105.2046663	2815.156804233996	0	0	0
full_step	0.43385088144490075	0.0016818330748760513	1	0	0	0	1004358105.2046663	2815.156804233996	0	0	0
half_step_1	0.43385088144490075	0.0008409165374380257	0	0	0	0	1004358105.2046663	2815.156804233996	0	0	0
half_step_2	0.43469179798233876	0.0008409165374380257	1	0	0	0	1004358105.2046663	4266.870426466242	0	-1.957767876852677	76
full_step	0.4355327145197768	0.008409165374380256	16	0	0	0	1004358105.2046663	1013813.7233227183	0	-1.6700335368786348	306
half_step_1	0.4355327145197768	0.004204582687190128	14	0	0	0	1004358105.2046663	435281.57884023455	0	-1.6700335368786348	306
half_step_2	0.43973729720696697	0.004204582687190128	1	0	0	0	1004358105.2046663	2815.156804233996	0	0	0
full_step	0.44394187989415707	0.04204582687190128	1	0	0	0	1004358105.2046663	2815.156804233996	0	0	0
full_step	0.44394187989415707	0.02102291343595064	1	0	0	0	1004358105.2046663	2815.156804233996	0	0	0
full_step	0.44394187989415707	0.01051145671797532	1	0	0	0	1004358105.2046663	2815.156804233996	0	0	0
full_step	0.44394187989415707	0.00525572835898766	1	0	0	0	1004358105.2046663	2815.156804233996	0	0	0
full_step	0.44394187989415707	0.00262786417949383	1	0	0	0	1004358105.2046663	2815.156804233996	0	0	0
half_step_1	0.44394187989415707	0.001313932089746915	0	0	0	0	1004358105.2046663	2815.156804233996	0	0	0
half_step_2	0.44525581198390396	0.001313932089746915	11	0	0	0	1004358105.2046663	32764.923395995127	0	-1.9074132876921692	29
full_step	0.4465697440736509	0.01313932089746915	11	0	0	0	1004358105.2046663	1926778.3183263175	0	-1.762535613927177	148
full_step	0.4465697440736509	0.006569660448734575	12	0	0	0	1004358105.2046663	402384.1502453209	0	-1.762535613927177	148
half_step_1	0.4465697440736509	0.0032848302243672876	4	0	0	0	1004358105.2046663	151038.4853628271	0	-1.762535613927177	148
half_step_2	0.4498545742980182	0.0032848302243672876	7	0	0	0	1004358105.2046663	210789.16645394833	0	-1.656088189420179	103
full_step	0.4531394045223855	0.032848302243672876	6	17	13	2.8333333333333335	1004358105.2046663	5437628.411833422	0	-1.8636003628701032	61
full_step	0.4531394045223855	0.016424151121836438	5	17	12	3.4	1004358105.2046663	2270109.8209614423	0	-1.8636003628701032	61
full_step	0.4531394045223855	0.008212075560918219	4	17	14	4.25	1004358105.2046663	538015.5275854308	0	-1.8636003628701032	61
full_step	0.4531394045223855	0.0041060377804591095	3	8	8	2.6666666666666665	1004358105.2046663	86070.90987017646	0	-1.8636003628701032	61
half_step_1	0.4531394045223855	0.0020530188902295548	1	0	0	0	1004358105.2046663	2815.156804233996	0	-1.8636003628701032	61
half_step_2	0.45519242341261507	0.0020530188902295548	4	0	0	0	1004358105.2046663	547156.1027239203	0	-1.9323479025933838	100
full_step	0.4572454423028446	0.02053018890229555	9	0	0	0	1004358105.2046663	5272380.73594063	0	-1.8475613344138928	109
full_step	0.4572454423028446	0.010265094451147774	10	0	0	0	1004358105.2046663	2309192.8607966006	0	-1.8475613344138928	109
full_step	0.4572454423028446	0.005132547225573887	10	0	0	0	1004358105.2046663	1648355.4166567656	0	-1.8475613344138928	109
full_step	0.4572454423028446	0.0025662736127869436	9	0	0	0	1004358105.2046663	558535.8326504235	0	-1.8475613344138928	109
full_step	0.4572454423028446	0.0012831368063934718	10	0	0	0	1004358105.2046663	41356.03287382288	0	-1.8475613344138928	109
half_step_1	0.4572454423028446	0.0006415684031967359	1	3	3	3	1004358105.2046663	2815.156804233996	0	-1.8475613344138928	109
half_step_2	0.4578870107060413	0.0006415684031967359	11	0	0	0	1004358105.2046663	33822.083932435584	0.009113125064686756	-1.7202577634312222	418
full_step	0.45852857910923805	0.006415684031967359	14	25	9	1.7857142857142858	1004358105.2046663	3882000.0704931007	0.4008164293409209	-1.6194155447577037	558
half_step_1	0.45852857910923805	0.0032078420159836795	8	14	8	1.75	1004358105.2046663	21018876.177006874	0.4008164293409209	-1.6194155447577037	558
half_step_2	0.46173642112522173	0.0032078420159836795	10	0	0	0	1004358105.2046663	111695.886682126	0	-1.5564947203992252	147
full_step	0.4649442631412054	0.03207842015983679	1	0	0	0	1004358105.2046663	2815.156804233996	0	0	0
full_step	0.4649442631412054	0.016039210079918396	1	0	0	0	1004358105.2046663	2815.156804233996	0	0	0
full_step	0.4649442631412054	0.008019605039959198	1	0	0	0	1004358105.2046663	2815.156804233996	0	0	0
full_step	0.4649442631412054	0.004009802519979599	1	0	0	0	1004358105.2046663	2815.156804233996	0	0	0
half_step_1	0.4649442631412054	0.0020049012599897996	0	0	0	0	1004358105.2046663	2815.156804233996	0	0	0
half_step_2	0.4669491644011952	0.0020049012599897996	0	0	0	0	1004358105.2046663	2815.156804233996	0	0	0
full_step	0.468954065661185	0.020049012599897997	1	0	0	0	1004358105.2046663	2815.156804233996	0	0	0
full_step	0.468954065661185	0.010024506299948999	1	0	0	0	1004358105.2046663	2815.156804233996	0	0	0
full_step	0.468954065661185	0.005012253149974499	1	0	0	0	1004358105.2046663	2815.156804233996	0	0	0
half_step_1	0.468954065661185	0.0025061265749872497	0	0	0	0	1004358105.2046663	2815.156804233996	0	0	0
half_step_2	0.4714601922361723	0.0025061265749872497	0	0	0	0	1004358105.2046663	2815.156804233996	0	0	0
full_step	0.4739663188111595	0.025061265749872497	11	0	0	0	1004358105.2046663	5794743.924203084	0	-1.7492161312621164	108
full_step	0.4739663188111595	0.012530632874936248	11	0	0	0	1004358105.2046663	3864629.2298792503	0	-1.7492161312621164	108
full_step	0.4739663188111595	0.006265316437468124	11	0	0	0	1004358105.2046663	1663553.707350078	0	-1.7492161312621164	108
full_step	0.4739663188111595	0.003132658218734062	10	0	0	0	1004358105.2046663	290900.8055572573	0	-1.7492161312621164	108
half_step_1	0.4739663188111595	0.001566329109367031	4	0	0	0	1004358105.2046663	50286.688466771135	0	-1.7492161312621164	108
half_step_2	0.4755326479205266	0.001566329109367031	12	0	0	0	1004358105.2046663	58248.616529773746	0	-1.6478572728168093	214
full_step	0.47709897702989357	0.01566329109367031	4	13	13	3.25	1004358105.2046663	1730035.8621244635	0	-1.9059887366816917	93
full_step	0.47709897702989357	0.007831645546835155	4	11	11	2.75	1004358105.2046663	271543.22156589373	0	-1.9059887366816917	93
full_step	0.47709897702989357	0.003915822773417578	3	12	12	4	1004358105.2046663	44631.05368367677	0	-1.9059887366816917	93
full_step	0.47709897702989357	0.001957911386708789	1	0	0	0	1004358105.2046663	2815.156804233996	0	-1.9059887366816917	93
half_step_1	0.47709897702989357	0.0009789556933543944	0	0	0	0	1004358105.2046663	2815.156804233996	0	-1.9059887366816917	93
half_step_2	0.47807793272324794	0.0009789556933543944	6	0	0	0	1004358105.2046663	24476.409836335388	0	-1.5126513653913214	76
full_step	0.4790568884166024	0.009789556933543945	13	0	0	0	1004358105.2046663	1355243.6124361965	0	-1.7462284235786807	418
half_step_1	0.4790568884166024	0.0048947784667719724	11	0	0	0	1004358105.2046663	833556.7496197084	0	-1.7462284235786807	418
half_step_2	0.4839516668833744	0.0048947784667719724	8	0	0	0	1004358105.2046663	1462224.7046766072	0	-1.898605285103274	98
full_step	0.4888464453501463	0.04894778466771972	1	0	0	0	1004358105.2046663	2815.156804233996	0	0	0
full_step	0.4888464453501463	0.02447389233385986	1	0	0	0	1004358105.2046663	2815.156804233996	0	0	0
full_step	0.4888464453501463	0.01223694616692993	1	0	0	0	1004358105.2046663	2815.156804233996	0	0	0
full_step	0.4888464453501463	0.006118473083464965	1	0	0	0	1004358105.2046663	2815.156804233996	0	0	0
full_step	0.4888464453501463	0.0030592365417324826	1	0	0	0	1004358105.2046663	2815.156804233996	0	0	0
half_step_1	0.4888464453501463	0.0015296182708662413	0	0	0	0	1004358105.2046663	2815.156804233996	0	0	0
half_step_2	0.49037606362101255	0.0015296182708662413	0	0	0	0	1004358105.2046663	2815.156804233996	0	0	0
full_step	0.4919056818918788	0.015296182708662412	1	0	0	0	1004358105.2046663	2815.156804233996	0	0	0
full_step	0.4919056818918788	0.007648091354331206	1	0	0	0	1004358105.2046663	2815.156804233996	0	0	0
full_step	0.4919056818918788	0.003824045677165603	1	0	0	0	1004358105.2046663	2815.156804233996	0	0	0
full_step	0.4919056818918788	0.0019120228385828015	1	0	0	0	1004358105.2046663	2815.156804233996	0	0	0
full_step	0.4919056818918788	0.0009560114192914007	1	0	0	0	1004358105.2046663	2815.156804233996	0	0	0
full_step	0.4919056818918788	0.00047800570964570037	1	0	0	0	1004358105.2046663	2815.156804233996	0	0	0
half_step_1	0.4919056818918788	0.00023900285482285019	0	0	0	0	1004358105.2046663	2815.156804233996	0	0	0
half_step_2	0.49214468474670164	0.00023900285482285019	0	0	0	0	1004358105.2046663	2815.156804233996	0	0	0
full_step	0.49238368760152446	0.002390028548228502	14	0	0	0	1004358105.2046663	327206.73694292665	0	-1.7194222512921045	114
full_step	0.49238368760152446	0.001195014274114251	14	0	0	0	1004358105.2046663	143256.59764251485	0	-1.7194222512921045	114
half_step_1	0.49238368760152446	0.0005975071370571255	11	0	0	0	1004358105.2046663	54402.826669909125	0	-1.7194222512921045	114
half_step_2	0.4929811947385816	0.0005975071370571255	11	3	3	0.2727272727272727	1004358105.2046663	47952.12354712497	0.5972501698015549	-1.6128363959864096	490
full_step	0.4935787018756387	0.0059750713705712544	13	9	9	0.6923076923076923	1004358105.2046663	1546338.7567332047	0.5102589410562359	-1.4907843345116023	455
half_step_1	0.4935787018756387	0.0029875356852856272	12	12	6	1	1004358105.2046663	1557764.0722178514	0.5102589410562359	-1.4907843345116023	455
half_step_2	0.49656623756092433	0.0029875356852856272	1	0	0	0	1004358105.2046663	2815.156804233996	0	0	0
full_step	0.4995537732462099	0.02987535685285627	14	13	9	0.9285714285714286	1004358105.2046663	9111426.27581143	1.3837182616698556	-1.4376636279167987	336
full_step	0.4995537732462099	0.014937678426428135	16	19	7	1.1875	1004358105.2046663	6401371.961969247	1.3837182616698556	-1.4376636279167987	336
half_step_1	0.4995537732462099	0.007468839213214068	16	12	5	0.75	1004358105.2046663	3658472.1976645608	1.3837182616698556	-1.4376636279167987	336
half_step_2	0.507022612459424	0.007468839213214068	1	0	0	0	1004358105.2046663	2815.156804233996	0	0	0
full_step	0.5144914516726381	0.023457204100110263	6	0	0	0	1004358105.2046663	5102523.470934023	0	-1.8493477740419486	17
full_step	0.5144914516726381	0.011728602050055131	8	0	0	0	1004358105.2046663	1019247.441072017	0	-1.8493477740419486	17
full_step	0.5144914516726381	0.005864301025027566	8	0	0	0	1004358105.2046663	773202.220111304	0	-1.8493477740419486	17
full_step	0.5144914516726381	0.002932150512513783	8	0	0	0	1004358105.2046663	588191.4265192198	0	-1.8493477740419486	17
half_step_1	0.5144914516726381	0.0014660752562568914	6	0	0	0	1004358105.2046663	238225.566737768	0	-1.8493477740419486	17
half_step_2	0.515957526928895	0.0014660752562568914	6	0	0	0	1004358105.2046663	1611894.6113596864	0	-1.8442709263133914	93
full_step	0.5174236021851519	0.014660752562568914	8	0	0	0	1004358105.2046663	3112040.98845948	0	-1.7536398254903287	86
full_step	0.5174236021851519	0.007330376281284457	8	0	0	0	1004358105.2046663	2146330.6679575485	0	-1.7536398254903287	86
full_step	0.5174236021851519	0.0036651881406422285	7	0	0	0	1004358105.2046663	1827667.193453679	0	-1.7536398254903287	86
full_step	0.5174236021851519	0.0018325940703211143	5	0	0	0	1004358105.2046663	1159132.9730060727	0	-1.7536398254903287	86
half_step_1	0.5174236021851519	0.0009162970351605571	1	3	3	3	1004358105.2046663	3057.1280887306625	0	-1.7536398254903287	86
half_step_2	0.5183398992203125	0.0009162970351605571	2	3	3	1.5	1004358105.2046663	16019.523746567635	0	-1.701785209530896	174
full_step	0.519256196255473	0.00916297035160557	14	0	0	0	1004358105.2046663	1080366.0278930601	0.11166490737196	-1.6203741812335024	211
full_step	0.519256196255473	0.004581485175802785	13	0	0	0	1004358105.2046663	420237.227745326	0.11166490737196	-1.6203741812335024	211
full_step	0.519256196255473	0.0022907425879013926	13	0	0	0	1004358105.2046663	96412.81165101915	0.11166490737196	-1.6203741812335024	211
half_step_1	0.519256196255473	0.0011453712939506963	7	0	0	0	1004358105.2046663	31674.882944482222	0.11166490737196	-1.6203741812335024	211
half_step_2	0.5204015675494237	0.0011453712939506963	3	2	2	0.6666666666666666	1004358105.2046663	23187.721012962367	0	-1.6481109502253717	172
full_step	0.5215469388433744	0.011453712939506963	14	18	10	1.2857142857142858	1004358105.2046663	3394473.553677644	0.7936847504315665	-1.4805012855641058	618
half_step_1	0.5215469388433744	0.0057268564697534816	13	15	9	1.1538461538461537	1004358105.2046663	3167932.6564388108	0.7936847504315665	-1.4805012855641058	618
half_step_2	0.5272737953131279	0.0057268564697534816	1	0	0	0	1004358105.2046663	2815.156804233996	0	0	0
full_step	0.5215469388433744	0.0057268564697534816	16	24	8	1.5	1004358105.2046663	3253860.4137674114	0.7936847504315665	-1.4805012855641058	618
half_step_1	0.5215469388433744	0.0028634282348767408	12	20	10	1.6666666666666667	1004358105.2046663	1661059.7565217314	0.7936847504315665	-1.4805012855641058	618
half_step_2	0.5244103670782512	0.0028634282348767408	1	0	0	0	1004358105.2046663	2815.156804233996	0	-1.942460826055199	95
full_step	0.5272737953131279	0.018900931722343754	12	13	7	1.0833333333333333	1004358105.2046663	15743580.425498234	0.07655401797455852	-1.7057207458582546	234
full_step	0.5272737953131279	0.009450465861171877	14	27	11	1.9285714285714286	1004358105.2046663	2744945.6258018687	0.07655401797455852	-1.7057207458582546	234
half_step_1	0.5272737953131279	0.004725232930585938	12	18	6	1.5	1004358105.2046663	486717.25980154256	0.07655401797455852	-1.7057207458582546	234
half_step_2	0.5319990282437138	0.004725232930585938	1	0	0	0	1004358105.2046663	2815.156804233996	0	0	0
full_step	0.5367242611742998	0.04725232930585938	12	16	9	1.3333333333333333	1004358105.2046663	16945822.980204742	0.796457694064884	-1.5391977817157565	204
full_step	0.5367242611742998	0.02362616465292969	10	8	8	0.8	1004358105.2046663	11589450.36215391	0.796457694064884	-1.5391977817157565	204
half_step_1	0.5367242611742998	0.011813082326464846	11	26	8	2.3636363636363638	1004358105.2046663	9207072.670981165	0.796457694064884	-1.5391977817157565	204
half_step_2	0.5485373435007647	0.011813082326464846	1	0	0	0	1004358105.2046663	2815.156804233996	0	0	0
full_step	0.5367242611742998	0.011813082326464846	10	4	4	0.4	1004358105.2046663	9161302.146186883	0.796457694064884	-1.5391977817157565	204
half_step_1	0.5367242611742998	0.005906541163232423	11	18	7	1.6363636363636365	1004358105.2046663	8876501.30664202	0.796457694064884	-1.5391977817157565	204
half_step_2	0.5426308023375322	0.005906541163232423	1	0	0	0	1004358105.2046663	2815.156804233996	0	0	0
full_step	0.5485373435007647	0.05696469749261921	13	7	7	0.5384615384615384	1004358105.2046663	7335400.244450241	1.4340496143177006	-1.3130431549553374	689
full_step	0.5485373435007647	0.028482348746309605	14	12	6	0.8571428571428571	1004358105.2046663	8024241.698637119	1.4340496143177006	-1.3130431549553374	689
full_step	0.5485373435007647	0.014241174373154803	13	10	5	0.7692307692307693	1004358105.2046663	6032450.253606998	1.4340496143177006	-1.3130431549553374	689
half_step_1	0.5485373435007647	0.007120587186577401	10	7	7	0.7	1004358105.2046663	3182739.8322386574	1.4340496143177006	-1.3130431549553374	689
half_step_2	0.555657930687342	0.007120587186577401	4	11	11	2.75	1004358105.2046663	626742.2556628993	0	-1.8678638916967913	91
full_step	0.5627785178739194	0.0528733678143925	1	0	0	0	1004358105.2046663	2815.156804233996	0	0	0
full_step	0.5627785178739194	0.02643668390719625	1	0	0	0	1004358105.2046663	2815.156804233996	0	0	0
full_step	0.5627785178739194	0.013218341953598126	1	0	0	0	1004358105.2046663	2815.156804233996	0	0	0
full_step	0.5627785178739194	0.006609170976799063	1	0	0	0	1004358105.2046663	2815.156804233996	0	0	0
full_step	0.5627785178739194	0.0033045854883995314	1	0	0	0	1004358105.2046663	2815.156804233996	0	0	0
half_step_1	0.5627785178739194	0.0016522927441997657	0	0	0	0	1004358105.2046663	2815.156804233996	0	0	0
half_step_2	0.5644308106181192	0.0016522927441997657	0	0	0	0	1004358105.2046663	2815.156804233996	0	0	0
full_step	0.5660831033623189	0.016522927441997657	14	5	3	0.35714285714285715	1004358105.2046663	5171007.522134912	0	-1.741317254760369	319
full_step	0.5660831033623189	0.008261463720998828	14	3	3	0.21428571428571427	1004358105.2046663	1054991.0773293138	0	-1.741317254760369	319
half_step_1	0.5660831033623189	0.004130731860499414	12	0	0	0	1004358105.2046663	277641.86522168387	0	-1.741317254760369	319
half_step_2	0.5702138352228183	0.004130731860499414	3	0	0	0	1004358105.2046663	361255.15059329185	0	-1.9031083371691395	219
full_step	0.5743445670833177	0.04130731860499414	11	13	8	1.1818181818181819	1004358105.2046663	20251395.241998807	0	-1.8912826778714837	189
full_step	0.5743445670833177	0.02065365930249707	11	14	11	1.2727272727272727	1004358105.2046663	17563728.21675077	0	-1.8912826778714837	189
full_step	0.5743445670833177	0.010326829651248535	10	4	3	0.4	1004358105.2046663	16677082.596326629	0	-1.8912826778714837	189
half_step_1	0.5743445670833177	0.005163414825624268	1	6	6	6	1004358105.2046663	14963.309403404332	0	-1.8912826778714837	189
half_step_2	0.5795079819089419	0.005163414825624268	1	0	0	0	1004358105.2046663	2815.156804233996	0	0	0
full_step	0.5743445670833177	0.005163414825624268	8	0	0	0	1004358105.2046663	9838202.14300468	0	-1.8912826778714837	189
half_step_1	0.5743445670833177	0.002581707412812134	2	11	11	5.5	1004358105.2046663	501192.3766319433	0	-1.8912826778714837	189
half_step_2	0.5769262744961299	0.002581707412812134	2	8	7	4	1004358105.2046663	115208.99804113804	0	-1.73708828725915	220
full_step	0.5795079819089419	0.02581707412812134	11	17	17	1.5454545454545454	1004358105.2046663	5733249.790870874	0	-1.7623498818137207	216
full_step	0.5795079819089419	0.01290853706406067	11	0	0	0	1004358105.2046663	1904373.548135241	0	-1.7623498818137207	216
half_step_1	0.5795079819089419	0.006454268532030335	4	0	0	0	1004358105.2046663	520265.28135292477	0	-1.7623498818137207	216
half_step_2	0.5859622504409723	0.006454268532030335	1	0	0	0	1004358105.2046663	2815.156804233996	0	0	0
full_step	0.5795079819089419	0.006454268532030335	9	0	0	0	1004358105.2046663	528139.9542653029	0	-1.7623498818137207	216
half_step_1	0.5795079819089419	0.0032271342660151674	2	10	10	5	1004358105.2046663	129944.04055852907	0	-1.7623498818137207	216
half_step_2	0.5827351161749571	0.0032271342660151674	2	11	11	5.5	1004358105.2046663	105398.75403308612	0	-1.8591003078492125	125
full_step	0.5859622504409723	0.03227134266015167	10	0	0	0	1004358105.2046663	11672119.305138608	0	-1.768121838132498	124
full_step	0.5859622504409723	0.016135671330075835	10	0	0	0	1004358105.2046663	6260354.788519934	0	-1.768121838132498	124
full_step	0.5859622504409723	0.008067835665037918	8	0	0	0	1004358105.2046663	7487338.48875984	0	-1.768121838132498	124
half_step_1	0.5859622504409723	0.004033917832518959	7	0	0	0	1004358105.2046663	181525.50521857955	0	-1.768121838132498	124
half_step_2	0.5899961682734912	0.004033917832518959	1	0	0	0	1004358105.2046663	2815.156804233996	0	0	0
full_step	0.5859622504409723	0.004033917832518959	10	0	0	0	1004358105.2046663	188070.69990609156	0	-1.768121838132498	124
half_step_1	0.5859622504409723	0.0020169589162594794	2	4	4	2	1004358105.2046663	40119.01730568007	0	-1.768121838132498	124
half_step_2	0.5879792093572318	0.0020169589162594794	2	6	6	3	1004358105.2046663	50949.14946692725	0	-1.823547831113074	184
full_step	0.5899961682734912	0.020169589162594793	10	0	0	0	1004358105.2046663	9053674.7934757	0	-1.791373848579707	298
full_step	0.5899961682734912	0.010084794581297397	10	0	0	0	1004358105.2046663	2325595.8059239564	0	-1.791373848579707	298
full_step	0.5899961682734912	0.005042397290648698	12	0	0	0	1004358105.2046663	335978.862302182	0	-1.791373848579707	298
half_step_1	0.5899961682734912	0.002521198645324349	2	5	3	2.5	1004358105.2046663	83593.89816538093	0	-1.791373848579707	298
half_step_2	0.5925173669188155	0.002521198645324349	3	15	15	5	1004358105.2046663	109748.45154236603	0	-1.84151830782804	197
full_step	0.5950385655641399	0.02521198645324349	19	30	8	1.5789473684210527	1004358105.2046663	7811560.6160078775	1.6347164607723244	-1.4254768731299852	918
full_step	0.5950385655641399	0.012605993226621745	15	20	5	1.3333333333333333	1004358105.2046663	7101375.565531872	1.6347164607723244	-1.4254768731299852	918
half_step_1	0.5950385655641399	0.0063029966133108725	12	10	7	0.8333333333333334	1004358105.2046663	7243688.176516292	1.6347164607723244	-1.4254768731299852	918
half_step_2	0.6013415621774508	0.0063029966133108725	1	0	0	0	1004358105.2046663	2815.156804233996	0	0	0
full_step	0.5950385655641399	0.0063029966133108725	13	11	7	0.8461538461538461	1004358105.2046663	7208350.971421112	1.6347164607723244	-1.4254768731299852	918
half_step_1	0.5950385655641399	0.0031514983066554363	13	21	6	1.6153846153846154	1004358105.2046663	6232243.639021113	1.6347164607723244	-1.4254768731299852	918
half_step_2	0.5981900638707953	0.0031514983066554363	4	7	7	1.75	1004358105.2046663	64115.16067155761	0	-1.574199581160448	171
full_step	0.6013415621774508	0.03151498306655436	11	7	7	0.6363636363636364	1004358105.2046663	5753495.242734294	0	-1.5810763617800976	202
full_step	0.6013415621774508	0.01575749153327718	12	3	3	0.25	1004358105.2046663	1725468.7323540065	0	-1.5810763617800976	202
full_step	0.6013415621774508	0.00787874576663859	10	0	0	0	1004358105.2046663	690966.2085498418	0	-1.5810763617800976	202
full_step	0.6013415621774508	0.003939372883319295	10	0	0	0	1004358105.2046663	109919.100925086	0	-1.5810763617800976	202
half_step_1	0.6013415621774508	0.0019696864416596477	2	9	8	4.5	1004358105.2046663	48167.93679842031	0	-1.5810763617800976	202
half_step_2	0.6033112486191105	0.0019696864416596477	3	10	8	3.3333333333333335	1004358105.2046663	39371.74548821227	0	-1.3788162299667008	148
full_step	0.6052809350607701	0.019696864416596477	11	0	0	0	1004358105.2046663	4264593.848689262	0	-1.6783634563620733	181
full_step	0.6052809350607701	0.009848432208298239	9	0	0	0	1004358105.2046663	7007124.246810864	0	-1.6783634563620733	181
half_step_1	0.6052809350607701	0.004924216104149119	3	4	4	1.3333333333333333	1004358105.2046663	203788.1244720099	0	-1.6783634563620733	181
half_step_2	0.6102051511649192	0.004924216104149119	12	0	0	0	1004358105.2046663	435033.88467086724	0	-1.5465868690974702	373
full_step	0.6151293672690683	0.04924216104149119	1	0	0	0	1004358105.2046663	2815.156804233996	0	0	0
full_step	0.6151293672690683	0.024621080520745596	1	0	0	0	1004358105.2046663	2815.156804233996	0	0	0
full_step	0.6151293672690683	0.012310540260372798	1	0	0	0	1004358105.2046663	2815.156804233996	0	0	0
full_step	0.6151293672690683	0.006155270130186399	1	0	0	0	1004358105.2046663	2815.156804233996	0	0	0
full_step	0.6151293672690683	0.0030776350650931995	1	0	0	0	1004358105.2046663	2815.156804233996	0	0	0
half_step_1	0.6151293672690683	0.0015388175325465997	0	0	0	0	1004358105.2046663	2815.156804233996	0	0	0
half_step_2	0.6166681848016149	0.0015388175325465997	0	0	0	0	1004358105.2046663	2815.156804233996	0	-1.998864424335712	46
full_step	0.6182070023341615	0.015388175325465998	11	0	0	0	1004358105.2046663	5519639.735375909	0	-1.771104618913844	273
half_step_1	0.6182070023341615	0.007694087662732999	8	0	0	0	1004358105.2046663	2972221.1771120853	0	-1.771104618913844	273
half_step_2	0.6259010899968945	0.007694087662732999	1	0	0	0	1004358105.2046663	2815.156804233996	0	0	0
full_step	0.6182070023341615	0.007694087662732999	10	0	0	0	1004358105.2046663	3421481.018528559	0	-1.771104618913844	273
half_step_1	0.6182070023341615	0.0038470438313664996	11	0	0	0	1004358105.2046663	227027.3255405549	0	-1.771104618913844	273
half_step_2	0.622054046165528	0.0038470438313664996	2	19	19	9.5	1004358105.2046663	679382.9647049365	0	-1.9880764756177132	13
full_step	0.6259010899968945	0.03847043831366499	9	3	3	0.3333333333333333	1004358105.2046663	11836268.214076772	0	-1.865279579595383	155
full_step	0.6259010899968945	0.019235219156832496	11	3	3	0.2727272727272727	1004358105.2046663	4016945.662031101	0	-1.865279579595383	155
full_step	0.6259010899968945	0.009617609578416248	11	5	5	0.45454545454545453	1004358105.2046663	814387.4810559868	0	-1.865279579595383	155
half_step_1	0.6259010899968945	0.004808804789208124	5	0	0	0	1004358105.2046663	196676.87229187143	0	-1.865279579595383	155
half_step_2	0.6307098947861026	0.004808804789208124	13	16	7	1.2307692307692308	1004358105.2046663	1076511.4828110156	0.4619833545475558	-1.5276258928803652	338
full_step	0.6355186995753108	0.023770879437801557	1	0	0	0	1004358105.2046663	2815.156804233996	0	0	0
full_step	0.6355186995753108	0.011885439718900779	1	0	0	0	1004358105.2046663	2815.156804233996	0	0	0
full_step	0.6355186995753108	0.005942719859450389	1	0	0	0	1004358105.2046663	2815.156804233996	0	0	0
full_step	0.6355186995753108	0.0029713599297251946	1	0	0	0	1004358105.2046663	2815.156804233996	0	0	0
half_step_1	0.6355186995753108	0.0014856799648625973	0	0	0	0	1004358105.2046663	2815.156804233996	0	0	0
half_step_2	0.6370043795401734	0.0014856799648625973	0	0	0	0	1004358105.2046663	2815.156804233996	0	0	0
full_step	0.638490059505036	0.014856799648625973	8	0	0	0	1004358105.2046663	2849908.338323545	0	-1.876753818224173	38
full_step	0.638490059505036	0.007428399824312986	7	0	0	0	1004358105.2046663	1437293.9132892354	0	-1.876753818224173	38
half_step_1	0.638490059505036	0.003714199912156493	2	10	10	5	1004358105.2046663	121044.92814881685	0	-1.876753818224173	38
half_step_2	0.6422042594171925	0.003714199912156493	15	17	9	1.1333333333333333	1004358105.2046663	906707.1732402018	0.5235985802064533	-1.5680706662678319	313
full_step	0.645918459329349	0.028587101987901424	1	0	0	0	1004358105.2046663	2815.156804233996	0	0	0
full_step	0.645918459329349	0.014293550993950712	1	0	0	0	1004358105.2046663	2815.156804233996	0	0	0
full_step	0.645918459329349	0.007146775496975356	1	0	0	0	1004358105.2046663	2815.156804233996	0	0	0
full_step	0.645918459329349	0.003573387748487678	1	0	0	0	1004358105.2046663	2815.156804233996	0	0	0
full_step	0.645918459329349	0.001786693874243839	1	0	0	0	1004358105.2046663	2815.156804233996	0	0	0
half_step_1	0.645918459329349	0.0008933469371219195	0	0	0	0	1004358105.2046663	2815.156804233996	0	0	0
half_step_2	0.646811806266471	0.0008933469371219195	11	0	0	0	1004358105.2046663	22395.986936356636	0	-1.7404974842082863	65
full_step	0.6477051532035928	0.008933469371219195	18	23	8	1.2777777777777777	1004358105.2046663	8313138.704578194	0.4586688810304622	-1.5739805358089693	249
half_step_1	0.6477051532035928	0.004466734685609598	15	22	7	1.4666666666666666	1004358105.2046663	3932026.036596292	0.4586688810304622	-1.5739805358089693	249
half_step_2	0.6521718878892024	0.004466734685609598	1	0	0	0	1004358105.2046663	2815.156804233996	0	0	0
full_step	0.656638622574812	0.044667346856095975	9	3	3	0.3333333333333333	1004358105.2046663	5713091.675025493	0	-1.4632883682008824	121
full_step	0.656638622574812	0.022333673428047988	10	0	0	0	1004358105.2046663	4018076.5256541376	0	-1.4632883682008824	121
full_step	0.656638622574812	0.011166836714023994	13	0	0	0	1004358105.2046663	1051103.2981603884	0	-1.4632883682008824	121
full_step	0.656638622574812	0.005583418357011997	12	0	0	0	1004358105.2046663	243467.16504787232	0	-1.4632883682008824	121
half_step_1	0.656638622574812	0.0027917091785059985	7	0	0	0	1004358105.2046663	72644.49655799817	0	-1.4632883682008824	121
half_step_2	0.659430331753318	0.0027917091785059985	7	0	0	0	1004358105.2046663	1571185.95871454	0	-1.9108580504742798	90
full_step	0.662222040931824	0.027917091785059984	13	9	6	0.6923076923076923	1004358105.2046663	16459018.723128203	0	-1.927815299479737	184
full_step	0.662222040931824	0.013958545892529992	15	11	5	0.7333333333333333	1004358105.2046663	54598075.98668946	0	-1.927815299479737	184
full_step	0.662222040931824	0.006979272946264996	14	3	3	0.21428571428571427	1004358105.2046663	23008790.115131937	0	-1.927815299479737	184
full_step	0.662222040931824	0.003489636473132498	13	3	3	0.23076923076923078	1004358105.2046663	18522485.675337363	0	-1.927815299479737	184
half_step_1	0.662222040931824	0.001744818236566249	2	7	7	3.5	1004358105.2046663	7245173.692848139	0	-1.927815299479737	184
half_step_2	0.6639668591683903	0.001744818236566249	2	10	9	5	1004358105.2046663	56849.239096829464	0	-1.6008650475790924	166
full_step	0.6657116774049565	0.01744818236566249	13	19	9	1.4615384615384615	1004358105.2046663	7458719.390734082	0.44531811573324376	-1.512335078164289	345
half_step_1	0.6657116774049565	0.008724091182831245	10	18	9	1.8	1004358105.2046663	9469130.38999806	0.44531811573324376	-1.512335078164289	345
half_step_2	0.6744357685877878	0.008724091182831245	1	0	0	0	1004358105.2046663	2815.156804233996	0	0	0
full_step	0.6657116774049565	0.008724091182831245	14	20	8	1.4285714285714286	1004358105.2046663	3520122.931579906	0.44531811573324376	-1.512335078164289	345
half_step_1	0.6657116774049565	0.004362045591415622	14	18	7	1.2857142857142858	1004358105.2046663	384349.60905298934	0.44531811573324376	-1.512335078164289	345
half_step_2	0.6700737229963721	0.004362045591415622	1	0	0	0	1004358105.2046663	2815.156804233996	0	0	0
full_step	0.6657116774049565	0.004362045591415622	16	19	9	1.1875	1004358105.2046663	374178.0347722949	0.44531811573324376	-1.512335078164289	345
half_step_1	0.6657116774049565	0.002181022795707811	14	16	6	1.1428571428571428	1004358105.2046663	583827.404994684	0.44531811573324376	-1.512335078164289	345
half_step_2	0.6678927002006644	0.002181022795707811	2	10	10	5	1004358105.2046663	82200.71822861659	0	-1.720847065326108	294
full_step	0.6700737229963721	0.021810227957078113	6	0	0	0	1004358105.2046663	3161243.809024389	0	-1.8878635378622712	129
half_step_1	0.6700737229963721	0.010905113978539056	2	10	10	5	1004358105.2046663	780320.4215868649	0	-1.8878635378622712	129
half_step_2	0.6809788369749112	0.010905113978539056	4	0	0	0	1004358105.2046663	5938049.138339133	0	-1.9769615553994282	38
full_step	0.6700737229963721	0.010905113978539056	3	2	2	0.6666666666666666	1004358105.2046663	788357.8604550794	0	-1.8878635378622712	129
half_step_1	0.6700737229963721	0.005452556989269528	2	11	11	5.5	1004358105.2046663	226169.78471529123	0	-1.8878635378622712	129
half_step_2	0.6755262799856416	0.005452556989269528	5	11	8	2.2	1004358105.2046663	241723.9877230638	0	-1.85342007591383	78
full_step	0.6809788369749112	0.05452556989269528	12	3	3	0.25	1004358105.2046663	20972951.11678394	0.09191248640127014	-1.7034648552911995	204
full_step	0.6809788369749112	0.02726278494634764	12	15	10	1.25	1004358105.2046663	6638982.434072056	0.09191248640127014	-1.7034648552911995	204
full_step	0.6809788369749112	0.01363139247317382	11	2	2	0.18181818181818182	1004358105.2046663	6760958.190570824	0.09191248640127014	-1.7034648552911995	204
full_step	0.6809788369749112	0.00681569623658691	12	0	0	0	1004358105.2046663	834144.8093525798	0.09191248640127014	-1.7034648552911995	204
half_step_1	0.6809788369749112	0.003407848118293455	9	0	0	0	1004358105.2046663	219088.79637591456	0.09191248640127014	-1.7034648552911995	204
half_step_2	0.6843866850932047	0.003407848118293455	1	0	0	0	1004358105.2046663	2815.156804233996	0	0	0
full_step	0.6877945332114982	0.031026711315366363	12	3	3	0.25	1004358105.2046663	10338180.76981634	0	-1.882153245452137	284
full_step	0.6877945332114982	0.015513355657683182	12	0	0	0	1004358105.2046663	10051480.782161446	0	-1.882153245452137	284
full_step	0.6877945332114982	0.007756677828841591	14	6	3	0.42857142857142855	1004358105.2046663	1299629.373113143	0	-1.882153245452137	284
full_step	0.6877945332114982	0.0038783389144207954	12	4	4	0.3333333333333333	1004358105.2046663	575666.9790677921	0	-1.882153245452137	284
full_step	0.6877945332114982	0.0019391694572103977	12	0	0	0	1004358105.2046663	80515.4647668059	0	-1.882153245452137	284
full_step	0.6877945332114982	0.0009695847286051989	7	0	0	0	1004358105.2046663	22801.664677556055	0	-1.882153245452137	284
half_step_1	0.6877945332114982	0.00048479236430259943	1	3	3	3	1004358105.2046663	2815.156804233996	0	-1.882153245452137	284
half_step_2	0.6882793255758007	0.00048479236430259943	4	0	0	0	1004358105.2046663	21121.000759486793	0	-1.6971507119677256	414
full_step	0.6887641179401034	0.004847923643025994	17	24	7	1.411764705882353	1004358105.2046663	250280.21993811594	0.29982198014113237	-1.6357384520739282	551
full_step	0.6887641179401034	0.002423961821512997	17	20	8	1.1764705882352942	1004358105.2046663	697093.6329582785	0.29982198014113237	-1.6357384520739282	551
half_step_1	0.6887641179401034	0.0012119809107564985	10	15	7	1.5	1004358105.2046663	493508.2216421223	0.29982198014113237	-1.6357384520739282	551
half_step_2	0.6899760988508599	0.0012119809107564985	13	14	10	1.0769230769230769	1004358105.2046663	1705020.6714323803	0.9401950330502586	-1.4769840153428453	563
full_step	0.6911880797616163	0.012119809107564985	6	30	18	5	1004358105.2046663	1623705.4805116088	0.2192831842257874	-1.718777507892845	162
half_step_1	0.6911880797616163	0.006059904553782493	3	24	12	8	1004358105.2046663	1702818.8590892511	0.2192831842257874	-1.718777507892845	162
full_step	0.6911880797616163	0.006059904553782493	5	23	14	4.6	1004358105.2046663	1697542.7894921666	0.2192831842257874	-1.718777507892845	162
full_step	0.6911880797616163	0.0030299522768912463	4	18	10	4.5	1004358105.2046663	1769951.0533127221	0.2192831842257874	-1.718777507892845	162
half_step_1	0.6911880797616163	0.0015149761384456231	2	11	10	5.5	1004358105.2046663	1399718.796565672	0.2192831842257874	-1.718777507892845	162
half_step_2	0.692703055900062	0.0015149761384456231	13	0	0	0	1004358105.2046663	38832.453162294114	0	-1.6539511963028417	207
full_step	0.6942180320385076	0.015149761384456232	10	6	3	0.6	1004358105.2046663	4430644.041382418	0	-1.65302385701504	253
half_step_1	0.6942180320385076	0.007574880692228116	12	0	0	0	1004358105.2046663	331573.8348892343	0	-1.65302385701504	253
half_step_2	0.7017929127307357	0.007574880692228116	1	0	0	0	1004358105.2046663	2815.156804233996	0	0	0
full_step	0.6942180320385076	0.007574880692228116	14	0	0	0	1004358105.2046663	331729.0446270212	0	-1.65302385701504	253
half_step_1	0.6942180320385076	0.003787440346114058	11	0	0	0	1004358105.2046663	69165.48278372333	0	-1.65302385701504	253
half_step_2	0.6980054723846217	0.003787440346114058	1	0	0	0	1004358105.2046663	2815.156804233996	0	0	0
full_step	0.7017929127307357	0.03787440346114058	1	0	0	0	1004358105.2046663	2815.156804233996	0	0	0
full_step	0.7017929127307357	0.01893720173057029	1	0	0	0	1004358105.2046663	2815.156804233996	0	0	0
full_step	0.7017929127307357	0.009468600865285145	1	0	0	0	1004358105.2046663	2815.156804233996	0	0	0
full_step	0.7017929127307357	0.004734300432642572	1	0	0	0	1004358105.2046663	2815.156804233996	0	0	0
half_step_1	0.7017929127307357	0.002367150216321286	0	0	0	0	1004358105.2046663	2815.156804233996	0	0	0
half_step_2	0.704160062947057	0.002367150216321286	0	0	0	0	1004358105.2046663	2815.156804233996	0	0	0
full_step	0.7065272131633783	0.02367150216321286	1	0	0	0	1004358105.2046663	2815.156804233996	0	0	0
full_step	0.7065272131633783	0.01183575108160643	1	0	0	0	1004358105.2046663	2815.156804233996	0	0	0
full_step	0.7065272131633783	0.005917875540803215	1	0	0	0	1004358105.2046663	2815.156804233996	0	0	0
full_step	0.7065272131633783	0.0029589377704016076	1	0	0	0	1004358105.2046663	2815.156804233996	0	0	0
half_step_1	0.7065272131633783	0.0014794688852008038	0	0	0	0	1004358105.2046663	2815.156804233996	0	0	0
half_step_2	0.7080066820485791	0.0014794688852008038	0	0	0	0	1004358105.2046663	2815.156804233996	0	0	0
full_step	0.7094861509337799	0.014794688852008037	18	4	4	0.2222222222222222	1004358105.2046663	3208724.1010972764	0	-1.6096623213951269	264
half_step_1	0.7094861509337799	0.007397344426004019	16	5	5	0.3125	1004358105.2046663	993448.9185732513	0	-1.6096623213951269	264
half_step_2	0.7168834953597839	0.007397344426004019	1	0	0	0	1004358105.2046663	2815.156804233996	0	0	0
full_step	0.7094861509337799	0.007397344426004019	18	10	7	0.5555555555555556	1004358105.2046663	993532.4484426462	0	-1.6096623213951269	264
half_step_1	0.7094861509337799	0.0036986722130020093	16	5	5	0.3125	1004358105.2046663	363419.44553298055	0	-1.6096623213951269	264
half_step_2	0.7131848231467819	0.0036986722130020093	1	0	0	0	1004358105.2046663	2815.156804233996	0	0	0
full_step	0.7168834953597839	0.03698672213002009	10	6	6	0.6	1004358105.2046663	5387351.160982355	0	-1.63385923694817	177
full_step	0.7168834953597839	0.018493361065010046	11	4	4	0.36363636363636365	1004358105.2046663	3412634.198536851	0	-1.63385923694817	177
full_step	0.7168834953597839	0.009246680532505023	9	0	0	0	1004358105.2046663	1005640.4389367442	0	-1.63385923694817	177
full_step	0.7168834953597839	0.0046233402662525114	9	0	0	0	1004358105.2046663	177384.81600670973	0	-1.63385923694817	177
half_step_1	0.7168834953597839	0.0023116701331262557	1	11	11	11	1004358105.2046663	2815.156804233996	0	-1.63385923694817	177
half_step_2	0.7191951654929102	0.0023116701331262557	13	0	0	0	1004358105.2046663	136395.41602651533	0	-1.8128968200845177	342
full_step	0.7215068356260365	0.023116701331262555	4	15	10	3.75	1004358105.2046663	79147058.31377715	0	-1.9884771263874772	84
full_step	0.7215068356260365	0.011558350665631278	2	10	9	5	1004358105.2046663	34642395.785859846	0	-1.9884771263874772	84
full_step	0.7215068356260365	0.005779175332815639	3	8	8	2.6666666666666665	1004358105.2046663	24783747.401788797	0	-1.9884771263874772	84
half_step_1	0.7215068356260365	0.0028895876664078194	1	0	0	0	1004358105.2046663	2815.156804233996	0	-1.9884771263874772	84
half_step_2	0.7243964232924442	0.0028895876664078194	1	0	0	0	1004358105.2046663	2815.156804233996	0	0	0
full_step	0.7215068356260365	0.0028895876664078194	1	0	0	0	1004358105.2046663	2815.156804233996	0	-1.9884771263874772	84
half_step_1	0.7215068356260365	0.0014447938332039097	0	0	0	0	1004358105.2046663	2815.156804233996	0	-1.9884771263874772	84
half_step_2	0.7229516294592404	0.0014447938332039097	0	0	0	0	1004358105.2046663	2815.156804233996	0	0	0
full_step	0.7243964232924442	0.014447938332039098	1	0	0	0	1004358105.2046663	2815.156804233996	0	0	0
full_step	0.7243964232924442	0.007223969166019549	1	0	0	0	1004358105.2046663	2815.156804233996	0	0	0
full_step	0.7243964232924442	0.0036119845830097745	1	0	0	0	1004358105.2046663	2815.156804233996	0	0	0
full_step	0.7243964232924442	0.0018059922915048873	1	0	0	0	1004358105.2046663	2815.156804233996	0	0	0
half_step_1	0.7243964232924442	0.0009029961457524436	0	0	0	0	1004358105.2046663	2815.156804233996	0	0	0
half_step_2	0.7252994194381966	0.0009029961457524436	0	0	0	0	1004358105.2046663	2815.156804233996	0	0	0
full_step	0.7262024155839492	0.009029961457524436	1	0	0	0	1004358105.2046663	2815.156804233996	0	0	0
full_step	0.7262024155839492	0.004514980728762218	1	0	0	0	1004358105.2046663	2815.156804233996	0	0	0
full_step	0.7262024155839492	0.002257490364381109	1	0	0	0	1004358105.2046663	2815.156804233996	0	0	0
full_step	0.7262024155839492	0.0011287451821905545	1	0	0	0	1004358105.2046663	2815.156804233996	0	0	0
half_step_1	0.7262024155839492	0.0005643725910952773	0	0	0	0	1004358105.2046663	2815.156804233996	0	0	0
half_step_2	0.7267667881750445	0.0005643725910952773	0	0	0	0	1004358105.2046663	2815.156804233996	0	-1.9737330551504892	18
full_step	0.7273311607661397	0.005643725910952773	18	8	5	0.4444444444444444	1004358105.2046663	1600570.3278589076	0.7387531811727968	-1.4153620414229076	868
half_step_1	0.7273311607661397	0.0028218629554763864	16	18	6	1.125	1004358105.2046663	1015870.2535674056	0.7387531811727968	-1.4153620414229076	868
half_step_2	0.7301530237216161	0.0028218629554763864	4	6	6	1.5	1004358105.2046663	62039.25794173297	0	-1.6508776157721563	73
full_step	0.7329748866770924	0.028218629554763865	18	16	6	0.8888888888888888	1004358105.2046663	2495081.320344098	0.07013082167031826	-1.5733138117264764	251
full_step	0.7329748866770924	0.014109314777381933	16	13	9	0.8125	1004358105.2046663	2027742.4537828371	0.07013082167031826	-1.5733138117264764	251
half_step_1	0.7329748866770924	0.007054657388690966	11	4	4	0.36363636363636365	1004358105.2046663	1044614.7069357929	0.07013082167031826	-1.5733138117264764	251
half_step_2	0.7400295440657834	0.007054657388690966	1	0	0	0	1004358105.2046663	2815.156804233996	0	0	0
full_step	0.7470842014544744	0.034757537749859777	1	0	0	0	1004358105.2046663	2815.156804233996	0	0	0
full_step	0.7470842014544744	0.017378768874929888	1	0	0	0	1004358105.2046663	2815.156804233996	0	0	0
full_step	0.7470842014544744	0.008689384437464944	1	0	0	0	1004358105.2046663	2815.156804233996	0	0	0
full_step	0.7470842014544744	0.004344692218732472	1	0	0	0	1004358105.2046663	2815.156804233996	0	0	0
full_step	0.7470842014544744	0.002172346109366236	1	0	0	0	1004358105.2046663	2815.156804233996	0	0	0
half_step_1	0.7470842014544744	0.001086173054683118	0	0	0	0	1004358105.2046663	2815.156804233996	0	0	0
half_step_2	0.7481703745091576	0.001086173054683118	0	0	0	0	1004358105.2046663	2815.156804233996	0	0	0
full_step	0.7492565475638406	0.010861730546831181	12	10	10	0.8333333333333334	1004358105.2046663	7212271.469433289	0.09544899917455041	-1.8187356722077248	275
full_step	0.7492565475638406	0.0054308652734155905	13	14	6	1.0769230769230769	1004358105.2046663	4612903.106493116	0.09544899917455041	-1.8187356722077248	275
half_step_1	0.7492565475638406	0.0027154326367077953	11	0	0	0	1004358105.2046663	641831.8785466725	0.09544899917455041	-1.8187356722077248	275
half_step_2	0.7519719802005485	0.0027154326367077953	1	0	0	0	1004358105.2046663	2815.156804233996	0	0	0
full_step	0.7546874128372563	0.02715432636707795	11	3	3	0.2727272727272727	1004358105.2046663	6608816.790777134	0.9489790495863417	-1.4890029701907934	293
full_step	0.7546874128372563	0.013577163183538975	14	8	8	0.5714285714285714	1004358105.2046663	2135230.082518295	0.9489790495863417	-1.4890029701907934	293
full_step	0.7546874128372563	0.006788581591769488	15	6	6	0.4	1004358105.2046663	1493313.4898679368	0.9489790495863417	-1.4890029701907934	293
full_step	0.7546874128372563	0.003394290795884744	13	6	6	0.46153846153846156	1004358105.2046663	1431032.5138567863	0.9489790495863417	-1.4890029701907934	293
half_step_1	0.7546874128372563	0.001697145397942372	9	9	5	1	1004358105.2046663	1588159.0583220082	0.9489790495863417	-1.4890029701907934	293
half_step_2	0.7563845582351987	0.001697145397942372	1	0	0	0	1004358105.2046663	2815.156804233996	0	-1.9538412293376342	60
full_step	0.758081703633141	0.01697145397942372	1	0	0	0	1004358105.2046663	2815.156804233996	0	0	0
full_step	0.758081703633141	0.00848572698971186	1	0	0	0	1004358105.2046663	2815.156804233996	0	0	0
full_step	0.758081703633141	0.00424286349485593	1	0	0	0	1004358105.2046663	2815.156804233996	0	0	0
full_step	0.758081703633141	0.002121431747427965	1	0	0	0	1004358105.2046663	2815.156804233996	0	0	0
half_step_1	0.758081703633141	0.0010607158737139825	0	0	0	0	1004358105.2046663	2815.156804233996	0	0	0
half_step_2	0.759142419506855	0.0010607158737139825	0	0	0	0	1004358105.2046663	2815.156804233996	0	0	0
full_step	0.7602031353805689	0.010607158737139825	16	4	4	0.25	1004358105.2046663	3263093.8440968455	1.1583519429841544	-1.6130695777573618	600
half_step_1	0.7602031353805689	0.0053035793685699125	16	3	3	0.1875	1004358105.2046663	753042.0648265724	1.1583519429841544	-1.6130695777573618	600
half_step_2	0.7655067147491389	0.0053035793685699125	1	0	0	0	1004358105.2046663	2815.156804233996	0	0	0
full_step	0.7708102941177087	0.04837359074279629	1	0	0	0	1004358105.2046663	2815.156804233996	0	0	0
full_step	0.7708102941177087	0.024186795371398145	1	0	0	0	1004358105.2046663	2815.156804233996	0	0	0
full_step	0.7708102941177087	0.012093397685699073	1	0	0	0	1004358105.2046663	2815.156804233996	0	0	0
full_step	0.7708102941177087	0.006046698842849536	1	0	0	0	1004358105.2046663	2815.156804233996	0	0	0
half_step_1	0.7708102941177087	0.003023349421424768	0	0	0	0	1004358105.2046663	2815.156804233996	0	0	0
half_step_2	0.7738336435391335	0.003023349421424768	0	0	0	0	1004358105.2046663	2815.156804233996	0	0	0
full_step	0.7768569929605583	0.030233494214247682	1	0	0	0	1004358105.2046663	2815.156804233996	0	0	0
full_step	0.7768569929605583	0.015116747107123841	1	0	0	0	1004358105.2046663	2815.156804233996	0	0	0
full_step	0.7768569929605583	0.0075583735535619204	1	0	0	0	1004358105.2046663	2815.156804233996	0	0	0
full_step	0.7768569929605583	0.0037791867767809602	1	0	0	0	1004358105.2046663	2815.156804233996	0	0	0
half_step_1	0.7768569929605583	0.0018895933883904801	0	0	0	0	1004358105.2046663	2815.156804233996	0	0	0
half_step_2	0.7787465863489488	0.0018895933883904801	0	0	0	0	1004358105.2046663	2815.156804233996	0	0	0
full_step	0.7806361797373392	0.0188959338839048	1	0	0	0	1004358105.2046663	2815.156804233996	0	0	0
full_step	0.7806361797373392	0.0094479669419524	1	0	0	0	1004358105.2046663	2815.156804233996	0	0	0
full_step	0.7806361797373392	0.0047239834709762	1	0	0	0	1004358105.2046663	2815.156804233996	0	0	0
full_step	0.7806361797373392	0.0023619917354881	1	0	0	0	1004358105.2046663	2815.156804233996	0	0	0
full_step	0.7806361797373392	0.00118099586774405	1	0	0	0	1004358105.2046663	2815.156804233996	0	0	0
half_step_1	0.7806361797373392	0.000590497933872025	0	0	0	0	1004358105.2046663	2815.156804233996	0	0	0
half_step_2	0.7812266776712112	0.000590497933872025	9	0	0	0	1004358105.2046663	13740.981080334308	0	-1.903662836783568	17
full_step	0.7818171756050832	0.00590497933872025	18	29	10	1.6111111111111112	1004358105.2046663	1762626.4138564405	0.44589197618552134	-1.643911331701517	272
half_step_1	0.7818171756050832	0.002952489669360125	12	6	6	0.5	1004358105.2046663	398613.7986122246	0.44589197618552134	-1.643911331701517	272
half_step_2	0.7847696652744434	0.002952489669360125	1	0	0	0	1004358105.2046663	2815.156804233996	0	0	0
full_step	0.7877221549438035	0.02952489669360125	9	0	0	0	1004358105.2046663	6444476.233306315	0	-1.752634951893259	136
full_step	0.7877221549438035	0.014762448346800626	9	0	0	0	1004358105.2046663	2545790.2997989757	0	-1.752634951893259	136
full_step	0.7877221549438035	0.007381224173400313	10	0	0	0	1004358105.2046663	720433.0078233109	0	-1.752634951893259	136
full_step	0.7877221549438035	0.0036906120867001564	12	0	0	0	1004358105.2046663	194965.25384129712	0	-1.752634951893259	136
half_step_1	0.7877221549438035	0.0018453060433500782	4	0	0	0	1004358105.2046663	53916.98979714307	0	-1.752634951893259	136
half_step_2	0.7895674609871536	0.0018453060433500782	3	7	5	2.3333333333333335	1004358105.2046663	46537.295478735425	0	-1.8575057879397443	208
full_step	0.7914127670305037	0.01845306043350078	13	0	0	0	1004358105.2046663	3258249.68702836	1.1492368300205271	-1.4343500016335884	902
full_step	0.7914127670305037	0.00922653021675039	17	0	0	0	1004358105.2046663	2354331.8925899495	1.1492368300205271	-1.4343500016335884	902
half_step_1	0.7914127670305037	0.004613265108375195	16	13	6	0.8125	1004358105.2046663	1330786.4878372247	1.1492368300205271	-1.4343500016335884	902
half_step_2	0.7960260321388789	0.004613265108375195	1	0	0	0	1004358105.2046663	2815.156804233996	0	0	0
full_step	0.800639297247254	0.046132651083751954	9	3	3	0.3333333333333333	1004358105.2046663	5531205.917561472	0	-1.5105150140332986	79
full_step	0.800639297247254	0.023066325541875977	9	0	0	0	1004358105.2046663	3228043.5433451487	0	-1.5105150140332986	79
full_step	0.800639297247254	0.011533162770937988	9	0	0	0	1004358105.2046663	976964.9772174302	0	-1.5105150140332986	79
full_step	0.800639297247254	0.005766581385468994	9	0	0	0	1004358105.2046663	273353.5661717088	0	-1.5105150140332986	79
half_step_1	0.800639297247254	0.002883290692734497	1	3	3	3	1004358105.2046663	42918.986609216	0	-1.5105150140332986	79
half_step_2	0.8035225879399885	0.002883290692734497	8	0	0	0	1004358105.2046663	104763.63342235917	0.25078881768422434	-1.4618478040780658	137
full_step	0.8064058786327231	0.02883290692734497	10	8	5	0.8	1004358105.2046663	13530593.058206704	0	-1.8889918350129968	59
full_step	0.8064058786327231	0.014416453463672485	11	3	3	0.2727272727272727	1004358105.2046663	6001766.450748202	0	-1.8889918350129968	59
full_step	0.8064058786327231	0.0072082267318362425	13	4	4	0.3076923076923077	1004358105.2046663	3507957.8939763294	0	-1.8889918350129968	59
full_step	0.8064058786327231	0.0036041133659181213	4	7	7	1.75	1004358105.2046663	729874.004084256	0	-1.8889918350129968	59
half_step_1	0.8064058786327231	0.0018020566829590606	2	6	5	3	1004358105.2046663	17843.81713229865	0	-1.8889918350129968	59
half_step_2	0.8082079353156821	0.0018020566829590606	1	0	0	0	1004358105.2046663	2815.156804233996	0	-1.8760975780944869	129
full_step	0.8100099919986412	0.018020566829590606	15	22	8	1.4666666666666666	1004358105.2046663	5501416.693325042	0.7659971044849954	-1.5259753554219737	448
full_step	0.8100099919986412	0.009010283414795303	15	6	6	0.4	1004358105.2046663	2220174.1806365126	0.7659971044849954	-1.5259753554219737	448
full_step	0.8100099919986412	0.004505141707397652	17	19	9	1.1176470588235294	1004358105.2046663	1899282.7263229862	0.7659971044849954	-1.5259753554219737	448
half_step_1	0.8100099919986412	0.002252570853698826	11	6	6	0.5454545454545454	1004358105.2046663	1166196.9917761027	0.7659971044849954	-1.5259753554219737	448
half_step_2	0.81226256285234	0.002252570853698826	9	1	1	0.1111111111111111	1004358105.2046663	7213030.415889481	0	-1.8371680841278488	303
full_step	0.8145151337060389	0.022525708536988258	3	0	0	0	1004358105.2046663	13559250.259730354	0	-1.9641202868447856	60
full_step	0.8145151337060389	0.011262854268494129	4	16	16	4	1004358105.2046663	911931.834965017	0	-1.9641202868447856	60
half_step_1	0.8145151337060389	0.0056314271342470645	1	10	10	10	1004358105.2046663	2815.156804233996	0	-1.9641202868447856	60
full_step	0.8145151337060389	0.0056314271342470645	3	5	5	1.6666666666666667	1004358105.2046663	188100.58015460032	0	-1.9641202868447856	60
full_step	0.8145151337060389	0.0028157135671235322	3	5	5	1.6666666666666667	1004358105.2046663	25500.224924207996	0	-1.9641202868447856	60
half_step_1	0.8145151337060389	0.0014078567835617661	1	0	0	0	1004358105.2046663	2815.156804233996	0	-1.9641202868447856	60
half_step_2	0.8159229904896007	0.0014078567835617661	13	7	4	0.5384615384615384	1004358105.2046663	55586.93120560586	0	-1.8601717507267097	96
full_step	0.8173308472731624	0.014078567835617662	8	0	0	0	1004358105.2046663	1953521.1786226458	0	-1.8637059146918722	55
full_step	0.8173308472731624	0.007039283917808831	12	0	0	0	1004358105.2046663	394253.9047445112	0	-1.8637059146918722	55
full_step	0.8173308472731624	0.0035196419589044155	11	10	7	0.9090909090909091	1004358105.2046663	151687.45500265175	0	-1.8637059146918722	55
half_step_1	0.8173308472731624	0.0017598209794522078	2	4	4	2	1004358105.2046663	28192.145070291364	0	-1.8637059146918722	55
half_step_2	0.8190906682526146	0.0017598209794522078	1	0	0	0	1004358105.2046663	2815.156804233996	0	0	0
full_step	0.8208504892320668	0.017598209794522077	1	0	0	0	1004358105.2046663	2815.156804233996	0	0	0
full_step	0.8208504892320668	0.008799104897261038	1	0	0	0	1004358105.2046663	2815.156804233996	0	0	0
full_step	0.8208504892320668	0.004399552448630519	1	0	0	0	1004358105.2046663	2815.156804233996	0	0	0
full_step	0.8208504892320668	0.0021997762243152596	1	0	0	0	1004358105.2046663	2815.156804233996	0	0	0
half_step_1	0.8208504892320668	0.0010998881121576298	0	0	0	0	1004358105.2046663	2815.156804233996	0	0	0
half_step_2	0.8219503773442245	0.0010998881121576298	1	0	0	0	1004358105.2046663	3789.377945555084	0	-1.9560295034507347	18
full_step	0.823050265456382	0.010998881121576298	10	0	0	0	1004358105.2046663	1005994.1133229928	0	-1.775000745836202	155
full_step	0.823050265456382	0.005499440560788149	10	0	0	0	1004358105.2046663	508214.07317684236	0	-1.775000745836202	155
full_step	0.823050265456382	0.0027497202803940745	9	0	0	0	1004358105.2046663	278599.2872171191	0	-1.775000745836202	155
full_step	0.823050265456382	0.0013748601401970372	8	0	0	0	1004358105.2046663	47567.276177259686	0	-1.775000745836202	155
half_step_1	0.823050265456382	0.0006874300700985186	1	4	4	4	1004358105.2046663	3128.346727079085	0	-1.775000745836202	155
half_step_2	0.8237376955264806	0.0006874300700985186	2	2	2	1	1004358105.2046663	17942.414945426637	0.08053627855042578	-1.7692073613122674	329
full_step	0.8244251255965791	0.006874300700985186	16	29	6	1.8125	1004358105.2046663	10930801.3547153	0.23195855160884093	-1.5957546301451946	723
half_step_1	0.8244251255965791	0.003437150350492593	17	17	8	1	1004358105.2046663	1551332.7447457018	0.23195855160884093	-1.5957546301451946	723
half_step_2	0.8278622759470717	0.003437150350492593	11	0	0	0	1004358105.2046663	137843.29760435215	0	-1.8835580373713112	72
full_step	0.8312994262975643	0.03437150350492593	14	9	6	0.6428571428571429	1004358105.2046663	5653556.2454349855	0	-1.7193946967432794	212
full_step	0.8312994262975643	0.017185751752462966	14	9	6	0.6428571428571429	1004358105.2046663	2011191.581912342	0	-1.7193946967432794	212
full_step	0.8312994262975643	0.008592875876231483	16	0	0	0	1004358105.2046663	14060423.349863395	0	-1.7193946967432794	212
half_step_1	0.8312994262975643	0.0042964379381157415	11	0	0	0	1004358105.2046663	5223242.4199265335	0	-1.7193946967432794	212
half_step_2	0.83559586423568	0.0042964379381157415	1	0	0	0	1004358105.2046663	2815.156804233996	0	0	0
full_step	0.8398923021737957	0.042964379381157415	1	0	0	0	1004358105.2046663	2815.156804233996	0	0	0
full_step	0.8398923021737957	0.021482189690578708	1	0	0	0	1004358105.2046663	2815.156804233996	0	0	0
full_step	0.8398923021737957	0.010741094845289354	1	0	0	0	1004358105.2046663	2815.156804233996	0	0	0
full_step	0.8398923021737957	0.005370547422644677	1	0	0	0	1004358105.2046663	2815.156804233996	0	0	0
full_step	0.8398923021737957	0.0026852737113223384	1	0	0	0	1004358105.2046663	2815.156804233996	0	0	0
half_step_1	0.8398923021737957	0.0013426368556611692	0	0	0	0	1004358105.2046663	2815.156804233996	0	0	0
half_step_2	0.8412349390294569	0.0013426368556611692	0	0	0	0	1004358105.2046663	2815.156804233996	0	0	0
full_step	0.8425775758851181	0.013426368556611692	1	0	0	0	1004358105.2046663	2815.156804233996	0	0	0
full_step	0.8425775758851181	0.006713184278305846	1	0	0	0	1004358105.2046663	2815.156804233996	0	0	0
full_step	0.8425775758851181	0.003356592139152923	1	0	0	0	1004358105.2046663	2815.156804233996	0	0	0
full_step	0.8425775758851181	0.0016782960695764615	1	0	0	0	1004358105.2046663	2815.156804233996	0	0	0
half_step_1	0.8425775758851181	0.0008391480347882307	0	0	0	0	1004358105.2046663	2815.156804233996	0	0	0
half_step_2	0.8434167239199063	0.0008391480347882307	0	0	0	0	1004358105.2046663	2815.156804233996	0	0	0
full_step	0.8442558719546945	0.008391480347882308	17	17	5	1	1004358105.2046663	15716662.520066641	1.0927616531116655	-1.4477435764112272	291
full_step	0.8442558719546945	0.004195740173941154	12	14	8	1.1666666666666667	1004358105.2046663	14209692.732460735	1.0927616531116655	-1.4477435764112272	291
half_step_1	0.8442558719546945	0.002097870086970577	10	16	7	1.6	1004358105.2046663	10750718.137349842	1.0927616531116655	-1.4477435764112272	291
half_step_2	0.8463537420416651	0.002097870086970577	6	0	0	0	1004358105.2046663	87078.21874567331	0	-1.7632882709579139	235
full_step	0.8484516121286357	0.02097870086970577	15	6	3	0.4	1004358105.2046663	4512667.949943886	1.0764158229867462	-1.0731961112649682	283
full_step	0.8484516121286357	0.010489350434852884	17	8	5	0.47058823529411764	1004358105.2046663	6681734.63045072	1.0764158229867462	-1.0731961112649682	283
full_step	0.8484516121286357	0.005244675217426442	16	10	7	0.625	1004358105.2046663	13738895.060644718	1.0764158229867462	-1.0731961112649682	283
full_step	0.8484516121286357	0.002622337608713221	16	18	8	1.125	1004358105.2046663	25932451.23273924	1.0764158229867462	-1.0731961112649682	283
half_step_1	0.8484516121286357	0.0013111688043566105	9	6	6	0.6666666666666666	1004358105.2046663	31935588.44962903	1.0764158229867462	-1.0731961112649682	283
half_step_2	0.8497627809329924	0.0013111688043566105	3	0	0	0	1004358105.2046663	462923.7881108353	0	-1.5780145991412353	340
full_step	0.851073949737349	0.013111688043566105	11	6	6	0.5454545454545454	1004358105.2046663	4721741.60199899	0	-1.598953505711281	289
full_step	0.851073949737349	0.006555844021783053	11	0	0	0	1004358105.2046663	1225954.3547886803	0	-1.598953505711281	289
full_step	0.851073949737349	0.0032779220108915263	13	0	0	0	1004358105.2046663	152695.30003199104	0	-1.598953505711281	289
half_step_1	0.851073949737349	0.0016389610054457632	7	0	0	0	1004358105.2046663	43413.17395761185	0	-1.598953505711281	289
half_step_2	0.8527129107427948	0.0016389610054457632	2	19	19	9.5	1004358105.2046663	151653.31942467112	0	-1.8776918567274183	191
full_step	0.8543518717482405	0.016389610054457632	12	7	4	0.5833333333333334	1004358105.2046663	1246877.5508207097	0	-1.868909970706305	67
full_step	0.8543518717482405	0.008194805027228816	10	8	5	0.8	1004358105.2046663	1049521.0803625528	0	-1.868909970706305	67
full_step	0.8543518717482405	0.004097402513614408	5	0	0	0	1004358105.2046663	3945438.154933414	0	-1.868909970706305	67
full_step	0.8543518717482405	0.002048701256807204	10	0	0	0	1004358105.2046663	24122.141182842577	0	-1.868909970706305	67
full_step	0.8543518717482405	0.001024350628403602	1	0	0	0	1004358105.2046663	2815.156804233996	0	-1.868909970706305	67
full_step	0.8543518717482405	0.000512175314201801	1	0	0	0	1004358105.2046663	2815.156804233996	0	-1.868909970706305	67
half_step_1	0.8543518717482405	0.0002560876571009005	0	0	0	0	1004358105.2046663	2815.156804233996	0	-1.868909970706305	67
half_step_2	0.8546079594053414	0.0002560876571009005	8	0	0	0	1004358105.2046663	14092.676434560153	0	-1.751874185643851	633
full_step	0.8548640470624422	0.002560876571009005	17	6	6	0.35294117647058826	1004358105.2046663	403278.1121748684	0.4766342852599337	-1.553678465389901	898
half_step_1	0.8548640470624422	0.0012804382855045025	13	3	3	0.23076923076923078	1004358105.2046663	185230.56837273788	0.4766342852599337	-1.553678465389901	898
half_step_2	0.8561444853479467	0.0012804382855045025	3	2	2	0.6666666666666666	1004358105.2046663	8229.462997935787	0	-1.4405671611769815	312
full_step	0.8574249236334512	0.007974890912371302	13	0	0	0	1004358105.2046663	119104.80175951222	0	-1.7257365827034667	178
half_step_1	0.8574249236334512	0.003987445456185651	8	0	0	0	1004358105.2046663	234854.88545476412	0	-1.7257365827034667	178
half_step_2	0.8614123690896369	0.003987445456185651	1	0	0	0	1004358105.2046663	2815.156804233996	0	0	0
full_step	0.8653998145458226	0.03987445456185651	1	0	0	0	1004358105.2046663	2815.156804233996	0	0	0
full_step	0.8653998145458226	0.019937227280928255	1	0	0	0	1004358105.2046663	2815.156804233996	0	0	0
full_step	0.8653998145458226	0.009968613640464127	1	0	0	0	1004358105.2046663	2815.156804233996	0	0	0
full_step	0.8653998145458226	0.004984306820232064	1	0	0	0	1004358105.2046663	2815.156804233996	0	0	0
half_step_1	0.8653998145458226	0.002492153410116032	0	0	0	0	1004358105.2046663	2815.156804233996	0	0	0
half_step_2	0.8678919679559386	0.002492153410116032	0	0	0	0	1004358105.2046663	2815.156804233996	0	0	0
full_step	0.8703841213660547	0.02492153410116032	1	0	0	0	1004358105.2046663	2815.156804233996	0	0	0
full_step	0.8703841213660547	0.01246076705058016	1	0	0	0	1004358105.2046663	2815.156804233996	0	0	0
full_step	0.8703841213660547	0.00623038352529008	1	0	0	0	1004358105.2046663	2815.156804233996	0	0	0
full_step	0.8703841213660547	0.00311519176264504	1	0	0	0	1004358105.2046663	2815.156804233996	0	0	0
half_step_1	0.8703841213660547	0.00155759588132252	0	0	0	0	1004358105.2046663	2815.156804233996	0	0	0
half_step_2	0.8719417172473772	0.00155759588132252	0	0	0	0	1004358105.2046663	2815.156804233996	0	0	0
full_step	0.8734993131286998	0.0155759588132252	1	0	0	0	1004358105.2046663	2815.156804233996	0	0	0
full_step	0.8734993131286998	0.0077879794066126	1	0	0	0	1004358105.2046663	2815.156804233996	0	0	0
full_step	0.8734993131286998	0.0038939897033063	1	0	0	0	1004358105.2046663	2815.156804233996	0	0	0
full_step	0.8734993131286998	0.00194699485165315	1	0	0	0	1004358105.2046663	2815.156804233996	0	0	0
half_step_1	0.8734993131286998	0.000973497425826575	0	0	0	0	1004358105.2046663	2815.156804233996	0	0	0
half_step_2	0.8744728105545263	0.000973497425826575	0	0	0	0	1004358105.2046663	2815.156804233996	0	0	0
full_step	0.875446307980353	0.00973497425826575	15	0	0	0	1004358105.2046663	1207586.706848255	0	-1.7342335634388755	328
full_step	0.875446307980353	0.004867487129132875	16	0	0	0	1004358105.2046663	470580.1485459996	0	-1.7342335634388755	328
full_step	0.875446307980353	0.0024337435645664374	15	0	0	0	1004358105.2046663	348106.35822811123	0	-1.7342335634388755	328
full_step	0.875446307980353	0.0012168717822832187	14	0	0	0	1004358105.2046663	116298.80852168951	0	-1.7342335634388755	328
half_step_1	0.875446307980353	0.0006084358911416093	4	0	0	0	1004358105.2046663	31914.060338143954	0	-1.7342335634388755	328
half_step_2	0.8760547438714945	0.0006084358911416093	8	0	0	0	1004358105.2046663	43512.71182691498	0.39218732855442795	-1.5618926555490182	593
full_step	0.8766631797626362	0.006084358911416093	17	11	7	0.6470588235294118	1004358105.2046663	1722040.1710161287	0.3012434862139344	-1.5203897143579101	683
half_step_1	0.8766631797626362	0.0030421794557080467	14	22	12	1.5714285714285714	1004358105.2046663	1474660.4393793468	0.3012434862139344	-1.5203897143579101	683
half_step_2	0.8797053592183443	0.0030421794557080467	1	0	0	0	1004358105.2046663	2815.156804233996	0	0	0
full_step	0.8827475386740523	0.030421794557080467	1	0	0	0	1004358105.2046663	2815.156804233996	0	0	0
full_step	0.8827475386740523	0.015210897278540234	1	0	0	0	1004358105.2046663	2815.156804233996	0	0	0
full_step	0.8827475386740523	0.007605448639270117	1	0	0	0	1004358105.2046663	2815.156804233996	0	0	0
full_step	0.8827475386740523	0.0038027243196350584	1	0	0	0	1004358105.2046663	2815.156804233996	0	0	0
full_step	0.8827475386740523	0.0019013621598175292	1	0	0	0	1004358105.2046663	2815.156804233996	0	0	0
half_step_1	0.8827475386740523	0.0009506810799087646	0	0	0	0	1004358105.2046663	2815.156804233996	0	0	0
half_step_2	0.8836982197539611	0.0009506810799087646	0	0	0	0	1004358105.2046663	2815.156804233996	0	0	0
full_step	0.8846489008338698	0.009506810799087646	1	0	0	0	1004358105.2046663	2815.156804233996	0	0	0
full_step	0.8846489008338698	0.004753405399543823	1	0	0	0	1004358105.2046663	2815.156804233996	0	0	0
full_step	0.8846489008338698	0.0023767026997719115	1	0	0	0	1004358105.2046663	2815.156804233996	0	0	0
half_step_1	0.8846489008338698	0.0011883513498859557	0	0	0	0	1004358105.2046663	2815.156804233996	0	0	0
half_step_2	0.8858372521837558	0.0011883513498859557	9	0	0	0	1004358105.2046663	25925.21066923513	0	-1.7508588259254643	66
full_step	0.8870256035336417	0.011883513498859558	14	0	0	0	1004358105.2046663	1546167.787762969	0	-1.5726599028303923	163
full_step	0.8870256035336417	0.005941756749429779	13	0	0	0	1004358105.2046663	442519.83151430625	0	-1.5726599028303923	163
full_step	0.8870256035336417	0.0029708783747148895	12	0	0	0	1004358105.2046663	252673.87282869042	0	-1.5726599028303923	163
full_step	0.8870256035336417	0.0014854391873574447	11	0	0	0	1004358105.2046663	84420.33759691988	0	-1.5726599028303923	163
half_step_1	0.8870256035336417	0.0007427195936787224	3	0	0	0	1004358105.2046663	30788.91443302742	0	-1.5726599028303923	163
half_step_2	0.8877683231273205	0.0007427195936787224	2	3	3	1.5	1004358105.2046663	3535.0273466232243	0	-1.6865437925619353	184
full_step	0.8885110427209991	0.0074271959367872235	17	3	3	0.17647058823529413	1004358105.2046663	1328715.2674547087	0	-1.6432619269196804	458
full_step	0.8885110427209991	0.0037135979683936117	18	5	3	0.2777777777777778	1004358105.2046663	341531.81385730393	0	-1.6432619269196804	458
half_step_1	0.8885110427209991	0.0018567989841968059	13	0	0	0	1004358105.2046663	165732.38222650712	0	-1.6432619269196804	458
half_step_2	0.8903678417051959	0.0018567989841968059	13	0	0	0	1004358105.2046663	155419.4248986956	0	-1.6343175882512888	451
full_step	0.8922246406893928	0.018567989841968058	11	5	5	0.45454545454545453	1004358105.2046663	1960014.3664334195	0	-1.6959619419488834	142
full_step	0.8922246406893928	0.009283994920984029	11	0	0	0	1004358105.2046663	208011.273880463	0	-1.6959619419488834	142
half_step_1	0.8922246406893928	0.0046419974604920144	2	9	9	4.5	1004358105.2046663	78069.14908104221	0	-1.6959619419488834	142
half_step_2	0.8968666381498848	0.0046419974604920144	3	7	7	2.3333333333333335	1004358105.2046663	27783.606982535126	0	-1.9511048866371004	14
full_step	0.9015086356103768	0.046419974604920144	1	0	0	0	1004358105.2046663	2815.156804233996	0	0	0
full_step	0.9015086356103768	0.023209987302460072	1	0	0	0	1004358105.2046663	2815.156804233996	0	0	0
full_step	0.9015086356103768	0.011604993651230036	1	0	0	0	1004358105.2046663	2815.156804233996	0	0	0
full_step	0.9015086356103768	0.005802496825615018	1	0	0	0	1004358105.2046663	2815.156804233996	0	0	0
full_step	0.9015086356103768	0.002901248412807509	1	0	0	0	1004358105.2046663	2815.156804233996	0	0	0
half_step_1	0.9015086356103768	0.0014506242064037545	0	0	0	0	1004358105.2046663	2815.156804233996	0	0	0
half_step_2	0.9029592598167805	0.0014506242064037545	3	0	0	0	1004358105.2046663	9641.216812187984	0	-1.9393044870256702	65
full_step	0.9044098840231842	0.014506242064037545	13	3	3	0.23076923076923078	1004358105.2046663	1419904.3137692718	0	-1.7985438272682055	120
full_step	0.9044098840231842	0.007253121032018773	13	0	0	0	1004358105.2046663	673262.1029008692	0	-1.7985438272682055	120
full_step	0.9044098840231842	0.0036265605160093863	11	0	0	0	1004358105.2046663	244503.3160792694	0	-1.7985438272682055	120
half_step_1	0.9044098840231842	0.0018132802580046931	7	0	0	0	1004358105.2046663	66360.57157309276	0	-1.7985438272682055	120
half_step_2	0.9062231642811889	0.0018132802580046931	2	5	5	2.5	1004358105.2046663	8809.128813696007	0	-1.8833293094342187	111
full_step	0.9080364445391936	0.01813280258004693	15	4	4	0.26666666666666666	1004358105.2046663	2974855.8739084397	0	-1.8294621475945934	246
full_step	0.9080364445391936	0.009066401290023465	15	4	4	0.26666666666666666	1004358105.2046663	1060476.6780430463	0	-1.8294621475945934	246
full_step	0.9080364445391936	0.004533200645011733	15	0	0	0	1004358105.2046663	384325.35333302116	0	-1.8294621475945934	246
half_step_1	0.9080364445391936	0.0022666003225058663	10	0	0	0	1004358105.2046663	195766.32041857942	0	-1.8294621475945934	246
half_step_2	0.9103030448616996	0.0022666003225058663	2	3	3	1.5	1004358105.2046663	3555.7362971555795	0	-1.9843245247199242	28
full_step	0.9125696451842054	0.022666003225058663	13	15	8	1.1538461538461537	1004358105.2046663	12947657.47738639	0.8392377837553795	-1.5100143819109357	483
full_step	0.9125696451842054	0.011333001612529332	12	0	0	0	1004358105.2046663	2327897.52460584	0.8392377837553795	-1.5100143819109357	483
full_step	0.9125696451842054	0.005666500806264666	14	0	0	0	1004358105.2046663	1525670.2561874453	0.8392377837553795	-1.5100143819109357	483
half_step_1	0.9125696451842054	0.002833250403132333	11	0	0	0	1004358105.2046663	1546820.1487459713	0.8392377837553795	-1.5100143819109357	483
half_step_2	0.9154028955873377	0.002833250403132333	1	0	0	0	1004358105.2046663	2815.156804233996	0	0	0
full_step	0.91823614599047	0.028332504031323327	8	0	0	0	1004358105.2046663	5316074.353489542	0	-1.9532306236141888	103
full_step	0.91823614599047	0.014166252015661664	9	0	0	0	1004358105.2046663	5530153.487851511	0	-1.9532306236141888	103
full_step	0.91823614599047	0.007083126007830832	11	0	0	0	1004358105.2046663	386679.50807822845	0	-1.9532306236141888	103
full_step	0.91823614599047	0.003541563003915416	9	0	0	0	1004358105.2046663	163875.89807400262	0	-1.9532306236141888	103
full_step	0.91823614599047	0.001770781501957708	2	2	2	1	1004358105.2046663	30215.500448265728	0	-1.9532306236141888	103
full_step	0.91823614599047	0.000885390750978854	1	0	0	0	1004358105.2046663	2815.156804233996	0	-1.9532306236141888	103
full_step	0.91823614599047	0.000442695375489427	1	0	0	0	1004358105.2046663	2815.156804233996	0	-1.9532306236141888	103
half_step_1	0.91823614599047	0.0002213476877447135	0	0	0	0	1004358105.2046663	2815.156804233996	0	-1.9532306236141888	103
half_step_2	0.9184574936782147	0.0002213476877447135	0	0	0	0	1004358105.2046663	2815.156804233996	0	-1.9525843245323031	279
full_step	0.9186788413659595	0.0022134768774471347	16	0	0	0	1004358105.2046663	242645.19957775637	0	-1.7588920659116354	595
half_step_1	0.9186788413659595	0.0011067384387235674	14	0	0	0	1004358105.2046663	112116.38036010195	0	-1.7588920659116354	595
half_step_2	0.919785579804683	0.0011067384387235674	12	3	3	0.25	1004358105.2046663	286731.63886774186	0.01931104719551513	-1.709548550538621	367
full_step	0.9208923182434066	0.011067384387235674	17	7	5	0.4117647058823529	1004358105.2046663	912722.0810412394	0.007632733406353509	-1.3774228123303867	278
half_step_1	0.9208923182434066	0.005533692193617837	11	0	0	0	1004358105.2046663	412534.36855073384	0.007632733406353509	-1.3774228123303867	278
half_step_2	0.9264260104370244	0.005533692193617837	1	0	0	0	1004358105.2046663	2815.156804233996	0	0	0
full_step	0.9319597026306422	0.05533692193617837	1	0	0	0	1004358105.2046663	2815.156804233996	0	0	0
full_step	0.9319597026306422	0.027668460968089184	1	0	0	0	1004358105.2046663	2815.156804233996	0	0	0
full_step	0.9319597026306422	0.013834230484044592	1	0	0	0	1004358105.2046663	2815.156804233996	0	0	0
full_step	0.9319597026306422	0.006917115242022296	1	0	0	0	1004358105.2046663	2815.156804233996	0	0	0
half_step_1	0.9319597026306422	0.003458557621011148	0	0	0	0	1004358105.2046663	2815.156804233996	0	0	0
half_step_2	0.9354182602516533	0.003458557621011148	0	0	0	0	1004358105.2046663	2815.156804233996	0	0	0
full_step	0.9388768178726645	0.03458557621011148	1	0	0	0	1004358105.2046663	2815.156804233996	0	0	0
full_step	0.9388768178726645	0.01729278810505574	1	0	0	0	1004358105.2046663	2815.156804233996	0	0	0
full_step	0.9388768178726645	0.00864639405252787	1	0	0	0	1004358105.2046663	2815.156804233996	0	0	0
full_step	0.9388768178726645	0.004323197026263935	1	0	0	0	1004358105.2046663	2815.156804233996	0	0	0
full_step	0.9388768178726645	0.0021615985131319673	1	0	0	0	1004358105.2046663	2815.156804233996	0	0	0
full_step	0.9388768178726645	0.0010807992565659836	1	0	0	0	1004358105.2046663	2815.156804233996	0	0	0
half_step_1	0.9388768178726645	0.0005403996282829918	0	0	0	0	1004358105.2046663	2815.156804233996	0	0	0
half_step_2	0.9394172175009475	0.0005403996282829918	0	0	0	0	1004358105.2046663	2815.156804233996	0	0	0
full_step	0.9399576171292305	0.005403996282829919	1	0	0	0	1004358105.2046663	2815.156804233996	0	0	0
full_step	0.9399576171292305	0.0027019981414149593	1	0	0	0	1004358105.2046663	2815.156804233996	0	0	0
full_step	0.9399576171292305	0.0013509990707074797	1	0	0	0	1004358105.2046663	2815.156804233996	0	0	0
full_step	0.9399576171292305	0.0006754995353537398	1	0	0	0	1004358105.2046663	2815.156804233996	0	0	0
half_step_1	0.9399576171292305	0.0003377497676768699	0	0	0	0	1004358105.2046663	2815.156804233996	0	0	0
half_step_2	0.9402953668969074	0.0003377497676768699	2	0	0	0	1004358105.2046663	4963.825340763228	0	-1.864618791578492	53
full_step	0.9406331166645843	0.0033774976767686994	14	15	8	1.0714285714285714	1004358105.2046663	1325474.4831242734	0.2346622059267247	-1.303702336435758	86
half_step_1	0.9406331166645843	0.0016887488383843497	11	0	0	0	1004358105.2046663	158314.25344931174	0.2346622059267247	-1.303702336435758	86
half_step_2	0.9423218655029686	0.0016887488383843497	1	0	0	0	1004358105.2046663	2815.156804233996	0	-1.8795325640045317	73
full_step	0.9440106143413529	0.016887488383843498	2	10	10	5	1004358105.2046663	5487207.953493251	0	-1.9774426019859739	33
full_step	0.9440106143413529	0.008443744191921749	3	9	9	3	1004358105.2046663	5130213.533616744	0	-1.9774426019859739	33
full_step	0.9440106143413529	0.0042218720959608744	1	0	0	0	1004358105.2046663	2815.156804233996	0	-1.9774426019859739	33
full_step	0.9440106143413529	0.0021109360479804372	1	0	0	0	1004358105.2046663	2815.156804233996	0	-1.9774426019859739	33
half_step_1	0.9440106143413529	0.0010554680239902186	0	0	0	0	1004358105.2046663	2815.156804233996	0	-1.9774426019859739	33
half_step_2	0.9450660823653432	0.0010554680239902186	6	0	0	0	1004358105.2046663	21438.352290677114	0	-1.9157964254226232	170
full_step	0.9461215503893333	0.010554680239902185	10	0	0	0	1004358105.2046663	945440.0874328654	0	-1.9131708819411297	159
full_step	0.9461215503893333	0.005277340119951093	5	11	11	2.2	1004358105.2046663	234284.62868360957	0	-1.9131708819411297	159
full_step	0.9461215503893333	0.0026386700599755463	3	4	4	1.3333333333333333	1004358105.2046663	53670.53763004068	0	-1.9131708819411297	159
full_step	0.9461215503893333	0.0013193350299877732	1	0	0	0	1004358105.2046663	2815.156804233996	0	-1.9131708819411297	159
half_step_1	0.9461215503893333	0.0006596675149938866	0	0	0	0	1004358105.2046663	2815.156804233996	0	-1.9131708819411297	159
half_step_2	0.9467812179043272	0.0006596675149938866	12	0	0	0	1004358105.2046663	16571.1350121498	0	-1.9446163162300387	137
full_step	0.9474408854193211	0.006596675149938866	18	4	4	0.2222222222222222	1004358105.2046663	7657340.457375169	0.5650298529508291	-1.6458741226693063	525
half_step_1	0.9474408854193211	0.003298337574969433	20	26	7	1.3	1004358105.2046663	4717164.72565874	0.5650298529508291	-1.6458741226693063	525
half_step_2	0.9507392229942906	0.003298337574969433	1	0	0	0	1004358105.2046663	2815.156804233996	0	0	0
full_step	0.9474408854193211	0.003298337574969433	19	18	10	0.9473684210526315	1004358105.2046663	4636137.011471334	0.5650298529508291	-1.6458741226693063	525
half_step_1	0.9474408854193211	0.0016491687874847164	16	24	11	1.5	1004358105.2046663	8550536.507945212	0.5650298529508291	-1.6458741226693063	525
half_step_2	0.9490900542068058	0.0016491687874847164	1	0	0	0	1004358105.2046663	2815.156804233996	0	-1.6469151484112807	70
full_step	0.9507392229942906	0.016491687874847165	14	0	0	0	1004358105.2046663	1073041.1854972385	0.10737522689305479	-1.6805959760485956	284
half_step_1	0.9507392229942906	0.008245843937423582	11	0	0	0	1004358105.2046663	712140.3673868073	0.10737522689305479	-1.6805959760485956	284
half_step_2	0.9589850669317141	0.008245843937423582	1	0	0	0	1004358105.2046663	2815.156804233996	0	0	0
full_step	0.9672309108691377	0.020146669073105583	1	0	0	0	1004358105.2046663	2815.156804233996	0	0	0
full_step	0.9672309108691377	0.010073334536552792	1	0	0	0	1004358105.2046663	2815.156804233996	0	0	0
full_step	0.9672309108691377	0.005036667268276396	1	0	0	0	1004358105.2046663	2815.156804233996	0	0	0
full_step	0.9672309108691377	0.002518333634138198	1	0	0	0	1004358105.2046663	2815.156804233996	0	0	0
half_step_1	0.9672309108691377	0.001259166817069099	0	0	0	0	1004358105.2046663	2815.156804233996	0	0	0
half_step_2	0.9684900776862068	0.001259166817069099	0	0	0	0	1004358105.2046663	2815.156804233996	0	0	0
full_step	0.9697492445032759	0.01259166817069099	1	0	0	0	1004358105.2046663	2815.156804233996	0	0	0
full_step	0.9697492445032759	0.006295834085345495	1	0	0	0	1004358105.2046663	2815.156804233996	0	0	0
full_step	0.9697492445032759	0.0031479170426727474	1	0	0	0	1004358105.2046663	2815.156804233996	0	0	0
full_step	0.9697492445032759	0.0015739585213363737	1	0	0	0	1004358105.2046663	2815.156804233996	0	0	0
half_step_1	0.9697492445032759	0.0007869792606681868	0	0	0	0	1004358105.2046663	2815.156804233996	0	0	0
half_step_2	0.9705362237639441	0.0007869792606681868	6	0	0	0	1004358105.2046663	295230.2240252582	0	-1.8841738651245834	31
full_step	0.9713232030246123	0.007869792606681868	9	0	0	0	1004358105.2046663	1021030.6991109988	0	-1.7380665697185496	32
full_step	0.9713232030246123	0.003934896303340934	9	0	0	0	1004358105.2046663	667546.2897407541	0	-1.7380665697185496	32
half_step_1	0.9713232030246123	0.001967448151670467	7	0	0	0	1004358105.2046663	273250.9274487797	0	-1.7380665697185496	32
half_step_2	0.9732906511762828	0.001967448151670467	1	0	0	0	1004358105.2046663	2815.156804233996	0	0	0
full_step	0.9752580993279533	0.019674481516704673	14	5	3	0.35714285714285715	1004358105.2046663	3823778.233815135	0	-1.8362440953696304	117
full_step	0.9752580993279533	0.009837240758352336	14	3	3	0.21428571428571427	1004358105.2046663	1388538.193555891	0	-1.8362440953696304	117
full_step	0.9752580993279533	0.004918620379176168	15	3	3	0.2	1004358105.2046663	507175.94904305175	0	-1.8362440953696304	117
full_step	0.9752580993279533	0.002459310189588084	13	0	0	0	1004358105.2046663	207897.47470539084	0	-1.8362440953696304	117
full_step	0.9752580993279533	0.001229655094794042	10	0	0	0	1004358105.2046663	82190.54069427137	0	-1.8362440953696304	117
half_step_1	0.9752580993279533	0.000614827547397021	1	3	3	3	1004358105.2046663	11174.16601618952	0	-1.8362440953696304	117
half_step_2	0.9758729268753503	0.000614827547397021	3	18	11	6	1004358105.2046663	1136675.8200927863	0.2242551359377103	-1.8216729727432988	267
full_step	0.9764877544227473	0.00614827547397021	19	21	8	1.105263157894737	1004358105.2046663	1929835.4435522328	0.1832234781832085	-1.7984785628694748	390
full_step	0.9764877544227473	0.003074137736985105	13	19	7	1.4615384615384615	1004358105.2046663	9647383.256434442	0.1832234781832085	-1.7984785628694748	390
half_step_1	0.9764877544227473	0.0015370688684925526	16	16	8	1	1004358105.2046663	1319929.7719229867	0.1832234781832085	-1.7984785628694748	390
half_step_2	0.9780248232912399	0.0015370688684925526	18	24	5	1.3333333333333333	1004358105.2046663	952631.609308424	0.37021249022654956	-1.5472072760730333	713
full_step	0.9795618921597323	0.013116651657403932	8	0	0	0	1004358105.2046663	1178051.2930515122	0	-1.5868754530393683	167
half_step_1	0.9795618921597323	0.006558325828701966	9	0	0	0	1004358105.2046663	237499.7500390116	0	-1.5868754530393683	167
full_step	0.9795618921597323	0.006558325828701966	10	0	0	0	1004358105.2046663	237612.89846590473	0	-1.5868754530393683	167
full_step	0.9795618921597323	0.003279162914350983	9	0	0	0	1004358105.2046663	141728.7514186391	0	-1.5868754530393683	167
half_step_1	0.9795618921597323	0.0016395814571754915	1	4	4	4	1004358105.2046663	3842.2667570315816	0	-1.5868754530393683	167
half_step_2	0.9812014736169078	0.0016395814571754915	10	0	0	0	1004358105.2046663	13236260.474874709	0	-1.8494345674583514	204
full_step	0.9828410550740833	0.016395814571754916	7	0	0	0	1004358105.2046663	5858233.766543345	0	-1.9636598443881395	30
full_step	0.9828410550740833	0.008197907285877458	7	0	0	0	1004358105.2046663	5939576.519187049	0	-1.9636598443881395	30
full_step	0.9828410550740833	0.004098953642938729	3	0	0	0	1004358105.2046663	28299692.633940116	0	-1.9636598443881395	30
half_step_1	0.9828410550740833	0.0020494768214693645	2	2	2	1	1004358105.2046663	4153.123889487822	0	-1.9636598443881395	30
half_step_2	0.9848905318955526	0.0020494768214693645	9	0	0	0	1004358105.2046663	212218.66251085253	0	-1.7744256295404595	70
full_step	0.986940008717022	0.020494768214693645	1	0	0	0	1004358105.2046663	2815.156804233996	0	0	0
full_step	0.986940008717022	0.010247384107346822	1	0	0	0	1004358105.2046663	2815.156804233996	0	0	0
full_step	0.986940008717022	0.005123692053673411	1	0	0	0	1004358105.2046663	2815.156804233996	0	0	0
full_step	0.986940008717022	0.0025618460268367056	1	0	0	0	1004358105.2046663	2815.156804233996	0	0	0
half_step_1	0.986940008717022	0.0012809230134183528	0	0	0	0	1004358105.2046663	2815.156804233996	0	0	0
half_step_2	0.9882209317304403	0.0012809230134183528	0	0	0	0	1004358105.2046663	2815.156804233996	0	0	0
full_step	0.9895018547438588	0.012809230134183528	1	0	0	0	1004358105.2046663	2815.156804233996	0	0	0
full_step	0.9895018547438588	0.006404615067091764	1	0	0	0	1004358105.2046663	2815.156804233996	0	0	0
full_step	0.9895018547438588	0.003202307533545882	1	0	0	0	1004358105.2046663	2815.156804233996	0	0	0
full_step	0.9895018547438588	0.001601153766772941	1	0	0	0	1004358105.2046663	2815.156804233996	0	0	0
full_step	0.9895018547438588	0.0008005768833864705	1	0	0	0	1004358105.2046663	2815.156804233996	0	0	0
half_step_1	0.9895018547438588	0.00040028844169323526	0	0	0	0	1004358105.2046663	2815.156804233996	0	0	0
half_step_2	0.989902143185552	0.00040028844169323526	0	0	0	0	1004358105.2046663	2815.156804233996	0	0	0
full_step	0.9903024316272452	0.004002884416932352	14	4	4	0.2857142857142857	1004358105.2046663	870731.0308728868	0	-1.9540945129468537	120
half_step_1	0.9903024316272452	0.002001442208466176	13	9	6	0.6923076923076923	1004358105.2046663	199784.13078426284	0	-1.9540945129468537	120
half_step_2	0.9923038738357114	0.002001442208466176	12	0	0	0	1004358105.2046663	252577.40155682788	0	-1.7570737132809984	382
full_step	0.9943053160441775	0.02001442208466176	11	0	0	0	1004358105.2046663	2833088.173242589	0	-1.87731648175036	102
full_step	0.9943053160441775	0.01000721104233088	11	5	5	0.45454545454545453	1004358105.2046663	916026.7194490993	0	-1.87731648175036	102
full_step	0.9943053160441775	0.00500360552116544	8	0	0	0	1004358105.2046663	343581.4550603982	0	-1.87731648175036	102
half_step_1	0.9943053160441775	0.00250180276058272	2	0	0	0	1004358105.2046663	50414.29902263051	0	-1.87731648175036	102
half_step_2	0.9968071188047603	0.00250180276058272	9	0	0	0	1004358105.2046663	79300.30899780507	0	-1.7521370163433154	98
full_step	0.9993089215653429	0.0250180276058272	6	0	0	0	1004358105.2046663	5806769.236423701	0	-1.933027592841735	46
full_step	0.9993089215653429	0.0125090138029136	6	0	0	0	1004358105.2046663	4396363.77671684	0	-1.933027592841735	46
full_step	0.9993089215653429	0.0062545069014568	3	0	0	0	1004358105.2046663	41225921.23464245	0	-1.933027592841735	46
full_step	0.9993089215653429	0.0031272534507284	3	2	2	0.6666666666666666	1004358105.2046663	51772.15737353906	0	-1.933027592841735	46
half_step_1	0.9993089215653429	0.0015636267253642	1	4	4	4	1004358105.2046663	2815.156804233996	0	-1.933027592841735	46
half_step_2	1.000872548290707	0.0015636267253642	1	0	0	0	1004358105.2046663	2815.156804233996	0	0	0
full_step	1.0024361750160713	0.015636267253642	1	0	0	0	1004358105.2046663	2815.156804233996	0	0	0
full_step	1.0024361750160713	0.007818133626821	1	0	0	0	1004358105.2046663	2815.156804233996	0	0	0
full_step	1.0024361750160713	0.0039090668134105	1	0	0	0	1004358105.2046663	2815.156804233996	0	0	0
full_step	1.0024361750160713	0.00195453340670525	1	0	0	0	1004358105.2046663	2815.156804233996	0	0	0
full_step	1.0024361750160713	0.000977266703352625	1	0	0	0	1004358105.2046663	2815.156804233996	0	0	0
half_step_1	1.0024361750160713	0.0004886333516763125	0	0	0	0	1004358105.2046663	2815.156804233996	0	0	0
half_step_2	1.0029248083677476	0.0004886333516763125	0	0	0	0	1004358105.2046663	2815.156804233996	0	0	0
full_step	1.0034134417194238	0.004886333516763125	1	0	0	0	1004358105.2046663	2815.156804233996	0	0	0
full_step	1.0034134417194238	0.0024431667583815625	1	0	0	0	1004358105.2046663	2815.156804233996	0	0	0
full_step	1.0034134417194238	0.0012215833791907812	1	0	0	0	1004358105.2046663	2815.156804233996	0	0	0
full_step	1.0034134417194238	0.0006107916895953906	1	0	0	0	1004358105.2046663	2815.156804233996	0	0	0
full_step	1.0034134417194238	0.0003053958447976953	1	0	0	0	1004358105.2046663	2815.156804233996	0	0	0
half_step_1	1.0034134417194238	0.00015269792239884766	0	0	0	0	1004358105.2046663	2815.156804233996	0	0	0
half_step_2	1.0035661396418227	0.00015269792239884766	2	0	0	0	1004358105.2046663	4793.872322197798	0	-1.684741056161639	296
full_step	1.0037188375642214	0.0015269792239884766	18	22	10	1.2222222222222223	1004358105.2046663	1123428.5415760053	0.5058547259432089	-1.5130832713279676	551
half_step_1	1.0037188375642214	0.0007634896119942383	12	0	0	0	1004358105.2046663	234681.8414008047	0.5058547259432089	-1.5130832713279676	551
half_step_2	1.0044823271762156	0.0007634896119942383	5	9	6	1.8	1004358105.2046663	16715.118584419735	0.43089404981947155	-1.4564519237937628	199
full_step	1.00524581678821	0.007634896119942383	10	0	0	0	1004358105.2046663	478628.9229118975	0	-1.5115026924382904	179
full_step	1.00524581678821	0.0038174480599711914	10	0	0	0	1004358105.2046663	213278.76822849392	0	-1.5115026924382904	179
full_step	1.00524581678821	0.0019087240299855957	4	0	0	0	1004358105.2046663	56147.47896410148	0	-1.5115026924382904	179
half_step_1	1.00524581678821	0.0009543620149927979	1	0	0	0	1004358105.2046663	2815.156804233996	0	-1.5115026924382904	179
half_step_2	1.0062001788032027	0.0009543620149927979	13	0	0	0	1004358105.2046663	57383.24003617341	0	-1.5133493169305168	276
full_step	1.0071545408181954	0.009543620149927979	11	0	0	0	1004358105.2046663	6585214.561570642	0	-1.6176614597876955	174
half_step_1	1.0071545408181954	0.0047718100749639895	13	0	0	0	1004358105.2046663	901886.7205369871	0	-1.6176614597876955	174
half_step_2	1.0119263508931595	0.0047718100749639895	1	0	0	0	1004358105.2046663	2815.156804233996	0	0	0
full_step	1.0166981609681234	0.04771810074963989	1	0	0	0	1004358105.2046663	2815.156804233996	0	0	0
full_step	1.0166981609681234	0.023859050374819946	1	0	0	0	1004358105.2046663	2815.156804233996	0	0	0
full_step	1.0166981609681234	0.011929525187409973	1	0	0	0	1004358105.2046663	2815.156804233996	0	0	0
full_step	1.0166981609681234	0.005964762593704986	1	0	0	0	1004358105.2046663	2815.156804233996	0	0	0
full_step	1.0166981609681234	0.002982381296852493	1	0	0	0	1004358105.2046663	2815.156804233996	0	0	0
full_step	1.0166981609681234	0.0014911906484262466	1	0	0	0	1004358105.2046663	2815.156804233996	0	0	0
half_step_1	1.0166981609681234	0.0007455953242131233	0	0	0	0	1004358105.2046663	2815.156804233996	0	0	0
half_step_2	1.0174437562923364	0.0007455953242131233	10	0	0	0	1004358105.2046663	294750.8701591316	0	-1.802943592682412	140
full_step	1.0181893516165497	0.007455953242131233	14	6	3	0.42857142857142855	1004358105.2046663	2897690.4241028214	0	-1.794352416189928	140
full_step	1.0181893516165497	0.0037279766210656165	13	3	3	0.23076923076923078	1004358105.2046663	1312772.030642981	0	-1.794352416189928	140
half_step_1	1.0181893516165497	0.0018639883105328083	8	3	3	0.375	1004358105.2046663	651219.3479292177	0	-1.794352416189928	140
half_step_2	1.0200533399270826	0.0018639883105328083	1	0	0	0	1004358105.2046663	2815.156804233996	0	0	0
full_step	1.0219173282376153	0.018639883105328083	1	0	0	0	1004358105.2046663	2815.156804233996	0	0	0
full_step	1.0219173282376153	0.009319941552664041	1	0	0	0	1004358105.2046663	2815.156804233996	0	0	0
full_step	1.0219173282376153	0.004659970776332021	1	0	0	0	1004358105.2046663	2815.156804233996	0	0	0
full_step	1.0219173282376153	0.0023299853881660103	1	0	0	0	1004358105.2046663	2815.156804233996	0	0	0
half_step_1	1.0219173282376153	0.0011649926940830052	0	0	0	0	1004358105.2046663	2815.156804233996	0	0	0
half_step_2	1.0230823209316984	0.0011649926940830052	0	0	0	0	1004358105.2046663	2815.156804233996	0	0	0
full_step	1.0242473136257813	0.01164992694083005	1	0	0	0	1004358105.2046663	2815.156804233996	0	0	0
full_step	1.0242473136257813	0.005824963470415025	1	0	0	0	1004358105.2046663	2815.156804233996	0	0	0
full_step	1.0242473136257813	0.0029124817352075127	1	0	0	0	1004358105.2046663	2815.156804233996	0	0	0
full_step	1.0242473136257813	0.0014562408676037563	1	0	0	0	1004358105.2046663	2815.156804233996	0	0	0
half_step_1	1.0242473136257813	0.0007281204338018782	0	0	0	0	1004358105.2046663	2815.156804233996	0	0	0
half_step_2	1.0249754340595831	0.0007281204338018782	1	0	0	0	1004358105.2046663	2931.1571349301826	0	-1.9845007060166202	28
full_step	1.025703554493385	0.007281204338018782	13	13	6	1	1004358105.2046663	31329409.054779615	0.7281734675561893	-1.565697064017877	255
full_step	1.025703554493385	0.003640602169009391	12	14	6	1.1666666666666667	1004358105.2046663	12029541.535382312	0.7281734675561893	-1.565697064017877	255
full_step	1.025703554493385	0.0018203010845046954	15	13	7	0.8666666666666667	1004358105.2046663	1116219.887374984	0.7281734675561893	-1.565697064017877	255
half_step_1	1.025703554493385	0.0009101505422523477	10	0	0	0	1004358105.2046663	109232.51430515881	0.7281734675561893	-1.565697064017877	255
half_step_2	1.0266137050356374	0.0009101505422523477	13	0	0	0	1004358105.2046663	49678.80892989392	0.2636986299912678	-1.5408279334217128	409
full_step	1.0275238555778896	0.009101505422523477	4	13	13	3.25	1004358105.2046663	497962.28403572866	0	-1.7450271455288477	198
full_step	1.0275238555778896	0.004550752711261739	3	12	12	4	1004358105.2046663	133697.11838382707	0	-1.7450271455288477	198
full_step	1.0275238555778896	0.0022753763556308693	2	7	7	3.5	1004358105.2046663	36563.94833205458	0	-1.7450271455288477	198
full_step	1.0275238555778896	0.0011376881778154347	1	0	0	0	1004358105.2046663	2815.156804233996	0	-1.7450271455288477	198
full_step	1.0275238555778896	0.0005688440889077173	1	0	0	0	1004358105.2046663	2815.156804233996	0	-1.7450271455288477	198
half_step_1	1.0275238555778896	0.00028442204445385867	0	0	0	0	1004358105.2046663	2815.156804233996	0	-1.7450271455288477	198
half_step_2	1.0278082776223434	0.00028442204445385867	3	0	0	0	1004358105.2046663	6185.087277096049	0	-1.857374270533231	487
full_step	1.0280926996667974	0.0028442204445385867	18	26	8	1.4444444444444444	1004358105.2046663	13745259.455527784	0.3518885871853854	-1.7472029526852533	870
full_step	1.0280926996667974	0.0014221102222692933	17	14	11	0.8235294117647058	1004358105.2046663	3805946.855200368	0.3518885871853854	-1.7472029526852533	870
half_step_1	1.0280926996667974	0.0007110551111346467	16	16	8	1	1004358105.2046663	1174032.770366327	0.3518885871853854	-1.7472029526852533	870
half_step_2	1.028803754777932	0.0007110551111346467	7	4	4	0.5714285714285714	1004358105.2046663	46431.5896740933	0.615962635314645	-1.5211068511778203	344
full_step	1.0295148098890667	0.0071105511113464664	19	25	7	1.3157894736842106	1004358105.2046663	775204.3854708015	0.11843007587594911	-1.4106367783637577	422
full_step	1.0295148098890667	0.0035552755556732332	18	9	7	0.5	1004358105.2046663	374796.10544065735	0.11843007587594911	-1.4106367783637577	422
half_step_1	1.0295148098890667	0.0017776377778366166	12	0	0	0	1004358105.2046663	1199417.1184515958	0.11843007587594911	-1.4106367783637577	422
half_step_2	1.0312924476669034	0.0017776377778366166	7	0	0	0	1004358105.2046663	5428963.24525936	0	-1.7881400959459561	95
full_step	1.0330700854447399	0.017776377778366166	1	0	0	0	1004358105.2046663	2815.156804233996	0	0	0
full_step	1.0330700854447399	0.008888188889183083	1	0	0	0	1004358105.2046663	2815.156804233996	0	0	0
full_step	1.0330700854447399	0.0044440944445915415	1	0	0	0	1004358105.2046663	2815.156804233996	0	0	0
full_step	1.0330700854447399	0.0022220472222957708	1	0	0	0	1004358105.2046663	2815.156804233996	0	0	0
half_step_1	1.0330700854447399	0.0011110236111478854	0	0	0	0	1004358105.2046663	2815.156804233996	0	0	0
half_step_2	1.0341811090558877	0.0011110236111478854	14	0	0	0	1004358105.2046663	68842.5476315854	0	-1.5573278630919607	199
full_step	1.0352921326670357	0.011110236111478853	5	0	0	0	1004358105.2046663	4973309.6737203505	0	-1.9818193302530758	26
full_step	1.0352921326670357	0.0055551180557394265	5	0	0	0	1004358105.2046663	1724561.6378090153	0	-1.9818193302530758	26
full_step	1.0352921326670357	0.0027775590278697132	4	0	0	0	1004358105.2046663	5691123.640677956	0	-1.9818193302530758	26
half_step_1	1.0352921326670357	0.0013887795139348566	0	0	0	0	1004358105.2046663	5691123.640677956	0	-1.9818193302530758	26
half_step_2	1.0366809121809706	0.0013887795139348566	12	0	0	0	1004358105.2046663	220153.9769947362	0	-1.6403258923955193	249
full_step	1.0380696916949055	0.013887795139348565	1	0	0	0	1004358105.2046663	2815.156804233996	0	0	0
full_step	1.0380696916949055	0.006943897569674283	1	0	0	0	1004358105.2046663	2815.156804233996	0	0	0
full_step	1.0380696916949055	0.0034719487848371413	1	0	0	0	1004358105.2046663	2815.156804233996	0	0	0
half_step_1	1.0380696916949055	0.0017359743924185707	0	0	0	0	1004358105.2046663	2815.156804233996	0	0	0
half_step_2	1.039805666087324	0.0017359743924185707	0	0	0	0	1004358105.2046663	2815.156804233996	0	0	0
full_step	1.0415416404797426	0.017359743924185708	1	0	0	0	1004358105.2046663	2815.156804233996	0	0	0
full_step	1.0415416404797426	0.008679871962092854	1	0	0	0	1004358105.2046663	2815.156804233996	0	0	0
full_step	1.0415416404797426	0.004339935981046427	1	0	0	0	1004358105.2046663	2815.156804233996	0	0	0
full_step	1.0415416404797426	0.0021699679905232134	1	0	0	0	1004358105.2046663	2815.156804233996	0	0	0
full_step	1.0415416404797426	0.0010849839952616067	1	0	0	0	1004358105.2046663	2815.156804233996	0	0	0
half_step_1	1.0415416404797426	0.0005424919976308034	0	0	0	0	1004358105.2046663	2815.156804233996	0	0	0
half_step_2	1.0420841324773735	0.0005424919976308034	0	0	0	0	1004358105.2046663	2815.156804233996	0	0	0
full_step	1.0426266244750042	0.005424919976308034	12	6	3	0.5	1004358105.2046663	1529737.119343235	0	-1.90810501770801	74
full_step	1.0426266244750042	0.002712459988154017	13	3	3	0.23076923076923078	1004358105.2046663	848924.0944211287	0	-1.90810501770801	74
half_step_1	1.0426266244750042	0.0013562299940770085	9	0	0	0	1004358105.2046663	430258.46540510136	0	-1.90810501770801	74
half_step_2	1.0439828544690812	0.0013562299940770085	13	8	4	0.6153846153846154	1004358105.2046663	125934.53475820318	0	-1.9164345588120408	136
full_step	1.0453390844631583	0.013562299940770085	11	0	0	0	1004358105.2046663	1631997.232357163	0	-1.826474799590133	208
full_step	1.0453390844631583	0.0067811499703850425	10	0	0	0	1004358105.2046663	788715.1215857663	0	-1.826474799590133	208
full_step	1.0453390844631583	0.0033905749851925212	11	0	0	0	1004358105.2046663	209307.9045386386	0	-1.826474799590133	208
full_step	1.0453390844631583	0.0016952874925962606	11	0	0	0	1004358105.2046663	45698.803960067526	0	-1.826474799590133	208
half_step_1	1.0453390844631583	0.0008476437462981303	1	4	4	4	1004358105.2046663	2815.156804233996	0	-1.826474799590133	208
half_step_2	1.0461867282094564	0.0008476437462981303	13	0	0	0	1004358105.2046663	65738.39182724306	0	-1.7067636232131647	524
full_step	1.0470343719557544	0.008476437462981302	6	0	0	0	1004358105.2046663	828168.2163873325	0	-1.6994040941094504	243
full_step	1.0470343719557544	0.004238218731490651	5	0	0	0	1004358105.2046663	666152.1902393518	0	-1.6994040941094504	243
half_step_1	1.0470343719557544	0.0021191093657453256	1	7	7	7	1004358105.2046663	2815.156804233996	0	-1.6994040941094504	243
half_step_2	1.0491534813214998	0.0021191093657453256	13	0	0	0	1004358105.2046663	1973943.022123092	0	-1.7149536835192314	217
full_step	1.051272590687245	0.021191093657453256	1	0	0	0	1004358105.2046663	2815.156804233996	0	0	0
full_step	1.051272590687245	0.010595546828726628	1	0	0	0	1004358105.2046663	2815.156804233996	0	0	0
full_step	1.051272590687245	0.005297773414363314	1	0	0	0	1004358105.2046663	2815.156804233996	0	0	0
full_step	1.051272590687245	0.002648886707181657	1	0	0	0	1004358105.2046663	2815.156804233996	0	0	0
half_step_1	1.051272590687245	0.0013244433535908285	0	0	0	0	1004358105.2046663	2815.156804233996	0	0	0
half_step_2	1.052597034040836	0.0013244433535908285	0	0	0	0	1004358105.2046663	2815.156804233996	0	0	0
full_step	1.0539214773944268	0.013244433535908285	1	0	0	0	1004358105.2046663	2815.156804233996	0	0	0
full_step	1.0539214773944268	0.006622216767954142	1	0	0	0	1004358105.2046663	2815.156804233996	0	0	0
full_step	1.0539214773944268	0.003311108383977071	1	0	0	0	1004358105.2046663	2815.156804233996	0	0	0
full_step	1.0539214773944268	0.0016555541919885356	1	0	0	0	1004358105.2046663	2815.156804233996	0	0	0
full_step	1.0539214773944268	0.0008277770959942678	1	0	0	0	1004358105.2046663	2815.156804233996	0	0	0
half_step_1	1.0539214773944268	0.0004138885479971339	0	0	0	0	1004358105.2046663	2815.156804233996	0	0	0
half_step_2	1.054335365942424	0.0004138885479971339	0	0	0	0	1004358105.2046663	2815.156804233996	0	0	0
full_step	1.0547492544904211	0.004138885479971339	1	0	0	0	1004358105.2046663	2815.156804233996	0	0	0
full_step	1.0547492544904211	0.0020694427399856694	1	0	0	0	1004358105.2046663	2815.156804233996	0	0	0
full_step	1.0547492544904211	0.0010347213699928347	1	0	0	0	1004358105.2046663	2815.156804233996	0	0	0
full_step	1.0547492544904211	0.0005173606849964174	1	0	0	0	1004358105.2046663	2815.156804233996	0	0	0
half_step_1	1.0547492544904211	0.0002586803424982087	0	0	0	0	1004358105.2046663	2815.156804233996	0	0	0
half_step_2	1.0550079348329193	0.0002586803424982087	0	0	0	0	1004358105.2046663	2815.156804233996	0	-1.8289391488436444	31
full_step	1.0552666151754175	0.0025868034249820868	18	6	6	0.3333333333333333	1004358105.2046663	7669469.601499741	0.1226517823197355	-1.6312212758173366	360
half_step_1	1.0552666151754175	0.0012934017124910434	15	6	3	0.4	1004358105.2046663	7590839.588301813	0.1226517823197355	-1.6312212758173366	360
half_step_2	1.0565600168879086	0.0012934017124910434	2	5	5	2.5	1004358105.2046663	9457.6112182623	0	-1.689290564945772	122
full_step	1.0578534186003996	0.012934017124910433	4	0	0	0	1004358105.2046663	5661641.038991815	0	-1.8587054388496143	45
full_step	1.0578534186003996	0.006467008562455217	3	0	0	0	1004358105.2046663	531789.8483025025	0	-1.8587054388496143	45
half_step_1	1.0578534186003996	0.0032335042812276084	1	6	6	6	1004358105.2046663	2815.156804233996	0	-1.8587054388496143	45
half_step_2	1.0610869228816273	0.0032335042812276084	1	0	0	0	1004358105.2046663	2815.156804233996	0	0	0
full_step	1.0643204271628548	0.03233504281227608	1	0	0	0	1004358105.2046663	2815.156804233996	0	0	0
full_step	1.0643204271628548	0.01616752140613804	1	0	0	0	1004358105.2046663	2815.156804233996	0	0	0
full_step	1.0643204271628548	0.00808376070306902	1	0	0	0	1004358105.2046663	2815.156804233996	0	0	0
full_step	1.0643204271628548	0.00404188035153451	1	0	0	0	1004358105.2046663	2815.156804233996	0	0	0
half_step_1	1.0643204271628548	0.002020940175767255	0	0	0	0	1004358105.2046663	2815.156804233996	0	0	0
half_step_2	1.066341367338622	0.002020940175767255	0	0	0	0	1004358105.2046663	2815.156804233996	0	0	0
full_step	1.0683623075143893	0.02020940175767255	1	0	0	0	1004358105.2046663	2815.156804233996	0	0	0
full_step	1.0683623075143893	0.010104700878836276	1	0	0	0	1004358105.2046663	2815.156804233996	0	0	0
full_step	1.0683623075143893	0.005052350439418138	1	0	0	0	1004358105.2046663	2815.156804233996	0	0	0
full_step	1.0683623075143893	0.002526175219709069	1	0	0	0	1004358105.2046663	2815.156804233996	0	0	0
half_step_1	1.0683623075143893	0.0012630876098545345	0	0	0	0	1004358105.2046663	2815.156804233996	0	0	0
half_step_2	1.0696253951242438	0.0012630876098545345	0	0	0	0	1004358105.2046663	2815.156804233996	0	0	0
full_step	1.0708884827340983	0.012630876098545345	12	0	0	0	1004358105.2046663	5478988.073702622	0	-1.8549050055008198	67
full_step	1.0708884827340983	0.006315438049272672	13	2	2	0.15384615384615385	1004358105.2046663	2965529.7395233065	0	-1.8549050055008198	67
full_step	1.0708884827340983	0.003157719024636336	12	0	0	0	1004358105.2046663	2265199.515273029	0	-1.8549050055008198	67
half_step_1	1.0708884827340983	0.001578859512318168	6	0	0	0	1004358105.2046663	738334.3649034882	0	-1.8549050055008198	67
half_step_2	1.0724673422464164	0.001578859512318168	3	9	9	3	1004358105.2046663	32798.9801850269	0	-1.8677628683898637	136
full_step	1.0740462017587347	0.015788595123181683	11	0	0	0	1004358105.2046663	7790905.71530361	0	-1.764036584412853	226
full_step	1.0740462017587347	0.007894297561590841	13	0	0	0	1004358105.2046663	5521749.987083722	0	-1.764036584412853	226
full_step	1.0740462017587347	0.003947148780795421	14	0	0	0	1004358105.2046663	5714880.544106951	0	-1.764036584412853	226
half_step_1	1.0740462017587347	0.0019735743903977103	11	6	6	0.5454545454545454	1004358105.2046663	3041305.498083124	0	-1.764036584412853	226
half_step_2	1.0760197761491324	0.0019735743903977103	1	0	0	0	1004358105.2046663	2815.156804233996	0	0	0
full_step	1.07799335053953	0.0197357439039771	1	0	0	0	1004358105.2046663	2815.156804233996	0	0	0
full_step	1.07799335053953	0.00986787195198855	1	0	0	0	1004358105.2046663	2815.156804233996	0	0	0
full_step	1.07799335053953	0.004933935975994275	1	0	0	0	1004358105.2046663	2815.156804233996	0	0	0
full_step	1.07799335053953	0.0024669679879971377	1	0	0	0	1004358105.2046663	2815.156804233996	0	0	0
full_step	1.07799335053953	0.0012334839939985688	1	0	0	0	1004358105.2046663	2815.156804233996	0	0	0
half_step_1	1.07799335053953	0.0006167419969992844	0	0	0	0	1004358105.2046663	2815.156804233996	0	0	0
half_step_2	1.0786100925365294	0.0006167419969992844	0	0	0	0	1004358105.2046663	2815.156804233996	0	0	0
full_step	1.0792268345335285	0.006167419969992844	1	0	0	0	1004358105.2046663	2815.156804233996	0	0	0
full_step	1.0792268345335285	0.003083709984996422	1	0	0	0	1004358105.2046663	2815.156804233996	0	0	0
full_step	1.0792268345335285	0.001541854992498211	1	0	0	0	1004358105.2046663	2815.156804233996	0	0	0
full_step	1.0792268345335285	0.0007709274962491055	1	0	0	0	1004358105.2046663	2815.156804233996	0	0	0
half_step_1	1.0792268345335285	0.00038546374812455276	0	0	0	0	1004358105.2046663	2815.156804233996	0	0	0
half_step_2	1.0796122982816532	0.00038546374812455276	0	0	0	0	1004358105.2046663	2815.156804233996	0	0	0
full_step	1.0799977620297776	0.0038546374812455275	17	9	3	0.5294117647058824	1004358105.2046663	6706081.600024503	0	-1.778462588304964	165
full_step	1.0799977620297776	0.0019273187406227638	15	6	3	0.4	1004358105.2046663	3257272.6020985823	0	-1.778462588304964	165
half_step_1	1.0799977620297776	0.0009636593703113819	10	0	0	0	1004358105.2046663	2504311.7996371137	0	-1.778462588304964	165
half_step_2	1.0809614214000889	0.0009636593703113819	12	0	0	0	1004358105.2046663	109212.14566636	0.28180813331164245	-1.4952503217645208	405
full_step	1.0819250807704004	0.009607140871441482	12	0	0	0	1004358105.2046663	1695680.0113009838	0	-1.6709762951898872	202
full_step	1.0819250807704004	0.004803570435720741	11	0	0	0	1004358105.2046663	3789577.5576395723	0	-1.6709762951898872	202
half_step_1	1.0819250807704004	0.0024017852178603704	7	0	0	0	1004358105.2046663	606541.1542551324	0	-1.6709762951898872	202
half_step_2	1.0843268659882608	0.0024017852178603704	15	11	6	0.7333333333333333	1004358105.2046663	5120389.138563779	0	-1.961920460669527	77
full_step	1.0867286512061212	0.024017852178603704	1	0	0	0	1004358105.2046663	2815.156804233996	0	0	0
full_step	1.0867286512061212	0.012008926089301852	1	0	0	0	1004358105.2046663	2815.156804233996	0	0	0
full_step	1.0867286512061212	0.006004463044650926	1	0	0	0	1004358105.2046663	2815.156804233996	0	0	0
full_step	1.0867286512061212	0.003002231522325463	1	0	0	0	1004358105.2046663	2815.156804233996	0	0	0
full_step	1.0867286512061212	0.0015011157611627315	1	0	0	0	1004358105.2046663	2815.156804233996	0	0	0
half_step_1	1.0867286512061212	0.0007505578805813657	0	0	0	0	1004358105.2046663	2815.156804233996	0	0	0
half_step_2	1.0874792090867025	0.0007505578805813657	8	0	0	0	1004358105.2046663	3000085.9167305264	0	-1.97005793970437	70
full_step	1.0882297669672838	0.007505578805813658	11	3	3	0.2727272727272727	1004358105.2046663	725515.2406969815	0	-1.9211699496498893	119
full_step	1.0882297669672838	0.003752789402906829	10	0	0	0	1004358105.2046663	523307.36166128836	0	-1.9211699496498893	119
half_step_1	1.0882297669672838	0.0018763947014534144	8	0	0	0	1004358105.2046663	482680.6975989755	0	-1.9211699496498893	119
half_step_2	1.0901061616687373	0.0018763947014534144	0	0	0	0	1004358105.2046663	482680.6975989755	0	0	0
full_step	1.0919825563701906	0.018763947014534144	15	16	5	1.0666666666666667	1004358105.2046663	15687579.908635305	0.5126683906778453	-1.3911670000745913	358
full_step	1.0919825563701906	0.009381973507267072	15	4	4	0.26666666666666666	1004358105.2046663	7441271.072333453	0.5126683906778453	-1.3911670000745913	358
full_step	1.0919825563701906	0.004690986753633536	15	4	4	0.26666666666666666	1004358105.2046663	1279052.3338675129	0.5126683906778453	-1.3911670000745913	358
full_step	1.0919825563701906	0.002345493376816768	15	0	0	0	1004358105.2046663	210214.8476772725	0.5126683906778453	-1.3911670000745913	358
half_step_1	1.0919825563701906	0.001172746688408384	12	0	0	0	1004358105.2046663	112047.37598193131	0.5126683906778453	-1.3911670000745913	358
half_step_2	1.093155303058599	0.001172746688408384	3	2	2	0.6666666666666666	1004358105.2046663	9159.286754859771	0	-1.7378747162692307	158
full_step	1.0943280497470074	0.007495989176815947	9	0	0	0	1004358105.2046663	4415069.223221926	0	-1.7761606777155292	108
full_step	1.0943280497470074	0.0037479945884079735	9	0	0	0	1004358105.2046663	3457811.2865261333	0	-1.7761606777155292	108
full_step	1.0943280497470074	0.0018739972942039868	9	0	0	0	1004358105.2046663	1028449.7010915916	0	-1.7761606777155292	108
half_step_1	1.0943280497470074	0.0009369986471019934	3	0	0	0	1004358105.2046663	33728.06277191745	0	-1.7761606777155292	108
half_step_2	1.0952650483941093	0.0009369986471019934	2	0	0	0	1004358105.2046663	28427.808061081352	0	-1.6162249926665009	134
full_step	1.0962020470412113	0.009369986471019933	15	6	4	0.4	1004358105.2046663	7468985.065094173	0.39133162240250385	-1.5719381219214492	529
full_step	1.0962020470412113	0.004684993235509967	17	12	5	0.7058823529411765	1004358105.2046663	930597.8046023983	0.39133162240250385	-1.5719381219214492	529
full_step	1.0962020470412113	0.0023424966177549834	15	5	5	0.3333333333333333	1004358105.2046663	400929.0976033481	0.39133162240250385	-1.5719381219214492	529
full_step	1.0962020470412113	0.0011712483088774917	15	7	4	0.4666666666666667	1004358105.2046663	159615.78886203418	0.39133162240250385	-1.5719381219214492	529
half_step_1	1.0962020470412113	0.0005856241544387458	10	0	0	0	1004358105.2046663	48365.82823512952	0.39133162240250385	-1.5719381219214492	529
half_step_2	1.09678767119565	0.0005856241544387458	7	0	0	0	1004358105.2046663	26509.45416883151	0.10319470668036956	-1.678311740270384	490
full_step	1.0973732953500888	0.005856241544387459	15	10	7	0.6666666666666666	1004358105.2046663	1372060.6573265963	0.7467878577590454	-1.5451154321284573	431
full_step	1.0973732953500888	0.0029281207721937293	16	21	7	1.3125	1004358105.2046663	1435300.3546970494	0.7467878577590454	-1.5451154321284573	431
full_step	1.0973732953500888	0.0014640603860968647	13	13	8	1	1004358105.2046663	1431030.8925847274	0.7467878577590454	-1.5451154321284573	431
half_step_1	1.0973732953500888	0.0007320301930484323	8	20	8	2.5	1004358105.2046663	6225125.715110221	0.7467878577590454	-1.5451154321284573	431
half_step_2	1.0981053255431372	0.0007320301930484323	9	17	11	1.8888888888888888	1004358105.2046663	316198.8470928943	0.5873755737411557	-1.3588488962005774	157
full_step	1.0988373557361857	0.007320301930484323	12	2	2	0.16666666666666666	1004358105.2046663	1394551.33946094	0.20068471195190796	-1.5841770391590946	161
full_step	1.0988373557361857	0.0036601509652421614	11	2	2	0.18181818181818182	1004358105.2046663	857009.3462944935	0.20068471195190796	-1.5841770391590946	161
half_step_1	1.0988373557361857	0.0018300754826210807	8	0	0	0	1004358105.2046663	586909.3356268819	0.20068471195190796	-1.5841770391590946	161
half_step_2	1.1006674312188067	0.0018300754826210807	1	0	0	0	1004358105.2046663	2815.156804233996	0	-1.9553792960159342	40
full_step	1.1024975067014278	0.018300754826210807	10	7	4	0.7	1004358105.2046663	29343866.56908524	1.1525230953939172	-1.5832158411640609	192
full_step	1.1024975067014278	0.009150377413105404	10	7	4	0.7	1004358105.2046663	49862964.13539305	1.1525230953939172	-1.5832158411640609	192
full_step	1.1024975067014278	0.004575188706552702	12	13	6	1.0833333333333333	1004358105.2046663	11523199.304580659	1.1525230953939172	-1.5832158411640609	192
full_step	1.1024975067014278	0.002287594353276351	14	3	3	0.21428571428571427	1004358105.2046663	3508751.3928868296	1.1525230953939172	-1.5832158411640609	192
half_step_1	1.1024975067014278	0.0011437971766381754	13	10	7	0.7692307692307693	1004358105.2046663	1704516.1448119406	1.1525230953939172	-1.5832158411640609	192
half_step_2	1.103641303878066	0.0011437971766381754	4	4	4	1	1004358105.2046663	11645.073887746912	0	-1.5543665555118322	171
full_step	1.1024975067014278	0.0011437971766381754	14	11	6	0.7857142857142857	1004358105.2046663	1704621.9434896505	1.1525230953939172	-1.5832158411640609	192
half_step_1	1.1024975067014278	0.0005718985883190877	5	11	11	2.2	1004358105.2046663	1414195.6268362892	1.1525230953939172	-1.5832158411640609	192
half_step_2	1.103069405289747	0.0005718985883190877	3	9	9	3	1004358105.2046663	1714982.9557132008	0.7735522687598859	-1.5846024313788523	177
full_step	1.103641303878066	0.005718985883190877	14	3	3	0.21428571428571427	1004358105.2046663	158837.79039806375	0.02197241023350216	-1.546094872895766	168
full_step	1.103641303878066	0.0028594929415954387	12	0	0	0	1004358105.2046663	74875.11978092011	0.02197241023350216	-1.546094872895766	168
full_step	1.103641303878066	0.0014297464707977194	10	0	0	0	1004358105.2046663	19055.821273723424	0.02197241023350216	-1.546094872895766	168
full_step	1.103641303878066	0.0007148732353988597	3	0	0	0	1004358105.2046663	13338.141419832686	0.02197241023350216	-1.546094872895766	168
half_step_1	1.103641303878066	0.00035743661769942984	1	0	0	0	1004358105.2046663	2878.8276860127417	0.02197241023350216	-1.546094872895766	168
half_step_2	1.1039987404957654	0.00035743661769942984	9	0	0	0	1004358105.2046663	17692.76858010148	0	-1.6043643896049073	312
full_step	1.1043561771134647	0.0035743661769942984	11	13	7	1.1818181818181819	1004358105.2046663	16279228.625676254	0.5764690637570311	-1.5975288493785047	337
half_step_1	1.1043561771134647	0.0017871830884971492	14	19	5	1.3571428571428572	1004358105.2046663	800922.0828742506	0.5764690637570311	-1.5975288493785047	337
half_step_2	1.106143360201962	0.0017871830884971492	13	8	4	0.6153846153846154	1004358105.2046663	263325.1929305111	0	-1.5531510694553237	446
full_step	1.107930543290459	0.01787183088497149	7	0	0	0	1004358105.2046663	445922.1729103722	0	-1.8622961692691258	84
full_step	1.107930543290459	0.008935915442485745	6	0	0	0	1004358105.2046663	68144.96328397535	0	-1.8622961692691258	84
half_step_1	1.107930543290459	0.0044679577212428725	1	0	0	0	1004358105.2046663	2815.156804233996	0	-1.8622961692691258	84
half_step_2	1.112398501011702	0.0044679577212428725	12	0	0	0	1004358105.2046663	199948.17889024242	0	-1.7356819312667378	123
full_step	1.1168664587329447	0.044679577212428725	1	0	0	0	1004358105.2046663	2815.156804233996	0	0	0
full_step	1.1168664587329447	0.022339788606214363	1	0	0	0	1004358105.2046663	2815.156804233996	0	0	0
full_step	1.1168664587329447	0.011169894303107181	1	0	0	0	1004358105.2046663	2815.156804233996	0	0	0
full_step	1.1168664587329447	0.005584947151553591	1	0	0	0	1004358105.2046663	2815.156804233996	0	0	0
full_step	1.1168664587329447	0.0027924735757767953	1	0	0	0	1004358105.2046663	2815.156804233996	0	0	0
full_step	1.1168664587329447	0.0013962367878883977	1	0	0	0	1004358105.2046663	2815.156804233996	0	0	0
half_step_1	1.1168664587329447	0.0006981183939441988	0	0	0	0	1004358105.2046663	2815.156804233996	0	0	0
half_step_2	1.117564577126889	0.0006981183939441988	0	0	0	0	1004358105.2046663	2815.156804233996	0	0	0
full_step	1.118262695520833	0.006981183939441988	7	0	0	0	1004358105.2046663	19825201.853650205	0	-1.9431016797853964	45
full_step	1.118262695520833	0.003490591969720994	10	0	0	0	1004358105.2046663	2470535.648859322	0	-1.9431016797853964	45
full_step	1.118262695520833	0.001745295984860497	6	0	0	0	1004358105.2046663	7563529.407074476	0	-1.9431016797853964	45
half_step_1	1.118262695520833	0.0008726479924302485	2	4	4	2	1004358105.2046663	17651.098839890976	0	-1.9431016797853964	45
half_step_2	1.1191353435132632	0.0008726479924302485	11	0	0	0	1004358105.2046663	44792.481489849895	0	-1.6622843647385717	248
full_step	1.1200079915056935	0.008726479924302484	21	31	7	1.4761904761904763	1004358105.2046663	1229679.5544418762	0.5055484387885372	-1.5017861715848784	562
full_step	1.1200079915056935	0.004363239962151242	17	9	5	0.5294117647058824	1004358105.2046663	1448512.4824553982	0.5055484387885372	-1.5017861715848784	562
full_step	1.1200079915056935	0.002181619981075621	18	28	8	1.5555555555555556	1004358105.2046663	1610887.6908563473	0.5055484387885372	-1.5017861715848784	562
half_step_1	1.1200079915056935	0.0010908099905378105	13	18	8	1.3846153846153846	1004358105.2046663	1476780.7952383703	0.5055484387885372	-1.5017861715848784	562
half_step_2	1.1210988014962313	0.0010908099905378105	5	18	8	3.6	1004358105.2046663	112773.61191823607	0.2566455027226766	-1.7161483792453645	297
full_step	1.122189611486769	0.010908099905378105	15	8	3	0.5333333333333333	1004358105.2046663	1068468.5419443878	0	-1.8682105164672436	227
full_step	1.122189611486769	0.0054540499526890525	15	5	3	0.3333333333333333	1004358105.2046663	376479.88234289794	0	-1.8682105164672436	227
full_step	1.122189611486769	0.0027270249763445263	12	3	3	0.25	1004358105.2046663	119546.77442909476	0	-1.8682105164672436	227
half_step_1	1.122189611486769	0.0013635124881722631	3	0	0	0	1004358105.2046663	42978.38194474827	0	-1.8682105164672436	227
half_step_2	1.1235531239749414	0.0013635124881722631	11	0	0	0	1004358105.2046663	77920.27875750673	0	-1.8333086166783061	271
full_step	1.1249166364631136	0.013635124881722631	1	0	0	0	1004358105.2046663	2815.156804233996	0	0	0
full_step	1.1249166364631136	0.0068175624408613154	1	0	0	0	1004358105.2046663	2815.156804233996	0	0	0
full_step	1.1249166364631136	0.0034087812204306577	1	0	0	0	1004358105.2046663	2815.156804233996	0	0	0
half_step_1	1.1249166364631136	0.0017043906102153289	0	0	0	0	1004358105.2046663	2815.156804233996	0	0	0
half_step_2	1.126621027073329	0.0017043906102153289	0	0	0	0	1004358105.2046663	2815.156804233996	0	0	0
full_step	1.1283254176835442	0.01704390610215329	12	3	3	0.25	1004358105.2046663	4942068.854697409	0	-1.9714863706134016	74
full_step	1.1283254176835442	0.008521953051076645	7	0	0	0	1004358105.2046663	28156038.12175779	0	-1.9714863706134016	74
half_step_1	1.1283254176835442	0.004260976525538323	10	0	0	0	1004358105.2046663	472446.67446422775	0	-1.9714863706134016	74
half_step_2	1.1325863942090826	0.004260976525538323	1	0	0	0	1004358105.2046663	2815.156804233996	0	0	0
full_step	1.136847370734621	0.04260976525538322	1	0	0	0	1004358105.2046663	2815.156804233996	0	0	0
full_step	1.136847370734621	0.02130488262769161	1	0	0	0	1004358105.2046663	2815.156804233996	0	0	0
full_step	1.136847370734621	0.010652441313845806	1	0	0	0	1004358105.2046663	2815.156804233996	0	0	0
full_step	1.136847370734621	0.005326220656922903	1	0	0	0	1004358105.2046663	2815.156804233996	0	0	0
full_step	1.136847370734621	0.0026631103284614514	1	0	0	0	1004358105.2046663	2815.156804233996	0	0	0
full_step	1.136847370734621	0.0013315551642307257	1	0	0	0	1004358105.2046663	2815.156804233996	0	0	0
half_step_1	1.136847370734621	0.0006657775821153628	0	0	0	0	1004358105.2046663	2815.156804233996	0	0	0
half_step_2	1.1375131483167362	0.0006657775821153628	0	0	0	0	1004358105.2046663	2815.156804233996	0	-1.9669916992929697	53
full_step	1.1381789258988517	0.006657775821153629	8	0	0	0	1004358105.2046663	10153800.566417696	0	-1.9151246953731376	124
half_step_1	1.1381789258988517	0.0033288879105768145	8	0	0	0	1004358105.2046663	961162.3761058388	0	-1.9151246953731376	124
half_step_2	1.1415078138094286	0.0033288879105768145	4	8	8	2	1004358105.2046663	993083.1573160554	0	-1.9722688419488432	42
full_step	1.1448367017200054	0.033288879105768145	15	16	7	1.0666666666666667	1004358105.2046663	13325707.906531123	1.3885235020934488	-1.3331884075335692	416
full_step	1.1448367017200054	0.016644439552884072	14	11	7	0.7857142857142857	1004358105.2046663	6297455.71560421	1.3885235020934488	-1.3331884075335692	416
full_step	1.1448367017200054	0.008322219776442036	13	9	5	0.6923076923076923	1004358105.2046663	2200216.4052123665	1.3885235020934488	-1.3331884075335692	416
full_step	1.1448367017200054	0.004161109888221018	12	0	0	0	1004358105.2046663	1931870.7373411313	1.3885235020934488	-1.3331884075335692	416
full_step	1.1448367017200054	0.002080554944110509	12	4	4	0.3333333333333333	1004358105.2046663	1918363.379719094	1.3885235020934488	-1.3331884075335692	416
half_step_1	1.1448367017200054	0.0010402774720552545	9	5	5	0.5555555555555556	1004358105.2046663	1871266.1831892713	1.3885235020934488	-1.3331884075335692	416
half_step_2	1.1458769791920607	0.0010402774720552545	1	0	0	0	1004358105.2046663	2815.156804233996	0	-1.7502940153968323	112
full_step	1.146917256664116	0.010402774720552545	10	0	0	0	1004358105.2046663	5375494.576887362	0	-1.8587687462531335	70
full_step	1.146917256664116	0.005201387360276272	9	0	0	0	1004358105.2046663	2761382.0276816534	0	-1.8587687462531335	70
full_step	1.146917256664116	0.002600693680138136	7	0	0	0	1004358105.2046663	1595069.7229831794	0	-1.8587687462531335	70
full_step	1.146917256664116	0.001300346840069068	2	3	3	1.5	1004358105.2046663	12692.118232154771	0	-1.8587687462531335	70
half_step_1	1.146917256664116	0.000650173420034534	1	0	0	0	1004358105.2046663	2815.156804233996	0	-1.8587687462531335	70
half_step_2	1.1475674300841505	0.000650173420034534	7	0	0	0	1004358105.2046663	582762.9636841773	0	-1.7942708294795784	192
full_step	1.148217603504185	0.0065017342003453405	19	46	11	2.4210526315789473	1004358105.2046663	1046766.9250183357	0.4877040962019237	-1.5919560887266717	698
half_step_1	1.148217603504185	0.0032508671001726702	17	20	7	1.1764705882352942	1004358105.2046663	312092.5765001957	0.4877040962019237	-1.5919560887266717	698
half_step_2	1.1514684706043576	0.0032508671001726702	1	0	0	0	1004358105.2046663	2815.156804233996	0	0	0
full_step	1.1547193377045302	0.032508671001726705	8	0	0	0	1004358105.2046663	5390462.926907793	0	-1.50319826125651	48
full_step	1.1547193377045302	0.016254335500863352	10	0	0	0	1004358105.2046663	2171763.575123736	0	-1.50319826125651	48
full_step	1.1547193377045302	0.008127167750431676	10	0	0	0	1004358105.2046663	398529.3002132108	0	-1.50319826125651	48
full_step	1.1547193377045302	0.004063583875215838	10	0	0	0	1004358105.2046663	188579.86429315424	0	-1.50319826125651	48
half_step_1	1.1547193377045302	0.002031791937607919	4	0	0	0	1004358105.2046663	53003.9325116526	0	-1.50319826125651	48
half_step_2	1.156751129642138	0.002031791937607919	11	0	0	0	1004358105.2046663	49813.47416421515	0	-1.7693463624470276	114
full_step	1.158782921579746	0.020317919376079192	4	8	8	2	1004358105.2046663	688717.693346319	0	-1.9349703711810127	33
full_step	1.158782921579746	0.010158959688039596	1	0	0	0	1004358105.2046663	2815.156804233996	0	-1.9349703711810127	33
full_step	1.158782921579746	0.005079479844019798	1	0	0	0	1004358105.2046663	2815.156804233996	0	-1.9349703711810127	33
half_step_1	1.158782921579746	0.002539739922009899	0	0	0	0	1004358105.2046663	2815.156804233996	0	-1.9349703711810127	33
half_step_2	1.161322661501756	0.002539739922009899	0	0	0	0	1004358105.2046663	2815.156804233996	0	0	0
full_step	1.163862401423766	0.02539739922009899	1	0	0	0	1004358105.2046663	2815.156804233996	0	0	0
full_step	1.163862401423766	0.012698699610049494	1	0	0	0	1004358105.2046663	2815.156804233996	0	0	0
full_step	1.163862401423766	0.006349349805024747	1	0	0	0	1004358105.2046663	2815.156804233996	0	0	0
full_step	1.163862401423766	0.0031746749025123736	1	0	0	0	1004358105.2046663	2815.156804233996	0	0	0
half_step_1	1.163862401423766	0.0015873374512561868	0	0	0	0	1004358105.2046663	2815.156804233996	0	0	0
half_step_2	1.1654497388750222	0.0015873374512561868	0	0	0	0	1004358105.2046663	2815.156804233996	0	0	0
full_step	1.1670370763262783	0.015873374512561867	1	0	0	0	1004358105.2046663	2815.156804233996	0	0	0
full_step	1.1670370763262783	0.007936687256280934	1	0	0	0	1004358105.2046663	2815.156804233996	0	0	0
full_step	1.1670370763262783	0.003968343628140467	1	0	0	0	1004358105.2046663	2815.156804233996	0	0	0
full_step	1.1670370763262783	0.0019841718140702334	1	0	0	0	1004358105.2046663	2815.156804233996	0	0	0
full_step	1.1670370763262783	0.0009920859070351167	1	0	0	0	1004358105.2046663	2815.156804233996	0	0	0
half_step_1	1.1670370763262783	0.0004960429535175583	0	0	0	0	1004358105.2046663	2815.156804233996	0	0	0
half_step_2	1.1675331192797958	0.0004960429535175583	0	0	0	0	1004358105.2046663	2815.156804233996	0	-1.9234660292157164	34
full_step	1.1680291622333134	0.004960429535175583	11	3	3	0.2727272727272727	1004358105.2046663	1522950.970345925	0	-1.887993925990742	137
half_step_1	1.1680291622333134	0.0024802147675877916	7	0	0	0	1004358105.2046663	4004387.971451622	0	-1.887993925990742	137
half_step_2	1.1705093770009012	0.0024802147675877916	12	16	6	1.3333333333333333	1004358105.2046663	1069060.6590298938	0.381421174191928	-1.6567556203525236	287
full_step	1.172989591768489	0.013978302019194104	1	0	0	0	1004358105.2046663	2815.156804233996	0	0	0
full_step	1.172989591768489	0.006989151009597052	1	0	0	0	1004358105.2046663	2815.156804233996	0	0	0
full_step	1.172989591768489	0.003494575504798526	1	0	0	0	1004358105.2046663	2815.156804233996	0	0	0
full_step	1.172989591768489	0.001747287752399263	1	0	0	0	1004358105.2046663	2815.156804233996	0	0	0
half_step_1	1.172989591768489	0.0008736438761996315	0	0	0	0	1004358105.2046663	2815.156804233996	0	0	0
half_step_2	1.1738632356446885	0.0008736438761996315	0	0	0	0	1004358105.2046663	2815.156804233996	0	0	0
full_step	1.1747368795208881	0.008736438761996316	1	0	0	0	1004358105.2046663	2815.156804233996	0	0	0
full_step	1.1747368795208881	0.004368219380998158	1	0	0	0	1004358105.2046663	2815.156804233996	0	0	0
full_step	1.1747368795208881	0.002184109690499079	1	0	0	0	1004358105.2046663	2815.156804233996	0	0	0
full_step	1.1747368795208881	0.0010920548452495395	1	0	0	0	1004358105.2046663	2815.156804233996	0	0	0
half_step_1	1.1747368795208881	0.0005460274226247697	0	0	0	0	1004358105.2046663	2815.156804233996	0	0	0
half_step_2	1.175282906943513	0.0005460274226247697	14	4	4	0.2857142857142857	1004358105.2046663	23388.901161217647	0	-1.654967219754879	119
full_step	1.1758289343661377	0.005460274226247697	17	11	4	0.6470588235294118	1004358105.2046663	1459910.258321301	0.49157629009641823	-1.5879185647896783	406
half_step_1	1.1758289343661377	0.0027301371131238485	11	23	10	2.090909090909091	1004358105.2046663	14515509.190164184	0.49157629009641823	-1.5879185647896783	406
half_step_2	1.1785590714792615	0.0027301371131238485	12	0	0	0	1004358105.2046663	142022.16350428358	0.13974120374587073	-1.4298968960684753	218
full_step	1.1812892085923854	0.016508411853366985	10	3	3	0.3	1004358105.2046663	6531099.638738616	0	-1.693557804346036	87
full_step	1.1812892085923854	0.008254205926683493	10	3	3	0.3	1004358105.2046663	4028751.97211609	0	-1.693557804346036	87
half_step_1	1.1812892085923854	0.004127102963341746	11	4	4	0.36363636363636365	1004358105.2046663	256636.90743043993	0	-1.693557804346036	87
half_step_2	1.1854163115557272	0.004127102963341746	1	0	0	0	1004358105.2046663	2815.156804233996	0	0	0
full_step	1.1895434145190689	0.041271029633417465	1	0	0	0	1004358105.2046663	2815.156804233996	0	0	0
full_step	1.1895434145190689	0.020635514816708733	1	0	0	0	1004358105.2046663	2815.156804233996	0	0	0
full_step	1.1895434145190689	0.010317757408354366	1	0	0	0	1004358105.2046663	2815.156804233996	0	0	0
full_step	1.1895434145190689	0.005158878704177183	1	0	0	0	1004358105.2046663	2815.156804233996	0	0	0
full_step	1.1895434145190689	0.0025794393520885916	1	0	0	0	1004358105.2046663	2815.156804233996	0	0	0
half_step_1	1.1895434145190689	0.0012897196760442958	0	0	0	0	1004358105.2046663	2815.156804233996	0	0	0
half_step_2	1.190833134195113	0.0012897196760442958	0	0	0	0	1004358105.2046663	2815.156804233996	0	0	0
full_step	1.1921228538711575	0.012897196760442958	1	0	0	0	1004358105.2046663	2815.156804233996	0	0	0
full_step	1.1921228538711575	0.006448598380221479	1	0	0	0	1004358105.2046663	2815.156804233996	0	0	0
full_step	1.1921228538711575	0.0032242991901107396	1	0	0	0	1004358105.2046663	2815.156804233996	0	0	0
full_step	1.1921228538711575	0.0016121495950553698	1	0	0	0	1004358105.2046663	2815.156804233996	0	0	0
half_step_1	1.1921228538711575	0.0008060747975276849	0	0	0	0	1004358105.2046663	2815.156804233996	0	0	0
half_step_2	1.192928928668685	0.0008060747975276849	0	0	0	0	1004358105.2046663	2815.156804233996	0	0	0
full_step	1.1937350034662129	0.008060747975276849	11	0	0	0	1004358105.2046663	6588795.611082045	0	-1.9644173315525715	74
full_step	1.1937350034662129	0.0040303739876384245	12	0	0	0	1004358105.2046663	4652613.010154588	0	-1.9644173315525715	74
half_step_1	1.1937350034662129	0.0020151869938192122	10	0	0	0	1004358105.2046663	1954121.4188801278	0	-1.9644173315525715	74
half_step_2	1.195750190460032	0.0020151869938192122	2	7	7	3.5	1004358105.2046663	42628.652490417815	0	-1.8184460210445814	44
full_step	1.1977653774538513	0.020151869938192124	9	0	0	0	1004358105.2046663	2234964.954996299	0	-1.8127661166116358	37
full_step	1.1977653774538513	0.010075934969096062	9	0	0	0	1004358105.2046663	833429.0690776855	0	-1.8127661166116358	37
full_step	1.1977653774538513	0.005037967484548031	9	0	0	0	1004358105.2046663	314905.84354509966	0	-1.8127661166116358	37
full_step	1.1977653774538513	0.0025189837422740155	10	0	0	0	1004358105.2046663	93439.51963071678	0	-1.8127661166116358	37
half_step_1	1.1977653774538513	0.0012594918711370078	1	5	5	5	1004358105.2046663	2815.156804233996	0	-1.8127661166116358	37
half_step_2	1.1990248693249883	0.0012594918711370078	7	0	0	0	1004358105.2046663	57313.6828566464	0	-1.707594349413583	271
full_step	1.2002843611961254	0.012594918711370078	12	4	4	0.3333333333333333	1004358105.2046663	6205779.40072827	0	-1.77215805126873	482
full_step	1.2002843611961254	0.006297459355685039	15	3	3	0.2	1004358105.2046663	1546903.308052376	0	-1.77215805126873	482
full_step	1.2002843611961254	0.0031487296778425194	14	0	0	0	1004358105.2046663	380538.88124295126	0	-1.77215805126873	482
full_step	1.2002843611961254	0.0015743648389212597	13	3	3	0.23076923076923078	1004358105.2046663	117929.71656525062	0	-1.77215805126873	482
half_step_1	1.2002843611961254	0.0007871824194606298	1	2	2	2	1004358105.2046663	33565.87700534992	0	-1.77215805126873	482
half_step_2	1.2010715436155859	0.0007871824194606298	14	11	6	0.7857142857142857	1004358105.2046663	93721.65057492138	0.3759748875818332	-1.6028074658530993	508
full_step	1.2018587260350466	0.0078718241946063	8	10	7	1.25	1004358105.2046663	2476194.176217997	0.17484019976109266	-1.3716828864690431	241
full_step	1.2018587260350466	0.00393591209730315	12	33	9	2.75	1004358105.2046663	286977.85547196725	0.17484019976109266	-1.3716828864690431	241
full_step	1.2018587260350466	0.001967956048651575	4	18	9	4.5	1004358105.2046663	121033.15022648608	0.17484019976109266	-1.3716828864690431	241
full_step	1.2018587260350466	0.0009839780243257874	4	16	7	4	1004358105.2046663	101252.03085586963	0.17484019976109266	-1.3716828864690431	241
full_step	1.2018587260350466	0.0004919890121628937	4	12	6	3	1004358105.2046663	54328.181423769565	0.17484019976109266	-1.3716828864690431	241
half_step_1	1.2018587260350466	0.00024599450608144685	2	5	3	2.5	1004358105.2046663	6408.338477503627	0.17484019976109266	-1.3716828864690431	241
half_step_2	1.2021047205411282	0.00024599450608144685	1	0	0	0	1004358105.2046663	2815.156804233996	0	-1.7882144896618177	353
full_step	1.2023507150472095	0.0024599450608144688	17	3	3	0.17647058823529413	1004358105.2046663	8564967.527016388	0	-1.684328746905789	465
full_step	1.2023507150472095	0.0012299725304072344	14	0	0	0	1004358105.2046663	5241541.676755712	0	-1.684328746905789	465
half_step_1	1.2023507150472095	0.0006149862652036172	11	0	0	0	1004358105.2046663	62269.191803850576	0	-1.684328746905789	465
half_step_2	1.202965701312413	0.0006149862652036172	11	28	9	2.5454545454545454	1004358105.2046663	2592770.3260687348	0.5015662617224734	-1.5858510406346094	462
full_step	1.2035806875776167	0.006149862652036172	12	10	7	0.8333333333333334	1004358105.2046663	8733397.181024631	0.5160115558028338	-1.4934496202952006	442
half_step_1	1.2035806875776167	0.003074931326018086	15	9	9	0.6	1004358105.2046663	1028337.2468782213	0.5160115558028338	-1.4934496202952006	442
half_step_2	1.2066556189036348	0.003074931326018086	13	14	6	1.0769230769230769	1004358105.2046663	2458418.8106924077	1.2008943149739935	-1.1918492803962648	504
full_step	1.209730550229653	0.008151453571047284	18	3	3	0.16666666666666666	1004358105.2046663	2066022.1484608375	0.18607914763924782	-1.377163675644495	330
full_step	1.209730550229653	0.004075726785523642	18	8	5	0.4444444444444444	1004358105.2046663	9497053.763891637	0.18607914763924782	-1.377163675644495	330
half_step_1	1.209730550229653	0.002037863392761821	13	3	3	0.23076923076923078	1004358105.2046663	90465.42332947247	0.18607914763924782	-1.377163675644495	330
half_step_2	1.2117684136224147	0.002037863392761821	14	11	8	0.7857142857142857	1004358105.2046663	1825497.2141894924	0.7557384285646549	-1.6303872306111118	528
full_step	1.2138062770151765	0.011384585272762985	15	8	5	0.5333333333333333	1004358105.2046663	1592129.8396602748	0	-1.8625274586619924	166
full_step	1.2138062770151765	0.0056922926363814925	15	7	4	0.4666666666666667	1004358105.2046663	861242.6884134841	0	-1.8625274586619924	166
full_step	1.2138062770151765	0.0028461463181907462	13	6	3	0.46153846153846156	1004358105.2046663	731427.0612034784	0	-1.8625274586619924	166
half_step_1	1.2138062770151765	0.0014230731590953731	2	4	4	2	1004358105.2046663	8759.45429396042	0	-1.8625274586619924	166
half_step_2	1.215229350174272	0.0014230731590953731	2	3	3	1.5	1004358105.2046663	16197.79626782338	0	-1.870752880224825	161
full_step	1.2166524233333673	0.01423073159095373	14	7	4	0.5	1004358105.2046663	846393.1404595159	0	-1.8596477693837932	102
full_step	1.2166524233333673	0.007115365795476865	10	0	0	0	1004358105.2046663	554485.9568708882	0	-1.8596477693837932	102
full_step	1.2166524233333673	0.0035576828977384326	11	0	0	0	1004358105.2046663	58299.048915001	0	-1.8596477693837932	102
full_step	1.2166524233333673	0.0017788414488692163	8	0	0	0	1004358105.2046663	17994.350296374218	0	-1.8596477693837932	102
half_step_1	1.2166524233333673	0.0008894207244346081	1	0	0	0	1004358105.2046663	2815.156804233996	0	-1.8596477693837932	102
half_step_2	1.2175418440578019	0.0008894207244346081	5	0	0	0	1004358105.2046663	24012.301832585283	0	-1.7132181220815321	177
full_step	1.2184312647822366	0.008894207244346081	15	4	4	0.26666666666666666	1004358105.2046663	1788288.2693607495	0.09215578548491976	-1.5324622955153482	173
full_step	1.2184312647822366	0.0044471036221730405	13	3	3	0.23076923076923078	1004358105.2046663	815420.7701970047	0.09215578548491976	-1.5324622955153482	173
full_step	1.2184312647822366	0.0022235518110865203	12	0	0	0	1004358105.2046663	223732.07491338305	0.09215578548491976	-1.5324622955153482	173
half_step_1	1.2184312647822366	0.0011117759055432601	9	0	0	0	1004358105.2046663	39588.52899150142	0.09215578548491976	-1.5324622955153482	173
half_step_2	1.2195430406877799	0.0011117759055432601	4	0	0	0	1004358105.2046663	21917.492061383615	0	-1.7904457514270624	103
full_step	1.220654816593323	0.0111177590554326	9	0	0	0	1004358105.2046663	1096763.7341231233	0	-1.816031228983915	72
full_step	1.220654816593323	0.0055588795277163	9	0	0	0	1004358105.2046663	492116.71021512715	0	-1.816031228983915	72
full_step	1.220654816593323	0.00277943976385815	8	0	0	0	1004358105.2046663	339401.92769535765	0	-1.816031228983915	72
full_step	1.220654816593323	0.001389719881929075	8	0	0	0	1004358105.2046663	25682.12891091263	0	-1.816031228983915	72
half_step_1	1.220654816593323	0.0006948599409645376	1	4	4	4	1004358105.2046663	2815.156804233996	0	-1.816031228983915	72
half_step_2	1.2213496765342877	0.0006948599409645376	14	9	6	0.6428571428571429	1004358105.2046663	105716.81821000237	0	-1.7123126711157843	262
full_step	1.2220445364752521	0.0069485994096453755	8	0	0	0	1004358105.2046663	1254297.3286533398	0	-1.810205866027524	147
full_step	1.2220445364752521	0.0034742997048226878	8	0	0	0	1004358105.2046663	866764.598180843	0	-1.810205866027524	147
full_step	1.2220445364752521	0.0017371498524113439	6	0	0	0	1004358105.2046663	331485.54598990415	0	-1.810205866027524	147
half_step_1	1.2220445364752521	0.0008685749262056719	1	3	3	3	1004358105.2046663	2815.156804233996	0	-1.810205866027524	147
half_step_2	1.2229131114014578	0.0008685749262056719	11	4	4	0.36363636363636365	1004358105.2046663	39392.47219419775	0	-1.868253310105128	249
full_step	1.2237816863276634	0.00868574926205672	12	0	0	0	1004358105.2046663	2335980.55496675	0	-1.6828154966680262	389
half_step_1	1.2237816863276634	0.00434287463102836	12	0	0	0	1004358105.2046663	462353.1046019364	0	-1.6828154966680262	389
half_step_2	1.2281245609586917	0.00434287463102836	1	0	0	0	1004358105.2046663	2815.156804233996	0	0	0
full_step	1.2237816863276634	0.00434287463102836	16	0	0	0	1004358105.2046663	440071.0532070036	0	-1.6828154966680262	389
half_step_1	1.2237816863276634	0.00217143731551418	13	0	0	0	1004358105.2046663	176179.41358254314	0	-1.6828154966680262	389
half_step_2	1.2259531236431775	0.00217143731551418	2	9	9	4.5	1004358105.2046663	13676.31888426526	0	-1.9660229951695358	52
full_step	1.2281245609586917	0.021714373155141797	10	3	3	0.3	1004358105.2046663	3506164.3401631205	0	-1.7408339450962205	73
full_step	1.2281245609586917	0.010857186577570899	11	0	0	0	1004358105.2046663	1123446.6158983496	0	-1.7408339450962205	73
half_step_1	1.2281245609586917	0.005428593288785449	7	0	0	0	1004358105.2046663	789368.6743994072	0	-1.7408339450962205	73
half_step_2	1.2335531542474771	0.005428593288785449	1	0	0	0	1004358105.2046663	2815.156804233996	0	0	0
full_step	1.2389817475362626	0.05428593288785449	1	0	0	0	1004358105.2046663	2815.156804233996	0	0	0
full_step	1.2389817475362626	0.027142966443927247	1	0	0	0	1004358105.2046663	2815.156804233996	0	0	0
full_step	1.2389817475362626	0.013571483221963623	1	0	0	0	1004358105.2046663	2815.156804233996	0	0	0
full_step	1.2389817475362626	0.006785741610981812	1	0	0	0	1004358105.2046663	2815.156804233996	0	0	0
full_step	1.2389817475362626	0.003392870805490906	1	0	0	0	1004358105.2046663	2815.156804233996	0	0	0
full_step	1.2389817475362626	0.001696435402745453	1	0	0	0	1004358105.2046663	2815.156804233996	0	0	0
half_step_1	1.2389817475362626	0.0008482177013727265	0	0	0	0	1004358105.2046663	2815.156804233996	0	0	0
half_step_2	1.2398299652376352	0.0008482177013727265	0	0	0	0	1004358105.2046663	2815.156804233996	0	0	0
full_step	1.2406781829390081	0.008482177013727265	1	0	0	0	1004358105.2046663	2815.156804233996	0	0	0
full_step	1.2406781829390081	0.004241088506863632	1	0	0	0	1004358105.2046663	2815.156804233996	0	0	0
full_step	1.2406781829390081	0.002120544253431816	1	0	0	0	1004358105.2046663	2815.156804233996	0	0	0
full_step	1.2406781829390081	0.001060272126715908	1	0	0	0	1004358105.2046663	2815.156804233996	0	0	0
half_step_1	1.2406781829390081	0.000530136063357954	0	0	0	0	1004358105.2046663	2815.156804233996	0	0	0
half_step_2	1.2412083190023662	0.000530136063357954	0	0	0	0	1004358105.2046663	2815.156804233996	0	0	0
full_step	1.241738455065724	0.00530136063357954	11	3	3	0.2727272727272727	1004358105.2046663	7647114.262994022	0	-1.839196503343986	262
full_step	1.241738455065724	0.00265068031678977	12	4	4	0.3333333333333333	1004358105.2046663	6151977.944565676	0	-1.839196503343986	262
half_step_1	1.241738455065724	0.001325340158394885	10	0	0	0	1004358105.2046663	125645.190727364	0	-1.839196503343986	262
half_step_2	1.2430637952241188	0.001325340158394885	4	7	7	1.75	1004358105.2046663	34905.94483310073	0	-1.7525590507116806	257
full_step	1.2443891353825138	0.01325340158394885	7	0	0	0	1004358105.2046663	5088433.9480104605	0	-1.9121195435772298	248
full_step	1.2443891353825138	0.006626700791974425	9	0	0	0	1004358105.2046663	916334.3497598539	0	-1.9121195435772298	248
full_step	1.2443891353825138	0.0033133503959872127	8	0	0	0	1004358105.2046663	594050.1957327669	0	-1.9121195435772298	248
full_step	1.2443891353825138	0.0016566751979936064	5	0	0	0	1004358105.2046663	31992.232170354724	0	-1.9121195435772298	248
half_step_1	1.2443891353825138	0.0008283375989968032	1	0	0	0	1004358105.2046663	2815.156804233996	0	-1.9121195435772298	248
half_step_2	1.2452174729815106	0.0008283375989968032	5	0	0	0	1004358105.2046663	1934900.7204659786	0	-1.8686196779374535	232
full_step	1.2460458105805075	0.008283375989968032	17	2	2	0.11764705882352941	1004358105.2046663	1884793.2044320037	0.1121397156639432	-1.7178814806038947	551
half_step_1	1.2460458105805075	0.004141687994984016	10	0	0	0	1004358105.2046663	1789278.8769198451	0.1121397156639432	-1.7178814806038947	551
half_step_2	1.2501874985754915	0.004141687994984016	1	0	0	0	1004358105.2046663	2815.156804233996	0	0	0
full_step	1.2543291865704755	0.01793713048228992	1	0	0	0	1004358105.2046663	2815.156804233996	0	0	0
full_step	1.2543291865704755	0.00896856524114496	1	0	0	0	1004358105.2046663	2815.156804233996	0	0	0
full_step	1.2543291865704755	0.00448428262057248	1	0	0	0	1004358105.2046663	2815.156804233996	0	0	0
full_step	1.2543291865704755	0.00224214131028624	1	0	0	0	1004358105.2046663	2815.156804233996	0	0	0
half_step_1	1.2543291865704755	0.00112107065514312	0	0	0	0	1004358105.2046663	2815.156804233996	0	0	0
half_step_2	1.2554502572256188	0.00112107065514312	0	0	0	0	1004358105.2046663	2815.156804233996	0	-1.9890987108104794	35
full_step	1.2565713278807618	0.0112107065514312	3	4	4	1.3333333333333333	1004358105.2046663	5015638.835036446	0	-1.9300197149995346	35
full_step	1.2565713278807618	0.0056053532757156	4	10	10	2.5	1004358105.2046663	124456.51824619542	0	-1.9300197149995346	35
full_step	1.2565713278807618	0.0028026766378578	1	0	0	0	1004358105.2046663	2815.156804233996	0	-1.9300197149995346	35
full_step	1.2565713278807618	0.0014013383189289	1	0	0	0	1004358105.2046663	2815.156804233996	0	-1.9300197149995346	35
half_step_1	1.2565713278807618	0.00070066915946445	0	0	0	0	1004358105.2046663	2815.156804233996	0	-1.9300197149995346	35
half_step_2	1.2572719970402262	0.00070066915946445	0	0	0	0	1004358105.2046663	2815.156804233996	0	-1.9368233602066698	102
full_step	1.2579726661996906	0.0070066915946445	13	0	0	0	1004358105.2046663	3023519.990847321	0	-1.73547078271417	185
full_step	1.2579726661996906	0.00350334579732225	12	0	0	0	1004358105.2046663	1329727.72249951	0	-1.73547078271417	185
half_step_1	1.2579726661996906	0.001751672898661125	5	0	0	0	1004358105.2046663	776087.2576732055	0	-1.73547078271417	185
half_step_2	1.2597243390983517	0.001751672898661125	2	6	5	3	1004358105.2046663	28412.376083633455	0	-1.8210125412498959	155
full_step	1.2614760119970128	0.01751672898661125	17	17	8	1	1004358105.2046663	6078287.282523594	0	-1.5278871323334386	388
full_step	1.2614760119970128	0.008758364493305625	22	16	7	0.7272727272727273	1004358105.2046663	1003042.115922727	0	-1.5278871323334386	388
half_step_1	1.2614760119970128	0.0043791822466528125	10	0	0	0	1004358105.2046663	361086.2060663983	0	-1.5278871323334386	388
half_step_2	1.2658551942436655	0.0043791822466528125	1	0	0	0	1004358105.2046663	2815.156804233996	0	0	0
full_step	1.2614760119970128	0.0043791822466528125	18	7	4	0.3888888888888889	1004358105.2046663	330252.7049348094	0	-1.5278871323334386	388
half_step_1	1.2614760119970128	0.0021895911233264062	11	0	0	0	1004358105.2046663	124618.0698413282	0	-1.5278871323334386	388
half_step_2	1.2636656031203393	0.0021895911233264062	1	0	0	0	1004358105.2046663	2815.156804233996	0	0	0
full_step	1.2658551942436655	0.02189591123326406	1	0	0	0	1004358105.2046663	2815.156804233996	0	0	0
full_step	1.2658551942436655	0.01094795561663203	1	0	0	0	1004358105.2046663	2815.156804233996	0	0	0
full_step	1.2658551942436655	0.005473977808316015	1	0	0	0	1004358105.2046663	2815.156804233996	0	0	0
full_step	1.2658551942436655	0.0027369889041580077	1	0	0	0	1004358105.2046663	2815.156804233996	0	0	0
full_step	1.2658551942436655	0.0013684944520790038	1	0	0	0	1004358105.2046663	2815.156804233996	0	0	0
half_step_1	1.2658551942436655	0.0006842472260395019	0	0	0	0	1004358105.2046663	2815.156804233996	0	0	0
half_step_2	1.266539441469705	0.0006842472260395019	1	0	0	0	1004358105.2046663	3981.7002515994604	0	-1.9680391075350312	53
full_step	1.2672236886957446	0.006842472260395019	10	0	0	0	1004358105.2046663	3239776.5650689057	0	-1.897449852209443	199
half_step_1	1.2672236886957446	0.0034212361301975097	8	0	0	0	1004358105.2046663	2102319.719100954	0	-1.897449852209443	199
half_step_2	1.2706449248259422	0.0034212361301975097	1	0	0	0	1004358105.2046663	2815.156804233996	0	0	0
full_step	1.2740661609561397	0.034212361301975094	1	0	0	0	1004358105.2046663	2815.156804233996	0	0	0
full_step	1.2740661609561397	0.017106180650987547	1	0	0	0	1004358105.2046663	2815.156804233996	0	0	0
full_step	1.2740661609561397	0.008553090325493774	1	0	0	0	1004358105.2046663	2815.156804233996	0	0	0
full_step	1.2740661609561397	0.004276545162746887	1	0	0	0	1004358105.2046663	2815.156804233996	0	0	0
half_step_1	1.2740661609561397	0.0021382725813734434	0	0	0	0	1004358105.2046663	2815.156804233996	0	0	0
half_step_2	1.2762044335375131	0.0021382725813734434	0	0	0	0	1004358105.2046663	2815.156804233996	0	0	0
full_step	1.2783427061188866	0.021382725813734432	1	0	0	0	1004358105.2046663	2815.156804233996	0	0	0
full_step	1.2783427061188866	0.010691362906867216	1	0	0	0	1004358105.2046663	2815.156804233996	0	0	0
full_step	1.2783427061188866	0.005345681453433608	1	0	0	0	1004358105.2046663	2815.156804233996	0	0	0
full_step	1.2783427061188866	0.002672840726716804	1	0	0	0	1004358105.2046663	2815.156804233996	0	0	0
full_step	1.2783427061188866	0.001336420363358402	1	0	0	0	1004358105.2046663	2815.156804233996	0	0	0
half_step_1	1.2783427061188866	0.000668210181679201	0	0	0	0	1004358105.2046663	2815.156804233996	0	0	0
half_step_2	1.2790109163005658	0.000668210181679201	5	0	0	0	1004358105.2046663	9861.141393058435	0	-1.8628871391029802	91
full_step	1.279679126482245	0.00668210181679201	16	7	7	0.4375	1004358105.2046663	575482.8816226509	0	-1.561654762488573	202
full_step	1.279679126482245	0.003341050908396005	16	8	5	0.5	1004358105.2046663	279398.7506223893	0	-1.561654762488573	202
half_step_1	1.279679126482245	0.0016705254541980025	10	0	0	0	1004358105.2046663	95135.17340735461	0	-1.561654762488573	202
half_step_2	1.281349651936443	0.0016705254541980025	2	5	5	2.5	1004358105.2046663	14882.300167101735	0	-1.9264555850663345	143
full_step	1.283020177390641	0.016705254541980026	15	14	6	0.9333333333333333	1004358105.2046663	6803174.883943181	1.5598394299886422	-1.469238523538282	748
full_step	1.283020177390641	0.008352627270990013	14	9	5	0.6428571428571429	1004358105.2046663	5027704.441986934	1.5598394299886422	-1.469238523538282	748
full_step	1.283020177390641	0.0041763136354950065	15	9	5	0.6	1004358105.2046663	3353506.665246647	1.5598394299886422	-1.469238523538282	748
half_step_1	1.283020177390641	0.0020881568177475033	15	19	7	1.2666666666666666	1004358105.2046663	1947375.2077389127	1.5598394299886422	-1.469238523538282	748
half_step_2	1.2851083342083884	0.0020881568177475033	1	0	0	0	1004358105.2046663	2815.156804233996	0	-1.6694454856786467	315
full_step	1.287196491026136	0.02088156817747503	16	5	5	0.3125	1004358105.2046663	8631771.339375252	0	-1.7300504860605548	181
full_step	1.287196491026136	0.010440784088737515	13	5	5	0.38461538461538464	1004358105.2046663	2908363.965631783	0	-1.7300504860605548	181
half_step_1	1.287196491026136	0.005220392044368758	12	0	0	0	1004358105.2046663	353294.0517615198	0	-1.7300504860605548	181
half_step_2	1.2924168830705047	0.005220392044368758	1	0	0	0	1004358105.2046663	2815.156804233996	0	0	0
full_step	1.287196491026136	0.005220392044368758	13	0	0	0	1004358105.2046663	368405.1595075673	0	-1.7300504860605548	181
half_step_1	1.287196491026136	0.002610196022184379	9	0	0	0	1004358105.2046663	100351.79715709058	0	-1.7300504860605548	181
half_step_2	1.2898066870483205	0.002610196022184379	2	8	8	4	1004358105.2046663	22160.933828498153	0	-1.796069038901721	145
full_step	1.2924168830705047	0.026101960221843787	13	12	5	0.9230769230769231	1004358105.2046663	12480457.384357417	0	-1.9277919488288935	198
full_step	1.2924168830705047	0.013050980110921893	11	8	4	0.7272727272727273	1004358105.2046663	10813383.540214216	0	-1.9277919488288935	198
full_step	1.2924168830705047	0.006525490055460947	14	10	6	0.7142857142857143	1004358105.2046663	736534.1339376121	0	-1.9277919488288935	198
half_step_1	1.2924168830705047	0.0032627450277304734	2	3	3	1.5	1004358105.2046663	100691.31698193979	0	-1.9277919488288935	198
half_step_2	1.2956796280982352	0.0032627450277304734	10	0	0	0	1004358105.2046663	801390.8326552593	0	-1.5596654242181596	477
full_step	1.2989423731259657	0.03262745027730474	1	0	0	0	1004358105.2046663	2815.156804233996	0	0	0
full_step	1.2989423731259657	0.01631372513865237	1	0	0	0	1004358105.2046663	2815.156804233996	0	0	0
full_step	1.2989423731259657	0.008156862569326184	1	0	0	0	1004358105.2046663	2815.156804233996	0	0	0
full_step	1.2989423731259657	0.004078431284663092	1	0	0	0	1004358105.2046663	2815.156804233996	0	0	0
half_step_1	1.2989423731259657	0.002039215642331546	0	0	0	0	1004358105.2046663	2815.156804233996	0	0	0
half_step_2	1.3009815887682972	0.002039215642331546	0	0	0	0	1004358105.2046663	2815.156804233996	0	0	0
full_step	1.3030208044106288	0.02039215642331546	8	0	0	0	1004358105.2046663	7341798.999185533	0	-1.858076005734599	47
full_step	1.3030208044106288	0.01019607821165773	7	0	0	0	1004358105.2046663	4260949.940630641	0	-1.858076005734599	47
half_step_1	1.3030208044106288	0.005098039105828865	7	0	0	0	1004358105.2046663	448106.17441811925	0	-1.858076005734599	47
half_step_2	1.3081188435164577	0.005098039105828865	6	0	0	0	1004358105.2046663	1095884.6434316905	0	-1.9389409117917016	17
full_step	1.3132168826222865	0.05098039105828865	1	0	0	0	1004358105.2046663	2815.156804233996	0	0	0
full_step	1.3132168826222865	0.025490195529144326	1	0	0	0	1004358105.2046663	2815.156804233996	0	0	0
full_step	1.3132168826222865	0.012745097764572163	1	0	0	0	1004358105.2046663	2815.156804233996	0	0	0
full_step	1.3132168826222865	0.0063725488822860814	1	0	0	0	1004358105.2046663	2815.156804233996	0	0	0
full_step	1.3132168826222865	0.0031862744411430407	1	0	0	0	1004358105.2046663	2815.156804233996	0	0	0
half_step_1	1.3132168826222865	0.0015931372205715204	0	0	0	0	1004358105.2046663	2815.156804233996	0	0	0
half_step_2	1.314810019842858	0.0015931372205715204	0	0	0	0	1004358105.2046663	2815.156804233996	0	0	0
full_step	1.3164031570634296	0.015931372205715204	14	5	5	0.35714285714285715	1004358105.2046663	1594441.930797194	0	-1.8883997773703314	265
full_step	1.3164031570634296	0.007965686102857602	11	0	0	0	1004358105.2046663	1020267.583472659	0	-1.8883997773703314	265
full_step	1.3164031570634296	0.003982843051428801	14	0	0	0	1004358105.2046663	144385.95060376075	0	-1.8883997773703314	265
half_step_1	1.3164031570634296	0.0019914215257144006	2	0	0	0	1004358105.2046663	37291.50172925128	0	-1.8883997773703314	265
half_step_2	1.318394578589144	0.0019914215257144006	11	0	0	0	1004358105.2046663	133885.837693741	0.18501741719956044	-1.5774889108960113	530
full_step	1.3203860001148584	0.019914215257144006	4	17	14	4.25	1004358105.2046663	5635206.359374067	0	-1.8729729063968068	201
full_step	1.3203860001148584	0.009957107628572003	4	16	14	4	1004358105.2046663	1094305.5032794618	0	-1.8729729063968068	201
full_step	1.3203860001148584	0.004978553814286002	3	11	11	3.6666666666666665	1004358105.2046663	165286.77080598622	0	-1.8729729063968068	201
full_step	1.3203860001148584	0.002489276907143001	2	6	6	3	1004358105.2046663	23060.443352102506	0	-1.8729729063968068	201
full_step	1.3203860001148584	0.0012446384535715004	1	0	0	0	1004358105.2046663	2815.156804233996	0	-1.8729729063968068	201
half_step_1	1.3203860001148584	0.0006223192267857502	0	0	0	0	1004358105.2046663	2815.156804233996	0	-1.8729729063968068	201
half_step_2	1.3210083193416442	0.0006223192267857502	0	0	0	0	1004358105.2046663	2815.156804233996	0	-1.948239826260774	110
full_step	1.32163063856843	0.0062231922678575025	2	7	6	3.5	1004358105.2046663	6334858.89086716	0	-1.9811973809849992	51
full_step	1.32163063856843	0.0031115961339287512	3	15	15	5	1004358105.2046663	14399.330226340642	0	-1.9811973809849992	51
full_step	1.32163063856843	0.0015557980669643756	1	0	0	0	1004358105.2046663	2815.156804233996	0	-1.9811973809849992	51
full_step	1.32163063856843	0.0007778990334821878	1	0	0	0	1004358105.2046663	2815.156804233996	0	-1.9811973809849992	51
half_step_1	1.32163063856843	0.0003889495167410939	0	0	0	0	1004358105.2046663	2815.156804233996	0	-1.9811973809849992	51
half_step_2	1.322019588085171	0.0003889495167410939	2	0	0	0	1004358105.2046663	6184.135216775133	0	-1.8365934446111774	185
full_step	1.3224085376019121	0.003889495167410939	15	0	0	0	1004358105.2046663	351704.3752393493	0.14098354085581377	-1.6249043727847334	449
full_step	1.3224085376019121	0.0019447475837054695	14	0	0	0	1004358105.2046663	227477.41224730952	0.14098354085581377	-1.6249043727847334	449
half_step_1	1.3224085376019121	0.0009723737918527348	10	0	0	0	1004358105.2046663	53924.46792256097	0.14098354085581377	-1.6249043727847334	449
half_step_2	1.323380911393765	0.0009723737918527348	10	0	0	0	1004358105.2046663	37138.240586940374	0.12917598170315614	-1.5970673733205063	628
full_step	1.3243532851856177	0.009723737918527348	18	16	8	0.8888888888888888	1004358105.2046663	2381430.3935945556	0.1657658975746017	-1.5958186648383315	628
half_step_1	1.3243532851856177	0.004861868959263674	14	20	8	1.4285714285714286	1004358105.2046663	1048083.8229161982	0.1657658975746017	-1.5958186648383315	628
half_step_2	1.3292151541448813	0.004861868959263674	1	0	0	0	1004358105.2046663	2815.156804233996	0	0	0
full_step	1.334077023104145	0.04861868959263674	1	0	0	0	1004358105.2046663	2815.156804233996	0	0	0
full_step	1.334077023104145	0.02430934479631837	1	0	0	0	1004358105.2046663	2815.156804233996	0	0	0
full_step	1.334077023104145	0.012154672398159184	1	0	0	0	1004358105.2046663	2815.156804233996	0	0	0
full_step	1.334077023104145	0.006077336199079592	1	0	0	0	1004358105.2046663	2815.156804233996	0	0	0
half_step_1	1.334077023104145	0.003038668099539796	0	0	0	0	1004358105.2046663	2815.156804233996	0	0	0
half_step_2	1.3371156912036848	0.003038668099539796	0	0	0	0	1004358105.2046663	2815.156804233996	0	0	0
full_step	1.3401543593032246	0.03038668099539796	1	0	0	0	1004358105.2046663	2815.156804233996	0	0	0
full_step	1.3401543593032246	0.01519334049769898	1	0	0	0	1004358105.2046663	2815.156804233996	0	0	0
full_step	1.3401543593032246	0.00759667024884949	1	0	0	0	1004358105.2046663	2815.156804233996	0	0	0
full_step	1.3401543593032246	0.003798335124424745	1	0	0	0	1004358105.2046663	2815.156804233996	0	0	0
full_step	1.3401543593032246	0.0018991675622123726	1	0	0	0	1004358105.2046663	2815.156804233996	0	0	0
half_step_1	1.3401543593032246	0.0009495837811061863	0	0	0	0	1004358105.2046663	2815.156804233996	0	0	0
half_step_2	1.3411039430843308	0.0009495837811061863	0	0	0	0	1004358105.2046663	2815.156804233996	0	0	0
full_step	1.342053526865437	0.009495837811061864	15	3	3	0.2	1004358105.2046663	3783795.0747746304	0	-1.885748726828034	131
full_step	1.342053526865437	0.004747918905530932	17	3	3	0.17647058823529413	1004358105.2046663	597896.8954337945	0	-1.885748726828034	131
half_step_1	1.342053526865437	0.002373959452765466	10	0	0	0	1004358105.2046663	118275.64739458423	0	-1.885748726828034	131
half_step_2	1.3444274863182024	0.002373959452765466	12	0	0	0	1004358105.2046663	97095.13210603509	0	-1.7718496969550754	221
full_step	1.3468014457709678	0.02373959452765466	12	8	4	0.6666666666666666	1004358105.2046663	17094770.983786102	0	-1.9614563562591905	98
full_step	1.3468014457709678	0.01186979726382733	12	19	7	1.5833333333333333	1004358105.2046663	4883092.084077601	0	-1.9614563562591905	98
full_step	1.3468014457709678	0.005934898631913665	7	0	0	0	1004358105.2046663	1378867.8435945737	0	-1.9614563562591905	98
half_step_1	1.3468014457709678	0.0029674493159568324	1	4	4	4	1004358105.2046663	25965.60197697188	0	-1.9614563562591905	98
half_step_2	1.3497688950869247	0.0029674493159568324	1	0	0	0	1004358105.2046663	2815.156804233996	0	0	0
full_step	1.3527363444028815	0.029674493159568324	9	0	0	0	1004358105.2046663	8236759.309198344	0	-1.5516495105623072	296
full_step	1.3527363444028815	0.014837246579784162	10	0	0	0	1004358105.2046663	4327769.992085498	0	-1.5516495105623072	296
full_step	1.3527363444028815	0.007418623289892081	10	0	0	0	1004358105.2046663	2617400.744723648	0	-1.5516495105623072	296
full_step	1.3527363444028815	0.0037093116449460404	12	0	0	0	1004358105.2046663	326623.13016728975	0	-1.5516495105623072	296
half_step_1	1.3527363444028815	0.0018546558224730202	8	0	0	0	1004358105.2046663	56652.474330374134	0	-1.5516495105623072	296
half_step_2	1.3545910002253545	0.0018546558224730202	3	4	4	1.3333333333333333	1004358105.2046663	9449.115266584544	0	-1.9658033798206966	157
full_step	1.3564456560478275	0.0185465582247302	14	9	5	0.6428571428571429	1004358105.2046663	12864155.934727823	1.9477737654669909	-1.6780927180720362	900
full_step	1.3564456560478275	0.0092732791123651	18	8	5	0.4444444444444444	1004358105.2046663	11622098.75130459	1.9477737654669909	-1.6780927180720362	900
half_step_1	1.3564456560478275	0.00463663955618255	17	18	4	1.0588235294117647	1004358105.2046663	2651598.9488015627	1.9477737654669909	-1.6780927180720362	900
half_step_2	1.36108229560401	0.00463663955618255	1	0	0	0	1004358105.2046663	2815.156804233996	0	0	0
full_step	1.3657189351601926	0.04313057298235023	11	3	3	0.2727272727272727	1004358105.2046663	7250296.594982361	0	-1.6245589762815091	143
full_step	1.3657189351601926	0.021565286491175114	12	3	3	0.25	1004358105.2046663	1613938.628844643	0	-1.6245589762815091	143
full_step	1.3657189351601926	0.010782643245587557	14	3	3	0.21428571428571427	1004358105.2046663	441175.63156892324	0	-1.6245589762815091	143
full_step	1.3657189351601926	0.0053913216227937785	14	3	3	0.21428571428571427	1004358105.2046663	309691.1708451808	0	-1.6245589762815091	143
half_step_1	1.3657189351601926	0.0026956608113968892	6	0	0	0	1004358105.2046663	1837285.778031231	0	-1.6245589762815091	143
half_step_2	1.3684145959715894	0.0026956608113968892	1	0	0	0	1004358105.2046663	2815.156804233996	0	0	0
full_step	1.3711102567829865	0.026956608113968893	1	0	0	0	1004358105.2046663	2815.156804233996	0	0	0
full_step	1.3711102567829865	0.013478304056984447	1	0	0	0	1004358105.2046663	2815.156804233996	0	0	0
full_step	1.3711102567829865	0.006739152028492223	1	0	0	0	1004358105.2046663	2815.156804233996	0	0	0
full_step	1.3711102567829865	0.0033695760142461117	1	0	0	0	1004358105.2046663	2815.156804233996	0	0	0
half_step_1	1.3711102567829865	0.0016847880071230558	0	0	0	0	1004358105.2046663	2815.156804233996	0	0	0
half_step_2	1.3727950447901096	0.0016847880071230558	0	0	0	0	1004358105.2046663	2815.156804233996	0	0	0
full_step	1.3744798327972325	0.01684788007123056	1	0	0	0	1004358105.2046663	2815.156804233996	0	0	0
full_step	1.3744798327972325	0.00842394003561528	1	0	0	0	1004358105.2046663	2815.156804233996	0	0	0
full_step	1.3744798327972325	0.00421197001780764	1	0	0	0	1004358105.2046663	2815.156804233996	0	0	0
full_step	1.3744798327972325	0.00210598500890382	1	0	0	0	1004358105.2046663	2815.156804233996	0	0	0
half_step_1	1.3744798327972325	0.00105299250445191	0	0	0	0	1004358105.2046663	2815.156804233996	0	0	0
half_step_2	1.3755328253016845	0.00105299250445191	0	0	0	0	1004358105.2046663	2815.156804233996	0	0	0
full_step	1.3765858178061363	0.0105299250445191	9	0	0	0	1004358105.2046663	3779705.1608939418	0	-1.856867911291733	43
full_step	1.3765858178061363	0.00526496252225955	10	4	4	0.4	1004358105.2046663	2170687.2201148337	0	-1.856867911291733	43
full_step	1.3765858178061363	0.002632481261129775	13	4	4	0.3076923076923077	1004358105.2046663	147193.1678937123	0	-1.856867911291733	43
full_step	1.3765858178061363	0.0013162406305648874	12	0	0	0	1004358105.2046663	46022.95852984824	0	-1.856867911291733	43
half_step_1	1.3765858178061363	0.0006581203152824437	1	4	4	4	1004358105.2046663	4231.380398793474	0	-1.856867911291733	43
half_step_2	1.3772439381214188	0.0006581203152824437	13	16	5	1.2307692307692308	1004358105.2046663	143985.75564631724	0.17881497999769635	-1.7064430251132265	411
full_step	1.3779020584367012	0.006581203152824437	12	16	7	1.3333333333333333	1004358105.2046663	1006530.220975349	0.11054462150787003	-1.6415508835802015	335
half_step_1	1.3779020584367012	0.0032906015764122185	4	13	8	3.25	1004358105.2046663	302124.84656060656	0.11054462150787003	-1.6415508835802015	335
half_step_2	1.3811926600131135	0.0032906015764122185	1	0	0	0	1004358105.2046663	2815.156804233996	0	0	0
full_step	1.3844832615895257	0.032906015764122186	9	4	4	0.4444444444444444	1004358105.2046663	5816856.058789594	0	-1.6761907254518504	206
full_step	1.3844832615895257	0.016453007882061093	10	0	0	0	1004358105.2046663	2283389.7076797993	0	-1.6761907254518504	206
full_step	1.3844832615895257	0.008226503941030546	10	0	0	0	1004358105.2046663	861983.8157962259	0	-1.6761907254518504	206
full_step	1.3844832615895257	0.004113251970515273	9	0	0	0	1004358105.2046663	580605.1931134538	0	-1.6761907254518504	206
full_step	1.3844832615895257	0.0020566259852576366	11	4	4	0.36363636363636365	1004358105.2046663	131220.17217682258	0	-1.6761907254518504	206
half_step_1	1.3844832615895257	0.0010283129926288183	3	0	0	0	1004358105.2046663	29879.453974799257	0	-1.6761907254518504	206
half_step_2	1.3855115745821545	0.0010283129926288183	2	3	3	1.5	1004358105.2046663	12175.57477492064	0	-1.7469029951048582	170
full_step	1.3865398875747834	0.010283129926288184	12	0	0	0	1004358105.2046663	1609541.1693705425	0	-1.773432484955027	323
full_step	1.3865398875747834	0.005141564963144092	12	0	0	0	1004358105.2046663	401681.72473028826	0	-1.773432484955027	323
full_step	1.3865398875747834	0.002570782481572046	13	0	0	0	1004358105.2046663	141003.2626364773	0	-1.773432484955027	323
full_step	1.3865398875747834	0.001285391240786023	12	0	0	0	1004358105.2046663	33208.15810299082	0	-1.773432484955027	323
half_step_1	1.3865398875747834	0.0006426956203930115	1	3	3	3	1004358105.2046663	5344.175142556215	0	-1.773432484955027	323
half_step_2	1.3871825831951765	0.0006426956203930115	13	0	0	0	1004358105.2046663	27559.304343245127	0.019782643925282173	-1.636021319878147	470
full_step	1.3878252788155694	0.006426956203930115	18	29	10	1.6111111111111112	1004358105.2046663	1434731.6359106936	0.5994648504929501	-1.5765546251090916	522
full_step	1.3878252788155694	0.0032134781019650576	13	9	6	0.6923076923076923	1004358105.2046663	1410790.240953387	0.5994648504929501	-1.5765546251090916	522
half_step_1	1.3878252788155694	0.0016067390509825288	11	21	8	1.9090909090909092	1004358105.2046663	1627269.4225139318	0.5994648504929501	-1.5765546251090916	522
half_step_2	1.389432017866552	0.0016067390509825288	13	11	11	0.8461538461538461	1004358105.2046663	1756381.3671765274	0.43665143648468074	-1.3909496782819666	308
full_step	1.3910387569175344	0.016067390509825287	7	11	8	1.5714285714285714	1004358105.2046663	989615.3193083623	0	-1.5052978850420105	119
full_step	1.3910387569175344	0.008033695254912643	4	5	5	1.25	1004358105.2046663	407677.2459694245	0	-1.5052978850420105	119
full_step	1.3910387569175344	0.004016847627456322	1	0	0	0	1004358105.2046663	2815.156804233996	0	-1.5052978850420105	119
full_step	1.3910387569175344	0.002008423813728161	1	0	0	0	1004358105.2046663	2815.156804233996	0	-1.5052978850420105	119
half_step_1	1.3910387569175344	0.0010042119068640804	0	0	0	0	1004358105.2046663	2815.156804233996	0	-1.5052978850420105	119
half_step_2	1.3920429688243985	0.0010042119068640804	0	0	0	0	1004358105.2046663	2815.156804233996	0	-1.919307754271537	77
full_step	1.3930471807312625	0.010042119068640804	12	0	0	0	1004358105.2046663	5716820.304359284	0	-1.6201340014701873	270
half_step_1	1.3930471807312625	0.005021059534320402	12	17	9	1.4166666666666667	1004358105.2046663	7372152.74920879	0	-1.6201340014701873	270
half_step_2	1.3980682402655829	0.005021059534320402	1	0	0	0	1004358105.2046663	2815.156804233996	0	0	0
full_step	1.3930471807312625	0.005021059534320402	13	0	0	0	1004358105.2046663	1156951.8711324977	0	-1.6201340014701873	270
half_step_1	1.3930471807312625	0.002510529767160201	10	0	0	0	1004358105.2046663	597246.4178753726	0	-1.6201340014701873	270
half_step_2	1.3955577104984227	0.002510529767160201	1	0	0	0	1004358105.2046663	2815.156804233996	0	0	0
full_step	1.3980682402655829	0.02510529767160201	1	0	0	0	1004358105.2046663	2815.156804233996	0	0	0
full_step	1.3980682402655829	0.012552648835801004	1	0	0	0	1004358105.2046663	2815.156804233996	0	0	0
full_step	1.3980682402655829	0.006276324417900502	1	0	0	0	1004358105.2046663	2815.156804233996	0	0	0
half_step_1	1.3980682402655829	0.003138162208950251	0	0	0	0	1004358105.2046663	2815.156804233996	0	0	0
half_step_2	1.4012064024745332	0.003138162208950251	0	0	0	0	1004358105.2046663	2815.156804233996	0	0	0
full_step	1.4043445646834833	0.031381622089502514	1	0	0	0	1004358105.2046663	2815.156804233996	0	0	0
full_step	1.4043445646834833	0.015690811044751257	1	0	0	0	1004358105.2046663	2815.156804233996	0	0	0
full_step	1.4043445646834833	0.007845405522375629	1	0	0	0	1004358105.2046663	2815.156804233996	0	0	0
full_step	1.4043445646834833	0.003922702761187814	1	0	0	0	1004358105.2046663	2815.156804233996	0	0	0
full_step	1.4043445646834833	0.001961351380593907	1	0	0	0	1004358105.2046663	2815.156804233996	0	0	0
half_step_1	1.4043445646834833	0.0009806756902969536	0	0	0	0	1004358105.2046663	2815.156804233996	0	0	0
half_step_2	1.4053252403737804	0.0009806756902969536	0	0	0	0	1004358105.2046663	2815.156804233996	0	0	0
full_step	1.4063059160640772	0.009806756902969536	1	0	0	0	1004358105.2046663	2815.156804233996	0	0	0
full_step	1.4063059160640772	0.004903378451484768	1	0	0	0	1004358105.2046663	2815.156804233996	0	0	0
full_step	1.4063059160640772	0.002451689225742384	1	0	0	0	1004358105.2046663	2815.156804233996	0	0	0
full_step	1.4063059160640772	0.001225844612871192	1	0	0	0	1004358105.2046663	2815.156804233996	0	0	0
half_step_1	1.4063059160640772	0.000612922306435596	0	0	0	0	1004358105.2046663	2815.156804233996	0	0	0
half_step_2	1.4069188383705127	0.000612922306435596	10	0	0	0	1004358105.2046663	560233.9643070266	0	-1.7957435531158459	114
full_step	1.4075317606769484	0.006129223064355959	15	4	4	0.26666666666666666	1004358105.2046663	5755329.843478361	0	-1.5717828879349591	126
full_step	1.4075317606769484	0.0030646115321779797	11	0	0	0	1004358105.2046663	5972930.967662709	0	-1.5717828879349591	126
half_step_1	1.4075317606769484	0.0015323057660889899	7	0	0	0	1004358105.2046663	6540660.5638658	0	-1.5717828879349591	126
half_step_2	1.4090640664430374	0.0015323057660889899	1	0	0	0	1004358105.2046663	2815.156804233996	0	0	0
full_step	1.4105963722091264	0.0153230576608899	1	0	0	0	1004358105.2046663	2815.156804233996	0	0	0
full_step	1.4105963722091264	0.00766152883044495	1	0	0	0	1004358105.2046663	2815.156804233996	0	0	0
full_step	1.4105963722091264	0.003830764415222475	1	0	0	0	1004358105.2046663	2815.156804233996	0	0	0
full_step	1.4105963722091264	0.0019153822076112374	1	0	0	0	1004358105.2046663	2815.156804233996	0	0	0
half_step_1	1.4105963722091264	0.0009576911038056187	0	0	0	0	1004358105.2046663	2815.156804233996	0	0	0
half_step_2	1.411554063312932	0.0009576911038056187	0	0	0	0	1004358105.2046663	2815.156804233996	0	0	0
full_step	1.4125117544167376	0.009576911038056187	14	5	5	0.35714285714285715	1004358105.2046663	7309769.241915078	0	-1.8890687188776514	164
full_step	1.4125117544167376	0.0047884555190280936	14	0	0	0	1004358105.2046663	7089045.681231867	0	-1.8890687188776514	164
full_step	1.4125117544167376	0.0023942277595140468	14	0	0	0	1004358105.2046663	862245.1875357898	0	-1.8890687188776514	164
half_step_1	1.4125117544167376	0.0011971138797570234	9	0	0	0	1004358105.2046663	174751.05095266755	0	-1.8890687188776514	164
half_step_2	1.4137088682964947	0.0011971138797570234	8	0	0	0	1004358105.2046663	80960.70965918551	0.0017296611404162832	-1.7186066986481203	277
full_step	1.4149059821762517	0.011971138797570235	5	20	13	4	1004358105.2046663	980372.2901700016	0	-1.8729040932609629	102
full_step	1.4149059821762517	0.005985569398785117	3	12	12	4	1004358105.2046663	209733.145279764	0	-1.8729040932609629	102
full_step	1.4149059821762517	0.0029927846993925587	1	0	0	0	1004358105.2046663	2815.156804233996	0	-1.8729040932609629	102
full_step	1.4149059821762517	0.0014963923496962793	1	0	0	0	1004358105.2046663	2815.156804233996	0	-1.8729040932609629	102
full_step	1.4149059821762517	0.0007481961748481397	1	0	0	0	1004358105.2046663	2815.156804233996	0	-1.8729040932609629	102
half_step_1	1.4149059821762517	0.00037409808742406984	0	0	0	0	1004358105.2046663	2815.156804233996	0	-1.8729040932609629	102
half_step_2	1.4152800802636758	0.00037409808742406984	0	0	0	0	1004358105.2046663	2815.156804233996	0	-1.9145643308659026	69
full_step	1.4156541783510999	0.0037409808742406986	14	3	3	0.21428571428571427	1004358105.2046663	392742.24781284947	0	-1.8450029402048262	186
full_step	1.4156541783510999	0.0018704904371203493	13	0	0	0	1004358105.2046663	187066.19857576926	0	-1.8450029402048262	186
full_step	1.4156541783510999	0.0009352452185601746	14	0	0	0	1004358105.2046663	58458.94210016462	0	-1.8450029402048262	186
full_step	1.4156541783510999	0.0004676226092800873	9	0	0	0	1004358105.2046663	15495.289905852553	0	-1.8450029402048262	186
half_step_1	1.4156541783510999	0.00023381130464004366	1	2	2	2	1004358105.2046663	3517.5799687422045	0	-1.8450029402048262	186
half_step_2	1.41588798965574	0.00023381130464004366	2	0	0	0	1004358105.2046663	12275.820353379037	0.1313970682094805	-1.6529036793884957	390
full_step	1.41612180096038	0.0023381130464004366	22	17	7	0.7727272727272727	1004358105.2046663	1587178.7396803307	0.598504094137752	-1.5619923716900959	681
half_step_1	1.41612180096038	0.0011690565232002183	15	22	8	1.4666666666666666	1004358105.2046663	1675571.2805732845	0.598504094137752	-1.5619923716900959	681
half_step_2	1.4172908574835803	0.0011690565232002183	12	0	0	0	1004358105.2046663	57711.8111823117	0.11780095417634584	-1.5387243862845954	350
full_step	1.4184599140067804	0.011690565232002183	13	5	5	0.38461538461538464	1004358105.2046663	661001.423109815	0.5105560210013209	-1.4240515885380831	271
full_step	1.4184599140067804	0.0058452826160010915	13	0	0	0	1004358105.2046663	502236.23029474873	0.5105560210013209	-1.4240515885380831	271
full_step	1.4184599140067804	0.0029226413080005458	13	2	2	0.15384615384615385	1004358105.2046663	397143.197061428	0.5105560210013209	-1.4240515885380831	271
half_step_1	1.4184599140067804	0.0014613206540002729	9	0	0	0	1004358105.2046663	190017.60758244764	0.5105560210013209	-1.4240515885380831	271
half_step_2	1.4199212346607806	0.0014613206540002729	7	0	0	0	1004358105.2046663	556808.519522053	0	-1.7493127768528283	122
full_step	1.421382555314781	0.014613206540002728	16	3	3	0.1875	1004358105.2046663	616350.0295961238	0	-1.6382777174484588	182
full_step	1.421382555314781	0.007306603270001364	15	0	0	0	1004358105.2046663	1020051.688712281	0	-1.6382777174484588	182
full_step	1.421382555314781	0.003653301635000682	14	0	0	0	1004358105.2046663	1332939.5847287406	0	-1.6382777174484588	182
half_step_1	1.421382555314781	0.001826650817500341	8	0	0	0	1004358105.2046663	1860312.304563421	0	-1.6382777174484588	182
half_step_2	1.4232092061322814	0.001826650817500341	1	0	0	0	1004358105.2046663	2815.156804233996	0	0	0
full_step	1.4250358569497816	0.018266508175003412	15	3	3	0.2	1004358105.2046663	1049008.996517077	0.17525606914568925	-1.490632482796475	485
full_step	1.4250358569497816	0.009133254087501706	17	0	0	0	1004358105.2046663	715375.6277670767	0.17525606914568925	-1.490632482796475	485
full_step	1.4250358569497816	0.004566627043750853	17	0	0	0	1004358105.2046663	498628.33959738864	0.17525606914568925	-1.490632482796475	485
half_step_1	1.4250358569497816	0.0022833135218754265	14	0	0	0	1004358105.2046663	195855.2357557839	0.17525606914568925	-1.490632482796475	485
half_step_2	1.427319170471657	0.0022833135218754265	1	0	0	0	1004358105.2046663	2815.156804233996	0	0	0
full_step	1.4296024839935324	0.014919491979979053	1	0	0	0	1004358105.2046663	2815.156804233996	0	0	0
full_step	1.4296024839935324	0.007459745989989526	1	0	0	0	1004358105.2046663	2815.156804233996	0	0	0
full_step	1.4296024839935324	0.003729872994994763	1	0	0	0	1004358105.2046663	2815.156804233996	0	0	0
full_step	1.4296024839935324	0.0018649364974973816	1	0	0	0	1004358105.2046663	2815.156804233996	0	0	0
half_step_1	1.4296024839935324	0.0009324682487486908	0	0	0	0	1004358105.2046663	2815.156804233996	0	0	0
half_step_2	1.430534952242281	0.0009324682487486908	0	0	0	0	1004358105.2046663	2815.156804233996	0	0	0
full_step	1.4314674204910298	0.009324682487486908	17	6	3	0.35294117647058826	1004358105.2046663	1321520.1389581966	0.05947136552094889	-1.5419645578183525	263
full_step	1.4314674204910298	0.004662341243743454	16	0	0	0	1004358105.2046663	713212.0042882613	0.05947136552094889	-1.5419645578183525	263
full_step	1.4314674204910298	0.002331170621871727	14	0	0	0	1004358105.2046663	331386.4640749882	0.05947136552094889	-1.5419645578183525	263
half_step_1	1.4314674204910298	0.0011655853109358634	12	0	0	0	1004358105.2046663	110777.0365062274	0.05947136552094889	-1.5419645578183525	263
half_step_2	1.4326330058019656	0.0011655853109358634	3	5	5	1.6666666666666667	1004358105.2046663	31168.020991977464	0	-1.5084867489199167	197
full_step	1.4337985911129016	0.011655853109358634	13	7	4	0.5384615384615384	1004358105.2046663	12350439.912876708	0	-1.8567184740739406	198
full_step	1.4337985911129016	0.005827926554679317	14	6	3	0.42857142857142855	1004358105.2046663	11338476.161784567	0	-1.8567184740739406	198
full_step	1.4337985911129016	0.0029139632773396585	15	8	5	0.5333333333333333	1004358105.2046663	6895927.53204128	0	-1.8567184740739406	198
full_step	1.4337985911129016	0.0014569816386698293	10	0	0	0	1004358105.2046663	7138668.0912338905	0	-1.8567184740739406	198
half_step_1	1.4337985911129016	0.0007284908193349146	2	16	16	8	1004358105.2046663	221491.48026371028	0	-1.8567184740739406	198
half_step_2	1.4345270819322367	0.0007284908193349146	5	0	0	0	1004358105.2046663	77179.19202552247	0	-1.697256923970079	435
full_step	1.4352555727515715	0.007284908193349146	17	15	10	0.8823529411764706	1004358105.2046663	962656.0951816598	0.24057331663789228	-1.4518250361650011	511
half_step_1	1.4352555727515715	0.003642454096674573	16	18	7	1.125	1004358105.2046663	550974.5230741153	0.24057331663789228	-1.4518250361650011	511
half_step_2	1.438898026848246	0.003642454096674573	7	0	0	0	1004358105.2046663	1714030.3536933442	0	-1.8686199068661031	26
full_step	1.4425404809449205	0.03642454096674573	10	2	2	0.2	1004358105.2046663	13297612.114189101	0	-1.6662431761058305	90
full_step	1.4425404809449205	0.018212270483372865	10	4	4	0.4	1004358105.2046663	7736250.508695366	0	-1.6662431761058305	90
full_step	1.4425404809449205	0.009106135241686433	11	0	0	0	1004358105.2046663	758002.990667972	0	-1.6662431761058305	90
full_step	1.4425404809449205	0.004553067620843216	11	0	0	0	1004358105.2046663	357700.58321863774	0	-1.6662431761058305	90
full_step	1.4425404809449205	0.002276533810421608	10	0	0	0	1004358105.2046663	258830.38652822457	0	-1.6662431761058305	90
full_step	1.4425404809449205	0.001138266905210804	4	0	0	0	1004358105.2046663	398839.18690313905	0	-1.6662431761058305	90
half_step_1	1.4425404809449205	0.000569133452605402	1	0	0	0	1004358105.2046663	2815.156804233996	0	-1.6662431761058305	90
half_step_2	1.443109614397526	0.000569133452605402	1	2	2	2	1004358105.2046663	5562.486911986239	0	-1.663421693107084	253
full_step	1.4436787478501314	0.005691334526054021	23	35	9	1.5217391304347827	1004358105.2046663	11949523.53553623	0.06717127733645611	-1.6584924465148432	425
half_step_1	1.4436787478501314	0.0028456672630270104	17	16	8	0.9411764705882353	1004358105.2046663	14638175.881189741	0.06717127733645611	-1.6584924465148432	425
half_step_2	1.4465244151131584	0.0028456672630270104	1	0	0	0	1004358105.2046663	2815.156804233996	0	0	0
full_step	1.4493700823761855	0.028456672630270102	1	0	0	0	1004358105.2046663	2815.156804233996	0	0	0
full_step	1.4493700823761855	0.014228336315135051	1	0	0	0	1004358105.2046663	2815.156804233996	0	0	0
full_step	1.4493700823761855	0.007114168157567526	1	0	0	0	1004358105.2046663	2815.156804233996	0	0	0
full_step	1.4493700823761855	0.003557084078783763	1	0	0	0	1004358105.2046663	2815.156804233996	0	0	0
full_step	1.4493700823761855	0.0017785420393918814	1	0	0	0	1004358105.2046663	2815.156804233996	0	0	0
half_step_1	1.4493700823761855	0.0008892710196959407	0	0	0	0	1004358105.2046663	2815.156804233996	0	0	0
half_step_2	1.4502593533958814	0.0008892710196959407	0	0	0	0	1004358105.2046663	2815.156804233996	0	0	0
full_step	1.4511486244155773	0.008892710196959407	9	3	3	0.3333333333333333	1004358105.2046663	7307737.742395788	0	-1.943670619133461	49
full_step	1.4511486244155773	0.0044463550984797035	8	0	0	0	1004358105.2046663	7765936.763559381	0	-1.943670619133461	49
half_step_1	1.4511486244155773	0.0022231775492398517	1	5	5	5	1004358105.2046663	12840.710233746395	0	-1.943670619133461	49
half_step_2	1.4533718019648172	0.0022231775492398517	12	5	5	0.4166666666666667	1004358105.2046663	8228170.805659859	0	-1.7726682015116009	226
full_step	1.455594979514057	0.022231775492398517	1	0	0	0	1004358105.2046663	2815.156804233996	0	0	0
full_step	1.455594979514057	0.011115887746199258	1	0	0	0	1004358105.2046663	2815.156804233996	0	0	0
full_step	1.455594979514057	0.005557943873099629	1	0	0	0	1004358105.2046663	2815.156804233996	0	0	0
full_step	1.455594979514057	0.0027789719365498146	1	0	0	0	1004358105.2046663	2815.156804233996	0	0	0
full_step	1.455594979514057	0.0013894859682749073	1	0	0	0	1004358105.2046663	2815.156804233996	0	0	0
half_step_1	1.455594979514057	0.0006947429841374536	0	0	0	0	1004358105.2046663	2815.156804233996	0	0	0
half_step_2	1.4562897224981945	0.0006947429841374536	0	0	0	0	1004358105.2046663	2815.156804233996	0	-1.961553071139945	17
full_step	1.4569844654823318	0.006947429841374537	11	0	0	0	1004358105.2046663	1593339.5132235095	0	-1.8423664303694067	179
full_step	1.4569844654823318	0.0034737149206872683	12	3	3	0.25	1004358105.2046663	887594.6308402213	0	-1.8423664303694067	179
half_step_1	1.4569844654823318	0.0017368574603436342	9	0	0	0	1004358105.2046663	87396.70358842581	0	-1.8423664303694067	179
half_step_2	1.4587213229426754	0.0017368574603436342	1	0	0	0	1004358105.2046663	2815.156804233996	0	-1.959439838337278	20
full_step	1.4604581804030192	0.01736857460343634	11	3	3	0.2727272727272727	1004358105.2046663	10387527.929633299	0.45880768616189016	-1.6857183143601575	511
full_step	1.4604581804030192	0.00868428730171817	16	7	7	0.4375	1004358105.2046663	2081902.3269388254	0.45880768616189016	-1.6857183143601575	511
half_step_1	1.4604581804030192	0.004342143650859085	14	12	9	0.8571428571428571	1004358105.2046663	1607728.2322301744	0.45880768616189016	-1.6857183143601575	511
half_step_2	1.4648003240538783	0.004342143650859085	1	0	0	0	1004358105.2046663	2815.156804233996	0	0	0
full_step	1.4691424677047373	0.01971045139265852	14	19	8	1.3571428571428572	1004358105.2046663	14704792.136142336	1.923971914293361	-1.2490143137299952	606
full_step	1.4691424677047373	0.00985522569632926	13	19	9	1.4615384615384615	1004358105.2046663	15045225.68429356	1.923971914293361	-1.2490143137299952	606
full_step	1.4691424677047373	0.00492761284816463	14	28	11	2	1004358105.2046663	14637123.086382292	1.923971914293361	-1.2490143137299952	606
full_step	1.4691424677047373	0.002463806424082315	13	10	6	0.7692307692307693	1004358105.2046663	13587350.557267342	1.923971914293361	-1.2490143137299952	606
half_step_1	1.4691424677047373	0.0012319032120411575	12	21	4	1.75	1004358105.2046663	13369724.157039994	1.923971914293361	-1.2490143137299952	606
half_step_2	1.4703743709167785	0.0012319032120411575	6	26	8	4.333333333333333	1004358105.2046663	342200.30157181027	0.09602636414638255	-1.765220791588764	319
full_step	1.4716062741288196	0.012319032120411575	15	7	4	0.4666666666666667	1004358105.2046663	16435019.511471737	0	-1.7661245502048428	523
half_step_1	1.4716062741288196	0.006159516060205788	13	0	0	0	1004358105.2046663	1159283.0907370148	0	-1.7661245502048428	523
half_step_2	1.4777657901890253	0.006159516060205788	1	0	0	0	1004358105.2046663	2815.156804233996	0	0	0
full_step	1.4839253062492312	0.06159516060205788	8	0	0	0	1004358105.2046663	5583231.236681041	0	-1.7992380137348165	22
full_step	1.4839253062492312	0.03079758030102894	8	0	0	0	1004358105.2046663	2885748.0427014963	0	-1.7992380137348165	22
full_step	1.4839253062492312	0.01539879015051447	8	0	0	0	1004358105.2046663	1604351.7818032498	0	-1.7992380137348165	22
full_step	1.4839253062492312	0.007699395075257235	8	0	0	0	1004358105.2046663	691159.4751008753	0	-1.7992380137348165	22
full_step	1.4839253062492312	0.0038496975376286174	7	0	0	0	1004358105.2046663	811656.7190318659	0	-1.7992380137348165	22
half_step_1	1.4839253062492312	0.0019248487688143087	3	0	0	0	1004358105.2046663	30733.846041756267	0	-1.7992380137348165	22
half_step_2	1.4858501550180456	0.0019248487688143087	1	1	1	1	1004358105.2046663	26687.528357014802	0	-1.8839523513137997	49
full_step	1.4877750037868598	0.019248487688143086	7	0	0	0	1004358105.2046663	5943758.99105065	0	-1.9733701645840083	49
full_step	1.4877750037868598	0.009624243844071543	6	0	0	0	1004358105.2046663	6132036.229125562	0	-1.9733701645840083	49
full_step	1.4877750037868598	0.0048121219220357715	5	0	0	0	1004358105.2046663	6776354.606133803	0	-1.9733701645840083	49
full_step	1.4877750037868598	0.0024060609610178857	3	7	7	2.3333333333333335	1004358105.2046663	105642.0320700533	0	-1.9733701645840083	49
half_step_1	1.4877750037868598	0.0012030304805089429	1	0	0	0	1004358105.2046663	2815.156804233996	0	-1.9733701645840083	49
half_step_2	1.4889780342673686	0.0012030304805089429	1	0	0	0	1004358105.2046663	2815.156804233996	0	-1.9686307376309424	61
full_step	1.4901810647478777	0.012030304805089428	11	0	0	0	1004358105.2046663	2325489.2128031803	0	-1.8513803583788315	141
full_step	1.4901810647478777	0.006015152402544714	12	0	0	0	1004358105.2046663	466438.4674341924	0	-1.8513803583788315	141
full_step	1.4901810647478777	0.003007576201272357	11	0	0	0	1004358105.2046663	137067.65782928874	0	-1.8513803583788315	141
half_step_1	1.4901810647478777	0.0015037881006361785	1	3	3	3	1004358105.2046663	22217.808597127576	0	-1.8513803583788315	141
half_step_2	1.4916848528485138	0.0015037881006361785	12	0	0	0	1004358105.2046663	80851.56250954699	0.005271052024909295	-1.4745122824546613	203
full_step	1.4931886409491502	0.015037881006361786	6	0	0	0	1004358105.2046663	3181100.116527758	0	-1.8370701697416487	110
full_step	1.4931886409491502	0.007518940503180893	7	0	0	0	1004358105.2046663	670001.9253700542	0	-1.8370701697416487	110
half_step_1	1.4931886409491502	0.0037594702515904464	1	3	3	3	1004358105.2046663	36833.35356399253	0	-1.8370701697416487	110
half_step_2	1.4969481112007406	0.0037594702515904464	13	3	3	0.23076923076923078	1004358105.2046663	624300.3003257475	0	-1.7030566441485147	462
full_step	1.4931886409491502	0.0037594702515904464	3	0	0	0	1004358105.2046663	240737.9225548052	0	-1.8370701697416487	110
half_step_1	1.4931886409491502	0.0018797351257952232	1	6	6	6	1004358105.2046663	2815.156804233996	0	-1.8370701697416487	110
half_step_2	1.4950683760749455	0.0018797351257952232	13	9	6	0.6923076923076923	1004358105.2046663	76772.19897733392	0	-1.5984959293002148	183
full_step	1.4969481112007406	0.018797351257952233	10	5	5	0.5	1004358105.2046663	12583557.112146476	0	-1.9016878262509636	123
full_step	1.4969481112007406	0.009398675628976116	9	5	5	0.5555555555555556	1004358105.2046663	10134752.725165367	0	-1.9016878262509636	123
full_step	1.4969481112007406	0.004699337814488058	10	4	4	0.4	1004358105.2046663	1292726.880847992	0	-1.9016878262509636	123
full_step	1.4969481112007406	0.002349668907244029	2	3	3	1.5	1004358105.2046663	42649.618959291336	0	-1.9016878262509636	123
half_step_1	1.4969481112007406	0.0011748344536220146	1	0	0	0	1004358105.2046663	2815.156804233996	0	-1.9016878262509636	123
half_step_2	1.4981229456543625	0.0011748344536220146	1	0	0	0	1004358105.2046663	2815.156804233996	0	-1.8893224554687613	126
full_step	1.4992977801079845	0.011748344536220146	11	0	0	0	1004358105.2046663	7198923.458875513	0	-1.783084868834693	237
full_step	1.4992977801079845	0.005874172268110073	14	7	4	0.5	1004358105.2046663	8455764.428904798	0	-1.783084868834693	237
full_step	1.4992977801079845	0.0029370861340550364	13	7	5	0.5384615384615384	1004358105.2046663	14238181.095760996	0	-1.783084868834693	237
full_step	1.4992977801079845	0.0014685430670275182	12	0	0	0	1004358105.2046663	9876497.631019201	0	-1.783084868834693	237
full_step	1.4992977801079845	0.0007342715335137591	10	0	0	0	1004358105.2046663	26536.733022023247	0	-1.783084868834693	237
half_step_1	1.4992977801079845	0.00036713576675687955	1	0	0	0	1004358105.2046663	9148.673139063805	0	-1.783084868834693	237
half_step_2	1.4996649158747415	0.00036713576675687955	9	0	0	0	1004358105.2046663	20423.574807441648	0.3316361834513373	-1.5415672046025126	486
full_step	1.5000320516414982	0.0036713576675687955	18	35	11	1.9444444444444444	1004358105.2046663	7201029.033760233	0.5249759394864668	-1.519884265895333	538
full_step	1.5000320516414982	0.0018356788337843977	13	13	8	1	1004358105.2046663	1363560.0935542097	0.5249759394864668	-1.519884265895333	538
half_step_1	1.5000320516414982	0.0009178394168921989	12	19	7	1.5833333333333333	1004358105.2046663	553402.2028859525	0.5249759394864668	-1.519884265895333	538
half_step_2	1.5009498910583905	0.0009178394168921989	11	0	0	0	1004358105.2046663	29098.679701276	0	-1.627618833218517	243
full_step	1.5018677304752825	0.009178394168921989	11	0	0	0	1004358105.2046663	2487598.6288440865	0	-1.271673931930235	249
half_step_1	1.5018677304752825	0.004589197084460994	12	0	0	0	1004358105.2046663	357009.7061573443	0	-1.271673931930235	249
half_step_2	1.5064569275597435	0.004589197084460994	1	0	0	0	1004358105.2046663	2815.156804233996	0	0	0
full_step	1.5110461246442046	0.04589197084460994	10	0	0	0	1004358105.2046663	3585096.2299358756	0	-1.8229218647537064	65
full_step	1.5110461246442046	0.02294598542230497	10	0	0	0	1004358105.2046663	1281497.271213652	0	-1.8229218647537064	65
full_step	1.5110461246442046	0.011472992711152485	10	0	0	0	1004358105.2046663	609423.8629599838	0	-1.8229218647537064	65
full_step	1.5110461246442046	0.005736496355576243	11	0	0	0	1004358105.2046663	188573.4448198933	0	-1.8229218647537064	65
half_step_1	1.5110461246442046	0.0028682481777881214	8	0	0	0	1004358105.2046663	125230.38536375827	0	-1.8229218647537064	65
half_step_2	1.5139143728219928	0.0028682481777881214	1	0	0	0	1004358105.2046663	2815.156804233996	0	0	0
full_step	1.5167826209997808	0.028682481777881214	1	0	0	0	1004358105.2046663	2815.156804233996	0	0	0
full_step	1.5167826209997808	0.014341240888940607	1	0	0	0	1004358105.2046663	2815.156804233996	0	0	0
full_step	1.5167826209997808	0.007170620444470303	1	0	0	0	1004358105.2046663	2815.156804233996	0	0	0
full_step	1.5167826209997808	0.0035853102222351517	1	0	0	0	1004358105.2046663	2815.156804233996	0	0	0
half_step_1	1.5167826209997808	0.0017926551111175758	0	0	0	0	1004358105.2046663	2815.156804233996	0	0	0
half_step_2	1.5185752761108984	0.0017926551111175758	0	0	0	0	1004358105.2046663	2815.156804233996	0	0	0
full_step	1.520367931222016	0.01792655111117576	1	0	0	0	1004358105.2046663	2815.156804233996	0	0	0
full_step	1.520367931222016	0.00896327555558788	1	0	0	0	1004358105.2046663	2815.156804233996	0	0	0
full_step	1.520367931222016	0.00448163777779394	1	0	0	0	1004358105.2046663	2815.156804233996	0	0	0
full_step	1.520367931222016	0.00224081888889697	1	0	0	0	1004358105.2046663	2815.156804233996	0	0	0
half_step_1	1.520367931222016	0.001120409444448485	0	0	0	0	1004358105.2046663	2815.156804233996	0	0	0
half_step_2	1.5214883406664645	0.001120409444448485	0	0	0	0	1004358105.2046663	2815.156804233996	0	0	0
full_step	1.522608750110913	0.01120409444448485	1	0	0	0	1004358105.2046663	2815.156804233996	0	0	0
full_step	1.522608750110913	0.005602047222242425	1	0	0	0	1004358105.2046663	2815.156804233996	0	0	0
full_step	1.522608750110913	0.0028010236111212124	1	0	0	0	1004358105.2046663	2815.156804233996	0	0	0
full_step	1.522608750110913	0.0014005118055606062	1	0	0	0	1004358105.2046663	2815.156804233996	0	0	0
half_step_1	1.522608750110913	0.0007002559027803031	0	0	0	0	1004358105.2046663	2815.156804233996	0	0	0
half_step_2	1.5233090060136931	0.0007002559027803031	0	0	0	0	1004358105.2046663	2815.156804233996	0	0	0
full_step	1.5240092619164736	0.007002559027803031	1	0	0	0	1004358105.2046663	2815.156804233996	0	0	0
full_step	1.5240092619164736	0.0035012795139015155	1	0	0	0	1004358105.2046663	2815.156804233996	0	0	0
full_step	1.5240092619164736	0.0017506397569507577	1	0	0	0	1004358105.2046663	2815.156804233996	0	0	0
full_step	1.5240092619164736	0.0008753198784753789	1	0	0	0	1004358105.2046663	2815.156804233996	0	0	0
half_step_1	1.5240092619164736	0.00043765993923768943	0	0	0	0	1004358105.2046663	2815.156804233996	0	0	0
half_step_2	1.5244469218557113	0.00043765993923768943	0	0	0	0	1004358105.2046663	2815.156804233996	0	0	0
full_step	1.524884581794949	0.004376599392376894	18	8	3	0.4444444444444444	1004358105.2046663	5785610.648460494	0.21773847794247558	-1.5983264904575132	325
full_step	1.524884581794949	0.002188299696188447	18	3	3	0.16666666666666666	1004358105.2046663	3826069.648574925	0.21773847794247558	-1.5983264904575132	325
half_step_1	1.524884581794949	0.0010941498480942235	14	0	0	0	1004358105.2046663	167142.33436884056	0.21773847794247558	-1.5983264904575132	325
half_step_2	1.5259787316430433	0.0010941498480942235	14	0	0	0	1004358105.2046663	75782.67909920013	0	-1.518706470944294	645
full_step	1.5270728814911374	0.010941498480942235	9	3	3	0.3333333333333333	1004358105.2046663	7465236.417735858	0	-1.591842102627397	215
full_step	1.5270728814911374	0.005470749240471117	13	3	3	0.23076923076923078	1004358105.2046663	1163144.5582858203	0	-1.591842102627397	215
half_step_1	1.5270728814911374	0.0027353746202355587	6	0	0	0	1004358105.2046663	1096198.1389917124	0	-1.591842102627397	215
half_step_2	1.529808256111373	0.0027353746202355587	1	0	0	0	1004358105.2046663	2815.156804233996	0	0	0
full_step	1.5325436307316085	0.02735374620235559	1	0	0	0	1004358105.2046663	2815.156804233996	0	0	0
full_step	1.5325436307316085	0.013676873101177794	1	0	0	0	1004358105.2046663	2815.156804233996	0	0	0
full_step	1.5325436307316085	0.006838436550588897	1	0	0	0	1004358105.2046663	2815.156804233996	0	0	0
half_step_1	1.5325436307316085	0.0034192182752944486	0	0	0	0	1004358105.2046663	2815.156804233996	0	0	0
half_step_2	1.5359628490069028	0.0034192182752944486	0	0	0	0	1004358105.2046663	2815.156804233996	0	0	0
full_step	1.5393820672821974	0.034192182752944486	1	0	0	0	1004358105.2046663	2815.156804233996	0	0	0
full_step	1.5393820672821974	0.017096091376472243	1	0	0	0	1004358105.2046663	2815.156804233996	0	0	0
full_step	1.5393820672821974	0.008548045688236122	1	0	0	0	1004358105.2046663	2815.156804233996	0	0	0
full_step	1.5393820672821974	0.004274022844118061	1	0	0	0	1004358105.2046663	2815.156804233996	0	0	0
half_step_1	1.5393820672821974	0.0021370114220590304	0	0	0	0	1004358105.2046663	2815.156804233996	0	0	0
half_step_2	1.5415190787042565	0.0021370114220590304	0	0	0	0	1004358105.2046663	2815.156804233996	0	0	0
full_step	1.5436560901263154	0.021370114220590306	1	0	0	0	1004358105.2046663	2815.156804233996	0	0	0
full_step	1.5436560901263154	0.010685057110295153	1	0	0	0	1004358105.2046663	2815.156804233996	0	0	0
full_step	1.5436560901263154	0.005342528555147576	1	0	0	0	1004358105.2046663	2815.156804233996	0	0	0
full_step	1.5436560901263154	0.002671264277573788	1	0	0	0	1004358105.2046663	2815.156804233996	0	0	0
full_step	1.5436560901263154	0.001335632138786894	1	0	0	0	1004358105.2046663	2815.156804233996	0	0	0
half_step_1	1.5436560901263154	0.000667816069393447	0	0	0	0	1004358105.2046663	2815.156804233996	0	0	0
half_step_2	1.5443239061957088	0.000667816069393447	14	8	5	0.5714285714285714	1004358105.2046663	24599.082035026928	0	-1.8582303580676123	66
full_step	1.5449917222651024	0.0066781606939344705	13	4	4	0.3076923076923077	1004358105.2046663	589300.7778635646	0.14436860214482294	-1.5666324880700706	185
full_step	1.5449917222651024	0.0033390803469672352	13	0	0	0	1004358105.2046663	184053.30191083276	0.14436860214482294	-1.5666324880700706	185
full_step	1.5449917222651024	0.0016695401734836176	12	0	0	0	1004358105.2046663	79735.77054592878	0.14436860214482294	-1.5666324880700706	185
half_step_1	1.5449917222651024	0.0008347700867418088	7	0	0	0	1004358105.2046663	30254.09407318229	0.14436860214482294	-1.5666324880700706	185
half_step_2	1.545826492351844	0.0008347700867418088	1	0	0	0	1004358105.2046663	2815.156804233996	0	-1.887887396878098	151
full_step	1.546661262438586	0.008347700867418088	17	14	6	0.8235294117647058	1004358105.2046663	1154986.4626354112	0.6464577255173936	-1.6291042554198547	517
full_step	1.546661262438586	0.004173850433709044	19	26	7	1.368421052631579	1004358105.2046663	1363072.259600717	0.6464577255173936	-1.6291042554198547	517
full_step	1.546661262438586	0.002086925216854522	19	28	8	1.4736842105263157	1004358105.2046663	1097253.8283230078	0.6464577255173936	-1.6291042554198547	517
full_step	1.546661262438586	0.001043462608427261	17	14	7	0.8235294117647058	1004358105.2046663	190653.5041077957	0.6464577255173936	-1.6291042554198547	517
half_step_1	1.546661262438586	0.0005217313042136305	12	0	0	0	1004358105.2046663	72224.91511265172	0.6464577255173936	-1.6291042554198547	517
half_step_2	1.5471829937427997	0.0005217313042136305	4	0	0	0	1004358105.2046663	14418.263596161885	0.632411377504468	-1.647657578460244	432
full_step	1.5477047250470133	0.005217313042136305	16	11	8	0.6875	1004358105.2046663	1242660.4378428473	0.28670942678581923	-1.629667624395809	535
full_step	1.5477047250470133	0.0026086565210681526	16	7	7	0.4375	1004358105.2046663	1049435.4290975197	0.28670942678581923	-1.629667624395809	535
full_step	1.5477047250470133	0.0013043282605340763	14	0	0	0	1004358105.2046663	88339.65548019721	0.28670942678581923	-1.629667624395809	535
half_step_1	1.5477047250470133	0.0006521641302670381	5	0	0	0	1004358105.2046663	28532.265100135108	0.28670942678581923	-1.629667624395809	535
half_step_2	1.5483568891772803	0.0006521641302670381	9	0	0	0	1004358105.2046663	135224.6125213203	0.05085842090193182	-1.4449038751552066	561
full_step	1.5490090533075473	0.006521641302670382	17	21	8	1.2352941176470589	1004358105.2046663	1096066.3424072603	0.3629035035446577	-1.618341805037318	322
full_step	1.5490090533075473	0.003260820651335191	14	0	0	0	1004358105.2046663	479452.62876939744	0.3629035035446577	-1.618341805037318	322
half_step_1	1.5490090533075473	0.0016304103256675954	6	0	0	0	1004358105.2046663	381407.47446061013	0.3629035035446577	-1.618341805037318	322
half_step_2	1.550639463633215	0.0016304103256675954	14	9	6	0.6428571428571429	1004358105.2046663	644346.6814175292	0	-1.5950059884772827	191
full_step	1.5522698739588825	0.013352241443167472	1	0	0	0	1004358105.2046663	2815.156804233996	0	0	0
full_step	1.5522698739588825	0.006676120721583736	1	0	0	0	1004358105.2046663	2815.156804233996	0	0	0
full_step	1.5522698739588825	0.003338060360791868	1	0	0	0	1004358105.2046663	2815.156804233996	0	0	0
full_step	1.5522698739588825	0.001669030180395934	1	0	0	0	1004358105.2046663	2815.156804233996	0	0	0
half_step_1	1.5522698739588825	0.000834515090197967	0	0	0	0	1004358105.2046663	2815.156804233996	0	0	0
half_step_2	1.5531043890490805	0.000834515090197967	0	0	0	0	1004358105.2046663	2815.156804233996	0	0	0
full_step	1.5539389041392784	0.00834515090197967	12	0	0	0	1004358105.2046663	6232281.481562871	1.065702302425052	-1.5092284695572862	513
half_step_1	1.5539389041392784	0.004172575450989835	15	12	6	0.8	1004358105.2046663	1965141.0184386326	1.065702302425052	-1.5092284695572862	513
half_step_2	1.5581114795902682	0.004172575450989835	14	23	7	1.6428571428571428	1004358105.2046663	9932576.946390161	1.8914987481111893	-1.2921065767499644	788
full_step	1.562284055041258	0.011087464288422447	12	33	9	2.75	1004358105.2046663	1645152.0082642534	0.34076975409698207	-1.4101190262820906	530
full_step	1.562284055041258	0.005543732144211224	8	16	7	2	1004358105.2046663	1527911.338257564	0.34076975409698207	-1.4101190262820906	530
half_step_1	1.562284055041258	0.002771866072105612	4	6	6	1.5	1004358105.2046663	808040.4701299294	0.34076975409698207	-1.4101190262820906	530
half_step_2	1.5650559211133637	0.002771866072105612	1	0	0	0	1004358105.2046663	2815.156804233996	0	-1.5647387552847665	234
full_step	1.5678277871854693	0.027718660721056117	15	3	3	0.2	1004358105.2046663	5755820.465244947	0	-1.825135379581321	280
full_step	1.5678277871854693	0.013859330360528058	16	15	7	0.9375	1004358105.2046663	11126599.819739085	0	-1.825135379581321	280
full_step	1.5678277871854693	0.006929665180264029	12	0	0	0	1004358105.2046663	2198097.524299101	0	-1.825135379581321	280
full_step	1.5678277871854693	0.0034648325901320146	11	0	0	0	1004358105.2046663	201308.60304333176	0	-1.825135379581321	280
half_step_1	1.5678277871854693	0.0017324162950660073	2	0	0	0	1004358105.2046663	40330.76565077525	0	-1.825135379581321	280
half_step_2	1.5695602034805354	0.0017324162950660073	11	0	0	0	1004358105.2046663	64119.2089474542	0.07187786885151581	-1.5599403091976562	369
full_step	1.5712926197756014	0.017324162950660072	19	30	6	1.5789473684210527	1004358105.2046663	2736918.0520058163	0.3673130756797036	-1.482146480809633	561
full_step	1.5712926197756014	0.008662081475330036	14	29	9	2.0714285714285716	1004358105.2046663	2540502.833633374	0.3673130756797036	-1.482146480809633	561
full_step	1.5712926197756014	0.004331040737665018	15	17	8	1.1333333333333333	1004358105.2046663	434937.76252542395	0.3673130756797036	-1.482146480809633	561
full_step	1.5712926197756014	0.002165520368832509	11	0	0	0	1004358105.2046663	393087.9149586154	0.3673130756797036	-1.482146480809633	561
half_step_1	1.5712926197756014	0.0010827601844162545	11	0	0	0	1004358105.2046663	48798.97129100402	0.3673130756797036	-1.482146480809633	561
half_step_2	1.5723753799600177	0.0010827601844162545	3	0	0	0	1004358105.2046663	23815.32620966946	0.46359610050421907	-1.6719510344624409	373
full_step	1.5734581401444339	0.010827601844162545	16	14	6	0.875	1004358105.2046663	1383514.865684355	0.3048456106625963	-1.3784956256003584	413
full_step	1.5734581401444339	0.005413800922081272	15	4	4	0.26666666666666666	1004358105.2046663	483059.94750780705	0.3048456106625963	-1.3784956256003584	413
half_step_1	1.5734581401444339	0.002706900461040636	11	0	0	0	1004358105.2046663	157649.45379524922	0.3048456106625963	-1.3784956256003584	413
half_step_2	1.5761650406054746	0.002706900461040636	12	0	0	0	1004358105.2046663	133521.24619133584	0.2591171811436652	-1.2698753630415567	265
full_step	1.578871941066515	0.02706900461040636	12	9	9	0.75	1004358105.2046663	6513242.290396047	0	-1.7218812379432207	111
full_step	1.578871941066515	0.01353450230520318	12	4	4	0.3333333333333333	1004358105.2046663	1764650.1556448096	0	-1.7218812379432207	111
full_step	1.578871941066515	0.00676725115260159	10	0	0	0	1004358105.2046663	273778.2923619358	0	-1.7218812379432207	111
half_step_1	1.578871941066515	0.003383625576300795	3	12	9	4	1004358105.2046663	89757.7649717408	0	-1.7218812379432207	111
half_step_2	1.582255566642816	0.003383625576300795	3	10	10	3.3333333333333335	1004358105.2046663	78132.60498029625	0	-1.8631018983523546	205
full_step	1.5856391922191166	0.03383625576300795	10	0	0	0	1004358105.2046663	5863632.109100117	0	-1.8502036896703182	136
full_step	1.5856391922191166	0.016918127881503976	11	0	0	0	1004358105.2046663	1943713.34029743	0	-1.8502036896703182	136
full_step	1.5856391922191166	0.008459063940751988	10	0	0	0	1004358105.2046663	500250.1460126916	0	-1.8502036896703182	136
full_step	1.5856391922191166	0.004229531970375994	5	0	0	0	1004358105.2046663	163829.99828113883	0	-1.8502036896703182	136
half_step_1	1.5856391922191166	0.002114765985187997	1	7	7	7	1004358105.2046663	2815.156804233996	0	-1.8502036896703182	136
half_step_2	1.5877539582043045	0.002114765985187997	3	3	3	1	1004358105.2046663	112095.7409426668	0	-1.838437906695898	187
full_step	1.5898687241894927	0.02114765985187997	12	7	7	0.5833333333333334	1004358105.2046663	4785586.955064903	0.028967958452994935	-1.8316028540854146	322
half_step_1	1.5898687241894927	0.010573829925939984	10	0	0	0	1004358105.2046663	1260700.9274668524	0.028967958452994935	-1.8316028540854146	322
half_step_2	1.6004425541154326	0.010573829925939984	1	0	0	0	1004358105.2046663	2815.156804233996	0	0	0
full_step	1.5898687241894927	0.010573829925939984	11	0	0	0	1004358105.2046663	1237621.198132513	0.028967958452994935	-1.8316028540854146	322
half_step_1	1.5898687241894927	0.005286914962969992	9	0	0	0	1004358105.2046663	525557.7620681517	0.028967958452994935	-1.8316028540854146	322
half_step_2	1.5951556391524626	0.005286914962969992	5	17	13	3.4	1004358105.2046663	398696.8754510476	0	-1.7782998548315125	264
full_step	1.6004425541154326	0.02848521213868304	11	3	3	0.2727272727272727	1004358105.2046663	70865707.34623979	0	-1.869196572646739	448
full_step	1.6004425541154326	0.01424260606934152	8	0	0	0	1004358105.2046663	72681126.57221045	0	-1.869196572646739	448
half_step_1	1.6004425541154326	0.00712130303467076	8	0	0	0	1004358105.2046663	48173750.772656895	0	-1.869196572646739	448
half_step_2	1.6075638571501034	0.00712130303467076	1	0	0	0	1004358105.2046663	2815.156804233996	0	0	0
full_step	1.6004425541154326	0.00712130303467076	8	0	0	0	1004358105.2046663	49696656.6712218	0	-1.869196572646739	448
half_step_1	1.6004425541154326	0.00356065151733538	2	13	11	6.5	1004358105.2046663	131500.34159386423	0	-1.869196572646739	448
half_step_2	1.604003205632768	0.00356065151733538	2	8	8	4	1004358105.2046663	140592.40362012156	0	-1.820879561554766	408
full_step	1.6075638571501034	0.0356065151733538	10	3	3	0.3	1004358105.2046663	10663298.599407043	0	-1.7426937679830203	133
full_step	1.6075638571501034	0.0178032575866769	9	0	0	0	1004358105.2046663	3245181.3506349535	0	-1.7426937679830203	133
full_step	1.6075638571501034	0.00890162879333845	6	0	0	0	1004358105.2046663	2027780.4548658275	0	-1.7426937679830203	133
half_step_1	1.6075638571501034	0.004450814396669225	2	8	6	4	1004358105.2046663	200033.65945421476	0	-1.7426937679830203	133
half_step_2	1.6120146715467727	0.004450814396669225	3	13	10	4.333333333333333	1004358105.2046663	162084.04035543159	0	-1.8707922515690534	136
full_step	1.616465485943442	0.044508143966692254	8	0	0	0	1004358105.2046663	8775790.694346504	0	-1.8476543336227378	81
full_step	1.616465485943442	0.022254071983346127	7	0	0	0	1004358105.2046663	5636595.98209585	0	-1.8476543336227378	81
full_step	1.616465485943442	0.011127035991673064	5	0	0	0	1004358105.2046663	1955266.0311940764	0	-1.8476543336227378	81
full_step	1.616465485943442	0.005563517995836532	4	4	4	1	1004358105.2046663	331579.839582603	0	-1.8476543336227378	81
half_step_1	1.616465485943442	0.002781758997918266	2	8	8	4	1004358105.2046663	56409.983567680916	0	-1.8476543336227378	81
half_step_2	1.6192472449413602	0.002781758997918266	2	8	6	4	1004358105.2046663	157003.9918817039	0	-1.7549023102628205	350
full_step	1.6220290039392784	0.02781758997918266	13	0	0	0	1004358105.2046663	7374686.771352023	0.042581140231050085	-1.7482615572775706	562
full_step	1.6220290039392784	0.01390879498959133	14	6	6	0.42857142857142855	1004358105.2046663	3501970.967518761	0.042581140231050085	-1.7482615572775706	562
half_step_1	1.6220290039392784	0.006954397494795665	12	0	0	0	1004358105.2046663	769423.4928142691	0.042581140231050085	-1.7482615572775706	562
half_step_2	1.628983401434074	0.006954397494795665	9	0	0	0	1004358105.2046663	817784.3812658989	0	-1.5351099839686488	65
full_step	1.6359377989288697	0.02890962522549029	9	0	0	0	1004358105.2046663	10194951.836446794	0	-1.9199414845668021	89
full_step	1.6359377989288697	0.014454812612745145	10	0	0	0	1004358105.2046663	3643961.5332727577	0	-1.9199414845668021	89
full_step	1.6359377989288697	0.007227406306372573	8	0	0	0	1004358105.2046663	2236724.0098961378	0	-1.9199414845668021	89
full_step	1.6359377989288697	0.0036137031531862864	6	0	0	0	1004358105.2046663	1162627.8471281414	0	-1.9199414845668021	89
half_step_1	1.6359377989288697	0.0018068515765931432	1	9	9	9	1004358105.2046663	2815.156804233996	0	-1.9199414845668021	89
half_step_2	1.637744650505463	0.0018068515765931432	8	0	0	0	1004358105.2046663	104098.85319411547	0	-1.7125749674272566	309
full_step	1.639551502082056	0.018068515765931433	14	7	4	0.5	1004358105.2046663	3571764.0616075317	0	-1.5417245893207707	407
half_step_1	1.639551502082056	0.009034257882965717	9	0	0	0	1004358105.2046663	2805621.853617318	0	-1.5417245893207707	407
half_step_2	1.6485857599650215	0.009034257882965717	1	0	0	0	1004358105.2046663	2815.156804233996	0	0	0
full_step	1.639551502082056	0.009034257882965717	12	0	0	0	1004358105.2046663	1826649.684357182	0	-1.5417245893207707	407
half_step_1	1.639551502082056	0.004517128941482858	11	0	0	0	1004358105.2046663	229586.46446763174	0	-1.5417245893207707	407
half_step_2	1.6440686310235388	0.004517128941482858	1	0	0	0	1004358105.2046663	2815.156804233996	0	0	0
full_step	1.639551502082056	0.004517128941482858	10	0	0	0	1004358105.2046663	1537153.0695033767	0	-1.5417245893207707	407
half_step_1	1.639551502082056	0.002258564470741429	4	0	0	0	1004358105.2046663	75096.71110796418	0	-1.5417245893207707	407
half_step_2	1.6418100665527973	0.002258564470741429	3	10	10	3.3333333333333335	1004358105.2046663	46396.33982183614	0	-1.6211736226941829	300
full_step	1.6440686310235388	0.022585644707414292	8	0	0	0	1004358105.2046663	17432908.163502146	0	-1.6674526004072912	251
full_step	1.6440686310235388	0.011292822353707146	10	0	0	0	1004358105.2046663	17583936.381685294	0	-1.6674526004072912	251
full_step	1.6440686310235388	0.005646411176853573	8	2	2	0.25	1004358105.2046663	7560242.995738542	0	-1.6674526004072912	251
half_step_1	1.6440686310235388	0.0028232055884267865	2	10	10	5	1004358105.2046663	605505.9224392057	0	-1.6674526004072912	251
half_step_2	1.6468918366119656	0.0028232055884267865	3	3	3	1	1004358105.2046663	81888.67596138976	0	-1.7576895603887221	294
full_step	1.6497150422003923	0.028232055884267866	7	0	0	0	1004358105.2046663	6256038.317328989	0	-1.8133935669989893	161
full_step	1.6497150422003923	0.014116027942133933	8	0	0	0	1004358105.2046663	2079742.0221823922	0	-1.8133935669989893	161
full_step	1.6497150422003923	0.0070580139710669666	7	0	0	0	1004358105.2046663	438151.4706420932	0	-1.8133935669989893	161
half_step_1	1.6497150422003923	0.0035290069855334833	2	13	12	6.5	1004358105.2046663	105313.43584102903	0	-1.8133935669989893	161
half_step_2	1.6532440491859257	0.0035290069855334833	6	0	0	0	1004358105.2046663	136755.81263316167	0	-1.8129056167628284	144
full_step	1.6567730561714593	0.03529006985533483	7	0	0	0	1004358105.2046663	7261698.967318706	0	-1.929974054409285	75
full_step	1.6567730561714593	0.017645034927667416	6	0	0	0	1004358105.2046663	4750321.244556283	0	-1.929974054409285	75
half_step_1	1.6567730561714593	0.008822517463833708	1	7	7	7	1004358105.2046663	37226.172281327876	0	-1.929974054409285	75
half_step_2	1.665595573635293	0.008822517463833708	1	0	0	0	1004358105.2046663	2815.156804233996	0	0	0
full_step	1.6567730561714593	0.008822517463833708	3	0	0	0	1004358105.2046663	2403649.7275227346	0	-1.929974054409285	75
half_step_1	1.6567730561714593	0.004411258731916854	2	12	12	6	1004358105.2046663	140922.42345948314	0	-1.929974054409285	75
half_step_2	1.6611843149033763	0.004411258731916854	4	5	5	1.25	1004358105.2046663	188157.40499267683	0	-1.9673430218305008	60
full_step	1.665595573635293	0.04411258731916854	10	7	4	0.7	1004358105.2046663	44975100.096882194	0	-1.8708266942313287	245
full_step	1.665595573635293	0.02205629365958427	16	7	4	0.4375	1004358105.2046663	6744131.931155092	0	-1.8708266942313287	245
full_step	1.665595573635293	0.011028146829792135	15	5	5	0.3333333333333333	1004358105.2046663	1473587.6046717162	0	-1.8708266942313287	245
half_step_1	1.665595573635293	0.005514073414896068	8	3	3	0.375	1004358105.2046663	8642188.632627746	0	-1.8708266942313287	245
half_step_2	1.671109647050189	0.005514073414896068	1	0	0	0	1004358105.2046663	2815.156804233996	0	0	0
full_step	1.665595573635293	0.005514073414896068	10	6	3	0.6	1004358105.2046663	8381247.632926436	0	-1.8708266942313287	245
half_step_1	1.665595573635293	0.002757036707448034	9	0	0	0	1004358105.2046663	103871.93805043446	0	-1.8708266942313287	245
half_step_2	1.668352610342741	0.002757036707448034	1	0	0	0	1004358105.2046663	2815.156804233996	0	0	0
full_step	1.671109647050189	0.027570367074480337	14	5	5	0.35714285714285715	1004358105.2046663	21259204.609637618	0	-1.7639147907167287	431
full_step	1.671109647050189	0.013785183537240168	12	0	0	0	1004358105.2046663	9858656.470770914	0	-1.7639147907167287	431
full_step	1.671109647050189	0.006892591768620084	11	0	0	0	1004358105.2046663	5124518.679915042	0	-1.7639147907167287	431
full_step	1.671109647050189	0.003446295884310042	11	0	0	0	1004358105.2046663	645836.1364315498	0	-1.7639147907167287	431
half_step_1	1.671109647050189	0.001723147942155021	4	0	0	0	1004358105.2046663	740094.2213829814	0	-1.7639147907167287	431
half_step_2	1.672832794992344	0.001723147942155021	2	9	9	4.5	1004358105.2046663	33081.93157033021	0	-1.862604344960425	412
full_step	1.674555942934499	0.017231479421550212	10	6	6	0.6	1004358105.2046663	2434584.4761798996	0	-1.8822475444617184	307
full_step	1.674555942934499	0.008615739710775106	8	0	0	0	1004358105.2046663	1100256.3759751734	0	-1.8822475444617184	307
full_step	1.674555942934499	0.004307869855387553	2	2	2	1	1004358105.2046663	242452.54019482108	0	-1.8822475444617184	307
full_step	1.674555942934499	0.0021539349276937765	3	7	7	2.3333333333333335	1004358105.2046663	53499.36777649057	0	-1.8822475444617184	307
half_step_1	1.674555942934499	0.0010769674638468883	1	0	0	0	1004358105.2046663	2815.156804233996	0	-1.8822475444617184	307
half_step_2	1.6756329103983458	0.0010769674638468883	12	0	0	0	1004358105.2046663	634271.2868997304	0	-1.8554357570228093	419
full_step	1.6767098778621927	0.010769674638468882	14	4	4	0.2857142857142857	1004358105.2046663	10321581.212543981	0.039448965100746136	-1.5555647208377763	522
half_step_1	1.6767098778621927	0.005384837319234441	16	0	0	0	1004358105.2046663	492553.53540389636	0.039448965100746136	-1.5555647208377763	522
half_step_2	1.6820947151814272	0.005384837319234441	1	0	0	0	1004358105.2046663	2815.156804233996	0	0	0
full_step	1.6874795525006616	0.05384837319234441	1	0	0	0	1004358105.2046663	2815.156804233996	0	0	0
full_step	1.6874795525006616	0.026924186596172205	1	0	0	0	1004358105.2046663	2815.156804233996	0	0	0
full_step	1.6874795525006616	0.013462093298086102	1	0	0	0	1004358105.2046663	2815.156804233996	0	0	0
full_step	1.6874795525006616	0.006731046649043051	1	0	0	0	1004358105.2046663	2815.156804233996	0	0	0
full_step	1.6874795525006616	0.0033655233245215256	1	0	0	0	1004358105.2046663	2815.156804233996	0	0	0
full_step	1.6874795525006616	0.0016827616622607628	1	0	0	0	1004358105.2046663	2815.156804233996	0	0	0
half_step_1	1.6874795525006616	0.0008413808311303814	0	0	0	0	1004358105.2046663	2815.156804233996	0	0	0
half_step_2	1.688320933331792	0.0008413808311303814	0	0	0	0	1004358105.2046663	2815.156804233996	0	0	0
full_step	1.6891623141629224	0.008413808311303814	6	0	0	0	1004358105.2046663	6536101.279760317	0	-1.9776021789356169	17
full_step	1.6891623141629224	0.004206904155651907	6	0	0	0	1004358105.2046663	4636690.151574897	0	-1.9776021789356169	17
half_step_1	1.6891623141629224	0.0021034520778259536	2	0	0	0	1004358105.2046663	3078774.8493334563	0	-1.9776021789356169	17
half_step_2	1.6912657662407484	0.0021034520778259536	13	0	0	0	1004358105.2046663	86618.2360175935	0	-1.8491670070531692	397
full_step	1.6933692183185742	0.021034520778259534	10	0	0	0	1004358105.2046663	5393752.932063359	0	-1.8662432416193562	374
full_step	1.6933692183185742	0.010517260389129767	9	0	0	0	1004358105.2046663	1769282.73046899	0	-1.8662432416193562	374
half_step_1	1.6933692183185742	0.0052586301945648836	4	0	0	0	1004358105.2046663	4388295.640139958	0	-1.8662432416193562	374
half_step_2	1.6986278485131392	0.0052586301945648836	1	0	0	0	1004358105.2046663	2815.156804233996	0	0	0
full_step	1.6933692183185742	0.0052586301945648836	8	0	0	0	1004358105.2046663	855947.239303301	0	-1.8662432416193562	374
half_step_1	1.6933692183185742	0.0026293150972824418	2	6	4	3	1004358105.2046663	53659.816221220855	0	-1.8662432416193562	374
half_step_2	1.6959985334158567	0.0026293150972824418	6	3	3	0.5	1004358105.2046663	5177539.068072089	0	-1.8876900621458184	343
full_step	1.6986278485131392	0.02629315097282442	7	0	0	0	1004358105.2046663	6882025.625782509	0	-1.8903391777550933	95
full_step	1.6986278485131392	0.01314657548641221	6	0	0	0	1004358105.2046663	3358269.5789656513	0	-1.8903391777550933	95
full_step	1.6986278485131392	0.006573287743206105	5	0	0	0	1004358105.2046663	3695294.821258284	0	-1.8903391777550933	95
half_step_1	1.6986278485131392	0.0032866438716030524	2	5	5	2.5	1004358105.2046663	48082.292864976494	0	-1.8903391777550933	95
half_step_2	1.7019144923847422	0.0032866438716030524	5	0	0	0	1004358105.2046663	2230337.1054435074	0	-1.9471685827977223	31
full_step	1.7052011362563453	0.032866438716030524	1	0	0	0	1004358105.2046663	2815.156804233996	0	0	0
full_step	1.7052011362563453	0.016433219358015262	1	0	0	0	1004358105.2046663	2815.156804233996	0	0	0
full_step	1.7052011362563453	0.008216609679007631	1	0	0	0	1004358105.2046663	2815.156804233996	0	0	0
full_step	1.7052011362563453	0.0041083048395038155	1	0	0	0	1004358105.2046663	2815.156804233996	0	0	0
half_step_1	1.7052011362563453	0.0020541524197519078	0	0	0	0	1004358105.2046663	2815.156804233996	0	0	0
half_step_2	1.7072552886760972	0.0020541524197519078	0	0	0	0	1004358105.2046663	2815.156804233996	0	0	0
full_step	1.7093094410958491	0.020541524197519076	15	3	3	0.2	1004358105.2046663	10227416.074867517	0	-1.7580064934083517	187
full_step	1.7093094410958491	0.010270762098759538	17	6	3	0.35294117647058826	1004358105.2046663	3946347.6075287634	0	-1.7580064934083517	187
full_step	1.7093094410958491	0.005135381049379769	18	4	4	0.2222222222222222	1004358105.2046663	1668324.8770615924	0	-1.7580064934083517	187
full_step	1.7093094410958491	0.0025676905246898845	16	3	3	0.1875	1004358105.2046663	432888.69431185955	0	-1.7580064934083517	187
half_step_1	1.7093094410958491	0.0012838452623449422	2	0	0	0	1004358105.2046663	45733.50432362577	0	-1.7580064934083517	187
half_step_2	1.710593286358194	0.0012838452623449422	2	4	4	2	1004358105.2046663	19711.58962984904	0	-1.8913946880584547	304
full_step	1.711877131620539	0.012838452623449422	10	0	0	0	1004358105.2046663	7839960.8552853605	0	-1.8636830723796687	250
full_step	1.711877131620539	0.006419226311724711	11	8	8	0.7272727272727273	1004358105.2046663	2451675.560013108	0	-1.8636830723796687	250
full_step	1.711877131620539	0.0032096131558623556	10	0	0	0	1004358105.2046663	543200.1542345711	0	-1.8636830723796687	250
full_step	1.711877131620539	0.0016048065779311778	10	0	0	0	1004358105.2046663	49390.02263491425	0	-1.8636830723796687	250
half_step_1	1.711877131620539	0.0008024032889655889	1	3	3	3	1004358105.2046663	2815.156804233996	0	-1.8636830723796687	250
half_step_2	1.7126795349095045	0.0008024032889655889	14	0	0	0	1004358105.2046663	211350.09985014048	0	-1.7491705922341918	607
full_step	1.7134819381984703	0.00802403288965589	15	2	2	0.13333333333333333	1004358105.2046663	1033364.4594799301	0.20290409322478808	-1.6307503936332528	662
half_step_1	1.7134819381984703	0.004012016444827945	11	0	0	0	1004358105.2046663	811327.6389482644	0.20290409322478808	-1.6307503936332528	662
half_step_2	1.7174939546432981	0.004012016444827945	9	0	0	0	1004358105.2046663	796653.4339281638	0	-1.6949366940271504	111
full_step	1.7215059710881262	0.021096277010933674	1	0	0	0	1004358105.2046663	2815.156804233996	0	0	0
full_step	1.7215059710881262	0.010548138505466837	1	0	0	0	1004358105.2046663	2815.156804233996	0	0	0
full_step	1.7215059710881262	0.0052740692527334185	1	0	0	0	1004358105.2046663	2815.156804233996	0	0	0
half_step_1	1.7215059710881262	0.0026370346263667093	0	0	0	0	1004358105.2046663	2815.156804233996	0	0	0
half_step_2	1.7241430057144929	0.0026370346263667093	0	0	0	0	1004358105.2046663	2815.156804233996	0	0	0
full_step	1.7267800403408595	0.02637034626366709	1	0	0	0	1004358105.2046663	2815.156804233996	0	0	0
full_step	1.7267800403408595	0.013185173131833546	1	0	0	0	1004358105.2046663	2815.156804233996	0	0	0
full_step	1.7267800403408595	0.006592586565916773	1	0	0	0	1004358105.2046663	2815.156804233996	0	0	0
half_step_1	1.7267800403408595	0.0032962932829583864	0	0	0	0	1004358105.2046663	2815.156804233996	0	0	0
half_step_2	1.7300763336238179	0.0032962932829583864	0	0	0	0	1004358105.2046663	2815.156804233996	0	0	0
full_step	1.7333726269067764	0.03296293282958386	1	0	0	0	1004358105.2046663	2815.156804233996	0	0	0
full_step	1.7333726269067764	0.01648146641479193	1	0	0	0	1004358105.2046663	2815.156804233996	0	0	0
full_step	1.7333726269067764	0.008240733207395965	1	0	0	0	1004358105.2046663	2815.156804233996	0	0	0
full_step	1.7333726269067764	0.0041203666036979825	1	0	0	0	1004358105.2046663	2815.156804233996	0	0	0
full_step	1.7333726269067764	0.0020601833018489913	1	0	0	0	1004358105.2046663	2815.156804233996	0	0	0
half_step_1	1.7333726269067764	0.0010300916509244956	0	0	0	0	1004358105.2046663	2815.156804233996	0	0	0
half_step_2	1.734402718557701	0.0010300916509244956	0	0	0	0	1004358105.2046663	2815.156804233996	0	0	0
full_step	1.7354328102086254	0.010300916509244955	9	0	0	0	1004358105.2046663	35192516.216843374	0	-1.9768829701620523	39
full_step	1.7354328102086254	0.005150458254622478	8	0	0	0	1004358105.2046663	28518638.729183137	0	-1.9768829701620523	39
half_step_1	1.7354328102086254	0.002575229127311239	7	0	0	0	1004358105.2046663	27363834.684162904	0	-1.9768829701620523	39
half_step_2	1.7380080393359367	0.002575229127311239	9	7	7	0.7777777777777778	1004358105.2046663	232516.19264958776	0	-1.8530939103758983	185
full_step	1.7405832684632478	0.02575229127311239	4	0	0	0	1004358105.2046663	5583465.475611356	0	-1.9484329427137328	16
full_step	1.7405832684632478	0.012876145636556195	3	0	0	0	1004358105.2046663	5985589.412809901	0	-1.9484329427137328	16
full_step	1.7405832684632478	0.006438072818278098	4	7	7	1.75	1004358105.2046663	824130.958951072	0	-1.9484329427137328	16
full_step	1.7405832684632478	0.003219036409139049	4	7	7	1.75	1004358105.2046663	36844.928501868264	0	-1.9484329427137328	16
half_step_1	1.7405832684632478	0.0016095182045695244	1	0	0	0	1004358105.2046663	2815.156804233996	0	-1.9484329427137328	16
half_step_2	1.7421927866678173	0.0016095182045695244	1	2	2	2	1004358105.2046663	2815.156804233996	0	-1.9860963801139642	18
full_step	1.743802304872387	0.016095182045695246	10	0	0	0	1004358105.2046663	16858261.710622877	0	-1.929938035745281	69
full_step	1.743802304872387	0.008047591022847623	8	0	0	0	1004358105.2046663	14474971.410391416	0	-1.929938035745281	69
full_step	1.743802304872387	0.0040237955114238114	9	0	0	0	1004358105.2046663	3620118.0670206873	0	-1.929938035745281	69
full_step	1.743802304872387	0.0020118977557119057	7	0	0	0	1004358105.2046663	7339367.385264838	0	-1.929938035745281	69
full_step	1.743802304872387	0.0010059488778559529	2	2	2	1	1004358105.2046663	13140.042986800465	0	-1.929938035745281	69
half_step_1	1.743802304872387	0.0005029744389279764	1	0	0	0	1004358105.2046663	2815.156804233996	0	-1.929938035745281	69
half_step_2	1.744305279311315	0.0005029744389279764	12	0	0	0	1004358105.2046663	20226.827425343825	0	-1.885939362188634	379
full_step	1.744808253750243	0.005029744389279764	14	15	7	1.0714285714285714	1004358105.2046663	3928992.963838075	0.5503824677070952	-1.6846921222458	592
full_step	1.744808253750243	0.002514872194639882	13	0	0	0	1004358105.2046663	3223011.158041771	0.5503824677070952	-1.6846921222458	592
half_step_1	1.744808253750243	0.001257436097319941	13	0	0	0	1004358105.2046663	97937.17108351453	0.5503824677070952	-1.6846921222458	592
half_step_2	1.7460656898475628	0.001257436097319941	8	0	0	0	1004358105.2046663	48483.4657094958	0	-1.5882026516397245	603
full_step	1.747323125944883	0.010349257102690619	13	7	4	0.5384615384615384	1004358105.2046663	1348606.4088836745	0	-1.672207853028253	331
half_step_1	1.747323125944883	0.005174628551345309	9	0	0	0	1004358105.2046663	584030.4361694201	0	-1.672207853028253	331
half_step_2	1.7524977544962281	0.005174628551345309	1	0	0	0	1004358105.2046663	2815.156804233996	0	0	0
full_step	1.7576723830475736	0.051746285513453096	9	0	0	0	1004358105.2046663	7119595.846227275	0	-1.8759248940245177	77
full_step	1.7576723830475736	0.025873142756726548	10	0	0	0	1004358105.2046663	4104852.000678117	0	-1.8759248940245177	77
full_step	1.7576723830475736	0.012936571378363274	11	0	0	0	1004358105.2046663	1008626.6013189541	0	-1.8759248940245177	77
full_step	1.7576723830475736	0.006468285689181637	13	3	3	0.23076923076923078	1004358105.2046663	384536.3492286741	0	-1.8759248940245177	77
full_step	1.7576723830475736	0.0032341428445908185	12	2	2	0.16666666666666666	1004358105.2046663	204159.89118155316	0	-1.8759248940245177	77
half_step_1	1.7576723830475736	0.0016170714222954092	2	3	3	1.5	1004358105.2046663	28594.075654084445	0	-1.8759248940245177	77
half_step_2	1.759289454469869	0.0016170714222954092	3	13	11	4.333333333333333	1004358105.2046663	132353.30672116732	0	-1.906932398829343	121
full_step	1.7609065258921643	0.016170714222954092	9	0	0	0	1004358105.2046663	2662199.407895713	0	-1.915937432723151	142
full_step	1.7609065258921643	0.008085357111477046	9	0	0	0	1004358105.2046663	800135.7621045898	0	-1.915937432723151	142
full_step	1.7609065258921643	0.004042678555738523	10	0	0	0	1004358105.2046663	177848.30508870035	0	-1.915937432723151	142
full_step	1.7609065258921643	0.0020213392778692615	4	0	0	0	1004358105.2046663	436199.98495685105	0	-1.915937432723151	142
half_step_1	1.7609065258921643	0.0010106696389346307	1	3	3	3	1004358105.2046663	2815.156804233996	0	-1.915937432723151	142
half_step_2	1.761917195531099	0.0010106696389346307	9	0	0	0	1004358105.2046663	551414.0604087131	0	-1.812637269167711	326
full_step	1.7629278651700335	0.010106696389346307	15	0	0	0	1004358105.2046663	7814060.060469606	0	-1.7445843743694462	353
full_step	1.7629278651700335	0.0050533481946731535	13	0	0	0	1004358105.2046663	1645293.5655218363	0	-1.7445843743694462	353
half_step_1	1.7629278651700335	0.0025266740973365768	9	0	0	0	1004358105.2046663	116958.7299792938	0	-1.7445843743694462	353
half_step_2	1.7654545392673702	0.0025266740973365768	1	0	0	0	1004358105.2046663	2815.156804233996	0	0	0
full_step	1.7679812133647066	0.025266740973365766	10	0	0	0	1004358105.2046663	13942443.896485195	0	-1.8758849455025506	115
full_step	1.7679812133647066	0.012633370486682883	10	0	0	0	1004358105.2046663	11173463.115022197	0	-1.8758849455025506	115
full_step	1.7679812133647066	0.0063166852433414414	10	0	0	0	1004358105.2046663	13891258.92637249	0	-1.8758849455025506	115
half_step_1	1.7679812133647066	0.0031583426216707207	6	0	0	0	1004358105.2046663	6615620.163851665	0	-1.8758849455025506	115
half_step_2	1.7711395559863774	0.0031583426216707207	1	0	0	0	1004358105.2046663	2815.156804233996	0	0	0
full_step	1.774297898608048	0.031583426216707206	1	0	0	0	1004358105.2046663	2815.156804233996	0	0	0
full_step	1.774297898608048	0.015791713108353603	1	0	0	0	1004358105.2046663	2815.156804233996	0	0	0
full_step	1.774297898608048	0.007895856554176801	1	0	0	0	1004358105.2046663	2815.156804233996	0	0	0
full_step	1.774297898608048	0.003947928277088401	1	0	0	0	1004358105.2046663	2815.156804233996	0	0	0
full_step	1.774297898608048	0.0019739641385442003	1	0	0	0	1004358105.2046663	2815.156804233996	0	0	0
full_step	1.774297898608048	0.0009869820692721002	1	0	0	0	1004358105.2046663	2815.156804233996	0	0	0
half_step_1	1.774297898608048	0.0004934910346360501	0	0	0	0	1004358105.2046663	2815.156804233996	0	0	0
half_step_2	1.7747913896426841	0.0004934910346360501	0	0	0	0	1004358105.2046663	2815.156804233996	0	0	0
full_step	1.77528488067732	0.004934910346360501	14	3	3	0.21428571428571427	1004358105.2046663	6253652.164693496	0	-1.8074648345837117	123
half_step_1	1.77528488067732	0.0024674551731802504	13	0	0	0	1004358105.2046663	5574720.675866029	0	-1.8074648345837117	123
half_step_2	1.7777523358505003	0.0024674551731802504	1	0	0	0	1004358105.2046663	2815.156804233996	0	0	0
full_step	1.7802197910236806	0.024674551731802503	1	0	0	0	1004358105.2046663	2815.156804233996	0	0	0
full_step	1.7802197910236806	0.012337275865901252	1	0	0	0	1004358105.2046663	2815.156804233996	0	0	0
full_step	1.7802197910236806	0.006168637932950626	1	0	0	0	1004358105.2046663	2815.156804233996	0	0	0
half_step_1	1.7802197910236806	0.003084318966475313	0	0	0	0	1004358105.2046663	2815.156804233996	0	0	0
half_step_2	1.7833041099901559	0.003084318966475313	9	0	0	0	1004358105.2046663	534285.6129872951	0	-1.9313068994438456	55
full_step	1.7863884289566312	0.030843189664753128	1	0	0	0	1004358105.2046663	2815.156804233996	0	0	0
full_step	1.7863884289566312	0.015421594832376564	1	0	0	0	1004358105.2046663	2815.156804233996	0	0	0
full_step	1.7863884289566312	0.007710797416188282	1	0	0	0	1004358105.2046663	2815.156804233996	0	0	0
full_step	1.7863884289566312	0.003855398708094141	1	0	0	0	1004358105.2046663	2815.156804233996	0	0	0
half_step_1	1.7863884289566312	0.0019276993540470705	0	0	0	0	1004358105.2046663	2815.156804233996	0	0	0
half_step_2	1.7883161283106783	0.0019276993540470705	0	0	0	0	1004358105.2046663	2815.156804233996	0	0	0
full_step	1.7902438276647252	0.019276993540470706	1	0	0	0	1004358105.2046663	2815.156804233996	0	0	0
full_step	1.7902438276647252	0.009638496770235353	1	0	0	0	1004358105.2046663	2815.156804233996	0	0	0
full_step	1.7902438276647252	0.004819248385117676	1	0	0	0	1004358105.2046663	2815.156804233996	0	0	0
full_step	1.7902438276647252	0.002409624192558838	1	0	0	0	1004358105.2046663	2815.156804233996	0	0	0
half_step_1	1.7902438276647252	0.001204812096279419	0	0	0	0	1004358105.2046663	2815.156804233996	0	0	0
half_step_2	1.7914486397610045	0.001204812096279419	0	0	0	0	1004358105.2046663	2815.156804233996	0	0	0
full_step	1.792653451857284	0.01204812096279419	1	0	0	0	1004358105.2046663	2815.156804233996	0	0	0
full_step	1.792653451857284	0.006024060481397095	1	0	0	0	1004358105.2046663	2815.156804233996	0	0	0
full_step	1.792653451857284	0.0030120302406985476	1	0	0	0	1004358105.2046663	2815.156804233996	0	0	0
full_step	1.792653451857284	0.0015060151203492738	1	0	0	0	1004358105.2046663	2815.156804233996	0	0	0
half_step_1	1.792653451857284	0.0007530075601746369	0	0	0	0	1004358105.2046663	2815.156804233996	0	0	0
half_step_2	1.7934064594174588	0.0007530075601746369	0	0	0	0	1004358105.2046663	2815.156804233996	0	0	0
full_step	1.7941594669776333	0.007530075601746369	19	5	5	0.2631578947368421	1004358105.2046663	1501167.1240365102	0	-1.7114184357334725	872
full_step	1.7941594669776333	0.0037650378008731843	19	0	0	0	1004358105.2046663	555413.8914433224	0	-1.7114184357334725	872
half_step_1	1.7941594669776333	0.0018825189004365922	15	0	0	0	1004358105.2046663	216574.35264977778	0	-1.7114184357334725	872
half_step_2	1.7960419858780698	0.0018825189004365922	1	0	0	0	1004358105.2046663	2815.156804233996	0	-1.964682671230009	131
full_step	1.7979245047785064	0.018825189004365923	1	0	0	0	1004358105.2046663	2815.156804233996	0	0	0
full_step	1.7979245047785064	0.009412594502182962	1	0	0	0	1004358105.2046663	2815.156804233996	0	0	0
full_step	1.7979245047785064	0.004706297251091481	1	0	0	0	1004358105.2046663	2815.156804233996	0	0	0
full_step	1.7979245047785064	0.0023531486255457404	1	0	0	0	1004358105.2046663	2815.156804233996	0	0	0
half_step_1	1.7979245047785064	0.0011765743127728702	0	0	0	0	1004358105.2046663	2815.156804233996	0	0	0
half_step_2	1.7991010790912794	0.0011765743127728702	0	0	0	0	1004358105.2046663	2815.156804233996	0	0	0
full_step	1.800277653404052	0.011765743127728701	15	0	0	0	1004358105.2046663	10122602.282942668	0	-1.8411059914020782	204
full_step	1.800277653404052	0.005882871563864351	16	0	0	0	1004358105.2046663	6376993.039958263	0	-1.8411059914020782	204
full_step	1.800277653404052	0.0029414357819321753	16	0	0	0	1004358105.2046663	4823057.97965976	0	-1.8411059914020782	204
full_step	1.800277653404052	0.0014707178909660877	13	0	0	0	1337994522.4866247	2860702.2128926893	0	-1.8411059914020782	204
full_step	1.800277653404052	0.0007353589454830438	10	0	0	0	1337994522.4866247	1214011.5007370226	0	-1.8411059914020782	204
half_step_1	1.800277653404052	0.0003676794727415219	2	3	3	1.5	1337994522.4866247	4758.0419135640095	0	-1.8411059914020782	204
half_step_2	1.8006453328767935	0.0003676794727415219	11	0	0	0	1337994522.4866247	307356.2234055549	0.6759186797571601	-1.643419847052461	562
full_step	1.8010130123495351	0.003676794727415219	13	13	7	1	1337994522.4866247	1587709.950669586	0.9108070861402666	-1.6244382516332343	395
half_step_1	1.8010130123495351	0.0018383973637076095	11	12	7	1.0909090909090908	1337994522.4866247	1655569.0507911874	0.9108070861402666	-1.6244382516332343	395
half_step_2	1.8028514097132426	0.0018383973637076095	12	0	0	0	1337994522.4866247	83273.45070069168	0	-1.6894143387730125	178
full_step	1.8046898070769504	0.018383973637076095	11	5	5	0.45454545454545453	1337994522.4866247	1842251.7344224914	0	-1.6643639041257658	180
full_step	1.8046898070769504	0.009191986818538047	10	3	3	0.3	1337994522.4866247	6845047.651995235	0	-1.6643639041257658	180
half_step_1	1.8046898070769504	0.004595993409269024	10	0	0	0	1337994522.4866247	2004822.4710686975	0	-1.6643639041257658	180
half_step_2	1.8092858004862193	0.004595993409269024	1	0	0	0	1337994522.4866247	2815.156804233996	0	0	0
full_step	1.8138817938954883	0.04595993409269024	1	0	0	0	1337994522.4866247	2815.156804233996	0	0	0
full_step	1.8138817938954883	0.02297996704634512	1	0	0	0	1337994522.4866247	2815.156804233996	0	0	0
full_step	1.8138817938954883	0.01148998352317256	1	0	0	0	1337994522.4866247	2815.156804233996	0	0	0
full_step	1.8138817938954883	0.00574499176158628	1	0	0	0	1337994522.4866247	2815.156804233996	0	0	0
half_step_1	1.8138817938954883	0.00287249588079314	0	0	0	0	1337994522.4866247	2815.156804233996	0	0	0
half_step_2	1.8167542897762814	0.00287249588079314	0	0	0	0	1337994522.4866247	2815.156804233996	0	0	0
full_step	1.8196267856570747	0.028724958807931397	17	15	10	0.8823529411764706	1337994522.4866247	4375992.895816668	0.7875280815351289	-1.620664131308833	498
full_step	1.8196267856570747	0.014362479403965699	17	18	6	1.0588235294117647	1337994522.4866247	3807287.0704761962	0.7875280815351289	-1.620664131308833	498
full_step	1.8196267856570747	0.007181239701982849	16	11	4	0.6875	1337994522.4866247	1812803.342675124	0.7875280815351289	-1.620664131308833	498
full_step	1.8196267856570747	0.0035906198509914247	17	11	8	0.6470588235294118	1337994522.4866247	1523787.7807760278	0.7875280815351289	-1.620664131308833	498
half_step_1	1.8196267856570747	0.0017953099254957123	12	6	6	0.5	1337994522.4866247	1462130.2549975293	0.7875280815351289	-1.620664131308833	498
half_step_2	1.8214220955825704	0.0017953099254957123	1	0	0	0	1337994522.4866247	2815.156804233996	0	-1.7313113221100236	204
full_step	1.823217405508066	0.017953099254957125	7	0	0	0	1337994522.4866247	16492847.292963102	0	-1.9853382068062682	49
full_step	1.823217405508066	0.008976549627478562	5	0	0	0	1337994522.4866247	6487761.769831421	0	-1.9853382068062682	49
full_step	1.823217405508066	0.004488274813739281	5	0	0	0	1337994522.4866247	6131148.815240313	0	-1.9853382068062682	49
full_step	1.823217405508066	0.0022441374068696406	3	10	10	3.3333333333333335	1337994522.4866247	575129.3839497245	0	-1.9853382068062682	49
full_step	1.823217405508066	0.0011220687034348203	1	0	0	0	1337994522.4866247	2815.156804233996	0	-1.9853382068062682	49
half_step_1	1.823217405508066	0.0005610343517174102	0	0	0	0	1337994522.4866247	2815.156804233996	0	-1.9853382068062682	49
half_step_2	1.8237784398597836	0.0005610343517174102	0	0	0	0	1337994522.4866247	2815.156804233996	0	-1.9676004080235185	77
full_step	1.8243394742115009	0.0056103435171741016	12	0	0	0	1337994522.4866247	1698590.6534511473	0	-1.6323155766927098	172
full_step	1.8243394742115009	0.0028051717585870508	14	0	0	0	1337994522.4866247	280411.3554852409	0	-1.6323155766927098	172
half_step_1	1.8243394742115009	0.0014025858792935254	8	0	0	0	1337994522.4866247	105897.52253239404	0	-1.6323155766927098	172
half_step_2	1.8257420600907943	0.0014025858792935254	10	0	0	0	1337994522.4866247	88956.6540770644	0	-1.683673420596712	285
full_step	1.827144645970088	0.014025858792935254	11	0	0	0	1337994522.4866247	3589979.1203466393	0	-1.742503703612175	273
full_step	1.827144645970088	0.007012929396467627	13	0	0	0	1337994522.4866247	1001111.7213884717	0	-1.742503703612175	273
half_step_1	1.827144645970088	0.0035064646982338136	12	0	0	0	1337994522.4866247	240173.669852393	0	-1.742503703612175	273
half_step_2	1.8306511106683219	0.0035064646982338136	8	0	0	0	1337994522.4866247	1288358.131040461	0	-1.8745555507744422	195
full_step	1.8341575753665555	0.03506464698233813	1	0	0	0	1337994522.4866247	2815.156804233996	0	0	0
full_step	1.8341575753665555	0.017532323491169066	1	0	0	0	1337994522.4866247	2815.156804233996	0	0	0
full_step	1.8341575753665555	0.008766161745584533	1	0	0	0	1337994522.4866247	2815.156804233996	0	0	0
full_step	1.8341575753665555	0.0043830808727922665	1	0	0	0	1337994522.4866247	2815.156804233996	0	0	0
full_step	1.8341575753665555	0.0021915404363961333	1	0	0	0	1337994522.4866247	2815.156804233996	0	0	0
half_step_1	1.8341575753665555	0.0010957702181980666	0	0	0	0	1337994522.4866247	2815.156804233996	0	0	0
half_step_2	1.8352533455847535	0.0010957702181980666	0	0	0	0	1337994522.4866247	2815.156804233996	0	0	0
full_step	1.8363491158029517	0.010957702181980666	1	0	0	0	1337994522.4866247	2815.156804233996	0	0	0
full_step	1.8363491158029517	0.005478851090990333	1	0	0	0	1337994522.4866247	2815.156804233996	0	0	0
full_step	1.8363491158029517	0.0027394255454951666	1	0	0	0	1337994522.4866247	2815.156804233996	0	0	0
full_step	1.8363491158029517	0.0013697127727475833	1	0	0	0	1337994522.4866247	2815.156804233996	0	0	0
half_step_1	1.8363491158029517	0.0006848563863737916	0	0	0	0	1337994522.4866247	2815.156804233996	0	0	0
half_step_2	1.8370339721893254	0.0006848563863737916	0	0	0	0	1337994522.4866247	2815.156804233996	0	0	0
full_step	1.8377188285756993	0.0068485638637379165	15	9	6	0.6	1337994522.4866247	6853289.119335813	0	-1.961501264371448	197
half_step_1	1.8377188285756993	0.0034242819318689582	11	3	3	0.2727272727272727	1337994522.4866247	2917436.8716974976	0	-1.961501264371448	197
half_step_2	1.8411431105075684	0.0034242819318689582	1	0	0	0	1337994522.4866247	2815.156804233996	0	0	0
full_step	1.8445673924394372	0.03424281931868958	12	0	0	0	1337994522.4866247	20007104.27230233	0.044585666350030806	-1.5319678858111156	246
full_step	1.8445673924394372	0.01712140965934479	14	5	3	0.35714285714285715	1337994522.4866247	20635742.97531139	0.044585666350030806	-1.5319678858111156	246
full_step	1.8445673924394372	0.008560704829672396	15	0	0	0	1337994522.4866247	16438559.112761872	0.044585666350030806	-1.5319678858111156	246
half_step_1	1.8445673924394372	0.004280352414836198	10	0	0	0	1337994522.4866247	199688.8272619683	0.044585666350030806	-1.5319678858111156	246
half_step_2	1.8488477448542735	0.004280352414836198	1	0	0	0	1337994522.4866247	2815.156804233996	0	0	0
full_step	1.8445673924394372	0.004280352414836198	11	3	3	0.2727272727272727	1337994522.4866247	8814633.045996692	0.044585666350030806	-1.5319678858111156	246
half_step_1	1.8445673924394372	0.002140176207418099	10	0	0	0	1337994522.4866247	73156.90233494612	0.044585666350030806	-1.5319678858111156	246
half_step_2	1.8467075686468553	0.002140176207418099	1	2	2	2	1337994522.4866247	2815.156804233996	0	-1.9841323016689776	29
full_step	1.8488477448542735	0.02140176207418099	1	0	0	0	1337994522.4866247	2815.156804233996	0	0	0
full_step	1.8488477448542735	0.010700881037090494	1	0	0	0	1337994522.4866247	2815.156804233996	0	0	0
full_step	1.8488477448542735	0.005350440518545247	1	0	0	0	1337994522.4866247	2815.156804233996	0	0	0
full_step	1.8488477448542735	0.0026752202592726236	1	0	0	0	1337994522.4866247	2815.156804233996	0	0	0
half_step_1	1.8488477448542735	0.0013376101296363118	0	0	0	0	1337994522.4866247	2815.156804233996	0	0	0
half_step_2	1.8501853549839098	0.0013376101296363118	3	0	0	0	1337994522.4866247	14619.972223659397	0	-1.9131166532658823	52
full_step	1.851522965113546	0.013376101296363118	15	9	6	0.6	1337994522.4866247	16810252.86520435	0.2567743359832093	-1.6201113184295441	947
half_step_1	1.851522965113546	0.006688050648181559	13	21	10	1.6153846153846154	1337994522.4866247	12709380.523681767	0.2567743359832093	-1.6201113184295441	947
half_step_2	1.8582110157617275	0.006688050648181559	1	0	0	0	1337994522.4866247	2815.156804233996	0	0	0
full_step	1.851522965113546	0.006688050648181559	17	22	9	1.2941176470588236	1337994522.4866247	7504472.875792048	0.2567743359832093	-1.6201113184295441	947
half_step_1	1.851522965113546	0.0033440253240907794	10	19	8	1.9	1337994522.4866247	19442909.352163427	0.2567743359832093	-1.6201113184295441	947
half_step_2	1.854866990437637	0.0033440253240907794	3	7	7	2.3333333333333335	1337994522.4866247	54905.501124704664	0	-1.9014625465535637	65
full_step	1.8582110157617275	0.0334402532409078	10	2	2	0.2	1337994522.4866247	4849512.924804344	0	-1.7940909368620368	124
full_step	1.8582110157617275	0.0167201266204539	11	3	3	0.2727272727272727	1337994522.4866247	2497416.5734938807	0	-1.7940909368620368	124
full_step	1.8582110157617275	0.00836006331022695	12	0	0	0	1337994522.4866247	683114.0896274577	0	-1.7940909368620368	124
half_step_1	1.8582110157617275	0.004180031655113475	7	0	0	0	1337994522.4866247	366799.0071376108	0	-1.7940909368620368	124
half_step_2	1.862391047416841	0.004180031655113475	1	0	0	0	1337994522.4866247	2815.156804233996	0	0	0
full_step	1.8665710790719545	0.041800316551134746	11	2	2	0.18181818181818182	1337994522.4866247	15320546.52872977	0	-1.8782781157703603	182
full_step	1.8665710790719545	0.020900158275567373	11	0	0	0	1337994522.4866247	5120017.87737358	0	-1.8782781157703603	182
full_step	1.8665710790719545	0.010450079137783687	11	0	0	0	1337994522.4866247	1472332.3893454366	0	-1.8782781157703603	182
half_step_1	1.8665710790719545	0.005225039568891843	10	0	0	0	1337994522.4866247	272199.4015894299	0	-1.8782781157703603	182
half_step_2	1.8717961186408463	0.005225039568891843	13	17	7	1.3076923076923077	1337994522.4866247	1246199.3519894884	0.029825310113665182	-1.7348151688842022	389
full_step	1.8770211582097382	0.052250395688918434	1	0	0	0	1337994522.4866247	2815.156804233996	0	0	0
full_step	1.8770211582097382	0.026125197844459217	1	0	0	0	1337994522.4866247	2815.156804233996	0	0	0
full_step	1.8770211582097382	0.013062598922229609	1	0	0	0	1337994522.4866247	2815.156804233996	0	0	0
full_step	1.8770211582097382	0.006531299461114804	1	0	0	0	1337994522.4866247	2815.156804233996	0	0	0
full_step	1.8770211582097382	0.003265649730557402	1	0	0	0	1337994522.4866247	2815.156804233996	0	0	0
half_step_1	1.8770211582097382	0.001632824865278701	0	0	0	0	1337994522.4866247	2815.156804233996	0	0	0
half_step_2	1.8786539830750169	0.001632824865278701	0	0	0	0	1337994522.4866247	2815.156804233996	0	0	0
full_step	1.8802868079402957	0.016328248652787012	1	0	0	0	1337994522.4866247	2815.156804233996	0	0	0
full_step	1.8802868079402957	0.008164124326393506	1	0	0	0	1337994522.4866247	2815.156804233996	0	0	0
full_step	1.8802868079402957	0.004082062163196753	1	0	0	0	1337994522.4866247	2815.156804233996	0	0	0
full_step	1.8802868079402957	0.0020410310815983765	1	0	0	0	1337994522.4866247	2815.156804233996	0	0	0
half_step_1	1.8802868079402957	0.0010205155407991883	0	0	0	0	1337994522.4866247	2815.156804233996	0	0	0
half_step_2	1.8813073234810949	0.0010205155407991883	0	0	0	0	1337994522.4866247	2815.156804233996	0	0	0
full_step	1.882327839021894	0.010205155407991882	19	19	10	1	1337994522.4866247	3043860.07001065	0.45991474542825017	-1.5431374701878238	467
full_step	1.882327839021894	0.005102577703995941	15	20	10	1.3333333333333333	1337994522.4866247	2501902.3311801287	0.45991474542825017	-1.5431374701878238	467
half_step_1	1.882327839021894	0.0025512888519979705	16	7	7	0.4375	1337994522.4866247	306892.7768123531	0.45991474542825017	-1.5431374701878238	467
half_step_2	1.8848791278738921	0.0025512888519979705	11	0	0	0	1337994522.4866247	282814.03267029644	0	-1.6972404179434835	356
full_step	1.88743041672589	0.025512888519979706	11	12	7	1.0909090909090908	1337994522.4866247	4681684.635493939	0	-1.8575637878739804	122
full_step	1.88743041672589	0.012756444259989853	12	8	4	0.6666666666666666	1337994522.4866247	1371371.3076324258	0	-1.8575637878739804	122
full_step	1.88743041672589	0.0063782221299949265	6	0	0	0	1337994522.4866247	2181987.3934506266	0	-1.8575637878739804	122
half_step_1	1.88743041672589	0.0031891110649974633	1	3	3	3	1337994522.4866247	35304.23588903801	0	-1.8575637878739804	122
half_step_2	1.8906195277908875	0.0031891110649974633	1	4	4	4	1337994522.4866247	2815.156804233996	0	-1.9704846675070546	60
full_step	1.8938086388558848	0.03189111064997463	5	0	0	0	1337994522.4866247	6141799.37248784	0	-1.9725819585811635	46
full_step	1.8938086388558848	0.015945555324987315	5	0	0	0	1337994522.4866247	4355101.602147968	0	-1.9725819585811635	46
full_step	1.8938086388558848	0.007972777662493657	3	0	0	0	1337994522.4866247	4924430.836953679	0	-1.9725819585811635	46
full_step	1.8938086388558848	0.003986388831246829	4	9	9	2.25	1337994522.4866247	88462.5280241037	0	-1.9725819585811635	46
half_step_1	1.8938086388558848	0.0019931944156234144	1	0	0	0	1337994522.4866247	2815.156804233996	0	-1.9725819585811635	46
half_step_2	1.8958018332715083	0.0019931944156234144	11	0	0	0	1337994522.4866247	49244.12850468294	0	-1.8739041113048402	113
full_step	1.8977950276871316	0.019931944156234144	10	0	0	0	1337994522.4866247	2908965.6698339204	0	-1.692718050819916	258
full_step	1.8977950276871316	0.009965972078117072	12	0	0	0	1337994522.4866247	1099667.4145491307	0	-1.692718050819916	258
full_step	1.8977950276871316	0.004982986039058536	12	0	0	0	1337994522.4866247	279611.8685162597	0	-1.692718050819916	258
half_step_1	1.8977950276871316	0.002491493019529268	4	0	0	0	1337994522.4866247	1182086.6260605725	0	-1.692718050819916	258
half_step_2	1.9002865207066608	0.002491493019529268	7	0	0	0	1337994522.4866247	1608532.1955800469	0	-1.8975847200534703	179
full_step	1.90277801372619	0.02491493019529268	11	3	3	0.2727272727272727	1337994522.4866247	6043550.546837334	0	-1.7683748956457654	147
full_step	1.90277801372619	0.01245746509764634	13	3	3	0.23076923076923078	1337994522.4866247	1814217.4129566099	0	-1.7683748956457654	147
half_step_1	1.90277801372619	0.00622873254882317	11	5	5	0.45454545454545453	1337994522.4866247	458877.7838126136	0	-1.7683748956457654	147
half_step_2	1.9090067462750133	0.00622873254882317	1	0	0	0	1337994522.4866247	2815.156804233996	0	0	0
full_step	1.90277801372619	0.00622873254882317	13	3	3	0.23076923076923078	1337994522.4866247	460742.6948990306	0	-1.7683748956457654	147
half_step_1	1.90277801372619	0.003114366274411585	6	0	0	0	1337994522.4866247	552477.6240026287	0	-1.7683748956457654	147
half_step_2	1.9058923800006016	0.003114366274411585	4	15	11	3.75	1337994522.4866247	117459.63093230825	0	-1.740660738936453	240
full_step	1.9090067462750133	0.031143662744115848	7	19	12	2.7142857142857144	1337994522.4866247	9834552.073269203	0	-1.9567701149920338	57
full_step	1.9090067462750133	0.015571831372057924	6	14	11	2.3333333333333335	1337994522.4866247	5721375.059124396	0	-1.9567701149920338	57
full_step	1.9090067462750133	0.007785915686028962	4	11	10	2.75	1337994522.4866247	799624.1654957902	0	-1.9567701149920338	57
full_step	1.9090067462750133	0.003892957843014481	4	10	10	2.5	1337994522.4866247	32905.41461703061	0	-1.9567701149920338	57
full_step	1.9090067462750133	0.0019464789215072405	1	0	0	0	1337994522.4866247	2815.156804233996	0	-1.9567701149920338	57
half_step_1	1.9090067462750133	0.0009732394607536202	0	0	0	0	1337994522.4866247	2815.156804233996	0	-1.9567701149920338	57
half_step_2	1.9099799857357669	0.0009732394607536202	3	0	0	0	1337994522.4866247	9893.044848031146	0	-1.9632910309583682	68
full_step	1.9109532251965207	0.009732394607536202	14	2	2	0.14285714285714285	1337994522.4866247	909557.8221028721	0	-1.6848614879902744	220
full_step	1.9109532251965207	0.004866197303768101	15	0	0	0	1337994522.4866247	269707.51757867204	0	-1.6848614879902744	220
half_step_1	1.9109532251965207	0.0024330986518840505	8	0	0	0	1337994522.4866247	143459.16492271228	0	-1.6848614879902744	220
half_step_2	1.9133863238484048	0.0024330986518840505	1	0	0	0	1337994522.4866247	2815.156804233996	0	-1.9639613133780152	16
full_step	1.9158194225002887	0.024330986518840504	8	3	3	0.375	1337994522.4866247	18475441.878495146	0	-1.9914558951879766	66
full_step	1.9158194225002887	0.012165493259420252	3	0	0	0	1337994522.4866247	19723828.08475132	0	-1.9914558951879766	66
full_step	1.9158194225002887	0.006082746629710126	3	0	0	0	1337994522.4866247	6702498.997306587	0	-1.9914558951879766	66
full_step	1.9158194225002887	0.003041373314855063	2	6	6	3	1337994522.4866247	6722634.78892983	0	-1.9914558951879766	66
half_step_1	1.9158194225002887	0.0015206866574275315	1	0	0	0	1337994522.4866247	2815.156804233996	0	-1.9914558951879766	66
half_step_2	1.9173401091577162	0.0015206866574275315	14	0	0	0	1337994522.4866247	94961.75775746272	0	-1.867931473520284	498
full_step	1.9188607958151438	0.015206866574275314	6	22	12	3.6666666666666665	1337994522.4866247	2136451.491249505	0	-1.8910406674972522	115
full_step	1.9188607958151438	0.007603433287137657	5	19	10	3.8	1337994522.4866247	487139.6714097258	0	-1.8910406674972522	115
full_step	1.9188607958151438	0.0038017166435688286	4	15	11	3.75	1337994522.4866247	231346.09303440357	0	-1.8910406674972522	115
half_step_1	1.9188607958151438	0.0019008583217844143	1	0	0	0	1337994522.4866247	2815.156804233996	0	-1.8910406674972522	115
half_step_2	1.9207616541369281	0.0019008583217844143	14	8	6	0.5714285714285714	1337994522.4866247	66316.76538424367	0	-1.9058917818559513	227
full_step	1.9226625124587127	0.01900858321784414	12	0	0	0	1337994522.4866247	4137017.9973005466	0	-1.8976010759163893	176
full_step	1.9226625124587127	0.00950429160892207	11	6	3	0.5454545454545454	1337994522.4866247	4296902.167326328	0	-1.8976010759163893	176
full_step	1.9226625124587127	0.004752145804461035	10	3	3	0.3	1337994522.4866247	6795232.815296698	0	-1.8976010759163893	176
full_step	1.9226625124587127	0.0023760729022305176	11	0	0	0	1337994522.4866247	47825.050617511224	0	-1.8976010759163893	176
half_step_1	1.9226625124587127	0.0011880364511152588	2	5	4	2.5	1337994522.4866247	9093.966643055812	0	-1.8976010759163893	176
half_step_2	1.9238505489098279	0.0011880364511152588	2	4	4	2	1337994522.4866247	16484.731495389384	0	-1.632625070029482	277
full_step	1.925038585360943	0.011880364511152588	19	21	7	1.105263157894737	1337994522.4866247	2183835.35347199	0.2899423704438959	-1.7253526115755244	777
half_step_1	1.925038585360943	0.005940182255576294	17	7	7	0.4117647058823529	1337994522.4866247	933411.3202292855	0.2899423704438959	-1.7253526115755244	777
half_step_2	1.9309787676165193	0.005940182255576294	13	0	0	0	1337994522.4866247	168303.26662681784	0	-1.7097976664854302	95
full_step	1.9369189498720956	0.023420630556490272	1	0	0	0	1337994522.4866247	2815.156804233996	0	0	0
full_step	1.9369189498720956	0.011710315278245136	1	0	0	0	1337994522.4866247	2815.156804233996	0	0	0
full_step	1.9369189498720956	0.005855157639122568	1	0	0	0	1337994522.4866247	2815.156804233996	0	0	0
half_step_1	1.9369189498720956	0.002927578819561284	0	0	0	0	1337994522.4866247	2815.156804233996	0	0	0
half_step_2	1.9398465286916569	0.002927578819561284	0	0	0	0	1337994522.4866247	2815.156804233996	0	0	0
full_step	1.9427741075112182	0.02927578819561284	1	0	0	0	1337994522.4866247	2815.156804233996	0	0	0
full_step	1.9427741075112182	0.01463789409780642	1	0	0	0	1337994522.4866247	2815.156804233996	0	0	0
full_step	1.9427741075112182	0.00731894704890321	1	0	0	0	1337994522.4866247	2815.156804233996	0	0	0
full_step	1.9427741075112182	0.003659473524451605	1	0	0	0	1337994522.4866247	2815.156804233996	0	0	0
full_step	1.9427741075112182	0.0018297367622258024	1	0	0	0	1337994522.4866247	2815.156804233996	0	0	0
full_step	1.9427741075112182	0.0009148683811129012	1	0	0	0	1337994522.4866247	2815.156804233996	0	0	0
half_step_1	1.9427741075112182	0.0004574341905564506	0	0	0	0	1337994522.4866247	2815.156804233996	0	0	0
half_step_2	1.9432315417017747	0.0004574341905564506	2	0	0	0	1337994522.4866247	5654.821143558728	0	-1.8827980126806587	147
full_step	1.943688975892331	0.004574341905564506	14	7	7	0.5	1337994522.4866247	669228.1001765566	0.20926046922977548	-1.6263374413741687	434
half_step_1	1.943688975892331	0.002287170952782253	14	0	0	0	1337994522.4866247	188941.7736766447	0.20926046922977548	-1.6263374413741687	434
half_step_2	1.9459761468451133	0.002287170952782253	10	0	0	0	1337994522.4866247	192268.91907067416	0	-1.8166642092604237	227
full_step	1.9482633177978956	0.022871709527822533	9	0	0	0	1337994522.4866247	3277368.5685799955	0	-1.4532022380237266	144
full_step	1.9482633177978956	0.011435854763911266	10	0	0	0	1337994522.4866247	903078.3628914913	0	-1.4532022380237266	144
half_step_1	1.9482633177978956	0.005717927381955633	2	0	0	0	1337994522.4866247	214349.88230787579	0	-1.4532022380237266	144
half_step_2	1.9539812451798513	0.005717927381955633	8	0	0	0	1337994522.4866247	5792003.802410076	0	-1.9768603692631264	68
full_step	1.959699172561807	0.05717927381955633	1	0	0	0	1337994522.4866247	2815.156804233996	0	0	0
full_step	1.959699172561807	0.028589636909778164	1	0	0	0	1337994522.4866247	2815.156804233996	0	0	0
full_step	1.959699172561807	0.014294818454889082	1	0	0	0	1337994522.4866247	2815.156804233996	0	0	0
full_step	1.959699172561807	0.007147409227444541	1	0	0	0	1337994522.4866247	2815.156804233996	0	0	0
full_step	1.959699172561807	0.0035737046137222705	1	0	0	0	1337994522.4866247	2815.156804233996	0	0	0
full_step	1.959699172561807	0.0017868523068611353	1	0	0	0	1337994522.4866247	2815.156804233996	0	0	0
half_step_1	1.959699172561807	0.0008934261534305676	0	0	0	0	1337994522.4866247	2815.156804233996	0	0	0
half_step_2	1.9605925987152375	0.0008934261534305676	0	0	0	0	1337994522.4866247	2815.156804233996	0	0	0
full_step	1.961486024868668	0.008934261534305677	1	0	0	0	1337994522.4866247	2815.156804233996	0	0	0
full_step	1.961486024868668	0.004467130767152838	1	0	0	0	1337994522.4866247	2815.156804233996	0	0	0
full_step	1.961486024868668	0.002233565383576419	1	0	0	0	1337994522.4866247	2815.156804233996	0	0	0
full_step	1.961486024868668	0.0011167826917882096	1	0	0	0	1337994522.4866247	2815.156804233996	0	0	0
half_step_1	1.961486024868668	0.0005583913458941048	0	0	0	0	1337994522.4866247	2815.156804233996	0	0	0
half_step_2	1.9620444162145623	0.0005583913458941048	0	0	0	0	1337994522.4866247	2815.156804233996	0	0	0
full_step	1.9626028075604562	0.005583913458941048	10	0	0	0	1337994522.4866247	4578812.55387842	0	-1.9457433746852135	18
full_step	1.9626028075604562	0.002791956729470524	9	0	0	0	1337994522.4866247	3030189.254213279	0	-1.9457433746852135	18
full_step	1.9626028075604562	0.001395978364735262	9	0	0	0	1337994522.4866247	1803004.1620444893	0	-1.9457433746852135	18
full_step	1.9626028075604562	0.000697989182367631	9	0	0	0	1337994522.4866247	472258.3728458907	0	-1.9457433746852135	18
half_step_1	1.9626028075604562	0.0003489945911838155	1	3	3	3	1337994522.4866247	3001.3169930684653	0	-1.9457433746852135	18
half_step_2	1.9629518021516401	0.0003489945911838155	12	16	9	1.3333333333333333	1337994522.4866247	940188.0473393598	0.4024140998881194	-1.6817730999388947	484
full_step	1.963300796742824	0.003489945911838155	19	33	6	1.736842105263158	1337994522.4866247	6758913.01455714	0.5230361841386184	-1.540143243734216	643
half_step_1	1.963300796742824	0.0017449729559190774	14	15	9	1.0714285714285714	1337994522.4866247	7558224.193467069	0.5230361841386184	-1.540143243734216	643
half_step_2	1.9650457696987431	0.0017449729559190774	4	8	8	2	1337994522.4866247	67657.19580462825	0	-1.792154592930486	118
full_step	1.9667907426546622	0.010763779114656041	11	0	0	0	1337994522.4866247	287966.1246417814	0	-1.694479771355113	64
half_step_1	1.9667907426546622	0.0053818895573280205	6	0	0	0	1337994522.4866247	426740.1777306129	0	-1.694479771355113	64
half_step_2	1.9721726322119904	0.0053818895573280205	10	0	0	0	1337994522.4866247	130557.28291929826	0	-1.7242202396624884	137
full_step	1.9775545217693182	0.05381889557328021	1	0	0	0	1337994522.4866247	2815.156804233996	0	0	0
full_step	1.9775545217693182	0.026909447786640103	1	0	0	0	1337994522.4866247	2815.156804233996	0	0	0
full_step	1.9775545217693182	0.013454723893320052	1	0	0	0	1337994522.4866247	2815.156804233996	0	0	0
full_step	1.9775545217693182	0.006727361946660026	1	0	0	0	1337994522.4866247	2815.156804233996	0	0	0
full_step	1.9775545217693182	0.003363680973330013	1	0	0	0	1337994522.4866247	2815.156804233996	0	0	0
half_step_1	1.9775545217693182	0.0016818404866650065	0	0	0	0	1337994522.4866247	2815.156804233996	0	0	0
half_step_2	1.9792363622559832	0.0016818404866650065	0	0	0	0	1337994522.4866247	2815.156804233996	0	0	0
full_step	1.9809182027426482	0.016818404866650066	1	0	0	0	1337994522.4866247	2815.156804233996	0	0	0
full_step	1.9809182027426482	0.008409202433325033	1	0	0	0	1337994522.4866247	2815.156804233996	0	0	0
full_step	1.9809182027426482	0.004204601216662517	1	0	0	0	1337994522.4866247	2815.156804233996	0	0	0
full_step	1.9809182027426482	0.0021023006083312583	1	0	0	0	1337994522.4866247	2815.156804233996	0	0	0
half_step_1	1.9809182027426482	0.0010511503041656291	0	0	0	0	1337994522.4866247	2815.156804233996	0	0	0
half_step_2	1.9819693530468139	0.0010511503041656291	0	0	0	0	1337994522.4866247	2815.156804233996	0	0	0
full_step	1.9830205033509793	0.010511503041656291	1	0	0	0	1337994522.4866247	2815.156804233996	0	0	0
full_step	1.9830205033509793	0.005255751520828146	1	0	0	0	1337994522.4866247	2815.156804233996	0	0	0
full_step	1.9830205033509793	0.002627875760414073	1	0	0	0	1337994522.4866247	2815.156804233996	0	0	0
full_step	1.9830205033509793	0.0013139378802070364	1	0	0	0	1337994522.4866247	2815.156804233996	0	0	0
half_step_1	1.9830205033509793	0.0006569689401035182	0	0	0	0	1337994522.4866247	2815.156804233996	0	0	0
half_step_2	1.9836774722910828	0.0006569689401035182	0	0	0	0	1337994522.4866247	2815.156804233996	0	0	0
full_step	1.9843344412311863	0.006569689401035183	1	0	0	0	1337994522.4866247	2815.156804233996	0	0	0
full_step	1.9843344412311863	0.0032848447005175913	1	0	0	0	1337994522.4866247	2815.156804233996	0	0	0
full_step	1.9843344412311863	0.0016424223502587956	1	0	0	0	1337994522.4866247	2815.156804233996	0	0	0
full_step	1.9843344412311863	0.0008212111751293978	1	0	0	0	1337994522.4866247	2815.156804233996	0	0	0
half_step_1	1.9843344412311863	0.0004106055875646989	0	0	0	0	1337994522.4866247	2815.156804233996	0	0	0
half_step_2	1.984745046818751	0.0004106055875646989	4	0	0	0	1337994522.4866247	8403.53822975897	0	-1.7699553777481865	123
full_step	1.9851556524063156	0.004106055875646989	10	0	0	0	1337994522.4866247	5972387.46002571	0.4623637323093135	-1.6796419664866884	257
half_step_1	1.9851556524063156	0.0020530279378234944	12	9	9	0.75	1337994522.4866247	1524499.8162057316	0.4623637323093135	-1.6796419664866884	257
half_step_2	1.9872086803441391	0.0020530279378234944	1	0	0	0	1337994522.4866247	2815.156804233996	0	-1.9249483001255119	49
full_step	1.9892617082819626	0.020530279378234945	11	3	3	0.2727272727272727	1337994522.4866247	5626086.329641665	0	-1.8052348484530387	235
full_step	1.9892617082819626	0.010265139689117473	12	0	0	0	1337994522.4866247	1408367.539083259	0	-1.8052348484530387	235
full_step	1.9892617082819626	0.005132569844558736	14	4	4	0.2857142857142857	1337994522.4866247	441887.0814578833	0	-1.8052348484530387	235
half_step_1	1.9892617082819626	0.002566284922279368	11	0	0	0	1337994522.4866247	168346.03004898145	0	-1.8052348484530387	235
half_step_2	1.991827993204242	0.002566284922279368	12	0	0	0	1337994522.4866247	147935.44960657312	0	-1.817765862164618	176
full_step	1.9943942781265214	0.02566284922279368	4	11	11	2.75	1337994522.4866247	16451788.358986327	0	-1.9915724971396176	45
full_step	1.9943942781265214	0.01283142461139684	4	10	10	2.5	1337994522.4866247	11302784.779132	0	-1.9915724971396176	45
full_step	1.9943942781265214	0.00641571230569842	4	10	10	2.5	1337994522.4866247	3487016.7110126317	0	-1.9915724971396176	45
full_step	1.9943942781265214	0.00320785615284921	3	13	13	4.333333333333333	1337994522.4866247	20335.02139447319	0	-1.9915724971396176	45
full_step	1.9943942781265214	0.001603928076424605	1	0	0	0	1337994522.4866247	2815.156804233996	0	-1.9915724971396176	45
half_step_1	1.9943942781265214	0.0008019640382123025	0	0	0	0	1337994522.4866247	2815.156804233996	0	-1.9915724971396176	45
half_step_2	1.9951962421647336	0.0008019640382123025	0	0	0	0	1337994522.4866247	2815.156804233996	0	0	0
full_step	1.995998206202946	0.008019640382123026	12	0	0	0	1337994522.4866247	1722286.1999150282	0	-1.8401145167865596	59
full_step	1.995998206202946	0.004009820191061513	12	0	0	0	1337994522.4866247	1003777.8856079025	0	-1.8401145167865596	59
full_step	1.995998206202946	0.0020049100955307564	13	0	0	0	1337994522.4866247	160304.13013761936	0	-1.8401145167865596	59
full_step	1.995998206202946	0.0010024550477653782	8	0	0	0	1337994522.4866247	520792.26112225506	0	-1.8401145167865596	59
half_step_1	1.995998206202946	0.0005012275238826891	3	0	0	0	1337994522.4866247	19621.581940634514	0	-1.8401145167865596	59
half_step_2	1.9964994337268287	0.0005012275238826891	13	0	0	0	1337994522.4866247	46416.7140807356	0.4868175086885458	-1.5875997907136556	455
full_step	1.9970006612507114	0.005012275238826891	11	7	7	0.6363636363636364	1337994522.4866247	1404895.75565113	0.6493928222844261	-1.6326223174377121	428
half_step_1	1.9970006612507114	0.0025061376194134453	8	21	11	2.625	1337994522.4866247	1384098.3551691442	0.6493928222844261	-1.6326223174377121	428
half_step_2	1.999506798870125	0.0025061376194134453	8	0	0	0	1337994522.4866247	7026451.541038141	0	-1.8905962678506207	37
full_step	2.0020129364895385	0.025061376194134455	1	0	0	0	1337994522.4866247	2815.156804233996	0	0	0
full_step	2.0020129364895385	0.012530688097067227	1	0	0	0	1337994522.4866247	2815.156804233996	0	0	0
half_step_1	2.0020129364895385	0.006265344048533614	0	0	0	0	1337994522.4866247	2815.156804233996	0	0	0
half_step_2	2.008278280538072	0.006265344048533614	0	0	0	0	1337994522.4866247	2815.156804233996	0	0	0
full_step	2.0145436245866057	0.06265344048533614	1	0	0	0	1337994522.4866247	2815.156804233996	0	0	0
full_step	2.0145436245866057	0.03132672024266807	1	0	0	0	1337994522.4866247	2815.156804233996	0	0	0
full_step	2.0145436245866057	0.015663360121334034	1	0	0	0	1337994522.4866247	2815.156804233996	0	0	0
full_step	2.0145436245866057	0.007831680060667017	1	0	0	0	1337994522.4866247	2815.156804233996	0	0	0
full_step	2.0145436245866057	0.003915840030333509	1	0	0	0	1337994522.4866247	2815.156804233996	0	0	0
full_step	2.0145436245866057	0.0019579200151667543	1	0	0	0	1337994522.4866247	2815.156804233996	0	0	0
half_step_1	2.0145436245866057	0.0009789600075833771	0	0	0	0	1337994522.4866247	2815.156804233996	0	0	0
half_step_2	2.0155225845941893	0.0009789600075833771	0	0	0	0	1337994522.4866247	2815.156804233996	0	0	0
full_step	2.0165015446017724	0.009789600075833772	11	0	0	0	1337994522.4866247	2442517.485857527	0	-1.9106815652790188	45
full_step	2.0165015446017724	0.004894800037916886	8	0	0	0	1337994522.4866247	12450473.999594897	0	-1.9106815652790188	45
full_step	2.0165015446017724	0.002447400018958443	11	0	0	0	1337994522.4866247	469716.26872987614	0	-1.9106815652790188	45
half_step_1	2.0165015446017724	0.0012237000094792215	6	0	0	0	1337994522.4866247	283468.1507316815	0	-1.9106815652790188	45
half_step_2	2.0177252446112517	0.0012237000094792215	7	0	0	0	1337994522.4866247	54481.513454387634	0.012986638386792038	-1.5772172891765184	331
full_step	2.018948944620731	0.012237000094792215	12	3	3	0.25	1337994522.4866247	2578830.1005095765	0	-1.6321291280727137	365
full_step	2.018948944620731	0.006118500047396108	9	3	3	0.3333333333333333	1337994522.4866247	1485624.294992223	0	-1.6321291280727137	365
full_step	2.018948944620731	0.003059250023698054	11	3	3	0.2727272727272727	1337994522.4866247	304660.40768046025	0	-1.6321291280727137	365
half_step_1	2.018948944620731	0.001529625011849027	3	0	0	0	1337994522.4866247	87616.37976183167	0	-1.6321291280727137	365
half_step_2	2.02047856963258	0.001529625011849027	9	0	0	0	1337994522.4866247	2044528.750089805	0	-1.7703103096899364	210
full_step	2.022008194644429	0.015296250118490269	4	16	12	4	1337994522.4866247	3596987.563564536	0	-1.9131929054934498	33
full_step	2.022008194644429	0.007648125059245134	4	12	12	3	1337994522.4866247	335939.3631340081	0	-1.9131929054934498	33
full_step	2.022008194644429	0.003824062529622567	3	11	11	3.6666666666666665	1337994522.4866247	26959.304752583685	0	-1.9131929054934498	33
full_step	2.022008194644429	0.0019120312648112836	1	0	0	0	1337994522.4866247	2815.156804233996	0	-1.9131929054934498	33
half_step_1	2.022008194644429	0.0009560156324056418	0	0	0	0	1337994522.4866247	2815.156804233996	0	-1.9131929054934498	33
half_step_2	2.0229642102768346	0.0009560156324056418	9	0	0	0	1337994522.4866247	18623.356694222133	0	-1.8852369341844613	93
full_step	2.02392022590924	0.009560156324056417	12	0	0	0	1337994522.4866247	2015283.722855596	0	-1.6693073482798646	229
full_step	2.02392022590924	0.004780078162028209	13	0	0	0	1337994522.4866247	526127.2579272364	0	-1.6693073482798646	229
half_step_1	2.02392022590924	0.0023900390810141043	7	0	0	0	1337994522.4866247	192313.70271446995	0	-1.6693073482798646	229
half_step_2	2.0263102649902542	0.0023900390810141043	1	0	0	0	1337994522.4866247	2815.156804233996	0	0	0
full_step	2.0287003040712683	0.023900390810141045	13	4	4	0.3076923076923077	1337994522.4866247	7529704.944842038	0	-1.6093008940124516	167
full_step	2.0287003040712683	0.011950195405070523	13	2	2	0.15384615384615385	1337994522.4866247	1119928.5691638044	0	-1.6093008940124516	167
full_step	2.0287003040712683	0.005975097702535261	12	0	0	0	1337994522.4866247	1074411.2865016712	0	-1.6093008940124516	167
full_step	2.0287003040712683	0.0029875488512676306	12	0	0	0	1337994522.4866247	177144.49787202518	0	-1.6093008940124516	167
full_step	2.0287003040712683	0.0014937744256338153	10	0	0	0	1337994522.4866247	44442.072230161466	0	-1.6093008940124516	167
half_step_1	2.0287003040712683	0.0007468872128169077	2	3	3	1.5	1337994522.4866247	18548.843150610643	0	-1.6093008940124516	167
half_step_2	2.0294471912840852	0.0007468872128169077	2	4	4	2	1337994522.4866247	6894.031223892608	0	-1.3977970343117323	185
full_step	2.030194078496902	0.007468872128169077	10	1	1	0.1	1337994522.4866247	10942204.845126662	0	-1.5058237348866201	211
full_step	2.030194078496902	0.0037344360640845383	11	0	0	0	1337994522.4866247	6166820.36968177	0	-1.5058237348866201	211
full_step	2.030194078496902	0.0018672180320422691	9	0	0	0	1337994522.4866247	6688554.19002886	0	-1.5058237348866201	211
full_step	2.030194078496902	0.0009336090160211346	8	0	0	0	1337994522.4866247	8259474.015723698	0	-1.5058237348866201	211
full_step	2.030194078496902	0.0004668045080105673	1	1	1	1	1337994522.4866247	2816.27688993353	0	-1.5058237348866201	211
half_step_1	2.030194078496902	0.00023340225400528364	0	0	0	0	1337994522.4866247	2816.27688993353	0	-1.5058237348866201	211
half_step_2	2.0304274807509075	0.00023340225400528364	2	0	0	0	1337994522.4866247	5427.53031515142	0	-1.6738319353241207	503
full_step	2.030660883004913	0.0023340225400528365	19	32	8	1.6842105263157894	1337994522.4866247	20040544.890322678	0.440749240340665	-1.6658940636518456	993
half_step_1	2.030660883004913	0.0011670112700264182	15	10	7	0.6666666666666666	1337994522.4866247	9341807.34262506	0.440749240340665	-1.6658940636518456	993
half_step_2	2.0318278942749393	0.0011670112700264182	5	4	4	0.8	1337994522.4866247	20323.194201627342	0	-1.631380692464953	313
full_step	2.0329949055449656	0.011670112700264183	11	8	4	0.7272727272727273	1337994522.4866247	3118402.535138168	0	-1.5966191615990124	233
half_step_1	2.0329949055449656	0.005835056350132092	11	0	0	0	1337994522.4866247	165129.6262441132	0	-1.5966191615990124	233
half_step_2	2.0388299618950976	0.005835056350132092	1	0	0	0	1337994522.4866247	2815.156804233996	0	0	0
full_step	2.04466501824523	0.058350563501320916	1	0	0	0	1337994522.4866247	2815.156804233996	0	0	0
full_step	2.04466501824523	0.029175281750660458	1	0	0	0	1337994522.4866247	2815.156804233996	0	0	0
full_step	2.04466501824523	0.014587640875330229	1	0	0	0	1337994522.4866247	2815.156804233996	0	0	0
full_step	2.04466501824523	0.0072938204376651146	1	0	0	0	1337994522.4866247	2815.156804233996	0	0	0
full_step	2.04466501824523	0.0036469102188325573	1	0	0	0	1337994522.4866247	2815.156804233996	0	0	0
half_step_1	2.04466501824523	0.0018234551094162786	0	0	0	0	1337994522.4866247	2815.156804233996	0	0	0
half_step_2	2.0464884733546462	0.0018234551094162786	0	0	0	0	1337994522.4866247	2815.156804233996	0	0	0
full_step	2.0483119284640625	0.018234551094162787	1	0	0	0	1337994522.4866247	2815.156804233996	0	0	0
full_step	2.0483119284640625	0.009117275547081393	1	0	0	0	1337994522.4866247	2815.156804233996	0	0	0
full_step	2.0483119284640625	0.004558637773540697	1	0	0	0	1337994522.4866247	2815.156804233996	0	0	0
full_step	2.0483119284640625	0.0022793188867703484	1	0	0	0	1337994522.4866247	2815.156804233996	0	0	0
half_step_1	2.0483119284640625	0.0011396594433851742	0	0	0	0	1337994522.4866247	2815.156804233996	0	0	0
half_step_2	2.0494515879074475	0.0011396594433851742	0	0	0	0	1337994522.4866247	2815.156804233996	0	0	0
full_step	2.050591247350833	0.011396594433851742	1	0	0	0	1337994522.4866247	2815.156804233996	0	0	0
full_step	2.050591247350833	0.005698297216925871	1	0	0	0	1337994522.4866247	2815.156804233996	0	0	0
full_step	2.050591247350833	0.0028491486084629356	1	0	0	0	1337994522.4866247	2815.156804233996	0	0	0
full_step	2.050591247350833	0.0014245743042314678	1	0	0	0	1337994522.4866247	2815.156804233996	0	0	0
half_step_1	2.050591247350833	0.0007122871521157339	0	0	0	0	1337994522.4866247	2815.156804233996	0	0	0
half_step_2	2.051303534502949	0.0007122871521157339	0	0	0	0	1337994522.4866247	2815.156804233996	0	0	0
full_step	2.0520158216550644	0.007122871521157339	12	0	0	0	1337994522.4866247	9605884.945246419	0	-1.9585073567153353	89
full_step	2.0520158216550644	0.0035614357605786694	12	0	0	0	1337994522.4866247	5001444.388153591	0	-1.9585073567153353	89
half_step_1	2.0520158216550644	0.0017807178802893347	10	0	0	0	1337994522.4866247	1467538.4336529574	0	-1.9585073567153353	89
half_step_2	2.053796539535354	0.0017807178802893347	7	0	0	0	1337994522.4866247	49080.78003333975	0	-1.876778798531006	75
full_step	2.055577257415643	0.01780717880289335	11	8	8	0.7272727272727273	1337994522.4866247	13624559.1957452	0	-1.9009853286036393	122
full_step	2.055577257415643	0.008903589401446674	11	0	0	0	1337994522.4866247	11802790.0986229	0	-1.9009853286036393	122
full_step	2.055577257415643	0.004451794700723337	10	0	0	0	1337994522.4866247	11954333.8520894	0	-1.9009853286036393	122
full_step	2.055577257415643	0.0022258973503616686	9	0	0	0	1337994522.4866247	7419914.1840943275	0	-1.9009853286036393	122
half_step_1	2.055577257415643	0.0011129486751808343	2	6	6	3	1337994522.4866247	15722.02446345458	0	-1.9009853286036393	122
half_step_2	2.0566902060908236	0.0011129486751808343	12	0	0	0	1337994522.4866247	61365.06906236422	0.11977208702592179	-1.5013856512478798	237
full_step	2.0578031547660047	0.011129486751808342	11	2	2	0.18181818181818182	1337994522.4866247	1886429.4306472652	0	-1.8653502788020893	121
full_step	2.0578031547660047	0.005564743375904171	11	4	4	0.36363636363636365	1337994522.4866247	7989230.932764357	0	-1.8653502788020893	121
full_step	2.0578031547660047	0.0027823716879520856	9	0	0	0	1337994522.4866247	376620.9533976518	0	-1.8653502788020893	121
half_step_1	2.0578031547660047	0.0013911858439760428	1	4	4	4	1337994522.4866247	2815.156804233996	0	-1.8653502788020893	121
half_step_2	2.059194340609981	0.0013911858439760428	2	5	5	2.5	1337994522.4866247	8649.21711489477	0	-1.8796686019415905	87
full_step	2.060585526453957	0.013911858439760429	16	6	4	0.375	1337994522.4866247	3794651.2151335673	0	-1.6468114651907524	365
full_step	2.060585526453957	0.006955929219880214	16	3	3	0.1875	1337994522.4866247	2749070.4222419164	0	-1.6468114651907524	365
full_step	2.060585526453957	0.003477964609940107	14	0	0	0	1337994522.4866247	2009309.2929540712	0	-1.6468114651907524	365
half_step_1	2.060585526453957	0.0017389823049700536	14	3	3	0.21428571428571427	1337994522.4866247	231593.37452179653	0	-1.6468114651907524	365
half_step_2	2.0623245087589273	0.0017389823049700536	14	15	6	1.0714285714285714	1337994522.4866247	492173.27800646523	0.755965910240775	-1.4576689631071544	490
full_step	2.064063491063897	0.013613694378054821	18	6	3	0.3333333333333333	1337994522.4866247	1156697.3874215684	0	-1.389269218901348	269
full_step	2.064063491063897	0.0068068471890274105	16	3	3	0.1875	1337994522.4866247	1693627.50714382	0	-1.389269218901348	269
full_step	2.064063491063897	0.0034034235945137052	14	3	3	0.21428571428571427	1337994522.4866247	2351376.352114311	0	-1.389269218901348	269
half_step_1	2.064063491063897	0.0017017117972568526	13	9	5	0.6923076923076923	1337994522.4866247	1977723.3262801992	0	-1.389269218901348	269
half_step_2	2.065765202861154	0.0017017117972568526	1	0	0	0	1337994522.4866247	2815.156804233996	0	0	0
full_step	2.067466914658411	0.017017117972568527	13	0	0	0	1337994522.4866247	5006115.87416309	0.13925200243102154	-1.4087707842142285	403
half_step_1	2.067466914658411	0.008508558986284264	16	0	0	0	1337994522.4866247	1406332.5874756696	0.13925200243102154	-1.4087707842142285	403
full_step	2.067466914658411	0.008508558986284264	19	3	3	0.15789473684210525	1337994522.4866247	1406453.7178230493	0.13925200243102154	-1.4087707842142285	403
full_step	2.067466914658411	0.004254279493142132	19	7	4	0.3684210526315789	1337994522.4866247	2291328.7289035195	0.13925200243102154	-1.4087707842142285	403
half_step_1	2.067466914658411	0.002127139746571066	14	5	3	0.35714285714285715	1337994522.4866247	2432475.4480981026	0.13925200243102154	-1.4087707842142285	403
half_step_2	2.069594054404982	0.002127139746571066	1	0	0	0	1337994522.4866247	2815.156804233996	0	0	0
full_step	2.0717211941515528	0.01959749294934002	14	0	0	0	1337994522.4866247	2697389.8200317184	0	-1.6977623736474448	192
full_step	2.0717211941515528	0.00979874647467001	14	0	0	0	1337994522.4866247	1533898.1356747034	0	-1.6977623736474448	192
full_step	2.0717211941515528	0.004899373237335005	13	0	0	0	1337994522.4866247	1841699.8962913787	0	-1.6977623736474448	192
half_step_1	2.0717211941515528	0.0024496866186675026	7	0	0	0	1337994522.4866247	3177682.7659973996	0	-1.6977623736474448	192
half_step_2	2.0741708807702204	0.0024496866186675026	1	0	0	0	1337994522.4866247	2815.156804233996	0	0	0
full_step	2.0766205673888876	0.024496866186675025	17	8	5	0.47058823529411764	1337994522.4866247	8230039.442629741	0.8534588406400871	-1.3221637542953906	835
full_step	2.0766205673888876	0.012248433093337513	23	51	10	2.217391304347826	1337994522.4866247	4498175.497892043	0.8534588406400871	-1.3221637542953906	835
full_step	2.0766205673888876	0.006124216546668756	18	17	8	0.9444444444444444	1337994522.4866247	2265448.763101793	0.8534588406400871	-1.3221637542953906	835
full_step	2.0766205673888876	0.003062108273334378	17	5	5	0.29411764705882354	1337994522.4866247	1659340.256176739	0.8534588406400871	-1.3221637542953906	835
half_step_1	2.0766205673888876	0.001531054136667189	15	12	12	0.8	1337994522.4866247	1510673.9139275625	0.8534588406400871	-1.3221637542953906	835
half_step_2	2.0781516215255547	0.001531054136667189	5	0	0	0	1337994522.4866247	501182.67602716875	0	-1.802602900198472	493
full_step	2.0796826756622218	0.015310541366671891	4	6	6	1.5	1337994522.4866247	5431071.373156969	0	-1.9934964656839367	40
full_step	2.0796826756622218	0.007655270683335946	2	9	9	4.5	1337994522.4866247	5297155.106725593	0	-1.9934964656839367	40
full_step	2.0796826756622218	0.003827635341667973	1	0	0	0	1337994522.4866247	2815.156804233996	0	-1.9934964656839367	40
full_step	2.0796826756622218	0.0019138176708339864	1	0	0	0	1337994522.4866247	2815.156804233996	0	-1.9934964656839367	40
full_step	2.0796826756622218	0.0009569088354169932	1	0	0	0	1337994522.4866247	2815.156804233996	0	-1.9934964656839367	40
half_step_1	2.0796826756622218	0.0004784544177084966	0	0	0	0	1337994522.4866247	2815.156804233996	0	-1.9934964656839367	40
half_step_2	2.0801611300799303	0.0004784544177084966	0	0	0	0	1337994522.4866247	2815.156804233996	0	0	0
full_step	2.080639584497639	0.004784544177084966	16	4	4	0.25	1337994522.4866247	730484.4231678852	0	-1.8228008022014004	200
half_step_1	2.080639584497639	0.002392272088542483	13	0	0	0	1337994522.4866247	234245.16981331553	0	-1.8228008022014004	200
half_step_2	2.083031856586181	0.002392272088542483	1	0	0	0	1337994522.4866247	2815.156804233996	0	0	0
full_step	2.085424128674724	0.023922720885424832	1	0	0	0	1337994522.4866247	2815.156804233996	0	0	0
full_step	2.085424128674724	0.011961360442712416	1	0	0	0	1337994522.4866247	2815.156804233996	0	0	0
full_step	2.085424128674724	0.005980680221356208	1	0	0	0	1337994522.4866247	2815.156804233996	0	0	0
full_step	2.085424128674724	0.002990340110678104	1	0	0	0	1337994522.4866247	2815.156804233996	0	0	0
full_step	2.085424128674724	0.001495170055339052	1	0	0	0	1337994522.4866247	2815.156804233996	0	0	0
half_step_1	2.085424128674724	0.000747585027669526	0	0	0	0	1337994522.4866247	2815.156804233996	0	0	0
half_step_2	2.0861717137023934	0.000747585027669526	0	0	0	0	1337994522.4866247	2815.156804233996	0	-1.8809005509116785	81
full_step	2.086919298730063	0.00747585027669526	15	3	3	0.2	1337994522.4866247	997035.5087175592	0	-1.6253087983924694	175
half_step_1	2.086919298730063	0.00373792513834763	10	0	0	0	1337994522.4866247	605509.7457736938	0	-1.6253087983924694	175
half_step_2	2.0906572238684107	0.00373792513834763	1	0	0	0	1337994522.4866247	2815.156804233996	0	0	0
full_step	2.094395149006758	0.037379251383476295	1	0	0	0	1337994522.4866247	2815.156804233996	0	0	0
full_step	2.094395149006758	0.018689625691738147	1	0	0	0	1337994522.4866247	2815.156804233996	0	0	0
full_step	2.094395149006758	0.009344812845869074	1	0	0	0	1337994522.4866247	2815.156804233996	0	0	0
full_step	2.094395149006758	0.004672406422934537	1	0	0	0	1337994522.4866247	2815.156804233996	0	0	0
full_step	2.094395149006758	0.0023362032114672684	1	0	0	0	1337994522.4866247	2815.156804233996	0	0	0
half_step_1	2.094395149006758	0.0011681016057336342	0	0	0	0	1337994522.4866247	2815.156804233996	0	0	0
half_step_2	2.0955632506124915	0.0011681016057336342	0	0	0	0	1337994522.4866247	2815.156804233996	0	0	0
full_step	2.0967313522182254	0.011681016057336343	13	0	0	0	1337994522.4866247	6001816.897121935	1.3743422409170307	-1.4575617948420192	500
half_step_1	2.0967313522182254	0.0058405080286681715	16	0	0	0	1337994522.4866247	1954910.774048009	1.3743422409170307	-1.4575617948420192	500
half_step_2	2.1025718602468935	0.0058405080286681715	1	0	0	0	1337994522.4866247	2815.156804233996	0	0	0
full_step	2.1084123682755616	0.015117582656724481	1	0	0	0	1337994522.4866247	2815.156804233996	0	0	0
full_step	2.1084123682755616	0.007558791328362241	1	0	0	0	1337994522.4866247	2815.156804233996	0	0	0
full_step	2.1084123682755616	0.0037793956641811203	1	0	0	0	1337994522.4866247	2815.156804233996	0	0	0
half_step_1	2.1084123682755616	0.0018896978320905602	0	0	0	0	1337994522.4866247	2815.156804233996	0	0	0
half_step_2	2.110302066107652	0.0018896978320905602	0	0	0	0	1337994522.4866247	2815.156804233996	0	0	0
full_step	2.1121917639397427	0.018896978320905602	1	0	0	0	1337994522.4866247	2815.156804233996	0	0	0
full_step	2.1121917639397427	0.009448489160452801	1	0	0	0	1337994522.4866247	2815.156804233996	0	0	0
full_step	2.1121917639397427	0.004724244580226401	1	0	0	0	1337994522.4866247	2815.156804233996	0	0	0
full_step	2.1121917639397427	0.0023621222901132003	1	0	0	0	1337994522.4866247	2815.156804233996	0	0	0
full_step	2.1121917639397427	0.0011810611450566002	1	0	0	0	1337994522.4866247	2815.156804233996	0	0	0
half_step_1	2.1121917639397427	0.0005905305725283001	0	0	0	0	1337994522.4866247	2815.156804233996	0	0	0
half_step_2	2.112782294512271	0.0005905305725283001	8	0	0	0	1337994522.4866247	14201.923266413842	0	-1.927965299037247	132
full_step	2.113372825084799	0.005905305725283001	15	3	3	0.2	1337994522.4866247	534726.043700515	0.26261375490867067	-1.316429624998319	378
half_step_1	2.113372825084799	0.0029526528626415004	13	0	0	0	1337994522.4866247	250907.9640558121	0.26261375490867067	-1.316429624998319	378
half_step_2	2.1163254779474405	0.0029526528626415004	3	3	3	1	1337994522.4866247	30837.17041612858	0	-1.8647434272889503	175
full_step	2.1192781308100823	0.029526528626415003	11	0	0	0	1337994522.4866247	6337295.287453454	0.5852607305569109	-1.5565984131185642	540
full_step	2.1192781308100823	0.014763264313207502	11	0	0	0	1337994522.4866247	2130433.8926738594	0.5852607305569109	-1.5565984131185642	540
full_step	2.1192781308100823	0.007381632156603751	15	5	5	0.3333333333333333	1337994522.4866247	610766.4752550143	0.5852607305569109	-1.5565984131185642	540
half_step_1	2.1192781308100823	0.0036908160783018754	13	18	10	1.3846153846153846	1337994522.4866247	539769.7913693631	0.5852607305569109	-1.5565984131185642	540
half_step_2	2.1229689468883843	0.0036908160783018754	4	13	13	3.25	1337994522.4866247	32433.81520625196	0	-1.9481418382656142	48
full_step	2.126659762966686	0.028821806086553402	9	6	6	0.6666666666666666	1337994522.4866247	4921102.654094745	0	-1.9528433599793744	64
full_step	2.126659762966686	0.014410903043276701	8	4	4	0.5	1337994522.4866247	3735539.179735767	0	-1.9528433599793744	64
full_step	2.126659762966686	0.0072054515216383504	4	6	6	1.5	1337994522.4866247	863216.8361721664	0	-1.9528433599793744	64
full_step	2.126659762966686	0.0036027257608191752	4	3	3	0.75	1337994522.4866247	47183.06119022262	0	-1.9528433599793744	64
half_step_1	2.126659762966686	0.0018013628804095876	1	0	0	0	1337994522.4866247	2815.156804233996	0	-1.9528433599793744	64
half_step_2	2.1284611258470956	0.0018013628804095876	7	0	0	0	1337994522.4866247	55294.10661865513	0	-1.7045473971354408	429
full_step	2.1302624887275052	0.018013628804095877	15	20	7	1.3333333333333333	1337994522.4866247	8486251.68579461	0.3039553554408485	-1.606079683831998	317
full_step	2.1302624887275052	0.009006814402047938	18	22	10	1.2222222222222223	1337994522.4866247	2199230.8646828854	0.3039553554408485	-1.606079683831998	317
full_step	2.1302624887275052	0.004503407201023969	19	20	6	1.0526315789473684	1337994522.4866247	502315.9254372843	0.3039553554408485	-1.606079683831998	317
full_step	2.1302624887275052	0.0022517036005119846	16	9	5	0.5625	1337994522.4866247	167572.0762276854	0.3039553554408485	-1.606079683831998	317
half_step_1	2.1302624887275052	0.0011258518002559923	8	0	0	0	1337994522.4866247	73905.89206494205	0.3039553554408485	-1.606079683831998	317
half_step_2	2.1313883405277614	0.0011258518002559923	1	0	0	0	1337994522.4866247	2815.156804233996	0	-1.855481325802932	188
full_step	2.132514192328017	0.011258518002559923	16	29	8	1.8125	1337994522.4866247	6691568.437431562	1.0823714176367503	-1.5124382432801347	948
half_step_1	2.132514192328017	0.0056292590012799616	15	19	6	1.2666666666666666	1337994522.4866247	1326477.2735493293	1.0823714176367503	-1.5124382432801347	948
half_step_2	2.138143451329297	0.0056292590012799616	1	0	0	0	1337994522.4866247	2815.156804233996	0	0	0
full_step	2.143772710330577	0.03425853309148242	10	0	0	0	1337994522.4866247	5969335.703342348	0	-1.9482435286736846	86
full_step	2.143772710330577	0.01712926654574121	10	3	3	0.3	1337994522.4866247	5805613.788148187	0	-1.9482435286736846	86
full_step	2.143772710330577	0.008564633272870605	11	0	0	0	1337994522.4866247	769966.2238926938	0	-1.9482435286736846	86
full_step	2.143772710330577	0.0042823166364353024	8	0	0	0	1337994522.4866247	1805137.9825588737	0	-1.9482435286736846	86
half_step_1	2.143772710330577	0.0021411583182176512	1	3	3	3	1337994522.4866247	9899.12647223769	0	-1.9482435286736846	86
half_step_2	2.1459138686487944	0.0021411583182176512	3	0	0	0	1337994522.4866247	11411157.374197053	0	-1.9311644245766137	102
full_step	2.148055026967012	0.02141158318217651	12	3	3	0.25	1337994522.4866247	5098285.2116731545	0	-1.8575982223833647	111
full_step	2.148055026967012	0.010705791591088256	9	0	0	0	1337994522.4866247	9802613.272581272	0	-1.8575982223833647	111
full_step	2.148055026967012	0.005352895795544128	9	0	0	0	1337994522.4866247	11351165.917178579	0	-1.8575982223833647	111
full_step	2.148055026967012	0.002676447897772064	9	0	0	0	1337994522.4866247	5685161.581955112	0	-1.8575982223833647	111
half_step_1	2.148055026967012	0.001338223948886032	1	4	4	4	1337994522.4866247	2815.156804233996	0	-1.8575982223833647	111
half_step_2	2.149393250915898	0.001338223948886032	4	0	0	0	1337994522.4866247	35388.388205003925	0	-1.7468771529884226	322
full_step	2.150731474864784	0.01338223948886032	11	0	0	0	1337994522.4866247	3705599.904538534	0	-1.6075765032990008	315
full_step	2.150731474864784	0.00669111974443016	11	0	0	0	1337994522.4866247	1099706.668602869	0	-1.6075765032990008	315
full_step	2.150731474864784	0.00334555987221508	13	0	0	0	1337994522.4866247	221851.49122708963	0	-1.6075765032990008	315
half_step_1	2.150731474864784	0.00167277993610754	4	0	0	0	1337994522.4866247	49479.42851130482	0	-1.6075765032990008	315
half_step_2	2.1524042548008913	0.00167277993610754	2	8	8	4	1337994522.4866247	64926.97403129426	0	-1.8427847850775336	130
full_step	2.154077034736999	0.0167277993610754	13	0	0	0	1337994522.4866247	6111191.394371292	0.05506835501000751	-1.7377104596878794	301
full_step	2.154077034736999	0.0083638996805377	18	7	4	0.3888888888888889	1337994522.4866247	2677517.359784353	0.05506835501000751	-1.7377104596878794	301
half_step_1	2.154077034736999	0.00418194984026885	16	11	5	0.6875	1337994522.4866247	824660.4264809189	0.05506835501000751	-1.7377104596878794	301
half_step_2	2.1582589845772677	0.00418194984026885	1	0	0	0	1337994522.4866247	2815.156804233996	0	0	0
full_step	2.162440934417537	0.03916902880422949	7	0	0	0	1337994522.4866247	25725991.298862226	0	-1.9847772387359215	64
full_step	2.162440934417537	0.019584514402114745	7	0	0	0	1337994522.4866247	20520467.846377682	0	-1.9847772387359215	64
full_step	2.162440934417537	0.009792257201057373	6	0	0	0	1337994522.4866247	22782002.986020256	0	-1.9847772387359215	64
full_step	2.162440934417537	0.004896128600528686	6	0	0	0	1337994522.4866247	16851746.023452047	0	-1.9847772387359215	64
half_step_1	2.162440934417537	0.002448064300264343	1	15	15	15	1337994522.4866247	3890.1565454238744	0	-1.9847772387359215	64
half_step_2	2.1648889987178013	0.002448064300264343	2	3	3	1.5	1337994522.4866247	55213.27425181599	0	-1.8622211440875007	137
full_step	2.1673370630180657	0.02448064300264343	1	0	0	0	1337994522.4866247	2815.156804233996	0	0	0
full_step	2.1673370630180657	0.012240321501321715	1	0	0	0	1337994522.4866247	2815.156804233996	0	0	0
full_step	2.1673370630180657	0.006120160750660858	1	0	0	0	1337994522.4866247	2815.156804233996	0	0	0
full_step	2.1673370630180657	0.003060080375330429	1	0	0	0	1337994522.4866247	2815.156804233996	0	0	0
full_step	2.1673370630180657	0.0015300401876652144	1	0	0	0	1337994522.4866247	2815.156804233996	0	0	0
half_step_1	2.1673370630180657	0.0007650200938326072	0	0	0	0	1337994522.4866247	2815.156804233996	0	0	0
half_step_2	2.1681020831118984	0.0007650200938326072	0	0	0	0	1337994522.4866247	2815.156804233996	0	0	0
full_step	2.1688671032057307	0.0076502009383260725	16	0	0	0	1337994522.4866247	2241003.973421733	0.29453838307381375	-1.5985874012039596	712
half_step_1	2.1688671032057307	0.0038251004691630362	17	13	7	0.7647058823529411	1337994522.4866247	1383584.8088012184	0.29453838307381375	-1.5985874012039596	712
half_step_2	2.172692203674894	0.0038251004691630362	5	0	0	0	1337994522.4866247	1137731.6828223104	0	-1.835975366598661	49
full_step	2.1765173041440566	0.03825100469163036	1	0	0	0	1337994522.4866247	2815.156804233996	0	0	0
full_step	2.1765173041440566	0.01912550234581518	1	0	0	0	1337994522.4866247	2815.156804233996	0	0	0
full_step	2.1765173041440566	0.00956275117290759	1	0	0	0	1337994522.4866247	2815.156804233996	0	0	0
half_step_1	2.1765173041440566	0.004781375586453795	0	0	0	0	1337994522.4866247	2815.156804233996	0	0	0
half_step_2	2.1812986797305105	0.004781375586453795	0	0	0	0	1337994522.4866247	2815.156804233996	0	0	0
full_step	2.1860800553169644	0.047813755864537955	1	0	0	0	1337994522.4866247	2815.156804233996	0	0	0
full_step	2.1860800553169644	0.023906877932268977	1	0	0	0	1337994522.4866247	2815.156804233996	0	0	0
full_step	2.1860800553169644	0.011953438966134489	1	0	0	0	1337994522.4866247	2815.156804233996	0	0	0
full_step	2.1860800553169644	0.005976719483067244	1	0	0	0	1337994522.4866247	2815.156804233996	0	0	0
full_step	2.1860800553169644	0.002988359741533622	1	0	0	0	1337994522.4866247	2815.156804233996	0	0	0
half_step_1	2.1860800553169644	0.001494179870766811	0	0	0	0	1337994522.4866247	2815.156804233996	0	0	0
half_step_2	2.187574235187731	0.001494179870766811	0	0	0	0	1337994522.4866247	2815.156804233996	0	0	0
full_step	2.189068415058498	0.01494179870766811	1	0	0	0	1337994522.4866247	2815.156804233996	0	0	0
full_step	2.189068415058498	0.007470899353834055	1	0	0	0	1337994522.4866247	2815.156804233996	0	0	0
full_step	2.189068415058498	0.0037354496769170277	1	0	0	0	1337994522.4866247	2815.156804233996	0	0	0
full_step	2.189068415058498	0.0018677248384585139	1	0	0	0	1337994522.4866247	2815.156804233996	0	0	0
half_step_1	2.189068415058498	0.0009338624192292569	0	0	0	0	1337994522.4866247	2815.156804233996	0	0	0
half_step_2	2.1900022774777272	0.0009338624192292569	0	0	0	0	1337994522.4866247	2815.156804233996	0	0	0
full_step	2.1909361398969565	0.00933862419229257	14	0	0	0	1337994522.4866247	1557181.5139365701	0	-1.5793990842423384	263
full_step	2.1909361398969565	0.004669312096146285	13	0	0	0	1337994522.4866247	590515.9567121222	0	-1.5793990842423384	263
full_step	2.1909361398969565	0.0023346560480731423	14	0	0	0	1337994522.4866247	148864.8777465125	0	-1.5793990842423384	263
full_step	2.1909361398969565	0.0011673280240365712	12	0	0	0	1337994522.4866247	78297.00217322497	0	-1.5793990842423384	263
half_step_1	2.1909361398969565	0.0005836640120182856	3	0	0	0	1337994522.4866247	15191.933236921348	0	-1.5793990842423384	263
half_step_2	2.191519803908975	0.0005836640120182856	11	0	0	0	1337994522.4866247	23710.733463709996	0.23301873099262593	-1.5778802377024257	445
full_step	2.192103467920993	0.0058366401201828556	19	38	11	2	1337994522.4866247	3918301.4917694624	0.23756634481833316	-1.4884279300946717	780
half_step_1	2.192103467920993	0.0029183200600914278	14	14	10	1	1337994522.4866247	2373873.73938015	0.23756634481833316	-1.4884279300946717	780
half_step_2	2.1950217879810845	0.0029183200600914278	1	0	0	0	1337994522.4866247	2815.156804233996	0	0	0
full_step	2.197940108041176	0.02126645110704448	1	0	0	0	1337994522.4866247	2815.156804233996	0	0	0
full_step	2.197940108041176	0.01063322555352224	1	0	0	0	1337994522.4866247	2815.156804233996	0	0	0
full_step	2.197940108041176	0.00531661277676112	1	0	0	0	1337994522.4866247	2815.156804233996	0	0	0
full_step	2.197940108041176	0.00265830638838056	1	0	0	0	1337994522.4866247	2815.156804233996	0	0	0
half_step_1	2.197940108041176	0.00132915319419028	0	0	0	0	1337994522.4866247	2815.156804233996	0	0	0
half_step_2	2.1992692612353664	0.00132915319419028	0	0	0	0	1337994522.4866247	2815.156804233996	0	0	0
full_step	2.2005984144295567	0.0132915319419028	1	0	0	0	1337994522.4866247	2815.156804233996	0	0	0
full_step	2.2005984144295567	0.0066457659709514	1	0	0	0	1337994522.4866247	2815.156804233996	0	0	0
full_step	2.2005984144295567	0.0033228829854757	1	0	0	0	1337994522.4866247	2815.156804233996	0	0	0
full_step	2.2005984144295567	0.00166144149273785	1	0	0	0	1337994522.4866247	2815.156804233996	0	0	0
full_step	2.2005984144295567	0.000830720746368925	1	0	0	0	1337994522.4866247	2815.156804233996	0	0	0
half_step_1	2.2005984144295567	0.0004153603731844625	0	0	0	0	1337994522.4866247	2815.156804233996	0	0	0
half_step_2	2.201013774802741	0.0004153603731844625	2	0	0	0	1337994522.4866247	6456.626049342875	0	-1.8624137601308466	135
full_step	2.2014291351759256	0.0041536037318446245	20	25	7	1.25	1337994522.4866247	6701566.451886574	0.30520076214452274	-1.470360324402825	628
half_step_1	2.2014291351759256	0.0020768018659223122	12	18	9	1.5	1337994522.4866247	16344845.432055004	0.30520076214452274	-1.470360324402825	628
half_step_2	2.203505937041848	0.0020768018659223122	1	0	0	0	1337994522.4866247	2815.156804233996	0	-1.9294496833036239	56
full_step	2.2055827389077702	0.020768018659223123	1	0	0	0	1337994522.4866247	2815.156804233996	0	0	0
full_step	2.2055827389077702	0.010384009329611562	1	0	0	0	1337994522.4866247	2815.156804233996	0	0	0
full_step	2.2055827389077702	0.005192004664805781	1	0	0	0	1337994522.4866247	2815.156804233996	0	0	0
half_step_1	2.2055827389077702	0.0025960023324028904	0	0	0	0	1337994522.4866247	2815.156804233996	0	0	0
half_step_2	2.208178741240173	0.0025960023324028904	0	0	0	0	1337994522.4866247	2815.156804233996	0	0	0
full_step	2.210774743572576	0.025960023324028903	1	0	0	0	1337994522.4866247	2815.156804233996	0	0	0
full_step	2.210774743572576	0.012980011662014452	1	0	0	0	1337994522.4866247	2815.156804233996	0	0	0
full_step	2.210774743572576	0.006490005831007226	1	0	0	0	1337994522.4866247	2815.156804233996	0	0	0
full_step	2.210774743572576	0.003245002915503613	1	0	0	0	1337994522.4866247	2815.156804233996	0	0	0
half_step_1	2.210774743572576	0.0016225014577518064	0	0	0	0	1337994522.4866247	2815.156804233996	0	0	0
half_step_2	2.212397245030328	0.0016225014577518064	0	0	0	0	1337994522.4866247	2815.156804233996	0	0	0
full_step	2.2140197464880798	0.016225014577518064	1	0	0	0	1337994522.4866247	2815.156804233996	0	0	0
full_step	2.2140197464880798	0.008112507288759032	1	0	0	0	1337994522.4866247	2815.156804233996	0	0	0
full_step	2.2140197464880798	0.004056253644379516	1	0	0	0	1337994522.4866247	2815.156804233996	0	0	0
full_step	2.2140197464880798	0.002028126822189758	1	0	0	0	1337994522.4866247	2815.156804233996	0	0	0
half_step_1	2.2140197464880798	0.001014063411094879	0	0	0	0	1337994522.4866247	2815.156804233996	0	0	0
half_step_2	2.2150338098991744	0.001014063411094879	0	0	0	0	1337994522.4866247	2815.156804233996	0	-1.957320484217945	14
full_step	2.2160478733102695	0.010140634110948791	15	7	5	0.4666666666666667	1337994522.4866247	12754201.70678562	0	-1.8175680853793055	267
full_step	2.2160478733102695	0.0050703170554743954	16	5	5	0.3125	1337994522.4866247	6746902.196793776	0	-1.8175680853793055	267
half_step_1	2.2160478733102695	0.0025351585277371977	13	0	0	0	1337994522.4866247	178913.44279868423	0	-1.8175680853793055	267
half_step_2	2.2185830318380066	0.0025351585277371977	2	7	7	3.5	1337994522.4866247	21997.128654075233	0	-1.9784506700408147	48
full_step	2.2160478733102695	0.0025351585277371977	15	3	3	0.2	1337994522.4866247	192066.4321432269	0	-1.8175680853793055	267
half_step_1	2.2160478733102695	0.0012675792638685989	7	0	0	0	1337994522.4866247	55034.029962047935	0	-1.8175680853793055	267
half_step_2	2.2173154525741383	0.0012675792638685989	1	0	0	0	1337994522.4866247	2815.156804233996	0	-1.7433788289206682	224
full_step	2.2185830318380066	0.012675792638685988	17	28	10	1.6470588235294117	1337994522.4866247	2177491.7356741405	0.05979181428847369	-1.728734006943322	424
half_step_1	2.2185830318380066	0.006337896319342994	12	0	0	0	1337994522.4866247	919669.6489727894	0.05979181428847369	-1.728734006943322	424
half_step_2	2.2249209281573497	0.006337896319342994	11	0	0	0	1337994522.4866247	4746412.186776283	0	-1.9560257782349313	121
full_step	2.2185830318380066	0.006337896319342994	14	0	0	0	1337994522.4866247	893282.7413787307	0.05979181428847369	-1.728734006943322	424
half_step_1	2.2185830318380066	0.003168948159671497	12	0	0	0	1337994522.4866247	259599.82229552817	0.05979181428847369	-1.728734006943322	424
half_step_2	2.221751979997678	0.003168948159671497	3	11	11	3.6666666666666665	1337994522.4866247	55448.872962255184	0	-1.9731478491340693	42
full_step	2.2249209281573497	0.03168948159671497	18	28	8	1.5555555555555556	1337994522.4866247	6304706.5495394245	0.23692099621985108	-1.5209769900286716	471
full_step	2.2249209281573497	0.015844740798357484	16	12	5	0.75	1337994522.4866247	6439836.049495734	0.23692099621985108	-1.5209769900286716	471
full_step	2.2249209281573497	0.007922370399178742	13	8	5	0.6153846153846154	1337994522.4866247	7002371.387307725	0.23692099621985108	-1.5209769900286716	471
full_step	2.2249209281573497	0.003961185199589371	14	2	2	0.14285714285714285	1337994522.4866247	1004416.2675524005	0.23692099621985108	-1.5209769900286716	471
half_step_1	2.2249209281573497	0.0019805925997946855	10	0	0	0	1337994522.4866247	576693.8173789432	0.23692099621985108	-1.5209769900286716	471
half_step_2	2.2269015207571443	0.0019805925997946855	1	0	0	0	1337994522.4866247	2815.156804233996	0	0	0
full_step	2.228882113356939	0.012216046899477879	1	0	0	0	1337994522.4866247	2815.156804233996	0	0	0
full_step	2.228882113356939	0.006108023449738939	1	0	0	0	1337994522.4866247	2815.156804233996	0	0	0
full_step	2.228882113356939	0.0030540117248694697	1	0	0	0	1337994522.4866247	2815.156804233996	0	0	0
full_step	2.228882113356939	0.0015270058624347349	1	0	0	0	1337994522.4866247	2815.156804233996	0	0	0
half_step_1	2.228882113356939	0.0007635029312173674	0	0	0	0	1337994522.4866247	2815.156804233996	0	0	0
half_step_2	2.229645616288156	0.0007635029312173674	0	0	0	0	1337994522.4866247	2815.156804233996	0	0	0
full_step	2.230409119219374	0.007635029312173674	1	0	0	0	1337994522.4866247	2815.156804233996	0	0	0
full_step	2.230409119219374	0.003817514656086837	1	0	0	0	1337994522.4866247	2815.156804233996	0	0	0
full_step	2.230409119219374	0.0019087573280434185	1	0	0	0	1337994522.4866247	2815.156804233996	0	0	0
full_step	2.230409119219374	0.0009543786640217092	1	0	0	0	1337994522.4866247	2815.156804233996	0	0	0
full_step	2.230409119219374	0.0004771893320108546	1	0	0	0	1337994522.4866247	2815.156804233996	0	0	0
half_step_1	2.230409119219374	0.0002385946660054273	0	0	0	0	1337994522.4866247	2815.156804233996	0	0	0
half_step_2	2.230647713885379	0.0002385946660054273	0	0	0	0	1337994522.4866247	2815.156804233996	0	-1.979560364672916	18
full_step	2.230886308551385	0.0023859466600542733	11	0	0	0	1337994522.4866247	319101.3895488509	0	-1.5981033603102575	38
full_step	2.230886308551385	0.0011929733300271366	13	0	0	0	1337994522.4866247	105907.24357187282	0	-1.5981033603102575	38
half_step_1	2.230886308551385	0.0005964866650135683	8	0	0	0	1337994522.4866247	40197.54237351948	0	-1.5981033603102575	38
half_step_2	2.2314827952163983	0.0005964866650135683	5	0	0	0	1337994522.4866247	32126.523433155773	0.5203796589485137	-1.6997373815766037	316
full_step	2.232079281881412	0.005964866650135683	13	16	9	1.2307692307692308	1337994522.4866247	8111102.926146068	0.21140311587805627	-1.525902686856474	611
half_step_1	2.232079281881412	0.0029824333250678416	15	27	14	1.8	1337994522.4866247	7043112.335454147	0.21140311587805627	-1.525902686856474	611
half_step_2	2.23506171520648	0.0029824333250678416	1	0	0	0	1337994522.4866247	2815.156804233996	0	0	0
full_step	2.238044148531548	0.029824333250678417	1	0	0	0	1337994522.4866247	2815.156804233996	0	0	0
full_step	2.238044148531548	0.014912166625339209	1	0	0	0	1337994522.4866247	2815.156804233996	0	0	0
full_step	2.238044148531548	0.007456083312669604	1	0	0	0	1337994522.4866247	2815.156804233996	0	0	0
half_step_1	2.238044148531548	0.003728041656334802	0	0	0	0	1337994522.4866247	2815.156804233996	0	0	0
half_step_2	2.241772190187883	0.003728041656334802	0	0	0	0	1337994522.4866247	2815.156804233996	0	0	0
full_step	2.2455002318442174	0.03728041656334802	1	0	0	0	1337994522.4866247	2815.156804233996	0	0	0
full_step	2.2455002318442174	0.01864020828167401	1	0	0	0	1337994522.4866247	2815.156804233996	0	0	0
full_step	2.2455002318442174	0.009320104140837004	1	0	0	0	1337994522.4866247	2815.156804233996	0	0	0
full_step	2.2455002318442174	0.004660052070418502	1	0	0	0	1337994522.4866247	2815.156804233996	0	0	0
half_step_1	2.2455002318442174	0.002330026035209251	0	0	0	0	1337994522.4866247	2815.156804233996	0	0	0
half_step_2	2.2478302578794267	0.002330026035209251	0	0	0	0	1337994522.4866247	2815.156804233996	0	0	0
full_step	2.250160283914636	0.02330026035209251	1	0	0	0	1337994522.4866247	2815.156804233996	0	0	0
full_step	2.250160283914636	0.011650130176046256	1	0	0	0	1337994522.4866247	2815.156804233996	0	0	0
full_step	2.250160283914636	0.005825065088023128	1	0	0	0	1337994522.4866247	2815.156804233996	0	0	0
full_step	2.250160283914636	0.002912532544011564	1	0	0	0	1337994522.4866247	2815.156804233996	0	0	0
full_step	2.250160283914636	0.001456266272005782	1	0	0	0	1337994522.4866247	2815.156804233996	0	0	0
half_step_1	2.250160283914636	0.000728133136002891	0	0	0	0	1337994522.4866247	2815.156804233996	0	0	0
half_step_2	2.2508884170506387	0.000728133136002891	0	0	0	0	1337994522.4866247	2815.156804233996	0	0	0
full_step	2.251616550186642	0.00728133136002891	16	0	0	0	1337994522.4866247	974026.0806605901	0	-1.5546291903013028	281
full_step	2.251616550186642	0.003640665680014455	14	0	0	0	1337994522.4866247	794206.2942343627	0	-1.5546291903013028	281
half_step_1	2.251616550186642	0.0018203328400072274	15	4	4	0.26666666666666666	1337994522.4866247	131312.42120037443	0	-1.5546291903013028	281
half_step_2	2.253436883026649	0.0018203328400072274	2	7	7	3.5	1337994522.4866247	14617.175777433422	0	-1.74471356021168	220
full_step	2.2552572158666564	0.018203328400072275	18	46	12	2.5555555555555554	1337994522.4866247	7508370.036489062	0.38066368669387884	-1.4140488913070155	201
full_step	2.2552572158666564	0.009101664200036138	15	22	10	1.4666666666666666	1337994522.4866247	2227849.813217285	0.38066368669387884	-1.4140488913070155	201
full_step	2.2552572158666564	0.004550832100018069	16	10	7	0.625	1337994522.4866247	604098.1760201997	0.38066368669387884	-1.4140488913070155	201
half_step_1	2.2552572158666564	0.0022754160500090344	11	0	0	0	1337994522.4866247	262157.509037592	0.38066368669387884	-1.4140488913070155	201
half_step_2	2.2575326319166655	0.0022754160500090344	2	3	3	1.5	1337994522.4866247	6439.186215421743	0	-1.7890812009001191	63
full_step	2.2598080479666747	0.016247881478756634	11	0	0	0	1337994522.4866247	5850560.472588553	0	-1.9135594621344232	294
full_step	2.2598080479666747	0.008123940739378317	12	0	0	0	1337994522.4866247	4801859.70501889	0	-1.9135594621344232	294
full_step	2.2598080479666747	0.0040619703696891584	12	0	0	0	1337994522.4866247	2713914.3486477276	0	-1.9135594621344232	294
full_step	2.2598080479666747	0.0020309851848445792	13	0	0	0	1610436802.5949483	105222.23869719337	0	-1.9135594621344232	294
full_step	2.2598080479666747	0.0010154925924222896	8	0	0	0	1610436802.5949483	368902.75026364863	0	-1.9135594621344232	294
half_step_1	2.2598080479666747	0.0005077462962111448	1	2	2	2	1610436802.5949483	2815.156804233996	0	-1.9135594621344232	294
half_step_2	2.260315794262886	0.0005077462962111448	9	0	0	0	1610436802.5949483	22209.431840096597	0	-1.7367781802780158	507
full_step	2.260823540559097	0.005077462962111448	19	28	5	1.4736842105263157	1610436802.5949483	788862.7310858648	0.6548138743455638	-1.575956146996353	812
half_step_1	2.260823540559097	0.002538731481055724	15	30	7	2	1610436802.5949483	518024.5521015163	0.6548138743455638	-1.575956146996353	812
half_step_2	2.2633622720401525	0.002538731481055724	18	31	12	1.7222222222222223	1610436802.5949483	1392357.4693972946	0.5212718026959919	-1.3185802329117575	441
full_step	2.265901003521208	0.022440869063591145	14	3	3	0.21428571428571427	1610436802.5949483	788603.2984140861	0	-1.7842011077446378	168
full_step	2.265901003521208	0.011220434531795572	8	0	0	0	1610436802.5949483	2018648.3250912612	0	-1.7842011077446378	168
half_step_1	2.265901003521208	0.005610217265897786	9	0	0	0	1610436802.5949483	165665.28946594853	0	-1.7842011077446378	168
full_step	2.265901003521208	0.005610217265897786	12	0	0	0	1610436802.5949483	93509.56302136638	0	-1.7842011077446378	168
full_step	2.265901003521208	0.002805108632948893	9	0	0	0	1610436802.5949483	88328.96501602614	0	-1.7842011077446378	168
half_step_1	2.265901003521208	0.0014025543164744466	1	3	3	3	1610436802.5949483	2815.156804233996	0	-1.7842011077446378	168
half_step_2	2.267303557837683	0.0014025543164744466	9	0	0	0	1610436802.5949483	1110296.789099317	0	-1.5802484158938355	277
full_step	2.268706112154157	0.014025543164744466	7	0	0	0	1610436802.5949483	1644619.3601844006	0	-1.9224676550525173	60
half_step_1	2.268706112154157	0.007012771582372233	10	0	0	0	1610436802.5949483	2815.156804233996	0	-1.9224676550525173	60
half_step_2	2.275718883736529	0.007012771582372233	1	0	0	0	1610436802.5949483	2815.156804233996	0	0	0
full_step	2.268706112154157	0.007012771582372233	11	0	0	0	1610436802.5949483	2815.156804233996	0	-1.9224676550525173	60
half_step_1	2.268706112154157	0.0035063857911861165	3	0	0	0	1610436802.5949483	11618.209903939482	0	-1.9224676550525173	60
half_step_2	2.272212497945343	0.0035063857911861165	1	0	0	0	1610436802.5949483	2815.156804233996	0	0	0
full_step	2.275718883736529	0.03506385791186117	1	0	0	0	1610436802.5949483	2815.156804233996	0	0	0
full_step	2.275718883736529	0.017531928955930583	1	0	0	0	1610436802.5949483	2815.156804233996	0	0	0
full_step	2.275718883736529	0.008765964477965292	1	0	0	0	1610436802.5949483	2815.156804233996	0	0	0
full_step	2.275718883736529	0.004382982238982646	1	0	0	0	1610436802.5949483	2815.156804233996	0	0	0
full_step	2.275718883736529	0.002191491119491323	1	0	0	0	1610436802.5949483	2815.156804233996	0	0	0
half_step_1	2.275718883736529	0.0010957455597456615	0	0	0	0	1610436802.5949483	2815.156804233996	0	0	0
half_step_2	2.276814629296275	0.0010957455597456615	0	0	0	0	1610436802.5949483	2815.156804233996	0	0	0
full_step	2.2779103748560203	0.010957455597456615	1	0	0	0	1610436802.5949483	2815.156804233996	0	0	0
full_step	2.2779103748560203	0.0054787277987283075	1	0	0	0	1610436802.5949483	2815.156804233996	0	0	0
full_step	2.2779103748560203	0.0027393638993641538	1	0	0	0	1610436802.5949483	2815.156804233996	0	0	0
full_step	2.2779103748560203	0.0013696819496820769	1	0	0	0	1610436802.5949483	2815.156804233996	0	0	0
half_step_1	2.2779103748560203	0.0006848409748410384	0	0	0	0	1610436802.5949483	2815.156804233996	0	0	0
half_step_2	2.2785952158308613	0.0006848409748410384	12	0	0	0	1610436802.5949483	33324.54226944567	0	-1.8773318111455557	95
full_step	2.2792800568057023	0.006848409748410385	13	0	0	0	1610436802.5949483	443464.001062576	0.051803074489725986	-1.6368232433129595	139
full_step	2.2792800568057023	0.0034242048742051923	13	0	0	0	1610436802.5949483	207105.47822025378	0.051803074489725986	-1.6368232433129595	139
half_step_1	2.2792800568057023	0.0017121024371025962	9	0	0	0	1610436802.5949483	102979.46306733457	0.051803074489725986	-1.6368232433129595	139
half_step_2	2.280992159242805	0.0017121024371025962	12	3	3	0.25	1610436802.5949483	1283302.5299015325	0	-1.9402263899487733	180
full_step	2.2827042616799074	0.017121024371025962	10	0	0	0	1610436802.5949483	9965609.12088275	0	-1.871158884997601	195
full_step	2.2827042616799074	0.008560512185512981	11	2	2	0.18181818181818182	1610436802.5949483	3538352.774203275	0	-1.871158884997601	195
full_step	2.2827042616799074	0.0042802560927564905	13	0	0	0	1610436802.5949483	546517.7549606155	0	-1.871158884997601	195
full_step	2.2827042616799074	0.0021401280463782453	14	3	3	0.21428571428571427	1610436802.5949483	102547.02736651008	0	-1.871158884997601	195
half_step_1	2.2827042616799074	0.0010700640231891226	2	3	3	1.5	1610436802.5949483	30923.823590175576	0	-1.871158884997601	195
half_step_2	2.2837743257030967	0.0010700640231891226	17	19	7	1.1176470588235294	1610436802.5949483	488996.625298699	0.06871920588309877	-1.6764579867346863	374
full_step	2.2848443897262856	0.010700640231891226	12	3	3	0.25	1610436802.5949483	10867141.946724433	0	-1.8522237458226751	223
full_step	2.2848443897262856	0.005350320115945613	14	7	4	0.5	1610436802.5949483	279624.5918280846	0	-1.8522237458226751	223
full_step	2.2848443897262856	0.0026751600579728065	12	0	0	0	1610436802.5949483	92317.05422740847	0	-1.8522237458226751	223
half_step_1	2.2848443897262856	0.0013375800289864032	2	7	6	3.5	1610436802.5949483	23474.192679552383	0	-1.8522237458226751	223
half_step_2	2.286181969755272	0.0013375800289864032	9	0	0	0	1610436802.5949483	70721.439830158	0	-1.7157412725313563	302
full_step	2.287519549784258	0.013375800289864032	9	0	0	0	1610436802.5949483	863249.8011421742	0	-1.9212171455572387	37
full_step	2.287519549784258	0.006687900144932016	7	0	0	0	1610436802.5949483	1328259.627810588	0	-1.9212171455572387	37
full_step	2.287519549784258	0.003343950072466008	4	5	5	1.25	1610436802.5949483	39977.53850235884	0	-1.9212171455572387	37
full_step	2.287519549784258	0.001671975036233004	1	0	0	0	1610436802.5949483	2815.156804233996	0	-1.9212171455572387	37
half_step_1	2.287519549784258	0.000835987518116502	0	0	0	0	1610436802.5949483	2815.156804233996	0	-1.9212171455572387	37
half_step_2	2.2883555373023747	0.000835987518116502	0	0	0	0	1610436802.5949483	2815.156804233996	0	-1.9753952547875469	47
full_step	2.2891915248204913	0.00835987518116502	1	0	0	0	1610436802.5949483	2815.156804233996	0	0	0
full_step	2.2891915248204913	0.00417993759058251	1	0	0	0	1610436802.5949483	2815.156804233996	0	0	0
full_step	2.2891915248204913	0.002089968795291255	1	0	0	0	1610436802.5949483	2815.156804233996	0	0	0
full_step	2.2891915248204913	0.0010449843976456275	1	0	0	0	1610436802.5949483	2815.156804233996	0	0	0
full_step	2.2891915248204913	0.0005224921988228137	1	0	0	0	1610436802.5949483	2815.156804233996	0	0	0
half_step_1	2.2891915248204913	0.00026124609941140687	0	0	0	0	1610436802.5949483	2815.156804233996	0	0	0
half_step_2	2.289452770919903	0.00026124609941140687	0	0	0	0	1610436802.5949483	2815.156804233996	0	-1.9792688801485219	55
full_step	2.289714017019314	0.0026124609941140685	16	9	9	0.5625	1610436802.5949483	316105.58158042666	0	-1.7961366615849212	224
full_step	2.289714017019314	0.0013062304970570342	17	7	5	0.4117647058823529	1610436802.5949483	142014.4787303955	0	-1.7961366615849212	224
half_step_1	2.289714017019314	0.0006531152485285171	11	4	4	0.36363636363636365	1610436802.5949483	104809.41907964171	0	-1.7961366615849212	224
half_step_2	2.2903671322678427	0.0006531152485285171	12	0	0	0	1610436802.5949483	47297.754930253934	0.4024583593418356	-1.4915734085031116	350
full_step	2.291020247516371	0.0065311524852851716	12	8	8	0.6666666666666666	1610436802.5949483	1473595.443877039	0.5559464361067512	-1.6099234943167746	247
half_step_1	2.291020247516371	0.0032655762426425858	13	22	10	1.6923076923076923	1610436802.5949483	1423432.6480684062	0.5559464361067512	-1.6099234943167746	247
half_step_2	2.294285823759014	0.0032655762426425858	1	0	0	0	1610436802.5949483	2815.156804233996	0	0	0
full_step	2.297551400001656	0.03265576242642586	13	0	0	0	1610436802.5949483	1354658.5714901134	0	-1.7491975505053723	319
full_step	2.297551400001656	0.01632788121321293	15	15	13	1	1610436802.5949483	1331535.4045602104	0	-1.7491975505053723	319
full_step	2.297551400001656	0.008163940606606464	20	12	12	0.6	1610436802.5949483	377016.79338213935	0	-1.7491975505053723	319
half_step_1	2.297551400001656	0.004081970303303232	14	0	0	0	1610436802.5949483	343482.20694867824	0	-1.7491975505053723	319
half_step_2	2.3016333703049594	0.004081970303303232	1	0	0	0	1610436802.5949483	2815.156804233996	0	0	0
full_step	2.3057153406082627	0.040819703033032326	1	0	0	0	1610436802.5949483	2815.156804233996	0	0	0
full_step	2.3057153406082627	0.020409851516516163	1	0	0	0	1610436802.5949483	2815.156804233996	0	0	0
full_step	2.3057153406082627	0.010204925758258081	1	0	0	0	1610436802.5949483	2815.156804233996	0	0	0
full_step	2.3057153406082627	0.005102462879129041	1	0	0	0	1610436802.5949483	2815.156804233996	0	0	0
full_step	2.3057153406082627	0.0025512314395645204	1	0	0	0	1610436802.5949483	2815.156804233996	0	0	0
half_step_1	2.3057153406082627	0.0012756157197822602	0	0	0	0	1610436802.5949483	2815.156804233996	0	0	0
half_step_2	2.306990956328045	0.0012756157197822602	0	0	0	0	1610436802.5949483	2815.156804233996	0	0	0
full_step	2.308266572047827	0.012756157197822603	16	4	4	0.25	1610436802.5949483	7692051.449432418	0.4406260373216355	-1.6958459179594314	548
full_step	2.308266572047827	0.006378078598911301	14	19	8	1.3571428571428572	1610436802.5949483	12323345.480089895	0.4406260373216355	-1.6958459179594314	548
full_step	2.308266572047827	0.0031890392994556507	16	2	2	0.125	1610436802.5949483	1873222.770488788	0.4406260373216355	-1.6958459179594314	548
half_step_1	2.308266572047827	0.0015945196497278253	14	1	1	0.07142857142857142	1610436802.5949483	7939131.2119316645	0.4406260373216355	-1.6958459179594314	548
half_step_2	2.309861091697555	0.0015945196497278253	6	9	9	1.5	1610436802.5949483	33516.23489002081	0	-1.8035165809711522	589
full_step	2.3114556113472826	0.007484663867538153	4	15	10	3.75	1610436802.5949483	53319512.27017902	0	-1.7051087914661476	151
full_step	2.3114556113472826	0.0037423319337690766	3	12	12	4	1610436802.5949483	22661805.02875402	0	-1.7051087914661476	151
full_step	2.3114556113472826	0.0018711659668845383	1	0	0	0	1610436802.5949483	2815.156804233996	0	-1.7051087914661476	151
half_step_1	2.3114556113472826	0.0009355829834422692	0	0	0	0	1610436802.5949483	2815.156804233996	0	-1.7051087914661476	151
half_step_2	2.3123911943307247	0.0009355829834422692	3	0	0	0	1610436802.5949483	10915.061740560592	0	-1.9093715212109974	73
full_step	2.3133267773141672	0.009355829834422692	10	0	0	0	1610436802.5949483	1924334.7019243548	0	-1.8048149024404094	92
full_step	2.3133267773141672	0.004677914917211346	12	0	0	0	1610436802.5949483	319888.4975189437	0	-1.8048149024404094	92
half_step_1	2.3133267773141672	0.002338957458605673	9	0	0	0	1610436802.5949483	86433.28965909749	0	-1.8048149024404094	92
half_step_2	2.315665734772773	0.002338957458605673	3	3	3	1	1610436802.5949483	46422.01667168607	0	-1.9143149534419628	103
full_step	2.3180046922313786	0.02338957458605673	12	4	4	0.3333333333333333	1610436802.5949483	5811845.213135598	0	-1.8049958645627435	180
full_step	2.3180046922313786	0.011694787293028365	10	0	0	0	1610436802.5949483	1828666.46220827	0	-1.8049958645627435	180
full_step	2.3180046922313786	0.005847393646514183	11	0	0	0	1610436802.5949483	454391.8807864239	0	-1.8049958645627435	180
full_step	2.3180046922313786	0.0029236968232570913	10	0	0	0	1610436802.5949483	111427.66385762955	0	-1.8049958645627435	180
full_step	2.3180046922313786	0.0014618484116285457	4	0	0	0	1610436802.5949483	27583.411161880253	0	-1.8049958645627435	180
half_step_1	2.3180046922313786	0.0007309242058142728	1	3	3	3	1610436802.5949483	2815.156804233996	0	-1.8049958645627435	180
half_step_2	2.318735616437193	0.0007309242058142728	7	0	0	0	1610436802.5949483	18900.823115919437	0	-1.8232446683460344	329
full_step	2.319466540643007	0.007309242058142728	15	6	3	0.4	1610436802.5949483	4636718.531468029	0.3558147007061052	-1.6395802975180118	1368
half_step_1	2.319466540643007	0.003654621029071364	21	21	6	1	1610436802.5949483	893248.5795540534	0.3558147007061052	-1.6395802975180118	1368
half_step_2	2.3231211616720784	0.003654621029071364	1	0	0	0	1610436802.5949483	2815.156804233996	0	0	0
full_step	2.319466540643007	0.003654621029071364	22	26	6	1.1818181818181819	1610436802.5949483	1115971.9293889985	0.3558147007061052	-1.6395802975180118	1368
half_step_1	2.319466540643007	0.001827310514535682	17	16	9	0.9411764705882353	1610436802.5949483	1195825.225271826	0.3558147007061052	-1.6395802975180118	1368
half_step_2	2.321293851157543	0.001827310514535682	1	0	0	0	1610436802.5949483	2815.156804233996	0	-1.6922529169113136	164
full_step	2.3231211616720784	0.01827310514535682	9	5	5	0.5555555555555556	1610436802.5949483	12154101.817934122	0	-1.9258268181779008	80
full_step	2.3231211616720784	0.00913655257267841	13	8	4	0.6153846153846154	1610436802.5949483	1269753.9491373277	0	-1.9258268181779008	80
half_step_1	2.3231211616720784	0.004568276286339205	10	3	3	0.3	1610436802.5949483	1947599.2246567404	0	-1.9258268181779008	80
half_step_2	2.3276894379584174	0.004568276286339205	1	0	0	0	1610436802.5949483	2815.156804233996	0	0	0
full_step	2.332257714244757	0.045682762863392054	1	0	0	0	1610436802.5949483	2815.156804233996	0	0	0
full_step	2.332257714244757	0.022841381431696027	1	0	0	0	1610436802.5949483	2815.156804233996	0	0	0
full_step	2.332257714244757	0.011420690715848014	1	0	0	0	1610436802.5949483	2815.156804233996	0	0	0
full_step	2.332257714244757	0.005710345357924007	1	0	0	0	1610436802.5949483	2815.156804233996	0	0	0
half_step_1	2.332257714244757	0.0028551726789620034	0	0	0	0	1610436802.5949483	2815.156804233996	0	0	0
half_step_2	2.335112886923719	0.0028551726789620034	0	0	0	0	1610436802.5949483	2815.156804233996	0	0	0
full_step	2.337968059602681	0.028551726789620036	1	0	0	0	1610436802.5949483	2815.156804233996	0	0	0
full_step	2.337968059602681	0.014275863394810018	1	0	0	0	1610436802.5949483	2815.156804233996	0	0	0
full_step	2.337968059602681	0.007137931697405009	1	0	0	0	1610436802.5949483	2815.156804233996	0	0	0
full_step	2.337968059602681	0.0035689658487025044	1	0	0	0	1610436802.5949483	2815.156804233996	0	0	0
full_step	2.337968059602681	0.0017844829243512522	1	0	0	0	1610436802.5949483	2815.156804233996	0	0	0
half_step_1	2.337968059602681	0.0008922414621756261	0	0	0	0	1610436802.5949483	2815.156804233996	0	0	0
half_step_2	2.3388603010648565	0.0008922414621756261	0	0	0	0	1610436802.5949483	2815.156804233996	0	0	0
full_step	2.3397525425270325	0.008922414621756261	18	6	3	0.3333333333333333	1610436802.5949483	4631858.660767481	0	-1.527766535258861	247
full_step	2.3397525425270325	0.0044612073108781305	13	3	3	0.23076923076923078	1610436802.5949483	6806613.662931339	0	-1.527766535258861	247
half_step_1	2.3397525425270325	0.0022306036554390653	12	7	7	0.5833333333333334	1610436802.5949483	1617745.1178547912	0	-1.527766535258861	247
half_step_2	2.3419831461824714	0.0022306036554390653	1	0	0	0	1610436802.5949483	2815.156804233996	0	0	0
full_step	2.3442137498379108	0.022306036554390653	10	0	0	0	1610436802.5949483	16760633.56305448	0	-1.9441715413494378	113
full_step	2.3442137498379108	0.011153018277195326	11	3	3	0.2727272727272727	1610436802.5949483	6771355.591199272	0	-1.9441715413494378	113
full_step	2.3442137498379108	0.005576509138597663	10	3	3	0.3	1610436802.5949483	6391621.708895544	0	-1.9441715413494378	113
full_step	2.3442137498379108	0.0027882545692988316	11	0	0	0	1610436802.5949483	6190069.412612366	0	-1.9441715413494378	113
full_step	2.3442137498379108	0.0013941272846494158	14	0	0	0	1610436802.5949483	1946555.4706103972	0	-1.9441715413494378	113
half_step_1	2.3442137498379108	0.0006970636423247079	2	4	4	2	1610436802.5949483	6358.356519258271	0	-1.9441715413494378	113
half_step_2	2.3449108134802357	0.0006970636423247079	7	0	0	0	1610436802.5949483	44241.44899530959	0.4051956856637844	-1.5311433720093444	282
full_step	2.34560787712256	0.0069706364232470786	13	0	0	0	1610436802.5949483	1545976.417981102	0.30465728296985617	-1.5405193675717794	337
full_step	2.34560787712256	0.0034853182116235393	13	0	0	0	1610436802.5949483	1626504.4732389755	0.30465728296985617	-1.5405193675717794	337
full_step	2.34560787712256	0.0017426591058117696	15	3	3	0.2	1610436802.5949483	65756.70960313085	0.30465728296985617	-1.5405193675717794	337
full_step	2.34560787712256	0.0008713295529058848	7	0	0	0	1610436802.5949483	37518.35165050538	0.30465728296985617	-1.5405193675717794	337
half_step_1	2.34560787712256	0.0004356647764529424	2	0	0	0	1610436802.5949483	13009.342209586066	0.30465728296985617	-1.5405193675717794	337
half_step_2	2.346043541899013	0.0004356647764529424	3	0	0	0	1610436802.5949483	12988.382311078234	0.11686700146674411	-1.7564178143670806	487
full_step	2.346479206675466	0.004356647764529424	19	18	10	0.9473684210526315	1610436802.5949483	2302110.0964606744	0.7342591506312601	-1.621191473596973	875
half_step_1	2.346479206675466	0.002178323882264712	15	11	9	0.7333333333333333	1610436802.5949483	2175112.6971758585	0.7342591506312601	-1.621191473596973	875
half_step_2	2.348657530557731	0.002178323882264712	7	0	0	0	1610436802.5949483	1937977.803415277	0	-1.933971261256465	16
full_step	2.3508358544399957	0.02178323882264712	11	0	0	0	1610436802.5949483	2430372.4034377486	0	-1.9555899212852126	102
full_step	2.3508358544399957	0.01089161941132356	10	3	3	0.3	1610436802.5949483	10104007.284040287	0	-1.9555899212852126	102
full_step	2.3508358544399957	0.00544580970566178	12	3	3	0.25	1610436802.5949483	4054500.580021737	0	-1.9555899212852126	102
half_step_1	2.3508358544399957	0.00272290485283089	8	0	0	0	1610436802.5949483	8217436.622729137	0	-1.9555899212852126	102
half_step_2	2.3535587592928264	0.00272290485283089	7	0	0	0	1610436802.5949483	620622.56090965	0	-1.9438141911491922	62
full_step	2.3562816641456577	0.027229048528308902	1	0	0	0	1610436802.5949483	2815.156804233996	0	0	0
full_step	2.3562816641456577	0.013614524264154451	1	0	0	0	1610436802.5949483	2815.156804233996	0	0	0
full_step	2.3562816641456577	0.006807262132077226	1	0	0	0	1610436802.5949483	2815.156804233996	0	0	0
half_step_1	2.3562816641456577	0.003403631066038613	0	0	0	0	1610436802.5949483	2815.156804233996	0	0	0
half_step_2	2.3596852952116962	0.003403631066038613	0	0	0	0	1610436802.5949483	2815.156804233996	0	0	0
full_step	2.363088926277735	0.03403631066038613	1	0	0	0	1610436802.5949483	2815.156804233996	0	0	0
full_step	2.363088926277735	0.017018155330193064	1	0	0	0	1610436802.5949483	2815.156804233996	0	0	0
full_step	2.363088926277735	0.008509077665096532	1	0	0	0	1610436802.5949483	2815.156804233996	0	0	0
full_step	2.363088926277735	0.004254538832548266	1	0	0	0	1610436802.5949483	2815.156804233996	0	0	0
full_step	2.363088926277735	0.002127269416274133	1	0	0	0	1610436802.5949483	2815.156804233996	0	0	0
full_step	2.363088926277735	0.0010636347081370665	1	0	0	0	1610436802.5949483	2815.156804233996	0	0	0
half_step_1	2.363088926277735	0.0005318173540685332	0	0	0	0	1610436802.5949483	2815.156804233996	0	0	0
half_step_2	2.3636207436318033	0.0005318173540685332	0	0	0	0	1610436802.5949483	2815.156804233996	0	-1.9731865738498624	56
full_step	2.364152560985872	0.005318173540685332	13	0	0	0	1610436802.5949483	589635.8227096517	0	-1.8053811157029287	195
half_step_1	2.364152560985872	0.002659086770342666	10	0	0	0	1610436802.5949483	330329.35107666237	0	-1.8053811157029287	195
half_step_2	2.3668116477562147	0.002659086770342666	1	0	0	0	1610436802.5949483	2815.156804233996	0	0	0
full_step	2.369470734526557	0.02659086770342666	1	0	0	0	1610436802.5949483	2815.156804233996	0	0	0
full_step	2.369470734526557	0.01329543385171333	1	0	0	0	1610436802.5949483	2815.156804233996	0	0	0
full_step	2.369470734526557	0.006647716925856665	1	0	0	0	1610436802.5949483	2815.156804233996	0	0	0
full_step	2.369470734526557	0.0033238584629283327	1	0	0	0	1610436802.5949483	2815.156804233996	0	0	0
full_step	2.369470734526557	0.0016619292314641663	1	0	0	0	1610436802.5949483	2815.156804233996	0	0	0
full_step	2.369470734526557	0.0008309646157320832	1	0	0	0	1610436802.5949483	2815.156804233996	0	0	0
half_step_1	2.369470734526557	0.0004154823078660416	0	0	0	0	1610436802.5949483	2815.156804233996	0	0	0
half_step_2	2.369886216834423	0.0004154823078660416	9	0	0	0	1610436802.5949483	14712.675273736097	0	-1.872275523537047	307
full_step	2.3703016991422894	0.004154823078660416	17	14	9	0.8235294117647058	1610436802.5949483	2680980.9684020905	0.45691833063028753	-1.5306045604201373	431
full_step	2.3703016991422894	0.002077411539330208	17	31	12	1.8235294117647058	1610436802.5949483	2669469.3385361484	0.45691833063028753	-1.5306045604201373	431
half_step_1	2.3703016991422894	0.001038705769665104	15	19	8	1.2666666666666666	1610436802.5949483	1874166.838016077	0.45691833063028753	-1.5306045604201373	431
half_step_2	2.3713404049119546	0.001038705769665104	2	3	3	1.5	1610436802.5949483	22946.5548915574	0	-1.8084175629687056	260
full_step	2.3723791106816194	0.01038705769665104	15	3	3	0.2	1610436802.5949483	5947923.338135253	0	-1.8442552238292858	263
full_step	2.3723791106816194	0.00519352884832552	15	5	5	0.3333333333333333	1610436802.5949483	1887409.5323292508	0	-1.8442552238292858	263
full_step	2.3723791106816194	0.00259676442416276	13	0	0	0	1610436802.5949483	618983.2164748441	0	-1.8442552238292858	263
full_step	2.3723791106816194	0.00129838221208138	13	0	0	0	1610436802.5949483	168114.26647304313	0	-1.8442552238292858	263
full_step	2.3723791106816194	0.00064919110604069	13	0	0	0	1610436802.5949483	33542.131587190066	0	-1.8442552238292858	263
half_step_1	2.3723791106816194	0.000324595553020345	2	3	3	1.5	1610436802.5949483	5130.59555943237	0	-1.8442552238292858	263
half_step_2	2.3727037062346397	0.000324595553020345	13	8	5	0.6153846153846154	1610436802.5949483	25181.50904099549	0.28599503757141065	-1.5959650762836728	641
full_step	2.3730283017876603	0.00324595553020345	20	18	6	0.9	1610436802.5949483	1489098.6329627212	0.727189085468126	-1.430630250410368	626
full_step	2.3730283017876603	0.001622977765101725	17	13	8	0.7647058823529411	1610436802.5949483	1530681.0937709839	0.727189085468126	-1.430630250410368	626
half_step_1	2.3730283017876603	0.0008114888825508625	8	20	9	2.5	1610436802.5949483	660715.390846741	0.727189085468126	-1.430630250410368	626
half_step_2	2.3738397906702113	0.0008114888825508625	10	14	8	1.4	1610436802.5949483	1495902.1460341958	0.39303635152464267	-1.5265639844837273	422
full_step	2.374651279552762	0.008114888825508626	11	0	0	0	1610436802.5949483	5430687.045304063	0.3727313571362174	-1.4923344660975477	171
full_step	2.374651279552762	0.004057444412754313	11	0	0	0	1610436802.5949483	5551239.406554857	0.3727313571362174	-1.4923344660975477	171
full_step	2.374651279552762	0.0020287222063771564	10	0	0	0	1610436802.5949483	270848.4137760742	0.3727313571362174	-1.4923344660975477	171
full_step	2.374651279552762	0.0010143611031885782	4	0	0	0	1610436802.5949483	21385.599642301688	0.3727313571362174	-1.4923344660975477	171
half_step_1	2.374651279552762	0.0005071805515942891	1	2	2	2	1610436802.5949483	5624.604809719005	0.3727313571362174	-1.4923344660975477	171
half_step_2	2.3751584601043563	0.0005071805515942891	1	0	0	0	1610436802.5949483	2826.9507203569947	0.12108408610583865	-1.368144508746075	207
full_step	2.3756656406559507	0.005071805515942891	17	6	3	0.35294117647058826	1610436802.5949483	1947193.8967644752	0	-1.6008837883943265	400
half_step_1	2.3756656406559507	0.0025359027579714456	13	10	7	0.7692307692307693	1610436802.5949483	6899405.736445796	0	-1.6008837883943265	400
half_step_2	2.378201543413922	0.0025359027579714456	1	0	0	0	1610436802.5949483	2815.156804233996	0	0	0
full_step	2.3807374461718935	0.025359027579714456	1	0	0	0	1610436802.5949483	2815.156804233996	0	0	0
full_step	2.3807374461718935	0.012679513789857228	1	0	0	0	1610436802.5949483	2815.156804233996	0	0	0
full_step	2.3807374461718935	0.006339756894928614	1	0	0	0	1610436802.5949483	2815.156804233996	0	0	0
half_step_1	2.3807374461718935	0.003169878447464307	0	0	0	0	1610436802.5949483	2815.156804233996	0	0	0
half_step_2	2.383907324619358	0.003169878447464307	0	0	0	0	1610436802.5949483	2815.156804233996	0	0	0
full_step	2.387077203066822	0.03169878447464307	1	0	0	0	1610436802.5949483	2815.156804233996	0	0	0
full_step	2.387077203066822	0.015849392237321534	1	0	0	0	1610436802.5949483	2815.156804233996	0	0	0
full_step	2.387077203066822	0.007924696118660767	1	0	0	0	1610436802.5949483	2815.156804233996	0	0	0
full_step	2.387077203066822	0.003962348059330384	1	0	0	0	1610436802.5949483	2815.156804233996	0	0	0
full_step	2.387077203066822	0.001981174029665192	1	0	0	0	1610436802.5949483	2815.156804233996	0	0	0
half_step_1	2.387077203066822	0.000990587014832596	0	0	0	0	1610436802.5949483	2815.156804233996	0	0	0
half_step_2	2.3880677900816547	0.000990587014832596	0	0	0	0	1610436802.5949483	2815.156804233996	0	0	0
full_step	2.3890583770964873	0.00990587014832596	15	2	2	0.13333333333333333	1610436802.5949483	1191026.7198416768	0	-1.691195951466295	151
full_step	2.3890583770964873	0.00495293507416298	13	3	3	0.23076923076923078	1610436802.5949483	871076.2265473425	0	-1.691195951466295	151
half_step_1	2.3890583770964873	0.00247646753708149	13	2	2	0.15384615384615385	1610436802.5949483	197189.300008926	0	-1.691195951466295	151
half_step_2	2.391534844633569	0.00247646753708149	1	0	0	0	1610436802.5949483	2815.156804233996	0	0	0
full_step	2.39401131217065	0.0247646753708149	12	3	3	0.25	1610436802.5949483	7198459.5408976525	0.08088219870114699	-1.4808149914947912	242
full_step	2.39401131217065	0.01238233768540745	14	0	0	0	1610436802.5949483	6152331.337302994	0.08088219870114699	-1.4808149914947912	242
full_step	2.39401131217065	0.006191168842703725	15	3	3	0.2	1610436802.5949483	1266544.209312746	0.08088219870114699	-1.4808149914947912	242
full_step	2.39401131217065	0.0030955844213518624	15	0	0	0	1610436802.5949483	271132.6356113046	0.08088219870114699	-1.4808149914947912	242
half_step_1	2.39401131217065	0.0015477922106759312	9	0	0	0	1610436802.5949483	84638.6684124009	0.08088219870114699	-1.4808149914947912	242
half_step_2	2.3955591043813262	0.0015477922106759312	1	3	3	3	1610436802.5949483	2815.156804233996	0	-1.9400292583032648	168
full_step	2.397106896592002	0.015477922106759311	12	0	0	0	1610436802.5949483	5938212.148932875	0	-1.895911536812163	289
full_step	2.397106896592002	0.007738961053379656	12	2	2	0.16666666666666666	1610436802.5949483	6668427.716550371	0	-1.895911536812163	289
full_step	2.397106896592002	0.003869480526689828	12	3	3	0.25	1610436802.5949483	1361553.027263116	0	-1.895911536812163	289
full_step	2.397106896592002	0.001934740263344914	14	0	0	0	1610436802.5949483	119358.41252964849	0	-1.895911536812163	289
half_step_1	2.397106896592002	0.000967370131672457	1	3	3	3	1610436802.5949483	10227.068682552323	0	-1.895911536812163	289
half_step_2	2.3980742667236745	0.000967370131672457	4	0	0	0	1610436802.5949483	35472.63459206355	0	-1.8186210316872715	475
full_step	2.3990416368553467	0.00967370131672457	15	0	0	0	1610436802.5949483	2874183.5441088476	0.781820323318243	-1.7708853744766835	757
full_step	2.3990416368553467	0.004836850658362285	15	0	0	0	1610436802.5949483	1394307.0903665242	0.781820323318243	-1.7708853744766835	757
full_step	2.3990416368553467	0.0024184253291811425	16	6	6	0.375	1610436802.5949483	1502181.284667642	0.781820323318243	-1.7708853744766835	757
full_step	2.3990416368553467	0.0012092126645905713	18	31	9	1.7222222222222223	1610436802.5949483	1596910.4040689277	0.781820323318243	-1.7708853744766835	757
half_step_1	2.3990416368553467	0.0006046063322952856	14	26	10	1.8571428571428572	1610436802.5949483	1627523.7055886167	0.781820323318243	-1.7708853744766835	757
half_step_2	2.3996462431876417	0.0006046063322952856	20	52	11	2.6	1610436802.5949483	889555.8627443276	0.264747859313502	-1.5938153847352166	515
full_step	2.4002508495199373	0.006046063322952856	14	15	10	1.0714285714285714	1610436802.5949483	7207533.68392634	0.41678083293663803	-1.5421975709651412	381
full_step	2.4002508495199373	0.003023031661476428	14	15	9	1.0714285714285714	1610436802.5949483	9240212.041211132	0.41678083293663803	-1.5421975709651412	381
half_step_1	2.4002508495199373	0.001511515830738214	14	42	13	3	1610436802.5949483	3388494.900679944	0.41678083293663803	-1.5421975709651412	381
half_step_2	2.4017623653506757	0.001511515830738214	2	4	4	2	1610436802.5949483	6561.923047651561	0	-1.7039676839408642	103
full_step	2.4032738811814136	0.01511515830738214	13	10	5	0.7692307692307693	1610436802.5949483	4389832.63592073	1.4604042850551195	-1.3966338843756245	425
half_step_1	2.4032738811814136	0.00755757915369107	14	8	5	0.5714285714285714	1610436802.5949483	1851420.9668527478	1.4604042850551195	-1.3966338843756245	425
full_step	2.4032738811814136	0.00755757915369107	15	5	5	0.3333333333333333	1610436802.5949483	1851119.6419791766	1.4604042850551195	-1.3966338843756245	425
full_step	2.4032738811814136	0.003778789576845535	11	0	0	0	1610436802.5949483	5102704.339352988	1.4604042850551195	-1.3966338843756245	425
half_step_1	2.4032738811814136	0.0018893947884227676	14	0	0	0	1610436802.5949483	1638148.771316534	1.4604042850551195	-1.3966338843756245	425
half_step_2	2.4051632759698363	0.0018893947884227676	5	0	0	0	1610436802.5949483	509823.54182551074	0	-1.4057421306968203	218
full_step	2.4070526707582593	0.018893947884227675	16	4	4	0.25	1610436802.5949483	159980.32871037902	0	-1.5459538709985958	212
full_step	2.4070526707582593	0.009446973942113837	16	8	8	0.5	1610436802.5949483	75800.85183790252	0	-1.5459538709985958	212
full_step	2.4070526707582593	0.004723486971056919	14	5	5	0.35714285714285715	1610436802.5949483	110258.99828920909	0	-1.5459538709985958	212
full_step	2.4070526707582593	0.0023617434855284594	9	0	0	0	1610436802.5949483	1589199.2633178383	0	-1.5459538709985958	212
full_step	2.4070526707582593	0.0011808717427642297	9	0	0	0	1610436802.5949483	420189.6925459424	0	-1.5459538709985958	212
half_step_1	2.4070526707582593	0.0005904358713821148	1	0	0	0	1610436802.5949483	11038.84371114385	0	-1.5459538709985958	212
half_step_2	2.4076431066296413	0.0005904358713821148	13	0	0	0	1610436802.5949483	79345.59353309523	0	-1.6716446776772567	442
full_step	2.4082335425010237	0.005904358713821148	11	2	2	0.18181818181818182	1610436802.5949483	14365731.41162274	0	-1.8514229297823412	384
full_step	2.4082335425010237	0.002952179356910574	21	15	7	0.7142857142857143	1610436802.5949483	270138.8194156866	0	-1.8514229297823412	384
half_step_1	2.4082335425010237	0.001476089678455287	6	0	0	0	1610436802.5949483	1518302.8909631078	0	-1.8514229297823412	384
half_step_2	2.409709632179479	0.001476089678455287	1	0	0	0	1610436802.5949483	2815.156804233996	0	0	0
full_step	2.4111857218579344	0.01476089678455287	1	0	0	0	1610436802.5949483	2815.156804233996	0	0	0
full_step	2.4111857218579344	0.007380448392276435	1	0	0	0	1610436802.5949483	2815.156804233996	0	0	0
full_step	2.4111857218579344	0.0036902241961382174	1	0	0	0	1610436802.5949483	2815.156804233996	0	0	0
half_step_1	2.4111857218579344	0.0018451120980691087	0	0	0	0	1610436802.5949483	2815.156804233996	0	0	0
half_step_2	2.4130308339560034	0.0018451120980691087	0	0	0	0	1610436802.5949483	2815.156804233996	0	0	0
full_step	2.4148759460540727	0.018451120980691085	14	3	3	0.21428571428571427	1610436802.5949483	3756742.9446306652	0	-1.7569907148299329	132
full_step	2.4148759460540727	0.009225560490345543	14	0	0	0	1610436802.5949483	1473003.984695224	0	-1.7569907148299329	132
full_step	2.4148759460540727	0.004612780245172771	11	3	3	0.2727272727272727	1610436802.5949483	2379797.5994222937	0	-1.7569907148299329	132
full_step	2.4148759460540727	0.0023063901225863857	14	3	3	0.21428571428571427	1610436802.5949483	301378.4873801409	0	-1.7569907148299329	132
half_step_1	2.4148759460540727	0.0011531950612931928	10	0	0	0	1610436802.5949483	209292.55187040145	0	-1.7569907148299329	132
half_step_2	2.416029141115366	0.0011531950612931928	3	3	3	1	1610436802.5949483	25158.941025029886	0	-1.8985497891496392	183
full_step	2.4171823361766593	0.011531950612931928	21	35	13	1.6666666666666667	1610436802.5949483	2752809.8801210783	0.25657780696928967	-1.4992802932194136	910
half_step_1	2.4171823361766593	0.005765975306465964	18	15	8	0.8333333333333334	1610436802.5949483	766408.153998466	0.25657780696928967	-1.4992802932194136	910
half_step_2	2.4229483114831254	0.005765975306465964	1	0	0	0	1610436802.5949483	2815.156804233996	0	0	0
full_step	2.4171823361766593	0.005765975306465964	20	12	3	0.6	1610436802.5949483	766512.859023948	0.25657780696928967	-1.4992802932194136	910
half_step_1	2.4171823361766593	0.002882987653232982	14	0	0	0	1610436802.5949483	358065.0933813196	0.25657780696928967	-1.4992802932194136	910
half_step_2	2.4200653238298924	0.002882987653232982	1	0	0	0	1610436802.5949483	2815.156804233996	0	0	0
full_step	2.4229483114831254	0.021058173505135506	1	0	0	0	1610436802.5949483	2815.156804233996	0	0	0
full_step	2.4229483114831254	0.010529086752567753	1	0	0	0	1610436802.5949483	2815.156804233996	0	0	0
full_step	2.4229483114831254	0.0052645433762838765	1	0	0	0	1610436802.5949483	2815.156804233996	0	0	0
full_step	2.4229483114831254	0.0026322716881419382	1	0	0	0	1610436802.5949483	2815.156804233996	0	0	0
half_step_1	2.4229483114831254	0.0013161358440709691	0	0	0	0	1610436802.5949483	2815.156804233996	0	0	0
half_step_2	2.424264447327196	0.0013161358440709691	12	0	0	0	1610436802.5949483	46901.654213803966	0.060392371255147737	-1.8757321218582539	250
full_step	2.4255805831712673	0.01316135844070969	8	0	0	0	1610436802.5949483	2458624.089352564	0	-1.91564411306242	74
full_step	2.4255805831712673	0.006580679220354845	8	0	0	0	1610436802.5949483	982063.720965429	0	-1.91564411306242	74
half_step_1	2.4255805831712673	0.0032903396101774227	9	0	0	0	1610436802.5949483	119526.92968462319	0	-1.91564411306242	74
half_step_2	2.428870922781445	0.0032903396101774227	1	0	0	0	1610436802.5949483	2815.156804233996	0	0	0
full_step	2.432161262391622	0.03290339610177423	1	0	0	0	1610436802.5949483	2815.156804233996	0	0	0
full_step	2.432161262391622	0.016451698050887115	1	0	0	0	1610436802.5949483	2815.156804233996	0	0	0
full_step	2.432161262391622	0.008225849025443557	1	0	0	0	1610436802.5949483	2815.156804233996	0	0	0
full_step	2.432161262391622	0.004112924512721779	1	0	0	0	1610436802.5949483	2815.156804233996	0	0	0
full_step	2.432161262391622	0.0020564622563608893	1	0	0	0	1610436802.5949483	2815.156804233996	0	0	0
half_step_1	2.432161262391622	0.0010282311281804447	0	0	0	0	1610436802.5949483	2815.156804233996	0	0	0
half_step_2	2.4331894935198024	0.0010282311281804447	0	0	0	0	1610436802.5949483	2815.156804233996	0	0	0
full_step	2.434217724647983	0.010282311281804447	1	0	0	0	1610436802.5949483	2815.156804233996	0	0	0
full_step	2.434217724647983	0.005141155640902223	1	0	0	0	1610436802.5949483	2815.156804233996	0	0	0
full_step	2.434217724647983	0.0025705778204511117	1	0	0	0	1610436802.5949483	2815.156804233996	0	0	0
full_step	2.434217724647983	0.0012852889102255558	1	0	0	0	1610436802.5949483	2815.156804233996	0	0	0
half_step_1	2.434217724647983	0.0006426444551127779	0	0	0	0	1610436802.5949483	2815.156804233996	0	0	0
half_step_2	2.4348603691030957	0.0006426444551127779	0	0	0	0	1610436802.5949483	2815.156804233996	0	0	0
full_step	2.4355030135582085	0.006426444551127779	1	0	0	0	1610436802.5949483	2815.156804233996	0	0	0
full_step	2.4355030135582085	0.0032132222755638894	1	0	0	0	1610436802.5949483	2815.156804233996	0	0	0
full_step	2.4355030135582085	0.0016066111377819447	1	0	0	0	1610436802.5949483	2815.156804233996	0	0	0
full_step	2.4355030135582085	0.0008033055688909723	1	0	0	0	1610436802.5949483	2815.156804233996	0	0	0
half_step_1	2.4355030135582085	0.00040165278444548617	0	0	0	0	1610436802.5949483	2815.156804233996	0	0	0
half_step_2	2.4359046663426542	0.00040165278444548617	8	0	0	0	1610436802.5949483	11421.272978039395	0	-1.8281809507928892	453
full_step	2.4363063191270995	0.004016527844454862	17	13	8	0.7647058823529411	1610436802.5949483	1076130.705235087	0.42607128112285864	-1.7529683122712953	790
half_step_1	2.4363063191270995	0.002008263922227431	12	2	2	0.16666666666666666	1610436802.5949483	795136.4301981061	0.42607128112285864	-1.7529683122712953	790
half_step_2	2.438314583049327	0.002008263922227431	4	0	0	0	1610436802.5949483	207531.9331850104	0	-1.6483766912540367	74
full_step	2.4403228469715543	0.02008263922227431	15	3	3	0.2	1610436802.5949483	2279076.7913790694	0	-1.416106346306427	263
full_step	2.4403228469715543	0.010041319611137155	14	4	4	0.2857142857142857	1610436802.5949483	1300410.9211753279	0	-1.416106346306427	263
half_step_1	2.4403228469715543	0.005020659805568577	15	3	3	0.2	1610436802.5949483	493024.8938303346	0	-1.416106346306427	263
half_step_2	2.4453435067771228	0.005020659805568577	1	0	0	0	1610436802.5949483	2815.156804233996	0	0	0
full_step	2.4503641665826916	0.050206598055685774	1	0	0	0	1610436802.5949483	2815.156804233996	0	0	0
full_step	2.4503641665826916	0.025103299027842887	1	0	0	0	1610436802.5949483	2815.156804233996	0	0	0
full_step	2.4503641665826916	0.012551649513921443	1	0	0	0	1610436802.5949483	2815.156804233996	0	0	0
full_step	2.4503641665826916	0.006275824756960722	1	0	0	0	1610436802.5949483	2815.156804233996	0	0	0
full_step	2.4503641665826916	0.003137912378480361	1	0	0	0	1610436802.5949483	2815.156804233996	0	0	0
half_step_1	2.4503641665826916	0.0015689561892401804	0	0	0	0	1610436802.5949483	2815.156804233996	0	0	0
half_step_2	2.4519331227719317	0.0015689561892401804	0	0	0	0	1610436802.5949483	2815.156804233996	0	0	0
full_step	2.453502078961172	0.015689561892401803	1	0	0	0	1610436802.5949483	2815.156804233996	0	0	0
full_step	2.453502078961172	0.007844780946200901	1	0	0	0	1610436802.5949483	2815.156804233996	0	0	0
full_step	2.453502078961172	0.003922390473100451	1	0	0	0	1610436802.5949483	2815.156804233996	0	0	0
full_step	2.453502078961172	0.0019611952365502254	1	0	0	0	1610436802.5949483	2815.156804233996	0	0	0
half_step_1	2.453502078961172	0.0009805976182751127	0	0	0	0	1610436802.5949483	2815.156804233996	0	0	0
half_step_2	2.454482676579447	0.0009805976182751127	0	0	0	0	1610436802.5949483	2815.156804233996	0	0	0
full_step	2.4554632741977223	0.009805976182751128	15	0	0	0	1610436802.5949483	2283071.769533819	0	-1.7773703827971474	346
full_step	2.4554632741977223	0.004902988091375564	15	0	0	0	1610436802.5949483	1319266.1031478478	0	-1.7773703827971474	346
half_step_1	2.4554632741977223	0.002451494045687782	14	0	0	0	1610436802.5949483	563546.1313246809	0	-1.7773703827971474	346
half_step_2	2.45791476824341	0.002451494045687782	1	0	0	0	1610436802.5949483	2815.156804233996	0	0	0
full_step	2.4603662622890976	0.02451494045687782	6	0	0	0	1610436802.5949483	12018737.490734518	0	-1.9780869505519132	36
full_step	2.4603662622890976	0.01225747022843891	6	0	0	0	1610436802.5949483	10477137.649278615	0	-1.9780869505519132	36
full_step	2.4603662622890976	0.006128735114219455	6	0	0	0	1610436802.5949483	8119097.154868723	0	-1.9780869505519132	36
full_step	2.4603662622890976	0.0030643675571097274	5	0	0	0	1610436802.5949483	5287716.461761732	0	-1.9780869505519132	36
full_step	2.4603662622890976	0.0015321837785548637	3	5	5	1.6666666666666667	1610436802.5949483	11571.46528379309	0	-1.9780869505519132	36
half_step_1	2.4603662622890976	0.0007660918892774319	1	0	0	0	1610436802.5949483	2815.156804233996	0	-1.9780869505519132	36
half_step_2	2.461132354178375	0.0007660918892774319	1	0	0	0	1610436802.5949483	2815.156804233996	0	-1.8782134859606783	81
full_step	2.4618984460676523	0.007660918892774319	17	10	4	0.5882352941176471	1610436802.5949483	1121526.1087715877	0	-1.6418028392696309	387
full_step	2.4618984460676523	0.0038304594463871595	16	0	0	0	1610436802.5949483	558608.4291187723	0	-1.6418028392696309	387
half_step_1	2.4618984460676523	0.0019152297231935797	11	0	0	0	1610436802.5949483	208704.07268928873	0	-1.6418028392696309	387
half_step_2	2.463813675790846	0.0019152297231935797	1	0	0	0	1610436802.5949483	2815.156804233996	0	0	0
full_step	2.4657289055140397	0.019152297231935796	14	4	4	0.2857142857142857	1610436802.5949483	5170504.553143038	0.8951120624769828	-1.419229884271247	705
full_step	2.4657289055140397	0.009576148615967898	13	0	0	0	1610436802.5949483	4348952.665416207	0.8951120624769828	-1.419229884271247	705
full_step	2.4657289055140397	0.004788074307983949	13	3	3	0.23076923076923078	1610436802.5949483	3805776.525799939	0.8951120624769828	-1.419229884271247	705
half_step_1	2.4657289055140397	0.0023940371539919745	17	20	5	1.1764705882352942	1610436802.5949483	6100892.232565411	0.8951120624769828	-1.419229884271247	705
half_step_2	2.468122942668032	0.0023940371539919745	12	11	7	0.9166666666666666	1610436802.5949483	1336046.7127916038	0.8817834831716027	-1.0292399379822827	159
full_step	2.4705169798220235	0.016521995160734125	12	0	0	0	1610436802.5949483	927703.0835027599	0	-1.351461897905484	201
full_step	2.4705169798220235	0.008260997580367063	9	0	0	0	1610436802.5949483	729782.3131774131	0	-1.351461897905484	201
half_step_1	2.4705169798220235	0.004130498790183531	9	0	0	0	1610436802.5949483	93921.78298197118	0	-1.351461897905484	201
half_step_2	2.474647478612207	0.004130498790183531	1	0	0	0	1610436802.5949483	2815.156804233996	0	0	0
full_step	2.4787779774023906	0.041304987901835316	1	0	0	0	1610436802.5949483	2815.156804233996	0	0	0
full_step	2.4787779774023906	0.020652493950917658	1	0	0	0	1610436802.5949483	2815.156804233996	0	0	0
full_step	2.4787779774023906	0.010326246975458829	1	0	0	0	1610436802.5949483	2815.156804233996	0	0	0
full_step	2.4787779774023906	0.0051631234877294145	1	0	0	0	1610436802.5949483	2815.156804233996	0	0	0
full_step	2.4787779774023906	0.0025815617438647073	1	0	0	0	1610436802.5949483	2815.156804233996	0	0	0
half_step_1	2.4787779774023906	0.0012907808719323536	0	0	0	0	1610436802.5949483	2815.156804233996	0	0	0
half_step_2	2.480068758274323	0.0012907808719323536	0	0	0	0	1610436802.5949483	2815.156804233996	0	0	0
full_step	2.4813595391462555	0.012907808719323536	1	0	0	0	1610436802.5949483	2815.156804233996	0	0	0
full_step	2.4813595391462555	0.006453904359661768	1	0	0	0	1610436802.5949483	2815.156804233996	0	0	0
full_step	2.4813595391462555	0.003226952179830884	1	0	0	0	1610436802.5949483	2815.156804233996	0	0	0
full_step	2.4813595391462555	0.001613476089915442	1	0	0	0	1610436802.5949483	2815.156804233996	0	0	0
half_step_1	2.4813595391462555	0.000806738044957721	0	0	0	0	1610436802.5949483	2815.156804233996	0	0	0
half_step_2	2.4821662771912134	0.000806738044957721	0	0	0	0	1610436802.5949483	2815.156804233996	0	0	0
full_step	2.482973015236171	0.00806738044957721	1	0	0	0	1610436802.5949483	2815.156804233996	0	0	0
full_step	2.482973015236171	0.004033690224788605	1	0	0	0	1610436802.5949483	2815.156804233996	0	0	0
full_step	2.482973015236171	0.0020168451123943024	1	0	0	0	1610436802.5949483	2815.156804233996	0	0	0
full_step	2.482973015236171	0.0010084225561971512	1	0	0	0	1610436802.5949483	2815.156804233996	0	0	0
half_step_1	2.482973015236171	0.0005042112780985756	0	0	0	0	1610436802.5949483	2815.156804233996	0	0	0
half_step_2	2.4834772265142693	0.0005042112780985756	0	0	0	0	1610436802.5949483	2815.156804233996	0	0	0
full_step	2.483981437792368	0.005042112780985756	15	8	8	0.5333333333333333	1610436802.5949483	1406144.193107948	0	-1.8211469749386746	125
half_step_1	2.483981437792368	0.002521056390492878	12	0	0	0	1610436802.5949483	369118.6324401955	0	-1.8211469749386746	125
half_step_2	2.486502494182861	0.002521056390492878	1	0	0	0	1610436802.5949483	2815.156804233996	0	0	0
full_step	2.489023550573354	0.02521056390492878	14	8	4	0.5714285714285714	1610436802.5949483	5751430.61551041	0.6139464153238805	-1.6020315603670627	618
full_step	2.489023550573354	0.01260528195246439	16	10	6	0.625	1610436802.5949483	4133257.224363934	0.6139464153238805	-1.6020315603670627	618
full_step	2.489023550573354	0.006302640976232195	14	4	4	0.2857142857142857	1610436802.5949483	1194720.4134281408	0.6139464153238805	-1.6020315603670627	618
full_step	2.489023550573354	0.0031513204881160974	15	16	4	1.0666666666666667	1610436802.5949483	359627.0113167914	0.6139464153238805	-1.6020315603670627	618
full_step	2.489023550573354	0.0015756602440580487	16	33	9	2.0625	1610436802.5949483	645778.5938959806	0.6139464153238805	-1.6020315603670627	618
half_step_1	2.489023550573354	0.0007878301220290244	5	0	0	0	1610436802.5949483	35065.666861787344	0.6139464153238805	-1.6020315603670627	618
half_step_2	2.489811380695383	0.0007878301220290244	1	0	0	0	1610436802.5949483	2815.156804233996	0	-1.7935522150155438	363
full_step	2.490599210817412	0.006917528427854374	16	6	3	0.375	1610436802.5949483	7185002.744808386	0	-1.767427444883959	352
full_step	2.490599210817412	0.003458764213927187	15	6	3	0.4	1610436802.5949483	1144794.6239093577	0	-1.767427444883959	352
full_step	2.490599210817412	0.0017293821069635936	16	3	3	0.1875	1610436802.5949483	140005.71304502652	0	-1.767427444883959	352
half_step_1	2.490599210817412	0.0008646910534817968	7	0	0	0	1610436802.5949483	39175.1376786605	0	-1.767427444883959	352
half_step_2	2.491463901870894	0.0008646910534817968	12	0	0	0	1610436802.5949483	64489.425250914785	0	-1.6089871153611766	575
full_step	2.4923285929243755	0.008646910534817968	13	0	0	0	1610436802.5949483	773596.3066291247	0.17229182222217787	-1.504188730496637	287
half_step_1	2.4923285929243755	0.004323455267408984	9	0	0	0	1610436802.5949483	227492.1343705952	0.17229182222217787	-1.504188730496637	287
half_step_2	2.4966520481917844	0.004323455267408984	9	3	3	0.3333333333333333	1610436802.5949483	378400.38456720347	0	-1.924127225223224	77
full_step	2.5009755034591934	0.04323455267408984	1	0	0	0	1610436802.5949483	2815.156804233996	0	0	0
full_step	2.5009755034591934	0.02161727633704492	1	0	0	0	1610436802.5949483	2815.156804233996	0	0	0
full_step	2.5009755034591934	0.01080863816852246	1	0	0	0	1610436802.5949483	2815.156804233996	0	0	0
full_step	2.5009755034591934	0.00540431908426123	1	0	0	0	1610436802.5949483	2815.156804233996	0	0	0
half_step_1	2.5009755034591934	0.002702159542130615	0	0	0	0	1610436802.5949483	2815.156804233996	0	0	0
half_step_2	2.503677663001324	0.002702159542130615	0	0	0	0	1610436802.5949483	2815.156804233996	0	0	0
full_step	2.5063798225434546	0.027021595421306152	1	0	0	0	1610436802.5949483	2815.156804233996	0	0	0
full_step	2.5063798225434546	0.013510797710653076	1	0	0	0	1610436802.5949483	2815.156804233996	0	0	0
full_step	2.5063798225434546	0.006755398855326538	1	0	0	0	1610436802.5949483	2815.156804233996	0	0	0
full_step	2.5063798225434546	0.003377699427663269	1	0	0	0	1610436802.5949483	2815.156804233996	0	0	0
half_step_1	2.5063798225434546	0.0016888497138316345	0	0	0	0	1610436802.5949483	2815.156804233996	0	0	0
half_step_2	2.508068672257286	0.0016888497138316345	0	0	0	0	1610436802.5949483	2815.156804233996	0	0	0
full_step	2.509757521971118	0.016888497138316347	1	0	0	0	1610436802.5949483	2815.156804233996	0	0	0
full_step	2.509757521971118	0.008444248569158173	1	0	0	0	1610436802.5949483	2815.156804233996	0	0	0
full_step	2.509757521971118	0.004222124284579087	1	0	0	0	1610436802.5949483	2815.156804233996	0	0	0
full_step	2.509757521971118	0.0021110621422895434	1	0	0	0	1610436802.5949483	2815.156804233996	0	0	0
half_step_1	2.509757521971118	0.0010555310711447717	0	0	0	0	1610436802.5949483	2815.156804233996	0	0	0
half_step_2	2.5108130530422628	0.0010555310711447717	0	0	0	0	1610436802.5949483	2815.156804233996	0	0	0
full_step	2.5118685841134076	0.010555310711447717	1	0	0	0	1610436802.5949483	2815.156804233996	0	0	0
full_step	2.5118685841134076	0.005277655355723858	1	0	0	0	1610436802.5949483	2815.156804233996	0	0	0
full_step	2.5118685841134076	0.002638827677861929	1	0	0	0	1610436802.5949483	2815.156804233996	0	0	0
full_step	2.5118685841134076	0.0013194138389309646	1	0	0	0	1610436802.5949483	2815.156804233996	0	0	0
half_step_1	2.5118685841134076	0.0006597069194654823	0	0	0	0	1610436802.5949483	2815.156804233996	0	0	0
half_step_2	2.512528291032873	0.0006597069194654823	0	0	0	0	1610436802.5949483	2815.156804233996	0	0	0
full_step	2.5131879979523384	0.006597069194654823	1	0	0	0	1610436802.5949483	2815.156804233996	0	0	0
full_step	2.5131879979523384	0.0032985345973274116	1	0	0	0	1610436802.5949483	2815.156804233996	0	0	0
full_step	2.5131879979523384	0.0016492672986637058	1	0	0	0	1610436802.5949483	2815.156804233996	0	0	0
full_step	2.5131879979523384	0.0008246336493318529	1	0	0	0	1610436802.5949483	2815.156804233996	0	0	0
full_step	2.5131879979523384	0.00041231682466592645	1	0	0	0	1610436802.5949483	2815.156804233996	0	0	0
half_step_1	2.5131879979523384	0.00020615841233296322	0	0	0	0	1610436802.5949483	2815.156804233996	0	0	0
half_step_2	2.5133941563646713	0.00020615841233296322	0	0	0	0	1610436802.5949483	2815.156804233996	0	-1.9794710511471492	61
full_step	2.5136003147770043	0.002061584123329632	18	4	4	0.2222222222222222	1610436802.5949483	759083.6540441713	0	-1.8699925714000383	350
full_step	2.5136003147770043	0.001030792061664816	18	3	3	0.16666666666666666	1610436802.5949483	119066.36222601925	0	-1.8699925714000383	350
half_step_1	2.5136003147770043	0.000515396030832408	9	0	0	0	1610436802.5949483	54820.44261732428	0	-1.8699925714000383	350
half_step_2	2.514115710807837	0.000515396030832408	16	30	10	1.875	1610436802.5949483	661771.398642894	0.564078600567882	-1.6611194235368034	842
full_step	2.514631106838669	0.005153960308324081	15	31	8	2.066666666666667	1610436802.5949483	1454567.2383665217	0.6653377114344039	-1.5394273002006706	550
half_step_1	2.514631106838669	0.0025769801541620403	14	33	10	2.357142857142857	1610436802.5949483	1581697.5694079017	0.6653377114344039	-1.5394273002006706	550
half_step_2	2.5172080869928313	0.0025769801541620403	8	0	0	0	1610436802.5949483	1823555.2732205729	0	-1.8929017437061577	43
full_step	2.519785067146993	0.025769801541620403	16	4	4	0.25	1610436802.5949483	1815520.1780891418	0	-1.3734701952170358	253
full_step	2.519785067146993	0.012884900770810202	12	4	4	0.3333333333333333	1610436802.5949483	3258556.685966784	0	-1.3734701952170358	253
full_step	2.519785067146993	0.006442450385405101	16	4	4	0.25	1610436802.5949483	612725.1974007458	0	-1.3734701952170358	253
half_step_1	2.519785067146993	0.0032212251927025504	9	0	0	0	1610436802.5949483	6424427.5693769725	0	-1.3734701952170358	253
half_step_2	2.5230062923396956	0.0032212251927025504	1	0	0	0	1610436802.5949483	2815.156804233996	0	0	0
full_step	2.5262275175323983	0.0322122519270255	1	0	0	0	1610436802.5949483	2815.156804233996	0	0	0
full_step	2.5262275175323983	0.01610612596351275	1	0	0	0	1610436802.5949483	2815.156804233996	0	0	0
full_step	2.5262275175323983	0.008053062981756376	1	0	0	0	1610436802.5949483	2815.156804233996	0	0	0
full_step	2.5262275175323983	0.004026531490878188	1	0	0	0	1610436802.5949483	2815.156804233996	0	0	0
full_step	2.5262275175323983	0.002013265745439094	1	0	0	0	1610436802.5949483	2815.156804233996	0	0	0
half_step_1	2.5262275175323983	0.001006632872719547	0	0	0	0	1610436802.5949483	2815.156804233996	0	0	0
half_step_2	2.5272341504051177	0.001006632872719547	7	0	0	0	1610436802.5949483	2096579.9357760153	0	-1.8684330492081902	104
full_step	2.5282407832778375	0.01006632872719547	7	0	0	0	1610436802.5949483	1626947.2773186592	0	-1.9548256271125315	37
full_step	2.5282407832778375	0.005033164363597735	7	0	0	0	1610436802.5949483	1878621.240335107	0	-1.9548256271125315	37
half_step_1	2.5282407832778375	0.0025165821817988675	4	0	0	0	1610436802.5949483	7539830.15837537	0	-1.9548256271125315	37
half_step_2	2.5307573654596363	0.0025165821817988675	1	0	0	0	1610436802.5949483	2815.156804233996	0	0	0
full_step	2.5332739476414354	0.025165821817988675	1	0	0	0	1610436802.5949483	2815.156804233996	0	0	0
full_step	2.5332739476414354	0.012582910908994337	1	0	0	0	1610436802.5949483	2815.156804233996	0	0	0
full_step	2.5332739476414354	0.006291455454497169	1	0	0	0	1610436802.5949483	2815.156804233996	0	0	0
full_step	2.5332739476414354	0.0031457277272485843	1	0	0	0	1610436802.5949483	2815.156804233996	0	0	0
full_step	2.5332739476414354	0.0015728638636242922	1	0	0	0	1610436802.5949483	2815.156804233996	0	0	0
half_step_1	2.5332739476414354	0.0007864319318121461	0	0	0	0	1610436802.5949483	2815.156804233996	0	0	0
half_step_2	2.5340603795732477	0.0007864319318121461	0	0	0	0	1610436802.5949483	2815.156804233996	0	0	0
full_step	2.5348468115050595	0.007864319318121461	11	5	5	0.45454545454545453	1610436802.5949483	21835171.760924254	1.1109402066285838	-1.6335266941145814	346
full_step	2.5348468115050595	0.003932159659060731	11	3	3	0.2727272727272727	1610436802.5949483	3736551.8903525374	1.1109402066285838	-1.6335266941145814	346
half_step_1	2.5348468115050595	0.0019660798295303653	13	4	4	0.3076923076923077	1610436802.5949483	1676668.9592236911	1.1109402066285838	-1.6335266941145814	346
half_step_2	2.53681289133459	0.0019660798295303653	1	0	0	0	1610436802.5949483	2815.156804233996	0	0	0
full_step	2.5348468115050595	0.0019660798295303653	14	0	0	0	1610436802.5949483	1676687.5106954547	1.1109402066285838	-1.6335266941145814	346
half_step_1	2.5348468115050595	0.0009830399147651827	8	10	6	1.25	1610436802.5949483	1500856.5824781675	1.1109402066285838	-1.6335266941145814	346
half_step_2	2.5358298514198245	0.0009830399147651827	4	6	6	1.5	1610436802.5949483	29540.051391241217	0.13293750903540058	-1.6094528077656756	339
full_step	2.53681289133459	0.009830399147651827	14	2	2	0.14285714285714285	1610436802.5949483	1100969.5021312109	0	-1.8113162596254895	261
full_step	2.53681289133459	0.004915199573825913	13	0	0	0	1610436802.5949483	355949.9271742712	0	-1.8113162596254895	261
full_step	2.53681289133459	0.0024575997869129567	13	0	0	0	1610436802.5949483	124834.13872554887	0	-1.8113162596254895	261
full_step	2.53681289133459	0.0012287998934564783	12	0	0	0	1610436802.5949483	52466.22132844722	0	-1.8113162596254895	261
full_step	2.53681289133459	0.0006143999467282392	5	0	0	0	1610436802.5949483	13017.716091653276	0	-1.8113162596254895	261
half_step_1	2.53681289133459	0.0003071999733641196	1	2	2	2	1610436802.5949483	3965.5845486817784	0	-1.8113162596254895	261
half_step_2	2.537120091307954	0.0003071999733641196	2	0	0	0	1610436802.5949483	9223.602223772239	0	-1.7436499238192107	515
full_step	2.5374272912813183	0.0030719997336411957	18	9	6	0.5	1610436802.5949483	476503.57896749995	0.40603292259038426	-1.630917858518389	867
full_step	2.5374272912813183	0.0015359998668205979	21	35	11	1.6666666666666667	1610436802.5949483	1220486.906584475	0.40603292259038426	-1.630917858518389	867
full_step	2.5374272912813183	0.0007679999334102989	17	2	2	0.11764705882352941	1610436802.5949483	74543.20436280686	0.40603292259038426	-1.630917858518389	867
half_step_1	2.5374272912813183	0.00038399996670514946	8	0	0	0	1610436802.5949483	48846.3041641449	0.40603292259038426	-1.630917858518389	867
half_step_2	2.5378112912480235	0.00038399996670514946	13	13	7	1	1610436802.5949483	35971.12007311818	0.6321837024297565	-1.649875193128596	711
full_step	2.5381952912147288	0.0038399996670514945	15	28	10	1.8666666666666667	1610436802.5949483	1488615.7473107006	0.5903419727401342	-1.6954657095845225	543
full_step	2.5381952912147288	0.0019199998335257473	14	16	9	1.1428571428571428	1610436802.5949483	1568811.570323331	0.5903419727401342	-1.6954657095845225	543
full_step	2.5381952912147288	0.0009599999167628736	12	17	10	1.4166666666666667	1610436802.5949483	1589991.1950964045	0.5903419727401342	-1.6954657095845225	543
half_step_1	2.5381952912147288	0.0004799999583814368	4	13	13	3.25	1610436802.5949483	1541508.850339524	0.5903419727401342	-1.6954657095845225	543
half_step_2	2.53867529117311	0.0004799999583814368	14	29	9	2.0714285714285716	1610436802.5949483	374328.41518757545	0.1809882738161832	-1.5479476584748728	465
full_step	2.5391552911314914	0.0047999995838143685	13	19	7	1.4615384615384615	1610436802.5949483	1697531.478393293	0.40263135655550286	-1.4971198760888562	269
full_step	2.5391552911314914	0.0023999997919071842	10	9	9	0.9	1610436802.5949483	1377818.3875030868	0.40263135655550286	-1.4971198760888562	269
full_step	2.5391552911314914	0.0011999998959535921	13	13	8	1	1610436802.5949483	1266996.497398275	0.40263135655550286	-1.4971198760888562	269
half_step_1	2.5391552911314914	0.0005999999479767961	6	0	0	0	1610436802.5949483	36391.969967213896	0.40263135655550286	-1.4971198760888562	269
half_step_2	2.539755291079468	0.0005999999479767961	3	5	5	1.6666666666666667	1610436802.5949483	4341.814812171743	0.11517114223534008	-1.5990041719550414	165
full_step	2.540355291027445	0.00599999947976796	14	9	5	0.6428571428571429	1610436802.5949483	2621406.0684174467	0.6763362165511353	-1.4838730505425242	923
half_step_1	2.540355291027445	0.00299999973988398	18	15	10	0.8333333333333334	1610436802.5949483	1702579.2240152175	0.6763362165511353	-1.4838730505425242	923
half_step_2	2.5433552907673294	0.00299999973988398	14	0	0	0	1610436802.5949483	145185.14883223246	0	-1.6194934618519576	206
full_step	2.540355291027445	0.00299999973988398	20	11	11	0.55	1610436802.5949483	1702911.8660780385	0.6763362165511353	-1.4838730505425242	923
half_step_1	2.540355291027445	0.00149999986994199	18	15	7	0.8333333333333334	1610436802.5949483	1411678.445760753	0.6763362165511353	-1.4838730505425242	923
half_step_2	2.541855290897387	0.00149999986994199	3	2	2	0.6666666666666666	1610436802.5949483	60495.23499565647	0.07134566746390192	-1.588539189054092	330
full_step	2.5433552907673294	0.005421220405131296	18	10	6	0.5555555555555556	1610436802.5949483	1529089.3476796697	0.8188141017308226	-1.4909831148528714	848
full_step	2.5433552907673294	0.002710610202565648	19	16	10	0.8421052631578947	1610436802.5949483	1137227.5357415883	0.8188141017308226	-1.4909831148528714	848
full_step	2.5433552907673294	0.001355305101282824	19	18	10	0.9473684210526315	1610436802.5949483	144449.44917802096	0.8188141017308226	-1.4909831148528714	848
half_step_1	2.5433552907673294	0.000677652550641412	13	5	5	0.38461538461538464	1610436802.5949483	70778.2434636843	0.8188141017308226	-1.4909831148528714	848
half_step_2	2.544032943317971	0.000677652550641412	11	3	3	0.2727272727272727	1610436802.5949483	22377.61721154007	0.7696208608249435	-1.5945464506955729	558
full_step	2.544710595868612	0.006776525506414119	17	19	8	1.1176470588235294	1610436802.5949483	12814778.41516855	0.2960369495121995	-1.6351762889371306	800
full_step	2.544710595868612	0.0033882627532070596	18	22	8	1.2222222222222223	1610436802.5949483	7644201.430090892	0.2960369495121995	-1.6351762889371306	800
half_step_1	2.544710595868612	0.0016941313766035298	13	7	4	0.5384615384615384	1610436802.5949483	8802465.112291683	0.2960369495121995	-1.6351762889371306	800
half_step_2	2.5464047272452155	0.0016941313766035298	7	0	0	0	1610436802.5949483	499292.34442459315	0	-1.7622886355884213	333
full_step	2.548098858621819	0.012649640131440895	12	3	3	0.25	1610436802.5949483	812972.6192511547	0	-1.6843128398719314	123
full_step	2.548098858621819	0.006324820065720447	9	0	0	0	1610436802.5949483	795289.2223734068	0	-1.6843128398719314	123
full_step	2.548098858621819	0.0031624100328602237	8	0	0	0	1610436802.5949483	611057.2595605995	0	-1.6843128398719314	123
full_step	2.548098858621819	0.0015812050164301119	6	0	0	0	1610436802.5949483	362647.30092391337	0	-1.6843128398719314	123
half_step_1	2.548098858621819	0.0007906025082150559	1	3	3	3	1610436802.5949483	3053.5953562710824	0	-1.6843128398719314	123
half_step_2	2.548889461130034	0.0007906025082150559	3	0	0	0	1610436802.5949483	14009.051645157018	0	-1.7937291261455346	168
full_step	2.5496800636382493	0.00790602508215056	13	0	0	0	1610436802.5949483	1014102.9471937513	0.05449499005044345	-1.5517317893350464	233
full_step	2.5496800636382493	0.00395301254107528	14	2	2	0.14285714285714285	1610436802.5949483	516080.51415269315	0.05449499005044345	-1.5517317893350464	233
full_step	2.5496800636382493	0.00197650627053764	14	0	0	0	1610436802.5949483	176281.091823623	0.05449499005044345	-1.5517317893350464	233
half_step_1	2.5496800636382493	0.00098825313526882	9	0	0	0	1610436802.5949483	49802.792733216804	0.05449499005044345	-1.5517317893350464	233
half_step_2	2.550668316773518	0.00098825313526882	2	3	3	1.5	1610436802.5949483	20812.787849350814	0	-1.6781512072725515	312
full_step	2.5516565699087868	0.0098825313526882	8	0	0	0	1610436802.5949483	2218305.8904831656	0	-1.672446294377582	132
full_step	2.5516565699087868	0.0049412656763441	8	0	0	0	1610436802.5949483	1198522.3124875075	0	-1.672446294377582	132
full_step	2.5516565699087868	0.00247063283817205	6	0	0	0	1610436802.5949483	1653872.6450522193	0	-1.672446294377582	132
full_step	2.5516565699087868	0.001235316419086025	4	0	0	0	1610436802.5949483	14937.514867625952	0	-1.672446294377582	132
half_step_1	2.5516565699087868	0.0006176582095430125	1	0	0	0	1610436802.5949483	2815.156804233996	0	-1.672446294377582	132
half_step_2	2.5522742281183297	0.0006176582095430125	4	0	0	0	1610436802.5949483	393020.67052484857	0	-1.6760250112696677	317
full_step	2.5528918863278727	0.006176582095430125	16	6	6	0.375	1610436802.5949483	1327284.15552187	0.030304555642942432	-1.5379656418765122	588
full_step	2.5528918863278727	0.0030882910477150623	17	0	0	0	1610436802.5949483	500349.91109797877	0.030304555642942432	-1.5379656418765122	588
full_step	2.5528918863278727	0.0015441455238575312	15	0	0	0	1610436802.5949483	166855.11693635737	0.030304555642942432	-1.5379656418765122	588
half_step_1	2.5528918863278727	0.0007720727619287656	7	0	0	0	1610436802.5949483	46225.99910503808	0.030304555642942432	-1.5379656418765122	588
half_step_2	2.5536639590898016	0.0007720727619287656	4	0	0	0	1610436802.5949483	41451.54766439995	0.02314699048292823	-1.5697540982481588	736
full_step	2.55443603185173	0.007720727619287656	16	3	3	0.1875	1610436802.5949483	703726.2108966178	0	-1.541973646826006	691
half_step_1	2.55443603185173	0.003860363809643828	11	3	3	0.2727272727272727	1610436802.5949483	560280.2127012877	0	-1.541973646826006	691
half_step_2	2.558296395661374	0.003860363809643828	3	0	0	0	1610436802.5949483	188707.94291936848	0	-1.8532511062496917	110
full_step	2.5621567594710175	0.038603638096438284	15	6	6	0.4	1610436802.5949483	12272000.452475177	0	-1.6767252340156993	377
full_step	2.5621567594710175	0.019301819048219142	13	0	0	0	1610436802.5949483	5074335.7998188175	0	-1.6767252340156993	377
half_step_1	2.5621567594710175	0.009650909524109571	11	0	0	0	1610436802.5949483	1131523.3098725132	0	-1.6767252340156993	377
half_step_2	2.571807668995127	0.009650909524109571	1	0	0	0	1610436802.5949483	2815.156804233996	0	0	0
full_step	2.5621567594710175	0.009650909524109571	12	0	0	0	1610436802.5949483	1319681.865000425	0	-1.6767252340156993	377
half_step_1	2.5621567594710175	0.0048254547620547854	10	0	0	0	1610436802.5949483	722753.595883583	0	-1.6767252340156993	377
half_step_2	2.5669822142330725	0.0048254547620547854	4	5	5	1.25	1610436802.5949483	10902007.106665317	0	-1.9516684513688536	64
full_step	2.571807668995127	0.04825454762054786	16	24	8	1.5	1610436802.5949483	52066339.13943959	0.6070547926210565	-1.4167763166247072	663
full_step	2.571807668995127	0.02412727381027393	12	0	0	0	1610436802.5949483	53297598.623701446	0.6070547926210565	-1.4167763166247072	663
half_step_1	2.571807668995127	0.012063636905136964	13	16	6	1.2307692307692308	1610436802.5949483	40944862.29910824	0.6070547926210565	-1.4167763166247072	663
half_step_2	2.583871305900264	0.012063636905136964	1	0	0	0	1610436802.5949483	2815.156804233996	0	0	0
full_step	2.571807668995127	0.012063636905136964	12	0	0	0	1610436802.5949483	45511767.75187999	0.6070547926210565	-1.4167763166247072	663
half_step_1	2.571807668995127	0.006031818452568482	12	8	8	0.6666666666666666	1610436802.5949483	1751073.021912528	0.6070547926210565	-1.4167763166247072	663
half_step_2	2.5778394874476955	0.006031818452568482	4	13	13	3.25	1610436802.5949483	403976.4638354244	0	-1.7770693148575651	113
full_step	2.583871305900264	0.022799305630264857	9	0	0	0	1610436802.5949483	4429389.049025728	0	-1.7457029745312524	174
half_step_1	2.583871305900264	0.011399652815132428	5	0	0	0	1610436802.5949483	1177022.9173168202	0	-1.7457029745312524	174
half_step_2	2.5952709587153966	0.011399652815132428	1	0	0	0	1610436802.5949483	2815.156804233996	0	0	0
full_step	2.583871305900264	0.011399652815132428	7	0	0	0	1610436802.5949483	1934247.5301792487	0	-1.7457029745312524	174
half_step_1	2.583871305900264	0.005699826407566214	3	15	13	5	1610436802.5949483	342750.66226723336	0	-1.7457029745312524	174
half_step_2	2.5895711323078303	0.005699826407566214	4	19	15	4.75	1610436802.5949483	392290.44350828504	0	-1.9109817167252252	192
full_step	2.5952709587153966	0.05699826407566214	15	12	5	0.8	1610436802.5949483	22048380.698358353	0	-1.866892688972409	194
full_step	2.5952709587153966	0.02849913203783107	12	10	4	0.8333333333333334	1610436802.5949483	9107100.732901733	0	-1.866892688972409	194
half_step_1	2.5952709587153966	0.014249566018915536	5	0	0	0	1610436802.5949483	8275351.490224618	0	-1.866892688972409	194
half_step_2	2.6095205247343123	0.014249566018915536	1	0	0	0	1610436802.5949483	2815.156804233996	0	0	0
full_step	2.5952709587153966	0.014249566018915536	13	5	3	0.38461538461538464	1610436802.5949483	1937350.6049802701	0	-1.866892688972409	194
half_step_1	2.5952709587153966	0.007124783009457768	9	0	0	0	1610436802.5949483	432627.5052781576	0	-1.866892688972409	194
half_step_2	2.6023957417248544	0.007124783009457768	1	0	0	0	1610436802.5949483	2815.156804233996	0	0	0
full_step	2.5952709587153966	0.007124783009457768	11	0	0	0	1610436802.5949483	430991.82137041655	0	-1.866892688972409	194
half_step_1	2.5952709587153966	0.003562391504728884	3	0	0	0	1610436802.5949483	118266.86299843393	0	-1.866892688972409	194
half_step_2	2.5988333502201253	0.003562391504728884	4	13	10	3.25	1610436802.5949483	203010.9556282473	0	-1.8258158047126203	120
full_step	2.6023957417248544	0.03562391504728884	9	0	0	0	1610436802.5949483	12993312.877038058	0	-1.810889175566466	156
full_step	2.6023957417248544	0.01781195752364442	8	0	0	0	1610436802.5949483	3615991.4181275577	0	-1.810889175566466	156
half_step_1	2.6023957417248544	0.00890597876182221	5	0	0	0	1610436802.5949483	1111333.0714806812	0	-1.810889175566466	156
half_step_2	2.6113017204866766	0.00890597876182221	1	0	0	0	1610436802.5949483	2815.156804233996	0	0	0
full_step	2.6023957417248544	0.00890597876182221	8	0	0	0	1610436802.5949483	722305.5129640389	0	-1.810889175566466	156
half_step_1	2.6023957417248544	0.004452989380911105	2	3	3	1.5	1610436802.5949483	233886.81104895563	0	-1.810889175566466	156
half_step_2	2.6068487311057655	0.004452989380911105	2	13	12	6.5	1610436802.5949483	191472.8303715869	0	-1.926334677552665	191
full_step	2.6113017204866766	0.04452989380911105	6	0	0	0	1610436802.5949483	17314486.88742695	0	-1.9266614413568748	82
full_step	2.6113017204866766	0.022264946904555525	7	0	0	0	1610436802.5949483	17529527.804762464	0	-1.9266614413568748	82
full_step	2.6113017204866766	0.011132473452277762	6	0	0	0	1610436802.5949483	17992292.388450295	0	-1.9266614413568748	82
half_step_1	2.6113017204866766	0.005566236726138881	1	5	5	5	1610436802.5949483	2877.1084120998235	0	-1.9266614413568748	82
half_step_2	2.6168679572128157	0.005566236726138881	1	0	0	0	1610436802.5949483	2815.156804233996	0	0	0
full_step	2.6113017204866766	0.005566236726138881	5	0	0	0	1610436802.5949483	15229501.81560298	0	-1.9266614413568748	82
half_step_1	2.6113017204866766	0.0027831183630694406	2	11	10	5.5	1610436802.5949483	39266.93998926586	0	-1.9266614413568748	82
half_step_2	2.614084838849746	0.0027831183630694406	3	13	11	4.333333333333333	1610436802.5949483	91897.88503757342	0	-1.8256614302778085	157
full_step	2.6168679572128157	0.027831183630694405	12	4	4	0.3333333333333333	1610436802.5949483	9009592.109994385	0	-1.7263519363607431	396
full_step	2.6168679572128157	0.013915591815347203	12	0	0	0	1610436802.5949483	2741501.7645879495	0	-1.7263519363607431	396
full_step	2.6168679572128157	0.006957795907673601	11	0	0	0	1610436802.5949483	791233.5358073659	0	-1.7263519363607431	396
half_step_1	2.6168679572128157	0.0034788979538368007	2	4	4	2	1610436802.5949483	122772.67176621225	0	-1.7263519363607431	396
half_step_2	2.6203468551666527	0.0034788979538368007	3	12	10	4	1610436802.5949483	115297.91520678895	0	-1.8110089592154943	201
full_step	2.623825753120489	0.03478897953836801	21	13	6	0.6190476190476191	1610436802.5949483	37027972.60139165	0	-1.8174683262619742	614
full_step	2.623825753120489	0.017394489769184004	22	17	6	0.7727272727272727	1610436802.5949483	25242837.003420398	0	-1.8174683262619742	614
full_step	2.623825753120489	0.008697244884592002	17	3	3	0.17647058823529413	1610436802.5949483	900899.430707682	0	-1.8174683262619742	614
full_step	2.623825753120489	0.004348622442296001	13	0	0	0	1610436802.5949483	423959.36207817047	0	-1.8174683262619742	614
half_step_1	2.623825753120489	0.0021743112211480005	9	0	0	0	1610436802.5949483	127914.87783278992	0	-1.8174683262619742	614
half_step_2	2.6260000643416372	0.0021743112211480005	2	9	9	4.5	1610436802.5949483	73026.66610924332	0	-1.8187572564646446	311
full_step	2.6281743755627853	0.021743112211480006	17	26	8	1.5294117647058822	1610436802.5949483	10615515.506580055	1.9387108385708416	-1.4819803470254376	779
full_step	2.6281743755627853	0.010871556105740003	16	20	5	1.25	1610436802.5949483	9131504.977914996	1.9387108385708416	-1.4819803470254376	779
half_step_1	2.6281743755627853	0.005435778052870001	13	10	6	0.7692307692307693	1610436802.5949483	9310777.382276397	1.9387108385708416	-1.4819803470254376	779
half_step_2	2.6336101536156553	0.005435778052870001	4	6	6	1.5	1610436802.5949483	228494.06969097565	0	-1.6569826661969018	97
full_step	2.6390459316685253	0.054357780528700016	1	0	0	0	1610436802.5949483	2815.156804233996	0	0	0
full_step	2.6390459316685253	0.027178890264350008	1	0	0	0	1610436802.5949483	2815.156804233996	0	0	0
full_step	2.6390459316685253	0.013589445132175004	1	0	0	0	1610436802.5949483	2815.156804233996	0	0	0
full_step	2.6390459316685253	0.006794722566087502	1	0	0	0	1610436802.5949483	2815.156804233996	0	0	0
full_step	2.6390459316685253	0.003397361283043751	1	0	0	0	1610436802.5949483	2815.156804233996	0	0	0
half_step_1	2.6390459316685253	0.0016986806415218755	0	0	0	0	1610436802.5949483	2815.156804233996	0	0	0
half_step_2	2.6407446123100473	0.0016986806415218755	8	0	0	0	1610436802.5949483	35776.18678916181	0	-1.761201228599615	142
full_step	2.642443292951569	0.016986806415218755	11	0	0	0	1610436802.5949483	2372756.973281134	0	-1.2498820667334436	218
full_step	2.642443292951569	0.008493403207609378	11	0	0	0	1610436802.5949483	583443.5028999632	0	-1.2498820667334436	218
full_step	2.642443292951569	0.004246701603804689	8	0	0	0	1610436802.5949483	148520.60468809682	0	-1.2498820667334436	218
full_step	2.642443292951569	0.0021233508019023444	4	3	3	0.75	1610436802.5949483	47806.268168499744	0	-1.2498820667334436	218
half_step_1	2.642443292951569	0.0010616754009511722	1	3	3	3	1610436802.5949483	2815.156804233996	0	-1.2498820667334436	218
half_step_2	2.64350496835252	0.0010616754009511722	4	0	0	0	1610436802.5949483	27963.45954044215	0	-1.3702502311783844	307
full_step	2.644566643753471	0.010616754009511722	11	4	4	0.36363636363636365	1610436802.5949483	7150458.439031713	0.08742535539204255	-1.414100289945709	359
half_step_1	2.644566643753471	0.005308377004755861	13	0	0	0	1610436802.5949483	522630.5040320325	0.08742535539204255	-1.414100289945709	359
half_step_2	2.649875020758227	0.005308377004755861	7	0	0	0	1610436802.5949483	1157827.2379508254	0	-1.9217498561426012	121
full_step	2.655183397762983	0.05308377004755861	1	0	0	0	1610436802.5949483	2815.156804233996	0	0	0
full_step	2.655183397762983	0.026541885023779306	1	0	0	0	1610436802.5949483	2815.156804233996	0	0	0
full_step	2.655183397762983	0.013270942511889653	1	0	0	0	1610436802.5949483	2815.156804233996	0	0	0
full_step	2.655183397762983	0.0066354712559448265	1	0	0	0	1610436802.5949483	2815.156804233996	0	0	0
full_step	2.655183397762983	0.0033177356279724133	1	0	0	0	1610436802.5949483	2815.156804233996	0	0	0
half_step_1	2.655183397762983	0.0016588678139862066	0	0	0	0	1610436802.5949483	2815.156804233996	0	0	0
half_step_2	2.6568422655769695	0.0016588678139862066	0	0	0	0	1610436802.5949483	2815.156804233996	0	0	0
full_step	2.6585011333909554	0.016588678139862065	15	8	3	0.5333333333333333	1610436802.5949483	5883452.51951003	0	-1.9187987497649837	213
full_step	2.6585011333909554	0.008294339069931033	14	4	4	0.2857142857142857	1610436802.5949483	2201973.587891403	0	-1.9187987497649837	213
half_step_1	2.6585011333909554	0.004147169534965516	9	0	0	0	1610436802.5949483	960201.513774309	0	-1.9187987497649837	213
half_step_2	2.6626483029259207	0.004147169534965516	1	0	0	0	1610436802.5949483	2815.156804233996	0	0	0
full_step	2.6585011333909554	0.004147169534965516	13	4	4	0.3076923076923077	1610436802.5949483	781826.0916686832	0	-1.9187987497649837	213
half_step_1	2.6585011333909554	0.002073584767482758	10	0	0	0	1610436802.5949483	75922.62482474768	0	-1.9187987497649837	213
half_step_2	2.660574718158438	0.002073584767482758	3	12	9	4	1610436802.5949483	57634.14936328832	0	-1.876248276937139	320
full_step	2.6626483029259207	0.02073584767482758	13	4	4	0.3076923076923077	1610436802.5949483	8906152.75444079	0	-1.8332875689901456	334
full_step	2.6626483029259207	0.01036792383741379	14	3	3	0.21428571428571427	1610436802.5949483	1837706.9384571142	0	-1.8332875689901456	334
half_step_1	2.6626483029259207	0.005183961918706895	9	0	0	0	1610436802.5949483	415806.9768116919	0	-1.8332875689901456	334
half_step_2	2.6678322648446278	0.005183961918706895	1	0	0	0	1610436802.5949483	2815.156804233996	0	0	0
full_step	2.6730162267633344	0.051839619187068954	15	4	4	0.26666666666666666	1610436802.5949483	10225837.27389696	1.361061011935817	-1.5459892638648012	854
full_step	2.6730162267633344	0.025919809593534477	15	5	5	0.3333333333333333	1610436802.5949483	6929414.765987664	1.361061011935817	-1.5459892638648012	854
full_step	2.6730162267633344	0.012959904796767239	15	0	0	0	1610436802.5949483	2218451.77072861	1.361061011935817	-1.5459892638648012	854
full_step	2.6730162267633344	0.006479952398383619	16	5	5	0.3125	1610436802.5949483	1850506.350676891	1.361061011935817	-1.5459892638648012	854
full_step	2.6730162267633344	0.0032399761991918096	15	0	0	0	1610436802.5949483	1090709.1013879697	1.361061011935817	-1.5459892638648012	854
full_step	2.6730162267633344	0.0016199880995959048	15	0	0	0	1610436802.5949483	1915505.0962026087	1.361061011935817	-1.5459892638648012	854
half_step_1	2.6730162267633344	0.0008099940497979524	12	5	5	0.4166666666666667	1610436802.5949483	1630735.1405171913	1.361061011935817	-1.5459892638648012	854
half_step_2	2.6738262208131323	0.0008099940497979524	11	23	9	2.090909090909091	1610436802.5949483	103121.18228499945	0.12480181100545451	-1.6955875887222382	663
full_step	2.67463621486293	0.008099940497979524	13	12	8	0.9230769230769231	1610436802.5949483	1473343.503549576	0.34286540500761475	-1.6236579056109934	680
half_step_1	2.67463621486293	0.004049970248989762	14	13	5	0.9285714285714286	1610436802.5949483	330393.5751963258	0.34286540500761475	-1.6236579056109934	680
half_step_2	2.67868618511192	0.004049970248989762	15	36	10	2.4	1610436802.5949483	1207472.6506071726	0.3705665663073887	-1.4865793266519216	282
full_step	2.6827361553609097	0.04049970248989762	14	10	5	0.7142857142857143	1610436802.5949483	5033822.982498071	0	-1.567354357642091	232
full_step	2.6827361553609097	0.02024985124494881	13	8	3	0.6153846153846154	1610436802.5949483	3348038.9331119414	0	-1.567354357642091	232
full_step	2.6827361553609097	0.010124925622474405	10	5	5	0.5	1610436802.5949483	2763760.989588286	0	-1.567354357642091	232
half_step_1	2.6827361553609097	0.005062462811237203	11	4	4	0.36363636363636365	1610436802.5949483	146425.11681024535	0	-1.567354357642091	232
half_step_2	2.6877986181721467	0.005062462811237203	1	0	0	0	1610436802.5949483	2815.156804233996	0	0	0
full_step	2.692861080983384	0.050624628112372026	13	3	3	0.23076923076923078	1610436802.5949483	5218678.9206594275	0	-1.8859292904718563	218
full_step	2.692861080983384	0.025312314056186013	14	0	0	0	1610436802.5949483	5322911.576042386	0	-1.8859292904718563	218
full_step	2.692861080983384	0.012656157028093007	14	0	0	0	1610436802.5949483	5509330.233772448	0	-1.8859292904718563	218
full_step	2.692861080983384	0.006328078514046503	12	0	0	0	1610436802.5949483	1419939.3924618955	0	-1.8859292904718563	218
full_step	2.692861080983384	0.0031640392570232516	14	0	0	0	1610436802.5949483	133186.42862990743	0	-1.8859292904718563	218
full_step	2.692861080983384	0.0015820196285116258	10	0	0	0	1610436802.5949483	38422.64200009773	0	-1.8859292904718563	218
half_step_1	2.692861080983384	0.0007910098142558129	2	3	3	1.5	1610436802.5949483	4556.138292109216	0	-1.8859292904718563	218
half_step_2	2.69365209079764	0.0007910098142558129	10	0	0	0	1610436802.5949483	48440.43947547955	0	-1.6538872575644465	429
full_step	2.694443100611896	0.00791009814255813	11	21	7	1.9090909090909092	1610436802.5949483	11216192.87847854	0.0599225522892084	-1.8767379520154608	352
full_step	2.694443100611896	0.003955049071279065	10	23	10	2.3	1610436802.5949483	3371928.9282371337	0.0599225522892084	-1.8767379520154608	352
half_step_1	2.694443100611896	0.0019775245356395323	6	14	10	2.3333333333333335	1610436802.5949483	811633.3416839174	0.0599225522892084	-1.8767379520154608	352
half_step_2	2.6964206251475353	0.0019775245356395323	1	0	0	0	1610436802.5949483	2815.156804233996	0	-1.9621081109237637	86
full_step	2.698398149683175	0.019775245356395323	15	8	6	0.5333333333333333	1610436802.5949483	9157110.986941181	0	-1.651546419027781	463
full_step	2.698398149683175	0.009887622678197662	14	14	9	1	1610436802.5949483	4817282.750279982	0	-1.651546419027781	463
full_step	2.698398149683175	0.004943811339098831	19	14	7	0.7368421052631579	1610436802.5949483	1634210.016463271	0	-1.651546419027781	463
half_step_1	2.698398149683175	0.0024719056695494154	9	6	6	0.6666666666666666	1610436802.5949483	2543895.5343490685	0	-1.651546419027781	463
half_step_2	2.7008700553527243	0.0024719056695494154	1	0	0	0	1610436802.5949483	2815.156804233996	0	0	0
full_step	2.7033419610222738	0.024719056695494155	11	0	0	0	1610436802.5949483	7132783.355527125	0	-1.852778696417137	151
full_step	2.7033419610222738	0.012359528347747077	11	0	0	0	1610436802.5949483	1553252.2433138667	0	-1.852778696417137	151
full_step	2.7033419610222738	0.006179764173873539	8	0	0	0	1610436802.5949483	926658.0886295205	0	-1.852778696417137	151
half_step_1	2.7033419610222738	0.0030898820869367694	2	5	3	2.5	1610436802.5949483	101785.17938217208	0	-1.852778696417137	151
half_step_2	2.7064318431092107	0.0030898820869367694	15	26	8	1.7333333333333334	1610436802.5949483	1411929.893842185	0.5705116721946979	-1.617372759143379	255
full_step	2.709521725196147	0.030898820869367693	1	0	0	0	1610436802.5949483	2815.156804233996	0	0	0
full_step	2.709521725196147	0.015449410434683846	1	0	0	0	1610436802.5949483	2815.156804233996	0	0	0
full_step	2.709521725196147	0.007724705217341923	1	0	0	0	1610436802.5949483	2815.156804233996	0	0	0
full_step	2.709521725196147	0.0038623526086709616	1	0	0	0	1610436802.5949483	2815.156804233996	0	0	0
half_step_1	2.709521725196147	0.0019311763043354808	0	0	0	0	1610436802.5949483	2815.156804233996	0	0	0
half_step_2	2.7114529015004827	0.0019311763043354808	0	0	0	0	1610436802.5949483	2815.156804233996	0	0	0
full_step	2.713384077804818	0.01931176304335481	10	0	0	0	1610436802.5949483	8328383.909879867	0.03224533969478216	-1.6522655024877733	225
full_step	2.713384077804818	0.009655881521677404	14	0	0	0	1610436802.5949483	924379.7854260758	0.03224533969478216	-1.6522655024877733	225
full_step	2.713384077804818	0.004827940760838702	13	0	0	0	1610436802.5949483	298843.4218813197	0.03224533969478216	-1.6522655024877733	225
full_step	2.713384077804818	0.002413970380419351	12	0	0	0	1610436802.5949483	159914.7035716495	0.03224533969478216	-1.6522655024877733	225
full_step	2.713384077804818	0.0012069851902096755	10	0	0	0	1610436802.5949483	38241.17931659083	0.03224533969478216	-1.6522655024877733	225
half_step_1	2.713384077804818	0.0006034925951048378	2	0	0	0	1610436802.5949483	12990.905683978246	0.03224533969478216	-1.6522655024877733	225
half_step_2	2.713987570399923	0.0006034925951048378	2	3	3	1.5	1610436802.5949483	8959.939166969727	0.15389546880032867	-1.7180357057078286	371
full_step	2.714591062995028	0.006034925951048377	19	12	4	0.631578947368421	1610436802.5949483	783110.5666444261	0.060801746949437074	-1.6173434257452637	602
half_step_1	2.714591062995028	0.0030174629755241886	16	6	3	0.375	1610436802.5949483	446646.8137174449	0.060801746949437074	-1.6173434257452637	602
half_step_2	2.7176085259705522	0.0030174629755241886	1	0	0	0	1610436802.5949483	2815.156804233996	0	0	0
full_step	2.714591062995028	0.0030174629755241886	15	3	3	0.2	1610436802.5949483	460382.25451442384	0.060801746949437074	-1.6173434257452637	602
half_step_1	2.714591062995028	0.0015087314877620943	13	0	0	0	1610436802.5949483	141599.64525395315	0.060801746949437074	-1.6173434257452637	602
half_step_2	2.71609979448279	0.0015087314877620943	2	3	3	1.5	1610436802.5949483	21240.027650561115	0	-1.6989392115241126	228
full_step	2.7176085259705522	0.015087314877620942	15	2	2	0.13333333333333333	1610436802.5949483	2759649.7939473684	0.16854824022448156	-1.4675228685290171	332
full_step	2.7176085259705522	0.007543657438810471	18	5	5	0.2777777777777778	1610436802.5949483	761061.811505222	0.16854824022448156	-1.4675228685290171	332
half_step_1	2.7176085259705522	0.0037718287194052355	12	0	0	0	1610436802.5949483	374015.49420315755	0.16854824022448156	-1.4675228685290171	332
half_step_2	2.7213803546899573	0.0037718287194052355	2	3	3	1.5	1610436802.5949483	4569.210546223866	0	-1.9904031625876126	37
full_step	2.725152183409363	0.037718287194052354	1	0	0	0	1610436802.5949483	2815.156804233996	0	0	0
full_step	2.725152183409363	0.018859143597026177	1	0	0	0	1610436802.5949483	2815.156804233996	0	0	0
full_step	2.725152183409363	0.009429571798513088	1	0	0	0	1610436802.5949483	2815.156804233996	0	0	0
full_step	2.725152183409363	0.004714785899256544	1	0	0	0	1610436802.5949483	2815.156804233996	0	0	0
half_step_1	2.725152183409363	0.002357392949628272	0	0	0	0	1610436802.5949483	2815.156804233996	0	0	0
half_step_2	2.727509576358991	0.002357392949628272	0	0	0	0	1610436802.5949483	2815.156804233996	0	0	0
full_step	2.7298669693086195	0.02357392949628272	7	0	0	0	1610436802.5949483	5539607.918432927	0	-1.9782417586561545	52
full_step	2.7298669693086195	0.01178696474814136	6	0	0	0	1610436802.5949483	5759273.768177675	0	-1.9782417586561545	52
full_step	2.7298669693086195	0.00589348237407068	5	0	0	0	1610436802.5949483	6131505.071687235	0	-1.9782417586561545	52
full_step	2.7298669693086195	0.00294674118703534	3	2	2	0.6666666666666666	1610436802.5949483	7095.084391156334	0	-1.9782417586561545	52
half_step_1	2.7298669693086195	0.00147337059351767	1	0	0	0	1610436802.5949483	2815.156804233996	0	-1.9782417586561545	52
half_step_2	2.731340339902137	0.00147337059351767	2	0	0	0	1610436802.5949483	13580.49426270833	0	-1.9154130637608395	116
full_step	2.732813710495655	0.0147337059351767	13	2	2	0.15384615384615385	1610436802.5949483	10451189.728914006	0	-1.853046131567013	215
full_step	2.732813710495655	0.00736685296758835	13	0	0	0	1610436802.5949483	6149403.560860844	0	-1.853046131567013	215
full_step	2.732813710495655	0.003683426483794175	14	3	3	0.21428571428571427	1610436802.5949483	2586384.8384399978	0	-1.853046131567013	215
half_step_1	2.732813710495655	0.0018417132418970875	8	0	0	0	1610436802.5949483	530298.777808009	0	-1.853046131567013	215
half_step_2	2.734655423737552	0.0018417132418970875	1	0	0	0	1610436802.5949483	2815.156804233996	0	-1.7860171012732307	96
full_step	2.736497136979449	0.018417132418970875	13	0	0	0	1610436802.5949483	4159987.112665442	0	-1.655754559033568	356
full_step	2.736497136979449	0.009208566209485437	13	0	0	0	1610436802.5949483	1989078.0172960453	0	-1.655754559033568	356
full_step	2.736497136979449	0.004604283104742719	12	3	3	0.25	1610436802.5949483	1117328.2832913836	0	-1.655754559033568	356
half_step_1	2.736497136979449	0.0023021415523713593	12	0	0	0	1610436802.5949483	141052.5484885711	0	-1.655754559033568	356
half_step_2	2.7387992785318205	0.0023021415523713593	13	0	0	0	1610436802.5949483	165580.4291103133	0.19191439145652112	-1.6806271620579794	389
full_step	2.741101420084192	0.023021415523713593	9	0	0	0	1610436802.5949483	5965067.514765939	0	-1.938973290761191	132
full_step	2.741101420084192	0.011510707761856797	8	0	0	0	1610436802.5949483	7025138.284697656	0	-1.938973290761191	132
full_step	2.741101420084192	0.005755353880928398	6	0	0	0	1610436802.5949483	8508474.201901028	0	-1.938973290761191	132
half_step_1	2.741101420084192	0.002877676940464199	4	5	5	1.25	1610436802.5949483	59977.135252663145	0	-1.938973290761191	132
half_step_2	2.7439790970246563	0.002877676940464199	1	0	0	0	1610436802.5949483	2815.156804233996	0	0	0
full_step	2.74685677396512	0.02877676940464199	5	0	0	0	1610436802.5949483	5732454.410576385	0	-1.934550282149362	47
full_step	2.74685677396512	0.014388384702320995	3	0	0	0	1610436802.5949483	3423864.243038829	0	-1.934550282149362	47
full_step	2.74685677396512	0.007194192351160498	4	12	12	3	1610436802.5949483	445195.61480663926	0	-1.934550282149362	47
full_step	2.74685677396512	0.003597096175580249	3	9	9	3	1610436802.5949483	72558.56804853918	0	-1.934550282149362	47
full_step	2.74685677396512	0.0017985480877901244	1	0	0	0	1610436802.5949483	2815.156804233996	0	-1.934550282149362	47
full_step	2.74685677396512	0.0008992740438950622	1	0	0	0	1610436802.5949483	2815.156804233996	0	-1.934550282149362	47
half_step_1	2.74685677396512	0.0004496370219475311	0	0	0	0	1610436802.5949483	2815.156804233996	0	-1.934550282149362	47
half_step_2	2.7473064109870675	0.0004496370219475311	0	0	0	0	1610436802.5949483	2815.156804233996	0	-1.9572196839444	92
full_step	2.7477560480090153	0.004496370219475311	10	4	4	0.4	1610436802.5949483	3349470.2086022063	0	-1.9414942866454987	206
full_step	2.7477560480090153	0.0022481851097376554	10	4	4	0.4	1610436802.5949483	1026047.1150909762	0	-1.9414942866454987	206
full_step	2.7477560480090153	0.0011240925548688277	3	0	0	0	1610436802.5949483	17003.562782621404	0	-1.9414942866454987	206
full_step	2.7477560480090153	0.0005620462774344138	1	0	0	0	1610436802.5949483	2815.156804233996	0	-1.9414942866454987	206
half_step_1	2.7477560480090153	0.0002810231387172069	0	0	0	0	1610436802.5949483	2815.156804233996	0	-1.9414942866454987	206
half_step_2	2.7480370711477327	0.0002810231387172069	0	0	0	0	1610436802.5949483	2815.156804233996	0	-1.8595966222441864	127
full_step	2.7483180942864496	0.0028102313871720694	16	0	0	0	1610436802.5949483	627163.1329838944	0	-1.661961412408077	461
half_step_1	2.7483180942864496	0.0014051156935860347	13	0	0	0	1610436802.5949483	151140.80759211775	0	-1.661961412408077	461
half_step_2	2.7497232099800355	0.0014051156935860347	2	5	5	2.5	1610436802.5949483	21999.9566258032	0	-1.7164226312755937	331
full_step	2.751128325673622	0.014051156935860346	9	0	0	0	1610436802.5949483	2154257.6188447867	0	-1.7234324026286085	305
full_step	2.751128325673622	0.007025578467930173	9	0	0	0	1610436802.5949483	1117689.0218647378	0	-1.7234324026286085	305
half_step_1	2.751128325673622	0.0035127892339650866	9	0	0	0	1610436802.5949483	137138.74093984475	0	-1.7234324026286085	305
half_step_2	2.754641114907587	0.0035127892339650866	7	0	0	0	1610436802.5949483	5946476.317323014	0	-1.9886984133533925	18
full_step	2.758153904141552	0.035127892339650864	1	0	0	0	1610436802.5949483	2815.156804233996	0	0	0
full_step	2.758153904141552	0.017563946169825432	1	0	0	0	1610436802.5949483	2815.156804233996	0	0	0
full_step	2.758153904141552	0.008781973084912716	1	0	0	0	1610436802.5949483	2815.156804233996	0	0	0
full_step	2.758153904141552	0.004390986542456358	1	0	0	0	1610436802.5949483	2815.156804233996	0	0	0
half_step_1	2.758153904141552	0.002195493271228179	0	0	0	0	1610436802.5949483	2815.156804233996	0	0	0
half_step_2	2.76034939741278	0.002195493271228179	0	0	0	0	1610436802.5949483	2815.156804233996	0	0	0
full_step	2.7625448906840084	0.02195493271228179	1	0	0	0	1610436802.5949483	2815.156804233996	0	0	0
full_step	2.7625448906840084	0.010977466356140895	1	0	0	0	1610436802.5949483	2815.156804233996	0	0	0
full_step	2.7625448906840084	0.005488733178070447	1	0	0	0	1610436802.5949483	2815.156804233996	0	0	0
full_step	2.7625448906840084	0.0027443665890352236	1	0	0	0	1610436802.5949483	2815.156804233996	0	0	0
full_step	2.7625448906840084	0.0013721832945176118	1	0	0	0	1610436802.5949483	2815.156804233996	0	0	0
half_step_1	2.7625448906840084	0.0006860916472588059	0	0	0	0	1610436802.5949483	2815.156804233996	0	0	0
half_step_2	2.763230982331267	0.0006860916472588059	0	0	0	0	1610436802.5949483	2815.156804233996	0	0	0
full_step	2.763917073978526	0.006860916472588059	1	0	0	0	1610436802.5949483	2815.156804233996	0	0	0
full_step	2.763917073978526	0.0034304582362940294	1	0	0	0	1610436802.5949483	2815.156804233996	0	0	0
full_step	2.763917073978526	0.0017152291181470147	1	0	0	0	1610436802.5949483	2815.156804233996	0	0	0
full_step	2.763917073978526	0.0008576145590735074	1	0	0	0	1610436802.5949483	2815.156804233996	0	0	0
half_step_1	2.763917073978526	0.0004288072795367537	0	0	0	0	1610436802.5949483	2815.156804233996	0	0	0
half_step_2	2.764345881258063	0.0004288072795367537	0	0	0	0	1610436802.5949483	2815.156804233996	0	0	0
full_step	2.7647746885375994	0.004288072795367537	17	5	5	0.29411764705882354	1610436802.5949483	10000198.49112615	0	-1.7998537561789474	225
half_step_1	2.7647746885375994	0.0021440363976837685	12	3	3	0.25	1610436802.5949483	7224596.468263051	0	-1.7998537561789474	225
half_step_2	2.7669187249352833	0.0021440363976837685	1	0	0	0	1610436802.5949483	2815.156804233996	0	0	0
full_step	2.769062761332967	0.021440363976837684	1	0	0	0	1610436802.5949483	2815.156804233996	0	0	0
full_step	2.769062761332967	0.010720181988418842	1	0	0	0	1610436802.5949483	2815.156804233996	0	0	0
full_step	2.769062761332967	0.005360090994209421	1	0	0	0	1610436802.5949483	2815.156804233996	0	0	0
full_step	2.769062761332967	0.0026800454971047105	1	0	0	0	1610436802.5949483	2815.156804233996	0	0	0
half_step_1	2.769062761332967	0.0013400227485523553	0	0	0	0	1610436802.5949483	2815.156804233996	0	0	0
half_step_2	2.770402784081519	0.0013400227485523553	0	0	0	0	1610436802.5949483	2815.156804233996	0	0	0
full_step	2.7717428068300713	0.013400227485523553	1	0	0	0	1610436802.5949483	2815.156804233996	0	0	0
full_step	2.7717428068300713	0.006700113742761776	1	0	0	0	1610436802.5949483	2815.156804233996	0	0	0
full_step	2.7717428068300713	0.003350056871380888	1	0	0	0	1610436802.5949483	2815.156804233996	0	0	0
full_step	2.7717428068300713	0.001675028435690444	1	0	0	0	1610436802.5949483	2815.156804233996	0	0	0
half_step_1	2.7717428068300713	0.000837514217845222	0	0	0	0	1610436802.5949483	2815.156804233996	0	0	0
half_step_2	2.7725803210479167	0.000837514217845222	0	0	0	0	1610436802.5949483	2815.156804233996	0	0	0
full_step	2.7734178352657617	0.00837514217845222	1	0	0	0	1610436802.5949483	2815.156804233996	0	0	0
full_step	2.7734178352657617	0.00418757108922611	1	0	0	0	1610436802.5949483	2815.156804233996	0	0	0
full_step	2.7734178352657617	0.002093785544613055	1	0	0	0	1610436802.5949483	2815.156804233996	0	0	0
full_step	2.7734178352657617	0.0010468927723065275	1	0	0	0	1610436802.5949483	2815.156804233996	0	0	0
half_step_1	2.7734178352657617	0.0005234463861532638	0	0	0	0	1610436802.5949483	2815.156804233996	0	0	0
half_step_2	2.773941281651915	0.0005234463861532638	0	0	0	0	1610436802.5949483	2815.156804233996	0	0	0
full_step	2.774464728038068	0.005234463861532638	18	13	7	0.7222222222222222	1610436802.5949483	2315041.9592456943	0	-1.8909864706689365	380
full_step	2.774464728038068	0.002617231930766319	17	3	3	0.17647058823529413	1610436802.5949483	623226.409087811	0	-1.8909864706689365	380
full_step	2.774464728038068	0.0013086159653831594	15	3	3	0.2	1610436802.5949483	92127.53194230812	0	-1.8909864706689365	380
half_step_1	2.774464728038068	0.0006543079826915797	2	0	0	0	1610436802.5949483	19473.080210439788	0	-1.8909864706689365	380
half_step_2	2.77511903602076	0.0006543079826915797	2	0	0	0	1610436802.5949483	23387.26045998314	0.1808147453411948	-1.623094258999839	554
full_step	2.775773344003451	0.006543079826915797	14	2	2	0.14285714285714285	1610436802.5949483	1734523.0189724148	0.08705205695878249	-1.5638821749081186	554
full_step	2.775773344003451	0.0032715399134578987	14	3	3	0.21428571428571427	1610436802.5949483	843642.0281551608	0.08705205695878249	-1.5638821749081186	554
full_step	2.775773344003451	0.0016357699567289493	14	0	0	0	1610436802.5949483	118871.500650404	0.08705205695878249	-1.5638821749081186	554
full_step	2.775773344003451	0.0008178849783644747	11	0	0	0	1610436802.5949483	33019.539967802266	0.08705205695878249	-1.5638821749081186	554
half_step_1	2.775773344003451	0.00040894248918223734	2	0	0	0	1610436802.5949483	12395.879120805837	0.08705205695878249	-1.5638821749081186	554
half_step_2	2.7761822864926335	0.00040894248918223734	9	0	0	0	1610436802.5949483	21830.321591243483	0.28812552634917665	-1.7522744707400186	847
full_step	2.7765912289818155	0.004089424891822373	18	12	6	0.6666666666666666	1610436802.5949483	728099.0610496533	0.5506049550021999	-1.6414858829747954	835
full_step	2.7765912289818155	0.0020447124459111866	16	9	5	0.5625	1610436802.5949483	440662.8953066146	0.5506049550021999	-1.6414858829747954	835
half_step_1	2.7765912289818155	0.0010223562229555933	14	13	7	0.9285714285714286	1610436802.5949483	297153.73831891513	0.5506049550021999	-1.6414858829747954	835
half_step_2	2.777613585204771	0.0010223562229555933	3	11	5	3.6666666666666665	1610436802.5949483	36882.96738771328	0.26878455496625975	-1.6238667840528687	222
full_step	2.778635941427727	0.010223562229555934	15	4	4	0.26666666666666666	1610436802.5949483	1616471.1459265423	0	-1.5011669967455534	398
full_step	2.778635941427727	0.005111781114777967	17	3	3	0.17647058823529413	1610436802.5949483	379829.60411300644	0	-1.5011669967455534	398
half_step_1	2.778635941427727	0.0025558905573889834	13	0	0	0	1610436802.5949483	194212.61364257045	0	-1.5011669967455534	398
half_step_2	2.7811918319851157	0.0025558905573889834	8	0	0	0	1610436802.5949483	39732.48894245653	0	-1.6676477217797863	75
full_step	2.783747722542505	0.025558905573889835	12	0	0	0	1610436802.5949483	2974696.7805497167	1.2943020971433725	-1.4006313950428309	396
full_step	2.783747722542505	0.012779452786944917	12	9	5	0.75	1610436802.5949483	4147888.5111326906	1.2943020971433725	-1.4006313950428309	396
half_step_1	2.783747722542505	0.006389726393472459	16	3	3	0.1875	1610436802.5949483	2271342.6157946093	1.2943020971433725	-1.4006313950428309	396
half_step_2	2.7901374489359774	0.006389726393472459	12	5	5	0.4166666666666667	1610436802.5949483	5594372.8945672335	0	-1.9470760869967403	149
full_step	2.783747722542505	0.006389726393472459	17	3	3	0.17647058823529413	1610436802.5949483	2272002.8020536625	1.2943020971433725	-1.4006313950428309	396
half_step_1	2.783747722542505	0.0031948631967362293	15	7	4	0.4666666666666667	1610436802.5949483	2503751.3068720656	1.2943020971433725	-1.4006313950428309	396
half_step_2	2.786942585739241	0.0031948631967362293	1	0	0	0	1610436802.5949483	2815.156804233996	0	0	0
full_step	2.7901374489359774	0.03194863196736229	12	4	4	0.3333333333333333	1610436802.5949483	574604.115703005	0	-1.9245465119808352	88
full_step	2.7901374489359774	0.015974315983681146	11	0	0	0	1610436802.5949483	524966.5731143716	0	-1.9245465119808352	88
full_step	2.7901374489359774	0.007987157991840573	11	0	0	0	1610436802.5949483	1745633.3897276758	0	-1.9245465119808352	88
full_step	2.7901374489359774	0.003993578995920287	11	0	0	0	1610436802.5949483	1150448.552387276	0	-1.9245465119808352	88
half_step_1	2.7901374489359774	0.0019967894979601433	9	0	0	0	1610436802.5949483	820859.4917733066	0	-1.9245465119808352	88
half_step_2	2.7921342384339374	0.0019967894979601433	1	0	0	0	1610436802.5949483	2815.156804233996	0	0	0
full_step	2.794131027931898	0.019967894979601435	11	0	0	0	1610436802.5949483	4153611.7863019537	0.13669754806687706	-1.3039369589143932	64
full_step	2.794131027931898	0.009983947489800717	9	0	0	0	1610436802.5949483	3548584.9557924652	0.13669754806687706	-1.3039369589143932	64
full_step	2.794131027931898	0.004991973744900359	9	0	0	0	1610436802.5949483	2815307.857380574	0.13669754806687706	-1.3039369589143932	64
full_step	2.794131027931898	0.0024959868724501793	9	0	0	0	1610436802.5949483	2196726.5061666975	0.13669754806687706	-1.3039369589143932	64
half_step_1	2.794131027931898	0.0012479934362250897	6	0	0	0	1610436802.5949483	1681125.7716809697	0.13669754806687706	-1.3039369589143932	64
half_step_2	2.795379021368123	0.0012479934362250897	5	0	0	0	1610436802.5949483	7358146.688302211	0	-1.992760254234034	46
full_step	2.796627014804348	0.012479934362250898	1	0	0	0	1610436802.5949483	2815.156804233996	0	0	0
full_step	2.796627014804348	0.006239967181125449	1	0	0	0	1610436802.5949483	2815.156804233996	0	0	0
full_step	2.796627014804348	0.0031199835905627244	1	0	0	0	1610436802.5949483	2815.156804233996	0	0	0
full_step	2.796627014804348	0.0015599917952813622	1	0	0	0	1610436802.5949483	2815.156804233996	0	0	0
half_step_1	2.796627014804348	0.0007799958976406811	0	0	0	0	1610436802.5949483	2815.156804233996	0	0	0
half_step_2	2.797407010701989	0.0007799958976406811	8	0	0	0	1610436802.5949483	3640056.505479334	0	-1.9941145244714644	41
full_step	2.7981870065996293	0.0077999589764068105	14	15	6	1.0714285714285714	1610436802.5949483	5485854.3715747865	1.0253295339789474	-1.122240859016777	499
full_step	2.7981870065996293	0.0038999794882034053	15	4	4	0.26666666666666666	1610436802.5949483	2592112.7216193294	1.0253295339789474	-1.122240859016777	499
full_step	2.7981870065996293	0.0019499897441017026	14	0	0	0	1610436802.5949483	1980724.1684777753	1.0253295339789474	-1.122240859016777	499
half_step_1	2.7981870065996293	0.0009749948720508513	14	15	6	1.0714285714285714	1610436802.5949483	1831577.0354481607	1.0253295339789474	-1.122240859016777	499
half_step_2	2.79916200147168	0.0009749948720508513	11	4	4	0.36363636363636365	1610436802.5949483	26553.337315602854	0.4734290764754405	-1.3297059926473982	495
full_step	2.800136996343731	0.009749948720508514	13	0	0	0	1610436802.5949483	800069.0844735326	0	-1.6865714147613065	406
half_step_1	2.800136996343731	0.004874974360254257	10	0	0	0	1610436802.5949483	381958.4868832768	0	-1.6865714147613065	406
half_step_2	2.805011970703985	0.004874974360254257	1	0	0	0	1610436802.5949483	2815.156804233996	0	0	0
full_step	2.800136996343731	0.004874974360254257	13	0	0	0	1610436802.5949483	380068.9804667906	0	-1.6865714147613065	406
half_step_1	2.800136996343731	0.0024374871801271284	8	0	0	0	1610436802.5949483	114082.55970672023	0	-1.6865714147613065	406
half_step_2	2.8025744835238577	0.0024374871801271284	1	0	0	0	1610436802.5949483	2815.156804233996	0	0	0
full_step	2.805011970703985	0.024374871801271285	14	3	3	0.21428571428571427	1610436802.5949483	3806477.7907770486	0	-1.8604606839071174	302
full_step	2.805011970703985	0.012187435900635642	14	3	3	0.21428571428571427	1610436802.5949483	1402420.7781019746	0	-1.8604606839071174	302
half_step_1	2.805011970703985	0.006093717950317821	9	0	0	0	1610436802.5949483	1304814.0117028616	0	-1.8604606839071174	302
half_step_2	2.811105688654303	0.006093717950317821	1	0	0	0	1610436802.5949483	2815.156804233996	0	0	0
full_step	2.805011970703985	0.006093717950317821	14	4	4	0.2857142857142857	1610436802.5949483	799318.4694380945	0	-1.8604606839071174	302
half_step_1	2.805011970703985	0.0030468589751589106	11	0	0	0	1610436802.5949483	130107.68595953597	0	-1.8604606839071174	302
half_step_2	2.808058829679144	0.0030468589751589106	1	0	0	0	1610436802.5949483	2815.156804233996	0	0	0
full_step	2.811105688654303	0.030468589751589108	1	0	0	0	1610436802.5949483	2815.156804233996	0	0	0
full_step	2.811105688654303	0.015234294875794554	1	0	0	0	1610436802.5949483	2815.156804233996	0	0	0
full_step	2.811105688654303	0.007617147437897277	1	0	0	0	1610436802.5949483	2815.156804233996	0	0	0
full_step	2.811105688654303	0.0038085737189486385	1	0	0	0	1610436802.5949483	2815.156804233996	0	0	0
full_step	2.811105688654303	0.0019042868594743192	1	0	0	0	1610436802.5949483	2815.156804233996	0	0	0
half_step_1	2.811105688654303	0.0009521434297371596	0	0	0	0	1610436802.5949483	2815.156804233996	0	0	0
half_step_2	2.81205783208404	0.0009521434297371596	0	0	0	0	1610436802.5949483	2815.156804233996	0	0	0
full_step	2.8130099755137774	0.009521434297371597	10	0	0	0	1610436802.5949483	1175479.404142448	0	-1.9453850192532898	34
full_step	2.8130099755137774	0.004760717148685798	8	0	0	0	1610436802.5949483	773571.3227354645	0	-1.9453850192532898	34
full_step	2.8130099755137774	0.002380358574342899	3	0	0	0	1610436802.5949483	940671.5317057489	0	-1.9453850192532898	34
half_step_1	2.8130099755137774	0.0011901792871714496	1	3	3	3	1610436802.5949483	2815.156804233996	0	-1.9453850192532898	34
half_step_2	2.814200154800949	0.0011901792871714496	12	0	0	0	1610436802.5949483	69884.00076467026	0	-1.5967120767608274	162
full_step	2.81539033408812	0.011901792871714495	12	11	9	0.9166666666666666	1610436802.5949483	1142883.8062732685	0.05194688147457782	-1.5617174312190625	126
full_step	2.81539033408812	0.005950896435857248	8	0	0	0	1610436802.5949483	752948.8421305332	0.05194688147457782	-1.5617174312190625	126
half_step_1	2.81539033408812	0.002975448217928624	2	3	3	1.5	1610436802.5949483	337698.8287675756	0.05194688147457782	-1.5617174312190625	126
half_step_2	2.818365782306049	0.002975448217928624	4	10	10	2.5	1610436802.5949483	73131.25399523623	0	-1.8913492972435946	141
full_step	2.8213412305239776	0.0245752223939949	15	21	8	1.4	1610436802.5949483	5932666.026323711	1.501762235930073	-1.5020834180077294	752
half_step_1	2.8213412305239776	0.01228761119699745	14	21	6	1.5	1610436802.5949483	4175480.0437392723	1.501762235930073	-1.5020834180077294	752
half_step_2	2.833628841720975	0.01228761119699745	1	0	0	0	1610436802.5949483	2815.156804233996	0	0	0
full_step	2.8213412305239776	0.01228761119699745	14	17	5	1.2142857142857142	1610436802.5949483	5308568.4141524825	1.501762235930073	-1.5020834180077294	752
half_step_1	2.8213412305239776	0.006143805598498725	14	23	5	1.6428571428571428	1610436802.5949483	3210692.211975577	1.501762235930073	-1.5020834180077294	752
half_step_2	2.8274850361224764	0.006143805598498725	1	0	0	0	1610436802.5949483	2815.156804233996	0	0	0
full_step	2.8213412305239776	0.006143805598498725	13	14	6	1.0769230769230769	1610436802.5949483	3198254.911131873	1.501762235930073	-1.5020834180077294	752
half_step_1	2.8213412305239776	0.0030719027992493625	11	10	6	0.9090909090909091	1610436802.5949483	1742537.2952442046	1.501762235930073	-1.5020834180077294	752
half_step_2	2.824413133323227	0.0030719027992493625	3	2	2	0.6666666666666666	1610436802.5949483	76057.57436637532	0	-1.8265947985746664	239
full_step	2.8274850361224764	0.030719027992493625	1	0	0	0	1610436802.5949483	2815.156804233996	0	0	0
full_step	2.8274850361224764	0.015359513996246812	1	0	0	0	1610436802.5949483	2815.156804233996	0	0	0
full_step	2.8274850361224764	0.007679756998123406	1	0	0	0	1610436802.5949483	2815.156804233996	0	0	0
full_step	2.8274850361224764	0.003839878499061703	1	0	0	0	1610436802.5949483	2815.156804233996	0	0	0
half_step_1	2.8274850361224764	0.0019199392495308516	0	0	0	0	1610436802.5949483	2815.156804233996	0	0	0
half_step_2	2.8294049753720074	0.0019199392495308516	3	0	0	0	1610436802.5949483	10151.481981218956	0	-1.9150564165493036	27
full_step	2.831324914621538	0.019199392495308516	11	0	0	0	1610436802.5949483	2937554.8216749895	0	-1.3041740614321717	139
full_step	2.831324914621538	0.009599696247654258	12	0	0	0	1610436802.5949483	799194.9960139637	0	-1.3041740614321717	139
half_step_1	2.831324914621538	0.004799848123827129	5	0	0	0	1610436802.5949483	271961.69172060717	0	-1.3041740614321717	139
half_step_2	2.836124762745365	0.004799848123827129	16	15	9	0.9375	1610436802.5949483	1212695.1723828544	0.5596787390531972	-1.5782313843718954	419
full_step	2.8409246108691923	0.04747318969380935	1	0	0	0	1610436802.5949483	2815.156804233996	0	0	0
full_step	2.8409246108691923	0.023736594846904675	1	0	0	0	1610436802.5949483	2815.156804233996	0	0	0
full_step	2.8409246108691923	0.011868297423452337	1	0	0	0	1610436802.5949483	2815.156804233996	0	0	0
full_step	2.8409246108691923	0.005934148711726169	1	0	0	0	1610436802.5949483	2815.156804233996	0	0	0
full_step	2.8409246108691923	0.0029670743558630843	1	0	0	0	1610436802.5949483	2815.156804233996	0	0	0
half_step_1	2.8409246108691923	0.0014835371779315422	0	0	0	0	1610436802.5949483	2815.156804233996	0	0	0
half_step_2	2.8424081480471237	0.0014835371779315422	0	0	0	0	1610436802.5949483	2815.156804233996	0	0	0
full_step	2.8438916852250555	0.014835371779315421	12	5	5	0.4166666666666667	1610436802.5949483	5946032.378037952	0	-1.9133782966844675	124
full_step	2.8438916852250555	0.007417685889657711	12	7	7	0.5833333333333334	1610436802.5949483	5403997.316747588	0	-1.9133782966844675	124
half_step_1	2.8438916852250555	0.0037088429448288553	9	0	0	0	1610436802.5949483	1040436.3144146014	0	-1.9133782966844675	124
half_step_2	2.847600528169884	0.0037088429448288553	1	0	0	0	1610436802.5949483	2815.156804233996	0	0	0
full_step	2.8513093711147133	0.03708842944828855	14	12	4	0.8571428571428571	1610436802.5949483	10457368.848984953	0.44508984791173134	-1.4009844063251409	664
full_step	2.8513093711147133	0.018544214724144276	15	0	0	0	1610436802.5949483	3101632.1989234053	0.44508984791173134	-1.4009844063251409	664
full_step	2.8513093711147133	0.009272107362072138	16	0	0	0	1610436802.5949483	1183116.5840666194	0.44508984791173134	-1.4009844063251409	664
half_step_1	2.8513093711147133	0.004636053681036069	16	27	7	1.6875	1610436802.5949483	1229989.5396766185	0.44508984791173134	-1.4009844063251409	664
half_step_2	2.8559454247957494	0.004636053681036069	1	0	0	0	1610436802.5949483	2815.156804233996	0	0	0
full_step	2.8513093711147133	0.004636053681036069	18	30	8	1.6666666666666667	1610436802.5949483	1229944.262569534	0.44508984791173134	-1.4009844063251409	664
half_step_1	2.8513093711147133	0.0023180268405180345	14	3	3	0.21428571428571427	1610436802.5949483	1120653.36311877	0.44508984791173134	-1.4009844063251409	664
half_step_2	2.8536273979552313	0.0023180268405180345	1	0	0	0	1610436802.5949483	2815.156804233996	0	-1.9351655556773137	69
full_step	2.8559454247957494	0.023180268405180345	8	17	10	2.125	1610436802.5949483	12037159.562872378	0	-1.9956612133685507	42
full_step	2.8559454247957494	0.011590134202590172	9	21	10	2.3333333333333335	1610436802.5949483	5869167.7770666145	0	-1.9956612133685507	42
full_step	2.8559454247957494	0.005795067101295086	7	21	11	3	1610436802.5949483	13405160.71454831	0	-1.9956612133685507	42
full_step	2.8559454247957494	0.002897533550647543	1	0	0	0	1610436802.5949483	2815.156804233996	0	-1.9956612133685507	42
half_step_1	2.8559454247957494	0.0014487667753237715	0	0	0	0	1610436802.5949483	2815.156804233996	0	-1.9956612133685507	42
half_step_2	2.857394191571073	0.0014487667753237715	7	0	0	0	1610436802.5949483	18289.794267642745	0	-1.8564071677329368	99
full_step	2.858842958346397	0.014487667753237714	15	3	3	0.2	1610436802.5949483	13639335.465260398	0	-1.6759061814067795	355
full_step	2.858842958346397	0.007243833876618857	17	3	3	0.17647058823529413	1610436802.5949483	960453.0414666829	0	-1.6759061814067795	355
full_step	2.858842958346397	0.0036219169383094286	14	0	0	0	1610436802.5949483	281881.10019567754	0	-1.6759061814067795	355
full_step	2.858842958346397	0.0018109584691547143	13	0	0	0	1610436802.5949483	102639.20231065413	0	-1.6759061814067795	355
half_step_1	2.858842958346397	0.0009054792345773572	1	2	2	2	1610436802.5949483	28108.72930472711	0	-1.6759061814067795	355
half_step_2	2.8597484375809743	0.0009054792345773572	14	3	3	0.21428571428571427	1610436802.5949483	307413.06251147366	0.22950138359738048	-1.707903230359675	569
full_step	2.8606539168155516	0.009054792345773572	15	17	7	1.1333333333333333	1610436802.5949483	1047472.6204951117	0.3553853118646657	-1.663549234008875	526
half_step_1	2.8606539168155516	0.004527396172886786	8	0	0	0	1610436802.5949483	1496029.7627776586	0.3553853118646657	-1.663549234008875	526
half_step_2	2.8651813129884385	0.004527396172886786	14	0	0	0	1610436802.5949483	218272.3313533842	0	-1.4631762894517117	248
full_step	2.8697087091613254	0.0340154432804143	1	0	0	0	1610436802.5949483	2815.156804233996	0	0	0
full_step	2.8697087091613254	0.01700772164020715	1	0	0	0	1610436802.5949483	2815.156804233996	0	0	0
full_step	2.8697087091613254	0.008503860820103576	1	0	0	0	1610436802.5949483	2815.156804233996	0	0	0
half_step_1	2.8697087091613254	0.004251930410051788	0	0	0	0	1610436802.5949483	2815.156804233996	0	0	0
half_step_2	2.873960639571377	0.004251930410051788	0	0	0	0	1610436802.5949483	2815.156804233996	0	0	0
full_step	2.878212569981429	0.04251930410051788	1	0	0	0	1610436802.5949483	2815.156804233996	0	0	0
full_step	2.878212569981429	0.02125965205025894	1	0	0	0	1610436802.5949483	2815.156804233996	0	0	0
full_step	2.878212569981429	0.01062982602512947	1	0	0	0	1610436802.5949483	2815.156804233996	0	0	0
full_step	2.878212569981429	0.005314913012564735	1	0	0	0	1610436802.5949483	2815.156804233996	0	0	0
full_step	2.878212569981429	0.0026574565062823675	1	0	0	0	1610436802.5949483	2815.156804233996	0	0	0
full_step	2.878212569981429	0.0013287282531411837	1	0	0	0	1610436802.5949483	2815.156804233996	0	0	0
half_step_1	2.878212569981429	0.0006643641265705919	0	0	0	0	1610436802.5949483	2815.156804233996	0	0	0
half_step_2	2.878876934108	0.0006643641265705919	0	0	0	0	1610436802.5949483	2815.156804233996	0	0	0
full_step	2.8795412982345705	0.006643641265705919	1	0	0	0	1610436802.5949483	2815.156804233996	0	0	0
full_step	2.8795412982345705	0.0033218206328529593	1	0	0	0	1610436802.5949483	2815.156804233996	0	0	0
full_step	2.8795412982345705	0.0016609103164264797	1	0	0	0	1610436802.5949483	2815.156804233996	0	0	0
full_step	2.8795412982345705	0.0008304551582132398	1	0	0	0	1610436802.5949483	2815.156804233996	0	0	0
half_step_1	2.8795412982345705	0.0004152275791066199	0	0	0	0	1610436802.5949483	2815.156804233996	0	0	0
half_step_2	2.879956525813677	0.0004152275791066199	0	0	0	0	1610436802.5949483	2815.156804233996	0	0	0
full_step	2.880371753392784	0.004152275791066199	16	0	0	0	1610436802.5949483	454287.4015005944	0	-1.7950341648454562	436
half_step_1	2.880371753392784	0.0020761378955330995	15	0	0	0	1610436802.5949483	169443.06335634648	0	-1.7950341648454562	436
half_step_2	2.882447891288317	0.0020761378955330995	1	0	0	0	1610436802.5949483	2815.156804233996	0	-1.7629667112137966	124
full_step	2.8845240291838503	0.020761378955330995	1	0	0	0	1610436802.5949483	2815.156804233996	0	0	0
full_step	2.8845240291838503	0.010380689477665498	1	0	0	0	1610436802.5949483	2815.156804233996	0	0	0
full_step	2.8845240291838503	0.005190344738832749	1	0	0	0	1610436802.5949483	2815.156804233996	0	0	0
full_step	2.8845240291838503	0.0025951723694163744	1	0	0	0	1610436802.5949483	2815.156804233996	0	0	0
half_step_1	2.8845240291838503	0.0012975861847081872	0	0	0	0	1610436802.5949483	2815.156804233996	0	0	0
half_step_2	2.8858216153685583	0.0012975861847081872	0	0	0	0	1610436802.5949483	2815.156804233996	0	0	0
full_step	2.8871192015532667	0.012975861847081872	16	0	0	0	1610436802.5949483	2999598.7961209444	0	-1.7385598393879464	646
full_step	2.8871192015532667	0.006487930923540936	15	3	3	0.2	1610436802.5949483	1274964.6466367042	0	-1.7385598393879464	646
half_step_1	2.8871192015532667	0.003243965461770468	13	0	0	0	1610436802.5949483	248078.54999595886	0	-1.7385598393879464	646
half_step_2	2.890363167015037	0.003243965461770468	1	0	0	0	1610436802.5949483	2815.156804233996	0	0	0
full_step	2.8936071324768076	0.03243965461770468	1	0	0	0	1610436802.5949483	2815.156804233996	0	0	0
full_step	2.8936071324768076	0.01621982730885234	1	0	0	0	1610436802.5949483	2815.156804233996	0	0	0
full_step	2.8936071324768076	0.00810991365442617	1	0	0	0	1610436802.5949483	2815.156804233996	0	0	0
full_step	2.8936071324768076	0.004054956827213085	1	0	0	0	1610436802.5949483	2815.156804233996	0	0	0
full_step	2.8936071324768076	0.0020274784136065423	1	0	0	0	1610436802.5949483	2815.156804233996	0	0	0
half_step_1	2.8936071324768076	0.0010137392068032712	0	0	0	0	1610436802.5949483	2815.156804233996	0	0	0
half_step_2	2.894620871683611	0.0010137392068032712	0	0	0	0	1610436802.5949483	2815.156804233996	0	0	0
full_step	2.895634610890414	0.010137392068032712	17	3	3	0.17647058823529413	1610436802.5949483	1777911.7554654954	0	-1.594436187225685	387
half_step_1	2.895634610890414	0.005068696034016356	16	3	3	0.1875	1610436802.5949483	904253.5124959681	0	-1.594436187225685	387
half_step_2	2.9007033069244303	0.005068696034016356	1	0	0	0	1610436802.5949483	2815.156804233996	0	0	0
full_step	2.9057720029584466	0.05068696034016356	16	22	7	1.375	1610436802.5949483	3297814.689786945	1.0698602755001048	-1.1322623218790204	774
full_step	2.9057720029584466	0.02534348017008178	13	12	6	0.9230769230769231	1610436802.5949483	3458086.958765282	1.0698602755001048	-1.1322623218790204	774
full_step	2.9057720029584466	0.01267174008504089	14	21	6	1.5	1610436802.5949483	3364024.591230702	1.0698602755001048	-1.1322623218790204	774
half_step_1	2.9057720029584466	0.006335870042520445	11	15	5	1.3636363636363635	1610436802.5949483	1483652.408869611	1.0698602755001048	-1.1322623218790204	774
half_step_2	2.912107873000967	0.006335870042520445	1	0	0	0	1610436802.5949483	2815.156804233996	0	0	0
full_step	2.9184437430434875	0.06335870042520445	1	0	0	0	1610436802.5949483	2815.156804233996	0	0	0
full_step	2.9184437430434875	0.03167935021260222	1	0	0	0	1610436802.5949483	2815.156804233996	0	0	0
full_step	2.9184437430434875	0.01583967510630111	1	0	0	0	1610436802.5949483	2815.156804233996	0	0	0
full_step	2.9184437430434875	0.007919837553150556	1	0	0	0	1610436802.5949483	2815.156804233996	0	0	0
full_step	2.9184437430434875	0.003959918776575278	1	0	0	0	1610436802.5949483	2815.156804233996	0	0	0
full_step	2.9184437430434875	0.001979959388287639	1	0	0	0	1610436802.5949483	2815.156804233996	0	0	0
half_step_1	2.9184437430434875	0.0009899796941438195	0	0	0	0	1610436802.5949483	2815.156804233996	0	0	0
half_step_2	2.9194337227376312	0.0009899796941438195	2	0	0	0	1610436802.5949483	5847.729336609506	0	-1.9286150604184107	48
full_step	2.920423702431775	0.009899796941438194	10	0	0	0	1610436802.5949483	11010758.465935161	0	-1.7402988031518865	67
full_step	2.920423702431775	0.004949898470719097	10	0	0	0	1610436802.5949483	11342228.766800433	0	-1.7402988031518865	67
half_step_1	2.920423702431775	0.0024749492353595484	5	0	0	0	1610436802.5949483	6417897.112220475	0	-1.7402988031518865	67
half_step_2	2.9228986516671345	0.0024749492353595484	1	0	0	0	1610436802.5949483	2815.156804233996	0	0	0
full_step	2.925373600902494	0.024749492353595484	17	8	5	0.47058823529411764	1610436802.5949483	6204026.180282404	1.3152222561766393	-1.6448739615602015	846
full_step	2.925373600902494	0.012374746176797742	20	38	5	1.9	1610436802.5949483	4212017.897552616	1.3152222561766393	-1.6448739615602015	846
half_step_1	2.925373600902494	0.006187373088398871	16	3	3	0.1875	1610436802.5949483	2616408.9055838473	1.3152222561766393	-1.6448739615602015	846
half_step_2	2.931560973990893	0.006187373088398871	14	3	3	0.21428571428571427	1610436802.5949483	1626002.2473010225	0	-1.4138906488774199	368
full_step	2.9377483470792916	0.04062621372785184	1	0	0	0	1610436802.5949483	2815.156804233996	0	0	0
full_step	2.9377483470792916	0.02031310686392592	1	0	0	0	1610436802.5949483	2815.156804233996	0	0	0
full_step	2.9377483470792916	0.01015655343196296	1	0	0	0	1610436802.5949483	2815.156804233996	0	0	0
full_step	2.9377483470792916	0.00507827671598148	1	0	0	0	1610436802.5949483	2815.156804233996	0	0	0
half_step_1	2.9377483470792916	0.00253913835799074	0	0	0	0	1610436802.5949483	2815.156804233996	0	0	0
half_step_2	2.9402874854372825	0.00253913835799074	0	0	0	0	1610436802.5949483	2815.156804233996	0	0	0
full_step	2.942826623795273	0.025391383579907403	1	0	0	0	1610436802.5949483	2815.156804233996	0	0	0
full_step	2.942826623795273	0.012695691789953702	1	0	0	0	1610436802.5949483	2815.156804233996	0	0	0
full_step	2.942826623795273	0.006347845894976851	1	0	0	0	1610436802.5949483	2815.156804233996	0	0	0
full_step	2.942826623795273	0.0031739229474884254	1	0	0	0	1610436802.5949483	2815.156804233996	0	0	0
full_step	2.942826623795273	0.0015869614737442127	1	0	0	0	1610436802.5949483	2815.156804233996	0	0	0
half_step_1	2.942826623795273	0.0007934807368721064	0	0	0	0	1610436802.5949483	2815.156804233996	0	0	0
half_step_2	2.943620104532145	0.0007934807368721064	14	4	4	0.2857142857142857	1610436802.5949483	46923.202995289306	0	-1.8036401141385223	194
full_step	2.944413585269017	0.007934807368721063	14	0	0	0	1610436802.5949483	871101.9698359034	0.03189405210650875	-1.7135501204099648	285
full_step	2.944413585269017	0.003967403684360531	13	0	0	0	1610436802.5949483	578276.0907547108	0.03189405210650875	-1.7135501204099648	285
half_step_1	2.944413585269017	0.0019837018421802657	8	0	0	0	1610436802.5949483	160524.7974116186	0.03189405210650875	-1.7135501204099648	285
half_step_2	2.9463972871111976	0.0019837018421802657	1	0	0	0	1610436802.5949483	2815.156804233996	0	0	0
full_step	2.9483809889533776	0.019837018421802657	8	0	0	0	1610436802.5949483	41055881.88945739	0	-1.9876185439077056	67
full_step	2.9483809889533776	0.009918509210901328	8	0	0	0	1610436802.5949483	37826288.88309592	0	-1.9876185439077056	67
full_step	2.9483809889533776	0.004959254605450664	7	0	0	0	1610436802.5949483	38862097.33066952	0	-1.9876185439077056	67
full_step	2.9483809889533776	0.002479627302725332	3	0	0	0	1610436802.5949483	211769721.75093934	0	-1.9876185439077056	67
half_step_1	2.9483809889533776	0.001239813651362666	1	2	2	2	1610436802.5949483	2815.156804233996	0	-1.9876185439077056	67
half_step_2	2.9496208026047404	0.001239813651362666	14	0	0	0	1610436802.5949483	84022.98722770541	0.005238756566541269	-1.6000147384445664	507
full_step	2.950860616256103	0.012398136513626661	12	5	5	0.4166666666666667	1610436802.5949483	6856649.083943085	0	-1.652514784049078	378
full_step	2.950860616256103	0.0061990682568133304	13	4	4	0.3076923076923077	1610436802.5949483	6740178.890348112	0	-1.652514784049078	378
full_step	2.950860616256103	0.0030995341284066652	13	4	4	0.3076923076923077	1610436802.5949483	477706.635103568	0	-1.652514784049078	378
half_step_1	2.950860616256103	0.0015497670642033326	3	0	0	0	1610436802.5949483	75984.07824154817	0	-1.652514784049078	378
half_step_2	2.9524103833203066	0.0015497670642033326	11	0	0	0	1610436802.5949483	83829.00808355318	0	-1.8628581941722249	356
full_step	2.9539601503845097	0.015497670642033326	10	0	0	0	1610436802.5949483	6162598.5013611475	0	-1.9416932113094734	179
full_step	2.9539601503845097	0.007748835321016663	11	0	0	0	1610436802.5949483	6040646.544277003	0	-1.9416932113094734	179
full_step	2.9539601503845097	0.0038744176605083314	11	3	3	0.2727272727272727	1610436802.5949483	4975917.020128524	0	-1.9416932113094734	179
full_step	2.9539601503845097	0.0019372088302541657	15	4	4	0.26666666666666666	1610436802.5949483	329424.24234088237	0	-1.9416932113094734	179
full_step	2.9539601503845097	0.0009686044151270829	14	0	0	0	1610436802.5949483	29882.259934529066	0	-1.9416932113094734	179
full_step	2.9539601503845097	0.0004843022075635414	1	2	2	2	1610436802.5949483	2944.3989408465277	0	-1.9416932113094734	179
half_step_1	2.9539601503845097	0.0002421511037817707	1	0	0	0	1610436802.5949483	2815.156804233996	0	-1.9416932113094734	179
half_step_2	2.954202301488291	0.0002421511037817707	2	0	0	0	1610436802.5949483	5412.63167267508	0	-1.794407238900679	334
full_step	2.9544444525920732	0.002421511037817707	19	31	7	1.631578947368421	1610436802.5949483	513979.788777051	0.45881344785448164	-1.5552422249469604	435
full_step	2.9544444525920732	0.0012107555189088536	15	12	7	0.8	1610436802.5949483	304439.42793083325	0.45881344785448164	-1.5552422249469604	435
half_step_1	2.9544444525920732	0.0006053777594544268	15	10	7	0.6666666666666666	1610436802.5949483	73197.523406656	0.45881344785448164	-1.5552422249469604	435
half_step_2	2.955049830351528	0.0006053777594544268	8	14	8	1.75	1610436802.5949483	38441.69036851831	0.6025422301754588	-1.6017203218271219	377
full_step	2.955655208110982	0.006053777594544268	16	28	8	1.75	1610436802.5949483	1358389.2673697306	0.25347378642618423	-1.5328803448150543	292
full_step	2.955655208110982	0.003026888797272134	14	8	4	0.5714285714285714	1610436802.5949483	1152471.4162920334	0.25347378642618423	-1.5328803448150543	292
half_step_1	2.955655208110982	0.001513444398636067	12	0	0	0	1610436802.5949483	92410.89355793077	0.25347378642618423	-1.5328803448150543	292
half_step_2	2.957168652509618	0.001513444398636067	1	0	0	0	1610436802.5949483	2815.156804233996	0	-1.7404581679642923	129
full_step	2.958682096908254	0.01513444398636067	8	18	7	2.25	1610436802.5949483	1626535.2989606953	1.6991630188786075	-1.2332055790349818	1063
full_step	2.958682096908254	0.007567221993180335	16	22	7	1.375	1610436802.5949483	8427429.929119457	1.6991630188786075	-1.2332055790349818	1063
half_step_1	2.958682096908254	0.0037836109965901673	15	29	7	1.9333333333333333	1610436802.5949483	7352334.133999859	1.6991630188786075	-1.2332055790349818	1063
half_step_2	2.962465707904844	0.0037836109965901673	1	0	0	0	1610436802.5949483	2815.156804233996	0	0	0
full_step	2.966249318901434	0.034056963126887205	1	0	0	0	1610436802.5949483	2815.156804233996	0	0	0
full_step	2.966249318901434	0.017028481563443602	1	0	0	0	1610436802.5949483	2815.156804233996	0	0	0
full_step	2.966249318901434	0.008514240781721801	1	0	0	0	1610436802.5949483	2815.156804233996	0	0	0
full_step	2.966249318901434	0.004257120390860901	1	0	0	0	1610436802.5949483	2815.156804233996	0	0	0
half_step_1	2.966249318901434	0.0021285601954304503	0	0	0	0	1610436802.5949483	2815.156804233996	0	0	0
half_step_2	2.9683778790968645	0.0021285601954304503	0	0	0	0	1610436802.5949483	2815.156804233996	0	0	0
full_step	2.970506439292295	0.021285601954304505	1	0	0	0	1610436802.5949483	2815.156804233996	0	0	0
full_step	2.970506439292295	0.010642800977152252	1	0	0	0	1610436802.5949483	2815.156804233996	0	0	0
full_step	2.970506439292295	0.005321400488576126	1	0	0	0	1610436802.5949483	2815.156804233996	0	0	0
full_step	2.970506439292295	0.002660700244288063	1	0	0	0	1610436802.5949483	2815.156804233996	0	0	0
full_step	2.970506439292295	0.0013303501221440315	1	0	0	0	1610436802.5949483	2815.156804233996	0	0	0
half_step_1	2.970506439292295	0.0006651750610720158	0	0	0	0	1610436802.5949483	2815.156804233996	0	0	0
half_step_2	2.971171614353367	0.0006651750610720158	0	0	0	0	1610436802.5949483	2815.156804233996	0	0	0
full_step	2.971836789414439	0.006651750610720158	11	0	0	0	1610436802.5949483	7463831.008765323	0	-1.9209377044276184	66
half_step_1	2.971836789414439	0.003325875305360079	9	0	0	0	1610436802.5949483	6954578.919269326	0	-1.9209377044276184	66
half_step_2	2.975162664719799	0.003325875305360079	1	0	0	0	1610436802.5949483	2815.156804233996	0	0	0
full_step	2.978488540025159	0.03325875305360079	13	6	6	0.46153846153846156	1610436802.5949483	10670849.07200015	0.11607232291135006	-1.657534493748703	323
full_step	2.978488540025159	0.016629376526800396	12	4	4	0.3333333333333333	1610436802.5949483	5853804.660519127	0.11607232291135006	-1.657534493748703	323
full_step	2.978488540025159	0.008314688263400198	16	8	5	0.5	1610436802.5949483	743815.6462753569	0.11607232291135006	-1.657534493748703	323
half_step_1	2.978488540025159	0.004157344131700099	12	0	0	0	1610436802.5949483	295599.0158197907	0.11607232291135006	-1.657534493748703	323
half_step_2	2.982645884156859	0.004157344131700099	1	0	0	0	1610436802.5949483	2815.156804233996	0	0	0
full_step	2.986803228288559	0.04157344131700099	1	0	0	0	1610436802.5949483	2815.156804233996	0	0	0
full_step	2.986803228288559	0.020786720658500495	1	0	0	0	1610436802.5949483	2815.156804233996	0	0	0
full_step	2.986803228288559	0.010393360329250248	1	0	0	0	1610436802.5949483	2815.156804233996	0	0	0
full_step	2.986803228288559	0.005196680164625124	1	0	0	0	1610436802.5949483	2815.156804233996	0	0	0
full_step	2.986803228288559	0.002598340082312562	1	0	0	0	1610436802.5949483	2815.156804233996	0	0	0
half_step_1	2.986803228288559	0.001299170041156281	0	0	0	0	1610436802.5949483	2815.156804233996	0	0	0
half_step_2	2.988102398329715	0.001299170041156281	14	8	8	0.5714285714285714	1610436802.5949483	101907.40487936964	0	-1.935372535082838	221
full_step	2.9894015683708712	0.01299170041156281	13	12	9	0.9230769230769231	1610436802.5949483	16934857.819596354	0	-1.9329523574887177	214
full_step	2.9894015683708712	0.006495850205781405	17	31	13	1.8235294117647058	1610436802.5949483	1421835.7423305917	0	-1.9329523574887177	214
full_step	2.9894015683708712	0.0032479251028907025	14	11	8	0.7857142857142857	1610436802.5949483	249231.02650685923	0	-1.9329523574887177	214
half_step_1	2.9894015683708712	0.0016239625514453512	1	4	4	4	1610436802.5949483	11067.57171612028	0	-1.9329523574887177	214
half_step_2	2.9910255309223164	0.0016239625514453512	1	0	0	0	1610436802.5949483	2815.156804233996	0	-1.9662998391595936	19
full_step	2.992649493473762	0.01623962551445351	11	0	0	0	1610436802.5949483	10456433.385937454	0	-1.9343232307081644	286
full_step	2.992649493473762	0.008119812757226756	13	0	0	0	1610436802.5949483	1423549.1517149885	0	-1.9343232307081644	286
full_step	2.992649493473762	0.004059906378613378	11	0	0	0	1610436802.5949483	2292802.0090137543	0	-1.9343232307081644	286
full_step	2.992649493473762	0.002029953189306689	12	0	0	0	1610436802.5949483	400906.5248231283	0	-1.9343232307081644	286
half_step_1	2.992649493473762	0.0010149765946533445	2	4	4	2	1610436802.5949483	32836.46953168605	0	-1.9343232307081644	286
half_step_2	2.993664470068415	0.0010149765946533445	4	0	0	0	1610436802.5949483	1651973.618417053	0	-1.6129656972591273	502
full_step	2.994679446663069	0.010149765946533445	15	1	1	0.06666666666666667	1610436802.5949483	7253414.063836875	0.20809058453596663	-1.6322205364388924	656
half_step_1	2.994679446663069	0.005074882973266723	14	3	3	0.21428571428571427	1610436802.5949483	3333446.9699525046	0.20809058453596663	-1.6322205364388924	656
half_step_2	2.9997543296363354	0.005074882973266723	1	0	0	0	1610436802.5949483	2815.156804233996	0	0	0
full_step	3.0048292126096023	0.025303675061492583	1	0	0	0	1610436802.5949483	2815.156804233996	0	0	0
full_step	3.0048292126096023	0.012651837530746292	1	0	0	0	1610436802.5949483	2815.156804233996	0	0	0
full_step	3.0048292126096023	0.006325918765373146	1	0	0	0	1610436802.5949483	2815.156804233996	0	0	0
full_step	3.0048292126096023	0.003162959382686573	1	0	0	0	1610436802.5949483	2815.156804233996	0	0	0
half_step_1	3.0048292126096023	0.0015814796913432864	0	0	0	0	1610436802.5949483	2815.156804233996	0	0	0
half_step_2	3.0064106923009457	0.0015814796913432864	0	0	0	0	1610436802.5949483	2815.156804233996	0	0	0
full_step	3.007992171992289	0.015814796913432863	1	0	0	0	1610436802.5949483	2815.156804233996	0	0	0
full_step	3.007992171992289	0.007907398456716432	1	0	0	0	1610436802.5949483	2815.156804233996	0	0	0
full_step	3.007992171992289	0.003953699228358216	1	0	0	0	1610436802.5949483	2815.156804233996	0	0	0
full_step	3.007992171992289	0.001976849614179108	1	0	0	0	1610436802.5949483	2815.156804233996	0	0	0
half_step_1	3.007992171992289	0.000988424807089554	0	0	0	0	1610436802.5949483	2815.156804233996	0	0	0
half_step_2	3.0089805967993786	0.000988424807089554	0	0	0	0	1610436802.5949483	2815.156804233996	0	0	0
full_step	3.009969021606468	0.00988424807089554	1	0	0	0	1610436802.5949483	2815.156804233996	0	0	0
full_step	3.009969021606468	0.00494212403544777	1	0	0	0	1610436802.5949483	2815.156804233996	0	0	0
full_step	3.009969021606468	0.002471062017723885	1	0	0	0	1610436802.5949483	2815.156804233996	0	0	0
half_step_1	3.009969021606468	0.0012355310088619424	0	0	0	0	1610436802.5949483	2815.156804233996	0	0	0
half_step_2	3.01120455261533	0.0012355310088619424	12	3	3	0.25	1610436802.5949483	30916.834764333944	0	-1.9048395166211225	42
full_step	3.012440083624192	0.012355310088619424	17	0	0	0	1610436802.5949483	1701507.8603810016	0	-1.619475279400811	217
full_step	3.012440083624192	0.006177655044309712	17	3	3	0.17647058823529413	1610436802.5949483	554801.8772745993	0	-1.619475279400811	217
half_step_1	3.012440083624192	0.003088827522154856	9	0	0	0	1610436802.5949483	505189.0696749402	0	-1.619475279400811	217
half_step_2	3.0155289111463466	0.003088827522154856	1	0	0	0	1610436802.5949483	2815.156804233996	0	0	0
full_step	3.0186177386685014	0.03088827522154856	14	6	6	0.42857142857142855	1610436802.5949483	7249145.857372165	1.6093545318290126	-1.5209864913918039	736
full_step	3.0186177386685014	0.01544413761077428	13	9	5	0.6923076923076923	1610436802.5949483	10794413.161321897	1.6093545318290126	-1.5209864913918039	736
full_step	3.0186177386685014	0.00772206880538714	13	14	7	1.0769230769230769	1610436802.5949483	9556987.367755167	1.6093545318290126	-1.5209864913918039	736
half_step_1	3.0186177386685014	0.00386103440269357	11	18	7	1.6363636363636365	1610436802.5949483	7152370.338434559	1.6093545318290126	-1.5209864913918039	736
half_step_2	3.022478773071195	0.00386103440269357	1	0	0	0	1610436802.5949483	2815.156804233996	0	0	0
full_step	3.0263398074738883	0.0386103440269357	14	25	7	1.7857142857142858	1610436802.5949483	12928808.292347122	1.939995100343367	-1.2769553979910968	740
full_step	3.0263398074738883	0.01930517201346785	15	32	11	2.1333333333333333	1610436802.5949483	13036197.736179594	1.939995100343367	-1.2769553979910968	740
full_step	3.0263398074738883	0.009652586006733925	13	22	7	1.6923076923076923	1610436802.5949483	12081350.928826919	1.939995100343367	-1.2769553979910968	740
half_step_1	3.0263398074738883	0.004826293003366963	11	14	7	1.2727272727272727	1610436802.5949483	9099808.168041756	1.939995100343367	-1.2769553979910968	740
half_step_2	3.031166100477255	0.004826293003366963	4	11	11	2.75	1610436802.5949483	74229.85155147167	0	-1.9785809950867514	46
full_step	3.035992393480622	0.0402191673890129	13	11	6	0.8461538461538461	1610436802.5949483	6351842.78545576	1.3277725954685593	-1.6090416973522927	491
full_step	3.035992393480622	0.02010958369450645	13	14	4	1.0769230769230769	1610436802.5949483	6414355.21829176	1.3277725954685593	-1.6090416973522927	491
half_step_1	3.035992393480622	0.010054791847253225	10	8	8	0.8	1610436802.5949483	3844442.6237519085	1.3277725954685593	-1.6090416973522927	491
half_step_2	3.0460471853278754	0.010054791847253225	8	0	0	0	1610436802.5949483	4064409.3760025385	0	-1.9772786881898765	90
full_step	3.035992393480622	0.010054791847253225	13	18	7	1.3846153846153846	1610436802.5949483	2978177.8004094716	1.3277725954685593	-1.6090416973522927	491
half_step_1	3.035992393480622	0.005027395923626612	11	4	4	0.36363636363636365	1610436802.5949483	1594605.8438140047	1.3277725954685593	-1.6090416973522927	491
half_step_2	3.0410197894042486	0.005027395923626612	11	27	10	2.4545454545454546	1610436802.5949483	478018.42950902984	0.35355387593153864	-1.5665593197724972	371
full_step	3.0460471853278754	0.050273959236266125	6	0	0	0	1610436802.5949483	17656466.16075922	0	-1.9008127319491086	50
full_step	3.0460471853278754	0.025136979618133062	5	7	7	1.4	1610436802.5949483	10947906.463751512	0	-1.9008127319491086	50
full_step	3.0460471853278754	0.012568489809066531	5	17	14	3.4	1610436802.5949483	3881561.182390152	0	-1.9008127319491086	50
full_step	3.0460471853278754	0.006284244904533266	4	11	11	2.75	1610436802.5949483	291583.9167698324	0	-1.9008127319491086	50
half_step_1	3.0460471853278754	0.003142122452266633	2	10	9	5	1610436802.5949483	52244.03704705786	0	-1.9008127319491086	50
half_step_2	3.049189307780142	0.003142122452266633	8	0	0	0	1610436802.5949483	89796.00731964015	0	-1.764382871480366	166
full_step	3.0523314302324085	0.031421224522666324	10	3	3	0.3	1610436802.5949483	6587939.804646407	0	-1.7145086660866264	149
full_step	3.0523314302324085	0.015710612261333162	9	0	0	0	1610436802.5949483	1810340.6599415862	0	-1.7145086660866264	149
half_step_1	3.0523314302324085	0.007855306130666581	2	10	10	5	1610436802.5949483	601010.2540042732	0	-1.7145086660866264	149
half_step_2	3.0601867363630753	0.007855306130666581	14	4	4	0.2857142857142857	1610436802.5949483	569613.4524233142	0	-1.6479552883965525	308
full_step	3.0680420424937416	0.07855306130666581	1	0	0	0	1610436802.5949483	2815.156804233996	0	0	0
full_step	3.0680420424937416	0.039276530653332906	1	0	0	0	1610436802.5949483	2815.156804233996	0	0	0
full_step	3.0680420424937416	0.019638265326666453	1	0	0	0	1610436802.5949483	2815.156804233996	0	0	0
full_step	3.0680420424937416	0.009819132663333226	1	0	0	0	1610436802.5949483	2815.156804233996	0	0	0
full_step	3.0680420424937416	0.004909566331666613	1	0	0	0	1610436802.5949483	2815.156804233996	0	0	0
half_step_1	3.0680420424937416	0.0024547831658333066	0	0	0	0	1610436802.5949483	2815.156804233996	0	0	0
half_step_2	3.070496825659575	0.0024547831658333066	0	0	0	0	1610436802.5949483	2815.156804233996	0	0	0
full_step	3.072951608825408	0.024547831658333068	1	0	0	0	1610436802.5949483	2815.156804233996	0	0	0
full_step	3.072951608825408	0.012273915829166534	1	0	0	0	1610436802.5949483	2815.156804233996	0	0	0
full_step	3.072951608825408	0.006136957914583267	1	0	0	0	1610436802.5949483	2815.156804233996	0	0	0
full_step	3.072951608825408	0.0030684789572916335	1	0	0	0	1610436802.5949483	2815.156804233996	0	0	0
full_step	3.072951608825408	0.0015342394786458167	1	0	0	0	1610436802.5949483	2815.156804233996	0	0	0
half_step_1	3.072951608825408	0.0007671197393229084	0	0	0	0	1610436802.5949483	2815.156804233996	0	0	0
half_step_2	3.073718728564731	0.0007671197393229084	0	0	0	0	1610436802.5949483	2815.156804233996	0	0	0
full_step	3.074485848304054	0.007671197393229084	13	0	0	0	1610436802.5949483	539664.5144430638	0	-1.9580868735305108	138
full_step	3.074485848304054	0.003835598696614542	11	0	0	0	1610436802.5949483	307631.0915461677	0	-1.9580868735305108	138
half_step_1	3.074485848304054	0.001917799348307271	5	0	0	0	1610436802.5949483	81176.90468994867	0	-1.9580868735305108	138
half_step_2	3.076403647652361	0.001917799348307271	11	0	0	0	1610436802.5949483	115496.98673686807	0	-1.713495347856422	495
full_step	3.0783214470006683	0.01917799348307271	5	0	0	0	1610436802.5949483	2520971.5520556974	0	-1.8184741595868503	142
full_step	3.0783214470006683	0.009588996741536356	3	3	3	1	1610436802.5949483	991898.1806436188	0	-1.8184741595868503	142
half_step_1	3.0783214470006683	0.004794498370768178	2	12	11	6	1610436802.5949483	179202.96393060937	0	-1.8184741595868503	142
half_step_2	3.0831159453714365	0.004794498370768178	12	0	0	0	1610436802.5949483	218535.07006640983	0	-1.9139749353582407	207
full_step	3.0879104437422047	0.04794498370768178	1	0	0	0	1610436802.5949483	2815.156804233996	0	0	0
full_step	3.0879104437422047	0.02397249185384089	1	0	0	0	1610436802.5949483	2815.156804233996	0	0	0
full_step	3.0879104437422047	0.011986245926920444	1	0	0	0	1610436802.5949483	2815.156804233996	0	0	0
full_step	3.0879104437422047	0.005993122963460222	1	0	0	0	1610436802.5949483	2815.156804233996	0	0	0
full_step	3.0879104437422047	0.002996561481730111	1	0	0	0	1610436802.5949483	2815.156804233996	0	0	0
full_step	3.0879104437422047	0.0014982807408650556	1	0	0	0	1610436802.5949483	2815.156804233996	0	0	0
full_step	3.0879104437422047	0.0007491403704325278	1	0	0	0	1610436802.5949483	2815.156804233996	0	0	0
half_step_1	3.0879104437422047	0.0003745701852162639	0	0	0	0	1610436802.5949483	2815.156804233996	0	0	0
half_step_2	3.088285013927421	0.0003745701852162639	0	0	0	0	1610436802.5949483	2815.156804233996	0	-1.8909594282131212	182
full_step	3.088659584112637	0.0037457018521626388	16	0	0	0	1610436802.5949483	5686149.98448859	0	-1.6724934685966577	332
half_step_1	3.088659584112637	0.0018728509260813194	13	0	0	0	1610436802.5949483	4541159.236658123	0	-1.6724934685966577	332
half_step_2	3.0905324350387184	0.0018728509260813194	9	0	0	0	1610436802.5949483	398797.3729320324	0	-1.7616413042335557	470
full_step	3.0924052859647997	0.018728509260813195	11	6	6	0.5454545454545454	1610436802.5949483	1969866.6925205663	0	-1.6978660194118402	99
full_step	3.0924052859647997	0.009364254630406597	8	0	0	0	1610436802.5949483	1081494.2304648485	0	-1.6978660194118402	99
half_step_1	3.0924052859647997	0.004682127315203299	7	0	0	0	1610436802.5949483	128871.97916180146	0	-1.6978660194118402	99
half_step_2	3.097087413280003	0.004682127315203299	1	0	0	0	1610436802.5949483	2815.156804233996	0	0	0
full_step	3.1017695405952064	0.04682127315203299	1	0	0	0	1610436802.5949483	2815.156804233996	0	0	0
full_step	3.1017695405952064	0.023410636576016493	1	0	0	0	1610436802.5949483	2815.156804233996	0	0	0
full_step	3.1017695405952064	0.011705318288008247	1	0	0	0	1610436802.5949483	2815.156804233996	0	0	0
full_step	3.1017695405952064	0.005852659144004123	1	0	0	0	1610436802.5949483	2815.156804233996	0	0	0
full_step	3.1017695405952064	0.0029263295720020617	1	0	0	0	1610436802.5949483	2815.156804233996	0	0	0
half_step_1	3.1017695405952064	0.0014631647860010308	0	0	0	0	1610436802.5949483	2815.156804233996	0	0	0
half_step_2	3.1032327053812074	0.0014631647860010308	0	0	0	0	1610436802.5949483	2815.156804233996	0	0	0
full_step	3.1046958701672085	0.014631647860010309	10	0	0	0	1610436802.5949483	11938780.714294992	0	-1.8855767616575743	104
full_step	3.1046958701672085	0.007315823930005154	10	0	0	0	1610436802.5949483	3519939.2469702074	0	-1.8855767616575743	104
half_step_1	3.1046958701672085	0.003657911965002577	8	0	0	0	1610436802.5949483	3010484.4204368414	0	-1.8855767616575743	104
half_step_2	3.108353782132211	0.003657911965002577	11	0	0	0	1610436802.5949483	1118119.3871893212	0	-1.8002472217567738	384
full_step	3.112011694097214	0.03657911965002577	1	0	0	0	1610436802.5949483	2815.156804233996	0	0	0
full_step	3.112011694097214	0.018289559825012885	1	0	0	0	1610436802.5949483	2815.156804233996	0	0	0
full_step	3.112011694097214	0.009144779912506442	1	0	0	0	1610436802.5949483	2815.156804233996	0	0	0
full_step	3.112011694097214	0.004572389956253221	1	0	0	0	1610436802.5949483	2815.156804233996	0	0	0
full_step	3.112011694097214	0.0022861949781266106	1	0	0	0	1610436802.5949483	2815.156804233996	0	0	0
half_step_1	3.112011694097214	0.0011430974890633053	0	0	0	0	1610436802.5949483	2815.156804233996	0	0	0
half_step_2	3.113154791586277	0.0011430974890633053	0	0	0	0	1610436802.5949483	2815.156804233996	0	0	0
full_step	3.1142978890753406	0.011430974890633053	1	0	0	0	1610436802.5949483	2815.156804233996	0	0	0
full_step	3.1142978890753406	0.005715487445316527	1	0	0	0	1610436802.5949483	2815.156804233996	0	0	0
full_step	3.1142978890753406	0.0028577437226582634	1	0	0	0	1610436802.5949483	2815.156804233996	0	0	0
half_step_1	3.1142978890753406	0.0014288718613291317	0	0	0	0	1610436802.5949483	2815.156804233996	0	0	0
half_step_2	3.1157267609366697	0.0014288718613291317	7	0	0	0	1610436802.5949483	436066.1205593224	0	-1.8664775209474305	94
full_step	3.117155632797999	0.014288718613291316	10	0	0	0	1610436802.5949483	7053386.917275115	0	-1.7796662239626564	266
full_step	3.117155632797999	0.007144359306645658	15	0	0	0	1610436802.5949483	574821.7813781786	0	-1.7796662239626564	266
half_step_1	3.117155632797999	0.003572179653322829	10	0	0	0	1610436802.5949483	179977.11083891915	0	-1.7796662239626564	266
half_step_2	3.120727812451322	0.003572179653322829	1	0	0	0	1610436802.5949483	2815.156804233996	0	0	0
full_step	3.117155632797999	0.003572179653322829	14	0	0	0	1610436802.5949483	184344.92675721782	0	-1.7796662239626564	266
half_step_1	3.117155632797999	0.0017860898266614145	3	0	0	0	1610436802.5949483	59752.473274306	0	-1.7796662239626564	266
half_step_2	3.11894172262466	0.0017860898266614145	3	17	15	5.666666666666667	1610436802.5949483	276942.15627818595	0	-1.7882987451467163	258
full_step	3.120727812451322	0.017860898266614144	7	0	0	0	1610436802.5949483	3593178.997905769	0	-1.9041077249800562	149
full_step	3.120727812451322	0.008930449133307072	8	0	0	0	1610436802.5949483	1036097.571790356	0	-1.9041077249800562	149
full_step	3.120727812451322	0.004465224566653536	9	0	0	0	1610436802.5949483	222206.82935190405	0	-1.9041077249800562	149
full_step	3.120727812451322	0.002232612283326768	4	0	0	0	1610436802.5949483	57208.78581657417	0	-1.9041077249800562	149
half_step_1	3.120727812451322	0.001116306141663384	1	3	3	3	1610436802.5949483	2815.156804233996	0	-1.9041077249800562	149
half_step_2	3.121844118592985	0.001116306141663384	2	2	2	1	1610436802.5949483	26663.587272794968	0	-1.6880480888193863	227
full_step	3.1229604247346487	0.01116306141663384	11	0	0	0	1610436802.5949483	3338621.199612657	0	-1.6782477800756772	298
full_step	3.1229604247346487	0.00558153070831692	12	0	0	0	1610436802.5949483	698497.916516145	0	-1.6782477800756772	298
full_step	3.1229604247346487	0.00279076535415846	12	0	0	0	1610436802.5949483	130793.94382476849	0	-1.6782477800756772	298
full_step	3.1229604247346487	0.00139538267707923	9	0	0	0	1610436802.5949483	64006.09552558182	0	-1.6782477800756772	298
half_step_1	3.1229604247346487	0.000697691338539615	1	1	1	1	1610436802.5949483	12970.758165752764	0	-1.6782477800756772	298
half_step_2	3.123658116073188	0.000697691338539615	2	2	2	1	1610436802.5949483	13972.854460322189	0.0935136223124573	-1.726482957878346	237
full_step	3.124355807411728	0.00697691338539615	20	6	6	0.3	1610436802.5949483	17507398.66352625	0.04929728829301894	-1.6811250361998735	499
full_step	3.124355807411728	0.003488456692698075	20	7	7	0.35	1610436802.5949483	6376914.255492827	0.04929728829301894	-1.6811250361998735	499
half_step_1	3.124355807411728	0.0017442283463490376	14	5	5	0.35714285714285715	1610436802.5949483	5121479.584260256	0.04929728829301894	-1.6811250361998735	499
half_step_2	3.126100035758077	0.0017442283463490376	3	10	10	3.3333333333333335	1610436802.5949483	39525.7128905553	0	-1.665429745876297	319
full_step	3.124355807411728	0.0017442283463490376	18	10	10	0.5555555555555556	1610436802.5949483	5102332.821066945	0.04929728829301894	-1.6811250361998735	499
half_step_1	3.124355807411728	0.0008721141731745188	9	0	0	0	1610436802.5949483	39193.205175444964	0.04929728829301894	-1.6811250361998735	499
half_step_2	3.125227921584903	0.0008721141731745188	4	0	0	0	1610436802.5949483	32497.990359071275	0.3830040606990224	-1.5942991871810124	532
full_step	3.126100035758077	0.008721141731745187	13	0	0	0	1610436802.5949483	601756.7621962647	0.27198345512442756	-1.4407809032566345	365
full_step	3.126100035758077	0.0043605708658725935	12	0	0	0	1610436802.5949483	187740.3473840023	0.27198345512442756	-1.4407809032566345	365
full_step	3.126100035758077	0.0021802854329362967	10	0	0	0	1610436802.5949483	127386.95719991892	0.27198345512442756	-1.4407809032566345	365
full_step	3.126100035758077	0.0010901427164681484	4	0	0	0	1610436802.5949483	23939.17178884811	0.27198345512442756	-1.4407809032566345	365
full_step	3.126100035758077	0.0005450713582340742	2	0	0	0	1610436802.5949483	5947.753747094651	0.27198345512442756	-1.4407809032566345	365
half_step_1	3.126100035758077	0.0002725356791170371	1	0	0	0	1610436802.5949483	3542.1749831846655	0.27198345512442756	-1.4407809032566345	365
half_step_2	3.126372571437194	0.0002725356791170371	1	0	0	0	1610436802.5949483	3997.213888262941	0.30039937217952684	-1.5971050838875045	581
full_step	3.1266451071163113	0.002725356791170371	20	7	4	0.35	1610436802.5949483	282710.8606599918	0.2869223739107838	-1.5239744016866326	853
half_step_1	3.1266451071163113	0.0013626783955851855	14	0	0	0	1610436802.5949483	149936.03204994142	0.2869223739107838	-1.5239744016866326	853
half_step_2	3.1280077855118966	0.0013626783955851855	4	4	4	1	1610436802.5949483	10936.645345685127	0	-1.3800746968482869	262
full_step	3.1293704639074815	0.013626783955851854	9	3	3	0.3333333333333333	1610436802.5949483	1552324.0532573906	0	-1.7222983562988192	149
full_step	3.1293704639074815	0.006813391977925927	7	0	0	0	1610436802.5949483	443020.62534052937	0	-1.7222983562988192	149
half_step_1	3.1293704639074815	0.0034066959889629636	1	6	6	6	1610436802.5949483	2815.156804233996	0	-1.7222983562988192	149
half_step_2	3.1327771598964445	0.0034066959889629636	1	0	0	0	1610436802.5949483	2815.156804233996	0	0	0
full_step	3.1361838558854074	0.034066959889629635	1	0	0	0	1610436802.5949483	2815.156804233996	0	0	0
full_step	3.1361838558854074	0.017033479944814817	1	0	0	0	1610436802.5949483	2815.156804233996	0	0	0
full_step	3.1361838558854074	0.008516739972407409	1	0	0	0	1610436802.5949483	2815.156804233996	0	0	0
full_step	3.1361838558854074	0.004258369986203704	1	0	0	0	1610436802.5949483	2815.156804233996	0	0	0
half_step_1	3.1361838558854074	0.002129184993101852	0	0	0	0	1610436802.5949483	2815.156804233996	0	0	0
half_step_2	3.138313040878509	0.002129184993101852	0	0	0	0	1610436802.5949483	2815.156804233996	0	0	0
full_step	3.140442225871611	0.02129184993101852	1	0	0	0	1610436802.5949483	2815.156804233996	0	0	0
full_step	3.140442225871611	0.01064592496550926	1	0	0	0	1610436802.5949483	2815.156804233996	0	0	0
full_step	3.140442225871611	0.00532296248275463	1	0	0	0	1610436802.5949483	2815.156804233996	0	0	0
full_step	3.140442225871611	0.002661481241377315	1	0	0	0	1610436802.5949483	2815.156804233996	0	0	0
half_step_1	3.140442225871611	0.0013307406206886576	0	0	0	0	1610436802.5949483	2815.156804233996	0	0	0
half_step_2	3.1417729664922995	0.0013307406206886576	0	0	0	0	1610436802.5949483	2815.156804233996	0	0	0
full_step	3.143103707112988	0.013307406206886575	1	0	0	0	1610436802.5949483	2815.156804233996	0	0	0
full_step	3.143103707112988	0.006653703103443287	1	0	0	0	1610436802.5949483	2815.156804233996	0	0	0
full_step	3.143103707112988	0.0033268515517216437	1	0	0	0	1610436802.5949483	2815.156804233996	0	0	0
full_step	3.143103707112988	0.0016634257758608218	1	0	0	0	1610436802.5949483	2815.156804233996	0	0	0
half_step_1	3.143103707112988	0.0008317128879304109	0	0	0	0	1610436802.5949483	2815.156804233996	0	0	0
half_step_2	3.1439354200009184	0.0008317128879304109	13	0	0	0	1610436802.5949483	36400.61614822369	0	-1.8559734429634507	309
full_step	3.144767132888849	0.008317128879304109	18	6	6	0.3333333333333333	1610436802.5949483	4969750.612006866	0	-1.563987285754077	514
full_step	3.144767132888849	0.004158564439652054	16	0	0	0	1610436802.5949483	441520.1790014113	0	-1.563987285754077	514
half_step_1	3.144767132888849	0.002079282219826027	11	0	0	0	1610436802.5949483	107391.11058342113	0	-1.563987285754077	514
half_step_2	3.146846415108675	0.002079282219826027	1	0	0	0	1610436802.5949483	2815.156804233996	0	-1.932662190905137	145
full_step	3.144767132888849	0.002079282219826027	15	0	0	0	1610436802.5949483	106250.37934243	0	-1.563987285754077	514
half_step_1	3.144767132888849	0.0010396411099130136	6	0	0	0	1610436802.5949483	36697.1444892456	0	-1.563987285754077	514
half_step_2	3.1458067739987623	0.0010396411099130136	2	4	4	2	1610436802.5949483	16442.13648047839	0	-1.4874995872795487	415
full_step	3.146846415108675	0.010396411099130136	18	8	3	0.4444444444444444	1610436802.5949483	3146545.207760458	0	-1.5880803408064124	550
half_step_1	3.146846415108675	0.005198205549565068	10	5	5	0.5	1610436802.5949483	8651910.019035751	0	-1.5880803408064124	550
half_step_2	3.15204462065824	0.005198205549565068	1	0	0	0	1610436802.5949483	2815.156804233996	0	0	0
full_step	3.146846415108675	0.005198205549565068	18	0	0	0	1610436802.5949483	789424.243181728	0	-1.5880803408064124	550
half_step_1	3.146846415108675	0.002599102774782534	13	0	0	0	1610436802.5949483	317525.7183418422	0	-1.5880803408064124	550
half_step_2	3.1494455178834575	0.002599102774782534	1	0	0	0	1610436802.5949483	2815.156804233996	0	0	0
full_step	3.15204462065824	0.02599102774782534	17	17	7	1	1610436802.5949483	3931080.5512055317	0.1682764597935602	-1.706048999639229	280
full_step	3.15204462065824	0.01299551387391267	14	7	7	0.5	1610436802.5949483	1744178.4083937346	0.1682764597935602	-1.706048999639229	280
full_step	3.15204462065824	0.006497756936956335	17	25	8	1.4705882352941178	1610436802.5949483	711777.8865449558	0.1682764597935602	-1.706048999639229	280
full_step	3.15204462065824	0.0032488784684781675	11	0	0	0	1610436802.5949483	1059169.9660419323	0.1682764597935602	-1.706048999639229	280
half_step_1	3.15204462065824	0.0016244392342390837	8	0	0	0	1610436802.5949483	352686.6182589397	0.1682764597935602	-1.706048999639229	280
half_step_2	3.1536690598924793	0.0016244392342390837	1	0	0	0	1610436802.5949483	2815.156804233996	0	-1.9043655899169285	193
full_step	3.155293499126718	0.01524372069197194	1	0	0	0	1610436802.5949483	2815.156804233996	0	0	0
full_step	3.155293499126718	0.00762186034598597	1	0	0	0	1610436802.5949483	2815.156804233996	0	0	0
full_step	3.155293499126718	0.003810930172992985	1	0	0	0	1610436802.5949483	2815.156804233996	0	0	0
full_step	3.155293499126718	0.0019054650864964925	1	0	0	0	1610436802.5949483	2815.156804233996	0	0	0
half_step_1	3.155293499126718	0.0009527325432482463	0	0	0	0	1610436802.5949483	2815.156804233996	0	0	0
half_step_2	3.156246231669966	0.0009527325432482463	0	0	0	0	1610436802.5949483	2815.156804233996	0	0	0
full_step	3.1571989642132148	0.009527325432482463	1	0	0	0	1610436802.5949483	2815.156804233996	0	0	0
full_step	3.1571989642132148	0.004763662716241231	1	0	0	0	1610436802.5949483	2815.156804233996	0	0	0
full_step	3.1571989642132148	0.0023818313581206157	1	0	0	0	1610436802.5949483	2815.156804233996	0	0	0
full_step	3.1571989642132148	0.0011909156790603078	1	0	0	0	1610436802.5949483	2815.156804233996	0	0	0
half_step_1	3.1571989642132148	0.0005954578395301539	0	0	0	0	1610436802.5949483	2815.156804233996	0	0	0
half_step_2	3.1577944220527447	0.0005954578395301539	0	0	0	0	1610436802.5949483	2815.156804233996	0	0	0
full_step	3.158389879892275	0.005954578395301539	15	0	0	0	1610436802.5949483	14138227.234124342	0	-1.8719029866409136	144
half_step_1	3.158389879892275	0.0029772891976507696	13	6	5	0.46153846153846156	1610436802.5949483	6454327.376721382	0	-1.8719029866409136	144
half_step_2	3.161367169089926	0.0029772891976507696	1	0	0	0	1610436802.5949483	2815.156804233996	0	0	0
full_step	3.1643444582875766	0.029772891976507697	1	0	0	0	1610436802.5949483	2815.156804233996	0	0	0
full_step	3.1643444582875766	0.014886445988253848	1	0	0	0	1610436802.5949483	2815.156804233996	0	0	0
full_step	3.1643444582875766	0.007443222994126924	1	0	0	0	1610436802.5949483	2815.156804233996	0	0	0
full_step	3.1643444582875766	0.003721611497063462	1	0	0	0	1610436802.5949483	2815.156804233996	0	0	0
full_step	3.1643444582875766	0.001860805748531731	1	0	0	0	1610436802.5949483	2815.156804233996	0	0	0
half_step_1	3.1643444582875766	0.0009304028742658655	0	0	0	0	1610436802.5949483	2815.156804233996	0	0	0
half_step_2	3.1652748611618424	0.0009304028742658655	0	0	0	0	1610436802.5949483	2815.156804233996	0	-1.9618788059742063	15
full_step	3.1662052640361082	0.009304028742658656	12	0	0	0	1610436802.5949483	775472.7399242772	0	-1.8663150082087874	95
full_step	3.1662052640361082	0.004652014371329328	9	3	3	0.3333333333333333	1610436802.5949483	2773820.9341294337	0	-1.8663150082087874	95
half_step_1	3.1662052640361082	0.002326007185664664	9	0	0	0	1610436802.5949483	78009.29578865107	0	-1.8663150082087874	95
half_step_2	3.168531271221773	0.002326007185664664	1	0	0	0	1610436802.5949483	2815.156804233996	0	-1.9951713005192189	40
full_step	3.1708572784074374	0.02326007185664664	1	0	0	0	1610436802.5949483	2815.156804233996	0	0	0
full_step	3.1708572784074374	0.01163003592832332	1	0	0	0	1610436802.5949483	2815.156804233996	0	0	0
full_step	3.1708572784074374	0.00581501796416166	1	0	0	0	1610436802.5949483	2815.156804233996	0	0	0
full_step	3.1708572784074374	0.00290750898208083	1	0	0	0	1610436802.5949483	2815.156804233996	0	0	0
full_step	3.1708572784074374	0.001453754491040415	1	0	0	0	1610436802.5949483	2815.156804233996	0	0	0
half_step_1	3.1708572784074374	0.0007268772455202075	0	0	0	0	1610436802.5949483	2815.156804233996	0	0	0
half_step_2	3.1715841556529574	0.0007268772455202075	0	0	0	0	1610436802.5949483	2815.156804233996	0	-1.9403261037669832	153
full_step	3.172311032898478	0.0072687724552020746	9	0	0	0	1610436802.5949483	2712994.034052854	0	-1.7595958711997297	156
full_step	3.172311032898478	0.0036343862276010373	12	0	0	0	1610436802.5949483	298551.82462856616	0	-1.7595958711997297	156
half_step_1	3.172311032898478	0.0018171931138005186	5	0	0	0	1610436802.5949483	79729.91158477284	0	-1.7595958711997297	156
half_step_2	3.1741282260122783	0.0018171931138005186	14	6	3	0.42857142857142855	1610436802.5949483	1033556.8184300675	0	-1.883388155771325	312
full_step	3.1759454191260788	0.018171931138005186	6	0	0	0	1610436802.5949483	14852065.498856328	0	-1.9530980742341661	109
full_step	3.1759454191260788	0.009085965569002593	4	0	0	0	1610436802.5949483	24604010.509207662	0	-1.9530980742341661	109
full_step	3.1759454191260788	0.0045429827845012965	4	12	12	3	1610436802.5949483	1789264.2304782658	0	-1.9530980742341661	109
half_step_1	3.1759454191260788	0.0022714913922506482	2	10	10	5	1610436802.5949483	14326.261290513854	0	-1.9530980742341661	109
half_step_2	3.1782169105183296	0.0022714913922506482	13	0	0	0	1610436802.5949483	113653.82944702113	0.33353368971438613	-1.4478096428369938	191
full_step	3.18048840191058	0.016258162521042663	6	0	0	0	1610436802.5949483	7788768.729852156	0	-1.8353512464893222	64
full_step	3.18048840191058	0.008129081260521332	8	0	0	0	1610436802.5949483	796790.5993889635	0	-1.8353512464893222	64
full_step	3.18048840191058	0.004064540630260666	3	0	0	0	1610436802.5949483	2004460.80874819	0	-1.8353512464893222	64
half_step_1	3.18048840191058	0.002032270315130333	2	7	6	3.5	1610436802.5949483	19339.0048127152	0	-1.8353512464893222	64
half_step_2	3.1825206722257104	0.002032270315130333	1	0	0	0	1610436802.5949483	2815.156804233996	0	-1.9609200332581374	65
full_step	3.1845529425408405	0.02032270315130333	13	4	4	0.3076923076923077	1610436802.5949483	6017191.762358417	0	-1.8502430261234408	152
full_step	3.1845529425408405	0.010161351575651664	13	3	3	0.23076923076923078	1610436802.5949483	3132386.2946975245	0	-1.8502430261234408	152
full_step	3.1845529425408405	0.005080675787825832	11	0	0	0	1610436802.5949483	2396061.8771200106	0	-1.8502430261234408	152
full_step	3.1845529425408405	0.002540337893912916	10	0	0	0	1610436802.5949483	830609.1443737801	0	-1.8502430261234408	152
half_step_1	3.1845529425408405	0.001270168946956458	2	6	6	3	1610436802.5949483	25538.01386085977	0	-1.8502430261234408	152
half_step_2	3.185823111487797	0.001270168946956458	3	0	0	0	1610436802.5949483	5799432.142511019	0	-1.7982265438446556	271
full_step	3.1870932804347536	0.01270168946956458	14	17	7	1.2142857142857142	1610436802.5949483	3843373.424048126	0.48735733081412036	-1.6670268719893426	616
full_step	3.1870932804347536	0.00635084473478229	15	16	7	1.0666666666666667	1610436802.5949483	1206895.802641619	0.48735733081412036	-1.6670268719893426	616
full_step	3.1870932804347536	0.003175422367391145	14	0	0	0	1610436802.5949483	435986.32954596035	0.48735733081412036	-1.6670268719893426	616
half_step_1	3.1870932804347536	0.0015877111836955725	15	21	8	1.4	1610436802.5949483	1340904.4410666989	0.48735733081412036	-1.6670268719893426	616
half_step_2	3.1886809916184493	0.0015877111836955725	7	0	0	0	1610436802.5949483	7650382.298711609	0	-1.7083310318864298	226
full_step	3.1902687028021446	0.012921978708783846	14	0	0	0	1610436802.5949483	2067166.317256168	0	-1.5533611313386173	353
half_step_1	3.1902687028021446	0.006460989354391923	12	0	0	0	1610436802.5949483	585804.0338218454	0	-1.5533611313386173	353
half_step_2	3.1967296921565365	0.006460989354391923	1	0	0	0	1610436802.5949483	2815.156804233996	0	0	0
full_step	3.2031906815109283	0.06460989354391923	1	0	0	0	1610436802.5949483	2815.156804233996	0	0	0
full_step	3.2031906815109283	0.032304946771959615	1	0	0	0	1610436802.5949483	2815.156804233996	0	0	0
full_step	3.2031906815109283	0.016152473385979808	1	0	0	0	1610436802.5949483	2815.156804233996	0	0	0
full_step	3.2031906815109283	0.008076236692989904	1	0	0	0	1610436802.5949483	2815.156804233996	0	0	0
full_step	3.2031906815109283	0.004038118346494952	1	0	0	0	1610436802.5949483	2815.156804233996	0	0	0
half_step_1	3.2031906815109283	0.002019059173247476	0	0	0	0	1610436802.5949483	2815.156804233996	0	0	0
half_step_2	3.2052097406841757	0.002019059173247476	13	0	0	0	1610436802.5949483	91177.94537623404	0	-1.6923118851879464	214
full_step	3.207228799857423	0.02019059173247476	1	0	0	0	1610436802.5949483	2815.156804233996	0	0	0
full_step	3.207228799857423	0.01009529586623738	1	0	0	0	1610436802.5949483	2815.156804233996	0	0	0
full_step	3.207228799857423	0.00504764793311869	1	0	0	0	1610436802.5949483	2815.156804233996	0	0	0
full_step	3.207228799857423	0.002523823966559345	1	0	0	0	1610436802.5949483	2815.156804233996	0	0	0
half_step_1	3.207228799857423	0.0012619119832796724	0	0	0	0	1610436802.5949483	2815.156804233996	0	0	0
half_step_2	3.2084907118407027	0.0012619119832796724	0	0	0	0	1610436802.5949483	2815.156804233996	0	0	0
full_step	3.2097526238239826	0.012619119832796724	6	0	0	0	1610436802.5949483	1865433.3454053206	0	-1.9065875258881169	17
full_step	3.2097526238239826	0.006309559916398362	6	0	0	0	1610436802.5949483	1674761.829107572	0	-1.9065875258881169	17
full_step	3.2097526238239826	0.003154779958199181	5	0	0	0	1610436802.5949483	2194052.3582098996	0	-1.9065875258881169	17
full_step	3.2097526238239826	0.0015773899790995905	4	0	0	0	1610436802.5949483	575901.7726038643	0	-1.9065875258881169	17
half_step_1	3.2097526238239826	0.0007886949895497952	1	0	0	0	1610436802.5949483	2815.156804233996	0	-1.9065875258881169	17
half_step_2	3.2105413188135326	0.0007886949895497952	10	0	0	0	1610436802.5949483	16997.836552972985	0	-1.855308697237674	120
full_step	3.211330013803082	0.007886949895497953	12	0	0	0	1610436802.5949483	884689.9522978559	0.2039355229208013	-1.636646011505315	284
full_step	3.211330013803082	0.003943474947748976	12	0	0	0	1610436802.5949483	699242.084344837	0.2039355229208013	-1.636646011505315	284
full_step	3.211330013803082	0.001971737473874488	13	0	0	0	1610436802.5949483	106992.64842514605	0.2039355229208013	-1.636646011505315	284
half_step_1	3.211330013803082	0.000985868736937244	10	0	0	0	1610436802.5949483	40465.05456597588	0.2039355229208013	-1.636646011505315	284
half_step_2	3.212315882540019	0.000985868736937244	2	3	3	1.5	1610436802.5949483	6763.419487426527	0	-1.7447490282849063	187
full_step	3.2133017512769566	0.00985868736937244	11	0	0	0	1610436802.5949483	1295406.9891707485	0	-1.7241501260240357	225
full_step	3.2133017512769566	0.00492934368468622	11	0	0	0	1610436802.5949483	461152.95186916983	0	-1.7241501260240357	225
full_step	3.2133017512769566	0.00246467184234311	9	0	0	0	1610436802.5949483	323127.68992843747	0	-1.7241501260240357	225
full_step	3.2133017512769566	0.001232335921171555	8	0	0	0	1610436802.5949483	75734.65353505067	0	-1.7241501260240357	225
half_step_1	3.2133017512769566	0.0006161679605857775	2	6	6	3	1610436802.5949483	10219.260180469255	0	-1.7241501260240357	225
half_step_2	3.2139179192375424	0.0006161679605857775	9	0	0	0	1610436802.5949483	33064.072769889644	0	-1.6470926127713958	586
full_step	3.2145340871981283	0.006161679605857775	16	22	10	1.375	1610436802.5949483	1672173.8750941532	0.2690258182847174	-1.70853311632041	376
full_step	3.2145340871981283	0.0030808398029288876	14	18	8	1.2857142857142858	1610436802.5949483	1480297.8976687079	0.2690258182847174	-1.70853311632041	376
full_step	3.2145340871981283	0.0015404199014644438	7	15	10	2.142857142857143	1610436802.5949483	1187466.5417657476	0.2690258182847174	-1.70853311632041	376
half_step_1	3.2145340871981283	0.0007702099507322219	3	0	0	0	1610436802.5949483	21071.601072608097	0.2690258182847174	-1.70853311632041	376
half_step_2	3.2153042971488603	0.0007702099507322219	8	0	0	0	1610436802.5949483	18191.97818890158	0	-1.8265313327021928	415
full_step	3.216074507099593	0.007702099507322219	16	10	5	0.625	1610436802.5949483	1297613.3602604861	0.019993486115708947	-1.698802927754457	426
full_step	3.216074507099593	0.0038510497536611097	16	12	8	0.75	1610436802.5949483	555788.6698334645	0.019993486115708947	-1.698802927754457	426
full_step	3.216074507099593	0.0019255248768305549	16	3	3	0.1875	1610436802.5949483	163751.83669369508	0.019993486115708947	-1.698802927754457	426
full_step	3.216074507099593	0.0009627624384152774	15	0	0	0	1610436802.5949483	61581.63790058338	0.019993486115708947	-1.698802927754457	426
half_step_1	3.216074507099593	0.0004813812192076387	2	3	3	1.5	1610436802.5949483	16683.151323037884	0.019993486115708947	-1.698802927754457	426
half_step_2	3.2165558883188003	0.0004813812192076387	9	0	0	0	1610436802.5949483	28185.760773644135	0.41171191836474463	-1.5697294319721136	592
full_step	3.2170372695380083	0.004813812192076387	14	15	8	1.0714285714285714	1610436802.5949483	44481195.33674092	0.5062697489775019	-1.5930062092447468	691
half_step_1	3.2170372695380083	0.0024069060960381933	16	18	8	1.125	1610436802.5949483	33468925.270441867	0.5062697489775019	-1.5930062092447468	691
half_step_2	3.2194441756340466	0.0024069060960381933	15	16	9	1.0666666666666667	1610436802.5949483	706590.2668598472	0.3608973868540488	-1.5765307052314148	346
full_step	3.2170372695380083	0.0024069060960381933	13	12	7	0.9230769230769231	1610436802.5949483	42809886.04318569	0.5062697489775019	-1.5930062092447468	691
half_step_1	3.2170372695380083	0.0012034530480190967	15	13	6	0.8666666666666667	1610436802.5949483	10320056.536646968	0.5062697489775019	-1.5930062092447468	691
half_step_2	3.2182407225860272	0.0012034530480190967	12	0	0	0	1610436802.5949483	71325.57521805094	0.017664443439571187	-1.6359715776065145	583
full_step	3.2194441756340466	0.012034530480190967	15	0	0	0	1610436802.5949483	758878.5085228159	0	-1.6144382596882823	341
half_step_1	3.2194441756340466	0.006017265240095483	14	6	3	0.42857142857142855	1610436802.5949483	364374.13346355816	0	-1.6144382596882823	341
half_step_2	3.225461440874142	0.006017265240095483	15	35	10	2.3333333333333335	1610436802.5949483	2368451.59886175	1.618967358081136	-1.1874155724356754	797
full_step	3.2314787061142374	0.012034530480190967	1	0	0	0	1610436802.5949483	2815.156804233996	0	0	0
full_step	3.2314787061142374	0.006017265240095483	1	0	0	0	1610436802.5949483	2815.156804233996	0	0	0
half_step_1	3.2314787061142374	0.0030086326200477417	0	0	0	0	1610436802.5949483	2815.156804233996	0	0	0
half_step_2	3.234487338734285	0.0030086326200477417	0	0	0	0	1610436802.5949483	2815.156804233996	0	0	0
full_step	3.237495971354333	0.030086326200477416	1	0	0	0	1610436802.5949483	2815.156804233996	0	0	0
full_step	3.237495971354333	0.015043163100238708	1	0	0	0	1610436802.5949483	2815.156804233996	0	0	0
full_step	3.237495971354333	0.007521581550119354	1	0	0	0	1610436802.5949483	2815.156804233996	0	0	0
full_step	3.237495971354333	0.003760790775059677	1	0	0	0	1610436802.5949483	2815.156804233996	0	0	0
half_step_1	3.237495971354333	0.0018803953875298385	0	0	0	0	1610436802.5949483	2815.156804233996	0	0	0
half_step_2	3.2393763667418627	0.0018803953875298385	0	0	0	0	1610436802.5949483	2815.156804233996	0	0	0
full_step	3.241256762129393	0.018803953875298384	17	3	3	0.17647058823529413	1610436802.5949483	7531225.839672393	0	-1.750991385735539	298
half_step_1	3.241256762129393	0.009401976937649192	14	0	0	0	1610436802.5949483	3172276.2739404626	0	-1.750991385735539	298
half_step_2	3.250658739067042	0.009401976937649192	1	0	0	0	1610436802.5949483	2815.156804233996	0	0	0
full_step	3.241256762129393	0.009401976937649192	15	0	0	0	1610436802.5949483	3210584.7943862057	0	-1.750991385735539	298
half_step_1	3.241256762129393	0.004700988468824596	14	0	0	0	1610436802.5949483	1613165.4076588438	0	-1.750991385735539	298
half_step_2	3.2459577505982176	0.004700988468824596	1	0	0	0	1610436802.5949483	2815.156804233996	0	0	0
full_step	3.241256762129393	0.004700988468824596	16	3	3	0.1875	1610436802.5949483	1589070.1219001252	0	-1.750991385735539	298
half_step_1	3.241256762129393	0.002350494234412298	14	3	3	0.21428571428571427	1610436802.5949483	618487.7991675703	0	-1.750991385735539	298
half_step_2	3.243607256363805	0.002350494234412298	2	9	9	4.5	1610436802.5949483	47975.63141819863	0	-1.9342159976868605	157
full_step	3.2459577505982176	0.02350494234412298	9	0	0	0	1610436802.5949483	4161062.7681124434	0	-1.8881522755214606	109
half_step_1	3.2459577505982176	0.01175247117206149	8	0	0	0	1610436802.5949483	1144008.1769205355	0	-1.8881522755214606	109
half_step_2	3.257710221770279	0.01175247117206149	1	0	0	0	1610436802.5949483	2815.156804233996	0	0	0
full_step	3.2459577505982176	0.01175247117206149	10	0	0	0	1610436802.5949483	1067283.2739917564	0	-1.8881522755214606	109
half_step_1	3.2459577505982176	0.005876235586030745	7	0	0	0	1610436802.5949483	504707.26323287754	0	-1.8881522755214606	109
half_step_2	3.2518339861842485	0.005876235586030745	1	0	0	0	1610436802.5949483	2815.156804233996	0	0	0
full_step	3.2459577505982176	0.005876235586030745	10	0	0	0	1610436802.5949483	307676.95906358294	0	-1.8881522755214606	109
half_step_1	3.2459577505982176	0.0029381177930153726	3	0	0	0	1610436802.5949483	100647.23585791128	0	-1.8881522755214606	109
half_step_2	3.248895868391233	0.0029381177930153726	1	0	0	0	1610436802.5949483	2815.156804233996	0	0	0
full_step	3.2518339861842485	0.029381177930153726	14	3	3	0.21428571428571427	1610436802.5949483	8370863.069738411	0	-1.8227508319206223	409
full_step	3.2518339861842485	0.014690588965076863	14	6	3	0.42857142857142855	1610436802.5949483	3122052.501505391	0	-1.8227508319206223	409
half_step_1	3.2518339861842485	0.0073452944825384316	14	0	0	0	1610436802.5949483	815704.2386253403	0	-1.8227508319206223	409
half_step_2	3.2591792806667867	0.0073452944825384316	1	0	0	0	1610436802.5949483	2815.156804233996	0	0	0
full_step	3.2518339861842485	0.0073452944825384316	17	4	4	0.23529411764705882	1610436802.5949483	814056.1007723698	0	-1.8227508319206223	409
half_step_1	3.2518339861842485	0.0036726472412692158	13	0	0	0	1610436802.5949483	254976.25899941204	0	-1.8227508319206223	409
half_step_2	3.255506633425518	0.0036726472412692158	1	0	0	0	1610436802.5949483	2815.156804233996	0	0	0
full_step	3.2591792806667867	0.036726472412692154	7	0	0	0	1610436802.5949483	20849054.342086896	0	-1.9545210510764532	110
full_step	3.2591792806667867	0.018363236206346077	7	0	0	0	1610436802.5949483	18394561.492295805	0	-1.9545210510764532	110
full_step	3.2591792806667867	0.009181618103173039	8	0	0	0	1610436802.5949483	7673578.575989044	0	-1.9545210510764532	110
half_step_1	3.2591792806667867	0.004590809051586519	10	0	0	0	1610436802.5949483	4366646.335200168	0	-1.9545210510764532	110
half_step_2	3.2637700897183732	0.004590809051586519	1	0	0	0	1610436802.5949483	2815.156804233996	0	0	0
full_step	3.2591792806667867	0.004590809051586519	12	0	0	0	1610436802.5949483	4084620.60950462	0	-1.9545210510764532	110
half_step_1	3.2591792806667867	0.0022954045257932596	7	0	0	0	1610436802.5949483	1239475.4076405747	0	-1.9545210510764532	110
half_step_2	3.26147468519258	0.0022954045257932596	2	4	4	2	1610436802.5949483	35317.82948616935	0	-1.9301623600008633	40
full_step	3.2637700897183732	0.022954045257932598	4	0	0	0	1610436802.5949483	34021836.194411196	0	-1.9921666324332734	39
full_step	3.2637700897183732	0.011477022628966299	4	0	0	0	1610436802.5949483	34112278.35680137	0	-1.9921666324332734	39
full_step	3.2637700897183732	0.0057385113144831496	4	0	0	0	1610436802.5949483	21568359.13106121	0	-1.9921666324332734	39
half_step_1	3.2637700897183732	0.0028692556572415748	3	13	10	4.333333333333333	1610436802.5949483	4233588.154526173	0	-1.9921666324332734	39
half_step_2	3.266639345375615	0.0028692556572415748	1	0	0	0	1610436802.5949483	2815.156804233996	0	0	0
full_step	3.2637700897183732	0.0028692556572415748	3	0	0	0	1610436802.5949483	23191664.57746144	0	-1.9921666324332734	39
half_step_1	3.2637700897183732	0.0014346278286207874	1	2	2	2	1610436802.5949483	2815.156804233996	0	-1.9921666324332734	39
half_step_2	3.265204717546994	0.0014346278286207874	2	6	6	3	1610436802.5949483	22099.51675389771	0	-1.9576310368006822	43
full_step	3.266639345375615	0.014346278286207874	11	2	2	0.18181818181818182	1610436802.5949483	10245909.127503771	0	-1.9385728429732436	108
full_step	3.266639345375615	0.007173139143103937	11	5	5	0.45454545454545453	1610436802.5949483	7227394.740829023	0	-1.9385728429732436	108
full_step	3.266639345375615	0.0035865695715519685	11	3	3	0.2727272727272727	1610436802.5949483	2149887.7984474623	0	-1.9385728429732436	108
full_step	3.266639345375615	0.0017932847857759842	8	0	0	0	1610436802.5949483	400044.19443861506	0	-1.9385728429732436	108
half_step_1	3.266639345375615	0.0008966423928879921	1	2	2	2	1610436802.5949483	2815.156804233996	0	-1.9385728429732436	108
half_step_2	3.2675359877685026	0.0008966423928879921	13	3	3	0.23076923076923078	1610436802.5949483	90331.81596353516	0	-1.8229633800088811	273
full_step	3.268432630161391	0.008966423928879922	15	6	6	0.4	1610436802.5949483	852030.1630709078	0	-1.74686454089187	413
half_step_1	3.268432630161391	0.004483211964439961	11	0	0	0	1610436802.5949483	298797.0542507879	0	-1.74686454089187	413
half_step_2	3.2729158421258306	0.004483211964439961	1	0	0	0	1610436802.5949483	2815.156804233996	0	0	0
full_step	3.277399054090271	0.04483211964439961	12	3	3	0.25	1610436802.5949483	6598909.1697232835	0	-1.7371952917731446	209
full_step	3.277399054090271	0.022416059822199803	12	3	3	0.25	1610436802.5949483	3522323.4608233008	0	-1.7371952917731446	209
full_step	3.277399054090271	0.011208029911099902	12	3	3	0.25	1610436802.5949483	1268952.7783370386	0	-1.7371952917731446	209
full_step	3.277399054090271	0.005604014955549951	9	0	0	0	1610436802.5949483	1113283.3575224462	0	-1.7371952917731446	209
half_step_1	3.277399054090271	0.0028020074777749754	4	0	0	0	1610436802.5949483	3299395.0370556433	0	-1.7371952917731446	209
half_step_2	3.2802010615680457	0.0028020074777749754	1	0	0	0	1610436802.5949483	2815.156804233996	0	0	0
full_step	3.283003069045821	0.028020074777749752	9	0	0	0	1610436802.5949483	4980356.121043777	0	-1.9156635890214349	121
full_step	3.283003069045821	0.014010037388874876	11	2	2	0.18181818181818182	1610436802.5949483	1315609.684149874	0	-1.9156635890214349	121
full_step	3.283003069045821	0.007005018694437438	11	0	0	0	1610436802.5949483	379342.7509265164	0	-1.9156635890214349	121
half_step_1	3.283003069045821	0.003502509347218719	5	0	0	0	1610436802.5949483	582182.2127786126	0	-1.9156635890214349	121
half_step_2	3.2865055783930397	0.003502509347218719	1	0	0	0	1610436802.5949483	2815.156804233996	0	0	0
full_step	3.2900080877402584	0.03502509347218719	15	19	6	1.2666666666666666	1610436802.5949483	13276088.146804607	1.899360129085835	-1.2486205120218046	938
half_step_1	3.2900080877402584	0.017512546736093596	13	21	10	1.6153846153846154	1610436802.5949483	10028441.358343657	1.899360129085835	-1.2486205120218046	938
half_step_2	3.307520634476352	0.017512546736093596	1	0	0	0	1610436802.5949483	2815.156804233996	0	0	0
full_step	3.2900080877402584	0.017512546736093596	14	19	6	1.3571428571428572	1610436802.5949483	10032616.308644405	1.899360129085835	-1.2486205120218046	938
half_step_1	3.2900080877402584	0.008756273368046798	14	30	7	2.142857142857143	1610436802.5949483	7557219.881478346	1.899360129085835	-1.2486205120218046	938
half_step_2	3.2987643611083053	0.008756273368046798	4	17	14	4.25	1610436802.5949483	2818209.3280433104	0	-1.932947407256986	209
full_step	3.307520634476352	0.05414986680235644	8	3	3	0.375	1610436802.5949483	79364036.061977	0	-1.907715322805937	250
full_step	3.307520634476352	0.02707493340117822	8	0	0	0	1610436802.5949483	50670187.01864783	0	-1.907715322805937	250
half_step_1	3.307520634476352	0.01353746670058911	3	0	0	0	1610436802.5949483	26235226.051410757	0	-1.907715322805937	250
half_step_2	3.3210581011769413	0.01353746670058911	1	0	0	0	1610436802.5949483	2815.156804233996	0	0	0
full_step	3.307520634476352	0.01353746670058911	7	0	0	0	1610436802.5949483	21298109.8566204	0	-1.907715322805937	250
half_step_1	3.307520634476352	0.006768733350294555	2	16	16	8	1610436802.5949483	2242973.2523430833	0	-1.907715322805937	250
half_step_2	3.3142893678266465	0.006768733350294555	3	13	13	4.333333333333333	1610436802.5949483	447225.2590432942	0	-1.8494122459772746	129
full_step	3.3210581011769413	0.06768733350294555	3	10	10	3.3333333333333335	1610436802.5949483	60491224.40036586	0	-1.9944143801020602	51
full_step	3.3210581011769413	0.033843666751472774	4	9	9	2.25	1610436802.5949483	37464887.339329354	0	-1.9944143801020602	51
full_step	3.3210581011769413	0.016921833375736387	3	10	10	3.3333333333333335	1610436802.5949483	31281165.682256058	0	-1.9944143801020602	51
full_step	3.3210581011769413	0.008460916687868194	4	10	10	2.5	1610436802.5949483	11561529.055230059	0	-1.9944143801020602	51
full_step	3.3210581011769413	0.004230458343934097	3	18	18	6	1610436802.5949483	832336.074892456	0	-1.9944143801020602	51
full_step	3.3210581011769413	0.0021152291719670484	1	0	0	0	1610436802.5949483	2815.156804233996	0	-1.9944143801020602	51
half_step_1	3.3210581011769413	0.0010576145859835242	0	0	0	0	1610436802.5949483	2815.156804233996	0	-1.9944143801020602	51
half_step_2	3.322115715762925	0.0010576145859835242	0	0	0	0	1610436802.5949483	2815.156804233996	0	-1.9773345871444112	101
full_step	3.3231733303489084	0.010576145859835242	11	0	0	0	1610436802.5949483	2918376.13572752	0	-1.768590930914298	211
half_step_1	3.3231733303489084	0.005288072929917621	9	0	0	0	1610436802.5949483	468616.41538970964	0	-1.768590930914298	211
half_step_2	3.3284614032788262	0.005288072929917621	7	0	0	0	1610436802.5949483	721892.1542007455	0	-1.8976146140324488	152
full_step	3.3337494762087436	0.052880729299176206	10	3	3	0.3	1610436802.5949483	8397485.904198112	0	-1.593489523702065	154
full_step	3.3337494762087436	0.026440364649588103	9	0	0	0	1610436802.5949483	5999163.498457479	0	-1.593489523702065	154
half_step_1	3.3337494762087436	0.013220182324794051	6	0	0	0	1610436802.5949483	2306052.1467576968	0	-1.593489523702065	154
half_step_2	3.3469696585335376	0.013220182324794051	1	0	0	0	1610436802.5949483	2815.156804233996	0	0	0
full_step	3.360189840858332	0.1	1	0	0	0	1610436802.5949483	2815.156804233996	0	0	0
full_step	3.360189840858332	0.05	1	0	0	0	1610436802.5949483	2815.156804233996	0	0	0
half_step_1	3.360189840858332	0.025	0	0	0	0	1610436802.5949483	2815.156804233996	0	0	0
half_step_2	3.385189840858332	0.025	0	0	0	0	1610436802.5949483	2815.156804233996	0	0	0
full_step	3.4101898408583318	0.1	1	0	0	0	1610436802.5949483	2815.156804233996	0	0	0
half_step_1	3.4101898408583318	0.05	0	0	0	0	1610436802.5949483	2815.156804233996	0	0	0
half_step_2	3.4601898408583316	0.05	0	0	0	0	1610436802.5949483	2815.156804233996	0	0	0
full_step	3.510189840858332	0.1	1	0	0	0	1610436802.5949483	2815.156804233996	0	0	0
full_step	3.510189840858332	0.05	1	0	0	0	1610436802.5949483	2815.156804233996	0	0	0
full_step	3.510189840858332	0.025	1	0	0	0	1610436802.5949483	2815.156804233996	0	0	0
half_step_1	3.510189840858332	0.0125	0	0	0	0	1610436802.5949483	2815.156804233996	0	0	0
half_step_2	3.522689840858332	0.0125	0	0	0	0	1610436802.5949483	2815.156804233996	0	0	0
full_step	3.5351898408583318	0.1	1	0	0	0	1610436802.5949483	2815.156804233996	0	0	0
full_step	3.5351898408583318	0.05	1	0	0	0	1610436802.5949483	2815.156804233996	0	0	0
full_step	3.5351898408583318	0.025	1	0	0	0	1610436802.5949483	2815.156804233996	0	0	0
full_step	3.5351898408583318	0.0125	1	0	0	0	1610436802.5949483	2815.156804233996	0	0	0
half_step_1	3.5351898408583318	0.00625	0	0	0	0	1610436802.5949483	2815.156804233996	0	0	0
half_step_2	3.541439840858332	0.00625	0	0	0	0	1610436802.5949483	2815.156804233996	0	0	0
full_step	3.547689840858332	0.0625	1	0	0	0	1610436802.5949483	2815.156804233996	0	0	0
full_step	3.547689840858332	0.03125	1	0	0	0	1610436802.5949483	2815.156804233996	0	0	0
full_step	3.547689840858332	0.015625	1	0	0	0	1610436802.5949483	2815.156804233996	0	0	0
full_step	3.547689840858332	0.0078125	1	0	0	0	1610436802.5949483	2815.156804233996	0	0	0
half_step_1	3.547689840858332	0.00390625	0	0	0	0	1610436802.5949483	2815.156804233996	0	0	0
half_step_2	3.551596090858332	0.00390625	0	0	0	0	1610436802.5949483	2815.156804233996	0	0	0
full_step	3.555502340858332	0.0390625	1	0	0	0	1610436802.5949483	2815.156804233996	0	0	0
full_step	3.555502340858332	0.01953125	1	0	0	0	1610436802.5949483	2815.156804233996	0	0	0
full_step	3.555502340858332	0.009765625	1	0	0	0	1610436802.5949483	2815.156804233996	0	0	0
full_step	3.555502340858332	0.0048828125	1	0	0	0	1610436802.5949483	2815.156804233996	0	0	0
full_step	3.555502340858332	0.00244140625	1	0	0	0	1610436802.5949483	2815.156804233996	0	0	0
half_step_1	3.555502340858332	0.001220703125	0	0	0	0	1610436802.5949483	2815.156804233996	0	0	0
half_step_2	3.556723043983332	0.001220703125	0	0	0	0	1610436802.5949483	2815.156804233996	0	0	0
full_step	3.557943747108332	0.01220703125	1	0	0	0	1610436802.5949483	2815.156804233996	0	0	0
full_step	3.557943747108332	0.006103515625	1	0	0	0	1610436802.5949483	2815.156804233996	0	0	0
full_step	3.557943747108332	0.0030517578125	1	0	0	0	1610436802.5949483	2815.156804233996	0	0	0
full_step	3.557943747108332	0.00152587890625	1	0	0	0	1610436802.5949483	2815.156804233996	0	0	0
full_step	3.557943747108332	0.000762939453125	1	0	0	0	1610436802.5949483	2815.156804233996	0	0	0
half_step_1	3.557943747108332	0.0003814697265625	0	0	0	0	1610436802.5949483	2815.156804233996	0	0	0
half_step_2	3.5583252168348944	0.0003814697265625	0	0	0	0	1610436802.5949483	2815.156804233996	0	0	0
full_step	3.558706686561457	0.003814697265625	1	0	0	0	1610436802.5949483	2815.156804233996	0	0	0
full_step	3.558706686561457	0.0019073486328125	1	0	0	0	1610436802.5949483	2815.156804233996	0	0	0
full_step	3.558706686561457	0.00095367431640625	1	0	0	0	1610436802.5949483	2815.156804233996	0	0	0
full_step	3.558706686561457	0.000476837158203125	1	0	0	0	1610436802.5949483	2815.156804233996	0	0	0
full_step	3.558706686561457	0.0002384185791015625	1	0	0	0	1610436802.5949483	2815.156804233996	0	0	0
full_step	3.558706686561457	0.00011920928955078125	1	0	0	0	1610436802.5949483	2815.156804233996	0	0	0
full_step	3.558706686561457	5.9604644775390625e-05	1	0	0	0	1610436802.5949483	2815.156804233996	0	0	0
half_step_1	3.558706686561457	2.9802322387695312e-05	0	0	0	0	1610436802.5949483	2815.156804233996	0	0	0
half_step_2	3.5587364888838446	2.9802322387695312e-05	0	0	0	0	1610436802.5949483	2815.156804233996	0	0	0
full_step	3.5587662912062323	0.0002980232238769531	16	0	0	0	1610436802.5949483	624192.2842326525	0	-1.8305237371519796	174
half_step_1	3.5587662912062323	0.00014901161193847656	14	0	0	0	1610436802.5949483	378143.830227944	0	-1.8305237371519796	174
half_step_2	3.558915302818171	0.00014901161193847656	17	44	8	2.588235294117647	1610436802.5949483	1599606.963244015	0.8692005905697897	-1.6753464473544155	169
full_step	3.5590643144301093	0.0014901161193847656	3	10	7	3.3333333333333335	1610436802.5949483	1290925.3471941128	0.7217308029599394	-1.7143828657009934	175
half_step_1	3.5590643144301093	0.0007450580596923828	3	0	0	0	1610436802.5949483	1081885.1868924892	0.7217308029599394	-1.7143828657009934	175
half_step_2	3.5598093724898017	0.0007450580596923828	3	8	4	2.6666666666666665	1610436802.5949483	21268.218265032156	0.0026086056632266263	-1.852171152351048	164
full_step	3.560554430549494	0.007450580596923828	2	10	10	5	1610436802.5949483	1402421.2864614965	0	-1.8667001348693113	102
half_step_1	3.560554430549494	0.003725290298461914	1	7	7	7	1610436802.5949483	2815.156804233996	0	-1.8667001348693113	102
half_step_2	3.564279720847956	0.003725290298461914	2	10	10	5	1610436802.5949483	144566.77106805044	0	-1.8730829570081762	92
full_step	3.568005011146418	0.03725290298461914	4	17	14	4.25	1610436802.5949483	10520310.690959416	0	-1.877102714082379	96
half_step_1	3.568005011146418	0.01862645149230957	2	15	14	7.5	1610436802.5949483	2463225.56798177	0	-1.877102714082379	96
half_step_2	3.5866314626387275	0.01862645149230957	4	16	13	4	1610436802.5949483	2444401.310937153	0	-1.9072868546527415	38
full_step	3.605257914131037	0.1	5	21	14	4.2	1610436802.5949483	42278339.36159645	0	-1.945282234532103	75
full_step	3.605257914131037	0.05	5	27	16	5.4	1610436802.5949483	21986982.72198804	0	-1.945282234532103	75
full_step	3.605257914131037	0.025	4	20	16	5	1610436802.5949483	12690082.952067006	0	-1.945282234532103	75
full_step	3.605257914131037	0.0125	4	20	17	5	1610436802.5949483	1139520.2928941182	0	-1.945282234532103	75
full_step	3.605257914131037	0.00625	3	15	13	5	1610436802.5949483	175385.44303515524	0	-1.945282234532103	75
full_step	3.605257914131037	0.003125	2	10	9	5	1610436802.5949483	24808.479853840727	0	-1.945282234532103	75
half_step_1	3.605257914131037	0.0015625	1	0	0	0	1610436802.5949483	2815.156804233996	0	-1.945282234532103	75
half_step_2	3.606820414131037	0.0015625	2	3	3	1.5	1610436802.5949483	31034.088148088464	0	-1.90743548383389	97
full_step	3.608382914131037	0.015625	11	8	8	0.7272727272727273	1610436802.5949483	6294794.11418905	0.34380764388924945	-1.8059357757473757	120
half_step_1	3.608382914131037	0.0078125	8	5	5	0.625	1610436802.5949483	3655167.95256759	0.34380764388924945	-1.8059357757473757	120
half_step_2	3.616195414131037	0.0078125	1	0	0	0	1610436802.5949483	2815.156804233996	0	0	0
full_step	3.608382914131037	0.0078125	9	7	7	0.7777777777777778	1610436802.5949483	3643564.5583781805	0.34380764388924945	-1.8059357757473757	120
half_step_1	3.608382914131037	0.00390625	7	9	9	1.2857142857142858	1610436802.5949483	1141141.6067144554	0.34380764388924945	-1.8059357757473757	120
half_step_2	3.612289164131037	0.00390625	2	11	11	5.5	1610436802.5949483	212870.66402314478	0	-1.8357397145988892	37
full_step	3.616195414131037	0.0390625	2	0	0	0	1610436802.5949483	11999379.963599294	0	-1.8378339662577878	38
half_step_1	3.616195414131037	0.01953125	2	13	12	6.5	1610436802.5949483	3219022.4199122908	0	-1.8378339662577878	38
half_step_2	3.635726664131037	0.01953125	1	0	0	0	1610436802.5949483	2815.156804233996	0	0	0
full_step	3.616195414131037	0.01953125	2	13	12	6.5	1610436802.5949483	3219082.4660479934	0	-1.8378339662577878	38
half_step_1	3.616195414131037	0.009765625	1	13	13	13	1610436802.5949483	2815.156804233996	0	-1.8378339662577878	38
half_step_2	3.625961039131037	0.009765625	8	0	0	0	1610436802.5949483	1740178.8669401116	0	-1.8298106922821258	94
full_step	3.635726664131037	0.09765625	1	0	0	0	1610436802.5949483	2815.156804233996	0	0	0
full_step	3.635726664131037	0.048828125	1	0	0	0	1610436802.5949483	2815.156804233996	0	0	0
full_step	3.635726664131037	0.0244140625	1	0	0	0	1610436802.5949483	2815.156804233996	0	0	0
full_step	3.635726664131037	0.01220703125	1	0	0	0	1610436802.5949483	2815.156804233996	0	0	0
full_step	3.635726664131037	0.006103515625	1	0	0	0	1610436802.5949483	2815.156804233996	0	0	0
full_step	3.635726664131037	0.0030517578125	1	0	0	0	1610436802.5949483	2815.156804233996	0	0	0
half_step_1	3.635726664131037	0.00152587890625	0	0	0	0	1610436802.5949483	2815.156804233996	0	0	0
half_step_2	3.637252543037287	0.00152587890625	0	0	0	0	1610436802.5949483	2815.156804233996	0	0	0
full_step	3.638778421943537	0.0152587890625	10	0	0	0	1610436802.5949483	6328111.513567729	0	-1.8445589259439565	41
half_step_1	3.638778421943537	0.00762939453125	9	0	0	0	1610436802.5949483	1686157.4625687888	0	-1.8445589259439565	41
half_step_2	3.646407816474787	0.00762939453125	3	20	20	6.666666666666667	1610436802.5949483	1139354.0800002506	0	-1.9652071799917257	26
full_step	3.654037211006037	0.0762939453125	12	15	9	1.25	1610436802.5949483	14638769.782435697	1.0481089142258497	-1.7306090328640276	119
half_step_1	3.654037211006037	0.03814697265625	9	8	8	0.8888888888888888	1610436802.5949483	8274473.529546152	1.0481089142258497	-1.7306090328640276	119
half_step_2	3.692184183662287	0.03814697265625	1	0	0	0	1610436802.5949483	2815.156804233996	0	0	0
full_step	3.654037211006037	0.03814697265625	13	28	6	2.1538461538461537	1610436802.5949483	8267390.740647055	1.0481089142258497	-1.7306090328640276	119
half_step_1	3.654037211006037	0.019073486328125	8	5	5	0.625	1610436802.5949483	5423126.106941806	1.0481089142258497	-1.7306090328640276	119
half_step_2	3.673110697334162	0.019073486328125	1	0	0	0	1610436802.5949483	2815.156804233996	0	0	0
full_step	3.654037211006037	0.019073486328125	10	12	8	1.2	1610436802.5949483	5401466.452051965	1.0481089142258497	-1.7306090328640276	119
half_step_1	3.654037211006037	0.0095367431640625	7	0	0	0	1610436802.5949483	3503841.0875432696	1.0481089142258497	-1.7306090328640276	119
half_step_2	3.6635739541700993	0.0095367431640625	1	0	0	0	1610436802.5949483	2815.156804233996	0	0	0
full_step	3.654037211006037	0.0095367431640625	9	0	0	0	1610436802.5949483	3436957.621928221	1.0481089142258497	-1.7306090328640276	119
half_step_1	3.654037211006037	0.00476837158203125	6	0	0	0	1610436802.5949483	1246253.597111443	1.0481089142258497	-1.7306090328640276	119
half_step_2	3.658805582588068	0.00476837158203125	2	6	6	3	1610436802.5949483	154655.54939272226	0	-1.8693740231217562	92
full_step	3.6635739541700993	0.0476837158203125	6	0	0	0	1610436802.5949483	11828565.374295723	0	-1.8554748223453927	89
half_step_1	3.6635739541700993	0.02384185791015625	3	0	0	0	1610436802.5949483	5209846.923755625	0	-1.8554748223453927	89
half_step_2	3.6874158120802556	0.02384185791015625	11	30	9	2.727272727272727	1610436802.5949483	2053672.259960373	1.7571102865056218	-1.7448240494371274	146
full_step	3.711257669990412	0.1	1	0	0	0	1610436802.5949483	2815.156804233996	0	0	0
full_step	3.711257669990412	0.05	1	0	0	0	1610436802.5949483	2815.156804233996	0	0	0
full_step	3.711257669990412	0.025	1	0	0	0	1610436802.5949483	2815.156804233996	0	0	0
full_step	3.711257669990412	0.0125	1	0	0	0	1610436802.5949483	2815.156804233996	0	0	0
full_step	3.711257669990412	0.00625	1	0	0	0	1610436802.5949483	2815.156804233996	0	0	0
full_step	3.711257669990412	0.003125	1	0	0	0	1610436802.5949483	2815.156804233996	0	0	0
half_step_1	3.711257669990412	0.0015625	0	0	0	0	1610436802.5949483	2815.156804233996	0	0	0
half_step_2	3.7128201699904118	0.0015625	0	0	0	0	1610436802.5949483	2815.156804233996	0	0	0
full_step	3.7143826699904117	0.015625	1	0	0	0	1610436802.5949483	2815.156804233996	0	0	0
full_step	3.7143826699904117	0.0078125	1	0	0	0	1610436802.5949483	2815.156804233996	0	0	0
full_step	3.7143826699904117	0.00390625	1	0	0	0	1610436802.5949483	2815.156804233996	0	0	0
full_step	3.7143826699904117	0.001953125	1	0	0	0	1610436802.5949483	2815.156804233996	0	0	0
half_step_1	3.7143826699904117	0.0009765625	0	0	0	0	1610436802.5949483	2815.156804233996	0	0	0
half_step_2	3.7153592324904117	0.0009765625	0	0	0	0	1610436802.5949483	2815.156804233996	0	0	0
full_step	3.7163357949904117	0.009765625	1	0	0	0	1610436802.5949483	2815.156804233996	0	0	0
full_step	3.7163357949904117	0.0048828125	1	0	0	0	1610436802.5949483	2815.156804233996	0	0	0
full_step	3.7163357949904117	0.00244140625	1	0	0	0	1610436802.5949483	2815.156804233996	0	0	0
full_step	3.7163357949904117	0.001220703125	1	0	0	0	1610436802.5949483	2815.156804233996	0	0	0
half_step_1	3.7163357949904117	0.0006103515625	0	0	0	0	1610436802.5949483	2815.156804233996	0	0	0
half_step_2	3.7169461465529117	0.0006103515625	0	0	0	0	1610436802.5949483	2815.156804233996	0	0	0
full_step	3.7175564981154117	0.006103515625	11	0	0	0	1610436802.5949483	839478.0595283015	0	-1.8543177646930473	73
half_step_1	3.7175564981154117	0.0030517578125	10	0	0	0	1610436802.5949483	251635.31968338147	0	-1.8543177646930473	73
half_step_2	3.7206082559279117	0.0030517578125	2	8	8	4	1610436802.5949483	236802.6670235751	0	-1.834869406616234	84
full_step	3.7236600137404117	0.030517578125	5	0	0	0	1610436802.5949483	6992742.6945085805	0	-1.8381232815355117	78
half_step_1	3.7236600137404117	0.0152587890625	5	0	0	0	1610436802.5949483	2510404.80706839	0	-1.8381232815355117	78
half_step_2	3.7389188028029117	0.0152587890625	2	14	13	7	1610436802.5949483	3885693.242906022	0	-1.8004840613968258	42
full_step	3.7236600137404117	0.0152587890625	5	0	0	0	1610436802.5949483	2774181.5878740544	0	-1.8381232815355117	78
half_step_1	3.7236600137404117	0.00762939453125	2	15	14	7.5	1610436802.5949483	1139237.2604349025	0	-1.8381232815355117	78
half_step_2	3.7312894082716617	0.00762939453125	6	8	4	1.3333333333333333	1610436802.5949483	3837460.560274158	0.7495927801368225	-1.7458945111005513	42
full_step	3.7389188028029117	0.0762939453125	5	18	12	3.6	1610436802.5949483	44289010.768775135	0	-1.9328935732529904	41
full_step	3.7389188028029117	0.03814697265625	5	25	18	5	1610436802.5949483	21992960.664286137	0	-1.9328935732529904	41
full_step	3.7389188028029117	0.019073486328125	5	22	16	4.4	1610436802.5949483	7357624.090205466	0	-1.9328935732529904	41
full_step	3.7389188028029117	0.0095367431640625	3	19	16	6.333333333333333	1610436802.5949483	582189.8582022892	0	-1.9328935732529904	41
full_step	3.7389188028029117	0.00476837158203125	2	12	10	6	1610436802.5949483	71720.03319570712	0	-1.9328935732529904	41
half_step_1	3.7389188028029117	0.002384185791015625	1	0	0	0	1610436802.5949483	2815.156804233996	0	-1.9328935732529904	41
half_step_2	3.7413029885939273	0.002384185791015625	2	0	0	0	1610436802.5949483	107148.4914848655	0	-1.8423298598587483	41
full_step	3.743687174384943	0.02384185791015625	11	3	3	0.2727272727272727	1610436802.5949483	4814547.845834017	0	-1.8079235108306526	43
half_step_1	3.743687174384943	0.011920928955078125	7	2	2	0.2857142857142857	1610436802.5949483	2919478.601080187	0	-1.8079235108306526	43
half_step_2	3.755608103340021	0.011920928955078125	1	0	0	0	1610436802.5949483	2815.156804233996	0	0	0
full_step	3.743687174384943	0.011920928955078125	8	2	2	0.25	1610436802.5949483	2919585.1707118093	0	-1.8079235108306526	43
half_step_1	3.743687174384943	0.0059604644775390625	7	0	0	0	1610436802.5949483	551446.7656093738	0	-1.8079235108306526	43
half_step_2	3.749647638862482	0.0059604644775390625	2	10	10	5	1610436802.5949483	399174.5666780483	0	-1.8321263818790752	91
full_step	3.755608103340021	0.059604644775390625	4	21	13	5.25	1610436802.5949483	21531537.110389978	0	-1.8613666967385218	90
half_step_1	3.755608103340021	0.029802322387695312	3	15	13	5	1610436802.5949483	7490057.218503195	0	-1.8613666967385218	90
half_step_2	3.7854104257277164	0.029802322387695312	1	0	0	0	1610436802.5949483	2815.156804233996	0	0	0
full_step	3.755608103340021	0.029802322387695312	4	15	13	3.75	1610436802.5949483	7481686.85418244	0	-1.8613666967385218	90
half_step_1	3.755608103340021	0.014901161193847656	2	16	15	8	1610436802.5949483	1748134.986746518	0	-1.8613666967385218	90
half_step_2	3.7705092645338687	0.014901161193847656	1	0	0	0	1610436802.5949483	2815.156804233996	0	0	0
full_step	3.755608103340021	0.014901161193847656	3	19	17	6.333333333333333	1610436802.5949483	1755030.715406733	0	-1.8613666967385218	90
half_step_1	3.755608103340021	0.007450580596923828	3	15	13	5	1610436802.5949483	516738.5214480862	0	-1.8613666967385218	90
half_step_2	3.763058683936945	0.007450580596923828	2	14	14	7	1610436802.5949483	461943.0522560734	0	-1.8919942158229963	81
full_step	3.7705092645338687	0.07450580596923828	13	18	7	1.3846153846153846	1610436802.5949483	23527287.581994288	1.4568687736513084	-1.7598338689192863	136
half_step_1	3.7705092645338687	0.03725290298461914	7	7	7	1	1610436802.5949483	12828671.57986166	1.4568687736513084	-1.7598338689192863	136
half_step_2	3.807762167518488	0.03725290298461914	1	0	0	0	1610436802.5949483	2815.156804233996	0	0	0
full_step	3.7705092645338687	0.03725290298461914	10	14	7	1.4	1610436802.5949483	12834695.590678561	1.4568687736513084	-1.7598338689192863	136
half_step_1	3.7705092645338687	0.01862645149230957	7	4	4	0.5714285714285714	1610436802.5949483	5860283.275713148	1.4568687736513084	-1.7598338689192863	136
half_step_2	3.7891357160261783	0.01862645149230957	1	0	0	0	1610436802.5949483	2815.156804233996	0	0	0
full_step	3.7705092645338687	0.01862645149230957	9	6	6	0.6666666666666666	1610436802.5949483	5867471.624009895	1.4568687736513084	-1.7598338689192863	136
half_step_1	3.7705092645338687	0.009313225746154785	7	0	0	0	1610436802.5949483	4315218.749458456	1.4568687736513084	-1.7598338689192863	136
half_step_2	3.7798224902800235	0.009313225746154785	1	0	0	0	1610436802.5949483	2815.156804233996	0	0	0
full_step	3.7705092645338687	0.009313225746154785	8	0	0	0	1610436802.5949483	4315487.691219452	1.4568687736513084	-1.7598338689192863	136
half_step_1	3.7705092645338687	0.004656612873077393	6	0	0	0	1610436802.5949483	1988841.3461772066	1.4568687736513084	-1.7598338689192863	136
half_step_2	3.775165877406946	0.004656612873077393	2	9	7	4.5	1610436802.5949483	410875.3277960508	0	-1.8482374621638114	77
full_step	3.7798224902800235	0.046566128730773926	7	0	0	0	1610436802.5949483	22986095.718555745	0	-1.8069405221446517	152
half_step_1	3.7798224902800235	0.023283064365386963	9	0	0	0	1610436802.5949483	7658648.987961819	0	-1.8069405221446517	152
half_step_2	3.8031055546454104	0.023283064365386963	1	0	0	0	1610436802.5949483	2815.156804233996	0	0	0
full_step	3.7798224902800235	0.023283064365386963	9	0	0	0	1610436802.5949483	7690672.42950874	0	-1.8069405221446517	152
half_step_1	3.7798224902800235	0.011641532182693481	9	0	0	0	1610436802.5949483	1863651.7993653973	0	-1.8069405221446517	152
half_step_2	3.791464022462717	0.011641532182693481	1	0	0	0	1610436802.5949483	2815.156804233996	0	0	0
full_step	3.7798224902800235	0.011641532182693481	10	0	0	0	1610436802.5949483	1871107.8494123302	0	-1.8069405221446517	152
half_step_1	3.7798224902800235	0.005820766091346741	7	0	0	0	1610436802.5949483	441396.1061663921	0	-1.8069405221446517	152
half_step_2	3.7856432563713702	0.005820766091346741	2	12	12	6	1610436802.5949483	250562.07502246162	0	-1.8465679381225943	86
full_step	3.791464022462717	0.05820766091346741	3	0	0	0	1610436802.5949483	13673604.617970798	0	-1.8409008466513612	86
half_step_1	3.791464022462717	0.029103830456733704	3	15	13	5	1610436802.5949483	7879994.435144178	0	-1.8409008466513612	86
half_step_2	3.8205678529194507	0.029103830456733704	1	0	0	0	1610436802.5949483	2815.156804233996	0	0	0
full_step	3.791464022462717	0.029103830456733704	3	14	13	4.666666666666667	1610436802.5949483	7880418.8232150255	0	-1.8409008466513612	86
half_step_1	3.791464022462717	0.014551915228366852	3	17	14	5.666666666666667	1610436802.5949483	2000298.8702455184	0	-1.8409008466513612	86
half_step_2	3.806015937691084	0.014551915228366852	4	0	0	0	1610436802.5949483	2493139.918167184	0	-1.7830046047478507	105
full_step	3.8205678529194507	0.1	5	0	0	0	1610436802.5949483	60803383.21918485	0	-1.9264983144466363	43
half_step_1	3.8205678529194507	0.05	5	0	0	0	1610436802.5949483	41034358.55041965	0	-1.9264983144466363	43
half_step_2	3.8705678529194505	0.05	1	0	0	0	1610436802.5949483	2815.156804233996	0	0	0
full_step	3.8205678529194507	0.05	5	0	0	0	1610436802.5949483	42563730.62704805	0	-1.9264983144466363	43
half_step_1	3.8205678529194507	0.025	8	0	0	0	1610436802.5949483	12180541.366134081	0	-1.9264983144466363	43
half_step_2	3.8455678529194506	0.025	1	0	0	0	1610436802.5949483	2815.156804233996	0	0	0
full_step	3.8205678529194507	0.025	8	0	0	0	1610436802.5949483	12341502.065192042	0	-1.9264983144466363	43
half_step_1	3.8205678529194507	0.0125	7	0	0	0	1610436802.5949483	2294795.289112484	0	-1.9264983144466363	43
half_step_2	3.833067852919451	0.0125	1	0	0	0	1610436802.5949483	2815.156804233996	0	0	0
full_step	3.8205678529194507	0.0125	8	0	0	0	1610436802.5949483	2221484.5056766067	0	-1.9264983144466363	43
half_step_1	3.8205678529194507	0.00625	3	14	12	4.666666666666667	1610436802.5949483	317242.40448010527	0	-1.9264983144466363	43
half_step_2	3.8268178529194508	0.00625	2	13	13	6.5	1610436802.5949483	659168.5926134436	0	-1.8215164564408035	39
full_step	3.833067852919451	0.0625	4	0	0	0	1610436802.5949483	4298612.314467663	0	-1.860533367008986	41
half_step_1	3.833067852919451	0.03125	3	0	0	0	1610436802.5949483	4318167.618059722	0	-1.860533367008986	41
half_step_2	3.864317852919451	0.03125	1	0	0	0	1610436802.5949483	2815.156804233996	0	0	0
full_step	3.833067852919451	0.03125	4	0	0	0	1610436802.5949483	4316944.817381704	0	-1.860533367008986	41
half_step_1	3.833067852919451	0.015625	2	0	0	0	1610436802.5949483	1998041.5526602217	0	-1.860533367008986	41
half_step_2	3.848692852919451	0.015625	4	16	14	4	1610436802.5949483	1713623.3486963045	0	-1.8640025187661209	77
full_step	3.864317852919451	0.1	9	17	6	1.8888888888888888	1610436802.5949483	9277738.432594055	1.1204679140951725	-1.7159329264616054	125
half_step_1	3.864317852919451	0.05	9	18	5	2	1610436802.5949483	8872420.537935019	1.1204679140951725	-1.7159329264616054	125
half_step_2	3.9143178529194507	0.05	1	0	0	0	1610436802.5949483	2815.156804233996	0	0	0
full_step	3.864317852919451	0.05	11	18	5	1.6363636363636365	1610436802.5949483	8832147.043150809	1.1204679140951725	-1.7159329264616054	125
half_step_1	3.864317852919451	0.025	7	9	5	1.2857142857142858	1610436802.5949483	4700956.7978008315	1.1204679140951725	-1.7159329264616054	125
half_step_2	3.8893178529194508	0.025	1	0	0	0	1610436802.5949483	2815.156804233996	0	0	0
full_step	3.864317852919451	0.025	10	18	7	1.8	1610436802.5949483	3690733.839315645	1.1204679140951725	-1.7159329264616054	125
half_step_1	3.864317852919451	0.0125	7	5	5	0.7142857142857143	1610436802.5949483	3418384.633907276	1.1204679140951725	-1.7159329264616054	125
half_step_2	3.876817852919451	0.0125	4	0	0	0	1610436802.5949483	4214930.914376748	0	-1.775861196612217	81
full_step	3.8893178529194508	0.1	1	0	0	0	1610436802.5949483	2815.156804233996	0	0	0
full_step	3.8893178529194508	0.05	1	0	0	0	1610436802.5949483	2815.156804233996	0	0	0
full_step	3.8893178529194508	0.025	1	0	0	0	1610436802.5949483	2815.156804233996	0	0	0
full_step	3.8893178529194508	0.0125	1	0	0	0	1610436802.5949483	2815.156804233996	0	0	0
full_step	3.8893178529194508	0.00625	1	0	0	0	1610436802.5949483	2815.156804233996	0	0	0
full_step	3.8893178529194508	0.003125	1	0	0	0	1610436802.5949483	2815.156804233996	0	0	0
half_step_1	3.8893178529194508	0.0015625	0	0	0	0	1610436802.5949483	2815.156804233996	0	0	0
half_step_2	3.8908803529194507	0.0015625	1	0	0	0	1610436802.5949483	3035.035561460224	0	-1.9965756129353212	26
full_step	3.8924428529194506	0.015625	9	4	4	0.4444444444444444	1610436802.5949483	7696034.294396799	0.49265184072743295	-1.7575897234198616	86
half_step_1	3.8924428529194506	0.0078125	8	0	0	0	1610436802.5949483	2240036.8906088923	0.49265184072743295	-1.7575897234198616	86
half_step_2	3.9002553529194506	0.0078125	3	15	14	5	1610436802.5949483	475831.6647692101	0	-1.8883739952229777	79
full_step	3.9080678529194506	0.078125	9	3	3	0.3333333333333333	1610436802.5949483	22378544.7307518	0	-1.7928570849368763	141
half_step_1	3.9080678529194506	0.0390625	9	3	3	0.3333333333333333	1610436802.5949483	11091616.009678552	0	-1.7928570849368763	141
half_step_2	3.9471303529194506	0.0390625	1	0	0	0	1610436802.5949483	2815.156804233996	0	0	0
full_step	3.9080678529194506	0.0390625	11	3	3	0.2727272727272727	1610436802.5949483	11081624.736503074	0	-1.7928570849368763	141
half_step_1	3.9080678529194506	0.01953125	9	0	0	0	1610436802.5949483	6099187.76904862	0	-1.7928570849368763	141
half_step_2	3.9275991029194506	0.01953125	1	0	0	0	1610436802.5949483	2815.156804233996	0	0	0
full_step	3.9080678529194506	0.01953125	10	0	0	0	1610436802.5949483	6099218.987801083	0	-1.7928570849368763	141
half_step_1	3.9080678529194506	0.009765625	8	0	0	0	1610436802.5949483	3633889.508014421	0	-1.7928570849368763	141
half_step_2	3.9178334779194506	0.009765625	1	0	0	0	1610436802.5949483	2815.156804233996	0	0	0
full_step	3.9080678529194506	0.009765625	9	0	0	0	1610436802.5949483	3673173.571448315	0	-1.7928570849368763	141
half_step_1	3.9080678529194506	0.0048828125	6	0	0	0	1610436802.5949483	613044.4336857005	0	-1.7928570849368763	141
half_step_2	3.9129506654194506	0.0048828125	2	16	14	8	1610436802.5949483	451929.50346978084	0	-1.8553039842008359	159
full_step	3.9178334779194506	0.048828125	7	0	0	0	1610436802.5949483	12313838.660273526	0	-1.7982620265384686	145
half_step_1	3.9178334779194506	0.0244140625	6	0	0	0	1610436802.5949483	4902635.253307434	0	-1.7982620265384686	145
half_step_2	3.9422475404194506	0.0244140625	1	0	0	0	1610436802.5949483	2815.156804233996	0	0	0
full_step	3.9178334779194506	0.0244140625	6	0	0	0	1610436802.5949483	6713343.130077904	0	-1.7982620265384686	145
half_step_1	3.9178334779194506	0.01220703125	3	0	0	0	1610436802.5949483	1757421.4852577718	0	-1.7982620265384686	145
half_step_2	3.9300405091694506	0.01220703125	5	0	0	0	1610436802.5949483	3207742.9128643097	0	-1.8292671884122287	42
full_step	3.9422475404194506	0.09999999999999964	1	0	0	0	1610436802.5949483	2815.156804233996	0	0	0
full_step	3.9422475404194506	0.04999999999999982	1	0	0	0	1610436802.5949483	2815.156804233996	0	0	0
full_step	3.9422475404194506	0.02499999999999991	1	0	0	0	1610436802.5949483	2815.156804233996	0	0	0
full_step	3.9422475404194506	0.012499999999999956	1	0	0	0	1610436802.5949483	2815.156804233996	0	0	0
full_step	3.9422475404194506	0.006249999999999978	1	0	0	0	1610436802.5949483	2815.156804233996	0	0	0
full_step	3.9422475404194506	0.003124999999999989	1	0	0	0	1610436802.5949483	2815.156804233996	0	0	0
half_step_1	3.9422475404194506	0.0015624999999999944	0	0	0	0	1610436802.5949483	2815.156804233996	0	0	0
half_step_2	3.9438100404194505	0.0015624999999999944	0	0	0	0	1610436802.5949483	2815.156804233996	0	0	0
full_step	3.9453725404194504	0.015624999999999944	12	2	2	0.16666666666666666	1610436802.5949483	2177835.1175601725	0	-1.8744636261267411	107
half_step_1	3.9453725404194504	0.007812499999999972	10	0	0	0	1610436802.5949483	635870.6474040123	0	-1.8744636261267411	107
half_step_2	3.9531850404194504	0.007812499999999972	3	15	13	5	1610436802.5949483	585946.4540718526	0	-1.8273648982328394	82
full_step	3.9609975404194504	0.07812499999999972	4	15	13	3.75	1610436802.5949483	13304379.143629605	0	-1.8488069449943958	85
full_step	3.9609975404194504	0.03906249999999986	4	15	13	3.75	1610436802.5949483	8533060.758613834	0	-1.8488069449943958	85
half_step_1	3.9609975404194504	0.01953124999999993	2	14	14	7	1610436802.5949483	2283263.5342534315	0	-1.8488069449943958	85
half_step_2	3.9805287904194504	0.01953124999999993	8	3	3	0.375	1610436802.5949483	13381379.152374988	1.1036058527097907	-1.7522925172639965	99
full_step	4.00006004041945	0.09999999999999964	1	0	0	0	1610436802.5949483	2815.156804233996	0	0	0
full_step	4.00006004041945	0.04999999999999982	1	0	0	0	1610436802.5949483	2815.156804233996	0	0	0
full_step	4.00006004041945	0.02499999999999991	1	0	0	0	1610436802.5949483	2815.156804233996	0	0	0
full_step	4.00006004041945	0.012499999999999956	1	0	0	0	1610436802.5949483	2815.156804233996	0	0	0
full_step	4.00006004041945	0.006249999999999978	1	0	0	0	1610436802.5949483	2815.156804233996	0	0	0
full_step	4.00006004041945	0.003124999999999989	1	0	0	0	1610436802.5949483	2815.156804233996	0	0	0
full_step	4.00006004041945	0.0015624999999999944	1	0	0	0	1610436802.5949483	2815.156804233996	0	0	0
half_step_1	4.00006004041945	0.0007812499999999972	0	0	0	0	1610436802.5949483	2815.156804233996	0	0	0
half_step_2	4.000841290419451	0.0007812499999999972	0	0	0	0	1610436802.5949483	2815.156804233996	0	0	0
full_step	4.001622540419451	0.007812499999999972	10	0	0	0	1610436802.5949483	554348.1359722945	0	-1.8905481190199072	90
half_step_1	4.001622540419451	0.003906249999999986	1	2	2	2	1610436802.5949483	183153.980134007	0	-1.8905481190199072	90
half_step_2	4.005528790419451	0.003906249999999986	4	10	10	2.5	1610436802.5949483	1131764.761581715	0.06164598692464551	-1.8053052941749181	93
full_step	4.009435040419451	0.03906249999999986	4	0	0	0	1610436802.5949483	15391383.217954315	0	-1.8156298249734737	91
half_step_1	4.009435040419451	0.01953124999999993	3	16	13	5.333333333333333	1610436802.5949483	7416735.118866038	0	-1.8156298249734737	91
full_step	4.009435040419451	0.01953124999999993	4	15	12	3.75	1610436802.5949483	7454065.856774938	0	-1.8156298249734737	91
full_step	4.009435040419451	0.009765624999999965	3	16	14	5.333333333333333	1610436802.5949483	2449822.893935698	0	-1.8156298249734737	91
half_step_1	4.009435040419451	0.004882812499999983	2	10	10	5	1610436802.5949483	521845.063791816	0	-1.8156298249734737	91
half_step_2	4.014317852919451	0.004882812499999983	2	12	12	6	1610436802.5949483	1180427.113189265	0	-1.8169914037411077	115
full_step	4.019200665419451	0.048828124999999827	8	13	9	1.625	1610436802.5949483	35815668.69547132	0.29110007995603837	-1.7633247430198495	160
half_step_1	4.019200665419451	0.024414062499999913	8	10	6	1.25	1610436802.5949483	4488813.45705888	0.29110007995603837	-1.7633247430198495	160
half_step_2	4.043614727919451	0.024414062499999913	1	0	0	0	1610436802.5949483	2815.156804233996	0	0	0
full_step	4.019200665419451	0.024414062499999913	8	0	0	0	1610436802.5949483	4487913.597379056	0.29110007995603837	-1.7633247430198495	160
half_step_1	4.019200665419451	0.012207031249999957	7	0	0	0	1610436802.5949483	4465827.745412219	0.29110007995603837	-1.7633247430198495	160
half_step_2	4.031407696669451	0.012207031249999957	1	0	0	0	1610436802.5949483	2815.156804233996	0	0	0
full_step	4.019200665419451	0.012207031249999957	10	19	6	1.9	1610436802.5949483	4466104.994087333	0.29110007995603837	-1.7633247430198495	160
half_step_1	4.019200665419451	0.006103515624999978	6	0	0	0	1610436802.5949483	1540564.9496587326	0.29110007995603837	-1.7633247430198495	160
half_step_2	4.025304181044451	0.006103515624999978	2	13	13	6.5	1610436802.5949483	299317.58020822477	0	-1.8280416049963568	101
full_step	4.031407696669451	0.061035156249999785	5	22	13	4.4	1610436802.5949483	24036546.471344233	0	-1.8217526483260873	99
half_step_1	4.031407696669451	0.030517578124999892	4	16	13	4	1610436802.5949483	9471628.366828829	0	-1.8217526483260873	99
half_step_2	4.061925274794451	0.030517578124999892	4	16	13	4	1610436802.5949483	11284907.939252015	0	-1.8477189221489745	97
full_step	4.092442852919451	0.09999999999999964	11	26	7	2.3636363636363638	1610436802.5949483	35446478.56007478	1.6602176016859858	-1.7099672995747375	138
half_step_1	4.092442852919451	0.04999999999999982	10	20	6	2	1610436802.5949483	26241230.123376533	1.6602176016859858	-1.7099672995747375	138
half_step_2	4.142442852919451	0.04999999999999982	1	0	0	0	1610436802.5949483	2815.156804233996	0	0	0
full_step	4.092442852919451	0.04999999999999982	9	6	6	0.6666666666666666	1610436802.5949483	25613755.93816699	1.6602176016859858	-1.7099672995747375	138
half_step_1	4.092442852919451	0.02499999999999991	8	10	6	1.25	1610436802.5949483	6307925.857345555	1.6602176016859858	-1.7099672995747375	138
half_step_2	4.117442852919451	0.02499999999999991	1	0	0	0	1610436802.5949483	2815.156804233996	0	0	0
full_step	4.092442852919451	0.02499999999999991	12	12	9	1	1610436802.5949483	4962574.935321298	1.6602176016859858	-1.7099672995747375	138
half_step_1	4.092442852919451	0.012499999999999956	8	9	5	1.125	1610436802.5949483	3786253.0721458243	1.6602176016859858	-1.7099672995747375	138
half_step_2	4.104942852919451	0.012499999999999956	1	0	0	0	1610436802.5949483	2815.156804233996	0	0	0
full_step	4.092442852919451	0.012499999999999956	9	8	4	0.8888888888888888	1610436802.5949483	3786283.4242404494	1.6602176016859858	-1.7099672995747375	138
half_step_1	4.092442852919451	0.006249999999999978	5	3	3	0.6	1610436802.5949483	1932031.210824524	1.6602176016859858	-1.7099672995747375	138
half_step_2	4.09869285291945	0.006249999999999978	2	13	13	6.5	1610436802.5949483	405951.10788377543	0	-1.8050509745600523	100
full_step	4.104942852919451	0.06249999999999978	3	3	3	1	1610436802.5949483	18860560.732239906	0	-1.8066158781437183	86
half_step_1	4.104942852919451	0.03124999999999989	3	14	14	4.666666666666667	1610436802.5949483	6411702.002250438	0	-1.8066158781437183	86
half_step_2	4.136192852919451	0.03124999999999989	1	0	0	0	1610436802.5949483	2815.156804233996	0	0	0
full_step	4.104942852919451	0.03124999999999989	3	14	14	4.666666666666667	1610436802.5949483	6458832.09810222	0	-1.8066158781437183	86
half_step_1	4.104942852919451	0.015624999999999944	3	14	12	4.666666666666667	1610436802.5949483	3159277.1938788593	0	-1.8066158781437183	86
half_step_2	4.120567852919451	0.015624999999999944	6	0	0	0	1610436802.5949483	2795861.168180151	0	-1.901413364607938	82
full_step	4.136192852919451	0.09999999999999964	1	0	0	0	1610436802.5949483	2815.156804233996	0	0	0
full_step	4.136192852919451	0.04999999999999982	1	0	0	0	1610436802.5949483	2815.156804233996	0	0	0
full_step	4.136192852919451	0.02499999999999991	1	0	0	0	1610436802.5949483	2815.156804233996	0	0	0
full_step	4.136192852919451	0.012499999999999956	1	0	0	0	1610436802.5949483	2815.156804233996	0	0	0
full_step	4.136192852919451	0.006249999999999978	1	0	0	0	1610436802.5949483	2815.156804233996	0	0	0
full_step	4.136192852919451	0.003124999999999989	1	0	0	0	1610436802.5949483	2815.156804233996	0	0	0
half_step_1	4.136192852919451	0.0015624999999999944	0	0	0	0	1610436802.5949483	2815.156804233996	0	0	0
half_step_2	4.137755352919451	0.0015624999999999944	0	0	0	0	1610436802.5949483	2815.156804233996	0	0	0
full_step	4.139317852919451	0.015624999999999944	12	0	0	0	1610436802.5949483	2223300.732424611	0	-1.8089108551829811	99
half_step_1	4.139317852919451	0.007812499999999972	10	0	0	0	1610436802.5949483	735921.9763673237	0	-1.8089108551829811	99
half_step_2	4.147130352919451	0.007812499999999972	2	12	12	6	1610436802.5949483	1032845.5459759897	0	-1.815270377893557	91
full_step	4.154942852919451	0.07812499999999972	4	4	4	1	1610436802.5949483	22773629.305546757	0	-1.8138187913812824	90
half_step_1	4.154942852919451	0.03906249999999986	3	15	13	5	1610436802.5949483	11980010.435063336	0	-1.8138187913812824	90
half_step_2	4.194005352919451	0.03906249999999986	1	0	0	0	1610436802.5949483	2815.156804233996	0	0	0
full_step	4.154942852919451	0.03906249999999986	4	16	13	4	1610436802.5949483	12065272.922587017	0	-1.8138187913812824	90
half_step_1	4.154942852919451	0.01953124999999993	3	18	16	6	1610436802.5949483	3351305.2399255307	0	-1.8138187913812824	90
half_step_2	4.174474102919451	0.01953124999999993	7	0	0	0	1610436802.5949483	2740012.6437930954	0	-1.8886979259100154	69
full_step	4.194005352919451	0.09999999999999964	1	0	0	0	1610436802.5949483	2815.156804233996	0	0	0
full_step	4.194005352919451	0.04999999999999982	1	0	0	0	1610436802.5949483	2815.156804233996	0	0	0
full_step	4.194005352919451	0.02499999999999991	1	0	0	0	1610436802.5949483	2815.156804233996	0	0	0
full_step	4.194005352919451	0.012499999999999956	1	0	0	0	1610436802.5949483	2815.156804233996	0	0	0
full_step	4.194005352919451	0.006249999999999978	1	0	0	0	1610436802.5949483	2815.156804233996	0	0	0
full_step	4.194005352919451	0.003124999999999989	1	0	0	0	1610436802.5949483	2815.156804233996	0	0	0
half_step_1	4.194005352919451	0.0015624999999999944	0	0	0	0	1610436802.5949483	2815.156804233996	0	0	0
half_step_2	4.195567852919451	0.0015624999999999944	0	0	0	0	1610436802.5949483	2815.156804233996	0	0	0
full_step	4.197130352919451	0.015624999999999944	11	0	0	0	1610436802.5949483	3549046.669831666	0	-1.883827977684382	94
half_step_1	4.197130352919451	0.007812499999999972	10	0	0	0	1610436802.5949483	2591571.1946380655	0	-1.883827977684382	94
half_step_2	4.204942852919451	0.007812499999999972	2	12	12	6	1610436802.5949483	1900153.5836200402	0	-1.7732688693205614	94
full_step	4.212755352919451	0.07812499999999972	2	0	0	0	1610436802.5949483	17430269.947741278	0	-1.8271442365093493	88
half_step_1	4.212755352919451	0.03906249999999986	3	4	4	1.3333333333333333	1610436802.5949483	10554848.978938757	0	-1.8271442365093493	88
half_step_2	4.251817852919451	0.03906249999999986	1	0	0	0	1610436802.5949483	2815.156804233996	0	0	0
full_step	4.212755352919451	0.03906249999999986	5	2	2	0.4	1610436802.5949483	10508228.478130313	0	-1.8271442365093493	88
half_step_1	4.212755352919451	0.01953124999999993	2	13	12	6.5	1610436802.5949483	6658501.707542404	0	-1.8271442365093493	88
half_step_2	4.232286602919451	0.01953124999999993	7	0	0	0	1610436802.5949483	8069062.494129559	0	-1.775061043404726	97
full_step	4.251817852919451	0.09999999999999964	1	0	0	0	1610436802.5949483	2815.156804233996	0	0	0
full_step	4.251817852919451	0.04999999999999982	1	0	0	0	1610436802.5949483	2815.156804233996	0	0	0
full_step	4.251817852919451	0.02499999999999991	1	0	0	0	1610436802.5949483	2815.156804233996	0	0	0
full_step	4.251817852919451	0.012499999999999956	1	0	0	0	1610436802.5949483	2815.156804233996	0	0	0
full_step	4.251817852919451	0.006249999999999978	1	0	0	0	1610436802.5949483	2815.156804233996	0	0	0
full_step	4.251817852919451	0.003124999999999989	1	0	0	0	1610436802.5949483	2815.156804233996	0	0	0
half_step_1	4.251817852919451	0.0015624999999999944	0	0	0	0	1610436802.5949483	2815.156804233996	0	0	0
half_step_2	4.253380352919451	0.0015624999999999944	0	0	0	0	1610436802.5949483	2815.156804233996	0	0	0
full_step	4.25494285291945	0.015624999999999944	11	14	10	1.2727272727272727	1610436802.5949483	4414179.534384239	0.01367839749303812	-1.7744052467240485	132
half_step_1	4.25494285291945	0.007812499999999972	8	14	8	1.75	1610436802.5949483	4460144.8568527335	0.01367839749303812	-1.7744052467240485	132
half_step_2	4.26275535291945	0.007812499999999972	2	13	13	6.5	1610436802.5949483	802350.6919038587	0	-1.801630718993633	41
full_step	4.27056785291945	0.07812499999999972	3	0	0	0	1610436802.5949483	17319033.33919946	0	-1.7989028507701879	41
half_step_1	4.27056785291945	0.03906249999999986	2	3	3	1.5	1610436802.5949483	12134828.445022995	0	-1.7989028507701879	41
half_step_2	4.30963035291945	0.03906249999999986	2	12	12	6	1610436802.5949483	4279464.873193586	0	-1.8699844163576491	75
full_step	4.27056785291945	0.03906249999999986	2	0	0	0	1610436802.5949483	12137884.677193623	0	-1.7989028507701879	41
half_step_1	4.27056785291945	0.01953124999999993	2	13	12	6.5	1610436802.5949483	4171389.722502087	0	-1.7989028507701879	41
half_step_2	4.29009910291945	0.01953124999999993	9	16	8	1.7777777777777777	1610436802.5949483	4303061.799599452	0.28462610243110475	-1.7317049335534724	88
full_step	4.30963035291945	0.09999999999999964	1	0	0	0	1610436802.5949483	2815.156804233996	0	0	0
full_step	4.30963035291945	0.04999999999999982	1	0	0	0	1610436802.5949483	2815.156804233996	0	0	0
full_step	4.30963035291945	0.02499999999999991	1	0	0	0	1610436802.5949483	2815.156804233996	0	0	0
full_step	4.30963035291945	0.012499999999999956	1	0	0	0	1610436802.5949483	2815.156804233996	0	0	0
full_step	4.30963035291945	0.006249999999999978	1	0	0	0	1610436802.5949483	2815.156804233996	0	0	0
full_step	4.30963035291945	0.003124999999999989	1	0	0	0	1610436802.5949483	2815.156804233996	0	0	0
half_step_1	4.30963035291945	0.0015624999999999944	0	0	0	0	1610436802.5949483	2815.156804233996	0	0	0
half_step_2	4.311192852919451	0.0015624999999999944	0	0	0	0	1610436802.5949483	2815.156804233996	0	0	0
full_step	4.31275535291945	0.015624999999999944	10	4	4	0.4	1610436802.5949483	8109103.69673985	0	-1.7963492583514742	115
half_step_1	4.31275535291945	0.007812499999999972	11	0	0	0	1610436802.5949483	1332385.8902637158	0	-1.7963492583514742	115
half_step_2	4.32056785291945	0.007812499999999972	2	11	11	5.5	1610436802.5949483	1921131.288537145	0	-1.7874239233563007	41
full_step	4.32838035291945	0.07812499999999972	4	3	3	0.75	1610436802.5949483	35323354.09086376	0	-1.7860196446672307	43
half_step_1	4.32838035291945	0.03906249999999986	4	12	8	3	1610436802.5949483	19640380.467791118	0	-1.7860196446672307	43
half_step_2	4.36744285291945	0.03906249999999986	5	17	13	3.4	1610436802.5949483	12288467.719059145	0	-1.846852655352233	106
full_step	4.40650535291945	0.09999999999999964	3	0	0	0	1610436802.5949483	19856520.586727552	0	-1.7901146780011246	88
half_step_1	4.40650535291945	0.04999999999999982	4	9	6	2.25	1610436802.5949483	11414058.14604998	0	-1.7901146780011246	88
half_step_2	4.45650535291945	0.04999999999999982	6	0	0	0	1610436802.5949483	26068630.765861694	0	-1.772629906220941	37
full_step	4.50650535291945	0.09999999999999964	1	0	0	0	1610436802.5949483	2815.156804233996	0	0	0
full_step	4.50650535291945	0.04999999999999982	1	0	0	0	1610436802.5949483	2815.156804233996	0	0	0
full_step	4.50650535291945	0.02499999999999991	1	0	0	0	1610436802.5949483	2815.156804233996	0	0	0
full_step	4.50650535291945	0.012499999999999956	1	0	0	0	1610436802.5949483	2815.156804233996	0	0	0
full_step	4.50650535291945	0.006249999999999978	1	0	0	0	1610436802.5949483	2815.156804233996	0	0	0
full_step	4.50650535291945	0.003124999999999989	1	0	0	0	1610436802.5949483	2815.156804233996	0	0	0
half_step_1	4.50650535291945	0.0015624999999999944	0	0	0	0	1610436802.5949483	2815.156804233996	0	0	0
half_step_2	4.50806785291945	0.0015624999999999944	0	0	0	0	1610436802.5949483	2815.156804233996	0	0	0
full_step	4.50963035291945	0.015624999999999944	10	6	6	0.6	1610436802.5949483	4444040.233897436	0.3134409291633915	-1.7611092524544891	160
half_step_1	4.50963035291945	0.007812499999999972	10	7	7	0.7	1610436802.5949483	4193862.9695208254	0.3134409291633915	-1.7611092524544891	160
half_step_2	4.51744285291945	0.007812499999999972	2	12	12	6	1610436802.5949483	1929757.6165143603	0	-1.76412712850856	39
full_step	4.52525535291945	0.07812499999999972	4	0	0	0	1610436802.5949483	17825155.157489568	0	-1.7518631762870014	38
half_step_1	4.52525535291945	0.03906249999999986	3	7	4	2.3333333333333335	1610436802.5949483	12144267.523871604	0	-1.7518631762870014	38
half_step_2	4.56431785291945	0.03906249999999986	5	13	8	2.6	1610436802.5949483	11305689.915088061	0	-1.8569591477630578	70
full_step	4.60338035291945	0.09999999999999964	1	0	0	0	1610436802.5949483	2815.156804233996	0	0	0
full_step	4.60338035291945	0.04999999999999982	1	0	0	0	1610436802.5949483	2815.156804233996	0	0	0
full_step	4.60338035291945	0.02499999999999991	1	0	0	0	1610436802.5949483	2815.156804233996	0	0	0
full_step	4.60338035291945	0.012499999999999956	1	0	0	0	1610436802.5949483	2815.156804233996	0	0	0
full_step	4.60338035291945	0.006249999999999978	1	0	0	0	1610436802.5949483	2815.156804233996	0	0	0
full_step	4.60338035291945	0.003124999999999989	1	0	0	0	1610436802.5949483	2815.156804233996	0	0	0
half_step_1	4.60338035291945	0.0015624999999999944	0	0	0	0	1610436802.5949483	2815.156804233996	0	0	0
half_step_2	4.60494285291945	0.0015624999999999944	0	0	0	0	1610436802.5949483	2815.156804233996	0	0	0
full_step	4.6065053529194495	0.015624999999999944	10	5	5	0.5	1610436802.5949483	2020455.0233878512	0.5428000201191594	-1.745251989968372	158
half_step_1	4.6065053529194495	0.007812499999999972	9	0	0	0	1610436802.5949483	1729241.7665732105	0.5428000201191594	-1.745251989968372	158
half_step_2	4.6143178529194495	0.007812499999999972	2	12	12	6	1610436802.5949483	3117168.112729999	0	-1.7490940963970623	40
full_step	4.6221303529194495	0.07812499999999972	4	5	5	1.25	1610436802.5949483	68950759.05541171	0	-1.75968687124535	44
half_step_1	4.6221303529194495	0.03906249999999986	4	21	11	5.25	1610436802.5949483	44805580.92644942	0	-1.75968687124535	44
half_step_2	4.6611928529194495	0.03906249999999986	1	0	0	0	1610436802.5949483	2815.156804233996	0	0	0
full_step	4.6221303529194495	0.03906249999999986	6	23	11	3.8333333333333335	1610436802.5949483	41431257.331101134	0	-1.75968687124535	44
half_step_1	4.6221303529194495	0.01953124999999993	3	15	12	5	1610436802.5949483	5115524.267332087	0	-1.75968687124535	44
half_step_2	4.6416616029194495	0.01953124999999993	4	18	12	4.5	1610436802.5949483	14750471.771878043	0	-1.8054328645475246	114
full_step	4.6611928529194495	0.09999999999999964	3	0	0	0	1610436802.5949483	174388955.56508073	0	-1.7309709329634717	156
half_step_1	4.6611928529194495	0.04999999999999982	8	3	3	0.375	1610436802.5949483	33152876.590552345	0	-1.7309709329634717	156
half_step_2	4.711192852919449	0.04999999999999982	4	16	13	4	1610436802.5949483	29268493.817595407	0	-1.7926269319015513	127
full_step	4.761192852919449	0.09999999999999964	5	0	0	0	1610436802.5949483	43706148.883166276	0	-1.7245698528276543	148
half_step_1	4.761192852919449	0.04999999999999982	2	0	0	0	1610436802.5949483	17073695.88657541	0	-1.7245698528276543	148
half_step_2	4.811192852919449	0.04999999999999982	3	8	7	2.6666666666666665	1610436802.5949483	3108986.180873204	0.08906573208543023	-1.7175964694473354	140
full_step	4.861192852919449	0.09999999999999964	3	4	4	1.3333333333333333	1610436802.5949483	32120504.0983254	0.08195747772924733	-1.7161556085142964	136
half_step_1	4.861192852919449	0.04999999999999982	3	10	8	3.3333333333333335	1610436802.5949483	6426141.964466502	0.08195747772924733	-1.7161556085142964	136
half_step_2	4.911192852919449	0.04999999999999982	3	2	2	0.6666666666666666	1610436802.5949483	51516322.532551624	0	-1.6847808755580198	200
full_step	4.9611928529194484	0.09999999999999964	6	16	8	2.6666666666666665	1610436802.5949483	26832253.217406992	0.09282407946176363	-1.6076654479611752	188
half_step_1	4.9611928529194484	0.04999999999999982	3	10	10	3.3333333333333335	1610436802.5949483	14084436.229498962	0.09282407946176363	-1.6076654479611752	188
half_step_2	5.011192852919448	0.04999999999999982	2	0	0	0	1610436802.5949483	2924188.8717788495	0.13137013051050417	-1.5966766345370849	193
full_step	5.061192852919448	0.09999999999999964	3	5	3	1.6666666666666667	1610436802.5949483	4749439.367011837	0.14905267911967712	-1.5981833233735858	182
half_step_1	5.061192852919448	0.04999999999999982	2	0	0	0	1610436802.5949483	5455004.813584602	0.14905267911967712	-1.5981833233735858	182
half_step_2	5.111192852919448	0.04999999999999982	3	2	2	0.6666666666666666	1610436802.5949483	3603965.902296055	0.15987372491684937	-1.5812814283783099	186
full_step	5.161192852919448	0.09999999999999964	3	3	3	1	1610436802.5949483	5436418.595236729	0.1337570383408888	-1.5904959701960641	194
half_step_1	5.161192852919448	0.04999999999999982	1	0	0	0	1610436802.5949483	3648623.14756912	0.1337570383408888	-1.5904959701960641	194
half_step_2	5.211192852919448	0.04999999999999982	2	0	0	0	1610436802.5949483	3118227.6153401737	0.1517980548626383	-1.5589566583135275	186
full_step	5.261192852919447	0.09999999999999964	3	5	3	1.6666666666666667	1610436802.5949483	5208446.987286183	0.16116054746078134	-1.5952658676311362	190
half_step_1	5.261192852919447	0.04999999999999982	2	0	0	0	1610436802.5949483	3326426.624154398	0.16116054746078134	-1.5952658676311362	190
half_step_2	5.311192852919447	0.04999999999999982	2	0	0	0	1610436802.5949483	3229926.393169394	0.15795424949357084	-1.5902436849981654	185
full_step	5.361192852919447	0.09999999999999964	3	5	3	1.6666666666666667	1610436802.5949483	5239555.233425776	0.15774034591305508	-1.590336371030945	183
half_step_1	5.361192852919447	0.04999999999999982	2	0	0	0	1610436802.5949483	6256829.163160828	0.15774034591305508	-1.590336371030945	183
half_step_2	5.411192852919447	0.04999999999999982	2	0	0	0	1610436802.5949483	3354349.7924865843	0.13492072142571487	-1.599728267215431	183
full_step	5.461192852919447	0.09999999999999964	2	2	2	1	1610436802.5949483	5916822.352543313	0.15955297107069555	-1.5790666936107898	191
half_step_1	5.461192852919447	0.04999999999999982	1	0	0	0	1610436802.5949483	4751741.151020056	0.15955297107069555	-1.5790666936107898	191
half_step_2	5.5111928529194465	0.04999999999999982	2	0	0	0	1610436802.5949483	5485060.556581007	0.16362768594711952	-1.5819096149012821	188
full_step	5.561192852919446	0.09999999999999964	3	5	3	1.6666666666666667	1610436802.5949483	4924501.743002743	0.1574616835979441	-1.6072198749669435	193
half_step_1	5.561192852919446	0.04999999999999982	3	2	2	0.6666666666666666	1610436802.5949483	3025946.899243733	0.1574616835979441	-1.6072198749669435	193
half_step_2	5.611192852919446	0.04999999999999982	3	2	2	0.6666666666666666	1610436802.5949483	3292163.3812062666	0.15657517802463872	-1.5988510106108085	187
full_step	5.661192852919446	0.09999999999999964	3	4	2	1.3333333333333333	1610436802.5949483	5216956.880086266	0.15607054595483305	-1.5955969674095671	192
half_step_1	5.661192852919446	0.04999999999999982	3	2	2	0.6666666666666666	1610436802.5949483	3276882.7500509587	0.15607054595483305	-1.5955969674095671	192
half_step_2	5.711192852919446	0.04999999999999982	2	0	0	0	1610436802.5949483	3262630.1280393316	0.15620945796979413	-1.569100448933743	190
full_step	5.761192852919446	0.09999999999999964	3	5	2	1.6666666666666667	1610436802.5949483	5534782.626454381	0.16097141271995952	-1.577797440947821	181
half_step_1	5.761192852919446	0.04999999999999982	1	0	0	0	1610436802.5949483	4432844.54684463	0.16097141271995952	-1.577797440947821	181
half_step_2	5.811192852919445	0.04999999999999982	2	0	0	0	1610436802.5949483	3234047.5422752	0.16320791292645254	-1.6033836975573055	196
full_step	5.861192852919445	0.09999999999999964	3	2	2	0.6666666666666666	1610436802.5949483	4889159.133928638	0.15994110072784906	-1.5924890136294492	188
half_step_1	5.861192852919445	0.04999999999999982	1	0	0	0	1610436802.5949483	4226468.189859501	0.15994110072784906	-1.5924890136294492	188
half_step_2	5.911192852919445	0.04999999999999982	2	0	0	0	1610436802.5949483	6268330.224140586	0.16404862738630754	-1.5925685361496893	186
full_step	5.961192852919445	0.09999999999999964	3	4	2	1.3333333333333333	1610436802.5949483	5525757.452941019	0.13457225499439573	-1.5874230568848677	181
half_step_1	5.961192852919445	0.04999999999999982	1	0	0	0	1610436802.5949483	3065965.6772601693	0.13457225499439573	-1.5874230568848677	181
half_step_2	6.011192852919445	0.04999999999999982	3	2	2	0.6666666666666666	1610436802.5949483	3260005.5658168644	0.15751142348102576	-1.584244188924683	185
full_step	6.0611928529194445	0.09999999999999964	4	5	3	1.25	1610436802.5949483	5871005.77399341	0.1556334586513799	-1.5743609897571376	191
half_step_1	6.0611928529194445	0.04999999999999982	2	0	0	0	1610436802.5949483	6302191.422828737	0.1556334586513799	-1.5743609897571376	191
half_step_2	6.111192852919444	0.04999999999999982	3	2	2	0.6666666666666666	1610436802.5949483	3715543.551620995	0.13466654189420524	-1.5882248041482818	190
full_step	6.161192852919444	0.09999999999999964	2	3	2	1.5	1610436802.5949483	5160459.280235407	0.15588773813936996	-1.5882160275374346	193
half_step_1	6.161192852919444	0.04999999999999982	2	0	0	0	1610436802.5949483	6304455.841461221	0.15588773813936996	-1.5882160275374346	193
half_step_2	6.211192852919444	0.04999999999999982	1	0	0	0	1610436802.5949483	4206313.927016316	0.1350759144261815	-1.5815507306177692	178
full_step	6.261192852919444	0.09999999999999964	2	2	2	1	1610436802.5949483	5511567.259962571	0.1614861478911962	-1.577490420987421	188
half_step_1	6.261192852919444	0.04999999999999982	1	0	0	0	1610436802.5949483	4853626.790644256	0.1614861478911962	-1.577490420987421	188
half_step_2	6.311192852919444	0.04999999999999982	2	0	0	0	1610436802.5949483	3212320.0586385885	0.1676489986932097	-1.5831670456537956	178
full_step	6.3611928529194435	0.09999999999999964	2	3	3	1.5	1610436802.5949483	5571874.591461634	0.15807193406845954	-1.580063406729493	184
half_step_1	6.3611928529194435	0.04999999999999982	1	0	0	0	1610436802.5949483	4420459.127689022	0.15807193406845954	-1.580063406729493	184
half_step_2	6.411192852919443	0.04999999999999982	2	0	0	0	1610436802.5949483	5494564.660275358	0.15108479564139543	-1.5952132983891942	187
full_step	6.461192852919443	0.09999999999999964	2	4	3	2	1610436802.5949483	5569427.252092608	0.15740962143746628	-1.5787284051183412	187
half_step_1	6.461192852919443	0.04999999999999982	3	2	2	0.6666666666666666	1610436802.5949483	3644769.4041451192	0.15740962143746628	-1.5787284051183412	187
half_step_2	6.511192852919443	0.04999999999999982	2	0	0	0	1610436802.5949483	3290958.696095841	0.15630216539926778	-1.5921587452364845	196
full_step	6.561192852919443	0.09999999999999964	3	6	3	2	1610436802.5949483	5213852.29916986	0.16140976869479573	-1.594844402381893	193
half_step_1	6.561192852919443	0.04999999999999982	1	0	0	0	1610436802.5949483	4254490.503948393	0.16140976869479573	-1.594844402381893	193
half_step_2	6.611192852919443	0.04999999999999982	2	0	0	0	1610436802.5949483	3137304.757787311	0.164494588312607	-1.5789696408896758	185
full_step	6.661192852919442	0.09999999999999964	3	5	3	1.6666666666666667	1610436802.5949483	4899217.652757856	0.15894410394145098	-1.5989776514903153	178
half_step_1	6.661192852919442	0.04999999999999982	2	0	0	0	1610436802.5949483	5484899.725214969	0.15894410394145098	-1.5989776514903153	178
half_step_2	6.711192852919442	0.04999999999999982	2	0	0	0	1610436802.5949483	3229387.7110337056	0.15785998025467052	-1.585012123830282	187
full_step	6.761192852919442	0.09999999999999964	3	7	3	2.3333333333333335	1610436802.5949483	4902252.051861192	0.15895277101702732	-1.5898435154151016	189
half_step_1	6.761192852919442	0.04999999999999982	2	0	0	0	1610436802.5949483	5484029.118177015	0.15895277101702732	-1.5898435154151016	189
half_step_2	6.811192852919442	0.04999999999999982	2	0	0	0	1610436802.5949483	3351410.8148792246	0.15778788469310712	-1.580976415593134	190
full_step	6.861192852919442	0.09999999999999964	3	5	2	1.6666666666666667	1610436802.5949483	5577485.279860684	0.1588657276927279	-1.588828823279883	190
half_step_1	6.861192852919442	0.04999999999999982	2	0	0	0	1610436802.5949483	5483530.089778465	0.1588657276927279	-1.588828823279883	190
half_step_2	6.9111928529194415	0.04999999999999982	2	0	0	0	1610436802.5949483	3079066.4053634456	0.15775205429400785	-1.592367520187845	182
full_step	6.961192852919441	0.09999999999999964	3	4	2	1.3333333333333333	1610436802.5949483	4892269.72539892	0.15922092924824938	-1.607483724520791	190
half_step_1	6.961192852919441	0.04999999999999982	2	0	0	0	1610436802.5949483	5485347.857950838	0.15922092924824938	-1.607483724520791	190
half_step_2	7.011192852919441	0.04999999999999982	1	0	0	0	1610436802.5949483	5143588.67344951	0.15786636450479818	-1.5738344939807947	189
full_step	7.061192852919441	0.09999999999999964	1	2	2	2	1610436802.5949483	5063589.073770428	0.16804567502197187	-1.5823953726263427	195
half_step_1	7.061192852919441	0.04999999999999982	2	0	0	0	1610436802.5949483	5474346.253321868	0.16804567502197187	-1.5823953726263427	195
half_step_2	7.111192852919441	0.04999999999999982	1	0	0	0	1610436802.5949483	5132259.41334074	0.15746340028232453	-1.5760333009846943	191
full_step	7.161192852919441	0.09999999999999964	2	4	2	2	1610436802.5949483	5067317.027398679	0.1680069019283792	-1.5807082051267207	189
half_step_1	7.161192852919441	0.04999999999999982	1	0	0	0	1610436802.5949483	4461277.003052912	0.1680069019283792	-1.5807082051267207	189
half_step_2	7.2111928529194405	0.04999999999999982	2	0	0	0	1610436802.5949483	3233729.4085493414	0.1643510949700726	-1.5852001855469389	189
full_step	7.26119285291944	0.09999999999999964	2	4	3	2	1610436802.5949483	4901602.9156919755	0.15983479791856325	-1.6020749114322248	188
half_step_1	7.26119285291944	0.04999999999999982	1	0	0	0	1610436802.5949483	3938173.9131883923	0.15983479791856325	-1.6020749114322248	188
half_step_2	7.31119285291944	0.04999999999999982	2	0	0	0	1610436802.5949483	3236480.771689346	0.16412767080055346	-1.5751929894328671	189
full_step	7.36119285291944	0.09999999999999964	2	3	2	1.5	1610436802.5949483	5241483.998083131	0.16075228153533772	-1.6021598739142124	196
half_step_1	7.36119285291944	0.04999999999999982	2	0	0	0	1610436802.5949483	5487610.374897697	0.16075228153533772	-1.6021598739142124	196
half_step_2	7.41119285291944	0.04999999999999982	2	0	0	0	1610436802.5949483	6279047.27354471	0.15805619873094656	-1.579733345376734	180
full_step	7.46119285291944	0.09999999999999964	2	3	2	1.5	1610436802.5949483	5858427.342440052	0.13494026737839704	-1.5980291282192425	197
half_step_1	7.46119285291944	0.04999999999999982	1	0	0	0	1610436802.5949483	4002680.32661561	0.13494026737839704	-1.5980291282192425	197
half_step_2	7.511192852919439	0.04999999999999982	2	0	0	0	1610436802.5949483	3171789.9263355196	0.16275305093961379	-1.574309970088563	187
full_step	7.561192852919439	0.09999999999999964	3	6	3	2	1610436802.5949483	5548307.223730107	0.1613998458082051	-1.5829133392548327	186
half_step_1	7.561192852919439	0.04999999999999982	2	0	0	0	1610436802.5949483	5489253.238719634	0.1613998458082051	-1.5829133392548327	186
half_step_2	7.611192852919439	0.04999999999999982	1	0	0	0	1610436802.5949483	4554383.584077099	0.15778267950850022	-1.5990661497815983	190
full_step	7.661192852919439	0.09999999999999964	3	5	2	1.6666666666666667	1610436802.5949483	5384416.10647392	0.16684853560775537	-1.5692934916527248	182
half_step_1	7.661192852919439	0.04999999999999982	1	0	0	0	1610436802.5949483	4430893.548971292	0.16684853560775537	-1.5692934916527248	182
half_step_2	7.711192852919439	0.04999999999999982	2	0	0	0	1610436802.5949483	3055692.401435852	0.1632535447591863	-1.5849614996869956	177
full_step	7.7611928529194385	0.09999999999999964	3	4	2	1.3333333333333333	1610436802.5949483	5227411.523010959	0.1587023814425379	-1.5932298666484308	186
half_step_1	7.7611928529194385	0.04999999999999982	2	0	0	0	1610436802.5949483	5485114.698987272	0.1587023814425379	-1.5932298666484308	186
half_step_2	7.811192852919438	0.04999999999999982	1	0	0	0	1610436802.5949483	4542900.693888544	0.15783790128409692	-1.5890939335588483	187
full_step	7.861192852919438	0.09999999999999964	3	3	3	1	1610436802.5949483	5403803.515032771	0.1694609684572015	-1.5745111624878292	185
half_step_1	7.861192852919438	0.04999999999999982	2	0	0	0	1610436802.5949483	5474367.443623955	0.1694609684572015	-1.5745111624878292	185
half_step_2	7.911192852919438	0.04999999999999982	1	0	0	0	1610436802.5949483	4751135.522118635	0.15777005746463146	-1.5729295396609277	181
full_step	7.961192852919438	0.1	1	2	2	2	1610436802.5949483	4417853.691499437	0.16836818278017063	-1.590037962266762	187
half_step_1	7.961192852919438	0.05	1	0	0	0	1610436802.5949483	4426532.823012543	0.16836818278017063	-1.590037962266762	187
half_step_2	8.011192852919438	0.05	1	0	0	0	1610436802.5949483	4056041.8096533	0.16605162579662647	-1.598377484915733	183
full_step	8.061192852919438	0.09999999999999964	3	6	3	2	1610436802.5949483	4722459.363335141	0.16710905341290072	-1.5931773592951637	174
half_step_1	8.061192852919438	0.04999999999999982	2	0	0	0	1610436802.5949483	5468188.352965248	0.16710905341290072	-1.5931773592951637	174
half_step_2	8.111192852919437	0.04999999999999982	2	0	0	0	1610436802.5949483	3343562.179928045	0.15760250059901182	-1.5861018288244002	185
full_step	8.161192852919438	0.09999999999999964	3	5	3	1.6666666666666667	1610436802.5949483	5237440.8831865685	0.1598333398741829	-1.5993806035253826	192
half_step_1	8.161192852919438	0.04999999999999982	1	0	0	0	1610436802.5949483	4249583.339073069	0.1598333398741829	-1.5993806035253826	192
half_step_2	8.211192852919439	0.04999999999999982	2	0	0	0	1610436802.5949483	3664042.2142776223	0.1637076516787488	-1.5778704633452156	198
full_step	8.261192852919438	0.09999999999999964	3	5	3	1.6666666666666667	1610436802.5949483	5539851.3411118705	0.15908198027057097	-1.592839343667879	196
half_step_1	8.261192852919438	0.04999999999999982	1	0	0	0	1610436802.5949483	4533796.676129507	0.15908198027057097	-1.592839343667879	196
half_step_2	8.311192852919437	0.04999999999999982	2	0	0	0	1610436802.5949483	5483607.305010609	0.16331095012503738	-1.5732880652323677	182
full_step	8.361192852919437	0.09999999999999964	3	2	2	0.6666666666666666	1610436802.5949483	5559438.070470685	0.1576450480921494	-1.569464205379584	188
half_step_1	8.361192852919437	0.04999999999999982	3	2	2	0.6666666666666666	1610436802.5949483	3653657.3804052165	0.1576450480921494	-1.569464205379584	188
half_step_2	8.411192852919438	0.04999999999999982	3	2	2	0.6666666666666666	1610436802.5949483	3593826.6307648416	0.15641405853466495	-1.5799210527990513	196
full_step	8.461192852919437	0.09999999999999964	3	3	3	1	1610436802.5949483	5818852.705816078	0.1554244221023282	-1.5619597411548545	187
half_step_1	8.461192852919437	0.04999999999999982	1	0	0	0	1610436802.5949483	4884182.974876048	0.1554244221023282	-1.5619597411548545	187
half_step_2	8.511192852919436	0.04999999999999982	1	0	0	0	1610436802.5949483	5070148.147721173	0.16315598072907278	-1.5731696192957454	186
full_step	8.561192852919437	0.09999999999999964	3	6	3	2	1610436802.5949483	5383775.966930675	0.1658070202021804	-1.5814042580965562	189
half_step_1	8.561192852919437	0.04999999999999982	2	0	0	0	1610436802.5949483	5472755.7292859005	0.1658070202021804	-1.5814042580965562	189
half_step_2	8.611192852919437	0.04999999999999982	1	0	0	0	1610436802.5949483	4460197.088039855	0.15722932122679367	-1.5912891373730604	188
full_step	8.661192852919436	0.09999999999999964	2	4	3	2	1610436802.5949483	5089758.062301874	0.1668136819268966	-1.5867951759693792	188
half_step_1	8.661192852919436	0.04999999999999982	1	0	0	0	1610436802.5949483	4472739.79264305	0.1668136819268966	-1.5867951759693792	188
half_step_2	8.711192852919435	0.04999999999999982	2	0	0	0	1610436802.5949483	3109564.8831129787	0.168822006436244	-1.5727217267036555	186
full_step	8.761192852919436	0.09999999999999964	2	3	3	1.5	1610436802.5949483	5242564.66449703	0.15819104178530097	-1.599036143397396	188
half_step_1	8.761192852919436	0.04999999999999982	1	0	0	0	1610436802.5949483	4241649.270632434	0.15819104178530097	-1.599036143397396	188
half_step_2	8.811192852919437	0.04999999999999982	2	0	0	0	1610436802.5949483	3224417.6726986202	0.16378030385578768	-1.5828012574661579	180
full_step	8.861192852919435	0.09999999999999964	2	3	2	1.5	1610436802.5949483	5881807.565647936	0.16005262042295954	-1.5643830020235836	189
half_step_1	8.861192852919435	0.04999999999999982	2	0	0	0	1610436802.5949483	5485564.593425894	0.16005262042295954	-1.5643830020235836	189
half_step_2	8.911192852919434	0.04999999999999982	1	0	0	0	1610436802.5949483	4528983.454799536	0.15797142749119075	-1.5949287016055191	187
full_step	8.961192852919435	0.09999999999999964	3	2	2	0.6666666666666666	1610436802.5949483	4747010.532761103	0.16942661779376067	-1.594504241059433	187
half_step_1	8.961192852919435	0.04999999999999982	2	0	0	0	1610436802.5949483	5474283.007986545	0.16942661779376067	-1.594504241059433	187
half_step_2	9.011192852919436	0.04999999999999982	2	0	0	0	1610436802.5949483	3354460.446514256	0.15775690739337733	-1.5788441237277078	189
full_step	9.061192852919435	0.09999999999999964	3	6	3	2	1610436802.5949483	5200209.40053017	0.15959070802949782	-1.5762911246533613	187
half_step_1	9.061192852919435	0.04999999999999982	2	0	0	0	1610436802.5949483	6263566.363131625	0.15959070802949782	-1.5762911246533613	187
half_step_2	9.111192852919434	0.04999999999999982	1	0	0	0	1610436802.5949483	4170702.689598731	0.13471632568240466	-1.6046064365924366	193
full_step	9.161192852919434	0.09999999999999964	1	2	2	2	1610436802.5949483	4516586.833705668	0.1628750684061515	-1.591869760995417	187
half_step_1	9.161192852919434	0.04999999999999982	1	0	0	0	1610436802.5949483	4120352.7768655843	0.1628750684061515	-1.591869760995417	187
half_step_2	9.211192852919435	0.04999999999999982	1	0	0	0	1610436802.5949483	4257594.820532369	0.14925834290187368	-1.6014624765451384	192
full_step	9.261192852919434	0.09999999999999964	2	3	2	1.5	1610436802.5949483	5510668.703237903	0.16310091162347362	-1.5811010565520773	190
half_step_1	9.261192852919434	0.04999999999999982	2	0	0	0	1610436802.5949483	5489113.1198674515	0.16310091162347362	-1.5811010565520773	190
half_step_2	9.311192852919433	0.04999999999999982	3	2	2	0.6666666666666666	1610436802.5949483	3331641.6519719358	0.15796210792274223	-1.5906899856655297	185
full_step	9.361192852919434	0.09999999999999964	3	4	2	1.3333333333333333	1610436802.5949483	4902387.9965038365	0.1572035897211208	-1.5986537877458946	183
half_step_1	9.361192852919434	0.04999999999999982	3	2	2	0.6666666666666666	1610436802.5949483	2997667.206640141	0.1572035897211208	-1.5986537877458946	183
half_step_2	9.411192852919434	0.04999999999999982	3	2	2	0.6666666666666666	1610436802.5949483	3538413.2413694193	0.1560883147108143	-1.5900410129597435	183
full_step	9.461192852919433	0.09999999999999964	3	3	3	1	1610436802.5949483	5500159.473553263	0.1554255671375131	-1.567986305993614	186
half_step_1	9.461192852919433	0.04999999999999982	4	2	2	0.5	1610436802.5949483	3260053.8469998986	0.1554255671375131	-1.567986305993614	186
half_step_2	9.511192852919432	0.04999999999999982	4	2	2	0.5	1610436802.5949483	3001951.289501289	0.1555635432677036	-1.5680804936843147	178
full_step	9.561192852919433	0.09999999999999964	2	3	2	1.5	1610436802.5949483	5562699.57891327	0.15614793144459327	-1.584381076850321	187
half_step_1	9.561192852919433	0.04999999999999982	3	2	2	0.6666666666666666	1610436802.5949483	3620799.3910641875	0.15614793144459327	-1.584381076850321	187
half_step_2	9.611192852919434	0.04999999999999982	2	0	0	0	1610436802.5949483	3316518.925594516	0.15652822829406432	-1.5875210469440515	190
full_step	9.661192852919433	0.09999999999999964	3	6	3	2	1610436802.5949483	4868701.887551972	0.16100163221869934	-1.5851201219104298	187
half_step_1	9.661192852919433	0.04999999999999982	2	0	0	0	1610436802.5949483	5490129.045925448	0.16100163221869934	-1.5851201219104298	187
half_step_2	9.711192852919432	0.04999999999999982	2	0	0	0	1610436802.5949483	3076986.0700214594	0.15775967471398644	-1.5928312763437582	187
full_step	9.761192852919432	0.09999999999999964	3	5	3	1.6666666666666667	1610436802.5949483	4895708.326341664	0.15878995486934855	-1.5889003779660582	186
half_step_1	9.761192852919432	0.04999999999999982	2	0	0	0	1610436802.5949483	5484008.154429567	0.15878995486934855	-1.5889003779660582	186
half_step_2	9.811192852919433	0.04999999999999982	2	0	0	0	1610436802.5949483	3354462.002345097	0.15793299257904891	-1.5618462294302882	180
full_step	9.861192852919432	0.09999999999999964	3	5	3	1.6666666666666667	1610436802.5949483	4900577.842304424	0.15984778976337566	-1.580425742100243	180
half_step_1	9.861192852919432	0.04999999999999982	1	0	0	0	1610436802.5949483	4240581.251462116	0.15984778976337566	-1.580425742100243	180
half_step_2	9.91119285291943	0.04999999999999982	2	0	0	0	1610436802.5949483	3228073.167448153	0.1637564448741955	-1.5752419998252627	193
full_step	9.961192852919432	0.03880714708056843	1	0	0	0	1610436802.5949483	6264752.486207608	0.15867761518558154	-1.586139966783765	193
half_step_1	9.961192852919432	0.019403573540284214	2	0	0	0	1610436802.5949483	5668847.190979386	0.15867761518558154	-1.586139966783765	193
half_step_2	9.980596426459716	0.019403573540284214	2	4	3	2	1610436802.5949483	4256176.1255651545	0.03314831087448056	-1.5997375939635876	187
