sim_time,wall_time
0.0,4898771.330264326
0.001,4898771.347998095
0.006,4898771.358936156
0.016,4898771.372101757
0.026000000000000002,4898771.403855323
0.036000000000000004,4898771.418253917
0.041,4898771.437022738
0.04225,4898771.458279035
0.0485,4898771.488935998
0.0585,4898771.504619911
0.0635,4898771.526963669
0.066,4898771.549321445
0.06725,4898771.572807653
0.06803125,4898771.597514624
0.0690078125,4898771.634592234
0.073890625,4898771.665789749
0.083890625,4898771.692608543
0.09389062499999999,4898771.713823297
0.10389062499999999,4898771.735499933
0.11389062499999998,4898771.756386883
0.12389062499999998,4898771.776605405
0.13389062499999999,4898771.798082556
0.143890625,4898771.818559111
0.148890625,4898771.847557362
0.150140625,4898771.87949994
0.156390625,4898771.920307974
0.16639062500000001,4898771.950262507
0.17639062500000002,4898771.974471777
0.18639062500000003,4898771.997618043
0.19639062500000004,4898772.013373812
0.20639062500000005,4898772.029515885
0.21639062500000006,4898772.047342942
0.22639062500000007,4898772.063636289
0.23639062500000008,4898772.079173541
0.24639062500000009,4898772.097806917
0.2563906250000001,4898772.117085184
0.2663906250000001,4898772.137887136
0.2763906250000001,4898772.154610492
0.2863906250000001,4898772.172575705
0.29639062500000013,4898772.192209424
0.30639062500000014,4898772.209429448
0.31639062500000015,4898772.22672899
0.32639062500000016,4898772.243993903
0.33639062500000017,4898772.27308839
0.3463906250000002,4898772.292436064
0.3563906250000002,4898772.307985278
0.3663906250000002,4898772.323294699
0.3763906250000002,4898772.338295693
0.3863906250000002,4898772.35382909
0.3913906250000002,4898772.372231443
0.4013906250000002,4898772.397835888
0.41139062500000023,4898772.416776301
0.42139062500000024,4898772.433046424
0.43139062500000025,4898772.451489406
0.44139062500000026,4898772.471577851
0.45139062500000027,4898772.490056123
0.4613906250000003,4898772.510529638
0.4713906250000003,4898772.529779904
0.4813906250000003,4898772.546436946
0.4913906250000003,4898772.562869058
0.5013906250000003,4898772.578808057
0.5113906250000003,4898772.595291238
0.5213906250000003,4898772.61314099
0.5313906250000003,4898772.631197458
0.5413906250000003,4898772.647913558
0.5513906250000004,4898772.664456976
0.5613906250000004,4898772.68011296
0.5713906250000004,4898772.695898385
0.5813906250000004,4898772.711286264
0.5913906250000004,4898772.727027871
0.6013906250000004,4898772.742665173
0.6113906250000004,4898772.757868815
0.6213906250000004,4898772.773291545
0.6313906250000004,4898772.788872514
0.6413906250000004,4898772.804414245
0.6513906250000004,4898772.820315532
0.6613906250000005,4898772.83586501
0.6713906250000005,4898772.853423636
0.6813906250000005,4898772.870188226
0.6913906250000005,4898772.887617046
0.7013906250000005,4898772.903782358
0.7113906250000005,4898772.919861405
0.7213906250000005,4898772.936619074
0.7313906250000005,4898772.953240514
0.7413906250000005,4898772.969500325
0.7513906250000005,4898772.986592104
0.7613906250000005,4898773.004432541
0.7713906250000006,4898773.021253156
0.7813906250000006,4898773.037846643
0.7913906250000006,4898773.054216269
0.8013906250000006,4898773.070355024
0.8113906250000006,4898773.086785843
0.8213906250000006,4898773.103601156
0.8313906250000006,4898773.120878164
0.8413906250000006,4898773.136728586
0.8513906250000006,4898773.15226981
0.8613906250000006,4898773.168133132
0.8713906250000006,4898773.184152895
0.8813906250000006,4898773.1999397
0.8913906250000007,4898773.215506028
0.9013906250000007,4898773.231236221
0.9113906250000007,4898773.246743993
0.9213906250000007,4898773.26226712
0.9313906250000007,4898773.278908817
0.9413906250000007,4898773.295296458
0.9513906250000007,4898773.310823006
0.9613906250000007,4898773.326439512
0.9713906250000007,4898773.341898644
0.9813906250000007,4898773.357205819
0.9913906250000007,4898773.37282419
1.0013906250000006,4898773.388435478
1.0113906250000007,4898773.403754103
1.0213906250000007,4898773.419530588
1.0313906250000007,4898773.435149429
1.0413906250000007,4898773.450689509
1.0513906250000007,4898773.466461871
1.0613906250000007,4898773.482272766
1.0713906250000007,4898773.499036194
1.0813906250000007,4898773.514901882
1.0913906250000007,4898773.531179716
1.1013906250000007,4898773.546873789
1.1113906250000007,4898773.563488894
1.1213906250000008,4898773.579574806
1.1313906250000008,4898773.595178159
1.1413906250000008,4898773.610861875
1.1513906250000008,4898773.626779188
1.1613906250000008,4898773.642490286
1.1713906250000008,4898773.657912832
1.1813906250000008,4898773.674339672
1.1913906250000008,4898773.688655493
1.2013906250000008,4898773.703167461
1.2113906250000008,4898773.717167208
1.2213906250000008,4898773.731417557
1.2313906250000008,4898773.745316601
1.2413906250000009,4898773.758987132
1.2513906250000009,4898773.772701661
1.2613906250000009,4898773.786371137
1.2713906250000009,4898773.800012752
1.281390625000001,4898773.81370084
1.291390625000001,4898773.827530755
1.301390625000001,4898773.84238208
1.311390625000001,4898773.856958292
1.321390625000001,4898773.870632793
1.331390625000001,4898773.884449733
1.341390625000001,4898773.898901166
1.351390625000001,4898773.913312081
1.361390625000001,4898773.927711512
1.371390625000001,4898773.941956832
1.381390625000001,4898773.956205619
1.391390625000001,4898773.970274501
1.401390625000001,4898773.985024339
1.411390625000001,4898774.000263191
1.421390625000001,4898774.015118927
1.431390625000001,4898774.02998641
1.441390625000001,4898774.044648739
1.451390625000001,4898774.059385675
1.461390625000001,4898774.074625237
1.471390625000001,4898774.089989154
1.481390625000001,4898774.106189147
1.491390625000001,4898774.122831244
1.501390625000001,4898774.138513848
1.511390625000001,4898774.153238923
1.521390625000001,4898774.167865858
1.5313906250000011,4898774.184416244
1.5413906250000011,4898774.199811139
1.5513906250000011,4898774.214167818
1.5613906250000011,4898774.228738645
1.5713906250000012,4898774.24380708
1.5813906250000012,4898774.259228257
1.5913906250000012,4898774.273915588
1.6013906250000012,4898774.288404243
1.6113906250000012,4898774.302622694
1.6213906250000012,4898774.317028278
1.6313906250000012,4898774.331681227
1.6413906250000012,4898774.345920384
1.6513906250000012,4898774.360274665
1.6613906250000012,4898774.374681187
1.6713906250000012,4898774.388619441
1.6813906250000012,4898774.402278503
1.6913906250000013,4898774.415977826
1.7013906250000013,4898774.430200782
1.7113906250000013,4898774.444146837
1.7213906250000013,4898774.457612888
1.7313906250000013,4898774.471366765
1.7413906250000013,4898774.485534549
1.7513906250000013,4898774.499578464
1.7613906250000013,4898774.513322432
1.7713906250000013,4898774.527996491
1.7813906250000013,4898774.542563952
1.7913906250000013,4898774.556356994
1.8013906250000014,4898774.570099605
1.8113906250000014,4898774.584905649
1.8213906250000014,4898774.599358018
1.8313906250000014,4898774.613786253
1.8413906250000014,4898774.628374941
1.8513906250000014,4898774.642840895
1.8613906250000014,4898774.657216932
1.8713906250000014,4898774.671449293
1.8813906250000014,4898774.685881085
1.8913906250000014,4898774.700418918
1.9013906250000014,4898774.714180834
1.9113906250000015,4898774.728156554
1.9213906250000015,4898774.742027975
1.9313906250000015,4898774.75565833
1.9413906250000015,4898774.769523261
1.9513906250000015,4898774.78329239
1.9613906250000015,4898774.797244882
1.9713906250000015,4898774.811270393
1.9813906250000015,4898774.82520034
1.9913906250000015,4898774.839900455
2.0013906250000013,4898774.854976038
2.011390625000001,4898774.868745089
2.021390625000001,4898774.882411588
2.0313906250000007,4898774.896105723
2.0413906250000005,4898774.910071486
2.0513906250000002,4898774.92386943
2.061390625,4898774.938310615
2.071390625,4898774.952456269
2.0813906249999996,4898774.966522964
2.0913906249999994,4898774.98110178
2.101390624999999,4898774.99899459
2.111390624999999,4898775.015272218
2.1213906249999988,4898775.030367484
2.1313906249999985,4898775.044774027
2.1413906249999983,4898775.058931014
2.151390624999998,4898775.073025419
2.161390624999998,4898775.087425028
2.1713906249999977,4898775.101895243
2.1813906249999975,4898775.116595266
2.1913906249999973,4898775.13152141
2.201390624999997,4898775.145954073
2.211390624999997,4898775.159631275
2.2213906249999966,4898775.173480316
2.2313906249999964,4898775.187356821
2.241390624999996,4898775.201785469
2.251390624999996,4898775.216645884
2.2613906249999958,4898775.231966295
2.2713906249999956,4898775.246028276
2.2813906249999953,4898775.25954768
2.291390624999995,4898775.274291546
2.301390624999995,4898775.288987711
2.3113906249999947,4898775.303254802
2.3213906249999945,4898775.317747744
2.3313906249999943,4898775.33233149
2.341390624999994,4898775.346744394
2.351390624999994,4898775.36086951
2.3613906249999936,4898775.375097012
2.3713906249999934,4898775.38927579
2.381390624999993,4898775.403478574
2.391390624999993,4898775.417864508
2.401390624999993,4898775.431668971
2.4113906249999926,4898775.445638775
2.4213906249999924,4898775.459108485
2.431390624999992,4898775.472711935
2.441390624999992,4898775.486611146
2.4513906249999917,4898775.500838712
2.4613906249999915,4898775.514355794
2.4713906249999913,4898775.528190027
2.481390624999991,4898775.542008643
2.491390624999991,4898775.556667461
2.5013906249999907,4898775.570841813
2.5113906249999904,4898775.58476829
2.5213906249999902,4898775.598306022
2.53139062499999,4898775.612350946
2.54139062499999,4898775.626430904
2.5513906249999896,4898775.640381198
2.5613906249999894,4898775.654120939
2.571390624999989,4898775.667735625
2.581390624999989,4898775.681412113
2.5913906249999887,4898775.695146614
2.6013906249999885,4898775.708879547
2.6113906249999883,4898775.722739268
2.621390624999988,4898775.736345689
2.631390624999988,4898775.750025086
2.6413906249999877,4898775.764063832
2.6513906249999875,4898775.777985531
2.6613906249999872,4898775.791582554
2.671390624999987,4898775.80516404
2.681390624999987,4898775.818990595
2.6913906249999866,4898775.832916852
2.7013906249999864,4898775.848199256
2.711390624999986,4898775.862090731
2.721390624999986,4898775.875875259
2.7313906249999858,4898775.889624759
2.7413906249999855,4898775.903347978
2.7513906249999853,4898775.91709439
2.761390624999985,4898775.930974648
2.771390624999985,4898775.944894341
2.7813906249999847,4898775.958589045
2.7913906249999845,4898775.972154092
2.8013906249999843,4898775.986198256
2.811390624999984,4898776.000846892
2.821390624999984,4898776.014684737
2.8313906249999836,4898776.028890473
2.8413906249999834,4898776.042942036
2.851390624999983,4898776.057068464
2.861390624999983,4898776.070645589
2.8713906249999828,4898776.084362335
2.8813906249999826,4898776.098244023
2.8913906249999823,4898776.112229166
2.901390624999982,4898776.126567841
2.911390624999982,4898776.140951889
2.9213906249999817,4898776.154991471
2.9313906249999815,4898776.168624326
2.9413906249999813,4898776.183111113
2.951390624999981,4898776.198157983
2.961390624999981,4898776.212115113
2.9713906249999806,4898776.226187292
2.9813906249999804,4898776.240231219
2.99139062499998,4898776.25384967
3.00139062499998,4898776.267626064
3.01139062499998,4898776.281475945
3.0213906249999796,4898776.295467387
3.0313906249999794,4898776.309510348
3.041390624999979,4898776.323476748
3.051390624999979,4898776.337267568
3.0613906249999787,4898776.351016855
3.0713906249999785,4898776.364826432
3.0813906249999783,4898776.378864925
3.091390624999978,4898776.392734871
3.101390624999978,4898776.40624845
3.1113906249999776,4898776.420075505
3.1213906249999774,4898776.434048856
3.1313906249999772,4898776.447867626
3.141390624999977,4898776.461524132
3.151390624999977,4898776.475292994
3.1613906249999766,4898776.489531241
3.1713906249999764,4898776.503319043
3.181390624999976,4898776.517272253
3.191390624999976,4898776.531335702
3.2013906249999757,4898776.545543893
3.2113906249999755,4898776.559383328
3.2213906249999753,4898776.573116515
3.231390624999975,4898776.587186927
3.241390624999975,4898776.600880775
3.2513906249999747,4898776.615040054
3.2613906249999745,4898776.629102614
3.2713906249999742,4898776.643051028
3.281390624999974,4898776.656800755
3.291390624999974,4898776.670716358
3.3013906249999736,4898776.684412092
3.3113906249999734,4898776.699111242
3.321390624999973,4898776.714396387
3.331390624999973,4898776.728513069
3.3413906249999727,4898776.742497423
3.3513906249999725,4898776.756784338
3.3613906249999723,4898776.770429567
3.371390624999972,4898776.784098197
3.381390624999972,4898776.797798333
3.3913906249999717,4898776.811748194
3.4013906249999715,4898776.825807597
3.4113906249999713,4898776.84024961
3.421390624999971,4898776.85555732
3.431390624999971,4898776.869394058
3.4413906249999706,4898776.883354069
3.4513906249999704,4898776.897097906
3.46139062499997,4898776.910824249
3.47139062499997,4898776.924733171
3.4813906249999698,4898776.938392094
3.4913906249999695,4898776.952124895
3.5013906249999693,4898776.965878087
3.511390624999969,4898776.979825236
3.521390624999969,4898776.994327424
3.5313906249999687,4898777.009145556
3.5413906249999685,4898777.024415783
3.5513906249999683,4898777.03954995
3.561390624999968,4898777.05357237
3.571390624999968,4898777.069687544
3.5813906249999676,4898777.085275283
3.5913906249999674,4898777.099613673
3.601390624999967,4898777.11411712
3.611390624999967,4898777.128445908
3.621390624999967,4898777.142478154
3.6313906249999666,4898777.156568472
3.6413906249999664,4898777.17073414
3.651390624999966,4898777.18483138
3.661390624999966,4898777.198942602
3.6713906249999657,4898777.212940261
3.6813906249999655,4898777.228352914
3.6913906249999653,4898777.243587461
3.701390624999965,4898777.257829127
3.711390624999965,4898777.271622592
3.7213906249999646,4898777.285298271
3.7313906249999644,4898777.299022963
3.741390624999964,4898777.312779675
3.751390624999964,4898777.326763629
3.761390624999964,4898777.341345406
3.7713906249999636,4898777.35519393
3.7813906249999634,4898777.368901827
3.791390624999963,4898777.382570246
3.801390624999963,4898777.396312513
3.8113906249999627,4898777.409946933
3.8213906249999625,4898777.423869405
3.8313906249999623,4898777.437932816
3.841390624999962,4898777.451747124
3.851390624999962,4898777.465886198
3.8613906249999617,4898777.480787176
3.8713906249999614,4898777.494703354
3.8813906249999612,4898777.508509603
3.891390624999961,4898777.522387738
3.901390624999961,4898777.536871235
3.9113906249999606,4898777.551182046
3.9213906249999604,4898777.565681271
3.93139062499996,4898777.580129728
3.94139062499996,4898777.593867842
3.9513906249999597,4898777.607773765
3.9613906249999595,4898777.621996015
3.9713906249999593,4898777.635884638
3.981390624999959,4898777.649831735
3.991390624999959,4898777.663595652
4.001390624999959,4898777.67734909
4.011390624999959,4898777.69098079
4.021390624999959,4898777.704626518
4.0313906249999585,4898777.71855382
4.041390624999958,4898777.732246631
4.051390624999958,4898777.74620244
4.061390624999958,4898777.759936269
4.071390624999958,4898777.773511486
4.081390624999957,4898777.787296982
4.091390624999957,4898777.800962876
4.101390624999957,4898777.814980319
4.111390624999957,4898777.828867275
4.121390624999957,4898777.844043492
4.131390624999956,4898777.858912006
4.141390624999956,4898777.872642127
4.151390624999956,4898777.886302822
4.161390624999956,4898777.899969476
4.1713906249999555,4898777.9140753
4.181390624999955,4898777.928173093
4.191390624999955,4898777.942041354
4.201390624999955,4898777.955846765
4.211390624999955,4898777.969574787
4.221390624999954,4898777.983262248
4.231390624999954,4898777.99785346
4.241390624999954,4898778.011955719
4.251390624999954,4898778.025880952
4.261390624999954,4898778.039874954
4.271390624999953,4898778.053632538
4.281390624999953,4898778.067877859
4.291390624999953,4898778.081634288
4.301390624999953,4898778.095502328
4.3113906249999525,4898778.109809898
4.321390624999952,4898778.124319878
4.331390624999952,4898778.138220863
4.341390624999952,4898778.152231484
4.351390624999952,4898778.166189294
4.3613906249999514,4898778.180328058
4.371390624999951,4898778.195317884
4.381390624999951,4898778.209488895
4.391390624999951,4898778.223452014
4.401390624999951,4898778.237400969
4.41139062499995,4898778.251341534
4.42139062499995,4898778.264916331
4.43139062499995,4898778.278964086
4.44139062499995,4898778.293254504
4.4513906249999495,4898778.307339382
4.461390624999949,4898778.3211573
4.471390624999949,4898778.335121823
4.481390624999949,4898778.348945177
4.491390624999949,4898778.362683954
4.5013906249999485,4898778.376334755
4.511390624999948,4898778.390344139
4.521390624999948,4898778.404091077
4.531390624999948,4898778.41783892
4.541390624999948,4898778.431685971
4.551390624999947,4898778.445687208
4.561390624999947,4898778.459735307
4.571390624999947,4898778.474167829
4.581390624999947,4898778.489250227
4.5913906249999465,4898778.503437499
4.601390624999946,4898778.517082571
4.611390624999946,4898778.53099322
4.621390624999946,4898778.545022457
4.631390624999946,4898778.558838106
4.6413906249999455,4898778.572534163
4.651390624999945,4898778.587019825
4.661390624999945,4898778.601454162
4.671390624999945,4898778.616215826
4.681390624999945,4898778.63075463
4.691390624999944,4898778.645742621
4.701390624999944,4898778.660299872
4.711390624999944,4898778.674477313
4.721390624999944,4898778.688946811
4.731390624999944,4898778.703155196
4.741390624999943,4898778.717583829
4.751390624999943,4898778.732332342
4.761390624999943,4898778.747052333
4.771390624999943,4898778.761318903
4.7813906249999425,4898778.775393764
4.791390624999942,4898778.789621539
4.801390624999942,4898778.80395274
4.811390624999942,4898778.818429241
4.821390624999942,4898778.832177199
4.831390624999941,4898778.847294244
4.841390624999941,4898778.861558724
4.851390624999941,4898778.875235058
4.861390624999941,4898778.888954394
4.871390624999941,4898778.902759399
4.88139062499994,4898778.916524927
4.89139062499994,4898778.930469827
4.90139062499994,4898778.94434766
4.91139062499994,4898778.958199397
4.9213906249999395,4898778.971872939
4.931390624999939,4898778.985556837
4.941390624999939,4898779.000283492
4.951390624999939,4898779.014774486
4.961390624999939,4898779.02864318
4.9713906249999384,4898779.043303519
4.981390624999938,4898779.057544753
4.991390624999938,4898779.071871631
5.001390624999938,4898779.085892624
5.011390624999938,4898779.099775855
5.021390624999937,4898779.114056925
5.031390624999937,4898779.128486141
5.041390624999937,4898779.142649448
5.051390624999937,4898779.156866262
5.0613906249999365,4898779.17073985
5.071390624999936,4898779.184633601
5.081390624999936,4898779.198637257
5.091390624999936,4898779.212403318
5.101390624999936,4898779.226467572
5.1113906249999355,4898779.240264833
5.121390624999935,4898779.253976184
5.131390624999935,4898779.267613848
5.141390624999935,4898779.281359937
5.151390624999935,4898779.295053116
5.161390624999934,4898779.308838957
5.171390624999934,4898779.322729871
5.181390624999934,4898779.336761226
5.191390624999934,4898779.350549586
5.2013906249999335,4898779.364260408
5.211390624999933,4898779.378139469
5.221390624999933,4898779.391767699
5.231390624999933,4898779.405430889
5.241390624999933,4898779.419096449
5.2513906249999325,4898779.432814755
5.261390624999932,4898779.446630339
5.271390624999932,4898779.460610951
5.281390624999932,4898779.474067633
5.291390624999932,4898779.487732099
5.301390624999931,4898779.501856787
5.311390624999931,4898779.515819173
5.321390624999931,4898779.529826254
5.331390624999931,4898779.5438098
5.341390624999931,4898779.558638485
5.35139062499993,4898779.572868405
5.36139062499993,4898779.586593914
5.37139062499993,4898779.600542419
5.38139062499993,4898779.61478834
5.3913906249999295,4898779.629167806
5.401390624999929,4898779.64303925
5.411390624999929,4898779.656867422
5.421390624999929,4898779.670861168
5.431390624999929,4898779.684408477
5.441390624999928,4898779.69814115
5.451390624999928,4898779.711823088
5.461390624999928,4898779.726050585
5.471390624999928,4898779.740337324
5.481390624999928,4898779.754277318
5.491390624999927,4898779.767893651
5.501390624999927,4898779.78156848
5.511390624999927,4898779.795115711
5.521390624999927,4898779.808841108
5.5313906249999265,4898779.82269157
5.541390624999926,4898779.836610476
5.551390624999926,4898779.852142523
5.561390624999926,4898779.865954714
5.571390624999926,4898779.879781579
5.581390624999925,4898779.893775813
5.591390624999925,4898779.907977302
5.601390624999925,4898779.924716631
5.611390624999925,4898779.940665321
5.621390624999925,4898779.955263745
5.631390624999924,4898779.970294764
5.641390624999924,4898779.984554068
5.651390624999924,4898779.999383557
5.661390624999924,4898780.013684219
5.6713906249999235,4898780.027837754
5.681390624999923,4898780.04170187
5.691390624999923,4898780.055392773
5.701390624999923,4898780.069494626
5.711390624999923,4898780.083847726
5.7213906249999225,4898780.098232524
5.731390624999922,4898780.112633681
5.741390624999922,4898780.12710395
5.751390624999922,4898780.141262201
5.761390624999922,4898780.155330563
5.771390624999921,4898780.169034288
5.781390624999921,4898780.18318742
5.791390624999921,4898780.19994517
5.801390624999921,4898780.214681956
5.8113906249999205,4898780.228826709
5.82139062499992,4898780.242839782
5.83139062499992,4898780.256645959
5.84139062499992,4898780.270465358
5.85139062499992,4898780.284386102
5.8613906249999195,4898780.29831665
5.871390624999919,4898780.31194704
5.881390624999919,4898780.325966244
5.891390624999919,4898780.340492061
5.901390624999919,4898780.354773637
5.911390624999918,4898780.36871123
5.921390624999918,4898780.382602903
5.931390624999918,4898780.396417909
5.941390624999918,4898780.410369601
5.9513906249999176,4898780.4241988
5.961390624999917,4898780.438171452
5.971390624999917,4898780.45209385
5.981390624999917,4898780.465696067
5.991390624999917,4898780.479546171
6.0013906249999165,4898780.493619522
6.011390624999916,4898780.507367494
6.021390624999916,4898780.521013769
6.031390624999916,4898780.534752307
6.041390624999916,4898780.548835577
6.051390624999915,4898780.562628731
6.061390624999915,4898780.576180167
6.071390624999915,4898780.590173559
6.081390624999915,4898780.603924223
6.091390624999915,4898780.61841123
6.101390624999914,4898780.632737897
6.111390624999914,4898780.646895078
6.121390624999914,4898780.660764207
6.131390624999914,4898780.674355935
6.1413906249999135,4898780.687973447
6.151390624999913,4898780.701753107
6.161390624999913,4898780.715569249
6.171390624999913,4898780.72963031
6.181390624999913,4898780.74336778
6.191390624999912,4898780.757884191
6.201390624999912,4898780.772477214
6.211390624999912,4898780.787357472
6.221390624999912,4898780.802027867
6.231390624999912,4898780.816568355
6.241390624999911,4898780.830989724
6.251390624999911,4898780.846770399
6.261390624999911,4898780.862151896
6.271390624999911,4898780.876489849
6.2813906249999105,4898780.890793926
6.29139062499991,4898780.905124419
6.30139062499991,4898780.919469417
6.31139062499991,4898780.933444995
6.32139062499991,4898780.947237942
6.3313906249999095,4898780.960966908
6.341390624999909,4898780.974952223
6.351390624999909,4898780.990115819
6.361390624999909,4898781.005587627
6.371390624999909,4898781.019992304
6.381390624999908,4898781.035143496
6.391390624999908,4898781.050026096
6.401390624999908,4898781.063964165
6.411390624999908,4898781.077798378
6.4213906249999075,4898781.092067727
6.431390624999907,4898781.106075074
6.441390624999907,4898781.120565765
6.451390624999907,4898781.134736468
6.461390624999907,4898781.148831231
6.4713906249999065,4898781.163065426
6.481390624999906,4898781.177142543
6.491390624999906,4898781.19213283
6.501390624999906,4898781.206394843
6.511390624999906,4898781.220538563
6.521390624999905,4898781.234857766
6.531390624999905,4898781.248880796
6.541390624999905,4898781.262974752
6.551390624999905,4898781.276704796
6.5613906249999046,4898781.290800201
6.571390624999904,4898781.304773214
6.581390624999904,4898781.318768031
6.591390624999904,4898781.332727775
6.601390624999904,4898781.346722623
6.6113906249999035,4898781.360565568
6.621390624999903,4898781.37452318
6.631390624999903,4898781.388286555
6.641390624999903,4898781.401907354
6.651390624999903,4898781.415741936
6.661390624999902,4898781.429819271
6.671390624999902,4898781.443571431
6.681390624999902,4898781.457283048
6.691390624999902,4898781.471105377
6.701390624999902,4898781.484998107
6.711390624999901,4898781.498737905
6.721390624999901,4898781.512573165
6.731390624999901,4898781.526374248
6.741390624999901,4898781.540551991
6.7513906249999005,4898781.555045851
6.7613906249999,4898781.569410329
6.7713906249999,4898781.583422117
6.7813906249999,4898781.598437979
6.7913906249999,4898781.612843542
6.801390624999899,4898781.627201717
6.811390624999899,4898781.641917888
6.821390624999899,4898781.656234232
6.831390624999899,4898781.670051271
6.841390624999899,4898781.68432976
6.851390624999898,4898781.698040667
6.861390624999898,4898781.712719982
6.871390624999898,4898781.727460969
6.881390624999898,4898781.741552423
6.8913906249998975,4898781.755433087
6.901390624999897,4898781.769069418
6.911390624999897,4898781.782814574
6.921390624999897,4898781.796551815
6.931390624999897,4898781.810316041
6.9413906249998965,4898781.823910939
6.951390624999896,4898781.838054069
6.961390624999896,4898781.853776821
6.971390624999896,4898781.867689476
6.981390624999896,4898781.881671413
6.991390624999895,4898781.895394145
7.001390624999895,4898781.909279408
7.011390624999895,4898781.923127762
7.021390624999895,4898781.938457674
7.0313906249998945,4898781.953007873
7.041390624999894,4898781.967010166
7.051390624999894,4898781.980782814
7.061390624999894,4898781.995301194
7.071390624999894,4898782.009961581
7.0813906249998935,4898782.023690848
7.091390624999893,4898782.038224505
7.101390624999893,4898782.051986344
7.111390624999893,4898782.0660576
7.121390624999893,4898782.079855263
7.131390624999892,4898782.094011267
7.141390624999892,4898782.108007486
7.151390624999892,4898782.123532766
7.161390624999892,4898782.138214269
7.1713906249998915,4898782.152087287
7.181390624999891,4898782.166103995
7.191390624999891,4898782.179761094
7.201390624999891,4898782.205224145
7.211390624999891,4898782.221566745
7.2213906249998905,4898782.236478368
7.23139062499989,4898782.251048117
7.24139062499989,4898782.265181038
7.25139062499989,4898782.27935787
7.26139062499989,4898782.293367829
7.271390624999889,4898782.307785065
7.281390624999889,4898782.321938232
7.291390624999889,4898782.336629514
7.301390624999889,4898782.350844114
7.311390624999889,4898782.364860577
7.321390624999888,4898782.379238462
7.331390624999888,4898782.393313779
7.341390624999888,4898782.407644747
7.351390624999888,4898782.421801975
7.3613906249998875,4898782.435977274
7.371390624999887,4898782.450695264
7.381390624999887,4898782.464749389
7.391390624999887,4898782.479155139
7.401390624999887,4898782.493298382
7.411390624999886,4898782.507877828
7.421390624999886,4898782.522126322
7.431390624999886,4898782.536333616
7.441390624999886,4898782.550878433
7.451390624999886,4898782.567282544
7.461390624999885,4898782.583776467
7.471390624999885,4898782.599456001
7.481390624999885,4898782.614564958
7.491390624999885,4898782.629064107
7.5013906249998845,4898782.644855159
7.511390624999884,4898782.660148309
7.521390624999884,4898782.675070675
7.531390624999884,4898782.689699051
7.541390624999884,4898782.704762091
7.5513906249998834,4898782.719395541
7.561390624999883,4898782.733895364
7.571390624999883,4898782.748401159
7.581390624999883,4898782.76266226
7.591390624999883,4898782.777703644
7.601390624999882,4898782.792503883
7.611390624999882,4898782.809359458
7.621390624999882,4898782.824561921
7.631390624999882,4898782.839547057
7.6413906249998815,4898782.854105651
7.651390624999881,4898782.868582533
7.661390624999881,4898782.882938574
7.671390624999881,4898782.89749554
7.681390624999881,4898782.912541819
7.6913906249998805,4898782.927161329
7.70139062499988,4898782.942232226
7.71139062499988,4898782.956822215
7.72139062499988,4898782.97157248
7.73139062499988,4898782.98736283
7.741390624999879,4898783.004995581
7.751390624999879,4898783.020745202
7.761390624999879,4898783.036621692
7.771390624999879,4898783.052514845
7.7813906249998785,4898783.068073169
7.791390624999878,4898783.08582175
7.801390624999878,4898783.106600206
7.811390624999878,4898783.12344208
7.821390624999878,4898783.139561614
7.8313906249998775,4898783.155750492
7.841390624999877,4898783.171625342
7.851390624999877,4898783.188120718
7.861390624999877,4898783.204437862
7.871390624999877,4898783.220844605
7.881390624999876,4898783.237034328
7.891390624999876,4898783.253512344
7.901390624999876,4898783.269841569
7.911390624999876,4898783.288521293
7.921390624999876,4898783.306940391
7.931390624999875,4898783.323660448
7.941390624999875,4898783.340735272
7.951390624999875,4898783.357474345
7.961390624999875,4898783.374331336
7.9713906249998745,4898783.390800043
7.981390624999874,4898783.407537293
7.991390624999874,4898783.424633632
8.001390624999875,4898783.443295345
8.011390624999875,4898783.459957681
8.021390624999874,4898783.476256913
8.031390624999874,4898783.492528115
8.041390624999874,4898783.509678393
8.051390624999874,4898783.52627553
8.061390624999873,4898783.544067615
8.071390624999873,4898783.562486657
8.081390624999873,4898783.580871897
8.091390624999873,4898783.597344048
8.101390624999873,4898783.614437376
8.111390624999872,4898783.631176256
8.121390624999872,4898783.647316048
8.131390624999872,4898783.662865648
8.141390624999872,4898783.678587889
8.151390624999872,4898783.694257638
8.161390624999871,4898783.711338453
8.171390624999871,4898783.729746222
8.181390624999871,4898783.747395465
8.19139062499987,4898783.764597117
8.20139062499987,4898783.782331174
8.21139062499987,4898783.800625971
8.22139062499987,4898783.819882816
8.23139062499987,4898783.839448759
8.24139062499987,4898783.858495477
8.25139062499987,4898783.876409101
8.26139062499987,4898783.895289338
8.271390624999869,4898783.914031486
8.281390624999869,4898783.93455244
8.291390624999869,4898783.955132243
8.301390624999868,4898783.97543786
8.311390624999868,4898783.994648742
8.321390624999868,4898784.01518643
8.331390624999868,4898784.044276593
8.341390624999867,4898784.06500607
8.351390624999867,4898784.086289512
8.361390624999867,4898784.108695912
8.371390624999867,4898784.130623532
8.381390624999867,4898784.153969355
8.391390624999866,4898784.173775132
8.401390624999866,4898784.194323876
8.411390624999866,4898784.215141644
8.421390624999866,4898784.234883625
8.431390624999866,4898784.254952007
8.441390624999865,4898784.274926953
8.451390624999865,4898784.295197237
8.461390624999865,4898784.31517189
8.471390624999865,4898784.33584717
8.481390624999865,4898784.357725537
8.491390624999864,4898784.384874084
8.501390624999864,4898784.408950297
8.511390624999864,4898784.429123005
8.521390624999864,4898784.449373369
8.531390624999863,4898784.468778818
8.541390624999863,4898784.488827412
8.551390624999863,4898784.509940285
8.561390624999863,4898784.530656776
8.571390624999863,4898784.552042788
8.581390624999862,4898784.571537984
8.591390624999862,4898784.59097165
8.601390624999862,4898784.610743737
8.611390624999862,4898784.630218746
8.621390624999862,4898784.65202368
8.631390624999861,4898784.673538494
8.641390624999861,4898784.69665824
8.651390624999861,4898784.720858028
8.66139062499986,4898784.743050928
8.67139062499986,4898784.770254992
8.68139062499986,4898784.792510354
8.69139062499986,4898784.816375125
8.70139062499986,4898784.836432002
8.71139062499986,4898784.856549618
8.72139062499986,4898784.877478868
8.73139062499986,4898784.899850011
8.741390624999859,4898784.921801704
8.751390624999859,4898784.943932483
8.761390624999859,4898784.96332543
8.771390624999858,4898784.983033128
8.781390624999858,4898785.002932765
8.791390624999858,4898785.022359215
8.801390624999858,4898785.042469208
8.811390624999857,4898785.063262585
8.821390624999857,4898785.081093399
8.831390624999857,4898785.099203181
8.841390624999857,4898785.117152268
8.851390624999857,4898785.134954923
8.861390624999856,4898785.152267223
8.871390624999856,4898785.170644613
8.881390624999856,4898785.187777562
8.891390624999856,4898785.206271476
8.901390624999856,4898785.224205258
8.911390624999855,4898785.242176354
8.921390624999855,4898785.260038116
8.931390624999855,4898785.28031568
8.941390624999855,4898785.301362632
8.951390624999854,4898785.321706618
8.961390624999854,4898785.34265699
8.971390624999854,4898785.364143368
8.981390624999854,4898785.385085981
8.991390624999854,4898785.40542043
9.001390624999853,4898785.42681822
9.011390624999853,4898785.447380257
9.021390624999853,4898785.466413196
9.031390624999853,4898785.487441885
9.041390624999853,4898785.508807437
9.051390624999852,4898785.531449722
9.061390624999852,4898785.557539489
9.071390624999852,4898785.581089753
9.081390624999852,4898785.611627719
9.091390624999852,4898785.64562739
9.101390624999851,4898785.675849031
9.111390624999851,4898785.707953489
9.12139062499985,4898785.728713811
9.13139062499985,4898785.747294743
9.14139062499985,4898785.766939319
9.15139062499985,4898785.786007556
9.16139062499985,4898785.807175794
9.17139062499985,4898785.827702017
9.18139062499985,4898785.847186473
9.19139062499985,4898785.86728323
9.20139062499985,4898785.887562901
9.211390624999849,4898785.90974867
9.221390624999849,4898785.93127849
9.231390624999849,4898785.951334112
9.241390624999848,4898785.96792387
9.251390624999848,4898785.984349976
9.261390624999848,4898786.000429371
9.271390624999848,4898786.016830155
9.281390624999847,4898786.032925007
9.291390624999847,4898786.049577775
9.301390624999847,4898786.066006543
9.311390624999847,4898786.082561737
9.321390624999847,4898786.100593114
9.331390624999846,4898786.117160146
9.341390624999846,4898786.133747192
9.351390624999846,4898786.150560253
9.361390624999846,4898786.16714783
9.371390624999846,4898786.183410498
9.381390624999845,4898786.201474515
9.391390624999845,4898786.221885367
9.401390624999845,4898786.238013455
9.411390624999845,4898786.253728736
9.421390624999844,4898786.269454572
9.431390624999844,4898786.284989098
9.441390624999844,4898786.300704556
9.451390624999844,4898786.316571094
9.461390624999844,4898786.331804722
9.471390624999843,4898786.347609556
9.481390624999843,4898786.362963528
9.491390624999843,4898786.378312325
9.501390624999843,4898786.394212017
9.511390624999843,4898786.409817524
9.521390624999842,4898786.425368305
9.531390624999842,4898786.440857449
9.541390624999842,4898786.456517094
9.551390624999842,4898786.471885025
9.561390624999841,4898786.487006489
9.571390624999841,4898786.502157162
9.581390624999841,4898786.517621642
9.59139062499984,4898786.532876423
9.60139062499984,4898786.548044814
9.61139062499984,4898786.562897926
9.62139062499984,4898786.57764864
9.63139062499984,4898786.59228807
9.64139062499984,4898786.607066428
9.65139062499984,4898786.621866571
9.66139062499984,4898786.636573185
9.67139062499984,4898786.65147662
9.681390624999839,4898786.666166372
9.691390624999839,4898786.681393235
9.701390624999839,4898786.696369227
9.711390624999838,4898786.712709438
9.721390624999838,4898786.727666408
9.731390624999838,4898786.742969895
9.741390624999838,4898786.757908918
9.751390624999837,4898786.772540046
9.761390624999837,4898786.787647555
9.771390624999837,4898786.803203167
9.781390624999837,4898786.819068867
9.791390624999837,4898786.834018691
9.801390624999836,4898786.849066919
9.811390624999836,4898786.864087087
9.821390624999836,4898786.878746339
9.831390624999836,4898786.893409604
9.841390624999836,4898786.908331021
9.851390624999835,4898786.923203436
9.861390624999835,4898786.938014152
9.871390624999835,4898786.952734073
9.881390624999835,4898786.967146079
9.891390624999834,4898786.981587103
9.901390624999834,4898786.995980071
9.911390624999834,4898787.010812926
9.921390624999834,4898787.025905491
9.931390624999834,4898787.041196259
9.941390624999833,4898787.05661396
9.951390624999833,4898787.071657549
9.961390624999833,4898787.085998643
9.971390624999833,4898787.100330991
9.981390624999833,4898787.115115631
9.991390624999832,4898787.129705991
10.001390624999832,4898787.144286909
10.011390624999832,4898787.159628604
10.021390624999832,4898787.174791338
10.031390624999831,4898787.189806007
10.041390624999831,4898787.2055276
10.051390624999831,4898787.221360976
10.06139062499983,4898787.236690775
10.07139062499983,4898787.252171005
10.08139062499983,4898787.267264627
10.09139062499983,4898787.282187592
10.10139062499983,4898787.298102097
10.11139062499983,4898787.31371074
10.12139062499983,4898787.328886452
10.13139062499983,4898787.344722778
10.14139062499983,4898787.360009109
10.151390624999829,4898787.375013824
10.161390624999829,4898787.389958559
10.171390624999828,4898787.404981226
10.181390624999828,4898787.420211697
10.191390624999828,4898787.435060554
10.201390624999828,4898787.450318285
10.211390624999828,4898787.465174638
10.221390624999827,4898787.479648994
10.231390624999827,4898787.494049547
10.241390624999827,4898787.508703741
10.251390624999827,4898787.523219294
10.261390624999827,4898787.537988773
10.271390624999826,4898787.552684607
10.281390624999826,4898787.567089517
10.291390624999826,4898787.581460996
10.301390624999826,4898787.595899116
10.311390624999826,4898787.610559612
10.321390624999825,4898787.624944902
10.331390624999825,4898787.640036945
10.341390624999825,4898787.654739934
10.351390624999825,4898787.669137618
10.361390624999824,4898787.683449093
10.371390624999824,4898787.698502072
10.381390624999824,4898787.713759358
10.391390624999824,4898787.728716782
10.401390624999824,4898787.743598846
10.411390624999823,4898787.758256135
10.421390624999823,4898787.772710909
10.431390624999823,4898787.787399003
10.441390624999823,4898787.801921022
10.451390624999823,4898787.816671501
10.461390624999822,4898787.831177442
10.471390624999822,4898787.846515306
10.481390624999822,4898787.861586667
10.491390624999822,4898787.876486646
10.501390624999821,4898787.895435736
10.511390624999821,4898787.914377182
10.521390624999821,4898787.931734834
10.53139062499982,4898787.948857366
10.54139062499982,4898787.965320666
10.55139062499982,4898787.981196618
10.56139062499982,4898787.997070414
10.57139062499982,4898788.012972598
10.58139062499982,4898788.028111002
10.59139062499982,4898788.043499029
10.60139062499982,4898788.058674265
10.611390624999819,4898788.07367032
10.621390624999819,4898788.088308072
10.631390624999819,4898788.102659167
10.641390624999818,4898788.117626108
10.651390624999818,4898788.133463899
10.661390624999818,4898788.151945941
10.671390624999818,4898788.16926481
10.681390624999818,4898788.184708165
10.691390624999817,4898788.199230571
10.701390624999817,4898788.217800846
10.711390624999817,4898788.237279771
10.721390624999817,4898788.254657002
10.731390624999817,4898788.269707057
10.741390624999816,4898788.284917651
10.751390624999816,4898788.299589531
10.761390624999816,4898788.314585353
10.771390624999816,4898788.329220884
10.781390624999815,4898788.344308316
10.791390624999815,4898788.359216621
10.801390624999815,4898788.373898608
10.811390624999815,4898788.388529793
10.821390624999815,4898788.403017483
10.831390624999814,4898788.417835991
10.841390624999814,4898788.432516966
10.851390624999814,4898788.447288801
10.861390624999814,4898788.461826122
10.871390624999814,4898788.476274044
10.881390624999813,4898788.49070249
10.891390624999813,4898788.505086343
10.901390624999813,4898788.520525915
10.911390624999813,4898788.537108699
10.921390624999813,4898788.552826253
10.931390624999812,4898788.567563006
10.941390624999812,4898788.58211787
10.951390624999812,4898788.596456104
10.961390624999812,4898788.610933787
10.971390624999811,4898788.625381637
10.981390624999811,4898788.641037785
10.991390624999811,4898788.655893571
11.00139062499981,4898788.670374893
11.01139062499981,4898788.684745222
11.02139062499981,4898788.699597315
11.03139062499981,4898788.714526753
11.04139062499981,4898788.729869093
11.05139062499981,4898788.744515031
11.06139062499981,4898788.759187461
11.07139062499981,4898788.773557985
11.081390624999809,4898788.787999023
11.091390624999809,4898788.803034059
11.101390624999809,4898788.819028134
11.111390624999808,4898788.833842433
11.121390624999808,4898788.848828731
11.131390624999808,4898788.863439748
11.141390624999808,4898788.878058314
11.151390624999808,4898788.892518667
11.161390624999807,4898788.907259368
11.171390624999807,4898788.922213611
11.181390624999807,4898788.936686542
11.191390624999807,4898788.951372234
11.201390624999807,4898788.965746756
11.211390624999806,4898788.980882433
11.221390624999806,4898788.995805904
11.231390624999806,4898789.010984631
11.241390624999806,4898789.026386213
11.251390624999805,4898789.041598226
11.261390624999805,4898789.056940315
11.271390624999805,4898789.07213132
11.281390624999805,4898789.087087178
11.291390624999805,4898789.101822914
11.301390624999804,4898789.117185962
11.311390624999804,4898789.132095222
11.321390624999804,4898789.147373339
11.331390624999804,4898789.162710474
11.341390624999804,4898789.178280217
11.351390624999803,4898789.193223001
11.361390624999803,4898789.209279896
11.371390624999803,4898789.224721113
11.381390624999803,4898789.240497792
11.391390624999802,4898789.255861858
11.401390624999802,4898789.271099251
11.411390624999802,4898789.286262751
11.421390624999802,4898789.301093447
11.431390624999802,4898789.316740537
11.441390624999801,4898789.332143504
11.451390624999801,4898789.347550577
11.461390624999801,4898789.3625059
11.4713906249998,4898789.37753834
11.4813906249998,4898789.39206379
11.4913906249998,4898789.406458958
11.5013906249998,4898789.42118007
11.5113906249998,4898789.435575902
11.5213906249998,4898789.450395445
11.5313906249998,4898789.464850648
11.5413906249998,4898789.479276777
11.551390624999799,4898789.493623223
11.561390624999799,4898789.508120664
11.571390624999799,4898789.522829684
11.581390624999798,4898789.537450305
11.591390624999798,4898789.552398346
11.601390624999798,4898789.567102626
11.611390624999798,4898789.581436199
11.621390624999798,4898789.596341486
11.631390624999797,4898789.611424995
11.641390624999797,4898789.626695159
11.651390624999797,4898789.641773608
11.661390624999797,4898789.656952803
11.671390624999797,4898789.671831195
11.681390624999796,4898789.68742919
11.691390624999796,4898789.703423997
11.701390624999796,4898789.720064931
11.711390624999796,4898789.735765151
11.721390624999795,4898789.751760063
11.731390624999795,4898789.767172918
11.741390624999795,4898789.78250114
11.751390624999795,4898789.797791745
11.761390624999795,4898789.813402963
11.771390624999794,4898789.828689166
11.781390624999794,4898789.844019536
11.791390624999794,4898789.859785168
11.801390624999794,4898789.875222794
11.811390624999794,4898789.890420596
11.821390624999793,4898789.905640348
11.831390624999793,4898789.921500416
11.841390624999793,4898789.93683544
11.851390624999793,4898789.952438852
11.861390624999792,4898789.967859721
11.871390624999792,4898789.983112655
11.881390624999792,4898789.99818789
11.891390624999792,4898790.013779819
11.901390624999792,4898790.029050891
11.911390624999791,4898790.044357146
11.921390624999791,4898790.059858785
11.931390624999791,4898790.075569606
11.94139062499979,4898790.09059671
11.95139062499979,4898790.10562265
11.96139062499979,4898790.121028399
11.97139062499979,4898790.13646095
11.98139062499979,4898790.155103216
11.99139062499979,4898790.171532703
12.00139062499979,4898790.187065323
12.01139062499979,4898790.202788951
12.021390624999789,4898790.220383337
12.031390624999789,4898790.237286852
12.041390624999789,4898790.253182764
12.051390624999788,4898790.267888211
12.061390624999788,4898790.282459822
12.071390624999788,4898790.297671848
12.081390624999788,4898790.312620821
12.091390624999788,4898790.327533168
12.101390624999787,4898790.342155191
12.111390624999787,4898790.357044058
12.121390624999787,4898790.371918431
12.131390624999787,4898790.386690751
12.141390624999786,4898790.401179465
12.151390624999786,4898790.416011343
12.161390624999786,4898790.431126742
12.171390624999786,4898790.446567048
12.181390624999786,4898790.462091715
12.191390624999785,4898790.476617637
12.201390624999785,4898790.491018693
12.211390624999785,4898790.505568581
12.221390624999785,4898790.520349478
12.231390624999785,4898790.534749801
12.241390624999784,4898790.549447298
12.251390624999784,4898790.564145016
12.261390624999784,4898790.578916906
12.271390624999784,4898790.593523621
12.281390624999784,4898790.60828068
12.291390624999783,4898790.623466411
12.301390624999783,4898790.638107836
12.311390624999783,4898790.653234654
12.321390624999783,4898790.667679302
12.331390624999782,4898790.682135044
12.341390624999782,4898790.696572543
12.351390624999782,4898790.711705978
12.361390624999782,4898790.726779795
12.371390624999782,4898790.741536191
12.381390624999781,4898790.756464405
12.391390624999781,4898790.771441487
12.401390624999781,4898790.788008965
12.41139062499978,4898790.80383737
12.42139062499978,4898790.821637275
12.43139062499978,4898790.83704243
12.44139062499978,4898790.852333827
12.45139062499978,4898790.867088922
12.46139062499978,4898790.881688038
12.47139062499978,4898790.89635335
12.48139062499978,4898790.911301349
12.491390624999779,4898790.926407716
12.501390624999779,4898790.941112582
12.511390624999779,4898790.956083493
12.521390624999778,4898790.970825816
12.531390624999778,4898790.985425831
12.541390624999778,4898790.999999421
12.551390624999778,4898791.014793298
12.561390624999778,4898791.029723393
12.571390624999777,4898791.044601325
12.581390624999777,4898791.059476162
12.591390624999777,4898791.074045205
12.601390624999777,4898791.0892368
12.611390624999776,4898791.104000101
12.621390624999776,4898791.119130614
12.631390624999776,4898791.133870135
12.641390624999776,4898791.148866243
12.651390624999776,4898791.163737771
12.661390624999775,4898791.178525504
12.671390624999775,4898791.193432166
12.681390624999775,4898791.208038053
12.691390624999775,4898791.223101556
12.701390624999775,4898791.23895156
12.711390624999774,4898791.254637157
12.721390624999774,4898791.269575368
12.731390624999774,4898791.284865054
12.741390624999774,4898791.299925634
12.751390624999773,4898791.314877625
12.761390624999773,4898791.329664687
12.771390624999773,4898791.34457234
12.781390624999773,4898791.359483237
12.791390624999773,4898791.374365304
12.801390624999772,4898791.389365614
12.811390624999772,4898791.404188568
12.821390624999772,4898791.41949057
12.831390624999772,4898791.434524773
12.841390624999772,4898791.449652988
12.851390624999771,4898791.464505881
12.861390624999771,4898791.479271566
12.871390624999771,4898791.493960234
12.88139062499977,4898791.508629004
12.89139062499977,4898791.523553298
12.90139062499977,4898791.538210929
12.91139062499977,4898791.553293275
12.92139062499977,4898791.567912595
12.93139062499977,4898791.582821114
12.94139062499977,4898791.597594783
12.95139062499977,4898791.612397345
12.961390624999769,4898791.627219054
12.971390624999769,4898791.64203926
12.981390624999769,4898791.656927516
12.991390624999768,4898791.671668341
13.001390624999768,4898791.686401091
13.011390624999768,4898791.700904662
13.021390624999768,4898791.71577693
13.031390624999768,4898791.731262929
13.041390624999767,4898791.746410717
13.051390624999767,4898791.761393584
13.061390624999767,4898791.776390028
13.071390624999767,4898791.792124692
13.081390624999766,4898791.807025574
13.091390624999766,4898791.822256702
13.101390624999766,4898791.837079842
13.111390624999766,4898791.852209992
13.121390624999766,4898791.867112731
13.131390624999765,4898791.881870166
13.141390624999765,4898791.896578628
13.151390624999765,4898791.911391263
13.161390624999765,4898791.926674126
13.171390624999765,4898791.941751673
13.181390624999764,4898791.956752461
13.191390624999764,4898791.971195673
13.201390624999764,4898791.985668851
13.211390624999764,4898792.000112033
13.221390624999763,4898792.014770041
13.231390624999763,4898792.029410628
13.241390624999763,4898792.043804019
13.251390624999763,4898792.05848879
13.261390624999763,4898792.072883784
13.271390624999762,4898792.087395909
13.281390624999762,4898792.101654917
13.291390624999762,4898792.116280518
13.301390624999762,4898792.130765978
13.311390624999762,4898792.145223224
13.321390624999761,4898792.159907409
13.331390624999761,4898792.174248945
13.341390624999761,4898792.188874231
13.35139062499976,4898792.203269707
13.36139062499976,4898792.218026901
13.37139062499976,4898792.233394857
13.38139062499976,4898792.248943559
13.39139062499976,4898792.263709651
13.40139062499976,4898792.278449521
13.41139062499976,4898792.293222473
13.42139062499976,4898792.308170981
13.431390624999759,4898792.322996061
13.441390624999759,4898792.337778488
13.451390624999759,4898792.352412514
13.461390624999758,4898792.367105801
13.471390624999758,4898792.381673233
13.481390624999758,4898792.396222129
13.491390624999758,4898792.4109968
13.501390624999758,4898792.425869185
13.511390624999757,4898792.440275904
13.521390624999757,4898792.455013542
13.531390624999757,4898792.469291764
13.541390624999757,4898792.483954574
13.551390624999756,4898792.498343046
13.561390624999756,4898792.512891067
13.571390624999756,4898792.527533088
13.581390624999756,4898792.542173586
13.591390624999756,4898792.55686365
13.601390624999755,4898792.586022921
13.611390624999755,4898792.601274045
13.621390624999755,4898792.617354709
13.631390624999755,4898792.63242804
13.641390624999755,4898792.64729277
13.651390624999754,4898792.66232294
13.661390624999754,4898792.676992638
13.671390624999754,4898792.69166426
13.681390624999754,4898792.706027633
13.691390624999753,4898792.720265968
13.701390624999753,4898792.734642033
13.711390624999753,4898792.749479598
13.721390624999753,4898792.764565612
13.731390624999753,4898792.77924607
13.741390624999752,4898792.793380747
13.751390624999752,4898792.808067002
13.761390624999752,4898792.822571381
13.771390624999752,4898792.836901343
13.781390624999752,4898792.853013815
13.791390624999751,4898792.868356506
13.801390624999751,4898792.883007005
13.811390624999751,4898792.897852272
13.82139062499975,4898792.912373976
13.83139062499975,4898792.926876467
13.84139062499975,4898792.941614567
13.85139062499975,4898792.956701237
13.86139062499975,4898792.971460189
13.87139062499975,4898792.986472634
13.88139062499975,4898793.002428583
13.89139062499975,4898793.017610922
13.901390624999749,4898793.032606319
13.911390624999749,4898793.047746409
13.921390624999749,4898793.063293169
13.931390624999748,4898793.078938492
13.941390624999748,4898793.095631953
13.951390624999748,4898793.128034696
13.961390624999748,4898793.146749191
13.971390624999747,4898793.165425831
13.981390624999747,4898793.184151317
13.991390624999747,4898793.203414427
14.001390624999747,4898793.221893157
14.011390624999747,4898793.240613961
14.021390624999746,4898793.261467512
14.031390624999746,4898793.290098569
14.041390624999746,4898793.315131395
14.051390624999746,4898793.335134981
14.061390624999746,4898793.353721262
14.071390624999745,4898793.373907054
14.081390624999745,4898793.39256695
14.091390624999745,4898793.410891828
14.101390624999745,4898793.428985238
14.111390624999745,4898793.447183946
14.121390624999744,4898793.465407991
14.131390624999744,4898793.483682069
14.141390624999744,4898793.501615177
14.151390624999744,4898793.519408589
14.161390624999743,4898793.537137806
14.171390624999743,4898793.55590998
14.181390624999743,4898793.574510626
14.191390624999743,4898793.592592709
14.201390624999743,4898793.609736655
14.211390624999742,4898793.626919822
14.221390624999742,4898793.644109461
14.231390624999742,4898793.66173698
14.241390624999742,4898793.67929904
14.251390624999742,4898793.696190215
14.261390624999741,4898793.71341283
14.271390624999741,4898793.730671405
14.28139062499974,4898793.748126119
14.29139062499974,4898793.765682485
14.30139062499974,4898793.7830972
14.31139062499974,4898793.800267894
14.32139062499974,4898793.817145906
14.33139062499974,4898793.834547045
14.34139062499974,4898793.853547677
14.35139062499974,4898793.872518858
14.36139062499974,4898793.893319681
14.371390624999739,4898793.912392311
14.381390624999739,4898793.930798207
14.391390624999739,4898793.94899207
14.401390624999738,4898793.9669346
14.411390624999738,4898793.984568687
14.421390624999738,4898794.002992103
14.431390624999738,4898794.020638289
14.441390624999737,4898794.037730795
14.451390624999737,4898794.054710655
14.461390624999737,4898794.071545264
14.471390624999737,4898794.088363398
14.481390624999737,4898794.105257626
14.491390624999736,4898794.123102698
14.501390624999736,4898794.139971621
14.511390624999736,4898794.156331892
14.521390624999736,4898794.172596489
14.531390624999736,4898794.188425048
14.541390624999735,4898794.204906333
14.551390624999735,4898794.220952901
14.561390624999735,4898794.236826898
14.571390624999735,4898794.25322415
14.581390624999734,4898794.270169942
14.591390624999734,4898794.288840213
14.601390624999734,4898794.307445612
14.611390624999734,4898794.324748627
14.621390624999734,4898794.341964151
14.631390624999733,4898794.359072067
14.641390624999733,4898794.375724908
14.651390624999733,4898794.392948051
14.661390624999733,4898794.410391706
14.671390624999733,4898794.427636929
14.681390624999732,4898794.445211699
14.691390624999732,4898794.462487864
14.701390624999732,4898794.479282499
14.711390624999732,4898794.496721619
14.721390624999732,4898794.5139041
14.731390624999731,4898794.531000079
14.741390624999731,4898794.550902257
14.75139062499973,4898794.570359882
14.76139062499973,4898794.589324142
14.77139062499973,4898794.609594303
14.78139062499973,4898794.628113189
14.79139062499973,4898794.646515299
14.80139062499973,4898794.663694883
14.81139062499973,4898794.680601445
14.82139062499973,4898794.696579312
14.83139062499973,4898794.712993676
14.841390624999729,4898794.728994511
14.851390624999729,4898794.745424607
14.861390624999729,4898794.761416446
14.871390624999728,4898794.777783862
14.881390624999728,4898794.793679703
14.891390624999728,4898794.810187674
14.901390624999728,4898794.826232055
14.911390624999727,4898794.842546978
14.921390624999727,4898794.860466582
14.931390624999727,4898794.876757801
14.941390624999727,4898794.892961614
14.951390624999727,4898794.909249873
14.961390624999726,4898794.925306545
14.971390624999726,4898794.941393248
14.981390624999726,4898794.957703834
14.991390624999726,4898794.97353401
15.001390624999726,4898794.989577596
15.011390624999725,4898795.007124486
15.021390624999725,4898795.023367546
15.031390624999725,4898795.039386111
15.041390624999725,4898795.055907342
15.051390624999724,4898795.072282982
15.061390624999724,4898795.08823987
15.071390624999724,4898795.104181181
15.081390624999724,4898795.120765535
15.091390624999724,4898795.137329421
15.101390624999723,4898795.153510758
15.111390624999723,4898795.170076294
15.121390624999723,4898795.186617736
15.131390624999723,4898795.203322233
15.141390624999723,4898795.21998413
15.151390624999722,4898795.236450262
15.161390624999722,4898795.252807123
15.171390624999722,4898795.269178244
15.181390624999722,4898795.284967615
15.191390624999721,4898795.300647107
15.201390624999721,4898795.316268183
15.211390624999721,4898795.331964127
15.22139062499972,4898795.347777945
15.23139062499972,4898795.363447197
15.24139062499972,4898795.379580655
15.25139062499972,4898795.395486084
15.26139062499972,4898795.411562564
15.27139062499972,4898795.427562266
15.28139062499972,4898795.443284129
15.29139062499972,4898795.459783417
15.30139062499972,4898795.475860234
15.311390624999719,4898795.492323485
15.321390624999719,4898795.508645298
15.331390624999718,4898795.524536317
15.341390624999718,4898795.540319025
15.351390624999718,4898795.557620667
15.361390624999718,4898795.57413969
15.371390624999718,4898795.590246505
15.381390624999717,4898795.606030281
15.391390624999717,4898795.622432197
15.401390624999717,4898795.638599049
15.411390624999717,4898795.654964917
15.421390624999717,4898795.671620519
15.431390624999716,4898795.687676346
15.441390624999716,4898795.703873452
15.451390624999716,4898795.720266731
15.461390624999716,4898795.736791215
15.471390624999716,4898795.753232647
15.481390624999715,4898795.769930315
15.491390624999715,4898795.787026731
15.501390624999715,4898795.80463921
15.511390624999715,4898795.821368664
15.521390624999714,4898795.838808111
15.531390624999714,4898795.85704886
15.541390624999714,4898795.875950849
15.551390624999714,4898795.8936514
15.561390624999714,4898795.91186963
15.571390624999713,4898795.929697417
15.581390624999713,4898795.949043834
15.591390624999713,4898795.966481237
15.601390624999713,4898795.984773989
15.611390624999713,4898796.004209077
15.621390624999712,4898796.0246572
15.631390624999712,4898796.04503999
15.641390624999712,4898796.064939554
15.651390624999712,4898796.084992164
15.661390624999711,4898796.104377837
15.671390624999711,4898796.124357862
15.681390624999711,4898796.144209493
15.69139062499971,4898796.163697117
15.70139062499971,4898796.185275164
15.71139062499971,4898796.205442523
15.72139062499971,4898796.225578214
15.73139062499971,4898796.250183534
15.74139062499971,4898796.278785737
15.75139062499971,4898796.306201611
15.76139062499971,4898796.330891743
15.77139062499971,4898796.354909129
15.781390624999709,4898796.37525092
15.791390624999709,4898796.393713679
15.801390624999708,4898796.420598126
15.811390624999708,4898796.446006098
15.821390624999708,4898796.472685904
15.831390624999708,4898796.498326975
15.841390624999708,4898796.518196827
15.851390624999707,4898796.537664202
15.861390624999707,4898796.560293105
15.871390624999707,4898796.584126817
15.881390624999707,4898796.603482883
15.891390624999707,4898796.624013681
15.901390624999706,4898796.642015619
15.911390624999706,4898796.659809375
15.921390624999706,4898796.678531669
15.931390624999706,4898796.70359405
15.941390624999705,4898796.727147644
15.951390624999705,4898796.747207294
15.956390624999706,4898796.770956974
15.966390624999706,4898796.822734094
15.976390624999706,4898796.843563433
15.986390624999705,4898796.86330063
15.996390624999705,4898796.881093091
16.006390624999707,4898796.898743081
16.01639062499971,4898796.916364693
16.02639062499971,4898796.933586612
16.03639062499971,4898796.950794979
16.046390624999713,4898796.967953915
16.056390624999715,4898796.985625962
16.066390624999716,4898797.005408103
16.076390624999718,4898797.022553638
16.08639062499972,4898797.039338828
16.09639062499972,4898797.056776897
16.106390624999722,4898797.073713345
16.116390624999724,4898797.090333969
16.126390624999726,4898797.10708419
16.136390624999727,4898797.124502509
16.14639062499973,4898797.141663464
16.15639062499973,4898797.158913026
16.166390624999732,4898797.175934987
16.176390624999733,4898797.192872131
16.186390624999735,4898797.209466012
16.196390624999736,4898797.226041789
16.206390624999738,4898797.242706575
16.21639062499974,4898797.259867821
16.22639062499974,4898797.276507849
16.236390624999743,4898797.293409835
16.246390624999744,4898797.310079993
16.256390624999746,4898797.326501686
16.266390624999747,4898797.343130874
16.27639062499975,4898797.360079914
16.28639062499975,4898797.376667614
16.296390624999752,4898797.393480403
16.306390624999754,4898797.41006102
16.316390624999755,4898797.42660414
16.326390624999757,4898797.443225989
16.33639062499976,4898797.460232497
16.34639062499976,4898797.476818925
16.35639062499976,4898797.493940412
16.366390624999763,4898797.510897426
16.376390624999765,4898797.527626849
16.386390624999766,4898797.54423733
16.396390624999768,4898797.562520705
16.40639062499977,4898797.57996875
16.41639062499977,4898797.59684055
16.426390624999772,4898797.613714477
16.436390624999774,4898797.630885717
16.446390624999776,4898797.647746673
16.456390624999777,4898797.6647182
16.46639062499978,4898797.681690924
16.47639062499978,4898797.69843799
16.486390624999782,4898797.715076309
16.496390624999783,4898797.732058872
16.506390624999785,4898797.748850221
16.516390624999786,4898797.765989451
16.526390624999788,4898797.782870157
16.53639062499979,4898797.799895108
16.54639062499979,4898797.816528147
16.556390624999793,4898797.83314833
16.566390624999794,4898797.850553002
16.576390624999796,4898797.869181654
16.586390624999797,4898797.886169535
16.5963906249998,4898797.903050696
16.6063906249998,4898797.919895439
16.616390624999802,4898797.936684879
16.626390624999804,4898797.95351262
16.636390624999805,4898797.970711841
16.646390624999807,4898797.988770875
16.65639062499981,4898798.009549284
16.66639062499981,4898798.029044178
16.67639062499981,4898798.048339059
16.686390624999813,4898798.068077954
16.696390624999815,4898798.087636851
16.706390624999816,4898798.106641777
16.716390624999818,4898798.125757227
16.72639062499982,4898798.146396231
16.73639062499982,4898798.166267918
16.746390624999822,4898798.186937952
16.756390624999824,4898798.209501294
16.766390624999826,4898798.230243202
16.776390624999827,4898798.252572623
16.78639062499983,4898798.271497105
16.79639062499983,4898798.290524293
16.806390624999832,4898798.309308305
16.816390624999833,4898798.328165583
16.826390624999835,4898798.346329855
16.836390624999837,4898798.364666427
16.846390624999838,4898798.382297529
16.85639062499984,4898798.399889829
16.86639062499984,4898798.417562374
16.876390624999843,4898798.435008902
16.886390624999844,4898798.454683966
16.896390624999846,4898798.472878432
16.906390624999847,4898798.490403267
16.91639062499985,4898798.507499813
16.92639062499985,4898798.524141335
16.936390624999852,4898798.540788537
16.946390624999854,4898798.557283284
16.956390624999855,4898798.574450164
16.966390624999857,4898798.592046504
16.97639062499986,4898798.608910741
16.98639062499986,4898798.626035637
16.99639062499986,4898798.642947301
17.006390624999863,4898798.660239732
17.016390624999865,4898798.677079504
17.026390624999866,4898798.694369876
17.036390624999868,4898798.711441061
17.04639062499987,4898798.728321477
17.05639062499987,4898798.745217926
17.066390624999872,4898798.762709128
17.076390624999874,4898798.780397197
17.086390624999876,4898798.797694657
17.096390624999877,4898798.81493198
17.10639062499988,4898798.83246305
17.11639062499988,4898798.850374738
17.126390624999882,4898798.870335008
17.136390624999883,4898798.88847903
17.146390624999885,4898798.906068612
17.156390624999887,4898798.924046136
17.166390624999888,4898798.942416319
17.17639062499989,4898798.961018983
17.18639062499989,4898798.979243656
17.196390624999893,4898798.998464926
17.206390624999894,4898799.017477635
17.216390624999896,4898799.03570324
17.226390624999897,4898799.053841976
17.2363906249999,4898799.0720193
17.2463906249999,4898799.090465576
17.256390624999902,4898799.108820599
17.266390624999904,4898799.127881735
17.276390624999905,4898799.146283638
17.286390624999907,4898799.164372902
17.29639062499991,4898799.182359035
17.30639062499991,4898799.200059388
17.31639062499991,4898799.218547143
17.326390624999913,4898799.236751532
17.336390624999915,4898799.255064091
17.346390624999916,4898799.274199126
17.356390624999918,4898799.292762932
17.36639062499992,4898799.312679059
17.37639062499992,4898799.331816579
17.386390624999922,4898799.350501698
17.396390624999924,4898799.370511861
17.406390624999926,4898799.39017567
17.416390624999927,4898799.409019863
17.42639062499993,4898799.427095752
17.43639062499993,4898799.444833048
17.446390624999932,4898799.463608734
17.456390624999933,4898799.481752357
17.466390624999935,4898799.50006215
17.476390624999937,4898799.518139829
17.486390624999938,4898799.536258199
17.49639062499994,4898799.555069702
17.50639062499994,4898799.575464046
17.516390624999943,4898799.595032527
17.526390624999944,4898799.614329757
17.536390624999946,4898799.634016964
17.546390624999948,4898799.653228066
17.55639062499995,4898799.672431341
17.56639062499995,4898799.692588205
17.576390624999952,4898799.712381636
17.586390624999954,4898799.731740666
17.596390624999955,4898799.751361609
17.606390624999957,4898799.772247669
17.61639062499996,4898799.792111738
17.62639062499996,4898799.813522449
17.63639062499996,4898799.835440826
17.646390624999963,4898799.858671864
17.656390624999965,4898799.880980534
17.666390624999966,4898799.902579302
17.676390624999968,4898799.923938592
17.68639062499997,4898799.945699294
17.69639062499997,4898799.96749107
17.706390624999973,4898799.989416978
17.716390624999974,4898800.013442351
17.726390624999976,4898800.035247236
17.736390624999977,4898800.058786371
17.74639062499998,4898800.082775433
17.75639062499998,4898800.104811445
17.766390624999982,4898800.127335406
17.776390624999983,4898800.151130537
17.786390624999985,4898800.175518516
17.796390624999987,4898800.200214302
17.806390624999988,4898800.224752757
17.81639062499999,4898800.248115284
17.82639062499999,4898800.270800292
17.836390624999993,4898800.296154826
17.846390624999994,4898800.324637424
17.856390624999996,4898800.349663582
17.866390624999998,4898800.374175753
17.876390625,4898800.400633451
17.886390625,4898800.426852019
17.896390625000002,4898800.450710555
17.906390625000004,4898800.474337034
17.916390625000005,4898800.497617653
17.926390625000007,4898800.519905178
17.93639062500001,4898800.541887206
17.94639062500001,4898800.563767225
17.95639062500001,4898800.585076547
17.966390625000013,4898800.606368202
17.976390625000015,4898800.627470345
17.986390625000016,4898800.648378825
17.996390625000018,4898800.669086256
18.00639062500002,4898800.689783292
18.01639062500002,4898800.71052701
18.026390625000023,4898800.731575714
18.036390625000024,4898800.75251731
18.046390625000026,4898800.77445521
18.056390625000027,4898800.797068379
18.06639062500003,4898800.820421469
18.07639062500003,4898800.842590918
18.086390625000032,4898800.866548727
18.096390625000033,4898800.890617633
18.106390625000035,4898800.913990135
18.116390625000037,4898800.937083112
18.126390625000038,4898800.960692904
18.13639062500004,4898800.98467317
18.14639062500004,4898801.009809274
18.156390625000043,4898801.033827062
18.166390625000044,4898801.057908104
18.176390625000046,4898801.081852491
18.186390625000048,4898801.104447639
18.19639062500005,4898801.128294936
18.20639062500005,4898801.15222946
18.216390625000052,4898801.176198157
18.226390625000054,4898801.19999345
18.236390625000055,4898801.223458755
18.246390625000057,4898801.246967098
18.25639062500006,4898801.270712439
18.26639062500006,4898801.294516239
18.27639062500006,4898801.318675186
18.286390625000063,4898801.34267357
18.296390625000065,4898801.367028902
18.306390625000066,4898801.38867278
18.316390625000068,4898801.409930029
18.32639062500007,4898801.431305204
18.33639062500007,4898801.452360453
18.346390625000073,4898801.473891594
18.356390625000074,4898801.495146745
18.366390625000076,4898801.51710591
18.376390625000077,4898801.538845831
18.38639062500008,4898801.563690361
18.39639062500008,4898801.587600848
18.406390625000082,4898801.610483424
18.416390625000084,4898801.633580334
18.426390625000085,4898801.656876841
18.436390625000087,4898801.679557768
18.446390625000088,4898801.702487053
18.45639062500009,4898801.725327985
18.46639062500009,4898801.748108324
18.476390625000093,4898801.771145708
18.486390625000094,4898801.794502132
18.496390625000096,4898801.819657875
18.506390625000098,4898801.842540878
18.5163906250001,4898801.867312989
18.5263906250001,4898801.890025917
18.536390625000102,4898801.912565361
18.546390625000104,4898801.934988705
18.556390625000105,4898801.957102437
18.566390625000107,4898801.979603712
18.57639062500011,4898802.002672477
18.58639062500011,4898802.024324969
18.59639062500011,4898802.046645892
18.606390625000113,4898802.068750722
18.616390625000115,4898802.090652657
18.626390625000116,4898802.111638372
18.636390625000118,4898802.133841542
18.64639062500012,4898802.155493466
18.65639062500012,4898802.177288185
18.666390625000123,4898802.198488758
18.676390625000124,4898802.220380851
18.686390625000126,4898802.241621423
18.696390625000127,4898802.262623477
18.70639062500013,4898802.284711181
18.71639062500013,4898802.305900909
18.726390625000132,4898802.328523837
18.736390625000134,4898802.350941809
18.746390625000135,4898802.371948535
18.756390625000137,4898802.393687476
18.766390625000138,4898802.414622283
18.77639062500014,4898802.438088989
18.78639062500014,4898802.461166623
18.796390625000143,4898802.48446012
18.806390625000144,4898802.504827388
18.816390625000146,4898802.525088062
18.826390625000148,4898802.54501919
18.83639062500015,4898802.565018631
18.84639062500015,4898802.587452242
18.856390625000152,4898802.608406053
18.866390625000154,4898802.629427813
18.876390625000155,4898802.650178512
18.886390625000157,4898802.671797069
18.89639062500016,4898802.694112725
18.90639062500016,4898802.715827242
18.91639062500016,4898802.737278443
18.926390625000163,4898802.759008329
18.936390625000165,4898802.780824211
18.946390625000166,4898802.803258309
18.956390625000168,4898802.824906182
18.96639062500017,4898802.846701724
18.97639062500017,4898802.870224068
18.986390625000173,4898802.892093141
18.996390625000174,4898802.915559621
19.006390625000176,4898802.938371154
19.016390625000177,4898802.960240808
19.02639062500018,4898802.982732598
19.03639062500018,4898803.00633252
19.046390625000182,4898803.028184195
19.056390625000184,4898803.050397887
19.066390625000185,4898803.072389629
19.076390625000187,4898803.093847961
19.08639062500019,4898803.115706143
19.09639062500019,4898803.138400845
19.10639062500019,4898803.160050662
19.116390625000193,4898803.182592082
19.126390625000194,4898803.204023346
19.136390625000196,4898803.225313731
19.146390625000198,4898803.246827363
19.1563906250002,4898803.268463618
19.1663906250002,4898803.289200839
19.176390625000202,4898803.310645781
19.186390625000204,4898803.332817808
19.196390625000205,4898803.353760728
19.206390625000207,4898803.37453703
19.21639062500021,4898803.395632494
19.22639062500021,4898803.41629507
19.23639062500021,4898803.436570862
19.246390625000213,4898803.457164796
19.256390625000215,4898803.477113354
19.266390625000216,4898803.496904861
19.276390625000218,4898803.516458564
19.28639062500022,4898803.535941139
19.29639062500022,4898803.555697874
19.306390625000223,4898803.575997624
19.316390625000224,4898803.595453371
19.326390625000226,4898803.615552433
19.336390625000227,4898803.634857635
19.34639062500023,4898803.654230854
19.35639062500023,4898803.673866527
19.366390625000232,4898803.693153154
19.376390625000234,4898803.71280621
19.386390625000235,4898803.732010825
19.396390625000237,4898803.751566532
19.40639062500024,4898803.771533974
19.41639062500024,4898803.790996046
19.42639062500024,4898803.810281593
19.436390625000243,4898803.829559906
19.446390625000245,4898803.848498404
19.456390625000246,4898803.869531107
19.466390625000248,4898803.888458954
19.47639062500025,4898803.907361924
19.48639062500025,4898803.926094108
19.496390625000252,4898803.944209515
19.506390625000254,4898803.963011675
19.516390625000255,4898803.981559082
19.526390625000257,4898804.000451707
19.53639062500026,4898804.018667955
19.54639062500026,4898804.036346891
19.55639062500026,4898804.05405698
19.566390625000263,4898804.071795746
19.576390625000265,4898804.090282531
19.586390625000266,4898804.10843436
19.596390625000268,4898804.127472738
19.60639062500027,4898804.146150729
19.61639062500027,4898804.164431232
19.626390625000273,4898804.182753698
19.636390625000274,4898804.200919951
19.646390625000276,4898804.219717378
19.656390625000277,4898804.238072281
19.66639062500028,4898804.256372702
19.67639062500028,4898804.274647914
19.686390625000282,4898804.292885984
19.696390625000284,4898804.310808073
19.706390625000285,4898804.330475398
19.716390625000287,4898804.348590531
19.72639062500029,4898804.366162518
19.73639062500029,4898804.383750207
19.74639062500029,4898804.401584225
19.756390625000293,4898804.419670542
19.766390625000295,4898804.437749317
19.776390625000296,4898804.455501973
19.786390625000298,4898804.472678222
19.7963906250003,4898804.490410969
19.8063906250003,4898804.508166737
19.816390625000302,4898804.525847545
19.826390625000304,4898804.543589948
19.836390625000305,4898804.561142244
19.846390625000307,4898804.579018942
19.85639062500031,4898804.596265835
19.86639062500031,4898804.614686624
19.87639062500031,4898804.632986011
19.886390625000313,4898804.650980473
19.896390625000315,4898804.668911811
19.906390625000316,4898804.686785865
19.916390625000318,4898804.705237841
19.92639062500032,4898804.723375577
19.93639062500032,4898804.741337534
19.946390625000323,4898804.759471535
19.956390625000324,4898804.777456003
19.966390625000326,4898804.796084896
19.976390625000327,4898804.814494006
19.98639062500033,4898804.832861589
19.99639062500033,4898804.851262733
20.006390625000332,4898804.871613497
20.016390625000334,4898804.890287648
20.026390625000335,4898804.909054509
20.036390625000337,4898804.929709487
20.04639062500034,4898804.949792361
20.05639062500034,4898804.969861604
20.06639062500034,4898804.988601888
20.076390625000343,4898805.008963311
20.086390625000345,4898805.02791554
20.096390625000346,4898805.046582748
20.106390625000348,4898805.066750501
20.11639062500035,4898805.088163623
20.12639062500035,4898805.109652467
20.136390625000352,4898805.130635058
20.146390625000354,4898805.150539017
20.156390625000355,4898805.170832859
20.166390625000357,4898805.19085174
20.17639062500036,4898805.210185764
20.18639062500036,4898805.229159167
20.19639062500036,4898805.248877999
20.206390625000363,4898805.268227427
20.216390625000365,4898805.287290891
20.226390625000366,4898805.306585798
20.236390625000368,4898805.327340714
20.24639062500037,4898805.348484998
20.25639062500037,4898805.368291005
20.266390625000373,4898805.387901877
20.276390625000374,4898805.407321352
20.286390625000376,4898805.426809757
20.296390625000377,4898805.446032924
20.30639062500038,4898805.46529439
20.31639062500038,4898805.484297995
20.326390625000382,4898805.503070549
20.336390625000384,4898805.522065724
20.346390625000385,4898805.540874223
20.356390625000387,4898805.561094817
20.36639062500039,4898805.580688837
20.37639062500039,4898805.599446423
20.38639062500039,4898805.619019914
20.396390625000393,4898805.639580976
20.406390625000395,4898805.660271995
20.416390625000396,4898805.679293614
20.426390625000398,4898805.698314926
20.4363906250004,4898805.717400165
20.4463906250004,4898805.736808354
20.456390625000402,4898805.755927586
20.466390625000404,4898805.775267615
20.476390625000406,4898805.794495944
20.486390625000407,4898805.813828425
20.49639062500041,4898805.833483468
20.50639062500041,4898805.853060633
20.51639062500041,4898805.874142781
20.526390625000413,4898805.893741799
20.536390625000415,4898805.913110222
20.546390625000416,4898805.932444198
20.556390625000418,4898805.951900043
20.56639062500042,4898805.971758945
20.57639062500042,4898805.991673577
20.586390625000423,4898806.012603165
20.596390625000424,4898806.032527973
20.606390625000426,4898806.052228974
20.616390625000427,4898806.072834481
20.62639062500043,4898806.092971391
20.63639062500043,4898806.113378228
20.646390625000432,4898806.134252987
20.656390625000434,4898806.154750367
20.666390625000435,4898806.174712184
20.676390625000437,4898806.194792886
20.68639062500044,4898806.214525543
20.69639062500044,4898806.234394871
20.70639062500044,4898806.254526786
20.716390625000443,4898806.274715011
20.726390625000445,4898806.295401755
20.736390625000446,4898806.315912564
20.746390625000448,4898806.337824039
20.75639062500045,4898806.358788979
20.76639062500045,4898806.380550249
20.776390625000452,4898806.4021966
20.786390625000454,4898806.423869543
20.796390625000456,4898806.445490804
20.806390625000457,4898806.466790289
20.81639062500046,4898806.487731399
20.82639062500046,4898806.508180846
20.836390625000462,4898806.528500802
20.846390625000463,4898806.54922081
20.856390625000465,4898806.569880841
20.866390625000466,4898806.59047457
20.876390625000468,4898806.611015562
20.88639062500047,4898806.63169558
20.89639062500047,4898806.652051636
20.906390625000473,4898806.672554095
20.916390625000474,4898806.692978877
20.926390625000476,4898806.713145097
20.936390625000477,4898806.733163523
20.94639062500048,4898806.753241745
20.95639062500048,4898806.773703204
20.966390625000482,4898806.793797651
20.976390625000484,4898806.814920133
20.986390625000485,4898806.836865189
20.996390625000487,4898806.858508343
21.00639062500049,4898806.879614075
21.01639062500049,4898806.899810493
21.02639062500049,4898806.919670261
21.036390625000493,4898806.940013802
21.046390625000495,4898806.960100539
21.056390625000496,4898806.979856655
21.066390625000498,4898807.00068203
21.0763906250005,4898807.021266672
21.0863906250005,4898807.041384276
21.096390625000502,4898807.061257488
21.106390625000504,4898807.080863236
21.116390625000506,4898807.100720367
21.126390625000507,4898807.120476741
21.13639062500051,4898807.140515894
21.14639062500051,4898807.160860298
21.156390625000512,4898807.179346591
21.166390625000513,4898807.197963781
21.176390625000515,4898807.21685011
21.186390625000517,4898807.235302167
21.196390625000518,4898807.253973565
21.20639062500052,4898807.272721267
21.21639062500052,4898807.291335078
21.226390625000523,4898807.310003455
21.236390625000524,4898807.328336271
21.246390625000526,4898807.34636764
21.256390625000527,4898807.364679536
21.26639062500053,4898807.383466622
21.27639062500053,4898807.401937718
21.286390625000532,4898807.420660256
21.296390625000534,4898807.438827723
21.306390625000535,4898807.456570308
21.316390625000537,4898807.476237644
21.32639062500054,4898807.495016077
21.33639062500054,4898807.513603742
21.34639062500054,4898807.531844318
21.356390625000543,4898807.550227691
21.366390625000545,4898807.569441402
21.376390625000546,4898807.588343249
21.386390625000548,4898807.606501633
21.39639062500055,4898807.626209142
21.40639062500055,4898807.644498645
21.416390625000552,4898807.663358183
21.426390625000554,4898807.681793608
21.436390625000556,4898807.700157984
21.446390625000557,4898807.718514425
21.45639062500056,4898807.737221405
21.46639062500056,4898807.755546185
21.476390625000562,4898807.773899416
21.486390625000563,4898807.791975787
21.496390625000565,4898807.81065043
21.506390625000567,4898807.82885026
21.516390625000568,4898807.847756734
21.52639062500057,4898807.867991734
21.53639062500057,4898807.886470026
21.546390625000573,4898807.904791016
21.556390625000574,4898807.923020666
21.566390625000576,4898807.941232962
21.576390625000577,4898807.95953728
21.58639062500058,4898807.978221689
21.59639062500058,4898807.997278968
21.606390625000582,4898808.01597943
21.616390625000584,4898808.035079857
21.626390625000585,4898808.053926467
21.636390625000587,4898808.07317926
21.64639062500059,4898808.09244167
21.65639062500059,4898808.111954715
21.66639062500059,4898808.132037257
21.676390625000593,4898808.151480223
21.686390625000595,4898808.170255538
21.696390625000596,4898808.189022644
21.706390625000598,4898808.207540022
21.7163906250006,4898808.226293959
21.7263906250006,4898808.244971246
21.736390625000602,4898808.263555339
21.746390625000604,4898808.282142176
21.756390625000606,4898808.300984478
21.766390625000607,4898808.319614046
21.77639062500061,4898808.347126287
21.78639062500061,4898808.371559425
21.796390625000612,4898808.39138983
21.806390625000613,4898808.410363023
21.816390625000615,4898808.429268891
21.826390625000617,4898808.448531894
21.836390625000618,4898808.467827958
21.84639062500062,4898808.487137561
21.85639062500062,4898808.506174929
21.866390625000623,4898808.524917819
21.876390625000624,4898808.544376097
21.886390625000626,4898808.563255661
21.896390625000627,4898808.582487419
21.90639062500063,4898808.601275812
21.91639062500063,4898808.620315445
21.926390625000632,4898808.639562252
21.936390625000634,4898808.658536011
21.946390625000635,4898808.677961538
21.956390625000637,4898808.696964425
21.96639062500064,4898808.715889317
21.97639062500064,4898808.735047311
21.98639062500064,4898808.754425009
21.996390625000643,4898808.773646268
22.006390625000645,4898808.792709103
22.016390625000646,4898808.813008464
22.026390625000648,4898808.834406292
22.03639062500065,4898808.854007662
22.04639062500065,4898808.873726667
22.056390625000653,4898808.893919599
22.066390625000654,4898808.913776222
22.076390625000656,4898808.933720132
22.086390625000657,4898808.953281631
22.09639062500066,4898808.973186722
22.10639062500066,4898808.992934206
22.116390625000662,4898809.0123298
22.126390625000663,4898809.032015554
22.136390625000665,4898809.051719927
22.146390625000667,4898809.070990571
22.156390625000668,4898809.090599319
22.16639062500067,4898809.109460492
22.17639062500067,4898809.128404931
22.186390625000673,4898809.147978672
22.196390625000674,4898809.167008112
22.206390625000676,4898809.186618867
22.216390625000678,4898809.205937126
22.22639062500068,4898809.224811079
22.23639062500068,4898809.244367609
22.246390625000682,4898809.263494461
22.256390625000684,4898809.28247779
22.266390625000685,4898809.301472613
22.276390625000687,4898809.320601618
22.28639062500069,4898809.340832957
22.29639062500069,4898809.359819383
22.30639062500069,4898809.379089046
22.316390625000693,4898809.397699499
22.326390625000695,4898809.419515949
22.336390625000696,4898809.439752773
22.346390625000698,4898809.458843825
22.3563906250007,4898809.478679179
22.3663906250007,4898809.499678009
22.376390625000703,4898809.520639145
22.386390625000704,4898809.540068466
22.396390625000706,4898809.558911043
22.406390625000707,4898809.577879162
22.41639062500071,4898809.596277227
22.42639062500071,4898809.614701304
22.436390625000712,4898809.633140097
22.446390625000713,4898809.651784145
22.456390625000715,4898809.670420843
22.466390625000717,4898809.689362059
22.476390625000718,4898809.708067789
22.48639062500072,4898809.72662499
22.49639062500072,4898809.74533418
22.506390625000723,4898809.763868403
22.516390625000724,4898809.78244627
22.526390625000726,4898809.800553664
22.536390625000728,4898809.818784132
22.54639062500073,4898809.83795568
22.55639062500073,4898809.857064071
22.566390625000732,4898809.876180704
22.576390625000734,4898809.894933719
22.586390625000735,4898809.913596556
22.596390625000737,4898809.932045266
22.60639062500074,4898809.950850775
22.61639062500074,4898809.969595644
22.62639062500074,4898809.98876435
22.636390625000743,4898810.008421076
22.646390625000745,4898810.027650683
22.656390625000746,4898810.046873565
22.666390625000748,4898810.066154145
22.67639062500075,4898810.085457245
22.68639062500075,4898810.104451204
22.696390625000753,4898810.123432633
22.706390625000754,4898810.142203719
22.716390625000756,4898810.160960921
22.726390625000757,4898810.180063686
22.73639062500076,4898810.198262431
22.74639062500076,4898810.216547099
22.756390625000762,4898810.236051477
22.766390625000763,4898810.255393094
22.776390625000765,4898810.274464621
22.786390625000767,4898810.293419476
22.796390625000768,4898810.312235868
22.80639062500077,4898810.33228536
22.81639062500077,4898810.356056684
22.826390625000773,4898810.376672824
22.836390625000774,4898810.396445283
22.846390625000776,4898810.416150626
22.856390625000778,4898810.435848648
22.86639062500078,4898810.456110464
22.87639062500078,4898810.476309207
22.886390625000782,4898810.496838229
22.896390625000784,4898810.516910396
22.906390625000785,4898810.537023132
22.916390625000787,4898810.557614233
22.92639062500079,4898810.578666937
22.93639062500079,4898810.599633232
22.94639062500079,4898810.620293586
22.956390625000793,4898810.641600923
22.966390625000795,4898810.661569979
22.976390625000796,4898810.681891011
22.986390625000798,4898810.702040244
22.9963906250008,4898810.722115082
23.0063906250008,4898810.742035886
23.016390625000803,4898810.761159452
23.026390625000804,4898810.780552559
23.036390625000806,4898810.800060634
23.046390625000807,4898810.820864449
23.05639062500081,4898810.841285393
23.06639062500081,4898810.860567948
23.076390625000812,4898810.879971895
23.086390625000814,4898810.899395487
23.096390625000815,4898810.918314472
23.106390625000817,4898810.93748858
23.116390625000818,4898810.956860638
23.12639062500082,4898810.976059985
23.13639062500082,4898810.995100215
23.146390625000823,4898811.01399151
23.156390625000824,4898811.032426196
23.166390625000826,4898811.0513198
23.176390625000828,4898811.070017612
23.18639062500083,4898811.089422346
23.19639062500083,4898811.108040998
23.206390625000832,4898811.126662323
23.216390625000834,4898811.157733517
23.226390625000835,4898811.177312439
23.236390625000837,4898811.196027026
23.24639062500084,4898811.214239888
23.25639062500084,4898811.232643553
23.26639062500084,4898811.250603553
23.276390625000843,4898811.269125989
23.286390625000845,4898811.287024712
23.296390625000846,4898811.304959512
23.306390625000848,4898811.322889746
23.31639062500085,4898811.340499179
23.32639062500085,4898811.358558937
23.336390625000853,4898811.378199034
23.346390625000854,4898811.396490834
23.356390625000856,4898811.414532894
23.366390625000857,4898811.432573141
23.37639062500086,4898811.450659657
23.38639062500086,4898811.468511633
23.396390625000862,4898811.486046095
23.406390625000864,4898811.504006396
23.416390625000865,4898811.52169312
23.426390625000867,4898811.538945666
23.43639062500087,4898811.557537566
23.44639062500087,4898811.575847893
23.45639062500087,4898811.593444643
23.466390625000873,4898811.61091043
23.476390625000874,4898811.628963351
23.486390625000876,4898811.646400282
23.496390625000878,4898811.663903876
23.50639062500088,4898811.681439184
23.51639062500088,4898811.698818202
23.526390625000882,4898811.716118516
23.536390625000884,4898811.733901868
23.546390625000885,4898811.750888589
23.556390625000887,4898811.767891981
23.56639062500089,4898811.784763854
23.57639062500089,4898811.801963933
23.58639062500089,4898811.819015548
23.596390625000893,4898811.838324102
23.606390625000895,4898811.85658832
23.616390625000896,4898811.875835108
23.626390625000898,4898811.893854749
23.6363906250009,4898811.911570668
23.6463906250009,4898811.92898068
23.656390625000903,4898811.946400834
23.666390625000904,4898811.96390137
23.676390625000906,4898811.981875722
23.686390625000907,4898812.000204908
23.69639062500091,4898812.018038862
23.70639062500091,4898812.035489083
23.716390625000912,4898812.052711847
23.726390625000914,4898812.07016401
23.736390625000915,4898812.088050573
23.746390625000917,4898812.10566615
23.75639062500092,4898812.123854093
23.76639062500092,4898812.141640888
23.77639062500092,4898812.159645143
23.786390625000923,4898812.177283584
23.796390625000925,4898812.194646665
23.806390625000926,4898812.212134532
23.816390625000928,4898812.229662563
23.82639062500093,4898812.246913542
23.83639062500093,4898812.264231874
23.846390625000932,4898812.281687959
23.856390625000934,4898812.299021328
23.866390625000935,4898812.316373426
23.876390625000937,4898812.333612216
23.88639062500094,4898812.350845884
23.89639062500094,4898812.368169993
23.90639062500094,4898812.3882065
23.916390625000943,4898812.406327988
23.926390625000945,4898812.423859945
23.936390625000946,4898812.441494104
23.946390625000948,4898812.459049996
23.95639062500095,4898812.476698374
23.96639062500095,4898812.49412135
23.976390625000953,4898812.511467911
23.986390625000954,4898812.528742943
23.996390625000956,4898812.54587081
24.006390625000957,4898812.563057622
24.01639062500096,4898812.580516879
24.02639062500096,4898812.597619997
24.036390625000962,4898812.614868388
24.046390625000964,4898812.632254941
24.056390625000965,4898812.649240469
24.066390625000967,4898812.666460307
24.07639062500097,4898812.683577767
24.08639062500097,4898812.700578779
24.09639062500097,4898812.717711256
24.106390625000973,4898812.735214244
24.116390625000975,4898812.752421986
24.126390625000976,4898812.769822107
24.136390625000978,4898812.787390176
24.14639062500098,4898812.804773316
24.15639062500098,4898812.821969475
24.166390625000982,4898812.83892884
24.176390625000984,4898812.856284056
24.186390625000985,4898812.87614297
24.196390625000987,4898812.895187087
24.20639062500099,4898812.913052584
24.21639062500099,4898812.930829022
24.22639062500099,4898812.949374768
24.236390625000993,4898812.966820124
24.246390625000995,4898812.984593041
24.256390625000996,4898813.003372781
24.266390625000998,4898813.021443557
24.276390625001,4898813.040413441
24.286390625001,4898813.058314
24.296390625001003,4898813.076582032
24.306390625001004,4898813.094075238
24.316390625001006,4898813.111960079
24.326390625001007,4898813.130291009
24.33639062500101,4898813.147899696
24.34639062500101,4898813.16550865
24.356390625001012,4898813.183476948
24.366390625001014,4898813.201220869
24.376390625001015,4898813.218902606
24.386390625001017,4898813.236467397
24.39639062500102,4898813.253870481
24.40639062500102,4898813.271289342
24.41639062500102,4898813.288842125
24.426390625001023,4898813.306459459
24.436390625001025,4898813.325189358
24.446390625001026,4898813.343009891
24.456390625001028,4898813.360656773
24.46639062500103,4898813.378482983
24.47639062500103,4898813.395878384
24.486390625001032,4898813.413577185
24.496390625001034,4898813.43120882
24.506390625001035,4898813.449477602
24.516390625001037,4898813.467264602
24.52639062500104,4898813.485070847
24.53639062500104,4898813.50289346
24.54639062500104,4898813.52048466
24.556390625001043,4898813.537808108
24.566390625001045,4898813.555607867
24.576390625001046,4898813.573962656
24.586390625001048,4898813.591353868
24.59639062500105,4898813.608712944
24.60639062500105,4898813.626585512
24.616390625001053,4898813.644244599
24.626390625001054,4898813.661455845
24.636390625001056,4898813.678940733
24.646390625001057,4898813.696098659
24.65639062500106,4898813.713410442
24.66639062500106,4898813.730494829
24.676390625001062,4898813.747458882
24.686390625001064,4898813.764938239
24.696390625001065,4898813.782673666
24.706390625001067,4898813.799968785
24.71639062500107,4898813.817312041
24.72639062500107,4898813.834434282
24.73639062500107,4898813.85130591
24.746390625001073,4898813.870352603
24.756390625001075,4898813.888288978
24.766390625001076,4898813.905587602
24.776390625001078,4898813.923320228
24.78639062500108,4898813.940889541
24.79639062500108,4898813.958199289
24.806390625001082,4898813.975498936
24.816390625001084,4898813.993441644
24.826390625001086,4898814.011801683
24.836390625001087,4898814.029304834
24.84639062500109,4898814.046375922
24.85639062500109,4898814.06355443
24.86639062500109,4898814.081062826
24.876390625001093,4898814.098251012
24.886390625001095,4898814.115833932
24.896390625001096,4898814.133690351
24.906390625001098,4898814.1512391
24.9163906250011,4898814.168950934
24.9263906250011,4898814.18625868
24.936390625001103,4898814.20379726
24.946390625001104,4898814.221413013
24.956390625001106,4898814.238434737
24.966390625001107,4898814.255334824
24.97639062500111,4898814.272477326
24.98639062500111,4898814.289809682
24.996390625001112,4898814.307046519
25.006390625001114,4898814.324174351
25.016390625001115,4898814.34117641
25.026390625001117,4898814.357913712
25.03639062500112,4898814.37548135
25.04639062500112,4898814.394269121
25.05639062500112,4898814.411556746
25.066390625001123,4898814.428504495
25.076390625001125,4898814.445343806
25.086390625001126,4898814.463145482
25.096390625001128,4898814.480878077
25.10639062500113,4898814.497981031
25.11639062500113,4898814.515307843
25.126390625001132,4898814.53306717
25.136390625001134,4898814.550728415
25.146390625001136,4898814.568143382
25.156390625001137,4898814.585726712
25.16639062500114,4898814.603294253
25.17639062500114,4898814.620755855
25.186390625001142,4898814.63821423
25.196390625001143,4898814.655489268
25.206390625001145,4898814.673069511
25.216390625001146,4898814.690522024
25.226390625001148,4898814.708069596
25.23639062500115,4898814.725309029
25.24639062500115,4898814.742391857
25.256390625001153,4898814.759491087
25.266390625001154,4898814.777619745
25.276390625001156,4898814.795419554
25.286390625001157,4898814.813054153
25.29639062500116,4898814.830694482
25.30639062500116,4898814.848443482
25.316390625001162,4898814.867328844
25.326390625001164,4898814.88535877
25.336390625001165,4898814.902779691
25.346390625001167,4898814.920332661
25.35639062500117,4898814.938373679
25.36639062500117,4898814.955699657
25.37639062500117,4898814.973318517
25.386390625001173,4898814.990813688
25.396390625001175,4898815.009745216
25.406390625001176,4898815.027514065
25.416390625001178,4898815.044654109
25.42639062500118,4898815.06214993
25.43639062500118,4898815.079886374
25.446390625001182,4898815.097279723
25.456390625001184,4898815.114769932
25.466390625001186,4898815.132711318
25.476390625001187,4898815.150326326
25.48639062500119,4898815.168043493
25.49639062500119,4898815.185696304
25.506390625001192,4898815.203054213
25.516390625001193,4898815.220586599
25.526390625001195,4898815.237838004
25.536390625001196,4898815.255144143
25.546390625001198,4898815.272402867
25.5563906250012,4898815.289476874
25.5663906250012,4898815.3066038
25.576390625001203,4898815.323915106
25.586390625001204,4898815.341216291
25.596390625001206,4898815.358109331
25.606390625001207,4898815.375396622
25.61639062500121,4898815.392453598
25.62639062500121,4898815.409704599
25.636390625001212,4898815.426701177
25.646390625001214,4898815.443781039
25.656390625001215,4898815.461381469
25.666390625001217,4898815.479337738
25.67639062500122,4898815.496984023
25.68639062500122,4898815.51417921
25.69639062500122,4898815.531348623
25.706390625001223,4898815.548624546
25.716390625001225,4898815.566660027
25.726390625001226,4898815.584403719
25.736390625001228,4898815.60167356
25.74639062500123,4898815.619137603
25.75639062500123,4898815.636719306
25.766390625001232,4898815.655891962
25.776390625001234,4898815.674149321
25.786390625001236,4898815.691574045
25.796390625001237,4898815.710267498
25.80639062500124,4898815.727894938
25.81639062500124,4898815.744960584
25.826390625001242,4898815.762100479
25.836390625001243,4898815.779659106
25.846390625001245,4898815.797179059
25.856390625001247,4898815.81458953
25.866390625001248,4898815.831814494
25.87639062500125,4898815.848882875
25.88639062500125,4898815.867366631
25.896390625001253,4898815.885275951
25.906390625001254,4898815.902504347
25.916390625001256,4898815.920042693
25.926390625001257,4898815.93860421
25.93639062500126,4898815.957555539
25.94639062500126,4898815.97525778
25.956390625001262,4898815.993106005
25.966390625001264,4898816.011481567
25.976390625001265,4898816.028889393
25.986390625001267,4898816.046227867
25.99639062500127,4898816.063762144
26.00639062500127,4898816.081301174
26.01639062500127,4898816.098654291
26.026390625001273,4898816.116567037
26.036390625001275,4898816.134676541
26.046390625001276,4898816.152151622
26.056390625001278,4898816.170121673
26.06639062500128,4898816.187928181
26.07639062500128,4898816.205359245
26.086390625001282,4898816.222916605
26.096390625001284,4898816.240337618
26.106390625001286,4898816.257665772
26.116390625001287,4898816.275528246
26.12639062500129,4898816.292948859
26.13639062500129,4898816.310624577
26.146390625001292,4898816.328037358
26.156390625001293,4898816.345401776
26.166390625001295,4898816.362758577
26.176390625001297,4898816.380908514
26.186390625001298,4898816.401033231
26.1963906250013,4898816.419249456
26.2063906250013,4898816.437016353
26.216390625001303,4898816.454546038
26.226390625001304,4898816.473023567
26.236390625001306,4898816.491065425
26.246390625001307,4898816.508906565
26.25639062500131,4898816.526709204
26.26639062500131,4898816.544477455
26.276390625001312,4898816.562281116
26.286390625001314,4898816.580383881
26.296390625001315,4898816.598605314
26.306390625001317,4898816.616626077
26.31639062500132,4898816.634527957
26.32639062500132,4898816.654466833
26.33639062500132,4898816.672758461
26.346390625001323,4898816.691944131
26.356390625001325,4898816.710365685
26.366390625001326,4898816.729219282
26.376390625001328,4898816.747406946
26.38639062500133,4898816.765857596
26.39639062500133,4898816.783862205
26.406390625001332,4898816.801610675
26.416390625001334,4898816.819676769
26.426390625001336,4898816.838385971
26.436390625001337,4898816.857509939
26.44639062500134,4898816.877336785
26.45639062500134,4898816.895662499
26.466390625001342,4898816.91345949
26.476390625001343,4898816.931558711
26.486390625001345,4898816.949676811
26.496390625001347,4898816.967573179
26.506390625001348,4898816.9859224
26.51639062500135,4898817.00501655
26.52639062500135,4898817.023838479
26.536390625001353,4898817.041910192
26.546390625001354,4898817.059956391
26.556390625001356,4898817.078346728
26.566390625001358,4898817.096854365
26.57639062500136,4898817.115673305
26.58639062500136,4898817.135991141
26.596390625001362,4898817.156565759
26.606390625001364,4898817.175711459
26.616390625001365,4898817.19577751
26.626390625001367,4898817.214343911
26.63639062500137,4898817.232801902
26.64639062500137,4898817.252144397
26.65639062500137,4898817.272147085
26.666390625001373,4898817.291722344
26.676390625001375,4898817.310332018
26.686390625001376,4898817.328685927
26.696390625001378,4898817.346856525
26.70639062500138,4898817.364983857
26.71639062500138,4898817.384789703
26.726390625001383,4898817.399817938
26.736390625001384,4898817.418622619
26.746390625001386,4898817.441343375
26.756390625001387,4898817.460939806
26.76639062500139,4898817.480643344
26.77639062500139,4898817.503047441
26.786390625001392,4898817.524041852
26.796390625001393,4898817.546566015
26.806390625001395,4898817.564076339
26.816390625001397,4898817.581201514
26.826390625001398,4898817.599234601
26.8363906250014,4898817.615311815
26.8463906250014,4898817.629441049
26.856390625001403,4898817.643288232
26.866390625001404,4898817.659717652
26.876390625001406,4898817.671984305
26.881390625001405,4898817.68719358
26.882640625001404,4898817.706769821
26.888890625001405,4898817.740513336
26.898890625001407,4898817.77962169
26.90889062500141,4898817.800439079
26.91889062500141,4898817.823030569
26.92889062500141,4898817.842952289
26.938890625001413,4898817.861045274
26.948890625001415,4898817.880145591
26.958890625001416,4898817.895165823
26.968890625001418,4898817.916182893
26.97889062500142,4898817.930681132
26.98889062500142,4898817.946719426
26.998890625001422,4898817.96188349
27.008890625001424,4898817.982910719
27.018890625001426,4898818.004575039
27.028890625001427,4898818.023160563
27.03889062500143,4898818.040487871
27.04889062500143,4898818.055084884
27.058890625001432,4898818.070200417
27.068890625001433,4898818.086066197
27.078890625001435,4898818.101161465
27.088890625001437,4898818.11647947
27.098890625001438,4898818.133739686
27.10889062500144,4898818.149125165
27.11889062500144,4898818.170793974
27.128890625001443,4898818.195024848
27.138890625001444,4898818.212131857
27.148890625001446,4898818.228465379
27.158890625001447,4898818.245008761
27.16889062500145,4898818.259990079
27.17889062500145,4898818.274890301
27.188890625001452,4898818.289916784
27.198890625001454,4898818.307789148
27.208890625001455,4898818.324308909
27.218890625001457,4898818.343157403
27.22889062500146,4898818.360865445
27.23889062500146,4898818.378728133
27.24889062500146,4898818.396499862
27.258890625001463,4898818.415511111
27.268890625001465,4898818.436281569
27.278890625001466,4898818.454671788
27.288890625001468,4898818.47715408
27.29889062500147,4898818.509700224
27.30889062500147,4898818.526194606
27.31389062500147,4898818.545664636
27.32389062500147,4898818.579097819
27.333890625001473,4898818.609572783
27.343890625001475,4898818.631124407
27.353890625001476,4898818.649686616
27.363890625001478,4898818.67205987
27.37389062500148,4898818.69198624
27.38389062500148,4898818.709367465
27.393890625001482,4898818.728786052
27.403890625001484,4898818.747163751
27.413890625001486,4898818.76825802
27.423890625001487,4898818.784513981
27.43389062500149,4898818.802035436
27.44389062500149,4898818.82193284
27.453890625001492,4898818.840100119
27.463890625001493,4898818.865267928
27.473890625001495,4898818.889769318
27.483890625001496,4898818.908099446
27.488890625001495,4898818.924086055
27.492483804000244,4898818.958699994
27.502483804000246,4898818.981643885
27.512483804000247,4898818.999740312
27.517483804000246,4898819.017415678
27.522483804000245,4898819.03527195
27.532483804000247,4898819.073010764
27.54248380400025,4898819.097223751
27.55248380400025,4898819.111132645
27.56248380400025,4898819.125906359
27.572483804000253,4898819.141305659
27.582483804000255,4898819.154746404
27.592483804000256,4898819.168913636
27.602483804000258,4898819.182864502
27.61248380400026,4898819.196061138
27.62248380400026,4898819.20930159
27.632483804000262,4898819.222550175
27.642483804000264,4898819.235449705
27.652483804000266,4898819.248385882
27.662483804000267,4898819.261403453
27.67248380400027,4898819.274657459
27.68248380400027,4898819.288102409
27.692483804000272,4898819.301079207
27.702483804000273,4898819.314558293
27.712483804000275,4898819.328383209
27.722483804000277,4898819.34160755
27.732483804000278,4898819.354942745
27.74248380400028,4898819.36833973
27.75248380400028,4898819.381893668
27.762483804000283,4898819.394923731
27.772483804000284,4898819.408269454
27.782483804000286,4898819.421351251
27.792483804000288,4898819.434419382
27.80248380400029,4898819.447597163
27.81248380400029,4898819.460081514
27.822483804000292,4898819.472486779
27.832483804000294,4898819.48534718
27.842483804000295,4898819.498901678
27.852483804000297,4898819.513676569
27.8624838040003,4898819.528106353
27.8724838040003,4898819.540905888
27.8824838040003,4898819.555680986
27.892483804000303,4898819.570424742
27.902483804000305,4898819.583937607
27.912483804000306,4898819.597103295
27.922483804000308,4898819.610192213
27.93248380400031,4898819.622961613
27.94248380400031,4898819.63551233
27.952483804000313,4898819.647886034
27.962483804000314,4898819.661080411
27.972483804000316,4898819.674276191
27.982483804000317,4898819.687527022
27.99248380400032,4898819.70091006
28.00248380400032,4898819.714194229
28.012483804000322,4898819.727103525
28.022483804000323,4898819.739807335
28.032483804000325,4898819.752647498
28.042483804000327,4898819.765774556
28.052483804000328,4898819.778973412
28.06248380400033,4898819.791937102
28.07248380400033,4898819.804980989
28.082483804000333,4898819.81802836
28.092483804000334,4898819.83084171
28.102483804000336,4898819.844055307
28.112483804000338,4898819.856747188
28.12248380400034,4898819.87158965
28.13248380400034,4898819.884914337
28.142483804000342,4898819.898009475
28.152483804000344,4898819.911126078
28.162483804000345,4898819.923990799
28.172483804000347,4898819.936556579
28.18248380400035,4898819.949517696
28.19248380400035,4898819.962281787
28.20248380400035,4898819.974975786
28.212483804000353,4898819.988048618
28.222483804000355,4898820.002091072
28.232483804000356,4898820.015067161
28.242483804000358,4898820.027918875
28.25248380400036,4898820.040988314
28.26248380400036,4898820.053475004
28.272483804000363,4898820.066136736
28.282483804000364,4898820.079173222
28.292483804000366,4898820.092277848
28.302483804000367,4898820.105222017
28.31248380400037,4898820.118418348
28.32248380400037,4898820.131652537
28.332483804000372,4898820.144736019
28.342483804000373,4898820.157408773
28.352483804000375,4898820.169994313
28.362483804000377,4898820.182526919
28.372483804000378,4898820.194690745
28.38248380400038,4898820.206936717
28.39248380400038,4898820.219356377
28.402483804000383,4898820.231561636
28.412483804000384,4898820.243934059
28.422483804000386,4898820.255935538
28.432483804000388,4898820.268075855
28.44248380400039,4898820.280353939
28.45248380400039,4898820.292501027
28.462483804000392,4898820.304845205
28.472483804000394,4898820.316833268
28.482483804000395,4898820.329086142
28.492483804000397,4898820.342060399
28.5024838040004,4898820.354624661
28.5124838040004,4898820.367445233
28.5224838040004,4898820.380268286
28.532483804000403,4898820.39329522
28.542483804000405,4898820.407934213
28.552483804000406,4898820.421226541
28.562483804000408,4898820.433979354
28.57248380400041,4898820.446796895
28.58248380400041,4898820.459657939
28.592483804000413,4898820.472276405
28.602483804000414,4898820.485211327
28.612483804000416,4898820.498308516
28.622483804000417,4898820.511274389
28.63248380400042,4898820.524011699
28.64248380400042,4898820.536583625
28.652483804000422,4898820.549347573
28.662483804000424,4898820.562741771
28.672483804000425,4898820.575953051
28.682483804000427,4898820.589208599
28.692483804000428,4898820.602427052
28.70248380400043,4898820.615553571
28.71248380400043,4898820.627835299
28.722483804000433,4898820.640391359
28.732483804000434,4898820.652808226
28.742483804000436,4898820.665255904
28.752483804000438,4898820.677640889
28.76248380400044,4898820.68985678
28.77248380400044,4898820.702444571
28.782483804000442,4898820.715343917
28.792483804000444,4898820.727490517
28.802483804000445,4898820.739885939
28.812483804000447,4898820.751792978
28.82248380400045,4898820.763896832
28.83248380400045,4898820.776147872
28.84248380400045,4898820.788967741
28.852483804000453,4898820.801169876
28.862483804000455,4898820.813542492
28.872483804000456,4898820.825565762
28.882483804000458,4898820.837814718
28.89248380400046,4898820.84983296
28.90248380400046,4898820.862933653
28.912483804000463,4898820.876162454
28.922483804000464,4898820.888673158
28.932483804000466,4898820.901132424
28.942483804000467,4898820.913357446
28.95248380400047,4898820.925572615
28.96248380400047,4898820.937766362
28.972483804000472,4898820.950126879
28.982483804000474,4898820.962273399
28.992483804000475,4898820.974347213
29.002483804000477,4898820.986780974
29.012483804000478,4898821.00015019
29.02248380400048,4898821.012822012
29.03248380400048,4898821.024997205
29.042483804000483,4898821.037335597
29.052483804000484,4898821.049532365
29.062483804000486,4898821.061865957
29.072483804000488,4898821.073859149
29.08248380400049,4898821.086171541
29.09248380400049,4898821.09840255
29.102483804000492,4898821.110819931
29.112483804000494,4898821.123461059
29.122483804000495,4898821.135930425
29.132483804000497,4898821.147999094
29.1424838040005,4898821.160180956
29.1524838040005,4898821.172831579
29.1624838040005,4898821.185215441
29.172483804000503,4898821.197767362
29.182483804000505,4898821.209865185
29.192483804000506,4898821.222012006
29.202483804000508,4898821.234114454
29.21248380400051,4898821.246108691
29.22248380400051,4898821.258338566
29.232483804000513,4898821.270473462
29.242483804000514,4898821.282808429
29.252483804000516,4898821.295098409
29.262483804000517,4898821.307566541
29.27248380400052,4898821.319928755
29.28248380400052,4898821.331952415
29.292483804000522,4898821.344041684
29.302483804000524,4898821.356176964
29.312483804000525,4898821.368280218
29.322483804000527,4898821.380549601
29.33248380400053,4898821.392884922
29.34248380400053,4898821.406622827
29.35248380400053,4898821.418903779
29.362483804000533,4898821.431187379
29.372483804000534,4898821.443294223
29.382483804000536,4898821.455165619
29.392483804000538,4898821.467155037
29.40248380400054,4898821.479622377
29.41248380400054,4898821.492066203
29.422483804000542,4898821.504485228
29.432483804000544,4898821.516899117
29.442483804000545,4898821.52906253
29.452483804000547,4898821.541337226
29.46248380400055,4898821.554193341
29.47248380400055,4898821.568129691
29.48248380400055,4898821.581132313
29.492483804000553,4898821.593661616
29.502483804000555,4898821.6062221
29.512483804000556,4898821.618683738
29.522483804000558,4898821.630928514
29.53248380400056,4898821.643334171
29.54248380400056,4898821.655665502
29.552483804000563,4898821.668176719
29.562483804000564,4898821.680641865
29.572483804000566,4898821.693008905
29.582483804000567,4898821.705499572
29.59248380400057,4898821.717643858
29.60248380400057,4898821.729710296
29.612483804000572,4898821.741959777
29.622483804000574,4898821.753951106
29.632483804000575,4898821.76613906
29.642483804000577,4898821.778252404
29.65248380400058,4898821.790646179
29.66248380400058,4898821.802663761
29.67248380400058,4898821.815098501
29.682483804000583,4898821.827067075
29.692483804000585,4898821.839243381
29.702483804000586,4898821.852685858
29.712483804000588,4898821.867124939
29.72248380400059,4898821.880446653
29.73248380400059,4898821.893376634
29.742483804000592,4898821.906338019
29.752483804000594,4898821.919876891
29.762483804000595,4898821.933277728
29.772483804000597,4898821.946587417
29.7824838040006,4898821.960028554
29.7924838040006,4898821.973105074
29.8024838040006,4898821.986482421
29.812483804000603,4898822.000857382
29.822483804000605,4898822.014413757
29.832483804000606,4898822.02762369
29.842483804000608,4898822.040980872
29.85248380400061,4898822.054258759
29.86248380400061,4898822.06768496
29.872483804000613,4898822.081106512
29.882483804000614,4898822.094493017
29.892483804000616,4898822.107896824
29.902483804000617,4898822.121644139
29.91248380400062,4898822.135485446
29.92248380400062,4898822.148748034
29.932483804000622,4898822.162810232
29.942483804000624,4898822.17673219
29.952483804000625,4898822.191296489
29.962483804000627,4898822.205068767
29.97248380400063,4898822.218246737
29.98248380400063,4898822.231207681
29.99248380400063,4898822.244297972
30.002483804000633,4898822.257313827
30.012483804000635,4898822.270459759
30.022483804000636,4898822.283970903
30.032483804000638,4898822.297318802
30.04248380400064,4898822.310482537
30.05248380400064,4898822.323370373
30.062483804000642,4898822.336081227
30.072483804000644,4898822.348593872
30.082483804000645,4898822.36126494
30.092483804000647,4898822.373762159
30.10248380400065,4898822.38682043
30.11248380400065,4898822.400051305
30.12248380400065,4898822.414155046
30.132483804000653,4898822.427195811
30.142483804000655,4898822.44015032
30.152483804000656,4898822.453086788
30.162483804000658,4898822.46662747
30.17248380400066,4898822.479860183
30.18248380400066,4898822.493610918
30.192483804000663,4898822.506970034
30.202483804000664,4898822.520711724
30.212483804000666,4898822.533995776
30.222483804000667,4898822.547683848
30.23248380400067,4898822.559957064
30.24248380400067,4898822.572143666
30.252483804000672,4898822.584619356
30.262483804000674,4898822.596949443
30.272483804000675,4898822.609494666
30.282483804000677,4898822.622405498
30.29248380400068,4898822.634895733
30.30248380400068,4898822.647909733
30.31248380400068,4898822.660830316
30.322483804000683,4898822.673715481
30.332483804000685,4898822.686794707
30.342483804000686,4898822.699608168
30.352483804000688,4898822.712498307
30.36248380400069,4898822.725723125
30.37248380400069,4898822.738857285
30.382483804000692,4898822.751858347
30.392483804000694,4898822.764959507
30.402483804000695,4898822.778368165
30.412483804000697,4898822.791887767
30.4224838040007,4898822.805062261
30.4324838040007,4898822.818256443
30.4424838040007,4898822.831257133
30.452483804000703,4898822.844737127
30.462483804000705,4898822.857813387
30.472483804000706,4898822.872710471
30.482483804000708,4898822.886237591
30.49248380400071,4898822.899357473
30.50248380400071,4898822.912335705
30.512483804000713,4898822.925233564
30.522483804000714,4898822.938070453
30.532483804000716,4898822.951218319
30.542483804000717,4898822.964294422
30.55248380400072,4898822.977529165
30.56248380400072,4898822.99063977
30.572483804000722,4898823.004860436
30.582483804000724,4898823.018031981
30.592483804000725,4898823.030748139
30.602483804000727,4898823.043565172
30.61248380400073,4898823.057091035
30.62248380400073,4898823.07054528
30.63248380400073,4898823.08426023
30.642483804000733,4898823.097489205
30.652483804000735,4898823.110581991
30.662483804000736,4898823.123978953
30.672483804000738,4898823.136968271
30.68248380400074,4898823.14971469
30.69248380400074,4898823.162122197
30.702483804000742,4898823.17466555
30.712483804000744,4898823.187260291
30.722483804000746,4898823.19957408
30.732483804000747,4898823.21171888
30.74248380400075,4898823.224048584
30.75248380400075,4898823.236148622
30.76248380400075,4898823.248499964
30.772483804000753,4898823.260574264
30.782483804000755,4898823.272737919
30.792483804000756,4898823.285035345
30.802483804000758,4898823.297596503
30.81248380400076,4898823.30979496
30.82248380400076,4898823.322078736
30.832483804000763,4898823.334247871
30.842483804000764,4898823.346413723
30.852483804000766,4898823.358434965
30.862483804000767,4898823.370540806
30.87248380400077,4898823.382884191
30.88248380400077,4898823.395113915
30.892483804000772,4898823.408972976
30.902483804000774,4898823.421411714
30.912483804000775,4898823.433718274
30.922483804000777,4898823.445825573
30.93248380400078,4898823.457791596
30.94248380400078,4898823.470107516
30.95248380400078,4898823.482425297
30.962483804000783,4898823.494950248
30.972483804000785,4898823.507623813
30.982483804000786,4898823.51984671
30.992483804000788,4898823.531911717
31.00248380400079,4898823.544784619
31.01248380400079,4898823.558826851
31.022483804000792,4898823.572131179
31.032483804000794,4898823.58531402
31.042483804000796,4898823.597646495
31.052483804000797,4898823.609959062
31.0624838040008,4898823.622658617
31.0724838040008,4898823.635039871
31.082483804000802,4898823.64738348
31.092483804000803,4898823.659730426
31.102483804000805,4898823.672207268
31.112483804000806,4898823.684647252
31.122483804000808,4898823.696870702
31.13248380400081,4898823.709196528
31.14248380400081,4898823.721318793
31.152483804000813,4898823.733469514
31.162483804000814,4898823.745620066
31.172483804000816,4898823.757556278
31.182483804000817,4898823.769643231
31.19248380400082,4898823.782160469
31.20248380400082,4898823.794423321
31.212483804000822,4898823.806497488
31.222483804000824,4898823.81929916
31.232483804000825,4898823.83209717
31.242483804000827,4898823.844948682
31.25248380400083,4898823.857762357
31.26248380400083,4898823.872638856
31.27248380400083,4898823.885700197
31.282483804000833,4898823.898690495
31.292483804000835,4898823.911685638
31.302483804000836,4898823.924597024
31.312483804000838,4898823.937009001
31.32248380400084,4898823.949466796
31.33248380400084,4898823.961631655
31.342483804000842,4898823.974286986
31.352483804000844,4898823.986693058
31.362483804000846,4898824.000203449
31.372483804000847,4898824.012566909
31.38248380400085,4898824.024760698
31.39248380400085,4898824.036870983
31.402483804000852,4898824.049219526
31.412483804000853,4898824.061463181
31.422483804000855,4898824.073675959
31.432483804000857,4898824.086193641
31.442483804000858,4898824.098400098
31.45248380400086,4898824.110742208
31.46248380400086,4898824.123601519
31.472483804000863,4898824.136186981
31.482483804000864,4898824.148509381
31.492483804000866,4898824.160572394
31.502483804000867,4898824.173048944
31.51248380400087,4898824.185940683
31.52248380400087,4898824.198360577
31.532483804000872,4898824.210601946
31.542483804000874,4898824.222704523
31.552483804000875,4898824.234994372
31.562483804000877,4898824.247194444
31.57248380400088,4898824.259202548
31.58248380400088,4898824.271390972
31.59248380400088,4898824.283700381
31.602483804000883,4898824.29618052
31.612483804000885,4898824.30860143
31.622483804000886,4898824.320787468
31.632483804000888,4898824.332841333
31.64248380400089,4898824.344896054
31.65248380400089,4898824.356949729
31.662483804000892,4898824.369215474
31.672483804000894,4898824.381648225
31.682483804000896,4898824.394145632
31.692483804000897,4898824.406788593
31.7024838040009,4898824.421175579
31.7124838040009,4898824.433732242
31.722483804000902,4898824.446018932
31.732483804000903,4898824.458246033
31.742483804000905,4898824.470567061
31.752483804000907,4898824.482864397
31.762483804000908,4898824.495552779
31.77248380400091,4898824.508167513
31.78248380400091,4898824.520405423
31.792483804000913,4898824.532573963
31.802483804000914,4898824.544724946
31.812483804000916,4898824.556878074
31.822483804000917,4898824.569059157
31.83248380400092,4898824.58130109
31.84248380400092,4898824.593760056
31.852483804000922,4898824.606011922
31.862483804000924,4898824.61919169
31.872483804000925,4898824.632125287
31.882483804000927,4898824.645040224
31.89248380400093,4898824.657775303
31.90248380400093,4898824.670365078
31.91248380400093,4898824.683083946
31.922483804000933,4898824.695714463
31.932483804000935,4898824.707861983
31.942483804000936,4898824.720442739
31.952483804000938,4898824.732681926
31.96248380400094,4898824.744952286
31.97248380400094,4898824.757440041
31.982483804000942,4898824.769618672
31.992483804000944,4898824.781955307
32.002483804000946,4898824.794536532
32.012483804000944,4898824.806559041
32.02248380400094,4898824.819321733
32.03248380400094,4898824.831540805
32.04248380400094,4898824.843813242
32.052483804000936,4898824.856188188
32.062483804000934,4898824.870359303
32.07248380400093,4898824.882910551
32.08248380400093,4898824.895548953
32.09248380400093,4898824.907834626
32.102483804000926,4898824.92016209
32.112483804000924,4898824.932438319
32.12248380400092,4898824.944718287
32.13248380400092,4898824.957102186
32.14248380400092,4898824.970012487
32.152483804000916,4898824.982538434
32.162483804000914,4898824.995912729
32.17248380400091,4898825.008847714
32.18248380400091,4898825.021469695
32.19248380400091,4898825.033720657
32.202483804000906,4898825.04617154
32.212483804000904,4898825.058284391
32.2224838040009,4898825.070600167
32.2324838040009,4898825.083331208
32.2424838040009,4898825.096176403
32.252483804000896,4898825.108308619
32.262483804000894,4898825.12132539
32.27248380400089,4898825.133861627
32.28248380400089,4898825.146084662
32.29248380400089,4898825.158177687
32.302483804000886,4898825.170924163
32.312483804000884,4898825.183464016
32.32248380400088,4898825.196226696
32.33248380400088,4898825.208498904
32.34248380400088,4898825.220898184
32.352483804000876,4898825.233143866
32.362483804000874,4898825.245333465
32.37248380400087,4898825.257469878
32.38248380400087,4898825.269765828
32.39248380400087,4898825.282116167
32.402483804000866,4898825.294537138
32.412483804000864,4898825.306631331
32.42248380400086,4898825.318972263
32.43248380400086,4898825.331552672
32.44248380400086,4898825.34383687
32.452483804000856,4898825.356067484
32.462483804000854,4898825.368218296
32.47248380400085,4898825.380709968
32.48248380400085,4898825.393230802
32.49248380400085,4898825.405726844
32.502483804000846,4898825.41825574
32.512483804000844,4898825.430773792
32.52248380400084,4898825.442900457
32.53248380400084,4898825.455112465
32.54248380400084,4898825.467434567
32.552483804000836,4898825.480017212
32.562483804000834,4898825.492507901
32.57248380400083,4898825.50489383
32.58248380400083,4898825.517268806
32.59248380400083,4898825.529807789
32.602483804000826,4898825.54182893
32.612483804000824,4898825.555170802
32.62248380400082,4898825.567917718
32.63248380400082,4898825.580581667
32.64248380400082,4898825.593190054
32.652483804000816,4898825.605408687
32.662483804000814,4898825.61790077
32.67248380400081,4898825.6304561
32.68248380400081,4898825.642979065
32.69248380400081,4898825.655583832
32.702483804000806,4898825.667856205
32.712483804000804,4898825.680270707
32.7224838040008,4898825.692583932
32.7324838040008,4898825.704965093
32.7424838040008,4898825.717275765
32.752483804000796,4898825.729731873
32.762483804000794,4898825.741805559
32.77248380400079,4898825.753970034
32.78248380400079,4898825.76623447
32.79248380400079,4898825.778385348
32.80248380400079,4898825.790699803
32.812483804000784,4898825.802918291
32.82248380400078,4898825.815231883
32.83248380400078,4898825.827725766
32.84248380400078,4898825.840054029
32.85248380400078,4898825.852248482
32.862483804000775,4898825.865873171
32.87248380400077,4898825.878916312
32.88248380400077,4898825.891390741
32.89248380400077,4898825.903767548
32.90248380400077,4898825.916351694
32.912483804000765,4898825.928961784
32.92248380400076,4898825.94110294
32.93248380400076,4898825.953358467
32.94248380400076,4898825.965843209
32.95248380400076,4898825.978337799
32.962483804000755,4898825.991213015
32.97248380400075,4898826.004571886
32.98248380400075,4898826.01681495
32.99248380400075,4898826.029200666
33.00248380400075,4898826.041390771
33.012483804000745,4898826.05355245
33.02248380400074,4898826.065653735
33.03248380400074,4898826.077989379
33.04248380400074,4898826.090582056
33.05248380400074,4898826.102958752
33.062483804000735,4898826.115432985
33.07248380400073,4898826.128202265
33.08248380400073,4898826.140575103
33.09248380400073,4898826.152838907
33.10248380400073,4898826.165129736
33.112483804000725,4898826.177747438
33.12248380400072,4898826.190191828
33.13248380400072,4898826.202600885
33.14248380400072,4898826.214799784
33.15248380400072,4898826.227039721
33.162483804000715,4898826.239448529
33.17248380400071,4898826.251654279
33.18248380400071,4898826.26383168
33.19248380400071,4898826.276238819
33.20248380400071,4898826.288716403
33.212483804000705,4898826.301129306
33.2224838040007,4898826.313484564
33.2324838040007,4898826.325594425
33.2424838040007,4898826.338117734
33.2524838040007,4898826.350412208
33.262483804000695,4898826.362617395
33.27248380400069,4898826.374820612
33.28248380400069,4898826.387249515
33.29248380400069,4898826.399794911
33.30248380400069,4898826.414117241
33.312483804000685,4898826.428688305
33.32248380400068,4898826.441556575
33.33248380400068,4898826.454121576
33.34248380400068,4898826.466829833
33.35248380400068,4898826.479520681
33.362483804000675,4898826.492428379
33.37248380400067,4898826.505147369
33.38248380400067,4898826.517914797
33.39248380400067,4898826.530824728
33.40248380400067,4898826.544105865
33.412483804000665,4898826.55671496
33.42248380400066,4898826.56913699
33.43248380400066,4898826.581779451
33.44248380400066,4898826.594716242
33.45248380400066,4898826.607732764
33.462483804000655,4898826.621011131
33.47248380400065,4898826.634372133
33.48248380400065,4898826.64822318
33.49248380400065,4898826.66234617
33.50248380400065,4898826.676364566
33.512483804000645,4898826.689400341
33.52248380400064,4898826.701917519
33.53248380400064,4898826.714429598
33.54248380400064,4898826.727128101
33.55248380400064,4898826.739670161
33.562483804000635,4898826.752325125
33.57248380400063,4898826.764546848
33.58248380400063,4898826.776957542
33.59248380400063,4898826.789572485
33.60248380400063,4898826.802332593
33.612483804000625,4898826.815111834
33.62248380400062,4898826.827986
33.63248380400062,4898826.840752763
33.64248380400062,4898826.854214988
33.65248380400062,4898826.874176218
33.662483804000615,4898826.890712472
33.67248380400061,4898826.905541061
33.68248380400061,4898826.920887281
33.69248380400061,4898826.935641825
33.70248380400061,4898826.950410324
33.712483804000605,4898826.965144158
33.7224838040006,4898826.980095539
33.7324838040006,4898826.996123613
33.7424838040006,4898827.011726977
33.7524838040006,4898827.026594249
33.762483804000595,4898827.041468042
33.77248380400059,4898827.056487121
33.78248380400059,4898827.071106067
33.79248380400059,4898827.085958494
33.80248380400059,4898827.101249748
33.812483804000586,4898827.116229085
33.82248380400058,4898827.130990269
33.83248380400058,4898827.145221006
33.84248380400058,4898827.159385063
33.85248380400058,4898827.173896009
33.862483804000576,4898827.18843519
33.872483804000574,4898827.202796885
33.88248380400057,4898827.217016417
33.89248380400057,4898827.231205934
33.90248380400057,4898827.245239397
33.912483804000566,4898827.259462481
33.922483804000564,4898827.273437488
33.93248380400056,4898827.287780308
33.94248380400056,4898827.301967333
33.95248380400056,4898827.315975033
33.962483804000556,4898827.32972227
33.972483804000554,4898827.343399314
33.98248380400055,4898827.357411261
33.99248380400055,4898827.371158149
34.00248380400055,4898827.385047246
34.012483804000546,4898827.399155797
34.022483804000544,4898827.413017935
34.03248380400054,4898827.426898411
34.04248380400054,4898827.441583847
34.05248380400054,4898827.456663946
34.062483804000536,4898827.471660187
34.072483804000534,4898827.486931136
34.08248380400053,4898827.502398251
34.09248380400053,4898827.517368411
34.10248380400053,4898827.532729341
34.112483804000526,4898827.547704098
34.122483804000524,4898827.563066116
34.13248380400052,4898827.577902452
34.14248380400052,4898827.592008026
34.15248380400052,4898827.605950353
34.162483804000516,4898827.620099406
34.172483804000514,4898827.63398121
34.18248380400051,4898827.647686
34.19248380400051,4898827.661553686
34.20248380400051,4898827.675664435
34.212483804000506,4898827.690421302
34.222483804000504,4898827.706156813
34.2324838040005,4898827.720786053
34.2424838040005,4898827.735211863
34.2524838040005,4898827.750085025
34.262483804000496,4898827.763943955
34.272483804000494,4898827.777884005
34.28248380400049,4898827.791776766
34.29248380400049,4898827.805603732
34.30248380400049,4898827.819453581
34.312483804000486,4898827.833434454
34.322483804000484,4898827.847070259
34.33248380400048,4898827.861103976
34.34248380400048,4898827.87665913
34.35248380400048,4898827.890839327
34.362483804000476,4898827.904800526
34.372483804000474,4898827.918709793
34.38248380400047,4898827.932788225
34.39248380400047,4898827.947613572
34.40248380400047,4898827.96244314
34.412483804000466,4898827.977200396
34.422483804000464,4898827.991959838
34.43248380400046,4898828.007270976
34.44248380400046,4898828.021679933
34.45248380400046,4898828.037495133
34.462483804000456,4898828.051740215
34.472483804000454,4898828.065755592
34.48248380400045,4898828.080500494
34.49248380400045,4898828.094748639
34.50248380400045,4898828.109105666
34.512483804000446,4898828.124015797
34.522483804000444,4898828.138341635
34.53248380400044,4898828.152294947
34.54248380400044,4898828.166032888
34.55248380400044,4898828.180213132
34.562483804000436,4898828.194262919
34.572483804000434,4898828.208302817
34.58248380400043,4898828.222151175
34.59248380400043,4898828.235880337
34.60248380400043,4898828.249546079
34.612483804000426,4898828.263177804
34.622483804000424,4898828.277153564
34.63248380400042,4898828.29112869
34.64248380400042,4898828.305147867
34.65248380400042,4898828.31885358
34.662483804000416,4898828.332729087
34.672483804000414,4898828.346459321
34.68248380400041,4898828.360119075
34.69248380400041,4898828.374188772
34.70248380400041,4898828.388263002
34.71248380400041,4898828.402229232
34.722483804000404,4898828.421072223
34.7324838040004,4898828.44097309
34.7424838040004,4898828.455471344
34.7524838040004,4898828.469969368
34.7624838040004,4898828.484183455
34.772483804000395,4898828.498555586
34.78248380400039,4898828.512744727
34.79248380400039,4898828.526762468
34.80248380400039,4898828.54073837
34.81248380400039,4898828.554666169
34.822483804000385,4898828.568889746
34.83248380400038,4898828.582759042
34.84248380400038,4898828.597324721
34.85248380400038,4898828.61138684
34.86248380400038,4898828.625257912
34.872483804000375,4898828.639047353
34.88248380400037,4898828.652807435
34.89248380400037,4898828.667260138
34.90248380400037,4898828.681123211
34.91248380400037,4898828.695358475
34.922483804000365,4898828.71085419
34.93248380400036,4898828.72753044
34.94248380400036,4898828.742523687
34.95248380400036,4898828.757519064
34.96248380400036,4898828.772747472
34.972483804000355,4898828.787659901
34.98248380400035,4898828.80350741
34.99248380400035,4898828.819442021
35.00248380400035,4898828.834534338
35.01248380400035,4898828.849374421
35.022483804000345,4898828.86438964
35.03248380400034,4898828.879377215
35.04248380400034,4898828.894251508
35.05248380400034,4898828.909400202
35.06248380400034,4898828.924600465
35.072483804000335,4898828.939344383
35.08248380400033,4898828.9542469
35.09248380400033,4898828.969475113
35.10248380400033,4898828.9843196
35.11248380400033,4898828.999713115
35.122483804000325,4898829.015009182
35.13248380400032,4898829.030361706
35.14248380400032,4898829.045392519
35.15248380400032,4898829.060328084
35.16248380400032,4898829.075476156
35.172483804000315,4898829.090418343
35.18248380400031,4898829.105723334
35.19248380400031,4898829.120783686
35.20248380400031,4898829.135730468
35.21248380400031,4898829.150569378
35.222483804000305,4898829.16605386
35.2324838040003,4898829.18149019
35.2424838040003,4898829.196560821
35.2524838040003,4898829.211959205
35.2624838040003,4898829.227529234
35.272483804000295,4898829.242586463
35.28248380400029,4898829.257373457
35.29248380400029,4898829.272580946
35.30248380400029,4898829.287400675
35.31248380400029,4898829.302730373
35.322483804000285,4898829.318085852
35.33248380400028,4898829.333143681
35.34248380400028,4898829.34788204
35.35248380400028,4898829.363274408
35.36248380400028,4898829.378621797
35.372483804000275,4898829.393885995
35.38248380400027,4898829.409223889
35.39248380400027,4898829.425758907
35.40248380400027,4898829.441115982
35.41248380400027,4898829.456453672
35.422483804000265,4898829.472097974
35.43248380400026,4898829.487226249
35.44248380400026,4898829.502771441
35.45248380400026,4898829.518195719
35.46248380400026,4898829.533328084
35.472483804000255,4898829.548283862
35.48248380400025,4898829.563615319
35.49248380400025,4898829.578993916
35.50248380400025,4898829.594233075
35.51248380400025,4898829.609533641
35.522483804000245,4898829.62462525
35.53248380400024,4898829.639713796
35.54248380400024,4898829.654717939
35.55248380400024,4898829.67014083
35.56248380400024,4898829.685330274
35.572483804000235,4898829.700784336
35.58248380400023,4898829.716068663
35.59248380400023,4898829.731734175
35.60248380400023,4898829.746955187
35.61248380400023,4898829.762298908
35.622483804000225,4898829.777696296
35.63248380400022,4898829.792928861
35.64248380400022,4898829.808482321
35.65248380400022,4898829.823929237
35.66248380400022,4898829.839196445
35.672483804000215,4898829.854506468
35.68248380400021,4898829.87030344
35.69248380400021,4898829.885800574
35.70248380400021,4898829.901735823
35.71248380400021,4898829.917524279
35.722483804000206,4898829.933154532
35.7324838040002,4898829.948640647
35.7424838040002,4898829.964573858
35.7524838040002,4898829.98042909
35.7624838040002,4898829.99644234
35.772483804000196,4898830.018035492
35.782483804000194,4898830.037826149
35.79248380400019,4898830.071683518
35.80248380400019,4898830.09113694
35.81248380400019,4898830.109599596
35.822483804000186,4898830.13072186
35.832483804000184,4898830.160186351
35.84248380400018,4898830.186273024
35.84748380400018,4898830.21380952
35.849983804000175,4898830.25904852
35.85998380400017,4898830.298220236
35.86998380400017,4898830.319860715
35.87998380400017,4898830.338437075
35.88998380400017,4898830.354530772
35.899983804000165,4898830.370638067
35.90998380400016,4898830.386651066
35.91998380400016,4898830.402605352
35.92998380400016,4898830.418908139
35.93998380400016,4898830.439165221
35.949983804000155,4898830.45668301
35.95998380400015,4898830.473237941
35.96998380400015,4898830.489410709
35.97998380400015,4898830.505883608
35.98998380400015,4898830.522308708
35.999983804000145,4898830.54014647
36.00998380400014,4898830.556583005
36.01998380400014,4898830.572455609
36.02998380400014,4898830.590121812
36.03998380400014,4898830.607276022
36.049983804000135,4898830.625204618
36.05998380400013,4898830.643825917
36.06998380400013,4898830.660557974
36.07998380400013,4898830.681093031
36.08998380400013,4898830.702294494
36.099983804000125,4898830.723986703
36.10998380400012,4898830.746913439
36.11998380400012,4898830.773100418
36.12998380400012,4898830.801311515
36.13998380400012,4898830.825039679
36.149983804000115,4898830.842502155
36.15998380400011,4898830.86099787
36.16998380400011,4898830.882547601
36.17998380400011,4898830.900594606
36.18998380400011,4898830.919535251
36.199983804000105,4898830.937881026
36.2099838040001,4898830.955315151
36.2199838040001,4898830.972913869
36.2299838040001,4898830.990489747
36.2399838040001,4898831.011484768
36.249983804000095,4898831.042352177
36.25998380400009,4898831.064936082
36.26998380400009,4898831.08363739
36.27998380400009,4898831.12289712
36.28998380400009,4898831.141946462
36.299983804000085,4898831.160624922
36.30498380400009,4898831.182364666
36.31085170465149,4898831.247480159
36.31459950720793,4898831.278959406
36.31709950720793,4898831.320865692
36.32209950720792,4898831.367189758
36.328825190982776,4898831.402754169
36.333850181433135,4898831.461916223
36.34385018143313,4898831.490871152
36.348850181433136,4898831.522482388
36.350100181433135,4898831.557648568
36.35322518143313,4898831.609982638
36.36322518143313,4898831.657539061
36.37322518143313,4898831.682022467
36.383225181433126,4898831.705155512
36.393225181433124,4898831.725542961
36.40322518143312,4898831.745329749
36.41322518143312,4898831.764560174
36.42322518143312,4898831.786767025
36.433225181433116,4898831.809356224
36.443225181433114,4898831.828919428
36.45322518143311,4898831.847999362
36.46322518143311,4898831.869377635
36.47322518143311,4898831.889941867
36.483225181433106,4898831.909141775
36.493225181433104,4898831.928391589
36.5032251814331,4898831.947162664
36.5132251814331,4898831.965824902
36.5232251814331,4898831.984686065
36.533225181433096,4898832.004837636
36.543225181433094,4898832.023959551
36.55322518143309,4898832.043358056
36.56322518143309,4898832.061993029
36.57322518143309,4898832.08078896
36.583225181433086,4898832.099800681
36.593225181433084,4898832.118865055
36.60322518143308,4898832.138579597
36.61322518143308,4898832.157229912
36.62322518143308,4898832.175669899
36.633225181433076,4898832.194550167
36.643225181433074,4898832.212769355
36.65322518143307,4898832.2310662
36.66322518143307,4898832.24917958
36.67322518143307,4898832.266977561
36.683225181433066,4898832.285027258
36.693225181433064,4898832.303407785
36.70322518143306,4898832.322218438
36.71322518143306,4898832.341197491
36.72322518143306,4898832.359886003
36.733225181433056,4898832.378717654
36.743225181433054,4898832.397548884
36.75322518143305,4898832.415996118
36.76322518143305,4898832.43643819
36.77322518143305,4898832.456378982
36.783225181433046,4898832.475110794
36.793225181433044,4898832.493719151
36.80322518143304,4898832.511920271
36.81322518143304,4898832.530350879
36.82322518143304,4898832.548262171
36.833225181433036,4898832.56644343
36.843225181433034,4898832.584281587
36.85322518143303,4898832.60241119
36.86322518143303,4898832.6207242
36.87322518143303,4898832.639016803
36.883225181433026,4898832.656983801
36.893225181433024,4898832.675383374
36.90322518143302,4898832.693477653
36.91322518143302,4898832.711721816
36.92322518143302,4898832.730217584
36.933225181433016,4898832.748415271
36.943225181433014,4898832.766498548
36.95322518143301,4898832.785936102
36.96322518143301,4898832.805493329
36.97322518143301,4898832.824007682
36.983225181433006,4898832.84204064
36.993225181433004,4898832.860926328
37.003225181433,4898832.880894859
37.013225181433,4898832.899269938
37.023225181433,4898832.917585051
37.033225181433,4898832.935505859
37.043225181432994,4898832.95356725
37.05322518143299,4898832.971718329
37.06322518143299,4898832.98999412
37.07322518143299,4898833.009458611
37.08322518143299,4898833.027824962
37.093225181432985,4898833.045659722
37.10322518143298,4898833.063331424
37.11322518143298,4898833.081119656
37.12322518143298,4898833.099258031
37.13322518143298,4898833.118043163
37.143225181432975,4898833.13626618
37.15322518143297,4898833.154116273
37.16322518143297,4898833.172240605
37.17322518143297,4898833.190212796
37.18322518143297,4898833.208290274
37.193225181432965,4898833.226242619
37.20322518143296,4898833.244124755
37.21322518143296,4898833.261690394
37.22322518143296,4898833.279251884
37.23322518143296,4898833.296879681
37.243225181432955,4898833.314593683
37.25322518143295,4898833.331973747
37.26322518143295,4898833.349108499
37.27322518143295,4898833.365993077
37.28322518143295,4898833.382799422
37.293225181432945,4898833.400345686
37.30322518143294,4898833.417688816
37.31322518143294,4898833.436376711
37.32322518143294,4898833.453712284
37.33322518143294,4898833.47113356
37.343225181432935,4898833.487969012
37.35322518143293,4898833.505393906
37.36322518143293,4898833.522597082
37.37322518143293,4898833.539779576
37.38322518143293,4898833.55869586
37.393225181432925,4898833.577889824
37.40322518143292,4898833.595100777
37.41322518143292,4898833.612668633
37.42322518143292,4898833.630393475
37.43322518143292,4898833.647536855
37.443225181432915,4898833.664661412
37.45322518143291,4898833.681834349
37.46322518143291,4898833.699210796
37.47322518143291,4898833.716365908
37.48322518143291,4898833.733697924
37.493225181432905,4898833.750960202
37.5032251814329,4898833.76847567
37.5132251814329,4898833.786348766
37.5232251814329,4898833.80452516
37.5332251814329,4898833.822643254
37.543225181432895,4898833.84082507
37.55322518143289,4898833.858820238
37.56322518143289,4898833.878569209
37.57322518143289,4898833.896574896
37.58322518143289,4898833.91446427
37.593225181432885,4898833.932652171
37.60322518143288,4898833.950248937
37.61322518143288,4898833.967708475
37.62322518143288,4898833.985389164
37.63322518143288,4898834.004319854
37.643225181432875,4898834.022116686
37.65322518143287,4898834.0403184
37.66322518143287,4898834.05822514
37.67322518143287,4898834.075752805
37.68322518143287,4898834.093562221
37.693225181432865,4898834.111880052
37.70322518143286,4898834.140480343
37.71322518143286,4898834.16648391
37.72322518143286,4898834.186064913
37.73322518143286,4898834.20691841
37.743225181432855,4898834.227388879
37.75322518143285,4898834.247820443
37.76322518143285,4898834.267882477
37.77322518143285,4898834.288178965
37.78322518143285,4898834.308971676
37.793225181432845,4898834.329570158
37.80322518143284,4898834.349888546
37.81322518143284,4898834.370245026
37.82322518143284,4898834.390664889
37.83322518143284,4898834.411419574
37.843225181432835,4898834.433175768
37.85322518143283,4898834.457109698
37.86322518143283,4898834.479821837
37.87322518143283,4898834.502171136
37.88322518143283,4898834.524811584
37.893225181432825,4898834.547239752
37.90322518143282,4898834.568259092
37.91322518143282,4898834.590606475
37.92322518143282,4898834.613400577
37.93322518143282,4898834.635167945
37.943225181432815,4898834.655997324
37.95322518143281,4898834.676902776
37.96322518143281,4898834.697784456
37.97322518143281,4898834.718781874
37.98322518143281,4898834.739800768
37.993225181432805,4898834.760369935
38.0032251814328,4898834.780888464
38.0132251814328,4898834.802151814
38.0232251814328,4898834.823491489
38.0332251814328,4898834.844414363
38.043225181432796,4898834.866262677
38.05322518143279,4898834.888466202
38.06322518143279,4898834.909389468
38.07322518143279,4898834.93122194
38.08322518143279,4898834.952563642
38.093225181432786,4898834.974237499
38.103225181432784,4898834.99647692
38.11322518143278,4898835.018676148
38.12322518143278,4898835.039562113
38.13322518143278,4898835.060014375
38.143225181432776,4898835.080098866
38.153225181432774,4898835.09990435
38.16322518143277,4898835.120644152
38.17322518143277,4898835.141769684
38.18322518143277,4898835.162223982
38.193225181432766,4898835.182392625
38.203225181432764,4898835.202979493
38.21322518143276,4898835.223414987
38.22322518143276,4898835.243847553
38.23322518143276,4898835.263893971
38.243225181432756,4898835.283876576
38.253225181432754,4898835.304356796
38.26322518143275,4898835.324788423
38.27322518143275,4898835.345008792
38.28322518143275,4898835.365575425
38.293225181432746,4898835.38624566
38.303225181432744,4898835.407175901
38.31322518143274,4898835.42822419
38.32322518143274,4898835.450400186
38.33322518143274,4898835.471498776
38.343225181432736,4898835.494532461
38.353225181432734,4898835.51677828
38.36322518143273,4898835.537746468
38.37322518143273,4898835.559226973
38.38322518143273,4898835.580415614
38.393225181432726,4898835.601109153
38.403225181432724,4898835.62203298
38.41322518143272,4898835.6439415
38.42322518143272,4898835.663872991
38.43322518143272,4898835.683782168
38.443225181432716,4898835.705663078
38.453225181432714,4898835.727962791
38.46322518143271,4898835.748816146
38.47322518143271,4898835.769208349
38.48322518143271,4898835.789906521
38.493225181432706,4898835.810861453
38.503225181432704,4898835.832176279
38.5132251814327,4898835.854298539
38.5232251814327,4898835.87721536
38.5332251814327,4898835.899394993
38.543225181432696,4898835.921415322
38.553225181432694,4898835.943437818
38.56322518143269,4898835.964762845
38.57322518143269,4898835.986417516
38.58322518143269,4898836.009683016
38.593225181432686,4898836.031639362
38.603225181432684,4898836.05330842
38.61322518143268,4898836.074806489
38.62322518143268,4898836.097719954
38.63322518143268,4898836.119700051
38.643225181432676,4898836.141885636
38.653225181432674,4898836.163925633
38.66322518143267,4898836.185226164
38.67322518143267,4898836.206929809
38.68322518143267,4898836.228628045
38.693225181432666,4898836.250155709
38.703225181432664,4898836.270489936
38.71322518143266,4898836.291323701
38.72322518143266,4898836.31240612
38.73322518143266,4898836.333302958
38.743225181432656,4898836.354111703
38.753225181432654,4898836.374626199
38.76322518143265,4898836.395413684
38.77322518143265,4898836.4167759
38.78322518143265,4898836.437828213
38.793225181432646,4898836.460504072
38.803225181432644,4898836.482058738
38.81322518143264,4898836.503276964
38.82322518143264,4898836.524833535
38.83322518143264,4898836.54590276
38.843225181432636,4898836.566908933
38.853225181432634,4898836.587813827
38.86322518143263,4898836.609403118
38.87322518143263,4898836.631019108
38.88322518143263,4898836.652436761
38.893225181432626,4898836.673569269
38.903225181432624,4898836.69471138
38.91322518143262,4898836.715743953
38.92322518143262,4898836.73681396
38.93322518143262,4898836.757936781
38.94322518143262,4898836.778712433
38.953225181432614,4898836.800302067
38.96322518143261,4898836.821089609
38.97322518143261,4898836.841626515
38.98322518143261,4898836.863399995
38.99322518143261,4898836.886930061
39.003225181432605,4898836.909009929
39.0132251814326,4898836.930601475
39.0232251814326,4898836.952086897
39.0332251814326,4898836.972950016
39.0432251814326,4898836.995591247
39.053225181432595,4898837.017738058
39.06322518143259,4898837.038793022
39.07322518143259,4898837.05865164
39.08322518143259,4898837.078188054
39.09322518143259,4898837.098073161
39.103225181432585,4898837.118682129
39.11322518143258,4898837.139964929
39.12322518143258,4898837.161363298
39.13322518143258,4898837.183402378
39.14322518143258,4898837.20519388
39.153225181432575,4898837.226239206
39.16322518143257,4898837.247166915
39.17322518143257,4898837.267819415
39.18322518143257,4898837.286924935
39.19322518143257,4898837.306556469
39.203225181432565,4898837.32614215
39.21322518143256,4898837.3455939
39.22322518143256,4898837.365077125
39.23322518143256,4898837.384456283
39.24322518143256,4898837.40413028
39.253225181432555,4898837.423741305
39.26322518143255,4898837.44481004
39.27322518143255,4898837.465177951
39.28322518143255,4898837.485840491
39.29322518143255,4898837.505787344
39.303225181432545,4898837.525445216
39.31322518143254,4898837.545086738
39.32322518143254,4898837.565540782
39.33322518143254,4898837.585263161
39.34322518143254,4898837.604956642
39.353225181432535,4898837.62476913
39.36322518143253,4898837.644326031
39.37322518143253,4898837.664148085
39.38322518143253,4898837.683529705
39.39322518143253,4898837.703439196
39.403225181432525,4898837.723120264
39.41322518143252,4898837.742740095
39.42322518143252,4898837.762357401
39.43322518143252,4898837.781626479
39.44322518143252,4898837.801139281
39.453225181432515,4898837.820770976
39.46322518143251,4898837.840136366
39.47322518143251,4898837.859364612
39.48322518143251,4898837.880786899
39.49322518143251,4898837.900420425
39.503225181432505,4898837.920055662
39.5132251814325,4898837.941189272
39.5232251814325,4898837.962518541
39.5332251814325,4898837.983651579
39.5432251814325,4898838.005965361
39.553225181432495,4898838.027507078
39.56322518143249,4898838.047821032
39.57322518143249,4898838.067545761
39.58322518143249,4898838.087045629
39.59322518143249,4898838.107158304
39.603225181432485,4898838.128342499
39.61322518143248,4898838.149517997
39.62322518143248,4898838.170825044
39.63322518143248,4898838.192329438
39.64322518143248,4898838.213834346
39.653225181432475,4898838.23543706
39.66322518143247,4898838.256749781
39.67322518143247,4898838.278379263
39.68322518143247,4898838.298920824
39.69322518143247,4898838.319943451
39.703225181432465,4898838.340589011
39.71322518143246,4898838.360963441
39.72322518143246,4898838.381130203
39.73322518143246,4898838.401706546
39.74322518143246,4898838.422402315
39.753225181432455,4898838.443138282
39.76322518143245,4898838.466041199
39.77322518143245,4898838.488033632
39.78322518143245,4898838.508897763
39.79322518143245,4898838.529714144
39.803225181432445,4898838.550320845
39.81322518143244,4898838.57074501
39.82322518143244,4898838.591095299
39.83322518143244,4898838.611663642
39.84322518143244,4898838.632144591
39.853225181432435,4898838.652595998
39.86322518143243,4898838.673119752
39.87322518143243,4898838.693241524
39.88322518143243,4898838.714136284
39.89322518143243,4898838.733694468
39.903225181432425,4898838.754160933
39.91322518143242,4898838.778219735
39.92322518143242,4898838.801692865
39.93322518143242,4898838.822613742
39.94322518143242,4898838.844632304
39.953225181432416,4898838.867256451
39.96149292296103,4898838.920575592
39.96976066448964,4898838.949698568
39.978028406018254,4898838.98370685
39.98629614754687,4898839.020191758
39.99129614754686,4898839.054594575
39.99629614754686,4898839.077732788
40.00129614754685,4898839.103733979
40.007375244523544,4898839.12164505
40.01237524452354,4898839.14744
40.02118166615768,4898839.164784917
40.02998808779182,4898839.180128321
40.03498808779182,4898839.211050391
40.037488087791814,4898839.230907391
40.04248808779181,4898839.266786727
40.047488087791805,4898839.280679281
40.0524880877918,4898839.296940442
40.0537380877918,4898839.318474888
40.0599880877918,4898839.341609989
40.067517829568054,4898839.36282683
40.07751782956805,4898839.403297139
40.08751782956805,4898839.424988833
40.09751782956805,4898839.448171722
40.10251782956804,4898839.482505583
40.11251782956804,4898839.510898714
40.117517829568044,4898839.574706835
40.12001782956804,4898839.612721594
40.1297083643049,4898839.65315736
40.1397083643049,4898839.68401943
40.1497083643049,4898839.711043552
40.1597083643049,4898839.734522302
40.169708364304896,4898839.760419943
40.179708364304894,4898839.785498958
40.18970836430489,4898839.814719082
40.19970836430489,4898839.839631279
40.20470836430489,4898839.87273911
40.20595836430489,4898839.914534046
40.2121696842338,4898839.969242118
40.2221696842338,4898839.995687122
40.232169684233796,4898840.021060004
40.242169684233794,4898840.049694437
40.25216968423379,4898840.078005053
40.26216968423379,4898840.105758663
40.27216968423379,4898840.144760065
40.282169684233786,4898840.170288141
40.292169684233784,4898840.192274537
40.30216968423378,4898840.21460104
40.31216968423378,4898840.236507479
40.32216968423378,4898840.258111244
40.332169684233776,4898840.279901912
40.342169684233774,4898840.303108719
40.35216968423377,4898840.326447336
40.36216968423377,4898840.348815726
40.37216968423377,4898840.371784954
40.382169684233766,4898840.39474132
40.392169684233764,4898840.421266731
40.40216968423376,4898840.446110594
40.41216968423376,4898840.470228898
40.42216968423376,4898840.494113617
40.432169684233756,4898840.516175615
40.442169684233754,4898840.538631627
40.45216968423375,4898840.560315093
40.46216968423375,4898840.581796753
40.47216968423375,4898840.603512127
40.482169684233746,4898840.625690074
40.492169684233744,4898840.647923929
40.50216968423374,4898840.669711401
40.51216968423374,4898840.691457075
40.52216968423374,4898840.714610626
40.532169684233736,4898840.735993478
40.542169684233734,4898840.758187208
40.55216968423373,4898840.779662431
40.56216968423373,4898840.801083861
40.57216968423373,4898840.823069861
40.582169684233726,4898840.845183877
40.592169684233724,4898840.8673029
40.60216968423372,4898840.890656023
40.61216968423372,4898840.912672175
40.62216968423372,4898840.934382701
40.632169684233716,4898840.956205233
40.642169684233714,4898840.978026085
40.65216968423371,4898841.001062445
40.66216968423371,4898841.02401407
40.67216968423371,4898841.045963229
40.682169684233706,4898841.067517517
40.692169684233704,4898841.088874471
40.7021696842337,4898841.110740959
40.7121696842337,4898841.133104938
40.7221696842337,4898841.155506527
40.732169684233696,4898841.177396231
40.742169684233694,4898841.199833633
40.75216968423369,4898841.222020961
40.76216968423369,4898841.244098505
40.77216968423369,4898841.266380254
40.782169684233686,4898841.288132259
40.792169684233684,4898841.310170724
40.80216968423368,4898841.331841785
40.81216968423368,4898841.35359958
40.82216968423368,4898841.375057878
40.832169684233676,4898841.396571249
40.842169684233674,4898841.418716999
40.85216968423367,4898841.44059958
40.86216968423367,4898841.463062666
40.87216968423367,4898841.485826188
40.882169684233666,4898841.507683371
40.892169684233664,4898841.529575185
40.90216968423366,4898841.551943649
40.91216968423366,4898841.574657022
40.92216968423366,4898841.597097863
40.932169684233656,4898841.619717338
40.942169684233654,4898841.642020132
40.95216968423365,4898841.663846838
40.96216968423365,4898841.685668286
40.97216968423365,4898841.707754072
40.98216968423365,4898841.72951235
40.992169684233644,4898841.751376594
41.00216968423364,4898841.773192991
41.01216968423364,4898841.794752966
41.02216968423364,4898841.817598128
41.03216968423364,4898841.839749503
41.042169684233635,4898841.861617527
41.05216968423363,4898841.885731687
41.06216968423363,4898841.908044796
41.07216968423363,4898841.930606833
41.08216968423363,4898841.953251309
41.092169684233625,4898841.975557692
41.10216968423362,4898841.998713461
41.11216968423362,4898842.021402762
41.12216968423362,4898842.04409882
41.13216968423362,4898842.065908146
41.142169684233615,4898842.087608019
41.15216968423361,4898842.110417736
41.16216968423361,4898842.134820815
41.17216968423361,4898842.157924045
41.18216968423361,4898842.180268544
41.192169684233605,4898842.2029682
41.2021696842336,4898842.225798885
41.2121696842336,4898842.248519374
41.2221696842336,4898842.271065757
41.2321696842336,4898842.293133331
41.242169684233595,4898842.315866868
41.25216968423359,4898842.338240231
41.26216968423359,4898842.361087358
41.27216968423359,4898842.383650939
41.28216968423359,4898842.406079054
41.292169684233585,4898842.428804852
41.30216968423358,4898842.452526803
41.31216968423358,4898842.476975566
41.32216968423358,4898842.500284574
41.33216968423358,4898842.531122215
41.342169684233575,4898842.550828056
41.35216968423357,4898842.574859703
41.36216968423357,4898842.590480103
41.36716968423357,4898842.608599586
41.37216968423357,4898842.638668311
41.38216968423357,4898842.670295543
41.392169684233565,4898842.698989514
41.40216968423356,4898842.721876932
41.41216968423356,4898842.738265767
41.42216968423356,4898842.761848889
41.43216968423356,4898842.780270176
41.442169684233555,4898842.798197004
41.45216968423355,4898842.817494908
41.46216968423355,4898842.838667462
41.47216968423355,4898842.864892716
41.48216968423355,4898842.899934125
41.492169684233545,4898842.921990104
41.50216968423354,4898842.940163103
41.51216968423354,4898842.958910159
41.52216968423354,4898842.977960342
41.53216968423354,4898842.997370404
41.542169684233535,4898843.01758949
41.55216968423353,4898843.046577583
41.56216968423353,4898843.067574589
41.57216968423353,4898843.084114117
41.58216968423353,4898843.105997192
41.592169684233525,4898843.144665733
41.593419684233524,4898843.187263623
41.59420093423353,4898843.238039885
41.59810718423353,4898843.287221007
41.60335465168418,4898843.31928513
41.613354651684176,4898843.370954822
41.623354651684174,4898843.411461011
41.63335465168417,4898843.438613472
41.64335465168417,4898843.464048808
41.65335465168417,4898843.483121489
41.663354651684166,4898843.519372613
41.673354651684164,4898843.545237619
41.68335465168416,4898843.592956227
41.69335465168416,4898843.619450499
41.70335465168416,4898843.645619765
41.713354651684156,4898843.679872745
41.723354651684154,4898843.701909279
41.73335465168415,4898843.72167868
41.74335465168415,4898843.743614495
41.75335465168415,4898843.773210145
41.763354651684146,4898843.801964556
41.773354651684144,4898843.824899152
41.78335465168414,4898843.850022392
41.79335465168414,4898843.881424882
41.80335465168414,4898843.908232685
41.813354651684136,4898843.925537673
41.823354651684134,4898843.943902277
41.83335465168413,4898843.963429722
41.84335465168413,4898843.980087736
41.85335465168413,4898843.999553021
41.863354651684126,4898844.024005753
41.873354651684124,4898844.042048519
41.88335465168412,4898844.059762985
41.89335465168412,4898844.07831704
41.90335465168412,4898844.098407252
41.91335465168412,4898844.122903411
41.923354651684114,4898844.145239744
41.93335465168411,4898844.166595011
41.94335465168411,4898844.185192507
41.95335465168411,4898844.203692946
41.96335465168411,4898844.224261172
41.973354651684105,4898844.242467289
41.9833546516841,4898844.260518432
41.9933546516841,4898844.278328471
42.0033546516841,4898844.296436431
42.0133546516841,4898844.322785068
42.023354651684095,4898844.341205841
42.03335465168409,4898844.358319494
42.04335465168409,4898844.375082413
42.05335465168409,4898844.391687131
42.06335465168409,4898844.409092107
42.073354651684085,4898844.436231547
42.08335465168408,4898844.454116342
42.09335465168408,4898844.471538585
42.10335465168408,4898844.489570108
42.11335465168408,4898844.505930888
42.123354651684075,4898844.522438992
42.13335465168407,4898844.538803505
42.14335465168407,4898844.555021463
42.15335465168407,4898844.571156651
42.16335465168407,4898844.58733732
42.173354651684065,4898844.6033942
42.18335465168406,4898844.619734244
42.19335465168406,4898844.635727834
42.20335465168406,4898844.652801748
42.21335465168406,4898844.674356324
42.223354651684055,4898844.691919437
42.23335465168405,4898844.710422348
42.24335465168405,4898844.727730229
42.25335465168405,4898844.744415124
42.26335465168405,4898844.760820891
42.273354651684045,4898844.777185395
42.28335465168404,4898844.793721238
42.29335465168404,4898844.810272042
42.30335465168404,4898844.826634658
42.31335465168404,4898844.843518931
42.323354651684035,4898844.86189614
42.33335465168403,4898844.880550598
42.34335465168403,4898844.897045853
42.35335465168403,4898844.914061732
42.36335465168403,4898844.930711892
42.373354651684025,4898844.948187613
42.38335465168402,4898844.965275857
42.39335465168402,4898844.982372041
42.40335465168402,4898845.001074352
42.41335465168402,4898845.019366041
42.423354651684015,4898845.036413457
42.43335465168401,4898845.054021738
42.44335465168401,4898845.071543959
42.45335465168401,4898845.089056617
42.46335465168401,4898845.106472157
42.473354651684005,4898845.124059238
42.483354651684,4898845.141347837
42.493354651684,4898845.1583844
42.503354651684,4898845.175879162
42.513354651684,4898845.193058344
42.523354651683995,4898845.210763613
42.53335465168399,4898845.227628165
42.54335465168399,4898845.244067965
42.55335465168399,4898845.260921103
42.56335465168399,4898845.278209582
42.573354651683985,4898845.2943727
42.58335465168398,4898845.310903455
42.59335465168398,4898845.329354365
42.60335465168398,4898845.346999104
42.61335465168398,4898845.363549893
42.623354651683975,4898845.379608479
42.63335465168397,4898845.395821165
42.64335465168397,4898845.412986586
42.65335465168397,4898845.429914255
42.66335465168397,4898845.446948199
42.673354651683965,4898845.463669608
42.68335465168396,4898845.48044599
42.69335465168396,4898845.497050945
42.70335465168396,4898845.514094453
42.71335465168396,4898845.530994712
42.723354651683955,4898845.548641965
42.73335465168395,4898845.566657406
42.74335465168395,4898845.584215281
42.75335465168395,4898845.601590027
42.76335465168395,4898845.619524067
42.773354651683945,4898845.636833716
42.78335465168394,4898845.654318467
42.79335465168394,4898845.671770153
42.80335465168394,4898845.689053214
42.81335465168394,4898845.706325852
42.823354651683935,4898845.723759924
42.83335465168393,4898845.741141352
42.84335465168393,4898845.758385226
42.85335465168393,4898845.775325889
42.86335465168393,4898845.79234073
42.873354651683925,4898845.80917518
42.88335465168392,4898845.825978583
42.89335465168392,4898845.842835713
42.90335465168392,4898845.859421425
42.91335465168392,4898845.876888508
42.923354651683916,4898845.893515476
42.93335465168391,4898845.909898382
42.94335465168391,4898845.925980799
42.95335465168391,4898845.942819563
42.96335465168391,4898845.959624277
42.973354651683906,4898845.975052421
42.983354651683904,4898845.990237434
42.9933546516839,4898846.007091558
43.0033546516839,4898846.023265319
43.0133546516839,4898846.039086358
43.023354651683896,4898846.054617496
43.033354651683894,4898846.070061093
43.04335465168389,4898846.085795992
43.05335465168389,4898846.101761984
43.06335465168389,4898846.118428517
43.073354651683886,4898846.135053801
43.083354651683884,4898846.150628189
43.09335465168388,4898846.165965468
43.10335465168388,4898846.181441627
43.11335465168388,4898846.196999111
43.123354651683876,4898846.213047076
43.133354651683874,4898846.228402818
43.14335465168387,4898846.243823529
43.15335465168387,4898846.259559524
43.16335465168387,4898846.27505946
43.173354651683866,4898846.290248971
43.183354651683864,4898846.306077452
43.19335465168386,4898846.322151657
43.20335465168386,4898846.337502227
43.21335465168386,4898846.353105769
43.223354651683856,4898846.368410745
43.233354651683854,4898846.384581448
43.24335465168385,4898846.400059007
43.25335465168385,4898846.415855032
43.26335465168385,4898846.432196272
43.273354651683846,4898846.448699843
43.283354651683844,4898846.464643381
43.29335465168384,4898846.481678842
43.30335465168384,4898846.499765215
43.31335465168384,4898846.516890352
43.323354651683836,4898846.533192562
43.333354651683834,4898846.550505174
43.34335465168383,4898846.567786609
43.35335465168383,4898846.58470264
43.36335465168383,4898846.601528852
43.373354651683826,4898846.618977232
43.383354651683824,4898846.636155257
43.39335465168382,4898846.653376917
43.40335465168382,4898846.670664248
43.41335465168382,4898846.687866556
43.423354651683816,4898846.705142429
43.433354651683814,4898846.722701771
43.44335465168381,4898846.739690933
43.45335465168381,4898846.756581075
43.46335465168381,4898846.773666571
43.473354651683806,4898846.790895842
43.483354651683804,4898846.807824047
43.4933546516838,4898846.825096398
43.5033546516838,4898846.84251397
43.5133546516838,4898846.859577966
43.523354651683796,4898846.878156953
43.533354651683794,4898846.895427597
43.54335465168379,4898846.912676762
43.55335465168379,4898846.928941759
43.56335465168379,4898846.94540657
43.573354651683786,4898846.961742711
43.583354651683784,4898846.977961135
43.59335465168378,4898846.994801062
43.60335465168378,4898847.012214936
43.61335465168378,4898847.028126358
43.623354651683776,4898847.043892401
43.633354651683774,4898847.060156201
43.64335465168377,4898847.076320253
43.65335465168377,4898847.09152198
43.66335465168377,4898847.106708226
43.673354651683766,4898847.122855662
43.683354651683764,4898847.13841914
43.69335465168376,4898847.154063857
43.70335465168376,4898847.169533981
43.71335465168376,4898847.184913013
43.723354651683756,4898847.200836661
43.733354651683754,4898847.216876304
43.74335465168375,4898847.23250906
43.75335465168375,4898847.248341743
43.76335465168375,4898847.263900427
43.773354651683746,4898847.280081092
43.783354651683744,4898847.295983735
43.79335465168374,4898847.312095076
43.80335465168374,4898847.32829648
43.81335465168374,4898847.344954316
43.82335465168374,4898847.361483151
43.833354651683734,4898847.377522133
43.84335465168373,4898847.393557541
43.85335465168373,4898847.409757071
43.86335465168373,4898847.426085488
43.87335465168373,4898847.442148325
43.883354651683725,4898847.458263859
43.89335465168372,4898847.474142756
43.90335465168372,4898847.490421843
43.91335465168372,4898847.506648567
43.92335465168372,4898847.522809153
43.933354651683715,4898847.538925735
43.94335465168371,4898847.555611061
43.95335465168371,4898847.572174028
43.96335465168371,4898847.588248036
43.97335465168371,4898847.604121417
43.983354651683705,4898847.620744346
43.9933546516837,4898847.637172178
44.0033546516837,4898847.65499065
44.0133546516837,4898847.672756645
44.0233546516837,4898847.688936245
44.033354651683695,4898847.704849617
44.04335465168369,4898847.721707567
44.05335465168369,4898847.737927422
44.06335465168369,4898847.754264726
44.07335465168369,4898847.770641702
44.083354651683685,4898847.786754483
44.09335465168368,4898847.802631457
44.10335465168368,4898847.819017719
44.11335465168368,4898847.835379435
44.12335465168368,4898847.851827568
44.133354651683675,4898847.868117509
44.14335465168367,4898847.886091781
44.15335465168367,4898847.902257797
44.16335465168367,4898847.9188783
44.17335465168367,4898847.935219144
44.183354651683665,4898847.951542206
44.19335465168366,4898847.967784765
44.20335465168366,4898847.984593238
44.21335465168366,4898848.002108201
44.22335465168366,4898848.018855573
44.233354651683655,4898848.035558255
44.24335465168365,4898848.053752226
44.25335465168365,4898848.070606951
44.26335465168365,4898848.087135466
44.27335465168365,4898848.103185338
44.283354651683645,4898848.120312188
44.29335465168364,4898848.137156773
44.30335465168364,4898848.153941036
44.31335465168364,4898848.170521424
44.32335465168364,4898848.187111305
44.333354651683635,4898848.203871874
44.34335465168363,4898848.220754374
44.35335465168363,4898848.237021636
44.36335465168363,4898848.25360403
44.37335465168363,4898848.270094458
44.383354651683625,4898848.286209137
44.39335465168362,4898848.301727275
44.40335465168362,4898848.317542398
44.41335465168362,4898848.333057481
44.42335465168362,4898848.348866246
44.433354651683615,4898848.364812703
44.44335465168361,4898848.380365612
44.45335465168361,4898848.39597554
44.46335465168361,4898848.412103889
44.47335465168361,4898848.428016641
44.483354651683605,4898848.444101274
44.4933546516836,4898848.460227709
44.5033546516836,4898848.475872379
44.5133546516836,4898848.493144107
44.5233546516836,4898848.51042926
44.533354651683595,4898848.527049023
44.54335465168359,4898848.543527716
44.55335465168359,4898848.560081021
44.56335465168359,4898848.575537299
44.57335465168359,4898848.591375546
44.583354651683585,4898848.606734316
44.59335465168358,4898848.623010554
44.60335465168358,4898848.638640615
44.61335465168358,4898848.654478057
44.62335465168358,4898848.670473982
44.633354651683575,4898848.686443348
44.64335465168357,4898848.701930923
44.65335465168357,4898848.718041755
44.66335465168357,4898848.733676338
44.67335465168357,4898848.749669869
44.683354651683565,4898848.765494144
44.69335465168356,4898848.781068652
44.70335465168356,4898848.796871644
44.71335465168356,4898848.812761552
44.72335465168356,4898848.828599513
44.733354651683555,4898848.844304824
44.74335465168355,4898848.860307429
44.75335465168355,4898848.877058075
44.76335465168355,4898848.893299141
44.77335465168355,4898848.909027017
44.783354651683545,4898848.924987481
44.79335465168354,4898848.940729736
44.80335465168354,4898848.956331882
44.81335465168354,4898848.972080508
44.82335465168354,4898848.988045953
44.833354651683536,4898849.005308146
44.84335465168353,4898849.021797616
44.85335465168353,4898849.037449296
44.86335465168353,4898849.053128433
44.87335465168353,4898849.068935447
44.883354651683526,4898849.084813071
44.893354651683524,4898849.100304319
44.90335465168352,4898849.116368901
44.91335465168352,4898849.132436022
44.92335465168352,4898849.148205108
44.933354651683516,4898849.164211786
44.943354651683514,4898849.180285928
44.95335465168351,4898849.196045138
44.96335465168351,4898849.212310169
44.97335465168351,4898849.228335705
44.983354651683506,4898849.24401995
44.993354651683504,4898849.259821152
45.0033546516835,4898849.27545364
45.0133546516835,4898849.290974197
45.0233546516835,4898849.306451147
45.033354651683496,4898849.322479795
45.043354651683494,4898849.338178805
45.05335465168349,4898849.353889891
45.06335465168349,4898849.369925128
45.07335465168349,4898849.38577685
45.083354651683486,4898849.401180288
45.093354651683484,4898849.417088428
45.10335465168348,4898849.432502306
45.11335465168348,4898849.448279549
45.12335465168348,4898849.463934598
45.133354651683476,4898849.479497041
45.143354651683474,4898849.4950288
45.15335465168347,4898849.510629606
45.16335465168347,4898849.526634061
45.17335465168347,4898849.542275583
45.183354651683466,4898849.558837661
45.193354651683464,4898849.574932759
45.20335465168346,4898849.590586255
45.21335465168346,4898849.605939581
45.22335465168346,4898849.621976847
45.233354651683456,4898849.637821007
45.243354651683454,4898849.653499375
45.25335465168345,4898849.669225297
45.26335465168345,4898849.684636513
45.27335465168345,4898849.699989109
45.283354651683446,4898849.715740173
45.293354651683444,4898849.731288844
45.30335465168344,4898849.746896671
45.31335465168344,4898849.762572164
45.32335465168344,4898849.778179048
45.333354651683436,4898849.793874064
45.343354651683434,4898849.809311837
45.35335465168343,4898849.825230942
45.36335465168343,4898849.840703194
45.37335465168343,4898849.856252872
45.383354651683426,4898849.872891712
45.393354651683424,4898849.889721119
45.40335465168342,4898849.905598032
45.41335465168342,4898849.921689595
45.42335465168342,4898849.937498381
45.433354651683416,4898849.95332268
45.443354651683414,4898849.968900479
45.45335465168341,4898849.984579949
45.46335465168341,4898850.001151046
45.47335465168341,4898850.01734471
45.483354651683406,4898850.033096759
45.493354651683404,4898850.048979018
45.5033546516834,4898850.064685198
45.5133546516834,4898850.081150563
45.5233546516834,4898850.097471072
45.533354651683396,4898850.11332016
45.543354651683394,4898850.129618622
45.55335465168339,4898850.145452561
45.56335465168339,4898850.16132426
45.57335465168339,4898850.177193286
45.583354651683386,4898850.192747157
45.593354651683384,4898850.208579828
45.60335465168338,4898850.225129517
45.61335465168338,4898850.241225182
45.62335465168338,4898850.256867574
45.633354651683376,4898850.272825275
45.643354651683374,4898850.288393712
45.65335465168337,4898850.304459287
45.66335465168337,4898850.321057662
45.67335465168337,4898850.337196276
45.683354651683366,4898850.353708681
45.693354651683364,4898850.370131798
45.70335465168336,4898850.386771462
45.71335465168336,4898850.403015862
45.72335465168336,4898850.419754279
45.73335465168336,4898850.436126546
45.743354651683354,4898850.452848271
45.75335465168335,4898850.469240851
45.76335465168335,4898850.486188798
45.77335465168335,4898850.503488166
45.78335465168335,4898850.519816889
45.793354651683345,4898850.535652009
45.80335465168334,4898850.551679194
45.81335465168334,4898850.567361384
45.82335465168334,4898850.583043399
45.83335465168334,4898850.599207611
45.843354651683335,4898850.615358075
45.85335465168333,4898850.63136286
45.86335465168333,4898850.647589261
45.87335465168333,4898850.663866998
45.88335465168333,4898850.67985374
45.893354651683325,4898850.69581187
45.90335465168332,4898850.71170528
45.91335465168332,4898850.727736644
45.92335465168332,4898850.743734284
45.93335465168332,4898850.759488371
45.943354651683315,4898850.77527738
45.95335465168331,4898850.791039137
45.96335465168331,4898850.807191929
45.97335465168331,4898850.823506771
45.98335465168331,4898850.839562469
45.993354651683305,4898850.855767797
46.0033546516833,4898850.872758153
46.0133546516833,4898850.889909788
46.0233546516833,4898850.905776836
46.0333546516833,4898850.922085262
46.043354651683295,4898850.938154732
46.05335465168329,4898850.954262959
46.06335465168329,4898850.97107781
46.07335465168329,4898850.9881751
46.08335465168329,4898851.006501527
46.093354651683285,4898851.023988022
46.10335465168328,4898851.040308392
46.11335465168328,4898851.056819043
46.12335465168328,4898851.072969916
46.13335465168328,4898851.089623216
46.143354651683275,4898851.1057044
46.15335465168327,4898851.12271706
46.16335465168327,4898851.139050858
46.17335465168327,4898851.155340196
46.18335465168327,4898851.171397197
46.193354651683265,4898851.187418286
46.20335465168326,4898851.203168152
46.21335465168326,4898851.219669527
46.22335465168326,4898851.235779191
46.23335465168326,4898851.251991463
46.243354651683255,4898851.268163199
46.25335465168325,4898851.284220963
46.26335465168325,4898851.300259609
46.27335465168325,4898851.31636594
46.28335465168325,4898851.332230561
46.293354651683245,4898851.348163876
46.30335465168324,4898851.36410392
46.31335465168324,4898851.380048152
46.32335465168324,4898851.396154893
46.33335465168324,4898851.412136042
46.343354651683235,4898851.428484061
46.35335465168323,4898851.44432167
46.36335465168323,4898851.460151059
46.37335465168323,4898851.475881791
46.38335465168323,4898851.492564971
46.393354651683225,4898851.509503464
46.40335465168322,4898851.525682941
46.41335465168322,4898851.54165737
46.42335465168322,4898851.558545695
46.43335465168322,4898851.575210297
46.443354651683215,4898851.591455318
46.45335465168321,4898851.60786844
46.46335465168321,4898851.625097833
46.47335465168321,4898851.641901912
46.48335465168321,4898851.658716361
46.493354651683205,4898851.675691787
46.5033546516832,4898851.692526903
46.5133546516832,4898851.709308011
46.5233546516832,4898851.726202816
46.5333546516832,4898851.742920683
46.543354651683195,4898851.759653357
46.55335465168319,4898851.776468049
46.56335465168319,4898851.79350344
46.57335465168319,4898851.81010623
46.58335465168319,4898851.827130409
46.593354651683185,4898851.843937902
46.60335465168318,4898851.86070781
46.61335465168318,4898851.87911673
46.62335465168318,4898851.896316775
46.63335465168318,4898851.91308596
46.643354651683175,4898851.930108087
46.65335465168317,4898851.946763099
46.66335465168317,4898851.963770571
46.67335465168317,4898851.980617499
46.68335465168317,4898851.998435057
46.693354651683165,4898852.016037899
46.70335465168316,4898852.032239239
46.71335465168316,4898852.048432366
46.72335465168316,4898852.064359122
46.73335465168316,4898852.080289917
46.743354651683156,4898852.096390164
46.75335465168315,4898852.112667734
46.76335465168315,4898852.12972683
46.77335465168315,4898852.146220561
46.78335465168315,4898852.162511243
46.793354651683146,4898852.178594035
46.803354651683144,4898852.194415128
46.81335465168314,4898852.210670875
46.82335465168314,4898852.226957242
46.83335465168314,4898852.24358545
46.843354651683136,4898852.259803741
46.853354651683134,4898852.275847317
46.86335465168313,4898852.291888347
46.87335465168313,4898852.307835487
46.88335465168313,4898852.324039158
46.893354651683126,4898852.340320215
46.903354651683124,4898852.356448029
46.91335465168312,4898852.372383275
46.92335465168312,4898852.388354022
46.93335465168312,4898852.404332959
46.943354651683116,4898852.420768101
46.953354651683114,4898852.436825902
46.96335465168311,4898852.452918549
46.97335465168311,4898852.469280582
46.98335465168311,4898852.486432714
46.993354651683106,4898852.50375986
47.003354651683104,4898852.520675758
47.0133546516831,4898852.5368042
47.0233546516831,4898852.553134538
47.0333546516831,4898852.57012124
47.043354651683096,4898852.587019573
47.053354651683094,4898852.603633318
47.06335465168309,4898852.620234244
47.07335465168309,4898852.636499931
47.08335465168309,4898852.652961184
47.093354651683086,4898852.669470756
47.103354651683084,4898852.685721714
47.11335465168308,4898852.701891438
47.12335465168308,4898852.717744332
47.13335465168308,4898852.73380523
47.143354651683076,4898852.750041888
47.153354651683074,4898852.76603255
47.16335465168307,4898852.782037325
47.17335465168307,4898852.798364488
47.18335465168307,4898852.814212159
47.193354651683066,4898852.834552808
47.203354651683064,4898852.850785967
47.21335465168306,4898852.866742443
47.22335465168306,4898852.885307834
47.23335465168306,4898852.902684307
47.243354651683056,4898852.919672846
47.253354651683054,4898852.935856218
47.26335465168305,4898852.952342386
47.27335465168305,4898852.969259893
47.28335465168305,4898852.985563525
47.293354651683046,4898853.002686451
47.303354651683044,4898853.019297802
47.31335465168304,4898853.035369281
47.32335465168304,4898853.053103896
47.33335465168304,4898853.069837486
47.343354651683036,4898853.086175479
47.353354651683034,4898853.102182064
47.36335465168303,4898853.119159174
47.37335465168303,4898853.136022731
47.38335465168303,4898853.15226584
47.393354651683026,4898853.168967422
47.403354651683024,4898853.185642262
47.41335465168302,4898853.202175259
47.42335465168302,4898853.218671937
47.43335465168302,4898853.235334406
47.443354651683016,4898853.251974702
47.453354651683014,4898853.268424165
47.46335465168301,4898853.284569528
47.47335465168301,4898853.300526851
47.48335465168301,4898853.316503326
47.493354651683006,4898853.332917307
47.503354651683004,4898853.34934537
47.513354651683,4898853.365733411
47.523354651683,4898853.382021697
47.533354651683,4898853.397761081
47.543354651682996,4898853.413999825
47.553354651682994,4898853.430583353
47.56335465168299,4898853.446607376
47.57335465168299,4898853.462567063
47.58335465168299,4898853.478902709
47.593354651682986,4898853.495769319
47.603354651682984,4898853.512926935
47.61335465168298,4898853.529698057
47.62335465168298,4898853.545843883
47.63335465168298,4898853.564425524
47.64335465168298,4898853.581860198
47.653354651682974,4898853.598085853
47.66335465168297,4898853.614189734
47.67335465168297,4898853.630778032
47.68335465168297,4898853.646978268
47.69335465168297,4898853.663321771
47.703354651682965,4898853.67985719
47.71335465168296,4898853.696445757
47.72335465168296,4898853.712525904
47.73335465168296,4898853.728884384
47.74335465168296,4898853.744998602
47.753354651682955,4898853.761279432
47.76335465168295,4898853.777384104
47.77335465168295,4898853.793172846
47.78335465168295,4898853.809278414
47.79335465168295,4898853.825647448
47.803354651682945,4898853.841821357
47.81335465168294,4898853.858052381
47.82335465168294,4898853.87529166
47.83335465168294,4898853.892504149
47.84335465168294,4898853.908678161
47.853354651682935,4898853.925146919
47.86335465168293,4898853.941420683
47.87335465168293,4898853.957880754
47.88335465168293,4898853.974025659
47.89335465168293,4898853.989931044
47.903354651682925,4898854.007606499
47.91335465168292,4898854.024265774
47.92335465168292,4898854.040905796
47.93335465168292,4898854.057608422
47.94335465168292,4898854.074166103
47.953354651682915,4898854.090286926
47.96335465168291,4898854.106079261
47.97335465168291,4898854.122854692
47.98335465168291,4898854.140046789
47.99335465168291,4898854.156576986
48.003354651682905,4898854.172716953
48.0133546516829,4898854.189055035
48.0233546516829,4898854.205069184
48.0333546516829,4898854.221908966
48.0433546516829,4898854.238235502
48.053354651682895,4898854.254874392
48.06335465168289,4898854.271437297
48.07335465168289,4898854.287761809
48.08335465168289,4898854.303885435
48.09335465168289,4898854.320359568
48.103354651682885,4898854.336544037
48.11335465168288,4898854.352890081
48.12335465168288,4898854.369332351
48.13335465168288,4898854.385693797
48.14335465168288,4898854.402577424
48.153354651682875,4898854.419295964
48.16335465168287,4898854.435662307
48.17335465168287,4898854.452266678
48.18335465168287,4898854.469053287
48.19335465168287,4898854.485673541
48.203354651682865,4898854.502489426
48.21335465168286,4898854.520481581
48.22335465168286,4898854.536993763
48.23335465168286,4898854.553668803
48.24335465168286,4898854.570127542
48.253354651682855,4898854.586693125
48.26335465168285,4898854.603166625
48.27335465168285,4898854.620124605
48.28335465168285,4898854.636742141
48.29335465168285,4898854.653237896
48.303354651682845,4898854.669947011
48.31335465168284,4898854.686786924
48.32335465168284,4898854.70345396
48.33335465168284,4898854.720168951
48.34335465168284,4898854.736535572
48.353354651682835,4898854.753080506
48.36335465168283,4898854.769817598
48.37335465168283,4898854.786319411
48.38335465168283,4898854.802759706
48.39335465168283,4898854.819237485
48.403354651682825,4898854.836020604
48.41335465168282,4898854.852551971
48.42335465168282,4898854.869403714
48.43335465168282,4898854.887982164
48.44335465168282,4898854.904798594
48.453354651682815,4898854.92179184
48.46335465168281,4898854.938304414
48.47335465168281,4898854.955269071
48.48335465168281,4898854.972270594
48.49335465168281,4898854.989218597
48.503354651682805,4898855.007614001
48.5133546516828,4898855.025109253
48.5233546516828,4898855.041969837
48.5333546516828,4898855.05901613
48.5433546516828,4898855.075799263
48.553354651682795,4898855.092874597
48.56335465168279,4898855.110092381
48.57335465168279,4898855.128266701
48.58335465168279,4898855.14640449
48.59335465168279,4898855.164195991
48.603354651682785,4898855.181753879
48.61335465168278,4898855.198957461
48.62335465168278,4898855.215525677
48.63335465168278,4898855.232372517
48.64335465168278,4898855.248949225
48.653354651682776,4898855.265728214
48.66335465168277,4898855.282518207
48.67335465168277,4898855.298888529
48.68335465168277,4898855.31524008
48.69335465168277,4898855.332209766
48.703354651682766,4898855.348752815
48.713354651682764,4898855.365300408
48.72335465168276,4898855.381893544
48.73335465168276,4898855.398292086
48.74335465168276,4898855.415107965
48.753354651682756,4898855.432321714
48.763354651682754,4898855.448916729
48.77335465168275,4898855.465853801
48.78335465168275,4898855.482781385
48.79335465168275,4898855.499424883
48.803354651682746,4898855.516124504
48.813354651682744,4898855.53309401
48.82335465168274,4898855.550044108
48.83335465168274,4898855.567598815
48.84335465168274,4898855.584603552
48.853354651682736,4898855.601202543
48.863354651682734,4898855.617880536
48.87335465168273,4898855.634905954
48.88335465168273,4898855.65152859
48.89335465168273,4898855.668486497
48.903354651682726,4898855.685341972
48.913354651682724,4898855.702072643
48.92335465168272,4898855.718848881
48.93335465168272,4898855.735726594
48.94335465168272,4898855.752402244
48.953354651682716,4898855.769025162
48.963354651682714,4898855.785685215
48.97335465168271,4898855.802471396
48.98335465168271,4898855.819209172
48.99335465168271,4898855.836250914
49.003354651682706,4898855.853017806
49.013354651682704,4898855.869894004
49.0233546516827,4898855.888787917
49.0333546516827,4898855.905728515
49.0433546516827,4898855.923031294
49.053354651682696,4898855.939828836
49.063354651682694,4898855.956823506
49.07335465168269,4898855.974371709
49.08335465168269,4898855.991772499
49.09335465168269,4898856.010172044
49.103354651682686,4898856.027680481
49.113354651682684,4898856.044976677
49.12335465168268,4898856.062529555
49.13335465168268,4898856.079777254
49.14335465168268,4898856.097058816
49.153354651682676,4898856.114713859
49.163354651682674,4898856.132754435
49.17335465168267,4898856.150531034
49.18335465168267,4898856.168535367
49.19335465168267,4898856.186545452
49.203354651682666,4898856.203898802
49.213354651682664,4898856.221418605
49.22335465168266,4898856.23891232
49.23335465168266,4898856.256364591
49.24335465168266,4898856.274513048
49.253354651682656,4898856.292353386
49.263354651682654,4898856.309915167
49.27335465168265,4898856.328967904
49.28335465168265,4898856.347284175
49.29335465168265,4898856.364988912
49.303354651682646,4898856.38342679
49.313354651682644,4898856.402458208
49.32335465168264,4898856.421993449
49.33335465168264,4898856.43995917
49.34335465168264,4898856.457289596
49.353354651682636,4898856.474597175
49.363354651682634,4898856.491784103
49.37335465168263,4898856.509755292
49.38335465168263,4898856.529193369
49.39335465168263,4898856.548701298
49.403354651682626,4898856.566406232
49.413354651682624,4898856.584227002
49.42335465168262,4898856.601390144
49.43335465168262,4898856.618851587
49.44335465168262,4898856.63649227
49.453354651682616,4898856.653678891
49.463354651682614,4898856.671079173
49.47335465168261,4898856.688473883
49.48335465168261,4898856.705493514
49.49335465168261,4898856.722568808
49.503354651682606,4898856.739721598
49.513354651682604,4898856.757103569
49.5233546516826,4898856.774172703
49.5333546516826,4898856.791308579
49.5433546516826,4898856.808407101
49.5533546516826,4898856.825691387
49.563354651682594,4898856.842940375
49.57335465168259,4898856.86026106
49.58335465168259,4898856.878532102
49.59335465168259,4898856.896404863
49.60335465168259,4898856.913721257
49.613354651682585,4898856.931035224
49.62335465168258,4898856.94821134
49.63335465168258,4898856.965377033
49.64335465168258,4898856.982442246
49.65335465168258,4898857.000603091
49.663354651682575,4898857.018370148
49.67335465168257,4898857.035654845
49.68335465168257,4898857.052704166
49.69335465168257,4898857.069803454
49.70335465168257,4898857.087006175
49.713354651682565,4898857.103953918
49.72335465168256,4898857.121436524
49.73335465168256,4898857.138960193
49.74335465168256,4898857.156019396
49.75335465168256,4898857.173803889
49.763354651682555,4898857.192035046
49.77335465168255,4898857.211239349
49.78335465168255,4898857.229320624
49.79335465168255,4898857.246461238
49.80335465168255,4898857.263965885
49.813354651682545,4898857.281650521
49.82335465168254,4898857.298941577
49.83335465168254,4898857.316035416
49.84335465168254,4898857.333356491
49.85335465168254,4898857.350520719
49.863354651682535,4898857.367723632
49.87335465168253,4898857.384969258
49.88335465168253,4898857.4020834
49.89335465168253,4898857.419364103
49.90335465168253,4898857.43719624
49.913354651682525,4898857.454320869
49.92335465168252,4898857.471353787
49.93335465168252,4898857.488806379
49.94335465168252,4898857.506185985
49.95335465168252,4898857.523565498
49.963354651682515,4898857.543023579
49.97335465168251,4898857.562626113
49.98335465168251,4898857.581280713
49.99335465168251,4898857.599435129
50.00335465168251,4898857.617209687
50.013354651682505,4898857.635200253
50.0233546516825,4898857.652462101
50.0333546516825,4898857.669849141
50.0433546516825,4898857.687136636
50.0533546516825,4898857.704067533
50.063354651682495,4898857.721198932
50.07335465168249,4898857.739093649
50.08335465168249,4898857.756216812
50.09335465168249,4898857.773082051
50.10335465168249,4898857.78995794
50.113354651682485,4898857.806434903
50.12335465168248,4898857.822999012
50.13335465168248,4898857.839853889
50.14335465168248,4898857.856536257
50.15335465168248,4898857.873877016
50.163354651682475,4898857.892427912
50.17335465168247,4898857.909437024
50.17835465168247,4898857.92917457
50.18835465168247,4898857.977590601
50.198354651682465,4898858.004645408
50.20835465168246,4898858.029405832
50.21835465168246,4898858.056424913
50.22835465168246,4898858.084472497
50.23835465168246,4898858.109130775
50.248354651682455,4898858.135858444
50.25835465168245,4898858.162242543
50.26835465168245,4898858.186672741
50.27835465168245,4898858.213380104
50.28835465168245,4898858.240420782
50.29335465168245,4898858.267581095
50.30335465168245,4898858.309966692
50.313354651682445,4898858.333435624
50.32335465168244,4898858.353820424
50.33335465168244,4898858.374077496
50.34335465168244,4898858.394596058
50.35335465168244,4898858.414781608
50.363354651682435,4898858.435357923
50.37335465168243,4898858.45550008
50.38335465168243,4898858.47583309
50.39335465168243,4898858.496199879
50.40335465168243,4898858.517458929
50.413354651682425,4898858.538899192
50.42335465168242,4898858.55898013
50.43335465168242,4898858.578901103
50.44335465168242,4898858.598816181
50.45335465168242,4898858.619249135
50.463354651682415,4898858.639629611
50.47335465168241,4898858.65979085
50.48335465168241,4898858.680558259
50.49335465168241,4898858.700168997
50.50335465168241,4898858.720422383
50.513354651682405,4898858.741734955
50.5233546516824,4898858.762279894
50.5333546516824,4898858.782610429
50.5433546516824,4898858.802929461
50.5533546516824,4898858.823429366
50.563354651682396,4898858.843592275
50.57335465168239,4898858.863550964
50.58335465168239,4898858.884905074
50.59335465168239,4898858.905051744
50.60335465168239,4898858.925282429
50.613354651682386,4898858.945933275
50.623354651682384,4898858.96595997
50.63335465168238,4898858.984804549
50.64335465168238,4898859.005341491
50.65335465168238,4898859.024656985
50.663354651682376,4898859.043320578
50.673354651682374,4898859.062547646
50.68335465168237,4898859.081748167
50.69335465168237,4898859.100966736
50.70335465168237,4898859.121200411
50.713354651682366,4898859.141160867
50.723354651682364,4898859.160874104
50.73335465168236,4898859.180159077
50.74335465168236,4898859.199735109
50.75335465168236,4898859.219788335
50.763354651682356,4898859.239529986
50.773354651682354,4898859.258878433
50.78335465168235,4898859.278307371
50.79335465168235,4898859.298514897
50.80335465168235,4898859.318252821
50.813354651682346,4898859.338581143
50.823354651682344,4898859.357211946
50.83335465168234,4898859.376139173
50.84335465168234,4898859.395161447
50.85335465168234,4898859.413801472
50.863354651682336,4898859.432531113
50.873354651682334,4898859.451632193
50.88335465168233,4898859.470325869
50.89335465168233,4898859.48873492
50.90335465168233,4898859.507519223
50.913354651682326,4898859.526201409
50.923354651682324,4898859.545120471
50.93335465168232,4898859.565137924
50.94335465168232,4898859.58408968
50.95335465168232,4898859.602677826
50.963354651682316,4898859.621267652
50.973354651682314,4898859.64114377
50.98335465168231,4898859.660879394
50.99335465168231,4898859.680745554
51.00335465168231,4898859.700410529
51.013354651682306,4898859.71971345
51.023354651682304,4898859.739699609
51.0333546516823,4898859.75934895
51.0433546516823,4898859.778841466
51.0533546516823,4898859.798361511
51.063354651682296,4898859.817497794
51.073354651682294,4898859.83710203
51.08335465168229,4898859.856885547
51.09335465168229,4898859.877622916
51.10335465168229,4898859.898925887
51.113354651682286,4898859.919135801
51.123354651682284,4898859.939542226
51.13335465168228,4898859.959750765
51.14335465168228,4898859.979989528
51.15335465168228,4898860.00091309
51.163354651682276,4898860.021480712
51.173354651682274,4898860.042075825
51.18335465168227,4898860.062438031
51.19335465168227,4898860.082811936
51.20335465168227,4898860.103354633
51.213354651682266,4898860.124799856
51.223354651682264,4898860.146021298
51.23335465168226,4898860.167072454
51.24335465168226,4898860.187729229
51.25335465168226,4898860.209823315
51.263354651682256,4898860.231778964
51.273354651682254,4898860.253268827
51.28335465168225,4898860.274805531
51.29335465168225,4898860.296331362
51.30335465168225,4898860.317396671
51.313354651682246,4898860.33915372
51.323354651682244,4898860.360569465
51.33335465168224,4898860.382054754
51.34335465168224,4898860.403619481
51.35335465168224,4898860.424859177
51.363354651682236,4898860.446412588
51.373354651682234,4898860.468120295
51.38335465168223,4898860.489626711
51.39335465168223,4898860.51106022
51.40335465168223,4898860.537501221
51.413354651682226,4898860.561466806
51.423354651682224,4898860.583966928
51.43335465168222,4898860.606971691
51.44335465168222,4898860.630290693
51.45335465168222,4898860.653093852
51.46335465168222,4898860.674850575
51.473354651682214,4898860.697341342
51.48335465168221,4898860.721152526
51.49335465168221,4898860.743857893
51.50335465168221,4898860.765415561
51.51335465168221,4898860.786269963
51.523354651682205,4898860.807064059
51.5333546516822,4898860.827925203
51.5433546516822,4898860.848611556
51.5533546516822,4898860.869294442
51.5633546516822,4898860.891871632
51.573354651682195,4898860.912738782
51.58335465168219,4898860.933742298
51.59335465168219,4898860.954575389
51.60335465168219,4898860.975035032
51.61335465168219,4898860.996504881
51.623354651682185,4898861.018784869
51.63335465168218,4898861.040958853
51.64335465168218,4898861.062099163
51.65335465168218,4898861.082939994
51.66335465168218,4898861.103653537
51.673354651682175,4898861.124811945
51.68335465168217,4898861.145618438
51.69335465168217,4898861.166369025
51.70335465168217,4898861.1872452
51.71335465168217,4898861.208018788
51.723354651682165,4898861.228855892
51.73335465168216,4898861.249508511
51.74335465168216,4898861.269879356
51.75335465168216,4898861.290689387
51.76335465168216,4898861.311377114
51.773354651682155,4898861.332253542
51.78335465168215,4898861.352768379
51.79335465168215,4898861.373467507
51.80335465168215,4898861.394039185
51.81335465168215,4898861.414492162
51.823354651682145,4898861.435348843
51.83335465168214,4898861.456082203
51.84335465168214,4898861.477072641
51.85335465168214,4898861.497583104
51.86335465168214,4898861.518944739
51.873354651682135,4898861.540706494
51.88335465168213,4898861.562532065
51.89335465168213,4898861.583970897
51.90335465168213,4898861.605040591
51.91335465168213,4898861.62542507
51.923354651682125,4898861.645778605
51.93335465168212,4898861.666231588
51.94335465168212,4898861.686391197
51.95335465168212,4898861.706740246
51.96335465168212,4898861.726396331
51.973354651682115,4898861.74621316
51.98335465168211,4898861.765842405
51.99335465168211,4898861.785403333
52.00335465168211,4898861.805389058
52.01335465168211,4898861.824737537
52.023354651682105,4898861.844566672
52.0333546516821,4898861.864081655
52.0433546516821,4898861.885286949
52.0533546516821,4898861.905767281
52.0633546516821,4898861.925576766
52.073354651682095,4898861.945540875
52.08335465168209,4898861.965144535
52.09335465168209,4898861.984637836
52.10335465168209,4898862.005375338
52.11335465168209,4898862.024933638
52.123354651682085,4898862.044822279
52.13335465168208,4898862.064566308
52.14335465168208,4898862.084142167
52.15335465168208,4898862.103743222
52.16335465168208,4898862.123872938
52.173354651682075,4898862.144373178
52.18335465168207,4898862.16405739
52.19335465168207,4898862.183660639
52.20335465168207,4898862.20351936
52.21335465168207,4898862.223668951
52.223354651682065,4898862.243781399
52.23335465168206,4898862.263276983
52.24335465168206,4898862.282715995
52.25335465168206,4898862.302074585
52.26335465168206,4898862.321163445
52.273354651682055,4898862.340529297
52.28335465168205,4898862.360146135
52.29335465168205,4898862.379720047
52.30335465168205,4898862.398960822
52.31335465168205,4898862.418223495
52.323354651682045,4898862.437772581
52.33335465168204,4898862.457864154
52.34335465168204,4898862.477399721
52.35335465168204,4898862.497359121
52.36335465168204,4898862.517315109
52.373354651682035,4898862.536935242
52.38335465168203,4898862.558428459
52.39335465168203,4898862.57930069
52.40335465168203,4898862.599413652
52.41335465168203,4898862.619965352
52.423354651682025,4898862.640336222
52.43335465168202,4898862.660929441
52.44335465168202,4898862.68099759
52.45335465168202,4898862.701467434
52.46335465168202,4898862.721493539
52.473354651682016,4898862.741969427
52.48335465168201,4898862.762583114
52.49335465168201,4898862.782910361
52.50335465168201,4898862.803153443
52.51335465168201,4898862.823041484
52.523354651682006,4898862.843479243
52.533354651682004,4898862.86361446
52.543354651682,4898862.884986202
52.553354651682,4898862.905523355
52.563354651682,4898862.925467955
52.573354651681996,4898862.94567279
52.583354651681994,4898862.965898585
52.59335465168199,4898862.986310764
52.60335465168199,4898863.0079176
52.61335465168199,4898863.028858598
52.623354651681986,4898863.049089702
52.633354651681984,4898863.069228426
52.64335465168198,4898863.088952844
52.65335465168198,4898863.109262008
52.66335465168198,4898863.130066126
52.673354651681976,4898863.149470913
52.683354651681974,4898863.169433116
52.69335465168197,4898863.188541437
52.70335465168197,4898863.208275484
52.71335465168197,4898863.227825839
52.723354651681966,4898863.247649995
52.733354651681964,4898863.267266775
52.74335465168196,4898863.288124932
52.75335465168196,4898863.308432844
52.76335465168196,4898863.327666617
52.773354651681956,4898863.347390111
52.783354651681954,4898863.367195198
52.79335465168195,4898863.386826261
52.80335465168195,4898863.40690929
52.81335465168195,4898863.426204379
52.823354651681946,4898863.445928764
52.833354651681944,4898863.466126011
52.84335465168194,4898863.485672783
52.85335465168194,4898863.505346492
52.86335465168194,4898863.524365903
52.873354651681936,4898863.544076829
52.883354651681934,4898863.566640698
52.89335465168193,4898863.588063871
52.90335465168193,4898863.609193636
52.91335465168193,4898863.629980407
52.923354651681926,4898863.650586512
52.933354651681924,4898863.671056106
52.94335465168192,4898863.690666893
52.95335465168192,4898863.710180427
52.96335465168192,4898863.729814966
52.973354651681916,4898863.749567721
52.983354651681914,4898863.76894656
52.99335465168191,4898863.788375687
53.00335465168191,4898863.807678783
53.01335465168191,4898863.827563735
53.023354651681906,4898863.847286985
53.033354651681904,4898863.866869604
53.0433546516819,4898863.888057859
53.0533546516819,4898863.907775284
53.0633546516819,4898863.927218672
53.073354651681896,4898863.946981008
53.083354651681894,4898863.966403163
53.09335465168189,4898863.985689041
53.10335465168189,4898864.006356288
53.11335465168189,4898864.025723183
53.123354651681886,4898864.045561818
53.133354651681884,4898864.065104725
53.14335465168188,4898864.084649722
53.15335465168188,4898864.103996062
53.16335465168188,4898864.124138533
53.173354651681876,4898864.144771165
53.183354651681874,4898864.164674103
53.19335465168187,4898864.184320359
53.20335465168187,4898864.203752918
53.21335465168187,4898864.222755467
53.223354651681866,4898864.242871621
53.233354651681864,4898864.262300248
53.24335465168186,4898864.2821558
53.25335465168186,4898864.30215611
53.26335465168186,4898864.321497433
53.273354651681856,4898864.341072162
53.283354651681854,4898864.360522856
53.29335465168185,4898864.380155267
53.30335465168185,4898864.399445875
53.31335465168185,4898864.418911138
53.323354651681846,4898864.438343364
53.333354651681844,4898864.457763523
53.34335465168184,4898864.47783067
53.35335465168184,4898864.497319674
53.36335465168184,4898864.516852922
53.37335465168184,4898864.536214672
53.383354651681834,4898864.556263451
53.39335465168183,4898864.577058425
53.40335465168183,4898864.596840218
53.41335465168183,4898864.616723414
53.42335465168183,4898864.636818961
53.433354651681825,4898864.656464462
53.44335465168182,4898864.676676761
53.45335465168182,4898864.695983072
53.46335465168182,4898864.715423935
53.47335465168182,4898864.734731609
53.483354651681815,4898864.753901856
53.49335465168181,4898864.773411111
53.50335465168181,4898864.791940841
53.51335465168181,4898864.810770467
53.52335465168181,4898864.829548104
53.533354651681805,4898864.8490984
53.5433546516818,4898864.868588854
53.5533546516818,4898864.890006532
53.5633546516818,4898864.909481318
53.5733546516818,4898864.928915193
53.583354651681795,4898864.948562427
53.59335465168179,4898864.967883649
53.60335465168179,4898864.987039433
53.61335465168179,4898865.007809699
53.62335465168179,4898865.027256008
53.633354651681785,4898865.046424445
53.64335465168178,4898865.065352721
53.65335465168178,4898865.084790981
53.66335465168178,4898865.104048612
53.67335465168178,4898865.123807895
53.683354651681775,4898865.144196921
53.69335465168177,4898865.164300007
53.70335465168177,4898865.18463039
53.71335465168177,4898865.204837524
53.72335465168177,4898865.224561182
53.733354651681765,4898865.244960798
53.74335465168176,4898865.264928516
53.75335465168176,4898865.285338513
53.76335465168176,4898865.30552174
53.77335465168176,4898865.32527823
53.783354651681755,4898865.345482209
53.79335465168175,4898865.365318598
53.80335465168175,4898865.385262929
53.81335465168175,4898865.405241656
53.82335465168175,4898865.424896746
53.833354651681745,4898865.443984363
53.84335465168174,4898865.463342266
53.85335465168174,4898865.482654794
53.86335465168174,4898865.502811337
53.87335465168174,4898865.52309709
53.883354651681735,4898865.543936105
53.89335465168173,4898865.565053775
53.90335465168173,4898865.585437022
53.91335465168173,4898865.604938963
53.92335465168173,4898865.624532357
53.933354651681725,4898865.644524625
53.94335465168172,4898865.665090959
53.95335465168172,4898865.68413167
53.96335465168172,4898865.703451419
53.97335465168172,4898865.722646121
53.983354651681715,4898865.741815838
53.99335465168171,4898865.760588368
54.00335465168171,4898865.779781143
54.01335465168171,4898865.798979519
54.02335465168171,4898865.818297143
54.033354651681705,4898865.837591799
54.0433546516817,4898865.856908163
54.0533546516817,4898865.876574892
54.0633546516817,4898865.897445042
54.0733546516817,4898865.917058226
54.083354651681695,4898865.936264523
54.09335465168169,4898865.955824172
54.10335465168169,4898865.975478202
54.11335465168169,4898865.995268288
54.12335465168169,4898866.015118557
54.133354651681685,4898866.034510025
54.14335465168168,4898866.053701898
54.15335465168168,4898866.073223697
54.16335465168168,4898866.092283317
54.17335465168168,4898866.111704108
54.183354651681675,4898866.131826833
54.19335465168167,4898866.151309194
54.20335465168167,4898866.171048608
54.21335465168167,4898866.190460192
54.22335465168167,4898866.209564423
54.233354651681665,4898866.229058708
54.24335465168166,4898866.248700064
54.25335465168166,4898866.268015905
54.26335465168166,4898866.287174492
54.27335465168166,4898866.30779925
54.283354651681655,4898866.32956275
54.29335465168165,4898866.34957306
54.30335465168165,4898866.369092947
54.31335465168165,4898866.388492011
54.32335465168165,4898866.407680313
54.333354651681645,4898866.426872235
54.34335465168164,4898866.446806253
54.35335465168164,4898866.466138327
54.36335465168164,4898866.485624936
54.37335465168164,4898866.505770852
54.383354651681636,4898866.524969885
54.39335465168163,4898866.544657094
54.40335465168163,4898866.564133932
54.41335465168163,4898866.584811872
54.42335465168163,4898866.605264169
54.433354651681626,4898866.62543079
54.443354651681624,4898866.645336841
54.45335465168162,4898866.665541876
54.46335465168162,4898866.685186477
54.47335465168162,4898866.704526216
54.483354651681616,4898866.723798476
54.493354651681614,4898866.74262327
54.50335465168161,4898866.761436821
54.51335465168161,4898866.7802904
54.52335465168161,4898866.798975925
54.533354651681606,4898866.817690134
54.543354651681604,4898866.836061018
54.5533546516816,4898866.854543941
54.5633546516816,4898866.873319564
54.5733546516816,4898866.893981656
54.583354651681596,4898866.912573848
54.593354651681594,4898866.93086943
54.60335465168159,4898866.949639287
54.61335465168159,4898866.968072227
54.62335465168159,4898866.986593694
54.633354651681586,4898867.006691981
54.643354651681584,4898867.025562054
54.65335465168158,4898867.044152864
54.66335465168158,4898867.063099069
54.67335465168158,4898867.081523134
54.683354651681576,4898867.09997216
54.693354651681574,4898867.11874462
54.70335465168157,4898867.13768848
54.71335465168157,4898867.155937777
54.72335465168157,4898867.174549446
54.733354651681566,4898867.193079611
54.743354651681564,4898867.211513792
54.75335465168156,4898867.229899232
54.76335465168156,4898867.248659115
54.77335465168156,4898867.266975754
54.783354651681556,4898867.285536361
54.793354651681554,4898867.304116357
54.80335465168155,4898867.322848665
54.81335465168155,4898867.341723151
54.82335465168155,4898867.361244316
54.833354651681546,4898867.3800434
54.843354651681544,4898867.398519831
54.85335465168154,4898867.417034957
54.86335465168154,4898867.43554322
54.87335465168154,4898867.454200626
54.883354651681536,4898867.473321729
54.893354651681534,4898867.492469297
54.90335465168153,4898867.511284763
54.91335465168153,4898867.52972727
54.92335465168153,4898867.548608919
54.933354651681526,4898867.568036899
54.943354651681524,4898867.586917949
54.95335465168152,4898867.60541336
54.96335465168152,4898867.62438975
54.97335465168152,4898867.643019645
54.983354651681516,4898867.661845909
54.993354651681514,4898867.680887188
55.00335465168151,4898867.699474877
55.01335465168151,4898867.718042736
55.02335465168151,4898867.738517388
55.033354651681506,4898867.765729357
55.043354651681504,4898867.785029522
55.0533546516815,4898867.801101893
55.0633546516815,4898867.817834282
55.0733546516815,4898867.83346269
55.083354651681496,4898867.848911032
55.093354651681494,4898867.863879284
55.10335465168149,4898867.879783679
55.11335465168149,4898867.89539875
55.12335465168149,4898867.910224498
55.133354651681486,4898867.924515744
55.143354651681484,4898867.938784893
55.15335465168148,4898867.952754056
55.16335465168148,4898867.967731154
55.16585465168148,4898867.989744532
55.16647965168148,4898868.018997103
55.169604651681475,4898868.06925836
55.176369343364186,4898868.108535683
55.186369343364184,4898868.137469347
55.19636934336418,4898868.159592523
55.20636934336418,4898868.18642325
55.21636934336418,4898868.215042375
55.221369343364174,4898868.251672667
55.22636934336417,4898868.289487562
55.23636934336417,4898868.329234619
55.246369343364165,4898868.355546069
55.25636934336416,4898868.3788349
55.26636934336416,4898868.400857046
55.26886934336416,4898868.428347562
55.27886934336416,4898868.479594783
55.288869343364155,4898868.516979969
55.29886934336415,4898868.556522898
55.30886934336415,4898868.582458631
55.31886934336415,4898868.627678835
55.32886934336415,4898868.65448069
55.338869343364145,4898868.683280731
55.34886934336414,4898868.708732962
55.35886934336414,4898868.73466611
55.36886934336414,4898868.759844798
55.37886934336414,4898868.792352831
55.388869343364135,4898868.82012229
55.39886934336413,4898868.844567699
55.40886934336413,4898868.877531256
55.41886934336413,4898868.901061041
55.42886934336413,4898868.946117249
55.438869343364125,4898868.98879118
55.44886934336412,4898869.024747722
55.45886934336412,4898869.055269255
55.46886934336412,4898869.085189133
55.47886934336412,4898869.117577593
55.488869343364115,4898869.152157097
55.49886934336411,4898869.180561174
55.50886934336411,4898869.220735099
55.51886934336411,4898869.260277742
55.52886934336411,4898869.290829675
55.538869343364105,4898869.329983893
55.5488693433641,4898869.359753424
55.5588693433641,4898869.394045824
55.5688693433641,4898869.426724532
55.5788693433641,4898869.461870894
55.588869343364095,4898869.500792478
55.59886934336409,4898869.532393011
55.60886934336409,4898869.573638628
55.61886934336409,4898869.619205544
55.62886934336409,4898869.664889792
55.638869343364085,4898869.695891238
55.64886934336408,4898869.74056551
55.65886934336408,4898869.789719701
55.66886934336408,4898869.835555874
55.67886934336408,4898869.889531746
55.688869343364075,4898869.92674286
55.69886934336407,4898869.967344245
55.70886934336407,4898870.005253118
55.71886934336407,4898870.040879166
55.72886934336407,4898870.072548113
55.738869343364065,4898870.118585366
55.74886934336406,4898870.164870889
55.75886934336406,4898870.191820207
55.76886934336406,4898870.222930381
55.77886934336406,4898870.250779909
55.788869343364055,4898870.285371778
55.79886934336405,4898870.318110618
55.80886934336405,4898870.351300215
55.81886934336405,4898870.37554934
55.82886934336405,4898870.402623937
55.838869343364046,4898870.433067594
55.84886934336404,4898870.462333861
55.85886934336404,4898870.496306533
55.86886934336404,4898870.522608477
55.87886934336404,4898870.549143903
55.888869343364036,4898870.57866431
55.898869343364034,4898870.617479755
55.90886934336403,4898870.653303167
55.91886934336403,4898870.690781848
55.92886934336403,4898870.727406908
55.938869343364026,4898870.756811611
55.948869343364024,4898870.783641562
55.95886934336402,4898870.808852475
55.96886934336402,4898870.834709597
55.97886934336402,4898870.859982683
55.988869343364016,4898870.885887231
55.998869343364014,4898870.908311282
56.00886934336401,4898870.93476988
56.01886934336401,4898870.957771806
56.02886934336401,4898870.98188013
56.038869343364006,4898871.006623207
56.048869343364004,4898871.030464782
56.058869343364,4898871.054360629
56.068869343364,4898871.077992255
56.078869343364,4898871.101258443
56.088869343363996,4898871.12532936
56.098869343363994,4898871.149248894
56.10886934336399,4898871.172857542
56.11886934336399,4898871.195386051
56.12886934336399,4898871.217731139
56.138869343363986,4898871.239166106
56.148869343363984,4898871.260558286
56.15886934336398,4898871.284881817
56.16886934336398,4898871.310090723
56.17886934336398,4898871.334511497
56.188869343363976,4898871.358657482
56.198869343363974,4898871.382971618
56.20886934336397,4898871.406916419
56.21886934336397,4898871.430261497
56.22886934336397,4898871.458536442
56.238869343363966,4898871.483592907
56.248869343363964,4898871.508773572
56.25886934336396,4898871.53358966
56.26886934336396,4898871.560012842
56.27886934336396,4898871.58574373
56.288869343363956,4898871.612897745
56.298869343363954,4898871.639793633
56.30886934336395,4898871.665273272
56.31886934336395,4898871.690960773
56.32886934336395,4898871.715407111
56.338869343363946,4898871.735401439
56.348869343363944,4898871.755420295
56.35886934336394,4898871.774983906
56.36886934336394,4898871.79442842
56.37886934336394,4898871.814011542
56.388869343363936,4898871.833339322
56.398869343363934,4898871.852941301
56.40886934336393,4898871.872309485
56.41886934336393,4898871.893910128
56.42886934336393,4898871.913797269
56.438869343363926,4898871.933103999
56.448869343363924,4898871.95272416
56.45886934336392,4898871.972241672
56.46886934336392,4898871.991942763
56.47886934336392,4898872.014073715
56.488869343363916,4898872.0336496
56.498869343363914,4898872.053331433
56.50886934336391,4898872.072899011
56.51886934336391,4898872.092278352
56.52886934336391,4898872.112108218
56.538869343363906,4898872.132872609
56.548869343363904,4898872.153488934
56.5588693433639,4898872.173094715
56.5688693433639,4898872.192816038
56.5788693433639,4898872.212189691
56.588869343363896,4898872.231681487
56.598869343363894,4898872.252207516
56.60886934336389,4898872.272592999
56.61886934336389,4898872.293025967
56.62886934336389,4898872.313329503
56.638869343363886,4898872.333444041
56.648869343363884,4898872.354087561
56.65886934336388,4898872.37409615
56.66886934336388,4898872.394143715
56.67886934336388,4898872.414109847
56.688869343363876,4898872.434267776
56.698869343363874,4898872.454844913
56.70886934336387,4898872.475188287
56.71886934336387,4898872.49540892
56.72886934336387,4898872.515338422
56.73886934336387,4898872.534882816
56.748869343363864,4898872.555184683
56.75886934336386,4898872.575458331
56.76886934336386,4898872.595140103
56.77886934336386,4898872.616981869
56.78886934336386,4898872.637444074
56.798869343363855,4898872.658198206
56.80886934336385,4898872.678515604
56.81886934336385,4898872.698810037
56.82886934336385,4898872.719391323
56.83886934336385,4898872.739764131
56.848869343363845,4898872.760948069
56.85886934336384,4898872.781719878
56.86886934336384,4898872.802379853
56.87886934336384,4898872.823129783
56.88886934336384,4898872.843404481
56.898869343363835,4898872.86388592
56.90886934336383,4898872.885240527
56.91886934336383,4898872.905313363
56.92886934336383,4898872.924848468
56.93886934336383,4898872.944288253
56.948869343363825,4898872.963698527
56.95886934336382,4898872.98363701
56.96886934336382,4898873.005225558
56.97886934336382,4898873.025938325
56.98886934336382,4898873.046981982
56.998869343363815,4898873.069504308
57.00886934336381,4898873.092566668
57.01886934336381,4898873.114165353
57.02886934336381,4898873.135213077
57.03886934336381,4898873.155194884
57.048869343363805,4898873.175839369
57.0588693433638,4898873.19629727
57.0688693433638,4898873.21594625
57.0788693433638,4898873.23507705
57.0888693433638,4898873.254792536
57.098869343363795,4898873.274232784
57.10886934336379,4898873.293684454
57.11886934336379,4898873.314937684
57.12886934336379,4898873.334537813
57.13886934336379,4898873.354173929
57.148869343363785,4898873.373566736
57.15886934336378,4898873.392830645
57.16886934336378,4898873.412213071
57.17886934336378,4898873.432802636
57.18886934336378,4898873.454295531
57.198869343363775,4898873.47525124
57.20886934336377,4898873.495274609
57.21886934336377,4898873.51516429
57.22886934336377,4898873.534872518
57.23886934336377,4898873.555457479
57.248869343363765,4898873.576158006
57.25886934336376,4898873.595988462
57.26886934336376,4898873.6171346
57.27886934336376,4898873.636977876
57.28886934336376,4898873.657026022
57.298869343363755,4898873.6765585
57.30886934336375,4898873.695900684
57.31886934336375,4898873.715324443
57.32886934336375,4898873.734528975
57.33886934336375,4898873.754115476
57.348869343363745,4898873.774682246
57.35886934336374,4898873.795178391
57.36886934336374,4898873.815170789
57.37886934336374,4898873.835449857
57.38886934336374,4898873.855198672
57.398869343363735,4898873.874857131
57.40886934336373,4898873.896237699
57.41886934336373,4898873.915966611
57.42886934336373,4898873.935197953
57.43886934336373,4898873.954859098
57.448869343363725,4898873.97433149
57.45886934336372,4898873.994226689
57.46886934336372,4898874.014583893
57.47886934336372,4898874.034047239
57.48886934336372,4898874.053762369
57.498869343363715,4898874.07343338
57.50886934336371,4898874.092952625
57.51886934336371,4898874.11328191
57.52886934336371,4898874.134167677
57.53886934336371,4898874.15487462
57.548869343363705,4898874.175347217
57.5588693433637,4898874.195711111
57.5688693433637,4898874.219059131
57.5788693433637,4898874.24275457
57.5888693433637,4898874.267036019
57.598869343363695,4898874.290787935
57.60886934336369,4898874.314055324
57.61886934336369,4898874.337608494
57.62886934336369,4898874.362406223
57.63886934336369,4898874.386917667
57.648869343363685,4898874.411651653
57.65886934336368,4898874.436094527
57.66886934336368,4898874.461051355
57.67886934336368,4898874.485173649
57.68886934336368,4898874.509544964
57.698869343363675,4898874.531901713
57.70886934336367,4898874.555326485
57.71886934336367,4898874.578935905
57.72886934336367,4898874.603112636
57.73886934336367,4898874.627953479
57.748869343363666,4898874.651763692
57.75886934336366,4898874.675147223
57.76886934336366,4898874.699402719
57.77886934336366,4898874.724245014
57.78886934336366,4898874.749482852
57.798869343363656,4898874.77380212
57.808869343363654,4898874.7984305
57.81886934336365,4898874.823879797
57.82886934336365,4898874.848768942
57.83886934336365,4898874.873584881
57.848869343363646,4898874.900502579
57.858869343363644,4898874.92528268
57.86886934336364,4898874.950027945
57.87886934336364,4898874.975105238
57.88886934336364,4898875.000880932
57.898869343363636,4898875.026253681
57.908869343363634,4898875.051115602
57.91886934336363,4898875.076148269
57.92886934336363,4898875.10066948
57.93886934336363,4898875.126091015
57.948869343363626,4898875.15168257
57.958869343363624,4898875.176972842
57.96886934336362,4898875.202086568
57.97886934336362,4898875.226860938
57.98886934336362,4898875.251909874
57.998869343363616,4898875.275890035
58.008869343363614,4898875.300869774
58.01886934336361,4898875.32478537
58.02886934336361,4898875.348667382
58.03886934336361,4898875.372702001
58.048869343363606,4898875.397030038
58.058869343363604,4898875.421091364
58.0688693433636,4898875.444723472
58.0788693433636,4898875.468769012
58.0888693433636,4898875.492981544
58.098869343363596,4898875.516973097
58.108869343363594,4898875.540103521
58.11886934336359,4898875.565757368
58.12886934336359,4898875.590241064
58.13886934336359,4898875.613984249
58.148869343363586,4898875.637436197
58.158869343363584,4898875.661123581
58.16886934336358,4898875.68537217
58.17886934336358,4898875.708617019
58.18886934336358,4898875.73253204
58.198869343363576,4898875.756931981
58.208869343363574,4898875.781255765
58.21886934336357,4898875.805196106
58.22886934336357,4898875.828642187
58.23886934336357,4898875.852358942
58.248869343363566,4898875.87640506
58.258869343363564,4898875.902804336
58.26886934336356,4898875.927009871
58.27886934336356,4898875.952183329
58.28886934336356,4898875.976476838
58.298869343363556,4898875.999904417
58.308869343363554,4898876.022940879
58.31886934336355,4898876.045149844
58.32886934336355,4898876.06651323
58.33886934336355,4898876.08787859
58.348869343363546,4898876.108317134
58.358869343363544,4898876.129656191
58.36886934336354,4898876.151160693
58.37886934336354,4898876.172212035
58.38886934336354,4898876.192675653
58.398869343363536,4898876.213020323
58.408869343363534,4898876.232955795
58.41886934336353,4898876.253513416
58.42886934336353,4898876.273838945
58.43886934336353,4898876.294485165
58.448869343363526,4898876.315054233
58.458869343363524,4898876.335699702
58.46886934336352,4898876.357084809
58.47886934336352,4898876.377763926
58.48886934336352,4898876.39835068
58.498869343363516,4898876.419154309
58.508869343363514,4898876.439067079
58.51886934336351,4898876.459388557
58.52886934336351,4898876.479956075
58.53886934336351,4898876.500374855
58.548869343363506,4898876.520812096
58.558869343363504,4898876.54112632
58.5688693433635,4898876.561767446
58.5788693433635,4898876.582247972
58.5888693433635,4898876.603025051
58.598869343363496,4898876.624742652
58.608869343363494,4898876.645342175
58.61886934336349,4898876.666128425
58.62886934336349,4898876.686506248
58.63886934336349,4898876.706880598
58.64886934336349,4898876.727249608
58.658869343363484,4898876.748598616
58.66886934336348,4898876.770019603
58.67886934336348,4898876.791545255
58.68886934336348,4898876.81307078
58.69886934336348,4898876.834894657
58.708869343363475,4898876.856962631
58.71886934336347,4898876.879121536
58.72886934336347,4898876.902199883
58.73886934336347,4898876.923952051
58.74886934336347,4898876.945330036
58.758869343363465,4898876.966999841
58.76886934336346,4898876.988633219
58.77886934336346,4898877.011583876
58.78886934336346,4898877.033190002
58.79886934336346,4898877.05653347
58.808869343363455,4898877.078852401
58.81886934336345,4898877.099956478
58.82886934336345,4898877.120991872
58.83886934336345,4898877.141818634
58.84886934336345,4898877.163489237
58.858869343363445,4898877.185449526
58.86886934336344,4898877.209038984
58.87886934336344,4898877.234532601
58.88886934336344,4898877.258143494
58.89886934336344,4898877.280249161
58.908869343363435,4898877.303343333
58.91886934336343,4898877.324826586
58.92886934336343,4898877.345073368
58.93886934336343,4898877.365215544
58.94886934336343,4898877.385627476
58.958869343363425,4898877.407081281
58.96886934336342,4898877.427248508
58.97886934336342,4898877.446642353
58.98886934336342,4898877.466303821
58.99886934336342,4898877.486555167
59.008869343363415,4898877.507224287
59.01886934336341,4898877.52856076
59.02886934336341,4898877.550797608
59.03886934336341,4898877.572487354
59.04886934336341,4898877.592973443
59.058869343363405,4898877.6137629
59.0688693433634,4898877.63396604
59.0788693433634,4898877.654334736
59.0888693433634,4898877.675336011
59.0988693433634,4898877.696153128
59.108869343363395,4898877.716994091
59.11886934336339,4898877.73937628
59.12886934336339,4898877.762034154
59.13886934336339,4898877.782911931
59.14886934336339,4898877.803410578
59.158869343363385,4898877.824184726
59.16886934336338,4898877.845074386
59.17886934336338,4898877.8662828
59.18886934336338,4898877.8885343
59.19886934336338,4898877.909810671
59.208869343363375,4898877.929799711
59.21886934336337,4898877.94992497
59.22886934336337,4898877.970229819
59.23886934336337,4898877.99080814
59.24886934336337,4898878.012504916
59.258869343363365,4898878.03247923
59.26886934336336,4898878.052912647
59.27886934336336,4898878.073690663
59.28886934336336,4898878.094062598
59.29886934336336,4898878.114677702
59.308869343363355,4898878.135480363
59.31886934336335,4898878.15590787
59.32886934336335,4898878.176266782
59.33886934336335,4898878.196730432
59.34886934336335,4898878.21619448
59.358869343363345,4898878.235393655
59.36886934336334,4898878.255105531
59.37886934336334,4898878.274777366
59.38886934336334,4898878.294227115
59.39886934336334,4898878.31496816
59.408869343363335,4898878.335220944
59.41886934336333,4898878.35497374
59.42886934336333,4898878.37456559
59.43886934336333,4898878.394374816
59.44886934336333,4898878.41370853
59.458869343363325,4898878.433142268
59.46886934336332,4898878.452685352
59.47886934336332,4898878.472237347
59.48886934336332,4898878.491770909
59.49886934336332,4898878.511965735
59.508869343363315,4898878.531829603
59.51886934336331,4898878.551909619
59.52886934336331,4898878.572020633
59.53886934336331,4898878.591704147
59.54886934336331,4898878.611602687
59.558869343363305,4898878.635555062
59.5688693433633,4898878.656244016
59.5788693433633,4898878.67639208
59.5888693433633,4898878.696056527
59.5988693433633,4898878.715846625
59.608869343363295,4898878.735291455
59.61886934336329,4898878.755059441
59.62886934336329,4898878.774919311
59.63886934336329,4898878.794555903
59.64886934336329,4898878.814048339
59.658869343363286,4898878.834561686
59.66886934336328,4898878.854365121
59.67886934336328,4898878.874389186
59.68886934336328,4898878.896153535
59.69886934336328,4898878.915931283
59.708869343363276,4898878.935465715
59.718869343363274,4898878.955017057
59.72886934336327,4898878.974695424
59.73886934336327,4898878.994706537
59.74886934336327,4898879.015483561
59.758869343363266,4898879.035034734
59.768869343363264,4898879.054535594
59.77886934336326,4898879.074051378
59.78886934336326,4898879.093410675
59.79886934336326,4898879.113231938
59.808869343363256,4898879.134213733
59.818869343363254,4898879.155812771
59.82886934336325,4898879.176356674
59.83886934336325,4898879.196377956
59.84886934336325,4898879.218130625
59.858869343363246,4898879.238809443
59.868869343363244,4898879.259518506
59.87886934336324,4898879.279693385
59.88886934336324,4898879.299183016
59.89886934336324,4898879.318995866
59.908869343363236,4898879.338888116
59.918869343363234,4898879.35857288
59.92886934336323,4898879.378279419
59.93886934336323,4898879.397658561
59.94886934336323,4898879.417056495
59.958869343363226,4898879.437953085
59.968869343363224,4898879.458965289
59.97886934336322,4898879.478926494
59.98886934336322,4898879.498921152
59.99886934336322,4898879.520103629
60.008869343363216,4898879.539960591
60.018869343363214,4898879.56056206
60.02886934336321,4898879.58076858
60.03886934336321,4898879.600255671
60.04886934336321,4898879.62017124
60.058869343363206,4898879.639473098
60.068869343363204,4898879.659235226
60.0788693433632,4898879.679379483
60.0888693433632,4898879.698890638
60.0988693433632,4898879.718450503
60.108869343363196,4898879.737694094
60.118869343363194,4898879.757210329
60.12886934336319,4898879.777632696
60.13886934336319,4898879.797861024
60.14886934336319,4898879.818237576
60.158869343363186,4898879.838369605
60.168869343363184,4898879.859202812
60.17886934336318,4898879.88058987
60.18886934336318,4898879.901723096
60.19886934336318,4898879.921534226
60.208869343363176,4898879.940889212
60.218869343363174,4898879.960450533
60.22886934336317,4898879.980181608
60.23886934336317,4898880.001139857
60.24886934336317,4898880.021211562
60.258869343363166,4898880.040443312
60.268869343363164,4898880.06031904
60.27886934336316,4898880.079871553
60.28886934336316,4898880.099306105
60.29886934336316,4898880.119314573
60.308869343363156,4898880.139396975
60.318869343363154,4898880.159314896
60.32886934336315,4898880.179332095
60.33886934336315,4898880.198934136
60.34886934336315,4898880.218680218
60.358869343363146,4898880.238046264
60.368869343363144,4898880.257892368
60.37886934336314,4898880.277472666
60.38886934336314,4898880.296934583
60.39886934336314,4898880.316411783
60.408869343363136,4898880.335746951
60.418869343363134,4898880.355312819
60.42886934336313,4898880.375261594
60.43886934336313,4898880.394951501
60.44886934336313,4898880.414799172
60.458869343363126,4898880.434250264
60.468869343363124,4898880.45390966
60.47886934336312,4898880.473643607
60.48886934336312,4898880.493417006
60.49886934336312,4898880.51326842
60.508869343363116,4898880.533262361
60.518869343363114,4898880.553090166
60.52886934336311,4898880.573741853
60.53886934336311,4898880.594141193
60.54886934336311,4898880.614272802
60.55886934336311,4898880.636327674
60.568869343363104,4898880.656832118
60.5788693433631,4898880.677192809
60.5888693433631,4898880.697628827
60.5988693433631,4898880.717835153
60.6088693433631,4898880.737660739
60.618869343363095,4898880.758213203
60.62886934336309,4898880.778790092
60.63886934336309,4898880.798920848
60.64886934336309,4898880.818989917
60.65886934336309,4898880.841052267
60.668869343363085,4898880.881161345
60.67886934336308,4898880.926720497
60.68886934336308,4898880.957934982
60.69886934336308,4898881.001680763
60.70886934336308,4898881.046812205
60.718869343363075,4898881.08505172
60.72886934336307,4898881.133263296
60.73886934336307,4898881.187156092
60.74886934336307,4898881.232144625
60.75886934336307,4898881.278583289
60.768869343363065,4898881.333066888
60.77886934336306,4898881.385229127
60.78886934336306,4898881.43274975
60.79886934336306,4898881.475714194
60.80886934336306,4898881.523291402
60.818869343363055,4898881.587191569
60.82886934336305,4898881.63286035
60.83886934336305,4898881.694955165
60.84886934336305,4898881.73998184
60.85886934336305,4898881.790651448
60.868869343363045,4898881.830279637
60.87886934336304,4898881.880988231
60.88886934336304,4898881.933831376
60.89886934336304,4898881.986583638
60.90886934336304,4898882.037761697
60.918869343363035,4898882.101103629
60.92886934336303,4898882.172150835
60.93886934336303,4898882.22314666
60.94886934336303,4898882.28427918
60.95886934336303,4898882.330588755
60.968869343363025,4898882.379403563
60.97886934336302,4898882.432808208
60.98886934336302,4898882.469151205
60.99886934336302,4898882.511767917
61.00886934336302,4898882.559812046
61.018869343363015,4898882.596401433
61.02886934336301,4898882.645186376
61.03886934336301,4898882.679619799
61.04886934336301,4898882.728898195
61.05886934336301,4898882.779246501
61.068869343363005,4898882.823136391
61.078869343363,4898882.872275243
61.088869343363,4898882.915394295
61.098869343363,4898882.959790347
61.108869343363,4898883.006288696
61.118869343362995,4898883.052729043
61.12886934336299,4898883.101677869
61.13886934336299,4898883.149278547
61.14886934336299,4898883.197046387
61.15886934336299,4898883.242704981
61.168869343362985,4898883.299316719
61.17886934336298,4898883.357586163
61.18886934336298,4898883.414257408
61.19886934336298,4898883.467563498
61.20886934336298,4898883.512270969
61.218869343362975,4898883.561945509
61.22886934336297,4898883.609117097
61.23886934336297,4898883.659139632
61.24886934336297,4898883.708717015
61.25886934336297,4898883.753576497
61.268869343362965,4898883.809468551
61.27886934336296,4898883.869673302
61.28886934336296,4898883.919962158
61.29886934336296,4898883.967780519
61.30886934336296,4898884.021243833
61.318869343362955,4898884.068713194
61.32886934336295,4898884.109772109
61.33886934336295,4898884.15364365
61.34886934336295,4898884.197580261
61.35886934336295,4898884.235896633
61.368869343362945,4898884.278706235
61.37886934336294,4898884.324047662
61.38886934336294,4898884.370920396
61.39886934336294,4898884.412106878
61.40886934336294,4898884.457359506
61.418869343362935,4898884.501373271
61.42886934336293,4898884.533745871
61.43886934336293,4898884.56577177
61.44886934336293,4898884.594242834
61.45886934336293,4898884.634363883
61.468869343362925,4898884.677819082
61.47886934336292,4898884.727069822
61.48886934336292,4898884.771382035
61.49886934336292,4898884.810014881
61.50886934336292,4898884.847967306
61.518869343362915,4898884.891401033
61.52886934336291,4898884.932612074
61.53886934336291,4898884.977292288
61.54886934336291,4898885.018280556
61.55886934336291,4898885.049432704
61.568869343362906,4898885.081193581
61.5788693433629,4898885.117971121
61.5888693433629,4898885.147777823
61.5988693433629,4898885.180936203
61.6088693433629,4898885.217362314
61.618869343362896,4898885.254778158
61.628869343362894,4898885.291986331
61.63886934336289,4898885.326130671
61.64886934336289,4898885.361193256
61.65886934336289,4898885.400227732
61.668869343362886,4898885.436841272
61.678869343362884,4898885.464678863
61.68886934336288,4898885.493322842
61.69886934336288,4898885.517219465
61.70886934336288,4898885.544251504
61.718869343362876,4898885.575180136
61.728869343362874,4898885.611389114
61.73886934336287,4898885.634007821
61.74886934336287,4898885.654653571
61.75886934336287,4898885.6743364
61.768869343362866,4898885.693712278
61.778869343362864,4898885.713340498
61.78886934336286,4898885.732721739
61.79886934336286,4898885.751502446
61.80886934336286,4898885.770889663
61.818869343362856,4898885.790191772
61.828869343362854,4898885.811860298
61.83886934336285,4898885.839027465
61.84886934336285,4898885.884356296
61.85886934336285,4898885.926698759
61.868869343362846,4898885.974270138
61.878869343362844,4898886.031602849
61.883869343362846,4898886.086181395
61.88906769329602,4898886.262583262
61.894266043229194,4898886.308282649
61.89947217406395,4898886.430683311
61.90467830489871,4898886.467221562
61.91069230493446,4898886.565130702
61.91531403028774,4898886.684064705
61.91993575564102,4898886.729253227
61.92889991476388,4898886.836926642
61.93786407388674,4898886.889096219
61.94345552238405,4898887.042662184
61.949046970881355,4898887.089842726
61.958702747277734,4898887.142324544
61.96870274727773,4898887.194795112
61.97870274727773,4898887.243101556
61.98370274727773,4898887.293222291
61.99370274727773,4898887.345276747
61.99870274727773,4898887.406552751
62.00769295695012,4898887.448115487
62.01769295695012,4898887.516504576
62.02769295695012,4898887.566676572
62.03769295695012,4898887.623857804
62.047692956950115,4898887.667527852
62.05769295695011,4898887.714533398
62.06769295695011,4898887.755198171
62.07769295695011,4898887.785263993
62.08769295695011,4898887.816326507
62.097692956950105,4898887.849357407
62.1076929569501,4898887.8959192
62.1176929569501,4898887.955041456
62.1276929569501,4898887.990218409
62.1376929569501,4898888.017221223
62.147692956950095,4898888.049178665
62.15769295695009,4898888.100717207
62.16769295695009,4898888.149062549
62.17769295695009,4898888.182979892
62.18769295695009,4898888.223370822
62.197692956950085,4898888.261739502
62.20769295695008,4898888.294139346
62.21769295695008,4898888.322286635
62.22769295695008,4898888.349363183
62.23769295695008,4898888.378704254
62.247692956950075,4898888.414843938
62.25769295695007,4898888.439955767
62.26769295695007,4898888.466079351
62.27769295695007,4898888.496452403
62.28769295695007,4898888.527055623
62.297692956950065,4898888.554846297
62.30769295695006,4898888.580316179
62.31769295695006,4898888.613921233
62.32769295695006,4898888.651213251
62.33769295695006,4898888.682560036
62.347692956950056,4898888.712488593
62.35769295695005,4898888.740766765
62.36769295695005,4898888.768785087
62.37769295695005,4898888.803876584
62.38769295695005,4898888.835743005
62.397692956950046,4898888.867945118
62.407692956950044,4898888.900433827
62.41769295695004,4898888.932964755
62.42769295695004,4898888.961549251
62.43769295695004,4898888.985965465
62.447692956950036,4898889.011419306
62.457692956950034,4898889.035785207
62.46769295695003,4898889.060269758
62.47769295695003,4898889.08547861
62.48769295695003,4898889.111395046
62.497692956950026,4898889.138151971
62.507692956950024,4898889.1637701
62.51769295695002,4898889.188680659
62.52769295695002,4898889.213057677
62.53769295695002,4898889.237095421
62.547692956950016,4898889.260778525
62.557692956950014,4898889.28575408
62.56769295695001,4898889.310100795
62.57769295695001,4898889.334147229
62.58769295695001,4898889.360445444
62.597692956950006,4898889.387766592
62.607692956950004,4898889.414957623
62.61769295695,4898889.442517013
62.62769295695,4898889.469267898
62.63769295695,4898889.495470471
62.647692956949996,4898889.520133232
62.657692956949994,4898889.548784572
62.66769295694999,4898889.574303938
62.67769295694999,4898889.599064612
62.68769295694999,4898889.623899074
62.697692956949986,4898889.651165865
62.707692956949984,4898889.675481539
62.71769295694998,4898889.700108022
62.72769295694998,4898889.724361821
62.73769295694998,4898889.749349592
62.747692956949976,4898889.774811581
62.757692956949974,4898889.801262872
62.76769295694997,4898889.824806579
62.77769295694997,4898889.848694026
62.78769295694997,4898889.873414731
62.797692956949966,4898889.900894274
62.807692956949964,4898889.926193601
62.81769295694996,4898889.951138042
62.82769295694996,4898889.977257065
62.83769295694996,4898890.003176756
62.847692956949956,4898890.028821023
62.857692956949954,4898890.053579868
62.86769295694995,4898890.080196403
62.87769295694995,4898890.105321713
62.88769295694995,4898890.130999307
62.897692956949946,4898890.155804912
62.907692956949944,4898890.181569602
62.91769295694994,4898890.206823549
62.92769295694994,4898890.232314489
62.93769295694994,4898890.256925353
62.947692956949936,4898890.28204043
62.957692956949934,4898890.306116457
62.96769295694993,4898890.329340013
62.97769295694993,4898890.353581629
62.98769295694993,4898890.377104511
62.997692956949926,4898890.401089266
63.007692956949924,4898890.425056054
63.01769295694992,4898890.449264114
63.02769295694992,4898890.474326411
63.03769295694992,4898890.499326646
63.047692956949916,4898890.524848489
63.057692956949914,4898890.550382768
63.06769295694991,4898890.576579343
63.07769295694991,4898890.602622228
63.08769295694991,4898890.630485335
63.097692956949906,4898890.661090921
63.107692956949904,4898890.69295449
63.1176929569499,4898890.728777677
63.1276929569499,4898890.760680387
63.1376929569499,4898890.786386428
63.147692956949896,4898890.811975234
63.157692956949894,4898890.837371508
63.16769295694989,4898890.862468085
63.17769295694989,4898890.888880719
63.18769295694989,4898890.914565086
63.197692956949886,4898890.939334564
63.207692956949884,4898890.963385138
63.21769295694988,4898890.987473566
63.22769295694988,4898891.012649042
63.23769295694988,4898891.037482562
63.24769295694988,4898891.062503038
63.257692956949874,4898891.090406443
63.26769295694987,4898891.15050905
63.27769295694987,4898891.194836757
63.28769295694987,4898891.238017518
63.29769295694987,4898891.280899716
63.307692956949865,4898891.330344618
63.31769295694986,4898891.373427444
63.322692956949865,4898891.41558911
63.32769295694986,4898891.470299332
63.33769295694986,4898891.53469148
63.34769295694986,4898891.588759464
63.357692956949855,4898891.629934417
63.36769295694985,4898891.67923085
63.37769295694985,4898891.738456551
63.38269295694985,4898891.794560658
63.39269295694985,4898891.86512788
63.40269295694985,4898891.923776025
63.41269295694985,4898891.986292381
63.422692956949845,4898892.040580403
63.43269295694984,4898892.094965413
63.44269295694984,4898892.157022108
63.45269295694984,4898892.223597131
63.46269295694984,4898892.289254089
63.472692956949835,4898892.343417706
63.48269295694983,4898892.404577875
63.49269295694983,4898892.456021143
63.50269295694983,4898892.508822512
63.51269295694983,4898892.566640789
63.522692956949825,4898892.619905443
63.53269295694982,4898892.674995362
63.54269295694982,4898892.728751174
63.55269295694982,4898892.783189537
63.56269295694982,4898892.836477722
63.572692956949815,4898892.925279323
63.58269295694981,4898892.968456646
63.59269295694981,4898893.011579309
63.60269295694981,4898893.054227552
63.61269295694981,4898893.088510813
63.622692956949805,4898893.128706238
63.6326929569498,4898893.160121747
63.6426929569498,4898893.196817861
63.6526929569498,4898893.236695873
63.6626929569498,4898893.278885003
63.672692956949795,4898893.320171063
63.68269295694979,4898893.35577484
63.69269295694979,4898893.389043265
63.70269295694979,4898893.434741092
63.71269295694979,4898893.467635196
63.722692956949786,4898893.502132126
63.73269295694978,4898893.53329984
63.74269295694978,4898893.565860535
63.75269295694978,4898893.597092095
63.76269295694978,4898893.635832048
63.772692956949776,4898893.681479973
63.782692956949774,4898893.712103576
63.79269295694977,4898893.746686252
63.80269295694977,4898893.788649534
63.81269295694977,4898893.820833686
63.822692956949766,4898893.8483849
63.832692956949764,4898893.878209442
63.84269295694976,4898893.907413675
63.85269295694976,4898893.947755894
63.86269295694976,4898893.982052379
63.872692956949756,4898894.016525923
63.882692956949754,4898894.053751165
63.89269295694975,4898894.087889246
63.90269295694975,4898894.120895094
63.91269295694975,4898894.154551919
63.922692956949746,4898894.182916058
63.932692956949744,4898894.217223836
63.94269295694974,4898894.26354699
63.95269295694974,4898894.305524035
63.96269295694974,4898894.346534489
63.972692956949736,4898894.38724277
63.982692956949734,4898894.424249978
63.99269295694973,4898894.465232708
64.00269295694973,4898894.505655319
64.01269295694973,4898894.55256791
64.02269295694974,4898894.589272134
64.03269295694975,4898894.629304036
64.04269295694975,4898894.674511483
64.05269295694976,4898894.715999118
64.06269295694976,4898894.763306807
64.07269295694977,4898894.81514625
64.08269295694977,4898894.863631742
64.09269295694978,4898894.910979403
64.10269295694978,4898894.971230606
64.11269295694979,4898895.049106861
64.12269295694979,4898895.108481754
64.1326929569498,4898895.169319565
64.1426929569498,4898895.226198741
64.1526929569498,4898895.288463598
64.16269295694981,4898895.347409269
64.17269295694982,4898895.406006478
64.18269295694982,4898895.465996569
64.19269295694983,4898895.526914097
64.20269295694983,4898895.593563142
64.21269295694984,4898895.651811969
64.22269295694984,4898895.710911429
64.23122177155996,4898895.804056637
64.2333539752125,4898895.873434267
64.23642280370684,4898895.915218059
64.2394916322012,4898895.94720419
64.24166082503619,4898896.008680378
64.24278099996184,4898896.095787102
64.24761617941871,4898896.170783799
64.25261617941871,4898896.25499817
64.2551161794187,4898896.333139284
64.2581529260168,4898896.394917011
64.26158548918765,4898896.45355386
64.26408548918765,4898896.517059554
64.26967777561099,4898896.57392482
64.27967777561099,4898896.632167128
64.28467777561099,4898896.67826644
64.28717777561099,4898896.729134598
64.29717777561099,4898896.779946639
64.30217777561099,4898896.821189814
64.30467777561098,4898896.87682362
64.30717777561098,4898896.94738356
64.31112657940398,4898897.023942475
64.32020877791449,4898897.080983313
64.33020877791449,4898897.146648284
64.3402087779145,4898897.195831052
64.347371229415,4898897.289853027
64.35453368091551,4898897.337791969
64.36453368091551,4898897.381283295
64.36953368091551,4898897.421822232
64.37203368091551,4898897.476674548
64.38203368091551,4898897.533938612
64.39203368091552,4898897.590701699
64.39453368091552,4898897.657103128
64.39515868091551,4898897.738452421
64.39828368091551,4898897.804359895
64.39953368091551,4898897.904807764
64.4057836809155,4898897.976195423
64.41578368091551,4898898.039351813
64.42578368091552,4898898.079456544
64.43578368091552,4898898.122176305
64.44578368091553,4898898.162432713
64.45578368091553,4898898.205364849
64.46578368091554,4898898.251764963
64.47578368091554,4898898.314238228
64.48578368091555,4898898.367745274
64.49578368091555,4898898.414430385
64.50578368091556,4898898.456633316
64.51578368091556,4898898.499467501
64.52578368091557,4898898.541858199
64.53578368091557,4898898.58384804
64.54578368091558,4898898.627094254
64.55578368091558,4898898.669592709
64.56578368091559,4898898.712468403
64.57578368091559,4898898.753250559
64.5857836809156,4898898.794700057
64.5957836809156,4898898.83711338
64.60578368091561,4898898.878759521
64.61578368091561,4898898.922045746
64.62578368091562,4898898.963184849
64.63578368091562,4898899.006618552
64.64578368091563,4898899.049242281
64.65578368091563,4898899.093749968
64.66578368091564,4898899.138106336
64.67578368091564,4898899.180474829
64.68578368091565,4898899.224035281
64.69578368091565,4898899.266270464
64.70578368091566,4898899.308586308
64.71578368091566,4898899.353733757
64.72578368091567,4898899.395964172
64.73578368091567,4898899.436359204
64.74578368091568,4898899.479226723
64.75578368091568,4898899.521148085
64.76578368091569,4898899.563821941
64.7757836809157,4898899.605706845
64.7857836809157,4898899.646901963
64.7957836809157,4898899.688226881
64.80578368091571,4898899.730982587
64.81578368091571,4898899.77129295
64.82578368091572,4898899.81101105
64.83578368091572,4898899.84955036
64.84578368091573,4898899.890826234
64.85578368091574,4898899.934931581
64.86578368091574,4898899.977197382
64.87578368091575,4898900.016534042
64.88578368091575,4898900.055115027
64.89578368091576,4898900.093398961
64.90578368091576,4898900.131332205
64.91578368091577,4898900.171102405
64.92578368091577,4898900.211257858
64.93578368091578,4898900.252288112
64.94578368091578,4898900.294226419
64.95578368091579,4898900.336173753
64.96578368091579,4898900.37786213
64.9757836809158,4898900.417096575
64.9857836809158,4898900.456285573
64.9957836809158,4898900.496204149
65.00578368091581,4898900.537615372
65.01578368091582,4898900.575172707
65.02578368091582,4898900.612510501
65.03578368091583,4898900.650358012
65.04578368091583,4898900.689904647
65.05578368091584,4898900.730602194
65.06578368091584,4898900.769365332
65.07578368091585,4898900.811394006
65.08578368091585,4898900.853408148
65.09578368091586,4898900.897409775
65.10578368091586,4898900.940116978
65.11578368091587,4898900.992871782
65.12578368091587,4898901.037771775
65.13578368091588,4898901.082389538
65.14578368091588,4898901.130096861
65.15578368091589,4898901.178016269
65.1657836809159,4898901.226219355
65.1757836809159,4898901.278793621
65.1857836809159,4898901.328873701
65.19578368091591,4898901.375119897
65.20578368091591,4898901.421615376
65.21578368091592,4898901.47114603
65.22578368091592,4898901.522300137
65.23578368091593,4898901.573025776
65.24578368091593,4898901.622235679
65.25578368091594,4898901.671790498
65.26578368091594,4898901.720757913
65.27578368091595,4898901.771415714
65.28578368091596,4898901.823312536
65.29578368091596,4898901.872514291
65.30578368091597,4898901.916218776
65.31578368091597,4898901.963973958
65.32578368091598,4898902.010543011
65.33578368091598,4898902.055994261
65.34578368091599,4898902.100850261
65.35578368091599,4898902.148054475
65.365783680916,4898902.191851207
65.375783680916,4898902.23687641
65.385783680916,4898902.279164805
65.39578368091601,4898902.324951316
65.40578368091602,4898902.372869081
65.41578368091602,4898902.419489233
65.42578368091603,4898902.470689599
65.43578368091603,4898902.520622662
65.44578368091604,4898902.568386341
65.45578368091604,4898902.61522103
65.46578368091605,4898902.66394023
65.47578368091605,4898902.717913881
65.48578368091606,4898902.769222575
65.49578368091606,4898902.813891025
65.50578368091607,4898902.862165855
65.51578368091607,4898902.909221707
65.52578368091608,4898902.960226355
65.53578368091608,4898903.014639717
65.54578368091609,4898903.068111519
65.5557836809161,4898903.123140164
65.5657836809161,4898903.175324088
65.5757836809161,4898903.220738864
65.58578368091611,4898903.263911742
65.59578368091611,4898903.309287606
65.60578368091612,4898903.354567714
65.61578368091612,4898903.399541553
65.62578368091613,4898903.444794915
65.63578368091613,4898903.488828046
65.64578368091614,4898903.534070772
65.65578368091614,4898903.580493571
65.66578368091615,4898903.631194287
65.67578368091615,4898903.681768737
65.68578368091616,4898903.729736008
65.69578368091616,4898903.775667517
65.70578368091617,4898903.819788211
65.71578368091618,4898903.861960995
65.72578368091618,4898903.905156599
65.73578368091619,4898903.948733292
65.74578368091619,4898903.99641521
65.7557836809162,4898904.044492689
65.7657836809162,4898904.096487612
65.7757836809162,4898904.148284078
65.78578368091621,4898904.198369604
65.79578368091622,4898904.249050853
65.80578368091622,4898904.298731097
65.81578368091623,4898904.345908913
65.82578368091623,4898904.394209273
65.83578368091624,4898904.442403548
65.84578368091624,4898904.489305543
65.85578368091625,4898904.535302838
65.86578368091625,4898904.576054162
65.87578368091626,4898904.617947416
65.88578368091626,4898904.657350801
65.89578368091627,4898904.700169976
65.90578368091627,4898904.74153194
65.91578368091628,4898904.781201587
65.92578368091628,4898904.821242034
65.93578368091629,4898904.862007424
65.94578368091629,4898904.903587989
65.9557836809163,4898904.945809406
65.9657836809163,4898904.989557253
65.97578368091631,4898905.031611247
65.98578368091631,4898905.072831845
65.99578368091632,4898905.122505516
66.00578368091632,4898905.171813198
66.01578368091633,4898905.216264083
66.02578368091633,4898905.267747322
66.03578368091634,4898905.319738706
66.04578368091634,4898905.361006421
66.05578368091635,4898905.400136763
66.06578368091635,4898905.452566812
66.07578368091636,4898905.506907345
66.08578368091636,4898905.560681421
66.09578368091637,4898905.610518418
66.10578368091637,4898905.656496569
66.11578368091638,4898905.707476264
66.12578368091638,4898905.74420576
66.13578368091639,4898905.79221393
66.1457836809164,4898905.832525386
66.1557836809164,4898905.87185514
66.1657836809164,4898905.91239615
66.17578368091641,4898905.962160457
66.18578368091642,4898906.014820276
66.19578368091642,4898906.063225453
66.20578368091643,4898906.108857022
66.21578368091643,4898906.155452404
66.22578368091644,4898906.200981892
66.23578368091644,4898906.245564493
66.24578368091645,4898906.288279161
66.25578368091645,4898906.33161173
66.26578368091646,4898906.374776695
66.27578368091646,4898906.418858062
66.28578368091647,4898906.462452668
66.29578368091647,4898906.50621239
66.30578368091648,4898906.550112099
66.31578368091648,4898906.597477977
66.32578368091649,4898906.645873987
66.33578368091649,4898906.695312732
66.3457836809165,4898906.743479137
66.3557836809165,4898906.784668925
66.36578368091651,4898906.830905624
66.37578368091651,4898906.875077581
66.38578368091652,4898906.915346351
66.39578368091652,4898906.954401739
66.40578368091653,4898907.002176817
66.41578368091653,4898907.049595168
66.42578368091654,4898907.101007907
66.43578368091654,4898907.15116825
66.44578368091655,4898907.195882284
66.45578368091655,4898907.235303782
66.46578368091656,4898907.273676943
66.47578368091656,4898907.312513533
66.48578368091657,4898907.353852671
66.49578368091657,4898907.402484431
66.50578368091658,4898907.450966941
66.51578368091658,4898907.502621217
66.52578368091659,4898907.55361845
66.5357836809166,4898907.601964045
66.5457836809166,4898907.647053299
66.5557836809166,4898907.693918111
66.56578368091661,4898907.738173824
66.57578368091662,4898907.782865465
66.58578368091662,4898907.827882055
66.59578368091663,4898907.873541406
66.60578368091663,4898907.921597257
66.61578368091664,4898907.967508728
66.62578368091664,4898908.018976163
66.63578368091665,4898908.077645238
66.64578368091665,4898908.126487424
66.65578368091666,4898908.178722541
66.66578368091666,4898908.224786113
66.67578368091667,4898908.267355879
66.68578368091667,4898908.309474506
66.69578368091668,4898908.351383399
66.70578368091668,4898908.393173383
66.71578368091669,4898908.437112592
66.72578368091669,4898908.481341663
66.7357836809167,4898908.530501424
66.7457836809167,4898908.580152625
66.75578368091671,4898908.629148271
66.76578368091671,4898908.677413523
66.77578368091672,4898908.727859401
66.78578368091672,4898908.764104587
66.79578368091673,4898908.812830977
66.80578368091673,4898908.864146207
66.81578368091674,4898908.906115273
66.82578368091674,4898908.956837269
66.83578368091675,4898909.003737966
66.84578368091675,4898909.042222675
66.85578368091676,4898909.085290271
66.86578368091676,4898909.129742628
66.87578368091677,4898909.17373372
66.88578368091677,4898909.219158737
66.89578368091678,4898909.261903679
66.90578368091678,4898909.304983526
66.91578368091679,4898909.348182175
66.9257836809168,4898909.392772476
66.9357836809168,4898909.438130421
66.9457836809168,4898909.481603402
66.95578368091681,4898909.528405908
66.96578368091681,4898909.578817329
66.97578368091682,4898909.628955208
66.98578368091682,4898909.680684318
66.99578368091683,4898909.73521473
67.00578368091684,4898909.784476473
67.01578368091684,4898909.826369835
67.02578368091685,4898909.866898328
67.03578368091685,4898909.920756157
67.04578368091686,4898909.974784714
67.05578368091686,4898910.025364121
67.06578368091687,4898910.073939559
67.07578368091687,4898910.117488646
67.08578368091688,4898910.161992715
67.09578368091688,4898910.214428189
67.10578368091689,4898910.257144285
67.11578368091689,4898910.308202916
67.1257836809169,4898910.358038816
67.1357836809169,4898910.401990425
67.1457836809169,4898910.445019341
67.15578368091691,4898910.489743024
67.16578368091692,4898910.538586848
67.17578368091692,4898910.584699032
67.18578368091693,4898910.635713978
67.19578368091693,4898910.679069037
67.20578368091694,4898910.723842469
67.21578368091694,4898910.763568631
67.22578368091695,4898910.803901839
67.23578368091695,4898910.844481783
67.24578368091696,4898910.884956829
67.25578368091696,4898910.928807118
67.26578368091697,4898910.975821819
67.27578368091697,4898911.023993906
67.28578368091698,4898911.066035818
67.29578368091698,4898911.115111737
67.30578368091699,4898911.155897723
67.315783680917,4898911.196545703
67.325783680917,4898911.236931619
67.335783680917,4898911.289421685
67.34578368091701,4898911.343057516
67.35578368091701,4898911.397556122
67.36578368091702,4898911.437457298
67.37578368091702,4898911.476849233
67.38578368091703,4898911.516941087
67.39578368091703,4898911.561033946
67.40578368091704,4898911.612137277
67.41578368091704,4898911.659519319
67.42578368091705,4898911.706559794
67.43578368091705,4898911.758363342
67.44578368091706,4898911.806036874
67.45578368091707,4898911.853209995
67.46578368091707,4898911.898534146
67.47578368091708,4898911.942843726
67.48578368091708,4898911.988016753
67.49578368091709,4898912.037508003
67.50578368091709,4898912.085876386
67.5157836809171,4898912.137427571
67.5257836809171,4898912.184693716
67.5357836809171,4898912.240870647
67.54578368091711,4898912.297968419
67.55578368091712,4898912.347091279
67.56578368091712,4898912.393340874
67.57578368091713,4898912.442566543
67.58578368091713,4898912.494141911
67.59578368091714,4898912.546306865
67.60578368091714,4898912.596402786
67.61578368091715,4898912.646424857
67.62578368091715,4898912.697634539
67.63578368091716,4898912.749885003
67.64578368091716,4898912.798581556
67.65578368091717,4898912.84650193
67.66578368091717,4898912.895321857
67.67578368091718,4898912.945234885
67.68578368091718,4898912.99385486
67.69578368091719,4898913.043980451
67.7057836809172,4898913.095907899
67.7157836809172,4898913.13927571
67.7257836809172,4898913.189742969
67.73578368091721,4898913.232897963
67.74578368091721,4898913.280244705
67.75578368091722,4898913.323157404
67.76578368091722,4898913.372193209
67.77578368091723,4898913.421855034
67.78578368091723,4898913.464017026
67.79578368091724,4898913.506164629
67.80578368091724,4898913.549309008
67.81578368091725,4898913.593694061
67.82578368091725,4898913.637116167
67.83578368091726,4898913.680938766
67.84578368091726,4898913.735231305
67.85578368091727,4898913.779507856
67.86578368091727,4898913.829507505
67.87578368091728,4898913.87650605
67.88578368091729,4898913.926776283
67.89578368091729,4898913.977184499
67.9057836809173,4898914.022965134
67.9157836809173,4898914.066597402
67.9257836809173,4898914.108902913
67.93578368091731,4898914.15546067
67.94578368091732,4898914.199715261
67.95578368091732,4898914.242573269
67.96578368091733,4898914.286368745
67.97578368091733,4898914.33293665
67.98578368091734,4898914.378474035
67.99578368091734,4898914.423978687
68.00578368091735,4898914.469400767
68.01578368091735,4898914.5145536
68.02578368091736,4898914.56203628
68.03578368091736,4898914.607831577
68.04578368091737,4898914.654604137
68.05578368091737,4898914.701016661
68.06578368091738,4898914.744622193
68.07578368091738,4898914.788619908
68.08578368091739,4898914.832031285
68.09578368091739,4898914.878273993
68.1057836809174,4898914.920698134
68.1157836809174,4898914.964224979
68.12578368091741,4898915.005732809
68.13578368091741,4898915.046106951
68.14578368091742,4898915.085437044
68.15578368091742,4898915.125378462
68.16578368091743,4898915.164106174
68.17578368091743,4898915.206405762
68.18578368091744,4898915.249547148
68.19578368091744,4898915.294553979
68.20578368091745,4898915.334387763
68.21578368091745,4898915.373584236
68.22578368091746,4898915.41670923
68.23578368091746,4898915.468031642
68.24578368091747,4898915.511571349
68.25078368091746,4898915.560851402
68.26078368091747,4898915.622531913
68.27078368091748,4898915.669482112
68.28078368091748,4898915.725230739
68.29078368091749,4898915.78708507
68.30078368091749,4898915.836979474
68.3107836809175,4898915.886633023
68.3207836809175,4898915.939276236
68.3257836809175,4898915.988653731
68.3357836809175,4898916.048239278
68.3457836809175,4898916.107866607
68.35578368091751,4898916.170613969
68.3607836809175,4898916.22601351
68.36893639822293,4898916.347211044
68.37393639822292,4898916.43880794
68.38135799645397,4898916.488892601
68.38877959468502,4898916.539004281
68.39377959468501,4898916.611116298
68.40120666836278,4898916.677048935
68.40863374204054,4898916.733407221
68.41363374204053,4898916.815582485
68.41863374204053,4898916.881130165
68.42589622760111,4898917.025026185
68.4295274703814,4898917.081719322
68.4345274703814,4898917.140424654
68.44175365677782,4898917.252655899
68.44897984317424,4898917.294835956
68.45397984317424,4898917.36281628
68.45522984317424,4898917.432024509
68.46147984317423,4898917.488102919
68.47147984317424,4898917.537389996
68.48147984317424,4898917.584432436
68.49147984317425,4898917.63313162
68.50147984317425,4898917.676774892
68.51147984317426,4898917.727643116
68.52147984317426,4898917.779302368
68.53147984317427,4898917.83341083
68.54147984317427,4898917.878376874
68.55147984317428,4898917.922697306
68.56147984317428,4898917.965964389
68.57147984317429,4898918.019758594
68.57647984317428,4898918.074603211
68.58647984317429,4898918.129200536
68.5964798431743,4898918.183940009
68.6064798431743,4898918.2223508
68.6164798431743,4898918.256916433
68.62647984317431,4898918.291879482
68.63647984317431,4898918.331828901
68.64647984317432,4898918.372884758
68.65647984317432,4898918.407599401
68.66647984317433,4898918.44187274
68.67647984317433,4898918.476831378
68.68647984317434,4898918.512118922
68.69647984317434,4898918.555387444
68.70647984317435,4898918.596006028
68.71647984317435,4898918.639422492
68.72647984317436,4898918.675865703
68.73647984317437,4898918.72375162
68.74647984317437,4898918.765887707
68.75647984317438,4898918.811328309
68.76647984317438,4898918.852174865
68.77647984317439,4898918.88981554
68.78647984317439,4898918.930852258
68.7964798431744,4898918.970758393
68.8064798431744,4898919.007962139
68.8164798431744,4898919.04581253
68.82647984317441,4898919.080736788
68.83647984317442,4898919.11526042
68.84647984317442,4898919.149582573
68.85647984317443,4898919.183194197
68.86647984317443,4898919.220376853
68.87647984317444,4898919.256315072
68.88647984317444,4898919.29129369
68.89647984317445,4898919.327750324
68.90647984317445,4898919.368190308
68.91647984317446,4898919.404281621
68.92647984317446,4898919.442308922
68.93647984317447,4898919.483457189
68.94647984317447,4898919.525353614
68.95647984317448,4898919.566379415
68.96647984317448,4898919.606353456
68.97647984317449,4898919.65445437
68.9864798431745,4898919.710795457
68.9964798431745,4898919.757841594
69.0064798431745,4898919.809287848
69.01647984317451,4898919.865191576
69.02647984317451,4898919.924388535
69.03647984317452,4898919.96598539
69.04647984317452,4898920.015129859
69.05647984317453,4898920.065878147
69.06647984317453,4898920.10699823
69.07647984317454,4898920.155013142
69.08647984317454,4898920.195258635
69.09647984317455,4898920.232342926
69.10647984317455,4898920.26697882
69.11647984317456,4898920.305167013
69.12647984317456,4898920.339775082
69.13647984317457,4898920.374684694
69.14647984317457,4898920.409157626
69.15647984317458,4898920.443999935
69.16647984317459,4898920.478668485
69.17647984317459,4898920.513480622
69.1864798431746,4898920.548814236
69.1964798431746,4898920.584134387
69.2064798431746,4898920.620157794
69.21647984317461,4898920.655883474
69.22647984317462,4898920.691824974
69.23647984317462,4898920.727734139
69.24647984317463,4898920.76497589
69.25647984317463,4898920.806883445
69.26647984317464,4898920.845842074
69.27647984317464,4898920.883206526
69.28647984317465,4898920.920271934
69.29647984317465,4898920.956449292
69.30647984317466,4898920.996808411
69.31647984317466,4898921.03324784
69.32647984317467,4898921.077090175
69.33647984317467,4898921.115659903
69.34647984317468,4898921.153220531
69.35647984317468,4898921.191053639
69.36647984317469,4898921.22857668
69.37647984317469,4898921.26695472
69.3864798431747,4898921.305661539
69.3964798431747,4898921.346579073
69.40647984317471,4898921.385720426
69.41647984317471,4898921.423462777
69.42647984317472,4898921.46878358
69.43647984317472,4898921.512451667
69.44647984317473,4898921.558395332
69.45647984317473,4898921.603494246
69.46647984317474,4898921.643971651
69.47647984317474,4898921.688570053
69.48647984317475,4898921.726427168
69.49647984317475,4898921.766413849
69.50647984317476,4898921.80788197
69.51647984317476,4898921.846334728
69.52647984317477,4898921.883846383
69.53647984317477,4898921.923412406
69.54647984317478,4898921.96197213
69.55647984317478,4898922.002626634
69.56647984317479,4898922.042177174
69.5764798431748,4898922.08021583
69.5864798431748,4898922.118259277
69.5964798431748,4898922.154440568
69.60647984317481,4898922.190608502
69.61647984317482,4898922.227199647
69.62647984317482,4898922.263574882
69.63647984317483,4898922.301121108
69.64647984317483,4898922.337597276
69.65647984317484,4898922.374592054
69.66647984317484,4898922.410566813
69.67647984317485,4898922.446383046
69.68647984317485,4898922.48213379
69.69647984317486,4898922.518067964
69.70647984317486,4898922.554142518
69.71647984317487,4898922.589465442
69.72647984317487,4898922.625443376
69.73647984317488,4898922.661597603
69.74647984317488,4898922.697313149
69.75647984317489,4898922.733461489
69.76647984317489,4898922.769249372
69.7764798431749,4898922.805647912
69.7864798431749,4898922.84380663
69.79647984317491,4898922.880339502
69.80647984317491,4898922.917751921
69.81647984317492,4898922.954804179
69.82647984317492,4898922.993112969
69.83647984317493,4898923.032619007
69.84647984317493,4898923.071574748
69.85647984317494,4898923.109725259
69.86647984317494,4898923.149776034
69.87647984317495,4898923.189018617
69.88647984317495,4898923.227963414
69.89647984317496,4898923.266804289
69.90647984317496,4898923.306048738
69.91647984317497,4898923.34299504
69.92647984317497,4898923.379862923
69.93647984317498,4898923.416395417
69.94647984317498,4898923.453355085
69.95647984317499,4898923.489804545
69.966479843175,4898923.526623223
69.976479843175,4898923.564664614
69.986479843175,4898923.601913011
69.99647984317501,4898923.639269357
70.00647984317501,4898923.676295935
70.01647984317502,4898923.712873947
70.02647984317503,4898923.750293524
70.03647984317503,4898923.787583142
70.04647984317504,4898923.829709025
70.05647984317504,4898923.873361773
70.06647984317505,4898923.914722563
70.07647984317505,4898923.959261752
70.08647984317506,4898924.012026568
70.09647984317506,4898924.06810698
70.10647984317507,4898924.124530295
70.11647984317507,4898924.171887433
70.12647984317508,4898924.220121796
70.13647984317508,4898924.263329439
70.14647984317509,4898924.305136354
70.15647984317509,4898924.347182489
70.1664798431751,4898924.3891134
70.1764798431751,4898924.431236124
70.1864798431751,4898924.473568541
70.19647984317511,4898924.515317552
70.20647984317512,4898924.55755008
70.21647984317512,4898924.59924771
70.22647984317513,4898924.641681278
70.23647984317513,4898924.68392854
70.24647984317514,4898924.724970003
70.25647984317514,4898924.76524762
70.26647984317515,4898924.805798654
70.27647984317515,4898924.850334072
70.28647984317516,4898924.892397835
70.29647984317516,4898924.937813824
70.30647984317517,4898924.984722084
70.31647984317517,4898925.032050004
70.32647984317518,4898925.082181028
70.33647984317518,4898925.130210884
70.34647984317519,4898925.182505407
70.3564798431752,4898925.228645587
70.3664798431752,4898925.273726824
70.3764798431752,4898925.318223355
70.38647984317521,4898925.363119319
70.39647984317521,4898925.40718976
70.40647984317522,4898925.449792174
70.41647984317522,4898925.493566001
70.42647984317523,4898925.53875926
70.43647984317523,4898925.586065635
70.44647984317524,4898925.629470139
70.45647984317525,4898925.67245501
70.46647984317525,4898925.716804477
70.47647984317526,4898925.76151354
70.48647984317526,4898925.806074296
70.49647984317527,4898925.853359725
70.50647984317527,4898925.898890295
70.51647984317528,4898925.945543978
70.52647984317528,4898925.990744716
70.53647984317529,4898926.039131187
70.54647984317529,4898926.087030792
70.5564798431753,4898926.132390445
70.5664798431753,4898926.179422509
70.5764798431753,4898926.225460522
70.58647984317531,4898926.269513087
70.59647984317532,4898926.313119198
70.60647984317532,4898926.359593327
70.61647984317533,4898926.404715815
70.62647984317533,4898926.450720797
70.63647984317534,4898926.496087212
70.64647984317534,4898926.541445533
70.65647984317535,4898926.586803727
70.66647984317535,4898926.6328506
70.67647984317536,4898926.679063879
70.68647984317536,4898926.72471181
70.69647984317537,4898926.770934773
70.70647984317537,4898926.8170255
70.71647984317538,4898926.8653008
70.72647984317538,4898926.913865165
70.73647984317539,4898926.961434785
70.7464798431754,4898927.011173347
70.7564798431754,4898927.060180077
70.7664798431754,4898927.106378333
70.77647984317541,4898927.154386596
70.78647984317541,4898927.20043401
70.79647984317542,4898927.247321134
70.80647984317542,4898927.293374202
70.81647984317543,4898927.339688201
70.82647984317543,4898927.38568834
70.83647984317544,4898927.4319801
70.84647984317544,4898927.478845254
70.85647984317545,4898927.526964246
70.86647984317545,4898927.575050523
70.87647984317546,4898927.622162134
70.88647984317547,4898927.669603346
70.89647984317547,4898927.716581528
70.90647984317548,4898927.76377133
70.91647984317548,4898927.810818638
70.92647984317549,4898927.857996304
70.93647984317549,4898927.905189274
70.9464798431755,4898927.954673412
70.9564798431755,4898928.0045959
70.9664798431755,4898928.052783437
70.97647984317551,4898928.10383026
70.98647984317552,4898928.154089171
70.99647984317552,4898928.211572065
71.00647984317553,4898928.266239852
71.01647984317553,4898928.321759439
71.02647984317554,4898928.378931673
71.03647984317554,4898928.434954404
71.04647984317555,4898928.495271832
71.05647984317555,4898928.555246393
71.06647984317556,4898928.610209365
71.07647984317556,4898928.666008327
71.08647984317557,4898928.719464165
71.09647984317557,4898928.775037078
71.10647984317558,4898928.829345422
71.11647984317558,4898928.889424367
71.12647984317559,4898928.949907949
71.1364798431756,4898929.010244416
71.1464798431756,4898929.073857868
71.1564798431756,4898929.146359024
71.16647984317561,4898929.228884448
71.17647984317561,4898929.287816025
71.18647984317562,4898929.352072734
71.19647984317562,4898929.420896796
71.20647984317563,4898929.476494169
71.21647984317563,4898929.531029886
71.22647984317564,4898929.586668245
71.23647984317564,4898929.639102403
71.24647984317565,4898929.690331312
71.25647984317565,4898929.741488945
71.26647984317566,4898929.792376873
71.27647984317566,4898929.843501743
71.28647984317567,4898929.894437509
71.29647984317567,4898929.947823659
71.30647984317568,4898929.999887059
71.31647984317569,4898930.05384947
71.32647984317569,4898930.105541122
71.3364798431757,4898930.157847045
71.3464798431757,4898930.209167518
71.3564798431757,4898930.261174417
71.36647984317571,4898930.312698245
71.37647984317572,4898930.364498569
71.38647984317572,4898930.416446372
71.39647984317573,4898930.468820213
71.40647984317573,4898930.521383018
71.41647984317574,4898930.574096525
71.42647984317574,4898930.626433841
71.43647984317575,4898930.679577086
71.44647984317575,4898930.732975669
71.45647984317576,4898930.785148445
71.46647984317576,4898930.838699556
71.47647984317577,4898930.892558634
71.48647984317577,4898930.948053009
71.49647984317578,4898931.002247081
71.50647984317578,4898931.057822576
71.51647984317579,4898931.111689603
71.52647984317579,4898931.166514844
71.5364798431758,4898931.220880755
71.5464798431758,4898931.275340138
71.55647984317581,4898931.329901242
71.56647984317581,4898931.385910121
71.57647984317582,4898931.442377188
71.58647984317582,4898931.498174819
71.59647984317583,4898931.554689756
71.60647984317583,4898931.611255965
71.61647984317584,4898931.664578094
71.62647984317584,4898931.717043828
71.63647984317585,4898931.769938951
71.64647984317585,4898931.822132096
71.65647984317586,4898931.873873408
71.66647984317586,4898931.926084729
71.67647984317587,4898931.977968951
71.68647984317587,4898932.029904701
71.69647984317588,4898932.081634761
71.70647984317588,4898932.132948011
71.71647984317589,4898932.183848503
71.7264798431759,4898932.235702168
71.7364798431759,4898932.286313118
71.7464798431759,4898932.336552768
71.75647984317591,4898932.38635266
71.76647984317592,4898932.436223204
71.77647984317592,4898932.485361856
71.78647984317593,4898932.53497886
71.79647984317593,4898932.584430877
71.80647984317594,4898932.636108366
71.81647984317594,4898932.68790911
71.82647984317595,4898932.738526366
71.83647984317595,4898932.788962226
71.84647984317596,4898932.840974207
71.85647984317596,4898932.892981827
71.86647984317597,4898932.945454445
71.87647984317597,4898932.996725174
71.88647984317598,4898933.048679059
71.89647984317598,4898933.101489255
71.90647984317599,4898933.153074807
71.91647984317599,4898933.203412186
71.926479843176,4898933.253453678
71.936479843176,4898933.308158692
71.94647984317601,4898933.360875923
71.95647984317601,4898933.410073157
71.96647984317602,4898933.457498613
71.97647984317602,4898933.504135218
71.98647984317603,4898933.551273853
71.99647984317603,4898933.599621653
72.00647984317604,4898933.645989615
72.01647984317604,4898933.692700211
72.02647984317605,4898933.738612646
72.03647984317605,4898933.784755297
72.04647984317606,4898933.83080961
72.05647984317606,4898933.876829656
72.06647984317607,4898933.924401124
72.07647984317607,4898933.971444197
72.08647984317608,4898934.017305974
72.09647984317608,4898934.063103258
72.10647984317609,4898934.107180705
72.1164798431761,4898934.152200788
72.1264798431761,4898934.196302334
72.1364798431761,4898934.240568193
72.14647984317611,4898934.284676677
72.15647984317611,4898934.328761735
72.16647984317612,4898934.373240752
72.17647984317612,4898934.416873265
72.18647984317613,4898934.461111239
72.19647984317614,4898934.504573764
72.20647984317614,4898934.547773607
72.21647984317615,4898934.592597859
72.22647984317615,4898934.63707907
72.23647984317616,4898934.681778622
72.24647984317616,4898934.729182544
72.25647984317617,4898934.775758344
72.26647984317617,4898934.820852887
72.27647984317618,4898934.866754917
72.28647984317618,4898934.911408891
72.29647984317619,4898934.957978767
72.30647984317619,4898935.003042656
72.3164798431762,4898935.048802698
72.3264798431762,4898935.09642816
72.3364798431762,4898935.143480545
72.34647984317621,4898935.18959613
72.35647984317622,4898935.236871204
72.36647984317622,4898935.286636089
72.37647984317623,4898935.33523185
72.38647984317623,4898935.382364052
72.39647984317624,4898935.428985085
72.40647984317624,4898935.476394676
72.41647984317625,4898935.521705507
72.42647984317625,4898935.567953105
72.43647984317626,4898935.612747154
72.44647984317626,4898935.658146693
72.45647984317627,4898935.702512461
72.46647984317627,4898935.747002683
72.47647984317628,4898935.79174538
72.48647984317628,4898935.836854134
72.49647984317629,4898935.883814538
72.5064798431763,4898935.929593429
72.5164798431763,4898935.975515254
72.5264798431763,4898936.023950855
72.53647984317631,4898936.070282003
72.54647984317631,4898936.115776538
72.55647984317632,4898936.163283792
72.56647984317632,4898936.208179755
72.57647984317633,4898936.253277214
72.58647984317633,4898936.299118786
72.59647984317634,4898936.34722845
72.60647984317634,4898936.394043248
72.61647984317635,4898936.440448216
72.62647984317636,4898936.487577913
72.63647984317636,4898936.533567612
72.64647984317637,4898936.580154472
72.65647984317637,4898936.626679862
72.66647984317638,4898936.673221678
72.67647984317638,4898936.719212038
72.68647984317639,4898936.765936974
72.69647984317639,4898936.812347808
72.7064798431764,4898936.859490467
72.7164798431764,4898936.905908653
72.7264798431764,4898936.954197435
72.73647984317641,4898937.001425236
72.74647984317642,4898937.048749151
72.75647984317642,4898937.095028318
72.76647984317643,4898937.144759282
72.77647984317643,4898937.191801935
72.78647984317644,4898937.238662695
72.79647984317644,4898937.284284425
72.80647984317645,4898937.33026495
72.81647984317645,4898937.377117318
72.82647984317646,4898937.428718732
72.83647984317646,4898937.474856461
72.84647984317647,4898937.520145635
72.85647984317647,4898937.564581345
72.86647984317648,4898937.608559244
72.87647984317648,4898937.654653921
72.88647984317649,4898937.701910383
72.8964798431765,4898937.749112411
72.9064798431765,4898937.792430645
72.9164798431765,4898937.838572017
72.92647984317651,4898937.883812888
72.93647984317651,4898937.92820431
72.94647984317652,4898937.97107896
72.95647984317652,4898938.013903445
72.96647984317653,4898938.056676009
72.97647984317653,4898938.10131171
72.98647984317654,4898938.144895253
72.99647984317654,4898938.18720815
73.00647984317655,4898938.228256652
73.01647984317655,4898938.269792182
73.02647984317656,4898938.311027786
73.03647984317656,4898938.351445154
73.04647984317657,4898938.392183001
73.05647984317658,4898938.432711243
73.06647984317658,4898938.473272995
73.07647984317659,4898938.514359919
73.08647984317659,4898938.556875086
73.0964798431766,4898938.599675388
73.1064798431766,4898938.64577278
73.1164798431766,4898938.687795395
73.12647984317661,4898938.732510608
73.13647984317662,4898938.773878347
73.14647984317662,4898938.816082609
73.15647984317663,4898938.858566173
73.16647984317663,4898938.902176673
73.17647984317664,4898938.945897648
73.18647984317664,4898938.989979504
73.19647984317665,4898939.035456342
73.20647984317665,4898939.077059398
73.21647984317666,4898939.119487156
73.22647984317666,4898939.1620451
73.23647984317667,4898939.204251883
73.24647984317667,4898939.247866909
73.25647984317668,4898939.287463962
73.26647984317668,4898939.331451665
73.27647984317669,4898939.375350999
73.28647984317669,4898939.418336939
73.2964798431767,4898939.462178347
73.3064798431767,4898939.50132951
73.31647984317671,4898939.542951978
73.32647984317671,4898939.584497593
73.33647984317672,4898939.624943064
73.34647984317672,4898939.664753529
73.35647984317673,4898939.706656161
73.36647984317673,4898939.750528953
73.37647984317674,4898939.793982996
73.38647984317674,4898939.837857159
73.39647984317675,4898939.882291866
73.40647984317675,4898939.928994486
73.41647984317676,4898939.970950665
73.42647984317676,4898940.012430676
73.43647984317677,4898940.053268915
73.44647984317677,4898940.096072848
73.45647984317678,4898940.143573999
73.46647984317678,4898940.186659792
73.47647984317679,4898940.230709348
73.4864798431768,4898940.274280481
73.4964798431768,4898940.317530601
73.5064798431768,4898940.360204696
73.51647984317681,4898940.403464842
73.52647984317682,4898940.447157309
73.53647984317682,4898940.491353892
73.54647984317683,4898940.535270691
73.55647984317683,4898940.578648101
73.56647984317684,4898940.622357525
73.57647984317684,4898940.664810745
73.58647984317685,4898940.708438777
73.59647984317685,4898940.752031401
73.60647984317686,4898940.795904067
73.61647984317686,4898940.839719735
73.62647984317687,4898940.883714592
73.63647984317687,4898940.927612277
73.64647984317688,4898940.970605868
73.65647984317688,4898941.013492091
73.66647984317689,4898941.05746679
73.67647984317689,4898941.101508397
73.6864798431769,4898941.146724464
73.6964798431769,4898941.19162187
73.70647984317691,4898941.23556976
73.71647984317691,4898941.281246686
73.72647984317692,4898941.324474102
73.73647984317692,4898941.371024161
73.74647984317693,4898941.415444383
73.75647984317693,4898941.459614361
73.76647984317694,4898941.503430332
73.77647984317694,4898941.546963343
73.78647984317695,4898941.599325028
73.79647984317695,4898941.642737951
73.80647984317696,4898941.687586172
73.81647984317696,4898941.731570629
73.82647984317697,4898941.7756256
73.83647984317697,4898941.824310003
73.84647984317698,4898941.869767184
73.85647984317698,4898941.914824185
73.86647984317699,4898941.962854836
73.876479843177,4898942.008492026
73.886479843177,4898942.055735134
73.896479843177,4898942.11101452
73.90647984317701,4898942.163677353
73.91647984317702,4898942.217914152
73.92647984317702,4898942.269287839
73.93647984317703,4898942.320325588
73.94647984317703,4898942.372276407
73.95647984317704,4898942.422994815
73.96647984317704,4898942.476990951
73.97647984317705,4898942.532999044
73.98647984317705,4898942.585188888
73.99647984317706,4898942.636916323
74.00647984317706,4898942.68831499
74.01647984317707,4898942.737264206
74.02647984317707,4898942.782158358
74.03647984317708,4898942.830048799
74.04647984317708,4898942.875593329
74.05647984317709,4898942.926259233
74.06647984317709,4898942.97902782
74.0764798431771,4898943.033835066
74.0864798431771,4898943.0868882
74.09647984317711,4898943.136686091
74.10647984317711,4898943.188054768
74.11647984317712,4898943.240384613
74.12647984317712,4898943.29252275
74.13647984317713,4898943.347055815
74.14647984317713,4898943.397995411
74.15647984317714,4898943.455420259
74.16647984317714,4898943.508621712
74.17647984317715,4898943.572830396
74.18647984317715,4898943.634999222
74.19647984317716,4898943.697337032
74.20647984317716,4898943.7584248
74.21647984317717,4898943.816963167
74.22647984317717,4898943.874997146
74.23647984317718,4898943.941055301
74.24647984317718,4898944.007609739
74.25647984317719,4898944.070447864
74.2664798431772,4898944.13417308
74.2764798431772,4898944.202174182
74.2864798431772,4898944.27376842
74.29647984317721,4898944.344428255
74.30647984317721,4898944.411479868
74.31647984317722,4898944.468326373
74.32647984317722,4898944.535222065
74.33647984317723,4898944.606679297
74.34647984317724,4898944.667843282
74.35647984317724,4898944.732568628
74.36647984317725,4898944.792980079
74.37647984317725,4898944.861347963
74.38647984317726,4898944.918816818
74.39647984317726,4898944.986782018
74.40647984317727,4898945.051384564
74.41647984317727,4898945.117423801
74.42647984317728,4898945.189847861
74.43647984317728,4898945.261482831
74.44647984317729,4898945.334431296
74.45647984317729,4898945.408427133
74.4664798431773,4898945.480426359
74.47147984317729,4898945.55684194
74.4814798431773,4898945.640841206
74.48647984317729,4898945.731961208
74.4949840967657,4898945.814944904
74.50498409676571,4898945.881745104
74.51498409676572,4898945.95621801
74.52498409676572,4898946.037348996
74.53498409676573,4898946.113739804
74.54498409676573,4898946.189741351
74.55498409676574,4898946.267992469
74.56498409676574,4898946.340885798
74.57498409676575,4898946.417836568
74.58498409676575,4898946.492539859
74.58998409676575,4898946.592534614
74.59248409676574,4898946.686043493
74.59748409676574,4898946.790410632
74.60748409676575,4898946.892326888
74.61748409676575,4898946.967441664
74.62748409676576,4898947.029492175
74.63748409676576,4898947.092465034
74.64748409676577,4898947.156104942
74.65748409676577,4898947.219224124
74.66748409676578,4898947.289210759
74.67748409676578,4898947.365392495
74.68748409676579,4898947.429067179
74.69748409676579,4898947.492951009
74.7074840967658,4898947.569517564
74.7174840967658,4898947.640779245
74.7274840967658,4898947.709309358
74.73748409676581,4898947.777450838
74.74748409676582,4898947.843140239
74.75748409676582,4898947.909395431
74.76748409676583,4898947.97714095
74.77748409676583,4898948.042748171
74.78748409676584,4898948.106842363
74.79748409676584,4898948.175716194
74.80748409676585,4898948.240065095
74.81748409676585,4898948.312458256
74.82748409676586,4898948.385523217
74.83748409676586,4898948.458156591
74.84748409676587,4898948.526530861
74.85748409676587,4898948.597305217
74.86748409676588,4898948.672174406
74.87748409676588,4898948.749328482
74.88748409676589,4898948.824755336
74.8974840967659,4898948.891623905
74.9074840967659,4898948.963132402
74.9174840967659,4898949.037444113
74.92748409676591,4898949.108380468
74.93748409676591,4898949.178815617
74.94748409676592,4898949.246616864
74.95748409676592,4898949.31690873
74.96748409676593,4898949.384462557
74.97748409676593,4898949.453075194
74.98748409676594,4898949.523052532
74.99748409676594,4898949.595224313
75.00748409676595,4898949.665986079
75.01748409676595,4898949.736771737
75.02748409676596,4898949.82212694
75.03748409676597,4898949.893829414
75.04748409676597,4898949.966721631
75.05748409676598,4898950.039086982
75.06748409676598,4898950.119428057
75.07748409676599,4898950.193274768
75.08748409676599,4898950.268759888
75.097484096766,4898950.344838577
75.107484096766,4898950.437299528
75.117484096766,4898950.512564777
75.12748409676601,4898950.586979431
75.13748409676602,4898950.661388577
75.14748409676602,4898950.746343746
75.15748409676603,4898950.822953931
75.16748409676603,4898950.897053667
75.17748409676604,4898950.972248321
75.18748409676604,4898951.049896706
75.19748409676605,4898951.124634756
75.20748409676605,4898951.199487049
75.21748409676606,4898951.287923514
75.22748409676606,4898951.370885106
75.23748409676607,4898951.454989172
75.24748409676607,4898951.528347459
75.25748409676608,4898951.607617494
75.26748409676608,4898951.684371372
75.27748409676609,4898951.764412121
75.2874840967661,4898951.834728059
75.2974840967661,4898951.904585749
75.3074840967661,4898951.977964612
75.31748409676611,4898952.049581317
75.32748409676611,4898952.127673023
75.33748409676612,4898952.205429921
75.34748409676612,4898952.280215963
75.35748409676613,4898952.35737459
75.36748409676613,4898952.434084781
75.37748409676614,4898952.509855379
75.38748409676614,4898952.582670078
75.39748409676615,4898952.657968084
75.40748409676615,4898952.732418752
75.41748409676616,4898952.811922654
75.42748409676616,4898952.891612562
75.43748409676617,4898952.966180821
75.44748409676617,4898953.051523919
75.45748409676618,4898953.130640605
75.46748409676619,4898953.213292284
75.47748409676619,4898953.293056902
75.4874840967662,4898953.372440281
75.4974840967662,4898953.450659395
75.5074840967662,4898953.528868948
75.51748409676621,4898953.611085167
75.52748409676622,4898953.690873427
75.53748409676622,4898953.769199342
75.54748409676623,4898953.846081727
75.55748409676623,4898953.920565075
75.56748409676624,4898953.9992123
75.57748409676624,4898954.076834739
75.58748409676625,4898954.151292938
75.59748409676625,4898954.227712947
75.60748409676626,4898954.305373331
75.61748409676626,4898954.385963519
75.62748409676627,4898954.463246014
75.63748409676627,4898954.538933239
75.64748409676628,4898954.613946761
75.65748409676628,4898954.689056904
75.66748409676629,4898954.764711684
75.67748409676629,4898954.841273055
75.6874840967663,4898954.917066939
75.6974840967663,4898954.996539151
75.70748409676631,4898955.075411532
75.71748409676631,4898955.152586857
75.72748409676632,4898955.231668894
75.73748409676632,4898955.310895055
75.74748409676633,4898955.38514548
75.75748409676633,4898955.46386462
75.76748409676634,4898955.542614122
75.77748409676634,4898955.62575642
75.78748409676635,4898955.712472753
75.79748409676635,4898955.799523223
75.80748409676636,4898955.887589753
75.81748409676636,4898955.970900288
75.82748409676637,4898956.053951412
75.83748409676637,4898956.139072874
75.84748409676638,4898956.224468371
75.85748409676638,4898956.309566461
75.86748409676639,4898956.397352038
75.8774840967664,4898956.487284078
75.8874840967664,4898956.575286849
75.8974840967664,4898956.660186614
75.90748409676641,4898956.744683882
75.91748409676642,4898956.832167734
75.92748409676642,4898956.917185524
75.93748409676643,4898957.003983706
75.94748409676643,4898957.094219
75.95748409676644,4898957.185425922
75.96748409676644,4898957.279891909
75.97748409676645,4898957.370124664
75.98748409676645,4898957.467897674
75.99748409676646,4898957.560021103
76.00748409676646,4898957.6445175
76.01748409676647,4898957.734224702
76.02748409676647,4898957.817611851
76.03748409676648,4898957.899090456
76.04748409676648,4898957.991765642
76.05748409676649,4898958.06852487
76.06748409676649,4898958.142619223
76.0774840967665,4898958.218136779
76.0874840967665,4898958.298482989
76.09748409676651,4898958.384145123
76.10748409676651,4898958.46468552
76.11748409676652,4898958.545835379
76.12748409676652,4898958.62835488
76.13748409676653,4898958.71438964
76.14748409676653,4898958.795802877
76.15748409676654,4898958.881958701
76.16748409676654,4898958.976257274
76.17748409676655,4898959.060009587
76.18748409676655,4898959.145266182
76.19748409676656,4898959.241594616
76.20748409676656,4898959.328098719
76.21748409676657,4898959.420155168
76.22748409676657,4898959.508996254
76.23748409676658,4898959.599476432
76.24748409676658,4898959.673367429
76.25748409676659,4898959.746055896
76.2674840967666,4898959.816318025
76.2774840967666,4898959.886146913
76.2874840967666,4898959.960806665
76.29748409676661,4898960.036557961
76.30748409676661,4898960.113157123
76.31748409676662,4898960.187532424
76.32748409676663,4898960.259356289
76.33748409676663,4898960.332177899
76.34748409676664,4898960.403353765
76.35748409676664,4898960.477056504
76.36748409676665,4898960.545363079
76.37748409676665,4898960.611464487
76.38748409676666,4898960.675975846
76.39748409676666,4898960.738868661
76.40748409676667,4898960.803549529
76.41748409676667,4898960.867433902
76.42748409676668,4898960.931241258
76.43748409676668,4898960.997024525
76.44748409676669,4898961.065989154
76.45748409676669,4898961.133195745
76.4674840967667,4898961.200231277
76.4774840967667,4898961.269148739
76.4874840967667,4898961.336713807
76.49748409676671,4898961.404317928
76.50748409676672,4898961.472430349
76.51748409676672,4898961.539914664
76.52748409676673,4898961.60996159
76.53748409676673,4898961.681137901
76.54748409676674,4898961.754286573
76.55748409676674,4898961.825153252
76.56748409676675,4898961.897551155
76.57748409676675,4898961.972928805
76.58748409676676,4898962.055446812
76.59748409676676,4898962.136316883
76.60748409676677,4898962.211910512
76.61748409676677,4898962.287190758
76.62748409676678,4898962.363320211
76.63748409676678,4898962.436792855
76.64748409676679,4898962.510212304
76.6574840967668,4898962.579853405
76.6674840967668,4898962.649083736
76.6774840967668,4898962.724849131
76.68748409676681,4898962.801399996
76.69748409676681,4898962.871673605
76.70748409676682,4898962.94058093
76.71748409676682,4898963.010235889
76.72748409676683,4898963.078500691
76.73748409676683,4898963.151312118
76.74748409676684,4898963.223147167
76.75748409676685,4898963.290422057
76.76748409676685,4898963.365554606
76.77748409676686,4898963.439516306
76.78748409676686,4898963.516705641
76.79748409676687,4898963.586267675
76.80748409676687,4898963.656550757
76.81748409676688,4898963.724258007
76.82748409676688,4898963.797006048
76.83748409676689,4898963.867962181
76.84748409676689,4898963.937314385
76.8574840967669,4898964.013235599
76.8674840967669,4898964.083355981
76.8774840967669,4898964.154587415
76.88748409676691,4898964.225247166
76.89748409676692,4898964.295174252
76.90748409676692,4898964.365276825
76.91748409676693,4898964.433279041
76.92748409676693,4898964.505880872
76.93748409676694,4898964.575046678
76.94748409676694,4898964.642799619
76.95748409676695,4898964.709336683
76.96748409676695,4898964.779696265
76.97748409676696,4898964.847038427
76.98748409676696,4898964.914126156
76.99748409676697,4898964.982408304
77.00748409676697,4898965.05286461
77.01748409676698,4898965.120328297
77.02748409676698,4898965.190486037
77.03748409676699,4898965.258426319
77.047484096767,4898965.32985606
77.057484096767,4898965.401183102
77.067484096767,4898965.471264133
77.07748409676701,4898965.541150673
77.08748409676701,4898965.615021097
77.09748409676702,4898965.684287377
77.10748409676702,4898965.751736135
77.11748409676703,4898965.818525332
77.12748409676703,4898965.888027976
77.13748409676704,4898965.960129548
77.14748409676704,4898966.029456817
77.15748409676705,4898966.098229014
77.16748409676705,4898966.169290636
77.17748409676706,4898966.23917205
77.18748409676707,4898966.312064779
77.19748409676707,4898966.382257989
77.20748409676708,4898966.451947563
77.21748409676708,4898966.52599233
77.22748409676709,4898966.599945111
77.23748409676709,4898966.669125164
77.2474840967671,4898966.742641371
77.2574840967671,4898966.819596635
77.2674840967671,4898966.896864219
77.27748409676711,4898966.977117798
77.28748409676712,4898967.05735861
77.29748409676712,4898967.1346899
77.30748409676713,4898967.211720651
77.31748409676713,4898967.300960593
77.32748409676714,4898967.391678181
77.33748409676714,4898967.475139034
77.34748409676715,4898967.56005689
77.35748409676715,4898967.643774226
77.36748409676716,4898967.733445917
77.37748409676716,4898967.812345984
77.38748409676717,4898967.899143454
77.39748409676717,4898967.994819658
77.40748409676718,4898968.081637651
77.41748409676718,4898968.164196612
77.42748409676719,4898968.249983652
77.4374840967672,4898968.335553583
77.4474840967672,4898968.417963935
77.4524840967672,4898968.498326518
77.4624840967672,4898968.58549587
77.4724840967672,4898968.671415673
77.48248409676721,4898968.74946755
77.49248409676721,4898968.836183245
77.49748409676721,4898968.919623825
77.50748409676721,4898969.021939114
77.51492957926168,4898969.183748135
77.52237506175614,4898969.255340635
77.53237506175614,4898969.344224577
77.54021418119598,4898969.507535015
77.54805330063581,4898969.594355719
77.55805330063582,4898969.671475568
77.56805330063582,4898969.750367394
77.57805330063583,4898969.829755079
77.58805330063583,4898969.904543836
77.59805330063584,4898969.995609154
77.60805330063585,4898970.068562469
77.61805330063585,4898970.147489467
77.62805330063586,4898970.214029369
77.63805330063586,4898970.282276435
77.64805330063587,4898970.370310107
77.65805330063587,4898970.439947131
77.66805330063588,4898970.514574706
77.67805330063588,4898970.586598846
77.68805330063589,4898970.659161162
77.6965506787645,4898970.803327288
77.7050480568931,4898970.869090559
77.71504805689311,4898970.935232221
77.72504805689312,4898971.001291459
77.73504805689312,4898971.067702249
77.74504805689313,4898971.133039511
77.75504805689313,4898971.196461278
77.76504805689314,4898971.257662051
77.77504805689314,4898971.31791351
77.78504805689315,4898971.375062685
77.79504805689315,4898971.437936834
77.79629805689315,4898971.542591745
77.79707930689315,4898971.642707058
77.79822095848162,4898971.725968608
77.80090517411472,4898971.786127541
77.81090517411472,4898971.852704719
77.82090517411473,4898971.915752775
77.83090517411473,4898971.988044029
77.84090517411474,4898972.062280644
77.85090517411474,4898972.126273506
77.86090517411475,4898972.188791863
77.87090517411475,4898972.243622344
77.88090517411476,4898972.299890529
77.89090517411476,4898972.356477334
77.90090517411477,4898972.410552472
77.91090517411477,4898972.464198073
77.92090517411478,4898972.527971264
77.93090517411478,4898972.585983544
77.94090517411479,4898972.640595425
77.9509051741148,4898972.694238046
77.9609051741148,4898972.749195907
77.9709051741148,4898972.813269036
77.98090517411481,4898972.875355142
77.99090517411481,4898972.933874829
78.00090517411482,4898972.993832756
78.01090517411482,4898973.051121499
78.02090517411483,4898973.106538474
78.03090517411484,4898973.175742128
78.04090517411484,4898973.231848338
78.05090517411485,4898973.29894152
78.06090517411485,4898973.371145249
78.07090517411486,4898973.427101386
78.08090517411486,4898973.482499156
78.08590517411486,4898973.549993513
78.08715517411486,4898973.648806876
78.09340517411485,4898973.72352987
78.10340517411485,4898973.7833431
78.11340517411486,4898973.845268276
78.12340517411486,4898973.907171544
78.13340517411487,4898973.968397054
78.14340517411487,4898974.045323013
78.15340517411488,4898974.096804918
78.16340517411489,4898974.157291431
78.17340517411489,4898974.216444157
78.1834051741149,4898974.274571533
78.1859051741149,4898974.349637294
78.1959051741149,4898974.423242105
78.2059051741149,4898974.480600793
78.21590517411491,4898974.539275098
78.2209051741149,4898974.608794755
78.23090517411491,4898974.673317644
78.24090517411491,4898974.722472555
78.24590517411491,4898974.785139025
78.24840517411491,4898974.876051975
78.25432293626103,4898974.945276281
78.26432293626104,4898975.024483142
78.27432293626104,4898975.084382005
78.28432293626105,4898975.138325195
78.29432293626105,4898975.196470283
78.30432293626106,4898975.251712021
78.31432293626106,4898975.309564077
78.32432293626107,4898975.365962304
78.33432293626107,4898975.427268479
78.33932293626107,4898975.508561402
78.34932293626107,4898975.579066394
78.35932293626108,4898975.639105934
78.36932293626109,4898975.705226847
78.37932293626109,4898975.761056851
78.3893229362611,4898975.818771989
78.3993229362611,4898975.875026055
78.4093229362611,4898975.931225539
78.41932293626111,4898976.006370482
78.42932293626112,4898976.064504406
78.43432293626111,4898976.138117009
78.4411847662368,4898976.213939379
78.4511847662368,4898976.272028789
78.4561847662368,4898976.343250674
78.4586847662368,4898976.427830984
78.4686847662368,4898976.497498342
78.4736847662368,4898976.562422369
78.48166996933062,4898976.6307146
78.49152260254158,4898976.702351272
78.50152260254158,4898976.770051976
78.51152260254159,4898976.82775156
78.51652260254158,4898976.907588416
78.52652260254159,4898976.976738609
78.5365226025416,4898977.033802883
78.5465226025416,4898977.084083171
78.5565226025416,4898977.136828967
78.56652260254161,4898977.184800086
78.56902260254161,4898977.246319141
78.5702726025416,4898977.325072634
78.57105385254161,4898977.39356568
78.57496010254161,4898977.451430536
78.58496010254161,4898977.514035068
78.59496010254162,4898977.573513028
78.60496010254163,4898977.632497234
78.61496010254163,4898977.688687557
78.62496010254164,4898977.75393425
78.63336053473175,4898977.869842586
78.64176096692186,4898977.922240414
78.65176096692187,4898977.973801238
78.66176096692188,4898978.028490218
78.67176096692188,4898978.078931934
78.68176096692189,4898978.130734495
78.69176096692189,4898978.17721308
78.7017609669219,4898978.234169147
78.70676096692189,4898978.292781025
78.7167609669219,4898978.354480655
78.7267609669219,4898978.402233501
78.7367609669219,4898978.446167054
78.74676096692191,4898978.49203475
78.75676096692192,4898978.538668093
78.76676096692192,4898978.584342839
78.77176096692192,4898978.642161838
78.77426096692191,4898978.706045909
78.77551096692191,4898978.779867168
78.77819747199575,4898978.853030479
78.7802064158075,4898978.932027871
78.7808314158075,4898979.020861441
78.78122204080749,4898979.089170159
78.78291555125072,4898979.145312909
78.78649786704396,4898979.215141579
78.7908122333056,4898979.257244837
78.8008122333056,4898979.308473196
78.81081223330561,4898979.350683497
78.82081223330562,4898979.403581712
78.83081223330562,4898979.4464596
78.84081223330563,4898979.489603435
78.85081223330563,4898979.542015302
78.85331223330563,4898979.610240578
78.85456223330563,4898979.687432309
78.86081223330562,4898979.756494067
78.87081223330563,4898979.796780875
78.88081223330563,4898979.857379317
78.89081223330564,4898979.910737445
78.90081223330564,4898979.965222488
78.90331223330564,4898980.036251578
78.91331223330565,4898980.104569501
78.92331223330565,4898980.156867371
78.93331223330566,4898980.203719798
78.94331223330566,4898980.273485095
78.95331223330567,4898980.337782362
78.96331223330567,4898980.38971642
78.97331223330568,4898980.437704878
78.98331223330568,4898980.485892882
78.99331223330569,4898980.531716076
79.00331223330569,4898980.592489579
79.00831223330569,4898980.661321433
79.01831223330569,4898980.735154328
79.0283122333057,4898980.798210896
79.0383122333057,4898980.846803404
79.04831223330571,4898980.899215215
79.05831223330571,4898980.953120373
79.06831223330572,4898981.005597566
79.07831223330572,4898981.057639823
79.08831223330573,4898981.107030016
79.09831223330573,4898981.160701047
79.10831223330574,4898981.215893263
79.11831223330574,4898981.265193775
79.12831223330575,4898981.31450899
79.13831223330575,4898981.367264749
79.14831223330576,4898981.413121455
79.15831223330576,4898981.461423598
79.16831223330577,4898981.505669321
79.17831223330577,4898981.54732475
79.18831223330578,4898981.59029474
79.19831223330578,4898981.633921626
79.20831223330579,4898981.675159601
79.2183122333058,4898981.715801938
79.2283122333058,4898981.7565989
79.2383122333058,4898981.796632699
79.24831223330581,4898981.836367333
79.25831223330582,4898981.876208344
79.26831223330582,4898981.91542247
79.27831223330583,4898981.955476386
79.28831223330583,4898981.995199632
79.29831223330584,4898982.034300603
79.30831223330584,4898982.071981813
79.31831223330585,4898982.109910022
79.32831223330585,4898982.148762076
79.33831223330586,4898982.186620452
79.34831223330586,4898982.224546519
79.35831223330587,4898982.263747669
79.36831223330587,4898982.301926858
79.37831223330588,4898982.343199721
79.38831223330588,4898982.381833134
79.39831223330589,4898982.420991755
79.40831223330589,4898982.459376535
79.4183122333059,4898982.497970792
79.4283122333059,4898982.537057599
79.43831223330591,4898982.575462111
79.44831223330591,4898982.614497045
79.45831223330592,4898982.653291482
79.46831223330592,4898982.691805814
79.47831223330593,4898982.730779412
79.48831223330593,4898982.76954583
79.49831223330594,4898982.808381736
79.50831223330594,4898982.847008208
79.51831223330595,4898982.885663591
79.52831223330595,4898982.925046207
79.53831223330596,4898982.965384058
79.54831223330596,4898983.004908028
79.55831223330597,4898983.044303492
79.56831223330597,4898983.082427945
79.57831223330598,4898983.121323624
79.58831223330598,4898983.161681286
79.59831223330599,4898983.200481992
79.608312233306,4898983.239171404
79.618312233306,4898983.277689376
79.628312233306,4898983.318207639
79.63831223330601,4898983.356897592
79.64831223330602,4898983.395393493
79.65831223330602,4898983.435024723
79.66831223330603,4898983.474707923
79.67831223330603,4898983.514528588
79.68831223330604,4898983.554370239
79.69831223330604,4898983.594840428
79.70831223330605,4898983.635253779
79.71831223330605,4898983.674712471
79.72831223330606,4898983.714767574
79.73831223330606,4898983.755268168
79.74831223330607,4898983.79489607
79.75831223330607,4898983.834697496
79.76831223330608,4898983.874215334
79.77831223330608,4898983.914306936
79.78831223330609,4898983.955198236
79.79831223330609,4898983.995112104
79.8083122333061,4898984.03444441
79.8183122333061,4898984.072088117
79.82831223330611,4898984.109919963
79.83831223330611,4898984.148660446
79.84831223330612,4898984.186711793
79.85831223330612,4898984.224214585
79.86831223330613,4898984.262057231
79.87831223330613,4898984.299752123
79.88831223330614,4898984.33798666
79.89831223330614,4898984.375729786
79.90831223330615,4898984.413749608
79.91831223330615,4898984.45155425
79.92831223330616,4898984.490155239
79.93831223330616,4898984.52788797
79.94831223330617,4898984.565223705
79.95831223330617,4898984.602599556
79.96831223330618,4898984.640617806
79.97831223330618,4898984.67805794
79.98831223330619,4898984.715432847
79.9983122333062,4898984.753957538
80.0083122333062,4898984.791037224
80.0183122333062,4898984.828141674
80.02831223330621,4898984.865186716
80.03831223330621,4898984.901954152
80.04831223330622,4898984.939010843
80.05831223330622,4898984.978084636
80.06831223330623,4898985.016334818
80.07831223330624,4898985.052760322
80.08831223330624,4898985.089212557
80.09831223330625,4898985.12527266
80.10831223330625,4898985.161667967
80.11831223330626,4898985.199575254
80.12831223330626,4898985.23672878
80.13831223330627,4898985.273217573
80.14831223330627,4898985.311934862
80.15831223330628,4898985.3489361
80.16831223330628,4898985.38579653
80.17831223330629,4898985.423954644
80.18831223330629,4898985.462779671
80.1983122333063,4898985.500537662
80.2083122333063,4898985.537560852
80.2183122333063,4898985.576219802
80.22831223330631,4898985.613811107
80.23831223330632,4898985.651393993
80.24831223330632,4898985.689088589
80.25831223330633,4898985.725259305
80.26831223330633,4898985.761979924
80.27831223330634,4898985.798471786
80.28831223330634,4898985.835166372
80.29831223330635,4898985.87131181
80.30831223330635,4898985.910112357
80.31831223330636,4898985.948651379
80.32831223330636,4898985.986991348
80.33831223330637,4898986.026329225
80.34831223330637,4898986.064889582
80.35831223330638,4898986.102858755
80.36831223330638,4898986.141861076
80.37831223330639,4898986.180367432
80.3883122333064,4898986.219613856
80.3983122333064,4898986.258816718
80.4083122333064,4898986.298544382
80.41831223330641,4898986.338624862
80.42831223330641,4898986.378506815
80.43831223330642,4898986.419639166
80.44831223330642,4898986.46111803
80.45831223330643,4898986.504246469
80.46831223330643,4898986.546615188
80.47831223330644,4898986.587393859
80.48831223330644,4898986.628855293
80.49831223330645,4898986.670765559
80.50831223330646,4898986.712629473
80.51831223330646,4898986.755435991
80.52831223330647,4898986.798604602
80.53831223330647,4898986.842958147
80.54831223330648,4898986.885688603
80.55831223330648,4898986.928733898
80.56831223330649,4898986.973901246
80.57831223330649,4898987.01893034
80.5883122333065,4898987.062661898
80.5983122333065,4898987.106232492
80.6083122333065,4898987.150665039
80.61831223330651,4898987.194277793
80.62831223330652,4898987.237506246
80.63831223330652,4898987.281876336
80.64831223330653,4898987.3275348
80.65831223330653,4898987.372115088
80.66831223330654,4898987.418634678
80.67831223330654,4898987.464350427
80.68831223330655,4898987.512292289
80.69831223330655,4898987.560918255
80.70831223330656,4898987.606291935
80.71831223330656,4898987.652834167
80.72831223330657,4898987.701390881
80.73831223330657,4898987.74650138
80.74831223330658,4898987.796126845
80.75831223330658,4898987.847770441
80.76831223330659,4898987.897421681
80.7783122333066,4898987.94696567
80.7883122333066,4898987.996029747
80.7983122333066,4898988.048289513
80.80831223330661,4898988.104036465
80.81831223330661,4898988.159459976
80.82831223330662,4898988.21262879
80.83831223330662,4898988.268398536
80.84831223330663,4898988.322151179
80.85831223330663,4898988.375341366
80.86831223330664,4898988.4288831
80.87831223330664,4898988.481523898
80.88831223330665,4898988.532414595
80.89831223330665,4898988.584658001
80.90831223330666,4898988.640176803
80.91831223330666,4898988.694676552
80.92831223330667,4898988.748612821
80.93831223330668,4898988.803647751
80.94831223330668,4898988.859326154
80.95831223330669,4898988.913340552
80.96831223330669,4898988.969044094
80.9783122333067,4898989.023826137
80.9883122333067,4898989.076512647
80.9983122333067,4898989.129482417
81.00831223330671,4898989.18347056
81.01831223330672,4898989.236266476
81.02831223330672,4898989.2911232
81.03831223330673,4898989.347439221
81.04831223330673,4898989.398468729
81.05831223330674,4898989.451528923
81.06831223330674,4898989.503908643
81.07831223330675,4898989.559556621
81.08831223330675,4898989.609607478
81.09831223330676,4898989.662148489
81.10831223330676,4898989.711975846
81.11831223330677,4898989.763019323
81.12831223330677,4898989.81673505
81.13831223330678,4898989.869538698
81.14831223330678,4898989.921110623
81.15831223330679,4898989.976040124
81.16831223330679,4898990.030029308
81.1783122333068,4898990.082555055
81.1883122333068,4898990.139785358
81.19831223330681,4898990.197806633
81.20831223330681,4898990.252601028
81.21831223330682,4898990.304403777
81.22831223330682,4898990.357754073
81.23831223330683,4898990.409812581
81.24831223330683,4898990.461969028
81.25831223330684,4898990.513809932
81.26831223330684,4898990.567655701
81.27831223330685,4898990.621325353
81.28831223330685,4898990.67416073
81.29831223330686,4898990.725646714
81.30831223330686,4898990.777108492
81.31831223330687,4898990.829266966
81.32831223330687,4898990.88075963
81.33831223330688,4898990.933708214
81.34831223330688,4898990.986389341
81.35831223330689,4898991.040327185
81.3683122333069,4898991.091232214
81.3783122333069,4898991.140772186
81.3883122333069,4898991.185513352
81.39831223330691,4898991.230903294
81.40831223330692,4898991.276801632
81.41831223330692,4898991.327231412
81.42831223330693,4898991.374285068
81.43831223330693,4898991.424546025
81.44831223330694,4898991.474845239
81.45831223330694,4898991.522078284
81.46831223330695,4898991.572201885
81.47831223330695,4898991.619917877
81.48831223330696,4898991.669053181
81.49831223330696,4898991.717681513
81.50831223330697,4898991.765077738
81.51831223330697,4898991.812825232
81.52831223330698,4898991.861276493
81.53831223330698,4898991.909004734
81.54831223330699,4898991.952420899
81.55831223330699,4898992.005982265
81.568312233307,4898992.050513987
81.578312233307,4898992.095066201
81.58831223330701,4898992.139600077
81.59831223330701,4898992.183186926
81.60831223330702,4898992.226551231
81.61831223330702,4898992.269535312
81.62831223330703,4898992.312447146
81.63831223330703,4898992.355749101
81.64831223330704,4898992.39890681
81.65831223330704,4898992.442028191
81.66831223330705,4898992.484765346
81.67831223330705,4898992.527800706
81.68831223330706,4898992.57124766
81.69831223330706,4898992.614243942
81.70831223330707,4898992.656830625
81.71831223330707,4898992.69945704
81.72831223330708,4898992.741252924
81.73831223330708,4898992.784188824
81.74831223330709,4898992.833299402
81.7583122333071,4898992.886173912
81.7683122333071,4898992.94101674
81.7783122333071,4898992.994251403
81.78831223330711,4898993.046890271
81.79831223330712,4898993.098406045
81.80831223330712,4898993.151444387
81.81831223330713,4898993.203263135
81.82831223330713,4898993.251237091
81.83831223330714,4898993.306782374
81.84831223330714,4898993.3577512
81.85831223330715,4898993.409384186
81.86331223330714,4898993.461730693
81.86831223330714,4898993.527584052
81.87198011993736,4898993.58945149
81.88198011993737,4898993.647634933
81.88698011993736,4898993.710950202
81.89698011993737,4898993.768494387
81.90698011993737,4898993.819518839
81.91698011993738,4898993.866806907
81.92698011993738,4898993.913601862
81.93698011993739,4898993.961547492
81.9469801199374,4898994.009874242
81.9569801199374,4898994.056629568
81.9669801199374,4898994.102842276
81.97698011993741,4898994.149637015
81.98698011993741,4898994.195902957
81.99698011993742,4898994.24203101
82.00698011993742,4898994.286963846
82.01698011993743,4898994.33259359
82.02698011993743,4898994.378465801
82.03698011993744,4898994.424622567
82.04698011993744,4898994.470405307
82.05698011993745,4898994.519135081
82.06698011993745,4898994.565739736
82.07698011993746,4898994.611735957
82.08698011993746,4898994.658335414
82.09698011993747,4898994.705053439
82.10698011993748,4898994.751083051
82.11698011993748,4898994.796677179
82.12698011993749,4898994.840984885
82.13698011993749,4898994.887025989
82.1469801199375,4898994.933156879
82.1569801199375,4898994.979683528
82.1669801199375,4898995.025435684
82.17698011993751,4898995.070127429
82.18698011993752,4898995.113258836
82.19698011993752,4898995.158180806
82.20698011993753,4898995.20228712
82.21698011993753,4898995.246549909
82.22698011993754,4898995.291915634
82.23698011993754,4898995.336544362
82.24698011993755,4898995.381607262
82.25698011993755,4898995.426460453
82.26698011993756,4898995.470499698
82.27698011993756,4898995.513418053
82.28698011993757,4898995.557067609
82.29698011993757,4898995.600664976
82.30698011993758,4898995.643420028
82.31698011993758,4898995.686247808
82.32698011993759,4898995.729057918
82.33698011993759,4898995.770854158
82.3469801199376,4898995.812304699
82.3569801199376,4898995.853153419
82.36698011993761,4898995.893817405
82.37698011993761,4898995.934513047
82.38698011993762,4898995.976251015
82.39698011993762,4898996.016723164
82.40698011993763,4898996.056350364
82.41698011993763,4898996.09516774
82.42698011993764,4898996.135373354
82.43698011993764,4898996.175006873
82.44698011993765,4898996.214397979
82.45698011993765,4898996.253397877
82.46698011993766,4898996.293141815
82.47698011993766,4898996.333400848
82.48698011993767,4898996.371999219
82.49698011993767,4898996.410593262
82.50698011993768,4898996.449644675
82.51698011993768,4898996.487862583
82.52698011993769,4898996.525769702
82.5369801199377,4898996.563815772
82.5469801199377,4898996.601471053
82.5569801199377,4898996.639222175
82.56698011993771,4898996.67666221
82.57698011993772,4898996.712728142
82.58698011993772,4898996.749087392
82.59698011993773,4898996.784631202
82.60698011993773,4898996.82035106
82.61698011993774,4898996.85689962
82.62698011993774,4898996.892558248
82.63698011993775,4898996.928457234
82.64698011993775,4898996.967702554
82.65698011993776,4898997.006624067
82.66698011993776,4898997.046032513
82.67698011993777,4898997.083903835
82.68698011993777,4898997.122349454
82.69698011993778,4898997.159143646
82.70698011993778,4898997.195199236
82.71698011993779,4898997.232478274
82.72698011993779,4898997.26913602
82.7369801199378,4898997.309163673
82.7469801199378,4898997.347878387
82.75698011993781,4898997.386495063
82.76698011993781,4898997.425343789
82.77698011993782,4898997.461302396
82.78698011993782,4898997.497607585
82.79698011993783,4898997.535363492
82.80698011993783,4898997.572147452
82.81698011993784,4898997.60874366
82.82698011993784,4898997.646017142
82.83698011993785,4898997.680693279
82.84698011993785,4898997.716215196
82.85698011993786,4898997.751430762
82.86698011993786,4898997.785217688
82.87698011993787,4898997.81850959
82.88698011993787,4898997.852699319
82.89698011993788,4898997.887931391
82.90698011993788,4898997.924207031
82.91698011993789,4898997.960419532
82.9269801199379,4898998.000797337
82.9369801199379,4898998.044951233
82.9469801199379,4898998.079392606
82.95698011993791,4898998.116395271
82.96698011993792,4898998.158749708
82.97698011993792,4898998.198796863
82.98698011993793,4898998.23787993
82.99698011993793,4898998.277243244
83.00698011993794,4898998.317734269
83.01698011993794,4898998.357655416
83.02698011993795,4898998.402300642
83.03698011993795,4898998.444510277
83.04698011993796,4898998.487705503
83.05698011993796,4898998.532634567
83.06698011993797,4898998.577608755
83.07698011993797,4898998.622381991
83.08698011993798,4898998.666349983
83.09698011993798,4898998.709955813
83.10698011993799,4898998.753554743
83.11698011993799,4898998.796084614
83.126980119938,4898998.838687524
83.136980119938,4898998.88126297
83.14698011993801,4898998.923824289
83.15698011993801,4898998.968518291
83.16698011993802,4898999.013821978
83.17698011993802,4898999.058779103
83.18698011993803,4898999.102009483
83.19698011993803,4898999.146138785
83.20698011993804,4898999.190213338
83.21698011993804,4898999.235107661
83.22698011993805,4898999.278258322
83.23698011993805,4898999.323450358
83.24698011993806,4898999.366306309
83.25698011993806,4898999.40922571
83.26698011993807,4898999.451832005
83.27698011993807,4898999.49532563
83.28698011993808,4898999.539169636
83.29698011993808,4898999.583842157
83.30698011993809,4898999.627662807
83.3169801199381,4898999.672216034
83.3269801199381,4898999.716854985
83.3369801199381,4898999.761039673
83.34698011993811,4898999.805579716
83.35698011993811,4898999.851058709
83.36698011993812,4898999.895926367
83.37698011993812,4898999.940888755
83.38698011993813,4898999.987783806
83.39698011993814,4899000.034238821
83.40698011993814,4899000.079945477
83.41698011993815,4899000.128630251
83.42698011993815,4899000.177771686
83.43698011993816,4899000.224613081
83.44698011993816,4899000.273381398
83.45698011993817,4899000.320755745
83.46698011993817,4899000.368470031
83.47698011993818,4899000.417368293
83.48698011993818,4899000.466184882
83.49698011993819,4899000.515071758
83.50698011993819,4899000.564388922
83.5169801199382,4899000.614648798
83.5269801199382,4899000.665032535
83.5369801199382,4899000.715202682
83.54698011993821,4899000.766520615
83.55698011993822,4899000.817545214
83.56698011993822,4899000.869705699
83.57698011993823,4899000.921309785
83.58698011993823,4899000.973843465
83.59698011993824,4899001.02631714
83.60698011993824,4899001.078718918
83.61698011993825,4899001.130937465
83.62698011993825,4899001.1836876
83.63698011993826,4899001.235630419
83.64698011993826,4899001.290574218
83.65698011993827,4899001.344085865
83.66698011993827,4899001.397027339
83.67698011993828,4899001.449307847
83.68698011993828,4899001.50161021
83.69698011993829,4899001.559958907
83.7069801199383,4899001.617349534
83.7169801199383,4899001.671992737
83.7269801199383,4899001.725417244
83.73698011993831,4899001.778637671
83.74698011993831,4899001.831100398
83.75698011993832,4899001.88461413
83.76698011993832,4899001.93774062
83.77698011993833,4899001.995383202
83.78698011993833,4899002.052587517
83.79698011993834,4899002.109058548
83.80698011993834,4899002.166009389
83.81698011993835,4899002.22034617
83.82698011993836,4899002.275922728
83.83698011993836,4899002.330006401
83.84698011993837,4899002.386264958
83.85698011993837,4899002.440518108
83.86698011993838,4899002.495278848
83.87698011993838,4899002.553560075
83.88698011993839,4899002.6105652
83.89698011993839,4899002.667237106
83.9069801199384,4899002.724870119
83.9169801199384,4899002.783151262
83.9269801199384,4899002.841832538
83.93698011993841,4899002.900171412
83.94698011993842,4899002.959601332
83.95698011993842,4899003.020905244
83.96698011993843,4899003.079865924
83.97698011993843,4899003.139536567
83.98698011993844,4899003.198022276
83.99698011993844,4899003.256036209
84.00698011993845,4899003.317141885
84.01698011993845,4899003.377944329
84.02698011993846,4899003.43968975
84.03698011993846,4899003.497139391
84.04698011993847,4899003.556432726
84.05698011993847,4899003.617795959
84.06698011993848,4899003.67572333
84.07698011993848,4899003.733425904
84.08698011993849,4899003.792494586
84.0969801199385,4899003.853309211
84.1069801199385,4899003.910479383
84.1169801199385,4899003.970899844
84.12698011993851,4899004.029961327
84.13698011993851,4899004.088683151
84.14698011993852,4899004.148213598
84.15698011993852,4899004.207015468
84.16698011993853,4899004.267694053
84.17698011993853,4899004.329425732
84.18698011993854,4899004.391755652
84.19698011993854,4899004.452586686
84.20698011993855,4899004.514666605
84.21698011993855,4899004.578825787
84.22698011993856,4899004.644387425
84.23698011993856,4899004.706036711
84.24698011993857,4899004.7665383
84.25698011993858,4899004.828354495
84.26698011993858,4899004.88948187
84.27698011993859,4899004.952535278
84.28698011993859,4899005.017133565
84.2969801199386,4899005.079006011
84.3069801199386,4899005.140720403
84.3169801199386,4899005.202871467
84.32698011993861,4899005.264572598
84.33698011993862,4899005.32732828
84.34698011993862,4899005.388962121
84.35698011993863,4899005.449992905
84.36698011993863,4899005.509838086
84.37698011993864,4899005.569895336
84.38698011993864,4899005.631663774
84.39698011993865,4899005.695759959
84.40698011993865,4899005.759704496
84.41698011993866,4899005.8216838
84.42698011993866,4899005.882673633
84.43698011993867,4899005.940956906
84.44698011993867,4899006.003128526
84.45698011993868,4899006.062552409
84.46698011993868,4899006.12225699
84.47698011993869,4899006.182555024
84.48698011993869,4899006.243298856
84.4969801199387,4899006.304153667
84.5069801199387,4899006.36696736
84.51698011993871,4899006.434183688
84.52698011993871,4899006.506070846
84.53698011993872,4899006.577209481
84.54698011993872,4899006.656036428
84.55698011993873,4899006.727616975
84.56698011993873,4899006.792516892
84.57698011993874,4899006.874188445
84.58698011993874,4899006.953175399
84.59198011993874,4899007.075153393
84.59323011993874,4899007.182602476
84.59401136993874,4899007.284884599
84.59791761993874,4899007.372701095
84.60688633472608,4899007.450182082
84.61688633472609,4899007.518228402
84.6268863347261,4899007.585812941
84.6368863347261,4899007.649955373
84.6468863347261,4899007.712902479
84.65688633472611,4899007.775923853
84.66688633472612,4899007.838375252
84.67688633472612,4899007.901207122
84.68688633472613,4899007.965565006
84.69688633472613,4899008.031395072
84.70688633472614,4899008.095863017
84.71688633472614,4899008.163924175
84.72688633472615,4899008.233183502
84.73688633472615,4899008.29843698
84.74688633472616,4899008.36276129
84.75688633472616,4899008.429648156
84.76688633472617,4899008.494290085
84.77688633472617,4899008.562486368
84.78688633472618,4899008.625816899
84.79688633472618,4899008.689605718
84.80688633472619,4899008.754472156
84.81688633472619,4899008.818592856
84.8268863347262,4899008.882092148
84.8368863347262,4899008.94480838
84.84688633472621,4899009.008231331
84.85688633472621,4899009.06979073
84.86688633472622,4899009.130662238
84.87688633472622,4899009.190023484
84.88688633472623,4899009.248425801
84.89688633472623,4899009.30767189
84.90688633472624,4899009.369314121
84.91688633472624,4899009.433988499
84.92688633472625,4899009.49927774
84.93688633472625,4899009.560476966
84.94688633472626,4899009.621422386
84.95688633472626,4899009.680786513
84.96688633472627,4899009.740343916
84.97688633472627,4899009.799969399
84.98688633472628,4899009.858499377
84.99688633472628,4899009.918020765
85.00688633472629,4899009.980858073
85.0168863347263,4899010.041932672
85.0268863347263,4899010.100952378
85.0368863347263,4899010.160436857
85.04688633472631,4899010.218359177
85.05688633472631,4899010.277827266
85.06688633472632,4899010.344488969
85.07688633472632,4899010.410061558
85.08688633472633,4899010.473984164
85.09688633472634,4899010.535121788
85.10688633472634,4899010.594491618
85.11688633472635,4899010.651120335
85.12688633472635,4899010.706923695
85.13688633472636,4899010.76215788
85.14688633472636,4899010.818450357
85.15688633472637,4899010.873280809
85.16688633472637,4899010.930188638
85.17688633472638,4899010.987238619
85.18688633472638,4899011.042765105
85.19688633472639,4899011.095686303
85.20688633472639,4899011.145667866
85.2168863347264,4899011.194948329
85.2268863347264,4899011.24357313
85.2368863347264,4899011.294891951
85.24688633472641,4899011.353429921
85.25688633472642,4899011.410966404
85.26688633472642,4899011.463261265
85.27688633472643,4899011.513090684
85.28688633472643,4899011.560882692
85.29688633472644,4899011.60775536
85.30688633472644,4899011.654374713
85.31688633472645,4899011.699694386
85.32688633472645,4899011.745568732
85.33688633472646,4899011.790237343
85.34688633472646,4899011.834664147
85.35688633472647,4899011.878947688
85.36688633472647,4899011.923366463
85.37688633472648,4899011.96906654
85.38688633472648,4899012.014724976
85.39688633472649,4899012.059911208
85.4068863347265,4899012.103367885
85.4168863347265,4899012.147595891
85.4268863347265,4899012.191193438
85.43688633472651,4899012.234634835
85.44688633472651,4899012.278091577
85.45688633472652,4899012.321102718
85.46688633472652,4899012.365457303
85.47688633472653,4899012.41334719
85.48688633472653,4899012.461677769
85.49688633472654,4899012.504888503
85.50688633472654,4899012.548778292
85.51688633472655,4899012.591155623
85.52688633472656,4899012.634706712
85.53688633472656,4899012.677302896
85.54688633472657,4899012.720048712
85.55688633472657,4899012.762146462
85.56688633472658,4899012.804168342
85.57688633472658,4899012.846866664
85.58688633472659,4899012.888532587
85.59688633472659,4899012.933350818
85.6068863347266,4899012.97731538
85.6168863347266,4899013.022206708
85.6268863347266,4899013.064749743
85.63688633472661,4899013.107647045
85.64688633472662,4899013.15018677
85.65688633472662,4899013.194368131
85.66688633472663,4899013.236574695
85.67688633472663,4899013.278634296
85.68688633472664,4899013.320571531
85.69688633472664,4899013.364744095
85.70688633472665,4899013.409471029
85.71688633472665,4899013.4559401
85.72688633472666,4899013.499525162
85.73688633472666,4899013.541781139
85.74688633472667,4899013.584411213
85.75688633472667,4899013.625442604
85.76688633472668,4899013.668017634
85.77688633472668,4899013.709036151
85.78688633472669,4899013.74829924
85.7968863347267,4899013.787307704
85.8068863347267,4899013.82741842
85.8168863347267,4899013.867116794
85.82688633472671,4899013.906471763
85.83688633472671,4899013.945820388
85.84688633472672,4899013.986845349
85.85688633472672,4899014.026442136
85.86688633472673,4899014.063956266
85.87688633472673,4899014.101032674
85.88688633472674,4899014.139181461
85.89688633472674,4899014.1765326
85.90688633472675,4899014.214299196
85.91688633472675,4899014.251463066
85.92688633472676,4899014.287955308
85.93688633472676,4899014.324413249
85.94688633472677,4899014.360819728
85.95688633472678,4899014.397198489
85.96688633472678,4899014.433247861
85.97688633472679,4899014.469324279
85.98688633472679,4899014.504759422
85.9968863347268,4899014.54040163
86.0068863347268,4899014.575470906
86.0168863347268,4899014.610565326
86.02688633472681,4899014.645839598
86.03688633472682,4899014.681055289
86.04688633472682,4899014.716162097
86.05688633472683,4899014.750540473
86.06688633472683,4899014.788762324
86.07688633472684,4899014.82594155
86.08688633472684,4899014.864801484
86.09688633472685,4899014.90462229
86.10688633472685,4899014.943584518
86.11688633472686,4899014.980798674
86.12688633472686,4899015.016656292
86.13688633472687,4899015.051815055
86.14688633472687,4899015.086623326
86.15688633472688,4899015.121364377
86.16688633472688,4899015.157108727
86.17688633472689,4899015.196689884
86.18688633472689,4899015.237477986
86.1968863347269,4899015.278569942
86.2068863347269,4899015.319337468
86.21688633472691,4899015.360907642
86.22688633472691,4899015.402056203
86.23688633472692,4899015.440611711
86.24688633472692,4899015.478565484
86.25688633472693,4899015.514220664
86.26688633472693,4899015.550963702
86.27688633472694,4899015.588656579
86.28688633472694,4899015.623343946
86.29688633472695,4899015.658614568
86.30688633472695,4899015.695279391
86.31688633472696,4899015.732013456
86.32688633472696,4899015.767320096
86.33688633472697,4899015.80113201
86.34688633472697,4899015.838193662
86.35688633472698,4899015.875683808
86.36688633472698,4899015.909654594
86.37688633472699,4899015.94433695
86.386886334727,4899015.980806876
86.396886334727,4899016.016804343
86.406886334727,4899016.052517491
86.41688633472701,4899016.086709896
86.42688633472702,4899016.121985702
86.43688633472702,4899016.156670179
86.44688633472703,4899016.191203951
86.45688633472703,4899016.22723094
86.46688633472704,4899016.261765351
86.47688633472704,4899016.297167313
86.48688633472705,4899016.332670634
86.49688633472705,4899016.368251431
86.50688633472706,4899016.406134551
86.51688633472706,4899016.443104644
86.52688633472707,4899016.482954232
86.53688633472707,4899016.525152616
86.54688633472708,4899016.563831161
86.55688633472708,4899016.597169523
86.56688633472709,4899016.632767573
86.57688633472709,4899016.667215318
86.5868863347271,4899016.701156044
86.5968863347271,4899016.734956951
86.60688633472711,4899016.768672059
86.61688633472711,4899016.804695271
86.62688633472712,4899016.837816037
86.63688633472712,4899016.871939157
86.64688633472713,4899016.905183125
86.65688633472713,4899016.939333128
86.66688633472714,4899016.975110571
86.67688633472714,4899017.010537188
86.68688633472715,4899017.047631718
86.69688633472715,4899017.085519967
86.70688633472716,4899017.120765494
86.71688633472716,4899017.155082522
86.72688633472717,4899017.189725631
86.73688633472717,4899017.224987321
86.74688633472718,4899017.259125522
86.75688633472718,4899017.293319322
86.76688633472719,4899017.328785881
86.7768863347272,4899017.364654177
86.7868863347272,4899017.399374301
86.7968863347272,4899017.435062662
86.80688633472721,4899017.47037397
86.81688633472722,4899017.506735135
86.82688633472722,4899017.541746763
86.83688633472723,4899017.577434838
86.84688633472723,4899017.611553094
86.85688633472724,4899017.646699702
86.86688633472724,4899017.681360848
86.87688633472725,4899017.715883512
86.88688633472725,4899017.749997912
86.89688633472726,4899017.784195454
86.90688633472726,4899017.818060298
86.91688633472727,4899017.852297375
86.92688633472727,4899017.886338755
86.93688633472728,4899017.920752575
86.94688633472728,4899017.955425778
86.95688633472729,4899017.991370661
86.96688633472729,4899018.027363328
86.9768863347273,4899018.063470624
86.9868863347273,4899018.098236034
86.99688633472731,4899018.132993373
87.00688633472731,4899018.167631336
87.01688633472732,4899018.202092471
87.02688633472732,4899018.236815531
87.03688633472733,4899018.271202241
87.04688633472733,4899018.305441746
87.05688633472734,4899018.33957653
87.06688633472734,4899018.3739696
87.07688633472735,4899018.408152255
87.08688633472735,4899018.442559975
87.09688633472736,4899018.481379187
87.10688633472736,4899018.516853575
87.11688633472737,4899018.55156496
87.12688633472737,4899018.586340385
87.13688633472738,4899018.621020727
87.14688633472738,4899018.655557701
87.15688633472739,4899018.690168318
87.1668863347274,4899018.724871045
87.1768863347274,4899018.759834515
87.1868863347274,4899018.811473729
87.19688633472741,4899018.851300692
87.20688633472741,4899018.888792261
87.21688633472742,4899018.924247202
87.22688633472742,4899018.959817442
87.23688633472743,4899018.99573468
87.24688633472744,4899019.031728668
87.25688633472744,4899019.065425349
87.26688633472745,4899019.101411301
87.27688633472745,4899019.134681283
87.28688633472746,4899019.167897706
87.29688633472746,4899019.200565425
87.30688633472747,4899019.233428622
87.31688633472747,4899019.266169418
87.32688633472748,4899019.298733436
87.33688633472748,4899019.332421575
87.34688633472749,4899019.366107633
87.35688633472749,4899019.398881222
87.3668863347275,4899019.431842109
87.3768863347275,4899019.464740858
87.3868863347275,4899019.497405257
87.39688633472751,4899019.530554005
87.40688633472752,4899019.564490589
87.41688633472752,4899019.597295936
87.42688633472753,4899019.630092016
87.43688633472753,4899019.662941648
87.44688633472754,4899019.695122093
87.45688633472754,4899019.727875931
87.46688633472755,4899019.760880401
87.47688633472755,4899019.793322778
87.48688633472756,4899019.82645397
87.49688633472756,4899019.859025464
87.50688633472757,4899019.891264248
87.51688633472757,4899019.923957286
87.52688633472758,4899019.961241464
87.53688633472758,4899019.996778807
87.54688633472759,4899020.032429242
87.5568863347276,4899020.065945712
87.5668863347276,4899020.099262554
87.5768863347276,4899020.133187572
87.58688633472761,4899020.166518535
87.59688633472761,4899020.199113779
87.60688633472762,4899020.231650521
87.61688633472762,4899020.264173993
87.62688633472763,4899020.296895874
87.63688633472763,4899020.329362623
87.64688633472764,4899020.362262483
87.65688633472764,4899020.394904695
87.66688633472765,4899020.427834953
87.67688633472766,4899020.460279377
87.68688633472766,4899020.492959011
87.69688633472767,4899020.525859559
87.70688633472767,4899020.55843897
87.71688633472768,4899020.590797211
87.72688633472768,4899020.623272907
87.73688633472769,4899020.655462954
87.74688633472769,4899020.687696444
87.7568863347277,4899020.719560252
87.7668863347277,4899020.751629868
87.7768863347277,4899020.783737361
87.78688633472771,4899020.817236729
87.79688633472772,4899020.849193897
87.80688633472772,4899020.881213533
87.81688633472773,4899020.91307795
87.82688633472773,4899020.945599588
87.83688633472774,4899020.980868083
87.84688633472774,4899021.014822507
87.85688633472775,4899021.048533346
87.86688633472775,4899021.08104119
87.87688633472776,4899021.116358705
87.88688633472776,4899021.148992673
87.89688633472777,4899021.182628131
87.90688633472777,4899021.218225382
87.91688633472778,4899021.251033959
87.92688633472778,4899021.284528071
87.93688633472779,4899021.31843949
87.9468863347278,4899021.353896078
87.9568863347278,4899021.389338814
87.9668863347278,4899021.423497051
87.97688633472781,4899021.458362116
87.98688633472781,4899021.493274321
87.99688633472782,4899021.528893242
88.00688633472782,4899021.563779512
88.01688633472783,4899021.598349612
88.02688633472783,4899021.633619477
88.03688633472784,4899021.670368553
88.04688633472784,4899021.707965292
88.05688633472785,4899021.754419908
88.06688633472785,4899021.796202051
88.07688633472786,4899021.830775393
88.08688633472786,4899021.865721613
88.09688633472787,4899021.900674924
88.10688633472788,4899021.934741134
88.11688633472788,4899021.97182838
88.12688633472789,4899022.007364985
88.13688633472789,4899022.042548123
88.1468863347279,4899022.077328101
88.1568863347279,4899022.111264198
88.1668863347279,4899022.148722765
88.17688633472791,4899022.184392444
88.18688633472792,4899022.220183031
88.19688633472792,4899022.255715938
88.20688633472793,4899022.291836564
88.21688633472793,4899022.327618679
88.22688633472794,4899022.362778859
88.23688633472794,4899022.398815179
88.24688633472795,4899022.434277163
88.25688633472795,4899022.47016673
88.26688633472796,4899022.506290773
88.27688633472796,4899022.542734808
88.28688633472797,4899022.580321531
88.29688633472797,4899022.619498451
88.30688633472798,4899022.655927824
88.31688633472798,4899022.692320592
88.32688633472799,4899022.735127549
88.33688633472799,4899022.769616138
88.346886334728,4899022.80393327
88.356886334728,4899022.836799133
88.36688633472801,4899022.869591393
88.37688633472801,4899022.90211535
88.38688633472802,4899022.93450135
88.39688633472802,4899022.968967606
88.40688633472803,4899023.003620224
88.41688633472803,4899023.038023129
88.42688633472804,4899023.071393499
88.42813633472804,4899023.127348091
88.43438633472803,4899023.189683971
88.44438633472804,4899023.236070555
88.44688633472803,4899023.293525855
88.44813633472803,4899023.377457416
88.453775172442,4899023.426851253
88.4556211797938,4899023.483321579
88.45677493438866,4899023.562834739
88.4603689981988,4899023.616797007
88.47036899819881,4899023.660018115
88.48036899819881,4899023.694532192
88.49036899819882,4899023.724986991
88.50036899819882,4899023.755146194
88.51036899819883,4899023.785295182
88.52036899819883,4899023.815141971
88.53036899819884,4899023.844999518
88.54036899819884,4899023.875035302
88.55036899819885,4899023.904749589
88.56036899819885,4899023.934972747
88.57036899819886,4899023.966606653
88.58036899819886,4899023.999321782
88.59036899819887,4899024.029350007
88.60036899819887,4899024.059504091
88.61036899819888,4899024.089634291
88.62036899819888,4899024.120482284
88.63036899819889,4899024.150694221
88.6403689981989,4899024.180917186
88.6503689981989,4899024.210723935
88.6603689981989,4899024.240437695
88.67036899819891,4899024.269477654
88.68036899819892,4899024.300066884
88.69036899819892,4899024.329840748
88.70036899819893,4899024.359957505
88.71036899819893,4899024.390328122
88.72036899819894,4899024.420528981
88.73036899819894,4899024.450959292
88.74036899819895,4899024.480897141
88.75036899819895,4899024.51080184
88.76036899819896,4899024.540842895
88.77036899819896,4899024.571097709
88.78036899819897,4899024.600967426
88.79036899819897,4899024.631682026
88.80036899819898,4899024.662544049
88.81036899819898,4899024.692536218
88.82036899819899,4899024.722243341
88.83036899819899,4899024.752138275
88.840368998199,4899024.782679263
88.850368998199,4899024.812811904
88.86036899819901,4899024.842518011
88.87036899819901,4899024.872727399
88.88036899819902,4899024.903700125
88.89036899819902,4899024.933902336
88.90036899819903,4899024.965934727
88.91036899819903,4899024.998530488
88.92036899819904,4899025.029895303
88.93036899819904,4899025.060818527
88.94036899819905,4899025.092619672
88.95036899819905,4899025.123548592
88.96036899819906,4899025.154113446
88.97036899819906,4899025.187122748
88.98036899819907,4899025.22014361
88.99036899819907,4899025.251756106
89.00036899819908,4899025.283787935
89.01036899819908,4899025.314780103
89.02036899819909,4899025.348509827
89.0303689981991,4899025.380942846
89.0403689981991,4899025.413313636
89.0503689981991,4899025.445076148
89.06036899819911,4899025.477502013
89.07036899819911,4899025.508933401
89.08036899819912,4899025.540584399
89.09036899819912,4899025.573263484
89.10036899819913,4899025.606499123
89.11036899819914,4899025.639127445
89.12036899819914,4899025.670347832
89.13036899819915,4899025.701507517
89.14036899819915,4899025.732464845
89.15036899819916,4899025.7625807
89.16036899819916,4899025.79363094
89.17036899819917,4899025.824152536
89.18036899819917,4899025.854731366
89.19036899819918,4899025.884842989
89.20036899819918,4899025.916120079
89.21036899819919,4899025.947087781
89.22036899819919,4899025.980026004
89.2303689981992,4899026.012030897
89.2403689981992,4899026.042719113
89.2503689981992,4899026.072921908
89.26036899819921,4899026.102993301
89.27036899819922,4899026.134436976
89.28036899819922,4899026.165290074
89.29036899819923,4899026.195926391
89.30036899819923,4899026.226680202
89.31036899819924,4899026.257255371
89.32036899819924,4899026.288904156
89.33036899819925,4899026.320194742
89.34036899819925,4899026.353580128
89.35036899819926,4899026.384397155
89.36036899819926,4899026.414818916
89.37036899819927,4899026.445441971
89.38036899819927,4899026.476319629
89.39036899819928,4899026.507567047
89.40036899819928,4899026.538107012
89.41036899819929,4899026.568744475
89.4203689981993,4899026.60056878
89.4303689981993,4899026.631458274
89.4403689981993,4899026.663414676
89.45036899819931,4899026.694259885
89.46036899819931,4899026.725296468
89.47036899819932,4899026.756235029
89.48036899819932,4899026.787390421
89.49036899819933,4899026.818131318
89.50036899819933,4899026.848778492
89.51036899819934,4899026.879747191
89.52036899819934,4899026.910176504
89.53036899819935,4899026.940428342
89.54036899819936,4899026.972231042
89.55036899819936,4899027.00401788
89.56036899819937,4899027.035012271
89.57036899819937,4899027.065942451
89.58036899819938,4899027.096372866
89.59036899819938,4899027.127384991
89.60036899819939,4899027.158318892
89.61036899819939,4899027.188511406
89.6203689981994,4899027.218719622
89.6303689981994,4899027.248913088
89.6403689981994,4899027.279536719
89.65036899819941,4899027.310232391
89.66036899819942,4899027.34204123
89.67036899819942,4899027.372930174
89.68036899819943,4899027.40348354
89.69036899819943,4899027.434069686
89.70036899819944,4899027.464587384
89.71036899819944,4899027.495429844
89.72036899819945,4899027.526298571
89.73036899819945,4899027.557444445
89.74036899819946,4899027.58883424
89.75036899819946,4899027.619261222
89.76036899819947,4899027.649895093
89.77036899819947,4899027.681313256
89.78036899819948,4899027.712061527
89.79036899819948,4899027.742578534
89.80036899819949,4899027.773533925
89.8103689981995,4899027.803743631
89.8203689981995,4899027.833904187
89.8303689981995,4899027.863349605
89.84036899819951,4899027.893971896
89.85036899819951,4899027.924293649
89.86036899819952,4899027.954398058
89.87036899819952,4899027.98730448
89.88036899819953,4899028.019655051
89.89036899819953,4899028.050761598
89.90036899819954,4899028.081333833
89.91036899819954,4899028.113916979
89.92036899819955,4899028.145790906
89.93036899819955,4899028.176808427
89.94036899819956,4899028.207611456
89.95036899819956,4899028.238242707
89.96036899819957,4899028.268549572
89.97036899819958,4899028.29921226
89.98036899819958,4899028.329466714
89.99036899819959,4899028.359536636
90.00036899819959,4899028.391304097
90.0103689981996,4899028.42214812
90.0203689981996,4899028.452723687
90.0303689981996,4899028.483789604
90.04036899819961,4899028.51444606
90.05036899819962,4899028.545129122
90.06036899819962,4899028.575649377
90.07036899819963,4899028.606348833
90.08036899819963,4899028.637145801
90.09036899819964,4899028.668214912
90.10036899819964,4899028.7002897
90.11036899819965,4899028.73043499
90.12036899819965,4899028.761201151
90.13036899819966,4899028.7919339
90.14036899819966,4899028.822347697
90.15036899819967,4899028.852234985
90.16036899819967,4899028.882815244
90.17036899819968,4899028.912816681
90.18036899819968,4899028.943785625
90.19036899819969,4899028.97594772
90.20036899819969,4899029.007527395
90.2103689981997,4899029.039372383
90.2203689981997,4899029.070678264
90.23036899819971,4899029.101317947
90.24036899819971,4899029.132949205
90.25036899819972,4899029.163370874
90.26036899819972,4899029.19455528
90.27036899819973,4899029.225182884
90.28036899819973,4899029.255712338
90.29036899819974,4899029.286622665
90.30036899819974,4899029.317328569
90.31036899819975,4899029.350086416
90.32036899819975,4899029.381410862
90.33036899819976,4899029.412426891
90.34036899819976,4899029.443016156
90.35036899819977,4899029.473194251
90.36036899819977,4899029.504811514
90.37036899819978,4899029.535834013
90.38036899819978,4899029.567976334
90.39036899819979,4899029.599407093
90.4003689981998,4899029.630376931
90.4103689981998,4899029.661374183
90.4203689981998,4899029.692069659
90.43036899819981,4899029.722224992
90.44036899819982,4899029.752463934
90.45036899819982,4899029.78258828
90.46036899819983,4899029.812909014
90.47036899819983,4899029.843573228
90.48036899819984,4899029.874576799
90.49036899819984,4899029.905126331
90.50036899819985,4899029.935388042
90.51036899819985,4899029.967686597
90.52036899819986,4899030.000574749
90.53036899819986,4899030.032325291
90.54036899819987,4899030.063122817
90.55036899819987,4899030.094106618
90.56036899819988,4899030.125460417
90.57036899819988,4899030.156948176
90.58036899819989,4899030.187591727
90.59036899819989,4899030.218516073
90.6003689981999,4899030.249134535
90.6103689981999,4899030.279968228
90.62036899819991,4899030.310996002
90.63036899819991,4899030.341490463
90.64036899819992,4899030.371749246
90.65036899819992,4899030.401935489
90.66036899819993,4899030.432389796
90.67036899819993,4899030.462896249
90.68036899819994,4899030.493505358
90.69036899819994,4899030.523523347
90.70036899819995,4899030.55358907
90.71036899819995,4899030.583868094
90.72036899819996,4899030.614829713
90.73036899819996,4899030.645965811
90.74036899819997,4899030.677121876
90.75036899819997,4899030.709145719
90.76036899819998,4899030.739119035
90.77036899819998,4899030.770310077
90.78036899819999,4899030.80053622
90.7903689982,4899030.831535513
90.8003689982,4899030.861959466
90.8103689982,4899030.894044368
90.82036899820001,4899030.924592682
90.83036899820002,4899030.954675336
90.84036899820002,4899030.987802836
90.85036899820003,4899031.019658528
90.86036899820003,4899031.050335895
90.87036899820004,4899031.080856083
90.88036899820004,4899031.111239245
90.89036899820005,4899031.141895421
90.90036899820005,4899031.172011706
90.91036899820006,4899031.202532976
90.92036899820006,4899031.232850165
90.93036899820007,4899031.263147764
90.94036899820007,4899031.294172768
90.95036899820008,4899031.325055708
90.96036899820008,4899031.357236373
90.97036899820009,4899031.389042426
90.98036899820009,4899031.421431524
90.9903689982001,4899031.452691063
91.0003689982001,4899031.484159729
91.01036899820011,4899031.51537958
91.02036899820011,4899031.546314344
91.03036899820012,4899031.578510484
91.04036899820012,4899031.609182533
91.05036899820013,4899031.640421324
91.06036899820013,4899031.672003994
91.07036899820014,4899031.703616962
91.08036899820014,4899031.73411327
91.09036899820015,4899031.764432318
91.10036899820015,4899031.795976188
91.11036899820016,4899031.826215687
91.12036899820016,4899031.857097951
91.13036899820017,4899031.887414855
91.14036899820017,4899031.918529594
91.15036899820018,4899031.949477395
91.16036899820018,4899031.982173813
91.17036899820019,4899032.014584636
91.1803689982002,4899032.045271102
91.1903689982002,4899032.076510908
91.2003689982002,4899032.106965876
91.21036899820021,4899032.138445932
91.22036899820021,4899032.169262637
91.23036899820022,4899032.200207449
91.24036899820022,4899032.230554721
91.25036899820023,4899032.260950554
91.26036899820024,4899032.291599852
91.27036899820024,4899032.322970614
91.28036899820025,4899032.353105007
91.29036899820025,4899032.384290388
91.30036899820026,4899032.415024347
91.31036899820026,4899032.446127306
91.32036899820027,4899032.477295823
91.33036899820027,4899032.509206335
91.34036899820028,4899032.539733208
91.35036899820028,4899032.570034163
91.36036899820029,4899032.601449841
91.37036899820029,4899032.632611728
91.3803689982003,4899032.662863846
91.3903689982003,4899032.694270871
91.4003689982003,4899032.726229847
91.41036899820031,4899032.759152384
91.42036899820032,4899032.790059602
91.43036899820032,4899032.820815357
91.44036899820033,4899032.851469642
91.45036899820033,4899032.882159979
91.46036899820034,4899032.912589655
91.47036899820034,4899032.943012065
91.48036899820035,4899032.975129329
91.49036899820035,4899033.007380007
91.50036899820036,4899033.038827686
91.51036899820036,4899033.0693557
91.52036899820037,4899033.100315751
91.53036899820037,4899033.132256485
91.54036899820038,4899033.162923671
91.55036899820038,4899033.194528298
91.56036899820039,4899033.225255937
91.5703689982004,4899033.255762853
91.5803689982004,4899033.286750621
91.5903689982004,4899033.318564777
91.60036899820041,4899033.352094641
91.61036899820041,4899033.383693958
91.62036899820042,4899033.415083852
91.63036899820042,4899033.445852717
91.64036899820043,4899033.477109211
91.65036899820043,4899033.508921553
91.66036899820044,4899033.539922879
91.67036899820044,4899033.572052159
91.68036899820045,4899033.603759749
91.69036899820046,4899033.634846145
91.70036899820046,4899033.665668766
91.71036899820047,4899033.697111264
91.72036899820047,4899033.729075446
91.73036899820048,4899033.759740016
91.74036899820048,4899033.791817729
91.75036899820049,4899033.822400626
91.76036899820049,4899033.853826329
91.7703689982005,4899033.884647062
91.7803689982005,4899033.915354013
91.7903689982005,4899033.947035813
91.80036899820051,4899033.980065275
91.81036899820052,4899034.012989095
91.82036899820052,4899034.044152776
91.83036899820053,4899034.075477845
91.84036899820053,4899034.107100017
91.85036899820054,4899034.139119977
91.86036899820054,4899034.170140121
91.87036899820055,4899034.201285186
91.88036899820055,4899034.232341499
91.89036899820056,4899034.263257948
91.90036899820056,4899034.294083694
91.91036899820057,4899034.324761216
91.92036899820057,4899034.356196747
91.93036899820058,4899034.38781271
91.94036899820058,4899034.423047002
91.95036899820059,4899034.454099368
91.9603689982006,4899034.485054511
91.9703689982006,4899034.515940445
91.9803689982006,4899034.546496493
91.99036899820061,4899034.577410919
92.00036899820061,4899034.608455526
92.01036899820062,4899034.639781769
92.02036899820062,4899034.670490545
92.03036899820063,4899034.70239701
92.04036899820063,4899034.733435669
92.05036899820064,4899034.764732266
92.06036899820064,4899034.795980089
92.07036899820065,4899034.828101439
92.08036899820065,4899034.859039698
92.09036899820066,4899034.890028507
92.10036899820066,4899034.921096571
92.11036899820067,4899034.951832179
92.12036899820068,4899034.98477972
92.13036899820068,4899035.016972302
92.14036899820069,4899035.048387112
92.15036899820069,4899035.079332942
92.1603689982007,4899035.110239035
92.1703689982007,4899035.142235334
92.1803689982007,4899035.173416415
92.19036899820071,4899035.20493591
92.20036899820072,4899035.235735807
92.21036899820072,4899035.26651118
92.22036899820073,4899035.299086738
92.23036899820073,4899035.331039472
92.24036899820074,4899035.363533611
92.25036899820074,4899035.394742865
92.26036899820075,4899035.426230392
92.27036899820075,4899035.457403334
92.28036899820076,4899035.488898702
92.29036899820076,4899035.520528757
92.30036899820077,4899035.552605567
92.31036899820077,4899035.584904206
92.32036899820078,4899035.616277256
92.33036899820078,4899035.647645023
92.34036899820079,4899035.678939963
92.35036899820079,4899035.710135028
92.3603689982008,4899035.741514813
92.3703689982008,4899035.7726907
92.38036899820081,4899035.80434379
92.39036899820081,4899035.835456176
92.40036899820082,4899035.867185662
92.41036899820082,4899035.89827534
92.42036899820083,4899035.929965443
92.43036899820083,4899035.962331322
92.44036899820084,4899035.995249264
92.45036899820084,4899036.027688822
92.46036899820085,4899036.059024407
92.47036899820085,4899036.090356183
92.48036899820086,4899036.123029387
92.49036899820086,4899036.154927091
92.50036899820087,4899036.187163893
92.51036899820087,4899036.218378201
92.52036899820088,4899036.249485637
92.53036899820088,4899036.28098258
92.54036899820089,4899036.312672671
92.5503689982009,4899036.343598232
92.5603689982009,4899036.374183995
92.5703689982009,4899036.405324048
92.58036899820091,4899036.436838245
92.59036899820092,4899036.468655217
92.60036899820092,4899036.500776947
92.61036899820093,4899036.531877464
92.62036899820093,4899036.562769669
92.63036899820094,4899036.593761172
92.64036899820094,4899036.625310025
92.65036899820095,4899036.656482045
92.66036899820095,4899036.689436883
92.67036899820096,4899036.722098745
92.68036899820096,4899036.753843683
92.69036899820097,4899036.787599808
92.70036899820097,4899036.819254809
92.71036899820098,4899036.850591378
92.72036899820098,4899036.882055842
92.73036899820099,4899036.913702802
92.74036899820099,4899036.944922838
92.750368998201,4899036.977573266
92.760368998201,4899037.011511452
92.77036899820101,4899037.043821347
92.78036899820101,4899037.075169138
92.79036899820102,4899037.107869251
92.80036899820102,4899037.140420225
92.81036899820103,4899037.171751975
92.82036899820103,4899037.204149018
92.83036899820104,4899037.235847382
92.84036899820104,4899037.267365962
92.85036899820105,4899037.298448708
92.86036899820105,4899037.331250273
92.87036899820106,4899037.36386418
92.88036899820106,4899037.395477611
92.89036899820107,4899037.427108576
92.90036899820107,4899037.458657484
92.91036899820108,4899037.490247963
92.92036899820108,4899037.521498671
92.93036899820109,4899037.553694608
92.9403689982011,4899037.586314545
92.9503689982011,4899037.61795495
92.9603689982011,4899037.650949964
92.97036899820111,4899037.684083217
92.98036899820112,4899037.716876978
92.99036899820112,4899037.750120719
93.00036899820113,4899037.785783427
93.01036899820113,4899037.817870613
93.02036899820114,4899037.84950559
93.03036899820114,4899037.881548924
93.04036899820115,4899037.913260581
93.05036899820115,4899037.945724166
93.06036899820116,4899037.978903773
93.07036899820116,4899038.011790751
93.08036899820117,4899038.043995318
93.09036899820117,4899038.075551725
93.10036899820118,4899038.109525087
93.11036899820118,4899038.143067869
93.12036899820119,4899038.176450272
93.13036899820119,4899038.209223534
93.1403689982012,4899038.241599423
93.1503689982012,4899038.274769575
93.1603689982012,4899038.307234944
93.17036899820121,4899038.339170529
93.18036899820122,4899038.3705157
93.19036899820122,4899038.403194079
93.20036899820123,4899038.434577192
93.21036899820123,4899038.465625184
93.22036899820124,4899038.49777394
93.23036899820124,4899038.52925234
93.24036899820125,4899038.560869895
93.25036899820125,4899038.593085342
93.26036899820126,4899038.625011531
93.27036899820126,4899038.656287019
93.28036899820127,4899038.689194526
93.29036899820127,4899038.722782186
93.30036899820128,4899038.754309456
93.31036899820128,4899038.787875767
93.32036899820129,4899038.820463799
93.3303689982013,4899038.851622895
93.3403689982013,4899038.88313324
93.3503689982013,4899038.915134296
93.36036899820131,4899038.946335222
93.37036899820131,4899038.979976922
93.38036899820132,4899039.013026884
93.39036899820132,4899039.044854998
93.40036899820133,4899039.076469711
93.41036899820133,4899039.108951467
93.42036899820134,4899039.142119791
93.43036899820135,4899039.175073529
93.44036899820135,4899039.206611179
93.45036899820136,4899039.238812137
93.46036899820136,4899039.270186139
93.47036899820137,4899039.302073915
93.48036899820137,4899039.335621026
93.49036899820138,4899039.36825818
93.50036899820138,4899039.400861048
93.51036899820139,4899039.436142249
93.52036899820139,4899039.469517166
93.5303689982014,4899039.501787463
93.5403689982014,4899039.534084964
93.5503689982014,4899039.567278789
93.56036899820141,4899039.599172364
93.57036899820142,4899039.63105369
93.58036899820142,4899039.662968778
93.59036899820143,4899039.694925057
93.60036899820143,4899039.726806997
93.61036899820144,4899039.758348024
93.62036899820144,4899039.792767638
93.63036899820145,4899039.825730195
93.64036899820145,4899039.858159884
93.65036899820146,4899039.889416044
93.66036899820146,4899039.921455985
93.67036899820147,4899039.953198789
93.68036899820147,4899039.987028047
93.69036899820148,4899040.019900824
93.70036899820148,4899040.051344363
93.71036899820149,4899040.08246406
93.7203689982015,4899040.114439653
93.7303689982015,4899040.146589885
93.7403689982015,4899040.178187054
93.75036899820151,4899040.210958547
93.76036899820151,4899040.245507004
93.77036899820152,4899040.278014874
93.78036899820152,4899040.310894566
93.79036899820153,4899040.342320194
93.80036899820153,4899040.374475548
93.81036899820154,4899040.405782231
93.82036899820154,4899040.437326151
93.83036899820155,4899040.468862013
93.84036899820155,4899040.500916323
93.85036899820156,4899040.531955942
93.86036899820157,4899040.563312282
93.87036899820157,4899040.596101332
93.88036899820158,4899040.628124025
93.89036899820158,4899040.659620053
93.90036899820159,4899040.692866002
93.91036899820159,4899040.72505891
93.9203689982016,4899040.756756981
93.9303689982016,4899040.78884137
93.9403689982016,4899040.820820994
93.95036899820161,4899040.853165694
93.96036899820162,4899040.884290814
93.97036899820162,4899040.916065581
93.98036899820163,4899040.949085165
93.99036899820163,4899040.983805441
94.00036899820164,4899041.017915021
94.01036899820164,4899041.049842902
94.02036899820165,4899041.082012448
94.03036899820165,4899041.114331914
94.04036899820166,4899041.146465441
94.05036899820166,4899041.17867486
94.06036899820167,4899041.212371284
94.07036899820167,4899041.245347848
94.08036899820168,4899041.277930479
94.09036899820168,4899041.31048106
94.10036899820169,4899041.343742588
94.1103689982017,4899041.376091432
94.1203689982017,4899041.407676789
94.1303689982017,4899041.440264717
94.14036899820171,4899041.472173965
94.15036899820171,4899041.504534105
94.16036899820172,4899041.5362602
94.17036899820172,4899041.569980132
94.18036899820173,4899041.601848367
94.19036899820173,4899041.635053324
94.20036899820174,4899041.668078593
94.21036899820174,4899041.702231963
94.22036899820175,4899041.734675941
94.23036899820175,4899041.768098306
94.24036899820176,4899041.800922808
94.25036899820176,4899041.833517693
94.26036899820177,4899041.86544195
94.27036899820177,4899041.897707467
94.28036899820178,4899041.930673552
94.29036899820179,4899041.962511172
94.30036899820179,4899041.996754294
94.3103689982018,4899042.029754968
94.3203689982018,4899042.061635305
94.3303689982018,4899042.093966104
94.34036899820181,4899042.126473873
94.35036899820182,4899042.158913238
94.36036899820182,4899042.191181376
94.37036899820183,4899042.22350181
94.38036899820183,4899042.255717068
94.39036899820184,4899042.287922013
94.40036899820184,4899042.320936725
94.41036899820185,4899042.352500022
94.42036899820185,4899042.38454171
94.43036899820186,4899042.41664718
94.44036899820186,4899042.449522099
94.45036899820187,4899042.481353969
94.46036899820187,4899042.513613663
94.47036899820188,4899042.54583922
94.48036899820188,4899042.577433311
94.49036899820189,4899042.609800652
94.50036899820189,4899042.642365282
94.5103689982019,4899042.674912143
94.5203689982019,4899042.706976559
94.53036899820191,4899042.739227521
94.54036899820191,4899042.770844624
94.55036899820192,4899042.803060761
94.56036899820192,4899042.83533391
94.57036899820193,4899042.867916584
94.58036899820193,4899042.900043282
94.59036899820194,4899042.9325078
94.60036899820194,4899042.965348977
94.61036899820195,4899042.999114711
94.62036899820195,4899043.032558551
94.63036899820196,4899043.065402435
94.64036899820196,4899043.098156389
94.65036899820197,4899043.131194285
94.66036899820197,4899043.163710948
94.67036899820198,4899043.195906442
94.68036899820198,4899043.228277402
94.69036899820199,4899043.260492735
94.700368998202,4899043.292399265
94.710368998202,4899043.324275471
94.720368998202,4899043.358299017
94.73036899820201,4899043.390384799
94.74036899820202,4899043.423131455
94.75036899820202,4899043.455571715
94.76036899820203,4899043.487977123
94.77036899820203,4899043.520648025
94.78036899820204,4899043.555082104
94.79036899820204,4899043.589307105
94.80036899820205,4899043.62232473
94.81036899820205,4899043.655074909
94.82036899820206,4899043.688079637
94.83036899820206,4899043.721430301
94.84036899820207,4899043.75388933
94.85036899820207,4899043.785285738
94.86036899820208,4899043.817588252
94.87036899820208,4899043.849978895
94.88036899820209,4899043.882570248
94.89036899820209,4899043.914895085
94.9003689982021,4899043.947803212
94.9103689982021,4899043.98169575
94.92036899820211,4899044.015466534
94.93036899820211,4899044.047206611
94.94036899820212,4899044.079299224
94.95036899820212,4899044.111921957
94.96036899820213,4899044.145272986
94.97036899820213,4899044.177090678
94.98036899820214,4899044.209481667
94.99036899820214,4899044.241582423
95.00036899820215,4899044.273413548
95.01036899820215,4899044.305371129
95.02036899820216,4899044.337544715
95.03036899820216,4899044.370301735
95.04036899820217,4899044.402338198
95.05036899820217,4899044.43476753
95.06036899820218,4899044.466618148
95.07036899820218,4899044.498735791
95.08036899820219,4899044.530566131
95.0903689982022,4899044.562485803
95.1003689982022,4899044.594693781
95.1103689982022,4899044.627368748
95.12036899820221,4899044.659669051
95.13036899820221,4899044.692127835
95.14036899820222,4899044.724514281
95.15036899820223,4899044.75636945
95.16036899820223,4899044.788061103
95.17036899820224,4899044.820832268
95.18036899820224,4899044.853285613
95.19036899820225,4899044.885817563
95.20036899820225,4899044.918165876
95.21036899820226,4899044.949848597
95.22036899820226,4899044.98377898
95.23036899820227,4899045.018353968
95.24036899820227,4899045.050316903
95.25036899820228,4899045.082697178
95.26036899820228,4899045.114864686
95.27036899820229,4899045.147865883
95.28036899820229,4899045.180245367
95.2903689982023,4899045.212682712
95.3003689982023,4899045.244529691
95.3103689982023,4899045.276944809
95.32036899820231,4899045.312061195
95.33036899820232,4899045.345652057
95.34036899820232,4899045.379931327
95.35036899820233,4899045.41244257
95.36036899820233,4899045.445192928
95.37036899820234,4899045.477503607
95.38036899820234,4899045.510095075
95.39036899820235,4899045.542834022
95.40036899820235,4899045.577725372
95.41036899820236,4899045.610616754
95.42036899820236,4899045.643294727
95.43036899820237,4899045.676125346
95.44036899820237,4899045.708371145
95.45036899820238,4899045.740526185
95.46036899820238,4899045.772843285
95.47036899820239,4899045.804822052
95.4803689982024,4899045.836774623
95.4903689982024,4899045.869603075
95.5003689982024,4899045.902076413
95.51036899820241,4899045.934419571
95.52036899820241,4899045.969621028
95.53036899820242,4899046.00339801
95.54036899820242,4899046.036441775
95.55036899820243,4899046.068742352
95.56036899820243,4899046.101027392
95.57036899820244,4899046.134122733
95.58036899820245,4899046.166021143
95.59036899820245,4899046.198495169
95.60036899820246,4899046.230369629
95.61036899820246,4899046.262377278
95.62036899820247,4899046.294728298
95.63036899820247,4899046.326696855
95.64036899820248,4899046.358325804
95.65036899820248,4899046.390513365
95.66036899820249,4899046.422730636
95.67036899820249,4899046.455029752
95.6803689982025,4899046.487076912
95.6903689982025,4899046.51980419
95.7003689982025,4899046.551651956
95.71036899820251,4899046.583707136
95.72036899820252,4899046.615800102
95.73036899820252,4899046.648281051
95.74036899820253,4899046.680522881
95.75036899820253,4899046.71303189
95.76036899820254,4899046.745294023
95.77036899820254,4899046.777674159
95.78036899820255,4899046.809920991
95.79036899820255,4899046.842238904
95.80036899820256,4899046.875700916
95.81036899820256,4899046.908532224
95.82036899820257,4899046.940596228
95.83036899820257,4899046.975542684
95.84036899820258,4899047.0113718
95.85036899820258,4899047.044848466
95.86036899820259,4899047.077405561
95.8703689982026,4899047.109975014
95.8803689982026,4899047.143244445
95.8903689982026,4899047.175708649
95.90036899820261,4899047.207822071
95.91036899820261,4899047.240130386
95.92036899820262,4899047.27234412
95.93036899820262,4899047.304567057
95.94036899820263,4899047.336946484
95.95036899820263,4899047.370700602
95.96036899820264,4899047.40367066
95.97036899820264,4899047.436048239
95.98036899820265,4899047.46817639
95.99036899820265,4899047.502344805
96.00036899820266,4899047.535656334
96.01036899820267,4899047.569312822
96.02036899820267,4899047.601783374
96.03036899820268,4899047.634329355
96.04036899820268,4899047.666853449
96.05036899820269,4899047.699701372
96.06036899820269,4899047.731942909
96.0703689982027,4899047.765234463
96.0803689982027,4899047.79992763
96.0903689982027,4899047.832513443
96.10036899820271,4899047.864284231
96.11036899820272,4899047.897406303
96.12036899820272,4899047.929546532
96.13036899820273,4899047.961801213
96.14036899820273,4899047.996622394
96.15036899820274,4899048.029823837
96.16036899820274,4899048.062295512
96.17036899820275,4899048.095246483
96.18036899820275,4899048.128363017
96.19036899820276,4899048.160596252
96.20036899820276,4899048.19286985
96.21036899820277,4899048.225566186
96.22036899820277,4899048.257908913
96.23036899820278,4899048.290051498
96.24036899820278,4899048.321923595
96.25036899820279,4899048.353086312
96.2603689982028,4899048.38497933
96.2703689982028,4899048.416709165
96.2803689982028,4899048.448550198
96.29036899820281,4899048.480270075
96.30036899820281,4899048.512193013
96.31036899820282,4899048.54396557
96.32036899820282,4899048.576159977
96.33036899820283,4899048.607459605
96.34036899820283,4899048.638974487
96.35036899820284,4899048.670595138
96.36036899820284,4899048.702622057
96.37036899820285,4899048.734523715
96.38036899820285,4899048.765838778
96.39036899820286,4899048.797529737
96.40036899820286,4899048.829943438
96.41036899820287,4899048.861692618
96.42036899820287,4899048.895244046
96.43036899820288,4899048.928338575
96.44036899820289,4899048.960312621
96.45036899820289,4899048.995403831
96.4603689982029,4899049.028556009
96.4703689982029,4899049.06026411
96.4803689982029,4899049.091994553
96.49036899820291,4899049.124972336
96.50036899820292,4899049.156505175
96.51036899820292,4899049.188720152
96.52036899820293,4899049.220780785
96.53036899820293,4899049.252892461
96.54036899820294,4899049.285463203
96.55036899820294,4899049.317295704
96.56036899820295,4899049.350076034
96.57036899820295,4899049.383592045
96.58036899820296,4899049.415543133
96.59036899820296,4899049.447559422
96.60036899820297,4899049.480655761
96.61036899820297,4899049.513684067
96.62036899820298,4899049.545840813
96.63036899820298,4899049.580025019
96.64036899820299,4899049.612693295
96.65036899820299,4899049.644936569
96.660368998203,4899049.677898743
96.670368998203,4899049.710070991
96.68036899820301,4899049.742767035
96.69036899820301,4899049.775347694
96.70036899820302,4899049.80699203
96.71036899820302,4899049.839654913
96.72036899820303,4899049.871412204
96.73036899820303,4899049.904165482
96.74036899820304,4899049.936176937
96.75036899820304,4899049.968468017
96.76036899820305,4899050.002566611
96.77036899820305,4899050.035114454
96.78036899820306,4899050.067527162
96.79036899820306,4899050.099844016
96.80036899820307,4899050.133272019
96.81036899820307,4899050.164356977
96.82036899820308,4899050.196402656
96.83036899820308,4899050.229140228
96.84036899820309,4899050.260893825
96.8503689982031,4899050.294032518
96.8603689982031,4899050.326718483
96.8703689982031,4899050.358971546
96.88036899820311,4899050.391531994
96.89036899820312,4899050.424421135
96.90036899820312,4899050.456749285
96.91036899820313,4899050.489801095
96.92036899820313,4899050.522723448
96.93036899820314,4899050.554928747
96.94036899820314,4899050.587325095
96.95036899820315,4899050.62036129
96.96036899820315,4899050.652684737
96.97036899820316,4899050.685392595
96.98036899820316,4899050.718090336
96.99036899820317,4899050.750768578
97.00036899820317,4899050.783694046
97.01036899820318,4899050.816278127
97.02036899820318,4899050.84867074
97.03036899820319,4899050.88119062
97.04036899820319,4899050.914689681
97.0503689982032,4899050.947549083
97.0603689982032,4899050.98175055
97.07036899820321,4899051.016713667
97.08036899820321,4899051.049917102
97.09036899820322,4899051.083066863
97.10036899820322,4899051.116217623
97.11036899820323,4899051.149595227
97.12036899820323,4899051.18207114
97.13036899820324,4899051.21535365
97.14036899820324,4899051.247783373
97.15036899820325,4899051.280236802
97.16036899820325,4899051.312825453
97.17036899820326,4899051.345332711
97.18036899820326,4899051.379827012
97.19036899820327,4899051.41281865
97.20036899820327,4899051.445565309
97.21036899820328,4899051.478689324
97.22036899820328,4899051.511972563
97.23036899820329,4899051.545097459
97.2403689982033,4899051.579382451
97.2503689982033,4899051.612473142
97.2603689982033,4899051.645438917
97.27036899820331,4899051.678365492
97.28036899820331,4899051.711611312
97.29036899820332,4899051.744383751
97.30036899820333,4899051.777218301
97.31036899820333,4899051.809794876
97.32036899820334,4899051.842272404
97.33036899820334,4899051.874800302
97.34036899820335,4899051.90814472
97.35036899820335,4899051.941372694
97.36036899820336,4899051.976126445
97.37036899820336,4899052.010720749
97.38036899820337,4899052.044021046
97.39036899820337,4899052.07663788
97.40036899820338,4899052.110119862
97.41036899820338,4899052.14399023
97.42036899820339,4899052.176864012
97.43036899820339,4899052.209932031
97.4403689982034,4899052.243213227
97.4503689982034,4899052.276154521
97.4603689982034,4899052.309297034
97.47036899820341,4899052.342325451
97.48036899820342,4899052.375192375
97.49036899820342,4899052.408191963
97.50036899820343,4899052.441105875
97.51036899820343,4899052.474778916
97.52036899820344,4899052.507771025
97.53036899820344,4899052.540710925
97.54036899820345,4899052.573237136
97.55036899820345,4899052.606081365
97.56036899820346,4899052.639411592
97.57036899820346,4899052.671707993
97.58036899820347,4899052.704868349
97.59036899820347,4899052.737655823
97.60036899820348,4899052.77008889
97.61036899820348,4899052.803484627
97.62036899820349,4899052.836400378
97.6303689982035,4899052.868834083
97.6403689982035,4899052.901830712
97.6503689982035,4899052.935431
97.66036899820351,4899052.970049217
97.67036899820351,4899053.005363755
97.68036899820352,4899053.039481265
97.69036899820352,4899053.072853414
97.70036899820353,4899053.108045191
97.71036899820353,4899053.143523588
97.72036899820354,4899053.177238254
97.73036899820355,4899053.211842384
97.74036899820355,4899053.245918122
97.75036899820356,4899053.279024469
97.76036899820356,4899053.312160983
97.77036899820357,4899053.345330786
97.78036899820357,4899053.380270977
97.79036899820358,4899053.4134423
97.80036899820358,4899053.446601601
97.81036899820359,4899053.479682967
97.82036899820359,4899053.512968393
97.8303689982036,4899053.546304506
97.8403689982036,4899053.581151978
97.8503689982036,4899053.614574355
97.86036899820361,4899053.648242111
97.87036899820362,4899053.682378417
97.88036899820362,4899053.716149364
97.89036899820363,4899053.749496643
97.90036899820363,4899053.782651331
97.91036899820364,4899053.81589585
97.92036899820364,4899053.848798191
97.93036899820365,4899053.881610041
97.94036899820365,4899053.914844639
97.95036899820366,4899053.948174782
97.96036899820366,4899053.984539275
97.97036899820367,4899054.019844849
97.98036899820367,4899054.053320637
97.99036899820368,4899054.086292745
98.00036899820368,4899054.120320967
98.01036899820369,4899054.154042343
98.0203689982037,4899054.18723193
98.0303689982037,4899054.220719979
98.0403689982037,4899054.253372068
98.05036899820371,4899054.286425559
98.06036899820371,4899054.319695269
98.07036899820372,4899054.354136677
98.08036899820372,4899054.387994203
98.09036899820373,4899054.421294454
98.10036899820373,4899054.454681209
98.11036899820374,4899054.487875286
98.12036899820374,4899054.52187279
98.13036899820375,4899054.555072992
98.14036899820375,4899054.588414065
98.15036899820376,4899054.622096898
98.16036899820377,4899054.655156979
98.17036899820377,4899054.688298296
98.18036899820378,4899054.721630001
98.19036899820378,4899054.754680938
98.20036899820379,4899054.788100264
98.21036899820379,4899054.821520127
98.2203689982038,4899054.85507775
98.2303689982038,4899054.88822565
98.2403689982038,4899054.921896273
98.25036899820381,4899054.955688001
98.26036899820382,4899054.991912988
98.27036899820382,4899055.027201682
98.28036899820383,4899055.060645917
98.29036899820383,4899055.093908677
98.30036899820384,4899055.128151677
98.31036899820384,4899055.161682664
98.32036899820385,4899055.194898489
98.33036899820385,4899055.228914292
98.34036899820386,4899055.262111772
98.35036899820386,4899055.295688322
98.36036899820387,4899055.329316939
98.37036899820387,4899055.363941382
98.38036899820388,4899055.398378186
98.39036899820388,4899055.432428781
98.40036899820389,4899055.466647757
98.4103689982039,4899055.500519461
98.4203689982039,4899055.534526473
98.4303689982039,4899055.569809846
98.44036899820391,4899055.603873513
98.45036899820391,4899055.637718822
98.46036899820392,4899055.671083274
98.47036899820392,4899055.704675534
98.48036899820393,4899055.738419996
98.49036899820393,4899055.77192507
98.50036899820394,4899055.805847099
98.51036899820394,4899055.839595775
98.52036899820395,4899055.873008274
98.53036899820395,4899055.906717768
98.54036899820396,4899055.940711068
98.55036899820396,4899055.97727282
98.56036899820397,4899056.014343524
98.57036899820397,4899056.049469845
98.58036899820398,4899056.083249568
98.59036899820399,4899056.117779176
98.60036899820399,4899056.15239279
98.610368998204,4899056.1860497
98.620368998204,4899056.220171602
98.630368998204,4899056.253714235
98.64036899820401,4899056.287130679
98.65036899820402,4899056.321334125
98.66036899820402,4899056.355086136
98.67036899820403,4899056.388549918
98.68036899820403,4899056.422440099
98.69036899820404,4899056.456425986
98.70036899820404,4899056.490209358
98.71036899820405,4899056.524681989
98.72036899820405,4899056.558522125
98.73036899820406,4899056.592356625
98.74036899820406,4899056.626834489
98.75036899820407,4899056.660719363
98.76036899820407,4899056.694921531
98.77036899820408,4899056.729113032
98.78036899820408,4899056.762679891
98.79036899820409,4899056.796562514
98.80036899820409,4899056.8303465
98.8103689982041,4899056.863850877
98.8203689982041,4899056.897727258
98.83036899820411,4899056.931402118
98.84036899820411,4899056.966954664
98.85036899820412,4899057.005014762
98.86036899820412,4899057.04094131
98.87036899820413,4899057.074797711
98.88036899820413,4899057.109457695
98.89036899820414,4899057.144549651
98.90036899820414,4899057.178865813
98.91036899820415,4899057.213358773
98.92036899820415,4899057.247150854
98.93036899820416,4899057.280947313
98.94036899820416,4899057.314935137
98.95036899820417,4899057.349254111
98.96036899820417,4899057.384892268
98.97036899820418,4899057.419110576
98.98036899820418,4899057.45323422
98.99036899820419,4899057.487377685
99.0003689982042,4899057.521886766
99.0103689982042,4899057.557023329
99.0203689982042,4899057.591825916
99.03036899820421,4899057.626535361
99.04036899820422,4899057.660490022
99.05036899820422,4899057.694669301
99.06036899820423,4899057.728782605
99.07036899820423,4899057.762453663
99.08036899820424,4899057.796480929
99.09036899820424,4899057.830386796
99.10036899820425,4899057.86325867
99.11036899820425,4899057.897128529
99.12036899820426,4899057.930849104
99.13036899820426,4899057.964551955
99.14036899820427,4899058.001151322
99.15036899820427,4899058.036832035
99.16036899820428,4899058.071066304
99.17036899820428,4899058.10571528
99.18036899820429,4899058.141339815
99.19036899820429,4899058.174775476
99.2003689982043,4899058.208454544
99.2103689982043,4899058.242246736
99.22036899820431,4899058.275490639
99.23036899820431,4899058.309190185
99.24036899820432,4899058.34281472
99.25036899820432,4899058.376058124
99.26036899820433,4899058.409536693
99.27036899820433,4899058.443075471
99.28036899820434,4899058.476282073
99.29036899820434,4899058.509799842
99.30036899820435,4899058.543760047
99.31036899820435,4899058.577037922
99.32036899820436,4899058.611007874
99.33036899820436,4899058.644757237
99.34036899820437,4899058.678403726
99.35036899820437,4899058.712069927
99.36036899820438,4899058.74604601
99.37036899820438,4899058.779363013
99.38036899820439,4899058.813258711
99.3903689982044,4899058.846999087
99.4003689982044,4899058.880224886
99.4103689982044,4899058.914205107
99.42036899820441,4899058.947684622
99.43036899820441,4899058.983241122
99.44036899820442,4899059.019090843
99.45036899820442,4899059.054006361
99.46036899820443,4899059.088152426
99.47036899820444,4899059.122413933
99.48036899820444,4899059.156484994
99.49036899820445,4899059.189831166
99.50036899820445,4899059.223658475
99.51036899820446,4899059.258481118
99.52036899820446,4899059.293085003
99.53036899820447,4899059.328048856
99.54036899820447,4899059.363361657
99.55036899820448,4899059.398421393
99.56036899820448,4899059.433082106
99.57036899820449,4899059.467153597
99.58036899820449,4899059.50072571
99.5903689982045,4899059.535102793
99.6003689982045,4899059.570072248
99.6103689982045,4899059.604149855
99.62036899820451,4899059.638165863
99.63036899820452,4899059.671510139
99.64036899820452,4899059.705077765
99.65036899820453,4899059.738822395
99.66036899820453,4899059.772315295
99.67036899820454,4899059.80605396
99.68036899820454,4899059.839628302
99.69036899820455,4899059.872618504
99.70036899820455,4899059.906100374
99.71036899820456,4899059.939708669
99.72036899820456,4899059.97425619
99.73036899820457,4899060.009769971
99.74036899820457,4899060.044576215
99.75036899820458,4899060.078505135
99.76036899820458,4899060.113468799
99.77036899820459,4899060.148393596
99.7803689982046,4899060.181792945
99.7903689982046,4899060.215671661
99.8003689982046,4899060.249361069
99.81036899820461,4899060.282878857
99.82036899820461,4899060.316837066
99.83036899820462,4899060.350527766
99.84036899820462,4899060.384240707
99.85036899820463,4899060.418088471
99.86036899820463,4899060.451806208
99.87036899820464,4899060.488693927
99.88036899820464,4899060.523665877
99.89036899820465,4899060.557738963
99.90036899820466,4899060.591246639
99.91036899820466,4899060.625405031
99.92036899820467,4899060.659095346
99.93036899820467,4899060.69220307
99.94036899820468,4899060.725942757
99.95036899820468,4899060.759416475
99.96036899820469,4899060.793062219
99.97036899820469,4899060.826983524
99.9803689982047,4899060.86059519
99.9903689982047,4899060.893918491
100.0,4899060.927728289
