# Blender 4.2.0
# www.blender.org
mtllib bolt.mtl
o bolt
v 0.000015 0.012000 0.000720
v 0.000015 0.012000 0.003910
v 0.000015 0.012000 0.006932
v 0.000015 0.012000 0.009603
v 0.000015 0.012000 0.011815
v 0.000015 0.012000 0.013649
v 0.000015 0.012000 0.015280
v -0.001148 0.011943 0.015280
v 0.001202 0.011941 0.015280
v 0.001467 0.011901 0.013894
v 0.001598 0.011882 0.011797
v -0.001653 0.011871 0.011756
v 0.002079 0.011815 0.002387
v -0.002093 0.011809 0.013614
v 0.002465 0.011746 0.015280
v -0.002454 0.011742 0.015280
v 0.002594 0.011708 0.006987
v 0.002597 0.011707 0.009302
v -0.002592 0.011701 0.003933
v -0.002606 0.011698 0.007055
v -0.002718 0.011672 0.009664
v 0.002887 0.011639 0.004578
v 0.002909 0.011634 0.014126
v 0.003282 0.011546 0.011219
v -0.003604 0.011430 0.011880
v -0.003688 0.011412 0.000720
v 0.003719 0.011412 0.000720
v 0.003779 0.011381 0.012996
v 0.003948 0.011335 0.015280
v -0.003941 0.011316 0.013737
v -0.003978 0.011313 0.015280
v 0.000015 0.011280 -0.000000
v 0.000015 0.011280 0.016000
v 0.001928 0.011117 0.016000
v -0.001920 0.011112 0.016000
v 0.004867 0.010962 0.014140
v -0.004895 0.010935 0.005846
v 0.005050 0.010881 0.003028
v 0.005084 0.010866 0.010641
v -0.005053 0.010866 0.008477
v 0.005094 0.010861 0.005941
v 0.005115 0.010852 0.008441
v -0.005209 0.010797 0.003008
v 0.003503 0.010727 -0.000000
v -0.003473 0.010726 0.000000
v 0.003556 0.010709 0.016000
v -0.005421 0.010693 0.010743
v -0.003583 0.010690 0.016000
v -0.005591 0.010598 0.012956
v 0.005632 0.010593 0.012507
v 0.005673 0.010581 0.015280
v -0.005666 0.010568 0.015280
v 0.006535 0.010064 0.014009
v 0.005206 0.010012 0.016000
v -0.005208 0.009995 0.016000
v -0.006904 0.009800 0.000720
v 0.006949 0.009789 0.000720
v -0.006960 0.009751 0.005021
v -0.007087 0.009665 0.007442
v 0.007125 0.009660 0.010221
v 0.007172 0.009628 0.005232
v 0.007176 0.009625 0.002990
v 0.007197 0.009610 0.007711
v -0.007338 0.009475 0.012525
v 0.007418 0.009440 0.015280
v -0.007386 0.009435 0.009902
v -0.007397 0.009432 0.015280
v 0.007468 0.009393 0.012533
v -0.006482 0.009220 0.000000
v 0.006544 0.009198 -0.000000
v -0.007834 0.009064 0.002658
v 0.006755 0.009045 0.016000
v -0.006729 0.009041 0.016000
v -0.008458 0.008479 0.013960
v -0.008771 0.008166 0.011204
v -0.008799 0.008138 0.007798
v 0.008877 0.008091 0.010310
v 0.008880 0.008087 0.007635
v 0.000041 0.008082 -0.000000
v 0.008906 0.008058 0.002740
v -0.008880 0.008052 0.004797
v -0.007960 0.007977 0.016000
v 0.008016 0.007952 0.016000
v 0.009016 0.007925 0.012765
v 0.000015 0.007900 0.016000
v 0.000015 0.007900 0.018306
v 0.000015 0.007900 0.018444
v 0.000015 0.007900 0.020306
v 0.000015 0.007900 0.020444
v 0.000015 0.007900 0.022306
v 0.000015 0.007900 0.022444
v 0.000015 0.007900 0.024306
v 0.000015 0.007900 0.024444
v 0.000015 0.007900 0.026306
v 0.000015 0.007900 0.026444
v 0.000015 0.007900 0.028306
v 0.000015 0.007900 0.028444
v 0.000015 0.007900 0.030306
v 0.000015 0.007900 0.030444
v 0.000015 0.007900 0.032306
v 0.000015 0.007900 0.032444
v 0.000015 0.007900 0.034306
v 0.000015 0.007900 0.034444
v 0.000015 0.007900 0.036306
v 0.000015 0.007900 0.036444
v 0.000015 0.007900 0.038306
v 0.000015 0.007900 0.038444
v 0.000015 0.007900 0.016442
v -0.000070 0.007899 0.016246
v 0.000229 0.007897 0.016433
v 0.000167 0.007897 0.016179
v -0.000202 0.007896 0.016451
v -0.000273 0.007892 0.016191
v 0.000391 0.007889 0.016221
v -0.000346 0.007888 0.016000
v -0.000443 0.007886 0.016461
v 0.009049 0.007885 0.005118
v 0.000455 0.007885 0.016000
v 0.000477 0.007882 0.016433
v -0.000574 0.007877 0.016215
v 0.000660 0.007873 0.016181
v -0.000682 0.007867 0.016000
v 0.000745 0.007866 0.032413
v 0.000754 0.007865 0.032276
v 0.000774 0.007863 0.028411
v -0.000747 0.007863 0.016474
v 0.000790 0.007862 0.020411
v -0.000759 0.007862 0.018476
v -0.000759 0.007862 0.020340
v 0.000790 0.007862 0.024274
v 0.000790 0.007862 0.022411
v 0.000790 0.007862 0.024411
v 0.000790 0.007862 0.022274
v 0.000787 0.007862 0.028274
v -0.000759 0.007862 0.022476
v -0.000759 0.007861 0.020476
v -0.000759 0.007861 0.034476
v -0.000759 0.007861 0.018340
v -0.000759 0.007861 0.034340
v -0.000759 0.007861 0.022340
v 0.000790 0.007861 0.034274
v 0.000790 0.007861 0.036411
v 0.000790 0.007861 0.036274
v 0.000790 0.007861 0.020274
v -0.000764 0.007861 0.038476
v -0.000771 0.007861 0.036340
v 0.000802 0.007861 0.038274
v 0.000798 0.007861 0.030274
v -0.000771 0.007860 0.024476
v -0.000771 0.007860 0.028476
v -0.000771 0.007860 0.024340
v -0.000771 0.007860 0.036476
v -0.000771 0.007860 0.038340
v -0.000771 0.007860 0.028340
v 0.000802 0.007860 0.034410
v 0.000802 0.007860 0.026410
v 0.000802 0.007860 0.026274
v -0.000782 0.007859 0.030477
v -0.000783 0.007859 0.026477
v -0.000783 0.007859 0.026341
v -0.000783 0.007859 0.030341
v 0.000811 0.007859 0.030410
v -0.000797 0.007858 0.032478
v -0.000798 0.007858 0.032341
v 0.000827 0.007858 0.016433
v 0.000824 0.007858 0.038409
v 0.000881 0.007852 0.018271
v 0.000903 0.007850 0.018406
v -0.000875 0.007850 0.016221
v 0.000917 0.007848 0.016000
v 0.001080 0.007827 0.016214
v -0.001089 0.007822 0.016000
v -0.001139 0.007815 0.016490
v -0.001209 0.007804 0.016234
v 0.001343 0.007786 0.016433
v 0.001418 0.007771 0.016000
v -0.000515 0.007760 0.016535
v 0.001531 0.007752 0.032379
v 0.001542 0.007750 0.032243
v -0.001526 0.007748 0.018507
v -0.001526 0.007748 0.020373
v -0.001526 0.007748 0.022373
v -0.001525 0.007748 0.034373
v -0.001525 0.007748 0.018373
v -0.001526 0.007748 0.034507
v -0.001526 0.007748 0.020507
v -0.001526 0.007748 0.022508
v 0.001556 0.007748 0.022243
v 0.001557 0.007748 0.020378
v 0.001556 0.007747 0.022378
v 0.001557 0.007747 0.024243
v 0.001556 0.007747 0.024378
v 0.001556 0.007747 0.036378
v 0.001556 0.007747 0.020243
v 0.001556 0.007747 0.034243
v 0.001556 0.007747 0.036243
v -0.001536 0.007746 0.038508
v -0.001537 0.007746 0.032373
v 0.001564 0.007746 0.028377
v -0.001538 0.007746 0.024508
v -0.001540 0.007745 0.024373
v -0.000127 0.007743 0.016536
v -0.001550 0.007743 0.032508
v -0.001550 0.007743 0.028374
v -0.001550 0.007743 0.036374
v -0.001550 0.007743 0.028508
v -0.001550 0.007743 0.036508
v -0.001550 0.007743 0.038374
v 0.001578 0.007743 0.028242
v 0.001580 0.007743 0.034376
v 0.001581 0.007743 0.038242
v 0.001580 0.007743 0.030376
v 0.001580 0.007743 0.030242
v 0.001580 0.007743 0.038376
v 0.001581 0.007742 0.026376
v 0.001581 0.007742 0.026242
v -0.001570 0.007739 0.030509
v -0.001574 0.007738 0.026375
v -0.001573 0.007738 0.026509
v -0.001573 0.007738 0.030375
v -0.001604 0.007732 0.016000
v -0.001634 0.007725 0.016510
v 0.001670 0.007725 0.018238
v 0.001693 0.007720 0.018372
v 0.000085 0.007712 0.016547
v 0.000782 0.007706 0.016498
v -0.000300 0.007684 0.016575
v 0.000561 0.007660 0.016544
v 0.000315 0.007653 0.016567
v 0.001971 0.007651 0.016433
v 0.001992 0.007647 0.016000
v -0.000825 0.007591 0.016628
v -0.002227 0.007575 0.016000
v -0.002241 0.007571 0.016537
v -0.000084 0.007569 0.016634
v 0.002307 0.007560 0.032346
v -0.002278 0.007560 0.018404
v 0.002308 0.007560 0.022211
v 0.002308 0.007560 0.022346
v 0.002308 0.007560 0.020211
v -0.002277 0.007560 0.034404
v 0.002309 0.007560 0.036211
v 0.002309 0.007560 0.024211
v 0.002309 0.007560 0.024346
v 0.002309 0.007560 0.036346
v 0.002309 0.007560 0.020346
v -0.002277 0.007559 0.018540
v -0.002278 0.007559 0.034540
v -0.002278 0.007559 0.020404
v -0.002278 0.007559 0.022404
v -0.002278 0.007559 0.020540
v -0.002278 0.007559 0.022540
v 0.002318 0.007557 0.032210
v 0.002320 0.007556 0.034210
v -0.002293 0.007555 0.038540
v -0.002293 0.007555 0.032405
v -0.002303 0.007552 0.032541
v 0.000015 0.007551 0.040105
v 0.002339 0.007550 0.028345
v 0.002340 0.007550 0.026345
v -0.000457 0.007550 0.016656
v 0.002344 0.007549 0.030209
v 0.002344 0.007549 0.030345
v 0.002344 0.007549 0.038345
v -0.002313 0.007549 0.028405
v 0.002344 0.007549 0.034345
v 0.002344 0.007549 0.038209
v -0.002312 0.007548 0.036405
v -0.002313 0.007548 0.028541
v -0.002313 0.007548 0.036541
v -0.002313 0.007548 0.024405
v -0.002313 0.007548 0.024541
v -0.002313 0.007548 0.038405
v 0.002347 0.007548 0.026209
v 0.002352 0.007546 0.028209
v -0.002343 0.007540 0.030543
v -0.002346 0.007538 0.026543
v -0.002347 0.007538 0.030407
v -0.002348 0.007538 0.026407
v 0.000821 0.007534 0.040086
v 0.002431 0.007522 0.018205
v 0.002455 0.007513 0.018340
v 0.001245 0.007511 0.016553
v -0.000785 0.007480 0.040125
v 0.002634 0.007453 0.016000
v 0.002634 0.007453 0.016433
v 0.000135 0.007452 0.016695
v 0.001655 0.007427 0.040066
v 0.000486 0.007426 0.016682
v -0.009419 0.007410 0.015280
v 0.009453 0.007405 0.015280
v 0.000844 0.007402 0.016664
v -0.000206 0.007390 0.016741
v 0.009473 0.007381 0.000720
v -0.001092 0.007357 0.016756
v -0.009478 0.007337 0.000720
v -0.001625 0.007331 0.016736
v -0.002924 0.007330 0.016000
v -0.002933 0.007329 0.016568
v 0.000448 0.007325 0.038748
v 0.000419 0.007325 0.030751
v -0.001573 0.007324 0.040144
v -0.000628 0.007323 0.016785
v -0.002956 0.007320 0.016433
v -0.000441 0.007307 0.032795
v 0.003034 0.007300 0.024178
v 0.003038 0.007299 0.034178
v 0.003038 0.007299 0.022317
v -0.003008 0.007299 0.034433
v 0.003038 0.007299 0.020178
v 0.003039 0.007298 0.036317
v -0.003007 0.007298 0.018433
v 0.003038 0.007298 0.022178
v 0.003038 0.007298 0.036178
v -0.003008 0.007298 0.022572
v 0.003039 0.007298 0.020317
v -0.003007 0.007298 0.034572
v -0.003007 0.007298 0.018572
v -0.003008 0.007298 0.020572
v -0.003008 0.007298 0.022433
v -0.003008 0.007298 0.020433
v 0.003052 0.007292 0.024317
v -0.003027 0.007290 0.038573
v 0.003060 0.007289 0.034317
v 0.003065 0.007287 0.032316
v -0.003037 0.007285 0.032434
v 0.003075 0.007283 0.032176
v -0.003045 0.007282 0.032574
v -0.003045 0.007282 0.038434
v 0.003084 0.007280 0.030316
v -0.003053 0.007280 0.028435
v 0.003083 0.007279 0.030176
v 0.003084 0.007279 0.038316
v -0.003053 0.007279 0.028574
v -0.003053 0.007279 0.036574
v -0.003053 0.007279 0.036435
v 0.003084 0.007279 0.038176
v 0.003084 0.007279 0.026176
v 0.003084 0.007279 0.026316
v -0.003056 0.007277 0.024435
v 0.003090 0.007276 0.028315
v -0.003063 0.007275 0.024575
v -0.000275 0.007271 0.017961
v 0.003103 0.007271 0.028175
v -0.000382 0.007269 0.030817
v -0.000329 0.007269 0.027963
v 0.000122 0.007266 0.023936
v 0.000365 0.007265 0.029929
v 0.000471 0.007264 0.025928
v -0.000208 0.007264 0.031952
v -0.003091 0.007263 0.030576
v 0.000091 0.007261 0.037935
v -0.003095 0.007261 0.026576
v -0.003098 0.007261 0.030436
v -0.003098 0.007260 0.026436
v -0.000518 0.007255 0.037970
v 0.000321 0.007254 0.027923
v -0.000336 0.007252 0.022826
v -0.000272 0.007252 0.033949
v -0.000720 0.007248 0.026831
v 0.000524 0.007247 0.028784
v 0.000354 0.007244 0.033917
v -0.000248 0.007244 0.038832
v 0.000005 0.007244 0.019929
v 0.000401 0.007242 0.017915
v -0.000360 0.007241 0.020833
v 0.003175 0.007240 0.018172
v -0.000507 0.007240 0.023961
v -0.000678 0.007238 0.035976
v -0.000077 0.007234 0.035928
v -0.000281 0.007231 0.029938
v 0.003198 0.007230 0.018311
v -0.000342 0.007230 0.024838
v 0.000433 0.007230 0.031908
v 0.000573 0.007229 0.035907
v -0.000198 0.007229 0.025931
v 0.000708 0.007229 0.019909
v 0.001101 0.007228 0.018734
v -0.000389 0.007228 0.034843
v -0.000641 0.007228 0.019967
v -0.000606 0.007227 0.018843
v 0.000097 0.007226 0.026827
v 0.000327 0.007225 0.018812
v 0.001816 0.007223 0.016622
v 0.000564 0.007223 0.022794
v 0.002495 0.007221 0.040046
v -0.000523 0.007221 0.036845
v 0.000526 0.007220 0.036801
v 0.000721 0.007219 0.021903
v -0.000342 0.007218 0.028846
v 0.000499 0.007215 0.020804
v 0.000412 0.007215 0.032815
v -0.000005 0.007212 0.021911
v 0.000463 0.007209 0.034811
v 0.000475 0.007207 0.024811
v -0.000960 0.007203 0.027988
v -0.000895 0.007202 0.033979
v -0.000829 0.007201 0.031971
v -0.000934 0.007199 0.029982
v -0.001119 0.007196 0.028849
v 0.000958 0.007196 0.027894
v 0.000717 0.007195 0.023887
v 0.001076 0.007194 0.017897
v -0.000851 0.007192 0.025969
v 0.001223 0.007191 0.024737
v -0.000885 0.007187 0.017970
v 0.000190 0.007180 0.016847
v 0.000983 0.007177 0.033883
v 0.001210 0.007177 0.035893
v 0.003320 0.007174 0.016000
v 0.003331 0.007170 0.016433
v 0.001086 0.007167 0.026769
v 0.001135 0.007166 0.016759
v -0.000750 0.007166 0.021942
v 0.000670 0.007162 0.037868
v 0.001299 0.007162 0.037889
v 0.001189 0.007160 0.032759
v -0.001135 0.007158 0.022870
v 0.001118 0.007157 0.038770
v 0.001086 0.007156 0.031876
v -0.001153 0.007156 0.023987
v -0.001235 0.007154 0.034864
v 0.001003 0.007151 0.029869
v -0.001071 0.007150 0.038875
v -0.001162 0.007149 0.037984
v 0.001336 0.007148 0.023883
v 0.001723 0.007144 0.030684
v -0.000257 0.007144 0.016885
v 0.001176 0.007140 0.025872
v -0.001146 0.007138 0.020882
v 0.002516 0.007127 0.033998
v -0.001824 0.007123 0.020840
v 0.001612 0.007122 0.033888
v -0.001123 0.007121 0.024892
v 0.000621 0.007120 0.016847
v -0.001301 0.007118 0.019987
v -0.001390 0.007118 0.022000
v -0.001791 0.007114 0.024847
v -0.001440 0.007114 0.032877
v 0.001325 0.007113 0.034765
v -0.001358 0.007111 0.036884
v 0.001082 0.007109 0.030802
v -0.001435 0.007107 0.026881
v -0.001296 0.007102 0.035977
v 0.001608 0.007102 0.029876
v 0.001412 0.007102 0.021861
v 0.002095 0.007097 0.021923
v 0.001422 0.007095 0.022761
v -0.001426 0.007094 0.030889
v -0.001467 0.007091 0.025998
v -0.001475 0.007091 0.017999
v 0.001339 0.007089 0.028779
v -0.002340 0.007087 0.040163
v -0.001522 0.007085 0.034003
v 0.001701 0.007084 0.031874
v -0.001446 0.007083 0.031990
v 0.001487 0.007082 0.019857
v 0.001501 0.007080 0.036756
v 0.002576 0.007078 0.034544
v -0.001566 0.007076 0.028006
v -0.001571 0.007074 0.030006
v 0.001674 0.007072 0.017866
v 0.001551 0.007069 0.027853
v 0.000338 0.007064 0.039815
v 0.001406 0.007055 0.020787
v -0.001608 0.007052 0.018897
v -0.000515 0.007047 0.039853
v -0.001812 0.007044 0.038032
v -0.001801 0.007044 0.024030
v 0.001125 0.007043 0.039811
v 0.001882 0.007042 0.026711
v 0.001800 0.007031 0.035853
v -0.001836 0.007009 0.022902
v 0.001880 0.007008 0.018728
v -0.003630 0.007006 0.016000
v 0.001874 0.007001 0.038732
v 0.004057 0.007000 -0.000000
v -0.004026 0.007000 0.000000
v 0.000016 0.007000 0.001083
v 0.004057 0.007000 0.003500
v -0.004026 0.007000 0.003500
v 0.000016 0.007000 0.004222
v 0.004057 0.007000 0.007000
v -0.004026 0.007000 0.007000
v 0.000016 0.007000 0.007361
v 0.004057 0.007000 0.010500
v 0.000015 0.007000 0.010500
v -0.004026 0.007000 0.010500
v -0.001948 0.006996 0.020032
v 0.001876 0.006996 0.032738
v 0.001895 0.006996 0.037844
v -0.003661 0.006990 0.016433
v -0.003671 0.006986 0.016463
v -0.001932 0.006984 0.036022
v -0.001872 0.006983 0.028911
v 0.001930 0.006979 0.025838
v 0.001955 0.006979 0.023840
v -0.003687 0.006978 0.016602
v 0.001885 0.006969 0.024751
v -0.003708 0.006967 0.034604
v 0.003739 0.006967 0.020146
v 0.003740 0.006967 0.036290
v -0.003709 0.006967 0.022604
v 0.003739 0.006967 0.022290
v 0.003739 0.006967 0.022146
v -0.003708 0.006967 0.018604
v -0.003708 0.006967 0.034460
v 0.003739 0.006966 0.024146
v 0.003739 0.006966 0.036146
v -0.003708 0.006966 0.018460
v 0.003739 0.006966 0.024290
v 0.003739 0.006966 0.020290
v -0.003709 0.006966 0.020604
v -0.003709 0.006966 0.022461
v -0.003709 0.006966 0.020461
v -0.003662 0.006957 0.016446
v -0.003731 0.006954 0.038605
v 0.003768 0.006951 0.034145
v -0.002062 0.006950 0.032030
v -0.003738 0.006950 0.032462
v 0.003770 0.006950 0.032288
v -0.002020 0.006949 0.022021
v 0.008903 0.006945 -0.000000
v -0.003748 0.006945 0.032606
v 0.003781 0.006944 0.032144
v -0.003753 0.006943 0.038462
v 0.003786 0.006941 0.034288
v -0.002088 0.006939 0.026029
v -0.003762 0.006938 0.028606
v 0.003793 0.006938 0.030288
v 0.003793 0.006938 0.030144
v -0.003762 0.006938 0.024606
v -0.003763 0.006938 0.028463
v 0.003793 0.006937 0.038144
v -0.003762 0.006937 0.024463
v -0.003763 0.006937 0.036606
v 0.003793 0.006937 0.026144
v -0.003763 0.006937 0.036463
v 0.003794 0.006937 0.038287
v 0.003794 0.006937 0.026288
v 0.003270 0.006937 0.040026
v -0.002061 0.006936 0.038918
v -0.001254 0.006931 0.016992
v -0.000626 0.006929 0.017014
v 0.003810 0.006928 0.028287
v -0.003781 0.006928 0.030607
v -0.002096 0.006926 0.018024
v -0.002150 0.006923 0.034034
v 0.000015 0.006923 0.040545
v 0.003823 0.006921 0.028143
v -0.003801 0.006917 0.030464
v 0.002043 0.006916 0.034748
v 0.001515 0.006914 0.016843
v -0.002147 0.006914 0.034918
v -0.002226 0.006912 0.026908
v -0.003813 0.006910 0.026609
v 0.002168 0.006910 0.027826
v -0.003817 0.006908 0.026465
v -0.002163 0.006908 0.028029
v 0.002213 0.006908 0.022718
v -0.002477 0.006906 0.016876
v -0.001390 0.006905 0.039883
v 0.002171 0.006905 0.028725
v -0.001912 0.006905 0.016950
v 0.001796 0.006904 0.039780
v -0.002180 0.006902 0.030029
v -0.000042 0.006896 0.017023
v -0.002094 0.006896 0.036937
v 0.002212 0.006895 0.029823
v 0.003873 0.006894 0.018140
v 0.003893 0.006882 0.018283
v -0.008922 0.006882 0.000000
v 0.002224 0.006879 0.017815
v 0.002200 0.006877 0.019812
v -0.002292 0.006873 0.030923
v 0.002397 0.006872 0.035836
v 0.002277 0.006872 0.031819
v -0.003134 0.006863 0.016784
v 0.001130 0.006861 0.040524
v -0.000696 0.006858 0.040563
v 0.002209 0.006855 0.020744
v -0.002426 0.006841 0.038051
v 0.002502 0.006837 0.037833
v -0.002401 0.006834 0.024042
v 0.000419 0.006832 0.017030
v 0.001932 0.006825 0.040425
v 0.004006 0.006818 0.016000
v -0.002555 0.006817 0.036069
v 0.002546 0.006815 0.023827
v 0.002394 0.006814 0.030725
v -0.002390 0.006813 0.024943
v -0.002467 0.006809 0.018933
v 0.002496 0.006807 0.016705
v 0.002425 0.006805 0.036723
v 0.001042 0.006804 0.016977
v 0.002547 0.006802 0.024698
v 0.002106 0.006801 0.033757
v 0.004033 0.006797 0.016433
v -0.002632 0.006795 0.022076
v -0.002559 0.006795 0.020058
v -0.002569 0.006791 0.022927
v -0.009865 0.006788 0.014051
v -0.002373 0.006782 0.020964
v 0.002605 0.006780 0.025818
v 0.002530 0.006776 0.026714
v 0.002650 0.006771 0.021819
v -0.003079 0.006770 0.040180
v 0.002522 0.006770 0.032721
v -0.002533 0.006765 0.032946
v -0.002686 0.006763 0.026073
v -0.002638 0.006760 0.032060
v -0.009884 0.006760 0.009530
v 0.002707 0.006754 0.038682
v -0.009030 0.006739 0.016000
v -0.001456 0.006731 0.040567
v 0.002800 0.006727 0.018673
v 0.009070 0.006726 0.016000
v -0.002689 0.006724 0.028942
v 0.002771 0.006718 0.027811
v -0.002714 0.006715 0.018055
v -0.002772 0.006711 0.028068
v 0.002335 0.006698 0.039729
v -0.002789 0.006690 0.030062
v 0.002819 0.006681 0.019799
v -0.002855 0.006678 0.036937
v -0.002773 0.006678 0.034052
v -0.002234 0.006657 0.039912
v 0.001963 0.006656 0.016903
v 0.002830 0.006656 0.017787
v 0.002866 0.006655 0.029795
v 0.003354 0.006643 0.034565
v 0.003138 0.006641 0.032628
v 0.002875 0.006636 0.031785
v -0.002925 0.006635 0.038948
v 0.002752 0.006635 0.033761
v 0.000449 0.006622 0.040745
v -0.002992 0.006620 0.024080
v 0.003076 0.006613 0.028658
v -0.003031 0.006612 0.024943
v -0.003074 0.006608 0.030932
v 0.002075 0.006607 0.021644
v -0.004316 0.006606 0.016000
v 0.000015 0.006601 0.023194
v 0.000015 0.006601 0.019194
v 0.000015 0.006601 0.027194
v 0.000015 0.006601 0.033194
v 0.000015 0.006601 0.023556
v 0.000015 0.006601 0.025556
v 0.000016 0.006601 0.031194
v 0.000015 0.006601 0.033557
v 0.000016 0.006601 0.035194
v 0.000015 0.006601 0.021557
v 0.000014 0.006601 0.029557
v 0.000016 0.006601 0.031556
v 0.000015 0.006601 0.029194
v 0.000014 0.006601 0.039556
v 0.000016 0.006601 0.019556
v 0.000016 0.006601 0.035556
v 0.000015 0.006601 0.021194
v 0.000015 0.006601 0.025194
v 0.000015 0.006601 0.039194
v 0.000016 0.006601 0.027556
v -0.000013 0.006601 0.037558
v -0.000020 0.006601 0.017558
v -0.000027 0.006601 0.037196
v 0.002964 0.006600 0.035782
v -0.000064 0.006600 0.017196
v 0.003190 0.006597 0.024635
v -0.003007 0.006595 0.038072
v -0.002993 0.006593 0.034958
v 0.003043 0.006593 0.022675
v -0.003095 0.006591 0.026939
v 0.003007 0.006587 0.020689
v -0.004348 0.006585 0.016433
v -0.004359 0.006578 0.016493
v 0.003997 0.006577 0.040009
v 0.002806 0.006571 0.040393
v -0.004373 0.006569 0.034490
v -0.004373 0.006569 0.034632
v -0.004373 0.006569 0.018632
v -0.004374 0.006568 0.018490
v 0.004405 0.006568 0.036118
v -0.004374 0.006568 0.022632
v 0.004404 0.006568 0.024118
v 0.004404 0.006568 0.024260
v -0.004374 0.006568 0.020632
v -0.004374 0.006568 0.022490
v 0.004404 0.006568 0.020118
v 0.004404 0.006568 0.022260
v 0.004404 0.006568 0.020260
v -0.004374 0.006568 0.020490
v 0.004405 0.006568 0.036260
v 0.004411 0.006564 0.022118
v 0.000721 0.006563 0.017155
v 0.002789 0.006560 0.034762
v 0.000770 0.006557 0.017519
v -0.000771 0.006554 0.035597
v -0.000774 0.006553 0.037597
v -0.000780 0.006553 0.031233
v -0.000780 0.006553 0.033233
v -0.000780 0.006553 0.025598
v -0.000780 0.006553 0.031598
v -0.000779 0.006553 0.027597
v 0.000810 0.006553 0.021517
v 0.000810 0.006553 0.039153
v 0.000810 0.006553 0.037153
v 0.000812 0.006553 0.035153
v 0.000810 0.006553 0.021153
v -0.000780 0.006553 0.019597
v 0.000810 0.006553 0.025153
v 0.000810 0.006553 0.029517
v 0.000810 0.006553 0.039517
v 0.000811 0.006553 0.029153
v -0.000780 0.006553 0.023598
v -0.000780 0.006553 0.027233
v 0.000811 0.006553 0.033153
v 0.000811 0.006553 0.023153
v 0.000810 0.006553 0.033517
v 0.000810 0.006553 0.037517
v -0.000780 0.006553 0.033598
v -0.000781 0.006553 0.021598
v -0.000781 0.006553 0.039597
v -0.000781 0.006553 0.039233
v 0.000811 0.006553 0.031153
v -0.000780 0.006553 0.023233
v -0.000780 0.006553 0.019233
v 0.000811 0.006553 0.023517
v -0.000780 0.006552 0.029233
v 0.000811 0.006552 0.031517
v 0.000811 0.006552 0.025517
v -0.000781 0.006552 0.029598
v -0.000781 0.006552 0.021233
v -0.000781 0.006552 0.025233
v 0.000812 0.006552 0.035517
v 0.000818 0.006552 0.019152
v -0.000793 0.006551 0.037234
v -0.000793 0.006551 0.035234
v 0.000830 0.006550 0.027152
v -0.000805 0.006550 0.017599
v 0.000837 0.006550 0.027516
v 0.000845 0.006549 0.019515
v -0.004406 0.006546 0.038634
v -0.004408 0.006546 0.032491
v -0.000851 0.006544 0.017235
v 0.002888 0.006543 0.039736
v 0.004445 0.006541 0.034116
v 0.003214 0.006538 0.025800
v 0.003197 0.006538 0.021795
v -0.004420 0.006537 0.032634
v -0.004423 0.006535 0.038492
v 0.004459 0.006531 0.032258
v 0.003056 0.006531 0.037763
v 0.004462 0.006529 0.034258
v -0.003107 0.006528 0.020065
v -0.004435 0.006527 0.024635
v 0.004466 0.006527 0.030115
v -0.004435 0.006527 0.024493
v -0.004435 0.006527 0.028635
v 0.004465 0.006527 0.038115
v -0.004435 0.006527 0.028493
v 0.004466 0.006527 0.026115
v 0.004466 0.006527 0.026257
v -0.004435 0.006527 0.036493
v 0.004466 0.006527 0.030257
v -0.004435 0.006527 0.036635
v 0.004466 0.006527 0.038257
v -0.004328 0.006526 0.016458
v 0.004468 0.006525 0.032115
v 0.003287 0.006521 0.033806
v 0.003259 0.006519 0.026651
v -0.003082 0.006519 0.036053
v 0.003080 0.006510 0.023756
v 0.004491 0.006510 0.028256
v -0.003168 0.006504 0.022071
v -0.003144 0.006504 0.020975
v -0.002231 0.006503 0.040574
v 0.004503 0.006502 0.028114
v -0.003207 0.006495 0.022966
v -0.004486 0.006491 0.030637
v -0.003199 0.006488 0.032072
v -0.004491 0.006488 0.026637
v -0.004494 0.006485 0.030496
v -0.004496 0.006485 0.016500
v -0.004495 0.006485 0.026496
v -0.004502 0.006480 0.016637
v 0.004542 0.006473 0.018112
v -0.003211 0.006472 0.026068
v -0.003198 0.006471 0.018982
v 0.003347 0.006471 0.027793
v -0.003295 0.006464 0.018088
v 0.004561 0.006460 0.018253
v 0.003392 0.006456 0.030646
v 0.003386 0.006450 0.019791
v 0.003393 0.006436 0.017785
v -0.010106 0.006436 0.011735
v -0.003405 0.006434 0.032954
v 0.001500 0.006431 0.017115
v 0.003987 0.006423 0.033927
v 0.001545 0.006421 0.017481
v 0.003379 0.006419 0.036668
v -0.003413 0.006416 0.028963
v -0.001542 0.006414 0.033271
v -0.001548 0.006413 0.021271
v 0.001591 0.006410 0.023113
v 0.001594 0.006409 0.039478
v -0.001563 0.006409 0.027637
v 0.001594 0.006409 0.039113
v 0.001594 0.006409 0.037113
v 0.001594 0.006409 0.029478
v 0.001595 0.006409 0.019113
v 0.001594 0.006409 0.021113
v -0.001564 0.006409 0.019637
v -0.001564 0.006409 0.029272
v -0.001564 0.006409 0.023638
v 0.001595 0.006409 0.029113
v -0.001564 0.006409 0.035272
v 0.001595 0.006409 0.027113
v 0.001595 0.006409 0.025113
v 0.001594 0.006409 0.033478
v 0.001595 0.006409 0.033113
v -0.001564 0.006409 0.031638
v -0.001564 0.006409 0.025638
v 0.001595 0.006409 0.021478
v -0.001564 0.006409 0.031272
v 0.001595 0.006409 0.031113
v -0.001565 0.006409 0.039637
v -0.001564 0.006409 0.033638
v -0.001564 0.006409 0.027272
v 0.001595 0.006409 0.037478
v -0.001564 0.006409 0.023272
v -0.001564 0.006409 0.019272
v 0.001596 0.006409 0.035478
v -0.001565 0.006409 0.037638
v 0.001595 0.006409 0.031478
v -0.001565 0.006409 0.029638
v 0.001596 0.006409 0.035113
v -0.001565 0.006409 0.021638
v -0.001565 0.006409 0.025272
v 0.001595 0.006409 0.025478
v 0.001595 0.006409 0.019478
v -0.001565 0.006409 0.039272
v -0.001565 0.006409 0.037272
v 0.001596 0.006409 0.027478
v 0.003434 0.006409 0.031780
v 0.001606 0.006406 0.023478
v -0.001578 0.006406 0.035638
v -0.002894 0.006405 0.017081
v -0.003389 0.006405 0.034087
v -0.001584 0.006404 0.017639
v -0.003351 0.006401 0.030073
v -0.003348 0.006397 0.028071
v 0.003547 0.006394 0.018628
v -0.001632 0.006392 0.017274
v 0.004663 0.006386 0.016000
v -0.003779 0.006376 0.040197
v 0.004694 0.006364 0.016433
v -0.010159 0.006358 0.004648
v 0.003483 0.006349 0.038668
v 0.003516 0.006345 0.029766
v -0.003010 0.006331 0.039938
v 0.002165 0.006328 0.040708
v 0.003671 0.006315 0.023788
v 0.003607 0.006301 0.035767
v 0.003730 0.006298 0.032615
v 0.010230 0.006295 0.008596
v -0.003551 0.006292 0.038083
v -0.010205 0.006284 0.007238
v -0.003616 0.006284 0.036981
v 0.003658 0.006282 0.037768
v -0.003640 0.006277 0.016978
v 0.000015 0.006273 0.041000
v -0.003653 0.006266 0.036104
v 0.003440 0.006265 0.039705
v -0.003521 0.006261 0.024058
v -0.003645 0.006254 0.020095
v -0.003671 0.006254 0.024983
v -0.003799 0.006245 0.026956
v 0.010259 0.006244 0.013111
v -0.003758 0.006242 0.030966
v -0.003696 0.006234 0.038986
v 0.003682 0.006234 0.020663
v -0.003816 0.006221 0.022962
v 0.000795 0.006221 0.041000
v -0.000771 0.006221 0.041000
v 0.003718 0.006217 0.021750
v 0.003268 0.006206 0.016803
v 0.002266 0.006205 0.017077
v -0.003753 0.006202 0.026106
v -0.002983 0.006191 0.040576
v 0.002306 0.006190 0.017441
v -0.003773 0.006190 0.032106
v -0.003709 0.006187 0.022084
v 0.003800 0.006187 0.028643
v -0.003775 0.006186 0.034990
v 0.003535 0.006185 0.040409
v 0.003742 0.006184 0.025739
v -0.002300 0.006181 0.021673
v 0.003785 0.006174 0.034657
v -0.002325 0.006172 0.019675
v 0.002355 0.006172 0.021076
v -0.002325 0.006172 0.019312
v 0.002356 0.006172 0.029076
v 0.002356 0.006172 0.037438
v 0.002355 0.006172 0.039438
v 0.002355 0.006172 0.029438
v -0.002323 0.006172 0.027674
v 0.002356 0.006172 0.021438
v 0.002356 0.006172 0.025076
v 0.002355 0.006172 0.039076
v -0.002324 0.006172 0.035312
v -0.002326 0.006172 0.039674
v -0.002325 0.006172 0.027312
v -0.002325 0.006172 0.023312
v 0.002356 0.006172 0.033076
v 0.002355 0.006172 0.033438
v -0.002325 0.006171 0.033312
v -0.002325 0.006171 0.031312
v -0.002325 0.006171 0.025312
v -0.002325 0.006171 0.029312
v -0.002325 0.006171 0.023675
v -0.002325 0.006171 0.025675
v 0.002356 0.006171 0.027076
v 0.002356 0.006171 0.031438
v 0.002356 0.006171 0.037076
v -0.002325 0.006171 0.031675
v 0.002356 0.006171 0.023076
v 0.002356 0.006171 0.025438
v -0.002326 0.006171 0.037312
v -0.002326 0.006171 0.039312
v 0.002356 0.006171 0.019076
v -0.002325 0.006171 0.033675
v 0.002356 0.006171 0.035438
v 0.002356 0.006171 0.019438
v 0.002357 0.006171 0.027438
v 0.002356 0.006171 0.031076
v -0.002326 0.006171 0.037675
v 0.002357 0.006171 0.035076
v -0.002326 0.006171 0.029675
v -0.002331 0.006169 0.021312
v 0.002370 0.006167 0.023438
v -0.002339 0.006167 0.035675
v -0.002348 0.006162 0.017676
v -0.003842 0.006160 0.018116
v 0.003678 0.006155 0.024700
v -0.003908 0.006148 0.028134
v -0.002395 0.006145 0.017315
v -0.003912 0.006144 0.030133
v 0.004217 0.006136 0.024524
v 0.003943 0.006135 0.022621
v -0.004961 0.006134 0.016000
v 0.003847 0.006131 0.027740
v 0.004696 0.006129 0.039992
v 0.004029 0.006124 0.016672
v 0.003921 0.006117 0.017753
v -0.004992 0.006110 0.016525
v -0.004990 0.006110 0.016433
v -0.004996 0.006107 0.034522
v -0.004996 0.006107 0.034660
v -0.004996 0.006107 0.018660
v -0.004996 0.006107 0.018522
v -0.004997 0.006107 0.022660
v -0.004997 0.006107 0.022522
v -0.004997 0.006106 0.020660
v 0.005027 0.006106 0.022090
v -0.004997 0.006106 0.020522
v 0.005027 0.006106 0.024228
v 0.005027 0.006106 0.024090
v 0.005027 0.006106 0.036090
v 0.005027 0.006106 0.020228
v 0.005027 0.006106 0.020090
v 0.005027 0.006106 0.036228
v 0.005027 0.006106 0.022228
v -0.003886 0.006106 0.021001
v 0.003910 0.006103 0.019744
v -0.005003 0.006101 0.016660
v -0.003876 0.006101 0.019006
v 0.005044 0.006092 0.034089
v 0.003942 0.006092 0.031746
v -0.005024 0.006083 0.038661
v 0.005062 0.006078 0.034226
v -0.005033 0.006077 0.032524
v 0.001564 0.006076 0.041000
v -0.001544 0.006073 0.041000
v -0.005040 0.006071 0.032662
v -0.005042 0.006068 0.038525
v -0.003967 0.006062 0.034116
v 0.005090 0.006055 0.032225
v -0.005062 0.006052 0.024526
v -0.005062 0.006052 0.024663
v -0.005063 0.006052 0.028526
v -0.005063 0.006052 0.028663
v 0.005094 0.006052 0.026087
v 0.005094 0.006052 0.030087
v 0.005094 0.006051 0.026224
v 0.005094 0.006051 0.038087
v 0.005094 0.006051 0.038224
v 0.005094 0.006051 0.030224
v 0.005099 0.006047 0.032087
v -0.005073 0.006043 0.036526
v 0.003659 0.006042 0.033645
v -0.005078 0.006038 0.036664
v 0.004112 0.006038 0.029768
v -0.004938 0.006034 0.016472
v -0.004033 0.006031 0.028999
v 0.005126 0.006024 0.028223
v -0.004058 0.006019 0.024127
v 0.005137 0.006014 0.028085
v 0.002920 0.006014 0.040711
v -0.005113 0.006009 0.030666
v -0.005118 0.006004 0.030529
v -0.005124 0.006000 0.026666
v 0.004071 0.005998 0.026639
v -0.005128 0.005996 0.026529
v 0.010400 0.005990 0.010794
v 0.010402 0.005987 0.006074
v 0.005175 0.005982 0.018083
v 0.004206 0.005980 0.037767
v -0.004099 0.005974 0.033006
v 0.004005 0.005973 0.039704
v -0.004071 0.005968 0.038110
v 0.005192 0.005967 0.018219
v -0.004206 0.005953 0.036152
v 0.004171 0.005938 0.036626
v 0.004131 0.005934 0.023723
v -0.004173 0.005925 0.020127
v -0.004264 0.005919 0.022158
v 0.004256 0.005918 0.020606
v 0.004228 0.005916 0.038615
v -0.004421 0.005914 0.040215
v 0.004140 0.005911 0.018650
v 0.002988 0.005893 0.017042
v 0.005285 0.005885 0.016000
v 0.004292 0.005882 0.033746
v 0.004274 0.005880 0.030614
v 0.004253 0.005877 0.021731
v 0.003026 0.005875 0.017402
v 0.004381 0.005874 0.034579
v 0.004270 0.005868 0.032621
v 0.004314 0.005863 0.025743
v 0.005310 0.005858 0.016433
v -0.004283 0.005855 0.026138
v -0.004296 0.005852 0.032141
v -0.003051 0.005845 0.027709
v 0.003082 0.005845 0.029399
v 0.003082 0.005845 0.039041
v -0.003052 0.005845 0.031351
v -0.003052 0.005845 0.023351
v -0.003051 0.005845 0.035351
v 0.003083 0.005845 0.023041
v 0.003081 0.005845 0.039399
v 0.003083 0.005845 0.037041
v 0.003082 0.005845 0.021041
v 0.003083 0.005845 0.031399
v -0.003052 0.005845 0.035709
v 0.003083 0.005845 0.031041
v 0.003083 0.005845 0.029041
v -0.003052 0.005845 0.025709
v -0.003052 0.005844 0.019709
v 0.003083 0.005844 0.027041
v -0.003052 0.005844 0.031709
v -0.003052 0.005844 0.023709
v 0.003083 0.005844 0.019041
v -0.003051 0.005844 0.027351
v -0.003052 0.005844 0.033351
v 0.003084 0.005844 0.019399
v 0.003083 0.005844 0.025041
v 0.003082 0.005844 0.033399
v -0.003053 0.005844 0.029709
v 0.003083 0.005844 0.033041
v 0.003082 0.005844 0.021399
v -0.003052 0.005844 0.033709
v -0.003052 0.005844 0.019351
v -0.003052 0.005844 0.029351
v -0.003053 0.005844 0.039709
v 0.003083 0.005844 0.037399
v 0.003083 0.005844 0.023399
v -0.003052 0.005844 0.025351
v -0.003052 0.005844 0.039351
v -0.003053 0.005844 0.037709
v 0.003084 0.005844 0.035041
v -0.003052 0.005844 0.037351
v 0.003083 0.005844 0.025399
v 0.003083 0.005844 0.035399
v 0.003083 0.005844 0.027399
v 0.002309 0.005838 0.041000
v -0.003065 0.005837 0.021352
v -0.003068 0.005836 0.017710
v -0.003071 0.005834 0.021710
v -0.002294 0.005831 0.041000
v 0.010490 0.005829 0.003201
v -0.004268 0.005816 0.017032
v -0.003110 0.005813 0.017353
v -0.004338 0.005804 0.039020
v -0.004346 0.005801 0.031017
v 0.004369 0.005791 0.027725
v -0.004361 0.005786 0.025018
v -0.004389 0.005785 0.037010
v -0.004336 0.005785 0.023028
v -0.004387 0.005778 0.018143
v -0.003683 0.005775 0.040590
v 0.004224 0.005759 0.040397
v 0.004451 0.005753 0.017733
v -0.004372 0.005753 0.030127
v -0.004376 0.005749 0.028126
v 0.004449 0.005741 0.019726
v -0.004388 0.005726 0.027038
v 0.004493 0.005724 0.035734
v -0.004460 0.005723 0.035020
v 0.004442 0.005716 0.031712
v 0.004519 0.005684 0.028604
v -0.004517 0.005672 0.034149
v -0.004584 0.005653 0.038167
v -0.010575 0.005642 0.015280
v 0.010606 0.005641 0.015280
v -0.004533 0.005627 0.024136
v -0.004547 0.005623 0.021038
v -0.004577 0.005616 0.019029
v 0.004552 0.005615 0.024622
v 0.005343 0.005610 0.039975
v -0.005548 0.005609 0.016688
v 0.004560 0.005604 0.029697
v 0.003596 0.005601 0.040733
v -0.005559 0.005596 0.016000
v -0.004593 0.005595 0.029034
v -0.005564 0.005593 0.016557
v 0.004507 0.005591 0.039673
v 0.005602 0.005586 0.020196
v -0.005570 0.005586 0.034555
v 0.005602 0.005586 0.022060
v 0.005602 0.005586 0.024196
v 0.005602 0.005586 0.024060
v -0.005571 0.005586 0.018690
v -0.005571 0.005586 0.034690
v 0.005602 0.005586 0.020060
v 0.005602 0.005586 0.036196
v -0.005571 0.005586 0.018555
v -0.005571 0.005586 0.022555
v 0.005602 0.005586 0.036060
v 0.005602 0.005586 0.022195
v -0.005571 0.005586 0.022690
v -0.005571 0.005586 0.020555
v -0.005571 0.005585 0.020690
v 0.004671 0.005574 0.023720
v -0.005584 0.005573 0.016433
v 0.004649 0.005572 0.016703
v 0.005627 0.005560 0.034059
v 0.004652 0.005552 0.037704
v -0.005608 0.005548 0.032557
v 0.005641 0.005546 0.034193
v -0.005610 0.005545 0.030692
v -0.005612 0.005544 0.038692
v 0.004705 0.005544 0.022588
v -0.005614 0.005541 0.030557
v -0.005616 0.005540 0.032692
v -0.004631 0.005530 0.020136
v 0.004785 0.005529 0.021738
v -0.005630 0.005526 0.038558
v -0.005639 0.005516 0.024559
v -0.005639 0.005516 0.024694
v 0.005671 0.005516 0.026057
v -0.005640 0.005515 0.036694
v -0.005639 0.005515 0.028559
v -0.005640 0.005515 0.036559
v -0.005639 0.005515 0.028694
v 0.005670 0.005515 0.038057
v 0.005670 0.005515 0.038191
v 0.005670 0.005515 0.026191
v 0.005670 0.005515 0.030057
v 0.005670 0.005515 0.030191
v 0.005675 0.005511 0.032191
v 0.003649 0.005510 0.017008
v 0.003017 0.005507 0.041000
v 0.004739 0.005505 0.020593
v 0.005683 0.005502 0.032056
v -0.003006 0.005495 0.041000
v -0.004703 0.005492 0.033046
v -0.004586 0.005491 0.036101
v -0.004729 0.005485 0.022157
v 0.005708 0.005477 0.028189
v -0.005500 0.005476 0.016486
v 0.003700 0.005476 0.017368
v -0.004767 0.005474 0.026168
v -0.004888 0.005469 0.016990
v 0.005718 0.005466 0.028054
v 0.004809 0.005461 0.025715
v 0.005727 0.005457 0.018053
v 0.004707 0.005454 0.033677
v -0.004784 0.005453 0.032167
v -0.005704 0.005450 0.026697
v -0.005209 0.005448 0.030346
v -0.005708 0.005445 0.026563
v 0.004798 0.005444 0.036591
v 0.005740 0.005443 0.018187
v 0.004833 0.005435 0.034583
v 0.003764 0.005433 0.039364
v 0.003764 0.005433 0.029364
v -0.003734 0.005433 0.035386
v -0.003734 0.005433 0.023386
v -0.003733 0.005433 0.027745
v -0.003734 0.005433 0.033386
v -0.003734 0.005433 0.027386
v -0.003734 0.005433 0.031386
v 0.003765 0.005432 0.037364
v 0.003765 0.005432 0.021364
v -0.003734 0.005432 0.019386
v 0.003765 0.005432 0.033364
v 0.003765 0.005432 0.031364
v 0.003764 0.005432 0.039005
v -0.003734 0.005432 0.029386
v 0.003765 0.005432 0.023364
v -0.003735 0.005432 0.025386
v 0.003765 0.005432 0.027005
v -0.003734 0.005432 0.035745
v 0.003765 0.005432 0.033005
v 0.003764 0.005432 0.021005
v -0.003735 0.005432 0.037386
v 0.003766 0.005432 0.035364
v -0.003734 0.005432 0.023745
v 0.003765 0.005432 0.029005
v 0.003765 0.005432 0.025005
v 0.003766 0.005432 0.025364
v 0.003765 0.005432 0.023005
v 0.003766 0.005432 0.019364
v 0.003765 0.005432 0.037005
v -0.003734 0.005432 0.025745
v -0.003734 0.005432 0.033745
v -0.003734 0.005432 0.019745
v 0.003766 0.005432 0.027364
v -0.003734 0.005432 0.031745
v -0.003735 0.005432 0.037745
v 0.003765 0.005432 0.031005
v 0.003765 0.005431 0.019005
v -0.003735 0.005431 0.039745
v 0.003766 0.005431 0.035005
v -0.003735 0.005431 0.021745
v -0.003735 0.005431 0.029745
v -0.003747 0.005424 0.039387
v -0.003746 0.005423 0.017746
v 0.004829 0.005419 0.038589
v 0.004860 0.005417 0.032575
v -0.003767 0.005409 0.021388
v -0.003783 0.005398 0.017388
v 0.004874 0.005397 0.027709
v -0.004763 0.005375 0.030129
v -0.004774 0.005369 0.031078
v -0.005027 0.005368 0.040235
v 0.004863 0.005366 0.018596
v 0.004910 0.005363 0.017706
v -0.004881 0.005348 0.018166
v 0.004873 0.005346 0.026599
v -0.004860 0.005341 0.039060
v -0.005290 0.005339 0.030902
v 0.004955 0.005332 0.031708
v -0.004892 0.005331 0.028164
v 0.004932 0.005330 0.019699
v -0.004938 0.005330 0.023038
v 0.005851 0.005321 0.016000
v -0.010740 0.005318 0.013269
v -0.000327 0.000295 0.041000
v 0.005876 0.005294 0.016433
v -0.004327 0.005293 0.040598
v 0.004991 0.005284 0.030574
v -0.005003 0.005234 0.034173
v 0.004996 0.005221 0.035673
v 0.004862 0.005220 0.040404
v 0.005068 0.005220 0.029699
v -0.009982 0.005218 0.016000
v 0.010013 0.005218 0.016000
v -0.005030 0.005216 0.024178
v -0.005064 0.005215 0.025044
v -0.005019 0.005212 0.038171
v -0.005113 0.005184 0.036203
v 0.004959 0.005176 0.039639
v -0.005954 0.005174 0.030578
v -0.005955 0.005172 0.030713
v -0.005046 0.005166 0.035069
v 0.004232 0.005157 0.040724
v 0.005124 0.005145 0.024571
v -0.005109 0.005127 0.020179
v 0.005155 0.005126 0.023690
v 0.005146 0.005123 0.028570
v -0.005155 0.005117 0.027052
v 0.005144 0.005108 0.037678
v -0.010839 0.005095 0.002764
v 0.003679 0.005091 0.041000
v -0.005178 0.005076 0.029058
v -0.003669 0.005071 0.041000
v 0.005225 0.005061 0.020557
v -0.005164 0.005061 0.021071
v 0.005166 0.005059 0.021665
v -0.005513 0.005040 0.030329
v -0.006069 0.005038 0.016720
v -0.005186 0.005036 0.037075
v 0.004284 0.005035 0.016971
v 0.005933 0.005026 0.039956
v -0.006084 0.005021 0.018721
v -0.006083 0.005020 0.016589
v -0.005189 0.005018 0.026174
v -0.005170 0.005016 0.022164
v 0.005271 0.005012 0.025686
v 0.006122 0.005012 0.022029
v -0.006091 0.005011 0.022587
v -0.006091 0.005011 0.034587
v -0.006091 0.005011 0.034722
v 0.006122 0.005011 0.020164
v 0.006122 0.005011 0.024164
v 0.006122 0.005011 0.024028
v -0.006091 0.005011 0.022722
v 0.006122 0.005011 0.020028
v 0.006122 0.005011 0.036164
v 0.006122 0.005011 0.036028
v -0.006091 0.005011 0.020587
v -0.006091 0.005011 0.020722
v 0.006122 0.005011 0.022164
v -0.006092 0.005009 0.018587
v 0.005253 0.005007 0.016704
v 0.005255 0.005001 0.033674
v -0.005177 0.004997 0.033096
v -0.006103 0.004993 0.016000
v -0.005225 0.004991 0.032180
v 0.005258 0.004990 0.034569
v 0.004338 0.004988 0.017333
v -0.006124 0.004971 0.032589
v 0.006156 0.004970 0.034026
v -0.005529 0.004970 0.016969
v 0.005307 0.004968 0.027680
v -0.005262 0.004964 0.019074
v -0.006126 0.004962 0.016433
v -0.006133 0.004961 0.032725
v 0.004375 0.004956 0.024967
v 0.006169 0.004953 0.034161
v -0.006142 0.004948 0.038725
v -0.004360 0.004941 0.027785
v 0.004392 0.004941 0.038965
v 0.004391 0.004941 0.039329
v 0.004391 0.004941 0.029329
v -0.004361 0.004941 0.033421
v -0.004362 0.004941 0.031785
v 0.004392 0.004941 0.022965
v 0.004392 0.004941 0.020965
v 0.004393 0.004941 0.033329
v -0.004361 0.004941 0.035421
v -0.004361 0.004941 0.023421
v 0.004392 0.004941 0.036965
v -0.004361 0.004941 0.025785
v 0.004392 0.004940 0.028965
v -0.004361 0.004940 0.031421
v 0.004392 0.004940 0.026965
v -0.004361 0.004940 0.035785
v -0.004361 0.004940 0.027421
v -0.004361 0.004940 0.019785
v -0.004362 0.004940 0.039421
v 0.004392 0.004940 0.032965
v -0.004361 0.004940 0.033785
v 0.004393 0.004940 0.034965
v -0.004362 0.004940 0.037421
v 0.004393 0.004940 0.030965
v 0.004392 0.004940 0.037329
v 0.004392 0.004940 0.021329
v -0.004362 0.004940 0.023785
v 0.004392 0.004940 0.031329
v -0.004361 0.004940 0.019421
v 0.004393 0.004940 0.027329
v -0.004362 0.004940 0.029421
v 0.004393 0.004940 0.025329
v 0.004392 0.004940 0.023329
v -0.004362 0.004940 0.037785
v 0.004393 0.004940 0.018965
v 0.004393 0.004940 0.035329
v -0.004362 0.004940 0.025421
v 0.004393 0.004940 0.019329
v -0.004362 0.004940 0.021785
v -0.004362 0.004940 0.021421
v -0.004362 0.004940 0.039785
v -0.004362 0.004940 0.029785
v -0.006155 0.004932 0.038591
v -0.004372 0.004931 0.017786
v 0.006190 0.004927 0.030159
v -0.006160 0.004926 0.024591
v -0.006160 0.004926 0.024726
v 0.006191 0.004925 0.030024
v -0.006161 0.004925 0.036726
v 0.006192 0.004925 0.026024
v -0.006161 0.004925 0.028591
v -0.006161 0.004925 0.036591
v 0.006191 0.004925 0.038159
v 0.006191 0.004925 0.038024
v -0.006161 0.004925 0.028726
v 0.006192 0.004925 0.026159
v 0.005319 0.004924 0.038566
v 0.005322 0.004918 0.022566
v 0.006199 0.004916 0.032159
v 0.005342 0.004916 0.036557
v 0.006207 0.004905 0.032023
v -0.005346 0.004903 0.039069
v -0.004404 0.004902 0.017423
v 0.005327 0.004900 0.017659
v 0.005408 0.004895 0.019689
v -0.005342 0.004893 0.018198
v 0.005414 0.004886 0.031687
v 0.006224 0.004884 0.018022
v 0.006232 0.004874 0.028156
v -0.005074 0.004868 0.030067
v 0.006239 0.004866 0.018156
v 0.006242 0.004862 0.028020
v -0.006012 0.004854 0.016500
v -0.005014 0.004848 0.017221
v -0.006224 0.004844 0.026731
v -0.006229 0.004838 0.026596
v -0.005388 0.004837 0.028200
v 0.005420 0.004831 0.032550
v -0.005177 0.004822 0.031171
v 0.005473 0.004812 0.018535
v -0.005429 0.004795 0.034203
v 0.005486 0.004788 0.035675
v 0.005480 0.004777 0.026543
v 0.005399 0.004771 0.039634
v -0.005560 0.004767 0.040255
v -0.005477 0.004761 0.038214
v -0.005474 0.004755 0.024210
v -0.004899 0.004747 0.040608
v -0.006300 0.004745 0.030600
v -0.006303 0.004741 0.030736
v -0.005472 0.004715 0.023095
v 0.005517 0.004714 0.029658
v 0.006360 0.004707 0.016000
v -0.005844 0.004691 0.030364
v -0.005534 0.004686 0.036215
v 0.005531 0.004681 0.040327
v -0.005546 0.004678 0.020217
v 0.006382 0.004677 0.016433
v 0.005553 0.004641 0.023643
v 0.005613 0.004630 0.021663
v 0.005579 0.004624 0.037646
v -0.005674 0.004605 0.033059
v -0.005598 0.004598 0.025091
v 0.004284 0.004596 0.041000
v 0.005616 0.004577 0.030544
v -0.004278 0.004571 0.041000
v 0.004950 0.004570 0.040679
v -0.005603 0.004558 0.022205
v -0.005604 0.004545 0.026201
v 0.005665 0.004530 0.024537
v -0.005670 0.004523 0.035093
v 0.005676 0.004516 0.028537
v 0.005642 0.004509 0.025627
v -0.005641 0.004504 0.032205
v 0.005691 0.004497 0.020535
v 0.005693 0.004491 0.033641
v 0.005690 0.004485 0.034543
v -0.005714 0.004479 0.031091
v -0.011111 0.004478 0.010375
v 0.005706 0.004472 0.027639
v -0.005720 0.004438 0.029103
v -0.005691 0.004434 0.027117
v 0.005763 0.004431 0.038525
v -0.005758 0.004429 0.018238
v -0.005823 0.004420 0.039066
v 0.011171 0.004412 0.012816
v 0.004935 0.004400 0.016971
v -0.005766 0.004397 0.021099
v -0.004910 0.004393 0.039823
v -0.006553 0.004389 0.022618
v 0.006583 0.004389 0.024132
v 0.006583 0.004389 0.023995
v 0.006583 0.004389 0.021995
v -0.006553 0.004389 0.018755
v -0.006553 0.004388 0.034755
v -0.006553 0.004388 0.022755
v -0.006553 0.004388 0.018618
v -0.006553 0.004388 0.034618
v 0.006583 0.004388 0.036132
v 0.006583 0.004388 0.035995
v 0.006584 0.004388 0.020132
v -0.006553 0.004388 0.020755
v 0.006584 0.004388 0.019995
v -0.006553 0.004388 0.020618
v -0.006553 0.004388 0.016755
v 0.006584 0.004388 0.022132
v 0.004949 0.004385 0.025292
v 0.006458 0.004384 0.039936
v -0.004923 0.004380 0.039459
v -0.004925 0.004378 0.027824
v 0.004955 0.004378 0.017291
v 0.004956 0.004378 0.039291
v 0.004956 0.004378 0.038926
v 0.004956 0.004378 0.029291
v 0.004956 0.004378 0.020926
v 0.004956 0.004378 0.022926
v -0.004925 0.004378 0.035459
v 0.004956 0.004377 0.036926
v 0.004956 0.004377 0.026926
v -0.004925 0.004377 0.031825
v 0.004956 0.004377 0.028926
v -0.004925 0.004377 0.019825
v 0.004956 0.004377 0.032926
v -0.004925 0.004377 0.033825
v -0.004925 0.004377 0.033459
v -0.004925 0.004377 0.035825
v -0.004925 0.004377 0.031459
v -0.004926 0.004377 0.023825
v -0.004926 0.004377 0.029459
v -0.004925 0.004377 0.027459
v 0.004957 0.004377 0.030926
v 0.004956 0.004377 0.037291
v 0.004957 0.004377 0.018926
v -0.004926 0.004377 0.037825
v -0.004925 0.004377 0.019459
v 0.004956 0.004377 0.021291
v 0.004956 0.004377 0.031291
v -0.004925 0.004377 0.037459
v 0.004956 0.004377 0.023291
v 0.004956 0.004377 0.033291
v 0.004957 0.004377 0.035291
v 0.004957 0.004377 0.034926
v -0.004926 0.004376 0.025459
v -0.004926 0.004376 0.021459
v -0.004926 0.004376 0.029825
v -0.004926 0.004376 0.021825
v 0.004957 0.004376 0.027291
v 0.004957 0.004376 0.019291
v 0.005755 0.004375 0.017622
v 0.004959 0.004374 0.024926
v -0.004928 0.004374 0.025825
v -0.004931 0.004371 0.017825
v 0.005803 0.004369 0.031640
v -0.006566 0.004369 0.016621
v -0.004936 0.004365 0.023460
v 0.005746 0.004358 0.019612
v -0.005499 0.004356 0.030089
v 0.005780 0.004351 0.036542
v 0.006613 0.004345 0.033993
v 0.005783 0.004344 0.016714
v -0.006585 0.004341 0.032620
v -0.006585 0.004338 0.016000
v -0.004964 0.004332 0.017462
v -0.006593 0.004329 0.032758
v 0.006627 0.004325 0.034129
v -0.006599 0.004320 0.030621
v -0.006600 0.004319 0.038759
v -0.006600 0.004318 0.030759
v 0.005840 0.004310 0.022524
v -0.006606 0.004306 0.016433
v -0.006612 0.004300 0.038622
v -0.005793 0.004294 0.034212
v 0.005815 0.004294 0.039617
v -0.005910 0.004287 0.024268
v -0.006620 0.004287 0.024761
v -0.006620 0.004286 0.024623
v -0.006621 0.004286 0.036623
v 0.006651 0.004286 0.037990
v -0.006621 0.004286 0.036761
v 0.006651 0.004286 0.038127
v -0.006621 0.004286 0.028623
v -0.006621 0.004286 0.028761
v 0.006651 0.004286 0.029990
v 0.006652 0.004286 0.025990
v 0.006651 0.004286 0.030127
v 0.006652 0.004285 0.026127
v 0.005866 0.004284 0.035636
v -0.006097 0.004278 0.030360
v -0.011194 0.004275 0.007704
v -0.005807 0.004267 0.037130
v -0.005861 0.004265 0.028239
v 0.006666 0.004263 0.017989
v 0.006668 0.004260 0.032126
v 0.006673 0.004252 0.031988
v 0.005940 0.004247 0.026495
v 0.006678 0.004245 0.018125
v -0.005860 0.004235 0.038228
v 0.005877 0.004226 0.032531
v 0.005929 0.004223 0.029640
v 0.011246 0.004221 0.000720
v 0.006693 0.004221 0.028124
v -0.011218 0.004215 0.000720
v -0.005877 0.004212 0.017121
v 0.006700 0.004208 0.027986
v -0.006451 0.004193 0.016513
v -0.006682 0.004189 0.026765
v -0.005916 0.004183 0.020240
v -0.006686 0.004182 0.026628
v -0.005917 0.004182 0.036240
v 0.006011 0.004181 0.037661
v 0.005957 0.004173 0.018506
v 0.005971 0.004168 0.023639
v -0.005405 0.004148 0.040613
v 0.011272 0.004136 0.008042
v 0.005990 0.004129 0.021634
v -0.005951 0.004119 0.019125
v -0.006030 0.004108 0.040274
v -0.005990 0.004087 0.022249
v -0.006001 0.004082 0.026252
v -0.006971 0.004064 0.000000
v 0.006047 0.004058 0.025633
v 0.005922 0.004048 0.040376
v -0.006040 0.004042 0.032261
v 0.006803 0.004039 0.016000
v 0.004823 0.004029 0.041000
v 0.007027 0.004020 -0.000000
v 0.006823 0.004009 0.016433
v -0.006009 0.004004 0.033139
v -0.006269 0.004001 0.031022
v 0.005358 0.004001 0.040714
v -0.006032 0.003998 0.023130
v -0.004818 0.003998 0.041000
v 0.006096 0.003992 0.033632
v 0.006097 0.003968 0.027623
v -0.011298 0.003964 0.005276
v 0.006135 0.003937 0.034485
v -0.006041 0.003911 0.018225
v 0.006124 0.003908 0.030499
v -0.006073 0.003898 0.025146
v -0.006412 0.003887 0.030411
v -0.006458 0.003884 0.038972
v 0.006163 0.003883 0.017624
v 0.010606 0.003880 -0.000000
v 0.006169 0.003875 0.031624
v -0.002993 0.003875 0.010500
v -0.010577 0.003875 0.000000
v -0.005820 0.003857 0.031279
v -0.006884 0.003848 0.030644
v -0.006885 0.003845 0.030782
v 0.006177 0.003845 0.019617
v 0.006153 0.003844 0.020500
v 0.006155 0.003831 0.038503
v 0.006165 0.003827 0.028497
v 0.000022 0.003822 0.010500
v -0.005946 0.003810 0.039238
v 0.011394 0.003809 0.015280
v -0.011364 0.003809 0.015280
v -0.005905 0.003795 0.030124
v -0.006195 0.003789 0.034271
v -0.006225 0.003776 0.029119
v 0.006218 0.003759 0.035607
v 0.006188 0.003759 0.024504
v 0.006172 0.003754 0.039583
v -0.005416 0.003751 0.027863
v 0.005447 0.003750 0.029251
v 0.005447 0.003750 0.039251
v -0.005416 0.003750 0.035500
v 0.005448 0.003750 0.022887
v 0.005447 0.003750 0.038887
v -0.005416 0.003750 0.023500
v -0.005417 0.003750 0.025863
v 0.005448 0.003750 0.028887
v -0.005417 0.003750 0.039863
v -0.005416 0.003750 0.033500
v -0.005417 0.003750 0.019500
v -0.005416 0.003750 0.031500
v 0.005447 0.003750 0.026887
v -0.005417 0.003750 0.019863
v 0.005447 0.003750 0.032887
v 0.005448 0.003750 0.037250
v -0.005417 0.003750 0.031863
v -0.005417 0.003750 0.035863
v -0.005417 0.003749 0.027500
v 0.005447 0.003749 0.036887
v 0.005448 0.003749 0.023250
v 0.005448 0.003749 0.018887
v -0.005416 0.003749 0.033863
v -0.005417 0.003749 0.037500
v 0.005447 0.003749 0.031250
v -0.005416 0.003749 0.023863
v 0.005448 0.003749 0.033250
v -0.005417 0.003749 0.029500
v 0.005447 0.003749 0.030887
v -0.005417 0.003749 0.025500
v -0.005417 0.003749 0.037864
v 0.005448 0.003749 0.035250
v 0.005448 0.003749 0.027250
v -0.005417 0.003749 0.021500
v -0.005417 0.003749 0.021864
v 0.005448 0.003749 0.034887
v 0.005448 0.003749 0.019250
v -0.005417 0.003749 0.029864
v 0.005450 0.003747 0.020887
v 0.006214 0.003745 0.036497
v -0.005422 0.003742 0.039500
v -0.005426 0.003735 0.017864
v 0.005459 0.003733 0.025249
v 0.005460 0.003732 0.017249
v -0.006197 0.003729 0.027146
v 0.005462 0.003728 0.024885
v 0.005464 0.003725 0.021249
v 0.006982 0.003724 0.024100
v 0.006982 0.003724 0.023962
v -0.006951 0.003724 0.018788
v -0.006952 0.003724 0.018651
v -0.006951 0.003724 0.022788
v 0.006982 0.003724 0.021962
v -0.006952 0.003724 0.022651
v 0.006982 0.003723 0.035962
v -0.006952 0.003723 0.020788
v -0.006952 0.003723 0.034651
v 0.005462 0.003723 0.016971
v 0.006982 0.003723 0.036100
v -0.006952 0.003723 0.020651
v -0.006952 0.003723 0.034788
v 0.006982 0.003723 0.020100
v 0.006982 0.003723 0.019962
v 0.006982 0.003723 0.022100
v -0.006159 0.003715 0.024233
v 0.006267 0.003701 0.029610
v -0.006190 0.003699 0.035159
v -0.006180 0.003698 0.021167
v -0.005453 0.003696 0.017503
v -0.006231 0.003695 0.038266
v -0.006969 0.003692 0.016790
v 0.006911 0.003689 0.039916
v -0.006307 0.003687 0.037109
v 0.006252 0.003677 0.022492
v 0.007009 0.003673 0.033960
v -0.006980 0.003671 0.016655
v 0.006269 0.003670 0.016702
v -0.006981 0.003669 0.032653
v -0.006985 0.003661 0.032791
v -0.006988 0.003655 0.038792
v 0.007022 0.003649 0.034096
v -0.006256 0.003644 0.020265
v -0.006256 0.003644 0.036265
v 0.006288 0.003642 0.032485
v 0.002904 0.003642 0.010500
v 0.011437 0.003642 0.005505
v 0.006211 0.003638 0.037563
v -0.006225 0.003638 0.028249
v -0.006997 0.003636 0.038655
v -0.006995 0.003635 0.016000
v -0.011413 0.003624 0.012560
v 0.006267 0.003613 0.023581
v -0.007013 0.003604 0.024794
v 0.007045 0.003604 0.037956
v -0.007014 0.003604 0.024656
v -0.007014 0.003604 0.028794
v 0.007045 0.003604 0.038094
v 0.007045 0.003604 0.029956
v 0.007045 0.003604 0.030094
v 0.007045 0.003604 0.025956
v -0.007014 0.003603 0.028656
v 0.007045 0.003603 0.026094
v -0.007015 0.003595 0.016433
v 0.006307 0.003589 0.026485
v -0.007022 0.003588 0.036657
v -0.007024 0.003584 0.036795
v 0.006324 0.003577 0.021597
v 0.007060 0.003573 0.017955
v 0.007065 0.003563 0.032092
v 0.007070 0.003553 0.018091
v 0.007071 0.003553 0.031954
v -0.006280 0.003545 0.022253
v -0.006296 0.003544 0.026262
v -0.010697 0.003529 0.016000
v 0.010728 0.003528 0.016000
v -0.005817 0.003525 0.040619
v 0.006346 0.003520 0.018484
v 0.006348 0.003519 0.025590
v 0.007088 0.003517 0.028090
v 0.006332 0.003513 0.040326
v -0.006319 0.003513 0.032267
v 0.007092 0.003510 0.027952
v 0.011483 0.003505 0.010379
v -0.006046 0.003502 0.001083
v -0.006046 0.003501 0.004222
v -0.006046 0.003501 0.007361
v 0.006078 0.003500 0.010500
v -0.006047 0.003500 0.010500
v 0.006078 0.003500 0.007361
v 0.006078 0.003500 0.004222
v 0.006078 0.003500 0.001083
v -0.007071 0.003491 0.026799
v -0.007075 0.003483 0.026662
v -0.006823 0.003477 0.016528
v 0.006364 0.003464 0.033580
v -0.006370 0.003450 0.017154
v 0.006450 0.003447 0.027616
v -0.006385 0.003433 0.018283
v 0.005777 0.003426 0.040694
v -0.006410 0.003422 0.040294
v 0.011511 0.003421 0.003034
v 0.005273 0.003417 0.041000
v -0.006368 0.003386 0.030264
v 0.006694 0.003381 0.020330
v -0.005279 0.003359 0.041000
v -0.006297 0.003359 0.039221
v 0.006427 0.003340 0.017572
v 0.007177 0.003336 0.016000
v 0.006427 0.003325 0.031568
v -0.006416 0.003306 0.031177
v 0.007190 0.003300 0.016433
v 0.006456 0.003283 0.030479
v -0.006434 0.003270 0.019177
v -0.006453 0.003267 0.033169
v -0.006507 0.003254 0.025149
v 0.006521 0.003250 0.019591
v 0.006474 0.003248 0.034477
v -0.007195 0.003228 0.030674
v 0.006502 0.003224 0.039574
v -0.007199 0.003218 0.030811
v -0.006490 0.003198 0.034287
v -0.006830 0.003196 0.039004
v 0.006518 0.003192 0.035572
v -0.006533 0.003183 0.024307
v 0.006765 0.003181 0.036335
v 0.006573 0.003181 0.037597
v 0.006505 0.003171 0.028476
v 0.006517 0.003155 0.038472
v 0.006526 0.003140 0.029561
v -0.006458 0.003134 0.023206
v -0.006882 0.003121 0.038485
v 0.006644 0.003117 0.022413
v 0.006783 0.003102 0.040175
v -0.006624 0.003101 0.021133
v 0.006561 0.003081 0.024466
v -0.006552 0.003075 0.036295
v 0.005857 0.003073 0.019210
v -0.006408 0.003073 0.038216
v 0.005860 0.003069 0.038847
v 0.005859 0.003068 0.039210
v -0.005829 0.003068 0.023540
v 0.005859 0.003068 0.029210
v 0.005860 0.003068 0.026847
v -0.005829 0.003068 0.035540
v 0.006596 0.003068 0.023576
v 0.005860 0.003068 0.022847
v -0.005829 0.003068 0.025903
v 0.005860 0.003068 0.032847
v -0.005829 0.003068 0.019903
v -0.005829 0.003068 0.031540
v -0.005829 0.003068 0.035903
v -0.005829 0.003068 0.033540
v 0.005860 0.003068 0.028847
v 0.005860 0.003068 0.036847
v -0.005829 0.003068 0.033903
v -0.005829 0.003068 0.031903
v -0.005829 0.003068 0.023903
v 0.005860 0.003068 0.018847
v 0.005860 0.003067 0.030847
v 0.005860 0.003067 0.031210
v -0.005829 0.003067 0.019540
v -0.005829 0.003067 0.037540
v 0.005860 0.003067 0.021210
v -0.005829 0.003067 0.037903
v -0.005829 0.003067 0.027540
v 0.005860 0.003067 0.033210
v 0.005860 0.003067 0.023210
v 0.005860 0.003067 0.037210
v -0.005829 0.003067 0.025540
v 0.005860 0.003067 0.027210
v 0.005860 0.003067 0.035210
v 0.005860 0.003067 0.034847
v -0.005829 0.003067 0.029540
v -0.005830 0.003067 0.029903
v 0.005860 0.003067 0.025210
v -0.005829 0.003067 0.021540
v -0.005830 0.003067 0.021903
v -0.006556 0.003064 0.020295
v -0.005833 0.003060 0.039904
v -0.005835 0.003057 0.017904
v 0.005866 0.003056 0.020846
v -0.005838 0.003050 0.039541
v -0.005838 0.003050 0.027904
v -0.006587 0.003042 0.028307
v 0.005878 0.003033 0.024845
v -0.006544 0.003028 0.029193
v 0.007314 0.003024 0.024066
v 0.007314 0.003023 0.023930
v -0.007283 0.003023 0.018820
v -0.007283 0.003023 0.018684
v 0.007314 0.003023 0.036066
v 0.007314 0.003023 0.021930
v 0.007314 0.003023 0.035930
v 0.007314 0.003023 0.020066
v -0.007283 0.003023 0.034684
v -0.007283 0.003023 0.020820
v -0.007283 0.003023 0.020684
v -0.007283 0.003023 0.022820
v 0.007314 0.003023 0.019930
v -0.007283 0.003023 0.022684
v -0.007283 0.003023 0.034820
v 0.007314 0.003022 0.022066
v 0.005885 0.003020 0.017207
v -0.006592 0.003013 0.037176
v 0.006624 0.003012 0.032444
v -0.005859 0.003010 0.017544
v -0.006608 0.003010 0.035168
v 0.005889 0.003004 0.016971
v -0.007292 0.003001 0.016821
v 0.006608 0.002996 0.021561
v -0.006555 0.002990 0.027202
v -0.007299 0.002985 0.016687
v -0.006584 0.002977 0.026292
v 0.006086 0.002974 0.040657
v 0.007337 0.002967 0.033928
v 0.006406 0.002967 0.020572
v -0.007308 0.002960 0.032687
v -0.006555 0.002955 0.022273
v -0.007312 0.002951 0.032823
v 0.007287 0.002949 0.039898
v -0.007313 0.002949 0.038823
v 0.007345 0.002947 0.034063
v -0.006611 0.002946 0.032301
v 0.006633 0.002935 0.025557
v 0.006616 0.002928 0.016714
v -0.007322 0.002925 0.038689
v -0.011611 0.002924 0.014064
v 0.006656 0.002913 0.033563
v -0.007331 0.002903 0.016000
v -0.006611 0.002897 0.030292
v -0.007338 0.002887 0.024826
v 0.007369 0.002886 0.037924
v 0.007368 0.002886 0.038060
v -0.007338 0.002886 0.036690
v -0.007338 0.002886 0.024690
v 0.007369 0.002886 0.029924
v -0.007338 0.002886 0.036826
v 0.007368 0.002886 0.030060
v 0.007369 0.002886 0.026060
v 0.007369 0.002886 0.025924
v -0.007342 0.002875 0.028691
v -0.007345 0.002869 0.028827
v -0.006118 0.002863 0.040650
v -0.007345 0.002861 0.016433
v 0.006639 0.002848 0.027536
v 0.006742 0.002845 0.018410
v 0.007389 0.002834 0.017922
v -0.006658 0.002834 0.018306
v 0.007393 0.002823 0.032057
v 0.007396 0.002816 0.018057
v 0.007397 0.002813 0.031921
v 0.006672 0.002811 0.026455
v 0.005627 0.002803 0.041000
v 0.006728 0.002797 0.017569
v 0.007404 0.002795 0.028056
v 0.007407 0.002788 0.027920
v 0.006861 0.002779 0.030359
v -0.006496 0.002772 0.039292
v 0.006721 0.002767 0.031558
v -0.007105 0.002761 0.016542
v -0.007387 0.002758 0.026831
v -0.007391 0.002749 0.026697
v -0.006734 0.002695 0.017189
v 0.006563 0.002679 0.040432
v -0.005660 0.002670 0.041000
v -0.006727 0.002670 0.040315
v 0.006733 0.002660 0.039536
v 0.006764 0.002652 0.019550
v -0.006730 0.002631 0.031204
v 0.006752 0.002627 0.037538
v 0.006777 0.002614 0.035547
v 0.006911 0.002597 0.020362
v 0.006673 0.002596 0.036494
v -0.007062 0.002595 0.039040
v -0.006715 0.002595 0.034297
v -0.006756 0.002593 0.025203
v 0.007474 0.002590 0.016000
v 0.006805 0.002590 0.029556
v -0.006767 0.002571 0.024321
v 0.007488 0.002559 0.016433
v -0.006807 0.002539 0.038339
v 0.006831 0.002532 0.028416
v 0.007116 0.002519 0.040116
v -0.006785 0.002507 0.019208
v 0.006839 0.002499 0.023552
v 0.006860 0.002497 0.022406
v -0.006812 0.002495 0.036334
v -0.006818 0.002494 0.020337
v -0.007481 0.002492 0.030708
v -0.007485 0.002480 0.030843
v 0.006153 0.002480 0.040754
v 0.006821 0.002478 0.034430
v -0.006824 0.002455 0.028335
v 0.006857 0.002448 0.024414
v 0.006862 0.002444 0.038410
v 0.006861 0.002441 0.021549
v -0.006869 0.002405 0.022352
v -0.006850 0.002396 0.026340
v -0.006909 0.002379 0.033173
v -0.007522 0.002366 0.016848
v -0.006150 0.002356 0.035944
v -0.007526 0.002352 0.016716
v 0.006885 0.002351 0.025541
v -0.011747 0.002346 0.003249
v 0.006187 0.002342 0.039171
v -0.006896 0.002342 0.027187
v 0.006187 0.002342 0.029171
v 0.006186 0.002342 0.038806
v -0.006156 0.002342 0.027944
v 0.006187 0.002342 0.026806
v -0.006156 0.002341 0.023579
v -0.006847 0.002341 0.035215
v -0.006156 0.002341 0.035579
v -0.006156 0.002341 0.033579
v 0.006187 0.002341 0.032806
v -0.006156 0.002341 0.019944
v -0.006156 0.002341 0.033944
v 0.006187 0.002341 0.022806
v 0.006187 0.002341 0.036806
v -0.006156 0.002341 0.023944
v -0.006156 0.002341 0.025944
v 0.006187 0.002341 0.028806
v -0.006156 0.002341 0.019579
v -0.006156 0.002341 0.031579
v -0.006156 0.002341 0.037579
v 0.006187 0.002341 0.031171
v -0.006156 0.002341 0.031944
v -0.006157 0.002341 0.025579
v 0.006187 0.002341 0.033171
v 0.006187 0.002341 0.030806
v 0.006187 0.002340 0.023171
v 0.006187 0.002340 0.037171
v -0.006156 0.002340 0.027579
v 0.006188 0.002340 0.020806
v 0.006187 0.002340 0.035171
v 0.006187 0.002340 0.027171
v 0.006187 0.002340 0.018806
v 0.006187 0.002340 0.034806
v -0.006156 0.002340 0.039580
v -0.006157 0.002340 0.029579
v -0.006157 0.002340 0.021579
v 0.006188 0.002340 0.019171
v 0.006187 0.002340 0.025171
v -0.006156 0.002340 0.039944
v -0.006156 0.002340 0.029944
v -0.006156 0.002340 0.021944
v -0.006848 0.002337 0.032331
v -0.006880 0.002336 0.021195
v -0.011750 0.002334 0.008824
v -0.006159 0.002332 0.017945
v -0.006860 0.002330 0.023208
v -0.006864 0.002324 0.030338
v -0.006163 0.002324 0.037945
v 0.006195 0.002319 0.017170
v -0.006867 0.002318 0.037208
v 0.006197 0.002315 0.021170
v 0.006886 0.002313 0.033534
v 0.006197 0.002311 0.016971
v 0.006200 0.002306 0.024804
v 0.006939 0.002305 0.032387
v 0.007574 0.002296 0.023899
v 0.007575 0.002293 0.036034
v -0.007544 0.002293 0.018851
v -0.007544 0.002293 0.018717
v 0.007575 0.002293 0.020033
v 0.007575 0.002293 0.035899
v 0.007575 0.002293 0.021899
v 0.007575 0.002293 0.019899
v -0.007544 0.002293 0.020851
v -0.007544 0.002293 0.020717
v -0.007544 0.002293 0.022851
v -0.007544 0.002293 0.022717
v 0.006976 0.002293 0.016668
v 0.007575 0.002293 0.022033
v 0.006919 0.002289 0.027545
v -0.006177 0.002285 0.017582
v -0.007547 0.002285 0.034717
v 0.007580 0.002278 0.024033
v -0.007550 0.002275 0.034852
v 0.011802 0.002245 0.012565
v 0.006980 0.002230 0.017565
v -0.006871 0.002227 0.029225
v 0.007597 0.002219 0.033896
v -0.006888 0.002218 0.018337
v -0.007567 0.002215 0.032720
v -0.007568 0.002210 0.038855
v -0.007571 0.002203 0.032855
v 0.007602 0.002200 0.034030
v -0.007574 0.002192 0.038721
v 0.005893 0.002191 0.041000
v 0.006918 0.002176 0.040318
v 0.007582 0.002175 0.039879
v 0.006492 0.002173 0.040603
v -0.007580 0.002169 0.028722
v -0.007582 0.002163 0.028857
v 0.006794 0.002163 0.030491
v -0.006388 0.002156 0.040658
v -0.006809 0.002149 0.039277
v 0.006950 0.002147 0.031531
v 0.007618 0.002145 0.025892
v -0.007586 0.002142 0.016000
v -0.007589 0.002140 0.024858
v 0.007620 0.002140 0.037892
v -0.007589 0.002140 0.036723
v -0.007589 0.002140 0.024723
v 0.007620 0.002140 0.029892
v -0.007589 0.002140 0.036858
v 0.007619 0.002139 0.030027
v 0.007623 0.002125 0.026026
v 0.007625 0.002120 0.038026
v -0.007599 0.002101 0.016433
v 0.007636 0.002081 0.017890
v 0.007639 0.002069 0.028024
v 0.006668 0.002067 0.020573
v 0.006942 0.002061 0.019509
v 0.007642 0.002061 0.032024
v 0.007642 0.002058 0.027889
v 0.007642 0.002058 0.018024
v -0.006991 0.002057 0.034374
v 0.007644 0.002051 0.031888
v 0.006996 0.002045 0.036391
v 0.006917 0.002042 0.039491
v 0.006986 0.002042 0.035528
v 0.006965 0.002031 0.037515
v -0.007317 0.002015 0.016556
v 0.006977 0.001998 0.029514
v -0.007628 0.001996 0.026864
v -0.007631 0.001986 0.026730
v -0.006925 0.001969 0.038327
v 0.006194 0.001959 0.040847
v -0.006907 0.001958 0.017264
v -0.006954 0.001941 0.024340
v -0.005948 0.001938 0.041000
v 0.011859 0.001931 0.015280
v 0.007187 0.001929 0.020296
v -0.011829 0.001926 0.015280
v 0.006990 0.001922 0.026407
v 0.007021 0.001914 0.018391
v 0.007010 0.001900 0.028400
v -0.006954 0.001897 0.025251
v -0.006954 0.001896 0.040335
v -0.006978 0.001888 0.020348
v 0.007017 0.001883 0.023514
v -0.006961 0.001880 0.036337
v 0.007165 0.001872 0.024315
v 0.006758 0.001865 0.016806
v 0.007024 0.001859 0.022397
v 0.007027 0.001844 0.021512
v -0.006989 0.001841 0.028349
v -0.006979 0.001839 0.031246
v 0.007699 0.001835 0.016000
v 0.007249 0.001828 0.016611
v -0.006908 0.001814 0.026301
v -0.006999 0.001795 0.019245
v -0.007000 0.001792 0.022351
v 0.007706 0.001790 0.016433
v 0.006688 0.001786 0.040552
v 0.011153 0.001766 0.016000
v -0.011123 0.001765 0.016000
v 0.007076 0.001759 0.025523
v 0.007260 0.001751 0.034271
v 0.007384 0.001739 0.040091
v -0.007694 0.001723 0.030740
v 0.007135 0.001715 0.033547
v -0.007030 0.001715 0.035244
v 0.006809 0.001714 0.017369
v -0.007697 0.001711 0.030877
v -0.007064 0.001711 0.030380
v 0.006391 0.001707 0.017138
v 0.006388 0.001704 0.016971
v -0.007051 0.001702 0.032372
v 0.007004 0.001694 0.040357
v 0.007063 0.001693 0.038391
v 0.011883 0.001692 0.008029
v 0.007060 0.001681 0.027499
v -0.007186 0.001677 0.027163
v 0.006404 0.001660 0.040770
v -0.011860 0.001635 0.011094
v 0.007306 0.001627 0.017626
v -0.007718 0.001613 0.016881
v -0.007090 0.001595 0.018383
v 0.006081 0.001595 0.041000
v -0.007062 0.001595 0.039247
v -0.007722 0.001592 0.016746
v 0.006424 0.001581 0.038767
v 0.006423 0.001581 0.039132
v -0.006393 0.001581 0.027983
v 0.006424 0.001581 0.026767
v -0.006393 0.001581 0.035619
v 0.006423 0.001581 0.029132
v -0.006393 0.001580 0.023619
v -0.006393 0.001580 0.033619
v 0.006424 0.001580 0.020767
v -0.006393 0.001580 0.019984
v -0.006393 0.001580 0.033984
v 0.006424 0.001580 0.028767
v 0.006424 0.001580 0.032767
v 0.006424 0.001580 0.022767
v -0.006393 0.001580 0.019619
v -0.006393 0.001580 0.025984
v -0.006394 0.001580 0.037619
v 0.006424 0.001580 0.036767
v -0.006393 0.001580 0.035984
v -0.006393 0.001580 0.023984
v -0.006393 0.001580 0.031619
v -0.006394 0.001580 0.031984
v 0.006424 0.001580 0.024767
v 0.006424 0.001580 0.033132
v 0.006424 0.001580 0.021132
v 0.006424 0.001580 0.030767
v 0.006424 0.001580 0.031132
v -0.006393 0.001579 0.037984
v 0.006424 0.001579 0.027132
v 0.006424 0.001579 0.023132
v -0.006393 0.001579 0.039619
v -0.006393 0.001579 0.027619
v 0.006424 0.001579 0.037132
v -0.006393 0.001579 0.025619
v 0.006424 0.001579 0.035132
v 0.006424 0.001579 0.018767
v 0.006424 0.001579 0.034767
v -0.006393 0.001579 0.039983
v -0.006393 0.001579 0.029619
v 0.006424 0.001579 0.025132
v -0.006394 0.001579 0.021984
v 0.006424 0.001579 0.019132
v -0.006394 0.001579 0.029984
v -0.006393 0.001579 0.021619
v -0.006394 0.001575 0.017984
v 0.007763 0.001542 0.024003
v 0.007763 0.001542 0.023866
v 0.007763 0.001541 0.036003
v 0.007763 0.001541 0.020003
v -0.007732 0.001541 0.018884
v 0.007763 0.001541 0.021866
v 0.007763 0.001541 0.035866
v -0.007733 0.001541 0.034747
v -0.007732 0.001541 0.018747
v -0.007733 0.001541 0.020884
v 0.007763 0.001541 0.019866
v -0.007732 0.001541 0.020747
v -0.007732 0.001541 0.022747
v 0.007763 0.001540 0.022003
v -0.007732 0.001540 0.034884
v -0.007732 0.001540 0.022884
v -0.007088 0.001539 0.037239
v -0.007092 0.001534 0.023241
v -0.007340 0.001527 0.026523
v -0.006406 0.001525 0.017622
v 0.007114 0.001522 0.031502
v 0.007083 0.001516 0.030394
v 0.007142 0.001498 0.032360
v 0.007149 0.001490 0.039516
v 0.007131 0.001475 0.019504
v -0.007748 0.001462 0.038887
v 0.007779 0.001460 0.033863
v -0.007749 0.001455 0.032750
v -0.007080 0.001448 0.029262
v -0.007751 0.001442 0.032888
v -0.007752 0.001440 0.038751
v -0.007141 0.001439 0.033226
v 0.007783 0.001437 0.033999
v 0.007111 0.001425 0.035484
v 0.007143 0.001419 0.037501
v -0.007085 0.001417 0.034366
v -0.006580 0.001416 0.040665
v 0.007122 0.001408 0.036381
v -0.007089 0.001400 0.021265
v 0.007119 0.001381 0.029482
v -0.007764 0.001372 0.024891
v 0.007795 0.001372 0.037859
v 0.007797 0.001372 0.039861
v 0.007795 0.001372 0.037997
v -0.007765 0.001372 0.028891
v 0.007795 0.001372 0.029859
v -0.007765 0.001372 0.036754
v -0.007765 0.001372 0.024754
v -0.007765 0.001372 0.036891
v 0.007795 0.001372 0.029997
v 0.007795 0.001372 0.025859
v -0.007765 0.001371 0.028754
v 0.007795 0.001371 0.025997
v -0.011897 0.001368 0.013311
v 0.006833 0.001364 0.016825
v 0.007797 0.001363 0.027996
v -0.011898 0.001361 0.006113
v -0.007767 0.001358 0.016000
v 0.007798 0.001356 0.027858
v -0.007097 0.001341 0.038368
v 0.006630 0.001328 0.040668
v -0.007773 0.001324 0.026893
v 0.007320 0.001322 0.016630
v 0.007031 0.001314 0.020439
v -0.011912 0.001313 0.000720
v -0.007167 0.001313 0.017232
v -0.007110 0.001312 0.024374
v -0.007775 0.001308 0.026756
v -0.007775 0.001306 0.016433
v 0.007807 0.001302 0.017856
v 0.011945 0.001301 0.000720
v 0.007810 0.001283 0.017993
v 0.007811 0.001274 0.031993
v 0.007107 0.001267 0.024399
v 0.007813 0.001264 0.031854
v 0.007130 0.001264 0.040326
v 0.006494 0.001261 0.040750
v 0.007141 0.001257 0.023476
v -0.007120 0.001255 0.020376
v 0.007155 0.001254 0.028371
v 0.006495 0.001251 0.040770
v -0.007455 0.001240 0.016569
v 0.006930 0.001238 0.017358
v -0.007108 0.001238 0.036368
v -0.007111 0.001221 0.028369
v 0.007062 0.001205 0.034427
v 0.007139 0.001200 0.021466
v 0.006508 0.001187 0.017111
v 0.007144 0.001187 0.022381
v 0.006510 0.001182 0.016971
v -0.006146 0.001175 0.041000
v -0.007159 0.001167 0.025257
v -0.007135 0.001154 0.022379
v 0.007148 0.001144 0.025464
v -0.007214 0.001136 0.031230
v -0.006949 0.001115 0.026269
v 0.007123 0.001098 0.033443
v 0.011965 0.001088 0.005381
v -0.007164 0.001085 0.032393
v -0.007164 0.001083 0.030393
v -0.007099 0.001080 0.040354
v -0.001624 0.001073 0.010500
v -0.007124 0.001070 0.027290
v 0.007197 0.001066 0.027481
v -0.007128 0.001057 0.035291
v 0.006195 0.001057 0.041000
v 0.007844 0.001048 0.016000
v -0.007186 0.001046 0.019258
v 0.007530 0.001017 0.040081
v 0.007194 0.001010 0.018359
v 0.007176 0.001007 0.038372
v 0.007848 0.001005 0.016433
v -0.007186 0.000966 0.018400
v 0.007414 0.000965 0.017591
v -0.007829 0.000935 0.030770
v 0.007185 0.000923 0.026369
v -0.007831 0.000923 0.030910
v -0.007202 0.000919 0.039266
v -0.007433 0.000915 0.026542
v 0.011973 0.000907 0.002968
v 0.007177 0.000893 0.039449
v 0.007218 0.000887 0.031472
v 0.006892 0.000869 0.040539
v 0.007015 0.000868 0.016780
v 0.006561 0.000851 0.040731
v 0.007212 0.000850 0.019464
v 0.006562 0.000843 0.040770
v 0.007226 0.000828 0.037469
v -0.006533 0.000825 0.034018
v -0.007841 0.000819 0.016915
v 0.007238 0.000810 0.035473
v 0.007318 0.000805 0.020297
v -0.007843 0.000800 0.016775
v 0.006568 0.000797 0.039092
v 0.006568 0.000797 0.029092
v 0.006568 0.000797 0.038731
v 0.006568 0.000797 0.026731
v -0.006537 0.000797 0.035659
v -0.006537 0.000797 0.033659
v -0.006537 0.000797 0.028020
v -0.006537 0.000796 0.023659
v -0.006537 0.000796 0.019659
v 0.006568 0.000796 0.020731
v -0.006537 0.000796 0.020020
v 0.006568 0.000796 0.028731
v -0.006537 0.000796 0.037659
v 0.006568 0.000796 0.022731
v 0.006568 0.000796 0.036731
v 0.006568 0.000796 0.021092
v -0.006537 0.000796 0.026020
v -0.006537 0.000796 0.039659
v 0.006568 0.000796 0.032731
v -0.006537 0.000796 0.031659
v 0.006568 0.000796 0.031092
v 0.006568 0.000796 0.027092
v 0.006568 0.000796 0.023092
v -0.006537 0.000796 0.024020
v 0.006568 0.000796 0.037092
v 0.006568 0.000796 0.033092
v 0.006568 0.000796 0.035092
v -0.006537 0.000796 0.025659
v 0.006568 0.000796 0.030731
v 0.006568 0.000795 0.024731
v -0.006537 0.000795 0.027659
v -0.006537 0.000795 0.036020
v -0.006537 0.000795 0.032020
v 0.006568 0.000795 0.019092
v -0.006537 0.000795 0.038020
v -0.006537 0.000795 0.040019
v -0.006537 0.000795 0.029659
v 0.006568 0.000795 0.018731
v -0.006537 0.000795 0.021659
v 0.006568 0.000795 0.025092
v -0.006537 0.000795 0.030020
v 0.006568 0.000795 0.034731
v -0.006537 0.000795 0.022020
v -0.007166 0.000791 0.034383
v 0.007237 0.000789 0.036344
v -0.006538 0.000786 0.018020
v -0.007191 0.000785 0.023286
v 0.007877 0.000775 0.023834
v 0.007877 0.000775 0.023975
v -0.007846 0.000775 0.018916
v 0.007877 0.000774 0.035975
v 0.007876 0.000774 0.021834
v -0.007846 0.000774 0.018775
v -0.007846 0.000774 0.020916
v 0.007876 0.000774 0.035834
v 0.007877 0.000774 0.019975
v 0.007876 0.000774 0.019834
v -0.007846 0.000774 0.020775
v -0.007846 0.000774 0.034775
v -0.007846 0.000774 0.022775
v 0.007877 0.000774 0.021975
v -0.007846 0.000774 0.034917
v -0.007846 0.000773 0.022917
v 0.006993 0.000760 0.017331
v -0.007187 0.000756 0.037290
v 0.007232 0.000750 0.029464
v -0.006543 0.000743 0.017661
v -0.007217 0.000720 0.038411
v 0.007231 0.000715 0.030347
v 0.007251 0.000705 0.040299
v 0.007297 0.000696 0.032312
v -0.007172 0.000692 0.024384
v 0.006579 0.000688 0.017086
v 0.007885 0.000686 0.033830
v -0.007854 0.000686 0.026920
v -0.007855 0.000682 0.032779
v 0.006577 0.000680 0.016971
v -0.007855 0.000674 0.032921
v -0.007856 0.000671 0.026779
v -0.007856 0.000666 0.038921
v 0.007887 0.000662 0.033971
v -0.007199 0.000662 0.029293
v -0.007858 0.000645 0.038780
v 0.007889 0.000643 0.027970
v 0.007890 0.000635 0.027828
v 0.007252 0.000634 0.023464
v -0.007214 0.000627 0.036408
v -0.006688 0.000621 0.040675
v 0.001241 0.000616 0.010500
v -0.007193 0.000616 0.033303
v 0.011987 0.000605 0.010579
v -0.007215 0.000604 0.028408
v 0.007268 0.000601 0.024328
v -0.007199 0.000595 0.020400
v 0.007276 0.000593 0.021473
v -0.007862 0.000591 0.024924
v 0.007893 0.000591 0.037826
v -0.007862 0.000591 0.028924
v 0.007893 0.000591 0.029826
v 0.007893 0.000591 0.037968
v -0.007862 0.000590 0.036924
v 0.007893 0.000590 0.025826
v -0.007862 0.000590 0.024782
v -0.007862 0.000590 0.036782
v 0.007893 0.000590 0.029968
v -0.007862 0.000590 0.028782
v 0.007893 0.000590 0.025968
v -0.008184 0.004525 0.016000
v -0.007863 0.000568 0.016000
v -0.007191 0.000564 0.017307
v 0.007895 0.000549 0.039824
v -0.007192 0.000544 0.021308
v 0.007253 0.000536 0.028336
v 0.007896 0.000530 0.039860
v 0.007231 0.000527 0.025442
v -0.007222 0.000525 0.022411
v 0.007898 0.000517 0.017823
v -0.007867 0.000512 0.016433
v 0.007441 0.000506 0.016623
v 0.007281 0.000498 0.022320
v 0.007900 0.000495 0.017965
v 0.006269 0.000484 0.041000
v 0.007900 0.000481 0.031964
v 0.007271 0.000480 0.033461
v -0.007211 0.000473 0.032406
v 0.007901 0.000472 0.031821
v 0.007255 0.000466 0.034334
v -0.007514 0.000465 0.016581
v -0.007211 0.000445 0.030405
v -0.007187 0.000428 0.031322
v 0.006602 0.000424 0.040711
v 0.007271 0.000419 0.027457
v 0.006600 0.000412 0.040770
v -0.007282 0.000407 0.035270
v -0.006244 0.000394 0.041000
v -0.007177 0.000387 0.026388
v -0.007469 0.000386 0.027163
v -0.007179 0.000385 0.025332
v -0.007014 0.000383 0.027424
v 0.006975 0.000370 0.016818
v -0.007242 0.000347 0.018424
v 0.006874 0.000337 0.040553
v 0.007303 0.000330 0.038307
v 0.007447 0.000303 0.017549
v 0.006990 0.000292 0.017286
v 0.007265 0.000291 0.031444
v 0.007565 0.000288 0.040101
v -0.007150 0.000285 0.040371
v -0.007191 0.000264 0.019329
v 0.007911 0.000251 0.016000
v 0.007165 0.000241 0.040383
v 0.007268 0.000225 0.019442
v 0.007285 0.000224 0.037452
v -0.004763 0.000222 0.010500
v 0.007301 0.000221 0.039460
v -0.007263 0.000219 0.034439
v 0.007910 0.000208 0.016433
v 0.006613 0.000197 0.017063
v 0.007281 0.000192 0.035447
v 0.006611 0.000190 0.016971
v 0.007250 0.000173 0.018333
v 0.007242 0.000169 0.036341
v 0.007264 0.000167 0.020327
v -0.007208 0.000159 0.039328
v 0.007334 0.000143 0.029474
v -0.007883 0.000127 0.030799
v -0.007883 0.000111 0.030943
v 0.012010 0.000111 0.013203
v 0.004650 0.000095 0.010500
v -0.007244 0.000093 0.038430
v -0.007287 0.000089 0.024455
v -0.007287 0.000059 0.037286
v -0.007884 0.000046 0.026801
v -0.007884 0.000040 0.026946
v -0.007884 0.000034 0.016946
v -0.007256 0.000030 0.036439
v 0.007261 0.000025 0.023427
v 0.006616 0.000025 0.034697
v -0.007230 0.000013 0.023320
v -0.007884 0.000009 0.016803
v -0.007226 0.000007 0.028423
v 0.011295 0.000002 0.016000
v 0.008026 0.004738 0.016000
v 0.012015 0.000001 0.015280
v 0.006615 0.000001 0.039054
v 0.006616 0.000001 0.029054
v 0.007915 0.000001 0.023803
v 0.006616 0.000001 0.026696
v -0.006585 0.000001 0.035696
v -0.006585 0.000001 0.033696
v 0.007915 0.000001 0.023947
v -0.006585 0.000001 0.023696
v 0.006616 0.000001 0.038696
v -0.006585 0.000001 0.019696
v -0.006585 0.000001 0.028054
v -0.006585 0.000000 0.037696
v 0.006616 0.000000 0.020696
v -0.007884 0.000000 0.018947
v -0.006585 0.000000 0.034054
v -0.006585 0.000000 0.020054
v -0.006585 0.000000 0.026054
v 0.006616 0.000000 0.028696
v 0.006616 0.000000 0.021054
v 0.006616 0.000000 0.036696
v 0.007915 0.000000 0.035947
v 0.007915 0.000000 0.021803
v 0.006615 0.000000 0.035054
v -0.007884 0.000000 0.020947
v 0.006616 0.000000 0.022696
v 0.007915 0.000000 0.035803
v 0.006616 0.000000 0.031054
v 0.008098 0.000000 -0.000000
v -0.008068 0.000000 0.000000
v 0.008098 0.000000 0.003500
v -0.008068 0.000000 0.003500
v 0.008098 0.000000 0.007000
v -0.008068 0.000000 0.007000
v 0.008098 0.000000 0.010500
v -0.008068 0.000000 0.010500
v -0.007884 0.000000 0.018803
v 0.006616 0.000000 0.027054
v -0.006585 0.000000 0.025696
v -0.006585 0.000000 0.031696
v 0.007915 0.000000 0.019803
v 0.006616 0.000000 0.037054
v 0.006616 0.000000 0.023054
v -0.006585 0.000000 0.024054
v 0.007915 0.000000 0.019947
v 0.006616 0.000000 0.019054
v 0.006616 0.000000 0.030696
v -0.006585 0.000000 0.029696
v -0.007884 0.000000 0.020803
v -0.007884 0.000000 0.034803
v 0.006616 0.000000 0.024696
v -0.006585 0.000000 0.038054
v 0.006616 0.000000 0.018696
v -0.006585 0.000000 0.040054
v 0.006616 0.000000 0.032696
v 0.006616 0.000000 0.033054
v -0.006585 0.000000 0.021696
v -0.006585 -0.000001 0.027696
v -0.006585 -0.000001 0.036054
v -0.006585 -0.000001 0.032054
v -0.007884 -0.000001 0.022803
v 0.007915 -0.000001 0.021947
v 0.006616 -0.000001 0.025054
v -0.007884 -0.000001 0.034947
v -0.007884 -0.000001 0.022947
v -0.006585 -0.000001 0.022054
v -0.006585 -0.000001 0.030054
v -0.006585 -0.000002 0.039697
v -0.006585 -0.000003 0.018054
v 0.007222 -0.000006 0.021403
v -0.011984 -0.000026 0.015280
v -0.006585 -0.000049 0.017699
v -0.007255 -0.000053 0.020444
v 0.007252 -0.000060 0.032325
v 0.007268 -0.000063 0.025428
v -0.011263 -0.000064 0.016000
v 0.006616 -0.000069 0.040690
v 0.006285 -0.000076 0.041000
v -0.007268 -0.000077 0.033306
v 0.006614 -0.000078 0.040770
v 0.007915 -0.000086 0.027944
v 0.007061 -0.000090 0.016784
v 0.007915 -0.000092 0.027800
v 0.007915 -0.000097 0.033800
v -0.011980 -0.000098 0.003309
v -0.007884 -0.000099 0.032807
v -0.007884 -0.000107 0.032951
v -0.011979 -0.000111 0.008771
v 0.007915 -0.000116 0.033943
v -0.007883 -0.000120 0.038952
v -0.007240 -0.000130 0.022439
v 0.007238 -0.000136 0.024328
v -0.007883 -0.000143 0.038808
v 0.007300 -0.000145 0.026292
v -0.007221 -0.000151 0.032428
v 0.007042 -0.000167 0.017295
v -0.006707 -0.000170 0.040680
v -0.007246 -0.000178 0.029318
v -0.007258 -0.000188 0.030451
v 0.006990 -0.000195 0.040466
v -0.007882 -0.000196 0.024954
v -0.007881 -0.000196 0.028954
v 0.007912 -0.000197 0.037796
v -0.007881 -0.000197 0.036954
v 0.007912 -0.000197 0.029796
v 0.007913 -0.000197 0.037940
v 0.007912 -0.000197 0.025796
v -0.007881 -0.000197 0.024811
v -0.007881 -0.000197 0.036811
v -0.007881 -0.000197 0.028811
v 0.007913 -0.000197 0.029940
v 0.007912 -0.000198 0.025940
v 0.007266 -0.000212 0.030310
v 0.007228 -0.000213 0.027401
v -0.007881 -0.000218 0.016000
v -0.007213 -0.000238 0.017339
v 0.007250 -0.000245 0.033414
v 0.007251 -0.000258 0.028313
v 0.007287 -0.000265 0.022293
v 0.007911 -0.000268 0.039793
v -0.007878 -0.000273 0.016433
v 0.007910 -0.000277 0.017793
v -0.007207 -0.000282 0.018428
v 0.007909 -0.000283 0.039860
v -0.007234 -0.000288 0.026444
v -0.007233 -0.000289 0.021328
v -0.007194 -0.000290 0.031353
v -0.007492 -0.000297 0.016593
v 0.007470 -0.000301 0.016614
v 0.007909 -0.000303 0.017936
v 0.007227 -0.000313 0.031398
v 0.007908 -0.000319 0.031935
v 0.007908 -0.000328 0.031791
v -0.007221 -0.000337 0.027335
v 0.006607 -0.000341 0.017039
v -0.007196 -0.000342 0.035350
v 0.006607 -0.000347 0.016971
v 0.007470 -0.000368 0.017539
v -0.007127 -0.000390 0.025391
v -0.006244 -0.000394 0.041000
v 0.007221 -0.000411 0.038320
v 0.007263 -0.000416 0.019417
v -0.007242 -0.000430 0.034458
v 0.007226 -0.000444 0.035396
v 0.007257 -0.000445 0.037414
v 0.007246 -0.000449 0.034305
v 0.007383 -0.000450 0.040224
v 0.007233 -0.000456 0.029400
v 0.007351 -0.000481 0.036243
v -0.007234 -0.000493 0.019329
v 0.007215 -0.000495 0.020320
v 0.007273 -0.000496 0.039425
v -0.007110 -0.000515 0.040389
v -0.007215 -0.000519 0.024450
v -0.007238 -0.000534 0.038465
v 0.007895 -0.000548 0.016000
v 0.007345 -0.000552 0.018239
v -0.007238 -0.000555 0.036466
v -0.007265 -0.000559 0.039314
v 0.007890 -0.000590 0.016433
v 0.006590 -0.000591 0.040665
v 0.007241 -0.000601 0.023405
v 0.006587 -0.000603 0.040770
v -0.011957 -0.000604 0.012820
v -0.007210 -0.000613 0.028455
v -0.007186 -0.000630 0.037357
v 0.006910 -0.000642 0.017216
v 0.007234 -0.000643 0.021402
v -0.011246 -0.000649 0.000000
v 0.011275 -0.000664 -0.000000
v 0.006251 -0.000675 0.041000
v -0.007855 -0.000677 0.030830
v 0.006968 -0.000679 0.016809
v 0.007236 -0.000687 0.025404
v -0.007854 -0.000689 0.030972
v -0.007854 -0.000692 0.026972
v -0.007853 -0.000693 0.026830
v -0.007181 -0.000700 0.020448
v -0.007279 -0.000703 0.033304
v -0.007209 -0.000744 0.032468
v -0.007224 -0.000745 0.022477
v 0.007878 -0.000755 0.035917
v 0.007033 -0.000758 0.040394
v -0.006541 -0.000762 0.034090
v 0.006572 -0.000763 0.021021
v -0.007847 -0.000765 0.016975
v 0.007877 -0.000765 0.035776
v -0.006541 -0.000766 0.033729
v -0.006540 -0.000768 0.026090
v 0.011980 -0.000771 0.007704
v 0.006571 -0.000772 0.020660
v 0.007877 -0.000773 0.023917
v 0.007877 -0.000773 0.023775
v -0.007847 -0.000774 0.018975
v 0.007877 -0.000774 0.021775
v -0.007847 -0.000774 0.020975
v -0.007847 -0.000774 0.018834
v 0.007877 -0.000775 0.019916
v 0.007877 -0.000775 0.019775
v -0.007847 -0.000775 0.020834
v 0.007877 -0.000775 0.021916
v -0.007847 -0.000775 0.022834
v -0.007846 -0.000775 0.034975
v -0.007846 -0.000775 0.034834
v -0.007846 -0.000775 0.022975
v -0.006539 -0.000784 0.032091
v -0.007845 -0.000789 0.016835
v -0.007195 -0.000794 0.023349
v 0.006568 -0.000795 0.039020
v 0.006568 -0.000795 0.026659
v 0.006568 -0.000795 0.029020
v -0.006537 -0.000795 0.035731
v -0.006537 -0.000795 0.023731
v 0.006568 -0.000795 0.038659
v -0.006537 -0.000795 0.028092
v -0.006537 -0.000795 0.037731
v -0.006537 -0.000795 0.019731
v 0.006568 -0.000795 0.028659
v -0.006537 -0.000796 0.039731
v 0.006568 -0.000796 0.035020
v 0.006568 -0.000796 0.022659
v -0.006537 -0.000796 0.020092
v -0.006537 -0.000796 0.024092
v 0.006568 -0.000796 0.036659
v -0.006537 -0.000796 0.025731
v 0.006568 -0.000796 0.037020
v 0.006568 -0.000796 0.027020
v 0.006568 -0.000796 0.031020
v 0.006568 -0.000796 0.023020
v 0.006568 -0.000796 0.019020
v -0.006537 -0.000796 0.029731
v 0.006568 -0.000796 0.030659
v -0.006537 -0.000796 0.038092
v 0.006568 -0.000796 0.018659
v -0.006537 -0.000796 0.040092
v 0.006568 -0.000796 0.024659
v -0.006537 -0.000796 0.036092
v -0.006537 -0.000796 0.021731
v 0.006568 -0.000796 0.032659
v -0.006537 -0.000796 0.027731
v 0.006568 -0.000797 0.033020
v -0.006537 -0.000797 0.022092
v -0.006537 -0.000797 0.030092
v 0.006568 -0.000797 0.025020
v 0.006568 -0.000797 0.034658
v 0.007328 -0.000797 0.027459
v -0.006537 -0.000799 0.018092
v -0.006535 -0.000812 0.031731
v -0.007208 -0.000814 0.030475
v -0.006531 -0.000842 0.017733
v 0.007869 -0.000856 0.027913
v 0.007868 -0.000863 0.027772
v 0.007866 -0.000874 0.033772
v -0.007835 -0.000878 0.032838
v 0.007196 -0.000883 0.032289
v -0.007834 -0.000888 0.032979
v 0.007864 -0.000893 0.033912
v -0.007182 -0.000901 0.018470
v -0.007832 -0.000906 0.038980
v -0.006623 -0.000921 0.040696
v 0.004325 0.008361 0.016000
v -0.007829 -0.000930 0.038840
v 0.007202 -0.000933 0.024279
v 0.007185 -0.000935 0.031380
v -0.007175 -0.000936 0.029357
v 0.007170 -0.000948 0.026299
v -0.007262 -0.000951 0.031306
v 0.007260 -0.000951 0.017425
v -0.011944 -0.000961 0.000720
v -0.007825 -0.000963 0.036842
v -0.007206 -0.000971 0.026491
v -0.007824 -0.000972 0.036982
v 0.011974 -0.000977 0.000720
v -0.007823 -0.000982 0.028982
v 0.007853 -0.000982 0.037768
v -0.007823 -0.000982 0.024982
v 0.007853 -0.000982 0.037908
v 0.007853 -0.000982 0.025768
v 0.007853 -0.000982 0.029768
v -0.007823 -0.000983 0.028842
v -0.007823 -0.000983 0.024842
v 0.007853 -0.000983 0.025908
v 0.007853 -0.000983 0.029908
v -0.007821 -0.000987 0.016000
v -0.007159 -0.000988 0.017365
v -0.007814 -0.001026 0.016433
v 0.007172 -0.001029 0.019376
v -0.007394 -0.001037 0.016606
v 0.007333 -0.001046 0.016641
v 0.006531 -0.001054 0.017008
v 0.006530 -0.001059 0.016971
v -0.007141 -0.001062 0.034467
v -0.007160 -0.001062 0.021361
v 0.007189 -0.001068 0.035389
v 0.007210 -0.001069 0.028260
v 0.007178 -0.001075 0.029383
v 0.007841 -0.001079 0.017764
v 0.007841 -0.001081 0.031904
v -0.007156 -0.001095 0.027359
v 0.007839 -0.001095 0.031764
v 0.007839 -0.001096 0.039764
v 0.007837 -0.001104 0.017903
v 0.007157 -0.001106 0.022286
v 0.007836 -0.001112 0.039860
v 0.006521 -0.001118 0.040639
v 0.007219 -0.001122 0.020249
v 0.007186 -0.001124 0.037390
v 0.006518 -0.001131 0.040770
v 0.007756 -0.005897 0.016000
v -0.007174 -0.001136 0.025347
v -0.007167 -0.001153 0.024493
v -0.007131 -0.001164 0.036475
v -0.007131 -0.001170 0.038476
v -0.006144 -0.001175 0.041000
v 0.007143 -0.001187 0.030280
v 0.007540 -0.001198 0.040055
v 0.007172 -0.001204 0.039385
v 0.007134 -0.001210 0.036282
v -0.007125 -0.001211 0.019373
v 0.007151 -0.001217 0.038271
v -0.007146 -0.001221 0.028490
v -0.007061 -0.001229 0.039410
v 0.007168 -0.001234 0.023384
v 0.007168 -0.001235 0.018261
v 0.007039 -0.001264 0.040327
v -0.007110 -0.001268 0.035378
v 0.007123 -0.001276 0.021361
v -0.006983 -0.001289 0.040409
v 0.006147 -0.001309 0.041000
v 0.007159 -0.001310 0.033385
v 0.007149 -0.001321 0.034259
v -0.007073 -0.001323 0.022464
v 0.007133 -0.001331 0.025370
v -0.007106 -0.001332 0.037378
v 0.007801 -0.001341 0.016000
v -0.007108 -0.001345 0.020488
v -0.007117 -0.001345 0.032493
v -0.007094 -0.001356 0.033382
v 0.007793 -0.001383 0.016433
v 0.007113 -0.001384 0.027362
v -0.011891 -0.001413 0.005696
v -0.007082 -0.001427 0.030486
v -0.007749 -0.001459 0.030863
v -0.007747 -0.001470 0.031000
v -0.007059 -0.001483 0.018482
v -0.007743 -0.001487 0.026864
v -0.007743 -0.001487 0.027001
v 0.011908 -0.001507 0.005162
v -0.007078 -0.001526 0.023379
v 0.007766 -0.001526 0.019748
v 0.007090 -0.001528 0.017361
v 0.007154 -0.001539 0.031398
v 0.007764 -0.001540 0.023884
v 0.007764 -0.001540 0.023747
v 0.007764 -0.001541 0.035884
v -0.007732 -0.001541 0.019003
v 0.007764 -0.001541 0.021747
v -0.007732 -0.001541 0.021003
v -0.007732 -0.001541 0.018866
v 0.007764 -0.001541 0.019884
v 0.007764 -0.001541 0.035747
v -0.007732 -0.001541 0.020866
v -0.007732 -0.001542 0.022866
v 0.007763 -0.001542 0.021884
v -0.007732 -0.001542 0.035003
v -0.007732 -0.001542 0.034866
v -0.007732 -0.001542 0.023003
v -0.007003 -0.001547 0.026461
v -0.007729 -0.001554 0.017004
v 0.007002 -0.001568 0.016735
v -0.007725 -0.001576 0.016868
v 0.006424 -0.001579 0.038619
v 0.006424 -0.001579 0.026619
v 0.006424 -0.001579 0.038984
v 0.006424 -0.001579 0.028984
v -0.006393 -0.001579 0.026132
v -0.006393 -0.001579 0.028132
v -0.006393 -0.001579 0.023767
v -0.006393 -0.001579 0.035767
v 0.006425 -0.001579 0.020619
v 0.006424 -0.001579 0.028619
v 0.006424 -0.001579 0.022619
v -0.006393 -0.001579 0.037767
v -0.006393 -0.001580 0.019767
v 0.006424 -0.001580 0.020984
v -0.006393 -0.001580 0.039767
v -0.006393 -0.001580 0.020132
v 0.006424 -0.001580 0.034984
v -0.006393 -0.001580 0.025767
v 0.006424 -0.001580 0.030619
v -0.006394 -0.001580 0.024132
v 0.006424 -0.001580 0.022984
v 0.006424 -0.001580 0.018619
v 0.006424 -0.001580 0.036984
v -0.006393 -0.001580 0.031767
v -0.006393 -0.001580 0.032132
v -0.006393 -0.001580 0.029767
v 0.006424 -0.001580 0.030984
v 0.006424 -0.001580 0.024619
v 0.006424 -0.001580 0.036619
v 0.006424 -0.001580 0.026984
v -0.006393 -0.001580 0.040131
v -0.006393 -0.001580 0.038132
v 0.006424 -0.001580 0.018984
v -0.006393 -0.001580 0.030132
v -0.006393 -0.001580 0.022132
v -0.006393 -0.001580 0.036132
v -0.006393 -0.001580 0.021767
v -0.006393 -0.001580 0.027767
v 0.006424 -0.001581 0.032619
v 0.006424 -0.001581 0.024983
v 0.006424 -0.001581 0.032983
v 0.006423 -0.001581 0.034619
v -0.006392 -0.001584 0.018132
v -0.007026 -0.001594 0.031402
v -0.006388 -0.001603 0.034133
v -0.006386 -0.001609 0.033768
v 0.007089 -0.001614 0.032245
v -0.006456 -0.001619 0.040717
v 0.007745 -0.001627 0.027880
v -0.006382 -0.001628 0.017769
v -0.007151 -0.001631 0.017329
v 0.007743 -0.001638 0.027743
v 0.007741 -0.001647 0.033743
v -0.007710 -0.001648 0.032871
v -0.007041 -0.001653 0.029389
v -0.007708 -0.001658 0.033008
v -0.011856 -0.001659 0.010729
v 0.006763 -0.001660 0.040414
v 0.007116 -0.001661 0.019386
v 0.007737 -0.001668 0.033878
v 0.007077 -0.001669 0.026243
v 0.007089 -0.001677 0.029373
v -0.007704 -0.001678 0.039009
v -0.007054 -0.001683 0.034514
v 0.006397 -0.001688 0.040611
v 0.006392 -0.001697 0.040770
v 0.007089 -0.001699 0.035375
v -0.007699 -0.001702 0.038873
v 0.007069 -0.001724 0.020238
v -0.007021 -0.001727 0.021393
v 0.007054 -0.001732 0.024244
v -0.007687 -0.001758 0.029011
v 0.007717 -0.001758 0.037739
v 0.007717 -0.001758 0.037875
v -0.007687 -0.001758 0.037012
v 0.007717 -0.001758 0.025739
v -0.007687 -0.001758 0.025012
v -0.007686 -0.001758 0.036876
v 0.007717 -0.001758 0.029739
v 0.007717 -0.001758 0.025875
v -0.007686 -0.001758 0.028876
v 0.007717 -0.001758 0.029875
v -0.007686 -0.001759 0.024876
v 0.011154 -0.001762 0.016000
v -0.007015 -0.001766 0.024507
v -0.007683 -0.001767 0.016000
v -0.011122 -0.001768 0.016000
v -0.007025 -0.001782 0.036515
v -0.007214 -0.001788 0.016621
v -0.007674 -0.001801 0.016433
v 0.007038 -0.001806 0.037358
v 0.007044 -0.001811 0.028236
v -0.007014 -0.001811 0.038516
v 0.007703 -0.001821 0.031872
v -0.002146 -0.001822 0.010500
v 0.006358 -0.001830 0.016971
v 0.007699 -0.001834 0.031736
v -0.006994 -0.001852 0.028512
v 0.007012 -0.001854 0.039346
v 0.007032 -0.001862 0.023358
v 0.006999 -0.001869 0.022247
v 0.007690 -0.001870 0.017734
v -0.006984 -0.001890 0.019398
v -0.006984 -0.001893 0.027398
v 0.007684 -0.001895 0.017869
v 0.007176 -0.001898 0.040144
v 0.007029 -0.001908 0.018226
v 0.007003 -0.001909 0.021347
v 0.011852 -0.001911 0.009952
v -0.005953 -0.001922 0.041000
v -0.011828 -0.001929 0.015280
v 0.011858 -0.001936 0.015280
v 0.007053 -0.001940 0.025378
v -0.006952 -0.001953 0.025407
v -0.006971 -0.001961 0.022520
v -0.006965 -0.001962 0.032517
v -0.006985 -0.001982 0.020532
v 0.006952 -0.001985 0.038251
v 0.011841 -0.001987 0.012531
v -0.006789 -0.001990 0.040428
v 0.006992 -0.001992 0.033350
v 0.006974 -0.001994 0.030238
v -0.006949 -0.001997 0.039404
v 0.006984 -0.002032 0.027350
v 0.007648 -0.002039 0.039727
v -0.006921 -0.002067 0.030516
v 0.007637 -0.002070 0.039861
v -0.006765 -0.002088 0.023500
v -0.006937 -0.002090 0.018528
v 0.006944 -0.002096 0.034232
v 0.007623 -0.002120 0.016000
v -0.006906 -0.002127 0.035413
v 0.006945 -0.002129 0.036223
v -0.006887 -0.002143 0.037421
v 0.007002 -0.002152 0.017375
v 0.006925 -0.002156 0.031332
v 0.005903 -0.002161 0.041000
v 0.007613 -0.002161 0.016433
v -0.006906 -0.002166 0.026528
v -0.006890 -0.002169 0.033415
v -0.006853 -0.002182 0.017437
v 0.006625 -0.002204 0.040377
v 0.002237 -0.002205 0.010500
v 0.006912 -0.002232 0.016699
v -0.007562 -0.002235 0.030896
v -0.007559 -0.002245 0.031031
v -0.006842 -0.002263 0.034515
v -0.007553 -0.002263 0.027032
v -0.007553 -0.002264 0.026898
v 0.006887 -0.002270 0.029326
v 0.006900 -0.002270 0.032218
v 0.006898 -0.002281 0.035334
v 0.007575 -0.002292 0.023852
v 0.007575 -0.002292 0.023717
v 0.007575 -0.002293 0.035851
v 0.007575 -0.002293 0.021717
v 0.007575 -0.002293 0.019851
v -0.007544 -0.002293 0.019034
v 0.007575 -0.002293 0.035717
v -0.007544 -0.002293 0.018899
v -0.007544 -0.002293 0.021034
v -0.007544 -0.002293 0.020899
v 0.007575 -0.002294 0.019717
v 0.007575 -0.002294 0.021851
v -0.007544 -0.002294 0.022899
v -0.007544 -0.002294 0.035034
v -0.007544 -0.002294 0.034899
v -0.007544 -0.002294 0.023034
v 0.006925 -0.002303 0.019352
v 0.006198 -0.002311 0.030946
v -0.007536 -0.002318 0.017035
v -0.006831 -0.002322 0.024523
v 0.006193 -0.002323 0.018945
v 0.006883 -0.002323 0.020216
v -0.006833 -0.002332 0.036526
v 0.006190 -0.002334 0.020580
v -0.006904 -0.002337 0.029388
v -0.007530 -0.002338 0.016901
v -0.002114 -0.008903 0.016000
v 0.006187 -0.002340 0.038944
v 0.006187 -0.002340 0.028944
v 0.006188 -0.002340 0.026579
v 0.006188 -0.002340 0.038579
v -0.006157 -0.002340 0.026171
v -0.006157 -0.002340 0.028171
v -0.006157 -0.002340 0.033806
v 0.006187 -0.002340 0.034944
v -0.006156 -0.002340 0.023806
v -0.006156 -0.002340 0.019806
v -0.006157 -0.002340 0.034171
v 0.006187 -0.002340 0.022579
v 0.006187 -0.002341 0.028579
v -0.006156 -0.002341 0.039806
v 0.006187 -0.002341 0.022944
v -0.006156 -0.002341 0.031806
v -0.006156 -0.002341 0.037806
v -0.006157 -0.002341 0.035806
v -0.006156 -0.002341 0.029806
v -0.006156 -0.002341 0.025806
v -0.006157 -0.002341 0.020171
v 0.006187 -0.002341 0.036944
v -0.006156 -0.002341 0.024171
v -0.006156 -0.002341 0.032171
v 0.006187 -0.002341 0.026944
v 0.006187 -0.002341 0.030579
v 0.006187 -0.002341 0.036579
v 0.006187 -0.002341 0.024579
v -0.006156 -0.002341 0.040171
v -0.006156 -0.002341 0.038171
v -0.006156 -0.002341 0.021806
v -0.006156 -0.002341 0.027806
v 0.006187 -0.002341 0.032579
v -0.006156 -0.002341 0.036171
v -0.006156 -0.002341 0.030171
v -0.006156 -0.002342 0.022171
v 0.006187 -0.002342 0.024944
v 0.006187 -0.002342 0.032944
v 0.006187 -0.002342 0.034579
v 0.006186 -0.002344 0.020944
v -0.006154 -0.002346 0.018171
v 0.006183 -0.002351 0.018579
v -0.006218 -0.002363 0.040719
v 0.006178 -0.002364 0.040576
v -0.006829 -0.002373 0.031421
v -0.006877 -0.002379 0.021396
v 0.006169 -0.002383 0.040770
v -0.006139 -0.002383 0.017808
v -0.007513 -0.002394 0.032903
v 0.007542 -0.002398 0.033712
v -0.007509 -0.002406 0.033038
v -0.006802 -0.002409 0.038528
v 0.007536 -0.002416 0.027846
v 0.007536 -0.002419 0.033846
v 0.007533 -0.002426 0.027711
v -0.007502 -0.002429 0.039040
v 0.006826 -0.002444 0.028218
v 0.006825 -0.002445 0.026216
v -0.007494 -0.002454 0.038906
v 0.006846 -0.002457 0.024204
v -0.006823 -0.002458 0.028550
v 0.006857 -0.002483 0.023340
v 0.006851 -0.002489 0.039338
v 0.006808 -0.002490 0.037315
v -0.007473 -0.002516 0.029043
v -0.007473 -0.002516 0.037043
v 0.007503 -0.002516 0.037842
v 0.007504 -0.002516 0.037707
v -0.007472 -0.002516 0.025043
v -0.007473 -0.002516 0.028908
v -0.007473 -0.002516 0.036908
v 0.007503 -0.002516 0.029707
v 0.007503 -0.002516 0.029842
v -0.007473 -0.002517 0.024908
v 0.007502 -0.002519 0.025707
v 0.006835 -0.002523 0.021334
v 0.006955 -0.002524 0.022131
v -0.007462 -0.002535 0.016000
v 0.006817 -0.002536 0.018201
v 0.007495 -0.002541 0.025841
v 0.006806 -0.002542 0.025321
v -0.006774 -0.002562 0.032549
v 0.007487 -0.002564 0.031840
v -0.006937 -0.002566 0.016636
v -0.007453 -0.002569 0.016433
v 0.007484 -0.002572 0.031705
v -0.006765 -0.002574 0.020548
v -0.006771 -0.002590 0.022555
v 0.006130 -0.002591 0.016955
v 0.006787 -0.002608 0.033321
v -0.006905 -0.002621 0.023343
v -0.006733 -0.002624 0.019436
v 0.007465 -0.002627 0.017702
v -0.006739 -0.002632 0.027432
v 0.007026 -0.002633 0.030067
v 0.006916 -0.002636 0.040122
v 0.006781 -0.002636 0.027322
v -0.006936 -0.002643 0.039322
v 0.007458 -0.002647 0.017836
v 0.006837 -0.002667 0.038159
v -0.005659 -0.002670 0.041000
v 0.007450 -0.002673 0.039700
v -0.006708 -0.002682 0.018544
v -0.006519 -0.002682 0.040446
v 0.007444 -0.002686 0.039832
v -0.006704 -0.002713 0.030551
v -0.011659 -0.002720 0.008024
v -0.011659 -0.002722 0.003025
v 0.006770 -0.002746 0.017335
v -0.006665 -0.002764 0.026543
v 0.006708 -0.002775 0.031306
v 0.006739 -0.002778 0.034181
v -0.006655 -0.002795 0.025451
v -0.006625 -0.002853 0.017459
v -0.011628 -0.002854 0.013166
v 0.006678 -0.002861 0.036190
v 0.006662 -0.002864 0.029297
v 0.005594 -0.002867 0.041000
v 0.006681 -0.002875 0.035309
v 0.007371 -0.002879 0.016000
v 0.006638 -0.002887 0.019288
v 0.006661 -0.002901 0.032188
v -0.006699 -0.002916 0.036602
v 0.007354 -0.002917 0.016433
v 0.006691 -0.002920 0.016686
v -0.006501 -0.002922 0.021513
v -0.006696 -0.002924 0.024602
v -0.006636 -0.002928 0.034574
v -0.006599 -0.002931 0.033456
v 0.006645 -0.002940 0.020186
v -0.006580 -0.002959 0.038553
v -0.006577 -0.002974 0.035459
v -0.006625 -0.002976 0.029434
v -0.007301 -0.002977 0.030928
v -0.007298 -0.002987 0.031064
v -0.006571 -0.003005 0.028561
v -0.007285 -0.003016 0.027066
v -0.007286 -0.003017 0.026930
v 0.007314 -0.003022 0.023820
v 0.007314 -0.003022 0.023684
v 0.007314 -0.003023 0.035820
v 0.007313 -0.003023 0.021684
v -0.007282 -0.003023 0.019066
v -0.007282 -0.003023 0.021066
v 0.007313 -0.003023 0.035684
v -0.007283 -0.003023 0.018930
v 0.007313 -0.003023 0.019820
v -0.007282 -0.003023 0.020930
v -0.007282 -0.003023 0.022930
v 0.007313 -0.003023 0.019684
v 0.007313 -0.003023 0.021820
v -0.007282 -0.003024 0.035066
v -0.007282 -0.003024 0.023066
v -0.007282 -0.003024 0.034930
v 0.006569 -0.003025 0.022199
v 0.006434 -0.003037 0.040263
v -0.005844 -0.003039 0.040208
v 0.005872 -0.003044 0.020542
v 0.006606 -0.003045 0.028176
v -0.005838 -0.003050 0.033846
v 0.006586 -0.003058 0.023293
v 0.005860 -0.003067 0.038903
v -0.005829 -0.003067 0.028210
v -0.005830 -0.003067 0.026210
v 0.005860 -0.003067 0.026540
v 0.005860 -0.003067 0.038540
v 0.005860 -0.003067 0.022540
v 0.005860 -0.003067 0.028903
v 0.005860 -0.003067 0.034903
v 0.005860 -0.003067 0.028540
v 0.005860 -0.003067 0.020903
v -0.005829 -0.003067 0.019847
v -0.005829 -0.003067 0.035847
v -0.005829 -0.003067 0.023847
v -0.005829 -0.003067 0.037847
v 0.005860 -0.003067 0.022903
v 0.005860 -0.003067 0.018540
v -0.005829 -0.003067 0.032210
v 0.005860 -0.003067 0.026903
v -0.005829 -0.003067 0.024210
v -0.005829 -0.003067 0.034210
v -0.005829 -0.003067 0.031847
v 0.005860 -0.003067 0.036903
v 0.005859 -0.003068 0.036540
v -0.005829 -0.003068 0.020210
v 0.005860 -0.003068 0.030540
v -0.005829 -0.003068 0.029847
v 0.005859 -0.003068 0.024540
v -0.005829 -0.003068 0.038210
v -0.005829 -0.003068 0.025847
v 0.005860 -0.003068 0.030903
v -0.005829 -0.003068 0.027847
v 0.005859 -0.003068 0.032540
v -0.005829 -0.003068 0.021847
v -0.005828 -0.003068 0.022210
v -0.005828 -0.003068 0.030210
v -0.005828 -0.003068 0.036210
v 0.005859 -0.003068 0.024903
v 0.005859 -0.003068 0.032903
v 0.005860 -0.003069 0.034540
v 0.006579 -0.003071 0.039292
v -0.005826 -0.003073 0.018210
v -0.007262 -0.003074 0.017069
v -0.005824 -0.003076 0.039848
v -0.006511 -0.003088 0.023473
v -0.007253 -0.003094 0.016934
v 0.005845 -0.003096 0.018902
v 0.005845 -0.003097 0.040537
v 0.006563 -0.003098 0.021289
v -0.006511 -0.003102 0.039471
v -0.005810 -0.003104 0.017849
v -0.006559 -0.003114 0.037444
v 0.005829 -0.003119 0.040770
v 0.007270 -0.003128 0.027815
v -0.007239 -0.003129 0.032935
v 0.007265 -0.003138 0.027679
v 0.006559 -0.003140 0.025295
v -0.007233 -0.003141 0.033072
v -0.006542 -0.003142 0.032585
v 0.007264 -0.003142 0.033679
v 0.006568 -0.003144 0.037301
v 0.011587 -0.003156 0.003258
v 0.006528 -0.003158 0.030182
v -0.006501 -0.003164 0.022572
v -0.006483 -0.003164 0.020562
v 0.006538 -0.003164 0.018175
v 0.007254 -0.003165 0.033814
v -0.007218 -0.003175 0.039073
v -0.007211 -0.003193 0.038938
v 0.006490 -0.003193 0.024188
v 0.006521 -0.003205 0.027288
v 0.006537 -0.003207 0.033297
v -0.006518 -0.003207 0.031445
v -0.007190 -0.003239 0.024940
v -0.007185 -0.003249 0.029077
v 0.007216 -0.003249 0.037673
v 0.007216 -0.003249 0.025673
v -0.007185 -0.003249 0.037077
v 0.007216 -0.003249 0.037810
v 0.007215 -0.003249 0.029673
v 0.007215 -0.003249 0.025810
v -0.007185 -0.003249 0.025077
v 0.007215 -0.003249 0.029810
v -0.007185 -0.003249 0.036940
v -0.007185 -0.003249 0.028940
v -0.006469 -0.003268 0.018586
v -0.007169 -0.003284 0.016000
v 0.006451 -0.003287 0.038183
v 0.007190 -0.003304 0.031807
v 0.007187 -0.003312 0.031670
v 0.005815 -0.003318 0.016938
v -0.007150 -0.003319 0.016433
v 0.006431 -0.003321 0.026180
v 0.006477 -0.003324 0.017290
v 0.006750 -0.003334 0.034020
v 0.011538 -0.003342 0.007357
v 0.006463 -0.003352 0.031289
v -0.005278 -0.003359 0.041000
v -0.006166 -0.003360 0.040466
v -0.006482 -0.003362 0.026621
v -0.006408 -0.003363 0.030587
v 0.007163 -0.003364 0.017668
v -0.006396 -0.003381 0.027470
v -0.006533 -0.003382 0.016652
v 0.007152 -0.003387 0.017804
v 0.007152 -0.003388 0.039667
v -0.006382 -0.003389 0.019476
v 0.007143 -0.003407 0.039800
v 0.006408 -0.003424 0.035277
v 0.006405 -0.003447 0.036156
v 0.005250 -0.003456 0.041000
v 0.006409 -0.003458 0.019285
v 0.006369 -0.003459 0.029264
v -0.006353 -0.003471 0.036592
v 0.006078 -0.003499 0.001083
v -0.006338 -0.003499 0.024593
v 0.006078 -0.003499 0.004222
v 0.006078 -0.003500 0.007361
v -0.006047 -0.003500 0.010500
v 0.006078 -0.003500 0.010500
v -0.006046 -0.003501 0.007361
v -0.006325 -0.003501 0.038588
v -0.006046 -0.003501 0.004222
v -0.006046 -0.003502 0.001083
v 0.006339 -0.003503 0.032169
v -0.010699 -0.003523 0.016000
v 0.006342 -0.003533 0.020159
v 0.010720 -0.003553 0.016000
v -0.006313 -0.003576 0.017468
v -0.006314 -0.003577 0.028606
v -0.006385 -0.003599 0.033426
v -0.006361 -0.003604 0.029440
v 0.007041 -0.003607 0.016000
v 0.006339 -0.003613 0.016689
v -0.006289 -0.003613 0.021472
v 0.006290 -0.003627 0.023263
v 0.007021 -0.003643 0.016433
v 0.006262 -0.003643 0.028160
v 0.006280 -0.003647 0.039263
v -0.006193 -0.003672 0.035510
v -0.006237 -0.003679 0.025484
v 0.006278 -0.003679 0.021270
v -0.006220 -0.003685 0.032598
v 0.006253 -0.003709 0.022141
v -0.006958 -0.003711 0.030961
v -0.006956 -0.003715 0.034962
v -0.006954 -0.003720 0.031100
v 0.006984 -0.003720 0.021788
v 0.006982 -0.003723 0.023788
v 0.006982 -0.003723 0.023651
v 0.006982 -0.003724 0.035788
v 0.006982 -0.003724 0.019788
v 0.006982 -0.003724 0.035651
v -0.006951 -0.003724 0.019100
v 0.006982 -0.003724 0.021651
v -0.006951 -0.003724 0.018962
v -0.006952 -0.003724 0.021100
v -0.006951 -0.003724 0.020962
v -0.006951 -0.003724 0.022962
v 0.006982 -0.003724 0.019651
v -0.006182 -0.003724 0.023502
v -0.006187 -0.003724 0.022595
v -0.006951 -0.003724 0.023100
v -0.006951 -0.003725 0.035100
v 0.006255 -0.003727 0.025270
v -0.005431 -0.003728 0.025886
v 0.005456 -0.003736 0.030501
v -0.005425 -0.003738 0.039886
v -0.006944 -0.003738 0.027100
v -0.006943 -0.003740 0.026963
v -0.006941 -0.003745 0.017101
v -0.005417 -0.003748 0.026250
v -0.005417 -0.003749 0.033887
v -0.005417 -0.003749 0.028250
v 0.005448 -0.003749 0.038500
v 0.005447 -0.003749 0.034864
v 0.005447 -0.003749 0.026500
v 0.005448 -0.003749 0.022500
v 0.005448 -0.003749 0.038864
v 0.005447 -0.003749 0.020500
v 0.005447 -0.003749 0.026863
v -0.005416 -0.003749 0.023887
v 0.005448 -0.003749 0.020864
v -0.005417 -0.003749 0.035887
v -0.005416 -0.003749 0.031887
v 0.005447 -0.003749 0.036863
v -0.005416 -0.003749 0.024250
v -0.005417 -0.003749 0.037887
v -0.005416 -0.003749 0.034250
v 0.005447 -0.003749 0.036500
v 0.005448 -0.003749 0.022863
v 0.005448 -0.003750 0.018500
v -0.005417 -0.003750 0.032250
v -0.005416 -0.003750 0.038250
v -0.005416 -0.003750 0.021887
v 0.005447 -0.003750 0.024863
v -0.005416 -0.003750 0.020250
v -0.005417 -0.003750 0.019887
v 0.005447 -0.003750 0.018863
v -0.005416 -0.003750 0.022250
v -0.005416 -0.003750 0.030250
v -0.005417 -0.003750 0.029887
v 0.005447 -0.003750 0.032500
v -0.005416 -0.003750 0.040251
v -0.005416 -0.003750 0.036250
v 0.005447 -0.003750 0.032863
v 0.005447 -0.003750 0.024500
v -0.005417 -0.003750 0.027887
v 0.005447 -0.003750 0.034500
v 0.005446 -0.003751 0.028863
v 0.005444 -0.003756 0.028499
v -0.005412 -0.003756 0.018251
v 0.006225 -0.003759 0.040136
v -0.006222 -0.003761 0.020624
v -0.006932 -0.003762 0.016964
v 0.006232 -0.003762 0.033267
v 0.006205 -0.003764 0.027254
v 0.006960 -0.003765 0.027786
v 0.005434 -0.003769 0.030862
v 0.006955 -0.003774 0.027648
v -0.005396 -0.003779 0.017889
v 0.006221 -0.003788 0.037270
v 0.005415 -0.003796 0.040495
v 0.006168 -0.003802 0.030152
v -0.006165 -0.003811 0.018614
v -0.011360 -0.003819 0.015280
v 0.005396 -0.003821 0.040770
v -0.006895 -0.003827 0.032967
v -0.006102 -0.003830 0.039513
v 0.011387 -0.003833 0.015280
v -0.006889 -0.003839 0.033105
v 0.006920 -0.003839 0.033645
v 0.006149 -0.003852 0.018141
v 0.006908 -0.003860 0.033782
v -0.006130 -0.003861 0.034617
v -0.006109 -0.003871 0.026608
v -0.006869 -0.003875 0.039107
v 0.006132 -0.003883 0.031248
v -0.006859 -0.003892 0.038970
v 0.006233 -0.003904 0.017305
v 0.006359 -0.003905 0.034027
v 0.006068 -0.003935 0.019229
v 0.004895 -0.003941 0.041000
v -0.010552 -0.003943 0.000000
v -0.006826 -0.003950 0.029111
v -0.006826 -0.003950 0.037111
v 0.006857 -0.003950 0.025639
v 0.006857 -0.003950 0.037639
v -0.006826 -0.003950 0.036973
v 0.006857 -0.003950 0.037777
v 0.006857 -0.003950 0.025777
v -0.006826 -0.003950 0.025111
v -0.006826 -0.003950 0.028973
v -0.006826 -0.003951 0.024973
v 0.006109 -0.003952 0.035256
v 0.006852 -0.003958 0.029639
v 0.006087 -0.003961 0.024132
v -0.006056 -0.003961 0.030617
v 0.006047 -0.003964 0.036152
v -0.011297 -0.003969 0.011152
v 0.010573 -0.003969 -0.000000
v -0.006055 -0.003971 0.037498
v 0.006839 -0.003980 0.029776
v -0.006011 -0.003988 0.027516
v -0.006799 -0.003994 0.016000
v -0.004818 -0.003998 0.041000
v 0.005414 -0.004003 0.016922
v -0.005936 -0.004005 0.033550
v 0.007027 -0.004019 -0.000000
v -0.005987 -0.004021 0.019520
v 0.006082 -0.004023 0.029261
v 0.006813 -0.004025 0.031774
v -0.005718 -0.004025 0.040487
v -0.006781 -0.004027 0.016433
v 0.006807 -0.004035 0.031635
v -0.006036 -0.004037 0.036633
v 0.006034 -0.004037 0.038129
v -0.006013 -0.004038 0.038624
v -0.000413 -0.004047 0.010500
v -0.006009 -0.004054 0.024628
v -0.006971 -0.004065 0.000000
v 0.006788 -0.004066 0.017634
v -0.006083 -0.004072 0.016668
v -0.005995 -0.004077 0.031499
v 0.006780 -0.004078 0.039633
v -0.005945 -0.004082 0.029526
v 0.006778 -0.004083 0.017771
v -0.005972 -0.004089 0.028624
v 0.006770 -0.004096 0.039768
v 0.006169 -0.004102 0.032047
v 0.005978 -0.004125 0.026121
v 0.006067 -0.004129 0.020082
v 0.011273 -0.004131 0.010280
v 0.005915 -0.004137 0.039210
v 0.005966 -0.004169 0.023245
v -0.011226 -0.004182 0.005443
v -0.011217 -0.004218 0.000720
v 0.005888 -0.004220 0.025222
v 0.005917 -0.004223 0.021238
v -0.005862 -0.004226 0.032626
v -0.005831 -0.004239 0.020617
v 0.011237 -0.004245 0.000720
v 0.005926 -0.004256 0.028099
v 0.005861 -0.004262 0.033221
v 0.005555 -0.004270 0.030254
v -0.005833 -0.004288 0.017517
v -0.005882 -0.004292 0.022659
v 0.006642 -0.004299 0.016000
v -0.005850 -0.004300 0.023508
v -0.005832 -0.004305 0.035515
v 0.011213 -0.004312 0.012767
v -0.005784 -0.004320 0.018627
v 0.005890 -0.004325 0.016684
v 0.006618 -0.004333 0.016433
v 0.005858 -0.004342 0.017244
v 0.005818 -0.004346 0.027226
v -0.005757 -0.004352 0.021536
v 0.006605 -0.004355 0.027757
v -0.004943 -0.004357 0.039925
v 0.006599 -0.004364 0.027619
v 0.005641 -0.004369 0.032179
v -0.004926 -0.004376 0.026291
v -0.004926 -0.004376 0.028291
v -0.004926 -0.004376 0.033926
v 0.004956 -0.004376 0.022459
v 0.004956 -0.004376 0.038459
v 0.004956 -0.004377 0.034825
v 0.004956 -0.004377 0.026459
v 0.004956 -0.004377 0.038825
v 0.004956 -0.004377 0.028825
v 0.004956 -0.004377 0.020459
v 0.004956 -0.004377 0.022825
v -0.004925 -0.004377 0.034291
v 0.004956 -0.004377 0.020825
v -0.004925 -0.004377 0.024291
v 0.004956 -0.004377 0.026825
v 0.004956 -0.004377 0.036459
v -0.004925 -0.004377 0.037926
v -0.004925 -0.004377 0.032291
v 0.004956 -0.004377 0.028459
v 0.004956 -0.004377 0.036825
v -0.004925 -0.004377 0.035926
v -0.004925 -0.004377 0.025926
v -0.004925 -0.004377 0.031926
v -0.004925 -0.004377 0.038291
v -0.004925 -0.004377 0.019926
v -0.004926 -0.004377 0.023926
v 0.004956 -0.004377 0.018459
v 0.004956 -0.004377 0.024459
v -0.004925 -0.004377 0.040291
v -0.004925 -0.004377 0.029926
v 0.004955 -0.004377 0.032459
v -0.004925 -0.004377 0.021926
v 0.004956 -0.004377 0.030825
v 0.004956 -0.004377 0.024825
v -0.004925 -0.004377 0.027926
v -0.004925 -0.004377 0.036291
v -0.004925 -0.004377 0.020291
v 0.004955 -0.004377 0.034459
v -0.004925 -0.004377 0.022291
v 0.004956 -0.004377 0.018824
v 0.004955 -0.004378 0.032824
v -0.004921 -0.004381 0.030291
v -0.004920 -0.004384 0.018292
v -0.006554 -0.004388 0.030995
v 0.006584 -0.004388 0.023755
v 0.006584 -0.004388 0.023618
v 0.005775 -0.004388 0.022111
v 0.006584 -0.004389 0.035755
v 0.006584 -0.004389 0.021618
v 0.006584 -0.004389 0.035618
v 0.006584 -0.004389 0.019755
v -0.006553 -0.004389 0.019132
v -0.006553 -0.004389 0.022995
v 0.006584 -0.004389 0.019618
v -0.006553 -0.004389 0.018995
v 0.006583 -0.004389 0.021755
v -0.006553 -0.004389 0.021132
v -0.006553 -0.004389 0.020995
v -0.006553 -0.004389 0.023132
v -0.006552 -0.004390 0.035132
v 0.004945 -0.004390 0.030458
v -0.006553 -0.004390 0.034995
v -0.005741 -0.004395 0.026637
v -0.006549 -0.004396 0.031132
v -0.004904 -0.004401 0.017928
v 0.005759 -0.004401 0.031214
v 0.005827 -0.004405 0.034086
v -0.006532 -0.004420 0.017134
v -0.006531 -0.004422 0.027134
v -0.006529 -0.004425 0.026997
v 0.004453 -0.004430 0.041000
v -0.006518 -0.004442 0.016998
v 0.006020 -0.004454 0.029983
v -0.005706 -0.004455 0.034645
v -0.005709 -0.004458 0.025524
v 0.004880 -0.004461 0.040452
v 0.005729 -0.004464 0.035220
v 0.005728 -0.004466 0.019220
v 0.005686 -0.004474 0.036119
v 0.004861 -0.004482 0.040770
v -0.006482 -0.004493 0.033000
v -0.006477 -0.004499 0.033138
v 0.006507 -0.004501 0.033613
v 0.005695 -0.004506 0.040098
v -0.005662 -0.004509 0.030648
v 0.006492 -0.004522 0.033748
v -0.005666 -0.004523 0.039526
v -0.005633 -0.004531 0.036644
v 0.005634 -0.004537 0.018113
v -0.006450 -0.004539 0.039140
v -0.005643 -0.004554 0.038658
v -0.005701 -0.004556 0.027497
v -0.006438 -0.004556 0.039004
v 0.005616 -0.004557 0.029198
v -0.005635 -0.004557 0.024656
v -0.004278 -0.004571 0.041000
v -0.005612 -0.004592 0.019529
v -0.005585 -0.004593 0.028649
v -0.006411 -0.004594 0.025142
v -0.006399 -0.004611 0.029143
v -0.006399 -0.004611 0.037143
v 0.006430 -0.004611 0.025607
v -0.006399 -0.004611 0.037007
v 0.006430 -0.004611 0.037607
v 0.006430 -0.004611 0.037743
v 0.006430 -0.004612 0.025743
v -0.006399 -0.004612 0.029007
v -0.006398 -0.004612 0.025007
v 0.005591 -0.004618 0.037206
v -0.005571 -0.004620 0.033538
v 0.006422 -0.004622 0.029607
v -0.005583 -0.004630 0.037530
v 0.004934 -0.004635 0.016906
v -0.005516 -0.004639 0.029559
v 0.006409 -0.004640 0.029742
v -0.005180 -0.004651 0.040509
v -0.005597 -0.004664 0.016683
v -0.006360 -0.004665 0.016000
v 0.005573 -0.004669 0.023214
v 0.005541 -0.004670 0.020098
v -0.005503 -0.004674 0.032648
v 0.005653 -0.004674 0.039252
v 0.006376 -0.004684 0.031740
v 0.005603 -0.004689 0.024066
v -0.006339 -0.004693 0.016433
v 0.006369 -0.004695 0.031603
v 0.005505 -0.004709 0.021196
v 0.005497 -0.004717 0.038096
v 0.005539 -0.004719 0.025214
v 0.006345 -0.004727 0.017601
v 0.005484 -0.004729 0.028099
v 0.006342 -0.004729 0.039601
v -0.003099 -0.004732 0.010500
v 0.006332 -0.004744 0.017736
v -0.005498 -0.004744 0.020675
v 0.006331 -0.004746 0.039735
v 0.005524 -0.004755 0.033220
v -0.005423 -0.004759 0.022650
v -0.005431 -0.004800 0.023544
v -0.005400 -0.004801 0.031555
v -0.005412 -0.004807 0.035550
v 0.005498 -0.004827 0.017232
v -0.005393 -0.004854 0.018678
v 0.005339 -0.004861 0.027174
v -0.005349 -0.004882 0.017552
v 0.005387 -0.004885 0.031202
v 0.002476 -0.004888 0.010500
v 0.005354 -0.004892 0.026083
v 0.005353 -0.004902 0.034079
v 0.005449 -0.004910 0.030038
v 0.006200 -0.004913 0.027727
v 0.006194 -0.004922 0.027591
v -0.004362 -0.004940 0.028329
v -0.004362 -0.004940 0.033965
v 0.004392 -0.004940 0.038785
v 0.004392 -0.004940 0.038421
v -0.004361 -0.004940 0.035965
v -0.004361 -0.004940 0.037965
v 0.004392 -0.004940 0.028785
v 0.004392 -0.004940 0.022785
v -0.004361 -0.004940 0.023965
v 0.004392 -0.004940 0.026421
v 0.004392 -0.004940 0.020785
v 0.004392 -0.004940 0.028421
v -0.004361 -0.004940 0.019965
v -0.004361 -0.004940 0.032329
v 0.004392 -0.004940 0.036785
v -0.004362 -0.004940 0.026329
v -0.004361 -0.004940 0.025965
v -0.004361 -0.004940 0.039966
v 0.004392 -0.004940 0.030421
v 0.004393 -0.004940 0.022421
v 0.004392 -0.004940 0.030785
v -0.004361 -0.004940 0.040330
v -0.004361 -0.004940 0.022329
v 0.004392 -0.004940 0.024785
v 0.004393 -0.004940 0.034785
v -0.004361 -0.004940 0.029965
v -0.004361 -0.004940 0.020329
v -0.004361 -0.004940 0.027965
v 0.004392 -0.004941 0.032785
v -0.004362 -0.004941 0.034329
v -0.004362 -0.004941 0.024329
v 0.004392 -0.004941 0.018421
v 0.004392 -0.004941 0.036421
v 0.004393 -0.004941 0.020421
v 0.004393 -0.004941 0.026785
v 0.004391 -0.004941 0.034421
v -0.004362 -0.004941 0.031965
v 0.004392 -0.004941 0.024421
v -0.004361 -0.004941 0.038329
v 0.004392 -0.004941 0.018785
v -0.004361 -0.004941 0.030329
v -0.004361 -0.004941 0.036329
v -0.004361 -0.004941 0.021965
v 0.004392 -0.004941 0.032421
v 0.006172 -0.004945 0.016000
v 0.005326 -0.004946 0.019196
v 0.005323 -0.004947 0.032072
v -0.004354 -0.004947 0.018330
v -0.005405 -0.004955 0.026726
v 0.005306 -0.004955 0.035190
v 0.005272 -0.004956 0.022088
v -0.005299 -0.004958 0.034685
v -0.004341 -0.004959 0.017967
v -0.010898 -0.004960 0.013329
v 0.005378 -0.004961 0.016679
v 0.003840 -0.004971 0.041000
v 0.006146 -0.004976 0.016433
v 0.005317 -0.004979 0.036061
v -0.005227 -0.005000 0.021564
v 0.006131 -0.005001 0.019587
v -0.005121 -0.005011 0.039610
v 0.006123 -0.005011 0.023722
v 0.006122 -0.005011 0.023587
v -0.006091 -0.005011 0.019029
v 0.006122 -0.005012 0.021587
v -0.006091 -0.005012 0.021164
v -0.006091 -0.005012 0.019164
v -0.006091 -0.005012 0.021029
v 0.006122 -0.005012 0.021722
v 0.006122 -0.005012 0.019722
v 0.006120 -0.005014 0.035722
v 0.010904 -0.005017 0.005254
v -0.006085 -0.005018 0.023029
v -0.005256 -0.005019 0.030694
v -0.006085 -0.005019 0.035164
v -0.005200 -0.005020 0.038673
v -0.005207 -0.005021 0.027564
v 0.006111 -0.005025 0.035586
v -0.005200 -0.005026 0.036676
v -0.006078 -0.005027 0.023164
v -0.006073 -0.005033 0.035030
v -0.005210 -0.005035 0.024683
v -0.006069 -0.005038 0.031030
v -0.006063 -0.005045 0.031165
v -0.004990 -0.005054 0.032608
v -0.006054 -0.005056 0.017166
v -0.006051 -0.005060 0.027166
v -0.006047 -0.005063 0.027031
v -0.005157 -0.005066 0.028676
v -0.003670 -0.005071 0.041000
v 0.005150 -0.005071 0.039163
v -0.006039 -0.005074 0.017032
v 0.004218 -0.005089 0.040410
v -0.005075 -0.005100 0.033596
v 0.005142 -0.005101 0.023171
v -0.006005 -0.005115 0.033034
v 0.006032 -0.005120 0.033581
v -0.006000 -0.005121 0.033169
v 0.005048 -0.005123 0.033137
v 0.006018 -0.005134 0.033715
v -0.010821 -0.005136 0.009152
v -0.005207 -0.005138 0.019524
v 0.005088 -0.005142 0.029163
v 0.004143 -0.005151 0.040770
v 0.005131 -0.005153 0.037185
v 0.005131 -0.005160 0.018054
v -0.005962 -0.005165 0.039172
v 0.005116 -0.005165 0.025183
v -0.005070 -0.005169 0.037573
v 0.005105 -0.005174 0.021182
v -0.005041 -0.005178 0.020682
v -0.005949 -0.005180 0.039038
v -0.005483 -0.005194 0.032859
v -0.005019 -0.005207 0.025579
v 0.004385 -0.005208 0.016890
v 0.005021 -0.005208 0.040071
v -0.009985 -0.005212 0.016000
v -0.005096 -0.005217 0.029541
v 0.010013 -0.005218 0.016000
v -0.004566 -0.005219 0.040529
v -0.005032 -0.005221 0.016697
v -0.005908 -0.005226 0.029175
v -0.005908 -0.005226 0.037175
v -0.005907 -0.005227 0.037040
v -0.005907 -0.005227 0.029040
v 0.005938 -0.005227 0.025575
v 0.005938 -0.005227 0.029575
v 0.005938 -0.005227 0.037575
v 0.005938 -0.005227 0.037710
v 0.005938 -0.005227 0.025710
v -0.005907 -0.005227 0.025040
v -0.005908 -0.005227 0.025175
v 0.005939 -0.005227 0.029710
v -0.005001 -0.005248 0.022698
v 0.004991 -0.005258 0.028062
v -0.004956 -0.005278 0.023580
v -0.005846 -0.005292 0.016000
v -0.004943 -0.005308 0.035573
v 0.005865 -0.005308 0.031705
v -0.005831 -0.005309 0.016433
v 0.004929 -0.005311 0.030060
v 0.004951 -0.005312 0.031168
v -0.004868 -0.005314 0.018680
v 0.005860 -0.005315 0.031570
v 0.004942 -0.005317 0.038053
v -0.004869 -0.005322 0.026685
v 0.004971 -0.005325 0.020037
v 0.005096 -0.005326 0.017236
v 0.004657 -0.005327 0.027051
v 0.005844 -0.005332 0.017569
v 0.004891 -0.005333 0.024062
v 0.005841 -0.005336 0.039569
v 0.005830 -0.005347 0.017703
v 0.005827 -0.005350 0.039702
v -0.004857 -0.005368 0.017586
v 0.004853 -0.005387 0.034053
v -0.004852 -0.005396 0.034711
v 0.004800 -0.005398 0.035139
v 0.004886 -0.005398 0.019175
v 0.003792 -0.005414 0.038747
v 0.003790 -0.005415 0.034747
v 0.005203 -0.005418 0.027320
v -0.004896 -0.005422 0.031549
v -0.003740 -0.005428 0.040005
v 0.005755 -0.005429 0.027699
v -0.003734 -0.005432 0.038005
v -0.003734 -0.005432 0.020005
v 0.003765 -0.005432 0.020745
v 0.003765 -0.005432 0.022745
v -0.003734 -0.005432 0.032005
v 0.003765 -0.005432 0.026745
v -0.003735 -0.005432 0.028364
v -0.003734 -0.005432 0.036005
v -0.003734 -0.005432 0.024005
v 0.003765 -0.005432 0.030745
v 0.003765 -0.005432 0.028745
v -0.003734 -0.005432 0.030005
v 0.003765 -0.005432 0.022386
v 0.003765 -0.005432 0.018745
v 0.003765 -0.005432 0.038386
v -0.003734 -0.005432 0.026005
v -0.003734 -0.005432 0.026364
v -0.003734 -0.005432 0.034364
v -0.003734 -0.005432 0.028005
v 0.003765 -0.005432 0.026386
v 0.003765 -0.005432 0.020386
v -0.003734 -0.005432 0.022005
v -0.003735 -0.005432 0.034005
v -0.003734 -0.005432 0.024364
v 0.003765 -0.005432 0.036745
v -0.003734 -0.005432 0.030364
v 0.003765 -0.005432 0.036386
v 0.003765 -0.005432 0.028386
v 0.003765 -0.005432 0.030386
v 0.003765 -0.005432 0.032386
v 0.003765 -0.005432 0.024386
v -0.003734 -0.005432 0.022364
v 0.003765 -0.005432 0.024745
v -0.003734 -0.005433 0.038364
v 0.003765 -0.005433 0.018386
v -0.003734 -0.005433 0.032364
v 0.003765 -0.005433 0.032745
v -0.003734 -0.005433 0.040365
v -0.003734 -0.005433 0.020364
v 0.003765 -0.005433 0.034386
v -0.003734 -0.005433 0.036364
v 0.005749 -0.005434 0.027564
v -0.003725 -0.005438 0.018365
v -0.003715 -0.005445 0.018006
v 0.004799 -0.005446 0.036044
v 0.004285 -0.005461 0.032957
v 0.004800 -0.005466 0.032036
v -0.004774 -0.005466 0.030716
v 0.004811 -0.005470 0.022031
v -0.004733 -0.005477 0.038707
v -0.004749 -0.005477 0.024712
v -0.004714 -0.005489 0.036706
v -0.003006 -0.005495 0.041000
v -0.004655 -0.005503 0.039616
v -0.004662 -0.005511 0.027610
v 0.004688 -0.005513 0.023139
v -0.004662 -0.005525 0.019604
v 0.002982 -0.005525 0.041000
v 0.005642 -0.005543 0.016000
v 0.010648 -0.005545 0.002746
v 0.003591 -0.005549 0.040376
v 0.004718 -0.005552 0.039167
v 0.004785 -0.005557 0.016671
v 0.005628 -0.005559 0.019556
v 0.005626 -0.005562 0.019691
v -0.004653 -0.005571 0.032724
v 0.005614 -0.005573 0.016433
v 0.004629 -0.005574 0.021141
v -0.004795 -0.005575 0.028773
v 0.004608 -0.005581 0.026046
v 0.003537 -0.005582 0.040736
v 0.004671 -0.005584 0.037161
v -0.004582 -0.005585 0.021608
v 0.005602 -0.005585 0.023690
v -0.005570 -0.005585 0.023060
v -0.005570 -0.005585 0.019060
v 0.005602 -0.005585 0.023555
v -0.005570 -0.005586 0.023196
v -0.005570 -0.005586 0.021196
v 0.005601 -0.005586 0.021690
v -0.005570 -0.005586 0.021060
v 0.005602 -0.005586 0.021555
v -0.005570 -0.005586 0.019196
v -0.005570 -0.005586 0.035060
v -0.005570 -0.005586 0.035196
v 0.005584 -0.005603 0.035689
v 0.004647 -0.005605 0.025160
v 0.005579 -0.005608 0.035553
v 0.003545 -0.005609 0.040751
v -0.005527 -0.005629 0.031063
v -0.004553 -0.005629 0.020717
v 0.010600 -0.005632 0.007841
v -0.004513 -0.005638 0.022707
v -0.005517 -0.005638 0.031199
v -0.010575 -0.005642 0.015280
v -0.005509 -0.005647 0.027199
v 0.010602 -0.005649 0.015280
v -0.005506 -0.005649 0.027064
v -0.005504 -0.005651 0.017200
v -0.004934 -0.005660 0.033436
v 0.004566 -0.005665 0.029153
v -0.005488 -0.005668 0.017065
v -0.004468 -0.005668 0.029619
v 0.004755 -0.005679 0.033235
v 0.005497 -0.005688 0.033549
v -0.005464 -0.005690 0.033066
v -0.004465 -0.005693 0.037611
v -0.005457 -0.005697 0.033202
v 0.004470 -0.005698 0.018035
v 0.005482 -0.005702 0.033683
v -0.003894 -0.005706 0.040548
v 0.003772 -0.005711 0.016874
v -0.004411 -0.005715 0.016711
v 0.004443 -0.005715 0.031126
v -0.005436 -0.005717 0.039204
v -0.004362 -0.005722 0.033638
v -0.005419 -0.005733 0.039069
v -0.004371 -0.005752 0.025622
v -0.004379 -0.005760 0.026723
v 0.004603 -0.005767 0.017211
v -0.004361 -0.005781 0.023613
v 0.004381 -0.005786 0.019132
v -0.005358 -0.005790 0.029208
v -0.005358 -0.005790 0.037208
v -0.004350 -0.005790 0.035613
v -0.005358 -0.005790 0.037072
v 0.005388 -0.005790 0.029542
v 0.005388 -0.005790 0.037542
v -0.005357 -0.005790 0.029072
v 0.005388 -0.005791 0.025678
v 0.005388 -0.005791 0.029678
v -0.005357 -0.005791 0.025208
v 0.005389 -0.005791 0.037678
v -0.005357 -0.005791 0.025072
v -0.004307 -0.005792 0.017631
v -0.004348 -0.005795 0.034730
v -0.004320 -0.005796 0.018723
v 0.005378 -0.005800 0.025542
v 0.004347 -0.005802 0.028024
v 0.004360 -0.005805 0.038020
v 0.004342 -0.005808 0.030022
v -0.003084 -0.005828 0.034398
v 0.003111 -0.005829 0.034352
v -0.002294 -0.005831 0.041000
v 0.004239 -0.005841 0.027104
v -0.003052 -0.005844 0.028399
v 0.003083 -0.005844 0.022351
v 0.003082 -0.005844 0.028351
v -0.003052 -0.005844 0.024399
v -0.003052 -0.005844 0.030399
v -0.003052 -0.005844 0.032399
v 0.003082 -0.005844 0.026351
v 0.003082 -0.005844 0.020351
v 0.003082 -0.005844 0.032351
v -0.003051 -0.005844 0.038399
v 0.003082 -0.005844 0.018351
v -0.003051 -0.005844 0.020399
v 0.003083 -0.005844 0.038709
v -0.003051 -0.005844 0.036399
v -0.003052 -0.005845 0.036041
v -0.003052 -0.005845 0.038041
v 0.003083 -0.005845 0.022709
v -0.003052 -0.005845 0.034041
v 0.003083 -0.005845 0.028709
v 0.003083 -0.005845 0.034709
v -0.003052 -0.005845 0.020041
v 0.003083 -0.005845 0.020709
v -0.003052 -0.005845 0.024041
v 0.003082 -0.005845 0.036351
v 0.003083 -0.005845 0.036709
v -0.003052 -0.005845 0.030041
v -0.003052 -0.005845 0.026399
v -0.003052 -0.005845 0.026041
v 0.003083 -0.005845 0.032709
v 0.003083 -0.005845 0.024709
v 0.003083 -0.005845 0.026709
v 0.003083 -0.005845 0.018709
v 0.003083 -0.005845 0.038351
v -0.003052 -0.005845 0.028041
v 0.003083 -0.005845 0.030709
v -0.003052 -0.005845 0.022041
v 0.003083 -0.005845 0.024351
v -0.004242 -0.005846 0.028722
v -0.003041 -0.005850 0.018400
v -0.004227 -0.005852 0.031634
v -0.003038 -0.005852 0.040042
v -0.003035 -0.005853 0.040401
v -0.003036 -0.005853 0.018042
v -0.003034 -0.005854 0.032042
v -0.003030 -0.005855 0.022401
v 0.003061 -0.005855 0.030350
v -0.004267 -0.005857 0.030734
v -0.005284 -0.005859 0.016000
v -0.004261 -0.005860 0.024734
v 0.004374 -0.005862 0.035164
v 0.002240 -0.005863 0.041000
v 0.004753 -0.005864 0.027313
v 0.004695 -0.005864 0.039884
v 0.005300 -0.005872 0.031674
v -0.005265 -0.005872 0.016433
v 0.005292 -0.005879 0.031537
v 0.004331 -0.005881 0.019994
v 0.004276 -0.005883 0.022009
v 0.004316 -0.005884 0.033994
v 0.005277 -0.005892 0.039536
v 0.005277 -0.005893 0.017536
v -0.004255 -0.005900 0.038752
v 0.005261 -0.005907 0.017672
v 0.005261 -0.005907 0.027672
v 0.005259 -0.005909 0.039670
v 0.005254 -0.005914 0.027535
v -0.004199 -0.005916 0.036743
v -0.004163 -0.005917 0.027630
v 0.002938 -0.005918 0.040343
v 0.004394 -0.005920 0.023954
v -0.010408 -0.005920 0.003819
v -0.003573 -0.005923 0.026570
v 0.004235 -0.005924 0.023138
v 0.004121 -0.005929 0.040030
v 0.004160 -0.005940 0.036013
v 0.004223 -0.005941 0.039141
v 0.002888 -0.005942 0.040703
v 0.004169 -0.005943 0.032009
v 0.004166 -0.005965 0.037131
v -0.004087 -0.005968 0.019634
v 0.004142 -0.005970 0.025124
v 0.004143 -0.005972 0.021127
v -0.004117 -0.005973 0.032746
v -0.004033 -0.005983 0.020727
v -0.004269 -0.005990 0.039559
v 0.002900 -0.005995 0.040733
v 0.004001 -0.006020 0.029096
v -0.004048 -0.006026 0.022752
v 0.004138 -0.006031 0.033151
v -0.001544 -0.006074 0.041000
v 0.005052 -0.006085 0.016000
v 0.001519 -0.006088 0.041000
v 0.004122 -0.006090 0.016663
v -0.004999 -0.006104 0.027228
v 0.003951 -0.006104 0.031117
v 0.005027 -0.006106 0.023660
v 0.005027 -0.006106 0.023522
v 0.005027 -0.006106 0.021522
v -0.004996 -0.006106 0.023090
v -0.004996 -0.006106 0.019090
v 0.005027 -0.006106 0.021660
v -0.004996 -0.006106 0.019228
v -0.004996 -0.006106 0.023228
v -0.004996 -0.006107 0.021228
v -0.004995 -0.006107 0.035228
v -0.004995 -0.006107 0.035090
v -0.004996 -0.006107 0.021090
v -0.004993 -0.006109 0.027090
v 0.005021 -0.006110 0.016433
v 0.005021 -0.006111 0.019522
v -0.003161 -0.006114 0.040568
v 0.005017 -0.006114 0.035522
v 0.005004 -0.006124 0.019659
v 0.003831 -0.006125 0.035086
v 0.005001 -0.006127 0.035659
v 0.003102 -0.006138 0.016860
v -0.003741 -0.006140 0.016724
v -0.003830 -0.006146 0.034751
v 0.004077 -0.006151 0.017183
v -0.003742 -0.006159 0.029666
v 0.002389 -0.006159 0.032676
v -0.002358 -0.006160 0.034437
v -0.002349 -0.006162 0.038075
v 0.003905 -0.006163 0.019128
v -0.003851 -0.006163 0.021630
v 0.002378 -0.006163 0.030313
v 0.002368 -0.006167 0.020675
v 0.003706 -0.006168 0.034026
v 0.002364 -0.006168 0.030675
v -0.002325 -0.006171 0.036076
v -0.002325 -0.006171 0.020076
v 0.002356 -0.006171 0.034675
v -0.002325 -0.006171 0.024076
v 0.002356 -0.006171 0.028675
v -0.002325 -0.006171 0.032076
v -0.002325 -0.006171 0.026076
v 0.002356 -0.006171 0.018675
v 0.002356 -0.006171 0.038312
v 0.002355 -0.006171 0.026675
v -0.002325 -0.006171 0.022076
v 0.002356 -0.006171 0.022312
v -0.002325 -0.006172 0.034076
v -0.002325 -0.006172 0.026438
v 0.002356 -0.006172 0.032312
v -0.002325 -0.006172 0.024438
v 0.002356 -0.006172 0.020312
v -0.002325 -0.006172 0.022438
v -0.002325 -0.006172 0.030438
v -0.002326 -0.006172 0.028438
v 0.002356 -0.006172 0.036312
v 0.002356 -0.006172 0.024312
v 0.002356 -0.006172 0.028312
v -0.002325 -0.006172 0.040076
v 0.002356 -0.006172 0.036675
v -0.002325 -0.006172 0.038438
v 0.002356 -0.006172 0.024675
v -0.002325 -0.006172 0.040439
v -0.002325 -0.006172 0.020438
v 0.002356 -0.006172 0.038675
v 0.002355 -0.006172 0.034312
v -0.002325 -0.006172 0.036438
v -0.002325 -0.006172 0.028076
v 0.002356 -0.006172 0.022675
v -0.002325 -0.006172 0.030076
v 0.002356 -0.006172 0.026312
v 0.002356 -0.006172 0.018312
v -0.004913 -0.006174 0.031094
v -0.002312 -0.006176 0.018076
v -0.002312 -0.006176 0.018439
v -0.002312 -0.006177 0.032439
v -0.003645 -0.006178 0.039692
v -0.004906 -0.006179 0.017233
v -0.004905 -0.006180 0.031233
v -0.003741 -0.006183 0.024746
v -0.003743 -0.006184 0.033653
v -0.010256 -0.006193 0.007090
v -0.003694 -0.006194 0.025664
v -0.004886 -0.006195 0.033095
v -0.004886 -0.006195 0.017095
v -0.003733 -0.006198 0.037653
v -0.003718 -0.006198 0.028749
v -0.003744 -0.006199 0.030756
v 0.004909 -0.006202 0.033516
v -0.004878 -0.006202 0.033235
v -0.003752 -0.006205 0.018761
v 0.003801 -0.006207 0.027114
v -0.003792 -0.006209 0.017627
v 0.002247 -0.006211 0.040306
v 0.004892 -0.006215 0.033654
v 0.003750 -0.006217 0.025991
v 0.000787 -0.006222 0.041000
v -0.000771 -0.006223 0.041000
v 0.003694 -0.006226 0.039088
v 0.002202 -0.006228 0.040670
v -0.004838 -0.006233 0.039237
v -0.003691 -0.006234 0.038761
v 0.003703 -0.006240 0.023097
v -0.004819 -0.006247 0.039098
v -0.003945 -0.006248 0.026835
v -0.003662 -0.006250 0.023648
v 0.003652 -0.006256 0.037993
v 0.003657 -0.006258 0.021992
v -0.003683 -0.006260 0.027639
v 0.003680 -0.006263 0.017986
v -0.003643 -0.006266 0.035647
v 0.003644 -0.006267 0.023992
v 0.000015 -0.006273 0.041000
v -0.010209 -0.006278 0.011545
v 0.003595 -0.006282 0.033082
v 0.003633 -0.006284 0.019984
v -0.003624 -0.006289 0.036771
v 0.003657 -0.006292 0.029974
v 0.003611 -0.006293 0.025092
v 0.010231 -0.006294 0.010378
v 0.004786 -0.006296 0.025649
v -0.004755 -0.006296 0.037241
v 0.004785 -0.006296 0.029509
v -0.004755 -0.006296 0.029241
v 0.004785 -0.006297 0.037509
v -0.004754 -0.006297 0.037101
v 0.004785 -0.006297 0.029649
v -0.004754 -0.006297 0.025241
v -0.004754 -0.006297 0.029101
v -0.004754 -0.006297 0.025101
v 0.004785 -0.006297 0.037649
v 0.004783 -0.006298 0.025509
v 0.010228 -0.006300 0.012862
v 0.003639 -0.006302 0.021106
v 0.002222 -0.006304 0.040715
v 0.003622 -0.006310 0.037105
v -0.003516 -0.006319 0.022760
v -0.003583 -0.006332 0.032783
v 0.003556 -0.006336 0.027980
v -0.003554 -0.006345 0.020782
v -0.003468 -0.006351 0.019664
v 0.004706 -0.006357 0.027645
v 0.004697 -0.006363 0.027505
v 0.004684 -0.006372 0.031644
v 0.003448 -0.006373 0.031983
v 0.004681 -0.006375 0.039504
v -0.004645 -0.006376 0.016433
v -0.004645 -0.006376 0.016000
v 0.004676 -0.006378 0.031503
v 0.003370 -0.006385 0.019063
v 0.004665 -0.006387 0.039643
v 0.003509 -0.006391 0.029108
v -0.003436 -0.006393 0.031652
v 0.004651 -0.006396 0.017502
v -0.001589 -0.006403 0.028111
v 0.003524 -0.006404 0.039951
v -0.001580 -0.006405 0.040112
v 0.001606 -0.006406 0.032638
v -0.001574 -0.006406 0.026478
v -0.001564 -0.006409 0.040479
v 0.001595 -0.006409 0.038272
v -0.001565 -0.006409 0.028478
v 0.001595 -0.006409 0.022272
v -0.001564 -0.006409 0.034478
v -0.001564 -0.006409 0.024478
v 0.001595 -0.006409 0.032272
v 0.001595 -0.006409 0.028272
v -0.001564 -0.006409 0.030478
v -0.001564 -0.006409 0.032478
v 0.001595 -0.006409 0.026272
v 0.001595 -0.006409 0.024272
v 0.001595 -0.006409 0.018272
v 0.001595 -0.006409 0.034272
v -0.001564 -0.006409 0.036478
v -0.001564 -0.006409 0.020478
v 0.001595 -0.006409 0.038638
v -0.001564 -0.006409 0.038478
v -0.001564 -0.006409 0.022478
v -0.001564 -0.006409 0.034113
v 0.001595 -0.006409 0.036272
v -0.001564 -0.006409 0.038113
v 0.001595 -0.006409 0.030272
v -0.001564 -0.006409 0.036113
v 0.001595 -0.006409 0.034638
v 0.001595 -0.006409 0.022638
v -0.001564 -0.006409 0.030113
v 0.001595 -0.006409 0.018638
v 0.001595 -0.006409 0.036638
v -0.001564 -0.006409 0.020113
v -0.001564 -0.006409 0.032113
v 0.001595 -0.006409 0.026638
v 0.001595 -0.006409 0.030638
v -0.001564 -0.006409 0.022113
v -0.001564 -0.006409 0.024113
v 0.001595 -0.006409 0.024638
v 0.001595 -0.006409 0.028638
v 0.004632 -0.006410 0.017642
v 0.001586 -0.006411 0.020272
v -0.001555 -0.006411 0.018113
v -0.001550 -0.006412 0.018479
v -0.001548 -0.006413 0.026114
v 0.001573 -0.006414 0.020636
v 0.003405 -0.006416 0.031088
v -0.002401 -0.006420 0.040589
v 0.001537 -0.006423 0.040269
v 0.001489 -0.006434 0.040635
v 0.003372 -0.006434 0.035971
v 0.002855 -0.006452 0.040070
v -0.003311 -0.006473 0.026793
v 0.003511 -0.006473 0.017149
v -0.003307 -0.006474 0.034792
v 0.003333 -0.006475 0.035096
v 0.002388 -0.006483 0.016846
v -0.003026 -0.006486 0.016738
v -0.003169 -0.006491 0.017684
v -0.003190 -0.006492 0.024776
v -0.004476 -0.006498 0.027255
v -0.004474 -0.006499 0.027114
v -0.003144 -0.006500 0.027687
v 0.003271 -0.006509 0.027094
v -0.003190 -0.006510 0.018785
v 0.003082 -0.006528 0.021049
v 0.002973 -0.006529 0.030005
v -0.003159 -0.006531 0.028790
v -0.003134 -0.006531 0.030787
v 0.001508 -0.006538 0.040696
v 0.003138 -0.006541 0.033964
v -0.003042 -0.006547 0.021691
v 0.000843 -0.006549 0.032599
v -0.000799 -0.006550 0.040152
v 0.000818 -0.006552 0.018234
v 0.000811 -0.006552 0.038233
v -0.000780 -0.006552 0.034517
v -0.000780 -0.006552 0.024517
v 0.000811 -0.006552 0.030233
v 0.000811 -0.006553 0.028233
v -0.000780 -0.006553 0.038517
v 0.000811 -0.006553 0.024233
v 0.000811 -0.006553 0.034233
v -0.000780 -0.006553 0.036517
v -0.000780 -0.006553 0.020517
v 0.000811 -0.006553 0.020233
v -0.000780 -0.006553 0.040519
v -0.000780 -0.006553 0.028517
v 0.000811 -0.006553 0.038598
v -0.000780 -0.006553 0.034153
v 0.000811 -0.006553 0.022598
v 0.000811 -0.006553 0.036598
v -0.000780 -0.006553 0.028153
v -0.000780 -0.006553 0.022153
v -0.000780 -0.006553 0.020153
v 0.000811 -0.006553 0.028598
v 0.000811 -0.006553 0.020598
v 0.000811 -0.006553 0.030598
v -0.000780 -0.006553 0.032153
v -0.000780 -0.006553 0.036153
v 0.000811 -0.006553 0.034598
v 0.000811 -0.006553 0.024598
v 0.000811 -0.006553 0.022233
v -0.000780 -0.006553 0.024153
v 0.000811 -0.006553 0.026598
v 0.000811 -0.006553 0.032233
v -0.000780 -0.006553 0.038153
v -0.000779 -0.006553 0.030517
v -0.000776 -0.006553 0.018153
v 0.000800 -0.006554 0.026233
v -0.000771 -0.006554 0.030153
v -0.000766 -0.006554 0.022518
v 0.000795 -0.006554 0.018597
v 0.000795 -0.006555 0.040232
v -0.000765 -0.006555 0.018518
v -0.000755 -0.006555 0.026518
v -0.002993 -0.006555 0.032770
v -0.000752 -0.006556 0.032519
v 0.000782 -0.006556 0.036232
v -0.000744 -0.006557 0.026155
v -0.002976 -0.006559 0.023705
v 0.000757 -0.006559 0.040597
v 0.003162 -0.006561 0.039089
v 0.003025 -0.006566 0.037054
v 0.004405 -0.006568 0.023632
v 0.004405 -0.006568 0.023490
v 0.004404 -0.006568 0.021490
v 0.004404 -0.006568 0.035490
v 0.004404 -0.006568 0.035632
v 0.004404 -0.006568 0.019490
v 0.004404 -0.006568 0.019632
v 0.004404 -0.006568 0.021632
v 0.004404 -0.006568 0.016000
v -0.004373 -0.006568 0.021260
v -0.004374 -0.006568 0.023260
v -0.004374 -0.006568 0.023118
v -0.004372 -0.006569 0.035118
v -0.004373 -0.006569 0.021118
v -0.004373 -0.006569 0.035260
v 0.003388 -0.006569 0.016647
v -0.003079 -0.006570 0.038795
v 0.003125 -0.006573 0.023085
v -0.004361 -0.006576 0.019118
v -0.004353 -0.006582 0.019261
v 0.003065 -0.006584 0.033073
v -0.003008 -0.006587 0.033683
v 0.004375 -0.006588 0.016433
v -0.003000 -0.006588 0.020789
v -0.003022 -0.006589 0.036793
v 0.002926 -0.006595 0.029041
v -0.002898 -0.006596 0.035708
v 0.000015 -0.006601 0.018194
v 0.000015 -0.006601 0.018556
v 0.000015 -0.006601 0.020194
v 0.000015 -0.006601 0.020556
v 0.000015 -0.006601 0.022194
v 0.000015 -0.006601 0.022556
v 0.000015 -0.006601 0.024194
v 0.000015 -0.006601 0.024556
v 0.000015 -0.006601 0.026194
v 0.000015 -0.006601 0.026556
v 0.000015 -0.006601 0.028194
v 0.000015 -0.006601 0.028556
v 0.000015 -0.006601 0.030194
v 0.000015 -0.006601 0.030556
v 0.000015 -0.006601 0.032194
v 0.000015 -0.006601 0.032556
v 0.000015 -0.006601 0.034194
v 0.000015 -0.006601 0.034556
v 0.000015 -0.006601 0.036194
v 0.000015 -0.006601 0.036556
v 0.000015 -0.006601 0.038194
v 0.000015 -0.006601 0.038557
v 0.000015 -0.006601 0.040194
v 0.000015 -0.006601 0.040558
v -0.003005 -0.006608 0.025672
v -0.002994 -0.006613 0.029671
v 0.002921 -0.006616 0.019966
v 0.003051 -0.006616 0.025086
v -0.002980 -0.006622 0.039670
v -0.002893 -0.006630 0.037689
v -0.001606 -0.006632 0.040611
v -0.004270 -0.006636 0.017266
v -0.004268 -0.006637 0.031122
v -0.004259 -0.006643 0.031266
v -0.004251 -0.006648 0.017123
v 0.002917 -0.006652 0.021946
v 0.004273 -0.006653 0.033484
v -0.004239 -0.006656 0.033124
v 0.002910 -0.006658 0.023946
v -0.004228 -0.006663 0.033267
v 0.004253 -0.006666 0.033626
v 0.002807 -0.006668 0.037961
v -0.002998 -0.006670 0.022832
v 0.002880 -0.006671 0.025942
v 0.002838 -0.006674 0.017948
v -0.002833 -0.006675 0.019684
v -0.004201 -0.006679 0.039269
v 0.002838 -0.006683 0.019064
v 0.002150 -0.006685 0.040052
v -0.002740 -0.006692 0.034796
v 0.002858 -0.006692 0.031073
v -0.004180 -0.006693 0.039126
v 0.000769 -0.006694 0.040675
v -0.002690 -0.006698 0.031709
v 0.002776 -0.006704 0.035057
v 0.002739 -0.006707 0.027948
v -0.009046 -0.006717 0.016000
v -0.002759 -0.006718 0.026814
v 0.002703 -0.006727 0.027051
v -0.004104 -0.006741 0.037273
v -0.004104 -0.006741 0.029273
v 0.004135 -0.006741 0.029477
v -0.004104 -0.006741 0.025273
v -0.004104 -0.006741 0.037129
v 0.004135 -0.006741 0.025477
v 0.004135 -0.006741 0.037477
v 0.004135 -0.006741 0.029621
v -0.004104 -0.006741 0.029129
v 0.004134 -0.006741 0.037621
v 0.004134 -0.006741 0.025621
v -0.004103 -0.006741 0.025129
v 0.001639 -0.006747 0.016831
v -0.002277 -0.006748 0.016753
v -0.000788 -0.006749 0.040633
v 0.009050 -0.006754 0.016000
v 0.002802 -0.006756 0.031913
v -0.002631 -0.006762 0.024816
v 0.000015 -0.006767 0.040654
v -0.009879 -0.006767 0.013574
v -0.002580 -0.006768 0.027700
v -0.002627 -0.006769 0.018819
v -0.002579 -0.006772 0.028813
v 0.002565 -0.006774 0.039041
v 0.002551 -0.006788 0.035936
v -0.001918 -0.006791 0.027836
v 0.004047 -0.006793 0.027617
v 0.002551 -0.006795 0.023050
v 0.002165 -0.006797 0.031988
v -0.002184 -0.006798 0.026769
v 0.004036 -0.006799 0.027473
v -0.002517 -0.006801 0.017698
v 0.002939 -0.006807 0.017154
v -0.002432 -0.006809 0.036810
v 0.004021 -0.006809 0.039472
v -0.003977 -0.006812 0.016433
v 0.002493 -0.006815 0.025046
v 0.004007 -0.006816 0.031615
v 0.002531 -0.006820 0.021058
v 0.004001 -0.006820 0.031471
v -0.003968 -0.006822 0.016000
v 0.003998 -0.006822 0.039614
v -0.002408 -0.006824 0.020815
v -0.002422 -0.006825 0.032818
v -0.002422 -0.006827 0.038820
v 0.003983 -0.006830 0.017470
v 0.002503 -0.006834 0.033058
v -0.002339 -0.006836 0.025722
v 0.003962 -0.006843 0.017614
v -0.002162 -0.006844 0.033753
v 0.002529 -0.006846 0.033909
v 0.002400 -0.006849 0.029926
v 0.002464 -0.006850 0.037058
v 0.002265 -0.006850 0.031013
v -0.002368 -0.006861 0.022830
v -0.003888 -0.006868 0.027138
v -0.003883 -0.006871 0.027283
v 0.002216 -0.006873 0.019015
v -0.008928 -0.006873 0.000000
v -0.002356 -0.006874 0.023697
v -0.002320 -0.006878 0.021703
v 0.002157 -0.006881 0.035006
v 0.002357 -0.006889 0.029054
v 0.008947 -0.006889 -0.000000
v -0.002133 -0.006901 0.035731
v -0.002160 -0.006915 0.034832
v -0.001504 -0.006925 0.016769
v 0.000866 -0.006926 0.016815
v 0.002236 -0.006926 0.019905
v -0.002140 -0.006927 0.030838
v 0.002555 -0.006930 0.016648
v -0.002127 -0.006931 0.039715
v -0.001245 -0.006932 0.027876
v -0.002151 -0.006935 0.029707
v -0.002091 -0.006935 0.037722
v -0.002073 -0.006939 0.019722
v -0.001543 -0.006946 0.026785
v 0.002165 -0.006948 0.021902
v -0.001998 -0.006950 0.024832
v 0.002110 -0.006950 0.027033
v 0.002102 -0.006952 0.023906
v 0.002699 -0.006956 0.039817
v 0.002064 -0.006957 0.025909
v -0.000985 -0.006962 0.026760
v 0.001957 -0.006965 0.037915
v 0.003740 -0.006966 0.023461
v 0.003739 -0.006966 0.021461
v 0.003739 -0.006966 0.035461
v 0.003740 -0.006966 0.023604
v 0.003739 -0.006966 0.035604
v 0.003739 -0.006966 0.019460
v 0.003739 -0.006966 0.019604
v 0.003739 -0.006967 0.021604
v 0.001964 -0.006967 0.027914
v -0.003709 -0.006967 0.019146
v -0.003709 -0.006967 0.023146
v -0.003709 -0.006967 0.019290
v -0.003709 -0.006967 0.023290
v -0.003708 -0.006967 0.021290
v -0.001991 -0.006967 0.031723
v -0.003708 -0.006967 0.021146
v -0.003708 -0.006968 0.035290
v -0.003708 -0.006968 0.035146
v -0.002031 -0.006970 0.018847
v 0.003726 -0.006971 0.016000
v 0.001068 -0.006975 0.030870
v 0.002022 -0.006979 0.017903
v -0.002005 -0.006985 0.028852
v 0.001884 -0.006989 0.037010
v 0.001936 -0.006991 0.021021
v 0.003690 -0.006992 0.016433
v 0.001904 -0.007000 0.033020
v 0.004057 -0.007000 -0.000000
v -0.004026 -0.007000 0.000000
v 0.000016 -0.007000 0.001083
v 0.004057 -0.007000 0.003500
v -0.004026 -0.007000 0.003500
v 0.000016 -0.007000 0.004222
v 0.004057 -0.007000 0.007000
v -0.004026 -0.007000 0.007000
v 0.000016 -0.007000 0.007361
v 0.004057 -0.007000 0.010500
v 0.000015 -0.007000 0.010500
v -0.004026 -0.007000 0.010500
v -0.000645 -0.007001 0.027913
v 0.001916 -0.007003 0.025024
v 0.001968 -0.007006 0.023035
v 0.002353 -0.007009 0.017118
v 0.001588 -0.007014 0.031925
v -0.001806 -0.007015 0.017735
v -0.000716 -0.007016 0.016784
v 0.001773 -0.007016 0.035909
v 0.000078 -0.007016 0.016799
v 0.000816 -0.007016 0.031964
v -0.001857 -0.007017 0.036854
v -0.003606 -0.007020 0.031151
v 0.001872 -0.007024 0.033894
v -0.003594 -0.007027 0.031294
v -0.001753 -0.007028 0.022850
v 0.001742 -0.007029 0.031007
v -0.001776 -0.007032 0.038854
v -0.000349 -0.007033 0.026795
v -0.003581 -0.007034 0.017295
v -0.001722 -0.007040 0.023737
v 0.003600 -0.007040 0.033455
v -0.001558 -0.007040 0.034839
v -0.001820 -0.007040 0.020863
v -0.000371 -0.007041 0.031915
v -0.003563 -0.007043 0.017152
v -0.003559 -0.007045 0.033153
v 0.001985 -0.007046 0.039060
v 0.001752 -0.007048 0.029018
v 0.001760 -0.007051 0.029890
v 0.003578 -0.007051 0.033597
v -0.003547 -0.007051 0.033296
v -0.001852 -0.007053 0.032874
v -0.001633 -0.007060 0.021742
v 0.001591 -0.007061 0.018997
v -0.003518 -0.007065 0.039298
v -0.001348 -0.007076 0.029780
v -0.003495 -0.007077 0.039156
v 0.001442 -0.007079 0.021900
v -0.001383 -0.007080 0.028849
v -0.001412 -0.007091 0.018857
v -0.001259 -0.007094 0.031781
v 0.001413 -0.007096 0.019890
v -0.001457 -0.007099 0.030865
v 0.001353 -0.007107 0.038984
v -0.001351 -0.007110 0.024864
v -0.001116 -0.007110 0.017795
v -0.003412 -0.007117 0.037302
v 0.001144 -0.007117 0.033894
v -0.003412 -0.007117 0.025302
v 0.001294 -0.007117 0.020980
v -0.003412 -0.007117 0.037159
v 0.003443 -0.007117 0.029449
v -0.003411 -0.007117 0.025160
v 0.003443 -0.007117 0.029591
v 0.003443 -0.007117 0.025449
v 0.003443 -0.007118 0.037591
v 0.003443 -0.007118 0.037449
v -0.003412 -0.007118 0.029302
v -0.003412 -0.007118 0.029160
v 0.003442 -0.007118 0.025591
v -0.001304 -0.007119 0.033761
v -0.001751 -0.007121 0.025687
v 0.001469 -0.007125 0.027012
v -0.001238 -0.007127 0.032867
v -0.001294 -0.007128 0.035758
v 0.001340 -0.007131 0.022996
v 0.001573 -0.007134 0.035033
v -0.001244 -0.007143 0.039756
v 0.001254 -0.007144 0.032990
v -0.001155 -0.007144 0.038873
v 0.001260 -0.007145 0.024991
v 0.000298 -0.007148 0.026890
v 0.001261 -0.007148 0.036993
v 0.009649 -0.007148 0.005743
v -0.001197 -0.007149 0.020877
v 0.001243 -0.007149 0.017870
v -0.001240 -0.007149 0.036880
v -0.001279 -0.007150 0.037746
v 0.001287 -0.007150 0.025867
v 0.001235 -0.007153 0.027870
v 0.001210 -0.007156 0.023866
v 0.001129 -0.007156 0.028979
v 0.001176 -0.007160 0.039868
v 0.000440 -0.007160 0.039883
v -0.000286 -0.007161 0.030870
v 0.001081 -0.007165 0.029870
v 0.001163 -0.007165 0.037864
v 0.003340 -0.007166 0.027586
v 0.001950 -0.007167 0.039802
v -0.001069 -0.007168 0.023768
v 0.000960 -0.007169 0.034965
v 0.003330 -0.007170 0.027444
v 0.003328 -0.007172 0.039444
v -0.001086 -0.007175 0.025761
v 0.003320 -0.007175 0.031585
v -0.001134 -0.007175 0.022889
v -0.000821 -0.007176 0.018879
v 0.003308 -0.007180 0.031443
v 0.003307 -0.007181 0.039584
v -0.003269 -0.007184 0.016433
v 0.000708 -0.007189 0.022948
v -0.001209 -0.007190 0.019734
v -0.003247 -0.007192 0.016000
v 0.000698 -0.007193 0.038949
v 0.003278 -0.007194 0.017442
v 0.000728 -0.007198 0.021859
v 0.000339 -0.007200 0.030922
v -0.000867 -0.007201 0.021772
v 0.003261 -0.007202 0.017583
v -0.000732 -0.007205 0.028894
v 0.000594 -0.007209 0.032948
v 0.000665 -0.007211 0.020956
v -0.000654 -0.007212 0.024898
v 0.001033 -0.007215 0.019001
v -0.000332 -0.007216 0.034901
v -0.000507 -0.007217 0.022900
v -0.000875 -0.007217 0.030904
v -0.000956 -0.007218 0.034908
v -0.000469 -0.007222 0.033801
v 0.001105 -0.007222 0.035836
v 0.000846 -0.007222 0.026981
v 0.000470 -0.007224 0.025843
v -0.002065 -0.007224 0.027571
v -0.003180 -0.007224 0.027170
v -0.000613 -0.007224 0.032904
v 0.001755 -0.007225 0.017115
v -0.000607 -0.007225 0.036904
v -0.000525 -0.007225 0.038904
v -0.003172 -0.007227 0.027311
v -0.000566 -0.007228 0.020906
v -0.000331 -0.007229 0.023809
v -0.000347 -0.007230 0.025806
v -0.000373 -0.007230 0.039803
v -0.000407 -0.007231 0.037801
v 0.000399 -0.007231 0.035840
v 0.000493 -0.007232 0.028952
v 0.000551 -0.007232 0.027842
v -0.000560 -0.007232 0.029787
v -0.000372 -0.007233 0.019805
v -0.000399 -0.007235 0.035798
v 0.000472 -0.007237 0.019835
v -0.000048 -0.007239 0.021819
v 0.000597 -0.007241 0.024967
v -0.000050 -0.007241 0.027821
v 0.000419 -0.007241 0.018952
v 0.000396 -0.007243 0.037835
v -0.000405 -0.007243 0.017794
v 0.000380 -0.007249 0.033827
v 0.000610 -0.007250 0.036973
v -0.001965 -0.007254 0.027002
v -0.000024 -0.007255 0.024933
v 0.000414 -0.007255 0.017824
v 0.000332 -0.007255 0.034953
v 0.000396 -0.007255 0.023827
v 0.000195 -0.007255 0.031822
v -0.000012 -0.007256 0.032933
v 0.000302 -0.007256 0.029822
v 0.000000 -0.007260 0.036936
v 0.000060 -0.007271 0.020946
v -0.000119 -0.007271 0.028938
v 0.000092 -0.007274 0.038949
v 0.000112 -0.007274 0.022950
v -0.000234 -0.007284 0.018943
v -0.003008 -0.007298 0.023178
v -0.003007 -0.007298 0.023317
v -0.003008 -0.007298 0.019178
v -0.003007 -0.007298 0.021317
v 0.003039 -0.007298 0.035572
v 0.003039 -0.007298 0.019572
v 0.003039 -0.007298 0.023572
v -0.003007 -0.007298 0.035317
v 0.003039 -0.007298 0.023433
v 0.003039 -0.007298 0.035433
v 0.003039 -0.007298 0.021433
v 0.003039 -0.007299 0.019433
v -0.003008 -0.007299 0.019317
v 0.003038 -0.007299 0.021572
v -0.003007 -0.007299 0.035178
v -0.009508 -0.007300 0.000720
v -0.002987 -0.007306 0.021179
v 0.001456 -0.007308 0.016617
v 0.003002 -0.007311 0.016000
v -0.001544 -0.007319 0.027612
v 0.009520 -0.007322 0.000720
v 0.002963 -0.007329 0.016433
v -0.002931 -0.007329 0.031181
v -0.002921 -0.007334 0.031321
v 0.002888 -0.007358 0.033427
v -0.002853 -0.007360 0.017324
v -0.002847 -0.007363 0.033185
v -0.002836 -0.007367 0.017185
v 0.002865 -0.007368 0.033564
v -0.002833 -0.007369 0.033324
v 0.000958 -0.007377 0.017084
v -0.009435 -0.007389 0.015280
v -0.002769 -0.007392 0.039327
v -0.001244 -0.007396 0.027024
v -0.002749 -0.007400 0.039190
v 0.009450 -0.007410 0.015280
v 0.001297 -0.007410 0.031716
v 0.001370 -0.007421 0.031164
v -0.002687 -0.007423 0.037330
v -0.002687 -0.007423 0.037192
v -0.002687 -0.007424 0.025330
v 0.002717 -0.007424 0.029420
v -0.002687 -0.007424 0.029330
v 0.002717 -0.007424 0.037420
v 0.002717 -0.007424 0.037558
v 0.002717 -0.007424 0.029558
v -0.002686 -0.007424 0.025192
v -0.002686 -0.007424 0.029192
v 0.002702 -0.007429 0.025420
v 0.002683 -0.007436 0.025556
v -0.000704 -0.007436 0.031657
v -0.001058 -0.007436 0.027616
v 0.009419 -0.007440 0.003261
v 0.000045 -0.007452 0.017050
v -0.000648 -0.007453 0.027038
v 0.000790 -0.007455 0.031110
v -0.000555 -0.007461 0.027657
v 0.002598 -0.007466 0.027552
v 0.002597 -0.007466 0.039416
v 0.002588 -0.007469 0.027415
v 0.002575 -0.007474 0.039551
v -0.002527 -0.007477 0.016433
v 0.002558 -0.007479 0.017414
v 0.002557 -0.007480 0.031551
v 0.002545 -0.007484 0.031413
v -0.002509 -0.007485 0.027200
v 0.002537 -0.007486 0.017550
v -0.002502 -0.007487 0.027337
v 0.000717 -0.007488 0.031692
v -0.002493 -0.007490 0.016000
v -0.000080 -0.007511 0.027081
v -0.002278 -0.007559 0.023211
v 0.002309 -0.007559 0.035540
v 0.002309 -0.007559 0.035404
v 0.002309 -0.007559 0.019540
v 0.002309 -0.007559 0.023540
v 0.002309 -0.007559 0.021404
v -0.002278 -0.007559 0.023346
v 0.002309 -0.007559 0.019404
v -0.002277 -0.007559 0.019346
v -0.002277 -0.007559 0.021346
v -0.002277 -0.007559 0.021211
v 0.002308 -0.007559 0.023404
v -0.002278 -0.007559 0.019211
v -0.002277 -0.007560 0.035346
v -0.002277 -0.007560 0.035211
v 0.002308 -0.007560 0.021540
v 0.002247 -0.007578 0.016000
v -0.002215 -0.007578 0.031213
v -0.002203 -0.007581 0.031349
v 0.002203 -0.007587 0.016433
v 0.002149 -0.007606 0.033397
v -0.002107 -0.007610 0.033218
v -0.002104 -0.007610 0.017353
v -0.002099 -0.007612 0.033354
v 0.002123 -0.007614 0.033532
v -0.002080 -0.007617 0.017219
v -0.002047 -0.007625 0.039356
v -0.002029 -0.007630 0.039221
v -0.001934 -0.007655 0.037360
v 0.001964 -0.007655 0.037525
v -0.001934 -0.007655 0.029360
v 0.001964 -0.007655 0.029390
v 0.001964 -0.007655 0.029525
v 0.001964 -0.007655 0.025525
v -0.001934 -0.007655 0.025225
v -0.001933 -0.007655 0.029225
v -0.001934 -0.007655 0.025360
v 0.001965 -0.007655 0.037390
v -0.001934 -0.007655 0.037225
v 0.001964 -0.007655 0.025390
v -0.001916 -0.007660 0.027226
v -0.001913 -0.007661 0.027361
v 0.001844 -0.007685 0.039385
v 0.001822 -0.007691 0.039519
v 0.001818 -0.007691 0.027518
v 0.001806 -0.007694 0.027383
v -0.001759 -0.007698 0.016433
v 0.001784 -0.007699 0.017382
v 0.001777 -0.007701 0.031517
v 0.001771 -0.007702 0.031382
v 0.001766 -0.007703 0.017516
v -0.001722 -0.007706 0.016000
v -0.009147 -0.007730 0.008799
v 0.001557 -0.007747 0.035508
v 0.001557 -0.007747 0.019508
v 0.001557 -0.007747 0.023508
v -0.001525 -0.007747 0.021243
v -0.001525 -0.007747 0.035243
v 0.001557 -0.007748 0.035373
v 0.001557 -0.007748 0.019373
v 0.001557 -0.007748 0.021373
v -0.001526 -0.007748 0.019378
v 0.001556 -0.007748 0.021507
v -0.001525 -0.007748 0.021378
v 0.001556 -0.007748 0.023373
v -0.001526 -0.007748 0.019243
v -0.001525 -0.007748 0.035378
v -0.001520 -0.007749 0.023378
v -0.001504 -0.007752 0.023244
v -0.001453 -0.007762 0.031246
v 0.001464 -0.007764 0.016000
v -0.001441 -0.007764 0.031381
v -0.001430 -0.007766 0.027247
v -0.001427 -0.007767 0.027382
v 0.001424 -0.007773 0.016433
v 0.001388 -0.007780 0.033366
v -0.001338 -0.007783 0.033251
v 0.001368 -0.007783 0.033500
v -0.001334 -0.007784 0.033386
v -0.001325 -0.007785 0.017386
v -0.001302 -0.007788 0.017252
v -0.001283 -0.007792 0.039388
v -0.001263 -0.007796 0.039254
v -0.001181 -0.007809 0.029257
v -0.001181 -0.007809 0.029392
v 0.001193 -0.007811 0.037492
v 0.001193 -0.007811 0.037357
v 0.001192 -0.007811 0.025492
v -0.001162 -0.007811 0.037393
v 0.001192 -0.007811 0.025357
v -0.001162 -0.007811 0.037258
v -0.001162 -0.007811 0.025393
v -0.001162 -0.007812 0.025258
v 0.001193 -0.007812 0.029357
v 0.001192 -0.007812 0.029492
v 0.001105 -0.007824 0.031489
v 0.001102 -0.007825 0.031353
v 0.001073 -0.007828 0.039352
v 0.009095 -0.007830 0.008212
v 0.001051 -0.007831 0.039487
v 0.001028 -0.007834 0.027486
v 0.001019 -0.007835 0.027350
v 0.001014 -0.007836 0.017349
v -0.000972 -0.007837 0.016433
v 0.000990 -0.007839 0.017484
v -0.000935 -0.007842 0.016000
v -0.000888 -0.007848 0.027269
v -0.000881 -0.007849 0.027405
v 0.000818 -0.007858 0.019341
v 0.000809 -0.007859 0.023477
v 0.000796 -0.007860 0.019476
v 0.000799 -0.007861 0.023340
v 0.000790 -0.007861 0.035476
v 0.000790 -0.007861 0.035340
v 0.000790 -0.007861 0.021476
v 0.000790 -0.007861 0.021340
v -0.000759 -0.007861 0.023274
v -0.000759 -0.007861 0.023411
v -0.000759 -0.007861 0.021411
v -0.000759 -0.007862 0.019411
v -0.000758 -0.007862 0.021274
v -0.000758 -0.007862 0.035274
v -0.000759 -0.007862 0.019274
v -0.000758 -0.007862 0.035411
v -0.000739 -0.007864 0.033412
v -0.000723 -0.007865 0.033276
v -0.000660 -0.007871 0.031415
v -0.000658 -0.007871 0.031278
v 0.000655 -0.007872 0.016000
v 0.000622 -0.007872 0.016433
v 0.000609 -0.007877 0.033332
v 0.000589 -0.007878 0.033468
v -0.000526 -0.007881 0.017421
v -0.000504 -0.007882 0.039422
v -0.000504 -0.007882 0.017284
v 0.000516 -0.007883 0.031465
v 0.000508 -0.007884 0.031327
v -0.000484 -0.007884 0.039285
v -0.000379 -0.007889 0.025427
v -0.000379 -0.007889 0.029290
v -0.000379 -0.007889 0.037290
v -0.000378 -0.007889 0.025290
v -0.000379 -0.007890 0.037427
v -0.000372 -0.007890 0.029427
v 0.000409 -0.007890 0.029323
v 0.000409 -0.007890 0.037323
v 0.000409 -0.007890 0.025323
v 0.000409 -0.007890 0.029460
v 0.000409 -0.007890 0.025460
v 0.000409 -0.007890 0.037460
v -0.000329 -0.007892 0.027292
v -0.000325 -0.007892 0.027430
v 0.000301 -0.007894 0.039318
v 0.000291 -0.007894 0.027456
v 0.000279 -0.007895 0.039455
v -0.000142 -0.007895 0.016000
v 0.000286 -0.007895 0.027318
v 0.000255 -0.007896 0.017316
v 0.000235 -0.007897 0.017453
v -0.000176 -0.007897 0.016433
v -0.000152 -0.007898 0.033437
v -0.000135 -0.007898 0.033300
v -0.000077 -0.007899 0.031302
v -0.000069 -0.007899 0.031440
v -0.000010 -0.007900 0.019305
v 0.000000 -0.007900 0.019443
v 0.000016 -0.007900 0.035444
v 0.000016 -0.007900 0.035306
v 0.000015 -0.007900 0.023306
v 0.000015 -0.007900 0.021444
v 0.000015 -0.007900 0.023444
v 0.000016 -0.007900 0.021306
v -0.007997 -0.007939 0.016000
v -0.008965 -0.007949 0.006005
v -0.008947 -0.007971 0.003155
v -0.008943 -0.007976 0.011008
v 0.007955 -0.008012 0.016000
v 0.000041 -0.008082 -0.000000
v 0.008860 -0.008108 0.013083
v -0.008770 -0.008167 0.013290
v 0.008796 -0.008172 0.010706
v 0.008041 -0.008917 0.005553
v -0.006737 -0.009035 0.016000
v 0.006736 -0.009059 0.016000
v -0.006566 -0.009161 0.000000
v 0.006503 -0.009226 -0.000000
v 0.007610 -0.009275 0.002964
v -0.007403 -0.009421 0.012830
v -0.007395 -0.009434 0.015280
v 0.007413 -0.009444 0.015280
v -0.007294 -0.009512 0.008400
v -0.007240 -0.009557 0.006117
v -0.007237 -0.009559 0.003604
v 0.007259 -0.009566 0.008039
v 0.007247 -0.009576 0.012927
v -0.007167 -0.009610 0.010630
v -0.006956 -0.009762 0.000720
v 0.006967 -0.009768 0.010499
v 0.006922 -0.009809 0.000720
v -0.005206 -0.009996 0.016000
v 0.005230 -0.009999 0.016000
v 0.005908 -0.010439 0.005291
v -0.005653 -0.010576 0.015280
v 0.005659 -0.010589 0.015280
v -0.005579 -0.010605 0.012780
v -0.003540 -0.010704 0.016000
v 0.003536 -0.010715 0.016000
v -0.003475 -0.010726 0.000000
v 0.003500 -0.010728 -0.000000
v 0.005356 -0.010746 0.012962
v -0.005181 -0.010809 0.005820
v -0.005089 -0.010850 0.008398
v -0.005076 -0.010855 0.003019
v 0.005103 -0.010857 0.007947
v -0.005035 -0.010874 0.010619
v 0.004822 -0.010982 0.003133
v 0.004757 -0.011010 0.010578
v -0.001749 -0.011138 0.016000
v 0.001750 -0.011142 0.016000
v 0.000015 -0.011280 -0.000000
v 0.000015 -0.011280 0.016000
v -0.003974 -0.011306 0.013677
v -0.003819 -0.011371 0.015280
v 0.003833 -0.011376 0.015280
v -0.003695 -0.011409 0.000720
v 0.003720 -0.011411 0.000720
v -0.003302 -0.011531 0.011817
v 0.003248 -0.011554 0.013100
v 0.002969 -0.011620 0.005843
v -0.002746 -0.011665 0.007342
v -0.002720 -0.011671 0.004957
v 0.002585 -0.011710 0.008611
v -0.002536 -0.011714 0.009608
v -0.002258 -0.011780 0.002504
v 0.002242 -0.011790 0.011157
v 0.002182 -0.011801 0.002992
v -0.001922 -0.011833 0.013532
v -0.001922 -0.011842 0.015280
v 0.001930 -0.011846 0.015280
v -0.001158 -0.011940 0.011660
v 0.001173 -0.011942 0.013880
v 0.000015 -0.012000 0.000720
v 0.000015 -0.012000 0.003893
v 0.000015 -0.012000 0.006985
v 0.000015 -0.012000 0.009866
v 0.000015 -0.012000 0.012647
v 0.000015 -0.012000 0.015280
vn 0.1162 0.9925 0.0369
vn 0.3729 -0.0863 0.9239
vn 0.9955 0.0940 -0.0100
vn 0.5195 0.2130 0.8275
vn 0.2065 0.9779 0.0331
vn 0.0324 0.5073 0.8612
vn 0.0500 -0.9987 -0.0000
vn 0.1993 0.9799 0.0111
vn 0.4004 0.9160 0.0231
vn 0.6965 0.1879 -0.6926
vn -0.5104 0.8599 -0.0093
vn 0.9949 0.1000 0.0101
vn 0.0094 0.5025 0.8645
vn -0.0000 -1.0000 -0.0000
vn 0.9210 0.3885 0.0288
vn 0.8710 0.4887 -0.0513
vn 0.9985 -0.0542 0.0027
vn -0.8661 -0.4999 -0.0000
vn -0.5111 -0.5093 -0.6924
vn 0.5797 0.0672 0.8120
vn 0.9648 -0.2623 -0.0168
vn 0.9867 0.1598 0.0306
vn 0.5708 0.1347 0.8100
vn -0.0000 -0.0000 -1.0000
vn 0.5055 -0.0388 0.8619
vn 0.9971 -0.0731 -0.0225
vn 0.8955 -0.4446 -0.0188
vn 0.5477 0.1739 0.8184
vn -0.5609 -0.1331 0.8171
vn -0.0327 0.9994 -0.0064
vn 0.5552 0.1176 0.8234
vn 0.3618 -0.0993 0.9270
vn 0.3696 -0.0675 0.9267
vn -0.1192 0.9929 -0.0000
vn 0.0743 0.9972 -0.0044
vn 0.9721 0.2327 -0.0309
vn 0.3188 -0.6371 -0.7018
vn 0.3540 -0.1312 0.9260
vn 0.9705 -0.2410 -0.0015
vn 0.3610 -0.1276 0.9238
vn -0.2193 0.9755 0.0188
vn -0.5383 0.8428 -0.0030
vn -0.3242 0.9460 -0.0045
vn -0.5150 0.8570 0.0175
vn -0.5398 0.8418 -0.0053
vn -0.6750 0.7378 0.0011
vn 0.5064 0.5081 -0.6967
vn -0.6669 0.7451 -0.0114
vn 0.3407 0.9392 -0.0429
vn -0.5614 0.8275 0.0056
vn 0.0559 0.4945 -0.8674
vn -0.1713 0.6750 0.7177
vn -0.8668 0.4986 0.0060
vn -0.9726 -0.2317 0.0200
vn 0.5231 0.2460 0.8160
vn 0.1944 0.3272 0.9247
vn 0.8660 -0.5001 0.0001
vn 0.4924 -0.5150 -0.7016
vn -0.8660 0.5001 -0.0000
vn -0.0000 1.0000 -0.0000
vn 0.7069 0.7069 0.0233
vn 0.1681 -0.4763 -0.8631
vn 0.9978 -0.0601 0.0263
vn -0.3124 0.3952 -0.8638
vn 0.9858 -0.1657 -0.0279
vn -0.0895 0.9960 -0.0059
vn -0.3868 -0.9217 -0.0282
vn 0.3918 -0.0228 0.9198
vn 0.9682 -0.2495 0.0204
vn 0.0893 0.9960 -0.0000
vn 0.5088 0.8608 0.0113
vn 0.5803 0.8144 -0.0034
vn 0.9605 0.2774 0.0197
vn -0.0869 0.4942 0.8650
vn -0.8660 0.5000 0.0002
vn 0.4421 0.2456 -0.8627
vn 0.3567 -0.9340 -0.0195
vn 0.5698 -0.0036 0.8218
vn 0.8367 -0.5474 0.0179
vn 0.3069 0.9510 -0.0368
vn 0.0500 0.9987 -0.0073
vn 0.4857 0.1494 -0.8612
vn 0.9699 0.2426 -0.0221
vn 0.9988 0.0423 -0.0227
vn 0.3634 -0.1341 0.9219
vn 0.3862 0.9221 -0.0224
vn -0.0861 0.4958 -0.8641
vn 0.3776 -0.0408 0.9251
vn 0.5014 -0.0519 -0.8637
vn 0.6848 -0.1659 0.7096
vn 0.4836 -0.1267 -0.8661
vn 0.9847 0.1679 -0.0469
vn 0.3849 0.9225 -0.0282
vn -0.6778 -0.7352 -0.0101
vn 0.2829 -0.5106 0.8119
vn 0.4968 -0.0894 -0.8632
vn 0.3940 -0.6035 0.6932
vn 0.4835 0.1200 -0.8671
vn 0.0604 0.9981 0.0085
vn 0.1125 0.9937 0.0003
vn 0.3211 0.9471 -0.0015
vn -0.0290 -0.3853 0.9223
vn 0.1741 -0.9844 -0.0266
vn 0.8956 0.4449 0.0057
vn 0.6881 0.7256 0.0001
vn -0.0602 -0.9982 -0.0004
vn 0.3842 0.0574 0.9215
vn 0.9035 0.4274 0.0338
vn 0.5007 0.0418 0.8646
vn 0.1108 0.3655 0.9242
vn 0.2890 -0.9567 -0.0334
vn 0.0939 -0.9956 -0.0000
vn -0.1755 -0.5417 0.8220
vn 0.1637 -0.6846 0.7103
vn -0.2851 0.4174 -0.8629
vn -0.8661 0.4999 -0.0000
vn -0.2320 0.3138 0.9207
vn 0.5470 0.8366 0.0307
vn -0.3146 -0.9491 -0.0171
vn 0.3671 0.9302 -0.0084
vn 0.7960 -0.6049 -0.0216
vn 0.5471 0.8363 -0.0344
vn -0.8661 0.4999 0.0002
vn 0.2821 0.4099 0.8674
vn -0.8660 0.5000 -0.0000
vn 0.3614 0.9319 0.0302
vn 0.1911 -0.9814 0.0202
vn -0.5037 0.8639 -0.0041
vn -0.2144 0.3636 0.9065
vn 0.1526 0.9883 0.0007
vn -0.1521 0.9883 0.0068
vn 0.1963 0.3744 0.9062
vn 0.1050 -0.4838 0.8689
vn 0.0584 0.6856 0.7257
vn -0.0554 0.4972 0.8659
vn -0.8660 -0.5001 -0.0000
vn 0.3942 0.6028 0.6937
vn 0.0743 0.9972 -0.0000
vn 0.0121 -0.3866 0.9222
vn -0.1867 0.6928 -0.6965
vn 0.4713 0.8811 -0.0388
vn 0.1855 0.6973 -0.6924
vn 0.3624 0.1137 0.9251
vn 0.0770 -0.9967 -0.0254
vn 0.0801 -0.9965 0.0250
vn 0.8660 0.5001 0.0001
vn 0.2624 0.2822 0.9228
vn -0.0920 0.5645 0.8203
vn 0.5841 0.0093 0.8116
vn 0.8660 -0.5000 -0.0000
vn -0.4134 -0.3896 0.8230
vn 0.8660 0.5001 -0.0000
vn 0.2961 0.2305 0.9269
vn -0.1934 0.6870 0.7005
vn 0.6982 0.7158 -0.0112
vn 0.5316 -0.5324 0.6587
vn 0.3863 -0.0376 0.9216
vn 0.2855 0.6532 0.7013
vn 0.2628 0.9647 0.0176
vn -0.6935 0.1848 -0.6964
vn 0.1098 0.9936 -0.0257
vn -0.2588 0.9658 -0.0172
vn 0.1625 -0.3506 0.9223
vn 0.1251 -0.3685 0.9212
vn -0.1076 -0.9935 -0.0371
vn 0.2134 0.3258 0.9210
vn 0.2554 0.3377 0.9059
vn 0.1076 0.9941 0.0156
vn 0.1123 -0.3629 0.9250
vn 0.1260 -0.4839 -0.8660
vn 0.2574 0.9663 -0.0081
vn 0.1966 -0.3321 0.9225
vn 0.3739 0.1066 0.9213
vn 0.3750 -0.0199 0.9268
vn 0.2778 0.9606 -0.0012
vn -0.9705 -0.2397 -0.0268
vn 0.0933 0.4942 -0.8643
vn 0.3431 -0.1703 0.9237
vn 0.4591 0.5296 0.7133
vn 0.3678 0.0864 0.9259
vn 0.5439 0.1992 0.8151
vn -0.1711 0.3656 0.9149
vn 0.0265 0.3864 0.9219
vn 0.0684 0.9976 0.0140
vn 0.4754 0.8795 0.0240
vn 0.3808 0.0508 0.9233
vn 0.3695 0.0864 0.9252
vn -0.3977 -0.9175 0.0013
vn 0.3724 0.0908 0.9236
vn 0.3768 0.0875 0.9222
vn -0.4171 0.9088 -0.0098
vn 0.8939 0.4480 -0.0185
vn 0.2893 0.9572 0.0052
vn 0.0496 0.9988 -0.0000
vn 0.4354 0.2365 -0.8686
vn 0.0371 0.9993 -0.0074
vn 0.1817 0.9834 0.0024
vn -0.1198 0.9922 -0.0334
vn 0.1855 -0.6973 -0.6924
vn 0.0490 0.9988 -0.0000
vn -0.4920 0.5142 -0.7026
vn 0.2862 0.9582 -0.0000
vn 0.5066 -0.5082 -0.6965
vn -0.4915 0.5130 -0.7037
vn 0.1469 0.9891 -0.0084
vn -0.9750 -0.2176 -0.0457
vn 0.1099 0.3679 0.9233
vn -0.1116 0.7027 -0.7027
vn -0.0499 0.9988 -0.0018
vn 0.5314 0.4568 0.7134
vn 0.3815 0.0487 0.9231
vn -0.6232 0.3473 -0.7007
vn 0.3852 0.0394 0.9220
vn 0.2671 0.9636 0.0092
vn 0.1656 -0.4697 0.8671
vn 0.3752 0.0537 0.9254
vn 0.3628 0.1141 0.9249
vn -0.9721 0.2325 -0.0315
vn 0.5671 0.0931 0.8183
vn -0.1117 -0.7037 -0.7017
vn 0.1922 0.4674 -0.8629
vn -0.7985 0.6019 0.0116
vn -0.8725 0.4863 -0.0476
vn -0.6961 0.1665 -0.6984
vn -0.0736 -0.9969 0.0269
vn -0.7945 0.6070 -0.0148
vn -0.7849 0.6197 0.0014
vn -0.7901 0.6129 0.0105
vn 0.2405 0.9701 -0.0321
vn 0.0812 0.3779 0.9223
vn 0.0529 0.3793 0.9237
vn -0.9600 0.2799 0.0086
vn -0.8820 0.4711 -0.0084
vn 0.1350 0.4759 0.8691
vn -0.9451 -0.3257 0.0250
vn -0.8951 -0.4456 -0.0169
vn -0.9406 -0.3385 -0.0263
vn -0.9476 -0.3186 0.0215
vn 0.0870 -0.4946 -0.8648
vn -0.9062 -0.4218 0.0305
vn -0.8360 -0.5464 0.0510
vn -0.6643 0.7469 0.0285
vn -0.7140 0.6999 -0.0180
vn -0.8562 0.5165 -0.0130
vn -0.8006 -0.5992 0.0072
vn -0.9437 -0.3295 -0.0308
vn 0.0706 0.9974 -0.0153
vn -0.3342 0.9423 0.0177
vn -0.3814 0.9243 0.0104
vn -0.5324 0.8462 -0.0219
vn -0.9312 0.3642 0.0137
vn -0.9816 0.1901 -0.0200
vn -0.2468 -0.9687 0.0280
vn -0.9884 -0.1489 -0.0284
vn -0.6531 -0.2812 0.7031
vn 0.4904 0.2961 0.8197
vn -0.6782 -0.7349 -0.0096
vn 0.4140 0.2946 -0.8613
vn -0.9344 0.3538 0.0417
vn 0.0680 0.9977 -0.0000
vn -0.7690 0.6390 -0.0171
vn -0.9185 0.3953 0.0117
vn 0.9655 -0.2603 0.0043
vn -0.0771 0.9970 -0.0000
vn 0.9675 -0.2528 -0.0033
vn -0.6855 -0.1652 0.7091
vn 0.3735 0.0909 0.9232
vn -0.2765 0.6465 0.7111
vn -0.9771 0.2127 0.0093
vn -0.9987 0.0044 -0.0504
vn -0.7886 0.6146 0.0198
vn -0.2491 -0.9685 -0.0050
vn -0.9994 0.0336 -0.0126
vn -0.9706 -0.2403 0.0133
vn -0.9022 -0.4303 -0.0305
vn -0.8828 0.4691 -0.0230
vn 0.9594 0.2814 -0.0180
vn -0.9897 -0.1411 0.0234
vn -0.7691 0.6376 -0.0436
vn -0.6763 -0.7366 -0.0017
vn -0.7074 -0.7057 0.0395
vn 0.3685 0.1045 0.9237
vn -0.1862 -0.9824 0.0168
vn -0.7858 -0.6182 -0.0209
vn 0.1382 0.9902 0.0195
vn -0.0490 0.9988 -0.0000
vn 0.3854 0.0036 0.9228
vn 0.3804 -0.0446 0.9238
vn 0.0777 0.3753 0.9236
vn -0.7831 -0.6218 0.0073
vn -0.8036 -0.5951 -0.0127
vn 0.5010 0.8654 -0.0096
vn 0.2378 0.4461 0.8628
vn 0.3756 0.0405 0.9259
vn 0.2744 -0.6493 0.7093
vn 0.3783 -0.1012 0.9201
vn 0.3851 0.0038 0.9229
vn -0.6703 0.7420 -0.0081
vn 0.1276 -0.9918 -0.0000
vn 0.9707 0.2403 0.0074
vn 0.3858 0.0039 0.9226
vn 0.0521 0.3837 0.9220
vn -0.7059 0.7059 0.0578
vn -0.2877 0.6518 0.7017
vn -0.8690 -0.4940 -0.0288
vn -0.1203 -0.9927 0.0012
vn -0.8373 -0.5464 0.0187
vn -0.8722 -0.4886 0.0241
vn -0.8622 0.5064 0.0127
vn -0.6664 0.7456 -0.0026
vn -0.1888 -0.9818 -0.0209
vn -0.0897 0.9955 -0.0292
vn -0.2216 0.9749 -0.0200
vn -0.4967 -0.5148 -0.6988
vn 0.4438 0.8961 -0.0090
vn 0.4847 -0.8746 0.0090
vn -0.0511 -0.9987 -0.0000
vn -0.1100 0.4940 -0.8625
vn -0.0859 -0.9963 -0.0000
vn -0.0813 -0.9967 -0.0051
vn 0.8663 -0.4995 -0.0015
vn 0.9185 0.3951 0.0136
vn -0.5410 0.8410 0.0015
vn -0.2570 0.9663 0.0127
vn 0.7876 0.6161 -0.0069
vn -0.2710 0.9626 -0.0046
vn -0.3986 0.9171 -0.0010
vn 0.5109 -0.8596 -0.0055
vn -0.0382 0.4931 0.8691
vn -0.0866 -0.4912 0.8668
vn 0.3800 0.3376 -0.8612
vn 0.9993 0.0160 0.0334
vn -0.0175 -0.3793 0.9251
vn -0.0601 -0.9982 -0.0000
vn 0.4966 -0.0218 -0.8677
vn -0.3930 0.9194 -0.0149
vn 0.3444 0.1760 0.9222
vn 0.3435 0.1527 0.9266
vn 0.4606 0.8876 -0.0035
vn -0.9120 0.4100 0.0103
vn 0.2212 -0.4417 0.8695
vn -0.5948 0.8039 0.0047
vn -0.5487 0.8360 -0.0069
vn -0.5319 0.5319 0.6589
vn 0.4692 0.8830 0.0136
vn 0.9967 -0.0808 -0.0067
vn 0.9291 0.3699 0.0029
vn 0.8086 -0.5883 -0.0014
vn -0.4038 0.9148 -0.0079
vn 0.9998 -0.0200 0.0003
vn 0.1817 0.3420 0.9220
vn 0.3418 0.3733 -0.8624
vn -0.5446 -0.8387 -0.0064
vn -0.5483 -0.8363 -0.0026
vn -0.3192 0.6378 -0.7009
vn -0.8367 0.5471 0.0268
vn -0.9795 0.1979 -0.0369
vn -0.9436 0.3277 -0.0469
vn 0.8660 -0.5000 -0.0002
vn -0.9706 0.2397 0.0227
vn 0.3175 -0.3917 -0.8636
vn -0.3304 0.9438 -0.0066
vn -0.1806 -0.9835 -0.0000
vn 0.5472 0.1691 0.8197
vn 0.2692 -0.4055 -0.8736
vn 0.5522 0.1647 0.8173
vn 0.8660 -0.5001 -0.0000
vn -0.0604 -0.9982 0.0014
vn -0.5078 0.8614 0.0042
vn 0.9867 0.1621 0.0079
vn -0.4962 0.0892 -0.8636
vn -0.2667 -0.4272 -0.8639
vn -0.6702 0.7421 -0.0051
vn 0.3406 0.1763 0.9235
vn 0.5976 -0.8018 -0.0035
vn 0.4170 0.3946 0.8188
vn -0.8837 0.4676 -0.0203
vn 0.3683 -0.9297 -0.0083
vn -0.9686 0.2456 -0.0379
vn -0.8937 0.4474 0.0322
vn 0.2436 0.4444 -0.8621
vn 0.8167 0.5771 0.0043
vn 0.4171 0.2854 -0.8629
vn 0.4633 0.1766 0.8684
vn 0.9178 -0.3968 0.0121
vn 0.4908 -0.0680 -0.8686
vn -0.1790 -0.9838 0.0042
vn -0.1414 -0.4806 0.8655
vn -0.5029 0.0081 0.8643
vn -0.9890 -0.1475 0.0112
vn -0.4888 -0.0278 -0.8719
vn 0.2763 -0.4138 0.8674
vn -0.9012 -0.4333 -0.0054
vn -0.5111 0.5092 -0.6924
vn 0.9969 -0.0788 -0.0047
vn -0.4068 -0.2854 -0.8678
vn 0.1051 0.5575 0.8235
vn -0.9989 -0.0460 0.0080
vn -0.9885 0.1508 -0.0063
vn -0.4312 0.2406 0.8696
vn -0.8581 0.5134 0.0105
vn 0.0941 0.4932 -0.8648
vn 0.1370 0.4811 -0.8659
vn 0.1855 -0.4581 -0.8694
vn 0.9963 -0.0854 -0.0086
vn 0.4876 -0.1314 0.8631
vn -0.2535 -0.4228 0.8701
vn 0.3724 -0.5967 0.7108
vn -0.7346 -0.6785 0.0089
vn -0.3414 -0.3681 -0.8648
vn -0.3006 -0.2479 0.9210
vn 0.3801 -0.3201 -0.8678
vn -0.4300 0.2768 -0.8593
vn -0.3814 0.3305 0.8633
vn 0.5325 0.8464 -0.0034
vn 0.4794 0.1241 -0.8688
vn 0.9935 0.1133 0.0036
vn 0.9773 0.2115 0.0079
vn -0.1128 0.4946 -0.8618
vn -0.3444 -0.1523 0.9264
vn 0.3758 -0.3181 0.8704
vn -0.2984 -0.9544 -0.0026
vn 0.4384 -0.2507 -0.8631
vn 0.4951 0.0772 -0.8654
vn 0.5019 0.0266 0.8645
vn 0.4998 0.0941 -0.8610
vn 0.9138 0.4061 -0.0071
vn 0.3561 0.3556 -0.8642
vn 0.4606 -0.1793 -0.8693
vn 0.7553 0.6554 -0.0048
vn 0.2286 -0.4378 -0.8695
vn 0.4952 -0.0497 -0.8674
vn 0.3989 0.2928 -0.8690
vn 0.4173 0.2768 0.8656
vn 0.8659 -0.5001 0.0001
vn -0.2973 -0.9548 -0.0000
vn 0.4780 0.1615 -0.8634
vn -0.4092 -0.9125 -0.0003
vn 0.2084 -0.4597 -0.8633
vn -0.1553 0.4798 -0.8635
vn 0.9760 -0.2177 0.0030
vn 0.3622 -0.3410 0.8675
vn 0.3195 -0.3780 0.8689
vn 0.4827 -0.1446 0.8638
vn 0.4789 -0.1322 0.8678
vn -0.0904 0.9958 0.0118
vn -0.4100 -0.9121 -0.0025
vn 0.4970 0.0331 -0.8671
vn -0.0235 -0.5048 -0.8629
vn 0.0126 -0.4963 -0.8681
vn 1.0000 -0.0074 0.0007
vn 0.4145 -0.2706 -0.8689
vn 0.8596 0.5105 -0.0200
vn -0.5180 -0.8554 -0.0000
vn -0.5153 -0.8570 0.0077
vn -0.1076 -0.4857 -0.8675
vn 0.3964 0.9180 -0.0057
vn -0.1362 0.4867 0.8629
vn 0.2365 -0.4368 -0.8679
vn 0.1475 0.9890 0.0073
vn 0.1485 0.9889 -0.0000
vn 0.3276 -0.3662 0.8710
vn 0.3813 -0.3285 0.8641
vn -0.6166 -0.7872 0.0022
vn -0.3277 -0.3828 0.8638
vn 0.2425 0.9701 -0.0000
vn 0.2416 0.9703 0.0072
vn -0.4912 -0.0700 0.8682
vn 0.4937 0.0748 -0.8664
vn 0.3375 0.9413 -0.0068
vn 0.3618 0.1383 0.9219
vn -0.4972 -0.0887 0.8631
vn 0.2739 -0.4047 -0.8725
vn 0.8660 -0.5001 -0.0002
vn -0.6173 -0.7867 -0.0000
vn -0.0865 0.4947 0.8647
vn 0.4416 -0.2479 0.8623
vn 0.0869 0.4922 -0.8661
vn 0.9972 0.0692 -0.0269
vn 0.3383 -0.3612 -0.8689
vn 0.3367 0.9416 -0.0000
vn 0.2930 0.4014 -0.8678
vn -0.7071 -0.7071 -0.0000
vn 0.2756 0.4239 -0.8627
vn 0.4983 -0.0902 0.8623
vn 0.2423 -0.4392 -0.8651
vn 0.1992 -0.4628 -0.8638
vn 0.4270 0.9043 -0.0000
vn 0.2426 0.4411 0.8640
vn 0.4889 0.1166 0.8645
vn 0.4914 0.1132 -0.8636
vn 0.4278 0.9038 -0.0065
vn 0.4933 0.1087 -0.8630
vn 0.4784 0.1575 -0.8639
vn 0.9909 0.1322 -0.0264
vn 0.5143 0.8576 0.0012
vn -0.2494 -0.4270 -0.8692
vn -0.2749 -0.4228 -0.8635
vn 0.5145 0.8575 -0.0000
vn 0.5967 0.8025 -0.0000
vn -0.1239 -0.4879 -0.8641
vn -0.0833 -0.4976 -0.8634
vn 0.3210 -0.2095 0.9236
vn -0.1635 -0.4693 -0.8678
vn 0.4253 -0.2427 -0.8719
vn -0.0589 -0.9983 -0.0000
vn -0.0748 -0.4916 0.8676
vn 0.5006 -0.0721 0.8627
vn -0.2360 -0.4377 0.8676
vn -0.5160 -0.8566 -0.0000
vn -0.3952 0.6022 0.6937
vn -0.3016 0.9534 0.0083
vn -0.1339 0.4766 -0.8689
vn -0.1871 0.4576 -0.8692
vn -0.4584 0.5303 0.7132
vn -0.1839 0.9829 0.0070
vn -0.1110 0.4867 0.8665
vn 0.2826 0.9592 -0.0085
vn -0.6176 0.7865 0.0089
vn -0.7890 0.6144 0.0057
vn 0.5010 -0.3090 0.8084
vn 0.2365 -0.4333 -0.8697
vn 0.4594 -0.3718 0.8067
vn 0.5014 0.0076 0.8652
vn 0.5792 -0.0510 0.8136
vn 0.1467 0.9892 -0.0072
vn 0.2413 0.9705 -0.0018
vn 0.9954 0.0958 -0.0059
vn 0.4010 -0.4304 0.8087
vn 0.4177 -0.3776 0.8264
vn 0.2256 -0.4407 -0.8688
vn 0.1116 0.7027 -0.7027
vn 0.9960 -0.0877 0.0165
vn 0.2422 0.9702 -0.0090
vn 0.3368 0.9416 0.0044
vn 0.1255 -0.4811 -0.8677
vn -0.0617 -0.9981 0.0027
vn 0.3024 0.4053 -0.8627
vn 0.2266 0.4414 -0.8682
vn 0.5260 0.2248 0.8203
vn 0.5703 0.0963 0.8158
vn 0.3377 0.9412 -0.0025
vn 0.4283 0.9036 0.0063
vn 0.4286 0.9035 0.0034
vn 0.2890 0.9558 0.0532
vn 0.1253 0.4760 0.8705
vn -0.7065 -0.7077 0.0019
vn 0.0103 0.5039 0.8637
vn 0.5525 0.1647 0.8171
vn 0.1309 -0.4880 -0.8630
vn 0.5287 0.2320 0.8165
vn 0.5436 0.1993 0.8153
vn 0.5253 0.2320 0.8187
vn 0.5503 0.0998 0.8290
vn 0.0232 0.4971 0.8674
vn 0.4907 0.0671 0.8687
vn 0.2598 0.4380 -0.8606
vn 0.5509 0.1714 0.8168
vn 0.0457 -0.3703 0.9278
vn 0.5651 0.1346 0.8140
vn 0.5626 -0.0681 0.8239
vn 0.5639 0.0497 0.8244
vn 0.2782 -0.4247 -0.8615
vn 0.1685 -0.5399 0.8247
vn 0.3846 -0.9231 0.0044
vn 0.2225 -0.5356 0.8147
vn 0.2094 -0.4484 0.8690
vn -0.0603 -0.9982 -0.0000
vn -0.0389 0.5037 0.8630
vn -0.0122 -0.5004 0.8657
vn -0.4919 0.0498 -0.8692
vn 0.4888 -0.0690 0.8696
vn 0.4816 -0.1358 0.8658
vn -0.6935 -0.1848 -0.6964
vn -0.1794 -0.9838 -0.0000
vn -0.1808 -0.9835 0.0027
vn 0.2214 0.4410 -0.8698
vn 0.2608 0.4352 0.8618
vn 0.4956 0.0078 -0.8685
vn -0.2972 -0.9548 -0.0026
vn 0.1067 -0.4933 -0.8633
vn -0.0144 0.4982 -0.8670
vn 0.1304 -0.4770 -0.8692
vn 0.8828 0.4697 -0.0082
vn -0.0598 -0.9982 0.0037
vn 0.0754 -0.4901 -0.8684
vn -0.2985 -0.9544 -0.0000
vn 0.3814 0.3294 -0.8637
vn 0.4136 0.2910 -0.8627
vn 0.1483 0.9889 0.0011
vn 0.2333 0.4489 -0.8626
vn -0.0396 0.5053 0.8620
vn 0.0851 -0.4925 0.8662
vn 0.1367 -0.4765 0.8685
vn 0.2413 0.9704 -0.0000
vn -0.4114 -0.9115 0.0025
vn 0.1896 -0.4621 -0.8663
vn 0.2995 -0.4023 -0.8651
vn -0.0223 -0.4968 -0.8676
vn 0.0880 -0.4988 0.8622
vn 0.0109 -0.5044 -0.8634
vn 0.2411 0.9705 0.0018
vn 0.1814 -0.4665 0.8657
vn 0.0474 -0.4931 0.8687
vn 0.2363 -0.4351 -0.8688
vn -0.4887 0.1358 -0.8618
vn 0.4986 0.0901 0.8622
vn -0.5030 0.0433 -0.8632
vn 0.3380 0.9411 0.0104
vn 0.6035 0.3944 0.6930
vn 0.3393 0.9407 -0.0000
vn 0.0110 0.5034 0.8640
vn 0.0612 0.4971 0.8655
vn 0.4282 0.9037 -0.0000
vn 0.5137 0.8579 0.0060
vn -0.1093 0.4888 -0.8655
vn -0.9997 0.0141 -0.0186
vn -0.6535 -0.7569 0.0074
vn -0.4091 -0.9125 -0.0025
vn 0.4286 0.9035 -0.0035
vn -0.0881 0.5008 0.8611
vn -0.5171 -0.8559 -0.0000
vn 0.5135 0.8581 -0.0000
vn -0.0882 0.4972 0.8631
vn -0.0317 -0.5042 -0.8630
vn -0.0579 -0.9983 -0.0000
vn 0.4462 0.2187 0.8678
vn 0.3801 0.3207 0.8675
vn 0.0480 -0.4960 0.8670
vn 0.4156 0.2717 0.8680
vn -0.1860 -0.4599 0.8683
vn 0.4017 -0.2931 0.8676
vn -0.0744 -0.4911 0.8679
vn 0.5957 0.8032 -0.0000
vn -0.1356 -0.4819 0.8657
vn -0.1325 -0.4805 0.8669
vn 0.0508 0.9987 -0.0000
vn 0.0096 0.5031 0.8642
vn 0.4401 -0.2343 -0.8668
vn 0.3358 -0.3680 -0.8671
vn -0.1793 -0.9838 0.0061
vn -0.0628 0.5009 -0.8632
vn 0.3654 -0.3486 -0.8631
vn 0.4892 0.1038 -0.8660
vn 0.1498 0.9887 -0.0000
vn 0.4955 0.0272 0.8682
vn 0.1320 -0.4774 -0.8687
vn -0.4964 0.0245 -0.8677
vn -0.5058 -0.0064 -0.8627
vn -0.2158 -0.4468 0.8682
vn 0.1058 -0.4860 0.8675
vn 0.0102 -0.5052 -0.8630
vn -0.2007 -0.4648 0.8624
vn -0.0907 0.4987 0.8620
vn 0.1356 0.4877 -0.8624
vn 0.2454 0.9694 -0.0016
vn 0.0406 0.5036 -0.8630
vn 0.1029 -0.4948 -0.8629
vn 0.2452 0.9695 -0.0000
vn 0.1562 0.9841 -0.0842
vn 0.4982 -0.0908 -0.8623
vn 0.3429 0.9394 -0.0000
vn 0.3424 0.9396 0.0038
vn -0.1763 -0.9843 0.0001
vn 0.4344 0.9007 -0.0030
vn -0.5962 0.3732 0.7108
vn 0.0491 0.9988 -0.0026
vn -0.1804 -0.9836 -0.0000
vn 0.4340 0.9009 -0.0000
vn 0.1637 -0.4676 0.8687
vn -0.4397 -0.2325 -0.8676
vn 0.5203 0.8540 -0.0000
vn -0.4543 -0.1954 0.8691
vn 0.5207 0.8537 -0.0036
vn 0.6034 0.7974 0.0058
vn 0.6041 0.7969 -0.0000
vn 0.5038 0.0225 -0.8635
vn 0.2010 0.4638 0.8629
vn -0.4106 -0.2816 0.8673
vn -0.3975 -0.3118 0.8630
vn 0.6808 0.7324 0.0106
vn 0.6814 0.7319 0.0053
vn -0.4799 0.1576 0.8630
vn -0.4865 0.1054 -0.8673
vn 0.4520 -0.2277 -0.8625
vn 0.6707 0.7417 -0.0000
vn 0.1319 -0.4768 -0.8690
vn 0.1842 0.4714 -0.8625
vn 0.0871 0.4979 -0.8628
vn 0.1976 0.4564 -0.8675
vn 0.7501 0.6613 -0.0000
vn -0.0597 -0.9982 -0.0000
vn -0.1821 -0.9833 -0.0042
vn -0.5070 0.0179 -0.8618
vn 0.3671 -0.3461 -0.8634
vn 0.1054 -0.4849 0.8682
vn 0.3626 -0.3407 0.8674
vn 0.3933 -0.3129 -0.8645
vn -0.1602 0.4785 -0.8633
vn 0.0501 0.9987 0.0099
vn -0.2975 -0.9547 0.0038
vn -0.1991 0.4602 -0.8652
vn 0.3259 0.4775 0.8160
vn 0.0487 0.9988 -0.0000
vn -0.2994 -0.9541 -0.0008
vn 0.1485 0.9889 -0.0066
vn 0.0143 -0.4967 -0.8678
vn 0.1655 -0.4694 0.8674
vn 0.0176 0.4956 0.8684
vn 0.1862 -0.4626 -0.8668
vn -0.0357 -0.4957 0.8677
vn 0.1468 0.9891 0.0067
vn -0.4118 -0.9113 0.0025
vn -0.3511 -0.3488 0.8689
vn 0.2738 -0.4233 -0.8637
vn 0.4730 -0.1716 0.8642
vn 0.2465 0.9691 -0.0049
vn 0.2453 0.9694 0.0039
vn 0.7417 0.6707 -0.0000
vn 0.4483 0.8923 -0.0533
vn 0.7417 0.6708 -0.0000
vn 0.8032 0.5956 -0.0000
vn -0.1798 -0.9837 -0.0012
vn 0.2362 -0.4347 -0.8690
vn 0.4184 0.2841 -0.8627
vn 0.3438 0.9390 -0.0016
vn 0.3429 0.9394 0.0052
vn 0.4370 0.8994 -0.0043
vn -0.4863 -0.0682 0.8712
vn -0.4762 -0.1702 -0.8627
vn 0.8032 0.5957 -0.0000
vn 0.6347 0.7727 0.0115
vn -0.4102 -0.9120 -0.0011
vn 0.4354 0.9002 0.0083
vn -0.3811 0.3218 0.8667
vn -0.4745 0.1733 -0.8630
vn 0.4862 0.0618 0.8717
vn 0.4952 0.0797 0.8651
vn 0.5245 0.8514 -0.0036
vn -0.6206 -0.3440 -0.7046
vn 0.2465 0.3001 0.9215
vn 0.5233 0.8521 0.0058
vn 0.8581 0.5135 -0.0000
vn 0.6097 0.7926 -0.0088
vn 0.8581 0.5136 -0.0000
vn 0.2219 -0.4417 0.8693
vn -0.3190 0.3933 0.8623
vn -0.2346 0.4451 0.8642
vn 0.6080 0.7939 0.0067
vn -0.6496 0.2750 0.7088
vn 0.2590 -0.4329 -0.8634
vn 0.5009 -0.0846 0.8613
vn 0.4716 0.1721 0.8649
vn 0.6859 0.7277 -0.0085
vn 0.6849 0.7286 0.0018
vn -0.2490 -0.4331 -0.8663
vn -0.3081 -0.3895 0.8680
vn -0.6789 -0.1430 -0.7202
vn 0.2892 -0.4019 -0.8688
vn -0.2446 0.4258 0.8711
vn 0.1844 -0.4647 -0.8660
vn 0.1601 -0.4772 0.8641
vn -0.5165 -0.8563 -0.0014
vn 0.3779 0.3175 0.8697
vn 0.3692 0.3436 0.8635
vn 0.7553 0.6554 -0.0023
vn 0.0472 -0.4924 0.8691
vn 0.3990 -0.3018 0.8659
vn -0.0384 0.5012 0.8645
vn 0.3192 0.3844 -0.8663
vn -0.2787 0.4189 0.8642
vn 0.4012 0.3082 0.8626
vn 0.7549 0.6558 0.0025
vn -0.1867 -0.6928 -0.6965
vn 0.8187 0.5740 -0.0125
vn 0.2555 -0.4199 0.8709
vn 0.2985 -0.4054 0.8640
vn 0.3383 -0.3605 -0.8693
vn 0.8171 0.5764 0.0092
vn 0.8719 0.4897 0.0004
vn -0.5181 -0.8553 0.0024
vn 0.4923 -0.0761 -0.8671
vn -0.1989 0.4526 0.8692
vn -0.0106 0.4940 0.8694
vn -0.1125 0.4927 -0.8629
vn -0.0908 0.4886 0.8678
vn 0.1191 -0.4886 -0.8643
vn -0.1523 -0.4823 0.8627
vn -0.1853 -0.4588 0.8690
vn 0.1320 -0.4771 -0.8689
vn 0.1641 0.4679 -0.8684
vn 0.2220 0.4418 -0.8692
vn -0.1589 0.4766 -0.8646
vn -0.0283 -0.5071 -0.8614
vn 0.5959 0.8031 0.0068
vn 0.5008 -0.0629 -0.8633
vn -0.1423 -0.4812 0.8650
vn -0.1756 -0.4753 0.8621
vn 0.2747 0.4219 0.8640
vn 0.1590 -0.4789 -0.8633
vn -0.4981 -0.0875 0.8627
vn 0.0514 0.9987 -0.0000
vn 0.1492 0.9888 -0.0000
vn -0.7201 0.0101 -0.6937
vn 0.1857 -0.4579 -0.8694
vn -0.4672 -0.1799 0.8656
vn 0.1492 0.9888 0.0003
vn 0.2461 0.9692 -0.0000
vn 0.4861 -0.1442 -0.8619
vn 0.4970 -0.0974 -0.8622
vn 0.4827 -0.1220 -0.8672
vn -0.4102 -0.9120 -0.0000
vn -0.0405 0.5054 0.8619
vn 0.3428 0.9394 -0.0092
vn 0.2422 -0.4304 0.8695
vn 0.3416 0.9398 -0.0000
vn -0.0332 0.9994 -0.0082
vn 0.4329 0.9014 -0.0000
vn 0.4341 0.9008 -0.0095
vn 0.2367 -0.4382 -0.8671
vn -0.0390 0.4920 0.8697
vn 0.2064 -0.4629 0.8620
vn -0.4430 0.2268 -0.8674
vn 0.5212 0.8534 -0.0000
vn 0.9035 0.4285 -0.0000
vn 0.2580 0.2774 0.9255
vn -0.1119 -0.7027 -0.7027
vn 0.9416 0.3367 -0.0000
vn -0.0601 -0.9982 -0.0036
vn 0.2885 -0.4006 -0.8696
vn -0.4793 0.1652 -0.8620
vn -0.3856 0.3125 0.8681
vn 0.5022 0.0001 -0.8647
vn 0.6040 0.7969 -0.0000
vn 0.1059 -0.4864 0.8673
vn 0.9701 0.2425 -0.0000
vn 0.5767 -0.0061 0.8170
vn -0.6854 0.1655 0.7091
vn 0.3402 -0.3660 -0.8662
vn 0.6819 0.7314 -0.0000
vn -0.4222 -0.2743 0.8640
vn 0.4293 0.2513 -0.8675
vn 0.0471 0.9989 -0.0042
vn 0.0606 0.9981 0.0084
vn -0.2154 -0.4447 -0.8694
vn 0.9893 0.1460 -0.0070
vn -0.2248 0.4432 0.8678
vn 0.9891 0.1470 -0.0000
vn 0.4594 -0.1948 -0.8666
vn 0.4389 -0.2529 -0.8622
vn 0.3617 -0.3490 0.8645
vn -0.1077 0.4798 -0.8707
vn 0.3812 -0.3202 -0.8673
vn 0.4445 -0.2193 -0.8685
vn 0.4097 -0.2934 -0.8637
vn -0.0974 0.4778 0.8731
vn -0.0586 -0.9983 -0.0000
vn -0.1807 -0.9835 -0.0000
vn -0.0430 -0.4984 -0.8659
vn 0.0128 -0.4943 -0.8692
vn -0.2067 0.4592 -0.8640
vn -0.1403 0.4820 0.8649
vn -0.0411 0.5004 0.8648
vn -0.2416 0.4368 -0.8665
vn -0.9860 -0.1663 -0.0069
vn -0.9976 -0.0688 -0.0096
vn -0.5021 0.0513 0.8633
vn -0.4862 -0.0968 -0.8685
vn -0.1050 -0.4916 0.8645
vn 0.0503 0.9987 -0.0000
vn 0.0592 0.9982 -0.0009
vn 0.4857 -0.1148 -0.8665
vn 0.9230 -0.3848 0.0040
vn -0.0376 0.5683 0.8220
vn -0.7873 -0.6165 -0.0000
vn -0.2233 0.4632 -0.8576
vn 0.4628 -0.1858 0.8668
vn -0.1668 0.4661 -0.8689
vn 0.1322 -0.4789 -0.8679
vn -0.0121 -0.5024 0.8645
vn -0.2767 -0.4164 -0.8661
vn -0.0623 -0.9980 -0.0049
vn 0.2948 0.4100 0.8631
vn 0.0191 -0.5076 0.8614
vn 0.0106 0.9999 0.0077
vn -0.4698 0.1626 -0.8677
vn 0.9987 0.0503 -0.0000
vn -0.0122 -0.4935 0.8696
vn -0.3507 0.3682 0.8611
vn 0.1319 -0.4766 -0.8692
vn 0.3342 -0.3748 -0.8648
vn -0.1807 -0.9835 0.0013
vn 0.9988 0.0493 -0.0071
vn 0.4782 0.1585 -0.8639
vn 0.1122 -0.4856 0.8670
vn 0.4602 0.1969 -0.8657
vn -0.0377 0.5032 -0.8633
vn -0.0813 0.4938 -0.8657
vn -0.2450 0.9695 -0.0020
vn -0.0744 0.4901 -0.8685
vn -0.1784 -0.9839 0.0056
vn 0.7732 0.6341 0.0046
vn -0.4109 0.2676 -0.8715
vn 0.9988 -0.0490 -0.0000
vn -0.0531 -0.4958 -0.8668
vn -0.4427 0.2184 -0.8696
vn 0.4075 -0.2983 -0.8631
vn 0.1040 -0.4943 -0.8630
vn -0.1101 0.4949 -0.8619
vn 0.0650 0.4995 -0.8639
vn 0.0436 0.5093 0.8595
vn 0.0223 0.5049 -0.8629
vn 0.2894 0.2453 0.9252
vn -0.4901 0.0699 0.8689
vn -0.0278 -0.5042 -0.8631
vn 0.0168 -0.4997 -0.8660
vn -0.1824 -0.9832 -0.0028
vn 0.0743 -0.4896 -0.8688
vn -0.0225 -0.5053 -0.8626
vn 0.0138 -0.4951 -0.8687
vn -0.0388 0.5007 0.8647
vn 0.2230 0.4434 -0.8681
vn 0.2578 0.4449 -0.8577
vn -0.2975 -0.9547 0.0026
vn -0.3457 0.3704 -0.8622
vn 0.5048 0.0426 -0.8622
vn -0.3509 0.3456 0.8703
vn -0.3626 0.3499 -0.8638
vn -0.1592 0.4774 -0.8642
vn -0.3263 0.3872 -0.8624
vn 0.9893 -0.1462 -0.0016
vn 0.0501 0.9986 0.0140
vn 0.1040 0.4867 -0.8673
vn 0.1017 0.4983 -0.8610
vn 0.0638 0.5006 -0.8633
vn 0.9996 0.0202 -0.0171
vn -0.0096 0.5069 -0.8620
vn -0.0484 0.5132 -0.8569
vn 0.9540 -0.2995 0.0139
vn 0.0087 0.4927 -0.8701
vn -0.6954 -0.1552 -0.7016
vn 0.0888 0.4975 -0.8629
vn 0.0062 1.0000 -0.0078
vn -0.4379 -0.2405 0.8662
vn 0.1091 0.7068 0.6989
vn -0.4926 -0.0086 -0.8702
vn 0.5032 -0.0135 -0.8641
vn -0.3406 -0.3635 0.8671
vn 0.4327 -0.2425 0.8683
vn -0.3513 -0.3631 -0.8630
vn -0.2999 -0.9540 -0.0065
vn 0.1796 0.4724 0.8629
vn -0.0416 0.9991 -0.0040
vn 0.5018 0.0368 -0.8642
vn 0.4997 -0.0087 -0.8662
vn -0.0883 0.4948 0.8645
vn 0.2180 -0.9759 0.0107
vn -0.3309 0.9437 -0.0027
vn 0.3059 -0.4047 -0.8618
vn 0.2602 -0.4338 -0.8626
vn 0.1472 0.9891 -0.0000
vn -0.1091 0.4893 -0.8653
vn -0.1330 -0.4853 -0.8642
vn -0.1827 -0.4704 -0.8633
vn 0.0518 0.9987 -0.0000
vn 0.1322 -0.4787 -0.8680
vn 0.4942 -0.0999 -0.8636
vn 0.4826 -0.1496 -0.8630
vn 0.4709 -0.1439 0.8703
vn 0.1498 0.9887 0.0011
vn 0.1503 0.9886 -0.0025
vn -0.4918 -0.0872 0.8663
vn -0.4392 -0.2472 -0.8637
vn 0.0465 0.9989 -0.0000
vn 0.1519 0.9882 -0.0187
vn -0.4157 -0.2870 0.8630
vn -0.2983 -0.9545 -0.0051
vn 0.0468 -0.4936 0.8684
vn 0.6965 -0.1880 -0.6925
vn -0.2656 0.4293 -0.8632
vn 0.9962 -0.0870 0.0103
vn -0.3393 0.3626 -0.8680
vn 0.1856 -0.4585 -0.8691
vn -0.2813 0.4116 -0.8669
vn -0.6938 -0.7192 -0.0383
vn 0.0351 0.7067 0.7067
vn 0.2410 0.9705 -0.0000
vn 0.1454 0.4799 -0.8652
vn 0.1061 0.4915 -0.8644
vn -0.0399 0.5019 0.8640
vn 0.1390 0.4864 -0.8626
vn 0.0409 0.5042 -0.8626
vn 0.2464 0.9692 -0.0000
vn 0.2462 0.9692 0.0018
vn 0.3971 -0.3135 -0.8626
vn 0.3638 -0.3512 -0.8627
vn -0.2161 0.4451 -0.8690
vn 0.8660 0.5001 -0.0002
vn -0.3075 0.3562 -0.8824
vn 0.5012 -0.0677 -0.8627
vn 0.3521 -0.3415 -0.8714
vn 0.1800 -0.4613 -0.8688
vn -0.0894 0.4959 0.8638
vn 0.3349 -0.3762 0.8639
vn -0.2962 -0.9551 -0.0000
vn -0.4873 -0.0984 -0.8676
vn -0.5022 -0.0716 -0.8618
vn -0.4971 0.0797 -0.8640
vn 0.9227 -0.3855 0.0074
vn 0.9893 -0.1459 -0.0000
vn -0.4886 0.1303 -0.8627
vn 0.8660 0.5000 -0.0000
vn 0.3867 -0.3272 -0.8622
vn 0.4151 -0.2867 -0.8634
vn 0.3634 -0.3396 -0.8675
vn -0.1111 0.5038 -0.8567
vn 0.9801 -0.1984 -0.0024
vn -0.3137 -0.9495 -0.0066
vn 0.1320 -0.4770 -0.8689
vn -0.6025 0.7981 -0.0083
vn -0.1510 0.5542 0.8186
vn -0.1065 0.5565 0.8240
vn -0.1834 0.4668 0.8652
vn 0.1392 0.4803 -0.8660
vn -0.3213 -0.6361 -0.7016
vn 0.1443 0.9895 -0.0029
vn 0.1571 0.4810 0.8625
vn 0.3381 0.9411 -0.0024
vn 0.1402 0.4800 -0.8660
vn 0.3378 0.9412 -0.0000
vn 0.4660 -0.1972 -0.8626
vn 0.4438 -0.2459 -0.8617
vn 0.1436 0.9896 0.0022
vn 0.2413 0.9705 -0.0019
vn 0.4500 -0.2265 -0.8638
vn 0.4716 -0.1566 0.8678
vn 0.4393 -0.2475 0.8636
vn 0.1329 -0.4834 -0.8653
vn 0.2404 0.9707 0.0052
vn 0.3403 0.9403 -0.0026
vn -0.4994 0.0812 -0.8626
vn -0.4897 0.1272 -0.8626
vn 0.4277 0.9039 -0.0093
vn -0.2994 -0.9541 0.0043
vn -0.4118 -0.9113 0.0021
vn 0.3463 -0.3688 -0.8626
vn -0.4973 -0.0657 -0.8651
vn 0.2891 -0.4026 -0.8685
vn -0.5050 -0.0014 0.8631
vn 0.3428 0.9394 -0.0000
vn -0.4112 -0.9115 0.0037
vn -0.1559 -0.4733 0.8670
vn -0.0853 0.4908 0.8671
vn 0.1841 -0.4701 -0.8632
vn 0.0472 -0.4951 0.8675
vn 0.1200 -0.4781 0.8701
vn 0.1862 -0.4624 -0.8669
vn -0.3520 -0.3537 -0.8666
vn -0.3819 -0.3320 -0.8625
vn -0.3464 -0.3572 -0.8674
vn -0.7888 -0.6146 0.0072
vn 0.4200 -0.2677 0.8671
vn -0.3403 -0.3745 -0.8625
vn -0.4129 0.2845 -0.8652
vn -0.4402 0.2476 0.8631
vn -0.4099 -0.9121 0.0009
vn 0.1863 -0.4630 -0.8666
vn -0.8868 -0.4621 0.0016
vn -0.4119 -0.9112 0.0037
vn -0.2309 0.3122 0.9215
vn 0.3391 0.9407 0.0067
vn -0.1944 0.3261 0.9251
vn 0.1451 0.3575 0.9226
vn -0.5053 -0.0508 -0.8615
vn 0.4269 0.9043 -0.0031
vn -0.4168 -0.2715 0.8675
vn 0.5130 0.8584 -0.0000
vn -0.0829 0.4968 0.8639
vn -0.5155 -0.8569 -0.0024
vn 0.0891 0.4973 -0.8630
vn 0.1719 -0.4734 -0.8639
vn 0.1853 -0.4578 -0.8695
vn 0.8660 0.5000 0.0001
vn -0.1722 0.4858 -0.8570
vn 0.8794 -0.4761 0.0017
vn -0.1174 0.4876 -0.8651
vn 0.1515 0.3456 0.9261
vn 0.4974 -0.0706 -0.8646
vn 0.2464 0.4422 0.8624
vn 0.2694 0.4242 -0.8646
vn 0.0475 -0.4938 0.8683
vn -0.0486 0.4871 -0.8720
vn -0.0660 0.5009 -0.8630
vn -0.4161 -0.9093 0.0060
vn -0.4438 -0.2567 0.8586
vn -0.0733 -0.5001 -0.8629
vn 0.0585 -0.3867 0.9203
vn -0.5965 -0.3722 0.7111
vn -0.2892 -0.4019 0.8688
vn 0.4591 -0.8883 -0.0132
vn 0.9989 0.0267 0.0393
vn -0.1999 0.4604 -0.8649
vn -0.4616 0.2111 0.8616
vn 0.0341 0.9993 -0.0122
vn 0.5025 0.0454 0.8634
vn 0.4900 0.0762 -0.8684
vn -0.5122 -0.8588 0.0105
vn 0.4568 0.3481 0.8186
vn -0.6165 -0.7874 -0.0022
vn 0.4959 -0.0146 0.8683
vn 0.4459 -0.2196 -0.8677
vn 0.2016 -0.4515 0.8692
vn -0.3513 -0.3654 -0.8620
vn -0.3712 -0.3446 0.8622
vn 0.1677 -0.4744 0.8642
vn -0.0117 0.4940 -0.8694
vn -0.4501 -0.8912 -0.0556
vn 0.4799 -0.1290 -0.8678
vn -0.3829 -0.3315 -0.8623
vn 0.5618 0.1055 0.8205
vn -0.3054 -0.4783 0.8234
vn 0.4972 0.0980 -0.8621
vn 0.5451 -0.8383 -0.0099
vn 0.3305 -0.3835 0.8624
vn 0.2455 -0.4359 0.8658
vn -0.1661 0.4681 -0.8679
vn 0.9948 0.0877 0.0516
vn 0.7565 0.6540 0.0032
vn -0.8554 -0.5179 0.0024
vn 0.9737 0.2276 0.0058
vn 0.8143 0.5803 -0.0132
vn -0.3085 0.3879 0.8686
vn 0.1072 -0.4859 0.8674
vn -0.3477 0.3565 0.8672
vn 0.4327 0.9015 -0.0045
vn -0.4323 0.2695 0.8605
vn -0.0904 0.4878 0.8683
vn 0.4314 0.9021 0.0050
vn 0.1608 0.4822 0.8612
vn 0.1077 0.5001 0.8593
vn -0.1033 -0.3676 0.9242
vn 0.1587 0.4717 0.8673
vn -0.2784 0.4163 0.8656
vn -0.2742 0.4156 0.8672
vn -0.6002 0.7999 -0.0000
vn -0.1730 0.4765 0.8620
vn 0.8721 0.4894 -0.0019
vn -0.4770 0.1411 0.8675
vn -0.4848 0.1432 0.8628
vn -0.2061 -0.4515 0.8681
vn 0.1661 -0.4757 -0.8638
vn -0.4095 -0.9123 -0.0000
vn -0.5181 -0.8553 0.0038
vn 0.7716 -0.6359 -0.0173
vn 0.0677 -0.4904 0.8689
vn 0.2228 -0.4523 -0.8636
vn 0.5206 0.8538 -0.0031
vn 0.2157 -0.4556 -0.8637
vn 0.3917 -0.3255 0.8606
vn -0.1558 0.4808 -0.8629
vn -0.7282 -0.6853 -0.0035
vn 0.2354 -0.4342 -0.8695
vn -0.4084 -0.9128 0.0050
vn 0.5197 0.8543 0.0041
vn -0.5008 -0.0024 0.8656
vn 0.6036 0.7972 -0.0069
vn 0.6024 0.7982 0.0044
vn 0.2872 -0.4089 -0.8662
vn -0.3137 -0.3824 0.8691
vn -0.6181 -0.7861 -0.0000
vn -0.6172 -0.7868 -0.0022
vn 0.2362 -0.4348 -0.8690
vn -0.1118 0.4941 -0.8622
vn -0.4368 -0.2468 -0.8651
vn -0.4618 -0.2019 -0.8637
vn 0.6820 0.7313 -0.0083
vn 0.0964 0.4975 0.8621
vn 0.3235 -0.3799 0.8666
vn -0.4702 -0.1635 0.8673
vn -0.4151 -0.2712 0.8684
vn -0.8559 -0.5171 -0.0000
vn -0.4439 -0.2172 0.8694
vn -0.1055 0.4833 0.8691
vn -0.1355 0.4791 0.8672
vn -0.2587 0.4332 -0.8634
vn -0.1340 0.4806 0.8666
vn -0.1971 0.4610 -0.8652
vn 0.3859 0.3268 0.8627
vn -0.2457 0.9693 0.0033
vn -0.3609 0.3389 0.8689
vn 0.5207 0.8537 -0.0037
vn 0.4978 0.0804 0.8636
vn -0.4440 0.2172 -0.8693
vn -0.4712 0.1778 0.8639
vn -0.1993 0.4622 -0.8641
vn -0.4976 0.0900 0.8627
vn -0.4706 -0.1961 0.8603
vn -0.4336 -0.2404 0.8684
vn -0.1840 0.4631 0.8670
vn -0.4571 -0.1879 0.8693
vn 0.1853 -0.4574 -0.8697
vn 0.6243 -0.7811 0.0066
vn -0.1062 -0.3689 0.9234
vn -0.5149 -0.8572 -0.0033
vn 0.1976 -0.4714 0.8595
vn -0.3835 0.3117 0.8693
vn -0.2306 0.4462 0.8647
vn 0.2895 -0.4023 -0.8685
vn 0.5491 0.1392 0.8241
vn 0.4724 0.1822 0.8624
vn 0.7412 0.6712 0.0050
vn -0.2422 0.4411 -0.8642
vn -0.5171 -0.8559 0.0019
vn -0.1380 0.4848 0.8637
vn 0.4584 0.2194 0.8612
vn 0.1412 0.4759 0.8681
vn 0.0959 0.4994 0.8611
vn 0.0964 0.4846 0.8694
vn 0.7492 0.6623 0.0105
vn 0.2764 -0.4139 0.8674
vn -0.4103 -0.9119 -0.0004
vn 0.2973 -0.4122 0.8612
vn 0.3195 -0.3787 0.8686
vn 0.5071 0.0272 0.8615
vn 0.5002 0.0735 0.8628
vn -0.4099 -0.9121 -0.0072
vn 0.4786 0.1589 -0.8635
vn 0.4773 0.1170 0.8709
vn 0.4981 0.0850 0.8629
vn -0.7065 -0.7077 -0.0000
vn -0.5203 -0.8540 0.0014
vn 0.2768 -0.4145 0.8669
vn 0.0062 -0.5075 0.8616
vn -0.0118 -0.4977 0.8672
vn -0.3447 -0.3653 0.8647
vn -0.0124 -0.4981 0.8670
vn -0.5162 -0.8565 -0.0024
vn 0.5707 0.1085 0.8140
vn -0.5161 -0.8565 -0.0020
vn -0.3038 -0.9516 0.0468
vn 0.4844 0.1245 0.8659
vn -0.1795 0.4633 -0.8678
vn -0.1424 -0.3543 0.9242
vn 0.4400 0.2481 -0.8631
vn -0.5318 -0.4565 0.7133
vn 0.6034 0.7974 -0.0000
vn 0.3087 0.3875 0.8686
vn 0.3328 0.3815 0.8624
vn 0.3420 0.3601 0.8680
vn -0.5041 0.0209 -0.8634
vn -0.4934 0.0701 0.8670
vn -0.4977 0.1093 0.8605
vn -0.1571 0.4800 -0.8631
vn 0.8702 0.4926 0.0084
vn 0.3052 -0.4063 -0.8613
vn -0.1410 -0.3570 0.9234
vn -0.9120 -0.4103 -0.0011
vn -0.2997 -0.4095 0.8617
vn 0.5141 0.8577 -0.0095
vn 0.1550 0.4712 0.8683
vn 0.4062 -0.9138 0.0015
vn 0.0995 0.4855 0.8685
vn 0.7495 0.6620 -0.0043
vn 0.3582 -0.3538 0.8640
vn 0.2923 -0.2454 0.9243
vn 0.1731 0.9849 0.0056
vn 0.4927 -0.0722 0.8672
vn 0.4925 0.0571 0.8685
vn 0.2889 -0.4012 -0.8692
vn -0.2001 0.4499 0.8703
vn 0.5533 0.1910 0.8108
vn -0.9114 -0.4116 0.0025
vn 0.8038 0.5949 -0.0015
vn -0.4426 -0.2231 0.8685
vn 0.8033 0.5955 0.0044
vn -0.5172 -0.8558 -0.0056
vn -0.5023 -0.0069 0.8647
vn 0.6780 -0.1440 -0.7208
vn 0.3296 -0.3842 -0.8624
vn -0.3413 0.9400 -0.0044
vn -0.2255 0.4468 0.8658
vn -0.2604 -0.4176 0.8705
vn -0.2668 -0.4335 0.8608
vn -0.0809 -0.4995 -0.8625
vn -0.2202 -0.4554 0.8626
vn -0.2718 0.4191 0.8663
vn -0.1583 0.4809 -0.8624
vn -0.0804 0.4912 -0.8673
vn -0.0632 0.5022 -0.8625
vn 0.0628 0.5040 0.8614
vn 0.0919 0.4871 0.8685
vn -0.9548 -0.2973 -0.0000
vn 0.8576 0.5144 0.0037
vn -0.2569 -0.4191 0.8708
vn -0.2635 -0.4357 0.8607
vn 0.2322 -0.4440 0.8654
vn -0.2102 -0.4624 0.8614
vn -0.1322 -0.4787 0.8680
vn 0.8580 0.5136 -0.0025
vn 0.0472 -0.4956 0.8673
vn 0.3440 0.3703 0.8629
vn 0.2443 -0.4445 0.8618
vn 0.5313 0.2207 0.8180
vn 0.4520 0.2065 0.8678
vn 0.4531 0.2124 0.8658
vn 0.3833 -0.3212 -0.8660
vn 0.0676 -0.3748 0.9246
vn -0.4270 -0.2703 0.8629
vn 0.5053 0.0120 0.8628
vn 0.4950 0.0094 0.8688
vn -0.6179 -0.7863 -0.0006
vn 0.4902 -0.0390 0.8707
vn -0.4239 0.9057 0.0031
vn 0.9536 0.3001 -0.0225
vn 0.5807 0.0866 0.8095
vn -0.2435 0.4386 -0.8651
vn 0.5516 0.1633 0.8180
vn -0.9401 0.3409 0.0084
vn 0.4481 0.8939 0.0124
vn -0.2875 0.4160 -0.8627
vn -0.4799 -0.1342 0.8670
vn -0.4918 -0.1444 0.8587
vn 0.6039 0.7970 -0.0042
vn 0.1789 0.4657 -0.8667
vn 0.8681 0.4962 -0.0109
vn -0.4436 -0.2370 0.8643
vn 0.3563 -0.3411 -0.8699
vn 0.4513 0.1996 0.8698
vn -0.4216 0.9067 0.0114
vn 0.4472 0.2376 -0.8623
vn 0.4727 0.1497 0.8684
vn -0.2699 -0.4326 0.8602
vn 0.5149 0.2655 0.8151
vn -0.4782 0.1321 0.8682
vn 0.8117 0.5841 0.0043
vn 0.3215 0.3733 0.8702
vn -0.2973 -0.9548 -0.0026
vn 0.4320 0.3606 0.8267
vn -0.2395 0.4346 -0.8682
vn 0.4704 0.1594 0.8679
vn 0.9038 0.4279 0.0031
vn 0.0888 -0.3718 0.9241
vn 0.4636 0.2067 0.8616
vn -0.2960 0.4110 -0.8622
vn 0.4954 0.1101 0.8617
vn 0.7491 0.6625 -0.0000
vn 0.5066 0.2532 0.8242
vn -0.1029 -0.5002 0.8598
vn 0.4701 0.1625 0.8675
vn -0.4298 0.2506 0.8674
vn 0.1940 -0.3290 0.9242
vn -0.6173 -0.7868 -0.0017
vn -0.4093 0.2802 0.8683
vn 0.0483 -0.4974 0.8662
vn 0.3229 -0.3884 -0.8631
vn 0.2404 -0.4370 -0.8667
vn 0.5273 0.1841 0.8295
vn 0.4124 0.3946 0.8211
vn -0.9363 -0.3511 0.0103
vn -0.3419 0.9397 0.0006
vn 0.1507 -0.3451 0.9264
vn -0.1822 0.4694 0.8640
vn -0.4935 0.0222 0.8695
vn -0.9549 -0.2970 -0.0008
vn 0.4985 -0.0081 0.8668
vn -0.1739 0.5388 0.8243
vn 0.6811 0.7322 0.0020
vn 0.7513 0.6599 -0.0092
vn 0.4222 0.2622 0.8678
vn 0.3963 0.3033 0.8666
vn -0.1329 -0.9911 -0.0084
vn -0.1032 -0.4850 0.8684
vn 0.4866 0.1353 0.8631
vn 0.4972 -0.0082 0.8676
vn -0.0748 0.4874 0.8700
vn -0.5786 -0.8156 0.0046
vn -0.1840 0.4659 0.8655
vn -0.6578 -0.7532 -0.0049
vn 0.0450 0.5037 -0.8627
vn 0.4934 -0.0201 0.8696
vn 0.9134 0.4070 -0.0073
vn 0.5380 0.1583 0.8280
vn 0.5963 0.8028 -0.0000
vn 0.3382 -0.3603 -0.8694
vn 0.4517 -0.2123 0.8665
vn -0.7874 -0.6165 0.0022
vn 0.3027 0.3932 0.8682
vn -0.2336 0.4441 0.8650
vn 0.2597 -0.4337 -0.8628
vn -0.1026 -0.4819 0.8702
vn 0.2232 -0.4422 0.8687
vn -0.6161 -0.7877 0.0039
vn 0.3059 0.3997 0.8641
vn 0.4997 -0.0401 -0.8652
vn 0.7505 0.6609 0.0004
vn 0.4969 -0.0591 -0.8658
vn 0.1543 -0.3535 0.9226
vn -0.0718 -0.5023 0.8617
vn 0.4120 -0.2895 0.8640
vn 0.8120 0.5836 -0.0000
vn 0.3813 -0.3287 0.8640
vn 0.4785 -0.1571 -0.8639
vn 0.2442 0.4431 0.8626
vn 0.4603 -0.1889 0.8675
vn 0.4720 0.1820 0.8626
vn 0.0724 -0.4871 -0.8703
vn 0.9166 0.3999 -0.0004
vn -0.2361 0.4470 0.8628
vn 0.3388 -0.3612 -0.8688
vn 0.2150 0.4637 0.8595
vn -0.2343 0.4446 0.8646
vn 0.1668 0.9860 -0.0062
vn 0.2548 0.4232 0.8695
vn 0.4621 -0.2234 0.8583
vn -0.0890 0.4913 0.8664
vn 0.4633 0.2025 -0.8628
vn -0.7867 -0.6173 -0.0000
vn -0.1153 -0.9933 0.0124
vn 0.3381 -0.3602 -0.8695
vn -0.6180 -0.7862 -0.0022
vn 0.8139 0.5810 -0.0042
vn 0.8135 0.5816 0.0008
vn -0.0469 -0.4975 0.8662
vn -0.2413 0.4449 0.8624
vn 0.8665 0.4992 0.0036
vn 0.3403 -0.3646 -0.8668
vn 0.0146 -0.4923 0.8703
vn -0.2433 0.4380 -0.8654
vn -0.4591 0.2030 0.8649
vn -0.7077 -0.7065 -0.0000
vn -0.3110 -0.3957 -0.8641
vn -0.4906 0.0700 0.8685
vn -0.6159 -0.7879 -0.0022
vn -0.4571 0.1956 0.8676
vn -0.2205 -0.4547 0.8629
vn 0.4926 -0.0506 -0.8688
vn -0.5301 0.4582 0.7134
vn 0.2899 -0.4031 -0.8680
vn 0.3836 -0.3274 0.8635
vn -0.5055 0.0421 0.8618
vn -0.6174 -0.7867 0.0017
vn -0.4962 -0.0072 -0.8682
vn -0.4926 0.0423 0.8692
vn 0.4652 0.1643 0.8698
vn 0.0684 0.4825 0.8732
vn 0.4365 0.2193 0.8726
vn -0.3237 -0.3758 -0.8683
vn -0.8553 -0.5181 -0.0014
vn -0.5006 0.0671 0.8631
vn -0.0647 0.4931 0.8676
vn -0.4868 -0.1371 0.8627
vn -0.9347 -0.3553 0.0105
vn -0.3263 0.3737 -0.8683
vn -0.7066 -0.7076 0.0039
vn -0.3474 -0.3692 -0.8620
vn -0.4951 0.0702 0.8660
vn 0.7674 -0.6410 0.0133
vn -0.2018 0.4586 -0.8655
vn -0.4947 0.0136 -0.8690
vn -0.3393 -0.3624 0.8680
vn -0.0227 -0.5012 0.8650
vn 0.4970 0.0515 0.8662
vn -0.2772 0.4175 0.8654
vn 0.5085 -0.0262 0.8607
vn -0.5182 0.8527 0.0657
vn -0.1567 0.9870 -0.0353
vn -0.6030 0.7977 0.0027
vn 0.8116 0.5842 -0.0000
vn -0.4953 0.0762 -0.8654
vn 0.4915 0.0429 0.8698
vn 0.8118 0.5840 -0.0026
vn 0.5136 0.8581 -0.0000
vn -0.4902 0.0699 0.8688
vn 0.2790 -0.4179 0.8646
vn -0.2918 -0.4082 0.8650
vn 0.4352 -0.2374 0.8685
vn -0.0668 0.4894 0.8695
vn -0.4992 0.0729 -0.8634
vn -0.4789 0.1326 0.8678
vn 0.4985 0.0721 0.8639
vn 0.3584 -0.3513 0.8650
vn 0.3575 -0.3366 0.8711
vn 0.1380 -0.4783 -0.8673
vn -0.0111 0.5078 0.8614
vn -0.8554 -0.5179 0.0081
vn -0.7070 -0.7072 -0.0019
vn -0.0715 0.5033 0.8612
vn 0.8691 0.4947 0.0019
vn -0.3827 0.3130 0.8692
vn -0.4826 0.1414 0.8643
vn 0.8659 0.5002 -0.0000
vn -0.3807 0.3223 0.8667
vn -0.4380 -0.2493 -0.8637
vn 0.3322 -0.3695 0.8678
vn -0.8563 -0.5164 0.0024
vn 0.1068 -0.4871 0.8668
vn 0.8690 0.4948 0.0028
vn 0.3668 -0.3496 -0.8621
vn -0.4827 0.1074 0.8692
vn 0.3794 -0.3184 -0.8687
vn 0.5650 0.1029 0.8187
vn 0.5009 -0.0017 0.8655
vn 0.4777 -0.1349 0.8681
vn 0.4963 -0.0946 0.8630
vn 0.6708 0.7417 -0.0000
vn -0.0233 0.5104 0.8596
vn 0.4940 -0.1089 0.8626
vn 0.5033 -0.0464 0.8629
vn 0.1021 0.4996 0.8602
vn -0.0785 -0.4908 -0.8677
vn 0.4989 0.0889 0.8621
vn 0.3331 0.3767 0.8644
vn 0.4903 0.1072 0.8650
vn -0.6031 0.3943 0.6934
vn -0.3402 0.3639 -0.8671
vn 0.4991 -0.0015 0.8666
vn 0.4702 0.1909 -0.8617
vn -0.7877 -0.6161 -0.0039
vn 0.5001 0.0406 0.8650
vn -0.4783 -0.1327 -0.8681
vn -0.0743 -0.4867 0.8704
vn 0.1661 -0.4707 0.8665
vn -0.2335 -0.4484 0.8628
vn -0.1131 -0.4916 -0.8634
vn -0.1826 0.4702 0.8634
vn 0.0744 0.4900 0.8685
vn 0.1643 -0.4688 0.8679
vn -0.4020 0.3074 -0.8625
vn 0.0355 0.5071 0.8611
vn -0.1214 -0.4826 -0.8674
vn -0.4471 0.2152 0.8682
vn -0.4688 0.1671 0.8673
vn -0.4593 0.1887 0.8680
vn 0.4996 0.0420 0.8652
vn 0.4558 -0.1927 0.8690
vn 0.4889 0.1449 -0.8602
vn 0.2248 0.4375 0.8707
vn 0.1846 0.4595 0.8688
vn -0.4312 -0.2350 0.8711
vn -0.3159 0.3942 0.8630
vn -0.3892 -0.3304 0.8599
vn 0.3280 -0.3827 0.8637
vn -0.7241 -0.6896 0.0069
vn 0.6812 0.7321 -0.0000
vn 0.3422 -0.3651 -0.8658
vn -0.9114 -0.4114 -0.0036
vn -0.4534 0.2028 -0.8679
vn -0.4977 0.0614 0.8652
vn 0.2887 -0.4009 -0.8694
vn 0.9162 0.4007 0.0062
vn 0.7278 -0.6858 0.0044
vn 0.4209 -0.2784 -0.8633
vn 0.3425 -0.3718 0.8628
vn -0.1568 -0.9845 -0.0784
vn 0.2326 -0.4368 0.8690
vn -0.4474 -0.2476 0.8594
vn 0.4642 -0.8857 -0.0059
vn -0.5838 -0.8118 0.0095
vn 0.9151 0.4033 -0.0027
vn 0.2246 0.4335 0.8727
vn -0.3487 0.3542 -0.8677
vn -0.3063 -0.3991 -0.8643
vn 0.9767 0.2147 -0.0069
vn 0.6126 0.7903 -0.0097
vn 0.9143 0.4048 0.0104
vn 0.9501 0.3120 -0.0077
vn 0.3204 -0.3805 0.8675
vn 0.2848 0.4181 -0.8626
vn 0.9511 0.3087 -0.0087
vn 0.3221 0.3880 -0.8635
vn -0.0624 0.4974 -0.8653
vn 0.2417 -0.4470 0.8612
vn 0.3697 0.3442 0.8630
vn 0.4525 0.2196 0.8643
vn 0.4159 -0.2729 -0.8675
vn -0.7064 -0.7078 -0.0019
vn 0.3506 0.3651 -0.8624
vn 0.4521 0.2298 0.8619
vn -0.1974 0.4479 0.8720
vn -0.0505 0.9987 -0.0096
vn -0.2817 0.4184 0.8635
vn 0.9116 0.4111 0.0067
vn -0.4183 0.2647 -0.8689
vn -0.4432 -0.2459 0.8620
vn -0.2686 -0.4179 0.8679
vn 0.1115 0.7031 -0.7023
vn 0.8485 -0.5291 -0.0068
vn -0.4088 0.2827 0.8677
vn -0.2296 0.4378 0.8692
vn -0.5166 0.8562 -0.0061
vn 0.3385 -0.3607 -0.8691
vn -0.9551 -0.2962 -0.0000
vn 0.1627 -0.4792 0.8625
vn 0.3783 -0.3180 -0.8694
vn -0.8970 -0.4421 0.0006
vn -0.1595 0.4792 -0.8631
vn 0.7496 0.6619 -0.0000
vn -0.4089 -0.9126 0.0060
vn -0.3082 -0.3890 0.8682
vn -0.7076 -0.7066 -0.0038
vn 0.3897 -0.3209 -0.8632
vn -0.3080 -0.4002 -0.8631
vn 0.3199 0.6366 -0.7017
vn 0.0296 0.4891 0.8717
vn -0.2117 -0.9773 -0.0024
vn 0.3800 -0.3183 -0.8685
vn -0.7875 -0.6163 0.0050
vn 0.0390 -0.4944 -0.8684
vn -0.1100 -0.4893 0.8652
vn 0.4883 -0.1129 -0.8654
vn 0.9120 0.4103 -0.0000
vn 0.9479 0.3185 0.0094
vn -0.9546 -0.2979 -0.0034
vn 0.1092 -0.4797 -0.8706
vn 0.9480 0.3182 0.0070
vn 0.8039 0.5948 -0.0000
vn 0.8038 0.5948 -0.0000
vn 0.0627 0.4996 0.8640
vn 0.2642 -0.4280 0.8643
vn 0.6558 -0.7548 0.0097
vn 0.5786 -0.8156 -0.0055
vn -0.4322 0.9018 0.0013
vn 0.1859 -0.4712 0.8622
vn -0.0908 -0.4874 -0.8684
vn -0.1116 0.7026 -0.7028
vn -0.2645 -0.4177 0.8692
vn -0.5058 0.0129 0.8626
vn -0.9835 -0.1807 -0.0005
vn 0.8575 0.5145 -0.0000
vn 0.1272 -0.4883 -0.8634
vn -0.3526 0.3614 0.8632
vn -0.7494 0.6621 -0.0063
vn -0.3192 0.6367 -0.7020
vn 0.1371 -0.4776 -0.8678
vn 0.0374 0.9993 -0.0091
vn -0.0733 -0.5053 -0.8598
vn 0.2375 -0.4330 0.8696
vn -0.0325 0.9994 -0.0072
vn 0.4140 -0.2711 -0.8690
vn -0.3292 0.3843 -0.8625
vn 0.4908 -0.0265 0.8709
vn 0.4945 0.0318 0.8686
vn -0.0696 -0.4883 -0.8699
vn 0.9506 0.3104 0.0051
vn -0.4995 0.0060 0.8663
vn 0.4975 -0.0081 0.8674
vn -0.3398 -0.3624 0.8679
vn 0.1400 0.4720 0.8704
vn -0.0381 -0.5026 0.8637
vn -0.3876 0.3248 -0.8627
vn -0.0040 -0.5030 -0.8643
vn 0.4886 -0.1556 0.8585
vn 0.4805 -0.1325 0.8669
vn 0.2013 0.4642 0.8625
vn -0.9835 -0.1809 -0.0000
vn -0.3621 0.3403 0.8678
vn 0.0515 0.4946 0.8676
vn 0.4973 0.0799 -0.8639
vn 0.5030 0.0432 0.8632
vn 0.1058 -0.4857 0.8677
vn 0.2132 0.4560 -0.8641
vn 0.0139 0.9999 -0.0034
vn -0.3391 -0.3615 0.8685
vn 0.8880 0.4597 0.0116
vn 0.2472 0.4299 -0.8684
vn -0.1139 0.9935 -0.0000
vn 0.2475 0.4300 -0.8682
vn -0.2759 0.4133 0.8678
vn -0.0773 -0.4966 0.8645
vn -0.4916 0.0365 0.8701
vn -0.3358 0.9415 0.0299
vn -0.6171 0.3396 -0.7098
vn -0.8421 -0.5378 -0.0413
vn 0.3811 -0.3202 -0.8673
vn 0.5050 0.0301 0.8626
vn 0.2766 -0.4141 0.8672
vn -0.2228 0.4431 0.8684
vn -0.3608 -0.3276 0.8732
vn 0.4676 0.1617 0.8690
vn -0.5068 0.0338 0.8614
vn 0.4948 -0.0458 0.8678
vn 0.4696 0.2059 0.8585
vn 0.0156 -0.4922 -0.8703
vn -0.8554 -0.5180 -0.0000
vn 0.4811 0.1683 0.8604
vn 0.4455 0.2002 0.8726
vn -0.4730 0.1476 0.8686
vn -0.5992 0.0886 -0.7957
vn -0.1035 -0.4836 0.8691
vn 0.4754 0.1577 0.8655
vn -0.4802 0.1274 0.8678
vn 0.0562 -0.5033 0.8623
vn -0.9677 0.2520 0.0026
vn -0.1891 0.4613 -0.8669
vn 0.3219 -0.3844 0.8652
vn 0.9415 0.3370 0.0025
vn -0.2903 0.3970 0.8707
vn 0.4910 0.1267 0.8619
vn -0.0691 -0.4892 -0.8694
vn -0.5010 0.0814 0.8616
vn -0.4849 0.1361 0.8639
vn 0.0560 0.9984 0.0089
vn 0.9702 0.2425 0.0018
vn -0.2186 -0.4484 0.8667
vn 0.4797 0.1533 0.8639
vn -0.4880 0.0650 0.8704
vn -0.5033 0.0152 0.8640
vn 0.4612 0.1989 -0.8647
vn -0.4935 0.0173 0.8696
vn -0.2238 -0.4496 0.8647
vn 0.1548 -0.4832 0.8617
vn 0.3232 -0.3822 0.8657
vn 0.0932 -0.4981 0.8621
vn 0.4918 0.0712 -0.8678
vn -0.6791 -0.7338 -0.0190
vn -0.3084 0.3841 0.8703
vn -0.3808 -0.3299 -0.8638
vn 0.3992 -0.2925 0.8690
vn 0.4335 -0.2521 0.8652
vn -0.6208 -0.3443 -0.7043
vn -0.4953 -0.5113 -0.7023
vn 0.1326 0.4788 -0.8678
vn -0.2739 0.4166 0.8668
vn -0.9982 -0.0602 -0.0002
vn 0.1093 -0.4944 -0.8623
vn -0.1556 0.4772 -0.8649
vn 0.4688 0.1939 0.8618
vn 0.4823 0.1135 0.8686
vn 0.5773 0.0509 0.8149
vn -0.4849 0.0829 0.8706
vn -0.1947 -0.4645 -0.8639
vn 0.9523 0.3051 -0.0027
vn 0.4760 0.1702 0.8628
vn 0.3698 0.1039 0.9233
vn -0.3211 -0.6342 -0.7033
vn 0.1612 0.4805 0.8621
vn 0.4137 0.2771 -0.8672
vn -0.6158 -0.7879 -0.0039
vn -0.4985 0.1022 0.8608
vn 0.0692 0.4970 0.8650
vn -0.4894 0.1128 0.8647
vn 0.4891 0.1359 0.8616
vn 0.0466 0.9989 -0.0084
vn 0.5057 0.0302 -0.8622
vn 0.1729 0.5412 0.8229
vn -0.3142 -0.3959 -0.8629
vn -0.0522 0.4915 0.8693
vn 0.3919 0.3208 -0.8623
vn 0.4767 0.1319 -0.8691
vn -0.2043 0.4612 -0.8634
vn 0.9702 0.2422 -0.0000
vn 0.2423 -0.4284 0.8705
vn -0.4950 -0.0073 -0.8689
vn 0.9750 0.2222 -0.0000
vn -0.0388 0.5028 0.8635
vn -0.3823 0.3302 0.8630
vn -0.0289 0.4928 0.8697
vn 0.9933 0.1154 -0.0057
vn -0.5073 0.0315 0.8612
vn 0.4890 -0.0951 0.8671
vn 0.9620 0.2727 0.0128
vn 0.4948 -0.0576 -0.8671
vn 0.8665 0.4991 0.0036
vn 0.0689 0.4972 0.8649
vn 0.4987 -0.0892 -0.8622
vn -0.9836 -0.1804 -0.0000
vn -0.7879 -0.6158 0.0022
vn -0.2111 0.5359 0.8175
vn 0.9747 0.2233 0.0089
vn 0.0194 -0.4955 0.8684
vn 0.3362 0.3659 0.8678
vn 0.0879 -0.4857 -0.8697
vn -0.5022 -0.0800 0.8611
vn -0.2972 -0.9548 -0.0029
vn -0.9982 0.0603 -0.0000
vn 0.4049 -0.2855 -0.8686
vn 0.9143 0.4049 -0.0120
vn 0.5560 -0.0912 0.8262
vn 0.9891 0.1472 0.0011
vn -0.5348 0.2135 0.8176
vn -0.2140 0.4525 -0.8657
vn -0.4905 0.1215 -0.8629
vn 0.8660 0.5000 -0.0002
vn 0.1117 -0.7027 -0.7027
vn 0.1645 -0.4675 0.8686
vn -0.4976 0.2752 0.8226
vn -0.4111 0.3874 0.8252
vn 0.4798 -0.1393 0.8662
vn 0.3912 0.3209 -0.8626
vn -0.2424 -0.5137 0.8230
vn 0.4119 0.3915 0.8228
vn -0.3931 0.4268 0.8144
vn 0.2449 -0.4433 0.8623
vn -0.2689 0.5130 0.8152
vn 0.5195 -0.8532 -0.0468
vn 0.3367 -0.4734 0.8140
vn 0.9518 0.3066 -0.0038
vn 0.1781 -0.4734 -0.8626
vn -0.2648 0.4333 -0.8615
vn 0.6212 -0.3466 -0.7028
vn 0.4582 -0.3354 0.8231
vn 0.9751 0.2205 -0.0215
vn -0.4589 0.3311 0.8245
vn -0.5279 -0.2075 0.8235
vn 0.1773 -0.4665 -0.8666
vn 0.5693 -0.0323 0.8215
vn 0.6953 -0.1568 -0.7014
vn -0.3234 0.4811 0.8148
vn 0.6202 -0.3454 -0.7043
vn 0.2772 -0.9608 0.0075
vn 0.4898 -0.0699 0.8690
vn 0.6159 0.3422 -0.7096
vn 0.9704 -0.2414 0.0018
vn 0.9699 -0.2432 -0.0126
vn 0.9987 0.0503 0.0003
vn 0.5237 0.2276 0.8209
vn -0.3403 0.4682 0.8155
vn -0.4016 -0.2942 -0.8673
vn 0.9411 -0.3382 -0.0000
vn -0.2544 0.4439 0.8592
vn -0.1062 -0.4977 0.8608
vn -0.4629 -0.2031 -0.8628
vn -0.5835 -0.0480 0.8107
vn -0.5590 0.0187 0.8289
vn -0.5794 -0.0106 0.8150
vn -0.5773 0.0886 0.8117
vn -0.5523 0.0855 0.8293
vn -0.5661 0.1196 0.8156
vn -0.5331 0.2098 0.8196
vn -0.5583 0.1526 0.8155
vn -0.0105 0.5011 -0.8653
vn -0.5406 0.1481 0.8281
vn 0.9412 -0.3379 0.0025
vn -0.5257 0.2443 0.8148
vn -0.5102 0.2702 0.8165
vn -0.5593 -0.0449 0.8278
vn 0.9043 -0.4270 -0.0000
vn -0.5841 0.0192 0.8114
vn -0.3528 0.3599 -0.8637
vn -0.5415 -0.1900 0.8190
vn 0.4680 -0.1697 -0.8673
vn -0.4959 0.0523 -0.8668
vn -0.4969 0.0898 -0.8631
vn 0.9988 0.0492 -0.0071
vn 0.4921 0.5153 -0.7016
vn 0.3608 0.3386 -0.8690
vn 0.1795 -0.4715 -0.8634
vn 0.9901 0.1404 0.0091
vn 0.7890 0.6142 -0.0142
vn -0.9982 0.0602 0.0002
vn 0.4463 -0.2194 -0.8676
vn 0.4888 -0.0713 0.8695
vn 0.9988 -0.0490 -0.0003
vn -0.5000 0.0579 0.8641
vn -0.4055 0.2858 0.8683
vn 0.0858 0.4860 0.8698
vn 0.3199 0.6362 -0.7021
vn 0.1585 0.9873 -0.0112
vn 0.4539 -0.2232 -0.8626
vn 0.0125 0.4971 0.8676
vn -0.9985 0.0550 0.0068
vn 0.0958 0.4976 0.8621
vn -0.2456 0.4418 -0.8628
vn 0.8583 0.5130 -0.0104
vn 0.9515 0.3078 0.0051
vn -0.2459 0.9693 0.0008
vn 0.0877 -0.4985 -0.8624
vn -0.2421 0.4256 0.8719
vn -0.1579 0.4797 -0.8631
vn -0.1611 -0.4675 0.8692
vn -0.7873 -0.6165 0.0005
vn -0.1310 -0.4765 0.8694
vn -0.4990 0.0666 0.8640
vn 0.9973 0.0701 -0.0222
vn 0.1319 0.4766 0.8692
vn 0.9761 0.2171 -0.0039
vn -0.1489 -0.4820 -0.8635
vn 0.2115 -0.4600 -0.8623
vn 0.0104 0.4989 0.8666
vn -0.3148 0.3877 0.8663
vn -0.0270 0.5100 0.8597
vn -0.3962 -0.3018 0.8672
vn -0.2716 -0.4312 0.8604
vn 0.3789 -0.3178 -0.8692
vn -0.4712 -0.1559 0.8681
vn -0.1488 0.4744 0.8676
vn 0.0826 -0.4926 -0.8663
vn -0.2054 0.4635 0.8619
vn 0.2773 -0.4145 0.8667
vn 0.6208 0.3483 -0.7024
vn -0.4876 -0.1209 -0.8647
vn 0.1786 -0.4601 0.8697
vn 0.2622 0.4150 0.8712
vn -0.3793 0.3183 -0.8688
vn -0.3587 -0.3526 -0.8643
vn -0.7869 -0.6171 0.0022
vn -0.3265 -0.3801 -0.8654
vn 0.1037 0.4934 0.8636
vn 0.5324 0.5324 0.6581
vn -0.1914 0.9815 -0.0071
vn 0.5004 0.0505 -0.8643
vn 0.5002 -0.0003 -0.8659
vn -0.4471 -0.2229 0.8663
vn -0.3082 0.9513 -0.0047
vn -0.2950 0.3897 0.8724
vn -0.4486 0.2176 -0.8668
vn 0.0152 0.5037 0.8637
vn -0.1064 0.4881 0.8663
vn 0.1115 -0.7038 -0.7016
vn 0.4931 -0.0507 -0.8685
vn 0.4694 -0.1524 0.8697
vn 0.2632 -0.2780 0.9238
vn 0.2284 -0.4508 -0.8629
vn -0.4679 0.1599 -0.8692
vn -0.4160 0.2731 -0.8674
vn -0.1145 0.9934 -0.0000
vn -0.0488 -0.5040 0.8623
vn 0.0100 0.5021 0.8648
vn -0.0996 -0.5024 0.8589
vn -0.2842 0.5056 0.8146
vn -0.2677 -0.4287 0.8628
vn 0.2260 0.4421 0.8681
vn -0.3689 0.3421 -0.8642
vn 0.0434 0.4994 0.8653
vn 0.0764 0.4882 0.8694
vn 0.0553 0.4930 0.8683
vn -0.4077 0.3014 -0.8620
vn -0.6530 0.2811 0.7033
vn -0.2641 -0.4195 0.8685
vn -0.4033 0.2956 -0.8660
vn -0.4165 -0.2886 0.8621
vn -0.4762 -0.1318 -0.8694
vn -0.7052 -0.7090 -0.0018
vn 0.9759 0.2182 0.0039
vn -0.4265 0.2545 -0.8679
vn -0.1509 0.4811 0.8636
vn 0.3686 -0.3288 -0.8695
vn -0.2874 0.3997 -0.8704
vn 0.2266 -0.3056 0.9248
vn -0.7868 -0.6173 0.0019
vn 0.0039 -0.4941 -0.8694
vn -0.0604 -0.9982 -0.0037
vn -0.4945 -0.0055 0.8692
vn -0.1139 0.9935 0.0004
vn -0.7075 0.7067 0.0059
vn -0.1142 0.9934 0.0050
vn -0.5033 -0.0436 0.8630
vn 0.0958 0.4851 0.8692
vn 0.3273 -0.3713 -0.8689
vn 0.0564 0.5007 0.8638
vn 0.3944 -0.3132 -0.8639
vn 0.0390 -0.4968 -0.8670
vn 0.3197 0.3831 -0.8666
vn 0.3764 0.0261 0.9261
vn 0.7032 0.7110 0.0049
vn -0.4215 0.9068 -0.0088
vn -0.4700 0.1841 -0.8632
vn -0.0530 -0.4957 -0.8669
vn -0.7890 -0.6144 -0.0007
vn 0.4747 -0.1579 -0.8658
vn 0.4294 -0.2414 0.8702
vn 0.5729 0.0164 0.8194
vn 0.0964 -0.5670 0.8181
vn 0.1275 -0.4877 -0.8637
vn 0.9985 -0.0507 0.0193
vn 0.4937 -0.2884 0.8204
vn 0.9992 0.0285 0.0282
vn 0.5699 -0.1175 0.8133
vn 0.4902 -0.1087 0.8648
vn 0.3100 -0.3849 0.8694
vn 0.5373 0.1890 0.8220
vn 0.4775 -0.1464 0.8663
vn -0.1101 0.4904 -0.8645
vn -0.3160 0.9488 -0.0005
vn -0.3189 0.9478 0.0057
vn -0.3542 0.9343 -0.0396
vn -0.0077 -0.4967 -0.8679
vn -0.0092 -0.5072 -0.8618
vn 0.1982 -0.4732 0.8583
vn 0.4910 -0.1002 -0.8654
vn -0.0753 0.9972 0.0036
vn 0.3210 0.3795 -0.8677
vn -0.3646 0.3444 -0.8651
vn -0.4474 0.8925 -0.0575
vn 0.1276 -0.4843 -0.8655
vn 0.5309 -0.2453 0.8112
vn 0.9509 -0.3091 0.0138
vn 0.9984 -0.0513 0.0227
vn 0.9771 -0.2126 0.0013
vn 0.9914 -0.1305 0.0134
vn -0.0000 -0.0000 1.0000
vn 0.1680 -0.9858 0.0067
vn 0.9915 -0.1296 0.0098
vn 0.4096 -0.2903 0.8648
vn -0.3793 0.3188 -0.8686
vn 0.1603 -0.5552 0.8161
vn -0.7078 -0.7064 0.0019
vn 0.6895 0.7227 -0.0487
vn 0.9759 -0.2173 0.0184
vn -0.6902 0.7213 -0.0573
vn -0.0459 -0.4922 -0.8693
vn -0.5467 0.8363 -0.0410
vn -0.5014 0.8651 0.0134
vn -0.7057 -0.7085 -0.0039
vn -0.5055 0.8628 -0.0077
vn -0.7878 -0.6159 -0.0000
vn 0.4991 0.0108 -0.8665
vn -0.7885 -0.6151 0.0022
vn -0.0256 0.4981 0.8668
vn 0.1260 0.5644 0.8158
vn 0.2234 -0.4440 0.8677
vn -0.1560 0.4792 -0.8637
vn -0.4761 0.1318 0.8694
vn -0.9118 -0.4107 -0.0011
vn -0.9120 -0.4102 -0.0000
vn -0.3640 -0.3411 -0.8667
vn -0.9544 -0.2986 -0.0034
vn -0.2374 -0.4361 0.8680
vn -0.2234 -0.4561 0.8614
vn -0.2272 0.4436 -0.8670
vn 0.4331 0.2379 0.8694
vn -0.6890 0.1702 0.7045
vn 0.4884 0.1359 0.8620
vn -0.3176 0.3886 0.8649
vn 0.3280 -0.3825 -0.8638
vn 0.4135 -0.2756 -0.8678
vn 0.2875 -0.4176 -0.8620
vn -0.6660 0.7459 -0.0034
vn -0.4394 0.2473 0.8636
vn -0.6758 0.7371 -0.0005
vn 0.8034 0.5954 -0.0000
vn 0.2232 -0.4433 0.8681
vn 0.3390 -0.3615 -0.8686
vn -0.1361 0.4865 0.8630
vn 0.9920 0.1266 -0.0001
vn 0.2755 -0.4134 0.8679
vn 0.3974 -0.3106 -0.8635
vn -0.9548 -0.2974 -0.0008
vn 0.3141 -0.3965 0.8626
vn -0.2309 0.4466 0.8644
vn -0.2885 -0.4160 0.8624
vn 0.9115 0.4113 -0.0000
vn 0.3612 -0.3548 0.8623
vn -0.9838 -0.1795 -0.0005
vn 0.0340 -0.5019 0.8643
vn 0.3217 -0.3796 0.8674
vn 0.2727 0.4346 0.8584
vn 0.9037 0.4281 -0.0031
vn 0.2442 0.4327 -0.8678
vn 0.2753 0.4230 -0.8633
vn 0.4854 -0.1054 -0.8679
vn 0.4436 -0.2183 -0.8692
vn 0.4968 -0.0309 -0.8673
vn 0.3409 0.3648 0.8664
vn 0.2890 0.4015 0.8690
vn -0.7974 0.6034 0.0042
vn -0.4556 -0.2169 -0.8634
vn 0.3999 -0.3100 -0.8626
vn -0.3525 0.3582 0.8646
vn -0.4736 0.1613 -0.8659
vn 0.9113 0.4117 0.0030
vn -0.3661 0.3420 0.8655
vn -0.3207 0.3789 0.8681
vn 0.4851 -0.1445 0.8624
vn 0.4640 -0.1900 0.8652
vn 0.4893 -0.1068 0.8656
vn 0.9480 0.3180 0.0121
vn 0.3589 0.4386 0.8239
vn 0.9486 0.3166 -0.0000
vn 0.3288 0.4542 0.8280
vn -0.4299 -0.2524 -0.8669
vn -0.4185 0.2634 0.8692
vn -0.1821 0.4691 0.8642
vn -0.6167 -0.7872 -0.0017
vn 0.9748 0.2231 0.0016
vn 0.9749 0.2225 -0.0032
vn -0.3324 0.3788 -0.8637
vn 0.4631 -0.2056 -0.8621
vn 0.4156 -0.2728 -0.8677
vn -0.4872 -0.1371 0.8625
vn -0.8644 0.5022 -0.0247
vn -0.7874 -0.6165 0.0017
vn -0.8987 0.4383 -0.0176
vn -0.4260 0.2694 -0.8637
vn -0.3979 0.3119 -0.8628
vn -0.4436 0.2310 -0.8659
vn 0.9922 0.1243 -0.0000
vn 0.9922 0.1245 0.0009
vn -0.7867 -0.6173 -0.0005
vn 0.4143 0.2913 -0.8623
vn -0.3293 0.3852 -0.8621
vn -0.3660 0.3486 -0.8628
vn -0.2887 0.4010 0.8694
vn 0.9997 0.0241 0.0002
vn -0.4708 -0.1807 0.8635
vn 0.9997 0.0241 -0.0000
vn -0.2323 0.4477 0.8635
vn 0.9972 -0.0749 -0.0005
vn -0.3836 -0.3320 -0.8618
vn 0.4440 -0.2173 -0.8693
vn -0.4330 -0.2419 -0.8683
vn -0.4304 -0.2544 -0.8661
vn -0.0634 0.5003 0.8636
vn -0.4326 -0.2415 -0.8687
vn -0.4563 -0.2156 -0.8633
vn -0.4598 -0.1935 0.8667
vn -0.1364 0.4873 0.8625
vn -0.3159 -0.3895 -0.8652
vn -0.3698 0.3450 -0.8627
vn 0.3690 0.4474 0.8146
vn -0.9508 0.3078 -0.0351
vn -0.9720 0.2334 0.0290
vn -0.9735 0.2284 0.0124
vn -0.9663 0.2545 -0.0386
vn -0.9643 0.2627 0.0342
vn 0.9919 0.1267 0.0008
vn -0.8560 -0.5170 0.0014
vn -0.4759 -0.1313 -0.8696
vn 0.9994 0.0344 -0.0014
vn 0.9994 0.0355 0.0050
vn -0.4265 -0.2444 0.8708
vn -0.4150 -0.2848 0.8641
vn 0.1387 0.4859 -0.8629
vn 0.9981 -0.0607 -0.0041
vn 0.0150 -0.4995 0.8662
vn -0.1061 0.4863 0.8673
vn 0.3704 -0.3459 0.8621
vn -0.4689 -0.1622 0.8682
vn 0.3721 0.4373 0.8187
vn -0.1638 -0.4769 -0.8636
vn 0.9982 -0.0597 0.0025
vn -0.2798 0.4192 0.8637
vn 0.1568 0.4804 0.8629
vn 0.9873 -0.1592 -0.0016
vn 0.9873 -0.1588 0.0009
vn -0.3682 0.3320 -0.8684
vn 0.3206 -0.3870 0.8645
vn -0.9115 -0.4113 -0.0014
vn -0.2470 0.4419 -0.8624
vn -0.9951 0.0955 0.0259
vn -0.2039 0.4635 -0.8623
vn 0.9663 -0.2574 -0.0024
vn 0.9666 -0.2563 0.0065
vn -0.4126 0.2821 0.8662
vn 0.9360 -0.3519 -0.0085
vn -0.9954 0.0937 -0.0194
vn -0.3756 0.3231 0.8686
vn 0.4440 -0.2179 -0.8691
vn -0.1882 0.4697 0.8625
vn -0.9120 -0.4102 0.0011
vn 0.9367 -0.3502 0.0051
vn 0.4969 -0.1042 -0.8615
vn 0.8990 -0.4380 -0.0040
vn -0.9551 -0.2962 0.0008
vn 0.4703 0.1628 0.8674
vn -0.3476 0.3546 0.8680
vn 0.4794 0.1322 -0.8676
vn -0.8560 -0.5170 0.0024
vn -0.2319 -0.4461 0.8644
vn 0.9922 0.1244 -0.0000
vn 0.4836 -0.1044 -0.8690
vn -0.2961 0.4115 -0.8620
vn 0.4094 0.2890 -0.8654
vn -0.8562 -0.5167 -0.0038
vn -0.9118 -0.4107 -0.0000
vn -0.3364 0.3772 -0.8629
vn -0.1273 0.4850 -0.8652
vn -0.0938 0.4997 0.8611
vn 0.4689 0.3130 0.8259
vn -0.9926 -0.1184 -0.0282
vn -0.9994 -0.0075 0.0331
vn -0.3104 -0.3918 0.8661
vn 0.9777 0.2100 -0.0010
vn -0.9115 -0.4112 -0.0000
vn 0.4882 -0.1240 -0.8639
vn -0.5017 0.0102 0.8650
vn -0.4893 -0.0798 -0.8684
vn -0.2767 -0.4214 -0.8636
vn -0.9992 0.0352 -0.0192
vn -0.2442 -0.4438 -0.8622
vn 0.0498 -0.4997 -0.8648
vn 0.4834 -0.1049 -0.8691
vn 0.3303 -0.3686 0.8689
vn -0.9919 -0.1243 0.0277
vn 0.4003 -0.3023 -0.8651
vn 0.3933 -0.3020 0.8684
vn 0.4935 0.3020 0.8157
vn 0.9997 0.0244 -0.0069
vn 0.9997 0.0254 0.0002
vn 0.4192 -0.2644 0.8686
vn -0.9120 -0.4101 0.0025
vn 0.4893 0.0881 -0.8677
vn 0.9777 0.2100 -0.0011
vn -0.3465 0.3546 0.8685
vn 0.4503 0.2116 -0.8675
vn 0.4972 0.0728 0.8646
vn 0.4974 -0.0830 -0.8636
vn 0.4166 -0.2732 -0.8671
vn -0.9696 -0.2445 0.0110
vn 0.3122 -0.3873 -0.8675
vn -0.9712 -0.2361 0.0314
vn -0.3848 0.3173 0.8667
vn 0.4913 -0.0503 -0.8695
vn -0.2349 0.4387 -0.8674
vn 0.9971 -0.0758 -0.0069
vn 0.9850 -0.1726 -0.0000
vn -0.1738 -0.4659 -0.8676
vn 0.9850 -0.1728 -0.0012
vn 0.5026 0.0432 0.8634
vn 0.9939 0.1104 -0.0000
vn -0.2822 -0.4130 -0.8659
vn -0.3742 0.4451 0.8135
vn -0.0407 -0.5007 -0.8647
vn -0.4302 0.2676 0.8621
vn 0.9624 -0.2717 -0.0000
vn -0.3108 0.3983 -0.8630
vn 0.5043 -0.0128 -0.8634
vn -0.2529 -0.4437 -0.8598
vn -0.4617 0.2018 0.8638
vn -0.4705 0.1815 -0.8635
vn -0.1524 -0.4757 -0.8663
vn -0.4634 0.1866 -0.8663
vn -0.0950 -0.4849 0.8694
vn -0.1067 -0.4902 -0.8651
vn -0.0172 0.5024 0.8645
vn -0.1550 -0.4769 0.8652
vn 0.4170 -0.2740 -0.8666
vn -0.4128 0.2771 -0.8676
vn -0.3876 0.3026 0.8707
vn -0.4493 0.2314 0.8629
vn -0.9242 -0.3769 -0.0621
vn 0.4974 0.0061 -0.8675
vn -0.9026 -0.4304 0.0060
vn -0.0666 0.4952 -0.8662
vn -0.0631 0.4983 -0.8647
vn -0.8569 -0.5155 0.0054
vn 0.9544 -0.2985 0.0093
vn 0.9926 0.1166 0.0340
vn -0.2410 0.5107 0.8253
vn 0.2170 -0.4573 -0.8624
vn 0.8804 -0.4742 -0.0082
vn 0.8581 -0.5135 -0.0000
vn 0.9786 -0.2032 0.0333
vn 0.4611 -0.2061 -0.8631
vn -0.8566 -0.5160 0.0042
vn 0.1626 -0.4665 0.8694
vn 0.8299 -0.5578 -0.0129
vn 0.4678 -0.1614 -0.8690
vn -0.4313 0.9022 -0.0053
vn -0.3138 0.3855 -0.8677
vn -0.2910 0.4128 -0.8631
vn 0.3673 -0.3370 -0.8669
vn 0.3453 -0.3689 -0.8630
vn 0.2474 -0.4369 0.8648
vn 0.7021 -0.7121 -0.0011
vn -0.0928 -0.4951 -0.8639
vn -0.8739 -0.4846 -0.0380
vn -0.0744 -0.4912 0.8679
vn -0.8090 -0.5877 -0.0115
vn 0.2504 -0.4445 0.8601
vn 0.2442 -0.4369 -0.8657
vn 0.1330 -0.4879 0.8627
vn 0.4130 -0.2718 -0.8692
vn -0.8565 -0.5161 -0.0029
vn 0.7013 -0.7128 0.0038
vn 0.5009 0.2753 0.8206
vn -0.9083 0.4182 0.0017
vn 0.4938 0.2847 0.8217
vn 0.4152 -0.2714 -0.8683
vn 0.5997 0.8002 -0.0042
vn 0.2805 0.4118 -0.8671
vn 0.2408 0.5150 0.8227
vn 0.1048 0.4862 -0.8675
vn 0.0874 0.4993 -0.8620
vn 0.4139 -0.2696 -0.8695
vn -0.2250 0.4444 -0.8671
vn -0.4865 0.0995 -0.8680
vn -0.4773 0.1430 -0.8670
vn -0.4786 0.1507 0.8650
vn -0.2893 0.4020 -0.8687
vn 0.2565 0.5183 0.8158
vn 0.4245 -0.2775 0.8619
vn 0.0066 0.5041 -0.8636
vn 0.0057 0.4967 -0.8679
vn -0.6784 -0.7346 -0.0144
vn -0.0420 0.4947 -0.8680
vn 0.8822 -0.4708 -0.0083
vn -0.0670 -0.3791 0.9229
vn -0.6819 -0.7315 -0.0002
vn 0.2885 0.5152 0.8070
vn -0.6918 -0.7220 0.0115
vn -0.2141 -0.9767 -0.0149
vn 0.1046 -0.4827 0.8695
vn -0.7872 -0.6167 -0.0000
vn 0.5001 0.0344 -0.8653
vn 0.2251 -0.4467 0.8659
vn -0.9116 -0.4111 0.0033
vn 0.4032 0.2779 -0.8719
vn -0.3372 0.3783 -0.8620
vn -0.4949 -0.0547 0.8672
vn -0.9122 -0.4098 -0.0000
vn 0.0478 0.4952 -0.8675
vn 0.3990 -0.2920 0.8692
vn -0.9548 -0.2974 -0.0000
vn -0.8554 -0.5180 -0.0014
vn 0.4484 -0.2195 -0.8665
vn 0.3893 0.3261 -0.8614
vn 0.4455 -0.2188 -0.8681
vn -0.9982 0.0602 -0.0000
vn 0.2800 -0.4224 -0.8621
vn -0.9547 -0.2974 -0.0018
vn 0.9307 -0.3657 -0.0000
vn 0.4077 -0.2919 -0.8652
vn -0.5195 -0.8544 0.0001
vn -0.3149 0.3905 0.8651
vn -0.5190 -0.8547 0.0049
vn -0.6007 0.7995 0.0043
vn -0.9542 -0.2991 -0.0003
vn -0.9834 -0.1817 0.0032
vn 0.4524 0.3742 0.8096
vn 0.4605 0.3477 0.8167
vn -0.3830 0.3231 0.8654
vn -0.3760 0.3362 -0.8635
vn -0.4972 -0.0906 0.8629
vn -0.1539 0.4812 0.8630
vn 0.4998 0.0108 -0.8661
vn 0.3761 -0.3357 -0.8636
vn 0.4863 0.3262 0.8106
vn -0.1045 -0.4886 -0.8662
vn -0.0248 -0.5044 -0.8631
vn -0.1165 -0.9931 -0.0115
vn 0.0164 -0.4998 -0.8660
vn -0.7066 0.0561 0.7054
vn 0.4839 -0.1432 -0.8633
vn 0.3787 -0.3201 -0.8684
vn 0.3754 -0.3197 -0.8700
vn 0.4915 -0.0989 -0.8652
vn 0.9938 0.1113 0.0063
vn 0.4329 -0.2413 0.8685
vn 0.0869 -0.4977 -0.8630
vn -0.6771 0.7358 -0.0024
vn 0.0599 -0.4965 -0.8660
vn -0.0963 -0.9953 -0.0000
vn -0.3296 -0.9441 0.0032
vn -0.3310 -0.9436 -0.0012
vn -0.3298 -0.9440 -0.0032
vn -0.3246 -0.9458 0.0096
vn -0.3195 -0.9476 -0.0025
vn -0.2033 0.4639 -0.8622
vn -0.3683 -0.9294 0.0230
vn -0.9543 -0.2989 -0.0000
vn -0.4173 0.2823 0.8638
vn 0.4598 -0.2060 -0.8638
vn -0.4930 -0.0726 -0.8670
vn -0.2022 0.4577 -0.8658
vn 0.3152 0.3870 -0.8665
vn 0.3650 -0.3547 -0.8608
vn 0.4951 0.0073 -0.8688
vn -0.1919 -0.4571 -0.8685
vn -0.4964 -0.8681 -0.0043
vn -0.8560 -0.5170 0.0009
vn -0.4076 -0.9131 -0.0041
vn 0.1900 0.5516 0.8122
vn -0.2311 0.4469 0.8642
vn 0.4576 0.3365 0.8230
vn -0.4912 -0.0503 0.8696
vn -0.0624 0.9979 -0.0151
vn -0.3175 0.3886 0.8650
vn 0.4571 -0.1950 0.8677
vn 0.9416 0.3366 0.0031
vn 0.4806 -0.1226 0.8683
vn 0.4947 -0.0510 -0.8676
vn 0.4963 -0.0513 -0.8666
vn -0.9968 0.0792 0.0120
vn -0.2508 -0.4229 -0.8708
vn 0.0412 -0.4960 -0.8673
vn 0.5764 -0.8171 0.0064
vn -0.4803 0.1330 -0.8670
vn 0.4723 -0.1624 -0.8663
vn -0.9129 -0.4081 -0.0000
vn 0.1741 -0.4767 -0.8617
vn -0.4916 -0.1457 0.8585
vn 0.5061 0.0053 -0.8625
vn -0.1104 -0.9936 0.0234
vn 0.4942 0.1088 -0.8625
vn 0.5726 -0.0294 0.8193
vn -0.1114 -0.9938 -0.0000
vn -0.4048 -0.2933 -0.8661
vn -0.3038 0.4750 0.8259
vn 0.1829 -0.9830 -0.0140
vn -0.9339 -0.3577 -0.0007
vn 1.0000 0.0088 -0.0005
vn 0.4833 0.1472 -0.8630
vn -0.9981 -0.0615 -0.0002
vn -0.5063 0.0502 -0.8609
vn -0.4220 0.4013 0.8129
vn -0.1087 -0.4862 -0.8671
vn -0.1672 -0.4771 -0.8628
vn -0.6573 -0.7536 -0.0001
vn -0.1217 -0.9925 -0.0102
vn -0.3492 0.3611 0.8647
vn -0.4917 0.0686 -0.8681
vn 0.8036 -0.5951 0.0051
vn -0.9111 -0.4120 -0.0083
vn 0.2246 -0.4444 0.8672
vn 0.2797 -0.9600 -0.0113
vn 0.3477 0.3663 -0.8631
vn -0.2318 0.4418 -0.8666
vn 0.3766 0.3334 -0.8643
vn 0.5563 0.0805 0.8271
vn -0.2121 0.4450 0.8701
vn -0.3577 0.4356 0.8260
vn 0.4934 -0.0508 -0.8683
vn -0.0856 0.4895 -0.8678
vn -0.0629 0.5029 -0.8621
vn 0.9999 0.0098 0.0064
vn -0.4012 0.3082 -0.8626
vn -0.4954 0.0132 -0.8686
vn -0.4901 0.0475 -0.8704
vn -0.4267 0.2735 -0.8621
vn -0.5015 -0.0080 -0.8651
vn -0.4393 0.2489 -0.8632
vn -0.2849 0.4107 -0.8661
vn -0.1192 -0.4897 -0.8637
vn -0.1194 -0.9928 -0.0000
vn 0.6268 -0.7792 0.0049
vn -0.1346 -0.4801 -0.8668
vn -0.1830 0.4697 0.8636
vn 0.4977 0.0394 -0.8665
vn -0.9835 -0.1809 -0.0005
vn -0.3194 -0.3779 -0.8690
vn -0.3318 -0.9426 -0.0370
vn -0.4961 -0.0050 -0.8683
vn 0.4103 0.4019 0.8186
vn 0.4842 -0.1063 -0.8685
vn 0.9978 -0.0657 0.0053
vn -0.7459 0.6660 -0.0004
vn 0.4900 0.0921 -0.8668
vn 0.4675 -0.1613 -0.8691
vn 0.4810 -0.1393 -0.8656
vn 0.9479 0.3184 0.0122
vn -0.9982 0.0603 0.0002
vn -0.0987 -0.4996 0.8606
vn -0.9835 -0.1807 -0.0000
vn -0.9835 0.1806 -0.0000
vn 0.0256 0.5786 0.8152
vn -0.4335 -0.2547 -0.8644
vn -0.9835 -0.1806 -0.0000
vn 0.2788 -0.4176 0.8648
vn -0.3252 -0.3749 -0.8681
vn 0.3018 0.4803 0.8236
vn 0.2199 0.4454 -0.8679
vn -0.2757 0.4240 0.8627
vn -0.5442 -0.8389 0.0137
vn 0.1099 -0.4943 -0.8623
vn -0.5100 -0.8602 0.0031
vn 0.9481 0.3178 0.0070
vn 0.1109 -0.4814 0.8695
vn 0.3143 0.4854 0.8158
vn 0.5059 0.2791 0.8162
vn -0.2867 -0.4035 -0.8689
vn -0.1837 -0.4724 -0.8621
vn 0.4842 0.1474 -0.8625
vn 0.2714 0.4884 0.8293
vn -0.4663 -0.1634 0.8694
vn -0.9835 0.1807 -0.0000
vn -0.9839 -0.1789 0.0020
vn 0.3717 -0.3410 -0.8635
vn 0.8032 -0.5957 -0.0000
vn 0.3371 -0.3711 -0.8652
vn -0.4493 0.2237 -0.8649
vn -0.4484 0.2189 -0.8666
vn -0.2662 0.4281 -0.8636
vn -0.2273 0.4418 0.8679
vn 0.4935 0.0074 -0.8697
vn -0.9836 -0.1806 0.0005
vn -0.5099 -0.8599 -0.0213
vn -0.3609 -0.3389 -0.8688
vn -0.5188 -0.8549 -0.0080
vn -0.6923 -0.7216 0.0077
vn -0.5188 -0.8549 0.0046
vn -0.6818 -0.7315 -0.0017
vn -0.5154 -0.8570 -0.0052
vn -0.6807 -0.7326 0.0014
vn 0.3600 -0.3382 0.8695
vn 0.3457 0.4788 0.8070
vn -0.0345 -0.5047 -0.8626
vn 0.9988 -0.0495 -0.0036
vn -0.4020 0.3082 -0.8622
vn -0.0028 -0.4971 -0.8677
vn 0.0115 -0.5027 -0.8644
vn -0.7878 -0.6160 -0.0005
vn 0.0733 -0.5017 -0.8619
vn 0.0189 -0.4964 -0.8679
vn 0.0271 -0.5043 -0.8631
vn 0.5795 0.0501 0.8134
vn -0.4102 0.2892 0.8649
vn -0.4651 0.1915 -0.8643
vn 0.4957 0.0800 -0.8648
vn -0.4009 0.2932 -0.8679
vn -0.8075 -0.5898 -0.0064
vn 0.5724 0.0422 0.8189
vn -0.8146 -0.5800 -0.0007
vn -0.4014 0.2959 -0.8668
vn -0.8103 -0.5854 0.0254
vn 0.5012 0.0398 -0.8644
vn -0.1055 -0.4922 -0.8641
vn -0.0243 0.4928 0.8698
vn -0.4971 -0.0439 0.8666
vn -0.4514 0.2145 -0.8662
vn -0.4264 0.2696 -0.8634
vn -0.4952 -0.0511 0.8673
vn -0.3319 0.3815 -0.8627
vn 0.9896 -0.1441 -0.0000
vn 0.5689 0.0433 0.8213
vn 0.3914 -0.3012 -0.8696
vn 0.3857 -0.3262 -0.8630
vn 0.4593 -0.1887 0.8680
vn -0.3815 0.3277 0.8643
vn -0.4721 -0.1637 0.8662
vn -0.4755 0.1559 -0.8658
vn -0.3910 0.3180 -0.8637
vn -0.4678 0.2023 -0.8604
vn -0.2362 0.4305 -0.8712
vn -0.3817 -0.3246 0.8654
vn -0.3946 -0.3155 0.8630
vn 0.9893 -0.1460 0.0062
vn -0.4069 -0.2803 0.8694
vn -0.9343 -0.3531 0.0500
vn -0.4323 -0.2648 0.8620
vn 0.1662 0.4824 0.8600
vn -0.0468 -0.4908 -0.8700
vn -0.9548 0.2973 -0.0000
vn 0.5207 0.8537 0.0098
vn -0.3107 0.3927 0.8656
vn 0.4695 0.1646 0.8675
vn 0.4954 0.0796 -0.8650
vn -0.9835 -0.1809 -0.0024
vn 0.3611 0.3396 -0.8685
vn -0.4677 -0.1493 0.8712
vn -0.1303 -0.4807 0.8671
vn -0.9982 -0.0602 0.0003
vn -0.4415 -0.2113 0.8721
vn 0.1629 0.4674 0.8689
vn -0.3926 0.3142 -0.8644
vn -0.1099 0.9938 -0.0195
vn -0.4386 -0.2252 0.8700
vn 0.9960 -0.0894 -0.0053
vn -0.9725 -0.2306 -0.0325
vn 0.1810 0.4710 -0.8634
vn -0.4129 0.2887 -0.8638
vn 0.4916 0.1136 -0.8634
vn 0.9896 -0.1437 0.0032
vn 0.4868 0.1251 -0.8645
vn 0.4947 0.0797 -0.8654
vn -0.4416 0.2388 0.8649
vn -0.3730 0.3393 -0.8636
vn 0.1868 0.4649 0.8654
vn 0.2017 0.4614 0.8639
vn -0.2554 -0.4263 -0.8678
vn -0.1893 -0.4649 0.8649
vn -0.4937 -0.0202 0.8694
vn -0.1041 0.4957 0.8622
vn -0.0997 0.4815 0.8707
vn -0.4779 0.1773 -0.8604
vn -0.4645 0.1955 0.8637
vn 0.3533 -0.3491 0.8679
vn -0.9836 0.1805 -0.0027
vn -0.3930 -0.3143 0.8642
vn 0.8992 -0.4375 -0.0009
vn -0.2559 0.4415 0.8600
vn 0.8563 -0.5165 -0.0035
vn -0.9931 -0.1139 -0.0277
vn -0.9996 0.0019 -0.0294
vn -0.9913 -0.1291 0.0263
vn 0.1859 0.4614 0.8675
vn 0.1577 0.4682 -0.8694
vn 0.3919 0.0305 0.9195
vn -0.4720 0.1568 -0.8675
vn -0.0267 -0.4925 -0.8699
vn -0.4943 0.0330 0.8687
vn 0.0133 -0.5078 -0.8613
vn 0.4934 -0.0148 -0.8697
vn 0.3355 -0.3709 -0.8660
vn 0.2493 -0.4399 -0.8627
vn -0.4688 0.1857 0.8636
vn -0.9982 -0.0590 -0.0065
vn -0.4643 0.1711 0.8690
vn -0.4436 0.2449 -0.8621
vn -0.4328 0.2352 -0.8703
vn 0.9698 -0.2438 -0.0000
vn -0.4465 0.2156 -0.8684
vn -0.4951 -0.1042 0.8626
vn 0.3446 0.3698 0.8628
vn -0.9984 -0.0075 0.0568
vn 0.3792 0.3352 0.8625
vn -0.9955 0.0928 0.0210
vn -0.4414 -0.2322 0.8667
vn -0.9953 0.0944 -0.0200
vn -0.3683 0.3466 -0.8627
vn -0.4519 -0.2215 0.8642
vn -0.4001 0.3138 0.8611
vn 0.3606 -0.3398 0.8686
vn 0.4865 0.1159 0.8660
vn 0.4933 0.0760 0.8666
vn -0.3710 0.3449 -0.8622
vn -0.4924 -0.8703 0.0129
vn -0.3224 -0.3805 -0.8668
vn -0.2624 -0.4357 0.8610
vn -0.2762 0.4176 0.8656
vn -0.7063 -0.0579 0.7055
vn 0.2789 -0.4091 -0.8688
vn -0.9983 -0.0577 -0.0002
vn 0.9751 0.2217 -0.0033
vn 0.9969 0.0776 0.0100
vn 0.9961 -0.0878 0.0055
vn -0.0883 0.4909 0.8667
vn -0.0939 0.5002 0.8608
vn 0.9698 -0.2437 -0.0000
vn -0.1050 0.4856 0.8678
vn 0.4912 -0.1087 -0.8642
vn -0.0637 0.4914 0.8686
vn -0.6780 0.7351 -0.0077
vn -0.2905 0.4026 0.8681
vn -0.2965 0.4088 0.8631
vn -0.3270 0.3806 0.8650
vn 0.3451 -0.3705 -0.8623
vn -0.9468 0.3195 0.0380
vn 0.3369 -0.3635 -0.8685
vn -0.5033 -0.0097 0.8641
vn 0.4959 0.0072 -0.8684
vn 0.4884 0.0710 -0.8697
vn 0.4210 0.2628 0.8682
vn 0.8080 0.5891 0.0035
vn 0.8612 0.5081 -0.0139
vn -0.3880 -0.3090 0.8683
vn -0.3626 -0.3560 0.8612
vn -0.3546 -0.3433 0.8697
vn -0.5251 0.8510 -0.0052
vn -0.2385 0.4440 0.8637
vn 0.1995 0.4601 0.8652
vn -0.3451 -0.3643 -0.8650
vn 0.2329 0.4491 0.8626
vn 0.4284 -0.2754 0.8606
vn 0.3982 -0.2971 0.8678
vn 0.3992 -0.3190 0.8596
vn -0.9034 0.4288 -0.0038
vn 0.2290 0.4363 0.8702
vn -0.8992 0.4363 0.0321
vn 0.0627 0.4988 0.8644
vn 0.8568 -0.5157 0.0026
vn -0.4940 -0.0978 0.8640
vn -0.4907 -0.0956 0.8661
vn 0.4454 0.2184 0.8683
vn -0.3782 0.3221 -0.8679
vn -0.8084 0.5886 0.0043
vn 0.2909 0.4145 0.8623
vn 0.3992 0.3088 0.8633
vn 0.4770 0.1320 -0.8689
vn 0.4062 0.2795 0.8700
vn 0.9413 -0.3375 -0.0069
vn -0.2003 0.4644 -0.8627
vn -0.3487 0.3356 0.8751
vn -0.7137 0.7004 -0.0104
vn 0.2979 0.4181 0.8581
vn 0.4783 0.1330 0.8681
vn 0.4849 -0.1055 -0.8682
vn -0.3046 -0.3994 0.8647
vn 0.5497 -0.8353 -0.0088
vn -0.7982 0.6024 0.0030
vn -0.2022 0.4702 0.8591
vn 0.0824 -0.9966 0.0060
vn -0.2873 -0.3997 0.8705
vn 0.5038 0.0422 -0.8628
vn -0.5213 0.2084 0.8275
vn -0.4317 0.9020 0.0040
vn -0.3415 0.9399 0.0019
vn 0.0641 -0.5015 0.8628
vn 0.4758 -0.1434 0.8678
vn -0.3452 -0.3727 -0.8614
vn -0.8653 0.5011 -0.0127
vn -0.3837 0.3261 0.8639
vn -0.5491 0.1821 0.8157
vn 0.3831 -0.3123 0.8693
vn 0.4215 -0.2741 0.8644
vn 0.3341 -0.3798 -0.8626
vn 0.8287 -0.5596 0.0093
vn -0.3378 -0.3691 0.8658
vn -0.2462 0.4288 0.8692
vn -0.5041 -0.0298 0.8631
vn -0.6621 0.7493 -0.0081
vn -0.4861 -0.1069 0.8673
vn -0.4342 0.2421 -0.8677
vn -0.4218 -0.2593 0.8688
vn -0.3221 -0.4022 -0.8570
vn 0.9825 -0.1857 -0.0111
vn 0.0634 0.5034 0.8617
vn -0.4919 0.0701 0.8678
vn -0.4165 -0.2729 0.8672
vn -0.3190 0.3775 0.8693
vn 0.4894 0.0710 -0.8692
vn 0.4666 0.1682 0.8683
vn -0.4992 0.0929 0.8615
vn -0.4839 0.0946 0.8700
vn -0.3380 -0.3650 -0.8675
vn -0.4721 0.1380 0.8707
vn 0.9922 0.1245 -0.0000
vn 0.4621 -0.2075 -0.8622
vn -0.5017 0.0633 0.8627
vn -0.1564 0.4682 0.8697
vn -0.3506 0.3565 0.8660
vn -0.3015 0.4103 0.8607
vn 0.4326 -0.2603 0.8632
vn 0.1903 0.4526 0.8712
vn -0.4988 0.8667 0.0046
vn 0.1878 0.4663 0.8645
vn 0.1654 0.4755 0.8640
vn 0.4107 -0.2945 -0.8629
vn -0.5548 0.8305 0.0491
vn 0.4261 -0.2572 0.8674
vn -0.9966 -0.0817 0.0083
vn 0.4761 0.1521 -0.8661
vn -0.4610 -0.2169 0.8605
vn -0.2782 -0.4188 0.8644
vn -0.2462 -0.4409 0.8631
vn 0.4619 -0.1946 0.8653
vn 0.4571 -0.1942 0.8679
vn 0.3786 -0.3176 -0.8694
vn 0.0483 -0.5022 0.8634
vn -0.1414 0.4916 0.8593
vn 0.9997 0.0254 -0.0000
vn 0.1440 -0.4877 0.8610
vn 0.4640 0.2090 0.8608
vn 0.4812 0.1583 0.8622
vn -0.0870 0.4927 0.8658
vn -0.0471 0.4952 0.8675
vn 0.2031 -0.4614 -0.8636
vn -0.3232 0.9463 -0.0102
vn 0.1389 0.4831 -0.8645
vn -0.1081 0.4938 0.8628
vn 0.0566 -0.4982 0.8652
vn 0.0924 -0.4962 0.8633
vn -0.6777 0.7353 0.0034
vn -0.2703 0.4315 0.8607
vn -0.3574 0.3624 0.8608
vn -0.3551 0.3533 0.8655
vn -0.4186 0.2821 0.8633
vn -0.1767 -0.4707 0.8644
vn -0.2159 -0.4535 -0.8647
vn 0.0126 -0.5096 0.8603
vn -0.9982 -0.0603 -0.0000
vn 0.0749 -0.4982 0.8638
vn -0.3851 -0.3209 0.8653
vn -0.4339 0.2423 0.8678
vn 0.4962 -0.0701 0.8654
vn 0.4975 0.0516 0.8659
vn -0.0669 0.4848 0.8721
vn -0.0419 0.5001 0.8650
vn 0.4522 -0.2271 0.8625
vn -0.9081 0.4187 -0.0020
vn 0.9830 -0.1835 0.0043
vn -0.4723 -0.1557 0.8676
vn 0.4933 0.0074 -0.8698
vn 0.3704 -0.3436 0.8630
vn 0.2367 -0.4345 -0.8690
vn 0.3749 -0.0354 0.9264
vn 0.4861 -0.1484 0.8612
vn 0.5025 -0.0959 0.8593
vn 0.0454 0.5041 0.8624
vn -0.4016 0.2935 0.8675
vn 0.4984 -0.0768 -0.8635
vn 0.1364 0.4883 -0.8620
vn 0.5071 -0.0073 0.8618
vn -0.0481 0.4964 0.8668
vn -0.9549 -0.2970 -0.0000
vn 0.1675 -0.4749 0.8639
vn 0.9416 -0.3367 -0.0000
vn 0.4618 -0.2034 0.8633
vn 0.4936 -0.0508 -0.8682
vn -0.3995 0.3094 -0.8630
vn -0.4964 -0.0528 0.8665
vn 0.3634 -0.3414 0.8668
vn 0.1817 -0.4744 0.8613
vn 0.3633 -0.3417 0.8667
vn -0.4577 -0.1867 0.8693
vn 0.9972 -0.0749 -0.0000
vn 0.9971 -0.0759 -0.0069
vn 0.1014 0.5057 -0.8567
vn 0.0914 -0.9958 -0.0000
vn 0.9511 -0.3087 0.0124
vn 0.1287 0.4798 -0.8679
vn 0.5742 -0.0750 0.8153
vn 0.1121 -0.9937 -0.0000
vn 0.4935 0.0212 0.8695
vn -0.1347 -0.4835 0.8649
vn -0.1856 0.4671 0.8645
vn 0.9039 -0.4278 -0.0066
vn 0.1739 0.4616 0.8699
vn -0.1999 0.4633 -0.8634
vn 0.2834 -0.4133 0.8654
vn -0.4387 -0.2598 0.8603
vn 0.7429 -0.6694 -0.0039
vn -0.4489 -0.2020 0.8704
vn -0.4476 -0.2200 0.8667
vn -0.3162 -0.9486 -0.0091
vn -0.3659 0.3492 -0.8627
vn 0.1947 0.4689 0.8615
vn 0.4577 -0.2101 0.8639
vn -0.4918 0.0605 -0.8686
vn 0.0823 0.4906 -0.8675
vn 0.2388 -0.4336 0.8689
vn 0.9601 -0.2795 -0.0048
vn 0.1567 -0.9856 -0.0631
vn -0.4692 -0.1621 0.8681
vn 0.2944 -0.9550 0.0353
vn -0.4643 0.1969 0.8635
vn -0.4775 -0.1439 0.8668
vn -0.4969 0.0082 0.8678
vn -0.4927 0.0678 0.8676
vn 0.1217 -0.9924 -0.0154
vn -0.4710 -0.1798 0.8636
vn 0.1038 -0.9945 -0.0173
vn 0.4757 0.1615 0.8646
vn 0.0098 0.5043 0.8635
vn 0.0374 0.4910 0.8704
vn -0.4950 0.1088 -0.8621
vn -0.1770 -0.4713 0.8640
vn -0.1362 0.9907 0.0064
vn -0.4966 0.0837 -0.8639
vn -0.3628 -0.3501 0.8636
vn 0.8898 -0.4561 0.0112
vn 0.9891 -0.1470 -0.0010
vn 0.3138 0.3926 -0.8645
vn 0.4888 0.1316 0.8624
vn 0.2080 0.4576 0.8645
vn 0.4356 -0.2424 0.8669
vn -0.4797 -0.1472 0.8650
vn 0.4554 -0.2017 0.8672
vn -0.1057 0.4857 0.8677
vn -0.2123 -0.4647 0.8596
vn -0.2737 0.4215 0.8645
vn -0.9120 0.4102 -0.0011
vn -0.9984 -0.0572 0.0006
vn -0.0894 0.9960 -0.0014
vn -0.1211 0.9926 0.0103
vn 0.4470 -0.8934 -0.0453
vn 0.1330 -0.4789 0.8677
vn 0.3793 -0.9243 0.0417
vn -0.2364 -0.4420 0.8653
vn 0.5130 -0.8582 0.0204
vn 0.3177 -0.9481 -0.0134
vn 0.4577 0.1871 -0.8692
vn 0.0680 0.5660 0.8216
vn 0.3225 -0.3803 0.8668
vn 0.3586 -0.9334 0.0133
vn -0.4450 -0.2273 0.8662
vn 0.4022 -0.3111 0.8610
vn -0.4830 -0.1488 0.8629
vn 0.3798 -0.3223 0.8671
vn -0.2281 0.4519 0.8624
vn -0.2777 0.4197 0.8642
vn -0.4620 0.1683 0.8708
vn 0.3820 -0.3283 0.8639
vn 0.9626 -0.2708 0.0071
vn 0.4934 0.0194 0.8696
vn 0.4027 -0.2910 0.8678
vn 0.4869 0.1437 -0.8616
vn -0.8624 0.5063 0.0044
vn 0.4987 -0.0213 -0.8665
vn 0.9603 -0.2791 -0.0016
vn -0.9980 0.0632 0.0062
vn 0.9280 -0.3725 0.0014
vn -0.9116 -0.4111 0.0025
vn -0.9113 -0.4117 0.0014
vn -0.0139 0.4940 -0.8693
vn -0.4095 0.2883 0.8656
vn 0.5064 0.0027 -0.8623
vn 0.4921 -0.5140 -0.7026
vn 0.8025 -0.5966 -0.0049
vn 0.5794 -0.8149 0.0162
vn -0.3193 0.3735 0.8709
vn -0.2634 0.4349 0.8611
vn 0.5140 -0.8577 -0.0094
vn -0.3118 0.3946 0.8643
vn -0.4357 -0.2395 0.8677
vn 0.8029 -0.5961 -0.0000
vn 0.4890 -0.8719 -0.0263
vn -0.0333 -0.4910 0.8705
vn 0.3958 -0.9183 0.0105
vn 0.4902 0.0890 0.8670
vn 0.7935 -0.6085 -0.0065
vn 0.4868 0.1475 0.8610
vn -0.1862 -0.4612 0.8676
vn -0.4467 -0.2197 0.8673
vn -0.2843 0.4026 0.8701
vn 0.4835 -0.1579 0.8610
vn -0.4702 -0.1953 0.8607
vn -0.3574 0.3492 -0.8662
vn -0.3499 0.3685 0.8613
vn -0.4631 0.1927 0.8651
vn 0.4973 0.0928 0.8626
vn -0.4829 -0.1484 0.8630
vn 0.0935 0.4865 0.8686
vn 0.1337 0.4782 0.8680
vn 0.8369 0.5470 0.0182
vn 0.3590 -0.3385 0.8698
vn 0.1331 0.4822 0.8659
vn -0.7455 0.6664 -0.0047
vn 0.7125 -0.7017 -0.0043
vn 0.7394 -0.6732 0.0107
vn 0.1055 -0.4853 0.8680
vn -0.0283 0.5116 0.8588
vn 0.6878 -0.7257 -0.0171
vn 0.0472 0.4944 0.8679
vn -0.4980 -0.0515 0.8656
vn 0.6730 -0.7397 0.0018
vn -0.4898 -0.1082 0.8651
vn 0.7062 -0.7072 0.0350
vn 0.4820 -0.0876 0.8718
vn 0.2315 0.4556 0.8596
vn 0.5459 -0.8378 0.0117
vn 0.4449 -0.2304 0.8654
vn 0.1502 -0.4821 0.8631
vn 0.2013 0.4606 0.8645
vn -0.4615 0.1887 0.8669
vn -0.4582 0.2231 0.8604
vn 0.7387 -0.6740 -0.0024
vn 0.7394 -0.6732 0.0055
vn 0.6689 -0.7434 0.0076
vn -0.0269 -0.4981 -0.8667
vn -0.1801 -0.4729 0.8625
vn -0.2060 -0.4475 0.8702
vn 0.4128 -0.2953 -0.8616
vn -0.4396 0.2177 0.8714
vn -0.1366 0.9906 -0.0052
vn 0.8717 -0.4864 -0.0587
vn -0.4608 0.2015 0.8643
vn 0.8400 -0.5425 0.0082
vn 0.8595 -0.5107 -0.0196
vn -0.3623 -0.3550 0.8618
vn 0.8594 -0.5108 -0.0204
vn 0.1694 0.5464 0.8202
vn -0.3798 -0.3166 0.8692
vn 0.8225 -0.5680 -0.0286
vn 0.4994 0.0801 0.8626
vn -0.9118 0.4107 -0.0000
vn -0.8559 0.5171 -0.0000
vn 0.7971 -0.6038 -0.0052
vn -0.3206 0.3867 0.8647
vn -0.3407 -0.3583 0.8692
vn 0.4755 0.1247 0.8708
vn 0.4862 0.1070 0.8673
vn -0.9838 0.1794 -0.0000
vn -0.4010 -0.2932 -0.8679
vn 0.4732 0.1832 0.8617
vn -0.4929 -0.1000 0.8643
vn 0.2955 -0.4108 0.8625
vn 0.2037 -0.4641 0.8621
vn 0.2754 -0.4127 0.8683
vn 0.4878 0.1075 0.8663
vn 0.6684 -0.7438 0.0028
vn -0.0217 0.4881 0.8725
vn -0.1375 0.4800 0.8664
vn -0.4291 0.2660 -0.8632
vn -0.0876 0.4895 0.8676
vn -0.4295 0.2704 0.8616
vn -0.2194 -0.9756 -0.0014
vn 0.9279 -0.3715 0.0314
vn 0.9747 -0.2198 -0.0401
vn -0.4839 0.1025 0.8691
vn -0.4346 0.2271 0.8715
vn 0.4919 -0.0493 -0.8693
vn -0.1637 -0.4857 0.8587
vn 0.9699 -0.2437 -0.0018
vn -0.4769 0.1620 0.8639
vn 0.9267 -0.3754 0.0196
vn -0.4694 -0.1891 0.8625
vn 0.4823 0.1056 0.8696
vn -0.3765 -0.3378 0.8626
vn 0.4003 -0.2937 0.8680
vn 0.8960 -0.4440 -0.0000
vn 0.2241 0.5467 0.8068
vn 0.4868 0.1321 0.8635
vn 0.0635 0.5740 0.8164
vn -0.9832 0.1823 -0.0000
vn -0.2424 -0.4305 0.8694
vn 0.2768 -0.9609 0.0024
vn 0.5028 -0.0589 0.8624
vn -0.4514 -0.2220 0.8643
vn -0.4830 0.1160 0.8679
vn -0.1680 0.4615 0.8711
vn 0.0391 -0.5050 0.8622
vn -0.1629 0.4774 0.8634
vn -0.4343 0.2425 0.8675
vn 0.4584 0.2098 -0.8636
vn -0.6032 0.7976 0.0040
vn 0.2387 0.4392 0.8661
vn -0.3949 0.3221 0.8604
vn 0.3422 0.3664 0.8653
vn -0.9835 0.1807 -0.0031
vn 0.9998 -0.0151 0.0131
vn 0.2937 0.4098 0.8636
vn 0.4355 0.2450 -0.8662
vn -0.4320 -0.2676 0.8613
vn -0.4231 0.9061 0.0034
vn 0.9809 -0.1943 0.0029
vn -0.9022 -0.4314 0.0038
vn 0.9848 -0.1723 0.0220
vn 0.2314 -0.4463 0.8644
vn -0.1661 0.4711 0.8663
vn -0.4504 -0.2213 0.8650
vn -0.4308 0.2407 0.8697
vn 0.4760 0.1700 -0.8629
vn -0.4580 0.1872 0.8690
vn -0.4435 -0.2058 0.8723
vn -0.4908 0.0989 0.8656
vn -0.4522 -0.2232 0.8635
vn 0.4618 -0.1847 0.8675
vn 0.4746 0.1833 0.8609
vn -0.8563 0.5165 -0.0014
vn -0.1992 0.4682 0.8609
vn -0.2910 0.4138 -0.8626
vn 0.1602 -0.4758 0.8649
vn 0.0373 0.5589 0.8284
vn -0.1835 0.4774 0.8593
vn 0.2102 0.9777 0.0025
vn -0.0269 0.5133 0.8578
vn 0.3609 -0.3580 0.8611
vn 0.2952 0.4019 0.8668
vn -0.4621 -0.1860 0.8671
vn 0.2896 0.3951 0.8718
vn 0.2996 0.4110 0.8610
vn 0.4712 0.1727 0.8649
vn -0.9982 -0.0603 0.0002
vn 0.4708 0.1626 0.8671
vn 0.7194 0.0092 -0.6945
vn 0.0202 0.5733 0.8191
vn -0.4276 0.2554 -0.8671
vn 0.9997 -0.0224 0.0050
vn -0.4952 0.0573 0.8669
vn 0.9991 0.0364 0.0226
vn -0.2444 0.9697 -0.0011
vn -0.4160 0.2635 0.8704
vn -0.1890 0.4678 0.8634
vn -0.0330 -0.5092 0.8600
vn -0.1652 0.4688 0.8677
vn -0.3194 0.3786 0.8687
vn 0.4913 0.0711 -0.8681
vn 0.4811 -0.1326 0.8666
vn 0.9701 -0.2428 0.0053
vn 0.4892 -0.0102 0.8721
vn -0.9553 -0.2957 0.0026
vn 0.3593 -0.3429 0.8679
vn 0.5951 -0.8036 -0.0000
vn -0.4559 0.2141 0.8639
vn 0.4459 -0.2337 0.8640
vn 0.5074 -0.0075 0.8617
vn -0.4904 -0.0995 0.8658
vn 0.3208 -0.3792 0.8679
vn -0.1810 0.9835 0.0029
vn 0.2946 0.4012 0.8673
vn -0.4289 0.2655 -0.8634
vn -0.4855 -0.1067 0.8677
vn 0.4953 0.0935 -0.8637
vn -0.3842 0.3290 0.8626
vn 0.2366 -0.4488 0.8618
vn 0.9834 0.1802 0.0193
vn 0.4775 0.1320 -0.8686
vn 0.9793 0.2019 0.0113
vn 0.4908 -0.1074 -0.8646
vn 0.9700 0.2424 0.0159
vn -0.3400 0.3604 0.8686
vn 0.9280 -0.3725 0.0015
vn -0.5086 0.0457 0.8598
vn 0.4444 -0.2175 -0.8690
vn -0.3143 0.3959 0.8628
vn 0.8309 -0.5564 -0.0084
vn 0.9419 0.3360 -0.0025
vn -0.2817 0.4167 0.8643
vn -0.4813 0.1718 0.8595
vn -0.4950 0.0084 0.8689
vn 0.3991 0.2921 -0.8691
vn -0.3271 0.3812 -0.8647
vn 0.4569 0.2148 0.8632
vn -0.1721 0.9850 -0.0125
vn 0.3858 0.3272 -0.8626
vn -0.1765 0.4738 0.8628
vn -0.9551 0.2963 0.0026
vn -0.5088 -0.0187 0.8607
vn -0.0726 0.5082 0.8582
vn -0.4313 0.2669 -0.8618
vn -0.1786 0.9839 0.0066
vn 0.2232 -0.4432 0.8682
vn -0.4565 0.2304 0.8594
vn 0.1099 0.9938 -0.0137
vn 0.4373 -0.2437 0.8656
vn 0.5979 0.0880 -0.7967
vn -0.4185 0.2617 0.8697
vn -0.3224 0.3886 0.8631
vn 0.2008 -0.4670 0.8611
vn 0.2446 0.4314 0.8684
vn -0.1355 -0.4840 0.8645
vn 0.1594 0.9872 -0.0066
vn 0.2453 -0.4289 0.8694
vn -0.3084 0.4081 0.8593
vn -0.9982 0.0600 -0.0003
vn -0.3350 0.3712 -0.8660
vn 0.4843 -0.0975 0.8694
vn 0.4975 -0.1012 0.8616
vn -0.2068 0.4631 0.8618
vn 0.4891 0.0628 0.8700
vn 0.4992 0.0968 0.8611
vn 0.4724 0.1403 0.8701
vn -0.4263 0.2734 -0.8623
vn -0.0897 -0.4997 0.8616
vn -0.2261 0.4451 0.8665
vn -0.1372 0.4833 0.8646
vn 0.0798 0.9965 -0.0243
vn -0.9982 0.0602 -0.0003
vn 0.4215 -0.2781 0.8631
vn -0.1573 -0.4654 0.8710
vn 0.1206 -0.9926 0.0104
vn 0.0284 -0.9996 -0.0032
vn 0.0268 -0.9996 0.0033
vn -0.0843 0.5009 0.8614
vn -0.3962 -0.2957 0.8692
vn 0.4323 0.2410 -0.8689
vn -0.3998 0.2925 0.8687
vn 0.4721 0.1635 0.8662
vn 0.4708 0.1772 -0.8643
vn -0.9449 0.3272 0.0011
vn 0.1646 -0.4676 0.8685
vn 0.9157 0.4016 -0.0151
vn 0.4880 0.1254 0.8638
vn 0.9142 0.4040 -0.0333
vn 0.4164 -0.2724 -0.8674
vn -0.0183 0.9998 0.0028
vn 0.3401 -0.3609 -0.8684
vn -0.7867 0.6173 -0.0000
vn 0.4567 0.2168 -0.8628
vn -0.1184 0.4777 0.8705
vn 0.0152 0.4996 0.8661
vn 0.4969 0.0515 0.8663
vn -0.0346 0.7067 0.7067
vn -0.0594 0.6846 0.7265
vn 0.0769 0.4993 0.8630
vn -0.3703 0.3445 -0.8627
vn -0.0481 0.4940 0.8681
vn -0.1088 0.7067 0.6991
vn -0.8072 0.5902 -0.0100
vn -0.9982 -0.0603 -0.0003
vn 0.4606 -0.1847 0.8682
vn -0.4987 0.0060 0.8668
vn 0.8116 0.5834 0.0323
vn 0.4429 -0.2234 0.8683
vn 0.4987 0.0832 0.8628
vn 0.1632 -0.4663 0.8694
vn 0.1457 -0.4751 0.8678
vn -0.1525 0.4690 0.8699
vn 0.4102 -0.2990 0.8616
vn -0.3615 0.3516 0.8636
vn 0.3617 0.4389 0.8225
vn -0.9982 0.0602 0.0003
vn 0.5021 -0.0460 0.8636
vn 0.3734 0.4387 0.8174
vn 0.8057 0.5921 -0.0176
vn 0.8092 -0.5875 0.0032
vn 0.4861 -0.0982 0.8684
vn 0.2859 -0.4021 0.8698
vn -0.4939 -0.0889 0.8650
vn -0.2655 -0.4206 0.8675
vn -0.5012 -0.0387 0.8645
vn -0.2949 0.3914 0.8717
vn 0.8893 -0.4574 -0.0000
vn -0.9838 0.1792 0.0005
vn 0.0855 -0.4903 0.8674
vn -0.1524 0.4803 0.8638
vn 0.4741 0.1406 -0.8692
vn -0.5086 0.0289 0.8605
vn -0.4356 0.2458 0.8659
vn 0.2908 0.9568 0.0075
vn 0.4957 -0.0476 0.8672
vn -0.0427 -0.4958 0.8674
vn 0.2674 0.4287 0.8630
vn 0.1115 -0.4848 0.8675
vn -0.1653 0.4709 0.8665
vn -0.2806 0.4125 0.8667
vn 0.6805 0.7328 0.0002
vn 0.2623 0.4197 0.8689
vn 0.6709 0.7415 -0.0014
vn 0.4583 0.1788 -0.8706
vn 0.6670 0.7450 0.0043
vn 0.2277 -0.4416 0.8678
vn 0.0436 0.4905 0.8703
vn 0.6674 0.7445 -0.0130
vn -0.1920 0.4539 0.8701
vn 0.3443 0.3624 0.8661
vn -0.9982 -0.0602 -0.0000
vn 0.3125 0.3963 0.8633
vn 0.3396 0.3630 0.8677
vn 0.6702 0.7421 -0.0134
vn 0.0112 -0.4950 0.8688
vn 0.4565 0.3455 0.8199
vn 0.3191 0.3783 -0.8690
vn 0.4918 0.1180 0.8627
vn 0.5047 -0.0901 0.8586
vn 0.3936 -0.3170 0.8629
vn 0.2976 -0.4105 0.8619
vn 0.3848 -0.3338 0.8605
vn -0.0366 -0.5002 0.8652
vn 0.4754 0.1323 -0.8698
vn -0.9120 0.4102 -0.0000
vn 0.8853 -0.4651 -0.0048
vn 0.5007 -0.0816 0.8617
vn 0.4287 -0.2697 0.8623
vn 0.4031 -0.2943 0.8666
vn -0.0407 -0.5093 0.8597
vn 0.1126 -0.4884 0.8654
vn 0.1579 -0.4717 0.8675
vn 0.3747 -0.3233 0.8690
vn 0.5106 0.8598 0.0011
vn 0.5120 0.8590 -0.0012
vn 0.5117 0.8592 -0.0024
vn 0.5090 0.8608 0.0017
vn 0.4354 -0.2429 0.8668
vn 0.5052 0.8627 -0.0222
vn 0.2761 -0.4239 0.8626
vn 0.5966 0.3731 0.7105
vn 0.9700 0.2431 -0.0000
vn -0.3843 0.3240 0.8645
vn 0.4925 0.5162 -0.7007
vn 0.3392 -0.3804 0.8604
vn -0.5035 0.0092 0.8640
vn 0.4429 0.2326 -0.8659
vn 0.8860 -0.4636 0.0077
vn -0.9544 0.2984 -0.0026
vn 0.4909 0.1073 0.8646
vn 0.4796 0.1325 -0.8674
vn 0.4913 -0.0700 0.8682
vn 0.1046 0.5018 0.8586
vn 0.0176 -0.5073 0.8616
vn 0.9412 -0.3378 -0.0000
vn 0.4820 0.1050 0.8699
vn 0.7683 -0.6401 0.0086
vn 0.4301 -0.2717 0.8609
vn 0.0225 -0.4903 0.8712
vn -0.3675 0.3641 0.8558
vn -0.8496 -0.5273 -0.0089
vn 0.2422 0.4447 0.8623
vn -0.4875 0.1252 0.8641
vn 0.3052 -0.4005 -0.8640
vn 0.1015 0.4827 0.8699
vn 0.3317 0.9434 0.0015
vn -0.4923 0.0505 -0.8689
vn 0.3212 0.9470 0.0007
vn -0.5067 0.0141 -0.8620
vn -0.3390 -0.3614 0.8686
vn -0.4628 -0.1872 0.8665
vn -0.0986 -0.4840 0.8695
vn 0.3012 0.3904 0.8700
vn -0.4465 0.2257 -0.8658
vn -0.3604 0.3526 -0.8636
vn -0.3506 0.3630 0.8633
vn 0.2240 0.4443 0.8674
vn 0.9703 0.2417 -0.0110
vn 0.1357 -0.4777 0.8680
vn 0.2464 0.4439 0.8615
vn -0.4519 0.2359 0.8603
vn 0.4596 -0.2182 0.8609
vn -0.4259 0.2855 0.8585
vn -0.1125 0.4874 0.8659
vn 0.2888 -0.3997 0.8700
vn 0.1097 0.4874 0.8663
vn -0.1416 -0.4822 0.8645
vn 0.0177 -0.5113 0.8592
vn -0.2184 -0.4542 -0.8637
vn 0.0880 -0.5020 0.8604
vn 0.1387 -0.4773 0.8677
vn -0.0128 -0.4983 0.8669
vn -0.4920 0.0977 0.8651
vn 0.3871 -0.3093 0.8686
vn -0.2205 -0.4380 -0.8715
vn 0.3829 -0.0468 0.9226
vn 0.7704 -0.6376 -0.0061
vn 0.1125 0.9937 -0.0000
vn -0.0920 -0.4981 0.8623
vn 0.3471 -0.3632 0.8646
vn 0.1873 -0.4618 0.8670
vn -0.8929 -0.4501 -0.0093
vn 0.1533 -0.4802 0.8637
vn 0.4586 0.1873 -0.8687
vn 0.1242 0.4871 -0.8645
vn -0.4601 0.1889 0.8675
vn -0.4422 -0.2238 0.8685
vn -0.9836 0.1804 0.0005
vn 0.0915 0.5001 -0.8611
vn 0.2892 0.4028 0.8684
vn 0.2509 -0.4420 0.8612
vn 0.2117 0.5169 0.8295
vn 0.2092 -0.4618 0.8620
vn 0.1867 0.4622 0.8669
vn 0.3611 0.3391 -0.8687
vn 0.8332 -0.5530 0.0018
vn 0.9926 -0.1214 0.0066
vn 0.4402 -0.2273 0.8686
vn -0.4955 0.0579 0.8667
vn 0.5466 0.1729 0.8193
vn 0.5491 0.1732 0.8176
vn 0.4964 -0.0731 0.8650
vn -0.2238 -0.4531 -0.8629
vn 0.4019 -0.2937 0.8673
vn 0.2770 0.4117 0.8682
vn -0.4894 0.1100 0.8651
vn -0.0132 -0.4938 0.8695
vn -0.4867 -0.1267 0.8643
vn 0.2380 0.4362 0.8678
vn -0.3298 0.3670 0.8698
vn -0.3851 -0.3257 0.8635
vn 0.8333 -0.5528 0.0038
vn -0.2744 -0.4123 -0.8688
vn -0.1099 -0.4892 0.8652
vn -0.3975 0.2905 0.8704
vn -0.0671 -0.4927 0.8676
vn 0.2384 0.4363 0.8676
vn 0.1128 0.9936 -0.0000
vn 0.8092 -0.5875 0.0031
vn 0.1277 0.9917 -0.0129
vn 0.4918 0.0705 -0.8679
vn 0.4893 -0.0488 0.8707
vn 0.2061 0.4658 0.8606
vn -0.2016 -0.4517 -0.8691
vn -0.9982 -0.0603 -0.0002
vn 0.1862 0.4606 0.8679
vn 0.3810 -0.3344 -0.8620
vn -0.3898 -0.2950 0.8724
vn 0.5021 -0.0257 0.8644
vn 0.5057 -0.0454 0.8615
vn -0.4667 -0.1820 0.8655
vn -0.4076 -0.3125 0.8580
vn 0.4609 -0.1942 0.8660
vn -0.4750 -0.1598 0.8654
vn 0.4003 -0.2934 0.8682
vn 0.5015 0.0361 0.8644
vn -0.9835 0.1807 0.0010
vn 0.7728 -0.6347 0.0043
vn 0.4816 0.1004 0.8706
vn -0.1787 -0.4704 0.8642
vn 0.3215 0.9469 -0.0000
vn 0.4018 -0.2973 0.8662
vn -0.4840 -0.1278 0.8657
vn 0.3256 0.9454 0.0125
vn 0.3096 0.4008 0.8623
vn -0.2539 -0.4268 -0.8680
vn -0.3982 0.3128 -0.8623
vn -0.2507 0.4424 0.8610
vn -0.4106 0.2827 -0.8669
vn -0.3871 0.3164 -0.8660
vn -0.4903 0.1036 0.8654
vn 0.1872 -0.4701 0.8626
vn -0.9116 0.4111 -0.0025
vn -0.4621 0.1632 0.8717
vn 0.4603 -0.1890 0.8674
vn -0.0214 0.4921 0.8703
vn -0.4025 -0.3065 0.8626
vn 0.1746 -0.4713 -0.8645
vn 0.3232 -0.3816 0.8660
vn 0.5024 -0.0347 -0.8640
vn 0.9411 -0.3381 -0.0025
vn 0.1035 0.4795 -0.8714
vn 0.1739 -0.4694 -0.8657
vn 0.5469 0.8371 0.0155
vn 0.2097 -0.4539 -0.8660
vn -0.1534 -0.4870 0.8598
vn -0.9124 0.4093 0.0025
vn 0.7733 -0.6339 0.0114
vn -0.9730 0.2305 0.0076
vn 0.5098 0.8603 -0.0018
vn 0.5086 0.8610 -0.0002
vn -0.2570 0.4370 0.8619
vn 0.9997 -0.0102 -0.0210
vn -0.1669 0.4742 0.8645
vn -0.3794 -0.3206 0.8679
vn -0.4147 -0.2853 0.8641
vn 0.4711 -0.1780 0.8640
vn 0.0800 0.4842 0.8713
vn 0.1165 -0.4756 0.8719
vn -0.3452 -0.3575 0.8678
vn 0.1055 0.4833 -0.8691
vn 0.2738 0.4066 0.8716
vn -0.4156 0.2899 0.8621
vn 0.3648 -0.3428 0.8657
vn 0.4042 0.2920 0.8668
vn 0.4015 -0.2934 0.8676
vn 0.3516 -0.3466 0.8696
vn -0.1330 -0.4733 0.8708
vn 0.6873 0.7263 0.0102
vn 0.2894 0.4089 0.8655
vn 0.6710 0.7415 -0.0004
vn -0.4455 0.2387 0.8629
vn 0.6800 0.7331 -0.0132
vn -0.9835 0.1809 0.0005
vn 0.6723 0.7401 0.0134
vn -0.2421 0.4316 0.8690
vn 0.3822 -0.0028 0.9241
vn 0.7550 -0.6557 -0.0093
vn 0.2484 -0.4426 0.8616
vn -0.4056 -0.3047 0.8618
vn -0.3001 -0.4069 -0.8628
vn -0.7065 0.7077 -0.0000
vn -0.4159 -0.2872 0.8629
vn -0.4812 0.1118 0.8695
vn 0.3304 0.3753 0.8660
vn -0.3531 0.3504 0.8675
vn -0.3681 0.3433 0.8641
vn 0.4340 -0.2423 0.8677
vn -0.3647 0.3258 0.8723
vn -0.8550 0.5186 0.0014
vn 0.8055 0.5924 -0.0159
vn 0.1234 0.4887 -0.8637
vn 0.1530 -0.4808 0.8634
vn -0.3329 0.3799 -0.8631
vn 0.7987 0.6017 -0.0000
vn 0.4857 0.0792 0.8705
vn 0.8124 0.5830 0.0078
vn -0.2126 0.4599 0.8621
vn 0.8158 0.5783 -0.0070
vn -0.3477 0.3625 0.8647
vn 0.0757 0.4975 0.8642
vn -0.1982 0.4580 0.8665
vn -0.2668 0.4198 -0.8675
vn 0.2616 0.4325 -0.8628
vn 0.4170 0.2879 0.8621
vn 0.7012 -0.7129 0.0091
vn 0.4436 0.2442 0.8623
vn -0.5115 -0.0215 0.8590
vn 0.4867 -0.1435 0.8617
vn -0.5762 0.0544 0.8155
vn -0.9732 0.2300 -0.0086
vn 0.7427 -0.6696 -0.0050
vn 0.4159 0.2736 -0.8673
vn 0.9310 -0.3648 0.0069
vn 0.4080 -0.9129 -0.0075
vn 0.0804 0.5014 0.8615
vn -0.3640 -0.3395 0.8673
vn 0.8103 0.5860 -0.0063
vn 0.4685 -0.1620 -0.8685
vn 0.8074 0.5897 0.0194
vn 0.9014 0.4328 0.0086
vn 0.8032 0.5955 -0.0179
vn 0.4644 0.2035 0.8619
vn 0.8159 0.5782 -0.0068
vn -0.4219 -0.2736 0.8644
vn -0.2441 0.4426 -0.8629
vn -0.4015 0.2940 0.8674
vn 0.1227 -0.4966 0.8593
vn -0.4471 0.2436 0.8607
vn 0.2757 -0.4250 0.8622
vn -0.0232 -0.5030 0.8640
vn -0.2522 0.4237 0.8700
vn 0.5944 -0.8042 -0.0069
vn -0.4157 0.2825 0.8645
vn 0.0030 -0.5010 0.8655
vn -0.4301 0.2523 0.8668
vn -0.4818 0.1320 0.8663
vn 0.3939 -0.3014 0.8684
vn 0.3584 -0.3441 0.8679
vn 0.3637 -0.3514 0.8627
vn 0.5494 0.8355 0.0063
vn 0.4834 0.1092 0.8686
vn 0.4928 0.0731 0.8671
vn 0.4853 -0.1091 0.8675
vn 0.1399 -0.4898 0.8606
vn -0.4952 0.0893 0.8642
vn 0.9129 0.4078 -0.0200
vn 0.9154 0.4026 0.0059
vn 0.9205 0.3908 -0.0074
vn -0.4888 0.0397 0.8715
vn -0.5001 0.0580 0.8640
vn 0.2198 0.4352 0.8731
vn 0.4325 0.9016 0.0086
vn 0.2688 0.4173 0.8681
vn 0.4923 0.0711 -0.8675
vn -0.5005 0.0518 0.8642
vn -0.9993 0.0372 0.0021
vn 0.4753 0.1318 -0.8699
vn -0.0972 -0.4936 0.8643
vn -0.4900 -0.0192 0.8715
vn -0.9124 0.4094 0.0013
vn 0.2193 0.4604 0.8602
vn 0.9623 -0.2721 0.0056
vn 0.0300 -0.4912 0.8705
vn -0.1792 -0.9838 -0.0000
vn 0.4718 0.1960 -0.8596
vn 0.0321 -0.5041 0.8631
vn -0.0600 -0.4899 0.8697
vn -0.0904 -0.4898 0.8671
vn 0.0689 -0.5026 0.8617
vn -0.1072 -0.4880 0.8662
vn -0.1404 0.4899 0.8604
vn 0.9790 0.2032 -0.0160
vn 0.2618 0.4115 0.8730
vn 0.9834 0.1810 -0.0103
vn 0.3673 -0.3314 0.8690
vn 0.3745 -0.3386 0.8632
vn 0.4097 -0.3003 0.8614
vn -0.4377 0.2468 0.8646
vn 0.9043 -0.4269 -0.0007
vn -0.3346 -0.3685 0.8673
vn -0.3794 -0.3200 0.8681
vn 0.0998 -0.4858 0.8684
vn 0.4975 0.0071 -0.8674
vn -0.4850 -0.1465 0.8622
vn -0.4082 0.2877 0.8664
vn -0.3004 -0.3977 0.8669
vn 0.4713 0.1615 0.8670
vn 0.9621 -0.2728 -0.0000
vn -0.3597 -0.3437 0.8675
vn 0.2234 0.4436 -0.8679
vn -0.4897 -0.1195 0.8637
vn 0.0452 -0.4921 0.8694
vn 0.1003 -0.4875 0.8673
vn -0.8554 0.5180 -0.0000
vn 0.2753 -0.4134 0.8679
vn 0.9843 0.1734 0.0338
vn -0.4787 -0.1200 0.8697
vn 0.9995 -0.0201 -0.0225
vn -0.9909 0.1345 0.0076
vn 0.4626 0.2041 0.8627
vn 0.2230 0.4363 0.8717
vn -0.4066 0.2770 0.8706
vn 0.9310 -0.3650 0.0068
vn -0.4742 0.1689 0.8641
vn -0.3817 0.3179 0.8679
vn 0.4548 0.1947 0.8690
vn -0.1510 -0.4748 0.8670
vn 0.1045 0.4824 -0.8697
vn -0.4971 0.0357 0.8670
vn -0.3393 0.3748 0.8628
vn 0.4573 0.1870 -0.8695
vn -0.4753 -0.1592 0.8653
vn 0.4490 -0.2287 0.8637
vn 0.0259 0.4998 0.8657
vn 0.4882 0.1298 0.8630
vn 0.3202 0.3794 -0.8681
vn 0.4581 -0.2145 0.8626
vn 0.0113 -0.5070 0.8619
vn 0.1060 0.4810 0.8703
vn -0.1542 -0.4710 0.8685
vn 0.9371 -0.3489 -0.0046
vn -0.6243 0.7811 -0.0074
vn 0.9831 -0.1830 -0.0072
vn -0.0873 0.4935 0.8654
vn -0.4744 0.1185 -0.8723
vn -0.4823 -0.1359 0.8654
vn -0.9835 -0.1808 -0.0032
vn 0.9104 -0.4137 0.0017
vn 0.1328 0.4832 0.8654
vn -0.4554 0.2213 -0.8623
vn -0.3417 0.3639 0.8665
vn -0.0053 -0.4962 0.8682
vn 0.0279 0.4919 0.8702
vn 0.0146 0.4959 0.8683
vn 0.0696 0.4998 0.8633
vn 0.4175 -0.2715 -0.8671
vn 0.6499 0.2750 0.7085
vn 0.0686 0.4915 0.8682
vn 0.1316 0.4864 0.8638
vn 0.4399 -0.2339 -0.8670
vn -0.3652 0.3564 0.8600
vn -0.0669 -0.4973 0.8650
vn 0.9238 -0.3825 -0.0195
vn -0.4199 0.2880 0.8607
vn 0.9319 -0.3622 -0.0189
vn 0.9007 -0.4343 -0.0099
vn 0.9011 -0.4333 0.0180
vn 0.8421 -0.5387 0.0275
vn 0.6734 -0.7393 -0.0060
vn 0.7945 -0.6072 -0.0005
vn 0.7956 -0.6057 0.0123
vn 0.8271 -0.5612 0.0306
vn 0.7409 -0.6714 -0.0192
vn 0.7137 -0.7001 -0.0220
vn 0.5260 -0.8504 -0.0112
vn 0.6584 -0.7524 -0.0164
vn 0.6564 -0.7543 0.0160
vn 0.6855 -0.7276 0.0257
vn 0.5829 -0.8120 -0.0286
vn 0.3188 -0.6373 -0.7016
vn 0.5262 -0.8503 0.0066
vn 0.4903 -0.8715 0.0138
vn 0.3670 -0.9296 -0.0351
vn 0.5236 -0.8510 0.0420
vn 0.2983 -0.9544 0.0102
vn 0.3242 -0.9459 0.0142
vn 0.2973 -0.9546 -0.0215
vn 0.1054 -0.9938 0.0340
vn -0.0577 -0.7069 0.7050
vn -0.1710 -0.6889 0.7044
vn -0.3997 -0.9167 -0.0012
vn 0.5657 -0.1259 0.8150
vn 0.4320 0.2413 -0.8690
vn 0.2742 -0.4127 0.8686
vn -0.6034 -0.3937 0.6935
vn 0.5210 -0.2280 0.8226
vn 0.3620 -0.3590 -0.8603
vn -0.2874 0.4173 -0.8621
vn -0.6495 -0.2745 0.7091
vn -0.7069 -0.0585 0.7048
vn -0.6706 0.7418 0.0007
vn -0.7042 0.0539 0.7080
vn 0.8511 -0.5249 0.0111
vn 0.9076 -0.4193 0.0227
vn -0.3946 -0.6019 0.6942
vn -0.6898 -0.1708 0.7035
vn -0.4599 -0.5288 0.7134
vn -0.1649 0.4695 0.8674
vn -0.4958 -0.0368 0.8676
vn 0.6723 -0.7401 0.0132
vn -0.9542 0.2990 0.0034
vn 0.9043 -0.4269 -0.0000
vn 0.2341 0.4448 0.8645
vn 0.8515 -0.5243 0.0090
vn -0.5507 -0.1069 0.8278
vn 0.6706 -0.7418 -0.0065
vn -0.3736 -0.5952 0.7114
vn 0.9300 -0.3673 -0.0117
vn 0.3360 -0.3574 -0.8714
vn -0.8054 0.5927 -0.0004
vn 0.3580 -0.3441 0.8680
vn -0.3734 0.5954 0.7114
vn -0.7885 -0.6150 -0.0035
vn -0.4836 0.1067 -0.8688
vn 0.1328 0.4878 0.8628
vn -0.2482 0.4276 0.8692
vn -0.2069 0.4473 0.8701
vn 0.3317 -0.3795 -0.8637
vn -0.5535 0.1436 0.8204
vn -0.9184 -0.3955 0.0138
vn 0.3187 -0.3813 0.8678
vn 0.1880 -0.4547 0.8706
vn -0.4953 -0.0264 0.8683
vn -0.2760 -0.6494 0.7086
vn 0.4322 -0.2410 0.8690
vn 0.4775 0.1566 0.8645
vn 0.4845 -0.1055 -0.8684
vn -0.3182 0.3819 0.8677
vn 0.5136 -0.8581 -0.0000
vn 0.2971 0.4013 0.8665
vn 0.7570 -0.6534 0.0098
vn -0.1660 -0.6849 0.7095
vn -0.3840 0.3019 0.8726
vn -0.4878 -0.0779 0.8695
vn -0.6173 0.7867 -0.0000
vn 0.1547 0.4706 0.8687
vn -0.4446 0.2159 0.8693
vn -0.4167 0.2864 0.8627
vn 0.1521 -0.4685 0.8703
vn 0.4562 0.2146 -0.8636
vn -0.4743 0.1757 0.8626
vn 0.4981 -0.0721 -0.8641
vn 0.1560 0.4766 0.8652
vn 0.4368 0.2469 -0.8650
vn 0.4358 0.2385 -0.8679
vn -0.4104 0.2868 0.8656
vn 0.2097 0.4459 0.8702
vn 0.4036 -0.2946 0.8662
vn 0.0101 0.5036 0.8639
vn -0.0065 -0.4983 0.8670
vn 0.0153 -0.5040 0.8635
vn 0.3877 0.3180 -0.8652
vn 0.3876 0.3218 -0.8639
vn 0.5135 -0.8581 -0.0000
vn -0.5026 -0.0509 0.8630
vn -0.4893 0.1194 0.8639
vn 0.8392 -0.5438 0.0083
vn 0.0333 0.4997 0.8655
vn 0.2939 -0.4139 0.8616
vn -0.4090 0.2856 0.8667
vn 0.0536 0.5018 0.8633
vn -0.2832 -0.6533 0.7021
vn 0.5952 -0.8036 -0.0000
vn 0.3059 -0.3985 0.8646
vn -0.5059 -0.0447 -0.8614
vn -0.5329 -0.5316 0.6583
vn -0.4977 0.1119 0.8601
vn -0.1971 0.4494 0.8713
vn 0.7773 -0.6291 0.0049
vn -0.3993 0.3225 0.8582
vn 0.1017 0.5019 0.8589
vn -0.0568 -0.7060 0.7060
vn 0.1002 0.4835 0.8696
vn -0.0825 0.5065 0.8583
vn -0.3897 0.3219 0.8629
vn 0.4991 0.0659 0.8640
vn -0.3296 0.3872 0.8611
vn -0.3584 0.3390 0.8698
vn -0.1431 0.4715 0.8702
vn -0.1500 0.4891 0.8592
vn -0.1937 -0.4634 0.8647
vn 0.1694 0.6761 0.7170
vn -0.1389 0.4788 0.8669
vn -0.4374 0.2353 -0.8679
vn 0.1052 -0.4923 0.8640
vn -0.1487 -0.4704 0.8698
vn 0.4985 -0.1023 0.8608
vn 0.0698 -0.4872 0.8705
vn 0.0177 -0.4962 0.8680
vn 0.2386 0.4378 0.8669
vn 0.7047 -0.7094 -0.0049
vn 0.4609 0.1953 -0.8657
vn 0.7035 -0.7107 -0.0061
vn 0.2734 0.6472 0.7116
vn 0.0060 -0.5042 0.8636
vn -0.4465 0.2252 -0.8660
vn 0.2206 -0.4519 0.8643
vn 0.2478 0.4393 0.8635
vn 0.3719 0.5957 0.7120
vn 0.4591 -0.1880 0.8683
vn -0.4577 0.1885 0.8689
vn 0.0561 -0.4900 0.8699
vn -0.4116 0.2898 0.8641
vn -0.4543 0.2229 0.8625
vn -0.4310 0.2727 0.8601
vn -0.1490 0.4692 0.8704
vn 0.6850 0.1652 0.7096
vn 0.6273 0.7788 -0.0053
vn 0.4968 -0.0082 0.8678
vn 0.4790 0.1244 0.8689
vn 0.8901 -0.4558 -0.0000
vn -0.3809 0.3101 0.8711
vn 0.4931 -0.0700 0.8671
vn -0.3995 0.3209 0.8587
vn 0.1975 0.4481 0.8719
vn 0.4315 0.2407 -0.8694
vn 0.1047 -0.4934 0.8635
vn 0.1218 -0.4768 0.8705
vn 0.0974 -0.4898 0.8664
vn 0.2681 -0.4226 0.8658
vn 0.4091 -0.3013 0.8613
vn -0.7997 -0.6003 0.0148
vn -0.4831 0.1677 0.8593
vn -0.8616 0.5075 -0.0058
vn 0.1058 -0.4843 0.8685
vn -0.3450 -0.3621 0.8659
vn -0.5737 -0.8191 0.0041
vn -0.3604 -0.3569 0.8619
vn -0.4285 0.2587 -0.8657
vn -0.3136 -0.3804 0.8700
vn -0.3051 0.3922 -0.8678
vn 0.6532 0.2810 0.7031
vn -0.0743 -0.4882 0.8695
vn 0.7063 0.0571 0.7056
vn -0.4591 0.1892 0.8680
vn -0.3557 0.3459 0.8683
vn -0.3636 0.3401 0.8673
vn 0.1421 -0.4891 0.8606
vn -0.9126 0.4088 -0.0000
vn 0.4317 -0.2414 0.8691
vn -0.0450 -0.4959 0.8672
vn -0.4662 0.1939 0.8632
vn -0.4810 0.1707 0.8600
vn 0.2137 0.4653 0.8590
vn 0.8288 -0.5596 -0.0030
vn 0.0102 0.5060 0.8625
vn 0.6892 0.1707 0.7041
vn 0.0124 0.4945 0.8691
vn -0.0744 -0.4893 0.8689
vn 0.9967 0.0806 0.0019
vn -0.1871 0.4654 0.8651
vn -0.8554 0.5179 -0.0024
vn -0.1542 0.4844 0.8611
vn -0.3432 0.3633 -0.8661
vn 0.7060 0.0568 0.7059
vn -0.2550 0.4396 0.8613
vn 0.4973 -0.0188 0.8674
vn -0.0615 -0.5024 0.8625
vn 0.4933 0.0507 0.8684
vn -0.3775 -0.3214 0.8684
vn 0.5069 0.0245 0.8616
vn -0.3378 0.3613 0.8691
vn 0.7059 -0.0564 0.7060
vn -0.7878 0.6159 -0.0000
vn 0.4285 -0.9035 -0.0000
vn 0.5070 -0.0265 0.8616
vn 0.1050 0.4930 0.8636
vn 0.1438 0.4857 0.8622
vn -0.2236 0.4439 0.8677
vn -0.4629 0.2022 0.8630
vn 0.6887 -0.1710 0.7045
vn -0.4054 -0.3066 0.8612
vn 0.0850 0.4980 0.8630
vn 0.5949 -0.8038 -0.0025
vn 0.1320 0.4808 0.8669
vn -0.9452 0.3264 0.0050
vn -0.4545 0.2270 0.8613
vn -0.4510 0.2057 0.8685
vn -0.4396 0.2218 0.8704
vn -0.3690 -0.3288 0.8693
vn -0.0894 -0.4933 0.8653
vn 0.2681 -0.4158 0.8690
vn 0.7792 -0.6267 -0.0031
vn 0.0957 0.5058 0.8573
vn 0.2980 -0.3957 0.8687
vn 0.0787 0.4901 0.8681
vn 0.4803 -0.1447 0.8651
vn 0.4813 -0.1455 0.8644
vn -0.1223 -0.4784 0.8696
vn -0.1253 -0.4912 0.8620
vn 0.3228 -0.3806 0.8665
vn -0.1355 -0.4829 0.8651
vn 0.2991 -0.4109 0.8612
vn 0.0691 0.4669 0.8816
vn -0.1671 0.4614 0.8713
vn -0.3601 -0.3539 0.8631
vn 0.1089 0.4838 0.8684
vn 0.2022 0.4640 0.8625
vn -0.1720 0.4635 0.8692
vn 0.1114 0.4891 0.8651
vn -0.1240 0.4941 0.8605
vn -0.1579 0.4676 0.8697
vn -0.9836 0.1806 -0.0010
vn 0.4827 0.1224 0.8672
vn -0.2873 0.4173 -0.8622
vn -0.2187 0.4566 0.8624
vn 0.5007 -0.0592 0.8636
vn 0.4625 -0.1890 0.8663
vn 0.3630 -0.1244 0.9234
vn -0.2652 -0.4212 0.8673
vn -0.2630 -0.4208 0.8682
vn -0.4935 0.1170 0.8618
vn 0.9460 -0.3241 0.0087
vn 0.8579 -0.5138 0.0063
vn 0.4926 0.0766 0.8669
vn 0.7699 0.6382 -0.0047
vn -0.4907 0.0631 0.8690
vn -0.4375 0.2405 0.8665
vn -0.4949 -0.0881 0.8645
vn 0.4962 -0.0662 0.8657
vn -0.4019 0.2942 0.8671
vn -0.4712 -0.1926 0.8607
vn -0.4549 0.2201 -0.8629
vn 0.2323 0.4569 0.8587
vn -0.0235 0.5003 0.8655
vn 0.6961 -0.7179 0.0011
vn -0.4827 -0.1356 0.8652
vn 0.2832 0.4078 0.8680
vn 0.2641 0.4193 0.8686
vn 0.6493 -0.2757 0.7088
vn 0.5017 0.0418 0.8640
vn -0.4974 -0.1039 -0.8613
vn 0.4606 -0.8875 0.0120
vn -0.7469 0.6648 0.0110
vn 0.4378 -0.2197 0.8718
vn -0.3884 0.3266 0.8616
vn -0.8552 -0.5184 0.0044
vn -0.6623 -0.7491 0.0158
vn 0.3458 -0.3721 -0.8614
vn 0.1917 0.4606 0.8667
vn 0.6816 -0.7315 0.0160
vn 0.4762 0.1618 0.8643
vn 0.0562 -0.7060 0.7060
vn 0.0568 -0.7067 0.7052
vn 0.4651 -0.1770 0.8674
vn 0.4706 -0.1915 0.8613
vn -0.5483 -0.1402 0.8244
vn 0.4769 -0.1795 0.8604
vn 0.4617 0.2117 0.8614
vn 0.0169 0.5027 0.8643
vn 0.6964 0.1667 -0.6980
vn 0.7069 -0.0573 0.7050
vn 0.2958 0.4132 0.8613
vn 0.3801 -0.0750 0.9219
vn 0.5958 -0.3735 0.7110
vn 0.3725 -0.0831 0.9243
vn -0.5004 -0.8658 0.0062
vn 0.0139 0.4861 0.8738
vn -0.1129 0.4828 0.8684
vn -0.4685 0.1805 -0.8648
vn 0.9999 0.0127 -0.0102
vn 0.5288 -0.4603 0.7131
vn 0.6910 -0.7218 -0.0401
vn 0.6528 -0.2822 0.7030
vn 0.6026 -0.3942 0.6939
vn 0.4565 -0.5315 0.7135
vn 0.5466 -0.8373 0.0084
vn 0.8635 -0.5043 0.0083
vn 0.2397 -0.9707 0.0149
vn 0.2815 -0.6532 0.7030
vn 0.1904 0.6871 0.7011
vn -0.0102 0.4998 0.8661
vn 0.1704 -0.6899 0.7036
vn 0.6266 -0.7793 -0.0065
vn 0.3354 0.3695 0.8666
vn 0.3169 -0.2064 0.9257
vn 0.3370 -0.1968 0.9207
vn 0.3567 -0.3561 0.8637
vn 0.4026 -0.2910 0.8679
vn 0.2917 -0.2421 0.9254
vn 0.3370 0.3610 0.8695
vn 0.9834 0.1812 0.0029
vn -0.2784 -0.4190 0.8642
vn 0.1386 0.4851 -0.8634
vn 0.2139 -0.4556 -0.8641
vn 0.2901 -0.2585 0.9214
vn -0.3983 0.2922 0.8695
vn 0.7466 -0.6653 0.0022
vn -0.2330 -0.4433 0.8656
vn 0.1012 0.4839 -0.8693
vn 0.3815 -0.3260 0.8650
vn -0.1888 -0.4652 0.8649
vn -0.3169 -0.9484 0.0090
vn 0.4081 -0.2893 0.8659
vn 0.9930 -0.1177 -0.0000
vn 0.1709 -0.4756 -0.8629
vn 0.9749 -0.2228 -0.0036
vn -0.2196 -0.9755 0.0116
vn 0.9490 -0.3151 -0.0079
vn 0.3841 0.3249 0.8643
vn 0.2706 -0.9627 0.0076
vn -0.1449 -0.4821 0.8640
vn 0.2737 -0.9618 -0.0072
vn 0.1234 -0.4848 -0.8659
vn 0.1632 0.4670 -0.8691
vn 0.1754 -0.9845 -0.0058
vn -0.1194 -0.9928 0.0017
vn 0.7484 -0.6633 -0.0025
vn -0.4747 0.1336 0.8699
vn -0.0752 -0.9972 0.0051
vn -0.0212 -0.9998 0.0039
vn 0.0792 -0.9968 -0.0081
vn 0.2936 0.4095 0.8638
vn 0.0267 0.4956 0.8682
vn -0.1703 -0.9854 -0.0032
vn -0.2765 -0.9610 0.0071
vn 0.4206 -0.9073 0.0002
vn 0.4251 -0.9051 -0.0086
vn 0.2311 -0.9729 0.0033
vn 0.4958 -0.0338 0.8678
vn 0.3440 0.3696 0.8632
vn -0.2115 -0.4587 0.8631
vn 0.1323 -0.9912 -0.0084
vn 0.0524 -0.5021 0.8632
vn 0.1907 0.4623 0.8660
vn 0.1723 -0.9850 0.0087
vn 0.6884 -0.7253 -0.0068
vn -0.4651 -0.8852 0.0108
vn -0.1791 -0.3409 0.9229
vn 0.1018 -0.4967 0.8619
vn -0.7873 0.6165 -0.0000
vn 0.1485 -0.4791 0.8651
vn -0.2447 -0.3010 0.9217
vn 0.8577 -0.5142 0.0025
vn 0.4705 0.1618 0.8674
vn -0.6308 -0.7760 -0.0000
vn 0.4107 -0.2706 0.8707
vn -0.2162 -0.3125 0.9250
vn 0.3648 -0.9310 0.0084
vn 0.1971 -0.4596 0.8660
vn 0.4557 -0.8901 0.0044
vn 0.4346 -0.2426 0.8674
vn 0.2631 -0.4227 0.8672
vn -0.7715 -0.6362 0.0017
vn 0.0269 0.4955 0.8682
vn 0.5427 -0.8399 0.0033
vn -0.1725 -0.4750 -0.8629
vn -0.4069 -0.9134 -0.0038
vn -0.3758 -0.3304 -0.8658
vn -0.4924 0.1093 0.8635
vn -0.3453 -0.1800 0.9211
vn 0.3629 -0.3494 0.8638
vn -0.7071 0.7071 -0.0000
vn -0.8868 -0.4622 0.0016
vn -0.0015 0.5071 0.8619
vn -0.4851 0.1344 -0.8640
vn 0.3941 -0.3117 0.8646
vn 0.0287 0.4984 0.8665
vn -0.9271 -0.3746 0.0104
vn 0.4246 -0.2691 0.8645
vn -0.4976 -0.8673 -0.0081
vn 0.2802 -0.4060 0.8699
vn -0.3735 -0.1075 0.9214
vn -0.9610 -0.2765 -0.0017
vn 0.8808 -0.4735 0.0055
vn -0.9841 -0.1778 0.0065
vn 0.4526 -0.2245 0.8630
vn -0.6188 0.7855 0.0071
vn 0.0754 0.4929 0.8668
vn -0.9964 -0.0847 0.0085
vn 0.9239 -0.3825 0.0100
vn -0.3844 -0.0327 0.9226
vn -0.9933 0.1151 0.0057
vn -0.3830 0.0444 0.9227
vn -0.0743 0.4911 -0.8679
vn 0.3066 -0.4014 0.8630
vn -0.9763 0.2161 0.0079
vn -0.3769 0.0834 0.9225
vn 0.9576 -0.2881 0.0070
vn 0.0247 0.4981 0.8668
vn -0.9484 0.3170 0.0015
vn -0.4756 0.1188 -0.8716
vn 0.4735 -0.1801 0.8622
vn -0.5805 -0.8142 -0.0088
vn 0.4384 -0.2579 0.8610
vn 0.9817 -0.1902 0.0084
vn -0.3189 0.2333 0.9186
vn -0.3366 0.1942 0.9214
vn -0.8638 0.5038 -0.0047
vn 0.9959 -0.0900 0.0125
vn -0.8070 0.5905 0.0045
vn 0.4990 -0.0804 0.8628
vn 0.0124 0.4984 0.8669
vn -0.3120 0.2254 0.9229
vn -0.7481 0.6636 0.0078
vn -0.6584 -0.7526 -0.0082
vn 0.9998 0.0156 -0.0117
vn -0.2927 0.2616 0.9197
vn -0.2409 -0.9704 -0.0161
vn -0.2572 0.2822 0.9242
vn -0.6688 0.7434 -0.0036
vn 0.9999 0.0109 0.0090
vn -0.1095 -0.4875 0.8662
vn -0.6165 0.7873 -0.0000
vn -0.0950 -0.4982 0.8618
vn -0.7331 -0.6801 -0.0012
vn -0.4085 0.2814 0.8683
vn 0.4845 0.1195 0.8666
vn 0.9512 0.3083 0.0103
vn -0.4081 -0.2917 -0.8651
vn 0.9146 0.4043 0.0065
vn -0.8541 -0.5202 -0.0038
vn 0.4943 0.1306 0.8594
vn 0.4739 0.1698 0.8641
vn -0.7967 -0.6043 -0.0080
vn 0.4580 0.2171 0.8620
vn 0.4365 0.2307 0.8696
vn 0.4305 0.2612 0.8640
vn 0.1361 0.4871 -0.8627
vn 0.4113 0.2720 0.8700
vn 0.4052 0.3041 0.8622
vn -0.5206 0.8538 -0.0016
vn 0.1056 0.4836 -0.8689
vn -0.9402 -0.3404 0.0087
vn 0.3733 0.3377 0.8641
vn 0.0268 0.4955 0.8682
vn -0.9387 -0.3445 -0.0116
vn 0.6890 0.7248 -0.0062
vn 0.6913 0.7225 0.0084
vn -0.4982 -0.1120 -0.8598
vn 0.2941 0.4039 0.8662
vn -0.9885 -0.1509 -0.0047
vn -0.9687 -0.2482 -0.0063
vn -0.4964 0.0113 -0.8680
vn -0.0490 0.5007 0.8642
vn -0.4991 0.0591 0.8646
vn 0.2518 0.4333 0.8654
vn -0.4948 -0.0331 -0.8684
vn -0.1073 0.4906 0.8648
vn 0.3562 0.9344 0.0083
vn 0.0273 0.4952 0.8684
vn -0.9988 -0.0490 -0.0059
vn -0.5089 0.0463 -0.8596
vn -0.9986 0.0514 -0.0090
vn 0.1181 0.4923 0.8623
vn -0.5030 0.0958 -0.8589
vn 0.1627 0.9866 0.0089
vn -0.9684 0.2493 -0.0101
vn -0.5191 0.8547 -0.0061
vn -0.5058 -0.0064 -0.8626
vn 0.8037 -0.5950 0.0059
vn -0.4880 0.1355 -0.8623
vn 0.0274 0.4957 0.8681
vn -0.9414 0.3373 -0.0072
vn -0.4742 0.1803 -0.8617
vn -0.2243 0.4449 0.8671
vn -0.9057 0.4238 0.0079
vn -0.9068 0.4215 -0.0030
vn -0.4119 0.9112 0.0051
vn -0.8602 0.5098 -0.0092
vn -0.4104 0.9119 0.0008
vn -0.8020 0.5974 0.0036
vn -0.8032 0.5956 -0.0065
vn -0.3947 0.3092 -0.8652
vn -0.2977 0.9547 -0.0034
vn -0.7385 0.6742 0.0078
vn -0.7415 0.6709 -0.0129
vn -0.2833 0.4136 -0.8653
vn 0.7409 -0.6715 0.0055
vn -0.6708 0.7416 -0.0086
vn -0.3208 0.3964 0.8602
vn -0.2767 0.4143 0.8670
vn 0.1110 -0.3675 0.9234
vn -0.3232 0.3822 0.8657
vn -0.4183 0.2724 -0.8665
vn 0.7405 -0.6721 -0.0000
vn -0.5023 -0.0586 -0.8627
vn 0.6707 -0.7417 -0.0000
vn -0.3679 0.3451 0.8635
vn -0.4690 0.1620 -0.8682
vn -0.5026 0.0072 0.8645
vn 0.0441 0.4941 -0.8683
vn -0.4102 0.2864 0.8659
vn -0.4848 0.1053 -0.8683
vn -0.4933 -0.1100 -0.8629
vn 0.0499 0.4961 -0.8668
vn -0.4376 0.2436 0.8655
vn -0.4913 0.0503 -0.8695
vn -0.4763 -0.1570 -0.8652
vn -0.4839 -0.1358 0.8645
vn -0.4658 0.1905 0.8642
vn 0.6712 -0.7412 0.0050
vn -0.4834 0.1329 0.8652
vn -0.4671 -0.1786 0.8660
vn -0.4907 -0.0710 -0.8684
vn -0.5025 -0.0438 0.8635
vn -0.2965 0.9550 -0.0063
vn -0.4943 0.0702 0.8665
vn -0.4608 -0.2014 -0.8644
vn -0.5073 -0.0242 0.8614
vn -0.4930 -0.0506 0.8685
vn -0.4618 -0.1950 -0.8653
vn -0.4145 -0.2768 -0.8670
vn -0.4394 -0.2475 -0.8635
vn -0.4856 -0.1069 0.8676
vn -0.4322 -0.2416 -0.8688
vn -0.4497 -0.2208 0.8655
vn -0.4510 -0.2217 0.8646
vn 0.5791 -0.8152 0.0121
vn -0.4739 -0.1644 0.8651
vn -0.1785 0.9839 -0.0027
vn -0.1805 0.9836 0.0024
vn -0.4284 -0.2677 0.8630
vn -0.0567 0.4958 0.8666
vn -0.3403 -0.3722 -0.8635
vn -0.0614 0.9981 -0.0000
vn 0.0325 0.4905 0.8708
vn -0.3872 -0.3120 -0.8676
vn -0.0603 0.9982 -0.0027
vn -0.4141 -0.2906 -0.8626
vn 0.0603 0.9982 -0.0000
vn -0.4231 -0.2693 0.8651
vn 0.5920 -0.8058 -0.0154
vn -0.2932 -0.4060 0.8656
vn 0.5957 -0.8032 -0.0000
vn -0.0115 0.4996 -0.8662
vn -0.2504 -0.4375 0.8636
vn 0.5137 -0.8579 -0.0060
vn 0.1806 0.9836 -0.0005
vn -0.1864 -0.4611 0.8676
vn -0.0154 0.4942 -0.8692
vn 0.1804 0.9836 -0.0000
vn -0.0471 -0.4921 -0.8693
vn 0.4949 0.0726 0.8659
vn 0.5145 -0.8575 -0.0000
vn 0.0847 0.4711 0.8780
vn -0.1325 -0.4808 0.8667
vn 0.2973 0.9548 -0.0008
vn 0.4286 -0.9035 -0.0034
vn -0.1354 -0.4877 -0.8624
vn 0.4283 -0.9036 -0.0063
vn -0.0713 0.9974 -0.0074
vn 0.3368 -0.9416 -0.0045
vn 0.0672 0.4908 0.8687
vn -0.0881 -0.4967 -0.8635
vn 0.3368 -0.9416 -0.0044
vn -0.3961 -0.3114 0.8638
vn 0.2437 -0.9699 0.0018
vn 0.2428 -0.9701 -0.0054
vn -0.0399 -0.5010 -0.8645
vn 0.1458 -0.9893 -0.0000
vn 0.0102 -0.5039 -0.8637
vn 0.1459 -0.9893 0.0011
vn -0.1321 0.4777 -0.8685
vn 0.0503 -0.9987 0.0004
vn 0.1265 -0.4811 -0.8675
vn 0.1108 -0.4933 -0.8628
vn -0.0646 0.9979 0.0051
vn -0.0773 0.4921 -0.8671
vn 0.4103 0.9119 0.0025
vn 0.0503 -0.9987 -0.0000
vn -0.1888 0.4619 -0.8666
vn 0.0746 -0.4996 -0.8631
vn -0.0493 -0.9988 0.0069
vn -0.0503 -0.9987 -0.0004
vn 0.2305 -0.4460 0.8648
vn -0.2420 -0.4406 0.8645
vn -0.1480 -0.9890 -0.0073
vn 0.2880 -0.4161 -0.8625
vn -0.3679 0.3387 0.8660
vn 0.4117 0.9113 -0.0011
vn -0.2363 0.4336 -0.8696
vn -0.1462 -0.9892 0.0062
vn -0.2386 0.4366 -0.8674
vn -0.1979 -0.4599 0.8657
vn -0.2425 -0.9701 -0.0000
vn 0.4702 -0.1814 -0.8637
vn -0.2435 -0.9699 -0.0072
vn 0.5179 0.8554 -0.0014
vn 0.4865 -0.1358 -0.8631
vn 0.3640 -0.3411 0.8667
vn 0.4810 -0.1587 0.8622
vn -0.3023 0.4009 -0.8648
vn -0.1562 -0.4741 0.8665
vn -0.3359 -0.9419 0.0059
vn 0.5064 0.0063 -0.8623
vn -0.3367 -0.9416 -0.0000
vn -0.7930 0.6093 -0.0065
vn -0.4255 -0.9050 -0.0000
vn 0.5022 0.0599 -0.8627
vn 0.5596 0.0723 0.8256
vn 0.5166 0.8562 0.0024
vn -0.4267 -0.9044 -0.0094
vn -0.1100 -0.4894 0.8651
vn -0.5137 -0.8579 0.0060
vn -0.3391 0.3615 -0.8685
vn -0.4077 0.2930 0.8648
vn -0.0105 -0.5034 0.8640
vn -0.5145 -0.8575 -0.0000
vn 0.4611 0.2016 -0.8642
vn -0.5957 -0.8032 -0.0000
vn -0.2893 0.3991 -0.8701
vn 0.0378 -0.4995 0.8655
vn 0.6160 0.7877 0.0022
vn -0.5950 -0.8037 0.0057
vn 0.3852 0.3151 -0.8674
vn 0.4138 0.2905 -0.8628
vn 0.3503 0.3648 -0.8627
vn -0.6721 -0.7405 -0.0000
vn -0.3949 0.3111 -0.8645
vn 0.3135 0.3964 -0.8629
vn 0.1349 -0.4832 0.8650
vn -0.7405 -0.6721 -0.0000
vn -0.8608 0.5089 -0.0091
vn 0.1824 -0.4680 0.8647
vn -0.8032 -0.5957 -0.0000
vn -0.9743 0.2249 -0.0080
vn 0.6173 0.7868 -0.0017
vn -0.3176 0.3921 -0.8634
vn 0.1826 0.4688 -0.8642
vn 0.2323 0.4477 -0.8635
vn 0.1347 0.4829 -0.8653
vn -0.3387 0.3603 -0.8691
vn -0.8579 -0.5138 -0.0062
vn -0.8575 -0.5145 -0.0000
vn 0.4055 -0.2858 0.8683
vn 0.7065 0.7077 0.0019
vn 0.0859 0.4935 -0.8655
vn -0.4374 0.2373 0.8674
vn -0.9159 0.4014 -0.0066
vn -0.9043 -0.4270 -0.0000
vn -0.3828 0.3218 -0.8660
vn -0.9046 -0.4262 -0.0066
vn 0.4637 -0.2030 0.8624
vn 0.4922 -0.8705 -0.0060
vn 0.7876 0.6162 0.0070
vn -0.9412 -0.3378 -0.0000
vn -0.9576 0.2881 -0.0081
vn -0.4150 0.2697 -0.8689
vn 0.5017 -0.0591 0.8630
vn 0.7889 0.6145 0.0017
vn -0.4330 0.2582 -0.8636
vn 0.5029 -0.0066 0.8643
vn -0.9701 -0.2425 -0.0000
vn -0.9850 0.1722 -0.0069
vn 0.8567 0.5158 -0.0015
vn 0.5005 0.0428 0.8647
vn -0.4840 0.1524 0.8617
vn 0.4993 0.0904 0.8617
vn -0.8560 0.5169 0.0082
vn 0.8568 0.5157 -0.0018
vn -0.4608 0.1845 0.8681
vn -0.9927 0.1206 -0.0039
vn 0.9121 0.4099 0.0056
vn 0.9988 0.0490 -0.0000
vn -0.9128 0.4084 0.0075
vn 0.9126 0.4088 0.0027
vn 0.4233 0.2694 0.8650
vn -0.9889 -0.1484 0.0011
vn -0.9889 -0.1483 -0.0000
vn 0.3960 0.3100 0.8644
vn -0.9989 -0.0477 -0.0000
vn -0.9986 0.0526 -0.0068
vn 0.3643 0.3497 0.8632
vn 0.4927 0.0692 0.8675
vn -0.9989 -0.0477 0.0003
vn -0.4939 -0.0080 -0.8695
vn 0.3292 0.3842 0.8626
vn -0.9988 0.0490 -0.0000
vn 0.9550 0.2966 -0.0000
vn -0.3992 -0.2927 -0.8689
vn 0.9554 0.2953 -0.0033
vn 0.2884 0.4168 0.8620
vn 0.9835 0.1806 -0.0000
vn 0.1857 0.9823 -0.0239
vn -0.3965 -0.3116 -0.8635
vn -0.3638 -0.3416 -0.8666
vn 0.9835 0.1807 -0.0000
vn -0.9891 0.1468 -0.0072
vn -0.3982 -0.2953 0.8685
vn -0.3658 -0.3359 0.8680
vn 0.0613 0.4979 0.8651
vn -0.9893 0.1458 -0.0000
vn -0.9982 0.0598 0.0067
vn -0.3189 -0.3781 -0.8691
vn 0.9982 0.0602 -0.0000
vn -0.4981 0.0033 0.8671
vn -0.2756 -0.4122 -0.8684
vn -0.9982 -0.0598 0.0078
vn -0.3762 0.3507 0.8576
vn -0.2255 -0.4483 -0.8650
vn 0.9983 -0.0581 -0.0013
vn -0.5039 -0.0335 -0.8631
vn -0.1934 -0.4659 -0.8635
vn -0.1642 -0.4668 -0.8690
vn 0.9983 -0.0576 -0.0000
vn -0.4904 -0.0710 -0.8686
vn -0.4826 -0.1104 0.8689
vn -0.1063 -0.4876 -0.8666
vn 0.9840 -0.1781 0.0022
vn -0.0407 -0.4952 -0.8678
vn -0.4762 -0.1323 -0.8693
vn -0.9976 -0.0683 -0.0085
vn -0.4576 -0.1874 -0.8692
vn -0.4954 -0.0542 0.8670
vn 0.9840 -0.1783 0.0017
vn -0.9997 0.0229 -0.0063
vn -0.4077 0.2801 0.8691
vn -0.4359 -0.2432 -0.8665
vn -0.4168 -0.2753 0.8663
vn -0.9825 -0.1864 -0.0045
vn -0.9970 -0.0778 -0.0030
vn -0.3977 -0.2932 -0.8694
vn -0.3931 -0.3163 -0.8634
vn -0.3618 -0.3401 -0.8680
vn -0.3806 -0.3247 0.8658
vn -0.1234 -0.4906 -0.8626
vn -0.0935 -0.4869 -0.8684
vn -0.9520 -0.3059 0.0108
vn -0.3197 -0.3800 -0.8680
vn -0.9097 -0.4153 -0.0047
vn -0.2877 -0.4022 0.8692
vn -0.1479 -0.4727 -0.8687
vn -0.2741 -0.4130 -0.8685
vn -0.8523 -0.5230 -0.0044
vn 0.3907 -0.9205 -0.0071
vn -0.6134 -0.7898 0.0041
vn -0.2109 -0.4566 -0.8643
vn 0.5060 -0.0306 0.8620
vn -0.1810 -0.3366 0.9241
vn -0.5151 -0.8571 0.0024
vn -0.4075 -0.9132 0.0020
vn -0.7841 -0.6206 -0.0055
vn 0.4844 -0.1276 0.8655
vn -0.2965 -0.9550 -0.0000
vn -0.1041 -0.4835 -0.8692
vn -0.7040 -0.7102 0.0022
vn -0.0396 -0.4995 -0.8654
vn -0.2486 -0.2863 0.9253
vn -0.1793 -0.9838 -0.0002
vn -0.2979 -0.3990 -0.8672
vn -0.3367 -0.3640 0.8684
vn -0.6153 -0.7883 -0.0018
vn -0.3950 0.2933 0.8706
vn 0.0090 -0.4934 0.8697
vn -0.2741 -0.2755 0.9214
vn -0.2774 -0.2581 0.9255
vn -0.0657 -0.4950 0.8664
vn -0.4082 -0.9129 -0.0000
vn -0.3414 -0.3648 -0.8662
vn -0.1865 -0.4644 0.8658
vn -0.2959 -0.9552 0.0014
vn -0.1317 -0.4778 0.8685
vn -0.3031 -0.2254 0.9259
vn -0.4646 -0.2078 -0.8608
vn -0.4338 -0.2318 -0.8707
vn -0.3633 -0.1115 0.9250
vn -0.4828 -0.1608 -0.8608
vn -0.4582 -0.1799 -0.8705
vn -0.3815 -0.0689 0.9218
vn -0.3814 -0.0343 0.9238
vn -0.4858 -0.0796 -0.8705
vn -0.4750 -0.1312 -0.8701
vn -0.5069 -0.0593 -0.8599
vn -0.1341 0.4794 0.8673
vn -0.3827 0.0035 0.9239
vn -0.3814 0.0433 0.9234
vn -0.4897 0.0238 -0.8716
vn -0.1101 -0.4949 0.8619
vn 0.5361 -0.1535 0.8301
vn -0.3754 0.0823 0.9232
vn -0.4839 0.0715 -0.8722
vn -0.3656 0.1212 0.9229
vn 0.2865 -0.9580 -0.0093
vn -0.3533 0.1572 0.9222
vn -0.4614 0.1647 -0.8718
vn 0.0446 -0.4942 0.8682
vn -0.3291 0.3841 -0.8626
vn -0.4568 0.2290 -0.8596
vn -0.4429 0.2119 -0.8712
vn -0.3353 0.1929 0.9221
vn -0.7733 -0.6340 -0.0035
vn -0.1358 0.4762 0.8688
vn -0.4182 0.2607 -0.8701
vn -0.2877 0.2552 0.9231
vn 0.4591 -0.1877 0.8683
vn -0.3889 0.3006 -0.8709
vn -0.2636 0.2915 0.9195
vn -0.3548 0.3355 -0.8727
vn 0.2112 0.9775 0.0012
vn -0.5501 -0.8350 0.0078
vn 0.4967 -0.0229 0.8676
vn 0.1755 -0.9845 -0.0066
vn 0.3742 -0.4240 0.8248
vn 0.5036 0.0057 0.8639
vn -0.4566 -0.8897 -0.0068
vn 0.2995 -0.4639 0.8337
vn -0.2698 -0.9629 -0.0053
vn 0.5058 0.0056 0.8626
vn 0.2327 -0.5108 0.8276
vn 0.4938 0.1015 -0.8636
vn 0.4964 -0.0082 0.8680
vn 0.1022 -0.5586 0.8231
vn 0.4918 0.0504 0.8692
vn 0.0375 -0.5677 0.8224
vn -0.3092 0.3904 0.8672
vn 0.0155 0.4997 0.8660
vn -0.8563 -0.5164 -0.0009
vn -0.3787 0.3267 0.8659
vn 0.4086 0.3040 0.8606
vn 0.4170 0.2729 0.8670
vn 0.4983 0.0713 -0.8641
vn 0.3792 0.3198 0.8683
vn 0.2758 0.4132 -0.8678
vn 0.4762 0.1318 -0.8694
vn 0.3394 0.3634 0.8676
vn -0.3622 0.3448 -0.8660
vn -0.0089 0.4946 0.8691
vn -0.3465 0.3508 0.8700
vn 0.2884 0.4004 0.8698
vn 0.2378 0.4358 0.8680
vn -0.9120 -0.4103 -0.0014
vn -0.7884 0.6152 0.0014
vn 0.1319 0.4769 0.8690
vn -0.3966 0.3106 -0.8638
vn -0.7883 0.6153 0.0017
vn 0.0744 0.4922 0.8673
vn -0.3814 0.3286 0.8640
vn 0.0120 0.4966 0.8679
vn 0.4635 0.1879 -0.8660
vn -0.0461 0.4920 0.8694
vn -0.4140 0.2912 0.8625
vn -0.1574 0.4796 -0.8632
vn -0.7078 0.7064 -0.0038
vn -0.6166 0.7873 0.0022
vn -0.2766 0.4120 0.8682
vn -0.6173 0.7867 0.0005
vn -0.4248 0.2721 -0.8634
vn -0.3595 0.3622 0.8600
vn -0.3213 0.3797 0.8675
vn -0.5170 0.8560 0.0024
vn -0.4522 0.2285 -0.8621
vn -0.3969 0.3188 0.8607
vn -0.3631 0.3410 0.8671
vn -0.4101 0.9120 0.0025
vn 0.9893 -0.1458 -0.0000
vn -0.4729 0.1534 -0.8676
vn -0.3989 0.2920 0.8693
vn -0.4718 0.1824 -0.8626
vn -0.4979 0.0901 -0.8625
vn 0.8904 -0.4551 0.0065
vn 0.9893 -0.1457 -0.0000
vn -0.2985 0.9544 -0.0000
vn -0.4966 0.0082 0.8680
vn 0.4015 0.2931 -0.8677
vn 0.8401 -0.5425 -0.0040
vn -0.2972 0.9548 0.0026
vn -0.4938 -0.0508 0.8681
vn -0.4907 -0.1044 0.8650
vn 0.3618 0.3379 -0.8689
vn -0.1807 0.9835 -0.0000
vn -0.4896 0.0450 0.8708
vn -0.4671 -0.1611 0.8694
vn -0.0603 0.9982 -0.0000
vn -0.5027 0.0072 0.8644
vn -0.4152 -0.2711 0.8684
vn -0.4770 0.1578 0.8646
vn 0.0602 0.9982 -0.0000
vn -0.3800 -0.3200 0.8678
vn -0.5028 -0.0066 -0.8644
vn -0.3403 -0.3639 0.8671
vn -0.5033 -0.0440 0.8630
vn -0.4886 0.1081 0.8658
vn 0.1820 0.9833 0.0033
vn -0.2882 -0.4001 0.8699
vn 0.1803 0.9836 -0.0000
vn 0.2985 0.9544 -0.0010
vn -0.4986 -0.0584 -0.8649
vn 0.3762 0.9265 -0.0010
vn 0.2981 0.9545 -0.0018
vn 0.8404 -0.5420 -0.0000
vn -0.4896 -0.1096 -0.8650
vn -0.4967 -0.0886 0.8634
vn 0.4128 0.9108 0.0025
vn -0.1859 -0.4595 0.8685
vn 0.4855 0.1067 0.8677
vn -0.4792 -0.1577 -0.8635
vn -0.1324 -0.4801 0.8671
vn 0.4089 0.9125 -0.0057
vn 0.9038 -0.4280 -0.0000
vn -0.4884 0.1261 -0.8635
vn 0.5171 0.8559 -0.0000
vn 0.1628 0.4714 -0.8668
vn -0.4621 -0.2025 -0.8634
vn 0.4288 0.2668 -0.8631
vn -0.4161 -0.2720 -0.8677
vn -0.4410 -0.2476 -0.8627
vn 0.7058 0.7084 0.0034
vn 0.7059 0.7084 0.0034
vn -0.4256 -0.2712 0.8633
vn 0.8581 -0.5136 -0.0000
vn -0.3906 -0.3068 -0.8679
vn -0.4146 -0.2909 -0.8623
vn -0.3503 -0.3645 -0.8628
vn 0.8034 -0.5955 -0.0059
vn -0.3957 -0.3110 0.8641
vn 0.8039 -0.5948 -0.0000
vn 0.5181 0.8553 0.0024
vn 0.6174 0.7867 0.0022
vn 0.8345 0.5509 -0.0004
vn 0.8334 0.5527 -0.0041
vn -0.3610 -0.3445 0.8666
vn 0.6165 0.7873 -0.0000
vn -0.2735 -0.4213 -0.8647
vn -0.3130 -0.3946 -0.8639
vn 0.7411 -0.6714 -0.0000
vn 0.7406 -0.6719 -0.0055
vn 0.0472 0.4927 -0.8689
vn -0.0134 0.5001 -0.8659
vn -0.9840 -0.1781 0.0057
vn 0.9278 0.3731 -0.0033
vn -0.2317 -0.4480 -0.8635
vn 0.9583 0.2856 -0.0105
vn 0.6715 -0.7410 -0.0000
vn -0.0743 0.4909 -0.8680
vn -0.0883 -0.4999 -0.8616
vn -0.0409 -0.5052 -0.8620
vn 0.9840 0.1780 0.0086
vn 0.5963 -0.8028 -0.0000
vn -0.1318 0.4764 -0.8693
vn 0.9965 0.0838 -0.0009
vn 0.7872 0.6166 0.0017
vn 0.0637 -0.4985 -0.8645
vn -0.1842 0.4606 -0.8683
vn 0.9996 -0.0251 0.0091
vn 0.4881 0.1204 0.8645
vn -0.2886 0.4000 -0.8699
vn 0.4280 -0.9038 -0.0000
vn 0.1097 -0.4921 -0.8636
vn 0.8560 0.5170 0.0014
vn 0.1562 -0.4797 -0.8634
vn -0.3398 0.3633 -0.8675
vn 0.2002 -0.4641 -0.8628
vn 0.9743 -0.2254 0.0012
vn 0.7814 -0.6241 -0.0000
vn 0.2609 -0.4243 -0.8671
vn 0.2449 -0.4436 -0.8621
vn -0.9983 -0.0585 -0.0000
vn -0.9982 -0.0604 -0.0036
vn 0.3363 -0.9417 -0.0025
vn -0.3783 0.3166 -0.8699
vn 0.3367 -0.9416 -0.0000
vn -0.4861 -0.1366 0.8632
vn 0.9108 -0.4129 -0.0005
vn 0.9120 0.4102 0.0011
vn -0.4238 0.2673 -0.8654
vn 0.3626 -0.3460 -0.8653
vn 0.2435 -0.9699 0.0054
vn 0.7810 -0.6245 -0.0046
vn 0.3955 -0.3101 -0.8645
vn 0.3832 -0.3083 0.8707
vn 0.7153 -0.6988 -0.0064
vn 0.4521 -0.2278 -0.8624
vn 0.8061 -0.5917 0.0060
vn -0.4435 0.2189 -0.8691
vn 0.2426 -0.9701 -0.0018
vn 0.4885 -0.1363 -0.8619
vn 0.1475 -0.9891 0.0037
vn -0.4557 -0.1914 0.8693
vn 0.1478 -0.9890 0.0062
vn 0.4973 -0.0906 -0.8628
vn 0.9548 0.2973 0.0008
vn 0.4739 -0.1425 0.8690
vn 0.0497 -0.9988 -0.0000
vn 0.6712 -0.7412 0.0053
vn 0.6765 -0.7364 -0.0073
vn -0.4683 0.1610 -0.8688
vn 0.8380 -0.5456 -0.0081
vn 0.5948 -0.8039 0.0027
vn 0.5025 -0.0425 -0.8636
vn 0.0511 -0.9986 0.0109
vn -0.4873 0.1068 -0.8667
vn 0.5080 -0.8614 0.0005
vn 0.5028 0.0066 -0.8644
vn -0.0503 -0.9987 -0.0000
vn 0.5013 0.0598 -0.8632
vn 0.4937 0.1087 -0.8628
vn 0.9835 0.1809 -0.0000
vn -0.4950 -0.0712 -0.8660
vn 0.4630 0.1825 -0.8674
vn 0.4800 0.1579 -0.8629
vn 0.4412 0.2483 -0.8624
vn 0.9836 0.1806 0.0005
vn -0.4474 -0.2268 0.8651
vn -0.1450 -0.9894 0.0048
vn 0.3214 -0.9468 0.0130
vn -0.4922 -0.1092 -0.8636
vn -0.4747 -0.1318 -0.8702
vn -0.1456 -0.9893 -0.0000
vn -0.2419 -0.9703 -0.0000
vn 0.3490 0.3628 -0.8640
vn 0.2322 -0.9727 0.0012
vn 0.1225 -0.9924 0.0093
vn 0.3628 0.3463 0.8651
vn 0.5037 0.0899 0.8592
vn -0.9836 0.1806 -0.0005
vn -0.4796 -0.1525 -0.8642
vn 0.3127 0.3956 -0.8635
vn 0.0288 -0.9996 0.0022
vn 0.0313 -0.9995 -0.0022
vn -0.4594 -0.1873 -0.8683
vn -0.2428 -0.9700 -0.0073
vn 0.1839 0.4728 -0.8618
vn 0.1279 0.4924 -0.8610
vn -0.3368 -0.9416 0.0024
vn -0.3371 -0.9415 -0.0000
vn -0.4449 -0.2349 -0.8642
vn -0.1739 -0.9848 0.0033
vn -0.4326 -0.2421 -0.8685
vn 0.9982 -0.0602 -0.0000
vn 0.4910 -0.0502 -0.8697
vn -0.4250 -0.2738 -0.8628
vn 0.0875 0.4968 -0.8634
vn -0.4270 -0.9043 -0.0000
vn -0.3988 -0.2919 -0.8693
vn 0.0388 0.4963 -0.8673
vn -0.9835 0.1809 -0.0000
vn -0.3673 -0.9301 -0.0015
vn -0.4266 -0.9044 0.0031
vn -0.3633 -0.3412 -0.8670
vn 0.9836 -0.1806 -0.0005
vn 0.7159 -0.6982 -0.0000
vn -0.3190 -0.3782 -0.8690
vn -0.5037 0.0434 -0.8628
vn -0.3229 -0.3761 0.8685
vn 0.9835 -0.1809 -0.0000
vn -0.2691 -0.4229 -0.8653
vn -0.5963 -0.8028 -0.0000
vn 0.2378 0.4371 0.8674
vn 0.9548 -0.2973 -0.0008
vn -0.9547 0.2975 0.0026
vn -0.4886 0.1357 -0.8619
vn 0.0744 0.4921 0.8673
vn -0.2418 -0.4416 0.8640
vn -0.7102 -0.7040 -0.0030
vn -0.7052 -0.7090 0.0097
vn -0.9548 0.2973 -0.0016
vn 0.5027 -0.0293 -0.8639
vn -0.6719 -0.7406 -0.0054
vn -0.1727 -0.4659 0.8678
vn -0.1576 -0.4810 0.8624
vn -0.6714 -0.7411 -0.0000
vn -0.9552 0.2958 -0.0008
vn -0.1222 -0.4791 0.8692
vn -0.1096 -0.4907 0.8644
vn -0.7400 -0.6725 -0.0065
vn -0.8368 -0.5475 -0.0069
vn -0.8332 -0.5530 0.0047
vn 0.6419 -0.7668 -0.0028
vn -0.0619 -0.4970 0.8656
vn -0.7399 -0.6727 -0.0049
vn 0.0125 0.4972 0.8676
vn -0.0110 -0.4942 0.8693
vn -0.8023 -0.5969 -0.0000
vn 0.4950 0.0073 -0.8689
vn -0.0474 0.4933 0.8686
vn 0.5006 -0.0756 0.8624
vn 0.6426 -0.7662 0.0035
vn -0.9312 -0.3643 -0.0092
vn -0.9113 0.4118 0.0025
vn -0.8021 -0.5971 0.0018
vn 0.0258 -0.5026 0.8642
vn -0.8560 0.5170 -0.0014
vn -0.8581 -0.5135 -0.0000
vn -0.1060 0.4867 0.8671
vn 0.5642 -0.8256 0.0039
vn -0.9847 -0.1742 0.0002
vn -0.9042 -0.4271 -0.0031
vn 0.2753 -0.4235 0.8630
vn -0.1664 0.4727 0.8654
vn 0.2812 -0.4105 0.8674
vn -0.5001 -0.0585 -0.8640
vn -0.7871 0.6168 -0.0009
vn -0.9040 -0.4275 -0.0000
vn 0.3480 -0.3640 0.8639
vn -0.4902 -0.1096 -0.8647
vn -0.9999 0.0140 0.0087
vn -0.9411 -0.3382 -0.0000
vn 0.4126 -0.2899 0.8635
vn -0.9412 -0.3379 -0.0025
vn -0.4795 0.1464 0.8653
vn 0.6955 -0.7185 -0.0043
vn 0.4647 -0.2037 0.8617
vn 0.5637 -0.8259 -0.0003
vn -0.7874 0.6165 -0.0017
vn 0.4780 -0.1574 0.8642
vn -0.2722 -0.4271 0.8623
vn 0.4936 -0.1094 0.8628
vn -0.4375 0.2209 0.8716
vn -0.2235 0.4437 0.8679
vn -0.9482 0.3177 0.0002
vn 0.4852 -0.0822 0.8705
vn 0.4895 0.0710 -0.8691
vn -0.9890 -0.1480 0.0070
vn 0.5032 -0.0065 0.8641
vn -0.2959 0.4104 0.8626
vn -0.9088 0.4172 -0.0034
vn -0.9891 -0.1470 -0.0000
vn -0.2752 0.4125 0.8684
vn -0.4022 0.2944 0.8669
vn -0.9988 -0.0488 0.0071
vn 0.4716 0.1545 0.8682
vn 0.4724 0.1819 0.8624
vn -0.4794 -0.1577 -0.8633
vn 0.4544 0.1955 0.8691
vn 0.4495 0.2275 0.8638
vn -0.9988 0.0490 0.0003
vn 0.4262 0.2717 0.8629
vn -0.6165 0.7874 0.0017
vn -0.7425 0.6698 -0.0073
vn 0.4039 0.2841 0.8696
vn 0.3972 0.3127 0.8628
vn -0.9891 0.1471 0.0011
vn -0.4351 0.2422 0.8672
vn 0.3658 0.3300 0.8702
vn -0.4619 -0.2027 -0.8635
vn 0.3278 0.3742 0.8675
vn 0.5058 -0.0206 0.8624
vn -0.4143 -0.2908 -0.8625
vn -0.9891 0.1471 0.0010
vn 0.2874 0.4141 0.8637
vn -0.9701 0.2425 -0.0000
vn -0.9702 0.2423 0.0018
vn 0.2418 0.4402 0.8647
vn -0.6173 0.7867 -0.0005
vn 0.2000 0.4634 0.8633
vn -0.9416 0.3367 -0.0000
vn 0.4942 0.1047 -0.8630
vn 0.6278 -0.7784 -0.0070
vn -0.5181 0.8553 -0.0024
vn 0.4915 0.0503 0.8694
vn 0.1553 0.4764 0.8654
vn -0.5165 0.8563 0.0014
vn 0.1056 0.4835 0.8690
vn -0.3142 -0.3963 0.8627
vn -0.9041 0.4272 0.0066
vn 0.4775 -0.8786 -0.0028
vn -0.9882 0.1533 0.0054
vn 0.4763 0.1320 -0.8693
vn -0.4952 -0.0961 -0.8635
vn -0.4092 0.9125 -0.0000
vn -0.5016 -0.0448 0.8639
vn -0.4103 0.9119 -0.0025
vn 0.4783 -0.8782 0.0033
vn -0.2985 0.9544 0.0008
vn -0.2988 0.9543 -0.0000
vn -0.4809 -0.1052 0.8705
vn 0.0629 -0.4924 0.8681
vn -0.1808 0.9835 -0.0022
vn -0.4706 -0.1627 0.8672
vn 0.3878 -0.9217 0.0067
vn -0.4440 -0.2179 0.8692
vn 0.3866 -0.9223 -0.0038
vn -0.3803 -0.3309 -0.8636
vn -0.1794 0.9838 0.0005
vn -0.3521 -0.3618 -0.8632
vn -0.4154 -0.2702 0.8686
vn -0.3144 -0.3960 -0.8628
vn 0.4618 0.1883 -0.8668
vn 0.2928 -0.9562 -0.0000
vn -0.0616 0.9981 -0.0026
vn -0.3402 -0.3631 0.8674
vn 0.0616 0.9981 0.0026
vn -0.2515 -0.4369 -0.8636
vn -0.2905 -0.4041 0.8674
vn 0.6296 -0.7769 0.0075
vn 0.1794 0.9838 -0.0000
vn -0.1235 -0.4891 -0.8634
vn 0.1805 0.9836 0.0022
vn -0.2366 -0.4342 0.8692
vn 0.0565 0.9984 0.0056
vn -0.4972 0.0766 -0.8642
vn 0.2986 0.9544 0.0026
vn 0.4319 0.2409 -0.8692
vn 0.2917 -0.9565 -0.0085
vn 0.0553 0.9985 -0.0000
vn -0.4955 0.0071 0.8686
vn 0.2973 0.9548 -0.0000
vn 0.4102 0.9120 -0.0000
vn 0.1981 -0.9802 -0.0000
vn 0.4114 0.9115 0.0025
vn -0.2731 -0.4201 -0.8654
vn -0.1910 -0.4597 -0.8673
vn -0.2313 -0.4461 -0.8646
vn 0.3997 0.2924 -0.8688
vn 0.1004 -0.9949 -0.0000
vn 0.5165 0.8563 -0.0014
vn -0.1469 -0.4755 -0.8673
vn -0.1836 -0.4721 -0.8622
vn -0.1040 -0.4868 -0.8673
vn -0.1355 -0.4881 -0.8622
vn -0.9123 0.4096 -0.0022
vn 0.3544 0.9351 -0.0007
vn 0.3616 0.3399 -0.8682
vn -0.0013 -1.0000 -0.0000
vn 0.4542 0.2196 -0.8634
vn 0.0623 -0.5007 -0.8634
vn 0.3190 0.3782 -0.8690
vn 0.6175 0.7866 0.0041
vn 0.1108 -0.4897 -0.8648
vn -0.0980 -0.9952 0.0074
vn -0.4986 -0.0425 0.8658
vn -0.0991 -0.9951 -0.0007
vn 0.2761 0.4136 -0.8676
vn 0.1894 -0.4618 -0.8665
vn 0.1562 -0.4800 -0.8633
vn 0.2443 -0.4430 -0.8626
vn 0.1998 -0.4635 -0.8633
vn -0.1993 -0.9799 -0.0000
vn 0.2875 -0.4175 -0.8620
vn 0.6151 0.7884 -0.0017
vn -0.9121 0.4101 -0.0034
vn -0.1984 -0.9801 0.0073
vn 0.3298 -0.3843 -0.8623
vn -0.1013 -0.4840 0.8692
vn -0.2936 -0.9559 -0.0021
vn 0.2281 0.4509 -0.8630
vn -0.2933 -0.9560 -0.0000
vn 0.7064 0.7078 -0.0020
vn 0.3262 -0.3661 0.8715
vn 0.4880 0.0710 -0.8700
vn 0.1997 0.4636 -0.8632
vn 0.5343 0.8453 0.0059
vn 0.1639 0.4666 -0.8691
vn 0.7058 0.7084 -0.0038
vn 0.3949 -0.3095 -0.8650
vn -0.3898 -0.9209 -0.0027
vn 0.3379 0.3637 0.8681
vn -0.3898 -0.9209 -0.0028
vn 0.6160 0.7877 0.0099
vn -0.4773 -0.8787 -0.0033
vn 0.4248 -0.2720 -0.8635
vn 0.4722 -0.1830 -0.8623
vn -0.8567 0.5159 0.0029
vn 0.4362 -0.2299 0.8700
vn -0.4773 -0.8787 -0.0034
vn 0.4886 -0.1357 -0.8619
vn -0.0125 0.4979 -0.8671
vn 0.7878 0.6160 0.0030
vn -0.5634 -0.8262 -0.0000
vn -0.5639 -0.8258 -0.0039
vn -0.0551 0.5020 -0.8631
vn -0.6428 -0.7660 -0.0000
vn 0.5036 -0.0427 -0.8629
vn -0.0754 0.4891 -0.8689
vn 0.7890 0.6144 -0.0019
vn 0.5042 0.0065 -0.8636
vn -0.4990 0.0359 -0.8658
vn -0.0992 0.4954 -0.8630
vn -0.7158 -0.6983 -0.0053
vn -0.1322 0.4783 -0.8682
vn 0.8567 0.5158 -0.0000
vn -0.7153 -0.6988 -0.0000
vn -0.4510 -0.2284 0.8628
vn 0.4986 0.0591 -0.8648
vn -0.1859 0.4595 -0.8685
vn -0.7817 -0.6237 0.0079
vn 0.8579 0.5138 -0.0056
vn 0.4917 0.1091 -0.8639
vn 0.4422 0.2254 -0.8681
vn -0.8560 0.5171 -0.0005
vn -0.2359 0.4339 -0.8695
vn 0.9121 0.4099 0.0068
vn 0.4217 0.2625 -0.8679
vn 0.4408 0.2482 -0.8626
vn 0.3830 0.3296 -0.8630
vn -0.7828 -0.6223 -0.0058
vn -0.2579 0.4329 -0.8638
vn 0.2715 0.4266 0.8627
vn 0.9142 0.4052 -0.0052
vn 0.2884 0.4014 0.8693
vn 0.3457 0.3608 -0.8662
vn -0.8395 -0.5434 0.0039
vn -0.2889 0.4022 -0.8688
vn -0.8404 -0.5420 -0.0087
vn -0.8904 -0.4552 -0.0007
vn 0.2743 0.4186 -0.8658
vn 0.3109 0.3936 -0.8651
vn 0.2395 0.4370 -0.8670
vn -0.3646 -0.3493 0.8632
vn 0.9548 0.2970 0.0063
vn 0.9556 0.2948 0.0008
vn 0.1858 0.4612 0.8676
vn -0.3376 0.3603 -0.8696
vn 0.2329 0.4498 -0.8622
vn -0.8901 -0.4557 0.0033
vn -0.9311 -0.3645 0.0096
vn -0.7872 0.6167 -0.0012
vn -0.4906 0.0981 0.8659
vn -0.9313 -0.3643 0.0074
vn -0.0110 0.5026 -0.8644
vn -0.4188 0.2744 -0.8656
vn 0.5508 -0.8346 -0.0073
vn -0.9626 -0.2707 -0.0051
vn -0.3464 -0.3528 0.8692
vn -0.4412 0.2449 -0.8634
vn -0.4430 0.2176 -0.8697
vn 0.9836 0.1804 0.0005
vn 0.2419 0.4442 0.8626
vn -0.4618 0.2046 -0.8630
vn -0.4709 0.1629 -0.8670
vn 0.9982 0.0602 0.0002
vn 0.1864 0.4634 0.8663
vn -0.7059 0.7084 -0.0000
vn -0.3282 -0.3821 0.8639
vn -0.4838 0.1050 -0.8689
vn -0.4917 0.0504 -0.8693
vn 0.9982 0.0603 -0.0000
vn 0.9982 -0.0602 -0.0002
vn -0.5014 0.0362 -0.8644
vn -0.4964 -0.0071 -0.8681
vn -0.0656 -0.4968 0.8654
vn -0.4883 -0.0710 -0.8698
vn 0.0744 0.4918 0.8675
vn -0.4782 -0.1315 -0.8684
vn -0.9621 -0.2725 0.0091
vn -0.4583 -0.1879 -0.8687
vn -0.2867 -0.4128 0.8645
vn -0.0578 -0.9983 0.0005
vn 0.1322 0.4799 0.8673
vn -0.4023 -0.2945 -0.8668
vn -0.0303 0.5049 -0.8627
vn -0.3608 -0.3388 -0.8689
vn 0.9113 -0.4117 -0.0000
vn -0.9848 -0.1738 0.0012
vn -0.3205 -0.3785 -0.8683
vn 0.9115 -0.4112 -0.0011
vn -0.2421 -0.4430 0.8632
vn 0.9823 -0.1873 -0.0054
vn -0.2744 -0.4129 -0.8685
vn 0.8559 -0.5171 -0.0000
vn -0.7065 0.7077 -0.0019
vn -0.2215 -0.4405 -0.8700
vn -0.5014 -0.0385 0.8643
vn -0.1653 -0.4694 -0.8674
vn 0.7873 -0.6165 -0.0000
vn -0.9849 -0.1729 -0.0060
vn -0.1051 -0.4841 -0.8687
vn -0.6173 0.7868 0.0017
vn -0.0466 -0.4927 -0.8690
vn -0.9972 -0.0738 -0.0065
vn 0.0118 -0.4982 -0.8670
vn -0.0885 -0.4872 0.8688
vn 0.9586 -0.2845 -0.0101
vn -0.0621 -0.5014 0.8630
vn -0.9972 -0.0748 0.0005
vn 0.0119 0.4976 0.8673
vn 0.9254 -0.3788 -0.0082
vn -0.0391 -0.4930 0.8692
vn -0.0097 -0.5063 0.8623
vn -0.9997 0.0241 -0.0002
vn 0.0392 -0.5008 0.8647
vn -0.0467 0.4927 0.8689
vn 0.5518 -0.8340 0.0003
vn -0.9997 0.0251 -0.0072
vn 0.0863 -0.4927 0.8659
vn -0.6181 0.7861 -0.0005
vn -0.4910 -0.1245 -0.8622
vn -0.9923 0.1234 0.0072
vn 0.1318 -0.4802 0.8672
vn 0.1824 -0.4684 0.8645
vn -0.9922 0.1245 -0.0009
vn -0.9747 0.2234 -0.0000
vn 0.2315 -0.4476 0.8637
vn -0.9749 0.2225 0.0071
vn -0.4950 -0.0515 -0.8673
vn -0.1320 -0.9912 -0.0034
vn -0.5070 -0.0195 -0.8617
vn 0.3123 -0.3945 0.8642
vn -0.5021 0.0457 0.8636
vn -0.1070 0.4873 0.8667
vn -0.5172 0.8559 -0.0024
vn -0.5017 -0.0710 -0.8621
vn -0.9478 0.3188 -0.0023
vn 0.3755 -0.3282 0.8668
vn 0.4093 -0.2879 0.8658
vn -0.9479 0.3185 -0.0000
vn 0.4374 -0.2466 0.8648
vn 0.4654 -0.8851 -0.0078
vn 0.4627 -0.2032 0.8629
vn 0.4951 0.0974 -0.8633
vn 0.4605 -0.1801 0.8692
vn 0.4801 -0.1574 0.8630
vn -0.9114 0.4116 0.0066
vn -0.1631 0.4663 0.8694
vn 0.4756 -0.1262 0.8706
vn 0.4898 -0.1094 0.8650
vn -0.4766 -0.1226 0.8705
vn 0.4985 -0.0580 0.8649
vn -0.2761 0.4136 0.8676
vn 0.3956 -0.3244 0.8592
vn -0.5155 0.8569 0.0014
vn 0.3932 -0.3095 0.8658
vn 0.4666 -0.8845 0.0012
vn -0.9109 0.4127 -0.0030
vn -0.4569 -0.1836 0.8704
vn -0.8660 0.5001 -0.0036
vn 0.3740 -0.9274 -0.0070
vn -0.4537 -0.2162 -0.8645
vn -0.3625 0.3406 0.8675
vn -0.8666 0.4990 0.0063
vn 0.4230 0.2690 0.8652
vn -0.8120 0.5836 -0.0000
vn 0.4924 -0.0700 0.8676
vn 0.4776 0.1320 -0.8686
vn -0.4673 0.1612 -0.8693
vn -0.4096 0.9122 0.0023
vn 0.3991 0.3032 0.8653
vn 0.3748 -0.9271 -0.0003
vn -0.4015 0.2934 0.8676
vn -0.8117 0.5841 -0.0042
vn 0.3612 0.3456 0.8661
vn 0.3294 0.3844 0.8624
vn -0.7496 0.6619 -0.0000
vn -0.4313 -0.2605 -0.8638
vn -0.4394 0.2450 0.8642
vn -0.4860 0.1057 -0.8676
vn -0.3375 -0.3780 -0.8621
vn -0.6806 0.7327 -0.0000
vn 0.1559 0.4799 0.8634
vn -0.4992 -0.0541 0.8648
vn 0.1110 0.4913 0.8639
vn -0.4617 0.1885 0.8668
vn 0.0613 0.4986 0.8647
vn -0.6039 0.7971 -0.0000
vn -0.4882 0.0497 -0.8713
vn -0.9838 0.1793 -0.0027
vn -0.4996 0.0954 0.8610
vn -0.4810 0.1327 0.8666
vn 0.2766 -0.9610 -0.0032
vn -0.3003 -0.4073 -0.8625
vn -0.4879 0.0699 0.8701
vn -0.4118 0.9113 -0.0025
vn -0.4954 -0.0512 0.8671
vn 0.2771 -0.9608 0.0008
vn -0.4868 -0.1072 0.8669
vn 0.4695 0.1778 -0.8648
vn -0.4597 -0.2069 -0.8636
vn -0.2977 0.9547 0.0008
vn -0.2973 0.9548 0.0016
vn 0.1765 -0.9843 -0.0044
vn 0.4813 -0.1294 0.8669
vn 0.0764 -0.9971 0.0039
vn 0.4003 0.2927 -0.8684
vn -0.4753 -0.1927 0.8585
vn -0.4697 -0.1623 0.8678
vn 0.1779 -0.9840 0.0060
vn -0.1806 0.9836 0.0005
vn -0.4921 -0.1042 0.8643
vn 0.0814 -0.9967 0.0043
vn 0.4981 -0.0731 0.8640
vn -0.0603 0.9982 0.0002
vn -0.0180 -0.9998 -0.0099
vn -0.2902 -0.4035 0.8677
vn -0.2585 -0.4334 -0.8633
vn -0.1353 -0.4868 -0.8630
vn -0.2368 -0.4348 0.8688
vn 0.0619 0.9981 -0.0012
vn -0.1854 -0.4587 0.8690
vn 0.4578 0.1871 -0.8692
vn -0.2096 -0.4570 -0.8644
vn 0.0624 0.9980 -0.0002
vn -0.4820 -0.1487 0.8635
vn 0.0811 -0.9967 0.0019
vn -0.0049 -1.0000 0.0001
vn 0.7810 -0.6245 -0.0058
vn 0.4314 0.2407 -0.8695
vn 0.1826 0.9832 -0.0005
vn -0.0036 -1.0000 0.0074
vn -0.0302 -0.4954 -0.8682
vn 0.7808 -0.6247 -0.0081
vn -0.0783 -0.9969 -0.0033
vn -0.0144 -0.5054 -0.8627
vn -0.0772 -0.9970 0.0022
vn 0.1811 0.9835 -0.0035
vn 0.0586 -0.4931 -0.8680
vn 0.0355 -0.5053 -0.8622
vn -0.3491 -0.3596 0.8653
vn 0.1354 -0.4878 -0.8624
vn -0.1494 -0.9888 -0.0040
vn -0.1485 -0.9889 0.0004
vn -0.9544 0.2986 0.0026
vn -0.2130 -0.9770 -0.0025
vn 0.4031 0.2935 -0.8668
vn 0.2237 -0.4510 -0.8640
vn -0.9552 0.2961 -0.0026
vn -0.2831 -0.9591 0.0005
vn 0.2985 0.9544 -0.0008
vn 0.2677 -0.4285 -0.8630
vn 0.3901 -0.3098 -0.8671
vn 0.3864 -0.3280 -0.8621
vn -0.2833 -0.9590 -0.0008
vn -0.3625 -0.9320 0.0007
vn 0.4315 -0.2610 0.8635
vn -0.1783 -0.4687 0.8652
vn 0.3215 0.3799 -0.8673
vn 0.4401 -0.2425 -0.8646
vn -0.3619 -0.9322 0.0049
vn 0.4644 -0.1959 -0.8637
vn -0.3212 0.3750 0.8696
vn 0.2756 0.4129 -0.8681
vn 0.4313 -0.2410 0.8694
vn -0.4049 0.3006 -0.8636
vn 0.5037 -0.0561 -0.8621
vn -0.4491 -0.8935 -0.0030
vn -0.4479 -0.8941 0.0064
vn 0.2213 0.4408 -0.8699
vn 0.5055 -0.0072 -0.8628
vn -0.5328 -0.8462 -0.0016
vn -0.5325 -0.8464 0.0009
vn 0.0640 -0.4994 0.8640
vn 0.7155 -0.6986 -0.0051
vn 0.5027 0.0450 -0.8633
vn 0.1124 -0.4913 0.8637
vn 0.4931 0.0983 -0.8644
vn -0.6008 -0.7994 0.0028
vn 0.4471 0.2167 -0.8678
vn 0.4676 0.1944 -0.8623
vn -0.9125 0.4090 -0.0025
vn 0.4107 0.9118 -0.0000
vn -0.6016 -0.7988 -0.0029
vn -0.6675 -0.7446 -0.0038
vn 0.3870 0.3245 -0.8631
vn 0.2109 -0.4560 0.8646
vn 0.4106 0.2778 0.8685
vn -0.6673 -0.7448 -0.0020
vn 0.3349 0.3585 0.8714
vn 0.1626 0.4736 -0.8656
vn -0.7345 -0.6785 -0.0067
vn 0.3513 0.3580 -0.8651
vn 0.4868 0.1072 0.8669
vn -0.7345 -0.6785 -0.0063
vn 0.2035 0.4530 -0.8680
vn 0.3086 -0.3810 0.8716
vn 0.3313 0.3771 0.8649
vn -0.4350 0.2610 -0.8618
vn 0.2791 0.4199 -0.8636
vn 0.2357 0.4479 -0.8625
vn -0.7979 -0.6027 0.0015
vn 0.4102 0.9120 -0.0011
vn -0.7988 -0.6015 -0.0103
vn 0.1062 0.4856 -0.8677
vn 0.1607 0.4689 -0.8685
vn 0.1880 0.4705 -0.8622
vn 0.3357 -0.3763 0.8635
vn -0.8559 -0.5172 0.0013
vn 0.0408 0.5031 -0.8632
vn -0.4852 -0.1337 0.8641
vn -0.0094 0.5059 -0.8625
vn -0.8560 -0.5169 -0.0012
vn -0.9036 -0.4282 0.0098
vn -0.9115 0.4114 0.0025
vn -0.9042 -0.4271 -0.0004
vn 0.0471 0.4947 -0.8678
vn -0.9425 -0.3341 0.0025
vn -0.0120 0.4956 -0.8685
vn -0.9422 -0.3349 0.0094
vn -0.0755 0.4922 -0.8672
vn 0.4876 -0.1299 0.8634
vn -0.1320 0.4773 -0.8687
vn -0.9714 -0.2375 -0.0000
vn 0.4926 -0.0724 0.8673
vn 0.7071 0.7071 -0.0000
vn -0.9713 -0.2378 0.0018
vn -0.4978 0.0450 0.8661
vn -0.9905 -0.1375 -0.0060
vn 0.5036 0.0311 0.8634
vn 0.4466 0.2196 0.8674
vn -0.9904 -0.1383 -0.0000
vn 0.7062 -0.7080 0.0106
vn -0.9991 -0.0420 -0.0017
vn 0.4535 0.2195 0.8638
vn -0.9991 -0.0412 -0.0067
vn 0.3603 0.3390 -0.8690
vn 0.4370 0.2305 0.8694
vn 0.4312 0.2668 0.8619
vn 0.7064 0.7078 -0.0019
vn -0.2365 0.4369 -0.8678
vn -0.9989 0.0451 0.0094
vn -0.8560 0.5170 -0.0024
vn 0.4598 -0.1886 0.8677
vn -0.9989 0.0465 0.0019
vn 0.7873 0.6166 -0.0005
vn -0.2885 0.4006 -0.8696
vn 0.7154 -0.6987 -0.0053
vn -0.9920 0.1261 -0.0002
vn -0.4924 0.1176 -0.8624
vn -0.9920 0.1260 0.0007
vn 0.2450 0.4377 0.8651
vn 0.6430 -0.7659 -0.0055
vn -0.9781 0.2080 0.0064
vn 0.4313 0.2416 -0.8692
vn 0.1123 0.4930 0.8628
vn -0.9775 0.2105 -0.0103
vn 0.8554 0.5180 -0.0009
vn -0.4144 0.2718 -0.8686
vn 0.4210 0.2759 0.8641
vn -0.4453 0.2181 -0.8684
vn 0.3210 0.3826 -0.8664
vn 0.6430 -0.7659 -0.0056
vn 0.9120 0.4101 0.0022
vn 0.2748 0.4120 -0.8688
vn -0.4414 -0.2233 0.8691
vn 0.9118 0.4106 0.0011
vn 0.3838 0.3246 0.8645
vn 0.3458 0.3705 0.8621
vn 0.9548 0.2973 0.0016
vn -0.7873 0.6166 0.0017
vn 0.6295 -0.7770 -0.0026
vn 0.5649 -0.8252 -0.0000
vn 0.9835 0.1809 0.0005
vn -0.4577 -0.1865 -0.8693
vn -0.4339 -0.2417 -0.8680
vn 0.9836 0.1806 0.0010
vn -0.5028 0.0328 -0.8638
vn 0.2389 0.4383 0.8665
vn 0.1873 0.4642 0.8657
vn -0.3979 -0.2924 -0.8696
vn -0.0415 0.5042 -0.8626
vn -0.4668 0.1985 0.8618
vn -0.2742 -0.4119 -0.8690
vn 0.5642 -0.8256 -0.0059
vn -0.2310 -0.4469 0.8642
vn -0.1638 -0.4678 -0.8685
vn 0.0178 0.5045 0.8632
vn -0.1042 -0.4831 -0.8693
vn -0.5022 -0.0549 -0.8630
vn -0.7064 0.7078 0.0019
vn -0.0477 0.4949 0.8677
vn 0.4774 -0.8787 -0.0000
vn -0.6165 0.7873 0.0005
vn 0.4817 -0.1327 0.8662
vn -0.6167 0.7872 -0.0000
vn 0.1852 0.4745 0.8605
vn -0.4823 -0.1248 -0.8671
vn -0.5180 0.8554 -0.0014
vn -0.2217 0.4424 0.8690
vn -0.4968 -0.1057 -0.8614
vn -0.5170 0.8560 0.0009
vn -0.2765 0.4133 0.8676
vn 0.1778 0.4559 0.8721
vn -0.4821 -0.1556 -0.8622
vn -0.4102 0.9120 -0.0011
vn 0.4002 0.2978 0.8667
vn 0.3895 -0.9210 -0.0000
vn -0.3306 -0.3796 0.8641
vn -0.4103 0.9120 -0.0011
vn -0.4689 0.1616 -0.8683
vn -0.4297 0.2734 0.8606
vn -0.4562 0.2201 0.8622
vn -0.4632 -0.2009 -0.8632
vn -0.2985 0.9544 -0.0008
vn -0.4013 0.2933 0.8677
vn -0.4305 0.2403 0.8700
vn -0.4129 -0.2804 -0.8665
vn -0.4920 0.0494 -0.8692
vn -0.4383 -0.2474 -0.8641
vn -0.4990 -0.0126 -0.8665
vn 0.2933 -0.9560 -0.0000
vn -0.5003 0.0879 0.8614
vn -0.4822 0.1327 0.8660
vn 0.6301 -0.7765 0.0029
vn -0.1795 0.9838 -0.0005
vn -0.5092 0.0401 0.8597
vn -0.4888 0.0699 0.8696
vn -0.4961 -0.0513 0.8667
vn -0.5020 0.0300 -0.8644
vn -0.0615 0.9981 -0.0002
vn -0.4853 -0.1067 0.8678
vn -0.2965 -0.4065 0.8642
vn -0.4314 -0.2413 -0.8693
vn -0.4733 -0.1641 0.8655
vn -0.3840 -0.3177 -0.8670
vn -0.4010 -0.2983 -0.8662
vn 0.1995 -0.9799 0.0015
vn 0.0602 0.9982 0.0002
vn -0.4744 0.1502 -0.8674
vn -0.3604 -0.3391 -0.8690
vn 0.4941 -0.0702 0.8665
vn -0.3811 -0.3339 -0.8621
vn -0.4511 -0.2218 0.8645
vn 0.1507 0.4745 0.8673
vn 0.1993 -0.9799 -0.0000
vn 0.3981 0.2928 -0.8694
vn 0.1807 0.9835 0.0005
vn -0.2099 -0.4587 -0.8634
vn -0.3027 -0.4009 0.8647
vn 0.2974 0.9548 0.0008
vn 0.0990 -0.9951 -0.0000
vn -0.3316 0.9434 -0.0016
vn -0.4767 0.1733 -0.8618
vn 0.0991 -0.9951 0.0007
vn -0.2378 -0.4358 0.8681
vn -0.0010 -1.0000 -0.0072
vn 0.4103 0.9120 0.0011
vn 0.1561 0.4766 0.8652
vn 0.4102 0.9120 0.0011
vn -0.4950 -0.0109 0.8688
vn -0.1959 -0.4670 -0.8623
vn -0.0993 -0.9951 -0.0000
vn 0.4931 0.0507 0.8685
vn -0.0995 -0.9950 -0.0022
vn 0.5170 0.8560 -0.0009
vn -0.0744 0.4906 -0.8682
vn -0.2006 -0.9797 -0.0015
vn -0.2004 -0.9797 -0.0000
vn 0.4853 0.1067 0.8678
vn -0.7868 0.6172 -0.0022
vn -0.2932 -0.9561 -0.0021
vn 0.0396 -0.4972 -0.8667
vn 0.0341 -0.5012 -0.8647
vn 0.0784 -0.4978 -0.8637
vn -0.2932 -0.9560 -0.0022
vn -0.1323 0.4794 -0.8676
vn 0.1239 -0.4894 -0.8632
vn -0.3884 -0.9215 -0.0000
vn -0.3888 -0.9213 -0.0028
vn -0.4784 -0.8781 -0.0000
vn 0.1542 -0.4794 0.8639
vn 0.1979 -0.4563 -0.8676
vn 0.1723 -0.4761 -0.8624
vn 0.5181 0.8553 0.0014
vn -0.5641 -0.8257 0.0019
vn 0.2178 -0.4569 -0.8625
vn 0.3067 -0.4016 -0.8630
vn 0.2630 -0.4330 -0.8622
vn -0.5643 -0.8256 -0.0000
vn -0.6434 -0.7655 -0.0047
vn 0.5478 -0.8366 0.0004
vn -0.6428 -0.7660 0.0009
vn 0.2873 -0.4064 0.8673
vn -0.7153 -0.6988 -0.0001
vn -0.1855 0.4593 -0.8687
vn 0.3246 -0.3843 0.8643
vn 0.4619 -0.1837 0.8677
vn 0.4313 -0.2450 -0.8683
vn 0.4282 -0.2675 -0.8632
vn -0.7066 0.7076 -0.0039
vn -0.7810 -0.6245 0.0046
vn 0.3575 -0.3552 0.8637
vn -0.7814 -0.6240 -0.0012
vn -0.8404 -0.5420 -0.0000
vn -0.2044 0.4610 -0.8636
vn -0.8401 -0.5425 0.0040
vn 0.5045 -0.0423 -0.8624
vn 0.3634 -0.3396 0.8675
vn 0.3867 -0.3270 0.8623
vn -0.8901 -0.4558 -0.0000
vn -0.9307 -0.3657 -0.0000
vn -0.2377 0.4363 -0.8678
vn 0.4120 -0.2904 0.8637
vn 0.6173 0.7867 -0.0005
vn 0.4377 -0.2523 0.8630
vn -0.4977 -0.0544 0.8657
vn 0.4839 0.1456 -0.8629
vn 0.5483 -0.8363 0.0045
vn -0.5905 0.8070 -0.0045
vn 0.4703 0.1880 -0.8622
vn 0.4603 -0.2095 0.8627
vn -0.9626 -0.2708 -0.0071
vn -0.9624 -0.2717 -0.0000
vn 0.4235 0.2798 -0.8616
vn 0.4493 0.2343 -0.8621
vn 0.3922 0.3195 -0.8626
vn -0.9847 -0.1740 0.0012
vn 0.4297 0.2547 0.8663
vn -0.9849 -0.1729 -0.0073
vn 0.3547 0.3568 -0.8642
vn -0.2928 0.4092 -0.8642
vn 0.3982 0.3006 0.8667
vn -0.6290 -0.7774 0.0043
vn -0.5466 -0.8374 -0.0000
vn -0.9973 -0.0736 0.0005
vn -0.3676 -0.9300 -0.0009
vn 0.4806 -0.1644 0.8614
vn -0.0667 -0.9977 -0.0098
vn 0.4766 -0.1347 0.8688
vn 0.3334 -0.9427 -0.0092
vn 0.2888 0.4054 -0.8673
vn 0.3211 0.3893 -0.8634
vn 0.2533 0.4272 -0.8680
vn 0.4919 -0.1160 0.8629
vn 0.9089 -0.4169 0.0073
vn -0.9924 0.1232 -0.0009
vn -0.3190 0.3915 -0.8631
vn 0.2387 0.4470 -0.8621
vn 0.2468 0.4412 0.8628
vn 0.4848 -0.0814 0.8708
vn 0.1900 0.4696 -0.8622
vn -0.9742 0.2257 -0.0044
vn -0.9743 0.2253 -0.0016
vn 0.5480 0.8365 0.0033
vn 0.0896 0.4946 -0.8645
vn 0.3767 0.9263 -0.0000
vn 0.4975 -0.0645 0.8651
vn 0.0468 0.4979 -0.8660
vn 0.5004 -0.0130 0.8657
vn -0.9477 0.3192 -0.0068
vn -0.9480 0.3183 0.0001
vn -0.3381 0.3602 -0.8694
vn 0.7058 0.7084 -0.0019
vn -0.4920 -0.1024 0.8646
vn 0.5009 0.0262 0.8651
vn -0.3810 0.3224 -0.8666
vn -0.9118 0.4107 -0.0030
vn 0.7065 0.7077 -0.0000
vn 0.4393 0.2619 0.8593
vn -0.9118 0.4105 -0.0020
vn 0.4881 0.1199 0.8645
vn 0.4478 0.2197 0.8667
vn -0.4173 0.2729 -0.8668
vn -0.8668 0.4987 -0.0000
vn -0.8665 0.4992 -0.0036
vn 0.7879 0.6158 0.0022
vn 0.4057 0.3074 0.8608
vn -0.4452 0.2447 -0.8614
vn -0.4449 0.2170 -0.8689
vn 0.7867 0.6174 -0.0017
vn -0.8116 0.5842 -0.0000
vn 0.4161 0.2725 0.8675
vn -0.7077 0.7065 -0.0000
vn 0.3540 0.3430 0.8701
vn 0.4612 -0.8872 -0.0077
vn 0.8560 0.5170 0.0024
vn -0.7489 0.6626 -0.0000
vn 0.3325 0.3757 0.8650
vn -0.4860 0.1069 -0.8674
vn 0.2916 0.4110 0.8637
vn -0.6180 0.7862 0.0022
vn -0.9699 0.2434 -0.0071
vn 0.4629 -0.8864 0.0053
vn -0.6819 0.7314 -0.0000
vn 0.2016 0.4577 0.8660
vn 0.3646 0.3554 0.8607
vn 0.3781 0.3185 0.8693
vn 0.9113 0.4118 -0.0011
vn 0.1611 0.4744 0.8655
vn 0.1099 0.4911 0.8641
vn -0.6032 0.7976 -0.0000
vn 0.0619 0.4985 0.8647
vn 0.9120 0.4101 0.0025
vn 0.9551 0.2961 0.0018
vn -0.4760 -0.1318 -0.8695
vn 0.9548 0.2974 -0.0008
vn -0.6161 0.7877 -0.0039
vn -0.4625 -0.1878 -0.8665
vn 0.9833 0.1819 -0.0005
vn 0.5005 -0.0079 0.8657
vn 0.3241 0.3967 0.8588
vn 0.3401 0.3629 0.8675
vn 0.2717 0.4315 0.8602
vn 0.2898 0.4028 0.8682
vn 0.9836 0.1806 0.0022
vn -0.4784 -0.1478 0.8656
vn 0.9982 0.0602 -0.0002
vn -0.4955 -0.0575 -0.8667
vn -0.5050 -0.0196 -0.8629
vn -0.2220 -0.4418 -0.8692
vn 0.9982 -0.0603 0.0002
vn 0.2376 0.4352 0.8684
vn -0.1650 -0.4683 -0.8680
vn 0.9835 -0.1807 -0.0000
vn 0.1628 0.4837 0.8600
vn 0.1861 0.4622 0.8671
vn 0.0743 0.4920 0.8674
vn -0.0804 -0.4989 -0.8629
vn -0.0473 -0.4931 -0.8687
vn 0.9548 -0.2974 0.0008
vn 0.3703 -0.9289 -0.0053
vn 0.0123 -0.4998 -0.8660
vn 0.9549 -0.2970 -0.0000
vn -0.4919 -0.1248 -0.8617
vn 0.0120 0.4965 0.8680
vn -0.5015 -0.0710 -0.8622
vn -0.0468 0.4933 0.8686
vn 0.3639 0.3397 -0.8673
vn -0.1069 0.4876 0.8665
vn 0.3711 -0.9286 0.0013
vn -0.1806 0.9835 -0.0000
vn -0.4768 -0.1704 -0.8624
vn -0.4649 -0.1962 0.8634
vn -0.0602 0.9982 -0.0000
vn -0.4560 -0.2169 -0.8631
vn -0.2742 0.4216 0.8643
vn -0.3220 0.3811 0.8666
vn -0.4461 0.2272 -0.8657
vn 0.0604 0.9982 0.0027
vn -0.3628 0.3403 0.8675
vn 0.2713 -0.9625 -0.0049
vn 0.0615 0.9981 -0.0000
vn 0.1807 0.9835 -0.0000
vn -0.4298 -0.2611 -0.8644
vn 0.1796 0.9837 0.0027
vn 0.3188 0.3786 -0.8689
vn 0.2985 0.9544 -0.0000
vn -0.4600 0.1883 0.8677
vn 0.2724 -0.9622 0.0042
vn -0.4502 -0.2369 0.8609
vn -0.4768 0.1319 0.8691
vn -0.5037 -0.0381 0.8630
vn 0.4092 0.9125 -0.0000
vn 0.1807 -0.9835 0.0032
vn -0.4024 -0.3039 -0.8636
vn -0.4961 -0.0018 0.8683
vn 0.4957 0.0512 0.8670
vn 0.5180 0.8554 -0.0000
vn -0.4760 -0.1320 -0.8695
vn -0.3714 -0.3434 -0.8626
vn -0.3856 -0.3255 0.8634
vn -0.4988 -0.0519 0.8651
vn 0.1801 -0.9837 -0.0007
vn -0.1316 0.4869 0.8635
vn -0.3499 -0.3605 0.8646
vn 0.6168 0.7871 0.0017
vn 0.0988 -0.9951 0.0015
vn -0.3372 -0.3784 -0.8621
vn 0.2749 0.4121 -0.8687
vn -0.0568 0.5003 0.8640
vn 0.6173 0.7867 -0.0000
vn -0.3961 -0.3147 0.8626
vn -0.4171 -0.2734 0.8668
vn -0.2810 -0.4101 -0.8677
vn -0.3020 -0.4085 -0.8614
vn -0.9546 0.2977 0.0008
vn -0.3240 -0.3969 0.8588
vn -0.3398 -0.3625 0.8678
vn -0.2583 -0.4326 -0.8638
vn -0.2605 -0.4197 0.8695
vn -0.2694 -0.4344 0.8595
vn -0.2893 -0.4019 0.8688
vn 0.0995 -0.9950 0.0051
vn -0.2141 -0.4644 0.8593
vn -0.2379 -0.4361 0.8679
vn -0.1630 -0.4824 0.8606
vn -0.1860 -0.4618 0.8672
vn -0.1630 -0.4749 -0.8648
vn -0.2093 -0.4553 -0.8654
vn 0.0257 -0.9997 -0.0015
vn 0.0271 -0.9996 0.0057
vn -0.4792 0.1462 -0.8655
vn -0.0481 -0.9988 -0.0007
vn -0.1133 -0.4926 -0.8629
vn -0.2226 -0.4483 0.8657
vn -0.0474 -0.9989 0.0028
vn -0.2071 -0.4448 0.8714
vn -0.1357 -0.9907 -0.0026
vn 0.0648 -0.5000 0.8636
vn 0.2233 0.4434 -0.8681
vn 0.1354 -0.4829 -0.8651
vn -0.1357 -0.9908 -0.0020
vn -0.2347 -0.9721 -0.0007
vn 0.2128 -0.4501 -0.8672
vn 0.1788 -0.4707 -0.8640
vn -0.2338 -0.9723 0.0064
vn -0.3280 -0.9446 -0.0103
vn -0.9040 0.4275 -0.0000
vn -0.4931 -0.0513 0.8685
vn -0.3255 -0.9455 0.0079
vn 0.2682 -0.4294 -0.8624
vn 0.7884 0.6152 -0.0000
vn 0.0147 -0.5025 0.8644
vn -0.4159 -0.9094 -0.0096
vn 0.3144 -0.3972 -0.8622
vn 0.1640 0.4682 -0.8683
vn -0.4922 0.1003 -0.8647
vn -0.4149 -0.9098 -0.0028
vn 0.3526 -0.3640 -0.8621
vn -0.5006 -0.8657 -0.0048
vn 0.4743 0.1648 0.8648
vn -0.5000 -0.8660 -0.0004
vn 0.1127 -0.4908 0.8640
vn -0.5831 -0.8124 -0.0015
vn -0.8575 0.5145 -0.0000
vn 0.1628 -0.4777 0.8633
vn -0.5826 -0.8127 0.0025
vn -0.6638 -0.7479 -0.0007
vn -0.6632 -0.7485 0.0059
vn 0.1968 -0.4544 0.8688
vn -0.7369 -0.6760 -0.0023
vn 0.2103 -0.4560 0.8648
vn -0.7359 -0.6770 0.0093
vn 0.4975 -0.0204 -0.8673
vn -0.8013 -0.5982 -0.0057
vn 0.5062 0.0450 -0.8612
vn 0.1049 0.4835 -0.8690
vn 0.2235 0.4427 -0.8684
vn -0.8006 -0.5992 0.0045
vn 0.2558 -0.4291 0.8663
vn 0.4644 0.1962 -0.8636
vn 0.5010 0.0307 0.8649
vn -0.8585 -0.5127 -0.0085
vn 0.4852 0.1116 -0.8673
vn 0.4962 0.0987 -0.8626
vn 0.8554 0.5180 -0.0000
vn -0.8579 -0.5139 0.0013
vn 0.2974 -0.4040 0.8650
vn -0.4964 -0.0859 0.8638
vn -0.9057 -0.4237 -0.0112
vn -0.0139 0.4943 -0.8692
vn 0.4459 0.2191 0.8678
vn 0.4192 0.2693 -0.8671
vn -0.0385 0.5038 -0.8629
vn 0.3938 0.3048 -0.8672
vn 0.4189 0.2850 -0.8621
vn -0.9052 -0.4249 -0.0015
vn -0.9433 -0.3320 -0.0036
vn -0.1888 -0.4588 0.8682
vn -0.0750 0.4901 -0.8684
vn 0.3021 0.3951 -0.8675
vn 0.3206 0.3921 -0.8622
vn 0.2340 0.4442 -0.8648
vn 0.2757 0.4155 -0.8668
vn 0.1836 0.4660 -0.8655
vn 0.4760 -0.1719 0.8625
vn -0.4965 0.0203 -0.8678
vn -0.8032 0.5956 -0.0000
vn -0.9721 -0.2345 -0.0046
vn 0.4880 -0.1224 0.8642
vn -0.9718 -0.2356 0.0041
vn -0.1317 0.4791 -0.8678
vn 0.1377 0.4827 -0.8649
vn -0.8032 0.5957 -0.0000
vn -0.9909 -0.1345 -0.0044
vn 0.9118 0.4107 -0.0000
vn -0.7415 0.6709 0.0050
vn 0.4190 0.2732 0.8659
vn -0.7411 0.6714 -0.0000
vn 0.0889 0.4968 -0.8633
vn -0.6714 0.7411 -0.0000
vn -0.1855 0.4581 -0.8694
vn 0.4967 -0.0182 0.8678
vn -0.9908 -0.1356 0.0036
vn -0.6172 0.7868 0.0022
vn -0.2068 0.4596 -0.8637
vn -0.2368 0.4361 -0.8682
vn 0.9548 0.2973 -0.0000
vn -0.5014 0.0530 -0.8636
vn -0.9994 -0.0350 -0.0039
vn 0.4876 -0.0740 0.8699
vn 0.4732 0.1720 0.8640
vn -0.2929 0.4083 -0.8646
vn 0.3814 0.3220 0.8665
vn -0.3204 0.3902 -0.8632
vn -0.3384 0.3613 -0.8689
vn -0.9993 -0.0361 0.0040
vn -0.4619 0.1859 -0.8673
vn 0.3321 0.3782 0.8641
vn 0.1830 0.4696 -0.8637
vn -0.3768 0.3151 -0.8710
vn -0.9978 0.0664 -0.0086
vn 0.2875 0.4053 0.8678
vn -0.9979 0.0642 0.0071
vn -0.9857 0.1686 -0.0068
vn 0.2455 0.4381 0.8648
vn 0.1628 0.4669 -0.8692
vn -0.4964 -0.0262 -0.8677
vn -0.9858 0.1676 0.0003
vn -0.5171 0.8559 -0.0000
vn -0.9638 0.2667 -0.0048
vn -0.6719 0.7406 0.0055
vn -0.4679 0.1608 -0.8691
vn -0.5957 0.8032 -0.0000
vn -0.4837 0.1443 -0.8633
vn -0.4854 0.1062 -0.8678
vn -0.5068 0.0029 -0.8621
vn -0.4825 -0.1008 0.8701
vn -0.4935 0.0501 -0.8683
vn -0.4952 -0.1035 -0.8626
vn -0.4931 -0.0074 -0.8700
vn -0.5161 0.8565 0.0024
vn 0.0470 0.4945 -0.8679
vn -0.4921 -0.0711 -0.8676
vn -0.4102 0.9120 -0.0000
vn -0.9116 0.4110 -0.0000
vn 0.2435 -0.9699 0.0072
vn 0.1327 0.4820 0.8660
vn 0.9548 -0.2971 -0.0043
vn -0.4807 -0.1526 -0.8635
vn -0.4850 -0.1322 0.8645
vn 0.9554 -0.2954 -0.0000
vn 0.1424 0.4850 -0.8628
vn -0.0180 0.4955 0.8684
vn 0.9120 -0.4102 -0.0000
vn 0.2425 -0.9701 -0.0000
vn 0.9130 -0.4080 0.0060
vn -0.0106 0.4970 0.8677
vn -0.0477 0.4948 0.8677
vn -0.1971 0.4609 -0.8653
vn 0.1467 -0.9892 0.0073
vn -0.2365 0.4356 -0.8685
vn 0.8555 -0.5177 0.0048
vn -0.2221 -0.4414 -0.8694
vn -0.4599 -0.2013 -0.8648
vn -0.5326 -0.1681 0.8295
vn 0.8546 -0.5193 -0.0000
vn -0.1063 0.4858 0.8676
vn -0.4721 -0.1792 0.8631
vn 0.7880 -0.6156 -0.0018
vn -0.1056 -0.4856 -0.8678
vn -0.4370 -0.2469 -0.8649
vn -0.1648 0.4711 0.8665
vn 0.7864 -0.6177 -0.0085
vn 0.1057 0.4840 -0.8686
vn -0.2068 0.4664 0.8601
vn -0.4446 -0.2253 0.8669
vn -0.2757 0.4123 0.8684
vn -0.4190 -0.2697 0.8670
vn -0.3208 0.3799 0.8676
vn -0.4132 0.2715 -0.8692
vn -0.0490 -0.9988 -0.0000
vn -0.5745 -0.1131 0.8107
vn -0.2966 0.9550 -0.0048
vn -0.4099 -0.2881 -0.8654
vn -0.5026 -0.2372 0.8313
vn -0.1805 0.9836 0.0026
vn -0.1795 0.9838 -0.0000
vn -0.4667 0.1925 0.8632
vn -0.4407 0.2446 0.8637
vn -0.4858 0.1428 0.8623
vn -0.3935 -0.3127 0.8645
vn 0.4037 0.2947 -0.8661
vn -0.1470 -0.9891 -0.0000
vn 0.0603 0.9982 0.0002
vn -0.4933 0.0071 0.8698
vn 0.0556 0.4987 -0.8650
vn -0.9120 0.4101 -0.0019
vn 0.4585 -0.1887 0.8684
vn -0.3225 -0.3885 0.8631
vn -0.4849 -0.1560 0.8606
vn -0.2413 -0.9704 -0.0000
vn -0.4575 -0.2215 0.8612
vn -0.2422 -0.9702 -0.0072
vn -0.4206 -0.2789 0.8633
vn -0.3479 -0.3672 -0.8626
vn -0.3110 -0.3994 -0.8624
vn 0.4113 0.9115 0.0012
vn -0.3850 -0.3246 0.8639
vn -0.3369 -0.9415 0.0068
vn 0.4113 0.9115 0.0011
vn -0.3408 -0.3653 0.8663
vn -0.2242 -0.4529 -0.8629
vn 0.5165 0.8563 -0.0000
vn 0.5171 0.8559 0.0014
vn -0.5616 -0.1775 0.8082
vn -0.0122 0.4944 -0.8691
vn -0.3378 -0.9412 -0.0000
vn -0.2377 -0.4388 0.8666
vn -0.9083 0.4183 0.0010
vn -0.1868 -0.4627 0.8666
vn 0.6158 0.7879 -0.0039
vn -0.1775 -0.4716 -0.8638
vn 0.4893 -0.1337 0.8618
vn -0.1323 -0.4794 0.8676
vn -0.1924 -0.4612 0.8662
vn -0.7867 0.6174 0.0017
vn -0.5135 0.8581 -0.0000
vn -0.1295 -0.4837 -0.8656
vn -0.1512 -0.4761 0.8663
vn -0.4261 -0.9046 0.0065
vn 0.7077 0.7065 -0.0000
vn -0.0826 -0.4969 -0.8639
vn -0.0765 0.4931 -0.8666
vn -0.5150 -0.8572 -0.0036
vn 0.5028 -0.0151 0.8643
vn 0.4977 -0.0702 0.8645
vn 0.7063 0.7079 -0.0039
vn 0.2156 -0.4559 -0.8635
vn -0.4280 0.9038 -0.0000
vn -0.1319 0.4769 -0.8690
vn 0.2916 -0.4110 0.8637
vn -0.5961 -0.8029 -0.0042
vn 0.3805 -0.3327 -0.8629
vn -0.9446 0.3281 -0.0061
vn -0.6715 -0.7410 -0.0000
vn -0.7879 0.6158 -0.0022
vn 0.7872 0.6167 -0.0005
vn 0.0554 -0.4997 0.8644
vn 0.4107 -0.2912 -0.8640
vn -0.7399 -0.6727 0.0040
vn -0.7402 -0.6724 -0.0000
vn 0.4388 -0.2494 -0.8633
vn -0.8015 -0.5980 0.0058
vn 0.4833 -0.1532 -0.8620
vn 0.3603 0.3390 -0.8691
vn -0.8026 -0.5964 -0.0096
vn 0.7873 0.6165 -0.0000
vn -0.8585 -0.5128 -0.0061
vn 0.4949 -0.1080 -0.8622
vn -0.9980 -0.0638 0.0026
vn 0.5015 -0.0623 -0.8629
vn 0.2283 -0.4354 0.8708
vn -0.8576 -0.5143 0.0063
vn 0.2492 -0.4364 0.8645
vn -0.9044 -0.4267 -0.0000
vn 0.5036 -0.0149 -0.8638
vn 0.3318 -0.3798 0.8635
vn 0.4691 0.1634 -0.8679
vn 0.4965 0.0911 -0.8632
vn -0.9043 -0.4269 0.0018
vn 0.4865 0.1417 -0.8621
vn 0.4819 0.0921 0.8714
vn 0.4522 0.2048 -0.8681
vn 0.4698 0.1896 -0.8622
vn 0.4336 0.2440 -0.8675
vn 0.4473 0.2355 -0.8628
vn 0.4538 -0.2206 0.8634
vn 0.3886 0.3236 -0.8627
vn 0.4696 0.1623 0.8678
vn 0.4701 -0.1739 0.8653
vn 0.3566 0.3606 -0.8619
vn 0.2934 0.4009 -0.8679
vn 0.3205 0.3924 -0.8621
vn -0.9988 -0.0490 -0.0003
vn -0.9988 -0.0490 -0.0000
vn -0.4867 -0.0868 0.8692
vn 0.2898 0.4148 0.8625
vn -0.3794 0.3171 -0.8692
vn -0.6173 0.7868 0.0022
vn 0.2366 0.4476 -0.8624
vn -0.3367 0.9416 -0.0000
vn 0.4435 0.2176 0.8694
vn 0.9120 0.4101 0.0011
vn -0.4976 0.0851 -0.8632
vn 0.1854 0.4677 -0.8642
vn -0.9725 0.2326 -0.0081
vn 0.5032 -0.0263 0.8638
vn 0.0874 0.4987 -0.8624
vn 0.9548 0.2974 -0.0000
vn 0.5064 0.0253 0.8619
vn -0.4461 0.2186 -0.8678
vn 0.4984 0.0730 0.8639
vn 0.4885 0.1222 0.8639
vn 0.4166 0.2723 0.8673
vn -0.9892 0.1460 0.0083
vn 0.4584 0.1880 0.8686
vn 0.4580 0.2189 0.8616
vn 0.4346 0.2374 0.8688
vn 0.4305 0.2644 0.8630
vn -0.4835 0.1457 -0.8631
vn 0.4002 0.3060 0.8638
vn -0.4858 0.1063 -0.8676
vn -0.9891 0.1472 -0.0000
vn -0.2438 0.9698 -0.0000
vn 0.3680 0.3417 0.8647
vn -0.4934 0.0501 -0.8684
vn -0.9907 0.1358 -0.0016
vn -0.9702 0.2424 -0.0036
vn 0.3310 0.3788 0.8643
vn -0.2437 0.9698 -0.0000
vn -0.5042 0.0204 -0.8634
vn -0.4943 -0.0073 -0.8692
vn -0.9706 0.2407 0.0088
vn -0.9416 0.3368 -0.0000
vn 0.1557 0.4808 0.8629
vn -0.9417 0.3363 0.0040
vn 0.3808 0.3270 0.8649
vn -0.4908 -0.0958 0.8660
vn -0.4934 -0.0700 -0.8670
vn 0.1087 0.4918 0.8639
vn 0.0600 0.5021 0.8628
vn -0.5164 0.8563 0.0024
vn -0.4592 -0.1875 -0.8683
vn -0.1467 0.9892 0.0073
vn -0.4318 -0.2412 -0.8692
vn 0.9982 -0.0601 -0.0002
vn -0.5041 -0.0122 -0.8635
vn -0.4252 -0.2728 -0.8630
vn -0.4001 -0.2922 -0.8686
vn -0.9664 -0.2569 0.0058
vn -0.4992 -0.0684 -0.8638
vn -0.3648 -0.3428 -0.8657
vn 0.3423 0.3658 0.8655
vn -0.3423 -0.3713 -0.8631
vn -0.3176 -0.3769 -0.8701
vn 0.9836 -0.1804 -0.0005
vn 0.2205 0.4394 -0.8708
vn 0.4997 -0.1010 0.8603
vn -0.2774 -0.4143 -0.8669
vn 0.1637 0.4662 -0.8694
vn -0.2219 -0.4423 -0.8690
vn -0.9980 -0.0629 -0.0035
vn 0.3542 0.3600 -0.8631
vn -0.1953 -0.4664 -0.8628
vn -0.1632 -0.4670 -0.8691
vn -0.1064 -0.4885 -0.8661
vn -0.1458 0.9893 -0.0000
vn -0.4759 -0.1385 0.8685
vn 0.9547 -0.2977 -0.0000
vn 0.3210 0.3789 -0.8680
vn 0.0479 0.4955 -0.8673
vn -0.4118 0.9113 -0.0045
vn 0.1419 0.4838 0.8636
vn 0.1866 0.4639 0.8660
vn 0.0974 0.4985 0.8614
vn -0.4908 -0.1167 -0.8634
vn 0.0347 0.5086 0.8603
vn 0.0742 0.4886 0.8693
vn -0.9869 -0.1614 0.0026
vn -0.4628 -0.1871 0.8665
vn 0.0125 0.4981 0.8670
vn 0.4778 -0.1316 0.8686
vn -0.2996 0.9541 0.0008
vn -0.0500 0.9987 0.0074
vn -0.9835 0.1808 0.0032
vn -0.2979 0.9546 -0.0036
vn -0.2300 0.4448 0.8656
vn -0.4788 -0.1634 -0.8626
vn -0.9668 -0.2555 -0.0045
vn -0.1803 0.9836 0.0028
vn 0.8400 -0.5426 -0.0000
vn -0.4473 -0.2308 0.8641
vn -0.3200 0.3785 0.8686
vn -0.1811 0.9835 0.0011
vn -0.4607 -0.2093 -0.8625
vn -0.9370 -0.3494 -0.0033
vn -0.3607 0.3393 0.8688
vn -0.0596 0.9982 -0.0000
vn -0.0619 0.9981 -0.0045
vn 0.0616 0.9981 0.0027
vn -0.4093 -0.2966 -0.8629
vn -0.4373 0.2431 0.8659
vn -0.7936 -0.6085 0.0023
vn -0.5035 -0.0416 -0.8630
vn -0.8484 -0.5292 0.0077
vn -0.9838 0.1795 0.0005
vn -0.9038 0.4280 -0.0000
vn -0.4587 0.1885 0.8684
vn -0.3763 -0.3358 -0.8635
vn -0.4805 0.1326 0.8669
vn -0.4966 0.0089 0.8679
vn -0.4188 -0.2781 0.8645
vn 0.2778 0.4170 -0.8654
vn -0.4914 -0.1414 0.8594
vn -0.4873 -0.1076 0.8666
vn -0.3602 -0.3384 -0.8693
vn -0.3912 -0.3193 0.8631
vn -0.4011 -0.3103 0.8619
vn -0.4178 -0.2733 0.8664
vn -0.3400 -0.3628 0.8676
vn -0.3784 -0.3183 0.8692
vn 0.5090 0.0247 0.8604
vn 0.1808 0.9835 0.0027
vn 0.2989 0.9543 0.0008
vn -0.2896 -0.4032 0.8681
vn -0.8574 0.5146 0.0038
vn 0.4977 -0.0073 0.8673
vn -0.9554 0.2951 0.0034
vn -0.2369 -0.4335 0.8694
vn -0.7277 -0.6859 0.0022
vn -0.1860 -0.4619 0.8672
vn -0.3058 -0.3996 -0.8642
vn -0.3168 -0.3866 0.8661
vn 0.5164 0.8563 -0.0024
vn -0.2674 -0.4296 -0.8625
vn -0.5800 -0.8146 -0.0076
vn -0.2235 -0.4549 -0.8621
vn -0.2753 -0.4186 0.8654
vn 0.4926 0.0506 0.8688
vn -0.1250 -0.4898 -0.8628
vn -0.4952 -0.8688 0.0051
vn -0.0752 -0.4988 -0.8634
vn 0.6165 0.7874 -0.0022
vn -0.3810 0.3283 0.8643
vn -0.0261 -0.4984 -0.8665
vn 0.4896 0.1081 0.8652
vn -0.4700 0.1610 -0.8679
vn 0.0071 -0.5028 -0.8644
vn -0.4069 -0.9135 0.0016
vn 0.4732 0.1640 0.8655
vn -0.2076 -0.4461 0.8706
vn -0.4526 0.2288 -0.8619
vn -0.3145 -0.9493 0.0045
vn -0.1443 -0.4811 0.8647
vn 0.7878 0.6159 -0.0000
vn 0.0513 -0.5030 -0.8627
vn 0.0989 -0.4909 -0.8656
vn -0.9545 0.2983 -0.0044
vn -0.2193 -0.9757 -0.0007
vn 0.1837 -0.4646 -0.8662
vn 0.1449 -0.4797 -0.8654
vn 0.2220 -0.4471 -0.8665
vn 0.1918 -0.4670 -0.8632
vn 0.3187 -0.9477 -0.0157
vn 0.4951 -0.8688 0.0094
vn 0.4988 -0.8667 -0.0091
vn -0.0558 -0.9984 -0.0069
vn -0.1655 0.4765 -0.8635
vn 0.6583 -0.7528 -0.0050
vn 0.3604 -0.3569 -0.8618
vn 0.3212 -0.3918 -0.8621
vn 0.3878 -0.3165 -0.8657
vn -0.1856 0.4582 -0.8693
vn 0.8559 0.5171 -0.0000
vn 0.4473 0.2194 0.8671
vn 0.4472 -0.2373 -0.8624
vn -0.9120 0.4101 0.0016
vn -0.2368 0.4362 -0.8681
vn 0.4699 -0.1899 -0.8620
vn 0.1251 -0.4897 0.8629
vn 0.8950 -0.4460 0.0100
vn 0.8969 -0.4422 -0.0089
vn 0.4863 -0.1435 -0.8619
vn 0.3145 -0.9492 0.0043
vn 0.9352 -0.3539 0.0090
vn 0.9369 -0.3495 -0.0128
vn 0.4968 -0.0960 -0.8625
vn -0.4721 0.1826 -0.8625
vn 0.4899 -0.1182 0.8637
vn 0.9667 -0.2557 -0.0111
vn -0.2898 0.4038 -0.8677
vn 0.9120 0.4102 -0.0000
vn 0.5026 -0.0489 -0.8631
vn 0.1708 -0.4741 0.8637
vn 0.5021 -0.0005 -0.8648
vn 0.4059 0.3029 0.8623
vn 0.9980 -0.0626 -0.0083
vn -0.3382 0.3603 -0.8694
vn 0.5015 0.0523 -0.8636
vn 0.9992 0.0386 -0.0076
vn 0.9907 0.1359 -0.0061
vn 0.4836 0.1534 -0.8617
vn 0.4144 0.2700 0.8691
vn 0.4286 0.2539 -0.8671
vn 0.4429 0.2448 -0.8625
vn 0.9066 0.4218 -0.0122
vn -0.4784 0.1332 0.8680
vn 0.3766 0.3325 0.8646
vn 0.4106 0.2845 -0.8663
vn -0.4135 0.2707 -0.8693
vn 0.3505 0.3571 -0.8658
vn 0.7270 -0.6866 0.0097
vn 0.7443 0.6678 -0.0080
vn 0.3684 0.3475 0.8623
vn 0.3781 -0.3393 0.8613
vn 0.3791 0.3196 0.8684
vn 0.5179 0.8554 -0.0054
vn 0.2377 0.4533 -0.8591
vn 0.7900 -0.6129 0.0185
vn 0.4302 0.9027 -0.0031
vn 0.1859 0.4716 -0.8620
vn 0.8464 -0.5324 0.0112
vn 0.4745 -0.1639 0.8649
vn 0.9660 -0.2587 0.0027
vn 0.3366 0.9416 -0.0110
vn -0.4608 0.2066 -0.8631
vn 0.2419 0.9702 -0.0145
vn 0.9872 -0.1594 -0.0075
vn 0.0872 0.4979 -0.8628
vn 0.0061 0.4976 -0.8674
vn 0.0402 0.5044 -0.8625
vn 0.1470 0.9891 -0.0057
vn 0.9868 -0.1619 0.0041
vn 0.9911 0.1327 0.0085
vn -0.8564 0.5163 0.0004
vn 0.9724 0.2333 -0.0032
vn 0.9835 0.1809 -0.0005
vn -0.4731 0.1622 -0.8659
vn 0.9730 0.2304 0.0103
vn 0.9457 0.3249 0.0108
vn 0.4716 0.1764 0.8640
vn 0.9983 0.0586 0.0069
vn 0.9086 0.4176 0.0080
vn 0.4511 0.2213 0.8646
vn -0.4892 -0.0693 -0.8694
vn 0.8635 0.5043 0.0064
vn 0.7471 0.6646 0.0117
vn 0.9981 0.0622 -0.0002
vn -0.5005 0.0413 -0.8647
vn -0.4576 -0.1882 -0.8690
vn 0.2882 0.4001 0.8700
vn 0.6736 0.7390 -0.0130
vn 0.6768 0.7362 0.0062
vn 0.2469 0.4432 0.8618
vn 0.9983 -0.0589 0.0002
vn 0.9983 -0.0582 -0.0013
vn 0.1324 0.4797 0.8674
vn 0.3418 0.9397 0.0135
vn -0.4003 -0.2933 -0.8682
vn 0.2463 0.9692 0.0065
vn -0.8576 0.5143 0.0063
vn 0.1488 0.9889 0.0029
vn 0.9836 -0.1806 -0.0022
vn -0.7872 0.6167 -0.0000
vn 0.0743 0.4918 0.8675
vn 0.9833 -0.1819 0.0005
vn 0.7156 -0.6985 -0.0104
vn 0.9546 -0.2978 0.0016
vn 0.9552 -0.2961 -0.0018
vn -0.2586 -0.4332 -0.8634
vn -0.2233 -0.4411 -0.8692
vn 0.9119 -0.4103 0.0023
vn -0.0474 -0.4964 -0.8668
vn -0.2371 0.4332 -0.8695
vn -0.0081 -0.5047 -0.8633
vn 0.0122 -0.4944 -0.8691
vn 0.9119 -0.4103 0.0022
vn -0.7072 0.7070 -0.0019
vn 0.7166 -0.6975 -0.0000
vn -0.0487 0.4962 0.8668
vn -0.5040 -0.0065 -0.8637
vn -0.1456 0.4909 0.8590
vn -0.1059 0.4859 0.8676
vn -0.2082 0.4675 0.8591
vn -0.1643 0.4687 0.8679
vn -0.4886 -0.0904 -0.8678
vn -0.2587 0.4385 0.8607
vn -0.2234 0.4441 0.8677
vn -0.5171 0.8559 -0.0014
vn -0.5030 -0.0592 -0.8623
vn 0.6435 -0.7654 -0.0000
vn -0.5165 0.8563 -0.0000
vn -0.3209 0.3801 0.8675
vn 0.6424 -0.7663 -0.0104
vn -0.4169 0.2738 -0.8667
vn -0.4936 -0.1094 -0.8628
vn -0.4107 0.9118 -0.0011
vn -0.4669 -0.1722 -0.8674
vn -0.4807 -0.1580 -0.8625
vn 0.4950 -0.0084 0.8689
vn 0.5639 -0.8258 0.0039
vn -0.4007 0.3070 -0.8633
vn -0.4812 0.1326 0.8665
vn -0.1789 0.9839 0.0039
vn -0.4963 0.0082 0.8681
vn 0.5635 -0.8261 -0.0000
vn -0.4948 -0.0997 -0.8632
vn -0.1809 0.9835 -0.0000
vn -0.8571 0.5151 -0.0024
vn -0.0628 0.9980 0.0024
vn -0.4932 -0.0507 0.8685
vn -0.4931 0.1106 0.8629
vn -0.0652 0.9979 -0.0021
vn -0.4856 -0.1060 0.8677
vn -0.4120 -0.2882 -0.8644
vn 0.4928 0.0506 0.8686
vn 0.0582 0.9983 -0.0000
vn -0.4507 -0.2289 0.8628
vn 0.4784 -0.8782 -0.0000
vn 0.0571 0.9984 -0.0022
vn -0.3143 -0.3966 -0.8625
vn 0.1804 0.9836 -0.0005
vn -0.3850 -0.3207 0.8654
vn 0.4757 0.1319 -0.8697
vn -0.7851 0.6194 0.0059
vn -0.8028 0.5963 -0.0000
vn 0.2972 0.9548 -0.0026
vn 0.4788 -0.8779 0.0033
vn -0.8031 0.5958 0.0043
vn -0.4300 0.2663 -0.8627
vn 0.2981 0.9545 -0.0008
vn -0.1998 -0.4642 -0.8629
vn -0.2904 -0.4040 0.8674
vn -0.3019 -0.3861 0.8717
vn -0.7878 0.6160 -0.0027
vn -0.7417 0.6707 -0.0000
vn 0.4091 0.9125 -0.0025
vn -0.2365 -0.4340 0.8693
vn 0.3884 -0.9215 -0.0000
vn -0.1587 -0.4844 0.8603
vn -0.2756 -0.4239 -0.8627
vn -0.4871 0.0873 0.8690
vn -0.1859 -0.4594 0.8686
vn -0.0984 -0.5022 0.8591
vn -0.1321 -0.4783 0.8682
vn -0.2335 -0.4491 -0.8624
vn -0.5022 0.0580 0.8628
vn 0.2936 -0.9559 0.0022
vn -0.6721 0.7405 -0.0000
vn 0.3638 0.3414 -0.8666
vn -0.4630 0.1660 0.8707
vn -0.5030 0.0066 0.8643
vn -0.7065 0.7078 -0.0000
vn -0.0869 -0.4973 -0.8632
vn -0.0405 -0.5031 -0.8633
vn 0.0109 -0.5054 -0.8628
vn 0.1983 -0.9801 0.0015
vn 0.3193 0.3785 -0.8688
vn 0.0838 -0.4906 -0.8673
vn 0.0632 -0.5028 -0.8621
vn 0.1003 -0.9950 -0.0000
vn 0.1566 -0.4816 -0.8623
vn 0.4710 0.1630 0.8669
vn -0.0010 -1.0000 -0.0073
vn -0.4897 0.1266 -0.8626
vn -0.0991 -0.9951 -0.0000
vn -0.4692 -0.1796 0.8646
vn 0.2758 0.4132 -0.8679
vn 0.4433 0.2178 0.8695
vn 0.2436 -0.4408 -0.8639
vn 0.2286 -0.4385 0.8692
vn 0.7072 0.7070 0.0019
vn -0.4807 0.1473 0.8644
vn -0.1001 -0.9950 -0.0073
vn 0.2867 -0.4161 -0.8629
vn -0.1981 -0.9802 -0.0000
vn -0.3643 -0.3491 0.8634
vn 0.7866 0.6175 -0.0039
vn -0.3281 -0.3818 0.8640
vn 0.4701 -0.1813 -0.8638
vn -0.2945 -0.9557 -0.0000
vn 0.4967 -0.0197 -0.8677
vn -0.6163 0.7875 0.0053
vn -0.2944 -0.9557 -0.0000
vn -0.2868 -0.4130 0.8644
vn 0.4969 -0.0904 -0.8631
vn 0.5035 -0.0411 -0.8630
vn -0.3889 -0.9213 -0.0000
vn 0.1066 0.4862 -0.8673
vn 0.5025 0.0599 -0.8625
vn -0.2419 -0.4432 0.8632
vn -0.4774 -0.8787 -0.0000
vn -0.1999 -0.4613 0.8644
vn 0.4952 0.0882 0.8643
vn 0.4138 0.2695 0.8696
vn 0.4610 0.1972 -0.8652
vn 0.4775 0.1573 -0.8645
vn 0.4397 0.2345 -0.8670
vn -0.4113 0.9115 -0.0000
vn 0.0467 0.4929 -0.8688
vn 0.8563 0.5165 0.0014
vn 0.4407 0.2484 -0.8626
vn -0.6429 -0.7659 -0.0000
vn 0.3896 0.3091 -0.8676
vn 0.4144 0.2914 -0.8622
vn -0.7160 -0.6981 -0.0001
vn -0.7159 -0.6982 -0.0000
vn -0.0613 -0.4986 0.8647
vn -0.7814 -0.6241 -0.0000
vn -0.0120 0.4959 -0.8683
vn 0.3129 0.3958 -0.8634
vn -0.6184 0.7858 -0.0000
vn 0.2744 0.4218 -0.8642
vn -0.8400 -0.5426 -0.0000
vn -0.0102 -0.5050 0.8631
vn -0.0747 0.4971 -0.8645
vn 0.8549 0.5187 -0.0038
vn 0.1922 0.4569 -0.8685
vn 0.0572 -0.4931 0.8681
vn 0.1362 0.4875 -0.8624
vn 0.0881 -0.4990 0.8621
vn 0.3809 0.3209 0.8672
vn 0.1359 -0.4861 0.8633
vn -0.5948 0.8039 -0.0000
vn 0.0403 0.5050 -0.8622
vn -0.5181 0.8553 -0.0014
vn -0.9850 -0.1724 -0.0040
vn 0.3393 0.3694 0.8651
vn -0.9851 -0.1720 -0.0072
vn -0.0102 0.5048 -0.8632
vn -0.2973 0.9548 -0.0000
vn 0.1832 -0.4695 0.8637
vn -0.5172 0.8559 0.0006
vn -0.9973 -0.0729 -0.0000
vn -0.9973 -0.0733 0.0024
vn -0.3383 0.3604 -0.8693
vn -0.3795 0.3185 -0.8687
vn -0.5137 0.8579 -0.0060
vn -0.9997 0.0241 -0.0000
vn -0.3946 0.3128 -0.8640
vn -0.4980 0.0793 -0.8636
vn -0.4114 0.9115 -0.0025
vn 0.5040 -0.0065 0.8637
vn -0.9924 0.1231 -0.0000
vn 0.4998 0.0427 0.8651
vn 0.2297 0.4443 0.8659
vn -0.4767 0.1170 0.8712
vn 0.1865 0.4624 0.8669
vn -0.4928 0.0976 0.8646
vn -0.4911 0.0502 -0.8697
vn -0.9478 0.3189 -0.0000
vn 0.4025 0.2889 0.8686
vn 0.3971 0.3111 0.8634
vn -0.4959 -0.0072 -0.8684
vn 0.3701 0.3253 0.8702
vn 0.3631 0.3483 0.8642
vn -0.9119 0.4104 -0.0013
vn 0.3337 0.3619 0.8705
vn 0.3273 0.3808 0.8648
vn -0.4884 -0.0711 -0.8697
vn 0.2850 0.4099 0.8665
vn -0.8671 0.4981 -0.0000
vn -0.2986 0.9544 -0.0026
vn 0.2405 0.4388 0.8658
vn -0.8672 0.4979 0.0019
vn -0.4780 -0.1321 -0.8683
vn 0.2002 0.4621 0.8639
vn 0.1324 0.4798 0.8673
vn 0.1553 0.4773 0.8649
vn -0.4581 -0.1872 -0.8689
vn 0.1093 0.4833 0.8686
vn 0.9835 -0.1806 -0.0000
vn -0.5017 0.0304 -0.8645
vn -0.5145 0.8575 -0.0000
vn 0.0619 0.5000 0.8638
vn 0.0727 0.4895 0.8689
vn -0.4039 -0.2948 -0.8660
vn 0.9548 -0.2973 -0.0000
vn -0.3598 -0.3386 -0.8694
vn 0.4585 0.1873 -0.8687
vn -0.3206 -0.3791 -0.8680
vn -0.2783 -0.4162 -0.8656
vn 0.9548 -0.2974 -0.0000
vn 0.4851 -0.1054 -0.8681
vn -0.2213 -0.4418 -0.8694
vn 0.9118 -0.4106 -0.0014
vn -0.1639 -0.4662 -0.8694
vn 0.9115 -0.4112 -0.0000
vn -0.4958 -0.0553 -0.8667
vn -0.1065 -0.4880 -0.8663
vn 0.8554 -0.5180 -0.0000
vn -0.5021 0.0450 0.8636
vn -0.0603 0.9982 -0.0002
vn -0.2232 0.4437 0.8679
vn -0.0473 -0.4927 -0.8689
vn 0.8556 -0.5176 -0.0009
vn -0.3128 0.4073 0.8580
vn -0.5061 -0.0196 -0.8622
vn -0.4771 -0.1705 -0.8622
vn -0.3204 0.3790 0.8682
vn 0.3714 -0.9285 0.0055
vn -0.4857 -0.0850 0.8700
vn -0.3656 0.3429 0.8653
vn -0.0602 0.9982 0.0002
vn -0.4840 0.1039 -0.8689
vn -0.4535 -0.2159 -0.8647
vn -0.4918 -0.1035 0.8645
vn -0.4568 0.2204 0.8618
vn -0.4317 0.2411 0.8692
vn 0.4383 0.2436 -0.8652
vn -0.4728 -0.1391 0.8701
vn -0.4957 0.1187 0.8603
vn -0.4820 0.1321 0.8661
vn -0.4977 0.0081 0.8673
vn -0.4310 -0.2614 -0.8637
vn -0.4765 -0.1470 0.8668
vn -0.4917 -0.0504 0.8693
vn 0.4107 0.9118 0.0011
vn -0.4858 -0.1067 0.8675
vn -0.3767 -0.3266 -0.8669
vn 0.4600 -0.1883 0.8677
vn -0.4046 -0.3057 -0.8619
vn 0.4809 -0.1325 0.8667
vn -0.3368 -0.3775 -0.8626
vn -0.4642 -0.1958 0.8638
vn -0.3519 -0.3623 -0.8631
vn 0.6174 0.7867 0.0017
vn 0.6159 0.7879 -0.0022
vn -0.3779 -0.3183 0.8694
vn 0.4689 -0.1619 -0.8683
vn -0.2473 -0.4409 -0.8628
vn 0.7059 0.7084 -0.0000
vn 0.0628 0.9980 0.0036
vn -0.4272 0.9041 -0.0063
vn -0.2060 -0.4625 -0.8624
vn 0.4250 0.2724 -0.8632
vn -0.2391 -0.4372 0.8670
vn 0.3994 0.2918 -0.8691
vn 0.8560 0.5169 0.0038
vn 0.0609 0.9981 -0.0002
vn -0.1540 -0.4855 0.8606
vn -0.1865 -0.4589 0.8687
vn 0.8550 0.5185 -0.0000
vn -0.2590 -0.4336 -0.8631
vn -0.1008 -0.5015 0.8592
vn -0.1325 -0.4804 0.8670
vn 0.9113 0.4118 -0.0025
vn -0.4405 -0.2427 0.8643
vn 0.1835 0.9830 -0.0000
vn -0.2118 -0.4586 -0.8630
vn 0.5071 -0.0410 0.8609
vn 0.3742 0.3356 -0.8645
vn 0.1807 0.9835 -0.0053
vn -0.1626 -0.4782 -0.8631
vn -0.3918 -0.3036 0.8685
vn -0.3872 -0.3271 0.8620
vn 0.3604 0.3396 -0.8688
vn 0.9125 0.4090 0.0036
vn -0.1128 -0.4893 -0.8648
vn 0.4097 0.9122 -0.0011
vn -0.3506 -0.3615 0.8639
vn -0.0642 -0.5005 -0.8633
vn -0.0874 -0.4945 0.8648
vn 0.0170 -0.4981 -0.8669
vn -0.0152 -0.5064 -0.8622
vn 0.5169 0.8560 -0.0038
vn 0.4917 -0.0700 0.8679
vn 0.0877 -0.4990 -0.8621
vn 0.0354 -0.5063 -0.8616
vn 0.1354 -0.4875 -0.8626
vn -0.3112 -0.3930 0.8653
vn 0.3459 0.3680 -0.8631
vn 0.3189 0.3781 -0.8691
vn -0.2665 -0.4237 0.8657
vn -0.5653 0.0709 0.8218
vn 0.1782 -0.4675 -0.8658
vn -0.2231 -0.4495 0.8649
vn 0.2239 -0.4493 -0.8649
vn 0.2764 0.4140 -0.8673
vn 0.2676 -0.4270 -0.8637
vn 0.3311 -0.3706 -0.8678
vn 0.3137 -0.3971 -0.8625
vn 0.7878 0.6159 0.0017
vn 0.2219 0.4412 -0.8695
vn 0.8556 0.5177 -0.0001
vn 0.9552 0.2961 0.0026
vn 0.3533 -0.3641 -0.8617
vn 0.4947 0.0510 0.8676
vn 0.8556 0.5176 -0.0000
vn 0.9113 0.4117 -0.0025
vn 0.4016 -0.3039 0.8639
vn -0.1350 -0.4852 0.8639
vn 0.1994 0.4649 -0.8626
vn 0.9122 0.4097 0.0019
vn 0.4400 -0.2423 -0.8647
vn 0.1640 0.4669 -0.8690
vn 0.4642 -0.1958 -0.8638
vn 0.4592 -0.2174 0.8613
vn 0.9551 0.2962 -0.0000
vn 0.4810 -0.1489 -0.8640
vn 0.4751 -0.1717 0.8630
vn -0.0362 -0.5017 0.8643
vn 0.0152 -0.5012 0.8652
vn 0.4923 -0.1018 -0.8645
vn 0.4879 -0.1223 0.8643
vn 0.9547 0.2975 -0.0026
vn 0.5012 -0.0556 -0.8635
vn 0.4973 -0.0733 0.8645
vn 0.1059 0.4866 -0.8672
vn 0.0633 -0.4958 0.8661
vn 0.5058 -0.0072 -0.8626
vn 0.4905 0.0724 -0.8684
vn 0.5036 0.0450 -0.8628
vn 0.5044 0.0312 0.8629
vn 0.4772 0.1614 -0.8639
vn 0.4966 0.0988 -0.8623
vn 0.0472 0.4928 -0.8689
vn 0.4650 0.1935 -0.8639
vn 0.9544 0.2986 -0.0026
vn -0.1461 0.9892 -0.0073
vn 0.4898 0.1092 0.8650
vn 0.2105 -0.4546 0.8655
vn -0.0142 0.4968 -0.8677
vn 0.4434 0.2386 -0.8640
vn 0.4531 0.2200 0.8639
vn 0.9833 0.1819 -0.0000
vn 0.3961 0.3024 -0.8670
vn 0.4181 0.2846 -0.8627
vn 0.3548 0.3615 -0.8622
vn 0.2566 -0.4308 0.8652
vn -0.5748 -0.0733 0.8150
vn -0.1470 0.9891 -0.0000
vn 0.9549 -0.2969 -0.0000
vn 0.2971 -0.4042 0.8651
vn -0.1860 0.4596 -0.8684
vn 0.3192 0.3913 -0.8631
vn 0.9836 0.1805 0.0027
vn 0.9545 -0.2982 -0.0033
vn 0.2397 0.4378 -0.8665
vn 0.2781 0.4184 -0.8646
vn 0.9117 -0.4107 0.0049
vn 0.9114 -0.4115 0.0066
vn 0.1964 0.4574 -0.8673
vn 0.3664 -0.3390 0.8665
vn 0.8542 -0.5200 0.0024
vn 0.1518 0.4734 -0.8677
vn 0.1875 0.4694 -0.8629
vn -0.2361 0.4346 -0.8691
vn -0.0503 0.9987 -0.0000
vn 0.8564 -0.5163 -0.0059
vn -0.0493 0.9988 -0.0074
vn 0.9983 0.0588 0.0028
vn 0.4334 -0.2625 0.8621
vn 0.2607 -0.4311 -0.8638
vn 0.7866 -0.6174 0.0022
vn -0.0104 0.5012 -0.8653
vn -0.2894 0.4031 -0.8682
vn 0.7071 -0.7071 -0.0000
vn 0.6165 -0.7874 0.0022
vn -0.3224 0.3671 -0.8725
vn 0.9983 -0.0589 -0.0000
vn 0.6173 -0.7867 -0.0000
vn -0.5686 -0.0000 0.8226
vn 0.3733 -0.9277 -0.0036
vn 0.5181 -0.8553 -0.0038
vn -0.3912 0.3148 -0.8648
vn 0.5155 -0.8569 0.0024
vn 0.5041 -0.0179 0.8635
vn 0.4384 0.2548 0.8619
vn -0.5205 0.8539 -0.0060
vn 0.4091 -0.9125 0.0025
vn 0.4457 0.2193 0.8679
vn 0.9982 -0.0603 0.0028
vn 0.4119 -0.9112 -0.0037
vn -0.4158 0.2712 -0.8681
vn -0.5614 -0.0719 0.8244
vn 0.4727 0.1717 0.8643
vn 0.2985 -0.9544 -0.0000
vn -0.4437 0.2184 -0.8692
vn 0.3795 0.3200 0.8681
vn 0.2972 -0.9548 0.0026
vn 0.4020 0.3083 0.8622
vn 0.1780 -0.9840 0.0059
vn 0.1277 -0.4898 -0.8624
vn 0.3417 0.3679 0.8648
vn 0.3693 0.3438 0.8634
vn 0.9547 -0.2975 0.0026
vn 0.1810 -0.9835 -0.0000
vn 0.2881 0.4088 0.8660
vn 0.0601 -0.9982 -0.0000
vn 0.4914 -0.0503 -0.8695
vn 0.9551 -0.2962 -0.0000
vn 0.0551 -0.5008 0.8638
vn 0.0610 -0.9981 -0.0016
vn 0.2413 0.4324 0.8688
vn 0.2013 0.4588 0.8654
vn -0.4891 -0.0710 -0.8693
vn 0.1562 0.4769 0.8650
vn 0.9548 -0.2973 0.0023
vn 0.0807 -0.4997 -0.8624
vn 0.1414 0.4732 0.8695
vn 0.1125 0.4918 0.8634
vn 0.9547 -0.2975 0.0018
vn -0.4959 -0.0983 -0.8628
vn -0.4781 -0.1321 -0.8683
vn -0.4599 -0.1877 -0.8679
vn 0.9115 -0.4114 0.0025
vn -0.4319 -0.2409 -0.8691
vn 0.2925 0.4075 0.8651
vn -0.4029 -0.2948 -0.8664
vn 0.1463 0.4831 -0.8632
vn -0.3605 -0.3391 -0.8689
vn 0.7872 -0.6166 -0.0017
vn -0.3203 -0.3788 -0.8683
vn 0.7867 -0.6173 -0.0000
vn 0.1907 0.4686 0.8626
vn -0.2787 -0.4167 -0.8652
vn 0.7065 -0.7077 -0.0000
vn -0.2218 -0.4426 -0.8689
vn -0.1645 -0.4674 -0.8686
vn 0.7072 -0.7070 -0.0019
vn 0.4854 0.1339 -0.8640
vn -0.1068 -0.4891 -0.8657
vn 0.0470 0.4915 -0.8696
vn 0.1784 -0.9839 0.0072
vn 0.1327 0.4817 0.8663
vn -0.0474 -0.4932 -0.8686
vn -0.0127 0.4949 -0.8688
vn 0.4577 0.1865 -0.8693
vn 0.6199 -0.7847 -0.0000
vn -0.0123 -0.9999 -0.0093
vn 0.0744 0.4904 0.8683
vn 0.4368 0.2439 -0.8659
vn 0.0128 0.4945 0.8691
vn -0.1320 0.4774 -0.8687
vn -0.1858 0.4610 -0.8677
vn -0.4833 -0.1571 -0.8613
vn -0.1057 0.4840 0.8687
vn 0.0660 -0.4938 -0.8671
vn -0.1645 0.4686 0.8680
vn 0.0299 -0.5037 -0.8633
vn 0.0235 -0.4993 -0.8661
vn -0.3216 0.3810 0.8668
vn -0.0222 -0.5014 -0.8649
vn 0.3938 0.3147 -0.8637
vn 0.3626 0.3388 -0.8682
vn -0.1122 -0.9937 -0.0019
vn 0.3181 0.3780 -0.8694
vn -0.4793 0.1325 0.8676
vn 0.3046 0.4025 -0.8633
vn 0.2741 0.4112 -0.8694
vn -0.4699 -0.1627 0.8676
vn -0.0711 -0.4997 -0.8633
vn -0.3722 -0.3420 0.8628
vn -0.3780 -0.3162 0.8701
vn -0.1858 -0.4683 0.8638
vn 0.2225 0.4427 -0.8686
vn 0.1627 0.4651 -0.8702
vn 0.1052 0.4845 -0.8685
vn -0.5212 0.8534 -0.0000
vn -0.0448 -0.4973 0.8664
vn -0.0171 -0.9998 0.0121
vn -0.3041 -0.9526 -0.0053
vn -0.1415 -0.4818 0.8648
vn -0.0942 -0.4868 0.8684
vn -0.2138 -0.9768 0.0077
vn -0.3972 -0.9177 -0.0044
vn -0.5361 -0.2338 0.8111
vn -0.4342 0.9008 -0.0088
vn -0.4888 -0.8724 -0.0055
vn -0.4345 0.9007 -0.0063
vn -0.2173 -0.4551 -0.8635
vn -0.3804 0.3209 -0.8674
vn -0.4331 -0.2397 -0.8689
vn -0.4846 0.1064 -0.8682
vn -0.2636 -0.4318 -0.8626
vn -0.3044 -0.4040 -0.8626
vn -0.6502 -0.7597 -0.0124
vn -0.5722 -0.8201 -0.0037
vn -0.3075 -0.9515 0.0107
vn -0.4598 -0.3310 0.8240
vn -0.2290 -0.4478 0.8643
vn -0.4005 -0.9162 0.0126
vn -0.4745 -0.1305 -0.8705
vn -0.7217 -0.6922 -0.0088
vn -0.4572 -0.1881 -0.8692
vn -0.3745 -0.3405 -0.8625
vn -0.3038 -0.3949 0.8670
vn -0.4382 -0.2536 -0.8624
vn -0.7869 -0.6170 -0.0073
vn -0.4310 -0.2566 -0.8651
vn -0.4536 -0.3612 0.8148
vn -0.3656 -0.3415 -0.8658
vn -0.2756 -0.4229 0.8632
vn 0.4294 -0.9031 0.0065
vn -0.3247 -0.3851 -0.8639
vn -0.4073 -0.4116 0.8153
vn -0.2774 -0.4144 -0.8668
vn -0.3604 -0.4383 0.8234
vn -0.3346 -0.3668 0.8680
vn -0.4577 -0.2127 -0.8633
vn -0.3538 -0.4563 0.8164
vn -0.9647 -0.2633 -0.0085
vn -0.3193 -0.3942 0.8618
vn -0.2248 -0.4482 -0.8652
vn -0.4765 -0.1678 -0.8630
vn -0.1072 -0.4903 -0.8649
vn -0.4751 -0.1409 -0.8686
vn -0.4911 -0.1196 -0.8629
vn -0.3903 -0.3219 0.8626
vn -0.0482 -0.5021 -0.8635
vn -0.5009 -0.0694 -0.8627
vn 0.0114 -0.5006 -0.8656
vn -0.3569 -0.3584 0.8627
vn -0.4938 -0.0532 -0.8680
vn -0.5051 -0.0146 -0.8630
vn -0.9995 0.0315 -0.0050
vn -0.4954 -0.2739 0.8243
vn -0.8443 -0.5357 -0.0075
vn -0.5017 0.0354 -0.8643
vn -0.9912 0.1320 -0.0056
vn -0.8458 -0.5335 0.0045
vn 0.3355 -0.9420 -0.0000
vn -0.4665 -0.1907 0.8637
vn -0.9457 0.3251 -0.0013
vn -0.8951 -0.4456 0.0130
vn -0.9097 0.4152 -0.0133
vn -0.4125 0.2773 -0.8677
vn 0.3364 -0.9417 0.0068
vn -0.4932 -0.0970 0.8645
vn -0.3319 0.3789 -0.8639
vn -0.9657 -0.2593 0.0103
vn -0.2900 0.4127 -0.8635
vn -0.2454 0.4413 -0.8632
vn -0.2199 0.4452 -0.8680
vn -0.2028 0.4641 -0.8622
vn -0.4906 -0.3047 0.8164
vn -0.2475 0.9689 0.0042
vn -0.9865 -0.1633 0.0069
vn -0.1800 0.4633 -0.8677
vn -0.1580 0.4811 -0.8623
vn -0.1412 0.4773 -0.8673
vn -0.1117 0.4934 -0.8626
vn -0.1488 0.9888 -0.0066
vn -0.5066 -0.0022 0.8622
vn -0.0628 0.5014 -0.8629
vn -0.0508 0.9987 -0.0000
vn -0.9979 -0.0644 0.0103
vn -0.4034 -0.2991 -0.8648
vn -0.9994 0.0347 0.0090
vn -0.4952 0.1040 0.8625
vn -0.9909 0.1348 0.0073
vn -0.4823 0.1530 0.8625
vn -0.3669 -0.3457 -0.8636
vn -0.9721 0.2344 0.0120
vn -0.3235 -0.3803 -0.8664
vn 0.1468 -0.9891 0.0093
vn -0.4660 0.1981 0.8623
vn 0.1466 -0.9892 0.0073
vn -0.2779 -0.4172 -0.8653
vn -0.8082 0.5889 0.0081
vn 0.0508 -0.9987 -0.0037
vn -0.2246 -0.4460 -0.8664
vn -0.2978 -0.4951 0.8162
vn 0.0505 -0.9987 -0.0066
vn -0.6755 0.7373 0.0081
vn -0.2792 0.4229 0.8621
vn -0.1695 -0.5509 0.8172
vn -0.1071 -0.4914 -0.8643
vn -0.5993 0.8005 0.0097
vn -0.2325 0.4461 0.8643
vn -0.0507 -0.9987 -0.0000
vn -0.1080 -0.5604 0.8211
vn -0.5168 0.8560 0.0137
vn -0.1031 -0.5669 0.8173
vn -0.4308 0.9024 -0.0031
vn -0.0484 -0.5007 -0.8643
vn -0.3400 0.9404 -0.0101
vn -0.0502 -0.9987 0.0036
vn -0.2452 0.9694 -0.0139
vn -0.0389 0.5017 0.8641
vn 0.0120 -0.5031 -0.8641
vn -0.1473 0.9891 0.0003
vn 0.0101 0.5061 0.8624
vn -0.0343 -0.5734 0.8186
vn -0.0502 0.9987 -0.0047
vn -0.2438 -0.9698 0.0018
vn -0.2441 -0.9698 -0.0000
vn -0.3364 -0.9417 -0.0068
vn -0.3352 -0.9421 0.0025
vn -0.4278 -0.9038 -0.0065
vn -0.5141 -0.8577 -0.0072
vn -0.5131 -0.8583 -0.0000
vn -0.5949 -0.8038 -0.0000
vn -0.5950 -0.8037 -0.0004
vn -0.7403 -0.6722 -0.0050
vn -0.7403 -0.6722 -0.0049
vn -0.8028 -0.5963 -0.0000
vn -0.8031 -0.5958 -0.0044
vn -0.9039 -0.4278 0.0066
vn -0.9416 -0.3367 -0.0000
vn -0.9413 -0.3375 0.0069
vn -0.9989 -0.0478 -0.0000
vn -0.9988 0.0490 -0.0003
vn -0.9891 0.1470 -0.0000
vn -0.9891 0.1472 -0.0010
vn -0.8572 0.5149 -0.0038
vn -0.8579 0.5138 0.0063
vn -0.8031 0.5959 -0.0054
vn -0.8031 0.5958 -0.0044
vn -0.7422 0.6702 -0.0000
vn -0.7407 0.6717 -0.0159
vn -0.6715 0.7410 -0.0000
vn -0.5955 0.8034 -0.0015
vn -0.5132 0.8583 -0.0060
vn -0.5136 0.8580 -0.0024
vn -0.3379 0.9411 0.0094
vn -0.2423 0.9702 -0.0018
vn -0.3427 0.9395 -0.0000
vn -0.2437 0.9698 0.0089
vn -0.1462 0.9892 -0.0073
vn -0.1471 0.9891 -0.0011
vn -0.3422 0.9396 -0.0037
vn -0.2471 0.9690 -0.0035
vn -0.2475 0.9689 -0.0000
vn -0.1479 0.9890 -0.0000
vn -0.1472 0.9891 -0.0051
vn -0.9538 0.3004 0.0083
vn -0.9535 0.3015 -0.0012
vn -0.9184 0.3956 0.0037
vn -0.9183 0.3959 0.0008
vn -0.8738 0.4863 0.0007
vn -0.8736 0.4867 -0.0029
vn -0.8204 0.5718 0.0050
vn -0.8196 0.5729 -0.0053
vn -0.7589 0.6512 -0.0016
vn -0.7589 0.6512 -0.0008
vn -0.6888 0.7250 -0.0011
vn -0.6883 0.7254 -0.0065
vn -0.6113 0.7914 0.0005
vn -0.6107 0.7918 -0.0053
vn -0.5292 0.8485 0.0029
vn -0.5285 0.8489 -0.0031
vn -0.4396 0.8982 0.0030
vn -0.4392 0.8984 -0.0003
vn -0.3474 0.9377 0.0051
vn -0.3468 0.9379 0.0007
vn -0.2501 0.9682 0.0019
vn -0.2503 0.9682 0.0037
vn -0.1512 0.9885 -0.0000
vn -0.1514 0.9885 0.0011
vn -0.0513 0.9987 -0.0000
vn -0.5216 0.8532 0.0036
vn -0.4337 0.9010 0.0065
vn -0.4333 0.9012 0.0030
vn -0.3414 0.9399 0.0069
vn -0.3414 0.9399 0.0068
vn -0.2464 0.9692 -0.0000
vn -0.2473 0.9689 0.0071
vn -0.1485 0.9889 -0.0000
vn -0.9640 0.2659 0.0022
vn -0.9321 0.3622 -0.0008
vn -0.9324 0.3615 0.0045
vn -0.8938 0.4485 0.0033
vn -0.8940 0.4480 0.0066
vn -0.8560 0.5169 0.0013
vn -0.8564 0.5163 0.0050
vn -0.8179 0.5754 -0.0011
vn -0.8183 0.5747 0.0024
vn -0.7783 0.6279 0.0035
vn -0.7780 0.6282 0.0013
vn -0.7335 0.6797 0.0016
vn -0.7340 0.6791 0.0046
vn -0.6824 0.7309 -0.0018
vn -0.6825 0.7309 -0.0014
vn -0.6105 0.7920 0.0009
vn -0.6096 0.7927 -0.0067
vn -0.5287 0.8488 0.0087
vn -0.5270 0.8498 -0.0063
vn -0.4392 0.8983 0.0091
vn -0.4370 0.8994 -0.0081
vn -0.3462 0.9382 -0.0036
vn -0.3471 0.9378 0.0040
vn -0.2502 0.9682 -0.0016
vn -0.2496 0.9683 -0.0069
vn -0.1507 0.9886 -0.0040
vn -0.0514 0.9987 0.0004
vn -0.7412 0.6713 -0.0055
vn -0.7417 0.6708 -0.0000
vn -0.6716 0.7409 -0.0050
vn -0.5136 0.8581 -0.0000
vn -0.4282 0.9036 0.0096
vn -0.4270 0.9043 -0.0000
vn -0.3361 0.9418 0.0045
vn -0.3367 0.9416 0.0092
vn -0.2426 0.9701 -0.0018
vn -0.2435 0.9699 0.0053
vn -0.1459 0.9893 -0.0000
vn -0.1458 0.9893 -0.0011
vn -0.6814 0.7319 0.0018
vn -0.6812 0.7321 -0.0000
vn -0.6044 0.7967 -0.0000
vn -0.6051 0.7961 0.0069
vn -0.5209 0.8536 -0.0000
vn -0.5208 0.8537 -0.0000
vn -0.4340 0.9009 -0.0000
vn -0.3413 0.9399 -0.0025
vn -0.3416 0.9398 -0.0000
vn -0.2479 0.9688 -0.0000
vn -0.2477 0.9688 -0.0018
vn -0.1495 0.9887 0.0073
vn -0.0496 0.9988 -0.0000
vn -0.0505 0.9987 0.0073
vn 0.9125 -0.4089 0.0043
vn 0.9116 -0.4110 -0.0013
vn 0.8565 -0.5162 -0.0024
vn 0.8560 -0.5169 -0.0045
vn 0.7878 -0.6159 -0.0000
vn 0.7872 -0.6166 -0.0022
vn 0.7076 -0.7066 0.0039
vn 0.6159 -0.7878 -0.0000
vn 0.6172 -0.7868 0.0039
vn 0.5167 -0.8562 -0.0038
vn 0.5180 -0.8554 -0.0000
vn 0.4118 -0.9113 -0.0011
vn 0.4108 -0.9117 -0.0037
vn 0.2963 -0.9551 0.0027
vn 0.2966 -0.9550 0.0033
vn 0.1802 -0.9836 -0.0000
vn 0.1795 -0.9838 -0.0017
vn 0.0602 -0.9982 -0.0000
vn 0.9118 -0.4107 -0.0000
vn 0.9120 -0.4102 -0.0011
vn 0.7064 -0.7078 0.0019
vn 0.7078 -0.7064 -0.0019
vn 0.6167 -0.7872 0.0017
vn 0.5181 -0.8553 -0.0024
vn 0.5171 -0.8559 -0.0000
vn 0.4103 -0.9119 -0.0025
vn 0.2973 -0.9548 -0.0000
vn 0.2986 -0.9544 -0.0026
vn 0.1806 -0.9835 -0.0000
vn 0.1807 -0.9835 -0.0000
vn 0.4102 -0.9120 -0.0000
vn 0.9547 -0.2974 0.0018
vn 0.9551 -0.2962 -0.0008
vn 0.9115 -0.4113 0.0014
vn 0.7079 -0.7063 -0.0039
vn 0.6175 -0.7866 -0.0039
vn 0.5165 -0.8563 -0.0000
vn 0.4085 -0.9127 0.0036
vn 0.2989 -0.9543 -0.0000
vn 0.2972 -0.9548 0.0034
vn 0.1808 -0.9835 -0.0028
vn 0.1794 -0.9838 -0.0000
vn 0.0597 -0.9982 0.0009
vn 0.9118 -0.4107 0.0011
vn 0.8554 -0.5179 0.0024
vn 0.8561 -0.5169 -0.0000
vn 0.7874 -0.6164 -0.0000
vn 0.7861 -0.6180 0.0042
vn 0.7052 -0.7090 -0.0000
vn 0.7063 -0.7079 0.0039
vn 0.5153 -0.8570 -0.0077
vn 0.4109 -0.9117 0.0033
vn 0.4098 -0.9122 0.0003
vn 0.2997 -0.9540 -0.0000
vn 0.2991 -0.9542 -0.0016
vn 0.1796 -0.9837 -0.0027
vn 0.0614 -0.9981 -0.0000
vn 0.0603 -0.9982 -0.0027
vn 0.6174 -0.7866 -0.0022
vn 0.6166 -0.7873 -0.0000
vn 0.5172 -0.8558 -0.0038
vn 0.5166 -0.8562 -0.0024
vn 0.4124 -0.9110 -0.0037
vn 0.4119 -0.9112 -0.0048
vn 0.3005 -0.9537 0.0068
vn 0.2974 -0.9548 -0.0011
vn 0.1841 -0.9829 0.0025
vn 0.1809 -0.9835 -0.0051
vn 0.0624 -0.9980 0.0055
vn 0.8553 -0.5181 0.0014
vn 0.8550 -0.5187 0.0029
vn 0.7879 -0.6159 -0.0022
vn 0.7867 -0.6174 0.0017
vn 0.6188 -0.7855 -0.0012
vn 0.6181 -0.7861 -0.0036
vn 0.5195 -0.8544 0.0025
vn 0.5177 -0.8555 0.0068
vn 0.4091 -0.9125 0.0014
vn 0.4135 -0.9105 -0.0084
vn 0.2976 -0.9547 0.0018
vn 0.5181 -0.8553 -0.0014
vn 0.5174 -0.8557 -0.0000
vn 0.4107 -0.9118 -0.0011
vn 0.2974 -0.9548 -0.0000
vn 0.1782 -0.9840 -0.0061
vn 0.0600 -0.9982 0.0034
vn 0.0586 -0.9983 -0.0000
vn 0.6176 -0.7865 -0.0070
vn 0.5184 -0.8551 0.0039
vn 0.5179 -0.8554 0.0024
vn 0.4113 -0.9115 -0.0025
vn 0.4090 -0.9125 0.0025
vn 0.1808 -0.9835 -0.0027
vn 0.0616 -0.9981 -0.0027
vn 0.1237 -0.9923 -0.0037
vn 0.0509 0.9987 0.0028
vn 0.6010 0.7993 0.0027
vn 0.8071 0.5904 -0.0034
vn 0.9444 0.3286 -0.0073
vn 0.9993 0.0358 0.0048
vn 0.2234 -0.9746 -0.0147
vn -0.8970 -0.4420 0.0006
vn -0.9870 -0.1604 -0.0044
vn -0.5186 0.8549 0.0103
vn -0.1498 0.9887 0.0011
vn -0.1507 0.9886 0.0075
vn -0.0516 0.9987 -0.0000
vn -0.0516 0.9987 0.0004
vn 0.2959 0.2504 0.9218
vn 0.3215 0.2154 0.9221
vn 0.3217 0.1910 0.9274
vn 0.2741 0.2751 0.9215
vn 0.2974 0.2439 0.9231
vn 0.3195 0.2109 0.9238
vn 0.3162 0.2116 0.9248
vn 0.3398 0.1739 0.9243
vn 0.3549 0.1342 0.9252
vn 0.3582 0.1441 0.9225
vn 0.3852 0.0697 0.9202
vn 0.3741 0.0475 0.9262
vn 0.3901 -0.0098 0.9207
vn 0.3772 0.0032 0.9261
vn 0.3399 -0.1686 0.9252
vn 0.3525 -0.1617 0.9218
vn 0.3149 -0.2311 0.9206
vn 0.2593 -0.2863 0.9224
vn 0.2607 -0.2718 0.9264
vn 0.2292 -0.3097 0.9228
vn 0.2302 -0.3002 0.9257
vn 0.1941 -0.3283 0.9244
vn 0.1521 -0.3522 0.9235
vn 0.0853 -0.3793 0.9213
vn 0.0246 -0.3798 0.9248
vn -0.0610 -0.3762 0.9245
vn 0.3207 -0.2087 0.9239
vn 0.2957 -0.2453 0.9233
vn 0.2673 -0.2783 0.9225
vn 0.2362 -0.3077 0.9217
vn 0.1910 -0.3301 0.9244
vn -0.3242 -0.1900 0.9267
vn -0.3240 -0.2151 0.9213
vn -0.3614 -0.1460 0.9209
vn -0.3756 -0.0716 0.9240
vn -0.3860 0.0054 0.9225
vn -0.3675 0.1228 0.9219
vn -0.3568 0.1604 0.9203
vn 0.2640 0.2810 0.9227
vn 0.2235 0.3031 0.9264
vn 0.2630 0.2697 0.9263
vn -0.2119 -0.3247 0.9218
vn 0.6300 -0.7765 -0.0139
vn 0.0855 -0.9963 -0.0082
vn -0.8633 0.5047 0.0056
vn -0.5202 0.8540 -0.0039
vn -0.8105 0.5856 -0.0102
vn -0.9837 0.1799 0.0078
vn 0.9943 -0.1064 0.0094
vn 0.9941 -0.1075 -0.0123
vn 0.6079 0.7939 0.0124
vn 0.5986 0.8010 -0.0092
vn 0.5097 0.8603 0.0090
vn 0.4010 0.9161 0.0035
vn -0.4120 0.9111 0.0107
vn -0.5200 0.8542 0.0061
vn -0.9549 0.2969 0.0089
vn -0.9834 -0.1814 0.0053
vn -0.9116 -0.4111 0.0042
vn -0.8553 -0.5181 0.0066
vn -0.7873 -0.6165 0.0044
vn -0.9544 -0.2985 -0.0090
vn -0.3502 -0.3626 0.8636
vn -0.4487 -0.2433 0.8599
vn -0.5045 -0.0064 0.8634
vn -0.5076 0.0482 0.8602
vn -0.4404 0.2523 0.8616
vn -0.4088 0.3018 0.8613
vn -0.0748 0.5030 0.8611
vn -0.0285 0.5101 0.8596
vn -0.2894 0.4126 0.8637
vn -0.4341 0.2494 0.8656
vn -0.4333 -0.2322 0.8708
vn -0.3460 -0.3568 0.8677
vn -0.2290 -0.4425 0.8671
vn -0.1847 -0.4638 0.8665
vn -0.0391 -0.4918 0.8698
vn 0.0700 -0.4894 0.8693
vn 0.1294 -0.4747 0.8706
vn 0.1831 -0.4556 0.8712
vn 0.2492 -0.4239 0.8707
vn 0.2954 -0.3937 0.8705
vn 0.2880 -0.4117 0.8646
vn 0.3409 -0.3576 0.8694
vn 0.4104 -0.2750 0.8694
vn 0.4402 -0.2315 0.8676
vn 0.4607 -0.1901 0.8669
vn 0.4905 0.0057 0.8714
vn 0.3773 0.3197 0.8692
vn 0.0651 0.5007 0.8632
vn 0.0300 0.4891 0.8717
vn 0.0111 0.5024 0.8646
vn -0.2609 0.4183 0.8701
vn -0.3078 0.3897 0.8680
vn -0.3465 0.3621 0.8653
vn -0.3513 0.3391 0.8727
vn -0.4050 0.2836 0.8692
vn -0.4341 0.2350 0.8697
vn -0.4798 0.1578 0.8631
vn -0.4603 0.1835 0.8686
vn -0.4907 0.0279 0.8709
vn -0.4926 -0.0215 0.8700
vn -0.4795 -0.1190 0.8694
vn -0.4643 -0.1676 0.8697
vn -0.4227 -0.2639 0.8670
vn -0.3311 -0.3711 0.8676
vn -0.2906 -0.4017 0.8684
vn -0.2859 -0.4131 0.8646
vn -0.2470 -0.4305 0.8682
vn 0.0856 -0.4901 0.8675
vn 0.1902 -0.4551 0.8699
vn 0.3130 -0.3956 0.8635
vn 0.3470 -0.3617 0.8653
vn 0.4485 -0.2152 0.8675
vn 0.4652 -0.1763 0.8675
vn 0.4234 0.2530 0.8699
vn 0.3972 0.2943 0.8692
vn 0.0442 0.4891 0.8711
vn -0.0105 0.4939 0.8695
vn -0.2081 0.4449 0.8710
vn -0.2589 0.4209 0.8694
vn -0.3092 0.3906 0.8671
vn -0.3455 0.3613 0.8661
vn -0.4848 0.1020 0.8687
vn -0.4928 -0.0094 0.8701
vn -0.4923 -0.0611 0.8683
vn -0.4847 -0.1031 0.8686
vn -0.3989 -0.2887 0.8704
vn -0.3625 -0.3342 0.8700
vn -0.2627 -0.4151 0.8710
vn -0.2176 -0.4432 0.8696
vn -0.2004 -0.4648 0.8624
vn -0.0726 -0.4877 0.8700
vn -0.0181 -0.5014 0.8650
vn 0.0383 -0.4972 0.8668
vn 0.0870 -0.4935 0.8654
vn 0.1340 -0.4811 0.8663
vn 0.3184 -0.3818 0.8676
vn 0.4159 -0.2659 0.8696
vn 0.4911 -0.0270 0.8707
vn 0.4918 0.0672 0.8681
vn 0.4846 0.1123 0.8675
vn 0.3356 0.3847 0.8599
vn 0.2133 0.4431 0.8708
vn 0.0467 0.4884 0.8714
vn -0.0100 0.4924 0.8703
vn -0.0646 0.4904 0.8691
vn -0.1134 0.4810 0.8693
vn -0.1635 0.4669 0.8690
vn -0.2744 0.4233 0.8634
vn -0.3669 0.3291 0.8701
vn -0.4631 0.1710 0.8696
vn -0.4979 0.0096 0.8672
vn -0.4338 -0.2410 0.8682
vn -0.4263 -0.2742 0.8620
vn -0.3839 -0.3162 0.8675
vn -0.3026 -0.3859 0.8715
vn -0.1764 -0.4647 0.8677
vn -0.1349 -0.4779 0.8680
vn -0.1571 -0.4814 0.8623
vn -0.1101 -0.4936 0.8627
vn 0.0181 -0.4920 0.8704
vn 0.1329 -0.4782 0.8682
vn 0.1888 -0.4567 0.8694
vn 0.4081 -0.2776 0.8697
vn 0.4851 -0.0755 0.8712
vn 0.4855 0.1105 0.8672
vn 0.4227 0.2494 0.8713
vn 0.4495 0.2281 0.8637
vn 0.3896 0.3040 0.8694
vn 0.3608 0.3456 0.8663
vn 0.0426 0.4895 0.8710
vn -0.0088 0.4937 0.8696
vn -0.0389 0.5042 0.8627
vn -0.4121 0.2790 0.8674
vn -0.4411 0.2369 0.8656
vn -0.4626 0.1913 0.8657
vn -0.4891 0.0957 0.8670
vn -0.3088 -0.3896 0.8677
vn -0.0369 -0.4969 0.8670
vn 0.0744 -0.4888 0.8692
vn 0.1306 -0.4732 0.8712
vn 0.2540 -0.4268 0.8680
vn 0.3622 -0.3364 0.8693
vn 0.3624 -0.3379 0.8686
vn 0.3982 -0.2883 0.8708
vn 0.4325 -0.2304 0.8717
vn 0.4529 -0.2170 0.8647
vn 0.4607 -0.1798 0.8691
vn 0.4820 -0.1215 0.8677
vn 0.4577 0.1812 0.8704
vn 0.1379 0.4752 0.8690
vn -0.0411 0.4977 0.8664
vn -0.3859 0.3148 0.8672
vn -0.4186 0.2754 0.8654
vn -0.4177 0.2681 0.8681
vn -0.4913 -0.0146 0.8709
vn -0.4887 -0.0628 0.8702
vn -0.4810 -0.1195 0.8685
vn -0.4643 -0.1685 0.8695
vn -0.4511 -0.2206 0.8648
vn -0.2292 -0.4402 0.8682
vn -0.0229 -0.4969 0.8675
vn 0.0060 -0.5055 0.8628
vn 0.0218 -0.4961 0.8680
vn 0.0725 -0.4898 0.8688
vn 0.2486 -0.4314 0.8672
vn 0.2884 -0.4022 0.8689
vn 0.4439 -0.2231 0.8678
vn 0.4001 0.3002 0.8659
vn 0.3709 0.3409 0.8638
vn 0.2083 0.4459 0.8705
vn 0.0460 0.4893 0.8709
vn 0.0095 0.5041 0.8636
vn -0.2707 0.4173 0.8675
vn -0.3575 0.3644 0.8599
vn -0.4423 0.2380 0.8647
vn -0.4408 0.2148 0.8715
vn -0.4650 0.1661 0.8696
vn -0.4647 0.1927 0.8643
vn -0.4837 0.1490 0.8625
vn -0.4972 -0.0058 0.8676
vn -0.4972 -0.0548 0.8659
vn -0.4173 -0.2700 0.8677
vn -0.1364 -0.4876 0.8624
vn -0.0871 -0.4972 0.8633
vn -0.0490 -0.4901 0.8703
vn 0.0043 -0.4953 0.8687
vn 0.0578 -0.4962 0.8663
vn 0.1053 -0.4880 0.8664
vn 0.2413 -0.4279 0.8710
vn 0.2858 -0.4040 0.8690
vn 0.3272 -0.3768 0.8666
vn 0.3994 -0.3139 0.8614
vn 0.4144 -0.2721 0.8684
vn 0.4323 -0.2625 0.8627
vn 0.4945 -0.0160 0.8690
vn 0.4928 0.0400 0.8692
vn 0.4512 0.2119 0.8669
vn 0.4242 0.2618 0.8669
vn 0.3870 0.3052 0.8701
vn 0.3412 0.3519 0.8716
vn 0.1124 0.4919 0.8634
vn -0.2867 0.4066 0.8675
vn -0.4331 0.2363 0.8698
vn -0.4541 0.1889 0.8707
vn -0.4119 -0.2712 0.8699
vn -0.1939 -0.4586 0.8672
vn -0.1507 -0.4758 0.8665
vn 0.2032 -0.4611 0.8638
vn 0.2737 -0.4112 0.8695
vn 0.4292 -0.2639 0.8638
vn 0.4285 -0.2565 0.8663
vn 0.4689 -0.1708 0.8666
vn 0.4832 -0.1276 0.8662
vn 0.4930 -0.0786 0.8664
vn 0.3734 0.3197 0.8708
vn 0.3395 0.3554 0.8709
vn 0.1845 0.4620 0.8675
vn 0.1402 0.4762 0.8681
vn 0.0970 0.4865 0.8683
vn -0.0225 0.4876 0.8728
vn -0.1052 0.4994 0.8600
vn -0.3152 0.3892 0.8656
vn -0.5017 -0.0496 0.8636
vn -0.4189 -0.2655 0.8684
vn -0.3939 -0.3021 0.8681
vn -0.3096 -0.3866 0.8687
vn -0.0422 -0.4890 0.8713
vn 0.3215 -0.3779 0.8682
vn 0.4712 -0.1549 0.8683
vn 0.4820 -0.0995 0.8705
vn 0.5005 -0.0673 0.8631
vn 0.4881 -0.0324 0.8722
vn 0.4492 0.2109 0.8682
vn 0.4334 0.2606 0.8627
vn 0.3734 0.3293 0.8673
vn -0.0763 0.4859 0.8707
vn -0.1385 0.4735 0.8698
vn -0.2490 0.4248 0.8704
vn -0.3014 0.3935 0.8685
vn -0.3416 0.3573 0.8692
vn -0.4156 0.2635 0.8706
vn -0.4437 0.2196 0.8689
vn -0.4642 0.2026 0.8622
vn -0.4646 0.1760 0.8678
vn -0.4884 -0.0806 0.8689
vn -0.5019 -0.0431 0.8639
vn -0.4091 -0.2817 0.8679
vn -0.4265 -0.2728 0.8624
vn -0.3969 -0.3118 0.8633
vn -0.3814 -0.3172 0.8683
vn -0.3455 -0.3530 0.8695
vn -0.1551 -0.4728 0.8674
vn -0.0966 -0.4822 0.8707
vn -0.0434 -0.4904 0.8704
vn 0.2711 -0.4201 0.8660
vn 0.2749 -0.4101 0.8696
vn 0.3115 -0.3960 0.8638
vn 0.3162 -0.3823 0.8683
vn 0.3503 -0.3555 0.8665
vn 0.3485 -0.3655 0.8631
vn 0.4318 -0.2514 0.8662
vn 0.4528 -0.2043 0.8679
vn 0.4995 -0.0002 0.8663
vn 0.5011 0.0414 0.8644
vn 0.4319 0.2449 0.8680
vn 0.4276 0.2721 0.8620
vn 0.2883 0.3987 0.8706
vn 0.2264 0.4355 0.8712
vn 0.1683 0.4609 0.8713
vn 0.1095 0.4834 0.8686
vn 0.0371 0.4862 0.8731
vn 0.0096 0.5028 0.8643
vn -0.3158 0.3890 0.8654
vn -0.4943 -0.0303 0.8687
vn -0.5031 -0.0548 0.8625
vn -0.4189 -0.2578 0.8707
vn -0.3544 -0.3462 0.8686
vn -0.1502 -0.4700 0.8698
vn -0.0997 -0.4824 0.8703
vn -0.0441 -0.4945 0.8680
vn 0.0179 -0.4983 0.8668
vn 0.1118 -0.4881 0.8656
vn 0.1874 -0.4521 0.8720
vn 0.2402 -0.4292 0.8707
vn 0.2896 -0.4041 0.8677
vn 0.3321 -0.3724 0.8666
vn 0.4022 -0.2862 0.8696
vn 0.4707 -0.1446 0.8704
vn 0.4829 0.1073 0.8691
vn 0.4692 0.1518 0.8700
vn 0.4510 0.2016 0.8695
vn 0.4297 0.2489 0.8680
vn 0.3730 0.3289 0.8676
vn 0.3364 0.3612 0.8697
vn 0.3315 0.3775 0.8646
vn 0.2922 0.3962 0.8704
vn 0.2441 0.4331 0.8677
vn 0.1871 0.4546 0.8709
vn -0.0108 0.4929 0.8700
vn -0.2421 0.4302 0.8697
vn -0.3232 0.3765 0.8682
vn -0.4798 0.1238 0.8686
vn -0.4878 0.0748 0.8698
vn -0.4191 -0.2826 0.8629
vn -0.4236 -0.2501 0.8706
vn -0.2071 -0.4449 0.8713
vn -0.1528 -0.4679 0.8705
vn -0.0955 -0.4878 0.8677
vn 0.3363 -0.3564 0.8717
vn 0.4591 -0.1876 0.8683
vn 0.3789 -0.3131 0.8709
vn 0.3525 -0.3715 0.8589
vn -0.0756 -0.4924 0.8671
vn -0.0965 -0.5017 0.8597
vn -0.1334 -0.4792 0.8675
vn -0.1566 -0.4861 0.8598
vn -0.2136 -0.4645 0.8594
vn -0.2375 -0.4370 0.8675
vn -0.4170 -0.2700 0.8679
vn -0.4641 -0.2111 0.8603
vn -0.5050 0.0233 0.8628
vn -0.4971 0.0744 0.8645
vn -0.4947 0.0710 0.8662
vn -0.4757 0.1705 0.8629
vn -0.4337 0.2517 0.8652
vn -0.2754 0.4110 0.8690
vn -0.2505 0.4421 0.8612
vn 0.1437 0.4866 0.8617
vn 0.1875 0.4673 0.8640
vn 0.2398 0.4406 0.8651
vn 0.2988 0.4085 0.8625
vn 0.3427 0.3679 0.8644
vn 0.3778 0.3339 0.8636
vn 0.4142 0.2699 0.8693
vn 0.4729 0.1632 0.8659
vn 0.4901 0.1090 0.8648
vn 0.4987 0.0582 0.8648
vn 0.4957 -0.0083 0.8684
vn 0.4393 -0.2400 0.8657
vn 0.4127 -0.2916 0.8629
vn 0.3779 -0.3402 0.8611
vn 0.3405 -0.3767 0.8615
vn 0.1259 -0.4935 0.8606
vn 0.0720 -0.5053 0.8600
vn -0.0440 -0.5074 0.8606
vn -0.2117 -0.4636 0.8604
vn -0.3223 -0.3956 0.8600
vn -0.3618 -0.3552 0.8619
vn -0.3993 -0.3113 0.8624
vn -0.4169 -0.2728 0.8670
vn -0.5007 -0.0896 0.8610
vn -0.5051 -0.0318 0.8625
vn -0.4957 0.0701 0.8656
vn -0.1950 0.4727 0.8594
vn 0.0364 0.5142 0.8569
vn 0.1115 0.5005 0.8585
vn 0.1739 0.4812 0.8592
vn 0.2438 0.4514 0.8584
vn 0.2937 0.4097 0.8636
vn 0.4112 0.2958 0.8622
vn 0.4398 0.2509 0.8623
vn 0.5006 0.0413 0.8647
vn 0.5007 -0.0001 0.8656
vn 0.4628 -0.2077 0.8618
vn 0.4323 -0.2417 0.8687
vn 0.3546 -0.3583 0.8636
vn 0.3218 -0.3803 0.8671
vn 0.2813 -0.4181 0.8637
vn 0.2300 -0.4534 0.8611
vn 0.1633 -0.4648 0.8702
vn 0.1081 -0.4928 0.8634
vn -0.0139 -0.4962 0.8681
vn -0.0427 -0.5091 0.8597
vn -0.0745 -0.4929 0.8669
vn -0.3129 -0.4033 0.8599
vn -0.3524 -0.3620 0.8630
vn -0.3808 -0.3214 0.8670
vn -0.4142 -0.2863 0.8640
vn -0.4748 -0.1372 0.8693
vn -0.5032 -0.0845 0.8600
vn -0.4817 0.1336 0.8661
vn -0.4328 0.2413 0.8686
vn -0.3500 0.3718 0.8598
vn -0.3104 0.4023 0.8613
vn -0.2741 0.4111 0.8694
vn 0.1534 0.4847 0.8611
vn 0.4334 0.2607 0.8627
vn 0.4770 0.1622 0.8638
vn 0.5104 -0.0323 0.8593
vn 0.4886 -0.0698 0.8697
vn 0.4344 -0.2420 0.8676
vn 0.3233 -0.3817 0.8659
vn 0.2882 -0.4139 0.8635
vn 0.1659 -0.4670 0.8685
vn -0.0425 -0.5104 0.8589
vn -0.3187 -0.3991 0.8598
vn -0.3708 -0.3403 0.8641
vn -0.4711 -0.1896 0.8614
vn -0.4700 -0.1623 0.8676
vn -0.4797 -0.1366 0.8667
vn -0.4918 -0.0502 0.8692
vn -0.5015 -0.0909 0.8603
vn -0.3173 0.3911 0.8639
vn -0.2285 0.4427 0.8671
vn 0.1325 0.4803 0.8670
vn 0.1849 0.4632 0.8667
vn 0.3469 0.3658 0.8636
vn 0.4989 -0.0717 0.8637
vn 0.4819 -0.1228 0.8676
vn 0.4763 -0.1727 0.8622
vn 0.4329 -0.2588 0.8635
vn 0.2787 -0.4176 0.8648
vn 0.0450 -0.5015 0.8640
vn -0.0077 -0.4960 0.8683
vn -0.1524 -0.4852 0.8610
vn -0.1963 -0.4652 0.8632
vn -0.2894 -0.3941 0.8723
vn -0.4245 -0.2784 0.8616
vn -0.4821 0.1327 0.8660
vn -0.4658 0.1905 0.8641
vn -0.4389 0.2388 0.8662
vn -0.3566 0.3569 0.8634
vn -0.3208 0.3836 0.8660
vn -0.2912 0.4105 0.8641
vn 0.3524 0.3662 0.8612
vn 0.4013 0.3183 0.8589
vn 0.4306 0.2690 0.8615
vn 0.4557 0.2144 0.8639
vn 0.5046 0.0426 0.8623
vn 0.5069 -0.0153 0.8619
vn 0.4863 -0.1467 0.8614
vn 0.3292 -0.3794 0.8647
vn 0.2940 -0.4131 0.8619
vn 0.2532 -0.4436 0.8597
vn 0.1054 -0.4883 0.8663
vn 0.0584 -0.4993 0.8644
vn -0.0491 -0.5094 0.8591
vn -0.0747 -0.4916 0.8676
vn -0.3798 -0.3204 0.8678
vn -0.4204 -0.2725 0.8655
vn -0.4961 -0.0540 0.8666
vn -0.5069 0.0073 0.8620
vn -0.5066 0.0540 0.8605
vn -0.4797 0.1696 0.8609
vn -0.4611 0.2226 0.8590
vn -0.3170 0.3971 0.8613
vn -0.2766 0.4147 0.8669
vn 0.0444 0.5102 0.8589
vn 0.3116 0.3779 0.8718
vn 0.4833 -0.1361 0.8648
vn 0.4655 -0.1849 0.8655
vn 0.4514 -0.2256 0.8633
vn 0.4003 -0.3054 0.8640
vn 0.3650 -0.3411 0.8663
vn 0.3381 -0.3754 0.8630
vn 0.2522 -0.4444 0.8596
vn 0.1743 -0.4589 0.8712
vn 0.1279 -0.4937 0.8602
vn 0.0762 -0.5023 0.8614
vn 0.0231 -0.5055 0.8625
vn -0.0227 -0.5017 0.8648
vn -0.1938 -0.4628 0.8650
vn -0.3367 -0.3712 0.8653
vn -0.3804 -0.3210 0.8673
vn -0.4523 -0.2214 0.8640
vn -0.4766 -0.1745 0.8616
vn -0.4915 -0.1233 0.8621
vn -0.5030 -0.0663 0.8618
vn -0.5092 -0.0164 0.8605
vn -0.3982 0.3211 0.8592
vn -0.1062 0.4874 0.8667
vn 0.1391 0.4852 0.8633
vn 0.3840 0.3246 0.8644
vn 0.4106 0.2777 0.8685
vn 0.4474 0.2364 0.8625
vn 0.4749 0.1897 0.8594
vn 0.4952 0.1307 0.8589
vn 0.5068 0.0662 0.8595
vn 0.4836 -0.1330 0.8652
vn 0.4715 -0.1831 0.8627
vn 0.4509 -0.2382 0.8602
vn 0.4088 -0.2937 0.8641
vn 0.3702 -0.3439 0.8629
vn 0.3220 -0.3949 0.8605
vn 0.2689 -0.4370 0.8583
vn 0.1985 -0.4730 0.8584
vn 0.0784 -0.5030 0.8607
vn 0.1378 -0.4924 0.8594
vn 0.0210 -0.5107 0.8595
vn 0.0476 -0.4942 0.8680
vn -0.0132 -0.4981 0.8670
vn -0.0352 -0.5099 0.8595
vn -0.0731 -0.4928 0.8671
vn -0.3154 -0.4014 0.8599
vn -0.3594 -0.3594 0.8612
vn -0.4462 -0.2178 0.8680
vn -0.4940 -0.1293 0.8598
vn -0.5046 -0.0739 0.8602
vn -0.4628 0.1914 0.8656
vn -0.4183 0.2859 0.8621
vn -0.3887 0.3313 0.8597
vn -0.0115 0.5089 0.8607
vn 0.0428 0.5104 0.8589
vn 0.1439 0.4836 0.8634
vn 0.1863 0.4634 0.8664
vn 0.3664 0.3524 0.8611
vn 0.3788 0.3189 0.8688
vn 0.4056 0.3092 0.8601
vn 0.4181 0.2705 0.8672
vn 0.4397 0.2615 0.8592
vn 0.4965 -0.0702 0.8652
vn 0.4881 -0.1337 0.8625
vn 0.4700 -0.1825 0.8636
vn 0.4489 -0.2359 0.8619
vn 0.1967 -0.4704 0.8603
vn 0.0773 -0.5066 0.8587
vn 0.0208 -0.5097 0.8601
vn -0.0394 -0.5064 0.8614
vn -0.1777 -0.4705 0.8643
vn -0.3134 -0.4029 0.8599
vn -0.3532 -0.3612 0.8630
vn -0.3869 -0.3193 0.8651
vn -0.4417 -0.2456 0.8629
vn -0.4661 -0.2019 0.8614
vn -0.4961 -0.0904 0.8635
vn -0.5020 0.0078 0.8648
vn -0.4772 0.1748 0.8612
vn -0.3803 0.3391 0.8605
vn -0.3411 0.3760 0.8615
vn -0.1663 0.4729 0.8653
vn -0.1166 0.4910 0.8633
vn -0.0672 0.5015 0.8626
vn -0.0125 0.5091 0.8606
vn 0.0470 0.5106 0.8585
vn 0.1323 0.4787 0.8680
vn 0.3776 0.3420 0.8605
vn 0.4143 0.2935 0.8615
vn 0.4453 0.2463 0.8608
vn 0.4881 0.1133 0.8654
vn 0.5003 0.0688 0.8631
vn 0.4796 -0.1325 0.8674
vn 0.3210 -0.3839 0.8658
vn 0.0346 -0.5046 0.8626
vn -0.0178 -0.5053 0.8627
vn -0.0747 -0.4998 0.8629
vn -0.0727 -0.4982 0.8640
vn -0.1241 -0.4905 0.8626
vn -0.1745 -0.4735 0.8633
vn -0.2702 -0.4327 0.8601
vn -0.3325 -0.3878 0.8597
vn -0.3743 -0.3480 0.8595
vn -0.4123 -0.3000 0.8603
vn -0.4872 -0.1073 0.8667
vn -0.4998 -0.0629 0.8639
vn -0.5071 -0.0111 0.8618
vn -0.4978 0.0591 0.8653
vn -0.5003 0.1034 0.8597
vn -0.3160 0.3975 0.8615
vn -0.2677 0.4324 0.8610
vn -0.2257 0.4432 0.8676
vn -0.1604 0.4790 0.8631
vn -0.1655 0.4703 0.8668
vn -0.1058 0.4854 0.8678
vn -0.0646 0.4994 0.8640
vn -0.0129 0.5079 0.8613
vn 0.0444 0.5104 0.8588
vn 0.3383 0.3684 0.8659
vn 0.3739 0.3393 0.8632
vn 0.4371 0.2632 0.8600
vn 0.4796 -0.1309 0.8677
vn 0.4565 -0.2180 0.8626
vn 0.4325 -0.2402 0.8690
vn 0.4014 -0.2937 0.8675
vn 0.3419 -0.3777 0.8605
vn 0.0266 -0.5126 0.8582
vn -0.0124 -0.4983 0.8669
vn -0.2044 -0.4643 0.8618
vn -0.2373 -0.4360 0.8681
vn -0.2915 -0.4058 0.8662
vn -0.3354 -0.3768 0.8635
vn -0.4161 -0.2725 0.8675
vn -0.4512 -0.2216 0.8645
vn -0.4769 -0.1738 0.8616
vn -0.4919 -0.1236 0.8619
vn -0.5007 -0.0722 0.8626
vn -0.4628 0.1842 0.8671
vn -0.4454 0.2400 0.8626
vn -0.4146 0.3004 0.8590
vn -0.3686 0.3525 0.8601
vn -0.0425 0.5086 0.8600
vn 0.0296 0.5111 0.8590
vn 0.3431 0.3695 0.8636
vn 0.3817 0.3250 0.8653
vn 0.4217 0.2761 0.8637
vn 0.4475 0.2375 0.8622
vn 0.5049 0.0662 0.8606
vn 0.5090 0.0073 0.8607
vn 0.4608 -0.1890 0.8671
vn 0.4466 -0.2341 0.8636
vn 0.4232 -0.2819 0.8611
vn 0.3919 -0.3297 0.8589
vn 0.3529 -0.3664 0.8609
vn 0.3066 -0.4071 0.8604
vn 0.1925 -0.4738 0.8593
vn 0.0732 -0.5027 0.8613
vn 0.1366 -0.4922 0.8597
vn 0.0486 -0.4945 0.8678
vn -0.0389 -0.5099 0.8593
vn 0.2619 -0.4406 0.8586
vn 0.4612 -0.1902 0.8667
vn 0.1975 -0.4702 0.8602
vn 0.4474 0.2179 0.8674
vn -0.2170 0.4607 0.8606
vn 0.1852 0.4582 0.8693
vn -0.0891 -0.4981 0.8625
vn -0.0127 -0.4950 0.8688
vn 0.1364 -0.4920 0.8598
vn 0.4233 -0.2849 0.8600
vn 0.4463 0.2172 0.8681
vn -0.4361 0.2352 0.8686
vn 0.1330 0.4823 0.8659
vn 0.0123 0.4999 0.8660
vn -0.0127 -0.4953 0.8686
vn 0.2223 -0.4438 0.8681
vn -0.2624 -0.4386 0.8595
vn -0.0744 -0.4914 0.8677
vn 0.4092 0.2968 0.8628
vn -0.0132 0.5095 0.8604
vn -0.4952 0.0073 0.8687
vn -0.1920 0.4517 0.8713
vn 0.4301 0.2664 0.8626
vn 0.4821 -0.0948 0.8710
vn 0.3666 -0.3317 0.8693
vn -0.2540 -0.4212 0.8707
vn -0.5044 -0.0059 0.8635
vn -0.1865 0.4574 0.8695
vn 0.4932 0.0840 0.8659
vn 0.4901 -0.1074 0.8650
vn 0.4588 -0.2008 0.8655
vn -0.4813 0.1567 0.8624
vn 0.4679 0.1578 0.8696
vn 0.5011 -0.0131 0.8653
vn -0.4328 0.2567 0.8642
vn -0.4900 0.0533 0.8701
vn 0.4230 0.2560 0.8692
vn -0.2527 -0.4368 0.8633
vn 0.1863 -0.4512 0.8728
vn -0.1379 0.4864 0.8628
vn 0.0720 -0.4855 0.8713
vn 0.1104 0.4864 0.8667
vn 0.4403 -0.2475 0.8631
vn 0.3806 -0.3275 0.8648
vn -0.3236 -0.3762 0.8682
vn 0.3682 0.3326 0.8682
vn -0.2011 -0.4541 0.8680
vn -0.4849 0.0822 0.8707
vn -0.3233 -0.3875 0.8633
vn -0.4902 0.0482 0.8703
vn 0.0079 0.4943 0.8692
vn -0.4957 -0.0547 0.8668
vn -0.1846 -0.4636 0.8666
vn 0.0591 -0.9982 -0.0048
vn 0.0565 -0.9984 -0.0000
vn 0.9744 0.2169 0.0597
vn -0.4734 0.1754 -0.8632
vn -0.4173 0.2752 -0.8661
vn 0.0447 0.5091 -0.8595
vn 0.1550 0.4837 -0.8614
vn 0.1835 0.4611 -0.8682
vn 0.2097 0.4641 -0.8606
vn 0.2665 0.4206 -0.8672
vn 0.3032 0.4010 -0.8645
vn 0.3343 0.3739 -0.8651
vn 0.3590 0.3440 -0.8677
vn 0.3872 0.3106 -0.8681
vn 0.4151 0.2732 -0.8678
vn 0.4620 0.1973 -0.8646
vn 0.4634 0.2008 -0.8631
vn 0.4408 0.2388 -0.8652
vn 0.4734 0.1598 -0.8662
vn 0.4933 0.0232 -0.8696
vn 0.4792 -0.1557 -0.8638
vn 0.3933 -0.3038 -0.8677
vn 0.3792 -0.3335 -0.8631
vn 0.3361 -0.3698 -0.8662
vn 0.2645 -0.4226 -0.8669
vn 0.2275 -0.4422 -0.8676
vn 0.1879 -0.4612 -0.8672
vn 0.1501 -0.4743 -0.8675
vn -0.0220 -0.5017 -0.8648
vn -0.0629 -0.4957 -0.8662
vn -0.2008 -0.4535 -0.8683
vn -0.2423 -0.4325 -0.8685
vn -0.2806 -0.4095 -0.8681
vn -0.3140 -0.3854 -0.8677
vn -0.3764 -0.3270 -0.8668
vn -0.4050 -0.3010 -0.8633
vn -0.4314 -0.2588 -0.8643
vn -0.4474 -0.2200 -0.8669
vn -0.4623 -0.1813 -0.8680
vn -0.4985 -0.0048 -0.8669
vn -0.5003 0.0368 -0.8651
vn -0.4938 0.0823 -0.8657
vn -0.4852 0.1187 -0.8663
vn -0.4563 0.1854 -0.8703
vn -0.4551 0.2210 -0.8626
vn -0.4346 0.2375 -0.8687
vn -0.4289 0.2678 -0.8628
vn -0.3887 0.3121 -0.8669
vn -0.3609 0.3481 -0.8652
vn -0.3681 0.3469 -0.8626
vn -0.3287 0.3788 -0.8651
vn -0.2950 0.4011 -0.8672
vn -0.2549 0.4262 -0.8680
vn -0.0993 0.4886 -0.8668
vn -0.0547 0.4965 -0.8663
vn -0.0137 0.5041 -0.8635
vn 0.0289 0.4980 -0.8667
vn 0.0716 0.4923 -0.8675
vn 0.1108 0.4832 -0.8685
vn 0.2354 0.4469 -0.8630
vn 0.2784 0.4174 -0.8650
vn 0.3082 0.3922 -0.8667
vn 0.3419 0.3646 -0.8661
vn 0.3715 0.3330 -0.8667
vn 0.4196 0.2679 -0.8673
vn 0.4426 0.2352 -0.8653
vn 0.4590 0.1975 -0.8662
vn 0.4728 0.1574 -0.8670
vn 0.4845 0.1150 -0.8672
vn 0.4955 0.0286 -0.8681
vn 0.4964 -0.0212 -0.8679
vn 0.4918 -0.0660 -0.8682
vn 0.4848 -0.1084 -0.8679
vn 0.4728 -0.1550 -0.8674
vn 0.4525 -0.2020 -0.8686
vn 0.4191 -0.2509 -0.8726
vn 0.3920 -0.3030 -0.8686
vn 0.2945 -0.3990 -0.8684
vn 0.2569 -0.4262 -0.8674
vn 0.2210 -0.4487 -0.8659
vn 0.1454 -0.4769 -0.8668
vn 0.1029 -0.4868 -0.8674
vn 0.0607 -0.4935 -0.8676
vn -0.0695 -0.4952 -0.8660
vn -0.1116 -0.4911 -0.8639
vn -0.1959 -0.4568 -0.8677
vn -0.2392 -0.4339 -0.8686
vn -0.2782 -0.4107 -0.8683
vn -0.3133 -0.3851 -0.8680
vn -0.3450 -0.3579 -0.8677
vn -0.3726 -0.3438 -0.8620
vn -0.4051 -0.2897 -0.8672
vn -0.4537 -0.2166 -0.8644
vn -0.4655 -0.1798 -0.8666
vn -0.4786 -0.1382 -0.8671
vn -0.4915 -0.1228 -0.8622
vn -0.4994 -0.0099 -0.8663
vn -0.5010 0.0312 -0.8649
vn -0.4944 0.0714 -0.8663
vn -0.4857 0.1135 -0.8667
vn -0.4729 0.1537 -0.8676
vn -0.4582 0.1926 -0.8678
vn -0.4571 0.2206 -0.8616
vn -0.3910 0.3097 -0.8667
vn -0.3669 0.3423 -0.8650
vn -0.2996 0.3961 -0.8680
vn -0.2641 0.4210 -0.8678
vn -0.2472 0.4427 -0.8619
vn -0.1498 0.4770 -0.8660
vn -0.1120 0.4908 -0.8641
vn -0.0621 0.4966 -0.8658
vn -0.0657 0.4994 -0.8639
vn -0.0242 0.4960 -0.8680
vn 0.0215 0.4965 -0.8678
vn 0.0634 0.4940 -0.8672
vn 0.1460 0.4764 -0.8670
vn 0.1833 0.4703 -0.8632
vn 0.2307 0.4468 -0.8644
vn 0.2427 0.4226 -0.8732
vn 0.2937 0.3990 -0.8687
vn 0.3310 0.3706 -0.8678
vn 0.3840 0.3298 -0.8624
vn 0.3623 0.3403 -0.8677
vn 0.4621 0.2019 -0.8635
vn 0.4780 0.1584 -0.8640
vn 0.4866 0.1160 -0.8659
vn 0.4942 0.0708 -0.8664
vn 0.4956 0.0268 -0.8681
vn 0.4923 -0.0588 -0.8684
vn 0.4886 -0.0993 -0.8668
vn 0.4860 -0.1354 -0.8634
vn 0.4681 -0.1824 -0.8647
vn 0.4492 -0.2200 -0.8659
vn 0.4263 -0.2554 -0.8678
vn 0.4256 -0.2731 -0.8627
vn 0.4014 -0.2928 -0.8678
vn 0.3418 -0.3606 -0.8678
vn 0.3734 -0.3266 -0.8683
vn 0.2753 -0.4165 -0.8665
vn 0.2416 -0.4404 -0.8647
vn 0.1988 -0.4598 -0.8655
vn 0.1643 -0.4717 -0.8663
vn 0.1237 -0.4832 -0.8667
vn -0.0081 -0.4960 -0.8683
vn -0.0477 -0.4973 -0.8663
vn -0.1339 -0.4839 -0.8648
vn -0.0921 -0.4920 -0.8657
vn -0.1740 -0.4685 -0.8661
vn -0.2134 -0.4487 -0.8678
vn -0.2542 -0.4271 -0.8677
vn -0.2877 -0.4048 -0.8680
vn -0.3213 -0.3794 -0.8676
vn -0.3494 -0.3646 -0.8631
vn -0.3830 -0.3144 -0.8686
vn -0.4111 -0.2632 -0.8728
vn -0.4466 -0.2154 -0.8684
vn -0.4630 -0.2028 -0.8628
vn -0.4943 -0.0414 -0.8683
vn -0.4998 0.0420 -0.8651
vn -0.4932 0.0833 -0.8659
vn -0.4906 0.1283 -0.8619
vn -0.4334 0.2436 -0.8677
vn -0.3870 0.3164 -0.8661
vn -0.3655 0.3480 -0.8633
vn -0.3223 0.3812 -0.8665
vn -0.2874 0.4111 -0.8651
vn -0.2411 0.4379 -0.8661
vn -0.2039 0.4548 -0.8670
vn -0.1642 0.4708 -0.8668
vn -0.1233 0.4832 -0.8668
vn -0.0812 0.4917 -0.8670
vn -0.0380 0.4951 -0.8680
vn -0.0632 0.5029 -0.8620
vn 0.0503 0.4967 -0.8665
vn 0.1035 0.4782 -0.8721
vn 0.1729 0.4694 -0.8659
vn 0.2128 0.4470 -0.8689
vn 0.2765 0.4209 -0.8639
vn 0.3500 0.3621 -0.8639
vn 0.3825 0.3245 -0.8651
vn 0.4125 0.2943 -0.8621
vn 0.4483 0.2138 -0.8680
vn 0.4654 0.1987 -0.8625
vn 0.4650 0.1748 -0.8679
vn 0.4795 0.1368 -0.8668
vn 0.4947 0.1045 -0.8628
vn 0.4946 0.0420 -0.8681
vn 0.4886 -0.0180 -0.8723
vn 0.4903 -0.0755 -0.8682
vn 0.4826 -0.1198 -0.8676
vn 0.4703 -0.1615 -0.8676
vn 0.4540 -0.2026 -0.8676
vn 0.4357 -0.2436 -0.8665
vn 0.4136 -0.2810 -0.8660
vn 0.3945 -0.3157 -0.8629
vn 0.3624 -0.3437 -0.8663
vn 0.3293 -0.3698 -0.8688
vn 0.2571 -0.4253 -0.8678
vn 0.2341 -0.4481 -0.8628
vn 0.1463 -0.4804 -0.8648
vn 0.1036 -0.4939 -0.8633
vn 0.0153 -0.4984 -0.8668
vn -0.0317 -0.5013 -0.8647
vn -0.0696 -0.4960 -0.8655
vn -0.1091 -0.4857 -0.8673
vn -0.1507 -0.4731 -0.8680
vn -0.1732 -0.4746 -0.8630
vn -0.2345 -0.4383 -0.8677
vn -0.2746 -0.4136 -0.8681
vn -0.3127 -0.3760 -0.8723
vn -0.3688 -0.3381 -0.8659
vn -0.3924 -0.3046 -0.8679
vn -0.4179 -0.2686 -0.8679
vn -0.4377 -0.2552 -0.8621
vn -0.4401 -0.2299 -0.8680
vn -0.4592 -0.1924 -0.8673
vn -0.4754 -0.1508 -0.8667
vn -0.4880 -0.1107 -0.8658
vn -0.4975 -0.0226 -0.8672
vn -0.4963 0.0197 -0.8679
vn -0.5036 0.0367 -0.8632
vn -0.4889 0.1318 -0.8623
vn -0.4741 0.1773 -0.8625
vn -0.4511 0.2234 -0.8640
vn -0.4235 0.2673 -0.8656
vn -0.4008 0.2979 -0.8664
vn -0.3723 0.3309 -0.8671
vn -0.3411 0.3606 -0.8681
vn -0.2887 0.4170 -0.8618
vn -0.3089 0.3881 -0.8683
vn -0.2688 0.4187 -0.8674
vn -0.2324 0.4410 -0.8669
vn -0.2014 0.4622 -0.8636
vn -0.1570 0.4763 -0.8651
vn -0.1193 0.4843 -0.8667
vn -0.1119 0.4916 -0.8636
vn -0.0764 0.4920 -0.8672
vn -0.0631 0.5022 -0.8625
vn -0.0333 0.4950 -0.8683
vn -0.0111 0.5056 -0.8627
vn 0.0137 0.4962 -0.8681
vn 0.0550 0.4939 -0.8678
vn 0.0972 0.4890 -0.8669
vn 0.1367 0.4849 -0.8638
vn 0.1818 0.4668 -0.8655
vn 0.2207 0.4467 -0.8670
vn 0.2598 0.4239 -0.8677
vn 0.2804 0.4208 -0.8627
vn 0.3264 0.3768 -0.8669
vn 0.3586 0.3485 -0.8660
vn 0.3887 0.3160 -0.8655
vn 0.4162 0.2791 -0.8654
vn 0.4171 0.2836 -0.8635
vn 0.4815 0.1199 -0.8682
vn 0.4915 0.0795 -0.8673
vn 0.4897 -0.0890 -0.8673
vn 0.4804 -0.1320 -0.8671
vn 0.4662 -0.1724 -0.8677
vn 0.4494 -0.2131 -0.8675
vn 0.4648 -0.2026 -0.8619
vn 0.4305 -0.2531 -0.8664
vn 0.3821 -0.3212 -0.8665
vn 0.3516 -0.3528 -0.8671
vn 0.3178 -0.3818 -0.8679
vn 0.2802 -0.4097 -0.8681
vn 0.2428 -0.4340 -0.8676
vn 0.2087 -0.4543 -0.8661
vn 0.1710 -0.4706 -0.8656
vn 0.1682 -0.4743 -0.8642
vn -0.0429 -0.4980 -0.8661
vn -0.0890 -0.4895 -0.8675
vn -0.1412 -0.4669 -0.8729
vn -0.2018 -0.4520 -0.8689
vn -0.2456 -0.4315 -0.8680
vn -0.2836 -0.4077 -0.8679
vn -0.3166 -0.3840 -0.8674
vn -0.3497 -0.3565 -0.8664
vn -0.3808 -0.3306 -0.8635
vn -0.3809 -0.3228 -0.8664
vn -0.4094 -0.2845 -0.8668
vn -0.4358 -0.2426 -0.8667
vn -0.4589 -0.1988 -0.8659
vn -0.4722 -0.1594 -0.8670
vn -0.4846 -0.1152 -0.8671
vn -0.4915 -0.0725 -0.8678
vn -0.4943 0.0608 -0.8671
vn -0.4913 0.1010 -0.8651
vn -0.4832 0.1440 -0.8636
vn -0.4644 0.1811 -0.8669
vn -0.3480 0.3553 -0.8676
vn -0.3156 0.3847 -0.8674
vn -0.2964 0.4116 -0.8618
vn -0.2487 0.4378 -0.8640
vn -0.1658 0.4713 -0.8662
vn -0.1272 0.4815 -0.8672
vn -0.0825 0.4907 -0.8674
vn -0.0381 0.4945 -0.8683
vn -0.0636 0.5025 -0.8623
vn 0.0072 0.4970 -0.8677
vn 0.0503 0.4969 -0.8664
vn 0.0407 0.5039 -0.8628
vn 0.0927 0.4922 -0.8656
vn 0.1842 0.4648 -0.8661
vn 0.2315 0.4437 -0.8657
vn 0.2743 0.4243 -0.8630
vn 0.3354 0.3679 -0.8672
vn 0.3549 0.3616 -0.8621
vn 0.3651 0.3382 -0.8674
vn 0.3892 0.3260 -0.8615
vn 0.4439 0.2388 -0.8637
vn 0.4632 0.1929 -0.8650
vn 0.4752 0.1543 -0.8663
vn 0.4918 0.0683 -0.8680
vn 0.4970 0.0234 -0.8674
vn 0.5004 -0.0554 -0.8640
vn 0.4910 -0.1021 -0.8651
vn 0.4800 -0.1395 -0.8661
vn 0.4641 -0.1804 -0.8672
vn 0.4447 -0.2217 -0.8678
vn 0.4195 -0.2636 -0.8686
vn 0.4151 -0.2864 -0.8635
vn 0.3590 -0.3417 -0.8685
vn 0.3243 -0.3769 -0.8676
vn 0.2849 -0.4059 -0.8684
vn 0.2502 -0.4302 -0.8674
vn 0.2254 -0.4515 -0.8633
vn 0.1749 -0.4694 -0.8655
vn 0.1381 -0.4843 -0.8639
vn 0.0953 -0.4900 -0.8665
vn 0.0514 -0.4955 -0.8671
vn 0.0087 -0.4977 -0.8673
vn -0.0151 -0.5068 -0.8619
vn -0.0351 -0.4955 -0.8679
vn -0.0792 -0.4914 -0.8673
vn -0.0659 -0.5012 -0.8628
vn -0.1207 -0.4840 -0.8667
vn -0.1625 -0.4758 -0.8644
vn -0.2087 -0.4568 -0.8647
vn -0.2458 -0.4324 -0.8675
vn -0.3435 -0.3604 -0.8672
vn -0.3129 -0.3878 -0.8670
vn -0.3736 -0.3299 -0.8670
vn -0.4023 -0.2991 -0.8653
vn -0.4297 -0.2608 -0.8645
vn -0.4463 -0.2230 -0.8666
vn -0.4614 -0.1846 -0.8677
vn -0.4760 -0.1449 -0.8674
vn -0.4867 -0.1012 -0.8677
vn -0.5002 -0.0125 -0.8658
vn -0.5007 0.0312 -0.8651
vn -0.4942 0.0693 -0.8666
vn -0.4858 0.1108 -0.8671
vn -0.4566 0.1928 -0.8685
vn -0.4328 0.2374 -0.8696
vn -0.3805 0.3188 -0.8681
vn -0.3497 0.3528 -0.8679
vn -0.3337 0.3814 -0.8621
vn -0.2809 0.4125 -0.8666
vn -0.2453 0.4384 -0.8647
vn -0.2040 0.4594 -0.8645
vn -0.1656 0.4699 -0.8671
vn -0.1267 0.4815 -0.8672
vn -0.0108 0.5062 -0.8624
vn 0.0408 0.5030 -0.8633
vn 0.0892 0.4952 -0.8642
vn 0.1323 0.4830 -0.8656
vn 0.1731 0.4669 -0.8672
vn 0.2134 0.4491 -0.8676
vn 0.2829 0.4188 -0.8629
vn 0.3223 0.3838 -0.8653
vn 0.3547 0.3564 -0.8644
vn 0.3809 0.3230 -0.8664
vn 0.4073 0.2876 -0.8668
vn 0.4679 0.1741 -0.8665
vn 0.4801 0.1323 -0.8672
vn 0.4941 0.0990 -0.8638
vn 0.4961 0.0431 -0.8672
vn 0.5016 0.0008 -0.8651
vn 0.4965 -0.0477 -0.8667
vn 0.4914 -0.0818 -0.8671
vn 0.4704 -0.1631 -0.8672
vn 0.4532 -0.2034 -0.8679
vn 0.4032 -0.2873 -0.8688
vn 0.3092 -0.3937 -0.8657
vn 0.2710 -0.4182 -0.8670
vn 0.2340 -0.4386 -0.8677
vn 0.1574 -0.4723 -0.8673
vn 0.1189 -0.4872 -0.8651
vn 0.0765 -0.4966 -0.8646
vn -0.2912 -0.4011 -0.8685
vn -0.3533 -0.3499 -0.8676
vn -0.4131 -0.2925 -0.8625
vn -0.4381 -0.2468 -0.8644
vn -0.4559 -0.2055 -0.8660
vn -0.4702 -0.1675 -0.8665
vn -0.4932 -0.0305 -0.8694
vn -0.4885 0.1067 -0.8660
vn -0.4765 0.1465 -0.8669
vn -0.4602 0.1879 -0.8677
vn -0.4594 0.2137 -0.8621
vn -0.4224 0.2668 -0.8663
vn -0.4003 0.3018 -0.8653
vn -0.3735 0.3343 -0.8653
vn -0.3404 0.3641 -0.8669
vn -0.3076 0.3898 -0.8680
vn -0.2687 0.4171 -0.8682
vn -0.2497 0.4389 -0.8631
vn -0.1990 0.4598 -0.8655
vn -0.1599 0.4771 -0.8642
vn -0.1203 0.4849 -0.8663
vn -0.0783 0.4917 -0.8673
vn -0.0636 0.5022 -0.8624
vn -0.0298 0.4948 -0.8685
vn 0.0180 0.4945 -0.8690
vn 0.0655 0.4902 -0.8692
vn 0.1162 0.4813 -0.8688
vn 0.2473 0.4299 -0.8684
vn 0.2833 0.4093 -0.8673
vn 0.3179 0.3905 -0.8640
vn 0.3512 0.3604 -0.8642
vn 0.3775 0.3275 -0.8662
vn 0.4014 0.2934 -0.8676
vn 0.4247 0.2563 -0.8683
vn 0.4460 0.2397 -0.8624
vn 0.4650 0.1764 -0.8676
vn 0.4798 0.1393 -0.8663
vn 0.4925 0.0971 -0.8649
vn 0.4974 0.0517 -0.8660
vn 0.4974 0.0079 -0.8675
vn 0.4959 -0.0335 -0.8677
vn 0.4846 -0.1168 -0.8669
vn 0.4833 -0.1492 -0.8626
vn 0.4727 -0.1575 -0.8670
vn 0.4572 -0.1999 -0.8666
vn 0.4393 -0.2428 -0.8649
vn 0.4157 -0.2768 -0.8664
vn 0.3530 -0.3647 -0.8616
vn 0.3624 -0.3409 -0.8675
vn 0.3307 -0.3719 -0.8674
vn 0.3143 -0.3975 -0.8621
vn 0.2955 -0.3999 -0.8676
vn 0.2560 -0.4278 -0.8669
vn 0.2227 -0.4507 -0.8644
vn 0.1467 -0.4760 -0.8671
vn 0.1019 -0.4871 -0.8674
vn -0.0652 -0.5017 -0.8626
vn -0.1664 -0.4728 -0.8653
vn -0.2094 -0.4574 -0.8643
vn -0.2825 -0.4097 -0.8674
vn -0.3147 -0.3852 -0.8675
vn -0.3461 -0.3568 -0.8677
vn -0.3753 -0.3273 -0.8672
vn -0.4029 -0.3052 -0.8629
vn -0.3720 -0.3433 -0.8624
vn -0.4030 -0.2936 -0.8668
vn -0.4654 -0.1790 -0.8668
vn -0.4534 -0.2152 -0.8650
vn -0.4783 -0.1384 -0.8672
vn -0.4867 -0.0957 -0.8683
vn -0.4989 -0.0069 -0.8666
vn -0.5029 0.0315 -0.8638
vn -0.4949 0.0785 -0.8654
vn -0.4855 0.1180 -0.8662
vn -0.4717 0.1605 -0.8670
vn -0.4552 0.1993 -0.8678
vn -0.3879 0.3134 -0.8668
vn -0.3600 0.3468 -0.8661
vn -0.3291 0.3789 -0.8649
vn -0.2882 0.4097 -0.8655
vn -0.2548 0.4285 -0.8669
vn -0.2178 0.4475 -0.8674
vn -0.1400 0.4767 -0.8678
vn -0.1107 0.4928 -0.8630
vn -0.0984 0.4882 -0.8672
vn -0.0550 0.4963 -0.8664
vn -0.0112 0.5027 -0.8644
vn 0.0323 0.4989 -0.8660
vn 0.0745 0.4934 -0.8666
vn 0.1152 0.4838 -0.8676
vn 0.1545 0.4725 -0.8677
vn 0.2734 0.4211 -0.8648
vn 0.3108 0.3938 -0.8651
vn 0.3455 0.3672 -0.8636
vn 0.3696 0.3339 -0.8671
vn 0.3957 0.3017 -0.8674
vn 0.4795 0.1580 -0.8632
vn 0.4611 0.1868 -0.8675
vn 0.4762 0.1470 -0.8669
vn 0.4992 0.0599 -0.8644
vn 0.4988 0.0145 -0.8666
vn 0.4969 -0.0285 -0.8674
vn 0.4922 -0.0707 -0.8676
vn 0.4851 -0.1116 -0.8673
vn 0.4735 -0.1522 -0.8675
vn 0.4593 -0.1932 -0.8670
vn 0.4175 -0.2745 -0.8662
vn 0.3962 -0.3093 -0.8645
vn 0.3677 -0.3379 -0.8664
vn 0.3014 -0.3948 -0.8679
vn 0.2611 -0.4220 -0.8682
vn 0.2243 -0.4432 -0.8679
vn 0.1488 -0.4772 -0.8661
vn 0.1106 -0.4896 -0.8649
vn 0.0678 -0.4958 -0.8658
vn 0.0243 -0.4970 -0.8674
vn -0.0392 -0.5053 -0.8621
vn -0.0181 -0.4968 -0.8677
vn -0.0626 -0.4936 -0.8674
vn -0.0877 -0.4993 -0.8620
vn -0.2319 -0.4447 -0.8651
vn -0.2718 -0.4258 -0.8630
vn -0.3018 -0.3976 -0.8665
vn -0.3317 -0.3714 -0.8672
vn -0.3633 -0.3404 -0.8672
vn -0.3902 -0.3073 -0.8679
vn -0.4170 -0.2695 -0.8681
vn -0.4403 -0.2473 -0.8631
vn -0.4600 -0.1945 -0.8664
vn -0.4773 -0.1523 -0.8654
vn -0.4911 -0.1088 -0.8643
vn -0.4937 -0.0664 -0.8671
vn -0.4955 -0.0235 -0.8683
vn -0.4922 0.0661 -0.8680
vn -0.4976 0.0900 -0.8627
vn -0.4758 0.1471 -0.8672
vn -0.4506 0.2275 -0.8632
vn -0.4221 0.2704 -0.8653
vn -0.3995 0.3001 -0.8662
vn -0.3696 0.3346 -0.8668
vn -0.3377 0.3639 -0.8681
vn -0.1939 0.4615 -0.8657
vn -0.1570 0.4778 -0.8643
vn -0.1151 0.4925 -0.8627
vn -0.0112 0.5006 -0.8656
vn 0.0327 0.5033 -0.8635
vn 0.0822 0.4936 -0.8658
vn 0.1626 0.4710 -0.8670
vn 0.2039 0.4526 -0.8681
vn 0.2805 0.4114 -0.8672
vn 0.3141 0.3892 -0.8660
vn 0.3449 0.3634 -0.8655
vn 0.3740 0.3316 -0.8661
vn 0.3973 0.2986 -0.8677
vn 0.4231 0.2606 -0.8678
vn 0.4450 0.2216 -0.8677
vn 0.4646 0.2027 -0.8620
vn 0.4767 0.1448 -0.8671
vn 0.4988 0.0561 -0.8649
vn 0.4904 0.1007 -0.8656
vn 0.4918 -0.0740 -0.8675
vn 0.4844 -0.1142 -0.8674
vn 0.4725 -0.1556 -0.8675
vn 0.4724 -0.1825 -0.8623
vn 0.4570 -0.1958 -0.8676
vn 0.4354 -0.2379 -0.8682
vn 0.4141 -0.2761 -0.8674
vn 0.4244 -0.2718 -0.8637
vn 0.3919 -0.3111 -0.8658
vn 0.3651 -0.3459 -0.8643
vn 0.3307 -0.3733 -0.8668
vn 0.2217 -0.4451 -0.8676
vn 0.1867 -0.4620 -0.8670
vn 0.1063 -0.4905 -0.8649
vn 0.0631 -0.4991 -0.8643
vn 0.0212 -0.4977 -0.8671
vn -0.0669 -0.4939 -0.8669
vn -0.1079 -0.4864 -0.8671
vn -0.1508 -0.4740 -0.8675
vn -0.1352 -0.4885 -0.8620
vn -0.1909 -0.4602 -0.8671
vn -0.1824 -0.4719 -0.8626
vn -0.2344 -0.4418 -0.8660
vn -0.2700 -0.4211 -0.8659
vn -0.3033 -0.3954 -0.8670
vn -0.3360 -0.3678 -0.8671
vn -0.3641 -0.3397 -0.8672
vn -0.3828 -0.3309 -0.8625
vn -0.4404 -0.2311 -0.8676
vn -0.4604 -0.1945 -0.8661
vn -0.4768 -0.1519 -0.8658
vn -0.4892 -0.1090 -0.8653
vn -0.4952 -0.0620 -0.8665
vn -0.4966 -0.0160 -0.8678
vn -0.4955 0.0277 -0.8682
vn -0.4922 0.0720 -0.8675
vn -0.4850 0.1123 -0.8673
vn -0.4591 0.1926 -0.8672
vn -0.4385 0.2364 -0.8671
vn -0.4201 0.2738 -0.8652
vn -0.3947 0.3110 -0.8646
vn -0.3683 0.3447 -0.8635
vn -0.3348 0.3684 -0.8673
vn -0.2995 0.3963 -0.8679
vn -0.2445 0.4435 -0.8623
vn -0.1502 0.4770 -0.8660
vn -0.1077 0.4892 -0.8655
vn -0.0632 0.4980 -0.8649
vn -0.0140 0.4984 -0.8668
vn 0.0387 0.4960 -0.8675
vn 0.0363 0.4989 -0.8659
vn 0.1340 0.4840 -0.8648
vn 0.1783 0.4677 -0.8657
vn 0.2181 0.4468 -0.8676
vn 0.2567 0.4253 -0.8679
vn 0.3245 0.3751 -0.8683
vn 0.3553 0.3481 -0.8675
vn 0.3827 0.3295 -0.8631
vn 0.4385 0.2376 -0.8667
vn 0.4603 0.1987 -0.8653
vn 0.4745 0.1604 -0.8655
vn 0.4842 0.1182 -0.8669
vn 0.4919 0.0746 -0.8674
vn 0.4950 0.0300 -0.8684
vn 0.4968 -0.0157 -0.8677
vn 0.5039 -0.0435 -0.8627
vn 0.4882 -0.0993 -0.8670
vn 0.4797 -0.1408 -0.8661
vn 0.4675 -0.1829 -0.8649
vn 0.4481 -0.2252 -0.8652
vn 0.4263 -0.2583 -0.8669
vn 0.4257 -0.2714 -0.8632
vn 0.4015 -0.2929 -0.8678
vn 0.3752 -0.3249 -0.8681
vn 0.3980 -0.3108 -0.8631
vn 0.3476 -0.3563 -0.8673
vn 0.3666 -0.3501 -0.8620
vn 0.3142 -0.3875 -0.8667
vn 0.2777 -0.4155 -0.8662
vn 0.2432 -0.4372 -0.8659
vn 0.2065 -0.4523 -0.8676
vn 0.1563 -0.4801 -0.8632
vn 0.1661 -0.4693 -0.8673
vn 0.0899 -0.4889 -0.8677
vn 0.0630 -0.5028 -0.8621
vn 0.0445 -0.4941 -0.8683
vn 0.0027 -0.4988 -0.8667
vn -0.0396 -0.5013 -0.8644
vn -0.0826 -0.4941 -0.8655
vn -0.1225 -0.4841 -0.8664
vn -0.1640 -0.4703 -0.8671
vn -0.2074 -0.4505 -0.8684
vn -0.2322 -0.4490 -0.8628
vn -0.3585 -0.3453 -0.8673
vn -0.4384 -0.2409 -0.8659
vn -0.4608 -0.2016 -0.8643
vn -0.4785 -0.1616 -0.8631
vn -0.4842 -0.1202 -0.8667
vn -0.4902 -0.0787 -0.8681
vn -0.4908 0.0952 -0.8661
vn -0.4821 0.1365 -0.8654
vn -0.4687 0.1804 -0.8648
vn -0.4053 0.2886 -0.8674
vn -0.3989 0.3123 -0.8622
vn -0.3137 0.3862 -0.8675
vn -0.2754 0.4157 -0.8668
vn -0.2395 0.4406 -0.8652
vn -0.2006 0.4606 -0.8646
vn -0.1606 0.4731 -0.8662
vn -0.1214 0.4841 -0.8666
vn -0.0379 0.4939 -0.8687
vn 0.0122 0.4968 -0.8678
vn -0.0067 0.5079 -0.8614
vn 0.1450 0.4835 -0.8633
vn 0.2168 0.4459 -0.8684
vn 0.2586 0.4242 -0.8679
vn 0.3242 0.3800 -0.8663
vn 0.3566 0.3517 -0.8656
vn 0.4161 0.2802 -0.8651
vn 0.4341 0.2454 -0.8668
vn 0.4518 0.2069 -0.8678
vn 0.4677 0.1650 -0.8684
vn 0.4898 0.0795 -0.8682
vn 0.5048 0.0402 -0.8623
vn 0.4951 0.0299 -0.8683
vn 0.5020 -0.0117 -0.8648
vn 0.5018 -0.0119 -0.8649
vn 0.4890 -0.0884 -0.8678
vn 0.4951 -0.1107 -0.8618
vn 0.4802 -0.1291 -0.8676
vn 0.4821 -0.1578 -0.8618
vn 0.4517 -0.2124 -0.8665
vn 0.4348 -0.2518 -0.8646
vn 0.4109 -0.2836 -0.8664
vn 0.3837 -0.3161 -0.8677
vn 0.3541 -0.3466 -0.8686
vn 0.3216 -0.3772 -0.8685
vn 0.2834 -0.4064 -0.8686
vn 0.2585 -0.4342 -0.8629
vn 0.2446 -0.4318 -0.8682
vn 0.0766 -0.4915 -0.8675
vn -0.3617 0.3466 -0.8655
vn -0.5109 -0.0039 -0.8596
vn 0.2855 -0.4103 -0.8661
vn 0.3250 -0.3822 -0.8650
vn 0.4114 -0.2839 -0.8661
vn 0.4435 -0.2395 -0.8637
vn 0.4718 -0.1719 -0.8648
vn 0.4818 0.1126 -0.8690
vn 0.4080 0.2945 -0.8641
vn 0.4043 0.2800 -0.8707
vn 0.3588 0.3534 -0.8639
vn 0.3201 0.3765 -0.8694
vn 0.2695 0.4147 -0.8692
vn 0.2958 0.4079 -0.8638
vn 0.2620 0.4289 -0.8645
vn 0.2185 0.4486 -0.8666
vn 0.0928 0.4931 -0.8650
vn 0.0572 0.4998 -0.8643
vn 0.0130 0.5057 -0.8626
vn -0.0370 0.5047 -0.8625
vn -0.0808 0.4940 -0.8657
vn -0.1219 0.4881 -0.8643
vn -0.1618 0.4781 -0.8633
vn -0.2005 0.4601 -0.8649
vn -0.2378 0.4364 -0.8678
vn -0.2775 0.4198 -0.8641
vn -0.3783 0.3222 -0.8678
vn -0.4105 0.2936 -0.8633
vn -0.4709 0.1815 -0.8633
vn -0.4468 0.2183 -0.8676
vn -0.4837 0.1054 -0.8689
vn -0.4857 0.1379 -0.8632
vn -0.4930 0.0960 -0.8647
vn -0.4944 0.0520 -0.8677
vn -0.4956 0.0509 -0.8671
vn -0.5033 0.0120 -0.8640
vn -0.4776 -0.1614 -0.8636
vn -0.4601 -0.2013 -0.8647
vn -0.4349 -0.2396 -0.8680
vn -0.4200 -0.2797 -0.8633
vn -0.3613 -0.3472 -0.8654
vn -0.3290 -0.3792 -0.8649
vn -0.2940 -0.4112 -0.8629
vn -0.2564 -0.4363 -0.8625
vn -0.2213 -0.4412 -0.8697
vn -0.1634 -0.4693 -0.8678
vn -0.0467 -0.4931 -0.8687
vn 0.0124 -0.5034 -0.8640
vn 0.0451 -0.5049 -0.8620
vn 0.0899 -0.4956 -0.8639
vn 0.0752 -0.4899 -0.8685
vn 0.1272 -0.4835 -0.8660
vn 0.1313 -0.4788 -0.8681
vn 0.2436 -0.4378 -0.8654
vn 0.2938 -0.4099 -0.8635
vn 0.3500 -0.3597 -0.8649
vn 0.3789 -0.3287 -0.8651
vn 0.4081 -0.2986 -0.8627
vn 0.4311 -0.2614 -0.8636
vn 0.4482 -0.2187 -0.8668
vn 0.4689 -0.1835 -0.8640
vn 0.4660 -0.1614 -0.8699
vn 0.4964 -0.0577 -0.8662
vn 0.5029 -0.0169 -0.8642
vn 0.4929 0.0074 -0.8700
vn 0.5036 0.0297 -0.8634
vn 0.4940 0.0748 -0.8662
vn 0.4890 0.1187 -0.8642
vn 0.4586 0.1867 -0.8688
vn 0.4376 0.2436 -0.8656
vn 0.4203 0.2807 -0.8629
vn 0.3598 0.3505 -0.8647
vn 0.3279 0.3787 -0.8655
vn 0.2981 0.4071 -0.8634
vn 0.2744 0.4116 -0.8691
vn 0.2204 0.4500 -0.8654
vn 0.1792 0.4698 -0.8644
vn 0.0893 0.4996 -0.8617
vn 0.0381 0.5067 -0.8613
vn -0.0139 0.5016 -0.8650
vn -0.0632 0.5000 -0.8637
vn -0.1086 0.4949 -0.8621
vn -0.1509 0.4820 -0.8631
vn -0.1870 0.4613 -0.8673
vn -0.2284 0.4462 -0.8653
vn -0.2884 0.4014 -0.8693
vn -0.3368 0.3708 -0.8655
vn -0.3685 0.3449 -0.8633
vn -0.3786 0.3175 -0.8694
vn -0.4153 0.2733 -0.8677
vn -0.4440 0.2400 -0.8633
vn -0.4662 0.1965 -0.8626
vn -0.4774 0.1557 -0.8648
vn -0.4878 0.1131 -0.8656
vn -0.4986 0.0737 -0.8637
vn -0.5042 0.0290 -0.8631
vn -0.4984 -0.0623 -0.8647
vn -0.5021 -0.0153 -0.8647
vn -0.4933 -0.1093 -0.8629
vn -0.4802 -0.1524 -0.8638
vn -0.4596 -0.1870 -0.8682
vn -0.4461 -0.2337 -0.8639
vn -0.4241 -0.2750 -0.8629
vn -0.3638 -0.3395 -0.8674
vn -0.2714 -0.4230 -0.8645
vn -0.2291 -0.4355 -0.8706
vn -0.1534 -0.4799 -0.8638
vn -0.0680 -0.4994 -0.8637
vn 0.0208 -0.5019 -0.8647
vn 0.0638 -0.4988 -0.8643
vn 0.1497 -0.4819 -0.8634
vn 0.1860 -0.4617 -0.8673
vn 0.1867 -0.4619 -0.8670
vn 0.2247 -0.4506 -0.8640
vn 0.2629 -0.4303 -0.8636
vn 0.3339 -0.3773 -0.8638
vn 0.3665 -0.3476 -0.8631
vn 0.3793 -0.3183 -0.8688
vn 0.4189 -0.2745 -0.8655
vn 0.4427 -0.2430 -0.8631
vn 0.4648 -0.1998 -0.8626
vn 0.4694 -0.1624 -0.8679
vn 0.4763 -0.1576 -0.8650
vn 0.4881 -0.1152 -0.8651
vn 0.4986 -0.0754 -0.8636
vn 0.5029 -0.0323 -0.8637
vn 0.4907 -0.0495 -0.8699
vn 0.4976 0.0088 -0.8674
vn 0.4859 0.0581 -0.8721
vn 0.4811 0.1454 -0.8645
vn 0.4611 0.1820 -0.8684
vn 0.4507 0.2241 -0.8641
vn 0.4302 0.2638 -0.8634
vn 0.4310 0.2394 -0.8700
vn 0.4018 0.3011 -0.8648
vn 0.3155 0.3901 -0.8650
vn 0.2817 0.4133 -0.8659
vn 0.2486 0.4394 -0.8632
vn 0.2079 0.4586 -0.8640
vn 0.1648 0.4681 -0.8682
vn 0.0330 0.5045 -0.8628
vn -0.0144 0.5009 -0.8654
vn -0.0667 0.4986 -0.8643
vn -0.1942 0.4627 -0.8650
vn -0.2323 0.4428 -0.8660
vn -0.2704 0.4260 -0.8634
vn -0.2370 0.4340 -0.8692
vn -0.3075 0.3981 -0.8643
vn -0.3394 0.3656 -0.8667
vn -0.3734 0.3382 -0.8638
vn -0.4030 0.3037 -0.8634
vn -0.4148 0.2708 -0.8687
vn -0.4447 0.2316 -0.8652
vn -0.4694 0.1896 -0.8624
vn -0.4807 0.1503 -0.8639
vn -0.4866 0.1054 -0.8672
vn -0.5032 0.0257 -0.8638
vn -0.4935 -0.0074 -0.8697
vn -0.5032 -0.0231 -0.8639
vn -0.4916 -0.0664 -0.8683
vn -0.4617 -0.1950 -0.8653
vn -0.3970 -0.3105 -0.8637
vn -0.3357 -0.3746 -0.8643
vn -0.2741 -0.4111 -0.8694
vn -0.2200 -0.4423 -0.8695
vn -0.2312 -0.4434 -0.8660
vn -0.1640 -0.4662 -0.8694
vn -0.1060 -0.4867 -0.8671
vn -0.0642 -0.4996 -0.8639
vn -0.0187 -0.5046 -0.8631
vn 0.0124 -0.4955 -0.8685
vn 0.0235 -0.5026 -0.8642
vn 0.0679 -0.4967 -0.8652
vn 0.1108 -0.4929 -0.8630
vn 0.1494 -0.4811 -0.8638
vn 0.1858 -0.4610 -0.8677
vn 0.2265 -0.4493 -0.8642
vn 0.2658 -0.4302 -0.8627
vn 0.3042 -0.4000 -0.8646
vn 0.3372 -0.3695 -0.8659
vn 0.3710 -0.3418 -0.8634
vn 0.3790 -0.3179 -0.8691
vn 0.4167 -0.2741 -0.8667
vn 0.4447 -0.2371 -0.8637
vn 0.4659 -0.1969 -0.8627
vn 0.4782 -0.1547 -0.8645
vn 0.4878 -0.1124 -0.8657
vn 0.5001 0.0144 -0.8658
vn 0.4980 0.0599 -0.8651
vn 0.4810 0.1477 -0.8642
vn 0.4613 0.1868 -0.8674
vn 0.4491 0.2282 -0.8638
vn 0.3999 0.3037 -0.8648
vn 0.3730 0.3370 -0.8645
vn 0.3123 0.3953 -0.8638
vn 0.2745 0.4189 -0.8656
vn 0.2328 0.4299 -0.8724
vn 0.1572 0.4766 -0.8650
vn 0.1060 0.4842 -0.8685
vn 0.1163 0.4878 -0.8652
vn 0.0763 0.4989 -0.8633
vn 0.0326 0.5026 -0.8639
vn -0.0120 0.4976 -0.8673
vn -0.1406 0.4815 -0.8651
vn -0.1807 0.4669 -0.8656
vn -0.2929 0.4027 -0.8672
vn -0.3301 0.3801 -0.8640
vn -0.3630 0.3507 -0.8633
vn -0.3795 0.3184 -0.8687
vn -0.3900 0.3156 -0.8650
vn -0.4117 0.2759 -0.8686
vn -0.4886 0.1189 -0.8644
vn -0.4984 0.0769 -0.8635
vn -0.4967 -0.0075 -0.8679
vn -0.5003 -0.0521 -0.8643
vn -0.4811 -0.1390 -0.8656
vn -0.4684 -0.1799 -0.8650
vn -0.4330 -0.2561 -0.8643
vn -0.4022 -0.2931 -0.8674
vn -0.3180 -0.3884 -0.8649
vn -0.2848 -0.4126 -0.8652
vn -0.2098 -0.4579 -0.8639
vn -0.1650 -0.4700 -0.8671
vn 0.0140 -0.5000 -0.8659
vn 0.0586 -0.5012 -0.8634
vn 0.0754 -0.4894 -0.8688
vn 0.1477 -0.4816 -0.8639
vn 0.1835 -0.4616 -0.8679
vn 0.2968 -0.4022 -0.8661
vn 0.3332 -0.3757 -0.8648
vn 0.4417 -0.2448 -0.8631
vn 0.4625 -0.2028 -0.8631
vn 0.4756 -0.1588 -0.8652
vn 0.4693 -0.1630 -0.8679
vn 0.4805 -0.1148 -0.8695
vn 0.4981 0.0078 -0.8671
vn 0.5006 0.0519 -0.8641
vn 0.4807 0.1393 -0.8657
vn 0.4320 0.2596 -0.8637
vn 0.3811 0.3307 -0.8634
vn 0.3526 0.3613 -0.8632
vn 0.3597 0.3387 -0.8694
vn 0.3203 0.3854 -0.8654
vn 0.2860 0.4124 -0.8649
vn 0.2520 0.4383 -0.8628
vn 0.2083 0.4595 -0.8634
vn 0.1649 0.4699 -0.8672
vn 0.1189 0.4902 -0.8635
vn 0.0687 0.5036 -0.8612
vn 0.0208 0.5073 -0.8615
vn -0.0784 0.4940 -0.8659
vn -0.1208 0.4884 -0.8642
vn -0.1855 0.4580 -0.8694
vn -0.2353 0.4394 -0.8669
vn -0.2723 0.4252 -0.8632
vn -0.3120 0.3970 -0.8632
vn -0.3403 0.3639 -0.8671
vn -0.3748 0.3355 -0.8643
vn -0.4031 0.3044 -0.8631
vn -0.4463 0.2286 -0.8652
vn -0.4677 0.1919 -0.8628
vn -0.4811 0.1489 -0.8639
vn -0.4864 0.1066 -0.8672
vn -0.5001 0.0689 -0.8632
vn -0.4910 -0.0695 -0.8684
vn -0.4962 -0.0798 -0.8645
vn -0.4835 -0.1253 -0.8664
vn -0.4748 -0.1679 -0.8639
vn -0.4348 -0.2460 -0.8663
vn -0.4165 -0.2831 -0.8639
vn -0.3895 -0.3213 -0.8632
vn -0.3220 -0.3805 -0.8669
vn -0.2981 -0.4084 -0.8628
vn -0.1758 -0.4701 -0.8649
vn -0.0930 -0.4961 -0.8633
vn 0.0135 -0.4927 -0.8701
vn 0.0363 -0.5070 -0.8612
vn 0.0754 -0.4909 -0.8679
vn 0.0775 -0.4923 -0.8670
vn 0.1993 -0.4603 -0.8651
vn 0.2336 -0.4374 -0.8684
vn 0.3117 -0.3966 -0.8634
vn 0.3826 -0.3324 -0.8621
vn 0.4116 -0.2958 -0.8620
vn 0.4398 -0.2510 -0.8623
vn 0.4597 -0.2073 -0.8635
vn 0.4707 -0.1633 -0.8671
vn 0.4709 -0.1631 -0.8670
vn 0.4961 0.0888 -0.8637
vn 0.4710 0.1746 -0.8647
vn 0.4330 0.2522 -0.8654
vn 0.3857 0.3266 -0.8629
vn 0.3555 0.3574 -0.8637
vn 0.3215 0.3799 -0.8674
vn 0.2927 0.4102 -0.8638
vn 0.2581 0.4343 -0.8630
vn 0.2161 0.4526 -0.8651
vn 0.1746 0.4701 -0.8652
vn 0.1337 0.4873 -0.8630
vn 0.0902 0.4966 -0.8633
vn 0.0487 0.4959 -0.8670
vn 0.0468 0.4979 -0.8659
vn -0.2429 0.4372 -0.8659
vn -0.2783 0.4056 -0.8707
vn -0.3535 0.3578 -0.8643
vn -0.3836 0.3221 -0.8655
vn -0.4170 0.2860 -0.8627
vn -0.4660 0.1991 -0.8621
vn -0.4799 0.1525 -0.8640
vn -0.4879 0.1114 -0.8658
vn -0.4995 0.0704 -0.8634
vn -0.5029 0.0302 -0.8638
vn -0.4951 -0.0073 -0.8688
vn -0.4985 -0.0575 -0.8650
vn -0.4934 -0.1017 -0.8638
vn -0.4805 -0.1459 -0.8648
vn -0.4612 -0.1846 -0.8679
vn -0.4514 -0.2253 -0.8634
vn -0.4305 -0.2614 -0.8639
vn -0.4007 -0.2930 -0.8681
vn -0.3780 -0.3331 -0.8638
vn -0.3488 -0.3649 -0.8632
vn -0.2756 -0.4130 -0.8680
vn -0.2506 -0.4392 -0.8627
vn -0.1622 -0.4729 -0.8661
vn -0.1225 -0.4883 -0.8640
vn -0.1050 -0.4839 -0.8688
vn -0.0367 -0.5023 -0.8639
vn 0.0088 -0.4966 -0.8679
vn 0.0518 -0.5024 -0.8631
vn 0.0958 -0.4951 -0.8635
vn 0.0753 -0.4885 -0.8693
vn 0.1376 -0.4811 -0.8658
vn 0.2517 -0.4353 -0.8644
vn 0.3281 -0.3836 -0.8632
vn 0.4019 -0.3112 -0.8612
vn 0.4255 -0.2694 -0.8640
vn 0.4469 -0.2228 -0.8664
vn 0.4705 -0.1838 -0.8630
vn 0.4851 -0.1416 -0.8629
vn 0.4845 -0.1052 -0.8685
vn 0.4975 -0.0592 -0.8654
vn 0.5041 -0.0211 -0.8634
vn 0.5015 0.0223 -0.8649
vn 0.4936 0.0687 -0.8670
vn 0.4917 0.1127 -0.8634
vn 0.4790 0.1551 -0.8640
vn 0.4585 0.1867 -0.8688
vn 0.4449 0.2335 -0.8646
vn 0.4250 0.2717 -0.8634
vn 0.3664 0.3392 -0.8664
vn 0.3413 0.3727 -0.8629
vn 0.2714 0.4217 -0.8652
vn 0.2318 0.4445 -0.8653
vn 0.1862 0.4712 -0.8622
vn 0.1418 0.4870 -0.8618
vn 0.0936 0.4944 -0.8642
vn 0.0502 0.4966 -0.8665
vn 0.0091 0.5051 -0.8630
vn -0.0825 0.4941 -0.8655
vn -0.1276 0.4837 -0.8659
vn -0.1671 0.4762 -0.8633
vn -0.2416 0.4369 -0.8664
vn -0.2786 0.4048 -0.8709
vn -0.3518 0.3593 -0.8644
vn -0.4347 0.2608 -0.8620
vn -0.4525 0.2160 -0.8652
vn -0.4914 0.1011 -0.8651
vn -0.4988 0.0615 -0.8645
vn -0.5027 -0.0255 -0.8641
vn -0.4901 -0.1162 -0.8639
vn -0.4588 -0.1874 -0.8685
vn -0.4359 -0.2431 -0.8666
vn -0.4149 -0.2875 -0.8633
vn -0.3867 -0.3268 -0.8623
vn -0.3602 -0.3390 -0.8691
vn -0.3539 -0.3596 -0.8634
vn -0.3192 -0.3867 -0.8652
vn -0.3208 -0.3797 -0.8677
vn -0.2869 -0.4119 -0.8649
vn -0.2501 -0.4380 -0.8635
vn -0.2077 -0.4621 -0.8621
vn -0.1655 -0.4699 -0.8670
vn -0.1518 -0.4915 -0.8575
vn -0.0913 -0.4979 -0.8624
vn -0.0475 -0.4942 -0.8680
vn -0.0020 -0.5033 -0.8641
vn 0.0402 -0.5050 -0.8622
vn 0.0754 -0.4899 -0.8685
vn 0.0926 -0.4990 -0.8616
vn 0.1372 -0.4824 -0.8652
vn 0.2095 -0.4585 -0.8637
vn 0.2369 -0.4360 -0.8682
vn 0.2828 -0.4146 -0.8649
vn 0.3546 -0.3569 -0.8642
vn 0.4353 -0.2568 -0.8629
vn 0.4526 -0.2153 -0.8654
vn 0.4712 -0.1746 -0.8646
vn 0.4869 -0.1344 -0.8630
vn 0.4682 -0.1597 -0.8691
vn 0.4951 -0.0913 -0.8640
vn 0.4948 -0.0512 -0.8675
vn 0.5024 -0.0089 -0.8646
vn 0.5035 0.0341 -0.8633
vn 0.4902 0.0710 -0.8687
vn 0.4884 0.1208 -0.8642
vn 0.4768 0.1652 -0.8633
vn 0.4350 0.2425 -0.8672
vn 0.4089 0.2982 -0.8625
vn 0.3917 0.3182 -0.8633
vn 0.3598 0.3494 -0.8652
vn 0.3280 0.3783 -0.8656
vn 0.2979 0.4070 -0.8635
vn 0.2743 0.4113 -0.8692
vn 0.2640 0.4292 -0.8638
vn 0.2213 0.4476 -0.8664
vn 0.0985 0.4920 -0.8650
vn 0.0150 0.5058 -0.8625
vn -0.0754 0.4924 -0.8671
vn -0.1200 0.4884 -0.8643
vn -0.1594 0.4788 -0.8633
vn -0.1857 0.4587 -0.8690
vn -0.2330 0.4423 -0.8661
vn -0.2717 0.4248 -0.8636
vn -0.3395 0.3636 -0.8675
vn -0.3132 0.3952 -0.8636
vn -0.3761 0.3347 -0.8640
vn -0.4047 0.3014 -0.8633
vn -0.4470 0.2259 -0.8655
vn -0.4279 0.2648 -0.8641
vn -0.4687 0.1896 -0.8628
vn -0.4675 0.1613 -0.8691
vn -0.4919 0.1014 -0.8648
vn -0.4990 0.0620 -0.8644
vn -0.5028 -0.0224 -0.8641
vn -0.4923 -0.0685 -0.8677
vn -0.4924 -0.1113 -0.8632
vn -0.4801 -0.1519 -0.8640
vn -0.4763 -0.1321 -0.8693
vn -0.4609 -0.1929 -0.8663
vn -0.4458 -0.2320 -0.8645
vn -0.3991 -0.3088 -0.8633
vn -0.3646 -0.3348 -0.8689
vn -0.3112 -0.3966 -0.8636
vn -0.2378 -0.4429 -0.8645
vn -0.1540 -0.4792 -0.8641
vn -0.1087 -0.4850 -0.8678
vn -0.0451 -0.4916 -0.8696
vn -0.0700 -0.4996 -0.8634
vn -0.0270 -0.5034 -0.8636
vn 0.0127 -0.4973 -0.8675
vn 0.0601 -0.4998 -0.8640
vn 0.0758 -0.4883 -0.8694
vn 0.1037 -0.4952 -0.8626
vn 0.1466 -0.4820 -0.8638
vn 0.1880 -0.4628 -0.8663
vn 0.1828 -0.4607 -0.8686
vn 0.2237 -0.4511 -0.8639
vn 0.2606 -0.4317 -0.8635
vn 0.2963 -0.4030 -0.8659
vn 0.3934 -0.3139 -0.8641
vn 0.4151 -0.2820 -0.8650
vn 0.4404 -0.2474 -0.8631
vn 0.4704 -0.1635 -0.8672
vn 0.4887 -0.1220 -0.8639
vn 0.5005 -0.0783 -0.8622
vn 0.4933 -0.0496 -0.8685
vn 0.5125 -0.0204 -0.8585
vn 0.5054 0.0412 -0.8619
vn 0.4799 0.1367 -0.8666
vn 0.4328 0.2561 -0.8643
vn 0.4030 0.2900 -0.8680
vn 0.3184 0.3909 -0.8636
vn 0.2789 0.4104 -0.8682
vn 0.2490 0.4406 -0.8625
vn 0.2123 0.4555 -0.8646
vn 0.1727 0.4686 -0.8664
vn 0.1310 0.4892 -0.8623
vn 0.0922 0.4946 -0.8642
vn 0.0503 0.4969 -0.8663
vn 0.0071 0.5045 -0.8634
vn -0.1238 0.4860 -0.8652
vn -0.1320 0.4773 -0.8688
vn -0.2059 0.4602 -0.8636
vn -0.2430 0.4374 -0.8658
vn -0.2871 0.4106 -0.8654
vn -0.4440 0.2182 -0.8691
vn -0.4714 0.1632 -0.8667
vn -0.5008 0.0413 -0.8646
vn -0.4920 0.0521 -0.8690
vn -0.4941 -0.0013 -0.8694
vn -0.4993 -0.0063 -0.8664
vn -0.4965 -0.0916 -0.8632
vn -0.4794 -0.1316 -0.8677
vn -0.4801 -0.1329 -0.8671
vn -0.4731 -0.1744 -0.8636
vn -0.4574 -0.2182 -0.8621
vn -0.4333 -0.2421 -0.8681
vn -0.4343 -0.2751 -0.8578
vn -0.3927 -0.3209 -0.8619
vn -0.3559 -0.3567 -0.8638
vn -0.3225 -0.3803 -0.8668
vn -0.2923 -0.4104 -0.8638
vn -0.2740 -0.4124 -0.8688
vn -0.1739 -0.4683 -0.8663
vn -0.1667 -0.4665 -0.8687
vn -0.1335 -0.4867 -0.8633
vn -0.1065 -0.4827 -0.8693
vn 0.0379 -0.5051 -0.8623
vn 0.0754 -0.4905 -0.8682
vn 0.0843 -0.4949 -0.8649
vn 0.1238 -0.4776 -0.8698
vn 0.2027 -0.4599 -0.8645
vn 0.2362 -0.4362 -0.8683
vn 0.2780 -0.4203 -0.8638
vn 0.2893 -0.3988 -0.8702
vn 0.3149 -0.3941 -0.8634
vn 0.3426 -0.3613 -0.8672
vn 0.3779 -0.3321 -0.8642
vn 0.4318 -0.2598 -0.8638
vn 0.4460 -0.2205 -0.8674
vn 0.4699 -0.1833 -0.8635
vn 0.4851 -0.1409 -0.8630
vn 0.4980 -0.0597 -0.8651
vn 0.5042 -0.0202 -0.8634
vn 0.4929 0.0081 -0.8701
vn 0.5025 0.0258 -0.8642
vn 0.4920 0.0707 -0.8677
vn 0.4891 0.1165 -0.8644
vn 0.4581 0.1872 -0.8690
vn 0.4421 0.2356 -0.8655
vn 0.4223 0.2767 -0.8632
vn 0.3961 0.3133 -0.8631
vn 0.3639 0.3411 -0.8668
vn 0.3354 0.3755 -0.8640
vn 0.3022 0.4068 -0.8621
vn 0.1973 0.4676 -0.8616
vn 0.1488 0.4816 -0.8636
vn 0.1053 0.4879 -0.8665
vn -0.0240 0.5039 -0.8634
vn -0.0661 0.4905 -0.8689
vn -0.1099 0.4931 -0.8630
vn -0.1316 0.4767 -0.8692
vn -0.1504 0.4815 -0.8634
vn -0.1893 0.4622 -0.8663
vn -0.1871 0.4615 -0.8672
vn -0.2273 0.4484 -0.8644
vn -0.2670 0.4286 -0.8631
vn -0.3023 0.4015 -0.8645
vn -0.3359 0.3718 -0.8654
vn -0.3680 0.3449 -0.8635
vn -0.4162 0.2740 -0.8670
vn -0.4440 0.2396 -0.8634
vn -0.4658 0.1968 -0.8627
vn -0.4769 0.1556 -0.8650
vn -0.4692 0.1615 -0.8682
vn -0.4865 0.1136 -0.8663
vn -0.4986 0.0724 -0.8638
vn -0.5027 0.0307 -0.8639
vn -0.4980 -0.0100 -0.8671
vn -0.4988 -0.0553 -0.8649
vn -0.4805 -0.1385 -0.8660
vn -0.4670 -0.1803 -0.8657
vn -0.4029 -0.2886 -0.8685
vn -0.3180 -0.3898 -0.8643
vn -0.2792 -0.4119 -0.8674
vn -0.2446 -0.4418 -0.8631
vn -0.1537 -0.4789 -0.8643
vn -0.1088 -0.4844 -0.8681
vn -0.0706 -0.4998 -0.8632
vn 0.0126 -0.4966 -0.8679
vn 0.0606 -0.4996 -0.8641
vn 0.0753 -0.4892 -0.8689
vn 0.1464 -0.4813 -0.8642
vn 0.1824 -0.4614 -0.8682
vn 0.2971 -0.4033 -0.8655
vn 0.3680 -0.3447 -0.8635
vn 0.4381 -0.2663 -0.8586
vn 0.4700 -0.1627 -0.8675
vn 0.4874 -0.1094 -0.8663
vn 0.5006 -0.0681 -0.8630
vn 0.5048 -0.0223 -0.8629
vn 0.4936 0.0074 -0.8697
vn 0.5042 0.0279 -0.8632
vn 0.4896 0.1156 -0.8643
vn 0.4611 0.1982 -0.8649
vn 0.3994 0.3033 -0.8652
vn 0.3121 0.3964 -0.8634
vn 0.2761 0.4153 -0.8668
vn 0.2416 0.4412 -0.8643
vn 0.1554 0.4790 -0.8639
vn 0.1124 0.4891 -0.8650
vn 0.0741 0.5001 -0.8628
vn 0.0288 0.5041 -0.8632
vn -0.0152 0.4977 -0.8672
vn -0.0754 0.4892 -0.8689
vn -0.0546 0.5017 -0.8633
vn -0.1003 0.4951 -0.8630
vn -0.1417 0.4815 -0.8649
vn -0.1811 0.4667 -0.8657
vn -0.2964 0.4036 -0.8656
vn -0.3790 0.3179 -0.8691
vn -0.4159 0.2798 -0.8653
vn -0.4424 0.2432 -0.8632
vn -0.4642 0.2014 -0.8625
vn -0.4680 0.1613 -0.8689
vn -0.4767 0.1570 -0.8649
vn -0.4888 0.1194 -0.8642
vn -0.4980 0.0800 -0.8635
vn -0.5012 0.0370 -0.8645
vn -0.4979 -0.0070 -0.8672
vn -0.5005 -0.0530 -0.8641
vn -0.4819 -0.1419 -0.8647
vn -0.4669 -0.1829 -0.8652
vn -0.4321 -0.2591 -0.8638
vn -0.4535 -0.2223 -0.8631
vn -0.4026 -0.2921 -0.8675
vn -0.3815 -0.3304 -0.8633
vn -0.3179 -0.3891 -0.8646
vn -0.2802 -0.4090 -0.8685
vn -0.1551 -0.4805 -0.8632
vn -0.1087 -0.4863 -0.8670
vn -0.0637 -0.4997 -0.8639
vn 0.0233 -0.5012 -0.8650
vn 0.0664 -0.4965 -0.8655
vn 0.1503 -0.4804 -0.8641
vn 0.1874 -0.4602 -0.8678
vn 0.2288 -0.4465 -0.8650
vn 0.2679 -0.4280 -0.8632
vn 0.3021 -0.3999 -0.8653
vn 0.3973 -0.3097 -0.8639
vn 0.4163 -0.2710 -0.8679
vn 0.4436 -0.2369 -0.8644
vn 0.4656 -0.1982 -0.8625
vn 0.4781 -0.1551 -0.8645
vn 0.4882 -0.1129 -0.8654
vn 0.4987 -0.0709 -0.8639
vn 0.5054 -0.0234 -0.8626
vn 0.4912 0.0705 -0.8682
vn 0.4759 0.1201 -0.8713
vn 0.4612 0.2003 -0.8644
vn 0.4346 0.2365 -0.8690
vn 0.3969 0.2921 -0.8702
vn 0.3623 0.3468 -0.8652
vn 0.3358 0.3755 -0.8639
vn 0.2279 0.4439 -0.8666
vn 0.1875 0.4686 -0.8633
vn 0.0617 0.4916 -0.8686
vn 0.0092 0.5101 -0.8601
vn -0.4198 0.2744 -0.8651
vn -0.5019 0.0691 -0.8622
vn -0.4862 -0.0709 -0.8710
vn -0.1663 -0.4732 -0.8651
vn -0.1663 -0.4725 -0.8655
vn 0.0724 -0.4993 -0.8634
vn 0.0735 -0.4940 -0.8663
vn 0.3224 -0.3849 -0.8648
vn 0.4215 0.2771 -0.8634
vn 0.2893 -0.4001 -0.8696
vn -0.2225 0.4517 -0.8640
vn -0.1320 0.4779 -0.8684
vn 0.4348 0.2331 -0.8698
vn 0.4932 0.0726 -0.8669
vn 0.1630 0.4662 -0.8695
vn 0.4909 -0.1001 -0.8654
vn -0.2162 -0.4529 -0.8649
vn 0.2376 -0.4339 -0.8691
vn 0.1340 -0.4780 -0.8681
vn 0.0152 -0.4993 -0.8663
vn -0.0325 0.5044 -0.8629
vn 0.4601 0.2075 -0.8633
vn -0.4791 -0.1610 -0.8629
vn 0.3065 0.4010 -0.8633
vn 0.3970 0.3068 -0.8650
vn 0.1752 -0.4711 -0.8645
vn -0.1674 0.4767 -0.8630
vn -0.5054 -0.0289 -0.8624
vn -0.4238 0.2681 -0.8651
vn -0.3789 0.3175 -0.8693
vn 0.4032 0.2943 -0.8665
vn 0.2228 -0.4511 -0.8642
vn -0.2196 0.4531 -0.8640
vn 0.0483 0.4920 -0.8692
vn 0.3462 0.3678 -0.8631
vn -0.3048 -0.4014 -0.8637
vn -0.4993 0.0677 -0.8638
vn -0.1151 0.4906 -0.8638
vn -0.4948 -0.0787 -0.8655
vn -0.3521 0.3582 -0.8647
vn 0.4570 -0.2146 -0.8632
vn 0.3609 -0.3546 -0.8626
vn -0.3759 -0.3314 -0.8654
vn 0.2917 0.4034 -0.8673
vn -0.4546 0.2225 -0.8624
vn 0.3298 -0.3849 -0.8620
vn -0.2634 0.4222 -0.8674
vn 0.1490 -0.4773 -0.8660
vn 0.2970 -0.3984 -0.8678
vn -0.3506 -0.3656 -0.8622
vn 0.4155 -0.2870 -0.8631
vn 0.4828 0.1474 -0.8633
vn -0.1493 -0.4829 -0.8629
vn 0.4503 -0.2293 -0.8630
vn 0.4701 -0.1871 -0.8625
vn -0.4081 0.2782 -0.8695
vn 0.0355 -0.5058 -0.8619
vn -0.0100 0.5064 -0.8622
vn -0.2702 -0.4285 -0.8622
vn 0.0375 0.5043 -0.8627
vn 0.2953 -0.4003 -0.8675
vn 0.3825 0.3253 -0.8648
vn -0.0101 0.5061 -0.8624
vn -0.4994 -0.0001 -0.8664
vn -0.4752 0.1734 -0.8626
vn -0.1522 -0.4734 -0.8676
vn 0.1101 -0.4854 -0.8673
vn 0.3023 -0.4002 -0.8651
vn 0.0327 -0.5734 0.8186
vn 0.5588 0.1243 0.8199
vn 0.5565 0.1882 0.8093
vn 0.4877 0.2970 0.8209
vn 0.4173 0.4014 0.8153
vn 0.3088 0.4762 0.8233
vn 0.2509 0.5081 0.8240
vn 0.2722 0.5111 0.8153
vn 0.2185 0.5389 0.8136
vn 0.1843 0.5301 0.8277
vn 0.1266 0.5504 0.8253
vn 0.1562 0.5579 0.8150
vn 0.0930 0.5728 0.8144
vn 0.0314 0.5735 0.8186
vn 0.5532 -0.1798 0.8134
vn -0.4984 0.2653 0.8254
vn -0.4781 0.3241 0.8163
vn -0.4401 0.3786 0.8143
vn -0.2206 0.5369 0.8143
vn -0.1566 0.5575 0.8153
vn -0.0911 0.5706 0.8161
vn -0.0317 0.5732 0.8188
vn -0.0316 0.5724 0.8193
vn -0.0304 0.5735 0.8186
vn -0.0903 0.5665 0.8191
vn -0.1542 0.5492 0.8213
vn -0.2162 0.5265 0.8222
vn -0.2773 0.4944 0.8238
vn -0.3326 0.4581 0.8243
vn -0.3830 0.4163 0.8246
vn -0.4290 0.3693 0.8243
vn -0.4678 0.3173 0.8249
vn -0.4633 0.3539 0.8125
vn -0.4980 0.2996 0.8138
vn -0.2348 -0.5272 0.8167
vn -0.0363 -0.5710 0.8201
s 0
f 22//1 13//1 2//1
f 2861//2 2892//2 3031//2
f 2057//3 2111//3 2507//3
f 1810//4 1960//4 1897//4
f 11//5 28//5 24//5
f 567//6 407//6 428//6
f 5080//7 5079//7 5074//7
f 18//8 11//8 24//8
f 29//9 51//9 36//9
f 2552//10 3356//10 3513//10
f 498//11 493//11 675//11
f 2057//12 2507//12 2430//12
f 544//13 428//13 303//13
f 487//14 485//14 486//14
f 1778//15 1573//15 1090//15
f 294//16 1090//16 1573//16
f 3002//17 2430//17 3012//17
f 1764//18 1766//18 2557//18
f 477//19 1599//19 1768//19
f 2453//20 2249//20 2315//20
f 3543//21 3012//21 3462//21
f 2287//22 2331//22 2283//22
f 2069//23 2139//23 2249//23
f 4534//24 3476//24 3513//24
f 485//14 483//14 486//14
f 485//14 482//14 483//14
f 79//24 32//24 44//24
f 2622//25 2669//25 2490//25
f 2507//26 3012//26 2430//26
f 4242//27 3543//27 3967//27
f 2159//28 2154//28 2107//28
f 3013//29 2941//29 2850//29
f 109//30 113//30 112//30
f 2287//31 2159//31 2312//31
f 3037//32 3031//32 2892//32
f 2811//33 2892//33 2861//33
f 1599//24 523//24 1616//24
f 4//34 3//34 21//34
f 11//35 5//35 10//35
f 1778//36 2277//36 1573//36
f 1766//18 2555//18 2557//18
f 5059//37 5042//37 5032//37
f 3197//38 3196//38 3037//38
f 3012//39 3005//39 3462//39
f 2989//40 3161//40 3037//40
f 25//41 12//41 21//41
f 66//42 64//42 47//42
f 20//43 40//43 21//43
f 40//44 59//44 66//44
f 49//45 47//45 64//45
f 75//46 64//46 66//46
f 3356//47 4589//47 3513//47
f 59//48 76//48 66//48
f 39//49 18//49 24//49
f 783//50 785//50 675//50
f 462//51 403//51 223//51
f 16//52 48//52 35//52
f 1740//53 1543//53 1727//53
f 2950//54 3179//54 3492//54
f 1709//55 1810//55 1897//55
f 953//56 598//56 886//56
f 1765//57 1763//57 488//57
f 4783//58 5019//58 4539//58
f 3352//59 3350//59 4597//59
f 3350//59 4594//59 4597//59
f 4598//60 4596//60 4599//60
f 291//61 84//61 65//61
f 4596//60 4595//60 4599//60
f 4596//60 4593//60 4595//60
f 4533//62 4633//62 4296//62
f 2712//63 2430//63 3002//63
f 767//64 783//64 675//64
f 3328//65 2712//65 3002//65
f 120//66 169//66 126//66
f 5038//67 5060//67 5055//67
f 2604//68 2659//68 2695//68
f 4593//60 4592//60 4595//60
f 4593//60 4590//60 4592//60
f 4590//60 4589//60 4592//60
f 3525//69 3328//69 3002//69
f 1//70 2//70 13//70
f 38//71 62//71 57//71
f 53//72 65//72 68//72
f 1459//73 2057//73 1760//73
f 234//74 297//74 222//74
f 3350//75 3349//75 4594//75
f 1796//76 1709//76 1897//76
f 4597//60 4594//60 4598//60
f 5043//77 5057//77 5061//77
f 2486//78 2669//78 2646//78
f 3967//79 4798//79 4242//79
f 22//80 38//80 13//80
f 88//81 127//81 144//81
f 2230//82 2069//82 2249//82
f 2151//83 1587//83 1760//83
f 2712//84 2151//84 2430//84
f 3197//85 3037//85 3161//85
f 28//86 50//86 24//86
f 396//87 346//87 703//87
f 2659//88 2813//88 2695//88
f 2873//89 2812//89 2790//89
f 2977//90 3360//90 3005//90
f 3161//91 2989//91 3181//91
f 2430//92 1760//92 2057//92
f 50//93 28//93 36//93
f 5013//94 5009//94 5021//94
f 3928//95 4101//95 3959//95
f 3028//96 2989//96 2873//96
f 5017//97 5037//97 5023//97
f 2230//98 2249//98 2327//98
f 114//99 110//99 119//99
f 17//100 3//100 18//100
f 39//101 42//101 18//101
f 4937//102 4993//102 4606//102
f 5061//103 5072//103 5074//103
f 878//104 1459//104 1014//104
f 84//105 68//105 65//105
f 4421//106 4377//106 4359//106
f 2296//107 2330//107 2261//107
f 1587//108 865//108 1760//108
f 3036//24 2508//24 3352//24
f 2331//109 2267//109 2283//109
f 593//110 286//110 384//110
f 5068//111 5050//111 5061//111
f 4594//60 4596//60 4598//60
f 4594//60 4593//60 4596//60
f 4594//60 4591//60 4593//60
f 5078//112 5068//112 5079//112
f 4105//113 4014//113 4313//113
f 5040//114 5052//114 5072//114
f 493//115 516//115 675//115
f 4591//60 4590//60 4593//60
f 4588//60 4590//60 4591//60
f 3349//116 4591//116 4594//116
f 3349//116 3347//116 4591//116
f 1003//117 767//117 956//117
f 3347//116 4588//116 4591//116
f 51//118 65//118 53//118
f 5064//119 5046//119 5067//119
f 36//120 28//120 29//120
f 2557//116 2555//116 3352//116
f 5012//121 4242//121 4798//121
f 3511//24 3700//24 4598//24
f 68//122 50//122 53//122
f 2555//116 3350//116 3352//116
f 2555//123 3349//123 3350//123
f 1031//124 1171//124 886//124
f 2555//125 2553//125 3349//125
f 39//126 24//126 50//126
f 2553//125 3347//125 3349//125
f 5061//127 5074//127 5068//127
f 475//128 642//128 492//128
f 492//129 674//129 516//129
f 2551//125 3347//125 2553//125
f 9//130 15//130 10//130
f 14//131 16//131 8//131
f 953//132 886//132 1171//132
f 4582//133 4181//133 4281//133
f 1766//18 1767//18 2555//18
f 1767//18 2553//18 2555//18
f 33//134 34//134 9//134
f 1767//18 1768//18 2553//18
f 1618//24 2493//24 1765//24
f 1768//18 2551//18 2553//18
f 173//135 222//135 295//135
f 486//136 483//136 1764//136
f 483//136 1766//136 1764//136
f 79//24 478//24 45//24
f 72//137 65//137 51//137
f 4//138 5//138 11//138
f 32//24 79//24 45//24
f 4993//139 4963//139 4608//139
f 4590//140 4588//140 5011//140
f 51//141 53//141 36//141
f 4590//142 5011//142 4589//142
f 2050//143 2035//143 2123//143
f 2557//24 2508//24 1764//24
f 5079//144 5068//144 5074//144
f 5072//145 5080//145 5074//145
f 3351//146 3353//146 2558//146
f 1145//147 1294//147 1316//147
f 302//148 580//148 284//148
f 2486//149 2646//149 2453//149
f 1763//150 484//150 488//150
f 3498//151 3669//151 3649//151
f 3353//152 2556//152 2558//152
f 1533//153 1460//153 1695//153
f 31//154 48//154 16//154
f 1294//155 1322//155 1460//155
f 5023//156 4798//156 5010//156
f 487//24 486//24 1722//24
f 2508//24 2428//24 1722//24
f 2811//157 2651//157 2695//157
f 3353//152 3355//152 2556//152
f 54//158 51//158 29//158
f 483//136 1767//136 1766//136
f 3352//24 3700//24 3036//24
f 478//24 1593//24 572//24
f 4598//24 3700//24 4597//24
f 3352//24 4597//24 3700//24
f 224//159 282//159 281//159
f 2551//160 3501//160 3347//160
f 4//161 11//161 18//161
f 14//162 30//162 16//162
f 4586//163 4405//163 4784//163
f 1627//24 1722//24 2428//24
f 4853//164 4784//164 4546//164
f 5078//165 5073//165 5066//165
f 856//166 598//166 953//166
f 1171//167 1145//167 953//167
f 170//168 121//168 171//168
f 4546//169 4488//169 4853//169
f 4725//170 4793//170 4488//170
f 223//171 224//171 281//171
f 4108//172 3982//172 4405//172
f 2050//173 2123//173 2129//173
f 2651//174 2604//174 2695//174
f 23//175 29//175 28//175
f 3187//176 2950//176 3492//176
f 573//177 462//177 281//177
f 3323//178 3197//178 3161//178
f 83//179 65//179 72//179
f 2269//180 2133//180 2129//180
f 1941//181 2070//181 2068//181
f 3700//24 3511//24 3036//24
f 516//182 304//182 492//182
f 119//183 226//183 165//183
f 121//184 119//184 165//184
f 50//185 36//185 53//185
f 1627//24 1618//24 487//24
f 2330//186 2296//186 2416//186
f 1618//24 1627//24 2308//24
f 3036//24 2988//24 2428//24
f 2261//187 2147//187 2296//187
f 3036//24 3511//24 2988//24
f 5056//188 5036//188 5055//188
f 2123//189 2147//189 2261//189
f 2269//190 2129//190 2261//190
f 298//191 475//191 304//191
f 1459//192 878//192 1114//192
f 285//193 231//193 230//193
f 488//24 487//24 1618//24
f 6//194 7//194 9//194
f 1793//195 1945//195 1814//195
f 114//196 118//196 111//196
f 23//197 11//197 10//197
f 21//198 12//198 4//198
f 478//199 79//199 479//199
f 3511//24 3686//24 2988//24
f 1763//150 1762//150 484//150
f 4599//24 3686//24 4598//24
f 3511//24 4598//24 3686//24
f 88//200 89//200 127//200
f 1618//24 1765//24 488//24
f 296//201 56//201 69//201
f 286//202 285//202 230//202
f 2308//24 2988//24 2493//24
f 478//203 1761//203 1593//203
f 572//204 296//204 69//204
f 144//205 189//205 194//205
f 3351//24 2988//24 3686//24
f 483//136 480//136 1767//136
f 3180//206 2791//206 3529//206
f 384//207 286//207 230//207
f 90//200 131//200 133//200
f 1//208 32//208 26//208
f 120//209 113//209 115//209
f 617//210 291//210 83//210
f 3351//24 2558//24 2493//24
f 70//24 523//24 477//24
f 4589//24 5018//24 4534//24
f 2458//211 2269//211 2330//211
f 572//212 1575//212 296//212
f 4599//24 3351//24 3686//24
f 2416//213 2479//213 2330//213
f 15//214 29//214 23//214
f 5011//24 5041//24 4589//24
f 4461//215 4026//215 4181//215
f 2269//216 2261//216 2330//216
f 480//136 1768//136 1767//136
f 2123//217 2035//217 2147//217
f 2271//218 1981//218 1575//218
f 2312//219 2333//219 2287//219
f 5041//220 5053//220 5058//220
f 570//221 794//221 367//221
f 857//222 81//222 296//222
f 1575//223 1284//223 296//223
f 1619//224 2271//224 1575//224
f 5079//225 5070//225 5073//225
f 76//226 867//226 612//226
f 75//227 76//227 612//227
f 795//228 75//228 612//228
f 28//229 11//229 23//229
f 384//230 230//230 175//230
f 165//231 226//231 175//231
f 1562//232 2026//232 1452//232
f 1452//233 612//233 1562//233
f 413//234 384//234 283//234
f 3759//235 3187//235 3492//235
f 4191//236 3806//236 3528//236
f 3806//237 3492//237 3179//237
f 3179//238 3528//238 3806//238
f 4930//239 4970//239 4818//239
f 3806//240 4223//240 3492//240
f 4191//241 4886//241 3806//241
f 81//242 58//242 71//242
f 296//243 81//243 71//243
f 1258//244 1113//244 602//244
f 5009//245 4223//245 4886//245
f 3759//246 3458//246 3187//246
f 6//247 9//247 10//247
f 21//248 40//248 47//248
f 49//249 25//249 47//249
f 40//250 66//250 47//250
f 1728//251 1258//251 1452//251
f 2260//252 2113//252 1904//252
f 5060//253 5070//253 5055//253
f 3187//254 3004//254 2686//254
f 3822//255 3458//255 3965//255
f 1481//256 1757//256 1709//256
f 2508//24 2557//24 3352//24
f 5029//257 5021//257 5009//257
f 1636//258 1481//258 1709//258
f 1728//259 1904//259 1258//259
f 6//260 10//260 5//260
f 602//261 74//261 795//261
f 1258//262 1630//262 1113//262
f 3543//263 3525//263 3012//263
f 5//264 12//264 6//264
f 3002//265 3012//265 3525//265
f 3358//266 2980//266 3004//266
f 2123//267 2261//267 2129//267
f 31//268 55//268 48//268
f 2155//269 2260//269 1728//269
f 2950//270 2686//270 2155//270
f 75//271 795//271 74//271
f 5070//272 5071//272 5055//272
f 2260//273 2155//273 2686//273
f 3187//274 3458//274 3004//274
f 3759//275 3492//275 4223//275
f 795//276 1452//276 1258//276
f 2057//277 1459//277 1629//277
f 2950//278 3187//278 2686//278
f 290//279 74//279 602//279
f 1765//24 2493//24 2558//24
f 5013//280 5021//280 5022//280
f 4794//281 5013//281 5022//281
f 2133//282 1957//282 2129//282
f 2988//24 3351//24 2493//24
f 5060//283 5066//283 5073//283
f 5013//284 4794//284 4495//284
f 165//285 175//285 171//285
f 7//286 6//286 8//286
f 2651//287 2458//287 2604//287
f 2695//288 2813//288 2811//288
f 283//289 384//289 175//289
f 5013//290 4495//290 5009//290
f 4223//291 5009//291 4495//291
f 1031//292 1036//292 1171//292
f 2308//24 2493//24 1618//24
f 886//293 593//293 1031//293
f 2458//294 2330//294 2479//294
f 5057//295 5034//295 5040//295
f 2989//296 3037//296 2892//296
f 2604//297 2458//297 2479//297
f 64//298 75//298 74//298
f 5076//299 5062//299 5077//299
f 2111//300 2057//300 1629//300
f 2499//301 2604//301 2479//301
f 283//302 175//302 226//302
f 290//303 67//303 74//303
f 31//304 52//304 55//304
f 3965//305 3759//305 4495//305
f 5063//306 5064//306 5077//306
f 4794//307 3965//307 4495//307
f 4223//308 4495//308 3759//308
f 2308//24 2428//24 2988//24
f 2428//24 2308//24 1627//24
f 1762//150 481//150 484//150
f 1258//309 602//309 795//309
f 2508//24 3036//24 2428//24
f 1722//24 1627//24 487//24
f 74//310 67//310 64//310
f 5070//311 5060//311 5073//311
f 6//312 14//312 8//312
f 12//313 25//313 14//313
f 5018//314 5030//314 4778//314
f 372//315 570//315 367//315
f 4092//316 4084//316 3941//316
f 5078//317 5079//317 5073//317
f 406//318 184//318 138//318
f 5079//319 5080//319 5070//319
f 486//24 1764//24 1722//24
f 5071//320 5070//320 5080//320
f 3369//321 3540//321 3365//321
f 1722//24 1764//24 2508//24
f 1114//322 1629//322 1459//322
f 64//323 67//323 49//323
f 482//14 480//14 483//14
f 14//324 25//324 30//324
f 477//136 1768//136 480//136
f 1484//325 1681//325 1460//325
f 31//326 16//326 30//326
f 482//14 479//14 480//14
f 49//327 52//327 30//327
f 4412//328 4580//328 4398//328
f 180//329 381//329 128//329
f 4925//330 4972//330 4693//330
f 479//14 477//14 480//14
f 1546//331 1295//331 1481//331
f 2646//332 2642//332 2453//332
f 4993//333 4608//333 4606//333
f 4421//334 4422//334 4377//334
f 2839//335 2674//335 2823//335
f 25//336 49//336 30//336
f 488//14 484//14 487//14
f 484//14 485//14 487//14
f 1902//337 1714//337 1885//337
f 484//14 482//14 485//14
f 2035//338 1902//338 1885//338
f 587//339 410//339 411//339
f 484//14 481//14 482//14
f 1921//340 1740//340 1906//340
f 4219//341 3905//341 4026//341
f 956//342 674//342 950//342
f 52//343 49//343 67//343
f 572//24 1593//24 1619//24
f 67//344 290//344 82//344
f 598//345 587//345 411//345
f 2523//346 3005//346 2507//346
f 1788//347 1954//347 1785//347
f 3546//348 3750//348 3540//348
f 31//349 30//349 52//349
f 2496//350 2678//350 2489//350
f 886//351 598//351 411//351
f 1417//352 1119//352 1295//352
f 1599//24 477//24 523//24
f 481//14 479//14 482//14
f 5021//353 5038//353 5036//353
f 5022//354 5021//354 5036//354
f 56//355 45//355 69//355
f 2552//24 3476//24 2691//24
f 90//200 91//200 131//200
f 1113//356 290//356 602//356
f 1728//357 2260//357 1904//357
f 478//14 479//14 481//14
f 1630//358 1258//358 1904//358
f 1762//359 1761//359 481//359
f 2113//360 1630//360 1904//360
f 3992//361 4139//361 3884//361
f 299//362 234//362 304//362
f 4359//363 4287//363 4302//363
f 45//24 478//24 69//24
f 2070//364 2134//364 2068//364
f 3941//365 3959//365 4092//365
f 2149//366 2068//366 2134//366
f 1761//367 478//367 481//367
f 4373//368 4376//368 4430//368
f 674//369 492//369 642//369
f 2558//367 2556//367 1765//367
f 2333//370 2331//370 2287//370
f 2096//371 2214//371 2054//371
f 4451//372 4194//372 3983//372
f 955//373 1120//373 975//373
f 1714//374 1788//374 1600//374
f 4124//375 4398//375 4106//375
f 1119//376 1429//376 1295//376
f 795//377 612//377 1452//377
f 4708//378 4825//378 4704//378
f 2155//379 1728//379 1452//379
f 867//380 1562//380 612//380
f 954//381 570//381 786//381
f 1569//382 1565//382 1404//382
f 1784//383 1615//383 1745//383
f 1754//384 1923//384 1747//384
f 3967//385 3543//385 3462//385
f 2873//386 2989//386 2812//386
f 4359//387 4377//387 4287//387
f 4645//388 4605//388 4913//388
f 2638//389 2514//389 2708//389
f 2708//390 2729//390 2891//390
f 2467//391 2650//391 2519//391
f 3979//392 3737//392 3905//392
f 3447//393 3403//393 3278//393
f 3347//394 3501//394 4588//394
f 2507//395 3005//395 3012//395
f 3336//396 3515//396 3447//396
f 982//397 579//397 883//397
f 2708//398 2514//398 2519//398
f 2336//399 2161//399 2339//399
f 1773//400 1708//400 1886//400
f 1708//401 1478//401 1527//401
f 223//402 281//402 462//402
f 573//403 281//403 629//403
f 4152//404 4533//404 4296//404
f 2644//405 2652//405 2819//405
f 2846//406 2998//406 2824//406
f 4445//407 4186//407 4634//407
f 5037//408 5017//408 5034//408
f 3791//409 3797//409 3969//409
f 3670//410 3826//410 3797//410
f 3678//411 3845//411 3670//411
f 3751//412 3745//412 3593//412
f 1297//413 1406//413 1527//413
f 1576//414 1292//414 1478//414
f 570//415 571//415 786//415
f 2156//416 2276//416 2320//416
f 2278//417 2460//417 2456//417
f 2095//418 2278//418 2276//418
f 399//419 220//419 161//419
f 3324//420 3336//420 3156//420
f 3465//421 3642//421 3687//421
f 4302//422 4162//422 4155//422
f 3472//423 3514//423 3683//423
f 2327//424 2494//424 2340//424
f 2316//425 2460//425 2278//425
f 2320//426 2276//426 2456//426
f 2031//427 2035//427 1885//427
f 1401//428 1397//428 1186//428
f 3326//429 3323//429 3161//429
f 1193//430 1401//430 1186//430
f 4322//431 4131//431 4508//431
f 2790//432 2819//432 2873//432
f 1674//433 1623//433 1814//433
f 1584//434 1413//434 1659//434
f 2556//435 1763//435 1765//435
f 4302//436 4287//436 4162//436
f 2231//437 2203//437 2092//437
f 4155//438 4060//438 4051//438
f 4464//439 4533//439 4152//439
f 184//440 451//440 237//440
f 2989//441 2813//441 2812//441
f 3642//442 3424//442 3580//442
f 3737//443 3811//443 3580//443
f 2846//444 2915//444 3000//444
f 2846//445 2756//445 2915//445
f 14//446 6//446 12//446
f 4155//447 4162//447 4060//447
f 2497//448 2618//448 2657//448
f 4674//449 4350//449 4729//449
f 4420//450 4729//450 4350//450
f 2659//451 2499//451 2657//451
f 3431//452 3631//452 3593//452
f 1695//453 1880//453 1885//453
f 4051//454 3902//454 3892//454
f 2556//367 1762//367 1763//367
f 4051//455 4060//455 3902//455
f 4622//456 4518//456 4284//456
f 887//457 890//457 1031//457
f 592//458 247//458 318//458
f 4047//459 4464//459 4152//459
f 133//460 190//460 188//460
f 133//461 131//461 190//461
f 3852//462 3935//462 3673//462
f 3604//463 3524//463 3775//463
f 3892//464 3728//464 3748//464
f 4409//465 4095//465 4117//465
f 188//466 239//466 238//466
f 188//467 190//467 239//467
f 2996//468 2841//468 2878//468
f 2412//469 2484//469 2497//469
f 2556//367 2554//367 1762//367
f 238//470 308//470 313//470
f 2050//471 1902//471 2035//471
f 2996//472 2878//472 3051//472
f 4139//473 4259//473 3884//473
f 2554//474 1761//474 1762//474
f 3892//475 3902//475 3728//475
f 466//476 180//476 247//476
f 3202//477 3384//477 3219//477
f 457//478 240//478 574//478
f 2499//479 2416//479 2497//479
f 3745//480 3992//480 3884//480
f 238//481 239//481 308//481
f 1255//482 1105//482 970//482
f 3748//483 3592//483 3585//483
f 1105//484 688//484 970//484
f 2705//485 2838//485 2669//485
f 4464//486 4566//486 4774//486
f 4533//487 4774//487 4841//487
f 313//488 504//488 505//488
f 673//489 512//489 316//489
f 1959//490 1999//490 2116//490
f 2294//491 2403//491 2412//491
f 313//492 308//492 504//492
f 2332//493 2217//493 2396//493
f 2231//494 2045//494 2217//494
f 2416//495 2296//495 2412//495
f 505//496 689//496 693//496
f 4007//497 4200//497 4408//497
f 4115//498 4007//498 4408//498
f 505//499 504//499 689//499
f 693//500 972//500 964//500
f 4579//501 4497//501 4184//501
f 4579//502 4309//502 4639//502
f 3499//503 3366//503 3323//503
f 4497//504 4330//504 4184//504
f 3472//505 3547//505 3323//505
f 4418//506 4380//506 4417//506
f 4746//507 4417//507 4374//507
f 2683//508 2705//508 2622//508
f 4183//509 4058//509 4324//509
f 4054//510 3913//510 4058//510
f 67//511 73//511 52//511
f 849//512 853//512 942//512
f 451//513 739//513 849//513
f 942//514 547//514 849//514
f 82//515 73//515 67//515
f 739//516 744//516 849//516
f 564//517 946//517 853//517
f 797//518 799//518 887//518
f 1238//519 1242//519 1377//519
f 1536//520 1679//520 1525//520
f 3285//521 3343//521 3459//521
f 4331//522 4142//522 4037//522
f 3475//523 3633//523 3459//523
f 2470//524 2329//524 2331//524
f 2552//150 1761//150 2554//150
f 4588//24 3501//24 4539//24
f 2646//525 2669//525 2826//525
f 144//526 127//526 189//526
f 194//527 246//527 240//527
f 2333//528 2470//528 2331//528
f 3809//529 3633//529 3624//529
f 3624//530 3633//530 3475//530
f 4092//531 4101//531 4209//531
f 32//532 1//532 27//532
f 2823//533 2646//533 2826//533
f 194//534 189//534 246//534
f 240//535 316//535 310//535
f 4725//536 4881//536 4793//536
f 4343//537 4369//537 4424//537
f 1119//538 1126//538 952//538
f 1019//539 873//539 676//539
f 1941//540 1810//540 1891//540
f 2329//541 2282//541 2267//541
f 240//542 246//542 316//542
f 310//543 512//543 501//543
f 310//544 316//544 512//544
f 13//545 38//545 27//545
f 501//499 690//499 688//499
f 595//546 694//546 797//546
f 3748//547 3728//547 3592//547
f 366//548 89//548 136//548
f 2149//549 2139//549 2068//549
f 4543//550 4488//550 4793//550
f 1941//551 1891//551 1968//551
f 2070//552 1941//552 1968//552
f 1891//553 1930//553 1968//553
f 2315//554 2249//554 2139//554
f 293//555 227//555 261//555
f 2154//556 2283//556 2267//556
f 952//557 1019//557 676//557
f 2070//558 2154//558 2134//558
f 4908//559 4780//559 4963//559
f 2154//560 2267//560 2134//560
f 2838//561 2826//561 2669//561
f 2315//562 2486//562 2453//562
f 4101//563 4092//563 3959//563
f 4066//564 4107//564 4244//564
f 4209//565 4203//565 4092//565
f 4066//566 4244//566 4101//566
f 4265//567 3931//567 4084//567
f 4369//568 4423//568 4424//568
f 418//569 135//569 187//569
f 4421//570 4705//570 4368//570
f 2382//571 2299//571 2202//571
f 2536//572 2713//572 2673//572
f 2962//573 2828//573 2902//573
f 1768//574 1599//574 2551//574
f 4274//575 4303//575 4343//575
f 4303//576 4369//576 4343//576
f 885//577 1204//577 1070//577
f 881//578 673//578 1052//578
f 2674//579 2731//579 2524//579
f 4160//580 4148//580 4274//580
f 4649//581 4711//581 4362//581
f 92//200 132//200 130//200
f 393//582 90//582 389//582
f 4311//583 4649//583 4362//583
f 1597//584 1600//584 1785//584
f 4381//585 4385//585 4426//585
f 4700//586 4422//586 4356//586
f 92//200 93//200 132//200
f 4148//587 4303//587 4274//587
f 1588//588 1301//588 1466//588
f 1744//589 1466//589 1690//589
f 130//590 192//590 191//590
f 505//591 693//591 885//591
f 430//592 136//592 186//592
f 4553//593 4896//593 4849//593
f 4452//594 4553//594 4776//594
f 130//461 132//461 192//461
f 191//595 244//595 243//595
f 4019//596 4038//596 4160//596
f 4503//597 4602//597 4178//597
f 4097//598 4243//598 3873//598
f 4674//599 4729//599 4954//599
f 4637//600 4553//600 4272//600
f 4729//601 5005//601 4954//601
f 191//602 192//602 244//602
f 4452//603 4776//603 4568//603
f 4368//604 4637//604 4272//604
f 4407//605 4178//605 4032//605
f 1874//606 1965//606 2047//606
f 2124//607 2220//607 2051//607
f 2285//608 2397//608 2218//608
f 243//609 322//609 306//609
f 1114//610 291//610 617//610
f 243//611 244//611 322//611
f 358//612 91//612 135//612
f 91//613 385//613 131//613
f 306//614 511//614 508//614
f 501//615 512//615 690//615
f 140//616 437//616 182//616
f 2607//617 2271//617 2791//617
f 3987//618 4210//618 3985//618
f 4038//619 4148//619 4160//619
f 306//620 322//620 511//620
f 432//621 186//621 251//621
f 3894//622 3879//622 4019//622
f 508//623 685//623 684//623
f 473//624 187//624 252//624
f 4712//625 4644//625 4343//625
f 4385//626 4425//626 4426//626
f 1711//627 1641//627 1823//627
f 1391//628 1339//628 1489//628
f 4680//629 4280//629 4347//629
f 1542//630 1489//630 1641//630
f 4535//631 4303//631 4148//631
f 3465//632 3249//632 3424//632
f 4730//633 4423//633 4369//633
f 688//634 969//634 970//634
f 4689//635 4303//635 4619//635
f 4689//636 4369//636 4303//636
f 688//634 690//634 969//634
f 94//637 156//637 157//637
f 94//637 95//637 156//637
f 373//638 93//638 149//638
f 3527//639 3368//639 3599//639
f 4088//640 3926//640 4112//640
f 4268//641 4310//641 4381//641
f 92//642 368//642 151//642
f 3926//643 3947//643 4112//643
f 2425//644 2284//644 2387//644
f 157//645 215//645 216//645
f 2432//646 2388//646 2280//646
f 4665//647 4356//647 4294//647
f 2299//648 2455//648 2399//648
f 157//645 156//645 215//645
f 2455//649 2583//649 2399//649
f 4353//568 4358//568 4428//568
f 4386//650 4764//650 4535//650
f 4556//651 4166//651 4280//651
f 4715//652 5002//652 4950//652
f 4535//653 4764//653 4840//653
f 438//654 200//654 272//654
f 306//655 589//655 243//655
f 216//656 260//656 274//656
f 426//657 130//657 191//657
f 4670//658 4742//658 4367//658
f 216//659 215//659 260//659
f 1//660 13//660 27//660
f 2993//661 2876//661 3047//661
f 274//662 339//662 338//662
f 274//663 260//663 339//663
f 4310//664 4385//664 4381//664
f 4358//568 4427//568 4428//568
f 338//665 540//665 537//665
f 614//666 1113//666 1267//666
f 96//667 125//667 134//667
f 4271//668 4358//668 4353//668
f 338//669 339//669 540//669
f 4455//670 4052//670 4166//670
f 3160//671 3296//671 3221//671
f 537//672 762//672 761//672
f 3393//673 3277//673 3395//673
f 537//674 540//674 762//674
f 761//675 994//675 992//675
f 761//676 762//676 994//676
f 2494//677 2674//677 2524//677
f 244//678 596//678 322//678
f 3692//679 3541//679 3785//679
f 3948//680 3692//680 3785//680
f 992//681 1167//681 1160//681
f 992//682 994//682 1167//682
f 2224//683 2048//683 2222//683
f 1974//684 2132//684 2049//684
f 3382//685 3599//685 3368//685
f 970//686 1127//686 1134//686
f 4304//687 4670//687 4367//687
f 772//688 306//688 508//688
f 497//689 191//689 243//689
f 862//690 772//690 508//690
f 1160//691 1389//691 1383//691
f 4376//692 4429//692 4430//692
f 4264//693 4358//693 4271//693
f 2475//694 2302//694 2356//694
f 4277//668 4295//668 4373//668
f 3957//695 3729//695 3813//695
f 4558//696 4180//696 4279//696
f 3677//697 3439//697 3581//697
f 3682//698 3813//698 3587//698
f 450//699 822//699 528//699
f 98//700 162//700 148//700
f 4164//701 4264//701 4271//701
f 610//702 528//702 921//702
f 1101//703 952//703 676//703
f 970//686 969//686 1127//686
f 96//704 97//704 125//704
f 4177//705 4264//705 4164//705
f 134//706 199//706 209//706
f 4712//707 4750//707 4975//707
f 4460//708 4022//708 4180//708
f 382//709 95//709 360//709
f 4171//710 4601//710 4304//710
f 4721//711 4731//711 4982//711
f 134//712 125//712 199//712
f 4016//713 4049//713 4164//713
f 3819//714 4002//714 3988//714
f 4201//715 4329//715 4046//715
f 2973//716 2954//716 3152//716
f 209//717 259//717 275//717
f 209//718 199//718 259//718
f 1134//719 1305//719 1309//719
f 27//720 38//720 57//720
f 1134//721 1127//721 1305//721
f 1309//722 1474//722 1476//722
f 4295//723 4376//723 4373//723
f 4045//724 4444//724 4171//724
f 1755//725 1557//725 1737//725
f 275//726 341//726 344//726
f 275//727 259//727 341//727
f 344//728 545//728 550//728
f 3007//729 2832//729 2970//729
f 2978//730 3146//730 2976//730
f 1309//731 1305//731 1474//731
f 1040//732 1032//732 856//732
f 4049//733 4177//733 4164//733
f 344//734 341//734 545//734
f 1548//735 1612//735 1380//735
f 1801//736 1912//736 1732//736
f 2114//737 2322//737 2259//737
f 2086//738 2114//738 2259//738
f 550//739 773//739 777//739
f 4534//740 3529//740 3476//740
f 1145//741 1040//741 856//741
f 550//742 545//742 773//742
f 1476//743 1699//743 1700//743
f 777//744 1005//744 1007//744
f 1476//745 1474//745 1699//745
f 4205//746 3890//746 4022//746
f 1270//747 989//747 1159//747
f 755//748 876//748 532//748
f 777//749 773//749 1005//749
f 1267//750 1630//750 1751//750
f 4228//751 4444//751 4045//751
f 2825//752 2641//752 2743//752
f 1739//753 1929//753 1916//753
f 1007//754 1179//754 1184//754
f 1007//755 1005//755 1179//755
f 4189//756 4487//756 4064//756
f 4192//757 3988//757 4479//757
f 2691//758 3476//758 2791//758
f 3903//759 4228//759 4045//759
f 1096//760 876//760 755//760
f 4601//761 4512//761 4811//761
f 4460//762 4812//762 4659//762
f 3877//763 3889//763 4016//763
f 1416//764 1167//764 1250//764
f 994//765 1250//765 1167//765
f 1184//766 1402//766 1405//766
f 4679//767 4276//767 4345//767
f 3523//768 3659//768 3483//768
f 443//769 360//769 219//769
f 1300//770 1185//770 1160//770
f 1096//771 755//771 989//771
f 1416//772 1389//772 1167//772
f 1184//773 1179//773 1402//773
f 479//774 79//774 477//774
f 1405//775 1574//775 1577//775
f 3940//776 4205//776 4230//776
f 4000//777 3940//777 4230//777
f 3729//778 3957//778 3903//778
f 1405//779 1402//779 1574//779
f 1577//780 1756//780 1759//780
f 3889//781 4049//781 4016//781
f 4163//436 4179//436 4277//436
f 2855//782 2969//782 3006//782
f 639//783 532//783 876//783
f 400//784 390//784 150//784
f 160//785 404//785 218//785
f 555//786 443//786 277//786
f 4662//787 4720//787 4370//787
f 4501//788 4548//788 4264//788
f 4177//789 4501//789 4264//789
f 4179//436 4295//436 4277//436
f 4020//596 4041//596 4163//596
f 4300//790 4662//790 4370//790
f 619//791 1084//791 934//791
f 951//792 1228//792 1084//792
f 218//793 528//793 279//793
f 4796//794 4559//794 4817//794
f 693//795 689//795 972//795
f 2819//796 2995//796 2873//796
f 4782//797 4875//797 4907//797
f 4722//798 4830//798 4875//798
f 898//799 631//799 1080//799
f 4555//800 4662//800 4300//800
f 2997//801 2869//801 3041//801
f 98//802 99//802 162//802
f 148//803 212//803 213//803
f 2271//804 2691//804 2791//804
f 4154//805 4555//805 4300//805
f 3335//806 3209//806 3401//806
f 148//807 162//807 212//807
f 213//808 263//808 262//808
f 213//808 212//808 263//808
f 3169//809 3127//809 3288//809
f 3017//810 2945//810 3127//810
f 3169//811 3017//811 3127//811
f 4041//812 4179//812 4163//812
f 206//813 400//813 150//813
f 262//814 330//814 332//814
f 4248//815 4502//815 4009//815
f 262//816 263//816 330//816
f 113//817 85//817 115//817
f 332//818 530//818 531//818
f 332//819 330//819 530//819
f 4046//820 4475//820 4154//820
f 466//821 381//821 180//821
f 4502//822 4248//822 4687//822
f 1592//823 1750//823 1581//823
f 531//824 764//824 756//824
f 1700//825 1871//825 1876//825
f 3896//622 3882//622 4020//622
f 1145//826 1316//826 1040//826
f 1700//825 1699//825 1871//825
f 5075//827 5058//827 5053//827
f 1876//828 2042//828 2045//828
f 531//824 530//824 764//824
f 4431//829 4383//829 4364//829
f 5011//24 5053//24 5041//24
f 3876//830 4201//830 4046//830
f 1890//831 1939//831 1770//831
f 1682//832 1455//832 1579//832
f 756//675 997//675 993//675
f 2636//833 2605//833 2768//833
f 3882//781 4041//781 4020//781
f 756//834 764//834 997//834
f 4569//835 4167//835 4276//835
f 1876//828 1871//828 2042//828
f 2045//836 2210//836 2217//836
f 2669//837 2486//837 2490//837
f 1751//838 2113//838 2136//838
f 3854//839 4015//839 3876//839
f 2045//836 2042//836 2210//836
f 993//840 1169//840 1168//840
f 3645//841 3622//841 3792//841
f 1774//842 1759//842 1922//842
f 100//843 123//843 124//843
f 114//844 119//844 121//844
f 4214//845 4318//845 4531//845
f 993//682 997//682 1169//682
f 2217//846 2395//846 2396//846
f 529//847 1004//847 801//847
f 2217//848 2210//848 2395//848
f 3273//849 3338//849 3371//849
f 3517//850 3685//850 3526//850
f 3637//851 3859//851 3689//851
f 467//852 562//852 284//852
f 3699//853 3847//853 3586//853
f 3470//854 3451//854 3263//854
f 3619//855 3699//855 3586//855
f 609//856 439//856 257//856
f 4431//857 4432//857 4383//857
f 4364//858 4278//858 4299//858
f 4716//859 4642//859 4373//859
f 4430//860 4684//860 4373//860
f 566//861 623//861 278//861
f 575//862 276//862 351//862
f 217//863 449//863 158//863
f 623//864 850//864 354//864
f 2961//865 2956//865 2784//865
f 2784//866 2781//866 2615//866
f 2503//867 2419//867 2612//867
f 2677//868 2835//868 2784//868
f 4813//869 4905//869 4960//869
f 104//870 142//870 143//870
f 118//871 114//871 121//871
f 104//870 105//870 142//870
f 3018//872 3174//872 2992//872
f 3174//873 3177//873 3338//873
f 871//874 580//874 884//874
f 3585//875 3432//875 3427//875
f 3355//152 2554//152 2556//152
f 911//876 860//876 627//876
f 3020//877 2999//877 3177//877
f 453//878 562//878 627//878
f 4301//879 4581//879 4363//879
f 4431//880 4609//880 4371//880
f 4098//881 3936//881 3906//881
f 4342//537 4355//537 4434//537
f 4352//568 4439//568 4440//568
f 4339//882 4439//882 4352//882
f 1023//883 800//883 1224//883
f 4745//884 4686//884 4341//884
f 111//885 85//885 109//885
f 2021//886 1943//886 1856//886
f 2396//887 2567//887 2563//887
f 4437//888 4745//888 4341//888
f 1325//889 1120//889 1292//889
f 4643//890 4354//890 4285//890
f 4094//891 3895//891 3942//891
f 4269//892 4339//892 4352//892
f 2396//893 2395//893 2567//893
f 2240//894 2196//894 2100//894
f 4607//895 4500//895 4289//895
f 4346//568 4372//568 4438//568
f 1948//896 2100//896 2012//896
f 362//897 650//897 359//897
f 359//898 720//898 397//898
f 256//899 203//899 198//899
f 359//900 650//900 720//900
f 4364//901 4383//901 4278//901
f 1431//902 1426//902 1260//902
f 1530//903 1518//903 1675//903
f 2563//904 2720//904 2721//904
f 4552//905 4268//905 4559//905
f 1851//906 1631//906 1675//906
f 3755//907 3559//907 3630//907
f 4672//908 4748//908 4357//908
f 4372//568 4437//568 4438//568
f 397//909 183//909 139//909
f 472//910 832//910 409//910
f 4286//858 4290//858 4346//858
f 651//911 394//911 379//911
f 375//912 409//912 734//912
f 1316//913 1533//913 1260//913
f 4355//568 4433//568 4434//568
f 2563//904 2567//904 2720//904
f 4273//575 4288//575 4342//575
f 2469//914 2562//914 2359//914
f 4349//568 4365//568 4436//568
f 4290//363 4372//363 4346//363
f 4350//568 4360//568 4420//568
f 4676//915 4349//915 4726//915
f 4757//916 4726//916 4436//916
f 4266//917 4339//917 4269//917
f 4703//918 4438//918 4354//918
f 4669//919 4346//919 4727//919
f 4438//920 4727//920 4346//920
f 185//921 422//921 137//921
f 863//922 1217//922 1083//922
f 1107//923 1217//923 863//923
f 4172//924 4266//924 4269//924
f 1230//925 1367//925 1020//925
f 2642//926 2494//926 2450//926
f 1382//927 1563//927 1293//927
f 1271//928 1112//928 1367//928
f 456//929 519//929 198//929
f 986//930 1226//930 1111//930
f 2721//931 2882//931 2872//931
f 106//932 166//932 147//932
f 805//933 565//933 622//933
f 288//934 386//934 565//934
f 805//935 470//935 565//935
f 2453//936 2642//936 2450//936
f 258//937 280//937 464//937
f 656//938 467//938 464//938
f 3174//939 3020//939 3177//939
f 280//940 470//940 464//940
f 2791//941 3476//941 3529//941
f 496//942 216//942 274//942
f 108//943 111//943 109//943
f 3484//944 3652//944 3373//944
f 34//945 15//945 9//945
f 2375//946 2576//946 2487//946
f 2823//947 2674//947 2642//947
f 3995//948 3878//948 3710//948
f 3298//949 3114//949 3249//949
f 3784//950 3641//950 3589//950
f 4170//436 4290//436 4286//436
f 4138//951 4290//951 4170//951
f 590//952 427//952 825//952
f 116//953 112//953 113//953
f 2465//954 2655//954 2485//954
f 2653//955 2655//955 2786//955
f 542//956 197//956 255//956
f 4909//957 4858//957 4911//957
f 298//958 304//958 234//958
f 4110//959 4258//959 4515//959
f 4697//960 4312//960 4515//960
f 143//961 193//961 196//961
f 143//961 142//961 193//961
f 369//962 444//962 146//962
f 4466//963 4541//963 4777//963
f 4320//964 4777//964 4578//964
f 106//965 107//965 166//965
f 4305//966 4681//966 4361//966
f 3043//967 2955//967 3144//967
f 3189//968 3144//968 3312//968
f 2837//969 3015//969 2975//969
f 147//970 214//970 211//970
f 147//971 166//971 214//971
f 3025//972 2887//972 3059//972
f 3200//973 3378//973 3226//973
f 100//974 101//974 123//974
f 3585//875 3592//875 3432//875
f 176//975 170//975 171//975
f 3667//976 3653//976 3827//976
f 4299//977 4185//977 4150//977
f 4288//576 4355//576 4342//576
f 4685//978 4291//978 4344//978
f 2552//979 1593//979 1761//979
f 1074//980 855//980 860//980
f 2646//981 2823//981 2642//981
f 1374//982 1029//982 1233//982
f 4149//983 4538//983 4305//983
f 850//984 947//984 551//984
f 5030//985 5008//985 4778//985
f 7//986 33//986 9//986
f 196//987 245//987 242//987
f 386//988 745//988 622//988
f 565//989 386//989 622//989
f 207//990 441//990 152//990
f 337//991 583//991 267//991
f 4360//568 4419//568 4420//568
f 416//992 147//992 211//992
f 211//993 264//993 267//993
f 211//994 214//994 264//994
f 3755//995 3783//995 3958//995
f 4127//996 3863//996 3958//996
f 607//997 627//997 860//997
f 3355//998 3356//998 2554//998
f 1003//999 783//999 767//999
f 3018//1000 2839//1000 2823//1000
f 3867//1001 4081//1001 4067//1001
f 1599//24 1616//24 2551//24
f 4322//1002 4603//1002 4488//1002
f 495//1003 206//1003 269//1003
f 3703//1004 4001//1004 3838//1004
f 4299//1005 4278//1005 4185//1005
f 2680//1006 2834//1006 2792//1006
f 2631//1007 2680//1007 2792//1007
f 4284//858 4298//858 4350//858
f 4298//858 4360//858 4350//858
f 2106//1008 2266//1008 2066//1008
f 3338//1009 3177//1009 3340//1009
f 2721//1010 2720//1010 2882//1010
f 1958//1011 2066//1011 1903//1011
f 3356//1012 2552//1012 2554//1012
f 3810//1013 3833//1013 3998//1013
f 3662//1014 3657//1014 3833//1014
f 3942//1015 3810//1015 3998//1015
f 4173//580 4146//580 4284//580
f 4599//152 4595//152 3351//152
f 722//1016 562//1016 467//1016
f 2826//1017 3018//1017 2823//1017
f 4856//1018 4790//1018 4859//1018
f 4146//587 4298//587 4284//587
f 4297//1019 4672//1019 4357//1019
f 4168//587 4266//587 4172//587
f 985//1020 979//1020 750//1020
f 453//1021 615//1021 302//1021
f 884//1022 615//1022 983//1022
f 634//1023 323//1023 517//1023
f 630//1024 569//1024 332//1024
f 5011//24 5042//24 5053//24
f 5041//1025 5058//1025 5030//1025
f 196//987 193//987 245//987
f 124//1026 178//1026 179//1026
f 427//1027 263//1027 212//1027
f 242//1028 311//1028 314//1028
f 633//1029 577//1029 327//1029
f 242//1030 245//1030 311//1030
f 3345//1031 3312//1031 3488//1031
f 3664//1032 3503//1032 3488//1032
f 124//1033 123//1033 178//1033
f 179//1034 236//1034 253//1034
f 3487//1035 3385//1035 3603//1035
f 2877//1036 3026//1036 3048//1036
f 3188//1037 3383//1037 3213//1037
f 4293//1038 4690//1038 4366//1038
f 179//1039 178//1039 236//1039
f 253//1040 325//1040 327//1040
f 2126//1041 2258//1041 2071//1041
f 1918//1042 1970//1042 2071//1042
f 314//1043 502//1043 509//1043
f 4137//1044 4157//1044 4273//1044
f 4025//1045 4138//1045 4170//1045
f 3984//1046 4071//1046 4258//1046
f 2552//24 3513//24 3476//24
f 2776//1047 2608//1047 2702//1047
f 3907//1048 4224//1048 4044//1048
f 2701//1049 2609//1049 2778//1049
f 4365//568 4435//568 4436//568
f 267//1050 333//1050 337//1050
f 4031//1051 4138//1051 4025//1051
f 4664//1052 4540//1052 4900//1052
f 248//1053 554//1053 185//1053
f 4584//1054 4528//1054 4871//1054
f 4341//1055 4686//1055 4270//1055
f 4458//1056 4560//1056 4807//1056
f 4499//1057 4285//1057 4174//1057
f 267//1050 264//1050 333//1050
f 337//665 539//665 534//665
f 3627//1058 3757//1058 3786//1058
f 3615//1059 3627//1059 3786//1059
f 3781//1060 3817//1060 3644//1060
f 3812//1061 3643//1061 3646//1061
f 3340//1062 3445//1062 3521//1062
f 3781//1063 3987//1063 3817//1063
f 1497//1064 1545//1064 1414//1064
f 1884//1065 1698//1065 1878//1065
f 4057//1066 4056//1066 4172//1066
f 4169//1067 4584//1067 4297//1067
f 3324//1068 3319//1068 3497//1068
f 4027//1069 4036//1069 4173//1069
f 674//1070 956//1070 767//1070
f 253//1071 236//1071 325//1071
f 516//1072 674//1072 767//1072
f 411//1073 286//1073 593//1073
f 2621//1074 2694//1074 2505//1074
f 314//1075 311//1075 502//1075
f 3575//1076 3398//1076 3628//1076
f 509//1077 692//1077 682//1077
f 4036//619 4146//619 4173//619
f 568//1078 441//1078 270//1078
f 3909//1079 3872//1079 4027//1079
f 491//1080 211//1080 267//1080
f 4529//1081 4615//1081 4301//1081
f 4144//1082 4529//1082 4301//1082
f 4157//436 4288//436 4273//436
f 4595//1083 3353//1083 3351//1083
f 826//1084 627//1084 562//1084
f 3517//1085 3340//1085 3521//1085
f 302//1086 284//1086 562//1086
f 886//1087 411//1087 593//1087
f 2992//1088 2839//1088 3018//1088
f 858//1089 613//1089 1045//1089
f 1019//1090 1126//1090 1195//1090
f 4647//1091 4282//1091 4348//1091
f 258//1092 464//1092 467//1092
f 284//1093 258//1093 467//1093
f 4012//1094 4033//1094 4137//1094
f 3373//1095 3628//1095 3398//1095
f 4542//1096 4914//1096 4859//1096
f 4543//1097 4963//1097 4780//1097
f 3965//1098 4473//1098 3822//1098
f 4049//1099 3889//1099 4218//1099
f 4704//1100 4521//1100 4524//1100
f 2472//1101 2599//1101 2470//1101
f 237//1102 620//1102 312//1102
f 2075//1103 2016//1103 1935//1103
f 85//1104 111//1104 118//1104
f 2358//1105 2410//1105 2229//1105
f 2494//1106 2327//1106 2450//1106
f 5046//1107 5026//1107 5030//1107
f 1481//1108 1295//1108 1429//1108
f 3746//1109 3731//1109 3896//1109
f 2596//1110 2462//1110 2410//1110
f 3279//1111 3474//1111 3431//1111
f 4336//1112 4629//1112 4143//1112
f 3696//1113 3946//1113 3769//1113
f 3927//1114 3807//1114 4117//1114
f 4500//1115 4316//1115 4165//1115
f 662//1116 357//1116 740//1116
f 5058//1117 5046//1117 5030//1117
f 3028//1118 3181//1118 2989//1118
f 3608//1119 3544//1119 3769//1119
f 2149//1120 2282//1120 2139//1120
f 3923//1121 3795//1121 3981//1121
f 2450//1122 2327//1122 2249//1122
f 4521//1123 4263//1123 4306//1123
f 3811//1124 4078//1124 3858//1124
f 4219//1125 4524//1125 4306//1125
f 562//1126 453//1126 302//1126
f 2470//1127 2333//1127 2472//1127
f 1401//1128 1193//1128 1404//1128
f 3427//1129 3267//1129 3266//1129
f 964//686 1139//686 1129//686
f 2296//1130 2147//1130 2294//1130
f 1401//1131 1404//1131 1565//1131
f 1124//1132 991//1132 1286//1132
f 4527//1133 4141//1133 4291//1133
f 1388//1134 1454//1134 1286//1134
f 327//1135 521//1135 525//1135
f 1850//1136 1633//1136 1863//1136
f 575//1137 449//1137 276//1137
f 327//1138 325//1138 521//1138
f 804//1139 560//1139 448//1139
f 385//1140 717//1140 448//1140
f 4880//1141 4542//1141 4489//1141
f 560//1142 239//1142 448//1142
f 1337//1143 1200//1143 1176//1143
f 984//1144 1176//1144 1018//1144
f 743//1145 981//1145 749//1145
f 796//1146 1064//1146 609//1146
f 1577//1147 1574//1147 1756//1147
f 2117//1148 2247//1148 2298//1148
f 2195//1149 2117//1149 2298//1149
f 4416//1150 4770//1150 4540//1150
f 4537//1151 4666//1151 4293//1151
f 337//669 333//669 539//669
f 4056//1152 4168//1152 4172//1152
f 3872//1153 4036//1153 4027//1153
f 3857//1154 3685//1154 3689//1154
f 4560//1155 4686//1155 4863//1155
f 4389//1156 4528//1156 4169//1156
f 525//1157 751//1157 768//1157
f 4415//1158 4538//1158 4149//1158
f 964//686 972//686 1139//686
f 3456//1159 3399//1159 3537//1159
f 454//1160 241//1160 183//1160
f 3801//1161 3976//1161 3803//1161
f 4283//858 4292//858 4349//858
f 4034//1162 4415//1162 4149//1162
f 4150//1163 4021//1163 4059//1163
f 525//1164 521//1164 751//1164
f 2787//1165 2620//1165 2796//1165
f 768//1166 987//1166 998//1166
f 4292//858 4365//858 4349//858
f 768//1167 751//1167 987//1167
f 4102//1168 4261//1168 4034//1168
f 3977//1169 4231//1169 4195//1169
f 3732//1170 3718//1170 3909//1170
f 3718//1171 3872//1171 3909//1171
f 4040//1172 4389//1172 4169//1172
f 154//1173 396//1173 204//1173
f 3333//1174 3178//1174 3268//1174
f 3178//1175 3019//1175 3107//1175
f 998//1176 1170//1176 1174//1176
f 3904//1079 3871//1079 4025//1079
f 419//1177 300//1177 705//1177
f 3871//1153 4031//1153 4025//1153
f 3861//1178 3702//1178 3741//1178
f 3204//1179 3245//1179 3090//1179
f 3542//1180 3574//1180 3416//1180
f 3427//1181 3432//1181 3267//1181
f 3372//1182 3416//1182 3245//1182
f 568//1183 928//1183 842//1183
f 625//1184 270//1184 335//1184
f 866//1185 669//1185 1079//1185
f 317//1186 554//1186 248//1186
f 519//1187 611//1187 256//1187
f 1353//1188 1496//1188 1240//1188
f 203//1189 256//1189 257//1189
f 1444//1190 1640//1190 1490//1190
f 534//1191 766//1191 759//1191
f 2228//1192 2256//1192 2085//1192
f 1720//1193 1655//1193 1828//1193
f 1989//1194 2142//1194 2166//1194
f 548//1195 309//1195 241//1195
f 534//674 539//674 766//674
f 2311//1196 2473//1196 2344//1196
f 3245//1197 3204//1197 3372//1197
f 3372//1198 3613//1198 3542//1198
f 536//1199 625//1199 335//1199
f 3204//1200 3396//1200 3372//1200
f 4537//1201 4293//1201 4147//1201
f 4306//1202 4263//1202 4078//1202
f 4824//1203 4880//1203 4489//1203
f 3908//1204 3869//1204 4057//1204
f 4452//1205 4217//1205 4017//1205
f 1461//1206 1475//1206 1705//1206
f 976//1207 506//1207 680//1207
f 3881//1208 4102//1208 4034//1208
f 2149//1209 2134//1209 2267//1209
f 1781//1210 1871//1210 1699//1210
f 1129//1211 1314//1211 1301//1211
f 312//1212 790//1212 510//1212
f 3869//1213 4056//1213 4057//1213
f 3727//1170 3723//1170 3908//1170
f 328//1214 609//1214 257//1214
f 1624//1215 1781//1215 1474//1215
f 499//1216 192//1216 405//1216
f 395//1217 710//1217 405//1217
f 132//1218 395//1218 405//1218
f 2552//24 1619//24 1593//24
f 1160//1219 1167//1219 1389//1219
f 4009//1220 3717//1220 3898//1220
f 4150//1221 4185//1221 4021//1221
f 4009//1222 3840//1222 3717//1222
f 3840//1223 3572//1223 3717//1223
f 2452//1224 2286//1224 2351//1224
f 2286//1225 2116//1225 2173//1225
f 4033//1226 4157//1226 4137//1226
f 2101//1227 2241//1227 2194//1227
f 2098//1228 1950//1228 2179//1228
f 2098//1229 2179//1229 2244//1229
f 3590//1230 3578//1230 3732//1230
f 3888//1231 3893//1231 4012//1231
f 4011//1232 3724//1232 3899//1232
f 4756//1233 4685//1233 4344//1233
f 4429//1234 4756//1234 4344//1234
f 3744//1171 3711//1171 3904//1171
f 3711//1171 3871//1171 3904//1171
f 4055//1235 3742//1235 3868//1235
f 4433//1236 4747//1236 4348//1236
f 4059//1237 3906//1237 3875//1237
f 2282//1238 2149//1238 2267//1238
f 4059//1239 4021//1239 3906//1239
f 5067//1240 5046//1240 5058//1240
f 1915//1241 1934//1241 2085//1241
f 469//1242 584//1242 271//1242
f 4323//1243 4699//1243 4489//1243
f 1876//1244 1793//1244 1700//1244
f 4794//1245 5006//1245 4473//1245
f 759//1246 996//1246 995//1246
f 753//1247 898//1247 1037//1247
f 980//1248 753//1248 1037//1248
f 1194//1249 980//1249 1037//1249
f 2468//1250 2306//1250 2380//1250
f 2421//1251 2570//1251 2376//1251
f 2235//1252 2421//1252 2376//1252
f 204//1253 460//1253 265//1253
f 1747//1254 1745//1254 1569//1254
f 1129//721 1139//721 1314//721
f 4521//1255 4134//1255 4263//1255
f 4824//1256 4489//1256 4699//1256
f 3266//1257 3108//1257 3103//1257
f 3875//1258 4055//1258 4262//1258
f 509//1259 502//1259 692//1259
f 259//1260 199//1260 563//1260
f 4787//1261 4629//1261 4791//1261
f 125//1262 361//1262 452//1262
f 1168//1263 1378//1263 1381//1263
f 3702//1264 3620//1264 3591//1264
f 3760//1265 3499//1265 3666//1265
f 696//1266 799//1266 797//1266
f 2788//1267 2804//1267 2616//1267
f 2150//1268 2317//1268 2250//1268
f 3880//1269 4110//1269 4050//1269
f 877//1270 672//1270 556//1270
f 2069//1271 1897//1271 1960//1271
f 3266//1272 3267//1272 3108//1272
f 1301//1273 1479//1273 1466//1273
f 3386//1274 3605//1274 3339//1274
f 1301//1275 1314//1275 1479//1275
f 3893//1276 4033//1276 4012//1276
f 2623//1277 2798//1277 2661//1277
f 2795//1278 3493//1278 2692//1278
f 4065//1279 4127//1279 4393//1279
f 326//1280 257//1280 256//1280
f 1209//1281 1073//1281 1004//1281
f 4215//1282 4573//1282 4386//1282
f 4386//1283 4038//1283 4215//1283
f 4644//1284 4554//1284 4274//1284
f 4535//1285 4148//1285 4386//1285
f 1117//1286 680//1286 959//1286
f 201//1287 469//1287 271//1287
f 343//1288 406//1288 138//1288
f 86//1289 343//1289 138//1289
f 162//1290 99//1290 301//1290
f 442//1291 162//1291 301//1291
f 3103//1292 2928//1292 2930//1292
f 1466//1293 1701//1293 1690//1293
f 4220//1294 4577//1294 4416//1294
f 4416//1295 4030//1295 4220//1295
f 4316//1296 4090//1296 4039//1296
f 4540//1297 4145//1297 4416//1297
f 4660//1298 4355//1298 4288//1298
f 1466//1299 1479//1299 1701//1299
f 4641//1300 4307//1300 4351//1300
f 1250//1301 1012//1301 1348//1301
f 4225//1302 4072//1302 3891//1302
f 1810//1303 1941//1303 1960//1303
f 1756//1304 1626//1304 1804//1304
f 1574//1305 1626//1305 1756//1305
f 3697//1306 3740//1306 3568//1306
f 4488//1307 4543//1307 4780//1307
f 3663//1308 3405//1308 3500//1308
f 2317//1309 2342//1309 2482//1309
f 2439//1310 2317//1310 2482//1310
f 3723//1311 3869//1311 3908//1311
f 2663//1312 2628//1312 2482//1312
f 492//1313 304//1313 475//1313
f 2035//1314 2146//1314 2147//1314
f 2329//1315 2409//1315 2282//1315
f 626//1316 848//1316 309//1316
f 2068//1317 2139//1317 1960//1317
f 1977//1318 1886//1318 1889//1318
f 372//1319 571//1319 570//1319
f 510//1320 943//1320 681//1320
f 3025//1321 3059//1321 3224//1321
f 3204//1322 3090//1322 3025//1322
f 759//1323 766//1323 996//1323
f 3578//1230 3718//1230 3732//1230
f 4595//1012 3355//1012 3353//1012
f 629//1324 367//1324 794//1324
f 1565//1325 1569//1325 1745//1325
f 3461//1326 3469//1326 3643//1326
f 3974//1327 3916//1327 3804//1327
f 1812//1328 1685//1328 1635//1328
f 299//1329 304//1329 498//1329
f 1931//1330 1745//1330 1924//1330
f 1971//1331 1864//1331 1812//1331
f 4441//1332 4043//1332 4192//1332
f 1757//1333 1891//1333 1810//1333
f 2224//1334 2347//1334 2168//1334
f 1383//1335 1559//1335 1557//1335
f 972//1336 689//1336 1152//1336
f 4158//1337 4151//1337 4268//1337
f 1440//1338 1603//1338 1429//1338
f 304//1339 516//1339 493//1339
f 1862//1340 2036//1340 1812//1340
f 1690//1341 1879//1341 1869//1341
f 4908//1342 4853//1342 4780//1342
f 1635//1343 1862//1343 1812//1343
f 874//1344 1006//1344 535//1344
f 1996//1345 2179//1345 1950//1345
f 1168//1346 1169//1346 1378//1346
f 1709//1347 1757//1347 1810//1347
f 4718//1348 4355//1348 4660//1348
f 1995//1349 1809//1349 1823//1349
f 1935//1350 1783//1350 1799//1350
f 4586//1351 4412//1351 4405//1351
f 3706//1352 3733//1352 3877//1352
f 1602//1353 1622//1353 1787//1353
f 4371//1354 4604//1354 4275//1354
f 3984//1355 4110//1355 3880//1355
f 4321//1356 4471//1356 4035//1356
f 2068//1357 1960//1357 1941//1357
f 1119//1358 1265//1358 1429//1358
f 3287//1359 3290//1359 3123//1359
f 257//1360 326//1360 328//1360
f 4546//1361 4784//1361 4405//1361
f 500//1362 670//1362 317//1362
f 2503//1363 2612//1363 2681//1363
f 3103//1364 3108//1364 2928//1364
f 2500//1365 2377//1365 2575//1365
f 983//1366 776//1366 1089//1366
f 998//1367 987//1367 1170//1367
f 1174//1368 1392//1368 1394//1368
f 1438//1369 1611//1369 1378//1369
f 1169//1370 1438//1370 1378//1370
f 4958//1371 4912//1371 4959//1371
f 4912//1372 4958//1372 4660//1372
f 1971//1373 2055//1373 1864//1373
f 2369//1374 2573//1374 2432//1374
f 564//1375 543//1375 297//1375
f 4454//1376 4456//1376 4199//1376
f 796//1377 328//1377 524//1377
f 3976//1378 4193//1378 3978//1378
f 403//1379 167//1379 223//1379
f 2614//1380 2530//1380 2432//1380
f 1745//1381 1747//1381 1924//1381
f 2069//1382 1960//1382 2139//1382
f 682//1383 971//1383 968//1383
f 3726//1384 3984//1384 3880//1384
f 3044//1385 3194//1385 3155//1385
f 682//1383 692//1383 971//1383
f 3429//1386 3430//1386 3590//1386
f 1027//1387 690//1387 881//1387
f 765//1388 868//1388 536//1388
f 4245//1389 4389//1389 4040//1389
f 4623//1390 4640//1390 4813//1390
f 4221//1391 3901//1391 4052//1391
f 3875//1392 3719//1392 3742//1392
f 1027//1393 881//1393 1215//1393
f 2862//1394 2749//1394 2768//1394
f 1174//1395 1170//1395 1392//1395
f 2955//1396 2818//1396 2972//1396
f 4131//1397 4546//1397 4405//1397
f 4813//1398 4997//1398 4623//1398
f 3383//1399 3342//1399 3601//1399
f 1383//1400 1389//1400 1559//1400
f 3632//1401 3776//1401 3601//1401
f 3136//1402 3293//1402 3094//1402
f 511//1403 322//1403 668//1403
f 3026//1404 2922//1404 3099//1404
f 1812//1405 1864//1405 1685//1405
f 4816//1406 4793//1406 4991//1406
f 1759//1407 1932//1407 1933//1407
f 498//1408 785//1408 870//1408
f 3938//1409 3873//1409 3716//1409
f 673//1410 581//1410 900//1410
f 1004//1411 529//1411 758//1411
f 694//1412 696//1412 797//1412
f 673//1413 881//1413 512//1413
f 3116//1414 3228//1414 3035//1414
f 219//1415 277//1415 443//1415
f 3879//781 4038//781 4019//781
f 2038//1416 1962//1416 1865//1416
f 3430//1417 3578//1417 3590//1417
f 4916//1418 4967//1418 4915//1418
f 3712//1419 3971//1419 3881//1419
f 3875//1420 3906//1420 3719//1420
f 1394//1421 1566//1421 1567//1421
f 1394//1422 1392//1422 1566//1422
f 4746//1423 4966//1423 4992//1423
f 781//1424 877//1424 556//1424
f 1557//1425 1739//1425 1737//1425
f 3854//1426 3876//1426 3740//1426
f 4675//1427 4751//1427 4938//1427
f 621//1428 851//1428 331//1428
f 1940//1429 1886//1429 1977//1429
f 3731//475 3882//475 3896//475
f 3742//1430 3571//1430 3576//1430
f 3851//1431 4123//1431 3968//1431
f 2429//1432 2529//1432 2345//1432
f 3735//1433 3707//1433 3888//1433
f 2108//1434 1940//1434 1977//1434
f 4151//1435 4441//1435 4523//1435
f 2809//1436 2926//1436 2752//1436
f 614//1437 82//1437 290//1437
f 3895//1438 4245//1438 4040//1438
f 3422//1439 3632//1439 3491//1439
f 2649//1440 2562//1440 2469//1440
f 3733//1352 3889//1352 3877//1352
f 3707//1441 3893//1441 3888//1441
f 2433//1442 2350//1442 2539//1442
f 2649//1443 2469//1443 2506//1443
f 1949//1444 1871//1444 1781//1444
f 585//1445 667//1445 694//1445
f 1699//1446 1474//1446 1781//1446
f 3754//1447 3851//1447 3968//1447
f 3257//1448 3244//1448 3429//1448
f 2323//1449 2506//1449 2469//1449
f 430//1450 186//1450 432//1450
f 3120//1451 3034//1451 3186//1451
f 3131//1452 3300//1452 3128//1452
f 1003//1453 955//1453 783//1453
f 3742//1454 3719//1454 3571//1454
f 3793//1455 3754//1455 3968//1455
f 2347//1456 2386//1456 2531//1456
f 3859//1457 3857//1457 3689//1457
f 265//1458 621//1458 331//1458
f 2475//1459 2418//1459 2325//1459
f 3723//1460 3924//1460 3869//1460
f 4747//1461 4994//1461 4965//1461
f 2316//1462 2197//1462 2377//1462
f 991//1463 1124//1463 758//1463
f 2640//1464 2452//1464 2541//1464
f 498//1465 675//1465 785//1465
f 1//1466 26//1466 19//1466
f 955//1467 785//1467 783//1467
f 1381//1468 1558//1468 1556//1468
f 2225//1469 2105//1469 2130//1469
f 4589//24 5041//24 5018//24
f 2279//1470 2229//1470 2410//1470
f 1381//1471 1378//1471 1558//1471
f 508//1472 511//1472 685//1472
f 2528//1473 2344//1473 2473//1473
f 4090//1474 3738//1474 3897//1474
f 3565//1430 3556//1430 3735//1430
f 3875//1475 4262//1475 4059//1475
f 3320//1476 3311//1476 3172//1476
f 5019//24 4588//24 4539//24
f 400//1477 206//1477 495//1477
f 2225//1478 2274//1478 2105//1478
f 2309//1479 2153//1479 2268//1479
f 2184//1480 2280//1480 2122//1480
f 3614//1481 3703//1481 3537//1481
f 3399//1482 3614//1482 3537//1482
f 4581//1483 4615//1483 4800//1483
f 390//1484 400//1484 728//1484
f 3621//1485 3403//1485 3447//1485
f 3556//1486 3707//1486 3735//1486
f 495//1487 813//1487 400//1487
f 3595//483 3583//483 3746//483
f 1567//1488 1746//1488 1748//1488
f 1555//1489 1633//1489 1454//1489
f 2268//1490 2153//1490 2104//1490
f 1556//1491 1736//1491 1735//1491
f 1329//1492 1537//1492 1435//1492
f 3278//1493 3336//1493 3447//1493
f 1690//1341 1701//1341 1879//1341
f 3582//1230 3723//1230 3727//1230
f 3681//1494 3850//1494 3834//1494
f 3244//1495 3430//1495 3429//1495
f 4270//1496 4560//1496 4153//1496
f 1567//1497 1566//1497 1746//1497
f 3808//1498 3971//1498 3712//1498
f 477//24 44//24 70//24
f 2235//1499 2251//1499 2421//1499
f 3562//1500 3808//1500 3712//1500
f 2282//1501 2315//1501 2139//1501
f 2502//1502 2338//1502 2349//1502
f 2962//1503 2882//1503 2828//1503
f 2673//1504 2713//1504 2828//1504
f 968//686 1135//686 1138//686
f 968//1505 971//1505 1135//1505
f 422//1506 737//1506 379//1506
f 2882//1507 2720//1507 2828//1507
f 2536//1508 2673//1508 2502//1508
f 713//1509 452//1509 361//1509
f 4554//1510 4644//1510 4868//1510
f 2207//1511 2055//1511 2122//1511
f 1118//1512 948//1512 1220//1512
f 1971//1513 2036//1513 2184//1513
f 1113//1514 614//1514 290//1514
f 1182//1515 1041//1515 1345//1515
f 2502//1516 2395//1516 2338//1516
f 2058//1517 1924//1517 2089//1517
f 3576//1518 3425//1518 3417//1518
f 2270//1519 2349//1519 2338//1519
f 2814//1520 2957//1520 2888//1520
f 4431//1521 4364//1521 4623//1521
f 4472//1522 4018//1522 4167//1522
f 4411//1523 4630//1523 4792//1523
f 3577//483 3570//483 3744//483
f 4554//1524 4868//1524 4809//1524
f 506//1525 788//1525 318//1525
f 649//1526 724//1526 301//1526
f 69//24 478//24 572//24
f 1869//828 2051//828 2044//828
f 4156//1527 4452//1527 4017//1527
f 1157//1528 1419//1528 1376//1528
f 301//1529 345//1529 649//1529
f 1556//1491 1558//1491 1736//1491
f 4493//1530 4554//1530 4809//1530
f 1888//1531 1938//1531 1983//1531
f 2075//1532 2063//1532 2160//1532
f 2193//1533 2010//1533 1983//1533
f 2331//1534 2329//1534 2267//1534
f 3035//1535 2958//1535 3116//1535
f 2276//1536 2156//1536 2089//1536
f 1066//1537 668//1537 596//1537
f 471//1538 605//1538 260//1538
f 3610//1539 3549//1539 3367//1539
f 1251//1540 979//1540 1151//1540
f 3718//1541 3578//1541 3927//1541
f 3821//1542 4080//1542 3859//1542
f 3812//1543 3817//1543 3985//1543
f 995//1544 1166//1544 1165//1544
f 995//1544 996//1544 1166//1544
f 3863//1545 3866//1545 3730//1545
f 3093//1546 3082//1546 3257//1546
f 1632//1547 1798//1547 1694//1547
f 2449//1548 2336//1548 2514//1548
f 4212//1549 4032//1549 3874//1549
f 1759//1550 1756//1550 1932//1550
f 3975//1551 3802//1551 3805//1551
f 3536//1552 3636//1552 3802//1552
f 3702//1553 3980//1553 3805//1553
f 5075//1554 5067//1554 5058//1554
f 4517//1555 4089//1555 4265//1555
f 3549//1556 3427//1556 3367//1556
f 4692//1557 4510//1557 4517//1557
f 4448//1558 4187//1558 4194//1558
f 2691//24 1619//24 2552//24
f 3576//1417 3571//1417 3425//1417
f 1748//1559 1926//1559 1928//1559
f 792//1560 330//1560 590//1560
f 1099//1561 1249//1561 960//1561
f 3826//1562 4194//1562 3972//1562
f 3082//1257 3244//1257 3257//1257
f 2095//1563 2276//1563 2089//1563
f 786//1564 791//1564 1016//1564
f 1748//1565 1746//1565 1926//1565
f 1924//1566 1927//1566 2089//1566
f 3846//1567 3614//1567 3724//1567
f 1102//1568 786//1568 1016//1568
f 1928//1569 2093//1569 2097//1569
f 1186//1570 1248//1570 1016//1570
f 88//1571 380//1571 129//1571
f 4089//1572 3931//1572 4265//1572
f 1262//1573 1169//1573 997//1573
f 1611//1574 1736//1574 1558//1574
f 1138//719 1310//719 1311//719
f 3442//1575 3647//1575 3562//1575
f 3570//1576 3711//1576 3744//1576
f 1415//1577 1138//1577 1311//1577
f 1677//1578 1696//1578 1472//1578
f 4176//580 4145//580 4283//580
f 894//1579 670//1579 500//1579
f 113//1580 120//1580 116//1580
f 1009//1581 1094//1581 779//1581
f 1735//1582 1915//1582 1913//1582
f 1427//1583 1561//1583 1422//1583
f 3542//1584 3416//1584 3372//1584
f 4618//1585 4324//1585 4202//1585
f 32//1586 27//1586 44//1586
f 3636//1587 3464//1587 3466//1587
f 1537//1588 1716//1588 1601//1588
f 749//1589 796//1589 524//1589
f 520//1590 743//1590 524//1590
f 4588//24 5042//24 5011//24
f 477//24 79//24 44//24
f 3720//1591 3942//1591 3895//1591
f 2909//1592 2906//1592 3093//1592
f 4458//1593 4807//1593 4655//1593
f 3804//1594 3734//1594 3594//1594
f 3287//1595 3460//1595 3290//1595
f 220//1596 461//1596 278//1596
f 3583//1576 3731//1576 3746//1576
f 1165//1597 1386//1597 1387//1597
f 4624//1598 4788//1598 4618//1598
f 4005//1599 4448//1599 4202//1599
f 3551//1600 3723//1600 3582//1600
f 3695//1601 3853//1601 3666//1601
f 2551//24 3493//24 3501//24
f 1138//721 1135//721 1310//721
f 3961//1602 3816//1602 3732//1602
f 44//1603 27//1603 57//1603
f 110//1604 229//1604 119//1604
f 4916//1605 4915//1605 4861//1605
f 3755//1606 3730//1606 3559//1606
f 3436//1607 3551//1607 3582//1607
f 4714//1608 4752//1608 5001//1608
f 2692//24 2551//24 1616//24
f 4664//1609 4900//1609 4957//1609
f 3135//1610 2992//1610 3174//1610
f 1735//1611 1736//1611 1915//1611
f 1913//1612 2085//1612 2083//1612
f 2906//1613 3082//1613 3093//1613
f 4930//1614 4818//1614 4800//1614
f 1913//1615 1915//1615 2085//1615
f 1311//1616 1472//1616 1473//1616
f 1311//1617 1310//1617 1472//1617
f 103//1618 394//1618 155//1618
f 102//870 103//870 141//870
f 1165//1597 1166//1597 1386//1597
f 4074//1619 4457//1619 4204//1619
f 4198//1620 3980//1620 4204//1620
f 4453//1621 4198//1621 4204//1621
f 328//1622 520//1622 524//1622
f 4254//1623 4024//1623 4492//1623
f 4505//1624 4552//1624 4749//1624
f 45//1625 26//1625 32//1625
f 4190//1626 4630//1626 4411//1626
f 3513//24 4589//24 4534//24
f 2649//1627 2506//1627 2697//1627
f 2930//1628 2764//1628 2760//1628
f 1473//1629 1696//1629 1692//1629
f 1473//1629 1472//1629 1696//1629
f 4883//1630 4930//1630 4800//1630
f 1151//1631 1332//1631 1395//1631
f 1376//1632 1332//1632 1157//1632
f 56//1633 26//1633 45//1633
f 4615//1634 4883//1634 4800//1634
f 110//1635 114//1635 111//1635
f 4552//1636 4796//1636 4749//1636
f 4225//1637 4396//1637 4072//1637
f 113//1638 109//1638 85//1638
f 3548//1639 3568//1639 3413//1639
f 681//1640 1099//1640 960//1640
f 2640//1641 2603//1641 2452//1641
f 2423//1642 2262//1642 2452//1642
f 4749//1643 4796//1643 4874//1643
f 1928//1644 1926//1644 2093//1644
f 1692//825 1868//825 1870//825
f 2609//1645 2701//1645 2601//1645
f 2358//1646 2577//1646 2410//1646
f 3988//1647 3886//1647 3722//1647
f 224//1648 378//1648 474//1648
f 4743//1649 4985//1649 4987//1649
f 1291//1650 1190//1650 1403//1650
f 4817//1651 4984//1651 4940//1651
f 2922//1652 3026//1652 2840//1652
f 2840//1653 2746//1653 2922//1653
f 236//1654 608//1654 325//1654
f 2930//1655 2928//1655 2764//1655
f 1455//1656 1656//1656 1503//1656
f 229//1657 110//1657 225//1657
f 2403//1658 2484//1658 2412//1658
f 2207//1659 2280//1659 2388//1659
f 4282//1660 4612//1660 4175//1660
f 1000//1661 769//1661 798//1661
f 110//1662 111//1662 108//1662
f 3927//1663 3872//1663 3718//1663
f 1788//1664 1785//1664 1600//1664
f 1033//1665 1000//1665 798//1665
f 2//1666 1//1666 19//1666
f 746//1667 1033//1667 798//1667
f 1216//1668 1097//1668 1356//1668
f 4819//1669 4941//1669 4985//1669
f 2586//1670 2658//1670 2473//1670
f 1692//825 1696//825 1868//825
f 26//1671 43//1671 19//1671
f 572//1672 1619//1672 1575//1672
f 3806//1673 4886//1673 4223//1673
f 3586//1674 3847//1674 3726//1674
f 2280//1675 2369//1675 2432//1675
f 3890//1676 3940//1676 3715//1676
f 1077//1677 876//1677 1211//1677
f 3807//1678 3927//1678 3578//1678
f 1858//1679 2011//1679 1893//1679
f 1387//1468 1553//1468 1551//1468
f 2658//1680 2528//1680 2473//1680
f 2567//1681 2502//1681 2673//1681
f 1858//1682 1893//1682 1624//1682
f 4817//1683 4833//1683 4984//1683
f 3417//1684 3250//1684 3254//1684
f 1949//1685 1781//1685 1893//1685
f 1781//1686 1624//1686 1893//1686
f 2272//1687 2108//1687 2157//1687
f 2691//1688 2271//1688 1619//1688
f 4737//1689 4635//1689 4918//1689
f 1893//1690 2011//1690 1949//1690
f 2406//1691 2226//1691 2272//1691
f 4679//1692 4934//1692 4878//1692
f 2157//1693 1977//1693 1979//1693
f 494//1694 588//1694 268//1694
f 3749//1695 3917//1695 3752//1695
f 1869//1696 1879//1696 2051//1696
f 989//1697 1270//1697 1096//1697
f 1950//1698 2098//1698 1868//1698
f 3555//483 3588//483 3706//483
f 4906//1699 4874//1699 4796//1699
f 4145//587 4292//587 4283//587
f 2488//1700 2348//1700 2314//1700
f 2131//1701 2314//1701 2176//1701
f 664//1702 696//1702 694//1702
f 2044//1703 2220//1703 2212//1703
f 2744//1628 2739//1628 2909//1628
f 4803//1704 4523//1704 4441//1704
f 1971//1705 1812//1705 2036//1705
f 2404//1706 2440//1706 2511//1706
f 2688//1707 2535//1707 2511//1707
f 1945//1708 2092//1708 2019//1708
f 2626//1709 2688//1709 2511//1709
f 4648//1710 4803//1710 4441//1710
f 4826//1711 4694//1711 4492//1711
f 3715//1712 3701//1712 3560//1712
f 4504//1713 4604//1713 4826//1713
f 2373//1714 2491//1714 2568//1714
f 4886//1715 5029//1715 5009//1715
f 1327//1716 1117//1716 1132//1716
f 3641//1717 3508//1717 3437//1717
f 3422//1718 3491//1718 3256//1718
f 3342//1719 3188//1719 3256//1719
f 3529//1720 4534//1720 4778//1720
f 5018//1721 4778//1721 4534//1721
f 238//1722 313//1722 447//1722
f 984//1723 1018//1723 749//1723
f 2760//1724 2588//1724 2579//1724
f 4581//1725 4800//1725 4818//1725
f 182//1726 522//1726 250//1726
f 1721//1727 1825//1727 1882//1727
f 1949//1728 2112//1728 2042//1728
f 2333//1729 2461//1729 2472//1729
f 2309//1730 2414//1730 2476//1730
f 4246//1731 4060//1731 4459//1731
f 2146//1732 2035//1732 2031//1732
f 1926//1733 1746//1733 1882//1733
f 2050//1734 2129//1734 1957//1734
f 5041//1735 5030//1735 5018//1735
f 628//1736 553//1736 797//1736
f 1793//1737 1623//1737 1700//1737
f 3736//1738 3714//1738 3894//1738
f 2449//1739 2406//1739 2272//1739
f 289//1740 407//1740 435//1740
f 2336//1741 2272//1741 2157//1741
f 1949//1742 2042//1742 1871//1742
f 667//1743 664//1743 694//1743
f 2483//1744 2660//1744 2618//1744
f 982//1745 1085//1745 861//1745
f 3848//1746 4115//1746 3946//1746
f 543//1747 853//1747 744//1747
f 1529//1748 1623//1748 1674//1748
f 2203//1749 2231//1749 2373//1749
f 279//1750 610//1750 355//1750
f 2044//1751 2051//1751 2220//1751
f 4221//1752 4390//1752 4085//1752
f 2475//1753 2356//1753 2540//1753
f 2083//1754 2256//1754 2252//1754
f 2760//1724 2764//1724 2588//1724
f 443//1755 715//1755 360//1755
f 1589//1756 1296//1756 1467//1756
f 543//1757 544//1757 295//1757
f 2276//1758 2278//1758 2456//1758
f 2477//1759 2661//1759 2561//1759
f 2673//1760 2828//1760 2720//1760
f 2212//846 2400//846 2391//846
f 2133//1761 2128//1761 1957//1761
f 2952//1762 2809//1762 2872//1762
f 1557//1763 1559//1763 1739//1763
f 407//1764 289//1764 287//1764
f 3056//1765 2952//1765 2872//1765
f 2739//1766 2906//1766 2909//1766
f 3421//1767 3405//1767 3565//1767
f 607//1768 776//1768 453//1768
f 2083//1769 2085//1769 2256//1769
f 4678//1770 4721//1770 4921//1770
f 1173//1771 969//1771 1027//1771
f 4706//1772 4581//1772 4818//1772
f 3016//1773 2908//1773 2844//1773
f 4151//1774 4310//1774 4268//1774
f 2579//1775 2382//1775 2378//1775
f 3499//1776 3695//1776 3666//1776
f 2031//1777 1885//1777 1880//1777
f 2830//1778 2693//1778 2851//1778
f 4595//1012 4592//1012 3355//1012
f 2212//1779 2220//1779 2400//1779
f 1920//1780 2074//1780 1942//1780
f 627//1781 607//1781 453//1781
f 1943//1782 2021//1782 2118//1782
f 4592//1783 3356//1783 3355//1783
f 5075//1784 5053//1784 5059//1784
f 4443//1785 4023//1785 4161//1785
f 4588//24 5019//24 5042//24
f 1753//1786 1942//1786 1782//1786
f 1421//1787 1605//1787 1439//1787
f 2999//1788 3020//1788 2838//1788
f 1522//1789 1615//1789 1681//1789
f 4126//1790 4014//1790 3923//1790
f 1440//1791 1437//1791 1598//1791
f 1261//1792 1421//1792 1439//1792
f 4217//1793 4073//1793 3883//1793
f 855//1794 889//1794 607//1794
f 5035//1795 5049//1795 5020//1795
f 3959//1796 3809//1796 3761//1796
f 1933//1797 2090//1797 2094//1797
f 4315//1798 4244//1798 4335//1798
f 860//1799 855//1799 607//1799
f 4589//152 3356//152 4592//152
f 4783//1800 4539//1800 3534//1800
f 3459//1801 3343//1801 3475//1801
f 2146//1802 2294//1802 2147//1802
f 1586//1803 1782//1803 1605//1803
f 3173//1804 3003//1804 3115//1804
f 4209//1805 4244//1805 4315//1805
f 2685//1806 2600//1806 2693//1806
f 3534//1807 3493//1807 2795//1807
f 1029//1808 1100//1808 855//1808
f 3534//1809 4539//1809 3493//1809
f 4314//1810 4209//1810 4315//1810
f 2746//1811 2671//1811 2543//1811
f 523//1812 1573//1812 1616//1812
f 2872//1813 3050//1813 3056//1813
f 2872//1814 2882//1814 3050//1814
f 2391//1815 2584//1815 2545//1815
f 1968//1816 1930//1816 2067//1816
f 1100//1817 1261//1817 1287//1817
f 3229//1818 3436//1818 3331//1818
f 3056//1819 3219//1819 3222//1819
f 1216//1820 868//1820 1097//1820
f 4737//1821 4376//1821 4635//1821
f 3101//1822 3176//1822 3013//1822
f 2662//1823 2619//1823 2782//1823
f 2487//1824 2619//1824 2427//1824
f 2619//1825 2487//1825 2675//1825
f 2297//1826 2243//1826 2427//1826
f 2307//1827 2427//1827 2243//1827
f 2118//1828 2307//1828 2243//1828
f 2110//1829 1942//1829 2074//1829
f 2243//1830 2110//1830 2074//1830
f 377//1831 88//1831 144//1831
f 2118//1832 2243//1832 2074//1832
f 3056//1833 3050//1833 3219//1833
f 1777//1834 1943//1834 1920//1834
f 1942//1835 1753//1835 1920//1835
f 2675//1836 2782//1836 2619//1836
f 3222//1837 3384//1837 3392//1837
f 2474//1838 2427//1838 2619//1838
f 1029//1839 1374//1839 1246//1839
f 2319//608 2392//608 2215//608
f 3013//1840 3176//1840 3115//1840
f 3326//1841 3181//1841 3334//1841
f 2319//1842 2215//1842 2158//1842
f 2041//1843 2158//1843 2215//1843
f 2391//1844 2400//1844 2584//1844
f 70//1845 294//1845 523//1845
f 3222//1837 3219//1837 3384//1837
f 1484//1846 1522//1846 1681//1846
f 4601//1847 4811//1847 4873//1847
f 2294//1848 2412//1848 2296//1848
f 1695//1849 1460//1849 1681//1849
f 2579//1850 2588//1850 2382//1850
f 3345//1851 3442//1851 3240//1851
f 3493//24 2551//24 2692//24
f 2596//1852 2777//1852 2654//1852
f 2545//1853 2723//1853 2717//1853
f 2429//1854 2601//1854 2529//1854
f 1589//1855 1467//1855 1687//1855
f 168//1856 383//1856 378//1856
f 44//1857 57//1857 70//1857
f 223//1858 167//1858 168//1858
f 3474//1859 3344//1859 3607//1859
f 699//1860 649//1860 345//1860
f 2336//1861 2339//1861 2514//1861
f 442//1862 301//1862 724//1862
f 326//1863 780//1863 520//1863
f 1880//1864 1695//1864 1681//1864
f 1933//1865 1932//1865 2090//1865
f 233//1866 234//1866 222//1866
f 4742//1867 4923//1867 4980//1867
f 765//1868 1097//1868 868//1868
f 205//1869 494//1869 268//1869
f 4549//1870 4864//1870 4635//1870
f 3405//1871 3556//1871 3565//1871
f 4376//1872 4295//1872 4635//1872
f 2404//1873 2511//1873 2535//1873
f 2412//1874 2497//1874 2416//1874
f 713//1875 815//1875 452//1875
f 2094//1876 2262//1876 2265//1876
f 4162//1877 4530//1877 4459//1877
f 4322//1878 4508//1878 4603//1878
f 736//1879 665//1879 387//1879
f 1286//1880 991//1880 1164//1880
f 441//1881 736//1881 387//1881
f 3650//1882 3772//1882 3807//1882
f 4033//1883 4190//1883 4411//1883
f 3573//1884 3810//1884 3720//1884
f 3225//1885 3277//1885 3163//1885
f 591//1886 342//1886 639//1886
f 4970//1887 4706//1887 4818//1887
f 876//1888 1077//1888 639//1888
f 4074//1889 3741//1889 3910//1889
f 294//1890 1573//1890 523//1890
f 2780//1891 2769//1891 2867//1891
f 4694//1892 4254//1892 4492//1892
f 893//1893 545//1893 638//1893
f 1263//1894 1354//1894 1497//1894
f 3616//1895 3554//1895 3754//1895
f 4248//746 3898//746 4018//746
f 3433//1896 3434//1896 3595//1896
f 4539//24 3501//24 3493//24
f 3554//1897 3851//1897 3754//1897
f 595//1898 413//1898 435//1898
f 65//1899 83//1899 291//1899
f 853//1900 849//1900 744//1900
f 2471//1901 2424//1901 2605//1901
f 2749//1902 2636//1902 2768//1902
f 3361//1903 3453//1903 3283//1903
f 946//1904 942//1904 853//1904
f 1001//1905 1293//1905 1097//1905
f 1775//1906 1610//1906 1857//1906
f 544//1907 667//1907 567//1907
f 591//1908 838//1908 438//1908
f 5042//1909 5059//1909 5053//1909
f 2829//1910 2916//1910 2748//1910
f 2877//1911 2840//1911 3026//1911
f 3933//1912 3666//1912 3820//1912
f 4244//1913 4209//1913 4101//1913
f 1925//1914 1857//1914 2027//1914
f 1428//1915 1582//1915 1385//1915
f 2//1916 20//1916 3//1916
f 4754//1917 4431//1917 4623//1917
f 159//1918 360//1918 95//1918
f 4364//1919 4640//1919 4623//1919
f 889//1920 1100//1920 1175//1920
f 4328//1921 4049//1921 4218//1921
f 5//264 4//264 12//264
f 322//1922 596//1922 668//1922
f 999//1923 1272//1923 1163//1923
f 108//1924 225//1924 110//1924
f 289//1925 292//1925 228//1925
f 585//1926 407//1926 567//1926
f 1403//1927 1518//1927 1530//1927
f 1630//1928 1267//1928 1113//1928
f 4532//1929 4328//1929 4218//1929
f 1427//1930 1291//1930 1530//1930
f 3538//1931 3698//1931 3618//1931
f 2858//1932 2744//1932 2909//1932
f 3753//1933 3596//1933 3758//1933
f 2094//1934 2090//1934 2262//1934
f 1631//1935 1561//1935 1530//1935
f 918//1936 591//1936 639//1936
f 3666//1937 3853//1937 3820//1937
f 891//1938 1060//1938 1229//1938
f 4108//1939 3820//1939 3982//1939
f 3434//1940 3583//1940 3595//1940
f 4762//1941 4696//1941 4418//1941
f 4374//1942 4417//1942 4380//1942
f 2807//1943 2638//1943 2708//1943
f 19//1944 20//1944 2//1944
f 1396//1945 1525//1945 1377//1945
f 20//1946 21//1946 3//1946
f 2891//1947 2807//1947 2708//1947
f 585//1948 595//1948 435//1948
f 3820//1949 3990//1949 3982//1949
f 667//1950 585//1950 567//1950
f 3680//1951 3815//1951 3566//1951
f 4617//1952 4671//1952 4833//1952
f 1322//1953 1397//1953 1484//1953
f 2479//1954 2416//1954 2499//1954
f 1460//1955 1322//1955 1484//1955
f 1092//1956 1087//1956 946//1956
f 1907//1957 1780//1957 1851//1957
f 4796//1958 4552//1958 4559//1958
f 3400//1959 3551//1959 3436//1959
f 3338//1960 3135//1960 3174//1960
f 3228//1961 3116//1961 3280//1961
f 2472//1962 2600//1962 2602//1962
f 4206//1963 4469//1963 4335//1963
f 4335//1964 4469//1964 4387//1964
f 2599//1965 2602//1965 2683//1965
f 3285//1966 3190//1966 3343//1966
f 2599//1967 2472//1967 2602//1967
f 3020//1968 2826//1968 2838//1968
f 2847//1969 2705//1969 2827//1969
f 3821//1970 3629//1970 3798//1970
f 2070//1971 1968//1971 2107//1971
f 2958//1972 2951//1972 2827//1972
f 129//1973 436//1973 181//1973
f 20//1974 19//1974 37//1974
f 40//1975 20//1975 37//1975
f 3714//475 3879//475 3894//475
f 21//1976 47//1976 25//1976
f 4617//1977 4817//1977 4559//1977
f 4381//1978 4617//1978 4559//1978
f 4458//1979 4216//1979 4048//1979
f 2952//1980 3062//1980 2926//1980
f 116//1981 120//1981 126//1981
f 1255//1982 1521//1982 1371//1982
f 1190//1983 1010//1983 1244//1983
f 43//1984 26//1984 56//1984
f 4315//1985 4335//1985 4387//1985
f 3285//1986 3119//1986 3190//1986
f 2959//1987 3119//1987 3116//1987
f 2685//1988 2683//1988 2602//1988
f 2830//1989 2958//1989 2827//1989
f 2683//1990 2685//1990 2827//1990
f 1123//1991 73//1991 82//1991
f 4379//1992 4315//1992 4387//1992
f 2830//1993 2827//1993 2685//1993
f 3601//1994 3342//1994 3491//1994
f 1291//1995 1153//1995 1190//1995
f 684//634 966//634 967//634
f 4244//1996 4107//1996 4335//1996
f 3567//1997 3579//1997 3736//1997
f 57//1998 80//1998 294//1998
f 2830//1999 2959//1999 2958//1999
f 296//2000 71//2000 56//2000
f 4377//2001 4695//2001 4287//2001
f 58//2002 43//2002 71//2002
f 37//2003 43//2003 58//2003
f 3579//2004 3714//2004 3736//2004
f 40//2005 37//2005 59//2005
f 3419//2006 3414//2006 3567//2006
f 2592//2007 2690//2007 2542//2007
f 3414//2008 3579//2008 3567//2008
f 173//2009 232//2009 126//2009
f 579//2010 982//2010 586//2010
f 3252//1684 3246//1684 3419//1684
f 4225//2011 3891//2011 4023//2011
f 3253//1129 3405//1129 3421//1129
f 3246//1684 3414//1684 3419//1684
f 181//2012 489//2012 249//2012
f 2205//2013 2245//2013 2378//2013
f 3095//2014 3081//2014 3252//2014
f 684//634 685//634 966//634
f 3081//2015 3246//2015 3252//2015
f 967//686 1130//686 1131//686
f 3539//2016 3432//2016 3691//2016
f 2913//2017 2900//2017 3095//2017
f 4337//2018 4155//2018 4051//2018
f 967//1505 966//1505 1130//1505
f 4536//2019 4155//2019 4337//2019
f 600//2020 754//2020 321//2020
f 1542//2021 1711//2021 1479//2021
f 2113//2022 1751//2022 1630//2022
f 1131//719 1306//719 1307//719
f 1963//2023 2051//2023 1879//2023
f 1245//2024 1009//2024 1252//2024
f 1131//719 1130//719 1306//719
f 4097//2025 4113//2025 4392//2025
f 3531//2026 3680//2026 3415//2026
f 4562//2027 4243//2027 4392//2027
f 76//2028 59//2028 81//2028
f 1811//2029 1693//2029 1873//2029
f 75//2030 66//2030 76//2030
f 1307//2031 1464//2031 1465//2031
f 4017//2032 4217//2032 3883//2032
f 3926//2033 3874//2033 3713//2033
f 601//2034 252//2034 315//2034
f 2265//2035 2423//2035 2424//2035
f 1307//2031 1306//2031 1464//2031
f 1465//1629 1685//1629 1686//1629
f 3883//2036 4073//2036 3725//2036
f 3672//2037 3800//2037 3564//2037
f 2900//2038 3081//2038 3095//2038
f 3919//2039 4116//2039 3950//2039
f 686//2040 973//2040 513//2040
f 4140//2041 4399//2041 4574//2041
f 1737//2042 1916//2042 1917//2042
f 3756//2043 3600//2043 3557//2043
f 2745//2044 2735//2044 2913//2044
f 4637//2045 4705//2045 4896//2045
f 3725//2046 3756//2046 3557//2046
f 4042//812 4043//812 4158//812
f 1049//2047 949//2047 671//2047
f 1465//1629 1464//1629 1685//1629
f 1686//2048 1864//2048 1865//2048
f 1035//2049 885//2049 693//2049
f 964//2050 1035//2050 693//2050
f 3062//2051 3066//2051 2926//2051
f 3374//2052 3415//2052 3243//2052
f 2690//2053 2717//2053 2849//2053
f 1686//825 1685//825 1864//825
f 1152//2054 1222//2054 1339//2054
f 949//2055 1049//2055 1222//2055
f 76//2056 81//2056 867//2056
f 3068//2057 3106//2057 3195//2057
f 3662//2058 3810//2058 3573//2058
f 1436//2059 1159//2059 1380//2059
f 1956//2060 1801//2060 1997//2060
f 1737//2061 1739//2061 1916//2061
f 4043//619 4151//619 4158//619
f 3887//454 3886//454 4042//454
f 1424//2062 1643//2062 1528//2062
f 1343//2063 1256//2063 1528//2063
f 3886//454 4043//454 4042//454
f 2994//2064 2825//2064 2904//2064
f 4063//1991 5006//1991 5016//1991
f 3084//2065 2994//2065 2904//2065
f 3588//1576 3733//1576 3706//1576
f 2683//2066 2827//2066 2705//2066
f 1917//2067 2086//2067 2077//2067
f 1285//2068 1437//2068 1277//2068
f 1917//2069 1916//2069 2086//2069
f 1101//2070 1122//2070 1277//2070
f 3346//2071 3316//2071 3195//2071
f 1743//2072 1881//2072 1710//2072
f 778//2073 315//2073 503//2073
f 3721//2074 3722//2074 3887//2074
f 2077//2075 2259//2075 2257//2075
f 2077//2076 2086//2076 2259//2076
f 757//2077 1115//2077 988//2077
f 3514//2078 3326//2078 3334//2078
f 3530//2079 3587//2079 3428//2079
f 3163//2080 3061//2080 3225//2080
f 3722//475 3886//475 3887//475
f 857//2081 296//2081 1284//2081
f 3406//2082 3440//2082 3555//2082
f 1562//2083 867//2083 1608//2083
f 1441//2084 1591//2084 1302//2084
f 1299//2085 1302//2085 1137//2085
f 1591//2086 1749//2086 1463//2086
f 2257//2087 2446//2087 2441//2087
f 2257//2088 2259//2088 2446//2088
f 3440//2089 3588//2089 3555//2089
f 1686//2090 1729//2090 1465//2090
f 1026//2091 962//2091 687//2091
f 1178//2092 1137//2092 962//2092
f 1256//2093 1098//2093 961//2093
f 2441//2094 2634//2094 2629//2094
f 3277//2095 3225//2095 3395//2095
f 2441//2096 2446//2096 2634//2096
f 882//2097 503//2097 683//2097
f 2629//2098 2804//2098 2800//2098
f 3539//2099 3778//2099 3606//2099
f 3554//483 3575//483 3721//483
f 3397//2100 3428//2100 3270//2100
f 2629//2098 2634//2098 2804//2098
f 3106//2101 3269//2101 3195//2101
f 3348//2102 3306//2102 3199//2102
f 434//2103 438//2103 838//2103
f 3095//2104 3252//2104 3199//2104
f 3065//2105 3095//2105 3199//2105
f 3373//2106 3314//2106 3484//2106
f 319//2107 603//2107 251//2107
f 3794//2108 3706//2108 3939//2108
f 988//2109 1269//2109 1158//2109
f 1265//2110 1101//2110 1277//2110
f 1608//2111 1284//2111 1981//2111
f 1981//2112 2263//2112 1608//2112
f 1562//2113 1608//2113 2263//2113
f 2263//2114 2026//2114 1562//2114
f 2252//2088 2444//2088 2438//2088
f 2155//2115 1452//2115 2026//2115
f 2265//2116 2262//2116 2423//2116
f 3235//2117 3264//2117 3406//2117
f 2890//2118 2711//2118 2898//2118
f 3264//2117 3440//2117 3406//2117
f 2424//2119 2603//2119 2605//2119
f 2424//2120 2423//2120 2603//2120
f 3628//2121 3373//2121 3652//2121
f 3837//2122 3628//2122 3652//2122
f 338//2123 604//2123 274//2123
f 2605//2124 2773//2124 2774//2124
f 4982//2125 4921//2125 4721//2125
f 432//2126 251//2126 603//2126
f 3560//2127 3523//2127 3409//2127
f 3247//2128 3089//2128 3284//2128
f 1277//2129 1437//2129 1265//2129
f 4652//2130 4493//2130 4809//2130
f 2605//2131 2603//2131 2773//2131
f 4516//1991 4257//1991 5016//1991
f 1001//2132 1097//2132 765//2132
f 215//2133 471//2133 260//2133
f 2774//2134 2942//2134 2945//2134
f 2774//2135 2773//2135 2942//2135
f 1244//2136 1403//2136 1190//2136
f 3915//2137 3763//2137 3738//2137
f 3078//2138 3104//2138 3235//2138
f 637//2139 535//2139 340//2139
f 2271//2140 2607//2140 1981//2140
f 271//2141 584//2141 340//2141
f 2945//2142 3125//2142 3127//2142
f 2945//2143 2942//2143 3125//2143
f 1792//2144 1612//2144 1730//2144
f 3127//2145 3286//2145 3288//2145
f 2026//2146 2610//2146 2155//2146
f 1436//2147 1380//2147 1612//2147
f 3449//2148 3413//2148 3251//2148
f 639//2149 342//2149 532//2149
f 3104//2150 3264//2150 3235//2150
f 3127//2151 3125//2151 3286//2151
f 3147//2152 3006//2152 2969//2152
f 3288//2153 3450//2153 3452//2153
f 2899//2154 2931//2154 3078//2154
f 1929//2155 1820//2155 1987//2155
f 1388//2156 1286//2156 1164//2156
f 2152//2157 2310//2157 2190//2157
f 3268//2158 3259//2158 3433//2158
f 4496//2159 4177//2159 4328//2159
f 2252//2160 2256//2160 2444//2160
f 3029//2161 3063//2161 2920//2161
f 888//2162 784//2162 558//2162
f 1774//2163 1847//2163 1607//2163
f 3417//2164 3425//2164 3250//2164
f 3254//2165 3096//2165 3088//2165
f 1041//2166 1013//2166 784//2166
f 396//2167 703//2167 460//2167
f 3259//2158 3434//2158 3433//2158
f 443//2168 555//2168 828//2168
f 3254//2165 3250//2165 3096//2165
f 1595//2169 1603//2169 1776//2169
f 2863//2170 2607//2170 3180//2170
f 2263//2171 2607//2171 2863//2171
f 4135//2172 4233//2172 4477//2172
f 2097//2173 2279//2173 2281//2173
f 3107//2174 3091//2174 3268//2174
f 3017//2175 3169//2175 3097//2175
f 4885//1991 3072//1991 4939//1991
f 2656//2176 2513//2176 2698//2176
f 2647//2177 2793//2177 2699//2177
f 3989//2178 4327//2178 4123//2178
f 2260//2179 2686//2179 2593//2179
f 4214//2180 4531//2180 4327//2180
f 4706//2181 4970//2181 4996//2181
f 2923//2182 3017//2182 3097//2182
f 3684//2183 3840//2183 3870//2183
f 2607//2184 2791//2184 3180//2184
f 3697//2185 3705//2185 3912//2185
f 3370//2186 3535//2186 3550//2186
f 1757//2187 1595//2187 1776//2187
f 2438//2188 2633//2188 2627//2188
f 2438//2189 2444//2189 2633//2189
f 2627//2098 2805//2098 2801//2098
f 3231//2190 3370//2190 3450//2190
f 3091//2191 3259//2191 3268//2191
f 2471//2192 2310//2192 2424//2192
f 2097//2193 2093//2193 2279//2193
f 1282//2194 1189//2194 1455//2194
f 2052//2195 1922//2195 1933//2195
f 2116//2196 2286//2196 2090//2196
f 2862//2197 3017//2197 2923//2197
f 3418//2198 3662//2198 3573//2198
f 2891//2199 2893//2199 3064//2199
f 4129//2200 4065//2200 4393//2200
f 2863//2201 3180//2201 3528//2201
f 2545//1853 2584//1853 2723//1853
f 1602//2202 1423//2202 1541//2202
f 2749//2203 2862//2203 2923//2203
f 610//2204 787//2204 355//2204
f 2627//2205 2633//2205 2805//2205
f 2927//1292 2919//1292 3107//1292
f 2801//2206 2975//2206 2972//2206
f 4318//2207 4474//2207 4723//2207
f 2801//2208 2805//2208 2975//2208
f 2295//2209 2400//2209 2220//2209
f 2281//2210 2462//2210 2465//2210
f 3706//2211 4053//2211 3939//2211
f 1387//1468 1386//1468 1553//1468
f 1261//2212 1029//2212 1246//2212
f 4940//2213 4906//2213 4796//2213
f 1839//2214 1710//2214 1881//2214
f 2972//2215 3145//2215 3144//2215
f 1233//2216 1029//2216 855//2216
f 2790//2217 2689//2217 2660//2217
f 3887//2218 4087//2218 3989//2218
f 2028//2219 1875//2219 2048//2219
f 1895//2220 1877//2220 1691//2220
f 4414//2221 4509//2221 4802//2221
f 1749//2222 1895//2222 1691//2222
f 4819//2223 4814//2223 4941//2223
f 4749//2224 4874//2224 4828//2224
f 295//2225 544//2225 303//2225
f 4782//2226 4501//2226 4722//2226
f 3527//2227 3672//2227 3423//2227
f 1420//2228 1547//2228 1379//2228
f 1563//2229 1552//2229 1710//2229
f 1938//2230 1888//2230 1769//2230
f 3528//2231 3180//2231 4086//2231
f 2618//2232 2660//2232 2689//2232
f 4086//2233 4191//2233 3528//2233
f 393//2234 414//2234 140//2234
f 90//2235 393//2235 140//2235
f 1870//828 2039//828 2043//828
f 1870//828 1868//828 2039//828
f 3229//2236 3276//2236 3436//2236
f 2043//836 2209//836 2213//836
f 2972//2215 2975//2215 3145//2215
f 3018//2237 3020//2237 3174//2237
f 2249//2238 2453//2238 2450//2238
f 1089//2239 889//2239 1175//2239
f 4499//2240 4692//2240 4821//2240
f 3338//2241 3340//2241 3517//2241
f 3392//2242 3604//2242 3607//2242
f 3020//2243 3018//2243 2826//2243
f 3517//2244 3371//2244 3338//2244
f 3276//2245 3400//2245 3436//2245
f 4153//2246 4458//2246 4048//2246
f 3517//2247 3521//2247 3685//2247
f 3189//2248 3240//2248 3074//2248
f 328//2249 326//2249 520//2249
f 945//2250 1104//2250 760//2250
f 533//2251 945//2251 760//2251
f 3932//2252 3796//2252 4075//2252
f 4255//2253 3932//2253 4075//2253
f 4089//2254 4517//2254 4260//2254
f 3857//2255 3859//2255 4075//2255
f 4621//2256 4541//2256 4273//2256
f 4029//1069 4030//1069 4176//1069
f 3529//2257 4778//2257 4086//2257
f 4718//2258 4433//2258 4355//2258
f 4191//2259 4086//2259 5007//2259
f 4030//619 4145//619 4176//619
f 4216//2260 4010//2260 3885//2260
f 4312//2261 4467//2261 4050//2261
f 4504//2262 4492//2262 4159//2262
f 3451//2263 3619//2263 3586//2263
f 3232//2264 3405//2264 3253//2264
f 4080//2265 4075//2265 3859//2265
f 1891//2266 1757//2266 1776//2266
f 1717//2267 1726//2267 1898//2267
f 1779//2268 1930//2268 1776//2268
f 3536//2269 3594//2269 3438//2269
f 746//2270 753//2270 977//2270
f 1187//2271 1033//2271 977//2271
f 1085//2272 1172//2272 1008//2272
f 472//2273 242//2273 576//2273
f 3426//1871 3420//1871 3577//1871
f 472//2274 196//2274 242//2274
f 3630//2275 3559//2275 3408//2275
f 588//2276 771//2276 336//2276
f 2024//2277 2148//2277 2062//2277
f 1900//2278 2024//2278 1894//2278
f 2238//2279 2064//2279 2236//2279
f 2598//1991 2806//1991 2637//1991
f 855//2280 1074//2280 1233//2280
f 895//2281 677//2281 1008//2281
f 3456//2282 3295//2282 3258//2282
f 401//2283 740//2283 357//2283
f 134//2284 401//2284 357//2284
f 5026//2285 5008//2285 5030//2285
f 346//2286 96//2286 357//2286
f 3337//2287 3514//2287 3334//2287
f 4880//2288 4937//2288 4542//2288
f 5025//2289 5007//2289 5026//2289
f 1172//2290 1122//2290 1008//2290
f 4886//2291 5007//2291 5024//2291
f 4913//2292 4859//2292 4914//2292
f 4275//2293 4504//2293 4159//2293
f 3420//2294 3570//2294 3577//2294
f 2653//2295 2485//2295 2655//2295
f 2043//836 2039//836 2209//836
f 3911//1079 3878//1079 4029//1079
f 4254//2296 3900//2296 4024//2296
f 3083//2297 3232//2297 3253//2297
f 1617//2298 1786//2298 1662//2298
f 1103//2299 1010//2299 782//2299
f 2944//2300 2807//2300 2891//2300
f 2213//846 2390//846 2394//846
f 3079//2301 3232//2301 3083//2301
f 423//2302 809//2302 711//2302
f 3088//1292 2918//1292 2917//1292
f 3399//2303 3456//2303 3258//2303
f 3088//2304 3096//2304 2918//2304
f 3878//1153 4030//1153 4029//1153
f 3747//1171 3710//1171 3911//1171
f 3261//2305 3247//2305 3426//2305
f 3341//2306 3487//2306 3241//2306
f 1583//2307 1387//2307 1551//2307
f 2539//1724 2533//1724 2744//1724
f 3255//2308 3454//2308 3418//2308
f 2533//1724 2739//1724 2744//1724
f 2350//2309 2348//2309 2539//2309
f 4224//2310 4453//2310 4620//2310
f 2931//2311 3104//2311 3078//2311
f 3144//2312 3315//2312 3312//2312
f 3699//2313 3619//2313 3849//2313
f 5025//2314 5026//2314 5044//2314
f 1154//2315 1176//2315 984//2315
f 5044//2316 5045//2316 5025//2316
f 984//2317 749//2317 981//2317
f 2938//2318 2939//2318 3083//2318
f 2917//2319 2728//2319 2770//2319
f 1440//2320 1598//2320 1603//2320
f 1595//2321 1429//2321 1603//2321
f 1555//2322 1454//2322 1388//2322
f 1244//2323 1375//2323 1403//2323
f 3064//2324 2944//2324 2891//2324
f 946//2325 561//2325 847//2325
f 2592//2326 2545//2326 2690//2326
f 3912//2327 4081//2327 3867//2327
f 1779//2328 1776//2328 1603//2328
f 4614//2329 4530//2329 4287//2329
f 4606//2330 4968//2330 4914//2330
f 4966//2331 4914//2331 4968//2331
f 4608//2332 4816//2332 4606//2332
f 2593//2333 2136//2333 2113//2333
f 3193//2334 3066//2334 3062//2334
f 3697//2335 3912//2335 3867//2335
f 3854//2336 3697//2336 3867//2336
f 2917//1766 2918//1766 2728//1766
f 2955//2337 3043//2337 2897//2337
f 2281//2338 2279//2338 2462//2338
f 3258//2339 3295//2339 3098//2339
f 4735//2340 4927//2340 4978//2340
f 981//2341 1148//2341 984//2341
f 4710//2342 4964//2342 4755//2342
f 3710//1171 3878//1171 3911//1171
f 5076//2343 5067//2343 5075//2343
f 5044//2344 5046//2344 5064//2344
f 5064//2345 5063//2345 5044//2345
f 5045//2346 5044//2346 5063//2346
f 5066//2347 5045//2347 5063//2347
f 5048//2348 5045//2348 5066//2348
f 268//2349 588//2349 336//2349
f 5038//2350 5048//2350 5060//2350
f 2939//2351 3079//2351 3083//2351
f 1733//2352 1633//2352 1555//2352
f 3304//2353 3448//2353 3271//2353
f 2771//2354 2621//2354 2765//2354
f 278//2355 623//2355 354//2355
f 1317//2356 1187//2356 1146//2356
f 3867//2357 4067//2357 3854//2357
f 2560//2358 2636//2358 2749//2358
f 2919//1292 3091//1292 3107//1292
f 4247//2359 4382//2359 4625//2359
f 4625//2360 4456//2360 4454//2360
f 3247//2361 3420//2361 3426//2361
f 4789//2362 4630//2362 4625//2362
f 677//2363 586//2363 861//2363
f 894//2364 500//2364 679//2364
f 3589//483 3574//483 3747//483
f 3392//2242 3384//2242 3604//2242
f 1598//2365 1779//2365 1603//2365
f 2844//2366 2908//2366 2741//2366
f 120//2367 115//2367 122//2367
f 2213//848 2209//848 2390//848
f 1252//2368 1009//2368 1150//2368
f 3145//2369 3015//2369 3167//2369
f 1865//2370 2055//2370 2038//2370
f 2777//2371 2940//2371 2820//2371
f 2786//2372 2920//2372 2750//2372
f 2874//2373 2786//2373 2822//2373
f 3574//1576 3710//1576 3747//1576
f 2260//2374 2593//2374 2113//2374
f 4214//2375 3989//2375 4087//2375
f 4684//2376 4706//2376 4996//2376
f 4204//2377 4457//2377 4453//2377
f 1872//2378 2096//2378 2054//2378
f 1551//1491 1734//1491 1731//1491
f 1551//1491 1553//1491 1734//1491
f 3162//2379 3304//2379 3110//2379
f 3101//2380 3086//2380 3229//2380
f 4626//2381 4821//2381 4876//2381
f 3089//2382 3027//2382 3284//2382
f 2709//2383 2666//2383 2549//2383
f 1731//1582 1910//1582 1909//1582
f 5067//2384 5076//2384 5064//2384
f 2337//2385 2213//2385 2394//2385
f 2602//2386 2600//2386 2685//2386
f 5077//2387 5078//2387 5066//2387
f 3354//2388 3510//2388 3471//2388
f 1175//2389 1100//2389 1287//2389
f 4877//2390 4931//2390 4876//2390
f 3300//2391 3131//2391 3301//2391
f 2465//2392 2654//2392 2655//2392
f 2252//2393 2246//2393 2083//2393
f 2770//2394 2582//2394 2562//2394
f 2302//2395 2325//2395 2225//2395
f 1421//2396 1246//2396 1418//2396
f 4520//2397 4616//2397 4861//2397
f 4406//2398 4797//2398 4636//2398
f 4199//2399 3978//2399 4193//2399
f 5066//2400 5063//2400 5077//2400
f 3102//2015 3089//2015 3261//2015
f 1435//2401 1154//2401 1329//2401
f 3437//1871 3416//1871 3589//1871
f 2130//2402 2302//2402 2225//2402
f 3607//2403 3775//2403 3765//2403
f 3086//2404 3276//2404 3229//2404
f 4048//2405 4216//2405 3885//2405
f 4821//2406 4823//2406 4876//2406
f 1509//2407 1290//2407 1433//2407
f 599//2408 774//2408 320//2408
f 1588//2409 1684//2409 1433//2409
f 2315//2410 2282//2410 2409//2410
f 506//2411 976//2411 788//2411
f 1287//2412 1261//2412 1439//2412
f 2818//2413 2897//2413 2733//2413
f 346//2414 396//2414 154//2414
f 96//2415 346//2415 154//2415
f 2465//2416 2462//2416 2654//2416
f 1410//2417 1384//2417 1162//2417
f 2302//2418 2475//2418 2325//2418
f 2325//2419 2274//2419 2225//2419
f 1545//2420 1471//2420 1303//2420
f 2475//2421 2512//2421 2418//2421
f 1545//2422 1660//2422 1632//2422
f 507//2423 986//2423 678//2423
f 4520//2424 4861//2424 4797//2424
f 5076//2425 5077//2425 5064//2425
f 4260//2426 4255//2426 4080//2426
f 4828//2427 4474//2427 4505//2427
f 513//2428 775//2428 319//2428
f 2483//2429 2618//2429 2484//2429
f 2765//2430 2753//2430 2927//2430
f 3794//2431 3555//2431 3706//2431
f 5066//2432 5060//2432 5048//2432
f 2509//2433 2407//2433 2574//2433
f 2924//2304 2908//2304 3101//2304
f 1440//2434 1265//2434 1437//2434
f 2908//1292 3086//1292 3101//1292
f 3014//2435 3110//2435 2934//2435
f 2611//2436 2779//2436 2775//2436
f 1154//2437 1323//2437 1329//2437
f 2463//2438 2303//2438 2413//2438
f 3191//2439 3241//2439 3080//2439
f 1731//1611 1734//1611 1910//1611
f 3191//2440 3045//2440 3217//2440
f 1909//2441 2087//2441 2080//2441
f 2348//2442 2533//2442 2539//2442
f 4701//2443 4738//2443 4360//2443
f 2757//2444 2741//2444 2924//2444
f 2171//2445 2176//2445 2350//2445
f 549//2446 636//2446 280//2446
f 3346//2447 3195//2447 3269//2447
f 3089//2014 3247//2014 3261//2014
f 2741//2448 2908//2448 2924//2448
f 4093//2449 3749//2449 3900//2449
f 3696//2450 3848//2450 3946//2450
f 1172//2451 1285//2451 1122//2451
f 1036//2452 954//2452 1181//2452
f 1108//2453 679//2453 958//2453
f 5021//2454 5029//2454 5038//2454
f 4947//2455 4690//2455 4892//2455
f 5029//2456 5045//2456 5048//2456
f 1909//2457 1910//2457 2087//2457
f 4500//2458 4607//2458 4835//2458
f 1101//2459 895//2459 1122//2459
f 1891//2460 1776//2460 1930//2460
f 3848//2461 4007//2461 4115//2461
f 4330//2462 4765//2462 4570//2462
f 2241//2463 2080//2463 2248//2463
f 895//2464 1008//2464 1122//2464
f 3120//2465 3186//2465 3283//2465
f 2176//2466 2348//2466 2350//2466
f 2706//2467 2710//2467 2938//2467
f 3708//2468 3796//2468 3932//2468
f 3607//2469 3604//2469 3775//2469
f 4091//2470 3865//2470 3932//2470
f 1590//2471 1646//2471 1777//2471
f 1856//2472 1777//2472 1646//2472
f 2394//887 2544//887 2549//887
f 754//2473 1058//2473 875//2473
f 870//2474 1242//2474 1092//2474
f 2394//893 2390//893 2544//893
f 2653//2475 2750//2475 2550//2475
f 2737//2476 2762//2476 2899//2476
f 5048//2477 5038//2477 5029//2477
f 3616//2478 3404//2478 3554//2478
f 5045//2479 5029//2479 5024//2479
f 5024//2480 5029//2480 4886//2480
f 5024//2481 5025//2481 5045//2481
f 5025//2482 5024//2482 5007//2482
f 5046//2483 5044//2483 5026//2483
f 5008//2484 5026//2484 5007//2484
f 3632//2485 3422//2485 3569//2485
f 2080//1754 2250//1754 2248//1754
f 1285//2486 1277//2486 1122//2486
f 3416//2294 3574//2294 3589//2294
f 4903//2487 4716//2487 4961//2487
f 2549//2488 2704//2488 2709//2488
f 3575//1576 3722//1576 3721//1576
f 1158//2489 1420//2489 1379//2489
f 4716//2490 4684//2490 4961//2490
f 4996//2491 4961//2491 4684//2491
f 3404//2492 3575//2492 3554//2492
f 2800//2206 2973//2206 2969//2206
f 4608//2493 4793//2493 4816//2493
f 5017//1991 5010//1991 2831//1991
f 4968//2494 4606//2494 4816//2494
f 4991//2495 4968//2495 4816//2495
f 2486//2496 2315//2496 2409//2496
f 1602//2497 1541//2497 1622//2497
f 1780//2498 1795//2498 1621//2498
f 2403//2499 2483//2499 2484//2499
f 1427//2500 1274//2500 1291//2500
f 5007//2501 4886//2501 4191//2501
f 2490//2502 2486//2502 2409//2502
f 5008//2503 5007//2503 4086//2503
f 1403//2504 1530//2504 1291//2504
f 5008//2505 4086//2505 4778//2505
f 2618//2506 2497//2506 2484//2506
f 4749//2507 4828//2507 4505//2507
f 387//2508 152//2508 441//2508
f 2730//2509 2889//2509 2871//2509
f 1780//2510 1613//2510 1631//2510
f 1427//2511 1530//2511 1561//2511
f 2549//904 2544//904 2704//904
f 2900//2512 2735//2512 2871//2512
f 1042//2513 981//2513 743//2513
f 2709//2514 2877//2514 2883//2514
f 2329//2515 2490//2515 2409//2515
f 3808//2516 3647//2516 3832//2516
f 3997//2517 3808//2517 3832//2517
f 3098//2518 3015//2518 2912//2518
f 1601//2519 1435//2519 1537//2519
f 3254//2520 3088//2520 3305//2520
f 1815//2521 1958//2521 1808//2521
f 1246//2522 1462//2522 1418//2522
f 1815//2523 1808//2523 1707//2523
f 860//2524 911//2524 1074//2524
f 3758//2525 3618//2525 3860//2525
f 3791//2526 3969//2526 3698//2526
f 2717//2527 2886//2527 2879//2527
f 3538//2528 3791//2528 3698//2528
f 3529//2529 4086//2529 3180//2529
f 2831//1991 3365//1991 3540//1991
f 3496//2530 3645//2530 3440//2530
f 465//2531 811//2531 581//2531
f 4381//2532 4559//2532 4268//2532
f 1993//2533 2000//2533 2171//2533
f 527//2534 753//2534 746//2534
f 1133//2535 1276//2535 958//2535
f 1959//2536 1932//2536 1756//2536
f 2320//2537 2483//2537 2403//2537
f 2710//2538 2939//2538 2938//2538
f 3360//1991 3192//1991 3365//1991
f 1529//2539 1674//2539 1521//2539
f 3117//2540 3207//2540 3305//2540
f 4385//2541 4310//2541 4693//2541
f 2576//2542 2590//2542 2757//2542
f 3516//2543 3305//2543 3379//2543
f 465//2544 581//2544 246//2544
f 1153//2545 1291//2545 1274//2545
f 172//2546 169//2546 122//2546
f 3518//2547 3259//2547 3364//2547
f 4832//1991 4702//1991 3072//1991
f 2655//2548 2820//2548 2822//2548
f 3179//2549 2863//2549 3528//2549
f 629//2550 794//2550 1036//2550
f 1274//2551 1427//2551 1422//2551
f 2403//2552 2294//2552 2289//2552
f 2709//2553 2704//2553 2877//2553
f 2156//2554 2320//2554 2289//2554
f 2328//2555 2485//2555 2360//2555
f 1908//2556 1792//2556 1730//2556
f 1182//2557 1191//2557 1013//2557
f 471//2558 817//2558 605//2558
f 339//2559 260//2559 605//2559
f 4214//2560 4327//2560 3989//2560
f 4857//2561 4525//2561 4792//2561
f 2832//2562 2661//2562 2798//2562
f 592//2563 831//2563 466//2563
f 466//2564 247//2564 592//2564
f 1903//2565 1726//2565 1808//2565
f 2063//2566 2075//2566 1951//2566
f 3702//2567 3805//2567 3620//2567
f 2378//2568 2202//2568 2205//2568
f 3966//2569 3782//2569 3792//2569
f 3288//2570 3286//2570 3450//2570
f 1211//2571 876//2571 1096//2571
f 3452//2572 3550//2572 3552//2572
f 3179//2573 2950//2573 2610//2573
f 2263//2574 2863//2574 2610//2574
f 3179//2575 2610//2575 2863//2575
f 3144//2312 3145//2312 3315//2312
f 811//2576 900//2576 581//2576
f 890//2577 629//2577 1036//2577
f 2318//2578 2458//2578 2496//2578
f 1958//2579 1903//2579 1808//2579
f 4940//2580 4796//2580 4817//2580
f 2661//2581 2477//2581 2623//2581
f 4617//2582 4833//2582 4817//2582
f 2812//2583 2657//2583 2689//2583
f 4252//2584 4015//2584 4067//2584
f 4319//2585 4508//2585 4131//2585
f 2104//2586 1983//2586 1938//2586
f 2770//2587 2728//2587 2582//2587
f 2153//2588 1983//2588 2104//2588
f 1561//2589 1631//2589 1613//2589
f 1539//2590 1561//2590 1613//2590
f 2883//2591 3048//2591 3052//2591
f 1780//2592 1621//2592 1613//2592
f 3117//2593 2917//2593 2937//2593
f 1224//2594 1344//2594 1023//2594
f 2000//2533 2176//2533 2171//2533
f 2925//2038 2905//2038 3102//2038
f 2950//2595 2155//2595 2610//2595
f 1344//2596 1393//2596 1192//2596
f 2610//2597 2026//2597 2263//2597
f 3463//2598 3635//2598 3363//2598
f 1981//2599 2607//2599 2263//2599
f 1188//2600 1148//2600 981//2600
f 3405//2601 3232//2601 3500//2601
f 1563//2602 1710//2602 1661//2602
f 3591//2603 3620//2603 3441//2603
f 2090//2604 1959//2604 2116//2604
f 2262//2605 2090//2605 2286//2605
f 990//2606 1254//2606 1162//2606
f 4468//2607 4634//2607 4463//2607
f 3862//2608 3757//2608 3735//2608
f 4445//2609 4056//2609 4186//2609
f 785//2610 975//2610 1091//2610
f 3004//2611 2980//2611 2593//2611
f 3982//2612 4319//2612 4131//2612
f 2538//2613 2529//2613 2706//2613
f 2080//2614 2087//2614 2250//2614
f 2489//2615 2318//2615 2496//2615
f 2655//2616 2654//2616 2820//2616
f 217//2617 276//2617 449//2617
f 824//2618 449//2618 575//2618
f 2883//2619 2877//2619 3048//2619
f 438//2620 272//2620 591//2620
f 2933//2621 3153//2621 3109//2621
f 434//2622 200//2622 438//2622
f 985//2623 1157//2623 1151//2623
f 1093//2624 979//2624 1251//2624
f 1352//2625 1093//2625 1251//2625
f 1395//2626 1482//2626 1251//2626
f 4081//2627 4252//2627 4067//2627
f 1284//2628 1575//2628 1981//2628
f 4015//2629 3854//2629 4067//2629
f 3269//2361 3245//2361 3437//2361
f 2649//2630 2789//2630 2770//2630
f 2639//2631 2763//2631 2578//2631
f 2365//2632 2463//2632 2578//2632
f 1331//2633 1609//2633 1538//2633
f 1532//2634 1331//2634 1538//2634
f 1532//2635 1538//2635 1712//2635
f 3667//2636 3827//2636 3823//2636
f 3973//2637 3731//2637 3823//2637
f 3993//2638 3973//2638 3823//2638
f 2562//1850 2372//1850 2359//1850
f 1242//2639 1238//2639 1092//2639
f 546//2640 779//2640 879//2640
f 316//2641 246//2641 581//2641
f 3801//2642 3674//2642 3818//2642
f 605//2643 922//2643 770//2643
f 3228//2644 3280//2644 3445//2644
f 3445//2645 3280//2645 3455//2645
f 3600//2646 3376//2646 3410//2646
f 2762//2476 2931//2476 2899//2476
f 857//2647 1608//2647 867//2647
f 770//2648 339//2648 605//2648
f 1608//2649 857//2649 1284//2649
f 95//2650 382//2650 156//2650
f 3452//2651 3450//2651 3550//2651
f 3034//2652 2943//2652 2944//2652
f 3064//2653 3034//2653 2944//2653
f 1754//2654 1659//2654 1835//2654
f 1249//2655 1399//2655 1136//2655
f 1329//2656 1534//2656 1537//2656
f 4904//1991 5052//1991 4850//1991
f 898//2657 753//2657 527//2657
f 1331//2658 1149//2658 1321//2658
f 2227//2659 2360//2659 2188//2659
f 2753//2444 2919//2444 2927//2444
f 1392//2660 1411//2660 1571//2660
f 3052//2661 3213//2661 3217//2661
f 249//2662 600//2662 321//2662
f 1325//2663 1576//2663 1407//2663
f 1525//2664 1396//2664 1536//2664
f 1059//2665 1212//2665 770//2665
f 2098//2666 2039//2666 1868//2666
f 3045//2667 3080//2667 2910//2667
f 3869//2668 4100//2668 4186//2668
f 4510//2669 4255//2669 4260//2669
f 857//2670 867//2670 81//2670
f 634//2671 880//2671 1078//2671
f 4986//2672 4933//2672 4988//2672
f 4056//2673 3869//2673 4186//2673
f 2471//2674 2636//2674 2560//2674
f 2074//2675 1920//2675 1943//2675
f 329//2676 526//2676 323//2676
f 273//2677 329//2677 255//2677
f 4282//2678 4647//2678 4612//2678
f 3000//2679 2998//2679 2846//2679
f 3976//2680 3801//2680 3818//2680
f 1726//2681 1717//2681 1544//2681
f 1458//2682 1332//2682 1540//2682
f 2118//2683 2074//2683 1943//2683
f 3456//2684 3537//2684 3626//2684
f 3228//2685 3445//2685 3340//2685
f 2522//1991 2135//1991 1752//1991
f 3974//2686 4104//2686 3916//2686
f 3519//2687 3687//2687 3683//2687
f 617//1991 83//1991 2522//1991
f 4100//2688 3869//2688 3924//2688
f 779//2689 1094//2689 879//2689
f 2741//2690 2681//2690 2844//2690
f 58//2691 81//2691 59//2691
f 3016//2692 3086//2692 2908//2692
f 1547//2693 1702//2693 1549//2693
f 3496//2694 3622//2694 3645//2694
f 3790//2695 3936//2695 3818//2695
f 2822//2696 2987//2696 2990//2696
f 166//2697 107//2697 300//2697
f 2451//2698 2579//2698 2378//2698
f 3588//2699 3440//2699 3645//2699
f 1270//2700 1516//2700 1370//2700
f 2361//2701 2471//2701 2560//2701
f 1789//2702 2007//2702 1934//2702
f 2469//2703 2359//2703 2301//2703
f 2323//2704 2469//2704 2301//2704
f 3674//2705 3790//2705 3818//2705
f 2127//2706 2144//2706 2301//2706
f 2248//2707 2439//2707 2436//2707
f 2248//2707 2250//2707 2439//2707
f 3293//2708 3454//2708 3255//2708
f 2518//2709 2531//2709 2386//2709
f 775//2710 603//2710 319//2710
f 1382//2711 1293//2711 1161//2711
f 1370//2712 1096//2712 1270//2712
f 3202//2713 3230//2713 3359//2713
f 282//2714 474//2714 616//2714
f 58//2715 59//2715 37//2715
f 810//2716 930//2716 474//2716
f 224//2717 474//2717 282//2717
f 3695//2718 3683//2718 3855//2718
f 43//2719 56//2719 71//2719
f 3384//2720 3202//2720 3359//2720
f 2436//2188 2628//2188 2625//2188
f 2686//2721 3004//2721 2593//2721
f 2146//2722 2143//2722 2294//2722
f 54//1991 46//1991 2783//1991
f 3247//2723 3284//2723 3494//2723
f 4450//2724 4613//2724 4262//2724
f 4470//2725 4059//2725 4262//2725
f 3011//2726 3076//2726 3172//2726
f 3139//2727 3011//2727 3172//2727
f 3796//2728 3708//2728 3561//2728
f 4289//2729 4384//2729 4607//2729
f 542//2730 634//2730 929//2730
f 2436//2731 2439//2731 2628//2731
f 4443//2732 4161//2732 4544//2732
f 46//1991 34//1991 2783//1991
f 1805//2733 1625//2733 1816//2733
f 1972//2734 1805//2734 1985//2734
f 3360//1991 3024//1991 3192//1991
f 203//2735 257//2735 439//2735
f 802//2736 700//2736 439//2736
f 4537//2737 4471//2737 4836//2737
f 43//2738 37//2738 19//2738
f 307//2739 635//2739 431//2739
f 609//2740 916//2740 802//2740
f 4799//2741 4882//2741 4604//2741
f 4275//2742 4604//2742 4504//2742
f 3245//2361 3416//2361 3437//2361
f 1154//2743 984//2743 1148//2743
f 976//2744 1117//2744 1205//2744
f 35//1991 48//1991 233//1991
f 1455//2745 1503//2745 1282//2745
f 1408//2746 1455//2746 1189//2746
f 1552//2747 1743//2747 1710//2747
f 4310//2748 4523//2748 4661//2748
f 1319//1991 82//1991 614//1991
f 4042//2749 4318//2749 4087//2749
f 4348//2750 4747//2750 4647//2750
f 2590//2751 2741//2751 2757//2751
f 4911//2752 4858//2752 4612//2752
f 3693//2753 3868//2753 3742//2753
f 2589//1724 2570//1724 2765//1724
f 2018//2754 1853//2754 1811//2754
f 2527//2755 2732//2755 2616//2755
f 2322//2756 2165//2756 2343//2756
f 197//2757 542//2757 424//2757
f 203//2758 439//2758 163//2758
f 3177//2759 3168//2759 3340//2759
f 1715//2760 1894//2760 1716//2760
f 3671//1991 3822//1991 4473//1991
f 2822//2761 2820//2761 2987//2761
f 3300//2762 3282//2762 3170//2762
f 2670//2763 2733//2763 2525//2763
f 3668//2764 3626//2764 3838//2764
f 4388//2765 4174//2765 4028//2765
f 2651//2766 2811//2766 2682//2766
f 3011//2767 2842//2767 2894//2767
f 2842//2768 2663//2768 2736//2768
f 1954//1991 2522//1991 1785//1991
f 363//2769 661//2769 300//2769
f 1839//2770 1661//2770 1710//2770
f 2855//2771 3006//2771 2933//2771
f 254//2772 307//2772 431//2772
f 2322//2773 2343//2773 2527//2773
f 723//2774 424//2774 841//2774
f 1785//1991 2522//1991 1597//1991
f 475//1991 55//1991 642//1991
f 2905//2775 3089//2775 3102//2775
f 4039//2776 4165//2776 4316//2776
f 2562//1850 2582//1850 2372//1850
f 3052//2777 3048//2777 3213//2777
f 3023//2778 3111//2778 3184//2778
f 2816//2779 2910//2779 2742//2779
f 1320//2780 1323//2780 1148//2780
f 2937//2781 2770//2781 2789//2781
f 3684//2782 3443//2782 3572//2782
f 4018//2783 4472//2783 4248//2783
f 3557//2784 3600//2784 3410//2784
f 3361//2785 3186//2785 3403//2785
f 2625//2786 2799//2786 2797//2786
f 2625//2787 2628//2787 2799//2787
f 597//2788 433//2788 431//2788
f 5075//2789 5069//2789 5076//2789
f 2958//2790 2959//2790 3116//2790
f 2797//2206 2967//2206 2966//2206
f 635//2791 597//2791 431//2791
f 2685//2792 2693//2792 2830//2792
f 2534//2542 2580//2542 2737//2542
f 5077//2793 5065//2793 5078//2793
f 2400//2794 2295//2794 2459//2794
f 4661//2795 4870//2795 4925//2795
f 529//2796 801//2796 334//2796
f 3217//1837 3383//1837 3385//1837
f 3217//2797 3213//2797 3383//2797
f 3385//2242 3601//2242 3603//2242
f 590//2798 263//2798 427//2798
f 250//2799 599//2799 320//2799
f 3919//2800 3725//2800 4073//2800
f 3640//2801 3400//2801 3461//2801
f 3765//2802 3935//2802 3934//2802
f 3282//2803 3469//2803 3461//2803
f 3400//2804 3276//2804 3461//2804
f 4789//2805 4855//2805 4792//2805
f 960//2806 1249//2806 1136//2806
f 930//2807 616//2807 474//2807
f 3299//2808 3126//2808 3184//2808
f 2148//2809 2305//2809 2234//2809
f 447//2810 641//2810 446//2810
f 4217//2811 4397//2811 4073//2811
f 2990//2812 3155//2812 3158//2812
f 5075//2813 5059//2813 5069//2813
f 3259//2814 3091//2814 3205//2814
f 5049//2815 5069//2815 5059//2815
f 2053//2816 1940//2816 2108//2816
f 3118//2817 3216//2817 3198//2817
f 2762//2818 2580//2818 2656//2818
f 2449//2819 2594//2819 2406//2819
f 5065//2820 5077//2820 5062//2820
f 3216//2821 3389//2821 3198//2821
f 5068//2822 5078//2822 5065//2822
f 1959//2823 1804//2823 1999//2823
f 99//2824 158//2824 345//2824
f 301//2825 99//2825 345//2825
f 1994//2826 2172//2826 1952//2826
f 4523//2827 4803//2827 4661//2827
f 172//2828 174//2828 169//2828
f 2242//2829 2096//2829 2172//2829
f 4109//2830 3925//2830 3966//2830
f 3312//2831 3495//2831 3488//2831
f 2717//2832 2723//2832 2886//2832
f 1187//2833 977//2833 1146//2833
f 1934//2834 2073//2834 2085//2834
f 372//2835 282//2835 616//2835
f 3299//2836 3184//2836 3327//2836
f 3307//2837 3205//2837 3070//2837
f 3126//2838 3023//2838 3184//2838
f 603//2839 803//2839 432//2839
f 4525//2840 4157//2840 4411//2840
f 963//2841 1116//2841 686//2841
f 1826//2842 1838//2842 1993//2842
f 2797//2206 2799//2206 2967//2206
f 2529//2843 2710//2843 2706//2843
f 120//2844 122//2844 169//2844
f 173//2845 126//2845 169//2845
f 3385//2242 3383//2242 3601//2242
f 5059//2846 5032//2846 5049//2846
f 4492//2847 4504//2847 4826//2847
f 5062//2848 5049//2848 5035//2848
f 4786//2849 4470//2849 4613//2849
f 5027//2850 5047//2850 5035//2850
f 5065//2851 5047//2851 5050//2851
f 2076//2852 2188//2852 2003//2852
f 579//2853 280//2853 636//2853
f 3749//2854 3752//2854 3584//2854
f 5043//2855 5061//2855 5050//2855
f 3621//2856 3361//2856 3403//2856
f 3676//2857 3504//2857 3522//2857
f 3091//2858 3070//2858 3205//2858
f 3522//2859 3553//2859 3676//2859
f 1200//2860 1064//2860 1018//2860
f 1018//2861 1176//2861 1200//2861
f 2025//2862 2046//2862 2245//2862
f 3553//2863 3522//2863 3435//2863
f 2966//2864 3139//2864 3140//2864
f 2292//2865 2466//2865 2420//2865
f 3504//2866 3357//2866 3522//2866
f 2289//2867 2294//2867 2143//2867
f 1537//2868 1715//2868 1716//2868
f 2790//2869 2812//2869 2689//2869
f 2990//2870 2987//2870 3155//2870
f 2335//2871 2345//2871 2538//2871
f 3158//2872 3321//2872 3322//2872
f 3106//2873 3090//2873 3269//2873
f 3090//2874 3245//2874 3269//2874
f 362//2875 718//2875 650//2875
f 2929//2038 2901//2038 3106//2038
f 1708//2876 1773//2876 1478//2876
f 2657//2877 2618//2877 2689//2877
f 5019//2878 4783//2878 5032//2878
f 3603//2879 3776//2879 3783//2879
f 5020//2880 5015//2880 5035//2880
f 1120//2881 1325//2881 1183//2881
f 1201//2882 877//2882 1106//2882
f 5047//2883 5027//2883 5031//2883
f 975//2884 1120//2884 1183//2884
f 3477//2885 3653//2885 3364//2885
f 3603//2886 3601//2886 3776//2886
f 5050//2887 5031//2887 5043//2887
f 4740//2888 4738//2888 4999//2888
f 5043//2889 5037//2889 5057//2889
f 2228//2890 2085//2890 2073//2890
f 3802//2891 3636//2891 3639//2891
f 1882//2892 1992//2892 2037//2892
f 4547//2893 4266//2893 4168//2893
f 3367//2894 3427//2894 3266//2894
f 1091//2895 975//2895 1183//2895
f 2966//2215 2967//2215 3139//2215
f 3023//2896 2853//2896 2935//2896
f 3367//2897 3266//2897 3198//2897
f 1111//2898 1263//2898 957//2898
f 1516//2899 1270//2899 1436//2899
f 2079//2900 1953//2900 1908//2900
f 2187//2901 2228//2901 2073//2901
f 3198//2902 3103//2902 3118//2902
f 419//2903 166//2903 300//2903
f 212//2904 442//2904 427//2904
f 1318//2401 1154//2401 1435//2401
f 1114//2905 878//2905 291//2905
f 3435//2906 3584//2906 3553//2906
f 442//2907 825//2907 427//2907
f 1323//2908 1154//2908 1148//2908
f 5020//2909 4783//2909 4815//2909
f 2522//1991 1268//1991 617//1991
f 4815//2910 4673//2910 5015//2910
f 4307//2911 4544//2911 4161//2911
f 439//2912 700//2912 305//2912
f 5027//2913 4932//2913 5014//2913
f 107//2914 363//2914 300//2914
f 2770//2915 2937//2915 2917//2915
f 2345//1850 2529//1850 2538//1850
f 5014//2916 5012//2916 5028//2916
f 3117//2917 3088//2917 2917//2917
f 5023//2918 5012//2918 4798//2918
f 2805//2919 2635//2919 2837//2919
f 590//2920 935//2920 792//2920
f 4517//2921 4510//2921 4260//2921
f 3168//2922 3228//2922 3340//2922
f 4141//2923 4527//2923 4332//2923
f 263//2924 590//2924 330//2924
f 2205//2925 2018//2925 2025//2925
f 1811//2926 2025//2926 2018//2926
f 3783//2927 3956//2927 3958//2927
f 3783//2928 3776//2928 3956//2928
f 3958//2929 4130//2929 4127//2929
f 4676//2930 4726//2930 4924//2930
f 4550//2931 4801//2931 4862//2931
f 4446//2932 4801//2932 4550//2932
f 3675//2933 3685//2933 3857//2933
f 2359//2568 2183//2568 2182//2568
f 1811//2934 1873//2934 2025//2934
f 174//2935 173//2935 169//2935
f 3534//2936 3930//2936 4783//2936
f 1873//2937 2046//2937 2025//2937
f 4815//2938 4783//2938 3930//2938
f 4673//2939 4815//2939 3777//2939
f 3964//2940 4188//2940 3868//2940
f 4673//2941 3777//2941 3962//2941
f 586//2942 982//2942 861//2942
f 3693//2943 3964//2943 3868//2943
f 4932//2944 3962//2944 4229//2944
f 2087//2945 2150//2945 2250//2945
f 1838//2946 2000//2946 1993//2946
f 1651//2947 1648//2947 1826//2947
f 5012//2948 5014//2948 4242//2948
f 1407//2949 1396//2949 1183//2949
f 4188//2950 4055//2950 3868//2950
f 1927//2951 1923//2951 2115//2951
f 2197//2952 2115//2952 2014//2952
f 2378//2953 2382//2953 2202//2953
f 3490//2954 3268//2954 3433//2954
f 1754//2955 1835//2955 1923//2955
f 2948//2956 3070//2956 2919//2956
f 4010//2957 3850//2957 3709//2957
f 4265//2958 4698//2958 4517//2958
f 3885//2959 4010//2959 3709//2959
f 2174//2960 2037//2960 1992//2960
f 3958//2961 3956//2961 4130//2961
f 158//2962 449//2962 345//2962
f 270//2963 625//2963 568//2963
f 1447//2964 1596//2964 1323//2964
f 207//2965 270//2965 441//2965
f 1705//2966 1811//2966 1853//2966
f 4855//2967 4910//2967 4857//2967
f 3294//2968 3930//2968 3534//2968
f 3534//2969 2795//2969 3294//2969
f 2336//2970 2449//2970 2272//2970
f 1976//2971 1791//2971 1896//2971
f 2766//2972 2855//2972 2933//2972
f 4288//2973 4525//2973 4660//2973
f 2879//2974 3057//2974 3049//2974
f 1977//2975 2157//2975 2108//2975
f 3328//2976 3962//2976 3777//2976
f 3259//2977 3205//2977 3364//2977
f 2007//2978 2187//2978 2073//2978
f 3925//2979 3733//2979 3782//2979
f 3441//2980 3473//2980 3272//2980
f 4242//2981 4229//2981 3543//2981
f 1085//2982 1008//2982 861//2982
f 1934//2983 2007//2983 2073//2983
f 883//2984 579//2984 636//2984
f 2172//2985 2169//2985 2335//2985
f 4262//2986 4613//2986 4470//2986
f 4876//2987 4823//2987 4877//2987
f 2704//2988 2544//2988 2671//2988
f 3518//2989 3434//2989 3259//2989
f 2224//2990 2222//2990 2386//2990
f 1092//2991 946//2991 847//2991
f 4946//2992 4887//2992 4719//2992
f 592//2993 788//2993 901//2993
f 1863//2994 2017//2994 1850//2994
f 2031//2995 1931//2995 2058//2995
f 785//2996 955//2996 975//2996
f 1055//2997 792//2997 935//2997
f 1454//2998 1633//2998 1665//2998
f 1357//2999 1034//2999 1231//2999
f 2169//3000 2345//3000 2335//3000
f 2326//3001 2870//3001 2795//3001
f 792//3002 1055//3002 1231//3002
f 1786//3003 1936//3003 1837//3003
f 3494//3004 3665//3004 3420//3004
f 493//3005 498//3005 304//3005
f 2870//3006 3328//3006 3294//3006
f 3275//3007 3278//3007 3403//3007
f 2870//3008 2712//3008 3328//3008
f 4217//3009 4568//3009 4397//3009
f 1072//3010 901//3010 788//3010
f 3494//3011 3420//3011 3247//3011
f 1859//3012 1935//3012 2016//3012
f 2058//3013 2156//3013 2143//3013
f 2075//3014 2192//3014 2016//3014
f 3478//3015 3494//3015 3284//3015
f 2414//3016 2309//3016 2268//3016
f 3417//3017 3254//3017 3516//3017
f 2994//3018 3084//3018 3149//3018
f 1868//3019 1696//3019 1802//3019
f 1648//3020 1838//3020 1826//3020
f 870//3021 1092//3021 847//3021
f 872//3022 763//3022 538//3022
f 4336//3023 4175//3023 4526//3023
f 871//3024 883//3024 636//3024
f 299//3025 498//3025 578//3025
f 175//3026 230//3026 176//3026
f 699//3027 345//3027 449//3027
f 3752//3028 3676//3028 3553//3028
f 1062//3029 1030//3029 852//3029
f 3205//3030 3307//3030 3364//3030
f 1034//3031 764//3031 792//3031
f 792//3032 1231//3032 1034//3032
f 1736//3033 1789//3033 1934//3033
f 2580//3034 2762//3034 2737//3034
f 2014//3035 1923//3035 1835//3035
f 2795//3036 2692//3036 2277//3036
f 549//3037 871//3037 636//3037
f 1457//3038 1610//3038 1470//3038
f 2870//3039 2326//3039 2304//3039
f 2429//3040 2417//3040 2601//3040
f 2304//3041 2151//3041 2712//3041
f 221//3042 233//3042 222//3042
f 1863//3043 1633//3043 1733//3043
f 353//3044 556//3044 672//3044
f 4740//3045 4419//3045 4738//3045
f 912//3046 672//3046 1063//3046
f 1282//3047 1503//3047 1350//3047
f 2405//3048 2525//3048 2341//3048
f 2912//3049 2837//3049 2754//3049
f 2879//3050 2886//3050 3057//3050
f 2446//3051 2322//3051 2616//3051
f 2901//3052 3090//3052 3106//3052
f 3752//3053 3844//3053 3676//3053
f 4127//3054 4394//3054 4393//3054
f 1967//3055 1946//3055 1797//3055
f 3295//3056 3167//3056 3098//3056
f 1994//2533 1991//2533 2172//2533
f 2527//3057 2616//3057 2322//3057
f 2948//3058 2965//3058 3070//3058
f 3709//3059 3850//3059 3558//3059
f 221//3060 222//3060 174//3060
f 1030//3061 791//3061 852//3061
f 1564//3062 1554//3062 1384//3062
f 3091//3063 2919//3063 3070//3063
f 2303//3064 2463//3064 2365//3064
f 1601//3065 1647//3065 1435//3065
f 3900//3066 4254//3066 4093//3066
f 2326//3067 2277//3067 1778//3067
f 2185//3068 2303//3068 2365//3068
f 1778//3069 1723//3069 2304//3069
f 2916//3070 3136//3070 3094//3070
f 1723//3071 1587//3071 2151//3071
f 1159//3072 1436//3072 1270//3072
f 3158//3073 3155//3073 3321//3073
f 2759//1628 2734//1628 2929//1628
f 2579//3074 2451//3074 2648//3074
f 3368//3075 3423//3075 3248//3075
f 1140//3076 1256//3076 961//3076
f 3514//3077 3519//3077 3683//3077
f 1865//3078 1864//3078 2055//3078
f 1106//3079 781//3079 1011//3079
f 2375//2442 2357//2442 2576//2442
f 2205//3080 2025//3080 2245//3080
f 2747//3081 2561//3081 2661//3081
f 1634//3082 1848//3082 1669//3082
f 678//3083 1111//3083 957//3083
f 1794//3084 1609//3084 1849//3084
f 2755//1628 2738//1628 2925//1628
f 172//3085 221//3085 174//3085
f 1449//3086 1606//3086 1664//3086
f 801//3087 1073//3087 618//3087
f 2205//3088 2023//3088 2018//3088
f 2832//3089 2747//3089 2661//3089
f 841//3090 424//3090 542//3090
f 1379//3091 1547//3091 1549//3091
f 222//3092 173//3092 174//3092
f 3910//3093 4013//3093 4143//3093
f 2028//3094 1988//3094 1807//3094
f 165//3095 171//3095 121//3095
f 3325//3096 3075//3096 3237//3096
f 2692//3097 1616//3097 2277//3097
f 1705//3098 1693//3098 1811//3098
f 1189//3099 1282//3099 1011//3099
f 4227//3100 4061//3100 4332//3100
f 372//3101 616//3101 852//3101
f 1991//2533 2169//2533 2172//2533
f 4661//3102 4925//3102 4693//3102
f 175//3103 176//3103 171//3103
f 4074//3104 4143//3104 4457//3104
f 1350//3105 1106//3105 1282//3105
f 2357//3106 2590//3106 2576//3106
f 1022//3107 1177//3107 999//3107
f 2846//3108 2824//3108 2679//3108
f 2846//3109 2679//3109 2756//3109
f 877//3110 1063//3110 672//3110
f 2115//3111 2316//3111 2278//3111
f 2174//3112 2229//3112 2037//3112
f 1926//3113 1882//3113 2037//3113
f 1315//3114 1457//3114 1470//3114
f 4731//3115 4385//3115 4693//3115
f 801//3116 1004//3116 1073//3116
f 334//3117 618//3117 269//3117
f 170//3118 118//3118 121//3118
f 2346//3119 2370//3119 2534//3119
f 3473//3120 3327//3120 3272//3120
f 4857//3121 4660//3121 4525//3121
f 4964//3122 4911//3122 4965//3122
f 4964//3123 4965//3123 4995//3123
f 4994//3124 4995//3124 4965//3124
f 568//3125 842//3125 441//3125
f 3645//3126 3792//3126 3782//3126
f 2199//2466 2192//2466 2375//2466
f 1800//3127 2012//3127 1848//3127
f 1633//3128 1850//3128 1665//3128
f 1830//3129 1999//3129 1804//3129
f 2734//1628 2901//1628 2929//1628
f 2034//3130 2141//3130 2185//3130
f 1896//3131 2062//3131 2064//3131
f 4159//3132 4492//3132 4024//3132
f 1014//3133 1760//3133 865//3133
f 1972//3134 2087//3134 1910//3134
f 1760//3135 1014//3135 1459//3135
f 3526//3136 3561//3136 3411//3136
f 108//3137 109//3137 112//3137
f 3932//3138 3865//3138 3708//3138
f 1495//3139 1508//3139 1651//3139
f 1905//3140 2034//3140 2006//3140
f 495//3141 269//3141 618//3141
f 116//3142 227//3142 112//3142
f 2358//3143 2229//3143 2174//3143
f 33//3144 7//3144 8//3144
f 35//3145 33//3145 8//3145
f 289//3146 435//3146 292//3146
f 1010//3147 1190//3147 1153//3147
f 736//3148 441//3148 842//3148
f 16//3149 35//3149 8//3149
f 1534//3150 1329//3150 1323//3150
f 2581//3151 2528//3151 2759//3151
f 3057//3152 2994//3152 3149//3152
f 2701//3153 2710//3153 2601//3153
f 2738//1628 2905//1628 2925//1628
f 80//3154 1090//3154 294//3154
f 3227//3155 3223//3155 3149//3155
f 2239//3156 2065//3156 2138//3156
f 4061//3157 4141//3157 4332//3157
f 4527//3158 4808//3158 4332//3158
f 561//3159 299//3159 578//3159
f 3409//3160 3325//3160 3237//3160
f 1395//3161 1458//3161 1482//3161
f 952//3162 1101//3162 1265//3162
f 2528//1724 2734//1724 2759//1724
f 2371//3163 2344//3163 2581//3163
f 2501//3164 2543//3164 2671//3164
f 1119//3165 952//3165 1265//3165
f 84//3166 291//3166 878//3166
f 2831//1991 3540//1991 3750//1991
f 3140//2312 3311//2312 3308//2312
f 2800//2208 2804//2208 2973//2208
f 3552//3167 3704//3167 3705//3167
f 2840//3168 2704//3168 2671//3168
f 4111//3169 3856//3169 4085//3169
f 2871//3170 3061//3170 3021//3170
f 4477//3171 4657//3171 4135//3171
f 2710//3172 2701//3172 2860//3172
f 1011//3173 1282//3173 1106//3173
f 3312//3174 3315//3174 3495//3174
f 2359//3175 2372//3175 2183//3175
f 4837//3176 4544//3176 4641//3176
f 847//3177 561//3177 578//3177
f 2156//3178 2289//3178 2143//3178
f 2533//3179 2488//3179 2672//3179
f 1790//3180 1687//3180 1866//3180
f 890//3181 887//3181 799//3181
f 2544//3182 2501//3182 2671//3182
f 4732//3183 4988//3183 4683//3183
f 632//3184 1069//3184 864//3184
f 4612//3185 4858//3185 4526//3185
f 919//3186 618//3186 1073//3186
f 1091//3187 1396//3187 1242//3187
f 61//3188 117//3188 62//3188
f 864//3189 521//3189 632//3189
f 63//3190 78//3190 61//3190
f 2058//3191 2143//3191 2031//3191
f 60//3192 77//3192 63//3192
f 4565//3193 4394//3193 4316//3193
f 103//3194 379//3194 394//3194
f 60//3195 68//3195 77//3195
f 498//3196 870//3196 578//3196
f 1194//3197 1037//3197 1355//3197
f 4063//1991 5016//1991 4257//1991
f 2574//3198 2535//3198 2755//3198
f 1037//3199 898//3199 1234//3199
f 1234//3200 1355//3200 1037//3200
f 62//3201 80//3201 57//3201
f 4734//3202 4946//3202 4719//3202
f 1595//3203 1481//3203 1429//3203
f 1290//3204 1509//3204 1359//3204
f 2112//3205 1949//3205 2091//3205
f 2754//3206 2837//3206 2635//3206
f 3620//3207 3473//3207 3441//3207
f 3856//3208 3743//3208 4085//3208
f 3489//3209 3439//3209 3677//3209
f 4756//3210 4977//3210 4981//3210
f 2246//3211 2341//3211 2167//3211
f 1832//3212 1829//3212 1994//3212
f 3322//3213 3504//3213 3507//3213
f 2740//3214 2817//3214 2640//3214
f 3370//3215 3231//3215 3242//3215
f 3435//3216 3357//3216 3265//3216
f 4439//3217 4732//3217 4683//3217
f 4526//3218 4175//3218 4612//3218
f 4526//3219 4791//3219 4336//3219
f 3767//3220 3598//3220 3677//3220
f 63//3221 61//3221 41//3221
f 42//3222 63//3222 41//3222
f 60//3223 63//3223 42//3223
f 42//3224 39//3224 60//3224
f 3302//3225 3100//3225 3260//3225
f 39//3226 50//3226 60//3226
f 4390//3227 4111//3227 4085//3227
f 1114//3228 617//3228 1268//3228
f 2038//3229 2207//3229 2208//3229
f 1563//3230 1382//3230 1552//3230
f 70//3231 57//3231 294//3231
f 3677//3232 3581//3232 3856//3232
f 2518//3233 2730//3233 2531//3233
f 1955//3234 1806//3234 1913//3234
f 3322//3235 3321//3235 3504//3235
f 2205//3236 2202//3236 2023//3236
f 1969//3237 2198//3237 2138//3237
f 2190//3238 2310//3238 2361//3238
f 2756//3239 2679//3239 2575//3239
f 391//3240 708//3240 465//3240
f 4682//3241 4379//3241 4683//3241
f 3049//3242 3223//3242 3214//3242
f 2011//3243 2170//3243 2091//3243
f 3687//3244 3858//3244 3855//3244
f 3376//3245 3227//3245 3239//3245
f 4740//3246 4944//3246 4641//3246
f 1536//3247 1407//3247 1576//3247
f 3460//3248 3634//3248 3463//3248
f 608//3249 914//3249 1069//3249
f 2324//3250 2357//3250 2160//3250
f 4091//3251 4255//3251 4510//3251
f 127//3252 391//3252 465//3252
f 41//3253 38//3253 22//3253
f 2307//3254 2199//3254 2375//3254
f 42//3255 41//3255 17//3255
f 2307//3256 2375//3256 2487//3256
f 3925//3257 3889//3257 3733//3257
f 3201//3258 3290//3258 3363//3258
f 4701//3259 4953//3259 4738//3259
f 1038//3260 751//3260 864//3260
f 1596//3261 1758//3261 1534//3261
f 1263//3262 1111//3262 1354//3262
f 1318//3263 1435//3263 1498//3263
f 325//3264 608//3264 632//3264
f 2038//3265 2055//3265 2207//3265
f 4557//3266 4317//3266 4465//3266
f 521//3267 325//3267 632//3267
f 1976//3268 1991//3268 1791//3268
f 3315//3269 3145//3269 3167//3269
f 1818//3270 1604//3270 1807//3270
f 564//3271 561//3271 946//3271
f 4128//3272 3852//3272 4072//3272
f 189//3273 127//3273 465//3273
f 4308//3274 4605//3274 4645//3274
f 1829//3212 1991//3212 1994//3212
f 4675//3275 4340//3275 4751//3275
f 4318//3276 4214//3276 4087//3276
f 4307//3277 4641//3277 4544//3277
f 4768//3278 4443//3278 4544//3278
f 4340//3279 4417//3279 4751//3279
f 2570//1724 2753//1724 2765//1724
f 2437//3280 2421//3280 2251//3280
f 3620//3281 3639//3281 3473//3281
f 3887//3282 4042//3282 4087//3282
f 2682//3283 2811//3283 2861//3283
f 3683//3284 3687//3284 3855//3284
f 3//3285 17//3285 2//3285
f 4746//3286 4374//3286 4645//3286
f 3767//3287 3677//3287 3944//3287
f 4265//3288 4317//3288 4698//3288
f 3301//3289 3471//3289 3469//3289
f 4823//3290 4698//3290 4557//3290
f 2006//3291 2034//3291 2185//3291
f 447//3292 606//3292 641//3292
f 2028//3293 2168//3293 1988//3293
f 2344//3163 2528//3163 2581//3163
f 3363//3294 3500//3294 3232//3294
f 2180//3295 2166//3295 2371//3295
f 823//3296 446//3296 641//3296
f 1069//3297 1214//3297 864//3297
f 4074//3298 3910//3298 4143//3298
f 677//3299 861//3299 1008//3299
f 4013//3300 4336//3300 4143//3300
f 590//3301 825//3301 935//3301
f 1526//3302 1662//3302 1510//3302
f 3507//3303 3676//3303 3679//3303
f 2857//3304 2682//3304 2861//3304
f 3295//3305 3315//3305 3167//3305
f 2587//3306 2518//3306 2402//3306
f 2154//3307 2070//3307 2107//3307
f 2067//3308 2159//3308 2107//3308
f 2633//3309 2635//3309 2805//3309
f 4624//3310 4451//3310 4132//3310
f 3439//3311 3489//3311 3260//3311
f 1012//3312 770//3312 1212//3312
f 2402//3313 2386//3313 2222//3313
f 4379//3314 4439//3314 4683//3314
f 3163//3315 3081//3315 3021//3315
f 695//3316 937//3316 1080//3316
f 1424//3317 1256//3317 1140//3317
f 4002//3318 3819//3318 3837//3318
f 2182//2533 2004//2533 2001//2533
f 3507//3319 3504//3319 3676//3319
f 4062//3320 3746//3320 3896//3320
f 2182//3236 2183//3236 2004//3236
f 4941//3321 4814//3321 4907//3321
f 1678//3322 1628//3322 1859//3322
f 4819//3323 4985//3323 4743//3323
f 631//3324 695//3324 1080//3324
f 4//3325 18//3325 3//3325
f 3552//3326 3550//3326 3704//3326
f 22//3327 2//3327 17//3327
f 2366//3328 2498//3328 2546//3328
f 2652//3329 2500//3329 2679//3329
f 552//3330 937//3330 695//3330
f 4323//3331 4624//3331 4132//3331
f 2535//3332 2738//3332 2755//3332
f 552//3333 836//3333 937//3333
f 3853//3334 3855//3334 4076//3334
f 3837//3335 3819//3335 3628//3335
f 2500//3336 2652//3336 2460//3336
f 2500//3337 2575//3337 2679//3337
f 3275//3338 3403//3338 3186//3338
f 2374//2442 2352//2442 2574//2442
f 3575//3339 3628//3339 3819//3339
f 3015//3340 3098//3340 3167//3340
f 3277//3341 3081//3341 3163//3341
f 3443//3342 3370//3342 3242//3342
f 2420//3343 2239//3343 2292//3343
f 2979//1991 3358//1991 3150//1991
f 2166//3344 2344//3344 2371//3344
f 3679//3345 3844//3345 3849//3345
f 2065//3346 1969//3346 2138//3346
f 4549//3347 4805//3347 4864//3347
f 17//3348 18//3348 42//3348
f 3359//3349 3412//3349 3524//3349
f 3061//3350 3163//3350 3021//3350
f 22//3351 17//3351 41//3351
f 1038//3352 864//3352 1214//3352
f 3983//3353 4132//3353 4451//3353
f 1303//3354 1128//3354 1414//3354
f 1242//3355 870//3355 1091//3355
f 1545//3356 1303//3356 1414//3356
f 1263//3357 1497//3357 1414//3357
f 2417//3358 2429//3358 2236//3358
f 4265//3359 4084//3359 4317//3359
f 1508//3139 1648//3139 1651//3139
f 2018//3360 1854//3360 1853//3360
f 1976//3361 2064//3361 2238//3361
f 3132//3362 2921//3362 3100//3362
f 422//3363 379//3363 137//3363
f 3650//3364 3807//3364 3578//3364
f 4725//3365 4488//3365 4603//3365
f 3743//3366 3856//3366 3581//3366
f 2696//3367 2855//3367 2766//3367
f 3049//3368 3057//3368 3223//3368
f 907//3369 823//3369 641//3369
f 4825//3370 4725//3370 4603//3370
f 68//3371 60//3371 50//3371
f 4508//3372 4825//3372 4603//3372
f 4298//3373 4551//3373 4701//3373
f 2018//3374 2023//3374 1854//3374
f 3679//3375 3676//3375 3844//3375
f 2064//3376 2234//3376 2236//3376
f 38//3377 41//3377 61//3377
f 62//3378 38//3378 61//3378
f 1098//3379 1198//3379 882//3379
f 2497//3380 2657//3380 2499//3380
f 916//3381 609//3381 1064//3381
f 3841//3382 3714//3382 3579//3382
f 3692//3383 3579//3383 3541//3383
f 3067//3384 2962//3384 2902//3384
f 156//3385 382//3385 412//3385
f 4823//3386 4557//3386 4688//3386
f 4199//3387 3986//3387 3970//3387
f 557//3388 934//3388 843//3388
f 540//3389 770//3389 1012//3389
f 1787//3390 1827//3390 1620//3390
f 3558//3391 3681//3391 3407//3391
f 1456//3392 1386//3392 1390//3392
f 3371//2052 3411//2052 3234//2052
f 3410//3393 3376//3393 3239//3393
f 3756//3394 3774//3394 3600//3394
f 4264//3395 4548//3395 4358//3395
f 84//3396 77//3396 68//3396
f 1012//3397 762//3397 540//3397
f 78//3398 63//3398 77//3398
f 1743//3399 1914//3399 1881//3399
f 117//3400 61//3400 78//3400
f 2192//3401 2357//3401 2375//3401
f 80//3402 62//3402 117//3402
f 1091//3403 870//3403 785//3403
f 2604//3404 2499//3404 2659//3404
f 3705//3405 3870//3405 3912//3405
f 4221//3406 4085//3406 3901//3406
f 3551//3407 3640//3407 3766//3407
f 3922//3408 4235//3408 3996//3408
f 1351//3409 1362//3409 1495//3409
f 3665//3410 3654//3410 3828//3410
f 1362//3409 1508//3409 1495//3409
f 2238//3411 2236//3411 2429//3411
f 1118//3412 966//3412 948//3412
f 1451//3413 1412//3413 1275//3413
f 1275//3414 1423//3414 1451//3414
f 2021//2533 2016//2533 2199//2533
f 2016//2533 2192//2533 2199//2533
f 3320//3415 3076//3415 3238//3415
f 1451//3416 1620//3416 1500//3416
f 1660//3417 1647//3417 1832//3417
f 878//3418 1014//3418 84//3418
f 606//3419 907//3419 641//3419
f 4557//3420 4698//3420 4317//3420
f 763//3421 1022//3421 999//3421
f 77//3422 865//3422 78//3422
f 2112//3423 2091//3423 2270//3423
f 78//3424 1015//3424 117//3424
f 778//3425 882//3425 1047//3425
f 117//3426 1090//3426 80//3426
f 1308//3427 1424//3427 1140//3427
f 382//3428 645//3428 738//3428
f 847//3429 578//3429 870//3429
f 774//3430 892//3430 514//3430
f 974//3431 1105//3431 1223//3431
f 1411//3432 1496//3432 1571//3432
f 3858//3433 4078//3433 4076//3433
f 1652//3434 1721//3434 1571//3434
f 2734//3435 2658//3435 2848//3435
f 2999//3436 2838//3436 2847//3436
f 2427//3437 2307//3437 2487//3437
f 2237//3438 2232//3438 2066//3438
f 3765//3439 3775//3439 3935//3439
f 1800//3440 1634//3440 1692//3440
f 3140//3441 3139//3441 3311//3441
f 4787//3442 4620//3442 4629//3442
f 738//3443 412//3443 382//3443
f 3799//3444 3978//3444 3970//3444
f 77//3445 84//3445 1014//3445
f 3233//3446 3248//3446 3087//3446
f 77//3447 1014//3447 865//3447
f 865//3448 1587//3448 1015//3448
f 78//3449 865//3449 1015//3449
f 1711//3450 1823//3450 1809//3450
f 117//3451 1015//3451 1090//3451
f 3538//3452 3621//3452 3791//3452
f 320//3453 774//3453 514//3453
f 2208//848 2388//848 2387//848
f 1704//3454 1821//3454 1640//3454
f 4465//3455 4688//3455 4557//3455
f 1717//3456 1898//3456 1799//3456
f 4396//3457 4128//3457 4072//3457
f 4754//3458 4997//3458 4969//3458
f 2208//848 2207//848 2388//848
f 781//3459 1106//3459 877//3459
f 4127//3460 4130//3460 4394//3460
f 1614//3461 1717//3461 1783//3461
f 4992//3462 4938//3462 4751//3462
f 1799//3463 1783//3463 1717//3463
f 2309//3464 2193//3464 2153//3464
f 3668//3465 3495//3465 3626//3465
f 3703//3466 3838//3466 3626//3466
f 3537//3467 3703//3467 3626//3467
f 587//3468 598//3468 854//3468
f 2055//3469 1971//3469 2122//3469
f 2280//3470 2207//3470 2122//3470
f 2838//3471 2705//3471 2847//3471
f 4203//3472 4465//3472 4317//3472
f 2309//3473 2476//3473 2478//3473
f 1015//3474 1587//3474 1723//3474
f 1723//3475 1090//3475 1015//3475
f 1090//3476 1723//3476 1778//3476
f 2513//3477 2656//3477 2476//3477
f 2414//3478 2513//3478 2476//3478
f 324//3479 459//3479 631//3479
f 518//3480 324//3480 527//3480
f 898//3481 527//3481 631//3481
f 2364//3482 2492//3482 2564//3482
f 2609//3483 2601//3483 2417//3483
f 2415//3484 2608//3484 2417//3484
f 2240//3485 2366//3485 2196//3485
f 4913//3486 4966//3486 4645//3486
f 2725//3487 2848//3487 2658//3487
f 1856//3488 1859//3488 2021//3488
f 671//3489 560//3489 926//3489
f 2969//3490 3152//3490 3147//3490
f 4929//3491 4799//3491 4831//3491
f 4380//3492 4309//3492 4374//3492
f 2146//3493 2031//3493 2143//3493
f 4609//3494 4831//3494 4799//3494
f 4813//3495 4960//3495 4997//3495
f 4746//3496 4645//3496 4966//3496
f 4682//3497 4688//3497 4314//3497
f 4640//3498 4905//3498 4813//3498
f 625//3499 928//3499 568//3499
f 1723//3500 2151//3500 2304//3500
f 504//3501 671//3501 949//3501
f 1778//3502 2304//3502 2326//3502
f 3673//3503 3775//3503 3524//3503
f 3412//3504 3673//3504 3524//3504
f 3359//3505 3524//3505 3384//3505
f 1875//3506 1807//3506 1689//3506
f 3214//3507 3380//3507 3387//3507
f 3925//3508 4109//3508 4083//3508
f 3819//3509 3722//3509 3575//3509
f 4203//3510 4314//3510 4465//3510
f 2585//3511 2696//3511 2766//3511
f 3128//3512 3300//3512 3170//3512
f 1604//3513 1469//3513 1689//3513
f 4083//3514 4326//3514 4218//3514
f 1950//3515 1868//3515 1802//3515
f 2969//3516 2973//3516 3152//3516
f 3953//3517 4117//3517 3807//3517
f 1065//3518 974//3518 1223//3518
f 3016//3519 3170//3519 3086//3519
f 4604//3520 4609//3520 4799//3520
f 4826//3521 4604//3521 4882//3521
f 1647//3522 1829//3522 1832//3522
f 3901//3523 4085//3523 3743//3523
f 1760//3524 2430//3524 2151//3524
f 3016//3525 3128//3525 3170//3525
f 2304//3526 2712//3526 2870//3526
f 2236//3527 2415//3527 2417//3527
f 1677//3528 1831//3528 1802//3528
f 632//3529 608//3529 1069//3529
f 1807//3530 1604//3530 1689//3530
f 3147//3531 3313//3531 3309//3531
f 2127//3532 1967//3532 2144//3532
f 1602//3533 1451//3533 1423//3533
f 1696//3534 1677//3534 1802//3534
f 4548//3535 4501//3535 4782//3535
f 597//3536 915//3536 819//3536
f 2476//3537 2656//3537 2478//3537
f 1412//3538 1252//3538 1275//3538
f 2013//3539 2052//3539 2190//3539
f 2001//3212 1833//3212 1827//3212
f 3282//3540 3086//3540 3170//3540
f 3227//3541 3149//3541 3084//3541
f 293//3542 287//3542 235//3542
f 1969//3543 2065//3543 1899//3543
f 1253//3544 1510//3544 1361//3544
f 3194//3545 3044//3545 3105//3545
f 4734//3546 4719//3546 4384//3546
f 292//3547 435//3547 413//3547
f 4875//3548 4782//3548 4722//3548
f 3777//3549 3294//3549 3328//3549
f 1396//3550 1377//3550 1242//3550
f 3294//3551 2795//3551 2870//3551
f 297//3552 234//3552 564//3552
f 2096//3553 1952//3553 2172//3553
f 3034//3554 3064//3554 3275//3554
f 2735//3555 2900//3555 2913//3555
f 3116//3556 3119//3556 3280//3556
f 595//3557 797//3557 553//3557
f 1549//3558 1702//3558 1732//3558
f 1444//3559 1276//3559 1304//3559
f 4754//3560 4969//3560 4831//3560
f 287//3561 293//3561 407//3561
f 544//3562 567//3562 428//3562
f 407//3563 585//3563 435//3563
f 3675//3564 3526//3564 3685//3564
f 1752//3565 1629//3565 1268//3565
f 287//3566 289//3566 229//3566
f 413//3567 595//3567 553//3567
f 1853//2947 1672//2947 1671//2947
f 3371//3568 3517//3568 3526//3568
f 1511//3569 1293//3569 1563//3569
f 4743//3570 4427//3570 4600//3570
f 3328//3571 3525//3571 3962//3571
f 1791//3572 1829//3572 1601//3572
f 3294//3573 3777//3573 3930//3573
f 3525//3574 3543//3574 4229//3574
f 3525//3575 4229//3575 3962//3575
f 3930//3576 3777//3576 4815//3576
f 5023//3577 5028//3577 5012//3577
f 4229//3578 4242//3578 5014//3578
f 4229//3579 5014//3579 4932//3579
f 3962//3580 4932//3580 4673//3580
f 4673//3581 4932//3581 5015//3581
f 4815//3582 5015//3582 5020//3582
f 5037//3583 5043//3583 5028//3583
f 5014//3584 5028//3584 5031//3584
f 5014//3585 5031//3585 5027//3585
f 4932//3586 5027//3586 5015//3586
f 5015//3587 5027//3587 5035//3587
f 5019//3588 5032//3588 5042//3588
f 5028//3589 5043//3589 5031//3589
f 5031//3590 5050//3590 5047//3590
f 5035//3591 5047//3591 5062//3591
f 5032//3592 5020//3592 5049//3592
f 5050//3593 5068//3593 5065//3593
f 5047//3594 5065//3594 5062//3594
f 5049//3595 5062//3595 5069//3595
f 5062//3596 5076//3596 5069//3596
f 5071//3597 5080//3597 5051//3597
f 5056//3598 5071//3598 5039//3598
f 2136//1991 2448//1991 2264//1991
f 5038//3599 5055//3599 5036//3599
f 2830//3600 2851//3600 2959//3600
f 1843//3601 1905//3601 2006//3601
f 4072//3602 3739//3602 3891//3602
f 4794//3603 4473//3603 3965//3603
f 3030//3604 3190//3604 3119//3604
f 221//1991 172//1991 33//1991
f 3734//3605 3804//3605 3916//3605
f 875//3606 691//3606 515//3606
f 3822//3607 3358//3607 3458//3607
f 2598//3608 2593//3608 2980//3608
f 1144//3609 956//3609 1123//3609
f 2598//3610 2136//3610 2593//3610
f 3285//3611 3459//3611 3455//3611
f 3285//3612 3280//3612 3119//3612
f 5022//3613 5036//3613 5016//3613
f 1259//1991 1085//1991 982//1991
f 1259//1991 1930//1991 1779//1991
f 3624//1991 1259//1991 3761//1991
f 1259//1991 3498//1991 3649//1991
f 4207//1991 1259//1991 4105//1991
f 1259//1991 4222//1991 4206//1991
f 3458//3614 3358//3614 3004//3614
f 3190//1991 1259//1991 3343//1991
f 3030//1991 1259//1991 3190//1991
f 2851//1991 1259//1991 3030//1991
f 5006//3615 5022//3615 5016//3615
f 2693//1991 1259//1991 2851//1991
f 625//3616 1081//3616 928//3616
f 2778//3617 2860//3617 2701//3617
f 587//1991 854//1991 2783//1991
f 2461//1991 1259//1991 2600//1991
f 3761//1991 1259//1991 3928//1991
f 3934//3618 4128//3618 4125//3618
f 1978//3619 1990//3619 2180//3619
f 1930//1991 1259//1991 2067//1991
f 3923//1991 1259//1991 3795//1991
f 3214//3620 3223//3620 3380//3620
f 887//3621 1031//3621 593//3621
f 3280//3622 3285//3622 3455//3622
f 1437//1991 1285//1991 1259//1991
f 2782//3623 2850//3623 2941//3623
f 3934//3624 3935//3624 4128//3624
f 5016//3625 5036//3625 5033//3625
f 3147//3626 3152//3626 3313//3626
f 3907//3627 3734//3627 3916//3627
f 1535//3628 1328//3628 1319//3628
f 3637//3629 3455//3629 3629//3629
f 55//3630 52//3630 73//3630
f 3398//3631 3575//3631 3404//3631
f 2121//3632 1978//3632 2180//3632
f 384//3633 413//3633 553//3633
f 683//3634 1098//3634 882//3634
f 778//3635 503//3635 882//3635
f 4104//3636 3907//3636 3916//3636
f 2110//3637 2243//3637 2297//3637
f 3458//3638 3759//3638 3965//3638
f 3917//3639 4069//3639 3752//3639
f 4452//3640 4568//3640 4217//3640
f 2681//3641 2781//3641 2844//3641
f 5033//3642 5056//3642 5039//3642
f 3239//3643 3227//3643 3084//3643
f 1995//3644 1963//3644 1809//3644
f 3001//3645 3112//3645 2907//3645
f 1412//3646 1245//3646 1252//3646
f 2566//1724 2531//1724 2745//1724
f 4393//3647 4565//3647 4563//3647
f 944//3648 1220//3648 948//3648
f 3705//3649 3704//3649 3870//3649
f 5039//3650 5071//3650 5051//3650
f 1458//3651 1540//3651 1614//3651
f 3016//3652 2844//3652 2956//3652
f 1227//3653 1205//3653 1351//3653
f 628//3654 384//3654 553//3654
f 2032//3655 1881//3655 1914//3655
f 1540//3656 1717//3656 1614//3656
f 4084//3657 4203//3657 4317//3657
f 1922//3658 2052//3658 2013//3658
f 2193//3659 1983//3659 2153//3659
f 2845//3660 2993//3660 2914//3660
f 246//3661 189//3661 465//3661
f 1880//3662 1784//3662 1931//3662
f 2031//3663 1880//3663 1931//3663
f 1783//3664 1859//3664 1628//3664
f 316//3665 581//3665 673//3665
f 4066//1991 1259//1991 4107//1991
f 3407//3666 3509//3666 3238//3666
f 293//3667 303//3667 428//3667
f 4609//3668 4754//3668 4831//3668
f 4969//3669 4929//3669 4831//3669
f 1565//3670 1615//3670 1522//3670
f 1401//3671 1565//3671 1522//3671
f 4393//3672 4394//3672 4565//3672
f 2956//3673 2844//3673 2781//3673
f 2301//3674 2144//3674 2323//3674
f 3488//3675 3668//3675 3664//3675
f 428//3676 407//3676 293//3676
f 4260//3677 4080//3677 4068//3677
f 1614//3678 1783//3678 1628//3678
f 287//3679 229//3679 225//3679
f 5056//3680 5033//3680 5036//3680
f 3003//1991 3173//1991 1259//1991
f 1259//1991 2474//1991 2662//1991
f 1285//1991 1172//1991 1259//1991
f 4125//3681 4396//3681 4395//3681
f 3821//3682 3798//3682 4068//3682
f 2487//3683 2576//3683 2675//3683
f 1259//1991 3330//1991 3498//1991
f 5022//3684 5006//3684 4794//3684
f 3795//1991 1259//1991 3649//1991
f 2472//1962 2461//1962 2600//1962
f 2429//3685 2345//3685 2238//3685
f 546//3686 879//3686 640//3686
f 3459//3687 3633//3687 3629//3687
f 1458//3688 1614//3688 1628//3688
f 707//3689 440//3689 394//3689
f 5054//3690 5051//3690 5080//3690
f 155//3691 394//3691 440//3691
f 422//3692 554//3692 816//3692
f 1678//3693 1458//3693 1628//3693
f 2292//3694 2138//3694 2198//3694
f 1407//3695 1183//3695 1325//3695
f 1292//3696 1576//3696 1325//3696
f 353//3697 672//3697 555//3697
f 912//3698 555//3698 672//3698
f 4501//3699 4496//3699 4722//3699
f 34//3700 46//3700 15//3700
f 277//3701 353//3701 555//3701
f 1582//3702 1720//3702 1550//3702
f 4877//3703 4823//3703 4688//3703
f 4551//3704 4895//3704 4701//3704
f 2840//3705 2671//3705 2746//3705
f 4682//3706 4877//3706 4688//3706
f 4682//3707 4683//3707 4933//3707
f 616//3708 930//3708 1062//3708
f 3849//3709 4069//3709 4071//3709
f 2001//3212 2004//3212 1833//3212
f 1955//3710 2103//3710 1984//3710
f 3855//3711 3858//3711 4076//3711
f 54//3712 29//3712 46//3712
f 4933//3713 4683//3713 4988//3713
f 1470//3714 1775//3714 1688//3714
f 4457//3715 4143//3715 4629//3715
f 852//3716 616//3716 1062//3716
f 72//3717 51//3717 54//3717
f 3111//3718 3023//3718 2935//3718
f 1989//3719 2166//3719 1990//3719
f 4719//3720 4607//3720 4384//3720
f 1468//3721 1698//3721 1704//3721
f 1989//3722 1990//3722 1884//3722
f 1704//3723 1884//3723 1821//3723
f 575//3724 351//3724 640//3724
f 2135//3725 2111//3725 1752//3725
f 854//3726 856//3726 1032//3726
f 2548//3727 2459//3727 2353//3727
f 1929//3728 2114//3728 1916//3728
f 3308//3729 3482//3729 3480//3729
f 1468//3730 1704//3730 1444//3730
f 2548//3731 2743//3731 2641//3731
f 1640//3732 1444//3732 1704//3732
f 552//3733 695//3733 459//3733
f 1847//3734 1922//3734 2013//3734
f 4569//3735 4878//3735 4820//3735
f 4472//3736 4569//3736 4820//3736
f 2370//3119 2580//3119 2534//3119
f 4465//3737 4314//3737 4688//3737
f 4089//3738 4068//3738 3798//3738
f 3639//3739 3466//3739 3473//3739
f 3621//3740 3625//3740 3791//3740
f 2169//3741 1976//3741 2238//3741
f 1715//3742 1537//3742 1534//3742
f 4272//3743 4553//3743 4156//3743
f 3986//3744 3707//3744 3970//3744
f 4213//3745 4463//3745 4210//3745
f 3978//3746 4199//3746 3970//3746
f 1422//3747 1561//3747 1539//3747
f 3973//3748 4233//3748 4135//3748
f 892//3749 1026//3749 687//3749
f 1114//3750 1268//3750 1629//3750
f 4358//3751 4600//3751 4427//3751
f 2111//3752 2135//3752 2523//3752
f 2002//3753 2032//3753 2178//3753
f 1458//3754 1395//3754 1332//3754
f 1482//3755 1458//3755 1678//3755
f 4553//3756 4452//3756 4156//3756
f 1859//3757 2016//3757 2021//3757
f 3265//3758 3194//3758 3105//3758
f 4754//3759 4623//3759 4997//3759
f 2084//3760 2032//3760 1914//3760
f 2032//3761 2223//3761 2178//3761
f 563//3762 902//3762 638//3762
f 3521//3763 3689//3763 3685//3763
f 103//3764 137//3764 379//3764
f 1629//3765 1752//3765 2111//3765
f 737//3766 651//3766 379//3766
f 4419//3767 4360//3767 4738//3767
f 2507//3768 2111//3768 2523//3768
f 351//3769 546//3769 640//3769
f 1827//3770 1654//3770 1649//3770
f 917//3771 575//3771 640//3771
f 1188//3772 1042//3772 1338//3772
f 2523//3773 2135//3773 2521//3773
f 1094//3774 1202//3774 879//3774
f 2634//3775 2446//3775 2616//3775
f 4953//3776 4999//3776 4738//3776
f 2295//3777 2175//3777 2353//3777
f 3860//3778 3698//3778 3969//3778
f 2295//3779 2353//3779 2459//3779
f 1252//3780 1150//3780 1275//3780
f 2523//3781 2521//3781 2977//3781
f 1497//3782 1498//3782 1660//3782
f 4563//3783 4767//3783 4772//3783
f 2641//3784 2459//3784 2548//3784
f 283//3785 226//3785 292//3785
f 474//3786 378//3786 810//3786
f 2135//1991 2128//1991 2313//1991
f 1202//3787 1046//3787 879//3787
f 1961//3788 1866//3788 2040//3788
f 3462//3789 3005//3789 3360//3789
f 3588//3790 3645//3790 3782//3790
f 378//3791 383//3791 735//3791
f 4125//3792 4128//3792 4396//3792
f 735//3793 810//3793 378//3793
f 1903//3794 2063//3794 1898//3794
f 1935//3795 1799//3795 1951//3795
f 2075//3796 1935//3796 1951//3796
f 1898//3797 1951//3797 1799//3797
f 3966//3798 3925//3798 3782//3798
f 4731//3799 4693//3799 4972//3799
f 4089//3800 4260//3800 4068//3800
f 3455//3801 3459//3801 3629//3801
f 585//3802 694//3802 595//3802
f 4080//3803 3821//3803 4068//3803
f 226//3804 228//3804 292//3804
f 2847//3805 2827//3805 2951//3805
f 2999//3806 2847//3806 2951//3806
f 2380//2309 2376//2309 2589//2309
f 4782//3807 4907//3807 4814//3807
f 4548//3808 4782//3808 4814//3808
f 3852//3809 3563//3809 3739//3809
f 4661//3810 4693//3810 4310//3810
f 3852//3811 3739//3811 4072//3811
f 119//3812 229//3812 228//3812
f 328//3813 796//3813 609//3813
f 4187//3814 3860//3814 3969//3814
f 283//3815 292//3815 413//3815
f 324//3816 266//3816 459//3816
f 334//3817 801//3817 618//3817
f 2352//2309 2535//2309 2574//2309
f 440//3818 210//3818 155//3818
f 919//3819 495//3819 618//3819
f 592//3820 318//3820 788//3820
f 2164//3821 2193//3821 2346//3821
f 2114//3822 2086//3822 1916//3822
f 514//3823 892//3823 687//3823
f 976//3824 1072//3824 788//3824
f 2584//3825 2641//3825 2723//3825
f 1205//3653 1362//3653 1351//3653
f 3130//3826 2895//3826 3075//3826
f 3031//3827 3037//3827 3196//3827
f 4192//3828 4479//3828 4648//3828
f 4441//3829 4192//3829 4648//3829
f 2347//3830 2224//3830 2386//3830
f 122//1991 33//1991 172//1991
f 3192//3831 3031//3831 3196//3831
f 3387//3832 3609//3832 3602//3832
f 2112//3833 2270//3833 2210//3833
f 1257//3834 1260//3834 1426//3834
f 2402//3835 2518//3835 2386//3835
f 1716//3836 1896//3836 1791//3836
f 2871//3837 2889//3837 3061//3837
f 2622//3838 2599//3838 2683//3838
f 1647//3839 1601//3839 1829//3839
f 3361//3840 3283//3840 3186//3840
f 1725//3841 1738//3841 1554//3841
f 695//3842 631//3842 459//3842
f 295//3843 232//3843 173//3843
f 3912//3844 4079//3844 4081//3844
f 3034//3845 3275//3845 3186//3845
f 685//3846 511//3846 948//3846
f 668//3847 944//3847 511//3847
f 2447//1991 1727//1991 1535//1991
f 3824//3848 3462//3848 3360//3848
f 2338//3849 2210//3849 2270//3849
f 2675//3850 2757//3850 2850//3850
f 4698//3851 4692//3851 4517//3851
f 1151//3852 1157//3852 1332//3852
f 3168//3853 3035//3853 3228//3853
f 1451//3854 1602//3854 1620//3854
f 3236//3855 3398//3855 3404//3855
f 3969//3856 3972//3856 4187//3856
f 3990//3857 4076//3857 4263//3857
f 266//3858 552//3858 459//3858
f 3633//3859 3809//3859 3798//3859
f 1959//3860 1756//3860 1804//3860
f 5054//3861 5080//3861 5052//3861
f 5072//3862 5052//3862 5080//3862
f 2999//3863 2951//3863 3035//3863
f 3168//3864 2999//3864 3035//3864
f 3003//3865 2836//3865 2941//3865
f 2958//3866 3035//3866 2951//3866
f 1626//3867 1830//3867 1804//3867
f 261//3868 227//3868 177//3868
f 2277//3869 1616//3869 1573//3869
f 2523//3870 2977//3870 3005//3870
f 944//3871 948//3871 511//3871
f 2892//3872 2811//3872 2813//3872
f 4491//3873 3967//3873 3824//3873
f 2989//3874 2892//3874 2813//3874
f 4451//3875 4618//3875 4448//3875
f 303//3876 293//3876 261//3876
f 564//3877 234//3877 561//3877
f 1688//3878 1925//3878 1867//3878
f 2312//1991 2159//1991 1259//1991
f 2277//3879 2326//3879 2795//3879
f 5010//3880 4798//3880 4491//3880
f 5039//1991 5051//1991 3072//1991
f 4783//3881 5020//3881 5032//3881
f 3462//3882 3824//3882 3967//3882
f 3967//3883 4491//3883 4798//3883
f 2136//1991 2598//1991 2448//1991
f 5023//3884 5010//3884 5017//3884
f 5037//3885 5028//3885 5023//3885
f 3540//3886 3369//3886 3546//3886
f 5061//3887 5057//3887 5072//3887
f 5037//3888 5034//3888 5057//3888
f 2598//1991 2637//1991 2448//1991
f 29//3889 15//3889 46//3889
f 232//3890 303//3890 261//3890
f 5057//3891 5040//3891 5072//3891
f 4076//3892 4078//3892 4263//3892
f 2135//1991 2522//1991 2128//1991
f 5006//1991 3842//1991 3671//1991
f 791//3893 1030//3893 1021//3893
f 2783//1991 34//1991 285//1991
f 3366//3894 3545//3894 3546//3894
f 3369//3895 3366//3895 3546//3895
f 3584//3896 3752//3896 3553//3896
f 3357//3897 3435//3897 3522//3897
f 3545//3898 3760//3898 3762//3898
f 1247//3899 1021//3899 1030//3899
f 2133//3900 2313//3900 2128//3900
f 4618//3901 4202//3901 4448//3901
f 573//3902 629//3902 890//3902
f 4825//3903 4508//3903 4704//3903
f 3762//3904 3760//3904 3937//3904
f 1649//3905 1620//3905 1827//3905
f 34//1991 231//1991 285//1991
f 1319//1991 2447//1991 1535//1991
f 2447//1991 1906//1991 1727//1991
f 3929//3906 3762//3906 3937//3906
f 231//1991 34//1991 176//1991
f 4788//3907 4324//3907 4618//3907
f 1257//1991 72//1991 1032//1991
f 799//3908 573//3908 890//3908
f 4832//1991 3072//1991 4885//1991
f 3632//3909 3601//3909 3491//3909
f 4856//3910 4507//3910 4788//3910
f 4790//3911 4856//3911 4788//3911
f 3342//3912 3256//3912 3491//3912
f 2678//3913 2682//3913 2857//3913
f 72//1991 854//1991 1032//1991
f 4725//3914 4825//3914 4881//3914
f 2857//3915 2861//3915 3024//3915
f 1257//1991 2522//1991 72//1991
f 587//1991 2783//1991 410//1991
f 2783//1991 285//1991 410//1991
f 4859//3916 4913//3916 4856//3916
f 3024//3917 3031//3917 3192//3917
f 2136//1991 2078//1991 1906//1991
f 1506//3918 1247//3918 1368//3918
f 4829//3919 4884//3919 4881//3919
f 4913//3920 4605//3920 4856//3920
f 3358//1991 3497//1991 3319//1991
f 4825//3921 4829//3921 4881//3921
f 4793//3922 4881//3922 4936//3922
f 933//3923 624//3923 1065//3923
f 4881//3924 4884//3924 4936//3924
f 2447//1991 614//1991 1267//1991
f 4913//3925 4914//3925 4966//3925
f 3750//3926 3762//3926 3929//3926
f 85//1991 33//1991 115//1991
f 2314//3927 2131//3927 2211//3927
f 5054//1991 3072//1991 5051//1991
f 4937//3928 4939//3928 4993//3928
f 4966//3929 4968//3929 4992//3929
f 4962//1991 5054//1991 5052//1991
f 4989//1991 3072//1991 4962//1991
f 1954//1991 2128//1991 2522//1991
f 4936//3930 4938//3930 4991//3930
f 2831//1991 4491//1991 3824//1991
f 1426//1991 2522//1991 1257//1991
f 2136//1991 2264//1991 2078//1991
f 1030//3931 1062//3931 1232//3931
f 3319//1991 3150//1991 3358//1991
f 2522//1991 1752//1991 1268//1991
f 3929//1991 2831//1991 3750//1991
f 4580//1991 5040//1991 5034//1991
f 5017//1991 4580//1991 5034//1991
f 3072//1991 5016//1991 5033//1991
f 4781//1991 5052//1991 4580//1991
f 3671//1991 3358//1991 3822//1991
f 55//1991 475//1991 298//1991
f 227//3932 235//3932 202//3932
f 1259//1991 1782//1991 1942//1991
f 4063//1991 3842//1991 5006//1991
f 4937//3933 4885//3933 4939//3933
f 4824//3934 4832//3934 4880//3934
f 4586//3935 4784//3935 4781//3935
f 4580//3936 4586//3936 4781//3936
f 4516//1991 3072//1991 4702//1991
f 4853//3937 4904//3937 4850//3937
f 2490//3938 2481//3938 2622//3938
f 1368//3939 1030//3939 1232//3939
f 642//1991 55//1991 950//1991
f 4728//3940 4830//3940 4496//3940
f 4904//3941 4908//3941 4962//3941
f 5017//1991 3929//1991 4106//1991
f 4675//3942 4938//3942 4884//3942
f 628//3943 887//3943 593//3943
f 4938//3944 4936//3944 4884//3944
f 1853//3770 1854//3770 1672//3770
f 3629//3945 3633//3945 3798//3945
f 4511//3946 4516//3946 4699//3946
f 4323//3947 4511//3947 4699//3947
f 4582//3948 4884//3948 4829//3948
f 1671//3949 1519//3949 1517//3949
f 4461//3950 4829//3950 4708//3950
f 4070//3951 4256//3951 3983//3951
f 3387//3952 3380//3952 3609//3952
f 4850//1991 5052//1991 4781//1991
f 1950//3953 1802//3953 1831//3953
f 4070//3954 4257//3954 4256//3954
f 3473//3955 3466//3955 3327//3955
f 4132//3956 3983//3956 4256//3956
f 4829//3957 4825//3957 4708//3957
f 4219//3958 4708//3958 4524//3958
f 1671//3949 1672//3949 1519//3949
f 4708//3959 4704//3959 4524//3959
f 3184//3960 3272//3960 3327//3960
f 4089//3961 3798//3961 3931//3961
f 3678//3962 3842//3962 3845//3962
f 112//3963 202//3963 108//3963
f 4524//3964 4521//3964 4306//3964
f 4624//3965 4323//3965 4790//3965
f 4788//3966 4624//3966 4790//3966
f 3625//3967 3515//3967 3670//3967
f 2389//3968 2314//3968 2211//3968
f 3336//3969 3324//3969 3506//3969
f 3642//3970 3858//3970 3687//3970
f 1517//3971 1372//3971 1373//3971
f 3324//3972 3497//3972 3506//3972
f 116//3973 126//3973 177//3973
f 1867//3974 2061//3974 2041//3974
f 3465//3975 3687//3975 3519//3975
f 227//3976 293//3976 235//3976
f 3324//3977 3157//3977 3319//3977
f 1517//3971 1519//3971 1372//3971
f 3298//3978 3519//3978 3337//3978
f 4618//3979 4451//3979 4624//3979
f 3861//3980 4074//3980 4204//3980
f 3157//3981 2982//3981 2983//3981
f 3150//3982 3157//3982 2983//3982
f 3519//3983 3514//3983 3337//3983
f 2983//3984 2808//3984 2979//3984
f 3151//3985 3337//3985 3171//3985
f 1373//3986 1235//3986 1241//3986
f 735//3987 383//3987 644//3987
f 2806//3988 2808//3988 2643//3988
f 3337//3989 3334//3989 3171//3989
f 2193//3821 2370//3821 2346//3821
f 2808//3990 2650//3990 2643//3990
f 1259//1991 2297//1991 2474//1991
f 2275//3991 2448//3991 2457//3991
f 2288//3992 2275//3992 2457//3992
f 380//3993 657//3993 709//3993
f 3980//3994 3861//3994 4204//3994
f 2088//3995 2264//3995 2275//3995
f 2102//3996 2088//3996 2275//3996
f 3171//3997 3165//3997 2998//3997
f 287//3998 225//3998 235//3998
f 1921//3999 2078//3999 2088//3999
f 1979//4000 1937//4000 2102//4000
f 3000//4001 3171//4001 2998//4001
f 4451//4002 4448//4002 4194//4002
f 3466//4003 3299//4003 3327//4003
f 3602//2469 3774//2469 3770//2469
f 2998//4004 2995//4004 2824//4004
f 2531//1724 2735//1724 2745//1724
f 1328//4005 1543//4005 1406//4005
f 1771//4006 1578//4006 1740//4006
f 1535//4007 1727//4007 1543//4007
f 2824//4008 2819//4008 2652//4008
f 1535//4009 1543//4009 1328//4009
f 2679//4010 2824//4010 2652//4010
f 644//4011 381//4011 726//4011
f 1578//4012 1406//4012 1543//4012
f 1319//4013 1328//4013 1144//4013
f 4194//4014 4187//4014 3972//4014
f 2644//4015 2456//4015 2460//4015
f 1406//4016 1180//4016 1328//4016
f 5056//4017 5055//4017 5071//4017
f 1180//4018 1003//4018 1144//4018
f 950//4019 1123//4019 956//4019
f 2652//4020 2644//4020 2460//4020
f 4548//4021 4814//4021 4600//4021
f 1373//4022 1372//4022 1235//4022
f 4819//4023 4600//4023 4814//4023
f 3972//4024 3969//4024 3797//4024
f 1791//4025 1601//4025 1716//4025
f 1927//4026 2115//4026 2095//4026
f 2095//4027 2089//4027 1927//4027
f 4222//1991 1259//1991 4207//1991
f 3447//4028 3515//4028 3625//4028
f 1927//4029 1924//4029 1747//4029
f 3621//4030 3447//4030 3625//4030
f 2014//4031 2115//4031 1923//4031
f 1747//4032 1923//4032 1927//4032
f 3797//4033 3791//4033 3625//4033
f 1569//4034 1754//4034 1747//4034
f 1584//4035 1754//4035 1569//4035
f 1404//4036 1584//4036 1569//4036
f 574//4037 624//4037 933//4037
f 1413//4038 1584//4038 1404//4038
f 1193//4039 1413//4039 1404//4039
f 1241//4040 1088//4040 1086//4040
f 840//4041 574//4041 933//4041
f 3275//4042 3064//4042 3071//4042
f 1247//4043 1193//4043 1021//4043
f 112//4044 227//4044 202//4044
f 3278//4045 3275//4045 3071//4045
f 1186//4046 1016//4046 1021//4046
f 1193//4047 1186//4047 1021//4047
f 2729//4048 2810//4048 2893//4048
f 571//4049 852//4049 791//4049
f 2891//4050 2729//4050 2893//4050
f 3071//4051 3064//4051 2893//4051
f 2319//4052 2480//4052 2392//4052
f 726//4053 466//4053 831//4053
f 2488//4054 2389//4054 2537//4054
f 372//4055 852//4055 571//4055
f 2480//4056 2645//4056 2559//4056
f 831//4057 592//4057 901//4057
f 372//4058 367//4058 282//4058
f 225//4059 108//4059 202//4059
f 2729//4060 2708//4060 2519//4060
f 2161//4061 2288//4061 2339//4061
f 2519//4062 2514//4062 2339//4062
f 378//4063 224//4063 168//4063
f 1979//4064 2102//4064 2161//4064
f 224//4065 223//4065 168//4065
f 2157//4066 1979//4066 2161//4066
f 1241//4067 1235//4067 1088//4067
f 2392//4068 2480//4068 2559//4068
f 3602//4069 3609//4069 3774//4069
f 1937//4070 1979//4070 1889//4070
f 235//4071 225//4071 202//4071
f 1979//4072 1977//4072 1889//4072
f 1771//4073 1889//4073 1713//4073
f 1072//4074 976//4074 1205//4074
f 1886//4075 1708//4075 1713//4075
f 1889//4076 1886//4076 1713//4076
f 1086//4077 897//4077 939//4077
f 1713//4078 1708//4078 1527//4078
f 1086//4079 1088//4079 897//4079
f 1478//4080 1292//4080 1297//4080
f 1527//4081 1478//4081 1297//4081
f 1125//4082 1180//4082 1297//4082
f 939//4083 837//4083 803//4083
f 1292//4084 1120//4084 1125//4084
f 1297//4085 1292//4085 1125//4085
f 767//4086 675//4086 516//4086
f 3770//4087 3950//4087 3952//4087
f 4206//1991 4107//1991 1259//1991
f 1125//4088 1120//4088 955//4088
f 1117//4089 1327//4089 1362//4089
f 1205//4090 1117//4090 1362//4090
f 4904//1991 4962//1991 5052//1991
f 4488//4091 4546//4091 4322//4091
f 1362//4092 1327//4092 1508//4092
f 1123//1991 950//1991 55//1991
f 1580//4093 1430//4093 1651//4093
f 3770//4094 3774//4094 3950//4094
f 1719//1193 1651//1193 1826//1193
f 1426//1991 1597//1991 2522//1991
f 2559//4095 2645//4095 2719//4095
f 3952//4096 4116//4096 4113//4096
f 1508//4097 1589//4097 1648//4097
f 1855//4098 1826//4098 1993//4098
f 2672//4099 2537//4099 2716//4099
f 403//4100 799//4100 696//4100
f 1589//4101 1790//4101 1648//4101
f 2119//4102 1993//4102 2171//4102
f 2719//4103 2780//4103 2881//4103
f 741//4104 457//4104 840//4104
f 1838//4105 1790//4105 2000//4105
f 2285//4106 2171//4106 2350//4106
f 2881//4107 3022//4107 3053//4107
f 3164//4108 3051//4108 3215//4108
f 2000//4109 2131//4109 2176//4109
f 3952//4110 3950//4110 4116//4110
f 2176//4111 2314//4111 2348//4111
f 3339//4112 3215//4112 3386//4112
f 2700//4113 2539//4113 2744//4113
f 33//1991 233//1991 221//1991
f 2841//4114 2716//4114 2878//4114
f 939//4115 897//4115 837//4115
f 2348//4116 2488//4116 2533//4116
f 3053//4117 3175//4117 3218//4117
f 2672//4118 2841//4118 2739//4118
f 2533//2818 2672//2818 2739//2818
f 2739//4119 2841//4119 2906//4119
f 3159//4120 3010//4120 3093//4120
f 3318//4121 3457//4121 3388//4121
f 3218//4122 3318//4122 3388//4122
f 2906//4123 2996//4123 3082//4123
f 3297//4124 3093//4124 3257//4124
f 2783//1991 72//1991 54//1991
f 3502//4125 3339//4125 3605//4125
f 3339//4126 3502//4126 3244//4126
f 3809//4127 3941//4127 3931//4127
f 5017//1991 2831//1991 3929//1991
f 3082//4128 3164//4128 3244//4128
f 803//4129 721//4129 732//4129
f 803//4130 837//4130 721//4130
f 3502//4131 3650//4131 3430//4131
f 297//4132 295//4132 222//4132
f 3816//4133 3688//4133 3590//4133
f 732//4134 652//4134 659//4134
f 392//4135 101//4135 305//4135
f 3457//4136 3544//4136 3608//4136
f 732//4137 721//4137 652//4137
f 3388//4138 3457//4138 3608//4138
f 659//4139 704//4139 708//4139
f 3650//4140 3605//4140 3772//4140
f 3798//4141 3809//4141 3931//4141
f 4095//4142 4250//4142 3872//4142
f 4113//4143 4397//4143 4392//4143
f 377//4144 741//4144 657//4144
f 659//4139 652//4139 704//4139
f 4250//4145 4462//4145 4036//4145
f 4113//4143 4116//4143 4397//4143
f 4392//4146 4568//4146 4562//4146
f 708//4147 823//4147 811//4147
f 4551//4148 4298//4148 4146//4148
f 365//4149 696//4149 664//4149
f 101//3667 163//3667 305//3667
f 708//4150 704//4150 823//4150
f 4674//4151 4284//4151 4350//4151
f 2095//4152 2115//4152 2278//4152
f 170//1991 33//1991 118//1991
f 4392//4153 4397//4153 4568//4153
f 226//4154 119//4154 228//4154
f 4298//4155 4701//4155 4360//4155
f 1259//1991 871//1991 884//1991
f 811//4156 907//4156 900//4156
f 4562//4157 4776//4157 4773//4157
f 4497//4158 4846//4158 4765//4158
f 4562//4159 4568//4159 4776//4159
f 883//1991 871//1991 1259//1991
f 667//4160 744//4160 739//4160
f 4773//4161 4849//4161 4839//4161
f 229//4162 289//4162 228//4162
f 4579//4163 4899//4163 4846//4163
f 4773//4164 4776//4164 4849//4164
f 3953//4165 3807//4165 3772//4165
f 4839//4166 4896//4166 4894//4166
f 811//4156 823//4156 907//4156
f 4839//4167 4849//4167 4896//4167
f 4639//4168 4696//4168 4899//4168
f 4894//4169 4948//4169 4949//4169
f 4762//4170 4998//4170 4956//4170
f 4894//4171 4896//4171 4948//4171
f 436//4172 709//4172 812//4172
f 4949//4173 5003//4173 5005//4173
f 4713//4174 4633//4174 4893//4174
f 4942//4175 4713//4175 4893//4175
f 5016//1991 3072//1991 4516//1991
f 664//4176 667//4176 739//4176
f 343//4177 664//4177 739//4177
f 900//4178 1070//4178 1052//4178
f 4949//4179 4948//4179 5003//4179
f 600//4180 489//4180 899//4180
f 4793//4181 4608//4181 4543//4181
f 5005//4182 4952//4182 4954//4182
f 5005//4183 5003//4183 4952//4183
f 4225//4184 4567//4184 4396//4184
f 4775//4185 4462//4185 4572//4185
f 4954//4186 4897//4186 4890//4186
f 4566//4187 4139//4187 4395//4187
f 1536//4188 1576//4188 1706//4188
f 900//4189 907//4189 1070//4189
f 754//4190 899//4190 1058//4190
f 4954//4191 4952//4191 4897//4191
f 1087//4192 620//4192 942//4192
f 4842//4193 4551//4193 4775//4193
f 4890//4194 4843//4194 4844//4194
f 3392//4195 3193//4195 3222//4195
f 4890//4196 4897//4196 4843//4196
f 1052//4197 1204//4197 1215//4197
f 3222//4198 3062//4198 3056//4198
f 3673//4199 3412//4199 3563//4199
f 2962//4200 3050//4200 2882//4200
f 1025//4201 875//4201 1227//4201
f 4895//4202 4551//4202 4842//4202
f 4844//4203 4766//4203 4779//4203
f 2664//4204 2563//4204 2721//4204
f 4844//4205 4843//4205 4766//4205
f 1679//4206 1536//4206 1706//4206
f 4779//4207 4574//4207 4576//4207
f 2491//4208 2396//4208 2563//4208
f 2333//4209 2312//4209 2461//4209
f 1052//4210 1070//4210 1204//4210
f 4779//4211 4766//4211 4574//4211
f 4953//4212 4701//4212 4895//4212
f 4576//4213 4399//4213 4403//4213
f 1155//4214 1227//4214 1351//4214
f 1706//4215 1773//4215 1883//4215
f 4944//4216 4740//4216 4999//4216
f 4576//4217 4574//4217 4399//4217
f 2045//4218 1945//4218 1876//4218
f 4403//4219 4119//4219 4122//4219
f 1238//4220 943//4220 1087//4220
f 4641//4221 4944//4221 4888//4221
f 1215//4222 1359//4222 1340//4222
f 4403//4223 4399//4223 4119//4223
f 1623//4224 1529//4224 1476//4224
f 1700//4225 1623//4225 1476//4225
f 1398//4226 1134//4226 1309//4226
f 4122//4227 3949//4227 3951//4227
f 1430//4228 1279//4228 1495//4228
f 4122//4227 4119//4227 3949//4227
f 1255//4229 970//4229 1134//4229
f 118//1991 33//1991 85//1991
f 4768//4230 4544//4230 4837//4230
f 2521//1991 2135//1991 2313//1991
f 3951//4231 3771//4231 3773//4231
f 2831//1991 3360//1991 3365//1991
f 1857//4232 1706//4232 1883//4232
f 3951//4231 3949//4231 3771//4231
f 4567//4233 4443//4233 4768//4233
f 3773//4234 3610//4234 3611//4234
f 2264//4235 2088//4235 2078//4235
f 1215//4236 1204//4236 1359//4236
f 1099//4237 943//4237 1238//4237
f 3773//4234 3771//4234 3610//4234
f 793//4238 310//4238 501//4238
f 688//4239 974//4239 501//4239
f 624//4240 574//4240 310//4240
f 1377//4241 1099//4241 1238//4241
f 3611//4242 3389//4242 3390//4242
f 3611//4243 3610//4243 3389//4243
f 3384//4244 3524//4244 3604//4244
f 1340//4245 1509//4245 1488//4245
f 240//4246 457//4246 194//4246
f 1883//4247 1940//4247 2053//4247
f 2027//4248 1883//4248 2053//4248
f 1340//4245 1359//4245 1509//4245
f 3390//4249 3216//4249 3220//4249
f 1525//4250 1249//4250 1377//4250
f 3390//4251 3389//4251 3216//4251
f 3067//4252 3219//4252 3050//4252
f 3931//4253 3941//4253 4084//4253
f 1488//4254 1684//4254 1676//4254
f 3220//4255 3054//4255 3055//4255
f 2447//1991 2136//1991 1906//1991
f 2206//4256 2053//4256 2226//4256
f 1679//4257 1457//4257 1525//4257
f 3220//4255 3216//4255 3054//4255
f 2567//4258 2673//4258 2720//4258
f 1488//4259 1509//4259 1684//4259
f 1610//4260 1457//4260 1679//4260
f 2395//4261 2502//4261 2567//4261
f 3055//4262 2880//4262 2884//4262
f 2406//4263 2385//4263 2226//4263
f 1676//4264 1840//4264 1858//4264
f 2210//4265 2338//4265 2395//4265
f 2108//4266 2272//4266 2226//4266
f 2042//4267 2112//4267 2210//4267
f 1679//4268 1706//4268 1857//4268
f 1676//4269 1684//4269 1840//4269
f 2053//4270 2108//4270 2226//4270
f 2448//4271 2275//4271 2264//4271
f 1858//4272 2033//4272 2011//4272
f 3055//4262 3054//4262 2880//4262
f 2387//4273 2530//4273 2526//4273
f 1857//4274 1883//4274 2027//4274
f 1858//4275 1840//4275 2033//4275
f 1305//4276 1448//4276 1474//4276
f 2884//4277 2718//4277 2722//4277
f 2884//4278 2880//4278 2718//4278
f 1127//4279 1288//4279 1305//4279
f 2722//4280 2547//4280 2571//4280
f 2594//4281 2591//4281 2406//4281
f 969//4282 1173//4282 1127//4282
f 2138//4283 2292//4283 2239//4283
f 2722//4284 2718//4284 2547//4284
f 2591//4285 2480//4285 2385//4285
f 690//4286 1027//4286 969//4286
f 2571//4287 2393//4287 2397//4287
f 2011//4288 2186//4288 2170//4288
f 3429//4289 3446//4289 3257//4289
f 2011//4290 2033//4290 2186//4290
f 881//4291 690//4291 512//4291
f 2170//4292 2355//4292 2349//4292
f 2571//4287 2547//4287 2393//4287
f 23//4293 10//4293 15//4293
f 3533//4294 3446//4294 3429//4294
f 3590//4295 3533//4295 3429//4295
f 2170//4296 2186//4296 2355//4296
f 2397//4297 2216//4297 2218//4297
f 3766//4298 3640//4298 3812//4298
f 3924//4299 3766//4299 3985//4299
f 89//4300 391//4300 127//4300
f 2397//4301 2393//4301 2216//4301
f 2385//4302 2406//4302 2591//4302
f 3732//4303 3816//4303 3590//4303
f 2349//4304 2542//4304 2536//4304
f 2638//4305 2772//4305 2594//4305
f 3909//4306 3961//4306 3732//4306
f 2349//4304 2355//4304 2542//4304
f 2591//4307 2594//4307 2769//4307
f 1649//4308 1500//4308 1620//4308
f 4027//4309 4099//4309 3909//4309
f 2536//4310 2707//4310 2713//4310
f 2645//4311 2480//4311 2591//4311
f 4413//4312 4249//4312 4027//4312
f 4173//4313 4413//4313 4027//4313
f 2536//4314 2542//4314 2707//4314
f 2769//4315 2645//4315 2591//4315
f 3034//4316 3120//4316 2943//4316
f 4284//4317 4518//4317 4173//4317
f 2713//4318 2907//4318 2902//4318
f 4606//4319 4914//4319 4542//4319
f 2936//4320 2867//4320 2769//4320
f 2772//4321 2769//4321 2594//4321
f 3113//4322 3022//4322 2936//4322
f 2807//4323 2943//4323 2772//4323
f 2713//4324 2707//4324 2907//4324
f 2637//4325 2457//4325 2448//4325
f 1602//4326 1787//4326 1620//4326
f 3274//4327 3175//4327 3113//4327
f 3538//4328 3618//4328 3453//4328
f 2943//4329 2936//4329 2772//4329
f 2806//4330 2643//4330 2637//4330
f 3444//4331 3457//4331 3274//4331
f 3544//4332 3457//4332 3444//4332
f 3596//4333 3544//4333 3444//4333
f 3698//4334 3860//4334 3618//4334
f 4859//4335 4790//4335 4489//4335
f 4542//4336 4859//4336 4489//4336
f 3120//4337 2936//4337 2943//4337
f 2521//1991 2313//1991 2489//1991
f 3753//4338 3848//4338 3596//4338
f 3283//4339 3274//4339 3120//4339
f 2600//1991 1259//1991 2693//1991
f 4058//4340 3914//4340 4202//4340
f 4489//4341 4790//4341 4323//4341
f 4007//4342 3753//4342 3913//4342
f 3453//4343 3444//4343 3283//4343
f 4084//4344 4092//4344 4203//4344
f 3758//4345 3914//4345 3753//4345
f 4330//4346 4200//4346 4054//4346
f 2599//4347 2622//4347 2481//4347
f 4511//4348 4323//4348 4132//4348
f 3914//4349 4058//4349 3913//4349
f 4058//4350 4183//4350 4054//4350
f 3618//4351 3596//4351 3453//4351
f 2964//4352 2785//4352 2921//4352
f 4183//4353 4308//4353 4184//4353
f 4579//4354 4184//4354 4309//4354
f 3758//4355 3596//4355 3618//4355
f 4696//4356 4639//4356 4380//4356
f 3826//4357 4070//4357 3983//4357
f 4308//4358 4374//4358 4309//4358
f 4194//4359 3826//4359 3983//4359
f 3758//4360 4005//4360 3914//4360
f 3913//4361 3753//4361 3914//4361
f 1576//4362 1478//4362 1773//4362
f 4647//4363 4747//4363 4965//4363
f 3845//4364 4070//4364 3826//4364
f 3670//4365 3845//4365 3826//4365
f 4819//4366 4743//4366 4600//4366
f 4989//1991 4939//1991 3072//1991
f 2447//1991 1267//1991 1751//1991
f 4184//4367 4054//4367 4183//4367
f 3972//4368 3797//4368 3826//4368
f 4183//4369 4605//4369 4308//4369
f 4309//4370 4184//4370 4308//4370
f 3150//3982 2983//3982 2979//3982
f 4308//4371 4645//4371 4374//4371
f 3515//4372 3678//4372 3670//4372
f 5040//1991 4580//1991 5052//1991
f 2831//1991 3824//1991 3360//1991
f 3278//4373 3071//4373 3156//4373
f 3336//4374 3278//4374 3156//4374
f 3157//4375 3156//4375 2982//4375
f 1259//1991 1439//1991 1605//1991
f 3071//4376 2893//4376 2982//4376
f 3156//4377 3071//4377 2982//4377
f 2808//4378 2983//4378 2810//4378
f 2650//4379 2808//4379 2810//4379
f 1175//1991 1287//1991 1259//1991
f 2363//2309 2347//2309 2566//2309
f 2729//4380 2650//4380 2810//4380
f 2982//4381 2893//4381 2810//4381
f 2729//4382 2519//4382 2650//4382
f 1437//1991 1259//1991 1598//1991
f 542//4383 255//4383 323//4383
f 1259//1991 1287//1991 1439//1991
f 2467//4384 2643//4384 2650//4384
f 2288//4385 2457//4385 2467//4385
f 2339//4386 2288//4386 2467//4386
f 4358//4387 4548//4387 4600//4387
f 2959//4388 2851//4388 3030//4388
f 2102//4389 2275//4389 2288//4389
f 2161//4390 2102//4390 2288//4390
f 82//1991 1319//1991 1123//1991
f 1937//4391 2088//4391 2102//4391
f 4203//4392 4209//4392 4314//4392
f 1771//4393 1921//4393 1937//4393
f 1889//4394 1771//4394 1937//4394
f 4682//4395 4314//4395 4379//4395
f 1025//4396 965//4396 691//4396
f 1713//4397 1527//4397 1578//4397
f 1771//4398 1713//4398 1578//4398
f 1543//4399 1740//4399 1578//4399
f 4473//1991 5006//1991 3671//1991
f 3842//4400 3678//4400 3671//4400
f 634//4401 542//4401 323//4401
f 1259//1991 1089//1991 1175//1991
f 1578//4402 1527//4402 1406//4402
f 1144//4403 1328//4403 1180//4403
f 3069//4404 3067//4404 2902//4404
f 4014//1991 4105//1991 1259//1991
f 170//1991 176//1991 34//1991
f 1406//4405 1297//4405 1180//4405
f 956//4406 1144//4406 1003//4406
f 1259//1991 983//1991 1089//1991
f 1180//4407 1125//4407 1003//4407
f 231//4408 176//4408 230//4408
f 4516//4409 4511//4409 4257//4409
f 2470//4410 2599//4410 2481//4410
f 4314//4411 4315//4411 4379//4411
f 3761//4412 3809//4412 3624//4412
f 3173//1991 3330//1991 1259//1991
f 2347//2442 2531//2442 2566//2442
f 2329//4413 2470//4413 2481//4413
f 4699//4414 4516//4414 4702//4414
f 3928//4415 3959//4415 3761//4415
f 4885//4416 4880//4416 4832//4416
f 2490//4417 2329//4417 2481//4417
f 2181//2445 2168//2445 2363//2445
f 4066//4418 4101//4418 3928//4418
f 2662//1991 2836//1991 1259//1991
f 33//1991 170//1991 34//1991
f 2447//1991 1751//1991 2136//1991
f 2293//4419 2434//4419 2355//4419
f 2168//2466 2347//2466 2363//2466
f 2857//1991 3024//1991 3360//1991
f 1259//1991 884//1991 983//1991
f 2502//4420 2349//4420 2536//4420
f 1259//1991 1172//1991 1085//1991
f 3309//3729 3483//3729 3479//3729
f 4206//4421 4335//4421 4107//4421
f 2270//4422 2170//4422 2349//4422
f 4222//4423 4469//4423 4206//4423
f 1259//1991 3475//1991 3343//1991
f 2387//4273 2388//4273 2530//4273
f 1289//4424 1116//4424 1142//4424
f 1997//2533 1988//2533 2181//2533
f 1988//2533 2168//2533 2181//2533
f 1834//3212 1818//3212 1997//3212
f 227//4425 116//4425 177//4425
f 3262//4426 3398//4426 3236//4426
f 1469//4427 1604//4427 1308//4427
f 1448//4428 1288//4428 1488//4428
f 1676//4429 1448//4429 1488//4429
f 2355//4430 2592//4430 2542//4430
f 1488//4431 1288//4431 1340//4431
f 1035//4432 1359//4432 1204//4432
f 2526//904 2714//904 2715//904
f 2186//4433 2293//4433 2355//4433
f 1340//4434 1173//4434 1215//4434
f 965//4435 1279//4435 1141//4435
f 2977//1991 2857//1991 3360//1991
f 4106//1991 4398//1991 5017//1991
f 126//4436 232//4436 177//4436
f 1818//3212 1988//3212 1997//3212
f 1461//4437 1289//4437 1313//4437
f 1215//4438 881//4438 1052//4438
f 1052//4439 673//4439 900//4439
f 1663//3417 1643//3417 1834//3417
f 1643//3522 1818//3522 1834//3522
f 3077//4440 3092//4440 3236//4440
f 1501//4441 1528//4441 1663//4441
f 465//4442 708//4442 811//4442
f 1141//4443 1430//4443 1312//4443
f 1528//4444 1643//4444 1663//4444
f 391//4445 659//4445 708//4445
f 72//1991 2522//1991 83//1991
f 1461//4446 1313//4446 1475//4446
f 366//4447 732//4447 659//4447
f 3072//1991 5033//1991 5039//1991
f 2033//4448 2125//4448 2186//4448
f 2526//904 2530//904 2714//904
f 1360//3409 1343//3409 1501//3409
f 2783//1991 854//1991 72//1991
f 430//4449 803//4449 732//4449
f 1705//4450 1475//4450 1693//4450
f 522//4451 437//4451 837//4451
f 1343//4452 1528//4452 1501//4452
f 1218//4453 1198//4453 1360//4453
f 1241//4454 1116//4454 1373//4454
f 1198//4455 1343//4455 1360//4455
f 1312//4456 1580//4456 1477//4456
f 1289//4457 1461//4457 1517//4457
f 1373//4458 1289//4458 1517//4458
f 2521//1991 2489//1991 2678//1991
f 1061//4459 1047//4459 1218//4459
f 4398//1991 4580//1991 5017//1991
f 1477//4460 1719//4460 1697//4460
f 1461//4461 1705//4461 1671//4461
f 1517//4462 1461//4462 1671//4462
f 2831//1991 5010//1991 4491//1991
f 1047//4459 1198//4459 1218//4459
f 920//4463 913//4463 1061//4463
f 2979//1991 2806//1991 2598//1991
f 2715//4464 2875//4464 2876//4464
f 1855//4465 1965//4465 1874//4465
f 1671//4466 1705//4466 1853//4466
f 1697//4467 1855//4467 1874//4467
f 2119//4468 2218//4468 2047//4468
f 3309//4469 3313//4469 3483//4469
f 2715//4470 2714//4470 2875//4470
f 913//4463 1047//4463 1061//4463
f 814//4471 830//4471 920//4471
f 2648//4472 2760//4472 2579//4472
f 1684//4473 1744//4473 1840//4473
f 3479//4474 3659//4474 3655//4474
f 830//4475 913//4475 920//4475
f 2598//1991 2980//1991 2979//1991
f 2815//4476 2930//4476 2760//4476
f 2876//2619 3046//2619 3047//2619
f 3358//1991 2979//1991 2980//1991
f 73//1991 1123//1991 55//1991
f 2963//4477 3118//4477 2930//4477
f 3072//1991 5054//1991 4962//1991
f 122//1991 115//1991 33//1991
f 298//1991 233//1991 48//1991
f 33//1991 35//1991 233//1991
f 2977//1991 2521//1991 2857//1991
f 1433//4478 1684//4478 1509//4478
f 2876//2591 2875//2591 3046//2591
f 714//4479 725//4479 814//4479
f 2648//4480 2451//4480 2547//4480
f 725//4479 830//4479 814//4479
f 2521//1991 2678//1991 2857//1991
f 3198//4481 3266//4481 3103//4481
f 647//4482 643//4482 714//4482
f 614//1991 2447//1991 1319//1991
f 3358//1991 3671//1991 3497//1991
f 298//1991 48//1991 55//1991
f 2648//4483 2547//4483 2718//4483
f 3092//4440 3262//4440 3236//4440
f 643//4482 725//4482 714//4482
f 3549//4484 3585//4484 3427//4484
f 3047//2777 3211//2777 3212//2777
f 2216//4485 2245//4485 2046//4485
f 727//4486 717//4486 647//4486
f 2898//2154 2911//2154 3077//2154
f 717//4486 643//4486 647//4486
f 3764//4487 3748//4487 3585//4487
f 2397//4488 2433//4488 2571//4488
f 3943//4489 3892//4489 3748//4489
f 2815//4490 2718//4490 2880//4490
f 2393//4491 2245//4491 2216//4491
f 845//4492 804//4492 727//4492
f 4140//4493 4051//4493 3892//4493
f 804//4494 717//4494 727//4494
f 3047//2777 3046//2777 3211//2777
f 940//4495 926//4495 845//4495
f 2571//4496 2595//4496 2722//4496
f 286//4497 411//4497 410//4497
f 926//4498 804//4498 845//4498
f 3479//4499 3483//4499 3659//4499
f 2722//4500 2858//4500 2884//4500
f 2963//4501 2880//4501 3054//4501
f 1076//4502 1049//4502 940//4502
f 4155//4503 4536//4503 4302//4503
f 2911//2311 3092//2311 3077//2311
f 2124//4504 1995//4504 2175//4504
f 2884//4505 3010//4505 3055//4505
f 4302//4506 4632//4506 4359//4506
f 1049//4507 926//4507 940//4507
f 3212//4508 3381//4508 3382//4508
f 1956//4509 2082//4509 1912//4509
f 3212//4508 3211//4508 3381//4508
f 1210//4510 1222//4510 1076//4510
f 606//4511 748//4511 907//4511
f 3055//4512 3159//4512 3220//4512
f 3382//2242 3598//2242 3599//2242
f 1729//4513 1822//4513 1844//4513
f 3297//4514 3446//4514 3390//4514
f 3220//4515 3297//4515 3390//4515
f 1040//4516 1260//4516 1257//4516
f 1257//4517 1032//4517 1040//4517
f 3549//4518 3610//4518 3771//4518
f 3382//4519 3381//4519 3598//4519
f 3446//4520 3533//4520 3611//4520
f 3390//4521 3446//4521 3611//4521
f 3688//4522 3951//4522 3773//4522
f 3599//4523 3767//4523 3768//4523
f 3764//4524 3771//4524 3949//4524
f 3599//4525 3598//4525 3767//4525
f 1222//4526 1049//4526 1076//4526
f 1366//4527 1339//4527 1210//4527
f 1431//4528 1600//4528 1597//4528
f 1597//4529 1426//4529 1431//4529
f 3943//4530 3949//4530 4119//4530
f 1339//4531 1222//4531 1210//4531
f 3961//4532 4403//4532 4122//4532
f 3951//4533 3816//4533 4122//4533
f 3768//4534 3944//4534 3947//4534
f 3768//4535 3767//4535 3944//4535
f 704//4536 446//4536 823//4536
f 652//4537 389//4537 704//4537
f 1512//4245 1489//4245 1366//4245
f 2711//4538 2747//4538 2898//4538
f 1788//4539 1957//4539 1954//4539
f 4403//4540 4249//4540 4576//4540
f 1954//4541 1957//4541 2128//4541
f 3947//4542 4111//4542 4112//4542
f 721//4543 414//4543 652//4543
f 3947//4542 3944//4542 4111//4542
f 4622//4544 4890//4544 4844//4544
f 1489//4245 1339//4245 1366//4245
f 4674//4545 4954//4545 4890//4545
f 2133//4546 2318//4546 2313//4546
f 4112//4547 4390//4547 4391//4547
f 837//4548 437//4548 721//4548
f 2489//4549 2313//4549 2318//4549
f 4112//4547 4111//4547 4390//4547
f 1658//4550 1641//4550 1512//4550
f 4711//4551 4949//4551 4758//4551
f 4391//3672 4564//3672 4561//3672
f 897//4552 522//4552 837//4552
f 4391//3647 4390//3647 4564//3647
f 2496//4553 2682//4553 2678//4553
f 1641//4550 1489//4550 1512//4550
f 2091//4554 1949//4554 2011//4554
f 892//4555 1088//4555 1235//4555
f 2747//2476 2911//2476 2898//2476
f 4561//4556 4769//4556 4771//4556
f 4949//4557 4649//4557 4894//4557
f 1844//4558 1823//4558 1658//4558
f 4894//4559 4585//4559 4839//4559
f 1178//4560 1235//4560 1372//4560
f 4839//4561 4514//4561 4773//4561
f 3031//4562 3024//4562 2861//4562
f 4561//4556 4564//4556 4769//4556
f 3655//4563 3835//4563 3831//4563
f 4331//4564 4243//4564 4562//4564
f 4773//4565 4331//4565 4562//4565
f 2540//4566 2561//4566 2711//4566
f 2561//4567 2747//4567 2711//4567
f 1823//4558 1641//4558 1658//4558
f 4771//4568 4838//4568 4845//4568
f 1299//4569 1372//4569 1519//4569
f 4771//4570 4769//4570 4838//4570
f 3118//4571 3054//4571 3216//4571
f 3192//4572 3196//4572 3365//4572
f 2008//4573 1995//4573 1844//4573
f 1591//4574 1441//4574 1672//4574
f 4113//4575 3815//4575 3952//4575
f 4845//4576 4889//4576 4898//4576
f 3655//4577 3659//4577 3835//4577
f 3952//4578 3680//4578 3770//4578
f 3376//4579 3600//4579 3609//4579
f 3831//4580 4000//4580 4008//4580
f 3374//4581 3387//4581 3602//4581
f 3546//4582 3762//4582 3750//4582
f 1995//4573 1823//4573 1844//4573
f 1749//4583 1672//4583 1854//4583
f 4845//4584 4838//4584 4889//4584
f 3148//4585 3049//4585 3214//4585
f 4898//4586 4943//4586 4945//4586
f 3367//4587 3198//4587 3389//4587
f 4898//4588 4889//4588 4943//4588
f 3001//4589 2879//4589 3049//4589
f 2191//4590 2175//4590 2008//4590
f 2825//4591 2994//4591 2886//4591
f 4945//4592 5004//4592 5002//4592
f 4124//4593 4106//4593 3937//4593
f 2356//2309 2367//2309 2540//2309
f 3929//4594 3937//4594 4106//4594
f 1895//4595 1854//4595 2023//4595
f 3488//4596 3495//4596 3668//4596
f 2367//2309 2561//2309 2540//2309
f 4124//4597 4412//4597 4398//4597
f 2879//4598 2849//4598 2717//4598
f 4945//4599 4943//4599 5004//4599
f 2175//4590 1995//4590 2008//4590
f 2132//4600 2023//4600 2202//4600
f 4412//4601 4586//4601 4580//4601
f 2717//4602 2690//4602 2545//4602
f 5002//4603 4951//4603 4950//4603
f 2545//4604 2434//4604 2391//4604
f 2391//4605 2293//4605 2212//4605
f 2362//4606 2353//4606 2191//4606
f 2764//4607 2613//4607 2588//4607
f 2125//4608 1973//4608 2044//4608
f 2212//4609 2125//4609 2044//4609
f 1887//4610 1690//4610 1869//4610
f 2353//4611 2175//4611 2191//4611
f 3367//4612 3389//4612 3610//4612
f 5002//4603 5004//4603 4951//4603
f 4950//4613 4901//4613 4902//4613
f 4853//4614 4850//4614 4784//4614
f 2854//4615 2703//4615 2764//4615
f 2928//4616 2854//4616 2764//4616
f 4950//4617 4951//4617 4901//4617
f 4902//4618 4840//4618 4834//4618
f 1433//4619 1129//4619 1301//4619
f 4853//4620 4908//4620 4904//4620
f 4963//4621 4962//4621 4908//4621
f 2565//4304 2548//4304 2362//4304
f 1152//4622 1139//4622 972//4622
f 2170//4623 2270//4623 2091//4623
f 2177//4624 2195//4624 2356//4624
f 3008//4625 2854//4625 2928//4625
f 1129//4626 1156//4626 964//4626
f 4989//4627 4962//4627 4963//4627
f 4963//4628 4993//4628 4989//4628
f 3108//4629 3008//4629 2928//4629
f 4902//4630 4901//4630 4840//4630
f 748//4631 313//4631 505//4631
f 2548//4304 2353//4304 2362//4304
f 606//4632 447//4632 313//4632
f 4834//4633 4764//4633 4763//4633
f 4834//4634 4840//4634 4764//4634
f 3296//4635 3160//4635 3108//4635
f 4937//4636 4880//4636 4885//4636
f 3267//4637 3296//4637 3108//4637
f 2751//4638 2743//4638 2565//4638
f 2751//4639 2845//4639 2914//4639
f 3394//4640 3296//4640 3267//4640
f 238//4641 447//4641 188//4641
f 4763//4642 4573//4642 4571//4642
f 3432//4643 3394//4643 3267//4643
f 188//4644 389//4644 133//4644
f 2743//4638 2548//4638 2565//4638
f 2195//4645 2367//4645 2356//4645
f 4824//4646 4699//4646 4702//4646
f 4763//4647 4764//4647 4573//4647
f 3592//4648 3691//4648 3432//4648
f 2914//4649 2904//4649 2751//4649
f 3831//4650 3835//4650 4000//4650
f 3728//4651 3839//4651 3592//4651
f 2299//4652 2399//4652 2219//4652
f 4571//4217 4400//4217 4401//4217
f 4399//4653 3943//4653 4119//4653
f 4571//4217 4573//4217 4400//4217
f 2904//4654 2743//4654 2751//4654
f 4103//4655 3963//4655 3902//4655
f 4401//4656 4118//4656 4114//4656
f 1049//4657 671//4657 926//4657
f 3087//4658 3084//4658 2914//4658
f 1998//4659 2005//4659 2177//4659
f 1877//4660 1974//4660 2049//4660
f 3084//4658 2904//4658 2914//4658
f 385//4661 643//4661 717//4661
f 4401//4656 4400//4656 4118//4656
f 4337//4662 4574//4662 4766//4662
f 3842//4663 4063//4663 3845//4663
f 4070//4664 3845//4664 4063//4664
f 1986//4665 2010//4665 2164//4665
f 2684//4666 2845//4666 2751//4666
f 4114//4667 3948//4667 3945//4667
f 4632//4668 4536//4668 4843//4668
f 4897//4669 4632//4669 4843//4669
f 4114//4670 4118//4670 3948//4670
f 2005//4671 2195//4671 2177//4671
f 4707//4672 4632//4672 4897//4672
f 4952//4673 4707//4673 4897//4673
f 3945//4674 3785//4674 3778//4674
f 3497//4675 3671//4675 3506//4675
f 3678//4676 3506//4676 3671//4676
f 4008//4677 4230//4677 4241//4677
f 5003//4678 4741//4678 4952//4678
f 3945//4679 3948//4679 3785//4679
f 1824//2842 1846//2842 1998//2842
f 358//4680 725//4680 643//4680
f 4948//4681 4741//4681 5003//4681
f 3778//4682 3612//4682 3606//4682
f 2565//4683 2684//4683 2751//4683
f 418//4684 830//4684 725//4684
f 2785//4685 2614//4685 2758//4685
f 4008//4686 4000//4686 4230//4686
f 3150//4687 3319//4687 3157//4687
f 1846//4688 2005//4688 1998//4688
f 3778//4689 3785//4689 3612//4689
f 4965//4690 4911//4690 4647//4690
f 1644//4691 1667//4691 1824//4691
f 3606//4692 3395//4692 3391//4692
f 473//4693 913//4693 830//4693
f 3606//4692 3612//4692 3395//4692
f 4241//4694 4486//4694 4481//4694
f 2806//4695 2979//4695 2808//4695
f 3391//4696 3225//4696 3221//4696
f 4116//4697 4073//4697 4397//4697
f 601//4698 778//4698 913//4698
f 3919//4699 4073//4699 4116//4699
f 2613//4700 2724//4700 2583//4700
f 1667//4691 1846//4691 1824//4691
f 1524//4701 1516//4701 1644//4701
f 3391//4702 3395//4702 3225//4702
f 3756//4703 3950//4703 3774//4703
f 2703//4704 2885//4704 2724//4704
f 2643//4705 2457//4705 2637//4705
f 3221//4706 3061//4706 3058//4706
f 3380//4707 3376//4707 3609//4707
f 3221//4708 3225//4708 3061//4708
f 2247//4709 2117//4709 2079//4709
f 3912//4710 3870//4710 4079//4710
f 3057//4711 3149//4711 3223//4711
f 4241//4712 4230//4712 4486//4712
f 1516//4713 1667//4713 1644//4713
f 2886//4714 2994//4714 3057//4714
f 3058//4262 2889//4262 2885//4262
f 4202//4715 4324//4715 4058//4715
f 2723//4716 2825//4716 2886//4716
f 3058//4262 3061//4262 2889//4262
f 2028//4717 1807//4717 1875//4717
f 1047//4718 882//4718 1198//4718
f 2010//4665 2193//4665 2164//4665
f 1906//4719 2078//4719 1921//4719
f 2825//4720 2723//4720 2641//4720
f 2362//4721 2425//4721 2565//4721
f 2885//4722 2727//4722 2724//4722
f 2459//4723 2584//4723 2400//4723
f 1098//4724 1256//4724 1343//4724
f 1727//4725 1906//4725 1740//4725
f 2885//4726 2889//4726 2727//4726
f 1198//4727 1098//4727 1343//4727
f 2724//4280 2587//4280 2583//4280
f 1345//3971 1370//3971 1524//3971
f 1604//4728 1818//4728 1643//4728
f 2724//4729 2727//4729 2587//4729
f 1809//4730 1963//4730 1879//4730
f 1701//4731 1809//4731 1879//4731
f 2885//4732 3008//4732 3058//4732
f 1711//4733 1809//4733 1701//4733
f 1479//4734 1711//4734 1701//4734
f 2583//4735 2402//4735 2399//4735
f 1370//3971 1516//3971 1524//3971
f 1314//4736 1542//4736 1479//4736
f 2583//4287 2587//4287 2402//4287
f 1225//4737 1211//4737 1345//4737
f 1319//4738 1144//4738 1123//4738
f 1391//4739 1542//4739 1314//4739
f 1139//4740 1391//4740 1314//4740
f 2399//4741 2222//4741 2219//4741
f 1807//4742 1988//4742 1818//4742
f 1152//4743 1391//4743 1139//4743
f 3058//4744 3160//4744 3221//4744
f 949//4745 1152//4745 689//4745
f 2614//4746 2432//4746 2573//4746
f 3394//4747 3606//4747 3391//4747
f 2399//4748 2402//4748 2222//4748
f 504//4749 949//4749 689//4749
f 2219//4750 2048//4750 2049//4750
f 2219//4751 2222//4751 2048//4751
f 308//4752 671//4752 504//4752
f 1211//4753 1370//4753 1345//4753
f 239//4754 560//4754 308//4754
f 2049//4755 1875//4755 1877//4755
f 2284//4756 2425//4756 2362//4756
f 4081//4757 4251//4757 4252//4757
f 1057//4758 1077//4758 1225//4758
f 2280//4759 2184//4759 2369//4759
f 448//4760 239//4760 190//4760
f 1077//4761 1211//4761 1225//4761
f 2049//4755 2048//4755 1875//4755
f 385//4762 448//4762 131//4762
f 4005//4763 4202//4763 3914//4763
f 1877//4764 1689//4764 1691//4764
f 4481//4765 4659//4765 4654//4765
f 2157//4766 2161//4766 2336//4766
f 2191//4767 2284//4767 2362//4767
f 2833//4768 2676//4768 2745//4768
f 921//4769 918//4769 1057//4769
f 2730//4770 2871//4770 2735//4770
f 918//4771 1077//4771 1057//4771
f 4481//4772 4486//4772 4659//4772
f 822//4773 838//4773 921//4773
f 838//4774 918//4774 921//4774
f 3021//4775 3081//4775 2900//4775
f 4612//4776 4647//4776 4911//4776
f 701//4777 733//4777 822//4777
f 3277//4778 3246//4778 3081//4778
f 4654//4779 4812//4779 4811//4779
f 3393//4780 3414//4780 3246//4780
f 4654//4781 4659//4781 4812//4781
f 3648//4782 3512//4782 3419//4782
f 733//4783 838//4783 822//4783
f 3787//4784 3648//4784 3567//4784
f 648//4482 660//4482 701//4482
f 3541//4785 3579//4785 3414//4785
f 3839//4786 4114//4786 3945//4786
f 2008//4787 2120//4787 2191//4787
f 4811//4788 4867//4788 4873//4788
f 660//4789 733//4789 701//4789
f 3991//4790 3879//4790 3714//4790
f 730//4791 710//4791 648//4791
f 4189//4792 4064//4792 3894//4792
f 710//4139 660//4139 648//4139
f 4215//4793 4038//4793 3879//4793
f 4081//4794 4079//4794 4251//4794
f 839//4795 818//4795 730//4795
f 4554//4796 4493//4796 4160//4796
f 818//4797 710//4797 730//4797
f 4386//4798 4148//4798 4038//4798
f 168//4799 167//4799 87//4799
f 2109//4800 2273//4800 2082//4800
f 927//4801 908//4801 839//4801
f 1844//4802 1822//4802 2008//4802
f 4811//4803 4812//4803 4867//4803
f 86//4804 87//4804 167//4804
f 2727//4805 2518//4805 2587//4805
f 908//4806 818//4806 839//4806
f 1082//4807 1066//4807 927//4807
f 4873//4808 4921//4808 4923//4808
f 1066//4809 908//4809 927//4809
f 4114//4810 4103//4810 4401//4810
f 4246//4811 4459//4811 4571//4811
f 4401//4812 4246//4812 4571//4812
f 4873//4808 4867//4808 4921//4808
f 1658//4813 1729//4813 1844//4813
f 4923//4814 4982//4814 4980//4814
f 1221//4815 1220//4815 1082//4815
f 4459//4816 4530//4816 4763//4816
f 4571//4817 4459//4817 4763//4817
f 4530//4818 4614//4818 4834//4818
f 4763//4819 4530//4819 4834//4819
f 4923//4814 4921//4814 4982//4814
f 1860//4820 2010//4820 1986//4820
f 281//4821 282//4821 367//4821
f 1512//4822 1432//4822 1658//4822
f 1220//4510 1066//4510 1082//4510
f 4980//4823 4972//4823 4975//4823
f 1901//4824 1980//4824 2020//4824
f 4980//4823 4982//4823 4972//4823
f 4761//4825 4945//4825 5002//4825
f 1366//4826 1280//4826 1512//4826
f 1365//4827 1330//4827 1221//4827
f 4945//4828 4665//4828 4898//4828
f 4975//4829 4925//4829 4926//4829
f 2889//4830 2730//4830 2727//4830
f 4975//4831 4972//4831 4925//4831
f 1210//4832 1143//4832 1366//4832
f 4602//4833 4503//4833 4845//4833
f 4898//4834 4602//4834 4845//4834
f 4407//4835 4561//4835 4771//4835
f 4845//4836 4503//4836 4771//4836
f 4926//4837 4870//4837 4868//4837
f 4212//4838 4391//4838 4561//4838
f 1330//4839 1220//4839 1221//4839
f 1842//4840 2010//4840 1860//4840
f 4926//4841 4925//4841 4870//4841
f 4088//4842 4112//4842 4391//4842
f 4718//4843 4660//4843 4958//4843
f 4868//4844 4803//4844 4809//4844
f 1076//4845 1024//4845 1210//4845
f 4868//4846 4870//4846 4803//4846
f 1480//4847 1523//4847 1365//4847
f 3856//4848 3944//4848 3677//4848
f 2379//4849 2454//4849 2585//4849
f 772//4850 862//4850 1076//4850
f 791//4851 786//4851 571//4851
f 940//4852 772//4852 1076//4852
f 1523//4853 1330//4853 1365//4853
f 3947//4854 3672//4854 3768//4854
f 4809//4855 4648//4855 4652//4855
f 1330//4856 1118//4856 1220//4856
f 4809//4857 4803//4857 4648//4857
f 1021//4858 1016//4858 791//4858
f 4652//4859 4479//4859 4487//4859
f 3768//4860 3527//4860 3599//4860
f 3233//4861 3212//4861 3382//4861
f 1637//4862 1842//4862 1860//4862
f 3132//4863 3302//4863 3211//4863
f 4652//4864 4648//4864 4479//4864
f 3134//4865 3047//4865 3212//4865
f 647//4866 402//4866 727//4866
f 1680//4867 1523//4867 1480//4867
f 4487//4868 4237//4868 4239//4868
f 4487//4869 4479//4869 4237//4869
f 368//4870 347//4870 647//4870
f 4239//4871 4002//4871 4004//4871
f 2845//4872 2715//4872 2876//4872
f 714//4873 368//4873 647//4873
f 1683//4874 1523//4874 1680//4874
f 4239//4871 4237//4871 4002//4871
f 2684//4875 2526//4875 2715//4875
f 2273//4876 2411//4876 2254//4876
f 421//4877 368//4877 714//4877
f 4004//4878 3837//4878 3836//4878
f 814//4879 421//4879 714//4879
f 1852//4880 1683//4880 1680//4880
f 4004//4881 4002//4881 3837//4881
f 3612//4882 3393//4882 3395//4882
f 2526//4883 2425//4883 2387//4883
f 920//4884 584//4884 814//4884
f 3836//4885 3652//4885 3661//4885
f 1862//4886 1683//4886 1852//4886
f 2387//4887 2284//4887 2208//4887
f 1962//4888 1822//4888 1865//4888
f 1656//4889 1842//4889 1637//4889
f 1061//4890 637//4890 920//4890
f 2020//4891 1862//4891 1852//4891
f 1822//4892 1729//4892 1686//4892
f 1865//4893 1822//4893 1686//4893
f 1585//4894 1307//4894 1465//4894
f 1483//4713 1503//4713 1637//4713
f 3836//4895 3837//4895 3652//4895
f 874//4896 637//4896 1061//4896
f 944//4897 668//4897 1066//4897
f 2036//4898 1862//4898 2020//4898
f 1220//4899 944//4899 1066//4899
f 1307//4900 1280//4900 1131//4900
f 3661//4901 3484//4901 3486//4901
f 874//4902 1061//4902 1218//4902
f 3661//4903 3652//4903 3484//4903
f 3486//4904 3314//4904 3306//4904
f 1143//4905 1024//4905 967//4905
f 1131//4906 1143//4906 967//4906
f 1024//4907 862//4907 684//4907
f 4118//4908 3841//4908 3948//4908
f 2201//4909 2036//4909 2020//4909
f 2184//4910 2036//4910 2201//4910
f 499//4911 596//4911 244//4911
f 1115//4912 1218//4912 1360//4912
f 684//4913 862//4913 508//4913
f 3486//4914 3484//4914 3314//4914
f 3306//4915 3141//4915 3146//4915
f 1503//4916 1656//4916 1637//4916
f 2435//4917 2298//4917 2247//4917
f 3306//4918 3314//4918 3141//4918
f 347//4919 92//4919 130//4919
f 1663//4920 1420//4920 1501//4920
f 4252//4921 4502//4921 4506//4921
f 3146//4922 2970//4922 2976//4922
f 2379//4296 2369//4296 2201//4296
f 3991//4923 3841//4923 4118//4923
f 1702//4924 1547//4924 1663//4924
f 1834//4925 1702//4925 1663//4925
f 2369//4926 2184//4926 2201//4926
f 1066//4927 596//4927 908//4927
f 1801//4928 1702//4928 1834//4928
f 1997//4929 1801//4929 1834//4929
f 2585//4930 2573//4930 2379//4930
f 908//4931 499//4931 818//4931
f 1333//4932 1350//4932 1483//4932
f 3991//4933 4118//4933 4400//4933
f 2109//4934 1997//4934 2181//4934
f 2363//4935 2273//4935 2181//4935
f 2573//4936 2369//4936 2379//4936
f 2766//4937 2758//4937 2585//4937
f 2411//4938 2273//4938 2363//4938
f 2566//4939 2411//4939 2363//4939
f 2758//4937 2573//4937 2585//4937
f 4994//4940 4718//4940 4958//4940
f 2745//4941 2676//4941 2566//4941
f 2933//4649 2921//4649 2766//4649
f 395//4942 660//4942 710//4942
f 2913//4943 2833//4943 2745//4943
f 2921//4649 2758//4649 2766//4649
f 3146//4944 3141//4944 2970//4944
f 3095//4945 3065//4945 2913//4945
f 3109//4658 3100//4658 2933//4658
f 4215//4946 4400//4946 4573//4946
f 4959//4947 4994//4947 4958//4947
f 818//4948 405//4948 710//4948
f 3419//4949 3348//4949 3252//4949
f 3100//4658 2921//4658 2933//4658
f 376//4950 349//4950 648//4950
f 3567//4951 3648//4951 3419//4951
f 3270//4952 3260//4952 3109//4952
f 2976//4953 2798//4953 2803//4953
f 3736//4954 3787//4954 3567//4954
f 3260//4955 3100//4955 3109//4955
f 4386//4956 4573//4956 4764//4956
f 2819//4957 2824//4957 2995//4957
f 3894//4958 4064//4958 3736//4958
f 3428//4959 3439//4959 3270//4959
f 1350//4960 1503//4960 1483//4960
f 4019//4961 4189//4961 3894//4961
f 3439//4959 3260//4959 3270//4959
f 2821//4962 2698//4962 2869//4962
f 4160//4963 4325//4963 4019//4963
f 3587//4964 3581//4964 3428//4964
f 2976//4965 2970//4965 2798//4965
f 4274//4966 4554//4966 4160//4966
f 1199//4967 1201//4967 1333//4967
f 4343//4968 4644//4968 4274//4968
f 3581//4964 3439//4964 3428//4964
f 2803//4969 2623//4969 2630//4969
f 4424//4970 4712//4970 4343//4970
f 4730//4971 4689//4971 4951//4971
f 2995//4972 2998//4972 3165//4972
f 5004//4973 4730//4973 4951//4973
f 2803//4974 2798//4974 2623//4974
f 373//4975 733//4975 660//4975
f 3165//4976 3171//4976 3334//4976
f 4753//4977 4730//4977 5004//4977
f 4943//4978 4753//4978 5004//4978
f 2630//4979 2435//4979 2442//4979
f 2376//2442 2570//2442 2589//2442
f 4680//4980 4943//4980 4889//4980
f 434//4981 838//4981 733//4981
f 4252//4982 4251//4982 4502//4982
f 2630//4983 2623//4983 2435//4983
f 4556//4984 4889//4984 4838//4984
f 1201//4985 1350//4985 1333//4985
f 2833//4986 2976//4986 2803//4986
f 2442//4987 2247//4987 2254//4987
f 4455//4988 4556//4988 4769//4988
f 4564//4989 4455//4989 4769//4989
f 2442//4990 2435//4990 2247//4990
f 2254//4991 2079//4991 2082//4991
f 4390//4992 4221//4992 4564//4992
f 2254//4993 2247//4993 2079//4993
f 2510//4994 2676//4994 2630//4994
f 4910//4995 4959//4995 4912//4995
f 2442//4996 2510//4996 2630//4996
f 3944//4997 3856//4997 4111//4997
f 2623//4998 2477//4998 2435//4998
f 838//4999 591//4999 918//4999
f 1043//5000 1063//5000 1199//5000
f 2630//5001 2676//5001 2803//5001
f 2082//5002 1908//5002 1912//5002
f 3489//5003 3677//5003 3598//5003
f 3381//5004 3489//5004 3598//5004
f 2082//5005 2079//5005 1908//5005
f 3211//5006 3302//5006 3381//5006
f 4506//5007 4687//5007 4691//5007
f 3046//5008 3132//5008 3211//5008
f 2300//5009 2454//5009 2379//5009
f 2964//5010 3132//5010 3046//5010
f 2875//5011 2964//5011 3046//5011
f 1912//5012 1730//5012 1732//5012
f 918//5013 639//5013 1077//5013
f 2785//5014 2964//5014 2875//5014
f 2714//5015 2785//5015 2875//5015
f 3185//5016 3007//5016 3141//5016
f 2530//5017 2614//5017 2714//5017
f 1096//5018 1370//5018 1211//5018
f 3455//5019 3637//5019 3445//5019
f 1063//5020 1201//5020 1199//5020
f 3521//5021 3445//5021 3689//5021
f 2432//4261 2530//4261 2388//4261
f 4506//5022 4502//5022 4687//5022
f 1912//5023 1908//5023 1730//5023
f 3373//5024 3185//5024 3314//5024
f 1732//5025 1548//5025 1549//5025
f 4691//5026 4820//5026 4822//5026
f 3199//5027 3306//5027 3146//5027
f 1516//5028 1436//5028 1667//5028
f 1732//5029 1730//5029 1548//5029
f 1306//5030 1443//5030 1464//5030
f 1549//5031 1380//5031 1379//5031
f 2754//5032 2635//5032 2569//5032
f 2201//5033 2300//5033 2379//5033
f 1890//5034 1824//5034 1998//5034
f 906//5035 912//5035 1043//5035
f 1278//5036 1443//5036 1130//5036
f 4691//5037 4687//5037 4820//5037
f 1667//5038 1612//5038 1846//5038
f 1549//5039 1548//5039 1380//5039
f 1118//5040 1278//5040 966//5040
f 685//5041 948//5041 966//5041
f 1379//5042 1159//5042 1158//5042
f 1379//5042 1380//5042 1159//5042
f 3306//5043 3348//5043 3486//5043
f 1846//5044 1953//5044 2005//5044
f 2130//5045 1998//5045 2177//5045
f 3787//5046 4004//5046 3836//5046
f 1158//5047 989//5047 988//5047
f 192//5048 499//5048 244//5048
f 1158//5047 1159//5047 989//5047
f 2970//5049 2832//5049 2798//5049
f 132//5050 405//5050 192//5050
f 2005//5051 2117//5051 2195//5051
f 93//5052 395//5052 132//5052
f 988//5053 755//5053 757//5053
f 2302//5054 2177//5054 2356//5054
f 2204//5055 2200//5055 2380//5055
f 2298//5056 2477//5056 2367//5056
f 2195//5057 2298//5057 2367//5057
f 4822//5058 4878//5058 4879//5058
f 3921//5059 4239//5059 4004//5059
f 2367//5060 2477//5060 2561//5060
f 912//5061 1063//5061 1043//5061
f 2832//5062 2911//5062 2747//5062
f 4822//5063 4820//5063 4878//5063
f 3007//5064 3092//5064 2911//5064
f 1980//5065 2137//5065 2201//5065
f 3182//5066 3032//5066 3077//5066
f 806//5067 828//5067 906//5067
f 828//5068 912//5068 906//5068
f 4879//5069 4934//5069 4935//5069
f 2954//5070 2788//5070 2895//5070
f 4992//5071 4991//5071 4938//5071
f 1670//5072 1607//5072 1847//5072
f 3185//5073 3373//5073 3262//5073
f 3092//5074 3185//5074 3262//5074
f 4879//5075 4878//5075 4934//5075
f 703//5076 715//5076 806//5076
f 3141//5077 3007//5077 2970//5077
f 4935//5078 4987//5078 4990//5078
f 715//5076 828//5076 806//5076
f 2788//5079 2616//5079 2732//5079
f 662//5080 645//5080 703//5080
f 4991//5081 4992//5081 4968//5081
f 4192//5082 4043//5082 3886//5082
f 4239//5083 4064//5083 4487//5083
f 4505//5084 4474//5084 4158//5084
f 645//5080 715//5080 703//5080
f 4441//5085 4151//5085 4043//5085
f 740//5086 738//5086 662//5086
f 4523//5087 4310//5087 4151//5087
f 2020//5088 1980//5088 2201//5088
f 4487//5089 4325//5089 4652//5089
f 738//5090 645//5090 662//5090
f 3314//5091 3185//5091 3141//5091
f 4935//5092 4934//5092 4987//5092
f 4990//5093 4985//5093 4984//5093
f 3664//5094 3838//5094 3832//5094
f 1852//5095 1901//5095 2020//5095
f 843//5096 817//5096 740//5096
f 4990//5097 4987//5097 4985//5097
f 4644//5098 4712//5098 4926//5098
f 3664//5099 3668//5099 3838//5099
f 4984//5100 4941//5100 4940//5100
f 4926//5101 4712//5101 4975//5101
f 4984//5102 4985//5102 4941//5102
f 817//5103 738//5103 740//5103
f 4750//5104 4742//5104 4980//5104
f 4975//5105 4750//5105 4980//5105
f 4237//5106 3988//5106 4002//5106
f 4670//5107 4873//5107 4923//5107
f 4940//5108 4907//5108 4906//5108
f 2200//2466 2376//2466 2380//2466
f 4940//5109 4941//5109 4907//5109
f 2022//5110 2017//5110 2204//5110
f 4906//5111 4875//5111 4874//5111
f 1680//5112 1755//5112 1852//5112
f 4811//5113 4444//5113 4654//5113
f 4906//5111 4907//5111 4875//5111
f 2017//5114 2200//5114 2204//5114
f 4874//5115 4830//5115 4828//5115
f 934//5116 922//5116 843//5116
f 4654//5117 4228//5117 4481//5117
f 3813//5118 3682//5118 3831//5118
f 4008//5119 3813//5119 3831//5119
f 4874//5120 4875//5120 4830//5120
f 4828//5121 4728//5121 4723//5121
f 3325//5122 3483//5122 3313//5122
f 4870//5123 4661//5123 4803//5123
f 1300//5124 1480//5124 1365//5124
f 3655//5125 3397//5125 3479//5125
f 4828//5126 4830//5126 4728//5126
f 3479//5127 3289//5127 3309//5127
f 1536//5128 1396//5128 1407//5128
f 1039//5129 1365//5129 1221//5129
f 3242//5130 3231//5130 3085//5130
f 1191//5131 1442//5131 1409//5131
f 922//5116 817//5116 843//5116
f 2969//5132 2855//5132 2800//5132
f 4723//5133 4532//5133 4531//5133
f 4723//5134 4728//5134 4532//5134
f 896//5135 1221//5135 1082//5135
f 2800//5136 2696//5136 2629//5136
f 4531//5137 4326//5137 4327//5137
f 4531//5138 4532//5138 4326//5138
f 4867//5139 4678//5139 4921//5139
f 3832//5140 4001//5140 3997//5140
f 2629//5141 2597//5141 2441//5141
f 4812//5142 4558//5142 4867//5142
f 2441//5143 2300//5143 2257//5143
f 4327//5144 4109//5144 4123//5144
f 1980//5145 1901//5145 1917//5145
f 2077//5146 1980//5146 1917//5146
f 1851//5147 1850//5147 2022//5147
f 1084//5148 1059//5148 934//5148
f 4327//5149 4326//5149 4109//5149
f 4123//5150 3966//5150 3968//5150
f 1594//5151 1383//5151 1557//5151
f 4205//5152 4659//5152 4486//5152
f 1416//5153 1568//5153 1389//5153
f 4123//5154 4109//5154 3966//5154
f 1012//5155 1250//5155 994//5155
f 604//5156 747//5156 927//5156
f 3968//5157 3792//5157 3793//5157
f 1383//5158 1300//5158 1160//5158
f 2114//5159 1987//5159 2165//5159
f 3968//5160 3966//5160 3792//5160
f 896//5161 747//5161 537//5161
f 3701//5162 3940//5162 4000//5162
f 1012//5163 994//5163 762//5163
f 1409//5164 1592//5164 1581//5164
f 992//5165 1039//5165 761//5165
f 761//5166 896//5166 537//5166
f 3793//5167 3622//5167 3623//5167
f 1059//5168 922//5168 934//5168
f 3793//5169 3792//5169 3622//5169
f 496//5170 927//5170 839//5170
f 747//5171 604//5171 338//5171
f 537//5172 747//5172 338//5172
f 3701//5173 4000//5173 3835//5173
f 3623//5174 3401//5174 3402//5174
f 429//5175 157//5175 216//5175
f 3166//5176 3041//5176 3209//5176
f 349//5177 94//5177 157//5177
f 3623//5178 3622//5178 3401//5178
f 3402//5179 3209//5179 3210//5179
f 1850//5180 2017//5180 2022//5180
f 3402//5181 3401//5181 3209//5181
f 1228//4815 1212//4815 1084//4815
f 429//5182 839//5182 730//5182
f 3210//5183 3041//5183 3042//5183
f 648//5184 349//5184 730//5184
f 1212//4510 1059//4510 1084//4510
f 3210//5185 3209//5185 3041//5185
f 1363//4236 1348//4236 1228//4236
f 701//5186 376//5186 648//5186
f 1348//4236 1212//4236 1228//4236
f 2788//5187 2954//5187 2804//5187
f 1827//2947 1833//2947 1654//2947
f 822//5188 450//5188 701//5188
f 3042//5189 2869//5189 2868//5189
f 2616//5190 2804//5190 2634//5190
f 1520//5191 1492//5191 1363//5191
f 3042//5192 3041//5192 2869//5192
f 2620//5193 2437//5193 2624//5193
f 2868//5194 2698//5194 2699//5194
f 2322//5195 2446//5195 2259//5195
f 1675//3522 1665//3522 1851//3522
f 1741//5196 1650//5196 1820//5196
f 2868//5197 2869//5197 2698//5197
f 3849//5198 3844//5198 4069//5198
f 2699//5199 2513//5199 2512//5199
f 1559//5200 1741//5200 1739//5200
f 2699//5201 2698//5201 2513//5201
f 1453//5202 1670//5202 1520//5202
f 1568//5203 1741//5203 1559//5203
f 1389//5204 1568//5204 1559//5204
f 1492//5205 1348//5205 1363//5205
f 787//5206 921//5206 1057//5206
f 2512//5207 2414//5207 2418//5207
f 1665//5208 1850//5208 1851//5208
f 3085//5209 3129//5209 2903//5209
f 2512//5210 2513//5210 2414//5210
f 1670//5211 1650//5211 1520//5211
f 888//5212 1057//5212 1225//5212
f 3832//5213 3838//5213 4001//5213
f 2418//5214 2268//5214 2274//5214
f 1975//5215 2105//5215 1939//5215
f 1650//5211 1492//5211 1520//5211
f 2418//5216 2414//5216 2268//5216
f 770//5217 540//5217 339//5217
f 3997//5218 4236//5218 4232//5218
f 2274//5219 2104//5219 2105//5219
f 1806//5220 1984//5220 1819//5220
f 156//5221 412//5221 215//5221
f 2274//5222 2268//5222 2104//5222
f 1847//4558 1820//4558 1670//4558
f 1820//5223 1650//5223 1670//5223
f 1442//5224 1524//5224 1644//5224
f 1650//5225 1416//5225 1492//5225
f 1750//5226 1644//5226 1824//5226
f 1243//5227 1326//5227 1363//5227
f 3997//5228 4001//5228 4236//5228
f 2013//5229 1987//5229 1847//5229
f 1095//5230 1363//5230 1228//5230
f 3622//5231 3335//5231 3401//5231
f 1987//5232 1820//5232 1847//5232
f 1492//5233 1250//5233 1348//5233
f 1348//5234 1012//5234 1212//5234
f 2190//5235 2165//5235 2013//5235
f 1518//5236 1502//5236 1675//5236
f 4071//5237 4253//5237 4258//5237
f 2165//5235 1987//5235 2013//5235
f 4232//5238 4483//5238 4478//5238
f 2361//5239 2343//5239 2190//5239
f 3077//5240 3032//5240 2898//5240
f 3236//5241 3182//5241 3077//5241
f 2343//5242 2165//5242 2190//5242
f 2325//5243 2418//5243 2274//5243
f 1498//5236 1647//5236 1660//5236
f 1059//5244 770//5244 922//5244
f 922//5245 605//5245 817//5245
f 3468//5246 3236//5246 3404//5246
f 346//5247 357//5247 662//5247
f 1502//3782 1665//3782 1675//3782
f 2560//4930 2527//4930 2361//4930
f 1896//5248 2064//5248 1976//5248
f 2527//4930 2343//4930 2361//4930
f 3887//5249 3989//5249 3721//5249
f 2749//4937 2732//4937 2560//4937
f 4232//5250 4236//5250 4483//5250
f 4507//5251 4183//5251 4324//5251
f 1375//3971 1364//3971 1518//3971
f 4158//5252 4474//5252 4042//5252
f 2732//4937 2527//4937 2560//4937
f 382//5253 360//5253 645//5253
f 4268//5254 4505//5254 4158//5254
f 2923//4649 2895//4649 2749//4649
f 2512//5255 2647//5255 2699//5255
f 1364//5256 1502//5256 1518//5256
f 443//5257 828//5257 715//5257
f 4478//5258 4653//5258 4651//5258
f 1236//5259 1209//5259 1375//5259
f 2903//5260 2817//5260 2740//5260
f 4478//5258 4483//5258 4653//5258
f 1209//5261 1364//5261 1375//5261
f 593//5262 384//5262 628//5262
f 2793//5263 2890//5263 2868//5263
f 1068//5264 1073//5264 1236//5264
f 877//5265 1201//5265 1063//5265
f 2699//5266 2793//5266 2868//5266
f 1073//5267 1209//5267 1236//5267
f 1106//5268 1350//5268 1201//5268
f 797//5269 887//5269 628//5269
f 2868//5270 2890//5270 3042//5270
f 938//5271 919//5271 1068//5271
f 1450//5272 1331//5272 1321//5272
f 4651//5273 4808//5273 4804//5273
f 4326//5274 4083//5274 4109//5274
f 919//5275 1073//5275 1068//5275
f 1861//5276 1860//5276 1986//5276
f 1682//5277 1888//5277 1842//5277
f 1888//5278 1983//5278 2010//5278
f 3042//5279 3032//5279 3210//5279
f 835//5280 813//5280 938//5280
f 4651//5273 4653//5273 4808//5273
f 1656//5281 1682//5281 1842//5281
f 1842//5282 1888//5282 2010//5282
f 813//5280 919//5280 938//5280
f 4563//3783 4565//3783 4767//3783
f 3332//5283 3468//5283 3402//5283
f 2291//5284 2164//5284 2346//5284
f 3210//5285 3332//5285 3402//5285
f 2520//5286 2431//5286 2534//5286
f 4804//5287 4866//5287 4865//5287
f 2309//5288 2478//5288 2370//5288
f 2193//5289 2309//5289 2370//5289
f 4071//5290 4069//5290 4253//5290
f 731//5291 728//5291 835//5291
f 2478//5292 2656//5292 2580//5292
f 2370//5293 2478//5293 2580//5293
f 2821//5294 2931//5294 2762//5294
f 4804//5287 4808//5287 4866//5287
f 1649//3949 1493//3949 1500//3949
f 728//5291 813//5291 835//5291
f 2291//5295 2431//5295 2258//5295
f 653//5296 655//5296 731//5296
f 2997//5297 3104//5297 2931//5297
f 4532//5298 4218//5298 4326//5298
f 3208//5299 3078//5299 3235//5299
f 655//5296 728//5296 731//5296
f 3166//5300 3264//5300 3104//5300
f 3468//5301 3616//5301 3623//5301
f 3520//5302 3362//5302 3406//5302
f 4865//5303 4928//5303 4927//5303
f 711//5304 713//5304 653//5304
f 1861//5305 1970//5305 1918//5305
f 3651//5306 3406//5306 3555//5306
f 2740//5307 2640//5307 2541//5307
f 3623//5308 3616//5308 3793//5308
f 3264//5309 3496//5309 3440//5309
f 713//5304 655//5304 653//5304
f 210//5310 440//5310 552//5310
f 4865//5311 4866//5311 4928//5311
f 1703//5312 1819//5312 1638//5312
f 809//5313 815//5313 711//5313
f 4333//5314 4196//5314 4016//5314
f 815//5313 713//5313 711//5313
f 4083//5315 4218//5315 3889//5315
f 905//5316 902//5316 809//5316
f 4927//5317 4981//5317 4978//5317
f 233//5318 298//5318 234//5318
f 1738//5319 1861//5319 1918//5319
f 4927//5320 4928//5320 4981//5320
f 902//5316 815//5316 809//5316
f 2541//1374 2452//1374 2351//1374
f 4049//5321 4328//5321 4177//5321
f 4978//5322 4977//5322 4973//5322
f 1044//5323 1056//5323 905//5323
f 266//5324 210//5324 552//5324
f 1056//5325 902//5325 905//5325
f 4978//14 4981//14 4977//14
f 2789//5326 2649//5326 2697//5326
f 4531//5327 4318//5327 4723//5327
f 4973//5328 4918//5328 4917//5328
f 2351//5329 2286//5329 2173//5329
f 4973//5330 4977//5330 4918//5330
f 1196//5331 1219//5331 1044//5331
f 703//5332 346//5332 662//5332
f 4917//5333 4864//5333 4869//5333
f 4917//5334 4918//5334 4864//5334
f 2173//5335 2116//5335 1999//5335
f 1649//5336 1654//5336 1493//5336
f 4869//5337 4805//5337 4810//5337
f 4833//5338 4671//5338 4990//5338
f 4984//5339 4833//5339 4990//5339
f 4990//5340 4720//5340 4935//5340
f 4869//5341 4864//5341 4805//5341
f 806//5342 460//5342 703//5342
f 4935//5343 4662//5343 4879//5343
f 4810//5344 4657//5344 4658//5344
f 4810//5345 4805//5345 4657//5345
f 4658//5346 4477//5346 4484//5346
f 4472//5347 4820//5347 4687//5347
f 4555//5348 4475//5348 4822//5348
f 4879//5349 4555//5349 4822//5349
f 4658//5346 4657//5346 4477//5346
f 1219//5350 1056//5350 1044//5350
f 4484//5351 4233//5351 4238//5351
f 4822//5352 4475//5352 4691//5352
f 4201//5353 4252//5353 4506//5353
f 4691//5354 4329//5354 4506//5354
f 4484//5355 4477//5355 4233//5355
f 4238//5356 3993//5356 3999//5356
f 4258//5357 4513//5357 4515//5357
f 4238//5358 4233//5358 3993//5358
f 4079//5359 4009//5359 4251//5359
f 3999//5360 3827//5360 3830//5360
f 906//5361 559//5361 806//5361
f 3870//5362 3840//5362 4079//5362
f 3999//4878 3993//4878 3827//4878
f 2985//5363 3129//5363 3125//5363
f 3548//5364 3449//5364 3552//5364
f 3705//5365 3548//5365 3552//5365
f 1500//5366 1338//5366 1347//5366
f 3830//5367 3653//5367 3660//5367
f 3704//5368 3684//5368 3870//5368
f 3830//5369 3827//5369 3653//5369
f 3660//5370 3477//5370 3485//5370
f 621//5371 559//5371 906//5371
f 3660//5372 3653//5372 3477//5372
f 2862//5373 2768//5373 2945//5373
f 3535//5374 3684//5374 3704//5374
f 3550//5375 3535//5375 3704//5375
f 3485//5376 3307//5376 3317//5376
f 3485//5376 3477//5376 3307//5376
f 3317//5377 3137//5377 3142//5377
f 1043//5378 621//5378 906//5378
f 3450//5379 3370//5379 3550//5379
f 1336//5380 1346//5380 1196//5380
f 3286//5381 3231//5381 3450//5381
f 2948//5382 2787//5382 2965//5382
f 2265//5383 2152//5383 2094//5383
f 3317//5377 3307//5377 3137//5377
f 4258//5384 4253//5384 4513//5384
f 642//5385 950//5385 674//5385
f 2094//5386 2052//5386 1933//5386
f 3125//5387 3129//5387 3286//5387
f 3142//5388 2965//5388 2974//5388
f 3142//5389 3137//5389 2965//5389
f 1774//5390 1577//5390 1759//5390
f 1933//5391 1922//5391 1759//5391
f 1607//5392 1405//5392 1577//5392
f 2974//5393 2796//5393 2802//5393
f 1445//5394 1626//5394 1402//5394
f 2974//5395 2965//5395 2796//5395
f 1453//5396 1326//5396 1405//5396
f 1199//5397 851//5397 1043//5397
f 1281//5398 1445//5398 1179//5398
f 4063//5399 4257//5399 4070//5399
f 4256//5400 4257//5400 4511//5400
f 2802//5401 2624//5401 2632//5401
f 4702//5402 4832//5402 4824//5402
f 2942//5403 2985//5403 3125//5403
f 2802//5401 2796//5401 2624//5401
f 4989//5404 4993//5404 4939//5404
f 1346//5380 1219//5380 1196//5380
f 2817//5405 2985//5405 2942//5405
f 4781//5406 4784//5406 4850//5406
f 1243//5407 1095//5407 1007//5407
f 1184//5408 1243//5408 1007//5408
f 2632//4979 2437//4979 2445//4979
f 2632//4979 2624//4979 2437//4979
f 1095//5409 951//5409 777//5409
f 2773//5410 2817//5410 2942//5410
f 3369//5411 3365//5411 3196//5411
f 2445//5412 2251//5412 2258//5412
f 1104//5413 945//5413 1199//5413
f 777//5414 951//5414 550//5414
f 638//5415 545//5415 341//5415
f 2640//5416 2817//5416 2773//5416
f 619//3902 275//3902 344//3902
f 550//5417 789//5417 344//5417
f 2445//5412 2437//5412 2251//5412
f 2258//5418 2072//5418 2071//5418
f 2258//5419 2251//5419 2072//5419
f 856//5420 854//5420 598//5420
f 557//5421 463//5421 275//5421
f 410//5422 285//5422 286//5422
f 2603//5423 2640//5423 2773//5423
f 463//5424 401//5424 209//5424
f 2423//5425 2452//5425 2603//5425
f 2071//5426 1919//5426 1918//5426
f 2071//5427 2072//5427 1919//5427
f 1333//5428 1104//5428 1199//5428
f 1487//5429 1494//5429 1336//5429
f 3137//5430 3070//5430 2965//5430
f 2286//5431 2452//5431 2262//5431
f 1483//5432 1254//5432 1333//5432
f 1918//5433 1733//5433 1738//5433
f 1494//5434 1346//5434 1336//5434
f 1626//5435 1445//5435 1645//5435
f 2218//4750 2046//4750 2047//4750
f 1918//5436 1919//5436 1733//5436
f 1959//5437 2090//5437 1932//5437
f 1830//5438 1626//5438 1645//5438
f 1637//5439 1564//5439 1483//5439
f 1738//5440 1555//5440 1554//5440
f 1738//5441 1733//5441 1555//5441
f 1638//5442 1645//5442 1487//5442
f 1445//5443 1281//5443 1494//5443
f 1725//5444 1564//5444 1637//5444
f 1860//5445 1725//5445 1637//5445
f 1645//5446 1494//5446 1487//5446
f 1554//5447 1388//5447 1384//5447
f 1645//5448 1445//5448 1494//5448
f 1500//5449 1493//5449 1338//5449
f 1554//5447 1555//5447 1388//5447
f 1110//5450 1281//5450 1005//5450
f 4515//5451 4694//5451 4697//5451
f 1819//5452 1830//5452 1638//5452
f 1384//5453 1164//5453 1162//5453
f 1110//5454 1005//5454 773//5454
f 2126//5455 1986//5455 2164//5455
f 1384//5453 1388//5453 1164//5453
f 893//5456 773//5456 545//5456
f 1347//5457 1229//5457 1202//5457
f 2218//5458 2216//5458 2046//5458
f 4515//5459 4513//5459 4694//5459
f 1162//5460 991//5460 990//5460
f 259//5461 563//5461 341//5461
f 1162//5460 1164//5460 991//5460
f 1830//5452 1645//5452 1638//5452
f 1281//5462 1110//5462 1346//5462
f 1494//5463 1281//5463 1346//5463
f 1984//5464 1999//5464 1819//5464
f 452//5465 563//5465 199//5465
f 125//5466 452//5466 199//5466
f 990//5467 758//5467 760//5467
f 2737//4941 2687//4941 2534//4941
f 97//5468 361//5468 125//5468
f 990//5467 991//5467 758//5467
f 1999//5469 1830//5469 1819//5469
f 2167//5470 2173//5470 1984//5470
f 2899//5471 2843//5471 2737//5471
f 2173//5472 1999//5472 1984//5472
f 1347//5473 1338//5473 1229//5473
f 3078//5474 2991//5474 2899//5474
f 2341//5475 2351//5475 2167//5475
f 2569//5476 2408//5476 2368//5476
f 1110//5477 893//5477 1219//5477
f 1346//5478 1110//5478 1219//5478
f 893//5479 638//5479 1056//5479
f 1219//5480 893//5480 1056//5480
f 1202//4459 1060//4459 1046//4459
f 2047//4755 1873//4755 1874//4755
f 2351//5481 2173//5481 2167//5481
f 3307//5482 3070//5482 3137//5482
f 1202//4459 1229//4459 1060//4459
f 2525//5483 2541//5483 2341//5483
f 2520//5484 2687//5484 2632//5484
f 2445//5485 2520//5485 2632//5485
f 2541//5483 2351//5483 2341//5483
f 2733//4638 2740//4638 2525//4638
f 4016//5486 4196//5486 3877//5486
f 2740//5487 2541//5487 2525//5487
f 1056//5488 638//5488 902//5488
f 4164//5489 4333//5489 4016//5489
f 2897//5490 2903//5490 2733//5490
f 1046//4769 925//4769 917//4769
f 563//5491 452//5491 815//5491
f 902//5492 563//5492 815//5492
f 361//5493 655//5493 713//5493
f 4638//5494 4583//5494 4271//5494
f 4353//5495 4638//5495 4271//5495
f 2903//5490 2740//5490 2733//5490
f 3074//5496 3085//5496 2897//5496
f 4697//5497 4826//5497 4827//5497
f 4428//5498 4709//5498 4353//5498
f 3085//5499 2903//5499 2897//5499
f 2843//5500 2974//5500 2802//5500
f 1046//4463 1060//4463 925//4463
f 917//4471 821//4471 824//4471
f 390//5501 728//5501 655//5501
f 2632//5502 2687//5502 2802//5502
f 400//5503 813//5503 728//5503
f 1425//5504 1638//5504 1487//5504
f 917//4471 925//4471 821//4471
f 495//5505 919//5505 813//5505
f 4697//5506 4694//5506 4826//5506
f 824//5507 702//5507 699//5507
f 824//4479 821//4479 702//4479
f 2991//5508 3142//5508 2974//5508
f 3477//5509 3364//5509 3307//5509
f 699//5510 654//5510 649//5510
f 3133//5511 3317//5511 3142//5511
f 699//5510 702//5510 654//5510
f 1004//5512 1124//5512 1209//5512
f 1354//5256 1337//5256 1497//5256
f 1286//5513 1502//5513 1364//5513
f 1539//5514 1613//5514 1621//5514
f 649//5515 729//5515 724//5515
f 1454//5516 1665//5516 1502//5516
f 4827//5517 4882//5517 4883//5517
f 649//5518 654//5518 729//5518
f 724//5519 834//5519 825//5519
f 3208//5520 3362//5520 3317//5520
f 724//5521 729//5521 834//5521
f 2047//4755 2046//4755 1873//4755
f 1266//5522 1487//5522 1336//5522
f 825//5523 923//5523 935//5523
f 2059//5524 2200//5524 2017//5524
f 4827//5525 4826//5525 4882//5525
f 3518//5526 3364//5526 3653//5526
f 825//5523 834//5523 923//5523
f 2235//5527 2376//5527 2200//5527
f 2866//5528 2789//5528 2697//5528
f 935//5529 1053//5529 1055//5529
f 4883//5530 4929//5530 4930//5530
f 935//5529 923//5529 1053//5529
f 3485//5531 3520//5531 3660//5531
f 2620//5532 2787//5532 2570//5532
f 2368//5533 2228//5533 2187//5533
f 1337//3971 1498//3971 1497//3971
f 1055//5534 1207//5534 1231//5534
f 2864//5535 2765//5535 2927//5535
f 3660//5536 3651//5536 3830//5536
f 3823//5537 3827//5537 3993//5537
f 2753//5538 2948//5538 2919//5538
f 4883//5539 4882//5539 4929//5539
f 1055//5534 1053//5534 1207//5534
f 299//5540 561//5540 234//5540
f 3973//5541 3993//5541 4233//5541
f 1231//5542 1361//5542 1357//5542
f 4930//5543 4969//5543 4970//5543
f 3830//5544 3794//5544 3999//5544
f 1121//5545 1336//5545 1196//5545
f 543//5546 295//5546 297//5546
f 1231//5547 1207//5547 1361//5547
f 1357//4245 1510//4245 1504//4245
f 3667//5548 3823//5548 3583//5548
f 3434//5549 3667//5549 3583//5549
f 3939//5550 4053//5550 4238//5550
f 3999//5551 3939//5551 4238//5551
f 1990//5552 2166//5552 2180//5552
f 3973//5553 4135//5553 3882//5553
f 3731//5554 3973//5554 3882//5554
f 4238//5555 4053//5555 4484//5555
f 4442//5556 4135//5556 4657//5556
f 4135//5557 4442//5557 4041//5557
f 3882//5558 4135//5558 4041//5558
f 4930//5559 4929//5559 4969//5559
f 4442//5560 4549//5560 4179//5560
f 4041//5561 4442//5561 4179//5561
f 4549//5562 4635//5562 4295//5562
f 4179//5563 4549//5563 4295//5563
f 4333//5564 4498//5564 4658//5564
f 4484//5565 4333//5565 4658//5565
f 4970//5566 4997//5566 4996//5566
f 4970//5567 4969//5567 4997//5567
f 1795//5568 2029//5568 1966//5568
f 4996//5569 4960//5569 4961//5569
f 4810//5570 4583//5570 4869//5570
f 4805//5571 4442//5571 4657//5571
f 4996//5572 4997//5572 4960//5572
f 4549//5573 4442//5573 4805//5573
f 4961//5574 4905//5574 4903//5574
f 1357//4245 1361//4245 1510//4245
f 4628//5575 4928//5575 4866//5575
f 859//5576 1196//5576 1044//5576
f 4927//5577 4627//5577 4865//5577
f 4961//5578 4960//5578 4905//5578
f 4903//5579 4852//5579 4851//5579
f 4538//5580 4415//5580 4804//5580
f 4865//5581 4538//5581 4804//5581
f 4903//5582 4905//5582 4852//5582
f 4851//5583 4786//5583 4785//5583
f 1874//5584 1693//5584 1697//5584
f 2937//5585 2789//5585 2866//5585
f 4851//5586 4852//5586 4786//5586
f 4261//5587 4478//5587 4651//5587
f 1504//5588 1662//5588 1666//5588
f 4685//5589 4981//5589 4928//5589
f 4785//5590 4613//5590 4611//5590
f 1874//5584 1873//5584 1693//5584
f 4102//5591 4232//5591 4478//5591
f 630//5592 1044//5592 905//5592
f 1966//5593 2145//5593 2140//5593
f 4785//5594 4786//5594 4613//5594
f 3971//5595 3997//5595 4232//5595
f 4611//5596 4450//5596 4449//5596
f 2007//5597 1789//5597 1836//5597
f 1504//5442 1510//5442 1662//5442
f 4611//5598 4613//5598 4450//5598
f 4527//5599 4866//5599 4808//5599
f 4449//5600 4188//5600 4182//5600
f 1697//5601 1475//5601 1477//5601
f 4653//5602 4332//5602 4808//5602
f 4449//5603 4450//5603 4188//5603
f 4182//5604 3964//5604 3960//5604
f 4182//5605 4188//5605 3964//5605
f 4227//5606 4332//5606 4653//5606
f 3960//5607 3789//5607 3788//5607
f 4483//5608 4227//5608 4653//5608
f 3960//5609 3964//5609 3789//5609
f 2818//5610 2670//5610 2801//5610
f 3788//5611 3617//5611 3597//5611
f 2504//5612 2438//5612 2627//5612
f 569//5613 905//5613 809//5613
f 1053//5614 978//5614 1207//5614
f 3788//5615 3789//5615 3617//5615
f 4236//5616 4011//5616 4483//5616
f 2103//5617 1955//5617 2083//5617
f 2408//5618 2444//5618 2256//5618
f 3597//5619 3379//5619 3377//5619
f 2405//5620 2246//5620 2252//5620
f 2438//5621 2405//5621 2252//5621
f 4772//4570 4835//4570 4836//4570
f 1666//5622 1837//5622 1836//5622
f 3597//5623 3617//5623 3379//5623
f 4001//5624 3846//5624 4236//5624
f 3039//5625 2937//5625 2866//5625
f 3377//5626 3207//5626 3206//5626
f 653//5627 348//5627 711//5627
f 1836//5628 1611//5628 1666//5628
f 1806//5629 1703//5629 1735//5629
f 371//5630 348//5630 653//5630
f 1703//5631 1572//5631 1556//5631
f 1735//5632 1703//5632 1556//5632
f 3377//5633 3379//5633 3207//5633
f 3206//5634 3039//5634 3038//5634
f 4830//5635 4722//5635 4496//5635
f 731//5636 371//5636 653//5636
f 1266//5637 1121//5637 993//5637
f 1168//5638 1266//5638 993//5638
f 1666//5622 1662//5622 1837//5622
f 1697//5601 1693//5601 1475//5601
f 3206//5634 3207//5634 3039//5634
f 1002//5639 531//5639 756//5639
f 993//5640 1002//5640 756//5640
f 859//5641 630//5641 531//5641
f 2975//5642 3015//5642 3145//5642
f 2306//5643 2468//5643 2321//5643
f 1477//5644 1313//5644 1312//5644
f 3038//5645 2866//5645 2865//5645
f 2805//5646 2837//5646 2975//5646
f 3038//5647 3039//5647 2866//5647
f 835//5648 461//5648 731//5648
f 332//5649 569//5649 262//5649
f 1477//5650 1475//5650 1313//5650
f 2865//5651 2697//5651 2694//5651
f 1836//5652 2003//5652 2007//5652
f 1312//5653 1142//5653 1141//5653
f 1666//5654 1438//5654 1504//5654
f 1312//5655 1313//5655 1142//5655
f 262//5656 445//5656 213//5656
f 1141//5657 963//5657 965//5657
f 938//5658 566//5658 835//5658
f 2444//5659 2635//5659 2633//5659
f 2865//5660 2866//5660 2697//5660
f 1836//5652 1837//5652 2003//5652
f 1226//5661 1200//5661 1354//5661
f 623//5662 566//5662 938//5662
f 1068//5663 623//5663 938//5663
f 2007//5664 2188//5664 2187//5664
f 2140//5665 2306//5665 2321//5665
f 2694//5666 2506//5666 2505//5666
f 2669//5667 2622//5667 2705//5667
f 4772//4570 4767//4570 4835//4570
f 1736//5668 1934//5668 1915//5668
f 1236//5669 850//5669 1068//5669
f 2007//5664 2003//5664 2188//5664
f 1504//5670 1262//5670 1357//5670
f 1103//5671 947//5671 1236//5671
f 1375//5672 1103//5672 1236//5672
f 2694//5673 2697//5673 2506//5673
f 2187//4296 2360//4296 2368//4296
f 1758//5674 1900//5674 1715//5674
f 1034//5675 997//5675 764//5675
f 633//5676 844//5676 1053//5676
f 1518//5677 1403//5677 1375//5677
f 2505//5678 2323//5678 2321//5678
f 530//5679 792//5679 764//5679
f 2505//5680 2506//5680 2323//5680
f 2321//5681 2144//5681 2140//5681
f 330//5682 792//5682 530//5682
f 2187//4292 2188//4292 2360//4292
f 923//5683 633//5683 1053//5683
f 1200//5661 1337//5661 1354//5661
f 2468//5684 2621//5684 2505//5684
f 2368//4304 2550//4304 2569//4304
f 2321//5685 2323//5685 2144//5685
f 1071//5686 1064//5686 1226//5686
f 2140//5687 1967//5687 1966//5687
f 1141//5688 1142//5688 963//5688
f 2022//5689 1907//5689 1851//5689
f 2368//4304 2360//4304 2550//4304
f 965//5690 686//5690 691//5690
f 2029//5691 1907//5691 2022//5691
f 2204//5692 2029//5692 2022//5692
f 2569//4638 2750//4638 2754//4638
f 965//5690 963//5690 686//5690
f 2321//5693 2468//5693 2505//5693
f 3117//5694 2937//5694 3039//5694
f 2380//5695 2306//5695 2204//5695
f 2569//4638 2550//4638 2750//4638
f 2771//5696 2865//5696 2694//5696
f 2589//5697 2468//5697 2380//5697
f 2754//5490 2920//5490 2912//5490
f 1064//5698 1200//5698 1226//5698
f 420//5699 834//5699 729//5699
f 2765//5700 2621//5700 2589//5700
f 2754//5490 2750//5490 2920//5490
f 931//5701 916//5701 1071//5701
f 1828//5702 1821//5702 1978//5702
f 916//5701 1064//5701 1071//5701
f 4836//5703 4887//5703 4892//5703
f 825//5704 442//5704 724//5704
f 2912//5705 3063//5705 3098//5705
f 2864//5706 3038//5706 2865//5706
f 3117//5707 3039//5707 3207//5707
f 2912//5708 2920//5708 3063//5708
f 577//5709 633//5709 923//5709
f 295//5710 303//5710 232//5710
f 3098//5711 3263//5711 3258//5711
f 4836//5712 4835//5712 4887//5712
f 4892//4169 4946//4169 4947//4169
f 3098//5713 3063//5713 3263//5713
f 261//5714 177//5714 232//5714
f 699//5715 449//5715 824//5715
f 611//5716 519//5716 925//5716
f 4892//5717 4887//5717 4946//5717
f 780//5718 925//5718 1060//5718
f 3258//5719 3451//5719 3399//5719
f 4197//5720 3896//5720 4020//5720
f 3019//5721 3178//5721 3038//5721
f 3013//5722 3115//5722 2941//5722
f 3258//5723 3263//5723 3451//5723
f 824//5724 575//5724 917//5724
f 3305//5725 3207//5725 3379//5725
f 3399//5726 3586//5726 3614//5726
f 4545//5727 4163//5727 4277//5727
f 3178//5728 3333//5728 3206//5728
f 917//5729 640//5729 1046//5729
f 3399//5730 3451//5730 3586//5730
f 834//5731 577//5731 923//5731
f 4947//4179 5000//4179 5001//4179
f 640//5732 879//5732 1046//5732
f 827//4471 916//4471 931//4471
f 4947//4179 4946//4179 5000//4179
f 3516//5733 3379//5733 3617//5733
f 1202//5734 1094//5734 1347//5734
f 3789//5735 3516//5735 3617//5735
f 1347//5736 1412//5736 1500//5736
f 1447//5737 1493//5737 1654//5737
f 5001//5738 4957//5738 4955//5738
f 5001//5738 5000//5738 4957//5738
f 2836//5739 2782//5739 2941//5739
f 802//5740 916//5740 827//5740
f 3377//5741 3490//5741 3597//5741
f 3176//5742 3331//5742 3115//5742
f 720//5743 802//5743 827//5743
f 4955//4186 4900//4186 4891//4186
f 700//5744 802//5744 720//5744
f 650//4482 646//4482 720//4482
f 1946//5745 2127//5745 2001//5745
f 1827//5746 1946//5746 2001//5746
f 2127//5747 2301//5747 2182//5747
f 3964//5748 3693//5748 3789//5748
f 1664//5749 1772//5749 1843//5749
f 646//4482 700//4482 720//4482
f 4955//5750 4957//5750 4900//5750
f 718//5751 716//5751 650//5751
f 2649//5752 2770//5752 2562//5752
f 420//5753 455//5753 834//5753
f 1821//5754 1990//5754 1978//5754
f 716//4486 646//4486 650//4486
f 3105//5755 3044//5755 2932//5755
f 819//5313 820//5313 718//5313
f 4450//5756 4055//5756 4188//5756
f 820//5313 716//5313 718//5313
f 3117//5757 3305//5757 3088//5757
f 4891//5758 4847//5758 4848//5758
f 915//5316 914//5316 819//5316
f 3305//5759 3516//5759 3254//5759
f 4891//5760 4900//5760 4847//5760
f 914//5316 820//5316 819//5316
f 3516//5761 3693//5761 3417//5761
f 3788//5762 3779//5762 3960//5762
f 3960//5763 3918//5763 4182//5763
f 1067//5764 1069//5764 915//5764
f 3693//5765 3742//5765 3576//5765
f 4848//5766 4770//5766 4777//5766
f 1655//5208 1640//5208 1828//5208
f 1069//5767 914//5767 915//5767
f 4055//5768 3875//5768 3742//5768
f 4197//5769 4611//5769 4449//5769
f 1206//5770 1214//5770 1067//5770
f 1214//5771 1069//5771 1067//5771
f 3003//5772 2941//5772 3115//5772
f 374//5773 729//5773 654//5773
f 4848//5774 4847//5774 4770//5774
f 4059//5775 4470//5775 4150//5775
f 1896//5776 1716//5776 1894//5776
f 4150//5777 4575//5777 4299//5777
f 3308//3729 3311//3729 3482//3729
f 4777//4642 4577//4642 4578//4642
f 1341//5778 1353//5778 1206//5778
f 4334//5779 4785//5779 4611//5779
f 2932//5780 2777//5780 2761//5780
f 4299//5781 4640//5781 4364//5781
f 1353//5547 1214//5547 1206//5547
f 1640//3522 1821//3522 1828//3522
f 4575//5782 4786//5782 4852//5782
f 1499//5783 1490//5783 1655//5783
f 691//5784 513//5784 515//5784
f 4785//5785 4545//5785 4851//5785
f 4640//5786 4575//5786 4905//5786
f 4777//5787 4770//5787 4577//5787
f 691//5784 686//5784 513//5784
f 1513//5788 1496//5788 1341//5788
f 4851//5789 4642//5789 4903//5789
f 398//5790 350//5790 702//5790
f 4578//5791 4404//5791 4402//5791
f 2596//5792 2410//5792 2577//5792
f 2761//5793 2596//5793 2577//5793
f 4578//4217 4577//4217 4404//4217
f 1496//5794 1353//5794 1341//5794
f 4827//5795 4467//5795 4697//5795
f 515//5796 319//5796 321//5796
f 4402//4219 4120//4219 4121//4219
f 456//5797 702//5797 821//5797
f 3917//5798 4253//5798 4069//5798
f 4402//5799 4404//5799 4120//5799
f 3847//5800 3849//5800 4071//5800
f 4121//4670 3955//4670 3954//4670
f 2062//5801 1896//5801 1894//5801
f 4121//5802 4120//5802 3955//5802
f 1490//5803 1640//5803 1655//5803
f 1664//5804 1652//5804 1513//5804
f 4882//5805 4799//5805 4929//5805
f 3849//5806 3619//5806 3679//5806
f 3954//5807 3780//5807 3786//5807
f 3954//5808 3955//5808 3780//5808
f 3679//5809 3470//5809 3507//5809
f 3786//5810 3613//5810 3615//5810
f 3183//5811 3158//5811 3322//5811
f 1513//5812 1449//5812 1664//5812
f 3786//5813 3780//5813 3613//5813
f 1652//5814 1496//5814 1513//5814
f 3615//5815 3396//5815 3378//5815
f 3029//5816 2990//5816 3158//5816
f 2609//5817 2776//5817 2778//5817
f 2874//5818 2822//5818 2990//5818
f 4093//5819 4254//5819 4513//5819
f 3615//5820 3613//5820 3396//5820
f 4253//5821 4093//5821 4513//5821
f 1349//5256 1342//5256 1499//5256
f 1843//4558 1825//4558 1664//4558
f 3378//5822 3224//5822 3226//5822
f 1342//5256 1490//5256 1499//5256
f 2822//5823 2786//5823 2655//5823
f 3844//5824 3752//5824 4069//5824
f 2227//5825 2076//5825 2097//5825
f 2465//5826 2328//5826 2281//5826
f 3378//5827 3396//5827 3224//5827
f 2281//5828 2227//5828 2097//5828
f 2037//5829 2229//5829 2093//5829
f 3226//4255 3059//4255 3060//4255
f 2076//5830 1936//5830 1928//5830
f 2097//5831 2076//5831 1928//5831
f 3226//4255 3224//4255 3059//4255
f 1213//5661 1197//5661 1349//5661
f 1936//5832 1786//5832 1748//5832
f 1928//5833 1936//5833 1748//5833
f 3060//4262 2887//4262 2888//4262
f 1825//5223 1652//5223 1664//5223
f 3155//5834 3194//5834 3321//5834
f 1567//5835 1526//5835 1394//5835
f 3060//4262 3059//4262 2887//4262
f 2888//4726 2725//4726 2726//4726
f 2888//4726 2887//4726 2725//4726
f 1882//5836 1825//5836 1992//5836
f 2987//5837 3044//5837 3155//5837
f 1394//5838 1400//5838 1174//5838
f 1253//5839 1109//5839 998//5839
f 1174//5840 1253//5840 998//5840
f 2726//5841 2586//5841 2572//5841
f 2726//5842 2725//5842 2586//5842
f 3033//5843 2860//5843 2949//5843
f 515//5796 513//5796 319//5796
f 2006//5652 1992//5652 1843//5652
f 864//5844 751//5844 521//5844
f 1320//5845 1338//5845 1493//5845
f 1197//5846 1342//5846 1349//5846
f 768//5847 978//5847 525//5847
f 321//5848 251//5848 249//5848
f 1721//5849 1652//5849 1825//5849
f 1992//5850 1825//5850 1843//5850
f 2062//5851 2148//5851 2234//5851
f 525//5852 844//5852 327//5852
f 2572//4287 2401//4287 2398//4287
f 2572//4735 2586//4735 2401//4735
f 2064//5853 2062//5853 2234//5853
f 2462//5854 2596//5854 2654//5854
f 253//5855 455//5855 179//5855
f 2185//5856 2174//5856 2006//5856
f 2279//5857 2410//5857 2462//5857
f 1758//5858 1654//5858 1833//5858
f 2093//5859 2229//5859 2279//5859
f 1054//5264 1048//5264 1213//5264
f 1926//5860 2037//5860 2093//5860
f 1571//5861 1496//5861 1652//5861
f 2398//5862 2221//5862 2214//5862
f 321//5848 319//5848 251//5848
f 2174//5664 1992//5664 2006//5664
f 1721//5863 1882//5863 1746//5863
f 1566//5864 1721//5864 1746//5864
f 1571//5865 1721//5865 1566//5865
f 1392//5866 1571//5866 1566//5866
f 2024//5867 1900//5867 2004//5867
f 1411//5868 1392//5868 1170//5868
f 2183//5869 2024//5869 2004//5869
f 2365//4296 2358//4296 2185//4296
f 2398//5870 2401//5870 2221//5870
f 249//5871 186//5871 181//5871
f 1240//5872 1170//5872 987//5872
f 2372//5873 2305//5873 2183//5873
f 2415//5874 2236//5874 2234//5874
f 2214//5875 2056//5875 2054//5875
f 1038//5876 987//5876 751//5876
f 249//5877 251//5877 186//5877
f 2464//5878 2305//5878 2372//5878
f 2582//5879 2464//5879 2372//5879
f 2214//5880 2221//5880 2056//5880
f 2358//4296 2174//4296 2185//4296
f 2054//5881 1878//5881 1872//5881
f 178//5882 490//5882 236//5882
f 2054//5883 2056//5883 1878//5883
f 1411//5884 1240//5884 1496//5884
f 3123//5885 3033//5885 2949//5885
f 2728//5886 2617//5886 2582//5886
f 123//5887 417//5887 178//5887
f 2578//4304 2577//4304 2365//4304
f 101//5888 392//5888 123//5888
f 1872//5584 1698//5584 1694//5584
f 1048//5889 1197//5889 1213//5889
f 3096//5890 3009//5890 2918//5890
f 2577//4304 2358//4304 2365//4304
f 2609//3484 2417//3484 2608//3484
f 181//5891 136//5891 129//5891
f 3250//5892 3291//5892 3096//5892
f 2763//5893 2761//5893 2578//5893
f 2464//5894 2608//5894 2415//5894
f 3375//5895 3291//5895 3250//5895
f 3425//5896 3375//5896 3250//5896
f 2761//4638 2577//4638 2578//4638
f 3121//5897 3123//5897 2949//5897
f 2617//5898 2702//5898 2608//5898
f 3571//5899 3532//5899 3425//5899
f 2934//5490 2932//5490 2763//5490
f 1353//5900 1038//5900 1214//5900
f 3790//5901 3674//5901 3571//5901
f 3719//5902 3790//5902 3571//5902
f 2932//5903 2761//5903 2763//5903
f 1000//5904 1206//5904 1067//5904
f 2853//5905 2668//5905 2767//5905
f 3906//5906 3936//5906 3719//5906
f 3110//4658 3105//4658 2934//4658
f 635//5907 1067//5907 915//5907
f 4021//5908 4247//5908 3906//5908
f 2776//5909 2609//5909 2608//5909
f 1317//5910 1449//5910 1513//5910
f 4382//5911 4247//5911 4021//5911
f 4185//5912 4382//5912 4021//5912
f 4519//5913 4185//5913 4278//5913
f 181//5914 186//5914 136//5914
f 3290//5915 3033//5915 3123//5915
f 3105//5916 2932//5916 2934//5916
f 1341//5917 1317//5917 1513//5917
f 408//5918 819//5918 718//5918
f 941//5919 910//5919 1054//5919
f 490//5920 417//5920 820//5920
f 914//5921 490//5921 820//5921
f 129//286 89//286 88//286
f 417//5922 392//5922 716//5922
f 910//5275 1048//5275 1054//5275
f 2776//5923 2859//5923 2947//5923
f 392//5924 305//5924 646//5924
f 716//5925 392//5925 646//5925
f 2949//5926 2778//5926 2947//5926
f 3463//5927 3363//5927 3290//5927
f 646//5928 305//5928 700//5928
f 2935//5929 2853//5929 2767//5929
f 846//5930 910//5930 941//5930
f 129//5931 136//5931 89//5931
f 2189//5932 2178//5932 2374//5932
f 816//5933 910//5933 846//5933
f 796//5934 1018//5934 1064//5934
f 2947//5935 3009//5935 3121//5935
f 3121//5936 2949//5936 2947//5936
f 697//5937 737//5937 846//5937
f 3480//5938 3658//5938 3657//5938
f 3500//5939 3363//5939 3635//5939
f 1337//5940 1318//5940 1498//5940
f 737//5941 816//5941 846//5941
f 3121//5942 3154//5942 3287//5942
f 3287//5943 3123//5943 3121//5943
f 1498//5944 1435//5944 1647//5944
f 658//5945 651//5945 697//5945
f 651//5946 737//5946 697//5946
f 734//5947 707//5947 658//5947
f 3375//5948 3634//5948 3460//5948
f 1829//5949 1791//5949 1991//5949
f 3634//5950 3801//5950 3635//5950
f 2665//5951 2495//5951 2538//5951
f 3463//5952 3634//5952 3635//5952
f 2178//5953 2352//5953 2374//5953
f 1877//5954 1875//5954 1689//5954
f 1991//5955 1976//5955 2169//5955
f 707//4486 651//4486 658//4486
f 3532//5956 3801//5956 3634//5956
f 2169//5957 2238//5957 2345//5957
f 832//4795 836//4795 734//4795
f 2529//5958 2601//5958 2710//5958
f 3663//5959 3635//5959 3803//5959
f 1187//5960 1341//5960 1206//5960
f 3033//5961 3201//5961 3079//5961
f 2939//5962 3033//5962 3079//5962
f 3627//5963 3421//5963 3565//5963
f 3635//5950 3801//5950 3803//5950
f 3799//5964 3803//5964 3978//5964
f 3663//5965 3799//5965 3556//5965
f 3405//5966 3663//5966 3556//5966
f 3986//5967 3893//5967 3707//5967
f 3556//5968 3799//5968 3707//5968
f 2466//5969 2292//5969 2381//5969
f 836//5970 707//5970 734//5970
f 932//5971 937//5971 832//5971
f 937//5523 836//5523 832//5523
f 4190//5972 4033//5972 3893//5972
f 1691//5973 1469//5973 1463//5973
f 2517//5974 2466//5974 2381//5974
f 2030//5975 2178//5975 2189//5975
f 1083//5323 1080//5323 932//5323
f 4411//5976 4157//5976 4033//5976
f 3803//5977 3976//5977 3978//5977
f 1080//5323 937//5323 932//5323
f 4525//5978 4288//5978 4157//5978
f 3976//5979 3936//5979 4193//5979
f 4456//5980 3986//5980 4199//5980
f 1217//5981 1234//5981 1083//5981
f 4193//5982 4098//5982 4454//5982
f 1234//5350 1080//5350 1083//5350
f 4454//5983 4199//5983 4193//5983
f 1369//5547 1355//5547 1217//5547
f 4454//5984 4247//5984 4625//5984
f 4630//5985 4190//5985 4456//5985
f 2381//5986 2292//5986 2198//5986
f 4519//5987 4855//5987 4789//5987
f 4625//5988 4630//5988 4456//5988
f 4631//5989 4910//5989 4855//5989
f 1355//5990 1234//5990 1217//5990
f 1468//5991 1444//5991 1304//5991
f 3480//5938 3482//5938 3658//5938
f 4724//5992 4959//5992 4663//5992
f 1514//5434 1515//5434 1369//5434
f 2198//5993 1969//5993 2015//5993
f 1798//5994 1952//5994 1872//5994
f 4724//5995 4995//5995 4959//5995
f 1515//5434 1355//5434 1369//5434
f 4630//5996 4789//5996 4792//5996
f 2015//5997 1794//5997 1849//5997
f 4411//5998 4792//5998 4525//5998
f 1471//5999 1632//5999 1694//5999
f 4792//6000 4855//6000 4857//6000
f 4660//6001 4857//6001 4912//6001
f 1669//6002 1673//6002 1514//6002
f 4995//6003 4755//6003 4964//6003
f 4964//6004 4668//6004 4909//6004
f 2002//6005 2178//6005 2030//6005
f 4857//6006 4910//6006 4912//6006
f 4587//6007 4522//6007 4854//6007
f 4909//6008 4587//6008 4854//6008
f 3657//4563 3834//4563 3833//4563
f 4522//6009 4410//6009 4787//6009
f 4854//6010 4522//6010 4787//6010
f 4787//6011 4791//6011 4854//6011
f 1673//6002 1515//6002 1514//6002
f 4457//6012 4629//6012 4620//6012
f 4453//6013 4457//6013 4620//6013
f 4959//6014 4995//6014 4994//6014
f 548//6015 454//6015 827//6015
f 3975//6016 3980//6016 4198//6016
f 3974//6017 3975//6017 4198//6017
f 4453//6018 4104//6018 4198//6018
f 3690//6019 3802//6019 3975//6019
f 931//6020 548//6020 827//6020
f 1848//6021 1849//6021 1669//6021
f 1849//6022 1609//6022 1673//6022
f 3448//6023 3464//6023 3636//6023
f 1841//6024 2002//6024 2030//6024
f 1071//6025 626//6025 931//6025
f 1849//6021 1673//6021 1669//6021
f 3304//6026 3292//6026 3464//6026
f 4791//6027 4526//6027 4858//6027
f 3299//6028 3466//6028 3464//6028
f 3292//6029 3299//6029 3464//6029
f 3162//6030 3122//6030 3292//6030
f 4854//6031 4791//6031 4858//6031
f 3126//6032 3299//6032 3292//6032
f 3122//6033 3126//6033 3292//6033
f 3014//6034 2946//6034 3122//6034
f 1694//6035 1798//6035 1872//6035
f 2853//6036 2953//6036 2779//6036
f 2946//6037 2953//6037 3122//6037
f 1226//6038 986//6038 1071//6038
f 2012//6039 2015//6039 1848//6039
f 2852//6040 2775//6040 2946//6040
f 4629//6041 4336//6041 4791//6041
f 2639//6042 2606//6042 2775//6042
f 1450//6043 1321//6043 1515//6043
f 2606//6044 2611//6044 2775//6044
f 1354//6045 1111//6045 1226//6045
f 2015//6039 1849//6039 1848//6039
f 2606//6046 2463//6046 2413//6046
f 2420//6047 2606//6047 2413//6047
f 2233//6048 2239//6048 2413//6048
f 2141//6049 2060//6049 2233//6049
f 1673//6050 1450//6050 1515//6050
f 1839//2946 2002//2946 1841//2946
f 1905//6051 1772//6051 1712//6051
f 1892//6052 1905//6052 1712//6052
f 1712//6053 1718//6053 1892//6053
f 2311//6054 2142//6054 2221//6054
f 1321//6055 1194//6055 1355//6055
f 1712//6056 1606//6056 1532//6056
f 2196//5664 2198//5664 2012//5664
f 1545//6057 1497//6057 1660//6057
f 1449//6058 1317//6058 1324//6058
f 3980//6059 3975//6059 3805//6059
f 1146//6060 1149//6060 1324//6060
f 1194//6061 1149//6061 980//6061
f 3620//6062 3805//6062 3639//6062
f 1515//6063 1321//6063 1355//6063
f 518//6064 527//6064 746//6064
f 798//6065 518//6065 746//6065
f 3805//6066 3802//6066 3639//6066
f 307//6067 324//6067 518//6067
f 769//6068 307//6068 518//6068
f 2198//5856 2015//5856 2012//5856
f 3639//6069 3636//6069 3466//6069
f 2953//6070 3023//6070 3126//6070
f 3122//6071 2953//6071 3126//6071
f 254//6072 266//6072 307//6072
f 1798//6073 1632//6073 1832//6073
f 195//6074 210//6074 254//6074
f 1668//2947 1661//2947 1841//2947
f 2946//6075 2775//6075 2779//6075
f 254//6076 433//6076 195//6076
f 408//6077 362//6077 141//6077
f 195//6078 408//6078 141//6078
f 141//6079 155//6079 195//6079
f 2953//6080 2946//6080 2779//6080
f 2413//6081 2239//6081 2420//6081
f 1646//6082 1678//6082 1856//6082
f 2233//6083 2060//6083 2065//6083
f 2366//6084 2381//6084 2196//6084
f 1952//6085 1798//6085 1994//6085
f 2239//6086 2233//6086 2065//6086
f 2381//4296 2198//4296 2196//4296
f 2065//6087 2060//6087 1899//6087
f 1794//6088 1899//6088 1718//6088
f 2546//6089 2517//6089 2366//6089
f 1899//6090 1892//6090 1718//6090
f 1609//6091 1718//6091 1538//6091
f 2706//6092 2665//6092 2538//6092
f 1718//6093 1712//6093 1538//6093
f 1324//6094 1149//6094 1331//6094
f 2517//6095 2381//6095 2366//6095
f 2242//6096 2383//6096 2214//6096
f 3040//6097 2938//6097 3083//6097
f 898//6098 1080//6098 1234//6098
f 1146//6099 977//6099 980//6099
f 1149//6100 1146//6100 980//6100
f 324//6101 631//6101 527//6101
f 1661//2947 1839//2947 1841//2947
f 2742//6102 2767//6102 2546//6102
f 1507//5803 1511//5803 1668//5803
f 2767//6103 2517//6103 2546//6103
f 440//6104 707//6104 836//6104
f 324//6105 307//6105 266//6105
f 3467//6106 3253//6106 3421//6106
f 266//6107 254//6107 210//6107
f 3657//4563 3658//4563 3834//4563
f 1691//6108 1689//6108 1469//6108
f 210//6109 195//6109 155//6109
f 2910//6110 2935//6110 2742//6110
f 1511//6111 1661//6111 1668//6111
f 394//6112 651//6112 707//6112
f 2935//6113 2767//6113 2742//6113
f 3833//6114 4003//6114 3998//6114
f 3080//6115 3111//6115 2910//6115
f 3111//6116 2935//6116 2910//6116
f 4133//6117 4006//6117 3888//6117
f 4012//6118 4133//6118 3888//6118
f 3241//6119 3272//6119 3080//6119
f 1367//3409 1356//3409 1507//3409
f 4342//6120 4621//6120 4273//6120
f 771//6121 941//6121 1054//6121
f 4714//6122 4717//6122 4342//6122
f 4434//6123 4714//6123 4342//6123
f 3272//6124 3111//6124 3080//6124
f 1356//6125 1511//6125 1507//6125
f 3833//6126 3834//6126 4003//6126
f 737//6127 422//6127 816//6127
f 1230//3653 1216//3653 1367//3653
f 2495//6128 2572//6128 2398//6128
f 554//6129 670//6129 910//6129
f 816//6130 554//6130 910//6130
f 1216//3653 1356//3653 1367//3653
f 670//6131 894//6131 1048//6131
f 910//6132 670//6132 1048//6132
f 872//2280 1054//2280 1213//2280
f 2665//6133 2814//6133 2726//6133
f 894//6134 1108//6134 1197//6134
f 1048//6135 894//6135 1197//6135
f 1079//6136 1081//6136 1230//6136
f 2572//6137 2665//6137 2726//6137
f 3998//6138 4240//6138 4234//6138
f 1081//6139 1216//6139 1230//6139
f 1276//6140 1490//6140 1342//6140
f 3998//6141 4003//6141 4240//6141
f 1582//6142 1428//6142 1655//6142
f 936//5701 928//5701 1079//5701
f 2726//6143 2814//6143 2888//6143
f 928//6144 1081//6144 1079//6144
f 2957//6145 3040//6145 3060//6145
f 833//4471 842//4471 936//4471
f 2888//6146 2957//6146 3060//6146
f 842//4471 928//4471 936//4471
f 2501//6147 2354//6147 2543//6147
f 4234//6148 4485//6148 4482//6148
f 1163//6149 1428//6149 1385//6149
f 2166//6150 2311//6150 2344//6150
f 1058//5686 1072//5686 1227//5686
f 698//6151 736//6151 833//6151
f 2658//6152 2734//6152 2528//6152
f 4234//6153 4240//6153 4485//6153
f 2834//6154 2680//6154 2759//6154
f 736//6155 842//6155 833//6155
f 1678//6156 1859//6156 1856//6156
f 663//6157 665//6157 698//6157
f 2848//6158 2901//6158 2734//6158
f 2401//6159 2311//6159 2221//6159
f 665//6160 736//6160 698//6160
f 3025//6161 3090//6161 2901//6161
f 3378//6162 3467//6162 3615//6162
f 2244//6163 2179//6163 2354//6163
f 719//6164 706//6164 663//6164
f 3372//6165 3396//6165 3613//6165
f 4482//6166 4655//6166 4656//6166
f 706//6167 665//6167 663//6167
f 3862//6168 4121//6168 3954//6168
f 829//6169 808//6169 719//6169
f 808//5519 706//5519 719//5519
f 3694//6170 3843//6170 3574//6170
f 2194//6171 2241//6171 2364//6171
f 1462//6172 1482//6172 1646//6172
f 1463//6173 1308//6173 1302//6173
f 903//6174 924//6174 829//6174
f 4482//6175 4485//6175 4655//6175
f 1463//6176 1469//6176 1308//6176
f 1385//6177 1582//6177 1550//6177
f 924//6178 808//6178 829//6178
f 4414//6179 4226//6179 4029//6179
f 1075//4809 1051//4809 903//4809
f 4220//6180 4030//6180 3878//6180
f 4220//6181 3995//6181 4404//6181
f 1482//6182 1678//6182 1646//6182
f 1302//6183 1140//6183 1137//6183
f 1302//6183 1308//6183 1140//6183
f 1051//6184 924//6184 903//6184
f 4416//6185 4145//6185 4030//6185
f 4656//6186 4807//6186 4806//6186
f 4540//6187 4664//6187 4292//6187
f 1203//4510 1224//4510 1075//4510
f 4006//6188 4402//6188 4121//6188
f 1224//4526 1051//4526 1075//4526
f 2473//6189 2311//6189 2401//6189
f 4145//6190 4540//6190 4292//6190
f 1072//5686 1205//5686 1227//5686
f 4664//6191 4739//6191 4365//6191
f 4292//6192 4664//6192 4365//6192
f 4656//6186 4655//6186 4807//6186
f 4133//6193 4578//6193 4402//6193
f 2586//6194 2473//6194 2401//6194
f 1358//4527 1344//4527 1203//4527
f 4806//6195 4863//6195 4871//6195
f 1137//6196 961//6196 962//6196
f 1415//6197 1560//6197 1514//6197
f 2223//6198 2032//6198 2084//6198
f 4806//5287 4807//5287 4863//5287
f 2725//6199 2658//6199 2586//6199
f 1374//6200 1352//6200 1462//6200
f 4848//6201 4621//6201 4891//6201
f 1344//4531 1224//4531 1203//4531
f 4891//6202 4717//6202 4955//6202
f 4871//4808 4919//4808 4920//4808
f 4955//6203 4714//6203 5001//6203
f 4871//6204 4863//6204 4919//6204
f 1264//6205 1514//6205 1369//6205
f 4752//6206 4690//6206 4947//6206
f 5001//6207 4752//6207 4947//6207
f 4920//6208 4983//6208 4979//6208
f 4920//6208 4919//6208 4983//6208
f 4666//6209 4836//6209 4892//6209
f 1950//6210 1831//6210 1996//6210
f 4979//6211 4976//6211 4974//6211
f 1964//6212 2081//6212 1911//6212
f 4979//14 4983//14 4976//14
f 4974//6213 4922//6213 4924//6213
f 1505//5434 1491//5434 1358//5434
f 3396//6214 3204//6214 3224//6214
f 1107//6215 1369//6215 1217//6215
f 1352//3409 1482//3409 1462//3409
f 1137//6196 1140//6196 961//6196
f 1677//6216 1657//6216 1831//6216
f 4772//6217 4321//6217 4563//6217
f 4090//6218 4316//6218 4394//6218
f 1491//6219 1344//6219 1358//6219
f 2255//6220 2223//6220 2084//6220
f 4974//6221 4976//6221 4922//6221
f 4563//6222 4129//6222 4393//6222
f 4924//6223 4862//6223 4872//6223
f 4120//6224 3843//6224 3955//6224
f 4924//6223 4922//6223 4862//6223
f 1653//6225 1657//6225 1505//6225
f 4404//6226 3995//6226 4120//6226
f 3385//6227 3191//6227 3217//6227
f 4872//6228 4801//6228 4802//6228
f 2816//6229 2666//6229 2709//6229
f 1233//6230 1237//6230 1374//6230
f 4872//6231 4862//6231 4801//6231
f 4577//6232 4220//6232 4404//6232
f 3052//6233 2960//6233 2883//6233
f 2883//6234 2816//6234 2709//6234
f 4802//6235 4646//6235 4650//6235
f 832//6236 576//6236 932//6236
f 2498//6237 2394//6237 2549//6237
f 4770//6238 4416//6238 4577//6238
f 4802//6235 4801//6235 4646//6235
f 4650//6239 4476//6239 4480//6239
f 1657//6002 1491//6002 1505//6002
f 4650//6239 4646//6239 4476//6239
f 4847//6240 4540//6240 4770//6240
f 4480//5351 4231//5351 4235//5351
f 2098//6241 2209//6241 2039//6241
f 1531//6242 1491//6242 1657//6242
f 2100//6243 1948//6243 2043//6243
f 2213//6244 2100//6244 2043//6244
f 4480//5355 4476//5355 4231//5355
f 1948//6245 1800//6245 1870//6245
f 899//6246 901//6246 1058//6246
f 734//6247 409//6247 832//6247
f 1845//6248 1831//6248 1653//6248
f 1870//6249 1800//6249 1692//6249
f 4235//6250 3994//6250 3996//6250
f 4235//5358 4231//5358 3994//5358
f 1634//6251 1560//6251 1473//6251
f 1692//6252 1634//6252 1473//6252
f 3996//6253 3828//6253 3829//6253
f 901//6246 1072//6246 1058//6246
f 3996//6254 3994//6254 3828//6254
f 4739//6255 4957//6255 5000//6255
f 3829//6256 3654//6256 3656//6256
f 658//6257 375//6257 734//6257
f 3829//5369 3828//5369 3654//5369
f 1264//6258 968//6258 1138//6258
f 1237//6259 1352//6259 1374//6259
f 1107//6260 682//6260 968//6260
f 3656//6261 3478//6261 3481//6261
f 4734//6262 5000//6262 4946//6262
f 3656//6261 3654//6261 3478//6261
f 697//6263 370//6263 658//6263
f 1831//6264 1657//6264 1653//6264
f 3481//5376 3310//5376 3316//5376
f 863//6265 666//6265 509//6265
f 3481//5376 3478//5376 3310//5376
f 4607//6266 4719//6266 4887//6266
f 3316//5377 3138//5377 3143//5377
f 576//6267 242//6267 314//6267
f 4835//6268 4607//6268 4887//6268
f 3316//5377 3310//5377 3138//5377
f 1393//6269 1344//6269 1491//6269
f 4767//6270 4500//6270 4835//6270
f 3143//5388 2968//5388 2971//5388
f 962//6271 683//6271 687//6271
f 409//6272 143//6272 196//6272
f 3143//5389 3138//5389 2968//5389
f 1074//6273 1078//6273 1233//6273
f 2971//6274 2794//6274 2792//6274
f 1192//6275 1023//6275 1344//6275
f 2971//6276 2968//6276 2794//6276
f 375//6277 104//6277 143//6277
f 2009//4573 1996//4573 1845//4573
f 812//6278 831//6278 899//6278
f 4316//6279 4767//6279 4565//6279
f 1078//6280 1237//6280 1233//6280
f 2792//6281 2626//6281 2631//6281
f 962//6271 961//6271 683//6271
f 1996//4573 1831//4573 1845//4573
f 2792//6282 2794//6282 2626//6282
f 2194//4590 2179//4590 2009//4590
f 2179//4590 1996//4590 2009//4590
f 1177//6283 1213//6283 1349//6283
f 1499//6284 1272//6284 1349//6284
f 687//6285 503//6285 514//6285
f 2631//6286 2440//6286 2443//6286
f 1428//6287 1272//6287 1499//6287
f 2121//6288 2253//6288 2081//6288
f 911//6289 929//6289 1074//6289
f 2631//6286 2626//6286 2440//6286
f 2390//6290 2501//6290 2544//6290
f 2443//6291 2255//6291 2253//6291
f 929//6144 1078//6144 1074//6144
f 2209//6292 2384//6292 2390//6292
f 2443//6291 2440//6291 2255//6291
f 800//6293 594//6293 1051//6293
f 2404//6294 2223//6294 2255//6294
f 2364//4606 2354//4606 2194//4606
f 594//6295 808//6295 924//6295
f 2440//6296 2404//6296 2255//6296
f 2253//4991 2084//4991 2081//4991
f 2354//4611 2179//4611 2194//4611
f 831//6278 901//6278 899//6278
f 826//6278 841//6278 911//6278
f 2564//4304 2543//4304 2364//4304
f 2253//4991 2255//4991 2084//4991
f 2290//6297 2180//6297 2371//6297
f 2081//6298 1914//6298 1911//6298
f 1393//6299 1531//6299 1310//6299
f 1135//6300 1393//6300 1310//6300
f 2081//6298 2084//6298 1914//6298
f 2581//6301 2426//6301 2371//6301
f 1192//6302 1393//6302 1135//6302
f 971//6303 1192//6303 1135//6303
f 1911//6304 1743//6304 1742//6304
f 2543//4304 2354//4304 2364//4304
f 1023//6305 1192//6305 971//6305
f 692//6306 1023//6306 971//6306
f 1911//3212 1914//3212 1743//3212
f 2748//4638 2746//4638 2564//4638
f 2759//6307 2680//6307 2581//6307
f 502//6308 800//6308 692//6308
f 1742//6309 1552//6309 1550//6309
f 2746//4638 2543//4638 2564//4638
f 841//6310 929//6310 911//6310
f 311//6311 800//6311 502//6311
f 1742//6312 1743//6312 1552//6312
f 2929//6313 2834//6313 2759//6313
f 2916//5490 2922//5490 2748//5490
f 245//6314 594//6314 311//6314
f 1550//5447 1382//5447 1385//5447
f 458//6315 706//6315 808//6315
f 193//6316 458//6316 245//6316
f 1550//5447 1552//5447 1382//5447
f 3106//6317 3068//6317 2929//6317
f 142//6318 458//6318 193//6318
f 1385//5042 1161//5042 1163//5042
f 2922//6319 2746//6319 2748//6319
f 2290//6320 2426//6320 2253//6320
f 687//6321 683//6321 503//6321
f 105//6322 388//6322 142//6322
f 1385//5042 1382//5042 1161//5042
f 388//6323 665//6323 706//6323
f 3437//6324 3346//6324 3269//6324
f 3094//6325 3099//6325 2916//6325
f 3589//6326 3641//6326 3437//6326
f 2009//6327 2101//6327 2194//6327
f 3747//6328 3784//6328 3589//6328
f 722//4479 723//4479 826//4479
f 3911//6329 3922//6329 3747//6329
f 3099//6330 2922//6330 2916//6330
f 2992//6331 3073//6331 2896//6331
f 4029//6332 4226//6332 3911//6332
f 3255//6333 3256//6333 3094//6333
f 723//4479 841//4479 826//4479
f 4176//6334 4414//6334 4029//6334
f 3256//6335 3099//6335 3094//6335
f 2515//6336 2680//6336 2631//6336
f 4283//6337 4509//6337 4176//6337
f 3418//6338 3422//6338 3255//6338
f 2626//6339 2511//6339 2440//6339
f 656//6340 661//6340 722//6340
f 661//5510 723//5510 722//5510
f 868//6341 1216//6341 1081//6341
f 4676//6342 4283//6342 4349//6342
f 712//4486 705//4486 656//4486
f 709//5507 726//5507 812//5507
f 3422//6343 3256//6343 3255//6343
f 705//5751 661//5751 656//5751
f 1293//6344 1356//6344 1097//6344
f 2443//6345 2515//6345 2631//6345
f 726//4479 831//4479 812//4479
f 2981//6346 3143//6346 2971//6346
f 1356//6347 1293//6347 1511//6347
f 805//5519 807//5519 712//5519
f 4821//6348 4698//6348 4823//6348
f 3027//6349 2856//6349 2968//6349
f 1511//6350 1563//6350 1661//6350
f 807//5519 705//5519 712//5519
f 657//6351 644//6351 709//6351
f 2106//6352 2030//6352 2189//6352
f 3195//6353 3316//6353 3143//6353
f 3138//6354 3027//6354 2968//6354
f 644//4482 726//4482 709//4482
f 1881//6355 2032//6355 2002//6355
f 1839//6356 1881//6356 2002//6356
f 1845//6357 1947//6357 2009//6357
f 3284//6358 3027//6358 3138//6358
f 2223//6359 2404//6359 2352//6359
f 2178//6360 2223//6360 2352//6360
f 2688//6361 2738//6361 2535//6361
f 3316//6362 3346//6362 3481//6362
f 3310//6363 3284//6363 3138//6363
f 514//5796 315//5796 320//5796
f 904//4806 909//4806 805//4806
f 909//4806 807//4806 805//4806
f 2856//6364 2905//6364 2738//6364
f 1050//6365 1045//6365 904//6365
f 1045//4807 909//4807 904//4807
f 3027//6366 3089//6366 2905//6366
f 3508//6367 3641//6367 3656//6367
f 3076//6368 3011//6368 2894//6368
f 1195//5981 1208//5981 1050//5981
f 3481//6369 3508//6369 3656//6369
f 2894//6370 2842//6370 2736//6370
f 1208//5350 1045//5350 1050//5350
f 3784//6371 3996//6371 3829//6371
f 3478//6372 3284//6372 3310//6372
f 3781//6373 3644//6373 3577//6373
f 1335//6374 1334//6374 1195//6374
f 1334//6375 1208//6375 1195//6375
f 3814//6376 3711//6376 3570//6376
f 3073//6377 3273//6377 3234//6377
f 4211//6378 4077//6378 3904//6378
f 1485//6379 1486//6379 1335//6379
f 3977//1663 3871//1663 3711//1663
f 741//6380 735//6380 657//6380
f 514//6381 503//6381 315//6381
f 4406//6382 4211//6382 4025//6382
f 1486//4245 1334//4245 1335//4245
f 4195//4493 4031//4493 3871//4493
f 1724//6383 1803//6383 1845//6383
f 4446//6384 4138//6384 4031//6384
f 1653//6385 1724//6385 1845//6385
f 1639//6002 1642//6002 1485//6002
f 1642//6002 1486//6002 1485//6002
f 1817//6386 1816//6386 1639//6386
f 735//6387 644//6387 657//6387
f 4550//6388 4677//6388 4290//6388
f 4138//6389 4550//6389 4290//6389
f 320//5848 252//5848 250//5848
f 1816//6390 1642//6390 1639//6390
f 4082//6391 4480//6391 4235//6391
f 4677//6392 4733//6392 4372//6392
f 4290//6393 4677//6393 4372//6393
f 1982//6394 1985//6394 1817//6394
f 3494//6395 3478//6395 3654//6395
f 840//6396 810//6396 741//6396
f 4226//6397 4650//6397 4480//6397
f 2663//6398 2482//6398 2532//6398
f 1434//6399 1583//6399 1653//6399
f 810//6400 735//6400 741//6400
f 4414//6401 4802//6401 4650//6401
f 933//5523 930//5523 840//5523
f 930//5523 810//5523 840//5523
f 3814//6402 3665//6402 3828//6402
f 320//5848 315//5848 252//5848
f 3994//6403 3814//6403 3828//6403
f 1505//6404 1434//6404 1653//6404
f 1985//6405 1816//6405 1817//6405
f 4802//6406 4610//6406 4872//6406
f 1065//6407 1062//6407 933//6407
f 4231//6408 3977//6408 3994//6408
f 4872//6409 4676//6409 4924//6409
f 4733//6410 4922//6410 4976//6410
f 1062//4807 930//4807 933//4807
f 4726//6411 4757//6411 4974//6411
f 4924//6412 4726//6412 4974//6412
f 1223//6413 1232//6413 1065//6413
f 2736//6414 2663//6414 2532//6414
f 4748//6415 4920//6415 4979//6415
f 4974//6416 4757//6416 4979//6416
f 1232//4197 1062//4197 1065//4197
f 1371//5547 1368//5547 1223//5547
f 4672//6417 4871//6417 4920//6417
f 4476//6418 4195//6418 4231//6418
f 1283//6419 1434//6419 1505//6419
f 250//5871 187//5871 182//5871
f 1368//5778 1232//5778 1223//5778
f 1521//6219 1506//6219 1371//6219
f 1358//6420 1283//6420 1505//6420
f 4646//6421 4195//6421 4476//6421
f 2297//6422 2427//6422 2474//6422
f 4871//6423 4528//6423 4806//6423
f 4801//6424 4446//6424 4646//6424
f 4806//6425 4389//6425 4656//6425
f 1506//5434 1368//5434 1371//5434
f 1674//5814 1659//5814 1521//5814
f 1203//6426 1147//6426 1358//6426
f 4656//6427 4245//6427 4482//6427
f 4094//6428 3942//6428 4234//6428
f 4482//6429 4094//6429 4234//6429
f 1659//6430 1506//6430 1521//6430
f 1075//6431 869//6431 1203//6431
f 1814//6432 1835//6432 1674//6432
f 2163//6433 2162//6433 1982//6433
f 4234//6434 3942//6434 3998//6434
f 2317//6435 2162//6435 2342//6435
f 1835//6436 1659//6436 1674//6436
f 2019//6437 2014//6437 1814//6437
f 3509//6438 3658//6438 3482//6438
f 4677//6439 4862//6439 4922//6439
f 752//6440 869//6440 1075//6440
f 2014//6441 1835//6441 1814//6441
f 3657//6442 3454//6442 3480//6442
f 903//6443 752//6443 1075//6443
f 3480//6444 3293//6444 3308//6444
f 3172//6445 3311//6445 3139//6445
f 2203//6446 2197//6446 2019//6446
f 3308//6447 3136//6447 3140//6447
f 3011//6448 3139//6448 2967//6448
f 4745//6449 4976//6449 4983//6449
f 4919//6450 4745//6450 4983//6450
f 3140//6451 2984//6451 2966//6451
f 2842//6452 2967//6452 2799//6452
f 2197//6453 2014//6453 2019//6453
f 2373//4296 2377//4296 2203//4296
f 2966//6454 2829//6454 2797//6454
f 2663//6455 2799//6455 2628//6455
f 829//6456 491//6456 903//6456
f 2377//4292 2197//4292 2203//4292
f 4863//6457 4686//6457 4919//6457
f 2568//4936 2575//4936 2373//4936
f 2797//6458 2667//6458 2625//6458
f 250//5877 252//5877 187//5877
f 2492//6459 2334//6459 2436//6459
f 2625//6460 2492//6460 2436//6460
f 2317//6461 2439//6461 2250//6461
f 2099//6462 2230//6462 2163//6462
f 2436//6463 2334//6463 2248//6463
f 719//6464 416//6464 829//6464
f 2101//6465 1909//6465 2080//6465
f 2162//6466 1985//6466 1982//6466
f 2575//4936 2377//4936 2373//4936
f 2752//4638 2756//4638 2568//4638
f 182//6467 135//6467 140//6467
f 2150//6468 1972//6468 2162//6468
f 2756//4638 2575//4638 2568//4638
f 4216//6469 4655//6469 4485//6469
f 663//6470 415//6470 719//6470
f 1909//6471 1803//6471 1731//6471
f 1625//6472 1734//6472 1553//6472
f 2340//6473 2342//6473 2163//6473
f 1724//6474 1583//6474 1551//6474
f 1731//6475 1724//6475 1551//6475
f 2926//5490 2915//5490 2752//5490
f 1434//6476 1165//6476 1387//6476
f 4010//6477 4485//6477 4240//6477
f 2915//5490 2756//5490 2752//5490
f 2782//6478 2675//6478 2850//6478
f 182//6479 187//6479 135//6479
f 3066//6480 2915//6480 2926//6480
f 3850//6481 4240//6481 4003//6481
f 936//6482 582//6482 833//6482
f 1165//6483 1283//6483 995//6483
f 2342//6484 2162//6484 2163//6484
f 3114//6485 2915//6485 3066//6485
f 1017//6486 869//6486 759//6486
f 995//6487 1017//6487 759//6487
f 3279//6488 3249//6488 3066//6488
f 3249//6489 3114//6489 3066//6489
f 869//6490 752//6490 534//6490
f 3658//6491 3681//6491 3834//6491
f 3431//6492 3424//6492 3279//6492
f 752//6493 583//6493 337//6493
f 534//6494 752//6494 337//6494
f 1079//6495 669//6495 936//6495
f 140//6496 91//6496 90//6496
f 3424//6497 3249//6497 3279//6497
f 140//6498 135//6498 91//6498
f 2524//6499 2532//6499 2340//6499
f 3320//6500 3482//6500 3311//6500
f 3593//4964 3580//4964 3431//4964
f 4388//6501 4510//6501 4692//6501
f 3580//6502 3424//6502 3431//6502
f 352//6503 106//6503 147//6503
f 1230//6504 866//6504 1079//6504
f 3745//6505 3737//6505 3593//6505
f 2532//4304 2342//4304 2340//4304
f 3737//6505 3580//6505 3593//6505
f 988//5053 989//5053 755//5053
f 3884//6506 3905//6506 3745//6506
f 1112//6507 1020//6507 1367//6507
f 2731//6508 2736//6508 2524//6508
f 3905//6509 3737//6509 3745//6509
f 2474//6510 2619//6510 2662//6510
f 4692//6511 4698//6511 4821//6511
f 4047//6512 4026//6512 3884//6512
f 1419//6513 1271//6513 1507//6513
f 4026//6514 3905//6514 3884//6514
f 2482//6515 2628//6515 2439//6515
f 1625//6516 1456//6516 1642//6516
f 757//6517 532//6517 535//6517
f 4152//6518 4181//6518 4047//6518
f 1816//6519 1625//6519 1642//6519
f 2736//6520 2532//6520 2524//6520
f 4181//6521 4026//6521 4047//6521
f 1570//6522 1507//6522 1668//6522
f 2662//6523 2782//6523 2836//6523
f 1805//6524 1910//6524 1734//6524
f 2896//6319 2894//6319 2731//6319
f 4296//6525 4281//6525 4152//6525
f 1707//6526 1668//6526 1841//6526
f 1390//6527 1334//6527 1486//6527
f 4281//6528 4181//6528 4152//6528
f 1166//6529 1390//6529 1386//6529
f 4378//6530 4340//6530 4296//6530
f 4931//6531 4643//6531 4876//6531
f 2894//5490 2736//5490 2731//5490
f 1239//6532 1028//6532 1334//6532
f 1239//6533 1166//6533 996//6533
f 3073//6534 3076//6534 2896//6534
f 4340//6535 4281//6535 4296//6535
f 539//6536 858//6536 766//6536
f 4418//6537 4417//6537 4378//6537
f 2266//4106 2189//4106 2374//4106
f 2839//6538 2896//6538 2731//6538
f 3076//6539 2894//6539 2896//6539
f 4877//6540 4682//6540 4933//6540
f 4417//6541 4340//6541 4378//6541
f 613//6542 858//6542 333//6542
f 264//6543 613//6543 333//6543
f 2755//6544 2677//6544 2574//6544
f 214//6545 476//6545 264//6545
f 2902//6546 3112//6546 3069//6546
f 4986//6547 4703//6547 4931//6547
f 419//6548 476//6548 214//6548
f 166//6549 419//6549 214//6549
f 2902//6550 2907//6550 3112//6550
f 2835//6551 2677//6551 2755//6551
f 2925//6552 2835//6552 2755//6552
f 3234//5711 3238//5711 3073//5711
f 3102//6553 3124//6553 2925//6553
f 3238//6554 3076//6554 3073//6554
f 3261//6555 3203//6555 3102//6555
f 3411//4959 3407//4959 3234//4959
f 1208//6556 858//6556 1045//6556
f 3426//6557 3354//6557 3261//6557
f 3407//4959 3238//4959 3234//4959
f 622//6558 745//6558 904//6558
f 3577//6559 3644//6559 3426//6559
f 3561//6560 3558//6560 3411//6560
f 3744//6561 3781//6561 3577//6561
f 3558//6562 3407//6562 3411//6562
f 613//6563 476//6563 909//6563
f 3904//6564 3920//6564 3744//6564
f 3708//6565 3709//6565 3561//6565
f 4025//6566 4211//6566 3904//6566
f 4395//3647 4567//3647 4566//3647
f 4170//6567 4406//6567 4025//6567
f 3709//6568 3558//6568 3561//6568
f 2163//6569 2327//6569 2340//6569
f 4286//6570 4520//6570 4170//6570
f 470//6571 805//6571 712//6571
f 4931//6572 4877//6572 4933//6572
f 807//6573 419//6573 705//6573
f 4669//6574 4286//6574 4346//6574
f 464//6575 712//6575 656//6575
f 1982//6576 2099//6576 2163//6576
f 3865//6577 3709//6577 3708//6577
f 467//900 656//900 722//900
f 4988//6578 4971//6578 4986//6578
f 705//6579 300//6579 661//6579
f 1817//6580 1944//6580 1982//6580
f 661//6581 363//6581 723//6581
f 562//6582 722//6582 826//6582
f 627//6583 826//6583 911//6583
f 2850//6584 2924//6584 3013//6584
f 841//6585 542//6585 929//6585
f 4760//6586 4703//6586 4986//6586
f 929//6587 634//6587 1078//6587
f 4971//6588 4760//6588 4986//6588
f 4727//6589 4760//6589 4971//6589
f 1251//6590 1482//6590 1352//6590
f 4916//6591 4727//6591 4971//6591
f 1546//6592 1636//6592 1639//6592
f 1485//6593 1546//6593 1639//6593
f 4967//6594 4916//6594 4971//6594
f 1335//6595 1273//6595 1485//6595
f 2192//6596 2160//6596 2357//6596
f 1126//6597 1273//6597 1335//6597
f 1195//6598 1126//6598 1335//6598
f 3282//6599 3276//6599 3086//6599
f 1259//1991 982//1991 883//1991
f 4861//6600 4616//6600 4916//6600
f 3766//6601 3924//6601 3723//6601
f 3551//6602 3766//6602 3723//6602
f 4547//6603 4795//6603 4860//6603
f 873//6604 1195//6604 1050//6604
f 904//6605 745//6605 1050//6605
f 805//6606 622//6606 904//6606
f 757//6607 755//6607 532//6607
f 4988//6608 4732//6608 4967//6608
f 4971//6609 4988//6609 4967//6609
f 4861//6610 4860//6610 4797//6610
f 4667//6611 4860//6611 4915//6611
f 4967//6612 4667//6612 4915//6612
f 4860//6613 4861//6613 4915//6613
f 4797//6614 4795//6614 4636//6614
f 3173//6615 3115//6615 3331//6615
f 535//6616 342//6616 340//6616
f 4636//6617 4634//6617 4468//6617
f 535//6618 532//6618 342//6618
f 4211//6619 4636//6619 4468//6619
f 1462//6620 1246//6620 1374//6620
f 3101//6621 3229//6621 3176//6621
f 2199//6622 2118//6622 2021//6622
f 4077//6623 4468//6623 4213//6623
f 3987//6624 3920//6624 4213//6624
f 4210//6625 3987//6625 4213//6625
f 4468//6626 4463//6626 4213//6626
f 4795//6627 4797//6627 4860//6627
f 4395//3672 4396//3672 4567//3672
f 3330//6628 3505//6628 3498//6628
f 4795//6629 4445//6629 4634//6629
f 4636//6630 4795//6630 4634//6630
f 2924//6631 2850//6631 2757//6631
f 3987//6632 3985//6632 3817//6632
f 1259//1991 3624//1991 3475//1991
f 3101//6633 3013//6633 2924//6633
f 3644//6634 3817//6634 3646//6634
f 4186//6635 4100//6635 4463//6635
f 3331//6636 3176//6636 3229//6636
f 3817//6637 3812//6637 3646//6637
f 3301//6638 3354//6638 3471//6638
f 3498//6639 3505//6639 3669//6639
f 3582//6640 3505//6640 3436//6640
f 4634//6641 4186//6641 4463//6641
f 4566//6642 4768//6642 4774//6642
f 3727//6643 3669//6643 3582//6643
f 3649//6644 3669//6644 3825//6644
f 3908//6645 3825//6645 3727//6645
f 3649//6646 3825//6646 3795//6646
f 4100//6647 3924//6647 4210//6647
f 3131//6648 3124//6648 3301//6648
f 3795//6649 3825//6649 3981//6649
f 3131//6650 3128//6650 2961//6650
f 4463//6651 4100//6651 4210//6651
f 3981//6652 3908//6652 4057//6652
f 4566//3783 4567//3783 4768//3783
f 2961//6653 2986//6653 3131//6653
f 4269//6654 4313//6654 4172//6654
f 2835//6655 2986//6655 2961//6655
f 2784//6656 2835//6656 2961//6656
f 3812//6657 3985//6657 3766//6657
f 4352//6658 4447//6658 4269//6658
f 2615//6659 2677//6659 2784//6659
f 4494//6660 4490//6660 4440//6660
f 4210//6661 3924//6661 3985//6661
f 2509//6662 2677//6662 2615//6662
f 2422//6663 2509//6663 2615//6663
f 2615//6664 2612//6664 2422//6664
f 3330//6665 3173//6665 3331//6665
f 3471//6666 3646//6666 3643//6666
f 2237//6667 2407//6667 2422//6667
f 2422//6668 2419//6668 2237//6668
f 3469//6669 3471//6669 3643//6669
f 3003//1991 1259//1991 2836//1991
f 1259//1991 1779//1991 1598//1991
f 4774//6670 4837//6670 4841//6670
f 3469//6671 3282//6671 3300//6671
f 2066//6672 2063//6672 1903//6672
f 3301//6673 3469//6673 3300//6673
f 1903//6674 1898//6674 1726//6674
f 1419//6675 1570//6675 1376//6675
f 4774//6676 4768//6676 4837//6676
f 3016//6677 2956//6677 3128//6677
f 750//6678 1112//6678 985//6678
f 2956//6679 2961//6679 3128//6679
f 526//6680 866//6680 750//6680
f 329//6681 669//6681 526//6681
f 582//6682 669//6682 329//6682
f 273//6683 582//6683 329//6683
f 3330//6684 3331//6684 3505//6684
f 197//6685 208//6685 273//6685
f 2781//6686 2784//6686 2956//6686
f 468//6687 582//6687 273//6687
f 208//6688 468//6688 273//6688
f 425//6689 468//6689 208//6689
f 153//6690 425//6690 208//6690
f 208//6691 197//6691 153//6691
f 2681//6692 2612//6692 2781//6692
f 106//6693 356//6693 153//6693
f 107//6694 106//6694 153//6694
f 2612//6695 2615//6695 2781//6695
f 4841//5703 4888//5703 4893//5703
f 3331//6696 3436//6696 3505//6696
f 2419//6697 2422//6697 2612//6697
f 2324//6698 2232//6698 2419//6698
f 2110//1991 2297//1991 1259//1991
f 4841//5712 4837//5712 4888//5712
f 2232//6699 2237//6699 2419//6699
f 2160//6700 2063//6700 2232//6700
f 3505//6701 3582//6701 3669//6701
f 2063//6702 2066//6702 2232//6702
f 1259//1991 2461//1991 2312//1991
f 3669//6703 3727//6703 3825//6703
f 4893//6704 4944//6704 4942//6704
f 2063//6705 1951//6705 1898//6705
f 4893//6706 4888//6706 4944//6706
f 3825//6707 3908//6707 3981//6707
f 1332//6708 1376//6708 1540//6708
f 4942//6709 4999//6709 4998//6709
f 3981//6710 4057//6710 4126//6710
f 3923//6711 3981//6711 4126//6711
f 4942//6712 4944//6712 4999//6712
f 979//6713 985//6713 1151//6713
f 1093//6714 742//6714 979//6714
f 4447//6715 4105//6715 4313//6715
f 4269//6716 4447//6716 4313//6716
f 742//6717 750//6717 979//6717
f 880//6718 517//6718 742//6718
f 4998//6719 4953//6719 4956//6719
f 4207//6720 4105//6720 4447//6720
f 517//6721 526//6721 742//6721
f 4490//6722 4207//6722 4447//6722
f 323//6723 526//6723 517//6723
f 4352//6724 4490//6724 4447//6724
f 255//6725 329//6725 323//6725
f 4998//6726 4999//6726 4953//6726
f 197//6727 273//6727 255//6727
f 424//6728 145//6728 197//6728
f 4352//6729 4440//6729 4490//6729
f 4956//5750 4895//5750 4899//5750
f 145//6730 153//6730 197//6730
f 363//6731 107//6731 145//6731
f 4956//5750 4953//5750 4895//5750
f 4494//6732 4222//6732 4490//6732
f 107//6733 153//6733 145//6733
f 4899//6734 4842//6734 4846//6734
f 4899//6735 4895//6735 4842//6735
f 4846//6736 4775//6736 4765//6736
f 4846//6737 4842//6737 4775//6737
f 4765//4642 4572//4642 4570//4642
f 4765//6738 4775//6738 4572//6738
f 4570//6739 4409//6739 4408//6739
f 4570//6740 4572//6740 4409//6740
f 4408//6741 4117//6741 4115//6741
f 4408//6742 4409//6742 4117//6742
f 4115//4667 3953//4667 3946//4667
f 4115//4670 4117//4670 3953//4670
f 3946//6743 3772//6743 3769//6743
f 3946//6744 3953//6744 3772//6744
f 3769//6745 3605//6745 3608//6745
f 3769//6746 3772//6746 3605//6746
f 3608//4692 3386//4692 3388//4692
f 3608//4692 3605//4692 3386//4692
f 3388//6747 3215//6747 3218//6747
f 3388//4249 3386//4249 3215//4249
f 3218//6748 3051//6748 3053//6748
f 3218//6749 3215//6749 3051//6749
f 3053//4262 2878//4262 2881//4262
f 3053//4262 3051//4262 2878//4262
f 2881//4278 2716//4278 2719//4278
f 2881//4278 2878//4278 2716//4278
f 2719//6750 2537//6750 2559//6750
f 2719//4280 2716//4280 2537//4280
f 2559//6751 2389//6751 2392//6751
f 2559//4287 2537//4287 2389//4287
f 2392//6752 2211//6752 2215//6752
f 2392//6753 2389//6753 2211//6753
f 2215//4750 2040//4750 2041//4750
f 2215//4750 2211//4750 2040//4750
f 2041//4755 1866//4755 1867//4755
f 2041//4755 2040//4755 1866//4755
f 1867//4764 1687//4764 1688//4764
f 1867//5954 1866//5954 1687//5954
f 1688//6754 1467//6754 1470//6754
f 1688//6755 1687//6755 1467//6755
f 1470//6756 1296//6756 1315//6756
f 1470//6757 1467//6757 1296//6757
f 1315//6758 1132//6758 1136//6758
f 1315//6759 1296//6759 1132//6759
f 1136//6760 959//6760 960//6760
f 1136//6760 1132//6760 959//6760
f 960//6761 680//6761 681//6761
f 960//5690 959//5690 680//5690
f 681//6762 506//6762 510//6762
f 681//6763 680//6763 506//6763
f 510//5796 318//5796 312//5796
f 510//6381 506//6381 318//6381
f 312//6764 247//6764 237//6764
f 312//5848 318//5848 247//5848
f 237//6765 180//6765 184//6765
f 340//6766 272//6766 271//6766
f 237//6767 247//6767 180//6767
f 184//6768 128//6768 138//6768
f 184//6769 180//6769 128//6769
f 138//6496 87//6496 86//6496
f 138//6498 128//6498 87//6498
f 340//6770 342//6770 272//6770
f 271//6771 200//6771 201//6771
f 271//6772 272//6772 200//6772
f 201//6773 149//6773 151//6773
f 201//6774 200//6774 149//6774
f 151//6694 93//6694 92//6694
f 151//6694 149//6694 93//6694
f 2105//6775 1938//6775 1939//6775
f 2105//6776 2104//6776 1938//6776
f 1939//6777 1769//6777 1770//6777
f 1939//6778 1938//6778 1769//6778
f 1770//6779 1579//6779 1581//6779
f 1770//6780 1769//6780 1579//6780
f 1581//6781 1408//6781 1409//6781
f 1581//6782 1579//6782 1408//6782
f 1409//6783 1189//6783 1191//6783
f 1409//6784 1408//6784 1189//6784
f 1191//6785 1011//6785 1013//6785
f 1191//6786 1189//6786 1011//6786
f 1013//6787 781//6787 784//6787
f 1013//6788 1011//6788 781//6788
f 784//6789 556//6789 558//6789
f 784//6790 781//6790 556//6790
f 558//6791 353//6791 355//6791
f 558//6792 556//6792 353//6792
f 355//6793 277//6793 279//6793
f 355//6794 353//6794 277//6794
f 279//6795 219//6795 218//6795
f 279//6796 277//6796 219//6796
f 218//6797 159//6797 160//6797
f 218//6798 219//6798 159//6798
f 160//6799 95//6799 94//6799
f 160//6799 159//6799 95//6799
f 760//6800 529//6800 533//6800
f 760//6607 758//6607 529//6607
f 533//6801 334//6801 331//6801
f 533//6802 529//6802 334//6802
f 331//6803 269//6803 265//6803
f 331//6804 334//6804 269//6804
f 265//6805 206//6805 204//6805
f 265//6806 269//6806 206//6806
f 204//6807 150//6807 154//6807
f 204//6807 206//6807 150//6807
f 154//6694 97//6694 96//6694
f 154//6694 150//6694 97//6694
f 2140//6808 2144//6808 1967//6808
f 1966//6809 1797//6809 1795//6809
f 1966//6810 1967//6810 1797//6810
f 1795//6811 1622//6811 1621//6811
f 1795//6812 1797//6812 1622//6812
f 1621//6813 1541//6813 1539//6813
f 1621//6814 1622//6814 1541//6814
f 1539//6815 1423//6815 1422//6815
f 1539//6816 1541//6816 1423//6816
f 1422//6817 1275//6817 1274//6817
f 1422//6818 1423//6818 1275//6818
f 1274//6819 1150//6819 1153//6819
f 1274//6820 1275//6820 1150//6820
f 1153//6821 1009//6821 1010//6821
f 1153//6822 1150//6822 1009//6822
f 1010//6823 779//6823 782//6823
f 1010//6824 1009//6824 779//6824
f 782//6825 546//6825 551//6825
f 782//6826 779//6826 546//6826
f 551//6827 351//6827 354//6827
f 551//6828 546//6828 351//6828
f 354//6829 276//6829 278//6829
f 354//6830 351//6830 276//6830
f 278//6831 217//6831 220//6831
f 278//6832 276//6832 217//6832
f 220//6798 158//6798 161//6798
f 220//6833 217//6833 158//6833
f 161//6799 99//6799 98//6799
f 161//6834 158//6834 99//6834
f 1872//5584 1878//5584 1698//5584
f 1694//5601 1468//5601 1471//5601
f 1694//5601 1698//5601 1468//5601
f 1471//5650 1304//5650 1303//5650
f 1471//5650 1468//5650 1304//5650
f 1303//6835 1133//6835 1128//6835
f 1303//6836 1304//6836 1133//6836
f 1128//6196 958//6196 957//6196
f 1128//6837 1133//6837 958//6837
f 957//5690 679//5690 678//5690
f 957//5690 958//5690 679//5690
f 678//6838 500//6838 507//6838
f 678//5784 679//5784 500//5784
f 507//6839 317//6839 309//6839
f 507//6840 500//6840 317//6840
f 309//6841 248//6841 241//6841
f 309//6842 317//6842 248//6842
f 241//6843 185//6843 183//6843
f 241//6844 248//6844 185//6844
f 183//6845 137//6845 139//6845
f 183//6846 185//6846 137//6846
f 139//6496 103//6496 102//6496
f 139//6496 137//6496 103//6496
f 1163//6847 1001//6847 999//6847
f 1163//6848 1161//6848 1001//6848
f 999//6849 765//6849 763//6849
f 999//6850 1001//6850 765//6850
f 763//6851 536//6851 538//6851
f 763//6852 765//6852 536//6852
f 538//6853 335//6853 336//6853
f 538//6853 536//6853 335//6853
f 336//6854 270//6854 268//6854
f 336//6855 335//6855 270//6855
f 268//6856 207//6856 205//6856
f 268//6857 270//6857 207//6857
f 205//6858 152//6858 146//6858
f 205//6807 207//6807 152//6807
f 146//6859 105//6859 104//6859
f 146//6860 152//6860 105//6860
f 3069//6861 3243//6861 3230//6861
f 3069//6862 3112//6862 3243//6862
f 3230//6863 3415//6863 3412//6863
f 3230//6864 3243//6864 3415//6864
f 3412//6865 3566//6865 3563//6865
f 3412//6866 3415//6866 3566//6866
f 3563//6867 3716//6867 3739//6867
f 3563//6565 3566//6565 3716//6565
f 3739//6868 3873//6868 3891//6868
f 3739//6869 3716//6869 3873//6869
f 3891//6870 4037//6870 4023//6870
f 3891//6871 3873//6871 4037//6871
f 4023//6872 4142//6872 4161//6872
f 4023//6873 4037//6873 4142//6873
f 4161//6874 4311//6874 4307//6874
f 4161//6875 4142//6875 4311//6875
f 4307//6876 4362//6876 4351//6876
f 4307//6877 4311//6877 4362//6877
f 4351//6878 4420//6878 4419//6878
f 4351//6878 4362//6878 4420//6878
f 3248//6879 3239//6879 3087//6879
f 3239//6880 3084//6880 3087//6880
f 3423//4959 3410//4959 3248//4959
f 3410//4959 3239//4959 3248//4959
f 3564//6560 3557//6560 3423//6560
f 3557//6562 3410//6562 3423//6562
f 3713//6881 3725//6881 3564//6881
f 3725//6882 3557//6882 3564//6882
f 3874//6509 3883//6509 3713//6509
f 3883//6883 3725//6883 3713//6883
f 4032//6884 4017//6884 3874//6884
f 4017//6885 3883//6885 3874//6885
f 4178//6886 4156//6886 4032//6886
f 4156//6886 4017//6886 4032//6886
f 4294//6887 4272//6887 4178//6887
f 4272//6888 4156//6888 4178//6888
f 4356//6889 4368//6889 4294//6889
f 4368//6890 4272//6890 4294//6890
f 4422//6878 4421//6878 4356//6878
f 4421//6878 4368//6878 4356//6878
f 3729//6881 3743//6881 3587//6881
f 3743//6505 3581//6505 3587//6505
f 3903//6509 3901//6509 3729//6509
f 3901//6506 3743//6506 3729//6506
f 4045//6871 4052//6871 3903//6871
f 4052//6871 3901//6871 3903//6871
f 4171//6891 4166//6891 4045//6891
f 4166//6891 4052//6891 4045//6891
f 4304//6887 4280//6887 4171//6887
f 4280//6887 4166//6887 4171//6887
f 4367//6889 4347//6889 4304//6889
f 4347//6890 4280//6890 4304//6890
f 4424//6878 4423//6878 4367//6878
f 4423//6878 4347//6878 4367//6878
f 2895//4649 2732//4649 2749//4649
f 3097//6892 3075//6892 2923//6892
f 3075//6893 2895//6893 2923//6893
f 3251//6879 3237//6879 3097//6879
f 3237//6894 3075//6894 3097//6894
f 3413//6338 3409//6338 3251//6338
f 3409//6338 3237//6338 3251//6338
f 3568//6865 3560//6865 3413//6865
f 3560//6865 3409//6865 3413//6865
f 3740//6895 3715//6895 3568//6895
f 3715//6565 3560//6565 3568//6565
f 3876//6868 3890//6868 3740//6868
f 3890//6896 3715//6896 3740//6896
f 4046//6512 4022//6512 3876//6512
f 4022//6897 3890//6897 3876//6897
f 4154//6898 4180//6898 4046//6898
f 4180//6521 4022//6521 4046//6521
f 4300//6899 4279//6899 4154//6899
f 4279//6900 4180//6900 4154//6900
f 4370//6901 4375//6901 4300//6901
f 4375//6902 4279//6902 4300//6902
f 4426//6878 4425//6878 4370//6878
f 4425//6903 4375//6903 4370//6903
f 3240//5711 3242//5711 3074//5711
f 3242//6904 3085//6904 3074//6904
f 3442//6905 3443//6905 3240//6905
f 3443//6906 3242//6906 3240//6906
f 3562//6907 3572//6907 3442//6907
f 3572//6908 3443//6908 3442//6908
f 3712//6565 3717//6565 3562//6565
f 3717//6565 3572//6565 3562//6565
f 3881//6509 3898//6509 3712//6509
f 3898//6509 3717//6509 3712//6509
f 4034//6512 4018//6512 3881//6512
f 4018//6897 3898//6897 3881//6897
f 4149//6518 4167//6518 4034//6518
f 4167//6521 4018//6521 4034//6521
f 4305//6525 4276//6525 4149//6525
f 4276//6528 4167//6528 4149//6528
f 4361//6890 4345//6890 4305//6890
f 4345//6890 4276//6890 4305//6890
f 4428//6878 4427//6878 4361//6878
f 4427//6878 4345//6878 4361//6878
f 3614//6909 3726//6909 3724//6909
f 3614//6910 3586//6910 3726//6910
f 3724//6509 3880//6509 3899//6509
f 3724//6509 3726//6509 3880//6509
f 3899//6911 4050//6911 4061//6911
f 3899//6871 3880//6871 4050//6871
f 4061//6912 4144//6912 4141//6912
f 4061//6913 4050//6913 4144//6913
f 4141//6914 4301//6914 4291//6914
f 4141//6915 4144//6915 4301//6915
f 4291//6916 4363//6916 4344//6916
f 4291//6890 4301//6890 4363//6890
f 4344//6917 4430//6917 4429//6917
f 4344//6918 4363//6918 4430//6918
f 3271//4952 3265//4952 3110//4952
f 3265//4955 3105//4955 3110//4955
f 3438//4959 3435//4959 3271//4959
f 3435//4959 3265//4959 3271//4959
f 3594//6560 3584//6560 3438//6560
f 3584//6562 3435//6562 3438//6562
f 3734//6505 3749//6505 3594//6505
f 3749//6882 3584//6882 3594//6882
f 3907//6919 3900//6919 3734//6919
f 3900//6920 3749//6920 3734//6920
f 4044//6921 4024//6921 3907//6921
f 4024//6922 3900//6922 3907//6922
f 4136//6923 4024//6923 4044//6923
f 4159//6924 4024//6924 4136//6924
f 4267//6925 4159//6925 4136//6925
f 4275//6926 4159//6926 4267//6926
f 4338//6927 4275//6927 4267//6927
f 4371//6928 4275//6928 4338//6928
f 4432//6929 4371//6929 4338//6929
f 4431//6878 4371//6878 4432//6878
f 3408//6930 3441//6930 3241//6930
f 3441//6931 3272//6931 3241//6931
f 3559//6932 3591//6932 3408//6932
f 3591//6933 3441//6933 3408//6933
f 3730//6568 3741//6568 3559//6568
f 3741//6568 3591//6568 3559//6568
f 3866//6934 3741//6934 3730//6934
f 3910//6935 3741//6935 3866//6935
f 4035//6936 4013//6936 3866//6936
f 4013//6937 3910//6937 3866//6937
f 4147//6938 4175//6938 4035//6938
f 4175//6939 4013//6939 4035//6939
f 4293//6525 4282//6525 4147//6525
f 4282//6940 4175//6940 4147//6940
f 4366//6890 4348//6890 4293//6890
f 4348//6890 4282//6890 4293//6890
f 4434//6878 4433//6878 4366//6878
f 4433//6878 4348//6878 4366//6878
f 3573//6865 3569//6865 3418//6865
f 3569//6865 3422//6865 3418//6865
f 3720//6881 3738//6881 3573//6881
f 3738//6505 3569//6505 3573//6505
f 3895//6509 3897//6509 3720//6509
f 3897//6506 3738//6506 3720//6506
f 4040//6941 4039//6941 3895//6941
f 4039//6942 3897//6942 3895//6942
f 4169//6891 4165//6891 4040//6891
f 4165//6943 4039//6943 4040//6943
f 4297//6944 4289//6944 4169//6944
f 4289//6887 4165//6887 4169//6887
f 4357//6890 4289//6890 4297//6890
f 4384//6945 4289//6945 4357//6945
f 4436//6946 4384//6946 4357//6946
f 4435//6947 4384//6947 4436//6947
f 3885//6948 3709//6948 3865//6948
f 4028//6949 3885//6949 3865//6949
f 4048//6950 3885//6950 4028//6950
f 4174//6951 4153//6951 4028//6951
f 4153//6952 4048//6952 4028//6952
f 4285//6887 4270//6887 4174//6887
f 4270//6888 4153//6888 4174//6888
f 4354//6953 4341//6953 4285//6953
f 4341//6902 4270//6902 4285//6902
f 4438//6878 4437//6878 4354//6878
f 4437//6954 4341//6954 4354//6954
f 4909//6955 4911//6955 4964//6955
f 155//6956 141//6956 103//6956
f 980//6957 977//6957 753//6957
f 1324//6958 1331//6958 1532//6958
f 1892//6959 1899//6959 2060//6959
f 2611//6960 2606//6960 2420//6960
f 4854//6961 4858//6961 4909//6961
f 3463//6962 3290//6962 3460//6962
f 2776//6963 2947//6963 2778//6963
f 749//6964 524//6964 743//6964
f 164//6965 198//6965 163//6965
f 203//6966 163//6966 198//6966
f 164//6967 101//6967 100//6967
f 164//6968 163//6968 101//6968
f 1460//6969 1533//6969 1316//6969
f 1533//6970 1695//6970 1714//6970
f 1695//6971 1885//6971 1714//6971
f 1316//6972 1260//6972 1040//6972
f 1431//6973 1260//6973 1533//6973
f 1714//6974 1600//6974 1431//6974
f 1431//6975 1533//6975 1714//6975
f 1788//6976 1714//6976 1902//6976
f 1902//6977 2050//6977 1957//6977
f 1957//6978 1788//6978 1902//6978
f 2269//6979 2318//6979 2133//6979
f 2458//6980 2318//6980 2269//6980
f 2651//6981 2682//6981 2496//6981
f 2496//6982 2458//6982 2651//6982
f 3369//6983 3197//6983 3366//6983
f 3369//6984 3196//6984 3197//6984
f 3545//6985 3762//6985 3546//6985
f 3933//6986 4124//6986 3937//6986
f 3937//6987 3760//6987 3933//6987
f 4108//6988 4412//6988 4124//6988
f 4124//6989 3933//6989 4108//6989
f 4108//6990 4405//6990 4412//6990
f 4322//6991 4546//6991 4131//6991
f 4780//6992 4853//6992 4488//6992
f 4963//6993 4543//6993 4608//6993
f 4606//6994 4542//6994 4937//6994
f 3323//178 3366//178 3197//178
f 3545//6995 3366//6995 3499//6995
f 3499//6996 3760//6996 3545//6996
f 3933//6997 3760//6997 3666//6997
f 3820//6998 4108//6998 3933//6998
f 4131//6999 4405//6999 3982//6999
f 3336//7000 3506//7000 3515//7000
f 3506//7001 3678//7001 3515//7001
f 3324//7002 3156//7002 3157//7002
f 2982//7003 2810//7003 2983//7003
f 2457//7004 2643//7004 2467//7004
f 1921//7005 2088//7005 1937//7005
f 1921//7006 1771//7006 1740//7006
f 1145//7007 1171//7007 1294//7007
f 1145//7008 856//7008 953//7008
f 1460//7009 1316//7009 1294//7009
f 4511//7010 4132//7010 4256//7010
f 4075//7011 4080//7011 4255//7011
f 4986//7012 4931//7012 4933//7012
f 1540//7013 1544//7013 1717//7013
f 750//7014 742//7014 526//7014
f 1544//7015 1540//7015 1376//7015
f 2206//7016 2226//7016 2385//7016
f 2657//7017 2812//7017 2659//7017
f 2813//7018 2659//7018 2812//7018
f 1322//7019 1294//7019 1181//7019
f 1171//7020 1181//7020 1294//7020
f 1181//7021 1171//7021 1036//7021
f 1036//7022 1031//7022 890//7022
f 942//7023 946//7023 1087//7023
f 1087//7024 1092//7024 1238//7024
f 2206//7025 2027//7025 2053//7025
f 2769//7026 2772//7026 2936//7026
f 3113//7027 3120//7027 3274//7027
f 3274//7028 3283//7028 3444//7028
f 3444//7029 3453//7029 3596//7029
f 3113//7030 2936//7030 3120//7030
f 3860//7031 4005//7031 3758//7031
f 3361//7032 3538//7032 3453//7032
f 2772//7033 2638//7033 2807//7033
f 2594//7034 2449//7034 2638//7034
f 1773//7035 1940//7035 1883//7035
f 1706//7036 1576//7036 1773//7036
f 564//7037 853//7037 543//7037
f 744//7038 544//7038 543//7038
f 1091//7039 1183//7039 1396//7039
f 1773//7040 1886//7040 1940//7040
f 3361//7041 3621//7041 3538//7041
f 4005//7042 3860//7042 4187//7042
f 4788//7043 4507//7043 4324//7043
f 4605//7044 4507//7044 4856//7044
f 4746//7045 4992//7045 4751//7045
f 4884//7046 4582//7046 4675//7046
f 4829//7047 4461//7047 4582//7047
f 4708//7048 4219//7048 4461//7048
f 4219//7049 4306//7049 3979//7049
f 3811//7050 3979//7050 4078//7050
f 3979//7051 4306//7051 4078//7051
f 3642//7052 3811//7052 3858//7052
f 3519//7053 3298//7053 3465//7053
f 3151//7054 3298//7054 3337//7054
f 3000//7055 3151//7055 3171//7055
f 2316//7056 2500//7056 2460//7056
f 1193//7057 1247//7057 1413//7057
f 168//7058 87//7058 383//7058
f 381//7059 383//7059 87//7059
f 87//7060 128//7060 381//7060
f 1117//7061 976//7061 680//7061
f 959//7062 1132//7062 1117//7062
f 1132//7063 1296//7063 1327//7063
f 1296//7064 1589//7064 1327//7064
f 1589//7065 1687//7065 1790//7065
f 1790//7066 1866//7066 1961//7066
f 2131//7067 2040//7067 2211//7067
f 1961//7068 2040//7068 2131//7068
f 2672//7069 2488//7069 2537//7069
f 2841//7070 2672//7070 2716//7070
f 3051//7071 3164//7071 2996//7071
f 3215//7072 3339//7072 3164//7072
f 3502//7073 3605//7073 3650//7073
f 3927//7074 4117//7074 4095//7074
f 4250//7075 4095//7075 4409//7075
f 4409//7076 4572//7076 4250//7076
f 4250//7077 4572//7077 4462//7077
f 4641//7078 4888//7078 4837//7078
f 4567//7079 4225//7079 4443//7079
f 4128//7080 3935//7080 3852//7080
f 3775//7081 3673//7081 3935//7081
f 3067//7082 3202//7082 3219//7082
f 2962//7083 3067//7083 3050//7083
f 1624//7084 1474//7084 1448//7084
f 1448//7085 1305//7085 1288//7085
f 89//7086 366//7086 391//7086
f 430//7087 366//7087 136//7087
f 775//7088 513//7088 973//7088
f 973//7089 686//7089 1116//7089
f 963//7090 1142//7090 1116//7090
f 1142//7091 1313//7091 1289//7091
f 2451//7092 2245//7092 2393//7092
f 2648//7093 2718//7093 2815//7093
f 2815//7094 2880//7094 2963//7094
f 2963//7095 3054//7095 3118//7095
f 3771//7096 3764//7096 3549//7096
f 3943//7097 3764//7097 3949//7097
f 4140//7098 4574//7098 4337//7098
f 4536//7099 4337//7099 4766//7099
f 4766//7100 4843//7100 4536//7100
f 4707//7101 4952//7101 4741//7101
f 4948//7102 4705//7102 4741//7102
f 4948//7103 4896//7103 4705//7103
f 4637//7104 4896//7104 4553//7104
f 4849//7105 4776//7105 4553//7105
f 3919//7106 3950//7106 3756//7106
f 3227//7107 3376//7107 3380//7107
f 2459//7108 2641//7108 2584//7108
f 2220//7109 2124//7109 2295//7109
f 1963//7110 2124//7110 2051//7110
f 1222//7111 1152//7111 949//7111
f 671//7112 308//7112 560//7112
f 91//7113 358//7113 385//7113
f 358//7114 135//7114 418//7114
f 473//7115 418//7115 187//7115
f 601//7116 473//7116 252//7116
f 778//7117 601//7117 315//7117
f 1098//7118 683//7118 961//7118
f 1424//7119 1308//7119 1604//7119
f 2224//7120 2028//7120 2048//7120
f 2730//7121 2518//7121 2727//7121
f 3393//7122 3612//7122 3541//7122
f 3612//7123 3785//7123 3541//7123
f 3948//7124 3841//7124 3692//7124
f 3991//7125 4400//7125 4215//7125
f 4840//7126 4619//7126 4535//7126
f 4689//7127 4619//7127 4901//7127
f 4840//7128 4901//7128 4619//7128
f 4689//7129 4901//7129 4951//7129
f 4680//7130 4753//7130 4943//7130
f 4838//7131 4769//7131 4556//7131
f 4564//7132 4221//7132 4455//7132
f 3489//7133 3381//7133 3302//7133
f 2785//7134 2714//7134 2614//7134
f 2184//7135 2122//7135 1971//7135
f 1464//7136 1443//7136 1635//7136
f 1635//7137 1685//7137 1464//7137
f 1306//7138 1130//7138 1443//7138
f 1130//7139 966//7139 1278//7139
f 93//7140 373//7140 395//7140
f 434//7141 373//7141 149//7141
f 434//7142 149//7142 200//7142
f 1548//7143 1730//7143 1612//7143
f 1908//7144 1953//7144 1792//7144
f 2117//7145 1953//7145 2079//7145
f 2477//7146 2298//7146 2435//7146
f 4237//7147 4479//7147 3988//7147
f 4972//7148 4982//7148 4731//7148
f 4558//7149 4678//7149 4867//7149
f 4812//7150 4460//7150 4558//7150
f 4486//7151 4230//7151 4205//7151
f 3835//7152 3659//7152 3701//7152
f 3523//7153 3701//7153 3659//7153
f 3523//7154 3483//7154 3325//7154
f 3130//7155 3325//7155 3313//7155
f 3313//7156 3152//7156 3130//7156
f 3130//7157 3152//7157 2954//7157
f 2973//7158 2804//7158 2954//7158
f 1739//7159 1741//7159 1929//7159
f 412//7160 471//7160 215//7160
f 159//7161 219//7161 360//7161
f 1408//7162 1579//7162 1455//7162
f 1682//7163 1579//7163 1769//7163
f 1769//7164 1888//7164 1682//7164
f 2656//7165 2698//7165 2821//7165
f 2997//7166 2821//7166 2869//7166
f 3041//7167 3166//7167 2997//7167
f 3335//7168 3166//7168 3209//7168
f 3496//7169 3335//7169 3622//7169
f 4496//7170 4328//7170 4728//7170
f 4743//7171 4987//7171 4736//7171
f 4987//7172 4934//7172 4736//7172
f 4679//7173 4736//7173 4934//7173
f 4679//7174 4878//7174 4569//7174
f 4251//7175 4009//7175 4502//7175
f 4079//7176 3840//7176 4009//7176
f 3231//7177 3286//7177 3129//7177
f 1402//7178 1179//7178 1445//7178
f 1179//7179 1005//7179 1281//7179
f 638//7180 341//7180 563//7180
f 97//7181 390//7181 361//7181
f 97//7182 150//7182 390//7182
f 1004//7183 758//7183 1124//7183
f 1454//7184 1502//7184 1286//7184
f 1733//7185 1919//7185 1863//7185
f 1919//7186 2059//7186 1863//7186
f 2072//7187 2235//7187 2059//7187
f 2059//7188 1919//7188 2072//7188
f 2072//7189 2251//7189 2235//7189
f 2624//7190 2796//7190 2620//7190
f 2796//7191 2965//7191 2787//7191
f 3518//7192 3653//7192 3667//7192
f 4918//7193 4635//7193 4864//7193
f 4918//7194 4977//7194 4737//7194
f 4977//7195 4756//7195 4737//7195
f 4981//7196 4685//7196 4756//7196
f 4928//7197 4628//7197 4685//7197
f 4866//7198 4527//7198 4628//7198
f 4227//7199 4483//7199 4011//7199
f 4011//7200 4236//7200 3846//7200
f 4001//7201 3703//7201 3846//7201
f 3456//7202 3626//7202 3495//7202
f 3495//7203 3295//7203 3456//7203
f 3495//7204 3315//7204 3295//7204
f 2408//7205 2635//7205 2444//7205
f 2408//7206 2256//7206 2228//7206
f 1789//7207 1736//7207 1611//7207
f 1558//7208 1378//7208 1611//7208
f 1438//7209 1169//7209 1262//7209
f 1034//7210 1262//7210 997//7210
f 442//7211 212//7211 162//7211
f 1009//7212 1245//7212 1094//7212
f 1946//7213 1787//7213 1797//7213
f 1946//7214 1967//7214 2127//7214
f 3789//7215 3693//7215 3516//7215
f 4786//7216 4575//7216 4470//7216
f 4852//7217 4905//7217 4575//7217
f 4694//7218 4513//7218 4254//7218
f 4253//7219 3917//7219 4093//7219
f 3357//7220 3504//7220 3321//7220
f 3321//7221 3194//7221 3357//7221
f 2940//7222 3044//7222 2987//7222
f 2987//7223 2820//7223 2940//7223
f 2820//7224 2654//7224 2777//7224
f 1170//7225 1240//7225 1411//7225
f 987//7226 1038//7226 1240//7226
f 236//7227 490//7227 608//7227
f 178//7228 417//7228 490//7228
f 123//7229 392//7229 417//7229
f 305//7230 163//7230 439//7230
f 802//7231 439//7231 609//7231
f 1154//7232 1318//7232 1176//7232
f 2778//7233 2949//7233 2860//7233
f 3663//7234 3500//7234 3635//7234
f 3663//7235 3803//7235 3799//7235
f 4456//7236 4190//7236 3986//7236
f 4718//7237 4994//7237 4747//7237
f 3861//7238 3980//7238 3702//7238
f 2853//7239 3023//7239 2953//7239
f 2853//7240 2779//7240 2668//7240
f 2668//7241 2779//7241 2611//7241
f 2668//7242 2611//7242 2466//7242
f 1609//7243 1794//7243 1718//7243
f 1331//7244 1450//7244 1609//7244
f 1149//7245 1194//7245 1321//7245
f 422//7246 185//7246 554//7246
f 317//7247 670//7247 554//7247
f 679//7248 1108//7248 894//7248
f 1108//7249 958//7249 1276//7249
f 1133//7250 1304//7250 1276//7250
f 1698//7251 1884//7251 1704//7251
f 1878//7252 1989//7252 1884//7252
f 1878//7253 2056//7253 1989//7253
f 2142//7254 1989//7254 2056//7254
f 3025//7255 2848//7255 2887//7255
f 2725//7256 2887//7256 2848//7256
f 3780//7257 3694//7257 3542//7257
f 3542//7258 3613//7258 3780//7258
f 3780//7259 3955//7259 3694//7259
f 3955//7260 3843//7260 3694//7260
f 4120//7261 3995//7261 3843//7261
f 4847//7262 4900//7262 4540//7262
f 4664//7263 4957//7263 4739//7263
f 4734//7264 4739//7264 5000//7264
f 4394//7265 4130//7265 4090//7265
f 4130//7266 3915//7266 4090//7266
f 3915//7267 4130//7267 3956//7267
f 3956//7268 3763//7268 3915//7268
f 3632//7269 3763//7269 3776//7269
f 3763//7270 3956//7270 3776//7270
f 3342//7271 3383//7271 3188//7271
f 3213//7272 3026//7272 3188//7272
f 2384//7273 2501//7273 2390//7273
f 2244//7274 2384//7274 2209//7274
f 1531//7275 1677//7275 1472//7275
f 1472//7276 1310//7276 1531//7276
f 1023//7277 692//7277 800//7277
f 594//7278 800//7278 311//7278
f 594//7279 245//7279 458//7279
f 388//7280 458//7280 142//7280
f 387//7281 388//7281 105//7281
f 105//7282 152//7282 387//7282
f 1293//7283 1001//7283 1161//7283
f 2856//7284 2688//7284 2794//7284
f 2794//7285 2968//7285 2856//7285
f 3665//7286 3494//7286 3654//7286
f 3814//7287 3994//7287 3977//7287
f 4862//7288 4677//7288 4550//7288
f 4922//7289 4733//7289 4677//7289
f 4745//7290 4733//7290 4976//7290
f 4686//7291 4745//7291 4919//7291
f 4863//7292 4807//7292 4560//7292
f 4655//7293 4216//7293 4458//7293
f 4010//7294 4216//7294 4485//7294
f 4240//7295 3850//7295 4010//7295
f 4003//7296 3834//7296 3850//7296
f 3509//7297 3482//7297 3320//7297
f 3011//7298 2967//7298 2842//7298
f 2087//7299 1972//7299 2150//7299
f 1805//7300 1972//7300 1910//7300
f 1625//7301 1805//7301 1734//7301
f 1456//7302 1625//7302 1553//7302
f 1239//7303 1390//7303 1166//7303
f 1028//7304 1239//7304 996//7304
f 1028//7305 996//7305 766//7305
f 1028//7306 766//7306 858//7306
f 539//7307 333//7307 858//7307
f 476//7308 613//7308 264//7308
f 363//7309 145//7309 424//7309
f 880//7310 742//7310 1093//7310
f 1251//7311 1151//7311 1395//7311
f 2232//7312 2324//7312 2160//7312
f 2503//7313 2324//7313 2419//7313
f 3812//7314 3640//7314 3643//7314
f 3640//7315 3461//7315 3643//7315
f 4445//7316 4795//7316 4547//7316
f 4667//7317 4547//7317 4860//7317
f 4732//7318 4667//7318 4967//7318
f 3637//7319 3821//7319 3859//7319
f 3168//7320 3177//7320 2999//7320
f 3689//7321 3445//7321 3637//7321
f 3629//7322 3821//7322 3637//7322
f 4439//7323 4339//7323 4732//7323
f 4732//7324 4339//7324 4667//7324
f 4266//7325 4667//7325 4339//7325
f 4547//7326 4667//7326 4266//7326
f 4168//7327 4445//7327 4547//7327
f 4168//7328 4056//7328 4445//7328
f 3640//7329 3551//7329 3400//7329
f 3276//7330 3282//7330 3461//7330
f 2503//7331 2681//7331 2590//7331
f 2324//7332 2503//7332 2357//7332
f 2590//7333 2357//7333 2503//7333
f 2192//7334 2075//7334 2160//7334
f 1859//7335 1783//7335 1935//7335
f 1237//7336 1093//7336 1352//7336
f 880//7337 1093//7337 1237//7337
f 880//6341 1237//6341 1078//6341
f 476//7338 419//7338 807//7338
f 807//7339 909//7339 476//7339
f 909//7340 1045//7340 613//7340
f 858//7341 1208//7341 1028//7341
f 1208//7342 1334//7342 1028//7342
f 1390//7343 1239//7343 1334//7343
f 1486//7344 1642//7344 1456//7344
f 1816//7345 1985//7345 1805//7345
f 1985//7346 2162//7346 1972//7346
f 2317//7347 2150//7347 2162//7347
f 2342//7348 2532//7348 2482//7348
f 3320//7349 3172//7349 3076//7349
f 3320//7350 3238//7350 3509//7350
f 3509//7351 3407//7351 3681//7351
f 3681//7352 3558//7352 3850//7352
f 4458//7353 4153//7353 4560//7353
f 4560//7354 4270//7354 4686//7354
f 4437//7355 4733//7355 4745//7355
f 4138//7356 4446//7356 4550//7356
f 4195//7357 3871//7357 3977//7357
f 3977//7358 3711//7358 3814//7358
f 3814//7359 3570//7359 3665//7359
f 3570//7360 3420//7360 3665//7360
f 3027//7361 2905//7361 2856//7361
f 2856//7362 2738//7362 2688//7362
f 2404//7363 2535//7363 2352//7363
f 1081//7364 625//7364 868//7364
f 387//7365 665//7365 388//7365
f 388//7366 706//7366 458//7366
f 808//7367 594//7367 458//7367
f 924//7368 1051//7368 594//7368
f 1051//7369 1224//7369 800//7369
f 1491//7370 1531//7370 1393//7370
f 1531//7371 1657//7371 1677//7371
f 2244//7372 2354//7372 2384//7372
f 2384//7373 2354//7373 2501//7373
f 3026//7374 3099//7374 3188//7374
f 3099//7375 3256//7375 3188//7375
f 3632//7376 3569//7376 3763//7376
f 3569//7377 3738//7377 3763//7377
f 3738//7378 4090//7378 3915//7378
f 3897//7379 4039//7379 4090//7379
f 4767//7380 4316//7380 4500//7380
f 4165//7381 4289//7381 4500//7381
f 4384//7382 4435//7382 4734//7382
f 4739//7383 4734//7383 4435//7383
f 4435//7384 4365//7384 4739//7384
f 4220//7385 3878//7385 3995//7385
f 3995//7386 3710//7386 3843//7386
f 3710//7387 3574//7387 3843//7387
f 3542//7388 3694//7388 3574//7388
f 3224//7389 3204//7389 3025//7389
f 3025//7390 2901//7390 2848//7390
f 2142//7391 2311//7391 2166//7391
f 1821//7392 1884//7392 1990//7392
f 1444//7393 1490//7393 1276//7393
f 1108//7394 1276//7394 1342//7394
f 1108//7395 1342//7395 1197//7395
f 440//7396 836//7396 552//7396
f 1609//7397 1450//7397 1673//7397
f 1794//7398 2015//7398 1969//7398
f 2668//7399 2466//7399 2517//7399
f 2668//7400 2517//7400 2767//7400
f 3111//7401 3272//7401 3184//7401
f 3591//7402 3741//7402 3702//7402
f 3741//7403 4074//7403 3861//7403
f 4336//7404 4013//7404 4175//7404
f 4433//7405 4718//7405 4747//7405
f 4190//7406 3893//7406 3986//7406
f 3799//7407 3970//7407 3707//7407
f 3201//7408 3363//7408 3232//7408
f 3232//7409 3079//7409 3201//7409
f 3290//7410 3201//7410 3033//7410
f 2860//7411 2939//7411 2710//7411
f 2939//7412 2860//7412 3033//7412
f 1337//7413 1176//7413 1318//7413
f 749//7414 1018//7414 796//7414
f 716//7415 820//7415 417//7415
f 914//7416 608//7416 490//7416
f 1240//7417 1038//7417 1353//7417
f 2761//7418 2777//7418 2596//7418
f 2940//7419 2777//7419 2932//7419
f 2940//7420 2932//7420 3044//7420
f 3265//7421 3357//7421 3194//7421
f 3749//7422 4093//7422 3917//7422
f 4609//7423 4604//7423 4371//7423
f 4431//7424 4754//7424 4609//7424
f 4575//7425 4640//7425 4299//7425
f 4470//7426 4575//7426 4150//7426
f 4450//7427 4262//7427 4055//7427
f 3576//7428 3417//7428 3693//7428
f 2359//7429 2182//7429 2301//7429
f 2182//7430 2001//7430 2127//7430
f 1787//7431 1946//7431 1827//7431
f 1412//7432 1451//7432 1500//7432
f 1347//7433 1245//7433 1412//7433
f 1245//7434 1347//7434 1094//7434
f 1357//7435 1262//7435 1034//7435
f 1438//7436 1262//7436 1504//7436
f 1611//7437 1438//7437 1666//7437
f 1836//7438 1789//7438 1611//7438
f 2408//7439 2228//7439 2368//7439
f 2569//7440 2635//7440 2408//7440
f 2912//7441 3015//7441 2837//7441
f 3846//7442 3703//7442 3614//7442
f 3724//7443 4011//7443 3846//7443
f 4227//7444 4011//7444 3899//7444
f 4527//7445 4291//7445 4628//7445
f 4685//7446 4628//7446 4291//7446
f 4737//7447 4756//7447 4429//7447
f 4429//7448 4376//7448 4737//7448
f 3731//7449 3583//7449 3823//7449
f 3518//7450 3667//7450 3434//7450
f 2948//7451 2753//7451 2787//7451
f 2753//7452 2570//7452 2787//7452
f 2570//7453 2421//7453 2620//7453
f 2200//7454 2059//7454 2235//7454
f 1863//7455 2059//7455 2017//7455
f 1286//7456 1364//7456 1124//7456
f 1364//7457 1209//7457 1124//7457
f 361//7458 390//7458 655//7458
f 1110//7459 773//7459 893//7459
f 2903//7460 2985//7460 2817//7460
f 2985//7461 2903//7461 3129//7461
f 3129//7462 3085//7462 3231//7462
f 3535//7463 3370//7463 3443//7463
f 3684//7464 3535//7464 3443//7464
f 3572//7465 3840//7465 3684//7465
f 4248//7466 4009//7466 3898//7466
f 4472//7467 4687//7467 4248//7467
f 4569//7468 4472//7468 4167//7468
f 4276//7469 4679//7469 4569//7469
f 4679//7470 4345//7470 4736//7470
f 4743//7471 4736//7471 4427//7471
f 4496//7472 4501//7472 4177//7472
f 3925//7473 4083//7473 3889//7473
f 3588//7474 3782//7474 3733//7474
f 3335//7475 3496//7475 3264//7475
f 3166//7476 3335//7476 3264//7476
f 2997//7477 3166//7477 3104//7477
f 2821//7478 2997//7478 2931//7478
f 2762//7479 2656//7479 2821//7479
f 1682//7480 1656//7480 1455//7480
f 555//7481 912//7481 828//7481
f 817//7482 471//7482 412//7482
f 1416//7483 1250//7483 1492//7483
f 1650//7484 1568//7484 1416//7484
f 1741//7485 1568//7485 1650//7485
f 1820//7486 1929//7486 1741//7486
f 1987//7487 2114//7487 1929//7487
f 2165//7488 2322//7488 2114//7488
f 2732//7489 2895//7489 2788//7489
f 2895//7490 3130//7490 2954//7490
f 3075//7491 3325//7491 3130//7491
f 3523//7492 3325//7492 3409//7492
f 3701//7493 3523//7493 3560//7493
f 3715//7494 3940//7494 3701//7494
f 3940//7495 3890//7495 4205//7495
f 4022//7496 4460//7496 4205//7496
f 4678//7497 4558//7497 4279//7497
f 4460//7498 4180//7498 4558//7498
f 4375//7499 4721//7499 4678//7499
f 4678//7500 4279//7500 4375//7500
f 4375//7501 4425//7501 4721//7501
f 4731//7502 4721//7502 4425//7502
f 4731//7503 4425//7503 4385//7503
f 4192//7504 3886//7504 3988//7504
f 3988//7505 3722//7505 3819//7505
f 3373//7506 3398//7506 3262//7506
f 3007//7507 3185//7507 3092//7507
f 2911//7508 2832//7508 3007//7508
f 2005//7509 1953//7509 2117//7509
f 1792//7510 1846//7510 1612//7510
f 1612//7511 1667//7511 1436//7511
f 373//7512 434//7512 733//7512
f 373//7513 660//7513 395//7513
f 499//7514 405//7514 818//7514
f 596//7515 499//7515 908//7515
f 1330//7516 1278//7516 1118//7516
f 1278//7517 1330//7517 1523//7517
f 1523//7518 1443//7518 1278//7518
f 1523//7519 1683//7519 1443//7519
f 1635//7520 1443//7520 1683//7520
f 2573//7521 2758//7521 2614//7521
f 2758//7522 2921//7522 2785//7522
f 3132//7523 2964//7523 2921//7523
f 3100//7524 3302//7524 3132//7524
f 4052//7525 4455//7525 4221//7525
f 4280//7526 4680//7526 4556//7526
f 4753//7527 4680//7527 4347//7527
f 4423//7528 4730//7528 4753//7528
f 4619//7529 4303//7529 4535//7529
f 4215//7530 3879//7530 3991//7530
f 3991//7531 3714//7531 3841//7531
f 3841//7532 3579//7532 3692//7532
f 3414//7533 3393//7533 3541//7533
f 3393//7534 3246//7534 3277//7534
f 3021//7535 2900//7535 2871//7535
f 2735//7536 2531//7536 2730//7536
f 2224//7537 2168//7537 2028//7537
f 1643//7538 1424//7538 1604//7538
f 1424//7539 1528//7539 1256//7539
f 1047//7540 913//7540 778//7540
f 601//7541 913//7541 473//7541
f 830//7542 418//7542 473//7542
f 358//7543 418//7543 725//7543
f 385//7544 358//7544 643//7544
f 804//7545 448//7545 717//7545
f 1391//7546 1152//7546 1339//7546
f 1489//7547 1542//7547 1391//7547
f 1542//7548 1641//7548 1711//7548
f 2124//7549 1963//7549 1995//7549
f 2295//7550 2124//7550 2175//7550
f 2743//7551 2904//7551 2825//7551
f 3725//7552 3919//7552 3756//7552
f 4705//7553 4637//7553 4368//7553
f 4741//7554 4705//7554 4421//7554
f 4421//7555 4359//7555 4741//7555
f 4707//7556 4741//7556 4359//7556
f 4707//7557 4359//7557 4632//7557
f 4632//7558 4302//7558 4536//7558
f 4140//7559 4337//7559 4051//7559
f 3943//7560 4140//7560 3892//7560
f 3764//7561 3943//7561 3748//7561
f 3585//7562 3549//7562 3764//7562
f 3103//7563 2930//7563 3118//7563
f 2930//7564 2815//7564 2963//7564
f 2648//7565 2815//7565 2760//7565
f 2393//7566 2547//7566 2451//7566
f 2451//7567 2378//7567 2245//7567
f 1373//7568 1116//7568 1289//7568
f 973//7569 1116//7569 1241//7569
f 1241//7570 1086//7570 973//7570
f 939//7571 603//7571 775//7571
f 775//7572 1086//7572 939//7572
f 939//7573 803//7573 603//7573
f 430//7574 432//7574 803//7574
f 366//7575 430//7575 732//7575
f 391//7576 366//7576 659//7576
f 1027//7577 1215//7577 1173//7577
f 1173//7578 1340//7578 1288//7578
f 1624//7579 1448//7579 1676//7579
f 2713//7580 2902//7580 2828//7580
f 3202//7581 3067//7581 3069//7581
f 3069//7582 3230//7582 3202//7582
f 3412//7583 3359//7583 3230//7583
f 3673//7584 3563//7584 3852//7584
f 4740//7585 4641//7585 4351//7585
f 4351//7586 4419//7586 4740//7586
f 4551//7587 4146//7587 4462//7587
f 4146//7588 4036//7588 4462//7588
f 4036//7589 3872//7589 4250//7589
f 3927//7590 4095//7590 3872//7590
f 3578//7591 3430//7591 3650//7591
f 3430//7592 3244//7592 3502//7592
f 3339//7593 3244//7593 3164//7593
f 3164//7594 3082//7594 2996//7594
f 2996//7595 2906//7595 2841//7595
f 2000//7596 1961//7596 2131//7596
f 1961//7597 2000//7597 1790//7597
f 1838//7598 1648//7598 1790//7598
f 1508//7599 1327//7599 1589//7599
f 726//7600 381//7600 466//7600
f 381//7601 644//7601 383//7601
f 1368//7602 1247//7602 1030//7602
f 1506//7603 1413//7603 1247//7603
f 1506//7604 1659//7604 1413//7604
f 1754//7605 1584//7605 1659//7605
f 2316//7606 2115//7606 2197//7606
f 2500//7607 2316//7607 2377//7607
f 2915//7608 3114//7608 3000//7608
f 3298//7609 3151//7609 3114//7609
f 3249//7610 3465//7610 3298//7610
f 3642//7611 3465//7611 3424//7611
f 3642//7612 3580//7612 3811//7612
f 3811//7613 3737//7613 3979//7613
f 4026//7614 4461//7614 4219//7614
f 4675//7615 4582//7615 4281//7615
f 4461//7616 4181//7616 4582//7616
f 4675//7617 4281//7617 4340//7617
f 4417//7618 4746//7618 4751//7618
f 3979//7619 3905//7619 4219//7619
f 3151//7620 3000//7620 3114//7620
f 4443//7621 4225//7621 4023//7621
f 1676//7622 1858//7622 1624//7622
f 775//7623 973//7623 1086//7623
f 804//7624 926//7624 560//7624
f 4730//7625 4369//7625 4689//7625
f 4347//7626 4423//7626 4753//7626
f 4455//7627 4166//7627 4556//7627
f 3302//7628 3260//7628 3489//7628
f 1683//7629 1862//7629 1635//7629
f 1792//7630 1953//7630 1846//7630
f 738//7631 817//7631 412//7631
f 715//7632 645//7632 360//7632
f 4345//7633 4427//7633 4736//7633
f 4061//7634 4227//7634 3899//7634
f 4446//7635 4031//7635 4195//7635
f 4437//7636 4372//7636 4733//7636
f 1456//7637 1390//7637 1486//7637
f 424//7638 723//7638 363//7638
f 2741//7639 2590//7639 2681//7639
f 634//7640 517//7640 880//7640
f 1553//7641 1386//7641 1456//7641
f 2663//7642 2842//7642 2799//7642
f 3509//7643 3681//7643 3658//7643
f 4195//7644 4646//7644 4446//7644
f 2626//7645 2794//7645 2688//7645
f 868//7646 625//7646 536//7646
f 2244//7647 2209//7647 2098//7647
f 2877//7648 2704//7648 2840//7648
f 3213//7649 3048//7649 3026//7649
f 2056//7650 2221//7650 2142//7650
f 1794//7651 1969//7651 1899//7651
f 2420//7652 2466//7652 2611//7652
f 1622//7653 1797//7653 1787//7653
f 2620//7654 2421//7654 2437//7654
f 1574//7655 1402//7655 1626//7655
f 4532//7656 4728//7656 4328//7656
f 4205//7657 4460//7657 4659//7657
f 272//7658 342//7658 591//7658
f 4556//7659 4680//7659 4889//7659
f 190//7660 131//7660 448//7660
f 3380//7661 3223//7661 3227//7661
f 3774//7662 3609//7662 3600//7662
f 4140//7663 3943//7663 4399//7663
f 1288//7664 1127//7664 1173//7664
f 4462//7665 4775//7665 4551//7665
f 2314//7666 2389//7666 2488//7666
f 4187//7667 4448//7667 4005//7667
f 2449//7668 2514//7668 2638//7668
f 744//7669 667//7669 544//7669
f 2807//7670 2944//7670 2943//7670
f 4507//7671 4605//7671 4183//7671
f 4379//7672 4387//7672 4439//7672
f 4440//7673 4439//7673 4387//7673
f 2283//7674 2154//7674 2287//7674
f 1777//7675 1856//7675 1943//7675
f 1462//7676 1646//7676 1418//7676
f 280//7677 288//7677 470//7677
f 541//7678 745//7678 386//7678
f 873//7679 745//7679 541//7679
f 873//7680 541//7680 676//7680
f 952//7681 1126//7681 1019//7681
f 1126//7682 1119//7682 1273//7682
f 1417//7683 1273//7683 1119//7683
f 1546//7684 1417//7684 1295//7684
f 1546//7685 1481//7685 1636//7685
f 1636//7686 1709//7686 1796//7686
f 1897//7687 2069//7687 1944//7687
f 2099//7688 1944//7688 2069//7688
f 1796//7689 1897//7689 1944//7689
f 2069//7690 2230//7690 2099//7690
f 2674//7691 2494//7691 2642//7691
f 3338//7692 3273//7692 3135//7692
f 3857//7693 3796//7693 3675//7693
f 3857//7694 4075//7694 3796//7694
f 4091//7695 3932//7695 4255//7695
f 4388//7696 4208//7696 4510//7696
f 4388//7697 4692//7697 4499//7697
f 4821//7698 4626//7698 4499//7698
f 4626//7699 4876//7699 4643//7699
f 4916//7700 4669//7700 4727//7700
f 4669//7701 4916//7701 4616//7701
f 4636//7702 4211//7702 4406//7702
f 4077//7703 4211//7703 4468//7703
f 4077//7704 4213//7704 3920//7704
f 3920//7705 3987//7705 3781//7705
f 3644//7706 3646//7706 3510//7706
f 3646//7707 3471//7707 3510//7707
f 3203//7708 3354//7708 3301//7708
f 3203//7709 3301//7709 3124//7709
f 3124//7710 3131//7710 2986//7710
f 2407//7711 2509//7711 2422//7711
f 2266//7712 2407//7712 2237//7712
f 2237//7713 2066//7713 2266//7713
f 1958//7714 2106//7714 2066//7714
f 1726//7715 1707//7715 1808//7715
f 1544//7716 1707//7716 1726//7716
f 1570//7717 1707//7717 1544//7717
f 1544//7718 1376//7718 1570//7718
f 1271//7719 1419//7719 1157//7719
f 985//7720 1112//7720 1271//7720
f 1271//7721 1157//7721 985//7721
f 1112//7722 750//7722 1020//7722
f 1020//7723 750//7723 866//7723
f 866//7724 526//7724 669//7724
f 153//7725 356//7725 425//7725
f 352//7726 356//7726 106//7726
f 352//7727 147//7727 415//7727
f 147//7728 416//7728 415//7728
f 211//7729 491//7729 416//7729
f 491//7730 267//7730 583//7730
f 534//7731 759//7731 869//7731
f 995//7732 1147//7732 1017//7732
f 1147//7733 995//7733 1283//7733
f 1165//7734 1434//7734 1283//7734
f 1387//7735 1583//7735 1434//7735
f 1803//7736 1724//7736 1731//7736
f 1909//7737 1947//7737 1803//7737
f 2101//7738 1947//7738 1909//7738
f 2101//7739 2080//7739 2241//7739
f 2241//7740 2248//7740 2334//7740
f 2667//7741 2492//7741 2625//7741
f 2797//7742 2829//7742 2667//7742
f 2966//7743 2984//7743 2829//7743
f 3140//7744 3136//7744 2984//7744
f 3308//7745 3293//7745 3136//7745
f 3480//7746 3454//7746 3293//7746
f 3662//7747 3454//7747 3657//7747
f 3833//7748 3810//7748 3662//7748
f 4482//7749 4245//7749 4094//7749
f 4389//7750 4245//7750 4656//7750
f 4528//7751 4389//7751 4806//7751
f 4871//7752 4672//7752 4584//7752
f 4920//7753 4748//7753 4672//7753
f 4748//7754 4979//7754 4757//7754
f 4610//7755 4676//7755 4872//7755
f 4509//7756 4610//7756 4802//7756
f 4226//7757 4414//7757 4650//7757
f 4082//7758 4226//7758 4480//7758
f 4235//7759 3922//7759 4082//7759
f 3922//7760 3996//7760 3784//7760
f 3829//7761 3641//7761 3784//7761
f 3641//7762 3829//7762 3656//7762
f 3346//7763 3508//7763 3481//7763
f 3195//7764 3143//7764 3068//7764
f 3143//7765 2981//7765 3068//7765
f 2971//7766 2834//7766 2981//7766
f 2971//7767 2792//7767 2834//7767
f 2515//7768 2443//7768 2426//7768
f 2443//7769 2253//7769 2426//7769
f 2121//7770 2290//7770 2253//7770
f 1964//7771 2121//7771 2081//7771
f 1911//7772 1813//7772 1964//7772
f 1720//7773 1813//7773 1742//7773
f 1742//7774 1550//7774 1720//7774
f 1163//7775 1272//7775 1428//7775
f 1177//7776 1272//7776 999//7776
f 763//7777 872//7777 1022//7777
f 872//7778 538//7778 771//7778
f 538//7779 336//7779 771//7779
f 444//7780 494//7780 205//7780
f 205//7781 146//7781 444//7781
f 146//7782 104//7782 369//7782
f 370//7783 369//7783 104//7783
f 370//7784 104//7784 375//7784
f 409//7785 375//7785 143//7785
f 409//7786 196//7786 472//7786
f 576//7787 314//7787 666//7787
f 314//7788 509//7788 666//7788
f 509//7789 682//7789 863//7789
f 863//7790 682//7790 1107//7790
f 968//7791 1264//7791 1107//7791
f 1138//7792 1415//7792 1264//7792
f 1560//7793 1311//7793 1473//7793
f 1311//7794 1560//7794 1415//7794
f 1870//7795 2043//7795 1948//7795
f 2213//7796 2240//7796 2100//7796
f 2213//7797 2337//7797 2240//7797
f 2394//7798 2498//7798 2337//7798
f 2498//7799 2549//7799 2666//7799
f 2883//7800 2960//7800 2816//7800
f 2960//7801 3052//7801 3045//7801
f 3052//7802 3217//7802 3045//7802
f 3341//7803 3191//7803 3385//7803
f 3341//7804 3385//7804 3487//7804
f 3630//7805 3487//7805 3603//7805
f 3603//7806 3783//7806 3630//7806
f 3783//7807 3755//7807 3630//7807
f 4065//7808 3863//7808 4127//7808
f 3755//7809 3958//7809 3863//7809
f 4129//7810 4563//7810 4321//7810
f 4772//7811 4471//7811 4321//7811
f 4772//7812 4836//7812 4471//7812
f 4666//7813 4537//7813 4836//7813
f 4666//7814 4892//7814 4690//7814
f 4955//7815 4717//7815 4714//7815
f 4891//7816 4621//7816 4717//7816
f 4848//7817 4777//7817 4541//7817
f 4621//7818 4848//7818 4541//7818
f 4466//7819 4777//7819 4320//7819
f 4320//7820 4578//7820 4133//7820
f 4133//7821 4402//7821 4006//7821
f 4006//7822 4121//7822 3862//7822
f 3862//7823 3954//7823 3757//7823
f 3954//7824 3786//7824 3757//7824
f 3467//7825 3627//7825 3615//7825
f 3467//7826 3378//7826 3200//7826
f 3226//7827 3040//7827 3200//7827
f 3040//7828 3226//7828 3060//7828
f 2572//7829 2495//7829 2665//7829
f 2398//7830 2214//7830 2383//7830
f 2096//7831 2242//7831 2214//7831
f 1952//7832 2096//7832 1872//7832
f 1632//7833 1471//7833 1545//7833
f 1263//7834 1414//7834 1128//7834
f 1128//7835 957//7835 1263//7835
f 678//7836 986//7836 1111//7836
f 507//7837 848//7837 986//7837
f 507//7838 309//7838 848//7838
f 548//7839 626//7839 309//7839
f 454//7840 548//7840 241//7840
f 183//7841 397//7841 454//7841
f 139//7842 359//7842 397//7842
f 362//7843 359//7843 102//7843
f 359//7844 139//7844 102//7844
f 195//7845 433//7845 408//7845
f 254//7846 431//7846 433//7846
f 769//7847 635//7847 307//7847
f 518//7848 798//7848 769//7848
f 746//7849 977//7849 1033//7849
f 1146//7850 1324//7850 1317//7850
f 1606//7851 1449//7851 1532//7851
f 1772//7852 1606//7852 1712//7852
f 1892//7853 2034//7853 1905//7853
f 1892//7854 2060//7854 2034//7854
f 2141//7855 2034//7855 2060//7855
f 2141//7856 2233//7856 2303//7856
f 2233//7857 2413//7857 2303//7857
f 2606//7858 2639//7858 2463//7858
f 2639//7859 2775//7859 2852//7859
f 3014//7860 2852//7860 2946//7860
f 3162//7861 3014//7861 3122//7861
f 3304//7862 3162//7862 3292//7862
f 3464//7863 3448//7863 3304//7863
f 3448//7864 3636//7864 3536//7864
f 3536//7865 3802//7865 3690//7865
f 3690//7866 3975//7866 3804//7866
f 3804//7867 3975//7867 3974//7867
f 3974//7868 4198//7868 4104//7868
f 4224//7869 4620//7869 4410//7869
f 4787//7870 4410//7870 4620//7870
f 4909//7871 4668//7871 4587//7871
f 4964//7872 4710//7872 4668//7872
f 4995//7873 4724//7873 4755//7873
f 4910//7874 4663//7874 4959//7874
f 4631//7875 4663//7875 4910//7875
f 4631//7876 4855//7876 4519//7876
f 4519//7877 4789//7877 4382//7877
f 4789//7878 4625//7878 4382//7878
f 4098//7879 4247//7879 4454//7879
f 3936//7880 4098//7880 4193//7880
f 3976//7881 3818//7881 3936//7881
f 3801//7882 3532//7882 3674//7882
f 3634//7883 3375//7883 3532//7883
f 3291//7884 3375//7884 3460//7884
f 3460//7885 3287//7885 3291//7885
f 3154//7886 3291//7886 3287//7886
f 3009//7887 3154//7887 3121//7887
f 2947//7888 2859//7888 3009//7888
f 2776//7889 2702//7889 2859//7889
f 2464//7890 2617//7890 2608//7890
f 2464//7891 2415//7891 2305//7891
f 2415//7892 2234//7892 2305//7892
f 2062//7893 1894//7893 2024//7893
f 1894//7894 1715//7894 1900//7894
f 1715//7895 1534//7895 1758//7895
f 1534//7896 1323//7896 1596//7896
f 1323//7897 1320//7897 1447//7897
f 1320//7898 1148//7898 1188//7898
f 1042//7899 1188//7899 981//7899
f 891//7900 743//7900 520//7900
f 1042//7901 743//7901 891//7901
f 780//7902 891//7902 520//7902
f 326//7903 611//7903 780//7903
f 326//7904 256//7904 611//7904
f 256//7905 198//7905 519//7905
f 398//7906 456//7906 198//7906
f 198//7907 164//7907 398//7907
f 350//7908 398//7908 164//7908
f 164//7909 100//7909 350//7909
f 100//7910 374//7910 350//7910
f 374//7911 100//7911 124//7911
f 420//7912 374//7912 124//7912
f 455//7913 420//7913 179//7913
f 577//7914 455//7914 253//7914
f 253//7915 327//7915 577//7915
f 633//7916 327//7916 844//7916
f 844//7917 525//7917 978//7917
f 978//7918 768//7918 1109//7918
f 768//7919 998//7919 1109//7919
f 1400//7920 1253//7920 1174//7920
f 1526//7921 1400//7921 1394//7921
f 1567//7922 1617//7922 1526//7922
f 1567//7923 1748//7923 1617//7923
f 1786//7924 1617//7924 1748//7924
f 2328//7925 2227//7925 2281//7925
f 2328//7926 2465//7926 2485//7926
f 3029//7927 2874//7927 2990//7927
f 3158//7928 3183//7928 3029//7928
f 3183//7929 3322//7929 3329//7929
f 3470//7930 3329//7930 3507//7930
f 3329//7931 3322//7931 3507//7931
f 3679//7932 3619//7932 3470//7932
f 3847//7933 3699//7933 3849//7933
f 4071//7934 3984//7934 3847//7934
f 3984//7935 4258//7935 4110//7935
f 4110//7936 4515//7936 4312//7936
f 4467//7937 4312//7937 4697//7937
f 4467//7938 4827//7938 4529//7938
f 4615//7939 4529//7939 4827//7939
f 4827//7940 4883//7940 4615//7940
f 4716//7941 4903//7941 4642//7941
f 4545//7942 4642//7942 4851//7942
f 4785//7943 4334//7943 4545//7943
f 4611//7944 4197//7944 4334//7944
f 4062//7945 4197//7945 4449//7945
f 3918//7946 4062//7946 4182//7946
f 3918//7947 3960//7947 3779//7947
f 3779//7948 3788//7948 3638//7948
f 3788//7949 3597//7949 3638//7949
f 3597//7950 3490//7950 3638//7950
f 3377//7951 3333//7951 3490//7951
f 3377//7952 3206//7952 3333//7952
f 3206//7953 3038//7953 3178//7953
f 3038//7954 2864//7954 3019//7954
f 2771//7955 2864//7955 2865//7955
f 2621//7956 2771//7956 2694//7956
f 2145//7957 2306//7957 2140//7957
f 2029//7958 2145//7958 1966//7958
f 1907//7959 2029//7959 1795//7959
f 1780//7960 1907//7960 1795//7960
f 1103//7961 1244//7961 1010//7961
f 1103//7962 782//7962 947//7962
f 782//7963 551//7963 947//7963
f 551//7964 354//7964 850//7964
f 566//7965 278//7965 461//7965
f 220//7966 399//7966 461//7966
f 161//7967 371//7967 399//7967
f 348//7968 371//7968 98//7968
f 371//7969 161//7969 98//7969
f 423//7970 348//7970 148//7970
f 213//7971 445//7971 423//7971
f 423//7972 148//7972 213//7972
f 569//7973 445//7973 262//7973
f 332//7974 531//7974 630//7974
f 531//7975 1002//7975 859//7975
f 1121//7976 1002//7976 993//7976
f 1425//7977 1266//7977 1168//7977
f 1168//7978 1381//7978 1425//7978
f 1381//7979 1572//7979 1425//7979
f 1572//7980 1381//7980 1556//7980
f 1735//7981 1913//7981 1806//7981
f 1913//7982 2083//7982 1955//7982
f 2103//7983 2083//7983 2246//7983
f 2438//7984 2504//7984 2405//7984
f 2504//7985 2627//7985 2670//7985
f 2627//6458 2801//6458 2670//6458
f 2801//7986 2972//7986 2818//7986
f 2972//7987 3144//7987 2955//7987
f 3043//7988 3144//7988 3189//7988
f 3345//7989 3189//7989 3312//7989
f 3345//7990 3488//7990 3503//7990
f 3647//7991 3503//7991 3664//7991
f 3664//7992 3832//7992 3647//7992
f 3997//7993 3971//7993 3808//7993
f 4102//7994 3971//7994 4232//7994
f 4102//7995 4478//7995 4261//7995
f 4261//7996 4651//7996 4415//7996
f 4651//7997 4804//7997 4415//7997
f 4865//7998 4627//7998 4538//7998
f 4681//7999 4627//7999 4927//7999
f 4735//8000 4681//8000 4927//8000
f 4759//8001 4735//8001 4978//8001
f 4709//8002 4759//8002 4973//8002
f 4973//8003 4917//8003 4709//8003
f 4917//8004 4638//8004 4709//8004
f 4583//8005 4638//8005 4869//8005
f 4638//8006 4917//8006 4869//8006
f 4583//8007 4810//8007 4498//8007
f 4810//8008 4658//8008 4498//8008
f 4196//8009 4333//8009 4484//8009
f 4196//8010 4484//8010 4053//8010
f 3651//8011 3794//8011 3830//8011
f 3939//8012 3999//8012 3794//8012
f 3520//8013 3651//8013 3660//8013
f 3520//8014 3485//8014 3362//8014
f 3485//8015 3317//8015 3362//8015
f 3317//8016 3133//8016 3208//8016
f 3142//8017 2991//8017 3133//8017
f 2991//8018 2974//8018 2843//8018
f 2843//8019 2802//8019 2687//8019
f 2445//8020 2431//8020 2520//8020
f 2445//8021 2258//8021 2431//8021
f 2126//8022 2291//8022 2258//8022
f 2126//8023 2071//8023 1970//8023
f 1861//8024 1738//8024 1725//8024
f 1725//8025 1554//8025 1564//8025
f 1410//8026 1162//8026 1254//8026
f 1254//8027 990//8027 1104//8027
f 990//8028 760//8028 1104//8028
f 851//8029 945//8029 533//8029
f 533//8030 331//8030 851//8030
f 265//8031 559//8031 621//8031
f 559//8032 265//8032 460//8032
f 460//8033 204//8033 396//8033
f 134//8034 357//8034 96//8034
f 134//8035 209//8035 401//8035
f 209//8036 275//8036 463//8036
f 275//8037 619//8037 557//8037
f 619//8038 344//8038 789//8038
f 789//8039 550//8039 951//8039
f 777//8040 1007//8040 1095//8040
f 1184//8041 1326//8041 1243//8041
f 1184//8042 1405//8042 1326//8042
f 1607//8043 1453//8043 1405//8043
f 1774//8044 1607//8044 1577//8044
f 2094//8045 2152//8045 2052//8045
f 2310//8046 2152//8046 2265//8046
f 2265//8047 2424//8047 2310//8047
f 2471//8048 2605//8048 2636//8048
f 2774//8049 2768//8049 2605//8049
f 2774//8050 2945//8050 2768//8050
f 3017//8051 2862//8051 2945//8051
f 3169//8052 3288//8052 3303//8052
f 3449//8053 3303//8053 3452//8053
f 3697//8054 3548//8054 3705//8054
f 4252//8055 4201//8055 4015//8055
f 4201//8056 4506//8056 4329//8056
f 4329//8057 4691//8057 4475//8057
f 4879//8058 4662//8058 4555//8058
f 4935//8059 4720//8059 4662//8059
f 4990//8060 4671//8060 4720//8060
f 3989//8061 4123//8061 3851//8061
f 3754//8062 3793//8062 3616//8062
f 3623//8063 3402//8063 3468//8063
f 3182//8064 3332//8064 3210//8064
f 3182//8065 3210//8065 3032//8065
f 3032//8066 3042//8066 2890//8066
f 2475//8067 2647//8067 2512//8067
f 1975//8068 2130//8068 2105//8068
f 1939//8069 1890//8069 1975//8069
f 1770//8070 1750//8070 1890//8070
f 1770//8071 1581//8071 1750//8071
f 1442//8072 1592//8072 1409//8072
f 1191//8073 1298//8073 1442//8073
f 1191//8074 1182//8074 1298//8074
f 1013//8075 1041//8075 1182//8075
f 784//8076 888//8076 1041//8076
f 888//8077 558//8077 787//8077
f 558//8078 355//8078 787//8078
f 528//8079 610//8079 279//8079
f 450//8080 528//8080 218//8080
f 450//8081 218//8081 404//8081
f 376//8082 404//8082 160//8082
f 160//8083 94//8083 376//8083
f 94//8084 349//8084 376//8084
f 349//8085 157//8085 429//8085
f 496//8086 429//8086 216//8086
f 496//8087 274//8087 604//8087
f 1039//8088 896//8088 761//8088
f 1039//8089 992//8089 1185//8089
f 992//8090 1160//8090 1185//8090
f 1300//8091 1383//8091 1446//8091
f 1383//8092 1594//8092 1446//8092
f 1557//8093 1755//8093 1594//8093
f 1737//8094 1901//8094 1755//8094
f 1737//8095 1917//8095 1901//8095
f 2137//8096 1980//8096 2077//8096
f 2300//8097 2137//8097 2257//8097
f 2441//8098 2454//8098 2300//8098
f 2454//8099 2441//8099 2597//8099
f 2597//8100 2629//8100 2696//8100
f 2696//8101 2800//8101 2855//8101
f 3153//8102 3006//8102 3147//8102
f 3153//8103 3147//8103 3309//8103
f 3309//8104 3289//8104 3153//8104
f 3479//8105 3397//8105 3289//8105
f 3397//8106 3655//8106 3530//8106
f 3682//8107 3530//8107 3655//8107
f 4241//8108 3957//8108 4008//8108
f 3813//8109 4008//8109 3957//8109
f 4241//8110 4096//8110 3957//8110
f 4096//8111 4241//8111 4481//8111
f 4481//8112 4228//8112 4096//8112
f 4444//8113 4228//8113 4654//8113
f 4512//8114 4444//8114 4811//8114
f 4873//8115 4670//8115 4601//8115
f 4923//8116 4742//8116 4670//8116
f 4926//8117 4868//8117 4644//8117
f 4652//8118 4325//8118 4493//8118
f 4189//8119 4325//8119 4487//8119
f 4239//8120 3921//8120 4064//8120
f 4004//8121 3787//8121 3921//8121
f 3787//8122 3836//8122 3648//8122
f 3648//8123 3661//8123 3512//8123
f 3661//8124 3486//8124 3512//8124
f 3648//8125 3836//8125 3661//8125
f 3348//8126 3512//8126 3486//8126
f 3146//8127 2978//8127 3065//8127
f 3199//8128 3146//8128 3065//8128
f 2976//8129 2833//8129 2978//8129
f 2833//8130 2803//8130 2676//8130
f 2510//8131 2442//8131 2411//8131
f 2442//8132 2254//8132 2411//8132
f 2254//8133 2082//8133 2273//8133
f 2082//8134 1956//8134 2109//8134
f 1801//8135 1956//8135 1912//8135
f 1801//8136 1732//8136 1702//8136
f 1269//8137 1420//8137 1158//8137
f 988//8138 1115//8138 1269//8138
f 1115//8139 757//8139 1006//8139
f 757//8140 535//8140 1006//8140
f 637//8141 874//8141 535//8141
f 637//8142 340//8142 584//8142
f 201//8143 421//8143 469//8143
f 421//8144 201//8144 151//8144
f 151//8145 368//8145 421//8145
f 347//8146 368//8146 92//8146
f 347//8147 130//8147 402//8147
f 130//8148 426//8148 402//8148
f 191//8149 497//8149 426//8149
f 497//8150 243//8150 589//8150
f 589//8151 306//8151 772//8151
f 684//8152 967//8152 1024//8152
f 1131//8153 1280//8153 1143//8153
f 1307//8154 1432//8154 1280//8154
f 1307//8155 1585//8155 1432//8155
f 1585//8156 1465//8156 1729//8156
f 2208//8157 2120//8157 2038//8157
f 1962//8158 2038//8158 2120//8158
f 2284//8159 2120//8159 2208//8159
f 2516//8160 2425//8160 2526//8160
f 2526//8161 2684//8161 2516//8161
f 2715//8162 2845//8162 2684//8162
f 2876//8163 2993//8163 2845//8163
f 3047//8164 3134//8164 2993//8164
f 3134//8165 3212//8165 3233//8165
f 3233//8166 3382//8166 3368//8166
f 3768//8167 3672//8167 3527//8167
f 3672//8168 3947//8168 3800//8168
f 3926//8169 3800//8169 3947//8169
f 4212//8170 4088//8170 4391//8170
f 4212//8171 4561//8171 4407//8171
f 4407//8172 4771//8172 4503//8172
f 4665//8173 4602//8173 4898//8173
f 4700//8174 4665//8174 4945//8174
f 4700//8175 4945//8175 4761//8175
f 4715//8176 4761//8176 5002//8176
f 4695//8177 4950//8177 4902//8177
f 4950//8178 4695//8178 4715//8178
f 4902//8179 4614//8179 4695//8179
f 4902//8180 4834//8180 4614//8180
f 4401//8181 4103//8181 4246//8181
f 3963//8182 4103//8182 4114//8182
f 3963//8183 4114//8183 3839//8183
f 3945//8184 3691//8184 3839//8184
f 3539//8185 3691//8185 3778//8185
f 3539//8186 3606//8186 3394//8186
f 3394//8187 3391//8187 3296//8187
f 3391//8188 3221//8188 3296//8188
f 3058//8189 3008//8189 3160//8189
f 3008//8190 2885//8190 2854//8190
f 2885//8191 2703//8191 2854//8191
f 2613//8192 2703//8192 2724//8192
f 2455//8193 2613//8193 2583//8193
f 2219//8194 2132//8194 2299//8194
f 2132//8195 2219//8195 2049//8195
f 1974//8196 1877//8196 1895//8196
f 1691//8197 1463//8197 1749//8197
f 1463//8198 1302//8198 1591//8198
f 1441//8199 1302//8199 1299//8199
f 1137//8200 1178//8200 1299//8200
f 962//8201 1026//8201 1178//8201
f 250//8202 522//8202 599//8202
f 182//8203 437//8203 522//8203
f 140//8204 414//8204 437//8204
f 133//8205 389//8205 90//8205
f 446//8206 389//8206 188//8206
f 446//8207 188//8207 447//8207
f 313//8208 748//8208 606//8208
f 748//8209 505//8209 885//8209
f 1156//8210 1035//8210 964//8210
f 1156//8211 1129//8211 1290//8211
f 1290//8212 1129//8212 1433//8212
f 1301//8213 1588//8213 1433//8213
f 1588//8214 1466//8214 1744//8214
f 1887//8215 1744//8215 1690//8215
f 1973//8216 1887//8216 1869//8216
f 1973//8217 1869//8217 2044//8217
f 2212//8218 2293//8218 2125//8218
f 2592//8219 2434//8219 2545//8219
f 2293//8220 2391//8220 2434//8220
f 2849//8221 2879//8221 3001//8221
f 3049//8222 3148//8222 3001//8222
f 3214//8223 3281//8223 3148//8223
f 3281//8224 3214//8224 3387//8224
f 3387//8225 3374//8225 3281//8225
f 3374//8226 3602//8226 3531//8226
f 3680//8227 3531//8227 3770//8227
f 3531//8228 3602//8228 3770//8228
f 3952//8229 3815//8229 3680//8229
f 4113//8230 3938//8230 3815//8230
f 4113//8231 4097//8231 3938//8231
f 4773//8232 4514//8232 4331//8232
f 4839//8233 4585//8233 4514//8233
f 4711//8234 4649//8234 4949//8234
f 5005//8235 4758//8235 4949//8235
f 4729//8236 4758//8236 5005//8236
f 4622//8237 4674//8237 4890//8237
f 4518//8238 4622//8238 4844//8238
f 4779//8239 4413//8239 4518//8239
f 4518//8240 4844//8240 4779//8240
f 4249//8241 4413//8241 4576//8241
f 4413//8242 4779//8242 4576//8242
f 4099//8243 4249//8243 4403//8243
f 3961//8244 4099//8244 4403//8244
f 3961//8245 4122//8245 3816//8245
f 3688//8246 3816//8246 3951//8246
f 3773//8247 3533//8247 3688//8247
f 3773//8248 3611//8248 3533//8248
f 3159//8249 3297//8249 3220//8249
f 3055//8250 3010//8250 3159//8250
f 2884//8251 2858//8251 3010//8251
f 2700//8252 2858//8252 2722//8252
f 2700//8253 2722//8253 2595//8253
f 2595//8254 2571//8254 2433//8254
f 2397//8255 2285//8255 2433//8255
f 2119//8256 2285//8256 2218//8256
f 2119//8257 2047//8257 1965//8257
f 1719//8258 1855//8258 1697//8258
f 1719//8259 1477//8259 1580//8259
f 1312//8260 1430//8260 1580//8260
f 1141//8261 1279//8261 1430//8261
f 1155//8262 1279//8262 965//8262
f 965//8263 1025//8263 1155//8263
f 691//8264 875//8264 1025//8264
f 515//8265 321//8265 754//8265
f 489//4180 600//4180 249//4180
f 436//8266 489//8266 181//8266
f 129//8267 380//8267 436//8267
f 88//8268 364//8268 380//8268
f 377//8269 364//8269 88//8269
f 144//8270 194//8270 377//8270
f 457//8271 377//8271 194//8271
f 240//8272 310//8272 574//8272
f 310//8273 793//8273 624//8273
f 793//8274 501//8274 974//8274
f 1105//8275 974//8275 688//8275
f 1255//8276 1134//8276 1398//8276
f 1398//8277 1309//8277 1529//8277
f 1309//8278 1476//8278 1529//8278
f 1945//8279 1793//8279 1876//8279
f 2045//8280 2092//8280 1945//8280
f 2045//8281 2231//8281 2092//8281
f 2231//8282 2217//8282 2332//8282
f 2396//8283 2491//8283 2332//8283
f 2664//8284 2491//8284 2563//8284
f 2664//8285 2721//8285 2809//8285
f 2721//8286 2872//8286 2809//8286
f 3056//8287 3062//8287 2952//8287
f 3193//8288 3062//8288 3222//8288
f 3344//8289 3193//8289 3392//8289
f 3392//8290 3607//8290 3344//8290
f 3607//8291 3631//8291 3474//8291
f 3607//8292 3765//8292 3631//8292
f 3765//8293 3751//8293 3631//8293
f 3864//8294 3751//8294 3934//8294
f 3751//8295 3765//8295 3934//8295
f 3992//8296 3864//8296 4125//8296
f 3934//8297 4125//8297 3864//8297
f 4139//8298 3992//8298 4395//8298
f 4566//8299 4259//8299 4139//8299
f 4566//8300 4464//8300 4259//8300
f 4464//8301 4774//8301 4533//8301
f 4893//8302 4633//8302 4841//8302
f 4533//8303 4841//8303 4633//8303
f 4744//8304 4713//8304 4942//8304
f 4942//8305 4998//8305 4744//8305
f 4762//8306 4744//8306 4998//8306
f 4762//8307 4956//8307 4696//8307
f 4956//8308 4899//8308 4696//8308
f 4579//8309 4639//8309 4899//8309
f 4846//8310 4497//8310 4579//8310
f 4765//8311 4330//8311 4497//8311
f 4200//8312 4330//8312 4570//8312
f 4570//8313 4408//8313 4200//8313
f 3696//8314 3769//8314 3544//8314
f 3218//8315 3175//8315 3318//8315
f 3022//8316 3175//8316 3053//8316
f 2867//8317 3022//8317 2881//8317
f 2867//8318 2881//8318 2780//8318
f 2780//8319 2719//8319 2645//8319
f 2041//8320 2061//8320 2158//8320
f 1867//8321 1925//8321 2061//8321
f 1775//8322 1925//8322 1688//8322
f 1399//8323 1457//8323 1315//8323
f 1399//8324 1315//8324 1136//8324
f 681//8325 943//8325 1099//8325
f 510//8326 790//8326 943//8326
f 620//8327 790//8327 312//8327
f 547//8328 620//8328 237//8328
f 547//8329 237//8329 451//8329
f 406//8330 451//8330 184//8330
f 365//8331 343//8331 86//8331
f 403//8332 365//8332 167//8332
f 365//8333 86//8333 167//8333
f 367//8334 629//8334 281//8334
f 570//8335 954//8335 794//8335
f 954//8336 786//8336 1102//8336
f 1397//8337 1248//8337 1186//8337
f 1522//8338 1397//8338 1401//8338
f 1565//8339 1745//8339 1615//8339
f 1931//8340 1784//8340 1745//8340
f 2058//8341 1931//8341 1924//8341
f 2058//8342 2089//8342 2156//8342
f 2320//8343 2456//8343 2483//8343
f 2483//8344 2456//8344 2644//8344
f 2644//8345 2660//8345 2483//8345
f 2790//8346 2660//8346 2819//8346
f 2660//8347 2644//8347 2819//8347
f 2995//8348 3028//8348 2873//8348
f 3028//8349 2995//8349 3165//8349
f 3165//8350 3181//8350 3028//8350
f 3181//8351 3165//8351 3334//8351
f 3514//8352 3472//8352 3326//8352
f 3472//8353 3683//8353 3547//8353
f 3683//8354 3695//8354 3547//8354
f 3853//8355 3695//8355 3855//8355
f 3990//8356 3853//8356 4076//8356
f 3990//8357 4263//8357 4134//8357
f 4134//8358 4521//8358 4319//8358
f 4704//8359 4319//8359 4521//8359
f 4704//8360 4508//8360 4319//8360
f 4936//8361 4991//8361 4793//8361
f 955//8362 1003//8362 1125//8362
f 2339//8363 2467//8363 2519//8363
f 4134//8364 4319//8364 3982//8364
f 4134//8365 3982//8365 3990//8365
f 3499//8366 3547//8366 3695//8366
f 3499//8367 3323//8367 3547//8367
f 3326//8368 3161//8368 3181//8368
f 2403//8369 2289//8369 2320//8369
f 1880//8370 1681//8370 1784//8370
f 1615//8371 1784//8371 1681//8371
f 1397//8372 1522//8372 1484//8372
f 1322//8373 1248//8373 1397//8373
f 1181//8374 1102//8374 1322//8374
f 1248//8375 1322//8375 1102//8375
f 1181//8376 954//8376 1102//8376
f 794//8377 954//8377 1036//8377
f 462//8378 573//8378 799//8378
f 799//8379 403//8379 462//8379
f 365//8380 403//8380 696//8380
f 365//8381 664//8381 343//8381
f 343//8382 739//8382 406//8382
f 739//8383 451//8383 406//8383
f 451//8384 849//8384 547//8384
f 620//8385 547//8385 942//8385
f 1087//8386 790//8386 620//8386
f 790//8387 1087//8387 943//8387
f 1399//8388 1249//8388 1525//8388
f 1399//8389 1525//8389 1457//8389
f 1857//8390 1925//8390 1775//8390
f 1679//8391 1857//8391 1610//8391
f 2061//8392 2027//8392 2206//8392
f 1925//8393 2027//8393 2061//8393
f 2206//8394 2158//8394 2061//8394
f 2319//8395 2158//8395 2385//8395
f 2158//8396 2206//8396 2385//8396
f 2319//8397 2385//8397 2480//8397
f 2867//8398 2936//8398 3022//8398
f 3022//8399 3113//8399 3175//8399
f 3274//8400 3318//8400 3175//8400
f 3318//8401 3274//8401 3457//8401
f 3596//8402 3696//8402 3544//8402
f 3696//8403 3596//8403 3848//8403
f 4007//8404 3848//8404 3753//8404
f 4007//8405 3913//8405 4200//8405
f 3913//8406 4054//8406 4200//8406
f 4054//8407 4184//8407 4330//8407
f 4309//8408 4380//8408 4639//8408
f 4380//8409 4418//8409 4696//8409
f 4762//8410 4418//8410 4744//8410
f 4378//8411 4713//8411 4744//8411
f 4744//8412 4418//8412 4378//8412
f 4633//8413 4713//8413 4378//8413
f 4633//8414 4378//8414 4296//8414
f 4047//8415 4259//8415 4464//8415
f 4047//8416 3884//8416 4259//8416
f 3864//8417 3992//8417 3745//8417
f 3751//8418 3864//8418 3745//8418
f 3751//8419 3593//8419 3631//8419
f 3474//8420 3631//8420 3431//8420
f 3279//8421 3344//8421 3474//8421
f 3193//8422 3344//8422 3279//8422
f 3193//8423 3279//8423 3066//8423
f 2809//8424 2952//8424 2926//8424
f 2664//8425 2809//8425 2752//8425
f 2664//8426 2752//8426 2568//8426
f 2568//8427 2491//8427 2664//8427
f 2332//8428 2491//8428 2373//8428
f 2332//8429 2373//8429 2231//8429
f 2203//8430 2019//8430 2092//8430
f 2019//8431 1814//8431 1945//8431
f 1793//8432 1814//8432 1623//8432
f 1529//8433 1521//8433 1398//8433
f 1521//8434 1255//8434 1398//8434
f 1105//8435 1255//8435 1371//8435
f 1105//8436 1371//8436 1223//8436
f 793//8437 974//8437 1065//8437
f 793//8438 1065//8438 624//8438
f 840//8439 457//8439 574//8439
f 377//8440 457//8440 741//8440
f 377//8441 657//8441 364//8441
f 364//8442 657//8442 380//8442
f 436//8443 380//8443 709//8443
f 436//8444 812//8444 489//8444
f 812//8445 899//8445 489//8445
f 899//8446 754//8446 600//8446
f 1058//8447 1227//8447 875//8447
f 1155//8448 1025//8448 1227//8448
f 1155//8449 1351//8449 1279//8449
f 1351//8450 1495//8450 1279//8450
f 1495//8451 1651//8451 1430//8451
f 1651//8452 1719//8452 1580//8452
f 1719//8453 1826//8453 1855//8453
f 1855//8454 1993//8454 1965//8454
f 1965//8455 1993//8455 2119//8455
f 2171//8456 2285//8456 2119//8456
f 2285//8457 2350//8457 2433//8457
f 2700//8458 2595//8458 2539//8458
f 2433//8459 2539//8459 2595//8459
f 2744//8460 2858//8460 2700//8460
f 2858//8461 2909//8461 3010//8461
f 2909//8462 3093//8462 3010//8462
f 3297//8463 3159//8463 3093//8463
f 3297//8464 3257//8464 3446//8464
f 3688//8465 3533//8465 3590//8465
f 4099//8466 3961//8466 3909//8466
f 4249//8467 4099//8467 4027//8467
f 4173//8468 4518//8468 4413//8468
f 4284//8469 4674//8469 4622//8469
f 4420//8470 4758//8470 4729//8470
f 4711//8471 4758//8471 4420//8471
f 4311//8472 4585//8472 4649//8472
f 4311//8473 4142//8473 4585//8473
f 4514//8474 4585//8474 4142//8474
f 4142//8475 4331//8475 4514//8475
f 4331//8476 4037//8476 4243//8476
f 4037//1208 3873//1208 4243//1208
f 3938//8477 4097//8477 3873//8477
f 3815//8478 3938//8478 3716//8478
f 3716//8479 3566//8479 3815//8479
f 3566//8480 3415//8480 3680//8480
f 3415//8481 3374//8481 3531//8481
f 3374//8482 3243//8482 3281//8482
f 3243//8483 3112//8483 3281//8483
f 3112//8484 3148//8484 3281//8484
f 3001//8485 3148//8485 3112//8485
f 2849//8486 3001//8486 2907//8486
f 2707//8487 2690//8487 2849//8487
f 2849//8488 2907//8488 2707//8488
f 2707//8489 2542//8489 2690//8489
f 2355//8490 2434//8490 2592//8490
f 2186//8491 2125//8491 2293//8491
f 1973//8492 2125//8492 2033//8492
f 2033//8493 1887//8493 1973//8493
f 1744//8494 1887//8494 1840//8494
f 2033//8495 1840//8495 1887//8495
f 1588//8496 1744//8496 1684//8496
f 1290//8497 1359//8497 1156//8497
f 1156//8498 1359//8498 1035//8498
f 1204//8499 885//8499 1035//8499
f 885//8500 1070//8500 748//8500
f 1070//8501 907//8501 748//8501
f 704//8502 389//8502 446//8502
f 393//8503 389//8503 652//8503
f 393//8504 652//8504 414//8504
f 897//8505 599//8505 522//8505
f 774//8506 599//8506 897//8506
f 892//8507 774//8507 1088//8507
f 774//8508 897//8508 1088//8508
f 892//8509 1235//8509 1026//8509
f 1235//8510 1178//8510 1026//8510
f 1299//8511 1178//8511 1372//8511
f 1299//8512 1519//8512 1441//8512
f 1519//8513 1672//8513 1441//8513
f 1749//8514 1591//8514 1672//8514
f 1854//8515 1895//8515 1749//8515
f 1895//8516 2023//8516 1974//8516
f 1974//8517 2023//8517 2132//8517
f 2455//8518 2299//8518 2382//8518
f 2455//8519 2382//8519 2588//8519
f 2588//8520 2613//8520 2455//8520
f 2703//8521 2613//8521 2764//8521
f 3160//8522 3008//8522 3108//8522
f 3432//8523 3539//8523 3394//8523
f 3691//8524 3592//8524 3839//8524
f 3728//8525 3902//8525 3963//8525
f 4060//8526 4246//8526 3902//8526
f 4103//8527 3902//8527 4246//8527
f 4162//8528 4459//8528 4060//8528
f 4162//8529 4287//8529 4530//8529
f 4614//8530 4287//8530 4695//8530
f 4715//8531 4695//8531 4377//8531
f 4377//8532 4422//8532 4715//8532
f 4761//8533 4715//8533 4422//8533
f 4422//8534 4700//8534 4761//8534
f 4665//8535 4700//8535 4356//8535
f 4665//8536 4294//8536 4602//8536
f 4294//8537 4178//8537 4602//8537
f 4407//8538 4503//8538 4178//8538
f 4407//8539 4032//8539 4212//8539
f 4212//8540 3874//8540 4088//8540
f 3874//8541 3926//8541 4088//8541
f 3713//8542 3800//8542 3926//8542
f 3713//8543 3564//8543 3800//8543
f 3564//8544 3423//8544 3672//8544
f 3368//8545 3527//8545 3423//8545
f 3368//8546 3248//8546 3233//8546
f 3233//8547 3087//8547 3134//8547
f 3134//8548 3087//8548 2993//8548
f 2914//6331 2993//6331 3087//6331
f 2516//8549 2684//8549 2565//8549
f 2516//8550 2565//8550 2425//8550
f 2191//8551 2120//8551 2284//8551
f 2008//8552 1962//8552 2120//8552
f 1962//8553 2008//8553 1822//8553
f 1585//8554 1729//8554 1658//8554
f 1585//8555 1658//8555 1432//8555
f 1143//8556 1280//8556 1366//8556
f 1210//8557 1024//8557 1143//8557
f 862//8558 1024//8558 1076//8558
f 589//8559 772//8559 940//8559
f 845//8560 497//8560 940//8560
f 589//8561 940//8561 497//8561
f 426//8562 497//8562 845//8562
f 727//8563 402//8563 426//8563
f 347//8564 402//8564 647//8564
f 814//8565 469//8565 421//8565
f 469//8566 814//8566 584//8566
f 874//8567 1218//8567 1006//8567
f 1006//8568 1218//8568 1115//8568
f 1115//8569 1360//8569 1269//8569
f 1360//8570 1501//8570 1269//8570
f 1420//8571 1269//8571 1501//8571
f 1547//8572 1420//8572 1663//8572
f 1997//8573 2109//8573 1956//8573
f 2109//8574 2181//8574 2273//8574
f 2566//8575 2510//8575 2411//8575
f 2510//8576 2566//8576 2676//8576
f 2978//8577 2833//8577 2913//8577
f 2978//8578 2913//8578 3065//8578
f 3348//8579 3199//8579 3252//8579
f 3419//8580 3512//8580 3348//8580
f 3736//8581 3921//8581 3787//8581
f 3921//8582 3736//8582 4064//8582
f 4019//8583 4325//8583 4189//8583
f 4160//8584 4493//8584 4325//8584
f 4424//8585 4750//8585 4712//8585
f 4742//8586 4750//8586 4424//8586
f 4742//8587 4424//8587 4367//8587
f 4601//8588 4670//8588 4304//8588
f 4512//8589 4601//8589 4171//8589
f 3903//8590 4096//8590 4228//8590
f 4096//8591 3903//8591 3957//8591
f 3729//8543 3587//8543 3813//8543
f 3587//8107 3530//8107 3682//8107
f 3428//8592 3397//8592 3530//8592
f 3397//8593 3270//8593 3289//8593
f 3153//8594 3289//8594 3109//8594
f 3270//8595 3109//8595 3289//8595
f 3006//8596 3153//8596 2933//8596
f 2585//8597 2597//8597 2696//8597
f 2597//8598 2585//8598 2454//8598
f 2137//8599 2300//8599 2201//8599
f 1755//8600 1901//8600 1852//8600
f 1446//8601 1594//8601 1680//8601
f 1300//8602 1446//8602 1480//8602
f 1680//8603 1480//8603 1446//8603
f 1300//8604 1365//8604 1185//8604
f 1039//8605 1185//8605 1365//8605
f 1221//8606 896//8606 1039//8606
f 896//8607 1082//8607 747//8607
f 1082//8608 927//8608 747//8608
f 496//8609 604//8609 927//8609
f 839//8610 429//8610 496//8610
f 429//8611 730//8611 349//8611
f 404//8612 376//8612 701//8612
f 404//8613 701//8613 450//8613
f 822//8614 921//8614 528//8614
f 787//8615 610//8615 921//8615
f 888//8616 787//8616 1057//8616
f 888//8617 1225//8617 1041//8617
f 1225//8618 1345//8618 1041//8618
f 1298//8619 1182//8619 1345//8619
f 1442//8620 1298//8620 1524//8620
f 1644//8621 1750//8621 1592//8621
f 1824//8622 1890//8622 1750//8622
f 1890//8623 1998//8623 1975//8623
f 1998//8624 2130//8624 1975//8624
f 2177//8625 2302//8625 2130//8625
f 2540//8626 2711//8626 2647//8626
f 2793//8627 2647//8627 2711//8627
f 2711//8628 2890//8628 2793//8628
f 2890//8629 2898//8629 3032//8629
f 3236//8630 3332//8630 3182//8630
f 3236//8631 3468//8631 3332//8631
f 3468//8632 3404//8632 3616//8632
f 3721//8633 3851//8633 3554//8633
f 3851//8634 3721//8634 3989//8634
f 4318//8635 4042//8635 4474//8635
f 4552//8636 4505//8636 4268//8636
f 4617//8637 4381//8637 4426//8637
f 4426//8638 4671//8638 4617//8638
f 4426//8639 4370//8639 4671//8639
f 4720//8640 4671//8640 4370//8640
f 4154//8641 4475//8641 4555//8641
f 4046//8642 4329//8642 4475//8642
f 3876//8643 4015//8643 4201//8643
f 3740//8644 3697//8644 3854//8644
f 3548//8645 3697//8645 3568//8645
f 3548//8646 3413//8646 3449//8646
f 3449//8647 3251//8647 3303//8647
f 3169//8648 3303//8648 3097//8648
f 3251//8649 3097//8649 3303//8649
f 2361//8650 2310//8650 2471//8650
f 2152//8651 2190//8651 2052//8651
f 1847//8652 1774//8652 1922//8652
f 1607//8653 1670//8653 1453//8653
f 1453//8654 1520//8654 1326//8654
f 1520//8655 1363//8655 1326//8655
f 1363//8656 1095//8656 1243//8656
f 1095//8657 1228//8657 951//8657
f 951//8658 1084//8658 789//8658
f 619//8659 789//8659 1084//8659
f 934//8660 557//8660 619//8660
f 557//8661 843//8661 463//8661
f 843//8662 740//8662 463//8662
f 401//8663 463//8663 740//8663
f 1043//8664 851//8664 621//8664
f 851//8665 1199//8665 945//8665
f 1104//8666 1333//8666 1254//8666
f 1410//8667 1254//8667 1483//8667
f 1410//8668 1483//8668 1564//8668
f 1861//8669 1725//8669 1860//8669
f 1861//8670 1986//8670 1970//8670
f 2126//8671 1970//8671 1986//8671
f 2291//8672 2126//8672 2164//8672
f 2291//8673 2346//8673 2431//8673
f 2346//8674 2534//8674 2431//8674
f 2520//8675 2534//8675 2687//8675
f 2687//8676 2737//8676 2843//8676
f 2843//8677 2899//8677 2991//8677
f 3078//8678 3133//8678 2991//8678
f 3133//8679 3078//8679 3208//8679
f 3208//8680 3235//8680 3362//8680
f 3235//8681 3406//8681 3362//8681
f 3406//8682 3651//8682 3520//8682
f 3651//8683 3555//8683 3794//8683
f 4053//8684 3706//8684 3877//8684
f 4053//8685 3877//8685 4196//8685
f 4164//8686 4498//8686 4333//8686
f 4498//8687 4164//8687 4583//8687
f 4164//8688 4271//8688 4583//8688
f 4353//8689 4709//8689 4638//8689
f 4759//8690 4709//8690 4428//8690
f 4428//8691 4735//8691 4759//8691
f 4681//8692 4735//8692 4361//8692
f 4428//8693 4361//8693 4735//8693
f 4305//8694 4627//8694 4681//8694
f 4261//8695 4415//8695 4034//8695
f 4102//8696 3881//8696 3971//8696
f 3647//8697 3808//8697 3562//8697
f 3503//8698 3647//8698 3442//8698
f 3442//8699 3345//8699 3503//8699
f 3240//8700 3189//8700 3345//8700
f 3189//8701 3074//8701 3043//8701
f 3074//8702 2897//8702 3043//8702
f 2897//8703 2818//8703 2955//8703
f 2670//8704 2818//8704 2733//8704
f 2670//8705 2525//8705 2504//8705
f 2405//8706 2504//8706 2525//8706
f 2341//8707 2246//8707 2405//8707
f 2246//8708 2167//8708 2103//8708
f 2167//8709 1984//8709 2103//8709
f 1984//8710 1806//8710 1955//8710
f 1806//8711 1819//8711 1703//8711
f 1425//8712 1572//8712 1638//8712
f 1487//8713 1266//8713 1425//8713
f 1121//8714 1196//8714 1002//8714
f 859//8715 1002//8715 1196//8715
f 630//8716 859//8716 1044//8716
f 905//8717 569//8717 630//8717
f 569//8718 809//8718 445//8718
f 809//8719 423//8719 445//8719
f 423//8720 711//8720 348//8720
f 399//8721 371//8721 731//8721
f 399//8722 731//8722 461//8722
f 461//8723 835//8723 566//8723
f 850//8724 623//8724 1068//8724
f 1236//8725 947//8725 850//8725
f 1375//8726 1244//8726 1103//8726
f 1530//8727 1675//8727 1631//8727
f 1780//8728 1631//8728 1851//8728
f 2145//8729 2029//8729 2204//8729
f 2145//8730 2204//8730 2306//8730
f 2621//8731 2468//8731 2589//8731
f 2864//8732 2771//8732 2765//8732
f 2927//8733 3107//8733 3019//8733
f 3107//8734 3268//8734 3178//8734
f 3268//8735 3490//8735 3333//8735
f 3638//8736 3490//8736 3433//8736
f 3638//8737 3433//8737 3595//8737
f 3595//8738 3779//8738 3638//8738
f 3746//8739 3918//8739 3779//8739
f 3595//8740 3746//8740 3779//8740
f 4062//8741 3918//8741 3746//8741
f 3896//8742 4197//8742 4062//8742
f 4197//8743 4020//8743 4334//8743
f 4020//8744 4163//8744 4334//8744
f 4545//8745 4334//8745 4163//8745
f 4545//8746 4277//8746 4642//8746
f 4277//8747 4373//8747 4642//8747
f 4716//8748 4373//8748 4684//8748
f 4706//8749 4684//8749 4430//8749
f 4430//8750 4363//8750 4706//8750
f 4363//8751 4581//8751 4706//8751
f 4615//8752 4581//8752 4301//8752
f 4144//8753 4467//8753 4529//8753
f 4144//8754 4050//8754 4467//8754
f 4312//8755 4050//8755 4110//8755
f 3726//8756 3847//8756 3984//8756
f 3470//8757 3619//8757 3451//8757
f 3470//8758 3263//8758 3329//8758
f 3183//8759 3329//8759 3263//8759
f 3029//8760 3183//8760 3063//8760
f 3263//8761 3063//8761 3183//8761
f 3029//8762 2920//8762 2874//8762
f 2786//8763 2874//8763 2920//8763
f 2750//8764 2653//8764 2786//8764
f 2653//8765 2550//8765 2485//8765
f 2550//8766 2360//8766 2485//8766
f 2360//8767 2227//8767 2328//8767
f 2227//8768 2188//8768 2076//8768
f 2003//8769 1837//8769 1936//8769
f 1837//8770 1662//8770 1786//8770
f 1617//8771 1662//8771 1526//8771
f 1526//8772 1510//8772 1400//8772
f 1510//8773 1253//8773 1400//8773
f 1109//8774 1253//8774 1361//8774
f 1109//8775 1361//8775 1207//8775
f 1207//8776 978//8776 1109//8776
f 844//8777 978//8777 1053//8777
f 834//8778 455//8778 577//8778
f 374//8779 420//8779 729//8779
f 654//8780 702//8780 350//8780
f 702//8781 456//8781 398//8781
f 456//8782 821//8782 519//8782
f 821//8783 925//8783 519//8783
f 780//8784 611//8784 925//8784
f 891//8785 780//8785 1060//8785
f 1229//8786 1338//8786 1042//8786
f 891//8787 1229//8787 1042//8787
f 1338//8788 1320//8788 1188//8788
f 1320//8789 1493//8789 1447//8789
f 1758//8790 1596//8790 1654//8790
f 1447//8791 1654//8791 1596//8791
f 1758//8792 1833//8792 1900//8792
f 1833//8793 2004//8793 1900//8793
f 2024//8794 2183//8794 2148//8794
f 2148//8795 2183//8795 2305//8795
f 2582//8796 2617//8796 2464//8796
f 2728//8797 2702//8797 2617//8797
f 2728//8798 2859//8798 2702//8798
f 3009//8799 2859//8799 2918//8799
f 2728//8800 2918//8800 2859//8800
f 3096//8801 3154//8801 3009//8801
f 3154//8802 3096//8802 3291//8802
f 3532//8803 3375//8803 3425//8803
f 3571//8804 3674//8804 3532//8804
f 3936//8805 3790//8805 3719//8805
f 4098//8806 3906//8806 4247//8806
f 4185//8807 4519//8807 4382//8807
f 4519//8808 4278//8808 4631//8808
f 4383//8809 4663//8809 4278//8809
f 4631//8810 4278//8810 4663//8810
f 4383//8811 4724//8811 4663//8811
f 4383//8812 4432//8812 4724//8812
f 4755//8813 4432//8813 4710//8813
f 4338//8814 4710//8814 4432//8814
f 4668//8815 4710//8815 4338//8815
f 4587//8816 4668//8816 4267//8816
f 4267//8817 4136//8817 4587//8817
f 4522//8818 4587//8818 4136//8818
f 4136//8819 4410//8819 4522//8819
f 4224//8820 4410//8820 4044//8820
f 3907//8821 4104//8821 4224//8821
f 3804//8822 3594//8822 3690//8822
f 3594//8823 3536//8823 3690//8823
f 3448//8824 3536//8824 3438//8824
f 3438//2100 3271//2100 3448//2100
f 3271//8825 3110//8825 3304//8825
f 3110//8826 3014//8826 3162//8826
f 3014//8827 2934//8827 2852//8827
f 2934//8828 2763//8828 2852//8828
f 2639//8829 2852//8829 2763//8829
f 2639//8830 2578//8830 2463//8830
f 2141//8831 2303//8831 2185//8831
f 1843//8832 1772//8832 1905//8832
f 1664//8833 1606//8833 1772//8833
f 1341//8834 1187//8834 1317//8834
f 1187//8835 1206//8835 1033//8835
f 1000//8836 1033//8836 1206//8836
f 1000//8837 1067//8837 769//8837
f 635//8838 769//8838 1067//8838
f 915//8839 597//8839 635//8839
f 597//8840 819//8840 433//8840
f 433//8841 819//8841 408//8841
f 362//8842 408//8842 718//8842
f 454//8843 397//8843 720//8843
f 720//8844 827//8844 454//8844
f 626//8845 548//8845 931//8845
f 1071//8846 848//8846 626//8846
f 848//8847 1071//8847 986//8847
f 1660//8848 1832//8848 1632//8848
f 1832//8849 1994//8849 1798//8849
f 2383//8850 2242//8850 2335//8850
f 2172//8851 2335//8851 2242//8851
f 2538//8852 2495//8852 2383//8852
f 2383//8853 2335//8853 2538//8853
f 2814//8854 2665//8854 2706//8854
f 2706//8855 2938//8855 2814//8855
f 2957//8856 2814//8856 2938//8856
f 2938//8857 3040//8857 2957//8857
f 3040//8858 3083//8858 3200//8858
f 3083//8859 3253//8859 3200//8859
f 3467//8860 3200//8860 3253//8860
f 3467//8861 3421//8861 3627//8861
f 3627//8862 3565//8862 3757//8862
f 3565//8863 3735//8863 3757//8863
f 3735//8864 4006//8864 3862//8864
f 3735//8865 3888//8865 4006//8865
f 4466//8866 4320//8866 4012//8866
f 4466//8867 4012//8867 4137//8867
f 4137//8868 4541//8868 4466//8868
f 4137//8869 4273//8869 4541//8869
f 4342//6120 4717//6120 4621//6120
f 4752//8870 4714//8870 4434//8870
f 4434//8871 4366//8871 4752//8871
f 4366//8872 4690//8872 4752//8872
f 4666//8873 4690//8873 4293//8873
f 4537//8874 4147//8874 4471//8874
f 4147//8875 4035//8875 4471//8875
f 4129//8876 4321//8876 4035//8876
f 4035//8877 3866//8877 4129//8877
f 3866//8878 4065//8878 4129//8878
f 3863//8879 4065//8879 3866//8879
f 3755//8880 3863//8880 3730//8880
f 3630//8881 3408//8881 3487//8881
f 3408//8882 3241//8882 3487//8882
f 3241//8883 3191//8883 3341//8883
f 3191//8884 3080//8884 3045//8884
f 2910//8885 2816//8885 2960//8885
f 2666//8886 2816//8886 2742//8886
f 2742//8887 2546//8887 2666//8887
f 2546//8888 2498//8888 2666//8888
f 2337//8889 2498//8889 2366//8889
f 2240//8890 2337//8890 2366//8890
f 2196//8891 2012//8891 2100//8891
f 2012//8892 1800//8892 1948//8892
f 1634//8893 1800//8893 1848//8893
f 1634//8894 1669//8894 1560//8894
f 1669//8895 1514//8895 1560//8895
f 1264//8896 1415//8896 1514//8896
f 1107//8897 1264//8897 1369//8897
f 666//8898 863//8898 1083//8898
f 932//8899 576//8899 666//8899
f 472//8900 576//8900 832//8900
f 658//8901 370//8901 375//8901
f 369//8902 370//8902 697//8902
f 444//8903 369//8903 697//8903
f 697//8904 846//8904 444//8904
f 846//8905 494//8905 444//8905
f 588//8906 494//8906 941//8906
f 846//8907 941//8907 494//8907
f 941//8908 771//8908 588//8908
f 872//8909 771//8909 1054//8909
f 872//8910 1213//8910 1022//8910
f 1177//8911 1022//8911 1213//8911
f 1177//8912 1349//8912 1272//8912
f 1499//8913 1655//8913 1428//8913
f 1655//8914 1720//8914 1582//8914
f 1720//8915 1828//8915 1813//8915
f 1964//8916 1813//8916 1978//8916
f 1828//8917 1978//8917 1813//8917
f 1964//8918 1978//8918 2121//8918
f 2180//8919 2290//8919 2121//8919
f 2290//8920 2371//8920 2426//8920
f 2515//8921 2426//8921 2581//8921
f 2515//8922 2581//8922 2680//8922
f 2981//8923 2834//8923 2929//8923
f 2981//8924 2929//8924 3068//8924
f 3508//8925 3346//8925 3437//8925
f 3747//8926 3922//8926 3784//8926
f 4082//8927 3922//8927 3911//8927
f 4082//8928 3911//8928 4226//8928
f 4176//8929 4509//8929 4414//8929
f 4610//8930 4509//8930 4283//8930
f 4283//8931 4676//8931 4610//8931
f 4349//8932 4436//8932 4726//8932
f 4748//8933 4757//8933 4436//8933
f 4748//8934 4436//8934 4357//8934
f 4584//8935 4672//8935 4297//8935
f 4528//8936 4584//8936 4169//8936
f 3895//8937 4094//8937 4245//8937
f 3942//8938 3720//8938 3810//8938
f 3418//8939 3454//8939 3662//8939
f 3255//8940 3094//8940 3293//8940
f 2984//8941 3136//8941 2916//8941
f 2829//8942 2984//8942 2916//8942
f 2667//8943 2829//8943 2748//8943
f 2748//8944 2564//8944 2667//8944
f 2564//8945 2492//8945 2667//8945
f 2334//8946 2364//8946 2241//8946
f 1947//8947 2101//8947 2009//8947
f 1583//8948 1724//8948 1653//8948
f 1283//8949 1358//8949 1147//8949
f 1017//8950 1147//8950 1203//8950
f 1017//8951 1203//8951 869//8951
f 752//8952 903//8952 583//8952
f 583//8953 903//8953 491//8953
f 491//8954 829//8954 416//8954
f 719//8955 415//8955 416//8955
f 352//8956 415//8956 663//8956
f 698//8957 356//8957 663//8957
f 352//8958 663//8958 356//8958
f 698//8959 425//8959 356//8959
f 833//8960 468//8960 425//8960
f 468//8961 833//8961 582//8961
f 1020//8962 866//8962 1230//8962
f 1367//8963 1507//8963 1271//8963
f 1507//8964 1570//8964 1419//8964
f 1707//8965 1570//8965 1668//8965
f 1707//8966 1841//8966 1815//8966
f 1841//8967 2030//8967 1815//8967
f 2030//8968 1958//8968 1815//8968
f 2106//8969 1958//8969 2030//8969
f 2189//8970 2266//8970 2106//8970
f 2266//8971 2374//8971 2407//8971
f 2374//8972 2574//8972 2407//8972
f 2509//8973 2574//8973 2677//8973
f 2986//8974 2835//8974 2925//8974
f 2986//8975 2925//8975 3124//8975
f 3354//8976 3203//8976 3261//8976
f 3124//8977 3102//8977 3203//8977
f 3426//8978 3510//8978 3354//8978
f 3510//8979 3426//8979 3644//8979
f 3744//8980 3920//8980 3781//8980
f 4077//8981 3920//8981 3904//8981
f 4520//8982 4406//8982 4170//8982
f 4616//8983 4520//8983 4286//8983
f 4286//8984 4669//8984 4616//8984
f 4760//8985 4727//8985 4438//8985
f 4438//8986 4703//8986 4760//8986
f 4643//8535 4703//8535 4354//8535
f 4643//8987 4285//8987 4626//8987
f 4626//8988 4285//8988 4499//8988
f 4388//8989 4499//8989 4174//8989
f 4028//8990 4208//8990 4388//8990
f 3865//8991 4091//8991 4208//8991
f 3796//8992 3561//8992 3675//8992
f 3526//8993 3675//8993 3561//8993
f 3371//8994 3526//8994 3411//8994
f 3371//8995 3234//8995 3273//8995
f 3073//8996 3135//8996 3273//8996
f 2992//8997 3135//8997 3073//8997
f 2839//8998 2992//8998 2896//8998
f 2839//8999 2731//8999 2674//8999
f 2524//9000 2340//9000 2494//9000
f 2230//9001 2327//9001 2163//9001
f 1944//9002 2099//9002 1982//9002
f 1817//9003 1796//9003 1944//9003
f 1817//9004 1639//9004 1636//9004
f 1485//9005 1417//9005 1546//9005
f 1417//9006 1485//9006 1273//9006
f 1195//9007 873//9007 1019//9007
f 873//9008 1050//9008 745//9008
f 288//9009 565//9009 470//9009
f 712//9010 464//9010 470//9010
f 1590//9011 1418//9011 1646//9011
f 2199//9012 2307//9012 2118//9012
f 2757//9013 2675//9013 2576//9013
f 4172//9014 4126//9014 4057//9014
f 4313//9015 4126//9015 4172//9015
f 4494//9016 4440//9016 4469//9016
f 4387//9017 4469//9017 4440//9017
f 3809//9018 3959//9018 3941//9018
f 1796//9019 1817//9019 1636//9019
f 4028//9020 3865//9020 4208//9020
f 582//9021 936//9021 669//9021
f 698//9022 833//9022 425//9022
f 1803//9023 1947//9023 1845//9023
f 2334//9024 2492//9024 2364//9024
f 1083//9025 932//9025 666//9025
f 3045//9026 2910//9026 2960//9026
f 4320//9027 4133//9027 4012//9027
f 4136//9028 4044//9028 4410//9028
f 4338//9029 4267//9029 4668//9029
f 4755//9030 4724//9030 4432//9030
f 374//9031 654//9031 350//9031
f 2076//9032 2003//9032 1936//9032
f 2864//9033 2927//9033 3019//9033
f 1266//9034 1336//9034 1121//9034
f 1703//9035 1638//9035 1572//9035
f 4627//9036 4305//9036 4538//9036
f 460//9037 806//9037 559//9037
f 2475//9038 2540//9038 2647//9038
f 1442//9039 1644//9039 1592//9039
f 1345//9040 1524//9040 1298//9040
f 1594//9041 1755//9041 1680//9041
f 4512//9042 4171//9042 4444//9042
f 584//9043 920//9043 637//9043
f 845//9044 727//9044 426//9044
f 1432//9045 1512//9045 1280//9045
f 3839//9046 3728//9046 3963//9046
f 2132//9047 2202//9047 2299//9047
f 414//9048 721//9048 437//9048
f 4420//8587 4362//8587 4711//8587
f 2780//9049 2645//9049 2769//9049
f 1099//9050 1377//9050 1249//9050
f 3472//9051 3323//9051 3326//9051
f 3990//9052 3820//9052 3853//9052
f 3625//9053 3670//9053 3797//9053
f 1102//9054 1016//9054 1248//9054
f 1610//9055 1775//9055 1470//9055
f 4125//9056 4395//9056 3992//9056
f 875//9057 515//9057 754//9057
f 4585//9058 4894//9058 4649//9058
f 4097//9059 4392//9059 4243//9059
f 3945//9060 3778//9060 3691//9060
f 3655//9061 3831//9061 3682//9061
f 2077//9062 2257//9062 2137//9062
f 4828//9063 4723//9063 4474//9063
f 3452//9064 3552//9064 3449//9064
f 3288//9065 3452//9065 3303//9065
f 1564//9066 1384//9066 1410//9066
f 4978//9067 4973//9067 4759//9067
f 98//9068 148//9068 348//9068
f 4449//9069 4182//9069 4062//9069
f 124//9070 179//9070 420//9070
f 4104//9071 4453//9071 4224//9071
f 1324//9072 1532//9072 1449//9072
f 102//9073 141//9073 362//9073
f 2495//9074 2398//9074 2383//9074
f 1911//9075 1742//9075 1813//9075
f 4406//9076 4520//9076 4797//9076
f 4643//9077 4931//9077 4703//9077
f 4091//9078 4510//9078 4208//9078
f 4222//9079 4494//9079 4469//9079
f 2287//9080 2154//9080 2159//9080
f 2067//9081 2107//9081 1968//9081
f 1481//9082 1595//9082 1757//9082
f 1440//9083 1429//9083 1265//9083
f 1101//9084 676//9084 895//9084
f 677//9085 895//9085 541//9085
f 895//9086 676//9086 541//9086
f 677//9087 541//9087 386//9087
f 386//9088 586//9088 677//9088
f 288//9089 579//9089 586//9089
f 386//9090 288//9090 586//9090
f 579//9091 288//9091 280//9091
f 280//9092 258//9092 549//9092
f 2959//9093 3030//9093 3119//9093
f 1777//9094 1920//9094 1753//9094
f 1586//9095 1753//9095 1782//9095
f 1421//9096 1586//9096 1605//9096
f 776//9097 889//9097 1089//9097
f 615//9098 776//9098 983//9098
f 884//9099 580//9099 615//9099
f 549//9100 580//9100 871//9100
f 580//9101 549//9101 284//9101
f 549//9102 258//9102 284//9102
f 615//9103 580//9103 302//9103
f 776//9104 615//9104 453//9104
f 889//9105 776//9105 607//9105
f 1100//9106 889//9106 855//9106
f 1261//9107 1100//9107 1029//9107
f 1261//9108 1246//9108 1421//9108
f 1421//9109 1418//9109 1586//9109
f 1753//9110 1586//9110 1590//9110
f 1586//9111 1418//9111 1590//9111
f 1753//9112 1590//9112 1777//9112
f 4014//9113 4126//9113 4313//9113
f 4207//9114 4490//9114 4222//9114
f 1605//1991 1782//1991 1259//1991
f 2110//1991 1259//1991 1942//1991
f 4014//1991 1259//1991 3923//1991
f 4066//1991 3928//1991 1259//1991
f 1259//1991 2159//1991 2067//1991
