# Blender 4.2.0
# www.blender.org
mtllib nut.mtl
o nut
v 0.000000 0.012000 0.046065
v -0.000432 0.012000 0.046071
v 0.000433 0.012000 0.046071
v 0.000871 0.012000 0.046084
v -0.000894 0.012000 0.046084
v 0.001334 0.012000 0.046109
v -0.001373 0.012000 0.046111
v 0.001812 0.012000 0.046144
v -0.001880 0.012000 0.046150
v 0.002599 0.012000 0.046227
v -0.002725 0.012000 0.046242
v 0.003697 0.012000 0.046387
v -0.003874 0.012000 0.046418
v 0.005165 0.012000 0.046680
v -0.005345 0.012000 0.046722
v 0.006928 0.012000 0.047137
v -0.006928 0.012000 0.047137
v 0.004867 0.012000 0.048938
v 0.010920 0.005086 0.055966
v -0.011159 -0.004671 0.054619
v 0.010972 -0.004995 0.048447
v -0.000219 -0.012000 0.056729
v -0.010752 -0.005376 0.049389
v 0.009202 0.008061 0.051434
v 0.006928 0.012000 0.057993
v -0.006928 0.012000 0.057993
v 0.005019 0.012000 0.058483
v -0.004768 0.012000 0.058538
v 0.003314 0.012000 0.058805
v -0.003043 0.012000 0.058844
v -0.001975 0.012000 0.058970
v 0.001852 0.012000 0.058983
v -0.000968 0.012000 0.059042
v 0.000911 0.012000 0.059045
v 0.000000 0.012000 0.059065
v -0.004604 -0.008113 0.046065
v -0.011105 -0.002399 0.046065
v -0.003918 0.008053 0.046065
v -0.007791 -0.008130 0.046065
v 0.010699 -0.001740 0.046065
v 0.003317 0.011532 0.059065
v -0.008060 0.007937 0.046065
v -0.010065 -0.003214 0.046065
v -0.011866 0.001787 0.046065
v 0.009475 -0.002246 0.046065
v -0.001231 0.011301 0.059065
v -0.000193 0.011292 0.059065
v 0.005577 -0.008083 0.046065
v 0.008462 -0.002636 0.046065
v 0.006507 0.011156 0.058536
v 0.003325 -0.012000 0.049256
v 0.008638 -0.004270 0.046065
v -0.004686 0.011045 0.059065
v 0.004767 0.011012 0.059065
v 0.001473 0.010987 0.059065
v -0.002213 0.010979 0.059065
v 0.003533 0.008307 0.046065
v 0.000587 0.010951 0.059065
v 0.005751 0.007969 0.046065
v -0.007559 0.010908 0.046800
v 0.002423 0.010898 0.059065
v -0.010947 0.002222 0.046065
v -0.006928 -0.012000 0.055279
v -0.010027 0.002903 0.046065
v -0.000919 0.010607 0.059065
v -0.003213 0.010565 0.059065
v -0.009171 0.002070 0.046065
v 0.004121 0.010395 0.059065
v -0.000178 0.010343 0.059065
v 0.003187 0.010316 0.059065
v 0.008588 0.002957 0.046065
v 0.006130 0.010316 0.059065
v 0.006653 0.008008 0.046065
v -0.006296 0.010216 0.059065
v -0.012770 0.001882 0.056373
v 0.007977 0.010183 0.058525
v 0.002404 0.010171 0.059065
v 0.001627 0.010142 0.059065
v -0.001774 0.010110 0.059065
v 0.000610 0.010099 0.059065
v 0.008285 -0.006413 0.046065
v -0.004498 0.010041 0.059065
v 0.008070 0.010022 0.046566
v -0.005708 0.007298 0.046065
v 0.005394 0.009951 0.059065
v -0.008126 0.009925 0.046543
v 0.010266 0.002894 0.046065
v -0.008179 0.009834 0.058608
v -0.008142 -0.005646 0.046065
v -0.006990 0.007971 0.046065
v 0.000910 -0.009939 0.046065
v -0.003557 0.009570 0.059065
v 0.002348 0.009547 0.059065
v 0.004674 0.009542 0.059065
v 0.001058 0.009541 0.059065
v -0.002507 0.009530 0.059065
v 0.002986 0.009522 0.059065
v 0.003707 0.009513 0.059065
v -0.000077 0.009504 0.059065
v -0.001127 0.009501 0.059065
v 0.001716 0.009472 0.059065
v 0.007367 0.009469 0.059065
v -0.008135 -0.009909 0.051575
v -0.001181 -0.010353 0.046065
v -0.006928 -0.012000 0.052565
v -0.010710 0.003532 0.046065
v -0.005407 0.009288 0.059065
v -0.007697 0.009206 0.059065
v 0.000533 0.009079 0.059065
v -0.000068 0.009079 0.046065
v 0.004941 0.007624 0.046065
v 0.006532 0.009042 0.059065
v 0.005462 0.009030 0.059065
v -0.008660 0.009001 0.046348
v 0.006489 -0.008894 0.046065
v -0.001817 0.008998 0.059065
v 0.002916 0.010912 0.046065
v -0.006577 -0.008897 0.046065
v 0.001752 0.008949 0.059065
v 0.004240 0.008943 0.059065
v 0.009436 -0.004144 0.046065
v 0.002897 0.008940 0.059065
v -0.006535 0.008938 0.059065
v 0.001164 0.008899 0.059065
v -0.003140 0.008876 0.059065
v -0.004207 0.008875 0.059065
v -0.000640 0.008861 0.059065
v 0.002286 0.008820 0.059065
v -0.005265 -0.009151 0.046065
v 0.003446 0.008711 0.059065
v 0.000002 0.008689 0.059065
v 0.008842 0.008685 0.058835
v 0.011634 -0.003849 0.057053
v 0.011905 0.001493 0.046065
v 0.008899 0.008586 0.046278
v -0.001295 0.008563 0.059065
v 0.001078 -0.009063 0.046065
v -0.004534 -0.010037 0.046065
v 0.010493 -0.000582 0.046065
v 0.000743 0.008495 0.059065
v -0.002356 0.008483 0.059065
v 0.004641 0.008463 0.059065
v -0.008654 0.006574 0.046065
v 0.008527 0.008441 0.059065
v 0.001764 0.008428 0.059065
v 0.002444 0.008413 0.059065
v 0.001307 0.008412 0.059065
v -0.009004 0.008404 0.058880
v 0.008751 -0.000661 0.046065
v 0.002845 0.008389 0.059065
v -0.004939 0.008356 0.059065
v -0.009043 0.008337 0.046238
v 0.003879 0.008324 0.059065
v 0.011775 0.003606 0.052899
v 0.005979 0.008298 0.059065
v 0.005250 0.008293 0.059065
v 0.003378 0.009706 0.046065
v 0.009832 -0.006971 0.056935
v -0.002404 0.012000 0.052435
v 0.006835 0.006534 0.046065
v 0.002114 0.008219 0.059065
v 0.005039 -0.007267 0.046065
v -0.003131 0.008183 0.059065
v 0.007621 0.008101 0.059065
v 0.000000 0.008100 0.049620
v 0.000000 0.008100 0.051620
v 0.000000 0.008100 0.055620
v 0.000000 0.008100 0.057620
v 0.000000 0.008100 0.055260
v 0.000001 0.008100 0.053620
v 0.000000 0.008100 0.049260
v -0.000001 0.008100 0.057260
v -0.000001 0.008100 0.053260
v 0.000033 0.008100 0.051259
v 0.000043 0.008099 0.047259
v 0.000087 0.008099 0.047616
v 0.000055 0.008099 0.046107
v 0.000043 0.008099 0.046065
v -0.000210 0.008097 0.059024
v -0.000196 0.008095 0.059065
v 0.000434 0.008088 0.046107
v 0.000440 0.008088 0.046065
v 0.000507 0.008084 0.059024
v 0.000519 0.008083 0.059065
v 0.002102 0.010423 0.046065
v -0.000673 0.008070 0.046107
v -0.000687 0.008070 0.046065
v -0.000703 0.008069 0.047649
v -0.000745 0.008065 0.047289
v 0.000772 0.008063 0.046107
v 0.000780 0.008062 0.046065
v -0.000793 0.008061 0.051653
v 0.000793 0.008061 0.057227
v -0.000793 0.008061 0.053653
v 0.000794 0.008061 0.051227
v -0.000794 0.008061 0.049291
v 0.000794 0.008061 0.057589
v 0.000794 0.008061 0.055227
v 0.000794 0.008061 0.055589
v -0.000794 0.008061 0.057653
v 0.000794 0.008061 0.049589
v -0.000794 0.008061 0.049653
v -0.000794 0.008061 0.055653
v -0.000794 0.008061 0.055291
v -0.000794 0.008061 0.051291
v 0.000794 0.008061 0.049227
v -0.000795 0.008061 0.053291
v 0.000795 0.008061 0.051589
v -0.000795 0.008061 0.057291
v 0.000797 0.008061 0.053227
v 0.000808 0.008060 0.053589
v 0.000838 0.008056 0.047226
v 0.000880 0.008052 0.047586
v 0.003172 0.008041 0.059065
v -0.001053 0.008031 0.059024
v -0.001039 0.008030 0.059065
v 0.001093 0.008024 0.059024
v 0.001101 0.008022 0.059065
v 0.002575 0.008019 0.059065
v -0.007674 0.008017 0.059065
v -0.009695 0.007207 0.053697
v 0.001194 0.008011 0.046107
v 0.002693 0.009090 0.046065
v 0.001200 0.008008 0.046065
v -0.005700 0.007988 0.059065
v -0.003879 0.007985 0.059065
v -0.001481 0.007963 0.046107
v 0.000471 -0.010960 0.046065
v -0.001492 0.007961 0.047683
v -0.001494 0.007960 0.046065
v 0.006758 0.007956 0.059065
v -0.001533 0.007954 0.047318
v 0.001534 0.007953 0.059024
v 0.001546 0.007951 0.053195
v 0.001544 0.007951 0.059065
v 0.001552 0.007950 0.053561
v -0.001579 0.007945 0.051686
v 0.001580 0.007944 0.057194
v -0.001580 0.007944 0.053686
v 0.001580 0.007944 0.051194
v 0.001580 0.007944 0.055194
v 0.001580 0.007944 0.057560
v -0.001580 0.007944 0.049320
v 0.001580 0.007944 0.055560
v -0.001580 0.007944 0.057686
v 0.001580 0.007944 0.049560
v 0.001580 0.007944 0.049194
v -0.001580 0.007944 0.049686
v -0.001580 0.007944 0.055686
v -0.001581 0.007944 0.055320
v -0.001581 0.007944 0.051320
v -0.001581 0.007944 0.057320
v -0.001581 0.007944 0.053320
v 0.001581 0.007944 0.051560
v 0.001597 0.007941 0.046107
v 0.001605 0.007939 0.046065
v 0.001622 0.007936 0.047192
v 0.001669 0.007926 0.047557
v -0.001832 0.007889 0.059065
v -0.001847 0.007886 0.059024
v 0.004205 0.007884 0.059065
v 0.009433 0.006003 0.046065
v 0.000626 0.007867 0.046311
v 0.001929 0.007866 0.059024
v 0.001937 0.007864 0.046107
v 0.001935 0.007863 0.059065
v 0.001942 0.007861 0.046065
v -0.003798 0.010518 0.046065
v 0.001030 0.007846 0.046293
v 0.004749 0.007830 0.059065
v 0.003588 0.007827 0.059065
v -0.006595 0.007818 0.059065
v 0.000802 0.007808 0.058776
v -0.009356 0.007795 0.046169
v -0.002081 -0.010616 0.046065
v 0.002236 0.007785 0.046107
v 0.002243 0.007783 0.046065
v -0.002269 0.007775 0.047716
v -0.002278 0.007773 0.046107
v 0.002279 0.007773 0.059024
v 0.002288 0.007770 0.059065
v -0.002290 0.007769 0.046065
v -0.002315 0.007762 0.047347
v 0.002321 0.007760 0.053532
v 0.002327 0.007759 0.053162
v -0.002334 0.007756 0.053718
v -0.002342 0.007754 0.053348
v 0.002351 0.007751 0.057161
v -0.002351 0.007751 0.051719
v 0.002351 0.007751 0.051161
v 0.002351 0.007751 0.055161
v 0.002351 0.007751 0.057531
v 0.002351 0.007751 0.055531
v -0.002351 0.007751 0.049349
v -0.002351 0.007751 0.057719
v 0.002351 0.007751 0.049161
v -0.002351 0.007751 0.049719
v 0.002351 0.007751 0.049531
v -0.002352 0.007751 0.055719
v -0.002352 0.007751 0.055349
v -0.002352 0.007751 0.057349
v -0.002352 0.007751 0.051349
v 0.002352 0.007751 0.051531
v -0.009169 -0.000295 0.046065
v 0.002392 0.007739 0.047160
v -0.005565 -0.008067 0.046065
v 0.002437 0.007725 0.047528
v -0.000190 0.007719 0.046481
v 0.000344 0.007714 0.046485
v 0.001680 0.007713 0.046312
v 0.001562 0.007693 0.058777
v 0.005397 0.007683 0.059065
v 0.002562 0.007683 0.046065
v 0.002569 0.007681 0.046107
v -0.000861 0.007681 0.046473
v 0.001320 0.007677 0.046414
v 0.001199 0.007671 0.058689
v -0.002612 0.007666 0.059065
v -0.000174 0.007665 0.058592
v -0.002627 0.007662 0.059024
v -0.000307 0.007651 0.057887
v 0.000437 0.007643 0.057858
v 0.000875 0.007630 0.046523
v -0.010161 -0.000726 0.046065
v 0.002759 0.007615 0.059024
v 0.002770 0.007611 0.059065
v -0.000924 0.007606 0.058586
v -0.004577 0.007599 0.059065
v -0.001071 0.007593 0.057915
v 0.000455 0.007588 0.058526
v 0.002022 0.007572 0.046368
v -0.009490 0.007563 0.058987
v 0.001873 0.007557 0.058710
v -0.001608 0.007554 0.046478
v 0.002319 0.007547 0.046309
v -0.000789 0.007544 0.048996
v 0.001110 0.007537 0.053852
v 0.001215 0.007536 0.057839
v 0.000210 0.007535 0.048927
v -0.008680 0.007531 0.059065
v 0.002993 0.007526 0.046065
v -0.001314 0.007524 0.047944
v 0.003003 0.007521 0.046107
v 0.002304 0.007516 0.058789
v -0.003029 0.007512 0.047746
v 0.001502 0.007512 0.054941
v -0.003027 0.007512 0.046107
v -0.000254 0.007508 0.047970
v -0.003043 0.007507 0.046065
v 0.003894 0.007500 0.059065
v 0.000012 0.007500 0.056914
v 0.003071 0.007495 0.053133
v -0.003072 0.007495 0.047379
v 0.003075 0.007494 0.055132
v 0.003099 0.007484 0.057131
v -0.003099 0.007484 0.051749
v -0.003099 0.007484 0.053749
v 0.003099 0.007484 0.055500
v 0.003099 0.007484 0.051131
v 0.003099 0.007484 0.057500
v -0.003100 0.007483 0.049380
v -0.003100 0.007483 0.057749
v 0.003100 0.007483 0.049500
v -0.003100 0.007483 0.049749
v 0.003100 0.007483 0.049131
v -0.003100 0.007483 0.055749
v -0.003100 0.007483 0.055380
v 0.003100 0.007483 0.053500
v -0.003101 0.007483 0.051380
v -0.003101 0.007483 0.053380
v 0.003101 0.007483 0.051500
v 0.000159 0.007480 0.049970
v -0.003116 0.007477 0.057381
v 0.000050 0.007471 0.053981
v 0.005982 0.007471 0.059065
v -0.001749 0.007470 0.058596
v 0.003140 0.007466 0.047130
v -0.000508 0.007466 0.054927
v -0.000407 0.007464 0.050919
v 0.001725 0.007463 0.053805
v -0.001828 0.007458 0.057943
v 0.000059 0.007457 0.052889
v -0.000370 0.007453 0.052004
v 0.003185 0.007447 0.047496
v -0.000510 0.007443 0.056011
v -0.000522 0.007440 0.050012
v 0.000437 0.007439 0.055974
v 0.001683 0.007438 0.046579
v 0.000874 0.007436 0.054870
v 0.000342 0.007436 0.051981
v 0.000803 0.007434 0.047945
v 0.009572 0.007421 0.059000
v 0.000221 0.007418 0.054861
v -0.000834 0.007416 0.052928
v 0.002708 0.007409 0.046316
v 0.000762 0.007406 0.056851
v -0.006598 -0.007744 0.046065
v -0.000958 0.007402 0.052030
v 0.000835 0.007402 0.049959
v -0.001058 0.007397 0.054030
v 0.003296 0.007396 0.059024
v 0.001033 0.007394 0.058396
v -0.000489 0.007392 0.054041
v 0.003305 0.007392 0.059065
v -0.000714 0.007387 0.056900
v 0.000795 0.007386 0.048837
v 0.000266 0.007386 0.048018
v 0.001120 0.007385 0.051936
v 0.001100 0.007382 0.055942
v -0.003344 0.007374 0.059065
v 0.000982 0.007369 0.052833
v -0.003361 0.007369 0.059024
v 0.000461 0.007367 0.046825
v 0.000340 0.007366 0.050826
v 0.004893 0.007365 0.059065
v 0.004349 0.007363 0.059065
v 0.001137 0.007361 0.050835
v 0.002024 0.007359 0.057807
v -0.000297 0.007354 0.046846
v -0.001616 0.007352 0.054024
v 0.001503 0.007349 0.048848
v -0.001242 0.007347 0.056049
v -0.001246 0.007344 0.050936
v -0.000739 0.007343 0.048068
v 0.001571 0.007340 0.058438
v -0.001203 0.007338 0.054928
v 0.000586 0.007338 0.054022
v 0.002702 -0.010874 0.046065
v 0.001380 0.007321 0.047938
v -0.002387 0.007316 0.046507
v -0.001236 0.007314 0.050068
v 0.001215 0.007303 0.046803
v -0.001530 0.007295 0.056952
v -0.001467 0.007293 0.052068
v 0.001693 0.007293 0.055904
v 0.002356 0.007289 0.046543
v 0.001635 0.007289 0.049914
v 0.002696 0.007285 0.058692
v -0.009652 0.007282 0.046119
v 0.001758 0.007281 0.051900
v -0.002514 0.007277 0.058624
v 0.009658 0.007272 0.046117
v 0.001625 0.007272 0.056812
v -0.001049 0.007265 0.046866
v 0.003596 0.007256 0.046065
v -0.001501 0.007256 0.048925
v 0.003607 0.007250 0.046107
v -0.001894 0.007248 0.050056
v -0.002567 0.007247 0.057969
v -0.001734 0.007243 0.052956
v 0.006928 0.012000 0.055279
v -0.003650 0.007229 0.046107
v -0.003661 0.007223 0.046065
v -0.000346 0.007219 0.048771
v -0.002037 0.007216 0.050998
v -0.001821 0.007214 0.048083
v 0.002127 0.007214 0.058451
v 0.000134 0.007205 0.058130
v 0.007597 -0.008042 0.046065
v -0.000614 0.007202 0.058152
v 0.003707 0.007200 0.059024
v 0.003716 0.007196 0.059065
v 0.001948 0.007194 0.052798
v -0.008353 -0.006817 0.046065
v -0.002011 0.007189 0.052079
v -0.003748 0.007180 0.047775
v -0.001991 0.007176 0.056086
v 0.002707 0.007175 0.054892
v 0.002088 0.007171 0.054801
v -0.001941 0.007171 0.054955
v 0.001992 0.007171 0.050789
v 0.001960 0.007162 0.046781
v -0.003788 0.007159 0.047412
v -0.003793 0.007157 0.055776
v 0.006586 0.007156 0.059065
v 0.008464 0.007149 0.059065
v 0.003817 0.007144 0.049103
v 0.003818 0.007144 0.053103
v 0.003818 0.007144 0.057466
v 0.003818 0.007144 0.057103
v 0.003818 0.007144 0.055466
v -0.003818 0.007144 0.051777
v -0.003818 0.007144 0.049414
v 0.003818 0.007144 0.051103
v -0.003818 0.007144 0.057777
v 0.003818 0.007144 0.055103
v 0.003818 0.007144 0.049466
v -0.003818 0.007143 0.049777
v -0.003819 0.007143 0.055414
v -0.003819 0.007143 0.057414
v 0.003819 0.007143 0.053466
v -0.003819 0.007143 0.051414
v 0.003819 0.007143 0.051466
v 0.002048 0.007142 0.047921
v 0.002146 0.007135 0.053905
v 0.000873 0.007132 0.058110
v -0.003846 0.007128 0.053779
v -0.005201 0.007128 0.059065
v -0.003847 0.007128 0.053415
v -0.001348 0.007123 0.058174
v 0.002212 0.007123 0.048791
v 0.003059 0.007121 0.046456
v 0.002750 0.007120 0.057777
v 0.003863 0.007119 0.047101
v -0.001788 0.007099 0.046885
v 0.003900 0.007098 0.047462
v 0.000549 -0.012000 0.048154
v 0.005430 0.007084 0.059065
v 0.002290 0.007075 0.049908
v -0.002366 0.007075 0.048989
v 0.002301 0.007074 0.055904
v -0.003033 0.007069 0.046509
v 0.001389 0.007068 0.054678
v -0.002069 0.007063 0.054143
v -0.002317 0.007062 0.056973
v 0.001381 0.007056 0.054085
v 0.002250 0.007053 0.051929
v -0.002592 0.007050 0.054076
v -0.002354 0.007046 0.048115
v 0.002492 0.007036 0.056782
v 0.004645 0.007036 0.059065
v 0.003466 0.007033 0.058765
v 0.011977 -0.000738 0.046065
v -0.002469 0.007031 0.050106
v -0.002501 0.007025 0.052994
v -0.002557 0.007020 0.052098
v 0.003081 0.007019 0.058595
v 0.002676 0.007012 0.053852
v -0.004057 0.007011 0.059065
v -0.002616 0.007010 0.056094
v 0.007398 0.007004 0.059065
v 0.004071 0.007002 0.046065
v 0.004069 0.007002 0.059024
v -0.001198 0.007001 0.048252
v -0.004073 0.007000 0.059024
v 0.004077 0.006998 0.059065
v 0.004080 0.006997 0.046107
v -0.003172 0.006993 0.058603
v 0.001602 0.006985 0.058090
v -0.007052 0.006982 0.059065
v -0.004109 0.006979 0.046107
v -0.004118 0.006974 0.046065
v -0.002076 0.006969 0.058195
v -0.003272 0.006967 0.057995
v -0.005927 0.006953 0.059065
v 0.002685 0.006944 0.046761
v 0.002772 0.006937 0.051867
v -0.002667 0.006932 0.054983
v 0.002736 0.006922 0.047882
v 0.002806 0.006913 0.050767
v -0.002906 0.006907 0.048100
v -0.003084 0.006903 0.050067
v 0.002699 0.006895 0.058332
v 0.002862 0.006893 0.052765
v -0.002642 0.006872 0.050948
v 0.008532 -0.007414 0.046065
v -0.007954 0.006870 0.059065
v -0.002506 0.006858 0.046905
v -0.007242 -0.005975 0.046065
v 0.002943 0.006843 0.048753
v 0.002941 0.006840 0.049871
v 0.005038 0.006839 0.059065
v 0.003025 0.006823 0.055857
v 0.003210 0.006823 0.053806
v -0.009920 0.006818 0.046087
v -0.003852 0.006815 0.046376
v -0.003159 0.006807 0.053051
v 0.000000 0.006801 0.048370
v 0.000000 0.006801 0.048510
v 0.000000 0.006801 0.050370
v 0.000000 0.006801 0.050510
v 0.000000 0.006801 0.052370
v 0.000000 0.006801 0.052510
v 0.000000 0.006801 0.054370
v 0.000000 0.006801 0.054510
v 0.000000 0.006801 0.056370
v 0.000000 0.006801 0.056510
v 0.003405 0.006795 0.057761
v 0.004414 0.006791 0.059024
v 0.004422 0.006786 0.059065
v -0.003089 0.006781 0.054133
v -0.003154 0.006780 0.056120
v -0.004434 0.006778 0.047804
v -0.009949 0.006769 0.059045
v -0.003491 0.006767 0.046587
v -0.003059 0.006766 0.052147
v 0.005987 0.006763 0.059065
v 0.002311 0.006763 0.058071
v -0.000743 0.006760 0.056544
v -0.000768 0.006757 0.056408
v -0.003333 0.006755 0.055077
v 0.000788 0.006755 0.048334
v -0.000791 0.006755 0.048546
v -0.000799 0.006753 0.048410
v -0.004472 0.006753 0.047446
v -0.000802 0.006753 0.050410
v -0.000804 0.006753 0.052410
v -0.000803 0.006753 0.054410
v -0.000808 0.006752 0.050547
v -0.000808 0.006752 0.052547
v -0.003128 0.006752 0.057014
v -0.000810 0.006752 0.054547
v 0.000811 0.006752 0.048470
v -0.003179 0.006751 0.049031
v -0.004478 0.006749 0.046107
v -0.004485 0.006745 0.046065
v 0.004487 0.006743 0.057073
v 0.000886 0.006743 0.056330
v 0.000893 0.006742 0.050466
v 0.000895 0.006741 0.052466
v 0.000898 0.006741 0.050329
v 0.000908 0.006740 0.052329
v 0.000911 0.006739 0.056465
v -0.002782 0.006739 0.058215
v -0.003283 0.006736 0.051052
v 0.004500 0.006735 0.057433
v 0.004500 0.006735 0.053073
v 0.004500 0.006735 0.055433
v -0.004500 0.006735 0.049447
v -0.004500 0.006735 0.053807
v -0.004500 0.006735 0.051807
v -0.004500 0.006735 0.057807
v 0.004500 0.006735 0.051073
v 0.004500 0.006735 0.055073
v 0.004500 0.006735 0.049433
v 0.004500 0.006735 0.049073
v -0.004500 0.006735 0.049807
v -0.004500 0.006735 0.057447
v -0.004500 0.006735 0.055447
v -0.004500 0.006735 0.055807
v 0.004500 0.006735 0.053433
v 0.002537 0.006735 0.054620
v -0.004501 0.006735 0.051447
v -0.004501 0.006734 0.053447
v 0.004501 0.006734 0.051433
v 0.003181 0.006734 0.054742
v -0.003662 0.006726 0.052034
v 0.001009 0.006725 0.054460
v 0.001010 0.006725 0.054324
v -0.002986 -0.009003 0.046065
v 0.004541 0.006708 0.047072
v -0.003768 0.006704 0.058615
v 0.003329 0.006700 0.047832
v -0.008945 0.006687 0.059065
v 0.003285 0.006687 0.051853
v 0.003944 0.006682 0.058684
v 0.004579 0.006681 0.047429
v 0.003572 0.006672 0.056796
v 0.004602 0.006665 0.046107
v 0.007578 -0.009305 0.046065
v 0.004611 0.006658 0.046065
v 0.003385 0.006653 0.046742
v 0.009197 -0.003248 0.046065
v -0.003852 0.006635 0.047180
v -0.001520 0.006629 0.056579
v -0.001544 0.006623 0.056447
v 0.001569 0.006617 0.050431
v 0.001573 0.006616 0.050299
v -0.001580 0.006614 0.048581
v -0.001582 0.006614 0.050581
v -0.001589 0.006612 0.048450
v -0.001592 0.006612 0.054450
v 0.001593 0.006612 0.048430
v -0.001597 0.006611 0.052450
v -0.001599 0.006610 0.050450
v -0.001601 0.006610 0.054582
v 0.001604 0.006609 0.048298
v -0.001605 0.006608 0.052582
v 0.001630 0.006602 0.054428
v 0.001633 0.006602 0.054296
v 0.003465 0.006595 0.058381
v 0.001674 0.006591 0.056295
v 0.001694 0.006586 0.056425
v 0.001694 0.006586 0.052425
v 0.001709 0.006582 0.052293
v 0.006990 -0.005758 0.046065
v -0.004733 0.006572 0.059065
v -0.004239 0.006569 0.046386
v -0.004743 0.006564 0.059024
v 0.004748 0.006562 0.059024
v 0.001355 -0.010983 0.046065
v 0.004755 0.006556 0.059065
v 0.003601 0.006551 0.049820
v -0.003333 0.006549 0.048205
v 0.003011 0.006542 0.056602
v -0.003194 0.006541 0.046927
v 0.003618 0.006539 0.055823
v -0.003529 0.006533 0.050167
v -0.004791 0.006531 0.046107
v -0.004132 -0.009080 0.046065
v 0.003770 0.006528 0.054769
v 0.005498 0.006525 0.059065
v 0.003446 0.006525 0.050688
v -0.004798 0.006523 0.046065
v -0.003572 0.006501 0.054175
v 0.003633 0.006500 0.052722
v 0.009124 -0.006675 0.046065
v -0.003895 0.006495 0.048096
v 0.003663 0.006491 0.053832
v 0.004424 0.006480 0.058774
v -0.003649 0.006477 0.056169
v 0.003690 0.006473 0.048722
v 0.002993 0.006466 0.058049
v 0.003991 0.006466 0.057733
v -0.003653 0.006453 0.053027
v 0.002162 0.006448 0.054402
v 0.002169 0.006446 0.054272
v 0.006664 0.006443 0.059065
v -0.003462 0.006439 0.058234
v 0.003825 0.006431 0.051806
v -0.003954 0.006423 0.046662
v -0.002273 0.006409 0.056614
v -0.002298 0.006401 0.056484
v -0.010163 0.006397 0.046072
v 0.002321 0.006393 0.050395
v 0.003836 0.006392 0.047822
v -0.006369 0.006391 0.059065
v 0.002328 0.006390 0.050264
v -0.002347 0.006383 0.050617
v -0.002347 0.006383 0.048617
v -0.002348 0.006382 0.050487
v -0.002356 0.006379 0.048487
v -0.004583 0.006376 0.046353
v -0.002367 0.006375 0.052487
v -0.003810 0.006375 0.051042
v -0.002371 0.006374 0.054488
v -0.002378 0.006372 0.054619
v -0.002379 0.006371 0.052619
v 0.002382 0.006370 0.048392
v 0.002382 0.006370 0.048261
v 0.008288 -0.003521 0.046065
v -0.004380 0.006350 0.058638
v 0.002443 0.006347 0.056258
v 0.002462 0.006339 0.052388
v 0.002463 0.006339 0.056388
v 0.005046 0.006336 0.059065
v 0.002476 0.006334 0.052256
v 0.005051 0.006332 0.059024
v -0.004090 0.006324 0.052131
v -0.005078 0.006311 0.047836
v -0.003959 0.006293 0.049055
v -0.004068 0.006293 0.054153
v 0.004051 0.006292 0.046723
v -0.003919 0.006286 0.057039
v -0.005111 0.006284 0.047477
v 0.004810 0.006276 0.058831
v 0.005131 0.006267 0.053041
v -0.003510 0.006266 0.052313
v 0.005138 0.006262 0.057401
v 0.005138 0.006262 0.055401
v 0.005138 0.006262 0.057041
v -0.005138 0.006262 0.051839
v -0.005138 0.006262 0.053839
v -0.005138 0.006262 0.049479
v -0.005138 0.006262 0.057839
v 0.005139 0.006261 0.051041
v 0.005139 0.006261 0.055041
v 0.005139 0.006261 0.049041
v 0.005139 0.006261 0.049401
v -0.005139 0.006261 0.055479
v -0.005139 0.006261 0.057479
v -0.005139 0.006261 0.055839
v 0.005139 0.006261 0.053401
v -0.005139 0.006261 0.049839
v -0.005139 0.006261 0.051479
v -0.005139 0.006261 0.053479
v 0.005139 0.006261 0.051401
v 0.004080 0.006256 0.050713
v 0.008832 0.006652 0.046065
v 0.002676 0.006252 0.054378
v 0.002678 0.006251 0.054246
v -0.004114 0.006235 0.050167
v 0.005174 0.006232 0.047040
v -0.004469 0.006225 0.047206
v 0.004063 0.006206 0.055830
v 0.004200 0.006205 0.058424
v 0.005207 0.006205 0.047398
v -0.005211 0.006199 0.046107
v 0.005212 0.006199 0.046107
v -0.005219 0.006194 0.046065
v 0.005223 0.006190 0.046065
v -0.004148 0.006185 0.056185
v -0.002839 0.006180 0.050643
v 0.004145 0.006179 0.049812
v -0.002851 0.006174 0.050510
v 0.008066 0.006171 0.059065
v 0.004518 0.006166 0.048796
v -0.003931 0.006160 0.054984
v -0.004584 0.006157 0.055221
v 0.004326 0.006156 0.047757
v -0.003845 0.006154 0.046950
v 0.004121 0.006148 0.053836
v 0.006031 0.006147 0.059065
v -0.004159 0.006146 0.053058
v 0.004162 -0.009054 0.046065
v 0.003719 0.006120 0.056546
v -0.002981 0.006112 0.056651
v 0.009184 0.006110 0.059065
v 0.004528 0.006103 0.057705
v -0.003004 0.006102 0.056518
v 0.003639 0.006099 0.058026
v -0.004363 0.006099 0.046703
v 0.004330 0.006099 0.056708
v 0.004665 0.006089 0.058595
v -0.004619 0.006086 0.054092
v -0.003035 0.006086 0.048519
v -0.005348 0.006082 0.059065
v 0.004259 0.006081 0.054677
v -0.003044 0.006081 0.048655
v 0.003056 0.006075 0.050360
v -0.005361 0.006072 0.059024
v 0.003064 0.006072 0.050224
v -0.004108 0.006071 0.058254
v -0.004835 0.006068 0.046444
v -0.004319 0.006063 0.048195
v -0.004372 0.006060 0.051098
v 0.003087 0.006060 0.048223
v 0.003098 0.006054 0.048358
v -0.003102 0.006051 0.054522
v -0.003108 0.006049 0.052658
v 0.004369 0.006048 0.052692
v -0.003111 0.006047 0.052523
v -0.003112 0.006047 0.054658
v -0.007208 0.006032 0.059065
v 0.005409 0.006029 0.059065
v 0.005416 0.006023 0.059024
v 0.005097 0.006020 0.058814
v 0.004357 0.006019 0.051805
v 0.003166 0.006018 0.056219
v 0.003187 0.006008 0.056353
v 0.003193 0.006004 0.052353
v 0.001978 0.008305 0.046065
v -0.009352 0.005787 0.046065
v 0.010392 0.006000 0.046065
v -0.010392 0.006000 0.046065
v 0.010392 0.006000 0.059065
v -0.010392 0.006000 0.059065
v 0.003204 0.005998 0.052216
v 0.007241 0.005993 0.059065
v -0.008215 -0.003639 0.046065
v -0.009672 0.005973 0.059065
v 0.008605 0.005591 0.046065
v -0.004493 0.005972 0.052187
v -0.008130 0.005972 0.059065
v 0.004054 0.005946 0.048549
v 0.003321 0.005935 0.054347
v 0.003329 0.005930 0.054209
v 0.004626 0.005921 0.053747
v -0.003366 0.005909 0.050673
v -0.003383 0.005900 0.050537
v 0.004552 0.005893 0.055788
v 0.004827 0.005877 0.047686
v 0.004678 0.005867 0.046702
v -0.004687 0.005864 0.049135
v -0.004658 0.005859 0.056188
v -0.006790 0.006901 0.046065
v -0.005076 0.005843 0.058664
v 0.004625 0.005838 0.049782
v -0.004612 0.005836 0.057092
v -0.009000 0.005821 0.059065
v -0.004680 0.005803 0.053106
v -0.005298 0.005798 0.046353
v 0.005196 0.005794 0.046424
v -0.002202 -0.009592 0.046065
v -0.004693 0.005784 0.050211
v -0.005673 0.005781 0.047870
v 0.004673 0.005779 0.050660
v 0.004585 0.005773 0.058301
v 0.005684 0.005769 0.046107
v 0.005691 0.005762 0.046065
v 0.005702 0.005753 0.053009
v -0.005703 0.005752 0.047507
v -0.004798 0.005745 0.048198
v 0.005061 0.005745 0.058583
v -0.003640 0.005744 0.052550
v -0.003644 0.005741 0.052689
v -0.003649 0.005738 0.056689
v -0.005717 0.005738 0.046107
v -0.005068 0.005733 0.047233
v -0.005091 0.005732 0.055241
v -0.005727 0.005728 0.046065
v 0.005727 0.005728 0.057372
v -0.005727 0.005728 0.051873
v 0.005727 0.005728 0.057007
v 0.005727 0.005728 0.055372
v -0.005727 0.005728 0.053873
v -0.005727 0.005728 0.057873
v 0.005727 0.005728 0.051007
v -0.005728 0.005728 0.049508
v 0.005728 0.005728 0.055007
v 0.005728 0.005728 0.049007
v -0.005728 0.005727 0.055873
v -0.005728 0.005727 0.055508
v 0.005728 0.005727 0.049372
v -0.005728 0.005727 0.049873
v -0.005728 0.005727 0.057508
v 0.005728 0.005727 0.053372
v -0.005728 0.005727 0.051508
v -0.005728 0.005727 0.053508
v 0.005728 0.005727 0.051372
v -0.003669 0.005726 0.056552
v 0.005182 0.005705 0.049612
v -0.003706 0.005702 0.048554
v -0.004453 0.005701 0.046971
v 0.006553 0.005700 0.059065
v -0.003713 0.005697 0.048693
v 0.005762 0.005693 0.047006
v 0.005002 0.005684 0.057696
v -0.004411 0.005679 0.054945
v -0.004387 0.005676 0.054365
v 0.003749 0.005673 0.050324
v 0.003752 0.005672 0.048185
v 0.003757 0.005669 0.050185
v 0.004244 0.005668 0.058004
v -0.006553 0.005668 0.059065
v 0.003762 0.005665 0.048323
v 0.004380 0.005663 0.047953
v -0.004971 0.005663 0.052177
v 0.005791 0.005663 0.047368
v -0.004913 0.005660 0.046706
v 0.005141 0.005656 0.048760
v -0.003790 0.005646 0.054559
v -0.003795 0.005643 0.054698
v -0.005036 0.005642 0.054164
v -0.004714 0.005640 0.058275
v -0.010601 0.005638 0.046070
v 0.003839 0.005614 0.052319
v 0.004872 0.005612 0.054648
v 0.001831 -0.008649 0.046065
v 0.004876 0.005609 0.056647
v 0.003848 0.005608 0.052179
v 0.003856 0.005602 0.056179
v 0.005855 0.005597 0.059000
v 0.003876 0.005588 0.056317
v 0.005865 0.005583 0.059065
v 0.004974 0.005579 0.051748
v -0.007266 0.005855 0.046065
v 0.005012 0.005566 0.055740
v 0.004597 0.005566 0.048533
v -0.003655 -0.008309 0.046065
v -0.004919 0.005561 0.051103
v -0.003938 0.005545 0.050706
v -0.003951 0.005535 0.050568
v 0.005299 0.005526 0.047634
v 0.005033 0.005523 0.052664
v 0.003972 0.005520 0.054311
v 0.003979 0.005515 0.054171
v -0.005931 0.005512 0.059065
v 0.005464 0.005509 0.058687
v -0.005942 0.005503 0.059024
v 0.005001 0.005493 0.053773
v 0.005966 0.005475 0.046065
v 0.005971 0.005473 0.046107
v -0.005364 0.005469 0.048123
v -0.010724 0.005425 0.059054
v -0.004125 0.005406 0.052717
v -0.004128 0.005405 0.052578
v 0.005260 0.005382 0.046681
v 0.005602 0.005374 0.046442
v 0.002183 -0.009598 0.046065
v -0.005128 0.005366 0.056254
v -0.005211 0.005357 0.050228
v 0.005100 0.005343 0.058314
v -0.005372 0.005342 0.046623
v -0.005205 0.005323 0.057130
v -0.004904 0.005318 0.048998
v 0.005244 0.005316 0.050645
v 0.004250 0.005309 0.048156
v -0.005488 0.005304 0.049245
v -0.004261 0.005300 0.056725
v 0.005441 0.005297 0.057660
v 0.004266 0.005296 0.048293
v -0.004902 0.005296 0.054987
v -0.005255 0.005292 0.053139
v -0.004272 0.005291 0.056587
v 0.007732 0.005290 0.059065
v -0.007723 0.005288 0.059065
v -0.006188 -0.010280 0.046065
v 0.004886 0.005281 0.047905
v -0.005823 -0.007070 0.046065
v -0.003287 -0.009993 0.046065
v -0.004321 0.005252 0.054590
v -0.004325 0.005248 0.054729
v 0.006169 0.005248 0.046065
v 0.006173 0.005242 0.046107
v -0.010831 0.005240 0.046084
v -0.004341 0.005235 0.048591
v -0.004344 0.005233 0.048730
v -0.005274 0.005217 0.052268
v 0.008572 0.005201 0.059065
v -0.006209 0.005201 0.047903
v -0.004889 0.005198 0.054418
v 0.004387 0.005196 0.050286
v -0.004993 0.005193 0.048383
v 0.004394 0.005190 0.050147
v -0.005012 0.005190 0.046992
v -0.005615 0.005183 0.047256
v 0.005441 0.005177 0.056659
v 0.007017 0.005176 0.059065
v 0.004801 0.005176 0.057984
v 0.005448 0.005174 0.054660
v -0.008679 0.005170 0.059065
v 0.004948 0.005165 0.049925
v -0.006240 0.005164 0.047536
v -0.009806 0.005156 0.059065
v -0.005274 0.005152 0.058297
v -0.006252 0.005150 0.046107
v 0.007657 0.008242 0.046065
v 0.005122 0.005143 0.048523
v 0.008198 -0.004952 0.046065
v -0.006261 0.005139 0.046065
v 0.006261 0.005139 0.052974
v -0.006261 0.005139 0.051906
v 0.006261 0.005139 0.056974
v 0.006261 0.005139 0.057343
v -0.006261 0.005139 0.053906
v -0.006261 0.005139 0.057906
v 0.006261 0.005139 0.050974
v 0.006261 0.005139 0.055343
v 0.006261 0.005139 0.048974
v 0.006261 0.005139 0.054974
v -0.006261 0.005139 0.049537
v -0.006261 0.005139 0.055906
v -0.006261 0.005138 0.049906
v 0.006262 0.005138 0.049343
v -0.006262 0.005138 0.057537
v -0.006262 0.005138 0.055537
v 0.006262 0.005138 0.053343
v -0.006262 0.005138 0.051537
v -0.006262 0.005138 0.053537
v 0.006262 0.005138 0.051343
v 0.005925 0.005137 0.046363
v -0.005432 0.005128 0.054245
v 0.004469 0.005126 0.052280
v 0.004474 0.005121 0.052142
v 0.005389 0.005112 0.055751
v 0.003149 -0.008950 0.046065
v -0.005810 0.005111 0.058667
v 0.006290 0.005103 0.046973
v 0.004499 0.005100 0.056141
v 0.005515 0.005097 0.049700
v -0.005498 0.005092 0.055171
v 0.005436 0.005090 0.051738
v 0.004519 0.005082 0.056277
v 0.005697 0.005074 0.047627
v 0.006315 0.005071 0.058972
v 0.006319 0.005067 0.047340
v 0.005754 0.005066 0.048737
v 0.006320 0.005066 0.059065
v -0.004544 0.005060 0.050742
v -0.007077 0.005054 0.059065
v 0.005457 0.005053 0.053741
v -0.004557 0.005048 0.050606
v -0.005776 0.005046 0.046534
v -0.011066 -0.001045 0.046065
v -0.004589 0.005020 0.052608
v -0.004592 0.005017 0.052745
v 0.004598 0.005011 0.054272
v 0.004604 0.005006 0.054134
v 0.006380 0.004990 0.046065
v 0.005612 0.004988 0.052646
v 0.006385 0.004983 0.046107
v 0.005668 0.004977 0.058468
v 0.009001 -0.005417 0.046065
v 0.009596 0.004955 0.059065
v -0.005548 0.004955 0.051144
v -0.004678 0.004936 0.056750
v -0.005696 0.004925 0.048225
v -0.004690 0.004925 0.056615
v 0.004692 0.004923 0.048129
v 0.004703 0.004912 0.048264
v 0.005278 0.004896 0.047880
v -0.006460 0.004882 0.059065
v -0.005600 0.004877 0.050286
v -0.006469 0.004871 0.059024
v -0.005639 0.004863 0.056273
v -0.005692 0.004860 0.052255
v 0.005764 0.004856 0.057672
v -0.005322 0.004848 0.049002
v -0.004775 0.004842 0.054621
v 0.005790 0.004841 0.046659
v -0.004778 0.004840 0.054756
v -0.004794 0.004823 0.048757
v -0.004806 0.004812 0.048623
v -0.011086 0.004799 0.059018
v 0.003758 -0.010589 0.046065
v -0.011097 0.004779 0.046114
v 0.011119 0.004741 0.046117
v 0.005751 0.004740 0.050603
v -0.008180 0.004730 0.059065
v 0.006197 0.004724 0.046414
v -0.000171 -0.009640 0.046065
v 0.005438 0.004713 0.048463
v -0.012718 -0.001972 0.050609
v 0.004617 -0.009990 0.046065
v 0.006101 0.004691 0.047567
v -0.006059 0.004688 0.049292
v -0.005784 0.004681 0.057160
v 0.006258 -0.010239 0.046065
v -0.005831 0.004652 0.053173
v 0.004895 -0.010956 0.046065
v 0.005304 0.004629 0.057964
v -0.005513 0.004622 0.047012
v 0.005848 0.004615 0.049712
v -0.006657 0.004613 0.046107
v 0.006659 0.004610 0.046065
v 0.006659 0.004610 0.046107
v -0.005782 0.004609 0.058318
v 0.005862 0.004608 0.055706
v -0.009317 0.004607 0.059065
v 0.005799 0.004604 0.051739
v -0.006664 0.004603 0.046065
v 0.005860 0.004600 0.056594
v -0.006123 0.004590 0.047293
v -0.005030 0.004577 0.050772
v 0.005847 0.004574 0.054578
v 0.005041 0.004564 0.052240
v -0.006691 0.004564 0.047934
v -0.006079 0.004563 0.046605
v -0.005045 0.004560 0.050640
v 0.005048 0.004557 0.050240
v 0.005050 0.004555 0.052106
v 0.005051 0.004554 0.050106
v 0.005064 0.004540 0.048106
v 0.005070 0.004533 0.056105
v 0.007306 0.004528 0.059065
v -0.006717 0.004526 0.047566
v 0.005077 0.004524 0.048238
v -0.005081 0.004520 0.052776
v 0.005083 0.004518 0.056237
v 0.006727 0.004511 0.059065
v -0.005089 0.004511 0.052643
v 0.007924 0.004508 0.059065
v 0.006730 0.004507 0.058945
v 0.005406 0.004507 0.047957
v 0.006734 0.004501 0.052943
v 0.006735 0.004501 0.056943
v 0.006735 0.004500 0.057313
v -0.006735 0.004500 0.057937
v -0.006735 0.004500 0.053937
v 0.006735 0.004500 0.048943
v 0.006735 0.004500 0.055313
v -0.006735 0.004500 0.055937
v -0.006735 0.004500 0.049567
v 0.006735 0.004500 0.054943
v -0.006735 0.004500 0.049937
v 0.006735 0.004500 0.049313
v -0.006735 0.004500 0.057567
v -0.006735 0.004500 0.055567
v 0.006735 0.004500 0.053313
v -0.006735 0.004500 0.051567
v -0.006735 0.004499 0.053567
v -0.006027 0.004497 0.055218
v 0.006738 0.004496 0.051313
v -0.008979 0.000791 0.046065
v -0.005995 0.004493 0.050271
v -0.006740 0.004493 0.051937
v 0.006222 0.004490 0.048707
v -0.005119 0.004477 0.056646
v -0.010357 0.004476 0.059065
v 0.006751 0.004476 0.050942
v -0.005122 0.004474 0.056778
v 0.006135 0.004468 0.057620
v 0.011281 0.004461 0.058989
v 0.006765 0.004455 0.046942
v 0.006055 0.004446 0.058436
v -0.005975 0.004440 0.054299
v 0.005162 0.004427 0.054231
v -0.007532 0.004422 0.059065
v 0.005167 0.004422 0.054099
v 0.006788 0.004418 0.047309
v -0.005170 0.004418 0.048650
v -0.005173 0.004415 0.048782
v -0.006014 0.004406 0.052296
v -0.005184 0.004402 0.054651
v -0.005188 0.004397 0.054783
v -0.005731 0.004392 0.048425
v 0.005767 0.004385 0.048470
v 0.006587 0.004382 0.058836
v -0.005716 0.004382 0.049029
v -0.006072 0.004378 0.056280
v -0.006269 0.004369 0.048195
v 0.006012 0.004364 0.052570
v 0.005786 0.004357 0.047824
v 0.006044 0.004340 0.053702
v -0.006705 0.008977 0.046065
v -0.011387 0.004277 0.046161
v 0.008650 0.004257 0.059065
v -0.006448 0.004252 0.046478
v 0.006894 0.004250 0.046107
v 0.006262 0.004248 0.046639
v 0.006898 0.004243 0.046065
v 0.006184 0.004234 0.051666
v 0.009539 -0.001219 0.046065
v 0.006345 0.004215 0.047590
v -0.006923 0.004203 0.059065
v -0.006932 0.004190 0.046107
v -0.006929 0.004189 0.059024
v -0.008837 0.004183 0.059065
v -0.006937 0.004179 0.046065
v -0.008185 0.004177 0.059065
v -0.006179 0.004166 0.051193
v 0.010350 0.004136 0.059065
v 0.005404 0.004128 0.048082
v 0.005416 0.004112 0.048212
v -0.011488 0.004102 0.058950
v 0.006146 0.004101 0.049723
v 0.005427 0.004098 0.050211
v 0.005428 0.004096 0.050080
v 0.006218 0.004045 0.050547
v 0.005747 0.004031 0.057943
v -0.006274 0.004029 0.049204
v -0.005483 0.004022 0.050804
v -0.006282 0.004021 0.050312
v -0.006231 0.004017 0.058338
v -0.005495 0.004007 0.050674
v -0.005960 0.003993 0.047032
v 0.006457 0.003986 0.057596
v -0.004899 -0.010954 0.046065
v -0.005514 0.003981 0.048806
v 0.006317 0.003981 0.055668
v -0.006535 0.003976 0.047323
v 0.006630 0.003972 0.053511
v -0.005522 0.003969 0.048676
v 0.006017 0.003965 0.048427
v 0.006320 0.003964 0.056566
v 0.006326 0.003945 0.054564
v 0.005554 0.003925 0.052201
v 0.006561 0.003925 0.048667
v -0.009858 0.003921 0.059065
v -0.006343 0.003919 0.054319
v 0.005560 0.003917 0.052070
v 0.005562 0.003914 0.056070
v -0.006309 0.003914 0.052336
v 0.007095 0.003908 0.059065
v -0.006025 0.003897 0.048475
v -0.005574 0.003897 0.052811
v 0.005574 0.003897 0.056200
v 0.007102 0.003894 0.058919
v -0.006360 0.003885 0.057207
v -0.007108 0.003883 0.047963
v -0.005587 0.003878 0.052681
v -0.006351 0.003874 0.053200
v -0.006753 0.003871 0.046422
v -0.005592 0.003871 0.056682
v -0.006383 0.003862 0.056319
v -0.005600 0.003859 0.056813
v -0.007677 0.003856 0.059065
v -0.007130 0.003844 0.047599
v -0.007135 0.003835 0.051600
v -0.005623 0.003825 0.054684
v 0.007760 0.003823 0.059065
v -0.005627 0.003820 0.054815
v 0.007143 0.003819 0.052914
v -0.007143 0.003819 0.051966
v 0.007143 0.003819 0.057280
v -0.007143 0.003819 0.057966
v 0.007143 0.003818 0.048914
v 0.007143 0.003818 0.050914
v 0.007144 0.003818 0.055280
v -0.007144 0.003818 0.053966
v 0.007144 0.003818 0.049280
v -0.007144 0.003818 0.049600
v -0.007144 0.003818 0.055966
v 0.007144 0.003818 0.054914
v -0.007144 0.003818 0.057600
v -0.007144 0.003818 0.049966
v -0.007144 0.003818 0.055600
v 0.007144 0.003818 0.053280
v -0.007144 0.003818 0.053600
v 0.006084 0.003818 0.047831
v 0.007144 0.003817 0.051280
v 0.006388 0.003816 0.058366
v -0.007148 0.003810 0.046107
v 0.007151 0.003804 0.056914
v -0.007151 0.003803 0.046065
v 0.005641 0.003797 0.054194
v 0.009375 0.003796 0.059065
v -0.009471 -0.001266 0.046065
v -0.006413 0.003785 0.055211
v 0.005650 0.003784 0.054063
v -0.006399 0.003781 0.046772
v 0.006444 0.003769 0.052561
v 0.007172 0.003764 0.046914
v 0.006428 0.003756 0.051671
v -0.006842 0.003755 0.058731
v 0.007179 0.003749 0.046107
v 0.007183 0.003741 0.046065
v 0.006887 0.003733 0.046372
v 0.006618 0.003729 0.047578
v 0.007191 0.003727 0.047275
v -0.006510 0.003719 0.048305
v 0.006912 0.003710 0.058769
v -0.008222 0.003683 0.059065
v 0.005720 0.003678 0.048057
v 0.006489 0.003668 0.049660
v 0.005728 0.003665 0.048187
v -0.003224 0.012000 0.055229
v 0.006164 0.003626 0.053841
v 0.006671 0.003611 0.046621
v -0.007266 0.003578 0.059065
v -0.007273 0.003564 0.059024
v -0.008795 0.003557 0.059065
v -0.010737 0.003556 0.059065
v 0.006263 0.003538 0.048399
v 0.004515 0.008713 0.046065
v -0.007073 0.003528 0.046301
v -0.006480 0.003518 0.050383
v -0.009407 0.003510 0.059065
v -0.005847 0.003474 0.048835
v -0.007316 0.003474 0.046065
v 0.006650 0.003468 0.057623
v -0.006641 0.003468 0.052319
v -0.006829 0.003466 0.046545
v -0.007321 0.003465 0.046107
v -0.005854 0.003462 0.048703
v -0.006597 0.003428 0.049223
v 0.011878 0.003427 0.046275
v 0.006121 0.003390 0.057921
v -0.006607 0.003385 0.054360
v -0.006618 0.003383 0.058357
v 0.006604 0.003383 0.055666
v 0.006695 0.003375 0.053619
v 0.008315 0.003372 0.059065
v 0.006756 0.003369 0.056590
v -0.005910 0.003365 0.050841
v -0.011920 0.003354 0.058842
v -0.007830 0.003349 0.059065
v -0.005920 0.003347 0.050709
v -0.006322 0.003344 0.047054
v -0.006681 0.003339 0.056337
v 0.007380 0.003332 0.046107
v 0.007384 0.003322 0.046065
v 0.006648 0.003319 0.050522
v -0.011957 0.003291 0.046299
v -0.006862 0.003287 0.047332
v 0.007084 0.003280 0.046399
v 0.006705 0.003265 0.051637
v -0.006703 0.003261 0.051241
v 0.005976 0.003247 0.052166
v 0.006756 0.003243 0.048554
v 0.005978 0.003242 0.052032
v 0.005979 0.003241 0.056032
v 0.006709 0.003241 0.054529
v 0.005981 0.003236 0.050031
v 0.006937 0.003221 0.047521
v 0.005990 0.003220 0.056165
v 0.005991 0.003219 0.050165
v -0.006753 0.003216 0.048338
v -0.005993 0.003216 0.056715
v -0.005996 0.003209 0.056850
v -0.005997 0.003207 0.052850
v -0.007197 0.003198 0.046329
v -0.008395 0.003195 0.059065
v 0.007442 0.003193 0.059065
v 0.006779 0.003190 0.049612
v -0.006006 0.003190 0.052717
v 0.006008 0.003186 0.048029
v 0.007448 0.003184 0.058889
v -0.005530 0.008975 0.046065
v 0.006014 0.003176 0.048163
v -0.007065 0.003168 0.058668
v -0.007456 0.003164 0.047993
v 0.006731 0.003149 0.058355
v 0.006465 0.003145 0.047792
v -0.006031 0.003143 0.054719
v 0.006752 0.003136 0.052519
v -0.006035 0.003136 0.054854
v -0.006704 0.003125 0.046809
v -0.007473 0.003124 0.049994
v -0.007474 0.003122 0.047633
v -0.006749 0.003112 0.053238
v 0.007480 0.003107 0.054885
v -0.006811 0.003102 0.050340
v 0.006052 0.003101 0.054159
v -0.007483 0.003100 0.051995
v 0.007483 0.003100 0.052885
v 0.007483 0.003100 0.057246
v 0.007483 0.003100 0.056885
v 0.007483 0.003100 0.048885
v -0.007483 0.003100 0.057995
v -0.007483 0.003100 0.049634
v 0.007483 0.003100 0.050885
v 0.007483 0.003100 0.053246
v -0.007483 0.003100 0.057634
v -0.007483 0.003100 0.053995
v -0.007483 0.003100 0.055634
v -0.007483 0.003100 0.055995
v -0.007484 0.003099 0.051634
v -0.007484 0.003099 0.053634
v 0.007484 0.003099 0.051246
v 0.009506 0.001042 0.046065
v 0.006059 0.003088 0.054023
v 0.007490 0.003083 0.055245
v -0.006768 0.003075 0.057241
v 0.007496 0.003069 0.049245
v 0.007333 0.003053 0.046263
v 0.007508 0.003038 0.046884
v -0.007514 0.003024 0.059065
v -0.007517 0.003016 0.059024
v 0.006937 0.003012 0.057562
v -0.007522 0.003004 0.046065
v -0.007521 0.003003 0.046107
v 0.007523 0.003003 0.047242
v 0.006968 0.002986 0.055550
v 0.009095 0.002981 0.059065
v -0.006777 0.002976 0.052392
v 0.012139 0.002975 0.058778
v -0.006816 0.002973 0.055246
v 0.007544 0.002948 0.046107
v 0.010333 0.002942 0.059065
v 0.007548 0.002939 0.046065
v 0.007015 0.002936 0.046602
v 0.006558 0.002933 0.056365
v -0.006928 0.002904 0.054332
v -0.008832 0.002903 0.059065
v -0.007094 0.002899 0.046537
v -0.002744 -0.011083 0.046065
v 0.006830 0.002881 0.053645
v -0.010130 0.002870 0.059065
v -0.009417 0.002862 0.059065
v -0.008125 0.002843 0.059065
v -0.006193 0.002811 0.048872
v -0.006927 0.002802 0.056359
v -0.006203 0.002788 0.048736
v 0.006995 0.002781 0.051571
v 0.011675 0.002768 0.059065
v 0.007310 0.002743 0.046398
v 0.003293 -0.009768 0.046065
v -0.007392 0.002731 0.058805
v -0.006918 0.002713 0.049255
v -0.006941 0.002713 0.058376
v 0.006426 0.002712 0.057898
v -0.006619 0.002647 0.047077
v -0.006267 0.002642 0.050882
v 0.007030 0.002625 0.047577
v -0.006275 0.002623 0.050745
v 0.007156 0.002621 0.056596
v 0.007049 0.002618 0.048540
v -0.006945 0.002616 0.048397
v 0.006940 0.002615 0.049628
v -0.007154 0.002606 0.047368
v -0.007673 0.002592 0.059065
v 0.006288 0.002589 0.055996
v 0.006945 0.002585 0.050476
v -0.007675 0.002583 0.059024
v 0.006295 0.002574 0.056133
v -0.006969 0.002572 0.050396
v 0.007679 0.002571 0.046107
v 0.006297 0.002569 0.052133
v 0.006299 0.002564 0.051994
v 0.007682 0.002563 0.046065
v 0.006304 0.002553 0.047994
v -0.011069 0.002550 0.059065
v -0.011919 -0.001389 0.046065
v 0.006719 0.002539 0.055764
v 0.006312 0.002531 0.048131
v 0.007304 0.002530 0.058653
v 0.006808 0.002529 0.052390
v 0.006317 0.002519 0.049992
v -0.006318 0.002518 0.056750
v -0.006320 0.002511 0.056889
v 0.007247 0.002504 0.055475
v 0.006327 0.002494 0.050129
v 0.008434 0.002491 0.059065
v -0.007030 0.002491 0.052382
v 0.007027 0.002485 0.054497
v -0.007341 0.002485 0.046454
v -0.007229 0.002478 0.058566
v -0.006339 0.002465 0.052891
v -0.007956 0.002455 0.059065
v -0.006980 0.002448 0.046808
v -0.008462 0.002447 0.059065
v -0.006346 0.002443 0.052753
v 0.007722 0.002441 0.059065
v 0.007726 0.002432 0.058858
v 0.007490 0.002423 0.046333
v 0.007290 0.002414 0.052621
v -0.007732 0.002413 0.048024
v -0.000431 -0.011219 0.046065
v -0.007735 0.002402 0.046065
v -0.006363 0.002400 0.054756
v -0.007737 0.002397 0.046107
v -0.007111 0.002394 0.057312
v -0.006368 0.002386 0.054895
v 0.007148 0.002384 0.057548
v -0.007006 0.002377 0.053251
v -0.007744 0.002375 0.047665
v 0.007746 0.002367 0.053214
v 0.006773 0.002367 0.056333
v -0.006988 0.002365 0.054433
v 0.007062 0.002362 0.053600
v -0.007054 0.002360 0.051277
v -0.007751 0.002352 0.052026
v 0.007751 0.002352 0.052854
v 0.007751 0.002352 0.057214
v 0.007751 0.002352 0.056854
v 0.007751 0.002352 0.049214
v 0.007751 0.002351 0.048854
v -0.007751 0.002351 0.049666
v 0.007751 0.002351 0.050854
v -0.007751 0.002351 0.057666
v -0.007751 0.002351 0.058026
v -0.007751 0.002351 0.055666
v -0.007751 0.002351 0.050026
v -0.007751 0.002351 0.054026
v -0.007751 0.002351 0.056026
v -0.007751 0.002351 0.053666
v -0.007751 0.002351 0.051666
v 0.007751 0.002351 0.051214
v 0.006382 0.002349 0.054122
v 0.006385 0.002340 0.053983
v 0.007757 0.002332 0.055213
v 0.007757 0.002331 0.054853
v 0.005378 -0.009203 0.046065
v 0.007770 0.002286 0.046853
v -0.008910 0.002284 0.059065
v -0.007038 0.002279 0.056425
v 0.007088 0.002272 0.051598
v -0.009858 0.003830 0.046065
v -0.011006 0.000998 0.046065
v 0.007781 0.002249 0.047209
v 0.007291 0.002230 0.046582
v 0.009529 0.002213 0.059065
v 0.007798 0.002190 0.046107
v -0.009531 0.002188 0.059065
v -0.007475 0.002181 0.058710
v 0.007799 0.002181 0.046065
v -0.008159 0.002178 0.059065
v -0.007145 0.002155 0.055302
v 0.008704 -0.001735 0.046065
v -0.007815 0.002122 0.059065
v 0.007179 0.002115 0.049566
v -0.007818 0.002113 0.059024
v 0.007112 0.002104 0.047605
v -0.007508 0.002070 0.046417
v -0.006480 0.002063 0.048912
v -0.007184 0.002054 0.050394
v 0.006927 0.002049 0.055716
v -0.006488 0.002039 0.048774
v 0.006488 0.002038 0.055967
v 0.006489 0.002035 0.056106
v -0.007196 0.002015 0.058396
v 0.007277 0.002008 0.050528
v 0.006657 0.002005 0.057876
v 0.006500 0.002001 0.052105
v 0.006501 0.001998 0.051965
v 0.007566 0.001996 0.046381
v -0.007212 0.001977 0.052395
v 0.006948 0.001956 0.052338
v 0.007152 0.001953 0.048449
v -0.006842 0.001923 0.047099
v -0.012752 0.001912 0.058548
v -0.007870 0.001907 0.046065
v 0.007407 0.001906 0.056579
v 0.012757 0.001904 0.046584
v 0.007424 0.001902 0.055452
v -0.007279 0.001901 0.054372
v -0.007873 0.001900 0.046107
v -0.007176 0.001898 0.049289
v -0.012766 0.001889 0.046588
v -0.010238 0.001884 0.059065
v -0.006534 0.001884 0.050920
v -0.007359 0.001874 0.047390
v -0.006540 0.001865 0.050782
v -0.007679 0.001861 0.058826
v -0.007167 0.001856 0.046802
v 0.007294 0.001844 0.054505
v 0.007310 0.001841 0.053523
v 0.007357 -0.004882 0.046065
v -0.008402 0.001807 0.059065
v 0.006557 0.001805 0.047956
v 0.007897 0.001801 0.046107
v 0.007332 0.001798 0.051515
v -0.001014 -0.009030 0.046065
v 0.007900 0.001790 0.046065
v 0.006979 0.001787 0.056322
v 0.010336 -0.004466 0.046065
v -0.007323 0.001784 0.053359
v 0.006564 0.001781 0.048094
v -0.011867 0.001779 0.059065
v -0.006565 0.001775 0.056787
v -0.006566 0.001771 0.052926
v 0.006567 0.001765 0.049954
v -0.006568 0.001764 0.056926
v 0.010703 0.001757 0.059065
v -0.006571 0.001754 0.052788
v 0.006572 0.001746 0.050092
v -0.007282 0.001731 0.056400
v -0.007266 0.001731 0.048409
v -0.008949 0.001710 0.059065
v -0.007918 0.001708 0.059065
v -0.007919 0.001700 0.059024
v 0.008742 0.001691 0.059065
v -0.007708 0.001675 0.046316
v 0.007927 0.001665 0.059065
v 0.007928 0.001658 0.058825
v -0.007506 0.001657 0.058610
v 0.007458 0.001650 0.058562
v 0.007324 0.001648 0.052487
v -0.006600 0.001641 0.054794
v -0.007256 0.001640 0.057310
v -0.006601 0.001637 0.054932
v -0.007932 0.001637 0.048057
v 0.006603 0.001628 0.054086
v 0.006603 0.001626 0.053947
v 0.006605 0.001620 0.056085
v 0.006605 0.001619 0.055947
v 0.007365 0.001612 0.057511
v -0.007940 0.001602 0.047696
v 0.007940 0.001599 0.052822
v 0.007283 0.001597 0.047560
v -0.007421 0.001596 0.046610
v 0.007196 0.001594 0.049611
v 0.007714 0.001590 0.046330
v 0.010042 0.005145 0.046065
v -0.007944 0.001581 0.052059
v 0.007944 0.001581 0.048821
v 0.007944 0.001581 0.049183
v 0.007944 0.001580 0.050821
v 0.007944 0.001580 0.057183
v -0.007944 0.001580 0.050059
v -0.007944 0.001580 0.057697
v 0.007944 0.001580 0.053183
v 0.007944 0.001580 0.054821
v 0.007944 0.001580 0.056821
v -0.007944 0.001580 0.054059
v -0.007944 0.001580 0.058059
v -0.007944 0.001580 0.049697
v -0.007944 0.001580 0.055697
v -0.007944 0.001580 0.056059
v -0.007944 0.001580 0.053697
v -0.007944 0.001580 0.051697
v 0.007945 0.001579 0.051183
v 0.007946 0.001572 0.055183
v 0.007055 0.001545 0.055694
v -0.007952 0.001539 0.046107
v -0.002642 0.009157 0.046065
v -0.007953 0.001531 0.046065
v -0.007261 0.001524 0.050449
v 0.007956 0.001517 0.046820
v 0.007496 0.001501 0.046561
v -0.009035 -0.003142 0.046065
v -0.007295 0.001488 0.051320
v 0.007963 0.001477 0.047180
v 0.006645 0.001445 0.051939
v 0.013023 0.001444 0.058428
v -0.007289 0.001442 0.052446
v 0.006650 0.001426 0.052075
v -0.010941 0.001399 0.059065
v -0.009563 0.001394 0.059065
v 0.011153 0.000520 0.046065
v -0.007394 0.001355 0.055365
v 0.007110 0.001353 0.054321
v 0.007068 0.001351 0.053702
v 0.007294 0.001327 0.050421
v 0.007990 0.001326 0.046107
v 0.007991 0.001316 0.046065
v 0.007540 0.001308 0.055434
v -0.007371 0.001307 0.054420
v -0.007381 0.001295 0.058417
v -0.006678 0.001287 0.048948
v -0.007688 0.001281 0.058718
v 0.006812 0.001279 0.057855
v 0.007087 0.001277 0.051696
v 0.007319 0.001271 0.048426
v -0.008442 0.001268 0.059065
v -0.007998 0.001268 0.059065
v -0.007672 0.001263 0.046430
v -0.006683 0.001260 0.048813
v -0.008000 0.001257 0.059024
v 0.006690 0.001225 0.055929
v 0.006691 0.001218 0.056065
v 0.012160 -0.002938 0.054953
v 0.007559 0.001205 0.051429
v 0.009579 0.001204 0.059065
v 0.007480 0.001180 0.056504
v -0.006987 0.001179 0.047120
v -0.008946 0.001152 0.059065
v 0.007651 0.001133 0.052593
v 0.007045 0.001126 0.056252
v -0.008018 0.001125 0.046065
v -0.008021 0.001120 0.046107
v -0.007498 0.001118 0.047412
v 0.007526 0.001118 0.053450
v 0.007429 0.001117 0.049508
v 0.006710 0.001109 0.054059
v 0.006710 0.001106 0.053924
v -0.006711 0.001101 0.050957
v 0.007789 0.001090 0.046340
v -0.007304 0.001090 0.048489
v -0.007371 0.001083 0.056449
v 0.007406 0.001075 0.047523
v -0.006715 0.001075 0.050822
v 0.007169 0.001075 0.052314
v -0.007369 0.001070 0.049336
v -0.007384 0.001064 0.053345
v -0.007318 0.001057 0.046812
v 0.007341 0.005744 0.046065
v 0.007573 0.001051 0.054539
v 0.006723 0.001026 0.047920
v -0.006723 0.001024 0.056825
v 0.007114 0.001022 0.055693
v -0.006724 0.001021 0.056960
v -0.006725 0.001011 0.052961
v 0.006727 0.001001 0.048054
v -0.006729 0.000986 0.052827
v 0.006729 0.000983 0.049918
v -0.007387 0.000980 0.050456
v -0.006730 0.000977 0.054827
v -0.006732 0.000966 0.054963
v 0.006733 0.000957 0.050052
v 0.007416 0.000928 0.057522
v -0.007419 0.000885 0.052449
v 0.008053 0.000872 0.059065
v 0.011968 0.000869 0.059065
v 0.008053 0.000867 0.058791
v -0.007681 0.000867 0.058654
v 0.006745 0.000864 0.051913
v -0.008054 0.000861 0.048090
v -0.010177 0.000860 0.059065
v 0.006748 0.000848 0.052046
v -0.008058 0.000825 0.047724
v -0.008060 0.000806 0.059065
v -0.008061 0.000795 0.059024
v -0.007397 0.000795 0.057342
v -0.008061 0.000795 0.052093
v 0.008061 0.000795 0.048787
v 0.008061 0.000794 0.056787
v 0.008061 0.000794 0.050787
v -0.007662 0.000794 0.046499
v 0.008061 0.000794 0.057154
v -0.008061 0.000794 0.050093
v -0.008061 0.000794 0.057726
v -0.008061 0.000794 0.054093
v -0.008061 0.000794 0.058093
v 0.008061 0.000794 0.049154
v 0.008061 0.000794 0.055154
v -0.008061 0.000794 0.055726
v 0.008061 0.000794 0.053154
v 0.008061 0.000794 0.054787
v -0.008061 0.000794 0.049726
v -0.008061 0.000794 0.056093
v -0.008061 0.000793 0.053726
v -0.008061 0.000793 0.051726
v 0.008061 0.000793 0.051154
v -0.008062 0.000788 0.046065
v -0.008062 0.000782 0.046107
v 0.008829 0.000775 0.059065
v 0.007561 0.000772 0.055444
v 0.008064 0.000766 0.052786
v -0.007237 0.000757 0.055249
v 0.007629 0.000755 0.046540
v 0.008066 0.000746 0.046787
v -0.008457 0.000734 0.059065
v 0.007181 0.000724 0.054279
v 0.006764 0.000704 0.055906
v 0.008069 0.000702 0.047151
v 0.007505 0.000701 0.058462
v 0.006765 0.000700 0.056039
v -0.007426 0.000691 0.051358
v 0.007166 0.000687 0.051674
v -0.009462 0.000687 0.059065
v 0.008071 0.000671 0.046107
v -0.008878 0.000665 0.059065
v 0.008072 0.000660 0.046065
v -0.007444 0.000654 0.054456
v 0.010465 0.000637 0.059065
v 0.007645 0.000613 0.051397
v 0.007377 0.000574 0.047553
v 0.007422 0.000573 0.049527
v 0.007169 0.000572 0.056258
v -0.007494 0.000560 0.058439
v 0.007465 0.000558 0.048427
v 0.007462 0.000553 0.052423
v -0.007473 0.000550 0.048452
v 0.006889 0.000539 0.057835
v 0.007216 0.000522 0.053644
v 0.007541 0.009335 0.046065
v -0.011187 0.000516 0.059065
v 0.006782 0.000512 0.054029
v 0.006782 0.000505 0.053897
v 0.007414 0.000498 0.050392
v -0.006783 0.000492 0.048983
v 0.006556 0.009042 0.046065
v -0.006784 0.000472 0.048853
v 0.007124 0.000465 0.055698
v -0.007803 0.000459 0.058741
v -0.007488 0.000437 0.050452
v -0.008088 0.000437 0.046065
v -0.008089 0.000427 0.046107
v -0.007054 0.000425 0.047140
v 0.010181 0.000482 0.046065
v -0.008089 0.000399 0.059065
v -0.008089 0.000390 0.059024
v -0.007450 0.000385 0.056476
v -0.007406 0.000370 0.046791
v 0.007653 0.000353 0.054516
v -0.007567 0.000352 0.047439
v -0.007582 0.000347 0.055448
v 0.007537 0.000345 0.057459
v -0.007494 0.000341 0.052456
v 0.007656 0.000334 0.053389
v -0.006793 0.000323 0.054860
v -0.007465 0.000323 0.053382
v -0.006793 0.000317 0.054991
v -0.006794 0.000302 0.050992
v 0.007549 0.000287 0.056452
v -0.006795 0.000277 0.050862
v -0.006795 0.000273 0.056993
v 0.006796 0.000260 0.047887
v -0.006796 0.000254 0.056863
v 0.006796 0.000253 0.051886
v -0.008564 0.000252 0.059065
v 0.006796 0.000251 0.052017
v -0.009081 0.000248 0.059065
v 0.006796 0.000243 0.048016
v -0.010912 0.000000 0.046065
v -0.006797 0.000226 0.052995
v 0.007562 0.000210 0.055442
v 0.007168 0.000204 0.047669
v -0.006797 0.000199 0.052866
v 0.006798 0.000188 0.049883
v -0.007771 0.000178 0.046430
v 0.007200 0.000165 0.054245
v 0.006798 0.000162 0.050013
v -0.007457 0.000162 0.049380
v -0.012838 0.000128 0.058577
v -0.011997 0.000112 0.059065
v 0.008099 0.000082 0.058759
v 0.008098 0.000080 0.059065
v 0.007428 0.000077 0.051515
v -0.008100 0.000064 0.048123
v 0.007613 0.000063 0.047408
v -0.007760 0.000055 0.058684
v 0.009530 0.000054 0.059065
v 0.006800 0.000030 0.056007
v -0.007321 0.000027 0.051305
v -0.009602 0.000027 0.059065
v 0.006801 0.000023 0.055876
v -0.008100 0.000022 0.047754
v 0.007188 0.000021 0.052230
v -0.010326 0.000017 0.059065
v 0.007424 0.000011 0.049515
v 0.008100 0.000007 0.049126
v -0.008100 0.000001 0.052125
v 0.008100 0.000001 0.052755
v 0.008100 0.000000 0.056755
v -0.008100 0.000000 0.050125
v 0.008100 0.000000 0.057125
v 0.008100 0.000000 0.050755
v -0.008100 0.000000 0.054125
v -0.008100 0.000000 0.057755
v -0.008100 0.000000 0.058125
v -0.010581 0.005674 0.056118
v -0.012844 0.001753 0.050659
v 0.003253 -0.012000 0.054298
v -0.013856 0.000000 0.047137
v -0.013856 0.000000 0.057993
v 0.013856 0.000000 0.057993
v 0.013856 0.000000 0.047137
v 0.008100 0.000000 0.046107
v 0.008100 0.000000 0.046757
v 0.007687 0.000000 0.046519
v -0.008100 0.000000 0.055755
v 0.008100 0.000000 0.055125
v 0.008100 0.000000 0.054755
v -0.010060 -0.004574 0.046065
v 0.008100 0.000000 0.053125
v -0.008100 0.000000 0.056125
v -0.008100 0.000000 0.049755
v -0.008100 -0.000001 0.053755
v 0.008100 -0.000001 0.051125
v -0.008100 -0.000001 0.051755
v 0.008719 -0.000004 0.059065
v 0.007660 -0.000007 0.052501
v 0.008100 -0.000010 0.048754
v 0.007188 -0.000013 0.048230
v -0.008100 -0.000014 0.059065
v 0.008100 -0.000015 0.046065
v -0.007453 -0.000018 0.048499
v -0.008100 -0.000023 0.059024
v -0.007461 -0.000052 0.054494
v 0.006800 -0.000068 0.054002
v 0.006800 -0.000070 0.053872
v 0.008100 -0.000082 0.047122
v -0.007399 -0.000086 0.050533
v -0.007860 0.006926 0.046065
v 0.011189 -0.000113 0.059065
v -0.007292 -0.000116 0.055296
v -0.007459 -0.000122 0.057393
v -0.007533 -0.000182 0.058459
v -0.008907 -0.000184 0.059065
v 0.007616 -0.000187 0.048470
v -0.007426 -0.000195 0.052520
v 0.006887 -0.000204 0.057814
v 0.007505 -0.000209 0.057458
v -0.008456 -0.000249 0.059065
v 0.007189 -0.000250 0.047636
v -0.007443 -0.000260 0.046756
v -0.007448 -0.000288 0.056510
v 0.007437 -0.000291 0.053491
v 0.007432 -0.000294 0.058361
v -0.007374 -0.000300 0.053353
v -0.006794 -0.000309 0.049020
v -0.006792 -0.000329 0.048890
v -0.007037 -0.000333 0.047161
v -0.008091 -0.000338 0.046065
v 0.006792 -0.000340 0.047859
v 0.006792 -0.000345 0.051990
v 0.006792 -0.000348 0.051859
v -0.008092 -0.000353 0.046137
v 0.006791 -0.000361 0.047989
v -0.006791 -0.000365 0.054891
v 0.007428 -0.000369 0.055491
v -0.006790 -0.000376 0.055023
v 0.007492 -0.000383 0.054397
v -0.007574 -0.000437 0.047479
v -0.008087 -0.000450 0.059065
v -0.008087 -0.000458 0.059024
v 0.007414 -0.000475 0.050351
v 0.007411 -0.000490 0.056349
v -0.006782 -0.000502 0.057029
v -0.006782 -0.000505 0.051029
v -0.007783 -0.000508 0.058724
v 0.007484 -0.000510 0.049449
v -0.006780 -0.000527 0.056898
v -0.006780 -0.000530 0.050898
v -0.006780 -0.000539 0.053031
v -0.006778 -0.000555 0.052899
v 0.007370 -0.000563 0.052323
v 0.007446 -0.000563 0.051464
v -0.008128 0.003941 0.046065
v -0.007391 -0.000583 0.048545
v 0.010270 -0.000586 0.059065
v -0.007448 -0.000603 0.051421
v -0.007444 -0.000606 0.050514
v -0.007716 -0.000606 0.046464
v 0.006773 -0.000612 0.049846
v -0.009462 -0.000620 0.059065
v -0.011192 -0.000625 0.059065
v 0.007637 -0.000632 0.047350
v 0.006771 -0.000639 0.049977
v 0.008074 -0.000644 0.058732
v 0.008073 -0.000652 0.059065
v -0.007886 0.009042 0.046065
v 0.008071 -0.000666 0.046532
v -0.007484 -0.000669 0.055448
v -0.008841 -0.000688 0.059065
v -0.008398 -0.000695 0.059065
v -0.007408 -0.000705 0.054533
v 0.007863 0.006672 0.046065
v -0.007404 -0.000712 0.049407
v 0.007153 -0.000714 0.048199
v 0.008829 -0.000718 0.059065
v 0.007440 -0.000720 0.057454
v 0.006762 -0.000727 0.053840
v 0.006761 -0.000728 0.053973
v 0.006761 -0.000730 0.055973
v -0.008067 -0.000735 0.048152
v 0.010297 -0.002844 0.046065
v 0.006761 -0.000739 0.055839
v -0.008063 -0.000775 0.047786
v 0.008063 -0.000776 0.056726
v 0.008063 -0.000776 0.051094
v 0.008062 -0.000780 0.057094
v -0.008062 -0.000781 0.056154
v -0.007615 -0.000783 0.052412
v 0.008061 -0.000793 0.048726
v -0.008061 -0.000793 0.052154
v -0.008061 -0.000794 0.054154
v -0.008061 -0.000794 0.057787
v -0.008061 -0.000794 0.050154
v -0.008061 -0.000794 0.058155
v 0.008061 -0.000794 0.052726
v 0.008061 -0.000794 0.050726
v 0.008061 -0.000794 0.055093
v -0.008061 -0.000794 0.055787
v -0.008061 -0.000794 0.049787
v -0.008061 -0.000794 0.053787
v -0.008061 -0.000795 0.051787
v 0.007606 -0.000796 0.048463
v -0.007131 -0.000798 0.052692
v 0.008060 -0.000803 0.053093
v 0.008058 -0.000826 0.054724
v 0.008057 -0.000833 0.049092
v 0.007177 -0.000834 0.047590
v -0.010255 -0.000844 0.059065
v 0.007420 -0.000876 0.053449
v -0.007356 -0.000880 0.056559
v -0.007315 -0.000883 0.046834
v -0.007497 -0.000925 0.058477
v -0.007116 -0.000933 0.053265
v -0.007578 -0.000941 0.053528
v 0.006802 -0.000942 0.057791
v 0.008044 -0.000950 0.047087
v 0.006733 -0.000959 0.047828
v 0.008041 -0.000967 0.046065
v 0.006730 -0.000977 0.047962
v -0.011102 0.004771 0.053052
v -0.008034 -0.001012 0.059065
v -0.008033 -0.001022 0.059024
v -0.007280 -0.001042 0.057374
v -0.007895 -0.004501 0.046065
v -0.008029 -0.001052 0.046065
v 0.007353 -0.001055 0.049465
v -0.008030 -0.001058 0.046163
v -0.006938 -0.001084 0.047184
v 0.009489 -0.001093 0.059065
v -0.006711 -0.001105 0.049059
v 0.007464 -0.001115 0.052392
v 0.006708 -0.001118 0.051820
v -0.006707 -0.001127 0.048925
v -0.007385 -0.001133 0.048533
v 0.006704 -0.001140 0.051955
v -0.006703 -0.001148 0.054926
v -0.006702 -0.001151 0.053061
v -0.006702 -0.001155 0.055062
v -0.007656 -0.001158 0.046463
v -0.007374 -0.001167 0.050538
v -0.006700 -0.001168 0.052926
v 0.011940 -0.001188 0.059065
v -0.008959 -0.001188 0.059065
v 0.007248 -0.001211 0.058273
v 0.007333 -0.001212 0.054321
v -0.008445 -0.001220 0.059065
v 0.007369 -0.001241 0.057431
v -0.007435 -0.001249 0.047487
v 0.007337 -0.001261 0.055446
v -0.008379 0.009487 0.053197
v -0.006681 -0.001274 0.057068
v 0.007329 -0.001276 0.051447
v 0.007997 -0.001281 0.058708
v -0.007347 -0.001283 0.054547
v 0.007996 -0.001285 0.059065
v -0.007688 -0.001295 0.058721
v -0.006675 -0.001299 0.056932
v -0.006675 -0.001302 0.051069
v -0.007423 -0.001303 0.052502
v 0.007314 -0.001313 0.056316
v -0.006672 -0.001316 0.050933
v 0.007270 -0.001352 0.048294
v -0.009577 -0.001353 0.059065
v -0.007337 -0.001365 0.051451
v 0.007292 -0.001384 0.053454
v 0.007310 -0.001388 0.050321
v 0.009469 -0.000109 0.046065
v -0.007308 -0.001389 0.055436
v -0.012458 -0.002423 0.052803
v 0.007975 -0.001399 0.046553
v 0.006654 -0.001406 0.049806
v 0.011043 -0.001409 0.059065
v 0.007335 -0.001420 0.047422
v 0.006648 -0.001433 0.049942
v -0.006928 -0.012000 0.049851
v -0.007389 -0.001461 0.056510
v 0.013001 -0.001481 0.046693
v 0.006636 -0.001486 0.053939
v 0.006636 -0.001486 0.055939
v 0.006635 -0.001493 0.053801
v -0.011905 -0.001496 0.059065
v 0.006634 -0.001496 0.055801
v 0.008823 -0.001497 0.059065
v -0.007955 -0.001526 0.048181
v -0.007955 -0.001526 0.046180
v -0.007954 -0.001530 0.046065
v 0.007951 -0.001543 0.052698
v 0.007950 -0.001549 0.051061
v 0.007949 -0.001558 0.053060
v 0.007948 -0.001562 0.056697
v -0.007946 -0.001570 0.059065
v -0.007946 -0.001571 0.047820
v -0.007277 -0.001572 0.049449
v -0.007945 -0.001578 0.059024
v 0.007944 -0.001580 0.048697
v -0.007944 -0.001580 0.057821
v -0.007944 -0.001580 0.054183
v -0.007944 -0.001580 0.050183
v 0.007944 -0.001580 0.049059
v -0.007944 -0.001580 0.058183
v 0.007944 -0.001580 0.057059
v 0.007944 -0.001580 0.054697
v -0.007944 -0.001580 0.055821
v 0.007944 -0.001580 0.050697
v -0.007944 -0.001580 0.053821
v -0.007944 -0.001580 0.049821
v -0.007944 -0.001581 0.051821
v -0.007944 -0.001581 0.056183
v 0.007318 -0.001594 0.049406
v -0.007289 -0.001608 0.053462
v 0.007938 -0.001610 0.055058
v -0.007938 -0.001611 0.052184
v -0.007008 -0.001618 0.052716
v 0.010090 -0.001620 0.059065
v 0.006600 -0.001638 0.047794
v -0.007387 -0.001660 0.058496
v 0.006595 -0.001660 0.047931
v -0.008418 -0.001660 0.059065
v -0.011489 -0.004101 0.051271
v 0.006638 -0.001667 0.057768
v 0.009589 0.007392 0.048766
v 0.012884 -0.001685 0.058491
v -0.007261 -0.001695 0.048565
v -0.006582 -0.001710 0.053090
v -0.007213 -0.001716 0.046791
v 0.007242 -0.001721 0.052308
v -0.006577 -0.001728 0.052952
v -0.011098 -0.001728 0.059065
v 0.007460 -0.001728 0.058434
v -0.007265 -0.001728 0.050559
v -0.008798 0.005120 0.046065
v -0.012849 -0.001744 0.046624
v -0.008964 -0.001770 0.059065
v 0.007903 -0.001775 0.047051
v -0.012827 -0.001784 0.058516
v -0.007634 -0.001788 0.058765
v 0.008310 -0.001797 0.059065
v 0.007289 -0.001802 0.057385
v 0.007897 -0.001803 0.059065
v -0.006758 -0.001819 0.047207
v -0.010236 -0.001821 0.059065
v -0.000825 0.012000 0.055819
v -0.008114 -0.001830 0.059065
v -0.007520 -0.001839 0.046465
v 0.007888 -0.001840 0.058687
v -0.007226 -0.001853 0.054569
v 0.007884 -0.001854 0.046065
v -0.007425 -0.001881 0.052453
v 0.007225 -0.001883 0.055405
v -0.006534 -0.001886 0.049099
v -0.006528 -0.001906 0.048961
v -0.007099 -0.001913 0.056636
v 0.006525 -0.001914 0.051780
v -0.007869 -0.001919 0.046195
v 0.007224 -0.001921 0.053399
v 0.007338 -0.001923 0.048382
v -0.006522 -0.001926 0.054962
v 0.007229 -0.001930 0.051393
v -0.006520 -0.001933 0.055101
v -0.007863 -0.001935 0.046065
v -0.006519 -0.001938 0.051101
v 0.006519 -0.001938 0.051918
v -0.006513 -0.001957 0.050963
v -0.007848 -0.001993 0.059065
v -0.007846 -0.002001 0.059024
v -0.006495 -0.002016 0.057105
v -0.007253 -0.002021 0.047519
v -0.006487 -0.002040 0.056967
v -0.007134 -0.002050 0.051458
v -0.007167 -0.002057 0.057479
v 0.007107 -0.002073 0.049432
v 0.007150 -0.002078 0.047407
v 0.007166 -0.002080 0.054304
v -0.008355 -0.002085 0.059065
v 0.006945 -0.002099 0.058179
v 0.009440 -0.002107 0.059065
v -0.007478 -0.002124 0.058698
v 0.007122 -0.002148 0.056288
v 0.008708 -0.002168 0.059065
v -0.006866 -0.002172 0.053340
v -0.007107 -0.002177 0.055472
v 0.006439 -0.002188 0.049766
v -0.009503 -0.002198 0.059065
v 0.007117 -0.002201 0.050290
v 0.006432 -0.002208 0.049904
v 0.006431 -0.002211 0.053904
v 0.006429 -0.002217 0.053765
v 0.007790 -0.002217 0.059065
v 0.006424 -0.002230 0.055903
v -0.006822 -0.002241 0.048752
v 0.006420 -0.002243 0.055763
v -0.007686 0.005051 0.046065
v -0.007037 -0.002247 0.050630
v -0.006418 -0.002249 0.053117
v -0.008015 -0.002252 0.059065
v -0.006412 -0.002265 0.052979
v -0.007313 -0.002277 0.053603
v 0.007768 -0.002293 0.058669
v 0.010693 -0.002297 0.059065
v -0.007766 -0.002302 0.048212
v -0.007315 -0.002316 0.048464
v 0.007754 -0.002341 0.055027
v -0.007754 -0.002343 0.047853
v 0.007112 -0.002350 0.057370
v 0.007751 -0.002351 0.057026
v 0.007751 -0.002351 0.048666
v -0.007751 -0.002351 0.057854
v 0.007751 -0.002351 0.056666
v -0.007751 -0.002351 0.050214
v -0.007751 -0.002351 0.054214
v 0.007751 -0.002351 0.049026
v -0.007751 -0.002351 0.052214
v -0.007751 -0.002351 0.058214
v -0.007751 -0.002351 0.049854
v -0.007751 -0.002351 0.053854
v -0.007751 -0.002351 0.051854
v 0.007751 -0.002352 0.050666
v 0.007751 -0.002352 0.054666
v 0.007751 -0.002352 0.051026
v -0.007751 -0.002352 0.056214
v -0.008757 -0.002354 0.059065
v 0.007746 -0.002369 0.053026
v 0.006396 -0.002370 0.057745
v -0.007211 -0.002371 0.058515
v 0.007745 -0.002371 0.052666
v -0.007744 -0.002376 0.055855
v -0.007118 -0.002383 0.052565
v 0.007329 -0.002385 0.058434
v -0.007080 -0.002385 0.049503
v -0.007737 -0.002396 0.059065
v 0.006365 -0.002397 0.047756
v 0.008142 -0.002399 0.059065
v -0.007735 -0.002403 0.059024
v -0.007062 -0.002414 0.054593
v 0.006355 -0.002421 0.047893
v 0.007069 -0.002432 0.055375
v -0.006995 -0.002434 0.046800
v 0.007013 -0.002450 0.052268
v -0.007087 -0.002473 0.056570
v 0.007710 -0.002485 0.059024
v 0.007047 -0.002486 0.053374
v -0.007478 -0.002488 0.058805
v 0.007705 -0.002492 0.059065
v -0.007414 -0.002502 0.046382
v -0.006321 -0.002510 0.048991
v -0.006320 -0.002510 0.049130
v 0.006975 -0.002511 0.048255
v -0.006504 -0.002524 0.047229
v 0.007020 -0.002526 0.051379
v -0.006314 -0.002526 0.051131
v -0.006307 -0.002544 0.050993
v 0.007685 -0.002558 0.047018
v -0.008225 -0.002583 0.059065
v 0.010358 0.001534 0.046065
v 0.008492 -0.002627 0.059065
v -0.009780 0.004811 0.046065
v -0.007656 -0.002644 0.046225
v 0.007004 -0.002657 0.049356
v -0.007651 -0.002658 0.046065
v -0.006918 -0.002667 0.051483
v 0.006252 -0.002674 0.051742
v 0.007645 -0.002677 0.046065
v -0.009870 0.000753 0.046065
v -0.007140 -0.002681 0.047602
v -0.007903 -0.002684 0.059065
v -0.006249 -0.002685 0.055001
v -0.006245 -0.002693 0.055139
v 0.006243 -0.002699 0.051879
v -0.009491 0.007560 0.048086
v 0.006952 -0.002713 0.047369
v -0.006660 -0.002724 0.052767
v -0.006214 -0.002764 0.057142
v 0.007612 -0.002766 0.058649
v 0.008919 -0.002771 0.059065
v 0.006995 -0.002772 0.058309
v -0.006208 -0.002776 0.057006
v -0.007607 -0.002781 0.059065
v -0.007603 -0.002787 0.059024
v -0.010899 -0.002787 0.059065
v -0.006964 -0.002797 0.048586
v -0.007050 -0.002798 0.050538
v 0.007947 -0.002801 0.059065
v -0.006195 -0.002805 0.053144
v -0.007281 -0.002809 0.058729
v -0.006188 -0.002820 0.053008
v 0.006794 -0.002830 0.050207
v 0.009520 0.003605 0.046065
v 0.010052 -0.002855 0.059065
v 0.011654 -0.002859 0.059065
v 0.006856 -0.002860 0.057382
v 0.007577 -0.002861 0.059024
v -0.006876 -0.002866 0.053512
v 0.007565 -0.002866 0.059013
v 0.007575 -0.002867 0.059065
v -0.006619 -0.002868 0.049379
v -0.010127 -0.002872 0.059065
v -0.008888 -0.002885 0.059065
v 0.012184 -0.002897 0.046369
v 0.009406 -0.002899 0.059065
v 0.006828 -0.002901 0.055386
v -0.009449 -0.002906 0.059065
v 0.006145 -0.002915 0.049730
v 0.006138 -0.002928 0.049866
v 0.001679 0.012000 0.047799
v -0.006862 -0.002946 0.054615
v 0.006128 -0.002950 0.053865
v -0.006848 -0.002961 0.055521
v 0.006122 -0.002962 0.053728
v 0.006117 -0.002973 0.055863
v -0.006827 -0.002974 0.057513
v -0.006801 -0.002974 0.056643
v 0.006111 -0.002984 0.055727
v 0.006829 -0.002998 0.054259
v -0.004332 -0.012000 0.055072
v 0.006851 -0.003014 0.053344
v -0.007907 -0.003016 0.059065
v 0.006790 -0.003030 0.056244
v 0.006081 -0.003043 0.057725
v -0.008371 -0.003049 0.059065
v 0.008388 -0.003053 0.059065
v -0.006971 -0.003055 0.058535
v 0.012092 -0.003055 0.058792
v -0.007501 -0.003056 0.048244
v -0.006073 -0.003060 0.049021
v 0.006447 -0.003062 0.058061
v -0.006072 -0.003063 0.049157
v 0.007492 -0.003078 0.048635
v -0.007486 -0.003092 0.047884
v 0.007484 -0.003099 0.056995
v 0.007484 -0.003099 0.056634
v -0.007484 -0.003099 0.057885
v -0.007484 -0.003099 0.054246
v -0.007484 -0.003100 0.050246
v -0.007483 -0.003100 0.055885
v 0.007483 -0.003100 0.048995
v 0.007483 -0.003100 0.054995
v -0.007483 -0.003100 0.058246
v -0.007483 -0.003100 0.053885
v 0.007483 -0.003100 0.054634
v -0.007483 -0.003100 0.049885
v 0.007483 -0.003100 0.050634
v 0.007483 -0.003100 0.050995
v -0.007483 -0.003100 0.056246
v -0.007482 -0.003102 0.052246
v -0.006048 -0.003111 0.051159
v -0.009254 -0.007972 0.048439
v 0.006779 -0.003115 0.051352
v 0.007477 -0.003115 0.052995
v 0.007473 -0.003125 0.052633
v -0.006039 -0.003126 0.051025
v -0.007472 -0.003128 0.051886
v 0.006036 -0.003131 0.047720
v -0.007465 -0.003140 0.059065
v -0.006067 0.011067 0.046427
v -0.007462 -0.003150 0.059024
v 0.006025 -0.003154 0.047853
v -0.006641 -0.003155 0.046853
v -0.007069 -0.003173 0.046458
v -0.006605 -0.003188 0.051461
v -0.006928 0.012000 0.052565
v 0.007925 -0.003205 0.059065
v 0.006722 -0.003209 0.052240
v -0.006170 -0.003213 0.047250
v 0.004875 0.010965 0.046065
v 0.007431 -0.003222 0.058629
v -0.007177 -0.003229 0.058795
v 0.007423 -0.003235 0.059065
v 0.006677 -0.003242 0.049366
v 0.007422 -0.003243 0.058991
v 0.007400 -0.003243 0.059003
v 0.007422 -0.003243 0.059024
v -0.006912 -0.003246 0.049631
v 0.010838 0.003684 0.046065
v -0.006738 -0.003259 0.048621
v 0.007000 -0.003265 0.058404
v -0.006715 -0.003267 0.050632
v 0.007401 -0.003289 0.046988
v -0.006731 -0.003312 0.052613
v -0.006742 -0.003312 0.047565
v 0.006655 -0.003323 0.048229
v -0.005930 -0.003329 0.057037
v -0.005929 -0.003330 0.057170
v -0.011933 -0.003331 0.058840
v 0.006637 -0.003348 0.047355
v 0.010808 -0.003353 0.059065
v -0.011917 -0.003359 0.046286
v -0.007369 -0.003362 0.046257
v -0.007359 -0.003377 0.046065
v 0.006722 -0.003378 0.057306
v 0.006670 -0.003397 0.055326
v -0.007871 -0.003403 0.059065
v 0.005888 -0.003404 0.051706
v 0.007347 -0.003405 0.046065
v -0.005885 -0.003409 0.055041
v 0.005884 -0.003411 0.049706
v 0.005881 -0.003416 0.049838
v -0.005879 -0.003420 0.055175
v 0.005878 -0.003421 0.051838
v -0.006574 -0.003451 0.054666
v 0.008814 -0.003460 0.059065
v -0.005849 -0.003470 0.053177
v 0.006539 -0.003484 0.053365
v 0.006640 -0.003484 0.050258
v -0.005839 -0.003487 0.053046
v 0.002364 0.012000 0.054829
v -0.008849 -0.003514 0.059065
v 0.006533 -0.007700 0.046065
v -0.006563 -0.003529 0.053541
v -0.007283 -0.003543 0.059065
v -0.006260 -0.003549 0.050809
v -0.007278 -0.003553 0.059024
v -0.006276 -0.003555 0.049409
v -0.006969 -0.003572 0.058756
v 0.006616 -0.003577 0.058267
v -0.005778 -0.003586 0.049051
v -0.005777 -0.003589 0.049183
v 0.005771 -0.003597 0.057725
v -0.006534 -0.003605 0.056650
v 0.005766 -0.003606 0.057696
v 0.007251 -0.003607 0.059065
v -0.006206 -0.003613 0.051396
v -0.005762 -0.003613 0.051185
v 0.007247 -0.003614 0.059024
v 0.007210 -0.003621 0.058992
v 0.008289 -0.003624 0.059065
v 0.007242 -0.003628 0.058974
v -0.005752 -0.003628 0.051054
v 0.007781 -0.003633 0.059065
v -0.011997 0.000234 0.046065
v -0.008308 -0.003646 0.059065
v -0.004973 0.008365 0.046065
v -0.009542 -0.003661 0.059065
v 0.005729 -0.003665 0.053824
v 0.009386 -0.003668 0.059065
v 0.005722 -0.003676 0.053692
v 0.005717 -0.003683 0.055823
v 0.007212 -0.003686 0.058607
v 0.005711 -0.003692 0.055691
v 0.006475 -0.003697 0.051327
v 0.006000 -0.003701 0.057973
v -0.006456 -0.003713 0.055549
v -0.006663 -0.003721 0.058556
v -0.006537 -0.003766 0.048611
v -0.006681 -0.003768 0.051673
v -0.006246 -0.003772 0.046908
v -0.007164 -0.003780 0.048278
v -0.005637 -0.003804 0.057064
v -0.005635 -0.003808 0.057195
v 0.006383 -0.003813 0.054200
v -0.006651 -0.003816 0.046538
v 0.007144 -0.003818 0.052600
v 0.007144 -0.003818 0.056600
v 0.007144 -0.003818 0.048600
v 0.007144 -0.003818 0.056966
v -0.007144 -0.003818 0.054280
v -0.007144 -0.003818 0.050280
v -0.007144 -0.003818 0.057914
v -0.007144 -0.003818 0.058280
v 0.007144 -0.003818 0.050600
v 0.007144 -0.003818 0.054600
v -0.007144 -0.003818 0.055914
v -0.007144 -0.003818 0.053914
v 0.007143 -0.003818 0.052966
v 0.007143 -0.003818 0.048966
v -0.007143 -0.003819 0.047914
v -0.007143 -0.003819 0.049914
v 0.007143 -0.003819 0.050966
v -0.007143 -0.003819 0.056280
v 0.007143 -0.003820 0.054966
v 0.005625 -0.003823 0.047685
v -0.006418 -0.003827 0.052658
v -0.007708 -0.003828 0.059065
v -0.012283 0.002724 0.054150
v 0.006429 -0.003842 0.057304
v 0.005611 -0.003843 0.047814
v -0.007128 -0.003847 0.051915
v -0.007126 -0.003851 0.052281
v -0.005766 -0.003854 0.047271
v 0.009980 -0.003860 0.059065
v 0.006361 -0.003868 0.055327
v -0.006606 -0.003878 0.049673
v -0.006359 -0.003879 0.057556
v -0.010402 -0.003889 0.059065
v 0.007440 -0.003908 0.059065
v 0.006341 -0.003939 0.052215
v 0.006320 -0.003942 0.049320
v 0.011578 -0.003946 0.058931
v -0.006573 -0.003957 0.050543
v 0.007065 -0.003959 0.059024
v 0.006328 -0.003961 0.056213
v 0.007061 -0.003968 0.059065
v 0.006353 -0.003970 0.053297
v 0.006260 -0.003971 0.047339
v 0.005509 -0.003987 0.049806
v 0.005505 -0.003992 0.049675
v -0.007045 -0.003997 0.059065
v 0.007042 -0.004003 0.046958
v -0.007039 -0.004003 0.059024
v 0.011539 -0.004015 0.046190
v -0.006264 -0.004025 0.054682
v -0.006338 -0.004026 0.047596
v 0.006978 -0.004027 0.058980
v 0.001710 0.011382 0.046065
v 0.007019 -0.004042 0.058956
v -0.006709 -0.004044 0.058758
v -0.006030 -0.004051 0.050796
v 0.005928 -0.004051 0.057464
v -0.005460 -0.004055 0.051208
v -0.007009 -0.004060 0.046290
v 0.006278 -0.004067 0.048217
v -0.005449 -0.004069 0.051079
v 0.005448 -0.004071 0.051671
v 0.005446 -0.004074 0.057725
v -0.006999 -0.004075 0.046065
v -0.005440 -0.004081 0.055080
v 0.005440 -0.004082 0.057670
v -0.005439 -0.004082 0.049080
v 0.005435 -0.004087 0.051800
v -0.005435 -0.004089 0.049210
v 0.011667 -0.003792 0.052162
v -0.005432 -0.004091 0.055211
v 0.012610 -0.002160 0.050601
v 0.006983 -0.004103 0.046065
v -0.006005 -0.004103 0.051471
v 0.007974 0.004910 0.046065
v 0.003078 -0.012000 0.051852
v -0.005396 -0.004139 0.053213
v -0.006171 -0.004144 0.048698
v -0.005383 -0.004156 0.053084
v -0.009268 -0.007948 0.054410
v -0.008247 -0.004161 0.059065
v 0.006168 -0.004169 0.050189
v 0.007725 -0.004173 0.059065
v 0.008210 -0.004180 0.059065
v 0.008815 -0.004187 0.059065
v 0.005583 -0.004190 0.057904
v 0.006920 -0.004210 0.058582
v -0.008877 -0.004210 0.059065
v -0.006120 -0.004235 0.053571
v -0.006135 -0.004262 0.056680
v 0.006074 -0.004264 0.051319
v -0.007299 -0.004299 0.059065
v -0.007754 -0.004308 0.059065
v 0.005260 -0.004312 0.053788
v 0.005252 -0.004320 0.053656
v 0.005243 -0.004332 0.055786
v -0.006067 -0.004336 0.052692
v 0.005237 -0.004339 0.055655
v 0.006212 -0.004342 0.058261
v -0.006139 -0.004345 0.049620
v -0.006294 -0.004352 0.058576
v -0.005206 -0.004376 0.057096
v -0.006814 -0.004377 0.059065
v -0.005204 -0.004378 0.057228
v -0.006076 -0.004379 0.055602
v 0.006077 -0.004380 0.055278
v -0.006810 -0.004384 0.059024
v -0.006550 -0.004396 0.058812
v 0.006005 -0.004397 0.053303
v -0.006169 -0.004420 0.046617
v 0.010455 -0.004429 0.059065
v 0.006238 -0.004437 0.057185
v -0.005294 -0.004446 0.047293
v 0.005140 -0.004453 0.047647
v 0.007271 -0.004460 0.059065
v -0.005683 -0.004464 0.050840
v 0.005130 -0.004464 0.047779
v -0.006031 0.008300 0.046065
v -0.006757 -0.004467 0.048311
v 0.006755 -0.004470 0.059024
v 0.006752 -0.004475 0.054938
v 0.006750 -0.004477 0.054568
v 0.006750 -0.004477 0.052938
v 0.006749 -0.004478 0.059065
v 0.005969 -0.004482 0.049286
v -0.005111 -0.004487 0.051235
v 0.005103 -0.004495 0.057725
v -0.005100 -0.004499 0.051103
v 0.006735 -0.004500 0.056567
v 0.006735 -0.004500 0.048567
v 0.006735 -0.004500 0.052567
v -0.006735 -0.004500 0.054313
v 0.006735 -0.004500 0.056937
v 0.005099 -0.004500 0.057644
v -0.006735 -0.004500 0.050313
v -0.006735 -0.004500 0.058313
v 0.006735 -0.004500 0.050567
v -0.006735 -0.004500 0.057943
v -0.006735 -0.004500 0.053943
v -0.006735 -0.004500 0.055943
v -0.006735 -0.004500 0.047943
v -0.006735 -0.004500 0.051943
v -0.006735 -0.004500 0.056313
v 0.006735 -0.004500 0.048937
v 0.006735 -0.004500 0.050937
v -0.006735 -0.004500 0.049943
v 0.007211 0.007279 0.046065
v 0.005630 -0.004512 0.057421
v -0.006717 -0.004527 0.052314
v 0.005897 -0.004532 0.047299
v 0.005771 -0.004539 0.048108
v 0.006638 -0.004539 0.058966
v -0.005064 -0.004540 0.049106
v -0.005060 -0.004543 0.049239
v -0.005923 -0.004550 0.057602
v -0.005558 -0.004561 0.049451
v 0.006693 -0.004562 0.058932
v -0.005553 -0.004567 0.051451
v -0.001346 0.009064 0.046065
v -0.006107 -0.004588 0.051694
v -0.006164 -0.004594 0.050565
v 0.005167 -0.004605 0.057845
v -0.005941 -0.004606 0.048670
v -0.005849 -0.004608 0.054712
v 0.009347 -0.004611 0.059065
v 0.007867 0.010373 0.056367
v -0.009422 -0.004653 0.059065
v 0.011165 -0.004662 0.059008
v 0.005801 -0.004667 0.052164
v 0.008106 0.009961 0.051302
v 0.005386 -0.004668 0.049459
v 0.005808 -0.004669 0.054167
v 0.006613 -0.004677 0.046929
v 0.004932 -0.004683 0.051632
v -0.011150 -0.004688 0.059009
v -0.004922 -0.004693 0.055115
v 0.009241 0.007994 0.054695
v -0.004917 -0.004698 0.055249
v -0.006597 -0.004698 0.046321
v 0.004916 -0.004699 0.051765
v -0.011139 -0.004706 0.046119
v -0.006591 -0.004708 0.046065
v 0.004907 -0.004708 0.049764
v 0.011138 -0.004709 0.046119
v 0.004904 -0.004711 0.049630
v -0.006265 -0.004718 0.058768
v -0.006582 -0.004719 0.059065
v 0.005757 -0.004722 0.056160
v -0.006578 -0.004724 0.059024
v -0.007046 -0.004734 0.059065
v -0.004877 -0.004740 0.053252
v 0.007737 -0.004746 0.059065
v -0.005734 -0.004750 0.056721
v -0.008290 -0.004756 0.059065
v -0.004861 -0.004757 0.053119
v 0.006551 -0.004761 0.046065
v 0.005685 -0.004772 0.055293
v -0.005782 -0.004776 0.047628
v -0.005374 -0.004779 0.048878
v -0.004826 -0.004792 0.057256
v 0.005797 -0.004798 0.058204
v -0.007563 -0.004798 0.059065
v -0.004817 -0.004801 0.057121
v 0.008318 -0.004806 0.059065
v -0.005375 -0.004821 0.057483
v 0.005715 -0.004822 0.051260
v -0.005550 -0.004826 0.055555
v 0.005277 -0.004846 0.057427
v 0.004743 -0.004874 0.047618
v 0.005681 -0.004874 0.053253
v 0.004733 -0.004884 0.047754
v -0.004730 -0.004886 0.051263
v -0.004730 -0.004886 0.051127
v 0.004727 -0.004889 0.055753
v 0.004724 -0.004892 0.055617
v 0.004718 -0.004895 0.057725
v 0.005618 -0.004898 0.050158
v 0.004715 -0.004901 0.053753
v 0.004712 -0.004903 0.057616
v -0.011318 0.004397 0.050634
v 0.004707 -0.004908 0.053616
v 0.005879 -0.004913 0.057156
v -0.005267 -0.004921 0.050876
v -0.005862 -0.004947 0.058595
v -0.005579 -0.004950 0.053618
v 0.006397 -0.004965 0.059024
v -0.005640 -0.004971 0.046689
v 0.006390 -0.004977 0.059065
v 0.006389 -0.004978 0.058545
v -0.004759 -0.004983 0.047316
v 0.005138 -0.004986 0.047420
v -0.004621 -0.004990 0.049133
v -0.010177 -0.004991 0.059065
v -0.004618 -0.004992 0.049270
v 0.005245 -0.004998 0.058022
v -0.005710 -0.005002 0.049692
v 0.005615 -0.005006 0.047225
v 0.005757 -0.005014 0.049165
v -0.005495 -0.005028 0.052734
v 0.006251 -0.005035 0.058950
v -0.006070 -0.005038 0.058812
v -0.006340 -0.005042 0.059065
v -0.006335 -0.005047 0.059024
v -0.005147 -0.005049 0.051491
v 0.007111 -0.005050 0.059065
v 0.006315 -0.005073 0.058908
v -0.005737 -0.005075 0.050607
v 0.005921 0.006978 0.046065
v -0.005699 -0.005082 0.051720
v 0.005105 -0.005102 0.048001
v -0.006738 -0.005119 0.059065
v -0.005457 -0.005120 0.054717
v -0.006272 -0.005126 0.048342
v 0.006271 -0.005126 0.054538
v 0.006270 -0.005128 0.054907
v -0.009227 -0.002155 0.046065
v 0.005630 -0.005138 0.048247
v -0.006262 -0.005138 0.054343
v 0.006262 -0.005138 0.056537
v 0.006262 -0.005138 0.052537
v 0.006262 -0.005138 0.048537
v -0.006262 -0.005138 0.050343
v -0.006262 -0.005138 0.058343
v 0.006262 -0.005138 0.056906
v 0.006261 -0.005139 0.050537
v -0.004454 -0.005139 0.057281
v 0.006261 -0.005139 0.048906
v -0.006261 -0.005139 0.053974
v -0.006261 -0.005139 0.055974
v -0.006261 -0.005139 0.057974
v 0.006261 -0.005139 0.052906
v -0.006261 -0.005139 0.056343
v -0.006261 -0.005139 0.047974
v -0.006261 -0.005139 0.051974
v -0.006261 -0.005139 0.049974
v 0.006261 -0.005139 0.050906
v 0.009849 -0.005141 0.059065
v -0.004447 -0.005146 0.057144
v 0.004441 -0.005150 0.049598
v 0.004434 -0.005156 0.049736
v -0.006238 -0.005167 0.052344
v -0.005680 -0.005177 0.048598
v 0.005273 -0.005180 0.051285
v -0.007145 -0.005180 0.059065
v 0.005365 -0.005180 0.055250
v -0.005410 -0.005186 0.056715
v 0.008717 -0.005206 0.059065
v 0.004966 -0.005206 0.049979
v 0.005281 -0.005212 0.053267
v -0.006188 -0.005226 0.046346
v -0.004888 -0.005227 0.056925
v -0.006183 -0.005232 0.046065
v 0.004343 -0.005234 0.051592
v -0.004342 -0.005235 0.055150
v -0.004335 -0.005240 0.055289
v 0.005474 -0.005241 0.057181
v 0.004895 -0.005246 0.057395
v 0.004323 -0.005250 0.051729
v -0.004975 -0.005251 0.057518
v -0.005588 -0.005255 0.057749
v -0.008786 -0.005273 0.059065
v 0.004292 -0.005275 0.055588
v 0.004286 -0.005278 0.057725
v 0.004287 -0.005280 0.055727
v 0.004282 -0.005283 0.047588
v -0.004275 -0.005289 0.053293
v 0.004274 -0.005290 0.057587
v 0.004272 -0.005291 0.047726
v 0.005181 -0.005293 0.049270
v -0.004258 -0.005303 0.053155
v 0.006120 -0.005306 0.046897
v -0.007893 -0.005317 0.059065
v 0.010772 -0.005342 0.059051
v 0.004781 -0.005343 0.047389
v -0.004196 -0.005351 0.051159
v -0.004191 -0.005356 0.051298
v -0.006433 -0.005357 0.059065
v -0.006072 -0.005360 0.059065
v 0.005497 -0.005363 0.058270
v -0.006068 -0.005365 0.059024
v -0.005166 -0.005367 0.049638
v 0.010756 -0.005370 0.046078
v 0.005145 -0.005374 0.052121
v 0.007694 -0.005375 0.059065
v 0.006059 -0.005375 0.046065
v 0.005139 -0.005388 0.054125
v 0.005119 -0.005405 0.056123
v 0.006025 -0.005410 0.059024
v -0.005717 -0.005412 0.058797
v -0.005125 -0.005418 0.048750
v -0.005128 -0.005418 0.055650
v 0.006020 -0.005418 0.059065
v 0.004099 -0.005426 0.053716
v -0.005152 -0.005428 0.047663
v 0.004092 -0.005432 0.053576
v 0.004072 -0.005447 0.049575
v 0.004067 -0.005450 0.049714
v -0.004168 -0.005457 0.047340
v -0.005030 -0.005459 0.052775
v -0.005061 -0.005463 0.046760
v -0.005184 -0.005476 0.050702
v -0.004030 -0.005478 0.049168
v -0.004022 -0.005483 0.049308
v 0.005310 -0.005486 0.047136
v 0.006677 -0.005488 0.059065
v -0.005372 -0.005501 0.058613
v 0.005806 -0.005517 0.058933
v -0.005000 -0.005521 0.054762
v -0.003964 -0.005526 0.057311
v 0.004976 -0.005531 0.058112
v 0.005911 -0.005537 0.058518
v -0.003946 -0.005538 0.057173
v -0.004718 -0.005557 0.051567
v -0.007286 -0.005567 0.059065
v 0.005879 -0.005572 0.058881
v -0.005256 -0.005584 0.051770
v 0.004985 -0.005593 0.055204
v -0.004464 -0.005594 0.056949
v 0.004937 -0.005609 0.051213
v 0.004519 -0.005611 0.047960
v 0.005201 -0.005618 0.050241
v 0.003826 -0.005622 0.055561
v -0.004897 -0.005630 0.053663
v 0.003814 -0.005631 0.055699
v 0.004919 -0.005634 0.053208
v -0.000126 0.012000 0.050510
v -0.006697 -0.005646 0.059065
v -0.004500 -0.005651 0.057541
v -0.005042 -0.005655 0.056691
v 0.004470 -0.005659 0.049345
v 0.005112 -0.005668 0.057125
v -0.005779 -0.005673 0.059065
v -0.005774 -0.005678 0.059024
v 0.005106 -0.005685 0.048228
v -0.005768 -0.005685 0.046065
v -0.005768 -0.005687 0.046369
v 0.003712 -0.005698 0.047554
v 0.010465 -0.003654 0.046065
v 0.003708 -0.005701 0.047693
v -0.005750 -0.005705 0.048370
v -0.005748 -0.005707 0.050371
v -0.006188 -0.005711 0.059065
v 0.003692 -0.005711 0.051553
v -0.005544 -0.005712 0.058884
v -0.003690 -0.005713 0.055188
v 0.005741 -0.005714 0.048874
v -0.003682 -0.005718 0.055328
v 0.003670 -0.005725 0.051690
v -0.005728 -0.005727 0.052372
v 0.005728 -0.005727 0.052508
v -0.005728 -0.005727 0.054372
v 0.005728 -0.005727 0.056508
v -0.005728 -0.005727 0.058372
v 0.005728 -0.005727 0.048508
v 0.005728 -0.005727 0.056873
v -0.005728 -0.005727 0.056007
v -0.005728 -0.005728 0.054007
v 0.005728 -0.005728 0.054508
v 0.005727 -0.005728 0.054873
v -0.005727 -0.005728 0.058007
v 0.005727 -0.005728 0.050508
v 0.005727 -0.005728 0.052873
v -0.005727 -0.005728 0.048007
v -0.005727 -0.005728 0.056372
v -0.005727 -0.005728 0.052007
v 0.005727 -0.005728 0.050873
v -0.004709 -0.005736 0.050793
v -0.005713 -0.005742 0.050008
v 0.006928 0.012000 0.049851
v 0.009089 -0.005754 0.059065
v 0.003620 -0.005757 0.057688
v -0.010259 -0.001837 0.046065
v -0.003615 -0.005760 0.051331
v -0.003611 -0.005763 0.053331
v 0.003609 -0.005764 0.057549
v -0.003600 -0.005769 0.051194
v -0.005019 -0.005769 0.057770
v -0.003590 -0.005775 0.053194
v 0.003572 -0.005786 0.049685
v 0.003567 -0.005790 0.049546
v 0.004983 -0.005793 0.049112
v -0.004648 -0.005810 0.049666
v 0.004780 -0.005827 0.047165
v -0.004663 -0.005834 0.048769
v 0.008164 -0.005842 0.059065
v 0.009769 -0.005857 0.059065
v -0.003529 -0.005864 0.047362
v 0.004530 -0.005874 0.058075
v -0.006928 0.012000 0.049851
v 0.003425 -0.005875 0.053676
v 0.004597 -0.005876 0.057201
v 0.003418 -0.005879 0.053538
v 0.005568 -0.005883 0.046864
v 0.004640 -0.005885 0.050124
v -0.009339 -0.007824 0.051803
v -0.004432 -0.005890 0.046835
v -0.003385 -0.005898 0.057206
v -0.009437 -0.005898 0.059065
v -0.003377 -0.005902 0.057344
v 0.005542 -0.005904 0.059024
v 0.005532 -0.005912 0.059065
v -0.004560 -0.005913 0.054776
v -0.003358 -0.005913 0.049208
v 0.004495 -0.005917 0.055213
v -0.003349 -0.005918 0.049345
v -0.004677 -0.005930 0.052723
v 0.005507 -0.005936 0.046065
v 0.004452 -0.005939 0.054077
v 0.004030 -0.005944 0.049919
v 0.007136 -0.005944 0.059065
v -0.005160 -0.005945 0.058796
v -0.005486 -0.005956 0.059065
v -0.004470 -0.005960 0.055680
v 0.004479 -0.005962 0.053196
v -0.005479 -0.005963 0.059024
v 0.004461 -0.005971 0.056093
v -0.003973 -0.005971 0.056969
v 0.004475 -0.005981 0.051188
v -0.004594 -0.005984 0.047730
v -0.003928 -0.005990 0.057534
v 0.010085 0.004215 0.046065
v 0.005276 -0.006000 0.058914
v 0.010392 -0.006000 0.046065
v -0.010392 -0.006000 0.046065
v 0.010392 -0.006000 0.059065
v -0.010392 -0.006000 0.059065
v -0.008373 -0.006003 0.059065
v -0.004829 -0.006007 0.058631
v 0.006262 -0.006010 0.059065
v 0.004385 -0.006025 0.052088
v -0.007637 -0.006027 0.059065
v 0.003148 -0.006028 0.055525
v 0.005590 0.009025 0.046065
v 0.003130 -0.006038 0.055659
v 0.005390 -0.006046 0.058491
v -0.006988 -0.006054 0.059065
v -0.004360 -0.006064 0.051698
v -0.006374 -0.006065 0.059065
v 0.004290 -0.006074 0.047199
v 0.005358 -0.006074 0.058851
v 0.003984 -0.006075 0.049285
v -0.004602 -0.006078 0.056688
v 0.003016 -0.006095 0.047518
v 0.003015 -0.006096 0.049653
v 0.003014 -0.006097 0.047653
v 0.003011 -0.006098 0.049518
v -0.004178 -0.006098 0.052837
v -0.004266 -0.006101 0.050804
v -0.002996 -0.006105 0.055228
v 0.002990 -0.006108 0.051517
v -0.002985 -0.006111 0.055363
v 0.002965 -0.006120 0.051650
v 0.002941 -0.006132 0.057649
v -0.002938 -0.006133 0.051366
v 0.002931 -0.006137 0.057514
v -0.002916 -0.006143 0.051233
v 0.004491 -0.006146 0.048181
v -0.002910 -0.006146 0.053367
v 0.004156 -0.006154 0.057198
v -0.002889 -0.006157 0.053234
v -0.005249 -0.006168 0.046065
v -0.004141 -0.006176 0.053691
v -0.005239 -0.006178 0.046396
v -0.005922 -0.006191 0.059065
v -0.002850 -0.006199 0.047383
v -0.004082 -0.006217 0.048816
v 0.004063 -0.006217 0.058056
v -0.005179 -0.006228 0.059065
v -0.002723 -0.006232 0.057243
v -0.005171 -0.006234 0.059024
v -0.002714 -0.006235 0.057376
v 0.002695 -0.006244 0.053635
v -0.005160 -0.006244 0.048400
v 0.004442 -0.006247 0.049068
v 0.005155 -0.006248 0.048480
v -0.004019 -0.006249 0.049693
v 0.002682 -0.006249 0.053502
v -0.004107 -0.006253 0.054793
v -0.003733 -0.006259 0.046919
v 0.005139 -0.006261 0.052479
v -0.005139 -0.006261 0.052401
v -0.005139 -0.006261 0.056041
v -0.005139 -0.006261 0.058401
v -0.005139 -0.006261 0.054401
v -0.005139 -0.006261 0.050401
v 0.005139 -0.006261 0.056839
v 0.005139 -0.006261 0.056479
v 0.005139 -0.006261 0.054839
v -0.005139 -0.006261 0.058041
v 0.005139 -0.006261 0.048839
v 0.005139 -0.006261 0.052839
v 0.005138 -0.006261 0.054479
v -0.005138 -0.006261 0.054041
v -0.005138 -0.006262 0.048041
v -0.005138 -0.006262 0.050041
v 0.005138 -0.006262 0.050479
v -0.005138 -0.006262 0.052041
v -0.005138 -0.006262 0.056401
v 0.005138 -0.006262 0.050839
v -0.002648 -0.006264 0.049247
v 0.004012 -0.006266 0.055181
v -0.002639 -0.006268 0.049380
v 0.003438 -0.006271 0.049327
v 0.004029 -0.006279 0.053171
v -0.004331 -0.006292 0.057803
v 0.004006 -0.006299 0.051167
v -0.003983 -0.006299 0.047708
v -0.004679 -0.006353 0.058815
v 0.002422 -0.006355 0.055490
v 0.002403 -0.006362 0.055620
v 0.004254 -0.006364 0.050190
v 0.002381 -0.006370 0.049619
v 0.002376 -0.006372 0.049488
v 0.004994 -0.006376 0.059024
v 0.004984 -0.006384 0.059065
v 0.003785 -0.006393 0.054042
v -0.003786 -0.006393 0.050838
v 0.003803 -0.006393 0.048050
v -0.002316 -0.006394 0.055264
v -0.002307 -0.006397 0.055395
v 0.002296 -0.006402 0.047484
v 0.004961 -0.006402 0.046830
v 0.002282 -0.006407 0.047614
v 0.002246 -0.006419 0.051482
v 0.002234 -0.006423 0.057612
v 0.002227 -0.006426 0.051611
v 0.002226 -0.006426 0.057481
v 0.004711 -0.006430 0.058895
v -0.004114 -0.006433 0.056707
v -0.002189 -0.006439 0.051401
v 0.003638 -0.006443 0.050018
v 0.004905 -0.006443 0.046065
v 0.003352 -0.006445 0.057930
v -0.002170 -0.006445 0.051272
v -0.002165 -0.006446 0.053402
v 0.003767 -0.006447 0.047153
v -0.003722 -0.006448 0.052833
v -0.003615 -0.006451 0.054866
v -0.002144 -0.006454 0.053273
v -0.002138 -0.006458 0.047406
v -0.003684 -0.006460 0.051714
v -0.004239 -0.006461 0.058651
v 0.003701 -0.006463 0.057163
v -0.003667 -0.006467 0.055713
v 0.005781 -0.006480 0.059065
v 0.003660 -0.006482 0.056044
v -0.004851 -0.006484 0.059065
v -0.004845 -0.006488 0.059024
v -0.002018 -0.006495 0.057409
v 0.010105 -0.006498 0.059057
v -0.001993 -0.006502 0.057280
v -0.003534 -0.006504 0.057699
v 0.001985 -0.006504 0.053600
v 0.003613 -0.006506 0.052042
v 0.001977 -0.006507 0.053469
v -0.003575 -0.006507 0.056852
v 0.004821 -0.006509 0.058463
v 0.008558 -0.006514 0.059065
v 0.007650 -0.006515 0.059065
v 0.004797 -0.006526 0.058821
v 0.003554 -0.006527 0.055164
v -0.001900 -0.006530 0.049284
v -0.005663 -0.006530 0.059065
v -0.006698 -0.006531 0.059065
v -0.001890 -0.006533 0.049415
v 0.002926 -0.006541 0.055296
v 0.003524 -0.006547 0.053162
v 0.003523 -0.006548 0.051162
v -0.002990 -0.006549 0.047008
v 0.001814 -0.006554 0.049592
v 0.001808 -0.006556 0.049461
v -0.005259 -0.006562 0.059065
v -0.001696 -0.006586 0.055294
v -0.001695 -0.006586 0.055425
v 0.001678 -0.006591 0.055454
v 0.006597 -0.006594 0.059065
v 0.001659 -0.006595 0.055585
v -0.003441 -0.006599 0.048847
v -0.007233 -0.006601 0.059065
v 0.009263 -0.006602 0.059065
v -0.003379 -0.006614 0.053722
v 0.001541 -0.006624 0.057579
v 0.001536 -0.006625 0.057447
v -0.006197 -0.006629 0.059065
v -0.004654 -0.006629 0.046065
v 0.001501 -0.006633 0.047445
v 0.001501 -0.006633 0.047578
v 0.001471 -0.006640 0.051444
v -0.001447 -0.006643 0.047406
v -0.004633 -0.006644 0.046426
v 0.001450 -0.006644 0.051575
v -0.001459 -0.006644 0.047438
v -0.001408 -0.006653 0.051440
v -0.001393 -0.006657 0.053440
v -0.001386 -0.006658 0.051307
v -0.001377 -0.006660 0.053308
v -0.003278 -0.006661 0.049724
v -0.010989 -0.003384 0.046065
v -0.001278 -0.006679 0.057446
v 0.001263 -0.006682 0.053567
v 0.001257 -0.006683 0.053433
v -0.003318 -0.006684 0.047746
v -0.001252 -0.006684 0.057313
v 0.001235 -0.006687 0.049566
v 0.001229 -0.006688 0.049431
v 0.003633 -0.006689 0.049059
v -0.001216 -0.006691 0.055449
v -0.001217 -0.006691 0.055315
v -0.001218 -0.006691 0.049315
v -0.001209 -0.006693 0.049450
v 0.004531 -0.006714 0.059024
v 0.004524 -0.006718 0.059065
v -0.004522 -0.006720 0.059065
v -0.004522 -0.006720 0.052432
v -0.004520 -0.006722 0.048432
v -0.003349 -0.006724 0.050816
v -0.004516 -0.006724 0.059024
v 0.003807 -0.006731 0.058210
v 0.004501 -0.006735 0.052447
v -0.004500 -0.006735 0.050433
v -0.004500 -0.006735 0.056073
v -0.004500 -0.006735 0.058433
v -0.004500 -0.006735 0.054433
v 0.004500 -0.006735 0.048447
v 0.004500 -0.006735 0.054807
v 0.004500 -0.006735 0.056807
v 0.004500 -0.006735 0.056447
v 0.004500 -0.006735 0.052807
v 0.004500 -0.006735 0.048807
v -0.004500 -0.006735 0.058073
v -0.004500 -0.006735 0.054073
v -0.004500 -0.006735 0.050073
v 0.004500 -0.006735 0.054447
v -0.004500 -0.006735 0.048073
v -0.004500 -0.006735 0.052073
v -0.004500 -0.006735 0.056433
v 0.004500 -0.006735 0.050447
v 0.004500 -0.006735 0.050807
v 0.000926 -0.006737 0.055416
v 0.004229 -0.006739 0.058880
v 0.000902 -0.006740 0.055551
v -0.003244 -0.006740 0.052838
v 0.000874 -0.006744 0.057550
v 0.000864 -0.006745 0.057413
v -0.000765 -0.006755 0.047471
v -0.002227 -0.006756 0.047093
v -0.000751 -0.006757 0.047406
v 0.003239 -0.006759 0.057113
v -0.000737 -0.006761 0.051474
v -0.000731 -0.006761 0.053474
v -0.000718 -0.006762 0.051337
v -0.000714 -0.006763 0.053337
v 0.000696 -0.006765 0.047542
v 0.000686 -0.006765 0.047406
v 0.000688 -0.006766 0.049541
v 0.000685 -0.006766 0.051404
v 0.000683 -0.006766 0.049404
v -0.000669 -0.006767 0.055477
v 0.000664 -0.006768 0.051540
v -0.000657 -0.006769 0.055340
v 0.002531 -0.006776 0.053238
v -0.000567 -0.006777 0.049344
v -0.000558 -0.006778 0.049483
v 0.000535 -0.006779 0.053535
v 0.000531 -0.006780 0.053396
v -0.000509 -0.006782 0.057485
v -0.000489 -0.006783 0.057348
v -0.003197 -0.006784 0.054830
v 0.002998 -0.006785 0.051149
v 0.003038 -0.006789 0.048010
v 0.009937 -0.006789 0.046086
v -0.000051 -0.006797 0.047505
v 0.000180 -0.006798 0.057518
v 0.000197 -0.006798 0.057380
v 0.000129 -0.006799 0.055377
v -0.003141 -0.006799 0.056838
v -0.000115 -0.006799 0.053504
v 0.000082 -0.006800 0.049374
v -0.000028 -0.006800 0.047406
v 0.000091 -0.006800 0.049514
v 0.000104 -0.006800 0.055515
v -0.000059 -0.006800 0.051507
v -0.000095 -0.006800 0.053366
v -0.000036 -0.006801 0.051369
v 0.002967 -0.006803 0.049145
v 0.003242 -0.006817 0.054081
v 0.004908 -0.006829 0.059065
v 0.002269 -0.006835 0.049245
v 0.003090 -0.006836 0.053103
v 0.003237 -0.006841 0.050090
v 0.002932 -0.006849 0.047126
v -0.007855 -0.006852 0.059065
v -0.002920 -0.006854 0.051754
v -0.003411 -0.006859 0.046729
v -0.003598 -0.006862 0.058672
v 0.004302 -0.006863 0.058798
v 0.002131 -0.006864 0.049825
v 0.004291 -0.006869 0.046798
v -0.002898 -0.006875 0.057764
v -0.001482 -0.006880 0.047168
v -0.005029 -0.006884 0.059065
v 0.002719 -0.006887 0.057145
v 0.004257 -0.006890 0.046065
v 0.004256 -0.006891 0.058435
v -0.002800 -0.006891 0.050883
v 0.002865 -0.006894 0.052014
v -0.005439 -0.006906 0.059065
v -0.002838 -0.006909 0.055771
v 0.002767 -0.006919 0.056003
v -0.002723 -0.006920 0.048887
v 0.001816 -0.006920 0.057251
v -0.000766 -0.006924 0.047240
v -0.004181 -0.006936 0.059065
v 0.009323 0.004619 0.046065
v -0.004171 -0.006940 0.059024
v 0.005404 -0.006942 0.059065
v -0.008732 -0.006947 0.059065
v 0.002606 -0.006948 0.057977
v 0.004156 -0.006951 0.059024
v -0.002667 -0.006956 0.052882
v 0.004147 -0.006956 0.059065
v -0.002164 0.010631 0.046065
v 0.003840 -0.006956 0.058870
v -0.002158 -0.006957 0.055000
v 0.002695 -0.006960 0.050006
v -0.002622 -0.006968 0.056888
v -0.002560 -0.006969 0.053754
v 0.002555 -0.006971 0.053979
v -0.002159 -0.006984 0.055705
v 0.001656 -0.006988 0.049227
v -0.002654 -0.006990 0.047780
v 0.003258 -0.006991 0.054985
v 0.003194 -0.006991 0.058154
v -0.002666 -0.007000 0.054861
v -0.002514 -0.007021 0.049777
v 0.009803 -0.007021 0.059032
v 0.002475 -0.007024 0.055107
v -0.001946 -0.007030 0.047706
v -0.002307 -0.012000 0.050780
v -0.002260 -0.007042 0.050932
v -0.003996 -0.007045 0.046065
v -0.004673 -0.007051 0.059065
v -0.005895 -0.007052 0.059065
v -0.003978 -0.007056 0.046458
v 0.002547 -0.007065 0.051076
v 0.001176 -0.007081 0.057208
v 0.003913 -0.007092 0.058781
v 0.001073 -0.007092 0.049205
v 0.001229 -0.007099 0.057797
v 0.002382 -0.007101 0.047080
v 0.002018 -0.007114 0.051120
v -0.002676 -0.007116 0.046796
v 0.000651 -0.007124 0.057743
v 0.003846 -0.007129 0.054415
v 0.002143 -0.007132 0.047972
v -0.001164 -0.007134 0.049703
v -0.003835 -0.007134 0.048465
v -0.002131 -0.007137 0.051789
v 0.003819 -0.007143 0.052414
v -0.003819 -0.007143 0.050466
v 0.003819 -0.007143 0.054777
v -0.003818 -0.007143 0.054466
v -0.003818 -0.007143 0.056103
v 0.003818 -0.007143 0.048414
v -0.003818 -0.007144 0.058466
v 0.003818 -0.007144 0.056414
v 0.003818 -0.007144 0.056777
v 0.003818 -0.007144 0.052777
v 0.003818 -0.007144 0.048777
v -0.003818 -0.007144 0.050103
v -0.003818 -0.007144 0.056466
v -0.003818 -0.007144 0.058103
v 0.003818 -0.007144 0.050414
v -0.003818 -0.007144 0.048103
v -0.003818 -0.007144 0.052103
v 0.003818 -0.007144 0.050777
v 0.001045 -0.007144 0.049797
v -0.003815 -0.007145 0.052466
v -0.009731 -0.007145 0.059022
v 0.002079 -0.007149 0.051970
v -0.002102 -0.007154 0.057794
v -0.003796 -0.007155 0.054104
v 0.003796 -0.007155 0.059024
v 0.003789 -0.007159 0.059065
v -0.003335 0.012000 0.049490
v 0.003400 -0.007168 0.058858
v 0.007168 -0.007169 0.059065
v -0.006506 -0.007172 0.059065
v 0.002294 -0.007177 0.057049
v -0.001962 -0.007179 0.048917
v -0.001700 -0.007179 0.049767
v 0.000398 -0.007180 0.049163
v 0.002031 -0.007180 0.053081
v 0.000011 -0.007190 0.057146
v -0.002128 -0.007195 0.056878
v 0.001913 -0.007196 0.055963
v 0.001846 -0.007196 0.047092
v -0.002920 -0.007200 0.058693
v -0.003701 -0.007203 0.059065
v 0.006090 -0.007204 0.059065
v 0.000400 -0.007206 0.049769
v -0.003689 -0.007210 0.059024
v 0.004517 -0.007216 0.059065
v 0.001896 -0.007217 0.057972
v -0.001616 -0.007225 0.056955
v 0.002567 -0.007227 0.048982
v -0.001786 -0.007230 0.052923
v 0.001759 -0.007233 0.053954
v -0.008832 -0.004919 0.046065
v 0.003615 -0.007248 0.046769
v -0.001774 -0.007251 0.053815
v 0.001513 -0.007264 0.053082
v -0.000655 -0.007265 0.049766
v 0.003575 -0.007268 0.058402
v -0.007190 -0.007270 0.059065
v 0.003568 -0.007271 0.046065
v 0.001750 -0.007275 0.055054
v -0.009656 -0.007275 0.046118
v 0.001294 -0.007281 0.047086
v -0.001166 -0.007283 0.047790
v 0.002602 -0.007296 0.052938
v -0.001816 -0.007301 0.050879
v -0.001464 -0.007302 0.051817
v -0.001742 -0.007305 0.054889
v 0.001507 -0.007307 0.051058
v -0.001677 -0.007311 0.055840
v 0.001166 -0.007312 0.055907
v -0.002000 -0.007313 0.046839
v 0.003476 -0.007315 0.059024
v -0.000878 -0.007318 0.053800
v 0.003466 -0.007320 0.059065
v 0.003466 -0.007320 0.058762
v 0.004977 -0.007323 0.059065
v 0.001559 -0.007334 0.049978
v 0.008271 -0.007338 0.059065
v 0.001173 -0.007340 0.047925
v -0.001195 -0.007342 0.057825
v 0.002175 -0.007349 0.050096
v -0.001327 -0.007350 0.048929
v 0.001250 -0.007356 0.051945
v -0.004289 -0.007360 0.059065
v 0.000606 -0.007363 0.057059
v 0.010684 -0.005494 0.053764
v -0.005389 -0.007370 0.059065
v 0.001969 -0.007373 0.048979
v -0.001059 -0.007374 0.056952
v -0.000870 -0.007375 0.051832
v -0.000981 -0.007377 0.055836
v 0.002881 -0.007379 0.058845
v 0.004147 -0.007380 0.059065
v -0.001243 -0.007382 0.050923
v -0.000128 -0.007386 0.053026
v -0.001120 -0.007389 0.054935
v -0.003308 -0.007390 0.046065
v 0.000538 -0.007393 0.055041
v -0.000697 -0.007399 0.050976
v -0.000770 -0.007402 0.048967
v -0.000681 -0.007403 0.052975
v 0.001111 -0.007405 0.055023
v -0.003281 -0.007405 0.046491
v 0.000807 -0.007409 0.053922
v -0.004881 -0.007412 0.059065
v 0.000966 -0.007418 0.051021
v 0.000998 -0.007424 0.053016
v -0.000027 -0.007426 0.055008
v 0.001744 -0.007428 0.056969
v -0.000358 -0.007431 0.057865
v -0.000203 -0.007433 0.048995
v -0.000263 -0.007433 0.055868
v 0.000316 -0.007436 0.047897
v 0.000411 -0.007439 0.051905
v 0.000797 -0.007441 0.047011
v -0.000458 -0.007442 0.047869
v -0.000907 -0.007447 0.046927
v 0.008161 0.009865 0.054276
v 0.000487 -0.007450 0.055917
v -0.000555 -0.007456 0.054957
v -0.001429 -0.007461 0.046853
v -0.000140 -0.007462 0.050982
v -0.000090 -0.007462 0.053891
v 0.000238 -0.007467 0.046994
v -0.002200 -0.007472 0.058713
v -0.008695 0.008941 0.056676
v -0.003114 -0.007477 0.048499
v -0.000510 -0.007477 0.056948
v -0.003108 -0.007480 0.056499
v -0.003104 -0.007482 0.054131
v 0.003100 -0.007483 0.052380
v -0.003100 -0.007483 0.052500
v -0.003100 -0.007483 0.050500
v -0.003100 -0.007483 0.054500
v 0.003100 -0.007483 0.048380
v 0.003100 -0.007483 0.056380
v 0.003100 -0.007483 0.054749
v -0.003100 -0.007483 0.058500
v 0.003100 -0.007483 0.056749
v 0.003100 -0.007483 0.050380
v 0.003100 -0.007483 0.054380
v 0.003100 -0.007484 0.048749
v -0.003099 -0.007484 0.050131
v 0.003099 -0.007484 0.052749
v -0.003099 -0.007484 0.048131
v -0.003099 -0.007484 0.058131
v -0.003099 -0.007484 0.052131
v 0.003099 -0.007484 0.050749
v -0.000347 -0.007485 0.046956
v -0.001213 -0.007487 0.052868
v -0.003068 -0.007497 0.056133
v 0.001389 -0.007507 0.048950
v 0.000405 -0.007508 0.052973
v 0.003033 -0.007511 0.059024
v -0.003031 -0.007511 0.059065
v 0.003023 -0.007515 0.059065
v 0.000858 -0.007515 0.048967
v -0.003018 -0.007516 0.059024
v 0.000364 -0.007520 0.057948
v -0.000116 -0.007521 0.049923
v 0.000409 -0.007527 0.050962
v 0.002964 -0.007538 0.058374
v 0.002939 -0.007547 0.058742
v -0.000301 -0.007549 0.051932
v 0.001163 -0.007568 0.058051
v 0.009486 -0.007570 0.058986
v 0.002878 -0.007571 0.046740
v 0.002265 -0.007574 0.058829
v 0.001134 -0.007579 0.056922
v 0.003762 -0.007580 0.059065
v 0.002845 -0.007583 0.046065
v 0.000782 -0.007600 0.050028
v -0.001157 -0.007601 0.049972
v 0.003382 -0.007621 0.059065
v 0.009456 -0.007622 0.046149
v -0.006014 -0.007629 0.059065
v 0.005483 -0.007644 0.059065
v -0.001474 -0.007667 0.058731
v 0.000067 -0.007672 0.056870
v -0.002582 -0.007676 0.046065
v 0.000330 -0.007679 0.048873
v -0.002550 -0.007687 0.046523
v -0.008180 0.002916 0.046065
v 0.004698 -0.007722 0.059065
v 0.002410 -0.007732 0.059024
v 0.001541 -0.007734 0.058810
v 0.002397 -0.007736 0.059065
v -0.002384 -0.007741 0.054160
v -0.002963 0.010928 0.046065
v -0.002370 -0.007745 0.052160
v -0.002363 -0.007748 0.048531
v 0.002352 -0.007751 0.052349
v -0.002352 -0.007751 0.052531
v -0.002352 -0.007751 0.050531
v -0.002352 -0.007751 0.054531
v 0.002351 -0.007751 0.048349
v 0.002351 -0.007751 0.056349
v 0.002351 -0.007751 0.054719
v 0.002351 -0.007751 0.050349
v -0.002351 -0.007751 0.056161
v 0.002351 -0.007751 0.054349
v -0.002351 -0.007751 0.056531
v 0.002351 -0.007751 0.056719
v -0.002351 -0.007751 0.050161
v 0.002351 -0.007751 0.048719
v -0.002351 -0.007751 0.048161
v 0.002351 -0.007751 0.050719
v 0.002351 -0.007751 0.052719
v -0.002351 -0.007751 0.058161
v -0.003593 -0.007757 0.059065
v -0.002330 -0.007758 0.058532
v -0.004107 -0.007759 0.059065
v 0.002313 -0.007763 0.058347
v 0.002305 -0.007765 0.058717
v -0.002292 -0.007769 0.059065
v -0.002277 -0.007773 0.059024
v -0.000741 -0.007790 0.058749
v 0.004173 -0.007798 0.059065
v 0.002118 -0.007818 0.046709
v 0.002095 -0.007821 0.046065
v 0.000789 -0.007825 0.058789
v 0.000000 -0.007844 0.058768
v 0.006664 -0.007845 0.059065
v -0.004713 -0.007855 0.059065
v -0.001836 -0.007888 0.046065
v -0.001796 -0.007898 0.046552
v 0.001665 -0.007926 0.059024
v 0.001651 -0.007930 0.059065
v 0.013856 0.000000 0.049851
v -0.001588 -0.007943 0.048560
v 0.001587 -0.007943 0.048687
v 0.001580 -0.007944 0.052320
v -0.001580 -0.007944 0.052560
v -0.001580 -0.007944 0.054560
v 0.001580 -0.007944 0.056320
v 0.001580 -0.007944 0.050320
v 0.001580 -0.007944 0.054686
v -0.001580 -0.007944 0.056194
v 0.001580 -0.007944 0.054320
v -0.001580 -0.007944 0.050194
v 0.001580 -0.007944 0.056686
v -0.001580 -0.007944 0.056560
v -0.001580 -0.007944 0.054194
v 0.001580 -0.007944 0.050686
v -0.001580 -0.007944 0.048194
v 0.001580 -0.007944 0.052686
v -0.001580 -0.007944 0.058194
v -0.001580 -0.007944 0.052194
v -0.001579 -0.007945 0.050560
v 0.001578 -0.007945 0.048320
v 0.001577 -0.007945 0.058686
v -0.001564 -0.007948 0.058561
v 0.001560 -0.007948 0.058319
v -0.001514 -0.007956 0.059065
v -0.001499 -0.007960 0.059024
v 0.003255 -0.007963 0.059065
v 0.001338 -0.007988 0.046676
v 0.001326 -0.007990 0.046065
v 0.003724 -0.008009 0.059065
v -0.007883 -0.008011 0.059065
v -0.006812 -0.008011 0.059065
v -0.005383 -0.008020 0.059065
v -0.001058 -0.008028 0.046065
v -0.001028 -0.008034 0.046580
v -0.009087 0.003278 0.046065
v 0.000867 -0.008053 0.059024
v 0.000850 -0.008055 0.059065
v -0.000818 -0.008059 0.054226
v -0.000807 -0.008060 0.054589
v 0.000806 -0.008060 0.058653
v -0.000798 -0.008061 0.048589
v 0.000794 -0.008061 0.052291
v 0.000794 -0.008061 0.048291
v -0.000794 -0.008061 0.052589
v -0.000794 -0.008061 0.056227
v 0.000794 -0.008061 0.056291
v 0.000794 -0.008061 0.050291
v -0.000794 -0.008061 0.050227
v 0.000794 -0.008061 0.054291
v 0.000794 -0.008061 0.054653
v 0.000794 -0.008061 0.056653
v 0.000794 -0.008061 0.048653
v -0.000794 -0.008061 0.056589
v 0.000794 -0.008061 0.052653
v -0.000794 -0.008061 0.058589
v -0.000794 -0.008061 0.048227
v 0.000794 -0.008061 0.050653
v -0.000794 -0.008061 0.052227
v -0.000794 -0.008061 0.058227
v 0.000790 -0.008061 0.058291
v -0.000774 -0.008063 0.050590
v -0.000728 -0.008067 0.059065
v 0.001007 0.010735 0.046065
v -0.000711 -0.008068 0.059024
v 0.000545 -0.008081 0.046642
v 0.000544 -0.008082 0.046065
v 0.001362 0.009285 0.046065
v -0.000258 -0.008093 0.046065
v -0.000254 -0.008096 0.046610
v 0.000000 -0.008100 0.048260
v 0.000000 -0.008100 0.048620
v 0.000000 -0.008100 0.050260
v 0.000000 -0.008100 0.050620
v 0.000000 -0.008100 0.052260
v 0.000000 -0.008100 0.052620
v 0.000000 -0.008100 0.054260
v 0.000000 -0.008100 0.054620
v 0.000000 -0.008100 0.056260
v 0.000000 -0.008100 0.056620
v 0.000000 -0.008100 0.058260
v 0.000000 -0.008100 0.058620
v 0.000000 -0.008100 0.059024
v 0.000000 -0.008100 0.059065
v 0.006212 0.010267 0.046065
v -0.005188 0.010820 0.046065
v -0.013856 0.000000 0.049757
v 0.007555 -0.008168 0.059065
v 0.004949 0.009742 0.046065
v 0.004757 -0.008195 0.059065
v -0.004435 -0.012000 0.049300
v 0.006026 -0.008242 0.059065
v 0.002839 -0.008245 0.059065
v 0.004655 -0.008172 0.046065
v 0.010405 0.005977 0.051117
v -0.004128 -0.008287 0.059065
v 0.005319 -0.008301 0.059065
v 0.012642 0.002104 0.054426
v 0.004184 -0.008322 0.059065
v -0.009048 -0.008328 0.058893
v 0.008613 -0.008354 0.059065
v -0.006060 -0.008363 0.059065
v -0.003427 -0.008385 0.059065
v 0.001502 0.012000 0.052544
v 0.002196 -0.008473 0.059065
v 0.003502 -0.008485 0.059065
v 0.008952 -0.008494 0.046264
v -0.004814 -0.008503 0.059065
v -0.002767 -0.008521 0.059065
v 0.001214 -0.008585 0.059065
v 0.008891 -0.008600 0.058851
v -0.001218 -0.008604 0.059065
v -0.008873 -0.008632 0.046286
v 0.008471 0.003927 0.046065
v -0.004702 0.007524 0.046065
v -0.006928 0.012000 0.055279
v -0.001956 -0.008706 0.059065
v 0.008393 0.007513 0.046065
v -0.009010 0.004251 0.046065
v 0.004749 -0.008851 0.059065
v 0.000453 -0.008890 0.059065
v -0.000475 -0.008891 0.059065
v -0.001933 0.009712 0.046065
v 0.008791 0.001747 0.046065
v 0.003990 -0.008934 0.059065
v 0.011092 0.002270 0.046065
v 0.002982 -0.008951 0.059065
v -0.003983 -0.008953 0.059065
v -0.004618 0.009698 0.046065
v 0.005574 -0.009014 0.059065
v 0.006597 -0.009014 0.059065
v 0.001649 -0.009037 0.059065
v -0.005564 -0.009047 0.059065
v 0.000280 0.010104 0.046065
v -0.006641 -0.009074 0.059065
v -0.006616 0.010010 0.046065
v 0.004100 0.010316 0.046065
v -0.011594 0.003919 0.056931
v -0.005630 0.009798 0.046065
v -0.007675 -0.009224 0.059065
v 0.003650 -0.008216 0.046065
v -0.004658 -0.009318 0.059065
v 0.002340 -0.009328 0.059065
v 0.007521 -0.009351 0.059065
v 0.012562 0.002241 0.050448
v -0.002381 -0.009422 0.059065
v -0.012476 -0.002391 0.055192
v -0.001360 -0.009445 0.059065
v -0.003317 -0.009498 0.059065
v 0.003640 -0.009529 0.059065
v 0.000935 -0.009534 0.059065
v -0.000108 -0.009562 0.059065
v 0.004589 -0.009652 0.059065
v -0.002930 0.009916 0.046065
v -0.008184 -0.009825 0.058610
v 0.001799 -0.009851 0.059065
v 0.003009 -0.009885 0.059065
v 0.005423 -0.009902 0.059065
v 0.009469 0.002370 0.046065
v 0.008111 -0.009951 0.046549
v -0.005263 -0.009987 0.059065
v -0.000614 0.009842 0.046065
v -0.001078 0.010515 0.046065
v 0.008055 -0.010048 0.058558
v -0.008041 -0.010073 0.046578
v -0.001058 -0.010073 0.059065
v -0.004167 -0.010110 0.059065
v 0.000406 -0.010156 0.059065
v 0.001178 -0.010231 0.059065
v 0.000080 0.011142 0.046065
v -0.000329 -0.010244 0.059065
v -0.006235 -0.010253 0.059065
v 0.006190 -0.010279 0.059065
v -0.002335 -0.010281 0.059065
v 0.002443 -0.010296 0.059065
v -0.010189 0.001893 0.046065
v 0.006928 0.012000 0.052565
v 0.003998 -0.010447 0.059065
v -0.007328 -0.006956 0.046065
v 0.003240 0.012000 0.050654
v -0.003386 -0.010628 0.059065
v 0.001891 -0.010673 0.059065
v 0.003165 -0.010723 0.059065
v -0.001155 0.012000 0.048204
v -0.001444 -0.010760 0.059065
v 0.000670 -0.010761 0.059065
v 0.000017 -0.010799 0.059065
v 0.001267 -0.010800 0.059065
v -0.000667 -0.010806 0.059065
v -0.009155 -0.004034 0.046065
v 0.005797 -0.006939 0.046065
v 0.004880 -0.010963 0.059065
v -0.004772 -0.011010 0.059065
v -0.002660 0.008326 0.046065
v 0.002543 -0.011086 0.059065
v -0.002404 -0.011139 0.059065
v 0.001510 -0.011211 0.059065
v 0.000351 -0.011242 0.059065
v 0.000909 -0.011265 0.059065
v -0.000183 -0.011386 0.059065
v 0.001979 -0.011419 0.059065
v -0.001762 -0.011421 0.059065
v -0.001182 -0.011422 0.059065
v -0.000661 -0.011430 0.059065
v 0.003597 -0.011446 0.059065
v 0.007413 -0.006858 0.046065
v 0.006555 -0.006620 0.046065
v -0.003701 0.009189 0.046065
v -0.003243 -0.011554 0.059065
v -0.009251 -0.006033 0.046065
v 0.001406 -0.011616 0.059065
v 0.007854 -0.005697 0.046065
v 0.000599 -0.011637 0.059065
v 0.009812 -0.005137 0.046065
v 0.000187 -0.011667 0.059065
v 0.000996 -0.011682 0.059065
v 0.002568 -0.011721 0.059065
v -0.006546 -0.006595 0.046065
v 0.000000 -0.012000 0.046065
v -0.000455 -0.012000 0.046071
v 0.000446 -0.012000 0.046072
v 0.000887 -0.012000 0.046085
v -0.000956 -0.012000 0.046087
v 0.001346 -0.012000 0.046109
v -0.001536 -0.012000 0.046122
v 0.001827 -0.012000 0.046145
v -0.002171 -0.012000 0.046178
v 0.002609 -0.012000 0.046228
v -0.003493 -0.012000 0.046353
v 0.003670 -0.012000 0.046382
v -0.005100 -0.012000 0.046666
v 0.005170 -0.012000 0.046681
v 0.006928 -0.012000 0.047137
v -0.006928 -0.012000 0.047137
v -0.010959 0.005019 0.047921
v -0.013856 0.000000 0.055311
v 0.010074 -0.006551 0.051132
v -0.009346 0.007812 0.050616
v -0.010456 -0.005890 0.052584
v -0.000422 -0.012000 0.053239
v -0.003648 -0.012000 0.052969
v 0.003148 -0.012000 0.056979
v -0.012117 -0.003012 0.048621
v 0.000541 -0.012000 0.050848
v 0.009526 -0.007500 0.054516
v 0.008280 -0.009659 0.049698
v 0.013856 0.000000 0.055279
v -0.009474 -0.007591 0.056585
v 0.008267 -0.009682 0.052954
v 0.011217 0.004572 0.048541
v -0.013856 0.000000 0.052494
v 0.009353 -0.007800 0.048727
v -0.012035 0.003154 0.048362
v 0.006928 -0.012000 0.052557
v 0.006928 -0.012000 0.049308
v 0.012801 -0.001828 0.053039
v 0.013856 0.000000 0.052565
v 0.006928 -0.012000 0.057993
v -0.006928 -0.012000 0.057993
v 0.005160 -0.012000 0.058452
v -0.004923 -0.012000 0.058504
v 0.003681 -0.012000 0.058746
v -0.003316 -0.012000 0.058804
v 0.002620 -0.012000 0.058901
v -0.002122 -0.012000 0.058957
v 0.001836 -0.012000 0.058984
v -0.001502 -0.012000 0.059011
v 0.001354 -0.012000 0.059020
v -0.000937 -0.012000 0.059044
v 0.000894 -0.012000 0.059045
v 0.000451 -0.012000 0.059059
v -0.000443 -0.012000 0.059059
v 0.000000 -0.012000 0.059065
vn 0.4831 0.0796 0.8719
vn 0.1725 -0.4663 0.8676
vn -0.2389 0.6735 0.6995
vn -0.6198 0.3331 0.7106
vn -0.9043 0.4266 0.0154
vn 0.0166 -0.0573 0.9982
vn -0.4013 0.2918 -0.8682
vn -0.8849 0.4658 0.0068
vn -0.6642 0.2724 0.6962
vn -0.0027 -0.0820 0.9966
vn -0.5911 0.4276 0.6839
vn -0.6863 -0.1021 -0.7201
vn -0.0000 -0.0000 1.0000
vn -0.7657 0.6424 0.0320
vn -0.4041 -0.9147 -0.0077
vn -0.4810 0.5585 0.6758
vn 0.5042 0.0309 0.8630
vn -0.4327 0.5365 0.7246
vn -0.4665 0.2268 -0.8550
vn 0.4777 -0.1403 0.8672
vn -0.2262 0.4454 -0.8663
vn -0.6391 0.3876 0.6643
vn -0.4046 0.9144 0.0128
vn -0.1310 0.4849 -0.8647
vn -0.3197 0.6231 0.7138
vn 0.3762 0.3303 0.8657
vn -0.9924 -0.1225 0.0085
vn 0.4950 -0.0965 0.8635
vn 0.4714 0.1487 0.8693
vn -0.9044 0.4266 0.0065
vn -0.2645 0.4227 -0.8668
vn -0.0358 0.7066 0.7067
vn -0.4558 0.2274 0.8605
vn -0.9059 0.4235 0.0020
vn 0.0010 -0.0102 0.9999
vn -0.8379 -0.5457 0.0112
vn 0.0846 0.0141 0.9963
vn 0.0966 0.0512 0.9940
vn -0.0636 -0.7038 0.7076
vn 0.7989 0.6010 0.0241
vn 0.4994 0.0771 0.8630
vn 0.1708 -0.9852 0.0137
vn -0.2352 -0.6806 0.6939
vn 0.1375 -0.0451 0.9895
vn 0.6765 0.2077 0.7066
vn -0.0125 -0.7078 0.7063
vn 0.3723 -0.5976 0.7101
vn 0.1974 -0.6800 0.7061
vn 0.1992 -0.6883 0.6975
vn -0.2744 -0.4236 -0.8633
vn 0.0032 0.4985 -0.8669
vn -0.1168 0.9931 -0.0015
vn 0.5715 -0.8205 -0.0171
vn -0.4775 -0.4848 0.7328
vn 0.4305 -0.5544 0.7122
vn 0.5051 -0.0365 0.8623
vn 0.4140 -0.2787 -0.8666
vn 0.9874 0.1583 0.0031
vn -0.6688 -0.2895 0.6847
vn 0.0332 0.7047 0.7088
vn 0.0453 0.9990 -0.0056
vn 0.1651 -0.4800 0.8616
vn 0.2337 0.9723 -0.0094
vn -0.3802 -0.3213 0.8673
vn -0.2967 0.4003 -0.8670
vn 0.2328 0.6681 0.7067
vn 0.1514 0.4785 -0.8649
vn 0.4914 -0.0067 0.8709
vn 0.2440 0.4357 -0.8664
vn -0.0712 0.0595 0.9957
vn 0.4351 0.5584 0.7063
vn -0.1544 0.4672 0.8706
vn 0.6640 0.2399 0.7082
vn 0.0491 0.9988 -0.0000
vn -0.4344 0.2436 -0.8671
vn 0.7289 0.6846 0.0054
vn 0.5920 0.3767 0.7125
vn 0.5237 0.4657 0.7134
vn 0.4873 0.0974 -0.8678
vn 0.8815 0.4682 0.0605
vn 0.6151 0.3419 0.7104
vn -0.0304 0.5000 -0.8655
vn 0.6478 0.2483 0.7202
vn -0.1758 -0.9844 0.0080
vn 0.9954 0.0939 -0.0183
vn 0.9954 0.0953 0.0010
vn 0.9639 0.2661 0.0016
vn 0.2337 0.9723 -0.0093
vn 0.7091 -0.0189 0.7048
vn -0.2146 0.9767 0.0010
vn -0.3458 -0.9379 -0.0293
vn 0.0133 -0.0075 0.9999
vn -0.2697 0.4341 0.8596
vn -0.5882 0.8087 0.0043
vn -0.3085 0.4023 0.8619
vn 0.4963 0.0030 -0.8681
vn -0.5046 -0.0367 -0.8625
vn -0.3270 0.3802 0.8652
vn -0.7713 -0.6364 -0.0012
vn 0.6790 -0.2233 0.6994
vn -0.4116 -0.2937 0.8628
vn 0.1236 -0.4794 0.8688
vn -0.4326 0.2466 0.8672
vn -0.0446 -0.4970 0.8666
vn -0.2925 0.4057 0.8660
vn 0.5081 0.0387 -0.8604
vn -0.5001 -0.0857 0.8617
vn -0.9955 0.0945 0.0076
vn -1.0000 0.0066 0.0009
vn -0.6639 0.7478 0.0062
vn 0.3660 -0.3276 0.8710
vn 0.0500 0.0347 0.9981
vn 0.1244 -0.4805 0.8681
vn -0.4336 -0.2395 -0.8687
vn -0.3070 -0.3996 -0.8637
vn 0.0593 -0.0029 0.9982
vn -0.5038 -0.8638 0.0027
vn 0.2641 -0.6636 0.6999
vn -0.2236 -0.4591 0.8598
vn -0.0659 -0.9978 -0.0000
vn -0.3272 0.3754 0.8672
vn -0.9899 -0.1414 0.0035
vn -0.3427 -0.3722 0.8625
vn -0.3544 0.3664 0.8603
vn 0.0177 0.5071 0.8617
vn -0.6576 -0.7533 0.0053
vn 0.3646 -0.6013 0.7110
vn -0.0719 -0.4898 -0.8689
vn -0.0668 -0.9978 0.0009
vn -0.4316 -0.2550 -0.8653
vn -0.4106 -0.2827 0.8669
vn -0.1207 -0.4805 -0.8687
vn -0.0751 -0.9972 -0.0006
vn -0.8260 0.5628 -0.0322
vn 0.9769 0.2138 0.0011
vn -0.1692 -0.4661 -0.8684
vn -0.2697 -0.4205 -0.8663
vn -0.3111 -0.3926 -0.8655
vn 0.3296 0.9441 -0.0106
vn -0.4271 -0.5785 0.6949
vn -0.3722 -0.3419 -0.8629
vn -0.4518 -0.5404 0.7098
vn -0.5067 -0.4919 0.7080
vn 0.0418 -0.4946 -0.8681
vn -0.5518 -0.4447 0.7055
vn 0.2827 -0.9592 0.0047
vn -0.5950 -0.3716 0.7127
vn -0.5947 -0.3923 0.7018
vn 0.9423 -0.3335 -0.0304
vn -0.4305 -0.5671 0.7021
vn -0.4628 -0.1787 -0.8683
vn 0.0724 -0.5035 -0.8610
vn -0.4837 -0.1433 -0.8635
vn 0.0380 0.4955 0.8678
vn 0.4949 0.0516 -0.8674
vn -0.5057 -0.8627 -0.0071
vn -0.5050 -0.0515 -0.8616
vn -0.2746 -0.4286 0.8608
vn -0.6618 0.7496 -0.0076
vn -0.7205 0.6935 -0.0072
vn -0.5475 0.4460 0.7080
vn 0.5584 -0.4196 -0.7157
vn -0.5486 0.4497 0.7048
vn 0.0778 -0.4985 -0.8634
vn -0.1051 0.4921 0.8642
vn 0.2801 -0.9599 -0.0073
vn -0.4650 0.1930 0.8640
vn -0.6415 0.2790 0.7146
vn -0.6751 0.2647 0.6886
vn -0.4582 0.2097 -0.8637
vn -0.6260 0.3413 0.7012
vn -0.4790 0.1359 -0.8672
vn 0.3742 0.3354 -0.8646
vn 0.1004 -0.4857 -0.8683
vn 0.4764 -0.1477 -0.8667
vn -0.1401 0.4897 -0.8606
vn -0.1542 0.9879 -0.0157
vn -0.5044 -0.0114 -0.8634
vn -0.0133 -0.5004 -0.8657
vn -0.0388 0.5041 -0.8628
vn 0.5466 -0.4572 0.7016
vn -0.0894 0.4848 0.8700
vn -0.2517 0.9678 0.0085
vn 0.1799 -0.4619 0.8685
vn -0.4389 -0.2503 0.8630
vn -0.0670 -0.9978 -0.0000
vn -0.6127 -0.3662 0.7004
vn -0.5180 -0.4224 0.7438
vn -0.4565 -0.5250 0.7184
vn -0.5895 0.8076 0.0138
vn 0.1450 0.9894 0.0045
vn -0.0714 -0.0161 0.9973
vn -0.7204 -0.6935 -0.0131
vn -0.5851 0.3987 0.7062
vn 0.1885 0.4572 -0.8692
vn 0.1628 0.4800 0.8621
vn -0.9254 0.3788 0.0065
vn 0.0495 0.9988 0.0013
vn 0.1312 -0.9904 -0.0437
vn -0.2211 -0.4434 -0.8686
vn 0.1268 -0.4805 0.8678
vn -0.8629 -0.5053 0.0026
vn 0.3291 -0.9443 -0.0040
vn 0.6874 0.1389 0.7128
vn 0.2545 -0.6712 -0.6963
vn 0.1052 0.4916 -0.8644
vn 0.2339 -0.6713 -0.7033
vn -0.3874 -0.3188 0.8650
vn 0.3316 -0.6224 -0.7089
vn 0.5140 -0.5126 0.6878
vn 0.0505 -0.7128 0.6996
vn 0.6257 0.3476 0.6983
vn 0.1477 0.9890 0.0016
vn 0.0640 -0.7004 -0.7108
vn 0.0487 -0.7134 -0.6991
vn -0.0583 0.5001 0.8640
vn 0.4834 0.1374 -0.8646
vn 0.0283 -0.7104 -0.7032
vn -0.0075 -0.7060 -0.7082
vn 0.5793 -0.3965 -0.7122
vn -0.6268 0.7792 -0.0057
vn -0.0012 -0.7001 -0.7141
vn 0.8512 0.5249 -0.0025
vn -0.0979 -0.7041 -0.7033
vn -0.0005 0.4986 -0.8668
vn 0.3631 -0.6001 -0.7128
vn 0.7151 -0.0484 -0.6973
vn 0.0693 0.0233 0.9973
vn 0.6993 -0.0678 -0.7116
vn -0.8052 -0.5930 0.0114
vn -0.0664 -0.9978 0.0049
vn -0.3862 0.3119 -0.8681
vn -0.8727 0.4883 -0.0011
vn -0.2964 0.4005 -0.8670
vn 0.6892 -0.1498 -0.7089
vn 0.6931 0.0809 0.7163
vn 0.6743 -0.2058 -0.7092
vn -0.5830 0.8122 -0.0199
vn 0.4923 0.1059 0.8640
vn 0.0477 0.1465 0.9881
vn -0.1547 0.4819 -0.8625
vn -0.6046 -0.7965 0.0040
vn -0.3256 -0.3775 -0.8669
vn -0.2171 -0.4462 0.8682
vn -0.9990 -0.0432 -0.0125
vn -0.6603 -0.7509 -0.0074
vn -0.2625 0.4257 -0.8659
vn -0.3025 0.9531 0.0064
vn -0.6070 -0.7947 0.0024
vn 0.0238 -0.7005 0.7133
vn 0.7983 -0.6021 -0.0134
vn -0.2041 0.4525 -0.8681
vn 0.3860 -0.9223 -0.0175
vn -0.2473 0.4471 0.8596
vn 0.8384 -0.5450 -0.0099
vn -0.0544 0.0225 0.9983
vn 0.3183 -0.3846 0.8664
vn -0.9990 -0.0414 0.0148
vn -0.4885 -0.1025 0.8665
vn -0.0851 0.1762 0.9807
vn -0.1241 0.4801 0.8684
vn 0.0551 0.4974 -0.8658
vn 0.0217 0.9998 0.0027
vn -0.0299 0.4999 0.8656
vn 0.1257 0.4873 -0.8642
vn 0.1581 0.4722 -0.8672
vn -0.9924 -0.1227 0.0056
vn 0.0228 0.4983 0.8667
vn 0.0799 0.4952 0.8651
vn -0.7173 -0.6968 0.0017
vn 0.1397 0.4837 0.8640
vn 0.2292 0.4482 -0.8640
vn -0.5618 0.8273 -0.0023
vn -0.7170 -0.6951 0.0523
vn -0.7526 -0.6581 -0.0223
vn -0.4931 0.1015 -0.8640
vn 0.5402 0.8416 -0.0027
vn 0.1211 -0.4904 0.8630
vn 0.4876 -0.8728 -0.0187
vn 0.3928 0.3086 -0.8663
vn 0.4783 -0.8782 0.0002
vn 0.4187 0.2713 -0.8666
vn -0.3573 -0.3485 -0.8665
vn 0.6195 -0.7836 0.0460
vn 0.7985 0.6020 0.0062
vn 0.3208 -0.3925 0.8620
vn -0.8692 -0.4944 -0.0004
vn 0.4131 -0.9094 -0.0491
vn 0.0448 -0.4947 -0.8679
vn 0.2251 -0.4427 -0.8679
vn -0.0000 -0.0000 -1.0000
vn 0.9700 0.2431 -0.0019
vn 0.9906 0.1356 0.0188
vn -0.0012 -0.0422 -0.9991
vn -0.1480 -0.0071 -0.9890
vn -0.1778 -0.0349 -0.9834
vn 0.5041 0.0069 -0.8636
vn 0.9997 0.0210 0.0113
vn -0.0514 0.0120 -0.9986
vn -0.2308 -0.1150 -0.9662
vn 0.1098 -0.0174 -0.9938
vn -0.4909 0.0974 -0.8658
vn -0.1064 0.1849 -0.9770
vn 0.4884 -0.1323 -0.8625
vn 0.1528 0.4788 -0.8645
vn -0.0582 -0.0609 0.9964
vn 0.9955 -0.0941 0.0061
vn -0.6138 0.3435 0.7108
vn -0.3962 0.9182 0.0030
vn -0.5617 0.4152 0.7156
vn 0.9489 -0.3156 -0.0022
vn 0.6994 -0.7140 -0.0309
vn 0.4858 0.8734 0.0333
vn 0.4760 -0.1726 -0.8623
vn -0.4909 -0.1070 0.8646
vn 0.9065 -0.4222 -0.0017
vn 0.0128 -0.0109 0.9999
vn 0.2439 0.9698 0.0027
vn 0.0508 0.2339 -0.9709
vn 0.4255 -0.2722 -0.8631
vn 0.8529 -0.5220 0.0043
vn -0.2977 0.3906 -0.8711
vn 0.2875 0.4151 -0.8631
vn 0.2336 0.4475 -0.8632
vn -0.1912 0.4652 -0.8643
vn -0.4963 -0.0314 -0.8676
vn -0.4025 0.3037 -0.8636
vn -0.5069 0.0244 -0.8616
vn -0.5082 -0.0244 -0.8609
vn 0.4836 -0.1537 0.8617
vn 0.0725 0.1147 -0.9908
vn -0.7724 -0.6351 -0.0069
vn -0.6635 0.7482 0.0030
vn 0.0165 0.0111 -0.9998
vn 0.1043 0.1092 -0.9885
vn 0.1929 -0.4615 -0.8659
vn 0.3394 0.3695 -0.8650
vn 0.0001 0.0409 -0.9992
vn 0.2875 0.4099 -0.8656
vn 0.0371 0.0343 -0.9987
vn -0.5029 0.0392 -0.8635
vn 0.5814 -0.8135 -0.0136
vn 0.3879 -0.3204 0.8642
vn 0.0281 -0.5026 -0.8641
vn 0.3010 -0.4027 -0.8644
vn 0.0140 -0.0835 -0.9964
vn -0.1797 0.4602 -0.8695
vn -0.5768 0.3631 0.7317
vn -0.1691 -0.4664 -0.8683
vn 0.2313 0.4345 -0.8705
vn -0.1517 0.4765 0.8660
vn 0.4924 -0.8704 0.0044
vn -0.2971 0.3983 -0.8678
vn -0.1910 -0.9815 -0.0110
vn -0.3357 0.3762 -0.8636
vn -0.2618 0.4316 -0.8632
vn -0.2266 0.4487 -0.8645
vn 0.1981 -0.4633 -0.8638
vn -0.0235 -0.4962 -0.8679
vn -0.0388 0.5041 -0.8627
vn -0.3857 0.3115 -0.8685
vn -0.4970 0.0422 -0.8667
vn -0.1818 -0.9833 0.0006
vn -0.2290 0.4501 -0.8631
vn -0.2405 0.4239 -0.8732
vn -0.4984 0.0420 -0.8659
vn -0.4907 0.1049 -0.8650
vn -0.4518 -0.2251 0.8633
vn 0.0108 0.5088 -0.8608
vn -0.2620 0.4196 -0.8691
vn 0.1247 -0.4807 0.8680
vn 0.9999 -0.0033 0.0132
vn 0.7223 -0.6916 0.0007
vn -0.0693 -0.2146 -0.9743
vn 0.7884 -0.6151 0.0039
vn 0.2353 -0.4472 -0.8629
vn -0.4525 -0.2045 0.8680
vn 0.7893 -0.6139 -0.0080
vn -0.2001 0.4583 0.8660
vn -0.7870 0.6170 -0.0035
vn 0.2300 -0.4466 0.8647
vn 0.1659 -0.9861 -0.0087
vn 0.2896 -0.4093 -0.8652
vn 0.0032 0.0158 -0.9999
vn 0.8939 -0.4482 0.0104
vn 0.2898 -0.4148 -0.8625
vn 0.0551 -0.9985 -0.0000
vn -0.1232 0.4882 -0.8640
vn -0.3458 0.3640 0.8649
vn -0.0095 0.0411 -0.9991
vn 0.0578 -0.9983 0.0114
vn -0.0037 0.0709 -0.9975
vn -0.4627 -0.2013 -0.8634
vn -0.0052 0.0046 -1.0000
vn -0.1820 -0.9833 0.0019
vn 0.8691 -0.4939 0.0259
vn 0.9983 -0.0578 -0.0052
vn -0.7128 0.7013 0.0079
vn 0.6575 -0.7535 -0.0033
vn -0.4303 -0.2460 0.8685
vn -0.6708 -0.1678 -0.7224
vn -0.0694 0.5055 -0.8600
vn -0.2855 -0.9584 -0.0014
vn -0.2865 -0.9581 0.0066
vn -0.8228 0.5671 0.0367
vn 0.4152 -0.2733 0.8677
vn -0.4234 0.2711 -0.8644
vn -0.4398 0.2407 -0.8652
vn -0.4389 0.2312 -0.8683
vn 0.4121 0.2797 0.8671
vn 0.4928 -0.1107 -0.8631
vn 0.0280 0.4986 -0.8664
vn 0.4368 0.2401 0.8669
vn 0.3088 -0.3985 -0.8636
vn 0.3056 -0.3986 -0.8647
vn 0.2332 -0.9721 0.0260
vn 0.3424 -0.3708 -0.8633
vn 0.9759 -0.2154 0.0338
vn -0.4020 0.3019 -0.8644
vn 0.9874 -0.1581 0.0066
vn 0.2115 -0.4505 -0.8673
vn 0.2115 -0.4516 -0.8668
vn 0.2412 -0.4355 -0.8673
vn -0.1223 -0.9925 0.0003
vn -0.1710 -0.9842 0.0459
vn -0.0390 0.5051 -0.8622
vn -0.0583 0.4997 0.8642
vn 0.2466 -0.4399 -0.8635
vn 0.3783 0.3243 -0.8670
vn 0.3773 0.3210 -0.8687
vn 0.4071 0.2951 -0.8644
vn 0.3992 0.3184 -0.8598
vn 0.4248 0.2427 -0.8721
vn 0.3359 0.3791 0.8622
vn -0.0882 0.4967 0.8634
vn 0.0293 0.5037 -0.8634
vn -0.3971 -0.9178 -0.0002
vn -0.1864 0.4654 0.8652
vn -0.2658 0.4346 -0.8605
vn -0.4993 0.0114 -0.8664
vn -0.0137 0.9999 0.0056
vn 0.1298 -0.4785 0.8684
vn -0.0168 -0.5066 -0.8620
vn -0.0661 -0.9977 -0.0173
vn 0.1472 0.9891 -0.0000
vn -0.4961 -0.0252 -0.8679
vn 0.0316 -0.5030 -0.8637
vn -0.4318 -0.5652 -0.7029
vn 0.4903 -0.5016 -0.7127
vn 0.4842 -0.5314 -0.6951
vn -0.0523 -0.4947 0.8675
vn 0.3802 0.3240 0.8663
vn -0.5035 -0.0265 -0.8636
vn 0.3959 0.3152 -0.8625
vn -0.1142 -0.4853 0.8669
vn -0.0653 0.4914 -0.8685
vn 0.7428 0.6696 -0.0014
vn -0.0361 -0.0442 -0.9984
vn -0.2003 0.4597 0.8652
vn 0.8055 0.5926 -0.0050
vn 0.4340 0.2654 0.8609
vn -0.4583 0.2135 -0.8628
vn -0.7110 0.7023 -0.0364
vn -0.0128 -0.7076 0.7065
vn 0.2952 0.9554 -0.0023
vn 0.1977 0.4611 -0.8650
vn 0.1635 0.4718 -0.8664
vn 0.0034 0.0316 -0.9995
vn -0.0126 0.0137 -0.9998
vn -0.2571 -0.4334 -0.8637
vn 0.2474 -0.6529 -0.7158
vn 0.2985 -0.6363 -0.7113
vn 0.0112 0.5030 -0.8642
vn 0.3350 -0.3672 -0.8677
vn 0.1675 0.4757 -0.8635
vn 0.2929 -0.6447 -0.7061
vn -0.1914 -0.6975 -0.6906
vn 0.3326 0.3714 0.8668
vn -0.0915 -0.4979 0.8624
vn -0.2924 -0.6516 -0.6999
vn -0.3475 -0.3618 -0.8651
vn -0.2613 -0.6606 -0.7038
vn 0.6191 -0.3323 -0.7116
vn 0.6174 -0.3274 -0.7153
vn -0.1385 -0.0027 0.9904
vn 0.5960 -0.8029 0.0041
vn -0.1700 -0.4657 0.8685
vn 0.3395 -0.6233 -0.7044
vn 0.2592 -0.4310 -0.8643
vn 0.7992 -0.6010 0.0099
vn -0.4056 -0.3037 -0.8621
vn 0.0501 0.9987 -0.0000
vn -0.5725 -0.4130 -0.7083
vn -0.4423 -0.2250 -0.8682
vn -0.5910 -0.8066 -0.0075
vn 0.5921 -0.3849 -0.7080
vn -0.6984 -0.1367 -0.7025
vn -0.6666 -0.2310 -0.7087
vn 0.3860 0.3280 -0.8622
vn -0.4851 -0.1229 -0.8658
vn -0.8182 -0.5748 0.0048
vn -0.9193 -0.3936 -0.0032
vn 0.1170 0.4866 -0.8658
vn -0.1679 -0.9857 0.0150
vn -0.0762 -0.9970 0.0092
vn -0.2485 0.4383 0.8638
vn -0.4319 -0.2510 0.8663
vn 0.1437 0.4721 0.8698
vn 0.3011 0.4065 0.8626
vn 0.3687 -0.6086 -0.7026
vn -0.2737 -0.6535 0.7057
vn -0.4790 -0.1640 -0.8623
vn -0.3968 -0.9179 -0.0031
vn 0.3900 -0.9208 0.0018
vn 0.1357 0.9902 0.0321
vn 0.4139 0.2922 -0.8621
vn 0.4913 -0.0910 -0.8662
vn 0.4425 -0.5558 0.7038
vn 0.0477 0.9989 -0.0000
vn 0.4916 -0.4900 0.7198
vn 0.2388 -0.4383 0.8665
vn 0.8689 -0.4946 0.0203
vn -0.2199 -0.6707 0.7084
vn -0.4992 -0.0892 -0.8619
vn 0.6164 -0.3504 -0.7051
vn -0.3840 -0.3247 -0.8644
vn 0.2093 -0.4487 -0.8688
vn 0.9156 -0.4014 0.0230
vn 0.9975 -0.0690 0.0151
vn -0.4511 -0.5440 0.7075
vn -0.1770 0.4679 0.8659
vn -0.4918 -0.0672 0.8681
vn 0.9814 -0.1921 0.0015
vn -0.4857 -0.1296 0.8644
vn -0.4027 -0.2886 -0.8686
vn -0.4970 -0.0133 0.8677
vn -0.4945 0.0114 -0.8691
vn -0.0239 0.5044 -0.8631
vn 0.1060 -0.4822 -0.8696
vn -0.2237 -0.4462 0.8665
vn -0.5022 -0.8647 -0.0105
vn 0.1544 -0.4786 -0.8643
vn -0.0205 0.4992 -0.8662
vn -0.5028 0.0130 -0.8643
vn 0.1937 -0.4614 -0.8658
vn 0.0221 -0.5079 -0.8611
vn 0.0444 -0.4946 -0.8680
vn -0.5029 -0.8644 -0.0041
vn 0.0655 0.4965 -0.8656
vn 0.1916 -0.4642 -0.8647
vn -0.0553 0.4936 -0.8679
vn -0.5833 -0.3876 0.7138
vn 0.0489 0.9988 0.0028
vn -0.4548 0.2134 -0.8647
vn -0.4006 -0.3145 -0.8606
vn 0.0223 0.4981 0.8668
vn -0.1932 -0.9811 0.0078
vn -0.1807 0.6941 0.6968
vn 0.5728 0.4099 0.7099
vn 0.6953 -0.0427 -0.7174
vn -0.3797 -0.3209 -0.8676
vn 0.0129 0.5053 -0.8628
vn -0.0996 0.4937 -0.8639
vn -0.4586 -0.5417 0.7044
vn -0.1032 0.4889 -0.8662
vn -0.0869 0.4949 -0.8646
vn -0.3578 -0.3531 -0.8645
vn 0.8761 -0.4808 0.0360
vn -0.4946 -0.0029 -0.8691
vn 0.0219 0.0123 0.9997
vn 0.2518 0.4298 0.8671
vn 0.2028 0.4599 -0.8645
vn -0.4384 0.2370 0.8670
vn -0.3193 0.3900 -0.8637
vn 0.1352 0.4861 -0.8634
vn 0.3797 0.3178 -0.8688
vn -0.7141 0.6983 0.0491
vn -0.0129 0.5028 0.8643
vn -0.2912 0.4042 0.8671
vn -0.5992 -0.8005 -0.0115
vn 0.4121 -0.2865 0.8649
vn -0.2548 -0.9669 -0.0149
vn -0.2566 -0.9659 -0.0331
vn -0.6675 0.2064 0.7155
vn 0.1144 0.4936 -0.8622
vn 0.6232 -0.7821 0.0006
vn -0.6008 -0.7994 0.0042
vn -0.3491 -0.3521 -0.8684
vn 0.4367 -0.2349 0.8684
vn -0.6952 -0.7188 -0.0040
vn -0.0490 0.9988 0.0036
vn 0.5048 -0.0585 -0.8613
vn -0.1125 0.4869 -0.8661
vn 0.4003 -0.3145 0.8607
vn 0.1578 0.9875 0.0036
vn 0.1636 -0.4664 -0.8693
vn -0.1188 0.4840 -0.8670
vn -0.0087 0.5035 -0.8640
vn 0.4070 0.3026 -0.8619
vn 0.4735 0.1648 -0.8652
vn 0.0432 0.9990 -0.0108
vn 0.1451 0.9894 -0.0025
vn -0.1576 0.4773 -0.8645
vn -0.0221 0.4962 -0.8680
vn 0.4430 -0.2204 0.8690
vn 0.4408 0.2576 0.8598
vn 0.3608 0.3456 0.8663
vn -0.1574 0.4780 -0.8641
vn -0.4915 0.0302 -0.8703
vn 0.3609 0.3607 -0.8601
vn 0.4818 -0.1445 -0.8643
vn -0.3289 -0.3751 0.8667
vn 0.3639 -0.3384 -0.8678
vn -0.4232 0.2782 -0.8623
vn 0.2407 0.9706 0.0001
vn 0.2426 0.9701 0.0046
vn -0.3064 -0.9519 -0.0060
vn -0.4572 -0.1638 -0.8741
vn 0.7079 -0.0616 0.7037
vn 0.4802 -0.1571 -0.8630
vn -0.3379 0.3722 -0.8644
vn 0.3656 0.3474 0.8635
vn -0.6955 -0.7185 0.0005
vn -0.4902 -0.1236 -0.8628
vn -0.2599 -0.4272 -0.8660
vn 0.2334 0.4414 -0.8664
vn 0.1679 0.4682 0.8675
vn 0.3089 -0.3974 0.8641
vn 0.3998 0.2955 -0.8677
vn -0.3383 0.3698 -0.8653
vn -0.7276 0.6860 0.0020
vn -0.4045 0.9145 0.0096
vn -0.7095 0.2878 0.6432
vn -0.0750 -0.9972 -0.0000
vn 0.1471 0.9891 0.0023
vn -0.9818 -0.1885 0.0215
vn 0.6125 0.7905 0.0054
vn 0.2862 -0.4105 0.8658
vn 0.3625 0.3517 -0.8631
vn -0.3109 0.3863 -0.8684
vn 0.1584 0.4725 0.8670
vn 0.3511 0.3488 -0.8690
vn -0.3765 0.3366 -0.8631
vn 0.0648 0.4938 -0.8671
vn 0.2580 0.4233 0.8685
vn 0.2803 0.4077 -0.8690
vn -0.3075 -0.9515 0.0034
vn -0.3374 0.3745 -0.8637
vn -0.1031 0.4879 0.8668
vn -0.1051 0.4914 0.8646
vn -0.4125 0.2719 -0.8694
vn 0.3213 0.3848 -0.8653
vn -0.4084 0.2971 -0.8631
vn -0.8435 0.5371 -0.0044
vn 0.6998 -0.0532 -0.7124
vn -0.1170 0.4846 -0.8669
vn -0.0056 0.4978 -0.8673
vn 0.4286 0.2682 -0.8628
vn 0.0109 0.5067 -0.8620
vn -0.3376 -0.3607 -0.8695
vn -0.3382 -0.3690 -0.8657
vn -0.7712 -0.6366 -0.0030
vn 0.2424 0.9702 0.0039
vn 0.0207 0.5052 -0.8628
vn 0.4240 0.2639 -0.8664
vn 0.3492 0.3506 0.8690
vn -0.1761 0.9844 0.0057
vn 0.5351 0.8448 -0.0041
vn -0.4943 -0.0634 -0.8670
vn -0.3506 0.3550 -0.8666
vn -0.4924 -0.0270 -0.8699
vn 0.1760 -0.9844 0.0018
vn -0.3623 -0.3528 -0.8627
vn 0.2443 0.9697 -0.0000
vn -0.0875 0.4971 -0.8633
vn 0.3885 -0.3115 -0.8672
vn 0.3296 -0.3720 -0.8677
vn 0.9954 -0.0955 0.0069
vn 0.4612 0.1839 -0.8680
vn -0.4657 -0.1697 -0.8685
vn -0.1388 0.4846 -0.8637
vn -0.1926 0.4577 -0.8680
vn 0.9404 0.3399 -0.0076
vn 0.3660 0.3356 -0.8680
vn 0.3377 -0.3774 -0.8623
vn -0.4800 0.1241 -0.8684
vn -0.4650 0.1773 -0.8673
vn -0.9240 0.3823 -0.0091
vn -0.1918 0.4681 -0.8626
vn 0.9737 0.2277 -0.0025
vn -0.4810 0.1494 -0.8639
vn 0.4797 -0.1370 -0.8666
vn -0.4794 0.1237 -0.8688
vn -0.4170 -0.9089 -0.0098
vn -0.4188 -0.9081 0.0061
vn 0.3640 -0.3357 -0.8688
vn -0.4828 -0.1200 -0.8675
vn 0.4945 0.0759 -0.8659
vn 0.9937 0.1122 -0.0015
vn 0.4850 0.1073 0.8679
vn 0.1785 -0.6718 -0.7189
vn -0.0951 0.4833 -0.8703
vn -0.1655 0.4608 -0.8719
vn -0.3429 -0.3689 -0.8639
vn -0.1543 0.4816 -0.8627
vn 0.4949 -0.1029 -0.8628
vn -0.8379 0.5458 0.0016
vn 1.0000 0.0040 -0.0072
vn -0.0133 0.0805 0.9967
vn -0.3275 -0.3833 -0.8636
vn -0.4239 -0.2643 -0.8663
vn 0.1572 -0.4757 -0.8655
vn 0.0451 -0.4943 -0.8681
vn 0.5019 0.0320 -0.8643
vn -0.3941 -0.2980 0.8694
vn -0.3820 -0.3339 -0.8617
vn -0.4862 -0.0950 -0.8687
vn -0.5018 -0.0428 -0.8639
vn 0.4956 -0.0091 0.8685
vn 0.2428 0.9701 -0.0000
vn -0.1055 0.4947 0.8627
vn 0.1484 0.9889 -0.0000
vn -0.5858 -0.3733 0.7194
vn -0.5655 -0.8247 0.0098
vn -0.9230 0.3814 -0.0519
vn -0.4729 -0.1553 -0.8673
vn 0.4409 -0.2431 -0.8640
vn 0.1493 0.9888 -0.0018
vn -0.4646 -0.1948 -0.8638
vn -0.4648 -0.2133 -0.8593
vn 0.0886 -0.4948 -0.8645
vn 0.4864 -0.1085 0.8670
vn 0.4693 -0.1609 0.8682
vn 0.2612 -0.4204 -0.8689
vn 0.2425 0.9701 -0.0000
vn 0.3373 0.9414 -0.0069
vn -0.9986 -0.0524 0.0059
vn -0.1327 0.4741 -0.8704
vn -0.0395 0.5081 -0.8604
vn -0.4599 0.1867 -0.8681
vn 0.2671 -0.4258 -0.8645
vn 0.2434 0.9699 0.0007
vn -0.7720 -0.6357 0.0038
vn -0.4897 -0.1004 -0.8661
vn 0.2575 -0.4304 -0.8651
vn 0.4469 -0.2171 0.8678
vn 0.2751 0.4155 0.8670
vn -0.4981 0.0148 -0.8670
vn -0.5037 0.0022 -0.8639
vn -0.5086 -0.0169 -0.8609
vn 0.3390 -0.3724 -0.8639
vn 0.1985 -0.4654 -0.8625
vn 0.1048 0.4897 -0.8656
vn 0.3364 0.9417 -0.0016
vn 0.3029 -0.3974 0.8662
vn -0.1050 0.4907 0.8650
vn -0.5044 0.4855 0.7140
vn -0.9442 -0.3293 0.0074
vn -0.0780 0.9969 0.0083
vn 0.2446 0.9696 0.0050
vn -0.0747 0.9972 -0.0063
vn 0.2118 -0.4473 -0.8689
vn -0.2402 -0.4401 -0.8653
vn 0.2319 -0.9727 -0.0024
vn 0.3339 0.9426 -0.0000
vn 0.1771 0.9842 0.0057
vn -0.4639 0.1963 -0.8639
vn 0.5853 -0.8108 0.0062
vn -0.1521 0.4779 0.8652
vn -0.2767 0.4137 -0.8673
vn -0.1527 0.4802 0.8637
vn 0.0600 -0.2224 -0.9731
vn 0.1063 0.2112 -0.9716
vn -0.5224 0.4569 0.7200
vn 0.3374 0.9413 -0.0037
vn 0.1380 0.9904 -0.0010
vn -0.2822 0.4198 -0.8626
vn 0.1429 0.4788 -0.8662
vn 0.4752 0.1688 -0.8635
vn 0.2892 -0.4118 -0.8642
vn -0.2231 0.4479 -0.8658
vn 0.2734 0.9619 0.0040
vn 0.6504 -0.2896 0.7022
vn 0.4127 0.2888 -0.8639
vn -0.9951 0.0989 -0.0090
vn 0.2599 -0.4222 -0.8684
vn 0.0525 0.5008 -0.8640
vn 0.2249 0.4437 -0.8675
vn 0.3362 0.9418 -0.0013
vn 0.1939 -0.4640 -0.8643
vn 0.0536 0.1033 -0.9932
vn -0.4880 0.0785 -0.8693
vn -0.2538 0.4221 -0.8703
vn -0.2454 0.4346 -0.8666
vn -0.1457 0.4860 -0.8617
vn -0.1462 0.4721 -0.8693
vn 0.1047 -0.4816 -0.8701
vn 0.3417 -0.3665 -0.8654
vn -0.0132 -0.0073 -0.9999
vn 0.1836 -0.4647 0.8662
vn -0.1615 0.4694 -0.8681
vn 0.3374 0.9414 -0.0016
vn -0.0126 -0.0065 -0.9999
vn 0.1582 -0.4756 -0.8653
vn -0.5038 0.0545 -0.8621
vn -0.0262 -0.0200 -0.9995
vn -0.0602 0.0124 -0.9981
vn -0.1486 0.1931 -0.9699
vn -0.0290 -0.0332 -0.9990
vn -0.2855 -0.4154 -0.8637
vn 0.0597 -0.9982 -0.0000
vn 0.0106 0.0909 -0.9958
vn -0.0765 0.0776 -0.9940
vn 0.1766 -0.9843 -0.0029
vn 0.0602 -0.9982 -0.0042
vn 0.2929 -0.9561 0.0011
vn -0.2740 -0.0771 -0.9586
vn -0.0319 -0.0067 -0.9995
vn -0.0816 0.4929 -0.8663
vn 0.2924 -0.9563 0.0054
vn 0.0279 0.5018 -0.8645
vn -0.0072 0.5042 -0.8636
vn 0.0214 0.0575 -0.9981
vn 0.4277 0.9039 0.0025
vn -0.1539 0.4739 -0.8670
vn 0.4630 -0.2014 -0.8632
vn 0.8538 -0.5206 -0.0080
vn 0.4355 0.2380 -0.8682
vn -0.2291 0.4536 -0.8613
vn -0.3699 -0.6048 0.7052
vn -0.5045 0.0084 -0.8634
vn 0.4269 0.9043 -0.0000
vn -0.5046 -0.0354 -0.8626
vn -0.1397 0.4882 -0.8615
vn -0.0706 0.1492 -0.9863
vn -0.0563 0.0197 -0.9982
vn -0.2571 0.4349 -0.8630
vn 0.1043 -0.1509 -0.9830
vn -0.8712 0.4909 -0.0013
vn -0.2375 0.4522 -0.8597
vn -0.5170 -0.8560 -0.0040
vn -0.3276 0.3820 -0.8641
vn -0.0320 -0.0277 -0.9991
vn 0.4275 0.9040 -0.0013
vn 0.4715 0.1654 -0.8662
vn -0.0679 -0.9977 -0.0000
vn 0.4605 0.1996 -0.8649
vn 0.3164 -0.3913 -0.8642
vn 0.4237 -0.2619 -0.8671
vn -0.3690 -0.3280 -0.8696
vn 0.9755 0.2192 0.0180
vn -0.2004 0.4599 0.8651
vn 0.0138 0.0013 -0.9999
vn 0.0522 0.0017 -0.9986
vn 0.0746 -0.0438 -0.9963
vn 0.0297 -0.0052 -0.9995
vn -0.4766 0.1617 0.8641
vn -0.0456 -0.0356 -0.9983
vn 0.9877 0.1550 0.0196
vn 0.5143 0.8576 -0.0000
vn -0.5179 -0.8555 0.0034
vn 0.2259 0.4504 0.8638
vn 0.3839 0.3261 -0.8639
vn -0.3642 -0.3549 -0.8610
vn 0.1558 -0.0620 -0.9858
vn -0.0282 0.0163 -0.9995
vn -0.6126 -0.7904 -0.0055
vn -0.3454 0.0544 -0.9369
vn -0.6138 -0.7894 0.0064
vn 0.1655 -0.4661 -0.8691
vn -0.3495 -0.3559 -0.8667
vn -0.0392 -0.5047 0.8624
vn -0.3574 -0.3488 0.8664
vn -0.9603 0.2789 0.0055
vn -0.1905 0.4736 -0.8599
vn -0.6550 0.3091 0.6895
vn -0.1333 -0.4776 -0.8684
vn 0.1771 -0.4725 0.8633
vn 0.0157 0.0087 -0.9998
vn 0.0295 -0.0074 -0.9995
vn -0.0139 -0.0013 -0.9999
vn 0.3385 0.9410 -0.0011
vn -0.1966 0.4595 -0.8661
vn 0.0061 -0.0756 -0.9971
vn 0.1729 -0.4663 -0.8675
vn -0.0877 0.4979 -0.8628
vn -0.1748 -0.4674 -0.8666
vn -0.1526 -0.4849 -0.8612
vn -0.7008 -0.7133 0.0004
vn 0.5958 0.8032 -0.0000
vn 0.2851 -0.4130 -0.8650
vn -0.2409 0.4443 -0.8629
vn 0.0019 -0.0068 -1.0000
vn 0.2403 -0.4388 0.8659
vn -0.2972 0.4015 -0.8663
vn 0.1974 0.4624 -0.8644
vn 0.0108 -0.0369 -0.9993
vn -0.2351 -0.4438 0.8647
vn -0.3050 0.4005 -0.8640
vn 0.1461 0.4818 -0.8640
vn -0.3199 0.3947 -0.8614
vn -0.1556 0.4701 0.8688
vn -0.5216 -0.8530 0.0186
vn 0.2678 0.4342 0.8601
vn -0.1523 0.4706 -0.8691
vn 0.3382 -0.3704 0.8651
vn 0.3748 -0.3301 0.8664
vn -0.1553 0.4673 -0.8703
vn -0.0856 0.2107 -0.9738
vn -0.2820 -0.4132 0.8659
vn -0.5113 -0.0312 -0.8589
vn -0.3803 0.9248 -0.0061
vn -0.7009 -0.7133 0.0008
vn -0.5029 -0.0214 -0.8641
vn -0.7801 -0.6256 -0.0104
vn -0.3600 -0.3572 0.8619
vn -0.3558 -0.3631 -0.8611
vn 0.3371 0.9415 -0.0011
vn 0.2304 0.4360 0.8700
vn 0.3309 0.3852 -0.8615
vn 0.4050 -0.9143 0.0029
vn -0.3483 0.3642 -0.8637
vn -0.1532 0.4825 0.8624
vn -0.4466 -0.2023 -0.8715
vn 0.1419 -0.1533 -0.9779
vn 0.4100 -0.2918 -0.8642
vn 0.3360 0.3652 -0.8682
vn -0.0574 0.5008 -0.8636
vn -0.2059 0.4507 -0.8686
vn -0.1912 0.4650 -0.8644
vn -0.2274 0.4482 -0.8645
vn -0.4074 -0.2842 0.8679
vn 0.2428 0.9701 0.0020
vn 0.4718 0.1652 -0.8661
vn 0.9901 -0.1293 0.0553
vn -0.4285 -0.2614 -0.8649
vn 0.0644 0.1653 -0.9841
vn -0.0970 0.4888 -0.8670
vn 0.6717 0.7409 -0.0002
vn 0.0427 -0.4870 -0.8724
vn 0.3248 -0.3863 -0.8633
vn 0.5007 -0.0020 -0.8656
vn 0.0069 0.0158 -0.9999
vn -0.0984 0.1814 -0.9785
vn -0.7810 -0.6245 0.0024
vn -0.0839 0.0366 -0.9958
vn -0.4871 -0.1050 -0.8670
vn 0.2542 -0.4290 -0.8668
vn 0.3239 0.3758 -0.8682
vn 0.6987 -0.0848 -0.7104
vn -0.3519 0.3662 -0.8615
vn -0.0011 -0.0432 -0.9991
vn -0.3853 0.3277 -0.8626
vn -0.8491 -0.5281 -0.0066
vn 0.3843 -0.3159 -0.8675
vn 0.3467 0.3667 -0.8633
vn -0.8500 -0.5268 0.0070
vn -0.4796 -0.1446 0.8655
vn -0.9038 -0.4280 0.0025
vn 0.0204 -0.0384 -0.9991
vn 0.4114 -0.2983 -0.8613
vn -0.3363 0.3681 -0.8669
vn 0.1139 0.6952 -0.7097
vn 0.4838 0.1020 -0.8692
vn 0.0534 -0.1608 -0.9855
vn 0.3243 -0.3897 0.8620
vn -0.2235 -0.4445 -0.8675
vn 0.4896 0.1069 -0.8654
vn 0.3628 -0.3482 -0.8644
vn 0.3907 -0.3193 -0.8634
vn -0.3613 0.3413 -0.8677
vn -0.4989 -0.0656 -0.8642
vn -0.4945 -0.0557 0.8674
vn -0.4905 -0.0870 -0.8671
vn -0.3661 0.3427 -0.8652
vn -0.8847 0.4661 -0.0025
vn -0.2611 -0.4242 -0.8671
vn -0.4960 -0.0341 -0.8677
vn 0.5091 -0.8607 -0.0003
vn 0.3740 0.3377 -0.8638
vn 0.4274 0.9041 -0.0010
vn 0.1040 0.1088 -0.9886
vn 0.4841 0.1330 -0.8648
vn 0.4045 -0.9145 0.0076
vn 0.3021 -0.3971 -0.8666
vn -0.9038 -0.4280 0.0024
vn -0.1088 -0.4989 -0.8598
vn 0.7208 -0.6931 -0.0076
vn 0.0154 0.4951 -0.8687
vn 0.3020 -0.3976 -0.8664
vn -0.4941 0.1139 -0.8619
vn -0.4979 0.1123 -0.8599
vn 0.0321 0.4989 -0.8660
vn -0.0022 0.5027 -0.8645
vn -0.9810 0.1941 -0.0046
vn 0.3683 0.3372 -0.8664
vn 0.9926 -0.1204 -0.0172
vn -0.9417 -0.3365 -0.0014
vn 0.6716 0.7409 -0.0000
vn -0.4648 0.1754 -0.8678
vn -0.0029 0.0053 -1.0000
vn 0.4329 0.2607 0.8629
vn -0.5060 -0.0643 -0.8601
vn -0.4972 -0.0703 -0.8648
vn -0.2226 0.4486 -0.8656
vn 0.7408 0.6717 0.0002
vn 0.2998 -0.4104 -0.8612
vn -0.9418 -0.3361 0.0005
vn -0.0791 0.9969 -0.0015
vn 0.5974 -0.8019 -0.0059
vn -0.7442 -0.6655 0.0569
vn -0.9676 -0.2524 0.0003
vn 0.4685 -0.1690 0.8671
vn -0.2532 0.4255 0.8688
vn 0.6694 -0.7429 0.0039
vn 0.4540 0.2052 -0.8671
vn 0.9068 -0.4214 -0.0082
vn 0.2863 -0.4103 -0.8658
vn -0.4996 -0.0651 -0.8638
vn -0.9677 -0.2519 -0.0015
vn -0.4926 -0.1022 -0.8642
vn 0.2970 0.4089 -0.8629
vn -0.1874 0.4673 -0.8640
vn 0.3227 -0.3767 -0.8683
vn 0.3500 -0.3536 0.8674
vn -0.3747 0.3220 -0.8694
vn 0.3361 0.9418 0.0009
vn -0.3401 0.3666 -0.8660
vn -0.4490 0.2208 0.8658
vn 0.2817 0.4158 0.8647
vn 0.2842 -0.4093 0.8670
vn 0.9490 -0.3153 -0.0045
vn -0.2164 -0.4493 -0.8668
vn -0.1881 0.4688 -0.8630
vn 0.9971 -0.0758 0.0057
vn -0.4937 -0.0167 -0.8695
vn -0.1248 -0.4886 -0.8635
vn -0.0352 0.5036 -0.8632
vn -0.3170 0.3926 -0.8634
vn -0.0574 0.5042 -0.8617
vn -0.3343 0.9424 0.0104
vn -0.0865 -0.1749 -0.9808
vn -0.9812 -0.1921 -0.0198
vn -0.0104 0.4943 -0.8692
vn -0.4881 0.0948 0.8676
vn -0.1156 0.4913 -0.8633
vn -0.7753 0.6316 -0.0073
vn -0.4917 -0.1116 -0.8636
vn 0.3381 -0.3703 0.8652
vn -0.4921 -0.0539 -0.8689
vn -0.2914 0.4047 -0.8668
vn -0.3226 0.3868 -0.8639
vn -0.2566 0.4324 -0.8644
vn 0.3440 -0.3657 0.8648
vn -0.4718 0.1760 -0.8640
vn 0.0624 -0.5019 -0.8627
vn -0.5015 -0.0358 -0.8644
vn -0.5057 -0.0554 -0.8609
vn -0.9899 -0.1414 -0.0000
vn -0.5017 0.0782 -0.8615
vn -0.1879 0.4594 -0.8681
vn -0.5093 -0.0362 0.8598
vn 0.0392 0.4970 0.8669
vn 0.0290 -0.5035 -0.8635
vn -0.4144 -0.2831 -0.8649
vn -0.5068 -0.0112 -0.8620
vn 0.0115 -0.0090 -0.9999
vn -0.3337 -0.3796 -0.8629
vn -0.3253 -0.3799 -0.8659
vn -0.3492 -0.3535 -0.8678
vn -0.8060 -0.5919 -0.0027
vn 0.2264 -0.4489 -0.8645
vn -0.4050 -0.3040 -0.8623
vn -0.3093 -0.4042 0.8608
vn -0.3955 -0.3019 -0.8674
vn 0.2288 -0.4516 -0.8624
vn -0.4822 -0.1277 -0.8667
vn 0.4845 0.1343 -0.8644
vn -0.2295 0.4377 -0.8694
vn -0.2881 0.4117 0.8646
vn -0.4953 0.0640 0.8663
vn -0.1945 -0.4662 -0.8630
vn 0.4995 0.0715 -0.8634
vn 0.4322 0.2447 -0.8679
vn -0.9822 0.1877 0.0050
vn -0.9666 0.2561 -0.0021
vn 0.5154 0.8570 -0.0042
vn -0.9687 -0.2465 0.0297
vn -0.7027 -0.0342 -0.7107
vn -0.0107 0.5072 0.8618
vn -0.3486 -0.9373 -0.0058
vn -0.0672 -0.4907 0.8688
vn -0.0537 -0.9985 0.0066
vn 0.3665 0.9304 0.0095
vn -0.4059 -0.2843 -0.8686
vn 0.8033 0.5956 -0.0000
vn -0.1450 0.4749 -0.8680
vn -0.9056 -0.4240 0.0089
vn -0.4013 0.9159 -0.0031
vn -0.1739 0.4744 -0.8630
vn -0.3090 0.9511 -0.0018
vn -0.2615 0.4172 0.8704
vn 0.3396 0.9406 -0.0041
vn 0.2479 0.4354 -0.8654
vn -0.1426 -0.4855 0.8626
vn -0.2890 0.4133 0.8635
vn -0.2708 -0.4177 -0.8673
vn 0.9972 -0.0739 -0.0106
vn -0.2012 0.4623 0.8636
vn 0.1053 -0.4846 -0.8684
vn 0.2268 0.4441 0.8668
vn 0.4298 0.9029 -0.0048
vn 0.2877 0.4090 -0.8660
vn -0.0111 0.5051 0.8630
vn 0.0490 0.9988 0.0005
vn 0.1738 0.4786 0.8606
vn -0.3049 0.3881 0.8697
vn 0.4275 0.9040 0.0002
vn 0.3361 0.9418 0.0033
vn 0.3913 -0.3093 0.8667
vn -0.3293 0.3844 0.8624
vn 0.5155 0.8569 -0.0023
vn 0.7391 0.6736 0.0044
vn 0.3787 0.3204 -0.8683
vn -0.5008 0.0397 -0.8647
vn 0.3453 0.3561 -0.8683
vn 0.4267 0.9044 0.0046
vn -0.4838 -0.1343 -0.8648
vn 0.4007 0.2926 -0.8682
vn 0.7407 0.6718 0.0044
vn -0.9859 -0.1673 0.0021
vn 0.6715 0.7410 0.0040
vn -0.1501 0.4749 -0.8671
vn -0.5183 -0.8552 0.0034
vn 0.3277 0.3809 -0.8646
vn 0.1417 0.1860 -0.9723
vn -0.9984 0.0511 -0.0224
vn -0.9913 0.1304 0.0185
vn -0.9633 0.2683 -0.0029
vn -0.9978 0.0618 0.0242
vn -0.9090 -0.4167 -0.0027
vn -0.4594 -0.1911 -0.8674
vn -0.3639 0.3540 0.8615
vn -0.4960 0.0401 -0.8674
vn -0.9853 -0.1702 0.0125
vn -0.9968 -0.0801 -0.0012
vn 0.5829 0.8125 0.0060
vn -0.9964 -0.0837 0.0124
vn 0.9000 -0.4359 -0.0077
vn -0.4807 0.1047 -0.8706
vn 0.4283 0.2656 -0.8638
vn 0.3188 0.3921 -0.8629
vn -0.4356 0.2352 -0.8689
vn -1.0000 0.0067 -0.0002
vn 0.9878 -0.1556 -0.0068
vn 0.4921 -0.0136 0.8704
vn 0.5061 0.0057 0.8624
vn -0.9472 -0.3206 0.0038
vn 0.2520 -0.4342 -0.8649
vn -1.0000 0.0067 0.0001
vn -0.3567 0.3476 -0.8671
vn 0.8031 0.5958 0.0006
vn 0.4958 0.0648 -0.8660
vn 0.3449 -0.3792 -0.8587
vn -0.9938 0.1105 -0.0114
vn 0.7338 -0.6794 -0.0035
vn 0.4509 0.2077 -0.8681
vn 0.4632 0.2065 -0.8618
vn 0.4433 0.2256 -0.8675
vn -0.2317 0.4497 -0.8626
vn -0.2857 0.4080 -0.8672
vn 0.4838 0.1378 -0.8643
vn -0.4381 -0.2534 -0.8625
vn -0.0550 0.4920 -0.8689
vn -0.4879 0.0833 -0.8689
vn -0.2581 -0.4373 -0.8615
vn 0.3965 -0.3132 -0.8629
vn 0.8576 0.5143 -0.0000
vn -0.1024 -0.4835 0.8693
vn 0.3826 0.3307 -0.8627
vn 0.1644 -0.6796 0.7150
vn -0.0879 -0.4849 -0.8702
vn -0.9941 0.1086 -0.0025
vn -0.7105 0.0754 0.6996
vn -0.6892 0.1333 0.7122
vn -0.0702 0.4917 -0.8679
vn 0.4596 0.2038 -0.8644
vn -0.0379 0.5035 -0.8632
vn 0.2154 -0.4453 -0.8691
vn -0.4861 -0.1367 -0.8631
vn 0.5144 0.8576 -0.0019
vn 0.4281 0.9037 -0.0039
vn 0.4156 -0.2857 -0.8635
vn 0.4276 0.9040 -0.0013
vn 0.4494 -0.2165 -0.8667
vn -0.3136 0.3900 -0.8658
vn 0.5969 0.8023 -0.0006
vn -0.0719 0.4982 -0.8641
vn -0.4536 -0.2163 -0.8646
vn -0.2731 0.4263 -0.8624
vn 0.4273 0.9041 -0.0022
vn 0.5134 0.8582 -0.0000
vn 0.5078 -0.8614 0.0120
vn -0.0884 0.5004 -0.8612
vn 0.5123 0.8588 0.0027
vn 0.3281 0.3841 -0.8630
vn 0.7958 -0.6055 0.0012
vn 0.4832 0.1042 0.8693
vn 0.5955 0.8034 0.0029
vn -0.2911 0.4132 0.8629
vn 0.2890 0.4131 -0.8636
vn -0.3159 0.3872 -0.8662
vn 0.2566 -0.4277 -0.8667
vn 0.2325 -0.4484 -0.8631
vn 0.6717 0.7408 -0.0002
vn 0.5133 0.8582 0.0024
vn -0.9815 0.1914 -0.0006
vn -0.4798 -0.8771 0.0197
vn -0.3074 -0.3876 -0.8691
vn -0.4959 0.0259 -0.8680
vn 0.1599 0.0332 -0.9866
vn -0.8411 -0.5409 0.0018
vn -0.2732 0.4265 -0.8622
vn -0.0137 -0.7131 0.7009
vn 0.3003 -0.3981 -0.8668
vn -0.1055 -0.4953 -0.8623
vn 0.4920 0.0518 0.8691
vn -0.0900 -0.5012 -0.8607
vn -0.3120 0.3992 -0.8622
vn 0.0010 0.0255 0.9997
vn 0.5139 0.8578 -0.0000
vn -0.1533 -0.4830 -0.8621
vn 0.5006 -0.0397 -0.8648
vn 0.8588 -0.5123 -0.0011
vn -0.4593 -0.1916 -0.8674
vn -0.4722 -0.1816 -0.8626
vn 0.0582 0.4967 -0.8660
vn -0.4849 -0.0980 -0.8690
vn 0.5955 0.8033 0.0006
vn -0.2508 -0.9680 0.0043
vn 0.4019 -0.2898 -0.8686
vn -0.0580 -0.5003 -0.8639
vn 0.4904 -0.1191 -0.8633
vn -0.1056 -0.4948 -0.8626
vn -0.6564 0.3097 0.6879
vn 0.7393 0.6733 0.0002
vn 0.7407 0.6718 0.0048
vn -0.4951 -0.0280 -0.8684
vn -0.6984 -0.0918 0.7098
vn -0.4305 -0.9026 0.0064
vn -0.1383 0.4833 -0.8645
vn 0.6701 -0.7422 -0.0021
vn 0.5957 0.8032 0.0017
vn 0.0537 0.5038 -0.8621
vn 0.5964 0.8027 -0.0000
vn 0.8007 0.5991 -0.0044
vn 0.6717 0.7408 -0.0020
vn -0.3272 0.3820 0.8643
vn -0.9741 0.2260 -0.0031
vn -0.2487 0.4266 0.8696
vn -0.2981 -0.9545 0.0043
vn 0.3625 0.3530 -0.8626
vn 0.3767 0.3239 -0.8679
vn -0.9746 0.2237 0.0076
vn 0.3940 0.3157 -0.8632
vn 0.2901 -0.4010 -0.8689
vn -0.2829 0.4096 -0.8673
vn 0.2826 0.4172 0.8638
vn 0.4691 -0.2021 0.8597
vn 0.5143 0.8576 -0.0009
vn 0.5958 0.8031 -0.0006
vn 0.4961 0.0593 0.8662
vn 0.6703 0.7421 0.0019
vn 0.5018 0.0444 -0.8639
vn 0.5060 -0.0074 -0.8625
vn 0.1533 -0.4718 -0.8683
vn -0.9401 0.3409 0.0005
vn 0.1657 -0.4782 -0.8625
vn 0.1906 -0.4631 -0.8656
vn 0.1873 -0.4697 -0.8627
vn 0.4381 -0.2630 0.8596
vn 0.3250 -0.3746 -0.8684
vn 0.7415 0.6709 -0.0018
vn -0.8418 -0.5398 -0.0057
vn 0.5956 0.8033 -0.0000
vn 0.3868 -0.3282 -0.8618
vn -0.9413 0.3372 0.0177
vn 0.6731 0.7396 -0.0064
vn -0.1414 -0.4909 -0.8596
vn 0.4958 -0.0088 0.8684
vn -0.2782 -0.4221 -0.8628
vn 0.4952 -0.0643 0.8664
vn 0.4328 -0.2450 -0.8675
vn -0.3944 -0.3124 -0.8642
vn 0.6717 0.7409 0.0002
vn -0.3113 0.3985 -0.8627
vn -0.8922 0.4516 -0.0094
vn 0.1876 0.4745 -0.8601
vn 0.3256 0.3792 -0.8661
vn -0.1742 -0.6970 0.6955
vn -0.2434 -0.4482 -0.8602
vn -0.4914 -0.0798 -0.8673
vn 0.9787 -0.2054 0.0027
vn -0.4477 -0.2302 -0.8640
vn -0.1913 -0.4731 -0.8600
vn 0.2362 -0.4410 -0.8659
vn -0.2730 0.4266 -0.8622
vn 0.4908 0.0981 -0.8657
vn 0.9955 -0.0943 0.0053
vn -0.9813 0.1925 0.0035
vn -0.0584 -0.5045 -0.8614
vn -0.3830 -0.3199 -0.8666
vn -0.9914 0.1293 -0.0196
vn 0.7409 0.6717 -0.0000
vn 0.4566 -0.1950 -0.8681
vn -0.0390 -0.5075 -0.8607
vn -0.9855 0.1691 -0.0148
vn 0.4940 0.0486 0.8681
vn -0.2681 -0.6574 0.7043
vn -0.9845 0.1742 0.0211
vn -0.1991 0.4571 -0.8668
vn -0.1944 -0.9809 -0.0014
vn 0.2571 0.6567 -0.7089
vn -0.3123 0.3989 -0.8622
vn 0.4476 0.8942 0.0031
vn 0.7409 0.6716 -0.0002
vn 0.2352 -0.6597 0.7137
vn 0.6708 0.7417 -0.0002
vn -0.7225 0.6914 -0.0044
vn -0.9398 -0.3417 0.0106
vn 0.2672 0.4183 -0.8681
vn 0.5324 0.8465 -0.0007
vn 0.1572 -0.0573 -0.9859
vn 0.4062 0.2891 -0.8668
vn 0.8030 0.5959 0.0044
vn 0.3812 -0.3466 -0.8570
vn -0.4419 0.2383 -0.8648
vn 0.5063 0.0112 0.8623
vn -0.3596 0.3510 0.8646
vn -0.4173 0.2869 -0.8623
vn -0.4816 -0.1292 -0.8668
vn 0.7326 -0.6806 0.0062
vn 0.8032 0.5958 -0.0000
vn -0.4103 -0.2857 0.8660
vn -0.4719 0.1525 -0.8684
vn -0.4760 0.1689 -0.8631
vn -0.4648 0.2023 -0.8620
vn -0.6442 0.7649 0.0062
vn -0.3957 0.3162 0.8622
vn -0.3494 0.3651 -0.8629
vn -0.2546 -0.6558 -0.7107
vn 0.9138 -0.4062 -0.0080
vn 0.1446 -0.0022 -0.9895
vn -0.3768 0.3245 -0.8676
vn -0.3849 0.3292 -0.8622
vn -0.4568 0.1944 -0.8681
vn -0.4679 -0.1739 -0.8665
vn -0.2457 -0.6664 -0.7039
vn -0.9341 0.3562 -0.0228
vn -0.3779 0.3228 -0.8678
vn -0.8951 0.4452 0.0224
vn -0.6498 0.7601 -0.0008
vn -0.4158 -0.2886 -0.8625
vn -0.8321 0.5544 -0.0151
vn 0.4854 -0.0831 0.8703
vn -0.1882 0.4698 -0.8625
vn 0.2828 0.4131 0.8657
vn -0.2897 0.4134 0.8633
vn 0.8031 0.5958 -0.0000
vn 0.3703 -0.3313 -0.8678
vn -0.0581 0.4926 0.8683
vn 0.2017 -0.4632 0.8630
vn 0.1525 -0.4792 0.8644
vn 0.1847 -0.4593 0.8689
vn 0.3287 -0.3850 0.8624
vn 0.3142 0.3855 -0.8676
vn 0.9998 0.0163 -0.0101
vn 0.2296 0.4474 0.8644
vn 0.2733 0.4266 0.8622
vn 0.9040 0.4275 0.0013
vn 0.9043 0.4270 -0.0000
vn 0.3848 0.3378 0.8590
vn 0.1363 0.4802 0.8665
vn 0.7959 -0.6054 0.0012
vn -0.2345 0.4433 -0.8651
vn -0.4759 0.1333 0.8693
vn -0.5718 0.8204 -0.0021
vn 0.9418 0.3362 -0.0000
vn -0.5042 -0.0068 0.8636
vn -0.5024 0.0594 -0.8626
vn 0.4687 -0.1803 0.8648
vn 0.9415 0.3370 0.0017
vn 0.4803 -0.1572 -0.8629
vn 0.9701 0.2428 -0.0000
vn 0.1843 0.4592 -0.8690
vn 0.1074 0.4853 0.8677
vn -0.5678 0.8232 0.0028
vn -0.8547 -0.5190 0.0088
vn 0.4458 0.2328 -0.8643
vn -0.6633 0.7481 -0.0184
vn -0.4588 -0.2063 -0.8642
vn -0.7208 0.6930 -0.0112
vn -0.4980 -0.0711 -0.8642
vn -0.4870 -0.0858 -0.8692
vn -0.1567 -0.4665 -0.8705
vn -0.2297 -0.6670 -0.7088
vn -0.4922 -0.0962 -0.8651
vn -0.0597 -0.6996 -0.7120
vn -0.4660 -0.2077 0.8600
vn -0.9051 -0.4249 0.0136
vn -0.5370 -0.8432 0.0254
vn -0.0680 -0.6947 -0.7161
vn -0.1479 0.4884 0.8600
vn 0.0182 0.4984 -0.8667
vn -0.0359 0.4991 -0.8658
vn -0.1978 0.4642 0.8634
vn -0.0519 -0.7013 -0.7110
vn -0.8037 0.5949 -0.0082
vn -0.9075 -0.4200 -0.0104
vn -0.9489 -0.3152 0.0117
vn -0.3136 0.3908 -0.8654
vn -0.4182 -0.2254 0.8799
vn 0.4924 0.0679 -0.8677
vn -0.4717 -0.8818 -0.0039
vn -0.3500 -0.6082 -0.7125
vn -0.2372 0.4414 0.8654
vn -0.9504 -0.3109 -0.0084
vn -0.3113 0.3983 -0.8628
vn -0.3812 -0.5994 -0.7039
vn -0.8933 0.4494 -0.0042
vn 0.9548 -0.2971 -0.0017
vn -0.1687 -0.4740 -0.8642
vn -0.0560 -0.7030 -0.7089
vn 0.3952 -0.5830 -0.7098
vn -0.4269 -0.2473 -0.8698
vn 0.9916 0.1292 -0.0095
vn 0.2252 0.4512 0.8635
vn -0.1654 -0.6836 -0.7109
vn -0.9682 -0.2501 -0.0037
vn -0.3568 0.3451 -0.8681
vn 0.6604 0.7506 0.0190
vn 0.4555 -0.5411 -0.7070
vn 0.2224 0.4466 0.8666
vn 0.1058 0.4834 0.8690
vn 0.0655 -0.4955 -0.8661
vn 0.3975 -0.5907 -0.7022
vn 0.3841 -0.3330 0.8611
vn 0.9043 0.4269 -0.0013
vn -0.9791 -0.2032 0.0075
vn -0.1981 0.4601 -0.8655
vn -0.4471 0.8944 0.0109
vn -0.1703 0.4723 -0.8648
vn -0.4786 0.4968 0.7240
vn -0.3506 0.3543 -0.8669
vn -0.7530 0.6581 -0.0029
vn 0.3907 -0.5834 -0.7121
vn -0.6506 0.3433 0.6774
vn -0.9799 -0.1995 -0.0095
vn -0.2478 0.4287 -0.8688
vn 0.0073 0.0780 0.9969
vn -0.8844 0.4665 0.0161
vn -0.9320 0.3623 -0.0061
vn -0.1565 -0.6913 -0.7054
vn -0.4624 -0.1709 0.8701
vn -0.9380 -0.3466 -0.0031
vn -0.6937 0.7203 -0.0056
vn -0.3182 -0.3856 0.8661
vn -0.5683 0.4751 0.6719
vn -0.3190 0.3841 -0.8664
vn -0.7660 0.6404 0.0566
vn -0.9676 -0.2527 0.0033
vn 0.2629 0.6603 -0.7034
vn 0.7421 0.6703 0.0002
vn -0.8867 0.4624 0.0068
vn -0.4836 -0.1154 0.8677
vn -0.4231 -0.2696 -0.8650
vn 0.4243 -0.2740 0.8631
vn -0.8639 -0.5035 -0.0061
vn 0.2252 -0.4437 0.8674
vn 0.3998 -0.2867 0.8706
vn -0.3650 -0.3458 0.8644
vn -0.6869 -0.1748 -0.7054
vn -0.0008 0.0193 0.9998
vn 0.4181 -0.2681 -0.8679
vn 0.6936 -0.1588 -0.7026
vn 0.4494 -0.2277 0.8638
vn -0.4869 -0.1130 0.8661
vn -0.9631 -0.2690 0.0011
vn 0.8578 0.5139 -0.0009
vn -0.4814 -0.1378 0.8656
vn -0.2315 0.4493 -0.8629
vn -0.9961 -0.0870 0.0129
vn -0.9966 -0.0807 -0.0161
vn 0.6008 -0.3774 -0.7047
vn -0.2415 0.4377 0.8661
vn -0.7048 -0.1088 0.7010
vn -0.1399 0.4841 0.8637
vn -0.4465 0.2348 -0.8634
vn -0.4798 -0.1620 0.8623
vn -0.4894 0.0975 0.8666
vn -0.9995 0.0309 0.0062
vn -0.4909 0.0679 -0.8686
vn -0.1873 -0.4690 0.8631
vn -0.9043 -0.4269 -0.0005
vn -0.8060 -0.5920 -0.0000
vn -0.4188 -0.2817 0.8633
vn -0.5975 0.8019 0.0074
vn -0.5931 -0.3871 -0.7060
vn -0.1330 -0.6890 -0.7125
vn -0.9994 0.0341 -0.0082
vn 0.5985 0.8011 -0.0035
vn -0.4971 0.1089 0.8609
vn -0.1570 0.9867 0.0426
vn 0.7064 0.0676 0.7046
vn -0.9983 -0.0583 -0.0036
vn -0.0205 -0.7083 -0.7057
vn -0.9877 -0.1562 0.0029
vn -0.9890 0.1474 0.0153
vn -0.9984 -0.0567 0.0010
vn -0.4702 0.1851 -0.8629
vn -0.4939 0.0157 0.8694
vn -0.3776 -0.9259 0.0110
vn -0.8349 0.5504 0.0076
vn 0.6153 0.7883 0.0047
vn 0.3824 0.3280 -0.8638
vn 0.7064 -0.0883 -0.7022
vn -0.1322 -0.6912 -0.7105
vn 0.0389 -0.4966 0.8671
vn -0.2796 0.4145 -0.8660
vn -0.4632 0.2123 0.8605
vn 0.0436 -0.5029 0.8632
vn 0.0680 -0.4873 0.8706
vn -0.4370 0.2639 0.8599
vn -0.1703 0.4716 -0.8652
vn 0.0773 -0.4941 0.8660
vn -0.7450 -0.6670 0.0044
vn -0.9880 0.1536 -0.0131
vn 0.5974 0.3865 -0.7026
vn 0.6340 0.3248 -0.7018
vn -0.6009 -0.7993 0.0035
vn 0.0392 0.5004 0.8649
vn 0.4546 -0.5412 -0.7074
vn -0.7738 -0.6333 -0.0134
vn 0.9815 -0.1917 -0.0011
vn 0.6636 -0.2549 -0.7033
vn 0.6528 -0.2788 -0.7043
vn 0.6510 -0.2694 -0.7096
vn -0.4897 -0.0524 0.8703
vn -0.3639 0.3349 0.8691
vn 0.7037 -0.0019 -0.7105
vn -0.9545 -0.2981 -0.0114
vn 0.3639 0.3503 -0.8631
vn -0.6836 -0.1597 -0.7121
vn -0.6772 -0.2115 -0.7048
vn 0.9420 -0.3357 0.0049
vn -0.3087 0.3929 -0.8662
vn -0.0738 -0.9972 -0.0105
vn 0.3631 -0.3414 0.8670
vn -0.0277 -0.9996 0.0079
vn 0.1295 -0.4844 0.8652
vn -0.4858 -0.1140 0.8666
vn -0.9196 -0.3927 0.0059
vn 0.4582 -0.5305 -0.7132
vn -0.9643 0.2646 0.0100
vn -0.5719 -0.4201 -0.7046
vn 0.3376 -0.6105 -0.7164
vn -0.4058 -0.2851 0.8684
vn -0.3484 0.3643 -0.8636
vn -0.6675 -0.2390 -0.7052
vn -0.5318 0.5199 0.6684
vn -0.9008 -0.4342 -0.0031
vn 0.6723 -0.2072 -0.7107
vn 0.7046 0.0779 -0.7053
vn -0.9631 0.2689 -0.0099
vn -0.3901 0.3253 0.8614
vn 0.4268 -0.5592 -0.7108
vn -0.3906 0.5743 0.7194
vn 0.0524 0.5088 0.8593
vn -0.3253 0.3759 0.8677
vn -0.2001 0.4683 0.8606
vn -0.6006 -0.3583 -0.7148
vn -0.0798 -0.6949 -0.7146
vn -0.9272 0.3746 0.0073
vn 0.6851 -0.1875 -0.7039
vn -0.9255 0.3785 -0.0115
vn -0.4826 -0.1569 0.8617
vn 0.0397 0.5006 0.8647
vn -0.4145 0.2685 -0.8695
vn 0.4238 -0.5699 -0.7040
vn 0.0872 0.4959 0.8640
vn 0.7399 0.6727 0.0065
vn -0.1862 -0.4654 0.8653
vn -0.1808 -0.6842 -0.7066
vn -0.2553 -0.9661 0.0386
vn 0.9040 0.4275 -0.0000
vn -0.4175 -0.2635 0.8696
vn -0.2209 -0.9753 0.0044
vn -0.0392 -0.4908 -0.8704
vn 0.2686 -0.4118 0.8708
vn 0.8557 0.5175 -0.0039
vn 0.3252 -0.3800 0.8659
vn 0.2480 -0.4386 0.8638
vn 0.8576 0.5144 0.0009
vn -0.4129 -0.2828 0.8657
vn -0.3791 -0.3221 0.8675
vn 0.2782 -0.4138 -0.8668
vn 0.4977 0.0590 0.8653
vn 0.8568 0.5157 0.0010
vn -0.3830 0.3261 -0.8643
vn 0.8578 0.5139 -0.0000
vn 0.4884 0.1102 0.8656
vn -0.8849 0.4657 -0.0010
vn 0.4162 0.2875 0.8626
vn 0.9037 0.4281 0.0025
vn 0.0384 0.5018 0.8641
vn -0.1939 -0.9810 -0.0044
vn 0.4200 -0.2707 0.8662
vn 0.4720 -0.1840 0.8622
vn 0.4467 -0.2257 0.8657
vn 0.1349 0.4849 -0.8641
vn 0.0908 0.4896 0.8672
vn -0.4992 -0.0645 0.8641
vn -0.0591 0.4935 0.8677
vn -0.0110 0.4995 0.8663
vn 0.4810 0.1225 0.8681
vn 0.6157 0.7879 0.0118
vn 0.3164 0.3962 0.8619
vn 0.4650 -0.2094 0.8602
vn -0.4653 0.1944 -0.8636
vn -0.3276 0.3834 0.8635
vn 0.9419 0.3358 -0.0000
vn 0.4724 0.1616 0.8665
vn -0.1678 -0.6877 -0.7064
vn 0.4566 0.1989 0.8671
vn 0.4707 0.1425 0.8707
vn 0.0389 -0.5051 -0.8622
vn 0.2399 0.4417 -0.8645
vn 0.2054 0.4541 0.8670
vn 0.4753 0.1608 0.8650
vn -0.6526 0.7576 -0.0113
vn 0.4588 0.2092 0.8635
vn 0.0090 -0.5008 0.8655
vn 0.0697 -0.4944 0.8664
vn 0.0605 -0.4923 0.8683
vn 0.0057 -0.4936 0.8697
vn -0.0393 0.4924 0.8695
vn -0.4794 -0.1428 -0.8659
vn -0.0370 0.5044 0.8627
vn -0.5057 0.0067 -0.8627
vn -0.3757 -0.3262 -0.8674
vn 0.9786 -0.2056 0.0048
vn 0.3164 -0.3850 0.8670
vn 0.4792 -0.1334 0.8675
vn 0.9956 -0.0938 -0.0043
vn -0.3523 0.3642 0.8621
vn 0.4033 -0.2859 -0.8692
vn -0.3081 0.3857 0.8697
vn -0.2595 0.4382 0.8606
vn -0.8377 0.5462 0.0047
vn -0.3064 0.4096 0.8593
vn 0.2882 -0.4111 0.8648
vn -0.2480 0.4380 0.8641
vn 0.2742 -0.4115 0.8692
vn -0.5009 0.0863 0.8612
vn -0.4919 0.0888 0.8661
vn -0.4461 0.8950 0.0003
vn -0.4751 0.1355 0.8694
vn -0.5063 -0.0146 0.8623
vn -0.0110 -0.5055 -0.8628
vn -0.7676 0.6410 -0.0010
vn 0.4959 -0.0273 0.8679
vn 0.4084 0.2831 -0.8678
vn 0.5048 -0.0688 0.8605
vn 0.9415 0.3370 0.0026
vn -0.4717 -0.1803 -0.8631
vn 0.4293 0.2590 0.8652
vn 0.4066 0.3006 0.8627
vn 0.8583 -0.5131 0.0066
vn 0.9891 0.1472 -0.0000
vn -0.9413 -0.3371 -0.0174
vn -0.4002 -0.2909 0.8690
vn -0.6991 -0.7149 -0.0148
vn -0.4157 -0.2696 0.8687
vn -0.2731 0.4264 -0.8623
vn -0.0500 0.5036 0.8625
vn -0.0856 0.5020 0.8606
vn -0.2497 0.4424 0.8614
vn -0.0581 0.4935 0.8678
vn 0.1520 0.4713 0.8688
vn 0.1965 0.4684 0.8614
vn 0.1862 0.4650 0.8655
vn -0.7673 0.6412 0.0028
vn 0.2351 0.4364 0.8685
vn 0.4729 0.1516 0.8679
vn 0.4973 0.1154 0.8599
vn 0.4873 0.1100 0.8663
vn 0.4923 0.0567 0.8686
vn -0.3688 -0.3314 0.8684
vn -0.3834 -0.3113 0.8696
vn -0.4139 -0.2684 0.8699
vn -0.4266 -0.2749 0.8616
vn 0.4891 0.0986 0.8666
vn -0.4823 -0.1656 -0.8602
vn 0.4690 0.1683 -0.8670
vn 0.4998 0.0639 0.8638
vn -0.4340 -0.2442 0.8672
vn -0.3902 -0.2960 0.8719
vn -0.4120 -0.2740 0.8690
vn -0.4383 -0.2318 0.8684
vn 0.5110 -0.4839 -0.7104
vn 0.3564 -0.3477 0.8672
vn 0.3617 -0.3542 0.8624
vn -0.4795 -0.1466 0.8652
vn 0.4112 -0.2976 0.8616
vn 0.0074 -0.5120 -0.8589
vn 0.4446 -0.2495 0.8603
vn 0.3945 -0.3152 0.8631
vn -0.7023 0.0588 0.7094
vn 0.1900 -0.4734 -0.8601
vn -0.1968 0.4569 0.8675
vn -0.1444 0.4732 0.8690
vn 0.2662 -0.4244 -0.8654
vn 0.1393 -0.4751 0.8688
vn -0.4843 0.0729 0.8719
vn -0.9994 0.0345 -0.0022
vn 0.1867 -0.4659 0.8649
vn 0.3495 0.3646 0.8631
vn 0.4136 0.2848 0.8648
vn 0.4142 0.2965 0.8605
vn 0.3793 0.3435 0.8592
vn -0.4919 -0.0495 0.8692
vn -0.4962 -0.1004 0.8624
vn -0.2743 -0.4137 0.8681
vn -0.2770 -0.4165 0.8659
vn -0.1695 0.6827 0.7108
vn 0.1778 -0.4582 -0.8709
vn 0.4918 0.0472 0.8694
vn -0.2294 -0.4370 0.8697
vn -0.6992 0.1649 0.6956
vn -0.5075 0.0253 0.8613
vn -0.5043 -0.0249 0.8632
vn -0.5046 -0.0595 0.8613
vn -0.4928 0.0232 0.8698
vn -0.3009 0.3882 0.8710
vn 0.1531 -0.4664 -0.8712
vn -0.3599 0.3474 0.8659
vn -0.3175 -0.3913 0.8637
vn -0.3563 0.6058 0.7114
vn 0.0272 -0.4947 -0.8686
vn -0.2832 0.4087 0.8676
vn 0.3573 -0.3441 -0.8683
vn -0.4544 0.1983 0.8685
vn 0.2498 -0.4406 0.8622
vn 0.3163 -0.3859 0.8666
vn 0.3367 -0.3608 0.8698
vn -0.4715 0.1487 0.8692
vn -0.3279 0.3831 0.8636
vn -0.4934 0.0841 0.8657
vn -0.6876 0.7261 -0.0009
vn -0.6879 0.7258 -0.0033
vn -0.0006 -0.0365 0.9993
vn 0.4589 -0.2194 0.8610
vn 0.4783 -0.1762 0.8603
vn 0.4680 -0.1800 0.8652
vn 0.4486 -0.2272 0.8644
vn 0.0053 -0.4909 -0.8712
vn 0.4963 -0.0376 -0.8673
vn 0.4749 -0.1588 -0.8656
vn -0.9349 0.3548 -0.0027
vn 0.4164 -0.2864 -0.8629
vn -0.3607 0.3510 0.8641
vn 0.4806 -0.1258 0.8678
vn -0.4364 0.2408 0.8669
vn -0.4599 0.1831 0.8689
vn -0.4481 0.2040 0.8704
vn 0.2035 0.4540 0.8674
vn 0.2276 0.4455 0.8659
vn 0.2557 0.4277 0.8670
vn 0.0391 -0.5056 -0.8619
vn 0.0588 -0.5082 -0.8592
vn -0.1721 -0.4662 0.8678
vn 0.4509 -0.2257 -0.8636
vn -0.1861 -0.4601 0.8681
vn 0.9415 0.3369 -0.0000
vn 0.2373 -0.4386 0.8668
vn 0.4617 -0.1787 0.8689
vn 0.2773 -0.4271 0.8606
vn 0.2891 -0.4124 0.8639
vn 0.4862 -0.0915 0.8690
vn 0.4925 -0.0704 0.8674
vn 0.5071 -0.0423 0.8609
vn -0.4148 0.2853 -0.8640
vn 0.4974 -0.0420 0.8665
vn -0.4940 0.0888 0.8649
vn 0.4391 -0.2394 -0.8659
vn -0.3515 0.6203 0.7012
vn 0.0108 0.4926 0.8702
vn 0.5883 0.3669 0.7206
vn -0.2962 0.3920 0.8710
vn 0.3922 -0.3136 -0.8648
vn -0.4416 0.2454 -0.8630
vn -0.6253 0.7804 0.0022
vn -0.0012 -0.7011 -0.7131
vn 0.4147 -0.2671 0.8699
vn 0.4457 -0.2192 0.8679
vn 0.4486 -0.2015 0.8707
vn 0.4883 -0.1396 0.8614
vn 0.1399 -0.4875 -0.8619
vn 0.9131 -0.4077 0.0059
vn -0.3539 0.3697 0.8591
vn -0.5052 -0.0425 -0.8619
vn 0.1607 -0.4844 -0.8599
vn -0.3609 0.3511 0.8640
vn 0.9033 0.4291 -0.0059
vn 0.9414 0.3371 -0.0042
vn 0.4923 -0.1059 0.8639
vn -0.0303 -0.0221 0.9993
vn -0.7622 0.6471 -0.0138
vn -0.5615 0.8275 -0.0036
vn 0.1305 -0.4763 -0.8695
vn 0.9021 0.4316 -0.0002
vn 0.1058 -0.4779 -0.8720
vn -0.4824 -0.1448 -0.8639
vn -0.6755 -0.7373 0.0067
vn 0.4947 -0.0636 0.8667
vn 0.4734 -0.1850 0.8612
vn 0.9414 0.3372 -0.0000
vn -0.4218 0.2721 0.8649
vn 0.1131 -0.4925 0.8629
vn 0.1051 -0.4921 0.8642
vn 0.9411 0.3380 0.0017
vn 0.6894 -0.1350 -0.7117
vn 0.4955 0.0933 0.8636
vn 0.6746 0.7382 -0.0040
vn 0.5035 0.0393 0.8631
vn 0.3942 -0.2999 -0.8687
vn 0.4443 0.2310 -0.8656
vn 0.4529 0.2269 -0.8622
vn -0.3133 -0.3962 0.8631
vn -0.3904 0.3113 0.8664
vn 0.6615 0.0139 -0.7498
vn -0.1372 -0.1106 -0.9844
vn -0.3646 -0.3393 0.8671
vn -0.4666 0.1342 0.8742
vn -0.4860 0.8739 -0.0077
vn 0.6949 0.1367 -0.7060
vn 0.9407 0.3391 -0.0000
vn 0.0388 0.5040 0.8628
vn -0.4846 0.8747 0.0014
vn -0.0111 0.5040 0.8637
vn 0.0884 -0.5005 -0.8612
vn -0.2328 -0.4476 -0.8634
vn 0.9135 -0.4067 0.0125
vn 0.4957 0.1110 0.8614
vn 0.4870 0.1369 -0.8626
vn -0.3966 0.9180 -0.0018
vn 0.4593 -0.1869 -0.8684
vn 0.4686 0.1807 -0.8648
vn 0.8527 -0.5224 -0.0063
vn 0.8577 0.5141 0.0052
vn 0.4426 -0.2550 0.8597
vn -0.4143 0.2662 0.8703
vn 0.4885 -0.0645 0.8702
vn 0.4563 0.1980 -0.8675
vn 0.5051 -0.0151 0.8629
vn 0.5043 -0.0455 0.8624
vn 0.1124 -0.4996 -0.8589
vn -0.3962 0.9181 0.0011
vn 0.9546 -0.2979 0.0043
vn 0.9695 0.2450 -0.0000
vn -0.4156 -0.2859 0.8634
vn -0.5074 0.0065 -0.8617
vn 0.9699 0.2433 0.0041
vn -0.3893 0.3085 0.8679
vn -0.3086 0.9512 -0.0027
vn -0.3082 0.9513 -0.0004
vn -0.4961 -0.1111 0.8611
vn 0.9126 -0.4085 -0.0163
vn -0.4837 0.1043 0.8690
vn 0.0462 -0.4932 0.8687
vn 0.0930 -0.4981 0.8621
vn 0.0910 -0.4875 0.8684
vn -0.6305 -0.3358 0.6998
vn 0.8760 -0.4821 0.0151
vn -0.3132 -0.3856 0.8679
vn -0.3100 -0.3969 0.8639
vn -0.3498 -0.3518 0.8682
vn 0.0142 0.4948 0.8689
vn -0.4401 -0.2258 0.8691
vn 0.1854 -0.4635 -0.8665
vn 0.0781 -0.4877 -0.8695
vn -0.4670 -0.1837 0.8649
vn -0.4795 -0.1447 0.8655
vn 0.4536 0.2004 0.8684
vn -0.4644 -0.1856 0.8660
vn 0.4516 0.2125 0.8665
vn 0.4831 0.1520 0.8623
vn 0.9711 -0.2375 0.0226
vn -0.6337 -0.3176 -0.7054
vn 0.3774 -0.3332 0.8640
vn 0.3905 0.3119 0.8662
vn 0.4389 -0.2424 -0.8652
vn 0.0549 -0.4885 -0.8708
vn -0.4874 0.1365 0.8625
vn -0.4672 0.1776 0.8661
vn -0.4747 0.1790 0.8618
vn -0.5844 0.3986 0.7068
vn 0.9418 0.3361 -0.0017
vn 0.4175 0.2573 0.8715
vn 0.4159 0.2861 0.8632
vn -0.2656 -0.4162 0.8696
vn 0.4898 -0.0939 -0.8668
vn 0.5010 -0.0670 0.8628
vn -0.3828 0.6056 0.6976
vn -0.3251 0.9457 -0.0019
vn 0.3373 -0.3610 0.8694
vn 0.2006 -0.4606 0.8646
vn -0.4263 0.5840 0.6908
vn -0.2377 -0.4312 0.8704
vn 0.2545 -0.4293 -0.8666
vn -0.3985 0.2953 0.8684
vn -0.3845 0.3168 0.8671
vn 0.4949 -0.0134 0.8688
vn -0.4319 0.2649 0.8621
vn -0.2237 0.9746 -0.0046
vn 0.4032 0.2904 0.8678
vn -0.3180 0.3833 -0.8671
vn -0.4837 -0.1577 0.8609
vn -0.4752 -0.1376 0.8691
vn 0.2930 0.3988 0.8690
vn 0.2547 0.4337 0.8643
vn 0.2519 0.4280 0.8680
vn 0.5143 0.8576 0.0005
vn -0.5343 0.8453 -0.0088
vn -0.0076 0.5039 0.8637
vn -0.2783 -0.9605 -0.0063
vn 0.9837 -0.1799 0.0003
vn 0.9385 -0.3454 -0.0013
vn -0.1785 0.4594 0.8701
vn -0.4427 0.2442 -0.8628
vn 0.2218 -0.4420 0.8692
vn 0.2659 -0.4296 0.8630
vn 0.2613 -0.4235 0.8674
vn 0.2262 -0.4494 -0.8642
vn 0.2503 -0.4410 0.8619
vn -0.3405 0.3841 0.8582
vn -0.5874 0.8090 -0.0213
vn -0.3459 0.3736 0.8607
vn -0.3551 0.3387 0.8713
vn 0.6948 0.7192 -0.0042
vn 0.4811 -0.1607 0.8618
vn -0.0033 -0.0142 0.9999
vn -0.3738 -0.3268 0.8680
vn -0.2743 -0.4279 0.8612
vn -0.2907 -0.4160 0.8617
vn 0.1858 0.4698 0.8630
vn -0.2755 -0.4244 0.8626
vn 0.3236 -0.3810 0.8661
vn 0.3147 -0.3823 0.8688
vn 0.4939 -0.0895 -0.8649
vn -0.4926 0.0601 0.8682
vn -0.4989 0.0233 0.8663
vn -0.4978 0.0236 0.8670
vn -0.5049 0.0419 0.8622
vn -0.3435 -0.3654 0.8652
vn -0.3048 -0.4038 0.8626
vn -0.2990 -0.3969 0.8678
vn 0.0103 -0.4928 0.8701
vn -0.2902 -0.4144 -0.8626
vn -0.0566 0.5017 0.8632
vn 0.6356 0.0705 -0.7688
vn 0.6001 -0.3777 -0.7052
vn 0.0612 -0.5003 0.8637
vn 0.0872 0.4961 0.8638
vn 0.0582 -0.4978 0.8654
vn 0.0604 -0.4954 0.8665
vn 0.0104 -0.4982 0.8670
vn 0.1667 0.4630 0.8705
vn 0.5002 -0.0488 -0.8645
vn 0.7183 0.0202 -0.6955
vn 0.9988 0.0491 -0.0001
vn -0.1399 0.4874 0.8619
vn -0.2224 0.9750 0.0027
vn -0.3365 0.3602 0.8701
vn -0.3200 -0.3815 0.8672
vn 0.0050 -0.1425 -0.9898
vn -0.5538 -0.4165 -0.7210
vn 0.4612 0.2012 0.8642
vn 0.5106 -0.8598 0.0058
vn 0.4412 0.2284 0.8678
vn -0.1784 -0.4615 -0.8690
vn -0.2312 0.4411 0.8672
vn -0.2684 0.4266 0.8637
vn -0.2634 0.4223 0.8673
vn 0.3459 -0.3721 0.8613
vn -0.5236 -0.8519 -0.0087
vn 0.4738 0.1801 -0.8620
vn 0.2002 0.4587 -0.8658
vn -0.4930 0.8700 -0.0021
vn 0.4601 0.1962 0.8659
vn -0.4406 0.2435 -0.8640
vn -0.4974 -0.4737 0.7268
vn 0.9043 0.4269 0.0064
vn -0.3167 0.6335 0.7060
vn 0.5519 -0.4495 -0.7024
vn -0.1429 0.9897 -0.0010
vn 0.4910 0.1257 0.8620
vn -0.0629 -0.1226 0.9905
vn -0.5519 -0.4502 -0.7019
vn -0.5443 -0.4462 -0.7103
vn 0.4571 0.2035 0.8658
vn 0.5837 -0.4052 -0.7036
vn 0.4485 0.2330 0.8629
vn 0.0497 -0.7042 0.7083
vn 0.3225 -0.6359 0.7012
vn 0.2617 -0.6585 0.7056
vn 0.3752 -0.6030 0.7040
vn -0.9498 0.3127 0.0139
vn 0.0395 0.5081 0.8604
vn 0.5013 0.0354 -0.8646
vn 0.9988 0.0491 -0.0000
vn 0.0556 0.4933 0.8681
vn 0.9571 -0.2892 0.0168
vn -0.3137 0.4008 -0.8608
vn -0.5325 -0.4656 -0.7068
vn 0.0058 -0.5003 0.8659
vn -0.4852 -0.5183 0.7042
vn -0.2257 -0.6720 -0.7053
vn -0.4680 -0.5147 0.7184
vn 0.5191 -0.4827 -0.7053
vn -0.5085 -0.4931 -0.7059
vn 0.1957 -0.4620 -0.8650
vn 0.6197 -0.3263 -0.7138
vn 0.4994 0.0594 0.8643
vn 0.8260 0.5636 0.0119
vn 0.4496 0.2279 -0.8637
vn 0.6678 0.0313 -0.7437
vn 0.6474 0.2722 0.7119
vn 0.4943 -0.0288 -0.8688
vn 0.4922 0.1094 0.8636
vn 0.6822 0.1752 0.7098
vn 0.9701 0.2429 0.0007
vn -0.1401 0.4867 0.8623
vn -0.4248 -0.2812 0.8605
vn 0.1272 -0.6965 0.7061
vn 0.6330 -0.3174 -0.7061
vn 0.1247 -0.7050 0.6982
vn 0.3772 0.3407 0.8612
vn 0.9596 0.2814 0.0054
vn 0.9988 -0.0491 -0.0000
vn 0.6339 -0.2987 -0.7134
vn 0.2290 -0.4454 -0.8655
vn -0.2796 0.6439 0.7122
vn -0.2795 -0.9602 -0.0003
vn 0.2281 -0.4475 -0.8647
vn -0.1163 0.1189 0.9861
vn -0.9779 -0.2093 0.0015
vn -0.4294 0.2620 0.8643
vn 0.4713 0.1551 0.8682
vn 0.0512 0.4902 0.8701
vn 0.9889 0.1485 -0.0041
vn -0.0660 0.1595 0.9850
vn 0.4279 -0.2530 -0.8677
vn 0.6356 -0.2992 -0.7117
vn -0.4885 0.1246 0.8637
vn -0.4519 -0.2062 -0.8679
vn 0.3941 -0.5807 -0.7123
vn 0.3503 -0.3583 0.8654
vn -0.9409 -0.3386 -0.0005
vn -0.7646 0.6445 0.0029
vn -0.2402 0.9707 0.0032
vn 0.9891 -0.1472 -0.0000
vn -0.2993 -0.3968 0.8677
vn -0.4557 -0.2317 -0.8595
vn 0.5422 -0.4449 -0.7128
vn -0.2345 -0.4477 0.8629
vn 0.3646 -0.3546 0.8610
vn -0.4799 -0.1479 0.8648
vn 0.6235 -0.3320 -0.7078
vn -0.4814 -0.5284 -0.6994
vn -0.4873 -0.1180 -0.8652
vn -0.6544 -0.2605 -0.7098
vn -0.1516 0.4723 -0.8683
vn -0.1417 0.9899 0.0052
vn -0.6734 -0.7391 -0.0180
vn -0.4987 -0.1023 0.8607
vn -0.4881 -0.0367 0.8720
vn -0.4926 0.0533 -0.8686
vn -0.4888 -0.5030 -0.7128
vn -0.6400 -0.3085 -0.7037
vn -0.4446 0.2228 -0.8676
vn -0.4994 0.0857 0.8621
vn 0.4941 0.0422 0.8684
vn 0.0656 0.0561 0.9963
vn 0.5008 -0.0070 -0.8655
vn -0.2583 -0.4240 0.8681
vn -0.4734 0.1475 0.8684
vn -0.1191 0.4832 -0.8674
vn -0.1409 0.4914 -0.8594
vn -0.4596 -0.5204 -0.7197
vn 0.4997 0.0648 -0.8637
vn -0.4985 -0.0575 0.8650
vn -0.7059 -0.0305 -0.7076
vn -0.4637 0.2016 -0.8627
vn 0.4865 0.1344 -0.8633
vn -0.3960 0.3046 -0.8663
vn -0.6473 -0.2869 -0.7062
vn -0.3658 0.3411 -0.8660
vn -0.4997 -0.5130 -0.6979
vn -0.3659 0.3320 0.8694
vn -0.0570 0.9984 0.0021
vn -0.3412 0.3401 -0.8763
vn -0.5209 -0.4730 -0.7106
vn -0.4325 -0.9016 0.0064
vn -0.1028 -0.6896 -0.7169
vn 0.0387 0.5034 0.8632
vn -0.2430 -0.4532 0.8577
vn -0.2520 0.9676 0.0145
vn -0.2247 -0.4493 0.8646
vn -0.4782 0.1519 0.8650
vn 0.1180 0.4817 0.8683
vn -0.1102 -0.4914 -0.8639
vn -0.3116 0.3840 0.8692
vn -0.1371 -0.6953 -0.7055
vn -0.9533 0.2947 -0.0660
vn -0.2252 -0.9734 0.0427
vn 0.3387 0.3678 0.8660
vn -0.0366 0.5017 -0.8643
vn 0.6903 -0.1511 -0.7076
vn 0.6874 -0.1373 -0.7132
vn 0.3250 0.3731 0.8690
vn 0.9701 -0.2428 -0.0000
vn 0.4289 0.2404 0.8708
vn 0.4602 -0.1918 0.8668
vn 0.6903 -0.1363 -0.7105
vn 0.6166 0.3311 -0.7143
vn -0.3877 -0.3299 0.8607
vn -0.6802 0.7329 -0.0137
vn 0.6391 -0.3105 -0.7036
vn -0.0870 -0.7059 -0.7029
vn -0.1199 -0.0956 0.9882
vn 0.6817 -0.1627 -0.7133
vn 0.4344 -0.5496 -0.7136
vn -0.3345 -0.6254 -0.7049
vn 0.6961 -0.0900 -0.7123
vn 0.6834 -0.1642 -0.7113
vn -0.0567 0.9984 0.0036
vn 0.3615 0.3518 0.8635
vn -0.0373 0.4985 -0.8661
vn 0.4635 0.1701 0.8696
vn -0.3197 -0.3752 0.8701
vn 0.7646 0.6444 0.0147
vn 0.4852 0.1349 -0.8640
vn -0.3499 -0.3677 0.8616
vn -0.3610 -0.3373 0.8695
vn -0.1586 -0.4809 0.8623
vn -0.4751 0.1624 -0.8648
vn -0.4011 0.3051 -0.8637
vn 0.9891 0.1472 -0.0008
vn 0.0717 0.5063 0.8594
vn 0.1036 0.4906 -0.8652
vn 0.0450 0.9990 -0.0000
vn -0.3744 0.3227 -0.8693
vn -0.9682 0.2502 0.0058
vn -0.3715 0.3384 -0.8646
vn -0.3267 0.3824 0.8643
vn 0.5000 0.0583 0.8641
vn 0.5446 -0.8386 0.0125
vn 0.1290 0.4791 0.8682
vn 0.3629 0.3557 0.8613
vn 0.4999 0.0099 0.8660
vn 0.5451 -0.8378 0.0305
vn 0.1842 0.4605 0.8683
vn 0.3900 -0.5993 0.6991
vn -0.0135 -0.0040 0.9999
vn -0.1301 0.1347 0.9823
vn 0.3201 -0.6307 0.7070
vn 0.1397 0.9892 -0.0454
vn 0.2349 0.4373 0.8681
vn -0.3614 -0.3565 -0.8616
vn -0.1978 -0.4476 0.8721
vn -0.5035 -0.0431 -0.8629
vn 0.2906 0.4178 -0.8608
vn 0.6813 0.7320 0.0048
vn 0.0739 -0.1259 0.9893
vn -0.0541 0.9985 -0.0000
vn -0.0385 0.7108 0.7024
vn 0.3254 0.3879 -0.8624
vn -0.3648 -0.3205 -0.8742
vn 0.0856 0.4930 0.8658
vn 0.8003 0.5996 0.0050
vn -0.4496 0.2278 0.8637
vn 0.4009 -0.2896 -0.8692
vn -0.4693 0.1805 0.8644
vn 0.3835 0.3228 -0.8653
vn 0.2993 -0.4061 0.8634
vn -0.3823 -0.3211 -0.8664
vn -0.1475 0.9891 -0.0013
vn 0.3817 -0.3215 0.8666
vn -0.8990 -0.4378 -0.0083
vn 0.3312 -0.3823 0.8627
vn -0.8469 0.5316 -0.0146
vn 0.4519 -0.2004 -0.8693
vn 0.9415 -0.3369 -0.0000
vn -0.2813 -0.4050 0.8700
vn -0.7507 -0.6606 0.0048
vn 0.3907 -0.3022 -0.8695
vn 0.0340 0.9994 -0.0022
vn 0.2694 -0.4173 0.8680
vn -0.2832 0.4019 0.8708
vn 0.6520 -0.2823 -0.7037
vn -0.1124 0.7064 0.6989
vn -0.4412 -0.2091 -0.8727
vn 0.4122 0.2741 0.8689
vn 0.4104 0.3011 0.8608
vn 0.4370 0.2383 0.8673
vn -0.8064 -0.5914 -0.0004
vn 0.3555 0.3507 -0.8664
vn -0.4579 -0.2034 -0.8654
vn 0.0352 0.9994 0.0049
vn 0.4710 0.5353 0.7012
vn 0.3298 -0.3799 0.8642
vn 0.4850 0.0764 0.8712
vn 0.7300 0.6833 -0.0121
vn -0.4466 -0.2427 -0.8612
vn 0.4902 0.1104 0.8646
vn 0.6496 -0.2705 -0.7105
vn -0.4210 0.2512 0.8716
vn 0.2701 -0.4229 -0.8650
vn 0.8275 0.5613 -0.0151
vn -0.7532 -0.6573 -0.0257
vn -0.4814 -0.1575 0.8622
vn 0.0212 0.4992 0.8663
vn -0.4927 0.1127 -0.8629
vn 0.4966 0.0262 0.8676
vn 0.4041 -0.5802 -0.7072
vn 0.4956 0.1031 -0.8624
vn 0.4868 0.1046 0.8672
vn 0.4580 0.2001 0.8661
vn 0.2703 -0.4222 -0.8652
vn -0.8114 0.5837 0.0323
vn -0.8102 0.5861 -0.0042
vn -0.4624 0.1825 -0.8677
vn 0.2964 -0.4010 0.8668
vn 0.4111 -0.2765 0.8686
vn 0.4886 0.0935 0.8675
vn 0.7062 -0.0247 0.7076
vn 0.4951 0.0333 0.8682
vn 0.4876 -0.1009 -0.8672
vn 0.7085 -0.0490 0.7040
vn -0.1041 0.6963 0.7101
vn -0.0856 0.4906 -0.8672
vn 0.4905 -0.0849 -0.8673
vn -0.4627 -0.2013 0.8633
vn -0.4602 -0.1900 0.8673
vn -0.6970 -0.7156 -0.0469
vn 0.4680 0.1869 -0.8637
vn -0.0069 -0.0606 0.9981
vn -0.4759 -0.1458 0.8674
vn 0.0541 -0.0800 0.9953
vn -0.8546 0.5184 0.0304
vn -0.1918 -0.4706 0.8613
vn -0.4592 -0.1899 0.8678
vn 0.9877 0.1558 -0.0139
vn 0.4900 -0.0848 0.8676
vn -0.1019 -0.9948 0.0056
vn 0.4977 -0.0541 -0.8657
vn -0.4412 -0.2437 0.8637
vn 0.1610 0.9827 0.0911
vn -0.2694 -0.4171 0.8680
vn 0.4493 0.2280 -0.8638
vn 0.1295 0.9916 -0.0012
vn 0.1930 0.4746 0.8588
vn -0.2929 -0.4164 0.8607
vn 0.1141 0.6955 -0.7094
vn 0.9877 0.1563 -0.0064
vn 0.9040 -0.4275 -0.0013
vn 0.4771 -0.1366 0.8682
vn 0.8535 0.5189 0.0490
vn -0.5067 -0.0117 0.8621
vn -0.4998 -0.0071 0.8661
vn 0.7045 0.0216 0.7094
vn -0.2839 -0.6362 -0.7174
vn -0.4617 -0.1815 0.8683
vn 0.9286 0.3710 -0.0034
vn 0.9043 -0.4269 -0.0000
vn 0.7040 0.0210 0.7099
vn 0.8932 0.4497 -0.0003
vn 0.9320 0.3620 -0.0201
vn -0.0374 -0.4993 0.8656
vn -0.4896 0.1061 0.8655
vn 0.4418 -0.2217 0.8693
vn -0.1518 -0.6893 0.7084
vn 0.4515 0.2292 -0.8623
vn -0.3809 -0.5867 0.7146
vn -0.4487 0.2272 0.8643
vn -0.4998 0.0382 0.8653
vn 0.4518 -0.2292 0.8622
vn 0.4597 0.2177 0.8610
vn 0.4252 0.2503 0.8698
vn -0.5042 -0.0293 0.8631
vn 0.4219 -0.2721 0.8648
vn -0.0129 -0.5082 0.8611
vn -0.9448 0.3276 0.0018
vn 0.9292 0.3676 0.0369
vn 0.4649 0.1977 0.8630
vn -0.5025 0.0411 0.8636
vn 0.1829 0.6831 -0.7071
vn -0.5002 0.0425 0.8649
vn 0.2997 -0.4082 -0.8623
vn -0.0775 -0.5022 0.8613
vn -0.0688 0.4975 0.8647
vn 0.3436 -0.3680 0.8640
vn -0.0780 0.4875 0.8696
vn 0.3606 -0.3509 0.8642
vn 0.8578 -0.5139 -0.0000
vn -0.2874 0.4093 0.8660
vn 0.4789 -0.5035 -0.7191
vn 0.4594 0.2074 0.8637
vn 0.4795 0.1645 0.8620
vn 0.4687 -0.1681 0.8672
vn 0.1835 0.4623 0.8675
vn 0.0517 -0.1504 0.9873
vn 0.4103 -0.2969 0.8623
vn 0.4487 0.2324 0.8629
vn 0.9474 0.3199 -0.0084
vn 0.8576 -0.5143 -0.0009
vn 0.1307 0.9914 0.0060
vn -0.6834 0.7300 0.0056
vn -0.4813 -0.1717 0.8596
vn -0.4437 -0.2446 0.8621
vn 0.4479 -0.2283 -0.8645
vn 0.8031 -0.5958 -0.0006
vn -0.4200 -0.2620 0.8689
vn -0.1020 0.4974 0.8615
vn 0.4465 -0.2140 -0.8688
vn 0.3346 -0.3596 0.8710
vn 0.8033 -0.5956 -0.0000
vn -0.5877 0.8090 -0.0117
vn -0.2194 -0.9748 -0.0392
vn 0.3320 -0.3778 -0.8643
vn 0.4619 0.1881 0.8668
vn -0.2151 -0.9766 0.0048
vn -0.0806 0.5037 0.8601
vn 0.4119 -0.2756 0.8686
vn -0.1129 -0.7016 0.7036
vn 0.4366 -0.2652 0.8597
vn 0.6589 -0.7523 0.0027
vn 0.5104 -0.4827 -0.7117
vn 0.1772 -0.4708 0.8643
vn 0.4902 -0.5261 -0.6949
vn -0.3426 -0.9395 0.0062
vn -0.0860 -0.4919 0.8664
vn -0.3634 0.3540 0.8617
vn 0.5728 0.1914 -0.7971
vn 0.4794 -0.1155 0.8700
vn 0.4302 0.2656 0.8628
vn 0.6758 0.1963 -0.7105
vn 0.6022 0.1179 -0.7896
vn 0.3989 0.3006 0.8663
vn -0.1990 -0.4551 0.8679
vn 0.9698 0.2438 0.0026
vn -0.2370 -0.4378 0.8673
vn 0.4717 -0.1485 -0.8692
vn 0.4422 0.2443 0.8630
vn 0.8932 0.4496 -0.0031
vn -0.5043 -0.0304 0.8630
vn 0.2566 0.9583 0.1261
vn 0.5945 0.0996 -0.7979
vn 0.2288 0.9735 -0.0008
vn 0.2295 0.9733 0.0048
vn 0.4972 0.0987 -0.8620
vn 0.4708 -0.1613 -0.8674
vn -0.6184 -0.3518 -0.7027
vn -0.1205 -0.4804 0.8687
vn 0.0480 -0.6967 -0.7158
vn 0.3705 -0.3619 0.8554
vn 0.1119 -0.6865 -0.7185
vn -0.0676 0.4935 -0.8671
vn 0.5005 0.0360 -0.8650
vn 0.4998 0.0965 -0.8608
vn 0.1849 0.6850 -0.7047
vn 0.4763 0.1467 -0.8669
vn 0.3749 -0.3260 0.8679
vn 0.4585 0.1877 0.8687
vn 0.4057 -0.3104 0.8597
vn 0.5682 -0.4285 -0.7025
vn -0.3362 -0.3647 0.8683
vn 0.4190 0.2607 0.8698
vn 0.4396 0.2263 0.8692
vn -0.5001 0.0425 0.8649
vn -0.2494 0.4404 0.8625
vn -0.3021 0.4105 -0.8604
vn -0.5056 0.0056 -0.8628
vn 0.7408 -0.6717 -0.0002
vn 0.4855 -0.1368 0.8635
vn -0.2274 0.4388 0.8693
vn -0.4861 -0.0990 0.8683
vn 0.3934 -0.3134 0.8643
vn -0.5122 -0.4726 -0.7171
vn -0.2663 0.4208 0.8672
vn -0.5913 0.8064 0.0079
vn -0.4456 0.2118 0.8698
vn -0.6052 -0.3686 -0.7056
vn -0.6654 -0.2301 -0.7101
vn -0.5449 -0.4460 -0.7100
vn -0.4911 0.0273 0.8707
vn -0.2765 -0.4197 0.8645
vn -0.0609 -0.9981 -0.0117
vn -0.9266 0.3759 0.0098
vn -0.6861 -0.1610 -0.7095
vn -0.2476 -0.9688 0.0053
vn -0.6898 -0.1178 -0.7143
vn -0.6836 -0.2006 -0.7018
vn -0.6734 -0.1999 -0.7117
vn -0.1758 -0.9844 0.0077
vn -0.2643 0.4185 0.8689
vn 0.4867 -0.0959 0.8683
vn 0.4397 0.2570 0.8606
vn 0.9263 0.3762 0.0189
vn 0.4865 -0.1372 0.8628
vn -0.8202 -0.5721 -0.0067
vn -0.4990 0.0630 0.8643
vn -0.4845 0.1370 0.8640
vn -0.1209 -0.6961 -0.7077
vn 0.4784 0.1615 0.8632
vn -0.2936 -0.9559 -0.0000
vn 0.4208 0.2623 0.8684
vn -0.2188 -0.6617 -0.7171
vn -0.6282 -0.3156 -0.7112
vn -0.6520 -0.2345 -0.7210
vn 0.3055 -0.3906 0.8684
vn 0.3357 0.3824 0.8608
vn -0.4718 0.1829 0.8625
vn -0.2934 -0.9560 -0.0027
vn 0.4725 -0.1474 0.8689
vn 0.9435 0.3313 -0.0063
vn -0.1861 -0.6662 -0.7221
vn 0.4984 -0.0981 0.8614
vn -0.4025 -0.9154 -0.0000
vn -0.6265 -0.2990 -0.7197
vn -0.4611 -0.1872 0.8674
vn -0.4632 -0.2015 0.8630
vn 0.4017 -0.5723 -0.7150
vn -0.2223 -0.6629 -0.7149
vn -0.4759 -0.1481 0.8670
vn -0.2106 -0.6742 -0.7079
vn -0.4646 -0.1894 0.8650
vn -0.3497 0.3547 0.8671
vn -0.3601 0.3570 0.8619
vn -0.1982 -0.6735 -0.7121
vn -0.1981 -0.6739 -0.7117
vn -0.6570 -0.2806 -0.6998
vn -0.6470 -0.2862 -0.7068
vn 0.4874 -0.1365 -0.8625
vn 0.4826 -0.1060 -0.8694
vn 0.2115 0.4459 0.8697
vn -0.4784 -0.1444 0.8662
vn 0.1537 0.4834 -0.8618
vn 0.4620 0.2011 0.8638
vn 0.4796 0.1570 0.8633
vn -0.3237 0.3786 -0.8671
vn -0.4492 -0.2275 -0.8640
vn -0.5890 -0.8081 0.0017
vn 0.7409 -0.6717 -0.0002
vn 0.3467 -0.3750 0.8597
vn -0.4930 0.0749 0.8668
vn -0.4645 0.2022 -0.8622
vn -0.4966 -0.0555 -0.8662
vn 0.6717 -0.7408 0.0002
vn 0.5029 -0.0087 0.8643
vn -0.4386 0.2618 0.8597
vn -0.4305 -0.2662 0.8625
vn -0.1150 0.4823 -0.8684
vn -0.2790 0.4117 0.8676
vn 0.4425 -0.2269 -0.8676
vn 0.4694 -0.1553 0.8692
vn -0.5050 -0.0433 -0.8620
vn 0.4955 -0.1129 0.8613
vn 0.5956 -0.8033 -0.0000
vn 0.4928 -0.0451 -0.8690
vn 0.6083 -0.3500 0.7124
vn -0.3434 0.3638 0.8659
vn -0.3545 0.3591 -0.8634
vn -0.5072 0.8618 -0.0022
vn 0.5958 -0.8031 0.0006
vn -0.1539 0.4792 0.8641
vn -0.5201 -0.4714 -0.7122
vn -0.3175 0.3842 0.8669
vn -0.4710 -0.1806 -0.8635
vn -0.4983 0.0738 0.8639
vn -0.1494 -0.6773 -0.7204
vn 0.5143 -0.8576 0.0009
vn 0.3581 -0.3586 0.8621
vn 0.0003 0.4990 0.8666
vn -0.0433 0.4935 0.8687
vn -0.6582 -0.2590 -0.7069
vn 0.4938 0.0289 -0.8691
vn -0.3817 -0.3327 -0.8623
vn 0.4387 -0.2386 0.8664
vn -0.4987 -0.0562 -0.8649
vn 0.4863 -0.0923 -0.8689
vn 0.4868 -0.1022 0.8675
vn -0.1589 -0.9871 -0.0171
vn 0.0044 0.0482 0.9988
vn -0.4921 -0.0647 -0.8681
vn 0.9988 0.0490 -0.0003
vn 0.6398 -0.3181 0.6996
vn -0.4634 -0.1983 0.8637
vn -0.3300 0.3756 0.8660
vn -0.2205 -0.6625 0.7159
vn 0.2490 -0.4396 0.8630
vn 0.6250 -0.3141 0.7146
vn -0.0452 0.5040 0.8625
vn 0.5139 -0.8578 -0.0000
vn 0.2176 0.4452 -0.8686
vn -0.0379 -0.4987 0.8660
vn 0.0408 -0.5063 0.8614
vn 0.0960 -0.6934 0.7141
vn 0.1230 -0.6939 0.7095
vn 0.8885 0.4588 0.0104
vn 0.3337 0.9427 -0.0039
vn -0.4813 0.1354 0.8660
vn -0.8632 -0.5049 0.0010
vn -0.4679 0.1799 0.8653
vn -0.1997 0.4578 0.8663
vn -0.6642 0.7476 -0.0018
vn 0.0528 0.5043 0.8619
vn 0.3348 0.9423 0.0057
vn 0.3561 0.3494 -0.8667
vn 0.4732 0.1456 -0.8688
vn 0.4944 0.0145 -0.8691
vn 0.4268 -0.9043 -0.0038
vn 0.1900 0.4615 0.8666
vn 0.4292 -0.9032 0.0013
vn 0.9893 0.1458 -0.0025
vn 0.0656 0.4969 0.8653
vn 0.9362 0.3514 -0.0068
vn -0.9959 -0.0901 -0.0119
vn -0.4962 -0.0347 0.8675
vn -0.4882 0.8726 -0.0130
vn 0.1350 0.4784 0.8677
vn 0.0767 -0.9943 -0.0747
vn -0.4621 -0.2023 0.8635
vn 0.3280 0.3741 0.8674
vn -0.3251 -0.3844 -0.8641
vn -0.0864 0.4882 0.8685
vn -0.4459 0.2255 0.8662
vn -0.1391 0.4763 0.8682
vn -0.1485 0.4772 0.8662
vn 0.2825 0.4258 0.8596
vn 0.6275 -0.3454 0.6979
vn 0.2298 -0.4397 0.8683
vn -0.0681 -0.7039 -0.7070
vn -0.1080 -0.6945 -0.7113
vn 0.0673 -0.5043 0.8609
vn -0.3027 -0.6606 0.6870
vn 0.4423 0.8969 -0.0030
vn -0.4824 0.1553 -0.8621
vn -0.2229 -0.4402 0.8698
vn 0.9891 0.1472 0.0004
vn 0.3222 0.3919 0.8618
vn 0.3507 0.3479 0.8695
vn 0.3804 -0.3335 0.8626
vn 0.3118 0.3990 0.8623
vn 0.9641 0.2656 -0.0048
vn -0.9080 -0.4188 -0.0142
vn -0.9554 0.2952 0.0125
vn -0.6990 0.7151 0.0073
vn -0.7220 -0.6919 -0.0050
vn -0.0168 -0.9997 -0.0194
vn -0.4032 -0.3031 0.8635
vn -0.9126 0.4088 0.0050
vn -0.3452 -0.3629 0.8655
vn -0.4854 0.0968 0.8689
vn -0.3801 -0.3153 0.8695
vn -0.4697 -0.1854 0.8631
vn -0.3891 -0.3304 0.8599
vn -0.4861 0.1129 0.8666
vn 0.3973 -0.3181 0.8608
vn 0.1844 0.4599 0.8686
vn -0.8601 0.5099 0.0171
vn 0.2142 0.9768 -0.0016
vn -0.0613 -0.0125 0.9980
vn 0.3369 -0.9416 -0.0009
vn -0.4907 -0.1401 0.8600
vn 0.4529 -0.1916 0.8708
vn -0.4926 0.8702 0.0098
vn 0.3810 -0.3365 0.8611
vn -0.1648 -0.4718 0.8662
vn 0.3064 0.3930 0.8670
vn -0.4703 -0.1741 -0.8652
vn 0.4580 0.1952 -0.8672
vn -0.1240 -0.4867 0.8647
vn -0.9480 -0.3182 -0.0072
vn -0.6748 -0.7379 0.0105
vn -0.0839 -0.4892 -0.8681
vn -0.3924 0.3132 0.8648
vn -0.3902 0.3256 0.8612
vn -0.3609 0.3497 -0.8645
vn 0.4701 -0.2007 0.8595
vn -0.9927 0.1208 -0.0001
vn 0.4781 0.1569 0.8642
vn 0.3376 -0.9413 0.0007
vn 0.1377 0.9905 -0.0024
vn -0.4196 0.2706 0.8664
vn 0.3554 -0.3611 0.8621
vn -0.4700 -0.1752 0.8651
vn -0.3626 0.3513 0.8632
vn -0.4106 0.2728 0.8701
vn -0.3891 0.3163 0.8652
vn -0.4226 0.2822 0.8613
vn -0.4822 -0.1461 0.8638
vn -0.1980 0.4644 0.8632
vn 0.3581 -0.3470 0.8668
vn 0.4901 0.0725 -0.8686
vn 0.2428 -0.9701 -0.0007
vn -0.9631 -0.2693 0.0020
vn -0.4893 -0.0947 0.8670
vn 0.3597 -0.3420 0.8681
vn -0.4817 -0.1274 0.8671
vn -0.5004 -0.1116 0.8586
vn 0.4990 -0.0591 0.8646
vn -0.5528 -0.4345 0.7111
vn 0.1846 0.4619 0.8675
vn 0.0780 -0.9957 -0.0509
vn 0.4873 0.0826 -0.8693
vn -0.0398 -0.5045 0.8625
vn 0.3091 0.3938 0.8657
vn -0.2121 -0.4695 0.8571
vn 0.2931 0.3980 0.8693
vn -0.4808 -0.1533 0.8633
vn -0.1739 0.4626 0.8693
vn -0.2900 -0.6421 0.7096
vn -0.0676 0.4999 -0.8634
vn 0.9988 -0.0490 0.0003
vn 0.3500 0.3667 0.8620
vn -0.2439 -0.4433 0.8626
vn -0.3925 0.9197 0.0078
vn 0.3945 0.2958 0.8700
vn -0.4929 0.0423 0.8690
vn -0.3896 0.9209 -0.0065
vn -0.4950 -0.0891 -0.8643
vn 0.0084 -0.5064 0.8622
vn 0.3337 0.3691 0.8674
vn -0.1021 0.4848 0.8686
vn -0.3827 0.9238 -0.0062
vn 0.2311 0.4440 0.8657
vn -0.3861 0.9224 0.0107
vn -0.9789 -0.2041 -0.0089
vn -0.4479 0.1932 0.8730
vn -0.4141 -0.2763 -0.8672
vn -0.2235 -0.4399 0.8698
vn -0.5085 -0.4918 0.7068
vn 0.4541 0.5451 -0.7048
vn -0.1903 -0.4671 0.8635
vn 0.0924 0.4866 0.8687
vn -0.2793 0.9602 0.0069
vn -0.2695 0.9629 -0.0138
vn 0.9988 -0.0491 0.0001
vn -0.1604 0.9870 0.0118
vn -0.1727 -0.0779 0.9819
vn -0.1165 0.5015 0.8573
vn 0.1472 -0.9891 -0.0004
vn -0.3822 -0.5919 0.7097
vn 0.4796 0.1212 -0.8690
vn 0.1830 0.4654 0.8660
vn 0.9988 -0.0491 0.0003
vn 0.4710 -0.1493 0.8694
vn 0.2270 0.4422 0.8677
vn -0.1639 0.4801 0.8618
vn 0.9348 0.3549 0.0099
vn 0.2897 -0.4038 0.8678
vn 0.3485 0.3644 0.8636
vn -0.3713 0.3380 0.8648
vn -0.1690 -0.4617 0.8708
vn 0.4546 0.2033 0.8672
vn -0.4864 -0.0844 0.8696
vn 0.3226 -0.3918 0.8616
vn 0.7096 0.1227 -0.6938
vn -0.4500 -0.2281 -0.8634
vn 0.9891 -0.1472 0.0004
vn -0.2747 0.9614 0.0117
vn 0.4918 -0.0297 -0.8702
vn 0.9838 -0.1789 0.0109
vn 0.9702 -0.2414 -0.0180
vn 0.7373 0.6755 -0.0013
vn 0.3637 0.3366 0.8686
vn 0.3698 0.3445 0.8629
vn 0.3392 0.3799 0.8606
vn -0.6861 -0.1926 0.7015
vn -0.3585 -0.3575 0.8624
vn -0.0408 0.9984 -0.0397
vn 0.0596 0.9981 -0.0179
vn 0.2886 -0.4119 0.8643
vn -0.5036 0.0453 0.8627
vn 0.0861 0.4949 0.8647
vn 0.0594 0.9981 -0.0165
vn -0.4917 0.0145 0.8707
vn -0.5082 0.0185 0.8611
vn 0.4817 -0.1169 0.8685
vn 0.7103 0.0581 -0.7015
vn -0.2946 -0.6296 0.7189
vn -0.6612 -0.2382 0.7114
vn -0.4052 -0.5656 0.7182
vn 0.4430 0.8965 0.0036
vn -0.4691 0.2042 0.8592
vn -0.0907 0.5020 0.8601
vn 0.6554 -0.2187 0.7229
vn -0.2937 0.4119 0.8626
vn -0.0129 0.5057 0.8626
vn -0.3491 0.3648 -0.8632
vn 0.4013 0.2888 0.8692
vn -0.9814 0.1921 0.0038
vn 0.9891 -0.1470 0.0004
vn 0.6969 0.0536 -0.7151
vn 0.9988 0.0486 -0.0000
vn -0.9778 -0.2090 0.0133
vn -0.4924 0.1386 0.8593
vn 0.5430 0.8397 -0.0050
vn -0.0129 0.5097 -0.8603
vn -0.4683 -0.1827 0.8645
vn -0.2283 0.4444 0.8663
vn -0.2937 0.4027 0.8669
vn -0.0167 0.4970 0.8676
vn -0.1248 -0.6847 0.7180
vn -0.0092 0.4978 0.8672
vn 0.1110 0.4958 0.8613
vn -0.0583 -0.9983 -0.0000
vn -0.4228 -0.2730 -0.8641
vn 0.2484 -0.4389 0.8635
vn -0.5031 0.0799 0.8606
vn -0.1554 0.9878 -0.0095
vn 0.2386 -0.4373 0.8671
vn 0.2848 -0.4208 0.8613
vn -0.4682 0.1805 0.8650
vn -0.3504 -0.3517 0.8681
vn 0.0555 -0.7084 0.7037
vn -0.3273 0.3828 0.8639
vn -0.3267 0.3822 0.8644
vn -0.0725 -0.7084 0.7021
vn 0.3090 -0.3992 -0.8632
vn -0.3118 -0.3862 0.8681
vn -0.3246 -0.3745 0.8685
vn -0.0858 -0.6993 0.7097
vn 0.8935 0.4490 -0.0033
vn -0.3798 -0.3175 -0.8689
vn 0.4920 -0.0586 0.8686
vn -0.0731 -0.6962 0.7141
vn 0.4737 0.1598 0.8661
vn 0.4857 -0.1364 0.8634
vn 0.4579 0.2010 0.8660
vn 0.4529 0.2039 0.8679
vn -0.0018 0.4939 0.8695
vn 0.6087 -0.3565 0.7088
vn -0.8997 -0.4366 -0.0013
vn 0.9891 -0.1470 0.0008
vn 0.0115 -0.4989 0.8666
vn 0.9701 -0.2428 0.0007
vn 0.4883 -0.0852 -0.8685
vn -0.1585 0.9873 0.0047
vn 0.3901 -0.3110 0.8667
vn -0.0436 0.9989 -0.0145
vn -0.4981 0.0377 0.8663
vn 0.4941 -0.0256 -0.8690
vn -0.5037 -0.0017 0.8639
vn 0.2103 0.4503 0.8678
vn -0.0488 0.9988 0.0071
vn -0.9371 -0.3489 -0.0141
vn -0.5004 -0.0017 0.8658
vn -0.3179 -0.3945 0.8622
vn -0.9668 -0.2554 -0.0076
vn -0.3089 -0.3965 0.8645
vn 0.5048 0.4960 0.7066
vn 0.4044 -0.2917 0.8668
vn 0.2800 0.4207 0.8629
vn 0.4334 -0.2567 0.8639
vn -0.6166 -0.3289 0.7153
vn 0.0654 0.4902 0.8691
vn 0.6712 -0.2620 0.6934
vn -0.0109 0.5071 0.8618
vn -0.2236 -0.4465 0.8664
vn -0.9876 -0.1569 0.0005
vn -0.3951 0.3005 -0.8681
vn 0.0574 0.9984 0.0007
vn 0.2582 0.4234 0.8684
vn -0.3750 0.3381 0.8632
vn -0.7107 -0.0192 0.7032
vn 0.5435 0.8394 -0.0011
vn -0.1272 -0.4892 0.8628
vn -0.7098 -0.0180 0.7042
vn 0.4586 0.2164 0.8619
vn 0.4424 0.2157 0.8705
vn 0.2776 -0.4249 0.8616
vn -0.7086 -0.0876 -0.7001
vn 0.3519 0.3673 0.8610
vn 0.3581 0.3415 0.8690
vn -0.5603 0.8282 0.0071
vn 0.4210 -0.2532 0.8710
vn -0.3878 0.3294 -0.8609
vn -0.9928 0.1201 -0.0014
vn 0.4918 0.1106 0.8637
vn 0.5944 -0.3710 -0.7135
vn -0.4141 -0.2851 0.8644
vn -0.4986 -0.0174 0.8666
vn -0.1641 -0.4792 0.8622
vn -0.3110 0.3966 0.8637
vn -0.0990 -0.4885 0.8669
vn -0.9290 0.3696 -0.0184
vn 0.0570 0.9984 0.0023
vn 0.2946 0.6461 0.7041
vn 0.0433 -0.4941 0.8683
vn -0.2292 0.6659 0.7100
vn -0.4829 0.1105 0.8687
vn 0.2969 0.6396 0.7091
vn 0.4632 0.1844 0.8669
vn -0.9581 0.2863 -0.0017
vn -0.4753 -0.1619 0.8648
vn 0.1373 0.4806 0.8661
vn -0.5067 -0.4871 0.7113
vn -0.4614 -0.5162 0.7216
vn -0.4996 -0.0563 0.8644
vn -0.0493 0.9988 -0.0000
vn 0.7377 0.6751 -0.0009
vn 0.3033 0.4096 0.8603
vn 0.3062 0.3988 0.8644
vn 0.0212 0.4991 0.8663
vn 0.2915 0.3991 0.8693
vn -0.0495 0.9988 -0.0006
vn -0.9994 0.0341 -0.0030
vn -0.4679 -0.1926 0.8625
vn -0.2868 0.6482 0.7054
vn -0.2585 0.4223 0.8688
vn -0.5059 -0.0305 0.8620
vn -0.2715 -0.6514 0.7085
vn -0.0168 -0.4961 0.8681
vn -0.5047 -0.0199 0.8631
vn -0.4947 -0.0463 -0.8678
vn -0.4627 -0.1726 0.8695
vn 0.0917 -0.4919 0.8658
vn -0.0829 0.4862 0.8699
vn 0.3699 0.3228 0.8712
vn 0.3876 0.3165 0.8658
vn 0.1594 0.9872 -0.0107
vn 0.9988 0.0491 0.0010
vn 0.4835 -0.1144 0.8678
vn -0.1334 0.4744 0.8702
vn 0.4061 0.2988 0.8636
vn 0.4095 0.2998 0.8616
vn -0.3003 0.4071 0.8626
vn -0.3093 0.3894 -0.8676
vn -0.2321 0.4259 0.8745
vn -0.4983 -0.0585 0.8650
vn -0.0619 -0.7091 -0.7024
vn 0.1889 -0.4585 0.8684
vn -0.2369 0.4466 0.8628
vn -0.3282 -0.3843 0.8629
vn 0.2338 -0.4381 0.8680
vn -0.1238 0.4882 0.8639
vn -0.3218 -0.3684 0.8722
vn -0.2386 0.9711 0.0001
vn -0.4850 -0.1299 0.8648
vn 0.4771 0.1474 0.8664
vn 0.4642 0.2068 0.8612
vn 0.0545 -0.5030 0.8625
vn 0.3079 0.3899 0.8679
vn -0.3955 0.9185 -0.0044
vn 0.7007 -0.0974 0.7068
vn 0.5047 0.0336 0.8627
vn -0.1958 0.4629 0.8645
vn 0.5035 -0.0353 0.8633
vn 0.4949 0.0293 -0.8685
vn -0.4541 0.8909 -0.0088
vn -0.1833 0.4748 0.8608
vn -0.2293 0.4520 0.8620
vn 0.5014 -0.0883 0.8607
vn -0.4766 0.1497 0.8663
vn -0.4965 0.0765 -0.8647
vn 0.7021 -0.0586 0.7097
vn 0.0966 -0.1439 -0.9849
vn 0.4921 0.0801 0.8669
vn 0.0950 0.4963 0.8629
vn 0.1015 -0.4949 0.8630
vn -0.4852 0.8740 0.0268
vn 0.2897 -0.4145 0.8627
vn 0.6821 0.7313 -0.0025
vn -0.5628 0.8266 0.0015
vn -0.5053 0.0357 0.8622
vn -0.4939 0.0108 0.8695
vn -0.6272 0.7788 -0.0051
vn 0.0325 -0.4959 0.8678
vn 0.1378 0.4895 0.8611
vn -0.0840 -0.2443 -0.9661
vn -0.2905 0.4045 0.8672
vn -0.2785 0.4278 0.8599
vn -0.4348 -0.2439 0.8669
vn -0.2614 0.4301 0.8641
vn 0.4243 -0.2545 0.8690
vn -0.4890 0.1110 0.8652
vn 0.0992 0.4931 -0.8643
vn 0.2822 0.4096 0.8675
vn -0.3341 -0.6233 0.7071
vn -0.6313 0.7756 0.0042
vn -0.3381 -0.3693 0.8656
vn 0.4938 -0.0563 0.8677
vn 0.0247 0.4976 0.8670
vn 0.4613 0.2008 0.8642
vn 0.9716 0.2364 -0.0053
vn 0.5012 -0.0017 0.8654
vn -0.3809 0.3349 0.8618
vn 0.4994 -0.0368 0.8656
vn -0.3267 0.9451 0.0009
vn -0.4861 -0.1205 0.8656
vn 0.0491 -0.9988 -0.0001
vn -0.7603 0.6494 0.0150
vn -0.4045 0.2871 0.8683
vn -0.0673 0.4934 0.8672
vn -0.0847 0.4887 0.8683
vn -0.0554 0.5104 0.8582
vn -0.4084 0.2965 0.8633
vn -0.3659 0.3518 0.8616
vn 0.1396 -0.9902 0.0033
vn 0.3347 0.3812 0.8618
vn 0.4709 0.1657 0.8665
vn 0.1159 -0.7093 -0.6953
vn -0.1453 0.9894 0.0037
vn -0.1308 0.4796 0.8677
vn -0.2755 -0.4225 -0.8635
vn -0.4987 -0.0086 0.8667
vn -0.1499 0.4794 0.8647
vn -0.8737 0.4863 0.0128
vn -0.2604 -0.4262 0.8664
vn -0.4915 -0.0332 0.8702
vn -0.4102 -0.5699 -0.7120
vn -0.0369 -0.5023 0.8639
vn -0.4564 -0.5372 -0.7093
vn 0.5018 0.0305 0.8644
vn 0.1367 -0.6899 -0.7108
vn 0.6300 0.3412 -0.6976
vn 0.1350 -0.9904 0.0290
vn 0.6377 0.2874 -0.7146
vn 0.0935 -0.7058 -0.7022
vn -0.1836 -0.4597 0.8689
vn -0.8803 0.4743 -0.0030
vn -0.0381 -0.4999 0.8653
vn -0.0835 -0.4979 0.8632
vn -0.4774 0.1327 0.8686
vn 0.4177 -0.2697 0.8676
vn -0.1044 0.4981 0.8608
vn -0.4491 -0.2196 0.8661
vn 0.6361 0.7715 -0.0088
vn 0.2736 -0.4171 0.8667
vn 0.5869 -0.8097 -0.0058
vn 0.4434 0.2470 0.8616
vn 0.4780 0.1722 0.8613
vn 0.4350 -0.2603 0.8620
vn 0.2465 -0.4405 0.8632
vn 0.0365 0.4996 0.8655
vn 0.5050 0.0399 -0.8622
vn -0.4902 -0.0942 0.8665
vn -0.4927 -0.0664 0.8677
vn -0.4991 0.0903 0.8618
vn -0.0798 -0.4929 0.8664
vn -0.4550 -0.2364 0.8585
vn -0.5002 -0.0594 0.8639
vn 0.1865 -0.6950 -0.6945
vn 0.1180 0.4920 0.8626
vn -0.3697 -0.3453 0.8626
vn 0.2057 -0.6718 -0.7116
vn -0.5040 -0.0068 0.8637
vn 0.2753 -0.6469 -0.7111
vn -0.1901 0.4583 0.8683
vn -0.1990 0.4613 0.8647
vn 0.4481 0.2218 0.8660
vn 0.2616 0.4235 0.8673
vn -0.4304 -0.2660 0.8626
vn -0.8528 0.5217 -0.0230
vn 0.1532 0.9881 0.0140
vn -0.4302 -0.2461 0.8685
vn 0.2645 0.9644 -0.0059
vn 0.6478 0.2656 -0.7140
vn -0.0215 0.4964 0.8678
vn 0.1645 -0.6902 -0.7046
vn 0.3901 0.3136 0.8657
vn -0.3273 0.3830 0.8638
vn -0.2923 -0.6285 0.7208
vn -0.6293 -0.3073 0.7138
vn 0.4174 -0.9085 0.0204
vn -0.3490 0.3530 0.8681
vn 0.0375 0.9992 0.0140
vn -0.4167 -0.2961 -0.8595
vn 0.1504 -0.4820 0.8632
vn -0.4951 -0.1134 0.8614
vn -0.0491 -0.9988 0.0001
vn -0.6988 -0.1189 -0.7053
vn -0.7054 -0.0833 -0.7039
vn -0.4974 -0.0678 -0.8649
vn -0.0615 0.4947 0.8669
vn 1.0000 0.0029 0.0001
vn 0.8517 0.5240 0.0030
vn -0.3875 -0.3192 0.8649
vn -0.4041 -0.2897 0.8676
vn -0.5337 0.8455 -0.0140
vn -0.0869 -0.4913 0.8666
vn 0.3074 -0.6465 -0.6982
vn -0.5050 -0.0890 0.8585
vn -0.4933 0.8699 0.0007
vn 0.4210 0.2621 0.8683
vn 0.4295 0.2715 0.8613
vn -0.4029 0.9152 -0.0090
vn 0.3533 0.3690 0.8597
vn -0.1791 -0.4713 0.8636
vn -0.3884 -0.5929 0.7054
vn -0.8536 -0.5209 -0.0040
vn -0.3329 0.9429 -0.0136
vn 0.2619 0.9651 0.0070
vn 0.4785 -0.8781 0.0020
vn 0.0104 -0.5048 0.8632
vn -0.3934 -0.3225 0.8609
vn -0.4965 0.0659 0.8655
vn -0.0761 0.4917 0.8675
vn 0.3885 -0.3076 0.8686
vn 0.3475 0.6204 0.7031
vn 0.3837 -0.3339 0.8610
vn -0.4824 -0.1125 0.8687
vn 0.0570 -0.5011 0.8635
vn -0.5029 -0.0695 0.8616
vn -0.0129 -0.4934 0.8697
vn 0.1890 -0.4586 0.8683
vn 0.0613 0.4989 0.8645
vn 0.3802 -0.3422 0.8593
vn -0.0528 0.9982 0.0268
vn 0.6762 0.1970 -0.7099
vn 0.1833 -0.4728 0.8619
vn -0.1876 0.9822 -0.0115
vn 0.8887 0.4584 0.0089
vn -0.2976 -0.4040 0.8650
vn 0.0530 -0.1072 0.9928
vn 0.0338 0.4982 0.8664
vn -0.0396 -0.5013 0.8643
vn 0.4525 -0.5356 -0.7130
vn -0.1549 0.4712 0.8684
vn -0.2437 -0.4503 0.8590
vn -0.5046 -0.0525 0.8618
vn 0.8400 0.5425 0.0012
vn -0.4894 -0.1002 0.8663
vn -0.4833 -0.1398 0.8642
vn -0.4989 -0.1024 0.8606
vn 0.3394 0.3581 0.8698
vn 0.6368 0.7710 -0.0027
vn 0.1671 0.6875 0.7067
vn 0.3276 0.9444 0.0277
vn -0.5109 -0.0125 0.8596
vn -0.4731 -0.1844 0.8615
vn 0.5290 -0.8486 -0.0123
vn 0.4174 0.9081 -0.0329
vn -0.4793 0.1335 0.8674
vn 0.9740 0.2256 -0.0203
vn -0.4981 0.0993 0.8614
vn 0.3882 0.3096 0.8680
vn -0.0946 0.0297 0.9951
vn 0.5079 0.4961 -0.7042
vn 0.0610 0.5014 0.8631
vn 0.2278 0.4571 0.8597
vn -0.4933 -0.0138 0.8697
vn -0.4961 -0.0983 0.8627
vn 0.4114 0.2817 -0.8668
vn -0.2931 0.4140 0.8618
vn -0.5014 -0.0550 0.8634
vn 0.9995 0.0299 -0.0058
vn 0.1076 0.4999 0.8594
vn 0.4920 0.0743 -0.8674
vn 0.2982 -0.3936 0.8696
vn 0.2847 -0.4082 0.8674
vn -0.4915 -0.0816 0.8670
vn 0.6500 -0.2628 0.7131
vn 0.4369 0.2400 -0.8669
vn 0.0213 0.4993 0.8662
vn 0.3426 -0.6184 -0.7073
vn 0.2331 0.4546 0.8596
vn 0.5009 0.0844 0.8614
vn 0.3773 0.3413 0.8609
vn -0.1149 0.4833 0.8679
vn 0.2386 -0.9711 0.0045
vn 0.9996 -0.0266 0.0058
vn 0.3553 0.6052 0.7124
vn 0.9995 0.0298 -0.0065
vn 0.1797 -0.9837 0.0063
vn 0.6944 0.0510 0.7178
vn 0.6474 -0.2598 0.7165
vn 0.8857 0.4643 -0.0052
vn -0.1689 -0.6705 0.7224
vn 0.9096 0.4153 0.0096
vn 0.2736 -0.4233 0.8637
vn 0.4927 -0.5031 0.7101
vn 0.4369 -0.5639 0.7008
vn 0.9109 0.4113 -0.0337
vn 0.6968 -0.1350 0.7044
vn 0.6826 -0.2077 0.7007
vn 0.5565 0.4424 -0.7033
vn 0.3785 0.9256 -0.0070
vn 0.4157 0.2810 -0.8650
vn 0.3563 0.3496 0.8665
vn 0.2760 -0.9611 -0.0072
vn 0.6882 -0.1751 0.7041
vn 0.1949 -0.6786 0.7082
vn 0.4421 0.2397 -0.8644
vn 0.6156 -0.7877 -0.0235
vn 0.3872 0.3143 -0.8667
vn 0.9910 -0.1330 -0.0127
vn 0.6990 -0.0977 0.7084
vn 0.6995 -0.1279 0.7031
vn 0.7030 -0.0255 0.7108
vn 0.7036 -0.0929 0.7045
vn 0.4341 -0.5630 -0.7033
vn 0.7187 0.0841 0.6902
vn 0.4034 0.2934 0.8667
vn 0.2670 -0.4235 0.8656
vn 0.3524 0.3708 0.8593
vn 0.2623 -0.6572 0.7066
vn -0.0636 -0.1447 0.9874
vn 0.3747 0.9271 0.0121
vn -0.3704 0.3333 0.8670
vn 0.8571 0.5151 -0.0043
vn -0.1944 -0.6787 0.7082
vn -0.2179 -0.6683 0.7112
vn 0.6348 0.3042 0.7103
vn 0.6363 0.3053 0.7085
vn 0.6566 0.2731 0.7030
vn 0.6213 0.3100 0.7196
vn 0.9567 -0.2910 -0.0061
vn 0.4229 0.2703 -0.8650
vn 0.7659 0.6430 -0.0037
vn 0.5955 0.3778 0.7090
vn 0.5772 0.4148 0.7034
vn 0.6362 -0.2864 0.7164
vn 0.9390 -0.3426 0.0294
vn -0.1819 -0.6845 0.7060
vn 0.3277 -0.6323 0.7020
vn -0.2205 -0.6698 0.7091
vn 0.7890 0.6144 0.0009
vn 0.4941 0.0317 0.8688
vn 0.2349 -0.4473 0.8630
vn -0.5001 0.0278 0.8655
vn 0.5989 0.3862 -0.7015
vn 0.5727 -0.4104 0.7096
vn 0.9414 -0.3374 -0.0017
vn -0.1307 -0.6902 0.7117
vn -0.4450 -0.2253 0.8667
vn 0.6646 0.2404 0.7075
vn -0.2299 -0.4473 0.8643
vn 0.3739 -0.5999 -0.7073
vn -0.3565 -0.9343 -0.0048
vn 0.7641 -0.6418 -0.0642
vn 0.7681 -0.6404 0.0032
vn 0.8270 -0.5578 0.0695
vn 0.9418 -0.3361 0.0009
vn -0.3517 -0.3630 0.8629
vn -0.0380 -0.0255 0.9990
vn -0.0191 -0.1193 0.9927
vn 0.6228 -0.7824 -0.0066
vn 0.4828 0.8757 -0.0047
vn -0.9999 0.0086 -0.0063
vn 0.0038 -0.0354 0.9994
vn 0.4791 0.8777 0.0133
vn 0.3249 -0.3797 0.8662
vn 0.4891 0.1265 0.8630
vn -0.5047 -0.0525 0.8617
vn -0.1500 -0.6912 0.7069
vn -0.4938 0.0426 0.8685
vn 0.4594 -0.8863 0.0586
vn -0.4566 -0.2222 0.8615
vn -0.4908 0.1419 0.8596
vn 0.0742 -0.1271 0.9891
vn 0.8405 0.5418 -0.0015
vn 0.3704 -0.9280 -0.0404
vn 0.3328 -0.9430 0.0047
vn 0.4652 0.1950 -0.8634
vn 0.7907 0.6122 -0.0054
vn -0.4246 -0.2764 0.8622
vn -0.0385 0.0543 0.9978
vn -0.4839 0.8751 0.0037
vn 0.3107 0.3983 0.8630
vn 0.3235 0.3783 0.8673
vn 0.4931 0.0244 -0.8696
vn -0.0181 -0.9989 -0.0426
vn -0.1559 -0.0064 0.9877
vn -0.3942 -0.3149 -0.8634
vn -0.1042 -0.9942 -0.0282
vn -0.1583 -0.9874 -0.0096
vn -0.1381 -0.4783 0.8672
vn 0.3562 -0.3464 0.8678
vn -0.4231 -0.2731 -0.8639
vn 0.9901 0.1400 -0.0045
vn -0.1661 -0.4669 0.8686
vn -0.3133 -0.9496 -0.0086
vn 0.5739 0.8189 0.0088
vn -0.3789 -0.9254 -0.0071
vn -0.4304 -0.9026 0.0064
vn 0.3563 -0.3385 0.8709
vn -0.4809 -0.8767 0.0083
vn 0.5738 0.8190 0.0090
vn 0.0608 0.0589 0.9964
vn -0.1423 -0.4883 0.8610
vn -0.0900 -0.4996 0.8616
vn 0.6572 0.7537 -0.0000
vn 0.5014 -0.0107 -0.8651
vn -0.4438 -0.2411 0.8631
vn 0.8010 -0.5986 0.0052
vn -0.6462 -0.7632 0.0014
vn -0.6457 -0.7636 -0.0042
vn -0.3127 -0.9498 -0.0009
vn 0.1794 -0.4625 0.8683
vn 0.6566 0.7542 0.0035
vn -0.0000 0.4963 0.8682
vn -0.1851 -0.4614 0.8677
vn -0.3972 0.3102 0.8637
vn -0.6030 -0.7976 -0.0138
vn 0.7233 0.6905 -0.0025
vn 0.0518 0.4935 0.8682
vn -0.3577 -0.9338 0.0017
vn -0.4077 0.3483 0.8441
vn 0.3936 0.3155 -0.8634
vn 0.8258 -0.5631 -0.0302
vn -0.4066 -0.5700 0.7140
vn 0.0011 0.5068 0.8621
vn 0.4148 0.9097 0.0206
vn 0.2002 -0.4642 0.8628
vn 0.5260 -0.4786 -0.7030
vn 0.3669 0.3479 -0.8628
vn 0.9040 -0.4275 0.0011
vn -0.9061 0.4189 -0.0596
vn 0.4752 0.1497 0.8670
vn 0.8400 -0.5409 0.0417
vn -0.0150 -0.0104 0.9998
vn -0.4326 -0.2449 0.8677
vn 0.4400 -0.2367 -0.8663
vn 0.3718 0.3313 0.8672
vn 0.3989 -0.2874 0.8708
vn -0.1252 -0.7001 0.7030
vn -0.1472 -0.6871 0.7115
vn 0.6802 0.7330 0.0016
vn -0.1312 -0.6884 0.7134
vn -0.4416 0.2437 -0.8635
vn -0.5681 -0.8226 -0.0234
vn -0.4908 -0.0695 0.8685
vn -0.5068 -0.0596 0.8600
vn 0.2383 -0.4343 0.8687
vn 0.7228 0.6910 -0.0000
vn -0.0874 -0.4967 0.8635
vn 0.3845 -0.3085 0.8701
vn -0.4690 -0.5406 0.6985
vn -0.1385 -0.4850 0.8635
vn -0.4910 -0.0881 0.8667
vn 0.5295 0.4715 0.7052
vn 0.6983 -0.7142 -0.0472
vn -0.4784 0.1336 0.8679
vn -0.4410 -0.8975 0.0001
vn 0.3956 -0.3188 0.8613
vn -0.3454 -0.3557 -0.8684
vn -0.1787 -0.0387 0.9831
vn 0.7978 0.6030 -0.0030
vn 0.3093 0.3884 -0.8680
vn 0.3342 0.3790 -0.8629
vn -0.4609 0.1863 0.8677
vn 0.5910 -0.3986 0.7013
vn 0.6669 -0.2234 0.7108
vn -0.4693 0.1625 0.8680
vn 0.6097 0.7927 -0.0025
vn -0.4419 -0.8970 0.0069
vn -0.4970 -0.0094 -0.8677
vn 0.4523 -0.8884 -0.0792
vn -0.4641 0.2014 -0.8626
vn 0.2985 0.4075 -0.8631
vn -0.1905 -0.4690 0.8624
vn 0.3701 -0.9279 -0.0449
vn 0.7779 0.6284 -0.0019
vn -0.5376 -0.8432 -0.0006
vn 0.2597 0.4372 -0.8611
vn -0.5959 0.8030 0.0005
vn -0.5033 -0.0083 0.8641
vn 0.7762 0.6304 0.0074
vn -0.6829 -0.1664 0.7113
vn -0.4651 -0.1976 0.8629
vn -0.3975 0.3119 0.8630
vn -0.5032 0.0588 -0.8622
vn -0.4229 0.3010 0.8547
vn -0.4544 -0.2022 0.8675
vn 0.2150 0.4595 -0.8618
vn 0.3768 0.6018 0.7042
vn 0.3600 0.9329 -0.0027
vn 0.9043 -0.4270 -0.0000
vn -0.5380 -0.8429 0.0032
vn 0.6702 -0.2445 0.7008
vn -0.4855 -0.1370 -0.8634
vn -0.4722 -0.1578 0.8673
vn 0.4348 0.5625 0.7033
vn -0.5072 0.0066 -0.8618
vn 0.1446 0.4760 -0.8675
vn 0.2747 -0.9610 -0.0302
vn 0.1676 0.4807 -0.8607
vn 0.6851 0.1772 0.7065
vn -0.4476 -0.5401 0.7127
vn 0.2696 0.9630 -0.0024
vn -0.0097 0.0078 0.9999
vn 0.8661 -0.4998 0.0002
vn 0.8661 0.4999 0.0001
vn -0.6310 -0.7758 -0.0038
vn 0.8662 0.4997 -0.0000
vn 0.8661 0.4999 -0.0000
vn 0.8662 -0.4997 -0.0002
vn 0.8576 -0.5143 -0.0000
vn -0.6315 -0.7754 0.0006
vn 0.8661 0.4999 -0.0002
vn 0.8661 0.4998 -0.0001
vn 0.8661 0.4998 0.0001
vn 0.8661 0.5000 0.0003
vn -0.7195 -0.6945 -0.0061
vn 0.8660 0.5000 -0.0000
vn -0.2176 0.4572 0.8623
vn 0.8660 0.5000 0.0003
vn -0.7199 -0.6940 -0.0010
vn -0.1949 -0.6721 0.7143
vn -0.2272 0.4412 0.8682
vn -0.4090 -0.5761 0.7077
vn 0.8660 0.5000 0.0002
vn -0.5007 -0.0567 0.8637
vn 0.7409 -0.6716 -0.0000
vn -0.7962 -0.6050 -0.0072
vn -0.5236 -0.8520 -0.0017
vn 0.2189 -0.4587 0.8612
vn -0.3634 -0.3461 0.8650
vn 0.2307 -0.4406 0.8676
vn 0.6293 -0.2919 -0.7203
vn 0.4652 -0.1695 0.8688
vn 0.4938 0.1437 0.8576
vn 0.5018 0.0629 0.8627
vn 0.7383 0.6744 0.0043
vn -0.4143 0.2765 -0.8671
vn -0.4593 -0.1819 0.8695
vn -0.3825 -0.3257 0.8646
vn 0.9691 0.2465 0.0133
vn 0.1744 -0.9811 -0.0835
vn 0.0735 0.4999 -0.8630
vn 0.6717 -0.7409 -0.0000
vn 0.0316 -0.0294 0.9991
vn -0.4705 -0.1816 -0.8635
vn -0.7971 -0.6038 0.0051
vn 0.0810 0.9967 0.0069
vn 0.0797 0.9968 0.0049
vn 0.5958 -0.8032 -0.0000
vn 0.8257 0.5641 -0.0016
vn 0.4147 0.5781 0.7028
vn 0.3616 -0.3538 0.8626
vn -0.8612 -0.5081 -0.0087
vn 0.8660 0.5001 -0.0004
vn 0.8660 0.5001 -0.0000
vn 0.8662 0.4998 -0.0002
vn 0.8658 -0.5004 0.0005
vn -0.4652 -0.2024 0.8618
vn -0.8621 -0.5068 0.0041
vn -0.3648 -0.3474 0.8639
vn 0.3518 -0.3492 0.8685
vn -0.9158 -0.4014 -0.0088
vn -0.1172 0.4887 -0.8645
vn -0.4371 -0.2268 0.8704
vn -0.0000 1.0000 -0.0000
vn 0.8662 -0.4997 -0.0000
vn -0.9166 -0.3998 0.0061
vn 0.3020 0.3908 -0.8695
vn 0.8659 0.5001 -0.0000
vn 0.4065 0.5601 0.7218
vn 0.9448 0.3247 0.0446
vn 0.2812 -0.4143 0.8656
vn -0.4463 -0.5474 0.7080
vn 0.6858 0.1894 0.7027
vn 0.7037 -0.1406 0.6964
vn -0.1930 -0.6771 0.7102
vn 0.9173 -0.3970 -0.0313
vn 0.2618 0.4227 -0.8677
vn -0.5009 0.0382 0.8647
vn 0.2704 -0.4122 0.8700
vn -0.9561 -0.2930 -0.0017
vn -0.9563 -0.2922 0.0042
vn 0.8660 0.5000 -0.0002
vn -0.9794 -0.2021 0.0029
vn -0.3818 -0.3257 0.8649
vn -0.3377 -0.3844 0.8592
vn -0.9533 0.3015 -0.0168
vn -0.9794 -0.2017 0.0045
vn 0.2908 -0.4126 0.8632
vn 0.6201 0.7845 -0.0084
vn -0.3486 -0.3644 0.8635
vn 0.4504 0.8928 -0.0002
vn 0.5124 -0.8587 -0.0036
vn 0.4058 0.5774 0.7085
vn 0.9035 -0.4285 -0.0013
vn -0.2277 -0.4447 0.8662
vn 0.4750 0.1545 0.8663
vn -0.9928 -0.1199 0.0027
vn -0.2899 -0.4138 -0.8630
vn 0.0515 -0.0694 0.9963
vn 0.0104 -0.0070 0.9999
vn -0.1496 -0.4735 0.8680
vn -0.2478 -0.4375 -0.8644
vn 0.6939 0.1624 0.7015
vn -0.9928 -0.1192 0.0063
vn 0.6734 0.2085 0.7093
vn -0.0496 -0.6975 0.7148
vn 0.4257 -0.9049 -0.0000
vn -0.9995 -0.0310 0.0005
vn 0.5397 0.8419 -0.0069
vn 0.4276 -0.9039 0.0042
vn 0.2097 0.4480 -0.8691
vn -0.9995 -0.0314 0.0017
vn 0.6834 -0.1791 0.7077
vn 0.3373 -0.9414 -0.0000
vn 0.3298 0.3626 0.8716
vn -0.9982 0.0593 -0.0071
vn 0.0012 -0.0170 0.9999
vn 0.2425 -0.9701 -0.0007
vn 0.2428 -0.9701 -0.0000
vn -0.2079 0.4508 0.8681
vn 0.6805 -0.1760 0.7113
vn 0.3267 -0.3821 0.8645
vn 0.8659 0.5002 -0.0001
vn 0.1472 -0.9891 -0.0000
vn 0.6923 -0.1693 0.7015
vn 0.6589 -0.2247 -0.7179
vn -0.3925 0.3123 0.8651
vn 0.3461 0.9380 0.0162
vn 0.8662 0.4998 -0.0000
vn -0.9983 0.0578 -0.0009
vn 0.8660 -0.5001 0.0001
vn -0.9867 0.1628 -0.0011
vn -0.0539 0.0115 0.9985
vn 0.8659 0.5002 -0.0000
vn -0.4141 -0.2798 -0.8662
vn -0.9865 0.1639 -0.0062
vn 0.3886 -0.3095 0.8679
vn -0.9622 0.2724 -0.0068
vn 0.8661 -0.4999 0.0001
vn 0.8658 -0.5004 -0.0004
vn -0.9619 0.2736 0.0020
vn -0.9252 0.3795 -0.0031
vn -0.9247 0.3807 0.0072
vn -0.8731 0.4875 -0.0045
vn -0.8725 0.4885 0.0056
vn -0.8095 0.5871 -0.0060
vn 0.1470 -0.9891 -0.0004
vn 0.8660 0.5000 -0.0001
vn -0.1109 -0.4884 0.8656
vn -0.4528 -0.2295 -0.8616
vn 0.4689 -0.1805 0.8646
vn -0.8080 0.5890 0.0133
vn -0.8662 -0.4997 0.0002
vn -0.7341 0.6791 0.0033
vn -0.2645 0.4271 0.8646
vn -0.8662 0.4998 -0.0000
vn 0.0491 -0.9988 -0.0000
vn -0.7337 0.6795 0.0081
vn -0.8661 -0.4998 -0.0000
vn 0.4571 0.2051 0.8654
vn -0.6486 0.7611 -0.0010
vn 0.4951 -0.0494 -0.8674
vn 0.6360 0.0740 -0.7682
vn 0.2066 0.0371 -0.9777
vn -0.6486 0.7612 -0.0002
vn -0.0002 -0.0929 0.9957
vn 0.3276 -0.3894 0.8608
vn -0.4262 -0.2757 -0.8616
vn -0.4723 0.1654 0.8658
vn -0.5541 0.8324 -0.0080
vn -0.0184 0.0187 0.9997
vn 0.2990 -0.6325 0.7146
vn 0.4814 -0.1219 0.8680
vn -0.0329 0.1002 0.9944
vn 0.4939 0.0150 0.8694
vn -0.6592 -0.2728 0.7008
vn 0.5002 -0.0426 0.8649
vn 0.1543 0.4709 -0.8686
vn 0.8239 0.5666 0.0088
vn 0.6565 -0.2489 -0.7121
vn -0.5529 0.8333 0.0039
vn -0.2286 -0.4417 0.8676
vn 0.0003 0.0328 0.9995
vn 0.3067 -0.4070 0.8604
vn 0.2381 0.9712 0.0100
vn 0.3136 -0.3806 0.8700
vn -0.4510 0.8925 -0.0030
vn 0.0191 -0.1189 0.9927
vn -0.4495 0.8932 0.0104
vn -0.4049 -0.5750 0.7109
vn -0.3438 0.9390 -0.0017
vn -0.3437 0.9391 -0.0005
vn 0.4767 0.1564 0.8650
vn 0.4771 0.1420 -0.8673
vn -0.0000 -1.0000 -0.0000
vn 0.8659 0.5002 0.0001
vn -0.5021 -0.0287 0.8643
vn -0.2395 0.9709 0.0035
vn -0.2371 0.9715 -0.0078
vn -0.4882 0.0022 -0.8727
vn 0.4606 0.1856 -0.8680
vn -0.8660 0.5001 -0.0000
vn -0.1212 -0.6972 0.7065
vn 0.8659 0.5003 -0.0000
vn 0.4423 0.2440 0.8631
vn 0.4250 -0.9052 0.0055
vn 0.6837 -0.1534 -0.7135
vn 0.4492 0.8934 -0.0102
vn 0.6704 -0.2062 -0.7128
vn -0.5009 0.0391 0.8646
vn -0.3920 -0.5865 0.7088
vn 0.6719 -0.2126 0.7094
vn -0.4945 -0.0306 0.8686
vn -0.9954 -0.0954 0.0119
vn 0.3830 0.3261 0.8643
vn -0.0491 -0.9988 -0.0000
vn 0.6695 -0.2386 -0.7035
vn -0.8660 -0.5000 -0.0000
vn 0.9854 -0.1623 0.0511
vn 0.1026 0.4835 -0.8693
vn -0.8661 -0.4999 -0.0000
vn -0.9412 0.3329 -0.0579
vn -0.8661 -0.4998 0.0001
vn 0.8661 -0.4999 -0.0001
vn 0.6997 -0.1152 -0.7050
vn 0.8582 -0.5133 -0.0037
vn 0.4944 -0.0719 0.8663
vn -0.0238 0.0065 0.9997
vn 0.0043 0.0188 0.9998
vn -0.8659 0.5003 0.0008
vn -0.1319 0.9913 -0.0033
vn -0.8662 0.4996 0.0001
vn -0.7086 0.2508 0.6596
vn -0.7335 0.6797 -0.0027
vn 0.6948 -0.0807 -0.7147
vn 0.9739 0.2268 0.0045
vn -0.3460 -0.3595 -0.8666
vn 0.8570 -0.5154 0.0018
vn 0.3512 0.3667 0.8615
vn 0.8661 0.4999 0.0003
vn -0.1324 0.9912 -0.0015
vn 0.4979 -0.0213 0.8670
vn 0.1281 0.9917 0.0115
vn 0.8658 -0.5003 0.0003
vn 0.4664 0.2048 0.8605
vn -0.2323 -0.0274 -0.9723
vn 0.0148 -0.0017 0.9999
vn 0.8658 -0.5004 0.0003
vn -0.0819 -0.7116 0.6978
vn 0.2709 0.4235 0.8644
vn -0.8662 0.4998 -0.0002
vn 0.5068 0.0809 0.8582
vn 0.8659 -0.5003 0.0002
vn -0.3131 0.3930 0.8646
vn -0.1472 -0.9891 -0.0000
vn -0.7804 0.6253 0.0054
vn -0.8659 0.5002 -0.0001
vn -0.0353 -0.0151 -0.9993
vn -0.1482 -0.2346 -0.9607
vn 0.2008 0.4616 -0.8641
vn -0.8661 -0.5000 0.0001
vn -0.1286 -0.2000 -0.9713
vn -0.8662 -0.4998 -0.0001
vn -0.3944 -0.3151 -0.8632
vn -0.4968 0.0438 -0.8668
vn 0.2902 -0.4168 0.8614
vn 0.2753 -0.4115 0.8689
vn 0.8660 -0.5000 -0.0001
vn -0.9117 0.4107 -0.0044
vn -0.4901 0.0901 -0.8670
vn -0.8359 0.5488 0.0066
vn -0.1470 -0.9891 0.0004
vn -0.4794 0.1373 -0.8668
vn -0.1710 0.4660 0.8681
vn 0.8661 0.4998 0.0002
vn -0.8568 0.5155 -0.0131
vn -0.4614 0.1863 -0.8674
vn -0.4141 0.2718 0.8687
vn 0.5054 -0.8629 -0.0058
vn -0.4394 0.2394 -0.8658
vn -0.0302 0.9995 -0.0116
vn -0.4065 0.2853 -0.8680
vn 0.9991 0.0411 -0.0047
vn -0.2428 -0.9701 -0.0000
vn -0.9554 -0.2926 0.0400
vn -0.2320 -0.0134 -0.9726
vn -0.7903 0.6126 -0.0088
vn -0.9420 -0.3357 -0.0033
vn -0.4633 -0.2018 0.8629
vn -0.3649 0.3333 -0.8694
vn -0.7926 0.6097 0.0085
vn -0.3300 0.3709 -0.8681
vn -0.7266 0.6870 -0.0029
vn -0.8695 -0.4937 0.0112
vn -0.2978 0.3993 -0.8671
vn -0.2572 0.4244 -0.8682
vn -0.5886 0.8084 0.0005
vn 0.7060 -0.0021 -0.7082
vn -0.7739 -0.6330 -0.0167
vn -0.6617 0.7498 -0.0045
vn 0.4936 -0.1143 -0.8622
vn -0.4609 -0.1913 0.8666
vn -0.2113 0.4492 -0.8681
vn -0.4957 0.8685 0.0055
vn -0.2277 0.4383 0.8695
vn -0.0982 0.4848 -0.8691
vn 0.5192 0.4877 0.7019
vn -0.1177 0.4810 0.8688
vn 0.7128 0.7013 -0.0054
vn 0.0227 -0.0322 -0.9992
vn -0.4093 -0.9121 -0.0231
vn -0.3535 0.3537 0.8660
vn 0.5066 0.4715 0.7218
vn -0.4958 0.8684 0.0045
vn 0.4774 0.5191 0.7090
vn -0.2991 -0.9542 -0.0044
vn -0.3422 -0.9395 0.0123
vn 0.4995 0.5171 0.6951
vn -0.3362 -0.9418 -0.0000
vn 0.3578 -0.3476 0.8667
vn -0.2780 0.9606 -0.0000
vn 0.4246 -0.5625 0.7094
vn -0.1618 0.9868 -0.0000
vn -0.1274 -0.9905 0.0525
vn -0.3635 -0.3542 -0.8616
vn -0.2880 0.4157 -0.8627
vn -0.4275 -0.9040 -0.0000
vn 0.7128 0.7014 -0.0056
vn 0.7712 0.6365 -0.0088
vn -0.5143 -0.8576 -0.0005
vn 0.8688 0.4951 0.0029
vn -0.3808 0.3361 -0.8614
vn -0.5141 -0.8577 -0.0000
vn 0.4995 0.0352 0.8656
vn 0.9409 -0.3385 -0.0036
vn -0.0240 0.5059 0.8623
vn 0.7734 0.6338 0.0103
vn -0.4019 0.2912 0.8681
vn -0.1096 0.4843 0.8680
vn -0.0316 0.9995 -0.0063
vn 0.8252 0.5648 0.0066
vn -0.5956 -0.8033 -0.0000
vn -0.4286 0.2638 0.8641
vn -0.4848 0.1541 0.8610
vn -0.5941 -0.8044 0.0036
vn -0.5008 0.0122 -0.8655
vn -0.3956 0.3147 0.8628
vn 0.4908 0.0811 -0.8675
vn -0.4122 0.2747 -0.8687
vn -0.4239 -0.2736 -0.8634
vn -0.8074 0.5900 -0.0035
vn -0.6717 -0.7408 -0.0000
vn -0.4802 0.1297 0.8675
vn -0.4905 0.0734 0.8684
vn -0.4895 0.0939 0.8669
vn -0.5082 0.0296 0.8607
vn -0.4985 0.0390 0.8660
vn -0.6717 -0.7409 -0.0000
vn 0.8254 0.5645 0.0050
vn -0.4984 -0.0221 0.8666
vn -0.7409 -0.6717 -0.0000
vn -0.4277 0.2619 0.8651
vn -0.4892 -0.0826 0.8683
vn -0.7408 -0.6717 -0.0000
vn -0.4945 0.0165 0.8690
vn 0.8721 0.4893 0.0044
vn -0.4772 -0.1414 0.8673
vn -0.4492 -0.2358 0.8618
vn -0.4586 -0.1931 0.8674
vn -0.4647 -0.1952 -0.8637
vn -0.3938 -0.3145 -0.8637
vn -0.4704 0.1951 0.8606
vn -0.4531 0.2031 0.8680
vn -0.4934 -0.0361 0.8691
vn -0.4526 0.2172 -0.8648
vn -0.0875 0.1753 0.9806
vn -0.3485 -0.3696 0.8613
vn -0.3566 -0.3492 0.8666
vn -0.8032 -0.5957 -0.0016
vn 0.4942 0.0916 0.8645
vn -0.3105 -0.3838 0.8696
vn -0.3950 -0.3156 -0.8628
vn -0.4837 -0.1255 0.8662
vn 0.5039 0.4957 0.7074
vn -0.2660 -0.4247 0.8654
vn -0.1801 -0.4727 0.8626
vn -0.2143 -0.4472 0.8684
vn 0.0583 -0.5004 0.8638
vn -0.4681 -0.1674 0.8677
vn -0.1182 -0.4936 -0.8616
vn 0.0714 0.4934 0.8669
vn -0.8027 -0.5964 -0.0000
vn -0.4569 0.2087 0.8647
vn 0.8721 0.4894 0.0045
vn -0.4023 -0.2951 0.8666
vn -0.4890 0.0964 0.8669
vn 0.9125 0.4089 -0.0066
vn 0.8679 0.4967 0.0094
vn 0.9116 0.4112 0.0024
vn -0.9616 0.2743 -0.0059
vn 0.9104 0.4136 -0.0078
vn 0.9937 0.1118 0.0018
vn 0.9460 0.3241 -0.0058
vn -0.0860 -0.1307 0.9877
vn 0.9079 0.4189 0.0141
vn -0.4774 0.1506 0.8657
vn -0.1140 -0.4845 0.8673
vn 0.9461 0.3239 -0.0068
vn 0.6853 0.1455 -0.7135
vn -0.4793 -0.1439 0.8658
vn -0.1388 -0.4882 0.8616
vn -0.0523 -0.4985 0.8653
vn -0.3279 -0.3838 -0.8633
vn -0.3633 -0.3540 -0.8618
vn -0.3363 -0.9417 -0.0037
vn 0.9415 -0.3370 -0.0017
vn 0.9443 0.3290 -0.0042
vn 0.9435 0.3313 0.0046
vn 0.9418 -0.3362 -0.0000
vn 0.9712 0.2381 -0.0031
vn 0.9887 -0.1500 0.0039
vn 0.9704 0.2412 0.0090
vn -0.4979 -0.0325 -0.8666
vn 0.9911 0.1325 -0.0102
vn -0.3345 -0.9424 -0.0000
vn -0.2013 -0.4622 0.8636
vn 0.4828 0.1496 0.8629
vn -0.3206 -0.3847 -0.8656
vn 0.4796 0.1445 0.8655
vn 0.9906 0.1365 0.0078
vn -0.1408 -0.4756 0.8683
vn -0.3281 -0.3841 -0.8630
vn 0.4073 0.2851 0.8677
vn -0.0530 -0.4932 0.8683
vn 0.6822 0.7311 -0.0033
vn 0.6016 0.3558 -0.7152
vn -0.4524 -0.2063 0.8677
vn 0.8576 -0.5143 0.0014
vn 0.5621 0.4218 -0.7114
vn 0.3727 0.3294 0.8675
vn 0.8660 -0.5000 0.0001
vn 0.8573 -0.5149 -0.0000
vn -0.4407 -0.2434 0.8640
vn -0.4164 -0.2844 0.8635
vn -0.7043 -0.7099 0.0096
vn 0.5129 0.4805 -0.7114
vn 0.3394 0.3742 0.8630
vn -0.6150 -0.7884 0.0091
vn -0.5155 -0.8567 0.0169
vn 0.9036 -0.4284 -0.0000
vn -0.4138 -0.9103 0.0076
vn 0.2952 0.4117 0.8622
vn -0.1714 -0.4758 -0.8627
vn -0.2898 -0.4135 -0.8631
vn 0.4785 0.1275 -0.8688
vn -0.1314 -0.4820 -0.8663
vn 0.8038 -0.5949 0.0016
vn -0.1922 -0.9813 -0.0082
vn 0.4788 -0.1601 -0.8632
vn 0.4577 0.5348 -0.7103
vn 0.4121 -0.2994 0.8605
vn 0.3093 -0.3939 -0.8656
vn 0.3977 0.5862 -0.7058
vn 0.2460 0.4330 0.8672
vn 0.4257 -0.2778 0.8612
vn 0.9693 -0.2457 0.0023
vn 0.3304 0.6253 -0.7070
vn 0.2166 0.4592 0.8615
vn 0.4266 -0.2437 0.8710
vn 0.1752 0.4760 0.8618
vn 0.4512 -0.2315 0.8619
vn -0.1274 0.0499 0.9906
vn 0.9385 -0.3452 -0.0067
vn -0.5045 -0.0057 0.8634
vn 0.9683 -0.2498 -0.0059
vn 0.4972 -0.0915 0.8628
vn -0.2005 -0.4614 -0.8643
vn 0.4619 -0.2054 -0.8628
vn 0.9405 -0.3397 0.0045
vn 0.4900 0.0398 0.8708
vn 0.5018 0.0579 0.8631
vn -0.1941 -0.0365 0.9803
vn 0.9409 0.3386 0.0035
vn 0.4414 -0.2496 -0.8619
vn 0.4835 0.0913 0.8706
vn -0.3491 -0.3643 0.8634
vn 0.4934 0.1094 0.8629
vn 0.4768 0.1556 0.8651
vn 0.9028 -0.4299 0.0050
vn -0.4912 -0.1105 0.8640
vn 0.4054 -0.2852 -0.8685
vn 0.8555 -0.5179 0.0038
vn -0.8578 -0.5140 0.0023
vn 0.3461 0.3570 -0.8676
vn 0.9415 0.3371 0.0055
vn 0.4637 0.2016 0.8628
vn -0.3356 -0.6206 0.7087
vn -0.4794 -0.1572 0.8634
vn -0.8587 -0.5125 -0.0014
vn 0.9067 0.4218 -0.0044
vn 0.3671 -0.3315 -0.8691
vn 0.8605 0.5095 -0.0049
vn 0.4147 0.2853 0.8641
vn -0.4412 -0.2438 0.8637
vn -0.9040 -0.4275 -0.0000
vn 0.3370 0.3544 0.8723
vn 0.7973 -0.6036 -0.0065
vn 0.3099 0.3968 0.8640
vn 0.3412 -0.3646 -0.8664
vn 0.3053 0.3919 -0.8679
vn 0.5954 0.8034 0.0041
vn -0.4185 -0.2870 0.8617
vn 0.5956 -0.8033 0.0006
vn 0.7342 -0.6789 -0.0064
vn 0.2739 0.4277 0.8614
vn -0.9045 -0.4265 -0.0023
vn 0.9753 0.2207 -0.0071
vn 0.2311 0.4487 0.8633
vn 0.6650 -0.7468 -0.0050
vn 0.1872 0.4671 0.8641
vn 0.1393 0.4871 0.8622
vn -0.3586 -0.3367 0.8707
vn 0.2290 -0.4529 -0.8616
vn 0.2579 0.4253 -0.8675
vn 0.5150 -0.8572 -0.0014
vn -0.3505 -0.3655 0.8623
vn -0.9414 -0.3373 -0.0000
vn 0.1816 -0.4689 -0.8644
vn -0.3288 -0.6232 0.7096
vn 0.1472 0.9891 0.0005
vn -0.3131 -0.4009 0.8610
vn 0.4190 -0.9080 -0.0070
vn 0.1347 -0.4878 -0.8625
vn 0.9043 -0.4268 0.0033
vn 0.4768 -0.5150 0.7124
vn 0.5161 -0.8565 0.0009
vn 0.3268 -0.9451 -0.0074
vn 0.0797 -0.4870 -0.8698
vn 0.1936 0.4689 -0.8618
vn 0.2325 -0.9726 -0.0075
vn -0.1371 -0.4801 0.8664
vn 0.0378 -0.9993 -0.0046
vn 0.4302 -0.9027 0.0001
vn -0.3266 -0.3819 -0.8646
vn -0.1579 -0.9874 -0.0067
vn 0.1516 0.4755 -0.8665
vn -0.1949 -0.4555 -0.8686
vn -0.2073 -0.4582 -0.8643
vn -0.2365 -0.4361 -0.8683
vn -0.2544 -0.4371 -0.8627
vn -0.4389 -0.8985 -0.0073
vn -0.0862 -0.4925 0.8661
vn -0.2953 -0.4126 -0.8617
vn -0.9701 -0.2425 -0.0000
vn 0.1032 0.4890 -0.8662
vn 0.4297 -0.9030 -0.0012
vn -0.3293 -0.3781 -0.8652
vn 0.3349 -0.9422 -0.0021
vn -0.2986 -0.3911 0.8706
vn -0.6042 -0.7968 -0.0044
vn -0.3685 -0.3494 -0.8615
vn -0.0396 -0.4999 0.8652
vn -0.4885 0.0873 0.8682
vn -0.6804 -0.7328 -0.0062
vn -0.4037 -0.2899 -0.8678
vn -0.4307 -0.2701 -0.8611
vn 0.3363 -0.9418 0.0007
vn -0.8064 -0.5914 0.0057
vn 0.2419 -0.9703 -0.0007
vn -0.7486 -0.6630 -0.0059
vn -0.4562 -0.2237 -0.8613
vn -0.8616 -0.5076 0.0028
vn 0.0111 -0.5047 0.8632
vn -0.4765 -0.1793 -0.8607
vn -0.9074 -0.4202 0.0047
vn 0.0576 0.4936 -0.8678
vn 0.3269 -0.3705 0.8694
vn -0.4974 -0.0848 -0.8633
vn 0.0581 -0.4943 0.8673
vn -0.4877 -0.1291 -0.8634
vn -0.2535 -0.4257 -0.8686
vn -0.9462 -0.3236 -0.0044
vn 0.1098 -0.4854 0.8674
vn 0.2422 -0.9702 -0.0000
vn -0.9734 -0.2292 -0.0065
vn -0.2882 -0.4109 -0.8649
vn 0.1620 -0.4666 0.8695
vn -0.9908 -0.1352 -0.0082
vn -0.4933 0.0554 -0.8681
vn -0.5039 0.0672 -0.8611
vn -0.9979 0.0638 0.0143
vn -0.0280 0.4962 -0.8677
vn -0.4886 0.1212 -0.8640
vn 0.1470 -0.9891 -0.0008
vn 0.8660 -0.5001 -0.0000
vn 0.2017 -0.4639 0.8626
vn -0.4260 -0.9047 0.0032
vn 0.8661 -0.4999 0.0002
vn -0.4346 0.2548 -0.8638
vn 0.5457 0.4582 0.7016
vn 0.0619 0.9981 -0.0069
vn 0.5466 -0.4558 0.7025
vn -0.3768 0.3392 -0.8620
vn 0.5267 -0.4652 0.7114
vn 0.5535 0.4349 0.7103
vn -0.9891 -0.1472 -0.0000
vn 0.0490 -0.9988 -0.0003
vn -0.3378 0.3726 -0.8643
vn -0.2598 -0.6495 0.7146
vn 0.5523 0.4344 0.7116
vn 0.4778 0.5200 0.7081
vn -0.3004 0.4078 -0.8622
vn -0.1247 0.4918 -0.8617
vn -0.0724 0.4998 -0.8631
vn -0.2131 0.9770 0.0031
vn -0.0224 0.5060 -0.8623
vn -0.1164 0.9932 -0.0010
vn -0.0496 -0.9988 -0.0013
vn 0.0250 0.5066 -0.8618
vn -0.0187 0.9998 -0.0017
vn 0.3923 -0.2972 0.8705
vn -0.2014 -0.4632 -0.8631
vn 0.4271 -0.2764 0.8609
vn 0.0513 0.4938 -0.8680
vn -0.9988 -0.0491 -0.0000
vn 0.3478 -0.3589 -0.8661
vn 0.0820 -0.0018 0.9966
vn 0.4471 -0.2128 0.8688
vn 0.4658 -0.1703 0.8683
vn -0.4925 -0.0626 -0.8680
vn -0.0488 -0.9988 0.0003
vn -0.1532 -0.4823 -0.8625
vn -0.9988 0.0487 -0.0022
vn -0.0348 -0.1211 0.9920
vn 0.4959 -0.0894 0.8638
vn -0.9989 0.0476 -0.0000
vn 0.5035 -0.0431 0.8629
vn -0.3344 -0.6193 0.7104
vn -0.3070 -0.6438 0.7009
vn 0.5025 0.0069 0.8646
vn 0.8934 0.4492 0.0001
vn -0.9893 0.1461 -0.0037
vn -0.2709 -0.4236 0.8644
vn -0.9895 0.1448 -0.0011
vn -0.4870 -0.5235 0.6991
vn 0.4942 0.0592 0.8673
vn -0.1463 -0.9892 -0.0003
vn -0.9701 0.2428 -0.0000
vn -0.5069 -0.0431 -0.8609
vn -0.4436 -0.5445 0.7119
vn 0.4829 0.1137 0.8683
vn -0.4272 0.2666 -0.8639
vn -0.9702 0.2422 0.0013
vn 0.4528 0.2298 -0.8615
vn -0.9418 0.3362 -0.0000
vn 0.6853 -0.1436 0.7140
vn 0.4457 0.2455 0.8609
vn -0.4641 0.1720 -0.8689
vn -0.4854 0.1262 -0.8651
vn 0.4183 0.2873 0.8617
vn -0.4819 0.1160 -0.8685
vn 0.4037 0.2824 -0.8702
vn 0.3834 0.3263 0.8640
vn 0.8033 -0.5956 -0.0006
vn -0.5143 -0.8576 -0.0000
vn -0.4943 0.0556 -0.8675
vn -0.1056 -0.4957 -0.8620
vn -0.9040 0.4275 -0.0000
vn 0.2707 0.4237 0.8644
vn 0.2304 0.4476 0.8641
vn -0.1452 -0.9894 0.0017
vn 0.8324 0.5541 -0.0085
vn -0.4934 -0.0045 -0.8698
vn 0.1876 0.4679 0.8636
vn 0.8335 0.5524 0.0080
vn 0.1588 0.4652 0.8708
vn -0.1051 -0.4918 -0.8643
vn 0.1385 0.4851 0.8634
vn 0.9745 0.2244 0.0099
vn -0.8576 0.5143 -0.0000
vn -0.2317 -0.4497 0.8626
vn -0.3992 -0.5822 0.7083
vn -0.0584 -0.5021 -0.8629
vn -0.8033 0.5955 -0.0000
vn -0.8033 0.5956 -0.0000
vn -0.7408 0.6717 -0.0000
vn -0.3389 -0.6197 0.7079
vn -0.3349 -0.3768 -0.8636
vn -0.7409 0.6717 -0.0000
vn -0.4992 -0.0908 -0.8617
vn -0.2867 -0.4092 -0.8662
vn -0.6717 0.7409 -0.0000
vn 0.8027 -0.5964 -0.0016
vn -0.2359 -0.4368 -0.8681
vn -0.6717 0.7408 -0.0000
vn -0.0361 -0.4902 -0.8708
vn -0.0111 -0.5041 -0.8636
vn -0.4894 -0.1103 0.8650
vn 0.9946 0.1037 -0.0006
vn -0.5958 0.8032 -0.0000
vn 0.4037 0.2921 -0.8670
vn 0.0386 -0.5026 -0.8636
vn -0.5143 0.8576 -0.0000
vn 0.0113 -0.5022 0.8647
vn 0.4306 0.2466 -0.8682
vn 0.1073 -0.4843 -0.8683
vn 0.0878 -0.4982 -0.8626
vn 0.8031 -0.5958 -0.0000
vn -0.4799 -0.1571 0.8631
vn -0.0583 -0.5010 -0.8635
vn 0.1395 -0.4865 -0.8625
vn 0.7414 -0.6710 -0.0018
vn 0.1880 -0.4682 -0.8634
vn 0.0596 0.9982 0.0014
vn 0.8664 -0.4993 -0.0002
vn 0.7626 0.6468 -0.0043
vn 0.2289 -0.4462 -0.8652
vn 0.2627 -0.4219 -0.8677
vn 0.7632 0.6461 0.0027
vn -0.3945 -0.3151 -0.8632
vn 0.6717 -0.7409 -0.0002
vn 0.3096 -0.3965 -0.8642
vn -0.4396 -0.2431 0.8646
vn 0.3851 0.3144 -0.8677
vn 0.3510 -0.3659 -0.8619
vn 0.1051 -0.4931 0.8636
vn -0.3615 -0.3518 -0.8634
vn 0.3860 -0.3286 -0.8620
vn 0.9942 0.1064 0.0122
vn 0.4141 -0.2850 -0.8645
vn 0.4141 -0.2851 -0.8644
vn -0.2399 -0.9708 -0.0013
vn 0.8033 -0.5956 -0.0004
vn -0.3433 -0.3598 0.8676
vn -0.4853 -0.1363 -0.8636
vn 0.9999 -0.0140 -0.0055
vn 0.4786 -0.1568 -0.8639
vn -0.3095 -0.3966 0.8643
vn 0.4948 -0.1109 -0.8619
vn 0.8661 -0.4998 0.0006
vn 0.6710 -0.7415 -0.0020
vn 0.5031 -0.0595 -0.8622
vn 0.1554 0.9878 -0.0036
vn 0.5055 -0.0067 -0.8628
vn -0.2702 -0.4226 0.8651
vn 0.4940 0.0635 -0.8671
vn 0.5053 0.0434 -0.8618
vn -0.2493 -0.4402 -0.8626
vn 0.4905 0.0970 -0.8660
vn 0.4974 0.0898 -0.8629
vn 0.9998 -0.0092 0.0168
vn 0.4614 0.1773 -0.8693
vn 0.2754 0.4131 -0.8680
vn -0.2303 -0.4475 0.8641
vn -0.2005 -0.4604 -0.8648
vn 0.9913 -0.1314 -0.0104
vn -0.4719 -0.1826 -0.8626
vn -0.2199 -0.4553 0.8627
vn 0.3309 0.3755 -0.8658
vn 0.4257 0.2751 -0.8620
vn -0.1371 -0.4815 0.8657
vn 0.3638 -0.3545 0.8614
vn 0.2241 0.4413 -0.8689
vn 0.3023 0.3959 -0.8671
vn 0.9919 -0.1265 0.0118
vn -0.0879 -0.4987 0.8623
vn 0.2492 0.4408 -0.8623
vn -0.1053 -0.4937 -0.8632
vn 0.5955 -0.8033 -0.0006
vn -0.0582 -0.4998 -0.8642
vn 0.3934 -0.3027 -0.8681
vn 0.1661 0.4690 -0.8674
vn -0.2921 -0.4133 0.8624
vn 0.9687 -0.2478 -0.0131
vn -0.2387 -0.9711 0.0013
vn -0.0385 -0.5026 0.8637
vn 0.0048 -0.4975 -0.8675
vn -0.3841 -0.3267 0.8635
vn 0.8659 -0.5001 -0.0001
vn 0.9593 0.2822 0.0095
vn 0.5133 -0.8582 -0.0024
vn 0.1052 -0.4937 0.8632
vn 0.5143 -0.8576 -0.0000
vn 0.1194 -0.4833 -0.8673
vn 0.4280 -0.9038 -0.0000
vn 0.1543 -0.4724 -0.8678
vn 0.4269 -0.9043 -0.0025
vn 0.1522 -0.4780 0.8651
vn -0.3352 -0.9421 -0.0043
vn 0.9701 -0.2422 0.0125
vn 0.3369 -0.9415 -0.0000
vn 0.8660 -0.5000 -0.0002
vn 0.8658 -0.5004 -0.0000
vn 0.9335 -0.3586 -0.0080
vn 0.4593 -0.2002 -0.8654
vn 0.3283 -0.3836 0.8632
vn 0.9347 -0.3553 0.0076
vn 0.3694 -0.3245 0.8708
vn -0.2294 -0.4460 0.8652
vn -0.3345 -0.9424 -0.0029
vn 0.3944 -0.3151 0.8632
vn 0.8864 -0.4628 -0.0049
vn 0.1533 0.9882 0.0046
vn 0.8882 -0.4593 0.0124
vn 0.9998 0.0144 -0.0105
vn -0.4275 -0.9040 -0.0013
vn -0.2331 -0.4373 0.8686
vn 0.4842 -0.1358 0.8644
vn 0.6818 0.7315 -0.0080
vn 0.4919 -0.0790 -0.8671
vn 0.4858 -0.0886 -0.8696
vn 0.4910 -0.0881 0.8667
vn -0.2089 0.4482 -0.8692
vn -0.2585 0.4238 -0.8681
vn 0.5022 0.0069 0.8647
vn 0.8358 -0.5490 -0.0008
vn 0.4980 0.0593 0.8652
vn 0.9957 0.0865 0.0318
vn -0.3369 -0.9415 -0.0000
vn 0.1407 0.0769 -0.9871
vn -0.4269 -0.9043 0.0012
vn 0.5009 -0.0015 0.8655
vn -0.2307 -0.4407 -0.8675
vn -0.4274 -0.9040 -0.0000
vn 0.9997 -0.0039 0.0229
vn 0.3876 0.3292 0.8610
vn 0.8367 -0.5476 0.0054
vn -0.3935 0.3051 -0.8672
vn -0.5137 -0.8580 0.0014
vn 0.3501 0.9367 -0.0026
vn 0.3238 0.3724 0.8698
vn 0.7864 -0.6177 0.0038
vn 0.7872 -0.6166 0.0085
vn -0.4251 -0.9051 0.0040
vn -0.5958 -0.8032 -0.0000
vn 0.5065 0.0066 0.8622
vn 0.3119 0.3990 0.8623
vn -0.4275 0.2559 -0.8670
vn 0.7323 -0.6809 -0.0097
vn -0.6717 -0.7408 -0.0020
vn 0.2722 0.4255 0.8630
vn -0.6710 -0.7415 -0.0000
vn -0.7408 -0.6717 0.0002
vn -0.5139 -0.8578 -0.0000
vn 0.2299 0.4467 0.8646
vn 0.9998 0.0191 0.0116
vn -0.7415 -0.6709 -0.0018
vn -0.8033 -0.5956 -0.0000
vn -0.0110 -0.5057 -0.8627
vn 0.7346 -0.6785 0.0013
vn -0.8031 -0.5958 0.0006
vn -0.5143 -0.8576 -0.0009
vn 0.0582 -0.4948 0.8670
vn -0.8575 -0.5144 0.0023
vn 0.0381 -0.5034 -0.8632
vn 0.4914 0.0882 -0.8664
vn 0.6736 -0.7391 0.0039
vn -0.8582 -0.5134 -0.0000
vn 0.6729 -0.7397 0.0005
vn 0.5925 -0.8056 0.0012
vn 0.0885 -0.4988 -0.8622
vn 0.5925 -0.8056 0.0009
vn -0.4661 -0.1720 -0.8679
vn 0.4975 -0.8674 -0.0061
vn -0.4411 -0.2242 -0.8690
vn 0.4967 -0.8679 0.0010
vn 0.4617 0.1857 -0.8674
vn -0.5958 -0.8032 -0.0001
vn -0.4081 -0.2771 -0.8699
vn 0.3976 -0.9175 0.0007
vn 0.1390 -0.4864 -0.8626
vn -0.3749 -0.3264 -0.8677
vn -0.5957 -0.8032 -0.0000
vn 0.3959 -0.9183 -0.0076
vn -0.2458 -0.4290 -0.8692
vn 0.2881 -0.9576 -0.0052
vn -0.9051 -0.4252 -0.0039
vn -0.1891 -0.4552 -0.8701
vn 0.2911 -0.9567 0.0093
vn -0.9037 -0.4281 0.0025
vn 0.4467 0.2257 -0.8658
vn 0.6827 0.7307 0.0018
vn 0.4213 0.2719 -0.8652
vn -0.2013 -0.4637 -0.8629
vn -0.1342 -0.4831 -0.8652
vn 0.1761 -0.9844 0.0041
vn 0.5908 0.8068 -0.0050
vn 0.9645 -0.2631 0.0250
vn -0.9422 -0.3351 0.0009
vn 0.0491 0.0023 -0.9988
vn 0.1052 -0.4926 0.8639
vn 0.0875 -0.4979 -0.8628
vn 0.9946 -0.1037 -0.0095
vn -0.6718 -0.7407 -0.0049
vn 0.3123 -0.3993 -0.8620
vn -0.9415 -0.3371 0.0050
vn 0.3498 -0.3655 -0.8626
vn 0.3593 0.3395 -0.8693
vn 0.9950 -0.0992 0.0114
vn -0.9701 -0.2428 -0.0000
vn 0.1520 -0.4814 0.8632
vn 0.2017 -0.4631 0.8630
vn 0.4647 -0.2022 -0.8621
vn -0.9700 -0.2432 0.0007
vn 0.5913 0.8065 -0.0008
vn -0.2902 -0.4147 -0.8624
vn 0.4810 -0.1573 -0.8625
vn -0.9891 -0.1470 -0.0004
vn 0.3410 0.3608 -0.8681
vn 0.2744 -0.4284 -0.8609
vn 0.4938 -0.1108 -0.8625
vn 0.3258 0.3717 0.8693
vn -0.9988 -0.0496 0.0023
vn 0.5048 -0.0037 -0.8632
vn 0.7407 -0.6716 0.0172
vn -0.9988 -0.0484 -0.0001
vn 0.6759 -0.7369 0.0145
vn 0.3130 -0.4000 -0.8614
vn -0.9987 0.0513 -0.0053
vn 0.0036 0.4959 -0.8684
vn -0.9988 0.0498 -0.0023
vn -0.9888 0.1496 -0.0000
vn 0.3280 0.3825 -0.8638
vn 0.2011 0.4612 -0.8642
vn 0.5294 -0.8484 -0.0074
vn 0.4912 0.8711 -0.0013
vn 0.3188 0.3795 -0.8685
vn -0.9891 0.1469 0.0052
vn 0.3024 0.4038 -0.8634
vn 0.3573 -0.3470 0.8671
vn 0.2742 0.4123 -0.8688
vn 0.0966 0.4912 -0.8657
vn 0.1056 0.4960 -0.8619
vn 0.3900 -0.3049 0.8689
vn -0.2494 -0.4412 -0.8620
vn 0.5955 -0.8033 -0.0017
vn -0.6690 -0.7433 0.0025
vn 0.4228 -0.2724 0.8643
vn -0.7393 -0.6734 0.0047
vn 0.5964 -0.8027 0.0006
vn -0.0233 -0.4990 -0.8663
vn 0.4527 -0.1930 0.8705
vn 0.4690 -0.1809 0.8645
vn 0.5144 -0.8576 0.0009
vn 0.1653 0.4678 -0.8682
vn 0.9752 -0.2210 -0.0120
vn 0.9764 -0.2156 0.0126
vn 0.4988 -0.0902 0.8620
vn 0.1244 0.4825 -0.8670
vn 0.4917 0.8708 0.0030
vn 0.5030 -0.0430 0.8632
vn 0.0702 0.4977 -0.8645
vn 0.9430 -0.3326 -0.0089
vn 0.5039 0.0068 0.8637
vn -0.8033 -0.5956 0.0006
vn -0.0111 -0.5050 -0.8630
vn 0.5133 -0.8582 -0.0014
vn 0.5022 0.0595 0.8627
vn 0.0255 0.5006 -0.8653
vn 0.4275 -0.9040 0.0001
vn 0.0912 0.4919 0.8658
vn 0.4280 -0.9038 0.0013
vn 0.3361 -0.9418 -0.0009
vn -0.8576 -0.5143 0.0009
vn 0.3889 0.9213 -0.0056
vn -0.0766 0.4907 -0.8680
vn 0.4365 0.2411 0.8668
vn 0.0858 0.4911 -0.8668
vn 0.9440 -0.3298 0.0044
vn 0.3369 -0.9415 0.0007
vn 0.3907 0.9205 0.0091
vn 0.2438 -0.9698 0.0013
vn -0.9043 -0.4269 -0.0000
vn 0.3826 0.3257 0.8646
vn 0.1460 -0.9893 -0.0004
vn 0.1385 -0.4877 -0.8620
vn 0.0388 0.5039 0.8629
vn 0.8965 -0.4431 -0.0075
vn 0.1471 -0.9891 0.0019
vn 0.3103 0.3985 0.8631
vn 0.2685 0.4200 0.8669
vn 0.0473 -0.9989 0.0043
vn -0.0492 -0.9988 -0.0045
vn -0.1378 -0.4722 -0.8707
vn 0.8980 -0.4399 0.0086
vn -0.9040 -0.4275 0.0013
vn -0.2877 0.4040 -0.8683
vn 0.8380 -0.5455 -0.0144
vn 0.8410 -0.5410 0.0101
vn -0.9412 -0.3378 0.0010
vn 0.2957 0.9553 0.0016
vn -0.0512 -0.9987 0.0001
vn -0.5955 -0.8033 0.0006
vn 0.7745 -0.6325 -0.0065
vn -0.1472 -0.9891 0.0004
vn 0.3484 -0.3642 -0.8637
vn 0.7757 -0.6311 0.0012
vn 0.0386 -0.5031 -0.8634
vn -0.9698 -0.2439 -0.0021
vn 0.7047 -0.7094 -0.0048
vn 0.0041 0.4945 -0.8692
vn 0.7074 -0.7067 0.0106
vn -0.2428 -0.9701 0.0007
vn -0.1528 -0.4806 -0.8636
vn 0.6248 -0.7808 -0.0023
vn -0.4938 0.0708 -0.8667
vn 0.6267 -0.7792 0.0088
vn -0.9699 -0.2433 -0.0033
vn -0.5041 0.0218 -0.8634
vn -0.9891 -0.1473 0.0031
vn 0.5364 -0.8439 -0.0112
vn 0.5410 -0.8410 0.0100
vn 0.4390 -0.2426 -0.8651
vn -0.4685 -0.1577 -0.8693
vn 0.4573 -0.8893 -0.0011
vn 0.4579 -0.8890 0.0016
vn 0.0688 -0.4896 -0.8692
vn 0.3816 -0.9243 0.0042
vn 0.3824 -0.9240 0.0072
vn -0.3825 -0.3167 -0.8680
vn 0.2887 -0.9574 -0.0082
vn -0.9891 -0.1474 0.0032
vn -0.3369 -0.9415 -0.0007
vn -0.3452 -0.3609 -0.8664
vn 0.2914 -0.9566 0.0051
vn 0.4563 -0.1992 -0.8673
vn -0.3013 -0.3923 -0.8691
vn 0.1755 -0.9845 0.0005
vn -0.9988 -0.0489 -0.0044
vn -0.6717 -0.7408 -0.0018
vn -0.9989 -0.0470 -0.0001
vn 0.1769 -0.9842 0.0071
vn -0.3361 -0.9418 0.0009
vn -0.9988 0.0498 -0.0015
vn 0.0605 -0.9982 -0.0000
vn 0.4818 -0.1575 -0.8620
vn 0.0595 -0.9982 -0.0047
vn -0.2982 0.9544 -0.0141
vn -0.9988 0.0490 0.0001
vn -0.4280 -0.9038 -0.0013
vn -0.9894 0.1454 0.0006
vn 0.4915 -0.1105 -0.8638
vn -0.1907 0.9816 0.0023
vn -0.9894 0.1453 0.0009
vn -0.4275 -0.9040 -0.0001
vn 0.1396 -0.4863 -0.8626
vn -0.4066 0.9136 -0.0102
vn -0.3027 0.9531 0.0071
vn -0.9701 0.2428 0.0013
vn 0.4962 -0.0593 -0.8662
vn -0.5143 -0.8576 -0.0010
vn 0.4781 -0.1340 0.8680
vn 0.4996 -0.0071 -0.8662
vn -0.5144 -0.8576 -0.0009
vn 0.3830 -0.3198 -0.8666
vn 0.5043 0.0433 -0.8624
vn -0.5958 -0.8031 -0.0006
vn -0.5112 0.8595 -0.0045
vn 0.4918 -0.0883 0.8662
vn -0.4112 0.9115 0.0128
vn -0.6717 -0.7409 -0.0002
vn 0.5033 -0.0431 0.8630
vn -0.6716 -0.7409 -0.0000
vn -0.5141 0.8576 0.0112
vn -0.3379 0.3728 -0.8642
vn -0.9705 0.2413 0.0046
vn -0.7332 0.6800 0.0012
vn 0.4484 0.2270 -0.8645
vn -0.6710 -0.7415 0.0002
vn 0.4225 0.2726 -0.8644
vn -0.9407 0.3392 0.0010
vn 0.3941 0.3148 -0.8635
vn -0.8041 -0.5945 0.0039
vn -0.8583 -0.5131 -0.0024
vn 0.3465 0.3579 -0.8671
vn 0.3623 0.3528 -0.8627
vn -0.8591 -0.5118 0.0009
vn -0.8068 0.5908 0.0054
vn 0.2879 0.4112 -0.8649
vn -0.9407 0.3393 0.0007
vn -0.9038 -0.4280 0.0013
vn 0.2499 0.4415 -0.8618
vn -0.9032 0.4292 -0.0025
vn -0.4114 0.2766 -0.8685
vn -0.9418 -0.3362 -0.0000
vn 0.2018 0.4635 -0.8628
vn 0.4417 0.2434 0.8635
vn 0.1531 0.4828 -0.8623
vn -0.8708 0.4916 0.0061
vn -0.9415 -0.3370 0.0017
vn -0.9698 -0.2438 0.0020
vn 0.1066 0.4945 -0.8626
vn 0.4148 0.2855 0.8640
vn 0.3859 0.3281 0.8622
vn -0.9893 -0.1460 -0.0004
vn -0.9891 -0.1473 0.0023
vn -0.9988 -0.0491 -0.0001
vn -0.4396 0.2256 -0.8694
vn -0.9231 0.3844 0.0096
vn -0.9033 0.4289 -0.0019
vn -0.7415 -0.6709 -0.0020
vn 0.2895 0.3996 0.8698
vn 0.3040 -0.3906 -0.8689
vn -0.8588 0.5123 -0.0023
vn -0.8577 0.5142 0.0028
vn -0.8042 0.5943 -0.0043
vn -0.9614 0.2753 0.0019
vn 0.1523 0.4786 -0.8647
vn -0.8033 0.5956 -0.0006
vn -0.9989 0.0476 0.0031
vn -0.0436 0.4905 -0.8703
vn 0.0873 0.4964 0.8637
vn 0.3481 -0.3641 -0.8639
vn -0.9865 0.1636 -0.0110
vn -0.9988 0.0491 0.0001
vn -0.7408 0.6717 -0.0002
vn -0.9862 0.1653 0.0023
vn -0.9986 0.0517 -0.0104
vn -0.9986 0.0526 -0.0035
vn -0.0374 -0.4962 0.8674
vn -0.9985 -0.0540 -0.0047
vn 0.3858 -0.3280 -0.8623
vn -0.9900 -0.1408 0.0032
vn -0.6716 0.7409 -0.0000
vn -0.9775 -0.2107 -0.0037
vn 0.0115 -0.4993 0.8663
vn 0.4167 -0.2866 -0.8627
vn 0.9913 -0.1309 0.0109
vn -0.8522 -0.5230 -0.0121
vn -0.9035 -0.4286 0.0071
vn -0.8032 -0.5958 -0.0000
vn -0.7847 -0.6198 -0.0086
vn -0.8498 -0.5271 0.0095
vn -0.3761 -0.3236 -0.8682
vn -0.7075 -0.7067 -0.0106
vn -0.7826 -0.6224 0.0063
vn -0.3357 -0.3643 -0.8687
vn -0.6188 -0.7854 -0.0129
vn -0.0971 0.4852 -0.8690
vn -0.2923 -0.4014 -0.8680
vn -0.5209 -0.8536 -0.0111
vn -0.6717 0.7408 0.0002
vn -0.2438 -0.4330 -0.8678
vn -0.4159 -0.9094 -0.0027
vn 0.9975 -0.0711 -0.0053
vn -0.3063 -0.9519 -0.0115
vn -0.5957 0.8032 -0.0017
vn -0.5964 0.8027 -0.0000
vn -0.3020 -0.9533 0.0098
vn 0.4941 -0.0424 -0.8684
vn 0.4919 -0.1106 -0.8636
vn -0.1891 -0.9819 0.0059
vn -0.8576 -0.5143 -0.0000
vn 0.5013 -0.0594 -0.8632
vn -0.5143 0.8576 0.0009
vn -0.5133 0.8582 -0.0014
vn 0.1523 -0.4784 0.8648
vn 0.4874 0.1377 -0.8623
vn -0.4275 0.9040 0.0013
vn 0.2416 0.9704 -0.0058
vn -0.3361 0.9418 -0.0009
vn 0.4606 -0.1931 -0.8663
vn -0.3374 0.9414 0.0016
vn 0.2644 0.9643 -0.0168
vn -0.9048 -0.4258 -0.0033
vn 0.3947 0.3153 -0.8630
vn -0.2428 0.9701 -0.0000
vn -0.9041 -0.4273 -0.0000
vn 0.3635 0.3542 -0.8616
vn -0.2425 0.9701 -0.0007
vn -0.9422 -0.3350 0.0009
vn 0.3291 0.3856 -0.8619
vn -0.1472 0.9891 -0.0000
vn -0.9417 -0.3363 0.0037
vn 0.2896 0.4132 -0.8634
vn 0.6745 -0.1522 0.7224
vn -0.9704 -0.2413 -0.0000
vn -0.0491 0.9988 -0.0000
vn 0.1333 0.9910 -0.0112
vn 0.6890 -0.0844 0.7198
vn 0.1057 0.4961 -0.8618
vn -0.9704 -0.2416 0.0007
vn -0.9893 -0.1462 -0.0000
vn -0.9891 -0.1473 0.0022
vn 0.2590 0.9658 0.0094
vn 0.3088 -0.3957 -0.8649
vn 0.3742 0.9272 -0.0176
vn 0.3473 -0.3633 -0.8645
vn 0.7145 0.0205 0.6993
vn -0.9988 0.0491 -0.0000
vn 0.3829 -0.3259 -0.8644
vn -0.9987 0.0506 0.0037
vn -0.9888 0.1492 -0.0040
vn 0.6948 -0.0171 0.7190
vn -0.9887 0.1497 -0.0049
vn 0.4144 -0.2851 -0.8643
vn -0.9698 0.2441 0.0006
vn -0.9702 0.2424 0.0040
vn -0.9895 0.1447 -0.0017
vn 0.3702 0.9290 0.0027
vn -0.9418 0.3363 -0.0000
vn 0.4411 -0.2434 -0.8638
vn -0.9414 0.3374 -0.0025
vn -0.9043 0.4270 -0.0001
vn -0.4822 0.8761 0.0033
vn 0.0234 0.9997 -0.0039
vn -0.9043 0.4269 -0.0000
vn 0.4542 0.5411 0.7078
vn -0.8587 0.5125 0.0019
vn -0.8583 0.5131 0.0005
vn -0.9891 0.1471 0.0038
vn 0.7041 0.1114 0.7013
vn 0.6956 0.1391 0.7049
vn -0.8046 0.5938 0.0010
vn -0.8046 0.5938 0.0011
vn -0.9706 0.2407 -0.0045
vn -0.7414 0.6711 -0.0020
vn -0.9701 0.2425 -0.0000
vn 0.1355 0.4772 0.8683
vn -0.5806 0.8141 0.0050
vn -0.7426 0.6697 0.0016
vn 0.6843 0.1210 0.7191
vn 0.0870 0.4951 0.8644
vn 0.5020 -0.0594 -0.8628
vn -0.6717 0.7408 0.0019
vn -0.9414 0.3373 -0.0000
vn 0.6659 0.1842 0.7230
vn -0.6703 0.7421 -0.0018
vn -0.3279 0.3751 -0.8671
vn 0.5057 -0.0078 -0.8627
vn 0.4796 0.8775 -0.0033
vn 0.5030 0.0441 -0.8631
vn -0.5964 0.8027 0.0017
vn 0.4404 0.2300 -0.8678
vn 0.4977 0.0899 -0.8627
vn -0.5138 0.8579 -0.0051
vn 0.4234 0.2733 -0.8638
vn 0.4862 0.1371 -0.8631
vn -0.5160 0.8566 -0.0000
vn 0.4156 0.2740 -0.8673
vn 0.4712 0.1816 -0.8631
vn -0.4275 0.9040 -0.0000
vn -0.9040 0.4275 -0.0013
vn 0.5493 0.4219 0.7213
vn -0.0771 0.9970 -0.0095
vn -0.4288 0.9034 0.0030
vn 0.4784 0.8781 0.0029
vn -0.1770 0.9842 -0.0007
vn 0.3939 0.3146 -0.8636
vn -0.3369 0.9415 -0.0000
vn 0.3614 0.3517 -0.8636
vn -0.8578 0.5139 -0.0000
vn -0.7748 0.6322 -0.0008
vn 0.3273 0.3829 -0.8639
vn 0.4575 0.5167 0.7237
vn 0.2890 0.4122 -0.8640
vn 0.5814 0.8136 -0.0109
vn 0.2851 0.4104 -0.8662
vn -0.8252 0.5648 0.0079
vn -0.8576 0.5143 -0.0009
vn -0.8032 0.5958 -0.0000
vn -0.2773 0.9608 0.0032
vn -0.2783 0.9605 -0.0050
vn 0.9737 0.2279 0.0030
vn 0.5763 0.8171 0.0168
vn -0.3794 0.9252 0.0020
vn 0.1494 0.4763 -0.8665
vn -0.2862 0.4152 0.8635
vn -0.2274 0.4421 0.8677
vn 0.1000 0.6993 0.7078
vn -0.2781 0.4133 0.8671
vn -0.4832 0.8755 -0.0059
vn 0.6743 0.7384 -0.0133
vn 0.6742 0.2318 0.7012
vn 0.6623 0.2572 0.7037
vn 0.6709 0.7415 0.0074
vn 0.7571 0.6532 -0.0098
vn 0.6468 0.2953 0.7031
vn 0.7547 0.6560 0.0070
vn 0.6292 0.3342 0.7017
vn 0.8282 0.5603 -0.0095
vn 0.6110 0.3672 0.7013
vn 0.8260 0.5636 0.0090
vn 0.5896 0.4023 0.7003
vn 0.8872 0.4613 -0.0052
vn 0.5676 0.4270 0.7039
vn 0.8858 0.4639 0.0074
vn 0.6947 0.7193 -0.0030
vn 0.9282 0.3721 -0.0028
vn 0.6631 0.7483 -0.0146
vn 0.9272 0.3745 0.0064
vn 0.6146 0.7888 0.0130
vn 0.9567 0.2910 -0.0033
vn 0.5829 0.8126 0.0060
vn 0.9558 0.2940 0.0075
vn 0.5301 0.8467 0.0467
vn 0.9778 0.2093 -0.0119
vn 0.4888 0.8724 -0.0059
vn 0.9766 0.2148 0.0074
vn 0.2322 0.6696 0.7055
vn 0.9920 0.1264 -0.0003
vn 0.1659 0.6902 0.7044
vn 0.9920 0.1262 -0.0012
vn 0.9997 0.0220 -0.0046
vn 0.0967 0.7052 0.7024
vn 0.0318 0.7067 0.7068
vn 0.9996 0.0257 0.0120
vn 0.9957 -0.0919 -0.0126
vn 0.9962 -0.0852 0.0178
vn 0.9787 -0.2052 -0.0102
vn 0.9795 -0.2011 0.0083
vn 0.9505 -0.3108 0.0013
vn 0.9506 -0.3102 0.0038
vn 0.9080 -0.4189 -0.0079
vn 0.9103 -0.4134 0.0197
vn 0.8523 -0.5230 -0.0088
vn 0.8543 -0.5198 0.0086
vn 0.7840 -0.6207 -0.0052
vn 0.7862 -0.6178 0.0117
vn 0.7128 -0.7013 0.0003
vn 0.7135 -0.7006 0.0045
vn 0.6397 -0.7686 -0.0083
vn 0.6409 -0.7676 -0.0028
vn 0.5715 -0.8206 -0.0013
vn 0.5703 -0.8214 -0.0064
vn 0.4983 -0.8670 0.0018
vn 0.4968 -0.8678 -0.0044
vn 0.4045 -0.9145 0.0091
vn 0.4036 -0.9149 0.0046
vn 0.2926 -0.9562 -0.0040
vn 0.2929 -0.9561 -0.0023
vn 0.1777 -0.9841 -0.0020
vn 0.1757 -0.9844 -0.0117
vn 0.0593 -0.9982 -0.0055
vn 0.1759 -0.9844 0.0029
vn 0.0581 -0.9983 -0.0000
vn 0.0605 -0.9981 0.0111
vn -0.4269 0.9043 -0.0000
vn -0.4270 0.9043 -0.0000
vn -0.5956 0.8033 -0.0000
vn -0.5955 0.8033 -0.0000
vn -0.3362 0.9418 -0.0000
vn -0.3370 0.9415 0.0016
vn -0.9415 0.3370 -0.0029
vn -0.9420 0.3356 -0.0000
vn -0.9037 0.4281 -0.0025
vn -0.9050 0.4254 0.0034
vn -0.8582 0.5134 -0.0000
vn -0.8575 0.5144 -0.0023
vn -0.8031 0.5958 -0.0006
vn -0.7418 0.6707 0.0025
vn -0.6724 0.7402 -0.0032
vn -0.6727 0.7399 -0.0024
vn -0.5967 0.8024 0.0025
vn -0.5144 0.8576 0.0024
vn -0.5134 0.8582 -0.0000
vn -0.4280 0.9038 0.0025
vn -0.4281 0.9037 0.0025
vn -0.3358 0.9419 -0.0000
vn -0.3370 0.9415 0.0026
vn -0.2438 0.9698 0.0007
vn -0.2434 0.9699 -0.0000
vn -0.1463 0.9892 -0.0018
vn 0.8663 -0.4996 -0.0002
vn 0.8659 -0.5002 -0.0001
vn -0.8659 -0.5002 0.0004
vn -0.1864 -0.4569 -0.8698
vn -0.2367 -0.4344 -0.8691
vn -0.2728 -0.4120 -0.8694
vn -0.3104 -0.3924 -0.8658
vn -0.3291 -0.3856 -0.8620
vn -0.3672 -0.3359 -0.8674
vn -0.3379 -0.3636 -0.8681
vn -0.4313 -0.2449 -0.8684
vn -0.4511 -0.2132 -0.8666
vn -0.4714 -0.1813 -0.8631
vn -0.4787 -0.1415 -0.8665
vn -0.4947 -0.0890 -0.8645
vn -0.4944 -0.0508 -0.8678
vn -0.4962 0.0302 -0.8677
vn -0.4947 0.0697 -0.8663
vn -0.4905 0.1050 -0.8651
vn -0.4931 0.1105 -0.8629
vn -0.4787 0.1393 -0.8669
vn -0.4666 0.1744 -0.8671
vn -0.4546 0.2078 -0.8661
vn -0.4411 0.2409 -0.8645
vn -0.4190 0.2684 -0.8674
vn -0.3707 0.3325 -0.8672
vn -0.2914 0.4048 -0.8668
vn -0.2630 0.4266 -0.8653
vn -0.1687 0.4684 -0.8673
vn -0.1367 0.4861 -0.8631
vn 0.1579 0.4815 -0.8621
vn 0.1947 0.4619 -0.8653
vn 0.2277 0.4427 -0.8672
vn 0.2024 0.4634 -0.8627
vn 0.2489 0.4412 -0.8622
vn 0.2589 0.4264 -0.8667
vn 0.3685 0.3336 -0.8677
vn 0.3955 0.3058 -0.8661
vn 0.4199 0.2723 -0.8657
vn 0.4407 0.2280 -0.8682
vn 0.4695 0.1812 -0.8641
vn 0.4773 0.1463 -0.8665
vn 0.4854 0.1126 -0.8670
vn 0.5020 0.0821 -0.8610
vn 0.5003 0.0425 -0.8648
vn 0.4982 0.0057 -0.8671
vn 0.4775 -0.1313 -0.8688
vn 0.4683 -0.1689 -0.8673
vn 0.4618 -0.2069 -0.8625
vn 0.4400 -0.2370 -0.8661
vn 0.3632 -0.3368 -0.8687
vn 0.3303 -0.3683 -0.8691
vn 0.3038 -0.4051 -0.8623
vn 0.2717 -0.4246 -0.8636
vn 0.2307 -0.4498 -0.8628
vn 0.2328 -0.4452 -0.8646
vn 0.1954 -0.4594 -0.8665
vn 0.1591 -0.4703 -0.8680
vn 0.1167 -0.4812 -0.8688
vn 0.0872 -0.4965 -0.8637
vn 0.0197 -0.4944 -0.8690
vn -0.1277 -0.4806 -0.8676
vn -0.1679 -0.4662 -0.8686
vn -0.2111 -0.4461 -0.8697
vn -0.2546 -0.4277 -0.8674
vn -0.2918 -0.4081 -0.8650
vn -0.3719 -0.3298 -0.8677
vn -0.3974 -0.2954 -0.8688
vn -0.4491 -0.2126 -0.8678
vn -0.4888 -0.1371 -0.8615
vn -0.4830 -0.1088 -0.8688
vn -0.4914 -0.0697 -0.8681
vn -0.5002 -0.0357 -0.8652
vn -0.5018 0.0022 -0.8650
vn -0.4952 0.0412 -0.8678
vn -0.4926 0.1113 -0.8631
vn -0.4843 0.0933 -0.8699
vn -0.4768 0.1430 -0.8673
vn -0.4802 0.1575 -0.8629
vn -0.4644 0.1794 -0.8673
vn -0.4526 0.2122 -0.8661
vn -0.4406 0.2429 -0.8642
vn -0.4410 0.2449 -0.8634
vn -0.4171 0.2718 -0.8673
vn -0.4161 0.2853 -0.8634
vn -0.3946 0.3019 -0.8678
vn -0.3879 0.3273 -0.8616
vn -0.3683 0.3351 -0.8672
vn -0.3483 0.3642 -0.8638
vn -0.2525 0.4289 -0.8673
vn -0.2307 0.4485 -0.8635
vn -0.1033 0.4820 -0.8701
vn -0.0580 0.4924 -0.8684
vn -0.0169 0.4974 -0.8674
vn 0.0214 0.4994 -0.8661
vn 0.0110 0.5054 -0.8628
vn 0.0580 0.5017 -0.8631
vn 0.0551 0.4998 -0.8644
vn 0.0918 0.4899 -0.8669
vn 0.1290 0.4796 -0.8680
vn 0.2302 0.4414 -0.8673
vn 0.2939 0.4123 -0.8624
vn 0.3211 0.3846 -0.8654
vn 0.3726 0.3272 -0.8684
vn 0.3971 0.2955 -0.8689
vn 0.4227 0.2562 -0.8693
vn 0.4474 0.2175 -0.8675
vn 0.4693 0.1803 -0.8644
vn 0.4784 0.1440 -0.8662
vn 0.4867 0.1052 -0.8672
vn 0.4932 0.0712 -0.8670
vn 0.4985 0.0316 -0.8663
vn 0.5030 -0.0108 -0.8642
vn 0.4956 -0.0586 -0.8666
vn 0.4871 -0.1023 -0.8673
vn 0.4775 -0.1440 -0.8668
vn 0.4657 -0.1781 -0.8669
vn 0.4629 -0.2128 -0.8605
vn 0.4395 -0.2425 -0.8649
vn 0.4166 -0.2725 -0.8673
vn 0.3892 -0.3082 -0.8681
vn 0.3851 -0.3275 -0.8628
vn 0.3512 -0.3455 -0.8702
vn 0.3180 -0.3817 -0.8679
vn 0.2846 -0.4079 -0.8675
vn 0.2261 -0.4476 -0.8652
vn 0.1928 -0.4624 -0.8655
vn 0.1558 -0.4718 -0.8678
vn 0.1230 -0.4842 -0.8663
vn 0.0893 -0.4957 -0.8639
vn 0.0494 -0.4975 -0.8661
vn 0.0124 -0.4974 -0.8674
vn -0.0110 -0.5054 -0.8628
vn -0.0948 -0.4904 -0.8663
vn -0.1241 -0.4794 -0.8688
vn -0.1524 -0.4855 -0.8609
vn -0.1618 -0.4719 -0.8667
vn -0.1938 -0.4622 -0.8653
vn -0.2005 -0.4642 -0.8627
vn -0.2950 -0.4040 -0.8659
vn -0.3248 -0.3837 -0.8644
vn -0.3478 -0.3574 -0.8668
vn -0.3744 -0.3249 -0.8685
vn -0.4010 -0.2825 -0.8714
vn -0.4718 -0.1819 -0.8627
vn -0.4816 -0.1403 -0.8651
vn -0.4882 -0.1043 -0.8665
vn -0.4905 -0.0587 -0.8695
vn -0.4997 -0.0918 -0.8613
vn -0.4903 -0.0135 -0.8714
vn -0.5068 -0.0170 -0.8619
vn -0.4935 0.0311 -0.8692
vn -0.5023 0.0594 -0.8627
vn -0.4913 0.0766 -0.8676
vn -0.4884 0.1146 -0.8650
vn -0.4927 0.1102 -0.8632
vn -0.4792 0.1493 -0.8649
vn -0.4625 0.1833 -0.8674
vn -0.4634 0.2029 -0.8626
vn -0.4487 0.2158 -0.8672
vn -0.4340 0.2494 -0.8657
vn -0.4163 0.2804 -0.8649
vn -0.3919 0.3072 -0.8672
vn -0.4165 0.2851 -0.8633
vn -0.3644 0.3385 -0.8676
vn -0.3403 0.3669 -0.8658
vn -0.2827 0.4109 -0.8667
vn -0.2542 0.4292 -0.8667
vn -0.2316 0.4495 -0.8628
vn -0.1912 0.4637 -0.8651
vn -0.0820 0.4955 -0.8647
vn -0.0443 0.4995 -0.8652
vn -0.0075 0.4969 -0.8678
vn 0.0277 0.4979 -0.8668
vn 0.0641 0.5019 -0.8625
vn 0.0582 0.4977 -0.8654
vn 0.1316 0.4792 -0.8678
vn 0.1530 0.4826 -0.8624
vn 0.1826 0.4567 -0.8707
vn 0.2308 0.4396 -0.8680
vn 0.2493 0.4406 -0.8624
vn 0.2663 0.4210 -0.8671
vn 0.2988 0.3992 -0.8668
vn 0.2910 0.4151 -0.8620
vn 0.3262 0.3824 -0.8645
vn 0.3484 0.3568 -0.8668
vn 0.4042 0.2813 -0.8703
vn 0.4217 0.2751 -0.8640
vn 0.4339 0.2412 -0.8681
vn 0.4551 0.2008 -0.8675
vn 0.4512 0.2309 -0.8620
vn 0.4706 0.1699 -0.8658
vn 0.4840 0.1383 -0.8640
vn 0.4856 0.1372 -0.8633
vn 0.4863 0.1038 -0.8676
vn 0.4998 0.0914 -0.8613
vn 0.4926 0.0718 -0.8673
vn 0.4995 0.0434 -0.8652
vn 0.4964 -0.0406 -0.8671
vn 0.5040 -0.0595 -0.8616
vn 0.4864 -0.1182 -0.8657
vn 0.4788 -0.1513 -0.8648
vn 0.4409 -0.2498 -0.8621
vn 0.4159 -0.2765 -0.8664
vn 0.3923 -0.3058 -0.8675
vn 0.3661 -0.3380 -0.8670
vn 0.3405 -0.3672 -0.8656
vn 0.3144 -0.3902 -0.8654
vn 0.2833 -0.4102 -0.8669
vn 0.2732 -0.4268 -0.8621
vn 0.2295 -0.4462 -0.8650
vn 0.1927 -0.4675 -0.8627
vn 0.0770 -0.4941 -0.8660
vn 0.0424 -0.4996 -0.8652
vn -0.0399 -0.4930 -0.8691
vn -0.0822 -0.4861 -0.8700
vn -0.1271 -0.4793 -0.8684
vn -0.1667 -0.4699 -0.8668
vn -0.2052 -0.4620 -0.8628
vn -0.2376 -0.4392 -0.8664
vn -0.2729 -0.4164 -0.8672
vn -0.3042 -0.3907 -0.8688
vn -0.3685 -0.3304 -0.8690
vn -0.3975 -0.2987 -0.8676
vn -0.4250 -0.2718 -0.8634
vn -0.4412 -0.2343 -0.8663
vn -0.4516 -0.2281 -0.8626
vn -0.4220 -0.2725 -0.8646
vn -0.4568 -0.1977 -0.8673
vn -0.4702 -0.1634 -0.8673
vn -0.4846 -0.1344 -0.8643
vn -0.5065 0.0066 -0.8622
vn -0.4964 0.0551 -0.8663
vn -0.4985 0.0584 -0.8649
vn -0.4859 0.1004 -0.8682
vn -0.4899 0.1085 -0.8650
vn -0.4758 0.1444 -0.8676
vn -0.4802 0.1566 -0.8631
vn -0.4448 0.2218 -0.8678
vn -0.4224 0.2580 -0.8689
vn -0.3976 0.2935 -0.8693
vn -0.3709 0.3304 -0.8679
vn -0.3445 0.3649 -0.8650
vn -0.2525 0.4297 -0.8669
vn -0.2225 0.4489 -0.8654
vn -0.0839 0.4991 -0.8625
vn -0.0434 0.5001 -0.8649
vn 0.0274 0.4978 -0.8668
vn 0.0654 0.4958 -0.8660
vn 0.0575 0.5022 -0.8629
vn 0.0993 0.4915 -0.8652
vn 0.1343 0.4791 -0.8674
vn 0.1046 0.4941 -0.8631
vn 0.1697 0.4684 -0.8671
vn 0.2073 0.4611 -0.8628
vn 0.2392 0.4390 -0.8660
vn 0.2728 0.4178 -0.8666
vn 0.2904 0.4149 -0.8623
vn 0.3281 0.3840 -0.8631
vn 0.3584 0.3521 -0.8646
vn 0.4443 0.2556 -0.8586
vn 0.4502 0.2048 -0.8692
vn 0.4827 0.1727 -0.8586
vn 0.4860 0.1363 -0.8633
vn 0.4844 0.1329 -0.8647
vn 0.4981 0.0251 -0.8668
vn 0.5019 -0.0118 -0.8648
vn 0.4979 -0.0494 -0.8658
vn 0.4844 -0.1233 -0.8661
vn 0.4797 -0.1592 -0.8629
vn 0.4631 -0.1889 -0.8659
vn 0.4651 -0.2029 -0.8617
vn 0.4455 -0.2244 -0.8667
vn 0.4301 -0.2527 -0.8667
vn 0.4427 -0.2447 -0.8626
vn 0.3639 -0.3405 -0.8670
vn 0.2989 -0.3972 -0.8677
vn 0.2700 -0.4224 -0.8653
vn 0.2272 -0.4459 -0.8658
vn 0.0651 -0.4911 -0.8686
vn 0.0190 -0.4941 -0.8692
vn -0.0244 -0.4962 -0.8679
vn -0.0709 -0.4917 -0.8679
vn -0.1167 -0.4798 -0.8696
vn -0.1614 -0.4695 -0.8680
vn -0.2113 -0.4487 -0.8683
vn -0.2475 -0.4376 -0.8644
vn -0.2901 -0.4056 -0.8668
vn -0.3254 -0.3819 -0.8650
vn -0.3984 -0.2969 -0.8678
vn -0.4472 -0.2284 -0.8648
vn -0.4708 -0.1560 -0.8683
vn -0.4849 -0.1351 -0.8641
vn -0.4826 -0.1232 -0.8671
vn -0.4958 -0.0908 -0.8637
vn -0.4978 -0.0239 -0.8670
vn -0.4986 0.0167 -0.8667
vn -0.4979 0.0523 -0.8657
vn -0.4887 0.0920 -0.8676
vn -0.5030 0.0606 -0.8622
vn -0.4831 0.1262 -0.8664
vn -0.4815 0.1574 -0.8622
vn -0.4618 0.1941 -0.8655
vn -0.4401 0.2312 -0.8677
vn -0.4147 0.2848 -0.8643
vn -0.3886 0.3073 -0.8687
vn -0.3124 0.3965 -0.8633
vn -0.2743 0.4280 -0.8612
vn -0.2283 0.4442 -0.8664
vn -0.1851 0.4622 -0.8672
vn -0.1135 0.4827 -0.8684
vn -0.0899 0.5012 -0.8607
vn -0.0352 0.5013 -0.8645
vn 0.0309 0.4970 -0.8672
vn 0.0581 0.5026 -0.8626
vn 0.0698 0.4941 -0.8666
vn 0.1049 0.4915 -0.8646
vn 0.1895 0.4562 -0.8694
vn 0.2424 0.4342 -0.8676
vn 0.2855 0.4087 -0.8669
vn 0.3212 0.3808 -0.8671
vn 0.3529 0.3523 -0.8668
vn 0.4257 0.2644 -0.8654
vn 0.4260 0.2729 -0.8626
vn 0.4719 0.1652 -0.8660
vn 0.4880 0.0842 -0.8688
vn 0.4944 0.0597 -0.8672
vn 0.4983 0.0243 -0.8666
vn 0.5050 -0.0148 -0.8630
vn 0.5025 -0.0647 -0.8621
vn 0.4966 -0.0542 -0.8663
vn 0.4779 -0.1366 -0.8677
vn 0.4586 -0.1781 -0.8706
vn 0.4241 -0.2617 -0.8670
vn 0.4109 -0.2982 -0.8615
vn 0.3813 -0.3305 -0.8634
vn 0.2727 -0.4190 -0.8661
vn 0.2680 -0.4287 -0.8628
vn 0.1812 -0.4696 -0.8641
vn 0.1439 -0.4778 -0.8666
vn 0.1013 -0.4867 -0.8677
vn 0.0727 -0.5047 -0.8602
vn -0.0050 -0.4997 -0.8662
vn -0.0368 -0.4978 -0.8665
vn -0.0720 -0.5035 -0.8610
vn -0.0621 -0.4955 -0.8664
vn -0.1064 -0.4895 -0.8655
vn -0.1493 -0.4749 -0.8673
vn -0.1576 -0.4775 -0.8644
vn -0.3050 -0.3945 -0.8668
vn -0.3333 -0.3788 -0.8634
vn -0.3554 -0.3495 -0.8669
vn -0.4287 -0.2615 -0.8648
vn -0.4447 -0.2284 -0.8661
vn -0.4711 -0.1551 -0.8683
vn -0.4856 -0.1229 -0.8655
vn -0.4929 -0.0894 -0.8655
vn -0.4945 -0.0550 -0.8675
vn -0.4990 -0.0230 -0.8663
vn -0.5040 0.0123 -0.8636
vn -0.5037 0.0120 -0.8638
vn -0.3380 0.3748 -0.8633
vn -0.3028 0.3969 -0.8665
vn -0.2715 0.4193 -0.8663
vn -0.2616 0.4344 -0.8619
vn -0.2357 0.4374 -0.8678
vn -0.2182 0.4552 -0.8632
vn -0.1902 0.4535 -0.8707
vn -0.1058 0.4874 -0.8667
vn -0.0672 0.4974 -0.8649
vn 0.0410 0.4971 -0.8667
vn 0.0784 0.4953 -0.8652
vn 0.1188 0.4936 -0.8615
vn 0.1096 0.4890 -0.8654
vn 0.4949 0.1097 -0.8620
vn 0.4812 0.1539 -0.8630
vn 0.2366 0.4525 -0.8598
vn 0.1920 0.4709 -0.8610
vn 0.1649 0.4641 -0.8703
vn 0.1103 0.4815 -0.8695
vn 0.0784 0.4963 -0.8646
vn 0.0383 0.5361 -0.8433
vn -0.0254 0.5180 -0.8550
vn 0.0028 0.5048 -0.8632
vn -0.0306 0.5005 -0.8652
vn -0.0384 0.4936 -0.8688
vn -0.1059 0.4878 -0.8665
vn -0.1482 0.4811 -0.8640
vn -0.1982 0.4694 -0.8604
vn -0.1591 0.4693 -0.8686
vn -0.2729 0.4223 -0.8644
vn -0.3956 0.3174 -0.8618
vn -0.5012 -0.0228 -0.8650
vn -0.4968 -0.0910 -0.8631
vn -0.4839 -0.1196 -0.8669
vn -0.2857 -0.4046 -0.8687
vn -0.2376 -0.4394 -0.8663
vn -0.1831 -0.4615 -0.8680
vn -0.1978 -0.4655 -0.8627
vn -0.1515 -0.4836 -0.8621
vn -0.1240 -0.4785 -0.8693
vn -0.1069 -0.4925 -0.8637
vn -0.0683 -0.4914 -0.8683
vn -0.0735 -0.4945 -0.8660
vn -0.0382 -0.5024 -0.8638
vn -0.0074 -0.4944 -0.8692
vn 0.1021 -0.4888 -0.8664
vn 0.1449 -0.4823 -0.8639
vn 0.1714 -0.4600 -0.8712
vn 0.2128 -0.4509 -0.8668
vn 0.2740 -0.4209 -0.8648
vn 0.4237 -0.2616 -0.8672
vn 0.4763 -0.1844 -0.8597
vn 0.4927 -0.0949 -0.8650
vn 0.5038 -0.0150 -0.8637
vn 0.5002 0.0243 -0.8656
vn 0.4992 0.0609 -0.8643
vn 0.3554 0.3552 -0.8646
vn 0.2467 0.4444 -0.8612
vn 0.2040 0.4530 -0.8679
vn 0.1461 0.4819 -0.8640
vn 0.0699 0.4985 -0.8641
vn -0.0998 0.5008 -0.8598
vn -0.1958 0.4681 -0.8617
vn -0.2937 0.3918 -0.8719
vn -0.3396 0.3726 -0.8636
vn -0.3955 0.3115 -0.8641
vn -0.4278 0.2747 -0.8611
vn -0.4750 0.1623 -0.8649
vn -0.4956 0.0938 -0.8635
vn -0.5032 0.0167 -0.8640
vn -0.5019 -0.0237 -0.8646
vn -0.4967 -0.0556 -0.8662
vn -0.4957 -0.0908 -0.8637
vn -0.4907 -0.0616 -0.8691
vn -0.4807 -0.1221 -0.8683
vn -0.4798 -0.1584 -0.8630
vn -0.4657 -0.1710 -0.8682
vn -0.4429 -0.2246 -0.8680
vn -0.4322 -0.2282 -0.8724
vn -0.4070 -0.2858 -0.8676
vn -0.4276 -0.2664 -0.8638
vn -0.4041 -0.3007 -0.8639
vn -0.3210 -0.3753 -0.8695
vn -0.2927 -0.4094 -0.8642
vn -0.2149 -0.4597 -0.8617
vn -0.1642 -0.4784 -0.8627
vn -0.1280 -0.4836 -0.8659
vn -0.0725 -0.4924 -0.8673
vn -0.0237 -0.5033 -0.8638
vn -0.0135 -0.4971 -0.8676
vn 0.0661 -0.5020 -0.8623
vn 0.1079 -0.4858 -0.8674
vn 0.1060 -0.4886 -0.8660
vn 0.2298 -0.4511 -0.8624
vn 0.2699 -0.4305 -0.8613
vn 0.3061 -0.4056 -0.8612
vn 0.3358 -0.3764 -0.8635
vn 0.3654 -0.3420 -0.8658
vn 0.4156 -0.2855 -0.8636
vn 0.4297 -0.2523 -0.8670
vn 0.4652 -0.1898 -0.8646
vn 0.4881 -0.1242 -0.8639
vn 0.4927 -0.0853 -0.8660
vn 0.5016 -0.0118 -0.8650
vn 0.4983 0.0251 -0.8666
vn 0.4942 0.0989 -0.8637
vn 0.4820 0.1248 -0.8672
vn 0.4607 0.2008 -0.8645
vn 0.3571 0.3492 -0.8663
vn 0.3328 0.3779 -0.8640
vn 0.3183 0.3811 -0.8680
vn 0.3054 0.4015 -0.8634
vn 0.2731 0.4182 -0.8663
vn 0.2071 0.4604 -0.8632
vn 0.1681 0.4659 -0.8687
vn 0.1142 0.4830 -0.8681
vn 0.0689 0.4936 -0.8670
vn 0.0180 0.4973 -0.8674
vn -0.0416 0.4927 -0.8692
vn -0.0824 0.4958 -0.8645
vn -0.0955 0.4843 -0.8697
vn -0.1536 0.4735 -0.8673
vn -0.1895 0.4672 -0.8636
vn -0.2226 0.4492 -0.8653
vn -0.3092 0.3879 -0.8683
vn -0.3455 0.3662 -0.8640
vn -0.3504 0.3507 -0.8685
vn -0.4072 0.3001 -0.8626
vn -0.4284 0.2609 -0.8651
vn -0.4514 0.2243 -0.8637
vn -0.4503 0.2052 -0.8690
vn -0.4742 0.1442 -0.8685
vn -0.5030 0.0546 -0.8626
vn -0.4738 -0.1660 -0.8648
vn -0.4416 -0.2345 -0.8660
vn -0.4033 -0.3030 -0.8635
vn -0.3739 -0.3356 -0.8646
vn -0.2930 -0.4015 -0.8677
vn -0.3110 -0.3995 -0.8623
vn -0.2385 -0.4411 -0.8652
vn -0.2045 -0.4578 -0.8652
vn -0.0826 -0.4986 -0.8629
vn -0.0723 -0.4924 -0.8673
vn -0.0136 -0.4953 -0.8686
vn -0.0399 -0.5062 -0.8615
vn 0.0055 -0.5043 -0.8635
vn 0.0418 -0.4974 -0.8665
vn 0.1205 -0.4864 -0.8654
vn 0.1563 -0.4759 -0.8655
vn 0.3422 -0.3693 -0.8640
vn 0.3640 -0.3366 -0.8685
vn 0.3975 -0.3086 -0.8641
vn 0.4192 -0.2792 -0.8639
vn 0.4340 -0.2484 -0.8660
vn 0.4533 -0.2187 -0.8641
vn 0.4655 -0.1867 -0.8651
vn 0.4573 -0.1934 -0.8680
vn 0.4779 -0.1513 -0.8653
vn 0.4753 -0.1419 -0.8683
vn 0.4934 -0.0792 -0.8662
vn 0.5053 0.0011 -0.8630
vn 0.4587 0.1906 -0.8679
vn 0.4326 0.2456 -0.8675
vn 0.4371 0.2436 -0.8658
vn 0.4165 0.2921 -0.8609
vn 0.3526 0.3596 -0.8639
vn 0.2682 0.4242 -0.8649
vn 0.2327 0.4455 -0.8645
vn 0.2225 0.4442 -0.8679
vn 0.0988 0.4826 -0.8702
vn -0.0452 0.5019 -0.8638
vn -0.1882 0.4589 -0.8683
vn -0.2239 0.4508 -0.8641
vn -0.2384 0.4333 -0.8691
vn -0.2842 0.4129 -0.8653
vn -0.3331 0.3678 -0.8682
vn -0.3700 0.3419 -0.8638
vn -0.4126 0.2792 -0.8670
vn -0.4370 0.2515 -0.8636
vn -0.4415 0.2251 -0.8686
vn -0.4669 0.1845 -0.8649
vn -0.4882 0.1145 -0.8652
vn -0.4880 -0.1042 -0.8666
vn -0.4840 -0.1415 -0.8636
vn -0.4708 -0.1742 -0.8649
vn -0.4347 -0.2419 -0.8675
vn -0.4180 -0.2675 -0.8682
vn -0.3798 -0.3308 -0.8639
vn -0.3458 -0.3557 -0.8683
vn -0.2959 -0.4052 -0.8650
vn -0.1009 -0.4792 -0.8719
vn -0.0574 -0.4981 -0.8652
vn -0.0230 -0.5007 -0.8653
vn -0.0137 -0.4950 -0.8688
vn 0.0123 -0.5045 -0.8633
vn 0.0494 -0.4971 -0.8663
vn 0.1229 -0.4869 -0.8648
vn 0.2256 -0.4464 -0.8659
vn 0.3656 -0.3560 -0.8600
vn 0.4226 -0.2752 -0.8635
vn 0.4361 -0.2406 -0.8671
vn 0.4580 -0.2127 -0.8631
vn 0.4685 -0.1801 -0.8649
vn 0.5061 -0.0104 -0.8624
vn 0.4949 0.0168 -0.8688
vn 0.4947 0.0716 -0.8661
vn 0.4931 0.1072 -0.8634
vn 0.4821 0.1455 -0.8640
vn 0.4683 0.1797 -0.8651
vn 0.4556 0.2220 -0.8620
vn 0.4340 0.2646 -0.8612
vn 0.4033 0.3003 -0.8644
vn 0.3772 0.3329 -0.8642
vn 0.3510 0.3632 -0.8631
vn 0.3251 0.3745 -0.8684
vn 0.2923 0.4072 -0.8653
vn 0.2662 0.4276 -0.8639
vn 0.2299 0.4406 -0.8678
vn 0.1065 0.4868 -0.8670
vn 0.1297 0.4880 -0.8632
vn 0.0923 0.4953 -0.8638
vn 0.0597 0.4952 -0.8667
vn 0.0559 0.4925 -0.8685
vn 0.0211 0.5032 -0.8639
vn -0.0166 0.5036 -0.8638
vn -0.0585 0.4941 -0.8674
vn -0.0534 0.4999 -0.8644
vn -0.1077 0.4934 -0.8631
vn -0.2222 0.4463 -0.8668
vn -0.2218 0.4472 -0.8665
vn -0.2890 0.4131 -0.8636
vn -0.3382 0.3570 -0.8708
vn -0.4192 0.2732 -0.8658
vn -0.4394 0.2445 -0.8644
vn -0.4657 0.1797 -0.8665
vn -0.4840 0.1440 -0.8631
vn -0.5012 0.0945 -0.8601
vn -0.5030 0.0433 -0.8632
vn -0.4564 -0.2161 -0.8631
vn -0.4350 -0.2635 -0.8610
vn -0.4111 -0.2777 -0.8683
vn -0.3748 -0.3322 -0.8655
vn -0.3226 -0.3882 -0.8632
vn -0.2905 -0.4064 -0.8663
vn -0.2158 -0.4612 -0.8606
vn -0.1875 -0.4594 -0.8682
vn -0.1277 -0.4800 -0.8679
vn -0.0713 -0.4903 -0.8686
vn -0.0844 -0.4964 -0.8640
vn -0.0357 -0.5092 -0.8599
vn -0.0145 -0.4968 -0.8678
vn 0.0217 -0.5069 -0.8617
vn 0.1192 -0.4905 -0.8632
vn 0.1598 -0.4718 -0.8671
vn 0.1588 -0.4735 -0.8664
vn 0.2337 -0.4467 -0.8636
vn 0.2568 -0.4258 -0.8676
vn 0.3388 -0.3767 -0.8621
vn 0.3666 -0.3397 -0.8661
vn 0.3688 -0.3393 -0.8653
vn 0.3999 -0.3063 -0.8638
vn 0.4435 -0.2385 -0.8640
vn 0.4587 -0.2064 -0.8643
vn 0.4768 -0.1442 -0.8671
vn 0.4938 -0.0893 -0.8650
vn 0.5025 -0.0421 -0.8635
vn 0.5008 0.0445 -0.8644
vn 0.4907 0.1123 -0.8641
vn 0.4723 0.1429 -0.8698
vn 0.4664 0.1878 -0.8644
vn 0.4497 0.2338 -0.8620
vn 0.3970 0.3069 -0.8650
vn 0.2889 0.4040 -0.8679
vn 0.2595 0.4273 -0.8661
vn 0.1954 0.4633 -0.8644
vn 0.0867 0.4955 -0.8643
vn -0.1356 0.4848 -0.8641
vn -0.1697 0.4733 -0.8644
vn -0.2003 0.4589 -0.8656
vn -0.2363 0.4457 -0.8634
vn -0.2538 0.4257 -0.8685
vn -0.2960 0.4062 -0.8645
vn -0.4805 0.1395 -0.8658
vn -0.4929 0.1053 -0.8637
vn -0.4975 0.0700 -0.8646
vn -0.4987 0.0304 -0.8662
vn -0.4988 -0.0989 -0.8610
vn -0.4796 -0.1297 -0.8678
vn -0.4659 -0.1773 -0.8669
vn -0.4552 -0.2146 -0.8642
vn -0.4379 -0.2496 -0.8637
vn -0.4112 -0.2768 -0.8685
vn -0.3431 -0.3696 -0.8635
vn 0.3229 0.3815 -0.8661
vn 0.2477 0.4380 -0.8642
vn 0.1973 0.4586 -0.8664
vn 0.1034 0.4904 -0.8653
vn 0.0583 0.4991 -0.8646
vn 0.0586 0.4996 -0.8642
vn 0.0109 0.5015 -0.8651
vn 0.0106 0.5005 -0.8657
vn -0.0853 0.4940 -0.8653
vn -0.1981 0.4605 -0.8653
vn -0.2564 0.4355 -0.8629
vn -0.2229 0.4430 -0.8684
vn -0.2846 0.4122 -0.8655
vn -0.3233 0.3872 -0.8634
vn -0.2884 0.4151 -0.8629
vn -0.3551 0.3570 -0.8640
vn -0.3924 0.3306 -0.8583
vn -0.4099 0.2957 -0.8629
vn -0.4142 0.2624 -0.8716
vn -0.4271 0.2677 -0.8637
vn -0.4632 0.2540 -0.8491
vn -0.1312 0.4809 -0.8669
vn -0.4392 -0.2264 -0.8694
vn -0.0760 -0.4825 -0.8726
vn -0.3961 0.3107 -0.8640
vn 0.3998 0.2967 -0.8672
vn 0.4327 -0.2389 -0.8693
vn -0.4797 0.1537 -0.8638
vn -0.2543 0.4322 -0.8652
vn -0.1557 0.4703 -0.8686
vn 0.3209 -0.3813 -0.8670
vn -0.0711 -0.4939 -0.8666
vn 0.1060 0.5110 -0.8530
vn 0.2690 0.4190 -0.8673
vn 0.0289 -0.5007 -0.8651
vn 0.1446 0.4761 -0.8674
vn -0.1526 -0.4798 -0.8640
vn -0.1886 0.4653 -0.8648
vn 0.4636 -0.1861 -0.8663
vn 0.4727 0.1844 -0.8617
vn 0.0110 0.5066 -0.8621
vn -0.3871 0.3276 -0.8619
vn -0.4816 0.1567 -0.8622
vn 0.1887 -0.4687 -0.8630
vn 0.4979 0.0900 -0.8625
vn 0.2630 0.4238 -0.8667
vn -0.5009 -0.0906 -0.8608
vn -0.4230 -0.2542 -0.8697
vn -0.2483 -0.4387 -0.8637
vn -0.0210 0.4985 -0.8667
vn -0.3487 0.3648 -0.8633
vn -0.4823 0.1576 -0.8617
vn -0.3943 -0.3123 -0.8643
vn -0.4568 0.2345 0.8581
vn -0.4228 0.2769 0.8629
vn -0.4072 0.2848 0.8678
vn -0.3509 0.3632 0.8631
vn -0.3186 0.3858 0.8658
vn -0.3206 0.3786 0.8683
vn -0.1841 0.4698 0.8634
vn 0.0128 0.5074 0.8616
vn 0.0746 0.5019 0.8617
vn 0.1380 0.4864 0.8627
vn 0.3980 0.3176 0.8607
vn 0.5101 0.0133 0.8600
vn 0.5061 -0.0518 0.8609
vn 0.2137 -0.4440 0.8702
vn 0.1762 -0.4651 0.8676
vn 0.1221 -0.4943 0.8607
vn 0.1099 -0.4844 0.8679
vn 0.0088 -0.4994 0.8663
vn 0.0100 -0.5005 0.8657
vn -0.0398 -0.5071 0.8609
vn -0.1054 -0.4966 0.8615
vn -0.3630 -0.3388 0.8680
vn -0.4311 0.2633 0.8630
vn -0.3926 0.3200 0.8622
vn -0.3109 0.4049 0.8599
vn -0.2554 0.4412 0.8603
vn -0.1921 0.4677 0.8628
vn -0.0448 0.5062 0.8612
vn 0.2468 0.4469 0.8598
vn 0.2996 0.4113 0.8609
vn 0.3901 0.3065 0.8683
vn 0.4327 0.2577 0.8639
vn 0.4916 -0.1389 0.8597
vn 0.4724 -0.1974 0.8590
vn 0.1417 -0.4871 0.8618
vn 0.0694 -0.4914 0.8682
vn 0.0057 -0.4960 0.8683
vn 0.0018 -0.4993 0.8664
vn -0.2803 -0.4198 0.8633
vn -0.4384 -0.2351 0.8675
vn -0.4532 -0.2271 0.8620
vn -0.4364 0.2599 0.8614
vn -0.3926 0.3148 0.8642
vn -0.3130 0.3933 0.8645
vn -0.1205 0.4956 0.8601
vn 0.0910 0.4892 0.8674
vn 0.2692 0.4172 0.8680
vn 0.3004 0.3943 0.8685
vn 0.3315 0.3894 0.8593
vn 0.3463 0.3554 0.8682
vn 0.5000 -0.0114 0.8659
vn 0.4850 -0.1543 0.8608
vn 0.1832 -0.4631 0.8672
vn 0.1255 -0.4844 0.8658
vn 0.0608 -0.5034 0.8619
vn 0.0042 -0.5050 0.8631
vn -0.0600 -0.5036 0.8618
vn -0.1308 -0.4915 0.8610
vn -0.2398 -0.4476 0.8615
vn -0.4026 -0.3053 0.8630
vn -0.4304 -0.2666 0.8623
vn -0.3992 0.3181 0.8599
vn -0.3409 0.3538 0.8710
vn -0.2797 0.4114 0.8675
vn 0.1376 0.4899 0.8608
vn 0.2417 0.4473 0.8611
vn 0.4895 0.1054 0.8656
vn 0.5019 -0.0963 0.8595
vn 0.4870 -0.1554 0.8594
vn 0.4622 -0.2221 0.8585
vn 0.4223 -0.2843 0.8607
vn 0.1462 -0.4862 0.8615
vn 0.0890 -0.5002 0.8614
vn 0.0696 -0.4925 0.8675
vn -0.0661 -0.5055 0.8603
vn -0.1327 -0.4919 0.8605
vn -0.1619 -0.4698 0.8678
vn -0.4617 0.1935 0.8657
vn -0.2311 0.4401 0.8677
vn 0.1671 0.4814 0.8604
vn 0.2197 0.4599 0.8604
vn 0.2658 0.4338 0.8609
vn 0.4786 0.1732 0.8608
vn 0.5076 0.0573 0.8597
vn 0.5103 -0.0078 0.8599
vn 0.4948 -0.1207 0.8606
vn 0.3283 -0.3774 0.8659
vn 0.2263 -0.4564 0.8605
vn 0.1644 -0.4815 0.8609
vn 0.0074 -0.4956 0.8685
vn 0.0124 -0.5007 0.8655
vn -0.1067 -0.4842 0.8684
vn -0.1969 -0.4696 0.8607
vn -0.4933 0.0581 0.8679
vn -0.4800 0.1616 0.8623
vn -0.4566 0.2174 0.8627
vn -0.2324 0.4395 0.8676
vn -0.2147 0.4652 0.8588
vn -0.1467 0.4898 0.8594
vn -0.0641 0.4948 0.8666
vn -0.0844 0.5029 0.8602
vn -0.0351 0.5079 0.8607
vn -0.0121 0.4972 0.8675
vn 0.1987 0.4571 0.8669
vn 0.2963 0.4018 0.8665
vn 0.3385 0.3742 0.8633
vn 0.3908 0.3265 0.8606
vn 0.4259 0.2784 0.8609
vn 0.4366 0.2381 0.8676
vn -0.4921 -0.0620 0.8683
vn -0.4847 -0.1108 0.8676
vn -0.3865 -0.3246 0.8633
vn 0.0811 -0.4898 0.8681
vn 0.4805 -0.1084 0.8703
vn 0.4731 0.1475 0.8686
vn 0.4132 0.2715 0.8692
vn 0.3793 0.3183 0.8688
vn 0.3395 0.3744 0.8629
vn 0.2093 0.4473 0.8695
vn 0.1696 0.4647 0.8691
vn -0.0353 0.4923 0.8697
vn -0.0828 0.4854 0.8704
vn -0.1049 0.4935 0.8634
vn -0.1434 0.4720 0.8699
vn -0.1520 0.4764 0.8660
vn -0.2078 0.4457 0.8708
vn -0.3700 0.3242 0.8706
vn -0.4314 0.2642 0.8626
vn -0.4477 0.2266 0.8650
vn -0.4716 0.1810 0.8630
vn -0.4678 0.1565 0.8699
vn -0.4855 0.1361 0.8636
vn -0.4986 -0.0596 0.8648
vn -0.4856 -0.0982 0.8686
vn -0.4512 -0.2308 0.8621
vn 0.1524 -0.4789 0.8646
vn 0.2200 -0.4391 0.8711
vn 0.3191 -0.3796 0.8684
vn 0.4889 -0.0646 0.8699
vn 0.4927 -0.0056 0.8702
vn 0.3629 0.3324 0.8705
vn 0.1041 0.4811 0.8705
vn -0.0113 0.5013 0.8652
vn -0.0581 0.4936 0.8678
vn -0.1095 0.4832 0.8686
vn -0.4445 0.2188 0.8687
vn -0.4835 0.1341 0.8650
vn -0.4845 -0.1005 0.8690
vn -0.3794 -0.3248 0.8663
vn -0.2621 -0.4223 0.8677
vn -0.1280 -0.4781 0.8689
vn -0.0618 -0.4889 0.8702
vn 0.0871 -0.4856 0.8698
vn 0.1449 -0.4747 0.8681
vn 0.4092 -0.2732 0.8706
vn 0.4438 -0.2108 0.8710
vn 0.4689 -0.1479 0.8708
vn 0.4854 0.1049 0.8680
vn 0.2753 0.4181 0.8657
vn 0.1901 0.4569 0.8689
vn 0.1361 0.4765 0.8686
vn 0.1339 0.4806 0.8667
vn -0.0583 0.5002 0.8639
vn -0.3876 0.3086 0.8687
vn -0.4973 0.0904 0.8628
vn -0.3928 -0.2983 0.8699
vn -0.3091 -0.3972 0.8641
vn -0.2825 -0.4037 0.8702
vn -0.2725 -0.4264 0.8625
vn -0.1839 -0.4654 0.8658
vn -0.1255 -0.4764 0.8702
vn -0.0860 -0.4982 0.8628
vn -0.0567 -0.4871 0.8715
vn -0.0368 -0.5019 0.8642
vn 0.1189 -0.4779 0.8703
vn 0.1740 -0.4606 0.8704
vn 0.4222 -0.2520 0.8708
vn 0.4512 -0.2292 0.8625
vn 0.4936 -0.0105 0.8696
vn 0.4901 0.0810 0.8679
vn 0.4375 0.2444 0.8653
vn 0.3627 0.3317 0.8709
vn 0.3165 0.3751 0.8713
vn 0.1867 0.4665 0.8646
vn 0.2198 0.4439 0.8687
vn 0.1493 0.4720 0.8688
vn 0.1053 0.4816 0.8701
vn -0.0595 0.5037 0.8618
vn -0.1176 0.4778 0.8706
vn -0.3440 0.3532 0.8700
vn -0.3867 0.3090 0.8689
vn -0.4234 0.2725 0.8640
vn -0.4219 0.2498 0.8715
vn -0.4680 0.1800 0.8652
vn -0.4561 0.1866 0.8701
vn -0.4885 0.0770 0.8692
vn -0.4403 -0.2220 0.8700
vn -0.3957 -0.3205 0.8607
vn -0.2748 -0.4128 0.8684
vn -0.1607 -0.4683 0.8688
vn -0.1244 -0.4819 0.8673
vn 0.0017 -0.4958 0.8684
vn 0.3673 -0.3287 0.8701
vn 0.4283 -0.2408 0.8710
vn 0.4547 -0.1882 0.8705
vn 0.4895 -0.0840 0.8679
vn 0.4728 0.1558 0.8673
vn 0.3958 0.2951 0.8696
vn 0.4230 0.2529 0.8701
vn 0.3098 0.3967 0.8641
vn 0.2370 0.4321 0.8701
vn -0.0112 0.5034 0.8640
vn -0.0456 0.4927 0.8690
vn -0.1886 0.4560 0.8697
vn -0.2460 0.4341 0.8666
vn -0.3439 0.3537 0.8698
vn -0.3843 0.3120 0.8689
vn -0.4106 0.2633 0.8730
vn -0.4890 0.0833 0.8683
vn -0.5026 0.0417 0.8635
vn -0.4928 -0.0278 0.8697
vn -0.4937 -0.1108 0.8625
vn -0.4829 -0.0880 0.8713
vn -0.3822 -0.3147 0.8689
vn -0.2707 -0.4239 0.8643
vn -0.1865 -0.4655 0.8652
vn -0.1009 -0.4814 0.8707
vn -0.0378 -0.4957 0.8676
vn 0.1099 -0.4837 0.8683
vn 0.1048 -0.4896 0.8656
vn 0.1613 -0.4664 0.8697
vn 0.2016 -0.4613 0.8640
vn 0.3882 -0.3096 0.8680
vn 0.4929 -0.0494 0.8687
vn 0.5006 0.0070 0.8656
vn 0.3843 0.3094 0.8698
vn 0.3132 0.3822 0.8694
vn 0.2719 0.4126 0.8694
vn 0.0713 0.4877 0.8701
vn -0.0586 0.5012 0.8633
vn -0.1803 0.4596 0.8696
vn -0.3435 0.3700 0.8632
vn -0.3475 0.3584 0.8665
vn -0.3901 0.3085 0.8676
vn -0.4172 0.2712 0.8674
vn -0.4044 0.3041 0.8626
vn -0.4368 0.2238 0.8713
vn -0.4547 0.2121 0.8650
vn -0.4781 0.1322 0.8683
vn -0.4091 -0.2843 0.8670
vn 0.4942 -0.0889 0.8648
vn -0.4633 -0.2010 0.8631
vn -0.4518 0.2282 0.8624
vn -0.3902 0.3088 0.8674
vn 0.0890 0.4970 0.8632
vn 0.1400 0.4857 0.8629
vn -0.1371 -0.4815 0.8656
vn 0.0871 0.4937 0.8652
vn 0.4962 -0.0402 0.8673
vn -0.3755 0.3178 0.8706
vn 0.2951 0.3999 0.8677
vn -0.1904 -0.4572 0.8687
vn 0.4650 0.1945 0.8637
vn -0.1650 -0.4673 0.8686
vn -0.2656 -0.4262 0.8648
vn -0.0472 -0.4977 0.8661
vn 0.2248 -0.4528 0.8628
vn 0.2772 0.4279 0.8603
vn 0.0447 -0.5060 0.8614
vn 0.0670 -0.4950 0.8663
vn 0.3610 -0.3543 0.8627
vn 0.3429 -0.6161 -0.7091
vn 0.5977 -0.3577 -0.7175
vn 0.6373 -0.3354 -0.6938
vn 0.6641 -0.2545 -0.7030
vn 0.6828 -0.2086 -0.7002
vn 0.7006 -0.1291 -0.7018
vn 0.7078 -0.0692 -0.7030
vn 0.7044 -0.0039 -0.7098
vn 0.6986 0.0703 -0.7121
vn 0.6846 0.1209 -0.7189
vn 0.6854 0.1993 -0.7003
vn 0.6645 0.2171 -0.7150
vn 0.6609 0.2731 -0.6991
vn 0.0418 0.7025 -0.7105
vn 0.3287 0.6247 -0.7083
vn 0.3942 0.5856 -0.7082
vn 0.6605 0.2598 -0.7044
vn 0.7006 -0.0301 -0.7129
vn -0.2995 -0.6407 -0.7070
vn -0.9993 0.0354 -0.0127
vn -0.9991 0.0435 -0.0000
vn -0.9992 -0.0392 -0.0088
vn -0.9719 -0.2353 0.0056
vn 0.5919 -0.8060 0.0062
vn 0.7385 -0.6742 0.0056
vn 0.0488 0.9988 -0.0000
vn 0.8031 0.5959 0.0030
vn 0.9704 0.2415 0.0049
vn 0.9893 0.1457 0.0065
vn 0.9989 0.0466 0.0058
vn 0.9986 -0.0520 0.0059
vn 0.6685 -0.7437 0.0042
vn 0.0433 -0.9990 0.0060
vn 0.1354 -0.9908 -0.0048
vn -0.0593 -0.9982 -0.0042
vn -0.1510 -0.9885 0.0066
vn -0.2534 -0.9673 -0.0058
vn -0.8107 -0.5854 -0.0082
vn -0.9990 -0.0456 0.0027
vn -0.9015 -0.4325 0.0171
vn -0.8374 -0.5466 -0.0000
vn -0.5367 -0.8437 0.0145
vn -0.4715 -0.8819 -0.0025
vn 0.0397 -0.9991 -0.0113
vn 0.0398 -0.9991 -0.0133
vn 0.3285 -0.9444 -0.0128
vn 0.5775 -0.8143 0.0588
vn 0.6730 -0.7386 -0.0403
vn 0.7396 -0.6728 -0.0159
vn 0.8938 -0.4483 0.0109
vn 0.9644 -0.2639 0.0145
vn 0.9960 0.0882 0.0156
vn 0.5344 0.8452 0.0040
vn 0.4482 0.8939 0.0045
vn 0.1743 0.9847 0.0013
vn 0.9767 -0.2137 0.0174
vn -0.0290 -0.9996 -0.0042
vn -0.4087 -0.9126 -0.0114
vn -0.6074 -0.7943 0.0111
vn -0.4890 0.8723 -0.0023
vn -0.1955 0.0645 0.9786
vn -0.1396 -0.0239 0.9899
vn -0.1611 -0.4787 0.8631
vn -0.2916 -0.4080 0.8652
vn 0.2862 -0.4152 0.8636
vn 0.2336 -0.4473 0.8634
vn 0.8660 -0.5001 0.0003
vn 0.8659 -0.5003 -0.0000
vn 0.8659 -0.5002 -0.0000
vn 0.8661 -0.4999 -0.0002
vn 0.8661 -0.4999 -0.0000
vn 0.8661 -0.5000 0.0001
vn 0.1317 0.1329 -0.9823
vn -0.8660 0.5000 -0.0000
vn 0.8660 -0.5000 0.0002
vn -0.8660 0.5000 0.0001
vn -0.8661 0.4999 -0.0002
vn -0.8660 0.5000 0.0003
vn -0.8661 0.4999 0.0002
vn -0.8659 0.5002 0.0001
vn -0.8662 0.4998 0.0003
vn -0.8665 0.4992 0.0004
vn -0.8662 0.4996 0.0005
vn -0.8660 -0.5001 -0.0003
vn -0.8661 -0.4998 0.0002
vn -0.8660 -0.5000 -0.0001
vn -0.8659 -0.5002 0.0002
vn -0.8660 -0.5001 -0.0001
vn -0.8661 -0.4998 -0.0002
vn -0.8661 -0.4999 -0.0001
vn -0.8660 -0.5001 -0.0002
vn -0.8659 -0.5002 -0.0000
vn -0.8657 0.5006 0.0003
vn -0.8658 0.5005 -0.0003
vn -0.8659 -0.5002 -0.0002
vn -0.8661 -0.4999 0.0003
vn -0.8660 -0.5001 -0.0000
vn -0.8658 0.5003 -0.0001
vn -0.8660 -0.5000 0.0001
vn -0.8660 -0.5001 0.0001
vn -0.8661 -0.4999 -0.0002
vn -0.8658 0.5004 0.0005
vn -0.8660 0.5001 -0.0002
vn -0.8661 0.4999 -0.0000
vn -0.8660 0.5001 0.0003
vn -0.8661 -0.4999 -0.0003
vn -0.8657 0.5005 0.0005
vn -0.8663 0.4996 0.0002
vn -0.8659 0.5002 -0.0003
vn -0.8662 -0.4997 -0.0002
vn -0.8662 0.4997 -0.0000
vn -0.8660 0.5000 -0.0003
vn -0.8661 0.4999 0.0004
vn -0.8661 0.4998 -0.0002
vn 0.0292 0.0414 -0.9987
vn -0.1104 0.2249 -0.9681
vn -0.1130 -0.1861 -0.9760
vn -0.0124 0.0354 -0.9993
vn -0.1908 0.0345 -0.9810
vn 0.0455 0.0232 -0.9987
vn 0.0418 -0.0171 -0.9990
vn 0.1013 -0.1292 -0.9864
vn -0.0373 0.0030 -0.9993
vn 0.1643 0.0174 -0.9863
vn 0.5050 -0.0330 -0.8625
vn 0.1731 0.4668 -0.8672
vn -0.2352 -0.4498 -0.8616
vn 0.0833 0.0537 -0.9951
vn 0.5052 0.0412 -0.8620
vn 0.0731 0.0196 -0.9971
vn 0.0767 -0.0614 -0.9952
vn 0.0713 0.1618 -0.9843
vn 0.4815 0.1013 -0.8706
vn 0.1970 -0.0041 -0.9804
vn -0.1306 0.1560 -0.9791
vn 0.4908 0.0158 -0.8711
vn 0.8660 0.5001 -0.0001
vn -0.8662 0.4997 -0.0003
vn -0.8660 0.5000 0.0002
vn -0.8661 0.4999 0.0003
vn -0.8661 -0.4999 0.0002
vn -0.8659 0.5001 0.0002
vn -0.8661 0.4999 0.0001
vn -0.8660 -0.5000 0.0002
vn -0.8659 0.5002 -0.0002
vn -0.8660 0.5001 0.0001
vn -0.8658 -0.5004 -0.0001
vn 0.8662 0.4997 -0.0001
vn 0.8660 0.5000 0.0001
vn 0.8661 0.4999 -0.0001
vn 0.8662 0.4997 0.0003
vn -0.8662 0.4998 -0.0001
vn -0.8661 0.5000 -0.0004
vn -0.8661 0.4998 -0.0000
vn -0.8662 0.4998 0.0001
vn -0.8659 0.5002 -0.0000
vn -0.8658 0.5003 -0.0000
vn -0.8660 -0.5000 -0.0002
vn 0.8660 -0.5000 -0.0000
vn 0.8661 -0.4998 0.0005
vn 0.8659 -0.5001 -0.0003
vn 0.8660 -0.5001 -0.0002
vn 0.8661 -0.4998 0.0001
vn 0.4800 -0.0770 -0.8739
s 0
f 1647//1 1408//1 1716//1
f 3648//2 3718//2 3716//2
f 3412//3 3381//3 3319//3
f 2482//4 2469//4 2404//4
f 2403//5 2400//5 2351//5
f 3020//6 3050//6 3206//6
f 2484//7 2587//7 2482//7
f 2400//8 2403//8 2471//8
f 2350//9 2351//9 2273//9
f 3393//10 3206//10 3050//10
f 2550//11 2582//11 2656//11
f 1753//12 1642//12 1690//12
f 3028//13 3305//13 3050//13
f 2762//14 2658//14 2758//14
f 818//15 729//15 817//15
f 2870//16 2892//16 2984//16
f 1716//17 1860//17 1647//17
f 2998//18 2984//18 2892//18
f 2350//19 2273//19 2349//19
f 2269//20 2467//20 2302//20
f 3217//21 3193//21 3110//21
f 2550//22 2469//22 2482//22
f 3301//23 3299//23 3381//23
f 3390//24 3395//24 3319//24
f 3193//25 3256//25 3253//25
f 144//26 392//26 132//26
f 1658//27 1766//27 1764//27
f 2102//28 2269//28 2302//28
f 1065//13 1203//13 836//13
f 1408//29 1164//29 1427//29
f 2345//30 2417//30 2406//30
f 2874//31 2792//31 2732//31
f 3448//32 3449//32 3539//32
f 2512//33 2383//33 2376//33
f 2349//34 2345//34 2406//34
f 3656//35 3660//35 3728//35
f 1192//36 1190//36 1106//36
f 2541//37 2743//37 2598//37
f 2467//38 2541//38 2598//38
f 183//39 330//39 273//39
f 2672//40 2673//40 2619//40
f 1427//41 1716//41 1408//41
f 655//42 656//42 590//42
f 588//43 553//43 457//43
f 2467//44 2365//44 2541//44
f 2157//45 2222//45 2204//45
f 330//46 183//46 319//46
f 798//13 1065//13 836//13
f 3046//13 3029//13 2880//13
f 535//47 732//47 642//47
f 260//48 441//48 376//48
f 441//49 543//49 376//49
f 643//50 716//50 817//50
f 3351//51 3342//51 3522//51
f 3523//52 3522//52 3485//52
f 2717//13 2855//13 2840//13
f 605//53 689//53 606//53
f 2754//13 2675//13 2880//13
f 3573//13 3568//13 3481//13
f 949//54 1063//54 933//54
f 679//55 857//55 732//55
f 3561//13 3414//13 3455//13
f 2022//56 2102//56 1860//56
f 1257//57 1215//57 1321//57
f 2066//58 2007//58 2065//58
f 1458//59 1293//59 1364//59
f 3046//13 3015//13 3270//13
f 3442//13 3573//13 3481//13
f 644//13 860//13 844//13
f 3444//60 3521//60 3449//60
f 3540//61 3521//61 3519//61
f 433//62 515//62 655//62
f 47//13 58//13 35//13
f 825//13 793//13 692//13
f 2513//13 2514//13 2408//13
f 2201//13 2299//13 2233//13
f 2279//13 2254//13 2380//13
f 3443//63 3481//63 3482//63
f 126//13 151//13 226//13
f 529//13 226//13 328//13
f 1134//64 1046//64 1179//64
f 2645//65 2787//65 2732//65
f 3268//66 3385//66 3352//66
f 2299//13 2410//13 2371//13
f 3479//67 3438//67 3352//67
f 2523//13 2452//13 2511//13
f 2412//13 2518//13 2386//13
f 1716//68 2022//68 1860//68
f 3365//69 3165//69 3268//69
f 46//70 33//70 31//70
f 2978//71 2940//71 3018//71
f 28//72 53//72 30//72
f 2264//73 2204//73 2222//73
f 3538//74 3516//74 3512//74
f 2404//75 2350//75 2406//75
f 2803//76 2750//76 2802//76
f 2681//13 2672//13 2617//13
f 2531//77 2485//77 2538//77
f 2750//78 2759//78 2671//78
f 2193//79 2096//79 2204//79
f 2476//80 2478//80 2391//80
f 2478//81 2485//81 2393//81
f 3342//82 3289//82 3484//82
f 2301//83 2204//83 2264//83
f 603//84 592//84 663//84
f 1919//85 2001//85 1920//85
f 2002//86 1920//86 2001//86
f 2210//87 2213//87 2145//87
f 3443//88 3442//88 3481//88
f 1835//89 1795//89 1882//89
f 3485//90 3484//90 3447//90
f 343//91 314//91 341//91
f 3671//92 3729//92 3727//92
f 3140//93 2988//93 2915//93
f 1755//13 1724//13 1667//13
f 1667//13 1724//13 1668//13
f 2738//94 2735//94 2809//94
f 2988//95 2927//95 2809//95
f 1974//96 1892//96 1992//96
f 1693//97 1645//97 1758//97
f 2790//98 2738//98 2809//98
f 2717//13 2595//13 2634//13
f 3029//13 3028//13 2855//13
f 1124//99 1204//99 1128//99
f 2754//13 2634//13 2622//13
f 1469//100 1430//100 1527//100
f 3303//13 3411//13 3404//13
f 312//13 155//13 156//13
f 2871//13 3015//13 2899//13
f 1297//101 1305//101 1225//101
f 3583//13 3581//13 3562//13
f 423//102 660//102 599//102
f 2529//103 2420//103 2516//103
f 421//104 603//104 663//104
f 122//13 93//13 128//13
f 3584//13 3605//13 3559//13
f 108//105 74//105 88//105
f 2039//106 2092//106 1968//106
f 1700//107 1756//107 1798//107
f 1909//108 1997//108 1913//108
f 3382//13 3565//13 3442//13
f 1909//109 1817//109 1811//109
f 2639//110 2735//110 2641//110
f 872//111 997//111 879//111
f 476//112 798//112 392//112
f 593//113 446//113 659//113
f 1185//114 1150//114 1223//114
f 3538//74 3537//74 3516//74
f 790//115 912//115 716//115
f 144//116 476//116 392//116
f 65//13 69//13 47//13
f 817//117 912//117 818//117
f 2868//13 2663//13 2896//13
f 538//118 614//118 441//118
f 1294//13 1199//13 1303//13
f 3624//13 3627//13 3643//13
f 916//119 845//119 818//119
f 2300//13 2235//13 2262//13
f 571//120 570//120 609//120
f 2790//121 2809//121 2927//121
f 1645//122 1641//122 1754//122
f 1128//123 1093//123 1009//123
f 2886//124 2757//124 2734//124
f 3290//125 3343//125 3115//125
f 2405//13 2380//13 2300//13
f 2371//13 2333//13 2296//13
f 968//126 1070//126 972//126
f 642//127 813//127 709//127
f 2277//13 2386//13 2299//13
f 322//128 496//128 458//128
f 573//129 612//129 610//129
f 1184//130 1295//130 1204//130
f 1305//131 1297//131 1361//131
f 338//132 539//132 496//132
f 575//133 639//133 638//133
f 2493//134 2397//134 2399//134
f 2134//135 2066//135 2065//135
f 418//136 588//136 539//136
f 578//137 801//137 703//137
f 704//138 914//138 801//138
f 3385//139 3382//139 3442//139
f 868//140 776//140 914//140
f 908//141 971//141 1000//141
f 914//142 1000//142 868//142
f 1000//143 1102//143 963//143
f 656//144 422//144 590//144
f 1166//145 1063//145 1102//145
f 712//146 713//146 656//146
f 1211//147 1319//147 1273//147
f 1211//148 1273//148 1166//148
f 1403//149 1481//149 1402//149
f 680//150 746//150 738//150
f 1312//151 1433//151 1319//151
f 467//152 422//152 656//152
f 1401//153 1486//153 1433//153
f 3062//154 3290//154 3115//154
f 2080//155 1992//155 2096//155
f 916//156 818//156 912//156
f 1609//157 1713//157 1664//157
f 939//158 845//158 972//158
f 2737//159 2733//159 2649//159
f 2564//160 2646//160 2557//160
f 2493//161 2557//161 2516//161
f 1103//162 1217//162 1119//162
f 2592//163 2516//163 2557//163
f 465//164 434//164 664//164
f 3310//165 3499//165 3459//165
f 712//166 656//166 655//166
f 2394//167 2355//167 2305//167
f 2298//168 2305//168 2203//168
f 2155//169 2203//169 2305//169
f 2184//170 2270//170 2203//170
f 2298//171 2420//171 2305//171
f 2027//172 2100//172 1995//172
f 2716//173 2633//173 2721//173
f 713//174 467//174 656//174
f 1628//175 1543//175 1661//175
f 3276//176 3369//176 3432//176
f 3494//177 3455//177 3493//177
f 1713//178 1801//178 1777//178
f 424//179 568//179 594//179
f 3334//180 3473//180 3511//180
f 1075//181 1108//181 1038//181
f 3310//182 3341//182 3499//182
f 3414//183 3454//183 3455//183
f 659//184 510//184 720//184
f 1359//185 1239//185 1293//185
f 573//186 572//186 612//186
f 1273//187 1293//187 1179//187
f 1166//188 1046//188 1063//188
f 868//189 963//189 874//189
f 2984//190 3081//190 2985//190
f 3512//191 3474//191 3479//191
f 1085//192 1160//192 955//192
f 1124//193 1128//193 1071//193
f 2516//194 2397//194 2493//194
f 3222//195 3298//195 3409//195
f 29//196 41//196 27//196
f 2242//197 2373//197 2357//197
f 3534//198 3495//198 3496//198
f 186//199 227//199 187//199
f 503//200 703//200 588//200
f 3661//201 3720//201 3718//201
f 1297//202 1295//202 1358//202
f 279//203 347//203 282//203
f 3303//13 3186//13 3157//13
f 2036//204 2074//204 2116//204
f 430//205 558//205 512//205
f 3457//206 3309//206 3498//206
f 347//207 279//207 430//207
f 1225//208 1205//208 1297//208
f 566//209 452//209 585//209
f 1006//210 857//210 1038//210
f 327//211 460//211 319//211
f 2485//212 2422//212 2393//212
f 3513//213 3457//213 3498//213
f 444//214 315//214 419//214
f 308//215 419//215 315//215
f 3340//216 3527//216 3500//216
f 2291//217 2148//217 2256//217
f 186//218 177//218 308//218
f 308//219 413//219 419//219
f 1189//220 1105//220 1119//220
f 2767//221 2709//221 2766//221
f 413//222 308//222 309//222
f 2362//223 2427//223 2361//223
f 323//224 316//224 432//224
f 3408//225 3384//225 3509//225
f 541//226 566//226 678//226
f 1731//227 1797//227 1824//227
f 3393//228 3305//228 3557//228
f 1698//229 1797//229 1731//229
f 1134//230 1049//230 1046//230
f 609//231 570//231 611//231
f 2487//232 2496//232 2399//232
f 2298//233 2399//233 2397//233
f 2727//234 2737//234 2649//234
f 3532//74 3515//74 3501//74
f 1567//235 1678//235 1613//235
f 2002//236 2036//236 1925//236
f 1472//237 1567//237 1468//237
f 2733//238 2737//238 2841//238
f 1948//239 2048//239 2018//239
f 53//240 66//240 30//240
f 3207//241 3036//241 3202//241
f 736//242 680//242 738//242
f 912//243 917//243 968//243
f 504//244 652//244 743//244
f 1862//245 1764//245 1766//245
f 1071//246 972//246 1070//246
f 2861//247 2929//247 2737//247
f 3447//248 3446//248 3398//248
f 651//249 779//249 649//249
f 458//250 319//250 460//250
f 163//13 410//13 318//13
f 1007//251 1105//251 1011//251
f 3013//252 2925//252 2845//252
f 797//253 713//253 712//253
f 3188//254 3003//254 2923//254
f 1105//255 1197//255 1112//255
f 1160//256 1085//256 1304//256
f 876//257 794//257 956//257
f 1230//13 1160//13 1304//13
f 1880//258 1862//258 1766//258
f 1454//13 1420//13 1304//13
f 3489//13 3403//13 3558//13
f 153//13 120//13 130//13
f 1756//259 1687//259 1781//259
f 120//13 153//13 142//13
f 113//13 120//13 142//13
f 78//13 80//13 95//13
f 78//13 95//13 101//13
f 216//13 180//13 127//13
f 2063//13 2159//13 2156//13
f 148//260 340//260 220//260
f 3219//261 3052//261 3113//261
f 2179//13 2094//13 2268//13
f 3264//262 3355//262 3137//262
f 2156//13 2254//13 2279//13
f 3450//13 3544//13 3257//13
f 3046//13 3270//13 3257//13
f 3544//13 3305//13 3257//13
f 3599//13 3588//13 3612//13
f 3143//263 3144//263 3137//263
f 3337//264 3143//264 3136//264
f 839//13 976//13 786//13
f 127//13 99//13 100//13
f 99//13 69//13 100//13
f 96//13 116//13 79//13
f 125//13 141//13 96//13
f 79//13 66//13 96//13
f 3316//265 3275//265 3073//265
f 3275//266 3265//266 3021//266
f 1657//267 1658//267 1764//267
f 644//13 844//13 557//13
f 3307//268 3136//268 3069//268
f 225//13 272//13 545//13
f 1160//13 1110//13 1005//13
f 3251//269 3069//269 3019//269
f 1169//13 977//13 1090//13
f 1110//13 1002//13 1005//13
f 3489//13 3589//13 3564//13
f 1124//270 1071//270 1070//270
f 3169//271 3019//271 2941//271
f 3589//13 3598//13 3564//13
f 3641//13 3622//13 3630//13
f 3196//272 3146//272 2939//272
f 2597//13 2731//13 2518//13
f 2742//13 2632//13 2624//13
f 2731//13 2742//13 2624//13
f 214//13 404//13 271//13
f 3643//13 3645//13 3656//13
f 214//13 130//13 150//13
f 98//13 122//13 130//13
f 2850//273 2767//273 2766//273
f 953//274 869//274 952//274
f 3311//13 3269//13 3183//13
f 1309//13 1416//13 1303//13
f 985//275 953//275 984//275
f 2032//276 2012//276 1932//276
f 2782//277 2779//277 2867//277
f 394//278 450//278 600//278
f 508//13 562//13 692//13
f 877//279 800//279 797//279
f 312//13 415//13 508//13
f 312//13 508//13 375//13
f 375//13 508//13 587//13
f 2716//280 2532//280 2633//280
f 1594//13 1524//13 1465//13
f 452//281 541//281 453//281
f 2254//13 2156//13 2159//13
f 2520//282 2427//282 2623//282
f 2119//13 2212//13 2117//13
f 824//13 977//13 1051//13
f 968//283 979//283 1070//283
f 689//284 778//284 694//284
f 2532//285 2427//285 2428//285
f 744//286 859//286 877//286
f 1287//287 1190//287 1192//287
f 347//288 452//288 349//288
f 328//13 225//13 498//13
f 664//289 434//289 597//289
f 3689//290 3688//290 1099//290
f 43//291 1643//291 3646//291
f 39//291 3635//291 397//291
f 306//291 36//291 129//291
f 690//291 640//291 981//291
f 1095//291 1429//291 795//291
f 795//291 1515//291 1095//291
f 1780//13 1941//13 1843//13
f 795//291 3550//291 1515//291
f 1515//291 48//291 115//291
f 73//291 1785//291 1008//291
f 3270//13 3186//13 3404//13
f 2031//292 2146//292 2037//292
f 1793//291 2234//291 1652//291
f 1998//291 1880//291 149//291
f 1927//293 2031//293 2037//293
f 3288//294 2894//294 3666//294
f 1087//295 106//295 1187//295
f 1187//296 106//296 1335//296
f 1990//297 1901//297 1927//297
f 125//13 126//13 163//13
f 1927//298 1812//298 1923//298
f 2611//299 1868//299 2894//299
f 3442//13 3565//13 3573//13
f 981//300 1418//300 3685//300
f 1578//301 2808//301 2479//301
f 262//291 834//291 1616//291
f 3541//291 3545//291 2344//291
f 1911//302 1932//302 2012//302
f 11//303 9//303 3416//303
f 1692//304 1589//304 1702//304
f 1946//291 3592//291 1186//291
f 3452//291 3490//291 1575//291
f 3532//74 3531//74 3515//74
f 3418//305 3260//305 3457//305
f 2494//291 2612//291 2004//291
f 3723//306 3725//306 3659//306
f 1658//291 3580//291 1766//291
f 1812//307 1702//307 1810//307
f 1531//291 2127//291 1998//291
f 1998//291 149//291 1531//291
f 2420//308 2298//308 2397//308
f 1531//291 45//291 49//291
f 2877//291 2755//291 3647//291
f 3398//309 3394//309 3286//309
f 2656//310 2582//310 2670//310
f 2775//13 2762//13 2899//13
f 2775//13 2899//13 2880//13
f 137//291 3485//291 929//291
f 1461//311 1462//311 1582//311
f 2234//291 3582//291 1652//291
f 1793//291 1652//291 139//291
f 950//312 811//312 948//312
f 3439//13 3552//13 3437//13
f 3269//313 3185//313 3183//313
f 1961//291 2808//291 653//291
f 2880//13 2675//13 2775//13
f 1589//314 1518//314 1582//314
f 1641//315 1753//315 1754//315
f 1785//291 1779//291 1008//291
f 2387//291 459//291 115//291
f 2387//291 115//291 48//291
f 115//291 1099//291 1515//291
f 1099//291 1095//291 1515//291
f 1461//316 1350//316 1351//316
f 2541//317 2707//317 2743//317
f 157//291 117//291 3593//291
f 1037//291 795//291 1429//291
f 3472//318 3418//318 3457//318
f 1429//291 428//291 960//291
f 13//319 268//319 3542//319
f 1331//320 1246//320 1350//320
f 397//291 118//291 39//291
f 1245//321 1247//321 1350//321
f 1946//322 86//322 3592//322
f 83//323 3541//323 16//323
f 2344//324 14//324 3541//324
f 230//291 2589//291 187//291
f 1481//291 3410//291 1402//291
f 304//291 1790//291 1908//291
f 3155//325 3076//325 3369//325
f 840//291 2239//291 2368//291
f 1858//326 2409//326 2112//326
f 2454//327 2487//327 2399//327
f 1902//328 1885//328 1778//328
f 1455//329 2112//329 2409//329
f 1395//330 1484//330 1462//330
f 256//291 832//291 267//291
f 532//291 111//291 651//291
f 651//291 2678//291 781//291
f 2505//291 1288//291 1192//291
f 3580//291 1658//291 1576//291
f 8//331 2483//331 6//331
f 1205//332 1128//332 1204//332
f 2626//291 676//291 2755//291
f 2734//333 2645//333 2732//333
f 2893//334 3670//334 2752//334
f 10//335 2483//335 8//335
f 586//336 748//336 637//336
f 1652//291 134//291 523//291
f 135//337 1779//337 83//337
f 834//338 262//338 442//338
f 83//339 1779//339 3541//339
f 1779//291 1785//291 3541//291
f 262//340 769//340 442//340
f 1858//341 1561//341 2409//341
f 970//342 901//342 877//342
f 965//343 1162//343 1067//343
f 342//344 424//344 534//344
f 961//345 855//345 975//345
f 3402//346 697//346 3141//346
f 3540//13 3578//13 3577//13
f 3542//347 15//347 13//347
f 2582//348 2550//348 2482//348
f 3685//349 3687//349 1219//349
f 3164//350 3222//350 3330//350
f 3250//351 3459//351 3419//351
f 2589//291 110//291 187//291
f 901//352 800//352 877//352
f 60//353 3592//353 86//353
f 610//354 612//354 674//354
f 1946//355 114//355 86//355
f 3592//356 60//356 2334//356
f 17//357 15//357 2334//357
f 701//358 582//358 800//358
f 458//359 460//359 321//359
f 3333//360 3471//360 3514//360
f 2580//361 2473//361 2603//361
f 1832//362 1911//362 1813//362
f 609//363 611//363 657//363
f 15//364 3542//364 2334//364
f 3542//365 3592//365 2334//365
f 2409//366 1561//366 44//366
f 1335//367 44//367 1561//367
f 1818//291 1055//291 2409//291
f 107//13 82//13 74//13
f 1459//368 1367//368 1450//368
f 3528//369 3408//369 3509//369
f 17//370 2334//370 60//370
f 426//371 666//371 602//371
f 2172//291 1011//291 1112//291
f 1791//372 1912//372 1908//372
f 3542//291 3595//291 3592//291
f 1159//373 1069//373 1162//373
f 3595//291 1186//291 3592//291
f 84//291 780//291 881//291
f 3585//291 3595//291 3542//291
f 1086//374 1101//374 3686//374
f 1245//375 1159//375 1162//375
f 1099//376 3688//376 1101//376
f 1616//291 842//291 262//291
f 1546//377 1459//377 1450//377
f 1247//378 1245//378 1162//378
f 3176//379 3419//379 3358//379
f 267//291 832//291 277//291
f 2626//380 2741//380 2603//380
f 1095//291 1099//291 1101//291
f 719//381 555//381 783//381
f 655//382 590//382 589//382
f 731//291 2503//291 2373//291
f 650//383 3616//383 1099//383
f 833//384 835//384 714//384
f 1315//385 1311//385 1274//385
f 3616//386 3689//386 1099//386
f 110//291 3524//291 191//291
f 577//387 589//387 576//387
f 3263//388 3025//388 3131//388
f 88//389 148//389 108//389
f 833//291 2236//291 835//291
f 714//390 565//390 143//390
f 590//391 576//391 589//391
f 565//392 439//392 143//392
f 182//291 178//291 110//291
f 881//291 856//291 84//291
f 1285//393 1338//393 1342//393
f 714//394 143//394 833//394
f 657//395 611//395 658//395
f 1197//396 1274//396 1200//396
f 67//291 3410//291 1554//291
f 1720//397 1833//397 1723//397
f 2755//398 2877//398 2863//398
f 970//399 1067//399 975//399
f 1340//400 1450//400 1367//400
f 1548//401 1642//401 1523//401
f 3053//402 3181//402 3216//402
f 102//13 164//13 144//13
f 3410//291 1481//291 1554//291
f 657//403 658//403 715//403
f 715//404 658//404 718//404
f 2411//291 38//291 3571//291
f 2517//405 2659//405 2587//405
f 1098//406 1247//406 1162//406
f 2369//407 2454//407 2298//407
f 2270//408 2369//408 2298//408
f 2203//409 2270//409 2298//409
f 2401//410 2402//410 2325//410
f 1661//411 1736//411 1628//411
f 3380//412 3322//412 3135//412
f 2325//413 2230//413 2339//413
f 873//414 994//414 954//414
f 866//415 740//415 954//415
f 230//416 279//416 282//416
f 1068//417 991//417 954//417
f 1106//291 1699//291 2505//291
f 3492//291 3410//291 67//291
f 3212//13 3183//13 3083//13
f 1554//418 1559//418 1639//418
f 160//291 952//291 2678//291
f 2454//419 2542//419 2487//419
f 1637//420 1682//420 1639//420
f 684//421 903//421 698//421
f 466//422 684//422 698//422
f 815//423 583//423 698//423
f 222//424 190//424 191//424
f 255//425 222//425 224//425
f 3329//426 3464//426 3507//426
f 3346//427 3535//427 3503//427
f 903//428 815//428 698//428
f 160//291 1699//291 952//291
f 2760//429 2810//429 2712//429
f 2629//430 2760//430 2712//430
f 2593//431 2629//431 2712//431
f 57//291 341//291 313//291
f 2810//432 2683//432 2712//432
f 2591//433 2565//433 2468//433
f 132//434 102//434 144//434
f 3346//435 3297//435 3111//435
f 3338//436 3148//436 3262//436
f 653//291 731//291 49//291
f 715//437 718//437 810//437
f 3266//438 2980//438 3047//438
f 2800//439 2911//439 2766//439
f 1832//440 1762//440 1769//440
f 3526//441 3523//441 3525//441
f 505//442 444//442 232//442
f 348//443 188//443 176//443
f 613//444 576//444 608//444
f 3512//445 3516//445 3474//445
f 1675//446 1746//446 1769//446
f 188//447 342//447 229//447
f 2373//291 2242//291 731//291
f 649//448 779//448 853//448
f 862//449 964//449 878//449
f 878//450 778//450 862//450
f 2505//291 1192//291 1106//291
f 443//451 613//451 673//451
f 2628//452 2571//452 2703//452
f 1762//453 1675//453 1769//453
f 2811//454 2692//454 2677//454
f 520//455 673//455 735//455
f 3336//456 3216//456 3181//456
f 3575//291 1520//291 2236//291
f 2683//457 2810//457 2703//457
f 1087//458 986//458 2236//458
f 3362//459 3225//459 3423//459
f 2549//460 2683//460 2571//460
f 3575//291 1933//291 3492//291
f 2462//461 2362//461 2290//461
f 2250//462 2232//462 2357//462
f 3575//291 2236//291 2111//291
f 2871//463 2762//463 2870//463
f 1893//13 1898//13 1814//13
f 498//13 677//13 328//13
f 319//464 183//464 179//464
f 2990//465 3044//465 3043//465
f 3204//466 2989//466 3194//466
f 3294//467 3422//467 3194//467
f 3192//468 7//468 3619//468
f 2483//469 3520//469 4//469
f 563//470 687//470 829//470
f 347//471 430//471 512//471
f 585//472 452//472 512//472
f 3536//473 3406//473 3508//473
f 3670//291 121//291 1578//291
f 220//13 123//13 108//13
f 994//474 1068//474 954//474
f 3520//291 3590//291 3626//291
f 185//291 223//291 3524//291
f 3043//475 3294//475 3194//475
f 512//476 452//476 347//476
f 1952//291 842//291 1699//291
f 1699//291 842//291 2505//291
f 472//477 388//477 436//477
f 102//478 132//478 76//478
f 305//479 257//479 472//479
f 2577//291 160//291 2678//291
f 343//480 447//480 502//480
f 851//481 938//481 1040//481
f 73//291 2577//291 2678//291
f 502//482 546//482 395//482
f 1244//483 1282//483 1314//483
f 1369//484 1314//484 1282//484
f 148//485 220//485 108//485
f 3523//291 137//291 3525//291
f 923//486 982//486 922//486
f 137//291 1092//291 3525//291
f 377//487 546//487 652//487
f 566//488 541//488 452//488
f 90//291 1888//291 42//291
f 922//489 910//489 742//489
f 3524//291 256//291 224//291
f 1112//490 1011//490 1105//490
f 1036//491 1109//491 1125//491
f 3534//492 3533//492 3495//492
f 1191//493 1091//493 1107//493
f 1221//494 1343//494 1233//494
f 916//495 968//495 972//495
f 1189//496 1197//496 1105//496
f 1615//497 1573//497 1657//497
f 1477//498 1428//498 1449//498
f 1616//291 3184//291 842//291
f 3561//13 3549//13 3414//13
f 2653//499 2771//499 2677//499
f 1436//500 1535//500 1453//500
f 1295//501 1205//501 1204//501
f 1333//502 1412//502 1410//502
f 3344//503 3170//503 3182//503
f 255//504 224//504 256//504
f 182//505 191//505 190//505
f 3234//506 3140//506 3362//506
f 1414//507 1325//507 1347//507
f 2935//508 3201//508 3010//508
f 349//291 453//291 3650//291
f 2852//509 2664//509 2751//509
f 2842//291 1279//291 2686//291
f 711//510 678//510 566//510
f 438//511 553//511 527//511
f 1453//512 1365//512 1436//512
f 1643//291 43//291 2686//291
f 810//513 718//513 812//513
f 713//514 797//514 800//514
f 3519//515 3521//515 3482//515
f 2591//516 2546//516 2677//516
f 1767//517 1710//517 1804//517
f 679//518 811//518 857//518
f 3530//519 3529//519 3518//519
f 950//520 1038//520 857//520
f 43//291 2842//291 2686//291
f 548//521 591//521 823//521
f 1276//522 1200//522 1274//522
f 325//523 344//523 438//523
f 3452//291 864//291 640//291
f 1539//524 1636//524 1608//524
f 1244//525 1274//525 1197//525
f 1072//526 944//526 1045//526
f 901//527 701//527 800//527
f 1402//528 1311//528 1315//528
f 38//291 453//291 542//291
f 1795//529 1725//529 1794//529
f 868//530 874//530 804//530
f 1092//291 104//291 1575//291
f 3274//531 2995//531 3052//531
f 839//13 786//13 531//13
f 798//13 476//13 786//13
f 306//291 397//291 980//291
f 1169//13 1090//13 1201//13
f 397//291 3674//291 980//291
f 1772//532 1760//532 1837//532
f 304//291 324//291 2243//291
f 3632//291 2243//291 1521//291
f 145//13 119//13 147//13
f 1603//533 1710//533 1601//533
f 58//13 47//13 69//13
f 2459//13 2595//13 2541//13
f 231//13 375//13 475//13
f 2279//13 2414//13 2268//13
f 1695//534 1600//534 1649//534
f 1096//535 1184//535 1045//535
f 3612//13 3631//13 3599//13
f 1922//536 1837//536 1959//536
f 2243//291 1818//291 1521//291
f 3524//291 832//291 256//291
f 1787//537 1840//537 1757//537
f 3606//13 3583//13 3613//13
f 3654//13 3642//13 3643//13
f 3312//538 3114//538 3216//538
f 324//291 304//291 1279//291
f 3627//13 3608//13 3622//13
f 304//291 2066//291 1279//291
f 724//539 465//539 664//539
f 2842//291 324//291 1279//291
f 927//540 696//540 831//540
f 810//541 812//541 911//541
f 67//291 64//291 3492//291
f 524//542 721//542 552//542
f 3213//13 3177//13 3033//13
f 2121//13 2163//13 2043//13
f 1988//13 2121//13 2043//13
f 3396//543 3312//543 3216//543
f 1416//13 1421//13 1517//13
f 214//13 153//13 130//13
f 64//291 1520//291 3492//291
f 3492//291 1520//291 3575//291
f 1770//544 1834//544 1821//544
f 90//291 856//291 1888//291
f 688//545 785//545 850//545
f 3573//13 3565//13 3602//13
f 3604//13 3602//13 3630//13
f 90//291 84//291 856//291
f 856//291 937//291 1888//291
f 1090//13 977//13 1002//13
f 2113//13 2043//13 2163//13
f 2277//13 2201//13 2163//13
f 431//546 386//546 596//546
f 2121//13 2276//13 2163//13
f 662//547 400//547 598//547
f 2518//13 2412//13 2597//13
f 2624//13 2518//13 2731//13
f 911//548 812//548 913//548
f 90//291 1186//291 2548//291
f 1186//291 1360//291 2548//291
f 3664//291 2411//291 3585//291
f 3349//549 3326//549 3154//549
f 785//550 688//550 552//550
f 57//291 445//291 341//291
f 3396//551 3336//551 3468//551
f 1166//552 1273//552 1179//552
f 1406//13 1278//13 1324//13
f 164//13 531//13 476//13
f 3501//445 3475//445 3460//445
f 3186//13 3270//13 3015//13
f 231//13 155//13 375//13
f 125//13 163//13 141//13
f 116//13 96//13 141//13
f 3518//553 3529//553 3505//553
f 2216//554 2280//554 2171//554
f 163//13 318//13 141//13
f 3605//13 3602//13 3565//13
f 919//555 1047//555 1045//555
f 3505//556 3283//556 3400//556
f 2277//13 2299//13 2201//13
f 2113//13 2163//13 2201//13
f 674//557 612//557 675//557
f 3192//291 3610//291 3416//291
f 905//13 708//13 793//13
f 410//13 163//13 226//13
f 3404//13 3546//13 3553//13
f 3395//558 3454//558 3412//558
f 261//13 153//13 271//13
f 3583//13 3562//13 3549//13
f 3579//291 3610//291 3192//291
f 1575//291 3525//291 1092//291
f 2619//559 2616//559 2538//559
f 839//13 905//13 999//13
f 1133//13 990//13 976//13
f 1731//560 1824//560 1791//560
f 944//561 919//561 1045//561
f 3312//562 3508//562 3406//562
f 3259//563 3336//563 3181//563
f 562//13 736//13 692//13
f 960//291 428//291 91//291
f 3536//74 3502//74 3510//74
f 826//564 738//564 827//564
f 3181//565 2997//565 3259//565
f 3295//566 3434//566 3471//566
f 852//567 944//567 979//567
f 1092//291 91//291 228//291
f 1198//568 1196//568 1301//568
f 1762//569 1813//569 1719//569
f 34//570 35//570 58//570
f 3489//13 3564//13 3451//13
f 2907//571 2843//571 2746//571
f 3332//13 3451//13 3311//13
f 3180//572 3418//572 3354//572
f 2474//573 2512//573 2376//573
f 929//291 960//291 137//291
f 2523//13 2624//13 2632//13
f 2715//574 2787//574 2645//574
f 2632//13 2620//13 2522//13
f 3377//575 3277//575 3066//575
f 3642//13 3654//13 3655//13
f 3653//13 3644//13 3655//13
f 2811//576 2677//576 2771//576
f 2758//577 2870//577 2762//577
f 3303//13 3404//13 3186//13
f 3387//578 3283//578 3505//578
f 3382//13 3269//13 3437//13
f 3016//579 2794//579 2904//579
f 844//13 977//13 824//13
f 557//13 220//13 340//13
f 960//291 91//291 137//291
f 911//580 913//580 993//580
f 1066//581 1213//581 1115//581
f 281//582 266//582 280//582
f 264//583 280//583 266//583
f 2155//584 2100//584 2203//584
f 3122//585 3328//585 3066//585
f 679//586 677//586 807//586
f 993//587 913//587 995//587
f 1003//588 858//588 902//588
f 1202//589 1326//589 1213//589
f 993//590 995//590 1121//590
f 1092//291 137//291 91//291
f 1037//291 1429//291 960//291
f 929//291 3398//291 960//291
f 3123//591 3124//591 3149//591
f 1883//592 1767//592 1804//592
f 3663//291 2387//291 3647//291
f 2387//291 48//291 3647//291
f 3002//291 2877//291 3647//291
f 2686//291 2066//291 2140//291
f 2300//13 2341//13 2405//13
f 3207//593 3045//593 2979//593
f 974//594 1100//594 1129//594
f 3117//595 3062//595 3115//595
f 115//291 650//291 1099//291
f 724//596 822//596 586//596
f 3291//597 3263//597 3131//597
f 3334//598 3380//598 3135//598
f 2558//599 2653//599 2546//599
f 2356//600 2261//600 2231//600
f 3128//601 3151//601 3130//601
f 3518//602 3505//602 3476//602
f 3159//603 3291//603 3131//603
f 3071//604 3334//604 3135//604
f 1240//605 1351//605 1247//605
f 2392//606 2306//606 2275//606
f 2588//607 2556//607 2488//607
f 2947//608 3159//608 3131//608
f 1803//609 1902//609 1778//609
f 40//291 1961//291 45//291
f 1961//291 653//291 45//291
f 2708//610 2788//610 2721//610
f 1660//611 1558//611 1601//611
f 653//291 49//291 45//291
f 1128//612 1009//612 1071//612
f 1174//613 1132//613 1242//613
f 2473//614 2332//614 2364//614
f 3479//615 3474//615 3438//615
f 3438//616 3474//616 3436//616
f 674//617 675//617 734//617
f 1405//618 1456//618 1322//618
f 1718//619 1788//619 1773//619
f 1628//620 1503//620 1543//620
f 2739//621 2601//621 2668//621
f 2590//622 2679//622 2588//622
f 1121//623 995//623 1123//623
f 1539//624 1541//624 1456//624
f 847//625 771//625 699//625
f 1531//291 1194//291 45//291
f 185//291 3524//291 3520//291
f 3536//74 3535//74 3502//74
f 3204//626 2919//626 2989//626
f 54//627 27//627 41//627
f 725//628 816//628 942//628
f 2677//629 2546//629 2653//629
f 2544//630 2667//630 2661//630
f 2903//291 1785//291 59//291
f 2547//631 2544//631 2639//631
f 3284//632 3389//632 3302//632
f 2271//633 2273//633 2351//633
f 575//634 574//634 639//634
f 3476//635 3505//635 3467//635
f 1576//636 1658//636 1657//636
f 2931//637 2933//637 3055//637
f 3620//638 3600//638 3629//638
f 1785//291 73//291 59//291
f 73//291 2678//291 59//291
f 2771//639 2955//639 2811//639
f 2774//640 2744//640 2661//640
f 3178//641 2990//641 2921//641
f 2799//642 2721//642 2788//642
f 2652//643 2578//643 2542//643
f 3328//644 3122//644 3322//644
f 3593//291 3545//291 157//291
f 3501//445 3515//445 3475//445
f 2883//645 2817//645 2725//645
f 3008//646 2815//646 2919//646
f 1306//291 223//291 157//291
f 734//647 675//647 737//647
f 1306//291 157//291 3545//291
f 2667//648 2774//648 2661//648
f 3331//649 3070//649 3134//649
f 3466//650 3331//650 3506//650
f 2473//651 2364//651 2477//651
f 2948//652 2872//652 2815//652
f 2603//653 2473//653 2477//653
f 3593//291 2344//291 3545//291
f 2503//654 2603//654 2477//654
f 1731//655 1791//655 1748//655
f 3541//291 2903//291 3545//291
f 3221//656 3215//656 3434//656
f 3333//657 3514//657 3388//657
f 2486//658 2491//658 2546//658
f 3530//659 3388//659 3514//659
f 767//660 936//660 828//660
f 931//661 828//661 1035//661
f 1121//662 1123//662 1208//662
f 3460//663 3417//663 3420//663
f 3264//664 3144//664 3312//664
f 2591//665 2486//665 2546//665
f 2637//666 2608//666 2501//666
f 3114//667 3113//667 3053//667
f 3183//668 3087//668 3083//668
f 1655//669 1688//669 1606//669
f 2903//291 1306//291 3545//291
f 2578//670 2652//670 2638//670
f 1685//671 1778//671 1655//671
f 602//672 662//672 598//672
f 897//673 951//673 763//673
f 149//291 2047//291 1194//291
f 3460//674 3475//674 3417//674
f 3464//675 3287//675 3425//675
f 139//291 40//291 1194//291
f 1156//676 1214//676 1146//676
f 962//677 1074//677 895//677
f 40//291 45//291 1194//291
f 1711//678 1804//678 1710//678
f 1531//291 149//291 1194//291
f 2379//679 2246//679 2374//679
f 3510//445 3465//445 3469//445
f 1453//680 1358//680 1365//680
f 3425//681 3207//681 3364//681
f 1766//291 1392//291 2047//291
f 3031//682 3202//682 3036//682
f 2139//683 2247//683 2246//683
f 2778//684 2606//684 2724//684
f 994//685 1084//685 1068//685
f 2029//686 2062//686 1962//686
f 2129//687 2171//687 2062//687
f 2169//688 2171//688 2289//688
f 2902//689 3031//689 3036//689
f 2139//690 2137//690 2018//690
f 2135//691 2060//691 2045//691
f 1660//692 1601//692 1710//692
f 1957//693 2045//693 2060//693
f 734//694 737//694 831//694
f 831//695 737//695 838//695
f 1793//291 139//291 2047//291
f 1177//696 1172//696 1224//696
f 1539//697 1456//697 1463//697
f 139//291 1194//291 2047//291
f 2132//698 2056//698 2037//698
f 149//291 1766//291 2047//291
f 2018//699 2016//699 1916//699
f 2031//700 1923//700 2003//700
f 334//701 430//701 279//701
f 3315//702 3200//702 3158//702
f 2979//703 2902//703 3036//703
f 1035//704 828//704 936//704
f 3207//705 2979//705 3036//705
f 1767//706 1660//706 1710//706
f 2375//707 2474//707 2376//707
f 1916//708 1914//708 1806//708
f 3570//291 3184//291 2267//291
f 584//709 644//709 332//709
f 2267//291 2891//291 87//291
f 828//710 635//710 767//710
f 1207//711 1104//711 1147//711
f 785//712 552//712 721//712
f 665//713 431//713 596//713
f 2034//714 1951//714 2016//714
f 1158//715 1229//715 1141//715
f 1003//716 902//716 1041//716
f 1486//717 1496//717 1609//717
f 1732//718 1713//718 1621//718
f 1752//719 1806//719 1711//719
f 3510//445 3502//445 3465//445
f 3469//720 3427//720 3429//720
f 3297//721 3503//721 3462//721
f 3469//720 3465//720 3427//720
f 3496//722 3470//722 3461//722
f 71//291 3570//291 2267//291
f 1046//723 1166//723 1179//723
f 680//724 580//724 579//724
f 2347//725 2274//725 2351//725
f 1346//726 1436//726 1365//726
f 1331//727 1388//727 1264//727
f 3496//728 3495//728 3470//728
f 1290//729 1346//729 1365//729
f 1358//730 1271//730 1365//730
f 514//731 420//731 662//731
f 1530//732 1603//732 1485//732
f 111//291 1306//291 59//291
f 1409//733 1485//733 1368//733
f 922//734 982//734 910//734
f 3461//735 3470//735 3422//735
f 3429//736 3378//736 3356//736
f 73//291 1008//291 2577//291
f 1837//737 1760//737 1757//737
f 2947//738 3131//738 3025//738
f 3508//739 3396//739 3468//739
f 2100//740 2184//740 2203//740
f 855//741 782//741 975//741
f 3476//742 3431//742 3421//742
f 1008//291 3574//291 2577//291
f 1208//743 1123//743 1209//743
f 1574//744 1519//744 1510//744
f 805//745 742//745 910//745
f 1280//746 1368//746 1253//746
f 842//291 1952//291 769//291
f 2798//747 2779//747 2696//747
f 1820//748 1840//748 1787//748
f 1750//749 1820//749 1787//749
f 1757//750 1703//750 1787//750
f 1172//751 1068//751 1084//751
f 748//752 586//752 822//752
f 3309//753 3079//753 3327//753
f 3438//754 3373//754 3365//754
f 849//755 725//755 942//755
f 3463//756 3399//756 3504//756
f 2646//757 2592//757 2557//757
f 1516//758 1404//758 1398//758
f 3111//759 3109//759 3145//759
f 940//291 690//291 36//291
f 3422//760 3470//760 3415//760
f 3111//761 3145//761 3151//761
f 875//762 748//762 822//762
f 730//763 549//763 817//763
f 230//764 227//764 279//764
f 3429//765 3427//765 3378//765
f 3453//766 3490//766 3452//766
f 2250//767 2211//767 2152//767
f 970//768 975//768 901//768
f 690//291 129//291 36//291
f 1333//291 71//291 1412//291
f 48//291 1515//291 3550//291
f 3426//769 3308//769 3463//769
f 2851//770 2960//770 2944//770
f 162//291 3173//291 3002//291
f 3266//771 3462//771 3424//771
f 3686//772 428//772 1086//772
f 1429//291 1086//291 428//291
f 12//773 3593//773 117//773
f 2758//774 2670//774 2777//774
f 3422//775 3415//775 3361//775
f 1095//291 1101//291 1086//291
f 3078//776 3077//776 3130//776
f 2800//777 2851//777 2944//777
f 3294//778 3043//778 3078//778
f 2251//779 2265//779 2358//779
f 924//780 805//780 910//780
f 1429//291 1095//291 1086//291
f 3031//781 2971//781 3231//781
f 2234//291 87//291 3582//291
f 1652//291 3582//291 134//291
f 38//291 542//291 3571//291
f 842//291 769//291 262//291
f 3407//782 3409//782 3452//782
f 1302//783 1400//783 1362//783
f 3525//291 1575//291 3490//291
f 115//291 459//291 650//291
f 2629//784 2497//784 2583//784
f 952//291 870//291 2678//291
f 1999//785 1913//785 1997//785
f 987//786 815//786 903//786
f 3597//291 3398//291 3286//291
f 3355//787 3264//787 3406//787
f 16//788 3541//788 14//788
f 870//291 781//291 2678//291
f 3438//789 3436//789 3373//789
f 695//790 581//790 819//790
f 640//291 3407//291 3452//291
f 6//791 2483//791 4//791
f 1942//792 1987//792 1899//792
f 306//291 980//291 3055//291
f 3055//291 980//291 2931//291
f 2800//793 2944//793 2911//793
f 2850//794 2766//794 2911//794
f 2983//795 3155//795 3158//795
f 3276//796 3158//796 3155//796
f 1699//291 1060//291 984//291
f 726//797 514//797 662//797
f 650//798 3563//798 3616//798
f 1480//799 3675//799 3676//799
f 470//800 727//800 666//800
f 2916//801 3155//801 2983//801
f 3420//802 3374//802 3359//802
f 835//803 2236//803 926//803
f 581//804 518//804 726//804
f 1834//805 1942//805 1899//805
f 2353//291 87//291 2891//291
f 3184//291 1616//291 2891//291
f 3632//291 1521//291 62//291
f 986//806 926//806 2236//806
f 57//291 313//291 223//291
f 43//291 3646//291 1868//291
f 542//291 606//291 3571//291
f 1200//291 1276//291 1933//291
f 3002//291 3647//291 162//291
f 3679//807 3681//807 1480//807
f 11//808 3416//808 13//808
f 952//291 1699//291 984//291
f 1699//291 1106//291 1060//291
f 306//291 3055//291 36//291
f 3666//809 464//809 3288//809
f 191//291 3524//291 224//291
f 978//810 3690//810 3621//810
f 574//811 575//811 598//811
f 143//812 439//812 274//812
f 304//291 1908//291 2005//291
f 7//813 3192//813 9//813
f 666//814 662//814 602//814
f 602//815 598//815 575//815
f 48//291 3550//291 162//291
f 1639//291 1682//291 1155//291
f 727//816 726//816 666//816
f 978//817 3621//817 118//817
f 1480//291 1092//291 228//291
f 397//291 306//291 118//291
f 306//291 129//291 118//291
f 3679//818 1480//818 3676//818
f 49//291 731//291 2242//291
f 349//291 3650//291 282//291
f 3263//819 3282//819 3025//819
f 666//820 726//820 662//820
f 3349//821 3154//821 3388//821
f 3333//822 3388//822 3126//822
f 3192//823 3416//823 9//823
f 3356//824 3233//824 3241//824
f 3215//825 3139//825 3375//825
f 1381//826 1432//826 1503//826
f 1351//827 1350//827 1247//827
f 2480//828 2374//828 2495//828
f 2973//829 2850//829 2911//829
f 3650//291 230//291 282//291
f 646//830 579//830 533//830
f 1832//831 1813//831 1762//831
f 3365//832 3242//832 3235//832
f 1719//833 1665//833 1762//833
f 3434//834 3215//834 3375//834
f 49//291 2242//291 2127//291
f 1335//835 62//835 44//835
f 71//291 1528//291 1452//291
f 304//291 1155//291 1790//291
f 187//291 110//291 178//291
f 5//836 3619//836 7//836
f 2874//837 2971//837 2792//837
f 3684//838 3682//838 428//838
f 3279//291 3646//291 2004//291
f 3646//291 1643//291 840//291
f 3524//291 223//291 832//291
f 117//291 157//291 185//291
f 2289//839 2292//839 2416//839
f 640//291 690//291 940//291
f 2944//840 3076//840 2911//840
f 277//291 832//291 313//291
f 1576//291 1528//291 3580//291
f 831//841 838//841 927//841
f 71//291 3580//291 1528//291
f 832//291 223//291 313//291
f 795//291 3597//291 3550//291
f 157//291 223//291 185//291
f 2004//291 840//291 2368//291
f 2494//291 2004//291 2368//291
f 2727//842 2649//842 2638//842
f 1480//843 3681//843 104//843
f 795//291 1037//291 3597//291
f 3410//291 1933//291 1311//291
f 3365//844 3373//844 3242//844
f 71//291 3615//291 3580//291
f 2354//845 2225//845 2304//845
f 576//846 613//846 577//846
f 2423//847 2354//847 2304//847
f 989//848 918//848 1056//848
f 3550//291 3286//291 162//291
f 1425//849 1349//849 1316//849
f 894//850 1041//850 902//850
f 2134//851 2140//851 2066//851
f 3179//852 3424//852 3363//852
f 3626//853 1//853 3//853
f 3678//854 228//854 3680//854
f 3570//291 71//291 1333//291
f 681//855 3682//855 3680//855
f 840//291 1643//291 2239//291
f 4//856 3626//856 3//856
f 606//291 694//291 3571//291
f 2355//857 2255//857 2305//857
f 1418//291 981//291 275//291
f 1933//291 2172//291 1200//291
f 2611//858 3068//858 1868//858
f 2239//291 2686//291 2140//291
f 3663//291 3647//291 2755//291
f 2005//859 2007//859 2066//859
f 2066//291 304//291 2005//291
f 3235//860 3100//860 3092//860
f 927//861 838//861 931//861
f 3022//862 2869//862 2890//862
f 1311//291 1933//291 1276//291
f 2583//863 2662//863 2629//863
f 759//864 894//864 902//864
f 1219//865 138//865 3685//865
f 2505//291 3570//291 1333//291
f 2111//291 2172//291 1933//291
f 2//866 3619//866 5//866
f 927//867 931//867 1034//867
f 2686//291 1279//291 2066//291
f 1946//868 42//868 114//868
f 1034//869 931//869 1035//869
f 1288//291 2505//291 1333//291
f 1933//291 3410//291 3492//291
f 780//291 84//291 694//291
f 84//291 3571//291 694//291
f 864//291 104//291 275//291
f 819//870 581//870 726//870
f 1818//291 2243//291 324//291
f 858//871 759//871 902//871
f 513//872 389//872 638//872
f 1205//873 1093//873 1128//873
f 2127//874 2242//874 2232//874
f 3231//875 3364//875 3202//875
f 676//291 3663//291 2755//291
f 3632//291 64//291 67//291
f 2350//876 2404//876 2403//876
f 516//877 670//877 639//877
f 2267//291 87//291 3615//291
f 450//878 525//878 668//878
f 3675//879 1480//879 3677//879
f 3580//291 1392//291 1766//291
f 228//880 3678//880 3677//880
f 3626//881 2//881 1//881
f 3173//291 162//291 3286//291
f 3361//882 3415//882 3357//882
f 3031//883 3231//883 3202//883
f 681//884 428//884 3682//884
f 3550//291 3597//291 3286//291
f 3590//291 3618//291 3619//291
f 3686//885 1101//885 3688//885
f 228//291 91//291 681//291
f 3618//291 2589//291 3619//291
f 3473//886 3263//886 3435//886
f 495//887 707//887 670//887
f 670//888 516//888 495//888
f 91//291 428//291 681//291
f 3590//291 3524//291 110//291
f 3579//291 3192//291 3619//291
f 2243//291 67//291 1155//291
f 3171//13 3083//13 3017//13
f 1034//889 1035//889 1117//889
f 3235//860 3242//860 3100//860
f 3092//890 2959//890 2953//890
f 38//291 3650//291 453//291
f 304//291 2243//291 1155//291
f 940//291 36//291 3211//291
f 918//891 843//891 957//891
f 36//291 3055//291 3211//291
f 2909//892 3006//892 2807//892
f 1480//893 228//893 3677//893
f 548//894 823//894 727//894
f 2853//895 2735//895 2744//895
f 3204//896 3194//896 3422//896
f 3681//897 275//897 104//897
f 2243//291 3632//291 67//291
f 808//898 846//898 946//898
f 2774//899 2853//899 2744//899
f 3324//291 940//291 3211//291
f 3348//900 3298//900 3170//900
f 2639//901 2661//901 2744//901
f 3278//902 3023//902 3070//902
f 579//903 536//903 533//903
f 2779//904 2798//904 2890//904
f 3172//905 2997//905 2925//905
f 3557//906 3600//906 3567//906
f 3393//907 3557//907 3567//907
f 3364//908 3207//908 3202//908
f 42//909 152//909 114//909
f 928//910 946//910 1058//910
f 1688//911 1655//911 1778//911
f 2925//912 2995//912 2923//912
f 1117//913 1035//913 1122//913
f 1782//914 1688//914 1778//914
f 1117//915 1122//915 1228//915
f 2172//291 1112//291 1200//291
f 1116//916 1001//916 1168//916
f 968//917 917//917 979//917
f 3420//918 3417//918 3374//918
f 2890//919 2869//919 2779//919
f 2782//920 2887//920 2788//920
f 823//921 819//921 727//921
f 2726//922 2638//922 2652//922
f 3647//291 48//291 162//291
f 3278//923 3466//923 3428//923
f 1780//13 1721//13 1650//13
f 1290//924 1365//924 1271//924
f 117//291 185//291 2483//291
f 3686//925 3684//925 428//925
f 90//291 1946//291 1186//291
f 1316//926 1292//926 1236//926
f 2708//927 2782//927 2788//927
f 3396//928 3216//928 3336//928
f 2916//929 2850//929 2973//929
f 2577//291 1952//291 160//291
f 3076//930 3155//930 2973//930
f 2973//931 2911//931 3076//931
f 1952//291 1699//291 160//291
f 3447//291 3398//291 929//291
f 3092//890 3100//890 2959//890
f 1227//932 1277//932 1375//932
f 3476//933 3467//933 3431//933
f 2354//934 2260//934 2225//934
f 1682//935 1683//935 1747//935
f 1096//936 1195//936 1184//936
f 3618//291 3590//291 110//291
f 2483//291 185//291 3520//291
f 10//937 117//937 2483//937
f 3336//938 3259//938 3430//938
f 2953//939 2830//939 2823//939
f 594//940 661//940 534//940
f 1033//941 924//941 992//941
f 1895//942 1983//942 1968//942
f 1570//291 2503//291 1010//291
f 3520//943 3626//943 4//943
f 1643//291 2686//291 2239//291
f 152//944 42//944 274//944
f 1228//945 1122//945 1232//945
f 1888//291 143//291 42//291
f 274//946 42//946 143//946
f 697//291 81//291 1064//291
f 1492//947 1606//947 1512//947
f 843//948 739//948 875//948
f 2912//949 2788//949 2887//949
f 1683//950 1731//950 1748//950
f 2697//951 2816//951 2668//951
f 106//291 64//291 62//291
f 681//952 3680//952 228//952
f 2574//953 2697//953 2555//953
f 84//291 2548//291 2411//291
f 1228//954 1232//954 1340//954
f 1182//955 1177//955 1236//955
f 2912//956 2799//956 2788//956
f 3674//291 559//291 2722//291
f 1340//957 1232//957 1342//957
f 1654//958 1568//958 1605//958
f 559//291 2612//291 2722//291
f 2409//291 1521//291 1818//291
f 1340//959 1342//959 1450//959
f 697//960 2893//960 3141//960
f 2893//291 1064//291 3670//291
f 1292//961 1182//961 1236//961
f 2739//962 2668//962 2816//962
f 3421//802 3370//802 3360//802
f 3117//963 3182//963 3059//963
f 2128//964 2093//964 2207//964
f 3402//965 3563//965 556//965
f 741//966 854//966 906//966
f 3690//967 978//967 3687//967
f 121//291 52//291 653//291
f 2107//968 2176//968 2207//968
f 1177//969 1068//969 1172//969
f 1224//970 1236//970 1177//970
f 2668//971 2555//971 2697//971
f 1455//291 1055//291 37//291
f 1574//972 1675//972 1665//972
f 1825//973 1781//973 1884//973
f 1547//974 1574//974 1646//974
f 2601//975 2555//975 2668//975
f 2283//976 2375//976 2376//976
f 856//291 881//291 937//291
f 564//977 699//977 771//977
f 1675//978 1762//978 1665//978
f 3590//291 3619//291 3626//291
f 90//291 42//291 1946//291
f 923//979 922//979 823//979
f 2799//980 2716//980 2721//980
f 3359//981 3245//981 3248//981
f 2548//291 1360//291 2411//291
f 134//982 3582//982 1318//982
f 2261//983 2173//983 2231//983
f 727//984 819//984 726//984
f 994//985 873//985 987//985
f 1450//986 1342//986 1451//986
f 639//987 427//987 516//987
f 1067//988 1162//988 1069//988
f 3148//989 3127//989 3262//989
f 1084//990 994//990 987//990
f 2053//991 1997//991 1987//991
f 1942//992 2053//992 1987//992
f 3408//993 3338//993 3262//993
f 3384//994 3408//994 3262//994
f 2097//995 1999//995 2095//995
f 3580//291 3615//291 1392//291
f 71//291 2267//291 3615//291
f 2234//291 1793//291 1392//291
f 1219//291 978//291 138//291
f 2633//996 2708//996 2721//996
f 2931//291 980//291 2805//291
f 1747//997 1683//997 1748//997
f 1450//998 1451//998 1546//998
f 2953//999 2959//999 2830//999
f 980//291 3674//291 2805//291
f 1638//291 2589//291 3650//291
f 2135//1000 2167//1000 2060//1000
f 2589//291 230//291 3650//291
f 3674//291 2722//291 2805//291
f 3626//1001 3619//1001 2//1001
f 3579//291 3619//291 2589//291
f 2362//1002 2252//1002 2290//1002
f 1569//1003 1685//1003 1655//1003
f 1606//1004 1569//1004 1655//1004
f 3037//1005 2974//1005 3238//1005
f 3618//291 110//291 2589//291
f 1793//291 2047//291 1392//291
f 2823//1006 2700//1006 2693//1006
f 982//1007 992//1007 910//1007
f 1546//1008 1451//1008 1547//1008
f 3113//1009 3114//1009 3144//1009
f 2678//291 651//291 111//291
f 983//1010 982//1010 923//1010
f 984//1011 953//1011 952//1011
f 1546//1012 1646//1012 1649//1012
f 1351//1013 1395//1013 1462//1013
f 445//291 1306//291 111//291
f 2903//291 59//291 1306//291
f 3024//1014 3176//1014 3229//1014
f 1082//1015 1080//1015 983//1015
f 2304//1016 2395//1016 2423//1016
f 1461//1017 1351//1017 1462//1017
f 957//1018 1056//1018 918//1018
f 59//291 2678//291 111//291
f 640//291 940//291 3407//291
f 1665//1019 1646//1019 1574//1019
f 1546//1020 1547//1020 1646//1020
f 90//291 2548//291 84//291
f 1519//1021 1574//1021 1547//1021
f 2867//1022 3026//1022 2887//1022
f 3375//1023 3139//1023 3246//1023
f 940//291 3324//291 3407//291
f 1056//1024 1132//1024 989//1024
f 880//1025 973//1025 909//1025
f 556//291 3662//291 81//291
f 2539//1026 2525//1026 2415//1026
f 3421//1027 3431//1027 3370//1027
f 2640//1028 2719//1028 2525//1028
f 2490//1029 2336//1029 2455//1029
f 76//1030 25//1030 50//1030
f 809//1031 741//1031 906//1031
f 1585//1032 1582//1032 1462//1032
f 707//1033 528//1033 771//1033
f 3371//1034 3159//1034 3238//1034
f 1791//1035 1790//1035 1748//1035
f 1750//1036 1787//1036 1703//1036
f 337//1037 380//1037 516//1037
f 3379//1038 3384//1038 3218//1038
f 2719//1039 2795//1039 2651//1039
f 3075//1040 3200//1040 3218//1040
f 2893//291 697//291 1064//291
f 3381//1041 3412//1041 3383//1041
f 3683//1042 1418//1042 3681//1042
f 1573//1043 1576//1043 1657//1043
f 3384//1044 3262//1044 3218//1044
f 129//291 690//291 138//291
f 2109//1045 2178//1045 2125//1045
f 3276//1046 3315//1046 3158//1046
f 2493//1047 2496//1047 2557//1047
f 1557//1048 1539//1048 1463//1048
f 3567//1049 3600//1049 3620//1049
f 1659//1050 1703//1050 1636//1050
f 2801//1051 2861//1051 2727//1051
f 2726//1052 2801//1052 2727//1052
f 2884//1053 2974//1053 2765//1053
f 942//1054 941//1054 1050//1054
f 2118//1055 2184//1055 2100//1055
f 661//1056 456//1056 534//1056
f 1659//1057 1750//1057 1703//1057
f 1703//1058 1672//1058 1636//1058
f 3597//291 1037//291 3398//291
f 2612//291 89//291 2004//291
f 1760//1059 1673//1059 1672//1059
f 1868//291 3279//291 3666//291
f 731//291 52//291 2503//291
f 1909//1060 1899//1060 1987//1060
f 3159//1061 2947//1061 3037//1061
f 2823//1006 2830//1006 2700//1006
f 1826//1062 1921//1062 1783//1062
f 3317//1063 3119//1063 3293//1063
f 424//1064 594//1064 534//1064
f 1184//1065 1204//1065 1135//1065
f 1811//1066 1701//1066 1821//1066
f 3670//1067 1578//1067 2752//1067
f 790//1068 852//1068 917//1068
f 912//1069 790//1069 917//1069
f 852//1070 979//1070 917//1070
f 1106//1071 1062//1071 1060//1071
f 875//1072 739//1072 748//1072
f 1037//291 960//291 3398//291
f 87//291 2234//291 3615//291
f 690//291 981//291 138//291
f 1124//1073 1072//1073 1135//1073
f 1071//1074 1009//1074 939//1074
f 1072//1075 1045//1075 1135//1075
f 739//1076 621//1076 637//1076
f 1451//1077 1519//1077 1547//1077
f 2260//1078 2181//1078 2170//1078
f 2944//1079 3099//1079 3076//1079
f 3089//1080 3024//1080 3229//1080
f 2033//1081 2109//1081 2125//1081
f 495//1082 528//1082 707//1082
f 2128//1083 2039//1083 2093//1083
f 2508//1084 2395//1084 2497//1084
f 3359//844 3374//844 3245//844
f 2119//1085 2035//1085 2125//1085
f 2178//1086 2119//1086 2125//1086
f 2409//291 44//291 1521//291
f 67//291 1554//291 1639//291
f 3248//1087 3105//1087 3084//1087
f 2234//291 1392//291 3615//291
f 1528//1088 1573//1088 1525//1088
f 1753//1089 1764//1089 1864//1089
f 3300//1090 3147//1090 3120//1090
f 377//1091 384//1091 307//1091
f 432//1092 472//1092 257//1092
f 176//1093 175//1093 212//1093
f 3324//1094 3330//1094 3407//1094
f 1204//1095 1124//1095 1135//1095
f 2693//1096 2568//1096 2566//1096
f 3220//1097 3161//1097 3394//1097
f 1361//1098 1358//1098 1453//1098
f 3280//1099 3286//1099 3394//1099
f 3161//1100 3280//1100 3394//1100
f 3398//1101 3446//1101 3394//1101
f 3418//720 3472//720 3433//720
f 2988//1102 3140//1102 3234//1102
f 3418//1103 3372//1103 3354//1103
f 3048//1104 3354//1104 3227//1104
f 377//1105 305//1105 546//1105
f 3094//1106 2988//1106 3234//1106
f 716//1107 643//1107 506//1107
f 1747//1108 1748//1108 1790//1108
f 3198//1109 3428//1109 3368//1109
f 519//1110 661//1110 722//1110
f 72//1111 50//1111 54//1111
f 3354//1112 3244//1112 3227//1112
f 2936//1113 3227//1113 3085//1113
f 3527//1114 3343//1114 3513//1114
f 3498//1115 3527//1115 3513//1115
f 3051//1116 3197//1116 2928//1116
f 2927//1117 2988//1117 3094//1117
f 3354//1118 3372//1118 3244//1118
f 3418//1119 3433//1119 3372//1119
f 1042//1120 1176//1120 1082//1120
f 2945//1121 2927//1121 3094//1121
f 3227//1122 3104//1122 3085//1122
f 2805//1123 2720//1123 2806//1123
f 2657//1124 2770//1124 2806//1124
f 1899//1125 1811//1125 1821//1125
f 2770//1126 2866//1126 2933//1126
f 3356//1127 3378//1127 3233//1127
f 1426//1128 1519//1128 1451//1128
f 1155//291 1747//291 1790//291
f 2593//1129 2712//1129 2683//1129
f 2833//1130 2703//1130 2810//1130
f 1649//1131 1719//1131 1722//1131
f 2964//1132 2833//1132 2943//1132
f 3276//1133 3155//1133 3369//1133
f 504//1134 641//1134 506//1134
f 44//291 62//291 1521//291
f 2854//1135 3085//1135 2943//1135
f 10//1136 12//1136 117//1136
f 1947//1137 1996//1137 1863//1137
f 1947//1138 2050//1138 1996//1138
f 2232//1139 2114//1139 2127//1139
f 1880//1140 1998//1140 1947//1140
f 1404//1141 1291//1141 1398//1141
f 1346//1142 1290//1142 1291//1142
f 2804//1143 2945//1143 2824//1143
f 1834//1144 1899//1144 1821//1144
f 1649//1145 1646//1145 1719//1145
f 1722//1146 1813//1146 1815//1146
f 1766//291 149//291 1880//291
f 3083//1147 3018//1147 3017//1147
f 1722//1148 1719//1148 1813//1148
f 1241//1149 1363//1149 1249//1149
f 2053//1150 1942//1150 1996//1150
f 2593//1151 2508//1151 2497//1151
f 2999//1152 2912//1152 2887//1152
f 2364//1153 2250//1153 2357//1153
f 1815//1154 1911//1154 1910//1154
f 1604//1155 1720//1155 1610//1155
f 1799//1156 1684//1156 1723//1156
f 1841//1157 1799//1157 1723//1157
f 1572//1158 1457//1158 1453//1158
f 875//1159 957//1159 843//1159
f 1815//1160 1813//1160 1911//1160
f 2667//1161 2580//1161 2741//1161
f 2693//1162 2700//1162 2568//1162
f 2093//1163 2039//1163 2021//1163
f 1080//1164 1175//1164 992//1164
f 1910//1165 2012//1165 2015//1165
f 1176//1166 1175//1166 1082//1166
f 2330//1167 2407//1167 2390//1167
f 2468//1168 2356//1168 2390//1168
f 2486//1169 2468//1169 2390//1169
f 3585//291 268//291 3664//291
f 3246//1170 2976//1170 3108//1170
f 2874//1171 2787//1171 2958//1171
f 2251//1172 2207//1172 2176//1172
f 1295//1173 1184//1173 1271//1173
f 3379//1174 3218//1174 3200//1174
f 1896//1175 1956//1175 1995//1175
f 683//1176 812//1176 561//1176
f 1231//1177 1167//1177 1251//1177
f 2566//1178 2437//1178 2438//1178
f 471//1179 657//1179 715//1179
f 2769//1180 2669//1180 2625//1180
f 376//1181 543//1181 500//1181
f 197//1182 338//1182 322//1182
f 1910//1183 1911//1183 2012//1183
f 2024//1184 1903//1184 1995//1184
f 2100//1185 2024//1185 1995//1185
f 3379//1186 3315//1186 3458//1186
f 2451//1187 2358//1187 2384//1187
f 3509//1188 3379//1188 3458//1188
f 922//1189 695//1189 819//1189
f 1489//1190 1492//1190 1384//1190
f 3248//1191 3245//1191 3105//1191
f 3361//1192 3252//1192 3232//1192
f 1157//1193 1234//1193 1255//1193
f 3360//1194 3240//1194 3230//1194
f 1407//1195 1466//1195 1376//1195
f 2719//1196 2832//1196 2795//1196
f 3084//1197 2967//1197 2951//1197
f 3315//1198 3379//1198 3200//1198
f 1358//1199 1295//1199 1271//1199
f 3095//1200 2874//1200 2958//1200
f 3361//1201 3357//1201 3252//1201
f 3232//1202 3101//1202 3093//1202
f 823//1203 922//1203 819//1203
f 3468//1204 3336//1204 3430//1204
f 3232//1205 3252//1205 3101//1205
f 2954//1206 2872//1206 3093//1206
f 1253//1207 1251//1207 1176//1207
f 1993//1208 2017//1208 1929//1208
f 3084//1209 3105//1209 2967//1209
f 2986//1210 3224//1210 3103//1210
f 3026//1211 3241//1211 2999//1211
f 3241//860 3091//860 3106//860
f 2787//1212 2715//1212 2829//1212
f 805//1213 620//1213 742//1213
f 497//1214 742//1214 620//1214
f 2951//1215 2835//1215 2819//1215
f 2951//1215 2967//1215 2835//1215
f 3241//1216 3233//1216 3091//1216
f 2033//1217 2125//1217 2035//1217
f 533//1218 462//1218 461//1218
f 937//291 881//291 1011//291
f 616//1219 799//1219 704//1219
f 1777//1220 1801//1220 1896//1220
f 2808//1221 1961//1221 2278//1221
f 1208//1222 1209//1222 1345//1222
f 3098//1223 2884//1223 2961//1223
f 3360//844 3370//844 3240//844
f 330//1224 319//1224 458//1224
f 982//1225 1080//1225 992//1225
f 197//1226 242//1226 338//1226
f 1904//1227 1929//1227 1819//1227
f 496//1228 322//1228 338//1228
f 2958//1229 2787//1229 2829//1229
f 841//1230 584//1230 837//1230
f 3230//1231 3102//1231 3090//1231
f 440//1232 254//1232 303//1232
f 1895//1233 1802//1233 1822//1233
f 1368//1234 1366//1234 1253//1234
f 1296//1235 1262//1235 1356//1235
f 1396//1236 1356//1236 1262//1236
f 3536//1237 3510//1237 3406//1237
f 1455//1238 2366//1238 2112//1238
f 3106//1239 2952//1239 2968//1239
f 276//1240 267//1240 277//1240
f 1350//1241 1246//1241 1245//1241
f 3106//890 3091//890 2952//890
f 427//1242 374//1242 211//1242
f 1714//1243 1648//1243 1707//1243
f 236//1244 337//1244 211//1244
f 2351//1245 2350//1245 2403//1245
f 2819//1246 2835//1246 2711//1246
f 2711//1247 2835//1247 2704//1247
f 1664//1248 1713//1248 1777//1248
f 1759//1249 1664//1249 1777//1249
f 461//1250 404//1250 401//1250
f 3430//1251 3259//1251 3366//1251
f 983//1252 1080//1252 982//1252
f 3093//1253 2963//1253 2954//1253
f 3355//1254 3406//1254 3510//1254
f 3093//1255 3101//1255 2963//1255
f 2711//1256 2704//1256 2579//1256
f 2954//1257 2827//1257 2821//1257
f 2878//1258 3103//1258 2962//1258
f 2015//1259 2133//1259 2142//1259
f 3016//1260 3179//1260 3236//1260
f 314//1261 276//1261 313//1261
f 2769//1262 2951//1262 2819//1262
f 2769//1263 2819//1263 2669//1263
f 2015//1264 2012//1264 2133//1264
f 2711//1265 2669//1265 2819//1265
f 924//1266 910//1266 992//1266
f 2888//1267 2789//1267 2969//1267
f 72//1268 76//1268 50//1268
f 1243//1269 1372//1269 1352//1269
f 3230//1270 3240//1270 3102//1270
f 3090//1271 2965//1271 2955//1271
f 1948//1272 1865//1272 1978//1272
f 2954//1273 2963//1273 2827//1273
f 1990//1274 2056//1274 1967//1274
f 1870//1275 1901//1275 1967//1275
f 552//1276 364//1276 524//1276
f 2142//1277 2241//1277 2248//1277
f 684//1278 722//1278 806//1278
f 552//1279 688//1279 488//1279
f 582//1280 474//1280 366//1280
f 2821//1006 2698//1006 2688//1006
f 1100//1281 1243//1281 1237//1281
f 1033//1282 992//1282 1175//1282
f 2821//1283 2827//1283 2698//1283
f 1208//1284 1345//1284 1348//1284
f 3090//1285 3102//1285 2965//1285
f 1174//1286 1157//1286 1013//1286
f 2142//1287 2133//1287 2241//1287
f 2955//1288 2838//1288 2811//1288
f 539//1289 338//1289 418//1289
f 1726//1290 1810//1290 1704//1290
f 704//1291 801//1291 578//1291
f 1585//1292 1602//1292 1704//1292
f 1461//1293 1331//1293 1350//1293
f 1078//1294 1102//1294 971//1294
f 2968//1295 2826//1295 2834//1295
f 2961//1296 2795//1296 2832//1296
f 2248//1297 2372//1297 2378//1297
f 3277//1298 3190//1298 3009//1298
f 2917//1299 2876//1299 2740//1299
f 457//1300 425//1300 539//1300
f 578//1301 703//1301 503//1301
f 1545//1302 1609//1302 1664//1302
f 1702//1303 1585//1303 1704//1303
f 1195//1304 1290//1304 1271//1304
f 503//1305 588//1305 418//1305
f 2968//1295 2952//1295 2826//1295
f 772//1306 850//1306 943//1306
f 3108//1307 2888//1307 2969//1307
f 2181//1308 2103//1308 2170//1308
f 1810//1309 1702//1309 1704//1309
f 2050//1310 2127//1310 2114//1310
f 322//1311 168//1311 197//1311
f 1072//1312 1124//1312 1070//1312
f 1947//1313 1998//1313 2050//1313
f 2834//1314 2699//1314 2702//1314
f 1582//1315 1518//1315 1461//1315
f 458//1316 321//1316 322//1316
f 2114//1317 1996//1317 2050//1317
f 1891//1318 1923//1318 1810//1318
f 438//1319 401//1319 325//1319
f 1998//1320 2127//1320 2050//1320
f 3118//1321 3013//1321 3237//1321
f 638//1322 639//1322 669//1322
f 2935//1323 3116//1323 3039//1323
f 2851//1324 2816//1324 2960//1324
f 3324//1325 3214//1325 3330//1325
f 2834//1326 2826//1326 2699//1326
f 441//1327 614//1327 543//1327
f 2955//1328 2965//1328 2838//1328
f 2741//1329 2755//1329 2863//1329
f 1541//1330 1447//1330 1444//1330
f 2949//1331 3039//1331 3164//1331
f 3211//1332 3060//1332 3214//1332
f 1961//1333 40//1333 2278//1333
f 2593//1334 2497//1334 2629//1334
f 2579//1335 2704//1335 2572//1335
f 1068//1336 1177//1336 1182//1336
f 2250//1337 2364//1337 2211//1337
f 1807//1338 1761//1338 1838//1338
f 2756//1339 2962//1339 2828//1339
f 2688//1096 2569//1096 2562//1096
f 2434//1340 2563//1340 2454//1340
f 1456//1341 1541//1341 1444//1341
f 1082//1342 1175//1342 1080//1342
f 2702//1343 2570//1343 2573//1343
f 1134//1344 1179//1344 1239//1344
f 2053//1345 2114//1345 2152//1345
f 2232//1346 2152//1346 2114//1346
f 2216//1347 2182//1347 2316//1347
f 2877//1348 3002//1348 2992//1348
f 2687//1349 2824//1349 2691//1349
f 2832//1350 2640//1350 2701//1350
f 343//1351 502//1351 395//1351
f 1485//1352 1482//1352 1368//1352
f 650//1353 459//1353 3563//1353
f 2487//1354 2542//1354 2578//1354
f 2496//1355 2487//1355 2578//1355
f 41//13 68//13 54//13
f 2250//1356 2152//1356 2232//1356
f 1322//1357 1444//1357 1343//1357
f 314//1358 343//1358 395//1358
f 2220//1359 2253//1359 2273//1359
f 2260//1078 2170//1078 2225//1078
f 2582//1360 2676//1360 2670//1360
f 2248//1361 2241//1361 2372//1361
f 2992//1362 2863//1362 2877//1362
f 1184//1363 1135//1363 1045//1363
f 2566//1178 2568//1178 2437//1178
f 2378//1364 2492//1364 2498//1364
f 2269//1365 2102//1365 2022//1365
f 3663//291 3662//291 2387//291
f 3366//1366 3118//1366 3237//1366
f 102//1367 76//1367 72//1367
f 3016//1368 3236//1368 3097//1368
f 2702//1369 2699//1369 2570//1369
f 1251//1370 1167//1370 1175//1370
f 2688//1162 2698//1162 2569//1162
f 2562//1178 2442//1178 2435//1178
f 3331//1371 3533//1371 3506//1371
f 2562//1178 2569//1178 2442//1178
f 548//1372 300//1372 367//1372
f 470//1373 250//1373 300//1373
f 548//1374 470//1374 300//1374
f 629//1375 760//1375 789//1375
f 2912//1376 2999//1376 3106//1376
f 1923//1377 1812//1377 1810//1377
f 3014//1378 3091//1378 3233//1378
f 2883//1379 2952//1379 3091//1379
f 2435//1380 2318//1380 2312//1380
f 2435//1381 2442//1381 2318//1381
f 2588//1382 2488//1382 2504//1382
f 3427//1383 3178//1383 3378//1383
f 1176//1384 1251//1384 1175//1384
f 3013//1385 2929//1385 3096//1385
f 2198//1386 2153//1386 2319//1386
f 3168//1387 2992//1387 3002//1387
f 2312//1388 2195//1388 2190//1388
f 1917//1389 1985//1389 1867//1389
f 1915//1390 1866//1390 1977//1390
f 1409//1391 1268//1391 1387//1391
f 2312//1392 2318//1392 2195//1392
f 1589//1393 1631//1393 1507//1393
f 2190//1394 2085//1394 2077//1394
f 3194//1395 2989//1395 3043//1395
f 3199//1396 3044//1396 2990//1396
f 3173//1397 3168//1397 3002//1397
f 1235//1398 1134//1398 1239//1398
f 2508//1399 2423//1399 2395//1399
f 49//291 2127//291 1531//291
f 2646//1400 2649//1400 2733//1400
f 1223//1401 1323//1401 1299//1401
f 2646//1402 2564//1402 2649//1402
f 1557//1403 1659//1403 1636//1403
f 1539//1404 1557//1404 1636//1404
f 380//1405 495//1405 516//1405
f 436//1406 395//1406 546//1406
f 1541//1407 1539//1407 1608//1407
f 323//1408 309//1408 263//1408
f 1458//1409 1476//1409 1359//1409
f 1348//1410 1345//1410 1460//1410
f 3664//291 1638//291 3650//291
f 651//1411 649//1411 532//1411
f 1570//291 2626//291 2503//291
f 190//1412 269//1412 263//1412
f 3310//1413 3250//1413 3061//1413
f 3264//1414 3312//1414 3406//1414
f 3295//1415 3126//1415 3058//1415
f 3195//1416 3308//1416 3367//1416
f 181//1417 190//1417 263//1417
f 2587//1418 2659//1418 2676//1418
f 1348//1419 1460//1419 1464//1419
f 1464//1420 1460//1420 1584//1420
f 38//291 3664//291 3650//291
f 3668//291 81//291 3662//291
f 2789//1421 2713//1421 2836//1421
f 1458//1422 1359//1422 1293//1422
f 676//291 2626//291 1570//291
f 2021//1423 2107//1423 2093//1423
f 447//1424 532//1424 537//1424
f 743//1425 652//1425 537//1425
f 3195//1426 2914//1426 2982//1426
f 3617//13 3628//13 3649//13
f 1464//1427 1584//1427 1588//1427
f 2969//1428 2789//1428 2836//1428
f 649//1429 743//1429 537//1429
f 2477//1430 2357//1430 2373//1430
f 1603//1431 1601//1431 1485//1431
f 440//1432 517//1432 675//1432
f 309//1433 181//1433 263//1433
f 723//1434 678//1434 802//1434
f 1195//1435 1271//1435 1184//1435
f 1927//1436 1923//1436 2031//1436
f 27//1437 54//1437 50//1437
f 3549//13 3483//13 3383//13
f 265//1438 331//1438 310//1438
f 1528//1439 1576//1439 1573//1439
f 2578//1440 2564//1440 2496//1440
f 2940//1441 2885//1441 2938//1441
f 920//1442 814//1442 904//1442
f 25//1443 27//1443 50//1443
f 41//1444 29//1444 32//1444
f 342//1445 534//1445 456//1445
f 711//1446 791//1446 802//1446
f 1050//1447 941//1447 1115//1447
f 2438//1448 2311//1448 2317//1448
f 1588//1449 1584//1449 1708//1449
f 3193//1450 3217//1450 3256//1450
f 3254//1451 3253//1451 3299//1451
f 3302//1452 3319//1452 3256//1452
f 2870//1453 2777//1453 2892//1453
f 2670//1454 2785//1454 2777//1454
f 3639//13 3651//13 3661//13
f 2676//1455 2781//1455 2785//1455
f 678//1456 711//1456 802//1456
f 2403//1457 2404//1457 2469//1457
f 1588//1458 1708//1458 1712//1458
f 3166//1459 3110//1459 2998//1459
f 55//1460 61//1460 32//1460
f 2469//1461 2471//1461 2403//1461
f 2357//1462 2232//1462 2242//1462
f 255//1463 265//1463 310//1463
f 1599//1464 1476//1464 1458//1464
f 1476//1465 1475//1465 1359//1465
f 2785//1466 2905//1466 2910//1466
f 945//1467 1034//1467 1117//1467
f 2656//1468 2670//1468 2758//1468
f 2777//1469 2910//1469 2892//1469
f 2758//1470 2658//1470 2656//1470
f 937//291 2172//291 2111//291
f 1596//1471 1476//1471 1597//1471
f 2935//1472 3010//1472 3116//1472
f 2811//1473 2705//1473 2692//1473
f 2373//1474 2503//1474 2477//1474
f 1759//1475 1597//1475 1599//1475
f 1111//1476 1193//1476 1232//1476
f 1153//1477 1027//1477 1149//1477
f 1291//1478 1171//1478 1284//1478
f 3714//1479 3629//1479 3716//1479
f 1153//1480 1042//1480 1027//1480
f 1183//1481 1117//1481 1228//1481
f 731//291 653//291 52//291
f 1573//1482 1548//1482 1525//1482
f 58//1483 55//1483 34//1483
f 3668//291 676//291 1570//291
f 1246//1484 1331//1484 1264//1484
f 1613//1485 1536//1485 1567//1485
f 1280//1486 1149//1486 1268//1486
f 1681//1487 1673//1487 1760//1487
f 1541//1488 1608//1488 1542//1488
f 2004//291 89//291 3279//291
f 2573//1489 2441//1489 2448//1489
f 1555//1490 1577//1490 1677//1490
f 3237//1491 3013//1491 3096//1491
f 1712//1492 1708//1492 1823//1492
f 1712//1493 1823//1493 1826//1493
f 1244//1494 1189//1494 1282//1494
f 3179//1495 2904//1495 2980//1495
f 1664//1496 1759//1496 1599//1496
f 3047//1497 3297//1497 3266//1497
f 2238//1498 2348//1498 2282//1498
f 1476//1499 1599//1499 1597//1499
f 2169//1500 2158//1500 2059//1500
f 1826//1501 1823//1501 1939//1501
f 2190//1394 2195//1394 2085//1394
f 1915//1502 1962//1502 1840//1502
f 486//1503 354//1503 636//1503
f 1347//1504 1444//1504 1447//1504
f 1062//1505 1106//1505 1107//1505
f 1300//1506 1284//1506 1165//1506
f 2792//1507 2734//1507 2732//1507
f 1190//1508 1191//1508 1107//1508
f 316//1509 255//1509 310//1509
f 1826//1510 1939//1510 1943//1510
f 3085//1511 2964//1511 2943//1511
f 2218//1512 2106//1512 2142//1512
f 3454//1513 3493//1513 3455//1513
f 1920//1514 2002//1514 1925//1514
f 1831//1515 1717//1515 1830//1515
f 309//1516 177//1516 181//1516
f 1715//1517 1597//1517 1717//1517
f 1943//1518 1939//1518 2051//1518
f 1831//1519 1715//1519 1717//1519
f 2138//1520 2229//1520 2133//1520
f 1903//1521 2024//1521 1944//1521
f 271//13 404//13 350//13
f 2476//13 2452//13 2522//13
f 401//1522 326//1522 325//1522
f 2378//1523 2372//1523 2492//1523
f 3017//1524 2940//1524 2938//1524
f 2620//13 2617//13 2533//13
f 2653//1525 2643//1525 2771//1525
f 1731//1526 1669//1526 1698//1526
f 388//1527 316//1527 310//1527
f 339//1528 171//1528 454//1528
f 2709//1529 2800//1529 2766//1529
f 2465//1530 2342//1530 2378//1530
f 569//1531 339//1531 454//1531
f 593//1532 569//1532 454//1532
f 71//291 1452//291 1412//291
f 2599//1533 2465//1533 2498//1533
f 3390//1534 3319//1534 3302//1534
f 336//1535 593//1535 454//1535
f 919//1536 907//1536 1039//1536
f 1943//1537 2051//1537 2054//1537
f 2540//1538 2425//1538 2458//1538
f 3414//13 3549//13 3383//13
f 2338//1539 2337//1539 2430//1539
f 647//1540 641//1540 773//1540
f 3495//1541 3300//1541 3470//1541
f 862//1542 814//1542 920//1542
f 1060//1543 1062//1543 985//1543
f 1711//1544 1710//1544 1603//1544
f 1472//1545 1468//1545 1417//1545
f 1369//1546 1434//1546 1417//1546
f 1417//1547 1353//1547 1369//1547
f 1903//1548 1830//1548 1759//1548
f 2753//1549 2610//1549 2728//1549
f 1824//1550 1797//1550 1900//1550
f 1452//1551 1525//1551 1449//1551
f 2760//1552 2943//1552 2810//1552
f 1548//1553 1573//1553 1615//1553
f 1525//1554 1477//1554 1449//1554
f 1481//1555 1403//1555 1483//1555
f 2713//1556 2723//1556 2604//1556
f 182//1557 190//1557 181//1557
f 966//1558 1083//1558 988//1558
f 178//1559 182//1559 177//1559
f 3673//1560 3720//1560 3661//1560
f 1597//1561 1759//1561 1717//1561
f 1333//1562 1410//1562 1332//1562
f 904//1563 996//1563 920//1563
f 2054//1564 2051//1564 2162//1564
f 1062//1565 1107//1565 1091//1565
f 585//1566 711//1566 566//1566
f 1300//1567 1165//1567 1191//1567
f 2836//1568 2636//1568 2706//1568
f 1449//1569 1428//1569 1410//1569
f 2758//1570 2777//1570 2870//1570
f 445//291 111//291 532//291
f 1288//1571 1332//1571 1287//1571
f 1468//1572 1567//1572 1536//1572
f 2019//1573 1938//1573 1991//1573
f 2054//1574 2162//1574 2165//1574
f 2647//1575 2718//1575 2791//1575
f 723//1576 802//1576 814//1576
f 3110//1577 3081//1577 2998//1577
f 3064//1578 3281//1578 3300//1578
f 2900//1579 2728//1579 2818//1579
f 89//291 3666//291 3279//291
f 3250//1580 3176//1580 2996//1580
f 1190//1581 1289//1581 1191//1581
f 432//1582 413//1582 323//1582
f 2165//1583 2162//1583 2282//1583
f 1559//1584 1483//1584 1536//1584
f 2165//1585 2282//1585 2283//1585
f 1625//1586 1514//1586 1568//1586
f 3317//1587 3293//1587 3475//1587
f 2348//1588 2444//1588 2466//1588
f 802//1589 904//1589 814//1589
f 3261//1590 3431//1590 3467//1590
f 2811//1591 2838//1591 2705//1591
f 560//1592 477//1592 365//1592
f 276//1593 331//1593 265//1593
f 267//1594 276//1594 265//1594
f 2438//1595 2437//1595 2311//1595
f 1229//1596 1341//1596 1258//1596
f 2692//1096 2576//1096 2565//1096
f 255//1597 256//1597 265//1597
f 168//1598 322//1598 321//1598
f 604//1599 483//1599 741//1599
f 2579//1600 2572//1600 2457//1600
f 854//1601 619//1601 754//1601
f 604//1602 361//1602 483//1602
f 2692//1162 2705//1162 2576//1162
f 2565//1603 2446//1603 2436//1603
f 1210//1604 1259//1604 1161//1604
f 1018//1605 1089//1605 1161//1605
f 865//1606 943//1606 1053//1606
f 1936//1607 1838//1607 1874//1607
f 2457//1608 2572//1608 2456//1608
f 2706//1609 2521//1609 2575//1609
f 2565//1610 2576//1610 2446//1610
f 2044//1611 1981//1611 2087//1611
f 2283//1612 2282//1612 2375//1612
f 2424//1613 2456//1613 2572//1613
f 2436//1614 2320//1614 2313//1614
f 3317//1615 3475//1615 3515//1615
f 669//1616 639//1616 670//1616
f 2436//1380 2446//1380 2320//1380
f 1202//1617 1029//1617 1151//1617
f 1339//1618 1250//1618 1389//1618
f 1250//1619 1202//1619 1151//1619
f 3321//1620 3292//1620 3065//1620
f 3228//1621 3063//1621 3000//1621
f 1717//1622 1759//1622 1830//1622
f 3533//1623 3331//1623 3350//1623
f 3495//1624 3533//1624 3350//1624
f 1994//1625 2085//1625 2090//1625
f 2782//1626 2708//1626 2779//1626
f 2642//1627 2674//1627 2783//1627
f 1330//1628 1222//1628 1336//1628
f 2151//1629 2238//1629 2162//1629
f 2573//1178 2570//1178 2441//1178
f 2886//1630 3097//1630 2957//1630
f 2313//1631 2194//1631 2189//1631
f 2448//1595 2314//1595 2323//1595
f 2146//1632 2031//1632 2150//1632
f 388//1633 310//1633 331//1633
f 2187//1634 2311//1634 2150//1634
f 2003//1635 2076//1635 2150//1635
f 400//1636 239//1636 194//1636
f 3175//1637 3086//1637 2926//1637
f 3011//1638 2924//1638 2843//1638
f 2048//1639 2083//1639 2161//1639
f 2984//1640 2871//1640 2870//1640
f 2247//1641 2139//1641 2161//1641
f 573//1642 610//1642 382//1642
f 600//1643 573//1643 394//1643
f 207//1644 394//1644 382//1644
f 411//1645 210//1645 382//1645
f 3537//1646 3386//1646 3337//1646
f 1394//1647 1463//1647 1405//1647
f 3386//1648 3143//1648 3337//1648
f 1820//1649 1738//1649 1866//1649
f 979//1650 944//1650 1072//1650
f 1582//1651 1585//1651 1702//1651
f 629//1652 789//1652 788//1652
f 1409//1653 1387//1653 1530//1653
f 1806//1654 1804//1654 1711//1654
f 2756//1655 2763//1655 2878//1655
f 1366//1656 1231//1656 1251//1656
f 2986//1657 3103//1657 2878//1657
f 2922//1658 3176//1658 3024//1658
f 2474//1659 2375//1659 2475//1659
f 2900//1660 2818//1660 3024//1660
f 489//1661 629//1661 788//1661
f 3358//1662 3229//1662 3176//1662
f 591//1663 489//1663 788//1663
f 2040//1664 2059//1664 2158//1664
f 2188//1665 2070//1665 2158//1665
f 3254//1666 3299//1666 3301//1666
f 2297//1667 2310//1667 2158//1667
f 1830//1668 1903//1668 1944//1668
f 3397//13 3320//13 3254//13
f 200//1669 168//1669 321//1669
f 793//13 825//13 935//13
f 2474//1670 2475//1670 2613//1670
f 1696//1671 1784//1671 1662//1671
f 2558//1672 2546//1672 2491//1672
f 1696//1673 1662//1673 1560//1673
f 2313//1674 2320//1674 2194//1674
f 1322//1675 1260//1675 1405//1675
f 2377//1676 2247//1676 2421//1676
f 2535//1677 2377//1677 2421//1677
f 1253//1678 1366//1678 1251//1678
f 2077//1679 1980//1679 1971//1679
f 1412//1680 1449//1680 1410//1680
f 1238//1681 1347//1681 1226//1681
f 825//1682 826//1682 935//1682
f 1275//1683 1226//1683 1325//1683
f 3096//1684 2861//1684 2956//1684
f 3387//1685 3271//1685 3150//1685
f 3247//1686 3125//1686 3271//1686
f 3160//1687 3367//1687 3243//1687
f 3387//1688 3529//1688 3399//1688
f 3163//1689 3000//1689 2924//1689
f 3163//1690 2924//1690 3011//1690
f 3163//1691 3245//1691 3374//1691
f 2613//1692 2475//1692 2615//1692
f 2907//1693 3105//1693 3011//1693
f 2073//1694 2130//1694 2010//1694
f 2073//1695 2010//1695 1953//1695
f 1979//1696 2086//1696 1953//1696
f 1827//1697 1871//1697 1953//1697
f 1116//1698 1168//1698 1277//1698
f 1145//1699 1116//1699 1227//1699
f 1344//1700 1265//1700 1227//1700
f 1227//1701 1375//1701 1344//1701
f 1868//291 3646//291 3279//291
f 2018//1702 1916//1702 1948//1702
f 1444//1703 1322//1703 1456//1703
f 2356//1704 2231//1704 2330//1704
f 1948//1705 1890//1705 1865//1705
f 1348//1706 1464//1706 1334//1706
f 1208//1707 1348//1707 1210//1707
f 1259//1708 1210//1708 1334//1708
f 1445//1709 1383//1709 1334//1709
f 1054//1710 964//1710 1103//1710
f 859//1711 761//1711 965//1711
f 1067//1712 859//1712 965//1712
f 1580//1713 1666//1713 1551//1713
f 1042//1714 1153//1714 1176//1714
f 460//1715 329//1715 321//1715
f 1280//1716 1253//1716 1153//1716
f 893//1717 1027//1717 1042//1717
f 1896//1718 1995//1718 1903//1718
f 485//1719 362//1719 544//1719
f 3419//1720 3176//1720 3250//1720
f 3310//1721 3459//1721 3250//1721
f 782//1722 855//1722 630//1722
f 3301//13 3397//13 3254//13
f 426//1723 250//1723 470//1723
f 2109//1724 2024//1724 2155//1724
f 1945//1725 1830//1725 1944//1725
f 548//1726 727//1726 470//1726
f 2655//1727 2698//1727 2827//1727
f 2442//1728 2569//1728 2388//1728
f 2381//1729 2388//1729 2519//1729
f 2655//1730 2507//1730 2519//1730
f 1894//1731 1877//1731 1774//1731
f 1666//1732 1706//1732 1774//1732
f 930//1733 751//1733 803//1733
f 934//1734 930//1734 803//1734
f 3454//1735 3395//1735 3413//1735
f 614//1736 709//1736 544//1736
f 1838//1737 1924//1737 1807//1737
f 607//1738 648//1738 803//1738
f 3635//291 39//291 464//291
f 2024//1739 2100//1739 2155//1739
f 1959//1740 2040//1740 1922//1740
f 1808//1741 1837//1741 1922//1741
f 1808//1742 1848//1742 1729//1742
f 2040//1743 1964//1743 1922//1743
f 3016//1744 3097//1744 2886//1744
f 362//1745 449//1745 544//1745
f 2644//1746 2734//1746 2757//1746
f 2448//1448 2441//1448 2314//1448
f 1839//13 1893//13 1816//13
f 998//1747 930//1747 1044//1747
f 3193//1748 3189//1748 3110//1748
f 460//1749 500//1749 329//1749
f 2809//1750 2915//1750 2988//1750
f 1216//1751 1074//1751 1120//1751
f 2420//1752 2394//1752 2305//1752
f 373//1753 490//1753 601//1753
f 909//1754 788//1754 789//1754
f 760//1755 880//1755 789//1755
f 2329//1756 2218//1756 2342//1756
f 3320//13 3273//13 3191//13
f 2900//1757 3089//1757 2950//1757
f 2164//1758 2197//1758 2046//1758
f 2613//1759 2615//1759 2710//1759
f 3254//13 3320//13 3191//13
f 2710//1760 2615//1760 2709//1760
f 3660//1761 3659//1761 3725//1761
f 1212//1762 1317//1762 1310//1762
f 1431//1763 1423//1763 1317//1763
f 1263//1764 1382//1764 1317//1764
f 1144//1765 1263//1765 1212//1765
f 200//1766 321//1766 329//1766
f 1883//1767 1804//1767 1914//1767
f 1640//1768 1538//1768 1565//1768
f 2345//1769 2349//1769 2273//1769
f 1231//1770 1261//1770 1140//1770
f 2757//1771 2957//1771 2822//1771
f 1493//1772 1563//1772 1435//1772
f 2378//1773 2498//1773 2465//1773
f 2248//1774 2378//1774 2342//1774
f 2431//1775 2342//1775 2465//1775
f 2928//1776 2844//1776 3051//1776
f 3101//1777 3252//1777 2932//1777
f 2077//1679 2085//1679 1980//1679
f 2844//1778 2736//1778 2932//1778
f 245//1779 200//1779 329//1779
f 500//1780 381//1780 329//1780
f 734//1781 831//1781 554//1781
f 1448//1782 1374//1782 1437//1782
f 478//1783 554//1783 696//1783
f 2317//1784 2187//1784 2193//1784
f 809//1785 720//1785 604//1785
f 1339//1786 1435//1786 1326//1786
f 741//1787 809//1787 604//1787
f 741//1788 483//1788 619//1788
f 1493//1789 1509//1789 1644//1789
f 1689//1790 1563//1790 1644//1790
f 1761//1791 1689//1791 1644//1791
f 2575//1792 2419//1792 2447//1792
f 1633//1793 1745//1793 1644//1793
f 2198//1794 2082//1794 2153//1794
f 1482//1795 1320//1795 1366//1795
f 3193//1796 3253//1796 3189//1796
f 3307//1797 3516//1797 3337//1797
f 2485//1798 2531//1798 2422//1798
f 2900//1799 3024//1799 3089//1799
f 1214//1800 1156//1800 1216//1800
f 2295//1801 2328//1801 2443//1801
f 2710//1802 2709//1802 2767//1802
f 309//1803 308//1803 177//1803
f 1103//1804 1114//1804 1217//1804
f 1330//1805 1217//1805 1222//1805
f 1249//1806 1336//1806 1222//1806
f 1442//1807 1371//1807 1488//1807
f 362//1808 295//1808 449//1808
f 1368//1809 1482//1809 1366//1809
f 2753//1810 2728//1810 2900//1810
f 1659//1811 1635//1811 1738//1811
f 614//1812 544//1812 449//1812
f 2753//1813 2950//1813 2820//1813
f 2457//1814 2331//1814 2324//1814
f 2323//1815 2206//1815 2200//1815
f 1487//1816 1579//1816 1583//1816
f 3728//1817 3660//1817 3725//1817
f 2498//1818 2604//1818 2610//1818
f 2849//1819 2767//1819 2850//1819
f 543//1820 614//1820 449//1820
f 2457//1821 2456//1821 2331//1821
f 295//1822 381//1822 449//1822
f 1463//1823 1456//1823 1405//1823
f 777//1824 773//1824 907//1824
f 2189//1394 2086//1394 2078//1394
f 1583//1825 1579//1825 1705//1825
f 1249//1826 1371//1826 1336//1826
f 2324//1827 2196//1827 2192//1827
f 2561//1828 2599//1828 2690//1828
f 446//1829 593//1829 336//1829
f 3303//13 3157//13 3273//13
f 196//1830 243//1830 336//1830
f 2324//1831 2331//1831 2196//1831
f 1613//1832 1698//1832 1669//1832
f 2028//1833 2008//1833 1918//1833
f 2943//1834 2833//1834 2810//1834
f 1918//1835 1907//1835 1799//1835
f 1329//1836 1214//1836 1216//1836
f 2423//1837 2508//1837 2549//1837
f 2426//1838 2423//1838 2549//1838
f 773//1839 958//1839 907//1839
f 2618//1840 2822//1840 2689//1840
f 1912//1841 1824//1841 1938//1841
f 2366//1842 1455//1842 37//1842
f 1117//1843 1183//1843 1061//1843
f 2155//1844 2305//1844 2255//1844
f 2849//1845 2850//1845 2914//1845
f 2105//1846 2124//1846 2019//1846
f 3637//13 3649//13 3665//13
f 2323//1847 2314//1847 2206//1847
f 3307//1848 3474//1848 3516//1848
f 2914//1849 2850//1849 2916//1849
f 3537//1850 3337//1850 3516//1850
f 295//1851 245//1851 381//1851
f 528//1852 564//1852 771//1852
f 1399//1853 1400//1853 1302//1853
f 1994//1854 1980//1854 2085//1854
f 2214//1855 2312//1855 2190//1855
f 2914//1856 2916//1856 2982//1856
f 1601//1857 1491//1857 1482//1857
f 2285//1858 2435//1858 2312//1858
f 1118//1859 1241//1859 1127//1859
f 2571//1860 2445//1860 2549//1860
f 1222//1861 1217//1861 1114//1861
f 2490//1862 2691//1862 2560//1862
f 1564//1863 1610//1863 1684//1863
f 2354//1864 2423//1864 2426//1864
f 1799//1865 1792//1865 1684//1865
f 3191//13 3273//13 3082//13
f 1610//1866 1723//1866 1684//1866
f 543//1867 449//1867 381//1867
f 2982//1868 2916//1868 2983//1868
f 1485//1869 1601//1869 1482//1869
f 2192//1870 2196//1870 2092//1870
f 1283//1871 1254//1871 1136//1871
f 1803//1872 1740//1872 1869//1872
f 2092//1873 2196//1873 2087//1873
f 2753//1874 2820//1874 2599//1874
f 2982//1875 2983//1875 3040//1875
f 3040//1876 2983//1876 3041//1876
f 1625//1877 1700//1877 1741//1877
f 1399//1878 1302//1878 1301//1878
f 2106//1879 2218//1879 2205//1879
f 393//1880 169//1880 378//1880
f 426//1881 602//1881 378//1881
f 204//1882 426//1882 378//1882
f 1273//1883 1319//1883 1364//1883
f 1198//1884 1301//1884 1302//1884
f 884//1885 930//1885 998//1885
f 930//1886 884//1886 751//1886
f 1113//1887 1014//1887 998//1887
f 3343//1888 3290//1888 3513//1888
f 1341//1889 1439//1889 1380//1889
f 482//1890 356//1890 637//1890
f 500//1891 543//1891 381//1891
f 1467//1892 1605//1892 1568//1892
f 1568//1893 1654//1893 1625//1893
f 2150//1894 2311//1894 2290//1894
f 1467//1895 1511//1895 1605//1895
f 2252//1896 2146//1896 2290//1896
f 2044//1897 2149//1897 2038//1897
f 1593//1898 1534//1898 1592//1898
f 1337//1899 1300//1899 1289//1899
f 1066//1900 1115//1900 941//1900
f 2504//1901 2488//1901 2402//1901
f 1313//1902 1376//1902 1255//1902
f 2189//1394 2194//1394 2086//1394
f 245//1903 329//1903 381//1903
f 2164//1904 2165//1904 2266//1904
f 2383//1905 2321//1905 2266//1905
f 2266//1906 2283//1906 2383//1906
f 2420//1907 2397//1907 2516//1907
f 2317//1908 2311//1908 2187//1908
f 2437//1909 2462//1909 2290//1909
f 2462//1910 2437//1910 2568//1910
f 845//1911 939//1911 787//1911
f 1691//1912 1776//1912 1720//1912
f 1678//1913 1564//1913 1684//1913
f 3110//1914 3189//1914 3081//1914
f 3390//1915 3440//1915 3441//1915
f 816//1916 765//1916 941//1916
f 2802//13 2812//13 2934//13
f 369//1917 555//1917 302//1917
f 2998//1918 3081//1918 2984//1918
f 626//1919 702//1919 787//1919
f 739//1920 843//1920 621//1920
f 2687//1921 2691//1921 2581//1921
f 2680//1922 2687//1922 2547//1922
f 1761//1923 1807//1923 1689//1923
f 2490//1924 2455//1924 2581//1924
f 3040//1925 3041//1925 3074//1925
f 2424//1926 2572//1926 2504//1926
f 2801//1927 2726//1927 2825//1927
f 1626//1928 1497//1928 1555//1928
f 1677//1929 1626//1929 1555//1929
f 2764//1930 2964//1930 2889//1930
f 2977//1931 2768//1931 2889//1931
f 3104//1932 2977//1932 2889//1932
f 3227//1933 3244//1933 3104//1933
f 3189//1934 3082//1934 3081//1934
f 3350//1935 3147//1935 3300//1935
f 669//1936 670//1936 706//1936
f 1671//1937 1593//1937 1668//1937
f 1399//1938 1443//1938 1400//1938
f 3278//1939 3428//1939 3198//1939
f 2447//1940 2327//1940 2322//1940
f 525//1941 370//1941 567//1941
f 705//1942 820//1942 567//1942
f 499//1943 705//1943 567//1943
f 748//1944 739//1944 637//1944
f 370//1945 499//1945 567//1945
f 2733//1946 2780//1946 2646//1946
f 3082//1947 2985//1947 3081//1947
f 2927//1948 2804//1948 2790//1948
f 2856//13 2840//13 3050//13
f 2790//1949 2804//1949 2680//1949
f 2885//1950 2803//1950 2882//1950
f 1434//1951 1336//1951 1442//1951
f 2895//1952 2856//1952 3020//1952
f 1191//1953 1039//1953 1081//1953
f 758//1954 626//1954 787//1954
f 939//1955 921//1955 787//1955
f 3169//1956 2941//1956 3022//1956
f 641//1957 853//1957 773//1957
f 970//1958 877//1958 859//1958
f 628//1959 859//1959 744//1959
f 1812//1960 1796//1960 1702//1960
f 2106//1961 2067//1961 2011//1961
f 2193//1394 2076//1394 2080//1394
f 1931//1962 2015//1962 2011//1962
f 1975//1963 1931//1963 2011//1963
f 2067//1964 1975//1964 2011//1964
f 1089//1965 1018//1965 967//1965
f 867//1966 993//1966 967//1966
f 756//1967 867//1967 967//1967
f 414//1968 571//1968 609//1968
f 2078//1679 1979//1679 1973//1679
f 710//1969 493//1969 635//1969
f 3350//1970 3134//1970 3147//1970
f 2007//1971 1938//1971 2019//1971
f 1282//1972 1189//1972 1217//1972
f 405//1973 577//1973 351//1973
f 3433//1974 3472//1974 3208//1974
f 172//1975 209//1975 351//1975
f 405//1976 351//1976 209//1976
f 396//1977 193//1977 351//1977
f 3357//1978 3197//1978 3051//1978
f 1887//1979 1789//1979 1809//1979
f 1900//1980 1938//1980 1824//1980
f 2193//1394 2187//1394 2076//1394
f 1971//1981 1872//1981 1852//1981
f 3274//1982 3052//1982 3219//1982
f 3074//1983 3041//1983 3075//1983
f 2945//1984 2804//1984 2927//1984
f 1044//1985 1130//1985 998//1985
f 981//1986 3685//1986 138//1986
f 1091//1987 1191//1987 1081//1987
f 3666//291 89//291 464//291
f 2080//1679 1972//1679 1974//1679
f 2196//1988 2331//1988 2240//1988
f 595//1989 473//1989 583//1989
f 2339//1990 2240//1990 2331//1990
f 2984//1640 2985//1640 2871//1640
f 509//1991 718//1991 658//1991
f 3195//1992 3367//1992 3160//1992
f 3001//1993 2914//1993 3160//1993
f 3160//1994 3243//1994 3001//1994
f 909//1995 789//1995 880//1995
f 647//1996 506//1996 641//1996
f 2303//1997 2354//1997 2426//1997
f 3175//1998 3421//1998 3360//1998
f 3253//1999 3191//1999 3189//1999
f 2149//2000 2196//2000 2240//2000
f 2348//2001 2315//2001 2444//2001
f 1046//2002 933//2002 1063//2002
f 2445//2003 2308//2003 2426//2003
f 2080//1679 2076//1679 1972//1679
f 3253//2004 3256//2004 3299//2004
f 1103//2005 1119//2005 1054//2005
f 3074//2006 3075//2006 3125//2006
f 2017//2007 1993//2007 2090//2007
f 840//291 2004//291 3646//291
f 3673//2008 3657//2008 3722//2008
f 1091//2009 1081//2009 1032//2009
f 985//2010 1091//2010 1032//2010
f 2230//2011 2141//2011 2240//2011
f 1119//2012 1217//2012 1189//2012
f 2339//2013 2230//2013 2240//2013
f 179//2014 327//2014 319//2014
f 642//2015 709//2015 538//2015
f 441//2016 412//2016 538//2016
f 813//2017 642//2017 732//2017
f 2220//2018 2178//2018 2253//2018
f 3467//2019 3505//2019 3400//2019
f 1983//2020 2039//2020 1968//2020
f 1974//2021 1853//2021 1854//2021
f 2882//13 2802//13 2934//13
f 3261//2022 3467//2022 3400//2022
f 1443//2023 1532//2023 1446//2023
f 2956//2024 2801//2024 2825//2024
f 953//2025 985//2025 1032//2025
f 406//2026 206//2026 339//2026
f 874//2027 963//2027 949//2027
f 436//2028 335//2028 395//2028
f 826//2029 827//2029 949//2029
f 996//2030 1103//2030 964//2030
f 869//2031 953//2031 959//2031
f 544//2032 709//2032 485//2032
f 1274//2033 1244//2033 1307//2033
f 1974//2021 1972//2021 1853//2021
f 1853//2034 1972//2034 1891//2034
f 2617//2035 2619//2035 2537//2035
f 2566//2036 2438//2036 2422//2036
f 2007//2037 1912//2037 1938//2037
f 2335//2038 2346//2038 2264//2038
f 1927//2039 1901//2039 1812//2039
f 1936//2040 2038//2040 1924//2040
f 2157//2041 2096//2041 2116//2041
f 2200//2042 2083//2042 2088//2042
f 3274//2043 3219//2043 3392//2043
f 1334//2044 1210//2044 1348//2044
f 376//2045 215//2045 260//2045
f 1315//2046 1274//2046 1307//2046
f 136//13 259//13 216//13
f 500//2047 327//2047 376//2047
f 2530//2048 2666//2048 2586//2048
f 2239//2049 2140//2049 2237//2049
f 1854//2050 1734//2050 1736//2050
f 1353//2051 1315//2051 1307//2051
f 622//2052 485//2052 709//2052
f 3256//2053 3319//2053 3381//2053
f 706//2054 670//2054 707//2054
f 709//2055 813//2055 622//2055
f 31//2056 30//2056 56//2056
f 1608//2057 1673//2057 1607//2057
f 2618//2058 2689//2058 2470//2058
f 66//13 79//13 56//13
f 2195//2059 2177//2059 2085//2059
f 3470//2060 3300//2060 3281//2060
f 2092//2061 2087//2061 1970//2061
f 56//2062 30//2062 66//2062
f 3187//13 2897//13 2868//13
f 1437//2063 1308//2063 1329//2063
f 1314//2064 1353//2064 1307//2064
f 2178//2065 2208//2065 2253//2065
f 1269//2066 1323//2066 1223//2066
f 678//2067 723//2067 605//2067
f 956//2068 861//2068 1057//2068
f 1854//2050 1853//2050 1734//2050
f 1541//2069 1542//2069 1447//2069
f 2498//2070 2492//2070 2604//2070
f 3441//2071 3480//2071 3478//2071
f 231//13 164//13 112//13
f 1736//2072 1623//2072 1628//2072
f 3648//13 3634//13 3661//13
f 773//2073 853//2073 958//2073
f 1150//2074 1269//2074 1223//2074
f 1119//2075 1007//2075 1054//2075
f 504//2076 743//2076 641//2076
f 974//2077 1057//2077 861//2077
f 1656//2078 1544//2078 1588//2078
f 999//13 1126//13 976//13
f 3639//13 3631//13 3651//13
f 1314//2079 1307//2079 1244//2079
f 864//291 275//291 981//291
f 869//2080 863//2080 779//2080
f 1441//2081 1584//2081 1460//2081
f 1410//2082 1428//2082 1397//2082
f 164//13 231//13 531//13
f 1736//2072 1734//2072 1623//2072
f 3159//2083 3371//2083 3291//2083
f 708//13 839//13 531//13
f 3653//13 3638//13 3644//13
f 3125//2084 3075//2084 3127//2084
f 781//2085 869//2085 779//2085
f 3586//13 3614//13 3587//13
f 1411//13 1406//13 1524//13
f 1586//13 1411//13 1524//13
f 1594//13 1676//13 1524//13
f 1406//13 1465//13 1524//13
f 1586//13 1524//13 1676//13
f 1768//13 1586//13 1676//13
f 1749//13 1836//13 1676//13
f 1594//13 1749//13 1676//13
f 1768//13 1676//13 1836//13
f 1935//13 1768//13 1836//13
f 1955//13 2009//13 1836//13
f 1783//2086 1656//2086 1712//2086
f 1749//13 1875//13 1836//13
f 1851//2087 1783//2087 1921//2087
f 1935//13 1836//13 2009//13
f 3614//13 3609//13 3648//13
f 2063//13 2156//13 2009//13
f 1844//2088 1926//2088 1939//2088
f 1955//13 2063//13 2009//13
f 869//2089 959//2089 863//2089
f 1940//13 1839//13 1988//13
f 68//13 70//13 98//13
f 126//13 107//13 151//13
f 112//13 113//13 155//13
f 231//13 112//13 155//13
f 312//13 375//13 155//13
f 1332//2090 1337//2090 1287//2090
f 2282//2091 2162//2091 2238//2091
f 2463//13 2276//13 2259//13
f 2164//2092 2046//2092 2054//2092
f 2515//13 2595//13 2414//13
f 1806//2093 1890//2093 1916//2093
f 32//2094 34//2094 55//2094
f 78//13 55//13 80//13
f 1970//2095 1846//2095 1968//2095
f 641//2096 743//2096 853//2096
f 109//13 99//13 131//13
f 2266//2097 2165//2097 2283//2097
f 2515//13 2634//13 2595//13
f 3213//13 3258//13 3403//13
f 2717//13 2840//13 2707//13
f 2634//13 2754//13 2717//13
f 3435//2098 3263//2098 3291//2098
f 3371//2099 3435//2099 3291//2099
f 853//2100 863//2100 958//2100
f 107//13 123//13 225//13
f 2110//2101 2020//2101 2041//2101
f 1863//2102 1754//2102 1864//2102
f 1862//2103 1864//2103 1764//2103
f 2238//2104 2191//2104 2315//2104
f 2389//13 2371//13 2452//13
f 3587//13 3450//13 3548//13
f 3586//13 3587//13 3548//13
f 2181//2105 2303//2105 2180//2105
f 2466//2106 2475//2106 2375//2106
f 3581//13 3606//13 3609//13
f 708//13 475//13 587//13
f 1337//2107 1397//2107 1413//2107
f 3599//13 3613//13 3583//13
f 3581//13 3583//13 3606//13
f 2156//13 2268//13 2094//13
f 2475//2108 2555//2108 2601//2108
f 959//2109 958//2109 863//2109
f 3577//13 3608//13 3607//13
f 2718//2110 2613//2110 2710//2110
f 2212//13 2119//13 2168//13
f 116//13 136//13 100//13
f 3125//2111 3127//2111 3150//2111
f 126//13 125//13 92//13
f 2615//2112 2475//2112 2601//2112
f 66//13 92//13 96//13
f 959//2113 1032//2113 1081//2113
f 504//2114 384//2114 377//2114
f 126//13 82//13 107//13
f 66//13 53//13 82//13
f 316//2115 323//2115 269//2115
f 272//13 225//13 123//13
f 2985//13 3015//13 2871//13
f 3472//2116 3513//2116 3290//2116
f 803//2117 648//2117 796//2117
f 2223//13 2212//13 2168//13
f 3454//2118 3414//2118 3412//2118
f 717//13 540//13 824//13
f 557//13 824//13 540//13
f 911//2119 768//2119 693//2119
f 2253//2120 2255//2120 2345//2120
f 3201//2121 3433//2121 3208//2121
f 429//2122 213//2122 258//2122
f 2879//2123 2767//2123 2849//2123
f 316//2124 388//2124 432//2124
f 2220//2125 2223//2125 2168//2125
f 267//2126 265//2126 256//2126
f 2630//2127 2534//2127 2635//2127
f 1230//13 1110//13 1160//13
f 3478//2128 3448//2128 3413//2128
f 1090//13 1002//13 1199//13
f 1110//13 1230//13 1199//13
f 1230//13 1420//13 1309//13
f 1309//13 1199//13 1230//13
f 1637//2129 1559//2129 1595//2129
f 1669//2130 1637//2130 1595//2130
f 1420//13 1562//13 1526//13
f 2730//2131 2729//2131 2635//2131
f 1628//2132 1502//2132 1503//2132
f 3549//13 3562//13 3483//13
f 3651//13 3638//13 3657//13
f 1562//13 1651//13 1526//13
f 1591//13 1526//13 1651//13
f 3445//13 3486//13 3555//13
f 1765//13 1679//13 1763//13
f 2456//2133 2424//2133 2331//2133
f 3586//13 3548//13 3553//13
f 1317//2134 1423//2134 1310//2134
f 1613//2135 1669//2135 1595//2135
f 3581//13 3576//13 3555//13
f 1843//13 1721//13 1780//13
f 2425//2136 2430//2136 2337//2136
f 3573//13 3602//13 3604//13
f 3565//13 3559//13 3605//13
f 3630//13 3602//13 3605//13
f 3665//13 3652//13 3637//13
f 3598//13 3623//13 3584//13
f 3589//13 3617//13 3598//13
f 3584//13 3564//13 3598//13
f 3605//13 3584//13 3623//13
f 3617//13 3623//13 3598//13
f 1089//2137 1208//2137 1210//2137
f 3638//13 3631//13 3612//13
f 2906//13 3034//13 2908//13
f 2463//13 2597//13 2412//13
f 2276//13 2463//13 2412//13
f 2742//13 2731//13 2897//13
f 2610//2138 2723//2138 2728//2138
f 1314//2139 1369//2139 1353//2139
f 70//13 68//13 41//13
f 190//2140 222//2140 269//2140
f 3162//13 2897//13 3187//13
f 3556//2141 3487//2141 3187//2141
f 1628//2132 1623//2132 1502//2132
f 3162//13 3187//13 3487//13
f 1559//2142 1536//2142 1595//2142
f 689//2143 723//2143 778//2143
f 2802//13 2748//13 2812//13
f 447//2144 537//2144 652//2144
f 1473//13 1517//13 1571//13
f 1591//13 1651//13 1679//13
f 1731//2145 1683//2145 1669//2145
f 2672//13 2747//13 2748//13
f 1613//2146 1595//2146 1536//2146
f 2078//1679 2086//1679 1979//1679
f 3150//2147 3127//2147 3148//2147
f 2585//2148 2730//2148 2635//2148
f 3448//2149 3478//2149 3497//2149
f 2073//2150 2194//2150 2209//2150
f 945//2151 1061//2151 871//2151
f 2673//2152 2672//2152 2748//2152
f 1749//13 1831//13 1875//13
f 1955//13 1836//13 1875//13
f 1973//2021 1871//2021 1849//2021
f 1945//13 1955//13 1875//13
f 2181//2153 2260//2153 2303//2153
f 1012//2154 871//2154 1061//2154
f 1183//2155 1012//2155 1061//2155
f 520//2156 735//2156 685//2156
f 2151//2157 2089//2157 2191//2157
f 2418//2158 2460//2158 2536//2158
f 1970//2159 2087//2159 1981//2159
f 3062//2160 3208//2160 3290//2160
f 3512//2161 3405//2161 3444//2161
f 3540//2162 3539//2162 3521//2162
f 2518//13 2624//13 2511//13
f 120//13 98//13 130//13
f 2528//2163 2418//2163 2536//2163
f 2119//2164 2178//2164 2168//2164
f 2627//2165 2528//2165 2536//2165
f 95//13 109//13 124//13
f 119//13 101//13 124//13
f 99//13 127//13 131//13
f 180//13 184//13 131//13
f 2405//13 2515//13 2380//13
f 2254//13 2300//13 2380//13
f 2864//2166 2981//2166 2966//2166
f 1936//2167 1924//2167 1838//2167
f 535//2168 529//2168 677//2168
f 3205//2169 3035//2169 2972//2169
f 2595//13 2707//13 2541//13
f 2595//13 2717//13 2707//13
f 2534//2170 2585//2170 2635//2170
f 1761//2171 1874//2171 1838//2171
f 535//2172 677//2172 679//2172
f 3029//13 2855//13 2880//13
f 3067//2173 2972//2173 2875//2173
f 732//2174 535//2174 679//2174
f 3257//13 3029//13 3046//13
f 3729//2175 3656//2175 3728//2175
f 3270//13 3450//13 3257//13
f 3549//13 3561//13 3583//13
f 3583//13 3561//13 3599//13
f 1581//2176 1454//2176 1327//2176
f 538//2177 412//2177 642//2177
f 226//13 529//13 410//13
f 3577//13 3578//13 3608//13
f 3519//2178 3482//2178 3481//2178
f 2946//2179 2875//2179 2773//2179
f 995//2180 858//2180 1003//2180
f 3607//13 3608//13 3624//13
f 648//2181 685//2181 796//2181
f 1685//2182 1624//2182 1740//2182
f 3048//2183 2936//2183 2873//2183
f 2805//2184 2806//2184 2931//2184
f 981//291 640//291 864//291
f 3722//2185 3667//2185 3724//2185
f 3539//2186 3540//2186 3493//2186
f 79//13 116//13 100//13
f 3448//2187 3539//2187 3493//2187
f 2936//2188 2854//2188 2772//2188
f 3416//291 3610//291 268//291
f 415//13 270//13 416//13
f 1123//2189 995//2189 1003//2189
f 3228//2190 3475//2190 3293//2190
f 2672//2191 2619//2191 2617//2191
f 2432//2192 2470//2192 2559//2192
f 1234//2193 1242//2193 1357//2193
f 2345//2194 2355//2194 2417//2194
f 2760//2195 2629//2195 2662//2195
f 3604//13 3608//13 3578//13
f 876//2196 705//2196 794//2196
f 1041//2197 1123//2197 1003//2197
f 3478//2198 3480//2198 3497//2198
f 1057//2199 974//2199 1129//2199
f 2707//13 2840//13 2856//13
f 1359//2200 1355//2200 1239//2200
f 861//2201 956//2201 794//2201
f 2587//2202 2484//2202 2517//2202
f 1565//2203 1448//2203 1437//2203
f 1503//2204 1385//2204 1381//2204
f 758//2205 787//2205 921//2205
f 1049//2206 935//2206 1046//2206
f 1236//2207 1224//2207 1316//2207
f 3150//2208 3148//2208 3133//2208
f 2632//13 2742//13 2714//13
f 615//2209 492//2209 725//2209
f 2937//2210 3003//2210 3088//2210
f 119//13 128//13 93//13
f 1403//2211 1315//2211 1353//2211
f 2405//13 2408//13 2514//13
f 2515//13 2405//13 2514//13
f 2634//13 2515//13 2514//13
f 226//13 163//13 126//13
f 3454//2212 3413//2212 3493//2212
f 2871//13 2899//13 2762//13
f 1971//2021 1980//2021 1872//2021
f 1393//2213 1281//2213 1299//2213
f 2392//2214 2396//2214 2306//2214
f 999//13 905//13 1049//13
f 2392//2215 2530//2215 2396//2215
f 905//13 793//13 935//13
f 2275//2216 2306//2216 2226//2216
f 3029//13 3257//13 3305//13
f 1134//2217 1131//2217 1049//2217
f 2953//2218 2776//2218 2898//2218
f 1323//2219 1393//2219 1299//2219
f 3133//2220 3148//2220 3132//2220
f 2881//2221 2885//2221 2940//2221
f 587//13 793//13 708//13
f 839//13 708//13 905//13
f 634//2222 861//2222 794//2222
f 1891//2223 1972//2223 2003//2223
f 2748//2224 2802//2224 2750//2224
f 1281//2225 1185//2225 1299//2225
f 2048//2226 1978//2226 2083//2226
f 1417//2227 1403//2227 1353//2227
f 2882//13 2934//13 3033//13
f 2465//2228 2599//2228 2561//2228
f 755//2229 622//2229 813//2229
f 2617//2230 2537//2230 2533//2230
f 933//2231 1046//2231 935//2231
f 1600//2232 1611//2232 1495//2232
f 3283//2233 3133//2233 3226//2233
f 2006//2234 1986//2234 2079//2234
f 2522//13 2533//13 2476//13
f 1800//2235 1865//2235 1890//2235
f 689//2236 605//2236 723//2236
f 2170//2237 2103//2237 2131//2237
f 3641//13 3659//13 3645//13
f 1978//2238 2048//2238 1948//2238
f 2209//2239 2226//2239 2130//2239
f 128//13 146//13 122//13
f 925//2240 755//2240 813//2240
f 2675//13 2754//13 2622//13
f 2554//2241 2656//2241 2658//2241
f 109//13 131//13 140//13
f 2550//2242 2656//2242 2554//2242
f 2229//2243 2138//2243 2199//2243
f 2762//13 2775//13 2658//13
f 1667//13 1679//13 1755//13
f 705//2244 634//2244 794//2244
f 587//13 692//13 793//13
f 1129//2245 1100//2245 1237//2245
f 3452//291 1575//291 864//291
f 1953//2246 2010//2246 1905//2246
f 1835//2247 1788//2247 1795//2247
f 1827//2248 1905//2248 1784//2248
f 1973//2021 1979//2021 1871//2021
f 1736//2249 1661//2249 1773//2249
f 1788//2250 1725//2250 1795//2250
f 3448//2251 3493//2251 3413//2251
f 3395//2252 3441//2252 3413//2252
f 1709//2253 1789//2253 1733//2253
f 1503//2204 1502//2204 1385//2204
f 1499//2254 1380//2254 1439//2254
f 1551//2255 1499//2255 1439//2255
f 933//2256 935//2256 826//2256
f 736//13 825//13 692//13
f 587//13 508//13 692//13
f 2398//2257 2256//2257 2361//2257
f 3672//2258 3669//2258 3726//2258
f 1618//2259 1551//2259 1666//2259
f 3724//2260 3672//2260 3726//2260
f 2550//2261 2471//2261 2469//2261
f 124//13 147//13 119//13
f 128//13 119//13 145//13
f 128//13 145//13 161//13
f 696//2262 554//2262 831//2262
f 1439//2263 1457//2263 1551//2263
f 141//13 259//13 116//13
f 2071//2264 2002//2264 2001//2264
f 1560//2265 1662//2265 1537//2265
f 3559//13 3565//13 3382//13
f 2389//13 2333//13 2371//13
f 183//2266 217//2266 184//2266
f 1794//13 1814//13 1879//13
f 1881//2267 1776//2267 1786//2267
f 1344//2268 1373//2268 1265//2268
f 3059//2269 3062//2269 3117//2269
f 821//2270 927//2270 1034//2270
f 2427//2271 2398//2271 2361//2271
f 3133//2272 3132//2272 3080//2272
f 2921//2273 3014//2273 3178//2273
f 945//2274 821//2274 1034//2274
f 3170//2275 3059//2275 3182//2275
f 2071//2276 2074//2276 2002//2276
f 2001//13 1950//13 2026//13
f 1381//2277 1266//2277 1257//2277
f 1431//2278 1537//2278 1423//2278
f 2533//2279 2478//2279 2476//2279
f 2533//13 2522//13 2620//13
f 1931//2280 1975//2280 1876//2280
f 2296//13 2245//13 2299//13
f 1847//2281 1876//2281 1975//2281
f 1835//2282 1882//2282 1925//2282
f 546//2283 502//2283 652//2283
f 1514//2284 1467//2284 1568//2284
f 2367//2285 2239//2285 2237//2285
f 2296//13 2333//13 2257//13
f 1381//2286 1385//2286 1266//2286
f 1925//2287 1882//2287 1920//2287
f 1829//13 1780//13 1581//13
f 2252//2288 2362//2288 2256//2288
f 2333//2289 2335//2289 2258//2289
f 1575//291 104//291 864//291
f 389//2290 346//2290 198//2290
f 1581//2291 1327//2291 1553//2291
f 2408//13 2405//13 2341//13
f 1237//2292 1243//2292 1352//2292
f 3494//13 3540//13 3577//13
f 311//2293 264//2293 233//2293
f 3034//13 3285//13 3258//13
f 2486//2294 2390//2294 2407//2294
f 646//2295 700//2295 579//2295
f 2431//2296 2465//2296 2561//2296
f 1553//2297 1828//2297 1581//2297
f 1240//2298 1148//2298 1266//2298
f 2275//2299 2209//2299 2352//2299
f 2392//2300 2275//2300 2352//2300
f 2233//13 2245//13 2175//13
f 1825//2301 1917//2301 1798//2301
f 1098//2302 1026//2302 1148//2302
f 1005//13 860//13 841//13
f 609//2303 417//2303 414//2303
f 2271//2304 2274//2304 2223//2304
f 2333//2305 2258//2305 2257//2305
f 2149//2306 2240//2306 2141//2306
f 2042//2307 2075//2307 1982//2307
f 3059//2308 3170//2308 3010//2308
f 1969//2309 1982//2309 2075//2309
f 961//2310 975//2310 1069//2310
f 669//2311 469//2311 513//2311
f 3143//2312 3386//2312 3223//2312
f 942//2313 816//2313 941//2313
f 3113//2314 3143//2314 3223//2314
f 765//2315 898//2315 941//2315
f 1257//2316 1148//2316 1139//2316
f 3107//2317 2981//2317 3243//2317
f 2341//13 2274//13 2347//13
f 1155//291 1682//291 1747//291
f 3610//291 3664//291 268//291
f 2341//13 2347//13 2408//13
f 862//2318 920//2318 964//2318
f 2272//2319 2160//2319 2177//2319
f 2090//2320 2085//2320 2177//2320
f 2400//13 2408//13 2347//13
f 1352//2321 1372//2321 1470//2321
f 3378//2322 3178//2322 3233//2322
f 3722//2323 3657//2323 3667//2323
f 1079//2324 1180//2324 1173//2324
f 2061//13 1941//13 1829//13
f 2359//2325 2228//2325 2244//2325
f 2257//2326 2213//2326 2210//2326
f 1257//2327 1266//2327 1148//2327
f 3080//2328 3132//2328 3079//2328
f 2610//2329 2604//2329 2723//2329
f 1550//2330 1600//2330 1478//2330
f 1377//2331 1254//2331 1367//2331
f 1440//2332 1349//2332 1425//2332
f 1139//2333 1026//2333 1017//2333
f 1283//2334 1367//2334 1254//2334
f 3219//2335 3113//2335 3223//2335
f 1540//2336 1440//2336 1425//2336
f 562//13 682//13 736//13
f 745//2337 879//2337 774//2337
f 1139//2338 1148//2338 1026//2338
f 2728//2339 2813//2339 2818//2339
f 266//2340 235//2340 264//2340
f 1159//2341 961//2341 1069//2341
f 2147//2342 2244//2342 2228//2342
f 264//2343 235//2343 233//2343
f 3386//2344 3392//2344 3223//2344
f 1173//2345 1180//2345 1220//2345
f 317//2346 233//2346 217//2346
f 1247//2347 1098//2347 1240//2347
f 975//2348 1067//2348 1069//2348
f 1054//2349 878//2349 964//2349
f 3648//2350 3661//2350 3718//2350
f 920//2351 996//2351 964//2351
f 377//2352 307//2352 305//2352
f 241//2353 346//2353 291//2353
f 2791//2354 2966//2354 2831//2354
f 2224//2355 2134//2355 2124//2355
f 1560//2356 1431//2356 1500//2356
f 2392//2357 2352//2357 2461//2357
f 2105//2358 2217//2358 2124//2358
f 2065//2359 2019//2359 2124//2359
f 2530//2360 2392//2360 2461//2360
f 486//2361 636//2361 691//2361
f 2200//2362 2206//2362 2083//2362
f 808//2363 624//2363 691//2363
f 1694//2364 1640//2364 1565//2364
f 2359//2365 2308//2365 2445//2365
f 2247//2366 2377//2366 2374//2366
f 2115//2367 2061//2367 1828//2367
f 3059//2368 3010//2368 3062//2368
f 2134//2369 2065//2369 2124//2369
f 3080//2370 3079//2370 3035//2370
f 3035//2371 3079//2371 3032//2371
f 2107//2372 2207//2372 2093//2372
f 1670//2373 1590//2373 1540//2373
f 1190//2374 1287//2374 1289//2374
f 110//291 191//291 182//291
f 472//2375 546//2375 305//2375
f 186//2376 308//2376 315//2376
f 966//2377 854//2377 969//2377
f 227//2378 315//2378 334//2378
f 3200//2379 3075//2379 3041//2379
f 1983//2380 2021//2380 2039//2380
f 2103//2381 2181//2381 2064//2381
f 3116//2382 3010//2382 3170//2382
f 2224//2383 2338//2383 2237//2383
f 1079//2384 966//2384 969//2384
f 2147//2385 2183//2385 2244//2385
f 1097//2386 1079//2386 969//2386
f 1105//2387 1007//2387 1119//2387
f 958//2388 1081//2388 907//2388
f 2352//2389 2446//2389 2461//2389
f 2244//2390 2308//2390 2359//2390
f 2046//2391 2084//2391 1976//2391
f 3368//2392 3224//2392 3156//2392
f 2709//2393 2739//2393 2800//2393
f 1845//2394 1771//2394 1737//2394
f 1017//2395 896//2395 887//2395
f 1431//2396 1382//2396 1500//2396
f 3198//2397 3368//2397 3156//2397
f 2061//2398 2115//2398 2363//2398
f 889//2399 1022//2399 969//2399
f 1081//2400 958//2400 959//2400
f 2986//2401 2942//2401 3156//2401
f 2728//2402 2723//2402 2813//2402
f 2360//2403 2490//2403 2433//2403
f 1300//2404 1191//2404 1289//2404
f 1477//2405 1523//2405 1428//2405
f 1062//2406 1091//2406 985//2406
f 1921//2407 2046//2407 1976//2407
f 930//2408 934//2408 1044//2408
f 603//2409 569//2409 592//2409
f 2271//2410 2351//2410 2274//2410
f 1642//2411 1548//2411 1615//2411
f 305//2412 258//2412 257//2412
f 1657//2413 1690//2413 1615//2413
f 1548//2414 1523//2414 1477//2414
f 1525//2415 1548//2415 1477//2415
f 667//2416 663//2416 592//2416
f 3224//2417 2986//2417 3156//2417
f 1502//2418 1602//2418 1484//2418
f 1849//2050 1742//2050 1733//2050
f 2339//2419 2331//2419 2424//2419
f 2368//2420 2239//2420 2367//2420
f 1385//2421 1502//2421 1484//2421
f 1205//2422 1295//2422 1297//2422
f 2106//2423 2011//2423 2015//2423
f 2329//2424 2205//2424 2218//2424
f 222//2425 255//2425 316//2425
f 2048//2426 2161//2426 2139//2426
f 730//2427 729//2427 667//2427
f 2401//2428 2339//2428 2424//2428
f 472//2429 436//2429 546//2429
f 1287//2430 1337//2430 1289//2430
f 1523//2431 1413//2431 1428//2431
f 816//2432 725//2432 633//2432
f 2630//2433 2635//2433 2729//2433
f 2329//2434 2342//2434 2431//2434
f 663//2435 667//2435 729//2435
f 1395//2436 1385//2436 1484//2436
f 2303//2437 2183//2437 2180//2437
f 331//2438 436//2438 388//2438
f 1602//2439 1585//2439 1484//2439
f 730//2440 817//2440 729//2440
f 1413//2441 1300//2441 1337//2441
f 1501//2442 1445//2442 1544//2442
f 1445//2443 1501//2443 1383//2443
f 904//2444 802//2444 791//2444
f 314//2445 395//2445 335//2445
f 1656//2446 1620//2446 1544//2446
f 276//2447 314//2447 335//2447
f 1445//2448 1588//2448 1544//2448
f 2864//2449 2966//2449 2791//2449
f 2710//2450 2864//2450 2718//2450
f 1849//2050 1871//2050 1742//2050
f 331//2451 276//2451 335//2451
f 436//2452 331//2452 335//2452
f 1332//2453 1410//2453 1397//2453
f 1337//2454 1332//2454 1397//2454
f 1691//2455 1590//2455 1670//2455
f 1786//2456 1691//2456 1670//2456
f 3067//2457 2946//2457 3240//2457
f 1666//2458 1580//2458 1706//2458
f 3292//2459 3476//2459 3421//2459
f 2320//2460 2209//2460 2194//2460
f 2073//2461 2086//2461 2194//2461
f 2726//2462 2727//2462 2638//2462
f 1296//2463 1147//2463 1262//2463
f 912//2464 968//2464 916//2464
f 1017//2465 1026//2465 896//2465
f 904//2466 774//2466 879//2466
f 2075//2467 2042//2467 2136//2467
f 2322//2468 2229//2468 2199//2468
f 1686//2469 1614//2469 1619//2469
f 887//2470 761//2470 755//2470
f 1697//2471 1819//2471 1705//2471
f 887//2470 896//2470 761//2470
f 2517//2472 2529//2472 2659//2472
f 1305//2473 1361//2473 1341//2473
f 3158//2474 3041//2474 2983//2474
f 3001//2475 2849//2475 2914//2475
f 1349//2476 1440//2476 1363//2476
f 1336//2477 1371//2477 1442//2477
f 1737//2478 1686//2478 1619//2478
f 1564//2479 1552//2479 1442//2479
f 755//2480 628//2480 622//2480
f 1906//2481 1881//2481 1786//2481
f 1321//2482 1215//2482 1286//2482
f 2710//2483 2767//2483 2864//2483
f 3643//13 3642//13 3624//13
f 2564//2484 2578//2484 2638//2484
f 3217//2485 3166//2485 3174//2485
f 755//2486 761//2486 628//2486
f 3304//2487 3463//2487 3308//2487
f 1032//2488 959//2488 953//2488
f 2937//2489 3027//2489 2858//2489
f 1394//2490 1405//2490 1260//2490
f 2042//2491 2097//2491 2136//2491
f 432//2492 388//2492 472//2492
f 622//2493 490//2493 485//2493
f 2262//13 2212//13 2223//13
f 966//2494 988//2494 854//2494
f 3317//2495 3515//2495 3391//2495
f 3531//2496 3341//2496 3391//2496
f 1428//2497 1413//2497 1397//2497
f 2037//2498 1990//2498 1927//2498
f 979//2499 1072//2499 1070//2499
f 1733//2072 1629//2072 1622//2072
f 1220//2500 1212//2500 1310//2500
f 1612//2501 1693//2501 1701//2501
f 1809//2502 1709//2502 1694//2502
f 1579//2503 1487//2503 1508//2503
f 233//2504 218//2504 217//2504
f 798//2505 836//2505 392//2505
f 1572//2506 1612//2506 1701//2506
f 1970//2507 1874//2507 1846//2507
f 1362//2508 1321//2508 1286//2508
f 1465//13 1324//13 1475//13
f 1551//2509 1457//2509 1580//2509
f 2794//2510 2886//2510 2734//2510
f 1406//13 1324//13 1465//13
f 438//2511 457//2511 553//2511
f 615//2512 369//2512 492//2512
f 1302//2513 1362//2513 1286//2513
f 3152//2514 3391//2514 3341//2514
f 622//2515 628//2515 490//2515
f 3116//2516 3222//2516 3039//2516
f 247//2517 206//2517 421//2517
f 379//2518 571//2518 414//2518
f 500//2519 460//2519 327//2519
f 215//2520 376//2520 327//2520
f 2489//2521 2368//2521 2367//2521
f 3035//2522 3032//2522 2972//2522
f 3314//13 3332//13 3171//13
f 2681//13 2617//13 2620//13
f 1733//2072 1742//2072 1629//2072
f 2164//2523 2321//2523 2197//2523
f 272//13 123//13 220//13
f 1297//2524 1358//2524 1361//2524
f 2383//2525 2439//2525 2321//2525
f 3426//2526 3367//2526 3308//2526
f 2644//2527 2645//2527 2734//2527
f 3296//2528 3318//2528 3077//2528
f 2972//2529 3032//2529 2970//2529
f 2837//2530 2643//2530 2745//2530
f 2251//2531 2176//2531 2265//2531
f 2013//2532 1934//2532 1906//2532
f 2274//13 2262//13 2223//13
f 485//2533 373//2533 362//2533
f 3022//2534 2941//2534 2869//2534
f 485//2535 490//2535 373//2535
f 2088//2536 1978//2536 1967//2536
f 3044//2537 3296//2537 3077//2537
f 2252//2538 2148//2538 2146//2538
f 2514//13 2513//13 2622//13
f 1706//2539 1811//2539 1817//2539
f 1878//2540 1817//2540 1913//2540
f 2818//2541 2920//2541 2922//2541
f 272//13 220//13 540//13
f 3169//2542 3373//2542 3251//2542
f 180//2543 216//2543 179//2543
f 1478//2544 1377//2544 1459//2544
f 2556//2545 2674//2545 2642//2545
f 792//2546 848//2546 947//2546
f 3346//2547 3503//2547 3297//2547
f 2439//2548 2512//2548 2567//2548
f 3297//2549 3462//2549 3266//2549
f 3040//2550 3074//2550 3304//2550
f 2847//2551 2975//2551 2798//2551
f 1198//2552 1302//2552 1286//2552
f 601//2553 797//2553 712//2553
f 323//2554 263//2554 269//2554
f 3660//13 3656//13 3645//13
f 222//2555 316//2555 269//2555
f 2731//13 2868//13 2897//13
f 2113//13 2154//13 2098//13
f 3555//13 3546//13 3445//13
f 336//2556 454//2556 171//2556
f 703//2557 671//2557 553//2557
f 2972//2558 2970//2558 2875//2558
f 2053//2559 2152//2559 2095//2559
f 830//2560 934//2560 796//2560
f 2088//2561 2083//2561 1978//2561
f 2847//2562 2729//2562 2730//2562
f 2675//13 2545//13 2554//13
f 2585//2563 2700//2563 2730//2563
f 1042//2564 1082//2564 973//2564
f 2847//2565 2830//2565 2959//2565
f 2210//2566 2145//2566 2144//2566
f 1361//2567 1453//2567 1457//2567
f 2095//2568 2211//2568 2097//2568
f 2785//2569 2781//2569 2905//2569
f 870//2570 952//2570 869//2570
f 2675//13 2622//13 2545//13
f 184//2571 180//2571 183//2571
f 1225//2572 1229//2572 1158//2572
f 2211//2573 2332//2573 2215//2573
f 3611//2574 3596//2574 3556//2574
f 2178//2575 2109//2575 2208//2575
f 1178//2576 1225//2576 1158//2576
f 1438//2577 1490//2577 1555//2577
f 1141//2578 1020//2578 1158//2578
f 2227//2579 2136//2579 2097//2579
f 965//2580 1098//2580 1162//2580
f 3233//2581 3178//2581 3014//2581
f 2675//13 2554//13 2658//13
f 2332//2582 2450//2582 2336//2582
f 3078//2583 3044//2583 3077//2583
f 2663//2584 2463//2584 2605//2584
f 362//2585 301//2585 295//2585
f 1577//2586 1673//2586 1681//2586
f 1240//2587 1266//2587 1395//2587
f 2818//2588 2813//2588 2920//2588
f 880//2589 1042//2589 973//2589
f 632//2590 636//2590 468//2590
f 2761//2591 2725//2591 2608//2591
f 1419//2592 1323//2592 1384//2592
f 2338//2593 2489//2593 2367//2593
f 469//2594 632//2594 468//2594
f 1457//2595 1572//2595 1580//2595
f 781//2596 870//2596 869//2596
f 409//2597 387//2597 199//2597
f 2831//2598 2695//2598 2647//2598
f 2718//2599 2647//2599 2613//2599
f 2580//2600 2667//2600 2544//2600
f 1351//2601 1240//2601 1395//2601
f 1945//2602 1944//2602 2035//2602
f 2196//2603 2149//2603 2087//2603
f 362//2604 373//2604 301//2604
f 3128//2605 3130//2605 3077//2605
f 2567//2606 2512//2606 2695//2606
f 983//2607 909//2607 973//2607
f 1622//2132 1500//2132 1505//2132
f 1577//2608 1542//2608 1607//2608
f 2790//2609 2641//2609 2738//2609
f 2695//2610 2512//2610 2647//2610
f 2680//2611 2547//2611 2641//2611
f 2474//2612 2647//2612 2512//2612
f 1673//2613 1577//2613 1607//2613
f 3195//2614 3167//2614 3308//2614
f 766//2615 974//2615 861//2615
f 2131//2616 2103//2616 2013//2616
f 295//2617 252//2617 245//2617
f 1542//2618 1608//2618 1607//2618
f 1680//2619 1775//2619 1751//2619
f 1082//2620 983//2620 973//2620
f 1611//2621 1600//2621 1680//2621
f 1751//2622 1611//2622 1680//2622
f 1697//2623 1705//2623 1579//2623
f 1166//2624 1102//2624 1211//2624
f 295//2617 301//2617 252//2617
f 3373//2625 3169//2625 3242//2625
f 179//2626 216//2626 215//2626
f 2148//2627 2132//2627 2037//2627
f 2063//13 1955//13 2035//13
f 257//2628 212//2628 432//2628
f 2696//2629 2630//2629 2729//2629
f 830//2630 796//2630 685//2630
f 2847//2631 2798//2631 2729//2631
f 1641//2632 1516//2632 1642//2632
f 3225//2633 2993//2633 3057//2633
f 522//2634 401//2634 527//2634
f 3267//2635 3289//2635 3056//2635
f 1970//2507 1981//2507 1874//2507
f 1846//2636 1745//2636 1727//2636
f 2705//2637 2838//2637 2666//2637
f 934//2638 803//2638 796//2638
f 2913//2639 2991//2639 2915//2639
f 2530//2640 2461//2640 2576//2640
f 2025//2641 1958//2641 2058//2641
f 2993//2642 2915//2642 2991//2642
f 1619//2643 1533//2643 1498//2643
f 175//2644 413//2644 212//2644
f 2666//2645 2838//2645 2751//2645
f 3219//2646 3223//2646 3392//2646
f 2922//2647 2994//2647 2996//2647
f 3022//2648 2975//2648 3242//2648
f 2922//2649 2920//2649 2994//2649
f 1580//2650 1701//2650 1706//2650
f 2470//2651 2432//2651 2297//2651
f 1102//2652 1078//2652 1211//2652
f 702//2653 818//2653 845//2653
f 1063//2654 963//2654 1102//2654
f 2770//2655 2768//2655 2866//2655
f 648//2656 355//2656 685//2656
f 3062//2657 3010//2657 3208//2657
f 2991//2658 3056//2658 2993//2658
f 2996//2659 3058//2659 3061//2659
f 1852//2660 1744//2660 1735//2660
f 3124//2661 3123//2661 3056//2661
f 2259//2662 2363//2662 2463//2662
f 3399//2663 3304//2663 3247//2663
f 245//2664 209//2664 200//2664
f 700//2665 646//2665 776//2665
f 2225//2666 2170//2666 2131//2666
f 3169//2667 3022//2667 3242//2667
f 1846//2668 1874//2668 1745//2668
f 1487//2669 1372//2669 1390//2669
f 2975//2670 3100//2670 3242//2670
f 3040//2671 3304//2671 3167//2671
f 2256//2672 2148//2672 2252//2672
f 923//2673 823//2673 788//2673
f 2699//2674 2826//2674 2637//2674
f 2749//2675 2780//2675 2905//2675
f 735//2676 830//2676 685//2676
f 2272//2677 2177//2677 2318//2677
f 245//2664 252//2664 209//2664
f 1700//2678 1798//2678 1741//2678
f 909//2679 923//2679 788//2679
f 2008//2680 2105//2680 1991//2680
f 1260//2681 1221//2681 1142//2681
f 1727//2682 1633//2682 1617//2682
f 121//291 1064//291 52//291
f 2996//2683 2994//2683 3058//2683
f 1928//2684 1887//2684 1809//2684
f 1592//2685 1668//2685 1593//2685
f 1532//2686 1592//2686 1534//2686
f 808//2363 691//2363 846//2363
f 2720//2687 2805//2687 2722//2687
f 2535//2688 2699//2688 2637//2688
f 2637//2689 2501//2689 2535//2689
f 2761//2690 2608//2690 2637//2690
f 1599//2691 1458//2691 1545//2691
f 1113//2692 998//2692 1130//2692
f 3123//2693 3149//2693 3142//2693
f 3115//2694 3142//2694 3117//2694
f 628//2695 744//2695 490//2695
f 2025//2696 2082//2696 1985//2696
f 3228//2697 3293//2697 3063//2697
f 3149//2698 3117//2698 3142//2698
f 1985//2699 1917//2699 2025//2699
f 1958//2700 2025//2700 1917//2700
f 1585//2701 1462//2701 1484//2701
f 1900//2702 1907//2702 1991//2702
f 522//2703 527//2703 671//2703
f 1433//2704 1545//2704 1458//2704
f 868//2705 804//2705 776//2705
f 2875//2706 2970//2706 2873//2706
f 2297//2707 2289//2707 2470//2707
f 1852//2660 1872//2660 1744//2660
f 1735//2072 1632//2072 1627//2072
f 3341//2708 3310//2708 3129//2708
f 1543//2709 1432//2709 1469//2709
f 3001//2710 3243//2710 2981//2710
f 3119//2711 3317//2711 3152//2711
f 2825//2712 2652//2712 2694//2712
f 2519//2713 2388//2713 2569//2713
f 1997//2714 2095//2714 1999//2714
f 1735//2715 1744//2715 1632//2715
f 1938//2716 1900//2716 1991//2716
f 1967//2717 1865//2717 1870//2717
f 1580//2718 1572//2718 1701//2718
f 2153//2719 2166//2719 2293//2719
f 2875//2720 2873//2720 2773//2720
f 3218//2721 3262//2721 3127//2721
f 1577//2722 1555//2722 1490//2722
f 3188//2723 3389//2723 3203//2723
f 2879//2724 3001//2724 2981//2724
f 3387//2725 3150//2725 3283//2725
f 425//2726 317//2726 402//2726
f 3300//2727 3495//2727 3350//2727
f 3197//2728 3281//2728 3005//2728
f 592//2729 569//2729 568//2729
f 1142//2730 1109//2730 1019//2730
f 367//2731 489//2731 591//2731
f 2153//2732 2025//2732 2058//2732
f 3061//2733 3126//2733 3129//2733
f 548//2734 367//2734 591//2734
f 591//2735 788//2735 823//2735
f 2310//2736 2297//2736 2432//2736
f 1116//2737 1021//2737 1001//2737
f 327//2738 179//2738 215//2738
f 2864//2739 2879//2739 2981//2739
f 3107//2740 2966//2740 2981//2740
f 217//2741 183//2741 273//2741
f 873//2742 954//2742 740//2742
f 890//2743 928//2743 1001//2743
f 1058//2744 1168//2744 1001//2744
f 317//2745 217//2745 273//2745
f 2361//2746 2256//2746 2362//2746
f 1000//2747 971//2747 1102//2747
f 1632//2748 1697//2748 1579//2748
f 330//2749 402//2749 273//2749
f 2141//2750 2038//2750 2149//2750
f 2063//13 2035//13 2117//13
f 1390//2751 1508//2751 1487//2751
f 2161//2752 2206//2752 2314//2752
f 2287//2753 2161//2753 2314//2753
f 3152//2754 3317//2754 3391//2754
f 1198//2755 1286//2755 1215//2755
f 1235//2756 1239//2756 1355//2756
f 1727//2757 1745//2757 1633//2757
f 382//2758 210//2758 173//2758
f 1617//2759 1509//2759 1494//2759
f 1822//2760 1714//2760 1707//2760
f 3061//2761 3058//2761 3126//2761
f 899//2762 1030//2762 974//2762
f 3129//2763 3154//2763 3152//2763
f 1954//2764 2042//2764 1982//2764
f 1930//2765 1895//2765 1822//2765
f 1894//2766 1954//2766 1982//2766
f 3014//2767 2921//2767 2817//2767
f 3129//2768 3126//2768 3154//2768
f 1355//2769 1359//2769 1475//2769
f 1969//2770 1894//2770 1982//2770
f 928//2771 1058//2771 1001//2771
f 1596//2772 1475//2772 1476//2772
f 928//2773 890//2773 757//2773
f 2776//2774 2759//2774 2814//2774
f 1180//2775 1079//2775 1097//2775
f 2907//2776 2746//2776 2783//2776
f 1212//2777 1180//2777 1097//2777
f 1293//2778 1273//2778 1364//2778
f 3472//2779 3290//2779 3208//2779
f 1432//2780 1362//2780 1469//2780
f 3515//2781 3531//2781 3391//2781
f 693//2782 768//2782 484//2782
f 1715//2783 1596//2783 1597//2783
f 2542//2784 2454//2784 2563//2784
f 3152//2785 3121//2785 3119//2785
f 3102//2786 2946//2786 2852//2786
f 2781//2787 2749//2787 2905//2787
f 1903//2788 1759//2788 1777//2788
f 2773//2789 2873//2789 2772//2789
f 632//2790 469//2790 706//2790
f 1896//2791 1903//2791 1777//2791
f 2275//2792 2226//2792 2209//2792
f 1622//2132 1629//2132 1500//2132
f 2320//2793 2352//2793 2209//2793
f 797//2794 601//2794 744//2794
f 1657//2795 1764//2795 1690//2795
f 2704//2796 2835//2796 2679//2796
f 2590//2797 2704//2797 2679//2797
f 3174//2798 3166//2798 3027//2798
f 1148//2799 1240//2799 1098//2799
f 2694//2800 2542//2800 2563//2800
f 2033//2801 2035//2801 1944//2801
f 1972//2802 2076//2802 2003//2802
f 1244//2803 1197//2803 1189//2803
f 1227//2804 1265//2804 1145//2804
f 1842//2805 1931//2805 1876//2805
f 632//2806 770//2806 636//2806
f 2937//2807 3174//2807 3027//2807
f 669//2808 706//2808 469//2808
f 2253//2809 2345//2809 2273//2809
f 3152//2810 3154//2810 3121//2810
f 3272//2811 3385//2811 3268//2811
f 379//2812 414//2812 174//2812
f 3395//2813 3412//2813 3319//2813
f 2136//2814 2227//2814 2186//2814
f 3165//2815 3272//2815 3268//2815
f 2160//2816 2174//2816 2104//2816
f 1627//2132 1508//2132 1506//2132
f 2220//2817 2168//2817 2178//2817
f 1600//2818 1550//2818 1649//2818
f 3178//2819 3427//2819 3199//2819
f 963//2820 1063//2820 949//2820
f 933//2821 826//2821 949//2821
f 1775//2822 1842//2822 1876//2822
f 3537//2823 3538//2823 3517//2823
f 2532//2824 2534//2824 2633//2824
f 2696//2825 2729//2825 2798//2825
f 2786//2826 2967//2826 2783//2826
f 3080//2827 3226//2827 3133//2827
f 2746//2828 2642//2828 2783//2828
f 3497//2829 3517//2829 3538//2829
f 1830//2830 1945//2830 1831//2830
f 1459//2831 1546//2831 1550//2831
f 3299//2832 3256//2832 3381//2832
f 3088//2833 3203//2833 3284//2833
f 1825//2834 1884//2834 1917//2834
f 438//2835 527//2835 401//2835
f 432//2836 212//2836 413//2836
f 1910//2837 1931//2837 1842//2837
f 1665//2838 1719//2838 1646//2838
f 1495//2839 1478//2839 1600//2839
f 3720//2840 3673//2840 3722//2840
f 3392//2841 3386//2841 3517//2841
f 2590//2842 2588//2842 2504//2842
f 2590//2843 2504//2843 2572//2843
f 3119//2844 3065//2844 3063//2844
f 1411//13 1427//13 1203//13
f 1967//2845 1978//2845 1865//2845
f 1470//2846 1487//2846 1583//2846
f 3274//2847 3392//2847 3480//2847
f 2401//2848 2424//2848 2504//2848
f 2504//2849 2402//2849 2401//2849
f 2849//2850 3001//2850 2879//2850
f 2739//2851 2709//2851 2615//2851
f 3003//2852 3188//2852 3203//2852
f 1847//2853 1751//2853 1876//2853
f 1870//2050 1739//2050 1743//2050
f 309//2854 323//2854 413//2854
f 455//2855 302//2855 555//2855
f 3389//2856 3284//2856 3203//2856
f 1117//2857 1061//2857 945//2857
f 369//2858 615//2858 555//2858
f 3247//2859 3304//2859 3074//2859
f 1048//2860 891//2860 921//2860
f 3441//2861 3440//2861 3480//2861
f 1680//2862 1600//2862 1695//2862
f 2017//2863 2090//2863 2104//2863
f 2272//2864 2174//2864 2160//2864
f 189//2865 419//2865 175//2865
f 2786//2866 2783//2866 2674//2866
f 3390//2867 3302//2867 3389//2867
f 1718//2868 1663//2868 1671//2868
f 1904//2869 1819//2869 1805//2869
f 3188//2870 3440//2870 3389//2870
f 1752//2871 1711//2871 1653//2871
f 2041//2872 2020//2872 1928//2872
f 3217//2873 3284//2873 3302//2873
f 3278//2874 3198//2874 3023//2874
f 3198//2875 3156//2875 2942//2875
f 1530//2876 1653//2876 1603//2876
f 2286//2877 2293//2877 2166//2877
f 1902//2878 1989//2878 1957//2878
f 1788//2879 1718//2879 1725//2879
f 459//2880 556//2880 3563//2880
f 1994//2881 1993//2881 1904//2881
f 3296//2882 3044//2882 3199//2882
f 232//2883 444//2883 189//2883
f 3217//2884 3174//2884 3284//2884
f 492//2885 633//2885 725//2885
f 2633//2886 2696//2886 2708//2886
f 3030//2887 3027//2887 3166//2887
f 1999//2888 2042//2888 1954//2888
f 1913//2889 1999//2889 1954//2889
f 3030//2890 2910//2890 3027//2890
f 413//2891 175//2891 419//2891
f 2990//2892 3178//2892 3199//2892
f 3569//2893 39//2893 3621//2893
f 3174//2894 2937//2894 3088//2894
f 3174//2895 3088//2895 3284//2895
f 1457//2896 1341//2896 1361//2896
f 3003//2897 3203//2897 3088//2897
f 1097//2898 1144//2898 1212//2898
f 2227//2899 2097//2899 2215//2899
f 3326//2900 3321//2900 3121//2900
f 2852//2901 2773//2901 2664//2901
f 671//2902 801//2902 646//2902
f 3027//2903 2910//2903 2905//2903
f 1048//2904 1009//2904 1093//2904
f 1603//2905 1653//2905 1711//2905
f 3128//2906 3077//2906 3318//2906
f 2195//2907 2318//2907 2177//2907
f 2180//2908 2072//2908 2064//2908
f 1800//2909 1806//2909 1752//2909
f 2687//2910 2680//2910 2804//2910
f 1653//2911 1739//2911 1752//2911
f 3440//2912 3390//2912 3389//2912
f 1700//2913 1625//2913 1654//2913
f 200//2914 172//2914 168//2914
f 2781//2915 2676//2915 2659//2915
f 2474//2916 2613//2916 2647//2916
f 3125//2917 3150//2917 3271//2917
f 3399//2918 3247//2918 3271//2918
f 3387//2919 3399//2919 3271//2919
f 1945//13 1875//13 1831//13
f 1831//13 1749//13 1715//13
f 2581//2920 2547//2920 2687//2920
f 2641//2921 2790//2921 2680//2921
f 229//2922 232//2922 189//2922
f 2786//2923 2674//2923 2679//2923
f 2160//2924 2090//2924 2177//2924
f 334//2925 315//2925 444//2925
f 3517//2926 3497//2926 3480//2926
f 3047//2927 3111//2927 3297//2927
f 645//2928 710//2928 838//2928
f 3585//291 3542//291 268//291
f 1958//2929 1917//2929 1884//2929
f 3440//2930 3274//2930 3480//2930
f 2517//2931 2484//2931 2417//2931
f 916//2932 972//2932 845//2932
f 1867//2933 1798//2933 1917//2933
f 743//2934 649//2934 853//2934
f 389//2935 513//2935 346//2935
f 779//2936 863//2936 853//2936
f 1806//2937 1800//2937 1890//2937
f 505//2938 334//2938 444//2938
f 2343//2939 2425//2939 2337//2939
f 230//2940 187//2940 227//2940
f 2228//2941 2343//2941 2337//2941
f 315//2942 227//2942 186//2942
f 359//2943 550//2943 484//2943
f 2484//2944 2406//2944 2417//2944
f 241//2945 198//2945 346//2945
f 469//2946 291//2946 346//2946
f 2293//2947 2319//2947 2153//2947
f 1153//2948 1253//2948 1176//2948
f 3480//2949 3392//2949 3517//2949
f 1490//2950 1438//2950 1414//2950
f 2773//2951 2772//2951 2664//2951
f 686//2952 473//2952 654//2952
f 583//2953 740//2953 595//2953
f 2272//2954 2388//2954 2263//2954
f 2160//2955 2104//2955 2090//2955
f 1212//2956 1220//2956 1180//2956
f 686//2957 353//2957 473//2957
f 3063//2958 3293//2958 3119//2958
f 2014//2959 2064//2959 1960//2959
f 1680//2960 1695//2960 1775//2960
f 200//2914 209//2914 172//2914
f 1772//2961 1837//2961 1808//2961
f 2075//2962 2136//2962 2186//2962
f 513//2963 469//2963 346//2963
f 1325//2964 1414//2964 1438//2964
f 1730//2965 1783//2965 1851//2965
f 430//2966 334//2966 505//2966
f 3010//2967 3201//2967 3208//2967
f 1178//2968 1158//2968 1048//2968
f 558//2969 430//2969 505//2969
f 1921//2970 1976//2970 1851//2970
f 686//2971 512//2971 558//2971
f 2982//2972 3040//2972 3167//2972
f 3195//2973 2982//2973 3167//2973
f 2174//2974 2272//2974 2263//2974
f 2975//2975 2890//2975 2798//2975
f 1341//2976 1229//2976 1305//2976
f 2554//2977 2471//2977 2550//2977
f 3119//2978 3121//2978 3065//2978
f 1347//2979 1447//2979 1414//2979
f 3063//2980 3004//2980 3000//2980
f 2338//2981 2217//2981 2337//2981
f 3128//2982 3339//2982 3151//2982
f 227//2983 334//2983 279//2983
f 2499//2984 2396//2984 2530//2984
f 2879//2985 2864//2985 2767//2985
f 527//2986 553//2986 671//2986
f 1433//2987 1364//2987 1319//2987
f 453//2988 349//2988 452//2988
f 2791//2989 2718//2989 2864//2989
f 3145//2990 3130//2990 3151//2990
f 1052//2991 1185//2991 1170//2991
f 283//2992 505//2992 232//2992
f 1687//2993 1756//2993 1654//2993
f 168//2994 193//2994 197//2994
f 1715//13 1594//13 1596//13
f 79//13 65//13 56//13
f 1642//2995 1615//2995 1690//2995
f 1764//2996 1753//2996 1690//2996
f 1636//2997 1672//2997 1608//2997
f 3152//2998 3341//2998 3129//2998
f 1804//2999 1806//2999 1914//2999
f 2427//3000 2362//3000 2428//3000
f 1205//3001 1225//3001 1178//3001
f 1229//3002 1225//3002 1305//3002
f 3191//3003 3082//3003 3189//3003
f 296//3004 421//3004 501//3004
f 585//3005 512//3005 686//3005
f 1808//3006 1677//3006 1772//3006
f 3254//3007 3191//3007 3253//3007
f 3641//13 3630//13 3652//13
f 2210//13 2175//13 2245//13
f 2263//3008 2388//3008 2381//3008
f 2401//3009 2325//3009 2339//3009
f 1596//13 1465//13 1475//13
f 3301//3010 3381//3010 3383//3010
f 2556//3011 2588//3011 2674//3011
f 550//3012 693//3012 484//3012
f 776//3013 646//3013 801//3013
f 1131//3014 1134//3014 1235//3014
f 3414//3015 3383//3015 3412//3015
f 3063//3016 3065//3016 3004//3016
f 542//3017 453//3017 541//3017
f 195//3018 174//3018 414//3018
f 1226//3019 1113//3019 1238//3019
f 2033//3020 2024//3020 2109//3020
f 3151//3021 3346//3021 3111//3021
f 1173//3022 1083//3022 1079//3022
f 3272//3023 3165//3023 3185//3023
f 1083//3024 966//3024 1079//3024
f 1617//2759 1633//2759 1509//2759
f 1700//3025 1654//3025 1756//3025
f 379//3026 174//3026 205//3026
f 1781//3027 1825//3027 1756//3027
f 414//3028 417//3028 195//3028
f 455//3029 555//3029 660//3029
f 3261//3030 3400//3030 3226//3030
f 996//3031 879//3031 997//3031
f 3494//3032 3493//3032 3540//3032
f 2224//3033 2124//3033 2217//3033
f 719//3034 660//3034 555//3034
f 3111//3035 3047//3035 3109//3035
f 2494//3036 2368//3036 2489//3036
f 939//3037 972//3037 1071//3037
f 3665//3038 3721//3038 3652//3038
f 3300//3039 3120//3039 3064//3039
f 406//3040 603//3040 421//3040
f 814//3041 862//3041 778//3041
f 3630//13 3637//13 3652//13
f 3308//3042 3167//3042 3304//3042
f 2009//13 2156//13 2094//13
f 845//3043 787//3043 702//3043
f 1894//3044 1774//3044 1878//3044
f 2609//3045 2494//3045 2489//3045
f 1772//3046 1677//3046 1681//3046
f 1677//3047 1577//3047 1681//3047
f 1681//3048 1760//3048 1772//3048
f 2679//3049 2674//3049 2588//3049
f 2664//3050 2772//3050 2662//3050
f 3405//3051 3352//3051 3443//3051
f 3385//3052 3442//3052 3443//3052
f 1878//3053 1913//3053 1954//3053
f 1542//3054 1577//3054 1490//3054
f 605//3055 542//3055 541//3055
f 3269//3056 3382//3056 3272//3056
f 2255//3057 2253//3057 2208//3057
f 1935//13 2009//13 2094//13
f 2144//3058 2074//3058 2071//3058
f 2109//3059 2155//3059 2208//3059
f 2381//3060 2519//3060 2507//3060
f 1935//13 2094//13 2052//13
f 332//3061 644//3061 340//3061
f 2657//3062 2660//3062 2770//3062
f 3080//3063 3261//3063 3226//3063
f 2932//3064 3051//3064 2844//3064
f 1894//3065 1878//3065 1954//3065
f 1775//3066 1695//3066 1722//3066
f 2720//3067 2540//3067 2657//3067
f 26//3068 88//3068 74//3068
f 1842//3069 1775//3069 1815//3069
f 123//13 107//13 74//13
f 108//13 123//13 74//13
f 1920//3070 1882//3070 1919//3070
f 3035//3071 3205//3071 3261//3071
f 2137//3072 2126//3072 2016//3072
f 595//3073 774//3073 654//3073
f 705//3074 876//3074 820//3074
f 1722//3075 1815//3075 1775//3075
f 1362//3076 1400//3076 1430//3076
f 2430//3077 2609//3077 2489//3077
f 3400//3078 3283//3078 3226//3078
f 791//3079 711//3079 686//3079
f 2975//3080 3022//3080 2890//3080
f 1993//3081 1929//3081 1904//3081
f 2499//3082 2530//3082 2586//3082
f 3129//3083 3310//3083 3061//3083
f 278//3084 283//3084 232//3084
f 1882//3085 1795//3085 1879//3085
f 3165//3086 3012//3086 3185//3086
f 1919//3087 1882//3087 1879//3087
f 1755//13 1814//13 1794//13
f 215//3088 259//3088 260//3088
f 1724//13 1755//13 1794//13
f 1892//3089 1925//3089 1992//3089
f 1430//3090 1469//3090 1362//3090
f 2476//3091 2391//3091 2389//3091
f 333//3092 425//3092 457//3092
f 2391//3093 2335//3093 2389//3093
f 615//3094 725//3094 849//3094
f 811//3095 950//3095 857//3095
f 925//3096 732//3096 857//3096
f 2333//3097 2389//3097 2335//3097
f 1598//3098 1663//3098 1661//3098
f 1446//3099 1534//3099 1527//3099
f 2540//3100 2543//3100 2657//3100
f 141//13 318//13 259//13
f 3000//3101 2926//3101 2924//3101
f 2540//3102 2720//3102 2609//3102
f 2584//3103 2499//3103 2586//3103
f 260//3104 318//3104 320//3104
f 1543//3105 1527//3105 1598//3105
f 441//3106 260//3106 320//3106
f 2540//3107 2609//3107 2430//3107
f 780//3108 694//3108 778//3108
f 1592//13 1571//13 1668//13
f 2823//3109 2654//3109 2776//3109
f 1724//3110 1671//3110 1668//3110
f 1718//3111 1661//3111 1663//3111
f 1593//3112 1671//3112 1663//3112
f 1835//3113 1773//3113 1788//3113
f 1671//3114 1725//3114 1718//3114
f 1131//13 999//13 1049//13
f 814//3115 778//3115 723//3115
f 1992//3116 1925//3116 2036//3116
f 2362//3117 2462//3117 2428//3117
f 849//3118 783//3118 615//3118
f 2584//3119 2586//3119 2751//3119
f 412//3120 441//3120 320//3120
f 3652//3121 3721//3121 3658//3121
f 3000//3122 3004//3122 2926//3122
f 3641//13 3658//13 3659//13
f 2749//3123 2665//3123 2780//3123
f 2533//3124 2537//3124 2478//3124
f 344//3125 333//3125 457//3125
f 438//3126 344//3126 457//3126
f 2346//3127 2391//3127 2393//3127
f 2346//3128 2393//3128 2301//3128
f 2301//3129 2264//3129 2346//3129
f 2422//3130 2301//3130 2393//3130
f 1446//3131 1532//3131 1534//3131
f 2532//3132 2623//3132 2427//3132
f 2673//3133 2748//3133 2750//3133
f 2485//3134 2537//3134 2538//3134
f 2616//3135 2531//3135 2538//3135
f 1321//3136 1362//3136 1432//3136
f 1446//3137 1400//3137 1443//3137
f 264//3138 333//3138 280//3138
f 535//3139 642//3139 412//3139
f 325//3140 280//3140 344//3140
f 2612//3141 2720//3141 2722//3141
f 1805//3142 1872//3142 1904//3142
f 2259//13 2121//13 2108//13
f 1073//13 948//13 915//13
f 555//3143 615//3143 783//3143
f 2033//3144 1944//3144 2024//3144
f 1051//13 1196//13 1073//13
f 2425//3145 2540//3145 2430//3145
f 1215//3146 1108//3146 1075//3146
f 1049//13 905//13 935//13
f 1494//3147 1389//3147 1376//3147
f 233//3148 317//3148 311//3148
f 1367//3149 1459//3149 1377//3149
f 2258//3150 2264//3150 2222//3150
f 702//3151 626//3151 477//3151
f 605//3152 541//3152 678//3152
f 706//3153 707//3153 770//3153
f 3641//13 3645//13 3622//13
f 950//3154 948//3154 1073//3154
f 1073//3155 1075//3155 950//3155
f 498//13 545//13 807//13
f 1196//3156 1198//3156 1075//3156
f 53//13 74//13 82//13
f 1494//3157 1509//3157 1389//3157
f 1081//3158 1039//3158 907//3158
f 2868//3159 3249//3159 3187//3159
f 3556//3160 3187//3160 3249//3160
f 679//3161 807//3161 811//3161
f 2924//3162 2846//3162 2843//3162
f 1817//3163 1909//3163 1913//3163
f 2868//3164 2896//3164 3249//3164
f 2268//13 2459//13 2365//13
f 2924//3165 2926//3165 2846//3165
f 766//3166 861//3166 634//3166
f 1994//3167 2090//3167 1993//3167
f 1878//3168 1774//3168 1817//3168
f 333//3169 264//3169 311//3169
f 2040//3170 1959//3170 2059//3170
f 3623//13 3637//13 3605//13
f 844//13 824//13 557//13
f 2022//13 2052//13 2269//13
f 3028//13 3029//13 3305//13
f 3544//13 3557//13 3305//13
f 535//3171 412//3171 529//3171
f 1447//3172 1490//3172 1414//3172
f 2158//3173 2169//3173 2297//3173
f 2467//3174 2269//3174 2365//3174
f 2276//13 2121//13 2259//13
f 3623//13 3649//13 3637//13
f 2612//3175 2494//3175 2609//3175
f 3489//13 3314//13 3403//13
f 412//3176 320//3176 410//3176
f 3612//13 3588//13 3607//13
f 476//13 531//13 786//13
f 2365//13 2269//13 2179//13
f 345//3177 353//3177 283//3177
f 66//13 82//13 92//13
f 3648//13 3629//13 3614//13
f 2430//3178 2489//3178 2338//3178
f 2459//13 2541//13 2365//13
f 2720//3179 2612//3179 2609//3179
f 1325//3180 1226//3180 1347//3180
f 78//13 61//13 55//13
f 58//13 80//13 55//13
f 41//3181 32//3181 61//3181
f 3286//3182 3280//3182 3173//3182
f 2838//3183 2965//3183 2751//3183
f 2664//3184 2584//3184 2751//3184
f 1406//13 1411//13 1278//13
f 2021//3185 1983//3185 1930//3185
f 179//3186 183//3186 180//3186
f 89//291 559//291 464//291
f 824//13 1051//13 915//13
f 1206//3187 1304//3187 1085//3187
f 1019//3188 1036//3188 885//3188
f 218//3189 184//3189 217//3189
f 1941//13 2061//13 2108//13
f 235//3190 218//3190 233//3190
f 560//3191 365//3191 501//3191
f 3624//13 3608//13 3627//13
f 854//3192 754//3192 889//3192
f 272//13 540//13 545//13
f 1150//3193 1185//3193 1028//3193
f 65//13 79//13 100//13
f 3630//13 3605//13 3637//13
f 2064//3194 1963//3194 1960//3194
f 1169//13 1248//13 1196//13
f 3649//3195 3717//3195 3665//3195
f 68//13 98//13 94//13
f 326//3196 281//3196 325//3196
f 120//13 94//13 98//13
f 2843//3197 2745//3197 2746//3197
f 844//13 1002//13 977//13
f 404//3198 326//3198 401//3198
f 860//13 1005//13 1002//13
f 462//3199 404//3199 461//3199
f 889//3200 969//3200 854//3200
f 798//13 786//13 990//13
f 1065//13 798//13 990//13
f 536//3201 462//3201 533//3201
f 2843//3202 2846//3202 2745//3202
f 3589//13 3489//13 3558//13
f 3591//13 3589//13 3558//13
f 3488//13 3591//13 3558//13
f 2731//13 2597//13 2868//13
f 1164//3203 1203//3203 1427//3203
f 1627//2132 1632//2132 1508//2132
f 729//3204 560//3204 501//3204
f 61//13 70//13 41//13
f 421//3205 663//3205 501//3205
f 99//13 109//13 80//13
f 2746//3206 2643//3206 2642//3206
f 1881//3207 1960//3207 1833//3207
f 1413//3208 1398//3208 1284//3208
f 1763//13 1721//13 1839//13
f 1118//3209 1127//3209 1004//3209
f 3487//13 3488//13 3285//13
f 3162//13 3487//13 3285//13
f 825//3210 738//3210 826//3210
f 2717//13 2754//13 2855//13
f 3028//13 2840//13 2855//13
f 825//3211 736//3211 738//3211
f 2754//13 2880//13 2855//13
f 1870//2050 1865//2050 1739//2050
f 280//3212 325//3212 281//3212
f 558//3213 505//3213 283//3213
f 225//13 328//13 151//13
f 2746//3214 2745//3214 2643//3214
f 3502//3215 3339//3215 3318//3215
f 636//3216 770//3216 846//3216
f 2631//3217 2592//3217 2665//3217
f 3588//13 3599//13 3561//13
f 682//3218 680//3218 736//3218
f 2642//3219 2558//3219 2556//3219
f 2985//13 3186//13 3015//13
f 3046//13 2899//13 3015//13
f 125//13 96//13 92//13
f 82//13 126//13 92//13
f 1324//13 1278//13 1188//13
f 3296//3220 3465//3220 3318//3220
f 770//3221 707//3221 771//3221
f 717//13 824//13 915//13
f 2646//3222 2780//3222 2665//3222
f 717//13 545//13 540//13
f 1073//13 915//13 1051//13
f 977//13 1169//13 1051//13
f 1596//13 1594//13 1465//13
f 2720//3223 2657//3223 2806//3223
f 1196//3224 1075//3224 1073//3224
f 220//13 557//13 540//13
f 746//3225 680//3225 700//3225
f 3339//3226 3128//3226 3318//3226
f 3586//13 3553//13 3576//13
f 3644//13 3625//13 3642//13
f 3385//3227 3272//3227 3382//3227
f 353//3228 558//3228 283//3228
f 1110//13 1199//13 1002//13
f 2043//13 2023//13 1940//13
f 1988//13 2043//13 1940//13
f 312//13 156//13 270//13
f 113//13 142//13 156//13
f 844//13 860//13 1002//13
f 708//13 531//13 475//13
f 878//3229 1054//3229 1007//3229
f 3642//13 3655//13 3644//13
f 3624//13 3642//13 3625//13
f 2806//3230 2770//3230 2933//3230
f 1376//3231 1250//3231 1255//3231
f 1941//13 1988//13 1843//13
f 2347//3232 2351//3232 2400//3232
f 2044//3233 2087//3233 2149//3233
f 1200//3234 1112//3234 1197//3234
f 1005//3235 837//3235 955//3235
f 1300//3236 1413//3236 1284//3236
f 3270//13 3404//13 3548//13
f 3450//13 3270//13 3548//13
f 1651//13 1562//13 1721//13
f 1381//3237 1321//3237 1432//3237
f 2428//3238 2585//3238 2534//3238
f 119//13 93//13 101//13
f 95//13 124//13 101//13
f 93//13 78//13 101//13
f 120//13 113//13 94//13
f 3586//13 3609//13 3614//13
f 3628//13 3591//13 3596//13
f 3488//13 3403//13 3258//13
f 328//13 226//13 151//13
f 94//13 85//13 68//13
f 948//13 717//13 915//13
f 107//13 225//13 151//13
f 3581//13 3609//13 3576//13
f 1004//3239 1114//3239 997//3239
f 425//3240 402//3240 539//3240
f 807//13 717//13 948//13
f 99//13 80//13 69//13
f 2742//13 2901//13 2784//13
f 1199//13 1309//13 1303//13
f 1843//13 1839//13 1721//13
f 333//3241 311//3241 425//3241
f 2410//13 2299//13 2386//13
f 2518//13 2410//13 2386//13
f 2277//13 2281//13 2386//13
f 3303//13 3273//13 3411//13
f 2742//13 2897//13 2901//13
f 999//13 1131//13 1126//13
f 3034//13 3054//13 2908//13
f 2931//3242 2806//3242 2933//3242
f 317//3243 425//3243 311//3243
f 2897//13 3162//13 2901//13
f 1765//13 1755//13 1679//13
f 1667//13 1668//13 1571//13
f 717//13 807//13 545//13
f 1443//13 1399//13 1422//13
f 1416//13 1473//13 1422//13
f 1667//13 1591//13 1679//13
f 2369//3244 2309//3244 2434//3244
f 1651//13 1763//13 1679//13
f 3411//13 3445//13 3546//13
f 3562//13 3581//13 3555//13
f 1743//2072 1630//2072 1631//2072
f 680//3245 682//3245 580//3245
f 3046//13 2880//13 2899//13
f 1133//13 976//13 1126//13
f 2043//13 2113//13 2023//13
f 1949//13 1940//13 2023//13
f 1294//13 1303//13 1354//13
f 677//13 498//13 807//13
f 122//13 150//13 130//13
f 498//13 225//13 545//13
f 2410//13 2518//13 2511//13
f 2624//13 2523//13 2511//13
f 1756//3246 1825//3246 1798//3246
f 1867//3247 1741//3247 1798//3247
f 2906//13 2908//13 2797//13
f 3546//13 3404//13 3411//13
f 3273//13 3320//13 3411//13
f 728//3248 567//3248 820//3248
f 2642//3249 2643//3249 2558//3249
f 1743//2072 1739//2072 1630//2072
f 1591//13 1571//13 1517//13
f 1235//13 1252//13 1126//13
f 127//13 100//13 136//13
f 443//3250 288//3250 238//3250
f 1103//3251 996//3251 997//3251
f 3028//13 3050//13 2840//13
f 3212//13 3171//13 3332//13
f 860//13 644//13 841//13
f 2634//13 2514//13 2622//13
f 2513//13 2545//13 2622//13
f 1631//2132 1504//2132 1507//2132
f 3439//13 3311//13 3451//13
f 837//13 1005//13 841//13
f 839//13 999//13 976//13
f 963//3252 868//3252 1000//3252
f 2471//13 2554//13 2545//13
f 1591//13 1667//13 1571//13
f 520//3253 355//3253 288//3253
f 990//13 786//13 976//13
f 261//13 416//13 270//13
f 1774//3254 1706//3254 1817//3254
f 2654//3255 2671//3255 2759//3255
f 3397//13 3445//13 3320//13
f 153//13 214//13 271//13
f 807//3256 948//3256 811//3256
f 3654//13 3643//13 3656//13
f 2113//13 2201//13 2154//13
f 1631//2132 1630//2132 1504//2132
f 2158//3257 2310//3257 2188//3257
f 770//3258 771//3258 846//3258
f 556//291 459//291 3662//291
f 872//3259 1004//3259 997//3259
f 914//3260 908//3260 1000//3260
f 1422//13 1399//13 1328//13
f 3673//13 3661//13 3651//13
f 1327//3261 1304//3261 1206//3261
f 562//13 415//13 521//13
f 2532//3262 2428//3262 2534//3262
f 261//13 350//13 416//13
f 2866//3263 2949//3263 3060//3263
f 2523//13 2632//13 2522//13
f 529//13 328//13 677//13
f 3439//13 3269//13 3311//13
f 3183//13 3212//13 3311//13
f 2933//3264 2866//3264 3060//3264
f 3653//13 3657//13 3638//13
f 2394//3265 2417//3265 2355//3265
f 216//13 127//13 136//13
f 1131//13 1235//13 1126//13
f 1301//13 1196//13 1248//13
f 2523//13 2522//13 2452//13
f 2410//13 2511//13 2452//13
f 2371//13 2410//13 2452//13
f 1198//3266 1215//3266 1075//3266
f 235//13 145//13 147//13
f 1446//3267 1527//3267 1430//3267
f 2345//3268 2255//3268 2355//3268
f 3055//3269 2933//3269 3060//3269
f 2201//13 2233//13 2154//13
f 116//13 259//13 136//13
f 846//3270 771//3270 847//3270
f 2299//13 2371//13 2296//13
f 1801//3271 1713//3271 1732//3271
f 1507//2204 1387//2204 1388//2204
f 2159//13 2117//13 2212//13
f 3604//13 3622//13 3608//13
f 529//3272 412//3272 410//3272
f 3645//13 3643//13 3627//13
f 2309//3273 2184//3273 2185//3273
f 3060//3274 2949//3274 3214//3274
f 2632//13 2714//13 2620//13
f 3332//13 3311//13 3212//13
f 2714//13 2681//13 2620//13
f 3609//13 3586//13 3576//13
f 504//3275 377//3275 652//3275
f 536//13 416//13 350//13
f 410//3276 320//3276 318//3276
f 261//13 271//13 350//13
f 508//13 415//13 562//13
f 2556//3277 2491//3277 2488//3277
f 846//3278 847//3278 946//3278
f 3214//3279 3164//3279 3330//3279
f 580//13 521//13 416//13
f 3546//13 3555//13 3576//13
f 1411//13 1586//13 1427//13
f 2794//3280 2734//3280 2792//3280
f 1922//3281 1964//3281 1848//3281
f 2556//3282 2558//3282 2491//3282
f 1328//13 1301//13 1248//13
f 1664//3283 1599//3283 1545//3283
f 2268//13 2365//13 2179//13
f 1294//13 1328//13 1248//13
f 168//2994 172//2994 193//2994
f 3212//13 3083//13 3171//13
f 1507//2204 1504//2204 1387//2204
f 2268//13 2156//13 2279//13
f 1169//13 1201//13 1248//13
f 531//13 231//13 475//13
f 1523//3284 1516//3284 1398//3284
f 2747//13 2797//13 2812//13
f 2749//3285 2631//3285 2665//3285
f 1966//3286 1897//3286 1850//3286
f 2592//3287 2646//3287 2665//3287
f 1413//3288 1523//3288 1398//3288
f 375//13 587//13 475//13
f 3330//3289 3222//3289 3409//3289
f 3185//3290 3012//3290 3087//3290
f 3548//13 3404//13 3553//13
f 3546//13 3576//13 3553//13
f 3407//3291 3330//3291 3409//3291
f 1935//13 2052//13 1889//13
f 1388//3292 1268//3292 1264//3292
f 946//3293 847//3293 947//3293
f 155//13 113//13 156//13
f 142//13 270//13 156//13
f 1400//3294 1446//3294 1430//3294
f 1486//3295 1378//3295 1496//3295
f 1516//3296 1523//3296 1642//3296
f 2978//3297 2898//3297 2940//3297
f 1850//3298 1801//3298 1732//3298
f 1388//2286 1387//2286 1268//2286
f 3298//3299 3348//3299 3453//3299
f 682//13 521//13 580//13
f 78//13 93//13 77//13
f 318//3300 260//3300 259//3300
f 47//13 46//13 65//13
f 93//13 122//13 97//13
f 3409//3301 3298//3301 3453//3301
f 2157//3302 2116//3302 2145//3302
f 874//3303 827//3303 804//3303
f 3606//13 3634//13 3609//13
f 3452//3304 3409//3304 3453//3304
f 1005//3305 955//3305 1160//3305
f 3712//3306 2502//3306 3713//3306
f 70//13 61//13 77//13
f 3345//3307 2607//3307 2600//3307
f 946//3308 947//3308 1058//3308
f 1860//3309 3703//3309 1647//3309
f 1556//3310 3456//3310 1861//3310
f 2502//3311 2057//3311 3456//3311
f 3285//13 3488//13 3258//13
f 1264//3312 1149//3312 1143//3312
f 1058//3313 947//3313 1059//3313
f 3713//3314 3601//3314 3554//3314
f 442//3315 2101//3315 834//3315
f 3601//3316 1318//3316 3706//3316
f 2101//3317 3551//3317 3706//3317
f 1058//3318 1059//3318 1168//3318
f 19//3319 2607//3319 392//3319
f 28//3320 26//3320 53//3320
f 3706//3321 3551//3321 3601//3321
f 1168//3322 1059//3322 1170//3322
f 19//3319 1408//3319 1647//3319
f 344//3323 280//3323 333//3323
f 1473//13 1416//13 1517//13
f 74//3324 53//3324 26//3324
f 1264//3312 1268//3312 1149//3312
f 1526//13 1591//13 1517//13
f 3653//13 3667//13 3657//13
f 746//3325 700//3325 804//3325
f 3673//13 3651//13 3657//13
f 1143//2333 1027//2333 1023//2333
f 3177//13 3213//13 3314//13
f 1879//13 1814//13 1898//13
f 1143//2338 1149//2338 1027//2338
f 3601//3326 3456//3326 1318//3326
f 1775//3327 1876//3327 1751//3327
f 3489//13 3332//13 3314//13
f 1023//3328 893//3328 892//3328
f 3332//13 3489//13 3451//13
f 3559//13 3437//13 3552//13
f 1168//3329 1170//3329 1277//3329
f 579//3330 580//3330 536//3330
f 515//3331 601//3331 712//3331
f 415//13 312//13 270//13
f 142//13 261//13 270//13
f 1093//3332 1178//3332 1048//3332
f 1919//13 1879//13 1898//13
f 147//13 124//13 140//13
f 3033//13 3177//13 3042//13
f 1023//2395 1027//2395 893//2395
f 686//3333 558//3333 353//3333
f 1586//13 1768//13 1716//13
f 1434//3334 1369//3334 1330//3334
f 697//291 556//291 81//291
f 1336//3335 1434//3335 1330//3335
f 2003//3336 2150//3336 2031//3336
f 1890//3337 1948//3337 1916//3337
f 2630//3338 2633//3338 2534//3338
f 1399//13 1301//13 1328//13
f 112//13 102//13 72//13
f 1416//13 1422//13 1354//13
f 1427//13 1586//13 1716//13
f 2298//3339 2454//3339 2399//3339
f 1755//13 1765//13 1814//13
f 1438//3340 1555//3340 1497//3340
f 1116//3341 1145//3341 1021//3341
f 2148//3342 2037//3342 2146//3342
f 259//3343 215//3343 216//3343
f 2906//13 2901//13 3049//13
f 2296//13 2257//13 2245//13
f 2098//13 2026//13 2113//13
f 580//13 416//13 536//13
f 3376//3344 3526//3344 3491//3344
f 2934//13 3054//13 3033//13
f 415//13 416//13 521//13
f 682//13 562//13 521//13
f 3445//13 3411//13 3320//13
f 3034//13 2906//13 3049//13
f 1893//13 1949//13 1898//13
f 3653//13 3655//13 3667//13
f 3655//13 3654//13 3669//13
f 892//3345 760//3345 762//3345
f 892//3345 893//3345 760//3345
f 3727//3346 3726//3346 3669//3346
f 1401//3347 1256//3347 1378//3347
f 1277//3348 1170//3348 1281//3348
f 1473//13 1571//13 1529//13
f 3525//3349 3490//3349 3491//3349
f 3177//13 3314//13 3171//13
f 3526//3350 3525//3350 3491//3350
f 762//3351 629//3351 630//3351
f 2714//13 2797//13 2681//13
f 2488//3352 2407//3352 2402//3352
f 2978//3353 3018//3353 3087//3353
f 2681//13 2797//13 2747//13
f 745//3354 872//3354 879//3354
f 1277//3355 1281//3355 1375//3355
f 154//3356 3601//3356 3551//3356
f 3554//3357 19//3357 1647//3357
f 154//3358 3554//3358 3601//3358
f 133//3359 2102//3359 2302//3359
f 1379//3360 1438//3360 1497//3360
f 1556//3310 1318//3310 3456//3310
f 1133//13 1126//13 1252//13
f 1375//3361 1281//3361 1393//3361
f 762//3351 760//3351 629//3351
f 1093//3362 1205//3362 1178//3362
f 2001//13 1919//13 1950//13
f 996//3363 904//3363 879//3363
f 1375//3364 1393//3364 1511//3364
f 3215//3365 3221//3365 2994//3365
f 3713//3319 3456//3319 3601//3319
f 2607//3357 132//3357 392//3357
f 990//13 1133//13 1188//13
f 1278//13 1065//13 1188//13
f 1408//3319 19//3319 1164//3319
f 1949//13 2026//13 1950//13
f 1325//3366 1438//3366 1379//3366
f 2340//3367 3255//3367 2859//3367
f 2467//3368 133//3368 2302//3368
f 1511//3369 1393//3369 1512//3369
f 2867//3370 2887//3370 2782//3370
f 3285//13 3034//13 3049//13
f 2607//3371 2596//3371 132//3371
f 3162//13 3285//13 3049//13
f 3012//3372 2898//3372 2978//3372
f 2257//3373 2258//3373 2213//3373
f 1355//13 1475//13 1324//13
f 744//3374 877//3374 797//3374
f 746//3375 804//3375 827//3375
f 2145//3376 2213//3376 2157//3376
f 1898//13 1949//13 1950//13
f 1598//3377 1566//3377 1663//3377
f 588//3378 457//3378 539//3378
f 1403//3379 1402//3379 1315//3379
f 2939//3380 3026//3380 2867//3380
f 1553//3381 1859//3381 1828//3381
f 490//3382 744//3382 601//3382
f 1511//3383 1512//3383 1605//3383
f 1605//3384 1512//3384 1606//3384
f 1919//13 1898//13 1950//13
f 2101//3385 135//3385 83//3385
f 2159//13 2212//13 2235//13
f 3577//13 3607//13 3566//13
f 1605//3386 1606//3386 1687//3386
f 1113//3387 1137//3387 1014//3387
f 1048//3388 921//3388 1009//3388
f 1765//13 1763//13 1816//13
f 2097//3389 2211//3389 2215//3389
f 536//13 350//13 462//13
f 3455//13 3494//13 3566//13
f 1687//3390 1606//3390 1688//3390
f 499//3391 634//3391 705//3391
f 3162//13 3049//13 2901//13
f 1562//13 1454//13 1650//13
f 1763//13 1651//13 1721//13
f 2868//13 2597//13 2663//13
f 2779//3392 2708//3392 2696//3392
f 1893//13 1814//13 1816//13
f 3561//13 3455//13 3566//13
f 1763//13 1839//13 1816//13
f 998//3393 1014//3393 884//3393
f 2867//3394 2869//3394 2939//3394
f 630//3395 489//3395 474//3395
f 2938//13 3033//13 3042//13
f 3171//13 3017//13 3042//13
f 630//2515 629//2515 489//2515
f 3588//13 3566//13 3607//13
f 2163//13 2276//13 2281//13
f 3012//3396 2978//3396 3087//3396
f 1376//3397 1389//3397 1250//3397
f 648//3398 607//3398 480//3398
f 2018//3399 2048//3399 2139//3399
f 1687//3400 1688//3400 1781//3400
f 2277//13 2163//13 2281//13
f 2412//13 2386//13 2281//13
f 704//3401 479//3401 616//3401
f 2276//13 2412//13 2281//13
f 3393//3402 3050//3402 3305//3402
f 3020//3403 2856//3403 3050//3403
f 2071//13 2098//13 2123//13
f 3612//13 3607//13 3625//13
f 3644//13 3638//13 3625//13
f 520//3404 685//3404 355//3404
f 98//13 70//13 97//13
f 3607//13 3624//13 3625//13
f 122//13 98//13 97//13
f 3177//13 3171//13 3042//13
f 578//3405 360//3405 479//3405
f 2074//3406 2145//3406 2116//3406
f 3639//13 3613//13 3631//13
f 1781//3407 1688//3407 1782//3407
f 3638//13 3651//13 3631//13
f 2154//13 2233//13 2175//13
f 3613//13 3599//13 3631//13
f 2144//13 2123//13 2175//13
f 2222//3408 2157//3408 2213//3408
f 496//3409 330//3409 458//3409
f 1294//13 1248//13 1201//13
f 1199//13 1294//13 1201//13
f 1090//13 1199//13 1201//13
f 2210//13 2144//13 2175//13
f 1940//13 1893//13 1839//13
f 1843//13 1988//13 1839//13
f 3213//13 3033//13 3054//13
f 474//3410 367//3410 366//3410
f 3612//13 3625//13 3638//13
f 2254//13 2159//13 2235//13
f 1781//3411 1885//3411 1884//3411
f 2869//3412 2867//3412 2779//3412
f 3258//13 3213//13 3054//13
f 3034//13 3258//13 3054//13
f 2934//13 2908//13 3054//13
f 2300//13 2254//13 2235//13
f 1422//13 1328//13 1354//13
f 2906//13 2797//13 2784//13
f 2714//13 2784//13 2797//13
f 1303//13 1416//13 1354//13
f 2714//13 2742//13 2784//13
f 2212//13 2262//13 2235//13
f 474//3413 489//3413 367//3413
f 2023//13 2026//13 1949//13
f 3021//3414 3196//3414 2939//3414
f 2098//13 2071//13 2026//13
f 990//13 1188//13 1065//13
f 95//13 80//13 109//13
f 1781//3415 1782//3415 1885//3415
f 161//13 219//13 146//13
f 2901//13 2906//13 2784//13
f 1527//3416 1534//3416 1566//3416
f 1949//13 1893//13 1940//13
f 128//13 161//13 146//13
f 3654//13 3671//13 3669//13
f 184//13 140//13 131//13
f 366//3417 300//3417 299//3417
f 3314//13 3213//13 3403//13
f 3488//13 3558//13 3403//13
f 366//3417 367//3417 300//3417
f 2666//3418 2751//3418 2586//3418
f 3578//13 3519//13 3568//13
f 1294//13 1354//13 1328//13
f 147//13 140//13 218//13
f 1884//3419 1957//3419 1958//3419
f 2071//13 2001//13 2026//13
f 3671//3420 3727//3420 3669//3420
f 299//3421 250//3421 249//3421
f 3656//13 3729//13 3671//13
f 299//3422 300//3422 250//3422
f 3023//3423 3198//3423 2942//3423
f 2023//13 2113//13 2026//13
f 1598//3424 1527//3424 1566//3424
f 2341//13 2300//13 2262//13
f 859//3425 628//3425 761//3425
f 1526//13 1517//13 1421//13
f 2101//3426 442//3426 135//3426
f 249//3427 204//3427 203//3427
f 3578//13 3568//13 3604//13
f 2882//13 3033//13 2938//13
f 1534//3428 1593//3428 1566//3428
f 1552//3429 1472//3429 1434//3429
f 1529//13 1571//13 1592//13
f 1765//13 1816//13 1814//13
f 150//13 122//13 146//13
f 3654//13 3656//13 3671//13
f 2644//3430 2618//3430 2526//3430
f 326//13 214//13 219//13
f 3019//3431 3021//3431 2939//3431
f 150//13 219//13 214//13
f 161//13 281//13 219//13
f 3703//3432 3554//3432 1647//3432
f 1884//3433 1885//3433 1957//3433
f 2938//13 3042//13 3017//13
f 2262//13 2274//13 2341//13
f 3206//3434 158//3434 3020//3434
f 1958//3435 2060//3435 2058//3435
f 2597//13 2463//13 2663//13
f 2605//3436 2896//3436 2663//3436
f 219//13 150//13 146//13
f 3633//3437 2600//3437 2839//3437
f 1422//13 1473//13 1471//13
f 1163//3438 1078//3438 1015//3438
f 1958//3439 1957//3439 2060//3439
f 2672//13 2681//13 2747//13
f 1443//13 1422//13 1471//13
f 1532//13 1443//13 1471//13
f 1529//13 1532//13 1471//13
f 1098//3440 896//3440 1026//3440
f 2058//3441 2060//3441 2166//3441
f 281//13 326//13 219//13
f 133//3442 2743//3442 158//3442
f 133//3443 2598//3443 2743//3443
f 2166//3444 2060//3444 2167//3444
f 3383//13 3483//13 3401//13
f 3660//13 3645//13 3659//13
f 29//3367 2385//3367 32//3367
f 2166//3445 2167//3445 2286//3445
f 1324//13 1188//13 1252//13
f 2286//3446 2167//3446 2288//3446
f 2839//3367 18//3367 3633//3367
f 1133//13 1252//13 1188//13
f 27//3367 451//3367 29//3367
f 3706//3385 834//3385 2101//3385
f 2286//3447 2288//3447 2413//3447
f 3560//3367 159//3367 2122//3367
f 2413//3448 2288//3448 2415//3448
f 159//3367 3572//3367 1298//3367
f 2413//3449 2415//3449 2524//3449
f 3564//13 3584//13 3552//13
f 249//3450 250//3450 204//3450
f 1309//13 1420//13 1421//13
f 2596//3451 76//3451 132//3451
f 3639//13 3661//13 3634//13
f 34//3367 32//3367 2122//3367
f 35//3367 34//3367 2122//3367
f 3572//3367 26//3367 28//3367
f 25//3367 451//3367 27//3367
f 3613//13 3639//13 3634//13
f 459//291 2387//291 3662//291
f 3719//3452 3721//3452 3665//3452
f 1235//13 1355//13 1252//13
f 1256//3453 1218//3453 1138//3453
f 3664//291 3610//291 1638//291
f 18//3367 3636//3367 3633//3367
f 3606//13 3613//13 3634//13
f 1395//3454 1266//3454 1385//3454
f 2524//3455 2415//3455 2525//3455
f 2049//3456 3603//3456 3707//3456
f 32//3367 2385//3367 2122//3367
f 2524//3457 2525//3457 2648//3457
f 451//3367 2385//3367 29//3367
f 1298//3367 30//3367 2122//3367
f 18//3367 14//3367 12//3367
f 3636//3367 2284//3367 2796//3367
f 1355//13 1324//13 1252//13
f 3610//291 3579//291 1638//291
f 1768//13 1935//13 1889//13
f 2942//3458 2986//3458 2860//3458
f 2284//3367 18//3367 12//3367
f 462//13 350//13 404//13
f 3255//3367 3640//3367 13//3367
f 1327//3459 3594//3459 1553//3459
f 203//3460 169//3460 167//3460
f 1716//13 1768//13 1889//13
f 2648//3461 2525//3461 2651//3461
f 23//3462 2894//3462 2326//3462
f 2022//13 1716//13 1889//13
f 2179//13 2269//13 2052//13
f 203//3460 204//3460 169//3460
f 2287//3463 2247//3463 2161//3463
f 2648//3464 2651//3464 2763//3464
f 1854//3465 1773//3465 1892//3465
f 2007//3466 2019//3466 2065//3466
f 13//3367 3640//3367 11//3367
f 1064//291 1010//291 52//291
f 1318//3467 3582//3467 2353//3467
f 2763//3468 2651//3468 2765//3468
f 3658//3469 3723//3469 3659//3469
f 595//3470 745//3470 774//3470
f 3573//13 3604//13 3568//13
f 1138//3471 1163//3471 1015//3471
f 2360//3472 2215//3472 2336//3472
f 2763//3473 2765//3473 2860//3473
f 3445//13 3397//13 3486//13
f 3519//13 3481//13 3568//13
f 3483//13 3562//13 3486//13
f 841//3474 644//3474 584//3474
f 538//3475 709//3475 614//3475
f 1420//13 1526//13 1421//13
f 1416//13 1309//13 1421//13
f 3439//13 3451//13 3552//13
f 1442//3476 1552//3476 1434//3476
f 31//3477 56//3477 46//3477
f 3584//13 3559//13 3552//13
f 1891//3478 1726//3478 1853//3478
f 1458//3479 1364//3479 1433//3479
f 1726//3480 1623//3480 1734//3480
f 143//291 1888//291 937//291
f 3073//3481 3275//3481 3021//3481
f 2488//3482 2491//3482 2407//3482
f 1417//3483 1468//3483 1403//3483
f 3301//13 3383//13 3401//13
f 3588//13 3561//13 3566//13
f 2860//3484 2765//3484 2862//3484
f 3649//3485 3628//3485 3715//3485
f 3494//13 3577//13 3566//13
f 47//3486 33//3486 46//3486
f 2908//13 2812//13 2797//13
f 791//3487 654//3487 774//3487
f 3069//3488 3073//3488 3021//3488
f 2513//13 2464//13 2545//13
f 2408//13 2400//13 2464//13
f 31//3367 33//3367 2122//3367
f 3397//13 3301//13 3401//13
f 3564//13 3552//13 3451//13
f 904//3489 791//3489 774//3489
f 2860//3490 2862//3490 2942//3490
f 3562//13 3555//13 3486//13
f 3640//3367 2284//3367 1//3367
f 3397//13 3401//13 3486//13
f 3483//13 3486//13 3401//13
f 3655//13 3669//13 3672//13
f 3667//13 3655//13 3672//13
f 3724//3491 3667//3491 3672//3491
f 2942//3492 2862//3492 2947//3492
f 804//3493 700//3493 776//3493
f 2942//3494 2947//3494 3023//3494
f 3023//3495 2947//3495 3025//3495
f 9//3367 3640//3367 7//3367
f 2150//3496 2076//3496 2187//3496
f 3640//3367 2796//3367 2284//3367
f 2284//3367 8//3367 6//3367
f 2204//3497 2301//3497 2317//3497
f 2471//13 2545//13 2464//13
f 2400//13 2471//13 2464//13
f 1//3367 2284//3367 3//3367
f 2513//13 2408//13 2464//13
f 3//3367 2284//3367 4//3367
f 3677//3498 507//3498 3675//3498
f 1298//3367 3572//3367 30//3367
f 2600//3499 3633//3499 3345//3499
f 1829//3500 1828//3500 2061//3500
f 2284//3367 6//3367 4//3367
f 3023//3501 3071//3501 3070//3501
f 3023//3502 3025//3502 3071//3502
f 1770//3503 1821//3503 1701//3503
f 2301//3504 2422//3504 2438//3504
f 3692//3505 2453//3505 3707//3505
f 159//3367 1298//3367 2122//3367
f 28//3367 30//3367 3572//3367
f 496//3506 539//3506 402//3506
f 154//3507 3551//3507 19//3507
f 2290//3508 2311//3508 2437//3508
f 2607//3451 19//3451 3551//3451
f 3713//3432 3554//3432 3703//3432
f 466//3509 473//3509 353//3509
f 10//3367 8//3367 2284//3367
f 7//3367 3640//3367 5//3367
f 1678//3510 1567//3510 1552//3510
f 2941//3511 2939//3511 2869//3511
f 1468//3512 1536//3512 1483//3512
f 1829//3513 1581//3513 1828//3513
f 801//3514 914//3514 776//3514
f 1527//3515 1543//3515 1469//3515
f 1859//3516 2115//3516 1828//3516
f 3663//291 676//291 3662//291
f 1706//3517 1701//3517 1811//3517
f 2585//3518 2568//3518 2700//3518
f 167//3519 198//3519 199//3519
f 676//291 3668//291 3662//291
f 1403//3520 1468//3520 1483//3520
f 159//3367 2340//3367 3572//3367
f 3699//3521 3543//3521 2112//3521
f 1683//3522 1682//3522 1637//3522
f 3137//3523 3316//3523 3073//3523
f 12//3367 10//3367 2284//3367
f 105//3524 103//3524 2055//3524
f 2271//3525 2223//3525 2220//3525
f 2366//3526 3699//3526 2112//3526
f 3708//3527 3616//3527 3563//3527
f 1669//3528 1683//3528 1637//3528
f 1255//3529 1250//3529 1157//3529
f 1564//3530 1678//3530 1552//3530
f 3728//3498 22//3498 3729//3498
f 47//3531 35//3531 33//3531
f 2895//3532 2743//3532 2856//3532
f 3640//3367 1//3367 2//3367
f 2249//3533 86//3533 114//3533
f 3070//3534 3135//3534 3134//3534
f 5//3367 3640//3367 2//3367
f 152//3535 2249//3535 114//3535
f 2122//3367 30//3367 31//3367
f 2220//3536 2273//3536 2271//3536
f 167//3519 169//3519 198//3519
f 2526//3537 2528//3537 2644//3537
f 1792//3538 1698//3538 1678//3538
f 35//3367 2122//3367 33//3367
f 2018//3539 2137//3539 2016//3539
f 938//3540 851//3540 750//3540
f 1157//3541 1250//3541 1151//3541
f 2730//3542 2700//3542 2830//3542
f 2101//3543 24//3543 3551//3543
f 3070//3544 3071//3544 3135//3544
f 3640//3367 9//3367 11//3367
f 1684//3545 1792//3545 1678//3545
f 3136//3546 3137//3546 3073//3546
f 21//3547 2614//3547 2479//3547
f 507//3498 3678//3498 3680//3498
f 3676//3498 3675//3498 507//3498
f 3698//3498 3718//3498 3720//3498
f 2150//3548 2290//3548 2146//3548
f 2366//3549 37//3549 3068//3549
f 2707//3550 2856//3550 2743//3550
f 21//3551 2752//3551 2614//3551
f 330//3552 496//3552 402//3552
f 2975//3553 2959//3553 3100//3553
f 1087//3554 3691//3554 986//3554
f 2842//291 43//291 37//291
f 1923//3555 1891//3555 2003//3555
f 2752//3556 21//3556 2893//3556
f 2860//3557 2878//3557 2763//3557
f 199//3558 241//3558 244//3558
f 2741//3559 2626//3559 2755//3559
f 197//3558 238//3558 242//3558
f 2249//3560 835//3560 3691//3560
f 464//3561 39//3561 3288//3561
f 39//3562 118//3562 3621//3562
f 87//291 2353//291 3582//291
f 3268//3563 3438//3563 3365//3563
f 2894//3564 23//3564 2611//3564
f 3683//3565 3685//3565 1418//3565
f 3288//3566 3569//3566 2326//3566
f 1015//3567 971//3567 882//3567
f 81//291 3668//291 1064//291
f 1811//3568 1899//3568 1909//3568
f 473//3569 595//3569 654//3569
f 791//3570 686//3570 654//3570
f 3616//3571 3702//3571 3689//3571
f 2215//3572 2332//3572 2336//3572
f 1909//3573 1987//3573 1997//3573
f 2626//3574 2603//3574 2503//3574
f 197//3575 193//3575 238//3575
f 1997//3576 2053//3576 2095//3576
f 3061//3577 3250//3577 2996//3577
f 19//3578 392//3578 836//3578
f 2336//3579 2450//3579 2455//3579
f 2748//13 2747//13 2812//13
f 2095//3580 2152//3580 2211//3580
f 199//3558 198//3558 241//3558
f 2581//3581 2455//3581 2547//3581
f 466//3582 583//3582 473//3582
f 67//291 1639//291 1155//291
f 2211//3583 2364//3583 2332//3583
f 2908//13 2934//13 2812//13
f 3410//291 1311//291 1402//291
f 3134//3584 3153//3584 3147//3584
f 2332//3585 2473//3585 2450//3585
f 1960//3586 1841//3586 1833//3586
f 43//291 1868//291 3068//291
f 242//3587 288//3587 292//3587
f 1528//3588 1525//3588 1452//3588
f 2611//3589 2366//3589 3068//3589
f 2455//3590 2544//3590 2547//3590
f 244//3587 291//3587 293//3587
f 317//2745 273//2745 402//2745
f 1452//3591 1449//3591 1412//3591
f 1495//3592 1377//3592 1478//3592
f 2450//3593 2580//3593 2544//3593
f 2455//3594 2450//3594 2544//3594
f 1480//291 104//291 1092//291
f 404//13 214//13 326//13
f 2544//3595 2661//3595 2639//3595
f 2547//3596 2639//3596 2641//3596
f 1288//3597 1287//3597 1192//3597
f 559//291 3674//291 3635//291
f 242//3587 238//3587 288//3587
f 2639//3598 2744//3598 2735//3598
f 244//3587 241//3587 291//3587
f 2735//3599 2909//3599 2807//3599
f 3674//291 397//291 3635//291
f 2809//3600 2735//3600 2807//3600
f 1900//3601 1797//3601 1907//3601
f 1060//3602 985//3602 984//3602
f 2641//3603 2735//3603 2738//3603
f 1604//3604 1691//3604 1720//3604
f 1459//3605 1550//3605 1478//3605
f 2807//3606 3006//3606 2913//3606
f 1010//291 2503//291 52//291
f 2913//3607 2915//3607 2807//3607
f 2996//3608 3176//3608 2922//3608
f 37//291 43//291 3068//291
f 2991//3609 3267//3609 3056//3609
f 2750//3610 2803//3610 2759//3610
f 3306//3611 3057//3611 3123//3611
f 2664//3612 2662//3612 2584//3612
f 3681//3613 1418//3613 275//3613
f 447//3614 343//3614 445//3614
f 2763//3615 2756//3615 2648//3615
f 281//13 161//13 266//13
f 2776//3616 2654//3616 2759//3616
f 2809//3617 2807//3617 2915//3617
f 2885//3618 2881//3618 2814//3618
f 277//3619 313//3619 276//3619
f 341//3620 314//3620 313//3620
f 2803//3621 2885//3621 2814//3621
f 18//3367 16//3367 14//3367
f 3575//291 2111//291 1933//291
f 292//3622 355//3622 360//3622
f 965//3623 761//3623 896//3623
f 2993//3624 3056//3624 3057//3624
f 3604//13 3630//13 3622//13
f 3633//3367 2385//3367 451//3367
f 292//3622 288//3622 355//3622
f 17//3367 2859//3367 3255//3367
f 732//3625 925//3625 813//3625
f 3057//3626 3056//3626 3123//3626
f 224//3627 222//3627 191//3627
f 882//3628 908//3628 749//3628
f 2789//3629 2888//3629 2723//3629
f 360//3630 480//3630 479//3630
f 2584//3631 2662//3631 2583//3631
f 2172//291 937//291 1011//291
f 360//3630 355//3630 480//3630
f 2584//3632 2583//3632 2499//3632
f 479//3633 607//3633 616//3633
f 2402//3634 2330//3634 2325//3634
f 2521//3635 2636//3635 2492//3635
f 479//3636 480//3636 607//3636
f 2340//3367 159//3367 3255//3367
f 1792//3637 1799//3637 1907//3637
f 1505//3638 1382//3638 1370//3638
f 3133//3639 3283//3639 3150//3639
f 2499//3640 2583//3640 2497//3640
f 2610//3641 2599//3641 2498//3641
f 235//13 147//13 218//13
f 3125//3642 3247//3642 3074//3642
f 3134//3643 3135//3643 3153//3643
f 2499//3644 2395//3644 2396//3644
f 616//3645 751//3645 749//3645
f 2526//3646 2618//3646 2416//3646
f 2342//3647 2218//3647 2248//3647
f 616//3648 607//3648 751//3648
f 1832//3649 1769//3649 1873//3649
f 1505//2204 1500//2204 1382//2204
f 2648//3650 2756//3650 2524//3650
f 2143//3651 2110//3651 2041//3651
f 2382//3652 2415//3652 2288//3652
f 1147//3653 1104//3653 1025//3653
f 2416//3654 2418//3654 2526//3654
f 749//3655 884//3655 882//3655
f 2248//3656 2218//3656 2142//3656
f 2142//3657 2106//3657 2015//3657
f 2165//3658 2164//3658 2054//3658
f 2046//3659 1921//3659 1943//3659
f 2054//3660 2046//3660 1943//3660
f 749//3661 751//3661 884//3661
f 2499//3662 2497//3662 2395//3662
f 1943//3663 1921//3663 1826//3663
f 882//3664 1014//3664 1015//3664
f 2524//3665 2602//3665 2413//3665
f 1826//3666 1783//3666 1712//3666
f 882//3667 884//3667 1014//3667
f 3645//13 3627//13 3622//13
f 2015//3668 1931//3668 1910//3668
f 2396//3669 2304//3669 2306//3669
f 1712//3670 1656//3670 1588//3670
f 1445//3671 1334//3671 1464//3671
f 1588//3672 1445//3672 1464//3672
f 1296//3673 1356//3673 1345//3673
f 644//13 557//13 340//13
f 1028//3674 1052//3674 897//3674
f 2429//3675 2293//3675 2286//3675
f 2413//3676 2429//3676 2286//3676
f 1910//3677 1842//3677 1815//3677
f 2221//3678 2295//3678 2167//3678
f 148//3679 332//3679 340//3679
f 2459//13 2414//13 2595//13
f 1089//3680 967//3680 1121//3680
f 1208//3681 1089//3681 1121//3681
f 1015//3682 1137//3682 1138//3682
f 1907//3683 1918//3683 2008//3683
f 1121//3684 967//3684 993//3684
f 1025//3685 1041//3685 894//3685
f 1722//3686 1695//3686 1649//3686
f 2759//3687 2803//3687 2814//3687
f 993//3688 867//3688 911//3688
f 693//3689 550//3689 810//3689
f 911//3690 693//3690 810//3690
f 378//3691 169//3691 204//3691
f 1649//3692 1550//3692 1546//3692
f 399//3693 437//3693 611//3693
f 3080//3694 3035//3694 3261//3694
f 1015//3695 1014//3695 1137//3695
f 2416//3696 2470//3696 2289//3696
f 2396//3697 2395//3697 2304//3697
f 1340//3698 1283//3698 1228//3698
f 2166//3699 2153//3699 2058//3699
f 2306//3700 2225//3700 2226//3700
f 2402//3701 2407//3701 2330//3701
f 2306//3702 2304//3702 2225//3702
f 2169//3703 2059//3703 2062//3703
f 2325//3704 2231//3704 2230//3704
f 1914//3705 1916//3705 2016//3705
f 2226//3706 2131//3706 2130//3706
f 3641//13 3652//13 3658//13
f 3721//3707 3723//3707 3658//3707
f 2325//3708 2330//3708 2231//3708
f 2289//3709 2297//3709 2169//3709
f 734//3710 463//3710 674//3710
f 2226//3711 2225//3711 2131//3711
f 2105//3712 2008//3712 2120//3712
f 1687//3713 1654//3713 1605//3713
f 468//3714 354//3714 291//3714
f 674//3715 411//3715 610//3715
f 848//3716 631//3716 763//3716
f 885//3717 938//3717 750//3717
f 293//3718 354//3718 358//3718
f 1506//3719 1390//3719 1386//3719
f 2230//3720 2143//3720 2141//3720
f 2230//3721 2231//3721 2143//3721
f 1506//3722 1508//3722 1390//3722
f 1386//2286 1270//2286 1261//2286
f 2141//3723 2041//3723 2038//3723
f 1723//3724 1610//3724 1720//3724
f 2141//3725 2143//3725 2041//3725
f 1703//3726 1757//3726 1672//3726
f 15//3367 17//3367 3255//3367
f 2038//3727 1928//3727 1924//3727
f 293//3728 291//3728 354//3728
f 691//3729 636//3729 846//3729
f 1386//2277 1390//2277 1270//2277
f 2028//3730 2147//3730 2120//3730
f 851//3731 775//3731 618//3731
f 2008//3732 2028//3732 2120//3732
f 2038//3733 2041//3733 1928//3733
f 770//3734 632//3734 706//3734
f 750//3735 851//3735 618//3735
f 2481//3736 2458//3736 2343//3736
f 3640//3367 3255//3367 2796//3367
f 669//3737 513//3737 638//3737
f 2696//3738 2633//3738 2630//3738
f 2458//3739 2425//3739 2343//3739
f 1542//3740 1490//3740 1447//3740
f 1261//3741 1152//3741 1140//3741
f 2543//3742 2540//3742 2458//3742
f 2628//3743 2543//3743 2458//3743
f 158//3744 3206//3744 3393//3744
f 1261//3745 1270//3745 1152//3745
f 1275//3746 1325//3746 1379//3746
f 1226//3747 1275//3747 1137//3747
f 1040//3748 1125//3748 1044//3748
f 2660//3749 2657//3749 2543//3749
f 2628//3750 2764//3750 2543//3750
f 932//3751 1040//3751 934//3751
f 829//3752 932//3752 830//3752
f 1370//3753 1263//3753 1267//3753
f 733//3754 829//3754 735//3754
f 2764//3755 2768//3755 2660//3755
f 435//3756 511//3756 672//3756
f 618//3757 687//3757 481//3757
f 1140//2333 1030//2333 1016//2333
f 2246//3758 2214//3758 2137//3758
f 409//3759 672//3759 608//3759
f 1140//3760 1152//3760 1030//3760
f 613//3761 672//3761 673//3761
f 1479//3762 1590//3762 1604//3762
f 2768//3763 2770//3763 2660//3763
f 1103//3764 997//3764 1114//3764
f 1006//3765 887//3765 925//3765
f 2857//3766 2949//3766 2768//3766
f 2977//3767 2857//3767 2768//3767
f 1127//3768 1114//3768 1004//3768
f 1610//3769 1488//3769 1604//3769
f 2935//3770 3039//3770 2857//3770
f 2977//3771 3072//3771 2857//3771
f 1222//3772 1114//3772 1127//3772
f 1016//2395 899//2395 886//2395
f 3072//3773 3201//3773 2935//3773
f 1016//2465 1030//2465 899//2465
f 1249//3774 1222//3774 1127//3774
f 2363//3775 2605//3775 2463//3775
f 1363//3776 1479//3776 1371//3776
f 1877//3777 1894//3777 1969//3777
f 1479//3778 1604//3778 1488//3778
f 1564//3779 1488//3779 1610//3779
f 511//3780 293//3780 358//3780
f 1363//3781 1440//3781 1479//3781
f 1488//3782 1371//3782 1479//3782
f 1918//3783 1799//3783 1841//3783
f 1963//3784 1918//3784 1841//3784
f 2259//3785 2108//3785 2363//3785
f 2139//3786 2246//3786 2137//3786
f 1241//3787 1349//3787 1363//3787
f 2028//3788 1918//3788 1963//3788
f 1001//3789 1021//3789 890//3789
f 2072//3790 2028//3790 1963//3790
f 2183//3791 2147//3791 2072//3791
f 1371//3792 1249//3792 1363//3792
f 2121//13 1988//13 2108//13
f 1618//3793 1666//3793 1728//3793
f 1118//3794 1182//3794 1241//3794
f 1249//3795 1127//3795 1241//3795
f 1138//3796 1275//3796 1256//3796
f 2772//3797 2854//3797 2662//3797
f 2183//3798 2303//3798 2308//3798
f 2244//3799 2183//3799 2308//3799
f 358//3630 486//3630 481//3630
f 646//3800 522//3800 671//3800
f 1551//3801 1618//3801 1499//3801
f 1138//3802 1137//3802 1275//3802
f 2303//3803 2426//3803 2308//3803
f 1068//3804 1182//3804 991//3804
f 2426//3805 2549//3805 2445//3805
f 2481//3806 2445//3806 2571//3806
f 1258//3807 1341//3807 1380//3807
f 1256//3808 1379//3808 1378//3808
f 2833//3809 2764//3809 2703//3809
f 1118//3810 1004//3810 991//3810
f 886//2470 766//2470 753//2470
f 2964//3811 2764//3811 2833//3811
f 886//2470 899//2470 766//2470
f 954//3812 991//3812 866//3812
f 2873//3813 2936//3813 2772//3813
f 3085//3814 3104//3814 2964//3814
f 1141//3815 1229//3815 1258//3815
f 753//3816 634//3816 620//3816
f 991//3817 872//3817 866//3817
f 3104//3818 2889//3818 2964//3818
f 1256//3819 1275//3819 1379//3819
f 2130//3820 2013//3820 2010//3820
f 3244//3821 2977//3821 3104//3821
f 866//3822 745//3822 740//3822
f 3372//3823 3072//3823 3244//3823
f 753//3816 766//3816 634//3816
f 3433//3824 3201//3824 3372//3824
f 1048//3825 1158//3825 1020//3825
f 466//3826 698//3826 583//3826
f 2970//3827 3048//3827 2873//3827
f 105//3498 2294//3498 63//3498
f 620//3828 499//3828 497//3828
f 1048//3829 1020//3829 891//3829
f 1378//3830 1497//3830 1496//3830
f 51//3498 507//3498 3682//3498
f 551//3831 466//3831 345//3831
f 703//3832 801//3832 671//3832
f 3472//3833 3457//3833 3513//3833
f 921//3834 891//3834 758//3834
f 466//3835 353//3835 345//3835
f 519//3836 345//3836 278//3836
f 1370//3837 1382//3837 1263//3837
f 857//3838 1006//3838 925//3838
f 620//3839 634//3839 499//3839
f 113//13 112//13 85//13
f 345//3840 283//3840 278//3840
f 342//3841 278//3841 229//3841
f 3260//3842 3180//3842 3032//3842
f 278//3843 232//3843 229//3843
f 296//3844 501//3844 365//3844
f 1378//3830 1379//3830 1497//3830
f 188//3845 175//3845 176//3845
f 497//3846 370//3846 357//3846
f 94//13 113//13 85//13
f 759//3847 858//3847 625//3847
f 213//3848 257//3848 258//3848
f 3079//3849 3260//3849 3032//3849
f 549//3850 494//3850 307//3850
f 384//3851 549//3851 307//3851
f 643//3852 549//3852 384//3852
f 506//3853 643//3853 384//3853
f 504//3854 506//3854 384//3854
f 247//3855 421//3855 296//3855
f 647//3856 716//3856 506//3856
f 1496//3857 1626//3857 1621//3857
f 54//13 68//13 85//13
f 3132//3858 3327//3858 3079//3858
f 497//3859 499//3859 370//3859
f 852//3860 647//3860 777//3860
f 357//3861 287//3861 286//3861
f 1496//3857 1497//3857 1626//3857
f 921//3862 939//3862 1009//3862
f 647//3863 773//3863 777//3863
f 944//3864 777//3864 919//3864
f 406//3865 421//3865 206//3865
f 2046//3866 2197//3866 2084//3866
f 777//3867 907//3867 919//3867
f 1096//3868 1045//3868 1047//3868
f 1171//3869 1096//3869 1047//3869
f 357//3870 370//3870 287//3870
f 1039//3871 1165//3871 1047//3871
f 286//3872 253//3872 239//3872
f 919//3873 1039//3873 1047//3873
f 72//13 54//13 85//13
f 1291//3874 1290//3874 1171//3874
f 1165//3875 1284//3875 1171//3875
f 339//3876 206//3876 171//3876
f 1404//3877 1346//3877 1291//3877
f 1284//3878 1398//3878 1291//3878
f 3148//3879 3338//3879 3132//3879
f 983//3880 923//3880 909//3880
f 1612//3881 1522//3881 1645//3881
f 336//3882 171//3882 196//3882
f 1436//3883 1404//3883 1522//3883
f 683//3884 561//3884 487//3884
f 1404//3885 1516//3885 1522//3885
f 65//13 100//13 69//13
f 446//3886 336//3886 243//3886
f 286//3887 287//3887 253//3887
f 1522//3888 1641//3888 1645//3888
f 625//3889 683//3889 487//3889
f 510//3890 446//3890 294//3890
f 1645//3891 1754//3891 1758//3891
f 1942//3892 1834//3892 1886//3892
f 1996//3893 1942//3893 1886//3893
f 1886//3894 1863//3894 1996//3894
f 80//13 58//13 69//13
f 3075//3895 3218//3895 3127//3895
f 2114//3896 2053//3896 1996//3896
f 2380//13 2515//13 2414//13
f 239//3897 207//3897 194//3897
f 3702//3898 3711//3898 3689//3898
f 510//3899 294//3899 361//3899
f 358//3900 354//3900 486//3900
f 3141//3901 21//3901 3708//3901
f 2477//3902 2364//3902 2357//3902
f 2673//3903 2750//3903 2671//3903
f 3147//3904 3122//3904 3120//3904
f 950//3905 1075//3905 1038//3905
f 1360//291 3585//291 2411//291
f 2741//3906 2580//3906 2603//3906
f 1108//3907 1006//3907 1038//3907
f 2616//3908 2673//3908 2671//3908
f 239//2664 253//2664 207//2664
f 1621//3909 1729//3909 1732//3909
f 194//3910 173//3910 170//3910
f 1267//3312 1144//3312 1146//3312
f 2774//3911 2741//3911 2863//3911
f 588//3912 703//3912 553//3912
f 2654//3913 2616//3913 2671//3913
f 2776//3914 2814//3914 2881//3914
f 194//3910 207//3910 173//3910
f 2853//3915 2863//3915 2992//3915
f 2279//13 2380//13 2414//13
f 3446//3916 3220//3916 3394//3916
f 1621//3909 1626//3909 1729//3909
f 3484//3917 3267//3917 3446//3917
f 3447//3918 3484//3918 3446//3918
f 2459//13 2268//13 2414//13
f 3522//3919 3342//3919 3484//3919
f 3485//3920 3522//3920 3484//3920
f 3402//3744 3141//3744 3708//3744
f 170//3921 210//3921 211//3921
f 3526//3922 3351//3922 3522//3922
f 3523//3923 3526//3923 3522//3923
f 1278//13 1411//13 1203//13
f 1097//3924 969//3924 1022//3924
f 363//3925 509//3925 298//3925
f 1065//13 1278//13 1203//13
f 1097//3926 1022//3926 1144//3926
f 3144//3927 3264//3927 3137//3927
f 1732//3928 1848//3928 1850//3928
f 1108//3929 1017//3929 1006//3929
f 1164//3930 836//3930 1203//3930
f 1317//3931 1212//3931 1263//3931
f 2094//13 2179//13 2052//13
f 1431//3932 1317//3932 1382//3932
f 1732//3928 1729//3928 1848//3928
f 1675//3933 1574//3933 1634//3933
f 2022//13 1889//13 2052//13
f 170//3934 173//3934 210//3934
f 293//3935 435//3935 244//3935
f 1267//3312 1263//3312 1144//3312
f 61//13 78//13 77//13
f 93//13 97//13 77//13
f 1850//3936 1964//3936 1966//3936
f 2061//3937 2363//3937 2108//3937
f 1560//3938 1500//3938 1629//3938
f 1850//3939 1848//3939 1964//3939
f 1941//13 2108//13 1988//13
f 1696//3940 1629//3940 1742//3940
f 646//3941 461//3941 522//3941
f 72//13 85//13 112//13
f 461//3942 401//3942 522//3942
f 1827//3943 1742//3943 1871//3943
f 2246//3944 2247//3944 2374//3944
f 1966//3945 2070//3945 2081//3945
f 808//3946 757//3946 624//3946
f 1966//3947 1964//3947 2070//3947
f 874//3948 949//3948 827//3948
f 1953//3949 1871//3949 1979//3949
f 211//3950 234//3950 236//3950
f 2081//3951 2188//3951 2185//3951
f 1746//3952 1675//3952 1634//3952
f 738//3953 746//3953 827//3953
f 2073//3954 1953//3954 2086//3954
f 2348//3955 2375//3955 2282//3955
f 2144//13 2071//13 2123//13
f 2154//13 2175//13 2123//13
f 2081//3956 2070//3956 2188//3956
f 2468//3957 2565//3957 2436//3957
f 2185//3958 2310//3958 2309//3958
f 1593//3959 1663//3959 1566//3959
f 2446//3960 2352//3960 2320//3960
f 2051//3961 2151//3961 2162//3961
f 2006//3962 2089//3962 2051//3962
f 2576//3963 2461//3963 2446//3963
f 1939//3964 2006//3964 2051//3964
f 2591//3965 2677//3965 2692//3965
f 2185//3958 2188//3958 2310//3958
f 2530//3966 2576//3966 2705//3966
f 1157//3967 1029//3967 1013//3967
f 2098//13 2154//13 2123//13
f 481//3968 624//3968 618//3968
f 46//13 56//13 65//13
f 1823//3969 1844//3969 1939//3969
f 244//3970 409//3970 199//3970
f 2309//3971 2432//3971 2434//3971
f 3102//3972 2852//3972 2965//3972
f 2233//13 2299//13 2245//13
f 3240//3973 2946//3973 3102//3973
f 211//3974 210//3974 234//3974
f 2377//3975 2501//3975 2495//3975
f 1708//3976 1771//3976 1823//3976
f 3370//3977 3067//3977 3240//3977
f 2309//3971 2310//3971 2432//3971
f 2374//3978 2377//3978 2495//3978
f 3205//3979 3067//3979 3370//3979
f 246//3980 399//3980 201//3980
f 2257//13 2210//13 2245//13
f 3205//3981 3370//3981 3431//3981
f 2130//3982 2131//3982 2013//3982
f 161//13 145//13 266//13
f 2434//3983 2559//3983 2563//3983
f 691//3984 624//3984 486//3984
f 2434//3983 2432//3983 2559//3983
f 70//13 77//13 97//13
f 680//3985 579//3985 700//3985
f 201//3986 372//3986 165//3986
f 2563//3987 2689//3987 2694//3987
f 2563//3988 2559//3988 2689//3988
f 235//13 266//13 145//13
f 2694//3989 2822//3989 2825//3989
f 533//3990 461//3990 646//3990
f 913//3991 784//3991 995//3991
f 2694//3992 2689//3992 2822//3992
f 1634//3993 1574//3993 1510//3993
f 812//3994 683//3994 913//3994
f 2825//3995 2957//3995 2956//3995
f 1146//3996 1022//3996 1024//3996
f 718//3997 561//3997 812//3997
f 2825//3998 2822//3998 2957//3998
f 387//3999 385//3999 167//3999
f 165//4000 386//4000 202//4000
f 1581//13 1780//13 1650//13
f 1656//4001 1730//4001 1620//4001
f 2010//4002 1906//4002 1905//4002
f 2956//4003 3097//4003 3096//4003
f 2594//4004 2495//4004 2606//4004
f 2956//4003 2957//4003 3097//4003
f 202//4005 431//4005 248//4005
f 3096//4006 3236//4006 3237//4006
f 393//4007 198//4007 169//4007
f 3096//4006 3097//4006 3236//4006
f 1721//13 1562//13 1650//13
f 2491//4008 2486//4008 2407//4008
f 448//4009 524//4009 297//4009
f 248//4010 448//4010 297//4010
f 1146//4011 1144//4011 1022//4011
f 1544//4012 1620//4012 1501//4012
f 199//4013 387//4013 167//4013
f 297//4014 524//4014 364//4014
f 1024//4015 889//4015 895//4015
f 364//4016 552//4016 488//4016
f 3147//4017 3153//4017 3122//4017
f 3020//4018 158//4018 2895//4018
f 2501//4019 2608//4019 2606//4019
f 488//4020 772//4020 627//4020
f 3711//3498 3688//3498 3689//3498
f 1024//4015 1022//4015 889//4015
f 772//4021 865//4021 627//4021
f 3702//3527 3693//3527 3705//3527
f 2495//4022 2501//4022 2606//4022
f 1043//4023 900//4023 1031//4023
f 895//4024 754//4024 764//4024
f 764//4025 962//4025 895//4025
f 1334//4026 1383//4026 1259//4026
f 2653//4027 2558//4027 2643//4027
f 895//4028 1074//4028 1024//4028
f 426//4029 204//4029 250//4029
f 3629//13 3587//13 3614//13
f 936//4030 767//4030 900//4030
f 1024//4031 1156//4031 1146//4031
f 2500//3434 1674//3434 3313//3434
f 2010//4032 2013//4032 1906//4032
f 1214//4033 1308//4033 1267//4033
f 1146//4034 1214//4034 1267//4034
f 3701//3901 3714//3901 3705//3901
f 236//4035 285//4035 284//4035
f 1157//4036 1151//4036 1029//4036
f 888//4037 967//4037 1018//4037
f 3698//3498 3716//3498 3718//3498
f 1510//4038 1426//4038 1391//4038
f 1905//4039 1786//4039 1784//4039
f 1505//4040 1538//4040 1622//4040
f 133//3527 158//3527 3313//3527
f 756//4041 967//4041 888//4041
f 1622//4042 1709//4042 1733//4042
f 21//4043 2479//4043 2278//4043
f 895//4044 889//4044 754//4044
f 1733//4045 1789//4045 1849//4045
f 3120//4046 3066//4046 3064//4046
f 1849//4047 1937//4047 1973//4047
f 623//4048 867//4048 756//4048
f 2020//4049 2110//4049 2078//4049
f 1973//4050 2020//4050 2078//4050
f 3664//291 38//291 2411//291
f 645//4051 371//4051 493//4051
f 2110//4052 2173//4052 2189//4052
f 2078//4053 2110//4053 2189//4053
f 3634//13 3648//13 3609//13
f 1905//4054 1906//4054 1786//4054
f 2313//4055 2261//4055 2436//4055
f 2926//4056 2987//4056 2846//4056
f 484//4057 768//4057 623//4057
f 84//291 2411//291 3571//291
f 547//4058 303//4058 371//4058
f 1784//4059 1670//4059 1662//4059
f 1391//4060 1338//4060 1272//4060
f 3715//4061 3717//4061 3649//4061
f 2837//4062 2918//4062 2955//4062
f 2565//4063 2591//4063 2692//4063
f 290//4064 550//4064 359//4064
f 764//3351 619//3351 627//3351
f 880//4065 760//4065 893//4065
f 3004//4066 3175//4066 2926//4066
f 3708//3527 3702//3527 3616//3527
f 2918//4067 2987//4067 3090//4067
f 1784//4068 1786//4068 1670//4068
f 240//4069 471//4069 290//4069
f 133//3898 3313//3898 1674//3898
f 3086//4070 3360//4070 3230//4070
f 408//4071 208//4071 254//4071
f 764//4072 754//4072 619//4072
f 390//4073 166//4073 208//4073
f 1181//4074 1246//4074 1143//4074
f 3065//4075 3210//4075 3004//4075
f 3611//4076 3715//4076 3628//4076
f 1662//4077 1540//4077 1537//4077
f 236//4078 234//4078 285//4078
f 195//4079 417//4079 240//4079
f 383//4080 398//4080 192//4080
f 833//291 143//291 2111//291
f 1183//4081 1136//4081 1012//4081
f 2102//4082 133//4082 1674//4082
f 2134//4083 2237//4083 2140//4083
f 2267//291 3184//291 2891//291
f 627//4084 483//4084 488//4084
f 423//4085 205//4085 251//4085
f 627//4086 619//4086 483//4086
f 465//4087 526//4087 289//4087
f 488//4088 361//4088 364//4088
f 526//4089 586//4089 356//4089
f 488//4090 483//4090 361//4090
f 455//4091 251//4091 302//4091
f 284//4092 352//4092 368//4092
f 1662//4093 1670//4093 1540//4093
f 364//4094 294//4094 297//4094
f 3701//4095 3313//4095 158//4095
f 3402//4096 3708//4096 3563//4096
f 364//4094 361//4094 294//4094
f 297//3422 243//3422 248//3422
f 1537//4097 1425//4097 1423//4097
f 1424//4098 1507//4098 1388//4098
f 3269//13 3439//13 3437//13
f 765//4099 816//4099 633//4099
f 1537//4100 1540//4100 1425//4100
f 297//3422 294//3422 243//3422
f 248//3427 196//3427 202//3427
f 1066//4101 941//4101 898//4101
f 696//4102 617//4102 478//4102
f 248//3427 243//3427 196//3427
f 284//4103 285//4103 352//4103
f 1066//4104 898//4104 1029//4104
f 1423//4105 1316//4105 1310//4105
f 3120//4106 3122//4106 3066//4106
f 202//3460 171//3460 165//3460
f 202//3460 196//3460 171//3460
f 1423//4107 1425//4107 1316//4107
f 1924//4108 1809//4108 1807//4108
f 165//3519 206//3519 201//3519
f 368//4109 478//4109 491//4109
f 696//4110 821//4110 617//4110
f 165//3519 171//3519 206//3519
f 1493//4111 1389//4111 1509//4111
f 1013//2395 898//2395 883//2395
f 2608//4112 2725//4112 2724//4112
f 1714//4113 1802//4113 1727//4113
f 201//3558 247//3558 246//3558
f 1692//4114 1796//4114 1743//4114
f 1644//4115 1509//4115 1633//4115
f 2813//4116 3038//4116 2920//4116
f 201//3558 206//3558 247//3558
f 246//3587 296//3587 298//3587
f 2723//4117 2888//4117 2813//4117
f 1874//4118 1761//4118 1745//4118
f 246//3587 247//3587 296//3587
f 1310//4119 1224//4119 1220//4119
f 1981//4120 1936//4120 1874//4120
f 1908//4121 1912//4121 2005//4121
f 298//4122 365//4122 363//4122
f 298//4122 296//4122 365//4122
f 2479//4123 2808//4123 2278//4123
f 363//4124 477//4124 487//4124
f 1800//4125 1752//4125 1739//4125
f 3559//13 3382//13 3437//13
f 564//4126 528//4126 368//4126
f 363//4127 365//4127 477//4127
f 1790//4128 1791//4128 1908//4128
f 487//3968 626//3968 625//3968
f 2590//4129 2572//4129 2704//4129
f 1310//4130 1316//4130 1224//4130
f 2372//4131 2521//4131 2492//4131
f 487//4132 477//4132 626//4132
f 3019//4133 2939//4133 2941//4133
f 2786//4134 2679//4134 2835//4134
f 1220//4135 1172//4135 1173//4135
f 1220//4136 1224//4136 1172//4136
f 368//4137 352//4137 478//4137
f 625//4138 758//4138 759//4138
f 625//4138 626//4138 758//4138
f 1800//4139 1739//4139 1865//4139
f 2786//4140 2835//4140 2967//4140
f 2241//4141 2327//4141 2372//4141
f 1173//4142 1084//4142 1083//4142
f 759//4143 891//4143 894//4143
f 2907//4144 2967//4144 3105//4144
f 759//4145 758//4145 891//4145
f 894//4146 1020//4146 1025//4146
f 491//4147 617//4147 631//4147
f 3011//4148 3105//4148 3245//4148
f 1013//2395 1029//2395 898//2395
f 1924//4149 1928//4149 1809//4149
f 894//4150 891//4150 1020//4150
f 1025//4151 1141//4151 1147//4151
f 166//4152 383//4152 192//4152
f 1173//4153 1172//4153 1084//4153
f 1025//4154 1020//4154 1141//4154
f 491//4155 478//4155 617//4155
f 207//4156 382//4156 173//4156
f 1147//4157 1258//4157 1262//4157
f 192//4158 398//4158 237//4158
f 2056//4159 2200//4159 2088//4159
f 1083//4160 987//4160 988//4160
f 1147//4161 1141//4161 1258//4161
f 1083//4162 1084//4162 987//4162
f 988//4163 987//4163 906//4163
f 237//4164 465//4164 289//4164
f 906//4165 987//4165 903//4165
f 1342//4166 1338//4166 1451//4166
f 906//4167 903//4167 809//4167
f 1232//4168 1285//4168 1342//4168
f 809//4169 903//4169 806//4169
f 2398//4170 2448//4170 2291//4170
f 631//4171 747//4171 763//4171
f 1122//4172 1111//4172 1232//4172
f 809//4173 722//4173 720//4173
f 289//4174 526//4174 356//4174
f 1035//4175 1043//4175 1122//4175
f 631//4176 617//4176 747//4176
f 809//4177 806//4177 722//4177
f 2589//291 1638//291 3579//291
f 737//4178 645//4178 838//4178
f 720//4179 661//4179 659//4179
f 1262//4180 1380//4180 1396//4180
f 675//4181 517//4181 737//4181
f 720//4182 722//4182 661//4182
f 1262//4183 1258//4183 1380//4183
f 2398//4184 2573//4184 2448//4184
f 2606//4185 2608//4185 2724//4185
f 2520//4186 2702//4186 2573//4186
f 360//4187 503//4187 292//4187
f 612//4188 408//4188 675//4188
f 659//4189 594//4189 593//4189
f 2725//4190 2817//4190 2815//4190
f 1481//4191 1559//4191 1554//4191
f 1396//4192 1499//4192 1498//4192
f 1616//4193 1088//4193 2891//4193
f 253//4194 394//4194 207//4194
f 420//4195 286//4195 239//4195
f 1807//4196 1694//4196 1689//4196
f 763//4197 871//4197 897//4197
f 752//4198 918//4198 883//4198
f 1396//4199 1380//4199 1499//4199
f 1952//291 2577//291 3574//291
f 883//4200 1077//4200 1013//4200
f 2740//4201 2769//4201 2625//4201
f 1807//4202 1809//4202 1694//4202
f 1498//4203 1618//4203 1619//4203
f 287//4204 450//4204 253//4204
f 525//4205 287//4205 370//4205
f 481//3968 486//3968 624//3968
f 40//291 139//291 523//291
f 1376//4206 1466//4206 1494//4206
f 1498//4207 1499//4207 1618//4207
f 2724//4208 2725//4208 2815//4208
f 631//4209 699//4209 491//4209
f 1494//4210 1549//4210 1617//4210
f 1619//4211 1728//4211 1737//4211
f 2799//4212 2912//4212 2968//4212
f 805//4213 753//4213 620//4213
f 1617//4214 1714//4214 1727//4214
f 1619//3909 1618//3909 1728//3909
f 2761//4215 2637//4215 2826//4215
f 1737//4216 1877//4216 1845//4216
f 1895//4217 1968//4217 1846//4217
f 881//4218 1007//4218 1011//4218
f 883//2470 765//2470 752//2470
f 1737//4219 1728//4219 1877//4219
f 780//4220 878//4220 881//4220
f 924//4221 886//4221 753//4221
f 1845//4222 1969//4222 1986//4222
f 3114//4223 3312//4223 3144//4223
f 1845//4224 1877//4224 1969//4224
f 2159//13 2063//13 2117//13
f 1986//4225 2075//4225 2079//4225
f 2876//4226 3084//4226 2951//4226
f 3190//4227 3420//4227 3359//4227
f 542//4228 605//4228 606//4228
f 2817//4229 2921//4229 2919//4229
f 2848//4230 2917//4230 2740//4230
f 1986//4231 1969//4231 2075//4231
f 3007//4232 2917//4232 2848//4232
f 2035//13 2119//13 2117//13
f 2079//3951 2186//3951 2191//3951
f 2079//3951 2075//3951 2186//3951
f 899//4233 974//4233 766//4233
f 2775//13 2675//13 2658//13
f 2930//4234 3007//4234 2848//4234
f 3377//4235 3328//4235 3501//4235
f 3460//4236 3377//4236 3501//4236
f 1100//4237 974//4237 1030//4237
f 491//4238 564//4238 368//4238
f 3590//291 3520//291 3524//291
f 883//2470 898//2470 765//2470
f 752//4239 633//4239 621//4239
f 763//4240 747//4240 871//4240
f 1100//4241 1030//4241 1152//4241
f 897//4146 1012//4146 1028//4146
f 897//4242 871//4242 1012//4242
f 752//4243 765//4243 633//4243
f 374//4244 403//4244 170//4244
f 1372//4245 1243//4245 1270//4245
f 1390//4246 1372//4246 1270//4246
f 621//4247 492//4247 482//4247
f 3066//4248 3277//4248 3009//4248
f 1689//4249 1565//4249 1563//4249
f 1689//4250 1694//4250 1565//4250
f 124//13 109//13 140//13
f 1632//4251 1579//4251 1508//4251
f 3275//4252 3316//4252 3469//4252
f 2815//4253 2817//4253 2919//4253
f 1744//4254 1697//4254 1632//4254
f 3153//4255 3322//4255 3122//4255
f 1563//4256 1437//4256 1435//4256
f 1805//4257 1744//4257 1872//4257
f 1028//4258 1136//4258 1150//4258
f 167//4259 385//4259 203//4259
f 1028//4258 1012//4258 1136//4258
f 621//4260 633//4260 492//4260
f 1872//4261 1980//4261 1904//4261
f 3135//4262 3322//4262 3153//4262
f 482//4263 369//4263 356//4263
f 3296//4264 3199//4264 3427//4264
f 482//4265 492//4265 369//4265
f 356//4266 302//4266 289//4266
f 1150//4267 1254//4267 1269//4267
f 184//13 218//13 140//13
f 2921//4268 2990//4268 2989//4268
f 3025//4269 3282//4269 3071//4269
f 2442//4270 2388//4270 2318//4270
f 3316//4271 3355//4271 3510//4271
f 1563//4272 1565//4272 1437//4272
f 356//4273 369//4273 302//4273
f 2919//4274 2921//4274 2989//4274
f 1150//4267 1136//4267 1254//4267
f 289//4275 251//4275 237//4275
f 1269//4276 1377//4276 1384//4276
f 289//2617 302//2617 251//2617
f 2519//4277 2569//4277 2698//4277
f 237//4278 205//4278 192//4278
f 286//4279 518//4279 357//4279
f 3502//4280 3318//4280 3465//4280
f 1435//4281 1329//4281 1326//4281
f 237//4282 251//4282 205//4282
f 2793//4283 2827//4283 2963//4283
f 3101//4284 2932//4284 2963//4284
f 192//2914 205//2914 166//2914
f 166//4285 205//4285 174//4285
f 166//4286 174//4286 208//4286
f 418//4287 338//4287 242//4287
f 1435//4288 1437//4288 1329//4288
f 1269//4289 1254//4289 1377//4289
f 2651//4290 2795//4290 2765//4290
f 1326//4291 1216//4291 1213//4291
f 1326//4292 1329//4292 1216//4292
f 1384//4293 1495//4293 1489//4293
f 2989//4294 2990//4294 3043//4294
f 208//4295 174//4295 195//4295
f 618//4296 757//4296 750//4296
f 1384//3830 1377//3830 1495//3830
f 1213//4297 1120//4297 1115//4297
f 208//4298 240//4298 254//4298
f 1033//4299 1016//4299 886//4299
f 1213//4300 1216//4300 1120//4300
f 203//4301 422//4301 249//4301
f 1489//4302 1611//4302 1624//4302
f 1115//4303 1053//4303 1050//4303
f 208//4298 195//4298 240//4298
f 3043//2583 3044//2583 3078//2583
f 3109//4304 3325//4304 3145//4304
f 1115//4305 1120//4305 1053//4305
f 254//4306 290//4306 303//4306
f 292//4307 418//4307 242//4307
f 1050//4308 943//4308 942//4308
f 1885//4309 1902//4309 1957//4309
f 1050//4310 1053//4310 943//4310
f 1489//4311 1495//4311 1611//4311
f 1782//4312 1778//4312 1885//4312
f 1624//4313 1751//4313 1740//4313
f 254//4306 240//4306 290//4306
f 942//4314 850//4314 849//4314
f 618//4138 624//4138 757//4138
f 942//4315 943//4315 850//4315
f 1320//4316 1415//4316 1261//4316
f 1419//4317 1512//4317 1393//4317
f 849//4318 785//4318 783//4318
f 849//4319 850//4319 785//4319
f 422//4320 467//4320 249//4320
f 783//4321 721//4321 719//4321
f 783//4322 785//4322 721//4322
f 1059//4323 1052//4323 1170//4323
f 719//4324 665//4324 660//4324
f 1624//4325 1611//4325 1751//4325
f 303//4326 359//4326 371//4326
f 947//4327 951//4327 1059//4327
f 719//4328 721//4328 665//4328
f 1415//4329 1506//4329 1386//4329
f 847//4330 792//4330 947//4330
f 660//4331 596//4331 599//4331
f 1740//4332 1751//4332 1869//4332
f 750//4333 890//4333 885//4333
f 1869//4334 1751//4334 1847//4334
f 660//4335 665//4335 596//4335
f 303//4336 290//4336 359//4336
f 1869//4337 1975//4337 1984//4337
f 599//4338 570//4338 571//4338
f 1558//4339 1627//4339 1506//4339
f 599//4340 596//4340 570//4340
f 3047//4341 2980//4341 3045//4341
f 1869//4342 1847//4342 1975//4342
f 371//4343 484//4343 493//4343
f 1984//4344 2067//4344 2069//4344
f 1660//4345 1735//4345 1627//4345
f 3109//4346 3047//4346 3045//4346
f 1984//4347 1975//4347 2067//4347
f 371//4348 359//4348 484//4348
f 299//4349 530//4349 366//4349
f 2980//4350 2904//4350 2979//4350
f 3045//4351 2980//4351 2979//4351
f 2069//4352 2205//4352 2202//4352
f 1735//4353 1767//4353 1852//4353
f 493//4354 623//4354 635//4354
f 1504//4355 1530//4355 1387//4355
f 1852//4356 1883//4356 1971//4356
f 493//4357 484//4357 623//4357
f 1215//4358 1139//4358 1108//4358
f 635//3645 756//3645 767//3645
f 1971//4359 2034//4359 2077//4359
f 635//4360 623//4360 756//4360
f 2904//4361 2794//4361 2902//4361
f 1630//4362 1530//4362 1504//4362
f 2979//4363 2904//4363 2902//4363
f 767//4364 888//4364 900//4364
f 1739//4365 1653//4365 1630//4365
f 767//4366 756//4366 888//4366
f 3082//13 3273//13 3157//13
f 2902//4367 2794//4367 2792//4367
f 2528//4368 2627//4368 2645//4368
f 2069//4369 2067//4369 2205//4369
f 2644//4370 2528//4370 2645//4370
f 2435//4371 2480//4371 2562//4371
f 900//4146 1018//4146 1031//4146
f 900//4146 888//4146 1018//4146
f 750//4372 757//4372 890//4372
f 2562//4373 2594//4373 2688//4373
f 1031//4258 1018//4258 1154//4258
f 2202//4374 2329//4374 2328//4374
f 2688//4375 2682//4375 2821//4375
f 1154//4376 1018//4376 1161//4376
f 1154//4377 1161//4377 1272//4377
f 2985//13 3082//13 3157//13
f 2778//4378 2872//4378 2954//4378
f 2821//4379 2778//4379 2954//4379
f 1272//4380 1161//4380 1259//4380
f 2526//4381 2418//4381 2528//4381
f 2948//4382 3232//4382 3093//4382
f 2202//4383 2205//4383 2329//4383
f 1272//4384 1383//4384 1391//4384
f 1272//4384 1259//4384 1383//4384
f 3138//4385 3361//4385 3232//4385
f 2328//4386 2431//4386 2443//4386
f 2292//4387 2460//4387 2418//4387
f 1391//4388 1501//4388 1510//4388
f 3204//4389 3422//4389 3361//4389
f 2441//4390 2287//4390 2314//4390
f 3294//4391 3461//4391 3422//4391
f 2416//4392 2292//4392 2418//4392
f 1391//4393 1383//4393 1501//4393
f 1510//4394 1620//4394 1634//4394
f 1510//4203 1501//4203 1620//4203
f 3323//4395 3496//4395 3461//4395
f 2570//4396 2421//4396 2441//4396
f 2699//4397 2535//4397 2570//4397
f 1634//4398 1730//4398 1746//4398
f 1634//4399 1620//4399 1730//4399
f 885//3664 1021//3664 1019//3664
f 1746//4400 1851//4400 1873//4400
f 2171//4401 2280//4401 2292//4401
f 1746//4400 1730//4400 1851//4400
f 2289//4402 2171//4402 2292//4402
f 2328//4403 2329//4403 2431//4403
f 885//4404 890//4404 1021//4404
f 2883//4405 2761//4405 2952//4405
f 762//4406 855//4406 892//4406
f 2443//4407 2431//4407 2553//4407
f 2553//4408 2431//4408 2561//4408
f 2553//4409 2561//4409 2701//4409
f 2171//4410 2169//4410 2062//4410
f 3265//4411 3469//4411 3429//4411
f 2701//4412 2561//4412 2690//4412
f 1873//4413 1976//4413 1965//4413
f 3053//4414 3216//4414 3114//4414
f 3465//4415 3296//4415 3427//4415
f 892//4416 1076//4416 1023//4416
f 2059//4417 1959//4417 1962//4417
f 1873//4418 1851//4418 1976//4418
f 2701//4419 2820//4419 2832//4419
f 2062//4420 2059//4420 1962//4420
f 2701//4419 2690//4419 2820//4419
f 1959//4421 1837//4421 1840//4421
f 1962//4422 1959//4422 1840//4422
f 396//4423 238//4423 193//4423
f 1840//4424 1837//4424 1757//4424
f 1023//4425 1181//4425 1143//4425
f 1757//4426 1760//4426 1672//4426
f 2832//4427 2950//4427 2961//4427
f 1672//4428 1673//4428 1608//4428
f 172//4429 351//4429 193//4429
f 1143//4430 1246//4430 1264//4430
f 1671//4431 1724//4431 1725//4431
f 1347//4432 1238//4432 1343//4432
f 1444//4433 1347//4433 1343//4433
f 1019//4434 1145//4434 1142//4434
f 1238//4435 1130//4435 1233//4435
f 1343//4436 1238//4436 1233//4436
f 1040//4437 1036//4437 1125//4437
f 1130//4438 1044//4438 1125//4438
f 1233//4439 1130//4439 1125//4439
f 932//4440 851//4440 1040//4440
f 1044//4441 934//4441 1040//4441
f 2997//4442 3181//4442 3053//4442
f 829//4443 775//4443 932//4443
f 934//4444 830//4444 932//4444
f 2832//4445 2820//4445 2950//4445
f 733//4446 563//4446 829//4446
f 830//4447 735//4447 829//4447
f 1724//4448 1794//4448 1725//4448
f 3186//13 2985//13 3157//13
f 735//4449 673//4449 733//4449
f 2961//4450 3089//4450 3098//4450
f 1019//4434 1021//4434 1145//4434
f 2961//4451 2950//4451 3089//4451
f 733//4452 673//4452 672//4452
f 1796//4453 1901//4453 1870//4453
f 1631//4454 1692//4454 1743//4454
f 672//4455 613//4455 608//4455
f 1142//4456 1265//4456 1260//4456
f 1743//4457 1796//4457 1870//4457
f 3098//4458 3229//4458 3238//4458
f 1142//4456 1145//4456 1265//4456
f 3098//4459 3089//4459 3229//4459
f 301//4460 433//4460 252//4460
f 2219//4461 2323//4461 2200//4461
f 1529//13 1471//13 1473//13
f 3238//4462 3358//4462 3371//4462
f 3238//4462 3229//4462 3358//4462
f 3069//4463 3021//4463 3019//4463
f 3371//4464 3419//4464 3435//4464
f 1503//4465 1432//4465 1543//4465
f 3371//4466 3358//4466 3419//4466
f 3064//4467 3009//4467 3005//4467
f 1794//3085 1879//3085 1795//3085
f 1260//4468 1373//4468 1394//4468
f 2702//4469 2716//4469 2834//4469
f 3435//4470 3459//4470 3473//4470
f 1260//4471 1265//4471 1373//4471
f 2834//4472 2799//4472 2968//4472
f 3435//4473 3419//4473 3459//4473
f 1394//4474 1514//4474 1513//4474
f 2968//4475 2912//4475 3106//4475
f 3473//4476 3499//4476 3511//4476
f 1394//4477 1373//4477 1514//4477
f 3106//4478 2999//4478 3241//4478
f 3473//4476 3459//4476 3499//4476
f 1543//4479 1598//4479 1661//4479
f 1513//4480 1625//4480 1635//4480
f 3511//4481 3531//4481 3532//4481
f 3136//4482 3073//4482 3069//4482
f 1661//4483 1718//4483 1773//4483
f 3469//4484 3316//4484 3510//4484
f 1513//4485 1514//4485 1625//4485
f 1635//4486 1741//4486 1738//4486
f 1635//4487 1625//4487 1741//4487
f 3064//4488 3066//4488 3009//4488
f 755//4489 925//4489 887//4489
f 1738//3928 1867//3928 1866//3928
f 3005//4490 2930//4490 2928//4490
f 1738//3928 1741//3928 1867//3928
f 887//4491 1006//4491 1017//4491
f 1835//4492 1925//4492 1892//4492
f 1866//4493 1867//4493 1977//4493
f 1017//4494 1108//4494 1139//4494
f 1977//4495 1867//4495 1985//4495
f 1977//4496 2082//4496 2091//4496
f 1773//4497 1835//4497 1892//4497
f 1977//4498 1985//4498 2082//4498
f 1139//4499 1215//4499 1257//4499
f 2091//4500 2198//4500 2182//4500
f 2091//4501 2082//4501 2198//4501
f 1965//4502 1976//4502 2068//4502
f 3005//4503 3009//4503 2930//4503
f 2182//4504 2319//4504 2316//4504
f 1257//4505 1321//4505 1381//4505
f 2182//4506 2198//4506 2319//4506
f 2316//4507 2440//4507 2449//4507
f 2925//4508 2923//4508 2845//4508
f 1532//13 1529//13 1592//13
f 3143//4509 3137//4509 3136//4509
f 2316//4510 2319//4510 2440//4510
f 2881//4511 2940//4511 2898//4511
f 2449//4512 2552//4512 2551//4512
f 2449//4513 2440//4513 2552//4513
f 2068//4514 1976//4514 2084//4514
f 2074//4515 2036//4515 2002//4515
f 2036//4516 2116//4516 2096//4516
f 2551//4517 2684//4517 2685//4517
f 2551//4518 2552//4518 2684//4518
f 2068//4519 2084//4519 2199//4519
f 2685//4520 2828//4520 2829//4520
f 2199//4521 2084//4521 2197//4521
f 3436//4522 3251//4522 3373//4522
f 2845//4523 2841//4523 2737//4523
f 2685//4524 2684//4524 2828//4524
f 1992//4525 2036//4525 2096//4525
f 3474//4526 3251//4526 3436//4526
f 1736//4527 1773//4527 1854//4527
f 2829//4528 2962//4528 2958//4528
f 2199//4529 2321//4529 2322//4529
f 2096//4530 2157//4530 2204//4530
f 2829//4531 2828//4531 2962//4531
f 2564//4532 2638//4532 2649//4532
f 1854//4533 1892//4533 1974//4533
f 2958//4003 3103//4003 3095//4003
f 2928//4534 2848//4534 2844//4534
f 1974//4535 1992//4535 2080//4535
f 2958//4536 2962//4536 3103//4536
f 2531//4537 2566//4537 2422//4537
f 2080//4538 2096//4538 2193//4538
f 3095//4539 3224//4539 3231//4539
f 2693//4540 2566//4540 2531//4540
f 2199//4529 2197//4529 2321//4529
f 2193//4541 2204//4541 2317//4541
f 3095//4542 3103//4542 3224//4542
f 2654//4543 2693//4543 2531//4543
f 2317//4544 2301//4544 2438//4544
f 3231//4545 3368//4545 3364//4545
f 2322//4546 2439//4546 2447//4546
f 2616//4547 2654//4547 2531//4547
f 3113//4548 3144//4548 3143//4548
f 3231//4549 3224//4549 3368//4549
f 2928//4550 2930//4550 2848//4550
f 3052//4551 3053//4551 3113//4551
f 2322//4510 2321//4510 2439//4510
f 2693//4552 2654//4552 2823//4552
f 3364//4553 3428//4553 3425//4553
f 2823//4554 2776//4554 2953//4554
f 3364//4553 3368//4553 3428//4553
f 2447//4555 2567//4555 2575//4555
f 2564//4556 2557//4556 2496//4556
f 2953//4557 2898//4557 3092//4557
f 3425//4470 3466//4470 3464//4470
f 2776//4558 2881//4558 2898//4558
f 3092//4559 3012//4559 3235//4559
f 3425//4470 3428//4470 3466//4470
f 3464//4476 3506//4476 3507//4476
f 2844//4560 2740//4560 2736//4560
f 3165//4561 3235//4561 3012//4561
f 3464//4476 3466//4476 3506//4476
f 2496//4562 2493//4562 2399//4562
f 2447//4563 2439//4563 2567//4563
f 2575//4564 2695//4564 2706//4564
f 3507//4481 3533//4481 3534//4481
f 2997//4565 3053//4565 3052//4565
f 3507//4481 3506//4481 3533//4481
f 2995//4566 2997//4566 3052//4566
f 2074//4567 2144//4567 2145//4567
f 2844//4568 2848//4568 2740//4568
f 2925//4569 2997//4569 2995//4569
f 3405//4570 3479//4570 3352//4570
f 3003//4571 2937//4571 2841//4571
f 2995//4572 3188//4572 2923//4572
f 3405//4573 3482//4573 3444//4573
f 2923//4574 3003//4574 2841//4574
f 2575//4564 2567//4564 2695//4564
f 2845//4575 2923//4575 2841//4575
f 2736//4576 2625//4576 2621//4576
f 2258//4577 2222//4577 2213//4577
f 2335//4578 2264//4578 2258//4578
f 2736//4579 2740//4579 2625//4579
f 2621//4580 2509//4580 2507//4580
f 2391//4581 2346//4581 2335//4581
f 2621//4582 2625//4582 2509//4582
f 2478//4583 2393//4583 2391//4583
f 2507//4584 2384//4584 2381//4584
f 2537//4585 2485//4585 2478//4585
f 2507//4586 2509//4586 2384//4586
f 2619//4587 2538//4587 2537//4587
f 2381//4588 2265//4588 2263//4588
f 2673//4589 2616//4589 2619//4589
f 2381//4590 2384//4590 2265//4590
f 51//3498 3688//3498 3711//3498
f 2802//4591 2882//4591 2803//4591
f 2263//4592 2176//4592 2174//4592
f 2706//3992 2831//3992 2836//3992
f 2882//4593 2938//4593 2885//4593
f 2263//4594 2265//4594 2176//4594
f 2940//4595 3017//4595 3018//4595
f 2174//4596 2107//4596 2104//4596
f 3018//4597 3083//4597 3087//4597
f 2174//4598 2176//4598 2107//4598
f 3087//4599 3183//4599 3185//4599
f 2104//4600 2021//4600 2017//4600
f 3185//4601 3269//4601 3272//4601
f 2104//4602 2107//4602 2021//4602
f 3443//4603 3352//4603 3385//4603
f 2017//4604 1930//4604 1929//4604
f 3482//4605 3405//4605 3443//4605
f 2017//4606 2021//4606 1930//4606
f 1929//4607 1822//4607 1819//4607
f 3521//4608 3444//4608 3482//4608
f 3539//4609 3449//4609 3521//4609
f 1929//4610 1930//4610 1822//4610
f 1819//4611 1707//4611 1705//4611
f 1819//4612 1822//4612 1707//4612
f 1705//4613 1587//4613 1583//4613
f 1705//4614 1707//4614 1587//4614
f 1583//4615 1474//4615 1470//4615
f 1583//4616 1587//4616 1474//4616
f 1470//4617 1357//4617 1352//4617
f 1470//4618 1474//4618 1357//4618
f 1352//4619 1242//4619 1237//4619
f 1352//4620 1357//4620 1242//4620
f 1237//4621 1132//4621 1129//4621
f 1237//4622 1242//4622 1132//4622
f 1129//4623 1056//4623 1057//4623
f 1129//4624 1132//4624 1056//4624
f 1057//4625 957//4625 956//4625
f 1057//4626 1056//4626 957//4626
f 956//4627 875//4627 876//4627
f 956//4628 957//4628 875//4628
f 876//4629 822//4629 820//4629
f 876//4630 875//4630 822//4630
f 820//4631 724//4631 728//4631
f 820//4632 822//4632 724//4632
f 728//4633 664//4633 668//4633
f 728//4634 724//4634 664//4634
f 668//4635 597//4635 600//4635
f 668//4636 664//4636 597//4636
f 600//4338 572//4338 573//4338
f 600//4637 597//4637 572//4637
f 659//4638 661//4638 594//4638
f 593//4639 568//4639 569//4639
f 2706//3992 2695//3992 2831//3992
f 593//4640 594//4640 568//4640
f 3237//4641 3363//4641 3366//4641
f 3237//4642 3236//4642 3363//4642
f 3366//4553 3424//4553 3430//4553
f 3366//4553 3363//4553 3424//4553
f 3430//4470 3462//4470 3468//4470
f 3430//4470 3424//4470 3462//4470
f 3468//4476 3503//4476 3508//4476
f 3468//4476 3462//4476 3503//4476
f 3508//4481 3535//4481 3536//4481
f 3508//4481 3503//4481 3535//4481
f 3511//4481 3499//4481 3531//4481
f 2836//3998 2966//3998 2969//3998
f 2836//3995 2831//3995 2966//3995
f 2969//4643 3107//4643 3108//4643
f 2969//4644 2966//4644 3107//4644
f 3108//4006 3243//4006 3246//4006
f 3108//4006 3107//4006 3243//4006
f 3246//4462 3367//4462 3375//4462
f 3246//4641 3243//4641 3367//4641
f 3375//4645 3426//4645 3434//4645
f 3375//4646 3367//4646 3426//4646
f 3434//4470 3463//4470 3471//4470
f 3434//4470 3426//4470 3463//4470
f 3471//4476 3504//4476 3514//4476
f 3471//4476 3463//4476 3504//4476
f 3514//4481 3529//4481 3530//4481
f 3514//4481 3504//4481 3529//4481
f 2191//4647 2307//4647 2315//4647
f 2191//4648 2186//4648 2307//4648
f 2315//4649 2433//4649 2444//4649
f 2315//4650 2307//4650 2433//4650
f 2444//4651 2560//4651 2574//4651
f 2444//4652 2433//4652 2560//4652
f 2574//4653 2691//4653 2697//4653
f 2574//3988 2560//3988 2691//3988
f 2697//4654 2824//4654 2816//4654
f 2697//4419 2691//4419 2824//4419
f 2816//4655 2945//4655 2960//4655
f 2816//4656 2824//4656 2945//4656
f 2960//4003 3094//4003 3099//4003
f 2960//4657 2945//4657 3094//4657
f 3099//4658 3234//4658 3239//4658
f 3099//4659 3094//4659 3234//4659
f 3239//4660 3362//4660 3369//4660
f 3239//4661 3234//4661 3362//4661
f 3369//4662 3423//4662 3432//4662
f 3369//4663 3362//4663 3423//4663
f 3432//4664 3477//4664 3458//4664
f 3432//4665 3423//4665 3477//4665
f 3458//4476 3500//4476 3509//4476
f 3458//4666 3477//4666 3500//4666
f 3509//4481 3527//4481 3528//4481
f 3509//4481 3500//4481 3527//4481
f 2893//4667 21//4667 3141//4667
f 3710//4668 3702//4668 3705//4668
f 2055//3498 3547//3498 3697//3498
f 3696//3498 3697//3498 3209//3498
f 3687//3498 3547//3498 3690//3498
f 3717//3498 3715//3498 63//3498
f 2605//4669 3704//4669 2896//4669
f 418//4670 292//4670 503//4670
f 503//4671 360//4671 578//4671
f 704//4672 578//4672 479//4672
f 914//4673 704//4673 799//4673
f 616//4674 749//4674 799//4674
f 971//4675 908//4675 882//4675
f 799//4676 749//4676 908//4676
f 1138//4677 1218//4677 1163//4677
f 1218//4678 1256//4678 1312//4678
f 1401//4679 1312//4679 1256//4679
f 1486//4680 1401//4680 1378//4680
f 1621//4681 1609//4681 1496//4681
f 1609//4682 1621//4682 1713//4682
f 1897//4683 1801//4683 1850//4683
f 1956//4684 1897//4684 1966//4684
f 1956//4685 1966//4685 2027//4685
f 2081//4686 2027//4686 1966//4686
f 2118//4687 2027//4687 2081//4687
f 2184//4688 2118//4688 2185//4688
f 2270//4689 2184//4689 2309//4689
f 2369//4690 2270//4690 2309//4690
f 2369//4691 2434//4691 2454//4691
f 2694//4692 2652//4692 2542//4692
f 2956//4693 2861//4693 2801//4693
f 3096//4694 2929//4694 2861//4694
f 3172//4695 3118//4695 3366//4695
f 3172//4696 3366//4696 3259//4696
f 3469//4697 3265//4697 3275//4697
f 3196//4698 3265//4698 3429//4698
f 3146//4699 3196//4699 3356//4699
f 3196//4700 3429//4700 3356//4700
f 3356//4701 3241//4701 3146//4701
f 3026//4702 3146//4702 3241//4702
f 2716//4703 2799//4703 2834//4703
f 2623//4704 2716//4704 2702//4704
f 2520//4705 2623//4705 2702//4705
f 2520//4706 2573//4706 2398//4706
f 2323//4707 2291//4707 2448//4707
f 2219//4708 2291//4708 2323//4708
f 2219//4709 2200//4709 2132//4709
f 2132//4710 2200//4710 2056//4710
f 2088//4711 1967//4711 2056//4711
f 1990//4712 1967//4712 1901//4712
f 1692//4713 1631//4713 1589//4713
f 1589//4714 1507//4714 1518//4714
f 1518//4715 1507//4715 1424//4715
f 1331//4716 1424//4716 1388//4716
f 1023//4717 1076//4717 1181//4717
f 1076//4718 892//4718 961//4718
f 961//4719 892//4719 855//4719
f 762//4720 630//4720 855//4720
f 701//4721 630//4721 474//4721
f 630//4722 701//4722 782//4722
f 474//4723 582//4723 701//4723
f 582//4724 366//4724 530//4724
f 467//4725 530//4725 299//4725
f 299//4726 249//4726 467//4726
f 385//4727 422//4727 203//4727
f 435//4728 409//4728 244//4728
f 293//4729 511//4729 435//4729
f 511//4730 358//4730 563//4730
f 687//4731 563//4731 481//4731
f 618//4732 775//4732 687//4732
f 885//4733 1036//4733 938//4733
f 1109//4734 1036//4734 1019//4734
f 1260//4735 1322//4735 1221//4735
f 1394//4736 1513//4736 1463//4736
f 1557//4737 1463//4737 1513//4737
f 1659//4738 1557//4738 1635//4738
f 1659//4739 1738//4739 1750//4739
f 1750//4740 1738//4740 1820//4740
f 1915//4741 1820//4741 1866//4741
f 2091//4742 2029//4742 1977//4742
f 1915//4743 1977//4743 2029//4743
f 2091//4744 2129//4744 2029//4744
f 2129//4745 2091//4745 2182//4745
f 2182//4746 2216//4746 2129//4746
f 2216//4747 2316//4747 2280//4747
f 2449//4748 2370//4748 2316//4748
f 2280//4749 2316//4749 2370//4749
f 2370//4750 2449//4750 2460//4750
f 2551//4751 2460//4751 2449//4751
f 2551//4752 2536//4752 2460//4752
f 2536//4753 2551//4753 2685//4753
f 2685//4754 2627//4754 2536//4754
f 2829//4755 2715//4755 2685//4755
f 2627//922 2685//922 2715//922
f 2874//4756 3095//4756 2971//4756
f 3095//4757 3231//4757 2971//4757
f 3287//4758 3207//4758 3425//4758
f 3464//4759 3329//4759 3287//4759
f 3329//4760 3507//4760 3325//4760
f 3335//4761 3325//4761 3534//4761
f 3507//4762 3534//4762 3325//4762
f 3496//4763 3347//4763 3534//4763
f 3335//4764 3534//4764 3347//4764
f 3323//4765 3347//4765 3496//4765
f 3323//4766 3461//4766 3294//4766
f 3138//4767 3204//4767 3361//4767
f 2948//4768 3008//4768 3232//4768
f 2948//4769 3093//4769 2872//4769
f 2821//4770 2682//4770 2778//4770
f 2688//4771 2594//4771 2682//4771
f 2480//4772 2594//4772 2562//4772
f 2435//4773 2379//4773 2480//4773
f 2435//4774 2285//4774 2379//4774
f 2214//4775 2285//4775 2312//4775
f 2214//4776 2190//4776 2126//4776
f 2034//4777 2126//4777 2077//4777
f 1951//4778 2034//4778 1971//4778
f 1951//4779 1971//4779 1883//4779
f 1883//4780 1852//4780 1767//4780
f 1660//4781 1767//4781 1735//4781
f 1558//4782 1660//4782 1627//4782
f 1558//4783 1506//4783 1491//4783
f 1506//4784 1415//4784 1491//4784
f 1386//4785 1261//4785 1415//4785
f 1320//4786 1261//4786 1231//4786
f 1231//4787 1140//4787 1167//4787
f 1140//4788 1016//4788 1167//4788
f 1167//4789 1016//4789 1033//4789
f 886//4790 924//4790 1033//4790
f 924//4791 753//4791 805//4791
f 695//4792 742//4792 497//4792
f 695//4793 497//4793 581//4793
f 581//4794 357//4794 518//4794
f 286//4795 514//4795 518//4795
f 420//4796 514//4796 286//4796
f 400//4797 420//4797 239//4797
f 400//4798 194//4798 403//4798
f 194//4799 170//4799 403//4799
f 170//1242 211//1242 374//1242
f 427//4800 211//4800 337//4800
f 337//4801 236//4801 380//4801
f 236//4802 284//4802 380//4802
f 495//4803 380//4803 284//4803
f 495//4804 284//4804 528//4804
f 368//4805 528//4805 284//4805
f 699//977 564//977 491//977
f 699//4806 631//4806 792//4806
f 848//4807 792//4807 631//4807
f 848//4808 763//4808 951//4808
f 951//4809 897//4809 1052//4809
f 1028//4810 1185//4810 1052//4810
f 1269//4811 1384//4811 1323//4811
f 1419//4812 1384//4812 1492//4812
f 1569//4813 1492//4813 1489//4813
f 1685//4814 1569//4814 1624//4814
f 1569//4815 1489//4815 1624//4815
f 1685//4816 1740//4816 1803//4816
f 1803//4817 1778//4817 1685//4817
f 1869//4818 1902//4818 1803//4818
f 1902//4819 1869//4819 1984//4819
f 1984//4820 1989//4820 1902//4820
f 2045//4821 1989//4821 2069//4821
f 1989//4822 1984//4822 2069//4822
f 2135//4823 2045//4823 2069//4823
f 2221//4824 2135//4824 2202//4824
f 2221//4825 2202//4825 2328//4825
f 2328//4826 2295//4826 2221//4826
f 2295//4827 2443//4827 2382//4827
f 2443//4828 2472//4828 2382//4828
f 2539//4829 2472//4829 2553//4829
f 2472//4830 2443//4830 2553//4830
f 2640//4831 2539//4831 2701//4831
f 2719//4832 2640//4832 2832//4832
f 2795//4833 2961//4833 2884//4833
f 2884//4834 3098//4834 2974//4834
f 3098//4835 3238//4835 2974//4835
f 3037//4836 3238//4836 3159//4836
f 3473//4837 3282//4837 3263//4837
f 3334//4838 3282//4838 3473//4838
f 3334//4839 3511//4839 3380//4839
f 3532//4840 3322//4840 3380//4840
f 3322//4841 3532//4841 3328//4841
f 3501//4842 3328//4842 3532//4842
f 3377//4843 3460//4843 3277//4843
f 3460//4844 3420//4844 3277//4844
f 3190//4845 3277//4845 3420//4845
f 3359//4846 3112//4846 3190//4846
f 3112//4847 3359//4847 3248//4847
f 3248//4848 3007//4848 3112//4848
f 2917//4849 3007//4849 3084//4849
f 3248//4850 3084//4850 3007//4850
f 2876//4851 2917//4851 3084//4851
f 2769//4852 2876//4852 2951//4852
f 2669//4853 2711//4853 2527//4853
f 2579//4854 2527//4854 2711//4854
f 2451//4855 2527//4855 2579//4855
f 2358//4856 2451//4856 2457//4856
f 2451//4857 2579//4857 2457//4857
f 2324//4858 2251//4858 2358//4858
f 2324//4859 2207//4859 2251//4859
f 2324//4860 2192//4860 2207//4860
f 2192//4861 2128//4861 2207//4861
f 2128//4862 2192//4862 2092//4862
f 2092//4863 2039//4863 2128//4863
f 1970//4864 1968//4864 2092//4864
f 1895//4865 1846//4865 1802//4865
f 1846//4866 1727//4866 1802//4866
f 1648//4867 1714//4867 1617//4867
f 1648//4868 1617//4868 1549//4868
f 1407//4869 1376//4869 1313//4869
f 1313//4870 1255//4870 1234//4870
f 1174//4871 1234//4871 1157//4871
f 1174//4872 1013//4872 1077//4872
f 883//4873 989//4873 1077//4873
f 989//4874 883//4874 918//4874
f 918//4875 752//4875 843//4875
f 752//4876 621//4876 843//4876
f 482//4877 637//4877 621//4877
f 586//4878 637//4878 356//4878
f 237//4879 434//4879 465//4879
f 434//4880 237//4880 398//4880
f 390//4881 383//4881 166//4881
f 390//4882 208//4882 408//4882
f 408//4883 254//4883 440//4883
f 440//4884 303//4884 517//4884
f 547//4885 517//4885 303//4885
f 547//4886 371//4886 645//4886
f 645//4887 493//4887 710//4887
f 710//4888 635//4888 828//4888
f 936//4889 900//4889 1043//4889
f 1043//4890 1031//4890 1111//4890
f 1193//4891 1111//4891 1031//4891
f 1154//4892 1285//4892 1193//4892
f 1154//4893 1272//4893 1285//4893
f 1193//4894 1031//4894 1154//4894
f 1272//4895 1338//4895 1285//4895
f 1426//4896 1338//4896 1391//4896
f 1519//4897 1426//4897 1510//4897
f 1746//4898 1873//4898 1769//4898
f 1932//4899 1832//4899 1873//4899
f 1873//4900 1965//4900 1932//4900
f 1932//4901 1965//4901 2032//4901
f 2068//4902 2032//4902 1965//4902
f 2138//4903 2032//4903 2068//4903
f 2138//4904 2068//4904 2199//4904
f 2327//4905 2229//4905 2322//4905
f 2419//4906 2327//4906 2447//4906
f 2419//4907 2575//4907 2521//4907
f 2521//4908 2706//4908 2636//4908
f 2713//4909 2636//4909 2836//4909
f 3108//4910 2976//4910 2888//4910
f 3246//4911 3038//4911 2976//4911
f 3434//4912 3295//4912 3221//4912
f 3471//4913 3333//4913 3295//4913
f 3349//4914 3388//4914 3530//4914
f 3326//4915 3349//4915 3518//4915
f 3349//4916 3530//4916 3518//4916
f 3518//4917 3321//4917 3326//4917
f 3321//4918 3476//4918 3292//4918
f 3518//4919 3476//4919 3321//4919
f 3292//4920 3421//4920 3210//4920
f 3421//4921 3175//4921 3210//4921
f 3086//4922 3175//4922 3360//4922
f 3086//4923 3230//4923 2987//4923
f 3230//4924 3090//4924 2987//4924
f 3090//4925 2955//4925 2918//4925
f 2955//4926 2771//4926 2837//4926
f 2486//4927 2591//4927 2468//4927
f 2468//4928 2436//4928 2356//4928
f 2356//4929 2436//4929 2261//4929
f 2313//4930 2189//4930 2261//4930
f 2173//4931 2261//4931 2189//4931
f 1973//4932 1937//4932 2020//4932
f 1849//4933 1887//4933 1937//4933
f 1887//4934 1849//4934 1789//4934
f 1709//4935 1622//4935 1640//4935
f 1640//4936 1622//4936 1538//4936
f 1505//4937 1448//4937 1538//4937
f 1448//4938 1505//4938 1370//4938
f 1448//4939 1370//4939 1374//4939
f 1308//4940 1374//4940 1267//4940
f 1374//4941 1370//4941 1267//4941
f 1024//4942 1074//4942 1156//4942
f 865//4943 962//4943 764//4943
f 764//4944 627//4944 865//4944
f 772//4945 488//4945 688//4945
f 431//4946 448//4946 248//4946
f 431//4947 202//4947 386//4947
f 372//4948 386//4948 165//4948
f 399//4949 372//4949 201//4949
f 399//4950 246//4950 437//4950
f 298//4951 509//4951 437//4951
f 561//4952 509//4952 363//4952
f 363//4953 487//4953 561//4953
f 625//4954 784//4954 683//4954
f 784//4955 625//4955 858//4955
f 1104//4956 1041//4956 1025//4956
f 1296//4957 1207//4957 1147//4957
f 1396//4958 1441//4958 1356//4958
f 1441//4959 1396//4959 1498//4959
f 1498//4960 1533//4960 1441//4960
f 1614//4961 1533//4961 1619//4961
f 1771//4962 1686//4962 1737//4962
f 1845//4963 1844//4963 1771//4963
f 1845//4964 1926//4964 1844//4964
f 2006//4965 1926//4965 1986//4965
f 1926//4966 1845//4966 1986//4966
f 2006//4967 2079//4967 2089//4967
f 2079//4968 2191//4968 2089//4968
f 2191//4969 2238//4969 2151//4969
f 2348//4970 2238//4970 2315//4970
f 2574//4971 2466//4971 2444//4971
f 2555//4972 2466//4972 2574//4972
f 2851//4973 2739//4973 2816//4973
f 3099//4974 2944//4974 2960//4974
f 3239//4975 3076//4975 3099//4975
f 3239//4976 3369//4976 3076//4976
f 3276//4977 3432//4977 3315//4977
f 3432//4978 3458//4978 3315//4978
f 3384//4979 3379//4979 3509//4979
f 3528//4980 3338//4980 3408//4980
f 3528//4981 3498//4981 3338//4981
f 3327//4982 3338//4982 3498//4982
f 3327//4983 3498//4983 3309//4983
f 3260//4984 3418//4984 3180//4984
f 3048//4985 3180//4985 3354//4985
f 3048//4986 3227//4986 2936//4986
f 3085//4987 2854//4987 2936//4987
f 2943//4988 2760//4988 2854//4988
f 2508//4989 2593//4989 2549//4989
f 2593//4990 2683//4990 2549//4990
f 2303//4991 2260//4991 2354//4991
f 2180//4992 2064//4992 2181//4992
f 2103//4993 2064//4993 2014//4993
f 2014//4994 1960//4994 1934//4994
f 1934//4995 1960//4995 1881//4995
f 1720//4996 1776//4996 1833//4996
f 1881//4997 1833//4997 1776//4997
f 1590//4998 1691//4998 1604//4998
f 1590//4999 1479//4999 1440//4999
f 1241//5000 1292//5000 1349//5000
f 1292//5001 1241//5001 1182//5001
f 1118//5002 991//5002 1182//5002
f 740//5003 815//5003 873//5003
f 740//5004 583//5004 815//5004
f 551//5005 684//5005 466//5005
f 519//5006 551//5006 345//5006
f 519//5007 278//5007 456//5007
f 278//5008 342//5008 456//5008
f 348//5009 424//5009 188//5009
f 348//5010 176//5010 407//5010
f 407//5011 176//5011 391//5011
f 213//5012 391//5012 176//5012
f 391//5013 213//5013 429//5013
f 258//5014 494//5014 429//5014
f 494//5015 258//5015 307//5015
f 716//5016 647//5016 790//5016
f 852//5017 790//5017 647//5017
f 944//5018 852//5018 777//5018
f 1171//5019 1195//5019 1096//5019
f 1195//5020 1171//5020 1290//5020
f 1404//5021 1436//5021 1346//5021
f 1436//5022 1522//5022 1535//5022
f 1522//5023 1612//5023 1535//5023
f 1612//5024 1645//5024 1693//5024
f 1693//5025 1758//5025 1770//5025
f 1834//5026 1770//5026 1758//5026
f 1834//5027 1758//5027 1886//5027
f 2774//5028 2667//5028 2741//5028
f 2774//5029 2863//5029 2853//5029
f 2992//5030 2909//5030 2853//5030
f 2909//5031 2992//5031 3168//5031
f 3168//5032 3006//5032 2909//5032
f 3168//5033 3280//5033 3006//5033
f 3161//5034 3006//5034 3280//5034
f 3446//5035 3267//5035 3220//5035
f 3484//5036 3289//5036 3267//5036
f 3376//5037 3351//5037 3526//5037
f 3376//5038 3491//5038 3344//5038
f 3453//5039 3348//5039 3491//5039
f 3344//5040 3491//5040 3348//5040
f 2224//5041 2237//5041 2134//5041
f 2367//5042 2237//5042 2338//5042
f 3164//5043 3039//5043 3222//5043
f 3222//5044 3116//5044 3298//5044
f 3116//5045 3170//5045 3298//5045
f 3348//5046 3170//5046 3344//5046
f 3376//5047 3344//5047 3182//5047
f 3149//5048 3351//5048 3376//5048
f 3351//5049 3149//5049 3124//5049
f 3124//5050 3342//5050 3351//5050
f 3342//5051 3124//5051 3289//5051
f 3056//5052 3289//5052 3124//5052
f 3220//5053 3267//5053 2991//5053
f 3161//5054 3220//5054 2991//5054
f 2913//5055 3006//5055 3161//5055
f 3161//5056 2991//5056 2913//5056
f 2735//5057 2853//5057 2909//5057
f 2473//5058 2580//5058 2450//5058
f 1693//5059 1770//5059 1701//5059
f 1535//5060 1612//5060 1572//5060
f 1572//5061 1453//5061 1535//5061
f 912//5062 817//5062 716//5062
f 643//5063 817//5063 549//5063
f 667//5064 494//5064 730//5064
f 549//5065 730//5065 494//5065
f 429//5066 494//5066 667//5066
f 429//5067 667//5067 592//5067
f 592//5068 391//5068 429//5068
f 407//5069 592//5069 568//5069
f 407//5070 391//5070 592//5070
f 568//5071 348//5071 407//5071
f 348//5072 568//5072 424//5072
f 519//5073 456//5073 661//5073
f 722//5074 551//5074 519//5074
f 684//5075 551//5075 722//5075
f 806//5076 903//5076 684//5076
f 873//5077 815//5077 987//5077
f 1292//5078 1316//5078 1349//5078
f 1590//5079 1440//5079 1540//5079
f 1691//5080 1786//5080 1776//5080
f 1934//5081 1881//5081 1906//5081
f 2013//5082 2014//5082 1934//5082
f 2014//5083 2013//5083 2103//5083
f 2760//5084 2662//5084 2854//5084
f 3180//5085 3048//5085 2970//5085
f 2970//5086 3032//5086 3180//5086
f 3309//5087 3260//5087 3079//5087
f 3327//5088 3132//5088 3338//5088
f 3041//5089 3158//5089 3200//5089
f 2916//5090 2973//5090 3155//5090
f 2851//5091 2800//5091 2739//5091
f 2615//5092 2601//5092 2739//5092
f 2475//5093 2466//5093 2555//5093
f 2466//5094 2375//5094 2348//5094
f 2051//5095 2089//5095 2151//5095
f 1926//5096 2006//5096 1939//5096
f 1771//5097 1844//5097 1823//5097
f 1708//5098 1686//5098 1771//5098
f 1708//5099 1614//5099 1686//5099
f 1533//5100 1614//5100 1584//5100
f 1708//5101 1584//5101 1614//5101
f 1584//5102 1441//5102 1533//5102
f 1441//5103 1460//5103 1356//5103
f 1460//5104 1345//5104 1356//5104
f 1207//5105 1296//5105 1345//5105
f 1345//5106 1209//5106 1207//5106
f 1104//5107 1209//5107 1123//5107
f 1209//5108 1104//5108 1207//5108
f 1123//5109 1041//5109 1104//5109
f 858//5110 995//5110 784//5110
f 784//5111 913//5111 683//5111
f 561//5112 718//5112 509//5112
f 509//5113 658//5113 437//5113
f 658//5114 611//5114 437//5114
f 611//5115 570//5115 399//5115
f 386//5116 372//5116 570//5116
f 570//5117 596//5117 386//5117
f 665//5118 448//5118 431//5118
f 448//5119 665//5119 524//5119
f 721//5120 524//5120 665//5120
f 850//5121 772//5121 688//5121
f 772//5122 943//5122 865//5122
f 865//5123 1053//5123 962//5123
f 1120//5124 1074//5124 962//5124
f 1156//5125 1074//5125 1216//5125
f 1308//5126 1214//5126 1329//5126
f 1437//5127 1374//5127 1308//5127
f 1538//5128 1448//5128 1565//5128
f 1709//5129 1640//5129 1694//5129
f 1809//5130 1789//5130 1709//5130
f 1928//5131 1937//5131 1887//5131
f 1937//5132 1928//5132 2020//5132
f 2143//5133 2173//5133 2110//5133
f 2143//5134 2231//5134 2173//5134
f 2356//5135 2330//5135 2390//5135
f 2771//5136 2643//5136 2837//5136
f 2918//5137 2837//5137 2745//5137
f 2745//5138 2846//5138 2918//5138
f 2846//5139 2987//5139 2918//5139
f 2987//5140 2926//5140 3086//5140
f 3004//5141 3210//5141 3175//5141
f 3292//5142 3210//5142 3065//5142
f 3065//5143 3121//5143 3321//5143
f 3121//5144 3154//5144 3326//5144
f 3126//5145 3388//5145 3154//5145
f 3126//5146 3295//5146 3333//5146
f 3295//5147 3058//5147 3221//5147
f 3058//5148 2994//5148 3221//5148
f 3139//5149 3215//5149 2994//5149
f 3038//5150 3139//5150 2920//5150
f 2813//5151 2976//5151 3038//5151
f 2789//5152 2723//5152 2713//5152
f 2713//5153 2604//5153 2636//5153
f 2604//5154 2492//5154 2636//5154
f 2419//5155 2521//5155 2372//5155
f 2419//5156 2372//5156 2327//5156
f 2327//5157 2241//5157 2229//5157
f 2241//5158 2133//5158 2229//5158
f 2032//5159 2138//5159 2133//5159
f 1832//5160 1932//5160 1911//5160
f 1426//5161 1451//5161 1338//5161
f 1232//5162 1193//5162 1285//5162
f 1043//5163 1111//5163 1122//5163
f 1035//5164 936//5164 1043//5164
f 838//5165 710//5165 931//5165
f 828//5166 931//5166 710//5166
f 547//5167 645//5167 737//5167
f 547//5168 737//5168 517//5168
f 440//4883 675//4883 408//4883
f 408//5169 612//5169 390//5169
f 572//5170 390//5170 612//5170
f 597//5171 383//5171 572//5171
f 390//5172 572//5172 383//5172
f 398//5173 383//5173 597//5173
f 398//5174 597//5174 434//5174
f 724//5175 526//5175 465//5175
f 586//5176 526//5176 724//5176
f 989//5177 1132//5177 1077//5177
f 1077//5178 1132//5178 1174//5178
f 1174//5179 1242//5179 1234//5179
f 1234//5180 1357//5180 1313//5180
f 1407//5181 1313//5181 1357//5181
f 1474//5182 1466//5182 1407//5182
f 1587//5183 1549//5183 1466//5183
f 1466//5184 1474//5184 1587//5184
f 1549//5185 1587//5185 1648//5185
f 1587//5186 1707//5186 1648//5186
f 1714//5187 1822//5187 1802//5187
f 1930//5188 1983//5188 1895//5188
f 2265//5189 2384//5189 2358//5189
f 2527//5190 2384//5190 2509//5190
f 2384//5191 2527//5191 2451//5191
f 2669//5192 2527//5192 2509//5192
f 2876//5193 2769//5193 2740//5193
f 3007//5194 2930//5194 3112//5194
f 3112//5195 2930//5195 3190//5195
f 2930//5196 3009//5196 3190//5196
f 3377//5197 3066//5197 3328//5197
f 3282//5198 3334//5198 3071//5198
f 2862//5199 3037//5199 2947//5199
f 3037//5200 2862//5200 2974//5200
f 2862//5201 2765//5201 2974//5201
f 2884//5202 2765//5202 2795//5202
f 2651//5203 2525//5203 2719//5203
f 2525//5204 2539//5204 2640//5204
f 2472//5205 2415//5205 2382//5205
f 2382//5206 2288//5206 2295//5206
f 2288//5207 2167//5207 2295//5207
f 2135//5208 2221//5208 2167//5208
f 1989//5209 2045//5209 1957//5209
f 1606//5210 1492//5210 1569//5210
f 1512//5211 1419//5211 1492//5211
f 1419//5212 1393//5212 1323//5212
f 1223//5213 1299//5213 1185//5213
f 1185//5214 1281//5214 1170//5214
f 1059//5215 951//5215 1052//5215
f 951//5216 947//5216 848//5216
f 847//5217 699//5217 792//5217
f 337//5218 516//5218 427//5218
f 574//5219 374//5219 427//5219
f 403//5220 374//5220 574//5220
f 574//5221 598//5221 403//5221
f 598//5222 400//5222 403//5222
f 420//5223 400//5223 662//5223
f 514//5224 726//5224 518//5224
f 742//5225 695//5225 922//5225
f 1167//5226 1033//5226 1175//5226
f 1366//5227 1320//5227 1231//5227
f 1482//5228 1415//5228 1320//5228
f 1491//5229 1415//5229 1482//5229
f 1601//5230 1558//5230 1491//5230
f 1883//5231 1914//5231 1951//5231
f 1914//5232 2016//5232 1951//5232
f 2034//5233 2016//5233 2126//5233
f 2126//5234 2137//5234 2214//5234
f 2214//5235 2246//5235 2285//5235
f 2246//5236 2379//5236 2285//5236
f 2379//5237 2374//5237 2480//5237
f 2480//5238 2495//5238 2594//5238
f 2594//5239 2606//5239 2682//5239
f 2606//5240 2778//5240 2682//5240
f 2778//5241 2724//5241 2872//5241
f 2724//5242 2815//5242 2872//5242
f 2815//5243 3008//5243 2948//5243
f 3008//5244 2919//5244 3138//5244
f 3138//5245 2919//5245 3204//5245
f 3323//5246 3078//5246 3130//5246
f 3294//5247 3078//5247 3323//5247
f 3347//5248 3323//5248 3130//5248
f 3145//5249 3335//5249 3130//5249
f 3347//5250 3130//5250 3335//5250
f 3325//5251 3335//5251 3145//5251
f 3325//5252 3109//5252 3329//5252
f 3287//5253 3329//5253 3109//5253
f 3109//5254 3045//5254 3287//5254
f 3287//5255 3045//5255 3207//5255
f 2971//5256 3031//5256 2902//5256
f 2902//5257 2792//5257 2971//5257
f 2874//5258 2732//5258 2787//5258
f 2715//5259 2645//5259 2627//5259
f 2370//5260 2460//5260 2292//5260
f 2370//5261 2292//5261 2280//5261
f 2216//5262 2171//5262 2129//5262
f 2062//5263 2029//5263 2129//5263
f 2029//5264 1962//5264 1915//5264
f 1840//5265 1820//5265 1915//5265
f 1322//5266 1343//5266 1221//5266
f 1109//5267 1221//5267 1233//5267
f 1233//5268 1125//5268 1109//5268
f 938//5269 1036//5269 1040//5269
f 851//5270 932//5270 775//5270
f 687//5271 775//5271 829//5271
f 511//5272 563//5272 733//5272
f 733//5273 672//5273 511//5273
f 409//5274 435//5274 672//5274
f 387//5275 608//5275 576//5275
f 409//5276 608//5276 387//5276
f 385//5277 387//5277 576//5277
f 576//5278 590//5278 385//5278
f 590//5279 422//5279 385//5279
f 530//5280 467//5280 713//5280
f 713//5281 582//5281 530//5281
f 713//5282 800//5282 582//5282
f 782//5283 701//5283 901//5283
f 901//5284 975//5284 782//5284
f 961//5285 1159//5285 1076//5285
f 1181//5286 1076//5286 1245//5286
f 1159//5287 1245//5287 1076//5287
f 1181//5288 1245//5288 1246//5288
f 1461//5289 1424//5289 1331//5289
f 1424//5290 1461//5290 1518//5290
f 1582//5291 1702//5291 1589//5291
f 1692//5292 1702//5292 1796//5292
f 1796//5293 1812//5293 1901//5293
f 1990//5294 2037//5294 2056//5294
f 2132//5295 2148//5295 2219//5295
f 2219//5296 2148//5296 2291//5296
f 2291//5297 2256//5297 2398//5297
f 2398//5298 2427//5298 2520//5298
f 2716//5299 2623//5299 2532//5299
f 2999//5300 2887//5300 3026//5300
f 3026//5301 2939//5301 3146//5301
f 3021//5302 3265//5302 3196//5302
f 3355//5303 3316//5303 3137//5303
f 2997//5304 3172//5304 3259//5304
f 3172//5305 2925//5305 3118//5305
f 3118//5306 2925//5306 3013//5306
f 3013//5307 2845//5307 2929//5307
f 2845//5308 2737//5308 2929//5308
f 2737//5309 2727//5309 2861//5309
f 2100//5310 2027//5310 2118//5310
f 2027//5311 1995//5311 1956//5311
f 1897//5312 1956//5312 1896//5312
f 1897//5313 1896//5313 1801//5313
f 1545//5314 1486//5314 1609//5314
f 1545//5315 1433//5315 1486//5315
f 1312//5316 1401//5316 1433//5316
f 1218//5317 1312//5317 1319//5317
f 1163//5318 1218//5318 1211//5318
f 1163//5319 1211//5319 1078//5319
f 799//5320 908//5320 914//5320
f 3012//5321 3092//5321 2898//5321
f 3365//5322 3235//5322 3165//5322
f 3352//5323 3438//5323 3268//5323
f 3512//5324 3479//5324 3405//5324
f 3538//5325 3512//5325 3444//5325
f 3449//5326 3538//5326 3444//5326
f 3448//5327 3497//5327 3449//5327
f 3538//5328 3449//5328 3497//5328
f 3478//5329 3413//5329 3441//5329
f 3302//5330 3256//5330 3217//5330
f 3166//5331 2998//5331 3030//5331
f 3217//5332 3110//5332 3166//5332
f 2892//5333 3030//5333 2998//5333
f 2785//5334 2910//5334 2777//5334
f 2910//5335 3030//5335 2892//5335
f 2676//5336 2785//5336 2670//5336
f 2587//5337 2676//5337 2582//5337
f 2582//5338 2482//5338 2587//5338
f 2482//5339 2404//5339 2484//5339
f 2406//5340 2484//5340 2404//5340
f 2349//5341 2406//5341 2350//5341
f 3390//5342 3441//5342 3395//5342
f 1319//5343 1211//5343 1218//5343
f 639//5344 574//5344 427//5344
f 2539//5345 2415//5345 2472//5345
f 2625//5346 2669//5346 2509//5346
f 1357//5347 1474//5347 1407//5347
f 2133//5348 2012//5348 2032//5348
f 2976//5349 2813//5349 2888//5349
f 2994//5350 2920//5350 3139//5350
f 1053//5351 1120//5351 962//5351
f 372//5352 399//5352 570//5352
f 3182//5353 3149//5353 3376//5353
f 3164//5354 3214//5354 2949//5354
f 424//5355 342//5355 188//5355
f 3309//5356 3457//5356 3260//5356
f 246//5357 298//5357 437//5357
f 3038//5358 3246//5358 3139//5358
f 1549//5359 1494//5359 1466//5359
f 2457//5360 2324//5360 2358//5360
f 3511//5361 3532//5361 3380//5361
f 2553//5362 2701//5362 2539//5362
f 2069//5363 2202//5363 2135//5363
f 357//5364 581//5364 497//5364
f 2190//5365 2077//5365 2126//5365
f 3138//5366 3232//5366 3008//5366
f 1513//5367 1635//5367 1557//5367
f 1221//5368 1109//5368 1142//5368
f 358//5369 481//5369 563//5369
f 3312//5370 3396//5370 3508//5370
f 2726//5371 2652//5371 2825//5371
f 2081//5372 2185//5372 2118//5372
f 1078//5373 971//5373 1015//5373
f 2420//5374 2529//5374 2394//5374
f 2631//5375 2529//5375 2516//5375
f 2516//5376 2592//5376 2631//5376
f 2733//5377 2858//5377 2780//5377
f 2937//5378 2858//5378 2841//5378
f 2733//5379 2841//5379 2858//5379
f 2995//5380 3274//5380 3188//5380
f 3307//5381 3337//5381 3136//5381
f 3251//5382 3307//5382 3069//5382
f 3019//5383 3169//5383 3251//5383
f 2462//5384 2585//5384 2428//5384
f 1891//5385 1810//5385 1726//5385
f 1726//5386 1704//5386 1602//5386
f 373//5387 601//5387 515//5387
f 712//5388 655//5388 515//5388
f 589//5389 405//5389 655//5389
f 433//5390 655//5390 405//5390
f 396//5391 577//5391 613//5391
f 396//5392 351//5392 577//5392
f 396//5393 613//5393 443//5393
f 443//5394 673//5394 520//5394
f 1130//5395 1238//5395 1113//5395
f 2470//5396 2416//5396 2618//5396
f 2757//5397 2618//5397 2644//5397
f 2886//5398 2794//5398 3016//5398
f 3016//5399 2904//5399 3179//5399
f 3266//5400 3179//5400 2980//5400
f 3339//5401 3346//5401 3151//5401
f 2817//5402 2883//5402 3014//5402
f 2761//5403 2883//5403 2725//5403
f 2501//5404 2377//5404 2535//5404
f 2287//5405 2421//5405 2247//5405
f 1530//5406 1485//5406 1409//5406
f 1409//5407 1368//5407 1280//5407
f 426//5408 470//5408 666//5408
f 602//5409 575//5409 378//5409
f 575//5410 638//5410 393//5410
f 389//5411 393//5411 638//5411
f 808//5412 946//5412 928//5412
f 1344//5413 1375//5413 1511//5413
f 1511//5414 1467//5414 1344//5414
f 2429//5415 2413//5415 2602//5415
f 2602//5416 2524//5416 2756//5416
f 2986//5417 2878//5417 2860//5417
f 3070//5418 3331//5418 3278//5418
f 3064//5419 3005//5419 3281//5419
f 2793//5420 2963//5420 2932//5420
f 2793//5421 2736//5421 2621//5421
f 2621//5422 2655//5422 2793//5422
f 2621//5423 2507//5423 2655//5423
f 1805//5424 1819//5424 1697//5424
f 1487//5425 1470//5425 1372//5425
f 728//5426 668//5426 525//5426
f 668//5427 600//5427 450//5427
f 382//5428 394//5428 573//5428
f 411//5429 382//5429 610//5429
f 463//5430 411//5430 674//5430
f 554//5431 463//5431 734//5431
f 821//5432 696//5432 927//5432
f 1183//5433 1228//5433 1283//5433
f 1283//5434 1340//5434 1367//5434
f 2599//5435 2610//5435 2753//5435
f 2900//5436 2950//5436 2753//5436
f 2922//5437 3024//5437 2818//5437
f 3228//5438 3000//5438 3163//5438
f 2907//5439 3011//5439 2843//5439
f 2038//5440 1936//5440 2044//5440
f 1493//5441 1644//5441 1563//5441
f 1493//5442 1435//5442 1339//5442
f 1339//5443 1326//5443 1202//5443
f 1066//5444 1202//5444 1213//5444
f 660//5445 423//5445 455//5445
f 423//5446 599//5446 379//5446
f 599//5447 571//5447 379//5447
f 657//5448 471//5448 417//5448
f 715//5449 550//5449 471//5449
f 715//5450 810//5450 550//5450
f 2283//5451 2376//5451 2383//5451
f 3195//5452 3160//5452 2914//5452
f 3205//5453 2972//5453 3067//5453
f 3067//5454 2875//5454 2946//5454
f 2946//5455 2773//5455 2852//5455
f 2209//5456 2130//5456 2073//5456
f 1953//5457 1905//5457 1827//5457
f 1784//5458 1696//5458 1827//5458
f 1560//5459 1537//5459 1431//5459
f 988//5460 906//5460 854//5460
f 510//5461 604//5461 720//5461
f 659//5462 446//5462 510//5462
f 406//5463 339//5463 569//5463
f 569//5464 603//5464 406//5464
f 729//5465 501//5465 663//5465
f 702//5466 560//5466 818//5466
f 1999//5467 2097//5467 2042//5467
f 2227//5468 2215//5468 2360//5468
f 2360//5469 2336//5469 2490//5469
f 2993//5470 3140//5470 2915//5470
f 3225//5471 3140//5471 2993//5471
f 3225//5472 3057//5472 3306//5472
f 3340//5473 3123//5473 3142//5473
f 3123//5474 3340//5474 3306//5474
f 3142//5475 3343//5475 3340//5475
f 3343//5476 3142//5476 3115//5476
f 2935//5477 2857//5477 3072//5477
f 2764//5478 2889//5478 2768//5478
f 2660//5479 2543//5479 2764//5479
f 2628//5480 2458//5480 2481//5480
f 2481//5481 2343//5481 2359//5481
f 2228//5482 2359//5482 2343//5482
f 1753//5483 1864//5483 1754//5483
f 1642//5484 1753//5484 1641//5484
f 1165//5485 1039//5485 1191//5485
f 419//5486 189//5486 444//5486
f 1442//5487 1488//5487 1564//5487
f 2028//5488 2072//5488 2147//5488
f 2481//5489 2359//5489 2445//5489
f 2571//5490 2628//5490 2481//5490
f 2628//5491 2703//5491 2764//5491
f 2977//5492 3244//5492 3072//5492
f 3072//5493 3372//5493 3201//5493
f 3343//5494 3527//5494 3340//5494
f 3340//5495 3500//5495 3306//5495
f 3477//5496 3306//5496 3500//5496
f 3225//5497 3306//5497 3477//5497
f 3225//5498 3477//5498 3423//5498
f 3140//5499 3225//5499 3362//5499
f 2804//5500 2824//5500 2687//5500
f 2490//5501 2581//5501 2691//5501
f 2560//5502 2433//5502 2490//5502
f 2433//5503 2307//5503 2360//5503
f 2227//5504 2360//5504 2307//5504
f 2227//5505 2307//5505 2186//5505
f 1728//5506 1774//5506 1877//5506
f 1774//5507 1728//5507 1666//5507
f 1457//5508 1439//5508 1341//5508
f 243//5509 294//5509 446//5509
f 510//5510 361//5510 604//5510
f 741//5511 619//5511 854//5511
f 1560//5512 1629//5512 1696//5512
f 1696//5513 1742//5513 1827//5513
f 2530//5514 2705//5514 2666//5514
f 3205//5515 3431//5515 3261//5515
f 3529//5516 3387//5516 3505//5516
f 3504//5517 3399//5517 3529//5517
f 3304//5518 3399//5518 3463//5518
f 2512//5519 2439//5519 2383//5519
f 2164//5520 2266//5520 2321//5520
f 1730//5521 1656//5521 1783//5521
f 1210//5522 1161//5522 1089//5522
f 623//5523 768//5523 867//5523
f 290//5524 471//5524 550//5524
f 471//5525 240//5525 417//5525
f 379//5526 205//5526 423//5526
f 423//5527 251//5527 455//5527
f 1066//5528 1029//5528 1202//5528
f 1339//5529 1202//5529 1250//5529
f 1339//5530 1389//5530 1493//5530
f 1936//5531 1981//5531 2044//5531
f 2783//5532 2967//5532 2907//5532
f 3163//5533 3011//5533 3245//5533
f 3417//5534 3228//5534 3374//5534
f 3163//5535 3374//5535 3228//5535
f 3531//5536 3499//5536 3341//5536
f 2690//5537 2599//5537 2820//5537
f 2205//5538 2067//5538 2106//5538
f 1283//5539 1136//5539 1183//5539
f 945//5540 871//5540 747//5540
f 821//5541 945//5541 747//5541
f 747//5542 617//5542 821//5542
f 554//5543 478//5543 352//5543
f 463//5544 554//5544 285//5544
f 285//5545 234//5545 463//5545
f 463//5546 234//5546 411//5546
f 411//5547 234//5547 210//5547
f 450//5548 394//5548 253//5548
f 287//5549 525//5549 450//5549
f 1100//5550 1152//5550 1243//5550
f 1243//5551 1152//5551 1270//5551
f 1697//5552 1744//5552 1805//5552
f 1994//5553 1904//5553 1980//5553
f 2272//5554 2318//5554 2388//5554
f 2519//5555 2698//5555 2655//5555
f 2655//5556 2827//5556 2793//5556
f 3252//5557 3357//5557 3051//5557
f 3051//5558 2932//5558 3252//5558
f 3005//5559 2928//5559 3197//5559
f 3415//5560 3281//5560 3197//5560
f 3134//5561 3350//5561 3331//5561
f 3331//5562 3466//5562 3278//5562
f 2756//5563 2878//5563 2962//5563
f 2602//5564 2756//5564 2828//5564
f 2552//5565 2602//5565 2684//5565
f 2429//5566 2602//5566 2552//5566
f 2319//5567 2293//5567 2440//5567
f 2429//5568 2440//5568 2293//5568
f 2025//5569 2153//5569 2082//5569
f 1344//5570 1467//5570 1373//5570
f 1116//5571 1277//5571 1227//5571
f 808//5572 928//5572 757//5572
f 468//5573 636//5573 354//5573
f 468//5574 291//5574 469//5574
f 198//5575 393//5575 389//5575
f 880//5576 893//5576 1042//5576
f 1153//5577 1149//5577 1280//5577
f 1268//5578 1409//5578 1280//5578
f 1653//5579 1530//5579 1630//5579
f 2206//5580 2161//5580 2083//5580
f 2535//5581 2421//5581 2570//5581
f 2421//5582 2287//5582 2441//5582
f 2826//5583 2952//5583 2761//5583
f 3014//5584 2883//5584 3091//5584
f 3339//5585 3502//5585 3535//5585
f 3535//5586 3346//5586 3339//5586
f 3424//5587 3179//5587 3266//5587
f 3363//5588 3236//5588 3179//5588
f 2886//5589 2957//5589 2757//5589
f 2618//5590 2757//5590 2822//5590
f 2559//5591 2470//5591 2689//5591
f 2040//5592 2158//5592 2070//5592
f 2040//5593 2070//5593 1964//5593
f 1922//5594 1848//5594 1808//5594
f 1626//5595 1677//5595 1729//5595
f 1808//5596 1729//5596 1677//5596
f 1137//5597 1113//5597 1226//5597
f 607//5598 803//5598 751//5598
f 480//5599 355//5599 648//5599
f 520//5600 288//5600 443//5600
f 238//5601 396//5601 443//5601
f 433//5602 405//5602 252//5602
f 209//5603 252//5603 405//5603
f 301//5604 515//5604 433//5604
f 301//5605 373//5605 515//5605
f 1098//5606 965//5606 896//5606
f 1602//5607 1623//5607 1726//5607
f 1734//5608 1853//5608 1726//5608
f 2462//5609 2568//5609 2585//5609
f 2730//5610 2830//5610 2847//5610
f 2975//5611 2847//5611 2959//5611
f 3251//5612 3474//5612 3307//5612
f 3517//5613 3386//5613 3537//5613
f 3440//5614 3188//5614 3274//5614
f 3027//5615 2905//5615 2858//5615
f 2780//5616 2858//5616 2905//5616
f 2781//5617 2631//5617 2749//5617
f 2529//5618 2631//5618 2659//5618
f 2631//5619 2781//5619 2659//5619
f 2394//5620 2529//5620 2517//5620
f 2417//5621 2394//5621 2517//5621
f 2255//5622 2208//5622 2155//5622
f 1293//5623 1239//5623 1179//5623
f 1502//5624 1623//5624 1602//5624
f 1514//5625 1373//5625 1467//5625
f 2552//5626 2440//5626 2429//5626
f 2828//5627 2684//5627 2602//5627
f 3415//5628 3470//5628 3281//5628
f 3357//5629 3415//5629 3197//5629
f 352//5630 285//5630 554//5630
f 3417//5631 3475//5631 3228//5631
f 1761//5632 1644//5632 1745//5632
f 2791//5633 2831//5633 2647//5633
f 2852//5634 2751//5634 2965//5634
f 702//5635 477//5635 560//5635
f 2228//5636 2120//5636 2147//5636
f 729//5637 818//5637 560//5637
f 768//5638 911//5638 867//5638
f 609//5639 657//5639 417//5639
f 525//5640 567//5640 728//5640
f 2793//5641 2932//5641 2736//5641
f 393//5642 378//5642 575//5642
f 589//5643 577//5643 405//5643
f 970//5644 859//5644 1067//5644
f 585//5645 686//5645 711//5645
f 1217//5646 1330//5646 1282//5646
f 1369//5647 1282//5647 1330//5647
f 1472//5648 1417//5648 1434//5648
f 1567//5649 1472//5649 1552//5649
f 1698//5650 1613//5650 1678//5650
f 1797//5651 1698//5651 1792//5651
f 1792//5652 1907//5652 1797//5652
f 2008//5653 1991//5653 1907//5653
f 2019//5654 1991//5654 2105//5654
f 2217//5655 2105//5655 2120//5655
f 2120//5656 2228//5656 2217//5656
f 2228//5657 2337//5657 2217//5657
f 3182//5658 3117//5658 3149//5658
f 2949//5659 2857//5659 3039//5659
f 2866//5660 2768//5660 2949//5660
f 2224//5661 2217//5661 2338//5661
f 1791//5662 1824//5662 1912//5662
f 447//5663 652//5663 502//5663
f 1862//3498 1863//3498 1864//3498
f 1880//5664 1947//5664 1862//5664
f 1863//5665 1862//5665 1947//5665
f 1886//5666 1758//5666 1863//5666
f 1516//5667 1641//5667 1522//5667
f 745//5668 595//5668 740//5668
f 1004//5669 872//5669 991//5669
f 3498//5670 3528//5670 3527//5670
f 2703//5671 2571//5671 2683//5671
f 2183//5672 2072//5672 2180//5672
f 2072//5673 1963//5673 2064//5673
f 1963//5674 1841//5674 1960//5674
f 1841//5675 1723//5675 1833//5675
f 872//5676 745//5676 866//5676
f 189//5677 175//5677 188//5677
f 229//5678 189//5678 188//5678
f 176//5679 212//5679 213//5679
f 212//5680 257//5680 213//5680
f 307//5681 258//5681 305//5681
f 1171//5682 1047//5682 1165//5682
f 1863//5683 1758//5683 1754//5683
f 1333//5684 1332//5684 1288//5684
f 1107//5685 1106//5685 1190//5685
f 537//5686 532//5686 649//5686
f 532//5687 447//5687 445//5687
f 187//5688 178//5688 177//5688
f 177//5689 186//5689 187//5689
f 349//5690 282//5690 347//5690
f 694//5691 606//5691 689//5691
f 778//5692 878//5692 780//5692
f 878//5693 1007//5693 881//5693
f 1276//5694 1274//5694 1311//5694
f 1481//5695 1483//5695 1559//5695
f 2007//5696 2005//5696 1912//5696
f 3055//5697 3060//5697 3211//5697
f 3324//5698 3211//5698 3214//5698
f 3453//5699 3491//5699 3490//5699
f 1637//5700 1639//5700 1559//5700
f 181//5701 177//5701 182//5701
f 341//5702 445//5702 343//5702
f 781//5703 779//5703 651//5703
f 3168//5704 3173//5704 3280//5704
f 3450//13 3587//13 3544//13
f 102//13 112//13 164//13
f 3596//13 3591//13 3487//13
f 1562//13 1420//13 1454//13
f 261//13 142//13 153//13
f 1715//13 1749//13 1594//13
f 1945//13 2035//13 1955//13
f 3578//13 3540//13 3519//13
f 2389//13 2452//13 2476//13
f 1196//13 1051//13 1169//13
f 131//13 127//13 180//13
f 1454//5705 1304//5705 1327//5705
f 1780//13 1829//13 1941//13
f 3617//13 3589//13 3628//13
f 3617//13 3649//13 3623//13
f 3600//13 3557//13 3544//13
f 164//13 476//13 144//13
f 3487//5706 3556//5706 3596//5706
f 1230//13 1304//13 1420//13
f 1581//13 1650//13 1454//13
f 3488//13 3487//13 3591//13
f 3591//13 3628//13 3589//13
f 3587//13 3629//13 3600//13
f 3587//13 3600//13 3544//13
f 3719//5707 3665//5707 3717//5707
f 3596//5708 3611//5708 3628//5708
f 3620//5709 3629//5709 3714//5709
f 3648//5710 3716//5710 3629//5710
f 22//3498 3698//3498 3720//3498
f 3723//3498 3721//3498 22//3498
f 3700//3498 3209//3498 507//3498
f 507//3498 3209//3498 3683//3498
f 3685//3498 3683//3498 3547//3498
f 507//3498 3680//3498 3682//3498
f 3209//3498 3697//3498 3547//3498
f 3712//5711 2500//5711 2502//5711
f 21//5712 2502//5712 2500//5712
f 3393//5713 3567//5713 158//5713
f 3727//3498 22//3498 3726//3498
f 2102//5714 1674//5714 3703//5714
f 1860//3368 2102//3368 3703//3368
f 3712//5715 3713//5715 3703//5715
f 1674//5716 3712//5716 3703//5716
f 3710//3498 51//3498 3711//3498
f 445//291 57//291 1306//291
f 1008//5717 135//5717 3574//5717
f 64//291 3632//291 62//291
f 3723//3498 22//3498 3725//3498
f 3313//5715 3701//5715 3693//5715
f 1857//3498 3710//3498 3714//3498
f 3698//3498 1857//3498 3714//3498
f 3686//3498 3688//3498 51//3498
f 22//3498 3728//3498 3725//3498
f 507//3498 3681//3498 3679//3498
f 2340//5718 2030//5718 3572//5718
f 1857//3498 2506//3498 3710//3498
f 507//3498 3679//3498 3676//3498
f 3686//3498 51//3498 3684//3498
f 2294//3498 3719//3498 63//3498
f 22//3498 3722//3498 3724//3498
f 21//5715 3693//5715 3708//5715
f 3717//3498 63//3498 3719//3498
f 3724//3498 3726//3498 22//3498
f 158//5711 2743//5711 2895//5711
f 3684//3498 51//3498 3682//3498
f 507//3498 3683//3498 3681//3498
f 3708//5715 3693//5715 3702//5715
f 3720//3498 3722//3498 22//3498
f 158//5719 3567//5719 3620//5719
f 3714//5719 158//5719 3620//5719
f 3727//3498 3729//3498 22//3498
f 3678//3498 507//3498 3677//3498
f 3714//3498 3716//3498 3698//3498
f 3707//5720 2453//5720 1856//5720
f 2650//5721 3709//5721 1856//5721
f 75//5722 1859//5722 1553//5722
f 1858//5718 3543//5718 1856//5718
f 1855//5723 332//5723 3353//5723
f 2650//5724 2249//5724 3691//5724
f 274//5725 439//5725 2249//5725
f 584//5726 1855//5726 837//5726
f 835//5727 2249//5727 714//5727
f 23//5728 2099//5728 3699//5728
f 2510//5729 20//5729 3695//5729
f 3707//3462 3543//3462 1094//3462
f 2049//5730 1094//5730 2099//5730
f 20//5731 2049//5731 2099//5731
f 103//5732 63//5732 2510//5732
f 139//291 1652//291 523//291
f 103//3524 105//3524 63//3524
f 2363//5733 20//5733 2605//5733
f 2326//5734 2894//5734 3288//5734
f 26//5718 3572//5718 2030//5718
f 2030//5721 221//5721 3353//5721
f 2049//3566 3707//3566 1094//3566
f 2510//5735 3695//5735 2865//5735
f 2363//5736 3603//5736 20//5736
f 3710//3898 3711//3898 3702//3898
f 3547//3498 3687//3498 3685//3498
f 3719//3498 22//3498 3721//3498
f 955//5737 1855//5737 1085//5737
f 148//5725 88//5725 3353//5725
f 103//5735 2510//5735 2865//5735
f 3709//5718 1858//5718 1856//5718
f 1855//5738 584//5738 332//5738
f 2049//5731 20//5731 3603//5731
f 2099//5739 23//5739 3695//5739
f 20//5740 2099//5740 3695//5740
f 63//5741 3611//5741 2510//5741
f 926//5742 986//5742 3691//5742
f 2366//5731 2611//5731 3699//5731
f 103//5743 3621//5743 2055//5743
f 3704//5743 2510//5743 3611//5743
f 103//5744 2326//5744 3621//5744
f 3690//5736 2055//5736 3621//5736
f 20//3462 2510//3462 3704//3462
f 20//5745 3704//5745 2605//5745
f 19//3437 836//3437 1164//3437
f 148//5746 3353//5746 332//5746
f 2249//5747 2650//5747 3694//5747
f 3692//3524 3707//3524 3603//3524
f 23//3521 3699//3521 2611//3521
f 1085//5748 1855//5748 3594//5748
f 2249//5749 152//5749 274//5749
f 1094//5750 3543//5750 3699//5750
f 1335//5751 3709//5751 1187//5751
f 1085//5752 3594//5752 1206//5752
f 1858//3521 2112//3521 3543//3521
f 1087//5753 1187//5753 3691//5753
f 2115//5754 1859//5754 3603//5754
f 3709//5755 3691//5755 1187//5755
f 3691//5756 835//5756 926//5756
f 3709//5757 1561//5757 1858//5757
f 2453//5758 3594//5758 1855//5758
f 2000//5755 2453//5755 1855//5755
f 118//291 129//291 978//291
f 842//291 3184//291 2505//291
f 3570//291 2505//291 3184//291
f 2353//5759 2891//5759 1088//5759
f 1455//291 2409//291 1055//291
f 129//291 138//291 978//291
f 1818//291 324//291 1055//291
f 324//291 2842//291 1055//291
f 3668//291 1570//291 1010//291
f 3585//291 1360//291 3595//291
f 1360//291 1186//291 3595//291
f 2842//291 37//291 1055//291
f 3416//5760 268//5760 13//5760
f 121//291 3670//291 1064//291
f 2612//291 559//291 89//291
f 3635//291 464//291 559//291
f 3569//5761 3288//5761 39//5761
f 1087//5762 1520//5762 106//5762
f 1578//291 121//291 2808//291
f 121//291 653//291 2808//291
f 1335//5763 106//5763 62//5763
f 3574//5764 442//5764 769//5764
f 1868//291 3666//291 2894//291
f 1088//5765 1616//5765 834//5765
f 2278//5766 40//5766 523//5766
f 1520//5767 1087//5767 2236//5767
f 1520//291 64//291 106//291
f 769//291 1952//291 3574//291
f 1008//5768 1779//5768 135//5768
f 2057//5769 523//5769 1861//5769
f 929//291 3485//291 3447//291
f 2344//5770 12//5770 14//5770
f 1219//5771 3687//5771 978//5771
f 1578//5772 2479//5772 2614//5772
f 1556//5773 1861//5773 134//5773
f 2752//5774 1578//5774 2614//5774
f 223//291 1306//291 57//291
f 137//291 3523//291 3485//291
f 697//5775 3402//5775 556//5775
f 937//291 2111//291 143//291
f 2236//291 833//291 2111//291
f 3574//5776 135//5776 442//5776
f 3668//291 1010//291 1064//291
f 134//5777 1318//5777 1556//5777
f 1318//5778 2353//5778 1088//5778
f 3593//5779 12//5779 2344//5779
f 1785//291 2903//291 3541//291
f 1861//5780 523//5780 134//5780
f 834//5781 3706//5781 1088//5781
f 60//5782 86//5782 2249//5782
f 1855//5783 955//5783 837//5783
f 1088//3426 3706//3426 1318//3426
f 3594//5784 75//5784 1553//5784
f 3556//5785 3704//5785 3611//5785
f 2249//5786 439//5786 565//5786
f 451//3357 3345//3357 3633//3357
f 2030//5787 3694//5787 221//5787
f 3704//5788 3249//5788 2896//5788
f 1855//5789 221//5789 2000//5789
f 88//5724 26//5724 3353//5724
f 3594//5790 1327//5790 1206//5790
f 3249//5788 3704//5788 3556//5788
f 3692//3524 3603//3524 1859//3524
f 3603//5791 2363//5791 2115//5791
f 2340//5718 2859//5718 2030//5718
f 2030//5718 2859//5718 3694//5718
f 2326//3521 3569//3521 3621//3521
f 3709//5757 1335//5757 1561//5757
f 714//5784 2249//5784 565//5784
f 63//5741 3715//5741 3611//5741
f 83//3426 2839//3426 2600//3426
f 451//3310 25//3310 2596//3310
f 3345//3321 451//3321 2596//3321
f 83//5781 2600//5781 2101//5781
f 24//5792 2600//5792 2607//5792
f 154//5793 19//5793 3554//5793
f 76//3451 2596//3451 25//3451
f 3551//5794 24//5794 2607//5794
f 2607//3321 3345//3321 2596//3321
f 24//5795 2101//5795 2600//5795
f 83//3319 16//3319 2839//3319
f 2284//3367 3636//3367 18//3367
f 3633//3367 3560//3367 2385//3367
f 2796//3367 3560//3367 3636//3367
f 3255//3367 159//3367 2796//3367
f 13//3367 15//3367 3255//3367
f 3560//3367 2796//3367 159//3367
f 3560//3367 2122//3367 2385//3367
f 3560//3367 3633//3367 3636//3367
f 2839//3367 16//3367 18//3367
f 3694//5796 60//5796 2249//5796
f 221//5790 3694//5790 2650//5790
f 2650//5755 3691//5755 3709//5755
f 1856//5787 2453//5787 2650//5787
f 3543//5718 3707//5718 1856//5718
f 2453//5797 3692//5797 75//5797
f 3692//5798 1859//5798 75//5798
f 2650//5799 2453//5799 2000//5799
f 2453//5756 75//5756 3594//5756
f 2000//5800 221//5800 2650//5800
f 3353//5756 221//5756 1855//5756
f 60//5720 3694//5720 2859//5720
f 2030//3560 3353//3560 26//3560
f 2859//5801 17//5801 60//5801
f 2865//5735 3695//5735 23//5735
f 2326//3526 2865//3526 23//3526
f 2326//5744 103//5744 2865//5744
f 1094//5802 3699//5802 2099//5802
f 3710//3498 2506//3498 51//3498
f 3700//3498 507//3498 51//3498
f 1857//3498 3698//3498 22//3498
f 3700//3498 2506//3498 3696//3498
f 22//3498 3696//3498 1857//3498
f 2294//3498 3697//3498 22//3498
f 3683//3498 3209//3498 3547//3498
f 3697//3498 2294//3498 105//3498
f 3697//3498 105//3498 2055//3498
f 2055//3498 3690//3498 3547//3498
f 22//3498 3719//3498 2294//3498
f 3696//3498 22//3498 3697//3498
f 3696//3498 3209//3498 3700//3498
f 1857//3498 3696//3498 2506//3498
f 2506//3498 3700//3498 51//3498
f 3456//3368 3713//3368 2502//3368
f 2500//5803 3712//5803 1674//5803
f 21//5804 2278//5804 2057//5804
f 2057//5805 2502//5805 21//5805
f 3693//3434 2500//3434 3313//3434
f 3701//5806 158//5806 3714//5806
f 3705//5807 3693//5807 3701//5807
f 2598//3368 133//3368 2467//3368
f 3705//5713 3714//5713 3710//5713
f 3693//3571 21//3571 2500//3571
f 3456//5803 2057//5803 1861//5803
f 523//5808 2057//5808 2278//5808
