# Blender 4.0.2
# www.blender.org
mtllib spiral_fine.mtl
o Spiral.001
v 0.019906 -0.031950 -1.161978
v 0.022174 -0.031274 -1.158411
v 0.024414 -0.030005 -1.154992
v 0.026580 -0.028170 -1.151788
v 0.028629 -0.025806 -1.148866
v 0.030518 -0.022962 -1.146286
v 0.032209 -0.019694 -1.144098
v 0.033667 -0.016070 -1.142349
v 0.034864 -0.012163 -1.141074
v 0.035774 -0.008053 -1.140298
v 0.036379 -0.003823 -1.140038
v 0.036666 0.000439 -1.140298
v 0.036631 0.004649 -1.141074
v 0.036273 0.008719 -1.142349
v 0.035599 0.012567 -1.144098
v 0.034625 0.016115 -1.146286
v 0.033369 0.019290 -1.148866
v 0.031856 0.022028 -1.151788
v 0.030119 0.024274 -1.154992
v 0.028191 0.025980 -1.158411
v 0.026113 0.027114 -1.161978
v 0.023927 0.027650 -1.165618
v 0.021677 0.027580 -1.169258
v 0.019409 0.026903 -1.172825
v 0.017168 0.025635 -1.176244
v 0.015002 0.023800 -1.179448
v 0.012954 0.021436 -1.182369
v 0.011065 0.018591 -1.184950
v 0.009374 0.015323 -1.187137
v 0.007915 0.011699 -1.188887
v 0.006719 0.007792 -1.190162
v 0.005809 0.003682 -1.190938
v 0.005204 -0.000547 -1.191198
v 0.004916 -0.004810 -1.190938
v 0.004952 -0.009019 -1.190162
v 0.005310 -0.013089 -1.188887
v 0.005983 -0.016937 -1.187137
v 0.006958 -0.020485 -1.184950
v 0.008214 -0.023661 -1.182369
v 0.009726 -0.026399 -1.179448
v 0.011464 -0.028644 -1.176244
v 0.013391 -0.030351 -1.172825
v 0.015469 -0.031484 -1.169258
v 0.017655 -0.032021 -1.165618
v -0.003093 -0.029416 -1.147793
v -0.000740 -0.028753 -1.144280
v 0.001629 -0.027504 -1.140941
v 0.003964 -0.025696 -1.137843
v 0.006219 -0.023365 -1.135049
v 0.008348 -0.020558 -1.132618
v 0.010306 -0.017333 -1.130597
v 0.012054 -0.013754 -1.129028
v 0.013557 -0.009896 -1.127944
v 0.014785 -0.005836 -1.127366
v 0.015711 -0.001658 -1.127306
v 0.016317 0.002554 -1.127764
v 0.016591 0.006715 -1.128733
v 0.016528 0.010738 -1.130192
v 0.016128 0.014543 -1.132111
v 0.015399 0.018052 -1.134452
v 0.014357 0.021194 -1.137166
v 0.013023 0.023904 -1.140199
v 0.011424 0.026127 -1.143488
v 0.009592 0.027818 -1.146968
v 0.007565 0.028944 -1.150566
v 0.005384 0.029480 -1.154209
v 0.003093 0.029416 -1.157825
v 0.000740 0.028753 -1.161338
v -0.001629 0.027504 -1.164677
v -0.003965 0.025696 -1.167775
v -0.006219 0.023365 -1.170568
v -0.008348 0.020558 -1.173000
v -0.010306 0.017333 -1.175021
v -0.012054 0.013754 -1.176589
v -0.013557 0.009896 -1.177674
v -0.014785 0.005836 -1.178252
v -0.015711 0.001658 -1.178312
v -0.016317 -0.002554 -1.177853
v -0.016591 -0.006715 -1.176885
v -0.016528 -0.010738 -1.175426
v -0.016128 -0.014543 -1.173507
v -0.015399 -0.018052 -1.171166
v -0.014357 -0.021194 -1.168452
v -0.013023 -0.023904 -1.165419
v -0.011424 -0.026127 -1.162130
v -0.009592 -0.027818 -1.158650
v -0.007565 -0.028944 -1.155052
v -0.005384 -0.029480 -1.151408
v -0.027156 -0.021597 -1.132262
v -0.024606 -0.020998 -1.128876
v -0.021960 -0.019840 -1.125717
v -0.019272 -0.018146 -1.122849
v -0.016596 -0.015952 -1.120330
v -0.013987 -0.013301 -1.118212
v -0.011498 -0.010248 -1.116536
v -0.009180 -0.006855 -1.115339
v -0.007080 -0.003191 -1.114644
v -0.005240 0.000670 -1.114464
v -0.003698 0.004649 -1.114805
v -0.002486 0.008664 -1.115659
v -0.001628 0.012635 -1.117008
v -0.001141 0.016479 -1.118825
v -0.001037 0.020120 -1.121073
v -0.001315 0.023483 -1.123706
v -0.001972 0.026499 -1.126672
v -0.002993 0.029108 -1.129908
v -0.004358 0.031255 -1.133350
v -0.006040 0.032898 -1.136927
v -0.008003 0.034002 -1.140567
v -0.010207 0.034546 -1.144195
v -0.012609 0.034518 -1.147738
v -0.015159 0.033918 -1.151124
v -0.017805 0.032760 -1.154283
v -0.020493 0.031067 -1.157151
v -0.023169 0.028872 -1.159670
v -0.025778 0.026221 -1.161788
v -0.028267 0.023168 -1.163463
v -0.030585 0.019775 -1.164661
v -0.032685 0.016111 -1.165356
v -0.034525 0.012250 -1.165536
v -0.036067 0.008272 -1.165195
v -0.037279 0.004256 -1.164341
v -0.038137 0.000286 -1.162992
v -0.038624 -0.003559 -1.161175
v -0.038728 -0.007200 -1.158927
v -0.038450 -0.010563 -1.156294
v -0.037793 -0.013579 -1.153328
v -0.036772 -0.016187 -1.150092
v -0.035407 -0.018335 -1.146650
v -0.033725 -0.019977 -1.143073
v -0.031762 -0.021081 -1.139433
v -0.029558 -0.021625 -1.135805
v -0.048936 -0.009022 -1.116824
v -0.046150 -0.008560 -1.113607
v -0.043198 -0.007578 -1.110667
v -0.040140 -0.006098 -1.108063
v -0.037038 -0.004149 -1.105849
v -0.033956 -0.001772 -1.104069
v -0.030955 0.000985 -1.102760
v -0.028098 0.004067 -1.101948
v -0.025442 0.007411 -1.101650
v -0.023041 0.010948 -1.101872
v -0.020945 0.014606 -1.102610
v -0.019195 0.018311 -1.103848
v -0.017829 0.021988 -1.105561
v -0.016872 0.025561 -1.107714
v -0.016345 0.028959 -1.110264
v -0.016259 0.032111 -1.113158
v -0.016616 0.034954 -1.116338
v -0.017407 0.037429 -1.119739
v -0.018617 0.039487 -1.123292
v -0.020222 0.041086 -1.126924
v -0.022188 0.042192 -1.130562
v -0.024476 0.042784 -1.134130
v -0.027039 0.042849 -1.137558
v -0.029825 0.042386 -1.140775
v -0.032777 0.041404 -1.143715
v -0.035835 0.039924 -1.146318
v -0.038937 0.037976 -1.148533
v -0.042019 0.035598 -1.150313
v -0.045020 0.032841 -1.151622
v -0.047877 0.029759 -1.152434
v -0.050533 0.026415 -1.152731
v -0.052934 0.022879 -1.152509
v -0.055030 0.019220 -1.151772
v -0.056779 0.015515 -1.150534
v -0.058146 0.011838 -1.148821
v -0.059103 0.008265 -1.146668
v -0.059629 0.004867 -1.144118
v -0.059715 0.001715 -1.141224
v -0.059359 -0.001128 -1.138044
v -0.058568 -0.003603 -1.134642
v -0.057358 -0.005661 -1.131090
v -0.055753 -0.007260 -1.127458
v -0.053787 -0.008366 -1.123820
v -0.051499 -0.008957 -1.120251
v -0.067475 0.007670 -1.101512
v -0.064440 0.007909 -1.098503
v -0.061182 0.008615 -1.095817
v -0.057769 0.009775 -1.093510
v -0.054269 0.011366 -1.091627
v -0.050755 0.013354 -1.090208
v -0.047296 0.015699 -1.089280
v -0.043964 0.018354 -1.088864
v -0.040827 0.021264 -1.088967
v -0.037949 0.024370 -1.089588
v -0.035387 0.027610 -1.090713
v -0.033195 0.030916 -1.092320
v -0.031416 0.034222 -1.094376
v -0.030087 0.037461 -1.096840
v -0.029236 0.040566 -1.099660
v -0.028879 0.043474 -1.102780
v -0.029024 0.046126 -1.106137
v -0.029667 0.048468 -1.109661
v -0.030796 0.050453 -1.113282
v -0.032388 0.052040 -1.116924
v -0.034410 0.053196 -1.120515
v -0.036821 0.053899 -1.123982
v -0.039572 0.054133 -1.127252
v -0.042607 0.053895 -1.130261
v -0.045864 0.053188 -1.132947
v -0.049278 0.052028 -1.135254
v -0.052777 0.050438 -1.137137
v -0.056292 0.048450 -1.138556
v -0.059751 0.046104 -1.139484
v -0.063082 0.043450 -1.139900
v -0.066219 0.040539 -1.139797
v -0.069098 0.037433 -1.139176
v -0.071660 0.034194 -1.138051
v -0.073852 0.030887 -1.136444
v -0.075631 0.027581 -1.134388
v -0.076959 0.024343 -1.131925
v -0.077811 0.021238 -1.129104
v -0.078168 0.018330 -1.125984
v -0.078023 0.015677 -1.122627
v -0.077380 0.013335 -1.119103
v -0.076251 0.011350 -1.115482
v -0.074659 0.009763 -1.111840
v -0.072637 0.008607 -1.108249
v -0.070226 0.007904 -1.104782
v -0.081990 0.027648 -1.086355
v -0.078723 0.027568 -1.083591
v -0.075193 0.027900 -1.081192
v -0.071473 0.028637 -1.079209
v -0.067637 0.029764 -1.077681
v -0.063764 0.031259 -1.076639
v -0.059932 0.033091 -1.076104
v -0.056220 0.035223 -1.076089
v -0.052704 0.037611 -1.076591
v -0.049454 0.040207 -1.077603
v -0.046538 0.042957 -1.079102
v -0.044013 0.045807 -1.081059
v -0.041933 0.048697 -1.083434
v -0.040338 0.051570 -1.086178
v -0.039262 0.054366 -1.089235
v -0.038727 0.057028 -1.092543
v -0.038743 0.059503 -1.096035
v -0.039310 0.061740 -1.099640
v -0.040416 0.063694 -1.103284
v -0.042040 0.065325 -1.106894
v -0.044147 0.066598 -1.110395
v -0.046695 0.067490 -1.113716
v -0.049633 0.067981 -1.116791
v -0.052900 0.068062 -1.119555
v -0.056429 0.067730 -1.121953
v -0.060150 0.066993 -1.123937
v -0.063986 0.065865 -1.125465
v -0.067859 0.064370 -1.126507
v -0.071691 0.062538 -1.127042
v -0.075402 0.060407 -1.127057
v -0.078919 0.058019 -1.126554
v -0.082168 0.055423 -1.125543
v -0.085085 0.052672 -1.124044
v -0.087609 0.049823 -1.122087
v -0.089690 0.046932 -1.119712
v -0.091285 0.044060 -1.116968
v -0.092360 0.041264 -1.113911
v -0.092896 0.038601 -1.110603
v -0.092880 0.036126 -1.107111
v -0.092313 0.033889 -1.103506
v -0.091207 0.031935 -1.099862
v -0.089583 0.030305 -1.096252
v -0.087476 0.029031 -1.092751
v -0.084927 0.028140 -1.089430
v -0.091913 0.049936 -1.071384
v -0.088464 0.049446 -1.068897
v -0.084727 0.049312 -1.066815
v -0.080777 0.049535 -1.065179
v -0.076697 0.050113 -1.064024
v -0.072567 0.051032 -1.063372
v -0.068474 0.052275 -1.063237
v -0.064499 0.053816 -1.063622
v -0.060724 0.055623 -1.064519
v -0.057225 0.057661 -1.065909
v -0.054075 0.059886 -1.067764
v -0.051336 0.062255 -1.070047
v -0.049066 0.064718 -1.072711
v -0.047309 0.067226 -1.075702
v -0.046102 0.069728 -1.078959
v -0.045470 0.072173 -1.082415
v -0.045424 0.074510 -1.086001
v -0.045967 0.076693 -1.089642
v -0.047087 0.078676 -1.093266
v -0.048761 0.080421 -1.096799
v -0.050955 0.081890 -1.100167
v -0.053625 0.083054 -1.103304
v -0.056716 0.083890 -1.106144
v -0.060165 0.084380 -1.108631
v -0.063902 0.084515 -1.110713
v -0.067852 0.084291 -1.112349
v -0.071932 0.083713 -1.113504
v -0.076062 0.082794 -1.114156
v -0.080156 0.081551 -1.114291
v -0.084130 0.080010 -1.113906
v -0.087905 0.078203 -1.113009
v -0.091404 0.076166 -1.111619
v -0.094554 0.073940 -1.109764
v -0.097293 0.071571 -1.107481
v -0.099563 0.069108 -1.104817
v -0.101320 0.066600 -1.101826
v -0.102527 0.064098 -1.098569
v -0.103159 0.061653 -1.095113
v -0.103205 0.059316 -1.091527
v -0.102662 0.057133 -1.087885
v -0.101542 0.055150 -1.084262
v -0.099868 0.053406 -1.080729
v -0.097674 0.051936 -1.077361
v -0.095004 0.050772 -1.074224
v -0.096915 0.073468 -1.056623
v -0.093362 0.072491 -1.054444
v -0.089510 0.071818 -1.052703
v -0.085438 0.071460 -1.051435
v -0.081227 0.071427 -1.050667
v -0.076964 0.071718 -1.050413
v -0.072736 0.072327 -1.050680
v -0.068628 0.073243 -1.051460
v -0.064724 0.074446 -1.052740
v -0.061105 0.075911 -1.054492
v -0.057842 0.077610 -1.056681
v -0.055004 0.079508 -1.059262
v -0.052647 0.081565 -1.062184
v -0.050819 0.083741 -1.065385
v -0.049559 0.085990 -1.068802
v -0.048890 0.088267 -1.072364
v -0.048828 0.090525 -1.076000
v -0.049373 0.092719 -1.079634
v -0.050515 0.094804 -1.083194
v -0.052229 0.096738 -1.086606
v -0.054482 0.098481 -1.089802
v -0.057226 0.099997 -1.092715
v -0.060407 0.101256 -1.095287
v -0.063960 0.102233 -1.097466
v -0.067812 0.102906 -1.099207
v -0.071884 0.103263 -1.100475
v -0.076095 0.103297 -1.101243
v -0.080358 0.103006 -1.101497
v -0.084586 0.102397 -1.101231
v -0.088694 0.101481 -1.100450
v -0.092598 0.100278 -1.099170
v -0.096217 0.098812 -1.097418
v -0.099480 0.097113 -1.095229
v -0.102318 0.095216 -1.092648
v -0.104675 0.093159 -1.089726
v -0.106503 0.090983 -1.086525
v -0.107763 0.088734 -1.083108
v -0.108432 0.086457 -1.079546
v -0.108494 0.084199 -1.075910
v -0.107949 0.082005 -1.072276
v -0.106807 0.079919 -1.068716
v -0.105093 0.077986 -1.065304
v -0.102840 0.076243 -1.062109
v -0.100096 0.074727 -1.059195
v -0.096915 0.097146 -1.042096
v -0.093362 0.095630 -1.040251
v -0.089510 0.094371 -1.038873
v -0.085438 0.093396 -1.037989
v -0.081227 0.092722 -1.037616
v -0.076964 0.092366 -1.037764
v -0.072736 0.092333 -1.038428
v -0.068628 0.092624 -1.039596
v -0.064724 0.093234 -1.041242
v -0.061105 0.094150 -1.043335
v -0.057842 0.095353 -1.045831
v -0.055004 0.096820 -1.048680
v -0.052647 0.098519 -1.051823
v -0.050819 0.100417 -1.055196
v -0.049559 0.102474 -1.058732
v -0.048890 0.104650 -1.062357
v -0.048828 0.106899 -1.065998
v -0.049373 0.109176 -1.069581
v -0.050515 0.111434 -1.073034
v -0.052229 0.113628 -1.076284
v -0.054482 0.115713 -1.079268
v -0.057226 0.117647 -1.081923
v -0.060407 0.119389 -1.084196
v -0.063960 0.120905 -1.086041
v -0.067812 0.122164 -1.087419
v -0.071884 0.123140 -1.088303
v -0.076095 0.123813 -1.088676
v -0.080358 0.124169 -1.088528
v -0.084586 0.124202 -1.087864
v -0.088694 0.123911 -1.086696
v -0.092598 0.123301 -1.085050
v -0.096217 0.122385 -1.082957
v -0.099480 0.121182 -1.080461
v -0.102318 0.119716 -1.077612
v -0.104675 0.118016 -1.074469
v -0.106503 0.116119 -1.071096
v -0.107763 0.114061 -1.067560
v -0.108432 0.111886 -1.063935
v -0.108494 0.109636 -1.060294
v -0.107949 0.107359 -1.056711
v -0.106807 0.105101 -1.053259
v -0.105093 0.102907 -1.050008
v -0.102840 0.100822 -1.047024
v -0.100096 0.098889 -1.044369
v -0.092077 0.119905 -1.027824
v -0.088645 0.117825 -1.026336
v -0.084920 0.115968 -1.025337
v -0.080979 0.114370 -1.024847
v -0.076903 0.113064 -1.024875
v -0.072774 0.112077 -1.025422
v -0.068677 0.111428 -1.026476
v -0.064694 0.111132 -1.028016
v -0.060907 0.111193 -1.030010
v -0.057393 0.111611 -1.032418
v -0.054224 0.112377 -1.035191
v -0.051463 0.113476 -1.038272
v -0.049168 0.114886 -1.041599
v -0.047384 0.116576 -1.045104
v -0.046149 0.118514 -1.048715
v -0.045487 0.120660 -1.052359
v -0.045412 0.122969 -1.055962
v -0.045926 0.125396 -1.059451
v -0.047017 0.127890 -1.062753
v -0.048664 0.130401 -1.065804
v -0.050833 0.132878 -1.068539
v -0.053480 0.135270 -1.070904
v -0.056552 0.137528 -1.072850
v -0.059985 0.139608 -1.074338
v -0.063709 0.141465 -1.075337
v -0.067650 0.143063 -1.075827
v -0.071726 0.144369 -1.075799
v -0.075855 0.145356 -1.075252
v -0.079952 0.146005 -1.074198
v -0.083935 0.146301 -1.072658
v -0.087722 0.146240 -1.070664
v -0.091236 0.145822 -1.068256
v -0.094405 0.145056 -1.065483
v -0.097166 0.143957 -1.062402
v -0.099461 0.142547 -1.059075
v -0.101245 0.140857 -1.055570
v -0.102480 0.138919 -1.051959
v -0.103142 0.136773 -1.048315
v -0.103217 0.134464 -1.044712
v -0.102703 0.132037 -1.041224
v -0.101612 0.129543 -1.037921
v -0.099965 0.127032 -1.034871
v -0.097796 0.124555 -1.032135
v -0.095149 0.122163 -1.029770
v -0.082793 0.140758 -1.013825
v -0.079606 0.138126 -1.012712
v -0.076139 0.135691 -1.012104
v -0.072461 0.133503 -1.012014
v -0.068647 0.131607 -1.012443
v -0.064776 0.130041 -1.013383
v -0.060926 0.128836 -1.014814
v -0.057176 0.128018 -1.016707
v -0.053601 0.127602 -1.019025
v -0.050275 0.127599 -1.021719
v -0.047265 0.128006 -1.024735
v -0.044633 0.128817 -1.028011
v -0.042432 0.130015 -1.031481
v -0.040707 0.131575 -1.035075
v -0.039492 0.133466 -1.038718
v -0.038814 0.135649 -1.042337
v -0.038685 0.138079 -1.045858
v -0.039109 0.140708 -1.049209
v -0.040076 0.143481 -1.052323
v -0.041566 0.146343 -1.055135
v -0.043551 0.149234 -1.057589
v -0.045989 0.152097 -1.059635
v -0.048830 0.154872 -1.061231
v -0.052017 0.157504 -1.062344
v -0.055484 0.159938 -1.062952
v -0.059162 0.162126 -1.063042
v -0.062975 0.164023 -1.062613
v -0.066846 0.165589 -1.061674
v -0.070696 0.166794 -1.060242
v -0.074447 0.167612 -1.058349
v -0.078022 0.168027 -1.056031
v -0.081348 0.168031 -1.053337
v -0.084357 0.167623 -1.050321
v -0.086990 0.166812 -1.047045
v -0.089191 0.165615 -1.043575
v -0.090916 0.164054 -1.039982
v -0.092130 0.162164 -1.036338
v -0.092809 0.159981 -1.032719
v -0.092938 0.157551 -1.029198
v -0.092514 0.154922 -1.025847
v -0.091547 0.152149 -1.022733
v -0.090056 0.149287 -1.019921
v -0.088072 0.146396 -1.017467
v -0.085634 0.143533 -1.015421
v -0.069649 0.158849 -1.000114
v -0.066830 0.155710 -0.999389
v -0.063741 0.152755 -0.999180
v -0.060443 0.150044 -0.999490
v -0.057005 0.147631 -1.000315
v -0.053496 0.145567 -1.001636
v -0.049987 0.143892 -1.003427
v -0.046551 0.142642 -1.005651
v -0.043256 0.141841 -1.008263
v -0.040170 0.141506 -1.011211
v -0.037357 0.141644 -1.014434
v -0.034872 0.142252 -1.017866
v -0.032767 0.143318 -1.021437
v -0.031084 0.144819 -1.025075
v -0.029859 0.146725 -1.028706
v -0.029115 0.148998 -1.032256
v -0.028868 0.151592 -1.035653
v -0.029122 0.154452 -1.038826
v -0.029874 0.157522 -1.041713
v -0.031107 0.160739 -1.044254
v -0.032796 0.164036 -1.046397
v -0.034908 0.167348 -1.048098
v -0.037398 0.170607 -1.049324
v -0.040216 0.173745 -1.050049
v -0.043306 0.176701 -1.050259
v -0.046603 0.179412 -1.049948
v -0.050042 0.181825 -1.049124
v -0.053551 0.183889 -1.047803
v -0.057059 0.185563 -1.046012
v -0.060496 0.186814 -1.043787
v -0.063791 0.187614 -1.041175
v -0.066876 0.187949 -1.038227
v -0.069690 0.187811 -1.035005
v -0.072175 0.187203 -1.031573
v -0.074280 0.186138 -1.028001
v -0.075962 0.184637 -1.024363
v -0.077188 0.182730 -1.020732
v -0.077932 0.180457 -1.017182
v -0.078179 0.177864 -1.013786
v -0.077924 0.175003 -1.010612
v -0.077173 0.171934 -1.007725
v -0.075940 0.168717 -1.005185
v -0.074250 0.165419 -1.003042
v -0.072139 0.162108 -1.001340
v -0.053388 0.173491 -0.986701
v -0.051046 0.169923 -0.986373
v -0.048437 0.166534 -0.986565
v -0.045617 0.163394 -0.987273
v -0.042641 0.160565 -0.988482
v -0.039570 0.158106 -0.990168
v -0.036467 0.156066 -0.992297
v -0.033394 0.154488 -0.994826
v -0.030416 0.153403 -0.997702
v -0.027591 0.152833 -1.000867
v -0.024979 0.152790 -1.004257
v -0.022630 0.153275 -1.007803
v -0.020595 0.154277 -1.011432
v -0.018914 0.155777 -1.015071
v -0.017621 0.157745 -1.018646
v -0.016742 0.160139 -1.022084
v -0.016296 0.162911 -1.025315
v -0.016292 0.166005 -1.028272
v -0.016729 0.169358 -1.030897
v -0.017599 0.172901 -1.033135
v -0.018884 0.176563 -1.034941
v -0.020558 0.180269 -1.036278
v -0.022587 0.183943 -1.037120
v -0.024929 0.187510 -1.037447
v -0.027537 0.190899 -1.037256
v -0.030358 0.194039 -1.036548
v -0.033334 0.196868 -1.035338
v -0.036405 0.199327 -1.033652
v -0.039508 0.201367 -1.031523
v -0.042580 0.202945 -1.028995
v -0.045559 0.204030 -1.026119
v -0.048383 0.204600 -1.022953
v -0.050996 0.204643 -1.019563
v -0.053344 0.204159 -1.016017
v -0.055380 0.203156 -1.012388
v -0.057061 0.201656 -1.008749
v -0.058354 0.199688 -1.005174
v -0.059233 0.197294 -1.001736
v -0.059678 0.194522 -0.998506
v -0.059683 0.191428 -0.995548
v -0.059246 0.188075 -0.992923
v -0.058376 0.184532 -0.990685
v -0.057091 0.180870 -0.988879
v -0.055417 0.177164 -0.987542
v -0.034865 0.184185 -0.973593
v -0.033084 0.180293 -0.973666
v -0.031033 0.176583 -0.974257
v -0.028756 0.173128 -0.975353
v -0.026298 0.170001 -0.976933
v -0.023709 0.167263 -0.978965
v -0.021042 0.164972 -0.981406
v -0.018352 0.163173 -0.984207
v -0.015693 0.161903 -0.987312
v -0.013119 0.161188 -0.990656
v -0.010683 0.161043 -0.994173
v -0.008434 0.161471 -0.997790
v -0.006419 0.162462 -1.001433
v -0.004677 0.163997 -1.005029
v -0.003245 0.166044 -1.008505
v -0.002152 0.168563 -1.011789
v -0.001419 0.171500 -1.014814
v -0.001062 0.174798 -1.017520
v -0.001089 0.178388 -1.019851
v -0.001498 0.182197 -1.021759
v -0.002281 0.186149 -1.023207
v -0.003423 0.190162 -1.024163
v -0.004900 0.194154 -1.024609
v -0.006681 0.198045 -1.024536
v -0.008732 0.201756 -1.023945
v -0.011009 0.205210 -1.022849
v -0.013467 0.208338 -1.021269
v -0.016056 0.211076 -1.019238
v -0.018723 0.213367 -1.016796
v -0.021413 0.215166 -1.013995
v -0.024072 0.216436 -1.010890
v -0.026646 0.217151 -1.007546
v -0.029082 0.217296 -1.004029
v -0.031330 0.216868 -1.000412
v -0.033346 0.215877 -0.996769
v -0.035088 0.214342 -0.993173
v -0.036520 0.212294 -0.989697
v -0.037613 0.209776 -0.986413
v -0.038346 0.206838 -0.983388
v -0.038703 0.203541 -0.980682
v -0.038676 0.199951 -0.978351
v -0.038267 0.196141 -0.976443
v -0.037484 0.192190 -0.974996
v -0.036342 0.188177 -0.974039
v -0.014999 0.190640 -0.960794
v -0.013831 0.186549 -0.961268
v -0.012382 0.182643 -0.962250
v -0.010681 0.179001 -0.963722
v -0.008763 0.175698 -0.965653
v -0.006666 0.172801 -0.968005
v -0.004433 0.170368 -0.970729
v -0.002110 0.168450 -0.973769
v 0.000256 0.167085 -0.977065
v 0.002616 0.166301 -0.980548
v 0.004924 0.166114 -0.984149
v 0.007131 0.166528 -0.987793
v 0.009193 0.167534 -0.991406
v 0.011068 0.169113 -0.994916
v 0.012717 0.171231 -0.998249
v 0.014108 0.173846 -1.001340
v 0.015211 0.176904 -1.004124
v 0.016005 0.180343 -1.006545
v 0.016473 0.184094 -1.008554
v 0.016606 0.188080 -1.010109
v 0.016400 0.192219 -1.011180
v 0.015861 0.196427 -1.011744
v 0.014999 0.200620 -1.011790
v 0.013831 0.204710 -1.011317
v 0.012382 0.208616 -1.010334
v 0.010681 0.212258 -1.008862
v 0.008763 0.215561 -1.006931
v 0.006666 0.218458 -1.004579
v 0.004433 0.220891 -1.001855
v 0.002110 0.222809 -0.998815
v -0.000256 0.224174 -0.995519
v -0.002616 0.224958 -0.992036
v -0.004924 0.225145 -0.988435
v -0.007131 0.224731 -0.984791
v -0.009193 0.223725 -0.981178
v -0.011068 0.222146 -0.977669
v -0.012717 0.220028 -0.974335
v -0.014108 0.217413 -0.971245
v -0.015211 0.214355 -0.968461
v -0.016005 0.210916 -0.966040
v -0.016473 0.207165 -0.964031
v -0.016606 0.203180 -0.962475
v -0.016400 0.199040 -0.961404
v -0.015861 0.194832 -0.960840
v 0.005279 0.192771 -0.948305
v 0.005814 0.188614 -0.949172
v 0.006653 0.184644 -0.950535
v 0.007780 0.180942 -0.952364
v 0.009172 0.177583 -0.954624
v 0.010801 0.174637 -0.957267
v 0.012633 0.172162 -0.960240
v 0.014631 0.170209 -0.963483
v 0.016754 0.168819 -0.966930
v 0.018960 0.168019 -0.970510
v 0.021202 0.167825 -0.974151
v 0.023437 0.168242 -0.977778
v 0.025618 0.169261 -0.981317
v 0.027700 0.170861 -0.984697
v 0.029642 0.173010 -0.987849
v 0.031403 0.175663 -0.990708
v 0.032949 0.178768 -0.993217
v 0.034247 0.182261 -0.995324
v 0.035271 0.186070 -0.996986
v 0.036000 0.190118 -0.998170
v 0.036420 0.194323 -0.998851
v 0.036522 0.198599 -0.999016
v 0.036303 0.202859 -0.998661
v 0.035769 0.207016 -0.997794
v 0.034929 0.210986 -0.996432
v 0.033802 0.214688 -0.994602
v 0.032410 0.218046 -0.992343
v 0.030782 0.220993 -0.989699
v 0.028950 0.223468 -0.986726
v 0.026952 0.225420 -0.983483
v 0.024828 0.226811 -0.980036
v 0.022623 0.227611 -0.976456
v 0.020380 0.227805 -0.972816
v 0.018145 0.227388 -0.969189
v 0.015965 0.226369 -0.965649
v 0.013882 0.224769 -0.962269
v 0.011941 0.222620 -0.959117
v 0.010179 0.219966 -0.956258
v 0.008634 0.216861 -0.953749
v 0.007336 0.213369 -0.951642
v 0.006311 0.209560 -0.949980
v 0.005582 0.205512 -0.948796
v 0.005162 0.201307 -0.948115
v 0.005061 0.197031 -0.947950
v 0.025068 0.190691 -0.936121
v 0.024986 0.186598 -0.937372
v 0.025242 0.182690 -0.939097
v 0.025831 0.179044 -0.941262
v 0.026740 0.175737 -0.943822
v 0.027952 0.172834 -0.946725
v 0.029441 0.170395 -0.949912
v 0.031177 0.168470 -0.953319
v 0.033125 0.167098 -0.956874
v 0.035245 0.166307 -0.960508
v 0.037494 0.166113 -0.964144
v 0.039826 0.166519 -0.967710
v 0.042195 0.167518 -0.971133
v 0.044550 0.169090 -0.974343
v 0.046846 0.171201 -0.977274
v 0.049034 0.173810 -0.979868
v 0.051070 0.176864 -0.982071
v 0.052913 0.180299 -0.983838
v 0.054526 0.184046 -0.985134
v 0.055875 0.188029 -0.985932
v 0.056933 0.192167 -0.986215
v 0.057679 0.196375 -0.985979
v 0.058097 0.200568 -0.985228
v 0.058179 0.204661 -0.983976
v 0.057923 0.208569 -0.982251
v 0.057334 0.212215 -0.980086
v 0.056425 0.215522 -0.977526
v 0.055213 0.218425 -0.974623
v 0.053724 0.220864 -0.971436
v 0.051988 0.222789 -0.968030
v 0.050040 0.224161 -0.964474
v 0.047920 0.224952 -0.960841
v 0.045671 0.225146 -0.957204
v 0.043338 0.224740 -0.953638
v 0.040970 0.223741 -0.950215
v 0.038614 0.222169 -0.947005
v 0.036319 0.220058 -0.944074
v 0.034131 0.217449 -0.941480
v 0.032095 0.214396 -0.939277
v 0.030251 0.210960 -0.937510
v 0.028639 0.207213 -0.936214
v 0.027290 0.203230 -0.935416
v 0.026231 0.199092 -0.935133
v 0.025486 0.194884 -0.935369
v 0.043534 0.184691 -0.924234
v 0.042887 0.180782 -0.925854
v 0.042617 0.177044 -0.927922
v 0.042731 0.173553 -0.930396
v 0.043227 0.170380 -0.933225
v 0.044093 0.167589 -0.936353
v 0.045314 0.165238 -0.939715
v 0.046863 0.163374 -0.943243
v 0.048709 0.162035 -0.946865
v 0.050815 0.161248 -0.950507
v 0.053138 0.161030 -0.954096
v 0.055631 0.161384 -0.957558
v 0.058242 0.162304 -0.960822
v 0.060919 0.163771 -0.963823
v 0.063606 0.165756 -0.966499
v 0.066251 0.168216 -0.968795
v 0.068798 0.171104 -0.970666
v 0.071195 0.174359 -0.972072
v 0.073395 0.177915 -0.972985
v 0.075351 0.181701 -0.973387
v 0.077025 0.185638 -0.973270
v 0.078383 0.189648 -0.972635
v 0.079395 0.193648 -0.971496
v 0.080043 0.197557 -0.969877
v 0.080313 0.201294 -0.967809
v 0.080199 0.204786 -0.965335
v 0.079703 0.207959 -0.962505
v 0.078836 0.210749 -0.959377
v 0.077616 0.213101 -0.956015
v 0.076067 0.214965 -0.952487
v 0.074220 0.216304 -0.948865
v 0.072114 0.217091 -0.945223
v 0.069792 0.217309 -0.941634
v 0.067299 0.216955 -0.938173
v 0.064688 0.216034 -0.934908
v 0.062011 0.214567 -0.931907
v 0.059323 0.212583 -0.929232
v 0.056679 0.210122 -0.926935
v 0.054132 0.207235 -0.925065
v 0.051735 0.203980 -0.923658
v 0.049535 0.200424 -0.922745
v 0.047578 0.196638 -0.922343
v 0.045904 0.192700 -0.922460
v 0.044547 0.188691 -0.923095
v 0.059950 0.175214 -0.912633
v 0.058814 0.171587 -0.914602
v 0.058101 0.168105 -0.916988
v 0.057824 0.164839 -0.919741
v 0.057991 0.161856 -0.922806
v 0.058597 0.159216 -0.926120
v 0.059629 0.156973 -0.929616
v 0.061068 0.155172 -0.933223
v 0.062883 0.153851 -0.936868
v 0.065038 0.153036 -0.940475
v 0.067489 0.152744 -0.943972
v 0.070186 0.152981 -0.947288
v 0.073074 0.153741 -0.950354
v 0.076094 0.155010 -0.953109
v 0.079185 0.156762 -0.955497
v 0.082283 0.158960 -0.957469
v 0.085326 0.161561 -0.958984
v 0.088253 0.164510 -0.960012
v 0.091002 0.167750 -0.960532
v 0.093519 0.171212 -0.960534
v 0.095751 0.174827 -0.960017
v 0.097655 0.178521 -0.958991
v 0.099190 0.182219 -0.957479
v 0.100326 0.185846 -0.955510
v 0.101039 0.189328 -0.953125
v 0.101315 0.192594 -0.950371
v 0.101149 0.195577 -0.947306
v 0.100543 0.198217 -0.943992
v 0.099510 0.200460 -0.940496
v 0.098071 0.202261 -0.936889
v 0.096256 0.203582 -0.933245
v 0.094101 0.204397 -0.929637
v 0.091650 0.204689 -0.926140
v 0.088953 0.204452 -0.922825
v 0.086066 0.203692 -0.919758
v 0.083046 0.202423 -0.917003
v 0.079955 0.200672 -0.914615
v 0.076856 0.198473 -0.912644
v 0.073813 0.195872 -0.911128
v 0.070887 0.192923 -0.910100
v 0.068137 0.189683 -0.909580
v 0.065621 0.186221 -0.909579
v 0.063388 0.182606 -0.910096
v 0.061485 0.178912 -0.911121
v 0.073709 0.162824 -0.901305
v 0.072184 0.159548 -0.903599
v 0.071124 0.156378 -0.906273
v 0.070553 0.153378 -0.909272
v 0.070482 0.150609 -0.912535
v 0.070912 0.148127 -0.915996
v 0.071835 0.145983 -0.919584
v 0.073231 0.144221 -0.923226
v 0.075073 0.142876 -0.926848
v 0.077322 0.141976 -0.930377
v 0.079934 0.141539 -0.933740
v 0.082854 0.141574 -0.936869
v 0.086024 0.142081 -0.939701
v 0.089378 0.143049 -0.942177
v 0.092849 0.144458 -0.944248
v 0.096367 0.146279 -0.945870
v 0.099858 0.148476 -0.947012
v 0.103253 0.151004 -0.947650
v 0.106482 0.153812 -0.947770
v 0.109479 0.156841 -0.947371
v 0.112184 0.160031 -0.946461
v 0.114541 0.163317 -0.945057
v 0.116502 0.166632 -0.943189
v 0.118028 0.169907 -0.940895
v 0.119087 0.173078 -0.938222
v 0.119658 0.176078 -0.935223
v 0.119729 0.178847 -0.931960
v 0.119299 0.181329 -0.928499
v 0.118376 0.183473 -0.924911
v 0.116980 0.185235 -0.921268
v 0.115139 0.186580 -0.917646
v 0.112889 0.187480 -0.914117
v 0.110278 0.187917 -0.910754
v 0.107357 0.187881 -0.907625
v 0.104188 0.187375 -0.904793
v 0.100833 0.186407 -0.902317
v 0.097362 0.184998 -0.900247
v 0.093845 0.183177 -0.898624
v 0.090353 0.180979 -0.897482
v 0.086959 0.178451 -0.896845
v 0.083730 0.175644 -0.896724
v 0.080733 0.172614 -0.897123
v 0.078028 0.169424 -0.898034
v 0.075671 0.166139 -0.899437
v 0.084352 0.148176 -0.890230
v 0.082544 0.145289 -0.892822
v 0.081242 0.142453 -0.895751
v 0.080472 0.139726 -0.898960
v 0.080250 0.137164 -0.902381
v 0.080581 0.134818 -0.905947
v 0.081458 0.132738 -0.909583
v 0.082863 0.130964 -0.913217
v 0.084767 0.129533 -0.916773
v 0.087131 0.128475 -0.920180
v 0.089909 0.127810 -0.923369
v 0.093042 0.127552 -0.926274
v 0.096467 0.127707 -0.928836
v 0.100115 0.128271 -0.931003
v 0.103911 0.129233 -0.932732
v 0.107777 0.130573 -0.933986
v 0.111636 0.132265 -0.934740
v 0.115409 0.134273 -0.934980
v 0.119018 0.136556 -0.934699
v 0.122391 0.139069 -0.933904
v 0.125459 0.141760 -0.932611
v 0.128158 0.144574 -0.930847
v 0.130436 0.147454 -0.928646
v 0.132243 0.150341 -0.926055
v 0.133546 0.153177 -0.923125
v 0.134315 0.155904 -0.919917
v 0.134537 0.158466 -0.916495
v 0.134206 0.160811 -0.912930
v 0.133329 0.162892 -0.909293
v 0.131925 0.164666 -0.905660
v 0.130021 0.166096 -0.902103
v 0.127656 0.167155 -0.898696
v 0.124879 0.167820 -0.895507
v 0.121746 0.168078 -0.892602
v 0.118320 0.167923 -0.890040
v 0.114673 0.167359 -0.887873
v 0.110877 0.166396 -0.886145
v 0.107010 0.165056 -0.884890
v 0.103151 0.163365 -0.884136
v 0.099378 0.161357 -0.883897
v 0.095769 0.159073 -0.884177
v 0.092396 0.156561 -0.884972
v 0.089329 0.153870 -0.886265
v 0.086629 0.151056 -0.888030
v 0.091564 0.131978 -0.879388
v 0.089581 0.129483 -0.882246
v 0.088134 0.126973 -0.885396
v 0.087252 0.124497 -0.888775
v 0.086954 0.122108 -0.892314
v 0.087244 0.119853 -0.895940
v 0.088118 0.117779 -0.899581
v 0.089558 0.115927 -0.903162
v 0.091533 0.114335 -0.906609
v 0.094005 0.113037 -0.909854
v 0.096922 0.112057 -0.912829
v 0.100226 0.111417 -0.915474
v 0.103848 0.111129 -0.917736
v 0.107716 0.111199 -0.919568
v 0.111750 0.111625 -0.920933
v 0.115869 0.112400 -0.921804
v 0.119988 0.113506 -0.922162
v 0.124024 0.114923 -0.922000
v 0.127895 0.116620 -0.921322
v 0.131521 0.118563 -0.920141
v 0.134829 0.120713 -0.918481
v 0.137752 0.123026 -0.916377
v 0.140230 0.125455 -0.913870
v 0.142213 0.127950 -0.911013
v 0.143660 0.130461 -0.907862
v 0.144541 0.132936 -0.904484
v 0.144840 0.135325 -0.900945
v 0.144549 0.137580 -0.897318
v 0.143675 0.139654 -0.893677
v 0.142236 0.141506 -0.890097
v 0.140260 0.143098 -0.886649
v 0.137789 0.144396 -0.883405
v 0.134872 0.145376 -0.880430
v 0.131568 0.146016 -0.877784
v 0.127946 0.146304 -0.875522
v 0.124078 0.146234 -0.873690
v 0.120044 0.145808 -0.872325
v 0.115925 0.145033 -0.871455
v 0.111806 0.143927 -0.871097
v 0.107769 0.142510 -0.871258
v 0.103899 0.140813 -0.871937
v 0.100273 0.138870 -0.873118
v 0.096964 0.136720 -0.874777
v 0.094041 0.134407 -0.876882
v 0.095180 0.114966 -0.868755
v 0.093119 0.112836 -0.871844
v 0.091611 0.110613 -0.875177
v 0.090686 0.108342 -0.878685
v 0.090363 0.106070 -0.882298
v 0.090648 0.103842 -0.885942
v 0.091535 0.101705 -0.889543
v 0.093006 0.099701 -0.893027
v 0.095033 0.097872 -0.896324
v 0.097572 0.096254 -0.899366
v 0.100573 0.094881 -0.902092
v 0.103974 0.093780 -0.904446
v 0.107707 0.092975 -0.906380
v 0.111695 0.092480 -0.907855
v 0.115856 0.092307 -0.908840
v 0.120107 0.092459 -0.909317
v 0.124361 0.092933 -0.909274
v 0.128531 0.093719 -0.908713
v 0.132533 0.094801 -0.907645
v 0.136284 0.096157 -0.906092
v 0.139708 0.097759 -0.904086
v 0.142737 0.099576 -0.901667
v 0.145307 0.101570 -0.898885
v 0.147367 0.103700 -0.895796
v 0.148875 0.105923 -0.892464
v 0.149801 0.108193 -0.888955
v 0.150124 0.110465 -0.885342
v 0.149839 0.112693 -0.881698
v 0.148952 0.114830 -0.878097
v 0.147480 0.116834 -0.874613
v 0.145454 0.118663 -0.871316
v 0.142915 0.120281 -0.868274
v 0.139914 0.121654 -0.865548
v 0.136512 0.122755 -0.863194
v 0.132780 0.123561 -0.861260
v 0.128792 0.124055 -0.859785
v 0.124630 0.124228 -0.858800
v 0.120379 0.124076 -0.858324
v 0.116126 0.123603 -0.858367
v 0.111956 0.122817 -0.858928
v 0.107954 0.121735 -0.859996
v 0.104203 0.120379 -0.861548
v 0.100778 0.118776 -0.863555
v 0.097750 0.116959 -0.865973
v 0.095180 0.097867 -0.858305
v 0.093119 0.096050 -0.861588
v 0.091611 0.094057 -0.865062
v 0.090686 0.091926 -0.868658
v 0.090363 0.089703 -0.872301
v 0.090648 0.087433 -0.875918
v 0.091535 0.085161 -0.879436
v 0.093006 0.082933 -0.882781
v 0.095033 0.080796 -0.885888
v 0.097572 0.078793 -0.888691
v 0.100573 0.076964 -0.891135
v 0.103974 0.075346 -0.893168
v 0.107707 0.073973 -0.894751
v 0.111695 0.072873 -0.895851
v 0.115856 0.072068 -0.896444
v 0.120107 0.071574 -0.896520
v 0.124361 0.071401 -0.896077
v 0.128531 0.071554 -0.895124
v 0.132533 0.072028 -0.893679
v 0.136284 0.072814 -0.891774
v 0.139708 0.073897 -0.889445
v 0.142737 0.075253 -0.886741
v 0.145307 0.076857 -0.883717
v 0.147367 0.078673 -0.880435
v 0.148875 0.080667 -0.876960
v 0.149801 0.082797 -0.873365
v 0.150124 0.085020 -0.869721
v 0.149839 0.087291 -0.866104
v 0.148952 0.089563 -0.862587
v 0.147480 0.091791 -0.859241
v 0.145454 0.093928 -0.856135
v 0.142915 0.095931 -0.853331
v 0.139914 0.097760 -0.850888
v 0.136512 0.099378 -0.848854
v 0.132780 0.100750 -0.847271
v 0.128792 0.101851 -0.846172
v 0.124630 0.102656 -0.845578
v 0.120379 0.103150 -0.845502
v 0.116126 0.103322 -0.845945
v 0.111956 0.103170 -0.846899
v 0.107954 0.102696 -0.848343
v 0.104203 0.101910 -0.850249
v 0.100778 0.100827 -0.852577
v 0.097750 0.099470 -0.855281
v 0.091676 0.081386 -0.848009
v 0.089668 0.079812 -0.851445
v 0.088193 0.077976 -0.855020
v 0.087283 0.075915 -0.858659
v 0.086955 0.073670 -0.862288
v 0.087216 0.071288 -0.865835
v 0.088061 0.068816 -0.869226
v 0.089472 0.066306 -0.872393
v 0.091422 0.063809 -0.875271
v 0.093870 0.061374 -0.877801
v 0.096766 0.059052 -0.879933
v 0.100051 0.056891 -0.881622
v 0.103660 0.054933 -0.882834
v 0.107517 0.053219 -0.883545
v 0.111545 0.051784 -0.883740
v 0.115661 0.050657 -0.883415
v 0.119783 0.049861 -0.882577
v 0.123825 0.049412 -0.881243
v 0.127706 0.049319 -0.879439
v 0.131346 0.049585 -0.877203
v 0.134672 0.050203 -0.874581
v 0.137616 0.051161 -0.871625
v 0.140117 0.052440 -0.868396
v 0.142126 0.054014 -0.864959
v 0.143600 0.055850 -0.861385
v 0.144511 0.057912 -0.857746
v 0.144839 0.060156 -0.854116
v 0.144578 0.062538 -0.850569
v 0.143733 0.065010 -0.847178
v 0.142321 0.067520 -0.844011
v 0.140372 0.070017 -0.841134
v 0.137924 0.072452 -0.838603
v 0.135028 0.074774 -0.836472
v 0.131742 0.076935 -0.834783
v 0.128134 0.078893 -0.833570
v 0.124277 0.080607 -0.832859
v 0.120249 0.082042 -0.832664
v 0.116132 0.083169 -0.832989
v 0.112011 0.083965 -0.833827
v 0.107969 0.084414 -0.835162
v 0.104088 0.084507 -0.836965
v 0.100448 0.084242 -0.839201
v 0.097122 0.083623 -0.841824
v 0.094178 0.082665 -0.844779
v 0.084904 0.066175 -0.837836
v 0.082970 0.064767 -0.841385
v 0.081532 0.063015 -0.845016
v 0.080621 0.060952 -0.848654
v 0.080255 0.058622 -0.852226
v 0.080442 0.056073 -0.855659
v 0.081177 0.053355 -0.858883
v 0.082446 0.050524 -0.861832
v 0.084222 0.047638 -0.864447
v 0.086471 0.044756 -0.866674
v 0.089145 0.041936 -0.868468
v 0.092191 0.039236 -0.869791
v 0.095546 0.036710 -0.870619
v 0.099143 0.034410 -0.870932
v 0.102907 0.032384 -0.870726
v 0.106763 0.030671 -0.870004
v 0.110632 0.029307 -0.868781
v 0.114434 0.028321 -0.867082
v 0.118094 0.027731 -0.864942
v 0.121535 0.027550 -0.862403
v 0.124689 0.027781 -0.859518
v 0.127491 0.028420 -0.856346
v 0.129883 0.029454 -0.852951
v 0.131818 0.030862 -0.849401
v 0.133255 0.032615 -0.845771
v 0.134166 0.034677 -0.842132
v 0.134532 0.037007 -0.838560
v 0.134346 0.039557 -0.835127
v 0.133611 0.042275 -0.831903
v 0.132342 0.045106 -0.828954
v 0.130565 0.047991 -0.826339
v 0.128317 0.050874 -0.824112
v 0.125642 0.053694 -0.822319
v 0.122597 0.056394 -0.820995
v 0.119241 0.058920 -0.820168
v 0.115645 0.061219 -0.819854
v 0.111880 0.063246 -0.820060
v 0.108024 0.064958 -0.820782
v 0.104156 0.066322 -0.822005
v 0.100353 0.067309 -0.823704
v 0.096694 0.067899 -0.825845
v 0.093252 0.068080 -0.828383
v 0.090098 0.067849 -0.831268
v 0.087297 0.067209 -0.834441
v 0.075204 0.052825 -0.827755
v 0.073336 0.051508 -0.831373
v 0.071910 0.049771 -0.835016
v 0.070957 0.047650 -0.838610
v 0.070495 0.045188 -0.842081
v 0.070534 0.042436 -0.845359
v 0.071073 0.039449 -0.848377
v 0.072102 0.036287 -0.851073
v 0.073599 0.033016 -0.853393
v 0.075534 0.029702 -0.855289
v 0.077867 0.026413 -0.856723
v 0.080551 0.023214 -0.857665
v 0.083531 0.020173 -0.858097
v 0.086747 0.017349 -0.858010
v 0.090133 0.014802 -0.857405
v 0.093621 0.012582 -0.856295
v 0.097138 0.010736 -0.854702
v 0.100615 0.009299 -0.852659
v 0.103979 0.008303 -0.850207
v 0.107162 0.007766 -0.847396
v 0.110100 0.007701 -0.844284
v 0.112733 0.008108 -0.840934
v 0.115007 0.008979 -0.837414
v 0.116876 0.010296 -0.833795
v 0.118301 0.012033 -0.830152
v 0.119255 0.014153 -0.826558
v 0.119717 0.016615 -0.823087
v 0.119677 0.019368 -0.819810
v 0.119138 0.022355 -0.816792
v 0.118109 0.025516 -0.814096
v 0.116613 0.028787 -0.811776
v 0.114678 0.032101 -0.809880
v 0.112345 0.035391 -0.808446
v 0.109661 0.038589 -0.807503
v 0.106680 0.041631 -0.807071
v 0.103464 0.044454 -0.807159
v 0.100078 0.047001 -0.807763
v 0.096591 0.049221 -0.808874
v 0.093073 0.051068 -0.810467
v 0.089597 0.052504 -0.812510
v 0.086233 0.053501 -0.814961
v 0.083049 0.054037 -0.817772
v 0.080111 0.054102 -0.820884
v 0.077478 0.053696 -0.824234
v 0.063011 0.041846 -0.817732
v 0.061173 0.040556 -0.821376
v 0.059709 0.038785 -0.824988
v 0.058650 0.036569 -0.828493
v 0.058016 0.033953 -0.831821
v 0.057822 0.030990 -0.834904
v 0.058070 0.027740 -0.837679
v 0.058755 0.024270 -0.840089
v 0.059865 0.020650 -0.842086
v 0.061375 0.016954 -0.843628
v 0.063256 0.013257 -0.844685
v 0.065469 0.009635 -0.845235
v 0.067969 0.006161 -0.845267
v 0.070706 0.002905 -0.844780
v 0.073622 -0.000065 -0.843783
v 0.076660 -0.002689 -0.842298
v 0.079757 -0.004915 -0.840355
v 0.082850 -0.006696 -0.837992
v 0.085877 -0.007996 -0.835259
v 0.088775 -0.008790 -0.832210
v 0.091485 -0.009060 -0.828909
v 0.093953 -0.008802 -0.825421
v 0.096128 -0.008020 -0.821818
v 0.097967 -0.006730 -0.818174
v 0.099430 -0.004959 -0.814563
v 0.100489 -0.002743 -0.811057
v 0.101123 -0.000127 -0.807729
v 0.101318 0.002836 -0.804647
v 0.101070 0.006086 -0.801872
v 0.100384 0.009556 -0.799462
v 0.099275 0.013176 -0.797465
v 0.097764 0.016872 -0.795922
v 0.095883 0.020569 -0.794865
v 0.093670 0.024191 -0.794315
v 0.091170 0.027665 -0.794284
v 0.088434 0.030921 -0.794771
v 0.085517 0.033891 -0.795767
v 0.082479 0.036515 -0.797252
v 0.079382 0.038741 -0.799196
v 0.076289 0.040522 -0.801558
v 0.073263 0.041823 -0.804292
v 0.070365 0.042616 -0.807340
v 0.067654 0.042886 -0.810642
v 0.065186 0.042628 -0.814129
v 0.048836 0.033662 -0.807734
v 0.046972 0.032357 -0.811360
v 0.045403 0.030525 -0.814896
v 0.044161 0.028204 -0.818270
v 0.043271 0.025440 -0.821415
v 0.042751 0.022289 -0.824265
v 0.042613 0.018816 -0.826764
v 0.042858 0.015092 -0.828859
v 0.043482 0.011191 -0.830508
v 0.044472 0.007195 -0.831679
v 0.045808 0.003184 -0.832346
v 0.047463 -0.000761 -0.832497
v 0.049403 -0.004559 -0.832127
v 0.051588 -0.008132 -0.831246
v 0.053974 -0.011408 -0.829871
v 0.056513 -0.014321 -0.828029
v 0.059153 -0.016811 -0.825758
v 0.061840 -0.018826 -0.823105
v 0.064519 -0.020327 -0.820123
v 0.067136 -0.021283 -0.816874
v 0.069637 -0.021674 -0.813422
v 0.071972 -0.021492 -0.809840
v 0.074094 -0.020741 -0.806198
v 0.075958 -0.019437 -0.802573
v 0.077527 -0.017605 -0.799037
v 0.078769 -0.015283 -0.795662
v 0.079659 -0.012519 -0.792518
v 0.080178 -0.009368 -0.789667
v 0.080317 -0.005896 -0.787169
v 0.080072 -0.002171 -0.785074
v 0.079448 0.001729 -0.783424
v 0.078458 0.005725 -0.782254
v 0.077122 0.009737 -0.781587
v 0.075467 0.013682 -0.781436
v 0.073527 0.017479 -0.781805
v 0.071342 0.021053 -0.782686
v 0.068955 0.024329 -0.784062
v 0.066417 0.027241 -0.785904
v 0.063777 0.029731 -0.788175
v 0.061090 0.031747 -0.790828
v 0.058411 0.033248 -0.793810
v 0.055794 0.034203 -0.797059
v 0.053292 0.034594 -0.800510
v 0.050957 0.034413 -0.804093
v 0.033255 0.028599 -0.797727
v 0.031295 0.027263 -0.801290
v 0.029544 0.025373 -0.804708
v 0.028038 0.022965 -0.807911
v 0.026808 0.020091 -0.810834
v 0.025879 0.016807 -0.813417
v 0.025270 0.013181 -0.815609
v 0.024992 0.009287 -0.817363
v 0.025052 0.005203 -0.818646
v 0.025449 0.001014 -0.819430
v 0.026174 -0.003196 -0.819699
v 0.027213 -0.007341 -0.819448
v 0.028545 -0.011336 -0.818683
v 0.030141 -0.015101 -0.817418
v 0.031971 -0.018558 -0.815680
v 0.033996 -0.021637 -0.813504
v 0.036176 -0.024276 -0.810933
v 0.038466 -0.026421 -0.808022
v 0.040819 -0.028028 -0.804828
v 0.043188 -0.029064 -0.801417
v 0.045524 -0.029509 -0.797858
v 0.047780 -0.029353 -0.794223
v 0.049910 -0.028599 -0.790588
v 0.051870 -0.027263 -0.787025
v 0.053621 -0.025373 -0.783607
v 0.055126 -0.022965 -0.780404
v 0.056356 -0.020091 -0.777481
v 0.057285 -0.016807 -0.774897
v 0.057895 -0.013181 -0.772706
v 0.058173 -0.009287 -0.770951
v 0.058112 -0.005203 -0.769669
v 0.057716 -0.001014 -0.768885
v 0.056990 0.003196 -0.768616
v 0.055952 0.007341 -0.768866
v 0.054620 0.011336 -0.769632
v 0.053023 0.015101 -0.770896
v 0.051194 0.018558 -0.772635
v 0.049168 0.021637 -0.774811
v 0.046989 0.024276 -0.777381
v 0.044699 0.026421 -0.780293
v 0.042346 0.028028 -0.783487
v 0.039977 0.029064 -0.786898
v 0.037641 0.029509 -0.790457
v 0.035385 0.029353 -0.794091
v 0.016893 0.026879 -0.787676
v 0.014763 0.025526 -0.791134
v 0.012755 0.023608 -0.794392
v 0.010912 0.021165 -0.797384
v 0.009269 0.018247 -0.800050
v 0.007861 0.014913 -0.802336
v 0.006717 0.011231 -0.804194
v 0.005858 0.007276 -0.805587
v 0.005304 0.003128 -0.806486
v 0.005065 -0.001128 -0.806874
v 0.005146 -0.005406 -0.806743
v 0.005546 -0.009618 -0.806094
v 0.006256 -0.013679 -0.804941
v 0.007262 -0.017505 -0.803309
v 0.008543 -0.021020 -0.801229
v 0.010074 -0.024152 -0.798744
v 0.011823 -0.026836 -0.795906
v 0.013754 -0.029018 -0.792771
v 0.015829 -0.030654 -0.789403
v 0.018004 -0.031711 -0.785872
v 0.020237 -0.032167 -0.782248
v 0.022481 -0.032012 -0.778606
v 0.024690 -0.031250 -0.775020
v 0.026820 -0.029896 -0.771563
v 0.028827 -0.027979 -0.768305
v 0.030671 -0.025536 -0.765312
v 0.032313 -0.022618 -0.762646
v 0.033721 -0.019284 -0.760361
v 0.034866 -0.015601 -0.758503
v 0.035724 -0.011646 -0.757110
v 0.036278 -0.007498 -0.756210
v 0.036517 -0.003242 -0.755822
v 0.036436 0.001035 -0.755954
v 0.036036 0.005247 -0.756603
v 0.035326 0.009308 -0.757755
v 0.034320 0.013135 -0.759388
v 0.033039 0.016650 -0.761468
v 0.031508 0.019781 -0.763952
v 0.029760 0.022465 -0.766791
v 0.027828 0.024648 -0.769926
v 0.025754 0.026284 -0.773293
v 0.023578 0.027341 -0.776825
v 0.021346 0.027796 -0.780448
v 0.019102 0.027641 -0.784090
v 0.000407 0.028612 -0.777549
v -0.001960 0.027283 -0.780859
v -0.004287 0.025399 -0.783918
v -0.006527 0.022998 -0.786663
v -0.008634 0.020129 -0.789040
v -0.010565 0.016850 -0.791000
v -0.012281 0.013228 -0.792502
v -0.013747 0.009336 -0.793516
v -0.014933 0.005255 -0.794022
v -0.015816 0.001066 -0.794010
v -0.016376 -0.003144 -0.793478
v -0.016603 -0.007290 -0.792439
v -0.016492 -0.011288 -0.790914
v -0.016045 -0.015056 -0.788933
v -0.015271 -0.018517 -0.786537
v -0.014187 -0.021602 -0.783774
v -0.012814 -0.024246 -0.780701
v -0.011180 -0.026398 -0.777381
v -0.009318 -0.028011 -0.773881
v -0.007267 -0.029055 -0.770272
v -0.005068 -0.029507 -0.766628
v -0.002766 -0.029358 -0.763022
v -0.000407 -0.028612 -0.759529
v 0.001960 -0.027283 -0.756220
v 0.004287 -0.025399 -0.753161
v 0.006527 -0.022998 -0.750415
v 0.008634 -0.020129 -0.748038
v 0.010565 -0.016850 -0.746079
v 0.012281 -0.013228 -0.744577
v 0.013747 -0.009336 -0.743562
v 0.014933 -0.005255 -0.743056
v 0.015816 -0.001066 -0.743069
v 0.016376 0.003144 -0.743600
v 0.016603 0.007290 -0.744639
v 0.016492 0.011288 -0.746165
v 0.016045 0.015056 -0.748146
v 0.015271 0.018517 -0.750542
v 0.014187 0.021602 -0.753305
v 0.012814 0.024246 -0.756377
v 0.011180 0.026398 -0.759697
v 0.009318 0.028011 -0.763198
v 0.007267 0.029055 -0.766807
v 0.005068 0.029507 -0.770451
v 0.002766 0.029358 -0.774056
v -0.015526 0.033789 -0.767313
v -0.018181 0.032554 -0.770435
v -0.020871 0.030788 -0.773257
v -0.023541 0.028526 -0.775723
v -0.026136 0.025816 -0.777782
v -0.028604 0.022711 -0.779391
v -0.030894 0.019275 -0.780520
v -0.032961 0.015579 -0.781143
v -0.034761 0.011697 -0.781249
v -0.036258 0.007708 -0.780836
v -0.037421 0.003694 -0.779912
v -0.038228 -0.000263 -0.778495
v -0.038661 -0.004084 -0.776615
v -0.038712 -0.007691 -0.774310
v -0.038380 -0.011009 -0.771626
v -0.037671 -0.013971 -0.768619
v -0.036600 -0.016518 -0.765350
v -0.035189 -0.018597 -0.761884
v -0.033466 -0.020165 -0.758294
v -0.031466 -0.021192 -0.754651
v -0.029231 -0.021656 -0.751030
v -0.026806 -0.021547 -0.747505
v -0.024239 -0.020869 -0.744148
v -0.021584 -0.019634 -0.741026
v -0.018894 -0.017867 -0.738203
v -0.016224 -0.015606 -0.735738
v -0.013629 -0.012895 -0.733679
v -0.011161 -0.009790 -0.732069
v -0.008871 -0.006355 -0.730941
v -0.006804 -0.002659 -0.730317
v -0.005004 0.001223 -0.730211
v -0.003507 0.005212 -0.730625
v -0.002344 0.009226 -0.731549
v -0.001537 0.013184 -0.732966
v -0.001104 0.017005 -0.734846
v -0.001053 0.020611 -0.737151
v -0.001385 0.023929 -0.739834
v -0.002094 0.026892 -0.742841
v -0.003165 0.029438 -0.746111
v -0.004576 0.031517 -0.749576
v -0.006299 0.033086 -0.753167
v -0.008299 0.034113 -0.756809
v -0.010534 0.034576 -0.760430
v -0.012959 0.034468 -0.763955
v -0.030231 0.042279 -0.756936
v -0.033201 0.041226 -0.759832
v -0.036269 0.039678 -0.762384
v -0.039372 0.037667 -0.764540
v -0.042447 0.035233 -0.766256
v -0.045431 0.032426 -0.767497
v -0.048263 0.029303 -0.768237
v -0.050887 0.025929 -0.768462
v -0.053247 0.022370 -0.768167
v -0.055297 0.018701 -0.767358
v -0.056995 0.014995 -0.766052
v -0.058306 0.011328 -0.764275
v -0.059203 0.007775 -0.762063
v -0.059668 0.004408 -0.759461
v -0.059692 0.001296 -0.756523
v -0.059274 -0.001499 -0.753308
v -0.058423 -0.003919 -0.749882
v -0.057155 -0.005914 -0.746313
v -0.055498 -0.007445 -0.742676
v -0.053484 -0.008480 -0.739044
v -0.051154 -0.008999 -0.735490
v -0.048557 -0.008989 -0.732088
v -0.045744 -0.008453 -0.728907
v -0.042774 -0.007400 -0.726010
v -0.039706 -0.005852 -0.723458
v -0.036603 -0.003840 -0.721303
v -0.033528 -0.001407 -0.719587
v -0.030544 0.001400 -0.718346
v -0.027711 0.004523 -0.717606
v -0.025088 0.007897 -0.717381
v -0.022727 0.011456 -0.717676
v -0.020677 0.015125 -0.718484
v -0.018980 0.018831 -0.719791
v -0.017669 0.022498 -0.721568
v -0.016772 0.026051 -0.723780
v -0.016307 0.029418 -0.726381
v -0.016283 0.032530 -0.729319
v -0.016701 0.035325 -0.732535
v -0.017552 0.037745 -0.735961
v -0.018819 0.039740 -0.739529
v -0.020477 0.041271 -0.743167
v -0.022491 0.042306 -0.746799
v -0.024820 0.042825 -0.750352
v -0.027418 0.042815 -0.753755
v -0.043052 0.053824 -0.746389
v -0.046336 0.053052 -0.749025
v -0.049765 0.051830 -0.751276
v -0.053272 0.050182 -0.753095
v -0.056783 0.048141 -0.754447
v -0.060228 0.045749 -0.755304
v -0.063536 0.043055 -0.755647
v -0.066641 0.040114 -0.755471
v -0.069478 0.036985 -0.754779
v -0.071991 0.033732 -0.753584
v -0.074128 0.030422 -0.751912
v -0.075845 0.027121 -0.749796
v -0.077108 0.023897 -0.747279
v -0.077891 0.020816 -0.744413
v -0.078178 0.017940 -0.741255
v -0.077963 0.015329 -0.737871
v -0.077250 0.013034 -0.734329
v -0.076054 0.011103 -0.730701
v -0.074400 0.009574 -0.727061
v -0.072321 0.008481 -0.723483
v -0.069859 0.007843 -0.720040
v -0.067064 0.007675 -0.716802
v -0.063994 0.007980 -0.713835
v -0.060711 0.008751 -0.711200
v -0.057281 0.009973 -0.708949
v -0.053775 0.011622 -0.707129
v -0.050264 0.013663 -0.705777
v -0.046819 0.016054 -0.704921
v -0.043511 0.018748 -0.704577
v -0.040406 0.021690 -0.704753
v -0.037568 0.024819 -0.705446
v -0.035056 0.028071 -0.706640
v -0.032919 0.031382 -0.708313
v -0.031201 0.034682 -0.710429
v -0.029939 0.037906 -0.712946
v -0.029156 0.040987 -0.715812
v -0.028869 0.043863 -0.718969
v -0.029084 0.046475 -0.722354
v -0.029797 0.048770 -0.725896
v -0.030992 0.050701 -0.729524
v -0.032647 0.052229 -0.733164
v -0.034726 0.053323 -0.736742
v -0.037188 0.053960 -0.740185
v -0.039982 0.054128 -0.743423
v -0.053381 0.068040 -0.735646
v -0.056942 0.067651 -0.737988
v -0.060684 0.066858 -0.739910
v -0.064530 0.065677 -0.741372
v -0.068402 0.064133 -0.742344
v -0.072221 0.062256 -0.742806
v -0.075910 0.060086 -0.742748
v -0.079393 0.057666 -0.742173
v -0.082600 0.055045 -0.741092
v -0.085465 0.052277 -0.739526
v -0.087930 0.049418 -0.737508
v -0.089944 0.046527 -0.735078
v -0.091468 0.043661 -0.732287
v -0.092469 0.040881 -0.729191
v -0.092927 0.038241 -0.725852
v -0.092834 0.035797 -0.722340
v -0.092190 0.033597 -0.718725
v -0.091009 0.031686 -0.715081
v -0.089316 0.030104 -0.711483
v -0.087143 0.028882 -0.708003
v -0.084537 0.028046 -0.704712
v -0.081550 0.027612 -0.701677
v -0.078242 0.027590 -0.698961
v -0.074681 0.027979 -0.696618
v -0.070939 0.028772 -0.694696
v -0.067093 0.029953 -0.693235
v -0.063221 0.031497 -0.692263
v -0.059402 0.033373 -0.691801
v -0.055713 0.035544 -0.691858
v -0.052230 0.037964 -0.692434
v -0.049023 0.040585 -0.693515
v -0.046158 0.043353 -0.695081
v -0.043693 0.046212 -0.697099
v -0.041679 0.049103 -0.699528
v -0.040155 0.051968 -0.702320
v -0.039154 0.054749 -0.705416
v -0.038696 0.057388 -0.708754
v -0.038789 0.059833 -0.712267
v -0.039433 0.062033 -0.715882
v -0.040614 0.063943 -0.719525
v -0.042307 0.065526 -0.723124
v -0.044479 0.066747 -0.726604
v -0.047086 0.067583 -0.729895
v -0.050073 0.068017 -0.732929
v -0.060674 0.084421 -0.724679
v -0.064446 0.084505 -0.726701
v -0.068419 0.084231 -0.728271
v -0.072511 0.083604 -0.729357
v -0.076641 0.082638 -0.729937
v -0.080723 0.081352 -0.729998
v -0.084674 0.079772 -0.729541
v -0.088415 0.077930 -0.728574
v -0.091869 0.075863 -0.727116
v -0.094965 0.073615 -0.725198
v -0.097641 0.071230 -0.722859
v -0.099842 0.068757 -0.720145
v -0.101523 0.066247 -0.717113
v -0.102651 0.063750 -0.713825
v -0.103201 0.061318 -0.710346
v -0.103164 0.058999 -0.706748
v -0.102539 0.056842 -0.703104
v -0.101340 0.054889 -0.699489
v -0.099591 0.053182 -0.695975
v -0.097327 0.051754 -0.692635
v -0.094594 0.050634 -0.689536
v -0.091449 0.049846 -0.686742
v -0.087955 0.049406 -0.684309
v -0.084183 0.049321 -0.682287
v -0.080210 0.049595 -0.680718
v -0.076118 0.050222 -0.679632
v -0.071988 0.051188 -0.679052
v -0.067906 0.052474 -0.678990
v -0.063955 0.054054 -0.679448
v -0.060214 0.055897 -0.680415
v -0.056760 0.057963 -0.681873
v -0.053664 0.060211 -0.683791
v -0.050988 0.062596 -0.686130
v -0.048787 0.065069 -0.688843
v -0.047106 0.067579 -0.691875
v -0.045978 0.070076 -0.695164
v -0.045428 0.072509 -0.698643
v -0.045465 0.074827 -0.702241
v -0.046090 0.076984 -0.705885
v -0.047289 0.078937 -0.709500
v -0.049038 0.080644 -0.713014
v -0.051302 0.082072 -0.716354
v -0.054035 0.083192 -0.719452
v -0.057180 0.083980 -0.722247
v -0.064484 0.102346 -0.713468
v -0.068372 0.102976 -0.715145
v -0.072469 0.103288 -0.716344
v -0.076693 0.103276 -0.717040
v -0.080956 0.102939 -0.717221
v -0.085172 0.102286 -0.716882
v -0.089257 0.101329 -0.716030
v -0.093125 0.100088 -0.714682
v -0.096699 0.098587 -0.712866
v -0.099905 0.096858 -0.710619
v -0.102680 0.094936 -0.707987
v -0.104965 0.092859 -0.705023
v -0.106715 0.090671 -0.701787
v -0.107893 0.088415 -0.698345
v -0.108477 0.086138 -0.694768
v -0.108454 0.083886 -0.691129
v -0.107824 0.081704 -0.687500
v -0.106600 0.079638 -0.683957
v -0.104808 0.077729 -0.680571
v -0.102484 0.076016 -0.677411
v -0.099674 0.074534 -0.674542
v -0.096437 0.073313 -0.672022
v -0.092838 0.072378 -0.669902
v -0.088950 0.071748 -0.668226
v -0.084853 0.071436 -0.667027
v -0.080629 0.071448 -0.666330
v -0.076366 0.071784 -0.666150
v -0.072150 0.072438 -0.666489
v -0.068066 0.073395 -0.667341
v -0.064197 0.074636 -0.668689
v -0.060623 0.076137 -0.670504
v -0.057417 0.077866 -0.672751
v -0.054642 0.079788 -0.675384
v -0.052357 0.081865 -0.678348
v -0.050607 0.084053 -0.681584
v -0.049429 0.086309 -0.685025
v -0.048845 0.088586 -0.688602
v -0.048868 0.090838 -0.692242
v -0.049498 0.093020 -0.695871
v -0.050722 0.095086 -0.699414
v -0.052514 0.096995 -0.702800
v -0.054839 0.098708 -0.705959
v -0.057648 0.100190 -0.708829
v -0.060885 0.101411 -0.711349
v -0.064484 0.121098 -0.701994
v -0.068372 0.122319 -0.703304
v -0.072469 0.123253 -0.704117
v -0.076693 0.123882 -0.704417
v -0.080956 0.124194 -0.704196
v -0.085172 0.124181 -0.703460
v -0.089257 0.123844 -0.702224
v -0.093125 0.123191 -0.700512
v -0.096699 0.122233 -0.698360
v -0.099905 0.120991 -0.695811
v -0.102680 0.119490 -0.692918
v -0.104965 0.117761 -0.689738
v -0.106715 0.115838 -0.686338
v -0.107893 0.113762 -0.682785
v -0.108477 0.111573 -0.679154
v -0.108454 0.109317 -0.675516
v -0.107824 0.107040 -0.671947
v -0.106600 0.104788 -0.668519
v -0.104808 0.102606 -0.665301
v -0.102484 0.100540 -0.662360
v -0.099674 0.098631 -0.659756
v -0.096437 0.096919 -0.657540
v -0.092838 0.095437 -0.655759
v -0.088950 0.094217 -0.654449
v -0.084853 0.093282 -0.653636
v -0.080629 0.092653 -0.653336
v -0.076366 0.092342 -0.653557
v -0.072150 0.092354 -0.654293
v -0.068066 0.092691 -0.655529
v -0.064197 0.093345 -0.657241
v -0.060623 0.094302 -0.659393
v -0.057417 0.095544 -0.661942
v -0.054642 0.097045 -0.664835
v -0.052357 0.098774 -0.668015
v -0.050607 0.100697 -0.671415
v -0.049429 0.102774 -0.674967
v -0.048845 0.104962 -0.678599
v -0.048868 0.107218 -0.682237
v -0.049498 0.109495 -0.685806
v -0.050722 0.111747 -0.689234
v -0.052514 0.113929 -0.692451
v -0.054839 0.115995 -0.695392
v -0.057648 0.117904 -0.697997
v -0.060885 0.119616 -0.700212
v -0.060492 0.139883 -0.690238
v -0.064251 0.141706 -0.691167
v -0.068216 0.143265 -0.691585
v -0.072304 0.144527 -0.691483
v -0.076434 0.145468 -0.690864
v -0.080520 0.146068 -0.689740
v -0.084480 0.146314 -0.688135
v -0.088233 0.146203 -0.686080
v -0.091703 0.145735 -0.683617
v -0.094819 0.144921 -0.680798
v -0.097517 0.143777 -0.677678
v -0.099743 0.142326 -0.674322
v -0.101452 0.140599 -0.670798
v -0.102608 0.138629 -0.667178
v -0.103188 0.136458 -0.663535
v -0.103180 0.134129 -0.659944
v -0.102584 0.131690 -0.656477
v -0.101414 0.129190 -0.653206
v -0.099691 0.126681 -0.650196
v -0.097452 0.124213 -0.647510
v -0.094742 0.121837 -0.645201
v -0.091616 0.119601 -0.643317
v -0.088137 0.117550 -0.641896
v -0.084378 0.115727 -0.640967
v -0.080413 0.114168 -0.640550
v -0.076325 0.112906 -0.640651
v -0.072195 0.111965 -0.641270
v -0.068109 0.111365 -0.642394
v -0.064149 0.111119 -0.644000
v -0.060396 0.111230 -0.646055
v -0.056926 0.111698 -0.648517
v -0.053810 0.112512 -0.651337
v -0.051112 0.113656 -0.654457
v -0.048886 0.115107 -0.657812
v -0.047177 0.116834 -0.661336
v -0.046021 0.118804 -0.664957
v -0.045441 0.120975 -0.668599
v -0.045449 0.123304 -0.672191
v -0.046045 0.125743 -0.675657
v -0.047215 0.128243 -0.678929
v -0.048938 0.130752 -0.681938
v -0.051177 0.133220 -0.684625
v -0.053887 0.135596 -0.686934
v -0.057013 0.137832 -0.688818
v -0.052488 0.157859 -0.678190
v -0.055990 0.160262 -0.678726
v -0.059691 0.162411 -0.678744
v -0.063517 0.164263 -0.678242
v -0.067390 0.165781 -0.677232
v -0.071231 0.166932 -0.675734
v -0.074961 0.167695 -0.673778
v -0.078505 0.168053 -0.671405
v -0.081791 0.167999 -0.668662
v -0.084751 0.167533 -0.665606
v -0.087326 0.166667 -0.662298
v -0.089463 0.165417 -0.658806
v -0.091118 0.163808 -0.655202
v -0.092258 0.161874 -0.651557
v -0.092860 0.159654 -0.647948
v -0.092911 0.157192 -0.644446
v -0.092411 0.154540 -0.641124
v -0.091369 0.151751 -0.638049
v -0.089807 0.148881 -0.635284
v -0.087756 0.145990 -0.632884
v -0.085258 0.143137 -0.630899
v -0.082365 0.140378 -0.629370
v -0.079135 0.137771 -0.628326
v -0.075633 0.135368 -0.627791
v -0.071932 0.133218 -0.627773
v -0.068105 0.131366 -0.628275
v -0.064233 0.129849 -0.629285
v -0.060392 0.128697 -0.630783
v -0.056662 0.127935 -0.632739
v -0.053118 0.127577 -0.635112
v -0.049832 0.127631 -0.637855
v -0.046871 0.128096 -0.640911
v -0.044297 0.128963 -0.644219
v -0.042160 0.130213 -0.647711
v -0.040505 0.131821 -0.651315
v -0.039364 0.133756 -0.654959
v -0.038763 0.135976 -0.658569
v -0.038711 0.138437 -0.662071
v -0.039212 0.141090 -0.665393
v -0.040254 0.143879 -0.668468
v -0.041816 0.146748 -0.671233
v -0.043867 0.149639 -0.673633
v -0.046364 0.152493 -0.675618
v -0.049258 0.155252 -0.677147
v -0.040635 0.174173 -0.665840
v -0.043758 0.177097 -0.665976
v -0.047079 0.179770 -0.665593
v -0.050532 0.182137 -0.664698
v -0.054045 0.184149 -0.663309
v -0.057548 0.185765 -0.661455
v -0.060969 0.186954 -0.659173
v -0.064238 0.187690 -0.656510
v -0.067289 0.187958 -0.653520
v -0.070060 0.187754 -0.650264
v -0.072494 0.187081 -0.646808
v -0.074542 0.185953 -0.643223
v -0.076163 0.184393 -0.639581
v -0.077322 0.182432 -0.635957
v -0.077997 0.180111 -0.632425
v -0.078174 0.177477 -0.629055
v -0.077848 0.174584 -0.625918
v -0.077028 0.171489 -0.623077
v -0.075729 0.168257 -0.620589
v -0.073978 0.164954 -0.618505
v -0.071811 0.161645 -0.616868
v -0.069271 0.158400 -0.615712
v -0.066411 0.155283 -0.615059
v -0.063289 0.152358 -0.614922
v -0.059967 0.149686 -0.615306
v -0.056515 0.147319 -0.616201
v -0.053002 0.145307 -0.617590
v -0.049499 0.143690 -0.619444
v -0.046078 0.142502 -0.621726
v -0.042809 0.141766 -0.624389
v -0.039757 0.141497 -0.627379
v -0.036987 0.141702 -0.630635
v -0.034552 0.142375 -0.634091
v -0.032504 0.143503 -0.637676
v -0.030884 0.145063 -0.641318
v -0.029725 0.147024 -0.644942
v -0.029050 0.149344 -0.648474
v -0.028873 0.151979 -0.651843
v -0.029198 0.154872 -0.654981
v -0.030019 0.157966 -0.657822
v -0.031317 0.161198 -0.660310
v -0.033068 0.164502 -0.662394
v -0.035236 0.167810 -0.664030
v -0.037775 0.171056 -0.665187
v -0.025281 0.187998 -0.653182
v -0.027922 0.191356 -0.652917
v -0.030768 0.194457 -0.652138
v -0.033761 0.197237 -0.650860
v -0.036840 0.199640 -0.649109
v -0.039943 0.201617 -0.646921
v -0.043006 0.203128 -0.644341
v -0.045966 0.204142 -0.641420
v -0.048764 0.204638 -0.638220
v -0.051343 0.204607 -0.634803
v -0.053650 0.204049 -0.631241
v -0.055638 0.202975 -0.627606
v -0.057267 0.201407 -0.623971
v -0.058503 0.199377 -0.620412
v -0.059322 0.196927 -0.616999
v -0.059706 0.194106 -0.613803
v -0.059648 0.190971 -0.610888
v -0.059149 0.187587 -0.608315
v -0.058220 0.184023 -0.606135
v -0.056878 0.180351 -0.604392
v -0.055152 0.176645 -0.603124
v -0.053077 0.172981 -0.602354
v -0.050694 0.169435 -0.602099
v -0.048053 0.166077 -0.602363
v -0.045207 0.162976 -0.603143
v -0.042214 0.160196 -0.604421
v -0.039134 0.157793 -0.606172
v -0.036032 0.155816 -0.608360
v -0.032969 0.154305 -0.610940
v -0.030008 0.153291 -0.613860
v -0.027210 0.152795 -0.617061
v -0.024632 0.152826 -0.620477
v -0.022325 0.153384 -0.624039
v -0.020337 0.154458 -0.627675
v -0.018708 0.156026 -0.631309
v -0.017472 0.158056 -0.634869
v -0.016653 0.160506 -0.638282
v -0.016269 0.163328 -0.641478
v -0.016327 0.166462 -0.644393
v -0.016825 0.169846 -0.646966
v -0.017755 0.173410 -0.649146
v -0.019097 0.177082 -0.650888
v -0.020823 0.180788 -0.652157
v -0.022898 0.184452 -0.652927
v -0.006954 0.198579 -0.640215
v -0.009039 0.202258 -0.639552
v -0.011345 0.205671 -0.638386
v -0.013824 0.208747 -0.636740
v -0.016427 0.211425 -0.634649
v -0.019100 0.213650 -0.632154
v -0.021789 0.215377 -0.629306
v -0.024440 0.216570 -0.626164
v -0.026997 0.217206 -0.622791
v -0.029410 0.217270 -0.619256
v -0.031629 0.216763 -0.615631
v -0.033608 0.215693 -0.611990
v -0.035308 0.214084 -0.608406
v -0.036695 0.211968 -0.604953
v -0.037739 0.209387 -0.601702
v -0.038419 0.206395 -0.598718
v -0.038722 0.203053 -0.596061
v -0.038642 0.199427 -0.593787
v -0.038179 0.195593 -0.591941
v -0.037345 0.191628 -0.590561
v -0.036154 0.187613 -0.589676
v -0.034633 0.183630 -0.589302
v -0.032811 0.179759 -0.589448
v -0.030726 0.176080 -0.590111
v -0.028420 0.172668 -0.591277
v -0.025941 0.169591 -0.592923
v -0.023338 0.166913 -0.595014
v -0.020665 0.164688 -0.597509
v -0.017976 0.162962 -0.600357
v -0.015325 0.161768 -0.603499
v -0.012768 0.161133 -0.606872
v -0.010355 0.161069 -0.610407
v -0.008136 0.161576 -0.614032
v -0.006157 0.162645 -0.617673
v -0.004457 0.164254 -0.621257
v -0.003070 0.166371 -0.624709
v -0.002026 0.168951 -0.627961
v -0.001346 0.171943 -0.630945
v -0.001043 0.175286 -0.633602
v -0.001123 0.178911 -0.635876
v -0.001586 0.182745 -0.637722
v -0.002420 0.186710 -0.639101
v -0.003611 0.190725 -0.639987
v -0.005132 0.194709 -0.640361
v 0.013644 0.205272 -0.626939
v 0.012158 0.209145 -0.625887
v 0.010424 0.212744 -0.624348
v 0.008478 0.215994 -0.622355
v 0.006359 0.218829 -0.619948
v 0.004111 0.221192 -0.617177
v 0.001779 0.223035 -0.614096
v -0.000589 0.224320 -0.610770
v -0.002945 0.225021 -0.607266
v -0.005241 0.225123 -0.603655
v -0.007430 0.224625 -0.600011
v -0.009468 0.223537 -0.596408
v -0.011314 0.221881 -0.592919
v -0.012929 0.219690 -0.589615
v -0.014281 0.217009 -0.586564
v -0.015342 0.213894 -0.583828
v -0.016091 0.210406 -0.581462
v -0.016512 0.206618 -0.579514
v -0.016597 0.202606 -0.578025
v -0.016345 0.198452 -0.577025
v -0.015759 0.194240 -0.576533
v -0.014853 0.190057 -0.576560
v -0.013644 0.185987 -0.577105
v -0.012158 0.182114 -0.578158
v -0.010424 0.178515 -0.579697
v -0.008478 0.175265 -0.581690
v -0.006359 0.172430 -0.584097
v -0.004111 0.170067 -0.586868
v -0.001779 0.168224 -0.589949
v 0.000589 0.166939 -0.593275
v 0.002945 0.166238 -0.596779
v 0.005241 0.166136 -0.600390
v 0.007430 0.166634 -0.604034
v 0.009468 0.167722 -0.607637
v 0.011314 0.169378 -0.611126
v 0.012929 0.171569 -0.614430
v 0.014281 0.174250 -0.617481
v 0.015342 0.177365 -0.620217
v 0.016091 0.180853 -0.622583
v 0.016512 0.184641 -0.624530
v 0.016597 0.188653 -0.626020
v 0.016345 0.192807 -0.627020
v 0.015759 0.197019 -0.627512
v 0.014853 0.201202 -0.627485
v 0.035669 0.207587 -0.613362
v 0.034788 0.211524 -0.611932
v 0.033622 0.215182 -0.610040
v 0.032195 0.218487 -0.607724
v 0.030536 0.221370 -0.605031
v 0.028678 0.223774 -0.602015
v 0.026660 0.225650 -0.598740
v 0.024523 0.226959 -0.595270
v 0.022309 0.227675 -0.591677
v 0.020065 0.227783 -0.588034
v 0.017835 0.227281 -0.584415
v 0.015665 0.226179 -0.580894
v 0.013600 0.224499 -0.577541
v 0.011682 0.222277 -0.574427
v 0.009948 0.219556 -0.571614
v 0.008436 0.216393 -0.569158
v 0.007175 0.212851 -0.567112
v 0.006191 0.209004 -0.565515
v 0.005504 0.204929 -0.564400
v 0.005129 0.200709 -0.563791
v 0.005072 0.196430 -0.563699
v 0.005336 0.192179 -0.564126
v 0.005914 0.188043 -0.565065
v 0.006794 0.184106 -0.566494
v 0.007960 0.180448 -0.568387
v 0.009387 0.177143 -0.570703
v 0.011047 0.174259 -0.573396
v 0.012904 0.171855 -0.576411
v 0.014922 0.169980 -0.579687
v 0.017060 0.168670 -0.583157
v 0.019273 0.167955 -0.586750
v 0.021518 0.167847 -0.590393
v 0.023747 0.168349 -0.594012
v 0.025917 0.169451 -0.597533
v 0.027982 0.171130 -0.600885
v 0.029901 0.173353 -0.604000
v 0.031634 0.176074 -0.606813
v 0.033147 0.179237 -0.609268
v 0.034408 0.182778 -0.611315
v 0.035392 0.186626 -0.612912
v 0.036078 0.190701 -0.614027
v 0.036454 0.194921 -0.614636
v 0.036510 0.199200 -0.614728
v 0.036247 0.203451 -0.614300
v 0.058163 0.205223 -0.599492
v 0.057860 0.209099 -0.597703
v 0.057225 0.212701 -0.595479
v 0.056272 0.215956 -0.592868
v 0.055020 0.218797 -0.589921
v 0.053495 0.221166 -0.586699
v 0.051726 0.223016 -0.583268
v 0.049752 0.224307 -0.579697
v 0.047611 0.225016 -0.576059
v 0.045347 0.225126 -0.572428
v 0.043007 0.224635 -0.568877
v 0.040637 0.223554 -0.565480
v 0.038287 0.221905 -0.562306
v 0.036004 0.219720 -0.559418
v 0.033835 0.217045 -0.556877
v 0.031823 0.213935 -0.554732
v 0.030010 0.210451 -0.553029
v 0.028433 0.206666 -0.551802
v 0.027123 0.202656 -0.551076
v 0.026107 0.198504 -0.550865
v 0.025407 0.194292 -0.551174
v 0.025036 0.190108 -0.551997
v 0.025002 0.186036 -0.553317
v 0.025305 0.182160 -0.555106
v 0.025939 0.178558 -0.557329
v 0.026892 0.175303 -0.559941
v 0.028145 0.172462 -0.562888
v 0.029670 0.170093 -0.566110
v 0.031438 0.168244 -0.569541
v 0.033413 0.166952 -0.573112
v 0.035554 0.166244 -0.576750
v 0.037818 0.166134 -0.580381
v 0.040158 0.166624 -0.583932
v 0.042527 0.167705 -0.587328
v 0.044877 0.169355 -0.590503
v 0.047160 0.171539 -0.593391
v 0.049330 0.174214 -0.595932
v 0.051341 0.177324 -0.598077
v 0.053155 0.180808 -0.599780
v 0.054732 0.184593 -0.601007
v 0.056042 0.188603 -0.601733
v 0.057057 0.192755 -0.601944
v 0.057758 0.196967 -0.601635
v 0.058129 0.201151 -0.600812
v 0.080104 0.198094 -0.585343
v 0.080320 0.201801 -0.583215
v 0.080152 0.205252 -0.580688
v 0.079604 0.208375 -0.577813
v 0.078686 0.211107 -0.574648
v 0.077418 0.213393 -0.571258
v 0.075825 0.215185 -0.567713
v 0.073939 0.216448 -0.564084
v 0.071800 0.217156 -0.560444
v 0.069451 0.217294 -0.556869
v 0.066938 0.216859 -0.553431
v 0.064315 0.215861 -0.550200
v 0.061633 0.214319 -0.547241
v 0.058948 0.212265 -0.544615
v 0.056314 0.209741 -0.542376
v 0.053785 0.206799 -0.540569
v 0.051413 0.203497 -0.539230
v 0.049245 0.199904 -0.538388
v 0.047325 0.196092 -0.538058
v 0.045694 0.192140 -0.538249
v 0.044384 0.188126 -0.538955
v 0.043421 0.184135 -0.540163
v 0.042826 0.180245 -0.541848
v 0.042610 0.176537 -0.543976
v 0.042778 0.173087 -0.546503
v 0.043326 0.169964 -0.549378
v 0.044244 0.167231 -0.552543
v 0.045512 0.164946 -0.555932
v 0.047105 0.163153 -0.559478
v 0.048990 0.161890 -0.563107
v 0.051129 0.161183 -0.566747
v 0.053479 0.161045 -0.570322
v 0.055991 0.161480 -0.573760
v 0.058615 0.162478 -0.576991
v 0.061297 0.164020 -0.579950
v 0.063982 0.166073 -0.582576
v 0.066615 0.168597 -0.584815
v 0.069144 0.171540 -0.586622
v 0.071517 0.174841 -0.587961
v 0.073685 0.178435 -0.588803
v 0.075604 0.182246 -0.589133
v 0.077236 0.186199 -0.588942
v 0.078546 0.190212 -0.588236
v 0.079509 0.194204 -0.587028
v 0.100452 0.186346 -0.570929
v 0.101104 0.189801 -0.568489
v 0.101318 0.193031 -0.565689
v 0.101090 0.195970 -0.562585
v 0.100423 0.198557 -0.559241
v 0.099332 0.200741 -0.555725
v 0.097838 0.202476 -0.552108
v 0.095973 0.203727 -0.548464
v 0.093774 0.204470 -0.544868
v 0.091285 0.204688 -0.541392
v 0.088558 0.204377 -0.538108
v 0.085648 0.203544 -0.535081
v 0.082614 0.202205 -0.532375
v 0.079519 0.200389 -0.530043
v 0.076424 0.198131 -0.528133
v 0.073394 0.195478 -0.526684
v 0.070489 0.192484 -0.525727
v 0.067769 0.189209 -0.525279
v 0.065289 0.185721 -0.525350
v 0.063100 0.182090 -0.525940
v 0.061246 0.178391 -0.527035
v 0.059765 0.174698 -0.528614
v 0.058688 0.171087 -0.530644
v 0.058035 0.167632 -0.533084
v 0.057821 0.164402 -0.535884
v 0.058050 0.161463 -0.538988
v 0.058716 0.158876 -0.542332
v 0.059808 0.156692 -0.545848
v 0.061301 0.154957 -0.549465
v 0.063166 0.153706 -0.553109
v 0.065366 0.152963 -0.556705
v 0.067854 0.152745 -0.560181
v 0.070581 0.153056 -0.563465
v 0.073491 0.153889 -0.566492
v 0.076525 0.155228 -0.569198
v 0.079621 0.157044 -0.571530
v 0.082715 0.159302 -0.573440
v 0.085746 0.161955 -0.574889
v 0.088651 0.164949 -0.575846
v 0.091371 0.168224 -0.576294
v 0.093851 0.171712 -0.576223
v 0.096040 0.175343 -0.575633
v 0.097893 0.179042 -0.574538
v 0.099374 0.182735 -0.572959
v 0.118205 0.170360 -0.556272
v 0.119197 0.173511 -0.553549
v 0.119698 0.176482 -0.550509
v 0.119699 0.179214 -0.547214
v 0.119199 0.181652 -0.543731
v 0.118208 0.183744 -0.540131
v 0.116748 0.185450 -0.536487
v 0.114846 0.186734 -0.532874
v 0.112543 0.187569 -0.529364
v 0.109885 0.187940 -0.526029
v 0.106926 0.187839 -0.522938
v 0.103726 0.187266 -0.520153
v 0.100351 0.186235 -0.517731
v 0.096869 0.184766 -0.515721
v 0.093351 0.182890 -0.514164
v 0.089869 0.180643 -0.513092
v 0.086494 0.178073 -0.512527
v 0.083293 0.175231 -0.512479
v 0.080334 0.172175 -0.512951
v 0.077675 0.168967 -0.513932
v 0.075370 0.165673 -0.515403
v 0.073468 0.162360 -0.517333
v 0.072006 0.159095 -0.519683
v 0.071014 0.155945 -0.522406
v 0.070513 0.152974 -0.525446
v 0.070512 0.150241 -0.528741
v 0.071012 0.147804 -0.532224
v 0.072003 0.145711 -0.535824
v 0.073464 0.144006 -0.539468
v 0.075365 0.142722 -0.543082
v 0.077668 0.141886 -0.546591
v 0.080326 0.141515 -0.549926
v 0.083285 0.141617 -0.553017
v 0.086485 0.142189 -0.555802
v 0.089860 0.143220 -0.558224
v 0.093342 0.144689 -0.560234
v 0.096860 0.146566 -0.561791
v 0.100342 0.148813 -0.562863
v 0.103718 0.151383 -0.563428
v 0.106918 0.154225 -0.563476
v 0.109878 0.157281 -0.563004
v 0.112537 0.160489 -0.562023
v 0.114841 0.163783 -0.560552
v 0.116743 0.167096 -0.558622
v 0.132458 0.150744 -0.541393
v 0.133686 0.153568 -0.538420
v 0.134380 0.156275 -0.535178
v 0.134524 0.158809 -0.531732
v 0.134116 0.161120 -0.528152
v 0.133163 0.163160 -0.524511
v 0.131687 0.164888 -0.520884
v 0.129715 0.166268 -0.517344
v 0.127290 0.167273 -0.513964
v 0.124459 0.167881 -0.510811
v 0.121281 0.168081 -0.507951
v 0.117820 0.167868 -0.505441
v 0.114147 0.167247 -0.503333
v 0.110336 0.166231 -0.501670
v 0.106466 0.164839 -0.500484
v 0.102614 0.163101 -0.499802
v 0.098860 0.161052 -0.499635
v 0.095279 0.158733 -0.499989
v 0.091945 0.156192 -0.500855
v 0.088926 0.153481 -0.502216
v 0.086282 0.150654 -0.504044
v 0.084069 0.147769 -0.506302
v 0.082330 0.144886 -0.508944
v 0.081101 0.142062 -0.511917
v 0.080408 0.139355 -0.515159
v 0.080264 0.136820 -0.518606
v 0.080672 0.134509 -0.522185
v 0.081624 0.132469 -0.525826
v 0.083101 0.130741 -0.529453
v 0.085072 0.129361 -0.532993
v 0.087498 0.128357 -0.536373
v 0.090329 0.127749 -0.539526
v 0.093507 0.127549 -0.542386
v 0.096968 0.127762 -0.544896
v 0.100641 0.128383 -0.547004
v 0.104451 0.129399 -0.548667
v 0.108322 0.130790 -0.549853
v 0.112173 0.132528 -0.550536
v 0.115928 0.134578 -0.550702
v 0.119508 0.136896 -0.550348
v 0.122842 0.139437 -0.549482
v 0.125861 0.142149 -0.548122
v 0.128505 0.144975 -0.546293
v 0.130719 0.147860 -0.544035
v 0.142449 0.128303 -0.526317
v 0.143818 0.130811 -0.523130
v 0.144619 0.133278 -0.519725
v 0.144835 0.135651 -0.516169
v 0.144462 0.137883 -0.512536
v 0.143507 0.139929 -0.508900
v 0.141990 0.141746 -0.505333
v 0.139942 0.143298 -0.501910
v 0.137405 0.144554 -0.498700
v 0.134430 0.145486 -0.495767
v 0.131077 0.146078 -0.493172
v 0.127416 0.146316 -0.490968
v 0.123519 0.146196 -0.489200
v 0.119468 0.145720 -0.487903
v 0.115344 0.144897 -0.487103
v 0.111232 0.143746 -0.486818
v 0.107214 0.142288 -0.487053
v 0.103373 0.140555 -0.487803
v 0.099787 0.138580 -0.489053
v 0.096529 0.136404 -0.490777
v 0.093665 0.134072 -0.492941
v 0.091254 0.131631 -0.495500
v 0.089345 0.129130 -0.498402
v 0.087976 0.126622 -0.501589
v 0.087175 0.124155 -0.504994
v 0.086959 0.121782 -0.508550
v 0.087332 0.119550 -0.512183
v 0.088287 0.117504 -0.515819
v 0.089804 0.115687 -0.519386
v 0.091851 0.114135 -0.522809
v 0.094389 0.112879 -0.526019
v 0.097364 0.111947 -0.528952
v 0.100717 0.111355 -0.531547
v 0.104378 0.111117 -0.533751
v 0.108274 0.111237 -0.535519
v 0.112325 0.111713 -0.536816
v 0.116449 0.112535 -0.537616
v 0.120562 0.113687 -0.537901
v 0.124580 0.115145 -0.537666
v 0.128421 0.116878 -0.536916
v 0.132007 0.118853 -0.535666
v 0.135265 0.121029 -0.533942
v 0.138128 0.123361 -0.531778
v 0.140540 0.125802 -0.529219
v 0.147613 0.104007 -0.511072
v 0.149041 0.106240 -0.507710
v 0.149883 0.108513 -0.504183
v 0.150121 0.110782 -0.500561
v 0.149751 0.112999 -0.496919
v 0.148780 0.115121 -0.493330
v 0.147228 0.117102 -0.489867
v 0.145127 0.118904 -0.486602
v 0.142520 0.120489 -0.483601
v 0.139459 0.121826 -0.480924
v 0.136007 0.122886 -0.478626
v 0.132233 0.123649 -0.476755
v 0.128216 0.124099 -0.475347
v 0.124037 0.124226 -0.474432
v 0.119780 0.124029 -0.474029
v 0.115533 0.123511 -0.474145
v 0.111381 0.122682 -0.474778
v 0.107410 0.121560 -0.475915
v 0.103701 0.120168 -0.477534
v 0.100328 0.118533 -0.479601
v 0.097360 0.116689 -0.482074
v 0.094858 0.114674 -0.484902
v 0.092874 0.112528 -0.488029
v 0.091446 0.110296 -0.491391
v 0.090604 0.108022 -0.494918
v 0.090366 0.105753 -0.498540
v 0.090736 0.103536 -0.502183
v 0.091707 0.101415 -0.505771
v 0.093258 0.099433 -0.509234
v 0.095359 0.097631 -0.512499
v 0.097967 0.096046 -0.515500
v 0.101028 0.094709 -0.518177
v 0.104480 0.093649 -0.520475
v 0.108253 0.092886 -0.522346
v 0.112270 0.092436 -0.523754
v 0.116450 0.092309 -0.524669
v 0.120707 0.092506 -0.525072
v 0.124954 0.093025 -0.524956
v 0.129105 0.093853 -0.524323
v 0.133076 0.094975 -0.523186
v 0.136786 0.096368 -0.521567
v 0.140159 0.098003 -0.519500
v 0.143127 0.099846 -0.517027
v 0.145628 0.101862 -0.514199
v 0.147613 0.078944 -0.495687
v 0.149041 0.080959 -0.492191
v 0.149883 0.083105 -0.488585
v 0.150121 0.085337 -0.484940
v 0.149751 0.087611 -0.481333
v 0.148780 0.089880 -0.477835
v 0.147228 0.092097 -0.474519
v 0.145127 0.094218 -0.471452
v 0.142520 0.096200 -0.468696
v 0.139459 0.098001 -0.466307
v 0.136007 0.099586 -0.464334
v 0.132233 0.100922 -0.462817
v 0.128216 0.101982 -0.461788
v 0.124037 0.102744 -0.461266
v 0.119780 0.103194 -0.461263
v 0.115533 0.103321 -0.461779
v 0.111381 0.103123 -0.462803
v 0.107410 0.102604 -0.464314
v 0.103701 0.101775 -0.466282
v 0.100328 0.100652 -0.468666
v 0.097360 0.099259 -0.471418
v 0.094858 0.097624 -0.474482
v 0.092874 0.095780 -0.477796
v 0.091446 0.093765 -0.481292
v 0.090604 0.091619 -0.484898
v 0.090366 0.089386 -0.488543
v 0.090736 0.087113 -0.492150
v 0.091707 0.084844 -0.495648
v 0.093258 0.082627 -0.498964
v 0.095359 0.080506 -0.502031
v 0.097967 0.078524 -0.504788
v 0.101028 0.076723 -0.507176
v 0.104480 0.075138 -0.509149
v 0.108253 0.073802 -0.510666
v 0.112270 0.072742 -0.511695
v 0.116450 0.071979 -0.512217
v 0.120707 0.071530 -0.512220
v 0.124954 0.071403 -0.511704
v 0.129105 0.071601 -0.510680
v 0.133076 0.072120 -0.509169
v 0.136786 0.072949 -0.507201
v 0.140159 0.074071 -0.504817
v 0.143127 0.075464 -0.502065
v 0.145628 0.077100 -0.499001
v 0.142366 0.054257 -0.480194
v 0.143763 0.056127 -0.476606
v 0.144592 0.058217 -0.472964
v 0.144838 0.060484 -0.469342
v 0.144494 0.062881 -0.465813
v 0.143568 0.065361 -0.462449
v 0.142079 0.067872 -0.459319
v 0.140057 0.070364 -0.456486
v 0.137543 0.072786 -0.454009
v 0.134588 0.075088 -0.451937
v 0.131253 0.077224 -0.450313
v 0.127606 0.079149 -0.449170
v 0.123719 0.080826 -0.448531
v 0.119674 0.082219 -0.448409
v 0.115552 0.083301 -0.448807
v 0.111437 0.084049 -0.449716
v 0.107412 0.084449 -0.451118
v 0.103560 0.084491 -0.452984
v 0.099960 0.084176 -0.455277
v 0.096684 0.083509 -0.457950
v 0.093799 0.082504 -0.460948
v 0.091364 0.081182 -0.464211
v 0.089428 0.079569 -0.467671
v 0.088031 0.077699 -0.471259
v 0.087201 0.075609 -0.474901
v 0.086956 0.073343 -0.478524
v 0.087299 0.070945 -0.482053
v 0.088225 0.068465 -0.485416
v 0.089714 0.065954 -0.488546
v 0.091737 0.063462 -0.491379
v 0.094251 0.061040 -0.493856
v 0.097205 0.058738 -0.495928
v 0.100540 0.056603 -0.497552
v 0.104188 0.054677 -0.498695
v 0.108074 0.053000 -0.499334
v 0.112120 0.051607 -0.499456
v 0.116242 0.050525 -0.499058
v 0.120357 0.049777 -0.498149
v 0.124381 0.049377 -0.496747
v 0.128233 0.049335 -0.494881
v 0.131834 0.049650 -0.492588
v 0.135110 0.050317 -0.489915
v 0.137995 0.051322 -0.486917
v 0.140430 0.052644 -0.483654
v 0.132051 0.031088 -0.464625
v 0.133416 0.032887 -0.460989
v 0.134251 0.034989 -0.457355
v 0.134540 0.037353 -0.453798
v 0.134276 0.039930 -0.450391
v 0.133464 0.042667 -0.447201
v 0.132122 0.045509 -0.444296
v 0.130277 0.048398 -0.441732
v 0.127966 0.051275 -0.439564
v 0.125236 0.054081 -0.437834
v 0.122143 0.056760 -0.436579
v 0.118749 0.059257 -0.435823
v 0.115124 0.061521 -0.435582
v 0.111342 0.063506 -0.435861
v 0.107480 0.065172 -0.436655
v 0.103616 0.066484 -0.437946
v 0.099829 0.067416 -0.439710
v 0.096195 0.067949 -0.441909
v 0.092790 0.068072 -0.444499
v 0.089682 0.067783 -0.447428
v 0.086935 0.067088 -0.450636
v 0.084604 0.066000 -0.454057
v 0.082737 0.064541 -0.457622
v 0.081372 0.062743 -0.461258
v 0.080537 0.060640 -0.464892
v 0.080248 0.058276 -0.468449
v 0.080512 0.055700 -0.471856
v 0.081323 0.052963 -0.475046
v 0.082665 0.050121 -0.477952
v 0.084511 0.047232 -0.480515
v 0.086822 0.044355 -0.482683
v 0.089552 0.041548 -0.484413
v 0.092645 0.038869 -0.485668
v 0.096038 0.036372 -0.486424
v 0.099663 0.034108 -0.486665
v 0.103445 0.032123 -0.486386
v 0.107307 0.030458 -0.485593
v 0.111172 0.029146 -0.484301
v 0.114959 0.028213 -0.482538
v 0.118592 0.027680 -0.480338
v 0.121997 0.027557 -0.477748
v 0.125105 0.027846 -0.474819
v 0.127853 0.028542 -0.471611
v 0.130184 0.029630 -0.468190
v 0.117103 0.010515 -0.449014
v 0.118464 0.012308 -0.445373
v 0.119350 0.014480 -0.441792
v 0.119741 0.016985 -0.438344
v 0.119632 0.019774 -0.435099
v 0.119023 0.022790 -0.432123
v 0.117927 0.025971 -0.429476
v 0.116366 0.029252 -0.427213
v 0.114373 0.032566 -0.425380
v 0.111988 0.035847 -0.424014
v 0.109259 0.039027 -0.423142
v 0.106241 0.042042 -0.422782
v 0.102997 0.044830 -0.422943
v 0.099593 0.047334 -0.423620
v 0.096097 0.049504 -0.424799
v 0.092581 0.051295 -0.426458
v 0.089116 0.052671 -0.428561
v 0.085773 0.053604 -0.431066
v 0.082620 0.054075 -0.433923
v 0.079722 0.054074 -0.437072
v 0.077136 0.053601 -0.440451
v 0.074917 0.052666 -0.443989
v 0.073108 0.051288 -0.447615
v 0.071747 0.049495 -0.451256
v 0.070862 0.047324 -0.454837
v 0.070470 0.044818 -0.458285
v 0.070580 0.042029 -0.461530
v 0.071189 0.039014 -0.464506
v 0.072284 0.035833 -0.467153
v 0.073845 0.032552 -0.469416
v 0.075838 0.029237 -0.471249
v 0.078224 0.025956 -0.472616
v 0.080953 0.022776 -0.473487
v 0.083970 0.019762 -0.473847
v 0.087214 0.016974 -0.473686
v 0.090619 0.014469 -0.473010
v 0.094115 0.012299 -0.471830
v 0.097631 0.010508 -0.470172
v 0.101095 0.009132 -0.468068
v 0.104438 0.008199 -0.465563
v 0.107591 0.007729 -0.462707
v 0.110490 0.007730 -0.459557
v 0.113075 0.008202 -0.456179
v 0.115295 0.009137 -0.452640
v 0.098195 -0.006510 -0.433394
v 0.099604 -0.004674 -0.429793
v 0.100605 -0.002399 -0.426308
v 0.101177 0.000270 -0.423011
v 0.101310 0.003277 -0.419967
v 0.101000 0.006562 -0.417241
v 0.100253 0.010057 -0.414886
v 0.099086 0.013692 -0.412950
v 0.097521 0.017393 -0.411474
v 0.095591 0.021084 -0.410487
v 0.093335 0.024690 -0.410010
v 0.090799 0.028137 -0.410051
v 0.088034 0.031356 -0.410611
v 0.085096 0.034282 -0.411677
v 0.082047 0.036853 -0.413229
v 0.078946 0.039019 -0.415234
v 0.075859 0.040734 -0.417651
v 0.072847 0.041965 -0.420432
v 0.069972 0.042686 -0.423520
v 0.067292 0.042882 -0.426852
v 0.064862 0.042549 -0.430360
v 0.062732 0.041695 -0.433973
v 0.060944 0.040336 -0.437617
v 0.059536 0.038500 -0.441218
v 0.058535 0.036225 -0.444703
v 0.057962 0.033556 -0.448001
v 0.057830 0.030549 -0.451044
v 0.058140 0.027264 -0.453771
v 0.058886 0.023769 -0.456126
v 0.060053 0.020134 -0.458061
v 0.061618 0.016433 -0.459537
v 0.063548 0.012742 -0.460524
v 0.065804 0.009136 -0.461001
v 0.068341 0.005689 -0.460960
v 0.071106 0.002470 -0.460400
v 0.074043 -0.000455 -0.459334
v 0.077093 -0.003027 -0.457782
v 0.080193 -0.005193 -0.455777
v 0.083281 -0.006908 -0.453360
v 0.086293 -0.008139 -0.450579
v 0.089168 -0.008860 -0.447491
v 0.091848 -0.009056 -0.444159
v 0.094277 -0.008723 -0.440651
v 0.096408 -0.007869 -0.437038
v 0.076197 -0.019211 -0.417800
v 0.077722 -0.017308 -0.414282
v 0.078916 -0.014921 -0.410935
v 0.079755 -0.012099 -0.407828
v 0.080221 -0.008899 -0.405024
v 0.080306 -0.005386 -0.402580
v 0.080007 -0.001632 -0.400545
v 0.079330 0.002286 -0.398961
v 0.078290 0.006290 -0.397860
v 0.076908 0.010297 -0.397264
v 0.075211 0.014226 -0.397187
v 0.073234 0.017996 -0.397629
v 0.071018 0.021532 -0.398581
v 0.068607 0.024761 -0.400024
v 0.066051 0.027618 -0.401928
v 0.063401 0.030044 -0.404256
v 0.060712 0.031989 -0.406958
v 0.058038 0.033415 -0.409981
v 0.055435 0.034293 -0.413263
v 0.052953 0.034603 -0.416737
v 0.050645 0.034341 -0.420333
v 0.048558 0.033512 -0.423976
v 0.046733 0.032131 -0.427594
v 0.045208 0.030228 -0.431111
v 0.044014 0.027841 -0.434458
v 0.043175 0.025019 -0.437565
v 0.042709 0.021819 -0.440369
v 0.042624 0.018306 -0.442814
v 0.042923 0.014553 -0.444849
v 0.043599 0.010634 -0.446433
v 0.044639 0.006631 -0.447534
v 0.046022 0.002624 -0.448129
v 0.047719 -0.001305 -0.448206
v 0.049696 -0.005076 -0.447765
v 0.051912 -0.008612 -0.446813
v 0.054323 -0.011841 -0.445370
v 0.056879 -0.014697 -0.443465
v 0.059529 -0.017123 -0.441138
v 0.062218 -0.019069 -0.438435
v 0.064891 -0.020495 -0.435412
v 0.067495 -0.021372 -0.432130
v 0.069976 -0.021683 -0.428656
v 0.072284 -0.021421 -0.425060
v 0.074372 -0.020591 -0.421417
v 0.052129 -0.027031 -0.402265
v 0.053848 -0.025065 -0.398873
v 0.055316 -0.022589 -0.395705
v 0.056505 -0.019653 -0.392827
v 0.057391 -0.016317 -0.390295
v 0.057954 -0.012648 -0.388162
v 0.058184 -0.008723 -0.386472
v 0.058077 -0.004619 -0.385258
v 0.057633 -0.000422 -0.384546
v 0.056863 0.003784 -0.384350
v 0.055782 0.007913 -0.384673
v 0.054411 0.011880 -0.385510
v 0.052780 0.015606 -0.386843
v 0.050920 0.019015 -0.388645
v 0.048871 0.022036 -0.390880
v 0.046673 0.024608 -0.393501
v 0.044371 0.026680 -0.396456
v 0.042013 0.028208 -0.399685
v 0.039646 0.029163 -0.403121
v 0.037318 0.029523 -0.406695
v 0.035077 0.029283 -0.410334
v 0.032969 0.028446 -0.413964
v 0.031036 0.027031 -0.417511
v 0.029317 0.025065 -0.420902
v 0.027848 0.022589 -0.424070
v 0.026659 0.019653 -0.426949
v 0.025774 0.016317 -0.429480
v 0.025210 0.012648 -0.431613
v 0.024980 0.008723 -0.433303
v 0.025088 0.004619 -0.434517
v 0.025531 0.000422 -0.435229
v 0.026302 -0.003784 -0.435426
v 0.027383 -0.007913 -0.435102
v 0.028753 -0.011880 -0.434265
v 0.030385 -0.015606 -0.432932
v 0.032245 -0.019015 -0.431130
v 0.034294 -0.022036 -0.428896
v 0.036492 -0.024608 -0.426274
v 0.038794 -0.026680 -0.423319
v 0.041152 -0.028208 -0.420091
v 0.043519 -0.029163 -0.416654
v 0.045847 -0.029523 -0.413080
v 0.048088 -0.029283 -0.409441
v 0.050196 -0.028446 -0.405812
v 0.027110 -0.029660 -0.386822
v 0.029097 -0.027666 -0.383597
v 0.030914 -0.025153 -0.380647
v 0.032526 -0.022173 -0.378032
v 0.033898 -0.018786 -0.375804
v 0.035004 -0.015061 -0.374009
v 0.035820 -0.011073 -0.372683
v 0.036331 -0.006905 -0.371855
v 0.036525 -0.002641 -0.371540
v 0.036399 0.001633 -0.371744
v 0.035955 0.005829 -0.372465
v 0.035203 0.009861 -0.373687
v 0.034157 0.013649 -0.375384
v 0.032839 0.017114 -0.377524
v 0.031275 0.020186 -0.380061
v 0.029499 0.022803 -0.382945
v 0.027545 0.024911 -0.386117
v 0.025453 0.026468 -0.389511
v 0.023267 0.027441 -0.393060
v 0.021030 0.027811 -0.396691
v 0.018788 0.027571 -0.400329
v 0.016588 0.026725 -0.403902
v 0.014472 0.025290 -0.407335
v 0.012486 0.023296 -0.410560
v 0.010668 0.020783 -0.413510
v 0.009057 0.017803 -0.416126
v 0.007684 0.014415 -0.418354
v 0.006578 0.010690 -0.420149
v 0.005762 0.006703 -0.421474
v 0.005251 0.002535 -0.422302
v 0.005057 -0.001730 -0.422618
v 0.005183 -0.006003 -0.422413
v 0.005627 -0.010199 -0.421692
v 0.006380 -0.014232 -0.420471
v 0.007426 -0.018019 -0.418773
v 0.008744 -0.021485 -0.416634
v 0.010307 -0.024557 -0.414096
v 0.012084 -0.027174 -0.411212
v 0.014038 -0.029282 -0.408041
v 0.016129 -0.030838 -0.404646
v 0.018316 -0.031812 -0.401097
v 0.020552 -0.032182 -0.397466
v 0.022794 -0.031941 -0.393828
v 0.024995 -0.031095 -0.390256
v 0.002290 -0.027052 -0.371504
v 0.004608 -0.025092 -0.368485
v 0.006832 -0.022622 -0.365788
v 0.008917 -0.019692 -0.363467
v 0.010820 -0.016360 -0.361570
v 0.012503 -0.012696 -0.360135
v 0.013931 -0.008773 -0.359191
v 0.015076 -0.004671 -0.358757
v 0.015914 -0.000474 -0.358843
v 0.016428 0.003732 -0.359446
v 0.016608 0.007862 -0.360555
v 0.016449 0.011833 -0.362147
v 0.015956 0.015562 -0.364189
v 0.015137 0.018975 -0.366639
v 0.014011 0.022001 -0.369449
v 0.012599 0.024579 -0.372560
v 0.010931 0.026657 -0.375910
v 0.009041 0.028193 -0.379430
v 0.006966 0.029154 -0.383048
v 0.004750 0.029522 -0.386692
v 0.002437 0.029289 -0.390286
v 0.000074 0.028460 -0.393757
v -0.002290 0.027052 -0.397035
v -0.004608 0.025092 -0.400054
v -0.006832 0.022622 -0.402751
v -0.008917 0.019692 -0.405072
v -0.010820 0.016360 -0.406969
v -0.012503 0.012696 -0.408405
v -0.013931 0.008773 -0.409349
v -0.015076 0.004671 -0.409782
v -0.015914 0.000474 -0.409696
v -0.016428 -0.003732 -0.409093
v -0.016608 -0.007862 -0.407984
v -0.016449 -0.011833 -0.406393
v -0.015956 -0.015562 -0.404351
v -0.015137 -0.018975 -0.401900
v -0.014011 -0.022001 -0.399090
v -0.012599 -0.024579 -0.395979
v -0.010931 -0.026657 -0.392629
v -0.009041 -0.028193 -0.389109
v -0.006966 -0.029154 -0.385491
v -0.004750 -0.029522 -0.381848
v -0.002437 -0.029289 -0.378254
v -0.000074 -0.028460 -0.374782
v -0.021207 -0.019417 -0.356340
v -0.018517 -0.017579 -0.353565
v -0.015854 -0.015251 -0.351153
v -0.013274 -0.012482 -0.349155
v -0.010828 -0.009326 -0.347611
v -0.008566 -0.005850 -0.346553
v -0.006535 -0.002123 -0.346002
v -0.004775 0.001779 -0.345968
v -0.003323 0.005776 -0.346454
v -0.002208 0.009787 -0.347449
v -0.001453 0.013731 -0.348933
v -0.001073 0.017526 -0.350875
v -0.001076 0.021096 -0.353237
v -0.001462 0.024368 -0.355969
v -0.002223 0.027276 -0.359017
v -0.003343 0.029759 -0.362318
v -0.004800 0.031769 -0.365805
v -0.006564 0.033263 -0.369407
v -0.008599 0.034212 -0.373051
v -0.010864 0.034596 -0.376663
v -0.013313 0.034407 -0.380169
v -0.015895 0.033649 -0.383497
v -0.018558 0.032337 -0.386581
v -0.021248 0.030499 -0.389357
v -0.023911 0.028172 -0.391768
v -0.026491 0.025402 -0.393766
v -0.028937 0.022247 -0.395310
v -0.031199 0.018770 -0.396368
v -0.033230 0.015043 -0.396920
v -0.034990 0.011141 -0.396953
v -0.036442 0.007144 -0.396467
v -0.037557 0.003133 -0.395472
v -0.038312 -0.000810 -0.393988
v -0.038692 -0.004605 -0.392046
v -0.038689 -0.008176 -0.389685
v -0.038303 -0.011448 -0.386952
v -0.037542 -0.014355 -0.383905
v -0.036422 -0.016839 -0.380604
v -0.034965 -0.018849 -0.377117
v -0.033201 -0.020343 -0.373514
v -0.031166 -0.021292 -0.369870
v -0.028901 -0.021675 -0.366258
v -0.026452 -0.021486 -0.362752
v -0.023870 -0.020728 -0.359424
v -0.042347 -0.007212 -0.341360
v -0.039270 -0.005596 -0.338861
v -0.036168 -0.003523 -0.336764
v -0.033102 -0.001034 -0.335113
v -0.030136 0.001821 -0.333942
v -0.027329 0.004983 -0.333273
v -0.024739 0.008388 -0.333121
v -0.022420 0.011966 -0.333489
v -0.020417 0.015645 -0.334369
v -0.018771 0.019350 -0.335743
v -0.017517 0.023005 -0.337583
v -0.016680 0.026536 -0.339853
v -0.016276 0.029872 -0.342505
v -0.016315 0.032943 -0.345486
v -0.016794 0.035689 -0.348735
v -0.017705 0.038052 -0.352186
v -0.019029 0.039984 -0.355768
v -0.020739 0.041447 -0.359409
v -0.022800 0.042411 -0.363035
v -0.025170 0.042855 -0.366571
v -0.027801 0.042772 -0.369947
v -0.030640 0.042162 -0.373092
v -0.033628 0.041038 -0.375943
v -0.036704 0.039423 -0.378442
v -0.039807 0.037349 -0.380539
v -0.042873 0.034860 -0.382190
v -0.045839 0.032005 -0.383361
v -0.048646 0.028843 -0.384030
v -0.051235 0.025438 -0.384182
v -0.053555 0.021860 -0.383815
v -0.055558 0.018181 -0.382935
v -0.057203 0.014476 -0.381560
v -0.058457 0.010821 -0.379720
v -0.059295 0.007290 -0.377450
v -0.059698 0.003954 -0.374798
v -0.059660 0.000883 -0.371817
v -0.059180 -0.001862 -0.368568
v -0.058269 -0.004225 -0.365118
v -0.056945 -0.006158 -0.361535
v -0.055236 -0.007621 -0.357894
v -0.053175 -0.008585 -0.354268
v -0.050805 -0.009029 -0.350732
v -0.048174 -0.008946 -0.347357
v -0.045335 -0.008336 -0.344211
v -0.060236 0.008896 -0.326589
v -0.056792 0.010180 -0.324397
v -0.053281 0.011886 -0.322641
v -0.049774 0.013978 -0.321357
v -0.046345 0.016416 -0.320572
v -0.043061 0.019148 -0.320301
v -0.039990 0.022119 -0.320550
v -0.037195 0.025270 -0.321314
v -0.034732 0.028534 -0.322577
v -0.032651 0.031848 -0.324314
v -0.030996 0.035141 -0.326490
v -0.029799 0.038349 -0.329059
v -0.029085 0.041405 -0.331970
v -0.028869 0.044247 -0.335163
v -0.029154 0.046817 -0.338574
v -0.029936 0.049064 -0.342132
v -0.031198 0.050941 -0.345766
v -0.032914 0.052409 -0.349402
v -0.035050 0.053440 -0.352965
v -0.037561 0.054012 -0.356384
v -0.040398 0.054114 -0.359587
v -0.043502 0.053743 -0.362511
v -0.046810 0.052907 -0.365096
v -0.050255 0.051624 -0.367288
v -0.053766 0.049918 -0.369045
v -0.057272 0.047825 -0.370328
v -0.060702 0.045388 -0.371114
v -0.063986 0.042656 -0.371384
v -0.067057 0.039684 -0.371135
v -0.069852 0.036534 -0.370371
v -0.072315 0.033269 -0.369108
v -0.074395 0.029956 -0.367371
v -0.076051 0.026662 -0.365196
v -0.077248 0.023454 -0.362627
v -0.077961 0.020399 -0.359716
v -0.078178 0.017556 -0.356523
v -0.077892 0.014986 -0.353112
v -0.077111 0.012740 -0.349553
v -0.075849 0.010863 -0.345919
v -0.074133 0.009394 -0.342283
v -0.071997 0.008363 -0.338720
v -0.069485 0.007791 -0.335302
v -0.066648 0.007689 -0.332098
v -0.063544 0.008060 -0.329174
v -0.074164 0.028066 -0.312052
v -0.070404 0.028915 -0.310193
v -0.066549 0.030148 -0.308798
v -0.062680 0.031741 -0.307897
v -0.058874 0.033661 -0.307508
v -0.055210 0.035870 -0.307638
v -0.051761 0.038321 -0.308286
v -0.048599 0.040966 -0.309437
v -0.045787 0.043750 -0.311068
v -0.043382 0.046617 -0.313147
v -0.041434 0.049508 -0.315630
v -0.039983 0.052365 -0.318468
v -0.039057 0.055129 -0.321602
v -0.038675 0.057745 -0.324969
v -0.038847 0.060158 -0.328500
v -0.039567 0.062320 -0.332124
v -0.040821 0.064186 -0.335766
v -0.042584 0.065720 -0.339352
v -0.044820 0.066888 -0.342810
v -0.047484 0.067669 -0.346068
v -0.050520 0.068045 -0.349062
v -0.053868 0.068010 -0.351729
v -0.057458 0.067563 -0.354015
v -0.061219 0.066715 -0.355875
v -0.065074 0.065481 -0.357269
v -0.068943 0.063888 -0.358170
v -0.072749 0.061968 -0.358559
v -0.076413 0.059760 -0.358429
v -0.079861 0.057308 -0.357782
v -0.083024 0.054664 -0.356631
v -0.085836 0.051879 -0.354999
v -0.088241 0.049013 -0.352921
v -0.090189 0.046121 -0.350437
v -0.091640 0.043264 -0.347600
v -0.092566 0.040500 -0.344465
v -0.092947 0.037885 -0.341098
v -0.092776 0.035472 -0.337567
v -0.092056 0.033310 -0.333944
v -0.090802 0.031443 -0.330302
v -0.089038 0.029910 -0.326716
v -0.086803 0.028741 -0.323258
v -0.084139 0.027961 -0.319999
v -0.081103 0.027584 -0.317006
v -0.077755 0.027620 -0.314339
v -0.083635 0.049338 -0.297769
v -0.079641 0.049662 -0.296266
v -0.075538 0.050337 -0.295250
v -0.071410 0.051350 -0.294742
v -0.067342 0.052679 -0.294754
v -0.063415 0.054298 -0.295284
v -0.059710 0.056174 -0.296321
v -0.056302 0.058269 -0.297845
v -0.053262 0.060539 -0.299825
v -0.050649 0.062939 -0.302220
v -0.048519 0.065420 -0.304982
v -0.046913 0.067932 -0.308054
v -0.045866 0.070423 -0.311373
v -0.045397 0.072842 -0.314873
v -0.045518 0.075141 -0.318482
v -0.046224 0.077272 -0.322126
v -0.047502 0.079192 -0.325732
v -0.049326 0.080862 -0.329225
v -0.051659 0.082249 -0.332535
v -0.054453 0.083323 -0.335595
v -0.057651 0.084063 -0.338342
v -0.061189 0.084454 -0.340719
v -0.064994 0.084488 -0.342680
v -0.068988 0.084164 -0.344184
v -0.073091 0.083489 -0.345200
v -0.077219 0.082476 -0.345707
v -0.081288 0.081147 -0.345696
v -0.085214 0.079528 -0.345166
v -0.088919 0.077652 -0.344128
v -0.092327 0.075558 -0.342604
v -0.095367 0.073287 -0.340624
v -0.097980 0.070887 -0.338229
v -0.100110 0.068406 -0.335468
v -0.101716 0.065894 -0.332396
v -0.102763 0.063403 -0.329076
v -0.103232 0.060984 -0.325576
v -0.103112 0.058685 -0.321968
v -0.102405 0.056554 -0.318323
v -0.101127 0.054634 -0.314718
v -0.099303 0.052964 -0.311224
v -0.096970 0.051577 -0.307914
v -0.094176 0.050503 -0.304855
v -0.090978 0.049763 -0.302108
v -0.087440 0.049372 -0.299730
v -0.088385 0.071685 -0.283758
v -0.084265 0.071418 -0.282629
v -0.080031 0.071476 -0.282004
v -0.075769 0.071857 -0.281896
v -0.071566 0.072554 -0.282308
v -0.067507 0.073553 -0.283231
v -0.063676 0.074832 -0.284646
v -0.060149 0.076367 -0.286525
v -0.057000 0.078125 -0.288829
v -0.054291 0.080071 -0.291512
v -0.052078 0.082166 -0.294518
v -0.050407 0.084367 -0.297787
v -0.049310 0.086628 -0.301252
v -0.048811 0.088905 -0.304842
v -0.048920 0.091150 -0.308485
v -0.049635 0.093318 -0.312105
v -0.050940 0.095365 -0.315631
v -0.052809 0.097248 -0.318989
v -0.055205 0.098931 -0.322112
v -0.058078 0.100378 -0.324935
v -0.061371 0.101560 -0.327402
v -0.065015 0.102453 -0.329462
v -0.068937 0.103039 -0.331073
v -0.073057 0.103306 -0.332203
v -0.077291 0.103248 -0.332828
v -0.081553 0.102867 -0.332935
v -0.085756 0.102170 -0.332523
v -0.089815 0.101171 -0.331600
v -0.093646 0.099892 -0.330185
v -0.097173 0.098357 -0.328306
v -0.100323 0.096599 -0.326002
v -0.103031 0.094653 -0.323320
v -0.105244 0.092558 -0.320313
v -0.106915 0.090357 -0.317045
v -0.108012 0.088096 -0.313580
v -0.108511 0.085819 -0.309990
v -0.108402 0.083574 -0.306347
v -0.107687 0.081406 -0.302726
v -0.106382 0.079359 -0.299201
v -0.104513 0.077475 -0.295842
v -0.102117 0.075793 -0.292720
v -0.099244 0.074346 -0.289896
v -0.095952 0.073164 -0.287429
v -0.092307 0.072271 -0.285370
v -0.088385 0.094068 -0.270034
v -0.084265 0.093175 -0.269293
v -0.080031 0.092590 -0.269066
v -0.075769 0.092324 -0.269359
v -0.071566 0.092382 -0.270167
v -0.067507 0.092764 -0.271472
v -0.063676 0.093461 -0.273248
v -0.060149 0.094460 -0.275458
v -0.057000 0.095740 -0.278059
v -0.054291 0.097275 -0.280996
v -0.052078 0.099034 -0.284211
v -0.050407 0.100980 -0.287637
v -0.049310 0.103075 -0.291205
v -0.048812 0.105276 -0.294842
v -0.048920 0.107538 -0.298474
v -0.049635 0.109814 -0.302028
v -0.050940 0.112059 -0.305431
v -0.052809 0.114227 -0.308613
v -0.055205 0.116273 -0.311510
v -0.058078 0.118157 -0.314063
v -0.061371 0.119839 -0.316220
v -0.065015 0.121286 -0.317937
v -0.068937 0.122468 -0.319179
v -0.073057 0.123360 -0.319921
v -0.077291 0.123945 -0.320148
v -0.081553 0.124212 -0.319854
v -0.085756 0.124153 -0.319047
v -0.089815 0.123771 -0.317742
v -0.093646 0.123074 -0.315966
v -0.097173 0.122075 -0.313755
v -0.100323 0.120795 -0.311155
v -0.103031 0.119260 -0.308217
v -0.105244 0.117502 -0.305003
v -0.106915 0.115555 -0.301577
v -0.108012 0.113460 -0.298009
v -0.108511 0.111259 -0.294372
v -0.108402 0.108998 -0.290739
v -0.107687 0.106721 -0.287185
v -0.106382 0.104476 -0.283783
v -0.104513 0.102308 -0.280601
v -0.102117 0.100262 -0.277703
v -0.099244 0.098378 -0.275150
v -0.095952 0.096696 -0.272993
v -0.092307 0.095249 -0.271276
v -0.083832 0.115491 -0.256608
v -0.079845 0.113972 -0.256263
v -0.075745 0.112754 -0.256438
v -0.071617 0.111860 -0.257129
v -0.067543 0.111309 -0.258322
v -0.063607 0.111113 -0.259993
v -0.059889 0.111275 -0.262108
v -0.056465 0.111792 -0.264623
v -0.053404 0.112653 -0.267489
v -0.050769 0.113842 -0.270645
v -0.048613 0.115333 -0.274029
v -0.046981 0.117097 -0.277571
v -0.045905 0.119098 -0.281199
v -0.045407 0.121294 -0.284839
v -0.045497 0.123641 -0.288417
v -0.046175 0.126092 -0.291861
v -0.047425 0.128596 -0.295099
v -0.049222 0.131102 -0.298067
v -0.051531 0.133560 -0.300704
v -0.054303 0.135920 -0.302955
v -0.057482 0.138132 -0.304776
v -0.061004 0.140153 -0.306129
v -0.064797 0.141942 -0.306987
v -0.068784 0.143461 -0.307333
v -0.072884 0.144679 -0.307158
v -0.077012 0.145573 -0.306467
v -0.081086 0.146124 -0.305274
v -0.085022 0.146320 -0.303603
v -0.088740 0.146158 -0.301488
v -0.092164 0.145641 -0.298972
v -0.095225 0.144780 -0.296107
v -0.097860 0.143591 -0.292950
v -0.100016 0.142100 -0.289566
v -0.101648 0.140336 -0.286024
v -0.102724 0.138335 -0.282396
v -0.103222 0.136139 -0.278756
v -0.103132 0.133792 -0.275178
v -0.102454 0.131341 -0.271735
v -0.101204 0.128837 -0.268496
v -0.099407 0.126331 -0.265529
v -0.097098 0.123873 -0.262892
v -0.094326 0.121513 -0.260640
v -0.091147 0.119301 -0.258819
v -0.087625 0.117280 -0.257466
v -0.075124 0.135050 -0.243487
v -0.071400 0.132940 -0.243543
v -0.067563 0.131132 -0.244117
v -0.063690 0.129664 -0.245197
v -0.059860 0.128566 -0.246761
v -0.056151 0.127860 -0.248778
v -0.052639 0.127560 -0.251206
v -0.049395 0.127672 -0.253997
v -0.046485 0.128194 -0.257092
v -0.043969 0.129116 -0.260430
v -0.041897 0.130418 -0.263942
v -0.040313 0.132074 -0.267557
v -0.039247 0.134051 -0.271201
v -0.038722 0.136308 -0.274799
v -0.038748 0.138800 -0.278280
v -0.039326 0.141474 -0.281571
v -0.040443 0.144278 -0.284607
v -0.042076 0.147154 -0.287324
v -0.044192 0.150044 -0.289668
v -0.046748 0.152888 -0.291591
v -0.049693 0.155628 -0.293054
v -0.052965 0.158210 -0.294027
v -0.056499 0.160580 -0.294490
v -0.060223 0.162690 -0.294435
v -0.064060 0.164497 -0.293861
v -0.067933 0.165965 -0.292781
v -0.071763 0.167063 -0.291216
v -0.075472 0.167770 -0.289199
v -0.078984 0.168070 -0.286771
v -0.082228 0.167958 -0.283981
v -0.085137 0.167436 -0.280885
v -0.087654 0.166514 -0.277547
v -0.089725 0.165212 -0.274035
v -0.091310 0.163555 -0.270421
v -0.092376 0.161578 -0.266777
v -0.092901 0.159321 -0.263178
v -0.092874 0.156830 -0.259698
v -0.092297 0.154155 -0.256406
v -0.091180 0.151351 -0.253371
v -0.089547 0.148475 -0.250654
v -0.087431 0.145586 -0.248310
v -0.084875 0.142742 -0.246386
v -0.081930 0.140001 -0.244924
v -0.078658 0.137420 -0.243950
v -0.062833 0.151967 -0.230675
v -0.059489 0.149334 -0.231131
v -0.056024 0.147014 -0.232097
v -0.052507 0.145055 -0.233553
v -0.049012 0.143497 -0.235470
v -0.045608 0.142371 -0.237808
v -0.042365 0.141700 -0.240521
v -0.039350 0.141497 -0.243552
v -0.036623 0.141768 -0.246840
v -0.034240 0.142506 -0.250318
v -0.032250 0.143696 -0.253916
v -0.030693 0.145315 -0.257560
v -0.029600 0.147329 -0.261175
v -0.028995 0.149697 -0.264689
v -0.028889 0.152371 -0.268030
v -0.029284 0.155296 -0.271129
v -0.030173 0.158414 -0.273925
v -0.031537 0.161660 -0.276358
v -0.033349 0.164968 -0.278382
v -0.035571 0.168272 -0.279953
v -0.038159 0.171503 -0.281040
v -0.041060 0.174597 -0.281621
v -0.044214 0.177489 -0.281684
v -0.047558 0.180122 -0.281228
v -0.051023 0.182442 -0.280262
v -0.054539 0.184400 -0.278806
v -0.058035 0.185959 -0.276890
v -0.061439 0.187085 -0.274551
v -0.064681 0.187756 -0.271839
v -0.067697 0.187958 -0.268808
v -0.070424 0.187688 -0.265520
v -0.072806 0.186950 -0.262041
v -0.074797 0.185759 -0.258444
v -0.076354 0.184141 -0.254800
v -0.077446 0.182127 -0.251184
v -0.078052 0.179759 -0.247670
v -0.078158 0.177085 -0.244330
v -0.077763 0.174160 -0.241230
v -0.076874 0.171042 -0.238435
v -0.075510 0.167796 -0.236001
v -0.073698 0.164488 -0.233978
v -0.071476 0.161184 -0.232407
v -0.068888 0.157953 -0.231320
v -0.065987 0.154859 -0.230738
v -0.047664 0.165624 -0.218172
v -0.044794 0.162565 -0.219023
v -0.041785 0.159835 -0.220369
v -0.038699 0.157489 -0.222184
v -0.035598 0.155575 -0.224430
v -0.032546 0.154132 -0.227061
v -0.029604 0.153190 -0.230025
v -0.026834 0.152767 -0.233260
v -0.024290 0.152873 -0.236701
v -0.022025 0.153505 -0.240278
v -0.020085 0.154649 -0.243917
v -0.018510 0.156284 -0.247546
v -0.017331 0.158376 -0.251090
v -0.016573 0.160882 -0.254476
v -0.016250 0.163750 -0.257636
v -0.016370 0.166924 -0.260506
v -0.016930 0.170337 -0.263028
v -0.017919 0.173921 -0.265149
v -0.019316 0.177603 -0.266826
v -0.021094 0.181307 -0.268026
v -0.023215 0.184958 -0.268725
v -0.025637 0.188483 -0.268907
v -0.028311 0.191809 -0.268569
v -0.031181 0.194868 -0.267718
v -0.034190 0.197598 -0.266372
v -0.037276 0.199944 -0.264558
v -0.040377 0.201858 -0.262312
v -0.043429 0.203301 -0.259680
v -0.046370 0.204243 -0.256717
v -0.049141 0.204666 -0.253482
v -0.051685 0.204560 -0.250041
v -0.053949 0.203929 -0.246464
v -0.055889 0.202784 -0.242824
v -0.057465 0.201149 -0.239196
v -0.058644 0.199057 -0.235652
v -0.059402 0.196552 -0.232266
v -0.059724 0.193683 -0.229105
v -0.059604 0.190509 -0.226235
v -0.059044 0.187096 -0.223714
v -0.058056 0.183512 -0.221593
v -0.056658 0.179830 -0.219915
v -0.054881 0.176126 -0.218715
v -0.052760 0.172475 -0.218017
v -0.050338 0.168950 -0.217835
v -0.030414 0.175584 -0.205975
v -0.028081 0.172214 -0.207210
v -0.025581 0.169190 -0.208921
v -0.022965 0.166572 -0.211072
v -0.020287 0.164415 -0.213619
v -0.017600 0.162761 -0.216512
v -0.014959 0.161645 -0.219691
v -0.012419 0.161090 -0.223091
v -0.010031 0.161105 -0.226643
v -0.007843 0.161693 -0.230274
v -0.005900 0.162839 -0.233912
v -0.004242 0.164522 -0.237482
v -0.002903 0.166706 -0.240910
v -0.001909 0.169348 -0.244128
v -0.001280 0.172393 -0.247070
v -0.001031 0.175780 -0.249676
v -0.001165 0.179439 -0.251892
v -0.001681 0.183296 -0.253675
v -0.002567 0.187273 -0.254986
v -0.003805 0.191289 -0.255801
v -0.005371 0.195261 -0.256102
v -0.007232 0.199109 -0.255883
v -0.009351 0.202755 -0.255148
v -0.011684 0.206125 -0.253913
v -0.014184 0.209149 -0.252203
v -0.016800 0.211766 -0.250052
v -0.019478 0.213924 -0.247504
v -0.022165 0.215577 -0.244612
v -0.024806 0.216693 -0.241433
v -0.027346 0.217249 -0.238033
v -0.029734 0.217233 -0.234481
v -0.031922 0.216646 -0.230849
v -0.033865 0.215499 -0.227212
v -0.035523 0.213817 -0.223642
v -0.036862 0.211632 -0.220213
v -0.037856 0.208991 -0.216995
v -0.038485 0.205946 -0.214054
v -0.038734 0.202559 -0.211448
v -0.038600 0.198900 -0.209231
v -0.038084 0.195043 -0.207449
v -0.037198 0.191066 -0.206137
v -0.035960 0.187050 -0.205322
v -0.034394 0.183078 -0.205022
v -0.032533 0.179229 -0.205241
v -0.011929 0.181590 -0.194076
v -0.010163 0.178036 -0.195680
v -0.008190 0.174841 -0.197734
v -0.006050 0.172068 -0.200195
v -0.003788 0.169776 -0.203014
v -0.001448 0.168009 -0.206133
v 0.000921 0.166805 -0.209488
v 0.003272 0.166188 -0.213012
v 0.005556 0.166170 -0.216632
v 0.007727 0.166752 -0.220275
v 0.009740 0.167921 -0.223866
v 0.011555 0.169655 -0.227333
v 0.013135 0.171917 -0.230605
v 0.014448 0.174662 -0.233616
v 0.015466 0.177834 -0.236303
v 0.016170 0.181369 -0.238613
v 0.016544 0.185193 -0.240498
v 0.016582 0.189230 -0.241921
v 0.016282 0.193397 -0.242851
v 0.015651 0.197610 -0.243270
v 0.014701 0.201783 -0.243170
v 0.013452 0.205830 -0.242552
v 0.011929 0.209669 -0.241430
v 0.010163 0.213223 -0.239825
v 0.008190 0.216418 -0.237772
v 0.006050 0.219191 -0.235310
v 0.003788 0.221483 -0.232492
v 0.001448 0.223250 -0.229373
v -0.000921 0.224454 -0.226017
v -0.003272 0.225071 -0.222494
v -0.005556 0.225089 -0.218874
v -0.007727 0.224508 -0.215231
v -0.009740 0.223338 -0.211639
v -0.011555 0.221604 -0.208172
v -0.013135 0.219342 -0.204900
v -0.014448 0.216597 -0.201890
v -0.015466 0.213425 -0.199202
v -0.016170 0.209891 -0.196892
v -0.016544 0.206066 -0.195007
v -0.016582 0.202029 -0.193585
v -0.016282 0.197862 -0.192655
v -0.015651 0.193649 -0.192236
v -0.014701 0.189477 -0.192336
v -0.013452 0.185429 -0.192953
v 0.006942 0.183573 -0.182463
v 0.008146 0.179961 -0.184418
v 0.009607 0.176711 -0.186790
v 0.011296 0.173892 -0.189532
v 0.013179 0.171559 -0.192587
v 0.015216 0.169761 -0.195895
v 0.017367 0.168534 -0.199386
v 0.019588 0.167903 -0.202990
v 0.021833 0.167881 -0.206635
v 0.024057 0.168468 -0.210244
v 0.026214 0.169653 -0.213746
v 0.028261 0.171411 -0.217069
v 0.030156 0.173706 -0.220145
v 0.031861 0.176493 -0.222911
v 0.033340 0.179713 -0.225312
v 0.034563 0.183302 -0.227298
v 0.035506 0.187186 -0.228829
v 0.036150 0.191287 -0.229874
v 0.036481 0.195520 -0.230411
v 0.036492 0.199801 -0.230430
v 0.036184 0.204041 -0.229930
v 0.035563 0.208154 -0.228921
v 0.034641 0.212056 -0.227424
v 0.033437 0.215669 -0.225470
v 0.031975 0.218918 -0.223097
v 0.030286 0.221738 -0.220356
v 0.028404 0.224071 -0.217300
v 0.026366 0.225869 -0.213993
v 0.024215 0.227096 -0.210502
v 0.021995 0.227727 -0.206897
v 0.019750 0.227749 -0.203253
v 0.017526 0.227162 -0.199643
v 0.015368 0.225977 -0.196141
v 0.013321 0.224219 -0.192819
v 0.011426 0.221923 -0.189743
v 0.009722 0.219137 -0.186976
v 0.008243 0.215917 -0.184576
v 0.007019 0.212328 -0.182590
v 0.006076 0.208443 -0.181059
v 0.005432 0.204343 -0.180014
v 0.005101 0.200109 -0.179477
v 0.005090 0.195829 -0.179458
v 0.005398 0.191589 -0.179958
v 0.006019 0.187476 -0.180967
v 0.025374 0.181636 -0.171124
v 0.026054 0.178078 -0.173404
v 0.027051 0.174878 -0.176066
v 0.028343 0.172100 -0.179055
v 0.029905 0.169801 -0.182311
v 0.031704 0.168028 -0.185766
v 0.033705 0.166817 -0.189351
v 0.035865 0.166192 -0.192993
v 0.038143 0.166166 -0.196617
v 0.040490 0.166741 -0.200150
v 0.042860 0.167903 -0.203520
v 0.045203 0.169630 -0.206658
v 0.047473 0.171886 -0.209500
v 0.049623 0.174626 -0.211989
v 0.051609 0.177793 -0.214074
v 0.053391 0.181323 -0.215712
v 0.054933 0.185144 -0.216870
v 0.056203 0.189179 -0.217524
v 0.057175 0.193345 -0.217662
v 0.057830 0.197558 -0.217280
v 0.058154 0.201731 -0.216386
v 0.058141 0.205781 -0.214999
v 0.057791 0.209623 -0.213146
v 0.057110 0.213181 -0.210865
v 0.056114 0.216381 -0.208203
v 0.054822 0.219159 -0.205214
v 0.053260 0.221458 -0.201959
v 0.051461 0.223231 -0.198504
v 0.049460 0.224443 -0.194919
v 0.047299 0.225067 -0.191277
v 0.045022 0.225093 -0.187653
v 0.042675 0.224518 -0.184120
v 0.040305 0.223356 -0.180750
v 0.037962 0.221629 -0.177612
v 0.035692 0.219373 -0.174770
v 0.033542 0.216633 -0.172281
v 0.031556 0.213466 -0.170196
v 0.029774 0.209936 -0.168558
v 0.028232 0.206115 -0.167400
v 0.026962 0.202080 -0.166745
v 0.025990 0.197914 -0.166607
v 0.025335 0.193701 -0.166989
v 0.025011 0.189528 -0.167883
v 0.025024 0.185478 -0.169271
v 0.042610 0.176036 -0.160038
v 0.042832 0.172627 -0.162618
v 0.043433 0.169555 -0.165537
v 0.044401 0.166882 -0.168737
v 0.045717 0.164663 -0.172153
v 0.047353 0.162943 -0.175715
v 0.049276 0.161757 -0.179350
v 0.051448 0.161129 -0.182985
v 0.053823 0.161071 -0.186545
v 0.056354 0.161586 -0.189958
v 0.058989 0.162662 -0.193155
v 0.061675 0.164278 -0.196070
v 0.064356 0.166401 -0.198645
v 0.066978 0.168987 -0.200826
v 0.069488 0.171983 -0.202569
v 0.071835 0.175330 -0.203840
v 0.073971 0.178959 -0.204611
v 0.075852 0.182795 -0.204868
v 0.077440 0.186761 -0.204604
v 0.078703 0.190776 -0.203826
v 0.079615 0.194758 -0.202550
v 0.080157 0.198627 -0.200800
v 0.080319 0.202303 -0.198613
v 0.080098 0.205712 -0.196034
v 0.079497 0.208784 -0.193115
v 0.078528 0.211456 -0.189914
v 0.077213 0.213675 -0.186499
v 0.075577 0.215396 -0.182937
v 0.073653 0.216582 -0.179302
v 0.071482 0.217210 -0.175667
v 0.069106 0.217267 -0.172107
v 0.066575 0.216753 -0.168693
v 0.063940 0.215676 -0.165497
v 0.061255 0.214061 -0.162581
v 0.058574 0.211938 -0.160007
v 0.055952 0.209352 -0.157826
v 0.053441 0.206355 -0.156082
v 0.051095 0.203009 -0.154812
v 0.048959 0.199380 -0.154041
v 0.047078 0.195544 -0.153784
v 0.045490 0.191578 -0.154047
v 0.044227 0.187563 -0.154825
v 0.043315 0.183580 -0.156102
v 0.042772 0.179712 -0.157852
v 0.057978 0.167163 -0.149187
v 0.057826 0.163970 -0.152034
v 0.058117 0.161077 -0.155175
v 0.058844 0.158543 -0.158547
v 0.059994 0.156421 -0.162082
v 0.061541 0.154751 -0.165707
v 0.063456 0.153570 -0.169348
v 0.065699 0.152901 -0.172932
v 0.068224 0.152757 -0.176385
v 0.070980 0.153142 -0.179638
v 0.073911 0.154047 -0.182623
v 0.076957 0.155455 -0.185280
v 0.080057 0.157336 -0.187555
v 0.083146 0.159652 -0.189402
v 0.086163 0.162356 -0.190784
v 0.089045 0.165394 -0.191671
v 0.091735 0.168702 -0.192046
v 0.094177 0.172215 -0.191901
v 0.096321 0.175860 -0.191240
v 0.098125 0.179563 -0.190075
v 0.099550 0.183249 -0.188431
v 0.100569 0.186842 -0.186341
v 0.101161 0.190270 -0.183847
v 0.101313 0.193463 -0.181000
v 0.101022 0.196356 -0.177859
v 0.100295 0.198890 -0.174486
v 0.099146 0.201013 -0.170952
v 0.097598 0.202682 -0.167327
v 0.095683 0.203863 -0.163685
v 0.093440 0.204532 -0.160101
v 0.090915 0.204676 -0.156648
v 0.088159 0.204291 -0.153396
v 0.085228 0.203386 -0.150411
v 0.082182 0.201978 -0.147754
v 0.079083 0.200097 -0.145478
v 0.075993 0.197781 -0.143631
v 0.072977 0.195077 -0.142250
v 0.070094 0.192039 -0.141363
v 0.067405 0.188731 -0.140988
v 0.064963 0.185218 -0.141132
v 0.062818 0.181573 -0.141794
v 0.061015 0.177870 -0.142958
v 0.059589 0.174184 -0.144603
v 0.058570 0.170591 -0.146693
v 0.070914 0.155515 -0.138545
v 0.070483 0.152574 -0.141625
v 0.070553 0.149880 -0.144951
v 0.071122 0.147488 -0.148454
v 0.072180 0.145448 -0.152065
v 0.073705 0.143799 -0.155709
v 0.075665 0.142577 -0.159313
v 0.078021 0.141806 -0.162802
v 0.080725 0.141501 -0.166106
v 0.083722 0.141669 -0.169158
v 0.086950 0.142307 -0.171895
v 0.090344 0.143401 -0.174262
v 0.093836 0.144929 -0.176211
v 0.097353 0.146860 -0.177702
v 0.100824 0.149155 -0.178704
v 0.104179 0.151767 -0.179197
v 0.107350 0.154643 -0.179171
v 0.110271 0.157724 -0.178627
v 0.112883 0.160948 -0.177576
v 0.115133 0.164248 -0.176039
v 0.116976 0.167559 -0.174047
v 0.118373 0.170811 -0.171641
v 0.119297 0.173940 -0.168870
v 0.119729 0.176882 -0.165791
v 0.119659 0.179576 -0.162465
v 0.119089 0.181967 -0.158961
v 0.118031 0.184008 -0.155351
v 0.116506 0.185656 -0.151706
v 0.114546 0.186879 -0.148103
v 0.112190 0.187650 -0.144614
v 0.109486 0.187955 -0.141309
v 0.106490 0.187786 -0.138258
v 0.103261 0.187149 -0.135520
v 0.099867 0.186055 -0.133153
v 0.096376 0.184527 -0.131205
v 0.092858 0.182596 -0.129714
v 0.089387 0.180301 -0.128712
v 0.086032 0.177689 -0.128219
v 0.082862 0.174813 -0.128245
v 0.079941 0.171732 -0.128789
v 0.077328 0.168508 -0.129840
v 0.075078 0.165208 -0.131377
v 0.073235 0.161897 -0.133369
v 0.071838 0.158644 -0.135775
v 0.080971 0.141673 -0.128088
v 0.080354 0.138987 -0.131363
v 0.080288 0.136481 -0.134832
v 0.080773 0.134205 -0.138425
v 0.081800 0.132207 -0.142068
v 0.083349 0.130526 -0.145687
v 0.085386 0.129197 -0.149209
v 0.087872 0.128247 -0.152562
v 0.090755 0.127696 -0.155677
v 0.093977 0.127554 -0.158491
v 0.097472 0.127824 -0.160947
v 0.101169 0.128502 -0.162996
v 0.104993 0.129572 -0.164594
v 0.108866 0.131014 -0.165710
v 0.112708 0.132798 -0.166321
v 0.116443 0.134888 -0.166414
v 0.119993 0.137241 -0.165988
v 0.123287 0.139809 -0.165051
v 0.126257 0.142540 -0.163622
v 0.128843 0.145379 -0.161731
v 0.130992 0.148267 -0.159416
v 0.132662 0.151145 -0.156724
v 0.133816 0.153956 -0.153710
v 0.134433 0.156642 -0.150435
v 0.134500 0.159149 -0.146966
v 0.134014 0.161424 -0.143373
v 0.132987 0.163423 -0.139730
v 0.131439 0.165104 -0.136110
v 0.129401 0.166432 -0.132589
v 0.126915 0.167382 -0.129236
v 0.124032 0.167934 -0.126121
v 0.120810 0.168076 -0.123306
v 0.117315 0.167805 -0.120850
v 0.113618 0.167128 -0.118802
v 0.109795 0.166057 -0.117204
v 0.105922 0.164615 -0.116088
v 0.102079 0.162831 -0.115477
v 0.098345 0.160742 -0.115384
v 0.094795 0.158389 -0.115810
v 0.091501 0.155821 -0.116747
v 0.088531 0.153090 -0.118175
v 0.085945 0.150251 -0.120066
v 0.083795 0.147363 -0.122381
v 0.082126 0.144484 -0.125074
v 0.087828 0.126271 -0.117785
v 0.087109 0.123815 -0.121216
v 0.086976 0.121459 -0.124787
v 0.087431 0.119250 -0.128425
v 0.088467 0.117234 -0.132057
v 0.090060 0.115452 -0.135607
v 0.092179 0.113940 -0.139005
v 0.094782 0.112728 -0.142180
v 0.097814 0.111843 -0.145068
v 0.101214 0.111300 -0.147611
v 0.104913 0.111112 -0.149757
v 0.108836 0.111283 -0.151461
v 0.112902 0.111808 -0.152690
v 0.117029 0.112678 -0.153417
v 0.121134 0.113874 -0.153630
v 0.125132 0.115372 -0.153322
v 0.128941 0.117142 -0.152500
v 0.132486 0.119148 -0.151182
v 0.135692 0.121348 -0.149394
v 0.138496 0.123698 -0.147172
v 0.140839 0.126151 -0.144561
v 0.142675 0.128656 -0.141615
v 0.143965 0.131162 -0.138394
v 0.144685 0.133618 -0.134963
v 0.144818 0.135974 -0.131392
v 0.144362 0.138183 -0.127754
v 0.143327 0.140199 -0.124123
v 0.141734 0.141981 -0.120573
v 0.139614 0.143493 -0.117175
v 0.137012 0.144705 -0.114000
v 0.133980 0.145590 -0.111111
v 0.130580 0.146133 -0.108569
v 0.126881 0.146321 -0.106423
v 0.122958 0.146150 -0.104719
v 0.118892 0.145625 -0.103490
v 0.114764 0.144755 -0.102762
v 0.110660 0.143559 -0.102550
v 0.106662 0.142061 -0.102858
v 0.102852 0.140291 -0.103679
v 0.099308 0.138285 -0.104998
v 0.096102 0.136085 -0.106786
v 0.093298 0.133735 -0.109008
v 0.090955 0.131282 -0.111619
v 0.089119 0.128777 -0.114564
v 0.091292 0.109978 -0.107608
v 0.090534 0.107702 -0.111153
v 0.090381 0.105438 -0.114782
v 0.090836 0.103231 -0.118422
v 0.091890 0.101127 -0.121997
v 0.093521 0.099168 -0.125436
v 0.095696 0.097395 -0.128668
v 0.098371 0.095843 -0.131627
v 0.101491 0.094543 -0.134254
v 0.104992 0.093523 -0.136494
v 0.108805 0.092804 -0.138303
v 0.112850 0.092399 -0.139643
v 0.117045 0.092317 -0.140487
v 0.121306 0.092560 -0.140818
v 0.125545 0.093122 -0.140629
v 0.129676 0.093993 -0.139924
v 0.133615 0.095155 -0.138717
v 0.137282 0.096583 -0.137033
v 0.140602 0.098250 -0.134907
v 0.143507 0.100120 -0.132381
v 0.145939 0.102156 -0.129506
v 0.147848 0.104317 -0.126343
v 0.149195 0.106557 -0.122954
v 0.149953 0.108833 -0.119409
v 0.150105 0.111097 -0.115779
v 0.149650 0.113304 -0.112140
v 0.148597 0.115408 -0.108565
v 0.146966 0.117367 -0.105126
v 0.144791 0.119141 -0.101894
v 0.142116 0.120693 -0.098934
v 0.138996 0.121992 -0.096308
v 0.135494 0.123012 -0.094067
v 0.131682 0.123731 -0.092259
v 0.127637 0.124136 -0.090919
v 0.123442 0.124218 -0.090075
v 0.119181 0.123975 -0.089744
v 0.114942 0.123413 -0.089933
v 0.110811 0.122542 -0.090638
v 0.106872 0.121380 -0.091845
v 0.103205 0.119952 -0.093528
v 0.099885 0.118286 -0.095655
v 0.096979 0.116415 -0.098181
v 0.094547 0.114379 -0.101055
v 0.092639 0.112219 -0.104219
v 0.091292 0.093470 -0.097524
v 0.090534 0.091310 -0.101140
v 0.090381 0.089069 -0.104784
v 0.090836 0.086793 -0.108380
v 0.091890 0.084529 -0.111856
v 0.093521 0.082322 -0.115142
v 0.095696 0.080218 -0.118169
v 0.098371 0.078260 -0.120877
v 0.101491 0.076486 -0.123210
v 0.104992 0.074935 -0.125121
v 0.108805 0.073636 -0.126571
v 0.112850 0.072616 -0.127530
v 0.117045 0.071897 -0.127979
v 0.121306 0.071493 -0.127909
v 0.125545 0.071411 -0.127321
v 0.129676 0.071655 -0.126227
v 0.133615 0.072218 -0.124650
v 0.137282 0.073089 -0.122621
v 0.140602 0.074251 -0.120182
v 0.143507 0.075680 -0.117383
v 0.145939 0.077347 -0.114279
v 0.147848 0.079217 -0.110936
v 0.149195 0.081254 -0.107420
v 0.149953 0.083414 -0.103804
v 0.150105 0.085655 -0.100160
v 0.149650 0.087931 -0.096564
v 0.148597 0.090195 -0.093087
v 0.146966 0.092402 -0.089802
v 0.144791 0.094506 -0.086775
v 0.142116 0.096464 -0.084067
v 0.138996 0.098237 -0.081734
v 0.135494 0.099789 -0.079823
v 0.131682 0.101088 -0.078373
v 0.127637 0.102107 -0.077414
v 0.123442 0.102827 -0.076965
v 0.119181 0.103231 -0.077035
v 0.114942 0.103312 -0.077623
v 0.110811 0.103069 -0.078717
v 0.106872 0.102506 -0.080294
v 0.103205 0.101635 -0.082323
v 0.099885 0.100473 -0.084762
v 0.096979 0.099044 -0.087561
v 0.094547 0.097377 -0.090664
v 0.092639 0.095507 -0.094008
v 0.087880 0.077418 -0.087499
v 0.087131 0.075301 -0.091143
v 0.086969 0.073013 -0.094757
v 0.087395 0.070600 -0.098267
v 0.088401 0.068113 -0.101602
v 0.089967 0.065601 -0.104694
v 0.092061 0.063116 -0.107480
v 0.094640 0.060709 -0.109903
v 0.097652 0.058427 -0.111914
v 0.101035 0.056318 -0.113472
v 0.104721 0.054425 -0.114546
v 0.108635 0.052787 -0.115113
v 0.112696 0.051435 -0.115162
v 0.116822 0.050399 -0.114692
v 0.120930 0.049699 -0.113712
v 0.124935 0.049350 -0.112243
v 0.128756 0.049358 -0.110314
v 0.132315 0.049723 -0.107964
v 0.135540 0.050438 -0.105243
v 0.138365 0.051489 -0.102203
v 0.140733 0.052854 -0.098909
v 0.142595 0.054505 -0.095427
v 0.143914 0.056408 -0.091827
v 0.144662 0.058525 -0.088183
v 0.144825 0.060813 -0.084569
v 0.144399 0.063226 -0.081059
v 0.143393 0.065713 -0.077724
v 0.141827 0.068225 -0.074632
v 0.139733 0.070710 -0.071846
v 0.137153 0.073118 -0.069423
v 0.134142 0.075399 -0.067412
v 0.130758 0.077508 -0.065853
v 0.127072 0.079401 -0.064780
v 0.123159 0.081040 -0.064213
v 0.119098 0.082391 -0.064164
v 0.114972 0.083427 -0.064634
v 0.110864 0.084127 -0.065614
v 0.106859 0.084476 -0.067083
v 0.103038 0.084468 -0.069012
v 0.099479 0.084103 -0.071361
v 0.096254 0.083388 -0.074083
v 0.093428 0.082337 -0.077122
v 0.091061 0.080972 -0.080417
v 0.089198 0.079322 -0.083899
v 0.081222 0.062465 -0.077501
v 0.080463 0.060323 -0.081128
v 0.080252 0.057926 -0.084668
v 0.080593 0.055324 -0.088049
v 0.081480 0.052569 -0.091203
v 0.082895 0.049716 -0.094064
v 0.084808 0.046826 -0.096575
v 0.087181 0.043955 -0.098684
v 0.089966 0.041163 -0.100349
v 0.093105 0.038506 -0.101535
v 0.096535 0.036039 -0.102220
v 0.100186 0.033812 -0.102388
v 0.103984 0.031869 -0.102036
v 0.107852 0.030251 -0.101171
v 0.111710 0.028991 -0.099811
v 0.115480 0.028114 -0.097984
v 0.119086 0.027638 -0.095727
v 0.122453 0.027573 -0.093086
v 0.125514 0.027920 -0.090114
v 0.128206 0.028672 -0.086872
v 0.130475 0.029813 -0.083427
v 0.132273 0.031321 -0.079847
v 0.133565 0.033165 -0.076207
v 0.134325 0.035307 -0.072580
v 0.134536 0.037703 -0.069040
v 0.134194 0.040306 -0.065658
v 0.133307 0.043061 -0.062505
v 0.131893 0.045913 -0.059644
v 0.129979 0.048804 -0.057133
v 0.127606 0.051675 -0.055024
v 0.124822 0.054467 -0.053359
v 0.121683 0.057123 -0.052172
v 0.118252 0.059590 -0.051488
v 0.114601 0.061818 -0.051320
v 0.110803 0.063760 -0.051672
v 0.106936 0.065378 -0.052537
v 0.103078 0.066638 -0.053896
v 0.099307 0.067515 -0.055723
v 0.095702 0.067991 -0.057980
v 0.092334 0.068057 -0.060622
v 0.089273 0.067710 -0.063594
v 0.086581 0.066958 -0.066835
v 0.084313 0.065817 -0.070281
v 0.082514 0.064309 -0.073860
v 0.071593 0.049212 -0.067495
v 0.070777 0.046991 -0.071061
v 0.070455 0.044442 -0.074485
v 0.070635 0.041618 -0.077696
v 0.071314 0.038575 -0.080629
v 0.072476 0.035377 -0.083225
v 0.074100 0.032087 -0.085430
v 0.076151 0.028773 -0.087200
v 0.078587 0.025502 -0.088499
v 0.081361 0.022342 -0.089300
v 0.084413 0.019355 -0.089586
v 0.087684 0.016604 -0.089353
v 0.091106 0.014143 -0.088604
v 0.094609 0.012024 -0.087356
v 0.098122 0.010289 -0.085633
v 0.101574 0.008974 -0.083470
v 0.104894 0.008105 -0.080912
v 0.108015 0.007700 -0.078011
v 0.110873 0.007768 -0.074825
v 0.113410 0.008306 -0.071420
v 0.115575 0.009305 -0.067865
v 0.117322 0.010743 -0.064232
v 0.118618 0.012591 -0.060595
v 0.119435 0.014812 -0.057029
v 0.119756 0.017361 -0.053605
v 0.119576 0.020185 -0.050394
v 0.118898 0.023228 -0.047460
v 0.117735 0.026427 -0.044865
v 0.116112 0.029717 -0.042659
v 0.114061 0.033031 -0.040890
v 0.111624 0.036301 -0.039591
v 0.108851 0.039462 -0.038790
v 0.105798 0.042448 -0.038504
v 0.102527 0.045200 -0.038737
v 0.099106 0.047660 -0.039486
v 0.095603 0.049779 -0.040734
v 0.092089 0.051514 -0.042457
v 0.088638 0.052829 -0.044620
v 0.085317 0.053698 -0.047178
v 0.082196 0.054103 -0.050079
v 0.079338 0.054036 -0.053265
v 0.076801 0.053497 -0.056670
v 0.074637 0.052499 -0.060225
v 0.072889 0.051061 -0.063858
v 0.059370 0.038206 -0.057447
v 0.058428 0.035873 -0.060909
v 0.057917 0.033153 -0.064175
v 0.057847 0.030103 -0.067177
v 0.058219 0.026785 -0.069855
v 0.059025 0.023265 -0.072154
v 0.060250 0.019616 -0.074027
v 0.061868 0.015913 -0.075436
v 0.063846 0.012229 -0.076352
v 0.066145 0.008641 -0.076757
v 0.068716 0.005221 -0.076643
v 0.071509 0.002040 -0.076011
v 0.074466 -0.000839 -0.074875
v 0.077527 -0.003357 -0.073258
v 0.080629 -0.005462 -0.071192
v 0.083710 -0.007111 -0.068720
v 0.086706 -0.008271 -0.065893
v 0.089557 -0.008919 -0.062766
v 0.092205 -0.009041 -0.059405
v 0.094596 -0.008634 -0.055878
v 0.096680 -0.007708 -0.052257
v 0.098417 -0.006280 -0.048614
v 0.099770 -0.004380 -0.045025
v 0.100711 -0.002046 -0.041562
v 0.101222 0.000673 -0.038297
v 0.101293 0.003723 -0.035294
v 0.100921 0.007041 -0.032617
v 0.100114 0.010561 -0.030318
v 0.098890 0.014210 -0.028445
v 0.097272 0.017913 -0.027036
v 0.095293 0.021597 -0.026120
v 0.092995 0.025185 -0.025714
v 0.090423 0.028605 -0.025829
v 0.087630 0.031786 -0.026461
v 0.084673 0.034665 -0.027597
v 0.081613 0.037183 -0.029214
v 0.078511 0.039288 -0.031280
v 0.075430 0.040937 -0.033752
v 0.072433 0.042098 -0.036579
v 0.069582 0.042745 -0.039705
v 0.066934 0.042867 -0.043066
v 0.064544 0.042460 -0.046593
v 0.062459 0.041534 -0.050215
v 0.060723 0.040106 -0.053858
v 0.045020 0.029921 -0.047324
v 0.043874 0.027470 -0.050640
v 0.043087 0.024591 -0.053709
v 0.042674 0.021343 -0.056466
v 0.042643 0.017792 -0.058856
v 0.042995 0.014011 -0.060830
v 0.043724 0.010075 -0.062347
v 0.044813 0.006066 -0.063378
v 0.046242 0.002065 -0.063902
v 0.047980 -0.001846 -0.063906
v 0.049993 -0.005588 -0.063392
v 0.052240 -0.009085 -0.062369
v 0.054674 -0.012266 -0.060860
v 0.057247 -0.015065 -0.058893
v 0.059905 -0.017427 -0.056510
v 0.062595 -0.019301 -0.053759
v 0.065262 -0.020652 -0.050695
v 0.067852 -0.021450 -0.047382
v 0.070312 -0.021681 -0.043887
v 0.072592 -0.021338 -0.040280
v 0.074645 -0.020430 -0.036636
v 0.076430 -0.018974 -0.033028
v 0.077910 -0.017001 -0.029530
v 0.079055 -0.014549 -0.026214
v 0.079843 -0.011671 -0.023145
v 0.080256 -0.008423 -0.020388
v 0.080287 -0.004872 -0.017998
v 0.079934 -0.001090 -0.016024
v 0.079206 0.002845 -0.014507
v 0.078116 0.006854 -0.013476
v 0.076688 0.010855 -0.012952
v 0.074949 0.014766 -0.012948
v 0.072936 0.018509 -0.013462
v 0.070690 0.022006 -0.014485
v 0.068255 0.025186 -0.015994
v 0.065683 0.027986 -0.017961
v 0.063025 0.030347 -0.020344
v 0.060334 0.032222 -0.023095
v 0.057667 0.033572 -0.026159
v 0.055077 0.034371 -0.029472
v 0.052618 0.034601 -0.032967
v 0.050338 0.034259 -0.036574
v 0.048285 0.033350 -0.040218
v 0.046500 0.031895 -0.043826
v 0.029095 0.024747 -0.037092
v 0.027664 0.022203 -0.040223
v 0.026516 0.019207 -0.043057
v 0.025675 0.015820 -0.045535
v 0.025158 0.012111 -0.047608
v 0.024975 0.008155 -0.049233
v 0.025130 0.004034 -0.050378
v 0.025620 -0.000170 -0.051018
v 0.026435 -0.004370 -0.051142
v 0.027559 -0.008481 -0.050746
v 0.028968 -0.012420 -0.049838
v 0.030633 -0.016106 -0.048437
v 0.032522 -0.019464 -0.046572
v 0.034595 -0.022425 -0.044280
v 0.036810 -0.024931 -0.041608
v 0.039122 -0.026928 -0.038611
v 0.041485 -0.028378 -0.035349
v 0.043849 -0.029249 -0.031889
v 0.046168 -0.029526 -0.028302
v 0.048393 -0.029201 -0.024660
v 0.050479 -0.028282 -0.021037
v 0.052384 -0.026787 -0.017508
v 0.054070 -0.024747 -0.014143
v 0.055501 -0.022203 -0.011013
v 0.056649 -0.019207 -0.008179
v 0.057490 -0.015820 -0.005701
v 0.058007 -0.012111 -0.003628
v 0.058190 -0.008155 -0.002003
v 0.058035 -0.004034 -0.000858
v 0.057545 0.000170 -0.000218
v 0.056729 0.004370 -0.000094
v 0.055606 0.008481 -0.000490
v 0.054197 0.012420 -0.001398
v 0.052532 0.016106 -0.002799
v 0.050643 0.019464 -0.004664
v 0.048570 0.022425 -0.006956
v 0.046355 0.024931 -0.009628
v 0.044042 0.026928 -0.012625
v 0.041680 0.028378 -0.015887
v 0.039315 0.029249 -0.019346
v 0.036997 0.029526 -0.022934
v 0.034772 0.029201 -0.026576
v 0.032686 0.028282 -0.030199
v 0.030780 0.026787 -0.033728
v 0.012219 0.022973 -0.026722
v 0.010429 0.020391 -0.029629
v 0.008849 0.017350 -0.032193
v 0.007512 0.013911 -0.034363
v 0.006446 0.010144 -0.036094
v 0.005671 0.006126 -0.037351
v 0.005205 0.001939 -0.038108
v 0.005056 -0.002331 -0.038350
v 0.005227 -0.006599 -0.038073
v 0.005715 -0.010777 -0.037281
v 0.006509 -0.014781 -0.035991
v 0.007595 -0.018527 -0.034229
v 0.008949 -0.021941 -0.032030
v 0.010545 -0.024953 -0.029441
v 0.012348 -0.027502 -0.026513
v 0.014324 -0.029535 -0.023306
v 0.016432 -0.031011 -0.019885
v 0.018628 -0.031900 -0.016321
v 0.020868 -0.032185 -0.012684
v 0.023106 -0.031859 -0.009051
v 0.025298 -0.030929 -0.005494
v 0.027398 -0.029413 -0.002085
v 0.029363 -0.027344 0.001105
v 0.031154 -0.024762 0.004011
v 0.032734 -0.021720 0.006576
v 0.034070 -0.018281 0.008745
v 0.035137 -0.014515 0.010476
v 0.035911 -0.010497 0.011733
v 0.036377 -0.006310 0.012490
v 0.036527 -0.002039 0.012733
v 0.036356 0.002229 0.012455
v 0.035868 0.006407 0.011663
v 0.035073 0.010410 0.010373
v 0.033987 0.014157 0.008611
v 0.032633 0.017571 0.006413
v 0.031038 0.020583 0.003823
v 0.029234 0.023131 0.000895
v 0.027258 0.025164 -0.002312
v 0.025151 0.026640 -0.005732
v 0.022955 0.027530 -0.009297
v 0.020715 0.027814 -0.012933
v 0.018476 0.027488 -0.016567
v 0.016284 0.026558 -0.020124
v 0.014185 0.025043 -0.023532
v -0.006663 0.025058 -0.015090
v -0.008649 0.022487 -0.017876
v -0.010460 0.019457 -0.020298
v -0.012058 0.016032 -0.022307
v -0.013410 0.012280 -0.023862
v -0.014489 0.008279 -0.024931
v -0.015273 0.004108 -0.025492
v -0.015747 -0.000146 -0.025535
v -0.015899 -0.004397 -0.025058
v -0.015729 -0.008558 -0.024070
v -0.015237 -0.012545 -0.022593
v -0.014436 -0.016277 -0.020656
v -0.013341 -0.019677 -0.018298
v -0.011974 -0.022677 -0.015568
v -0.010364 -0.025216 -0.012521
v -0.008542 -0.027241 -0.009219
v -0.006547 -0.028711 -0.005729
v -0.004418 -0.029597 -0.002123
v -0.002200 -0.029880 0.001527
v 0.000064 -0.029555 0.005145
v 0.002326 -0.028629 0.008659
v 0.004540 -0.027120 0.011996
v 0.006663 -0.025058 0.015090
v 0.008649 -0.022487 0.017876
v 0.010460 -0.019457 0.020298
v 0.012058 -0.016032 0.022307
v 0.013410 -0.012280 0.023862
v 0.014489 -0.008279 0.024931
v 0.015273 -0.004108 0.025492
v 0.015747 0.000146 0.025535
v 0.015899 0.004397 0.025058
v 0.015729 0.008558 0.024070
v 0.015237 0.012545 0.022593
v 0.014436 0.016277 0.020656
v 0.013341 0.019677 0.018298
v 0.011974 0.022677 0.015568
v 0.010364 0.025216 0.012521
v 0.008542 0.027241 0.009219
v 0.006547 0.028711 0.005729
v 0.004418 0.029597 0.002123
v 0.002200 0.029880 -0.001527
v -0.000064 0.029555 -0.005145
v -0.002326 0.028629 -0.008659
v -0.004540 0.027120 -0.011996
vn -0.0333 -0.9918 0.1232
vn -0.1051 -0.9802 0.1677
vn -0.1813 -0.9823 0.0476
vn -0.1083 -0.9941 0.0022
vn 0.0424 -0.9694 0.2418
vn -0.0267 -0.9583 0.2844
vn 0.1174 -0.9273 0.3554
vn 0.0522 -0.9170 0.3954
vn 0.1900 -0.8664 0.4618
vn 0.1301 -0.8572 0.4983
vn 0.2588 -0.7878 0.5589
vn 0.2054 -0.7800 0.5911
vn 0.3223 -0.6931 0.6448
vn 0.2765 -0.6870 0.6721
vn 0.3793 -0.5842 0.7175
vn 0.3419 -0.5800 0.7394
vn 0.4284 -0.4634 0.7757
vn 0.4004 -0.4612 0.7918
vn 0.4687 -0.3330 0.8182
vn 0.4507 -0.3331 0.8282
vn 0.4993 -0.1958 0.8440
vn 0.4919 -0.1981 0.8478
vn 0.5196 -0.0545 0.8527
vn 0.5229 -0.0591 0.8503
vn 0.5290 0.0879 0.8441
vn 0.5433 0.0813 0.8356
vn 0.5274 0.2285 0.8183
vn 0.5526 0.2201 0.8039
vn 0.5150 0.3645 0.7759
vn 0.5505 0.3545 0.7558
vn 0.4919 0.4929 0.7177
vn 0.5371 0.4818 0.6924
vn 0.4586 0.6112 0.6451
vn 0.5127 0.5994 0.6147
vn 0.4160 0.7169 0.5594
vn 0.4778 0.7047 0.5245
vn 0.3650 0.8081 0.4624
vn 0.4331 0.7957 0.4234
vn 0.3066 0.8828 0.3560
vn 0.3795 0.8705 0.3135
vn 0.2421 0.9395 0.2425
vn 0.3181 0.9273 0.1971
vn 0.1727 0.9771 0.1240
vn 0.2501 0.9652 0.0766
vn 0.1000 0.9950 0.0029
vn 0.1771 0.9831 -0.0455
vn 0.0253 0.9927 -0.1182
vn 0.1005 0.9809 -0.1668
vn -0.0498 0.9702 -0.2371
vn 0.0219 0.9584 -0.2846
vn -0.1238 0.9281 -0.3512
vn -0.0571 0.9163 -0.3965
vn -0.1954 0.8670 -0.4583
vn -0.1350 0.8553 -0.5002
vn -0.2630 0.7883 -0.5562
vn -0.2100 0.7769 -0.5936
vn -0.3254 0.6935 -0.6427
vn -0.2807 0.6826 -0.6747
vn -0.3813 0.5845 -0.7162
vn -0.3457 0.5745 -0.7420
vn -0.4295 0.4636 -0.7750
vn -0.4036 0.4547 -0.7939
vn -0.4692 0.3331 -0.8179
vn -0.4534 0.3258 -0.8297
vn -0.4994 0.1958 -0.8439
vn -0.4939 0.1904 -0.8484
vn -0.5196 0.0545 -0.8527
vn -0.5245 0.0512 -0.8499
vn -0.5294 -0.0879 -0.8438
vn -0.5445 -0.0890 -0.8340
vn -0.5284 -0.2284 -0.8177
vn -0.5535 -0.2272 -0.8012
vn -0.5168 -0.3642 -0.7748
vn -0.5514 -0.3608 -0.7522
vn -0.4948 -0.4925 -0.7160
vn -0.5381 -0.4871 -0.6879
vn -0.4627 -0.6106 -0.6427
vn -0.5139 -0.6034 -0.6097
vn -0.4213 -0.7163 -0.5563
vn -0.4794 -0.7075 -0.5192
vn -0.3714 -0.8073 -0.4586
vn -0.4351 -0.7974 -0.4182
vn -0.3139 -0.8819 -0.3517
vn -0.3820 -0.8711 -0.3087
vn -0.2500 -0.9386 -0.2377
vn -0.3212 -0.9271 -0.1930
vn -0.1810 -0.9763 -0.1189
vn -0.2539 -0.9645 -0.0734
vn -0.2430 -0.9354 0.2568
vn -0.3227 -0.9362 0.1392
vn -0.1582 -0.9157 0.3693
vn -0.0703 -0.8776 0.4743
vn 0.0190 -0.8216 0.5698
vn 0.1080 -0.7490 0.6537
vn 0.1948 -0.6611 0.7245
vn 0.2777 -0.5599 0.7807
vn 0.3550 -0.4471 0.8210
vn 0.4250 -0.3253 0.8447
vn 0.4865 -0.1967 0.8512
vn 0.5381 -0.0641 0.8405
vn 0.5787 0.0699 0.8125
vn 0.6076 0.2026 0.7680
vn 0.6240 0.3312 0.7077
vn 0.6278 0.4530 0.6330
vn 0.6187 0.5657 0.5452
vn 0.5970 0.6668 0.4461
vn 0.5631 0.7542 0.3379
vn 0.5176 0.8261 0.2227
vn 0.4615 0.8811 0.1029
vn 0.3960 0.9181 -0.0190
vn 0.3223 0.9361 -0.1405
vn 0.2420 0.9350 -0.2592
vn 0.1568 0.9147 -0.3724
vn 0.0683 0.8757 -0.4780
vn -0.0216 0.8187 -0.5738
vn -0.1111 0.7451 -0.6577
vn -0.1982 0.6562 -0.7281
vn -0.2813 0.5540 -0.7836
vn -0.3586 0.4405 -0.8230
vn -0.4286 0.3181 -0.8457
vn -0.4897 0.1893 -0.8511
vn -0.5409 0.0567 -0.8392
vn -0.5811 -0.0769 -0.8102
vn -0.6094 -0.2090 -0.7649
vn -0.6253 -0.3367 -0.7040
vn -0.6285 -0.4576 -0.6290
vn -0.6190 -0.5692 -0.5412
vn -0.5969 -0.6692 -0.4426
vn -0.5628 -0.7557 -0.3350
vn -0.5173 -0.8269 -0.2207
vn -0.4613 -0.8814 -0.1020
vn -0.3960 -0.9180 0.0188
vn -0.3657 -0.8648 0.3441
vn -0.4508 -0.8624 0.2303
vn -0.2732 -0.8496 0.4510
vn -0.1752 -0.8173 0.5489
vn -0.0736 -0.7685 0.6356
vn 0.0295 -0.7040 0.7096
vn 0.1321 -0.6252 0.7692
vn 0.2320 -0.5337 0.8132
vn 0.3272 -0.4313 0.8408
vn 0.4158 -0.3200 0.8513
vn 0.4960 -0.2022 0.8444
vn 0.5661 -0.0802 0.8204
vn 0.6248 0.0436 0.7796
vn 0.6707 0.1665 0.7228
vn 0.7029 0.2860 0.6513
vn 0.7208 0.3997 0.5663
vn 0.7239 0.5053 0.4697
vn 0.7123 0.6005 0.3634
vn 0.6860 0.6834 0.2496
vn 0.6457 0.7523 0.1306
vn 0.5922 0.8057 0.0089
vn 0.5265 0.8426 -0.1129
vn 0.4500 0.8623 -0.2324
vn 0.3642 0.8642 -0.3471
vn 0.2710 0.8484 -0.4547
vn 0.1722 0.8153 -0.5528
vn 0.0699 0.7655 -0.6396
vn -0.0338 0.7001 -0.7133
vn -0.1367 0.6204 -0.7723
vn -0.2369 0.5281 -0.8155
vn -0.3322 0.4251 -0.8420
vn -0.4206 0.3135 -0.8514
vn -0.5004 0.1956 -0.8434
vn -0.5700 0.0737 -0.8183
vn -0.6280 -0.0496 -0.7766
vn -0.6732 -0.1718 -0.7192
vn -0.7047 -0.2905 -0.6473
vn -0.7219 -0.4033 -0.5623
vn -0.7245 -0.5079 -0.4660
vn -0.7124 -0.6022 -0.3603
vn -0.6859 -0.6844 -0.2473
vn -0.6456 -0.7527 -0.1294
vn -0.5922 -0.8058 -0.0089
vn -0.5268 -0.8426 0.1119
vn -0.4662 -0.7746 0.4273
vn -0.5575 -0.7666 0.3186
vn -0.3655 -0.7670 0.5274
vn -0.2573 -0.7438 0.6169
vn -0.1439 -0.7056 0.6939
vn -0.0276 -0.6530 0.7569
vn 0.0894 -0.5871 0.8046
vn 0.2045 -0.5092 0.8360
vn 0.3156 -0.4209 0.8504
vn 0.4203 -0.3240 0.8475
vn 0.5165 -0.2205 0.8274
vn 0.6022 -0.1124 0.7904
vn 0.6757 -0.0019 0.7372
vn 0.7354 0.1086 0.6689
vn 0.7801 0.2169 0.5868
vn 0.8089 0.3208 0.4927
vn 0.8211 0.4182 0.3884
vn 0.8165 0.5070 0.2761
vn 0.7952 0.5853 0.1581
vn 0.7576 0.6517 0.0369
vn 0.7044 0.7047 -0.0852
vn 0.6368 0.7432 -0.2054
vn 0.5561 0.7665 -0.3215
vn 0.4640 0.7740 -0.4308
vn 0.3623 0.7658 -0.5313
vn 0.2533 0.7419 -0.6209
vn 0.1391 0.7028 -0.6977
vn 0.0221 0.6494 -0.7601
vn -0.0953 0.5828 -0.8070
vn -0.2107 0.5043 -0.8374
vn -0.3217 0.4156 -0.8507
vn -0.4261 0.3185 -0.8467
vn -0.5218 0.2150 -0.8255
vn -0.6068 0.1071 -0.7876
vn -0.6795 -0.0029 -0.7337
vn -0.7383 -0.1128 -0.6650
vn -0.7822 -0.2204 -0.5828
vn -0.8101 -0.3235 -0.4889
vn -0.8217 -0.4200 -0.3852
vn -0.8167 -0.5081 -0.2737
vn -0.7951 -0.5858 -0.1567
vn -0.7575 -0.6518 -0.0365
vn -0.7046 -0.7045 0.0844
vn -0.6375 -0.7431 0.2036
vn -0.5408 -0.6724 0.5054
vn -0.6383 -0.6558 0.4032
vn -0.4324 -0.6753 0.5975
vn -0.3153 -0.6646 0.6775
vn -0.1916 -0.6403 0.7438
vn -0.0641 -0.6031 0.7951
vn 0.0648 -0.5536 0.8303
vn 0.1925 -0.4927 0.8486
vn 0.3163 -0.4219 0.8497
vn 0.4337 -0.3423 0.8335
vn 0.5423 -0.2558 0.8003
vn 0.6400 -0.1639 0.7507
vn 0.7246 -0.0687 0.6857
vn 0.7944 0.0279 0.6067
vn 0.8481 0.1240 0.5152
vn 0.8844 0.2175 0.4130
vn 0.9025 0.3066 0.3024
vn 0.9022 0.3893 0.1855
vn 0.8834 0.4641 0.0647
vn 0.8465 0.5294 -0.0573
vn 0.7921 0.5837 -0.1782
vn 0.7216 0.6262 -0.2954
vn 0.6362 0.6558 -0.4065
vn 0.5378 0.6719 -0.5092
vn 0.4283 0.6744 -0.6015
vn 0.3102 0.6630 -0.6813
vn 0.1857 0.6381 -0.7472
vn 0.0576 0.6003 -0.7977
vn -0.0718 0.5502 -0.8320
vn -0.1995 0.4889 -0.8492
vn -0.3232 0.4177 -0.8492
vn -0.4401 0.3380 -0.8319
vn -0.5481 0.2515 -0.7977
vn -0.6449 0.1599 -0.7474
vn -0.7285 0.0651 -0.6819
vn -0.7974 -0.0310 -0.6027
vn -0.8500 -0.1264 -0.5113
vn -0.8855 -0.2193 -0.4096
vn -0.9030 -0.3077 -0.2997
vn -0.9023 -0.3900 -0.1838
vn -0.8834 -0.4643 -0.0641
vn -0.8466 -0.5292 0.0568
vn -0.7927 -0.5835 0.1766
vn -0.7228 -0.6260 0.2928
vn -0.5886 -0.5658 0.5774
vn -0.6911 -0.5378 0.4828
vn -0.4741 -0.5824 0.6603
vn -0.3501 -0.5871 0.7299
vn -0.2188 -0.5799 0.7847
vn -0.0831 -0.5609 0.8237
vn 0.0544 -0.5305 0.8459
vn 0.1909 -0.4893 0.8510
vn 0.3235 -0.4380 0.8387
vn 0.4497 -0.3778 0.8094
vn 0.5667 -0.3099 0.7634
vn 0.6722 -0.2356 0.7019
vn 0.7640 -0.1565 0.6259
vn 0.8402 -0.0742 0.5371
vn 0.8993 0.0097 0.4372
vn 0.9399 0.0933 0.3283
vn 0.9613 0.1750 0.2126
vn 0.9630 0.2531 0.0926
vn 0.9449 0.3260 -0.0294
vn 0.9074 0.3922 -0.1508
vn 0.8513 0.4504 -0.2691
vn 0.7777 0.4994 -0.3818
vn 0.6882 0.5381 -0.4866
vn 0.5846 0.5658 -0.5814
vn 0.4691 0.5820 -0.6642
vn 0.3440 0.5863 -0.7334
vn 0.2120 0.5786 -0.7876
vn 0.0757 0.5591 -0.8256
vn -0.0621 0.5283 -0.8468
vn -0.1985 0.4867 -0.8507
vn -0.3309 0.4352 -0.8373
vn -0.4564 0.3749 -0.8070
vn -0.5725 0.3070 -0.7602
vn -0.6770 0.2328 -0.6981
vn -0.7678 0.1540 -0.6219
vn -0.8429 0.0721 -0.5332
vn -0.9010 -0.0113 -0.4337
vn -0.9408 -0.0945 -0.3255
vn -0.9616 -0.1757 -0.2107
vn -0.9630 -0.2534 -0.0917
vn -0.9449 -0.3259 0.0292
vn -0.9078 -0.3919 0.1494
vn -0.8523 -0.4500 0.2667
vn -0.7796 -0.4990 0.3786
vn -0.6108 -0.4628 0.6425
vn -0.7163 -0.4207 0.5567
vn -0.4929 -0.4954 0.7153
vn -0.3650 -0.5180 0.7736
vn -0.2296 -0.5301 0.8162
vn -0.0895 -0.5314 0.8424
vn 0.0525 -0.5219 0.8514
vn 0.1936 -0.5018 0.8431
vn 0.3307 -0.4714 0.8176
vn 0.4612 -0.4314 0.7754
vn 0.5824 -0.3825 0.7173
vn 0.6917 -0.3259 0.6445
vn 0.7869 -0.2625 0.5585
vn 0.8660 -0.1938 0.4609
vn 0.9274 -0.1212 0.3539
vn 0.9698 -0.0461 0.2396
vn 0.9923 0.0300 0.1203
vn 0.9944 0.1054 -0.0015
vn 0.9762 0.1787 -0.1232
vn 0.9378 0.2483 -0.2424
vn 0.8803 0.3129 -0.3566
vn 0.8047 0.3710 -0.4635
vn 0.7127 0.4215 -0.5607
vn 0.6061 0.4635 -0.6465
vn 0.4871 0.4959 -0.7189
vn 0.3582 0.5182 -0.7766
vn 0.2221 0.5300 -0.8184
vn 0.0816 0.5309 -0.8435
vn -0.0606 0.5211 -0.8514
vn -0.2014 0.5006 -0.8419
vn -0.3381 0.4699 -0.8154
vn -0.4678 0.4297 -0.7723
vn -0.5880 0.3808 -0.7136
vn -0.6962 0.3242 -0.6405
vn -0.7902 0.2610 -0.5545
vn -0.8682 0.1925 -0.4573
vn -0.9287 0.1201 -0.3509
vn -0.9704 0.0453 -0.2374
vn -0.9924 -0.0304 -0.1192
vn -0.9944 -0.1054 0.0015
vn -0.9764 -0.1784 0.1221
vn -0.9386 -0.2478 0.2402
vn -0.8818 -0.3121 0.3536
vn -0.8072 -0.3701 0.4598
vn -0.6111 -0.3698 0.6998
vn -0.7166 -0.3118 0.6240
vn -0.4932 -0.4204 0.7616
vn -0.3652 -0.4625 0.8079
vn -0.2298 -0.4951 0.8379
vn -0.0896 -0.5177 0.8508
vn 0.0526 -0.5298 0.8465
vn 0.1937 -0.5311 0.8249
vn 0.3309 -0.5215 0.7864
vn 0.4615 -0.5013 0.7319
vn 0.5827 -0.4709 0.6624
vn 0.6920 -0.4308 0.5792
vn 0.7872 -0.3820 0.4842
vn 0.8663 -0.3253 0.3791
vn 0.9276 -0.2620 0.2662
vn 0.9699 -0.1933 0.1479
vn 0.9923 -0.1206 0.0264
vn 0.9944 -0.0455 -0.0955
vn 0.9760 0.0306 -0.2155
vn 0.9376 0.1060 -0.3311
vn 0.8800 0.1793 -0.4398
vn 0.8044 0.2489 -0.5394
vn 0.7123 0.3134 -0.6280
vn 0.6057 0.3715 -0.7036
vn 0.4868 0.4221 -0.7648
vn 0.3580 0.4640 -0.8103
vn 0.2220 0.4964 -0.8392
vn 0.0815 0.5187 -0.8511
vn -0.0605 0.5304 -0.8456
vn -0.2013 0.5313 -0.8229
vn -0.3379 0.5214 -0.7836
vn -0.4675 0.5009 -0.7284
vn -0.5877 0.4702 -0.6584
vn -0.6959 0.4300 -0.5752
vn -0.7899 0.3811 -0.4804
vn -0.8680 0.3245 -0.3759
vn -0.9285 0.2613 -0.2639
vn -0.9702 0.1929 -0.1465
vn -0.9924 0.1206 -0.0262
vn -0.9945 0.0458 0.0946
vn -0.9765 -0.0299 0.2136
vn -0.9387 -0.1050 0.3282
vn -0.8820 -0.1780 0.4362
vn -0.8075 -0.2474 0.5355
vn -0.5949 -0.2923 0.7488
vn -0.6968 -0.2171 0.6837
vn -0.4809 -0.3616 0.7987
vn -0.3571 -0.4235 0.8325
vn -0.2260 -0.4769 0.8494
vn -0.0902 -0.5206 0.8490
vn 0.0476 -0.5537 0.8313
vn 0.1844 -0.5756 0.7967
vn 0.3176 -0.5857 0.7457
vn 0.4443 -0.5838 0.6795
vn 0.5619 -0.5701 0.5994
vn 0.6682 -0.5447 0.5068
vn 0.7607 -0.5081 0.4039
vn 0.8377 -0.4612 0.2926
vn 0.8974 -0.4048 0.1753
vn 0.9388 -0.3401 0.0543
vn 0.9609 -0.2685 -0.0677
vn 0.9633 -0.1913 -0.1884
vn 0.9459 -0.1102 -0.3052
vn 0.9091 -0.0268 -0.4157
vn 0.8537 0.0571 -0.5176
vn 0.7809 0.1399 -0.6088
vn 0.6921 0.2198 -0.6875
vn 0.5892 0.2952 -0.7521
vn 0.4744 0.3645 -0.8013
vn 0.3499 0.4264 -0.8341
vn 0.2184 0.4796 -0.8499
vn 0.0825 0.5229 -0.8484
vn -0.0551 0.5556 -0.8296
vn -0.1914 0.5770 -0.7940
vn -0.3238 0.5866 -0.7423
vn -0.4495 0.5843 -0.6757
vn -0.5661 0.5702 -0.5953
vn -0.6712 0.5445 -0.5030
vn -0.7627 0.5077 -0.4005
vn -0.8388 0.4608 -0.2900
vn -0.8979 0.4045 -0.1737
vn -0.9389 0.3400 -0.0538
vn -0.9609 0.2687 0.0671
vn -0.9635 0.1919 0.1867
vn -0.9466 0.1113 0.3025
vn -0.9106 0.0284 0.4122
vn -0.8562 -0.0551 0.5137
vn -0.7844 -0.1375 0.6048
vn -0.5688 -0.2331 0.7887
vn -0.6631 -0.1408 0.7352
vn -0.4630 -0.3208 0.8263
vn -0.3477 -0.4020 0.8471
vn -0.2252 -0.4751 0.8506
vn -0.0981 -0.5385 0.8369
vn 0.0311 -0.5910 0.8061
vn 0.1598 -0.6314 0.7588
vn 0.2852 -0.6590 0.6960
vn 0.4049 -0.6732 0.6188
vn 0.5162 -0.6735 0.5290
vn 0.6171 -0.6602 0.4283
vn 0.7053 -0.6333 0.3187
vn 0.7790 -0.5934 0.2025
vn 0.8367 -0.5414 0.0822
vn 0.8773 -0.4783 -0.0399
vn 0.8999 -0.4053 -0.1611
vn 0.9040 -0.3240 -0.2790
vn 0.8896 -0.2361 -0.3911
vn 0.8569 -0.1433 -0.4951
vn 0.8067 -0.0476 -0.5890
vn 0.7401 0.0491 -0.6707
vn 0.6584 0.1447 -0.7387
vn 0.5632 0.2374 -0.7915
vn 0.4567 0.3252 -0.8281
vn 0.3408 0.4063 -0.8478
vn 0.2181 0.4790 -0.8503
vn 0.0911 0.5420 -0.8354
vn -0.0378 0.5940 -0.8036
vn -0.1658 0.6338 -0.7555
vn -0.2905 0.6607 -0.6922
vn -0.4091 0.6742 -0.6148
vn -0.5195 0.6741 -0.5251
vn -0.6194 0.6603 -0.4248
vn -0.7067 0.6331 -0.3159
vn -0.7797 0.5932 -0.2007
vn -0.8369 0.5412 -0.0814
vn -0.8773 0.4784 0.0395
vn -0.8999 0.4058 0.1596
vn -0.9044 0.3251 0.2765
vn -0.8905 0.2378 0.3878
vn -0.8587 0.1457 0.4913
vn -0.8095 0.0506 0.5850
vn -0.7438 -0.0455 0.6668
vn -0.5401 -0.1932 0.8191
vn -0.6227 -0.0847 0.7778
vn -0.4464 -0.2978 0.8438
vn -0.3436 -0.3964 0.8513
vn -0.2338 -0.4870 0.8415
vn -0.1191 -0.5677 0.8146
vn -0.0019 -0.6368 0.7710
vn 0.1154 -0.6930 0.7116
vn 0.2303 -0.7351 0.6376
vn 0.3406 -0.7621 0.5506
vn 0.4439 -0.7736 0.4521
vn 0.5381 -0.7693 0.3444
vn 0.6213 -0.7492 0.2295
vn 0.6917 -0.7137 0.1099
vn 0.7480 -0.6636 -0.0119
vn 0.7889 -0.5999 -0.1336
vn 0.8135 -0.5239 -0.2524
vn 0.8216 -0.4371 -0.3661
vn 0.8128 -0.3413 -0.4722
vn 0.7873 -0.2386 -0.5685
vn 0.7458 -0.1310 -0.6532
vn 0.6891 -0.0207 -0.7244
vn 0.6183 0.0900 -0.7808
vn 0.5349 0.1987 -0.8212
vn 0.4407 0.3034 -0.8448
vn 0.3376 0.4018 -0.8512
vn 0.2276 0.4920 -0.8403
vn 0.1131 0.5721 -0.8123
vn -0.0037 0.6405 -0.7679
vn -0.1203 0.6959 -0.7079
vn -0.2345 0.7372 -0.6337
vn -0.3439 0.7635 -0.5466
vn -0.4463 0.7743 -0.4485
vn -0.5397 0.7695 -0.3414
vn -0.6222 0.7491 -0.2275
vn -0.6920 0.7136 -0.1089
vn -0.7480 0.6636 0.0118
vn -0.7888 0.6003 0.1323
vn -0.8136 0.5248 0.2501
vn -0.8220 0.4387 0.3630
vn -0.8139 0.3438 0.4685
vn -0.7892 0.2419 0.5645
vn -0.7485 0.1350 0.6492
vn -0.6927 0.0254 0.7208
vn -0.5155 -0.1709 0.8397
vn -0.5829 -0.0486 0.8111
vn -0.4377 -0.2899 0.8511
vn -0.3508 -0.4029 0.8453
vn -0.2568 -0.5079 0.8223
vn -0.1575 -0.6025 0.7824
vn -0.0549 -0.6849 0.7265
vn 0.0488 -0.7534 0.6558
vn 0.1516 -0.8064 0.5715
vn 0.2512 -0.8431 0.4755
vn 0.3457 -0.8624 0.3697
vn 0.4332 -0.8641 0.2563
vn 0.5117 -0.8481 0.1376
vn 0.5797 -0.8147 0.0160
vn 0.6358 -0.7645 -0.1059
vn 0.6789 -0.6987 -0.2256
vn 0.7081 -0.6185 -0.3407
vn 0.7228 -0.5256 -0.4487
vn 0.7226 -0.4220 -0.5475
vn 0.7077 -0.3098 -0.6349
vn 0.6784 -0.1912 -0.7094
vn 0.6352 -0.0688 -0.7693
vn 0.5791 0.0549 -0.8134
vn 0.5112 0.1775 -0.8409
vn 0.4329 0.2964 -0.8513
vn 0.3459 0.4092 -0.8443
vn 0.2519 0.5136 -0.8202
vn 0.1528 0.6075 -0.7795
vn 0.0506 0.6890 -0.7230
vn -0.0526 0.7565 -0.6518
vn -0.1547 0.8087 -0.5676
vn -0.2536 0.8444 -0.4718
vn -0.3474 0.8631 -0.3666
vn -0.4342 0.8643 -0.2540
vn -0.5121 0.8480 -0.1363
vn -0.5798 0.8146 -0.0159
vn -0.6357 0.7648 0.1049
vn -0.6788 0.6995 0.2236
vn -0.7081 0.6201 0.3377
vn -0.7232 0.5281 0.4451
vn -0.7236 0.4254 0.5435
vn -0.7094 0.3141 0.6310
vn -0.6808 0.1964 0.7057
vn -0.6383 0.0747 0.7662
vn -0.5010 -0.1625 0.8500
vn -0.5500 -0.0294 0.8346
vn -0.4418 -0.2923 0.8482
vn -0.3735 -0.4162 0.8290
vn -0.2976 -0.5316 0.7930
vn -0.2156 -0.6363 0.7407
vn -0.1291 -0.7281 0.6732
vn -0.0400 -0.8050 0.5919
vn 0.0500 -0.8655 0.4984
vn 0.1389 -0.9083 0.3947
vn 0.2250 -0.9324 0.2828
vn 0.3064 -0.9375 0.1651
vn 0.3815 -0.9233 0.0439
vn 0.4489 -0.8902 -0.0781
vn 0.5070 -0.8388 -0.1986
vn 0.5547 -0.7702 -0.3149
vn 0.5910 -0.6858 -0.4247
vn 0.6153 -0.5873 -0.5258
vn 0.6270 -0.4769 -0.6160
vn 0.6259 -0.3567 -0.6936
vn 0.6120 -0.2293 -0.7569
vn 0.5856 -0.0972 -0.8048
vn 0.5473 0.0368 -0.8361
vn 0.4979 0.1699 -0.8504
vn 0.4383 0.2995 -0.8474
vn 0.3699 0.4229 -0.8272
vn 0.2940 0.5377 -0.7902
vn 0.2121 0.6415 -0.7372
vn 0.1260 0.7322 -0.6693
vn 0.0373 0.8081 -0.5879
vn -0.0521 0.8675 -0.4946
vn -0.1405 0.9094 -0.3914
vn -0.2260 0.9329 -0.2803
vn -0.3069 0.9376 -0.1635
vn -0.3817 0.9233 -0.0435
vn -0.4487 0.8903 0.0774
vn -0.5067 0.8394 0.1967
vn -0.5544 0.7715 0.3121
vn -0.5909 0.6880 0.4213
vn -0.6155 0.5906 0.5219
vn -0.6276 0.4812 0.6120
vn -0.6270 0.3620 0.6898
vn -0.6136 0.2355 0.7537
vn -0.5878 0.1041 0.8023
vn -0.5009 -0.1624 0.8501
vn -0.5295 -0.0226 0.8480
vn -0.4621 -0.2989 0.8349
vn -0.4139 -0.4294 0.8027
vn -0.3572 -0.5513 0.7540
vn -0.2932 -0.6619 0.6899
vn -0.2232 -0.7590 0.6116
vn -0.1486 -0.8407 0.5208
vn -0.0710 -0.9051 0.4192
vn 0.0081 -0.9510 0.3090
vn 0.0869 -0.9775 0.1924
vn 0.1640 -0.9838 0.0718
vn 0.2378 -0.9700 -0.0503
vn 0.3066 -0.9363 -0.1713
vn 0.3691 -0.8834 -0.2888
vn 0.4241 -0.8123 -0.4003
vn 0.4705 -0.7246 -0.5036
vn 0.5072 -0.6221 -0.5965
vn 0.5335 -0.5069 -0.6771
vn 0.5490 -0.3814 -0.7438
vn 0.5532 -0.2481 -0.7952
vn 0.5462 -0.1099 -0.8304
vn 0.5280 0.0306 -0.8487
vn 0.4991 0.1703 -0.8497
vn 0.4600 0.3064 -0.8334
vn 0.4116 0.4363 -0.8001
vn 0.3549 0.5572 -0.7507
vn 0.2909 0.6668 -0.6861
vn 0.2211 0.7628 -0.6076
vn 0.1468 0.8434 -0.5169
vn 0.0696 0.9068 -0.4158
vn -0.0091 0.9519 -0.3063
vn -0.0875 0.9778 -0.1906
vn -0.1642 0.9839 -0.0711
vn -0.2376 0.9701 0.0498
vn -0.3062 0.9367 0.1697
vn -0.3686 0.8844 0.2862
vn -0.4235 0.8143 0.3970
vn -0.4699 0.7276 0.4997
vn -0.5068 0.6262 0.5924
vn -0.5334 0.5121 0.6732
vn -0.5492 0.3876 0.7404
vn -0.5539 0.2552 0.7925
vn -0.5472 0.1175 0.8287
vn -0.5173 -0.1642 0.8399
vn -0.5244 -0.0221 0.8512
vn -0.4996 -0.3030 0.8115
vn -0.4717 -0.4357 0.7665
vn -0.4342 -0.5596 0.7059
vn -0.3879 -0.6721 0.6307
vn -0.3336 -0.7709 0.5426
vn -0.2724 -0.8540 0.4433
vn -0.2057 -0.9195 0.3348
vn -0.1348 -0.9663 0.2195
vn -0.0612 -0.9931 0.0996
vn 0.0137 -0.9997 -0.0224
vn 0.0884 -0.9856 -0.1438
vn 0.1612 -0.9514 -0.2624
vn 0.2307 -0.8977 -0.3755
vn 0.2955 -0.8255 -0.4808
vn 0.3543 -0.7365 -0.5762
vn 0.4058 -0.6324 -0.6598
vn 0.4490 -0.5155 -0.7298
vn 0.4831 -0.3880 -0.7849
vn 0.5073 -0.2528 -0.8239
vn 0.5211 -0.1124 -0.8460
vn 0.5243 0.0302 -0.8510
vn 0.5169 0.1721 -0.8386
vn 0.4989 0.3103 -0.8092
vn 0.4708 0.4423 -0.7634
vn 0.4331 0.5652 -0.7021
vn 0.3867 0.6766 -0.6267
vn 0.3324 0.7742 -0.5386
vn 0.2714 0.8562 -0.4397
vn 0.2049 0.9208 -0.3319
vn 0.1342 0.9668 -0.2175
vn 0.0609 0.9933 -0.0987
vn -0.0137 0.9997 0.0221
vn -0.0880 0.9859 0.1425
vn -0.1605 0.9522 0.2600
vn -0.2298 0.8992 0.3723
vn -0.2944 0.8281 0.4771
vn -0.3531 0.7402 0.5722
vn -0.4046 0.6373 0.6559
vn -0.4480 0.5214 0.7263
vn -0.4822 0.3949 0.7820
vn -0.5067 0.2603 0.8219
vn -0.5208 0.1204 0.8451
vn -0.5500 -0.1609 0.8195
vn -0.5359 -0.0209 0.8440
vn -0.5530 -0.2976 0.7782
vn -0.5446 -0.4284 0.7211
vn -0.5251 -0.5504 0.6491
vn -0.4949 -0.6612 0.5638
vn -0.4546 -0.7585 0.4669
vn -0.4050 -0.8403 0.3603
vn -0.3471 -0.9049 0.2463
vn -0.2821 -0.9509 0.1273
vn -0.2113 -0.9774 0.0056
vn -0.1361 -0.9838 -0.1162
vn -0.0582 -0.9701 -0.2357
vn 0.0209 -0.9364 -0.3502
vn 0.0997 -0.8836 -0.4575
vn 0.1763 -0.8127 -0.5554
vn 0.2494 -0.7252 -0.6418
vn 0.3174 -0.6228 -0.7151
vn 0.3789 -0.5078 -0.7737
vn 0.4326 -0.3825 -0.8164
vn 0.4775 -0.2495 -0.8425
vn 0.5126 -0.1115 -0.8514
vn 0.5372 0.0288 -0.8429
vn 0.5510 0.1683 -0.8174
vn 0.5535 0.3044 -0.7753
vn 0.5447 0.4342 -0.7174
vn 0.5249 0.5552 -0.6451
vn 0.4945 0.6649 -0.5598
vn 0.4540 0.7611 -0.4632
vn 0.4044 0.8419 -0.3572
vn 0.3466 0.9057 -0.2441
vn 0.2817 0.9512 -0.1261
vn 0.2112 0.9774 -0.0055
vn 0.1365 0.9839 0.1152
vn 0.0589 0.9706 0.2335
vn -0.0198 0.9376 0.3472
vn -0.0981 0.8856 0.4539
vn -0.1744 0.8158 0.5514
vn -0.2473 0.7294 0.6379
vn -0.3151 0.6282 0.7114
vn -0.3766 0.5142 0.7706
vn -0.4304 0.3897 0.8142
vn -0.4755 0.2572 0.8413
vn -0.5109 0.1194 0.8513
vn -0.5967 -0.1459 0.7891
vn -0.5626 -0.0123 0.8266
vn -0.6185 -0.2766 0.7355
vn -0.6278 -0.4017 0.6668
vn -0.6242 -0.5186 0.5844
vn -0.6079 -0.6249 0.4900
vn -0.5791 -0.7184 0.3854
vn -0.5385 -0.7972 0.2729
vn -0.4868 -0.8597 0.1548
vn -0.4252 -0.9045 0.0335
vn -0.3549 -0.9307 -0.0885
vn -0.2772 -0.9379 -0.2087
vn -0.1939 -0.9258 -0.3246
vn -0.1066 -0.8947 -0.4337
vn -0.0171 -0.8453 -0.5339
vn 0.0728 -0.7787 -0.6232
vn 0.1611 -0.6961 -0.6996
vn 0.2462 -0.5994 -0.7616
vn 0.3262 -0.4905 -0.8081
vn 0.3995 -0.3716 -0.8380
vn 0.4646 -0.2453 -0.8509
vn 0.5202 -0.1140 -0.8464
vn 0.5652 0.0195 -0.8247
vn 0.5987 0.1526 -0.7863
vn 0.6200 0.2825 -0.7320
vn 0.6287 0.4067 -0.6629
vn 0.6246 0.5225 -0.5804
vn 0.6079 0.6278 -0.4862
vn 0.5789 0.7203 -0.3822
vn 0.5382 0.7983 -0.2705
vn 0.4866 0.8601 -0.1534
vn 0.4251 0.9045 -0.0332
vn 0.3551 0.9307 0.0877
vn 0.2779 0.9381 0.2068
vn 0.1951 0.9265 0.3217
vn 0.1084 0.8962 0.4302
vn 0.0194 0.8478 0.5300
vn -0.0699 0.7821 0.6192
vn -0.1579 0.7006 0.6958
vn -0.2427 0.6049 0.7584
vn -0.3225 0.4968 0.8057
vn -0.3959 0.3786 0.8366
vn -0.4612 0.2526 0.8506
vn -0.5172 0.1214 0.8472
vn -0.6526 -0.1139 0.7491
vn -0.6011 0.0096 0.7991
vn -0.6908 -0.2352 0.6838
vn -0.7149 -0.3517 0.6043
vn -0.7244 -0.4611 0.5125
vn -0.7191 -0.5610 0.4101
vn -0.6991 -0.6494 0.2992
vn -0.6647 -0.7245 0.1822
vn -0.6168 -0.7847 0.0614
vn -0.5561 -0.8289 -0.0607
vn -0.4841 -0.8560 -0.1815
vn -0.4021 -0.8655 -0.2986
vn -0.3119 -0.8574 -0.4095
vn -0.2152 -0.8316 -0.5119
vn -0.1142 -0.7889 -0.6038
vn -0.0108 -0.7300 -0.6833
vn 0.0927 -0.6563 -0.7488
vn 0.1943 -0.5692 -0.7989
vn 0.2919 -0.4706 -0.8327
vn 0.3835 -0.3624 -0.8495
vn 0.4673 -0.2469 -0.8489
vn 0.5415 -0.1264 -0.8312
vn 0.6046 -0.0034 -0.7965
vn 0.6554 0.1196 -0.7458
vn 0.6929 0.2401 -0.6799
vn 0.7163 0.3557 -0.6003
vn 0.7252 0.4641 -0.5086
vn 0.7194 0.5631 -0.4067
vn 0.6990 0.6507 -0.2966
vn 0.6646 0.7251 -0.1805
vn 0.6167 0.7849 -0.0608
vn 0.5563 0.8288 0.0601
vn 0.4847 0.8560 0.1798
vn 0.4033 0.8659 0.2959
vn 0.3138 0.8583 0.4061
vn 0.2179 0.8333 0.5081
vn 0.1176 0.7914 0.5998
vn 0.0148 0.7335 0.6795
vn -0.0882 0.6607 0.7454
vn -0.1895 0.5745 0.7963
vn -0.2870 0.4765 0.8310
vn -0.3787 0.3688 0.8489
vn -0.4627 0.2535 0.8495
vn -0.5373 0.1330 0.8328
vn -0.7115 -0.0612 0.7000
vn -0.6457 0.0496 0.7620
vn -0.7628 -0.1708 0.6237
vn -0.7985 -0.2768 0.5345
vn -0.8179 -0.3773 0.4343
vn -0.8206 -0.4700 0.3252
vn -0.8064 -0.5530 0.2094
vn -0.7757 -0.6247 0.0892
vn -0.7291 -0.6836 -0.0328
vn -0.6675 -0.7284 -0.1541
vn -0.5923 -0.7584 -0.2723
vn -0.5048 -0.7727 -0.3848
vn -0.4070 -0.7713 -0.4894
vn -0.3009 -0.7540 -0.5839
vn -0.1887 -0.7214 -0.6663
vn -0.0726 -0.6740 -0.7351
vn 0.0449 -0.6129 -0.7889
vn 0.1615 -0.5394 -0.8264
vn 0.2747 -0.4549 -0.8471
vn 0.3822 -0.3612 -0.8506
vn 0.4819 -0.2601 -0.8367
vn 0.5717 -0.1539 -0.8059
vn 0.6499 -0.0445 -0.7587
vn 0.7148 0.0657 -0.6962
vn 0.7652 0.1746 -0.6197
vn 0.8001 0.2799 -0.5306
vn 0.8188 0.3795 -0.4308
vn 0.8209 0.4714 -0.3224
vn 0.8064 0.5538 -0.2075
vn 0.7756 0.6250 -0.0884
vn 0.7292 0.6835 0.0325
vn 0.6680 0.7283 0.1527
vn 0.5934 0.7584 0.2698
vn 0.5067 0.7731 0.3815
vn 0.4098 0.7722 0.4856
vn 0.3046 0.7557 0.5799
vn 0.1931 0.7238 0.6624
vn 0.0778 0.6773 0.7316
vn -0.0392 0.6169 0.7860
vn -0.1554 0.5440 0.8245
vn -0.2685 0.4600 0.8463
vn -0.3762 0.3666 0.8509
vn -0.4763 0.2657 0.8382
vn -0.5668 0.1593 0.8083
vn -0.7663 0.0137 0.6423
vn -0.6899 0.1099 0.7155
vn -0.8271 -0.0829 0.5559
vn -0.8709 -0.1777 0.4581
vn -0.8970 -0.2689 0.3509
vn -0.9046 -0.3546 0.2363
vn -0.8937 -0.4331 0.1170
vn -0.8645 -0.5026 -0.0049
vn -0.8175 -0.5618 -0.1266
vn -0.7538 -0.6095 -0.2457
vn -0.6746 -0.6447 -0.3597
vn -0.5815 -0.6666 -0.4663
vn -0.4766 -0.6750 -0.5632
vn -0.3619 -0.6696 -0.6486
vn -0.2398 -0.6505 -0.7207
vn -0.1129 -0.6181 -0.7780
vn 0.0162 -0.5731 -0.8193
vn 0.1450 -0.5165 -0.8439
vn 0.2707 -0.4494 -0.8513
vn 0.3908 -0.3732 -0.8414
vn 0.5030 -0.2894 -0.8144
vn 0.6048 -0.1998 -0.7709
vn 0.6943 -0.1061 -0.7118
vn 0.7697 -0.0103 -0.6383
vn 0.8295 0.0856 -0.5520
vn 0.8724 0.1798 -0.4545
vn 0.8977 0.2704 -0.3478
vn 0.9049 0.3555 -0.2342
vn 0.8937 0.4334 -0.1159
vn 0.8645 0.5026 0.0048
vn 0.8179 0.5616 0.1254
vn 0.7547 0.6092 0.2434
vn 0.6763 0.6446 0.3566
vn 0.5842 0.6669 0.4626
vn 0.4802 0.6757 0.5593
vn 0.3665 0.6709 0.6447
vn 0.2454 0.6524 0.7171
vn 0.1192 0.6207 0.7750
vn -0.0094 0.5763 0.8172
vn -0.1379 0.5202 0.8428
vn -0.2637 0.4535 0.8514
vn -0.3842 0.3775 0.8426
vn -0.4969 0.2937 0.8166
vn -0.5995 0.2039 0.7740
vn -0.8095 0.1098 0.5768
vn -0.7264 0.1910 0.6603
vn -0.8761 0.0264 0.4814
vn -0.9248 -0.0575 0.3761
vn -0.9545 -0.1402 0.2630
vn -0.9647 -0.2201 0.1446
vn -0.9551 -0.2954 0.0231
vn -0.9259 -0.3647 -0.0989
vn -0.8776 -0.4265 -0.2188
vn -0.8114 -0.4795 -0.3342
vn -0.7285 -0.5228 -0.4427
vn -0.6308 -0.5553 -0.5420
vn -0.5201 -0.5765 -0.6302
vn -0.3988 -0.5859 -0.7055
vn -0.2694 -0.5834 -0.7662
vn -0.1346 -0.5689 -0.8113
vn 0.0029 -0.5429 -0.8398
vn 0.1402 -0.5058 -0.8512
vn 0.2747 -0.4585 -0.8452
vn 0.4034 -0.4018 -0.8221
vn 0.5239 -0.3370 -0.7823
vn 0.6337 -0.2653 -0.7266
vn 0.7306 -0.1884 -0.6563
vn 0.8126 -0.1075 -0.5728
vn 0.8782 -0.0246 -0.4776
vn 0.9260 0.0589 -0.3729
vn 0.9551 0.1411 -0.2607
vn 0.9648 0.2205 -0.1432
vn 0.9551 0.2955 -0.0229
vn 0.9261 0.3645 0.0980
vn 0.8783 0.4261 0.2168
vn 0.8128 0.4791 0.3313
vn 0.7309 0.5224 0.4391
vn 0.6342 0.5552 0.5381
vn 0.5246 0.5767 0.6262
vn 0.4044 0.5865 0.7017
vn 0.2759 0.5845 0.7631
vn 0.1418 0.5705 0.8090
vn 0.0047 0.5449 0.8385
vn -0.1325 0.5083 0.8509
vn -0.2672 0.4612 0.8461
vn -0.3964 0.4047 0.8241
vn -0.5177 0.3399 0.7852
vn -0.6284 0.2682 0.7302
vn -0.8341 0.2239 0.5041
vn -0.7478 0.2905 0.5970
vn -0.9033 0.1528 0.4009
vn -0.9540 0.0786 0.2895
vn -0.9851 0.0027 0.1720
vn -0.9960 -0.0732 0.0510
vn -0.9865 -0.1476 -0.0711
vn -0.9567 -0.2190 -0.1917
vn -0.9073 -0.2858 -0.3083
vn -0.8393 -0.3469 -0.4186
vn -0.7541 -0.4008 -0.5202
vn -0.6535 -0.4466 -0.6111
vn -0.5396 -0.4832 -0.6895
vn -0.4147 -0.5099 -0.7537
vn -0.2813 -0.5263 -0.8024
vn -0.1423 -0.5319 -0.8348
vn -0.0005 -0.5266 -0.8501
vn 0.1412 -0.5107 -0.8481
vn 0.2800 -0.4843 -0.8289
vn 0.4131 -0.4481 -0.7928
vn 0.5377 -0.4028 -0.7407
vn 0.6513 -0.3494 -0.6736
vn 0.7516 -0.2889 -0.5929
vn 0.8368 -0.2225 -0.5003
vn 0.9049 -0.1516 -0.3976
vn 0.9548 -0.0777 -0.2869
vn 0.9854 -0.0022 -0.1704
vn 0.9960 0.0733 -0.0505
vn 0.9866 0.1474 0.0704
vn 0.9572 0.2185 0.1899
vn 0.9085 0.2851 0.3056
vn 0.8414 0.3461 0.4152
vn 0.7572 0.4000 0.5163
vn 0.6578 0.4458 0.6071
vn 0.5450 0.4826 0.6857
vn 0.4211 0.5096 0.7504
vn 0.2885 0.5262 0.7999
vn 0.1501 0.5322 0.8332
vn 0.0085 0.5273 0.8496
vn -0.1333 0.5117 0.8488
vn -0.2724 0.4857 0.8306
vn -0.4061 0.4497 0.7955
vn -0.5316 0.4045 0.7441
vn -0.6463 0.3511 0.6775
vn -0.8344 0.3505 0.4253
vn -0.7482 0.4040 0.5264
vn -0.9035 0.2899 0.3156
vn -0.9542 0.2234 0.1993
vn -0.9852 0.1522 0.0788
vn -0.9960 0.0780 -0.0432
vn -0.9864 0.0022 -0.1644
vn -0.9565 -0.0737 -0.2821
vn -0.9071 -0.1481 -0.3941
vn -0.8390 -0.2195 -0.4979
vn -0.7538 -0.2864 -0.5914
vn -0.6532 -0.3474 -0.6728
vn -0.5393 -0.4014 -0.7403
vn -0.4144 -0.4471 -0.7927
vn -0.2812 -0.4837 -0.8289
vn -0.1422 -0.5104 -0.8481
vn -0.0005 -0.5267 -0.8501
vn 0.1411 -0.5322 -0.8348
vn 0.2799 -0.5269 -0.8025
vn 0.4128 -0.5110 -0.7540
vn 0.5374 -0.4846 -0.6902
vn 0.6510 -0.4484 -0.6125
vn 0.7513 -0.4031 -0.5225
vn 0.8365 -0.3497 -0.4219
vn 0.9047 -0.2892 -0.3128
vn 0.9546 -0.2229 -0.1974
vn 0.9853 -0.1520 -0.0781
vn 0.9960 -0.0781 0.0428
vn 0.9866 -0.0026 0.1628
vn 0.9573 0.0729 0.2796
vn 0.9087 0.1470 0.3908
vn 0.8416 0.2181 0.4940
vn 0.7575 0.2848 0.5874
vn 0.6581 0.3457 0.6689
vn 0.5452 0.3997 0.7369
vn 0.4213 0.4455 0.7900
vn 0.2887 0.4823 0.8271
vn 0.1502 0.5093 0.8474
vn 0.0086 0.5259 0.8505
vn -0.1333 0.5319 0.8363
vn -0.2726 0.5269 0.8050
vn -0.4064 0.5113 0.7573
vn -0.5319 0.4852 0.6940
vn -0.6466 0.4492 0.6165
vn -0.8066 0.4826 0.3413
vn -0.7227 0.5252 0.4493
vn -0.8739 0.4301 0.2263
vn -0.9233 0.3689 0.1066
vn -0.9538 0.3000 -0.0153
vn -0.9647 0.2250 -0.1369
vn -0.9558 0.1454 -0.2556
vn -0.9273 0.0628 -0.3691
vn -0.8798 -0.0211 -0.4750
vn -0.8143 -0.1046 -0.5710
vn -0.7321 -0.1859 -0.6553
vn -0.6350 -0.2634 -0.7262
vn -0.5251 -0.3356 -0.7821
vn -0.4044 -0.4008 -0.8221
vn -0.2756 -0.4579 -0.8452
vn -0.1412 -0.5056 -0.8512
vn -0.0041 -0.5429 -0.8398
vn 0.1331 -0.5692 -0.8113
vn 0.2675 -0.5839 -0.7665
vn 0.3964 -0.5868 -0.7061
vn 0.5173 -0.5777 -0.6314
vn 0.6276 -0.5569 -0.5440
vn 0.7252 -0.5248 -0.4457
vn 0.8081 -0.4822 -0.3384
vn 0.8747 -0.4297 -0.2242
vn 0.9236 -0.3686 -0.1056
vn 0.9538 -0.3001 0.0151
vn 0.9648 -0.2255 0.1356
vn 0.9563 -0.1463 0.2533
vn 0.9284 -0.0642 0.3660
vn 0.8818 0.0193 0.4712
vn 0.8173 0.1023 0.5670
vn 0.7363 0.1833 0.6514
vn 0.6403 0.2606 0.7226
vn 0.5313 0.3326 0.7792
vn 0.4114 0.3979 0.8200
vn 0.2831 0.4551 0.8442
vn 0.1489 0.5031 0.8513
vn 0.0117 0.5409 0.8410
vn -0.1259 0.5676 0.8136
vn -0.2610 0.5828 0.7696
vn -0.3908 0.5861 0.7098
vn -0.5126 0.5774 0.6354
vn -0.6241 0.5570 0.5480
vn -0.7492 0.6121 0.2531
vn -0.6690 0.6465 0.3667
vn -0.8140 0.5652 0.1343
vn -0.8620 0.5067 0.0126
vn -0.8924 0.4378 -0.1092
vn -0.9045 0.3599 -0.2289
vn -0.8980 0.2746 -0.3437
vn -0.8731 0.1837 -0.4515
vn -0.8304 0.0890 -0.5500
vn -0.7707 -0.0075 -0.6372
vn -0.6952 -0.1039 -0.7112
vn -0.6056 -0.1980 -0.7707
vn -0.5037 -0.2881 -0.8144
vn -0.3916 -0.3723 -0.8414
vn -0.2715 -0.4489 -0.8513
vn -0.1460 -0.5162 -0.8439
vn -0.0176 -0.5731 -0.8193
vn 0.1111 -0.6182 -0.7781
vn 0.2375 -0.6508 -0.7212
vn 0.3590 -0.6701 -0.6497
vn 0.4732 -0.6758 -0.5651
vn 0.5779 -0.6679 -0.4690
vn 0.6708 -0.6464 -0.3636
vn 0.7501 -0.6119 -0.2508
vn 0.8143 -0.5650 -0.1330
vn 0.8621 -0.5066 -0.0125
vn 0.8924 -0.4381 0.1082
vn 0.9047 -0.3607 0.2268
vn 0.8987 -0.2760 0.3408
vn 0.8746 -0.1857 0.4479
vn 0.8327 -0.0917 0.5461
vn 0.7740 0.0042 0.6332
vn 0.6995 0.1001 0.7075
vn 0.6109 0.1939 0.7676
vn 0.5098 0.2838 0.8121
vn 0.3982 0.3681 0.8402
vn 0.2785 0.4448 0.8512
vn 0.1531 0.5125 0.8449
vn 0.0245 0.5699 0.8214
vn -0.1047 0.6156 0.7811
vn -0.2319 0.6488 0.7248
vn -0.3543 0.6688 0.6536
vn -0.4695 0.6751 0.5691
vn -0.5752 0.6676 0.4728
vn -0.6631 0.7308 0.1618
vn -0.5870 0.7597 0.2796
vn -0.7256 0.6869 0.0406
vn -0.7732 0.6289 -0.0815
vn -0.8050 0.5579 -0.2018
vn -0.8202 0.4756 -0.3180
vn -0.8186 0.3834 -0.4276
vn -0.8003 0.2834 -0.5284
vn -0.7656 0.1777 -0.6183
vn -0.7152 0.0683 -0.6955
vn -0.6503 -0.0425 -0.7585
vn -0.5722 -0.1524 -0.8058
vn -0.4824 -0.2591 -0.8368
vn -0.3829 -0.3604 -0.8506
vn -0.2756 -0.4544 -0.8471
vn -0.1627 -0.5390 -0.8264
vn -0.0466 -0.6127 -0.7890
vn 0.0704 -0.6738 -0.7355
vn 0.1859 -0.7213 -0.6672
vn 0.2976 -0.7541 -0.5855
vn 0.4033 -0.7716 -0.4919
vn 0.5008 -0.7735 -0.3884
vn 0.5882 -0.7598 -0.2771
vn 0.6637 -0.7307 -0.1603
vn 0.7257 -0.6868 -0.0402
vn 0.7731 -0.6291 0.0807
vn 0.8049 -0.5587 0.2000
vn 0.8205 -0.4769 0.3152
vn 0.8194 -0.3856 0.4241
vn 0.8018 -0.2864 0.5245
vn 0.7679 -0.1814 0.6143
vn 0.7185 -0.0727 0.6918
vn 0.6544 0.0375 0.7552
vn 0.5771 0.1470 0.8034
vn 0.4879 0.2535 0.8353
vn 0.3888 0.3549 0.8502
vn 0.2817 0.4492 0.8479
vn 0.1688 0.5343 0.8283
vn 0.0524 0.6086 0.7917
vn -0.0651 0.6705 0.7390
vn -0.1814 0.7188 0.6711
vn -0.2939 0.7524 0.5895
vn -0.4005 0.7706 0.4957
vn -0.4989 0.7731 0.3917
vn -0.5519 0.8311 0.0684
vn -0.4791 0.8571 0.1891
vn -0.6133 0.7881 -0.0536
vn -0.6621 0.7288 -0.1746
vn -0.6973 0.6546 -0.2919
vn -0.7183 0.5670 -0.4033
vn -0.7245 0.4677 -0.5063
vn -0.7159 0.3589 -0.5988
vn -0.6927 0.2428 -0.6791
vn -0.6554 0.1217 -0.7454
vn -0.6047 -0.0018 -0.7964
vn -0.5417 -0.1252 -0.8312
vn -0.4677 -0.2459 -0.8490
vn -0.3843 -0.3616 -0.8494
vn -0.2930 -0.4699 -0.8327
vn -0.1958 -0.5686 -0.7990
vn -0.0947 -0.6556 -0.7491
vn 0.0083 -0.7293 -0.6841
vn 0.1111 -0.7882 -0.6053
vn 0.2116 -0.8311 -0.5142
vn 0.3078 -0.8572 -0.4129
vn 0.3978 -0.8659 -0.3032
vn 0.4798 -0.8571 -0.1874
vn 0.5521 -0.8310 -0.0678
vn 0.6132 -0.7882 0.0531
vn 0.6619 -0.7294 0.1730
vn 0.6972 -0.6558 0.2894
vn 0.7185 -0.5690 0.3999
vn 0.7252 -0.4707 0.5024
vn 0.7173 -0.3629 0.5948
vn 0.6948 -0.2476 0.6752
vn 0.6582 -0.1274 0.7420
vn 0.6082 -0.0044 0.7938
vn 0.5458 0.1186 0.8295
vn 0.4723 0.2393 0.8483
vn 0.3891 0.3552 0.8499
vn 0.2980 0.4639 0.8343
vn 0.2007 0.5632 0.8015
vn 0.0993 0.6511 0.7524
vn -0.0042 0.7258 0.6879
vn -0.1077 0.7856 0.6093
vn -0.2089 0.8294 0.5181
vn -0.3059 0.8562 0.4163
vn -0.3966 0.8655 0.3059
vn -0.4210 0.9067 -0.0257
vn -0.3501 0.9317 0.0963
vn -0.4832 0.8631 -0.1472
vn -0.5355 0.8017 -0.2656
vn -0.5769 0.7239 -0.3785
vn -0.6064 0.6312 -0.4836
vn -0.6235 0.5257 -0.5787
vn -0.6279 0.4094 -0.6619
vn -0.6195 0.2848 -0.7315
vn -0.5984 0.1544 -0.7862
vn -0.5652 0.0209 -0.8247
vn -0.5204 -0.1130 -0.8464
vn -0.4651 -0.2444 -0.8509
vn -0.4003 -0.3708 -0.8380
vn -0.3274 -0.4896 -0.8081
vn -0.2479 -0.5984 -0.7619
vn -0.1634 -0.6950 -0.7002
vn -0.0756 -0.7774 -0.6244
vn 0.0137 -0.8441 -0.5360
vn 0.1028 -0.8936 -0.4369
vn 0.1897 -0.9251 -0.3289
vn 0.2728 -0.9379 -0.2143
vn 0.3504 -0.9317 -0.0953
vn 0.4209 -0.9067 0.0255
vn 0.4829 -0.8634 0.1458
vn 0.5352 -0.8027 0.2632
vn 0.5766 -0.7257 0.3753
vn 0.6064 -0.6341 0.4798
vn 0.6239 -0.5296 0.5747
vn 0.6288 -0.4143 0.6580
vn 0.6209 -0.2906 0.7280
vn 0.6004 -0.1610 0.7833
vn 0.5677 -0.0280 0.8228
vn 0.5234 0.1055 0.8455
vn 0.4684 0.2370 0.8511
vn 0.4039 0.3638 0.8394
vn 0.3311 0.4832 0.8105
vn 0.2515 0.5928 0.7651
vn 0.1667 0.6904 0.7040
vn 0.0785 0.7739 0.6284
vn -0.0113 0.8416 0.5400
vn -0.1009 0.8921 0.4404
vn -0.1884 0.9244 0.3317
vn -0.2721 0.9377 0.2162
vn -0.2777 0.9532 -0.1196
vn -0.2066 0.9784 0.0022
vn -0.3431 0.9084 -0.2389
vn -0.4015 0.8450 -0.3533
vn -0.4517 0.7642 -0.4603
vn -0.4926 0.6679 -0.5579
vn -0.5235 0.5578 -0.6440
vn -0.5437 0.4364 -0.7169
vn -0.5528 0.3062 -0.7751
vn -0.5506 0.1697 -0.8174
vn -0.5371 0.0299 -0.8430
vn -0.5128 -0.1105 -0.8514
vn -0.4780 -0.2485 -0.8425
vn -0.4335 -0.3814 -0.8164
vn -0.3802 -0.5065 -0.7739
vn -0.3192 -0.6213 -0.7156
vn -0.2518 -0.7233 -0.6429
vn -0.1792 -0.8108 -0.5573
vn -0.1030 -0.8817 -0.4604
vn -0.0248 -0.9348 -0.3542
vn 0.0539 -0.9690 -0.2409
vn 0.1316 -0.9837 -0.1228
vn 0.2066 -0.9784 -0.0022
vn 0.2774 -0.9534 0.1185
vn 0.3426 -0.9092 0.2367
vn 0.4009 -0.8465 0.3502
vn 0.4511 -0.7668 0.4567
vn 0.4922 -0.6715 0.5540
vn 0.5233 -0.5626 0.6401
vn 0.5438 -0.4422 0.7132
vn 0.5532 -0.3129 0.7720
vn 0.5515 -0.1771 0.8152
vn 0.5384 -0.0377 0.8418
vn 0.5145 0.1026 0.8514
vn 0.4800 0.2408 0.8436
vn 0.4357 0.3743 0.8186
vn 0.3825 0.5001 0.7769
vn 0.3215 0.6159 0.7193
vn 0.2539 0.7191 0.6469
vn 0.1811 0.8076 0.5613
vn 0.1046 0.8796 0.4641
vn 0.0260 0.9336 0.3573
vn -0.0532 0.9685 0.2431
vn -0.1312 0.9836 0.1240
vn -0.1302 0.9686 -0.2119
vn -0.0564 0.9942 -0.0919
vn -0.2013 0.9231 -0.3277
vn -0.2683 0.8587 -0.4366
vn -0.3298 0.7767 -0.5366
vn -0.3846 0.6789 -0.6255
vn -0.4315 0.5672 -0.7015
vn -0.4696 0.4439 -0.7631
vn -0.4981 0.3117 -0.8091
vn -0.5165 0.1732 -0.8386
vn -0.5243 0.0312 -0.8510
vn -0.5214 -0.1113 -0.8460
vn -0.5079 -0.2515 -0.8239
vn -0.4841 -0.3865 -0.7850
vn -0.4504 -0.5136 -0.7303
vn -0.4076 -0.6303 -0.6608
vn -0.3566 -0.7341 -0.5779
vn -0.2983 -0.8230 -0.4834
vn -0.2340 -0.8952 -0.3792
vn -0.1650 -0.9494 -0.2673
vn -0.0927 -0.9843 -0.1501
vn -0.0184 -0.9994 -0.0299
vn 0.0562 -0.9943 0.0910
vn 0.1296 -0.9691 0.2100
vn 0.2005 -0.9243 0.3248
vn 0.2673 -0.8608 0.4331
vn 0.3287 -0.7799 0.5326
vn 0.3834 -0.6832 0.6215
vn 0.4304 -0.5726 0.6977
vn 0.4687 -0.4504 0.7599
vn 0.4974 -0.3190 0.8067
vn 0.5160 -0.1810 0.8372
vn 0.5242 -0.0393 0.8507
vn 0.5217 0.1033 0.8469
vn 0.5085 0.2439 0.8258
vn 0.4849 0.3796 0.7879
vn 0.4515 0.5076 0.7338
vn 0.4088 0.6253 0.6647
vn 0.3578 0.7303 0.5819
vn 0.2995 0.8203 0.4872
vn 0.2350 0.8936 0.3824
vn 0.1657 0.9486 0.2698
vn 0.0931 0.9841 0.1515
vn 0.0185 0.9994 0.0301
vn 0.0131 0.9533 -0.3017
vn 0.0919 0.9785 -0.1848
vn -0.0660 0.9086 -0.4124
vn -0.1437 0.8453 -0.5146
vn -0.2185 0.7647 -0.6062
vn -0.2889 0.6685 -0.6853
vn -0.3533 0.5587 -0.7504
vn -0.4105 0.4375 -0.8000
vn -0.4593 0.3075 -0.8334
vn -0.4987 0.1712 -0.8497
vn -0.5280 0.0316 -0.8487
vn -0.5464 -0.1086 -0.8304
vn -0.5538 -0.2465 -0.7953
vn -0.5498 -0.3794 -0.7441
vn -0.5348 -0.5045 -0.6779
vn -0.5088 -0.6193 -0.5980
vn -0.4726 -0.7216 -0.5060
vn -0.4268 -0.8092 -0.4038
vn -0.3723 -0.8805 -0.2935
vn -0.3104 -0.9339 -0.1773
vn -0.2422 -0.9685 -0.0575
vn -0.1690 -0.9836 0.0634
vn -0.0925 -0.9787 0.1831
vn -0.0141 -0.9541 0.2991
vn 0.0646 -0.9102 0.4090
vn 0.1420 -0.8479 0.5108
vn 0.2165 -0.7684 0.6022
vn 0.2867 -0.6734 0.6815
vn 0.3510 -0.5646 0.7470
vn 0.4082 -0.4443 0.7975
vn 0.4572 -0.3149 0.8317
vn 0.4969 -0.1791 0.8491
vn 0.5265 -0.0395 0.8493
vn 0.5453 0.1009 0.8321
vn 0.5531 0.2394 0.7980
vn 0.5496 0.3731 0.7475
vn 0.5348 0.4992 0.6818
vn 0.5092 0.6151 0.6020
vn 0.4731 0.7185 0.5098
vn 0.4274 0.8072 0.4072
vn 0.3729 0.8794 0.2961
vn 0.3108 0.9335 0.1789
vn 0.2423 0.9685 0.0580
vn 0.1689 0.9836 -0.0640
vn 0.1445 0.9104 -0.3878
vn 0.2303 0.9333 -0.2754
vn 0.0557 0.8688 -0.4921
vn -0.0342 0.8094 -0.5863
vn -0.1235 0.7335 -0.6684
vn -0.2102 0.6426 -0.7368
vn -0.2925 0.5387 -0.7901
vn -0.3689 0.4238 -0.8272
vn -0.4377 0.3004 -0.8475
vn -0.4976 0.1709 -0.8504
vn -0.5472 0.0380 -0.8361
vn -0.5858 -0.0956 -0.8048
vn -0.6124 -0.2272 -0.7572
vn -0.6265 -0.3542 -0.6943
vn -0.6279 -0.4739 -0.6174
vn -0.6166 -0.5840 -0.5280
vn -0.5928 -0.6822 -0.4279
vn -0.5571 -0.7666 -0.3193
vn -0.5100 -0.8356 -0.2042
vn -0.4527 -0.8876 -0.0851
vn -0.3862 -0.9217 0.0358
vn -0.3119 -0.9372 0.1560
vn -0.2313 -0.9338 0.2730
vn -0.1460 -0.9115 0.3845
vn -0.0578 -0.8707 0.4883
vn 0.0316 -0.8124 0.5823
vn 0.1204 -0.7375 0.6645
vn 0.2067 -0.6477 0.7333
vn 0.2889 -0.5447 0.7873
vn 0.3653 -0.4305 0.8254
vn 0.4342 -0.3076 0.8467
vn 0.4944 -0.1783 0.8508
vn 0.5445 -0.0453 0.8376
vn 0.5835 0.0887 0.8073
vn 0.6106 0.2210 0.7605
vn 0.6253 0.3488 0.6981
vn 0.6273 0.4695 0.6214
vn 0.6164 0.5806 0.5319
vn 0.5929 0.6799 0.4314
vn 0.5573 0.7652 0.3221
vn 0.5103 0.8349 0.2061
vn 0.4529 0.8874 0.0859
vn 0.3861 0.9218 -0.0361
vn 0.3114 0.9372 -0.1574
vn 0.2574 0.8448 -0.4691
vn 0.3516 0.8630 -0.3627
vn 0.1580 0.8093 -0.5658
vn 0.0554 0.7572 -0.6508
vn -0.0483 0.6897 -0.7225
vn -0.1510 0.6082 -0.7793
vn -0.2506 0.5142 -0.8202
vn -0.3450 0.4099 -0.8444
vn -0.4324 0.2973 -0.8513
vn -0.5109 0.1786 -0.8409
vn -0.5789 0.0564 -0.8134
vn -0.6351 -0.0669 -0.7695
vn -0.6785 -0.1888 -0.7100
vn -0.7080 -0.3068 -0.6361
vn -0.7231 -0.4186 -0.5494
vn -0.7237 -0.5218 -0.4517
vn -0.7095 -0.6146 -0.3448
vn -0.6811 -0.6948 -0.2310
vn -0.6388 -0.7611 -0.1126
vn -0.5837 -0.8119 0.0081
vn -0.5168 -0.8464 0.1287
vn -0.4394 -0.8638 0.2466
vn -0.3532 -0.8637 0.3596
vn -0.2598 -0.8461 0.4654
vn -0.1611 -0.8115 0.5618
vn -0.0592 -0.7603 0.6468
vn 0.0440 -0.6938 0.7189
vn 0.1463 -0.6131 0.7763
vn 0.2457 -0.5199 0.8181
vn 0.3401 -0.4161 0.8433
vn 0.4276 -0.3038 0.8514
vn 0.5065 -0.1852 0.8421
vn 0.5751 -0.0628 0.8157
vn 0.6320 0.0609 0.7726
vn 0.6760 0.1835 0.7137
vn 0.7063 0.3024 0.6401
vn 0.7221 0.4151 0.5534
vn 0.7232 0.5193 0.4553
vn 0.7095 0.6129 0.3478
vn 0.6812 0.6940 0.2331
vn 0.6390 0.7608 0.1136
vn 0.5837 0.8119 -0.0082
vn 0.5164 0.8465 -0.1299
vn 0.4385 0.8636 -0.2489
vn 0.3474 0.7633 -0.5446
vn 0.4502 0.7738 -0.4455
vn 0.2375 0.7373 -0.6325
vn 0.1228 0.6961 -0.7073
vn 0.0056 0.6408 -0.7677
vn -0.1116 0.5724 -0.8123
vn -0.2266 0.4924 -0.8403
vn -0.3368 0.4024 -0.8512
vn -0.4401 0.3043 -0.8448
vn -0.5344 0.2000 -0.8212
vn -0.6178 0.0917 -0.7810
vn -0.6886 -0.0184 -0.7249
vn -0.7454 -0.1281 -0.6542
vn -0.7871 -0.2352 -0.5703
vn -0.8128 -0.3375 -0.4749
vn -0.8220 -0.4329 -0.3699
vn -0.8147 -0.5196 -0.2575
vn -0.7908 -0.5958 -0.1399
vn -0.7510 -0.6600 -0.0195
vn -0.6960 -0.7108 0.1013
vn -0.6270 -0.7473 0.2200
vn -0.5453 -0.7687 0.3343
vn -0.4526 -0.7745 0.4420
vn -0.3507 -0.7647 0.5407
vn -0.2416 -0.7393 0.6285
vn -0.1277 -0.6990 0.7036
vn -0.0111 -0.6445 0.7645
vn 0.1057 -0.5768 0.8100
vn 0.2204 -0.4974 0.8390
vn 0.3308 -0.4078 0.8510
vn 0.4344 -0.3099 0.8457
vn 0.5292 -0.2055 0.8232
vn 0.6133 -0.0970 0.7839
vn 0.6850 0.0136 0.7285
vn 0.7426 0.1240 0.6581
vn 0.7851 0.2318 0.5743
vn 0.8116 0.3349 0.4786
vn 0.8215 0.4312 0.3731
vn 0.8146 0.5186 0.2598
vn 0.7909 0.5954 0.1412
vn 0.7510 0.6600 0.0197
vn 0.6958 0.7110 -0.1022
vn 0.6262 0.7474 -0.2220
vn 0.5438 0.7685 -0.3373
vn 0.4122 0.6736 -0.6135
vn 0.5230 0.6731 -0.5229
vn 0.2930 0.6603 -0.6914
vn 0.1679 0.6336 -0.7552
vn 0.0394 0.5939 -0.8035
vn -0.0899 0.5422 -0.8354
vn -0.2172 0.4794 -0.8503
vn -0.3400 0.4070 -0.8478
vn -0.4559 0.3262 -0.8281
vn -0.5624 0.2389 -0.7916
vn -0.6575 0.1467 -0.7391
vn -0.7391 0.0516 -0.6716
vn -0.8058 -0.0445 -0.5906
vn -0.8561 -0.1397 -0.4976
vn -0.8890 -0.2320 -0.3947
vn -0.9040 -0.3197 -0.2838
vn -0.9007 -0.4009 -0.1671
vn -0.8793 -0.4740 -0.0472
vn -0.8400 -0.5375 0.0737
vn -0.7838 -0.5902 0.1932
vn -0.7118 -0.6310 0.3087
vn -0.6253 -0.6589 0.4181
vn -0.5262 -0.6736 0.5190
vn -0.4165 -0.6746 0.6095
vn -0.2982 -0.6620 0.6876
vn -0.1739 -0.6359 0.7519
vn -0.0460 -0.5969 0.8010
vn 0.0829 -0.5457 0.8339
vn 0.2101 -0.4834 0.8498
vn 0.3332 -0.4112 0.8485
vn 0.4495 -0.3305 0.8299
vn 0.5568 -0.2431 0.7943
vn 0.6527 -0.1507 0.7425
vn 0.7353 -0.0552 0.6755
vn 0.8030 0.0415 0.5946
vn 0.8542 0.1373 0.5014
vn 0.8880 0.2303 0.3980
vn 0.9036 0.3186 0.2863
vn 0.9007 0.4004 0.1687
vn 0.8793 0.4739 0.0476
vn 0.8399 0.5377 -0.0744
vn 0.7832 0.5905 -0.1950
vn 0.7104 0.6311 -0.3115
vn 0.6231 0.6588 -0.4215
vn 0.4521 0.5833 -0.6748
vn 0.5691 0.5688 -0.5938
vn 0.3258 0.5859 -0.7420
vn 0.1930 0.5766 -0.7939
vn 0.0564 0.5555 -0.8296
vn -0.0814 0.5231 -0.8484
vn -0.2174 0.4800 -0.8499
vn -0.3489 0.4272 -0.8341
vn -0.4733 0.3658 -0.8014
vn -0.5880 0.2969 -0.7524
vn -0.6907 0.2220 -0.6883
vn -0.7793 0.1426 -0.6102
vn -0.8521 0.0604 -0.5198
vn -0.9077 -0.0231 -0.4190
vn -0.9449 -0.1060 -0.3097
vn -0.9630 -0.1869 -0.1942
vn -0.9616 -0.2639 -0.0748
vn -0.9409 -0.3356 0.0461
vn -0.9011 -0.4006 0.1661
vn -0.8431 -0.4574 0.2828
vn -0.7681 -0.5051 0.3937
vn -0.6775 -0.5424 0.4968
vn -0.5732 -0.5689 0.5898
vn -0.4572 -0.5838 0.6709
vn -0.3320 -0.5868 0.7385
vn -0.2000 -0.5779 0.7912
vn -0.0638 -0.5573 0.8278
vn 0.0737 -0.5253 0.8477
vn 0.2098 -0.4826 0.8503
vn 0.3417 -0.4301 0.8356
vn 0.4667 -0.3687 0.8039
vn 0.5822 -0.2998 0.7557
vn 0.6860 -0.2247 0.6921
vn 0.7757 -0.1451 0.6142
vn 0.8496 -0.0624 0.5237
vn 0.9061 0.0215 0.4224
vn 0.9441 0.1049 0.3124
vn 0.9628 0.1862 0.1960
vn 0.9616 0.2637 0.0755
vn 0.9408 0.3358 -0.0466
vn 0.9006 0.4009 -0.1677
vn 0.8420 0.4579 -0.2853
vn 0.7661 0.5054 -0.3970
vn 0.6745 0.5427 -0.5006
vn 0.4695 0.4997 -0.7279
vn 0.5900 0.4686 -0.6575
vn 0.3395 0.5205 -0.7834
vn 0.2026 0.5308 -0.8229
vn 0.0616 0.5302 -0.8456
vn -0.0805 0.5188 -0.8511
vn -0.2209 0.4969 -0.8392
vn -0.3568 0.4648 -0.8103
vn -0.4853 0.4234 -0.7650
vn -0.6039 0.3733 -0.7042
vn -0.7103 0.3157 -0.6292
vn -0.8022 0.2516 -0.5415
vn -0.8778 0.1825 -0.4429
vn -0.9357 0.1097 -0.3353
vn -0.9746 0.0347 -0.2210
vn -0.9939 -0.0410 -0.1023
vn -0.9931 -0.1158 0.0185
vn -0.9722 -0.1884 0.1389
vn -0.9317 -0.2571 0.2565
vn -0.8724 -0.3207 0.3690
vn -0.7954 -0.3777 0.4740
vn -0.7023 -0.4271 0.5695
vn -0.5949 -0.4679 0.6535
vn -0.4755 -0.4992 0.7243
vn -0.3464 -0.5204 0.7805
vn -0.2102 -0.5310 0.8209
vn -0.0696 -0.5308 0.8447
vn 0.0725 -0.5197 0.8513
vn 0.2131 -0.4981 0.8405
vn 0.3495 -0.4663 0.8126
vn 0.4789 -0.4250 0.7681
vn 0.5985 -0.3750 0.7079
vn 0.7060 -0.3173 0.6332
vn 0.7990 -0.2532 0.5454
vn 0.8757 -0.1838 0.4464
vn 0.9345 -0.1107 0.3382
vn 0.9742 -0.0354 0.2231
vn 0.9938 0.0407 0.1033
vn 0.9931 0.1159 -0.0187
vn 0.9720 0.1887 -0.1402
vn 0.9309 0.2577 -0.2588
vn 0.8707 0.3214 -0.3721
vn 0.7927 0.3786 -0.4777
vn 0.6985 0.4280 -0.5735
vn 0.4693 0.4285 -0.7721
vn 0.5897 0.3791 -0.7131
vn 0.3393 0.4691 -0.8154
vn 0.2025 0.5001 -0.8419
vn 0.0616 0.5210 -0.8514
vn -0.0805 0.5312 -0.8434
vn -0.2208 0.5305 -0.8184
vn -0.3566 0.5191 -0.7768
vn -0.4850 0.4972 -0.7194
vn -0.6036 0.4651 -0.6475
vn -0.7100 0.4236 -0.5626
vn -0.8019 0.3736 -0.4663
vn -0.8776 0.3160 -0.3606
vn -0.9355 0.2520 -0.2476
vn -0.9745 0.1829 -0.1297
vn -0.9939 0.1102 -0.0092
vn -0.9931 0.0352 0.1115
vn -0.9723 -0.0405 0.2300
vn -0.9319 -0.1154 0.3438
vn -0.8726 -0.1880 0.4508
vn -0.7957 -0.2568 0.5486
vn -0.7026 -0.3203 0.6354
vn -0.5952 -0.3774 0.7094
vn -0.4758 -0.4269 0.7690
vn -0.3466 -0.4676 0.8131
vn -0.2103 -0.4989 0.8407
vn -0.0696 -0.5201 0.8513
vn 0.0725 -0.5306 0.8445
vn 0.2133 -0.5304 0.8205
vn 0.3497 -0.5193 0.7797
vn 0.4791 -0.4976 0.7230
vn 0.5988 -0.4658 0.6515
vn 0.7063 -0.4245 0.5665
vn 0.7993 -0.3744 0.4700
vn 0.8760 -0.3168 0.3637
vn 0.9347 -0.2526 0.2499
vn 0.9743 -0.1833 0.1309
vn 0.9939 -0.1102 0.0093
vn 0.9930 -0.0348 -0.1126
vn 0.9718 0.0412 -0.2321
vn 0.9307 0.1165 -0.3468
vn 0.8705 0.1893 -0.4544
vn 0.7924 0.2583 -0.5526
vn 0.6982 0.3220 -0.6394
vn 0.4574 0.3737 -0.8069
vn 0.5738 0.3053 -0.7600
vn 0.3318 0.4344 -0.8374
vn 0.1995 0.4863 -0.8507
vn 0.0632 0.5282 -0.8468
vn -0.0743 0.5593 -0.8256
vn -0.2103 0.5790 -0.7877
vn -0.3419 0.5870 -0.7339
vn -0.4665 0.5830 -0.6652
vn -0.5816 0.5672 -0.5831
vn -0.6849 0.5400 -0.4892
vn -0.7744 0.5017 -0.3855
vn -0.8482 0.4534 -0.2740
vn -0.9048 0.3959 -0.1570
vn -0.9431 0.3304 -0.0369
vn -0.9624 0.2582 0.0840
vn -0.9623 0.1808 0.2032
vn -0.9427 0.0997 0.3183
vn -0.9041 0.0167 0.4270
vn -0.8471 -0.0668 0.5271
vn -0.7730 -0.1488 0.6166
vn -0.6833 -0.2279 0.6937
vn -0.5796 -0.3024 0.7567
vn -0.4641 -0.3707 0.8045
vn -0.3391 -0.4316 0.8359
vn -0.2071 -0.4837 0.8504
vn -0.0709 -0.5259 0.8476
vn 0.0669 -0.5575 0.8275
vn 0.2034 -0.5777 0.7905
vn 0.3358 -0.5861 0.7373
vn 0.4614 -0.5826 0.6691
vn 0.5776 -0.5672 0.5871
vn 0.6820 -0.5402 0.4930
vn 0.7725 -0.5022 0.3887
vn 0.8471 -0.4538 0.2765
vn 0.9044 -0.3962 0.1585
vn 0.9431 -0.3305 0.0372
vn 0.9624 -0.2579 -0.0848
vn 0.9620 -0.1801 -0.2051
vn 0.9419 -0.0986 -0.3211
vn 0.9024 -0.0150 -0.4305
vn 0.8445 0.0689 -0.5311
vn 0.7694 0.1513 -0.6206
vn 0.6785 0.2307 -0.6975
vn 0.4409 0.3370 -0.8319
vn 0.5489 0.2500 -0.7976
vn 0.3240 0.4170 -0.8492
vn 0.2005 0.4885 -0.8492
vn 0.0730 0.5500 -0.8320
vn -0.0559 0.6003 -0.7978
vn -0.1836 0.6384 -0.7475
vn -0.3075 0.6634 -0.6821
vn -0.4252 0.6750 -0.6029
vn -0.5342 0.6730 -0.5116
vn -0.6324 0.6573 -0.4099
vn -0.7178 0.6283 -0.3000
vn -0.7887 0.5866 -0.1841
vn -0.8436 0.5330 -0.0645
vn -0.8815 0.4687 0.0564
vn -0.9016 0.3949 0.1762
vn -0.9035 0.3132 0.2925
vn -0.8871 0.2251 0.4029
vn -0.8528 0.1325 0.5051
vn -0.8012 0.0371 0.5972
vn -0.7334 -0.0590 0.6773
vn -0.6506 -0.1539 0.7436
vn -0.5546 -0.2458 0.7950
vn -0.4473 -0.3327 0.8302
vn -0.3308 -0.4128 0.8486
vn -0.2076 -0.4846 0.8497
vn -0.0800 -0.5466 0.8336
vn 0.0493 -0.5974 0.8004
vn 0.1777 -0.6361 0.7509
vn 0.3024 -0.6618 0.6860
vn 0.4211 -0.6740 0.6069
vn 0.5311 -0.6725 0.5155
vn 0.6303 -0.6572 0.4133
vn 0.7165 -0.6284 0.3027
vn 0.7881 -0.5868 0.1858
vn 0.8435 -0.5332 0.0651
vn 0.8816 -0.4686 -0.0570
vn 0.9016 -0.3944 -0.1779
vn 0.9031 -0.3120 -0.2951
vn 0.8861 -0.2233 -0.4062
vn 0.8509 -0.1300 -0.5090
vn 0.7984 -0.0341 -0.6012
vn 0.7295 0.0626 -0.6811
vn 0.6458 0.1579 -0.7470
vn 0.4267 0.3176 -0.8468
vn 0.5223 0.2137 -0.8255
vn 0.3225 0.4150 -0.8507
vn 0.2118 0.5039 -0.8374
vn 0.0968 0.5825 -0.8071
vn -0.0201 0.6491 -0.7604
vn -0.1366 0.7026 -0.6983
vn -0.2502 0.7418 -0.6222
vn -0.3588 0.7660 -0.5335
vn -0.4600 0.7746 -0.4340
vn -0.5520 0.7676 -0.3258
vn -0.6328 0.7450 -0.2110
vn -0.7008 0.7074 -0.0920
vn -0.7546 0.6555 0.0288
vn -0.7932 0.5904 0.1491
vn -0.8158 0.5133 0.2663
vn -0.8219 0.4259 0.3783
vn -0.8114 0.3298 0.4826
vn -0.7844 0.2271 0.5772
vn -0.7416 0.1197 0.6601
vn -0.6837 0.0099 0.7297
vn -0.6118 -0.1001 0.7846
vn -0.5276 -0.2082 0.8236
vn -0.4325 -0.3121 0.8459
vn -0.3286 -0.4097 0.8510
vn -0.2179 -0.4989 0.8388
vn -0.1027 -0.5781 0.8095
vn 0.0146 -0.6455 0.7636
vn 0.1317 -0.6998 0.7021
vn 0.2462 -0.7398 0.6262
vn 0.3556 -0.7647 0.5374
vn 0.4577 -0.7740 0.4375
vn 0.5505 -0.7674 0.3286
vn 0.6320 -0.7451 0.2130
vn 0.7005 -0.7076 0.0929
vn 0.7547 -0.6555 -0.0291
vn 0.7933 -0.5899 -0.1505
vn 0.8157 -0.5123 -0.2688
vn 0.8213 -0.4241 -0.3815
vn 0.8102 -0.3273 -0.4863
vn 0.7824 -0.2237 -0.5812
vn 0.7387 -0.1156 -0.6640
vn 0.6799 -0.0051 -0.7333
vn 0.6073 0.1054 -0.7875
vn 0.4212 0.3127 -0.8514
vn 0.5008 0.1945 -0.8434
vn 0.3331 0.4244 -0.8420
vn 0.2382 0.5275 -0.8155
vn 0.1385 0.6198 -0.7725
vn 0.0361 0.6994 -0.7138
vn -0.0670 0.7648 -0.6408
vn -0.1688 0.8147 -0.5548
vn -0.2671 0.8481 -0.4576
vn -0.3600 0.8643 -0.3512
vn -0.4457 0.8631 -0.2377
vn -0.5223 0.8444 -0.1195
vn -0.5884 0.8086 0.0011
vn -0.6425 0.7565 0.1218
vn -0.6837 0.6892 0.2399
vn -0.7111 0.6079 0.3533
vn -0.7241 0.5143 0.4595
vn -0.7225 0.4103 0.5565
vn -0.7062 0.2979 0.6423
vn -0.6756 0.1795 0.7151
vn -0.6313 0.0574 0.7734
vn -0.5741 -0.0659 0.8161
vn -0.5052 -0.1879 0.8423
vn -0.4260 -0.3061 0.8514
vn -0.3380 -0.4182 0.8431
vn -0.2431 -0.5218 0.8177
vn -0.1432 -0.6149 0.7755
vn -0.0404 -0.6954 0.7175
vn 0.0634 -0.7618 0.6447
vn 0.1658 -0.8126 0.5587
vn 0.2649 -0.8468 0.4612
vn 0.3585 -0.8637 0.3542
vn 0.4448 -0.8629 0.2399
vn 0.5219 -0.8444 0.1206
vn 0.5884 -0.8086 -0.0012
vn 0.6427 -0.7562 -0.1229
vn 0.6839 -0.6882 -0.2421
vn 0.7110 -0.6062 -0.3563
vn 0.7236 -0.5117 -0.4632
vn 0.7214 -0.4067 -0.5605
vn 0.7045 -0.2935 -0.6462
vn 0.6731 -0.1742 -0.7187
vn 0.6281 -0.0515 -0.7764
vn 0.5702 0.0723 -0.8183
vn 0.4292 0.3173 -0.8456
vn 0.4901 0.1884 -0.8511
vn 0.3597 0.4396 -0.8230
vn 0.2828 0.5530 -0.7837
vn 0.2002 0.6551 -0.7286
vn 0.1136 0.7438 -0.6587
vn 0.0247 0.8174 -0.5755
vn -0.0647 0.8745 -0.4807
vn -0.1527 0.9139 -0.3762
vn -0.2377 0.9347 -0.2642
vn -0.3178 0.9367 -0.1468
vn -0.3916 0.9198 -0.0265
vn -0.4574 0.8842 0.0943
vn -0.5140 0.8309 0.2132
vn -0.5602 0.7607 0.3279
vn -0.5951 0.6751 0.4360
vn -0.6179 0.5759 0.5352
vn -0.6283 0.4650 0.6237
vn -0.6259 0.3447 0.6996
vn -0.6108 0.2173 0.7614
vn -0.5832 0.0854 0.8078
vn -0.5438 -0.0482 0.8378
vn -0.4933 -0.1810 0.8508
vn -0.4327 -0.3101 0.8465
vn -0.3633 -0.4329 0.8250
vn -0.2864 -0.5471 0.7866
vn -0.2036 -0.6501 0.7321
vn -0.1167 -0.7398 0.6626
vn -0.0273 -0.8145 0.5795
vn 0.0626 -0.8726 0.4844
vn 0.1512 -0.9128 0.3794
vn 0.2367 -0.9343 0.2666
vn 0.3174 -0.9366 0.1482
vn 0.3915 -0.9198 0.0268
vn 0.4576 -0.8840 -0.0952
vn 0.5143 -0.8302 -0.2152
vn 0.5605 -0.7592 -0.3308
vn 0.5952 -0.6728 -0.4395
vn 0.6177 -0.5725 -0.5392
vn 0.6276 -0.4605 -0.6277
vn 0.6247 -0.3392 -0.7034
vn 0.6090 -0.2109 -0.7646
vn 0.5809 -0.0785 -0.8102
vn 0.5410 0.0556 -0.8392
vn 0.4538 0.3251 -0.8297
vn 0.4942 0.1897 -0.8484
vn 0.4041 0.4539 -0.7941
vn 0.3463 0.5734 -0.7425
vn 0.2815 0.6812 -0.6759
vn 0.2109 0.7751 -0.5956
vn 0.1361 0.8533 -0.5033
vn 0.0586 0.9143 -0.4009
vn -0.0201 0.9567 -0.2903
vn -0.0985 0.9798 -0.1740
vn -0.1748 0.9831 -0.0542
vn -0.2476 0.9666 0.0668
vn -0.3154 0.9305 0.1863
vn -0.3768 0.8756 0.3022
vn -0.4306 0.8030 0.4119
vn -0.4757 0.7142 0.5134
vn -0.5112 0.6109 0.6045
vn -0.5363 0.4952 0.6835
vn -0.5505 0.3694 0.7486
vn -0.5536 0.2361 0.7986
vn -0.5454 0.0979 0.8324
vn -0.5261 -0.0424 0.8494
vn -0.4961 -0.1819 0.8490
vn -0.4559 -0.3177 0.8314
vn -0.4064 -0.4471 0.7968
vn -0.3486 -0.5675 0.7459
vn -0.2837 -0.6764 0.6797
vn -0.2129 -0.7715 0.5996
vn -0.1378 -0.8508 0.5071
vn -0.0599 -0.9127 0.4042
vn 0.0192 -0.9559 0.2929
vn 0.0979 -0.9796 0.1756
vn 0.1746 -0.9831 0.0547
vn 0.2477 -0.9665 -0.0674
vn 0.3158 -0.9300 -0.1881
vn 0.3774 -0.8744 -0.3049
vn 0.4312 -0.8010 -0.4154
vn 0.4762 -0.7111 -0.5173
vn 0.5115 -0.6066 -0.6086
vn 0.5363 -0.4898 -0.6873
vn 0.5502 -0.3631 -0.7520
vn 0.5529 -0.2289 -0.8012
vn 0.5443 -0.0902 -0.8340
vn 0.5246 0.0503 -0.8499
vn 0.4955 0.3293 -0.8037
vn 0.5150 0.1918 -0.8355
vn 0.4660 0.4601 -0.7557
vn 0.4271 0.5816 -0.6924
vn 0.3795 0.6912 -0.6151
vn 0.3242 0.7867 -0.5254
vn 0.2623 0.8663 -0.4251
vn 0.1952 0.9284 -0.3162
vn 0.1241 0.9717 -0.2010
vn 0.0505 0.9954 -0.0818
vn -0.0242 0.9989 0.0391
vn -0.0983 0.9823 0.1592
vn -0.1704 0.9459 0.2761
vn -0.2391 0.8903 0.3875
vn -0.3030 0.8167 0.4911
vn -0.3608 0.7266 0.5847
vn -0.4112 0.6217 0.6666
vn -0.4533 0.5042 0.7350
vn -0.4863 0.3764 0.7886
vn -0.5093 0.2409 0.8262
vn -0.5220 0.1005 0.8470
vn -0.5241 -0.0421 0.8506
vn -0.5154 -0.1840 0.8370
vn -0.4963 -0.3221 0.8062
vn -0.4670 -0.4537 0.7589
vn -0.4282 -0.5762 0.6961
vn -0.3807 -0.6869 0.6191
vn -0.3254 -0.7836 0.5293
vn -0.2634 -0.8643 0.4286
vn -0.1960 -0.9273 0.3190
vn -0.1246 -0.9712 0.2029
vn -0.0507 -0.9953 0.0825
vn 0.0243 -0.9989 -0.0395
vn 0.0987 -0.9820 -0.1607
vn 0.1712 -0.9450 -0.2786
vn 0.2401 -0.8886 -0.3908
vn 0.3042 -0.8140 -0.4948
vn 0.3620 -0.7228 -0.5887
vn 0.4124 -0.6167 -0.6705
vn 0.4544 -0.4982 -0.7385
vn 0.4871 -0.3695 -0.7913
vn 0.5099 -0.2333 -0.8280
vn 0.5222 -0.0924 -0.8478
vn 0.5239 0.0502 -0.8503
vn 0.5529 0.3231 -0.7681
vn 0.5520 0.1877 -0.8124
vn 0.5426 0.4518 -0.7081
vn 0.5213 0.5714 -0.6339
vn 0.4894 0.6793 -0.5469
vn 0.4476 0.7735 -0.4488
vn 0.3967 0.8520 -0.3417
vn 0.3379 0.9132 -0.2278
vn 0.2722 0.9560 -0.1093
vn 0.2010 0.9795 0.0115
vn 0.1257 0.9832 0.1320
vn 0.0479 0.9671 0.2498
vn -0.0308 0.9314 0.3626
vn -0.1090 0.8769 0.4682
vn -0.1849 0.8046 0.5643
vn -0.2571 0.7160 0.6490
vn -0.3241 0.6129 0.7206
vn -0.3846 0.4973 0.7777
vn -0.4373 0.3715 0.8190
vn -0.4810 0.2381 0.8438
vn -0.5150 0.0998 0.8513
vn -0.5386 -0.0407 0.8416
vn -0.5511 -0.1803 0.8147
vn -0.5525 -0.3164 0.7712
vn -0.5425 -0.4461 0.7118
vn -0.5215 -0.5667 0.6379
vn -0.4898 -0.6758 0.5508
vn -0.4482 -0.7710 0.4524
vn -0.3973 -0.8505 0.3447
vn -0.3383 -0.9125 0.2299
vn -0.2724 -0.9558 0.1103
vn -0.2009 -0.9795 -0.0116
vn -0.1253 -0.9831 -0.1332
vn -0.0471 -0.9666 -0.2521
vn 0.0321 -0.9302 -0.3658
vn 0.1106 -0.8747 -0.4719
vn 0.1868 -0.8014 -0.5683
vn 0.2593 -0.7116 -0.6530
vn 0.3264 -0.6074 -0.7242
vn 0.3869 -0.4908 -0.7807
vn 0.4394 -0.3643 -0.8211
vn 0.4830 -0.2304 -0.8448
vn 0.5167 -0.0918 -0.8512
vn 0.5398 0.0485 -0.8404
vn 0.6220 0.3004 -0.7231
vn 0.6024 0.1711 -0.7796
vn 0.6289 0.4235 -0.6521
vn 0.6230 0.5380 -0.5678
vn 0.6046 0.6416 -0.4721
vn 0.5739 0.7322 -0.3669
vn 0.5316 0.8079 -0.2543
vn 0.4785 0.8674 -0.1366
vn 0.4158 0.9093 -0.0162
vn 0.3447 0.9329 0.1046
vn 0.2666 0.9376 0.2232
vn 0.1832 0.9234 0.3374
vn 0.0960 0.8905 0.4448
vn 0.0069 0.8396 0.5432
vn -0.0824 0.7716 0.6307
vn -0.1700 0.6880 0.7055
vn -0.2542 0.5904 0.7660
vn -0.3333 0.4808 0.8110
vn -0.4056 0.3613 0.8396
vn -0.4697 0.2345 0.8511
vn -0.5242 0.1027 0.8454
vn -0.5681 -0.0312 0.8223
vn -0.6005 -0.1645 0.7825
vn -0.6206 -0.2946 0.7267
vn -0.6280 -0.4186 0.6560
vn -0.6227 -0.5342 0.5718
vn -0.6046 -0.6388 0.4758
vn -0.5741 -0.7304 0.3701
vn -0.5319 -0.8070 0.2566
vn -0.4788 -0.8670 0.1379
vn -0.4158 -0.9093 0.0164
vn -0.3444 -0.9329 -0.1056
vn -0.2658 -0.9373 -0.2253
vn -0.1818 -0.9225 -0.3404
vn -0.0941 -0.8889 -0.4484
vn -0.0044 -0.8370 -0.5472
vn 0.0853 -0.7680 -0.6347
vn 0.1733 -0.6834 -0.7092
vn 0.2578 -0.5848 -0.7691
vn 0.3369 -0.4744 -0.8133
vn 0.4092 -0.3543 -0.8409
vn 0.4730 -0.2271 -0.8513
vn 0.5272 -0.0953 -0.8444
vn 0.5706 0.0383 -0.8203
vn 0.6970 0.2567 -0.6695
vn 0.6615 0.1367 -0.7374
vn 0.7184 0.3714 -0.5881
vn 0.7252 0.4786 -0.4949
vn 0.7174 0.5761 -0.3917
vn 0.6950 0.6620 -0.2806
vn 0.6586 0.7344 -0.1639
vn 0.6089 0.7920 -0.0439
vn 0.5469 0.8336 0.0771
vn 0.4738 0.8584 0.1964
vn 0.3912 0.8659 0.3118
vn 0.3007 0.8558 0.4210
vn 0.2040 0.8284 0.5216
vn 0.1032 0.7843 0.6118
vn 0.0003 0.7242 0.6896
vn -0.1026 0.6494 0.7535
vn -0.2035 0.5614 0.8021
vn -0.3003 0.4619 0.8346
vn -0.3910 0.3530 0.8500
vn -0.4738 0.2368 0.8482
vn -0.5470 0.1157 0.8291
vn -0.6091 -0.0078 0.7931
vn -0.6588 -0.1311 0.7408
vn -0.6950 -0.2519 0.6734
vn -0.7171 -0.3676 0.5922
vn -0.7245 -0.4757 0.4987
vn -0.7172 -0.5742 0.3950
vn -0.6951 -0.6608 0.2831
vn -0.6588 -0.7339 0.1654
vn -0.6090 -0.7919 0.0443
vn -0.5467 -0.8337 -0.0778
vn -0.4731 -0.8584 -0.1982
vn -0.3899 -0.8655 -0.3146
vn -0.2986 -0.8548 -0.4244
vn -0.2013 -0.8266 -0.5255
vn -0.0998 -0.7816 -0.6158
vn 0.0037 -0.7205 -0.6934
vn 0.1071 -0.6448 -0.7568
vn 0.2083 -0.5560 -0.8046
vn 0.3052 -0.4559 -0.8361
vn 0.3958 -0.3465 -0.8504
vn 0.4783 -0.2302 -0.8475
vn 0.5510 -0.1092 -0.8273
vn 0.6125 0.0139 -0.7904
vn 0.7711 0.1896 -0.6079
vn 0.7228 0.0811 -0.6863
vn 0.8037 0.2942 -0.5172
vn 0.8201 0.3929 -0.4161
vn 0.8199 0.4836 -0.3066
vn 0.8031 0.5645 -0.1909
vn 0.7700 0.6340 -0.0715
vn 0.7215 0.6907 0.0495
vn 0.6583 0.7334 0.1694
vn 0.5819 0.7614 0.2859
vn 0.4937 0.7739 0.3967
vn 0.3955 0.7708 0.4995
vn 0.2892 0.7521 0.5922
vn 0.1771 0.7181 0.6730
vn 0.0614 0.6696 0.7402
vn -0.0556 0.6074 0.7924
vn -0.1715 0.5329 0.8286
vn -0.2840 0.4475 0.8480
vn -0.3908 0.3529 0.8501
vn -0.4897 0.2510 0.8350
vn -0.5786 0.1440 0.8028
vn -0.6558 0.0340 0.7542
vn -0.7196 -0.0767 0.6901
vn -0.7688 -0.1859 0.6119
vn -0.8023 -0.2913 0.5211
vn -0.8193 -0.3908 0.4195
vn -0.8196 -0.4823 0.3093
vn -0.8031 -0.5638 0.1927
vn -0.7701 -0.6338 0.0721
vn -0.7213 -0.6908 -0.0499
vn -0.6578 -0.7336 -0.1710
vn -0.5807 -0.7613 -0.2885
vn -0.4917 -0.7735 -0.4000
vn -0.3926 -0.7698 -0.5033
vn -0.2855 -0.7504 -0.5962
vn -0.1726 -0.7156 -0.6769
vn -0.0561 -0.6663 -0.7436
vn 0.0614 -0.6033 -0.7951
vn 0.1776 -0.5281 -0.8304
vn 0.2901 -0.4422 -0.8487
vn 0.3967 -0.3474 -0.8497
vn 0.4951 -0.2455 -0.8334
vn 0.5834 -0.1386 -0.8002
vn 0.6598 -0.0290 -0.7509
vn 0.8365 0.0990 -0.5389
vn 0.7791 0.0032 -0.6269
vn 0.8771 0.1928 -0.4400
vn 0.8998 0.2827 -0.3322
vn 0.9044 0.3669 -0.2178
vn 0.8907 0.4437 -0.0990
vn 0.8590 0.5115 0.0218
vn 0.8100 0.5690 0.1422
vn 0.7446 0.6150 0.2597
vn 0.6641 0.6485 0.3720
vn 0.5702 0.6690 0.4768
vn 0.4648 0.6759 0.5720
vn 0.3499 0.6691 0.6557
vn 0.2279 0.6487 0.7261
vn 0.1013 0.6152 0.7819
vn -0.0275 0.5691 0.8218
vn -0.1558 0.5114 0.8451
vn -0.2810 0.4433 0.8512
vn -0.4005 0.3661 0.8400
vn -0.5119 0.2814 0.8116
vn -0.6130 0.1909 0.7667
vn -0.7015 0.0965 0.7061
vn -0.7758 0.0001 0.6309
vn -0.8343 -0.0963 0.5428
vn -0.8757 -0.1908 0.4436
vn -0.8992 -0.2814 0.3352
vn -0.9042 -0.3661 0.2198
vn -0.8907 -0.4434 0.0999
vn -0.8590 -0.5115 -0.0220
vn -0.8096 -0.5692 -0.1435
vn -0.7436 -0.6152 -0.2620
vn -0.6623 -0.6486 -0.3751
vn -0.5675 -0.6687 -0.4805
vn -0.4610 -0.6751 -0.5760
vn -0.3451 -0.6677 -0.6596
vn -0.2223 -0.6467 -0.7296
vn -0.0949 -0.6125 -0.7847
vn 0.0344 -0.5659 -0.8238
vn 0.1629 -0.5077 -0.8460
vn 0.2880 -0.4392 -0.8510
vn 0.4071 -0.3618 -0.8386
vn 0.5179 -0.2771 -0.8093
vn 0.6182 -0.1868 -0.7635
vn 0.7058 -0.0928 -0.7023
vn 0.8860 -0.0129 -0.4635
vn 0.8229 -0.0960 -0.5601
vn 0.9312 0.0705 -0.3576
vn 0.9576 0.1525 -0.2444
vn 0.9646 0.2314 -0.1264
vn 0.9522 0.3056 -0.0059
vn 0.9205 0.3736 0.1148
vn 0.8702 0.4341 0.2332
vn 0.8023 0.4858 0.3469
vn 0.7182 0.5277 0.4536
vn 0.6196 0.5589 0.5512
vn 0.5084 0.5788 0.6376
vn 0.3868 0.5870 0.7112
vn 0.2574 0.5832 0.7705
vn 0.1227 0.5676 0.8141
vn -0.0146 0.5404 0.8413
vn -0.1517 0.5023 0.8513
vn -0.2857 0.4538 0.8441
vn -0.4140 0.3961 0.8196
vn -0.5339 0.3303 0.7784
vn -0.6430 0.2577 0.7212
vn -0.7390 0.1798 0.6493
vn -0.8199 0.0982 0.5640
vn -0.8841 0.0146 0.4672
vn -0.9301 -0.0692 0.3606
vn -0.9572 -0.1517 0.2467
vn -0.9646 -0.2310 0.1276
vn -0.9522 -0.3056 0.0059
vn -0.9202 -0.3739 -0.1159
vn -0.8694 -0.4345 -0.2353
vn -0.8007 -0.4862 -0.3499
vn -0.7157 -0.5280 -0.4572
vn -0.6159 -0.5590 -0.5551
vn -0.5036 -0.5785 -0.6416
vn -0.3811 -0.5863 -0.7149
vn -0.2508 -0.5820 -0.7735
vn -0.1154 -0.5660 -0.8163
vn 0.0223 -0.5383 -0.8424
vn 0.1594 -0.4998 -0.8514
vn 0.2932 -0.4510 -0.8430
vn 0.4209 -0.3932 -0.8175
vn 0.5400 -0.3273 -0.7754
vn 0.6481 -0.2548 -0.7176
vn 0.7431 -0.1772 -0.6454
vn 0.9131 -0.1414 -0.3825
vn 0.8474 -0.2128 -0.4865
vn 0.9603 -0.0672 -0.2708
vn 0.9881 0.0084 -0.1537
vn 0.9959 0.0839 -0.0335
vn 0.9836 0.1576 0.0873
vn 0.9515 0.2281 0.2065
vn 0.9001 0.2941 0.3214
vn 0.8305 0.3541 0.4299
vn 0.7442 0.4069 0.5298
vn 0.6427 0.4515 0.6189
vn 0.5282 0.4870 0.6956
vn 0.4029 0.5126 0.7583
vn 0.2694 0.5277 0.8056
vn 0.1303 0.5322 0.8365
vn -0.0114 0.5258 0.8505
vn -0.1530 0.5087 0.8472
vn -0.2916 0.4812 0.8267
vn -0.4243 0.4439 0.7892
vn -0.5485 0.3975 0.7357
vn -0.6614 0.3430 0.6670
vn -0.7609 0.2815 0.5846
vn -0.8449 0.2142 0.4902
vn -0.9115 0.1425 0.3857
vn -0.9595 0.0680 0.2733
vn -0.9879 -0.0080 0.1552
vn -0.9959 -0.0838 0.0338
vn -0.9835 -0.1578 -0.0882
vn -0.9510 -0.2286 -0.2084
vn -0.8989 -0.2948 -0.3242
vn -0.8284 -0.3549 -0.4334
vn -0.7409 -0.4078 -0.5337
vn -0.6383 -0.4523 -0.6229
vn -0.5226 -0.4875 -0.6994
vn -0.3964 -0.5129 -0.7615
vn -0.2621 -0.5277 -0.8080
vn -0.1225 -0.5318 -0.8380
vn 0.0195 -0.5250 -0.8509
vn 0.1610 -0.5076 -0.8464
vn 0.2991 -0.4798 -0.8248
vn 0.4311 -0.4423 -0.7864
vn 0.5543 -0.3958 -0.7322
vn 0.6662 -0.3413 -0.6631
vn 0.7646 -0.2799 -0.5806
vn 0.9129 -0.2802 -0.2969
vn 0.8471 -0.3416 -0.4070
vn 0.9601 -0.2132 -0.1809
vn 0.9880 -0.1418 -0.0612
vn 0.9959 -0.0676 0.0598
vn 0.9837 0.0080 0.1795
vn 0.9517 0.0834 0.2956
vn 0.9003 0.1572 0.4058
vn 0.8308 0.2278 0.5078
vn 0.7445 0.2937 0.5996
vn 0.6430 0.3538 0.6793
vn 0.5285 0.4066 0.7452
vn 0.4031 0.4512 0.7962
vn 0.2696 0.4867 0.8309
vn 0.1304 0.5123 0.8489
vn -0.0114 0.5274 0.8495
vn -0.1531 0.5318 0.8329
vn -0.2918 0.5254 0.7993
vn -0.4246 0.5082 0.7493
vn -0.5487 0.4807 0.6840
vn -0.6617 0.4434 0.6046
vn -0.7612 0.3969 0.5128
vn -0.8452 0.3424 0.4104
vn -0.9118 0.2809 0.2996
vn -0.9597 0.2136 0.1825
vn -0.9879 0.1420 0.0617
vn -0.9959 0.0674 -0.0603
vn -0.9834 -0.0085 -0.1812
vn -0.9508 -0.0843 -0.2983
vn -0.8986 -0.1584 -0.4092
vn -0.8281 -0.2292 -0.5117
vn -0.7406 -0.2954 -0.6036
vn -0.6380 -0.3555 -0.6831
vn -0.5224 -0.4083 -0.7486
vn -0.3962 -0.4528 -0.7988
vn -0.2619 -0.4880 -0.8326
vn -0.1225 -0.5133 -0.8494
vn 0.0194 -0.5281 -0.8490
vn 0.1609 -0.5321 -0.8312
vn 0.2990 -0.5253 -0.7966
vn 0.4309 -0.5079 -0.7459
vn 0.5540 -0.4801 -0.6801
vn 0.6659 -0.4426 -0.6006
vn 0.7643 -0.3961 -0.5089
vn 0.8826 -0.4216 -0.2078
vn 0.8185 -0.4754 -0.3227
vn 0.9289 -0.3594 -0.0887
vn 0.9565 -0.2899 0.0321
vn 0.9647 -0.2146 0.1524
vn 0.9535 -0.1349 0.2695
vn 0.9230 -0.0525 0.3812
vn 0.8738 0.0310 0.4853
vn 0.8069 0.1138 0.5796
vn 0.7237 0.1944 0.6622
vn 0.6257 0.2711 0.7314
vn 0.5150 0.3422 0.7859
vn 0.3938 0.4064 0.8245
vn 0.2645 0.4624 0.8463
vn 0.1298 0.5090 0.8509
vn -0.0077 0.5453 0.8382
vn -0.1451 0.5704 0.8084
vn -0.2796 0.5840 0.7621
vn -0.4084 0.5856 0.7002
vn -0.5290 0.5753 0.6239
vn -0.6387 0.5532 0.5348
vn -0.7354 0.5198 0.4346
vn -0.8171 0.4758 0.3255
vn -0.8820 0.4220 0.2097
vn -0.9288 0.3596 0.0896
vn -0.9565 0.2898 -0.0324
vn -0.9646 0.2141 -0.1538
vn -0.9529 0.1340 -0.2719
vn -0.9217 0.0511 -0.3845
vn -0.8716 -0.0329 -0.4891
vn -0.8037 -0.1162 -0.5836
vn -0.7193 -0.1971 -0.6661
vn -0.6203 -0.2739 -0.7350
vn -0.5087 -0.3452 -0.7887
vn -0.3867 -0.4094 -0.8263
vn -0.2570 -0.4652 -0.8471
vn -0.1221 -0.5114 -0.8506
vn 0.0153 -0.5473 -0.8368
vn 0.1522 -0.5720 -0.8060
vn 0.2860 -0.5850 -0.7589
vn 0.4140 -0.5862 -0.6964
vn 0.5335 -0.5755 -0.6199
vn 0.6421 -0.5531 -0.5309
vn 0.7378 -0.5195 -0.4311
vn 0.8221 -0.5574 -0.1162
vn 0.7601 -0.6060 -0.2345
vn 0.8674 -0.4976 0.0045
vn 0.8952 -0.4277 0.1250
vn 0.9050 -0.3492 0.2431
vn 0.8964 -0.2636 0.3563
vn 0.8697 -0.1727 0.4623
vn 0.8255 -0.0783 0.5590
vn 0.7644 0.0177 0.6444
vn 0.6879 0.1134 0.7169
vn 0.5974 0.2068 0.7748
vn 0.4947 0.2961 0.8171
vn 0.3819 0.3793 0.8428
vn 0.2612 0.4549 0.8514
vn 0.1352 0.5212 0.8426
vn 0.0063 0.5770 0.8167
vn -0.1228 0.6210 0.7741
vn -0.2494 0.6524 0.7157
vn -0.3710 0.6705 0.6425
vn -0.4850 0.6749 0.5562
vn -0.5891 0.6654 0.4584
vn -0.6812 0.6424 0.3512
vn -0.7592 0.6062 0.2367
vn -0.8218 0.5576 0.1173
vn -0.8674 0.4976 -0.0045
vn -0.8952 0.4273 -0.1262
vn -0.9047 0.3483 -0.2453
vn -0.8956 0.2621 -0.3594
vn -0.8682 0.1706 -0.4660
vn -0.8230 0.0755 -0.5630
vn -0.7610 -0.0211 -0.6484
vn -0.6835 -0.1173 -0.7205
vn -0.5920 -0.2110 -0.7778
vn -0.4885 -0.3004 -0.8192
vn -0.3752 -0.3836 -0.8439
vn -0.2542 -0.4589 -0.8513
vn -0.1281 -0.5249 -0.8415
vn 0.0005 -0.5801 -0.8145
vn 0.1290 -0.6236 -0.7711
vn 0.2549 -0.6543 -0.7120
vn 0.3756 -0.6717 -0.6386
vn 0.4886 -0.6755 -0.5522
vn 0.5917 -0.6657 -0.4548
vn 0.6828 -0.6423 -0.3482
vn 0.7333 -0.6795 -0.0232
vn 0.6732 -0.7254 -0.1435
vn 0.7786 -0.6199 0.0976
vn 0.8081 -0.5478 0.2165
vn 0.8213 -0.4646 0.3310
vn 0.8179 -0.3721 0.4388
vn 0.7980 -0.2720 0.5378
vn 0.7619 -0.1663 0.6260
vn 0.7103 -0.0573 0.7015
vn 0.6443 0.0530 0.7629
vn 0.5652 0.1621 0.8089
vn 0.4746 0.2681 0.8384
vn 0.3742 0.3686 0.8509
vn 0.2661 0.4617 0.8462
vn 0.1526 0.5454 0.8241
vn 0.0359 0.6181 0.7853
vn -0.0816 0.6782 0.7304
vn -0.1975 0.7244 0.6605
vn -0.3093 0.7559 0.5770
vn -0.4149 0.7719 0.4817
vn -0.5119 0.7722 0.3764
vn -0.5985 0.7566 0.2634
vn -0.6728 0.7255 0.1449
vn -0.7332 0.6796 0.0234
vn -0.7787 0.6197 -0.0985
vn -0.8081 0.5470 -0.2185
vn -0.8210 0.4632 -0.3339
vn -0.8170 0.3698 -0.4424
vn -0.7964 0.2689 -0.5418
vn -0.7594 0.1625 -0.6300
vn -0.7070 0.0527 -0.7053
vn -0.6401 -0.0580 -0.7661
vn -0.5602 -0.1676 -0.8112
vn -0.4690 -0.2737 -0.8397
vn -0.3682 -0.3741 -0.8512
vn -0.2600 -0.4668 -0.8452
vn -0.1466 -0.5501 -0.8222
vn -0.0302 -0.6220 -0.7824
vn 0.0867 -0.6813 -0.7268
vn 0.2019 -0.7268 -0.6565
vn 0.3129 -0.7575 -0.5730
vn 0.4175 -0.7728 -0.4779
vn 0.5137 -0.7725 -0.3732
vn 0.5995 -0.7566 -0.2610
vn 0.6208 -0.7808 0.0701
vn 0.5613 -0.8260 -0.0508
vn 0.6677 -0.7199 0.1896
vn 0.7011 -0.6444 0.3053
vn 0.7203 -0.5559 0.4149
vn 0.7250 -0.4561 0.5161
vn 0.7150 -0.3471 0.6069
vn 0.6905 -0.2310 0.6855
vn 0.6520 -0.1102 0.7502
vn 0.6002 0.0129 0.7998
vn 0.5362 0.1358 0.8331
vn 0.4612 0.2559 0.8496
vn 0.3768 0.3710 0.8488
vn 0.2846 0.4785 0.8307
vn 0.1866 0.5763 0.7956
vn 0.0848 0.6624 0.7443
vn -0.0188 0.7351 0.6777
vn -0.1221 0.7927 0.5972
vn -0.2228 0.8342 0.5044
vn -0.3190 0.8586 0.4012
vn -0.4087 0.8654 0.2898
vn -0.4900 0.8545 0.1723
vn -0.5612 0.8261 0.0513
vn -0.6209 0.7807 -0.0707
vn -0.6679 0.7193 -0.1913
vn -0.7011 0.6431 -0.3080
vn -0.7200 0.5537 -0.4183
vn -0.7242 0.4530 -0.5199
vn -0.7135 0.3430 -0.6109
vn -0.6883 0.2260 -0.6893
vn -0.6491 0.1045 -0.7535
vn -0.5966 -0.0191 -0.8023
vn -0.5320 -0.1423 -0.8347
vn -0.4566 -0.2625 -0.8501
vn -0.3719 -0.3773 -0.8481
vn -0.2797 -0.4844 -0.8289
vn -0.1818 -0.5815 -0.7929
vn -0.0803 -0.6668 -0.7409
vn 0.0228 -0.7385 -0.6738
vn 0.1254 -0.7952 -0.5932
vn 0.2254 -0.8358 -0.5006
vn 0.3209 -0.8595 -0.3979
vn 0.4099 -0.8657 -0.2872
vn 0.4906 -0.8545 -0.1707
vn 0.4909 -0.8559 0.1625
vn 0.4302 -0.9017 0.0425
vn 0.5417 -0.7928 0.2793
vn 0.5815 -0.7137 0.3905
vn 0.6096 -0.6201 0.4938
vn 0.6254 -0.5140 0.5871
vn 0.6285 -0.3974 0.6687
vn 0.6188 -0.2727 0.7367
vn 0.5965 -0.1425 0.7898
vn 0.5622 -0.0093 0.8270
vn 0.5163 0.1242 0.8473
vn 0.4599 0.2552 0.8505
vn 0.3941 0.3811 0.8363
vn 0.3203 0.4992 0.8051
vn 0.2398 0.6073 0.7574
vn 0.1545 0.7030 0.6942
vn 0.0659 0.7844 0.6168
vn -0.0240 0.8498 0.5266
vn -0.1134 0.8978 0.4256
vn -0.2005 0.9274 0.3159
vn -0.2834 0.9380 0.1996
vn -0.3605 0.9294 0.0792
vn -0.4303 0.9017 -0.0429
vn -0.4912 0.8555 -0.1640
vn -0.5420 0.7917 -0.2818
vn -0.5817 0.7117 -0.3938
vn -0.6096 0.6171 -0.4976
vn -0.6249 0.5099 -0.5911
vn -0.6275 0.3923 -0.6726
vn -0.6173 0.2667 -0.7402
vn -0.5945 0.1357 -0.7926
vn -0.5596 0.0020 -0.8288
vn -0.5133 -0.1316 -0.8481
vn -0.4565 -0.2625 -0.8501
vn -0.3905 -0.3880 -0.8348
vn -0.3166 -0.5055 -0.8026
vn -0.2363 -0.6127 -0.7541
vn -0.1512 -0.7074 -0.6904
vn -0.0631 -0.7878 -0.6128
vn 0.0263 -0.8521 -0.5227
vn 0.1151 -0.8992 -0.4222
vn 0.2017 -0.9281 -0.3131
vn 0.2841 -0.9382 -0.1978
vn 0.3608 -0.9293 -0.0784
vn 0.3513 -0.9014 0.2530
vn 0.2869 -0.9484 0.1353
vn 0.4085 -0.8363 0.3657
vn 0.4574 -0.7543 0.4710
vn 0.4972 -0.6570 0.5668
vn 0.5268 -0.5463 0.6512
vn 0.5458 -0.4246 0.7224
vn 0.5537 -0.2942 0.7791
vn 0.5503 -0.1577 0.8199
vn 0.5357 -0.0180 0.8442
vn 0.5102 0.1222 0.8513
vn 0.4743 0.2599 0.8411
vn 0.4288 0.3925 0.8137
vn 0.3744 0.5171 0.7697
vn 0.3124 0.6312 0.7100
vn 0.2440 0.7324 0.6357
vn 0.1706 0.8187 0.5483
vn 0.0937 0.8883 0.4496
vn 0.0149 0.9397 0.3416
vn -0.0642 0.9719 0.2266
vn -0.1420 0.9841 0.1070
vn -0.2169 0.9761 -0.0149
vn -0.2873 0.9481 -0.1365
vn -0.3518 0.9006 -0.2553
vn -0.4091 0.8347 -0.3688
vn -0.4580 0.7516 -0.4747
vn -0.4976 0.6532 -0.5708
vn -0.5270 0.5414 -0.6551
vn -0.5456 0.4186 -0.7260
vn -0.5531 0.2873 -0.7820
vn -0.5493 0.1502 -0.8220
vn -0.5344 0.0101 -0.8452
vn -0.5085 -0.1301 -0.8512
vn -0.4723 -0.2676 -0.8398
vn -0.4265 -0.3995 -0.8114
vn -0.3721 -0.5233 -0.7666
vn -0.3101 -0.6364 -0.7063
vn -0.2418 -0.7366 -0.6317
vn -0.1687 -0.8217 -0.5443
vn -0.0921 -0.8903 -0.4460
vn -0.0137 -0.9408 -0.3387
vn 0.0650 -0.9723 -0.2246
vn 0.1423 -0.9841 -0.1060
vn 0.2168 -0.9761 0.0148
vn 0.2101 -0.9165 0.3405
vn 0.1398 -0.9639 0.2264
vn 0.2762 -0.8505 0.4476
vn 0.3368 -0.7673 0.5458
vn 0.3905 -0.6685 0.6330
vn 0.4363 -0.5561 0.7074
vn 0.4733 -0.4324 0.7675
vn 0.5006 -0.2999 0.8120
vn 0.5178 -0.1613 0.8401
vn 0.5245 -0.0192 0.8512
vn 0.5204 0.1233 0.8450
vn 0.5058 0.2634 0.8215
vn 0.4808 0.3981 0.7812
vn 0.4460 0.5249 0.7250
vn 0.4021 0.6409 0.6539
vn 0.3500 0.7439 0.5693
vn 0.2907 0.8317 0.4730
vn 0.2255 0.9025 0.3670
vn 0.1557 0.9547 0.2534
vn 0.0827 0.9874 0.1346
vn 0.0080 0.9999 0.0130
vn -0.0669 0.9918 -0.1089
vn -0.1404 0.9634 -0.2285
vn -0.2110 0.9152 -0.3434
vn -0.2773 0.8482 -0.4512
vn -0.3380 0.7639 -0.5498
vn -0.3917 0.6640 -0.6369
vn -0.4374 0.5505 -0.7110
vn -0.4742 0.4258 -0.7706
vn -0.5013 0.2925 -0.8143
vn -0.5182 0.1534 -0.8414
vn -0.5245 0.0111 -0.8513
vn -0.5201 -0.1312 -0.8439
vn -0.5052 -0.2709 -0.8194
vn -0.4799 -0.4049 -0.7783
vn -0.4449 -0.5307 -0.7214
vn -0.4009 -0.6457 -0.6499
vn -0.3488 -0.7475 -0.5653
vn -0.2896 -0.8342 -0.4693
vn -0.2246 -0.9040 -0.3639
vn -0.1550 -0.9555 -0.2512
vn -0.0823 -0.9876 -0.1333
vn -0.0079 -0.9999 -0.0129
vn 0.0666 -0.9919 0.1079
vn 0.0756 -0.9026 0.4239
vn -0.0030 -0.9491 0.3149
vn 0.1527 -0.8378 0.5243
vn 0.2267 -0.7560 0.6141
vn 0.2961 -0.6589 0.6916
vn 0.3595 -0.5483 0.7550
vn 0.4157 -0.4266 0.8033
vn 0.4634 -0.2962 0.8352
vn 0.5017 -0.1596 0.8502
vn 0.5298 -0.0198 0.8479
vn 0.5471 0.1206 0.8283
vn 0.5533 0.2585 0.7919
vn 0.5482 0.3913 0.7392
vn 0.5319 0.5161 0.6714
vn 0.5047 0.6305 0.5897
vn 0.4672 0.7319 0.4960
vn 0.4202 0.8184 0.3920
vn 0.3646 0.8881 0.2800
vn 0.3015 0.9396 0.1621
vn 0.2323 0.9718 0.0409
vn 0.1582 0.9841 -0.0811
vn 0.0809 0.9761 -0.2015
vn 0.0020 0.9482 -0.3177
vn -0.0770 0.9008 -0.4273
vn -0.1544 0.8350 -0.5282
vn -0.2287 0.7521 -0.6181
vn -0.2983 0.6538 -0.6953
vn -0.3618 0.5423 -0.7583
vn -0.4179 0.4197 -0.8057
vn -0.4654 0.2886 -0.8367
vn -0.5035 0.1518 -0.8506
vn -0.5312 0.0119 -0.8472
vn -0.5481 -0.1282 -0.8265
vn -0.5539 -0.2656 -0.7891
vn -0.5484 -0.3975 -0.7357
vn -0.5318 -0.5213 -0.6675
vn -0.5043 -0.6345 -0.5857
vn -0.4667 -0.7348 -0.4922
vn -0.4196 -0.8202 -0.3887
vn -0.3641 -0.8891 -0.2775
vn -0.3011 -0.9400 -0.1606
vn -0.2321 -0.9718 -0.0405
vn -0.1585 -0.9841 0.0804
vn -0.0816 -0.9765 0.1997
vn -0.0453 -0.8636 0.5022
vn -0.1338 -0.9069 0.3996
vn 0.0441 -0.8028 0.5946
vn 0.1327 -0.7258 0.6750
vn 0.2186 -0.6340 0.7418
vn 0.3000 -0.5293 0.7936
vn 0.3754 -0.4137 0.8294
vn 0.4432 -0.2897 0.8483
vn 0.5020 -0.1598 0.8500
vn 0.5506 -0.0265 0.8343
vn 0.5880 0.1074 0.8017
vn 0.6135 0.2392 0.7526
vn 0.6264 0.3662 0.6881
vn 0.6265 0.4857 0.6095
vn 0.6139 0.5953 0.5184
vn 0.5887 0.6928 0.4166
vn 0.5514 0.7760 0.3062
vn 0.5029 0.8433 0.1894
vn 0.4440 0.8934 0.0688
vn 0.3760 0.9251 -0.0533
vn 0.3004 0.9378 -0.1743
vn 0.2185 0.9312 -0.2916
vn 0.1321 0.9056 -0.4030
vn 0.0431 0.8615 -0.5060
vn -0.0469 0.7997 -0.5986
vn -0.1358 0.7216 -0.6789
vn -0.2220 0.6287 -0.7452
vn -0.3037 0.5231 -0.7963
vn -0.3791 0.4069 -0.8311
vn -0.4467 0.2825 -0.8489
vn -0.5052 0.1523 -0.8495
vn -0.5533 0.0192 -0.8327
vn -0.5902 -0.1143 -0.7991
vn -0.6151 -0.2454 -0.7493
vn -0.6275 -0.3715 -0.6843
vn -0.6271 -0.4900 -0.6055
vn -0.6140 -0.5985 -0.5145
vn -0.5885 -0.6949 -0.4132
vn -0.5511 -0.7773 -0.3035
vn -0.5026 -0.8439 -0.1877
vn -0.4439 -0.8935 -0.0681
vn -0.3762 -0.9250 0.0528
vn -0.3009 -0.9379 0.1726
vn -0.2196 -0.9318 0.2890
vn -0.1469 -0.8052 0.5744
vn -0.2462 -0.8423 0.4795
vn -0.0447 -0.7519 0.6578
vn 0.0585 -0.6833 0.7278
vn 0.1605 -0.6007 0.7832
vn 0.2593 -0.5060 0.8227
vn 0.3528 -0.4008 0.8455
vn 0.4393 -0.2875 0.8511
vn 0.5168 -0.1682 0.8394
vn 0.5838 -0.0455 0.8106
vn 0.6390 0.0783 0.7652
vn 0.6811 0.2005 0.7042
vn 0.7094 0.3187 0.6287
vn 0.7232 0.4303 0.5403
vn 0.7222 0.5332 0.4407
vn 0.7064 0.6251 0.3321
vn 0.6761 0.7043 0.2166
vn 0.6320 0.7689 0.0966
vn 0.5749 0.8178 -0.0254
vn 0.5060 0.8499 -0.1468
vn 0.4268 0.8646 -0.2652
vn 0.3387 0.8615 -0.3782
vn 0.2437 0.8408 -0.4833
vn 0.1438 0.8030 -0.5784
vn 0.0409 0.7487 -0.6617
vn -0.0628 0.6791 -0.7314
vn -0.1652 0.5957 -0.7860
vn -0.2642 0.5002 -0.8246
vn -0.3578 0.3945 -0.8464
vn -0.4440 0.2809 -0.8509
vn -0.5211 0.1616 -0.8381
vn -0.5875 0.0391 -0.8082
vn -0.6420 -0.0841 -0.7621
vn -0.6835 -0.2056 -0.7004
vn -0.7110 -0.3229 -0.6247
vn -0.7241 -0.4336 -0.5363
vn -0.7226 -0.5355 -0.4371
vn -0.7064 -0.6266 -0.3292
vn -0.6759 -0.7050 -0.2146
vn -0.6318 -0.7692 -0.0957
vn -0.5750 -0.8178 0.0251
vn -0.5065 -0.8499 0.1455
vn -0.4278 -0.8648 0.2629
vn -0.3404 -0.8623 0.3750
vn -0.2259 -0.7346 0.6398
vn -0.3357 -0.7620 0.5537
vn -0.1114 -0.6922 0.7131
vn 0.0053 -0.6357 0.7719
vn 0.1220 -0.5664 0.8151
vn 0.2363 -0.4854 0.8418
vn 0.3458 -0.3945 0.8514
vn 0.4483 -0.2956 0.8436
vn 0.5417 -0.1905 0.8187
vn 0.6242 -0.0815 0.7770
vn 0.6939 0.0292 0.7195
vn 0.7495 0.1393 0.6471
vn 0.7898 0.2466 0.5615
vn 0.8140 0.3489 0.4643
vn 0.8215 0.4441 0.3576
vn 0.8122 0.5301 0.2435
vn 0.7863 0.6052 0.1243
vn 0.7442 0.6680 0.0026
vn 0.6868 0.7170 -0.1192
vn 0.6154 0.7513 -0.2386
vn 0.5313 0.7702 -0.3529
vn 0.4363 0.7733 -0.4601
vn 0.3324 0.7606 -0.5577
vn 0.2217 0.7324 -0.6438
vn 0.1064 0.6892 -0.7167
vn -0.0109 0.6320 -0.7749
vn -0.1280 0.5619 -0.8173
vn -0.2424 0.4804 -0.8429
vn -0.3518 0.3891 -0.8514
vn -0.4540 0.2900 -0.8425
vn -0.5468 0.1850 -0.8165
vn -0.6286 0.0763 -0.7740
vn -0.6975 -0.0339 -0.7158
vn -0.7522 -0.1433 -0.6432
vn -0.7917 -0.2499 -0.5575
vn -0.8151 -0.3513 -0.4607
vn -0.8220 -0.4457 -0.3545
vn -0.8123 -0.5310 -0.2413
vn -0.7862 -0.6056 -0.1231
vn -0.7442 -0.6680 -0.0025
vn -0.6872 -0.7168 0.1181
vn -0.6163 -0.7512 0.2364
vn -0.5329 -0.7704 0.3499
vn -0.4388 -0.7741 0.4564
vn -0.2811 -0.6591 0.6975
vn -0.4003 -0.6737 0.6212
vn -0.1561 -0.6312 0.7598
vn -0.0279 -0.5904 0.8066
vn 0.1009 -0.5376 0.8372
vn 0.2277 -0.4738 0.8507
vn 0.3500 -0.4003 0.8469
vn 0.4652 -0.3186 0.8259
vn 0.5710 -0.2304 0.7880
vn 0.6651 -0.1375 0.7340
vn 0.7458 -0.0417 0.6649
vn 0.8112 0.0550 0.5822
vn 0.8601 0.1506 0.4875
vn 0.8913 0.2430 0.3827
vn 0.9043 0.3305 0.2701
vn 0.8988 0.4112 0.1519
vn 0.8748 0.4835 0.0305
vn 0.8329 0.5458 -0.0915
vn 0.7739 0.5969 -0.2116
vn 0.6990 0.6358 -0.3273
vn 0.6098 0.6617 -0.4363
vn 0.5080 0.6740 -0.5363
vn 0.3959 0.6726 -0.6252
vn 0.2758 0.6574 -0.7013
vn 0.1500 0.6288 -0.7630
vn 0.0212 0.5874 -0.8090
vn -0.1079 0.5340 -0.8386
vn -0.2348 0.4698 -0.8510
vn -0.3568 0.3961 -0.8461
vn -0.4715 0.3143 -0.8240
vn -0.5765 0.2262 -0.7852
vn -0.6698 0.1335 -0.7305
vn -0.7494 0.0382 -0.6610
vn -0.8139 -0.0579 -0.5782
vn -0.8618 -0.1529 -0.4837
vn -0.8922 -0.2447 -0.3795
vn -0.9047 -0.3315 -0.2677
vn -0.8988 -0.4117 -0.1504
vn -0.8748 -0.4835 -0.0302
vn -0.8331 -0.5456 0.0907
vn -0.7746 -0.5967 0.2097
vn -0.7004 -0.6357 0.3245
vn -0.6121 -0.6618 0.4328
vn -0.5114 -0.6746 0.5324
vn -0.3138 -0.5863 0.7469
vn -0.4402 -0.5849 0.6813
vn -0.1810 -0.5757 0.7973
vn -0.0445 -0.5535 0.8317
vn 0.0930 -0.5200 0.8491
vn 0.2286 -0.4758 0.8493
vn 0.3597 -0.4220 0.8322
vn 0.4835 -0.3595 0.7981
vn 0.5976 -0.2896 0.7477
vn 0.6994 -0.2138 0.6820
vn 0.7871 -0.1336 0.6022
vn 0.8586 -0.0507 0.5101
vn 0.9126 0.0333 0.4075
vn 0.9479 0.1165 0.2964
vn 0.9638 0.1974 0.1793
vn 0.9599 0.2742 0.0584
vn 0.9363 0.3454 -0.0637
vn 0.8935 0.4094 -0.1845
vn 0.8323 0.4651 -0.3014
vn 0.7541 0.5113 -0.4121
vn 0.6605 0.5470 -0.5143
vn 0.5533 0.5716 -0.6060
vn 0.4348 0.5844 -0.6851
vn 0.3075 0.5853 -0.7502
vn 0.1740 0.5743 -0.7999
vn 0.0370 0.5516 -0.8333
vn -0.1007 0.5176 -0.8497
vn -0.2362 0.4732 -0.8487
vn -0.3669 0.4191 -0.8305
vn -0.4900 0.3565 -0.7955
vn -0.6032 0.2867 -0.7443
vn -0.7040 0.2111 -0.6781
vn -0.7905 0.1312 -0.5982
vn -0.8610 0.0487 -0.5062
vn -0.9141 -0.0348 -0.4041
vn -0.9486 -0.1176 -0.2938
vn -0.9640 -0.1980 -0.1776
vn -0.9599 -0.2744 -0.0578
vn -0.9364 -0.3452 0.0631
vn -0.8940 -0.4091 0.1828
vn -0.8335 -0.4647 0.2987
vn -0.7562 -0.5109 0.4087
vn -0.6636 -0.5468 0.5105
vn -0.5575 -0.5717 0.6019
vn -0.3276 -0.5225 0.7872
vn -0.4579 -0.5028 0.7332
vn -0.1906 -0.5316 0.8253
vn -0.0497 -0.5299 0.8466
vn 0.0924 -0.5173 0.8508
vn 0.2326 -0.4942 0.8376
vn 0.3682 -0.4611 0.8074
vn 0.4963 -0.4185 0.7606
vn 0.6144 -0.3673 0.6983
vn 0.7199 -0.3087 0.6216
vn 0.8108 -0.2437 0.5322
vn 0.8851 -0.1738 0.4317
vn 0.9413 -0.1003 0.3224
vn 0.9781 -0.0247 0.2065
vn 0.9950 0.0513 0.0862
vn 0.9913 0.1263 -0.0358
vn 0.9674 0.1987 -0.1571
vn 0.9236 0.2670 -0.2751
vn 0.8608 0.3299 -0.3875
vn 0.7805 0.3860 -0.4918
vn 0.6841 0.4342 -0.5860
vn 0.5738 0.4736 -0.6682
vn 0.4518 0.5032 -0.7366
vn 0.3206 0.5226 -0.7900
vn 0.1830 0.5314 -0.8271
vn 0.0417 0.5293 -0.8474
vn -0.1004 0.5164 -0.8505
vn -0.2404 0.4930 -0.8362
vn -0.3753 0.4596 -0.8049
vn -0.5026 0.4168 -0.7574
vn -0.6197 0.3656 -0.6945
vn -0.7241 0.3070 -0.6176
vn -0.8138 0.2422 -0.5282
vn -0.8870 0.1725 -0.4282
vn -0.9423 0.0993 -0.3196
vn -0.9786 0.0241 -0.2046
vn -0.9950 -0.0516 -0.0854
vn -0.9914 -0.1262 0.0355
vn -0.9677 -0.1983 0.1556
vn -0.9245 -0.2664 0.2727
vn -0.8626 -0.3291 0.3842
vn -0.7832 -0.3852 0.4880
vn -0.6880 -0.4334 0.5820
vn -0.5789 -0.4729 0.6643
vn -0.3278 -0.4726 0.8180
vn -0.4582 -0.4331 0.7762
vn -0.1907 -0.5025 0.8433
vn -0.0497 -0.5222 0.8514
vn 0.0924 -0.5313 0.8422
vn 0.2328 -0.5295 0.8158
vn 0.3684 -0.5169 0.7727
vn 0.4966 -0.4938 0.7138
vn 0.6147 -0.4606 0.6403
vn 0.7203 -0.4179 0.5536
vn 0.8111 -0.3668 0.4556
vn 0.8854 -0.3081 0.3481
vn 0.9415 -0.2432 0.2334
vn 0.9783 -0.1732 0.1140
vn 0.9950 -0.0997 -0.0079
vn 0.9913 -0.0242 -0.1296
vn 0.9672 0.0519 -0.2485
vn 0.9233 0.1269 -0.3624
vn 0.8605 0.1993 -0.4688
vn 0.7801 0.2676 -0.5655
vn 0.6838 0.3305 -0.6506
vn 0.5735 0.3866 -0.7223
vn 0.4515 0.4347 -0.7792
vn 0.3204 0.4741 -0.8201
vn 0.1829 0.5037 -0.8443
vn 0.0416 0.5230 -0.8513
vn -0.1003 0.5317 -0.8410
vn -0.2402 0.5296 -0.8135
vn -0.3751 0.5167 -0.7696
vn -0.5024 0.4933 -0.7102
vn -0.6194 0.4598 -0.6363
vn -0.7238 0.4171 -0.5497
vn -0.8135 0.3659 -0.4519
vn -0.8868 0.3074 -0.3451
vn -0.9421 0.2426 -0.2313
vn -0.9784 0.1729 -0.1129
vn -0.9950 0.0997 0.0078
vn -0.9914 0.0245 0.1283
vn -0.9678 -0.0511 0.2463
vn -0.9247 -0.1258 0.3593
vn -0.8629 -0.1979 0.4651
vn -0.7835 -0.2660 0.5615
vn -0.6883 -0.3288 0.6466
vn -0.5791 -0.3849 0.7187
vn -0.3209 -0.4395 0.8390
vn -0.4470 -0.3798 0.8099
vn -0.1882 -0.4902 0.8510
vn -0.0516 -0.5310 0.8458
vn 0.0862 -0.5610 0.8233
vn 0.2223 -0.5796 0.7840
vn 0.3539 -0.5864 0.7286
vn 0.4783 -0.5812 0.6584
vn 0.5930 -0.5641 0.5745
vn 0.6956 -0.5355 0.4789
vn 0.7840 -0.4960 0.3734
vn 0.8562 -0.4463 0.2602
vn 0.9110 -0.3874 0.1416
vn 0.9470 -0.3207 0.0201
vn 0.9636 -0.2473 -0.1019
vn 0.9604 -0.1688 -0.2217
vn 0.9375 -0.0869 -0.3370
vn 0.8954 -0.0032 -0.4452
vn 0.8350 0.0806 -0.5443
vn 0.7575 0.1627 -0.6322
vn 0.6646 0.2415 -0.7071
vn 0.5581 0.3153 -0.7675
vn 0.4403 0.3827 -0.8122
vn 0.3135 0.4423 -0.8403
vn 0.1805 0.4928 -0.8512
vn 0.0439 0.5332 -0.8448
vn -0.0936 0.5628 -0.8213
vn -0.2291 0.5809 -0.7811
vn -0.3599 0.5872 -0.7251
vn -0.4833 0.5815 -0.6544
vn -0.5969 0.5641 -0.5705
vn -0.6984 0.5352 -0.4752
vn -0.7857 0.4955 -0.3702
vn -0.8572 0.4458 -0.2578
vn -0.9113 0.3871 -0.1403
vn -0.9470 0.3206 -0.0199
vn -0.9636 0.2476 0.1009
vn -0.9607 0.1696 0.2197
vn -0.9384 0.0881 0.3340
vn -0.8972 0.0049 0.4417
vn -0.8377 -0.0784 0.5404
vn -0.7613 -0.1602 0.6282
vn -0.6695 -0.2387 0.7034
vn -0.5640 -0.3124 0.7644
vn -0.3139 -0.4235 0.8498
vn -0.4315 -0.3444 0.8338
vn -0.1898 -0.4939 0.8485
vn -0.0619 -0.5544 0.8299
vn 0.0675 -0.6036 0.7944
vn 0.1955 -0.6405 0.7427
vn 0.3195 -0.6644 0.6757
vn 0.4371 -0.6747 0.5948
vn 0.5457 -0.6712 0.5017
vn 0.6432 -0.6540 0.3983
vn 0.7275 -0.6234 0.2866
vn 0.7969 -0.5800 0.1690
vn 0.8499 -0.5247 0.0480
vn 0.8855 -0.4587 -0.0741
vn 0.9029 -0.3832 -0.1946
vn 0.9018 -0.2999 -0.3111
vn 0.8822 -0.2104 -0.4212
vn 0.8446 -0.1167 -0.5226
vn 0.7896 -0.0205 -0.6132
vn 0.7186 0.0761 -0.6912
vn 0.6329 0.1711 -0.7551
vn 0.5344 0.2626 -0.8034
vn 0.4250 0.3487 -0.8354
vn 0.3070 0.4276 -0.8503
vn 0.1828 0.4978 -0.8478
vn 0.0549 0.5578 -0.8282
vn -0.0740 0.6064 -0.7917
vn -0.2013 0.6427 -0.7392
vn -0.3245 0.6659 -0.6718
vn -0.4411 0.6756 -0.5908
vn -0.5487 0.6716 -0.4979
vn -0.6452 0.6540 -0.3950
vn -0.7287 0.6232 -0.2841
vn -0.7974 0.5797 -0.1675
vn -0.8500 0.5246 -0.0475
vn -0.8854 0.4589 0.0734
vn -0.9030 0.3839 0.1928
vn -0.9023 0.3012 0.3084
vn -0.8834 0.2123 0.4178
vn -0.8466 0.1192 0.5187
vn -0.7927 0.0236 0.6092
vn -0.7226 -0.0725 0.6874
vn -0.6379 -0.1671 0.7518
vn -0.5402 -0.2583 0.8009
vn -0.3134 -0.4227 0.8503
vn -0.4184 -0.3262 0.8477
vn -0.2019 -0.5107 0.8357
vn -0.0863 -0.5883 0.8040
vn 0.0312 -0.6540 0.7559
vn 0.1480 -0.7063 0.6923
vn 0.2619 -0.7442 0.6144
vn 0.3704 -0.7670 0.5240
vn 0.4714 -0.7740 0.4227
vn 0.5627 -0.7652 0.3128
vn 0.6425 -0.7408 0.1963
vn 0.7090 -0.7011 0.0758
vn 0.7610 -0.6470 -0.0462
vn 0.7975 -0.5797 -0.1673
vn 0.8175 -0.5005 -0.2850
vn 0.8208 -0.4110 -0.3967
vn 0.8073 -0.3131 -0.5003
vn 0.7772 -0.2087 -0.5936
vn 0.7314 -0.1001 -0.6746
vn 0.6705 0.0105 -0.7418
vn 0.5961 0.1208 -0.7938
vn 0.5095 0.2286 -0.8295
vn 0.4126 0.3318 -0.8484
vn 0.3073 0.4281 -0.8499
vn 0.1958 0.5156 -0.8342
vn 0.0804 0.5926 -0.8015
vn -0.0365 0.6575 -0.7526
vn -0.1527 0.7090 -0.6885
vn -0.2658 0.7461 -0.6104
vn -0.3735 0.7681 -0.5201
vn -0.4736 0.7746 -0.4193
vn -0.5640 0.7653 -0.3100
vn -0.6431 0.7406 -0.1945
vn -0.7092 0.7010 -0.0751
vn -0.7610 0.6472 0.0458
vn -0.7974 0.5803 0.1658
vn -0.8177 0.5017 0.2824
vn -0.8214 0.4129 0.3934
vn -0.8086 0.3158 0.4965
vn -0.7793 0.2123 0.5895
vn -0.7343 0.1044 0.6707
vn -0.6744 -0.0056 0.7384
vn -0.6007 -0.1155 0.7911
vn -0.5148 -0.2231 0.8278
vn -0.3251 -0.4333 0.8406
vn -0.4141 -0.3223 0.8513
vn -0.2294 -0.5356 0.8127
vn -0.1289 -0.6270 0.7683
vn -0.0258 -0.7056 0.7081
vn 0.0779 -0.7699 0.6334
vn 0.1800 -0.8184 0.5457
vn 0.2784 -0.8503 0.4467
vn 0.3711 -0.8647 0.3386
vn 0.4562 -0.8614 0.2234
vn 0.5319 -0.8404 0.1036
vn 0.5967 -0.8022 -0.0183
vn 0.6493 -0.7476 -0.1399
vn 0.6886 -0.6775 -0.2585
vn 0.7137 -0.5936 -0.3718
vn 0.7242 -0.4975 -0.4775
vn 0.7199 -0.3913 -0.5732
vn 0.7009 -0.2770 -0.6572
vn 0.6676 -0.1571 -0.7277
vn 0.6207 -0.0341 -0.7833
vn 0.5612 0.0896 -0.8228
vn 0.4902 0.2114 -0.8456
vn 0.4093 0.3288 -0.8511
vn 0.3201 0.4395 -0.8393
vn 0.2245 0.5411 -0.8104
vn 0.1243 0.6317 -0.7652
vn 0.0216 0.7095 -0.7044
vn -0.0815 0.7728 -0.6294
vn -0.1829 0.8204 -0.5417
vn -0.2806 0.8514 -0.4431
vn -0.3726 0.8652 -0.3356
vn -0.4570 0.8615 -0.2214
vn -0.5322 0.8404 -0.1026
vn -0.5967 0.8023 0.0181
vn -0.6491 0.7480 0.1386
vn -0.6884 0.6785 0.2562
vn -0.7138 0.5954 0.3687
vn -0.7248 0.5002 0.4737
vn -0.7211 0.3949 0.5692
vn -0.7028 0.2816 0.6533
vn -0.6702 0.1625 0.7242
vn -0.6240 0.0401 0.7804
vn -0.5651 -0.0831 0.8208
vn -0.4947 -0.2048 0.8446
vn -0.3529 -0.4496 0.8206
vn -0.4235 -0.3278 0.8445
vn -0.2751 -0.5622 0.7799
vn -0.1916 -0.6635 0.7232
vn -0.1043 -0.7513 0.6517
vn -0.0147 -0.8237 0.5668
vn 0.0751 -0.8793 0.4702
vn 0.1634 -0.9170 0.3640
vn 0.2484 -0.9358 0.2502
vn 0.3282 -0.9354 0.1313
vn 0.4013 -0.9159 0.0096
vn 0.4662 -0.8775 -0.1122
vn 0.5215 -0.8212 -0.2318
vn 0.5661 -0.7480 -0.3465
vn 0.5991 -0.6595 -0.4541
vn 0.6199 -0.5574 -0.5523
vn 0.6280 -0.4440 -0.6392
vn 0.6232 -0.3215 -0.7129
vn 0.6058 -0.1925 -0.7720
vn 0.5760 -0.0597 -0.8153
vn 0.5345 0.0743 -0.8419
vn 0.4821 0.2068 -0.8514
vn 0.4200 0.3349 -0.8435
vn 0.3493 0.4561 -0.8185
vn 0.2715 0.5681 -0.7769
vn 0.1883 0.6684 -0.7196
vn 0.1012 0.7551 -0.6477
vn 0.0122 0.8265 -0.5628
vn -0.0771 0.8811 -0.4666
vn -0.1649 0.9179 -0.3609
vn -0.2493 0.9362 -0.2480
vn -0.3286 0.9355 -0.1301
vn -0.4013 0.9159 -0.0095
vn -0.4659 0.8778 0.1112
vn -0.5211 0.8220 0.2297
vn -0.5658 0.7496 0.3435
vn -0.5990 0.6620 0.4505
vn -0.6202 0.5610 0.5484
vn -0.6287 0.4486 0.6352
vn -0.6245 0.3271 0.7092
vn -0.6076 0.1990 0.7689
vn -0.5784 0.0667 0.8130
vn -0.5374 -0.0670 0.8407
vn -0.4854 -0.1994 0.8513
vn -0.3988 -0.4646 0.7906
vn -0.4495 -0.3363 0.8276
vn -0.3399 -0.5836 0.7375
vn -0.2741 -0.6906 0.6693
vn -0.2026 -0.7836 0.5873
vn -0.1270 -0.8606 0.4933
vn -0.0489 -0.9199 0.3890
vn 0.0303 -0.9605 0.2768
vn 0.1088 -0.9813 0.1588
vn 0.1851 -0.9820 0.0376
vn 0.2576 -0.9625 -0.0845
vn 0.3249 -0.9233 -0.2048
vn 0.3854 -0.8652 -0.3208
vn 0.4381 -0.7893 -0.4302
vn 0.4818 -0.6972 -0.5308
vn 0.5156 -0.5909 -0.6204
vn 0.5390 -0.4726 -0.6973
vn 0.5513 -0.3446 -0.7598
vn 0.5524 -0.2097 -0.8068
vn 0.5422 -0.0705 -0.8373
vn 0.5209 0.0700 -0.8507
vn 0.4891 0.2090 -0.8468
vn 0.4473 0.3437 -0.8257
vn 0.3965 0.4713 -0.7878
vn 0.3376 0.5893 -0.7340
vn 0.2719 0.6952 -0.6654
vn 0.2006 0.7871 -0.5833
vn 0.1254 0.8630 -0.4895
vn 0.0476 0.9214 -0.3858
vn -0.0312 0.9611 -0.2743
vn -0.1093 0.9815 -0.1573
vn -0.1853 0.9820 -0.0372
vn -0.2574 0.9627 0.0837
vn -0.3244 0.9239 0.2029
vn -0.3848 0.8665 0.3180
vn -0.4375 0.7915 0.4267
vn -0.4813 0.7005 0.5269
vn -0.5153 0.5954 0.6164
vn -0.5390 0.4781 0.6935
vn -0.5517 0.3511 0.7566
vn -0.5531 0.2169 0.8044
vn -0.5434 0.0783 0.8358
vn -0.5225 -0.0621 0.8504
vn -0.4910 -0.2012 0.8476
vn -0.4622 -0.4715 0.7510
vn -0.4928 -0.3410 0.8005
vn -0.4221 -0.5925 0.6862
vn -0.3734 -0.7014 0.6072
vn -0.3170 -0.7959 0.5157
vn -0.2542 -0.8742 0.4137
vn -0.1862 -0.9346 0.3030
vn -0.1144 -0.9758 0.1862
vn -0.0402 -0.9970 0.0654
vn 0.0348 -0.9978 -0.0566
vn 0.1091 -0.9781 -0.1775
vn 0.1811 -0.9382 -0.2948
vn 0.2494 -0.8792 -0.4059
vn 0.3127 -0.8022 -0.5087
vn 0.3695 -0.7087 -0.6010
vn 0.4188 -0.6008 -0.6809
vn 0.4596 -0.4806 -0.7469
vn 0.4909 -0.3507 -0.7975
vn 0.5122 -0.2137 -0.8318
vn 0.5231 -0.0724 -0.8492
vn 0.5233 0.0702 -0.8492
vn 0.5129 0.2114 -0.8320
vn 0.4920 0.3482 -0.7979
vn 0.4611 0.4778 -0.7477
vn 0.4209 0.5977 -0.6823
vn 0.3721 0.7055 -0.6032
vn 0.3159 0.7989 -0.5119
vn 0.2532 0.8761 -0.4102
vn 0.1854 0.9356 -0.3004
vn 0.1138 0.9762 -0.1844
vn 0.0400 0.9971 -0.0648
vn -0.0346 0.9978 0.0561
vn -0.1086 0.9784 0.1759
vn -0.1803 0.9392 0.2922
vn -0.2484 0.8810 0.4026
vn -0.3115 0.8050 0.5048
vn -0.3683 0.7127 0.5970
vn -0.4177 0.6059 0.6770
vn -0.4585 0.4868 0.7435
vn -0.4901 0.3578 0.7948
vn -0.5117 0.2214 0.8301
vn -0.5229 0.0805 0.8486
vn -0.5235 -0.0622 0.8498
vn -0.5134 -0.2036 0.8337
vn -0.5402 -0.4636 0.7023
vn -0.5517 -0.3351 0.7637
vn -0.5177 -0.5828 0.6264
vn -0.4846 -0.6900 0.5377
vn -0.4415 -0.7832 0.4378
vn -0.3895 -0.8603 0.3290
vn -0.3295 -0.9198 0.2133
vn -0.2627 -0.9604 0.0933
vn -0.1905 -0.9813 -0.0287
vn -0.1145 -0.9820 -0.1501
vn -0.0360 -0.9626 -0.2684
vn 0.0432 -0.9235 -0.3812
vn 0.1215 -0.8655 -0.4860
vn 0.1973 -0.7897 -0.5809
vn 0.2691 -0.6978 -0.6638
vn 0.3354 -0.5917 -0.7331
vn 0.3948 -0.4736 -0.7873
vn 0.4461 -0.3458 -0.8255
vn 0.4883 -0.2111 -0.8467
vn 0.5206 -0.0722 -0.8508
vn 0.5422 0.0681 -0.8375
vn 0.5528 0.2070 -0.8072
vn 0.5521 0.3416 -0.7606
vn 0.5403 0.4692 -0.6985
vn 0.5174 0.5873 -0.6224
vn 0.4841 0.6934 -0.5337
vn 0.4410 0.7855 -0.4343
vn 0.3889 0.8616 -0.3261
vn 0.3290 0.9204 -0.2114
vn 0.2625 0.9605 -0.0924
vn 0.1906 0.9813 0.0285
vn 0.1149 0.9822 0.1487
vn 0.0369 0.9633 0.2660
vn -0.0419 0.9249 0.3780
vn -0.1198 0.8678 0.4823
vn -0.1953 0.7931 0.5769
vn -0.2669 0.7024 0.6599
vn -0.3331 0.5973 0.7296
vn -0.3925 0.4801 0.7845
vn -0.4440 0.3531 0.8235
vn -0.4864 0.2189 0.8459
vn -0.5190 0.0801 0.8510
vn -0.5410 -0.0604 0.8389
vn -0.5520 -0.1997 0.8096
vn -0.6280 -0.4354 0.6450
vn -0.6224 -0.3124 0.7177
vn -0.6209 -0.5496 0.5590
vn -0.6010 -0.6525 0.4615
vn -0.5689 -0.7421 0.3545
vn -0.5251 -0.8165 0.2402
vn -0.4705 -0.8741 0.1210
vn -0.4063 -0.9137 -0.0008
vn -0.3337 -0.9347 -0.1226
vn -0.2543 -0.9364 -0.2418
vn -0.1697 -0.9189 -0.3560
vn -0.0816 -0.8827 -0.4629
vn 0.0082 -0.8283 -0.5602
vn 0.0978 -0.7570 -0.6460
vn 0.1854 -0.6703 -0.7185
vn 0.2692 -0.5700 -0.7763
vn 0.3475 -0.4580 -0.8182
vn 0.4187 -0.3368 -0.8434
vn 0.4812 -0.2088 -0.8514
vn 0.5340 -0.0766 -0.8420
vn 0.5758 0.0571 -0.8156
vn 0.6059 0.1895 -0.7726
vn 0.6237 0.3181 -0.7140
vn 0.6288 0.4401 -0.6410
vn 0.6212 0.5532 -0.5550
vn 0.6010 0.6551 -0.4579
vn 0.5686 0.7437 -0.3515
vn 0.5247 0.8173 -0.2381
vn 0.4703 0.8744 -0.1198
vn 0.4063 0.9137 0.0008
vn 0.3341 0.9347 0.1214
vn 0.2552 0.9367 0.2396
vn 0.1711 0.9199 0.3530
vn 0.0835 0.8844 0.4592
vn -0.0057 0.8310 0.5562
vn -0.0949 0.7608 0.6420
vn -0.1821 0.6751 0.7149
vn -0.2657 0.5757 0.7733
vn -0.3439 0.4646 0.8160
vn -0.4151 0.3439 0.8423
vn -0.4779 0.2162 0.8514
vn -0.5311 0.0840 0.8432
vn -0.5734 -0.0500 0.8178
vn -0.6040 -0.1830 0.7756
vn -0.7190 -0.3833 0.5797
vn -0.6990 -0.2685 0.6628
vn -0.7244 -0.4902 0.4847
vn -0.7149 -0.5871 0.3797
vn -0.6909 -0.6719 0.2669
vn -0.6526 -0.7430 0.1485
vn -0.6010 -0.7988 0.0271
vn -0.5370 -0.8382 -0.0949
vn -0.4620 -0.8605 -0.2149
vn -0.3775 -0.8650 -0.3304
vn -0.2853 -0.8519 -0.4392
vn -0.1872 -0.8213 -0.5389
vn -0.0853 -0.7739 -0.6275
vn 0.0183 -0.7108 -0.7032
vn 0.1215 -0.6331 -0.7645
vn 0.2222 -0.5426 -0.8101
vn 0.3184 -0.4410 -0.8391
vn 0.4079 -0.3306 -0.8511
vn 0.4892 -0.2134 -0.8457
vn 0.5604 -0.0920 -0.8231
vn 0.6202 0.0312 -0.7839
vn 0.6673 0.1538 -0.7287
vn 0.7009 0.2732 -0.6589
vn 0.7203 0.3870 -0.5757
vn 0.7250 0.4930 -0.4810
vn 0.7151 0.5889 -0.3765
vn 0.6907 0.6730 -0.2645
vn 0.6524 0.7434 -0.1472
vn 0.6009 0.7989 -0.0269
vn 0.5373 0.8382 0.0940
vn 0.4628 0.8605 0.2129
vn 0.3789 0.8655 0.3276
vn 0.2874 0.8530 0.4357
vn 0.1901 0.8232 0.5350
vn 0.0889 0.7768 0.6235
vn -0.0142 0.7145 0.6994
vn -0.1169 0.6378 0.7613
vn -0.2174 0.5481 0.8077
vn -0.3134 0.4471 0.8378
vn -0.4031 0.3371 0.8508
vn -0.4847 0.2201 0.8466
vn -0.5564 0.0985 0.8251
vn -0.6168 -0.0251 0.7867
vn -0.6647 -0.1483 0.7323
vn -0.8057 -0.3057 0.5074
vn -0.7745 -0.2010 0.5998
vn -0.8204 -0.4042 0.4045
vn -0.8183 -0.4943 0.2933
vn -0.7995 -0.5744 0.1760
vn -0.7642 -0.6426 0.0550
vn -0.7133 -0.6977 -0.0670
vn -0.6477 -0.7384 -0.1877
vn -0.5689 -0.7640 -0.3045
vn -0.4783 -0.7739 -0.4151
vn -0.3780 -0.7680 -0.5170
vn -0.2699 -0.7464 -0.6083
vn -0.1564 -0.7095 -0.6871
vn -0.0396 -0.6582 -0.7518
vn 0.0779 -0.5935 -0.8011
vn 0.1937 -0.5167 -0.8340
vn 0.3055 -0.4294 -0.8499
vn 0.4111 -0.3334 -0.8484
vn 0.5082 -0.2307 -0.8298
vn 0.5949 -0.1234 -0.7943
vn 0.6695 -0.0135 -0.7427
vn 0.7305 0.0965 -0.6761
vn 0.7766 0.2046 -0.5958
vn 0.8070 0.3085 -0.5036
vn 0.8211 0.4061 -0.4012
vn 0.8185 0.4956 -0.2907
vn 0.7994 0.5750 -0.1743
vn 0.7641 0.6428 -0.0545
vn 0.7134 0.6976 0.0664
vn 0.6484 0.7383 0.1860
vn 0.5702 0.7641 0.3019
vn 0.4804 0.7744 0.4116
vn 0.3810 0.7691 0.5131
vn 0.2738 0.7482 0.6043
vn 0.1610 0.7122 0.6833
vn 0.0450 0.6617 0.7485
vn -0.0720 0.5977 0.7985
vn -0.1876 0.5215 0.8324
vn -0.2994 0.4347 0.8493
vn -0.4052 0.3390 0.8491
vn -0.5028 0.2363 0.8315
vn -0.5902 0.1287 0.7969
vn -0.6656 0.0185 0.7461
vn -0.7274 -0.0922 0.6799
vn -0.8801 -0.2038 0.4288
vn -0.8412 -0.1098 0.5295
vn -0.9010 -0.2937 0.3193
vn -0.9035 -0.3775 0.2032
vn -0.8874 -0.4535 0.0829
vn -0.8531 -0.5203 -0.0392
vn -0.8013 -0.5764 -0.1604
vn -0.7330 -0.6206 -0.2783
vn -0.6498 -0.6522 -0.3905
vn -0.5532 -0.6704 -0.4946
vn -0.4452 -0.6749 -0.5885
vn -0.3282 -0.6656 -0.6703
vn -0.2046 -0.6427 -0.7383
vn -0.0768 -0.6067 -0.7912
vn 0.0525 -0.5584 -0.8279
vn 0.1807 -0.4987 -0.8478
vn 0.3051 -0.4288 -0.8503
vn 0.4232 -0.3503 -0.8355
vn 0.5327 -0.2647 -0.8038
vn 0.6313 -0.1738 -0.7558
vn 0.7170 -0.0794 -0.6926
vn 0.7881 0.0167 -0.6153
vn 0.8433 0.1123 -0.5256
vn 0.8813 0.2057 -0.4254
vn 0.9016 0.2949 -0.3165
vn 0.9036 0.3782 -0.2013
vn 0.8873 0.4538 -0.0821
vn 0.8532 0.5202 0.0388
vn 0.8018 0.5761 0.1589
vn 0.7342 0.6204 0.2758
vn 0.6517 0.6522 0.3872
vn 0.5561 0.6708 0.4908
vn 0.4492 0.6757 0.5845
vn 0.3332 0.6670 0.6664
vn 0.2104 0.6448 0.7348
vn 0.0832 0.6094 0.7884
vn -0.0456 0.5617 0.8261
vn -0.1736 0.5025 0.8470
vn -0.2982 0.4330 0.8507
vn -0.4167 0.3546 0.8370
vn -0.5268 0.2690 0.8063
vn -0.6262 0.1779 0.7591
vn -0.7129 0.0830 0.6963
vn -0.7850 -0.0135 0.6193
vn -0.9351 -0.0809 0.3450
vn -0.8916 0.0028 0.4527
vn -0.9594 -0.1630 0.2302
vn -0.9640 -0.2418 0.1106
vn -0.9488 -0.3156 -0.0112
vn -0.9142 -0.3829 -0.1329
vn -0.8608 -0.4423 -0.2518
vn -0.7897 -0.4927 -0.3654
vn -0.7025 -0.5330 -0.4716
vn -0.6009 -0.5624 -0.5680
vn -0.4870 -0.5803 -0.6527
vn -0.3632 -0.5864 -0.7241
vn -0.2320 -0.5805 -0.7805
vn -0.0961 -0.5628 -0.8210
vn 0.0416 -0.5336 -0.8447
vn 0.1784 -0.4935 -0.8512
vn 0.3115 -0.4434 -0.8404
vn 0.4382 -0.3844 -0.8126
vn 0.5559 -0.3175 -0.7682
vn 0.6623 -0.2442 -0.7083
vn 0.7552 -0.1660 -0.6341
vn 0.8328 -0.0844 -0.5471
vn 0.8935 -0.0011 -0.4491
vn 0.9361 0.0822 -0.3421
vn 0.9598 0.1638 -0.2281
vn 0.9640 0.2421 -0.1096
vn 0.9489 0.3155 0.0111
vn 0.9145 0.3826 0.1316
vn 0.8617 0.4419 0.2495
vn 0.7914 0.4923 0.3623
vn 0.7052 0.5327 0.4679
vn 0.6047 0.5624 0.5640
vn 0.4919 0.5807 0.6488
vn 0.3690 0.5872 0.7205
vn 0.2387 0.5817 0.7776
vn 0.1035 0.5645 0.8189
vn -0.0339 0.5357 0.8437
vn -0.1707 0.4960 0.8513
vn -0.3041 0.4462 0.8417
vn -0.4314 0.3873 0.8148
vn -0.5499 0.3204 0.7713
vn -0.6573 0.2470 0.7120
vn -0.7513 0.1685 0.6381
vn -0.8299 0.0866 0.5511
vn -0.9647 0.0573 0.2570
vn -0.9194 0.1322 0.3704
vn -0.9902 -0.0187 0.1383
vn -0.9954 -0.0943 0.0167
vn -0.9802 -0.1680 -0.1052
vn -0.9448 -0.2383 -0.2249
vn -0.8900 -0.3036 -0.3400
vn -0.8171 -0.3628 -0.4481
vn -0.7274 -0.4145 -0.5469
vn -0.6228 -0.4578 -0.6345
vn -0.5055 -0.4917 -0.7090
vn -0.3779 -0.5156 -0.7690
vn -0.2427 -0.5289 -0.8132
vn -0.1027 -0.5315 -0.8408
vn 0.0394 -0.5232 -0.8513
vn 0.1807 -0.5043 -0.8444
vn 0.3181 -0.4751 -0.8204
vn 0.4490 -0.4363 -0.7798
vn 0.5708 -0.3886 -0.7233
vn 0.6809 -0.3331 -0.6523
vn 0.7772 -0.2708 -0.5681
vn 0.8577 -0.2030 -0.4724
vn 0.9208 -0.1311 -0.3672
vn 0.9654 -0.0566 -0.2547
vn 0.9904 0.0191 -0.1370
vn 0.9954 0.0944 -0.0165
vn 0.9803 0.1677 0.1042
vn 0.9454 0.2377 0.2229
vn 0.8914 0.3029 0.3371
vn 0.8194 0.3620 0.4445
vn 0.7308 0.4137 0.5430
vn 0.6273 0.4571 0.6305
vn 0.5112 0.4912 0.7053
vn 0.3846 0.5153 0.7659
vn 0.2501 0.5290 0.8109
vn 0.1105 0.5319 0.8395
vn -0.0314 0.5240 0.8511
vn -0.1728 0.5054 0.8454
vn -0.3107 0.4765 0.8224
vn -0.4423 0.4379 0.7827
vn -0.5650 0.3903 0.7269
vn -0.6763 0.3347 0.6562
vn -0.7737 0.2723 0.5721
vn -0.8553 0.2044 0.4761
vn -0.9649 0.2038 0.1657
vn -0.9197 0.2718 0.2835
vn -0.9903 0.1316 0.0446
vn -0.9954 0.0568 -0.0774
vn -0.9800 -0.0192 -0.1979
vn -0.9446 -0.0949 -0.3143
vn -0.8898 -0.1686 -0.4241
vn -0.8167 -0.2388 -0.5253
vn -0.7270 -0.3042 -0.6156
vn -0.6225 -0.3633 -0.6932
vn -0.5052 -0.4151 -0.7566
vn -0.3777 -0.4583 -0.8045
vn -0.2426 -0.4922 -0.8360
vn -0.1026 -0.5160 -0.8504
vn 0.0394 -0.5293 -0.8475
vn 0.1805 -0.5318 -0.8274
vn 0.3179 -0.5235 -0.7905
vn 0.4488 -0.5046 -0.7376
vn 0.5705 -0.4754 -0.6697
vn 0.6806 -0.4366 -0.5884
vn 0.7769 -0.3889 -0.4952
vn 0.8574 -0.3334 -0.3920
vn 0.9206 -0.2711 -0.2809
vn 0.9652 -0.2034 -0.1642
vn 0.9903 -0.1315 -0.0442
vn 0.9954 -0.0570 0.0767
vn 0.9804 0.0186 0.1961
vn 0.9456 0.0939 0.3115
vn 0.8917 0.1673 0.4207
vn 0.8197 0.2373 0.5214
vn 0.7311 0.3025 0.6115
vn 0.6277 0.3616 0.6894
vn 0.5115 0.4134 0.7533
vn 0.3848 0.4568 0.8020
vn 0.2503 0.4909 0.8345
vn 0.1106 0.5150 0.8500
vn -0.0314 0.5287 0.8482
vn -0.1728 0.5316 0.8292
vn -0.3109 0.5236 0.7932
vn -0.4426 0.5050 0.7410
vn -0.5653 0.4760 0.6736
vn -0.6766 0.4374 0.5924
vn -0.7740 0.3898 0.4990
vn -0.8556 0.3342 0.3953
vn -0.9339 0.3502 0.0725
vn -0.8897 0.4138 0.1931
vn -0.9589 0.2795 -0.0496
vn -0.9642 0.2031 -0.1706
vn -0.9497 0.1225 -0.2881
vn -0.9158 0.0393 -0.3997
vn -0.8631 -0.0447 -0.5030
vn -0.7928 -0.1277 -0.5960
vn -0.7063 -0.2081 -0.6766
vn -0.6054 -0.2843 -0.7434
vn -0.4921 -0.3546 -0.7950
vn -0.3689 -0.4177 -0.8303
vn -0.2383 -0.4723 -0.8486
vn -0.1029 -0.5171 -0.8497
vn 0.0346 -0.5515 -0.8335
vn 0.1713 -0.5745 -0.8004
vn 0.3044 -0.5859 -0.7510
vn 0.4313 -0.5854 -0.6865
vn 0.5494 -0.5730 -0.6081
vn 0.6564 -0.5490 -0.5174
vn 0.7500 -0.5139 -0.4164
vn 0.8285 -0.4684 -0.3069
vn 0.8902 -0.4134 -0.1913
vn 0.9340 -0.3501 -0.0718
vn 0.9588 -0.2797 0.0491
vn 0.9643 -0.2036 0.1690
vn 0.9504 -0.1235 0.2856
vn 0.9172 -0.0408 0.3964
vn 0.8654 0.0427 0.4992
vn 0.7962 0.1253 0.5919
vn 0.7108 0.2054 0.6728
vn 0.6109 0.2814 0.7400
vn 0.4986 0.3517 0.7923
vn 0.3761 0.4148 0.8285
vn 0.2459 0.4696 0.8480
vn 0.1106 0.5148 0.8502
vn -0.0270 0.5495 0.8351
vn -0.1642 0.5731 0.8029
vn -0.2981 0.5849 0.7543
vn -0.4259 0.5849 0.6903
vn -0.5451 0.5729 0.6121
vn -0.6532 0.5492 0.5213
vn -0.7479 0.5143 0.4198
vn -0.8273 0.4688 0.3096
vn -0.8724 0.4883 -0.0217
vn -0.8292 0.5499 0.1003
vn -0.8977 0.4167 -0.1432
vn -0.9046 0.3366 -0.2617
vn -0.8929 0.2495 -0.3748
vn -0.8629 0.1574 -0.4802
vn -0.8153 0.0620 -0.5757
vn -0.7510 -0.0347 -0.6594
vn -0.6714 -0.1306 -0.7295
vn -0.5782 -0.2238 -0.7846
vn -0.4732 -0.3125 -0.8237
vn -0.3586 -0.3947 -0.8460
vn -0.2367 -0.4688 -0.8510
vn -0.1102 -0.5333 -0.8387
vn 0.0186 -0.5870 -0.8094
vn 0.1469 -0.6286 -0.7637
vn 0.2722 -0.6575 -0.7025
vn 0.3919 -0.6731 -0.6272
vn 0.5037 -0.6750 -0.5392
vn 0.6052 -0.6632 -0.4403
vn 0.6945 -0.6380 -0.3326
vn 0.7698 -0.5999 -0.2181
vn 0.8294 -0.5497 -0.0993
vn 0.8724 -0.4884 0.0215
vn 0.8977 -0.4172 0.1418
vn 0.9049 -0.3376 0.2594
vn 0.8938 -0.2511 0.3717
vn 0.8646 -0.1596 0.4765
vn 0.8179 -0.0649 0.5717
vn 0.7546 0.0312 0.6554
vn 0.6760 0.1267 0.7259
vn 0.5837 0.2196 0.7817
vn 0.4794 0.3082 0.8217
vn 0.3653 0.3904 0.8450
vn 0.2438 0.4648 0.8512
vn 0.1172 0.5297 0.8400
vn -0.0119 0.5839 0.8117
vn -0.1408 0.6262 0.7668
vn -0.2668 0.6558 0.7062
vn -0.3875 0.6719 0.6312
vn -0.5003 0.6744 0.5431
vn -0.6028 0.6630 0.4439
vn -0.6930 0.6381 0.3355
vn -0.7690 0.6001 0.2201
vn -0.7838 0.6102 -0.1156
vn -0.7405 0.6720 0.0063
vn -0.8109 0.5359 -0.2350
vn -0.8214 0.4506 -0.3496
vn -0.8151 0.3561 -0.4569
vn -0.7921 0.2542 -0.5549
vn -0.7530 0.1472 -0.6414
vn -0.6984 0.0372 -0.7147
vn -0.6297 -0.0736 -0.7734
vn -0.5481 -0.1827 -0.8162
vn -0.4554 -0.2882 -0.8424
vn -0.3534 -0.3876 -0.8514
vn -0.2444 -0.4792 -0.8430
vn -0.1304 -0.5609 -0.8176
vn -0.0138 -0.6311 -0.7755
vn 0.1031 -0.6886 -0.7178
vn 0.2178 -0.7320 -0.6456
vn 0.3280 -0.7606 -0.5603
vn 0.4316 -0.7737 -0.4638
vn 0.5264 -0.7712 -0.3579
vn 0.6106 -0.7531 -0.2448
vn 0.6825 -0.7198 -0.1268
vn 0.7406 -0.6720 -0.0062
vn 0.7837 -0.6105 0.1145
vn 0.8110 -0.5368 0.2329
vn 0.8218 -0.4522 0.3466
vn 0.8161 -0.3584 0.4533
vn 0.7939 -0.2574 0.5509
vn 0.7556 -0.1512 0.6374
vn 0.7019 -0.0418 0.7110
vn 0.6340 0.0684 0.7703
vn 0.5531 0.1773 0.8140
vn 0.4610 0.2826 0.8412
vn 0.3594 0.3822 0.8513
vn 0.2505 0.4741 0.8441
vn 0.1364 0.5563 0.8197
vn 0.0194 0.6273 0.7785
vn -0.0980 0.6855 0.7214
vn -0.2135 0.7298 0.6495
vn -0.3246 0.7591 0.5643
vn -0.4291 0.7729 0.4674
vn -0.5248 0.7709 0.3609
vn -0.6097 0.7532 0.2470
vn -0.6821 0.7200 0.1280
vn -0.6734 0.7094 -0.2080
vn -0.6283 0.7730 -0.0878
vn -0.7047 0.6313 -0.3239
vn -0.7215 0.5402 -0.4331
vn -0.7236 0.4381 -0.5334
vn -0.7109 0.3270 -0.6227
vn -0.6836 0.2092 -0.6992
vn -0.6425 0.0872 -0.7613
vn -0.5882 -0.0365 -0.8079
vn -0.5220 -0.1595 -0.8379
vn -0.4452 -0.2791 -0.8508
vn -0.3593 -0.3929 -0.8465
vn -0.2662 -0.4987 -0.8249
vn -0.1678 -0.5943 -0.7866
vn -0.0659 -0.6777 -0.7323
vn 0.0373 -0.7474 -0.6633
vn 0.1396 -0.8019 -0.5809
vn 0.2392 -0.8402 -0.4867
vn 0.3338 -0.8614 -0.3828
vn 0.4218 -0.8652 -0.2712
vn 0.5011 -0.8515 -0.1541
vn 0.5704 -0.8207 -0.0339
vn 0.6282 -0.7732 0.0870
vn 0.6732 -0.7101 0.2061
vn 0.7047 -0.6327 0.3211
vn 0.7219 -0.5425 0.4296
vn 0.7245 -0.4413 0.5295
vn 0.7124 -0.3312 0.6187
vn 0.6859 -0.2143 0.6954
vn 0.6455 -0.0930 0.7581
vn 0.5919 0.0302 0.8055
vn 0.5262 0.1529 0.8365
vn 0.4499 0.2725 0.8505
vn 0.3643 0.3866 0.8473
vn 0.2712 0.4929 0.8268
vn 0.1725 0.5892 0.7894
vn 0.0703 0.6735 0.7358
vn -0.0334 0.7441 0.6672
vn -0.1364 0.7996 0.5849
vn -0.2367 0.8387 0.4905
vn -0.3321 0.8606 0.3860
vn -0.4207 0.8650 0.2736
vn -0.5006 0.8516 0.1555
vn -0.5703 0.8207 0.0342
vn -0.5483 0.7814 -0.2979
vn -0.4989 0.8476 -0.1808
vn -0.5864 0.6993 -0.4089
vn -0.6125 0.6028 -0.5114
vn -0.6260 0.4940 -0.6034
vn -0.6268 0.3751 -0.6829
vn -0.6148 0.2486 -0.7485
vn -0.5903 0.1171 -0.7987
vn -0.5537 -0.0168 -0.8325
vn -0.5059 -0.1502 -0.8494
vn -0.4478 -0.2805 -0.8490
vn -0.3806 -0.4050 -0.8313
vn -0.3057 -0.5213 -0.7968
vn -0.2246 -0.6268 -0.7461
vn -0.1390 -0.7196 -0.6803
vn -0.0506 -0.7978 -0.6008
vn 0.0388 -0.8598 -0.5092
vn 0.1275 -0.9043 -0.4073
vn 0.2135 -0.9306 -0.2972
vn 0.2952 -0.9381 -0.1812
vn 0.3710 -0.9266 -0.0615
vn 0.4393 -0.8964 0.0594
vn 0.4986 -0.8481 0.1792
vn 0.5480 -0.7826 0.2953
vn 0.5862 -0.7014 0.4055
vn 0.6126 -0.6059 0.5075
vn 0.6266 -0.4982 0.5993
vn 0.6279 -0.3803 0.6791
vn 0.6164 -0.2547 0.7451
vn 0.5924 -0.1239 0.7960
vn 0.5564 0.0095 0.8309
vn 0.5090 0.1428 0.8488
vn 0.4512 0.2732 0.8496
vn 0.3842 0.3982 0.8330
vn 0.3093 0.5151 0.7994
vn 0.2281 0.6215 0.7495
vn 0.1422 0.7153 0.6842
vn 0.0533 0.7946 0.6048
vn -0.0366 0.8576 0.5131
vn -0.1258 0.9030 0.4107
vn -0.2124 0.9300 0.2999
vn -0.2946 0.9379 0.1829
vn -0.3708 0.9266 0.0621
vn -0.4394 0.8963 -0.0600
vn -0.4165 0.8240 -0.3842
vn -0.3603 0.8924 -0.2716
vn -0.4642 0.7387 -0.4888
vn -0.5023 0.6382 -0.5834
vn -0.5303 0.5248 -0.6659
vn -0.5474 0.4006 -0.7348
vn -0.5533 0.2683 -0.7886
vn -0.5479 0.1307 -0.8263
vn -0.5314 -0.0096 -0.8471
vn -0.5040 -0.1496 -0.8506
vn -0.4665 -0.2865 -0.8369
vn -0.4194 -0.4175 -0.8061
vn -0.3638 -0.5399 -0.7590
vn -0.3009 -0.6513 -0.6966
vn -0.2318 -0.7495 -0.6201
vn -0.1581 -0.8324 -0.5311
vn -0.0812 -0.8985 -0.4314
vn -0.0027 -0.9464 -0.3230
vn 0.0759 -0.9751 -0.2081
vn 0.1530 -0.9842 -0.0891
vn 0.2270 -0.9734 0.0318
vn 0.2963 -0.9429 0.1520
vn 0.3598 -0.8934 0.2692
vn 0.4159 -0.8258 0.3809
vn 0.4636 -0.7415 0.4850
vn 0.5020 -0.6422 0.5793
vn 0.5301 -0.5298 0.6620
vn 0.5476 -0.4067 0.7313
vn 0.5539 -0.2753 0.7858
vn 0.5489 -0.1382 0.8244
vn 0.5328 0.0017 0.8462
vn 0.5058 0.1417 0.8509
vn 0.4685 0.2789 0.8383
vn 0.4216 0.4105 0.8085
vn 0.3661 0.5338 0.7623
vn 0.3031 0.6462 0.7004
vn 0.2339 0.7455 0.6241
vn 0.1599 0.8295 0.5350
vn 0.0827 0.8967 0.4349
vn 0.0037 0.9454 0.3259
vn -0.0753 0.9748 0.2101
vn -0.1527 0.9842 0.0899
vn -0.2270 0.9734 -0.0321
vn -0.2967 0.9426 -0.1534
vn -0.2851 0.8371 -0.4668
vn -0.2192 0.9067 -0.3604
vn -0.3452 0.7504 -0.5636
vn -0.3981 0.6485 -0.6488
vn -0.4429 0.5333 -0.7207
vn -0.4785 0.4074 -0.7779
vn -0.5043 0.2732 -0.8192
vn -0.5197 0.1336 -0.8438
vn -0.5245 -0.0087 -0.8514
vn -0.5185 -0.1507 -0.8417
vn -0.5020 -0.2896 -0.8150
vn -0.4751 -0.4227 -0.7718
vn -0.4386 -0.5471 -0.7130
vn -0.3932 -0.6604 -0.6398
vn -0.3398 -0.7603 -0.5537
vn -0.2795 -0.8448 -0.4563
vn -0.2135 -0.9122 -0.3498
vn -0.1433 -0.9611 -0.2362
vn -0.0701 -0.9906 -0.1178
vn 0.0044 -1.0000 0.0030
vn 0.0788 -0.9892 0.1238
vn 0.1516 -0.9584 0.2420
vn 0.2213 -0.9081 0.3554
vn 0.2865 -0.8396 0.4616
vn 0.3458 -0.7540 0.5585
vn 0.3982 -0.6532 0.6440
vn 0.4426 -0.5391 0.7166
vn 0.4780 -0.4141 0.7746
vn 0.5038 -0.2807 0.8170
vn 0.5194 -0.1415 0.8427
vn 0.5246 0.0006 0.8514
vn 0.5192 0.1428 0.8427
vn 0.5033 0.2822 0.8168
vn 0.4772 0.4159 0.7741
vn 0.4415 0.5413 0.7156
vn 0.3967 0.6557 0.6424
vn 0.3439 0.7567 0.5559
vn 0.2840 0.8424 0.4580
vn 0.2183 0.9108 0.3506
vn 0.1480 0.9604 0.2359
vn 0.0747 0.9904 0.1163
vn -0.0003 1.0000 -0.0056
vn -0.0753 0.9890 -0.1274
vn -0.1487 0.9577 -0.2465
vn -0.2184 0.8355 -0.5042
vn -0.1471 0.9040 -0.4015
vn -0.2852 0.7501 -0.5967
vn -0.3463 0.6493 -0.6772
vn -0.4003 0.5352 -0.7439
vn -0.4460 0.4100 -0.7956
vn -0.4825 0.2765 -0.8311
vn -0.5090 0.1372 -0.8498
vn -0.5249 -0.0049 -0.8512
vn -0.5299 -0.1469 -0.8353
vn -0.5239 -0.2859 -0.8024
vn -0.5071 -0.4190 -0.7532
vn -0.4798 -0.5435 -0.6888
vn -0.4427 -0.6568 -0.6104
vn -0.3966 -0.7568 -0.5196
vn -0.3424 -0.8413 -0.4183
vn -0.2813 -0.9086 -0.3086
vn -0.2145 -0.9575 -0.1926
vn -0.1435 -0.9870 -0.0728
vn -0.0696 -0.9964 0.0486
vn 0.0056 -0.9856 0.1690
vn 0.0807 -0.9548 0.2861
vn 0.1540 -0.9046 0.3974
vn 0.2243 -0.8360 0.5007
vn 0.2900 -0.7504 0.5939
vn 0.3499 -0.6495 0.6751
vn 0.4027 -0.5353 0.7425
vn 0.4474 -0.4101 0.7947
vn 0.4832 -0.2765 0.8307
vn 0.5092 -0.1372 0.8497
vn 0.5249 0.0049 0.8511
vn 0.5301 0.1469 0.8351
vn 0.5246 0.2858 0.8019
vn 0.5086 0.4189 0.7523
vn 0.4823 0.5433 0.6872
vn 0.4463 0.6566 0.6080
vn 0.4013 0.7564 0.5165
vn 0.3483 0.8408 0.4145
vn 0.2881 0.9080 0.3042
vn 0.2222 0.9568 0.1878
vn 0.1516 0.9861 0.0677
vn 0.0779 0.9955 -0.0537
vn 0.0026 0.9847 -0.1740
vn -0.0730 0.9540 -0.2907
vt 0.000000 1.000000
vt 0.010989 1.000000
vt 0.010989 0.977273
vt 0.000000 0.977273
vt 0.000000 0.022727
vt 0.010989 0.022727
vt 0.010989 0.000000
vt 0.000000 0.000000
vt 0.000000 0.045455
vt 0.010989 0.045455
vt 0.000000 0.068182
vt 0.010989 0.068182
vt 0.000000 0.090909
vt 0.010989 0.090909
vt 0.000000 0.113636
vt 0.010989 0.113636
vt 0.000000 0.136364
vt 0.010989 0.136364
vt 0.000000 0.159091
vt 0.010989 0.159091
vt 0.000000 0.181818
vt 0.010989 0.181818
vt 0.000000 0.204545
vt 0.010989 0.204545
vt 0.000000 0.227273
vt 0.010989 0.227273
vt 0.000000 0.250000
vt 0.010989 0.250000
vt 0.000000 0.272727
vt 0.010989 0.272727
vt 0.000000 0.295455
vt 0.010989 0.295455
vt 0.000000 0.318182
vt 0.010989 0.318182
vt 0.000000 0.340909
vt 0.010989 0.340909
vt 0.000000 0.363636
vt 0.010989 0.363636
vt 0.000000 0.386364
vt 0.010989 0.386364
vt 0.000000 0.409091
vt 0.010989 0.409091
vt 0.000000 0.431818
vt 0.010989 0.431818
vt 0.000000 0.454545
vt 0.010989 0.454545
vt 0.000000 0.477273
vt 0.010989 0.477273
vt 0.000000 0.500000
vt 0.010989 0.500000
vt 0.000000 0.522727
vt 0.010989 0.522727
vt 0.000000 0.545455
vt 0.010989 0.545455
vt 0.000000 0.568182
vt 0.010989 0.568182
vt 0.000000 0.590909
vt 0.010989 0.590909
vt 0.000000 0.613636
vt 0.010989 0.613636
vt 0.000000 0.636364
vt 0.010989 0.636364
vt 0.000000 0.659091
vt 0.010989 0.659091
vt 0.000000 0.681818
vt 0.010989 0.681818
vt 0.000000 0.704545
vt 0.010989 0.704545
vt 0.000000 0.727273
vt 0.010989 0.727273
vt 0.000000 0.750000
vt 0.010989 0.750000
vt 0.000000 0.772727
vt 0.010989 0.772727
vt 0.000000 0.795455
vt 0.010989 0.795455
vt 0.000000 0.818182
vt 0.010989 0.818182
vt 0.000000 0.840909
vt 0.010989 0.840909
vt 0.000000 0.863636
vt 0.010989 0.863636
vt 0.000000 0.886364
vt 0.010989 0.886364
vt 0.000000 0.909091
vt 0.010989 0.909091
vt 0.000000 0.931818
vt 0.010989 0.931818
vt 0.000000 0.954545
vt 0.010989 0.954545
vt 0.021978 1.000000
vt 0.021978 0.977273
vt 0.021978 0.022727
vt 0.021978 0.000000
vt 0.021978 0.045455
vt 0.021978 0.068182
vt 0.021978 0.090909
vt 0.021978 0.113636
vt 0.021978 0.136364
vt 0.021978 0.159091
vt 0.021978 0.181818
vt 0.021978 0.204545
vt 0.021978 0.227273
vt 0.021978 0.250000
vt 0.021978 0.272727
vt 0.021978 0.295455
vt 0.021978 0.318182
vt 0.021978 0.340909
vt 0.021978 0.363636
vt 0.021978 0.386364
vt 0.021978 0.409091
vt 0.021978 0.431818
vt 0.021978 0.454545
vt 0.021978 0.477273
vt 0.021978 0.500000
vt 0.021978 0.522727
vt 0.021978 0.545455
vt 0.021978 0.568182
vt 0.021978 0.590909
vt 0.021978 0.613636
vt 0.021978 0.636364
vt 0.021978 0.659091
vt 0.021978 0.681818
vt 0.021978 0.704545
vt 0.021978 0.727273
vt 0.021978 0.750000
vt 0.021978 0.772727
vt 0.021978 0.795455
vt 0.021978 0.818182
vt 0.021978 0.840909
vt 0.021978 0.863636
vt 0.021978 0.886364
vt 0.021978 0.909091
vt 0.021978 0.931818
vt 0.021978 0.954545
vt 0.032967 1.000000
vt 0.032967 0.977273
vt 0.032967 0.022727
vt 0.032967 0.000000
vt 0.032967 0.045455
vt 0.032967 0.068182
vt 0.032967 0.090909
vt 0.032967 0.113636
vt 0.032967 0.136364
vt 0.032967 0.159091
vt 0.032967 0.181818
vt 0.032967 0.204545
vt 0.032967 0.227273
vt 0.032967 0.250000
vt 0.032967 0.272727
vt 0.032967 0.295455
vt 0.032967 0.318182
vt 0.032967 0.340909
vt 0.032967 0.363636
vt 0.032967 0.386364
vt 0.032967 0.409091
vt 0.032967 0.431818
vt 0.032967 0.454545
vt 0.032967 0.477273
vt 0.032967 0.500000
vt 0.032967 0.522727
vt 0.032967 0.545455
vt 0.032967 0.568182
vt 0.032967 0.590909
vt 0.032967 0.613636
vt 0.032967 0.636364
vt 0.032967 0.659091
vt 0.032967 0.681818
vt 0.032967 0.704545
vt 0.032967 0.727273
vt 0.032967 0.750000
vt 0.032967 0.772727
vt 0.032967 0.795455
vt 0.032967 0.818182
vt 0.032967 0.840909
vt 0.032967 0.863636
vt 0.032967 0.886364
vt 0.032967 0.909091
vt 0.032967 0.931818
vt 0.032967 0.954545
vt 0.043956 1.000000
vt 0.043956 0.977273
vt 0.043956 0.022727
vt 0.043956 0.000000
vt 0.043956 0.045455
vt 0.043956 0.068182
vt 0.043956 0.090909
vt 0.043956 0.113636
vt 0.043956 0.136364
vt 0.043956 0.159091
vt 0.043956 0.181818
vt 0.043956 0.204545
vt 0.043956 0.227273
vt 0.043956 0.250000
vt 0.043956 0.272727
vt 0.043956 0.295455
vt 0.043956 0.318182
vt 0.043956 0.340909
vt 0.043956 0.363636
vt 0.043956 0.386364
vt 0.043956 0.409091
vt 0.043956 0.431818
vt 0.043956 0.454545
vt 0.043956 0.477273
vt 0.043956 0.500000
vt 0.043956 0.522727
vt 0.043956 0.545455
vt 0.043956 0.568182
vt 0.043956 0.590909
vt 0.043956 0.613636
vt 0.043956 0.636364
vt 0.043956 0.659091
vt 0.043956 0.681818
vt 0.043956 0.704545
vt 0.043956 0.727273
vt 0.043956 0.750000
vt 0.043956 0.772727
vt 0.043956 0.795455
vt 0.043956 0.818182
vt 0.043956 0.840909
vt 0.043956 0.863636
vt 0.043956 0.886364
vt 0.043956 0.909091
vt 0.043956 0.931818
vt 0.043956 0.954545
vt 0.054945 1.000000
vt 0.054945 0.977273
vt 0.054945 0.022727
vt 0.054945 0.000000
vt 0.054945 0.045455
vt 0.054945 0.068182
vt 0.054945 0.090909
vt 0.054945 0.113636
vt 0.054945 0.136364
vt 0.054945 0.159091
vt 0.054945 0.181818
vt 0.054945 0.204545
vt 0.054945 0.227273
vt 0.054945 0.250000
vt 0.054945 0.272727
vt 0.054945 0.295455
vt 0.054945 0.318182
vt 0.054945 0.340909
vt 0.054945 0.363636
vt 0.054945 0.386364
vt 0.054945 0.409091
vt 0.054945 0.431818
vt 0.054945 0.454545
vt 0.054945 0.477273
vt 0.054945 0.500000
vt 0.054945 0.522727
vt 0.054945 0.545455
vt 0.054945 0.568182
vt 0.054945 0.590909
vt 0.054945 0.613636
vt 0.054945 0.636364
vt 0.054945 0.659091
vt 0.054945 0.681818
vt 0.054945 0.704545
vt 0.054945 0.727273
vt 0.054945 0.750000
vt 0.054945 0.772727
vt 0.054945 0.795455
vt 0.054945 0.818182
vt 0.054945 0.840909
vt 0.054945 0.863636
vt 0.054945 0.886364
vt 0.054945 0.909091
vt 0.054945 0.931818
vt 0.054945 0.954545
vt 0.065934 1.000000
vt 0.065934 0.977273
vt 0.065934 0.022727
vt 0.065934 0.000000
vt 0.065934 0.045455
vt 0.065934 0.068182
vt 0.065934 0.090909
vt 0.065934 0.113636
vt 0.065934 0.136364
vt 0.065934 0.159091
vt 0.065934 0.181818
vt 0.065934 0.204545
vt 0.065934 0.227273
vt 0.065934 0.250000
vt 0.065934 0.272727
vt 0.065934 0.295455
vt 0.065934 0.318182
vt 0.065934 0.340909
vt 0.065934 0.363636
vt 0.065934 0.386364
vt 0.065934 0.409091
vt 0.065934 0.431818
vt 0.065934 0.454545
vt 0.065934 0.477273
vt 0.065934 0.500000
vt 0.065934 0.522727
vt 0.065934 0.545455
vt 0.065934 0.568182
vt 0.065934 0.590909
vt 0.065934 0.613636
vt 0.065934 0.636364
vt 0.065934 0.659091
vt 0.065934 0.681818
vt 0.065934 0.704545
vt 0.065934 0.727273
vt 0.065934 0.750000
vt 0.065934 0.772727
vt 0.065934 0.795455
vt 0.065934 0.818182
vt 0.065934 0.840909
vt 0.065934 0.863636
vt 0.065934 0.886364
vt 0.065934 0.909091
vt 0.065934 0.931818
vt 0.065934 0.954545
vt 0.076923 1.000000
vt 0.076923 0.977273
vt 0.076923 0.022727
vt 0.076923 0.000000
vt 0.076923 0.045455
vt 0.076923 0.068182
vt 0.076923 0.090909
vt 0.076923 0.113636
vt 0.076923 0.136364
vt 0.076923 0.159091
vt 0.076923 0.181818
vt 0.076923 0.204545
vt 0.076923 0.227273
vt 0.076923 0.250000
vt 0.076923 0.272727
vt 0.076923 0.295455
vt 0.076923 0.318182
vt 0.076923 0.340909
vt 0.076923 0.363636
vt 0.076923 0.386364
vt 0.076923 0.409091
vt 0.076923 0.431818
vt 0.076923 0.454545
vt 0.076923 0.477273
vt 0.076923 0.500000
vt 0.076923 0.522727
vt 0.076923 0.545455
vt 0.076923 0.568182
vt 0.076923 0.590909
vt 0.076923 0.613636
vt 0.076923 0.636364
vt 0.076923 0.659091
vt 0.076923 0.681818
vt 0.076923 0.704545
vt 0.076923 0.727273
vt 0.076923 0.750000
vt 0.076923 0.772727
vt 0.076923 0.795455
vt 0.076923 0.818182
vt 0.076923 0.840909
vt 0.076923 0.863636
vt 0.076923 0.886364
vt 0.076923 0.909091
vt 0.076923 0.931818
vt 0.076923 0.954545
vt 0.087912 1.000000
vt 0.087912 0.977273
vt 0.087912 0.022727
vt 0.087912 0.000000
vt 0.087912 0.045455
vt 0.087912 0.068182
vt 0.087912 0.090909
vt 0.087912 0.113636
vt 0.087912 0.136364
vt 0.087912 0.159091
vt 0.087912 0.181818
vt 0.087912 0.204545
vt 0.087912 0.227273
vt 0.087912 0.250000
vt 0.087912 0.272727
vt 0.087912 0.295455
vt 0.087912 0.318182
vt 0.087912 0.340909
vt 0.087912 0.363636
vt 0.087912 0.386364
vt 0.087912 0.409091
vt 0.087912 0.431818
vt 0.087912 0.454545
vt 0.087912 0.477273
vt 0.087912 0.500000
vt 0.087912 0.522727
vt 0.087912 0.545455
vt 0.087912 0.568182
vt 0.087912 0.590909
vt 0.087912 0.613636
vt 0.087912 0.636364
vt 0.087912 0.659091
vt 0.087912 0.681818
vt 0.087912 0.704545
vt 0.087912 0.727273
vt 0.087912 0.750000
vt 0.087912 0.772727
vt 0.087912 0.795455
vt 0.087912 0.818182
vt 0.087912 0.840909
vt 0.087912 0.863636
vt 0.087912 0.886364
vt 0.087912 0.909091
vt 0.087912 0.931818
vt 0.087912 0.954545
vt 0.098901 1.000000
vt 0.098901 0.977273
vt 0.098901 0.022727
vt 0.098901 0.000000
vt 0.098901 0.045455
vt 0.098901 0.068182
vt 0.098901 0.090909
vt 0.098901 0.113636
vt 0.098901 0.136364
vt 0.098901 0.159091
vt 0.098901 0.181818
vt 0.098901 0.204545
vt 0.098901 0.227273
vt 0.098901 0.250000
vt 0.098901 0.272727
vt 0.098901 0.295455
vt 0.098901 0.318182
vt 0.098901 0.340909
vt 0.098901 0.363636
vt 0.098901 0.386364
vt 0.098901 0.409091
vt 0.098901 0.431818
vt 0.098901 0.454545
vt 0.098901 0.477273
vt 0.098901 0.500000
vt 0.098901 0.522727
vt 0.098901 0.545455
vt 0.098901 0.568182
vt 0.098901 0.590909
vt 0.098901 0.613636
vt 0.098901 0.636364
vt 0.098901 0.659091
vt 0.098901 0.681818
vt 0.098901 0.704545
vt 0.098901 0.727273
vt 0.098901 0.750000
vt 0.098901 0.772727
vt 0.098901 0.795455
vt 0.098901 0.818182
vt 0.098901 0.840909
vt 0.098901 0.863636
vt 0.098901 0.886364
vt 0.098901 0.909091
vt 0.098901 0.931818
vt 0.098901 0.954545
vt 0.109890 1.000000
vt 0.109890 0.977273
vt 0.109890 0.022727
vt 0.109890 0.000000
vt 0.109890 0.045455
vt 0.109890 0.068182
vt 0.109890 0.090909
vt 0.109890 0.113636
vt 0.109890 0.136364
vt 0.109890 0.159091
vt 0.109890 0.181818
vt 0.109890 0.204545
vt 0.109890 0.227273
vt 0.109890 0.250000
vt 0.109890 0.272727
vt 0.109890 0.295455
vt 0.109890 0.318182
vt 0.109890 0.340909
vt 0.109890 0.363636
vt 0.109890 0.386364
vt 0.109890 0.409091
vt 0.109890 0.431818
vt 0.109890 0.454545
vt 0.109890 0.477273
vt 0.109890 0.500000
vt 0.109890 0.522727
vt 0.109890 0.545455
vt 0.109890 0.568182
vt 0.109890 0.590909
vt 0.109890 0.613636
vt 0.109890 0.636364
vt 0.109890 0.659091
vt 0.109890 0.681818
vt 0.109890 0.704545
vt 0.109890 0.727273
vt 0.109890 0.750000
vt 0.109890 0.772727
vt 0.109890 0.795455
vt 0.109890 0.818182
vt 0.109890 0.840909
vt 0.109890 0.863636
vt 0.109890 0.886364
vt 0.109890 0.909091
vt 0.109890 0.931818
vt 0.109890 0.954545
vt 0.120879 1.000000
vt 0.120879 0.977273
vt 0.120879 0.022727
vt 0.120879 0.000000
vt 0.120879 0.045455
vt 0.120879 0.068182
vt 0.120879 0.090909
vt 0.120879 0.113636
vt 0.120879 0.136364
vt 0.120879 0.159091
vt 0.120879 0.181818
vt 0.120879 0.204545
vt 0.120879 0.227273
vt 0.120879 0.250000
vt 0.120879 0.272727
vt 0.120879 0.295455
vt 0.120879 0.318182
vt 0.120879 0.340909
vt 0.120879 0.363636
vt 0.120879 0.386364
vt 0.120879 0.409091
vt 0.120879 0.431818
vt 0.120879 0.454545
vt 0.120879 0.477273
vt 0.120879 0.500000
vt 0.120879 0.522727
vt 0.120879 0.545455
vt 0.120879 0.568182
vt 0.120879 0.590909
vt 0.120879 0.613636
vt 0.120879 0.636364
vt 0.120879 0.659091
vt 0.120879 0.681818
vt 0.120879 0.704545
vt 0.120879 0.727273
vt 0.120879 0.750000
vt 0.120879 0.772727
vt 0.120879 0.795455
vt 0.120879 0.818182
vt 0.120879 0.840909
vt 0.120879 0.863636
vt 0.120879 0.886364
vt 0.120879 0.909091
vt 0.120879 0.931818
vt 0.120879 0.954545
vt 0.131868 1.000000
vt 0.131868 0.977273
vt 0.131868 0.022727
vt 0.131868 0.000000
vt 0.131868 0.045455
vt 0.131868 0.068182
vt 0.131868 0.090909
vt 0.131868 0.113636
vt 0.131868 0.136364
vt 0.131868 0.159091
vt 0.131868 0.181818
vt 0.131868 0.204545
vt 0.131868 0.227273
vt 0.131868 0.250000
vt 0.131868 0.272727
vt 0.131868 0.295455
vt 0.131868 0.318182
vt 0.131868 0.340909
vt 0.131868 0.363636
vt 0.131868 0.386364
vt 0.131868 0.409091
vt 0.131868 0.431818
vt 0.131868 0.454545
vt 0.131868 0.477273
vt 0.131868 0.500000
vt 0.131868 0.522727
vt 0.131868 0.545455
vt 0.131868 0.568182
vt 0.131868 0.590909
vt 0.131868 0.613636
vt 0.131868 0.636364
vt 0.131868 0.659091
vt 0.131868 0.681818
vt 0.131868 0.704545
vt 0.131868 0.727273
vt 0.131868 0.750000
vt 0.131868 0.772727
vt 0.131868 0.795455
vt 0.131868 0.818182
vt 0.131868 0.840909
vt 0.131868 0.863636
vt 0.131868 0.886364
vt 0.131868 0.909091
vt 0.131868 0.931818
vt 0.131868 0.954545
vt 0.142857 1.000000
vt 0.142857 0.977273
vt 0.142857 0.022727
vt 0.142857 0.000000
vt 0.142857 0.045455
vt 0.142857 0.068182
vt 0.142857 0.090909
vt 0.142857 0.113636
vt 0.142857 0.136364
vt 0.142857 0.159091
vt 0.142857 0.181818
vt 0.142857 0.204545
vt 0.142857 0.227273
vt 0.142857 0.250000
vt 0.142857 0.272727
vt 0.142857 0.295455
vt 0.142857 0.318182
vt 0.142857 0.340909
vt 0.142857 0.363636
vt 0.142857 0.386364
vt 0.142857 0.409091
vt 0.142857 0.431818
vt 0.142857 0.454545
vt 0.142857 0.477273
vt 0.142857 0.500000
vt 0.142857 0.522727
vt 0.142857 0.545455
vt 0.142857 0.568182
vt 0.142857 0.590909
vt 0.142857 0.613636
vt 0.142857 0.636364
vt 0.142857 0.659091
vt 0.142857 0.681818
vt 0.142857 0.704545
vt 0.142857 0.727273
vt 0.142857 0.750000
vt 0.142857 0.772727
vt 0.142857 0.795455
vt 0.142857 0.818182
vt 0.142857 0.840909
vt 0.142857 0.863636
vt 0.142857 0.886364
vt 0.142857 0.909091
vt 0.142857 0.931818
vt 0.142857 0.954545
vt 0.153846 1.000000
vt 0.153846 0.977273
vt 0.153846 0.022727
vt 0.153846 0.000000
vt 0.153846 0.045455
vt 0.153846 0.068182
vt 0.153846 0.090909
vt 0.153846 0.113636
vt 0.153846 0.136364
vt 0.153846 0.159091
vt 0.153846 0.181818
vt 0.153846 0.204545
vt 0.153846 0.227273
vt 0.153846 0.250000
vt 0.153846 0.272727
vt 0.153846 0.295455
vt 0.153846 0.318182
vt 0.153846 0.340909
vt 0.153846 0.363636
vt 0.153846 0.386364
vt 0.153846 0.409091
vt 0.153846 0.431818
vt 0.153846 0.454545
vt 0.153846 0.477273
vt 0.153846 0.500000
vt 0.153846 0.522727
vt 0.153846 0.545455
vt 0.153846 0.568182
vt 0.153846 0.590909
vt 0.153846 0.613636
vt 0.153846 0.636364
vt 0.153846 0.659091
vt 0.153846 0.681818
vt 0.153846 0.704545
vt 0.153846 0.727273
vt 0.153846 0.750000
vt 0.153846 0.772727
vt 0.153846 0.795455
vt 0.153846 0.818182
vt 0.153846 0.840909
vt 0.153846 0.863636
vt 0.153846 0.886364
vt 0.153846 0.909091
vt 0.153846 0.931818
vt 0.153846 0.954545
vt 0.164835 1.000000
vt 0.164835 0.977273
vt 0.164835 0.022727
vt 0.164835 0.000000
vt 0.164835 0.045455
vt 0.164835 0.068182
vt 0.164835 0.090909
vt 0.164835 0.113636
vt 0.164835 0.136364
vt 0.164835 0.159091
vt 0.164835 0.181818
vt 0.164835 0.204545
vt 0.164835 0.227273
vt 0.164835 0.250000
vt 0.164835 0.272727
vt 0.164835 0.295455
vt 0.164835 0.318182
vt 0.164835 0.340909
vt 0.164835 0.363636
vt 0.164835 0.386364
vt 0.164835 0.409091
vt 0.164835 0.431818
vt 0.164835 0.454545
vt 0.164835 0.477273
vt 0.164835 0.500000
vt 0.164835 0.522727
vt 0.164835 0.545455
vt 0.164835 0.568182
vt 0.164835 0.590909
vt 0.164835 0.613636
vt 0.164835 0.636364
vt 0.164835 0.659091
vt 0.164835 0.681818
vt 0.164835 0.704545
vt 0.164835 0.727273
vt 0.164835 0.750000
vt 0.164835 0.772727
vt 0.164835 0.795455
vt 0.164835 0.818182
vt 0.164835 0.840909
vt 0.164835 0.863636
vt 0.164835 0.886364
vt 0.164835 0.909091
vt 0.164835 0.931818
vt 0.164835 0.954545
vt 0.175824 1.000000
vt 0.175824 0.977273
vt 0.175824 0.022727
vt 0.175824 0.000000
vt 0.175824 0.045455
vt 0.175824 0.068182
vt 0.175824 0.090909
vt 0.175824 0.113636
vt 0.175824 0.136364
vt 0.175824 0.159091
vt 0.175824 0.181818
vt 0.175824 0.204545
vt 0.175824 0.227273
vt 0.175824 0.250000
vt 0.175824 0.272727
vt 0.175824 0.295455
vt 0.175824 0.318182
vt 0.175824 0.340909
vt 0.175824 0.363636
vt 0.175824 0.386364
vt 0.175824 0.409091
vt 0.175824 0.431818
vt 0.175824 0.454545
vt 0.175824 0.477273
vt 0.175824 0.500000
vt 0.175824 0.522727
vt 0.175824 0.545455
vt 0.175824 0.568182
vt 0.175824 0.590909
vt 0.175824 0.613636
vt 0.175824 0.636364
vt 0.175824 0.659091
vt 0.175824 0.681818
vt 0.175824 0.704545
vt 0.175824 0.727273
vt 0.175824 0.750000
vt 0.175824 0.772727
vt 0.175824 0.795455
vt 0.175824 0.818182
vt 0.175824 0.840909
vt 0.175824 0.863636
vt 0.175824 0.886364
vt 0.175824 0.909091
vt 0.175824 0.931818
vt 0.175824 0.954545
vt 0.186813 1.000000
vt 0.186813 0.977273
vt 0.186813 0.022727
vt 0.186813 0.000000
vt 0.186813 0.045455
vt 0.186813 0.068182
vt 0.186813 0.090909
vt 0.186813 0.113636
vt 0.186813 0.136364
vt 0.186813 0.159091
vt 0.186813 0.181818
vt 0.186813 0.204545
vt 0.186813 0.227273
vt 0.186813 0.250000
vt 0.186813 0.272727
vt 0.186813 0.295455
vt 0.186813 0.318182
vt 0.186813 0.340909
vt 0.186813 0.363636
vt 0.186813 0.386364
vt 0.186813 0.409091
vt 0.186813 0.431818
vt 0.186813 0.454545
vt 0.186813 0.477273
vt 0.186813 0.500000
vt 0.186813 0.522727
vt 0.186813 0.545455
vt 0.186813 0.568182
vt 0.186813 0.590909
vt 0.186813 0.613636
vt 0.186813 0.636364
vt 0.186813 0.659091
vt 0.186813 0.681818
vt 0.186813 0.704545
vt 0.186813 0.727273
vt 0.186813 0.750000
vt 0.186813 0.772727
vt 0.186813 0.795455
vt 0.186813 0.818182
vt 0.186813 0.840909
vt 0.186813 0.863636
vt 0.186813 0.886364
vt 0.186813 0.909091
vt 0.186813 0.931818
vt 0.186813 0.954545
vt 0.197802 1.000000
vt 0.197802 0.977273
vt 0.197802 0.022727
vt 0.197802 0.000000
vt 0.197802 0.045455
vt 0.197802 0.068182
vt 0.197802 0.090909
vt 0.197802 0.113636
vt 0.197802 0.136364
vt 0.197802 0.159091
vt 0.197802 0.181818
vt 0.197802 0.204545
vt 0.197802 0.227273
vt 0.197802 0.250000
vt 0.197802 0.272727
vt 0.197802 0.295455
vt 0.197802 0.318182
vt 0.197802 0.340909
vt 0.197802 0.363636
vt 0.197802 0.386364
vt 0.197802 0.409091
vt 0.197802 0.431818
vt 0.197802 0.454545
vt 0.197802 0.477273
vt 0.197802 0.500000
vt 0.197802 0.522727
vt 0.197802 0.545455
vt 0.197802 0.568182
vt 0.197802 0.590909
vt 0.197802 0.613636
vt 0.197802 0.636364
vt 0.197802 0.659091
vt 0.197802 0.681818
vt 0.197802 0.704545
vt 0.197802 0.727273
vt 0.197802 0.750000
vt 0.197802 0.772727
vt 0.197802 0.795455
vt 0.197802 0.818182
vt 0.197802 0.840909
vt 0.197802 0.863636
vt 0.197802 0.886364
vt 0.197802 0.909091
vt 0.197802 0.931818
vt 0.197802 0.954545
vt 0.208791 1.000000
vt 0.208791 0.977273
vt 0.208791 0.022727
vt 0.208791 0.000000
vt 0.208791 0.045455
vt 0.208791 0.068182
vt 0.208791 0.090909
vt 0.208791 0.113636
vt 0.208791 0.136364
vt 0.208791 0.159091
vt 0.208791 0.181818
vt 0.208791 0.204545
vt 0.208791 0.227273
vt 0.208791 0.250000
vt 0.208791 0.272727
vt 0.208791 0.295455
vt 0.208791 0.318182
vt 0.208791 0.340909
vt 0.208791 0.363636
vt 0.208791 0.386364
vt 0.208791 0.409091
vt 0.208791 0.431818
vt 0.208791 0.454545
vt 0.208791 0.477273
vt 0.208791 0.500000
vt 0.208791 0.522727
vt 0.208791 0.545455
vt 0.208791 0.568182
vt 0.208791 0.590909
vt 0.208791 0.613636
vt 0.208791 0.636364
vt 0.208791 0.659091
vt 0.208791 0.681818
vt 0.208791 0.704545
vt 0.208791 0.727273
vt 0.208791 0.750000
vt 0.208791 0.772727
vt 0.208791 0.795455
vt 0.208791 0.818182
vt 0.208791 0.840909
vt 0.208791 0.863636
vt 0.208791 0.886364
vt 0.208791 0.909091
vt 0.208791 0.931818
vt 0.208791 0.954545
vt 0.219780 1.000000
vt 0.219780 0.977273
vt 0.219780 0.022727
vt 0.219780 0.000000
vt 0.219780 0.045455
vt 0.219780 0.068182
vt 0.219780 0.090909
vt 0.219780 0.113636
vt 0.219780 0.136364
vt 0.219780 0.159091
vt 0.219780 0.181818
vt 0.219780 0.204545
vt 0.219780 0.227273
vt 0.219780 0.250000
vt 0.219780 0.272727
vt 0.219780 0.295455
vt 0.219780 0.318182
vt 0.219780 0.340909
vt 0.219780 0.363636
vt 0.219780 0.386364
vt 0.219780 0.409091
vt 0.219780 0.431818
vt 0.219780 0.454545
vt 0.219780 0.477273
vt 0.219780 0.500000
vt 0.219780 0.522727
vt 0.219780 0.545455
vt 0.219780 0.568182
vt 0.219780 0.590909
vt 0.219780 0.613636
vt 0.219780 0.636364
vt 0.219780 0.659091
vt 0.219780 0.681818
vt 0.219780 0.704545
vt 0.219780 0.727273
vt 0.219780 0.750000
vt 0.219780 0.772727
vt 0.219780 0.795455
vt 0.219780 0.818182
vt 0.219780 0.840909
vt 0.219780 0.863636
vt 0.219780 0.886364
vt 0.219780 0.909091
vt 0.219780 0.931818
vt 0.219780 0.954545
vt 0.230769 1.000000
vt 0.230769 0.977273
vt 0.230769 0.022727
vt 0.230769 0.000000
vt 0.230769 0.045455
vt 0.230769 0.068182
vt 0.230769 0.090909
vt 0.230769 0.113636
vt 0.230769 0.136364
vt 0.230769 0.159091
vt 0.230769 0.181818
vt 0.230769 0.204545
vt 0.230769 0.227273
vt 0.230769 0.250000
vt 0.230769 0.272727
vt 0.230769 0.295455
vt 0.230769 0.318182
vt 0.230769 0.340909
vt 0.230769 0.363636
vt 0.230769 0.386364
vt 0.230769 0.409091
vt 0.230769 0.431818
vt 0.230769 0.454545
vt 0.230769 0.477273
vt 0.230769 0.500000
vt 0.230769 0.522727
vt 0.230769 0.545455
vt 0.230769 0.568182
vt 0.230769 0.590909
vt 0.230769 0.613636
vt 0.230769 0.636364
vt 0.230769 0.659091
vt 0.230769 0.681818
vt 0.230769 0.704545
vt 0.230769 0.727273
vt 0.230769 0.750000
vt 0.230769 0.772727
vt 0.230769 0.795455
vt 0.230769 0.818182
vt 0.230769 0.840909
vt 0.230769 0.863636
vt 0.230769 0.886364
vt 0.230769 0.909091
vt 0.230769 0.931818
vt 0.230769 0.954545
vt 0.241758 1.000000
vt 0.241758 0.977273
vt 0.241758 0.022727
vt 0.241758 0.000000
vt 0.241758 0.045455
vt 0.241758 0.068182
vt 0.241758 0.090909
vt 0.241758 0.113636
vt 0.241758 0.136364
vt 0.241758 0.159091
vt 0.241758 0.181818
vt 0.241758 0.204545
vt 0.241758 0.227273
vt 0.241758 0.250000
vt 0.241758 0.272727
vt 0.241758 0.295455
vt 0.241758 0.318182
vt 0.241758 0.340909
vt 0.241758 0.363636
vt 0.241758 0.386364
vt 0.241758 0.409091
vt 0.241758 0.431818
vt 0.241758 0.454545
vt 0.241758 0.477273
vt 0.241758 0.500000
vt 0.241758 0.522727
vt 0.241758 0.545455
vt 0.241758 0.568182
vt 0.241758 0.590909
vt 0.241758 0.613636
vt 0.241758 0.636364
vt 0.241758 0.659091
vt 0.241758 0.681818
vt 0.241758 0.704545
vt 0.241758 0.727273
vt 0.241758 0.750000
vt 0.241758 0.772727
vt 0.241758 0.795455
vt 0.241758 0.818182
vt 0.241758 0.840909
vt 0.241758 0.863636
vt 0.241758 0.886364
vt 0.241758 0.909091
vt 0.241758 0.931818
vt 0.241758 0.954545
vt 0.252747 1.000000
vt 0.252747 0.977273
vt 0.252747 0.022727
vt 0.252747 0.000000
vt 0.252747 0.045455
vt 0.252747 0.068182
vt 0.252747 0.090909
vt 0.252747 0.113636
vt 0.252747 0.136364
vt 0.252747 0.159091
vt 0.252747 0.181818
vt 0.252747 0.204545
vt 0.252747 0.227273
vt 0.252747 0.250000
vt 0.252747 0.272727
vt 0.252747 0.295455
vt 0.252747 0.318182
vt 0.252747 0.340909
vt 0.252747 0.363636
vt 0.252747 0.386364
vt 0.252747 0.409091
vt 0.252747 0.431818
vt 0.252747 0.454545
vt 0.252747 0.477273
vt 0.252747 0.500000
vt 0.252747 0.522727
vt 0.252747 0.545455
vt 0.252747 0.568182
vt 0.252747 0.590909
vt 0.252747 0.613636
vt 0.252747 0.636364
vt 0.252747 0.659091
vt 0.252747 0.681818
vt 0.252747 0.704545
vt 0.252747 0.727273
vt 0.252747 0.750000
vt 0.252747 0.772727
vt 0.252747 0.795455
vt 0.252747 0.818182
vt 0.252747 0.840909
vt 0.252747 0.863636
vt 0.252747 0.886364
vt 0.252747 0.909091
vt 0.252747 0.931818
vt 0.252747 0.954545
vt 0.263736 1.000000
vt 0.263736 0.977273
vt 0.263736 0.022727
vt 0.263736 0.000000
vt 0.263736 0.045455
vt 0.263736 0.068182
vt 0.263736 0.090909
vt 0.263736 0.113636
vt 0.263736 0.136364
vt 0.263736 0.159091
vt 0.263736 0.181818
vt 0.263736 0.204545
vt 0.263736 0.227273
vt 0.263736 0.250000
vt 0.263736 0.272727
vt 0.263736 0.295455
vt 0.263736 0.318182
vt 0.263736 0.340909
vt 0.263736 0.363636
vt 0.263736 0.386364
vt 0.263736 0.409091
vt 0.263736 0.431818
vt 0.263736 0.454545
vt 0.263736 0.477273
vt 0.263736 0.500000
vt 0.263736 0.522727
vt 0.263736 0.545455
vt 0.263736 0.568182
vt 0.263736 0.590909
vt 0.263736 0.613636
vt 0.263736 0.636364
vt 0.263736 0.659091
vt 0.263736 0.681818
vt 0.263736 0.704545
vt 0.263736 0.727273
vt 0.263736 0.750000
vt 0.263736 0.772727
vt 0.263736 0.795455
vt 0.263736 0.818182
vt 0.263736 0.840909
vt 0.263736 0.863636
vt 0.263736 0.886364
vt 0.263736 0.909091
vt 0.263736 0.931818
vt 0.263736 0.954545
vt 0.274725 1.000000
vt 0.274725 0.977273
vt 0.274725 0.022727
vt 0.274725 0.000000
vt 0.274725 0.045455
vt 0.274725 0.068182
vt 0.274725 0.090909
vt 0.274725 0.113636
vt 0.274725 0.136364
vt 0.274725 0.159091
vt 0.274725 0.181818
vt 0.274725 0.204545
vt 0.274725 0.227273
vt 0.274725 0.250000
vt 0.274725 0.272727
vt 0.274725 0.295455
vt 0.274725 0.318182
vt 0.274725 0.340909
vt 0.274725 0.363636
vt 0.274725 0.386364
vt 0.274725 0.409091
vt 0.274725 0.431818
vt 0.274725 0.454545
vt 0.274725 0.477273
vt 0.274725 0.500000
vt 0.274725 0.522727
vt 0.274725 0.545455
vt 0.274725 0.568182
vt 0.274725 0.590909
vt 0.274725 0.613636
vt 0.274725 0.636364
vt 0.274725 0.659091
vt 0.274725 0.681818
vt 0.274725 0.704545
vt 0.274725 0.727273
vt 0.274725 0.750000
vt 0.274725 0.772727
vt 0.274725 0.795455
vt 0.274725 0.818182
vt 0.274725 0.840909
vt 0.274725 0.863636
vt 0.274725 0.886364
vt 0.274725 0.909091
vt 0.274725 0.931818
vt 0.274725 0.954545
vt 0.285714 1.000000
vt 0.285714 0.977273
vt 0.285714 0.022727
vt 0.285714 0.000000
vt 0.285714 0.045455
vt 0.285714 0.068182
vt 0.285714 0.090909
vt 0.285714 0.113636
vt 0.285714 0.136364
vt 0.285714 0.159091
vt 0.285714 0.181818
vt 0.285714 0.204545
vt 0.285714 0.227273
vt 0.285714 0.250000
vt 0.285714 0.272727
vt 0.285714 0.295455
vt 0.285714 0.318182
vt 0.285714 0.340909
vt 0.285714 0.363636
vt 0.285714 0.386364
vt 0.285714 0.409091
vt 0.285714 0.431818
vt 0.285714 0.454545
vt 0.285714 0.477273
vt 0.285714 0.500000
vt 0.285714 0.522727
vt 0.285714 0.545455
vt 0.285714 0.568182
vt 0.285714 0.590909
vt 0.285714 0.613636
vt 0.285714 0.636364
vt 0.285714 0.659091
vt 0.285714 0.681818
vt 0.285714 0.704545
vt 0.285714 0.727273
vt 0.285714 0.750000
vt 0.285714 0.772727
vt 0.285714 0.795455
vt 0.285714 0.818182
vt 0.285714 0.840909
vt 0.285714 0.863636
vt 0.285714 0.886364
vt 0.285714 0.909091
vt 0.285714 0.931818
vt 0.285714 0.954545
vt 0.296703 1.000000
vt 0.296703 0.977273
vt 0.296703 0.022727
vt 0.296703 0.000000
vt 0.296703 0.045455
vt 0.296703 0.068182
vt 0.296703 0.090909
vt 0.296703 0.113636
vt 0.296703 0.136364
vt 0.296703 0.159091
vt 0.296703 0.181818
vt 0.296703 0.204545
vt 0.296703 0.227273
vt 0.296703 0.250000
vt 0.296703 0.272727
vt 0.296703 0.295455
vt 0.296703 0.318182
vt 0.296703 0.340909
vt 0.296703 0.363636
vt 0.296703 0.386364
vt 0.296703 0.409091
vt 0.296703 0.431818
vt 0.296703 0.454545
vt 0.296703 0.477273
vt 0.296703 0.500000
vt 0.296703 0.522727
vt 0.296703 0.545455
vt 0.296703 0.568182
vt 0.296703 0.590909
vt 0.296703 0.613636
vt 0.296703 0.636364
vt 0.296703 0.659091
vt 0.296703 0.681818
vt 0.296703 0.704545
vt 0.296703 0.727273
vt 0.296703 0.750000
vt 0.296703 0.772727
vt 0.296703 0.795455
vt 0.296703 0.818182
vt 0.296703 0.840909
vt 0.296703 0.863636
vt 0.296703 0.886364
vt 0.296703 0.909091
vt 0.296703 0.931818
vt 0.296703 0.954545
vt 0.307692 1.000000
vt 0.307692 0.977273
vt 0.307692 0.022727
vt 0.307692 0.000000
vt 0.307692 0.045455
vt 0.307692 0.068182
vt 0.307692 0.090909
vt 0.307692 0.113636
vt 0.307692 0.136364
vt 0.307692 0.159091
vt 0.307692 0.181818
vt 0.307692 0.204545
vt 0.307692 0.227273
vt 0.307692 0.250000
vt 0.307692 0.272727
vt 0.307692 0.295455
vt 0.307692 0.318182
vt 0.307692 0.340909
vt 0.307692 0.363636
vt 0.307692 0.386364
vt 0.307692 0.409091
vt 0.307692 0.431818
vt 0.307692 0.454545
vt 0.307692 0.477273
vt 0.307692 0.500000
vt 0.307692 0.522727
vt 0.307692 0.545455
vt 0.307692 0.568182
vt 0.307692 0.590909
vt 0.307692 0.613636
vt 0.307692 0.636364
vt 0.307692 0.659091
vt 0.307692 0.681818
vt 0.307692 0.704545
vt 0.307692 0.727273
vt 0.307692 0.750000
vt 0.307692 0.772727
vt 0.307692 0.795455
vt 0.307692 0.818182
vt 0.307692 0.840909
vt 0.307692 0.863636
vt 0.307692 0.886364
vt 0.307692 0.909091
vt 0.307692 0.931818
vt 0.307692 0.954545
vt 0.318681 1.000000
vt 0.318681 0.977273
vt 0.318681 0.022727
vt 0.318681 0.000000
vt 0.318681 0.045455
vt 0.318681 0.068182
vt 0.318681 0.090909
vt 0.318681 0.113636
vt 0.318681 0.136364
vt 0.318681 0.159091
vt 0.318681 0.181818
vt 0.318681 0.204545
vt 0.318681 0.227273
vt 0.318681 0.250000
vt 0.318681 0.272727
vt 0.318681 0.295455
vt 0.318681 0.318182
vt 0.318681 0.340909
vt 0.318681 0.363636
vt 0.318681 0.386364
vt 0.318681 0.409091
vt 0.318681 0.431818
vt 0.318681 0.454545
vt 0.318681 0.477273
vt 0.318681 0.500000
vt 0.318681 0.522727
vt 0.318681 0.545455
vt 0.318681 0.568182
vt 0.318681 0.590909
vt 0.318681 0.613636
vt 0.318681 0.636364
vt 0.318681 0.659091
vt 0.318681 0.681818
vt 0.318681 0.704545
vt 0.318681 0.727273
vt 0.318681 0.750000
vt 0.318681 0.772727
vt 0.318681 0.795455
vt 0.318681 0.818182
vt 0.318681 0.840909
vt 0.318681 0.863636
vt 0.318681 0.886364
vt 0.318681 0.909091
vt 0.318681 0.931818
vt 0.318681 0.954545
vt 0.329670 1.000000
vt 0.329670 0.977273
vt 0.329670 0.022727
vt 0.329670 0.000000
vt 0.329670 0.045455
vt 0.329670 0.068182
vt 0.329670 0.090909
vt 0.329670 0.113636
vt 0.329670 0.136364
vt 0.329670 0.159091
vt 0.329670 0.181818
vt 0.329670 0.204545
vt 0.329670 0.227273
vt 0.329670 0.250000
vt 0.329670 0.272727
vt 0.329670 0.295455
vt 0.329670 0.318182
vt 0.329670 0.340909
vt 0.329670 0.363636
vt 0.329670 0.386364
vt 0.329670 0.409091
vt 0.329670 0.431818
vt 0.329670 0.454545
vt 0.329670 0.477273
vt 0.329670 0.500000
vt 0.329670 0.522727
vt 0.329670 0.545455
vt 0.329670 0.568182
vt 0.329670 0.590909
vt 0.329670 0.613636
vt 0.329670 0.636364
vt 0.329670 0.659091
vt 0.329670 0.681818
vt 0.329670 0.704545
vt 0.329670 0.727273
vt 0.329670 0.750000
vt 0.329670 0.772727
vt 0.329670 0.795455
vt 0.329670 0.818182
vt 0.329670 0.840909
vt 0.329670 0.863636
vt 0.329670 0.886364
vt 0.329670 0.909091
vt 0.329670 0.931818
vt 0.329670 0.954545
vt 0.340659 1.000000
vt 0.340659 0.977273
vt 0.340659 0.022727
vt 0.340659 0.000000
vt 0.340659 0.045455
vt 0.340659 0.068182
vt 0.340659 0.090909
vt 0.340659 0.113636
vt 0.340659 0.136364
vt 0.340659 0.159091
vt 0.340659 0.181818
vt 0.340659 0.204545
vt 0.340659 0.227273
vt 0.340659 0.250000
vt 0.340659 0.272727
vt 0.340659 0.295455
vt 0.340659 0.318182
vt 0.340659 0.340909
vt 0.340659 0.363636
vt 0.340659 0.386364
vt 0.340659 0.409091
vt 0.340659 0.431818
vt 0.340659 0.454545
vt 0.340659 0.477273
vt 0.340659 0.500000
vt 0.340659 0.522727
vt 0.340659 0.545455
vt 0.340659 0.568182
vt 0.340659 0.590909
vt 0.340659 0.613636
vt 0.340659 0.636364
vt 0.340659 0.659091
vt 0.340659 0.681818
vt 0.340659 0.704545
vt 0.340659 0.727273
vt 0.340659 0.750000
vt 0.340659 0.772727
vt 0.340659 0.795455
vt 0.340659 0.818182
vt 0.340659 0.840909
vt 0.340659 0.863636
vt 0.340659 0.886364
vt 0.340659 0.909091
vt 0.340659 0.931818
vt 0.340659 0.954545
vt 0.351648 1.000000
vt 0.351648 0.977273
vt 0.351648 0.022727
vt 0.351648 0.000000
vt 0.351648 0.045455
vt 0.351648 0.068182
vt 0.351648 0.090909
vt 0.351648 0.113636
vt 0.351648 0.136364
vt 0.351648 0.159091
vt 0.351648 0.181818
vt 0.351648 0.204545
vt 0.351648 0.227273
vt 0.351648 0.250000
vt 0.351648 0.272727
vt 0.351648 0.295455
vt 0.351648 0.318182
vt 0.351648 0.340909
vt 0.351648 0.363636
vt 0.351648 0.386364
vt 0.351648 0.409091
vt 0.351648 0.431818
vt 0.351648 0.454545
vt 0.351648 0.477273
vt 0.351648 0.500000
vt 0.351648 0.522727
vt 0.351648 0.545455
vt 0.351648 0.568182
vt 0.351648 0.590909
vt 0.351648 0.613636
vt 0.351648 0.636364
vt 0.351648 0.659091
vt 0.351648 0.681818
vt 0.351648 0.704545
vt 0.351648 0.727273
vt 0.351648 0.750000
vt 0.351648 0.772727
vt 0.351648 0.795455
vt 0.351648 0.818182
vt 0.351648 0.840909
vt 0.351648 0.863636
vt 0.351648 0.886364
vt 0.351648 0.909091
vt 0.351648 0.931818
vt 0.351648 0.954545
vt 0.362637 1.000000
vt 0.362637 0.977273
vt 0.362637 0.022727
vt 0.362637 0.000000
vt 0.362637 0.045455
vt 0.362637 0.068182
vt 0.362637 0.090909
vt 0.362637 0.113636
vt 0.362637 0.136364
vt 0.362637 0.159091
vt 0.362637 0.181818
vt 0.362637 0.204545
vt 0.362637 0.227273
vt 0.362637 0.250000
vt 0.362637 0.272727
vt 0.362637 0.295455
vt 0.362637 0.318182
vt 0.362637 0.340909
vt 0.362637 0.363636
vt 0.362637 0.386364
vt 0.362637 0.409091
vt 0.362637 0.431818
vt 0.362637 0.454545
vt 0.362637 0.477273
vt 0.362637 0.500000
vt 0.362637 0.522727
vt 0.362637 0.545455
vt 0.362637 0.568182
vt 0.362637 0.590909
vt 0.362637 0.613636
vt 0.362637 0.636364
vt 0.362637 0.659091
vt 0.362637 0.681818
vt 0.362637 0.704545
vt 0.362637 0.727273
vt 0.362637 0.750000
vt 0.362637 0.772727
vt 0.362637 0.795455
vt 0.362637 0.818182
vt 0.362637 0.840909
vt 0.362637 0.863636
vt 0.362637 0.886364
vt 0.362637 0.909091
vt 0.362637 0.931818
vt 0.362637 0.954545
vt 0.373626 1.000000
vt 0.373626 0.977273
vt 0.373626 0.022727
vt 0.373626 0.000000
vt 0.373626 0.045455
vt 0.373626 0.068182
vt 0.373626 0.090909
vt 0.373626 0.113636
vt 0.373626 0.136364
vt 0.373626 0.159091
vt 0.373626 0.181818
vt 0.373626 0.204545
vt 0.373626 0.227273
vt 0.373626 0.250000
vt 0.373626 0.272727
vt 0.373626 0.295455
vt 0.373626 0.318182
vt 0.373626 0.340909
vt 0.373626 0.363636
vt 0.373626 0.386364
vt 0.373626 0.409091
vt 0.373626 0.431818
vt 0.373626 0.454545
vt 0.373626 0.477273
vt 0.373626 0.500000
vt 0.373626 0.522727
vt 0.373626 0.545455
vt 0.373626 0.568182
vt 0.373626 0.590909
vt 0.373626 0.613636
vt 0.373626 0.636364
vt 0.373626 0.659091
vt 0.373626 0.681818
vt 0.373626 0.704545
vt 0.373626 0.727273
vt 0.373626 0.750000
vt 0.373626 0.772727
vt 0.373626 0.795455
vt 0.373626 0.818182
vt 0.373626 0.840909
vt 0.373626 0.863636
vt 0.373626 0.886364
vt 0.373626 0.909091
vt 0.373626 0.931818
vt 0.373626 0.954545
vt 0.384615 1.000000
vt 0.384615 0.977273
vt 0.384615 0.022727
vt 0.384615 0.000000
vt 0.384615 0.045455
vt 0.384615 0.068182
vt 0.384615 0.090909
vt 0.384615 0.113636
vt 0.384615 0.136364
vt 0.384615 0.159091
vt 0.384615 0.181818
vt 0.384615 0.204545
vt 0.384615 0.227273
vt 0.384615 0.250000
vt 0.384615 0.272727
vt 0.384615 0.295455
vt 0.384615 0.318182
vt 0.384615 0.340909
vt 0.384615 0.363636
vt 0.384615 0.386364
vt 0.384615 0.409091
vt 0.384615 0.431818
vt 0.384615 0.454545
vt 0.384615 0.477273
vt 0.384615 0.500000
vt 0.384615 0.522727
vt 0.384615 0.545455
vt 0.384615 0.568182
vt 0.384615 0.590909
vt 0.384615 0.613636
vt 0.384615 0.636364
vt 0.384615 0.659091
vt 0.384615 0.681818
vt 0.384615 0.704545
vt 0.384615 0.727273
vt 0.384615 0.750000
vt 0.384615 0.772727
vt 0.384615 0.795455
vt 0.384615 0.818182
vt 0.384615 0.840909
vt 0.384615 0.863636
vt 0.384615 0.886364
vt 0.384615 0.909091
vt 0.384615 0.931818
vt 0.384615 0.954545
vt 0.395604 1.000000
vt 0.395604 0.977273
vt 0.395604 0.022727
vt 0.395604 0.000000
vt 0.395604 0.045455
vt 0.395604 0.068182
vt 0.395604 0.090909
vt 0.395604 0.113636
vt 0.395604 0.136364
vt 0.395604 0.159091
vt 0.395604 0.181818
vt 0.395604 0.204545
vt 0.395604 0.227273
vt 0.395604 0.250000
vt 0.395604 0.272727
vt 0.395604 0.295455
vt 0.395604 0.318182
vt 0.395604 0.340909
vt 0.395604 0.363636
vt 0.395604 0.386364
vt 0.395604 0.409091
vt 0.395604 0.431818
vt 0.395604 0.454545
vt 0.395604 0.477273
vt 0.395604 0.500000
vt 0.395604 0.522727
vt 0.395604 0.545455
vt 0.395604 0.568182
vt 0.395604 0.590909
vt 0.395604 0.613636
vt 0.395604 0.636364
vt 0.395604 0.659091
vt 0.395604 0.681818
vt 0.395604 0.704545
vt 0.395604 0.727273
vt 0.395604 0.750000
vt 0.395604 0.772727
vt 0.395604 0.795455
vt 0.395604 0.818182
vt 0.395604 0.840909
vt 0.395604 0.863636
vt 0.395604 0.886364
vt 0.395604 0.909091
vt 0.395604 0.931818
vt 0.395604 0.954545
vt 0.406593 1.000000
vt 0.406593 0.977273
vt 0.406593 0.022727
vt 0.406593 0.000000
vt 0.406593 0.045455
vt 0.406593 0.068182
vt 0.406593 0.090909
vt 0.406593 0.113636
vt 0.406593 0.136364
vt 0.406593 0.159091
vt 0.406593 0.181818
vt 0.406593 0.204545
vt 0.406593 0.227273
vt 0.406593 0.250000
vt 0.406593 0.272727
vt 0.406593 0.295455
vt 0.406593 0.318182
vt 0.406593 0.340909
vt 0.406593 0.363636
vt 0.406593 0.386364
vt 0.406593 0.409091
vt 0.406593 0.431818
vt 0.406593 0.454545
vt 0.406593 0.477273
vt 0.406593 0.500000
vt 0.406593 0.522727
vt 0.406593 0.545455
vt 0.406593 0.568182
vt 0.406593 0.590909
vt 0.406593 0.613636
vt 0.406593 0.636364
vt 0.406593 0.659091
vt 0.406593 0.681818
vt 0.406593 0.704545
vt 0.406593 0.727273
vt 0.406593 0.750000
vt 0.406593 0.772727
vt 0.406593 0.795455
vt 0.406593 0.818182
vt 0.406593 0.840909
vt 0.406593 0.863636
vt 0.406593 0.886364
vt 0.406593 0.909091
vt 0.406593 0.931818
vt 0.406593 0.954545
vt 0.417582 1.000000
vt 0.417582 0.977273
vt 0.417582 0.022727
vt 0.417582 0.000000
vt 0.417582 0.045455
vt 0.417582 0.068182
vt 0.417582 0.090909
vt 0.417582 0.113636
vt 0.417582 0.136364
vt 0.417582 0.159091
vt 0.417582 0.181818
vt 0.417582 0.204545
vt 0.417582 0.227273
vt 0.417582 0.250000
vt 0.417582 0.272727
vt 0.417582 0.295455
vt 0.417582 0.318182
vt 0.417582 0.340909
vt 0.417582 0.363636
vt 0.417582 0.386364
vt 0.417582 0.409091
vt 0.417582 0.431818
vt 0.417582 0.454545
vt 0.417582 0.477273
vt 0.417582 0.500000
vt 0.417582 0.522727
vt 0.417582 0.545455
vt 0.417582 0.568182
vt 0.417582 0.590909
vt 0.417582 0.613636
vt 0.417582 0.636364
vt 0.417582 0.659091
vt 0.417582 0.681818
vt 0.417582 0.704545
vt 0.417582 0.727273
vt 0.417582 0.750000
vt 0.417582 0.772727
vt 0.417582 0.795455
vt 0.417582 0.818182
vt 0.417582 0.840909
vt 0.417582 0.863636
vt 0.417582 0.886364
vt 0.417582 0.909091
vt 0.417582 0.931818
vt 0.417582 0.954545
vt 0.428571 1.000000
vt 0.428571 0.977273
vt 0.428571 0.022727
vt 0.428571 0.000000
vt 0.428571 0.045455
vt 0.428571 0.068182
vt 0.428571 0.090909
vt 0.428571 0.113636
vt 0.428571 0.136364
vt 0.428571 0.159091
vt 0.428571 0.181818
vt 0.428571 0.204545
vt 0.428571 0.227273
vt 0.428571 0.250000
vt 0.428571 0.272727
vt 0.428571 0.295455
vt 0.428571 0.318182
vt 0.428571 0.340909
vt 0.428571 0.363636
vt 0.428571 0.386364
vt 0.428571 0.409091
vt 0.428571 0.431818
vt 0.428571 0.454545
vt 0.428571 0.477273
vt 0.428571 0.500000
vt 0.428571 0.522727
vt 0.428571 0.545455
vt 0.428571 0.568182
vt 0.428571 0.590909
vt 0.428571 0.613636
vt 0.428571 0.636364
vt 0.428571 0.659091
vt 0.428571 0.681818
vt 0.428571 0.704545
vt 0.428571 0.727273
vt 0.428571 0.750000
vt 0.428571 0.772727
vt 0.428571 0.795455
vt 0.428571 0.818182
vt 0.428571 0.840909
vt 0.428571 0.863636
vt 0.428571 0.886364
vt 0.428571 0.909091
vt 0.428571 0.931818
vt 0.428571 0.954545
vt 0.439560 1.000000
vt 0.439560 0.977273
vt 0.439560 0.022727
vt 0.439560 0.000000
vt 0.439560 0.045455
vt 0.439560 0.068182
vt 0.439560 0.090909
vt 0.439560 0.113636
vt 0.439560 0.136364
vt 0.439560 0.159091
vt 0.439560 0.181818
vt 0.439560 0.204545
vt 0.439560 0.227273
vt 0.439560 0.250000
vt 0.439560 0.272727
vt 0.439560 0.295455
vt 0.439560 0.318182
vt 0.439560 0.340909
vt 0.439560 0.363636
vt 0.439560 0.386364
vt 0.439560 0.409091
vt 0.439560 0.431818
vt 0.439560 0.454545
vt 0.439560 0.477273
vt 0.439560 0.500000
vt 0.439560 0.522727
vt 0.439560 0.545455
vt 0.439560 0.568182
vt 0.439560 0.590909
vt 0.439560 0.613636
vt 0.439560 0.636364
vt 0.439560 0.659091
vt 0.439560 0.681818
vt 0.439560 0.704545
vt 0.439560 0.727273
vt 0.439560 0.750000
vt 0.439560 0.772727
vt 0.439560 0.795455
vt 0.439560 0.818182
vt 0.439560 0.840909
vt 0.439560 0.863636
vt 0.439560 0.886364
vt 0.439560 0.909091
vt 0.439560 0.931818
vt 0.439560 0.954545
vt 0.450549 1.000000
vt 0.450549 0.977273
vt 0.450549 0.022727
vt 0.450549 0.000000
vt 0.450549 0.045455
vt 0.450549 0.068182
vt 0.450549 0.090909
vt 0.450549 0.113636
vt 0.450549 0.136364
vt 0.450549 0.159091
vt 0.450549 0.181818
vt 0.450549 0.204545
vt 0.450549 0.227273
vt 0.450549 0.250000
vt 0.450549 0.272727
vt 0.450549 0.295455
vt 0.450549 0.318182
vt 0.450549 0.340909
vt 0.450549 0.363636
vt 0.450549 0.386364
vt 0.450549 0.409091
vt 0.450549 0.431818
vt 0.450549 0.454545
vt 0.450549 0.477273
vt 0.450549 0.500000
vt 0.450549 0.522727
vt 0.450549 0.545455
vt 0.450549 0.568182
vt 0.450549 0.590909
vt 0.450549 0.613636
vt 0.450549 0.636364
vt 0.450549 0.659091
vt 0.450549 0.681818
vt 0.450549 0.704545
vt 0.450549 0.727273
vt 0.450549 0.750000
vt 0.450549 0.772727
vt 0.450549 0.795455
vt 0.450549 0.818182
vt 0.450549 0.840909
vt 0.450549 0.863636
vt 0.450549 0.886364
vt 0.450549 0.909091
vt 0.450549 0.931818
vt 0.450549 0.954545
vt 0.461538 1.000000
vt 0.461538 0.977273
vt 0.461538 0.022727
vt 0.461538 0.000000
vt 0.461538 0.045455
vt 0.461538 0.068182
vt 0.461538 0.090909
vt 0.461538 0.113636
vt 0.461538 0.136364
vt 0.461538 0.159091
vt 0.461538 0.181818
vt 0.461538 0.204545
vt 0.461538 0.227273
vt 0.461538 0.250000
vt 0.461538 0.272727
vt 0.461538 0.295455
vt 0.461538 0.318182
vt 0.461538 0.340909
vt 0.461538 0.363636
vt 0.461538 0.386364
vt 0.461538 0.409091
vt 0.461538 0.431818
vt 0.461538 0.454545
vt 0.461538 0.477273
vt 0.461538 0.500000
vt 0.461538 0.522727
vt 0.461538 0.545455
vt 0.461538 0.568182
vt 0.461538 0.590909
vt 0.461538 0.613636
vt 0.461538 0.636364
vt 0.461538 0.659091
vt 0.461538 0.681818
vt 0.461538 0.704545
vt 0.461538 0.727273
vt 0.461538 0.750000
vt 0.461538 0.772727
vt 0.461538 0.795455
vt 0.461538 0.818182
vt 0.461538 0.840909
vt 0.461538 0.863636
vt 0.461538 0.886364
vt 0.461538 0.909091
vt 0.461538 0.931818
vt 0.461538 0.954545
vt 0.472527 1.000000
vt 0.472527 0.977273
vt 0.472527 0.022727
vt 0.472527 0.000000
vt 0.472527 0.045455
vt 0.472527 0.068182
vt 0.472527 0.090909
vt 0.472527 0.113636
vt 0.472527 0.136364
vt 0.472527 0.159091
vt 0.472527 0.181818
vt 0.472527 0.204545
vt 0.472527 0.227273
vt 0.472527 0.250000
vt 0.472527 0.272727
vt 0.472527 0.295455
vt 0.472527 0.318182
vt 0.472527 0.340909
vt 0.472527 0.363636
vt 0.472527 0.386364
vt 0.472527 0.409091
vt 0.472527 0.431818
vt 0.472527 0.454545
vt 0.472527 0.477273
vt 0.472527 0.500000
vt 0.472527 0.522727
vt 0.472527 0.545455
vt 0.472527 0.568182
vt 0.472527 0.590909
vt 0.472527 0.613636
vt 0.472527 0.636364
vt 0.472527 0.659091
vt 0.472527 0.681818
vt 0.472527 0.704545
vt 0.472527 0.727273
vt 0.472527 0.750000
vt 0.472527 0.772727
vt 0.472527 0.795455
vt 0.472527 0.818182
vt 0.472527 0.840909
vt 0.472527 0.863636
vt 0.472527 0.886364
vt 0.472527 0.909091
vt 0.472527 0.931818
vt 0.472527 0.954545
vt 0.483516 1.000000
vt 0.483516 0.977273
vt 0.483516 0.022727
vt 0.483516 0.000000
vt 0.483516 0.045455
vt 0.483516 0.068182
vt 0.483516 0.090909
vt 0.483516 0.113636
vt 0.483516 0.136364
vt 0.483516 0.159091
vt 0.483516 0.181818
vt 0.483516 0.204545
vt 0.483516 0.227273
vt 0.483516 0.250000
vt 0.483516 0.272727
vt 0.483516 0.295455
vt 0.483516 0.318182
vt 0.483516 0.340909
vt 0.483516 0.363636
vt 0.483516 0.386364
vt 0.483516 0.409091
vt 0.483516 0.431818
vt 0.483516 0.454545
vt 0.483516 0.477273
vt 0.483516 0.500000
vt 0.483516 0.522727
vt 0.483516 0.545455
vt 0.483516 0.568182
vt 0.483516 0.590909
vt 0.483516 0.613636
vt 0.483516 0.636364
vt 0.483516 0.659091
vt 0.483516 0.681818
vt 0.483516 0.704545
vt 0.483516 0.727273
vt 0.483516 0.750000
vt 0.483516 0.772727
vt 0.483516 0.795455
vt 0.483516 0.818182
vt 0.483516 0.840909
vt 0.483516 0.863636
vt 0.483516 0.886364
vt 0.483516 0.909091
vt 0.483516 0.931818
vt 0.483516 0.954545
vt 0.494505 1.000000
vt 0.494505 0.977273
vt 0.494505 0.022727
vt 0.494505 0.000000
vt 0.494505 0.045455
vt 0.494505 0.068182
vt 0.494505 0.090909
vt 0.494505 0.113636
vt 0.494505 0.136364
vt 0.494505 0.159091
vt 0.494505 0.181818
vt 0.494505 0.204545
vt 0.494505 0.227273
vt 0.494505 0.250000
vt 0.494505 0.272727
vt 0.494505 0.295455
vt 0.494505 0.318182
vt 0.494505 0.340909
vt 0.494505 0.363636
vt 0.494505 0.386364
vt 0.494505 0.409091
vt 0.494505 0.431818
vt 0.494505 0.454545
vt 0.494505 0.477273
vt 0.494505 0.500000
vt 0.494505 0.522727
vt 0.494505 0.545455
vt 0.494505 0.568182
vt 0.494505 0.590909
vt 0.494505 0.613636
vt 0.494505 0.636364
vt 0.494505 0.659091
vt 0.494505 0.681818
vt 0.494505 0.704545
vt 0.494505 0.727273
vt 0.494505 0.750000
vt 0.494505 0.772727
vt 0.494505 0.795455
vt 0.494505 0.818182
vt 0.494505 0.840909
vt 0.494505 0.863636
vt 0.494505 0.886364
vt 0.494505 0.909091
vt 0.494505 0.931818
vt 0.494505 0.954545
vt 0.505495 1.000000
vt 0.505495 0.977273
vt 0.505495 0.022727
vt 0.505495 0.000000
vt 0.505495 0.045455
vt 0.505495 0.068182
vt 0.505495 0.090909
vt 0.505495 0.113636
vt 0.505495 0.136364
vt 0.505495 0.159091
vt 0.505495 0.181818
vt 0.505495 0.204545
vt 0.505495 0.227273
vt 0.505495 0.250000
vt 0.505495 0.272727
vt 0.505495 0.295455
vt 0.505495 0.318182
vt 0.505495 0.340909
vt 0.505495 0.363636
vt 0.505495 0.386364
vt 0.505495 0.409091
vt 0.505495 0.431818
vt 0.505495 0.454545
vt 0.505495 0.477273
vt 0.505495 0.500000
vt 0.505495 0.522727
vt 0.505495 0.545455
vt 0.505495 0.568182
vt 0.505495 0.590909
vt 0.505495 0.613636
vt 0.505495 0.636364
vt 0.505495 0.659091
vt 0.505495 0.681818
vt 0.505495 0.704545
vt 0.505495 0.727273
vt 0.505495 0.750000
vt 0.505495 0.772727
vt 0.505495 0.795455
vt 0.505495 0.818182
vt 0.505495 0.840909
vt 0.505495 0.863636
vt 0.505495 0.886364
vt 0.505495 0.909091
vt 0.505495 0.931818
vt 0.505495 0.954545
vt 0.516484 1.000000
vt 0.516484 0.977273
vt 0.516484 0.022727
vt 0.516484 0.000000
vt 0.516484 0.045455
vt 0.516484 0.068182
vt 0.516484 0.090909
vt 0.516484 0.113636
vt 0.516484 0.136364
vt 0.516484 0.159091
vt 0.516484 0.181818
vt 0.516484 0.204545
vt 0.516484 0.227273
vt 0.516484 0.250000
vt 0.516484 0.272727
vt 0.516484 0.295455
vt 0.516484 0.318182
vt 0.516484 0.340909
vt 0.516484 0.363636
vt 0.516484 0.386364
vt 0.516484 0.409091
vt 0.516484 0.431818
vt 0.516484 0.454545
vt 0.516484 0.477273
vt 0.516484 0.500000
vt 0.516484 0.522727
vt 0.516484 0.545455
vt 0.516484 0.568182
vt 0.516484 0.590909
vt 0.516484 0.613636
vt 0.516484 0.636364
vt 0.516484 0.659091
vt 0.516484 0.681818
vt 0.516484 0.704545
vt 0.516484 0.727273
vt 0.516484 0.750000
vt 0.516484 0.772727
vt 0.516484 0.795455
vt 0.516484 0.818182
vt 0.516484 0.840909
vt 0.516484 0.863636
vt 0.516484 0.886364
vt 0.516484 0.909091
vt 0.516484 0.931818
vt 0.516484 0.954545
vt 0.527473 1.000000
vt 0.527473 0.977273
vt 0.527473 0.022727
vt 0.527473 0.000000
vt 0.527473 0.045455
vt 0.527473 0.068182
vt 0.527473 0.090909
vt 0.527473 0.113636
vt 0.527473 0.136364
vt 0.527473 0.159091
vt 0.527473 0.181818
vt 0.527473 0.204545
vt 0.527473 0.227273
vt 0.527473 0.250000
vt 0.527473 0.272727
vt 0.527473 0.295455
vt 0.527473 0.318182
vt 0.527473 0.340909
vt 0.527473 0.363636
vt 0.527473 0.386364
vt 0.527473 0.409091
vt 0.527473 0.431818
vt 0.527473 0.454545
vt 0.527473 0.477273
vt 0.527473 0.500000
vt 0.527473 0.522727
vt 0.527473 0.545455
vt 0.527473 0.568182
vt 0.527473 0.590909
vt 0.527473 0.613636
vt 0.527473 0.636364
vt 0.527473 0.659091
vt 0.527473 0.681818
vt 0.527473 0.704545
vt 0.527473 0.727273
vt 0.527473 0.750000
vt 0.527473 0.772727
vt 0.527473 0.795455
vt 0.527473 0.818182
vt 0.527473 0.840909
vt 0.527473 0.863636
vt 0.527473 0.886364
vt 0.527473 0.909091
vt 0.527473 0.931818
vt 0.527473 0.954545
vt 0.538462 1.000000
vt 0.538462 0.977273
vt 0.538462 0.022727
vt 0.538462 0.000000
vt 0.538462 0.045455
vt 0.538462 0.068182
vt 0.538462 0.090909
vt 0.538462 0.113636
vt 0.538462 0.136364
vt 0.538462 0.159091
vt 0.538462 0.181818
vt 0.538462 0.204545
vt 0.538462 0.227273
vt 0.538462 0.250000
vt 0.538462 0.272727
vt 0.538462 0.295455
vt 0.538462 0.318182
vt 0.538462 0.340909
vt 0.538462 0.363636
vt 0.538462 0.386364
vt 0.538462 0.409091
vt 0.538462 0.431818
vt 0.538462 0.454545
vt 0.538462 0.477273
vt 0.538462 0.500000
vt 0.538462 0.522727
vt 0.538462 0.545455
vt 0.538462 0.568182
vt 0.538462 0.590909
vt 0.538462 0.613636
vt 0.538462 0.636364
vt 0.538462 0.659091
vt 0.538462 0.681818
vt 0.538462 0.704545
vt 0.538462 0.727273
vt 0.538462 0.750000
vt 0.538462 0.772727
vt 0.538462 0.795455
vt 0.538462 0.818182
vt 0.538462 0.840909
vt 0.538462 0.863636
vt 0.538462 0.886364
vt 0.538462 0.909091
vt 0.538462 0.931818
vt 0.538462 0.954545
vt 0.549451 1.000000
vt 0.549451 0.977273
vt 0.549451 0.022727
vt 0.549451 0.000000
vt 0.549451 0.045455
vt 0.549451 0.068182
vt 0.549451 0.090909
vt 0.549451 0.113636
vt 0.549451 0.136364
vt 0.549451 0.159091
vt 0.549451 0.181818
vt 0.549451 0.204545
vt 0.549451 0.227273
vt 0.549451 0.250000
vt 0.549451 0.272727
vt 0.549451 0.295455
vt 0.549451 0.318182
vt 0.549451 0.340909
vt 0.549451 0.363636
vt 0.549451 0.386364
vt 0.549451 0.409091
vt 0.549451 0.431818
vt 0.549451 0.454545
vt 0.549451 0.477273
vt 0.549451 0.500000
vt 0.549451 0.522727
vt 0.549451 0.545455
vt 0.549451 0.568182
vt 0.549451 0.590909
vt 0.549451 0.613636
vt 0.549451 0.636364
vt 0.549451 0.659091
vt 0.549451 0.681818
vt 0.549451 0.704545
vt 0.549451 0.727273
vt 0.549451 0.750000
vt 0.549451 0.772727
vt 0.549451 0.795455
vt 0.549451 0.818182
vt 0.549451 0.840909
vt 0.549451 0.863636
vt 0.549451 0.886364
vt 0.549451 0.909091
vt 0.549451 0.931818
vt 0.549451 0.954545
vt 0.560440 1.000000
vt 0.560440 0.977273
vt 0.560440 0.022727
vt 0.560440 0.000000
vt 0.560440 0.045455
vt 0.560440 0.068182
vt 0.560440 0.090909
vt 0.560440 0.113636
vt 0.560440 0.136364
vt 0.560440 0.159091
vt 0.560440 0.181818
vt 0.560440 0.204545
vt 0.560440 0.227273
vt 0.560440 0.250000
vt 0.560440 0.272727
vt 0.560440 0.295455
vt 0.560440 0.318182
vt 0.560440 0.340909
vt 0.560440 0.363636
vt 0.560440 0.386364
vt 0.560440 0.409091
vt 0.560440 0.431818
vt 0.560440 0.454545
vt 0.560440 0.477273
vt 0.560440 0.500000
vt 0.560440 0.522727
vt 0.560440 0.545455
vt 0.560440 0.568182
vt 0.560440 0.590909
vt 0.560440 0.613636
vt 0.560440 0.636364
vt 0.560440 0.659091
vt 0.560440 0.681818
vt 0.560440 0.704545
vt 0.560440 0.727273
vt 0.560440 0.750000
vt 0.560440 0.772727
vt 0.560440 0.795455
vt 0.560440 0.818182
vt 0.560440 0.840909
vt 0.560440 0.863636
vt 0.560440 0.886364
vt 0.560440 0.909091
vt 0.560440 0.931818
vt 0.560440 0.954545
vt 0.571429 1.000000
vt 0.571429 0.977273
vt 0.571429 0.022727
vt 0.571429 0.000000
vt 0.571429 0.045455
vt 0.571429 0.068182
vt 0.571429 0.090909
vt 0.571429 0.113636
vt 0.571429 0.136364
vt 0.571429 0.159091
vt 0.571429 0.181818
vt 0.571429 0.204545
vt 0.571429 0.227273
vt 0.571429 0.250000
vt 0.571429 0.272727
vt 0.571429 0.295455
vt 0.571429 0.318182
vt 0.571429 0.340909
vt 0.571429 0.363636
vt 0.571429 0.386364
vt 0.571429 0.409091
vt 0.571429 0.431818
vt 0.571429 0.454545
vt 0.571429 0.477273
vt 0.571429 0.500000
vt 0.571429 0.522727
vt 0.571429 0.545455
vt 0.571429 0.568182
vt 0.571429 0.590909
vt 0.571429 0.613636
vt 0.571429 0.636364
vt 0.571429 0.659091
vt 0.571429 0.681818
vt 0.571429 0.704545
vt 0.571429 0.727273
vt 0.571429 0.750000
vt 0.571429 0.772727
vt 0.571429 0.795455
vt 0.571429 0.818182
vt 0.571429 0.840909
vt 0.571429 0.863636
vt 0.571429 0.886364
vt 0.571429 0.909091
vt 0.571429 0.931818
vt 0.571429 0.954545
vt 0.582418 1.000000
vt 0.582418 0.977273
vt 0.582418 0.022727
vt 0.582418 0.000000
vt 0.582418 0.045455
vt 0.582418 0.068182
vt 0.582418 0.090909
vt 0.582418 0.113636
vt 0.582418 0.136364
vt 0.582418 0.159091
vt 0.582418 0.181818
vt 0.582418 0.204545
vt 0.582418 0.227273
vt 0.582418 0.250000
vt 0.582418 0.272727
vt 0.582418 0.295455
vt 0.582418 0.318182
vt 0.582418 0.340909
vt 0.582418 0.363636
vt 0.582418 0.386364
vt 0.582418 0.409091
vt 0.582418 0.431818
vt 0.582418 0.454545
vt 0.582418 0.477273
vt 0.582418 0.500000
vt 0.582418 0.522727
vt 0.582418 0.545455
vt 0.582418 0.568182
vt 0.582418 0.590909
vt 0.582418 0.613636
vt 0.582418 0.636364
vt 0.582418 0.659091
vt 0.582418 0.681818
vt 0.582418 0.704545
vt 0.582418 0.727273
vt 0.582418 0.750000
vt 0.582418 0.772727
vt 0.582418 0.795455
vt 0.582418 0.818182
vt 0.582418 0.840909
vt 0.582418 0.863636
vt 0.582418 0.886364
vt 0.582418 0.909091
vt 0.582418 0.931818
vt 0.582418 0.954545
vt 0.593407 1.000000
vt 0.593407 0.977273
vt 0.593407 0.022727
vt 0.593407 0.000000
vt 0.593407 0.045455
vt 0.593407 0.068182
vt 0.593407 0.090909
vt 0.593407 0.113636
vt 0.593407 0.136364
vt 0.593407 0.159091
vt 0.593407 0.181818
vt 0.593407 0.204545
vt 0.593407 0.227273
vt 0.593407 0.250000
vt 0.593407 0.272727
vt 0.593407 0.295455
vt 0.593407 0.318182
vt 0.593407 0.340909
vt 0.593407 0.363636
vt 0.593407 0.386364
vt 0.593407 0.409091
vt 0.593407 0.431818
vt 0.593407 0.454545
vt 0.593407 0.477273
vt 0.593407 0.500000
vt 0.593407 0.522727
vt 0.593407 0.545455
vt 0.593407 0.568182
vt 0.593407 0.590909
vt 0.593407 0.613636
vt 0.593407 0.636364
vt 0.593407 0.659091
vt 0.593407 0.681818
vt 0.593407 0.704545
vt 0.593407 0.727273
vt 0.593407 0.750000
vt 0.593407 0.772727
vt 0.593407 0.795455
vt 0.593407 0.818182
vt 0.593407 0.840909
vt 0.593407 0.863636
vt 0.593407 0.886364
vt 0.593407 0.909091
vt 0.593407 0.931818
vt 0.593407 0.954545
vt 0.604396 1.000000
vt 0.604396 0.977273
vt 0.604396 0.022727
vt 0.604396 0.000000
vt 0.604396 0.045455
vt 0.604396 0.068182
vt 0.604396 0.090909
vt 0.604396 0.113636
vt 0.604396 0.136364
vt 0.604396 0.159091
vt 0.604396 0.181818
vt 0.604396 0.204545
vt 0.604396 0.227273
vt 0.604396 0.250000
vt 0.604396 0.272727
vt 0.604396 0.295455
vt 0.604396 0.318182
vt 0.604396 0.340909
vt 0.604396 0.363636
vt 0.604396 0.386364
vt 0.604396 0.409091
vt 0.604396 0.431818
vt 0.604396 0.454545
vt 0.604396 0.477273
vt 0.604396 0.500000
vt 0.604396 0.522727
vt 0.604396 0.545455
vt 0.604396 0.568182
vt 0.604396 0.590909
vt 0.604396 0.613636
vt 0.604396 0.636364
vt 0.604396 0.659091
vt 0.604396 0.681818
vt 0.604396 0.704545
vt 0.604396 0.727273
vt 0.604396 0.750000
vt 0.604396 0.772727
vt 0.604396 0.795455
vt 0.604396 0.818182
vt 0.604396 0.840909
vt 0.604396 0.863636
vt 0.604396 0.886364
vt 0.604396 0.909091
vt 0.604396 0.931818
vt 0.604396 0.954545
vt 0.615385 1.000000
vt 0.615385 0.977273
vt 0.615385 0.022727
vt 0.615385 0.000000
vt 0.615385 0.045455
vt 0.615385 0.068182
vt 0.615385 0.090909
vt 0.615385 0.113636
vt 0.615385 0.136364
vt 0.615385 0.159091
vt 0.615385 0.181818
vt 0.615385 0.204545
vt 0.615385 0.227273
vt 0.615385 0.250000
vt 0.615385 0.272727
vt 0.615385 0.295455
vt 0.615385 0.318182
vt 0.615385 0.340909
vt 0.615385 0.363636
vt 0.615385 0.386364
vt 0.615385 0.409091
vt 0.615385 0.431818
vt 0.615385 0.454545
vt 0.615385 0.477273
vt 0.615385 0.500000
vt 0.615385 0.522727
vt 0.615385 0.545455
vt 0.615385 0.568182
vt 0.615385 0.590909
vt 0.615385 0.613636
vt 0.615385 0.636364
vt 0.615385 0.659091
vt 0.615385 0.681818
vt 0.615385 0.704545
vt 0.615385 0.727273
vt 0.615385 0.750000
vt 0.615385 0.772727
vt 0.615385 0.795455
vt 0.615385 0.818182
vt 0.615385 0.840909
vt 0.615385 0.863636
vt 0.615385 0.886364
vt 0.615385 0.909091
vt 0.615385 0.931818
vt 0.615385 0.954545
vt 0.626374 1.000000
vt 0.626374 0.977273
vt 0.626374 0.022727
vt 0.626374 0.000000
vt 0.626374 0.045455
vt 0.626374 0.068182
vt 0.626374 0.090909
vt 0.626374 0.113636
vt 0.626374 0.136364
vt 0.626374 0.159091
vt 0.626374 0.181818
vt 0.626374 0.204545
vt 0.626374 0.227273
vt 0.626374 0.250000
vt 0.626374 0.272727
vt 0.626374 0.295455
vt 0.626374 0.318182
vt 0.626374 0.340909
vt 0.626374 0.363636
vt 0.626374 0.386364
vt 0.626374 0.409091
vt 0.626374 0.431818
vt 0.626374 0.454545
vt 0.626374 0.477273
vt 0.626374 0.500000
vt 0.626374 0.522727
vt 0.626374 0.545455
vt 0.626374 0.568182
vt 0.626374 0.590909
vt 0.626374 0.613636
vt 0.626374 0.636364
vt 0.626374 0.659091
vt 0.626374 0.681818
vt 0.626374 0.704545
vt 0.626374 0.727273
vt 0.626374 0.750000
vt 0.626374 0.772727
vt 0.626374 0.795455
vt 0.626374 0.818182
vt 0.626374 0.840909
vt 0.626374 0.863636
vt 0.626374 0.886364
vt 0.626374 0.909091
vt 0.626374 0.931818
vt 0.626374 0.954545
vt 0.637363 1.000000
vt 0.637363 0.977273
vt 0.637363 0.022727
vt 0.637363 0.000000
vt 0.637363 0.045455
vt 0.637363 0.068182
vt 0.637363 0.090909
vt 0.637363 0.113636
vt 0.637363 0.136364
vt 0.637363 0.159091
vt 0.637363 0.181818
vt 0.637363 0.204545
vt 0.637363 0.227273
vt 0.637363 0.250000
vt 0.637363 0.272727
vt 0.637363 0.295455
vt 0.637363 0.318182
vt 0.637363 0.340909
vt 0.637363 0.363636
vt 0.637363 0.386364
vt 0.637363 0.409091
vt 0.637363 0.431818
vt 0.637363 0.454545
vt 0.637363 0.477273
vt 0.637363 0.500000
vt 0.637363 0.522727
vt 0.637363 0.545455
vt 0.637363 0.568182
vt 0.637363 0.590909
vt 0.637363 0.613636
vt 0.637363 0.636364
vt 0.637363 0.659091
vt 0.637363 0.681818
vt 0.637363 0.704545
vt 0.637363 0.727273
vt 0.637363 0.750000
vt 0.637363 0.772727
vt 0.637363 0.795455
vt 0.637363 0.818182
vt 0.637363 0.840909
vt 0.637363 0.863636
vt 0.637363 0.886364
vt 0.637363 0.909091
vt 0.637363 0.931818
vt 0.637363 0.954545
vt 0.648352 1.000000
vt 0.648352 0.977273
vt 0.648352 0.022727
vt 0.648352 0.000000
vt 0.648352 0.045455
vt 0.648352 0.068182
vt 0.648352 0.090909
vt 0.648352 0.113636
vt 0.648352 0.136364
vt 0.648352 0.159091
vt 0.648352 0.181818
vt 0.648352 0.204545
vt 0.648352 0.227273
vt 0.648352 0.250000
vt 0.648352 0.272727
vt 0.648352 0.295455
vt 0.648352 0.318182
vt 0.648352 0.340909
vt 0.648352 0.363636
vt 0.648352 0.386364
vt 0.648352 0.409091
vt 0.648352 0.431818
vt 0.648352 0.454545
vt 0.648352 0.477273
vt 0.648352 0.500000
vt 0.648352 0.522727
vt 0.648352 0.545455
vt 0.648352 0.568182
vt 0.648352 0.590909
vt 0.648352 0.613636
vt 0.648352 0.636364
vt 0.648352 0.659091
vt 0.648352 0.681818
vt 0.648352 0.704545
vt 0.648352 0.727273
vt 0.648352 0.750000
vt 0.648352 0.772727
vt 0.648352 0.795455
vt 0.648352 0.818182
vt 0.648352 0.840909
vt 0.648352 0.863636
vt 0.648352 0.886364
vt 0.648352 0.909091
vt 0.648352 0.931818
vt 0.648352 0.954545
vt 0.659341 1.000000
vt 0.659341 0.977273
vt 0.659341 0.022727
vt 0.659341 0.000000
vt 0.659341 0.045455
vt 0.659341 0.068182
vt 0.659341 0.090909
vt 0.659341 0.113636
vt 0.659341 0.136364
vt 0.659341 0.159091
vt 0.659341 0.181818
vt 0.659341 0.204545
vt 0.659341 0.227273
vt 0.659341 0.250000
vt 0.659341 0.272727
vt 0.659341 0.295455
vt 0.659341 0.318182
vt 0.659341 0.340909
vt 0.659341 0.363636
vt 0.659341 0.386364
vt 0.659341 0.409091
vt 0.659341 0.431818
vt 0.659341 0.454545
vt 0.659341 0.477273
vt 0.659341 0.500000
vt 0.659341 0.522727
vt 0.659341 0.545455
vt 0.659341 0.568182
vt 0.659341 0.590909
vt 0.659341 0.613636
vt 0.659341 0.636364
vt 0.659341 0.659091
vt 0.659341 0.681818
vt 0.659341 0.704545
vt 0.659341 0.727273
vt 0.659341 0.750000
vt 0.659341 0.772727
vt 0.659341 0.795455
vt 0.659341 0.818182
vt 0.659341 0.840909
vt 0.659341 0.863636
vt 0.659341 0.886364
vt 0.659341 0.909091
vt 0.659341 0.931818
vt 0.659341 0.954545
vt 0.670330 1.000000
vt 0.670330 0.977273
vt 0.670330 0.022727
vt 0.670330 0.000000
vt 0.670330 0.045455
vt 0.670330 0.068182
vt 0.670330 0.090909
vt 0.670330 0.113636
vt 0.670330 0.136364
vt 0.670330 0.159091
vt 0.670330 0.181818
vt 0.670330 0.204545
vt 0.670330 0.227273
vt 0.670330 0.250000
vt 0.670330 0.272727
vt 0.670330 0.295455
vt 0.670330 0.318182
vt 0.670330 0.340909
vt 0.670330 0.363636
vt 0.670330 0.386364
vt 0.670330 0.409091
vt 0.670330 0.431818
vt 0.670330 0.454545
vt 0.670330 0.477273
vt 0.670330 0.500000
vt 0.670330 0.522727
vt 0.670330 0.545455
vt 0.670330 0.568182
vt 0.670330 0.590909
vt 0.670330 0.613636
vt 0.670330 0.636364
vt 0.670330 0.659091
vt 0.670330 0.681818
vt 0.670330 0.704545
vt 0.670330 0.727273
vt 0.670330 0.750000
vt 0.670330 0.772727
vt 0.670330 0.795455
vt 0.670330 0.818182
vt 0.670330 0.840909
vt 0.670330 0.863636
vt 0.670330 0.886364
vt 0.670330 0.909091
vt 0.670330 0.931818
vt 0.670330 0.954545
vt 0.681319 1.000000
vt 0.681319 0.977273
vt 0.681319 0.022727
vt 0.681319 0.000000
vt 0.681319 0.045455
vt 0.681319 0.068182
vt 0.681319 0.090909
vt 0.681319 0.113636
vt 0.681319 0.136364
vt 0.681319 0.159091
vt 0.681319 0.181818
vt 0.681319 0.204545
vt 0.681319 0.227273
vt 0.681319 0.250000
vt 0.681319 0.272727
vt 0.681319 0.295455
vt 0.681319 0.318182
vt 0.681319 0.340909
vt 0.681319 0.363636
vt 0.681319 0.386364
vt 0.681319 0.409091
vt 0.681319 0.431818
vt 0.681319 0.454545
vt 0.681319 0.477273
vt 0.681319 0.500000
vt 0.681319 0.522727
vt 0.681319 0.545455
vt 0.681319 0.568182
vt 0.681319 0.590909
vt 0.681319 0.613636
vt 0.681319 0.636364
vt 0.681319 0.659091
vt 0.681319 0.681818
vt 0.681319 0.704545
vt 0.681319 0.727273
vt 0.681319 0.750000
vt 0.681319 0.772727
vt 0.681319 0.795455
vt 0.681319 0.818182
vt 0.681319 0.840909
vt 0.681319 0.863636
vt 0.681319 0.886364
vt 0.681319 0.909091
vt 0.681319 0.931818
vt 0.681319 0.954545
vt 0.692308 1.000000
vt 0.692308 0.977273
vt 0.692308 0.022727
vt 0.692308 0.000000
vt 0.692308 0.045455
vt 0.692308 0.068182
vt 0.692308 0.090909
vt 0.692308 0.113636
vt 0.692308 0.136364
vt 0.692308 0.159091
vt 0.692308 0.181818
vt 0.692308 0.204545
vt 0.692308 0.227273
vt 0.692308 0.250000
vt 0.692308 0.272727
vt 0.692308 0.295455
vt 0.692308 0.318182
vt 0.692308 0.340909
vt 0.692308 0.363636
vt 0.692308 0.386364
vt 0.692308 0.409091
vt 0.692308 0.431818
vt 0.692308 0.454545
vt 0.692308 0.477273
vt 0.692308 0.500000
vt 0.692308 0.522727
vt 0.692308 0.545455
vt 0.692308 0.568182
vt 0.692308 0.590909
vt 0.692308 0.613636
vt 0.692308 0.636364
vt 0.692308 0.659091
vt 0.692308 0.681818
vt 0.692308 0.704545
vt 0.692308 0.727273
vt 0.692308 0.750000
vt 0.692308 0.772727
vt 0.692308 0.795455
vt 0.692308 0.818182
vt 0.692308 0.840909
vt 0.692308 0.863636
vt 0.692308 0.886364
vt 0.692308 0.909091
vt 0.692308 0.931818
vt 0.692308 0.954545
vt 0.703297 1.000000
vt 0.703297 0.977273
vt 0.703297 0.022727
vt 0.703297 0.000000
vt 0.703297 0.045455
vt 0.703297 0.068182
vt 0.703297 0.090909
vt 0.703297 0.113636
vt 0.703297 0.136364
vt 0.703297 0.159091
vt 0.703297 0.181818
vt 0.703297 0.204545
vt 0.703297 0.227273
vt 0.703297 0.250000
vt 0.703297 0.272727
vt 0.703297 0.295455
vt 0.703297 0.318182
vt 0.703297 0.340909
vt 0.703297 0.363636
vt 0.703297 0.386364
vt 0.703297 0.409091
vt 0.703297 0.431818
vt 0.703297 0.454545
vt 0.703297 0.477273
vt 0.703297 0.500000
vt 0.703297 0.522727
vt 0.703297 0.545455
vt 0.703297 0.568182
vt 0.703297 0.590909
vt 0.703297 0.613636
vt 0.703297 0.636364
vt 0.703297 0.659091
vt 0.703297 0.681818
vt 0.703297 0.704545
vt 0.703297 0.727273
vt 0.703297 0.750000
vt 0.703297 0.772727
vt 0.703297 0.795455
vt 0.703297 0.818182
vt 0.703297 0.840909
vt 0.703297 0.863636
vt 0.703297 0.886364
vt 0.703297 0.909091
vt 0.703297 0.931818
vt 0.703297 0.954545
vt 0.714286 1.000000
vt 0.714286 0.977273
vt 0.714286 0.022727
vt 0.714286 0.000000
vt 0.714286 0.045455
vt 0.714286 0.068182
vt 0.714286 0.090909
vt 0.714286 0.113636
vt 0.714286 0.136364
vt 0.714286 0.159091
vt 0.714286 0.181818
vt 0.714286 0.204545
vt 0.714286 0.227273
vt 0.714286 0.250000
vt 0.714286 0.272727
vt 0.714286 0.295455
vt 0.714286 0.318182
vt 0.714286 0.340909
vt 0.714286 0.363636
vt 0.714286 0.386364
vt 0.714286 0.409091
vt 0.714286 0.431818
vt 0.714286 0.454545
vt 0.714286 0.477273
vt 0.714286 0.500000
vt 0.714286 0.522727
vt 0.714286 0.545455
vt 0.714286 0.568182
vt 0.714286 0.590909
vt 0.714286 0.613636
vt 0.714286 0.636364
vt 0.714286 0.659091
vt 0.714286 0.681818
vt 0.714286 0.704545
vt 0.714286 0.727273
vt 0.714286 0.750000
vt 0.714286 0.772727
vt 0.714286 0.795455
vt 0.714286 0.818182
vt 0.714286 0.840909
vt 0.714286 0.863636
vt 0.714286 0.886364
vt 0.714286 0.909091
vt 0.714286 0.931818
vt 0.714286 0.954545
vt 0.725275 1.000000
vt 0.725275 0.977273
vt 0.725275 0.022727
vt 0.725275 0.000000
vt 0.725275 0.045455
vt 0.725275 0.068182
vt 0.725275 0.090909
vt 0.725275 0.113636
vt 0.725275 0.136364
vt 0.725275 0.159091
vt 0.725275 0.181818
vt 0.725275 0.204545
vt 0.725275 0.227273
vt 0.725275 0.250000
vt 0.725275 0.272727
vt 0.725275 0.295455
vt 0.725275 0.318182
vt 0.725275 0.340909
vt 0.725275 0.363636
vt 0.725275 0.386364
vt 0.725275 0.409091
vt 0.725275 0.431818
vt 0.725275 0.454545
vt 0.725275 0.477273
vt 0.725275 0.500000
vt 0.725275 0.522727
vt 0.725275 0.545455
vt 0.725275 0.568182
vt 0.725275 0.590909
vt 0.725275 0.613636
vt 0.725275 0.636364
vt 0.725275 0.659091
vt 0.725275 0.681818
vt 0.725275 0.704545
vt 0.725275 0.727273
vt 0.725275 0.750000
vt 0.725275 0.772727
vt 0.725275 0.795455
vt 0.725275 0.818182
vt 0.725275 0.840909
vt 0.725275 0.863636
vt 0.725275 0.886364
vt 0.725275 0.909091
vt 0.725275 0.931818
vt 0.725275 0.954545
vt 0.736264 1.000000
vt 0.736264 0.977273
vt 0.736264 0.022727
vt 0.736264 0.000000
vt 0.736264 0.045455
vt 0.736264 0.068182
vt 0.736264 0.090909
vt 0.736264 0.113636
vt 0.736264 0.136364
vt 0.736264 0.159091
vt 0.736264 0.181818
vt 0.736264 0.204545
vt 0.736264 0.227273
vt 0.736264 0.250000
vt 0.736264 0.272727
vt 0.736264 0.295455
vt 0.736264 0.318182
vt 0.736264 0.340909
vt 0.736264 0.363636
vt 0.736264 0.386364
vt 0.736264 0.409091
vt 0.736264 0.431818
vt 0.736264 0.454545
vt 0.736264 0.477273
vt 0.736264 0.500000
vt 0.736264 0.522727
vt 0.736264 0.545455
vt 0.736264 0.568182
vt 0.736264 0.590909
vt 0.736264 0.613636
vt 0.736264 0.636364
vt 0.736264 0.659091
vt 0.736264 0.681818
vt 0.736264 0.704545
vt 0.736264 0.727273
vt 0.736264 0.750000
vt 0.736264 0.772727
vt 0.736264 0.795455
vt 0.736264 0.818182
vt 0.736264 0.840909
vt 0.736264 0.863636
vt 0.736264 0.886364
vt 0.736264 0.909091
vt 0.736264 0.931818
vt 0.736264 0.954545
vt 0.747253 1.000000
vt 0.747253 0.977273
vt 0.747253 0.022727
vt 0.747253 0.000000
vt 0.747253 0.045455
vt 0.747253 0.068182
vt 0.747253 0.090909
vt 0.747253 0.113636
vt 0.747253 0.136364
vt 0.747253 0.159091
vt 0.747253 0.181818
vt 0.747253 0.204545
vt 0.747253 0.227273
vt 0.747253 0.250000
vt 0.747253 0.272727
vt 0.747253 0.295455
vt 0.747253 0.318182
vt 0.747253 0.340909
vt 0.747253 0.363636
vt 0.747253 0.386364
vt 0.747253 0.409091
vt 0.747253 0.431818
vt 0.747253 0.454545
vt 0.747253 0.477273
vt 0.747253 0.500000
vt 0.747253 0.522727
vt 0.747253 0.545455
vt 0.747253 0.568182
vt 0.747253 0.590909
vt 0.747253 0.613636
vt 0.747253 0.636364
vt 0.747253 0.659091
vt 0.747253 0.681818
vt 0.747253 0.704545
vt 0.747253 0.727273
vt 0.747253 0.750000
vt 0.747253 0.772727
vt 0.747253 0.795455
vt 0.747253 0.818182
vt 0.747253 0.840909
vt 0.747253 0.863636
vt 0.747253 0.886364
vt 0.747253 0.909091
vt 0.747253 0.931818
vt 0.747253 0.954545
vt 0.758242 1.000000
vt 0.758242 0.977273
vt 0.758242 0.022727
vt 0.758242 0.000000
vt 0.758242 0.045455
vt 0.758242 0.068182
vt 0.758242 0.090909
vt 0.758242 0.113636
vt 0.758242 0.136364
vt 0.758242 0.159091
vt 0.758242 0.181818
vt 0.758242 0.204545
vt 0.758242 0.227273
vt 0.758242 0.250000
vt 0.758242 0.272727
vt 0.758242 0.295455
vt 0.758242 0.318182
vt 0.758242 0.340909
vt 0.758242 0.363636
vt 0.758242 0.386364
vt 0.758242 0.409091
vt 0.758242 0.431818
vt 0.758242 0.454545
vt 0.758242 0.477273
vt 0.758242 0.500000
vt 0.758242 0.522727
vt 0.758242 0.545455
vt 0.758242 0.568182
vt 0.758242 0.590909
vt 0.758242 0.613636
vt 0.758242 0.636364
vt 0.758242 0.659091
vt 0.758242 0.681818
vt 0.758242 0.704545
vt 0.758242 0.727273
vt 0.758242 0.750000
vt 0.758242 0.772727
vt 0.758242 0.795455
vt 0.758242 0.818182
vt 0.758242 0.840909
vt 0.758242 0.863636
vt 0.758242 0.886364
vt 0.758242 0.909091
vt 0.758242 0.931818
vt 0.758242 0.954545
vt 0.769231 1.000000
vt 0.769231 0.977273
vt 0.769231 0.022727
vt 0.769231 0.000000
vt 0.769231 0.045455
vt 0.769231 0.068182
vt 0.769231 0.090909
vt 0.769231 0.113636
vt 0.769231 0.136364
vt 0.769231 0.159091
vt 0.769231 0.181818
vt 0.769231 0.204545
vt 0.769231 0.227273
vt 0.769231 0.250000
vt 0.769231 0.272727
vt 0.769231 0.295455
vt 0.769231 0.318182
vt 0.769231 0.340909
vt 0.769231 0.363636
vt 0.769231 0.386364
vt 0.769231 0.409091
vt 0.769231 0.431818
vt 0.769231 0.454545
vt 0.769231 0.477273
vt 0.769231 0.500000
vt 0.769231 0.522727
vt 0.769231 0.545455
vt 0.769231 0.568182
vt 0.769231 0.590909
vt 0.769231 0.613636
vt 0.769231 0.636364
vt 0.769231 0.659091
vt 0.769231 0.681818
vt 0.769231 0.704545
vt 0.769231 0.727273
vt 0.769231 0.750000
vt 0.769231 0.772727
vt 0.769231 0.795455
vt 0.769231 0.818182
vt 0.769231 0.840909
vt 0.769231 0.863636
vt 0.769231 0.886364
vt 0.769231 0.909091
vt 0.769231 0.931818
vt 0.769231 0.954545
vt 0.780220 1.000000
vt 0.780220 0.977273
vt 0.780220 0.022727
vt 0.780220 0.000000
vt 0.780220 0.045455
vt 0.780220 0.068182
vt 0.780220 0.090909
vt 0.780220 0.113636
vt 0.780220 0.136364
vt 0.780220 0.159091
vt 0.780220 0.181818
vt 0.780220 0.204545
vt 0.780220 0.227273
vt 0.780220 0.250000
vt 0.780220 0.272727
vt 0.780220 0.295455
vt 0.780220 0.318182
vt 0.780220 0.340909
vt 0.780220 0.363636
vt 0.780220 0.386364
vt 0.780220 0.409091
vt 0.780220 0.431818
vt 0.780220 0.454545
vt 0.780220 0.477273
vt 0.780220 0.500000
vt 0.780220 0.522727
vt 0.780220 0.545455
vt 0.780220 0.568182
vt 0.780220 0.590909
vt 0.780220 0.613636
vt 0.780220 0.636364
vt 0.780220 0.659091
vt 0.780220 0.681818
vt 0.780220 0.704545
vt 0.780220 0.727273
vt 0.780220 0.750000
vt 0.780220 0.772727
vt 0.780220 0.795455
vt 0.780220 0.818182
vt 0.780220 0.840909
vt 0.780220 0.863636
vt 0.780220 0.886364
vt 0.780220 0.909091
vt 0.780220 0.931818
vt 0.780220 0.954545
vt 0.791209 1.000000
vt 0.791209 0.977273
vt 0.791209 0.022727
vt 0.791209 0.000000
vt 0.791209 0.045455
vt 0.791209 0.068182
vt 0.791209 0.090909
vt 0.791209 0.113636
vt 0.791209 0.136364
vt 0.791209 0.159091
vt 0.791209 0.181818
vt 0.791209 0.204545
vt 0.791209 0.227273
vt 0.791209 0.250000
vt 0.791209 0.272727
vt 0.791209 0.295455
vt 0.791209 0.318182
vt 0.791209 0.340909
vt 0.791209 0.363636
vt 0.791209 0.386364
vt 0.791209 0.409091
vt 0.791209 0.431818
vt 0.791209 0.454545
vt 0.791209 0.477273
vt 0.791209 0.500000
vt 0.791209 0.522727
vt 0.791209 0.545455
vt 0.791209 0.568182
vt 0.791209 0.590909
vt 0.791209 0.613636
vt 0.791209 0.636364
vt 0.791209 0.659091
vt 0.791209 0.681818
vt 0.791209 0.704545
vt 0.791209 0.727273
vt 0.791209 0.750000
vt 0.791209 0.772727
vt 0.791209 0.795455
vt 0.791209 0.818182
vt 0.791209 0.840909
vt 0.791209 0.863636
vt 0.791209 0.886364
vt 0.791209 0.909091
vt 0.791209 0.931818
vt 0.791209 0.954545
vt 0.802198 1.000000
vt 0.802198 0.977273
vt 0.802198 0.022727
vt 0.802198 0.000000
vt 0.802198 0.045455
vt 0.802198 0.068182
vt 0.802198 0.090909
vt 0.802198 0.113636
vt 0.802198 0.136364
vt 0.802198 0.159091
vt 0.802198 0.181818
vt 0.802198 0.204545
vt 0.802198 0.227273
vt 0.802198 0.250000
vt 0.802198 0.272727
vt 0.802198 0.295455
vt 0.802198 0.318182
vt 0.802198 0.340909
vt 0.802198 0.363636
vt 0.802198 0.386364
vt 0.802198 0.409091
vt 0.802198 0.431818
vt 0.802198 0.454545
vt 0.802198 0.477273
vt 0.802198 0.500000
vt 0.802198 0.522727
vt 0.802198 0.545455
vt 0.802198 0.568182
vt 0.802198 0.590909
vt 0.802198 0.613636
vt 0.802198 0.636364
vt 0.802198 0.659091
vt 0.802198 0.681818
vt 0.802198 0.704545
vt 0.802198 0.727273
vt 0.802198 0.750000
vt 0.802198 0.772727
vt 0.802198 0.795455
vt 0.802198 0.818182
vt 0.802198 0.840909
vt 0.802198 0.863636
vt 0.802198 0.886364
vt 0.802198 0.909091
vt 0.802198 0.931818
vt 0.802198 0.954545
vt 0.813187 1.000000
vt 0.813187 0.977273
vt 0.813187 0.022727
vt 0.813187 0.000000
vt 0.813187 0.045455
vt 0.813187 0.068182
vt 0.813187 0.090909
vt 0.813187 0.113636
vt 0.813187 0.136364
vt 0.813187 0.159091
vt 0.813187 0.181818
vt 0.813187 0.204545
vt 0.813187 0.227273
vt 0.813187 0.250000
vt 0.813187 0.272727
vt 0.813187 0.295455
vt 0.813187 0.318182
vt 0.813187 0.340909
vt 0.813187 0.363636
vt 0.813187 0.386364
vt 0.813187 0.409091
vt 0.813187 0.431818
vt 0.813187 0.454545
vt 0.813187 0.477273
vt 0.813187 0.500000
vt 0.813187 0.522727
vt 0.813187 0.545455
vt 0.813187 0.568182
vt 0.813187 0.590909
vt 0.813187 0.613636
vt 0.813187 0.636364
vt 0.813187 0.659091
vt 0.813187 0.681818
vt 0.813187 0.704545
vt 0.813187 0.727273
vt 0.813187 0.750000
vt 0.813187 0.772727
vt 0.813187 0.795455
vt 0.813187 0.818182
vt 0.813187 0.840909
vt 0.813187 0.863636
vt 0.813187 0.886364
vt 0.813187 0.909091
vt 0.813187 0.931818
vt 0.813187 0.954545
vt 0.824176 1.000000
vt 0.824176 0.977273
vt 0.824176 0.022727
vt 0.824176 0.000000
vt 0.824176 0.045455
vt 0.824176 0.068182
vt 0.824176 0.090909
vt 0.824176 0.113636
vt 0.824176 0.136364
vt 0.824176 0.159091
vt 0.824176 0.181818
vt 0.824176 0.204545
vt 0.824176 0.227273
vt 0.824176 0.250000
vt 0.824176 0.272727
vt 0.824176 0.295455
vt 0.824176 0.318182
vt 0.824176 0.340909
vt 0.824176 0.363636
vt 0.824176 0.386364
vt 0.824176 0.409091
vt 0.824176 0.431818
vt 0.824176 0.454545
vt 0.824176 0.477273
vt 0.824176 0.500000
vt 0.824176 0.522727
vt 0.824176 0.545455
vt 0.824176 0.568182
vt 0.824176 0.590909
vt 0.824176 0.613636
vt 0.824176 0.636364
vt 0.824176 0.659091
vt 0.824176 0.681818
vt 0.824176 0.704545
vt 0.824176 0.727273
vt 0.824176 0.750000
vt 0.824176 0.772727
vt 0.824176 0.795455
vt 0.824176 0.818182
vt 0.824176 0.840909
vt 0.824176 0.863636
vt 0.824176 0.886364
vt 0.824176 0.909091
vt 0.824176 0.931818
vt 0.824176 0.954545
vt 0.835165 1.000000
vt 0.835165 0.977273
vt 0.835165 0.022727
vt 0.835165 0.000000
vt 0.835165 0.045455
vt 0.835165 0.068182
vt 0.835165 0.090909
vt 0.835165 0.113636
vt 0.835165 0.136364
vt 0.835165 0.159091
vt 0.835165 0.181818
vt 0.835165 0.204545
vt 0.835165 0.227273
vt 0.835165 0.250000
vt 0.835165 0.272727
vt 0.835165 0.295455
vt 0.835165 0.318182
vt 0.835165 0.340909
vt 0.835165 0.363636
vt 0.835165 0.386364
vt 0.835165 0.409091
vt 0.835165 0.431818
vt 0.835165 0.454545
vt 0.835165 0.477273
vt 0.835165 0.500000
vt 0.835165 0.522727
vt 0.835165 0.545455
vt 0.835165 0.568182
vt 0.835165 0.590909
vt 0.835165 0.613636
vt 0.835165 0.636364
vt 0.835165 0.659091
vt 0.835165 0.681818
vt 0.835165 0.704545
vt 0.835165 0.727273
vt 0.835165 0.750000
vt 0.835165 0.772727
vt 0.835165 0.795455
vt 0.835165 0.818182
vt 0.835165 0.840909
vt 0.835165 0.863636
vt 0.835165 0.886364
vt 0.835165 0.909091
vt 0.835165 0.931818
vt 0.835165 0.954545
vt 0.846154 1.000000
vt 0.846154 0.977273
vt 0.846154 0.022727
vt 0.846154 0.000000
vt 0.846154 0.045455
vt 0.846154 0.068182
vt 0.846154 0.090909
vt 0.846154 0.113636
vt 0.846154 0.136364
vt 0.846154 0.159091
vt 0.846154 0.181818
vt 0.846154 0.204545
vt 0.846154 0.227273
vt 0.846154 0.250000
vt 0.846154 0.272727
vt 0.846154 0.295455
vt 0.846154 0.318182
vt 0.846154 0.340909
vt 0.846154 0.363636
vt 0.846154 0.386364
vt 0.846154 0.409091
vt 0.846154 0.431818
vt 0.846154 0.454545
vt 0.846154 0.477273
vt 0.846154 0.500000
vt 0.846154 0.522727
vt 0.846154 0.545455
vt 0.846154 0.568182
vt 0.846154 0.590909
vt 0.846154 0.613636
vt 0.846154 0.636364
vt 0.846154 0.659091
vt 0.846154 0.681818
vt 0.846154 0.704545
vt 0.846154 0.727273
vt 0.846154 0.750000
vt 0.846154 0.772727
vt 0.846154 0.795455
vt 0.846154 0.818182
vt 0.846154 0.840909
vt 0.846154 0.863636
vt 0.846154 0.886364
vt 0.846154 0.909091
vt 0.846154 0.931818
vt 0.846154 0.954545
vt 0.857143 1.000000
vt 0.857143 0.977273
vt 0.857143 0.022727
vt 0.857143 0.000000
vt 0.857143 0.045455
vt 0.857143 0.068182
vt 0.857143 0.090909
vt 0.857143 0.113636
vt 0.857143 0.136364
vt 0.857143 0.159091
vt 0.857143 0.181818
vt 0.857143 0.204545
vt 0.857143 0.227273
vt 0.857143 0.250000
vt 0.857143 0.272727
vt 0.857143 0.295455
vt 0.857143 0.318182
vt 0.857143 0.340909
vt 0.857143 0.363636
vt 0.857143 0.386364
vt 0.857143 0.409091
vt 0.857143 0.431818
vt 0.857143 0.454545
vt 0.857143 0.477273
vt 0.857143 0.500000
vt 0.857143 0.522727
vt 0.857143 0.545455
vt 0.857143 0.568182
vt 0.857143 0.590909
vt 0.857143 0.613636
vt 0.857143 0.636364
vt 0.857143 0.659091
vt 0.857143 0.681818
vt 0.857143 0.704545
vt 0.857143 0.727273
vt 0.857143 0.750000
vt 0.857143 0.772727
vt 0.857143 0.795455
vt 0.857143 0.818182
vt 0.857143 0.840909
vt 0.857143 0.863636
vt 0.857143 0.886364
vt 0.857143 0.909091
vt 0.857143 0.931818
vt 0.857143 0.954545
vt 0.868132 1.000000
vt 0.868132 0.977273
vt 0.868132 0.022727
vt 0.868132 0.000000
vt 0.868132 0.045455
vt 0.868132 0.068182
vt 0.868132 0.090909
vt 0.868132 0.113636
vt 0.868132 0.136364
vt 0.868132 0.159091
vt 0.868132 0.181818
vt 0.868132 0.204545
vt 0.868132 0.227273
vt 0.868132 0.250000
vt 0.868132 0.272727
vt 0.868132 0.295455
vt 0.868132 0.318182
vt 0.868132 0.340909
vt 0.868132 0.363636
vt 0.868132 0.386364
vt 0.868132 0.409091
vt 0.868132 0.431818
vt 0.868132 0.454545
vt 0.868132 0.477273
vt 0.868132 0.500000
vt 0.868132 0.522727
vt 0.868132 0.545455
vt 0.868132 0.568182
vt 0.868132 0.590909
vt 0.868132 0.613636
vt 0.868132 0.636364
vt 0.868132 0.659091
vt 0.868132 0.681818
vt 0.868132 0.704545
vt 0.868132 0.727273
vt 0.868132 0.750000
vt 0.868132 0.772727
vt 0.868132 0.795455
vt 0.868132 0.818182
vt 0.868132 0.840909
vt 0.868132 0.863636
vt 0.868132 0.886364
vt 0.868132 0.909091
vt 0.868132 0.931818
vt 0.868132 0.954545
vt 0.879121 1.000000
vt 0.879121 0.977273
vt 0.879121 0.022727
vt 0.879121 0.000000
vt 0.879121 0.045455
vt 0.879121 0.068182
vt 0.879121 0.090909
vt 0.879121 0.113636
vt 0.879121 0.136364
vt 0.879121 0.159091
vt 0.879121 0.181818
vt 0.879121 0.204545
vt 0.879121 0.227273
vt 0.879121 0.250000
vt 0.879121 0.272727
vt 0.879121 0.295455
vt 0.879121 0.318182
vt 0.879121 0.340909
vt 0.879121 0.363636
vt 0.879121 0.386364
vt 0.879121 0.409091
vt 0.879121 0.431818
vt 0.879121 0.454545
vt 0.879121 0.477273
vt 0.879121 0.500000
vt 0.879121 0.522727
vt 0.879121 0.545455
vt 0.879121 0.568182
vt 0.879121 0.590909
vt 0.879121 0.613636
vt 0.879121 0.636364
vt 0.879121 0.659091
vt 0.879121 0.681818
vt 0.879121 0.704545
vt 0.879121 0.727273
vt 0.879121 0.750000
vt 0.879121 0.772727
vt 0.879121 0.795455
vt 0.879121 0.818182
vt 0.879121 0.840909
vt 0.879121 0.863636
vt 0.879121 0.886364
vt 0.879121 0.909091
vt 0.879121 0.931818
vt 0.879121 0.954545
vt 0.890110 1.000000
vt 0.890110 0.977273
vt 0.890110 0.022727
vt 0.890110 0.000000
vt 0.890110 0.045455
vt 0.890110 0.068182
vt 0.890110 0.090909
vt 0.890110 0.113636
vt 0.890110 0.136364
vt 0.890110 0.159091
vt 0.890110 0.181818
vt 0.890110 0.204545
vt 0.890110 0.227273
vt 0.890110 0.250000
vt 0.890110 0.272727
vt 0.890110 0.295455
vt 0.890110 0.318182
vt 0.890110 0.340909
vt 0.890110 0.363636
vt 0.890110 0.386364
vt 0.890110 0.409091
vt 0.890110 0.431818
vt 0.890110 0.454545
vt 0.890110 0.477273
vt 0.890110 0.500000
vt 0.890110 0.522727
vt 0.890110 0.545455
vt 0.890110 0.568182
vt 0.890110 0.590909
vt 0.890110 0.613636
vt 0.890110 0.636364
vt 0.890110 0.659091
vt 0.890110 0.681818
vt 0.890110 0.704545
vt 0.890110 0.727273
vt 0.890110 0.750000
vt 0.890110 0.772727
vt 0.890110 0.795455
vt 0.890110 0.818182
vt 0.890110 0.840909
vt 0.890110 0.863636
vt 0.890110 0.886364
vt 0.890110 0.909091
vt 0.890110 0.931818
vt 0.890110 0.954545
vt 0.901099 1.000000
vt 0.901099 0.977273
vt 0.901099 0.022727
vt 0.901099 0.000000
vt 0.901099 0.045455
vt 0.901099 0.068182
vt 0.901099 0.090909
vt 0.901099 0.113636
vt 0.901099 0.136364
vt 0.901099 0.159091
vt 0.901099 0.181818
vt 0.901099 0.204545
vt 0.901099 0.227273
vt 0.901099 0.250000
vt 0.901099 0.272727
vt 0.901099 0.295455
vt 0.901099 0.318182
vt 0.901099 0.340909
vt 0.901099 0.363636
vt 0.901099 0.386364
vt 0.901099 0.409091
vt 0.901099 0.431818
vt 0.901099 0.454545
vt 0.901099 0.477273
vt 0.901099 0.500000
vt 0.901099 0.522727
vt 0.901099 0.545455
vt 0.901099 0.568182
vt 0.901099 0.590909
vt 0.901099 0.613636
vt 0.901099 0.636364
vt 0.901099 0.659091
vt 0.901099 0.681818
vt 0.901099 0.704545
vt 0.901099 0.727273
vt 0.901099 0.750000
vt 0.901099 0.772727
vt 0.901099 0.795455
vt 0.901099 0.818182
vt 0.901099 0.840909
vt 0.901099 0.863636
vt 0.901099 0.886364
vt 0.901099 0.909091
vt 0.901099 0.931818
vt 0.901099 0.954545
vt 0.912088 1.000000
vt 0.912088 0.977273
vt 0.912088 0.022727
vt 0.912088 0.000000
vt 0.912088 0.045455
vt 0.912088 0.068182
vt 0.912088 0.090909
vt 0.912088 0.113636
vt 0.912088 0.136364
vt 0.912088 0.159091
vt 0.912088 0.181818
vt 0.912088 0.204545
vt 0.912088 0.227273
vt 0.912088 0.250000
vt 0.912088 0.272727
vt 0.912088 0.295455
vt 0.912088 0.318182
vt 0.912088 0.340909
vt 0.912088 0.363636
vt 0.912088 0.386364
vt 0.912088 0.409091
vt 0.912088 0.431818
vt 0.912088 0.454545
vt 0.912088 0.477273
vt 0.912088 0.500000
vt 0.912088 0.522727
vt 0.912088 0.545455
vt 0.912088 0.568182
vt 0.912088 0.590909
vt 0.912088 0.613636
vt 0.912088 0.636364
vt 0.912088 0.659091
vt 0.912088 0.681818
vt 0.912088 0.704545
vt 0.912088 0.727273
vt 0.912088 0.750000
vt 0.912088 0.772727
vt 0.912088 0.795455
vt 0.912088 0.818182
vt 0.912088 0.840909
vt 0.912088 0.863636
vt 0.912088 0.886364
vt 0.912088 0.909091
vt 0.912088 0.931818
vt 0.912088 0.954545
vt 0.923077 1.000000
vt 0.923077 0.977273
vt 0.923077 0.022727
vt 0.923077 0.000000
vt 0.923077 0.045455
vt 0.923077 0.068182
vt 0.923077 0.090909
vt 0.923077 0.113636
vt 0.923077 0.136364
vt 0.923077 0.159091
vt 0.923077 0.181818
vt 0.923077 0.204545
vt 0.923077 0.227273
vt 0.923077 0.250000
vt 0.923077 0.272727
vt 0.923077 0.295455
vt 0.923077 0.318182
vt 0.923077 0.340909
vt 0.923077 0.363636
vt 0.923077 0.386364
vt 0.923077 0.409091
vt 0.923077 0.431818
vt 0.923077 0.454545
vt 0.923077 0.477273
vt 0.923077 0.500000
vt 0.923077 0.522727
vt 0.923077 0.545455
vt 0.923077 0.568182
vt 0.923077 0.590909
vt 0.923077 0.613636
vt 0.923077 0.636364
vt 0.923077 0.659091
vt 0.923077 0.681818
vt 0.923077 0.704545
vt 0.923077 0.727273
vt 0.923077 0.750000
vt 0.923077 0.772727
vt 0.923077 0.795455
vt 0.923077 0.818182
vt 0.923077 0.840909
vt 0.923077 0.863636
vt 0.923077 0.886364
vt 0.923077 0.909091
vt 0.923077 0.931818
vt 0.923077 0.954545
vt 0.934066 1.000000
vt 0.934066 0.977273
vt 0.934066 0.022727
vt 0.934066 0.000000
vt 0.934066 0.045455
vt 0.934066 0.068182
vt 0.934066 0.090909
vt 0.934066 0.113636
vt 0.934066 0.136364
vt 0.934066 0.159091
vt 0.934066 0.181818
vt 0.934066 0.204545
vt 0.934066 0.227273
vt 0.934066 0.250000
vt 0.934066 0.272727
vt 0.934066 0.295455
vt 0.934066 0.318182
vt 0.934066 0.340909
vt 0.934066 0.363636
vt 0.934066 0.386364
vt 0.934066 0.409091
vt 0.934066 0.431818
vt 0.934066 0.454545
vt 0.934066 0.477273
vt 0.934066 0.500000
vt 0.934066 0.522727
vt 0.934066 0.545455
vt 0.934066 0.568182
vt 0.934066 0.590909
vt 0.934066 0.613636
vt 0.934066 0.636364
vt 0.934066 0.659091
vt 0.934066 0.681818
vt 0.934066 0.704545
vt 0.934066 0.727273
vt 0.934066 0.750000
vt 0.934066 0.772727
vt 0.934066 0.795455
vt 0.934066 0.818182
vt 0.934066 0.840909
vt 0.934066 0.863636
vt 0.934066 0.886364
vt 0.934066 0.909091
vt 0.934066 0.931818
vt 0.934066 0.954545
vt 0.945055 1.000000
vt 0.945055 0.977273
vt 0.945055 0.022727
vt 0.945055 0.000000
vt 0.945055 0.045455
vt 0.945055 0.068182
vt 0.945055 0.090909
vt 0.945055 0.113636
vt 0.945055 0.136364
vt 0.945055 0.159091
vt 0.945055 0.181818
vt 0.945055 0.204545
vt 0.945055 0.227273
vt 0.945055 0.250000
vt 0.945055 0.272727
vt 0.945055 0.295455
vt 0.945055 0.318182
vt 0.945055 0.340909
vt 0.945055 0.363636
vt 0.945055 0.386364
vt 0.945055 0.409091
vt 0.945055 0.431818
vt 0.945055 0.454545
vt 0.945055 0.477273
vt 0.945055 0.500000
vt 0.945055 0.522727
vt 0.945055 0.545455
vt 0.945055 0.568182
vt 0.945055 0.590909
vt 0.945055 0.613636
vt 0.945055 0.636364
vt 0.945055 0.659091
vt 0.945055 0.681818
vt 0.945055 0.704545
vt 0.945055 0.727273
vt 0.945055 0.750000
vt 0.945055 0.772727
vt 0.945055 0.795455
vt 0.945055 0.818182
vt 0.945055 0.840909
vt 0.945055 0.863636
vt 0.945055 0.886364
vt 0.945055 0.909091
vt 0.945055 0.931818
vt 0.945055 0.954545
vt 0.956044 1.000000
vt 0.956044 0.977273
vt 0.956044 0.022727
vt 0.956044 0.000000
vt 0.956044 0.045455
vt 0.956044 0.068182
vt 0.956044 0.090909
vt 0.956044 0.113636
vt 0.956044 0.136364
vt 0.956044 0.159091
vt 0.956044 0.181818
vt 0.956044 0.204545
vt 0.956044 0.227273
vt 0.956044 0.250000
vt 0.956044 0.272727
vt 0.956044 0.295455
vt 0.956044 0.318182
vt 0.956044 0.340909
vt 0.956044 0.363636
vt 0.956044 0.386364
vt 0.956044 0.409091
vt 0.956044 0.431818
vt 0.956044 0.454545
vt 0.956044 0.477273
vt 0.956044 0.500000
vt 0.956044 0.522727
vt 0.956044 0.545455
vt 0.956044 0.568182
vt 0.956044 0.590909
vt 0.956044 0.613636
vt 0.956044 0.636364
vt 0.956044 0.659091
vt 0.956044 0.681818
vt 0.956044 0.704545
vt 0.956044 0.727273
vt 0.956044 0.750000
vt 0.956044 0.772727
vt 0.956044 0.795455
vt 0.956044 0.818182
vt 0.956044 0.840909
vt 0.956044 0.863636
vt 0.956044 0.886364
vt 0.956044 0.909091
vt 0.956044 0.931818
vt 0.956044 0.954545
vt 0.967033 1.000000
vt 0.967033 0.977273
vt 0.967033 0.022727
vt 0.967033 0.000000
vt 0.967033 0.045455
vt 0.967033 0.068182
vt 0.967033 0.090909
vt 0.967033 0.113636
vt 0.967033 0.136364
vt 0.967033 0.159091
vt 0.967033 0.181818
vt 0.967033 0.204545
vt 0.967033 0.227273
vt 0.967033 0.250000
vt 0.967033 0.272727
vt 0.967033 0.295455
vt 0.967033 0.318182
vt 0.967033 0.340909
vt 0.967033 0.363636
vt 0.967033 0.386364
vt 0.967033 0.409091
vt 0.967033 0.431818
vt 0.967033 0.454545
vt 0.967033 0.477273
vt 0.967033 0.500000
vt 0.967033 0.522727
vt 0.967033 0.545455
vt 0.967033 0.568182
vt 0.967033 0.590909
vt 0.967033 0.613636
vt 0.967033 0.636364
vt 0.967033 0.659091
vt 0.967033 0.681818
vt 0.967033 0.704545
vt 0.967033 0.727273
vt 0.967033 0.750000
vt 0.967033 0.772727
vt 0.967033 0.795455
vt 0.967033 0.818182
vt 0.967033 0.840909
vt 0.967033 0.863636
vt 0.967033 0.886364
vt 0.967033 0.909091
vt 0.967033 0.931818
vt 0.967033 0.954545
vt 0.978022 1.000000
vt 0.978022 0.977273
vt 0.978022 0.022727
vt 0.978022 0.000000
vt 0.978022 0.045455
vt 0.978022 0.068182
vt 0.978022 0.090909
vt 0.978022 0.113636
vt 0.978022 0.136364
vt 0.978022 0.159091
vt 0.978022 0.181818
vt 0.978022 0.204545
vt 0.978022 0.227273
vt 0.978022 0.250000
vt 0.978022 0.272727
vt 0.978022 0.295455
vt 0.978022 0.318182
vt 0.978022 0.340909
vt 0.978022 0.363636
vt 0.978022 0.386364
vt 0.978022 0.409091
vt 0.978022 0.431818
vt 0.978022 0.454545
vt 0.978022 0.477273
vt 0.978022 0.500000
vt 0.978022 0.522727
vt 0.978022 0.545455
vt 0.978022 0.568182
vt 0.978022 0.590909
vt 0.978022 0.613636
vt 0.978022 0.636364
vt 0.978022 0.659091
vt 0.978022 0.681818
vt 0.978022 0.704545
vt 0.978022 0.727273
vt 0.978022 0.750000
vt 0.978022 0.772727
vt 0.978022 0.795455
vt 0.978022 0.818182
vt 0.978022 0.840909
vt 0.978022 0.863636
vt 0.978022 0.886364
vt 0.978022 0.909091
vt 0.978022 0.931818
vt 0.978022 0.954545
vt 0.989011 1.000000
vt 0.989011 0.977273
vt 0.989011 0.022727
vt 0.989011 0.000000
vt 0.989011 0.045455
vt 0.989011 0.068182
vt 0.989011 0.090909
vt 0.989011 0.113636
vt 0.989011 0.136364
vt 0.989011 0.159091
vt 0.989011 0.181818
vt 0.989011 0.204545
vt 0.989011 0.227273
vt 0.989011 0.250000
vt 0.989011 0.272727
vt 0.989011 0.295455
vt 0.989011 0.318182
vt 0.989011 0.340909
vt 0.989011 0.363636
vt 0.989011 0.386364
vt 0.989011 0.409091
vt 0.989011 0.431818
vt 0.989011 0.454545
vt 0.989011 0.477273
vt 0.989011 0.500000
vt 0.989011 0.522727
vt 0.989011 0.545455
vt 0.989011 0.568182
vt 0.989011 0.590909
vt 0.989011 0.613636
vt 0.989011 0.636364
vt 0.989011 0.659091
vt 0.989011 0.681818
vt 0.989011 0.704545
vt 0.989011 0.727273
vt 0.989011 0.750000
vt 0.989011 0.772727
vt 0.989011 0.795455
vt 0.989011 0.818182
vt 0.989011 0.840909
vt 0.989011 0.863636
vt 0.989011 0.886364
vt 0.989011 0.909091
vt 0.989011 0.931818
vt 0.989011 0.954545
vt 1.000000 1.000000
vt 1.000000 0.977273
vt 1.000000 0.022727
vt 1.000000 0.000000
vt 1.000000 0.045455
vt 1.000000 0.068182
vt 1.000000 0.090909
vt 1.000000 0.113636
vt 1.000000 0.136364
vt 1.000000 0.159091
vt 1.000000 0.181818
vt 1.000000 0.204545
vt 1.000000 0.227273
vt 1.000000 0.250000
vt 1.000000 0.272727
vt 1.000000 0.295455
vt 1.000000 0.318182
vt 1.000000 0.340909
vt 1.000000 0.363636
vt 1.000000 0.386364
vt 1.000000 0.409091
vt 1.000000 0.431818
vt 1.000000 0.454545
vt 1.000000 0.477273
vt 1.000000 0.500000
vt 1.000000 0.522727
vt 1.000000 0.545455
vt 1.000000 0.568182
vt 1.000000 0.590909
vt 1.000000 0.613636
vt 1.000000 0.636364
vt 1.000000 0.659091
vt 1.000000 0.681818
vt 1.000000 0.704545
vt 1.000000 0.727273
vt 1.000000 0.750000
vt 1.000000 0.772727
vt 1.000000 0.795455
vt 1.000000 0.818182
vt 1.000000 0.840909
vt 1.000000 0.863636
vt 1.000000 0.886364
vt 1.000000 0.909091
vt 1.000000 0.931818
vt 1.000000 0.954545
usemtl SpiralMaterial
s 1
f 1/1/1 45/2/2 88/3/3 44/4/4
f 2/5/5 46/6/6 45/7/2 1/8/1
f 3/9/7 47/10/8 46/6/6 2/5/5
f 4/11/9 48/12/10 47/10/8 3/9/7
f 5/13/11 49/14/12 48/12/10 4/11/9
f 6/15/13 50/16/14 49/14/12 5/13/11
f 7/17/15 51/18/16 50/16/14 6/15/13
f 8/19/17 52/20/18 51/18/16 7/17/15
f 9/21/19 53/22/20 52/20/18 8/19/17
f 10/23/21 54/24/22 53/22/20 9/21/19
f 11/25/23 55/26/24 54/24/22 10/23/21
f 12/27/25 56/28/26 55/26/24 11/25/23
f 13/29/27 57/30/28 56/28/26 12/27/25
f 14/31/29 58/32/30 57/30/28 13/29/27
f 15/33/31 59/34/32 58/32/30 14/31/29
f 16/35/33 60/36/34 59/34/32 15/33/31
f 17/37/35 61/38/36 60/36/34 16/35/33
f 18/39/37 62/40/38 61/38/36 17/37/35
f 19/41/39 63/42/40 62/40/38 18/39/37
f 20/43/41 64/44/42 63/42/40 19/41/39
f 21/45/43 65/46/44 64/44/42 20/43/41
f 22/47/45 66/48/46 65/46/44 21/45/43
f 23/49/47 67/50/48 66/48/46 22/47/45
f 24/51/49 68/52/50 67/50/48 23/49/47
f 25/53/51 69/54/52 68/52/50 24/51/49
f 26/55/53 70/56/54 69/54/52 25/53/51
f 27/57/55 71/58/56 70/56/54 26/55/53
f 28/59/57 72/60/58 71/58/56 27/57/55
f 29/61/59 73/62/60 72/60/58 28/59/57
f 30/63/61 74/64/62 73/62/60 29/61/59
f 31/65/63 75/66/64 74/64/62 30/63/61
f 32/67/65 76/68/66 75/66/64 31/65/63
f 33/69/67 77/70/68 76/68/66 32/67/65
f 34/71/69 78/72/70 77/70/68 33/69/67
f 35/73/71 79/74/72 78/72/70 34/71/69
f 36/75/73 80/76/74 79/74/72 35/73/71
f 37/77/75 81/78/76 80/76/74 36/75/73
f 38/79/77 82/80/78 81/78/76 37/77/75
f 39/81/79 83/82/80 82/80/78 38/79/77
f 40/83/81 84/84/82 83/82/80 39/81/79
f 41/85/83 85/86/84 84/84/82 40/83/81
f 42/87/85 86/88/86 85/86/84 41/85/83
f 43/89/87 87/90/88 86/88/86 42/87/85
f 44/4/4 88/3/3 87/90/88 43/89/87
f 45/2/2 89/91/89 132/92/90 88/3/3
f 46/6/6 90/93/91 89/94/89 45/7/2
f 47/10/8 91/95/92 90/93/91 46/6/6
f 48/12/10 92/96/93 91/95/92 47/10/8
f 49/14/12 93/97/94 92/96/93 48/12/10
f 50/16/14 94/98/95 93/97/94 49/14/12
f 51/18/16 95/99/96 94/98/95 50/16/14
f 52/20/18 96/100/97 95/99/96 51/18/16
f 53/22/20 97/101/98 96/100/97 52/20/18
f 54/24/22 98/102/99 97/101/98 53/22/20
f 55/26/24 99/103/100 98/102/99 54/24/22
f 56/28/26 100/104/101 99/103/100 55/26/24
f 57/30/28 101/105/102 100/104/101 56/28/26
f 58/32/30 102/106/103 101/105/102 57/30/28
f 59/34/32 103/107/104 102/106/103 58/32/30
f 60/36/34 104/108/105 103/107/104 59/34/32
f 61/38/36 105/109/106 104/108/105 60/36/34
f 62/40/38 106/110/107 105/109/106 61/38/36
f 63/42/40 107/111/108 106/110/107 62/40/38
f 64/44/42 108/112/109 107/111/108 63/42/40
f 65/46/44 109/113/110 108/112/109 64/44/42
f 66/48/46 110/114/111 109/113/110 65/46/44
f 67/50/48 111/115/112 110/114/111 66/48/46
f 68/52/50 112/116/113 111/115/112 67/50/48
f 69/54/52 113/117/114 112/116/113 68/52/50
f 70/56/54 114/118/115 113/117/114 69/54/52
f 71/58/56 115/119/116 114/118/115 70/56/54
f 72/60/58 116/120/117 115/119/116 71/58/56
f 73/62/60 117/121/118 116/120/117 72/60/58
f 74/64/62 118/122/119 117/121/118 73/62/60
f 75/66/64 119/123/120 118/122/119 74/64/62
f 76/68/66 120/124/121 119/123/120 75/66/64
f 77/70/68 121/125/122 120/124/121 76/68/66
f 78/72/70 122/126/123 121/125/122 77/70/68
f 79/74/72 123/127/124 122/126/123 78/72/70
f 80/76/74 124/128/125 123/127/124 79/74/72
f 81/78/76 125/129/126 124/128/125 80/76/74
f 82/80/78 126/130/127 125/129/126 81/78/76
f 83/82/80 127/131/128 126/130/127 82/80/78
f 84/84/82 128/132/129 127/131/128 83/82/80
f 85/86/84 129/133/130 128/132/129 84/84/82
f 86/88/86 130/134/131 129/133/130 85/86/84
f 87/90/88 131/135/132 130/134/131 86/88/86
f 88/3/3 132/92/90 131/135/132 87/90/88
f 89/91/89 133/136/133 176/137/134 132/92/90
f 90/93/91 134/138/135 133/139/133 89/94/89
f 91/95/92 135/140/136 134/138/135 90/93/91
f 92/96/93 136/141/137 135/140/136 91/95/92
f 93/97/94 137/142/138 136/141/137 92/96/93
f 94/98/95 138/143/139 137/142/138 93/97/94
f 95/99/96 139/144/140 138/143/139 94/98/95
f 96/100/97 140/145/141 139/144/140 95/99/96
f 97/101/98 141/146/142 140/145/141 96/100/97
f 98/102/99 142/147/143 141/146/142 97/101/98
f 99/103/100 143/148/144 142/147/143 98/102/99
f 100/104/101 144/149/145 143/148/144 99/103/100
f 101/105/102 145/150/146 144/149/145 100/104/101
f 102/106/103 146/151/147 145/150/146 101/105/102
f 103/107/104 147/152/148 146/151/147 102/106/103
f 104/108/105 148/153/149 147/152/148 103/107/104
f 105/109/106 149/154/150 148/153/149 104/108/105
f 106/110/107 150/155/151 149/154/150 105/109/106
f 107/111/108 151/156/152 150/155/151 106/110/107
f 108/112/109 152/157/153 151/156/152 107/111/108
f 109/113/110 153/158/154 152/157/153 108/112/109
f 110/114/111 154/159/155 153/158/154 109/113/110
f 111/115/112 155/160/156 154/159/155 110/114/111
f 112/116/113 156/161/157 155/160/156 111/115/112
f 113/117/114 157/162/158 156/161/157 112/116/113
f 114/118/115 158/163/159 157/162/158 113/117/114
f 115/119/116 159/164/160 158/163/159 114/118/115
f 116/120/117 160/165/161 159/164/160 115/119/116
f 117/121/118 161/166/162 160/165/161 116/120/117
f 118/122/119 162/167/163 161/166/162 117/121/118
f 119/123/120 163/168/164 162/167/163 118/122/119
f 120/124/121 164/169/165 163/168/164 119/123/120
f 121/125/122 165/170/166 164/169/165 120/124/121
f 122/126/123 166/171/167 165/170/166 121/125/122
f 123/127/124 167/172/168 166/171/167 122/126/123
f 124/128/125 168/173/169 167/172/168 123/127/124
f 125/129/126 169/174/170 168/173/169 124/128/125
f 126/130/127 170/175/171 169/174/170 125/129/126
f 127/131/128 171/176/172 170/175/171 126/130/127
f 128/132/129 172/177/173 171/176/172 127/131/128
f 129/133/130 173/178/174 172/177/173 128/132/129
f 130/134/131 174/179/175 173/178/174 129/133/130
f 131/135/132 175/180/176 174/179/175 130/134/131
f 132/92/90 176/137/134 175/180/176 131/135/132
f 133/136/133 177/181/177 220/182/178 176/137/134
f 134/138/135 178/183/179 177/184/177 133/139/133
f 135/140/136 179/185/180 178/183/179 134/138/135
f 136/141/137 180/186/181 179/185/180 135/140/136
f 137/142/138 181/187/182 180/186/181 136/141/137
f 138/143/139 182/188/183 181/187/182 137/142/138
f 139/144/140 183/189/184 182/188/183 138/143/139
f 140/145/141 184/190/185 183/189/184 139/144/140
f 141/146/142 185/191/186 184/190/185 140/145/141
f 142/147/143 186/192/187 185/191/186 141/146/142
f 143/148/144 187/193/188 186/192/187 142/147/143
f 144/149/145 188/194/189 187/193/188 143/148/144
f 145/150/146 189/195/190 188/194/189 144/149/145
f 146/151/147 190/196/191 189/195/190 145/150/146
f 147/152/148 191/197/192 190/196/191 146/151/147
f 148/153/149 192/198/193 191/197/192 147/152/148
f 149/154/150 193/199/194 192/198/193 148/153/149
f 150/155/151 194/200/195 193/199/194 149/154/150
f 151/156/152 195/201/196 194/200/195 150/155/151
f 152/157/153 196/202/197 195/201/196 151/156/152
f 153/158/154 197/203/198 196/202/197 152/157/153
f 154/159/155 198/204/199 197/203/198 153/158/154
f 155/160/156 199/205/200 198/204/199 154/159/155
f 156/161/157 200/206/201 199/205/200 155/160/156
f 157/162/158 201/207/202 200/206/201 156/161/157
f 158/163/159 202/208/203 201/207/202 157/162/158
f 159/164/160 203/209/204 202/208/203 158/163/159
f 160/165/161 204/210/205 203/209/204 159/164/160
f 161/166/162 205/211/206 204/210/205 160/165/161
f 162/167/163 206/212/207 205/211/206 161/166/162
f 163/168/164 207/213/208 206/212/207 162/167/163
f 164/169/165 208/214/209 207/213/208 163/168/164
f 165/170/166 209/215/210 208/214/209 164/169/165
f 166/171/167 210/216/211 209/215/210 165/170/166
f 167/172/168 211/217/212 210/216/211 166/171/167
f 168/173/169 212/218/213 211/217/212 167/172/168
f 169/174/170 213/219/214 212/218/213 168/173/169
f 170/175/171 214/220/215 213/219/214 169/174/170
f 171/176/172 215/221/216 214/220/215 170/175/171
f 172/177/173 216/222/217 215/221/216 171/176/172
f 173/178/174 217/223/218 216/222/217 172/177/173
f 174/179/175 218/224/219 217/223/218 173/178/174
f 175/180/176 219/225/220 218/224/219 174/179/175
f 176/137/134 220/182/178 219/225/220 175/180/176
f 177/181/177 221/226/221 264/227/222 220/182/178
f 178/183/179 222/228/223 221/229/221 177/184/177
f 179/185/180 223/230/224 222/228/223 178/183/179
f 180/186/181 224/231/225 223/230/224 179/185/180
f 181/187/182 225/232/226 224/231/225 180/186/181
f 182/188/183 226/233/227 225/232/226 181/187/182
f 183/189/184 227/234/228 226/233/227 182/188/183
f 184/190/185 228/235/229 227/234/228 183/189/184
f 185/191/186 229/236/230 228/235/229 184/190/185
f 186/192/187 230/237/231 229/236/230 185/191/186
f 187/193/188 231/238/232 230/237/231 186/192/187
f 188/194/189 232/239/233 231/238/232 187/193/188
f 189/195/190 233/240/234 232/239/233 188/194/189
f 190/196/191 234/241/235 233/240/234 189/195/190
f 191/197/192 235/242/236 234/241/235 190/196/191
f 192/198/193 236/243/237 235/242/236 191/197/192
f 193/199/194 237/244/238 236/243/237 192/198/193
f 194/200/195 238/245/239 237/244/238 193/199/194
f 195/201/196 239/246/240 238/245/239 194/200/195
f 196/202/197 240/247/241 239/246/240 195/201/196
f 197/203/198 241/248/242 240/247/241 196/202/197
f 198/204/199 242/249/243 241/248/242 197/203/198
f 199/205/200 243/250/244 242/249/243 198/204/199
f 200/206/201 244/251/245 243/250/244 199/205/200
f 201/207/202 245/252/246 244/251/245 200/206/201
f 202/208/203 246/253/247 245/252/246 201/207/202
f 203/209/204 247/254/248 246/253/247 202/208/203
f 204/210/205 248/255/249 247/254/248 203/209/204
f 205/211/206 249/256/250 248/255/249 204/210/205
f 206/212/207 250/257/251 249/256/250 205/211/206
f 207/213/208 251/258/252 250/257/251 206/212/207
f 208/214/209 252/259/253 251/258/252 207/213/208
f 209/215/210 253/260/254 252/259/253 208/214/209
f 210/216/211 254/261/255 253/260/254 209/215/210
f 211/217/212 255/262/256 254/261/255 210/216/211
f 212/218/213 256/263/257 255/262/256 211/217/212
f 213/219/214 257/264/258 256/263/257 212/218/213
f 214/220/215 258/265/259 257/264/258 213/219/214
f 215/221/216 259/266/260 258/265/259 214/220/215
f 216/222/217 260/267/261 259/266/260 215/221/216
f 217/223/218 261/268/262 260/267/261 216/222/217
f 218/224/219 262/269/263 261/268/262 217/223/218
f 219/225/220 263/270/264 262/269/263 218/224/219
f 220/182/178 264/227/222 263/270/264 219/225/220
f 221/226/221 265/271/265 308/272/266 264/227/222
f 222/228/223 266/273/267 265/274/265 221/229/221
f 223/230/224 267/275/268 266/273/267 222/228/223
f 224/231/225 268/276/269 267/275/268 223/230/224
f 225/232/226 269/277/270 268/276/269 224/231/225
f 226/233/227 270/278/271 269/277/270 225/232/226
f 227/234/228 271/279/272 270/278/271 226/233/227
f 228/235/229 272/280/273 271/279/272 227/234/228
f 229/236/230 273/281/274 272/280/273 228/235/229
f 230/237/231 274/282/275 273/281/274 229/236/230
f 231/238/232 275/283/276 274/282/275 230/237/231
f 232/239/233 276/284/277 275/283/276 231/238/232
f 233/240/234 277/285/278 276/284/277 232/239/233
f 234/241/235 278/286/279 277/285/278 233/240/234
f 235/242/236 279/287/280 278/286/279 234/241/235
f 236/243/237 280/288/281 279/287/280 235/242/236
f 237/244/238 281/289/282 280/288/281 236/243/237
f 238/245/239 282/290/283 281/289/282 237/244/238
f 239/246/240 283/291/284 282/290/283 238/245/239
f 240/247/241 284/292/285 283/291/284 239/246/240
f 241/248/242 285/293/286 284/292/285 240/247/241
f 242/249/243 286/294/287 285/293/286 241/248/242
f 243/250/244 287/295/288 286/294/287 242/249/243
f 244/251/245 288/296/289 287/295/288 243/250/244
f 245/252/246 289/297/290 288/296/289 244/251/245
f 246/253/247 290/298/291 289/297/290 245/252/246
f 247/254/248 291/299/292 290/298/291 246/253/247
f 248/255/249 292/300/293 291/299/292 247/254/248
f 249/256/250 293/301/294 292/300/293 248/255/249
f 250/257/251 294/302/295 293/301/294 249/256/250
f 251/258/252 295/303/296 294/302/295 250/257/251
f 252/259/253 296/304/297 295/303/296 251/258/252
f 253/260/254 297/305/298 296/304/297 252/259/253
f 254/261/255 298/306/299 297/305/298 253/260/254
f 255/262/256 299/307/300 298/306/299 254/261/255
f 256/263/257 300/308/301 299/307/300 255/262/256
f 257/264/258 301/309/302 300/308/301 256/263/257
f 258/265/259 302/310/303 301/309/302 257/264/258
f 259/266/260 303/311/304 302/310/303 258/265/259
f 260/267/261 304/312/305 303/311/304 259/266/260
f 261/268/262 305/313/306 304/312/305 260/267/261
f 262/269/263 306/314/307 305/313/306 261/268/262
f 263/270/264 307/315/308 306/314/307 262/269/263
f 264/227/222 308/272/266 307/315/308 263/270/264
f 265/271/265 309/316/309 352/317/310 308/272/266
f 266/273/267 310/318/311 309/319/309 265/274/265
f 267/275/268 311/320/312 310/318/311 266/273/267
f 268/276/269 312/321/313 311/320/312 267/275/268
f 269/277/270 313/322/314 312/321/313 268/276/269
f 270/278/271 314/323/315 313/322/314 269/277/270
f 271/279/272 315/324/316 314/323/315 270/278/271
f 272/280/273 316/325/317 315/324/316 271/279/272
f 273/281/274 317/326/318 316/325/317 272/280/273
f 274/282/275 318/327/319 317/326/318 273/281/274
f 275/283/276 319/328/320 318/327/319 274/282/275
f 276/284/277 320/329/321 319/328/320 275/283/276
f 277/285/278 321/330/322 320/329/321 276/284/277
f 278/286/279 322/331/323 321/330/322 277/285/278
f 279/287/280 323/332/324 322/331/323 278/286/279
f 280/288/281 324/333/325 323/332/324 279/287/280
f 281/289/282 325/334/326 324/333/325 280/288/281
f 282/290/283 326/335/327 325/334/326 281/289/282
f 283/291/284 327/336/328 326/335/327 282/290/283
f 284/292/285 328/337/329 327/336/328 283/291/284
f 285/293/286 329/338/330 328/337/329 284/292/285
f 286/294/287 330/339/331 329/338/330 285/293/286
f 287/295/288 331/340/332 330/339/331 286/294/287
f 288/296/289 332/341/333 331/340/332 287/295/288
f 289/297/290 333/342/334 332/341/333 288/296/289
f 290/298/291 334/343/335 333/342/334 289/297/290
f 291/299/292 335/344/336 334/343/335 290/298/291
f 292/300/293 336/345/337 335/344/336 291/299/292
f 293/301/294 337/346/338 336/345/337 292/300/293
f 294/302/295 338/347/339 337/346/338 293/301/294
f 295/303/296 339/348/340 338/347/339 294/302/295
f 296/304/297 340/349/341 339/348/340 295/303/296
f 297/305/298 341/350/342 340/349/341 296/304/297
f 298/306/299 342/351/343 341/350/342 297/305/298
f 299/307/300 343/352/344 342/351/343 298/306/299
f 300/308/301 344/353/345 343/352/344 299/307/300
f 301/309/302 345/354/346 344/353/345 300/308/301
f 302/310/303 346/355/347 345/354/346 301/309/302
f 303/311/304 347/356/348 346/355/347 302/310/303
f 304/312/305 348/357/349 347/356/348 303/311/304
f 305/313/306 349/358/350 348/357/349 304/312/305
f 306/314/307 350/359/351 349/358/350 305/313/306
f 307/315/308 351/360/352 350/359/351 306/314/307
f 308/272/266 352/317/310 351/360/352 307/315/308
f 309/316/309 353/361/353 396/362/354 352/317/310
f 310/318/311 354/363/355 353/364/353 309/319/309
f 311/320/312 355/365/356 354/363/355 310/318/311
f 312/321/313 356/366/357 355/365/356 311/320/312
f 313/322/314 357/367/358 356/366/357 312/321/313
f 314/323/315 358/368/359 357/367/358 313/322/314
f 315/324/316 359/369/360 358/368/359 314/323/315
f 316/325/317 360/370/361 359/369/360 315/324/316
f 317/326/318 361/371/362 360/370/361 316/325/317
f 318/327/319 362/372/363 361/371/362 317/326/318
f 319/328/320 363/373/364 362/372/363 318/327/319
f 320/329/321 364/374/365 363/373/364 319/328/320
f 321/330/322 365/375/366 364/374/365 320/329/321
f 322/331/323 366/376/367 365/375/366 321/330/322
f 323/332/324 367/377/368 366/376/367 322/331/323
f 324/333/325 368/378/369 367/377/368 323/332/324
f 325/334/326 369/379/370 368/378/369 324/333/325
f 326/335/327 370/380/371 369/379/370 325/334/326
f 327/336/328 371/381/372 370/380/371 326/335/327
f 328/337/329 372/382/373 371/381/372 327/336/328
f 329/338/330 373/383/374 372/382/373 328/337/329
f 330/339/331 374/384/375 373/383/374 329/338/330
f 331/340/332 375/385/376 374/384/375 330/339/331
f 332/341/333 376/386/377 375/385/376 331/340/332
f 333/342/334 377/387/378 376/386/377 332/341/333
f 334/343/335 378/388/379 377/387/378 333/342/334
f 335/344/336 379/389/380 378/388/379 334/343/335
f 336/345/337 380/390/381 379/389/380 335/344/336
f 337/346/338 381/391/382 380/390/381 336/345/337
f 338/347/339 382/392/383 381/391/382 337/346/338
f 339/348/340 383/393/384 382/392/383 338/347/339
f 340/349/341 384/394/385 383/393/384 339/348/340
f 341/350/342 385/395/386 384/394/385 340/349/341
f 342/351/343 386/396/387 385/395/386 341/350/342
f 343/352/344 387/397/388 386/396/387 342/351/343
f 344/353/345 388/398/389 387/397/388 343/352/344
f 345/354/346 389/399/390 388/398/389 344/353/345
f 346/355/347 390/400/391 389/399/390 345/354/346
f 347/356/348 391/401/392 390/400/391 346/355/347
f 348/357/349 392/402/393 391/401/392 347/356/348
f 349/358/350 393/403/394 392/402/393 348/357/349
f 350/359/351 394/404/395 393/403/394 349/358/350
f 351/360/352 395/405/396 394/404/395 350/359/351
f 352/317/310 396/362/354 395/405/396 351/360/352
f 353/361/353 397/406/397 440/407/398 396/362/354
f 354/363/355 398/408/399 397/409/397 353/364/353
f 355/365/356 399/410/400 398/408/399 354/363/355
f 356/366/357 400/411/401 399/410/400 355/365/356
f 357/367/358 401/412/402 400/411/401 356/366/357
f 358/368/359 402/413/403 401/412/402 357/367/358
f 359/369/360 403/414/404 402/413/403 358/368/359
f 360/370/361 404/415/405 403/414/404 359/369/360
f 361/371/362 405/416/406 404/415/405 360/370/361
f 362/372/363 406/417/407 405/416/406 361/371/362
f 363/373/364 407/418/408 406/417/407 362/372/363
f 364/374/365 408/419/409 407/418/408 363/373/364
f 365/375/366 409/420/410 408/419/409 364/374/365
f 366/376/367 410/421/411 409/420/410 365/375/366
f 367/377/368 411/422/412 410/421/411 366/376/367
f 368/378/369 412/423/413 411/422/412 367/377/368
f 369/379/370 413/424/414 412/423/413 368/378/369
f 370/380/371 414/425/415 413/424/414 369/379/370
f 371/381/372 415/426/416 414/425/415 370/380/371
f 372/382/373 416/427/417 415/426/416 371/381/372
f 373/383/374 417/428/418 416/427/417 372/382/373
f 374/384/375 418/429/419 417/428/418 373/383/374
f 375/385/376 419/430/420 418/429/419 374/384/375
f 376/386/377 420/431/421 419/430/420 375/385/376
f 377/387/378 421/432/422 420/431/421 376/386/377
f 378/388/379 422/433/423 421/432/422 377/387/378
f 379/389/380 423/434/424 422/433/423 378/388/379
f 380/390/381 424/435/425 423/434/424 379/389/380
f 381/391/382 425/436/426 424/435/425 380/390/381
f 382/392/383 426/437/427 425/436/426 381/391/382
f 383/393/384 427/438/428 426/437/427 382/392/383
f 384/394/385 428/439/429 427/438/428 383/393/384
f 385/395/386 429/440/430 428/439/429 384/394/385
f 386/396/387 430/441/431 429/440/430 385/395/386
f 387/397/388 431/442/432 430/441/431 386/396/387
f 388/398/389 432/443/433 431/442/432 387/397/388
f 389/399/390 433/444/434 432/443/433 388/398/389
f 390/400/391 434/445/435 433/444/434 389/399/390
f 391/401/392 435/446/436 434/445/435 390/400/391
f 392/402/393 436/447/437 435/446/436 391/401/392
f 393/403/394 437/448/438 436/447/437 392/402/393
f 394/404/395 438/449/439 437/448/438 393/403/394
f 395/405/396 439/450/440 438/449/439 394/404/395
f 396/362/354 440/407/398 439/450/440 395/405/396
f 397/406/397 441/451/441 484/452/442 440/407/398
f 398/408/399 442/453/443 441/454/441 397/409/397
f 399/410/400 443/455/444 442/453/443 398/408/399
f 400/411/401 444/456/445 443/455/444 399/410/400
f 401/412/402 445/457/446 444/456/445 400/411/401
f 402/413/403 446/458/447 445/457/446 401/412/402
f 403/414/404 447/459/448 446/458/447 402/413/403
f 404/415/405 448/460/449 447/459/448 403/414/404
f 405/416/406 449/461/450 448/460/449 404/415/405
f 406/417/407 450/462/451 449/461/450 405/416/406
f 407/418/408 451/463/452 450/462/451 406/417/407
f 408/419/409 452/464/453 451/463/452 407/418/408
f 409/420/410 453/465/454 452/464/453 408/419/409
f 410/421/411 454/466/455 453/465/454 409/420/410
f 411/422/412 455/467/456 454/466/455 410/421/411
f 412/423/413 456/468/457 455/467/456 411/422/412
f 413/424/414 457/469/458 456/468/457 412/423/413
f 414/425/415 458/470/459 457/469/458 413/424/414
f 415/426/416 459/471/460 458/470/459 414/425/415
f 416/427/417 460/472/461 459/471/460 415/426/416
f 417/428/418 461/473/462 460/472/461 416/427/417
f 418/429/419 462/474/463 461/473/462 417/428/418
f 419/430/420 463/475/464 462/474/463 418/429/419
f 420/431/421 464/476/465 463/475/464 419/430/420
f 421/432/422 465/477/466 464/476/465 420/431/421
f 422/433/423 466/478/467 465/477/466 421/432/422
f 423/434/424 467/479/468 466/478/467 422/433/423
f 424/435/425 468/480/469 467/479/468 423/434/424
f 425/436/426 469/481/470 468/480/469 424/435/425
f 426/437/427 470/482/471 469/481/470 425/436/426
f 427/438/428 471/483/472 470/482/471 426/437/427
f 428/439/429 472/484/473 471/483/472 427/438/428
f 429/440/430 473/485/474 472/484/473 428/439/429
f 430/441/431 474/486/475 473/485/474 429/440/430
f 431/442/432 475/487/476 474/486/475 430/441/431
f 432/443/433 476/488/477 475/487/476 431/442/432
f 433/444/434 477/489/478 476/488/477 432/443/433
f 434/445/435 478/490/479 477/489/478 433/444/434
f 435/446/436 479/491/480 478/490/479 434/445/435
f 436/447/437 480/492/481 479/491/480 435/446/436
f 437/448/438 481/493/482 480/492/481 436/447/437
f 438/449/439 482/494/483 481/493/482 437/448/438
f 439/450/440 483/495/484 482/494/483 438/449/439
f 440/407/398 484/452/442 483/495/484 439/450/440
f 441/451/441 485/496/485 528/497/486 484/452/442
f 442/453/443 486/498/487 485/499/485 441/454/441
f 443/455/444 487/500/488 486/498/487 442/453/443
f 444/456/445 488/501/489 487/500/488 443/455/444
f 445/457/446 489/502/490 488/501/489 444/456/445
f 446/458/447 490/503/491 489/502/490 445/457/446
f 447/459/448 491/504/492 490/503/491 446/458/447
f 448/460/449 492/505/493 491/504/492 447/459/448
f 449/461/450 493/506/494 492/505/493 448/460/449
f 450/462/451 494/507/495 493/506/494 449/461/450
f 451/463/452 495/508/496 494/507/495 450/462/451
f 452/464/453 496/509/497 495/508/496 451/463/452
f 453/465/454 497/510/498 496/509/497 452/464/453
f 454/466/455 498/511/499 497/510/498 453/465/454
f 455/467/456 499/512/500 498/511/499 454/466/455
f 456/468/457 500/513/501 499/512/500 455/467/456
f 457/469/458 501/514/502 500/513/501 456/468/457
f 458/470/459 502/515/503 501/514/502 457/469/458
f 459/471/460 503/516/504 502/515/503 458/470/459
f 460/472/461 504/517/505 503/516/504 459/471/460
f 461/473/462 505/518/506 504/517/505 460/472/461
f 462/474/463 506/519/507 505/518/506 461/473/462
f 463/475/464 507/520/508 506/519/507 462/474/463
f 464/476/465 508/521/509 507/520/508 463/475/464
f 465/477/466 509/522/510 508/521/509 464/476/465
f 466/478/467 510/523/511 509/522/510 465/477/466
f 467/479/468 511/524/512 510/523/511 466/478/467
f 468/480/469 512/525/513 511/524/512 467/479/468
f 469/481/470 513/526/514 512/525/513 468/480/469
f 470/482/471 514/527/515 513/526/514 469/481/470
f 471/483/472 515/528/516 514/527/515 470/482/471
f 472/484/473 516/529/517 515/528/516 471/483/472
f 473/485/474 517/530/518 516/529/517 472/484/473
f 474/486/475 518/531/519 517/530/518 473/485/474
f 475/487/476 519/532/520 518/531/519 474/486/475
f 476/488/477 520/533/521 519/532/520 475/487/476
f 477/489/478 521/534/522 520/533/521 476/488/477
f 478/490/479 522/535/523 521/534/522 477/489/478
f 479/491/480 523/536/524 522/535/523 478/490/479
f 480/492/481 524/537/525 523/536/524 479/491/480
f 481/493/482 525/538/526 524/537/525 480/492/481
f 482/494/483 526/539/527 525/538/526 481/493/482
f 483/495/484 527/540/528 526/539/527 482/494/483
f 484/452/442 528/497/486 527/540/528 483/495/484
f 485/496/485 529/541/529 572/542/530 528/497/486
f 486/498/487 530/543/531 529/544/529 485/499/485
f 487/500/488 531/545/532 530/543/531 486/498/487
f 488/501/489 532/546/533 531/545/532 487/500/488
f 489/502/490 533/547/534 532/546/533 488/501/489
f 490/503/491 534/548/535 533/547/534 489/502/490
f 491/504/492 535/549/536 534/548/535 490/503/491
f 492/505/493 536/550/537 535/549/536 491/504/492
f 493/506/494 537/551/538 536/550/537 492/505/493
f 494/507/495 538/552/539 537/551/538 493/506/494
f 495/508/496 539/553/540 538/552/539 494/507/495
f 496/509/497 540/554/541 539/553/540 495/508/496
f 497/510/498 541/555/542 540/554/541 496/509/497
f 498/511/499 542/556/543 541/555/542 497/510/498
f 499/512/500 543/557/544 542/556/543 498/511/499
f 500/513/501 544/558/545 543/557/544 499/512/500
f 501/514/502 545/559/546 544/558/545 500/513/501
f 502/515/503 546/560/547 545/559/546 501/514/502
f 503/516/504 547/561/548 546/560/547 502/515/503
f 504/517/505 548/562/549 547/561/548 503/516/504
f 505/518/506 549/563/550 548/562/549 504/517/505
f 506/519/507 550/564/551 549/563/550 505/518/506
f 507/520/508 551/565/552 550/564/551 506/519/507
f 508/521/509 552/566/553 551/565/552 507/520/508
f 509/522/510 553/567/554 552/566/553 508/521/509
f 510/523/511 554/568/555 553/567/554 509/522/510
f 511/524/512 555/569/556 554/568/555 510/523/511
f 512/525/513 556/570/557 555/569/556 511/524/512
f 513/526/514 557/571/558 556/570/557 512/525/513
f 514/527/515 558/572/559 557/571/558 513/526/514
f 515/528/516 559/573/560 558/572/559 514/527/515
f 516/529/517 560/574/561 559/573/560 515/528/516
f 517/530/518 561/575/562 560/574/561 516/529/517
f 518/531/519 562/576/563 561/575/562 517/530/518
f 519/532/520 563/577/564 562/576/563 518/531/519
f 520/533/521 564/578/565 563/577/564 519/532/520
f 521/534/522 565/579/566 564/578/565 520/533/521
f 522/535/523 566/580/567 565/579/566 521/534/522
f 523/536/524 567/581/568 566/580/567 522/535/523
f 524/537/525 568/582/569 567/581/568 523/536/524
f 525/538/526 569/583/570 568/582/569 524/537/525
f 526/539/527 570/584/571 569/583/570 525/538/526
f 527/540/528 571/585/572 570/584/571 526/539/527
f 528/497/486 572/542/530 571/585/572 527/540/528
f 529/541/529 573/586/573 616/587/574 572/542/530
f 530/543/531 574/588/575 573/589/573 529/544/529
f 531/545/532 575/590/576 574/588/575 530/543/531
f 532/546/533 576/591/577 575/590/576 531/545/532
f 533/547/534 577/592/578 576/591/577 532/546/533
f 534/548/535 578/593/579 577/592/578 533/547/534
f 535/549/536 579/594/580 578/593/579 534/548/535
f 536/550/537 580/595/581 579/594/580 535/549/536
f 537/551/538 581/596/582 580/595/581 536/550/537
f 538/552/539 582/597/583 581/596/582 537/551/538
f 539/553/540 583/598/584 582/597/583 538/552/539
f 540/554/541 584/599/585 583/598/584 539/553/540
f 541/555/542 585/600/586 584/599/585 540/554/541
f 542/556/543 586/601/587 585/600/586 541/555/542
f 543/557/544 587/602/588 586/601/587 542/556/543
f 544/558/545 588/603/589 587/602/588 543/557/544
f 545/559/546 589/604/590 588/603/589 544/558/545
f 546/560/547 590/605/591 589/604/590 545/559/546
f 547/561/548 591/606/592 590/605/591 546/560/547
f 548/562/549 592/607/593 591/606/592 547/561/548
f 549/563/550 593/608/594 592/607/593 548/562/549
f 550/564/551 594/609/595 593/608/594 549/563/550
f 551/565/552 595/610/596 594/609/595 550/564/551
f 552/566/553 596/611/597 595/610/596 551/565/552
f 553/567/554 597/612/598 596/611/597 552/566/553
f 554/568/555 598/613/599 597/612/598 553/567/554
f 555/569/556 599/614/600 598/613/599 554/568/555
f 556/570/557 600/615/601 599/614/600 555/569/556
f 557/571/558 601/616/602 600/615/601 556/570/557
f 558/572/559 602/617/603 601/616/602 557/571/558
f 559/573/560 603/618/604 602/617/603 558/572/559
f 560/574/561 604/619/605 603/618/604 559/573/560
f 561/575/562 605/620/606 604/619/605 560/574/561
f 562/576/563 606/621/607 605/620/606 561/575/562
f 563/577/564 607/622/608 606/621/607 562/576/563
f 564/578/565 608/623/609 607/622/608 563/577/564
f 565/579/566 609/624/610 608/623/609 564/578/565
f 566/580/567 610/625/611 609/624/610 565/579/566
f 567/581/568 611/626/612 610/625/611 566/580/567
f 568/582/569 612/627/613 611/626/612 567/581/568
f 569/583/570 613/628/614 612/627/613 568/582/569
f 570/584/571 614/629/615 613/628/614 569/583/570
f 571/585/572 615/630/616 614/629/615 570/584/571
f 572/542/530 616/587/574 615/630/616 571/585/572
f 573/586/573 617/631/617 660/632/618 616/587/574
f 574/588/575 618/633/619 617/634/617 573/589/573
f 575/590/576 619/635/620 618/633/619 574/588/575
f 576/591/577 620/636/621 619/635/620 575/590/576
f 577/592/578 621/637/622 620/636/621 576/591/577
f 578/593/579 622/638/623 621/637/622 577/592/578
f 579/594/580 623/639/624 622/638/623 578/593/579
f 580/595/581 624/640/625 623/639/624 579/594/580
f 581/596/582 625/641/626 624/640/625 580/595/581
f 582/597/583 626/642/627 625/641/626 581/596/582
f 583/598/584 627/643/628 626/642/627 582/597/583
f 584/599/585 628/644/629 627/643/628 583/598/584
f 585/600/586 629/645/630 628/644/629 584/599/585
f 586/601/587 630/646/631 629/645/630 585/600/586
f 587/602/588 631/647/632 630/646/631 586/601/587
f 588/603/589 632/648/633 631/647/632 587/602/588
f 589/604/590 633/649/634 632/648/633 588/603/589
f 590/605/591 634/650/635 633/649/634 589/604/590
f 591/606/592 635/651/636 634/650/635 590/605/591
f 592/607/593 636/652/637 635/651/636 591/606/592
f 593/608/594 637/653/638 636/652/637 592/607/593
f 594/609/595 638/654/639 637/653/638 593/608/594
f 595/610/596 639/655/640 638/654/639 594/609/595
f 596/611/597 640/656/641 639/655/640 595/610/596
f 597/612/598 641/657/642 640/656/641 596/611/597
f 598/613/599 642/658/643 641/657/642 597/612/598
f 599/614/600 643/659/644 642/658/643 598/613/599
f 600/615/601 644/660/645 643/659/644 599/614/600
f 601/616/602 645/661/646 644/660/645 600/615/601
f 602/617/603 646/662/647 645/661/646 601/616/602
f 603/618/604 647/663/648 646/662/647 602/617/603
f 604/619/605 648/664/649 647/663/648 603/618/604
f 605/620/606 649/665/650 648/664/649 604/619/605
f 606/621/607 650/666/651 649/665/650 605/620/606
f 607/622/608 651/667/652 650/666/651 606/621/607
f 608/623/609 652/668/653 651/667/652 607/622/608
f 609/624/610 653/669/654 652/668/653 608/623/609
f 610/625/611 654/670/655 653/669/654 609/624/610
f 611/626/612 655/671/656 654/670/655 610/625/611
f 612/627/613 656/672/657 655/671/656 611/626/612
f 613/628/614 657/673/658 656/672/657 612/627/613
f 614/629/615 658/674/659 657/673/658 613/628/614
f 615/630/616 659/675/660 658/674/659 614/629/615
f 616/587/574 660/632/618 659/675/660 615/630/616
f 617/631/617 661/676/661 704/677/662 660/632/618
f 618/633/619 662/678/663 661/679/661 617/634/617
f 619/635/620 663/680/664 662/678/663 618/633/619
f 620/636/621 664/681/665 663/680/664 619/635/620
f 621/637/622 665/682/666 664/681/665 620/636/621
f 622/638/623 666/683/667 665/682/666 621/637/622
f 623/639/624 667/684/668 666/683/667 622/638/623
f 624/640/625 668/685/669 667/684/668 623/639/624
f 625/641/626 669/686/670 668/685/669 624/640/625
f 626/642/627 670/687/671 669/686/670 625/641/626
f 627/643/628 671/688/672 670/687/671 626/642/627
f 628/644/629 672/689/673 671/688/672 627/643/628
f 629/645/630 673/690/674 672/689/673 628/644/629
f 630/646/631 674/691/675 673/690/674 629/645/630
f 631/647/632 675/692/676 674/691/675 630/646/631
f 632/648/633 676/693/677 675/692/676 631/647/632
f 633/649/634 677/694/678 676/693/677 632/648/633
f 634/650/635 678/695/679 677/694/678 633/649/634
f 635/651/636 679/696/680 678/695/679 634/650/635
f 636/652/637 680/697/681 679/696/680 635/651/636
f 637/653/638 681/698/682 680/697/681 636/652/637
f 638/654/639 682/699/683 681/698/682 637/653/638
f 639/655/640 683/700/684 682/699/683 638/654/639
f 640/656/641 684/701/685 683/700/684 639/655/640
f 641/657/642 685/702/686 684/701/685 640/656/641
f 642/658/643 686/703/687 685/702/686 641/657/642
f 643/659/644 687/704/688 686/703/687 642/658/643
f 644/660/645 688/705/689 687/704/688 643/659/644
f 645/661/646 689/706/690 688/705/689 644/660/645
f 646/662/647 690/707/691 689/706/690 645/661/646
f 647/663/648 691/708/692 690/707/691 646/662/647
f 648/664/649 692/709/693 691/708/692 647/663/648
f 649/665/650 693/710/694 692/709/693 648/664/649
f 650/666/651 694/711/695 693/710/694 649/665/650
f 651/667/652 695/712/696 694/711/695 650/666/651
f 652/668/653 696/713/697 695/712/696 651/667/652
f 653/669/654 697/714/698 696/713/697 652/668/653
f 654/670/655 698/715/699 697/714/698 653/669/654
f 655/671/656 699/716/700 698/715/699 654/670/655
f 656/672/657 700/717/701 699/716/700 655/671/656
f 657/673/658 701/718/702 700/717/701 656/672/657
f 658/674/659 702/719/703 701/718/702 657/673/658
f 659/675/660 703/720/704 702/719/703 658/674/659
f 660/632/618 704/677/662 703/720/704 659/675/660
f 661/676/661 705/721/705 748/722/706 704/677/662
f 662/678/663 706/723/707 705/724/705 661/679/661
f 663/680/664 707/725/708 706/723/707 662/678/663
f 664/681/665 708/726/709 707/725/708 663/680/664
f 665/682/666 709/727/710 708/726/709 664/681/665
f 666/683/667 710/728/711 709/727/710 665/682/666
f 667/684/668 711/729/712 710/728/711 666/683/667
f 668/685/669 712/730/713 711/729/712 667/684/668
f 669/686/670 713/731/714 712/730/713 668/685/669
f 670/687/671 714/732/715 713/731/714 669/686/670
f 671/688/672 715/733/716 714/732/715 670/687/671
f 672/689/673 716/734/717 715/733/716 671/688/672
f 673/690/674 717/735/718 716/734/717 672/689/673
f 674/691/675 718/736/719 717/735/718 673/690/674
f 675/692/676 719/737/720 718/736/719 674/691/675
f 676/693/677 720/738/721 719/737/720 675/692/676
f 677/694/678 721/739/722 720/738/721 676/693/677
f 678/695/679 722/740/723 721/739/722 677/694/678
f 679/696/680 723/741/724 722/740/723 678/695/679
f 680/697/681 724/742/725 723/741/724 679/696/680
f 681/698/682 725/743/726 724/742/725 680/697/681
f 682/699/683 726/744/727 725/743/726 681/698/682
f 683/700/684 727/745/728 726/744/727 682/699/683
f 684/701/685 728/746/729 727/745/728 683/700/684
f 685/702/686 729/747/730 728/746/729 684/701/685
f 686/703/687 730/748/731 729/747/730 685/702/686
f 687/704/688 731/749/732 730/748/731 686/703/687
f 688/705/689 732/750/733 731/749/732 687/704/688
f 689/706/690 733/751/734 732/750/733 688/705/689
f 690/707/691 734/752/735 733/751/734 689/706/690
f 691/708/692 735/753/736 734/752/735 690/707/691
f 692/709/693 736/754/737 735/753/736 691/708/692
f 693/710/694 737/755/738 736/754/737 692/709/693
f 694/711/695 738/756/739 737/755/738 693/710/694
f 695/712/696 739/757/740 738/756/739 694/711/695
f 696/713/697 740/758/741 739/757/740 695/712/696
f 697/714/698 741/759/742 740/758/741 696/713/697
f 698/715/699 742/760/743 741/759/742 697/714/698
f 699/716/700 743/761/744 742/760/743 698/715/699
f 700/717/701 744/762/745 743/761/744 699/716/700
f 701/718/702 745/763/746 744/762/745 700/717/701
f 702/719/703 746/764/747 745/763/746 701/718/702
f 703/720/704 747/765/748 746/764/747 702/719/703
f 704/677/662 748/722/706 747/765/748 703/720/704
f 705/721/705 749/766/749 792/767/750 748/722/706
f 706/723/707 750/768/751 749/769/749 705/724/705
f 707/725/708 751/770/752 750/768/751 706/723/707
f 708/726/709 752/771/753 751/770/752 707/725/708
f 709/727/710 753/772/754 752/771/753 708/726/709
f 710/728/711 754/773/755 753/772/754 709/727/710
f 711/729/712 755/774/756 754/773/755 710/728/711
f 712/730/713 756/775/757 755/774/756 711/729/712
f 713/731/714 757/776/758 756/775/757 712/730/713
f 714/732/715 758/777/759 757/776/758 713/731/714
f 715/733/716 759/778/760 758/777/759 714/732/715
f 716/734/717 760/779/761 759/778/760 715/733/716
f 717/735/718 761/780/762 760/779/761 716/734/717
f 718/736/719 762/781/763 761/780/762 717/735/718
f 719/737/720 763/782/764 762/781/763 718/736/719
f 720/738/721 764/783/765 763/782/764 719/737/720
f 721/739/722 765/784/766 764/783/765 720/738/721
f 722/740/723 766/785/767 765/784/766 721/739/722
f 723/741/724 767/786/768 766/785/767 722/740/723
f 724/742/725 768/787/769 767/786/768 723/741/724
f 725/743/726 769/788/770 768/787/769 724/742/725
f 726/744/727 770/789/771 769/788/770 725/743/726
f 727/745/728 771/790/772 770/789/771 726/744/727
f 728/746/729 772/791/773 771/790/772 727/745/728
f 729/747/730 773/792/774 772/791/773 728/746/729
f 730/748/731 774/793/775 773/792/774 729/747/730
f 731/749/732 775/794/776 774/793/775 730/748/731
f 732/750/733 776/795/777 775/794/776 731/749/732
f 733/751/734 777/796/778 776/795/777 732/750/733
f 734/752/735 778/797/779 777/796/778 733/751/734
f 735/753/736 779/798/780 778/797/779 734/752/735
f 736/754/737 780/799/781 779/798/780 735/753/736
f 737/755/738 781/800/782 780/799/781 736/754/737
f 738/756/739 782/801/783 781/800/782 737/755/738
f 739/757/740 783/802/784 782/801/783 738/756/739
f 740/758/741 784/803/785 783/802/784 739/757/740
f 741/759/742 785/804/786 784/803/785 740/758/741
f 742/760/743 786/805/787 785/804/786 741/759/742
f 743/761/744 787/806/788 786/805/787 742/760/743
f 744/762/745 788/807/789 787/806/788 743/761/744
f 745/763/746 789/808/790 788/807/789 744/762/745
f 746/764/747 790/809/791 789/808/790 745/763/746
f 747/765/748 791/810/792 790/809/791 746/764/747
f 748/722/706 792/767/750 791/810/792 747/765/748
f 749/766/749 793/811/793 836/812/794 792/767/750
f 750/768/751 794/813/795 793/814/793 749/769/749
f 751/770/752 795/815/796 794/813/795 750/768/751
f 752/771/753 796/816/797 795/815/796 751/770/752
f 753/772/754 797/817/798 796/816/797 752/771/753
f 754/773/755 798/818/799 797/817/798 753/772/754
f 755/774/756 799/819/800 798/818/799 754/773/755
f 756/775/757 800/820/801 799/819/800 755/774/756
f 757/776/758 801/821/802 800/820/801 756/775/757
f 758/777/759 802/822/803 801/821/802 757/776/758
f 759/778/760 803/823/804 802/822/803 758/777/759
f 760/779/761 804/824/805 803/823/804 759/778/760
f 761/780/762 805/825/806 804/824/805 760/779/761
f 762/781/763 806/826/807 805/825/806 761/780/762
f 763/782/764 807/827/808 806/826/807 762/781/763
f 764/783/765 808/828/809 807/827/808 763/782/764
f 765/784/766 809/829/810 808/828/809 764/783/765
f 766/785/767 810/830/811 809/829/810 765/784/766
f 767/786/768 811/831/812 810/830/811 766/785/767
f 768/787/769 812/832/813 811/831/812 767/786/768
f 769/788/770 813/833/814 812/832/813 768/787/769
f 770/789/771 814/834/815 813/833/814 769/788/770
f 771/790/772 815/835/816 814/834/815 770/789/771
f 772/791/773 816/836/817 815/835/816 771/790/772
f 773/792/774 817/837/818 816/836/817 772/791/773
f 774/793/775 818/838/819 817/837/818 773/792/774
f 775/794/776 819/839/820 818/838/819 774/793/775
f 776/795/777 820/840/821 819/839/820 775/794/776
f 777/796/778 821/841/822 820/840/821 776/795/777
f 778/797/779 822/842/823 821/841/822 777/796/778
f 779/798/780 823/843/824 822/842/823 778/797/779
f 780/799/781 824/844/825 823/843/824 779/798/780
f 781/800/782 825/845/826 824/844/825 780/799/781
f 782/801/783 826/846/827 825/845/826 781/800/782
f 783/802/784 827/847/828 826/846/827 782/801/783
f 784/803/785 828/848/829 827/847/828 783/802/784
f 785/804/786 829/849/830 828/848/829 784/803/785
f 786/805/787 830/850/831 829/849/830 785/804/786
f 787/806/788 831/851/832 830/850/831 786/805/787
f 788/807/789 832/852/833 831/851/832 787/806/788
f 789/808/790 833/853/834 832/852/833 788/807/789
f 790/809/791 834/854/835 833/853/834 789/808/790
f 791/810/792 835/855/836 834/854/835 790/809/791
f 792/767/750 836/812/794 835/855/836 791/810/792
f 793/811/793 837/856/837 880/857/838 836/812/794
f 794/813/795 838/858/839 837/859/837 793/814/793
f 795/815/796 839/860/840 838/858/839 794/813/795
f 796/816/797 840/861/841 839/860/840 795/815/796
f 797/817/798 841/862/842 840/861/841 796/816/797
f 798/818/799 842/863/843 841/862/842 797/817/798
f 799/819/800 843/864/844 842/863/843 798/818/799
f 800/820/801 844/865/845 843/864/844 799/819/800
f 801/821/802 845/866/846 844/865/845 800/820/801
f 802/822/803 846/867/847 845/866/846 801/821/802
f 803/823/804 847/868/848 846/867/847 802/822/803
f 804/824/805 848/869/849 847/868/848 803/823/804
f 805/825/806 849/870/850 848/869/849 804/824/805
f 806/826/807 850/871/851 849/870/850 805/825/806
f 807/827/808 851/872/852 850/871/851 806/826/807
f 808/828/809 852/873/853 851/872/852 807/827/808
f 809/829/810 853/874/854 852/873/853 808/828/809
f 810/830/811 854/875/855 853/874/854 809/829/810
f 811/831/812 855/876/856 854/875/855 810/830/811
f 812/832/813 856/877/857 855/876/856 811/831/812
f 813/833/814 857/878/858 856/877/857 812/832/813
f 814/834/815 858/879/859 857/878/858 813/833/814
f 815/835/816 859/880/860 858/879/859 814/834/815
f 816/836/817 860/881/861 859/880/860 815/835/816
f 817/837/818 861/882/862 860/881/861 816/836/817
f 818/838/819 862/883/863 861/882/862 817/837/818
f 819/839/820 863/884/864 862/883/863 818/838/819
f 820/840/821 864/885/865 863/884/864 819/839/820
f 821/841/822 865/886/866 864/885/865 820/840/821
f 822/842/823 866/887/867 865/886/866 821/841/822
f 823/843/824 867/888/868 866/887/867 822/842/823
f 824/844/825 868/889/869 867/888/868 823/843/824
f 825/845/826 869/890/870 868/889/869 824/844/825
f 826/846/827 870/891/871 869/890/870 825/845/826
f 827/847/828 871/892/872 870/891/871 826/846/827
f 828/848/829 872/893/873 871/892/872 827/847/828
f 829/849/830 873/894/874 872/893/873 828/848/829
f 830/850/831 874/895/875 873/894/874 829/849/830
f 831/851/832 875/896/876 874/895/875 830/850/831
f 832/852/833 876/897/877 875/896/876 831/851/832
f 833/853/834 877/898/878 876/897/877 832/852/833
f 834/854/835 878/899/879 877/898/878 833/853/834
f 835/855/836 879/900/880 878/899/879 834/854/835
f 836/812/794 880/857/838 879/900/880 835/855/836
f 837/856/837 881/901/881 924/902/882 880/857/838
f 838/858/839 882/903/883 881/904/881 837/859/837
f 839/860/840 883/905/884 882/903/883 838/858/839
f 840/861/841 884/906/885 883/905/884 839/860/840
f 841/862/842 885/907/886 884/906/885 840/861/841
f 842/863/843 886/908/887 885/907/886 841/862/842
f 843/864/844 887/909/888 886/908/887 842/863/843
f 844/865/845 888/910/889 887/909/888 843/864/844
f 845/866/846 889/911/890 888/910/889 844/865/845
f 846/867/847 890/912/891 889/911/890 845/866/846
f 847/868/848 891/913/892 890/912/891 846/867/847
f 848/869/849 892/914/893 891/913/892 847/868/848
f 849/870/850 893/915/894 892/914/893 848/869/849
f 850/871/851 894/916/895 893/915/894 849/870/850
f 851/872/852 895/917/896 894/916/895 850/871/851
f 852/873/853 896/918/897 895/917/896 851/872/852
f 853/874/854 897/919/898 896/918/897 852/873/853
f 854/875/855 898/920/899 897/919/898 853/874/854
f 855/876/856 899/921/900 898/920/899 854/875/855
f 856/877/857 900/922/901 899/921/900 855/876/856
f 857/878/858 901/923/902 900/922/901 856/877/857
f 858/879/859 902/924/903 901/923/902 857/878/858
f 859/880/860 903/925/904 902/924/903 858/879/859
f 860/881/861 904/926/905 903/925/904 859/880/860
f 861/882/862 905/927/906 904/926/905 860/881/861
f 862/883/863 906/928/907 905/927/906 861/882/862
f 863/884/864 907/929/908 906/928/907 862/883/863
f 864/885/865 908/930/909 907/929/908 863/884/864
f 865/886/866 909/931/910 908/930/909 864/885/865
f 866/887/867 910/932/911 909/931/910 865/886/866
f 867/888/868 911/933/912 910/932/911 866/887/867
f 868/889/869 912/934/913 911/933/912 867/888/868
f 869/890/870 913/935/914 912/934/913 868/889/869
f 870/891/871 914/936/915 913/935/914 869/890/870
f 871/892/872 915/937/916 914/936/915 870/891/871
f 872/893/873 916/938/917 915/937/916 871/892/872
f 873/894/874 917/939/918 916/938/917 872/893/873
f 874/895/875 918/940/919 917/939/918 873/894/874
f 875/896/876 919/941/920 918/940/919 874/895/875
f 876/897/877 920/942/921 919/941/920 875/896/876
f 877/898/878 921/943/922 920/942/921 876/897/877
f 878/899/879 922/944/923 921/943/922 877/898/878
f 879/900/880 923/945/924 922/944/923 878/899/879
f 880/857/838 924/902/882 923/945/924 879/900/880
f 881/901/881 925/946/925 968/947/926 924/902/882
f 882/903/883 926/948/927 925/949/925 881/904/881
f 883/905/884 927/950/928 926/948/927 882/903/883
f 884/906/885 928/951/929 927/950/928 883/905/884
f 885/907/886 929/952/930 928/951/929 884/906/885
f 886/908/887 930/953/931 929/952/930 885/907/886
f 887/909/888 931/954/932 930/953/931 886/908/887
f 888/910/889 932/955/933 931/954/932 887/909/888
f 889/911/890 933/956/934 932/955/933 888/910/889
f 890/912/891 934/957/935 933/956/934 889/911/890
f 891/913/892 935/958/936 934/957/935 890/912/891
f 892/914/893 936/959/937 935/958/936 891/913/892
f 893/915/894 937/960/938 936/959/937 892/914/893
f 894/916/895 938/961/939 937/960/938 893/915/894
f 895/917/896 939/962/940 938/961/939 894/916/895
f 896/918/897 940/963/941 939/962/940 895/917/896
f 897/919/898 941/964/942 940/963/941 896/918/897
f 898/920/899 942/965/943 941/964/942 897/919/898
f 899/921/900 943/966/944 942/965/943 898/920/899
f 900/922/901 944/967/945 943/966/944 899/921/900
f 901/923/902 945/968/946 944/967/945 900/922/901
f 902/924/903 946/969/947 945/968/946 901/923/902
f 903/925/904 947/970/948 946/969/947 902/924/903
f 904/926/905 948/971/949 947/970/948 903/925/904
f 905/927/906 949/972/950 948/971/949 904/926/905
f 906/928/907 950/973/951 949/972/950 905/927/906
f 907/929/908 951/974/952 950/973/951 906/928/907
f 908/930/909 952/975/953 951/974/952 907/929/908
f 909/931/910 953/976/954 952/975/953 908/930/909
f 910/932/911 954/977/955 953/976/954 909/931/910
f 911/933/912 955/978/956 954/977/955 910/932/911
f 912/934/913 956/979/957 955/978/956 911/933/912
f 913/935/914 957/980/958 956/979/957 912/934/913
f 914/936/915 958/981/959 957/980/958 913/935/914
f 915/937/916 959/982/960 958/981/959 914/936/915
f 916/938/917 960/983/961 959/982/960 915/937/916
f 917/939/918 961/984/962 960/983/961 916/938/917
f 918/940/919 962/985/963 961/984/962 917/939/918
f 919/941/920 963/986/964 962/985/963 918/940/919
f 920/942/921 964/987/965 963/986/964 919/941/920
f 921/943/922 965/988/966 964/987/965 920/942/921
f 922/944/923 966/989/967 965/988/966 921/943/922
f 923/945/924 967/990/968 966/989/967 922/944/923
f 924/902/882 968/947/926 967/990/968 923/945/924
f 925/946/925 969/991/969 1012/992/970 968/947/926
f 926/948/927 970/993/971 969/994/969 925/949/925
f 927/950/928 971/995/972 970/993/971 926/948/927
f 928/951/929 972/996/973 971/995/972 927/950/928
f 929/952/930 973/997/974 972/996/973 928/951/929
f 930/953/931 974/998/975 973/997/974 929/952/930
f 931/954/932 975/999/976 974/998/975 930/953/931
f 932/955/933 976/1000/977 975/999/976 931/954/932
f 933/956/934 977/1001/978 976/1000/977 932/955/933
f 934/957/935 978/1002/979 977/1001/978 933/956/934
f 935/958/936 979/1003/980 978/1002/979 934/957/935
f 936/959/937 980/1004/981 979/1003/980 935/958/936
f 937/960/938 981/1005/982 980/1004/981 936/959/937
f 938/961/939 982/1006/983 981/1005/982 937/960/938
f 939/962/940 983/1007/984 982/1006/983 938/961/939
f 940/963/941 984/1008/985 983/1007/984 939/962/940
f 941/964/942 985/1009/986 984/1008/985 940/963/941
f 942/965/943 986/1010/987 985/1009/986 941/964/942
f 943/966/944 987/1011/988 986/1010/987 942/965/943
f 944/967/945 988/1012/989 987/1011/988 943/966/944
f 945/968/946 989/1013/990 988/1012/989 944/967/945
f 946/969/947 990/1014/991 989/1013/990 945/968/946
f 947/970/948 991/1015/992 990/1014/991 946/969/947
f 948/971/949 992/1016/993 991/1015/992 947/970/948
f 949/972/950 993/1017/994 992/1016/993 948/971/949
f 950/973/951 994/1018/995 993/1017/994 949/972/950
f 951/974/952 995/1019/996 994/1018/995 950/973/951
f 952/975/953 996/1020/997 995/1019/996 951/974/952
f 953/976/954 997/1021/998 996/1020/997 952/975/953
f 954/977/955 998/1022/999 997/1021/998 953/976/954
f 955/978/956 999/1023/1000 998/1022/999 954/977/955
f 956/979/957 1000/1024/1001 999/1023/1000 955/978/956
f 957/980/958 1001/1025/1002 1000/1024/1001 956/979/957
f 958/981/959 1002/1026/1003 1001/1025/1002 957/980/958
f 959/982/960 1003/1027/1004 1002/1026/1003 958/981/959
f 960/983/961 1004/1028/1005 1003/1027/1004 959/982/960
f 961/984/962 1005/1029/1006 1004/1028/1005 960/983/961
f 962/985/963 1006/1030/1007 1005/1029/1006 961/984/962
f 963/986/964 1007/1031/1008 1006/1030/1007 962/985/963
f 964/987/965 1008/1032/1009 1007/1031/1008 963/986/964
f 965/988/966 1009/1033/1010 1008/1032/1009 964/987/965
f 966/989/967 1010/1034/1011 1009/1033/1010 965/988/966
f 967/990/968 1011/1035/1012 1010/1034/1011 966/989/967
f 968/947/926 1012/992/970 1011/1035/1012 967/990/968
f 969/991/969 1013/1036/1013 1056/1037/1014 1012/992/970
f 970/993/971 1014/1038/1015 1013/1039/1013 969/994/969
f 971/995/972 1015/1040/1016 1014/1038/1015 970/993/971
f 972/996/973 1016/1041/1017 1015/1040/1016 971/995/972
f 973/997/974 1017/1042/1018 1016/1041/1017 972/996/973
f 974/998/975 1018/1043/1019 1017/1042/1018 973/997/974
f 975/999/976 1019/1044/1020 1018/1043/1019 974/998/975
f 976/1000/977 1020/1045/1021 1019/1044/1020 975/999/976
f 977/1001/978 1021/1046/1022 1020/1045/1021 976/1000/977
f 978/1002/979 1022/1047/1023 1021/1046/1022 977/1001/978
f 979/1003/980 1023/1048/1024 1022/1047/1023 978/1002/979
f 980/1004/981 1024/1049/1025 1023/1048/1024 979/1003/980
f 981/1005/982 1025/1050/1026 1024/1049/1025 980/1004/981
f 982/1006/983 1026/1051/1027 1025/1050/1026 981/1005/982
f 983/1007/984 1027/1052/1028 1026/1051/1027 982/1006/983
f 984/1008/985 1028/1053/1029 1027/1052/1028 983/1007/984
f 985/1009/986 1029/1054/1030 1028/1053/1029 984/1008/985
f 986/1010/987 1030/1055/1031 1029/1054/1030 985/1009/986
f 987/1011/988 1031/1056/1032 1030/1055/1031 986/1010/987
f 988/1012/989 1032/1057/1033 1031/1056/1032 987/1011/988
f 989/1013/990 1033/1058/1034 1032/1057/1033 988/1012/989
f 990/1014/991 1034/1059/1035 1033/1058/1034 989/1013/990
f 991/1015/992 1035/1060/1036 1034/1059/1035 990/1014/991
f 992/1016/993 1036/1061/1037 1035/1060/1036 991/1015/992
f 993/1017/994 1037/1062/1038 1036/1061/1037 992/1016/993
f 994/1018/995 1038/1063/1039 1037/1062/1038 993/1017/994
f 995/1019/996 1039/1064/1040 1038/1063/1039 994/1018/995
f 996/1020/997 1040/1065/1041 1039/1064/1040 995/1019/996
f 997/1021/998 1041/1066/1042 1040/1065/1041 996/1020/997
f 998/1022/999 1042/1067/1043 1041/1066/1042 997/1021/998
f 999/1023/1000 1043/1068/1044 1042/1067/1043 998/1022/999
f 1000/1024/1001 1044/1069/1045 1043/1068/1044 999/1023/1000
f 1001/1025/1002 1045/1070/1046 1044/1069/1045 1000/1024/1001
f 1002/1026/1003 1046/1071/1047 1045/1070/1046 1001/1025/1002
f 1003/1027/1004 1047/1072/1048 1046/1071/1047 1002/1026/1003
f 1004/1028/1005 1048/1073/1049 1047/1072/1048 1003/1027/1004
f 1005/1029/1006 1049/1074/1050 1048/1073/1049 1004/1028/1005
f 1006/1030/1007 1050/1075/1051 1049/1074/1050 1005/1029/1006
f 1007/1031/1008 1051/1076/1052 1050/1075/1051 1006/1030/1007
f 1008/1032/1009 1052/1077/1053 1051/1076/1052 1007/1031/1008
f 1009/1033/1010 1053/1078/1054 1052/1077/1053 1008/1032/1009
f 1010/1034/1011 1054/1079/1055 1053/1078/1054 1009/1033/1010
f 1011/1035/1012 1055/1080/1056 1054/1079/1055 1010/1034/1011
f 1012/992/970 1056/1037/1014 1055/1080/1056 1011/1035/1012
f 1013/1036/1013 1057/1081/1057 1100/1082/1058 1056/1037/1014
f 1014/1038/1015 1058/1083/1059 1057/1084/1057 1013/1039/1013
f 1015/1040/1016 1059/1085/1060 1058/1083/1059 1014/1038/1015
f 1016/1041/1017 1060/1086/1061 1059/1085/1060 1015/1040/1016
f 1017/1042/1018 1061/1087/1062 1060/1086/1061 1016/1041/1017
f 1018/1043/1019 1062/1088/1063 1061/1087/1062 1017/1042/1018
f 1019/1044/1020 1063/1089/1064 1062/1088/1063 1018/1043/1019
f 1020/1045/1021 1064/1090/1065 1063/1089/1064 1019/1044/1020
f 1021/1046/1022 1065/1091/1066 1064/1090/1065 1020/1045/1021
f 1022/1047/1023 1066/1092/1067 1065/1091/1066 1021/1046/1022
f 1023/1048/1024 1067/1093/1068 1066/1092/1067 1022/1047/1023
f 1024/1049/1025 1068/1094/1069 1067/1093/1068 1023/1048/1024
f 1025/1050/1026 1069/1095/1070 1068/1094/1069 1024/1049/1025
f 1026/1051/1027 1070/1096/1071 1069/1095/1070 1025/1050/1026
f 1027/1052/1028 1071/1097/1072 1070/1096/1071 1026/1051/1027
f 1028/1053/1029 1072/1098/1073 1071/1097/1072 1027/1052/1028
f 1029/1054/1030 1073/1099/1074 1072/1098/1073 1028/1053/1029
f 1030/1055/1031 1074/1100/1075 1073/1099/1074 1029/1054/1030
f 1031/1056/1032 1075/1101/1076 1074/1100/1075 1030/1055/1031
f 1032/1057/1033 1076/1102/1077 1075/1101/1076 1031/1056/1032
f 1033/1058/1034 1077/1103/1078 1076/1102/1077 1032/1057/1033
f 1034/1059/1035 1078/1104/1079 1077/1103/1078 1033/1058/1034
f 1035/1060/1036 1079/1105/1080 1078/1104/1079 1034/1059/1035
f 1036/1061/1037 1080/1106/1081 1079/1105/1080 1035/1060/1036
f 1037/1062/1038 1081/1107/1082 1080/1106/1081 1036/1061/1037
f 1038/1063/1039 1082/1108/1083 1081/1107/1082 1037/1062/1038
f 1039/1064/1040 1083/1109/1084 1082/1108/1083 1038/1063/1039
f 1040/1065/1041 1084/1110/1085 1083/1109/1084 1039/1064/1040
f 1041/1066/1042 1085/1111/1086 1084/1110/1085 1040/1065/1041
f 1042/1067/1043 1086/1112/1087 1085/1111/1086 1041/1066/1042
f 1043/1068/1044 1087/1113/1088 1086/1112/1087 1042/1067/1043
f 1044/1069/1045 1088/1114/1089 1087/1113/1088 1043/1068/1044
f 1045/1070/1046 1089/1115/1090 1088/1114/1089 1044/1069/1045
f 1046/1071/1047 1090/1116/1091 1089/1115/1090 1045/1070/1046
f 1047/1072/1048 1091/1117/1092 1090/1116/1091 1046/1071/1047
f 1048/1073/1049 1092/1118/1093 1091/1117/1092 1047/1072/1048
f 1049/1074/1050 1093/1119/1094 1092/1118/1093 1048/1073/1049
f 1050/1075/1051 1094/1120/1095 1093/1119/1094 1049/1074/1050
f 1051/1076/1052 1095/1121/1096 1094/1120/1095 1050/1075/1051
f 1052/1077/1053 1096/1122/1097 1095/1121/1096 1051/1076/1052
f 1053/1078/1054 1097/1123/1098 1096/1122/1097 1052/1077/1053
f 1054/1079/1055 1098/1124/1099 1097/1123/1098 1053/1078/1054
f 1055/1080/1056 1099/1125/1100 1098/1124/1099 1054/1079/1055
f 1056/1037/1014 1100/1082/1058 1099/1125/1100 1055/1080/1056
f 1057/1081/1057 1101/1126/1101 1144/1127/1102 1100/1082/1058
f 1058/1083/1059 1102/1128/1103 1101/1129/1101 1057/1084/1057
f 1059/1085/1060 1103/1130/1104 1102/1128/1103 1058/1083/1059
f 1060/1086/1061 1104/1131/1105 1103/1130/1104 1059/1085/1060
f 1061/1087/1062 1105/1132/1106 1104/1131/1105 1060/1086/1061
f 1062/1088/1063 1106/1133/1107 1105/1132/1106 1061/1087/1062
f 1063/1089/1064 1107/1134/1108 1106/1133/1107 1062/1088/1063
f 1064/1090/1065 1108/1135/1109 1107/1134/1108 1063/1089/1064
f 1065/1091/1066 1109/1136/1110 1108/1135/1109 1064/1090/1065
f 1066/1092/1067 1110/1137/1111 1109/1136/1110 1065/1091/1066
f 1067/1093/1068 1111/1138/1112 1110/1137/1111 1066/1092/1067
f 1068/1094/1069 1112/1139/1113 1111/1138/1112 1067/1093/1068
f 1069/1095/1070 1113/1140/1114 1112/1139/1113 1068/1094/1069
f 1070/1096/1071 1114/1141/1115 1113/1140/1114 1069/1095/1070
f 1071/1097/1072 1115/1142/1116 1114/1141/1115 1070/1096/1071
f 1072/1098/1073 1116/1143/1117 1115/1142/1116 1071/1097/1072
f 1073/1099/1074 1117/1144/1118 1116/1143/1117 1072/1098/1073
f 1074/1100/1075 1118/1145/1119 1117/1144/1118 1073/1099/1074
f 1075/1101/1076 1119/1146/1120 1118/1145/1119 1074/1100/1075
f 1076/1102/1077 1120/1147/1121 1119/1146/1120 1075/1101/1076
f 1077/1103/1078 1121/1148/1122 1120/1147/1121 1076/1102/1077
f 1078/1104/1079 1122/1149/1123 1121/1148/1122 1077/1103/1078
f 1079/1105/1080 1123/1150/1124 1122/1149/1123 1078/1104/1079
f 1080/1106/1081 1124/1151/1125 1123/1150/1124 1079/1105/1080
f 1081/1107/1082 1125/1152/1126 1124/1151/1125 1080/1106/1081
f 1082/1108/1083 1126/1153/1127 1125/1152/1126 1081/1107/1082
f 1083/1109/1084 1127/1154/1128 1126/1153/1127 1082/1108/1083
f 1084/1110/1085 1128/1155/1129 1127/1154/1128 1083/1109/1084
f 1085/1111/1086 1129/1156/1130 1128/1155/1129 1084/1110/1085
f 1086/1112/1087 1130/1157/1131 1129/1156/1130 1085/1111/1086
f 1087/1113/1088 1131/1158/1132 1130/1157/1131 1086/1112/1087
f 1088/1114/1089 1132/1159/1133 1131/1158/1132 1087/1113/1088
f 1089/1115/1090 1133/1160/1134 1132/1159/1133 1088/1114/1089
f 1090/1116/1091 1134/1161/1135 1133/1160/1134 1089/1115/1090
f 1091/1117/1092 1135/1162/1136 1134/1161/1135 1090/1116/1091
f 1092/1118/1093 1136/1163/1137 1135/1162/1136 1091/1117/1092
f 1093/1119/1094 1137/1164/1138 1136/1163/1137 1092/1118/1093
f 1094/1120/1095 1138/1165/1139 1137/1164/1138 1093/1119/1094
f 1095/1121/1096 1139/1166/1140 1138/1165/1139 1094/1120/1095
f 1096/1122/1097 1140/1167/1141 1139/1166/1140 1095/1121/1096
f 1097/1123/1098 1141/1168/1142 1140/1167/1141 1096/1122/1097
f 1098/1124/1099 1142/1169/1143 1141/1168/1142 1097/1123/1098
f 1099/1125/1100 1143/1170/1144 1142/1169/1143 1098/1124/1099
f 1100/1082/1058 1144/1127/1102 1143/1170/1144 1099/1125/1100
f 1101/1126/1101 1145/1171/1145 1188/1172/1146 1144/1127/1102
f 1102/1128/1103 1146/1173/1147 1145/1174/1145 1101/1129/1101
f 1103/1130/1104 1147/1175/1148 1146/1173/1147 1102/1128/1103
f 1104/1131/1105 1148/1176/1149 1147/1175/1148 1103/1130/1104
f 1105/1132/1106 1149/1177/1150 1148/1176/1149 1104/1131/1105
f 1106/1133/1107 1150/1178/1151 1149/1177/1150 1105/1132/1106
f 1107/1134/1108 1151/1179/1152 1150/1178/1151 1106/1133/1107
f 1108/1135/1109 1152/1180/1153 1151/1179/1152 1107/1134/1108
f 1109/1136/1110 1153/1181/1154 1152/1180/1153 1108/1135/1109
f 1110/1137/1111 1154/1182/1155 1153/1181/1154 1109/1136/1110
f 1111/1138/1112 1155/1183/1156 1154/1182/1155 1110/1137/1111
f 1112/1139/1113 1156/1184/1157 1155/1183/1156 1111/1138/1112
f 1113/1140/1114 1157/1185/1158 1156/1184/1157 1112/1139/1113
f 1114/1141/1115 1158/1186/1159 1157/1185/1158 1113/1140/1114
f 1115/1142/1116 1159/1187/1160 1158/1186/1159 1114/1141/1115
f 1116/1143/1117 1160/1188/1161 1159/1187/1160 1115/1142/1116
f 1117/1144/1118 1161/1189/1162 1160/1188/1161 1116/1143/1117
f 1118/1145/1119 1162/1190/1163 1161/1189/1162 1117/1144/1118
f 1119/1146/1120 1163/1191/1164 1162/1190/1163 1118/1145/1119
f 1120/1147/1121 1164/1192/1165 1163/1191/1164 1119/1146/1120
f 1121/1148/1122 1165/1193/1166 1164/1192/1165 1120/1147/1121
f 1122/1149/1123 1166/1194/1167 1165/1193/1166 1121/1148/1122
f 1123/1150/1124 1167/1195/1168 1166/1194/1167 1122/1149/1123
f 1124/1151/1125 1168/1196/1169 1167/1195/1168 1123/1150/1124
f 1125/1152/1126 1169/1197/1170 1168/1196/1169 1124/1151/1125
f 1126/1153/1127 1170/1198/1171 1169/1197/1170 1125/1152/1126
f 1127/1154/1128 1171/1199/1172 1170/1198/1171 1126/1153/1127
f 1128/1155/1129 1172/1200/1173 1171/1199/1172 1127/1154/1128
f 1129/1156/1130 1173/1201/1174 1172/1200/1173 1128/1155/1129
f 1130/1157/1131 1174/1202/1175 1173/1201/1174 1129/1156/1130
f 1131/1158/1132 1175/1203/1176 1174/1202/1175 1130/1157/1131
f 1132/1159/1133 1176/1204/1177 1175/1203/1176 1131/1158/1132
f 1133/1160/1134 1177/1205/1178 1176/1204/1177 1132/1159/1133
f 1134/1161/1135 1178/1206/1179 1177/1205/1178 1133/1160/1134
f 1135/1162/1136 1179/1207/1180 1178/1206/1179 1134/1161/1135
f 1136/1163/1137 1180/1208/1181 1179/1207/1180 1135/1162/1136
f 1137/1164/1138 1181/1209/1182 1180/1208/1181 1136/1163/1137
f 1138/1165/1139 1182/1210/1183 1181/1209/1182 1137/1164/1138
f 1139/1166/1140 1183/1211/1184 1182/1210/1183 1138/1165/1139
f 1140/1167/1141 1184/1212/1185 1183/1211/1184 1139/1166/1140
f 1141/1168/1142 1185/1213/1186 1184/1212/1185 1140/1167/1141
f 1142/1169/1143 1186/1214/1187 1185/1213/1186 1141/1168/1142
f 1143/1170/1144 1187/1215/1188 1186/1214/1187 1142/1169/1143
f 1144/1127/1102 1188/1172/1146 1187/1215/1188 1143/1170/1144
f 1145/1171/1145 1189/1216/1189 1232/1217/1190 1188/1172/1146
f 1146/1173/1147 1190/1218/1191 1189/1219/1189 1145/1174/1145
f 1147/1175/1148 1191/1220/1192 1190/1218/1191 1146/1173/1147
f 1148/1176/1149 1192/1221/1193 1191/1220/1192 1147/1175/1148
f 1149/1177/1150 1193/1222/1194 1192/1221/1193 1148/1176/1149
f 1150/1178/1151 1194/1223/1195 1193/1222/1194 1149/1177/1150
f 1151/1179/1152 1195/1224/1196 1194/1223/1195 1150/1178/1151
f 1152/1180/1153 1196/1225/1197 1195/1224/1196 1151/1179/1152
f 1153/1181/1154 1197/1226/1198 1196/1225/1197 1152/1180/1153
f 1154/1182/1155 1198/1227/1199 1197/1226/1198 1153/1181/1154
f 1155/1183/1156 1199/1228/1200 1198/1227/1199 1154/1182/1155
f 1156/1184/1157 1200/1229/1201 1199/1228/1200 1155/1183/1156
f 1157/1185/1158 1201/1230/1202 1200/1229/1201 1156/1184/1157
f 1158/1186/1159 1202/1231/1203 1201/1230/1202 1157/1185/1158
f 1159/1187/1160 1203/1232/1204 1202/1231/1203 1158/1186/1159
f 1160/1188/1161 1204/1233/1205 1203/1232/1204 1159/1187/1160
f 1161/1189/1162 1205/1234/1206 1204/1233/1205 1160/1188/1161
f 1162/1190/1163 1206/1235/1207 1205/1234/1206 1161/1189/1162
f 1163/1191/1164 1207/1236/1208 1206/1235/1207 1162/1190/1163
f 1164/1192/1165 1208/1237/1209 1207/1236/1208 1163/1191/1164
f 1165/1193/1166 1209/1238/1210 1208/1237/1209 1164/1192/1165
f 1166/1194/1167 1210/1239/1211 1209/1238/1210 1165/1193/1166
f 1167/1195/1168 1211/1240/1212 1210/1239/1211 1166/1194/1167
f 1168/1196/1169 1212/1241/1213 1211/1240/1212 1167/1195/1168
f 1169/1197/1170 1213/1242/1214 1212/1241/1213 1168/1196/1169
f 1170/1198/1171 1214/1243/1215 1213/1242/1214 1169/1197/1170
f 1171/1199/1172 1215/1244/1216 1214/1243/1215 1170/1198/1171
f 1172/1200/1173 1216/1245/1217 1215/1244/1216 1171/1199/1172
f 1173/1201/1174 1217/1246/1218 1216/1245/1217 1172/1200/1173
f 1174/1202/1175 1218/1247/1219 1217/1246/1218 1173/1201/1174
f 1175/1203/1176 1219/1248/1220 1218/1247/1219 1174/1202/1175
f 1176/1204/1177 1220/1249/1221 1219/1248/1220 1175/1203/1176
f 1177/1205/1178 1221/1250/1222 1220/1249/1221 1176/1204/1177
f 1178/1206/1179 1222/1251/1223 1221/1250/1222 1177/1205/1178
f 1179/1207/1180 1223/1252/1224 1222/1251/1223 1178/1206/1179
f 1180/1208/1181 1224/1253/1225 1223/1252/1224 1179/1207/1180
f 1181/1209/1182 1225/1254/1226 1224/1253/1225 1180/1208/1181
f 1182/1210/1183 1226/1255/1227 1225/1254/1226 1181/1209/1182
f 1183/1211/1184 1227/1256/1228 1226/1255/1227 1182/1210/1183
f 1184/1212/1185 1228/1257/1229 1227/1256/1228 1183/1211/1184
f 1185/1213/1186 1229/1258/1230 1228/1257/1229 1184/1212/1185
f 1186/1214/1187 1230/1259/1231 1229/1258/1230 1185/1213/1186
f 1187/1215/1188 1231/1260/1232 1230/1259/1231 1186/1214/1187
f 1188/1172/1146 1232/1217/1190 1231/1260/1232 1187/1215/1188
f 1189/1216/1189 1233/1261/1233 1276/1262/1234 1232/1217/1190
f 1190/1218/1191 1234/1263/1235 1233/1264/1233 1189/1219/1189
f 1191/1220/1192 1235/1265/1236 1234/1263/1235 1190/1218/1191
f 1192/1221/1193 1236/1266/1237 1235/1265/1236 1191/1220/1192
f 1193/1222/1194 1237/1267/1238 1236/1266/1237 1192/1221/1193
f 1194/1223/1195 1238/1268/1239 1237/1267/1238 1193/1222/1194
f 1195/1224/1196 1239/1269/1240 1238/1268/1239 1194/1223/1195
f 1196/1225/1197 1240/1270/1241 1239/1269/1240 1195/1224/1196
f 1197/1226/1198 1241/1271/1242 1240/1270/1241 1196/1225/1197
f 1198/1227/1199 1242/1272/1243 1241/1271/1242 1197/1226/1198
f 1199/1228/1200 1243/1273/1244 1242/1272/1243 1198/1227/1199
f 1200/1229/1201 1244/1274/1245 1243/1273/1244 1199/1228/1200
f 1201/1230/1202 1245/1275/1246 1244/1274/1245 1200/1229/1201
f 1202/1231/1203 1246/1276/1247 1245/1275/1246 1201/1230/1202
f 1203/1232/1204 1247/1277/1248 1246/1276/1247 1202/1231/1203
f 1204/1233/1205 1248/1278/1249 1247/1277/1248 1203/1232/1204
f 1205/1234/1206 1249/1279/1250 1248/1278/1249 1204/1233/1205
f 1206/1235/1207 1250/1280/1251 1249/1279/1250 1205/1234/1206
f 1207/1236/1208 1251/1281/1252 1250/1280/1251 1206/1235/1207
f 1208/1237/1209 1252/1282/1253 1251/1281/1252 1207/1236/1208
f 1209/1238/1210 1253/1283/1254 1252/1282/1253 1208/1237/1209
f 1210/1239/1211 1254/1284/1255 1253/1283/1254 1209/1238/1210
f 1211/1240/1212 1255/1285/1256 1254/1284/1255 1210/1239/1211
f 1212/1241/1213 1256/1286/1257 1255/1285/1256 1211/1240/1212
f 1213/1242/1214 1257/1287/1258 1256/1286/1257 1212/1241/1213
f 1214/1243/1215 1258/1288/1259 1257/1287/1258 1213/1242/1214
f 1215/1244/1216 1259/1289/1260 1258/1288/1259 1214/1243/1215
f 1216/1245/1217 1260/1290/1261 1259/1289/1260 1215/1244/1216
f 1217/1246/1218 1261/1291/1262 1260/1290/1261 1216/1245/1217
f 1218/1247/1219 1262/1292/1263 1261/1291/1262 1217/1246/1218
f 1219/1248/1220 1263/1293/1264 1262/1292/1263 1218/1247/1219
f 1220/1249/1221 1264/1294/1265 1263/1293/1264 1219/1248/1220
f 1221/1250/1222 1265/1295/1266 1264/1294/1265 1220/1249/1221
f 1222/1251/1223 1266/1296/1267 1265/1295/1266 1221/1250/1222
f 1223/1252/1224 1267/1297/1268 1266/1296/1267 1222/1251/1223
f 1224/1253/1225 1268/1298/1269 1267/1297/1268 1223/1252/1224
f 1225/1254/1226 1269/1299/1270 1268/1298/1269 1224/1253/1225
f 1226/1255/1227 1270/1300/1271 1269/1299/1270 1225/1254/1226
f 1227/1256/1228 1271/1301/1272 1270/1300/1271 1226/1255/1227
f 1228/1257/1229 1272/1302/1273 1271/1301/1272 1227/1256/1228
f 1229/1258/1230 1273/1303/1274 1272/1302/1273 1228/1257/1229
f 1230/1259/1231 1274/1304/1275 1273/1303/1274 1229/1258/1230
f 1231/1260/1232 1275/1305/1276 1274/1304/1275 1230/1259/1231
f 1232/1217/1190 1276/1262/1234 1275/1305/1276 1231/1260/1232
f 1233/1261/1233 1277/1306/1277 1320/1307/1278 1276/1262/1234
f 1234/1263/1235 1278/1308/1279 1277/1309/1277 1233/1264/1233
f 1235/1265/1236 1279/1310/1280 1278/1308/1279 1234/1263/1235
f 1236/1266/1237 1280/1311/1281 1279/1310/1280 1235/1265/1236
f 1237/1267/1238 1281/1312/1282 1280/1311/1281 1236/1266/1237
f 1238/1268/1239 1282/1313/1283 1281/1312/1282 1237/1267/1238
f 1239/1269/1240 1283/1314/1284 1282/1313/1283 1238/1268/1239
f 1240/1270/1241 1284/1315/1285 1283/1314/1284 1239/1269/1240
f 1241/1271/1242 1285/1316/1286 1284/1315/1285 1240/1270/1241
f 1242/1272/1243 1286/1317/1287 1285/1316/1286 1241/1271/1242
f 1243/1273/1244 1287/1318/1288 1286/1317/1287 1242/1272/1243
f 1244/1274/1245 1288/1319/1289 1287/1318/1288 1243/1273/1244
f 1245/1275/1246 1289/1320/1290 1288/1319/1289 1244/1274/1245
f 1246/1276/1247 1290/1321/1291 1289/1320/1290 1245/1275/1246
f 1247/1277/1248 1291/1322/1292 1290/1321/1291 1246/1276/1247
f 1248/1278/1249 1292/1323/1293 1291/1322/1292 1247/1277/1248
f 1249/1279/1250 1293/1324/1294 1292/1323/1293 1248/1278/1249
f 1250/1280/1251 1294/1325/1295 1293/1324/1294 1249/1279/1250
f 1251/1281/1252 1295/1326/1296 1294/1325/1295 1250/1280/1251
f 1252/1282/1253 1296/1327/1297 1295/1326/1296 1251/1281/1252
f 1253/1283/1254 1297/1328/1298 1296/1327/1297 1252/1282/1253
f 1254/1284/1255 1298/1329/1299 1297/1328/1298 1253/1283/1254
f 1255/1285/1256 1299/1330/1300 1298/1329/1299 1254/1284/1255
f 1256/1286/1257 1300/1331/1301 1299/1330/1300 1255/1285/1256
f 1257/1287/1258 1301/1332/1302 1300/1331/1301 1256/1286/1257
f 1258/1288/1259 1302/1333/1303 1301/1332/1302 1257/1287/1258
f 1259/1289/1260 1303/1334/1304 1302/1333/1303 1258/1288/1259
f 1260/1290/1261 1304/1335/1305 1303/1334/1304 1259/1289/1260
f 1261/1291/1262 1305/1336/1306 1304/1335/1305 1260/1290/1261
f 1262/1292/1263 1306/1337/1307 1305/1336/1306 1261/1291/1262
f 1263/1293/1264 1307/1338/1308 1306/1337/1307 1262/1292/1263
f 1264/1294/1265 1308/1339/1309 1307/1338/1308 1263/1293/1264
f 1265/1295/1266 1309/1340/1310 1308/1339/1309 1264/1294/1265
f 1266/1296/1267 1310/1341/1311 1309/1340/1310 1265/1295/1266
f 1267/1297/1268 1311/1342/1312 1310/1341/1311 1266/1296/1267
f 1268/1298/1269 1312/1343/1313 1311/1342/1312 1267/1297/1268
f 1269/1299/1270 1313/1344/1314 1312/1343/1313 1268/1298/1269
f 1270/1300/1271 1314/1345/1315 1313/1344/1314 1269/1299/1270
f 1271/1301/1272 1315/1346/1316 1314/1345/1315 1270/1300/1271
f 1272/1302/1273 1316/1347/1317 1315/1346/1316 1271/1301/1272
f 1273/1303/1274 1317/1348/1318 1316/1347/1317 1272/1302/1273
f 1274/1304/1275 1318/1349/1319 1317/1348/1318 1273/1303/1274
f 1275/1305/1276 1319/1350/1320 1318/1349/1319 1274/1304/1275
f 1276/1262/1234 1320/1307/1278 1319/1350/1320 1275/1305/1276
f 1277/1306/1277 1321/1351/1321 1364/1352/1322 1320/1307/1278
f 1278/1308/1279 1322/1353/1323 1321/1354/1321 1277/1309/1277
f 1279/1310/1280 1323/1355/1324 1322/1353/1323 1278/1308/1279
f 1280/1311/1281 1324/1356/1325 1323/1355/1324 1279/1310/1280
f 1281/1312/1282 1325/1357/1326 1324/1356/1325 1280/1311/1281
f 1282/1313/1283 1326/1358/1327 1325/1357/1326 1281/1312/1282
f 1283/1314/1284 1327/1359/1328 1326/1358/1327 1282/1313/1283
f 1284/1315/1285 1328/1360/1329 1327/1359/1328 1283/1314/1284
f 1285/1316/1286 1329/1361/1330 1328/1360/1329 1284/1315/1285
f 1286/1317/1287 1330/1362/1331 1329/1361/1330 1285/1316/1286
f 1287/1318/1288 1331/1363/1332 1330/1362/1331 1286/1317/1287
f 1288/1319/1289 1332/1364/1333 1331/1363/1332 1287/1318/1288
f 1289/1320/1290 1333/1365/1334 1332/1364/1333 1288/1319/1289
f 1290/1321/1291 1334/1366/1335 1333/1365/1334 1289/1320/1290
f 1291/1322/1292 1335/1367/1336 1334/1366/1335 1290/1321/1291
f 1292/1323/1293 1336/1368/1337 1335/1367/1336 1291/1322/1292
f 1293/1324/1294 1337/1369/1338 1336/1368/1337 1292/1323/1293
f 1294/1325/1295 1338/1370/1339 1337/1369/1338 1293/1324/1294
f 1295/1326/1296 1339/1371/1340 1338/1370/1339 1294/1325/1295
f 1296/1327/1297 1340/1372/1341 1339/1371/1340 1295/1326/1296
f 1297/1328/1298 1341/1373/1342 1340/1372/1341 1296/1327/1297
f 1298/1329/1299 1342/1374/1343 1341/1373/1342 1297/1328/1298
f 1299/1330/1300 1343/1375/1344 1342/1374/1343 1298/1329/1299
f 1300/1331/1301 1344/1376/1345 1343/1375/1344 1299/1330/1300
f 1301/1332/1302 1345/1377/1346 1344/1376/1345 1300/1331/1301
f 1302/1333/1303 1346/1378/1347 1345/1377/1346 1301/1332/1302
f 1303/1334/1304 1347/1379/1348 1346/1378/1347 1302/1333/1303
f 1304/1335/1305 1348/1380/1349 1347/1379/1348 1303/1334/1304
f 1305/1336/1306 1349/1381/1350 1348/1380/1349 1304/1335/1305
f 1306/1337/1307 1350/1382/1351 1349/1381/1350 1305/1336/1306
f 1307/1338/1308 1351/1383/1352 1350/1382/1351 1306/1337/1307
f 1308/1339/1309 1352/1384/1353 1351/1383/1352 1307/1338/1308
f 1309/1340/1310 1353/1385/1354 1352/1384/1353 1308/1339/1309
f 1310/1341/1311 1354/1386/1355 1353/1385/1354 1309/1340/1310
f 1311/1342/1312 1355/1387/1356 1354/1386/1355 1310/1341/1311
f 1312/1343/1313 1356/1388/1357 1355/1387/1356 1311/1342/1312
f 1313/1344/1314 1357/1389/1358 1356/1388/1357 1312/1343/1313
f 1314/1345/1315 1358/1390/1359 1357/1389/1358 1313/1344/1314
f 1315/1346/1316 1359/1391/1360 1358/1390/1359 1314/1345/1315
f 1316/1347/1317 1360/1392/1361 1359/1391/1360 1315/1346/1316
f 1317/1348/1318 1361/1393/1362 1360/1392/1361 1316/1347/1317
f 1318/1349/1319 1362/1394/1363 1361/1393/1362 1317/1348/1318
f 1319/1350/1320 1363/1395/1364 1362/1394/1363 1318/1349/1319
f 1320/1307/1278 1364/1352/1322 1363/1395/1364 1319/1350/1320
f 1321/1351/1321 1365/1396/1365 1408/1397/1366 1364/1352/1322
f 1322/1353/1323 1366/1398/1367 1365/1399/1365 1321/1354/1321
f 1323/1355/1324 1367/1400/1368 1366/1398/1367 1322/1353/1323
f 1324/1356/1325 1368/1401/1369 1367/1400/1368 1323/1355/1324
f 1325/1357/1326 1369/1402/1370 1368/1401/1369 1324/1356/1325
f 1326/1358/1327 1370/1403/1371 1369/1402/1370 1325/1357/1326
f 1327/1359/1328 1371/1404/1372 1370/1403/1371 1326/1358/1327
f 1328/1360/1329 1372/1405/1373 1371/1404/1372 1327/1359/1328
f 1329/1361/1330 1373/1406/1374 1372/1405/1373 1328/1360/1329
f 1330/1362/1331 1374/1407/1375 1373/1406/1374 1329/1361/1330
f 1331/1363/1332 1375/1408/1376 1374/1407/1375 1330/1362/1331
f 1332/1364/1333 1376/1409/1377 1375/1408/1376 1331/1363/1332
f 1333/1365/1334 1377/1410/1378 1376/1409/1377 1332/1364/1333
f 1334/1366/1335 1378/1411/1379 1377/1410/1378 1333/1365/1334
f 1335/1367/1336 1379/1412/1380 1378/1411/1379 1334/1366/1335
f 1336/1368/1337 1380/1413/1381 1379/1412/1380 1335/1367/1336
f 1337/1369/1338 1381/1414/1382 1380/1413/1381 1336/1368/1337
f 1338/1370/1339 1382/1415/1383 1381/1414/1382 1337/1369/1338
f 1339/1371/1340 1383/1416/1384 1382/1415/1383 1338/1370/1339
f 1340/1372/1341 1384/1417/1385 1383/1416/1384 1339/1371/1340
f 1341/1373/1342 1385/1418/1386 1384/1417/1385 1340/1372/1341
f 1342/1374/1343 1386/1419/1387 1385/1418/1386 1341/1373/1342
f 1343/1375/1344 1387/1420/1388 1386/1419/1387 1342/1374/1343
f 1344/1376/1345 1388/1421/1389 1387/1420/1388 1343/1375/1344
f 1345/1377/1346 1389/1422/1390 1388/1421/1389 1344/1376/1345
f 1346/1378/1347 1390/1423/1391 1389/1422/1390 1345/1377/1346
f 1347/1379/1348 1391/1424/1392 1390/1423/1391 1346/1378/1347
f 1348/1380/1349 1392/1425/1393 1391/1424/1392 1347/1379/1348
f 1349/1381/1350 1393/1426/1394 1392/1425/1393 1348/1380/1349
f 1350/1382/1351 1394/1427/1395 1393/1426/1394 1349/1381/1350
f 1351/1383/1352 1395/1428/1396 1394/1427/1395 1350/1382/1351
f 1352/1384/1353 1396/1429/1397 1395/1428/1396 1351/1383/1352
f 1353/1385/1354 1397/1430/1398 1396/1429/1397 1352/1384/1353
f 1354/1386/1355 1398/1431/1399 1397/1430/1398 1353/1385/1354
f 1355/1387/1356 1399/1432/1400 1398/1431/1399 1354/1386/1355
f 1356/1388/1357 1400/1433/1401 1399/1432/1400 1355/1387/1356
f 1357/1389/1358 1401/1434/1402 1400/1433/1401 1356/1388/1357
f 1358/1390/1359 1402/1435/1403 1401/1434/1402 1357/1389/1358
f 1359/1391/1360 1403/1436/1404 1402/1435/1403 1358/1390/1359
f 1360/1392/1361 1404/1437/1405 1403/1436/1404 1359/1391/1360
f 1361/1393/1362 1405/1438/1406 1404/1437/1405 1360/1392/1361
f 1362/1394/1363 1406/1439/1407 1405/1438/1406 1361/1393/1362
f 1363/1395/1364 1407/1440/1408 1406/1439/1407 1362/1394/1363
f 1364/1352/1322 1408/1397/1366 1407/1440/1408 1363/1395/1364
f 1365/1396/1365 1409/1441/1409 1452/1442/1410 1408/1397/1366
f 1366/1398/1367 1410/1443/1411 1409/1444/1409 1365/1399/1365
f 1367/1400/1368 1411/1445/1412 1410/1443/1411 1366/1398/1367
f 1368/1401/1369 1412/1446/1413 1411/1445/1412 1367/1400/1368
f 1369/1402/1370 1413/1447/1414 1412/1446/1413 1368/1401/1369
f 1370/1403/1371 1414/1448/1415 1413/1447/1414 1369/1402/1370
f 1371/1404/1372 1415/1449/1416 1414/1448/1415 1370/1403/1371
f 1372/1405/1373 1416/1450/1417 1415/1449/1416 1371/1404/1372
f 1373/1406/1374 1417/1451/1418 1416/1450/1417 1372/1405/1373
f 1374/1407/1375 1418/1452/1419 1417/1451/1418 1373/1406/1374
f 1375/1408/1376 1419/1453/1420 1418/1452/1419 1374/1407/1375
f 1376/1409/1377 1420/1454/1421 1419/1453/1420 1375/1408/1376
f 1377/1410/1378 1421/1455/1422 1420/1454/1421 1376/1409/1377
f 1378/1411/1379 1422/1456/1423 1421/1455/1422 1377/1410/1378
f 1379/1412/1380 1423/1457/1424 1422/1456/1423 1378/1411/1379
f 1380/1413/1381 1424/1458/1425 1423/1457/1424 1379/1412/1380
f 1381/1414/1382 1425/1459/1426 1424/1458/1425 1380/1413/1381
f 1382/1415/1383 1426/1460/1427 1425/1459/1426 1381/1414/1382
f 1383/1416/1384 1427/1461/1428 1426/1460/1427 1382/1415/1383
f 1384/1417/1385 1428/1462/1429 1427/1461/1428 1383/1416/1384
f 1385/1418/1386 1429/1463/1430 1428/1462/1429 1384/1417/1385
f 1386/1419/1387 1430/1464/1431 1429/1463/1430 1385/1418/1386
f 1387/1420/1388 1431/1465/1432 1430/1464/1431 1386/1419/1387
f 1388/1421/1389 1432/1466/1433 1431/1465/1432 1387/1420/1388
f 1389/1422/1390 1433/1467/1434 1432/1466/1433 1388/1421/1389
f 1390/1423/1391 1434/1468/1435 1433/1467/1434 1389/1422/1390
f 1391/1424/1392 1435/1469/1436 1434/1468/1435 1390/1423/1391
f 1392/1425/1393 1436/1470/1437 1435/1469/1436 1391/1424/1392
f 1393/1426/1394 1437/1471/1438 1436/1470/1437 1392/1425/1393
f 1394/1427/1395 1438/1472/1439 1437/1471/1438 1393/1426/1394
f 1395/1428/1396 1439/1473/1440 1438/1472/1439 1394/1427/1395
f 1396/1429/1397 1440/1474/1441 1439/1473/1440 1395/1428/1396
f 1397/1430/1398 1441/1475/1442 1440/1474/1441 1396/1429/1397
f 1398/1431/1399 1442/1476/1443 1441/1475/1442 1397/1430/1398
f 1399/1432/1400 1443/1477/1444 1442/1476/1443 1398/1431/1399
f 1400/1433/1401 1444/1478/1445 1443/1477/1444 1399/1432/1400
f 1401/1434/1402 1445/1479/1446 1444/1478/1445 1400/1433/1401
f 1402/1435/1403 1446/1480/1447 1445/1479/1446 1401/1434/1402
f 1403/1436/1404 1447/1481/1448 1446/1480/1447 1402/1435/1403
f 1404/1437/1405 1448/1482/1449 1447/1481/1448 1403/1436/1404
f 1405/1438/1406 1449/1483/1450 1448/1482/1449 1404/1437/1405
f 1406/1439/1407 1450/1484/1451 1449/1483/1450 1405/1438/1406
f 1407/1440/1408 1451/1485/1452 1450/1484/1451 1406/1439/1407
f 1408/1397/1366 1452/1442/1410 1451/1485/1452 1407/1440/1408
f 1409/1441/1409 1453/1486/1453 1496/1487/1454 1452/1442/1410
f 1410/1443/1411 1454/1488/1455 1453/1489/1453 1409/1444/1409
f 1411/1445/1412 1455/1490/1456 1454/1488/1455 1410/1443/1411
f 1412/1446/1413 1456/1491/1457 1455/1490/1456 1411/1445/1412
f 1413/1447/1414 1457/1492/1458 1456/1491/1457 1412/1446/1413
f 1414/1448/1415 1458/1493/1459 1457/1492/1458 1413/1447/1414
f 1415/1449/1416 1459/1494/1460 1458/1493/1459 1414/1448/1415
f 1416/1450/1417 1460/1495/1461 1459/1494/1460 1415/1449/1416
f 1417/1451/1418 1461/1496/1462 1460/1495/1461 1416/1450/1417
f 1418/1452/1419 1462/1497/1463 1461/1496/1462 1417/1451/1418
f 1419/1453/1420 1463/1498/1464 1462/1497/1463 1418/1452/1419
f 1420/1454/1421 1464/1499/1465 1463/1498/1464 1419/1453/1420
f 1421/1455/1422 1465/1500/1466 1464/1499/1465 1420/1454/1421
f 1422/1456/1423 1466/1501/1467 1465/1500/1466 1421/1455/1422
f 1423/1457/1424 1467/1502/1468 1466/1501/1467 1422/1456/1423
f 1424/1458/1425 1468/1503/1469 1467/1502/1468 1423/1457/1424
f 1425/1459/1426 1469/1504/1470 1468/1503/1469 1424/1458/1425
f 1426/1460/1427 1470/1505/1471 1469/1504/1470 1425/1459/1426
f 1427/1461/1428 1471/1506/1472 1470/1505/1471 1426/1460/1427
f 1428/1462/1429 1472/1507/1473 1471/1506/1472 1427/1461/1428
f 1429/1463/1430 1473/1508/1474 1472/1507/1473 1428/1462/1429
f 1430/1464/1431 1474/1509/1475 1473/1508/1474 1429/1463/1430
f 1431/1465/1432 1475/1510/1476 1474/1509/1475 1430/1464/1431
f 1432/1466/1433 1476/1511/1477 1475/1510/1476 1431/1465/1432
f 1433/1467/1434 1477/1512/1478 1476/1511/1477 1432/1466/1433
f 1434/1468/1435 1478/1513/1479 1477/1512/1478 1433/1467/1434
f 1435/1469/1436 1479/1514/1480 1478/1513/1479 1434/1468/1435
f 1436/1470/1437 1480/1515/1481 1479/1514/1480 1435/1469/1436
f 1437/1471/1438 1481/1516/1482 1480/1515/1481 1436/1470/1437
f 1438/1472/1439 1482/1517/1483 1481/1516/1482 1437/1471/1438
f 1439/1473/1440 1483/1518/1484 1482/1517/1483 1438/1472/1439
f 1440/1474/1441 1484/1519/1485 1483/1518/1484 1439/1473/1440
f 1441/1475/1442 1485/1520/1486 1484/1519/1485 1440/1474/1441
f 1442/1476/1443 1486/1521/1487 1485/1520/1486 1441/1475/1442
f 1443/1477/1444 1487/1522/1488 1486/1521/1487 1442/1476/1443
f 1444/1478/1445 1488/1523/1489 1487/1522/1488 1443/1477/1444
f 1445/1479/1446 1489/1524/1490 1488/1523/1489 1444/1478/1445
f 1446/1480/1447 1490/1525/1491 1489/1524/1490 1445/1479/1446
f 1447/1481/1448 1491/1526/1492 1490/1525/1491 1446/1480/1447
f 1448/1482/1449 1492/1527/1493 1491/1526/1492 1447/1481/1448
f 1449/1483/1450 1493/1528/1494 1492/1527/1493 1448/1482/1449
f 1450/1484/1451 1494/1529/1495 1493/1528/1494 1449/1483/1450
f 1451/1485/1452 1495/1530/1496 1494/1529/1495 1450/1484/1451
f 1452/1442/1410 1496/1487/1454 1495/1530/1496 1451/1485/1452
f 1453/1486/1453 1497/1531/1497 1540/1532/1498 1496/1487/1454
f 1454/1488/1455 1498/1533/1499 1497/1534/1497 1453/1489/1453
f 1455/1490/1456 1499/1535/1500 1498/1533/1499 1454/1488/1455
f 1456/1491/1457 1500/1536/1501 1499/1535/1500 1455/1490/1456
f 1457/1492/1458 1501/1537/1502 1500/1536/1501 1456/1491/1457
f 1458/1493/1459 1502/1538/1503 1501/1537/1502 1457/1492/1458
f 1459/1494/1460 1503/1539/1504 1502/1538/1503 1458/1493/1459
f 1460/1495/1461 1504/1540/1505 1503/1539/1504 1459/1494/1460
f 1461/1496/1462 1505/1541/1506 1504/1540/1505 1460/1495/1461
f 1462/1497/1463 1506/1542/1507 1505/1541/1506 1461/1496/1462
f 1463/1498/1464 1507/1543/1508 1506/1542/1507 1462/1497/1463
f 1464/1499/1465 1508/1544/1509 1507/1543/1508 1463/1498/1464
f 1465/1500/1466 1509/1545/1510 1508/1544/1509 1464/1499/1465
f 1466/1501/1467 1510/1546/1511 1509/1545/1510 1465/1500/1466
f 1467/1502/1468 1511/1547/1512 1510/1546/1511 1466/1501/1467
f 1468/1503/1469 1512/1548/1513 1511/1547/1512 1467/1502/1468
f 1469/1504/1470 1513/1549/1514 1512/1548/1513 1468/1503/1469
f 1470/1505/1471 1514/1550/1515 1513/1549/1514 1469/1504/1470
f 1471/1506/1472 1515/1551/1516 1514/1550/1515 1470/1505/1471
f 1472/1507/1473 1516/1552/1517 1515/1551/1516 1471/1506/1472
f 1473/1508/1474 1517/1553/1518 1516/1552/1517 1472/1507/1473
f 1474/1509/1475 1518/1554/1519 1517/1553/1518 1473/1508/1474
f 1475/1510/1476 1519/1555/1520 1518/1554/1519 1474/1509/1475
f 1476/1511/1477 1520/1556/1521 1519/1555/1520 1475/1510/1476
f 1477/1512/1478 1521/1557/1522 1520/1556/1521 1476/1511/1477
f 1478/1513/1479 1522/1558/1523 1521/1557/1522 1477/1512/1478
f 1479/1514/1480 1523/1559/1524 1522/1558/1523 1478/1513/1479
f 1480/1515/1481 1524/1560/1525 1523/1559/1524 1479/1514/1480
f 1481/1516/1482 1525/1561/1526 1524/1560/1525 1480/1515/1481
f 1482/1517/1483 1526/1562/1527 1525/1561/1526 1481/1516/1482
f 1483/1518/1484 1527/1563/1528 1526/1562/1527 1482/1517/1483
f 1484/1519/1485 1528/1564/1529 1527/1563/1528 1483/1518/1484
f 1485/1520/1486 1529/1565/1530 1528/1564/1529 1484/1519/1485
f 1486/1521/1487 1530/1566/1531 1529/1565/1530 1485/1520/1486
f 1487/1522/1488 1531/1567/1532 1530/1566/1531 1486/1521/1487
f 1488/1523/1489 1532/1568/1533 1531/1567/1532 1487/1522/1488
f 1489/1524/1490 1533/1569/1534 1532/1568/1533 1488/1523/1489
f 1490/1525/1491 1534/1570/1535 1533/1569/1534 1489/1524/1490
f 1491/1526/1492 1535/1571/1536 1534/1570/1535 1490/1525/1491
f 1492/1527/1493 1536/1572/1537 1535/1571/1536 1491/1526/1492
f 1493/1528/1494 1537/1573/1538 1536/1572/1537 1492/1527/1493
f 1494/1529/1495 1538/1574/1539 1537/1573/1538 1493/1528/1494
f 1495/1530/1496 1539/1575/1540 1538/1574/1539 1494/1529/1495
f 1496/1487/1454 1540/1532/1498 1539/1575/1540 1495/1530/1496
f 1497/1531/1497 1541/1576/1541 1584/1577/1542 1540/1532/1498
f 1498/1533/1499 1542/1578/1543 1541/1579/1541 1497/1534/1497
f 1499/1535/1500 1543/1580/1544 1542/1578/1543 1498/1533/1499
f 1500/1536/1501 1544/1581/1545 1543/1580/1544 1499/1535/1500
f 1501/1537/1502 1545/1582/1546 1544/1581/1545 1500/1536/1501
f 1502/1538/1503 1546/1583/1547 1545/1582/1546 1501/1537/1502
f 1503/1539/1504 1547/1584/1548 1546/1583/1547 1502/1538/1503
f 1504/1540/1505 1548/1585/1549 1547/1584/1548 1503/1539/1504
f 1505/1541/1506 1549/1586/1550 1548/1585/1549 1504/1540/1505
f 1506/1542/1507 1550/1587/1551 1549/1586/1550 1505/1541/1506
f 1507/1543/1508 1551/1588/1552 1550/1587/1551 1506/1542/1507
f 1508/1544/1509 1552/1589/1553 1551/1588/1552 1507/1543/1508
f 1509/1545/1510 1553/1590/1554 1552/1589/1553 1508/1544/1509
f 1510/1546/1511 1554/1591/1555 1553/1590/1554 1509/1545/1510
f 1511/1547/1512 1555/1592/1556 1554/1591/1555 1510/1546/1511
f 1512/1548/1513 1556/1593/1557 1555/1592/1556 1511/1547/1512
f 1513/1549/1514 1557/1594/1558 1556/1593/1557 1512/1548/1513
f 1514/1550/1515 1558/1595/1559 1557/1594/1558 1513/1549/1514
f 1515/1551/1516 1559/1596/1560 1558/1595/1559 1514/1550/1515
f 1516/1552/1517 1560/1597/1561 1559/1596/1560 1515/1551/1516
f 1517/1553/1518 1561/1598/1562 1560/1597/1561 1516/1552/1517
f 1518/1554/1519 1562/1599/1563 1561/1598/1562 1517/1553/1518
f 1519/1555/1520 1563/1600/1564 1562/1599/1563 1518/1554/1519
f 1520/1556/1521 1564/1601/1565 1563/1600/1564 1519/1555/1520
f 1521/1557/1522 1565/1602/1566 1564/1601/1565 1520/1556/1521
f 1522/1558/1523 1566/1603/1567 1565/1602/1566 1521/1557/1522
f 1523/1559/1524 1567/1604/1568 1566/1603/1567 1522/1558/1523
f 1524/1560/1525 1568/1605/1569 1567/1604/1568 1523/1559/1524
f 1525/1561/1526 1569/1606/1570 1568/1605/1569 1524/1560/1525
f 1526/1562/1527 1570/1607/1571 1569/1606/1570 1525/1561/1526
f 1527/1563/1528 1571/1608/1572 1570/1607/1571 1526/1562/1527
f 1528/1564/1529 1572/1609/1573 1571/1608/1572 1527/1563/1528
f 1529/1565/1530 1573/1610/1574 1572/1609/1573 1528/1564/1529
f 1530/1566/1531 1574/1611/1575 1573/1610/1574 1529/1565/1530
f 1531/1567/1532 1575/1612/1576 1574/1611/1575 1530/1566/1531
f 1532/1568/1533 1576/1613/1577 1575/1612/1576 1531/1567/1532
f 1533/1569/1534 1577/1614/1578 1576/1613/1577 1532/1568/1533
f 1534/1570/1535 1578/1615/1579 1577/1614/1578 1533/1569/1534
f 1535/1571/1536 1579/1616/1580 1578/1615/1579 1534/1570/1535
f 1536/1572/1537 1580/1617/1581 1579/1616/1580 1535/1571/1536
f 1537/1573/1538 1581/1618/1582 1580/1617/1581 1536/1572/1537
f 1538/1574/1539 1582/1619/1583 1581/1618/1582 1537/1573/1538
f 1539/1575/1540 1583/1620/1584 1582/1619/1583 1538/1574/1539
f 1540/1532/1498 1584/1577/1542 1583/1620/1584 1539/1575/1540
f 1541/1576/1541 1585/1621/1585 1628/1622/1586 1584/1577/1542
f 1542/1578/1543 1586/1623/1587 1585/1624/1585 1541/1579/1541
f 1543/1580/1544 1587/1625/1588 1586/1623/1587 1542/1578/1543
f 1544/1581/1545 1588/1626/1589 1587/1625/1588 1543/1580/1544
f 1545/1582/1546 1589/1627/1590 1588/1626/1589 1544/1581/1545
f 1546/1583/1547 1590/1628/1591 1589/1627/1590 1545/1582/1546
f 1547/1584/1548 1591/1629/1592 1590/1628/1591 1546/1583/1547
f 1548/1585/1549 1592/1630/1593 1591/1629/1592 1547/1584/1548
f 1549/1586/1550 1593/1631/1594 1592/1630/1593 1548/1585/1549
f 1550/1587/1551 1594/1632/1595 1593/1631/1594 1549/1586/1550
f 1551/1588/1552 1595/1633/1596 1594/1632/1595 1550/1587/1551
f 1552/1589/1553 1596/1634/1597 1595/1633/1596 1551/1588/1552
f 1553/1590/1554 1597/1635/1598 1596/1634/1597 1552/1589/1553
f 1554/1591/1555 1598/1636/1599 1597/1635/1598 1553/1590/1554
f 1555/1592/1556 1599/1637/1600 1598/1636/1599 1554/1591/1555
f 1556/1593/1557 1600/1638/1601 1599/1637/1600 1555/1592/1556
f 1557/1594/1558 1601/1639/1602 1600/1638/1601 1556/1593/1557
f 1558/1595/1559 1602/1640/1603 1601/1639/1602 1557/1594/1558
f 1559/1596/1560 1603/1641/1604 1602/1640/1603 1558/1595/1559
f 1560/1597/1561 1604/1642/1605 1603/1641/1604 1559/1596/1560
f 1561/1598/1562 1605/1643/1606 1604/1642/1605 1560/1597/1561
f 1562/1599/1563 1606/1644/1607 1605/1643/1606 1561/1598/1562
f 1563/1600/1564 1607/1645/1608 1606/1644/1607 1562/1599/1563
f 1564/1601/1565 1608/1646/1609 1607/1645/1608 1563/1600/1564
f 1565/1602/1566 1609/1647/1610 1608/1646/1609 1564/1601/1565
f 1566/1603/1567 1610/1648/1611 1609/1647/1610 1565/1602/1566
f 1567/1604/1568 1611/1649/1612 1610/1648/1611 1566/1603/1567
f 1568/1605/1569 1612/1650/1613 1611/1649/1612 1567/1604/1568
f 1569/1606/1570 1613/1651/1614 1612/1650/1613 1568/1605/1569
f 1570/1607/1571 1614/1652/1615 1613/1651/1614 1569/1606/1570
f 1571/1608/1572 1615/1653/1616 1614/1652/1615 1570/1607/1571
f 1572/1609/1573 1616/1654/1617 1615/1653/1616 1571/1608/1572
f 1573/1610/1574 1617/1655/1618 1616/1654/1617 1572/1609/1573
f 1574/1611/1575 1618/1656/1619 1617/1655/1618 1573/1610/1574
f 1575/1612/1576 1619/1657/1620 1618/1656/1619 1574/1611/1575
f 1576/1613/1577 1620/1658/1621 1619/1657/1620 1575/1612/1576
f 1577/1614/1578 1621/1659/1622 1620/1658/1621 1576/1613/1577
f 1578/1615/1579 1622/1660/1623 1621/1659/1622 1577/1614/1578
f 1579/1616/1580 1623/1661/1624 1622/1660/1623 1578/1615/1579
f 1580/1617/1581 1624/1662/1625 1623/1661/1624 1579/1616/1580
f 1581/1618/1582 1625/1663/1626 1624/1662/1625 1580/1617/1581
f 1582/1619/1583 1626/1664/1627 1625/1663/1626 1581/1618/1582
f 1583/1620/1584 1627/1665/1628 1626/1664/1627 1582/1619/1583
f 1584/1577/1542 1628/1622/1586 1627/1665/1628 1583/1620/1584
f 1585/1621/1585 1629/1666/1629 1672/1667/1630 1628/1622/1586
f 1586/1623/1587 1630/1668/1631 1629/1669/1629 1585/1624/1585
f 1587/1625/1588 1631/1670/1632 1630/1668/1631 1586/1623/1587
f 1588/1626/1589 1632/1671/1633 1631/1670/1632 1587/1625/1588
f 1589/1627/1590 1633/1672/1634 1632/1671/1633 1588/1626/1589
f 1590/1628/1591 1634/1673/1635 1633/1672/1634 1589/1627/1590
f 1591/1629/1592 1635/1674/1636 1634/1673/1635 1590/1628/1591
f 1592/1630/1593 1636/1675/1637 1635/1674/1636 1591/1629/1592
f 1593/1631/1594 1637/1676/1638 1636/1675/1637 1592/1630/1593
f 1594/1632/1595 1638/1677/1639 1637/1676/1638 1593/1631/1594
f 1595/1633/1596 1639/1678/1640 1638/1677/1639 1594/1632/1595
f 1596/1634/1597 1640/1679/1641 1639/1678/1640 1595/1633/1596
f 1597/1635/1598 1641/1680/1642 1640/1679/1641 1596/1634/1597
f 1598/1636/1599 1642/1681/1643 1641/1680/1642 1597/1635/1598
f 1599/1637/1600 1643/1682/1644 1642/1681/1643 1598/1636/1599
f 1600/1638/1601 1644/1683/1645 1643/1682/1644 1599/1637/1600
f 1601/1639/1602 1645/1684/1646 1644/1683/1645 1600/1638/1601
f 1602/1640/1603 1646/1685/1647 1645/1684/1646 1601/1639/1602
f 1603/1641/1604 1647/1686/1648 1646/1685/1647 1602/1640/1603
f 1604/1642/1605 1648/1687/1649 1647/1686/1648 1603/1641/1604
f 1605/1643/1606 1649/1688/1650 1648/1687/1649 1604/1642/1605
f 1606/1644/1607 1650/1689/1651 1649/1688/1650 1605/1643/1606
f 1607/1645/1608 1651/1690/1652 1650/1689/1651 1606/1644/1607
f 1608/1646/1609 1652/1691/1653 1651/1690/1652 1607/1645/1608
f 1609/1647/1610 1653/1692/1654 1652/1691/1653 1608/1646/1609
f 1610/1648/1611 1654/1693/1655 1653/1692/1654 1609/1647/1610
f 1611/1649/1612 1655/1694/1656 1654/1693/1655 1610/1648/1611
f 1612/1650/1613 1656/1695/1657 1655/1694/1656 1611/1649/1612
f 1613/1651/1614 1657/1696/1658 1656/1695/1657 1612/1650/1613
f 1614/1652/1615 1658/1697/1659 1657/1696/1658 1613/1651/1614
f 1615/1653/1616 1659/1698/1660 1658/1697/1659 1614/1652/1615
f 1616/1654/1617 1660/1699/1661 1659/1698/1660 1615/1653/1616
f 1617/1655/1618 1661/1700/1662 1660/1699/1661 1616/1654/1617
f 1618/1656/1619 1662/1701/1663 1661/1700/1662 1617/1655/1618
f 1619/1657/1620 1663/1702/1664 1662/1701/1663 1618/1656/1619
f 1620/1658/1621 1664/1703/1665 1663/1702/1664 1619/1657/1620
f 1621/1659/1622 1665/1704/1666 1664/1703/1665 1620/1658/1621
f 1622/1660/1623 1666/1705/1667 1665/1704/1666 1621/1659/1622
f 1623/1661/1624 1667/1706/1668 1666/1705/1667 1622/1660/1623
f 1624/1662/1625 1668/1707/1669 1667/1706/1668 1623/1661/1624
f 1625/1663/1626 1669/1708/1670 1668/1707/1669 1624/1662/1625
f 1626/1664/1627 1670/1709/1671 1669/1708/1670 1625/1663/1626
f 1627/1665/1628 1671/1710/1672 1670/1709/1671 1626/1664/1627
f 1628/1622/1586 1672/1667/1630 1671/1710/1672 1627/1665/1628
f 1629/1666/1629 1673/1711/1673 1716/1712/1674 1672/1667/1630
f 1630/1668/1631 1674/1713/1675 1673/1714/1673 1629/1669/1629
f 1631/1670/1632 1675/1715/1676 1674/1713/1675 1630/1668/1631
f 1632/1671/1633 1676/1716/1677 1675/1715/1676 1631/1670/1632
f 1633/1672/1634 1677/1717/1678 1676/1716/1677 1632/1671/1633
f 1634/1673/1635 1678/1718/1679 1677/1717/1678 1633/1672/1634
f 1635/1674/1636 1679/1719/1680 1678/1718/1679 1634/1673/1635
f 1636/1675/1637 1680/1720/1681 1679/1719/1680 1635/1674/1636
f 1637/1676/1638 1681/1721/1682 1680/1720/1681 1636/1675/1637
f 1638/1677/1639 1682/1722/1683 1681/1721/1682 1637/1676/1638
f 1639/1678/1640 1683/1723/1684 1682/1722/1683 1638/1677/1639
f 1640/1679/1641 1684/1724/1685 1683/1723/1684 1639/1678/1640
f 1641/1680/1642 1685/1725/1686 1684/1724/1685 1640/1679/1641
f 1642/1681/1643 1686/1726/1687 1685/1725/1686 1641/1680/1642
f 1643/1682/1644 1687/1727/1688 1686/1726/1687 1642/1681/1643
f 1644/1683/1645 1688/1728/1689 1687/1727/1688 1643/1682/1644
f 1645/1684/1646 1689/1729/1690 1688/1728/1689 1644/1683/1645
f 1646/1685/1647 1690/1730/1691 1689/1729/1690 1645/1684/1646
f 1647/1686/1648 1691/1731/1692 1690/1730/1691 1646/1685/1647
f 1648/1687/1649 1692/1732/1693 1691/1731/1692 1647/1686/1648
f 1649/1688/1650 1693/1733/1694 1692/1732/1693 1648/1687/1649
f 1650/1689/1651 1694/1734/1695 1693/1733/1694 1649/1688/1650
f 1651/1690/1652 1695/1735/1696 1694/1734/1695 1650/1689/1651
f 1652/1691/1653 1696/1736/1697 1695/1735/1696 1651/1690/1652
f 1653/1692/1654 1697/1737/1698 1696/1736/1697 1652/1691/1653
f 1654/1693/1655 1698/1738/1699 1697/1737/1698 1653/1692/1654
f 1655/1694/1656 1699/1739/1700 1698/1738/1699 1654/1693/1655
f 1656/1695/1657 1700/1740/1701 1699/1739/1700 1655/1694/1656
f 1657/1696/1658 1701/1741/1702 1700/1740/1701 1656/1695/1657
f 1658/1697/1659 1702/1742/1703 1701/1741/1702 1657/1696/1658
f 1659/1698/1660 1703/1743/1704 1702/1742/1703 1658/1697/1659
f 1660/1699/1661 1704/1744/1705 1703/1743/1704 1659/1698/1660
f 1661/1700/1662 1705/1745/1706 1704/1744/1705 1660/1699/1661
f 1662/1701/1663 1706/1746/1707 1705/1745/1706 1661/1700/1662
f 1663/1702/1664 1707/1747/1708 1706/1746/1707 1662/1701/1663
f 1664/1703/1665 1708/1748/1709 1707/1747/1708 1663/1702/1664
f 1665/1704/1666 1709/1749/1710 1708/1748/1709 1664/1703/1665
f 1666/1705/1667 1710/1750/1711 1709/1749/1710 1665/1704/1666
f 1667/1706/1668 1711/1751/1712 1710/1750/1711 1666/1705/1667
f 1668/1707/1669 1712/1752/1713 1711/1751/1712 1667/1706/1668
f 1669/1708/1670 1713/1753/1714 1712/1752/1713 1668/1707/1669
f 1670/1709/1671 1714/1754/1715 1713/1753/1714 1669/1708/1670
f 1671/1710/1672 1715/1755/1716 1714/1754/1715 1670/1709/1671
f 1672/1667/1630 1716/1712/1674 1715/1755/1716 1671/1710/1672
f 1673/1711/1673 1717/1756/1717 1760/1757/1718 1716/1712/1674
f 1674/1713/1675 1718/1758/1719 1717/1759/1717 1673/1714/1673
f 1675/1715/1676 1719/1760/1720 1718/1758/1719 1674/1713/1675
f 1676/1716/1677 1720/1761/1721 1719/1760/1720 1675/1715/1676
f 1677/1717/1678 1721/1762/1722 1720/1761/1721 1676/1716/1677
f 1678/1718/1679 1722/1763/1723 1721/1762/1722 1677/1717/1678
f 1679/1719/1680 1723/1764/1724 1722/1763/1723 1678/1718/1679
f 1680/1720/1681 1724/1765/1725 1723/1764/1724 1679/1719/1680
f 1681/1721/1682 1725/1766/1726 1724/1765/1725 1680/1720/1681
f 1682/1722/1683 1726/1767/1727 1725/1766/1726 1681/1721/1682
f 1683/1723/1684 1727/1768/1728 1726/1767/1727 1682/1722/1683
f 1684/1724/1685 1728/1769/1729 1727/1768/1728 1683/1723/1684
f 1685/1725/1686 1729/1770/1730 1728/1769/1729 1684/1724/1685
f 1686/1726/1687 1730/1771/1731 1729/1770/1730 1685/1725/1686
f 1687/1727/1688 1731/1772/1732 1730/1771/1731 1686/1726/1687
f 1688/1728/1689 1732/1773/1733 1731/1772/1732 1687/1727/1688
f 1689/1729/1690 1733/1774/1734 1732/1773/1733 1688/1728/1689
f 1690/1730/1691 1734/1775/1735 1733/1774/1734 1689/1729/1690
f 1691/1731/1692 1735/1776/1736 1734/1775/1735 1690/1730/1691
f 1692/1732/1693 1736/1777/1737 1735/1776/1736 1691/1731/1692
f 1693/1733/1694 1737/1778/1738 1736/1777/1737 1692/1732/1693
f 1694/1734/1695 1738/1779/1739 1737/1778/1738 1693/1733/1694
f 1695/1735/1696 1739/1780/1740 1738/1779/1739 1694/1734/1695
f 1696/1736/1697 1740/1781/1741 1739/1780/1740 1695/1735/1696
f 1697/1737/1698 1741/1782/1742 1740/1781/1741 1696/1736/1697
f 1698/1738/1699 1742/1783/1743 1741/1782/1742 1697/1737/1698
f 1699/1739/1700 1743/1784/1744 1742/1783/1743 1698/1738/1699
f 1700/1740/1701 1744/1785/1745 1743/1784/1744 1699/1739/1700
f 1701/1741/1702 1745/1786/1746 1744/1785/1745 1700/1740/1701
f 1702/1742/1703 1746/1787/1747 1745/1786/1746 1701/1741/1702
f 1703/1743/1704 1747/1788/1748 1746/1787/1747 1702/1742/1703
f 1704/1744/1705 1748/1789/1749 1747/1788/1748 1703/1743/1704
f 1705/1745/1706 1749/1790/1750 1748/1789/1749 1704/1744/1705
f 1706/1746/1707 1750/1791/1751 1749/1790/1750 1705/1745/1706
f 1707/1747/1708 1751/1792/1752 1750/1791/1751 1706/1746/1707
f 1708/1748/1709 1752/1793/1753 1751/1792/1752 1707/1747/1708
f 1709/1749/1710 1753/1794/1754 1752/1793/1753 1708/1748/1709
f 1710/1750/1711 1754/1795/1755 1753/1794/1754 1709/1749/1710
f 1711/1751/1712 1755/1796/1756 1754/1795/1755 1710/1750/1711
f 1712/1752/1713 1756/1797/1757 1755/1796/1756 1711/1751/1712
f 1713/1753/1714 1757/1798/1758 1756/1797/1757 1712/1752/1713
f 1714/1754/1715 1758/1799/1759 1757/1798/1758 1713/1753/1714
f 1715/1755/1716 1759/1800/1760 1758/1799/1759 1714/1754/1715
f 1716/1712/1674 1760/1757/1718 1759/1800/1760 1715/1755/1716
f 1717/1756/1717 1761/1801/1761 1804/1802/1762 1760/1757/1718
f 1718/1758/1719 1762/1803/1763 1761/1804/1761 1717/1759/1717
f 1719/1760/1720 1763/1805/1764 1762/1803/1763 1718/1758/1719
f 1720/1761/1721 1764/1806/1765 1763/1805/1764 1719/1760/1720
f 1721/1762/1722 1765/1807/1766 1764/1806/1765 1720/1761/1721
f 1722/1763/1723 1766/1808/1767 1765/1807/1766 1721/1762/1722
f 1723/1764/1724 1767/1809/1768 1766/1808/1767 1722/1763/1723
f 1724/1765/1725 1768/1810/1769 1767/1809/1768 1723/1764/1724
f 1725/1766/1726 1769/1811/1770 1768/1810/1769 1724/1765/1725
f 1726/1767/1727 1770/1812/1771 1769/1811/1770 1725/1766/1726
f 1727/1768/1728 1771/1813/1772 1770/1812/1771 1726/1767/1727
f 1728/1769/1729 1772/1814/1773 1771/1813/1772 1727/1768/1728
f 1729/1770/1730 1773/1815/1774 1772/1814/1773 1728/1769/1729
f 1730/1771/1731 1774/1816/1775 1773/1815/1774 1729/1770/1730
f 1731/1772/1732 1775/1817/1776 1774/1816/1775 1730/1771/1731
f 1732/1773/1733 1776/1818/1777 1775/1817/1776 1731/1772/1732
f 1733/1774/1734 1777/1819/1778 1776/1818/1777 1732/1773/1733
f 1734/1775/1735 1778/1820/1779 1777/1819/1778 1733/1774/1734
f 1735/1776/1736 1779/1821/1780 1778/1820/1779 1734/1775/1735
f 1736/1777/1737 1780/1822/1781 1779/1821/1780 1735/1776/1736
f 1737/1778/1738 1781/1823/1782 1780/1822/1781 1736/1777/1737
f 1738/1779/1739 1782/1824/1783 1781/1823/1782 1737/1778/1738
f 1739/1780/1740 1783/1825/1784 1782/1824/1783 1738/1779/1739
f 1740/1781/1741 1784/1826/1785 1783/1825/1784 1739/1780/1740
f 1741/1782/1742 1785/1827/1786 1784/1826/1785 1740/1781/1741
f 1742/1783/1743 1786/1828/1787 1785/1827/1786 1741/1782/1742
f 1743/1784/1744 1787/1829/1788 1786/1828/1787 1742/1783/1743
f 1744/1785/1745 1788/1830/1789 1787/1829/1788 1743/1784/1744
f 1745/1786/1746 1789/1831/1790 1788/1830/1789 1744/1785/1745
f 1746/1787/1747 1790/1832/1791 1789/1831/1790 1745/1786/1746
f 1747/1788/1748 1791/1833/1792 1790/1832/1791 1746/1787/1747
f 1748/1789/1749 1792/1834/1793 1791/1833/1792 1747/1788/1748
f 1749/1790/1750 1793/1835/1794 1792/1834/1793 1748/1789/1749
f 1750/1791/1751 1794/1836/1795 1793/1835/1794 1749/1790/1750
f 1751/1792/1752 1795/1837/1796 1794/1836/1795 1750/1791/1751
f 1752/1793/1753 1796/1838/1797 1795/1837/1796 1751/1792/1752
f 1753/1794/1754 1797/1839/1798 1796/1838/1797 1752/1793/1753
f 1754/1795/1755 1798/1840/1799 1797/1839/1798 1753/1794/1754
f 1755/1796/1756 1799/1841/1800 1798/1840/1799 1754/1795/1755
f 1756/1797/1757 1800/1842/1801 1799/1841/1800 1755/1796/1756
f 1757/1798/1758 1801/1843/1802 1800/1842/1801 1756/1797/1757
f 1758/1799/1759 1802/1844/1803 1801/1843/1802 1757/1798/1758
f 1759/1800/1760 1803/1845/1804 1802/1844/1803 1758/1799/1759
f 1760/1757/1718 1804/1802/1762 1803/1845/1804 1759/1800/1760
f 1761/1801/1761 1805/1846/1805 1848/1847/1806 1804/1802/1762
f 1762/1803/1763 1806/1848/1807 1805/1849/1805 1761/1804/1761
f 1763/1805/1764 1807/1850/1808 1806/1848/1807 1762/1803/1763
f 1764/1806/1765 1808/1851/1809 1807/1850/1808 1763/1805/1764
f 1765/1807/1766 1809/1852/1810 1808/1851/1809 1764/1806/1765
f 1766/1808/1767 1810/1853/1811 1809/1852/1810 1765/1807/1766
f 1767/1809/1768 1811/1854/1812 1810/1853/1811 1766/1808/1767
f 1768/1810/1769 1812/1855/1813 1811/1854/1812 1767/1809/1768
f 1769/1811/1770 1813/1856/1814 1812/1855/1813 1768/1810/1769
f 1770/1812/1771 1814/1857/1815 1813/1856/1814 1769/1811/1770
f 1771/1813/1772 1815/1858/1816 1814/1857/1815 1770/1812/1771
f 1772/1814/1773 1816/1859/1817 1815/1858/1816 1771/1813/1772
f 1773/1815/1774 1817/1860/1818 1816/1859/1817 1772/1814/1773
f 1774/1816/1775 1818/1861/1819 1817/1860/1818 1773/1815/1774
f 1775/1817/1776 1819/1862/1820 1818/1861/1819 1774/1816/1775
f 1776/1818/1777 1820/1863/1821 1819/1862/1820 1775/1817/1776
f 1777/1819/1778 1821/1864/1822 1820/1863/1821 1776/1818/1777
f 1778/1820/1779 1822/1865/1823 1821/1864/1822 1777/1819/1778
f 1779/1821/1780 1823/1866/1824 1822/1865/1823 1778/1820/1779
f 1780/1822/1781 1824/1867/1825 1823/1866/1824 1779/1821/1780
f 1781/1823/1782 1825/1868/1826 1824/1867/1825 1780/1822/1781
f 1782/1824/1783 1826/1869/1827 1825/1868/1826 1781/1823/1782
f 1783/1825/1784 1827/1870/1828 1826/1869/1827 1782/1824/1783
f 1784/1826/1785 1828/1871/1829 1827/1870/1828 1783/1825/1784
f 1785/1827/1786 1829/1872/1830 1828/1871/1829 1784/1826/1785
f 1786/1828/1787 1830/1873/1831 1829/1872/1830 1785/1827/1786
f 1787/1829/1788 1831/1874/1832 1830/1873/1831 1786/1828/1787
f 1788/1830/1789 1832/1875/1833 1831/1874/1832 1787/1829/1788
f 1789/1831/1790 1833/1876/1834 1832/1875/1833 1788/1830/1789
f 1790/1832/1791 1834/1877/1835 1833/1876/1834 1789/1831/1790
f 1791/1833/1792 1835/1878/1836 1834/1877/1835 1790/1832/1791
f 1792/1834/1793 1836/1879/1837 1835/1878/1836 1791/1833/1792
f 1793/1835/1794 1837/1880/1838 1836/1879/1837 1792/1834/1793
f 1794/1836/1795 1838/1881/1839 1837/1880/1838 1793/1835/1794
f 1795/1837/1796 1839/1882/1840 1838/1881/1839 1794/1836/1795
f 1796/1838/1797 1840/1883/1841 1839/1882/1840 1795/1837/1796
f 1797/1839/1798 1841/1884/1842 1840/1883/1841 1796/1838/1797
f 1798/1840/1799 1842/1885/1843 1841/1884/1842 1797/1839/1798
f 1799/1841/1800 1843/1886/1844 1842/1885/1843 1798/1840/1799
f 1800/1842/1801 1844/1887/1845 1843/1886/1844 1799/1841/1800
f 1801/1843/1802 1845/1888/1846 1844/1887/1845 1800/1842/1801
f 1802/1844/1803 1846/1889/1847 1845/1888/1846 1801/1843/1802
f 1803/1845/1804 1847/1890/1848 1846/1889/1847 1802/1844/1803
f 1804/1802/1762 1848/1847/1806 1847/1890/1848 1803/1845/1804
f 1805/1846/1805 1849/1891/1849 1892/1892/1850 1848/1847/1806
f 1806/1848/1807 1850/1893/1851 1849/1894/1849 1805/1849/1805
f 1807/1850/1808 1851/1895/1852 1850/1893/1851 1806/1848/1807
f 1808/1851/1809 1852/1896/1853 1851/1895/1852 1807/1850/1808
f 1809/1852/1810 1853/1897/1854 1852/1896/1853 1808/1851/1809
f 1810/1853/1811 1854/1898/1855 1853/1897/1854 1809/1852/1810
f 1811/1854/1812 1855/1899/1856 1854/1898/1855 1810/1853/1811
f 1812/1855/1813 1856/1900/1857 1855/1899/1856 1811/1854/1812
f 1813/1856/1814 1857/1901/1858 1856/1900/1857 1812/1855/1813
f 1814/1857/1815 1858/1902/1859 1857/1901/1858 1813/1856/1814
f 1815/1858/1816 1859/1903/1860 1858/1902/1859 1814/1857/1815
f 1816/1859/1817 1860/1904/1861 1859/1903/1860 1815/1858/1816
f 1817/1860/1818 1861/1905/1862 1860/1904/1861 1816/1859/1817
f 1818/1861/1819 1862/1906/1863 1861/1905/1862 1817/1860/1818
f 1819/1862/1820 1863/1907/1864 1862/1906/1863 1818/1861/1819
f 1820/1863/1821 1864/1908/1865 1863/1907/1864 1819/1862/1820
f 1821/1864/1822 1865/1909/1866 1864/1908/1865 1820/1863/1821
f 1822/1865/1823 1866/1910/1867 1865/1909/1866 1821/1864/1822
f 1823/1866/1824 1867/1911/1868 1866/1910/1867 1822/1865/1823
f 1824/1867/1825 1868/1912/1869 1867/1911/1868 1823/1866/1824
f 1825/1868/1826 1869/1913/1870 1868/1912/1869 1824/1867/1825
f 1826/1869/1827 1870/1914/1871 1869/1913/1870 1825/1868/1826
f 1827/1870/1828 1871/1915/1872 1870/1914/1871 1826/1869/1827
f 1828/1871/1829 1872/1916/1873 1871/1915/1872 1827/1870/1828
f 1829/1872/1830 1873/1917/1874 1872/1916/1873 1828/1871/1829
f 1830/1873/1831 1874/1918/1875 1873/1917/1874 1829/1872/1830
f 1831/1874/1832 1875/1919/1876 1874/1918/1875 1830/1873/1831
f 1832/1875/1833 1876/1920/1877 1875/1919/1876 1831/1874/1832
f 1833/1876/1834 1877/1921/1878 1876/1920/1877 1832/1875/1833
f 1834/1877/1835 1878/1922/1879 1877/1921/1878 1833/1876/1834
f 1835/1878/1836 1879/1923/1880 1878/1922/1879 1834/1877/1835
f 1836/1879/1837 1880/1924/1881 1879/1923/1880 1835/1878/1836
f 1837/1880/1838 1881/1925/1882 1880/1924/1881 1836/1879/1837
f 1838/1881/1839 1882/1926/1883 1881/1925/1882 1837/1880/1838
f 1839/1882/1840 1883/1927/1884 1882/1926/1883 1838/1881/1839
f 1840/1883/1841 1884/1928/1885 1883/1927/1884 1839/1882/1840
f 1841/1884/1842 1885/1929/1886 1884/1928/1885 1840/1883/1841
f 1842/1885/1843 1886/1930/1887 1885/1929/1886 1841/1884/1842
f 1843/1886/1844 1887/1931/1888 1886/1930/1887 1842/1885/1843
f 1844/1887/1845 1888/1932/1889 1887/1931/1888 1843/1886/1844
f 1845/1888/1846 1889/1933/1890 1888/1932/1889 1844/1887/1845
f 1846/1889/1847 1890/1934/1891 1889/1933/1890 1845/1888/1846
f 1847/1890/1848 1891/1935/1892 1890/1934/1891 1846/1889/1847
f 1848/1847/1806 1892/1892/1850 1891/1935/1892 1847/1890/1848
f 1849/1891/1849 1893/1936/1893 1936/1937/1894 1892/1892/1850
f 1850/1893/1851 1894/1938/1895 1893/1939/1893 1849/1894/1849
f 1851/1895/1852 1895/1940/1896 1894/1938/1895 1850/1893/1851
f 1852/1896/1853 1896/1941/1897 1895/1940/1896 1851/1895/1852
f 1853/1897/1854 1897/1942/1898 1896/1941/1897 1852/1896/1853
f 1854/1898/1855 1898/1943/1899 1897/1942/1898 1853/1897/1854
f 1855/1899/1856 1899/1944/1900 1898/1943/1899 1854/1898/1855
f 1856/1900/1857 1900/1945/1901 1899/1944/1900 1855/1899/1856
f 1857/1901/1858 1901/1946/1902 1900/1945/1901 1856/1900/1857
f 1858/1902/1859 1902/1947/1903 1901/1946/1902 1857/1901/1858
f 1859/1903/1860 1903/1948/1904 1902/1947/1903 1858/1902/1859
f 1860/1904/1861 1904/1949/1905 1903/1948/1904 1859/1903/1860
f 1861/1905/1862 1905/1950/1906 1904/1949/1905 1860/1904/1861
f 1862/1906/1863 1906/1951/1907 1905/1950/1906 1861/1905/1862
f 1863/1907/1864 1907/1952/1908 1906/1951/1907 1862/1906/1863
f 1864/1908/1865 1908/1953/1909 1907/1952/1908 1863/1907/1864
f 1865/1909/1866 1909/1954/1910 1908/1953/1909 1864/1908/1865
f 1866/1910/1867 1910/1955/1911 1909/1954/1910 1865/1909/1866
f 1867/1911/1868 1911/1956/1912 1910/1955/1911 1866/1910/1867
f 1868/1912/1869 1912/1957/1913 1911/1956/1912 1867/1911/1868
f 1869/1913/1870 1913/1958/1914 1912/1957/1913 1868/1912/1869
f 1870/1914/1871 1914/1959/1915 1913/1958/1914 1869/1913/1870
f 1871/1915/1872 1915/1960/1916 1914/1959/1915 1870/1914/1871
f 1872/1916/1873 1916/1961/1917 1915/1960/1916 1871/1915/1872
f 1873/1917/1874 1917/1962/1918 1916/1961/1917 1872/1916/1873
f 1874/1918/1875 1918/1963/1919 1917/1962/1918 1873/1917/1874
f 1875/1919/1876 1919/1964/1920 1918/1963/1919 1874/1918/1875
f 1876/1920/1877 1920/1965/1921 1919/1964/1920 1875/1919/1876
f 1877/1921/1878 1921/1966/1922 1920/1965/1921 1876/1920/1877
f 1878/1922/1879 1922/1967/1923 1921/1966/1922 1877/1921/1878
f 1879/1923/1880 1923/1968/1924 1922/1967/1923 1878/1922/1879
f 1880/1924/1881 1924/1969/1925 1923/1968/1924 1879/1923/1880
f 1881/1925/1882 1925/1970/1926 1924/1969/1925 1880/1924/1881
f 1882/1926/1883 1926/1971/1927 1925/1970/1926 1881/1925/1882
f 1883/1927/1884 1927/1972/1928 1926/1971/1927 1882/1926/1883
f 1884/1928/1885 1928/1973/1929 1927/1972/1928 1883/1927/1884
f 1885/1929/1886 1929/1974/1930 1928/1973/1929 1884/1928/1885
f 1886/1930/1887 1930/1975/1931 1929/1974/1930 1885/1929/1886
f 1887/1931/1888 1931/1976/1932 1930/1975/1931 1886/1930/1887
f 1888/1932/1889 1932/1977/1933 1931/1976/1932 1887/1931/1888
f 1889/1933/1890 1933/1978/1934 1932/1977/1933 1888/1932/1889
f 1890/1934/1891 1934/1979/1935 1933/1978/1934 1889/1933/1890
f 1891/1935/1892 1935/1980/1936 1934/1979/1935 1890/1934/1891
f 1892/1892/1850 1936/1937/1894 1935/1980/1936 1891/1935/1892
f 1893/1936/1893 1937/1981/1937 1980/1982/1938 1936/1937/1894
f 1894/1938/1895 1938/1983/1939 1937/1984/1937 1893/1939/1893
f 1895/1940/1896 1939/1985/1940 1938/1983/1939 1894/1938/1895
f 1896/1941/1897 1940/1986/1941 1939/1985/1940 1895/1940/1896
f 1897/1942/1898 1941/1987/1942 1940/1986/1941 1896/1941/1897
f 1898/1943/1899 1942/1988/1943 1941/1987/1942 1897/1942/1898
f 1899/1944/1900 1943/1989/1944 1942/1988/1943 1898/1943/1899
f 1900/1945/1901 1944/1990/1945 1943/1989/1944 1899/1944/1900
f 1901/1946/1902 1945/1991/1946 1944/1990/1945 1900/1945/1901
f 1902/1947/1903 1946/1992/1947 1945/1991/1946 1901/1946/1902
f 1903/1948/1904 1947/1993/1948 1946/1992/1947 1902/1947/1903
f 1904/1949/1905 1948/1994/1949 1947/1993/1948 1903/1948/1904
f 1905/1950/1906 1949/1995/1950 1948/1994/1949 1904/1949/1905
f 1906/1951/1907 1950/1996/1951 1949/1995/1950 1905/1950/1906
f 1907/1952/1908 1951/1997/1952 1950/1996/1951 1906/1951/1907
f 1908/1953/1909 1952/1998/1953 1951/1997/1952 1907/1952/1908
f 1909/1954/1910 1953/1999/1954 1952/1998/1953 1908/1953/1909
f 1910/1955/1911 1954/2000/1955 1953/1999/1954 1909/1954/1910
f 1911/1956/1912 1955/2001/1956 1954/2000/1955 1910/1955/1911
f 1912/1957/1913 1956/2002/1957 1955/2001/1956 1911/1956/1912
f 1913/1958/1914 1957/2003/1958 1956/2002/1957 1912/1957/1913
f 1914/1959/1915 1958/2004/1959 1957/2003/1958 1913/1958/1914
f 1915/1960/1916 1959/2005/1960 1958/2004/1959 1914/1959/1915
f 1916/1961/1917 1960/2006/1961 1959/2005/1960 1915/1960/1916
f 1917/1962/1918 1961/2007/1962 1960/2006/1961 1916/1961/1917
f 1918/1963/1919 1962/2008/1963 1961/2007/1962 1917/1962/1918
f 1919/1964/1920 1963/2009/1964 1962/2008/1963 1918/1963/1919
f 1920/1965/1921 1964/2010/1965 1963/2009/1964 1919/1964/1920
f 1921/1966/1922 1965/2011/1966 1964/2010/1965 1920/1965/1921
f 1922/1967/1923 1966/2012/1967 1965/2011/1966 1921/1966/1922
f 1923/1968/1924 1967/2013/1968 1966/2012/1967 1922/1967/1923
f 1924/1969/1925 1968/2014/1969 1967/2013/1968 1923/1968/1924
f 1925/1970/1926 1969/2015/1970 1968/2014/1969 1924/1969/1925
f 1926/1971/1927 1970/2016/1971 1969/2015/1970 1925/1970/1926
f 1927/1972/1928 1971/2017/1972 1970/2016/1971 1926/1971/1927
f 1928/1973/1929 1972/2018/1973 1971/2017/1972 1927/1972/1928
f 1929/1974/1930 1973/2019/1974 1972/2018/1973 1928/1973/1929
f 1930/1975/1931 1974/2020/1975 1973/2019/1974 1929/1974/1930
f 1931/1976/1932 1975/2021/1976 1974/2020/1975 1930/1975/1931
f 1932/1977/1933 1976/2022/1977 1975/2021/1976 1931/1976/1932
f 1933/1978/1934 1977/2023/1978 1976/2022/1977 1932/1977/1933
f 1934/1979/1935 1978/2024/1979 1977/2023/1978 1933/1978/1934
f 1935/1980/1936 1979/2025/1980 1978/2024/1979 1934/1979/1935
f 1936/1937/1894 1980/1982/1938 1979/2025/1980 1935/1980/1936
f 1937/1981/1937 1981/2026/1981 2024/2027/1982 1980/1982/1938
f 1938/1983/1939 1982/2028/1983 1981/2029/1981 1937/1984/1937
f 1939/1985/1940 1983/2030/1984 1982/2028/1983 1938/1983/1939
f 1940/1986/1941 1984/2031/1985 1983/2030/1984 1939/1985/1940
f 1941/1987/1942 1985/2032/1986 1984/2031/1985 1940/1986/1941
f 1942/1988/1943 1986/2033/1987 1985/2032/1986 1941/1987/1942
f 1943/1989/1944 1987/2034/1988 1986/2033/1987 1942/1988/1943
f 1944/1990/1945 1988/2035/1989 1987/2034/1988 1943/1989/1944
f 1945/1991/1946 1989/2036/1990 1988/2035/1989 1944/1990/1945
f 1946/1992/1947 1990/2037/1991 1989/2036/1990 1945/1991/1946
f 1947/1993/1948 1991/2038/1992 1990/2037/1991 1946/1992/1947
f 1948/1994/1949 1992/2039/1993 1991/2038/1992 1947/1993/1948
f 1949/1995/1950 1993/2040/1994 1992/2039/1993 1948/1994/1949
f 1950/1996/1951 1994/2041/1995 1993/2040/1994 1949/1995/1950
f 1951/1997/1952 1995/2042/1996 1994/2041/1995 1950/1996/1951
f 1952/1998/1953 1996/2043/1997 1995/2042/1996 1951/1997/1952
f 1953/1999/1954 1997/2044/1998 1996/2043/1997 1952/1998/1953
f 1954/2000/1955 1998/2045/1999 1997/2044/1998 1953/1999/1954
f 1955/2001/1956 1999/2046/2000 1998/2045/1999 1954/2000/1955
f 1956/2002/1957 2000/2047/2001 1999/2046/2000 1955/2001/1956
f 1957/2003/1958 2001/2048/2002 2000/2047/2001 1956/2002/1957
f 1958/2004/1959 2002/2049/2003 2001/2048/2002 1957/2003/1958
f 1959/2005/1960 2003/2050/2004 2002/2049/2003 1958/2004/1959
f 1960/2006/1961 2004/2051/2005 2003/2050/2004 1959/2005/1960
f 1961/2007/1962 2005/2052/2006 2004/2051/2005 1960/2006/1961
f 1962/2008/1963 2006/2053/2007 2005/2052/2006 1961/2007/1962
f 1963/2009/1964 2007/2054/2008 2006/2053/2007 1962/2008/1963
f 1964/2010/1965 2008/2055/2009 2007/2054/2008 1963/2009/1964
f 1965/2011/1966 2009/2056/2010 2008/2055/2009 1964/2010/1965
f 1966/2012/1967 2010/2057/2011 2009/2056/2010 1965/2011/1966
f 1967/2013/1968 2011/2058/2012 2010/2057/2011 1966/2012/1967
f 1968/2014/1969 2012/2059/2013 2011/2058/2012 1967/2013/1968
f 1969/2015/1970 2013/2060/2014 2012/2059/2013 1968/2014/1969
f 1970/2016/1971 2014/2061/2015 2013/2060/2014 1969/2015/1970
f 1971/2017/1972 2015/2062/2016 2014/2061/2015 1970/2016/1971
f 1972/2018/1973 2016/2063/2017 2015/2062/2016 1971/2017/1972
f 1973/2019/1974 2017/2064/2018 2016/2063/2017 1972/2018/1973
f 1974/2020/1975 2018/2065/2019 2017/2064/2018 1973/2019/1974
f 1975/2021/1976 2019/2066/2020 2018/2065/2019 1974/2020/1975
f 1976/2022/1977 2020/2067/2021 2019/2066/2020 1975/2021/1976
f 1977/2023/1978 2021/2068/2022 2020/2067/2021 1976/2022/1977
f 1978/2024/1979 2022/2069/2023 2021/2068/2022 1977/2023/1978
f 1979/2025/1980 2023/2070/2024 2022/2069/2023 1978/2024/1979
f 1980/1982/1938 2024/2027/1982 2023/2070/2024 1979/2025/1980
f 1981/2026/1981 2025/2071/2025 2068/2072/2026 2024/2027/1982
f 1982/2028/1983 2026/2073/2027 2025/2074/2025 1981/2029/1981
f 1983/2030/1984 2027/2075/2028 2026/2073/2027 1982/2028/1983
f 1984/2031/1985 2028/2076/2029 2027/2075/2028 1983/2030/1984
f 1985/2032/1986 2029/2077/2030 2028/2076/2029 1984/2031/1985
f 1986/2033/1987 2030/2078/2031 2029/2077/2030 1985/2032/1986
f 1987/2034/1988 2031/2079/2032 2030/2078/2031 1986/2033/1987
f 1988/2035/1989 2032/2080/2033 2031/2079/2032 1987/2034/1988
f 1989/2036/1990 2033/2081/2034 2032/2080/2033 1988/2035/1989
f 1990/2037/1991 2034/2082/2035 2033/2081/2034 1989/2036/1990
f 1991/2038/1992 2035/2083/2036 2034/2082/2035 1990/2037/1991
f 1992/2039/1993 2036/2084/2037 2035/2083/2036 1991/2038/1992
f 1993/2040/1994 2037/2085/2038 2036/2084/2037 1992/2039/1993
f 1994/2041/1995 2038/2086/2039 2037/2085/2038 1993/2040/1994
f 1995/2042/1996 2039/2087/2040 2038/2086/2039 1994/2041/1995
f 1996/2043/1997 2040/2088/2041 2039/2087/2040 1995/2042/1996
f 1997/2044/1998 2041/2089/2042 2040/2088/2041 1996/2043/1997
f 1998/2045/1999 2042/2090/2043 2041/2089/2042 1997/2044/1998
f 1999/2046/2000 2043/2091/2044 2042/2090/2043 1998/2045/1999
f 2000/2047/2001 2044/2092/2045 2043/2091/2044 1999/2046/2000
f 2001/2048/2002 2045/2093/2046 2044/2092/2045 2000/2047/2001
f 2002/2049/2003 2046/2094/2047 2045/2093/2046 2001/2048/2002
f 2003/2050/2004 2047/2095/2048 2046/2094/2047 2002/2049/2003
f 2004/2051/2005 2048/2096/2049 2047/2095/2048 2003/2050/2004
f 2005/2052/2006 2049/2097/2050 2048/2096/2049 2004/2051/2005
f 2006/2053/2007 2050/2098/2051 2049/2097/2050 2005/2052/2006
f 2007/2054/2008 2051/2099/2052 2050/2098/2051 2006/2053/2007
f 2008/2055/2009 2052/2100/2053 2051/2099/2052 2007/2054/2008
f 2009/2056/2010 2053/2101/2054 2052/2100/2053 2008/2055/2009
f 2010/2057/2011 2054/2102/2055 2053/2101/2054 2009/2056/2010
f 2011/2058/2012 2055/2103/2056 2054/2102/2055 2010/2057/2011
f 2012/2059/2013 2056/2104/2057 2055/2103/2056 2011/2058/2012
f 2013/2060/2014 2057/2105/2058 2056/2104/2057 2012/2059/2013
f 2014/2061/2015 2058/2106/2059 2057/2105/2058 2013/2060/2014
f 2015/2062/2016 2059/2107/2060 2058/2106/2059 2014/2061/2015
f 2016/2063/2017 2060/2108/2061 2059/2107/2060 2015/2062/2016
f 2017/2064/2018 2061/2109/2062 2060/2108/2061 2016/2063/2017
f 2018/2065/2019 2062/2110/2063 2061/2109/2062 2017/2064/2018
f 2019/2066/2020 2063/2111/2064 2062/2110/2063 2018/2065/2019
f 2020/2067/2021 2064/2112/2065 2063/2111/2064 2019/2066/2020
f 2021/2068/2022 2065/2113/2066 2064/2112/2065 2020/2067/2021
f 2022/2069/2023 2066/2114/2067 2065/2113/2066 2021/2068/2022
f 2023/2070/2024 2067/2115/2068 2066/2114/2067 2022/2069/2023
f 2024/2027/1982 2068/2072/2026 2067/2115/2068 2023/2070/2024
f 2025/2071/2025 2069/2116/2069 2112/2117/2070 2068/2072/2026
f 2026/2073/2027 2070/2118/2071 2069/2119/2069 2025/2074/2025
f 2027/2075/2028 2071/2120/2072 2070/2118/2071 2026/2073/2027
f 2028/2076/2029 2072/2121/2073 2071/2120/2072 2027/2075/2028
f 2029/2077/2030 2073/2122/2074 2072/2121/2073 2028/2076/2029
f 2030/2078/2031 2074/2123/2075 2073/2122/2074 2029/2077/2030
f 2031/2079/2032 2075/2124/2076 2074/2123/2075 2030/2078/2031
f 2032/2080/2033 2076/2125/2077 2075/2124/2076 2031/2079/2032
f 2033/2081/2034 2077/2126/2078 2076/2125/2077 2032/2080/2033
f 2034/2082/2035 2078/2127/2079 2077/2126/2078 2033/2081/2034
f 2035/2083/2036 2079/2128/2080 2078/2127/2079 2034/2082/2035
f 2036/2084/2037 2080/2129/2081 2079/2128/2080 2035/2083/2036
f 2037/2085/2038 2081/2130/2082 2080/2129/2081 2036/2084/2037
f 2038/2086/2039 2082/2131/2083 2081/2130/2082 2037/2085/2038
f 2039/2087/2040 2083/2132/2084 2082/2131/2083 2038/2086/2039
f 2040/2088/2041 2084/2133/2085 2083/2132/2084 2039/2087/2040
f 2041/2089/2042 2085/2134/2086 2084/2133/2085 2040/2088/2041
f 2042/2090/2043 2086/2135/2087 2085/2134/2086 2041/2089/2042
f 2043/2091/2044 2087/2136/2088 2086/2135/2087 2042/2090/2043
f 2044/2092/2045 2088/2137/2089 2087/2136/2088 2043/2091/2044
f 2045/2093/2046 2089/2138/2090 2088/2137/2089 2044/2092/2045
f 2046/2094/2047 2090/2139/2091 2089/2138/2090 2045/2093/2046
f 2047/2095/2048 2091/2140/2092 2090/2139/2091 2046/2094/2047
f 2048/2096/2049 2092/2141/2093 2091/2140/2092 2047/2095/2048
f 2049/2097/2050 2093/2142/2094 2092/2141/2093 2048/2096/2049
f 2050/2098/2051 2094/2143/2095 2093/2142/2094 2049/2097/2050
f 2051/2099/2052 2095/2144/2096 2094/2143/2095 2050/2098/2051
f 2052/2100/2053 2096/2145/2097 2095/2144/2096 2051/2099/2052
f 2053/2101/2054 2097/2146/2098 2096/2145/2097 2052/2100/2053
f 2054/2102/2055 2098/2147/2099 2097/2146/2098 2053/2101/2054
f 2055/2103/2056 2099/2148/2100 2098/2147/2099 2054/2102/2055
f 2056/2104/2057 2100/2149/2101 2099/2148/2100 2055/2103/2056
f 2057/2105/2058 2101/2150/2102 2100/2149/2101 2056/2104/2057
f 2058/2106/2059 2102/2151/2103 2101/2150/2102 2057/2105/2058
f 2059/2107/2060 2103/2152/2104 2102/2151/2103 2058/2106/2059
f 2060/2108/2061 2104/2153/2105 2103/2152/2104 2059/2107/2060
f 2061/2109/2062 2105/2154/2106 2104/2153/2105 2060/2108/2061
f 2062/2110/2063 2106/2155/2107 2105/2154/2106 2061/2109/2062
f 2063/2111/2064 2107/2156/2108 2106/2155/2107 2062/2110/2063
f 2064/2112/2065 2108/2157/2109 2107/2156/2108 2063/2111/2064
f 2065/2113/2066 2109/2158/2110 2108/2157/2109 2064/2112/2065
f 2066/2114/2067 2110/2159/2111 2109/2158/2110 2065/2113/2066
f 2067/2115/2068 2111/2160/2112 2110/2159/2111 2066/2114/2067
f 2068/2072/2026 2112/2117/2070 2111/2160/2112 2067/2115/2068
f 2069/2116/2069 2113/2161/2113 2156/2162/2114 2112/2117/2070
f 2070/2118/2071 2114/2163/2115 2113/2164/2113 2069/2119/2069
f 2071/2120/2072 2115/2165/2116 2114/2163/2115 2070/2118/2071
f 2072/2121/2073 2116/2166/2117 2115/2165/2116 2071/2120/2072
f 2073/2122/2074 2117/2167/2118 2116/2166/2117 2072/2121/2073
f 2074/2123/2075 2118/2168/2119 2117/2167/2118 2073/2122/2074
f 2075/2124/2076 2119/2169/2120 2118/2168/2119 2074/2123/2075
f 2076/2125/2077 2120/2170/2121 2119/2169/2120 2075/2124/2076
f 2077/2126/2078 2121/2171/2122 2120/2170/2121 2076/2125/2077
f 2078/2127/2079 2122/2172/2123 2121/2171/2122 2077/2126/2078
f 2079/2128/2080 2123/2173/2124 2122/2172/2123 2078/2127/2079
f 2080/2129/2081 2124/2174/2125 2123/2173/2124 2079/2128/2080
f 2081/2130/2082 2125/2175/2126 2124/2174/2125 2080/2129/2081
f 2082/2131/2083 2126/2176/2127 2125/2175/2126 2081/2130/2082
f 2083/2132/2084 2127/2177/2128 2126/2176/2127 2082/2131/2083
f 2084/2133/2085 2128/2178/2129 2127/2177/2128 2083/2132/2084
f 2085/2134/2086 2129/2179/2130 2128/2178/2129 2084/2133/2085
f 2086/2135/2087 2130/2180/2131 2129/2179/2130 2085/2134/2086
f 2087/2136/2088 2131/2181/2132 2130/2180/2131 2086/2135/2087
f 2088/2137/2089 2132/2182/2133 2131/2181/2132 2087/2136/2088
f 2089/2138/2090 2133/2183/2134 2132/2182/2133 2088/2137/2089
f 2090/2139/2091 2134/2184/2135 2133/2183/2134 2089/2138/2090
f 2091/2140/2092 2135/2185/2136 2134/2184/2135 2090/2139/2091
f 2092/2141/2093 2136/2186/2137 2135/2185/2136 2091/2140/2092
f 2093/2142/2094 2137/2187/2138 2136/2186/2137 2092/2141/2093
f 2094/2143/2095 2138/2188/2139 2137/2187/2138 2093/2142/2094
f 2095/2144/2096 2139/2189/2140 2138/2188/2139 2094/2143/2095
f 2096/2145/2097 2140/2190/2141 2139/2189/2140 2095/2144/2096
f 2097/2146/2098 2141/2191/2142 2140/2190/2141 2096/2145/2097
f 2098/2147/2099 2142/2192/2143 2141/2191/2142 2097/2146/2098
f 2099/2148/2100 2143/2193/2144 2142/2192/2143 2098/2147/2099
f 2100/2149/2101 2144/2194/2145 2143/2193/2144 2099/2148/2100
f 2101/2150/2102 2145/2195/2146 2144/2194/2145 2100/2149/2101
f 2102/2151/2103 2146/2196/2147 2145/2195/2146 2101/2150/2102
f 2103/2152/2104 2147/2197/2148 2146/2196/2147 2102/2151/2103
f 2104/2153/2105 2148/2198/2149 2147/2197/2148 2103/2152/2104
f 2105/2154/2106 2149/2199/2150 2148/2198/2149 2104/2153/2105
f 2106/2155/2107 2150/2200/2151 2149/2199/2150 2105/2154/2106
f 2107/2156/2108 2151/2201/2152 2150/2200/2151 2106/2155/2107
f 2108/2157/2109 2152/2202/2153 2151/2201/2152 2107/2156/2108
f 2109/2158/2110 2153/2203/2154 2152/2202/2153 2108/2157/2109
f 2110/2159/2111 2154/2204/2155 2153/2203/2154 2109/2158/2110
f 2111/2160/2112 2155/2205/2156 2154/2204/2155 2110/2159/2111
f 2112/2117/2070 2156/2162/2114 2155/2205/2156 2111/2160/2112
f 2113/2161/2113 2157/2206/2157 2200/2207/2158 2156/2162/2114
f 2114/2163/2115 2158/2208/2159 2157/2209/2157 2113/2164/2113
f 2115/2165/2116 2159/2210/2160 2158/2208/2159 2114/2163/2115
f 2116/2166/2117 2160/2211/2161 2159/2210/2160 2115/2165/2116
f 2117/2167/2118 2161/2212/2162 2160/2211/2161 2116/2166/2117
f 2118/2168/2119 2162/2213/2163 2161/2212/2162 2117/2167/2118
f 2119/2169/2120 2163/2214/2164 2162/2213/2163 2118/2168/2119
f 2120/2170/2121 2164/2215/2165 2163/2214/2164 2119/2169/2120
f 2121/2171/2122 2165/2216/2166 2164/2215/2165 2120/2170/2121
f 2122/2172/2123 2166/2217/2167 2165/2216/2166 2121/2171/2122
f 2123/2173/2124 2167/2218/2168 2166/2217/2167 2122/2172/2123
f 2124/2174/2125 2168/2219/2169 2167/2218/2168 2123/2173/2124
f 2125/2175/2126 2169/2220/2170 2168/2219/2169 2124/2174/2125
f 2126/2176/2127 2170/2221/2171 2169/2220/2170 2125/2175/2126
f 2127/2177/2128 2171/2222/2172 2170/2221/2171 2126/2176/2127
f 2128/2178/2129 2172/2223/2173 2171/2222/2172 2127/2177/2128
f 2129/2179/2130 2173/2224/2174 2172/2223/2173 2128/2178/2129
f 2130/2180/2131 2174/2225/2175 2173/2224/2174 2129/2179/2130
f 2131/2181/2132 2175/2226/2176 2174/2225/2175 2130/2180/2131
f 2132/2182/2133 2176/2227/2177 2175/2226/2176 2131/2181/2132
f 2133/2183/2134 2177/2228/2178 2176/2227/2177 2132/2182/2133
f 2134/2184/2135 2178/2229/2179 2177/2228/2178 2133/2183/2134
f 2135/2185/2136 2179/2230/2180 2178/2229/2179 2134/2184/2135
f 2136/2186/2137 2180/2231/2181 2179/2230/2180 2135/2185/2136
f 2137/2187/2138 2181/2232/2182 2180/2231/2181 2136/2186/2137
f 2138/2188/2139 2182/2233/2183 2181/2232/2182 2137/2187/2138
f 2139/2189/2140 2183/2234/2184 2182/2233/2183 2138/2188/2139
f 2140/2190/2141 2184/2235/2185 2183/2234/2184 2139/2189/2140
f 2141/2191/2142 2185/2236/2186 2184/2235/2185 2140/2190/2141
f 2142/2192/2143 2186/2237/2187 2185/2236/2186 2141/2191/2142
f 2143/2193/2144 2187/2238/2188 2186/2237/2187 2142/2192/2143
f 2144/2194/2145 2188/2239/2189 2187/2238/2188 2143/2193/2144
f 2145/2195/2146 2189/2240/2190 2188/2239/2189 2144/2194/2145
f 2146/2196/2147 2190/2241/2191 2189/2240/2190 2145/2195/2146
f 2147/2197/2148 2191/2242/2192 2190/2241/2191 2146/2196/2147
f 2148/2198/2149 2192/2243/2193 2191/2242/2192 2147/2197/2148
f 2149/2199/2150 2193/2244/2194 2192/2243/2193 2148/2198/2149
f 2150/2200/2151 2194/2245/2195 2193/2244/2194 2149/2199/2150
f 2151/2201/2152 2195/2246/2196 2194/2245/2195 2150/2200/2151
f 2152/2202/2153 2196/2247/2197 2195/2246/2196 2151/2201/2152
f 2153/2203/2154 2197/2248/2198 2196/2247/2197 2152/2202/2153
f 2154/2204/2155 2198/2249/2199 2197/2248/2198 2153/2203/2154
f 2155/2205/2156 2199/2250/2200 2198/2249/2199 2154/2204/2155
f 2156/2162/2114 2200/2207/2158 2199/2250/2200 2155/2205/2156
f 2157/2206/2157 2201/2251/2201 2244/2252/2202 2200/2207/2158
f 2158/2208/2159 2202/2253/2203 2201/2254/2201 2157/2209/2157
f 2159/2210/2160 2203/2255/2204 2202/2253/2203 2158/2208/2159
f 2160/2211/2161 2204/2256/2205 2203/2255/2204 2159/2210/2160
f 2161/2212/2162 2205/2257/2206 2204/2256/2205 2160/2211/2161
f 2162/2213/2163 2206/2258/2207 2205/2257/2206 2161/2212/2162
f 2163/2214/2164 2207/2259/2208 2206/2258/2207 2162/2213/2163
f 2164/2215/2165 2208/2260/2209 2207/2259/2208 2163/2214/2164
f 2165/2216/2166 2209/2261/2210 2208/2260/2209 2164/2215/2165
f 2166/2217/2167 2210/2262/2211 2209/2261/2210 2165/2216/2166
f 2167/2218/2168 2211/2263/2212 2210/2262/2211 2166/2217/2167
f 2168/2219/2169 2212/2264/2213 2211/2263/2212 2167/2218/2168
f 2169/2220/2170 2213/2265/2214 2212/2264/2213 2168/2219/2169
f 2170/2221/2171 2214/2266/2215 2213/2265/2214 2169/2220/2170
f 2171/2222/2172 2215/2267/2216 2214/2266/2215 2170/2221/2171
f 2172/2223/2173 2216/2268/2217 2215/2267/2216 2171/2222/2172
f 2173/2224/2174 2217/2269/2218 2216/2268/2217 2172/2223/2173
f 2174/2225/2175 2218/2270/2219 2217/2269/2218 2173/2224/2174
f 2175/2226/2176 2219/2271/2220 2218/2270/2219 2174/2225/2175
f 2176/2227/2177 2220/2272/2221 2219/2271/2220 2175/2226/2176
f 2177/2228/2178 2221/2273/2222 2220/2272/2221 2176/2227/2177
f 2178/2229/2179 2222/2274/2223 2221/2273/2222 2177/2228/2178
f 2179/2230/2180 2223/2275/2224 2222/2274/2223 2178/2229/2179
f 2180/2231/2181 2224/2276/2225 2223/2275/2224 2179/2230/2180
f 2181/2232/2182 2225/2277/2226 2224/2276/2225 2180/2231/2181
f 2182/2233/2183 2226/2278/2227 2225/2277/2226 2181/2232/2182
f 2183/2234/2184 2227/2279/2228 2226/2278/2227 2182/2233/2183
f 2184/2235/2185 2228/2280/2229 2227/2279/2228 2183/2234/2184
f 2185/2236/2186 2229/2281/2230 2228/2280/2229 2184/2235/2185
f 2186/2237/2187 2230/2282/2231 2229/2281/2230 2185/2236/2186
f 2187/2238/2188 2231/2283/2232 2230/2282/2231 2186/2237/2187
f 2188/2239/2189 2232/2284/2233 2231/2283/2232 2187/2238/2188
f 2189/2240/2190 2233/2285/2234 2232/2284/2233 2188/2239/2189
f 2190/2241/2191 2234/2286/2235 2233/2285/2234 2189/2240/2190
f 2191/2242/2192 2235/2287/2236 2234/2286/2235 2190/2241/2191
f 2192/2243/2193 2236/2288/2237 2235/2287/2236 2191/2242/2192
f 2193/2244/2194 2237/2289/2238 2236/2288/2237 2192/2243/2193
f 2194/2245/2195 2238/2290/2239 2237/2289/2238 2193/2244/2194
f 2195/2246/2196 2239/2291/2240 2238/2290/2239 2194/2245/2195
f 2196/2247/2197 2240/2292/2241 2239/2291/2240 2195/2246/2196
f 2197/2248/2198 2241/2293/2242 2240/2292/2241 2196/2247/2197
f 2198/2249/2199 2242/2294/2243 2241/2293/2242 2197/2248/2198
f 2199/2250/2200 2243/2295/2244 2242/2294/2243 2198/2249/2199
f 2200/2207/2158 2244/2252/2202 2243/2295/2244 2199/2250/2200
f 2201/2251/2201 2245/2296/2245 2288/2297/2246 2244/2252/2202
f 2202/2253/2203 2246/2298/2247 2245/2299/2245 2201/2254/2201
f 2203/2255/2204 2247/2300/2248 2246/2298/2247 2202/2253/2203
f 2204/2256/2205 2248/2301/2249 2247/2300/2248 2203/2255/2204
f 2205/2257/2206 2249/2302/2250 2248/2301/2249 2204/2256/2205
f 2206/2258/2207 2250/2303/2251 2249/2302/2250 2205/2257/2206
f 2207/2259/2208 2251/2304/2252 2250/2303/2251 2206/2258/2207
f 2208/2260/2209 2252/2305/2253 2251/2304/2252 2207/2259/2208
f 2209/2261/2210 2253/2306/2254 2252/2305/2253 2208/2260/2209
f 2210/2262/2211 2254/2307/2255 2253/2306/2254 2209/2261/2210
f 2211/2263/2212 2255/2308/2256 2254/2307/2255 2210/2262/2211
f 2212/2264/2213 2256/2309/2257 2255/2308/2256 2211/2263/2212
f 2213/2265/2214 2257/2310/2258 2256/2309/2257 2212/2264/2213
f 2214/2266/2215 2258/2311/2259 2257/2310/2258 2213/2265/2214
f 2215/2267/2216 2259/2312/2260 2258/2311/2259 2214/2266/2215
f 2216/2268/2217 2260/2313/2261 2259/2312/2260 2215/2267/2216
f 2217/2269/2218 2261/2314/2262 2260/2313/2261 2216/2268/2217
f 2218/2270/2219 2262/2315/2263 2261/2314/2262 2217/2269/2218
f 2219/2271/2220 2263/2316/2264 2262/2315/2263 2218/2270/2219
f 2220/2272/2221 2264/2317/2265 2263/2316/2264 2219/2271/2220
f 2221/2273/2222 2265/2318/2266 2264/2317/2265 2220/2272/2221
f 2222/2274/2223 2266/2319/2267 2265/2318/2266 2221/2273/2222
f 2223/2275/2224 2267/2320/2268 2266/2319/2267 2222/2274/2223
f 2224/2276/2225 2268/2321/2269 2267/2320/2268 2223/2275/2224
f 2225/2277/2226 2269/2322/2270 2268/2321/2269 2224/2276/2225
f 2226/2278/2227 2270/2323/2271 2269/2322/2270 2225/2277/2226
f 2227/2279/2228 2271/2324/2272 2270/2323/2271 2226/2278/2227
f 2228/2280/2229 2272/2325/2273 2271/2324/2272 2227/2279/2228
f 2229/2281/2230 2273/2326/2274 2272/2325/2273 2228/2280/2229
f 2230/2282/2231 2274/2327/2275 2273/2326/2274 2229/2281/2230
f 2231/2283/2232 2275/2328/2276 2274/2327/2275 2230/2282/2231
f 2232/2284/2233 2276/2329/2277 2275/2328/2276 2231/2283/2232
f 2233/2285/2234 2277/2330/2278 2276/2329/2277 2232/2284/2233
f 2234/2286/2235 2278/2331/2279 2277/2330/2278 2233/2285/2234
f 2235/2287/2236 2279/2332/2280 2278/2331/2279 2234/2286/2235
f 2236/2288/2237 2280/2333/2281 2279/2332/2280 2235/2287/2236
f 2237/2289/2238 2281/2334/2282 2280/2333/2281 2236/2288/2237
f 2238/2290/2239 2282/2335/2283 2281/2334/2282 2237/2289/2238
f 2239/2291/2240 2283/2336/2284 2282/2335/2283 2238/2290/2239
f 2240/2292/2241 2284/2337/2285 2283/2336/2284 2239/2291/2240
f 2241/2293/2242 2285/2338/2286 2284/2337/2285 2240/2292/2241
f 2242/2294/2243 2286/2339/2287 2285/2338/2286 2241/2293/2242
f 2243/2295/2244 2287/2340/2288 2286/2339/2287 2242/2294/2243
f 2244/2252/2202 2288/2297/2246 2287/2340/2288 2243/2295/2244
f 2245/2296/2245 2289/2341/2289 2332/2342/2290 2288/2297/2246
f 2246/2298/2247 2290/2343/2291 2289/2344/2289 2245/2299/2245
f 2247/2300/2248 2291/2345/2292 2290/2343/2291 2246/2298/2247
f 2248/2301/2249 2292/2346/2293 2291/2345/2292 2247/2300/2248
f 2249/2302/2250 2293/2347/2294 2292/2346/2293 2248/2301/2249
f 2250/2303/2251 2294/2348/2295 2293/2347/2294 2249/2302/2250
f 2251/2304/2252 2295/2349/2296 2294/2348/2295 2250/2303/2251
f 2252/2305/2253 2296/2350/2297 2295/2349/2296 2251/2304/2252
f 2253/2306/2254 2297/2351/2298 2296/2350/2297 2252/2305/2253
f 2254/2307/2255 2298/2352/2299 2297/2351/2298 2253/2306/2254
f 2255/2308/2256 2299/2353/2300 2298/2352/2299 2254/2307/2255
f 2256/2309/2257 2300/2354/2301 2299/2353/2300 2255/2308/2256
f 2257/2310/2258 2301/2355/2302 2300/2354/2301 2256/2309/2257
f 2258/2311/2259 2302/2356/2303 2301/2355/2302 2257/2310/2258
f 2259/2312/2260 2303/2357/2304 2302/2356/2303 2258/2311/2259
f 2260/2313/2261 2304/2358/2305 2303/2357/2304 2259/2312/2260
f 2261/2314/2262 2305/2359/2306 2304/2358/2305 2260/2313/2261
f 2262/2315/2263 2306/2360/2307 2305/2359/2306 2261/2314/2262
f 2263/2316/2264 2307/2361/2308 2306/2360/2307 2262/2315/2263
f 2264/2317/2265 2308/2362/2309 2307/2361/2308 2263/2316/2264
f 2265/2318/2266 2309/2363/2310 2308/2362/2309 2264/2317/2265
f 2266/2319/2267 2310/2364/2311 2309/2363/2310 2265/2318/2266
f 2267/2320/2268 2311/2365/2312 2310/2364/2311 2266/2319/2267
f 2268/2321/2269 2312/2366/2313 2311/2365/2312 2267/2320/2268
f 2269/2322/2270 2313/2367/2314 2312/2366/2313 2268/2321/2269
f 2270/2323/2271 2314/2368/2315 2313/2367/2314 2269/2322/2270
f 2271/2324/2272 2315/2369/2316 2314/2368/2315 2270/2323/2271
f 2272/2325/2273 2316/2370/2317 2315/2369/2316 2271/2324/2272
f 2273/2326/2274 2317/2371/2318 2316/2370/2317 2272/2325/2273
f 2274/2327/2275 2318/2372/2319 2317/2371/2318 2273/2326/2274
f 2275/2328/2276 2319/2373/2320 2318/2372/2319 2274/2327/2275
f 2276/2329/2277 2320/2374/2321 2319/2373/2320 2275/2328/2276
f 2277/2330/2278 2321/2375/2322 2320/2374/2321 2276/2329/2277
f 2278/2331/2279 2322/2376/2323 2321/2375/2322 2277/2330/2278
f 2279/2332/2280 2323/2377/2324 2322/2376/2323 2278/2331/2279
f 2280/2333/2281 2324/2378/2325 2323/2377/2324 2279/2332/2280
f 2281/2334/2282 2325/2379/2326 2324/2378/2325 2280/2333/2281
f 2282/2335/2283 2326/2380/2327 2325/2379/2326 2281/2334/2282
f 2283/2336/2284 2327/2381/2328 2326/2380/2327 2282/2335/2283
f 2284/2337/2285 2328/2382/2329 2327/2381/2328 2283/2336/2284
f 2285/2338/2286 2329/2383/2330 2328/2382/2329 2284/2337/2285
f 2286/2339/2287 2330/2384/2331 2329/2383/2330 2285/2338/2286
f 2287/2340/2288 2331/2385/2332 2330/2384/2331 2286/2339/2287
f 2288/2297/2246 2332/2342/2290 2331/2385/2332 2287/2340/2288
f 2289/2341/2289 2333/2386/2333 2376/2387/2334 2332/2342/2290
f 2290/2343/2291 2334/2388/2335 2333/2389/2333 2289/2344/2289
f 2291/2345/2292 2335/2390/2336 2334/2388/2335 2290/2343/2291
f 2292/2346/2293 2336/2391/2337 2335/2390/2336 2291/2345/2292
f 2293/2347/2294 2337/2392/2338 2336/2391/2337 2292/2346/2293
f 2294/2348/2295 2338/2393/2339 2337/2392/2338 2293/2347/2294
f 2295/2349/2296 2339/2394/2340 2338/2393/2339 2294/2348/2295
f 2296/2350/2297 2340/2395/2341 2339/2394/2340 2295/2349/2296
f 2297/2351/2298 2341/2396/2342 2340/2395/2341 2296/2350/2297
f 2298/2352/2299 2342/2397/2343 2341/2396/2342 2297/2351/2298
f 2299/2353/2300 2343/2398/2344 2342/2397/2343 2298/2352/2299
f 2300/2354/2301 2344/2399/2345 2343/2398/2344 2299/2353/2300
f 2301/2355/2302 2345/2400/2346 2344/2399/2345 2300/2354/2301
f 2302/2356/2303 2346/2401/2347 2345/2400/2346 2301/2355/2302
f 2303/2357/2304 2347/2402/2348 2346/2401/2347 2302/2356/2303
f 2304/2358/2305 2348/2403/2349 2347/2402/2348 2303/2357/2304
f 2305/2359/2306 2349/2404/2350 2348/2403/2349 2304/2358/2305
f 2306/2360/2307 2350/2405/2351 2349/2404/2350 2305/2359/2306
f 2307/2361/2308 2351/2406/2352 2350/2405/2351 2306/2360/2307
f 2308/2362/2309 2352/2407/2353 2351/2406/2352 2307/2361/2308
f 2309/2363/2310 2353/2408/2354 2352/2407/2353 2308/2362/2309
f 2310/2364/2311 2354/2409/2355 2353/2408/2354 2309/2363/2310
f 2311/2365/2312 2355/2410/2356 2354/2409/2355 2310/2364/2311
f 2312/2366/2313 2356/2411/2357 2355/2410/2356 2311/2365/2312
f 2313/2367/2314 2357/2412/2358 2356/2411/2357 2312/2366/2313
f 2314/2368/2315 2358/2413/2359 2357/2412/2358 2313/2367/2314
f 2315/2369/2316 2359/2414/2360 2358/2413/2359 2314/2368/2315
f 2316/2370/2317 2360/2415/2361 2359/2414/2360 2315/2369/2316
f 2317/2371/2318 2361/2416/2362 2360/2415/2361 2316/2370/2317
f 2318/2372/2319 2362/2417/2363 2361/2416/2362 2317/2371/2318
f 2319/2373/2320 2363/2418/2364 2362/2417/2363 2318/2372/2319
f 2320/2374/2321 2364/2419/2365 2363/2418/2364 2319/2373/2320
f 2321/2375/2322 2365/2420/2366 2364/2419/2365 2320/2374/2321
f 2322/2376/2323 2366/2421/2367 2365/2420/2366 2321/2375/2322
f 2323/2377/2324 2367/2422/2368 2366/2421/2367 2322/2376/2323
f 2324/2378/2325 2368/2423/2369 2367/2422/2368 2323/2377/2324
f 2325/2379/2326 2369/2424/2370 2368/2423/2369 2324/2378/2325
f 2326/2380/2327 2370/2425/2371 2369/2424/2370 2325/2379/2326
f 2327/2381/2328 2371/2426/2372 2370/2425/2371 2326/2380/2327
f 2328/2382/2329 2372/2427/2373 2371/2426/2372 2327/2381/2328
f 2329/2383/2330 2373/2428/2374 2372/2427/2373 2328/2382/2329
f 2330/2384/2331 2374/2429/2375 2373/2428/2374 2329/2383/2330
f 2331/2385/2332 2375/2430/2376 2374/2429/2375 2330/2384/2331
f 2332/2342/2290 2376/2387/2334 2375/2430/2376 2331/2385/2332
f 2333/2386/2333 2377/2431/2377 2420/2432/2378 2376/2387/2334
f 2334/2388/2335 2378/2433/2379 2377/2434/2377 2333/2389/2333
f 2335/2390/2336 2379/2435/2380 2378/2433/2379 2334/2388/2335
f 2336/2391/2337 2380/2436/2381 2379/2435/2380 2335/2390/2336
f 2337/2392/2338 2381/2437/2382 2380/2436/2381 2336/2391/2337
f 2338/2393/2339 2382/2438/2383 2381/2437/2382 2337/2392/2338
f 2339/2394/2340 2383/2439/2384 2382/2438/2383 2338/2393/2339
f 2340/2395/2341 2384/2440/2385 2383/2439/2384 2339/2394/2340
f 2341/2396/2342 2385/2441/2386 2384/2440/2385 2340/2395/2341
f 2342/2397/2343 2386/2442/2387 2385/2441/2386 2341/2396/2342
f 2343/2398/2344 2387/2443/2388 2386/2442/2387 2342/2397/2343
f 2344/2399/2345 2388/2444/2389 2387/2443/2388 2343/2398/2344
f 2345/2400/2346 2389/2445/2390 2388/2444/2389 2344/2399/2345
f 2346/2401/2347 2390/2446/2391 2389/2445/2390 2345/2400/2346
f 2347/2402/2348 2391/2447/2392 2390/2446/2391 2346/2401/2347
f 2348/2403/2349 2392/2448/2393 2391/2447/2392 2347/2402/2348
f 2349/2404/2350 2393/2449/2394 2392/2448/2393 2348/2403/2349
f 2350/2405/2351 2394/2450/2395 2393/2449/2394 2349/2404/2350
f 2351/2406/2352 2395/2451/2396 2394/2450/2395 2350/2405/2351
f 2352/2407/2353 2396/2452/2397 2395/2451/2396 2351/2406/2352
f 2353/2408/2354 2397/2453/2398 2396/2452/2397 2352/2407/2353
f 2354/2409/2355 2398/2454/2399 2397/2453/2398 2353/2408/2354
f 2355/2410/2356 2399/2455/2400 2398/2454/2399 2354/2409/2355
f 2356/2411/2357 2400/2456/2401 2399/2455/2400 2355/2410/2356
f 2357/2412/2358 2401/2457/2402 2400/2456/2401 2356/2411/2357
f 2358/2413/2359 2402/2458/2403 2401/2457/2402 2357/2412/2358
f 2359/2414/2360 2403/2459/2404 2402/2458/2403 2358/2413/2359
f 2360/2415/2361 2404/2460/2405 2403/2459/2404 2359/2414/2360
f 2361/2416/2362 2405/2461/2406 2404/2460/2405 2360/2415/2361
f 2362/2417/2363 2406/2462/2407 2405/2461/2406 2361/2416/2362
f 2363/2418/2364 2407/2463/2408 2406/2462/2407 2362/2417/2363
f 2364/2419/2365 2408/2464/2409 2407/2463/2408 2363/2418/2364
f 2365/2420/2366 2409/2465/2410 2408/2464/2409 2364/2419/2365
f 2366/2421/2367 2410/2466/2411 2409/2465/2410 2365/2420/2366
f 2367/2422/2368 2411/2467/2412 2410/2466/2411 2366/2421/2367
f 2368/2423/2369 2412/2468/2413 2411/2467/2412 2367/2422/2368
f 2369/2424/2370 2413/2469/2414 2412/2468/2413 2368/2423/2369
f 2370/2425/2371 2414/2470/2415 2413/2469/2414 2369/2424/2370
f 2371/2426/2372 2415/2471/2416 2414/2470/2415 2370/2425/2371
f 2372/2427/2373 2416/2472/2417 2415/2471/2416 2371/2426/2372
f 2373/2428/2374 2417/2473/2418 2416/2472/2417 2372/2427/2373
f 2374/2429/2375 2418/2474/2419 2417/2473/2418 2373/2428/2374
f 2375/2430/2376 2419/2475/2420 2418/2474/2419 2374/2429/2375
f 2376/2387/2334 2420/2432/2378 2419/2475/2420 2375/2430/2376
f 2377/2431/2377 2421/2476/2421 2464/2477/2422 2420/2432/2378
f 2378/2433/2379 2422/2478/2423 2421/2479/2421 2377/2434/2377
f 2379/2435/2380 2423/2480/2424 2422/2478/2423 2378/2433/2379
f 2380/2436/2381 2424/2481/2425 2423/2480/2424 2379/2435/2380
f 2381/2437/2382 2425/2482/2426 2424/2481/2425 2380/2436/2381
f 2382/2438/2383 2426/2483/2427 2425/2482/2426 2381/2437/2382
f 2383/2439/2384 2427/2484/2428 2426/2483/2427 2382/2438/2383
f 2384/2440/2385 2428/2485/2429 2427/2484/2428 2383/2439/2384
f 2385/2441/2386 2429/2486/2430 2428/2485/2429 2384/2440/2385
f 2386/2442/2387 2430/2487/2431 2429/2486/2430 2385/2441/2386
f 2387/2443/2388 2431/2488/2432 2430/2487/2431 2386/2442/2387
f 2388/2444/2389 2432/2489/2433 2431/2488/2432 2387/2443/2388
f 2389/2445/2390 2433/2490/2434 2432/2489/2433 2388/2444/2389
f 2390/2446/2391 2434/2491/2435 2433/2490/2434 2389/2445/2390
f 2391/2447/2392 2435/2492/2436 2434/2491/2435 2390/2446/2391
f 2392/2448/2393 2436/2493/2437 2435/2492/2436 2391/2447/2392
f 2393/2449/2394 2437/2494/2438 2436/2493/2437 2392/2448/2393
f 2394/2450/2395 2438/2495/2439 2437/2494/2438 2393/2449/2394
f 2395/2451/2396 2439/2496/2440 2438/2495/2439 2394/2450/2395
f 2396/2452/2397 2440/2497/2441 2439/2496/2440 2395/2451/2396
f 2397/2453/2398 2441/2498/2442 2440/2497/2441 2396/2452/2397
f 2398/2454/2399 2442/2499/2443 2441/2498/2442 2397/2453/2398
f 2399/2455/2400 2443/2500/2444 2442/2499/2443 2398/2454/2399
f 2400/2456/2401 2444/2501/2445 2443/2500/2444 2399/2455/2400
f 2401/2457/2402 2445/2502/2446 2444/2501/2445 2400/2456/2401
f 2402/2458/2403 2446/2503/2447 2445/2502/2446 2401/2457/2402
f 2403/2459/2404 2447/2504/2448 2446/2503/2447 2402/2458/2403
f 2404/2460/2405 2448/2505/2449 2447/2504/2448 2403/2459/2404
f 2405/2461/2406 2449/2506/2450 2448/2505/2449 2404/2460/2405
f 2406/2462/2407 2450/2507/2451 2449/2506/2450 2405/2461/2406
f 2407/2463/2408 2451/2508/2452 2450/2507/2451 2406/2462/2407
f 2408/2464/2409 2452/2509/2453 2451/2508/2452 2407/2463/2408
f 2409/2465/2410 2453/2510/2454 2452/2509/2453 2408/2464/2409
f 2410/2466/2411 2454/2511/2455 2453/2510/2454 2409/2465/2410
f 2411/2467/2412 2455/2512/2456 2454/2511/2455 2410/2466/2411
f 2412/2468/2413 2456/2513/2457 2455/2512/2456 2411/2467/2412
f 2413/2469/2414 2457/2514/2458 2456/2513/2457 2412/2468/2413
f 2414/2470/2415 2458/2515/2459 2457/2514/2458 2413/2469/2414
f 2415/2471/2416 2459/2516/2460 2458/2515/2459 2414/2470/2415
f 2416/2472/2417 2460/2517/2461 2459/2516/2460 2415/2471/2416
f 2417/2473/2418 2461/2518/2462 2460/2517/2461 2416/2472/2417
f 2418/2474/2419 2462/2519/2463 2461/2518/2462 2417/2473/2418
f 2419/2475/2420 2463/2520/2464 2462/2519/2463 2418/2474/2419
f 2420/2432/2378 2464/2477/2422 2463/2520/2464 2419/2475/2420
f 2421/2476/2421 2465/2521/2465 2508/2522/2466 2464/2477/2422
f 2422/2478/2423 2466/2523/2467 2465/2524/2465 2421/2479/2421
f 2423/2480/2424 2467/2525/2468 2466/2523/2467 2422/2478/2423
f 2424/2481/2425 2468/2526/2469 2467/2525/2468 2423/2480/2424
f 2425/2482/2426 2469/2527/2470 2468/2526/2469 2424/2481/2425
f 2426/2483/2427 2470/2528/2471 2469/2527/2470 2425/2482/2426
f 2427/2484/2428 2471/2529/2472 2470/2528/2471 2426/2483/2427
f 2428/2485/2429 2472/2530/2473 2471/2529/2472 2427/2484/2428
f 2429/2486/2430 2473/2531/2474 2472/2530/2473 2428/2485/2429
f 2430/2487/2431 2474/2532/2475 2473/2531/2474 2429/2486/2430
f 2431/2488/2432 2475/2533/2476 2474/2532/2475 2430/2487/2431
f 2432/2489/2433 2476/2534/2477 2475/2533/2476 2431/2488/2432
f 2433/2490/2434 2477/2535/2478 2476/2534/2477 2432/2489/2433
f 2434/2491/2435 2478/2536/2479 2477/2535/2478 2433/2490/2434
f 2435/2492/2436 2479/2537/2480 2478/2536/2479 2434/2491/2435
f 2436/2493/2437 2480/2538/2481 2479/2537/2480 2435/2492/2436
f 2437/2494/2438 2481/2539/2482 2480/2538/2481 2436/2493/2437
f 2438/2495/2439 2482/2540/2483 2481/2539/2482 2437/2494/2438
f 2439/2496/2440 2483/2541/2484 2482/2540/2483 2438/2495/2439
f 2440/2497/2441 2484/2542/2485 2483/2541/2484 2439/2496/2440
f 2441/2498/2442 2485/2543/2486 2484/2542/2485 2440/2497/2441
f 2442/2499/2443 2486/2544/2487 2485/2543/2486 2441/2498/2442
f 2443/2500/2444 2487/2545/2488 2486/2544/2487 2442/2499/2443
f 2444/2501/2445 2488/2546/2489 2487/2545/2488 2443/2500/2444
f 2445/2502/2446 2489/2547/2490 2488/2546/2489 2444/2501/2445
f 2446/2503/2447 2490/2548/2491 2489/2547/2490 2445/2502/2446
f 2447/2504/2448 2491/2549/2492 2490/2548/2491 2446/2503/2447
f 2448/2505/2449 2492/2550/2493 2491/2549/2492 2447/2504/2448
f 2449/2506/2450 2493/2551/2494 2492/2550/2493 2448/2505/2449
f 2450/2507/2451 2494/2552/2495 2493/2551/2494 2449/2506/2450
f 2451/2508/2452 2495/2553/2496 2494/2552/2495 2450/2507/2451
f 2452/2509/2453 2496/2554/2497 2495/2553/2496 2451/2508/2452
f 2453/2510/2454 2497/2555/2498 2496/2554/2497 2452/2509/2453
f 2454/2511/2455 2498/2556/2499 2497/2555/2498 2453/2510/2454
f 2455/2512/2456 2499/2557/2500 2498/2556/2499 2454/2511/2455
f 2456/2513/2457 2500/2558/2501 2499/2557/2500 2455/2512/2456
f 2457/2514/2458 2501/2559/2502 2500/2558/2501 2456/2513/2457
f 2458/2515/2459 2502/2560/2503 2501/2559/2502 2457/2514/2458
f 2459/2516/2460 2503/2561/2504 2502/2560/2503 2458/2515/2459
f 2460/2517/2461 2504/2562/2505 2503/2561/2504 2459/2516/2460
f 2461/2518/2462 2505/2563/2506 2504/2562/2505 2460/2517/2461
f 2462/2519/2463 2506/2564/2507 2505/2563/2506 2461/2518/2462
f 2463/2520/2464 2507/2565/2508 2506/2564/2507 2462/2519/2463
f 2464/2477/2422 2508/2522/2466 2507/2565/2508 2463/2520/2464
f 2465/2521/2465 2509/2566/2509 2552/2567/2510 2508/2522/2466
f 2466/2523/2467 2510/2568/2511 2509/2569/2509 2465/2524/2465
f 2467/2525/2468 2511/2570/2512 2510/2568/2511 2466/2523/2467
f 2468/2526/2469 2512/2571/2513 2511/2570/2512 2467/2525/2468
f 2469/2527/2470 2513/2572/2514 2512/2571/2513 2468/2526/2469
f 2470/2528/2471 2514/2573/2515 2513/2572/2514 2469/2527/2470
f 2471/2529/2472 2515/2574/2516 2514/2573/2515 2470/2528/2471
f 2472/2530/2473 2516/2575/2517 2515/2574/2516 2471/2529/2472
f 2473/2531/2474 2517/2576/2518 2516/2575/2517 2472/2530/2473
f 2474/2532/2475 2518/2577/2519 2517/2576/2518 2473/2531/2474
f 2475/2533/2476 2519/2578/2520 2518/2577/2519 2474/2532/2475
f 2476/2534/2477 2520/2579/2521 2519/2578/2520 2475/2533/2476
f 2477/2535/2478 2521/2580/2522 2520/2579/2521 2476/2534/2477
f 2478/2536/2479 2522/2581/2523 2521/2580/2522 2477/2535/2478
f 2479/2537/2480 2523/2582/2524 2522/2581/2523 2478/2536/2479
f 2480/2538/2481 2524/2583/2525 2523/2582/2524 2479/2537/2480
f 2481/2539/2482 2525/2584/2526 2524/2583/2525 2480/2538/2481
f 2482/2540/2483 2526/2585/2527 2525/2584/2526 2481/2539/2482
f 2483/2541/2484 2527/2586/2528 2526/2585/2527 2482/2540/2483
f 2484/2542/2485 2528/2587/2529 2527/2586/2528 2483/2541/2484
f 2485/2543/2486 2529/2588/2530 2528/2587/2529 2484/2542/2485
f 2486/2544/2487 2530/2589/2531 2529/2588/2530 2485/2543/2486
f 2487/2545/2488 2531/2590/2532 2530/2589/2531 2486/2544/2487
f 2488/2546/2489 2532/2591/2533 2531/2590/2532 2487/2545/2488
f 2489/2547/2490 2533/2592/2534 2532/2591/2533 2488/2546/2489
f 2490/2548/2491 2534/2593/2535 2533/2592/2534 2489/2547/2490
f 2491/2549/2492 2535/2594/2536 2534/2593/2535 2490/2548/2491
f 2492/2550/2493 2536/2595/2537 2535/2594/2536 2491/2549/2492
f 2493/2551/2494 2537/2596/2538 2536/2595/2537 2492/2550/2493
f 2494/2552/2495 2538/2597/2539 2537/2596/2538 2493/2551/2494
f 2495/2553/2496 2539/2598/2540 2538/2597/2539 2494/2552/2495
f 2496/2554/2497 2540/2599/2541 2539/2598/2540 2495/2553/2496
f 2497/2555/2498 2541/2600/2542 2540/2599/2541 2496/2554/2497
f 2498/2556/2499 2542/2601/2543 2541/2600/2542 2497/2555/2498
f 2499/2557/2500 2543/2602/2544 2542/2601/2543 2498/2556/2499
f 2500/2558/2501 2544/2603/2545 2543/2602/2544 2499/2557/2500
f 2501/2559/2502 2545/2604/2546 2544/2603/2545 2500/2558/2501
f 2502/2560/2503 2546/2605/2547 2545/2604/2546 2501/2559/2502
f 2503/2561/2504 2547/2606/2548 2546/2605/2547 2502/2560/2503
f 2504/2562/2505 2548/2607/2549 2547/2606/2548 2503/2561/2504
f 2505/2563/2506 2549/2608/2550 2548/2607/2549 2504/2562/2505
f 2506/2564/2507 2550/2609/2551 2549/2608/2550 2505/2563/2506
f 2507/2565/2508 2551/2610/2552 2550/2609/2551 2506/2564/2507
f 2508/2522/2466 2552/2567/2510 2551/2610/2552 2507/2565/2508
f 2509/2566/2509 2553/2611/2553 2596/2612/2554 2552/2567/2510
f 2510/2568/2511 2554/2613/2555 2553/2614/2553 2509/2569/2509
f 2511/2570/2512 2555/2615/2556 2554/2613/2555 2510/2568/2511
f 2512/2571/2513 2556/2616/2557 2555/2615/2556 2511/2570/2512
f 2513/2572/2514 2557/2617/2558 2556/2616/2557 2512/2571/2513
f 2514/2573/2515 2558/2618/2559 2557/2617/2558 2513/2572/2514
f 2515/2574/2516 2559/2619/2560 2558/2618/2559 2514/2573/2515
f 2516/2575/2517 2560/2620/2561 2559/2619/2560 2515/2574/2516
f 2517/2576/2518 2561/2621/2562 2560/2620/2561 2516/2575/2517
f 2518/2577/2519 2562/2622/2563 2561/2621/2562 2517/2576/2518
f 2519/2578/2520 2563/2623/2564 2562/2622/2563 2518/2577/2519
f 2520/2579/2521 2564/2624/2565 2563/2623/2564 2519/2578/2520
f 2521/2580/2522 2565/2625/2566 2564/2624/2565 2520/2579/2521
f 2522/2581/2523 2566/2626/2567 2565/2625/2566 2521/2580/2522
f 2523/2582/2524 2567/2627/2568 2566/2626/2567 2522/2581/2523
f 2524/2583/2525 2568/2628/2569 2567/2627/2568 2523/2582/2524
f 2525/2584/2526 2569/2629/2570 2568/2628/2569 2524/2583/2525
f 2526/2585/2527 2570/2630/2571 2569/2629/2570 2525/2584/2526
f 2527/2586/2528 2571/2631/2572 2570/2630/2571 2526/2585/2527
f 2528/2587/2529 2572/2632/2573 2571/2631/2572 2527/2586/2528
f 2529/2588/2530 2573/2633/2574 2572/2632/2573 2528/2587/2529
f 2530/2589/2531 2574/2634/2575 2573/2633/2574 2529/2588/2530
f 2531/2590/2532 2575/2635/2576 2574/2634/2575 2530/2589/2531
f 2532/2591/2533 2576/2636/2577 2575/2635/2576 2531/2590/2532
f 2533/2592/2534 2577/2637/2578 2576/2636/2577 2532/2591/2533
f 2534/2593/2535 2578/2638/2579 2577/2637/2578 2533/2592/2534
f 2535/2594/2536 2579/2639/2580 2578/2638/2579 2534/2593/2535
f 2536/2595/2537 2580/2640/2581 2579/2639/2580 2535/2594/2536
f 2537/2596/2538 2581/2641/2582 2580/2640/2581 2536/2595/2537
f 2538/2597/2539 2582/2642/2583 2581/2641/2582 2537/2596/2538
f 2539/2598/2540 2583/2643/2584 2582/2642/2583 2538/2597/2539
f 2540/2599/2541 2584/2644/2585 2583/2643/2584 2539/2598/2540
f 2541/2600/2542 2585/2645/2586 2584/2644/2585 2540/2599/2541
f 2542/2601/2543 2586/2646/2587 2585/2645/2586 2541/2600/2542
f 2543/2602/2544 2587/2647/2588 2586/2646/2587 2542/2601/2543
f 2544/2603/2545 2588/2648/2589 2587/2647/2588 2543/2602/2544
f 2545/2604/2546 2589/2649/2590 2588/2648/2589 2544/2603/2545
f 2546/2605/2547 2590/2650/2591 2589/2649/2590 2545/2604/2546
f 2547/2606/2548 2591/2651/2592 2590/2650/2591 2546/2605/2547
f 2548/2607/2549 2592/2652/2593 2591/2651/2592 2547/2606/2548
f 2549/2608/2550 2593/2653/2594 2592/2652/2593 2548/2607/2549
f 2550/2609/2551 2594/2654/2595 2593/2653/2594 2549/2608/2550
f 2551/2610/2552 2595/2655/2596 2594/2654/2595 2550/2609/2551
f 2552/2567/2510 2596/2612/2554 2595/2655/2596 2551/2610/2552
f 2553/2611/2553 2597/2656/2597 2640/2657/2598 2596/2612/2554
f 2554/2613/2555 2598/2658/2599 2597/2659/2597 2553/2614/2553
f 2555/2615/2556 2599/2660/2600 2598/2658/2599 2554/2613/2555
f 2556/2616/2557 2600/2661/2601 2599/2660/2600 2555/2615/2556
f 2557/2617/2558 2601/2662/2602 2600/2661/2601 2556/2616/2557
f 2558/2618/2559 2602/2663/2603 2601/2662/2602 2557/2617/2558
f 2559/2619/2560 2603/2664/2604 2602/2663/2603 2558/2618/2559
f 2560/2620/2561 2604/2665/2605 2603/2664/2604 2559/2619/2560
f 2561/2621/2562 2605/2666/2606 2604/2665/2605 2560/2620/2561
f 2562/2622/2563 2606/2667/2607 2605/2666/2606 2561/2621/2562
f 2563/2623/2564 2607/2668/2608 2606/2667/2607 2562/2622/2563
f 2564/2624/2565 2608/2669/2609 2607/2668/2608 2563/2623/2564
f 2565/2625/2566 2609/2670/2610 2608/2669/2609 2564/2624/2565
f 2566/2626/2567 2610/2671/2611 2609/2670/2610 2565/2625/2566
f 2567/2627/2568 2611/2672/2612 2610/2671/2611 2566/2626/2567
f 2568/2628/2569 2612/2673/2613 2611/2672/2612 2567/2627/2568
f 2569/2629/2570 2613/2674/2614 2612/2673/2613 2568/2628/2569
f 2570/2630/2571 2614/2675/2615 2613/2674/2614 2569/2629/2570
f 2571/2631/2572 2615/2676/2616 2614/2675/2615 2570/2630/2571
f 2572/2632/2573 2616/2677/2617 2615/2676/2616 2571/2631/2572
f 2573/2633/2574 2617/2678/2618 2616/2677/2617 2572/2632/2573
f 2574/2634/2575 2618/2679/2619 2617/2678/2618 2573/2633/2574
f 2575/2635/2576 2619/2680/2620 2618/2679/2619 2574/2634/2575
f 2576/2636/2577 2620/2681/2621 2619/2680/2620 2575/2635/2576
f 2577/2637/2578 2621/2682/2622 2620/2681/2621 2576/2636/2577
f 2578/2638/2579 2622/2683/2623 2621/2682/2622 2577/2637/2578
f 2579/2639/2580 2623/2684/2624 2622/2683/2623 2578/2638/2579
f 2580/2640/2581 2624/2685/2625 2623/2684/2624 2579/2639/2580
f 2581/2641/2582 2625/2686/2626 2624/2685/2625 2580/2640/2581
f 2582/2642/2583 2626/2687/2627 2625/2686/2626 2581/2641/2582
f 2583/2643/2584 2627/2688/2628 2626/2687/2627 2582/2642/2583
f 2584/2644/2585 2628/2689/2629 2627/2688/2628 2583/2643/2584
f 2585/2645/2586 2629/2690/2630 2628/2689/2629 2584/2644/2585
f 2586/2646/2587 2630/2691/2631 2629/2690/2630 2585/2645/2586
f 2587/2647/2588 2631/2692/2632 2630/2691/2631 2586/2646/2587
f 2588/2648/2589 2632/2693/2633 2631/2692/2632 2587/2647/2588
f 2589/2649/2590 2633/2694/2634 2632/2693/2633 2588/2648/2589
f 2590/2650/2591 2634/2695/2635 2633/2694/2634 2589/2649/2590
f 2591/2651/2592 2635/2696/2636 2634/2695/2635 2590/2650/2591
f 2592/2652/2593 2636/2697/2637 2635/2696/2636 2591/2651/2592
f 2593/2653/2594 2637/2698/2638 2636/2697/2637 2592/2652/2593
f 2594/2654/2595 2638/2699/2639 2637/2698/2638 2593/2653/2594
f 2595/2655/2596 2639/2700/2640 2638/2699/2639 2594/2654/2595
f 2596/2612/2554 2640/2657/2598 2639/2700/2640 2595/2655/2596
f 2597/2656/2597 2641/2701/2641 2684/2702/2642 2640/2657/2598
f 2598/2658/2599 2642/2703/2643 2641/2704/2641 2597/2659/2597
f 2599/2660/2600 2643/2705/2644 2642/2703/2643 2598/2658/2599
f 2600/2661/2601 2644/2706/2645 2643/2705/2644 2599/2660/2600
f 2601/2662/2602 2645/2707/2646 2644/2706/2645 2600/2661/2601
f 2602/2663/2603 2646/2708/2647 2645/2707/2646 2601/2662/2602
f 2603/2664/2604 2647/2709/2648 2646/2708/2647 2602/2663/2603
f 2604/2665/2605 2648/2710/2649 2647/2709/2648 2603/2664/2604
f 2605/2666/2606 2649/2711/2650 2648/2710/2649 2604/2665/2605
f 2606/2667/2607 2650/2712/2651 2649/2711/2650 2605/2666/2606
f 2607/2668/2608 2651/2713/2652 2650/2712/2651 2606/2667/2607
f 2608/2669/2609 2652/2714/2653 2651/2713/2652 2607/2668/2608
f 2609/2670/2610 2653/2715/2654 2652/2714/2653 2608/2669/2609
f 2610/2671/2611 2654/2716/2655 2653/2715/2654 2609/2670/2610
f 2611/2672/2612 2655/2717/2656 2654/2716/2655 2610/2671/2611
f 2612/2673/2613 2656/2718/2657 2655/2717/2656 2611/2672/2612
f 2613/2674/2614 2657/2719/2658 2656/2718/2657 2612/2673/2613
f 2614/2675/2615 2658/2720/2659 2657/2719/2658 2613/2674/2614
f 2615/2676/2616 2659/2721/2660 2658/2720/2659 2614/2675/2615
f 2616/2677/2617 2660/2722/2661 2659/2721/2660 2615/2676/2616
f 2617/2678/2618 2661/2723/2662 2660/2722/2661 2616/2677/2617
f 2618/2679/2619 2662/2724/2663 2661/2723/2662 2617/2678/2618
f 2619/2680/2620 2663/2725/2664 2662/2724/2663 2618/2679/2619
f 2620/2681/2621 2664/2726/2665 2663/2725/2664 2619/2680/2620
f 2621/2682/2622 2665/2727/2666 2664/2726/2665 2620/2681/2621
f 2622/2683/2623 2666/2728/2667 2665/2727/2666 2621/2682/2622
f 2623/2684/2624 2667/2729/2668 2666/2728/2667 2622/2683/2623
f 2624/2685/2625 2668/2730/2669 2667/2729/2668 2623/2684/2624
f 2625/2686/2626 2669/2731/2670 2668/2730/2669 2624/2685/2625
f 2626/2687/2627 2670/2732/2671 2669/2731/2670 2625/2686/2626
f 2627/2688/2628 2671/2733/2672 2670/2732/2671 2626/2687/2627
f 2628/2689/2629 2672/2734/2673 2671/2733/2672 2627/2688/2628
f 2629/2690/2630 2673/2735/2674 2672/2734/2673 2628/2689/2629
f 2630/2691/2631 2674/2736/2675 2673/2735/2674 2629/2690/2630
f 2631/2692/2632 2675/2737/2676 2674/2736/2675 2630/2691/2631
f 2632/2693/2633 2676/2738/2677 2675/2737/2676 2631/2692/2632
f 2633/2694/2634 2677/2739/2678 2676/2738/2677 2632/2693/2633
f 2634/2695/2635 2678/2740/2679 2677/2739/2678 2633/2694/2634
f 2635/2696/2636 2679/2741/2680 2678/2740/2679 2634/2695/2635
f 2636/2697/2637 2680/2742/2681 2679/2741/2680 2635/2696/2636
f 2637/2698/2638 2681/2743/2682 2680/2742/2681 2636/2697/2637
f 2638/2699/2639 2682/2744/2683 2681/2743/2682 2637/2698/2638
f 2639/2700/2640 2683/2745/2684 2682/2744/2683 2638/2699/2639
f 2640/2657/2598 2684/2702/2642 2683/2745/2684 2639/2700/2640
f 2641/2701/2641 2685/2746/2685 2728/2747/2686 2684/2702/2642
f 2642/2703/2643 2686/2748/2687 2685/2749/2685 2641/2704/2641
f 2643/2705/2644 2687/2750/2688 2686/2748/2687 2642/2703/2643
f 2644/2706/2645 2688/2751/2689 2687/2750/2688 2643/2705/2644
f 2645/2707/2646 2689/2752/2690 2688/2751/2689 2644/2706/2645
f 2646/2708/2647 2690/2753/2691 2689/2752/2690 2645/2707/2646
f 2647/2709/2648 2691/2754/2692 2690/2753/2691 2646/2708/2647
f 2648/2710/2649 2692/2755/2693 2691/2754/2692 2647/2709/2648
f 2649/2711/2650 2693/2756/2694 2692/2755/2693 2648/2710/2649
f 2650/2712/2651 2694/2757/2695 2693/2756/2694 2649/2711/2650
f 2651/2713/2652 2695/2758/2696 2694/2757/2695 2650/2712/2651
f 2652/2714/2653 2696/2759/2697 2695/2758/2696 2651/2713/2652
f 2653/2715/2654 2697/2760/2698 2696/2759/2697 2652/2714/2653
f 2654/2716/2655 2698/2761/2699 2697/2760/2698 2653/2715/2654
f 2655/2717/2656 2699/2762/2700 2698/2761/2699 2654/2716/2655
f 2656/2718/2657 2700/2763/2701 2699/2762/2700 2655/2717/2656
f 2657/2719/2658 2701/2764/2702 2700/2763/2701 2656/2718/2657
f 2658/2720/2659 2702/2765/2703 2701/2764/2702 2657/2719/2658
f 2659/2721/2660 2703/2766/2704 2702/2765/2703 2658/2720/2659
f 2660/2722/2661 2704/2767/2705 2703/2766/2704 2659/2721/2660
f 2661/2723/2662 2705/2768/2706 2704/2767/2705 2660/2722/2661
f 2662/2724/2663 2706/2769/2707 2705/2768/2706 2661/2723/2662
f 2663/2725/2664 2707/2770/2708 2706/2769/2707 2662/2724/2663
f 2664/2726/2665 2708/2771/2709 2707/2770/2708 2663/2725/2664
f 2665/2727/2666 2709/2772/2710 2708/2771/2709 2664/2726/2665
f 2666/2728/2667 2710/2773/2711 2709/2772/2710 2665/2727/2666
f 2667/2729/2668 2711/2774/2712 2710/2773/2711 2666/2728/2667
f 2668/2730/2669 2712/2775/2713 2711/2774/2712 2667/2729/2668
f 2669/2731/2670 2713/2776/2714 2712/2775/2713 2668/2730/2669
f 2670/2732/2671 2714/2777/2715 2713/2776/2714 2669/2731/2670
f 2671/2733/2672 2715/2778/2716 2714/2777/2715 2670/2732/2671
f 2672/2734/2673 2716/2779/2717 2715/2778/2716 2671/2733/2672
f 2673/2735/2674 2717/2780/2718 2716/2779/2717 2672/2734/2673
f 2674/2736/2675 2718/2781/2719 2717/2780/2718 2673/2735/2674
f 2675/2737/2676 2719/2782/2720 2718/2781/2719 2674/2736/2675
f 2676/2738/2677 2720/2783/2721 2719/2782/2720 2675/2737/2676
f 2677/2739/2678 2721/2784/2722 2720/2783/2721 2676/2738/2677
f 2678/2740/2679 2722/2785/2723 2721/2784/2722 2677/2739/2678
f 2679/2741/2680 2723/2786/2724 2722/2785/2723 2678/2740/2679
f 2680/2742/2681 2724/2787/2725 2723/2786/2724 2679/2741/2680
f 2681/2743/2682 2725/2788/2726 2724/2787/2725 2680/2742/2681
f 2682/2744/2683 2726/2789/2727 2725/2788/2726 2681/2743/2682
f 2683/2745/2684 2727/2790/2728 2726/2789/2727 2682/2744/2683
f 2684/2702/2642 2728/2747/2686 2727/2790/2728 2683/2745/2684
f 2685/2746/2685 2729/2791/2729 2772/2792/2730 2728/2747/2686
f 2686/2748/2687 2730/2793/2731 2729/2794/2729 2685/2749/2685
f 2687/2750/2688 2731/2795/2732 2730/2793/2731 2686/2748/2687
f 2688/2751/2689 2732/2796/2733 2731/2795/2732 2687/2750/2688
f 2689/2752/2690 2733/2797/2734 2732/2796/2733 2688/2751/2689
f 2690/2753/2691 2734/2798/2735 2733/2797/2734 2689/2752/2690
f 2691/2754/2692 2735/2799/2736 2734/2798/2735 2690/2753/2691
f 2692/2755/2693 2736/2800/2737 2735/2799/2736 2691/2754/2692
f 2693/2756/2694 2737/2801/2738 2736/2800/2737 2692/2755/2693
f 2694/2757/2695 2738/2802/2739 2737/2801/2738 2693/2756/2694
f 2695/2758/2696 2739/2803/2740 2738/2802/2739 2694/2757/2695
f 2696/2759/2697 2740/2804/2741 2739/2803/2740 2695/2758/2696
f 2697/2760/2698 2741/2805/2742 2740/2804/2741 2696/2759/2697
f 2698/2761/2699 2742/2806/2743 2741/2805/2742 2697/2760/2698
f 2699/2762/2700 2743/2807/2744 2742/2806/2743 2698/2761/2699
f 2700/2763/2701 2744/2808/2745 2743/2807/2744 2699/2762/2700
f 2701/2764/2702 2745/2809/2746 2744/2808/2745 2700/2763/2701
f 2702/2765/2703 2746/2810/2747 2745/2809/2746 2701/2764/2702
f 2703/2766/2704 2747/2811/2748 2746/2810/2747 2702/2765/2703
f 2704/2767/2705 2748/2812/2749 2747/2811/2748 2703/2766/2704
f 2705/2768/2706 2749/2813/2750 2748/2812/2749 2704/2767/2705
f 2706/2769/2707 2750/2814/2751 2749/2813/2750 2705/2768/2706
f 2707/2770/2708 2751/2815/2752 2750/2814/2751 2706/2769/2707
f 2708/2771/2709 2752/2816/2753 2751/2815/2752 2707/2770/2708
f 2709/2772/2710 2753/2817/2754 2752/2816/2753 2708/2771/2709
f 2710/2773/2711 2754/2818/2755 2753/2817/2754 2709/2772/2710
f 2711/2774/2712 2755/2819/2756 2754/2818/2755 2710/2773/2711
f 2712/2775/2713 2756/2820/2757 2755/2819/2756 2711/2774/2712
f 2713/2776/2714 2757/2821/2758 2756/2820/2757 2712/2775/2713
f 2714/2777/2715 2758/2822/2759 2757/2821/2758 2713/2776/2714
f 2715/2778/2716 2759/2823/2760 2758/2822/2759 2714/2777/2715
f 2716/2779/2717 2760/2824/2761 2759/2823/2760 2715/2778/2716
f 2717/2780/2718 2761/2825/2762 2760/2824/2761 2716/2779/2717
f 2718/2781/2719 2762/2826/2763 2761/2825/2762 2717/2780/2718
f 2719/2782/2720 2763/2827/2764 2762/2826/2763 2718/2781/2719
f 2720/2783/2721 2764/2828/2765 2763/2827/2764 2719/2782/2720
f 2721/2784/2722 2765/2829/2766 2764/2828/2765 2720/2783/2721
f 2722/2785/2723 2766/2830/2767 2765/2829/2766 2721/2784/2722
f 2723/2786/2724 2767/2831/2768 2766/2830/2767 2722/2785/2723
f 2724/2787/2725 2768/2832/2769 2767/2831/2768 2723/2786/2724
f 2725/2788/2726 2769/2833/2770 2768/2832/2769 2724/2787/2725
f 2726/2789/2727 2770/2834/2771 2769/2833/2770 2725/2788/2726
f 2727/2790/2728 2771/2835/2772 2770/2834/2771 2726/2789/2727
f 2728/2747/2686 2772/2792/2730 2771/2835/2772 2727/2790/2728
f 2729/2791/2729 2773/2836/2773 2816/2837/2774 2772/2792/2730
f 2730/2793/2731 2774/2838/2775 2773/2839/2773 2729/2794/2729
f 2731/2795/2732 2775/2840/2776 2774/2838/2775 2730/2793/2731
f 2732/2796/2733 2776/2841/2777 2775/2840/2776 2731/2795/2732
f 2733/2797/2734 2777/2842/2778 2776/2841/2777 2732/2796/2733
f 2734/2798/2735 2778/2843/2779 2777/2842/2778 2733/2797/2734
f 2735/2799/2736 2779/2844/2780 2778/2843/2779 2734/2798/2735
f 2736/2800/2737 2780/2845/2781 2779/2844/2780 2735/2799/2736
f 2737/2801/2738 2781/2846/2782 2780/2845/2781 2736/2800/2737
f 2738/2802/2739 2782/2847/2783 2781/2846/2782 2737/2801/2738
f 2739/2803/2740 2783/2848/2784 2782/2847/2783 2738/2802/2739
f 2740/2804/2741 2784/2849/2785 2783/2848/2784 2739/2803/2740
f 2741/2805/2742 2785/2850/2786 2784/2849/2785 2740/2804/2741
f 2742/2806/2743 2786/2851/2787 2785/2850/2786 2741/2805/2742
f 2743/2807/2744 2787/2852/2788 2786/2851/2787 2742/2806/2743
f 2744/2808/2745 2788/2853/2789 2787/2852/2788 2743/2807/2744
f 2745/2809/2746 2789/2854/2790 2788/2853/2789 2744/2808/2745
f 2746/2810/2747 2790/2855/2791 2789/2854/2790 2745/2809/2746
f 2747/2811/2748 2791/2856/2792 2790/2855/2791 2746/2810/2747
f 2748/2812/2749 2792/2857/2793 2791/2856/2792 2747/2811/2748
f 2749/2813/2750 2793/2858/2794 2792/2857/2793 2748/2812/2749
f 2750/2814/2751 2794/2859/2795 2793/2858/2794 2749/2813/2750
f 2751/2815/2752 2795/2860/2796 2794/2859/2795 2750/2814/2751
f 2752/2816/2753 2796/2861/2797 2795/2860/2796 2751/2815/2752
f 2753/2817/2754 2797/2862/2798 2796/2861/2797 2752/2816/2753
f 2754/2818/2755 2798/2863/2799 2797/2862/2798 2753/2817/2754
f 2755/2819/2756 2799/2864/2800 2798/2863/2799 2754/2818/2755
f 2756/2820/2757 2800/2865/2801 2799/2864/2800 2755/2819/2756
f 2757/2821/2758 2801/2866/2802 2800/2865/2801 2756/2820/2757
f 2758/2822/2759 2802/2867/2803 2801/2866/2802 2757/2821/2758
f 2759/2823/2760 2803/2868/2804 2802/2867/2803 2758/2822/2759
f 2760/2824/2761 2804/2869/2805 2803/2868/2804 2759/2823/2760
f 2761/2825/2762 2805/2870/2806 2804/2869/2805 2760/2824/2761
f 2762/2826/2763 2806/2871/2807 2805/2870/2806 2761/2825/2762
f 2763/2827/2764 2807/2872/2808 2806/2871/2807 2762/2826/2763
f 2764/2828/2765 2808/2873/2809 2807/2872/2808 2763/2827/2764
f 2765/2829/2766 2809/2874/2810 2808/2873/2809 2764/2828/2765
f 2766/2830/2767 2810/2875/2811 2809/2874/2810 2765/2829/2766
f 2767/2831/2768 2811/2876/2812 2810/2875/2811 2766/2830/2767
f 2768/2832/2769 2812/2877/2813 2811/2876/2812 2767/2831/2768
f 2769/2833/2770 2813/2878/2814 2812/2877/2813 2768/2832/2769
f 2770/2834/2771 2814/2879/2815 2813/2878/2814 2769/2833/2770
f 2771/2835/2772 2815/2880/2816 2814/2879/2815 2770/2834/2771
f 2772/2792/2730 2816/2837/2774 2815/2880/2816 2771/2835/2772
f 2773/2836/2773 2817/2881/2817 2860/2882/2818 2816/2837/2774
f 2774/2838/2775 2818/2883/2819 2817/2884/2817 2773/2839/2773
f 2775/2840/2776 2819/2885/2820 2818/2883/2819 2774/2838/2775
f 2776/2841/2777 2820/2886/2821 2819/2885/2820 2775/2840/2776
f 2777/2842/2778 2821/2887/2822 2820/2886/2821 2776/2841/2777
f 2778/2843/2779 2822/2888/2823 2821/2887/2822 2777/2842/2778
f 2779/2844/2780 2823/2889/2824 2822/2888/2823 2778/2843/2779
f 2780/2845/2781 2824/2890/2825 2823/2889/2824 2779/2844/2780
f 2781/2846/2782 2825/2891/2826 2824/2890/2825 2780/2845/2781
f 2782/2847/2783 2826/2892/2827 2825/2891/2826 2781/2846/2782
f 2783/2848/2784 2827/2893/2828 2826/2892/2827 2782/2847/2783
f 2784/2849/2785 2828/2894/2829 2827/2893/2828 2783/2848/2784
f 2785/2850/2786 2829/2895/2830 2828/2894/2829 2784/2849/2785
f 2786/2851/2787 2830/2896/2831 2829/2895/2830 2785/2850/2786
f 2787/2852/2788 2831/2897/2832 2830/2896/2831 2786/2851/2787
f 2788/2853/2789 2832/2898/2833 2831/2897/2832 2787/2852/2788
f 2789/2854/2790 2833/2899/2834 2832/2898/2833 2788/2853/2789
f 2790/2855/2791 2834/2900/2835 2833/2899/2834 2789/2854/2790
f 2791/2856/2792 2835/2901/2836 2834/2900/2835 2790/2855/2791
f 2792/2857/2793 2836/2902/2837 2835/2901/2836 2791/2856/2792
f 2793/2858/2794 2837/2903/2838 2836/2902/2837 2792/2857/2793
f 2794/2859/2795 2838/2904/2839 2837/2903/2838 2793/2858/2794
f 2795/2860/2796 2839/2905/2840 2838/2904/2839 2794/2859/2795
f 2796/2861/2797 2840/2906/2841 2839/2905/2840 2795/2860/2796
f 2797/2862/2798 2841/2907/2842 2840/2906/2841 2796/2861/2797
f 2798/2863/2799 2842/2908/2843 2841/2907/2842 2797/2862/2798
f 2799/2864/2800 2843/2909/2844 2842/2908/2843 2798/2863/2799
f 2800/2865/2801 2844/2910/2845 2843/2909/2844 2799/2864/2800
f 2801/2866/2802 2845/2911/2846 2844/2910/2845 2800/2865/2801
f 2802/2867/2803 2846/2912/2847 2845/2911/2846 2801/2866/2802
f 2803/2868/2804 2847/2913/2848 2846/2912/2847 2802/2867/2803
f 2804/2869/2805 2848/2914/2849 2847/2913/2848 2803/2868/2804
f 2805/2870/2806 2849/2915/2850 2848/2914/2849 2804/2869/2805
f 2806/2871/2807 2850/2916/2851 2849/2915/2850 2805/2870/2806
f 2807/2872/2808 2851/2917/2852 2850/2916/2851 2806/2871/2807
f 2808/2873/2809 2852/2918/2853 2851/2917/2852 2807/2872/2808
f 2809/2874/2810 2853/2919/2854 2852/2918/2853 2808/2873/2809
f 2810/2875/2811 2854/2920/2855 2853/2919/2854 2809/2874/2810
f 2811/2876/2812 2855/2921/2856 2854/2920/2855 2810/2875/2811
f 2812/2877/2813 2856/2922/2857 2855/2921/2856 2811/2876/2812
f 2813/2878/2814 2857/2923/2858 2856/2922/2857 2812/2877/2813
f 2814/2879/2815 2858/2924/2859 2857/2923/2858 2813/2878/2814
f 2815/2880/2816 2859/2925/2860 2858/2924/2859 2814/2879/2815
f 2816/2837/2774 2860/2882/2818 2859/2925/2860 2815/2880/2816
f 2817/2881/2817 2861/2926/2861 2904/2927/2862 2860/2882/2818
f 2818/2883/2819 2862/2928/2863 2861/2929/2861 2817/2884/2817
f 2819/2885/2820 2863/2930/2864 2862/2928/2863 2818/2883/2819
f 2820/2886/2821 2864/2931/2865 2863/2930/2864 2819/2885/2820
f 2821/2887/2822 2865/2932/2866 2864/2931/2865 2820/2886/2821
f 2822/2888/2823 2866/2933/2867 2865/2932/2866 2821/2887/2822
f 2823/2889/2824 2867/2934/2868 2866/2933/2867 2822/2888/2823
f 2824/2890/2825 2868/2935/2869 2867/2934/2868 2823/2889/2824
f 2825/2891/2826 2869/2936/2870 2868/2935/2869 2824/2890/2825
f 2826/2892/2827 2870/2937/2871 2869/2936/2870 2825/2891/2826
f 2827/2893/2828 2871/2938/2872 2870/2937/2871 2826/2892/2827
f 2828/2894/2829 2872/2939/2873 2871/2938/2872 2827/2893/2828
f 2829/2895/2830 2873/2940/2874 2872/2939/2873 2828/2894/2829
f 2830/2896/2831 2874/2941/2875 2873/2940/2874 2829/2895/2830
f 2831/2897/2832 2875/2942/2876 2874/2941/2875 2830/2896/2831
f 2832/2898/2833 2876/2943/2877 2875/2942/2876 2831/2897/2832
f 2833/2899/2834 2877/2944/2878 2876/2943/2877 2832/2898/2833
f 2834/2900/2835 2878/2945/2879 2877/2944/2878 2833/2899/2834
f 2835/2901/2836 2879/2946/2880 2878/2945/2879 2834/2900/2835
f 2836/2902/2837 2880/2947/2881 2879/2946/2880 2835/2901/2836
f 2837/2903/2838 2881/2948/2882 2880/2947/2881 2836/2902/2837
f 2838/2904/2839 2882/2949/2883 2881/2948/2882 2837/2903/2838
f 2839/2905/2840 2883/2950/2884 2882/2949/2883 2838/2904/2839
f 2840/2906/2841 2884/2951/2885 2883/2950/2884 2839/2905/2840
f 2841/2907/2842 2885/2952/2886 2884/2951/2885 2840/2906/2841
f 2842/2908/2843 2886/2953/2887 2885/2952/2886 2841/2907/2842
f 2843/2909/2844 2887/2954/2888 2886/2953/2887 2842/2908/2843
f 2844/2910/2845 2888/2955/2889 2887/2954/2888 2843/2909/2844
f 2845/2911/2846 2889/2956/2890 2888/2955/2889 2844/2910/2845
f 2846/2912/2847 2890/2957/2891 2889/2956/2890 2845/2911/2846
f 2847/2913/2848 2891/2958/2892 2890/2957/2891 2846/2912/2847
f 2848/2914/2849 2892/2959/2893 2891/2958/2892 2847/2913/2848
f 2849/2915/2850 2893/2960/2894 2892/2959/2893 2848/2914/2849
f 2850/2916/2851 2894/2961/2895 2893/2960/2894 2849/2915/2850
f 2851/2917/2852 2895/2962/2896 2894/2961/2895 2850/2916/2851
f 2852/2918/2853 2896/2963/2897 2895/2962/2896 2851/2917/2852
f 2853/2919/2854 2897/2964/2898 2896/2963/2897 2852/2918/2853
f 2854/2920/2855 2898/2965/2899 2897/2964/2898 2853/2919/2854
f 2855/2921/2856 2899/2966/2900 2898/2965/2899 2854/2920/2855
f 2856/2922/2857 2900/2967/2901 2899/2966/2900 2855/2921/2856
f 2857/2923/2858 2901/2968/2902 2900/2967/2901 2856/2922/2857
f 2858/2924/2859 2902/2969/2903 2901/2968/2902 2857/2923/2858
f 2859/2925/2860 2903/2970/2904 2902/2969/2903 2858/2924/2859
f 2860/2882/2818 2904/2927/2862 2903/2970/2904 2859/2925/2860
f 2861/2926/2861 2905/2971/2905 2948/2972/2906 2904/2927/2862
f 2862/2928/2863 2906/2973/2907 2905/2974/2905 2861/2929/2861
f 2863/2930/2864 2907/2975/2908 2906/2973/2907 2862/2928/2863
f 2864/2931/2865 2908/2976/2909 2907/2975/2908 2863/2930/2864
f 2865/2932/2866 2909/2977/2910 2908/2976/2909 2864/2931/2865
f 2866/2933/2867 2910/2978/2911 2909/2977/2910 2865/2932/2866
f 2867/2934/2868 2911/2979/2912 2910/2978/2911 2866/2933/2867
f 2868/2935/2869 2912/2980/2913 2911/2979/2912 2867/2934/2868
f 2869/2936/2870 2913/2981/2914 2912/2980/2913 2868/2935/2869
f 2870/2937/2871 2914/2982/2915 2913/2981/2914 2869/2936/2870
f 2871/2938/2872 2915/2983/2916 2914/2982/2915 2870/2937/2871
f 2872/2939/2873 2916/2984/2917 2915/2983/2916 2871/2938/2872
f 2873/2940/2874 2917/2985/2918 2916/2984/2917 2872/2939/2873
f 2874/2941/2875 2918/2986/2919 2917/2985/2918 2873/2940/2874
f 2875/2942/2876 2919/2987/2920 2918/2986/2919 2874/2941/2875
f 2876/2943/2877 2920/2988/2921 2919/2987/2920 2875/2942/2876
f 2877/2944/2878 2921/2989/2922 2920/2988/2921 2876/2943/2877
f 2878/2945/2879 2922/2990/2923 2921/2989/2922 2877/2944/2878
f 2879/2946/2880 2923/2991/2924 2922/2990/2923 2878/2945/2879
f 2880/2947/2881 2924/2992/2925 2923/2991/2924 2879/2946/2880
f 2881/2948/2882 2925/2993/2926 2924/2992/2925 2880/2947/2881
f 2882/2949/2883 2926/2994/2927 2925/2993/2926 2881/2948/2882
f 2883/2950/2884 2927/2995/2928 2926/2994/2927 2882/2949/2883
f 2884/2951/2885 2928/2996/2929 2927/2995/2928 2883/2950/2884
f 2885/2952/2886 2929/2997/2930 2928/2996/2929 2884/2951/2885
f 2886/2953/2887 2930/2998/2931 2929/2997/2930 2885/2952/2886
f 2887/2954/2888 2931/2999/2932 2930/2998/2931 2886/2953/2887
f 2888/2955/2889 2932/3000/2933 2931/2999/2932 2887/2954/2888
f 2889/2956/2890 2933/3001/2934 2932/3000/2933 2888/2955/2889
f 2890/2957/2891 2934/3002/2935 2933/3001/2934 2889/2956/2890
f 2891/2958/2892 2935/3003/2936 2934/3002/2935 2890/2957/2891
f 2892/2959/2893 2936/3004/2937 2935/3003/2936 2891/2958/2892
f 2893/2960/2894 2937/3005/2938 2936/3004/2937 2892/2959/2893
f 2894/2961/2895 2938/3006/2939 2937/3005/2938 2893/2960/2894
f 2895/2962/2896 2939/3007/2940 2938/3006/2939 2894/2961/2895
f 2896/2963/2897 2940/3008/2941 2939/3007/2940 2895/2962/2896
f 2897/2964/2898 2941/3009/2942 2940/3008/2941 2896/2963/2897
f 2898/2965/2899 2942/3010/2943 2941/3009/2942 2897/2964/2898
f 2899/2966/2900 2943/3011/2944 2942/3010/2943 2898/2965/2899
f 2900/2967/2901 2944/3012/2945 2943/3011/2944 2899/2966/2900
f 2901/2968/2902 2945/3013/2946 2944/3012/2945 2900/2967/2901
f 2902/2969/2903 2946/3014/2947 2945/3013/2946 2901/2968/2902
f 2903/2970/2904 2947/3015/2948 2946/3014/2947 2902/2969/2903
f 2904/2927/2862 2948/2972/2906 2947/3015/2948 2903/2970/2904
f 2905/2971/2905 2949/3016/2949 2992/3017/2950 2948/2972/2906
f 2906/2973/2907 2950/3018/2951 2949/3019/2949 2905/2974/2905
f 2907/2975/2908 2951/3020/2952 2950/3018/2951 2906/2973/2907
f 2908/2976/2909 2952/3021/2953 2951/3020/2952 2907/2975/2908
f 2909/2977/2910 2953/3022/2954 2952/3021/2953 2908/2976/2909
f 2910/2978/2911 2954/3023/2955 2953/3022/2954 2909/2977/2910
f 2911/2979/2912 2955/3024/2956 2954/3023/2955 2910/2978/2911
f 2912/2980/2913 2956/3025/2957 2955/3024/2956 2911/2979/2912
f 2913/2981/2914 2957/3026/2958 2956/3025/2957 2912/2980/2913
f 2914/2982/2915 2958/3027/2959 2957/3026/2958 2913/2981/2914
f 2915/2983/2916 2959/3028/2960 2958/3027/2959 2914/2982/2915
f 2916/2984/2917 2960/3029/2961 2959/3028/2960 2915/2983/2916
f 2917/2985/2918 2961/3030/2962 2960/3029/2961 2916/2984/2917
f 2918/2986/2919 2962/3031/2963 2961/3030/2962 2917/2985/2918
f 2919/2987/2920 2963/3032/2964 2962/3031/2963 2918/2986/2919
f 2920/2988/2921 2964/3033/2965 2963/3032/2964 2919/2987/2920
f 2921/2989/2922 2965/3034/2966 2964/3033/2965 2920/2988/2921
f 2922/2990/2923 2966/3035/2967 2965/3034/2966 2921/2989/2922
f 2923/2991/2924 2967/3036/2968 2966/3035/2967 2922/2990/2923
f 2924/2992/2925 2968/3037/2969 2967/3036/2968 2923/2991/2924
f 2925/2993/2926 2969/3038/2970 2968/3037/2969 2924/2992/2925
f 2926/2994/2927 2970/3039/2971 2969/3038/2970 2925/2993/2926
f 2927/2995/2928 2971/3040/2972 2970/3039/2971 2926/2994/2927
f 2928/2996/2929 2972/3041/2973 2971/3040/2972 2927/2995/2928
f 2929/2997/2930 2973/3042/2974 2972/3041/2973 2928/2996/2929
f 2930/2998/2931 2974/3043/2975 2973/3042/2974 2929/2997/2930
f 2931/2999/2932 2975/3044/2976 2974/3043/2975 2930/2998/2931
f 2932/3000/2933 2976/3045/2977 2975/3044/2976 2931/2999/2932
f 2933/3001/2934 2977/3046/2978 2976/3045/2977 2932/3000/2933
f 2934/3002/2935 2978/3047/2979 2977/3046/2978 2933/3001/2934
f 2935/3003/2936 2979/3048/2980 2978/3047/2979 2934/3002/2935
f 2936/3004/2937 2980/3049/2981 2979/3048/2980 2935/3003/2936
f 2937/3005/2938 2981/3050/2982 2980/3049/2981 2936/3004/2937
f 2938/3006/2939 2982/3051/2983 2981/3050/2982 2937/3005/2938
f 2939/3007/2940 2983/3052/2984 2982/3051/2983 2938/3006/2939
f 2940/3008/2941 2984/3053/2985 2983/3052/2984 2939/3007/2940
f 2941/3009/2942 2985/3054/2986 2984/3053/2985 2940/3008/2941
f 2942/3010/2943 2986/3055/2987 2985/3054/2986 2941/3009/2942
f 2943/3011/2944 2987/3056/2988 2986/3055/2987 2942/3010/2943
f 2944/3012/2945 2988/3057/2989 2987/3056/2988 2943/3011/2944
f 2945/3013/2946 2989/3058/2990 2988/3057/2989 2944/3012/2945
f 2946/3014/2947 2990/3059/2991 2989/3058/2990 2945/3013/2946
f 2947/3015/2948 2991/3060/2992 2990/3059/2991 2946/3014/2947
f 2948/2972/2906 2992/3017/2950 2991/3060/2992 2947/3015/2948
f 2949/3016/2949 2993/3061/2993 3036/3062/2994 2992/3017/2950
f 2950/3018/2951 2994/3063/2995 2993/3064/2993 2949/3019/2949
f 2951/3020/2952 2995/3065/2996 2994/3063/2995 2950/3018/2951
f 2952/3021/2953 2996/3066/2997 2995/3065/2996 2951/3020/2952
f 2953/3022/2954 2997/3067/2998 2996/3066/2997 2952/3021/2953
f 2954/3023/2955 2998/3068/2999 2997/3067/2998 2953/3022/2954
f 2955/3024/2956 2999/3069/3000 2998/3068/2999 2954/3023/2955
f 2956/3025/2957 3000/3070/3001 2999/3069/3000 2955/3024/2956
f 2957/3026/2958 3001/3071/3002 3000/3070/3001 2956/3025/2957
f 2958/3027/2959 3002/3072/3003 3001/3071/3002 2957/3026/2958
f 2959/3028/2960 3003/3073/3004 3002/3072/3003 2958/3027/2959
f 2960/3029/2961 3004/3074/3005 3003/3073/3004 2959/3028/2960
f 2961/3030/2962 3005/3075/3006 3004/3074/3005 2960/3029/2961
f 2962/3031/2963 3006/3076/3007 3005/3075/3006 2961/3030/2962
f 2963/3032/2964 3007/3077/3008 3006/3076/3007 2962/3031/2963
f 2964/3033/2965 3008/3078/3009 3007/3077/3008 2963/3032/2964
f 2965/3034/2966 3009/3079/3010 3008/3078/3009 2964/3033/2965
f 2966/3035/2967 3010/3080/3011 3009/3079/3010 2965/3034/2966
f 2967/3036/2968 3011/3081/3012 3010/3080/3011 2966/3035/2967
f 2968/3037/2969 3012/3082/3013 3011/3081/3012 2967/3036/2968
f 2969/3038/2970 3013/3083/3014 3012/3082/3013 2968/3037/2969
f 2970/3039/2971 3014/3084/3015 3013/3083/3014 2969/3038/2970
f 2971/3040/2972 3015/3085/3016 3014/3084/3015 2970/3039/2971
f 2972/3041/2973 3016/3086/3017 3015/3085/3016 2971/3040/2972
f 2973/3042/2974 3017/3087/3018 3016/3086/3017 2972/3041/2973
f 2974/3043/2975 3018/3088/3019 3017/3087/3018 2973/3042/2974
f 2975/3044/2976 3019/3089/3020 3018/3088/3019 2974/3043/2975
f 2976/3045/2977 3020/3090/3021 3019/3089/3020 2975/3044/2976
f 2977/3046/2978 3021/3091/3022 3020/3090/3021 2976/3045/2977
f 2978/3047/2979 3022/3092/3023 3021/3091/3022 2977/3046/2978
f 2979/3048/2980 3023/3093/3024 3022/3092/3023 2978/3047/2979
f 2980/3049/2981 3024/3094/3025 3023/3093/3024 2979/3048/2980
f 2981/3050/2982 3025/3095/3026 3024/3094/3025 2980/3049/2981
f 2982/3051/2983 3026/3096/3027 3025/3095/3026 2981/3050/2982
f 2983/3052/2984 3027/3097/3028 3026/3096/3027 2982/3051/2983
f 2984/3053/2985 3028/3098/3029 3027/3097/3028 2983/3052/2984
f 2985/3054/2986 3029/3099/3030 3028/3098/3029 2984/3053/2985
f 2986/3055/2987 3030/3100/3031 3029/3099/3030 2985/3054/2986
f 2987/3056/2988 3031/3101/3032 3030/3100/3031 2986/3055/2987
f 2988/3057/2989 3032/3102/3033 3031/3101/3032 2987/3056/2988
f 2989/3058/2990 3033/3103/3034 3032/3102/3033 2988/3057/2989
f 2990/3059/2991 3034/3104/3035 3033/3103/3034 2989/3058/2990
f 2991/3060/2992 3035/3105/3036 3034/3104/3035 2990/3059/2991
f 2992/3017/2950 3036/3062/2994 3035/3105/3036 2991/3060/2992
f 2993/3061/2993 3037/3106/3037 3080/3107/3038 3036/3062/2994
f 2994/3063/2995 3038/3108/3039 3037/3109/3037 2993/3064/2993
f 2995/3065/2996 3039/3110/3040 3038/3108/3039 2994/3063/2995
f 2996/3066/2997 3040/3111/3041 3039/3110/3040 2995/3065/2996
f 2997/3067/2998 3041/3112/3042 3040/3111/3041 2996/3066/2997
f 2998/3068/2999 3042/3113/3043 3041/3112/3042 2997/3067/2998
f 2999/3069/3000 3043/3114/3044 3042/3113/3043 2998/3068/2999
f 3000/3070/3001 3044/3115/3045 3043/3114/3044 2999/3069/3000
f 3001/3071/3002 3045/3116/3046 3044/3115/3045 3000/3070/3001
f 3002/3072/3003 3046/3117/3047 3045/3116/3046 3001/3071/3002
f 3003/3073/3004 3047/3118/3048 3046/3117/3047 3002/3072/3003
f 3004/3074/3005 3048/3119/3049 3047/3118/3048 3003/3073/3004
f 3005/3075/3006 3049/3120/3050 3048/3119/3049 3004/3074/3005
f 3006/3076/3007 3050/3121/3051 3049/3120/3050 3005/3075/3006
f 3007/3077/3008 3051/3122/3052 3050/3121/3051 3006/3076/3007
f 3008/3078/3009 3052/3123/3053 3051/3122/3052 3007/3077/3008
f 3009/3079/3010 3053/3124/3054 3052/3123/3053 3008/3078/3009
f 3010/3080/3011 3054/3125/3055 3053/3124/3054 3009/3079/3010
f 3011/3081/3012 3055/3126/3056 3054/3125/3055 3010/3080/3011
f 3012/3082/3013 3056/3127/3057 3055/3126/3056 3011/3081/3012
f 3013/3083/3014 3057/3128/3058 3056/3127/3057 3012/3082/3013
f 3014/3084/3015 3058/3129/3059 3057/3128/3058 3013/3083/3014
f 3015/3085/3016 3059/3130/3060 3058/3129/3059 3014/3084/3015
f 3016/3086/3017 3060/3131/3061 3059/3130/3060 3015/3085/3016
f 3017/3087/3018 3061/3132/3062 3060/3131/3061 3016/3086/3017
f 3018/3088/3019 3062/3133/3063 3061/3132/3062 3017/3087/3018
f 3019/3089/3020 3063/3134/3064 3062/3133/3063 3018/3088/3019
f 3020/3090/3021 3064/3135/3065 3063/3134/3064 3019/3089/3020
f 3021/3091/3022 3065/3136/3066 3064/3135/3065 3020/3090/3021
f 3022/3092/3023 3066/3137/3067 3065/3136/3066 3021/3091/3022
f 3023/3093/3024 3067/3138/3068 3066/3137/3067 3022/3092/3023
f 3024/3094/3025 3068/3139/3069 3067/3138/3068 3023/3093/3024
f 3025/3095/3026 3069/3140/3070 3068/3139/3069 3024/3094/3025
f 3026/3096/3027 3070/3141/3071 3069/3140/3070 3025/3095/3026
f 3027/3097/3028 3071/3142/3072 3070/3141/3071 3026/3096/3027
f 3028/3098/3029 3072/3143/3073 3071/3142/3072 3027/3097/3028
f 3029/3099/3030 3073/3144/3074 3072/3143/3073 3028/3098/3029
f 3030/3100/3031 3074/3145/3075 3073/3144/3074 3029/3099/3030
f 3031/3101/3032 3075/3146/3076 3074/3145/3075 3030/3100/3031
f 3032/3102/3033 3076/3147/3077 3075/3146/3076 3031/3101/3032
f 3033/3103/3034 3077/3148/3078 3076/3147/3077 3032/3102/3033
f 3034/3104/3035 3078/3149/3079 3077/3148/3078 3033/3103/3034
f 3035/3105/3036 3079/3150/3080 3078/3149/3079 3034/3104/3035
f 3036/3062/2994 3080/3107/3038 3079/3150/3080 3035/3105/3036
f 3037/3106/3037 3081/3151/3081 3124/3152/3082 3080/3107/3038
f 3038/3108/3039 3082/3153/3083 3081/3154/3081 3037/3109/3037
f 3039/3110/3040 3083/3155/3084 3082/3153/3083 3038/3108/3039
f 3040/3111/3041 3084/3156/3085 3083/3155/3084 3039/3110/3040
f 3041/3112/3042 3085/3157/3086 3084/3156/3085 3040/3111/3041
f 3042/3113/3043 3086/3158/3087 3085/3157/3086 3041/3112/3042
f 3043/3114/3044 3087/3159/3088 3086/3158/3087 3042/3113/3043
f 3044/3115/3045 3088/3160/3089 3087/3159/3088 3043/3114/3044
f 3045/3116/3046 3089/3161/3090 3088/3160/3089 3044/3115/3045
f 3046/3117/3047 3090/3162/3091 3089/3161/3090 3045/3116/3046
f 3047/3118/3048 3091/3163/3092 3090/3162/3091 3046/3117/3047
f 3048/3119/3049 3092/3164/3093 3091/3163/3092 3047/3118/3048
f 3049/3120/3050 3093/3165/3094 3092/3164/3093 3048/3119/3049
f 3050/3121/3051 3094/3166/3095 3093/3165/3094 3049/3120/3050
f 3051/3122/3052 3095/3167/3096 3094/3166/3095 3050/3121/3051
f 3052/3123/3053 3096/3168/3097 3095/3167/3096 3051/3122/3052
f 3053/3124/3054 3097/3169/3098 3096/3168/3097 3052/3123/3053
f 3054/3125/3055 3098/3170/3099 3097/3169/3098 3053/3124/3054
f 3055/3126/3056 3099/3171/3100 3098/3170/3099 3054/3125/3055
f 3056/3127/3057 3100/3172/3101 3099/3171/3100 3055/3126/3056
f 3057/3128/3058 3101/3173/3102 3100/3172/3101 3056/3127/3057
f 3058/3129/3059 3102/3174/3103 3101/3173/3102 3057/3128/3058
f 3059/3130/3060 3103/3175/3104 3102/3174/3103 3058/3129/3059
f 3060/3131/3061 3104/3176/3105 3103/3175/3104 3059/3130/3060
f 3061/3132/3062 3105/3177/3106 3104/3176/3105 3060/3131/3061
f 3062/3133/3063 3106/3178/3107 3105/3177/3106 3061/3132/3062
f 3063/3134/3064 3107/3179/3108 3106/3178/3107 3062/3133/3063
f 3064/3135/3065 3108/3180/3109 3107/3179/3108 3063/3134/3064
f 3065/3136/3066 3109/3181/3110 3108/3180/3109 3064/3135/3065
f 3066/3137/3067 3110/3182/3111 3109/3181/3110 3065/3136/3066
f 3067/3138/3068 3111/3183/3112 3110/3182/3111 3066/3137/3067
f 3068/3139/3069 3112/3184/3113 3111/3183/3112 3067/3138/3068
f 3069/3140/3070 3113/3185/3114 3112/3184/3113 3068/3139/3069
f 3070/3141/3071 3114/3186/3115 3113/3185/3114 3069/3140/3070
f 3071/3142/3072 3115/3187/3116 3114/3186/3115 3070/3141/3071
f 3072/3143/3073 3116/3188/3117 3115/3187/3116 3071/3142/3072
f 3073/3144/3074 3117/3189/3118 3116/3188/3117 3072/3143/3073
f 3074/3145/3075 3118/3190/3119 3117/3189/3118 3073/3144/3074
f 3075/3146/3076 3119/3191/3120 3118/3190/3119 3074/3145/3075
f 3076/3147/3077 3120/3192/3121 3119/3191/3120 3075/3146/3076
f 3077/3148/3078 3121/3193/3122 3120/3192/3121 3076/3147/3077
f 3078/3149/3079 3122/3194/3123 3121/3193/3122 3077/3148/3078
f 3079/3150/3080 3123/3195/3124 3122/3194/3123 3078/3149/3079
f 3080/3107/3038 3124/3152/3082 3123/3195/3124 3079/3150/3080
f 3081/3151/3081 3125/3196/3125 3168/3197/3126 3124/3152/3082
f 3082/3153/3083 3126/3198/3127 3125/3199/3125 3081/3154/3081
f 3083/3155/3084 3127/3200/3128 3126/3198/3127 3082/3153/3083
f 3084/3156/3085 3128/3201/3129 3127/3200/3128 3083/3155/3084
f 3085/3157/3086 3129/3202/3130 3128/3201/3129 3084/3156/3085
f 3086/3158/3087 3130/3203/3131 3129/3202/3130 3085/3157/3086
f 3087/3159/3088 3131/3204/3132 3130/3203/3131 3086/3158/3087
f 3088/3160/3089 3132/3205/3133 3131/3204/3132 3087/3159/3088
f 3089/3161/3090 3133/3206/3134 3132/3205/3133 3088/3160/3089
f 3090/3162/3091 3134/3207/3135 3133/3206/3134 3089/3161/3090
f 3091/3163/3092 3135/3208/3136 3134/3207/3135 3090/3162/3091
f 3092/3164/3093 3136/3209/3137 3135/3208/3136 3091/3163/3092
f 3093/3165/3094 3137/3210/3138 3136/3209/3137 3092/3164/3093
f 3094/3166/3095 3138/3211/3139 3137/3210/3138 3093/3165/3094
f 3095/3167/3096 3139/3212/3140 3138/3211/3139 3094/3166/3095
f 3096/3168/3097 3140/3213/3141 3139/3212/3140 3095/3167/3096
f 3097/3169/3098 3141/3214/3142 3140/3213/3141 3096/3168/3097
f 3098/3170/3099 3142/3215/3143 3141/3214/3142 3097/3169/3098
f 3099/3171/3100 3143/3216/3144 3142/3215/3143 3098/3170/3099
f 3100/3172/3101 3144/3217/3145 3143/3216/3144 3099/3171/3100
f 3101/3173/3102 3145/3218/3146 3144/3217/3145 3100/3172/3101
f 3102/3174/3103 3146/3219/3147 3145/3218/3146 3101/3173/3102
f 3103/3175/3104 3147/3220/3148 3146/3219/3147 3102/3174/3103
f 3104/3176/3105 3148/3221/3149 3147/3220/3148 3103/3175/3104
f 3105/3177/3106 3149/3222/3150 3148/3221/3149 3104/3176/3105
f 3106/3178/3107 3150/3223/3151 3149/3222/3150 3105/3177/3106
f 3107/3179/3108 3151/3224/3152 3150/3223/3151 3106/3178/3107
f 3108/3180/3109 3152/3225/3153 3151/3224/3152 3107/3179/3108
f 3109/3181/3110 3153/3226/3154 3152/3225/3153 3108/3180/3109
f 3110/3182/3111 3154/3227/3155 3153/3226/3154 3109/3181/3110
f 3111/3183/3112 3155/3228/3156 3154/3227/3155 3110/3182/3111
f 3112/3184/3113 3156/3229/3157 3155/3228/3156 3111/3183/3112
f 3113/3185/3114 3157/3230/3158 3156/3229/3157 3112/3184/3113
f 3114/3186/3115 3158/3231/3159 3157/3230/3158 3113/3185/3114
f 3115/3187/3116 3159/3232/3160 3158/3231/3159 3114/3186/3115
f 3116/3188/3117 3160/3233/3161 3159/3232/3160 3115/3187/3116
f 3117/3189/3118 3161/3234/3162 3160/3233/3161 3116/3188/3117
f 3118/3190/3119 3162/3235/3163 3161/3234/3162 3117/3189/3118
f 3119/3191/3120 3163/3236/3164 3162/3235/3163 3118/3190/3119
f 3120/3192/3121 3164/3237/3165 3163/3236/3164 3119/3191/3120
f 3121/3193/3122 3165/3238/3166 3164/3237/3165 3120/3192/3121
f 3122/3194/3123 3166/3239/3167 3165/3238/3166 3121/3193/3122
f 3123/3195/3124 3167/3240/3168 3166/3239/3167 3122/3194/3123
f 3124/3152/3082 3168/3197/3126 3167/3240/3168 3123/3195/3124
f 3125/3196/3125 3169/3241/3169 3212/3242/3170 3168/3197/3126
f 3126/3198/3127 3170/3243/3171 3169/3244/3169 3125/3199/3125
f 3127/3200/3128 3171/3245/3172 3170/3243/3171 3126/3198/3127
f 3128/3201/3129 3172/3246/3173 3171/3245/3172 3127/3200/3128
f 3129/3202/3130 3173/3247/3174 3172/3246/3173 3128/3201/3129
f 3130/3203/3131 3174/3248/3175 3173/3247/3174 3129/3202/3130
f 3131/3204/3132 3175/3249/3176 3174/3248/3175 3130/3203/3131
f 3132/3205/3133 3176/3250/3177 3175/3249/3176 3131/3204/3132
f 3133/3206/3134 3177/3251/3178 3176/3250/3177 3132/3205/3133
f 3134/3207/3135 3178/3252/3179 3177/3251/3178 3133/3206/3134
f 3135/3208/3136 3179/3253/3180 3178/3252/3179 3134/3207/3135
f 3136/3209/3137 3180/3254/3181 3179/3253/3180 3135/3208/3136
f 3137/3210/3138 3181/3255/3182 3180/3254/3181 3136/3209/3137
f 3138/3211/3139 3182/3256/3183 3181/3255/3182 3137/3210/3138
f 3139/3212/3140 3183/3257/3184 3182/3256/3183 3138/3211/3139
f 3140/3213/3141 3184/3258/3185 3183/3257/3184 3139/3212/3140
f 3141/3214/3142 3185/3259/3186 3184/3258/3185 3140/3213/3141
f 3142/3215/3143 3186/3260/3187 3185/3259/3186 3141/3214/3142
f 3143/3216/3144 3187/3261/3188 3186/3260/3187 3142/3215/3143
f 3144/3217/3145 3188/3262/3189 3187/3261/3188 3143/3216/3144
f 3145/3218/3146 3189/3263/3190 3188/3262/3189 3144/3217/3145
f 3146/3219/3147 3190/3264/3191 3189/3263/3190 3145/3218/3146
f 3147/3220/3148 3191/3265/3192 3190/3264/3191 3146/3219/3147
f 3148/3221/3149 3192/3266/3193 3191/3265/3192 3147/3220/3148
f 3149/3222/3150 3193/3267/3194 3192/3266/3193 3148/3221/3149
f 3150/3223/3151 3194/3268/3195 3193/3267/3194 3149/3222/3150
f 3151/3224/3152 3195/3269/3196 3194/3268/3195 3150/3223/3151
f 3152/3225/3153 3196/3270/3197 3195/3269/3196 3151/3224/3152
f 3153/3226/3154 3197/3271/3198 3196/3270/3197 3152/3225/3153
f 3154/3227/3155 3198/3272/3199 3197/3271/3198 3153/3226/3154
f 3155/3228/3156 3199/3273/3200 3198/3272/3199 3154/3227/3155
f 3156/3229/3157 3200/3274/3201 3199/3273/3200 3155/3228/3156
f 3157/3230/3158 3201/3275/3202 3200/3274/3201 3156/3229/3157
f 3158/3231/3159 3202/3276/3203 3201/3275/3202 3157/3230/3158
f 3159/3232/3160 3203/3277/3204 3202/3276/3203 3158/3231/3159
f 3160/3233/3161 3204/3278/3205 3203/3277/3204 3159/3232/3160
f 3161/3234/3162 3205/3279/3206 3204/3278/3205 3160/3233/3161
f 3162/3235/3163 3206/3280/3207 3205/3279/3206 3161/3234/3162
f 3163/3236/3164 3207/3281/3208 3206/3280/3207 3162/3235/3163
f 3164/3237/3165 3208/3282/3209 3207/3281/3208 3163/3236/3164
f 3165/3238/3166 3209/3283/3210 3208/3282/3209 3164/3237/3165
f 3166/3239/3167 3210/3284/3211 3209/3283/3210 3165/3238/3166
f 3167/3240/3168 3211/3285/3212 3210/3284/3211 3166/3239/3167
f 3168/3197/3126 3212/3242/3170 3211/3285/3212 3167/3240/3168
f 3169/3241/3169 3213/3286/3213 3256/3287/3214 3212/3242/3170
f 3170/3243/3171 3214/3288/3215 3213/3289/3213 3169/3244/3169
f 3171/3245/3172 3215/3290/3216 3214/3288/3215 3170/3243/3171
f 3172/3246/3173 3216/3291/3217 3215/3290/3216 3171/3245/3172
f 3173/3247/3174 3217/3292/3218 3216/3291/3217 3172/3246/3173
f 3174/3248/3175 3218/3293/3219 3217/3292/3218 3173/3247/3174
f 3175/3249/3176 3219/3294/3220 3218/3293/3219 3174/3248/3175
f 3176/3250/3177 3220/3295/3221 3219/3294/3220 3175/3249/3176
f 3177/3251/3178 3221/3296/3222 3220/3295/3221 3176/3250/3177
f 3178/3252/3179 3222/3297/3223 3221/3296/3222 3177/3251/3178
f 3179/3253/3180 3223/3298/3224 3222/3297/3223 3178/3252/3179
f 3180/3254/3181 3224/3299/3225 3223/3298/3224 3179/3253/3180
f 3181/3255/3182 3225/3300/3226 3224/3299/3225 3180/3254/3181
f 3182/3256/3183 3226/3301/3227 3225/3300/3226 3181/3255/3182
f 3183/3257/3184 3227/3302/3228 3226/3301/3227 3182/3256/3183
f 3184/3258/3185 3228/3303/3229 3227/3302/3228 3183/3257/3184
f 3185/3259/3186 3229/3304/3230 3228/3303/3229 3184/3258/3185
f 3186/3260/3187 3230/3305/3231 3229/3304/3230 3185/3259/3186
f 3187/3261/3188 3231/3306/3232 3230/3305/3231 3186/3260/3187
f 3188/3262/3189 3232/3307/3233 3231/3306/3232 3187/3261/3188
f 3189/3263/3190 3233/3308/3234 3232/3307/3233 3188/3262/3189
f 3190/3264/3191 3234/3309/3235 3233/3308/3234 3189/3263/3190
f 3191/3265/3192 3235/3310/3236 3234/3309/3235 3190/3264/3191
f 3192/3266/3193 3236/3311/3237 3235/3310/3236 3191/3265/3192
f 3193/3267/3194 3237/3312/3238 3236/3311/3237 3192/3266/3193
f 3194/3268/3195 3238/3313/3239 3237/3312/3238 3193/3267/3194
f 3195/3269/3196 3239/3314/3240 3238/3313/3239 3194/3268/3195
f 3196/3270/3197 3240/3315/3241 3239/3314/3240 3195/3269/3196
f 3197/3271/3198 3241/3316/3242 3240/3315/3241 3196/3270/3197
f 3198/3272/3199 3242/3317/3243 3241/3316/3242 3197/3271/3198
f 3199/3273/3200 3243/3318/3244 3242/3317/3243 3198/3272/3199
f 3200/3274/3201 3244/3319/3245 3243/3318/3244 3199/3273/3200
f 3201/3275/3202 3245/3320/3246 3244/3319/3245 3200/3274/3201
f 3202/3276/3203 3246/3321/3247 3245/3320/3246 3201/3275/3202
f 3203/3277/3204 3247/3322/3248 3246/3321/3247 3202/3276/3203
f 3204/3278/3205 3248/3323/3249 3247/3322/3248 3203/3277/3204
f 3205/3279/3206 3249/3324/3250 3248/3323/3249 3204/3278/3205
f 3206/3280/3207 3250/3325/3251 3249/3324/3250 3205/3279/3206
f 3207/3281/3208 3251/3326/3252 3250/3325/3251 3206/3280/3207
f 3208/3282/3209 3252/3327/3253 3251/3326/3252 3207/3281/3208
f 3209/3283/3210 3253/3328/3254 3252/3327/3253 3208/3282/3209
f 3210/3284/3211 3254/3329/3255 3253/3328/3254 3209/3283/3210
f 3211/3285/3212 3255/3330/3256 3254/3329/3255 3210/3284/3211
f 3212/3242/3170 3256/3287/3214 3255/3330/3256 3211/3285/3212
f 3213/3286/3213 3257/3331/3257 3300/3332/3258 3256/3287/3214
f 3214/3288/3215 3258/3333/3259 3257/3334/3257 3213/3289/3213
f 3215/3290/3216 3259/3335/3260 3258/3333/3259 3214/3288/3215
f 3216/3291/3217 3260/3336/3261 3259/3335/3260 3215/3290/3216
f 3217/3292/3218 3261/3337/3262 3260/3336/3261 3216/3291/3217
f 3218/3293/3219 3262/3338/3263 3261/3337/3262 3217/3292/3218
f 3219/3294/3220 3263/3339/3264 3262/3338/3263 3218/3293/3219
f 3220/3295/3221 3264/3340/3265 3263/3339/3264 3219/3294/3220
f 3221/3296/3222 3265/3341/3266 3264/3340/3265 3220/3295/3221
f 3222/3297/3223 3266/3342/3267 3265/3341/3266 3221/3296/3222
f 3223/3298/3224 3267/3343/3268 3266/3342/3267 3222/3297/3223
f 3224/3299/3225 3268/3344/3269 3267/3343/3268 3223/3298/3224
f 3225/3300/3226 3269/3345/3270 3268/3344/3269 3224/3299/3225
f 3226/3301/3227 3270/3346/3271 3269/3345/3270 3225/3300/3226
f 3227/3302/3228 3271/3347/3272 3270/3346/3271 3226/3301/3227
f 3228/3303/3229 3272/3348/3273 3271/3347/3272 3227/3302/3228
f 3229/3304/3230 3273/3349/3274 3272/3348/3273 3228/3303/3229
f 3230/3305/3231 3274/3350/3275 3273/3349/3274 3229/3304/3230
f 3231/3306/3232 3275/3351/3276 3274/3350/3275 3230/3305/3231
f 3232/3307/3233 3276/3352/3277 3275/3351/3276 3231/3306/3232
f 3233/3308/3234 3277/3353/3278 3276/3352/3277 3232/3307/3233
f 3234/3309/3235 3278/3354/3279 3277/3353/3278 3233/3308/3234
f 3235/3310/3236 3279/3355/3280 3278/3354/3279 3234/3309/3235
f 3236/3311/3237 3280/3356/3281 3279/3355/3280 3235/3310/3236
f 3237/3312/3238 3281/3357/3282 3280/3356/3281 3236/3311/3237
f 3238/3313/3239 3282/3358/3283 3281/3357/3282 3237/3312/3238
f 3239/3314/3240 3283/3359/3284 3282/3358/3283 3238/3313/3239
f 3240/3315/3241 3284/3360/3285 3283/3359/3284 3239/3314/3240
f 3241/3316/3242 3285/3361/3286 3284/3360/3285 3240/3315/3241
f 3242/3317/3243 3286/3362/3287 3285/3361/3286 3241/3316/3242
f 3243/3318/3244 3287/3363/3288 3286/3362/3287 3242/3317/3243
f 3244/3319/3245 3288/3364/3289 3287/3363/3288 3243/3318/3244
f 3245/3320/3246 3289/3365/3290 3288/3364/3289 3244/3319/3245
f 3246/3321/3247 3290/3366/3291 3289/3365/3290 3245/3320/3246
f 3247/3322/3248 3291/3367/3292 3290/3366/3291 3246/3321/3247
f 3248/3323/3249 3292/3368/3293 3291/3367/3292 3247/3322/3248
f 3249/3324/3250 3293/3369/3294 3292/3368/3293 3248/3323/3249
f 3250/3325/3251 3294/3370/3295 3293/3369/3294 3249/3324/3250
f 3251/3326/3252 3295/3371/3296 3294/3370/3295 3250/3325/3251
f 3252/3327/3253 3296/3372/3297 3295/3371/3296 3251/3326/3252
f 3253/3328/3254 3297/3373/3298 3296/3372/3297 3252/3327/3253
f 3254/3329/3255 3298/3374/3299 3297/3373/3298 3253/3328/3254
f 3255/3330/3256 3299/3375/3300 3298/3374/3299 3254/3329/3255
f 3256/3287/3214 3300/3332/3258 3299/3375/3300 3255/3330/3256
f 3257/3331/3257 3301/3376/3301 3344/3377/3302 3300/3332/3258
f 3258/3333/3259 3302/3378/3303 3301/3379/3301 3257/3334/3257
f 3259/3335/3260 3303/3380/3304 3302/3378/3303 3258/3333/3259
f 3260/3336/3261 3304/3381/3305 3303/3380/3304 3259/3335/3260
f 3261/3337/3262 3305/3382/3306 3304/3381/3305 3260/3336/3261
f 3262/3338/3263 3306/3383/3307 3305/3382/3306 3261/3337/3262
f 3263/3339/3264 3307/3384/3308 3306/3383/3307 3262/3338/3263
f 3264/3340/3265 3308/3385/3309 3307/3384/3308 3263/3339/3264
f 3265/3341/3266 3309/3386/3310 3308/3385/3309 3264/3340/3265
f 3266/3342/3267 3310/3387/3311 3309/3386/3310 3265/3341/3266
f 3267/3343/3268 3311/3388/3312 3310/3387/3311 3266/3342/3267
f 3268/3344/3269 3312/3389/3313 3311/3388/3312 3267/3343/3268
f 3269/3345/3270 3313/3390/3314 3312/3389/3313 3268/3344/3269
f 3270/3346/3271 3314/3391/3315 3313/3390/3314 3269/3345/3270
f 3271/3347/3272 3315/3392/3316 3314/3391/3315 3270/3346/3271
f 3272/3348/3273 3316/3393/3317 3315/3392/3316 3271/3347/3272
f 3273/3349/3274 3317/3394/3318 3316/3393/3317 3272/3348/3273
f 3274/3350/3275 3318/3395/3319 3317/3394/3318 3273/3349/3274
f 3275/3351/3276 3319/3396/3320 3318/3395/3319 3274/3350/3275
f 3276/3352/3277 3320/3397/3321 3319/3396/3320 3275/3351/3276
f 3277/3353/3278 3321/3398/3322 3320/3397/3321 3276/3352/3277
f 3278/3354/3279 3322/3399/3323 3321/3398/3322 3277/3353/3278
f 3279/3355/3280 3323/3400/3324 3322/3399/3323 3278/3354/3279
f 3280/3356/3281 3324/3401/3325 3323/3400/3324 3279/3355/3280
f 3281/3357/3282 3325/3402/3326 3324/3401/3325 3280/3356/3281
f 3282/3358/3283 3326/3403/3327 3325/3402/3326 3281/3357/3282
f 3283/3359/3284 3327/3404/3328 3326/3403/3327 3282/3358/3283
f 3284/3360/3285 3328/3405/3329 3327/3404/3328 3283/3359/3284
f 3285/3361/3286 3329/3406/3330 3328/3405/3329 3284/3360/3285
f 3286/3362/3287 3330/3407/3331 3329/3406/3330 3285/3361/3286
f 3287/3363/3288 3331/3408/3332 3330/3407/3331 3286/3362/3287
f 3288/3364/3289 3332/3409/3333 3331/3408/3332 3287/3363/3288
f 3289/3365/3290 3333/3410/3334 3332/3409/3333 3288/3364/3289
f 3290/3366/3291 3334/3411/3335 3333/3410/3334 3289/3365/3290
f 3291/3367/3292 3335/3412/3336 3334/3411/3335 3290/3366/3291
f 3292/3368/3293 3336/3413/3337 3335/3412/3336 3291/3367/3292
f 3293/3369/3294 3337/3414/3338 3336/3413/3337 3292/3368/3293
f 3294/3370/3295 3338/3415/3339 3337/3414/3338 3293/3369/3294
f 3295/3371/3296 3339/3416/3340 3338/3415/3339 3294/3370/3295
f 3296/3372/3297 3340/3417/3341 3339/3416/3340 3295/3371/3296
f 3297/3373/3298 3341/3418/3342 3340/3417/3341 3296/3372/3297
f 3298/3374/3299 3342/3419/3343 3341/3418/3342 3297/3373/3298
f 3299/3375/3300 3343/3420/3344 3342/3419/3343 3298/3374/3299
f 3300/3332/3258 3344/3377/3302 3343/3420/3344 3299/3375/3300
f 3301/3376/3301 3345/3421/3345 3388/3422/3346 3344/3377/3302
f 3302/3378/3303 3346/3423/3347 3345/3424/3345 3301/3379/3301
f 3303/3380/3304 3347/3425/3348 3346/3423/3347 3302/3378/3303
f 3304/3381/3305 3348/3426/3349 3347/3425/3348 3303/3380/3304
f 3305/3382/3306 3349/3427/3350 3348/3426/3349 3304/3381/3305
f 3306/3383/3307 3350/3428/3351 3349/3427/3350 3305/3382/3306
f 3307/3384/3308 3351/3429/3352 3350/3428/3351 3306/3383/3307
f 3308/3385/3309 3352/3430/3353 3351/3429/3352 3307/3384/3308
f 3309/3386/3310 3353/3431/3354 3352/3430/3353 3308/3385/3309
f 3310/3387/3311 3354/3432/3355 3353/3431/3354 3309/3386/3310
f 3311/3388/3312 3355/3433/3356 3354/3432/3355 3310/3387/3311
f 3312/3389/3313 3356/3434/3357 3355/3433/3356 3311/3388/3312
f 3313/3390/3314 3357/3435/3358 3356/3434/3357 3312/3389/3313
f 3314/3391/3315 3358/3436/3359 3357/3435/3358 3313/3390/3314
f 3315/3392/3316 3359/3437/3360 3358/3436/3359 3314/3391/3315
f 3316/3393/3317 3360/3438/3361 3359/3437/3360 3315/3392/3316
f 3317/3394/3318 3361/3439/3362 3360/3438/3361 3316/3393/3317
f 3318/3395/3319 3362/3440/3363 3361/3439/3362 3317/3394/3318
f 3319/3396/3320 3363/3441/3364 3362/3440/3363 3318/3395/3319
f 3320/3397/3321 3364/3442/3365 3363/3441/3364 3319/3396/3320
f 3321/3398/3322 3365/3443/3366 3364/3442/3365 3320/3397/3321
f 3322/3399/3323 3366/3444/3367 3365/3443/3366 3321/3398/3322
f 3323/3400/3324 3367/3445/3368 3366/3444/3367 3322/3399/3323
f 3324/3401/3325 3368/3446/3369 3367/3445/3368 3323/3400/3324
f 3325/3402/3326 3369/3447/3370 3368/3446/3369 3324/3401/3325
f 3326/3403/3327 3370/3448/3371 3369/3447/3370 3325/3402/3326
f 3327/3404/3328 3371/3449/3372 3370/3448/3371 3326/3403/3327
f 3328/3405/3329 3372/3450/3373 3371/3449/3372 3327/3404/3328
f 3329/3406/3330 3373/3451/3374 3372/3450/3373 3328/3405/3329
f 3330/3407/3331 3374/3452/3375 3373/3451/3374 3329/3406/3330
f 3331/3408/3332 3375/3453/3376 3374/3452/3375 3330/3407/3331
f 3332/3409/3333 3376/3454/3377 3375/3453/3376 3331/3408/3332
f 3333/3410/3334 3377/3455/3378 3376/3454/3377 3332/3409/3333
f 3334/3411/3335 3378/3456/3379 3377/3455/3378 3333/3410/3334
f 3335/3412/3336 3379/3457/3380 3378/3456/3379 3334/3411/3335
f 3336/3413/3337 3380/3458/3381 3379/3457/3380 3335/3412/3336
f 3337/3414/3338 3381/3459/3382 3380/3458/3381 3336/3413/3337
f 3338/3415/3339 3382/3460/3383 3381/3459/3382 3337/3414/3338
f 3339/3416/3340 3383/3461/3384 3382/3460/3383 3338/3415/3339
f 3340/3417/3341 3384/3462/3385 3383/3461/3384 3339/3416/3340
f 3341/3418/3342 3385/3463/3386 3384/3462/3385 3340/3417/3341
f 3342/3419/3343 3386/3464/3387 3385/3463/3386 3341/3418/3342
f 3343/3420/3344 3387/3465/3388 3386/3464/3387 3342/3419/3343
f 3344/3377/3302 3388/3422/3346 3387/3465/3388 3343/3420/3344
f 3345/3421/3345 3389/3466/3389 3432/3467/3390 3388/3422/3346
f 3346/3423/3347 3390/3468/3391 3389/3469/3389 3345/3424/3345
f 3347/3425/3348 3391/3470/3392 3390/3468/3391 3346/3423/3347
f 3348/3426/3349 3392/3471/3393 3391/3470/3392 3347/3425/3348
f 3349/3427/3350 3393/3472/3394 3392/3471/3393 3348/3426/3349
f 3350/3428/3351 3394/3473/3395 3393/3472/3394 3349/3427/3350
f 3351/3429/3352 3395/3474/3396 3394/3473/3395 3350/3428/3351
f 3352/3430/3353 3396/3475/3397 3395/3474/3396 3351/3429/3352
f 3353/3431/3354 3397/3476/3398 3396/3475/3397 3352/3430/3353
f 3354/3432/3355 3398/3477/3399 3397/3476/3398 3353/3431/3354
f 3355/3433/3356 3399/3478/3400 3398/3477/3399 3354/3432/3355
f 3356/3434/3357 3400/3479/3401 3399/3478/3400 3355/3433/3356
f 3357/3435/3358 3401/3480/3402 3400/3479/3401 3356/3434/3357
f 3358/3436/3359 3402/3481/3403 3401/3480/3402 3357/3435/3358
f 3359/3437/3360 3403/3482/3404 3402/3481/3403 3358/3436/3359
f 3360/3438/3361 3404/3483/3405 3403/3482/3404 3359/3437/3360
f 3361/3439/3362 3405/3484/3406 3404/3483/3405 3360/3438/3361
f 3362/3440/3363 3406/3485/3407 3405/3484/3406 3361/3439/3362
f 3363/3441/3364 3407/3486/3408 3406/3485/3407 3362/3440/3363
f 3364/3442/3365 3408/3487/3409 3407/3486/3408 3363/3441/3364
f 3365/3443/3366 3409/3488/3410 3408/3487/3409 3364/3442/3365
f 3366/3444/3367 3410/3489/3411 3409/3488/3410 3365/3443/3366
f 3367/3445/3368 3411/3490/3412 3410/3489/3411 3366/3444/3367
f 3368/3446/3369 3412/3491/3413 3411/3490/3412 3367/3445/3368
f 3369/3447/3370 3413/3492/3414 3412/3491/3413 3368/3446/3369
f 3370/3448/3371 3414/3493/3415 3413/3492/3414 3369/3447/3370
f 3371/3449/3372 3415/3494/3416 3414/3493/3415 3370/3448/3371
f 3372/3450/3373 3416/3495/3417 3415/3494/3416 3371/3449/3372
f 3373/3451/3374 3417/3496/3418 3416/3495/3417 3372/3450/3373
f 3374/3452/3375 3418/3497/3419 3417/3496/3418 3373/3451/3374
f 3375/3453/3376 3419/3498/3420 3418/3497/3419 3374/3452/3375
f 3376/3454/3377 3420/3499/3421 3419/3498/3420 3375/3453/3376
f 3377/3455/3378 3421/3500/3422 3420/3499/3421 3376/3454/3377
f 3378/3456/3379 3422/3501/3423 3421/3500/3422 3377/3455/3378
f 3379/3457/3380 3423/3502/3424 3422/3501/3423 3378/3456/3379
f 3380/3458/3381 3424/3503/3425 3423/3502/3424 3379/3457/3380
f 3381/3459/3382 3425/3504/3426 3424/3503/3425 3380/3458/3381
f 3382/3460/3383 3426/3505/3427 3425/3504/3426 3381/3459/3382
f 3383/3461/3384 3427/3506/3428 3426/3505/3427 3382/3460/3383
f 3384/3462/3385 3428/3507/3429 3427/3506/3428 3383/3461/3384
f 3385/3463/3386 3429/3508/3430 3428/3507/3429 3384/3462/3385
f 3386/3464/3387 3430/3509/3431 3429/3508/3430 3385/3463/3386
f 3387/3465/3388 3431/3510/3432 3430/3509/3431 3386/3464/3387
f 3388/3422/3346 3432/3467/3390 3431/3510/3432 3387/3465/3388
f 3389/3466/3389 3433/3511/3433 3476/3512/3434 3432/3467/3390
f 3390/3468/3391 3434/3513/3435 3433/3514/3433 3389/3469/3389
f 3391/3470/3392 3435/3515/3436 3434/3513/3435 3390/3468/3391
f 3392/3471/3393 3436/3516/3437 3435/3515/3436 3391/3470/3392
f 3393/3472/3394 3437/3517/3438 3436/3516/3437 3392/3471/3393
f 3394/3473/3395 3438/3518/3439 3437/3517/3438 3393/3472/3394
f 3395/3474/3396 3439/3519/3440 3438/3518/3439 3394/3473/3395
f 3396/3475/3397 3440/3520/3441 3439/3519/3440 3395/3474/3396
f 3397/3476/3398 3441/3521/3442 3440/3520/3441 3396/3475/3397
f 3398/3477/3399 3442/3522/3443 3441/3521/3442 3397/3476/3398
f 3399/3478/3400 3443/3523/3444 3442/3522/3443 3398/3477/3399
f 3400/3479/3401 3444/3524/3445 3443/3523/3444 3399/3478/3400
f 3401/3480/3402 3445/3525/3446 3444/3524/3445 3400/3479/3401
f 3402/3481/3403 3446/3526/3447 3445/3525/3446 3401/3480/3402
f 3403/3482/3404 3447/3527/3448 3446/3526/3447 3402/3481/3403
f 3404/3483/3405 3448/3528/3449 3447/3527/3448 3403/3482/3404
f 3405/3484/3406 3449/3529/3450 3448/3528/3449 3404/3483/3405
f 3406/3485/3407 3450/3530/3451 3449/3529/3450 3405/3484/3406
f 3407/3486/3408 3451/3531/3452 3450/3530/3451 3406/3485/3407
f 3408/3487/3409 3452/3532/3453 3451/3531/3452 3407/3486/3408
f 3409/3488/3410 3453/3533/3454 3452/3532/3453 3408/3487/3409
f 3410/3489/3411 3454/3534/3455 3453/3533/3454 3409/3488/3410
f 3411/3490/3412 3455/3535/3456 3454/3534/3455 3410/3489/3411
f 3412/3491/3413 3456/3536/3457 3455/3535/3456 3411/3490/3412
f 3413/3492/3414 3457/3537/3458 3456/3536/3457 3412/3491/3413
f 3414/3493/3415 3458/3538/3459 3457/3537/3458 3413/3492/3414
f 3415/3494/3416 3459/3539/3460 3458/3538/3459 3414/3493/3415
f 3416/3495/3417 3460/3540/3461 3459/3539/3460 3415/3494/3416
f 3417/3496/3418 3461/3541/3462 3460/3540/3461 3416/3495/3417
f 3418/3497/3419 3462/3542/3463 3461/3541/3462 3417/3496/3418
f 3419/3498/3420 3463/3543/3464 3462/3542/3463 3418/3497/3419
f 3420/3499/3421 3464/3544/3465 3463/3543/3464 3419/3498/3420
f 3421/3500/3422 3465/3545/3466 3464/3544/3465 3420/3499/3421
f 3422/3501/3423 3466/3546/3467 3465/3545/3466 3421/3500/3422
f 3423/3502/3424 3467/3547/3468 3466/3546/3467 3422/3501/3423
f 3424/3503/3425 3468/3548/3469 3467/3547/3468 3423/3502/3424
f 3425/3504/3426 3469/3549/3470 3468/3548/3469 3424/3503/3425
f 3426/3505/3427 3470/3550/3471 3469/3549/3470 3425/3504/3426
f 3427/3506/3428 3471/3551/3472 3470/3550/3471 3426/3505/3427
f 3428/3507/3429 3472/3552/3473 3471/3551/3472 3427/3506/3428
f 3429/3508/3430 3473/3553/3474 3472/3552/3473 3428/3507/3429
f 3430/3509/3431 3474/3554/3475 3473/3553/3474 3429/3508/3430
f 3431/3510/3432 3475/3555/3476 3474/3554/3475 3430/3509/3431
f 3432/3467/3390 3476/3512/3434 3475/3555/3476 3431/3510/3432
f 3433/3511/3433 3477/3556/3477 3520/3557/3478 3476/3512/3434
f 3434/3513/3435 3478/3558/3479 3477/3559/3477 3433/3514/3433
f 3435/3515/3436 3479/3560/3480 3478/3558/3479 3434/3513/3435
f 3436/3516/3437 3480/3561/3481 3479/3560/3480 3435/3515/3436
f 3437/3517/3438 3481/3562/3482 3480/3561/3481 3436/3516/3437
f 3438/3518/3439 3482/3563/3483 3481/3562/3482 3437/3517/3438
f 3439/3519/3440 3483/3564/3484 3482/3563/3483 3438/3518/3439
f 3440/3520/3441 3484/3565/3485 3483/3564/3484 3439/3519/3440
f 3441/3521/3442 3485/3566/3486 3484/3565/3485 3440/3520/3441
f 3442/3522/3443 3486/3567/3487 3485/3566/3486 3441/3521/3442
f 3443/3523/3444 3487/3568/3488 3486/3567/3487 3442/3522/3443
f 3444/3524/3445 3488/3569/3489 3487/3568/3488 3443/3523/3444
f 3445/3525/3446 3489/3570/3490 3488/3569/3489 3444/3524/3445
f 3446/3526/3447 3490/3571/3491 3489/3570/3490 3445/3525/3446
f 3447/3527/3448 3491/3572/3492 3490/3571/3491 3446/3526/3447
f 3448/3528/3449 3492/3573/3493 3491/3572/3492 3447/3527/3448
f 3449/3529/3450 3493/3574/3494 3492/3573/3493 3448/3528/3449
f 3450/3530/3451 3494/3575/3495 3493/3574/3494 3449/3529/3450
f 3451/3531/3452 3495/3576/3496 3494/3575/3495 3450/3530/3451
f 3452/3532/3453 3496/3577/3497 3495/3576/3496 3451/3531/3452
f 3453/3533/3454 3497/3578/3498 3496/3577/3497 3452/3532/3453
f 3454/3534/3455 3498/3579/3499 3497/3578/3498 3453/3533/3454
f 3455/3535/3456 3499/3580/3500 3498/3579/3499 3454/3534/3455
f 3456/3536/3457 3500/3581/3501 3499/3580/3500 3455/3535/3456
f 3457/3537/3458 3501/3582/3502 3500/3581/3501 3456/3536/3457
f 3458/3538/3459 3502/3583/3503 3501/3582/3502 3457/3537/3458
f 3459/3539/3460 3503/3584/3504 3502/3583/3503 3458/3538/3459
f 3460/3540/3461 3504/3585/3505 3503/3584/3504 3459/3539/3460
f 3461/3541/3462 3505/3586/3506 3504/3585/3505 3460/3540/3461
f 3462/3542/3463 3506/3587/3507 3505/3586/3506 3461/3541/3462
f 3463/3543/3464 3507/3588/3508 3506/3587/3507 3462/3542/3463
f 3464/3544/3465 3508/3589/3509 3507/3588/3508 3463/3543/3464
f 3465/3545/3466 3509/3590/3510 3508/3589/3509 3464/3544/3465
f 3466/3546/3467 3510/3591/3511 3509/3590/3510 3465/3545/3466
f 3467/3547/3468 3511/3592/3512 3510/3591/3511 3466/3546/3467
f 3468/3548/3469 3512/3593/3513 3511/3592/3512 3467/3547/3468
f 3469/3549/3470 3513/3594/3514 3512/3593/3513 3468/3548/3469
f 3470/3550/3471 3514/3595/3515 3513/3594/3514 3469/3549/3470
f 3471/3551/3472 3515/3596/3516 3514/3595/3515 3470/3550/3471
f 3472/3552/3473 3516/3597/3517 3515/3596/3516 3471/3551/3472
f 3473/3553/3474 3517/3598/3518 3516/3597/3517 3472/3552/3473
f 3474/3554/3475 3518/3599/3519 3517/3598/3518 3473/3553/3474
f 3475/3555/3476 3519/3600/3520 3518/3599/3519 3474/3554/3475
f 3476/3512/3434 3520/3557/3478 3519/3600/3520 3475/3555/3476
f 3477/3556/3477 3521/3601/3521 3564/3602/3522 3520/3557/3478
f 3478/3558/3479 3522/3603/3523 3521/3604/3521 3477/3559/3477
f 3479/3560/3480 3523/3605/3524 3522/3603/3523 3478/3558/3479
f 3480/3561/3481 3524/3606/3525 3523/3605/3524 3479/3560/3480
f 3481/3562/3482 3525/3607/3526 3524/3606/3525 3480/3561/3481
f 3482/3563/3483 3526/3608/3527 3525/3607/3526 3481/3562/3482
f 3483/3564/3484 3527/3609/3528 3526/3608/3527 3482/3563/3483
f 3484/3565/3485 3528/3610/3529 3527/3609/3528 3483/3564/3484
f 3485/3566/3486 3529/3611/3530 3528/3610/3529 3484/3565/3485
f 3486/3567/3487 3530/3612/3531 3529/3611/3530 3485/3566/3486
f 3487/3568/3488 3531/3613/3532 3530/3612/3531 3486/3567/3487
f 3488/3569/3489 3532/3614/3533 3531/3613/3532 3487/3568/3488
f 3489/3570/3490 3533/3615/3534 3532/3614/3533 3488/3569/3489
f 3490/3571/3491 3534/3616/3535 3533/3615/3534 3489/3570/3490
f 3491/3572/3492 3535/3617/3536 3534/3616/3535 3490/3571/3491
f 3492/3573/3493 3536/3618/3537 3535/3617/3536 3491/3572/3492
f 3493/3574/3494 3537/3619/3538 3536/3618/3537 3492/3573/3493
f 3494/3575/3495 3538/3620/3539 3537/3619/3538 3493/3574/3494
f 3495/3576/3496 3539/3621/3540 3538/3620/3539 3494/3575/3495
f 3496/3577/3497 3540/3622/3541 3539/3621/3540 3495/3576/3496
f 3497/3578/3498 3541/3623/3542 3540/3622/3541 3496/3577/3497
f 3498/3579/3499 3542/3624/3543 3541/3623/3542 3497/3578/3498
f 3499/3580/3500 3543/3625/3544 3542/3624/3543 3498/3579/3499
f 3500/3581/3501 3544/3626/3545 3543/3625/3544 3499/3580/3500
f 3501/3582/3502 3545/3627/3546 3544/3626/3545 3500/3581/3501
f 3502/3583/3503 3546/3628/3547 3545/3627/3546 3501/3582/3502
f 3503/3584/3504 3547/3629/3548 3546/3628/3547 3502/3583/3503
f 3504/3585/3505 3548/3630/3549 3547/3629/3548 3503/3584/3504
f 3505/3586/3506 3549/3631/3550 3548/3630/3549 3504/3585/3505
f 3506/3587/3507 3550/3632/3551 3549/3631/3550 3505/3586/3506
f 3507/3588/3508 3551/3633/3552 3550/3632/3551 3506/3587/3507
f 3508/3589/3509 3552/3634/3553 3551/3633/3552 3507/3588/3508
f 3509/3590/3510 3553/3635/3554 3552/3634/3553 3508/3589/3509
f 3510/3591/3511 3554/3636/3555 3553/3635/3554 3509/3590/3510
f 3511/3592/3512 3555/3637/3556 3554/3636/3555 3510/3591/3511
f 3512/3593/3513 3556/3638/3557 3555/3637/3556 3511/3592/3512
f 3513/3594/3514 3557/3639/3558 3556/3638/3557 3512/3593/3513
f 3514/3595/3515 3558/3640/3559 3557/3639/3558 3513/3594/3514
f 3515/3596/3516 3559/3641/3560 3558/3640/3559 3514/3595/3515
f 3516/3597/3517 3560/3642/3561 3559/3641/3560 3515/3596/3516
f 3517/3598/3518 3561/3643/3562 3560/3642/3561 3516/3597/3517
f 3518/3599/3519 3562/3644/3563 3561/3643/3562 3517/3598/3518
f 3519/3600/3520 3563/3645/3564 3562/3644/3563 3518/3599/3519
f 3520/3557/3478 3564/3602/3522 3563/3645/3564 3519/3600/3520
f 3521/3601/3521 3565/3646/3565 3608/3647/3566 3564/3602/3522
f 3522/3603/3523 3566/3648/3567 3565/3649/3565 3521/3604/3521
f 3523/3605/3524 3567/3650/3568 3566/3648/3567 3522/3603/3523
f 3524/3606/3525 3568/3651/3569 3567/3650/3568 3523/3605/3524
f 3525/3607/3526 3569/3652/3570 3568/3651/3569 3524/3606/3525
f 3526/3608/3527 3570/3653/3571 3569/3652/3570 3525/3607/3526
f 3527/3609/3528 3571/3654/3572 3570/3653/3571 3526/3608/3527
f 3528/3610/3529 3572/3655/3573 3571/3654/3572 3527/3609/3528
f 3529/3611/3530 3573/3656/3574 3572/3655/3573 3528/3610/3529
f 3530/3612/3531 3574/3657/3575 3573/3656/3574 3529/3611/3530
f 3531/3613/3532 3575/3658/3576 3574/3657/3575 3530/3612/3531
f 3532/3614/3533 3576/3659/3577 3575/3658/3576 3531/3613/3532
f 3533/3615/3534 3577/3660/3578 3576/3659/3577 3532/3614/3533
f 3534/3616/3535 3578/3661/3579 3577/3660/3578 3533/3615/3534
f 3535/3617/3536 3579/3662/3580 3578/3661/3579 3534/3616/3535
f 3536/3618/3537 3580/3663/3581 3579/3662/3580 3535/3617/3536
f 3537/3619/3538 3581/3664/3582 3580/3663/3581 3536/3618/3537
f 3538/3620/3539 3582/3665/3583 3581/3664/3582 3537/3619/3538
f 3539/3621/3540 3583/3666/3584 3582/3665/3583 3538/3620/3539
f 3540/3622/3541 3584/3667/3585 3583/3666/3584 3539/3621/3540
f 3541/3623/3542 3585/3668/3586 3584/3667/3585 3540/3622/3541
f 3542/3624/3543 3586/3669/3587 3585/3668/3586 3541/3623/3542
f 3543/3625/3544 3587/3670/3588 3586/3669/3587 3542/3624/3543
f 3544/3626/3545 3588/3671/3589 3587/3670/3588 3543/3625/3544
f 3545/3627/3546 3589/3672/3590 3588/3671/3589 3544/3626/3545
f 3546/3628/3547 3590/3673/3591 3589/3672/3590 3545/3627/3546
f 3547/3629/3548 3591/3674/3592 3590/3673/3591 3546/3628/3547
f 3548/3630/3549 3592/3675/3593 3591/3674/3592 3547/3629/3548
f 3549/3631/3550 3593/3676/3594 3592/3675/3593 3548/3630/3549
f 3550/3632/3551 3594/3677/3595 3593/3676/3594 3549/3631/3550
f 3551/3633/3552 3595/3678/3596 3594/3677/3595 3550/3632/3551
f 3552/3634/3553 3596/3679/3597 3595/3678/3596 3551/3633/3552
f 3553/3635/3554 3597/3680/3598 3596/3679/3597 3552/3634/3553
f 3554/3636/3555 3598/3681/3599 3597/3680/3598 3553/3635/3554
f 3555/3637/3556 3599/3682/3600 3598/3681/3599 3554/3636/3555
f 3556/3638/3557 3600/3683/3601 3599/3682/3600 3555/3637/3556
f 3557/3639/3558 3601/3684/3602 3600/3683/3601 3556/3638/3557
f 3558/3640/3559 3602/3685/3603 3601/3684/3602 3557/3639/3558
f 3559/3641/3560 3603/3686/3604 3602/3685/3603 3558/3640/3559
f 3560/3642/3561 3604/3687/3605 3603/3686/3604 3559/3641/3560
f 3561/3643/3562 3605/3688/3606 3604/3687/3605 3560/3642/3561
f 3562/3644/3563 3606/3689/3607 3605/3688/3606 3561/3643/3562
f 3563/3645/3564 3607/3690/3608 3606/3689/3607 3562/3644/3563
f 3564/3602/3522 3608/3647/3566 3607/3690/3608 3563/3645/3564
f 3565/3646/3565 3609/3691/3609 3652/3692/3610 3608/3647/3566
f 3566/3648/3567 3610/3693/3611 3609/3694/3609 3565/3649/3565
f 3567/3650/3568 3611/3695/3612 3610/3693/3611 3566/3648/3567
f 3568/3651/3569 3612/3696/3613 3611/3695/3612 3567/3650/3568
f 3569/3652/3570 3613/3697/3614 3612/3696/3613 3568/3651/3569
f 3570/3653/3571 3614/3698/3615 3613/3697/3614 3569/3652/3570
f 3571/3654/3572 3615/3699/3616 3614/3698/3615 3570/3653/3571
f 3572/3655/3573 3616/3700/3617 3615/3699/3616 3571/3654/3572
f 3573/3656/3574 3617/3701/3618 3616/3700/3617 3572/3655/3573
f 3574/3657/3575 3618/3702/3619 3617/3701/3618 3573/3656/3574
f 3575/3658/3576 3619/3703/3620 3618/3702/3619 3574/3657/3575
f 3576/3659/3577 3620/3704/3621 3619/3703/3620 3575/3658/3576
f 3577/3660/3578 3621/3705/3622 3620/3704/3621 3576/3659/3577
f 3578/3661/3579 3622/3706/3623 3621/3705/3622 3577/3660/3578
f 3579/3662/3580 3623/3707/3624 3622/3706/3623 3578/3661/3579
f 3580/3663/3581 3624/3708/3625 3623/3707/3624 3579/3662/3580
f 3581/3664/3582 3625/3709/3626 3624/3708/3625 3580/3663/3581
f 3582/3665/3583 3626/3710/3627 3625/3709/3626 3581/3664/3582
f 3583/3666/3584 3627/3711/3628 3626/3710/3627 3582/3665/3583
f 3584/3667/3585 3628/3712/3629 3627/3711/3628 3583/3666/3584
f 3585/3668/3586 3629/3713/3630 3628/3712/3629 3584/3667/3585
f 3586/3669/3587 3630/3714/3631 3629/3713/3630 3585/3668/3586
f 3587/3670/3588 3631/3715/3632 3630/3714/3631 3586/3669/3587
f 3588/3671/3589 3632/3716/3633 3631/3715/3632 3587/3670/3588
f 3589/3672/3590 3633/3717/3634 3632/3716/3633 3588/3671/3589
f 3590/3673/3591 3634/3718/3635 3633/3717/3634 3589/3672/3590
f 3591/3674/3592 3635/3719/3636 3634/3718/3635 3590/3673/3591
f 3592/3675/3593 3636/3720/3637 3635/3719/3636 3591/3674/3592
f 3593/3676/3594 3637/3721/3638 3636/3720/3637 3592/3675/3593
f 3594/3677/3595 3638/3722/3639 3637/3721/3638 3593/3676/3594
f 3595/3678/3596 3639/3723/3640 3638/3722/3639 3594/3677/3595
f 3596/3679/3597 3640/3724/3641 3639/3723/3640 3595/3678/3596
f 3597/3680/3598 3641/3725/3642 3640/3724/3641 3596/3679/3597
f 3598/3681/3599 3642/3726/3643 3641/3725/3642 3597/3680/3598
f 3599/3682/3600 3643/3727/3644 3642/3726/3643 3598/3681/3599
f 3600/3683/3601 3644/3728/3645 3643/3727/3644 3599/3682/3600
f 3601/3684/3602 3645/3729/3646 3644/3728/3645 3600/3683/3601
f 3602/3685/3603 3646/3730/3647 3645/3729/3646 3601/3684/3602
f 3603/3686/3604 3647/3731/3648 3646/3730/3647 3602/3685/3603
f 3604/3687/3605 3648/3732/3649 3647/3731/3648 3603/3686/3604
f 3605/3688/3606 3649/3733/3650 3648/3732/3649 3604/3687/3605
f 3606/3689/3607 3650/3734/3651 3649/3733/3650 3605/3688/3606
f 3607/3690/3608 3651/3735/3652 3650/3734/3651 3606/3689/3607
f 3608/3647/3566 3652/3692/3610 3651/3735/3652 3607/3690/3608
f 3609/3691/3609 3653/3736/3653 3696/3737/3654 3652/3692/3610
f 3610/3693/3611 3654/3738/3655 3653/3739/3653 3609/3694/3609
f 3611/3695/3612 3655/3740/3656 3654/3738/3655 3610/3693/3611
f 3612/3696/3613 3656/3741/3657 3655/3740/3656 3611/3695/3612
f 3613/3697/3614 3657/3742/3658 3656/3741/3657 3612/3696/3613
f 3614/3698/3615 3658/3743/3659 3657/3742/3658 3613/3697/3614
f 3615/3699/3616 3659/3744/3660 3658/3743/3659 3614/3698/3615
f 3616/3700/3617 3660/3745/3661 3659/3744/3660 3615/3699/3616
f 3617/3701/3618 3661/3746/3662 3660/3745/3661 3616/3700/3617
f 3618/3702/3619 3662/3747/3663 3661/3746/3662 3617/3701/3618
f 3619/3703/3620 3663/3748/3664 3662/3747/3663 3618/3702/3619
f 3620/3704/3621 3664/3749/3665 3663/3748/3664 3619/3703/3620
f 3621/3705/3622 3665/3750/3666 3664/3749/3665 3620/3704/3621
f 3622/3706/3623 3666/3751/3667 3665/3750/3666 3621/3705/3622
f 3623/3707/3624 3667/3752/3668 3666/3751/3667 3622/3706/3623
f 3624/3708/3625 3668/3753/3669 3667/3752/3668 3623/3707/3624
f 3625/3709/3626 3669/3754/3670 3668/3753/3669 3624/3708/3625
f 3626/3710/3627 3670/3755/3671 3669/3754/3670 3625/3709/3626
f 3627/3711/3628 3671/3756/3672 3670/3755/3671 3626/3710/3627
f 3628/3712/3629 3672/3757/3673 3671/3756/3672 3627/3711/3628
f 3629/3713/3630 3673/3758/3674 3672/3757/3673 3628/3712/3629
f 3630/3714/3631 3674/3759/3675 3673/3758/3674 3629/3713/3630
f 3631/3715/3632 3675/3760/3676 3674/3759/3675 3630/3714/3631
f 3632/3716/3633 3676/3761/3677 3675/3760/3676 3631/3715/3632
f 3633/3717/3634 3677/3762/3678 3676/3761/3677 3632/3716/3633
f 3634/3718/3635 3678/3763/3679 3677/3762/3678 3633/3717/3634
f 3635/3719/3636 3679/3764/3680 3678/3763/3679 3634/3718/3635
f 3636/3720/3637 3680/3765/3681 3679/3764/3680 3635/3719/3636
f 3637/3721/3638 3681/3766/3682 3680/3765/3681 3636/3720/3637
f 3638/3722/3639 3682/3767/3683 3681/3766/3682 3637/3721/3638
f 3639/3723/3640 3683/3768/3684 3682/3767/3683 3638/3722/3639
f 3640/3724/3641 3684/3769/3685 3683/3768/3684 3639/3723/3640
f 3641/3725/3642 3685/3770/3686 3684/3769/3685 3640/3724/3641
f 3642/3726/3643 3686/3771/3687 3685/3770/3686 3641/3725/3642
f 3643/3727/3644 3687/3772/3688 3686/3771/3687 3642/3726/3643
f 3644/3728/3645 3688/3773/3689 3687/3772/3688 3643/3727/3644
f 3645/3729/3646 3689/3774/3690 3688/3773/3689 3644/3728/3645
f 3646/3730/3647 3690/3775/3691 3689/3774/3690 3645/3729/3646
f 3647/3731/3648 3691/3776/3692 3690/3775/3691 3646/3730/3647
f 3648/3732/3649 3692/3777/3693 3691/3776/3692 3647/3731/3648
f 3649/3733/3650 3693/3778/3694 3692/3777/3693 3648/3732/3649
f 3650/3734/3651 3694/3779/3695 3693/3778/3694 3649/3733/3650
f 3651/3735/3652 3695/3780/3696 3694/3779/3695 3650/3734/3651
f 3652/3692/3610 3696/3737/3654 3695/3780/3696 3651/3735/3652
f 3653/3736/3653 3697/3781/3697 3740/3782/3698 3696/3737/3654
f 3654/3738/3655 3698/3783/3699 3697/3784/3697 3653/3739/3653
f 3655/3740/3656 3699/3785/3700 3698/3783/3699 3654/3738/3655
f 3656/3741/3657 3700/3786/3701 3699/3785/3700 3655/3740/3656
f 3657/3742/3658 3701/3787/3702 3700/3786/3701 3656/3741/3657
f 3658/3743/3659 3702/3788/3703 3701/3787/3702 3657/3742/3658
f 3659/3744/3660 3703/3789/3704 3702/3788/3703 3658/3743/3659
f 3660/3745/3661 3704/3790/3705 3703/3789/3704 3659/3744/3660
f 3661/3746/3662 3705/3791/3706 3704/3790/3705 3660/3745/3661
f 3662/3747/3663 3706/3792/3707 3705/3791/3706 3661/3746/3662
f 3663/3748/3664 3707/3793/3708 3706/3792/3707 3662/3747/3663
f 3664/3749/3665 3708/3794/3709 3707/3793/3708 3663/3748/3664
f 3665/3750/3666 3709/3795/3710 3708/3794/3709 3664/3749/3665
f 3666/3751/3667 3710/3796/3711 3709/3795/3710 3665/3750/3666
f 3667/3752/3668 3711/3797/3712 3710/3796/3711 3666/3751/3667
f 3668/3753/3669 3712/3798/3713 3711/3797/3712 3667/3752/3668
f 3669/3754/3670 3713/3799/3714 3712/3798/3713 3668/3753/3669
f 3670/3755/3671 3714/3800/3715 3713/3799/3714 3669/3754/3670
f 3671/3756/3672 3715/3801/3716 3714/3800/3715 3670/3755/3671
f 3672/3757/3673 3716/3802/3717 3715/3801/3716 3671/3756/3672
f 3673/3758/3674 3717/3803/3718 3716/3802/3717 3672/3757/3673
f 3674/3759/3675 3718/3804/3719 3717/3803/3718 3673/3758/3674
f 3675/3760/3676 3719/3805/3720 3718/3804/3719 3674/3759/3675
f 3676/3761/3677 3720/3806/3721 3719/3805/3720 3675/3760/3676
f 3677/3762/3678 3721/3807/3722 3720/3806/3721 3676/3761/3677
f 3678/3763/3679 3722/3808/3723 3721/3807/3722 3677/3762/3678
f 3679/3764/3680 3723/3809/3724 3722/3808/3723 3678/3763/3679
f 3680/3765/3681 3724/3810/3725 3723/3809/3724 3679/3764/3680
f 3681/3766/3682 3725/3811/3726 3724/3810/3725 3680/3765/3681
f 3682/3767/3683 3726/3812/3727 3725/3811/3726 3681/3766/3682
f 3683/3768/3684 3727/3813/3728 3726/3812/3727 3682/3767/3683
f 3684/3769/3685 3728/3814/3729 3727/3813/3728 3683/3768/3684
f 3685/3770/3686 3729/3815/3730 3728/3814/3729 3684/3769/3685
f 3686/3771/3687 3730/3816/3731 3729/3815/3730 3685/3770/3686
f 3687/3772/3688 3731/3817/3732 3730/3816/3731 3686/3771/3687
f 3688/3773/3689 3732/3818/3733 3731/3817/3732 3687/3772/3688
f 3689/3774/3690 3733/3819/3734 3732/3818/3733 3688/3773/3689
f 3690/3775/3691 3734/3820/3735 3733/3819/3734 3689/3774/3690
f 3691/3776/3692 3735/3821/3736 3734/3820/3735 3690/3775/3691
f 3692/3777/3693 3736/3822/3737 3735/3821/3736 3691/3776/3692
f 3693/3778/3694 3737/3823/3738 3736/3822/3737 3692/3777/3693
f 3694/3779/3695 3738/3824/3739 3737/3823/3738 3693/3778/3694
f 3695/3780/3696 3739/3825/3740 3738/3824/3739 3694/3779/3695
f 3696/3737/3654 3740/3782/3698 3739/3825/3740 3695/3780/3696
f 3697/3781/3697 3741/3826/3741 3784/3827/3742 3740/3782/3698
f 3698/3783/3699 3742/3828/3743 3741/3829/3741 3697/3784/3697
f 3699/3785/3700 3743/3830/3744 3742/3828/3743 3698/3783/3699
f 3700/3786/3701 3744/3831/3745 3743/3830/3744 3699/3785/3700
f 3701/3787/3702 3745/3832/3746 3744/3831/3745 3700/3786/3701
f 3702/3788/3703 3746/3833/3747 3745/3832/3746 3701/3787/3702
f 3703/3789/3704 3747/3834/3748 3746/3833/3747 3702/3788/3703
f 3704/3790/3705 3748/3835/3749 3747/3834/3748 3703/3789/3704
f 3705/3791/3706 3749/3836/3750 3748/3835/3749 3704/3790/3705
f 3706/3792/3707 3750/3837/3751 3749/3836/3750 3705/3791/3706
f 3707/3793/3708 3751/3838/3752 3750/3837/3751 3706/3792/3707
f 3708/3794/3709 3752/3839/3753 3751/3838/3752 3707/3793/3708
f 3709/3795/3710 3753/3840/3754 3752/3839/3753 3708/3794/3709
f 3710/3796/3711 3754/3841/3755 3753/3840/3754 3709/3795/3710
f 3711/3797/3712 3755/3842/3756 3754/3841/3755 3710/3796/3711
f 3712/3798/3713 3756/3843/3757 3755/3842/3756 3711/3797/3712
f 3713/3799/3714 3757/3844/3758 3756/3843/3757 3712/3798/3713
f 3714/3800/3715 3758/3845/3759 3757/3844/3758 3713/3799/3714
f 3715/3801/3716 3759/3846/3760 3758/3845/3759 3714/3800/3715
f 3716/3802/3717 3760/3847/3761 3759/3846/3760 3715/3801/3716
f 3717/3803/3718 3761/3848/3762 3760/3847/3761 3716/3802/3717
f 3718/3804/3719 3762/3849/3763 3761/3848/3762 3717/3803/3718
f 3719/3805/3720 3763/3850/3764 3762/3849/3763 3718/3804/3719
f 3720/3806/3721 3764/3851/3765 3763/3850/3764 3719/3805/3720
f 3721/3807/3722 3765/3852/3766 3764/3851/3765 3720/3806/3721
f 3722/3808/3723 3766/3853/3767 3765/3852/3766 3721/3807/3722
f 3723/3809/3724 3767/3854/3768 3766/3853/3767 3722/3808/3723
f 3724/3810/3725 3768/3855/3769 3767/3854/3768 3723/3809/3724
f 3725/3811/3726 3769/3856/3770 3768/3855/3769 3724/3810/3725
f 3726/3812/3727 3770/3857/3771 3769/3856/3770 3725/3811/3726
f 3727/3813/3728 3771/3858/3772 3770/3857/3771 3726/3812/3727
f 3728/3814/3729 3772/3859/3773 3771/3858/3772 3727/3813/3728
f 3729/3815/3730 3773/3860/3774 3772/3859/3773 3728/3814/3729
f 3730/3816/3731 3774/3861/3775 3773/3860/3774 3729/3815/3730
f 3731/3817/3732 3775/3862/3776 3774/3861/3775 3730/3816/3731
f 3732/3818/3733 3776/3863/3777 3775/3862/3776 3731/3817/3732
f 3733/3819/3734 3777/3864/3778 3776/3863/3777 3732/3818/3733
f 3734/3820/3735 3778/3865/3779 3777/3864/3778 3733/3819/3734
f 3735/3821/3736 3779/3866/3780 3778/3865/3779 3734/3820/3735
f 3736/3822/3737 3780/3867/3781 3779/3866/3780 3735/3821/3736
f 3737/3823/3738 3781/3868/3782 3780/3867/3781 3736/3822/3737
f 3738/3824/3739 3782/3869/3783 3781/3868/3782 3737/3823/3738
f 3739/3825/3740 3783/3870/3784 3782/3869/3783 3738/3824/3739
f 3740/3782/3698 3784/3827/3742 3783/3870/3784 3739/3825/3740
f 3741/3826/3741 3785/3871/3785 3828/3872/3786 3784/3827/3742
f 3742/3828/3743 3786/3873/3787 3785/3874/3785 3741/3829/3741
f 3743/3830/3744 3787/3875/3788 3786/3873/3787 3742/3828/3743
f 3744/3831/3745 3788/3876/3789 3787/3875/3788 3743/3830/3744
f 3745/3832/3746 3789/3877/3790 3788/3876/3789 3744/3831/3745
f 3746/3833/3747 3790/3878/3791 3789/3877/3790 3745/3832/3746
f 3747/3834/3748 3791/3879/3792 3790/3878/3791 3746/3833/3747
f 3748/3835/3749 3792/3880/3793 3791/3879/3792 3747/3834/3748
f 3749/3836/3750 3793/3881/3794 3792/3880/3793 3748/3835/3749
f 3750/3837/3751 3794/3882/3795 3793/3881/3794 3749/3836/3750
f 3751/3838/3752 3795/3883/3796 3794/3882/3795 3750/3837/3751
f 3752/3839/3753 3796/3884/3797 3795/3883/3796 3751/3838/3752
f 3753/3840/3754 3797/3885/3798 3796/3884/3797 3752/3839/3753
f 3754/3841/3755 3798/3886/3799 3797/3885/3798 3753/3840/3754
f 3755/3842/3756 3799/3887/3800 3798/3886/3799 3754/3841/3755
f 3756/3843/3757 3800/3888/3801 3799/3887/3800 3755/3842/3756
f 3757/3844/3758 3801/3889/3802 3800/3888/3801 3756/3843/3757
f 3758/3845/3759 3802/3890/3803 3801/3889/3802 3757/3844/3758
f 3759/3846/3760 3803/3891/3804 3802/3890/3803 3758/3845/3759
f 3760/3847/3761 3804/3892/3805 3803/3891/3804 3759/3846/3760
f 3761/3848/3762 3805/3893/3806 3804/3892/3805 3760/3847/3761
f 3762/3849/3763 3806/3894/3807 3805/3893/3806 3761/3848/3762
f 3763/3850/3764 3807/3895/3808 3806/3894/3807 3762/3849/3763
f 3764/3851/3765 3808/3896/3809 3807/3895/3808 3763/3850/3764
f 3765/3852/3766 3809/3897/3810 3808/3896/3809 3764/3851/3765
f 3766/3853/3767 3810/3898/3811 3809/3897/3810 3765/3852/3766
f 3767/3854/3768 3811/3899/3812 3810/3898/3811 3766/3853/3767
f 3768/3855/3769 3812/3900/3813 3811/3899/3812 3767/3854/3768
f 3769/3856/3770 3813/3901/3814 3812/3900/3813 3768/3855/3769
f 3770/3857/3771 3814/3902/3815 3813/3901/3814 3769/3856/3770
f 3771/3858/3772 3815/3903/3816 3814/3902/3815 3770/3857/3771
f 3772/3859/3773 3816/3904/3817 3815/3903/3816 3771/3858/3772
f 3773/3860/3774 3817/3905/3818 3816/3904/3817 3772/3859/3773
f 3774/3861/3775 3818/3906/3819 3817/3905/3818 3773/3860/3774
f 3775/3862/3776 3819/3907/3820 3818/3906/3819 3774/3861/3775
f 3776/3863/3777 3820/3908/3821 3819/3907/3820 3775/3862/3776
f 3777/3864/3778 3821/3909/3822 3820/3908/3821 3776/3863/3777
f 3778/3865/3779 3822/3910/3823 3821/3909/3822 3777/3864/3778
f 3779/3866/3780 3823/3911/3824 3822/3910/3823 3778/3865/3779
f 3780/3867/3781 3824/3912/3825 3823/3911/3824 3779/3866/3780
f 3781/3868/3782 3825/3913/3826 3824/3912/3825 3780/3867/3781
f 3782/3869/3783 3826/3914/3827 3825/3913/3826 3781/3868/3782
f 3783/3870/3784 3827/3915/3828 3826/3914/3827 3782/3869/3783
f 3784/3827/3742 3828/3872/3786 3827/3915/3828 3783/3870/3784
f 3785/3871/3785 3829/3916/3829 3872/3917/3830 3828/3872/3786
f 3786/3873/3787 3830/3918/3831 3829/3919/3829 3785/3874/3785
f 3787/3875/3788 3831/3920/3832 3830/3918/3831 3786/3873/3787
f 3788/3876/3789 3832/3921/3833 3831/3920/3832 3787/3875/3788
f 3789/3877/3790 3833/3922/3834 3832/3921/3833 3788/3876/3789
f 3790/3878/3791 3834/3923/3835 3833/3922/3834 3789/3877/3790
f 3791/3879/3792 3835/3924/3836 3834/3923/3835 3790/3878/3791
f 3792/3880/3793 3836/3925/3837 3835/3924/3836 3791/3879/3792
f 3793/3881/3794 3837/3926/3838 3836/3925/3837 3792/3880/3793
f 3794/3882/3795 3838/3927/3839 3837/3926/3838 3793/3881/3794
f 3795/3883/3796 3839/3928/3840 3838/3927/3839 3794/3882/3795
f 3796/3884/3797 3840/3929/3841 3839/3928/3840 3795/3883/3796
f 3797/3885/3798 3841/3930/3842 3840/3929/3841 3796/3884/3797
f 3798/3886/3799 3842/3931/3843 3841/3930/3842 3797/3885/3798
f 3799/3887/3800 3843/3932/3844 3842/3931/3843 3798/3886/3799
f 3800/3888/3801 3844/3933/3845 3843/3932/3844 3799/3887/3800
f 3801/3889/3802 3845/3934/3846 3844/3933/3845 3800/3888/3801
f 3802/3890/3803 3846/3935/3847 3845/3934/3846 3801/3889/3802
f 3803/3891/3804 3847/3936/3848 3846/3935/3847 3802/3890/3803
f 3804/3892/3805 3848/3937/3849 3847/3936/3848 3803/3891/3804
f 3805/3893/3806 3849/3938/3850 3848/3937/3849 3804/3892/3805
f 3806/3894/3807 3850/3939/3851 3849/3938/3850 3805/3893/3806
f 3807/3895/3808 3851/3940/3852 3850/3939/3851 3806/3894/3807
f 3808/3896/3809 3852/3941/3853 3851/3940/3852 3807/3895/3808
f 3809/3897/3810 3853/3942/3854 3852/3941/3853 3808/3896/3809
f 3810/3898/3811 3854/3943/3855 3853/3942/3854 3809/3897/3810
f 3811/3899/3812 3855/3944/3856 3854/3943/3855 3810/3898/3811
f 3812/3900/3813 3856/3945/3857 3855/3944/3856 3811/3899/3812
f 3813/3901/3814 3857/3946/3858 3856/3945/3857 3812/3900/3813
f 3814/3902/3815 3858/3947/3859 3857/3946/3858 3813/3901/3814
f 3815/3903/3816 3859/3948/3860 3858/3947/3859 3814/3902/3815
f 3816/3904/3817 3860/3949/3861 3859/3948/3860 3815/3903/3816
f 3817/3905/3818 3861/3950/3862 3860/3949/3861 3816/3904/3817
f 3818/3906/3819 3862/3951/3863 3861/3950/3862 3817/3905/3818
f 3819/3907/3820 3863/3952/3864 3862/3951/3863 3818/3906/3819
f 3820/3908/3821 3864/3953/3865 3863/3952/3864 3819/3907/3820
f 3821/3909/3822 3865/3954/3866 3864/3953/3865 3820/3908/3821
f 3822/3910/3823 3866/3955/3867 3865/3954/3866 3821/3909/3822
f 3823/3911/3824 3867/3956/3868 3866/3955/3867 3822/3910/3823
f 3824/3912/3825 3868/3957/3869 3867/3956/3868 3823/3911/3824
f 3825/3913/3826 3869/3958/3870 3868/3957/3869 3824/3912/3825
f 3826/3914/3827 3870/3959/3871 3869/3958/3870 3825/3913/3826
f 3827/3915/3828 3871/3960/3872 3870/3959/3871 3826/3914/3827
f 3828/3872/3786 3872/3917/3830 3871/3960/3872 3827/3915/3828
f 3829/3916/3829 3873/3961/3873 3916/3962/3874 3872/3917/3830
f 3830/3918/3831 3874/3963/3875 3873/3964/3873 3829/3919/3829
f 3831/3920/3832 3875/3965/3876 3874/3963/3875 3830/3918/3831
f 3832/3921/3833 3876/3966/3877 3875/3965/3876 3831/3920/3832
f 3833/3922/3834 3877/3967/3878 3876/3966/3877 3832/3921/3833
f 3834/3923/3835 3878/3968/3879 3877/3967/3878 3833/3922/3834
f 3835/3924/3836 3879/3969/3880 3878/3968/3879 3834/3923/3835
f 3836/3925/3837 3880/3970/3881 3879/3969/3880 3835/3924/3836
f 3837/3926/3838 3881/3971/3882 3880/3970/3881 3836/3925/3837
f 3838/3927/3839 3882/3972/3883 3881/3971/3882 3837/3926/3838
f 3839/3928/3840 3883/3973/3884 3882/3972/3883 3838/3927/3839
f 3840/3929/3841 3884/3974/3885 3883/3973/3884 3839/3928/3840
f 3841/3930/3842 3885/3975/3886 3884/3974/3885 3840/3929/3841
f 3842/3931/3843 3886/3976/3887 3885/3975/3886 3841/3930/3842
f 3843/3932/3844 3887/3977/3888 3886/3976/3887 3842/3931/3843
f 3844/3933/3845 3888/3978/3889 3887/3977/3888 3843/3932/3844
f 3845/3934/3846 3889/3979/3890 3888/3978/3889 3844/3933/3845
f 3846/3935/3847 3890/3980/3891 3889/3979/3890 3845/3934/3846
f 3847/3936/3848 3891/3981/3892 3890/3980/3891 3846/3935/3847
f 3848/3937/3849 3892/3982/3893 3891/3981/3892 3847/3936/3848
f 3849/3938/3850 3893/3983/3894 3892/3982/3893 3848/3937/3849
f 3850/3939/3851 3894/3984/3895 3893/3983/3894 3849/3938/3850
f 3851/3940/3852 3895/3985/3896 3894/3984/3895 3850/3939/3851
f 3852/3941/3853 3896/3986/3897 3895/3985/3896 3851/3940/3852
f 3853/3942/3854 3897/3987/3898 3896/3986/3897 3852/3941/3853
f 3854/3943/3855 3898/3988/3899 3897/3987/3898 3853/3942/3854
f 3855/3944/3856 3899/3989/3900 3898/3988/3899 3854/3943/3855
f 3856/3945/3857 3900/3990/3901 3899/3989/3900 3855/3944/3856
f 3857/3946/3858 3901/3991/3902 3900/3990/3901 3856/3945/3857
f 3858/3947/3859 3902/3992/3903 3901/3991/3902 3857/3946/3858
f 3859/3948/3860 3903/3993/3904 3902/3992/3903 3858/3947/3859
f 3860/3949/3861 3904/3994/3905 3903/3993/3904 3859/3948/3860
f 3861/3950/3862 3905/3995/3906 3904/3994/3905 3860/3949/3861
f 3862/3951/3863 3906/3996/3907 3905/3995/3906 3861/3950/3862
f 3863/3952/3864 3907/3997/3908 3906/3996/3907 3862/3951/3863
f 3864/3953/3865 3908/3998/3909 3907/3997/3908 3863/3952/3864
f 3865/3954/3866 3909/3999/3910 3908/3998/3909 3864/3953/3865
f 3866/3955/3867 3910/4000/3911 3909/3999/3910 3865/3954/3866
f 3867/3956/3868 3911/4001/3912 3910/4000/3911 3866/3955/3867
f 3868/3957/3869 3912/4002/3913 3911/4001/3912 3867/3956/3868
f 3869/3958/3870 3913/4003/3914 3912/4002/3913 3868/3957/3869
f 3870/3959/3871 3914/4004/3915 3913/4003/3914 3869/3958/3870
f 3871/3960/3872 3915/4005/3916 3914/4004/3915 3870/3959/3871
f 3872/3917/3830 3916/3962/3874 3915/4005/3916 3871/3960/3872
f 3873/3961/3873 3917/4006/3917 3960/4007/3918 3916/3962/3874
f 3874/3963/3875 3918/4008/3919 3917/4009/3917 3873/3964/3873
f 3875/3965/3876 3919/4010/3920 3918/4008/3919 3874/3963/3875
f 3876/3966/3877 3920/4011/3921 3919/4010/3920 3875/3965/3876
f 3877/3967/3878 3921/4012/3922 3920/4011/3921 3876/3966/3877
f 3878/3968/3879 3922/4013/3923 3921/4012/3922 3877/3967/3878
f 3879/3969/3880 3923/4014/3924 3922/4013/3923 3878/3968/3879
f 3880/3970/3881 3924/4015/3925 3923/4014/3924 3879/3969/3880
f 3881/3971/3882 3925/4016/3926 3924/4015/3925 3880/3970/3881
f 3882/3972/3883 3926/4017/3927 3925/4016/3926 3881/3971/3882
f 3883/3973/3884 3927/4018/3928 3926/4017/3927 3882/3972/3883
f 3884/3974/3885 3928/4019/3929 3927/4018/3928 3883/3973/3884
f 3885/3975/3886 3929/4020/3930 3928/4019/3929 3884/3974/3885
f 3886/3976/3887 3930/4021/3931 3929/4020/3930 3885/3975/3886
f 3887/3977/3888 3931/4022/3932 3930/4021/3931 3886/3976/3887
f 3888/3978/3889 3932/4023/3933 3931/4022/3932 3887/3977/3888
f 3889/3979/3890 3933/4024/3934 3932/4023/3933 3888/3978/3889
f 3890/3980/3891 3934/4025/3935 3933/4024/3934 3889/3979/3890
f 3891/3981/3892 3935/4026/3936 3934/4025/3935 3890/3980/3891
f 3892/3982/3893 3936/4027/3937 3935/4026/3936 3891/3981/3892
f 3893/3983/3894 3937/4028/3938 3936/4027/3937 3892/3982/3893
f 3894/3984/3895 3938/4029/3939 3937/4028/3938 3893/3983/3894
f 3895/3985/3896 3939/4030/3940 3938/4029/3939 3894/3984/3895
f 3896/3986/3897 3940/4031/3941 3939/4030/3940 3895/3985/3896
f 3897/3987/3898 3941/4032/3942 3940/4031/3941 3896/3986/3897
f 3898/3988/3899 3942/4033/3943 3941/4032/3942 3897/3987/3898
f 3899/3989/3900 3943/4034/3944 3942/4033/3943 3898/3988/3899
f 3900/3990/3901 3944/4035/3945 3943/4034/3944 3899/3989/3900
f 3901/3991/3902 3945/4036/3946 3944/4035/3945 3900/3990/3901
f 3902/3992/3903 3946/4037/3947 3945/4036/3946 3901/3991/3902
f 3903/3993/3904 3947/4038/3948 3946/4037/3947 3902/3992/3903
f 3904/3994/3905 3948/4039/3949 3947/4038/3948 3903/3993/3904
f 3905/3995/3906 3949/4040/3950 3948/4039/3949 3904/3994/3905
f 3906/3996/3907 3950/4041/3951 3949/4040/3950 3905/3995/3906
f 3907/3997/3908 3951/4042/3952 3950/4041/3951 3906/3996/3907
f 3908/3998/3909 3952/4043/3953 3951/4042/3952 3907/3997/3908
f 3909/3999/3910 3953/4044/3954 3952/4043/3953 3908/3998/3909
f 3910/4000/3911 3954/4045/3955 3953/4044/3954 3909/3999/3910
f 3911/4001/3912 3955/4046/3956 3954/4045/3955 3910/4000/3911
f 3912/4002/3913 3956/4047/3957 3955/4046/3956 3911/4001/3912
f 3913/4003/3914 3957/4048/3958 3956/4047/3957 3912/4002/3913
f 3914/4004/3915 3958/4049/3959 3957/4048/3958 3913/4003/3914
f 3915/4005/3916 3959/4050/3960 3958/4049/3959 3914/4004/3915
f 3916/3962/3874 3960/4007/3918 3959/4050/3960 3915/4005/3916
f 3917/4006/3917 3961/4051/3961 4004/4052/3962 3960/4007/3918
f 3918/4008/3919 3962/4053/3963 3961/4054/3961 3917/4009/3917
f 3919/4010/3920 3963/4055/3964 3962/4053/3963 3918/4008/3919
f 3920/4011/3921 3964/4056/3965 3963/4055/3964 3919/4010/3920
f 3921/4012/3922 3965/4057/3966 3964/4056/3965 3920/4011/3921
f 3922/4013/3923 3966/4058/3967 3965/4057/3966 3921/4012/3922
f 3923/4014/3924 3967/4059/3968 3966/4058/3967 3922/4013/3923
f 3924/4015/3925 3968/4060/3969 3967/4059/3968 3923/4014/3924
f 3925/4016/3926 3969/4061/3970 3968/4060/3969 3924/4015/3925
f 3926/4017/3927 3970/4062/3971 3969/4061/3970 3925/4016/3926
f 3927/4018/3928 3971/4063/3972 3970/4062/3971 3926/4017/3927
f 3928/4019/3929 3972/4064/3973 3971/4063/3972 3927/4018/3928
f 3929/4020/3930 3973/4065/3974 3972/4064/3973 3928/4019/3929
f 3930/4021/3931 3974/4066/3975 3973/4065/3974 3929/4020/3930
f 3931/4022/3932 3975/4067/3976 3974/4066/3975 3930/4021/3931
f 3932/4023/3933 3976/4068/3977 3975/4067/3976 3931/4022/3932
f 3933/4024/3934 3977/4069/3978 3976/4068/3977 3932/4023/3933
f 3934/4025/3935 3978/4070/3979 3977/4069/3978 3933/4024/3934
f 3935/4026/3936 3979/4071/3980 3978/4070/3979 3934/4025/3935
f 3936/4027/3937 3980/4072/3981 3979/4071/3980 3935/4026/3936
f 3937/4028/3938 3981/4073/3982 3980/4072/3981 3936/4027/3937
f 3938/4029/3939 3982/4074/3983 3981/4073/3982 3937/4028/3938
f 3939/4030/3940 3983/4075/3984 3982/4074/3983 3938/4029/3939
f 3940/4031/3941 3984/4076/3985 3983/4075/3984 3939/4030/3940
f 3941/4032/3942 3985/4077/3986 3984/4076/3985 3940/4031/3941
f 3942/4033/3943 3986/4078/3987 3985/4077/3986 3941/4032/3942
f 3943/4034/3944 3987/4079/3988 3986/4078/3987 3942/4033/3943
f 3944/4035/3945 3988/4080/3989 3987/4079/3988 3943/4034/3944
f 3945/4036/3946 3989/4081/3990 3988/4080/3989 3944/4035/3945
f 3946/4037/3947 3990/4082/3991 3989/4081/3990 3945/4036/3946
f 3947/4038/3948 3991/4083/3992 3990/4082/3991 3946/4037/3947
f 3948/4039/3949 3992/4084/3993 3991/4083/3992 3947/4038/3948
f 3949/4040/3950 3993/4085/3994 3992/4084/3993 3948/4039/3949
f 3950/4041/3951 3994/4086/3995 3993/4085/3994 3949/4040/3950
f 3951/4042/3952 3995/4087/3996 3994/4086/3995 3950/4041/3951
f 3952/4043/3953 3996/4088/3997 3995/4087/3996 3951/4042/3952
f 3953/4044/3954 3997/4089/3998 3996/4088/3997 3952/4043/3953
f 3954/4045/3955 3998/4090/3999 3997/4089/3998 3953/4044/3954
f 3955/4046/3956 3999/4091/4000 3998/4090/3999 3954/4045/3955
f 3956/4047/3957 4000/4092/4001 3999/4091/4000 3955/4046/3956
f 3957/4048/3958 4001/4093/4002 4000/4092/4001 3956/4047/3957
f 3958/4049/3959 4002/4094/4003 4001/4093/4002 3957/4048/3958
f 3959/4050/3960 4003/4095/4004 4002/4094/4003 3958/4049/3959
f 3960/4007/3918 4004/4052/3962 4003/4095/4004 3959/4050/3960
f 3961/4051/3961 4005/4096/4005 4048/4097/4006 4004/4052/3962
f 3962/4053/3963 4006/4098/4007 4005/4099/4005 3961/4054/3961
f 3963/4055/3964 4007/4100/4008 4006/4098/4007 3962/4053/3963
f 3964/4056/3965 4008/4101/4009 4007/4100/4008 3963/4055/3964
f 3965/4057/3966 4009/4102/4010 4008/4101/4009 3964/4056/3965
f 3966/4058/3967 4010/4103/4011 4009/4102/4010 3965/4057/3966
f 3967/4059/3968 4011/4104/4012 4010/4103/4011 3966/4058/3967
f 3968/4060/3969 4012/4105/4013 4011/4104/4012 3967/4059/3968
f 3969/4061/3970 4013/4106/4014 4012/4105/4013 3968/4060/3969
f 3970/4062/3971 4014/4107/4015 4013/4106/4014 3969/4061/3970
f 3971/4063/3972 4015/4108/4016 4014/4107/4015 3970/4062/3971
f 3972/4064/3973 4016/4109/4017 4015/4108/4016 3971/4063/3972
f 3973/4065/3974 4017/4110/4018 4016/4109/4017 3972/4064/3973
f 3974/4066/3975 4018/4111/4019 4017/4110/4018 3973/4065/3974
f 3975/4067/3976 4019/4112/4020 4018/4111/4019 3974/4066/3975
f 3976/4068/3977 4020/4113/4021 4019/4112/4020 3975/4067/3976
f 3977/4069/3978 4021/4114/4022 4020/4113/4021 3976/4068/3977
f 3978/4070/3979 4022/4115/4023 4021/4114/4022 3977/4069/3978
f 3979/4071/3980 4023/4116/4024 4022/4115/4023 3978/4070/3979
f 3980/4072/3981 4024/4117/4025 4023/4116/4024 3979/4071/3980
f 3981/4073/3982 4025/4118/4026 4024/4117/4025 3980/4072/3981
f 3982/4074/3983 4026/4119/4027 4025/4118/4026 3981/4073/3982
f 3983/4075/3984 4027/4120/4028 4026/4119/4027 3982/4074/3983
f 3984/4076/3985 4028/4121/4029 4027/4120/4028 3983/4075/3984
f 3985/4077/3986 4029/4122/4030 4028/4121/4029 3984/4076/3985
f 3986/4078/3987 4030/4123/4031 4029/4122/4030 3985/4077/3986
f 3987/4079/3988 4031/4124/4032 4030/4123/4031 3986/4078/3987
f 3988/4080/3989 4032/4125/4033 4031/4124/4032 3987/4079/3988
f 3989/4081/3990 4033/4126/4034 4032/4125/4033 3988/4080/3989
f 3990/4082/3991 4034/4127/4035 4033/4126/4034 3989/4081/3990
f 3991/4083/3992 4035/4128/4036 4034/4127/4035 3990/4082/3991
f 3992/4084/3993 4036/4129/4037 4035/4128/4036 3991/4083/3992
f 3993/4085/3994 4037/4130/4038 4036/4129/4037 3992/4084/3993
f 3994/4086/3995 4038/4131/4039 4037/4130/4038 3993/4085/3994
f 3995/4087/3996 4039/4132/4040 4038/4131/4039 3994/4086/3995
f 3996/4088/3997 4040/4133/4041 4039/4132/4040 3995/4087/3996
f 3997/4089/3998 4041/4134/4042 4040/4133/4041 3996/4088/3997
f 3998/4090/3999 4042/4135/4043 4041/4134/4042 3997/4089/3998
f 3999/4091/4000 4043/4136/4044 4042/4135/4043 3998/4090/3999
f 4000/4092/4001 4044/4137/4045 4043/4136/4044 3999/4091/4000
f 4001/4093/4002 4045/4138/4046 4044/4137/4045 4000/4092/4001
f 4002/4094/4003 4046/4139/4047 4045/4138/4046 4001/4093/4002
f 4003/4095/4004 4047/4140/4048 4046/4139/4047 4002/4094/4003
f 4004/4052/3962 4048/4097/4006 4047/4140/4048 4003/4095/4004
