# Blender 4.0.2
# www.blender.org
mtllib spiral.mtl
o Spiral.001
v 0.023859 -0.030377 -1.155829
v 0.029596 -0.024441 -1.147530
v 0.033992 -0.015116 -1.141985
v 0.036379 -0.003824 -1.140038
v 0.036392 0.007719 -1.141985
v 0.034030 0.017753 -1.147530
v 0.029653 0.024752 -1.155829
v 0.023927 0.027650 -1.165618
v 0.017723 0.026006 -1.175407
v 0.011987 0.020070 -1.183706
v 0.007590 0.010746 -1.189251
v 0.005204 -0.000547 -1.191198
v 0.005190 -0.012089 -1.189251
v 0.007552 -0.022124 -1.183706
v 0.011929 -0.029123 -1.175407
v 0.017655 -0.032021 -1.165618
v 0.001038 -0.027870 -1.141755
v 0.007302 -0.022018 -1.133785
v 0.012454 -0.012813 -1.128711
v 0.015711 -0.001658 -1.127306
v 0.016575 0.009750 -1.129783
v 0.014916 0.019673 -1.135766
v 0.010986 0.026601 -1.144343
v 0.005384 0.029480 -1.154209
v -0.001038 0.027870 -1.163862
v -0.007302 0.022018 -1.171833
v -0.012454 0.012813 -1.176907
v -0.015711 0.001658 -1.178312
v -0.016575 -0.009750 -1.175835
v -0.014916 -0.019673 -1.169852
v -0.010986 -0.026601 -1.161275
v -0.005384 -0.029480 -1.151408
v -0.022628 -0.020181 -1.126482
v -0.015280 -0.014680 -1.119218
v -0.008633 -0.005961 -1.115117
v -0.003698 0.004649 -1.114805
v -0.001228 0.015534 -1.118328
v -0.001597 0.025039 -1.125151
v -0.004750 0.031714 -1.134234
v -0.010207 0.034546 -1.144195
v -0.017137 0.033101 -1.153518
v -0.024485 0.027601 -1.160782
v -0.031132 0.018882 -1.164883
v -0.036067 0.008272 -1.165195
v -0.038537 -0.002614 -1.161672
v -0.038168 -0.012118 -1.154849
v -0.035015 -0.018794 -1.145766
v -0.029558 -0.021625 -1.135805
v -0.043948 -0.007871 -1.111373
v -0.035491 -0.003012 -1.104903
v -0.027413 0.004881 -1.101825
v -0.020945 0.014606 -1.102610
v -0.017071 0.024682 -1.107137
v -0.016382 0.033575 -1.114717
v -0.018983 0.039931 -1.124195
v -0.024476 0.042784 -1.134130
v -0.032026 0.041697 -1.143009
v -0.040484 0.036838 -1.149479
v -0.048562 0.028945 -1.152557
v -0.055030 0.019220 -1.151772
v -0.058903 0.009144 -1.147245
v -0.059592 0.000251 -1.139665
v -0.056992 -0.006105 -1.130186
v -0.051499 -0.008957 -1.120251
v -0.062014 0.008395 -1.096455
v -0.052509 0.012312 -1.090857
v -0.043159 0.019060 -1.088841
v -0.035387 0.027610 -1.090713
v -0.030376 0.036661 -1.096188
v -0.028888 0.044835 -1.104433
v -0.031152 0.050889 -1.114193
v -0.036821 0.053899 -1.123982
v -0.045033 0.053408 -1.132309
v -0.054537 0.049491 -1.137907
v -0.063887 0.042744 -1.139923
v -0.071660 0.034194 -1.138051
v -0.076671 0.025143 -1.132576
v -0.078158 0.016968 -1.124331
v -0.075895 0.010915 -1.114571
v -0.070226 0.007904 -1.104782
v -0.076097 0.027778 -1.081755
v -0.065700 0.030467 -1.077097
v -0.055320 0.035798 -1.076166
v -0.046538 0.042957 -1.079102
v -0.040689 0.050856 -1.085460
v -0.038666 0.058292 -1.094270
v -0.040775 0.064133 -1.104193
v -0.046695 0.067490 -1.113716
v -0.055526 0.067851 -1.121391
v -0.065923 0.065162 -1.126049
v -0.076303 0.059832 -1.126980
v -0.085085 0.052672 -1.124044
v -0.090933 0.044773 -1.117686
v -0.092957 0.037337 -1.108876
v -0.090848 0.031496 -1.098953
v -0.084927 0.028140 -1.089430
v -0.085684 0.049312 -1.067295
v -0.074633 0.050531 -1.063634
v -0.063533 0.054244 -1.063799
v -0.054075 0.059886 -1.067764
v -0.047698 0.066598 -1.074927
v -0.045373 0.073358 -1.084196
v -0.047454 0.079136 -1.094161
v -0.053625 0.083054 -1.103304
v -0.062945 0.084515 -1.110233
v -0.073996 0.083295 -1.113894
v -0.085096 0.079582 -1.113729
v -0.094554 0.073940 -1.109764
v -0.100931 0.067228 -1.102601
v -0.103256 0.060468 -1.093332
v -0.101175 0.054690 -1.083367
v -0.095004 0.050772 -1.074224
v -0.090497 0.071957 -1.053095
v -0.079097 0.071532 -1.050475
v -0.067630 0.073517 -1.051734
v -0.057842 0.077610 -1.056681
v -0.051224 0.083188 -1.064562
v -0.048783 0.089401 -1.074177
v -0.050891 0.095304 -1.084063
v -0.057226 0.099997 -1.092715
v -0.066825 0.102767 -1.098815
v -0.078225 0.103192 -1.101435
v -0.089692 0.101206 -1.100176
v -0.099480 0.097113 -1.095229
v -0.106098 0.091536 -1.087348
v -0.108539 0.085323 -1.077733
v -0.106431 0.079420 -1.067847
v -0.100096 0.074727 -1.059195
v -0.090497 0.094661 -1.039172
v -0.079097 0.092504 -1.037625
v -0.067630 0.092747 -1.039963
v -0.057842 0.095353 -1.045831
v -0.051224 0.099926 -1.054335
v -0.048783 0.105768 -1.064180
v -0.050891 0.111991 -1.073868
v -0.057226 0.117647 -1.081923
v -0.066825 0.121875 -1.087120
v -0.078225 0.124031 -1.088667
v -0.089692 0.123788 -1.086329
v -0.099480 0.121182 -1.080461
v -0.106098 0.116610 -1.071957
v -0.108539 0.110767 -1.062112
v -0.106431 0.104545 -1.052424
v -0.100096 0.098889 -1.044369
v -0.085874 0.116409 -1.025540
v -0.074840 0.112529 -1.025084
v -0.063726 0.111113 -1.028474
v -0.054224 0.112377 -1.035191
v -0.047780 0.116129 -1.044215
v -0.045376 0.121797 -1.054170
v -0.047378 0.128518 -1.063542
v -0.053480 0.135270 -1.070904
v -0.062755 0.141024 -1.075134
v -0.073789 0.144904 -1.075590
v -0.084903 0.146320 -1.072201
v -0.094405 0.145056 -1.065483
v -0.100849 0.141304 -1.056459
v -0.103253 0.135636 -1.046504
v -0.101251 0.128915 -1.037132
v -0.095149 0.122163 -1.029770
v -0.077028 0.136279 -1.012208
v -0.066714 0.130780 -1.012850
v -0.056263 0.127876 -1.017249
v -0.047265 0.128006 -1.024735
v -0.041091 0.131153 -1.034169
v -0.038680 0.136836 -1.044114
v -0.040400 0.144190 -1.053056
v -0.045989 0.152097 -1.059635
v -0.054595 0.159351 -1.062848
v -0.064909 0.164849 -1.062206
v -0.075360 0.167754 -1.057807
v -0.084357 0.167623 -1.050321
v -0.090532 0.164477 -1.040887
v -0.092942 0.158794 -1.030942
v -0.091223 0.151439 -1.022000
v -0.085634 0.143533 -1.015421
v -0.064535 0.153473 -0.999183
v -0.055255 0.146553 -1.000914
v -0.045711 0.142399 -1.006270
v -0.037357 0.141644 -1.014434
v -0.031463 0.144404 -1.024163
v -0.028929 0.150258 -1.033978
v -0.030138 0.158315 -1.042383
v -0.034908 0.167348 -1.048098
v -0.042511 0.175982 -1.050255
v -0.051792 0.182903 -1.048524
v -0.061336 0.187057 -1.043169
v -0.069690 0.187811 -1.035005
v -0.075583 0.185051 -1.025275
v -0.078118 0.179198 -1.015460
v -0.076909 0.171141 -1.007056
v -0.072139 0.162108 -1.001340
v -0.049112 0.167361 -0.986468
v -0.041113 0.159286 -0.989267
v -0.032639 0.154169 -0.995514
v -0.024979 0.152790 -1.004257
v -0.019299 0.155357 -1.014165
v -0.016464 0.161481 -1.023729
v -0.016907 0.170229 -1.031495
v -0.020558 0.180269 -1.036278
v -0.026863 0.190072 -1.037352
v -0.034862 0.198147 -1.034553
v -0.043336 0.203264 -1.028306
v -0.050996 0.204643 -1.019563
v -0.056676 0.202076 -1.009655
v -0.059510 0.195952 -1.000091
v -0.059068 0.187204 -0.992325
v -0.055417 0.177165 -0.987542
v -0.031569 0.177489 -0.974061
v -0.025016 0.168580 -0.977895
v -0.017682 0.162804 -0.984957
v -0.010683 0.161043 -0.994173
v -0.005085 0.163564 -1.004139
v -0.001739 0.169983 -1.013338
v -0.001155 0.179323 -1.020369
v -0.003423 0.190161 -1.024163
v -0.008196 0.200849 -1.024141
v -0.014749 0.209759 -1.020307
v -0.022083 0.215534 -1.013245
v -0.029082 0.217296 -1.004029
v -0.034680 0.214775 -0.994063
v -0.038026 0.208356 -0.984864
v -0.038610 0.199016 -0.977833
v -0.036342 0.188177 -0.974039
v -0.012769 0.183598 -0.961958
v -0.007734 0.174195 -0.966779
v -0.001521 0.168056 -0.974572
v 0.004924 0.166114 -0.984149
v 0.010619 0.168666 -0.994052
v 0.014697 0.175323 -1.002774
v 0.016538 0.185071 -1.008986
v 0.015861 0.196427 -1.011744
v 0.012769 0.207662 -1.010627
v 0.007734 0.217064 -1.005805
v 0.001521 0.223204 -0.998012
v -0.004924 0.225145 -0.988435
v -0.010619 0.222593 -0.978532
v -0.014697 0.215936 -0.969811
v -0.016538 0.206188 -0.963598
v -0.015861 0.194832 -0.960840
v 0.006416 0.185614 -0.950149
v 0.009959 0.176055 -0.955900
v 0.015151 0.169808 -0.964329
v 0.021202 0.167825 -0.974151
v 0.027191 0.170408 -0.983871
v 0.032205 0.177163 -0.992010
v 0.035482 0.187063 -0.997328
v 0.036522 0.198599 -0.999016
v 0.035167 0.210016 -0.996817
v 0.031623 0.219575 -0.991066
v 0.026431 0.225822 -0.982638
v 0.020380 0.227805 -0.972816
v 0.014392 0.225222 -0.963095
v 0.009377 0.218466 -0.954956
v 0.006101 0.208567 -0.949638
v 0.005061 0.197031 -0.947950
v 0.025146 0.183645 -0.938623
v 0.027309 0.174231 -0.945235
v 0.031645 0.168074 -0.954196
v 0.037494 0.166113 -0.964144
v 0.043965 0.168645 -0.973564
v 0.050073 0.175285 -0.981021
v 0.054889 0.185023 -0.985381
v 0.057679 0.196375 -0.985979
v 0.058018 0.207614 -0.982725
v 0.055855 0.217028 -0.976114
v 0.051519 0.223185 -0.967152
v 0.045671 0.225146 -0.957204
v 0.039200 0.222614 -0.947784
v 0.033091 0.215974 -0.940327
v 0.028276 0.206236 -0.935967
v 0.025486 0.194884 -0.935369
v 0.042648 0.177959 -0.927365
v 0.043614 0.168933 -0.934756
v 0.047298 0.162988 -0.944142
v 0.053138 0.161030 -0.954096
v 0.060246 0.163355 -0.963101
v 0.067540 0.169610 -0.969786
v 0.073908 0.178843 -0.973134
v 0.078383 0.189648 -0.972635
v 0.080281 0.200380 -0.968365
v 0.079315 0.209406 -0.960975
v 0.075632 0.215350 -0.951588
v 0.069792 0.217309 -0.941634
v 0.062684 0.214984 -0.932629
v 0.055390 0.208729 -0.925944
v 0.049021 0.199496 -0.922596
v 0.044547 0.188691 -0.923095
v 0.058238 0.168958 -0.916355
v 0.058239 0.160489 -0.924436
v 0.061488 0.154796 -0.934134
v 0.067489 0.152744 -0.943972
v 0.075330 0.154646 -0.952453
v 0.083816 0.160213 -0.958285
v 0.091655 0.168597 -0.960581
v 0.097655 0.178521 -0.958991
v 0.100901 0.188475 -0.953757
v 0.100900 0.196944 -0.945676
v 0.097651 0.202637 -0.935979
v 0.091650 0.204689 -0.926140
v 0.083810 0.202787 -0.917659
v 0.075324 0.197220 -0.911827
v 0.067484 0.188836 -0.909531
v 0.061485 0.178912 -0.911121
v 0.071344 0.157157 -0.905572
v 0.070635 0.149328 -0.914245
v 0.073651 0.143844 -0.924136
v 0.079934 0.141539 -0.933740
v 0.088526 0.142764 -0.941594
v 0.098120 0.147333 -0.946503
v 0.107255 0.154551 -0.947719
v 0.114541 0.163317 -0.945057
v 0.118867 0.172299 -0.938923
v 0.119576 0.180127 -0.930250
v 0.116560 0.185612 -0.920358
v 0.110278 0.187917 -0.910754
v 0.101685 0.186691 -0.902900
v 0.092091 0.182122 -0.897991
v 0.082956 0.174905 -0.896775
v 0.075671 0.166139 -0.899437
v 0.081518 0.143154 -0.894990
v 0.080347 0.135961 -0.904151
v 0.083293 0.130573 -0.914116
v 0.089909 0.127810 -0.923369
v 0.099186 0.128092 -0.930501
v 0.109713 0.131377 -0.934427
v 0.119887 0.137165 -0.934548
v 0.128158 0.144574 -0.930847
v 0.133269 0.152476 -0.923886
v 0.134440 0.159669 -0.914726
v 0.131494 0.165057 -0.904760
v 0.124879 0.167820 -0.895507
v 0.115602 0.167537 -0.888375
v 0.105075 0.164252 -0.884450
v 0.094901 0.158465 -0.884328
v 0.086629 0.151056 -0.888030
v 0.088444 0.127599 -0.884584
v 0.087026 0.120961 -0.894121
v 0.090003 0.115503 -0.904039
v 0.096922 0.112057 -0.912829
v 0.106730 0.111148 -0.919153
v 0.117934 0.112913 -0.922048
v 0.128827 0.117084 -0.921073
v 0.137752 0.123026 -0.916377
v 0.143350 0.129834 -0.908674
v 0.144768 0.136472 -0.899138
v 0.141791 0.141930 -0.889220
v 0.134872 0.145376 -0.880430
v 0.125064 0.146285 -0.874106
v 0.113860 0.144520 -0.871211
v 0.102966 0.140349 -0.872186
v 0.094041 0.134407 -0.876882
v 0.091935 0.111175 -0.874324
v 0.090429 0.104948 -0.884121
v 0.093462 0.099226 -0.893872
v 0.100573 0.094881 -0.902092
v 0.110678 0.092574 -0.907531
v 0.122239 0.092656 -0.909360
v 0.133497 0.095115 -0.907301
v 0.142737 0.099576 -0.901667
v 0.148552 0.105361 -0.893316
v 0.150058 0.111588 -0.883519
v 0.147024 0.117309 -0.873769
v 0.139914 0.121654 -0.865548
v 0.129809 0.123961 -0.860109
v 0.118247 0.123879 -0.858280
v 0.106990 0.121420 -0.860339
v 0.097750 0.116959 -0.865973
v 0.091935 0.094569 -0.864179
v 0.090429 0.088571 -0.874118
v 0.093462 0.082389 -0.883583
v 0.100573 0.076964 -0.891135
v 0.110678 0.073121 -0.895622
v 0.122239 0.071447 -0.896363
v 0.133497 0.072196 -0.893245
v 0.142737 0.075253 -0.886741
v 0.148552 0.080154 -0.877843
v 0.150058 0.086153 -0.867905
v 0.147024 0.092335 -0.858439
v 0.139914 0.097760 -0.850888
v 0.129809 0.101603 -0.846400
v 0.118247 0.103277 -0.845659
v 0.106990 0.102528 -0.848778
v 0.097750 0.099470 -0.855281
v 0.088510 0.078458 -0.854117
v 0.087012 0.072493 -0.864077
v 0.089911 0.065679 -0.873142
v 0.096766 0.059052 -0.879933
v 0.106534 0.053623 -0.883415
v 0.117727 0.050217 -0.883059
v 0.128641 0.049352 -0.878919
v 0.137616 0.051161 -0.871625
v 0.143284 0.055368 -0.862287
v 0.144782 0.061333 -0.852328
v 0.141883 0.068147 -0.843263
v 0.135028 0.074774 -0.836472
v 0.125260 0.080203 -0.832989
v 0.114067 0.083610 -0.833345
v 0.103152 0.084474 -0.837485
v 0.094178 0.082665 -0.844779
v 0.081843 0.063483 -0.844104
v 0.080279 0.057372 -0.853965
v 0.082843 0.049805 -0.862520
v 0.089145 0.041936 -0.868468
v 0.098225 0.034961 -0.870903
v 0.108701 0.029944 -0.869454
v 0.118977 0.027647 -0.864342
v 0.127491 0.028420 -0.856346
v 0.132944 0.032146 -0.846682
v 0.134508 0.038258 -0.836822
v 0.131944 0.045824 -0.828267
v 0.125642 0.053694 -0.822319
v 0.116563 0.060668 -0.819884
v 0.106087 0.065686 -0.821333
v 0.095810 0.067983 -0.826444
v 0.087297 0.067209 -0.834441
v 0.072223 0.050243 -0.834107
v 0.070451 0.043845 -0.843748
v 0.072433 0.035477 -0.851690
v 0.077867 0.026413 -0.856723
v 0.085925 0.018031 -0.858081
v 0.095380 0.011610 -0.855557
v 0.104794 0.008125 -0.849536
v 0.112733 0.008108 -0.840934
v 0.117988 0.011561 -0.831061
v 0.119760 0.017958 -0.821420
v 0.117778 0.026326 -0.813479
v 0.112345 0.035391 -0.808446
v 0.104287 0.043772 -0.807088
v 0.094831 0.050194 -0.809612
v 0.085417 0.053678 -0.815633
v 0.077478 0.053696 -0.824234
v 0.060038 0.039271 -0.824092
v 0.057864 0.032511 -0.833397
v 0.058994 0.023376 -0.840629
v 0.063256 0.013257 -0.844685
v 0.070002 0.003695 -0.844950
v 0.078205 -0.003855 -0.841381
v 0.086615 -0.008243 -0.834524
v 0.093953 -0.008802 -0.825421
v 0.099101 -0.005445 -0.815459
v 0.101276 0.001315 -0.806153
v 0.100146 0.010450 -0.798922
v 0.095883 0.020569 -0.794865
v 0.089137 0.030131 -0.794601
v 0.080934 0.037681 -0.798169
v 0.072524 0.042069 -0.805026
v 0.065186 0.042628 -0.814129
v 0.045766 0.031031 -0.814024
v 0.042964 0.023909 -0.822881
v 0.042979 0.014130 -0.829315
v 0.045808 0.003184 -0.832346
v 0.051021 -0.007264 -0.831514
v 0.057824 -0.015622 -0.826944
v 0.065181 -0.020618 -0.819333
v 0.071972 -0.021492 -0.809840
v 0.077164 -0.018111 -0.799909
v 0.079966 -0.010988 -0.791052
v 0.079951 -0.001210 -0.784618
v 0.077122 0.009737 -0.781587
v 0.071909 0.020184 -0.782419
v 0.065106 0.028542 -0.786988
v 0.057749 0.033539 -0.794599
v 0.050957 0.034413 -0.804093
v 0.029960 0.025895 -0.803871
v 0.026305 0.018496 -0.812171
v 0.024976 0.008280 -0.817729
v 0.026174 -0.003196 -0.819699
v 0.029719 -0.014185 -0.817780
v 0.035070 -0.023015 -0.812265
v 0.041412 -0.028341 -0.803993
v 0.047780 -0.029353 -0.794223
v 0.053205 -0.025895 -0.784444
v 0.056860 -0.018496 -0.776143
v 0.058189 -0.008280 -0.770585
v 0.056990 0.003196 -0.768616
v 0.053446 0.014185 -0.770535
v 0.048095 0.023015 -0.776050
v 0.041753 0.028341 -0.784322
v 0.035385 0.029353 -0.794091
v 0.013243 0.024138 -0.793600
v 0.008534 0.016628 -0.801244
v 0.005691 0.006253 -0.805859
v 0.005146 -0.005406 -0.806743
v 0.006984 -0.016575 -0.803760
v 0.010923 -0.025553 -0.797366
v 0.016365 -0.030974 -0.788533
v 0.022480 -0.032012 -0.778606
v 0.028339 -0.028509 -0.769097
v 0.033048 -0.020999 -0.761453
v 0.035892 -0.010624 -0.756838
v 0.036436 0.001035 -0.755954
v 0.034599 0.012204 -0.758936
v 0.030659 0.021183 -0.765331
v 0.025217 0.026603 -0.774164
v 0.019102 0.027641 -0.784090
v -0.003712 0.025921 -0.783180
v -0.009624 0.018537 -0.790075
v -0.014071 0.008330 -0.793691
v -0.016376 -0.003144 -0.793478
v -0.016188 -0.014139 -0.789469
v -0.013535 -0.022983 -0.782273
v -0.008822 -0.028327 -0.772986
v -0.002766 -0.029358 -0.763022
v 0.003712 -0.025921 -0.753899
v 0.009624 -0.018537 -0.747004
v 0.014071 -0.008330 -0.743388
v 0.016376 0.003144 -0.743600
v 0.016188 0.014139 -0.747610
v 0.013535 0.022983 -0.754806
v 0.008822 0.028327 -0.764093
v 0.002766 0.029358 -0.774056
v -0.020198 0.031277 -0.772583
v -0.027389 0.024309 -0.778645
v -0.033437 0.014623 -0.781218
v -0.037421 0.003694 -0.779912
v -0.038736 -0.006813 -0.774923
v -0.037180 -0.015300 -0.767013
v -0.032990 -0.020474 -0.757385
v -0.026806 -0.021547 -0.747505
v -0.019567 -0.018357 -0.738878
v -0.012376 -0.011388 -0.732816
v -0.006328 -0.001702 -0.730242
v -0.002344 0.009226 -0.731549
v -0.001029 0.019734 -0.736537
v -0.002585 0.028220 -0.744447
v -0.006775 0.033394 -0.754075
v -0.012959 0.034468 -0.763955
v -0.035496 0.040110 -0.761782
v -0.043954 0.033873 -0.766937
v -0.051503 0.025054 -0.768437
v -0.056995 0.014995 -0.766052
v -0.059593 0.005229 -0.760146
v -0.058902 -0.002759 -0.751617
v -0.055026 -0.007751 -0.741765
v -0.048557 -0.008989 -0.732088
v -0.040478 -0.006284 -0.724061
v -0.032021 -0.000046 -0.718905
v -0.024471 0.008773 -0.717406
v -0.018980 0.018831 -0.719791
v -0.016382 0.028597 -0.725697
v -0.017073 0.036585 -0.734226
v -0.020948 0.041578 -0.744078
v -0.027418 0.042815 -0.753755
v -0.048898 0.052177 -0.750752
v -0.058518 0.046986 -0.754939
v -0.067377 0.039347 -0.755346
v -0.074128 0.030422 -0.751912
v -0.077741 0.021570 -0.745159
v -0.077668 0.014138 -0.736115
v -0.073919 0.009259 -0.726158
v -0.067064 0.007675 -0.716802
v -0.058149 0.009627 -0.709473
v -0.048529 0.014817 -0.705286
v -0.039669 0.022457 -0.704879
v -0.032919 0.031382 -0.708313
v -0.029305 0.040234 -0.715066
v -0.029379 0.047665 -0.724109
v -0.033128 0.052544 -0.734067
v -0.039982 0.054128 -0.743423
v -0.059735 0.067093 -0.739472
v -0.070323 0.063234 -0.742639
v -0.080223 0.057027 -0.741950
v -0.087930 0.049418 -0.737508
v -0.092269 0.041565 -0.729990
v -0.092580 0.034663 -0.720541
v -0.088816 0.029764 -0.710599
v -0.081550 0.027612 -0.701677
v -0.071887 0.028537 -0.695135
v -0.061300 0.032396 -0.691967
v -0.051400 0.038602 -0.692657
v -0.043693 0.046212 -0.697099
v -0.039354 0.054065 -0.704617
v -0.039043 0.060966 -0.714066
v -0.042807 0.065866 -0.724008
v -0.050073 0.068017 -0.732929
v -0.067411 0.084333 -0.727923
v -0.078693 0.082034 -0.730033
v -0.089308 0.077433 -0.728254
v -0.097641 0.071230 -0.722859
v -0.102422 0.064370 -0.714667
v -0.102925 0.057898 -0.704927
v -0.099071 0.052797 -0.695121
v -0.091449 0.049846 -0.686742
v -0.081218 0.049493 -0.681066
v -0.069936 0.051793 -0.678956
v -0.059321 0.056394 -0.680735
v -0.050988 0.062596 -0.686130
v -0.046207 0.069456 -0.694321
v -0.045705 0.075929 -0.704062
v -0.049558 0.081029 -0.713867
v -0.057180 0.083980 -0.722247
v -0.071430 0.103240 -0.716090
v -0.083075 0.102652 -0.717116
v -0.094049 0.099736 -0.714271
v -0.102680 0.094936 -0.707987
v -0.107654 0.088983 -0.699221
v -0.108214 0.082783 -0.689308
v -0.104275 0.077281 -0.679757
v -0.096437 0.073313 -0.672022
v -0.085892 0.071484 -0.667281
v -0.074247 0.072072 -0.666254
v -0.063273 0.074988 -0.669100
v -0.054642 0.079788 -0.675384
v -0.049668 0.085741 -0.684150
v -0.049108 0.091941 -0.694062
v -0.053047 0.097443 -0.703614
v -0.060885 0.101411 -0.711349
v -0.071430 0.123047 -0.703962
v -0.083075 0.124228 -0.703892
v -0.094049 0.122979 -0.700014
v -0.102680 0.119490 -0.692918
v -0.107654 0.114293 -0.683684
v -0.108214 0.108178 -0.673718
v -0.104275 0.102077 -0.664538
v -0.096437 0.096919 -0.657540
v -0.085892 0.093488 -0.653791
v -0.074247 0.092307 -0.653861
v -0.063273 0.093556 -0.657739
v -0.054642 0.097045 -0.664835
v -0.049668 0.102242 -0.674069
v -0.049108 0.108357 -0.684035
v -0.053047 0.114458 -0.693215
v -0.060885 0.119616 -0.700212
v -0.067210 0.142902 -0.691529
v -0.078488 0.145812 -0.690364
v -0.089130 0.146119 -0.685501
v -0.097517 0.143777 -0.677678
v -0.102372 0.139142 -0.668088
v -0.102955 0.132920 -0.658191
v -0.099178 0.126058 -0.649492
v -0.091616 0.119601 -0.643317
v -0.081419 0.114531 -0.640606
v -0.070141 0.111621 -0.641770
v -0.059499 0.111314 -0.646634
v -0.051112 0.113656 -0.654457
v -0.046257 0.118291 -0.664047
v -0.045674 0.124513 -0.673944
v -0.049451 0.131375 -0.682643
v -0.057013 0.137832 -0.688818
v -0.058751 0.161900 -0.678788
v -0.069319 0.166404 -0.676542
v -0.079354 0.168078 -0.670752
v -0.087326 0.166667 -0.662298
v -0.092023 0.162386 -0.652468
v -0.092730 0.155887 -0.642758
v -0.089338 0.148158 -0.634647
v -0.082365 0.140378 -0.629370
v -0.072872 0.133730 -0.627729
v -0.062303 0.129226 -0.629975
v -0.052269 0.127552 -0.635765
v -0.044297 0.128963 -0.644219
v -0.039600 0.133244 -0.654049
v -0.038893 0.139743 -0.663758
v -0.042285 0.147471 -0.671869
v -0.049258 0.155252 -0.677147
v -0.046234 0.179129 -0.665737
v -0.055802 0.185009 -0.662438
v -0.065024 0.187801 -0.655791
v -0.072494 0.187081 -0.646808
v -0.077077 0.182958 -0.636858
v -0.078073 0.176059 -0.627454
v -0.075333 0.167436 -0.620028
v -0.069271 0.158400 -0.615712
v -0.060813 0.150327 -0.615161
v -0.051244 0.144447 -0.618461
v -0.042023 0.141655 -0.625108
v -0.034552 0.142375 -0.634091
v -0.029970 0.146498 -0.644041
v -0.028973 0.153397 -0.653445
v -0.031714 0.162020 -0.660871
v -0.037775 0.171056 -0.665187
v -0.030040 0.193709 -0.652380
v -0.038393 0.200684 -0.648067
v -0.046683 0.204315 -0.640644
v -0.053650 0.204049 -0.631241
v -0.058232 0.199926 -0.621291
v -0.059732 0.192574 -0.612306
v -0.057922 0.183112 -0.605657
v -0.053077 0.172981 -0.602354
v -0.045934 0.163724 -0.602901
v -0.037582 0.156749 -0.607214
v -0.029291 0.153118 -0.614637
v -0.022325 0.153384 -0.624039
v -0.017743 0.157507 -0.633990
v -0.016242 0.164859 -0.642975
v -0.018053 0.174321 -0.649624
v -0.022898 0.184452 -0.652927
v -0.010750 0.204846 -0.638723
v -0.017758 0.212598 -0.633449
v -0.025090 0.216782 -0.625340
v -0.031629 0.216763 -0.615631
v -0.036379 0.212542 -0.605800
v -0.038618 0.204764 -0.597345
v -0.038005 0.194611 -0.591551
v -0.034633 0.183630 -0.589302
v -0.029015 0.173492 -0.590939
v -0.022007 0.165741 -0.596214
v -0.014675 0.161557 -0.604323
v -0.008136 0.161576 -0.614032
v -0.003386 0.165796 -0.623862
v -0.001147 0.173575 -0.632318
v -0.001760 0.183728 -0.638112
v -0.005132 0.194709 -0.640361
v 0.010879 0.211874 -0.624777
v 0.005249 0.220073 -0.618605
v -0.001181 0.224551 -0.609908
v -0.007430 0.224625 -0.600011
v -0.012549 0.220285 -0.590420
v -0.015757 0.212192 -0.582595
v -0.016566 0.201577 -0.577728
v -0.014853 0.190057 -0.576560
v -0.010879 0.179385 -0.579268
v -0.005249 0.171186 -0.585440
v 0.001181 0.166709 -0.594137
v 0.007430 0.166634 -0.604034
v 0.012549 0.170974 -0.613625
v 0.015757 0.179067 -0.621450
v 0.016566 0.189682 -0.626317
v 0.014853 0.201202 -0.627485
v 0.033939 0.214298 -0.610555
v 0.029630 0.222636 -0.603560
v 0.023975 0.227194 -0.594381
v 0.017835 0.227281 -0.584415
v 0.012145 0.222881 -0.575180
v 0.007772 0.214665 -0.568081
v 0.005381 0.203884 -0.564200
v 0.005336 0.192179 -0.564126
v 0.007643 0.181332 -0.567872
v 0.011953 0.172994 -0.574867
v 0.017608 0.168435 -0.584046
v 0.023747 0.168349 -0.594012
v 0.029437 0.172749 -0.603247
v 0.033810 0.180965 -0.610346
v 0.036202 0.191746 -0.614227
v 0.036247 0.203451 -0.614300
v 0.057414 0.211830 -0.596074
v 0.054290 0.220044 -0.588341
v 0.049230 0.224540 -0.578791
v 0.043007 0.224635 -0.568877
v 0.036566 0.220314 -0.560110
v 0.030889 0.212235 -0.553823
v 0.026840 0.201628 -0.550974
v 0.025036 0.190108 -0.551997
v 0.025750 0.179429 -0.556735
v 0.028875 0.171215 -0.564468
v 0.033934 0.166719 -0.574018
v 0.040158 0.166624 -0.583932
v 0.046598 0.170945 -0.592699
v 0.052275 0.179024 -0.598986
v 0.056324 0.189631 -0.601835
v 0.058129 0.201151 -0.600812
v 0.080230 0.204417 -0.581354
v 0.078094 0.212309 -0.572977
v 0.073427 0.216678 -0.563172
v 0.066938 0.216859 -0.553431
v 0.059617 0.212825 -0.545238
v 0.052576 0.205189 -0.539839
v 0.046889 0.195114 -0.538057
v 0.043421 0.184135 -0.540163
v 0.042700 0.173921 -0.545837
v 0.044836 0.166030 -0.554214
v 0.049503 0.161661 -0.564019
v 0.055991 0.161480 -0.573760
v 0.063313 0.165514 -0.581953
v 0.070353 0.173150 -0.587352
v 0.076041 0.183224 -0.589134
v 0.079509 0.194204 -0.587028
v 0.101306 0.192249 -0.566420
v 0.099929 0.199703 -0.557500
v 0.095453 0.203961 -0.547558
v 0.088558 0.204377 -0.538108
v 0.080295 0.200886 -0.530588
v 0.071922 0.194020 -0.526143
v 0.064713 0.184824 -0.525450
v 0.059765 0.174698 -0.528614
v 0.057833 0.165184 -0.535153
v 0.059210 0.157730 -0.544073
v 0.063687 0.153472 -0.554015
v 0.070581 0.153056 -0.563465
v 0.078844 0.156547 -0.570985
v 0.087218 0.163413 -0.575430
v 0.094427 0.172609 -0.576123
v 0.099374 0.182735 -0.572959
v 0.119620 0.175759 -0.551296
v 0.118764 0.182744 -0.541941
v 0.114306 0.186985 -0.531983
v 0.106926 0.187839 -0.522938
v 0.097746 0.185173 -0.516183
v 0.088164 0.179395 -0.512745
v 0.079639 0.171384 -0.513149
v 0.073468 0.162360 -0.517333
v 0.070592 0.153696 -0.524659
v 0.071447 0.146712 -0.534014
v 0.075905 0.142470 -0.543972
v 0.083285 0.141617 -0.553017
v 0.092466 0.144282 -0.559772
v 0.102048 0.150060 -0.563210
v 0.110573 0.158071 -0.562806
v 0.116743 0.167096 -0.558622
v 0.134258 0.155612 -0.536010
v 0.133707 0.162177 -0.526335
v 0.129150 0.166555 -0.516482
v 0.121281 0.168081 -0.507951
v 0.111298 0.166521 -0.502042
v 0.100720 0.162113 -0.499653
v 0.091159 0.155528 -0.501149
v 0.084069 0.147769 -0.506302
v 0.080530 0.140017 -0.514327
v 0.081081 0.133453 -0.524002
v 0.085638 0.129074 -0.533855
v 0.093507 0.127549 -0.542386
v 0.103490 0.129109 -0.548295
v 0.114067 0.133517 -0.550684
v 0.123629 0.140101 -0.549188
v 0.130719 0.147860 -0.544035
v 0.144473 0.132668 -0.520593
v 0.144056 0.138932 -0.510714
v 0.139352 0.143641 -0.501085
v 0.131077 0.146078 -0.493172
v 0.120491 0.145872 -0.488181
v 0.109206 0.143054 -0.486871
v 0.098939 0.138053 -0.489441
v 0.091254 0.131631 -0.495500
v 0.087321 0.124765 -0.504126
v 0.087738 0.118501 -0.514005
v 0.092442 0.113792 -0.523634
v 0.100717 0.111355 -0.531547
v 0.111302 0.111561 -0.536538
v 0.122588 0.114379 -0.537848
v 0.132855 0.119380 -0.535278
v 0.140540 0.125802 -0.529219
v 0.149728 0.107943 -0.505076
v 0.149339 0.114075 -0.495113
v 0.144521 0.119322 -0.485825
v 0.136007 0.122886 -0.478626
v 0.125092 0.124225 -0.474614
v 0.113440 0.123134 -0.474397
v 0.102823 0.119780 -0.478010
v 0.094858 0.114674 -0.484902
v 0.090758 0.108592 -0.494025
v 0.091147 0.102460 -0.503988
v 0.095966 0.097213 -0.513276
v 0.104480 0.093649 -0.520475
v 0.115394 0.092310 -0.524487
v 0.127047 0.093401 -0.524704
v 0.137664 0.096755 -0.521091
v 0.145628 0.101862 -0.514199
v 0.149728 0.082559 -0.489493
v 0.149339 0.088749 -0.479566
v 0.144521 0.094728 -0.470731
v 0.136007 0.099586 -0.464334
v 0.125092 0.102583 -0.461348
v 0.113440 0.103262 -0.462228
v 0.102823 0.101521 -0.466840
v 0.094858 0.097624 -0.474482
v 0.090758 0.092165 -0.483990
v 0.091147 0.085975 -0.493917
v 0.095966 0.079996 -0.502752
v 0.104480 0.075138 -0.509149
v 0.115394 0.072141 -0.512135
v 0.127047 0.071462 -0.511255
v 0.137664 0.073203 -0.506643
v 0.145628 0.077100 -0.499001
v 0.144439 0.057676 -0.473876
v 0.144103 0.064114 -0.464106
v 0.139473 0.070978 -0.455832
v 0.131253 0.077224 -0.450313
v 0.120696 0.081899 -0.448391
v 0.109408 0.084293 -0.450357
v 0.099108 0.084042 -0.455912
v 0.091364 0.081182 -0.464211
v 0.087354 0.076150 -0.473989
v 0.087691 0.069712 -0.483760
v 0.092321 0.062848 -0.492034
v 0.100540 0.056603 -0.497552
v 0.111098 0.051927 -0.499474
v 0.122386 0.049533 -0.497508
v 0.132686 0.049785 -0.491953
v 0.140430 0.052644 -0.483654
v 0.134093 0.034438 -0.458259
v 0.133938 0.041282 -0.448765
v 0.129741 0.049120 -0.441151
v 0.122143 0.056760 -0.436579
v 0.112299 0.063038 -0.435743
v 0.101708 0.066999 -0.438771
v 0.091983 0.068039 -0.445202
v 0.084604 0.066000 -0.454057
v 0.080695 0.061192 -0.463988
v 0.080850 0.054348 -0.473483
v 0.085046 0.046509 -0.481096
v 0.092645 0.038869 -0.485668
v 0.102489 0.032591 -0.486504
v 0.113080 0.028631 -0.483476
v 0.122805 0.027591 -0.477045
v 0.130184 0.029630 -0.468190
v 0.119174 0.013903 -0.442678
v 0.119389 0.021257 -0.433573
v 0.115907 0.030080 -0.426713
v 0.109259 0.039027 -0.423142
v 0.100455 0.046737 -0.423403
v 0.090837 0.052037 -0.427456
v 0.081869 0.054119 -0.434685
v 0.074917 0.052666 -0.443989
v 0.071037 0.047900 -0.453951
v 0.070822 0.040546 -0.463056
v 0.074304 0.031724 -0.469916
v 0.080953 0.022776 -0.473487
v 0.089756 0.015066 -0.473227
v 0.099374 0.009766 -0.469173
v 0.108342 0.007685 -0.461944
v 0.115295 0.009137 -0.452640
v 0.100394 -0.003006 -0.427164
v 0.101210 0.004889 -0.418561
v 0.098731 0.014614 -0.412537
v 0.093335 0.024690 -0.410010
v 0.085844 0.033581 -0.411364
v 0.077397 0.039935 -0.416394
v 0.069281 0.042784 -0.424333
v 0.062732 0.041695 -0.433973
v 0.058746 0.036832 -0.443847
v 0.057930 0.028938 -0.452450
v 0.060408 0.019212 -0.458474
v 0.065804 0.009137 -0.461001
v 0.073296 0.000245 -0.459647
v 0.081742 -0.006109 -0.454617
v 0.089858 -0.008958 -0.446678
v 0.096408 -0.007869 -0.437038
v 0.078650 -0.015560 -0.411752
v 0.080311 -0.007177 -0.403754
v 0.079104 0.003282 -0.398639
v 0.075211 0.014226 -0.397187
v 0.069225 0.023987 -0.399618
v 0.062058 0.031079 -0.405563
v 0.054801 0.034424 -0.414117
v 0.048558 0.033512 -0.423976
v 0.044280 0.028481 -0.433641
v 0.042618 0.020097 -0.441640
v 0.043826 0.009638 -0.446754
v 0.047719 -0.001305 -0.448206
v 0.053705 -0.011066 -0.445775
v 0.060872 -0.018159 -0.439830
v 0.068129 -0.021504 -0.431277
v 0.074372 -0.020591 -0.421417
v 0.054974 -0.023253 -0.396473
v 0.057714 -0.014520 -0.389176
v 0.057997 -0.003576 -0.385033
v 0.055782 0.007913 -0.384673
v 0.051404 0.018196 -0.388152
v 0.045532 0.025710 -0.394940
v 0.039058 0.029309 -0.404004
v 0.032969 0.028446 -0.413964
v 0.028191 0.023253 -0.423303
v 0.025451 0.014520 -0.430599
v 0.025168 0.003576 -0.434743
v 0.027383 -0.007913 -0.435102
v 0.031760 -0.018196 -0.431623
v 0.037633 -0.025710 -0.424835
v 0.044107 -0.029309 -0.415771
v 0.050196 -0.028446 -0.405812
v 0.030478 -0.025828 -0.381356
v 0.034486 -0.016961 -0.374850
v 0.036409 -0.005845 -0.371727
v 0.035955 0.005829 -0.372465
v 0.033192 0.016282 -0.376950
v 0.028541 0.023924 -0.384499
v 0.022711 0.027591 -0.393963
v 0.016588 0.026725 -0.403902
v 0.011105 0.021457 -0.412802
v 0.007096 0.012590 -0.419308
v 0.005173 0.001474 -0.422430
v 0.005627 -0.010199 -0.421692
v 0.008390 -0.020652 -0.417208
v 0.013041 -0.028294 -0.409658
v 0.018872 -0.031961 -0.400194
v 0.024995 -0.031095 -0.390256
v 0.006287 -0.023285 -0.366429
v 0.011691 -0.014565 -0.360792
v 0.015315 -0.003627 -0.358730
v 0.016608 0.007862 -0.360555
v 0.015372 0.018155 -0.365991
v 0.011796 0.025684 -0.374210
v 0.006424 0.029303 -0.383960
v 0.000074 0.028460 -0.393757
v -0.006287 0.023285 -0.402110
v -0.011691 0.014565 -0.407747
v -0.015315 0.003627 -0.409810
v -0.016608 -0.007862 -0.407984
v -0.015372 -0.018155 -0.402548
v -0.011796 -0.025684 -0.394330
v -0.006424 -0.029303 -0.384580
v -0.000074 -0.028460 -0.374782
v -0.016514 -0.015876 -0.351719
v -0.009671 -0.007624 -0.347020
v -0.004382 0.002773 -0.346041
v -0.001453 0.013731 -0.348933
v -0.001330 0.023582 -0.355254
v -0.004031 0.030826 -0.364042
v -0.009146 0.034361 -0.373960
v -0.015895 0.033649 -0.383497
v -0.023251 0.028797 -0.391202
v -0.030094 0.020545 -0.395902
v -0.035383 0.010148 -0.396880
v -0.038312 -0.000810 -0.393988
v -0.038435 -0.010661 -0.387667
v -0.035734 -0.017906 -0.378879
v -0.030619 -0.021441 -0.368961
v -0.023870 -0.020728 -0.359424
v -0.036942 -0.004082 -0.337248
v -0.028709 0.003367 -0.333543
v -0.021887 0.012879 -0.333661
v -0.017517 0.023005 -0.337583
v -0.016264 0.032204 -0.344713
v -0.018317 0.039074 -0.353965
v -0.023365 0.042571 -0.363930
v -0.030640 0.042162 -0.373092
v -0.039032 0.037908 -0.380055
v -0.047266 0.030459 -0.383760
v -0.054087 0.020947 -0.383642
v -0.058457 0.010821 -0.379720
v -0.059711 0.001622 -0.372590
v -0.057657 -0.005248 -0.363338
v -0.052609 -0.008745 -0.353373
v -0.045335 -0.008336 -0.344211
v -0.054161 0.011421 -0.323037
v -0.044680 0.017748 -0.320371
v -0.036546 0.026078 -0.321584
v -0.030996 0.035141 -0.326490
v -0.028876 0.043560 -0.334341
v -0.030508 0.050051 -0.343944
v -0.035644 0.053627 -0.353836
v -0.043502 0.053743 -0.362511
v -0.052886 0.050382 -0.368649
v -0.062367 0.044055 -0.371314
v -0.070501 0.035726 -0.370101
v -0.076051 0.026662 -0.365196
v -0.078171 0.018244 -0.357344
v -0.076539 0.011752 -0.347741
v -0.071402 0.008176 -0.337849
v -0.063544 0.008060 -0.329174
v -0.067517 0.029805 -0.309102
v -0.057020 0.034732 -0.307508
v -0.047861 0.041651 -0.309801
v -0.041434 0.049508 -0.315630
v -0.038719 0.057108 -0.324109
v -0.040129 0.063292 -0.333947
v -0.045448 0.067121 -0.343646
v -0.053868 0.068010 -0.351729
v -0.064105 0.065825 -0.356966
v -0.074603 0.060897 -0.358559
v -0.083762 0.053978 -0.356267
v -0.090189 0.046121 -0.350437
v -0.092904 0.038522 -0.341958
v -0.091494 0.032337 -0.332121
v -0.086175 0.028509 -0.322422
v -0.077755 0.027620 -0.314339
v -0.076569 0.050136 -0.295457
v -0.065355 0.053454 -0.294954
v -0.055505 0.058821 -0.298299
v -0.048519 0.065420 -0.304982
v -0.045459 0.072247 -0.313985
v -0.046793 0.078261 -0.323938
v -0.052316 0.082548 -0.333326
v -0.061189 0.084454 -0.340719
v -0.072060 0.083690 -0.344993
v -0.083274 0.080372 -0.345495
v -0.093124 0.075005 -0.342150
v -0.100110 0.068406 -0.335468
v -0.103170 0.061579 -0.326464
v -0.101836 0.055565 -0.316511
v -0.096313 0.051279 -0.307123
v -0.087440 0.049372 -0.299730
v -0.081096 0.071431 -0.282112
v -0.069513 0.073017 -0.282707
v -0.059324 0.076786 -0.287063
v -0.052078 0.082166 -0.294518
v -0.048879 0.088337 -0.303936
v -0.050215 0.094359 -0.313885
v -0.055881 0.099316 -0.322848
v -0.065015 0.102453 -0.329462
v -0.076226 0.103293 -0.332720
v -0.087809 0.101707 -0.332125
v -0.097998 0.097937 -0.327768
v -0.105244 0.092558 -0.320313
v -0.108443 0.086387 -0.310895
v -0.107107 0.080365 -0.300947
v -0.101441 0.075408 -0.291983
v -0.092307 0.072271 -0.285370
v -0.081096 0.092707 -0.269074
v -0.069513 0.092533 -0.270759
v -0.059324 0.094755 -0.276074
v -0.052078 0.099034 -0.284211
v -0.048879 0.104718 -0.293930
v -0.050215 0.110943 -0.303753
v -0.055881 0.116761 -0.312183
v -0.065015 0.121286 -0.317937
v -0.076226 0.123829 -0.320140
v -0.087809 0.124002 -0.318455
v -0.097998 0.121781 -0.313140
v -0.105244 0.117502 -0.305003
v -0.108443 0.111817 -0.295283
v -0.107107 0.105592 -0.285461
v -0.101441 0.099774 -0.277031
v -0.092307 0.095249 -0.271276
v -0.076776 0.113029 -0.256345
v -0.065553 0.111166 -0.259099
v -0.055663 0.111975 -0.265309
v -0.048613 0.115333 -0.274029
v -0.045476 0.120729 -0.283932
v -0.046729 0.127340 -0.293510
v -0.052182 0.134161 -0.301304
v -0.061004 0.140153 -0.306129
v -0.071853 0.144404 -0.307250
v -0.083076 0.146267 -0.304496
v -0.092966 0.145458 -0.298286
v -0.100016 0.142100 -0.289566
v -0.103153 0.136704 -0.279664
v -0.101900 0.130093 -0.270086
v -0.096447 0.123272 -0.262291
v -0.087625 0.117280 -0.257466
v -0.068528 0.131554 -0.243925
v -0.057985 0.128163 -0.247715
v -0.048634 0.127764 -0.254744
v -0.041897 0.130418 -0.263942
v -0.038802 0.135720 -0.273908
v -0.039818 0.142864 -0.283125
v -0.044792 0.150761 -0.290190
v -0.052965 0.158210 -0.294027
v -0.063094 0.164076 -0.294052
v -0.073637 0.167467 -0.290262
v -0.082989 0.167865 -0.283233
v -0.089725 0.165212 -0.274036
v -0.092821 0.159909 -0.264070
v -0.091805 0.152766 -0.254853
v -0.086831 0.144869 -0.247788
v -0.078658 0.137420 -0.243950
v -0.056897 0.147562 -0.231809
v -0.047294 0.142878 -0.236589
v -0.038639 0.141521 -0.244352
v -0.032250 0.143696 -0.253916
v -0.029100 0.149074 -0.263824
v -0.029668 0.156835 -0.272569
v -0.033867 0.165797 -0.278818
v -0.041059 0.174597 -0.281621
v -0.050149 0.181894 -0.280551
v -0.059753 0.186578 -0.275770
v -0.068408 0.187935 -0.268007
v -0.074797 0.185759 -0.258444
v -0.077947 0.180382 -0.248535
v -0.077379 0.172621 -0.239791
v -0.073179 0.163659 -0.233541
v -0.065987 0.154859 -0.230738
v -0.042547 0.160483 -0.219988
v -0.034062 0.154793 -0.225701
v -0.026174 0.152744 -0.234103
v -0.020085 0.154649 -0.243917
v -0.016722 0.160219 -0.253648
v -0.016596 0.168604 -0.261814
v -0.019726 0.178529 -0.267172
v -0.025637 0.188483 -0.268907
v -0.033428 0.196950 -0.266754
v -0.041913 0.202640 -0.261041
v -0.049800 0.204689 -0.252638
v -0.055889 0.202784 -0.242824
v -0.059253 0.197214 -0.233094
v -0.059379 0.188829 -0.224928
v -0.056248 0.178904 -0.219569
v -0.050338 0.168950 -0.217835
v -0.026219 0.169910 -0.208450
v -0.018941 0.163523 -0.215026
v -0.011806 0.161040 -0.223967
v -0.005900 0.162839 -0.233912
v -0.002123 0.168647 -0.243347
v -0.001050 0.177580 -0.250836
v -0.002844 0.188276 -0.255238
v -0.007232 0.199109 -0.255883
v -0.013546 0.208429 -0.252673
v -0.020824 0.214816 -0.246098
v -0.027959 0.217299 -0.237157
v -0.033865 0.215499 -0.227212
v -0.037642 0.209691 -0.217777
v -0.038715 0.200759 -0.210288
v -0.036921 0.190062 -0.205886
v -0.032533 0.179230 -0.205241
v -0.008700 0.175602 -0.197181
v -0.002624 0.168824 -0.204540
v 0.003851 0.166127 -0.213911
v 0.009740 0.167921 -0.223866
v 0.014146 0.173934 -0.232891
v 0.016399 0.183249 -0.239611
v 0.016155 0.194450 -0.243004
v 0.013452 0.205830 -0.242552
v 0.008700 0.215657 -0.238325
v 0.002624 0.222435 -0.230966
v -0.003851 0.225132 -0.221595
v -0.009740 0.223338 -0.211639
v -0.014146 0.217325 -0.202614
v -0.016399 0.208010 -0.195894
v -0.016155 0.196809 -0.192502
v -0.013452 0.185429 -0.192953
v 0.009219 0.177486 -0.186160
v 0.014181 0.170590 -0.194214
v 0.020148 0.167840 -0.203901
v 0.026214 0.169653 -0.213746
v 0.031454 0.175753 -0.222252
v 0.035071 0.185212 -0.228122
v 0.036514 0.196589 -0.230464
v 0.035563 0.208154 -0.228921
v 0.032363 0.218144 -0.223727
v 0.027402 0.225039 -0.215674
v 0.021434 0.227790 -0.205987
v 0.015368 0.225977 -0.196141
v 0.010128 0.219877 -0.187636
v 0.006511 0.210418 -0.181765
v 0.005069 0.199040 -0.179423
v 0.006019 0.187476 -0.180967
v 0.026773 0.175641 -0.175368
v 0.030777 0.168846 -0.184018
v 0.036426 0.166129 -0.193903
v 0.042860 0.167903 -0.203520
v 0.049099 0.173898 -0.211403
v 0.054194 0.183202 -0.216353
v 0.057369 0.194397 -0.217615
v 0.058141 0.205781 -0.214999
v 0.056392 0.215618 -0.208902
v 0.052388 0.222413 -0.200252
v 0.046739 0.225130 -0.190366
v 0.040305 0.223356 -0.180750
v 0.034066 0.217361 -0.172867
v 0.028971 0.208057 -0.167917
v 0.025796 0.196862 -0.166654
v 0.025024 0.185478 -0.169271
v 0.043248 0.170288 -0.164778
v 0.046497 0.163738 -0.173920
v 0.052024 0.161061 -0.183885
v 0.058989 0.162662 -0.193155
v 0.066331 0.168299 -0.200320
v 0.072932 0.177114 -0.204289
v 0.077787 0.187763 -0.204458
v 0.080157 0.198627 -0.200800
v 0.079682 0.208051 -0.193873
v 0.076433 0.214600 -0.184732
v 0.070905 0.217278 -0.174767
v 0.063940 0.215676 -0.165497
v 0.056599 0.210039 -0.158332
v 0.049998 0.201225 -0.154363
v 0.045143 0.190575 -0.154194
v 0.042772 0.179712 -0.157852
v 0.058003 0.161769 -0.154365
v 0.060719 0.155527 -0.163888
v 0.066306 0.152815 -0.173811
v 0.073911 0.154047 -0.182623
v 0.082378 0.159034 -0.188983
v 0.090418 0.167018 -0.191923
v 0.096806 0.176783 -0.190995
v 0.100569 0.186842 -0.186341
v 0.101136 0.195664 -0.178668
v 0.098420 0.201906 -0.169146
v 0.092834 0.204618 -0.159223
v 0.085228 0.203386 -0.150411
v 0.076761 0.198399 -0.144051
v 0.068722 0.190415 -0.141111
v 0.062334 0.180650 -0.142039
v 0.058570 0.170591 -0.146693
v 0.070488 0.150527 -0.144100
v 0.072886 0.144572 -0.153888
v 0.078667 0.141685 -0.163648
v 0.086950 0.142307 -0.171895
v 0.096475 0.146342 -0.177374
v 0.105792 0.153175 -0.179249
v 0.113481 0.161768 -0.177236
v 0.118373 0.170811 -0.171641
v 0.119723 0.178928 -0.163316
v 0.117325 0.184884 -0.153528
v 0.111545 0.187770 -0.143768
v 0.103261 0.187149 -0.135520
v 0.093736 0.183114 -0.130042
v 0.084420 0.176280 -0.128167
v 0.076730 0.167688 -0.130180
v 0.071838 0.158644 -0.135775
v 0.080252 0.137088 -0.133950
v 0.082511 0.131324 -0.143885
v 0.088558 0.128071 -0.153365
v 0.097472 0.127824 -0.160947
v 0.107897 0.130621 -0.165477
v 0.118245 0.136034 -0.166266
v 0.126941 0.143242 -0.163192
v 0.132662 0.151145 -0.156724
v 0.134535 0.158542 -0.147847
v 0.132276 0.164305 -0.137913
v 0.126230 0.167558 -0.128432
v 0.117315 0.167805 -0.120850
v 0.106890 0.165009 -0.116320
v 0.096542 0.159595 -0.115532
v 0.087846 0.152388 -0.118606
v 0.082126 0.144484 -0.125074
v 0.086954 0.122036 -0.123885
v 0.089195 0.116312 -0.133847
v 0.095502 0.112476 -0.142931
v 0.104913 0.111112 -0.149757
v 0.115996 0.112429 -0.153283
v 0.127065 0.116225 -0.152975
v 0.136433 0.121923 -0.148877
v 0.142675 0.128656 -0.141615
v 0.144840 0.135397 -0.132294
v 0.142599 0.141121 -0.122333
v 0.136292 0.144957 -0.113249
v 0.126881 0.146321 -0.106423
v 0.115797 0.145004 -0.102896
v 0.104729 0.141208 -0.103205
v 0.095361 0.135510 -0.107302
v 0.089119 0.128777 -0.114564
v 0.090362 0.106000 -0.113871
v 0.092635 0.100127 -0.123738
v 0.099111 0.095493 -0.132317
v 0.108805 0.092804 -0.138303
v 0.120239 0.092469 -0.140784
v 0.131674 0.094539 -0.139382
v 0.141369 0.098700 -0.134311
v 0.147848 0.104317 -0.126343
v 0.150124 0.110535 -0.116690
v 0.147851 0.116408 -0.106824
v 0.141375 0.121042 -0.098244
v 0.131682 0.123731 -0.092259
v 0.120248 0.124066 -0.089778
v 0.108812 0.121996 -0.091180
v 0.099117 0.117836 -0.096251
v 0.092639 0.112219 -0.104219
v 0.090362 0.089634 -0.103874
v 0.092635 0.083415 -0.113527
v 0.099111 0.077797 -0.121497
v 0.108804 0.073636 -0.126571
v 0.120239 0.071564 -0.127975
v 0.131674 0.071897 -0.125497
v 0.141369 0.074584 -0.119514
v 0.147848 0.079217 -0.110936
v 0.150124 0.085090 -0.101070
v 0.147851 0.091309 -0.091417
v 0.141375 0.096926 -0.083447
v 0.131682 0.101088 -0.078373
v 0.120248 0.103160 -0.076969
v 0.108812 0.102827 -0.079447
v 0.099117 0.100139 -0.085430
v 0.092639 0.095507 -0.094008
v 0.086954 0.073598 -0.093860
v 0.089116 0.066857 -0.103182
v 0.095355 0.060125 -0.110446
v 0.104721 0.054425 -0.114546
v 0.115789 0.050627 -0.114857
v 0.126873 0.049309 -0.111333
v 0.136286 0.050670 -0.104510
v 0.142595 0.054505 -0.095427
v 0.144840 0.060228 -0.085466
v 0.142678 0.066969 -0.076144
v 0.136439 0.073702 -0.068880
v 0.127072 0.079401 -0.064780
v 0.116005 0.083199 -0.064468
v 0.104921 0.084517 -0.067992
v 0.095507 0.083156 -0.074816
v 0.089198 0.079322 -0.083899
v 0.080253 0.058547 -0.083795
v 0.082123 0.051151 -0.092673
v 0.087841 0.043247 -0.099143
v 0.096535 0.036039 -0.102220
v 0.106883 0.030624 -0.101434
v 0.117308 0.027825 -0.096907
v 0.126224 0.028070 -0.089327
v 0.132273 0.031321 -0.079847
v 0.134535 0.037083 -0.069912
v 0.132664 0.044479 -0.061034
v 0.126947 0.052382 -0.054564
v 0.118252 0.059590 -0.051488
v 0.107905 0.065006 -0.052273
v 0.097479 0.067804 -0.056801
v 0.088563 0.067559 -0.064381
v 0.082514 0.064309 -0.073860
v 0.070488 0.045108 -0.073646
v 0.071836 0.036992 -0.081973
v 0.076725 0.027949 -0.087570
v 0.084413 0.019355 -0.089586
v 0.093729 0.012519 -0.087713
v 0.103255 0.008482 -0.082238
v 0.111539 0.007859 -0.073992
v 0.117322 0.010743 -0.064232
v 0.119723 0.016696 -0.054444
v 0.118376 0.024812 -0.046117
v 0.113486 0.033855 -0.040520
v 0.105798 0.042448 -0.038504
v 0.096482 0.049284 -0.040376
v 0.086957 0.053321 -0.045852
v 0.078672 0.053945 -0.054098
v 0.072889 0.051061 -0.063858
v 0.058004 0.033866 -0.063381
v 0.058568 0.025046 -0.071055
v 0.062330 0.014987 -0.075712
v 0.068716 0.005221 -0.076643
v 0.076755 -0.002764 -0.073706
v 0.085222 -0.007754 -0.067347
v 0.092829 -0.008989 -0.058537
v 0.098417 -0.006280 -0.048614
v 0.101136 -0.000040 -0.039091
v 0.100571 0.008780 -0.031417
v 0.096809 0.018839 -0.026760
v 0.090423 0.028605 -0.025829
v 0.082384 0.036590 -0.028766
v 0.073917 0.041580 -0.035124
v 0.066311 0.042815 -0.043935
v 0.060723 0.040106 -0.053858
v 0.043249 0.025348 -0.052968
v 0.042772 0.015925 -0.059897
v 0.045140 0.005062 -0.063557
v 0.049993 -0.005588 -0.063392
v 0.056593 -0.014404 -0.059425
v 0.063935 -0.020044 -0.052262
v 0.070901 -0.021649 -0.042993
v 0.076430 -0.018974 -0.033028
v 0.079681 -0.012427 -0.023886
v 0.080158 -0.003005 -0.016957
v 0.077790 0.007858 -0.013297
v 0.072936 0.018509 -0.013462
v 0.066336 0.027325 -0.017429
v 0.058995 0.032965 -0.024592
v 0.052029 0.034569 -0.033861
v 0.046500 0.031895 -0.043826
v 0.026775 0.019995 -0.042379
v 0.025024 0.010159 -0.048479
v 0.025794 -0.001224 -0.051098
v 0.028968 -0.012420 -0.049838
v 0.034061 -0.021726 -0.044891
v 0.040300 -0.027724 -0.037009
v 0.046735 -0.029501 -0.027394
v 0.052384 -0.026787 -0.017508
v 0.056390 -0.019995 -0.008856
v 0.058141 -0.010159 -0.002757
v 0.057371 0.001224 -0.000138
v 0.054197 0.012420 -0.001398
v 0.049103 0.021726 -0.006345
v 0.042864 0.027724 -0.014227
v 0.036430 0.029501 -0.023842
v 0.030780 0.026787 -0.033728
v 0.009222 0.018150 -0.031587
v 0.006021 0.008162 -0.036784
v 0.005068 -0.003402 -0.038330
v 0.006509 -0.014780 -0.035991
v 0.010125 -0.024241 -0.030122
v 0.015364 -0.030344 -0.021618
v 0.021429 -0.032161 -0.011773
v 0.027398 -0.029413 -0.002085
v 0.032360 -0.022521 0.005970
v 0.035561 -0.012532 0.011166
v 0.036514 -0.000968 0.012712
v 0.035073 0.010410 0.010373
v 0.031458 0.019871 0.004504
v 0.026218 0.025974 -0.004000
v 0.020153 0.027790 -0.013845
v 0.014185 0.025043 -0.023532
v -0.010026 0.020254 -0.019729
v -0.013985 0.010306 -0.024458
v -0.015815 -0.001212 -0.025464
v -0.015237 -0.012545 -0.022593
v -0.012340 -0.021968 -0.016282
v -0.007564 -0.028047 -0.007493
v -0.001636 -0.029856 0.002437
v 0.004540 -0.027120 0.011996
v 0.010026 -0.020254 0.019729
v 0.013985 -0.010306 0.024458
v 0.015815 0.001212 0.025464
v 0.015237 0.012545 0.022593
v 0.012340 0.021968 0.016282
v 0.007564 0.028047 0.007493
v 0.001636 0.029856 -0.002437
v -0.004540 0.027120 -0.011996
vn 0.0988 -0.9397 0.3274
vn 0.0309 -0.9301 0.3660
vn -0.1815 -0.9823 0.0473
vn -0.1082 -0.9941 0.0021
vn 0.2913 -0.7424 0.6033
vn 0.2390 -0.7387 0.6303
vn 0.4393 -0.4316 0.7879
vn 0.4113 -0.4358 0.8006
vn 0.5194 -0.0544 0.8528
vn 0.5216 -0.0660 0.8506
vn 0.5190 0.3312 0.7880
vn 0.5522 0.3154 0.7717
vn 0.4384 0.6659 0.6037
vn 0.4977 0.6501 0.5741
vn 0.2911 0.8987 0.3281
vn 0.3659 0.8853 0.2869
vn 0.1002 0.9950 0.0029
vn 0.1770 0.9831 -0.0459
vn -0.1053 0.9404 -0.3233
vn -0.0391 0.9276 -0.3716
vn -0.2949 0.7429 -0.6009
vn -0.2486 0.7281 -0.6388
vn -0.4404 0.4318 -0.7871
vn -0.4193 0.4173 -0.8063
vn -0.5198 0.0545 -0.8526
vn -0.5258 0.0443 -0.8494
vn -0.5208 -0.3309 -0.7870
vn -0.5528 -0.3338 -0.7636
vn -0.4431 -0.6652 -0.6010
vn -0.4968 -0.6605 -0.5630
vn -0.2983 -0.8979 -0.3238
vn -0.3665 -0.8877 -0.2785
vn -0.0948 -0.8899 0.4462
vn -0.3234 -0.9361 0.1383
vn 0.1483 -0.7103 0.6881
vn 0.3697 -0.4232 0.8272
vn 0.5358 -0.0706 0.8414
vn 0.6206 0.2942 0.7269
vn 0.6101 0.6148 0.4998
vn 0.5052 0.8408 0.1945
vn 0.3217 0.9362 -0.1415
vn 0.0882 0.8860 -0.4552
vn -0.1586 0.6988 -0.6975
vn -0.3803 0.4048 -0.8316
vn -0.5431 0.0503 -0.8382
vn -0.6230 -0.3106 -0.7179
vn -0.6088 -0.6236 -0.4904
vn -0.5036 -0.8428 -0.1901
vn -0.2031 -0.8281 0.5225
vn -0.4519 -0.8622 0.2288
vn 0.0766 -0.6696 0.7387
vn 0.3456 -0.4095 0.8443
vn 0.5631 -0.0860 0.8219
vn 0.6950 0.2519 0.6734
vn 0.7203 0.5520 0.4202
vn 0.6339 0.7668 0.1010
vn 0.4489 0.8624 -0.2340
vn 0.1942 0.8240 -0.5322
vn -0.0900 0.6585 -0.7472
vn -0.3594 0.3925 -0.8466
vn -0.5730 0.0679 -0.8167
vn -0.6992 -0.2658 -0.6637
vn -0.7200 -0.5587 -0.4117
vn -0.6331 -0.7677 -0.0987
vn -0.2887 -0.7519 0.5927
vn -0.5591 -0.7663 0.3166
vn 0.0257 -0.6245 0.7806
vn 0.3372 -0.4021 0.8512
vn 0.5986 -0.1174 0.7924
vn 0.7690 0.1863 0.6115
vn 0.8211 0.4620 0.3353
vn 0.7457 0.6662 0.0064
vn 0.5544 0.7668 -0.3236
vn 0.2772 0.7483 -0.6026
vn -0.0420 0.6146 -0.7877
vn -0.3537 0.3874 -0.8514
vn -0.6104 0.1021 -0.7855
vn -0.7740 -0.1975 -0.6016
vn -0.8212 -0.4669 -0.3282
vn -0.7457 -0.6663 -0.0062
vn -0.3497 -0.6690 0.6558
vn -0.6404 -0.6552 0.4007
vn -0.0057 -0.5821 0.8131
vn 0.3404 -0.4065 0.8478
vn 0.6360 -0.1680 0.7532
vn 0.8347 0.0971 0.5421
vn 0.9047 0.3476 0.2462
vn 0.8342 0.5443 -0.0884
vn 0.6340 0.6563 -0.4091
vn 0.3358 0.6666 -0.6655
vn -0.0133 0.5743 -0.8185
vn -0.3589 0.3947 -0.8458
vn -0.6487 0.1559 -0.7449
vn -0.8399 -0.1057 -0.5323
vn -0.9049 -0.3509 -0.2408
vn -0.8349 -0.5436 0.0863
vn -0.3870 -0.5869 0.7111
vn -0.6937 -0.5369 0.4801
vn -0.0210 -0.5485 0.8359
vn 0.3496 -0.4266 0.8342
vn 0.6681 -0.2388 0.7047
vn 0.8847 -0.0136 0.4659
vn 0.9646 0.2139 0.1541
vn 0.8945 0.4082 -0.1820
vn 0.6855 0.5391 -0.4894
vn 0.3707 0.5864 -0.7202
vn 0.0001 0.5436 -0.8394
vn -0.3691 0.4181 -0.8301
vn -0.6809 0.2297 -0.6954
vn -0.8895 0.0073 -0.4568
vn -0.9648 -0.2158 -0.1506
vn -0.8961 -0.4066 0.1779
vn -0.4035 -0.5124 0.7580
vn -0.7194 -0.4192 0.5538
vn -0.0255 -0.5285 0.8486
vn 0.3579 -0.4640 0.8103
vn 0.6878 -0.3281 0.6475
vn 0.9125 -0.1413 0.3839
vn 0.9959 0.0676 0.0600
vn 0.9244 0.2661 -0.2734
vn 0.7094 0.4231 -0.5637
vn 0.3854 0.5145 -0.7660
vn 0.0035 0.5269 -0.8500
vn -0.3774 0.4590 -0.8043
vn -0.6999 0.3219 -0.6376
vn -0.9165 0.1369 -0.3759
vn -0.9959 -0.0683 -0.0586
vn -0.9269 -0.2633 0.2674
vn -0.4040 -0.4510 0.7959
vn -0.7201 -0.3095 0.6210
vn -0.0256 -0.5245 0.8510
vn 0.3583 -0.5183 0.7765
vn 0.6885 -0.4324 0.5822
vn 0.9130 -0.2795 0.2970
vn 0.9959 -0.0831 -0.0349
vn 0.9239 0.1262 -0.3613
vn 0.7087 0.3157 -0.6310
vn 0.3849 0.4562 -0.8023
vn 0.0035 0.5264 -0.8502
vn -0.3769 0.5164 -0.7690
vn -0.6992 0.4285 -0.5723
vn -0.9160 0.2766 -0.2906
vn -0.9959 0.0835 0.0341
vn -0.9274 -0.1220 0.3537
vn -0.3948 -0.4059 0.8242
vn -0.7005 -0.2140 0.6809
vn -0.0281 -0.5369 0.8432
vn 0.3444 -0.5863 0.7332
vn 0.6652 -0.5456 0.5097
vn 0.8835 -0.4205 0.2065
vn 0.9646 -0.2299 -0.1293
vn 0.8957 -0.0036 -0.4447
vn 0.6883 0.2229 -0.6904
vn 0.3757 0.4146 -0.8288
vn 0.0070 0.5422 -0.8402
vn -0.3613 0.5871 -0.7244
vn -0.6741 0.5435 -0.5002
vn -0.8854 0.4187 -0.2018
vn -0.9646 0.2314 0.1263
vn -0.9000 0.0096 0.4359
vn -0.3830 -0.3786 0.8426
vn -0.6668 -0.1368 0.7326
vn -0.0397 -0.5637 0.8250
vn 0.3109 -0.6632 0.6808
vn 0.6147 -0.6607 0.4309
vn 0.8235 -0.5559 0.1133
vn 0.9043 -0.3645 -0.2221
vn 0.8446 -0.1167 -0.5225
vn 0.6545 0.1488 -0.7412
vn 0.3648 0.3906 -0.8452
vn 0.0206 0.5719 -0.8201
vn -0.3254 0.6660 -0.6712
vn -0.6216 0.6598 -0.4222
vn -0.8245 0.5549 -0.1107
vn -0.9044 0.3674 0.2171
vn -0.8493 0.1249 0.5129
vn -0.3752 -0.3677 0.8509
vn -0.6261 -0.0798 0.7756
vn -0.0661 -0.6006 0.7968
vn 0.2544 -0.7422 0.6200
vn 0.5363 -0.7696 0.3466
vn 0.7353 -0.6775 0.0187
vn 0.8198 -0.4801 -0.3121
vn 0.7771 -0.2083 -0.5939
vn 0.6148 0.0950 -0.7830
vn 0.3589 0.3826 -0.8513
vn 0.0495 0.6110 -0.7901
vn -0.2663 0.7462 -0.6101
vn -0.5414 0.7692 -0.3393
vn -0.7354 0.6774 -0.0183
vn -0.8197 0.4845 0.3054
vn -0.7817 0.2191 0.5839
vn -0.3776 -0.3699 0.8489
vn -0.5857 -0.0428 0.8094
vn -0.1110 -0.6417 0.7588
vn 0.1736 -0.8159 0.5515
vn 0.4319 -0.8642 0.2580
vn 0.6232 -0.7783 -0.0761
vn 0.7176 -0.5714 -0.3982
vn 0.7008 -0.2761 -0.6578
vn 0.5761 0.0608 -0.8151
vn 0.3640 0.3871 -0.8471
vn 0.0975 0.6534 -0.7507
vn -0.1829 0.8204 -0.5417
vn -0.4354 0.8642 -0.2523
vn -0.6226 0.7790 0.0743
vn -0.7171 0.5776 0.3900
vn -0.7045 0.2896 0.6480
vn -0.3948 -0.3799 0.8365
vn -0.5521 -0.0230 0.8335
vn -0.1764 -0.6802 0.7115
vn 0.0699 -0.8766 0.4762
vn 0.3056 -0.9375 0.1662
vn 0.4939 -0.8527 -0.1699
vn 0.6054 -0.6354 -0.4793
vn 0.6231 -0.3202 -0.7136
vn 0.5451 0.0432 -0.8372
vn 0.3844 0.3986 -0.8327
vn 0.1660 0.6923 -0.7023
vn -0.0768 0.8809 -0.4670
vn -0.3077 0.9375 -0.1624
vn -0.4925 0.8543 0.1661
vn -0.6040 0.6436 0.4701
vn -0.6252 0.3361 0.7044
vn -0.4292 -0.3914 0.8140
vn -0.5306 -0.0158 0.8475
vn -0.2615 -0.7086 0.6554
vn -0.0531 -0.9172 0.3948
vn 0.1637 -0.9839 0.0723
vn 0.3551 -0.8975 -0.2616
vn 0.4913 -0.6718 -0.5544
vn 0.5514 -0.3429 -0.7605
vn 0.5268 0.0375 -0.8492
vn 0.4222 0.4105 -0.8082
vn 0.2541 0.7202 -0.6456
vn 0.0482 0.9209 -0.3867
vn -0.1646 0.9838 -0.0706
vn -0.3527 0.9001 0.2559
vn -0.4884 0.6818 0.5446
vn -0.5511 0.3608 0.7524
vn -0.4810 -0.3973 0.7815
vn -0.5245 -0.0151 0.8513
vn -0.3635 -0.7200 0.5912
vn -0.1896 -0.9321 0.3086
vn 0.0138 -0.9997 -0.0225
vn 0.2151 -0.9117 -0.3501
vn 0.3829 -0.6824 -0.6226
vn 0.4913 -0.3487 -0.7981
vn 0.5242 0.0372 -0.8508
vn 0.4773 0.4158 -0.7741
vn 0.3586 0.7305 -0.5812
vn 0.1863 0.9350 -0.3019
vn -0.0136 0.9997 0.0220
vn -0.2115 0.9154 0.3427
vn -0.3780 0.6941 0.6127
vn -0.4880 0.3680 0.7915
vn -0.5482 -0.3908 0.7394
vn -0.5349 -0.0140 0.8448
vn -0.4772 -0.7088 0.5196
vn -0.3323 -0.9175 0.2185
vn -0.1356 -0.9838 -0.1171
vn 0.0821 -0.8971 -0.4341
vn 0.2868 -0.6717 -0.6831
vn 0.4469 -0.3436 -0.8260
vn 0.5382 0.0356 -0.8421
vn 0.5474 0.4079 -0.7307
vn 0.4742 0.7177 -0.5100
vn 0.3302 0.9194 -0.2136
vn 0.1370 0.9839 0.1144
vn -0.0767 0.9017 0.4254
vn -0.2792 0.6844 0.6735
vn -0.4402 0.3634 0.8211
vn -0.6264 -0.3661 0.6882
vn -0.5607 -0.0059 0.8280
vn -0.5958 -0.6709 0.4415
vn -0.4728 -0.8722 0.1256
vn -0.2762 -0.9378 -0.2101
vn -0.0368 -0.8578 -0.5127
vn 0.2078 -0.6453 -0.7351
vn 0.4199 -0.3346 -0.8437
vn 0.5671 0.0259 -0.8233
vn 0.6279 0.3811 -0.6786
vn 0.5942 0.6780 -0.4327
vn 0.4717 0.8732 -0.1227
vn 0.2789 0.9381 0.2054
vn 0.0444 0.8630 0.5032
vn -0.1972 0.6584 0.7263
vn -0.4097 0.3538 0.8408
vn -0.7095 -0.3190 0.6284
vn -0.5984 0.0154 0.8011
vn -0.7113 -0.6049 0.3579
vn -0.6029 -0.7972 0.0311
vn -0.4006 -0.8656 -0.3006
vn -0.1363 -0.7995 -0.5850
vn 0.1485 -0.6104 -0.7781
vn 0.4095 -0.3285 -0.8511
vn 0.6072 0.0022 -0.7946
vn 0.7125 0.3315 -0.6185
vn 0.7106 0.6102 -0.3503
vn 0.6026 0.7975 -0.0304
vn 0.4048 0.8658 0.2940
vn 0.1463 0.8049 0.5750
vn -0.1347 0.6230 0.7705
vn -0.3962 0.3462 0.8504
vn -0.7901 -0.2473 0.5609
vn -0.6425 0.0545 0.7643
vn -0.8158 -0.5115 0.2698
vn -0.7149 -0.6964 -0.0637
vn -0.5027 -0.7729 -0.3872
vn -0.2129 -0.7296 -0.6499
vn 0.1090 -0.5742 -0.8115
vn 0.4129 -0.3316 -0.8483
vn 0.6530 -0.0397 -0.7563
vn 0.7938 0.2573 -0.5510
vn 0.8155 0.5151 -0.2639
vn 0.7154 0.6959 0.0623
vn 0.5087 0.7729 0.3792
vn 0.2256 0.7345 0.6401
vn -0.0921 0.5853 0.8055
vn -0.3970 0.3469 0.8497
vn -0.8605 -0.1516 0.4864
vn -0.6864 0.1139 0.7182
vn -0.9016 -0.3940 0.1783
vn -0.8026 -0.5753 -0.1578
vn -0.5788 -0.6671 -0.4690
vn -0.2658 -0.6556 -0.7068
vn 0.0870 -0.5435 -0.8349
vn 0.4252 -0.3489 -0.8351
vn 0.6977 -0.1022 -0.7091
vn 0.8643 0.1591 -0.4771
vn 0.9015 0.3962 -0.1743
vn 0.8041 0.5741 0.1542
vn 0.5868 0.6665 0.4599
vn 0.2812 0.6591 0.6975
vn -0.0677 0.5523 0.8309
vn -0.4076 0.3612 0.8387
vn -0.9133 -0.0345 0.4058
vn -0.7228 0.1941 0.6632
vn -0.9624 -0.2580 0.0846
vn -0.8618 -0.4414 -0.2498
vn -0.6274 -0.5562 -0.5450
vn -0.2966 -0.5849 -0.7549
vn 0.0785 -0.5239 -0.8482
vn 0.4402 -0.3833 -0.8120
vn 0.7339 -0.1853 -0.6534
vn 0.9167 0.0400 -0.3975
vn 0.9623 0.2590 -0.0827
vn 0.8644 0.4394 0.2443
vn 0.6374 0.5543 0.5352
vn 0.3143 0.5863 0.7467
vn -0.0573 0.5297 0.8462
vn -0.4217 0.3922 0.8175
vn -0.9422 0.0987 0.3201
vn -0.7445 0.2927 0.6000
vn -0.9938 -0.1107 -0.0101
vn -0.8908 -0.3030 -0.3388
vn -0.6497 -0.4481 -0.6141
vn -0.3091 -0.5238 -0.7938
vn 0.0775 -0.5192 -0.8511
vn 0.4508 -0.4357 -0.7791
vn 0.7548 -0.2867 -0.5900
vn 0.9449 -0.0950 -0.3132
vn 0.9938 0.1106 0.0099
vn 0.8946 0.2998 0.3315
vn 0.6615 0.4443 0.6042
vn 0.3284 0.5224 0.7869
vn -0.0555 0.5216 0.8514
vn -0.4326 0.4412 0.7863
vn -0.9427 0.2414 0.2304
vn -0.7453 0.4055 0.5293
vn -0.9937 0.0397 -0.1048
vn -0.8902 -0.1681 -0.4234
vn -0.6490 -0.3497 -0.6757
vn -0.3087 -0.4770 -0.8229
vn 0.0774 -0.5310 -0.8438
vn 0.4502 -0.5043 -0.7369
vn 0.7541 -0.4016 -0.5196
vn 0.9445 -0.2390 -0.2252
vn 0.9939 -0.0409 0.1024
vn 0.8951 0.1634 0.4149
vn 0.6622 0.3435 0.6660
vn 0.3289 0.4723 0.8178
vn -0.0556 0.5299 0.8462
vn -0.4331 0.5068 0.7454
vn -0.9124 0.3855 0.1378
vn -0.7203 0.5262 0.4520
vn -0.9626 0.1848 -0.1981
vn -0.8632 -0.0445 -0.5028
vn -0.6306 -0.2666 -0.7288
vn -0.3020 -0.4471 -0.8419
vn 0.0713 -0.5587 -0.8263
vn 0.4324 -0.5853 -0.6859
vn 0.7275 -0.5239 -0.4431
vn 0.9134 -0.3842 -0.1346
vn 0.9630 -0.1872 0.1937
vn 0.8690 0.0377 0.4934
vn 0.6445 0.2574 0.7199
vn 0.3221 0.4389 0.8388
vn -0.0506 0.5543 0.8307
vn -0.4170 0.5853 0.6953
vn -0.8515 0.5225 0.0435
vn -0.6671 0.6471 0.3691
vn -0.9035 0.3166 -0.2890
vn -0.8152 0.0617 -0.5759
vn -0.6013 -0.2022 -0.7730
vn -0.2962 -0.4342 -0.8507
vn 0.0528 -0.5992 -0.7989
vn 0.3926 -0.6731 -0.6268
vn 0.6726 -0.6458 -0.3613
vn 0.8518 -0.5221 -0.0425
vn 0.9041 -0.3206 0.2827
vn 0.8213 -0.0710 0.5660
vn 0.6151 0.1898 0.7653
vn 0.3151 0.4227 0.8497
vn -0.0342 0.5921 0.8051
vn -0.3795 0.6713 0.6367
vn -0.7629 0.6445 -0.0514
vn -0.5857 0.7601 0.2815
vn -0.8215 0.4286 -0.3762
vn -0.7527 0.1465 -0.6419
vn -0.5682 -0.1575 -0.8077
vn -0.2976 -0.4362 -0.8492
vn 0.0170 -0.6475 -0.7618
vn 0.3282 -0.7606 -0.5602
vn 0.5895 -0.7594 -0.2753
vn 0.7626 -0.6449 0.0502
vn 0.8220 -0.4343 0.3683
vn 0.7586 -0.1584 0.6320
vn 0.5809 0.1419 0.8015
vn 0.3145 0.4218 0.8504
vn -0.0011 0.6384 0.7697
vn -0.3176 0.7577 0.5701
vn -0.6515 0.7445 -0.1456
vn -0.4783 0.8573 0.1904
vn -0.7234 0.5160 -0.4587
vn -0.6833 0.2080 -0.6999
vn -0.5384 -0.1311 -0.8324
vn -0.3119 -0.4488 -0.8374
vn -0.0391 -0.6973 -0.7158
vn 0.2389 -0.8401 -0.4870
vn 0.4806 -0.8569 -0.1861
vn 0.6506 -0.7460 0.1423
vn 0.7235 -0.5238 0.4497
vn 0.6882 -0.2227 0.6905
vn 0.5491 0.1127 0.8281
vn 0.3259 0.4323 0.8407
vn 0.0520 0.6871 0.7247
vn -0.2308 0.8368 0.4964
vn -0.5241 0.8177 -0.2380
vn -0.3497 0.9318 0.0969
vn -0.6171 0.5766 -0.5354
vn -0.6146 0.2470 -0.7492
vn -0.5179 -0.1195 -0.8470
vn -0.3428 -0.4662 -0.8156
vn -0.1164 -0.7412 -0.6611
vn 0.1268 -0.9041 -0.4081
vn 0.3508 -0.9316 -0.0947
vn 0.5224 -0.8203 0.2327
vn 0.6162 -0.5865 0.5257
vn 0.6177 -0.2642 0.7407
vn 0.5258 0.0990 0.8448
vn 0.3535 0.4486 0.8208
vn 0.1264 0.7308 0.6708
vn -0.1209 0.9010 0.4166
vn -0.3887 0.8612 -0.3274
vn -0.2066 0.9784 0.0022
vn -0.5105 0.6105 -0.6055
vn -0.5533 0.2663 -0.7893
vn -0.5113 -0.1174 -0.8513
vn -0.3918 -0.4817 -0.7839
vn -0.2135 -0.7720 -0.5987
vn -0.0036 -0.9459 -0.3244
vn 0.2066 -0.9784 -0.0022
vn 0.3860 -0.8651 0.3204
vn 0.5079 -0.6223 0.5956
vn 0.5538 -0.2855 0.7822
vn 0.5159 0.0957 0.8513
vn 0.3991 0.4638 0.7909
vn 0.2207 0.7621 0.6086
vn 0.0077 0.9434 0.3315
vn -0.2536 0.8748 -0.4127
vn -0.0568 0.9941 -0.0925
vn -0.4110 0.6203 -0.6681
vn -0.5047 0.2710 -0.8197
vn -0.5210 -0.1183 -0.8453
vn -0.4581 -0.4881 -0.7429
vn -0.3265 -0.7832 -0.5292
vn -0.1462 -0.9605 -0.2369
vn 0.0558 -0.9943 0.0904
vn 0.2495 -0.8799 0.4043
vn 0.4061 -0.6337 0.6584
vn 0.5020 -0.2914 0.8143
vn 0.5220 0.0964 0.8475
vn 0.4623 0.4710 0.7513
vn 0.3313 0.7745 0.5389
vn 0.1489 0.9587 0.2423
vn -0.1267 0.8609 -0.4928
vn 0.0911 0.9783 -0.1861
vn -0.3246 0.6105 -0.7224
vn -0.4721 0.2673 -0.8400
vn -0.5470 -0.1153 -0.8291
vn -0.5388 -0.4790 -0.6930
vn -0.4496 -0.7696 -0.4534
vn -0.2933 -0.9447 -0.1466
vn -0.0933 -0.9789 0.1819
vn 0.1207 -0.8670 0.4835
vn 0.3170 -0.6250 0.7134
vn 0.4660 -0.2880 0.8366
vn 0.5447 0.0942 0.8333
vn 0.5403 0.4634 0.7024
vn 0.4527 0.7624 0.4624
vn 0.2948 0.9437 0.1500
vn -0.0148 0.8237 -0.5668
vn 0.2289 0.9331 -0.2773
vn -0.2557 0.5875 -0.7678
vn -0.4566 0.2621 -0.8502
vn -0.5872 -0.1018 -0.8030
vn -0.6287 -0.4491 -0.6349
vn -0.5756 -0.7281 -0.3723
vn -0.4367 -0.8980 -0.0545
vn -0.2326 -0.9340 0.2712
vn 0.0063 -0.8305 0.5569
vn 0.2448 -0.6022 0.7599
vn 0.4470 -0.2820 0.8489
vn 0.5819 0.0824 0.8090
vn 0.6281 0.4356 0.6448
vn 0.5774 0.7225 0.3802
vn 0.4372 0.8976 0.0558
vn 0.0774 0.7697 -0.6337
vn 0.3496 0.8629 -0.3650
vn -0.2060 0.5583 -0.8037
vn -0.4568 0.2623 -0.8500
vn -0.6373 -0.0723 -0.7672
vn -0.7211 -0.3949 -0.5693
vn -0.6966 -0.6577 -0.2868
vn -0.5682 -0.8220 0.0381
vn -0.3550 -0.8639 0.3574
vn -0.0885 -0.7766 0.6238
vn 0.1919 -0.5722 0.7973
vn 0.4442 -0.2804 0.8509
vn 0.6297 0.0554 0.7748
vn 0.7191 0.3839 0.5792
vn 0.6976 0.6537 0.2931
vn 0.5678 0.8223 -0.0390
vn 0.1471 0.7060 -0.6928
vn 0.4476 0.7738 -0.4482
vn -0.1751 0.5299 -0.8298
vn -0.4693 0.2737 -0.8395
vn -0.6912 -0.0230 -0.7223
vn -0.8085 -0.3154 -0.4969
vn -0.8045 -0.5600 -0.1979
vn -0.6805 -0.7210 0.1303
vn -0.4550 -0.7745 0.4394
vn -0.1611 -0.7122 0.6833
vn 0.1580 -0.5423 0.8252
vn 0.4542 -0.2893 0.8426
vn 0.6822 0.0089 0.7311
vn 0.8059 0.3067 0.5064
vn 0.8051 0.5575 0.2024
vn 0.6791 0.7218 -0.1334
vn 0.1941 0.6402 -0.7433
vn 0.5198 0.6734 -0.5258
vn -0.1602 0.5090 -0.8457
vn -0.4886 0.3009 -0.8190
vn -0.7420 0.0479 -0.6687
vn -0.8831 -0.2115 -0.4187
vn -0.8921 -0.4390 -0.1067
vn -0.7681 -0.6010 0.2210
vn -0.5293 -0.6733 0.5161
vn -0.2107 -0.6449 0.7347
vn 0.1407 -0.5189 0.8432
vn 0.4720 -0.3134 0.8240
vn 0.7324 -0.0590 0.6784
vn 0.8805 0.2051 0.4273
vn 0.8924 0.4378 0.1092
vn 0.7655 0.6024 -0.2261
vn 0.2206 0.5795 -0.7846
vn 0.5652 0.5695 -0.5968
vn -0.1565 0.5007 -0.8514
vn -0.5083 0.3461 -0.7886
vn -0.7821 0.1398 -0.6073
vn -0.9380 -0.0870 -0.3356
vn -0.9536 -0.3006 -0.0143
vn -0.8271 -0.4693 0.3091
vn -0.5769 -0.5681 0.5869
vn -0.2394 -0.5818 0.7773
vn 0.1354 -0.5074 0.8510
vn 0.4911 -0.3552 0.7954
vn 0.7728 -0.1480 0.6172
vn 0.9358 0.0825 0.3428
vn 0.9537 0.3004 0.0146
vn 0.8233 0.4716 -0.3159
vn 0.2308 0.5296 -0.8163
vn 0.5856 0.4700 -0.6604
vn -0.1580 0.5081 -0.8467
vn -0.5212 0.4095 -0.7488
vn -0.8048 0.2496 -0.5386
vn -0.9672 0.0525 -0.2485
vn -0.9852 -0.1522 0.0783
vn -0.8564 -0.3342 0.3936
vn -0.5992 -0.4665 0.6506
vn -0.2512 -0.5289 0.8107
vn 0.1362 -0.5113 0.8486
vn 0.5044 -0.4154 0.7570
vn 0.7963 -0.2553 0.5484
vn 0.9656 -0.0555 0.2541
vn 0.9850 0.1531 -0.0802
vn 0.8511 0.3378 -0.4018
vn 0.2305 0.4947 -0.8380
vn 0.5850 0.3814 -0.7158
vn -0.1578 0.5321 -0.8318
vn -0.5206 0.4888 -0.7000
vn -0.8041 0.3721 -0.4636
vn -0.9669 0.2000 -0.1585
vn -0.9854 -0.0019 0.1700
vn -0.8570 -0.2037 0.4734
vn -0.5999 -0.3752 0.7067
vn -0.2515 -0.4906 0.8343
vn 0.1364 -0.5319 0.8358
vn 0.5050 -0.4919 0.7092
vn 0.7970 -0.3760 0.4727
vn 0.9659 -0.2017 0.1622
vn 0.9847 0.0040 -0.1740
vn 0.8505 0.2090 -0.4827
vn 0.2265 0.4766 -0.8494
vn 0.5689 0.3085 -0.7624
vn -0.1490 0.5715 -0.8069
vn -0.5006 0.5797 -0.6429
vn -0.7762 0.5008 -0.3831
vn -0.9354 0.3472 -0.0666
vn -0.9552 0.1418 0.2597
vn -0.8324 -0.0849 0.5477
vn -0.5843 -0.2993 0.7543
vn -0.2472 -0.4691 0.8479
vn 0.1290 -0.5681 0.8128
vn 0.4869 -0.5804 0.6528
vn 0.7706 -0.5032 0.3912
vn 0.9351 -0.3479 0.0682
vn 0.9541 -0.1384 -0.2656
vn 0.8250 0.0924 -0.5575
vn 0.2257 0.4749 -0.8506
vn 0.5441 0.2542 -0.7996
vn -0.1258 0.6226 -0.7724
vn -0.4571 0.6758 -0.5782
vn -0.7192 0.6276 -0.2981
vn -0.8737 0.4858 0.0260
vn -0.8979 0.2716 0.3464
vn -0.7880 0.0165 0.6155
vn -0.5593 -0.2417 0.7930
vn -0.2450 -0.4641 0.8512
vn 0.1079 -0.6166 0.7799
vn 0.4456 -0.6749 0.5882
vn 0.7151 -0.6291 0.3047
vn 0.8738 -0.4856 -0.0267
vn 0.8965 -0.2665 -0.3538
vn 0.7803 -0.0063 -0.6254
vn 0.2345 0.4867 -0.8415
vn 0.5180 0.2188 -0.8269
vn -0.0835 0.6798 -0.7286
vn -0.3879 0.7699 -0.5067
vn -0.6337 0.7447 -0.2096
vn -0.7848 0.6083 0.1184
vn -0.8190 0.3812 0.4289
vn -0.7305 0.0967 0.6760
vn -0.5318 -0.2031 0.8221
vn -0.2515 -0.4732 0.8443
vn 0.0683 -0.6721 0.7373
vn 0.3787 -0.7681 0.5163
vn 0.6311 -0.7455 0.2144
vn 0.7854 -0.6070 -0.1212
vn 0.8176 -0.3742 -0.4377
vn 0.7232 -0.0837 -0.6855
vn 0.2579 0.5074 -0.8222
vn 0.4971 0.2004 -0.8442
vn -0.0196 0.7365 -0.6762
vn -0.2933 0.8543 -0.4292
vn -0.5228 0.8442 -0.1187
vn -0.6742 0.7082 0.2093
vn -0.7252 0.4665 0.5065
vn -0.6675 0.1544 0.7285
vn -0.5088 -0.1820 0.8414
vn -0.2720 -0.4920 0.8270
vn 0.0074 -0.7278 0.6857
vn 0.2864 -0.8522 0.4379
vn 0.5214 -0.8446 0.1215
vn 0.6754 -0.7057 -0.2141
vn 0.7243 -0.4572 -0.5160
vn 0.6613 -0.1385 -0.7372
vn 0.2990 0.5307 -0.7931
vn 0.4873 0.1948 -0.8512
vn 0.0662 0.7852 -0.6157
vn -0.1760 0.9213 -0.3466
vn -0.3917 0.9197 -0.0263
vn -0.5489 0.7810 0.2978
vn -0.6243 0.5255 0.5780
vn -0.6061 0.1905 0.7723
vn -0.4960 -0.1745 0.8506
vn -0.3099 -0.5143 0.7997
vn -0.0755 -0.7765 0.6256
vn 0.1711 -0.9194 0.3541
vn 0.3914 -0.9198 0.0270
vn 0.5508 -0.7771 -0.3044
vn 0.6246 -0.5140 -0.5880
vn 0.6020 -0.1721 -0.7797
vn 0.3588 0.5496 -0.7545
vn 0.4924 0.1964 -0.8479
vn 0.1716 0.8187 -0.5479
vn -0.0410 0.9647 -0.2600
vn -0.2473 0.9667 0.0663
vn -0.4168 0.8245 0.3828
vn -0.5241 0.5588 0.6427
vn -0.5528 0.2083 0.8068
vn -0.4978 -0.1750 0.8495
vn -0.3664 -0.5332 0.7625
vn -0.1783 -0.8106 0.5578
vn 0.0377 -0.9633 0.2659
vn 0.2480 -0.9664 -0.0679
vn 0.4197 -0.8192 -0.3909
vn 0.5262 -0.5452 -0.6526
vn 0.5515 -0.1881 -0.8127
vn 0.4360 0.5571 -0.7068
vn 0.5143 0.1985 -0.8343
vn 0.2923 0.8308 -0.4737
vn 0.1051 0.9798 -0.1703
vn -0.0976 0.9826 0.1582
vn -0.2859 0.8388 0.4633
vn -0.4316 0.5691 0.6998
vn -0.5127 0.2129 0.8318
vn -0.5161 -0.1771 0.8380
vn -0.4405 -0.5416 0.7160
vn -0.2969 -0.8238 0.4830
vn -0.1071 -0.9789 0.1743
vn 0.0994 -0.9818 -0.1618
vn 0.2904 -0.8321 -0.4725
vn 0.4363 -0.5540 -0.7091
vn 0.5147 -0.1916 -0.8357
vn 0.5267 0.5469 -0.6508
vn 0.5523 0.1942 -0.8107
vn 0.4220 0.8165 -0.3939
vn 0.2545 0.9639 -0.0786
vn 0.0491 0.9675 0.2482
vn -0.1639 0.8266 0.5384
vn -0.3526 0.5615 0.7486
vn -0.4887 0.2106 0.8467
vn -0.5508 -0.1738 0.8163
vn -0.5287 -0.5330 0.6606
vn -0.4250 -0.8110 0.4021
vn -0.2554 -0.9635 0.0805
vn -0.0459 -0.9662 -0.2538
vn 0.1705 -0.8188 -0.5481
vn 0.3603 -0.5454 -0.7568
vn 0.4941 -0.1893 -0.8485
vn 0.6254 0.5141 -0.5871
vn 0.6035 0.1770 -0.7774
vn 0.5533 0.7734 -0.3094
vn 0.3988 0.9169 0.0140
vn 0.1848 0.9238 0.3353
vn -0.0570 0.7926 0.6070
vn -0.2909 0.5420 0.7885
vn -0.4814 0.2083 0.8514
vn -0.5993 -0.1585 0.7847
vn -0.6255 -0.5023 0.5970
vn -0.5552 -0.7692 0.3162
vn -0.3987 -0.9170 -0.0143
vn -0.1801 -0.9221 -0.3426
vn 0.0662 -0.7842 -0.6170
vn 0.3018 -0.5258 -0.7953
vn 0.4903 -0.1880 -0.8510
vn 0.7250 0.4558 -0.5164
vn 0.6632 0.1419 -0.7348
vn 0.6781 0.7009 -0.2213
vn 0.5300 0.8413 0.1064
vn 0.3029 0.8562 0.4184
vn 0.0301 0.7431 0.6685
vn -0.2479 0.5176 0.8189
vn -0.4893 0.2128 0.8457
vn -0.6569 -0.1258 0.7434
vn -0.7240 -0.4463 0.5260
vn -0.6792 -0.6982 0.2264
vn -0.5288 -0.8417 -0.1089
vn -0.2963 -0.8543 -0.4270
vn -0.0181 -0.7347 -0.6782
vn 0.2621 -0.5024 -0.8239
vn 0.5011 -0.1944 -0.8433
vn 0.8178 0.3713 -0.4396
vn 0.7250 0.0855 -0.6835
vn 0.7883 0.6013 -0.1306
vn 0.6412 0.7415 0.1976
vn 0.3984 0.7711 0.4967
vn 0.0954 0.6852 0.7221
vn -0.2229 0.4956 0.8395
vn -0.5085 0.2298 0.8298
vn -0.7174 -0.0723 0.6929
vn -0.8163 -0.3640 0.4485
vn -0.7889 -0.5998 0.1337
vn -0.6388 -0.7423 -0.2021
vn -0.3895 -0.7695 -0.5062
vn -0.0805 -0.6777 -0.7310
vn 0.2400 -0.4822 -0.8425
vn 0.5225 -0.2141 -0.8253
vn 0.8962 0.2626 -0.3577
vn 0.7814 0.0066 -0.6240
vn 0.8770 0.4790 -0.0384
vn 0.7271 0.6239 0.2865
vn 0.4684 0.6758 0.5691
vn 0.1389 0.6264 0.7671
vn -0.2128 0.4819 0.8500
vn -0.5334 0.2634 0.8038
vn -0.7734 0.0037 0.6339
vn -0.8946 -0.2573 0.3653
vn -0.8772 -0.4785 0.0393
vn -0.7233 -0.6254 -0.2929
vn -0.4572 -0.6751 -0.5790
vn -0.1212 -0.6206 -0.7747
vn 0.2322 -0.4713 -0.8509
vn 0.5488 -0.2509 -0.7974
vn 0.9531 0.1335 -0.2715
vn 0.8252 -0.0933 -0.5571
vn 0.9388 0.3402 0.0542
vn 0.7845 0.4962 0.3720
vn 0.5126 0.5782 0.6347
vn 0.1630 0.5734 0.8029
vn -0.2126 0.4816 0.8502
vn -0.5573 0.3159 0.7679
vn -0.8175 0.1010 0.5670
vn -0.9519 -0.1299 0.2776
vn -0.9385 -0.3408 -0.0555
vn -0.7791 -0.4986 -0.3799
vn -0.4992 -0.5791 -0.6446
vn -0.1432 -0.5702 -0.8089
vn 0.2334 -0.4742 -0.8489
vn 0.5730 -0.3066 -0.7600
vn 0.9832 -0.0097 -0.1822
vn 0.8495 -0.2108 -0.4837
vn 0.9703 0.1928 0.1463
vn 0.8126 0.3665 0.4531
vn 0.5330 0.4857 0.6928
vn 0.1722 0.5320 0.8291
vn -0.2161 0.4975 0.8401
vn -0.5730 0.3868 0.7226
vn -0.8427 0.2162 0.4931
vn -0.9824 0.0119 0.1864
vn -0.9694 -0.1944 -0.1497
vn -0.8058 -0.3703 -0.4622
vn -0.5177 -0.4888 -0.7022
vn -0.1510 -0.5318 -0.8333
vn 0.2373 -0.4936 -0.8367
vn 0.5882 -0.3807 -0.7135
vn 0.9830 -0.1596 -0.0907
vn 0.8489 -0.3402 -0.4046
vn 0.9706 0.0448 0.2366
vn 0.8132 0.2427 0.5289
vn 0.5336 0.4045 0.7427
vn 0.1724 0.5057 0.8453
vn -0.2164 0.5303 0.8197
vn -0.5736 0.4736 0.6683
vn -0.8433 0.3439 0.4130
vn -0.9826 0.1606 0.0928
vn -0.9691 -0.0476 -0.2420
vn -0.8051 -0.2484 -0.5387
vn -0.5171 -0.4104 -0.7511
vn -0.1508 -0.5090 -0.8474
vn 0.2370 -0.5297 -0.8144
vn 0.5875 -0.4702 -0.6586
vn 0.9514 -0.3079 0.0019
vn 0.8198 -0.4744 -0.3207
vn 0.9412 -0.0955 0.3241
vn 0.7903 0.1314 0.5985
vn 0.5203 0.3391 0.7838
vn 0.1705 0.4961 0.8513
vn -0.2067 0.5781 0.7894
vn -0.5535 0.5715 0.6058
vn -0.8157 0.4768 0.3277
vn -0.9514 0.3079 -0.0019
vn -0.9391 0.0911 -0.3312
vn -0.7812 -0.1396 -0.6084
vn -0.5033 -0.3483 -0.7908
vn -0.1494 -0.5030 -0.8513
vn 0.2257 -0.5805 -0.7823
vn 0.5656 -0.5702 -0.5958
vn 0.8898 -0.4465 0.0944
vn 0.7610 -0.6054 -0.2330
vn 0.8859 -0.2209 0.4079
vn 0.7495 0.0381 0.6610
vn 0.4998 0.2920 0.8155
vn 0.1733 0.5025 0.8471
vn -0.1810 0.6370 0.7493
vn -0.5087 0.6740 0.5357
vn -0.7583 0.6068 0.2383
vn -0.8901 0.4454 -0.0966
vn -0.8835 0.2146 -0.4163
vn -0.7401 -0.0490 -0.6707
vn -0.4834 -0.3045 -0.8208
vn -0.1538 -0.5124 -0.8448
vn 0.1978 -0.6418 -0.7409
vn 0.5186 -0.6741 -0.5260
vn 0.8019 -0.5678 0.1858
vn 0.6738 -0.7251 -0.1426
vn 0.8106 -0.3256 0.4868
vn 0.6977 -0.0343 0.7156
vn 0.4792 0.2631 0.8374
vn 0.1869 0.5216 0.8325
vn -0.1351 0.7012 0.7000
vn -0.4373 0.7734 0.4589
vn -0.6722 0.7259 0.1459
vn -0.8026 0.5655 -0.1901
vn -0.8082 0.3172 -0.4962
vn -0.6889 0.0204 -0.7246
vn -0.4643 -0.2787 -0.8407
vn -0.1698 -0.5341 -0.8282
vn 0.1493 -0.7076 -0.6906
vn 0.4450 -0.7743 -0.4499
vn 0.6936 -0.6658 0.2751
vn 0.5615 -0.8259 -0.0505
vn 0.7221 -0.4061 0.5600
vn 0.6423 -0.0850 0.7617
vn 0.4651 0.2501 0.8492
vn 0.2162 0.5484 0.8078
vn -0.0667 0.7637 0.6421
vn -0.3401 0.8617 0.3764
vn -0.5610 0.8262 0.0517
vn -0.6946 0.6621 -0.2812
vn -0.7204 0.3954 -0.5699
vn -0.6350 0.0682 -0.7695
vn -0.4526 -0.2683 -0.8504
vn -0.2021 -0.5626 -0.8016
vn 0.0780 -0.7709 -0.6322
vn 0.3458 -0.8629 -0.3686
vn 0.5719 -0.7366 0.3611
vn 0.4300 -0.9018 0.0422
vn 0.6284 -0.4611 0.6266
vn 0.5905 -0.1155 0.7987
vn 0.4629 0.2488 0.8508
vn 0.2641 0.5766 0.7731
vn 0.0241 0.8170 0.5762
vn -0.2202 0.9316 0.2892
vn -0.4304 0.9016 -0.0432
vn -0.5737 0.7313 -0.3688
vn -0.6279 0.4479 -0.6365
vn -0.5854 0.0962 -0.8050
vn -0.4535 -0.2688 -0.8498
vn -0.2533 -0.5916 -0.7654
vn -0.0155 -0.8241 -0.5663
vn 0.2241 -0.9326 -0.2829
vn 0.4448 -0.7785 0.4428
vn 0.2864 -0.9486 0.1343
vn 0.5369 -0.4915 0.6857
vn 0.5482 -0.1296 0.8262
vn 0.4763 0.2533 0.8420
vn 0.3313 0.5990 0.7290
vn 0.1347 0.8537 0.5031
vn -0.0829 0.9766 0.1984
vn -0.2878 0.9478 -0.1375
vn -0.4479 0.7716 -0.4517
vn -0.5385 0.4763 -0.6952
vn -0.5461 0.1086 -0.8307
vn -0.4703 -0.2741 -0.8389
vn -0.3236 -0.6138 -0.7201
vn -0.1286 -0.8601 -0.4936
vn 0.0854 -0.9773 -0.1939
vn 0.3205 -0.7922 0.5194
vn 0.1388 -0.9644 0.2249
vn 0.4544 -0.5008 0.7367
vn 0.5200 -0.1329 0.8438
vn 0.5067 0.2568 0.8230
vn 0.4158 0.6086 0.6759
vn 0.2604 0.8675 0.4237
vn 0.0646 0.9924 0.1051
vn -0.1414 0.9628 -0.2301
vn -0.3253 0.7838 -0.5290
vn -0.4586 0.4840 -0.7453
vn -0.5212 0.1110 -0.8462
vn -0.5042 -0.2773 -0.8179
vn -0.4109 -0.6223 -0.6662
vn -0.2562 -0.8729 -0.4152
vn -0.0634 -0.9927 -0.1027
vn 0.2060 -0.7808 0.5898
vn -0.0045 -0.9498 0.3129
vn 0.3860 -0.4942 0.7790
vn 0.5081 -0.1317 0.8511
vn 0.5532 0.2523 0.7939
vn 0.5136 0.5990 0.6144
vn 0.3945 0.8540 0.3391
vn 0.2142 0.9767 0.0105
vn 0.0005 0.9475 -0.3198
vn -0.2131 0.7713 -0.5997
vn -0.3934 0.4766 -0.7862
vn -0.5129 0.1101 -0.8514
vn -0.5539 -0.2717 -0.7870
vn -0.5111 -0.6111 -0.6044
vn -0.3918 -0.8581 -0.3318
vn -0.2141 -0.9768 -0.0102
vn 0.1074 -0.7495 0.6532
vn -0.1358 -0.9076 0.3972
vn 0.3350 -0.4781 0.8119
vn 0.5126 -0.1332 0.8482
vn 0.6126 0.2335 0.7551
vn 0.6188 0.5656 0.5452
vn 0.5292 0.8108 0.2501
vn 0.3574 0.9301 -0.0843
vn 0.1300 0.9048 -0.4055
vn -0.1172 0.7394 -0.6630
vn -0.3458 0.4607 -0.8174
vn -0.5207 0.1127 -0.8463
vn -0.6159 -0.2510 -0.7468
vn -0.6179 -0.5757 -0.5354
vn -0.5275 -0.8136 -0.2446
vn -0.3584 -0.9299 0.0824
vn 0.0285 -0.7047 0.7089
vn -0.2489 -0.8430 0.4768
vn 0.3023 -0.4596 0.8351
vn 0.5312 -0.1437 0.8350
vn 0.6797 0.1955 0.7070
vn 0.7239 0.5056 0.4693
vn 0.6562 0.7379 0.1581
vn 0.4863 0.8555 -0.1780
vn 0.2410 0.8400 -0.4861
vn -0.0413 0.6948 -0.7180
vn -0.3163 0.4433 -0.8387
vn -0.5420 0.1253 -0.8309
vn -0.6848 -0.2104 -0.6977
vn -0.7242 -0.5136 -0.4602
vn -0.6552 -0.7395 -0.1545
vn -0.4885 -0.8550 0.1740
vn -0.0291 -0.6537 0.7562
vn -0.3391 -0.7626 0.5508
vn 0.2864 -0.4455 0.8482
vn 0.5594 -0.1686 0.8115
vn 0.7477 0.1352 0.6501
vn 0.8212 0.4189 0.3875
vn 0.7674 0.6380 0.0640
vn 0.5942 0.7578 -0.2695
vn 0.3288 0.7600 -0.5606
vn 0.0133 0.6448 -0.7642
vn -0.3032 0.4313 -0.8497
vn -0.5723 0.1531 -0.8056
vn -0.7539 -0.1473 -0.6403
vn -0.8219 -0.4249 -0.3795
vn -0.7670 -0.6386 -0.0626
vn -0.5978 -0.7571 0.2636
vn -0.0660 -0.6037 0.7945
vn -0.4044 -0.6739 0.6183
vn 0.2836 -0.4418 0.8511
vn 0.5913 -0.2117 0.7782
vn 0.8093 0.0517 0.5852
vn 0.9027 0.3077 0.3008
vn 0.8560 0.5161 -0.0308
vn 0.6762 0.6441 -0.3576
vn 0.3917 0.6723 -0.6282
vn 0.0476 0.5968 -0.8010
vn -0.3025 0.4304 -0.8504
vn -0.6053 0.1993 -0.7707
vn -0.8157 -0.0611 -0.5752
vn -0.9034 -0.3118 -0.2943
vn -0.8562 -0.5158 0.0301
vn -0.6813 -0.6428 0.3501
vn -0.0854 -0.5613 0.8232
vn -0.4449 -0.5846 0.6784
vn 0.2885 -0.4527 0.8437
vn 0.6198 -0.2743 0.7353
vn 0.8567 -0.0532 0.5130
vn 0.9615 0.1765 0.2104
vn 0.9169 0.3789 -0.1253
vn 0.7298 0.5223 -0.4412
vn 0.4299 0.5847 -0.6880
vn 0.0648 0.5571 -0.8279
vn -0.3087 0.4446 -0.8409
vn -0.6340 0.2651 -0.7265
vn -0.8628 0.0463 -0.5034
vn -0.9621 -0.1791 -0.2057
vn -0.9178 -0.3776 0.1224
vn -0.7367 -0.5199 0.4324
vn -0.0920 -0.5315 0.8421
vn -0.4632 -0.5017 0.7306
vn 0.2947 -0.4805 0.8260
vn 0.6377 -0.3556 0.6833
vn 0.8834 -0.1756 0.4344
vn 0.9926 0.0318 0.1174
vn 0.9474 0.2343 -0.2182
vn 0.7550 0.4004 -0.5193
vn 0.4463 0.5043 -0.7392
vn 0.0702 0.5306 -0.8447
vn -0.3150 0.4759 -0.8212
vn -0.6512 0.3494 -0.6737
vn -0.8886 0.1707 -0.4257
vn -0.9928 -0.0332 -0.1147
vn -0.9490 -0.2321 0.2133
vn -0.7635 -0.3965 0.5097
vn -0.0921 -0.5174 0.8508
vn -0.4638 -0.4311 0.7740
vn 0.2950 -0.5251 0.7982
vn 0.6384 -0.4523 0.6228
vn 0.8840 -0.3094 0.3504
vn 0.9927 -0.1184 0.0228
vn 0.9469 0.0910 -0.3083
vn 0.7543 0.2861 -0.5909
vn 0.4458 0.4367 -0.7814
vn 0.0702 0.5200 -0.8513
vn -0.3146 0.5238 -0.7916
vn -0.6505 0.4485 -0.6129
vn -0.8881 0.3061 -0.3429
vn -0.9927 0.1182 -0.0223
vn -0.9494 -0.0874 0.3016
vn -0.7642 -0.2801 0.5810
vn -0.0927 -0.5199 0.8492
vn -0.4527 -0.3768 0.8081
vn 0.2830 -0.5842 0.7607
vn 0.6165 -0.5589 0.5546
vn 0.8553 -0.4471 0.2619
vn 0.9613 -0.2658 -0.0720
vn 0.9178 -0.0432 -0.3946
vn 0.7322 0.1858 -0.6552
vn 0.4345 0.3857 -0.8139
vn 0.0715 0.5259 -0.8475
vn -0.3009 0.5857 -0.7526
vn -0.6268 0.5571 -0.5448
vn -0.8581 0.4450 -0.2562
vn -0.9612 0.2667 0.0703
vn -0.9210 0.0485 0.3864
vn -0.7430 -0.1772 0.6454
vn -0.1003 -0.5375 0.8373
vn -0.4369 -0.3404 0.8326
vn 0.2530 -0.6531 0.7137
vn 0.5684 -0.6686 0.4795
vn 0.7963 -0.5805 0.1702
vn 0.9004 -0.4021 -0.1659
vn 0.8646 -0.1613 -0.4759
vn 0.6951 0.1041 -0.7114
vn 0.4194 0.3527 -0.8365
vn 0.0809 0.5465 -0.8335
vn -0.2686 0.6569 -0.7046
vn -0.5767 0.6680 -0.4703
vn -0.7980 0.5793 -0.1664
vn -0.9002 0.4042 0.1621
vn -0.8682 0.1687 0.4667
vn -0.7060 -0.0924 0.7021
vn -0.1210 -0.5664 0.8152
vn -0.4233 -0.3213 0.8471
vn 0.2011 -0.7257 0.6580
vn 0.4930 -0.7734 0.3985
vn 0.7088 -0.7013 0.0764
vn 0.8143 -0.5201 -0.2578
vn 0.7933 -0.2582 -0.5513
vn 0.6500 0.0430 -0.7587
vn 0.4076 0.3367 -0.8489
vn 0.1041 0.5778 -0.8095
vn -0.2141 0.7308 -0.6482
vn -0.4992 0.7736 -0.3903
vn -0.7095 0.7008 -0.0746
vn -0.8139 0.5235 0.2521
vn -0.7969 0.2679 0.5415
vn -0.6602 -0.0284 0.7505
vn -0.1590 -0.6012 0.7831
vn -0.4183 -0.3166 0.8513
vn 0.1257 -0.7945 0.5941
vn 0.3916 -0.8655 0.3124
vn 0.5968 -0.8022 -0.0184
vn 0.7092 -0.6140 -0.3463
vn 0.7116 -0.3309 -0.6198
vn 0.6043 0.0026 -0.7967
vn 0.4051 0.3344 -0.8509
vn 0.1451 0.6141 -0.7758
vn -0.1359 0.8002 -0.5841
vn -0.3960 0.8659 -0.3056
vn -0.5966 0.8023 0.0180
vn -0.7084 0.6191 0.3390
vn -0.7144 0.3431 0.6099
vn -0.6129 0.0149 0.7900
vn -0.2166 -0.6352 0.7414
vn -0.4267 -0.3216 0.8453
vn 0.0275 -0.8520 0.5228
vn 0.2678 -0.9375 0.2224
vn 0.4666 -0.8772 -0.1130
vn 0.5927 -0.6806 -0.4306
vn 0.6270 -0.3789 -0.6807
vn 0.5648 -0.0197 -0.8250
vn 0.4167 0.3410 -0.8427
vn 0.2059 0.6486 -0.7328
vn -0.0352 0.8576 -0.5132
vn -0.2707 0.9378 -0.2174
vn -0.4656 0.8781 0.1104
vn -0.5911 0.6874 0.4220
vn -0.6283 0.3936 0.6710
vn -0.5710 0.0396 0.8200
vn -0.2938 -0.6609 0.6905
vn -0.4517 -0.3300 0.8289
vn -0.0902 -0.8910 0.4450
vn 0.1276 -0.9833 0.1296
vn 0.3256 -0.9227 -0.2062
vn 0.4730 -0.7188 -0.5095
vn 0.5471 -0.4042 -0.7331
vn 0.5370 -0.0285 -0.8431
vn 0.4451 0.3499 -0.8243
vn 0.2862 0.6740 -0.6810
vn 0.0847 0.8959 -0.4361
vn -0.1291 0.9835 -0.1266
vn -0.3237 0.9245 0.2015
vn -0.4700 0.7274 0.5000
vn -0.5461 0.4210 0.7242
vn -0.5400 0.0500 0.8402
vn -0.3882 -0.6715 0.6312
vn -0.4940 -0.3348 0.8024
vn -0.2222 -0.9055 0.3616
vn -0.0216 -0.9991 0.0352
vn 0.1823 -0.9374 -0.2967
vn 0.3579 -0.7302 -0.5820
vn 0.4779 -0.4109 -0.7764
vn 0.5243 -0.0298 -0.8510
vn 0.4908 0.3543 -0.7960
vn 0.3832 0.6835 -0.6212
vn 0.2184 0.9094 -0.3540
vn 0.0212 0.9992 -0.0344
vn -0.1791 0.9400 0.2903
vn -0.3529 0.7404 0.5721
vn -0.4741 0.4291 0.7688
vn -0.5239 0.0519 0.8502
vn -0.4950 -0.6610 0.5639
vn -0.5520 -0.3292 0.7661
vn -0.3614 -0.8914 0.2737
vn -0.1715 -0.9834 -0.0597
vn 0.0449 -0.9224 -0.3836
vn 0.2543 -0.7186 -0.6473
vn 0.4239 -0.4047 -0.8102
vn 0.5282 -0.0302 -0.8486
vn 0.5518 0.3474 -0.7582
vn 0.4922 0.6714 -0.5541
vn 0.3589 0.8942 -0.2677
vn 0.1722 0.9833 0.0583
vn -0.0402 0.9259 0.3756
vn -0.2468 0.7299 0.6374
vn -0.4169 0.4236 0.8042
vn -0.5243 0.0519 0.8500
vn -0.6078 -0.6251 0.4897
vn -0.6219 -0.3071 0.7204
vn -0.4997 -0.8468 0.1823
vn -0.3138 -0.9370 -0.1538
vn -0.0791 -0.8814 -0.4656
vn 0.1674 -0.6897 -0.7045
vn 0.3875 -0.3926 -0.8341
vn 0.5476 -0.0368 -0.8359
vn 0.6241 0.3232 -0.7113
vn 0.6065 0.6336 -0.4804
vn 0.4982 0.8486 -0.1782
vn 0.3156 0.9369 0.1503
vn 0.0859 0.8855 0.4565
vn -0.1571 0.7015 0.6952
vn -0.3770 0.4111 0.8300
vn -0.5405 0.0571 0.8394
vn -0.7190 -0.5616 0.4093
vn -0.6979 -0.2639 0.6657
vn -0.6287 -0.7726 0.0887
vn -0.4405 -0.8634 -0.2459
vn -0.1840 -0.8201 -0.5418
vn 0.1004 -0.6503 -0.7531
vn 0.3685 -0.3813 -0.8478
vn 0.5794 -0.0555 -0.8132
vn 0.7019 0.2776 -0.6560
vn 0.7186 0.5681 -0.4010
vn 0.6280 0.7734 -0.0866
vn 0.4438 0.8633 0.2405
vn 0.1931 0.8244 0.5321
vn -0.0869 0.6617 0.7447
vn -0.3548 0.3985 0.8458
vn -0.5696 0.0735 0.8186
vn -0.8205 -0.4710 0.3238
vn -0.7731 -0.1972 0.6028
vn -0.7406 -0.6719 -0.0061
vn -0.5455 -0.7682 -0.3350
vn -0.2660 -0.7454 -0.6113
vn 0.0539 -0.6077 -0.7923
vn 0.3644 -0.3776 -0.8512
vn 0.6182 -0.0911 -0.7807
vn 0.7779 0.2082 -0.5929
vn 0.8206 0.4757 -0.3169
vn 0.7407 0.6718 0.0059
vn 0.5504 0.7678 0.3279
vn 0.2776 0.7492 0.6014
vn -0.0375 0.6179 0.7854
vn -0.3480 0.3925 0.8514
vn -0.6066 0.1063 0.7878
vn -0.9046 -0.3560 0.2343
vn -0.8397 -0.1068 0.5325
vn -0.8290 -0.5501 -0.1007
vn -0.6245 -0.6586 -0.4199
vn -0.3235 -0.6650 -0.6732
vn 0.0264 -0.5691 -0.8218
vn 0.3709 -0.3867 -0.8443
vn 0.6577 -0.1464 -0.7389
vn 0.8447 0.1152 -0.5228
vn 0.9047 0.3591 -0.2291
vn 0.8298 0.5493 0.0984
vn 0.6312 0.6575 0.4114
vn 0.3377 0.6676 0.6635
vn -0.0073 0.5771 0.8166
vn -0.3525 0.3987 0.8466
vn -0.6452 0.1585 0.7474
vn -0.9647 -0.2218 0.1418
vn -0.8903 0.0051 0.4554
vn -0.8892 -0.4143 -0.1941
vn -0.6755 -0.5424 -0.4995
vn -0.3578 -0.5864 -0.7267
vn 0.0139 -0.5403 -0.8413
vn 0.3819 -0.4121 -0.8273
vn 0.6907 -0.2220 -0.6883
vn 0.8948 0.0010 -0.4465
vn 0.9648 0.2235 -0.1386
vn 0.8909 0.4126 0.1898
vn 0.6841 0.5402 0.4901
vn 0.3743 0.5871 0.7178
vn 0.0071 0.5455 0.8381
vn -0.3625 0.4207 0.8316
vn -0.6782 0.2310 0.6977
vn -0.9960 -0.0753 0.0476
vn -0.9182 0.1338 0.3727
vn -0.9189 -0.2727 -0.2851
vn -0.6991 -0.4277 -0.5729
vn -0.3720 -0.5164 -0.7713
vn 0.0109 -0.5257 -0.8506
vn 0.3906 -0.4550 -0.8002
vn 0.7099 -0.3158 -0.6295
vn 0.9220 -0.1295 -0.3649
vn 0.9960 0.0759 -0.0465
vn 0.9216 0.2699 0.2789
vn 0.7095 0.4239 0.5630
vn 0.3903 0.5145 0.7635
vn 0.0111 0.5275 0.8495
vn -0.3713 0.4602 0.8064
vn -0.6982 0.3220 0.6394
vn -0.9960 0.0755 -0.0473
vn -0.9188 0.2729 0.2853
vn -0.9184 -0.1337 -0.3725
vn -0.6984 -0.3219 -0.6392
vn -0.3716 -0.4601 -0.8064
vn 0.0109 -0.5275 -0.8495
vn 0.3901 -0.5145 -0.7636
vn 0.7093 -0.4239 -0.5632
vn 0.9215 -0.2701 -0.2791
vn 0.9960 -0.0760 0.0462
vn 0.9221 0.1294 0.3647
vn 0.7101 0.3157 0.6293
vn 0.3909 0.4550 0.8002
vn 0.0112 0.5257 0.8506
vn -0.3718 0.5165 0.7714
vn -0.6989 0.4278 0.5731
vn -0.9647 0.2220 -0.1416
vn -0.8891 0.4145 0.1944
vn -0.8904 -0.0049 -0.4552
vn -0.6784 -0.2308 -0.6975
vn -0.3628 -0.4206 -0.8316
vn 0.0069 -0.5454 -0.8381
vn 0.3740 -0.5871 -0.7179
vn 0.6839 -0.5403 -0.4903
vn 0.8908 -0.4127 -0.1900
vn 0.9648 -0.2237 0.1383
vn 0.8949 -0.0012 0.4463
vn 0.6909 0.2218 0.6881
vn 0.3821 0.4120 0.8272
vn 0.0141 0.5403 0.8414
vn -0.3575 0.5864 0.7269
vn -0.6753 0.5424 0.4997
vn -0.9046 0.3562 -0.2341
vn -0.8289 0.5502 0.1010
vn -0.8398 0.1070 -0.5323
vn -0.6454 -0.1583 -0.7472
vn -0.3528 -0.3985 -0.8466
vn -0.0076 -0.5770 -0.8167
vn 0.3375 -0.6676 -0.6637
vn 0.6310 -0.6576 -0.4116
vn 0.8297 -0.5494 -0.0987
vn 0.9047 -0.3593 0.2289
vn 0.8447 -0.1154 0.5226
vn 0.6579 0.1462 0.7388
vn 0.3711 0.3866 0.8443
vn 0.0266 0.5690 0.8219
vn -0.3233 0.6649 0.6733
vn -0.6243 0.6586 0.4201
vn -0.8205 0.4712 -0.3236
vn -0.7405 0.6720 0.0063
vn -0.7732 0.1974 -0.6027
vn -0.6068 -0.1061 -0.7877
vn -0.3482 -0.3923 -0.8514
vn -0.0377 -0.6177 -0.7855
vn 0.2774 -0.7491 -0.6015
vn 0.5502 -0.7679 -0.3281
vn 0.7406 -0.6719 -0.0062
vn 0.8205 -0.4758 0.3167
vn 0.7780 -0.2084 0.5927
vn 0.6184 0.0909 0.7806
vn 0.3646 0.3775 0.8512
vn 0.0542 0.6076 0.7924
vn -0.2657 0.7453 0.6115
vn -0.5453 0.7683 0.3352
vn -0.7190 0.5618 -0.4091
vn -0.6286 0.7727 -0.0884
vn -0.6980 0.2642 -0.6656
vn -0.5697 -0.0733 -0.8186
vn -0.3549 -0.3983 -0.8458
vn -0.0872 -0.6615 -0.7448
vn 0.1929 -0.8243 -0.5323
vn 0.4436 -0.8633 -0.2407
vn 0.6279 -0.7735 0.0864
vn 0.7186 -0.5683 0.4008
vn 0.7019 -0.2778 0.6558
vn 0.5795 0.0552 0.8131
vn 0.3686 0.3811 0.8478
vn 0.1006 0.6501 0.7532
vn -0.1838 0.8200 0.5420
vn -0.4403 0.8634 0.2462
vn -0.6078 0.6253 -0.4895
vn -0.4995 0.8469 -0.1821
vn -0.6219 0.3073 -0.7202
vn -0.5406 -0.0568 -0.8394
vn -0.3772 -0.4108 -0.8301
vn -0.1572 -0.7013 -0.6953
vn 0.0857 -0.8855 -0.4568
vn 0.3155 -0.9369 -0.1505
vn 0.4981 -0.8487 0.1780
vn 0.6065 -0.6337 0.4802
vn 0.6242 -0.3235 0.7112
vn 0.5477 0.0365 0.8359
vn 0.3876 0.3923 0.8342
vn 0.1676 0.6895 0.7047
vn -0.0790 0.8813 0.4658
vn -0.3136 0.9370 0.1540
vn -0.4949 0.6612 -0.5637
vn -0.3613 0.8915 -0.2734
vn -0.5520 0.3294 -0.7660
vn -0.5243 -0.0517 -0.8500
vn -0.4170 -0.4233 -0.8043
vn -0.2470 -0.7297 -0.6376
vn -0.0403 -0.9258 -0.3758
vn 0.1721 -0.9833 -0.0585
vn 0.3588 -0.8943 0.2674
vn 0.4921 -0.6716 0.5539
vn 0.5518 -0.3476 0.7581
vn 0.5282 0.0300 0.8486
vn 0.4240 0.4045 0.8103
vn 0.2544 0.7184 0.6474
vn 0.0451 0.9223 0.3838
vn -0.1714 0.9834 0.0599
vn -0.3875 0.6713 -0.6318
vn -0.2207 0.9054 -0.3628
vn -0.4938 0.3348 -0.8025
vn -0.5238 -0.0513 -0.8503
vn -0.4737 -0.4283 -0.7695
vn -0.3520 -0.7398 -0.5734
vn -0.1777 -0.9398 -0.2918
vn 0.0229 -0.9992 0.0331
vn 0.2199 -0.9093 0.3532
vn 0.3841 -0.6834 0.6209
vn 0.4910 -0.3544 0.7958
vn 0.5244 0.0292 0.8510
vn 0.4787 0.4100 0.7764
vn 0.3597 0.7295 0.5818
vn 0.1848 0.9371 0.2960
vn -0.0193 0.9991 -0.0364
vn -0.3316 0.6759 -0.6582
vn -0.1472 0.9040 -0.4014
vn -0.4653 0.3442 -0.8155
vn -0.5270 -0.0405 -0.8489
vn -0.5070 -0.4191 -0.7532
vn -0.4089 -0.7333 -0.5433
vn -0.2486 -0.9355 -0.2511
vn -0.0510 -0.9956 0.0790
vn 0.1539 -0.9047 0.3974
vn 0.3355 -0.6762 0.6559
vn 0.4666 -0.3443 0.8147
vn 0.5273 0.0405 0.8487
vn 0.5086 0.4190 0.7522
vn 0.4133 0.7329 0.5404
vn 0.2556 0.9348 0.2466
vn 0.0590 0.9947 -0.0839
vt 0.000000 1.000000
vt 0.010989 1.000000
vt 0.010989 0.937500
vt 0.000000 0.937500
vt 0.000000 0.062500
vt 0.010989 0.062500
vt 0.010989 0.000000
vt 0.000000 0.000000
vt 0.000000 0.125000
vt 0.010989 0.125000
vt 0.000000 0.187500
vt 0.010989 0.187500
vt 0.000000 0.250000
vt 0.010989 0.250000
vt 0.000000 0.312500
vt 0.010989 0.312500
vt 0.000000 0.375000
vt 0.010989 0.375000
vt 0.000000 0.437500
vt 0.010989 0.437500
vt 0.000000 0.500000
vt 0.010989 0.500000
vt 0.000000 0.562500
vt 0.010989 0.562500
vt 0.000000 0.625000
vt 0.010989 0.625000
vt 0.000000 0.687500
vt 0.010989 0.687500
vt 0.000000 0.750000
vt 0.010989 0.750000
vt 0.000000 0.812500
vt 0.010989 0.812500
vt 0.000000 0.875000
vt 0.010989 0.875000
vt 0.021978 1.000000
vt 0.021978 0.937500
vt 0.021978 0.062500
vt 0.021978 0.000000
vt 0.021978 0.125000
vt 0.021978 0.187500
vt 0.021978 0.250000
vt 0.021978 0.312500
vt 0.021978 0.375000
vt 0.021978 0.437500
vt 0.021978 0.500000
vt 0.021978 0.562500
vt 0.021978 0.625000
vt 0.021978 0.687500
vt 0.021978 0.750000
vt 0.021978 0.812500
vt 0.021978 0.875000
vt 0.032967 1.000000
vt 0.032967 0.937500
vt 0.032967 0.062500
vt 0.032967 0.000000
vt 0.032967 0.125000
vt 0.032967 0.187500
vt 0.032967 0.250000
vt 0.032967 0.312500
vt 0.032967 0.375000
vt 0.032967 0.437500
vt 0.032967 0.500000
vt 0.032967 0.562500
vt 0.032967 0.625000
vt 0.032967 0.687500
vt 0.032967 0.750000
vt 0.032967 0.812500
vt 0.032967 0.875000
vt 0.043956 1.000000
vt 0.043956 0.937500
vt 0.043956 0.062500
vt 0.043956 0.000000
vt 0.043956 0.125000
vt 0.043956 0.187500
vt 0.043956 0.250000
vt 0.043956 0.312500
vt 0.043956 0.375000
vt 0.043956 0.437500
vt 0.043956 0.500000
vt 0.043956 0.562500
vt 0.043956 0.625000
vt 0.043956 0.687500
vt 0.043956 0.750000
vt 0.043956 0.812500
vt 0.043956 0.875000
vt 0.054945 1.000000
vt 0.054945 0.937500
vt 0.054945 0.062500
vt 0.054945 0.000000
vt 0.054945 0.125000
vt 0.054945 0.187500
vt 0.054945 0.250000
vt 0.054945 0.312500
vt 0.054945 0.375000
vt 0.054945 0.437500
vt 0.054945 0.500000
vt 0.054945 0.562500
vt 0.054945 0.625000
vt 0.054945 0.687500
vt 0.054945 0.750000
vt 0.054945 0.812500
vt 0.054945 0.875000
vt 0.065934 1.000000
vt 0.065934 0.937500
vt 0.065934 0.062500
vt 0.065934 0.000000
vt 0.065934 0.125000
vt 0.065934 0.187500
vt 0.065934 0.250000
vt 0.065934 0.312500
vt 0.065934 0.375000
vt 0.065934 0.437500
vt 0.065934 0.500000
vt 0.065934 0.562500
vt 0.065934 0.625000
vt 0.065934 0.687500
vt 0.065934 0.750000
vt 0.065934 0.812500
vt 0.065934 0.875000
vt 0.076923 1.000000
vt 0.076923 0.937500
vt 0.076923 0.062500
vt 0.076923 0.000000
vt 0.076923 0.125000
vt 0.076923 0.187500
vt 0.076923 0.250000
vt 0.076923 0.312500
vt 0.076923 0.375000
vt 0.076923 0.437500
vt 0.076923 0.500000
vt 0.076923 0.562500
vt 0.076923 0.625000
vt 0.076923 0.687500
vt 0.076923 0.750000
vt 0.076923 0.812500
vt 0.076923 0.875000
vt 0.087912 1.000000
vt 0.087912 0.937500
vt 0.087912 0.062500
vt 0.087912 0.000000
vt 0.087912 0.125000
vt 0.087912 0.187500
vt 0.087912 0.250000
vt 0.087912 0.312500
vt 0.087912 0.375000
vt 0.087912 0.437500
vt 0.087912 0.500000
vt 0.087912 0.562500
vt 0.087912 0.625000
vt 0.087912 0.687500
vt 0.087912 0.750000
vt 0.087912 0.812500
vt 0.087912 0.875000
vt 0.098901 1.000000
vt 0.098901 0.937500
vt 0.098901 0.062500
vt 0.098901 0.000000
vt 0.098901 0.125000
vt 0.098901 0.187500
vt 0.098901 0.250000
vt 0.098901 0.312500
vt 0.098901 0.375000
vt 0.098901 0.437500
vt 0.098901 0.500000
vt 0.098901 0.562500
vt 0.098901 0.625000
vt 0.098901 0.687500
vt 0.098901 0.750000
vt 0.098901 0.812500
vt 0.098901 0.875000
vt 0.109890 1.000000
vt 0.109890 0.937500
vt 0.109890 0.062500
vt 0.109890 0.000000
vt 0.109890 0.125000
vt 0.109890 0.187500
vt 0.109890 0.250000
vt 0.109890 0.312500
vt 0.109890 0.375000
vt 0.109890 0.437500
vt 0.109890 0.500000
vt 0.109890 0.562500
vt 0.109890 0.625000
vt 0.109890 0.687500
vt 0.109890 0.750000
vt 0.109890 0.812500
vt 0.109890 0.875000
vt 0.120879 1.000000
vt 0.120879 0.937500
vt 0.120879 0.062500
vt 0.120879 0.000000
vt 0.120879 0.125000
vt 0.120879 0.187500
vt 0.120879 0.250000
vt 0.120879 0.312500
vt 0.120879 0.375000
vt 0.120879 0.437500
vt 0.120879 0.500000
vt 0.120879 0.562500
vt 0.120879 0.625000
vt 0.120879 0.687500
vt 0.120879 0.750000
vt 0.120879 0.812500
vt 0.120879 0.875000
vt 0.131868 1.000000
vt 0.131868 0.937500
vt 0.131868 0.062500
vt 0.131868 0.000000
vt 0.131868 0.125000
vt 0.131868 0.187500
vt 0.131868 0.250000
vt 0.131868 0.312500
vt 0.131868 0.375000
vt 0.131868 0.437500
vt 0.131868 0.500000
vt 0.131868 0.562500
vt 0.131868 0.625000
vt 0.131868 0.687500
vt 0.131868 0.750000
vt 0.131868 0.812500
vt 0.131868 0.875000
vt 0.142857 1.000000
vt 0.142857 0.937500
vt 0.142857 0.062500
vt 0.142857 0.000000
vt 0.142857 0.125000
vt 0.142857 0.187500
vt 0.142857 0.250000
vt 0.142857 0.312500
vt 0.142857 0.375000
vt 0.142857 0.437500
vt 0.142857 0.500000
vt 0.142857 0.562500
vt 0.142857 0.625000
vt 0.142857 0.687500
vt 0.142857 0.750000
vt 0.142857 0.812500
vt 0.142857 0.875000
vt 0.153846 1.000000
vt 0.153846 0.937500
vt 0.153846 0.062500
vt 0.153846 0.000000
vt 0.153846 0.125000
vt 0.153846 0.187500
vt 0.153846 0.250000
vt 0.153846 0.312500
vt 0.153846 0.375000
vt 0.153846 0.437500
vt 0.153846 0.500000
vt 0.153846 0.562500
vt 0.153846 0.625000
vt 0.153846 0.687500
vt 0.153846 0.750000
vt 0.153846 0.812500
vt 0.153846 0.875000
vt 0.164835 1.000000
vt 0.164835 0.937500
vt 0.164835 0.062500
vt 0.164835 0.000000
vt 0.164835 0.125000
vt 0.164835 0.187500
vt 0.164835 0.250000
vt 0.164835 0.312500
vt 0.164835 0.375000
vt 0.164835 0.437500
vt 0.164835 0.500000
vt 0.164835 0.562500
vt 0.164835 0.625000
vt 0.164835 0.687500
vt 0.164835 0.750000
vt 0.164835 0.812500
vt 0.164835 0.875000
vt 0.175824 1.000000
vt 0.175824 0.937500
vt 0.175824 0.062500
vt 0.175824 0.000000
vt 0.175824 0.125000
vt 0.175824 0.187500
vt 0.175824 0.250000
vt 0.175824 0.312500
vt 0.175824 0.375000
vt 0.175824 0.437500
vt 0.175824 0.500000
vt 0.175824 0.562500
vt 0.175824 0.625000
vt 0.175824 0.687500
vt 0.175824 0.750000
vt 0.175824 0.812500
vt 0.175824 0.875000
vt 0.186813 1.000000
vt 0.186813 0.937500
vt 0.186813 0.062500
vt 0.186813 0.000000
vt 0.186813 0.125000
vt 0.186813 0.187500
vt 0.186813 0.250000
vt 0.186813 0.312500
vt 0.186813 0.375000
vt 0.186813 0.437500
vt 0.186813 0.500000
vt 0.186813 0.562500
vt 0.186813 0.625000
vt 0.186813 0.687500
vt 0.186813 0.750000
vt 0.186813 0.812500
vt 0.186813 0.875000
vt 0.197802 1.000000
vt 0.197802 0.937500
vt 0.197802 0.062500
vt 0.197802 0.000000
vt 0.197802 0.125000
vt 0.197802 0.187500
vt 0.197802 0.250000
vt 0.197802 0.312500
vt 0.197802 0.375000
vt 0.197802 0.437500
vt 0.197802 0.500000
vt 0.197802 0.562500
vt 0.197802 0.625000
vt 0.197802 0.687500
vt 0.197802 0.750000
vt 0.197802 0.812500
vt 0.197802 0.875000
vt 0.208791 1.000000
vt 0.208791 0.937500
vt 0.208791 0.062500
vt 0.208791 0.000000
vt 0.208791 0.125000
vt 0.208791 0.187500
vt 0.208791 0.250000
vt 0.208791 0.312500
vt 0.208791 0.375000
vt 0.208791 0.437500
vt 0.208791 0.500000
vt 0.208791 0.562500
vt 0.208791 0.625000
vt 0.208791 0.687500
vt 0.208791 0.750000
vt 0.208791 0.812500
vt 0.208791 0.875000
vt 0.219780 1.000000
vt 0.219780 0.937500
vt 0.219780 0.062500
vt 0.219780 0.000000
vt 0.219780 0.125000
vt 0.219780 0.187500
vt 0.219780 0.250000
vt 0.219780 0.312500
vt 0.219780 0.375000
vt 0.219780 0.437500
vt 0.219780 0.500000
vt 0.219780 0.562500
vt 0.219780 0.625000
vt 0.219780 0.687500
vt 0.219780 0.750000
vt 0.219780 0.812500
vt 0.219780 0.875000
vt 0.230769 1.000000
vt 0.230769 0.937500
vt 0.230769 0.062500
vt 0.230769 0.000000
vt 0.230769 0.125000
vt 0.230769 0.187500
vt 0.230769 0.250000
vt 0.230769 0.312500
vt 0.230769 0.375000
vt 0.230769 0.437500
vt 0.230769 0.500000
vt 0.230769 0.562500
vt 0.230769 0.625000
vt 0.230769 0.687500
vt 0.230769 0.750000
vt 0.230769 0.812500
vt 0.230769 0.875000
vt 0.241758 1.000000
vt 0.241758 0.937500
vt 0.241758 0.062500
vt 0.241758 0.000000
vt 0.241758 0.125000
vt 0.241758 0.187500
vt 0.241758 0.250000
vt 0.241758 0.312500
vt 0.241758 0.375000
vt 0.241758 0.437500
vt 0.241758 0.500000
vt 0.241758 0.562500
vt 0.241758 0.625000
vt 0.241758 0.687500
vt 0.241758 0.750000
vt 0.241758 0.812500
vt 0.241758 0.875000
vt 0.252747 1.000000
vt 0.252747 0.937500
vt 0.252747 0.062500
vt 0.252747 0.000000
vt 0.252747 0.125000
vt 0.252747 0.187500
vt 0.252747 0.250000
vt 0.252747 0.312500
vt 0.252747 0.375000
vt 0.252747 0.437500
vt 0.252747 0.500000
vt 0.252747 0.562500
vt 0.252747 0.625000
vt 0.252747 0.687500
vt 0.252747 0.750000
vt 0.252747 0.812500
vt 0.252747 0.875000
vt 0.263736 1.000000
vt 0.263736 0.937500
vt 0.263736 0.062500
vt 0.263736 0.000000
vt 0.263736 0.125000
vt 0.263736 0.187500
vt 0.263736 0.250000
vt 0.263736 0.312500
vt 0.263736 0.375000
vt 0.263736 0.437500
vt 0.263736 0.500000
vt 0.263736 0.562500
vt 0.263736 0.625000
vt 0.263736 0.687500
vt 0.263736 0.750000
vt 0.263736 0.812500
vt 0.263736 0.875000
vt 0.274725 1.000000
vt 0.274725 0.937500
vt 0.274725 0.062500
vt 0.274725 0.000000
vt 0.274725 0.125000
vt 0.274725 0.187500
vt 0.274725 0.250000
vt 0.274725 0.312500
vt 0.274725 0.375000
vt 0.274725 0.437500
vt 0.274725 0.500000
vt 0.274725 0.562500
vt 0.274725 0.625000
vt 0.274725 0.687500
vt 0.274725 0.750000
vt 0.274725 0.812500
vt 0.274725 0.875000
vt 0.285714 1.000000
vt 0.285714 0.937500
vt 0.285714 0.062500
vt 0.285714 0.000000
vt 0.285714 0.125000
vt 0.285714 0.187500
vt 0.285714 0.250000
vt 0.285714 0.312500
vt 0.285714 0.375000
vt 0.285714 0.437500
vt 0.285714 0.500000
vt 0.285714 0.562500
vt 0.285714 0.625000
vt 0.285714 0.687500
vt 0.285714 0.750000
vt 0.285714 0.812500
vt 0.285714 0.875000
vt 0.296703 1.000000
vt 0.296703 0.937500
vt 0.296703 0.062500
vt 0.296703 0.000000
vt 0.296703 0.125000
vt 0.296703 0.187500
vt 0.296703 0.250000
vt 0.296703 0.312500
vt 0.296703 0.375000
vt 0.296703 0.437500
vt 0.296703 0.500000
vt 0.296703 0.562500
vt 0.296703 0.625000
vt 0.296703 0.687500
vt 0.296703 0.750000
vt 0.296703 0.812500
vt 0.296703 0.875000
vt 0.307692 1.000000
vt 0.307692 0.937500
vt 0.307692 0.062500
vt 0.307692 0.000000
vt 0.307692 0.125000
vt 0.307692 0.187500
vt 0.307692 0.250000
vt 0.307692 0.312500
vt 0.307692 0.375000
vt 0.307692 0.437500
vt 0.307692 0.500000
vt 0.307692 0.562500
vt 0.307692 0.625000
vt 0.307692 0.687500
vt 0.307692 0.750000
vt 0.307692 0.812500
vt 0.307692 0.875000
vt 0.318681 1.000000
vt 0.318681 0.937500
vt 0.318681 0.062500
vt 0.318681 0.000000
vt 0.318681 0.125000
vt 0.318681 0.187500
vt 0.318681 0.250000
vt 0.318681 0.312500
vt 0.318681 0.375000
vt 0.318681 0.437500
vt 0.318681 0.500000
vt 0.318681 0.562500
vt 0.318681 0.625000
vt 0.318681 0.687500
vt 0.318681 0.750000
vt 0.318681 0.812500
vt 0.318681 0.875000
vt 0.329670 1.000000
vt 0.329670 0.937500
vt 0.329670 0.062500
vt 0.329670 0.000000
vt 0.329670 0.125000
vt 0.329670 0.187500
vt 0.329670 0.250000
vt 0.329670 0.312500
vt 0.329670 0.375000
vt 0.329670 0.437500
vt 0.329670 0.500000
vt 0.329670 0.562500
vt 0.329670 0.625000
vt 0.329670 0.687500
vt 0.329670 0.750000
vt 0.329670 0.812500
vt 0.329670 0.875000
vt 0.340659 1.000000
vt 0.340659 0.937500
vt 0.340659 0.062500
vt 0.340659 0.000000
vt 0.340659 0.125000
vt 0.340659 0.187500
vt 0.340659 0.250000
vt 0.340659 0.312500
vt 0.340659 0.375000
vt 0.340659 0.437500
vt 0.340659 0.500000
vt 0.340659 0.562500
vt 0.340659 0.625000
vt 0.340659 0.687500
vt 0.340659 0.750000
vt 0.340659 0.812500
vt 0.340659 0.875000
vt 0.351648 1.000000
vt 0.351648 0.937500
vt 0.351648 0.062500
vt 0.351648 0.000000
vt 0.351648 0.125000
vt 0.351648 0.187500
vt 0.351648 0.250000
vt 0.351648 0.312500
vt 0.351648 0.375000
vt 0.351648 0.437500
vt 0.351648 0.500000
vt 0.351648 0.562500
vt 0.351648 0.625000
vt 0.351648 0.687500
vt 0.351648 0.750000
vt 0.351648 0.812500
vt 0.351648 0.875000
vt 0.362637 1.000000
vt 0.362637 0.937500
vt 0.362637 0.062500
vt 0.362637 0.000000
vt 0.362637 0.125000
vt 0.362637 0.187500
vt 0.362637 0.250000
vt 0.362637 0.312500
vt 0.362637 0.375000
vt 0.362637 0.437500
vt 0.362637 0.500000
vt 0.362637 0.562500
vt 0.362637 0.625000
vt 0.362637 0.687500
vt 0.362637 0.750000
vt 0.362637 0.812500
vt 0.362637 0.875000
vt 0.373626 1.000000
vt 0.373626 0.937500
vt 0.373626 0.062500
vt 0.373626 0.000000
vt 0.373626 0.125000
vt 0.373626 0.187500
vt 0.373626 0.250000
vt 0.373626 0.312500
vt 0.373626 0.375000
vt 0.373626 0.437500
vt 0.373626 0.500000
vt 0.373626 0.562500
vt 0.373626 0.625000
vt 0.373626 0.687500
vt 0.373626 0.750000
vt 0.373626 0.812500
vt 0.373626 0.875000
vt 0.384615 1.000000
vt 0.384615 0.937500
vt 0.384615 0.062500
vt 0.384615 0.000000
vt 0.384615 0.125000
vt 0.384615 0.187500
vt 0.384615 0.250000
vt 0.384615 0.312500
vt 0.384615 0.375000
vt 0.384615 0.437500
vt 0.384615 0.500000
vt 0.384615 0.562500
vt 0.384615 0.625000
vt 0.384615 0.687500
vt 0.384615 0.750000
vt 0.384615 0.812500
vt 0.384615 0.875000
vt 0.395604 1.000000
vt 0.395604 0.937500
vt 0.395604 0.062500
vt 0.395604 0.000000
vt 0.395604 0.125000
vt 0.395604 0.187500
vt 0.395604 0.250000
vt 0.395604 0.312500
vt 0.395604 0.375000
vt 0.395604 0.437500
vt 0.395604 0.500000
vt 0.395604 0.562500
vt 0.395604 0.625000
vt 0.395604 0.687500
vt 0.395604 0.750000
vt 0.395604 0.812500
vt 0.395604 0.875000
vt 0.406593 1.000000
vt 0.406593 0.937500
vt 0.406593 0.062500
vt 0.406593 0.000000
vt 0.406593 0.125000
vt 0.406593 0.187500
vt 0.406593 0.250000
vt 0.406593 0.312500
vt 0.406593 0.375000
vt 0.406593 0.437500
vt 0.406593 0.500000
vt 0.406593 0.562500
vt 0.406593 0.625000
vt 0.406593 0.687500
vt 0.406593 0.750000
vt 0.406593 0.812500
vt 0.406593 0.875000
vt 0.417582 1.000000
vt 0.417582 0.937500
vt 0.417582 0.062500
vt 0.417582 0.000000
vt 0.417582 0.125000
vt 0.417582 0.187500
vt 0.417582 0.250000
vt 0.417582 0.312500
vt 0.417582 0.375000
vt 0.417582 0.437500
vt 0.417582 0.500000
vt 0.417582 0.562500
vt 0.417582 0.625000
vt 0.417582 0.687500
vt 0.417582 0.750000
vt 0.417582 0.812500
vt 0.417582 0.875000
vt 0.428571 1.000000
vt 0.428571 0.937500
vt 0.428571 0.062500
vt 0.428571 0.000000
vt 0.428571 0.125000
vt 0.428571 0.187500
vt 0.428571 0.250000
vt 0.428571 0.312500
vt 0.428571 0.375000
vt 0.428571 0.437500
vt 0.428571 0.500000
vt 0.428571 0.562500
vt 0.428571 0.625000
vt 0.428571 0.687500
vt 0.428571 0.750000
vt 0.428571 0.812500
vt 0.428571 0.875000
vt 0.439560 1.000000
vt 0.439560 0.937500
vt 0.439560 0.062500
vt 0.439560 0.000000
vt 0.439560 0.125000
vt 0.439560 0.187500
vt 0.439560 0.250000
vt 0.439560 0.312500
vt 0.439560 0.375000
vt 0.439560 0.437500
vt 0.439560 0.500000
vt 0.439560 0.562500
vt 0.439560 0.625000
vt 0.439560 0.687500
vt 0.439560 0.750000
vt 0.439560 0.812500
vt 0.439560 0.875000
vt 0.450549 1.000000
vt 0.450549 0.937500
vt 0.450549 0.062500
vt 0.450549 0.000000
vt 0.450549 0.125000
vt 0.450549 0.187500
vt 0.450549 0.250000
vt 0.450549 0.312500
vt 0.450549 0.375000
vt 0.450549 0.437500
vt 0.450549 0.500000
vt 0.450549 0.562500
vt 0.450549 0.625000
vt 0.450549 0.687500
vt 0.450549 0.750000
vt 0.450549 0.812500
vt 0.450549 0.875000
vt 0.461538 1.000000
vt 0.461538 0.937500
vt 0.461538 0.062500
vt 0.461538 0.000000
vt 0.461538 0.125000
vt 0.461538 0.187500
vt 0.461538 0.250000
vt 0.461538 0.312500
vt 0.461538 0.375000
vt 0.461538 0.437500
vt 0.461538 0.500000
vt 0.461538 0.562500
vt 0.461538 0.625000
vt 0.461538 0.687500
vt 0.461538 0.750000
vt 0.461538 0.812500
vt 0.461538 0.875000
vt 0.472527 1.000000
vt 0.472527 0.937500
vt 0.472527 0.062500
vt 0.472527 0.000000
vt 0.472527 0.125000
vt 0.472527 0.187500
vt 0.472527 0.250000
vt 0.472527 0.312500
vt 0.472527 0.375000
vt 0.472527 0.437500
vt 0.472527 0.500000
vt 0.472527 0.562500
vt 0.472527 0.625000
vt 0.472527 0.687500
vt 0.472527 0.750000
vt 0.472527 0.812500
vt 0.472527 0.875000
vt 0.483516 1.000000
vt 0.483516 0.937500
vt 0.483516 0.062500
vt 0.483516 0.000000
vt 0.483516 0.125000
vt 0.483516 0.187500
vt 0.483516 0.250000
vt 0.483516 0.312500
vt 0.483516 0.375000
vt 0.483516 0.437500
vt 0.483516 0.500000
vt 0.483516 0.562500
vt 0.483516 0.625000
vt 0.483516 0.687500
vt 0.483516 0.750000
vt 0.483516 0.812500
vt 0.483516 0.875000
vt 0.494505 1.000000
vt 0.494505 0.937500
vt 0.494505 0.062500
vt 0.494505 0.000000
vt 0.494505 0.125000
vt 0.494505 0.187500
vt 0.494505 0.250000
vt 0.494505 0.312500
vt 0.494505 0.375000
vt 0.494505 0.437500
vt 0.494505 0.500000
vt 0.494505 0.562500
vt 0.494505 0.625000
vt 0.494505 0.687500
vt 0.494505 0.750000
vt 0.494505 0.812500
vt 0.494505 0.875000
vt 0.505495 1.000000
vt 0.505495 0.937500
vt 0.505495 0.062500
vt 0.505495 0.000000
vt 0.505495 0.125000
vt 0.505495 0.187500
vt 0.505495 0.250000
vt 0.505495 0.312500
vt 0.505495 0.375000
vt 0.505495 0.437500
vt 0.505495 0.500000
vt 0.505495 0.562500
vt 0.505495 0.625000
vt 0.505495 0.687500
vt 0.505495 0.750000
vt 0.505495 0.812500
vt 0.505495 0.875000
vt 0.516484 1.000000
vt 0.516484 0.937500
vt 0.516484 0.062500
vt 0.516484 0.000000
vt 0.516484 0.125000
vt 0.516484 0.187500
vt 0.516484 0.250000
vt 0.516484 0.312500
vt 0.516484 0.375000
vt 0.516484 0.437500
vt 0.516484 0.500000
vt 0.516484 0.562500
vt 0.516484 0.625000
vt 0.516484 0.687500
vt 0.516484 0.750000
vt 0.516484 0.812500
vt 0.516484 0.875000
vt 0.527473 1.000000
vt 0.527473 0.937500
vt 0.527473 0.062500
vt 0.527473 0.000000
vt 0.527473 0.125000
vt 0.527473 0.187500
vt 0.527473 0.250000
vt 0.527473 0.312500
vt 0.527473 0.375000
vt 0.527473 0.437500
vt 0.527473 0.500000
vt 0.527473 0.562500
vt 0.527473 0.625000
vt 0.527473 0.687500
vt 0.527473 0.750000
vt 0.527473 0.812500
vt 0.527473 0.875000
vt 0.538462 1.000000
vt 0.538462 0.937500
vt 0.538462 0.062500
vt 0.538462 0.000000
vt 0.538462 0.125000
vt 0.538462 0.187500
vt 0.538462 0.250000
vt 0.538462 0.312500
vt 0.538462 0.375000
vt 0.538462 0.437500
vt 0.538462 0.500000
vt 0.538462 0.562500
vt 0.538462 0.625000
vt 0.538462 0.687500
vt 0.538462 0.750000
vt 0.538462 0.812500
vt 0.538462 0.875000
vt 0.549451 1.000000
vt 0.549451 0.937500
vt 0.549451 0.062500
vt 0.549451 0.000000
vt 0.549451 0.125000
vt 0.549451 0.187500
vt 0.549451 0.250000
vt 0.549451 0.312500
vt 0.549451 0.375000
vt 0.549451 0.437500
vt 0.549451 0.500000
vt 0.549451 0.562500
vt 0.549451 0.625000
vt 0.549451 0.687500
vt 0.549451 0.750000
vt 0.549451 0.812500
vt 0.549451 0.875000
vt 0.560440 1.000000
vt 0.560440 0.937500
vt 0.560440 0.062500
vt 0.560440 0.000000
vt 0.560440 0.125000
vt 0.560440 0.187500
vt 0.560440 0.250000
vt 0.560440 0.312500
vt 0.560440 0.375000
vt 0.560440 0.437500
vt 0.560440 0.500000
vt 0.560440 0.562500
vt 0.560440 0.625000
vt 0.560440 0.687500
vt 0.560440 0.750000
vt 0.560440 0.812500
vt 0.560440 0.875000
vt 0.571429 1.000000
vt 0.571429 0.937500
vt 0.571429 0.062500
vt 0.571429 0.000000
vt 0.571429 0.125000
vt 0.571429 0.187500
vt 0.571429 0.250000
vt 0.571429 0.312500
vt 0.571429 0.375000
vt 0.571429 0.437500
vt 0.571429 0.500000
vt 0.571429 0.562500
vt 0.571429 0.625000
vt 0.571429 0.687500
vt 0.571429 0.750000
vt 0.571429 0.812500
vt 0.571429 0.875000
vt 0.582418 1.000000
vt 0.582418 0.937500
vt 0.582418 0.062500
vt 0.582418 0.000000
vt 0.582418 0.125000
vt 0.582418 0.187500
vt 0.582418 0.250000
vt 0.582418 0.312500
vt 0.582418 0.375000
vt 0.582418 0.437500
vt 0.582418 0.500000
vt 0.582418 0.562500
vt 0.582418 0.625000
vt 0.582418 0.687500
vt 0.582418 0.750000
vt 0.582418 0.812500
vt 0.582418 0.875000
vt 0.593407 1.000000
vt 0.593407 0.937500
vt 0.593407 0.062500
vt 0.593407 0.000000
vt 0.593407 0.125000
vt 0.593407 0.187500
vt 0.593407 0.250000
vt 0.593407 0.312500
vt 0.593407 0.375000
vt 0.593407 0.437500
vt 0.593407 0.500000
vt 0.593407 0.562500
vt 0.593407 0.625000
vt 0.593407 0.687500
vt 0.593407 0.750000
vt 0.593407 0.812500
vt 0.593407 0.875000
vt 0.604396 1.000000
vt 0.604396 0.937500
vt 0.604396 0.062500
vt 0.604396 0.000000
vt 0.604396 0.125000
vt 0.604396 0.187500
vt 0.604396 0.250000
vt 0.604396 0.312500
vt 0.604396 0.375000
vt 0.604396 0.437500
vt 0.604396 0.500000
vt 0.604396 0.562500
vt 0.604396 0.625000
vt 0.604396 0.687500
vt 0.604396 0.750000
vt 0.604396 0.812500
vt 0.604396 0.875000
vt 0.615385 1.000000
vt 0.615385 0.937500
vt 0.615385 0.062500
vt 0.615385 0.000000
vt 0.615385 0.125000
vt 0.615385 0.187500
vt 0.615385 0.250000
vt 0.615385 0.312500
vt 0.615385 0.375000
vt 0.615385 0.437500
vt 0.615385 0.500000
vt 0.615385 0.562500
vt 0.615385 0.625000
vt 0.615385 0.687500
vt 0.615385 0.750000
vt 0.615385 0.812500
vt 0.615385 0.875000
vt 0.626374 1.000000
vt 0.626374 0.937500
vt 0.626374 0.062500
vt 0.626374 0.000000
vt 0.626374 0.125000
vt 0.626374 0.187500
vt 0.626374 0.250000
vt 0.626374 0.312500
vt 0.626374 0.375000
vt 0.626374 0.437500
vt 0.626374 0.500000
vt 0.626374 0.562500
vt 0.626374 0.625000
vt 0.626374 0.687500
vt 0.626374 0.750000
vt 0.626374 0.812500
vt 0.626374 0.875000
vt 0.637363 1.000000
vt 0.637363 0.937500
vt 0.637363 0.062500
vt 0.637363 0.000000
vt 0.637363 0.125000
vt 0.637363 0.187500
vt 0.637363 0.250000
vt 0.637363 0.312500
vt 0.637363 0.375000
vt 0.637363 0.437500
vt 0.637363 0.500000
vt 0.637363 0.562500
vt 0.637363 0.625000
vt 0.637363 0.687500
vt 0.637363 0.750000
vt 0.637363 0.812500
vt 0.637363 0.875000
vt 0.648352 1.000000
vt 0.648352 0.937500
vt 0.648352 0.062500
vt 0.648352 0.000000
vt 0.648352 0.125000
vt 0.648352 0.187500
vt 0.648352 0.250000
vt 0.648352 0.312500
vt 0.648352 0.375000
vt 0.648352 0.437500
vt 0.648352 0.500000
vt 0.648352 0.562500
vt 0.648352 0.625000
vt 0.648352 0.687500
vt 0.648352 0.750000
vt 0.648352 0.812500
vt 0.648352 0.875000
vt 0.659341 1.000000
vt 0.659341 0.937500
vt 0.659341 0.062500
vt 0.659341 0.000000
vt 0.659341 0.125000
vt 0.659341 0.187500
vt 0.659341 0.250000
vt 0.659341 0.312500
vt 0.659341 0.375000
vt 0.659341 0.437500
vt 0.659341 0.500000
vt 0.659341 0.562500
vt 0.659341 0.625000
vt 0.659341 0.687500
vt 0.659341 0.750000
vt 0.659341 0.812500
vt 0.659341 0.875000
vt 0.670330 1.000000
vt 0.670330 0.937500
vt 0.670330 0.062500
vt 0.670330 0.000000
vt 0.670330 0.125000
vt 0.670330 0.187500
vt 0.670330 0.250000
vt 0.670330 0.312500
vt 0.670330 0.375000
vt 0.670330 0.437500
vt 0.670330 0.500000
vt 0.670330 0.562500
vt 0.670330 0.625000
vt 0.670330 0.687500
vt 0.670330 0.750000
vt 0.670330 0.812500
vt 0.670330 0.875000
vt 0.681319 1.000000
vt 0.681319 0.937500
vt 0.681319 0.062500
vt 0.681319 0.000000
vt 0.681319 0.125000
vt 0.681319 0.187500
vt 0.681319 0.250000
vt 0.681319 0.312500
vt 0.681319 0.375000
vt 0.681319 0.437500
vt 0.681319 0.500000
vt 0.681319 0.562500
vt 0.681319 0.625000
vt 0.681319 0.687500
vt 0.681319 0.750000
vt 0.681319 0.812500
vt 0.681319 0.875000
vt 0.692308 1.000000
vt 0.692308 0.937500
vt 0.692308 0.062500
vt 0.692308 0.000000
vt 0.692308 0.125000
vt 0.692308 0.187500
vt 0.692308 0.250000
vt 0.692308 0.312500
vt 0.692308 0.375000
vt 0.692308 0.437500
vt 0.692308 0.500000
vt 0.692308 0.562500
vt 0.692308 0.625000
vt 0.692308 0.687500
vt 0.692308 0.750000
vt 0.692308 0.812500
vt 0.692308 0.875000
vt 0.703297 1.000000
vt 0.703297 0.937500
vt 0.703297 0.062500
vt 0.703297 0.000000
vt 0.703297 0.125000
vt 0.703297 0.187500
vt 0.703297 0.250000
vt 0.703297 0.312500
vt 0.703297 0.375000
vt 0.703297 0.437500
vt 0.703297 0.500000
vt 0.703297 0.562500
vt 0.703297 0.625000
vt 0.703297 0.687500
vt 0.703297 0.750000
vt 0.703297 0.812500
vt 0.703297 0.875000
vt 0.714286 1.000000
vt 0.714286 0.937500
vt 0.714286 0.062500
vt 0.714286 0.000000
vt 0.714286 0.125000
vt 0.714286 0.187500
vt 0.714286 0.250000
vt 0.714286 0.312500
vt 0.714286 0.375000
vt 0.714286 0.437500
vt 0.714286 0.500000
vt 0.714286 0.562500
vt 0.714286 0.625000
vt 0.714286 0.687500
vt 0.714286 0.750000
vt 0.714286 0.812500
vt 0.714286 0.875000
vt 0.725275 1.000000
vt 0.725275 0.937500
vt 0.725275 0.062500
vt 0.725275 0.000000
vt 0.725275 0.125000
vt 0.725275 0.187500
vt 0.725275 0.250000
vt 0.725275 0.312500
vt 0.725275 0.375000
vt 0.725275 0.437500
vt 0.725275 0.500000
vt 0.725275 0.562500
vt 0.725275 0.625000
vt 0.725275 0.687500
vt 0.725275 0.750000
vt 0.725275 0.812500
vt 0.725275 0.875000
vt 0.736264 1.000000
vt 0.736264 0.937500
vt 0.736264 0.062500
vt 0.736264 0.000000
vt 0.736264 0.125000
vt 0.736264 0.187500
vt 0.736264 0.250000
vt 0.736264 0.312500
vt 0.736264 0.375000
vt 0.736264 0.437500
vt 0.736264 0.500000
vt 0.736264 0.562500
vt 0.736264 0.625000
vt 0.736264 0.687500
vt 0.736264 0.750000
vt 0.736264 0.812500
vt 0.736264 0.875000
vt 0.747253 1.000000
vt 0.747253 0.937500
vt 0.747253 0.062500
vt 0.747253 0.000000
vt 0.747253 0.125000
vt 0.747253 0.187500
vt 0.747253 0.250000
vt 0.747253 0.312500
vt 0.747253 0.375000
vt 0.747253 0.437500
vt 0.747253 0.500000
vt 0.747253 0.562500
vt 0.747253 0.625000
vt 0.747253 0.687500
vt 0.747253 0.750000
vt 0.747253 0.812500
vt 0.747253 0.875000
vt 0.758242 1.000000
vt 0.758242 0.937500
vt 0.758242 0.062500
vt 0.758242 0.000000
vt 0.758242 0.125000
vt 0.758242 0.187500
vt 0.758242 0.250000
vt 0.758242 0.312500
vt 0.758242 0.375000
vt 0.758242 0.437500
vt 0.758242 0.500000
vt 0.758242 0.562500
vt 0.758242 0.625000
vt 0.758242 0.687500
vt 0.758242 0.750000
vt 0.758242 0.812500
vt 0.758242 0.875000
vt 0.769231 1.000000
vt 0.769231 0.937500
vt 0.769231 0.062500
vt 0.769231 0.000000
vt 0.769231 0.125000
vt 0.769231 0.187500
vt 0.769231 0.250000
vt 0.769231 0.312500
vt 0.769231 0.375000
vt 0.769231 0.437500
vt 0.769231 0.500000
vt 0.769231 0.562500
vt 0.769231 0.625000
vt 0.769231 0.687500
vt 0.769231 0.750000
vt 0.769231 0.812500
vt 0.769231 0.875000
vt 0.780220 1.000000
vt 0.780220 0.937500
vt 0.780220 0.062500
vt 0.780220 0.000000
vt 0.780220 0.125000
vt 0.780220 0.187500
vt 0.780220 0.250000
vt 0.780220 0.312500
vt 0.780220 0.375000
vt 0.780220 0.437500
vt 0.780220 0.500000
vt 0.780220 0.562500
vt 0.780220 0.625000
vt 0.780220 0.687500
vt 0.780220 0.750000
vt 0.780220 0.812500
vt 0.780220 0.875000
vt 0.791209 1.000000
vt 0.791209 0.937500
vt 0.791209 0.062500
vt 0.791209 0.000000
vt 0.791209 0.125000
vt 0.791209 0.187500
vt 0.791209 0.250000
vt 0.791209 0.312500
vt 0.791209 0.375000
vt 0.791209 0.437500
vt 0.791209 0.500000
vt 0.791209 0.562500
vt 0.791209 0.625000
vt 0.791209 0.687500
vt 0.791209 0.750000
vt 0.791209 0.812500
vt 0.791209 0.875000
vt 0.802198 1.000000
vt 0.802198 0.937500
vt 0.802198 0.062500
vt 0.802198 0.000000
vt 0.802198 0.125000
vt 0.802198 0.187500
vt 0.802198 0.250000
vt 0.802198 0.312500
vt 0.802198 0.375000
vt 0.802198 0.437500
vt 0.802198 0.500000
vt 0.802198 0.562500
vt 0.802198 0.625000
vt 0.802198 0.687500
vt 0.802198 0.750000
vt 0.802198 0.812500
vt 0.802198 0.875000
vt 0.813187 1.000000
vt 0.813187 0.937500
vt 0.813187 0.062500
vt 0.813187 0.000000
vt 0.813187 0.125000
vt 0.813187 0.187500
vt 0.813187 0.250000
vt 0.813187 0.312500
vt 0.813187 0.375000
vt 0.813187 0.437500
vt 0.813187 0.500000
vt 0.813187 0.562500
vt 0.813187 0.625000
vt 0.813187 0.687500
vt 0.813187 0.750000
vt 0.813187 0.812500
vt 0.813187 0.875000
vt 0.824176 1.000000
vt 0.824176 0.937500
vt 0.824176 0.062500
vt 0.824176 0.000000
vt 0.824176 0.125000
vt 0.824176 0.187500
vt 0.824176 0.250000
vt 0.824176 0.312500
vt 0.824176 0.375000
vt 0.824176 0.437500
vt 0.824176 0.500000
vt 0.824176 0.562500
vt 0.824176 0.625000
vt 0.824176 0.687500
vt 0.824176 0.750000
vt 0.824176 0.812500
vt 0.824176 0.875000
vt 0.835165 1.000000
vt 0.835165 0.937500
vt 0.835165 0.062500
vt 0.835165 0.000000
vt 0.835165 0.125000
vt 0.835165 0.187500
vt 0.835165 0.250000
vt 0.835165 0.312500
vt 0.835165 0.375000
vt 0.835165 0.437500
vt 0.835165 0.500000
vt 0.835165 0.562500
vt 0.835165 0.625000
vt 0.835165 0.687500
vt 0.835165 0.750000
vt 0.835165 0.812500
vt 0.835165 0.875000
vt 0.846154 1.000000
vt 0.846154 0.937500
vt 0.846154 0.062500
vt 0.846154 0.000000
vt 0.846154 0.125000
vt 0.846154 0.187500
vt 0.846154 0.250000
vt 0.846154 0.312500
vt 0.846154 0.375000
vt 0.846154 0.437500
vt 0.846154 0.500000
vt 0.846154 0.562500
vt 0.846154 0.625000
vt 0.846154 0.687500
vt 0.846154 0.750000
vt 0.846154 0.812500
vt 0.846154 0.875000
vt 0.857143 1.000000
vt 0.857143 0.937500
vt 0.857143 0.062500
vt 0.857143 0.000000
vt 0.857143 0.125000
vt 0.857143 0.187500
vt 0.857143 0.250000
vt 0.857143 0.312500
vt 0.857143 0.375000
vt 0.857143 0.437500
vt 0.857143 0.500000
vt 0.857143 0.562500
vt 0.857143 0.625000
vt 0.857143 0.687500
vt 0.857143 0.750000
vt 0.857143 0.812500
vt 0.857143 0.875000
vt 0.868132 1.000000
vt 0.868132 0.937500
vt 0.868132 0.062500
vt 0.868132 0.000000
vt 0.868132 0.125000
vt 0.868132 0.187500
vt 0.868132 0.250000
vt 0.868132 0.312500
vt 0.868132 0.375000
vt 0.868132 0.437500
vt 0.868132 0.500000
vt 0.868132 0.562500
vt 0.868132 0.625000
vt 0.868132 0.687500
vt 0.868132 0.750000
vt 0.868132 0.812500
vt 0.868132 0.875000
vt 0.879121 1.000000
vt 0.879121 0.937500
vt 0.879121 0.062500
vt 0.879121 0.000000
vt 0.879121 0.125000
vt 0.879121 0.187500
vt 0.879121 0.250000
vt 0.879121 0.312500
vt 0.879121 0.375000
vt 0.879121 0.437500
vt 0.879121 0.500000
vt 0.879121 0.562500
vt 0.879121 0.625000
vt 0.879121 0.687500
vt 0.879121 0.750000
vt 0.879121 0.812500
vt 0.879121 0.875000
vt 0.890110 1.000000
vt 0.890110 0.937500
vt 0.890110 0.062500
vt 0.890110 0.000000
vt 0.890110 0.125000
vt 0.890110 0.187500
vt 0.890110 0.250000
vt 0.890110 0.312500
vt 0.890110 0.375000
vt 0.890110 0.437500
vt 0.890110 0.500000
vt 0.890110 0.562500
vt 0.890110 0.625000
vt 0.890110 0.687500
vt 0.890110 0.750000
vt 0.890110 0.812500
vt 0.890110 0.875000
vt 0.901099 1.000000
vt 0.901099 0.937500
vt 0.901099 0.062500
vt 0.901099 0.000000
vt 0.901099 0.125000
vt 0.901099 0.187500
vt 0.901099 0.250000
vt 0.901099 0.312500
vt 0.901099 0.375000
vt 0.901099 0.437500
vt 0.901099 0.500000
vt 0.901099 0.562500
vt 0.901099 0.625000
vt 0.901099 0.687500
vt 0.901099 0.750000
vt 0.901099 0.812500
vt 0.901099 0.875000
vt 0.912088 1.000000
vt 0.912088 0.937500
vt 0.912088 0.062500
vt 0.912088 0.000000
vt 0.912088 0.125000
vt 0.912088 0.187500
vt 0.912088 0.250000
vt 0.912088 0.312500
vt 0.912088 0.375000
vt 0.912088 0.437500
vt 0.912088 0.500000
vt 0.912088 0.562500
vt 0.912088 0.625000
vt 0.912088 0.687500
vt 0.912088 0.750000
vt 0.912088 0.812500
vt 0.912088 0.875000
vt 0.923077 1.000000
vt 0.923077 0.937500
vt 0.923077 0.062500
vt 0.923077 0.000000
vt 0.923077 0.125000
vt 0.923077 0.187500
vt 0.923077 0.250000
vt 0.923077 0.312500
vt 0.923077 0.375000
vt 0.923077 0.437500
vt 0.923077 0.500000
vt 0.923077 0.562500
vt 0.923077 0.625000
vt 0.923077 0.687500
vt 0.923077 0.750000
vt 0.923077 0.812500
vt 0.923077 0.875000
vt 0.934066 1.000000
vt 0.934066 0.937500
vt 0.934066 0.062500
vt 0.934066 0.000000
vt 0.934066 0.125000
vt 0.934066 0.187500
vt 0.934066 0.250000
vt 0.934066 0.312500
vt 0.934066 0.375000
vt 0.934066 0.437500
vt 0.934066 0.500000
vt 0.934066 0.562500
vt 0.934066 0.625000
vt 0.934066 0.687500
vt 0.934066 0.750000
vt 0.934066 0.812500
vt 0.934066 0.875000
vt 0.945055 1.000000
vt 0.945055 0.937500
vt 0.945055 0.062500
vt 0.945055 0.000000
vt 0.945055 0.125000
vt 0.945055 0.187500
vt 0.945055 0.250000
vt 0.945055 0.312500
vt 0.945055 0.375000
vt 0.945055 0.437500
vt 0.945055 0.500000
vt 0.945055 0.562500
vt 0.945055 0.625000
vt 0.945055 0.687500
vt 0.945055 0.750000
vt 0.945055 0.812500
vt 0.945055 0.875000
vt 0.956044 1.000000
vt 0.956044 0.937500
vt 0.956044 0.062500
vt 0.956044 0.000000
vt 0.956044 0.125000
vt 0.956044 0.187500
vt 0.956044 0.250000
vt 0.956044 0.312500
vt 0.956044 0.375000
vt 0.956044 0.437500
vt 0.956044 0.500000
vt 0.956044 0.562500
vt 0.956044 0.625000
vt 0.956044 0.687500
vt 0.956044 0.750000
vt 0.956044 0.812500
vt 0.956044 0.875000
vt 0.967033 1.000000
vt 0.967033 0.937500
vt 0.967033 0.062500
vt 0.967033 0.000000
vt 0.967033 0.125000
vt 0.967033 0.187500
vt 0.967033 0.250000
vt 0.967033 0.312500
vt 0.967033 0.375000
vt 0.967033 0.437500
vt 0.967033 0.500000
vt 0.967033 0.562500
vt 0.967033 0.625000
vt 0.967033 0.687500
vt 0.967033 0.750000
vt 0.967033 0.812500
vt 0.967033 0.875000
vt 0.978022 1.000000
vt 0.978022 0.937500
vt 0.978022 0.062500
vt 0.978022 0.000000
vt 0.978022 0.125000
vt 0.978022 0.187500
vt 0.978022 0.250000
vt 0.978022 0.312500
vt 0.978022 0.375000
vt 0.978022 0.437500
vt 0.978022 0.500000
vt 0.978022 0.562500
vt 0.978022 0.625000
vt 0.978022 0.687500
vt 0.978022 0.750000
vt 0.978022 0.812500
vt 0.978022 0.875000
vt 0.989011 1.000000
vt 0.989011 0.937500
vt 0.989011 0.062500
vt 0.989011 0.000000
vt 0.989011 0.125000
vt 0.989011 0.187500
vt 0.989011 0.250000
vt 0.989011 0.312500
vt 0.989011 0.375000
vt 0.989011 0.437500
vt 0.989011 0.500000
vt 0.989011 0.562500
vt 0.989011 0.625000
vt 0.989011 0.687500
vt 0.989011 0.750000
vt 0.989011 0.812500
vt 0.989011 0.875000
vt 1.000000 1.000000
vt 1.000000 0.937500
vt 1.000000 0.062500
vt 1.000000 0.000000
vt 1.000000 0.125000
vt 1.000000 0.187500
vt 1.000000 0.250000
vt 1.000000 0.312500
vt 1.000000 0.375000
vt 1.000000 0.437500
vt 1.000000 0.500000
vt 1.000000 0.562500
vt 1.000000 0.625000
vt 1.000000 0.687500
vt 1.000000 0.750000
vt 1.000000 0.812500
vt 1.000000 0.875000
usemtl SpiralMaterial
s 1
f 1/1/1 17/2/2 32/3/3 16/4/4
f 2/5/5 18/6/6 17/7/2 1/8/1
f 3/9/7 19/10/8 18/6/6 2/5/5
f 4/11/9 20/12/10 19/10/8 3/9/7
f 5/13/11 21/14/12 20/12/10 4/11/9
f 6/15/13 22/16/14 21/14/12 5/13/11
f 7/17/15 23/18/16 22/16/14 6/15/13
f 8/19/17 24/20/18 23/18/16 7/17/15
f 9/21/19 25/22/20 24/20/18 8/19/17
f 10/23/21 26/24/22 25/22/20 9/21/19
f 11/25/23 27/26/24 26/24/22 10/23/21
f 12/27/25 28/28/26 27/26/24 11/25/23
f 13/29/27 29/30/28 28/28/26 12/27/25
f 14/31/29 30/32/30 29/30/28 13/29/27
f 15/33/31 31/34/32 30/32/30 14/31/29
f 16/4/4 32/3/3 31/34/32 15/33/31
f 17/2/2 33/35/33 48/36/34 32/3/3
f 18/6/6 34/37/35 33/38/33 17/7/2
f 19/10/8 35/39/36 34/37/35 18/6/6
f 20/12/10 36/40/37 35/39/36 19/10/8
f 21/14/12 37/41/38 36/40/37 20/12/10
f 22/16/14 38/42/39 37/41/38 21/14/12
f 23/18/16 39/43/40 38/42/39 22/16/14
f 24/20/18 40/44/41 39/43/40 23/18/16
f 25/22/20 41/45/42 40/44/41 24/20/18
f 26/24/22 42/46/43 41/45/42 25/22/20
f 27/26/24 43/47/44 42/46/43 26/24/22
f 28/28/26 44/48/45 43/47/44 27/26/24
f 29/30/28 45/49/46 44/48/45 28/28/26
f 30/32/30 46/50/47 45/49/46 29/30/28
f 31/34/32 47/51/48 46/50/47 30/32/30
f 32/3/3 48/36/34 47/51/48 31/34/32
f 33/35/33 49/52/49 64/53/50 48/36/34
f 34/37/35 50/54/51 49/55/49 33/38/33
f 35/39/36 51/56/52 50/54/51 34/37/35
f 36/40/37 52/57/53 51/56/52 35/39/36
f 37/41/38 53/58/54 52/57/53 36/40/37
f 38/42/39 54/59/55 53/58/54 37/41/38
f 39/43/40 55/60/56 54/59/55 38/42/39
f 40/44/41 56/61/57 55/60/56 39/43/40
f 41/45/42 57/62/58 56/61/57 40/44/41
f 42/46/43 58/63/59 57/62/58 41/45/42
f 43/47/44 59/64/60 58/63/59 42/46/43
f 44/48/45 60/65/61 59/64/60 43/47/44
f 45/49/46 61/66/62 60/65/61 44/48/45
f 46/50/47 62/67/63 61/66/62 45/49/46
f 47/51/48 63/68/64 62/67/63 46/50/47
f 48/36/34 64/53/50 63/68/64 47/51/48
f 49/52/49 65/69/65 80/70/66 64/53/50
f 50/54/51 66/71/67 65/72/65 49/55/49
f 51/56/52 67/73/68 66/71/67 50/54/51
f 52/57/53 68/74/69 67/73/68 51/56/52
f 53/58/54 69/75/70 68/74/69 52/57/53
f 54/59/55 70/76/71 69/75/70 53/58/54
f 55/60/56 71/77/72 70/76/71 54/59/55
f 56/61/57 72/78/73 71/77/72 55/60/56
f 57/62/58 73/79/74 72/78/73 56/61/57
f 58/63/59 74/80/75 73/79/74 57/62/58
f 59/64/60 75/81/76 74/80/75 58/63/59
f 60/65/61 76/82/77 75/81/76 59/64/60
f 61/66/62 77/83/78 76/82/77 60/65/61
f 62/67/63 78/84/79 77/83/78 61/66/62
f 63/68/64 79/85/80 78/84/79 62/67/63
f 64/53/50 80/70/66 79/85/80 63/68/64
f 65/69/65 81/86/81 96/87/82 80/70/66
f 66/71/67 82/88/83 81/89/81 65/72/65
f 67/73/68 83/90/84 82/88/83 66/71/67
f 68/74/69 84/91/85 83/90/84 67/73/68
f 69/75/70 85/92/86 84/91/85 68/74/69
f 70/76/71 86/93/87 85/92/86 69/75/70
f 71/77/72 87/94/88 86/93/87 70/76/71
f 72/78/73 88/95/89 87/94/88 71/77/72
f 73/79/74 89/96/90 88/95/89 72/78/73
f 74/80/75 90/97/91 89/96/90 73/79/74
f 75/81/76 91/98/92 90/97/91 74/80/75
f 76/82/77 92/99/93 91/98/92 75/81/76
f 77/83/78 93/100/94 92/99/93 76/82/77
f 78/84/79 94/101/95 93/100/94 77/83/78
f 79/85/80 95/102/96 94/101/95 78/84/79
f 80/70/66 96/87/82 95/102/96 79/85/80
f 81/86/81 97/103/97 112/104/98 96/87/82
f 82/88/83 98/105/99 97/106/97 81/89/81
f 83/90/84 99/107/100 98/105/99 82/88/83
f 84/91/85 100/108/101 99/107/100 83/90/84
f 85/92/86 101/109/102 100/108/101 84/91/85
f 86/93/87 102/110/103 101/109/102 85/92/86
f 87/94/88 103/111/104 102/110/103 86/93/87
f 88/95/89 104/112/105 103/111/104 87/94/88
f 89/96/90 105/113/106 104/112/105 88/95/89
f 90/97/91 106/114/107 105/113/106 89/96/90
f 91/98/92 107/115/108 106/114/107 90/97/91
f 92/99/93 108/116/109 107/115/108 91/98/92
f 93/100/94 109/117/110 108/116/109 92/99/93
f 94/101/95 110/118/111 109/117/110 93/100/94
f 95/102/96 111/119/112 110/118/111 94/101/95
f 96/87/82 112/104/98 111/119/112 95/102/96
f 97/103/97 113/120/113 128/121/114 112/104/98
f 98/105/99 114/122/115 113/123/113 97/106/97
f 99/107/100 115/124/116 114/122/115 98/105/99
f 100/108/101 116/125/117 115/124/116 99/107/100
f 101/109/102 117/126/118 116/125/117 100/108/101
f 102/110/103 118/127/119 117/126/118 101/109/102
f 103/111/104 119/128/120 118/127/119 102/110/103
f 104/112/105 120/129/121 119/128/120 103/111/104
f 105/113/106 121/130/122 120/129/121 104/112/105
f 106/114/107 122/131/123 121/130/122 105/113/106
f 107/115/108 123/132/124 122/131/123 106/114/107
f 108/116/109 124/133/125 123/132/124 107/115/108
f 109/117/110 125/134/126 124/133/125 108/116/109
f 110/118/111 126/135/127 125/134/126 109/117/110
f 111/119/112 127/136/128 126/135/127 110/118/111
f 112/104/98 128/121/114 127/136/128 111/119/112
f 113/120/113 129/137/129 144/138/130 128/121/114
f 114/122/115 130/139/131 129/140/129 113/123/113
f 115/124/116 131/141/132 130/139/131 114/122/115
f 116/125/117 132/142/133 131/141/132 115/124/116
f 117/126/118 133/143/134 132/142/133 116/125/117
f 118/127/119 134/144/135 133/143/134 117/126/118
f 119/128/120 135/145/136 134/144/135 118/127/119
f 120/129/121 136/146/137 135/145/136 119/128/120
f 121/130/122 137/147/138 136/146/137 120/129/121
f 122/131/123 138/148/139 137/147/138 121/130/122
f 123/132/124 139/149/140 138/148/139 122/131/123
f 124/133/125 140/150/141 139/149/140 123/132/124
f 125/134/126 141/151/142 140/150/141 124/133/125
f 126/135/127 142/152/143 141/151/142 125/134/126
f 127/136/128 143/153/144 142/152/143 126/135/127
f 128/121/114 144/138/130 143/153/144 127/136/128
f 129/137/129 145/154/145 160/155/146 144/138/130
f 130/139/131 146/156/147 145/157/145 129/140/129
f 131/141/132 147/158/148 146/156/147 130/139/131
f 132/142/133 148/159/149 147/158/148 131/141/132
f 133/143/134 149/160/150 148/159/149 132/142/133
f 134/144/135 150/161/151 149/160/150 133/143/134
f 135/145/136 151/162/152 150/161/151 134/144/135
f 136/146/137 152/163/153 151/162/152 135/145/136
f 137/147/138 153/164/154 152/163/153 136/146/137
f 138/148/139 154/165/155 153/164/154 137/147/138
f 139/149/140 155/166/156 154/165/155 138/148/139
f 140/150/141 156/167/157 155/166/156 139/149/140
f 141/151/142 157/168/158 156/167/157 140/150/141
f 142/152/143 158/169/159 157/168/158 141/151/142
f 143/153/144 159/170/160 158/169/159 142/152/143
f 144/138/130 160/155/146 159/170/160 143/153/144
f 145/154/145 161/171/161 176/172/162 160/155/146
f 146/156/147 162/173/163 161/174/161 145/157/145
f 147/158/148 163/175/164 162/173/163 146/156/147
f 148/159/149 164/176/165 163/175/164 147/158/148
f 149/160/150 165/177/166 164/176/165 148/159/149
f 150/161/151 166/178/167 165/177/166 149/160/150
f 151/162/152 167/179/168 166/178/167 150/161/151
f 152/163/153 168/180/169 167/179/168 151/162/152
f 153/164/154 169/181/170 168/180/169 152/163/153
f 154/165/155 170/182/171 169/181/170 153/164/154
f 155/166/156 171/183/172 170/182/171 154/165/155
f 156/167/157 172/184/173 171/183/172 155/166/156
f 157/168/158 173/185/174 172/184/173 156/167/157
f 158/169/159 174/186/175 173/185/174 157/168/158
f 159/170/160 175/187/176 174/186/175 158/169/159
f 160/155/146 176/172/162 175/187/176 159/170/160
f 161/171/161 177/188/177 192/189/178 176/172/162
f 162/173/163 178/190/179 177/191/177 161/174/161
f 163/175/164 179/192/180 178/190/179 162/173/163
f 164/176/165 180/193/181 179/192/180 163/175/164
f 165/177/166 181/194/182 180/193/181 164/176/165
f 166/178/167 182/195/183 181/194/182 165/177/166
f 167/179/168 183/196/184 182/195/183 166/178/167
f 168/180/169 184/197/185 183/196/184 167/179/168
f 169/181/170 185/198/186 184/197/185 168/180/169
f 170/182/171 186/199/187 185/198/186 169/181/170
f 171/183/172 187/200/188 186/199/187 170/182/171
f 172/184/173 188/201/189 187/200/188 171/183/172
f 173/185/174 189/202/190 188/201/189 172/184/173
f 174/186/175 190/203/191 189/202/190 173/185/174
f 175/187/176 191/204/192 190/203/191 174/186/175
f 176/172/162 192/189/178 191/204/192 175/187/176
f 177/188/177 193/205/193 208/206/194 192/189/178
f 178/190/179 194/207/195 193/208/193 177/191/177
f 179/192/180 195/209/196 194/207/195 178/190/179
f 180/193/181 196/210/197 195/209/196 179/192/180
f 181/194/182 197/211/198 196/210/197 180/193/181
f 182/195/183 198/212/199 197/211/198 181/194/182
f 183/196/184 199/213/200 198/212/199 182/195/183
f 184/197/185 200/214/201 199/213/200 183/196/184
f 185/198/186 201/215/202 200/214/201 184/197/185
f 186/199/187 202/216/203 201/215/202 185/198/186
f 187/200/188 203/217/204 202/216/203 186/199/187
f 188/201/189 204/218/205 203/217/204 187/200/188
f 189/202/190 205/219/206 204/218/205 188/201/189
f 190/203/191 206/220/207 205/219/206 189/202/190
f 191/204/192 207/221/208 206/220/207 190/203/191
f 192/189/178 208/206/194 207/221/208 191/204/192
f 193/205/193 209/222/209 224/223/210 208/206/194
f 194/207/195 210/224/211 209/225/209 193/208/193
f 195/209/196 211/226/212 210/224/211 194/207/195
f 196/210/197 212/227/213 211/226/212 195/209/196
f 197/211/198 213/228/214 212/227/213 196/210/197
f 198/212/199 214/229/215 213/228/214 197/211/198
f 199/213/200 215/230/216 214/229/215 198/212/199
f 200/214/201 216/231/217 215/230/216 199/213/200
f 201/215/202 217/232/218 216/231/217 200/214/201
f 202/216/203 218/233/219 217/232/218 201/215/202
f 203/217/204 219/234/220 218/233/219 202/216/203
f 204/218/205 220/235/221 219/234/220 203/217/204
f 205/219/206 221/236/222 220/235/221 204/218/205
f 206/220/207 222/237/223 221/236/222 205/219/206
f 207/221/208 223/238/224 222/237/223 206/220/207
f 208/206/194 224/223/210 223/238/224 207/221/208
f 209/222/209 225/239/225 240/240/226 224/223/210
f 210/224/211 226/241/227 225/242/225 209/225/209
f 211/226/212 227/243/228 226/241/227 210/224/211
f 212/227/213 228/244/229 227/243/228 211/226/212
f 213/228/214 229/245/230 228/244/229 212/227/213
f 214/229/215 230/246/231 229/245/230 213/228/214
f 215/230/216 231/247/232 230/246/231 214/229/215
f 216/231/217 232/248/233 231/247/232 215/230/216
f 217/232/218 233/249/234 232/248/233 216/231/217
f 218/233/219 234/250/235 233/249/234 217/232/218
f 219/234/220 235/251/236 234/250/235 218/233/219
f 220/235/221 236/252/237 235/251/236 219/234/220
f 221/236/222 237/253/238 236/252/237 220/235/221
f 222/237/223 238/254/239 237/253/238 221/236/222
f 223/238/224 239/255/240 238/254/239 222/237/223
f 224/223/210 240/240/226 239/255/240 223/238/224
f 225/239/225 241/256/241 256/257/242 240/240/226
f 226/241/227 242/258/243 241/259/241 225/242/225
f 227/243/228 243/260/244 242/258/243 226/241/227
f 228/244/229 244/261/245 243/260/244 227/243/228
f 229/245/230 245/262/246 244/261/245 228/244/229
f 230/246/231 246/263/247 245/262/246 229/245/230
f 231/247/232 247/264/248 246/263/247 230/246/231
f 232/248/233 248/265/249 247/264/248 231/247/232
f 233/249/234 249/266/250 248/265/249 232/248/233
f 234/250/235 250/267/251 249/266/250 233/249/234
f 235/251/236 251/268/252 250/267/251 234/250/235
f 236/252/237 252/269/253 251/268/252 235/251/236
f 237/253/238 253/270/254 252/269/253 236/252/237
f 238/254/239 254/271/255 253/270/254 237/253/238
f 239/255/240 255/272/256 254/271/255 238/254/239
f 240/240/226 256/257/242 255/272/256 239/255/240
f 241/256/241 257/273/257 272/274/258 256/257/242
f 242/258/243 258/275/259 257/276/257 241/259/241
f 243/260/244 259/277/260 258/275/259 242/258/243
f 244/261/245 260/278/261 259/277/260 243/260/244
f 245/262/246 261/279/262 260/278/261 244/261/245
f 246/263/247 262/280/263 261/279/262 245/262/246
f 247/264/248 263/281/264 262/280/263 246/263/247
f 248/265/249 264/282/265 263/281/264 247/264/248
f 249/266/250 265/283/266 264/282/265 248/265/249
f 250/267/251 266/284/267 265/283/266 249/266/250
f 251/268/252 267/285/268 266/284/267 250/267/251
f 252/269/253 268/286/269 267/285/268 251/268/252
f 253/270/254 269/287/270 268/286/269 252/269/253
f 254/271/255 270/288/271 269/287/270 253/270/254
f 255/272/256 271/289/272 270/288/271 254/271/255
f 256/257/242 272/274/258 271/289/272 255/272/256
f 257/273/257 273/290/273 288/291/274 272/274/258
f 258/275/259 274/292/275 273/293/273 257/276/257
f 259/277/260 275/294/276 274/292/275 258/275/259
f 260/278/261 276/295/277 275/294/276 259/277/260
f 261/279/262 277/296/278 276/295/277 260/278/261
f 262/280/263 278/297/279 277/296/278 261/279/262
f 263/281/264 279/298/280 278/297/279 262/280/263
f 264/282/265 280/299/281 279/298/280 263/281/264
f 265/283/266 281/300/282 280/299/281 264/282/265
f 266/284/267 282/301/283 281/300/282 265/283/266
f 267/285/268 283/302/284 282/301/283 266/284/267
f 268/286/269 284/303/285 283/302/284 267/285/268
f 269/287/270 285/304/286 284/303/285 268/286/269
f 270/288/271 286/305/287 285/304/286 269/287/270
f 271/289/272 287/306/288 286/305/287 270/288/271
f 272/274/258 288/291/274 287/306/288 271/289/272
f 273/290/273 289/307/289 304/308/290 288/291/274
f 274/292/275 290/309/291 289/310/289 273/293/273
f 275/294/276 291/311/292 290/309/291 274/292/275
f 276/295/277 292/312/293 291/311/292 275/294/276
f 277/296/278 293/313/294 292/312/293 276/295/277
f 278/297/279 294/314/295 293/313/294 277/296/278
f 279/298/280 295/315/296 294/314/295 278/297/279
f 280/299/281 296/316/297 295/315/296 279/298/280
f 281/300/282 297/317/298 296/316/297 280/299/281
f 282/301/283 298/318/299 297/317/298 281/300/282
f 283/302/284 299/319/300 298/318/299 282/301/283
f 284/303/285 300/320/301 299/319/300 283/302/284
f 285/304/286 301/321/302 300/320/301 284/303/285
f 286/305/287 302/322/303 301/321/302 285/304/286
f 287/306/288 303/323/304 302/322/303 286/305/287
f 288/291/274 304/308/290 303/323/304 287/306/288
f 289/307/289 305/324/305 320/325/306 304/308/290
f 290/309/291 306/326/307 305/327/305 289/310/289
f 291/311/292 307/328/308 306/326/307 290/309/291
f 292/312/293 308/329/309 307/328/308 291/311/292
f 293/313/294 309/330/310 308/329/309 292/312/293
f 294/314/295 310/331/311 309/330/310 293/313/294
f 295/315/296 311/332/312 310/331/311 294/314/295
f 296/316/297 312/333/313 311/332/312 295/315/296
f 297/317/298 313/334/314 312/333/313 296/316/297
f 298/318/299 314/335/315 313/334/314 297/317/298
f 299/319/300 315/336/316 314/335/315 298/318/299
f 300/320/301 316/337/317 315/336/316 299/319/300
f 301/321/302 317/338/318 316/337/317 300/320/301
f 302/322/303 318/339/319 317/338/318 301/321/302
f 303/323/304 319/340/320 318/339/319 302/322/303
f 304/308/290 320/325/306 319/340/320 303/323/304
f 305/324/305 321/341/321 336/342/322 320/325/306
f 306/326/307 322/343/323 321/344/321 305/327/305
f 307/328/308 323/345/324 322/343/323 306/326/307
f 308/329/309 324/346/325 323/345/324 307/328/308
f 309/330/310 325/347/326 324/346/325 308/329/309
f 310/331/311 326/348/327 325/347/326 309/330/310
f 311/332/312 327/349/328 326/348/327 310/331/311
f 312/333/313 328/350/329 327/349/328 311/332/312
f 313/334/314 329/351/330 328/350/329 312/333/313
f 314/335/315 330/352/331 329/351/330 313/334/314
f 315/336/316 331/353/332 330/352/331 314/335/315
f 316/337/317 332/354/333 331/353/332 315/336/316
f 317/338/318 333/355/334 332/354/333 316/337/317
f 318/339/319 334/356/335 333/355/334 317/338/318
f 319/340/320 335/357/336 334/356/335 318/339/319
f 320/325/306 336/342/322 335/357/336 319/340/320
f 321/341/321 337/358/337 352/359/338 336/342/322
f 322/343/323 338/360/339 337/361/337 321/344/321
f 323/345/324 339/362/340 338/360/339 322/343/323
f 324/346/325 340/363/341 339/362/340 323/345/324
f 325/347/326 341/364/342 340/363/341 324/346/325
f 326/348/327 342/365/343 341/364/342 325/347/326
f 327/349/328 343/366/344 342/365/343 326/348/327
f 328/350/329 344/367/345 343/366/344 327/349/328
f 329/351/330 345/368/346 344/367/345 328/350/329
f 330/352/331 346/369/347 345/368/346 329/351/330
f 331/353/332 347/370/348 346/369/347 330/352/331
f 332/354/333 348/371/349 347/370/348 331/353/332
f 333/355/334 349/372/350 348/371/349 332/354/333
f 334/356/335 350/373/351 349/372/350 333/355/334
f 335/357/336 351/374/352 350/373/351 334/356/335
f 336/342/322 352/359/338 351/374/352 335/357/336
f 337/358/337 353/375/353 368/376/354 352/359/338
f 338/360/339 354/377/355 353/378/353 337/361/337
f 339/362/340 355/379/356 354/377/355 338/360/339
f 340/363/341 356/380/357 355/379/356 339/362/340
f 341/364/342 357/381/358 356/380/357 340/363/341
f 342/365/343 358/382/359 357/381/358 341/364/342
f 343/366/344 359/383/360 358/382/359 342/365/343
f 344/367/345 360/384/361 359/383/360 343/366/344
f 345/368/346 361/385/362 360/384/361 344/367/345
f 346/369/347 362/386/363 361/385/362 345/368/346
f 347/370/348 363/387/364 362/386/363 346/369/347
f 348/371/349 364/388/365 363/387/364 347/370/348
f 349/372/350 365/389/366 364/388/365 348/371/349
f 350/373/351 366/390/367 365/389/366 349/372/350
f 351/374/352 367/391/368 366/390/367 350/373/351
f 352/359/338 368/376/354 367/391/368 351/374/352
f 353/375/353 369/392/369 384/393/370 368/376/354
f 354/377/355 370/394/371 369/395/369 353/378/353
f 355/379/356 371/396/372 370/394/371 354/377/355
f 356/380/357 372/397/373 371/396/372 355/379/356
f 357/381/358 373/398/374 372/397/373 356/380/357
f 358/382/359 374/399/375 373/398/374 357/381/358
f 359/383/360 375/400/376 374/399/375 358/382/359
f 360/384/361 376/401/377 375/400/376 359/383/360
f 361/385/362 377/402/378 376/401/377 360/384/361
f 362/386/363 378/403/379 377/402/378 361/385/362
f 363/387/364 379/404/380 378/403/379 362/386/363
f 364/388/365 380/405/381 379/404/380 363/387/364
f 365/389/366 381/406/382 380/405/381 364/388/365
f 366/390/367 382/407/383 381/406/382 365/389/366
f 367/391/368 383/408/384 382/407/383 366/390/367
f 368/376/354 384/393/370 383/408/384 367/391/368
f 369/392/369 385/409/385 400/410/386 384/393/370
f 370/394/371 386/411/387 385/412/385 369/395/369
f 371/396/372 387/413/388 386/411/387 370/394/371
f 372/397/373 388/414/389 387/413/388 371/396/372
f 373/398/374 389/415/390 388/414/389 372/397/373
f 374/399/375 390/416/391 389/415/390 373/398/374
f 375/400/376 391/417/392 390/416/391 374/399/375
f 376/401/377 392/418/393 391/417/392 375/400/376
f 377/402/378 393/419/394 392/418/393 376/401/377
f 378/403/379 394/420/395 393/419/394 377/402/378
f 379/404/380 395/421/396 394/420/395 378/403/379
f 380/405/381 396/422/397 395/421/396 379/404/380
f 381/406/382 397/423/398 396/422/397 380/405/381
f 382/407/383 398/424/399 397/423/398 381/406/382
f 383/408/384 399/425/400 398/424/399 382/407/383
f 384/393/370 400/410/386 399/425/400 383/408/384
f 385/409/385 401/426/401 416/427/402 400/410/386
f 386/411/387 402/428/403 401/429/401 385/412/385
f 387/413/388 403/430/404 402/428/403 386/411/387
f 388/414/389 404/431/405 403/430/404 387/413/388
f 389/415/390 405/432/406 404/431/405 388/414/389
f 390/416/391 406/433/407 405/432/406 389/415/390
f 391/417/392 407/434/408 406/433/407 390/416/391
f 392/418/393 408/435/409 407/434/408 391/417/392
f 393/419/394 409/436/410 408/435/409 392/418/393
f 394/420/395 410/437/411 409/436/410 393/419/394
f 395/421/396 411/438/412 410/437/411 394/420/395
f 396/422/397 412/439/413 411/438/412 395/421/396
f 397/423/398 413/440/414 412/439/413 396/422/397
f 398/424/399 414/441/415 413/440/414 397/423/398
f 399/425/400 415/442/416 414/441/415 398/424/399
f 400/410/386 416/427/402 415/442/416 399/425/400
f 401/426/401 417/443/417 432/444/418 416/427/402
f 402/428/403 418/445/419 417/446/417 401/429/401
f 403/430/404 419/447/420 418/445/419 402/428/403
f 404/431/405 420/448/421 419/447/420 403/430/404
f 405/432/406 421/449/422 420/448/421 404/431/405
f 406/433/407 422/450/423 421/449/422 405/432/406
f 407/434/408 423/451/424 422/450/423 406/433/407
f 408/435/409 424/452/425 423/451/424 407/434/408
f 409/436/410 425/453/426 424/452/425 408/435/409
f 410/437/411 426/454/427 425/453/426 409/436/410
f 411/438/412 427/455/428 426/454/427 410/437/411
f 412/439/413 428/456/429 427/455/428 411/438/412
f 413/440/414 429/457/430 428/456/429 412/439/413
f 414/441/415 430/458/431 429/457/430 413/440/414
f 415/442/416 431/459/432 430/458/431 414/441/415
f 416/427/402 432/444/418 431/459/432 415/442/416
f 417/443/417 433/460/433 448/461/434 432/444/418
f 418/445/419 434/462/435 433/463/433 417/446/417
f 419/447/420 435/464/436 434/462/435 418/445/419
f 420/448/421 436/465/437 435/464/436 419/447/420
f 421/449/422 437/466/438 436/465/437 420/448/421
f 422/450/423 438/467/439 437/466/438 421/449/422
f 423/451/424 439/468/440 438/467/439 422/450/423
f 424/452/425 440/469/441 439/468/440 423/451/424
f 425/453/426 441/470/442 440/469/441 424/452/425
f 426/454/427 442/471/443 441/470/442 425/453/426
f 427/455/428 443/472/444 442/471/443 426/454/427
f 428/456/429 444/473/445 443/472/444 427/455/428
f 429/457/430 445/474/446 444/473/445 428/456/429
f 430/458/431 446/475/447 445/474/446 429/457/430
f 431/459/432 447/476/448 446/475/447 430/458/431
f 432/444/418 448/461/434 447/476/448 431/459/432
f 433/460/433 449/477/449 464/478/450 448/461/434
f 434/462/435 450/479/451 449/480/449 433/463/433
f 435/464/436 451/481/452 450/479/451 434/462/435
f 436/465/437 452/482/453 451/481/452 435/464/436
f 437/466/438 453/483/454 452/482/453 436/465/437
f 438/467/439 454/484/455 453/483/454 437/466/438
f 439/468/440 455/485/456 454/484/455 438/467/439
f 440/469/441 456/486/457 455/485/456 439/468/440
f 441/470/442 457/487/458 456/486/457 440/469/441
f 442/471/443 458/488/459 457/487/458 441/470/442
f 443/472/444 459/489/460 458/488/459 442/471/443
f 444/473/445 460/490/461 459/489/460 443/472/444
f 445/474/446 461/491/462 460/490/461 444/473/445
f 446/475/447 462/492/463 461/491/462 445/474/446
f 447/476/448 463/493/464 462/492/463 446/475/447
f 448/461/434 464/478/450 463/493/464 447/476/448
f 449/477/449 465/494/465 480/495/466 464/478/450
f 450/479/451 466/496/467 465/497/465 449/480/449
f 451/481/452 467/498/468 466/496/467 450/479/451
f 452/482/453 468/499/469 467/498/468 451/481/452
f 453/483/454 469/500/470 468/499/469 452/482/453
f 454/484/455 470/501/471 469/500/470 453/483/454
f 455/485/456 471/502/472 470/501/471 454/484/455
f 456/486/457 472/503/473 471/502/472 455/485/456
f 457/487/458 473/504/474 472/503/473 456/486/457
f 458/488/459 474/505/475 473/504/474 457/487/458
f 459/489/460 475/506/476 474/505/475 458/488/459
f 460/490/461 476/507/477 475/506/476 459/489/460
f 461/491/462 477/508/478 476/507/477 460/490/461
f 462/492/463 478/509/479 477/508/478 461/491/462
f 463/493/464 479/510/480 478/509/479 462/492/463
f 464/478/450 480/495/466 479/510/480 463/493/464
f 465/494/465 481/511/481 496/512/482 480/495/466
f 466/496/467 482/513/483 481/514/481 465/497/465
f 467/498/468 483/515/484 482/513/483 466/496/467
f 468/499/469 484/516/485 483/515/484 467/498/468
f 469/500/470 485/517/486 484/516/485 468/499/469
f 470/501/471 486/518/487 485/517/486 469/500/470
f 471/502/472 487/519/488 486/518/487 470/501/471
f 472/503/473 488/520/489 487/519/488 471/502/472
f 473/504/474 489/521/490 488/520/489 472/503/473
f 474/505/475 490/522/491 489/521/490 473/504/474
f 475/506/476 491/523/492 490/522/491 474/505/475
f 476/507/477 492/524/493 491/523/492 475/506/476
f 477/508/478 493/525/494 492/524/493 476/507/477
f 478/509/479 494/526/495 493/525/494 477/508/478
f 479/510/480 495/527/496 494/526/495 478/509/479
f 480/495/466 496/512/482 495/527/496 479/510/480
f 481/511/481 497/528/497 512/529/498 496/512/482
f 482/513/483 498/530/499 497/531/497 481/514/481
f 483/515/484 499/532/500 498/530/499 482/513/483
f 484/516/485 500/533/501 499/532/500 483/515/484
f 485/517/486 501/534/502 500/533/501 484/516/485
f 486/518/487 502/535/503 501/534/502 485/517/486
f 487/519/488 503/536/504 502/535/503 486/518/487
f 488/520/489 504/537/505 503/536/504 487/519/488
f 489/521/490 505/538/506 504/537/505 488/520/489
f 490/522/491 506/539/507 505/538/506 489/521/490
f 491/523/492 507/540/508 506/539/507 490/522/491
f 492/524/493 508/541/509 507/540/508 491/523/492
f 493/525/494 509/542/510 508/541/509 492/524/493
f 494/526/495 510/543/511 509/542/510 493/525/494
f 495/527/496 511/544/512 510/543/511 494/526/495
f 496/512/482 512/529/498 511/544/512 495/527/496
f 497/528/497 513/545/513 528/546/514 512/529/498
f 498/530/499 514/547/515 513/548/513 497/531/497
f 499/532/500 515/549/516 514/547/515 498/530/499
f 500/533/501 516/550/517 515/549/516 499/532/500
f 501/534/502 517/551/518 516/550/517 500/533/501
f 502/535/503 518/552/519 517/551/518 501/534/502
f 503/536/504 519/553/520 518/552/519 502/535/503
f 504/537/505 520/554/521 519/553/520 503/536/504
f 505/538/506 521/555/522 520/554/521 504/537/505
f 506/539/507 522/556/523 521/555/522 505/538/506
f 507/540/508 523/557/524 522/556/523 506/539/507
f 508/541/509 524/558/525 523/557/524 507/540/508
f 509/542/510 525/559/526 524/558/525 508/541/509
f 510/543/511 526/560/527 525/559/526 509/542/510
f 511/544/512 527/561/528 526/560/527 510/543/511
f 512/529/498 528/546/514 527/561/528 511/544/512
f 513/545/513 529/562/529 544/563/530 528/546/514
f 514/547/515 530/564/531 529/565/529 513/548/513
f 515/549/516 531/566/532 530/564/531 514/547/515
f 516/550/517 532/567/533 531/566/532 515/549/516
f 517/551/518 533/568/534 532/567/533 516/550/517
f 518/552/519 534/569/535 533/568/534 517/551/518
f 519/553/520 535/570/536 534/569/535 518/552/519
f 520/554/521 536/571/537 535/570/536 519/553/520
f 521/555/522 537/572/538 536/571/537 520/554/521
f 522/556/523 538/573/539 537/572/538 521/555/522
f 523/557/524 539/574/540 538/573/539 522/556/523
f 524/558/525 540/575/541 539/574/540 523/557/524
f 525/559/526 541/576/542 540/575/541 524/558/525
f 526/560/527 542/577/543 541/576/542 525/559/526
f 527/561/528 543/578/544 542/577/543 526/560/527
f 528/546/514 544/563/530 543/578/544 527/561/528
f 529/562/529 545/579/545 560/580/546 544/563/530
f 530/564/531 546/581/547 545/582/545 529/565/529
f 531/566/532 547/583/548 546/581/547 530/564/531
f 532/567/533 548/584/549 547/583/548 531/566/532
f 533/568/534 549/585/550 548/584/549 532/567/533
f 534/569/535 550/586/551 549/585/550 533/568/534
f 535/570/536 551/587/552 550/586/551 534/569/535
f 536/571/537 552/588/553 551/587/552 535/570/536
f 537/572/538 553/589/554 552/588/553 536/571/537
f 538/573/539 554/590/555 553/589/554 537/572/538
f 539/574/540 555/591/556 554/590/555 538/573/539
f 540/575/541 556/592/557 555/591/556 539/574/540
f 541/576/542 557/593/558 556/592/557 540/575/541
f 542/577/543 558/594/559 557/593/558 541/576/542
f 543/578/544 559/595/560 558/594/559 542/577/543
f 544/563/530 560/580/546 559/595/560 543/578/544
f 545/579/545 561/596/561 576/597/562 560/580/546
f 546/581/547 562/598/563 561/599/561 545/582/545
f 547/583/548 563/600/564 562/598/563 546/581/547
f 548/584/549 564/601/565 563/600/564 547/583/548
f 549/585/550 565/602/566 564/601/565 548/584/549
f 550/586/551 566/603/567 565/602/566 549/585/550
f 551/587/552 567/604/568 566/603/567 550/586/551
f 552/588/553 568/605/569 567/604/568 551/587/552
f 553/589/554 569/606/570 568/605/569 552/588/553
f 554/590/555 570/607/571 569/606/570 553/589/554
f 555/591/556 571/608/572 570/607/571 554/590/555
f 556/592/557 572/609/573 571/608/572 555/591/556
f 557/593/558 573/610/574 572/609/573 556/592/557
f 558/594/559 574/611/575 573/610/574 557/593/558
f 559/595/560 575/612/576 574/611/575 558/594/559
f 560/580/546 576/597/562 575/612/576 559/595/560
f 561/596/561 577/613/577 592/614/578 576/597/562
f 562/598/563 578/615/579 577/616/577 561/599/561
f 563/600/564 579/617/580 578/615/579 562/598/563
f 564/601/565 580/618/581 579/617/580 563/600/564
f 565/602/566 581/619/582 580/618/581 564/601/565
f 566/603/567 582/620/583 581/619/582 565/602/566
f 567/604/568 583/621/584 582/620/583 566/603/567
f 568/605/569 584/622/585 583/621/584 567/604/568
f 569/606/570 585/623/586 584/622/585 568/605/569
f 570/607/571 586/624/587 585/623/586 569/606/570
f 571/608/572 587/625/588 586/624/587 570/607/571
f 572/609/573 588/626/589 587/625/588 571/608/572
f 573/610/574 589/627/590 588/626/589 572/609/573
f 574/611/575 590/628/591 589/627/590 573/610/574
f 575/612/576 591/629/592 590/628/591 574/611/575
f 576/597/562 592/614/578 591/629/592 575/612/576
f 577/613/577 593/630/593 608/631/594 592/614/578
f 578/615/579 594/632/595 593/633/593 577/616/577
f 579/617/580 595/634/596 594/632/595 578/615/579
f 580/618/581 596/635/597 595/634/596 579/617/580
f 581/619/582 597/636/598 596/635/597 580/618/581
f 582/620/583 598/637/599 597/636/598 581/619/582
f 583/621/584 599/638/600 598/637/599 582/620/583
f 584/622/585 600/639/601 599/638/600 583/621/584
f 585/623/586 601/640/602 600/639/601 584/622/585
f 586/624/587 602/641/603 601/640/602 585/623/586
f 587/625/588 603/642/604 602/641/603 586/624/587
f 588/626/589 604/643/605 603/642/604 587/625/588
f 589/627/590 605/644/606 604/643/605 588/626/589
f 590/628/591 606/645/607 605/644/606 589/627/590
f 591/629/592 607/646/608 606/645/607 590/628/591
f 592/614/578 608/631/594 607/646/608 591/629/592
f 593/630/593 609/647/609 624/648/610 608/631/594
f 594/632/595 610/649/611 609/650/609 593/633/593
f 595/634/596 611/651/612 610/649/611 594/632/595
f 596/635/597 612/652/613 611/651/612 595/634/596
f 597/636/598 613/653/614 612/652/613 596/635/597
f 598/637/599 614/654/615 613/653/614 597/636/598
f 599/638/600 615/655/616 614/654/615 598/637/599
f 600/639/601 616/656/617 615/655/616 599/638/600
f 601/640/602 617/657/618 616/656/617 600/639/601
f 602/641/603 618/658/619 617/657/618 601/640/602
f 603/642/604 619/659/620 618/658/619 602/641/603
f 604/643/605 620/660/621 619/659/620 603/642/604
f 605/644/606 621/661/622 620/660/621 604/643/605
f 606/645/607 622/662/623 621/661/622 605/644/606
f 607/646/608 623/663/624 622/662/623 606/645/607
f 608/631/594 624/648/610 623/663/624 607/646/608
f 609/647/609 625/664/625 640/665/626 624/648/610
f 610/649/611 626/666/627 625/667/625 609/650/609
f 611/651/612 627/668/628 626/666/627 610/649/611
f 612/652/613 628/669/629 627/668/628 611/651/612
f 613/653/614 629/670/630 628/669/629 612/652/613
f 614/654/615 630/671/631 629/670/630 613/653/614
f 615/655/616 631/672/632 630/671/631 614/654/615
f 616/656/617 632/673/633 631/672/632 615/655/616
f 617/657/618 633/674/634 632/673/633 616/656/617
f 618/658/619 634/675/635 633/674/634 617/657/618
f 619/659/620 635/676/636 634/675/635 618/658/619
f 620/660/621 636/677/637 635/676/636 619/659/620
f 621/661/622 637/678/638 636/677/637 620/660/621
f 622/662/623 638/679/639 637/678/638 621/661/622
f 623/663/624 639/680/640 638/679/639 622/662/623
f 624/648/610 640/665/626 639/680/640 623/663/624
f 625/664/625 641/681/641 656/682/642 640/665/626
f 626/666/627 642/683/643 641/684/641 625/667/625
f 627/668/628 643/685/644 642/683/643 626/666/627
f 628/669/629 644/686/645 643/685/644 627/668/628
f 629/670/630 645/687/646 644/686/645 628/669/629
f 630/671/631 646/688/647 645/687/646 629/670/630
f 631/672/632 647/689/648 646/688/647 630/671/631
f 632/673/633 648/690/649 647/689/648 631/672/632
f 633/674/634 649/691/650 648/690/649 632/673/633
f 634/675/635 650/692/651 649/691/650 633/674/634
f 635/676/636 651/693/652 650/692/651 634/675/635
f 636/677/637 652/694/653 651/693/652 635/676/636
f 637/678/638 653/695/654 652/694/653 636/677/637
f 638/679/639 654/696/655 653/695/654 637/678/638
f 639/680/640 655/697/656 654/696/655 638/679/639
f 640/665/626 656/682/642 655/697/656 639/680/640
f 641/681/641 657/698/657 672/699/658 656/682/642
f 642/683/643 658/700/659 657/701/657 641/684/641
f 643/685/644 659/702/660 658/700/659 642/683/643
f 644/686/645 660/703/661 659/702/660 643/685/644
f 645/687/646 661/704/662 660/703/661 644/686/645
f 646/688/647 662/705/663 661/704/662 645/687/646
f 647/689/648 663/706/664 662/705/663 646/688/647
f 648/690/649 664/707/665 663/706/664 647/689/648
f 649/691/650 665/708/666 664/707/665 648/690/649
f 650/692/651 666/709/667 665/708/666 649/691/650
f 651/693/652 667/710/668 666/709/667 650/692/651
f 652/694/653 668/711/669 667/710/668 651/693/652
f 653/695/654 669/712/670 668/711/669 652/694/653
f 654/696/655 670/713/671 669/712/670 653/695/654
f 655/697/656 671/714/672 670/713/671 654/696/655
f 656/682/642 672/699/658 671/714/672 655/697/656
f 657/698/657 673/715/673 688/716/674 672/699/658
f 658/700/659 674/717/675 673/718/673 657/701/657
f 659/702/660 675/719/676 674/717/675 658/700/659
f 660/703/661 676/720/677 675/719/676 659/702/660
f 661/704/662 677/721/678 676/720/677 660/703/661
f 662/705/663 678/722/679 677/721/678 661/704/662
f 663/706/664 679/723/680 678/722/679 662/705/663
f 664/707/665 680/724/681 679/723/680 663/706/664
f 665/708/666 681/725/682 680/724/681 664/707/665
f 666/709/667 682/726/683 681/725/682 665/708/666
f 667/710/668 683/727/684 682/726/683 666/709/667
f 668/711/669 684/728/685 683/727/684 667/710/668
f 669/712/670 685/729/686 684/728/685 668/711/669
f 670/713/671 686/730/687 685/729/686 669/712/670
f 671/714/672 687/731/688 686/730/687 670/713/671
f 672/699/658 688/716/674 687/731/688 671/714/672
f 673/715/673 689/732/689 704/733/690 688/716/674
f 674/717/675 690/734/691 689/735/689 673/718/673
f 675/719/676 691/736/692 690/734/691 674/717/675
f 676/720/677 692/737/693 691/736/692 675/719/676
f 677/721/678 693/738/694 692/737/693 676/720/677
f 678/722/679 694/739/695 693/738/694 677/721/678
f 679/723/680 695/740/696 694/739/695 678/722/679
f 680/724/681 696/741/697 695/740/696 679/723/680
f 681/725/682 697/742/698 696/741/697 680/724/681
f 682/726/683 698/743/699 697/742/698 681/725/682
f 683/727/684 699/744/700 698/743/699 682/726/683
f 684/728/685 700/745/701 699/744/700 683/727/684
f 685/729/686 701/746/702 700/745/701 684/728/685
f 686/730/687 702/747/703 701/746/702 685/729/686
f 687/731/688 703/748/704 702/747/703 686/730/687
f 688/716/674 704/733/690 703/748/704 687/731/688
f 689/732/689 705/749/705 720/750/706 704/733/690
f 690/734/691 706/751/707 705/752/705 689/735/689
f 691/736/692 707/753/708 706/751/707 690/734/691
f 692/737/693 708/754/709 707/753/708 691/736/692
f 693/738/694 709/755/710 708/754/709 692/737/693
f 694/739/695 710/756/711 709/755/710 693/738/694
f 695/740/696 711/757/712 710/756/711 694/739/695
f 696/741/697 712/758/713 711/757/712 695/740/696
f 697/742/698 713/759/714 712/758/713 696/741/697
f 698/743/699 714/760/715 713/759/714 697/742/698
f 699/744/700 715/761/716 714/760/715 698/743/699
f 700/745/701 716/762/717 715/761/716 699/744/700
f 701/746/702 717/763/718 716/762/717 700/745/701
f 702/747/703 718/764/719 717/763/718 701/746/702
f 703/748/704 719/765/720 718/764/719 702/747/703
f 704/733/690 720/750/706 719/765/720 703/748/704
f 705/749/705 721/766/721 736/767/722 720/750/706
f 706/751/707 722/768/723 721/769/721 705/752/705
f 707/753/708 723/770/724 722/768/723 706/751/707
f 708/754/709 724/771/725 723/770/724 707/753/708
f 709/755/710 725/772/726 724/771/725 708/754/709
f 710/756/711 726/773/727 725/772/726 709/755/710
f 711/757/712 727/774/728 726/773/727 710/756/711
f 712/758/713 728/775/729 727/774/728 711/757/712
f 713/759/714 729/776/730 728/775/729 712/758/713
f 714/760/715 730/777/731 729/776/730 713/759/714
f 715/761/716 731/778/732 730/777/731 714/760/715
f 716/762/717 732/779/733 731/778/732 715/761/716
f 717/763/718 733/780/734 732/779/733 716/762/717
f 718/764/719 734/781/735 733/780/734 717/763/718
f 719/765/720 735/782/736 734/781/735 718/764/719
f 720/750/706 736/767/722 735/782/736 719/765/720
f 721/766/721 737/783/737 752/784/738 736/767/722
f 722/768/723 738/785/739 737/786/737 721/769/721
f 723/770/724 739/787/740 738/785/739 722/768/723
f 724/771/725 740/788/741 739/787/740 723/770/724
f 725/772/726 741/789/742 740/788/741 724/771/725
f 726/773/727 742/790/743 741/789/742 725/772/726
f 727/774/728 743/791/744 742/790/743 726/773/727
f 728/775/729 744/792/745 743/791/744 727/774/728
f 729/776/730 745/793/746 744/792/745 728/775/729
f 730/777/731 746/794/747 745/793/746 729/776/730
f 731/778/732 747/795/748 746/794/747 730/777/731
f 732/779/733 748/796/749 747/795/748 731/778/732
f 733/780/734 749/797/750 748/796/749 732/779/733
f 734/781/735 750/798/751 749/797/750 733/780/734
f 735/782/736 751/799/752 750/798/751 734/781/735
f 736/767/722 752/784/738 751/799/752 735/782/736
f 737/783/737 753/800/753 768/801/754 752/784/738
f 738/785/739 754/802/755 753/803/753 737/786/737
f 739/787/740 755/804/756 754/802/755 738/785/739
f 740/788/741 756/805/757 755/804/756 739/787/740
f 741/789/742 757/806/758 756/805/757 740/788/741
f 742/790/743 758/807/759 757/806/758 741/789/742
f 743/791/744 759/808/760 758/807/759 742/790/743
f 744/792/745 760/809/761 759/808/760 743/791/744
f 745/793/746 761/810/762 760/809/761 744/792/745
f 746/794/747 762/811/763 761/810/762 745/793/746
f 747/795/748 763/812/764 762/811/763 746/794/747
f 748/796/749 764/813/765 763/812/764 747/795/748
f 749/797/750 765/814/766 764/813/765 748/796/749
f 750/798/751 766/815/767 765/814/766 749/797/750
f 751/799/752 767/816/768 766/815/767 750/798/751
f 752/784/738 768/801/754 767/816/768 751/799/752
f 753/800/753 769/817/769 784/818/770 768/801/754
f 754/802/755 770/819/771 769/820/769 753/803/753
f 755/804/756 771/821/772 770/819/771 754/802/755
f 756/805/757 772/822/773 771/821/772 755/804/756
f 757/806/758 773/823/774 772/822/773 756/805/757
f 758/807/759 774/824/775 773/823/774 757/806/758
f 759/808/760 775/825/776 774/824/775 758/807/759
f 760/809/761 776/826/777 775/825/776 759/808/760
f 761/810/762 777/827/778 776/826/777 760/809/761
f 762/811/763 778/828/779 777/827/778 761/810/762
f 763/812/764 779/829/780 778/828/779 762/811/763
f 764/813/765 780/830/781 779/829/780 763/812/764
f 765/814/766 781/831/782 780/830/781 764/813/765
f 766/815/767 782/832/783 781/831/782 765/814/766
f 767/816/768 783/833/784 782/832/783 766/815/767
f 768/801/754 784/818/770 783/833/784 767/816/768
f 769/817/769 785/834/785 800/835/786 784/818/770
f 770/819/771 786/836/787 785/837/785 769/820/769
f 771/821/772 787/838/788 786/836/787 770/819/771
f 772/822/773 788/839/789 787/838/788 771/821/772
f 773/823/774 789/840/790 788/839/789 772/822/773
f 774/824/775 790/841/791 789/840/790 773/823/774
f 775/825/776 791/842/792 790/841/791 774/824/775
f 776/826/777 792/843/793 791/842/792 775/825/776
f 777/827/778 793/844/794 792/843/793 776/826/777
f 778/828/779 794/845/795 793/844/794 777/827/778
f 779/829/780 795/846/796 794/845/795 778/828/779
f 780/830/781 796/847/797 795/846/796 779/829/780
f 781/831/782 797/848/798 796/847/797 780/830/781
f 782/832/783 798/849/799 797/848/798 781/831/782
f 783/833/784 799/850/800 798/849/799 782/832/783
f 784/818/770 800/835/786 799/850/800 783/833/784
f 785/834/785 801/851/801 816/852/802 800/835/786
f 786/836/787 802/853/803 801/854/801 785/837/785
f 787/838/788 803/855/804 802/853/803 786/836/787
f 788/839/789 804/856/805 803/855/804 787/838/788
f 789/840/790 805/857/806 804/856/805 788/839/789
f 790/841/791 806/858/807 805/857/806 789/840/790
f 791/842/792 807/859/808 806/858/807 790/841/791
f 792/843/793 808/860/809 807/859/808 791/842/792
f 793/844/794 809/861/810 808/860/809 792/843/793
f 794/845/795 810/862/811 809/861/810 793/844/794
f 795/846/796 811/863/812 810/862/811 794/845/795
f 796/847/797 812/864/813 811/863/812 795/846/796
f 797/848/798 813/865/814 812/864/813 796/847/797
f 798/849/799 814/866/815 813/865/814 797/848/798
f 799/850/800 815/867/816 814/866/815 798/849/799
f 800/835/786 816/852/802 815/867/816 799/850/800
f 801/851/801 817/868/817 832/869/818 816/852/802
f 802/853/803 818/870/819 817/871/817 801/854/801
f 803/855/804 819/872/820 818/870/819 802/853/803
f 804/856/805 820/873/821 819/872/820 803/855/804
f 805/857/806 821/874/822 820/873/821 804/856/805
f 806/858/807 822/875/823 821/874/822 805/857/806
f 807/859/808 823/876/824 822/875/823 806/858/807
f 808/860/809 824/877/825 823/876/824 807/859/808
f 809/861/810 825/878/826 824/877/825 808/860/809
f 810/862/811 826/879/827 825/878/826 809/861/810
f 811/863/812 827/880/828 826/879/827 810/862/811
f 812/864/813 828/881/829 827/880/828 811/863/812
f 813/865/814 829/882/830 828/881/829 812/864/813
f 814/866/815 830/883/831 829/882/830 813/865/814
f 815/867/816 831/884/832 830/883/831 814/866/815
f 816/852/802 832/869/818 831/884/832 815/867/816
f 817/868/817 833/885/833 848/886/834 832/869/818
f 818/870/819 834/887/835 833/888/833 817/871/817
f 819/872/820 835/889/836 834/887/835 818/870/819
f 820/873/821 836/890/837 835/889/836 819/872/820
f 821/874/822 837/891/838 836/890/837 820/873/821
f 822/875/823 838/892/839 837/891/838 821/874/822
f 823/876/824 839/893/840 838/892/839 822/875/823
f 824/877/825 840/894/841 839/893/840 823/876/824
f 825/878/826 841/895/842 840/894/841 824/877/825
f 826/879/827 842/896/843 841/895/842 825/878/826
f 827/880/828 843/897/844 842/896/843 826/879/827
f 828/881/829 844/898/845 843/897/844 827/880/828
f 829/882/830 845/899/846 844/898/845 828/881/829
f 830/883/831 846/900/847 845/899/846 829/882/830
f 831/884/832 847/901/848 846/900/847 830/883/831
f 832/869/818 848/886/834 847/901/848 831/884/832
f 833/885/833 849/902/849 864/903/850 848/886/834
f 834/887/835 850/904/851 849/905/849 833/888/833
f 835/889/836 851/906/852 850/904/851 834/887/835
f 836/890/837 852/907/853 851/906/852 835/889/836
f 837/891/838 853/908/854 852/907/853 836/890/837
f 838/892/839 854/909/855 853/908/854 837/891/838
f 839/893/840 855/910/856 854/909/855 838/892/839
f 840/894/841 856/911/857 855/910/856 839/893/840
f 841/895/842 857/912/858 856/911/857 840/894/841
f 842/896/843 858/913/859 857/912/858 841/895/842
f 843/897/844 859/914/860 858/913/859 842/896/843
f 844/898/845 860/915/861 859/914/860 843/897/844
f 845/899/846 861/916/862 860/915/861 844/898/845
f 846/900/847 862/917/863 861/916/862 845/899/846
f 847/901/848 863/918/864 862/917/863 846/900/847
f 848/886/834 864/903/850 863/918/864 847/901/848
f 849/902/849 865/919/865 880/920/866 864/903/850
f 850/904/851 866/921/867 865/922/865 849/905/849
f 851/906/852 867/923/868 866/921/867 850/904/851
f 852/907/853 868/924/869 867/923/868 851/906/852
f 853/908/854 869/925/870 868/924/869 852/907/853
f 854/909/855 870/926/871 869/925/870 853/908/854
f 855/910/856 871/927/872 870/926/871 854/909/855
f 856/911/857 872/928/873 871/927/872 855/910/856
f 857/912/858 873/929/874 872/928/873 856/911/857
f 858/913/859 874/930/875 873/929/874 857/912/858
f 859/914/860 875/931/876 874/930/875 858/913/859
f 860/915/861 876/932/877 875/931/876 859/914/860
f 861/916/862 877/933/878 876/932/877 860/915/861
f 862/917/863 878/934/879 877/933/878 861/916/862
f 863/918/864 879/935/880 878/934/879 862/917/863
f 864/903/850 880/920/866 879/935/880 863/918/864
f 865/919/865 881/936/881 896/937/882 880/920/866
f 866/921/867 882/938/883 881/939/881 865/922/865
f 867/923/868 883/940/884 882/938/883 866/921/867
f 868/924/869 884/941/885 883/940/884 867/923/868
f 869/925/870 885/942/886 884/941/885 868/924/869
f 870/926/871 886/943/887 885/942/886 869/925/870
f 871/927/872 887/944/888 886/943/887 870/926/871
f 872/928/873 888/945/889 887/944/888 871/927/872
f 873/929/874 889/946/890 888/945/889 872/928/873
f 874/930/875 890/947/891 889/946/890 873/929/874
f 875/931/876 891/948/892 890/947/891 874/930/875
f 876/932/877 892/949/893 891/948/892 875/931/876
f 877/933/878 893/950/894 892/949/893 876/932/877
f 878/934/879 894/951/895 893/950/894 877/933/878
f 879/935/880 895/952/896 894/951/895 878/934/879
f 880/920/866 896/937/882 895/952/896 879/935/880
f 881/936/881 897/953/897 912/954/898 896/937/882
f 882/938/883 898/955/899 897/956/897 881/939/881
f 883/940/884 899/957/900 898/955/899 882/938/883
f 884/941/885 900/958/901 899/957/900 883/940/884
f 885/942/886 901/959/902 900/958/901 884/941/885
f 886/943/887 902/960/903 901/959/902 885/942/886
f 887/944/888 903/961/904 902/960/903 886/943/887
f 888/945/889 904/962/905 903/961/904 887/944/888
f 889/946/890 905/963/906 904/962/905 888/945/889
f 890/947/891 906/964/907 905/963/906 889/946/890
f 891/948/892 907/965/908 906/964/907 890/947/891
f 892/949/893 908/966/909 907/965/908 891/948/892
f 893/950/894 909/967/910 908/966/909 892/949/893
f 894/951/895 910/968/911 909/967/910 893/950/894
f 895/952/896 911/969/912 910/968/911 894/951/895
f 896/937/882 912/954/898 911/969/912 895/952/896
f 897/953/897 913/970/913 928/971/914 912/954/898
f 898/955/899 914/972/915 913/973/913 897/956/897
f 899/957/900 915/974/916 914/972/915 898/955/899
f 900/958/901 916/975/917 915/974/916 899/957/900
f 901/959/902 917/976/918 916/975/917 900/958/901
f 902/960/903 918/977/919 917/976/918 901/959/902
f 903/961/904 919/978/920 918/977/919 902/960/903
f 904/962/905 920/979/921 919/978/920 903/961/904
f 905/963/906 921/980/922 920/979/921 904/962/905
f 906/964/907 922/981/923 921/980/922 905/963/906
f 907/965/908 923/982/924 922/981/923 906/964/907
f 908/966/909 924/983/925 923/982/924 907/965/908
f 909/967/910 925/984/926 924/983/925 908/966/909
f 910/968/911 926/985/927 925/984/926 909/967/910
f 911/969/912 927/986/928 926/985/927 910/968/911
f 912/954/898 928/971/914 927/986/928 911/969/912
f 913/970/913 929/987/929 944/988/930 928/971/914
f 914/972/915 930/989/931 929/990/929 913/973/913
f 915/974/916 931/991/932 930/989/931 914/972/915
f 916/975/917 932/992/933 931/991/932 915/974/916
f 917/976/918 933/993/934 932/992/933 916/975/917
f 918/977/919 934/994/935 933/993/934 917/976/918
f 919/978/920 935/995/936 934/994/935 918/977/919
f 920/979/921 936/996/937 935/995/936 919/978/920
f 921/980/922 937/997/938 936/996/937 920/979/921
f 922/981/923 938/998/939 937/997/938 921/980/922
f 923/982/924 939/999/940 938/998/939 922/981/923
f 924/983/925 940/1000/941 939/999/940 923/982/924
f 925/984/926 941/1001/942 940/1000/941 924/983/925
f 926/985/927 942/1002/943 941/1001/942 925/984/926
f 927/986/928 943/1003/944 942/1002/943 926/985/927
f 928/971/914 944/988/930 943/1003/944 927/986/928
f 929/987/929 945/1004/945 960/1005/946 944/988/930
f 930/989/931 946/1006/947 945/1007/945 929/990/929
f 931/991/932 947/1008/948 946/1006/947 930/989/931
f 932/992/933 948/1009/949 947/1008/948 931/991/932
f 933/993/934 949/1010/950 948/1009/949 932/992/933
f 934/994/935 950/1011/951 949/1010/950 933/993/934
f 935/995/936 951/1012/952 950/1011/951 934/994/935
f 936/996/937 952/1013/953 951/1012/952 935/995/936
f 937/997/938 953/1014/954 952/1013/953 936/996/937
f 938/998/939 954/1015/955 953/1014/954 937/997/938
f 939/999/940 955/1016/956 954/1015/955 938/998/939
f 940/1000/941 956/1017/957 955/1016/956 939/999/940
f 941/1001/942 957/1018/958 956/1017/957 940/1000/941
f 942/1002/943 958/1019/959 957/1018/958 941/1001/942
f 943/1003/944 959/1020/960 958/1019/959 942/1002/943
f 944/988/930 960/1005/946 959/1020/960 943/1003/944
f 945/1004/945 961/1021/961 976/1022/962 960/1005/946
f 946/1006/947 962/1023/963 961/1024/961 945/1007/945
f 947/1008/948 963/1025/964 962/1023/963 946/1006/947
f 948/1009/949 964/1026/965 963/1025/964 947/1008/948
f 949/1010/950 965/1027/966 964/1026/965 948/1009/949
f 950/1011/951 966/1028/967 965/1027/966 949/1010/950
f 951/1012/952 967/1029/968 966/1028/967 950/1011/951
f 952/1013/953 968/1030/969 967/1029/968 951/1012/952
f 953/1014/954 969/1031/970 968/1030/969 952/1013/953
f 954/1015/955 970/1032/971 969/1031/970 953/1014/954
f 955/1016/956 971/1033/972 970/1032/971 954/1015/955
f 956/1017/957 972/1034/973 971/1033/972 955/1016/956
f 957/1018/958 973/1035/974 972/1034/973 956/1017/957
f 958/1019/959 974/1036/975 973/1035/974 957/1018/958
f 959/1020/960 975/1037/976 974/1036/975 958/1019/959
f 960/1005/946 976/1022/962 975/1037/976 959/1020/960
f 961/1021/961 977/1038/977 992/1039/978 976/1022/962
f 962/1023/963 978/1040/979 977/1041/977 961/1024/961
f 963/1025/964 979/1042/980 978/1040/979 962/1023/963
f 964/1026/965 980/1043/981 979/1042/980 963/1025/964
f 965/1027/966 981/1044/982 980/1043/981 964/1026/965
f 966/1028/967 982/1045/983 981/1044/982 965/1027/966
f 967/1029/968 983/1046/984 982/1045/983 966/1028/967
f 968/1030/969 984/1047/985 983/1046/984 967/1029/968
f 969/1031/970 985/1048/986 984/1047/985 968/1030/969
f 970/1032/971 986/1049/987 985/1048/986 969/1031/970
f 971/1033/972 987/1050/988 986/1049/987 970/1032/971
f 972/1034/973 988/1051/989 987/1050/988 971/1033/972
f 973/1035/974 989/1052/990 988/1051/989 972/1034/973
f 974/1036/975 990/1053/991 989/1052/990 973/1035/974
f 975/1037/976 991/1054/992 990/1053/991 974/1036/975
f 976/1022/962 992/1039/978 991/1054/992 975/1037/976
f 977/1038/977 993/1055/993 1008/1056/994 992/1039/978
f 978/1040/979 994/1057/995 993/1058/993 977/1041/977
f 979/1042/980 995/1059/996 994/1057/995 978/1040/979
f 980/1043/981 996/1060/997 995/1059/996 979/1042/980
f 981/1044/982 997/1061/998 996/1060/997 980/1043/981
f 982/1045/983 998/1062/999 997/1061/998 981/1044/982
f 983/1046/984 999/1063/1000 998/1062/999 982/1045/983
f 984/1047/985 1000/1064/1001 999/1063/1000 983/1046/984
f 985/1048/986 1001/1065/1002 1000/1064/1001 984/1047/985
f 986/1049/987 1002/1066/1003 1001/1065/1002 985/1048/986
f 987/1050/988 1003/1067/1004 1002/1066/1003 986/1049/987
f 988/1051/989 1004/1068/1005 1003/1067/1004 987/1050/988
f 989/1052/990 1005/1069/1006 1004/1068/1005 988/1051/989
f 990/1053/991 1006/1070/1007 1005/1069/1006 989/1052/990
f 991/1054/992 1007/1071/1008 1006/1070/1007 990/1053/991
f 992/1039/978 1008/1056/994 1007/1071/1008 991/1054/992
f 993/1055/993 1009/1072/1009 1024/1073/1010 1008/1056/994
f 994/1057/995 1010/1074/1011 1009/1075/1009 993/1058/993
f 995/1059/996 1011/1076/1012 1010/1074/1011 994/1057/995
f 996/1060/997 1012/1077/1013 1011/1076/1012 995/1059/996
f 997/1061/998 1013/1078/1014 1012/1077/1013 996/1060/997
f 998/1062/999 1014/1079/1015 1013/1078/1014 997/1061/998
f 999/1063/1000 1015/1080/1016 1014/1079/1015 998/1062/999
f 1000/1064/1001 1016/1081/1017 1015/1080/1016 999/1063/1000
f 1001/1065/1002 1017/1082/1018 1016/1081/1017 1000/1064/1001
f 1002/1066/1003 1018/1083/1019 1017/1082/1018 1001/1065/1002
f 1003/1067/1004 1019/1084/1020 1018/1083/1019 1002/1066/1003
f 1004/1068/1005 1020/1085/1021 1019/1084/1020 1003/1067/1004
f 1005/1069/1006 1021/1086/1022 1020/1085/1021 1004/1068/1005
f 1006/1070/1007 1022/1087/1023 1021/1086/1022 1005/1069/1006
f 1007/1071/1008 1023/1088/1024 1022/1087/1023 1006/1070/1007
f 1008/1056/994 1024/1073/1010 1023/1088/1024 1007/1071/1008
f 1009/1072/1009 1025/1089/1025 1040/1090/1026 1024/1073/1010
f 1010/1074/1011 1026/1091/1027 1025/1092/1025 1009/1075/1009
f 1011/1076/1012 1027/1093/1028 1026/1091/1027 1010/1074/1011
f 1012/1077/1013 1028/1094/1029 1027/1093/1028 1011/1076/1012
f 1013/1078/1014 1029/1095/1030 1028/1094/1029 1012/1077/1013
f 1014/1079/1015 1030/1096/1031 1029/1095/1030 1013/1078/1014
f 1015/1080/1016 1031/1097/1032 1030/1096/1031 1014/1079/1015
f 1016/1081/1017 1032/1098/1033 1031/1097/1032 1015/1080/1016
f 1017/1082/1018 1033/1099/1034 1032/1098/1033 1016/1081/1017
f 1018/1083/1019 1034/1100/1035 1033/1099/1034 1017/1082/1018
f 1019/1084/1020 1035/1101/1036 1034/1100/1035 1018/1083/1019
f 1020/1085/1021 1036/1102/1037 1035/1101/1036 1019/1084/1020
f 1021/1086/1022 1037/1103/1038 1036/1102/1037 1020/1085/1021
f 1022/1087/1023 1038/1104/1039 1037/1103/1038 1021/1086/1022
f 1023/1088/1024 1039/1105/1040 1038/1104/1039 1022/1087/1023
f 1024/1073/1010 1040/1090/1026 1039/1105/1040 1023/1088/1024
f 1025/1089/1025 1041/1106/1041 1056/1107/1042 1040/1090/1026
f 1026/1091/1027 1042/1108/1043 1041/1109/1041 1025/1092/1025
f 1027/1093/1028 1043/1110/1044 1042/1108/1043 1026/1091/1027
f 1028/1094/1029 1044/1111/1045 1043/1110/1044 1027/1093/1028
f 1029/1095/1030 1045/1112/1046 1044/1111/1045 1028/1094/1029
f 1030/1096/1031 1046/1113/1047 1045/1112/1046 1029/1095/1030
f 1031/1097/1032 1047/1114/1048 1046/1113/1047 1030/1096/1031
f 1032/1098/1033 1048/1115/1049 1047/1114/1048 1031/1097/1032
f 1033/1099/1034 1049/1116/1050 1048/1115/1049 1032/1098/1033
f 1034/1100/1035 1050/1117/1051 1049/1116/1050 1033/1099/1034
f 1035/1101/1036 1051/1118/1052 1050/1117/1051 1034/1100/1035
f 1036/1102/1037 1052/1119/1053 1051/1118/1052 1035/1101/1036
f 1037/1103/1038 1053/1120/1054 1052/1119/1053 1036/1102/1037
f 1038/1104/1039 1054/1121/1055 1053/1120/1054 1037/1103/1038
f 1039/1105/1040 1055/1122/1056 1054/1121/1055 1038/1104/1039
f 1040/1090/1026 1056/1107/1042 1055/1122/1056 1039/1105/1040
f 1041/1106/1041 1057/1123/1057 1072/1124/1058 1056/1107/1042
f 1042/1108/1043 1058/1125/1059 1057/1126/1057 1041/1109/1041
f 1043/1110/1044 1059/1127/1060 1058/1125/1059 1042/1108/1043
f 1044/1111/1045 1060/1128/1061 1059/1127/1060 1043/1110/1044
f 1045/1112/1046 1061/1129/1062 1060/1128/1061 1044/1111/1045
f 1046/1113/1047 1062/1130/1063 1061/1129/1062 1045/1112/1046
f 1047/1114/1048 1063/1131/1064 1062/1130/1063 1046/1113/1047
f 1048/1115/1049 1064/1132/1065 1063/1131/1064 1047/1114/1048
f 1049/1116/1050 1065/1133/1066 1064/1132/1065 1048/1115/1049
f 1050/1117/1051 1066/1134/1067 1065/1133/1066 1049/1116/1050
f 1051/1118/1052 1067/1135/1068 1066/1134/1067 1050/1117/1051
f 1052/1119/1053 1068/1136/1069 1067/1135/1068 1051/1118/1052
f 1053/1120/1054 1069/1137/1070 1068/1136/1069 1052/1119/1053
f 1054/1121/1055 1070/1138/1071 1069/1137/1070 1053/1120/1054
f 1055/1122/1056 1071/1139/1072 1070/1138/1071 1054/1121/1055
f 1056/1107/1042 1072/1124/1058 1071/1139/1072 1055/1122/1056
f 1057/1123/1057 1073/1140/1073 1088/1141/1074 1072/1124/1058
f 1058/1125/1059 1074/1142/1075 1073/1143/1073 1057/1126/1057
f 1059/1127/1060 1075/1144/1076 1074/1142/1075 1058/1125/1059
f 1060/1128/1061 1076/1145/1077 1075/1144/1076 1059/1127/1060
f 1061/1129/1062 1077/1146/1078 1076/1145/1077 1060/1128/1061
f 1062/1130/1063 1078/1147/1079 1077/1146/1078 1061/1129/1062
f 1063/1131/1064 1079/1148/1080 1078/1147/1079 1062/1130/1063
f 1064/1132/1065 1080/1149/1081 1079/1148/1080 1063/1131/1064
f 1065/1133/1066 1081/1150/1082 1080/1149/1081 1064/1132/1065
f 1066/1134/1067 1082/1151/1083 1081/1150/1082 1065/1133/1066
f 1067/1135/1068 1083/1152/1084 1082/1151/1083 1066/1134/1067
f 1068/1136/1069 1084/1153/1085 1083/1152/1084 1067/1135/1068
f 1069/1137/1070 1085/1154/1086 1084/1153/1085 1068/1136/1069
f 1070/1138/1071 1086/1155/1087 1085/1154/1086 1069/1137/1070
f 1071/1139/1072 1087/1156/1088 1086/1155/1087 1070/1138/1071
f 1072/1124/1058 1088/1141/1074 1087/1156/1088 1071/1139/1072
f 1073/1140/1073 1089/1157/1089 1104/1158/1090 1088/1141/1074
f 1074/1142/1075 1090/1159/1091 1089/1160/1089 1073/1143/1073
f 1075/1144/1076 1091/1161/1092 1090/1159/1091 1074/1142/1075
f 1076/1145/1077 1092/1162/1093 1091/1161/1092 1075/1144/1076
f 1077/1146/1078 1093/1163/1094 1092/1162/1093 1076/1145/1077
f 1078/1147/1079 1094/1164/1095 1093/1163/1094 1077/1146/1078
f 1079/1148/1080 1095/1165/1096 1094/1164/1095 1078/1147/1079
f 1080/1149/1081 1096/1166/1097 1095/1165/1096 1079/1148/1080
f 1081/1150/1082 1097/1167/1098 1096/1166/1097 1080/1149/1081
f 1082/1151/1083 1098/1168/1099 1097/1167/1098 1081/1150/1082
f 1083/1152/1084 1099/1169/1100 1098/1168/1099 1082/1151/1083
f 1084/1153/1085 1100/1170/1101 1099/1169/1100 1083/1152/1084
f 1085/1154/1086 1101/1171/1102 1100/1170/1101 1084/1153/1085
f 1086/1155/1087 1102/1172/1103 1101/1171/1102 1085/1154/1086
f 1087/1156/1088 1103/1173/1104 1102/1172/1103 1086/1155/1087
f 1088/1141/1074 1104/1158/1090 1103/1173/1104 1087/1156/1088
f 1089/1157/1089 1105/1174/1105 1120/1175/1106 1104/1158/1090
f 1090/1159/1091 1106/1176/1107 1105/1177/1105 1089/1160/1089
f 1091/1161/1092 1107/1178/1108 1106/1176/1107 1090/1159/1091
f 1092/1162/1093 1108/1179/1109 1107/1178/1108 1091/1161/1092
f 1093/1163/1094 1109/1180/1110 1108/1179/1109 1092/1162/1093
f 1094/1164/1095 1110/1181/1111 1109/1180/1110 1093/1163/1094
f 1095/1165/1096 1111/1182/1112 1110/1181/1111 1094/1164/1095
f 1096/1166/1097 1112/1183/1113 1111/1182/1112 1095/1165/1096
f 1097/1167/1098 1113/1184/1114 1112/1183/1113 1096/1166/1097
f 1098/1168/1099 1114/1185/1115 1113/1184/1114 1097/1167/1098
f 1099/1169/1100 1115/1186/1116 1114/1185/1115 1098/1168/1099
f 1100/1170/1101 1116/1187/1117 1115/1186/1116 1099/1169/1100
f 1101/1171/1102 1117/1188/1118 1116/1187/1117 1100/1170/1101
f 1102/1172/1103 1118/1189/1119 1117/1188/1118 1101/1171/1102
f 1103/1173/1104 1119/1190/1120 1118/1189/1119 1102/1172/1103
f 1104/1158/1090 1120/1175/1106 1119/1190/1120 1103/1173/1104
f 1105/1174/1105 1121/1191/1121 1136/1192/1122 1120/1175/1106
f 1106/1176/1107 1122/1193/1123 1121/1194/1121 1105/1177/1105
f 1107/1178/1108 1123/1195/1124 1122/1193/1123 1106/1176/1107
f 1108/1179/1109 1124/1196/1125 1123/1195/1124 1107/1178/1108
f 1109/1180/1110 1125/1197/1126 1124/1196/1125 1108/1179/1109
f 1110/1181/1111 1126/1198/1127 1125/1197/1126 1109/1180/1110
f 1111/1182/1112 1127/1199/1128 1126/1198/1127 1110/1181/1111
f 1112/1183/1113 1128/1200/1129 1127/1199/1128 1111/1182/1112
f 1113/1184/1114 1129/1201/1130 1128/1200/1129 1112/1183/1113
f 1114/1185/1115 1130/1202/1131 1129/1201/1130 1113/1184/1114
f 1115/1186/1116 1131/1203/1132 1130/1202/1131 1114/1185/1115
f 1116/1187/1117 1132/1204/1133 1131/1203/1132 1115/1186/1116
f 1117/1188/1118 1133/1205/1134 1132/1204/1133 1116/1187/1117
f 1118/1189/1119 1134/1206/1135 1133/1205/1134 1117/1188/1118
f 1119/1190/1120 1135/1207/1136 1134/1206/1135 1118/1189/1119
f 1120/1175/1106 1136/1192/1122 1135/1207/1136 1119/1190/1120
f 1121/1191/1121 1137/1208/1137 1152/1209/1138 1136/1192/1122
f 1122/1193/1123 1138/1210/1139 1137/1211/1137 1121/1194/1121
f 1123/1195/1124 1139/1212/1140 1138/1210/1139 1122/1193/1123
f 1124/1196/1125 1140/1213/1141 1139/1212/1140 1123/1195/1124
f 1125/1197/1126 1141/1214/1142 1140/1213/1141 1124/1196/1125
f 1126/1198/1127 1142/1215/1143 1141/1214/1142 1125/1197/1126
f 1127/1199/1128 1143/1216/1144 1142/1215/1143 1126/1198/1127
f 1128/1200/1129 1144/1217/1145 1143/1216/1144 1127/1199/1128
f 1129/1201/1130 1145/1218/1146 1144/1217/1145 1128/1200/1129
f 1130/1202/1131 1146/1219/1147 1145/1218/1146 1129/1201/1130
f 1131/1203/1132 1147/1220/1148 1146/1219/1147 1130/1202/1131
f 1132/1204/1133 1148/1221/1149 1147/1220/1148 1131/1203/1132
f 1133/1205/1134 1149/1222/1150 1148/1221/1149 1132/1204/1133
f 1134/1206/1135 1150/1223/1151 1149/1222/1150 1133/1205/1134
f 1135/1207/1136 1151/1224/1152 1150/1223/1151 1134/1206/1135
f 1136/1192/1122 1152/1209/1138 1151/1224/1152 1135/1207/1136
f 1137/1208/1137 1153/1225/1153 1168/1226/1154 1152/1209/1138
f 1138/1210/1139 1154/1227/1155 1153/1228/1153 1137/1211/1137
f 1139/1212/1140 1155/1229/1156 1154/1227/1155 1138/1210/1139
f 1140/1213/1141 1156/1230/1157 1155/1229/1156 1139/1212/1140
f 1141/1214/1142 1157/1231/1158 1156/1230/1157 1140/1213/1141
f 1142/1215/1143 1158/1232/1159 1157/1231/1158 1141/1214/1142
f 1143/1216/1144 1159/1233/1160 1158/1232/1159 1142/1215/1143
f 1144/1217/1145 1160/1234/1161 1159/1233/1160 1143/1216/1144
f 1145/1218/1146 1161/1235/1162 1160/1234/1161 1144/1217/1145
f 1146/1219/1147 1162/1236/1163 1161/1235/1162 1145/1218/1146
f 1147/1220/1148 1163/1237/1164 1162/1236/1163 1146/1219/1147
f 1148/1221/1149 1164/1238/1165 1163/1237/1164 1147/1220/1148
f 1149/1222/1150 1165/1239/1166 1164/1238/1165 1148/1221/1149
f 1150/1223/1151 1166/1240/1167 1165/1239/1166 1149/1222/1150
f 1151/1224/1152 1167/1241/1168 1166/1240/1167 1150/1223/1151
f 1152/1209/1138 1168/1226/1154 1167/1241/1168 1151/1224/1152
f 1153/1225/1153 1169/1242/1169 1184/1243/1170 1168/1226/1154
f 1154/1227/1155 1170/1244/1171 1169/1245/1169 1153/1228/1153
f 1155/1229/1156 1171/1246/1172 1170/1244/1171 1154/1227/1155
f 1156/1230/1157 1172/1247/1173 1171/1246/1172 1155/1229/1156
f 1157/1231/1158 1173/1248/1174 1172/1247/1173 1156/1230/1157
f 1158/1232/1159 1174/1249/1175 1173/1248/1174 1157/1231/1158
f 1159/1233/1160 1175/1250/1176 1174/1249/1175 1158/1232/1159
f 1160/1234/1161 1176/1251/1177 1175/1250/1176 1159/1233/1160
f 1161/1235/1162 1177/1252/1178 1176/1251/1177 1160/1234/1161
f 1162/1236/1163 1178/1253/1179 1177/1252/1178 1161/1235/1162
f 1163/1237/1164 1179/1254/1180 1178/1253/1179 1162/1236/1163
f 1164/1238/1165 1180/1255/1181 1179/1254/1180 1163/1237/1164
f 1165/1239/1166 1181/1256/1182 1180/1255/1181 1164/1238/1165
f 1166/1240/1167 1182/1257/1183 1181/1256/1182 1165/1239/1166
f 1167/1241/1168 1183/1258/1184 1182/1257/1183 1166/1240/1167
f 1168/1226/1154 1184/1243/1170 1183/1258/1184 1167/1241/1168
f 1169/1242/1169 1185/1259/1185 1200/1260/1186 1184/1243/1170
f 1170/1244/1171 1186/1261/1187 1185/1262/1185 1169/1245/1169
f 1171/1246/1172 1187/1263/1188 1186/1261/1187 1170/1244/1171
f 1172/1247/1173 1188/1264/1189 1187/1263/1188 1171/1246/1172
f 1173/1248/1174 1189/1265/1190 1188/1264/1189 1172/1247/1173
f 1174/1249/1175 1190/1266/1191 1189/1265/1190 1173/1248/1174
f 1175/1250/1176 1191/1267/1192 1190/1266/1191 1174/1249/1175
f 1176/1251/1177 1192/1268/1193 1191/1267/1192 1175/1250/1176
f 1177/1252/1178 1193/1269/1194 1192/1268/1193 1176/1251/1177
f 1178/1253/1179 1194/1270/1195 1193/1269/1194 1177/1252/1178
f 1179/1254/1180 1195/1271/1196 1194/1270/1195 1178/1253/1179
f 1180/1255/1181 1196/1272/1197 1195/1271/1196 1179/1254/1180
f 1181/1256/1182 1197/1273/1198 1196/1272/1197 1180/1255/1181
f 1182/1257/1183 1198/1274/1199 1197/1273/1198 1181/1256/1182
f 1183/1258/1184 1199/1275/1200 1198/1274/1199 1182/1257/1183
f 1184/1243/1170 1200/1260/1186 1199/1275/1200 1183/1258/1184
f 1185/1259/1185 1201/1276/1201 1216/1277/1202 1200/1260/1186
f 1186/1261/1187 1202/1278/1203 1201/1279/1201 1185/1262/1185
f 1187/1263/1188 1203/1280/1204 1202/1278/1203 1186/1261/1187
f 1188/1264/1189 1204/1281/1205 1203/1280/1204 1187/1263/1188
f 1189/1265/1190 1205/1282/1206 1204/1281/1205 1188/1264/1189
f 1190/1266/1191 1206/1283/1207 1205/1282/1206 1189/1265/1190
f 1191/1267/1192 1207/1284/1208 1206/1283/1207 1190/1266/1191
f 1192/1268/1193 1208/1285/1209 1207/1284/1208 1191/1267/1192
f 1193/1269/1194 1209/1286/1210 1208/1285/1209 1192/1268/1193
f 1194/1270/1195 1210/1287/1211 1209/1286/1210 1193/1269/1194
f 1195/1271/1196 1211/1288/1212 1210/1287/1211 1194/1270/1195
f 1196/1272/1197 1212/1289/1213 1211/1288/1212 1195/1271/1196
f 1197/1273/1198 1213/1290/1214 1212/1289/1213 1196/1272/1197
f 1198/1274/1199 1214/1291/1215 1213/1290/1214 1197/1273/1198
f 1199/1275/1200 1215/1292/1216 1214/1291/1215 1198/1274/1199
f 1200/1260/1186 1216/1277/1202 1215/1292/1216 1199/1275/1200
f 1201/1276/1201 1217/1293/1217 1232/1294/1218 1216/1277/1202
f 1202/1278/1203 1218/1295/1219 1217/1296/1217 1201/1279/1201
f 1203/1280/1204 1219/1297/1220 1218/1295/1219 1202/1278/1203
f 1204/1281/1205 1220/1298/1221 1219/1297/1220 1203/1280/1204
f 1205/1282/1206 1221/1299/1222 1220/1298/1221 1204/1281/1205
f 1206/1283/1207 1222/1300/1223 1221/1299/1222 1205/1282/1206
f 1207/1284/1208 1223/1301/1224 1222/1300/1223 1206/1283/1207
f 1208/1285/1209 1224/1302/1225 1223/1301/1224 1207/1284/1208
f 1209/1286/1210 1225/1303/1226 1224/1302/1225 1208/1285/1209
f 1210/1287/1211 1226/1304/1227 1225/1303/1226 1209/1286/1210
f 1211/1288/1212 1227/1305/1228 1226/1304/1227 1210/1287/1211
f 1212/1289/1213 1228/1306/1229 1227/1305/1228 1211/1288/1212
f 1213/1290/1214 1229/1307/1230 1228/1306/1229 1212/1289/1213
f 1214/1291/1215 1230/1308/1231 1229/1307/1230 1213/1290/1214
f 1215/1292/1216 1231/1309/1232 1230/1308/1231 1214/1291/1215
f 1216/1277/1202 1232/1294/1218 1231/1309/1232 1215/1292/1216
f 1217/1293/1217 1233/1310/1233 1248/1311/1234 1232/1294/1218
f 1218/1295/1219 1234/1312/1235 1233/1313/1233 1217/1296/1217
f 1219/1297/1220 1235/1314/1236 1234/1312/1235 1218/1295/1219
f 1220/1298/1221 1236/1315/1237 1235/1314/1236 1219/1297/1220
f 1221/1299/1222 1237/1316/1238 1236/1315/1237 1220/1298/1221
f 1222/1300/1223 1238/1317/1239 1237/1316/1238 1221/1299/1222
f 1223/1301/1224 1239/1318/1240 1238/1317/1239 1222/1300/1223
f 1224/1302/1225 1240/1319/1241 1239/1318/1240 1223/1301/1224
f 1225/1303/1226 1241/1320/1242 1240/1319/1241 1224/1302/1225
f 1226/1304/1227 1242/1321/1243 1241/1320/1242 1225/1303/1226
f 1227/1305/1228 1243/1322/1244 1242/1321/1243 1226/1304/1227
f 1228/1306/1229 1244/1323/1245 1243/1322/1244 1227/1305/1228
f 1229/1307/1230 1245/1324/1246 1244/1323/1245 1228/1306/1229
f 1230/1308/1231 1246/1325/1247 1245/1324/1246 1229/1307/1230
f 1231/1309/1232 1247/1326/1248 1246/1325/1247 1230/1308/1231
f 1232/1294/1218 1248/1311/1234 1247/1326/1248 1231/1309/1232
f 1233/1310/1233 1249/1327/1249 1264/1328/1250 1248/1311/1234
f 1234/1312/1235 1250/1329/1251 1249/1330/1249 1233/1313/1233
f 1235/1314/1236 1251/1331/1252 1250/1329/1251 1234/1312/1235
f 1236/1315/1237 1252/1332/1253 1251/1331/1252 1235/1314/1236
f 1237/1316/1238 1253/1333/1254 1252/1332/1253 1236/1315/1237
f 1238/1317/1239 1254/1334/1255 1253/1333/1254 1237/1316/1238
f 1239/1318/1240 1255/1335/1256 1254/1334/1255 1238/1317/1239
f 1240/1319/1241 1256/1336/1257 1255/1335/1256 1239/1318/1240
f 1241/1320/1242 1257/1337/1258 1256/1336/1257 1240/1319/1241
f 1242/1321/1243 1258/1338/1259 1257/1337/1258 1241/1320/1242
f 1243/1322/1244 1259/1339/1260 1258/1338/1259 1242/1321/1243
f 1244/1323/1245 1260/1340/1261 1259/1339/1260 1243/1322/1244
f 1245/1324/1246 1261/1341/1262 1260/1340/1261 1244/1323/1245
f 1246/1325/1247 1262/1342/1263 1261/1341/1262 1245/1324/1246
f 1247/1326/1248 1263/1343/1264 1262/1342/1263 1246/1325/1247
f 1248/1311/1234 1264/1328/1250 1263/1343/1264 1247/1326/1248
f 1249/1327/1249 1265/1344/1265 1280/1345/1266 1264/1328/1250
f 1250/1329/1251 1266/1346/1267 1265/1347/1265 1249/1330/1249
f 1251/1331/1252 1267/1348/1268 1266/1346/1267 1250/1329/1251
f 1252/1332/1253 1268/1349/1269 1267/1348/1268 1251/1331/1252
f 1253/1333/1254 1269/1350/1270 1268/1349/1269 1252/1332/1253
f 1254/1334/1255 1270/1351/1271 1269/1350/1270 1253/1333/1254
f 1255/1335/1256 1271/1352/1272 1270/1351/1271 1254/1334/1255
f 1256/1336/1257 1272/1353/1273 1271/1352/1272 1255/1335/1256
f 1257/1337/1258 1273/1354/1274 1272/1353/1273 1256/1336/1257
f 1258/1338/1259 1274/1355/1275 1273/1354/1274 1257/1337/1258
f 1259/1339/1260 1275/1356/1276 1274/1355/1275 1258/1338/1259
f 1260/1340/1261 1276/1357/1277 1275/1356/1276 1259/1339/1260
f 1261/1341/1262 1277/1358/1278 1276/1357/1277 1260/1340/1261
f 1262/1342/1263 1278/1359/1279 1277/1358/1278 1261/1341/1262
f 1263/1343/1264 1279/1360/1280 1278/1359/1279 1262/1342/1263
f 1264/1328/1250 1280/1345/1266 1279/1360/1280 1263/1343/1264
f 1265/1344/1265 1281/1361/1281 1296/1362/1282 1280/1345/1266
f 1266/1346/1267 1282/1363/1283 1281/1364/1281 1265/1347/1265
f 1267/1348/1268 1283/1365/1284 1282/1363/1283 1266/1346/1267
f 1268/1349/1269 1284/1366/1285 1283/1365/1284 1267/1348/1268
f 1269/1350/1270 1285/1367/1286 1284/1366/1285 1268/1349/1269
f 1270/1351/1271 1286/1368/1287 1285/1367/1286 1269/1350/1270
f 1271/1352/1272 1287/1369/1288 1286/1368/1287 1270/1351/1271
f 1272/1353/1273 1288/1370/1289 1287/1369/1288 1271/1352/1272
f 1273/1354/1274 1289/1371/1290 1288/1370/1289 1272/1353/1273
f 1274/1355/1275 1290/1372/1291 1289/1371/1290 1273/1354/1274
f 1275/1356/1276 1291/1373/1292 1290/1372/1291 1274/1355/1275
f 1276/1357/1277 1292/1374/1293 1291/1373/1292 1275/1356/1276
f 1277/1358/1278 1293/1375/1294 1292/1374/1293 1276/1357/1277
f 1278/1359/1279 1294/1376/1295 1293/1375/1294 1277/1358/1278
f 1279/1360/1280 1295/1377/1296 1294/1376/1295 1278/1359/1279
f 1280/1345/1266 1296/1362/1282 1295/1377/1296 1279/1360/1280
f 1281/1361/1281 1297/1378/1297 1312/1379/1298 1296/1362/1282
f 1282/1363/1283 1298/1380/1299 1297/1381/1297 1281/1364/1281
f 1283/1365/1284 1299/1382/1300 1298/1380/1299 1282/1363/1283
f 1284/1366/1285 1300/1383/1301 1299/1382/1300 1283/1365/1284
f 1285/1367/1286 1301/1384/1302 1300/1383/1301 1284/1366/1285
f 1286/1368/1287 1302/1385/1303 1301/1384/1302 1285/1367/1286
f 1287/1369/1288 1303/1386/1304 1302/1385/1303 1286/1368/1287
f 1288/1370/1289 1304/1387/1305 1303/1386/1304 1287/1369/1288
f 1289/1371/1290 1305/1388/1306 1304/1387/1305 1288/1370/1289
f 1290/1372/1291 1306/1389/1307 1305/1388/1306 1289/1371/1290
f 1291/1373/1292 1307/1390/1308 1306/1389/1307 1290/1372/1291
f 1292/1374/1293 1308/1391/1309 1307/1390/1308 1291/1373/1292
f 1293/1375/1294 1309/1392/1310 1308/1391/1309 1292/1374/1293
f 1294/1376/1295 1310/1393/1311 1309/1392/1310 1293/1375/1294
f 1295/1377/1296 1311/1394/1312 1310/1393/1311 1294/1376/1295
f 1296/1362/1282 1312/1379/1298 1311/1394/1312 1295/1377/1296
f 1297/1378/1297 1313/1395/1313 1328/1396/1314 1312/1379/1298
f 1298/1380/1299 1314/1397/1315 1313/1398/1313 1297/1381/1297
f 1299/1382/1300 1315/1399/1316 1314/1397/1315 1298/1380/1299
f 1300/1383/1301 1316/1400/1317 1315/1399/1316 1299/1382/1300
f 1301/1384/1302 1317/1401/1318 1316/1400/1317 1300/1383/1301
f 1302/1385/1303 1318/1402/1319 1317/1401/1318 1301/1384/1302
f 1303/1386/1304 1319/1403/1320 1318/1402/1319 1302/1385/1303
f 1304/1387/1305 1320/1404/1321 1319/1403/1320 1303/1386/1304
f 1305/1388/1306 1321/1405/1322 1320/1404/1321 1304/1387/1305
f 1306/1389/1307 1322/1406/1323 1321/1405/1322 1305/1388/1306
f 1307/1390/1308 1323/1407/1324 1322/1406/1323 1306/1389/1307
f 1308/1391/1309 1324/1408/1325 1323/1407/1324 1307/1390/1308
f 1309/1392/1310 1325/1409/1326 1324/1408/1325 1308/1391/1309
f 1310/1393/1311 1326/1410/1327 1325/1409/1326 1309/1392/1310
f 1311/1394/1312 1327/1411/1328 1326/1410/1327 1310/1393/1311
f 1312/1379/1298 1328/1396/1314 1327/1411/1328 1311/1394/1312
f 1313/1395/1313 1329/1412/1329 1344/1413/1330 1328/1396/1314
f 1314/1397/1315 1330/1414/1331 1329/1415/1329 1313/1398/1313
f 1315/1399/1316 1331/1416/1332 1330/1414/1331 1314/1397/1315
f 1316/1400/1317 1332/1417/1333 1331/1416/1332 1315/1399/1316
f 1317/1401/1318 1333/1418/1334 1332/1417/1333 1316/1400/1317
f 1318/1402/1319 1334/1419/1335 1333/1418/1334 1317/1401/1318
f 1319/1403/1320 1335/1420/1336 1334/1419/1335 1318/1402/1319
f 1320/1404/1321 1336/1421/1337 1335/1420/1336 1319/1403/1320
f 1321/1405/1322 1337/1422/1338 1336/1421/1337 1320/1404/1321
f 1322/1406/1323 1338/1423/1339 1337/1422/1338 1321/1405/1322
f 1323/1407/1324 1339/1424/1340 1338/1423/1339 1322/1406/1323
f 1324/1408/1325 1340/1425/1341 1339/1424/1340 1323/1407/1324
f 1325/1409/1326 1341/1426/1342 1340/1425/1341 1324/1408/1325
f 1326/1410/1327 1342/1427/1343 1341/1426/1342 1325/1409/1326
f 1327/1411/1328 1343/1428/1344 1342/1427/1343 1326/1410/1327
f 1328/1396/1314 1344/1413/1330 1343/1428/1344 1327/1411/1328
f 1329/1412/1329 1345/1429/1345 1360/1430/1346 1344/1413/1330
f 1330/1414/1331 1346/1431/1347 1345/1432/1345 1329/1415/1329
f 1331/1416/1332 1347/1433/1348 1346/1431/1347 1330/1414/1331
f 1332/1417/1333 1348/1434/1349 1347/1433/1348 1331/1416/1332
f 1333/1418/1334 1349/1435/1350 1348/1434/1349 1332/1417/1333
f 1334/1419/1335 1350/1436/1351 1349/1435/1350 1333/1418/1334
f 1335/1420/1336 1351/1437/1352 1350/1436/1351 1334/1419/1335
f 1336/1421/1337 1352/1438/1353 1351/1437/1352 1335/1420/1336
f 1337/1422/1338 1353/1439/1354 1352/1438/1353 1336/1421/1337
f 1338/1423/1339 1354/1440/1355 1353/1439/1354 1337/1422/1338
f 1339/1424/1340 1355/1441/1356 1354/1440/1355 1338/1423/1339
f 1340/1425/1341 1356/1442/1357 1355/1441/1356 1339/1424/1340
f 1341/1426/1342 1357/1443/1358 1356/1442/1357 1340/1425/1341
f 1342/1427/1343 1358/1444/1359 1357/1443/1358 1341/1426/1342
f 1343/1428/1344 1359/1445/1360 1358/1444/1359 1342/1427/1343
f 1344/1413/1330 1360/1430/1346 1359/1445/1360 1343/1428/1344
f 1345/1429/1345 1361/1446/1361 1376/1447/1362 1360/1430/1346
f 1346/1431/1347 1362/1448/1363 1361/1449/1361 1345/1432/1345
f 1347/1433/1348 1363/1450/1364 1362/1448/1363 1346/1431/1347
f 1348/1434/1349 1364/1451/1365 1363/1450/1364 1347/1433/1348
f 1349/1435/1350 1365/1452/1366 1364/1451/1365 1348/1434/1349
f 1350/1436/1351 1366/1453/1367 1365/1452/1366 1349/1435/1350
f 1351/1437/1352 1367/1454/1368 1366/1453/1367 1350/1436/1351
f 1352/1438/1353 1368/1455/1369 1367/1454/1368 1351/1437/1352
f 1353/1439/1354 1369/1456/1370 1368/1455/1369 1352/1438/1353
f 1354/1440/1355 1370/1457/1371 1369/1456/1370 1353/1439/1354
f 1355/1441/1356 1371/1458/1372 1370/1457/1371 1354/1440/1355
f 1356/1442/1357 1372/1459/1373 1371/1458/1372 1355/1441/1356
f 1357/1443/1358 1373/1460/1374 1372/1459/1373 1356/1442/1357
f 1358/1444/1359 1374/1461/1375 1373/1460/1374 1357/1443/1358
f 1359/1445/1360 1375/1462/1376 1374/1461/1375 1358/1444/1359
f 1360/1430/1346 1376/1447/1362 1375/1462/1376 1359/1445/1360
f 1361/1446/1361 1377/1463/1377 1392/1464/1378 1376/1447/1362
f 1362/1448/1363 1378/1465/1379 1377/1466/1377 1361/1449/1361
f 1363/1450/1364 1379/1467/1380 1378/1465/1379 1362/1448/1363
f 1364/1451/1365 1380/1468/1381 1379/1467/1380 1363/1450/1364
f 1365/1452/1366 1381/1469/1382 1380/1468/1381 1364/1451/1365
f 1366/1453/1367 1382/1470/1383 1381/1469/1382 1365/1452/1366
f 1367/1454/1368 1383/1471/1384 1382/1470/1383 1366/1453/1367
f 1368/1455/1369 1384/1472/1385 1383/1471/1384 1367/1454/1368
f 1369/1456/1370 1385/1473/1386 1384/1472/1385 1368/1455/1369
f 1370/1457/1371 1386/1474/1387 1385/1473/1386 1369/1456/1370
f 1371/1458/1372 1387/1475/1388 1386/1474/1387 1370/1457/1371
f 1372/1459/1373 1388/1476/1389 1387/1475/1388 1371/1458/1372
f 1373/1460/1374 1389/1477/1390 1388/1476/1389 1372/1459/1373
f 1374/1461/1375 1390/1478/1391 1389/1477/1390 1373/1460/1374
f 1375/1462/1376 1391/1479/1392 1390/1478/1391 1374/1461/1375
f 1376/1447/1362 1392/1464/1378 1391/1479/1392 1375/1462/1376
f 1377/1463/1377 1393/1480/1393 1408/1481/1394 1392/1464/1378
f 1378/1465/1379 1394/1482/1395 1393/1483/1393 1377/1466/1377
f 1379/1467/1380 1395/1484/1396 1394/1482/1395 1378/1465/1379
f 1380/1468/1381 1396/1485/1397 1395/1484/1396 1379/1467/1380
f 1381/1469/1382 1397/1486/1398 1396/1485/1397 1380/1468/1381
f 1382/1470/1383 1398/1487/1399 1397/1486/1398 1381/1469/1382
f 1383/1471/1384 1399/1488/1400 1398/1487/1399 1382/1470/1383
f 1384/1472/1385 1400/1489/1401 1399/1488/1400 1383/1471/1384
f 1385/1473/1386 1401/1490/1402 1400/1489/1401 1384/1472/1385
f 1386/1474/1387 1402/1491/1403 1401/1490/1402 1385/1473/1386
f 1387/1475/1388 1403/1492/1404 1402/1491/1403 1386/1474/1387
f 1388/1476/1389 1404/1493/1405 1403/1492/1404 1387/1475/1388
f 1389/1477/1390 1405/1494/1406 1404/1493/1405 1388/1476/1389
f 1390/1478/1391 1406/1495/1407 1405/1494/1406 1389/1477/1390
f 1391/1479/1392 1407/1496/1408 1406/1495/1407 1390/1478/1391
f 1392/1464/1378 1408/1481/1394 1407/1496/1408 1391/1479/1392
f 1393/1480/1393 1409/1497/1409 1424/1498/1410 1408/1481/1394
f 1394/1482/1395 1410/1499/1411 1409/1500/1409 1393/1483/1393
f 1395/1484/1396 1411/1501/1412 1410/1499/1411 1394/1482/1395
f 1396/1485/1397 1412/1502/1413 1411/1501/1412 1395/1484/1396
f 1397/1486/1398 1413/1503/1414 1412/1502/1413 1396/1485/1397
f 1398/1487/1399 1414/1504/1415 1413/1503/1414 1397/1486/1398
f 1399/1488/1400 1415/1505/1416 1414/1504/1415 1398/1487/1399
f 1400/1489/1401 1416/1506/1417 1415/1505/1416 1399/1488/1400
f 1401/1490/1402 1417/1507/1418 1416/1506/1417 1400/1489/1401
f 1402/1491/1403 1418/1508/1419 1417/1507/1418 1401/1490/1402
f 1403/1492/1404 1419/1509/1420 1418/1508/1419 1402/1491/1403
f 1404/1493/1405 1420/1510/1421 1419/1509/1420 1403/1492/1404
f 1405/1494/1406 1421/1511/1422 1420/1510/1421 1404/1493/1405
f 1406/1495/1407 1422/1512/1423 1421/1511/1422 1405/1494/1406
f 1407/1496/1408 1423/1513/1424 1422/1512/1423 1406/1495/1407
f 1408/1481/1394 1424/1498/1410 1423/1513/1424 1407/1496/1408
f 1409/1497/1409 1425/1514/1425 1440/1515/1426 1424/1498/1410
f 1410/1499/1411 1426/1516/1427 1425/1517/1425 1409/1500/1409
f 1411/1501/1412 1427/1518/1428 1426/1516/1427 1410/1499/1411
f 1412/1502/1413 1428/1519/1429 1427/1518/1428 1411/1501/1412
f 1413/1503/1414 1429/1520/1430 1428/1519/1429 1412/1502/1413
f 1414/1504/1415 1430/1521/1431 1429/1520/1430 1413/1503/1414
f 1415/1505/1416 1431/1522/1432 1430/1521/1431 1414/1504/1415
f 1416/1506/1417 1432/1523/1433 1431/1522/1432 1415/1505/1416
f 1417/1507/1418 1433/1524/1434 1432/1523/1433 1416/1506/1417
f 1418/1508/1419 1434/1525/1435 1433/1524/1434 1417/1507/1418
f 1419/1509/1420 1435/1526/1436 1434/1525/1435 1418/1508/1419
f 1420/1510/1421 1436/1527/1437 1435/1526/1436 1419/1509/1420
f 1421/1511/1422 1437/1528/1438 1436/1527/1437 1420/1510/1421
f 1422/1512/1423 1438/1529/1439 1437/1528/1438 1421/1511/1422
f 1423/1513/1424 1439/1530/1440 1438/1529/1439 1422/1512/1423
f 1424/1498/1410 1440/1515/1426 1439/1530/1440 1423/1513/1424
f 1425/1514/1425 1441/1531/1441 1456/1532/1442 1440/1515/1426
f 1426/1516/1427 1442/1533/1443 1441/1534/1441 1425/1517/1425
f 1427/1518/1428 1443/1535/1444 1442/1533/1443 1426/1516/1427
f 1428/1519/1429 1444/1536/1445 1443/1535/1444 1427/1518/1428
f 1429/1520/1430 1445/1537/1446 1444/1536/1445 1428/1519/1429
f 1430/1521/1431 1446/1538/1447 1445/1537/1446 1429/1520/1430
f 1431/1522/1432 1447/1539/1448 1446/1538/1447 1430/1521/1431
f 1432/1523/1433 1448/1540/1449 1447/1539/1448 1431/1522/1432
f 1433/1524/1434 1449/1541/1450 1448/1540/1449 1432/1523/1433
f 1434/1525/1435 1450/1542/1451 1449/1541/1450 1433/1524/1434
f 1435/1526/1436 1451/1543/1452 1450/1542/1451 1434/1525/1435
f 1436/1527/1437 1452/1544/1453 1451/1543/1452 1435/1526/1436
f 1437/1528/1438 1453/1545/1454 1452/1544/1453 1436/1527/1437
f 1438/1529/1439 1454/1546/1455 1453/1545/1454 1437/1528/1438
f 1439/1530/1440 1455/1547/1456 1454/1546/1455 1438/1529/1439
f 1440/1515/1426 1456/1532/1442 1455/1547/1456 1439/1530/1440
f 1441/1531/1441 1457/1548/1457 1472/1549/1458 1456/1532/1442
f 1442/1533/1443 1458/1550/1459 1457/1551/1457 1441/1534/1441
f 1443/1535/1444 1459/1552/1460 1458/1550/1459 1442/1533/1443
f 1444/1536/1445 1460/1553/1461 1459/1552/1460 1443/1535/1444
f 1445/1537/1446 1461/1554/1462 1460/1553/1461 1444/1536/1445
f 1446/1538/1447 1462/1555/1463 1461/1554/1462 1445/1537/1446
f 1447/1539/1448 1463/1556/1464 1462/1555/1463 1446/1538/1447
f 1448/1540/1449 1464/1557/1465 1463/1556/1464 1447/1539/1448
f 1449/1541/1450 1465/1558/1466 1464/1557/1465 1448/1540/1449
f 1450/1542/1451 1466/1559/1467 1465/1558/1466 1449/1541/1450
f 1451/1543/1452 1467/1560/1468 1466/1559/1467 1450/1542/1451
f 1452/1544/1453 1468/1561/1469 1467/1560/1468 1451/1543/1452
f 1453/1545/1454 1469/1562/1470 1468/1561/1469 1452/1544/1453
f 1454/1546/1455 1470/1563/1471 1469/1562/1470 1453/1545/1454
f 1455/1547/1456 1471/1564/1472 1470/1563/1471 1454/1546/1455
f 1456/1532/1442 1472/1549/1458 1471/1564/1472 1455/1547/1456
