sim_time,wall_time
0.0,4898497.968965241
0.001,4898497.986761776
0.006,4898497.998543781
0.016,4898498.012592828
0.026000000000000002,4898498.041243182
0.036000000000000004,4898498.056506516
0.041,4898498.074595778
0.04225,4898498.095846925
0.0485,4898498.123540901
0.0585,4898498.139993993
0.0635,4898498.161164253
0.066,4898498.183025905
0.06725,4898498.205337083
0.06803125,4898498.228909983
0.0690078125,4898498.259840444
0.073890625,4898498.28607667
0.083890625,4898498.311623465
0.09389062499999999,4898498.331759896
0.10389062499999999,4898498.353563793
0.11389062499999998,4898498.376577877
0.12389062499999998,4898498.399074814
0.13389062499999999,4898498.418959706
0.143890625,4898498.440037608
0.148890625,4898498.466233983
0.150140625,4898498.496544039
0.156390625,4898498.528111057
0.16639062500000001,4898498.55132521
0.17639062500000002,4898498.576060209
0.18639062500000003,4898498.59255059
0.19639062500000004,4898498.607313928
0.20639062500000005,4898498.62204167
0.21639062500000006,4898498.637121159
0.22639062500000007,4898498.652509147
0.23639062500000008,4898498.667136557
0.24639062500000009,4898498.683373988
0.2563906250000001,4898498.705297253
0.2663906250000001,4898498.723406295
0.2763906250000001,4898498.740962317
0.2863906250000001,4898498.759052845
0.29639062500000013,4898498.776398546
0.30639062500000014,4898498.793071761
0.31639062500000015,4898498.812311397
0.32639062500000016,4898498.829082944
0.33639062500000017,4898498.846987912
0.3463906250000002,4898498.861949384
0.3563906250000002,4898498.877321465
0.3663906250000002,4898498.893138961
0.3763906250000002,4898498.908670113
0.3863906250000002,4898498.925479266
0.3913906250000002,4898498.943663945
0.4013906250000002,4898498.964869705
0.41139062500000023,4898498.985119433
0.42139062500000024,4898499.003315366
0.43139062500000025,4898499.020771308
0.44139062500000026,4898499.039169971
0.45139062500000027,4898499.057411018
0.4613906250000003,4898499.074385423
0.4713906250000003,4898499.091425366
0.4813906250000003,4898499.108250041
0.4913906250000003,4898499.12631663
0.5013906250000003,4898499.143867581
0.5113906250000003,4898499.161474566
0.5213906250000003,4898499.178324215
0.5313906250000003,4898499.195409527
0.5413906250000003,4898499.212169913
0.5513906250000004,4898499.229094181
0.5613906250000004,4898499.245569301
0.5713906250000004,4898499.262689225
0.5813906250000004,4898499.279895167
0.5913906250000004,4898499.296803225
0.6013906250000004,4898499.313886738
0.6113906250000004,4898499.331333949
0.6213906250000004,4898499.347967053
0.6313906250000004,4898499.365368524
0.6413906250000004,4898499.382563392
0.6513906250000004,4898499.399612568
0.6613906250000005,4898499.416816305
0.6713906250000005,4898499.433662956
0.6813906250000005,4898499.450895666
0.6913906250000005,4898499.468505797
0.7013906250000005,4898499.48591807
0.7113906250000005,4898499.503048785
0.7213906250000005,4898499.521089172
0.7313906250000005,4898499.539233598
0.7413906250000005,4898499.558021051
0.7513906250000005,4898499.576414254
0.7613906250000005,4898499.594218108
0.7713906250000006,4898499.612026108
0.7813906250000006,4898499.630047196
0.7913906250000006,4898499.647468807
0.8013906250000006,4898499.665273727
0.8113906250000006,4898499.682977557
0.8213906250000006,4898499.702860776
0.8313906250000006,4898499.721066174
0.8413906250000006,4898499.73767434
0.8513906250000006,4898499.754585257
0.8613906250000006,4898499.77151791
0.8713906250000006,4898499.788691289
0.8813906250000006,4898499.80535247
0.8913906250000007,4898499.822573216
0.9013906250000007,4898499.839452067
0.9113906250000007,4898499.856476641
0.9213906250000007,4898499.873355541
0.9313906250000007,4898499.890659238
0.9413906250000007,4898499.907503348
0.9513906250000007,4898499.924745752
0.9613906250000007,4898499.941360047
0.9713906250000007,4898499.960224668
0.9813906250000007,4898499.97803467
0.9913906250000007,4898499.99630841
1.0013906250000006,4898500.015154074
1.0113906250000007,4898500.03263088
1.0213906250000007,4898500.049737989
1.0313906250000007,4898500.06720988
1.0413906250000007,4898500.084475693
1.0513906250000007,4898500.101887363
1.0613906250000007,4898500.119476358
1.0713906250000007,4898500.136870863
1.0813906250000007,4898500.154175928
1.0913906250000007,4898500.171528332
1.1013906250000007,4898500.188574639
1.1113906250000007,4898500.205793787
1.1213906250000008,4898500.222913608
1.1313906250000008,4898500.239674017
1.1413906250000008,4898500.25664987
1.1513906250000008,4898500.273648566
1.1613906250000008,4898500.290940576
1.1713906250000008,4898500.307883601
1.1813906250000008,4898500.32478845
1.1913906250000008,4898500.339925014
1.2013906250000008,4898500.354240448
1.2113906250000008,4898500.368708493
1.2213906250000008,4898500.384497982
1.2313906250000008,4898500.398926281
1.2413906250000009,4898500.413524276
1.2513906250000009,4898500.428485241
1.2613906250000009,4898500.443068128
1.2713906250000009,4898500.457904838
1.281390625000001,4898500.472055311
1.291390625000001,4898500.486709199
1.301390625000001,4898500.500590469
1.311390625000001,4898500.514239876
1.321390625000001,4898500.528092069
1.331390625000001,4898500.541852777
1.341390625000001,4898500.556110677
1.351390625000001,4898500.570242238
1.361390625000001,4898500.584303684
1.371390625000001,4898500.598716039
1.381390625000001,4898500.612882649
1.391390625000001,4898500.627490748
1.401390625000001,4898500.641378177
1.411390625000001,4898500.655520247
1.421390625000001,4898500.669713001
1.431390625000001,4898500.683728718
1.441390625000001,4898500.700355447
1.451390625000001,4898500.715474972
1.461390625000001,4898500.730271755
1.471390625000001,4898500.744676822
1.481390625000001,4898500.759398244
1.491390625000001,4898500.773874613
1.501390625000001,4898500.788822728
1.511390625000001,4898500.803267582
1.521390625000001,4898500.818194545
1.5313906250000011,4898500.832671994
1.5413906250000011,4898500.846452792
1.5513906250000011,4898500.860706041
1.5613906250000011,4898500.874744725
1.5713906250000012,4898500.888885472
1.5813906250000012,4898500.902915512
1.5913906250000012,4898500.917410043
1.6013906250000012,4898500.931617061
1.6113906250000012,4898500.945712383
1.6213906250000012,4898500.960120734
1.6313906250000012,4898500.974160643
1.6413906250000012,4898500.988363229
1.6513906250000012,4898501.003718824
1.6613906250000012,4898501.018265118
1.6713906250000012,4898501.031804243
1.6813906250000012,4898501.04517327
1.6913906250000013,4898501.058811584
1.7013906250000013,4898501.072657791
1.7113906250000013,4898501.086623625
1.7213906250000013,4898501.100415675
1.7313906250000013,4898501.114295841
1.7413906250000013,4898501.128418375
1.7513906250000013,4898501.141884783
1.7613906250000013,4898501.155735474
1.7713906250000013,4898501.169602556
1.7813906250000013,4898501.183413806
1.7913906250000013,4898501.197406175
1.8013906250000014,4898501.21099422
1.8113906250000014,4898501.225299792
1.8213906250000014,4898501.239240392
1.8313906250000014,4898501.25341914
1.8413906250000014,4898501.267945582
1.8513906250000014,4898501.282270948
1.8613906250000014,4898501.296509888
1.8713906250000014,4898501.310780827
1.8813906250000014,4898501.325213241
1.8913906250000014,4898501.339299885
1.9013906250000014,4898501.352769566
1.9113906250000015,4898501.366481185
1.9213906250000015,4898501.380231902
1.9313906250000015,4898501.39389396
1.9413906250000015,4898501.407727096
1.9513906250000015,4898501.421482144
1.9613906250000015,4898501.435172174
1.9713906250000015,4898501.448888791
1.9813906250000015,4898501.462571792
1.9913906250000015,4898501.477198756
2.0013906250000013,4898501.49226022
2.011390625000001,4898501.506330663
2.021390625000001,4898501.52035933
2.0313906250000007,4898501.534364731
2.0413906250000005,4898501.54828783
2.0513906250000002,4898501.563009711
2.061390625,4898501.578376599
2.071390625,4898501.593472362
2.0813906249999996,4898501.607672585
2.0913906249999994,4898501.622412642
2.101390624999999,4898501.63660873
2.111390624999999,4898501.65089451
2.1213906249999988,4898501.665272501
2.1313906249999985,4898501.679491147
2.1413906249999983,4898501.694575335
2.151390624999998,4898501.709820081
2.161390624999998,4898501.724022292
2.1713906249999977,4898501.737818165
2.1813906249999975,4898501.751740848
2.1913906249999973,4898501.76593634
2.201390624999997,4898501.780196313
2.211390624999997,4898501.793999243
2.2213906249999966,4898501.807540997
2.2313906249999964,4898501.821225227
2.241390624999996,4898501.834912841
2.251390624999996,4898501.84822037
2.2613906249999958,4898501.862107952
2.2713906249999956,4898501.875926174
2.2813906249999953,4898501.889621055
2.291390624999995,4898501.903768031
2.301390624999995,4898501.918283765
2.3113906249999947,4898501.932515752
2.3213906249999945,4898501.94652501
2.3313906249999943,4898501.96094845
2.341390624999994,4898501.975261804
2.351390624999994,4898501.989576236
2.3613906249999936,4898502.006476382
2.3713906249999934,4898502.022407779
2.381390624999993,4898502.036833676
2.391390624999993,4898502.05120809
2.401390624999993,4898502.065288757
2.4113906249999926,4898502.079170769
2.4213906249999924,4898502.09307474
2.431390624999992,4898502.106683899
2.441390624999992,4898502.120921206
2.4513906249999917,4898502.134984828
2.4613906249999915,4898502.149110562
2.4713906249999913,4898502.162905755
2.481390624999991,4898502.176617526
2.491390624999991,4898502.190210723
2.5013906249999907,4898502.204285175
2.5113906249999904,4898502.218036812
2.5213906249999902,4898502.231466426
2.53139062499999,4898502.244953356
2.54139062499999,4898502.25874621
2.5513906249999896,4898502.272199869
2.5613906249999894,4898502.285652063
2.571390624999989,4898502.29927361
2.581390624999989,4898502.312993806
2.5913906249999887,4898502.326837233
2.6013906249999885,4898502.340581509
2.6113906249999883,4898502.354079669
2.621390624999988,4898502.367718265
2.631390624999988,4898502.38157675
2.6413906249999877,4898502.39518933
2.6513906249999875,4898502.408865862
2.6613906249999872,4898502.422632532
2.671390624999987,4898502.436116681
2.681390624999987,4898502.449531513
2.6913906249999866,4898502.463541006
2.7013906249999864,4898502.477057096
2.711390624999986,4898502.491022546
2.721390624999986,4898502.505391377
2.7313906249999858,4898502.519854362
2.7413906249999855,4898502.534458349
2.7513906249999853,4898502.548798558
2.761390624999985,4898502.563033877
2.771390624999985,4898502.576934901
2.7813906249999847,4898502.590633339
2.7913906249999845,4898502.604348633
2.8013906249999843,4898502.618384712
2.811390624999984,4898502.632464382
2.821390624999984,4898502.645847908
2.8313906249999836,4898502.659495167
2.8413906249999834,4898502.672989617
2.851390624999983,4898502.686493671
2.861390624999983,4898502.702583293
2.8713906249999828,4898502.716427825
2.8813906249999826,4898502.730127025
2.8913906249999823,4898502.74347444
2.901390624999982,4898502.757042042
2.911390624999982,4898502.770901032
2.9213906249999817,4898502.784425607
2.9313906249999815,4898502.798203816
2.9413906249999813,4898502.811950442
2.951390624999981,4898502.825482276
2.961390624999981,4898502.838885166
2.9713906249999806,4898502.852169766
2.9813906249999804,4898502.865679206
2.99139062499998,4898502.879288965
3.00139062499998,4898502.893368245
3.01139062499998,4898502.906852105
3.0213906249999796,4898502.920799648
3.0313906249999794,4898502.934612469
3.041390624999979,4898502.948010344
3.051390624999979,4898502.961832808
3.0613906249999787,4898502.97532472
3.0713906249999785,4898502.988974918
3.0813906249999783,4898503.003805262
3.091390624999978,4898503.0186013
3.101390624999978,4898503.033360041
3.1113906249999776,4898503.046923872
3.1213906249999774,4898503.060729537
3.1313906249999772,4898503.074763157
3.141390624999977,4898503.088918917
3.151390624999977,4898503.102966469
3.1613906249999766,4898503.117208947
3.1713906249999764,4898503.132707268
3.181390624999976,4898503.146362206
3.191390624999976,4898503.162622217
3.2013906249999757,4898503.177753963
3.2113906249999755,4898503.192222438
3.2213906249999753,4898503.205832147
3.231390624999975,4898503.219678972
3.241390624999975,4898503.233398124
3.2513906249999747,4898503.246716421
3.2613906249999745,4898503.260309176
3.2713906249999742,4898503.273830864
3.281390624999974,4898503.287713099
3.291390624999974,4898503.301690729
3.3013906249999736,4898503.315222256
3.3113906249999734,4898503.328888613
3.321390624999973,4898503.342172372
3.331390624999973,4898503.355503318
3.3413906249999727,4898503.369022002
3.3513906249999725,4898503.382589225
3.3613906249999723,4898503.396349573
3.371390624999972,4898503.410006781
3.381390624999972,4898503.423469382
3.3913906249999717,4898503.4371274
3.4013906249999715,4898503.450704525
3.4113906249999713,4898503.464371066
3.421390624999971,4898503.478145925
3.431390624999971,4898503.491991433
3.4413906249999706,4898503.50577033
3.4513906249999704,4898503.519608296
3.46139062499997,4898503.533362753
3.47139062499997,4898503.546781462
3.4813906249999698,4898503.561123849
3.4913906249999695,4898503.575225143
3.5013906249999693,4898503.589139417
3.511390624999969,4898503.602989965
3.521390624999969,4898503.616774299
3.5313906249999687,4898503.63091323
3.5413906249999685,4898503.644707325
3.5513906249999683,4898503.658555324
3.561390624999968,4898503.672009294
3.571390624999968,4898503.68546987
3.5813906249999676,4898503.700973327
3.5913906249999674,4898503.715029696
3.601390624999967,4898503.728756004
3.611390624999967,4898503.742163923
3.621390624999967,4898503.755519952
3.6313906249999666,4898503.768955122
3.6413906249999664,4898503.782653814
3.651390624999966,4898503.796361358
3.661390624999966,4898503.809947014
3.6713906249999657,4898503.823257983
3.6813906249999655,4898503.836784492
3.6913906249999653,4898503.850431645
3.701390624999965,4898503.864475693
3.711390624999965,4898503.878392496
3.7213906249999646,4898503.89261229
3.7313906249999644,4898503.906272259
3.741390624999964,4898503.919934922
3.751390624999964,4898503.933640567
3.761390624999964,4898503.94692093
3.7713906249999636,4898503.960732563
3.7813906249999634,4898503.974180052
3.791390624999963,4898503.98780255
3.801390624999963,4898504.002912659
3.8113906249999627,4898504.018045241
3.8213906249999625,4898504.032100778
3.8313906249999623,4898504.04556497
3.841390624999962,4898504.060404325
3.851390624999962,4898504.075405668
3.8613906249999617,4898504.089663654
3.8713906249999614,4898504.104333001
3.8813906249999612,4898504.118773266
3.891390624999961,4898504.133129886
3.901390624999961,4898504.146863065
3.9113906249999606,4898504.161933762
3.9213906249999604,4898504.176557511
3.93139062499996,4898504.191150214
3.94139062499996,4898504.205493403
3.9513906249999597,4898504.219245414
3.9613906249999595,4898504.234019996
3.9713906249999593,4898504.248338783
3.981390624999959,4898504.26214915
3.991390624999959,4898504.275721215
4.001390624999959,4898504.28936996
4.011390624999959,4898504.303657002
4.021390624999959,4898504.317276831
4.0313906249999585,4898504.330945162
4.041390624999958,4898504.344474775
4.051390624999958,4898504.357976075
4.061390624999958,4898504.371652007
4.071390624999958,4898504.385166525
4.081390624999957,4898504.398912453
4.091390624999957,4898504.412839913
4.101390624999957,4898504.426281802
4.111390624999957,4898504.439981184
4.121390624999957,4898504.453480734
4.131390624999956,4898504.467122475
4.141390624999956,4898504.480936673
4.151390624999956,4898504.495208004
4.161390624999956,4898504.509085994
4.1713906249999555,4898504.522970629
4.181390624999955,4898504.536735413
4.191390624999955,4898504.550054699
4.201390624999955,4898504.563772765
4.211390624999955,4898504.577140362
4.221390624999954,4898504.591246513
4.231390624999954,4898504.605376192
4.241390624999954,4898504.619236084
4.251390624999954,4898504.633131475
4.261390624999954,4898504.646537163
4.271390624999953,4898504.660217538
4.281390624999953,4898504.67384652
4.291390624999953,4898504.687370966
4.301390624999953,4898504.70326269
4.3113906249999525,4898504.71717655
4.321390624999952,4898504.730888052
4.331390624999952,4898504.744477638
4.341390624999952,4898504.758357951
4.351390624999952,4898504.771944554
4.3613906249999514,4898504.785541906
4.371390624999951,4898504.79953692
4.381390624999951,4898504.813460561
4.391390624999951,4898504.827091853
4.401390624999951,4898504.840538821
4.41139062499995,4898504.853867374
4.42139062499995,4898504.86752525
4.43139062499995,4898504.88145275
4.44139062499995,4898504.895371431
4.4513906249999495,4898504.908970429
4.461390624999949,4898504.922662343
4.471390624999949,4898504.936406062
4.481390624999949,4898504.950127843
4.491390624999949,4898504.964125764
4.5013906249999485,4898504.977902029
4.511390624999948,4898504.991928174
4.521390624999948,4898505.006929205
4.531390624999948,4898505.021389538
4.541390624999948,4898505.035059998
4.551390624999947,4898505.048456082
4.561390624999947,4898505.06222964
4.571390624999947,4898505.075879689
4.581390624999947,4898505.08967722
4.5913906249999465,4898505.103429734
4.601390624999946,4898505.117563576
4.611390624999946,4898505.131772766
4.621390624999946,4898505.145440951
4.631390624999946,4898505.159169643
4.6413906249999455,4898505.173203145
4.651390624999945,4898505.187572388
4.661390624999945,4898505.202391033
4.671390624999945,4898505.216993016
4.681390624999945,4898505.231273479
4.691390624999944,4898505.246610286
4.701390624999944,4898505.261155802
4.711390624999944,4898505.275912181
4.721390624999944,4898505.290475983
4.731390624999944,4898505.305089607
4.741390624999943,4898505.320634013
4.751390624999943,4898505.336547566
4.761390624999943,4898505.350835489
4.771390624999943,4898505.365298588
4.7813906249999425,4898505.379404169
4.791390624999942,4898505.393752532
4.801390624999942,4898505.408112837
4.811390624999942,4898505.423452917
4.821390624999942,4898505.437979882
4.831390624999941,4898505.452738914
4.841390624999941,4898505.467537077
4.851390624999941,4898505.481359417
4.861390624999941,4898505.495303869
4.871390624999941,4898505.509627828
4.88139062499994,4898505.523587129
4.89139062499994,4898505.537531627
4.90139062499994,4898505.551595453
4.91139062499994,4898505.566071094
4.9213906249999395,4898505.580026905
4.931390624999939,4898505.593717975
4.941390624999939,4898505.607723859
4.951390624999939,4898505.621923564
4.961390624999939,4898505.635829644
4.9713906249999384,4898505.649461385
4.981390624999938,4898505.663673465
4.991390624999938,4898505.677368341
5.001390624999938,4898505.691743287
5.011390624999938,4898505.707074096
5.021390624999937,4898505.721119768
5.031390624999937,4898505.735341605
5.041390624999937,4898505.748820671
5.051390624999937,4898505.762477306
5.0613906249999365,4898505.77609622
5.071390624999936,4898505.789837448
5.081390624999936,4898505.803400494
5.091390624999936,4898505.817451715
5.101390624999936,4898505.831367847
5.1113906249999355,4898505.845257315
5.121390624999935,4898505.8588406
5.131390624999935,4898505.872349416
5.141390624999935,4898505.88607157
5.151390624999935,4898505.899857736
5.161390624999934,4898505.913596932
5.171390624999934,4898505.927207254
5.181390624999934,4898505.941007723
5.191390624999934,4898505.954413847
5.2013906249999335,4898505.968299311
5.211390624999933,4898505.982170666
5.221390624999933,4898505.996654372
5.231390624999933,4898506.012469087
5.241390624999933,4898506.027324467
5.2513906249999325,4898506.041313227
5.261390624999932,4898506.054885647
5.271390624999932,4898506.068888177
5.281390624999932,4898506.082681306
5.291390624999932,4898506.096989925
5.301390624999931,4898506.110969911
5.311390624999931,4898506.125419366
5.321390624999931,4898506.139297084
5.331390624999931,4898506.152889971
5.341390624999931,4898506.167071395
5.35139062499993,4898506.181080941
5.36139062499993,4898506.195007364
5.37139062499993,4898506.209051777
5.38139062499993,4898506.223066696
5.3913906249999295,4898506.236842106
5.401390624999929,4898506.250239955
5.411390624999929,4898506.264144977
5.421390624999929,4898506.2779861
5.431390624999929,4898506.291756958
5.441390624999928,4898506.305689125
5.451390624999928,4898506.319314627
5.461390624999928,4898506.332916803
5.471390624999928,4898506.346749714
5.481390624999928,4898506.360432042
5.491390624999927,4898506.373975561
5.501390624999927,4898506.387672388
5.511390624999927,4898506.401376023
5.521390624999927,4898506.415355775
5.5313906249999265,4898506.429239319
5.541390624999926,4898506.442922086
5.551390624999926,4898506.456967438
5.561390624999926,4898506.47126435
5.571390624999926,4898506.48512034
5.581390624999925,4898506.499488142
5.591390624999925,4898506.513362551
5.601390624999925,4898506.527156711
5.611390624999925,4898506.540857774
5.621390624999925,4898506.554172533
5.631390624999924,4898506.56823364
5.641390624999924,4898506.581822203
5.651390624999924,4898506.59560268
5.661390624999924,4898506.609202064
5.6713906249999235,4898506.623446386
5.681390624999923,4898506.637356804
5.691390624999923,4898506.651126994
5.701390624999923,4898506.664987492
5.711390624999923,4898506.678624031
5.7213906249999225,4898506.693335777
5.731390624999922,4898506.708407535
5.741390624999922,4898506.722316841
5.751390624999922,4898506.735973335
5.761390624999922,4898506.7500496
5.771390624999921,4898506.763706095
5.781390624999921,4898506.777276054
5.791390624999921,4898506.79098378
5.801390624999921,4898506.804950644
5.8113906249999205,4898506.818710756
5.82139062499992,4898506.832250501
5.83139062499992,4898506.845885402
5.84139062499992,4898506.859367225
5.85139062499992,4898506.873273234
5.8613906249999195,4898506.886835758
5.871390624999919,4898506.900856692
5.881390624999919,4898506.914707741
5.891390624999919,4898506.928236062
5.901390624999919,4898506.941786895
5.911390624999918,4898506.956339768
5.921390624999918,4898506.971146137
5.931390624999918,4898506.985068241
5.941390624999918,4898506.999689143
5.9513906249999176,4898507.013882037
5.961390624999917,4898507.027680746
5.971390624999917,4898507.041387588
5.981390624999917,4898507.055110077
5.991390624999917,4898507.068941021
6.0013906249999165,4898507.082582467
6.011390624999916,4898507.096252848
6.021390624999916,4898507.109914112
6.031390624999916,4898507.124223188
6.041390624999916,4898507.138154526
6.051390624999915,4898507.15172602
6.061390624999915,4898507.165648687
6.071390624999915,4898507.179321162
6.081390624999915,4898507.193160568
6.091390624999915,4898507.206963153
6.101390624999914,4898507.220526703
6.111390624999914,4898507.23417112
6.121390624999914,4898507.247893109
6.131390624999914,4898507.261833039
6.1413906249999135,4898507.275419612
6.151390624999913,4898507.289168313
6.161390624999913,4898507.302744285
6.171390624999913,4898507.316645843
6.181390624999913,4898507.330138308
6.191390624999912,4898507.344144832
6.201390624999912,4898507.358720843
6.211390624999912,4898507.373329188
6.221390624999912,4898507.387564634
6.231390624999912,4898507.40231713
6.241390624999911,4898507.418027089
6.251390624999911,4898507.433116678
6.261390624999911,4898507.448601618
6.271390624999911,4898507.465182243
6.2813906249999105,4898507.480841206
6.29139062499991,4898507.49565083
6.30139062499991,4898507.51028487
6.31139062499991,4898507.524182728
6.32139062499991,4898507.538182398
6.3313906249999095,4898507.552761957
6.341390624999909,4898507.567860782
6.351390624999909,4898507.582571749
6.361390624999909,4898507.596473729
6.371390624999909,4898507.610395594
6.381390624999908,4898507.624521334
6.391390624999908,4898507.63836229
6.401390624999908,4898507.652542103
6.411390624999908,4898507.666405959
6.4213906249999075,4898507.68011175
6.431390624999907,4898507.694881766
6.441390624999907,4898507.709839794
6.451390624999907,4898507.723627577
6.461390624999907,4898507.73740866
6.4713906249999065,4898507.750876169
6.481390624999906,4898507.76454184
6.491390624999906,4898507.778139481
6.501390624999906,4898507.79188593
6.511390624999906,4898507.805709625
6.521390624999905,4898507.819399439
6.531390624999905,4898507.832868697
6.541390624999905,4898507.846435435
6.551390624999905,4898507.859833347
6.5613906249999046,4898507.873521159
6.571390624999904,4898507.88734317
6.581390624999904,4898507.901664556
6.591390624999904,4898507.915419707
6.601390624999904,4898507.929371625
6.6113906249999035,4898507.943041122
6.621390624999903,4898507.956810752
6.631390624999903,4898507.971040253
6.641390624999903,4898507.984626553
6.651390624999903,4898507.999157274
6.661390624999902,4898508.013960469
6.671390624999902,4898508.028940444
6.681390624999902,4898508.042654608
6.691390624999902,4898508.05623951
6.701390624999902,4898508.070352745
6.711390624999901,4898508.084413871
6.721390624999901,4898508.09833558
6.731390624999901,4898508.112366084
6.741390624999901,4898508.127070737
6.7513906249999005,4898508.141308402
6.7613906249999,4898508.15523798
6.7713906249999,4898508.169238784
6.7813906249999,4898508.182902091
6.7913906249999,4898508.196656016
6.801390624999899,4898508.210598693
6.811390624999899,4898508.224443127
6.821390624999899,4898508.238169951
6.831390624999899,4898508.251677884
6.841390624999899,4898508.265398242
6.851390624999898,4898508.279134727
6.861390624999898,4898508.292699743
6.871390624999898,4898508.306289549
6.881390624999898,4898508.320259246
6.8913906249998975,4898508.333773454
6.901390624999897,4898508.347425602
6.911390624999897,4898508.36085108
6.921390624999897,4898508.374367564
6.931390624999897,4898508.388169148
6.9413906249998965,4898508.401904255
6.951390624999896,4898508.415603659
6.961390624999896,4898508.429277452
6.971390624999896,4898508.44298326
6.981390624999896,4898508.456508063
6.991390624999895,4898508.470397675
7.001390624999895,4898508.483932598
7.011390624999895,4898508.497693249
7.021390624999895,4898508.511857646
7.0313906249998945,4898508.525888869
7.041390624999894,4898508.539899733
7.051390624999894,4898508.553619992
7.061390624999894,4898508.5672767
7.071390624999894,4898508.580945662
7.0813906249998935,4898508.594869002
7.091390624999893,4898508.60856109
7.101390624999893,4898508.622485033
7.111390624999893,4898508.636196672
7.121390624999893,4898508.64983448
7.131390624999892,4898508.663790519
7.141390624999892,4898508.677632848
7.151390624999892,4898508.692224913
7.161390624999892,4898508.707189296
7.1713906249998915,4898508.721167371
7.181390624999891,4898508.734813109
7.191390624999891,4898508.748579886
7.201390624999891,4898508.762071258
7.211390624999891,4898508.775673498
7.2213906249998905,4898508.789783676
7.23139062499989,4898508.803496601
7.24139062499989,4898508.817309896
7.25139062499989,4898508.830894881
7.26139062499989,4898508.844274674
7.271390624999889,4898508.8577594
7.281390624999889,4898508.871434237
7.291390624999889,4898508.885105027
7.301390624999889,4898508.899049294
7.311390624999889,4898508.913076274
7.321390624999888,4898508.927150904
7.331390624999888,4898508.941065329
7.341390624999888,4898508.954874763
7.351390624999888,4898508.968589359
7.3613906249998875,4898508.98224263
7.371390624999887,4898508.996940429
7.381390624999887,4898509.011368585
7.391390624999887,4898509.025343235
7.401390624999887,4898509.039253765
7.411390624999886,4898509.053102983
7.421390624999886,4898509.06680722
7.431390624999886,4898509.080394006
7.441390624999886,4898509.094186165
7.451390624999886,4898509.108193507
7.461390624999885,4898509.122463741
7.471390624999885,4898509.136639889
7.481390624999885,4898509.150547104
7.491390624999885,4898509.164329175
7.5013906249998845,4898509.178377974
7.511390624999884,4898509.192394485
7.521390624999884,4898509.206395273
7.531390624999884,4898509.220457138
7.541390624999884,4898509.234184291
7.5513906249998834,4898509.247755075
7.561390624999883,4898509.261369826
7.571390624999883,4898509.27522409
7.581390624999883,4898509.289054212
7.591390624999883,4898509.303140909
7.601390624999882,4898509.317143325
7.611390624999882,4898509.331762609
7.621390624999882,4898509.34627279
7.631390624999882,4898509.36191411
7.6413906249998815,4898509.376437857
7.651390624999881,4898509.391047254
7.661390624999881,4898509.405813929
7.671390624999881,4898509.420443305
7.681390624999881,4898509.434709821
7.6913906249998805,4898509.448896905
7.70139062499988,4898509.463324516
7.71139062499988,4898509.477466435
7.72139062499988,4898509.491688901
7.73139062499988,4898509.506320909
7.741390624999879,4898509.521285003
7.751390624999879,4898509.535757014
7.761390624999879,4898509.551187149
7.771390624999879,4898509.566975979
7.7813906249998785,4898509.582112177
7.791390624999878,4898509.598012706
7.801390624999878,4898509.616698723
7.811390624999878,4898509.633385884
7.821390624999878,4898509.648931859
7.8313906249998775,4898509.665215354
7.841390624999877,4898509.681071527
7.851390624999877,4898509.698015478
7.861390624999877,4898509.714399891
7.871390624999877,4898509.730191706
7.881390624999876,4898509.745602224
7.891390624999876,4898509.760973105
7.901390624999876,4898509.776652513
7.911390624999876,4898509.792283415
7.921390624999876,4898509.808110884
7.931390624999875,4898509.824329894
7.941390624999875,4898509.840128691
7.951390624999875,4898509.855614828
7.961390624999875,4898509.871579661
7.9713906249998745,4898509.887595772
7.981390624999874,4898509.903708979
7.991390624999874,4898509.919867333
8.001390624999875,4898509.938322674
8.011390624999875,4898509.954224465
8.021390624999874,4898509.970052825
8.031390624999874,4898509.985868375
8.041390624999874,4898510.003229917
8.051390624999874,4898510.020899446
8.061390624999873,4898510.038682909
8.071390624999873,4898510.056683656
8.081390624999873,4898510.07536963
8.091390624999873,4898510.091449868
8.101390624999873,4898510.107353078
8.111390624999872,4898510.123630061
8.121390624999872,4898510.139237361
8.131390624999872,4898510.154283466
8.141390624999872,4898510.17001129
8.151390624999872,4898510.185397025
8.161390624999871,4898510.2028501
8.171390624999871,4898510.220348519
8.181390624999871,4898510.237295333
8.19139062499987,4898510.253874572
8.20139062499987,4898510.271378826
8.21139062499987,4898510.289691298
8.22139062499987,4898510.308704124
8.23139062499987,4898510.326969435
8.24139062499987,4898510.346113308
8.25139062499987,4898510.365310634
8.26139062499987,4898510.384020272
8.271390624999869,4898510.402934149
8.281390624999869,4898510.422232583
8.291390624999869,4898510.441735178
8.301390624999868,4898510.459617568
8.311390624999868,4898510.478724355
8.321390624999868,4898510.497075265
8.331390624999868,4898510.518667278
8.341390624999867,4898510.538305113
8.351390624999867,4898510.557885259
8.361390624999867,4898510.578061569
8.371390624999867,4898510.597496889
8.381390624999867,4898510.617300918
8.391390624999866,4898510.636277109
8.401390624999866,4898510.654569488
8.411390624999866,4898510.673076966
8.421390624999866,4898510.692007069
8.431390624999866,4898510.712177891
8.441390624999865,4898510.73073539
8.451390624999865,4898510.749018957
8.461390624999865,4898510.767927588
8.471390624999865,4898510.786895944
8.481390624999865,4898510.80609999
8.491390624999864,4898510.825805993
8.501390624999864,4898510.845680259
8.511390624999864,4898510.865550779
8.521390624999864,4898510.885478261
8.531390624999863,4898510.906564979
8.541390624999863,4898510.926272538
8.551390624999863,4898510.945042783
8.561390624999863,4898510.965019461
8.571390624999863,4898510.984712717
8.581390624999862,4898511.004911838
8.591390624999862,4898511.026512046
8.601390624999862,4898511.044683805
8.611390624999862,4898511.065539125
8.621390624999862,4898511.087322974
8.631390624999861,4898511.107506174
8.641390624999861,4898511.131476108
8.651390624999861,4898511.154176787
8.66139062499986,4898511.178856982
8.67139062499986,4898511.200948844
8.68139062499986,4898511.222469179
8.69139062499986,4898511.24185762
8.70139062499986,4898511.260067395
8.71139062499986,4898511.280562679
8.72139062499986,4898511.298439845
8.73139062499986,4898511.315657782
8.741390624999859,4898511.332293369
8.751390624999859,4898511.348851185
8.761390624999859,4898511.366762979
8.771390624999858,4898511.384464569
8.781390624999858,4898511.40341512
8.791390624999858,4898511.420677382
8.801390624999858,4898511.438528365
8.811390624999857,4898511.456785588
8.821390624999857,4898511.476506288
8.831390624999857,4898511.496459067
8.841390624999857,4898511.5148567
8.851390624999857,4898511.535061668
8.861390624999856,4898511.553961436
8.871390624999856,4898511.571529063
8.881390624999856,4898511.587894125
8.891390624999856,4898511.604392946
8.901390624999856,4898511.621465786
8.911390624999855,4898511.638134906
8.921390624999855,4898511.654759503
8.931390624999855,4898511.677649606
8.941390624999855,4898511.699262594
8.951390624999854,4898511.720031903
8.961390624999854,4898511.740687704
8.971390624999854,4898511.762681671
8.981390624999854,4898511.783440645
8.991390624999854,4898511.803605624
9.001390624999853,4898511.823564496
9.011390624999853,4898511.842465647
9.021390624999853,4898511.860676621
9.031390624999853,4898511.886502911
9.041390624999853,4898511.909185014
9.051390624999852,4898511.93029692
9.061390624999852,4898511.951580805
9.071390624999852,4898511.974785533
9.081390624999852,4898511.998799247
9.091390624999852,4898512.022640829
9.101390624999851,4898512.045348619
9.111390624999851,4898512.077661657
9.12139062499985,4898512.099805306
9.13139062499985,4898512.118753125
9.14139062499985,4898512.136668306
9.15139062499985,4898512.153644101
9.16139062499985,4898512.171716725
9.17139062499985,4898512.18962035
9.18139062499985,4898512.208664292
9.19139062499985,4898512.227840121
9.20139062499985,4898512.246427984
9.211390624999849,4898512.265715714
9.221390624999849,4898512.284933005
9.231390624999849,4898512.306103347
9.241390624999848,4898512.323727195
9.251390624999848,4898512.34226148
9.261390624999848,4898512.357705677
9.271390624999848,4898512.372419864
9.281390624999847,4898512.386657122
9.291390624999847,4898512.40103214
9.301390624999847,4898512.415854825
9.311390624999847,4898512.430170149
9.321390624999847,4898512.444488318
9.331390624999846,4898512.45922683
9.341390624999846,4898512.474435089
9.351390624999846,4898512.489831842
9.361390624999846,4898512.505268128
9.371390624999846,4898512.520699315
9.381390624999845,4898512.536046196
9.391390624999845,4898512.551329041
9.401390624999845,4898512.56659503
9.411390624999845,4898512.581752896
9.421390624999844,4898512.596563197
9.431390624999844,4898512.611568251
9.441390624999844,4898512.626464474
9.451390624999844,4898512.641192471
9.461390624999844,4898512.655435671
9.471390624999843,4898512.670676267
9.481390624999843,4898512.685313352
9.491390624999843,4898512.701271444
9.501390624999843,4898512.716857202
9.511390624999843,4898512.731801599
9.521390624999842,4898512.74681226
9.531390624999842,4898512.761776772
9.541390624999842,4898512.776794733
9.551390624999842,4898512.791508436
9.561390624999841,4898512.806382468
9.571390624999841,4898512.821313484
9.581390624999841,4898512.836176478
9.59139062499984,4898512.850717219
9.60139062499984,4898512.864809624
9.61139062499984,4898512.879381008
9.62139062499984,4898512.895437936
9.63139062499984,4898512.910245965
9.64139062499984,4898512.925306359
9.65139062499984,4898512.9398971
9.66139062499984,4898512.953997235
9.67139062499984,4898512.968470054
9.681390624999839,4898512.982802581
9.691390624999839,4898512.997799375
9.701390624999839,4898513.012994132
9.711390624999838,4898513.028593475
9.721390624999838,4898513.043076055
9.731390624999838,4898513.056999444
9.741390624999838,4898513.071470742
9.751390624999837,4898513.085767123
9.761390624999837,4898513.100259477
9.771390624999837,4898513.11515264
9.781390624999837,4898513.130028015
9.791390624999837,4898513.144659866
9.801390624999836,4898513.159514383
9.811390624999836,4898513.173927807
9.821390624999836,4898513.188532821
9.831390624999836,4898513.203385644
9.841390624999836,4898513.218127732
9.851390624999835,4898513.232495296
9.861390624999835,4898513.246621044
9.871390624999835,4898513.260758895
9.881390624999835,4898513.274902961
9.891390624999834,4898513.288861691
9.901390624999834,4898513.3029429
9.911390624999834,4898513.317206027
9.921390624999834,4898513.331863454
9.931390624999834,4898513.346654497
9.941390624999833,4898513.362995947
9.951390624999833,4898513.378896727
9.961390624999833,4898513.393155668
9.971390624999833,4898513.408465742
9.981390624999833,4898513.425347012
9.991390624999832,4898513.439877049
10.001390624999832,4898513.45416824
10.011390624999832,4898513.469066692
10.021390624999832,4898513.483904941
10.031390624999831,4898513.498812325
10.041390624999831,4898513.513681569
10.051390624999831,4898513.528376811
10.06139062499983,4898513.543056169
10.07139062499983,4898513.559084477
10.08139062499983,4898513.574669208
10.09139062499983,4898513.589945646
10.10139062499983,4898513.605542953
10.11139062499983,4898513.620888297
10.12139062499983,4898513.635739997
10.13139062499983,4898513.650188772
10.14139062499983,4898513.664932663
10.151390624999829,4898513.680031409
10.161390624999829,4898513.69488716
10.171390624999828,4898513.711019493
10.181390624999828,4898513.72663731
10.191390624999828,4898513.741313301
10.201390624999828,4898513.755754674
10.211390624999828,4898513.770515002
10.221390624999827,4898513.784908771
10.231390624999827,4898513.798943671
10.241390624999827,4898513.813253439
10.251390624999827,4898513.827295502
10.261390624999827,4898513.841241755
10.271390624999826,4898513.855120544
10.281390624999826,4898513.869107006
10.291390624999826,4898513.883380716
10.301390624999826,4898513.897705897
10.311390624999826,4898513.911884934
10.321390624999825,4898513.926126664
10.331390624999825,4898513.940265371
10.341390624999825,4898513.954143966
10.351390624999825,4898513.968657848
10.361390624999824,4898513.982841513
10.371390624999824,4898513.997988489
10.381390624999824,4898514.012930268
10.391390624999824,4898514.028547302
10.401390624999824,4898514.042899076
10.411390624999823,4898514.056680949
10.421390624999823,4898514.070926048
10.431390624999823,4898514.084660301
10.441390624999823,4898514.098998441
10.451390624999823,4898514.11347907
10.461390624999822,4898514.128150161
10.471390624999822,4898514.142767394
10.481390624999822,4898514.156909787
10.491390624999822,4898514.171642339
10.501390624999821,4898514.185801568
10.511390624999821,4898514.200249305
10.521390624999821,4898514.216198052
10.53139062499982,4898514.231595281
10.54139062499982,4898514.246918754
10.55139062499982,4898514.261926561
10.56139062499982,4898514.277427948
10.57139062499982,4898514.292507963
10.58139062499982,4898514.307187307
10.59139062499982,4898514.322032413
10.60139062499982,4898514.336218059
10.611390624999819,4898514.350571449
10.621390624999819,4898514.364126936
10.631390624999819,4898514.378245643
10.641390624999818,4898514.392199005
10.651390624999818,4898514.406547083
10.661390624999818,4898514.421186206
10.671390624999818,4898514.436014189
10.681390624999818,4898514.450280881
10.691390624999817,4898514.463791899
10.701390624999817,4898514.478033964
10.711390624999817,4898514.491736765
10.721390624999817,4898514.505578584
10.731390624999817,4898514.519460661
10.741390624999816,4898514.533273977
10.751390624999816,4898514.547085541
10.761390624999816,4898514.560885973
10.771390624999816,4898514.575445126
10.781390624999815,4898514.58965637
10.791390624999815,4898514.6039079
10.801390624999815,4898514.618626813
10.811390624999815,4898514.632591545
10.821390624999815,4898514.646385373
10.831390624999814,4898514.660106765
10.841390624999814,4898514.674196044
10.851390624999814,4898514.688201881
10.861390624999814,4898514.703751196
10.871390624999814,4898514.718594862
10.881390624999813,4898514.73251433
10.891390624999813,4898514.746583907
10.901390624999813,4898514.760245753
10.911390624999813,4898514.774462302
10.921390624999813,4898514.788377954
10.931390624999812,4898514.801953937
10.941390624999812,4898514.815734357
10.951390624999812,4898514.829877427
10.961390624999812,4898514.843852295
10.971390624999811,4898514.857403572
10.981390624999811,4898514.871182584
10.991390624999811,4898514.885133902
11.00139062499981,4898514.898796754
11.01139062499981,4898514.912557561
11.02139062499981,4898514.926999957
11.03139062499981,4898514.940974616
11.04139062499981,4898514.954516334
11.05139062499981,4898514.968205712
11.06139062499981,4898514.982024013
11.07139062499981,4898514.996621953
11.081390624999809,4898515.01154192
11.091390624999809,4898515.025615667
11.101390624999809,4898515.039402429
11.111390624999808,4898515.053088658
11.121390624999808,4898515.06678497
11.131390624999808,4898515.080991939
11.141390624999808,4898515.09482078
11.151390624999808,4898515.108710282
11.161390624999807,4898515.123177784
11.171390624999807,4898515.137480158
11.181390624999807,4898515.151539009
11.191390624999807,4898515.165184653
11.201390624999807,4898515.179107166
11.211390624999806,4898515.19377388
11.221390624999806,4898515.20824986
11.231390624999806,4898515.222545132
11.241390624999806,4898515.237199658
11.251390624999805,4898515.251812987
11.261390624999805,4898515.265946871
11.271390624999805,4898515.280521092
11.281390624999805,4898515.294991056
11.291390624999805,4898515.309434905
11.301390624999804,4898515.323870229
11.311390624999804,4898515.338621446
11.321390624999804,4898515.35273957
11.331390624999804,4898515.368148563
11.341390624999804,4898515.384270787
11.351390624999803,4898515.400101202
11.361390624999803,4898515.416133287
11.371390624999803,4898515.430833682
11.381390624999803,4898515.446231256
11.391390624999802,4898515.46276161
11.401390624999802,4898515.478033624
11.411390624999802,4898515.49251
11.421390624999802,4898515.507185717
11.431390624999802,4898515.521669467
11.441390624999801,4898515.537365369
11.451390624999801,4898515.553346054
11.461390624999801,4898515.567967908
11.4713906249998,4898515.582061757
11.4813906249998,4898515.596207935
11.4913906249998,4898515.61053156
11.5013906249998,4898515.624968542
11.5113906249998,4898515.639156851
11.5213906249998,4898515.653053687
11.5313906249998,4898515.666789702
11.5413906249998,4898515.680869523
11.551390624999799,4898515.694946015
11.561390624999799,4898515.710594295
11.571390624999799,4898515.724819766
11.581390624999798,4898515.738833434
11.591390624999798,4898515.75248636
11.601390624999798,4898515.766069572
11.611390624999798,4898515.78053511
11.621390624999798,4898515.794915156
11.631390624999797,4898515.809419914
11.641390624999797,4898515.8236164
11.651390624999797,4898515.837973302
11.661390624999797,4898515.851950421
11.671390624999797,4898515.866113352
11.681390624999796,4898515.881064043
11.691390624999796,4898515.89594853
11.701390624999796,4898515.911095609
11.711390624999796,4898515.925990574
11.721390624999795,4898515.940930805
11.731390624999795,4898515.955973407
11.741390624999795,4898515.971027999
11.751390624999795,4898515.985804442
11.761390624999795,4898516.001609175
11.771390624999794,4898516.017568634
11.781390624999794,4898516.033761803
11.791390624999794,4898516.048854597
11.801390624999794,4898516.063521153
11.811390624999794,4898516.078587273
11.821390624999793,4898516.093587055
11.831390624999793,4898516.108661624
11.841390624999793,4898516.124809146
11.851390624999793,4898516.140265358
11.861390624999792,4898516.155185058
11.871390624999792,4898516.170245525
11.881390624999792,4898516.185225959
11.891390624999792,4898516.200240469
11.901390624999792,4898516.215435076
11.911390624999791,4898516.230523839
11.921390624999791,4898516.24566281
11.931390624999791,4898516.26050968
11.94139062499979,4898516.274956059
11.95139062499979,4898516.289400282
11.96139062499979,4898516.303997355
11.97139062499979,4898516.318600249
11.98139062499979,4898516.333012479
11.99139062499979,4898516.347580765
12.00139062499979,4898516.361642683
12.01139062499979,4898516.376209748
12.021390624999789,4898516.390023941
12.031390624999789,4898516.404209514
12.041390624999789,4898516.41879054
12.051390624999788,4898516.432571101
12.061390624999788,4898516.446697055
12.071390624999788,4898516.460468906
12.081390624999788,4898516.474651449
12.091390624999788,4898516.488532256
12.101390624999787,4898516.502249777
12.111390624999787,4898516.516724533
12.121390624999787,4898516.5318916
12.131390624999787,4898516.547106712
12.141390624999786,4898516.561732534
12.151390624999786,4898516.575627998
12.161390624999786,4898516.591271218
12.171390624999786,4898516.606278351
12.181390624999786,4898516.621603619
12.191390624999785,4898516.635787721
12.201390624999785,4898516.649715569
12.211390624999785,4898516.66349362
12.221390624999785,4898516.679536009
12.231390624999785,4898516.695324083
12.241390624999784,4898516.710775773
12.251390624999784,4898516.726006599
12.261390624999784,4898516.741131433
12.271390624999784,4898516.755131003
12.281390624999784,4898516.76874728
12.291390624999783,4898516.782592723
12.301390624999783,4898516.797108408
12.311390624999783,4898516.811591316
12.321390624999783,4898516.825342704
12.331390624999782,4898516.839179375
12.341390624999782,4898516.853031457
12.351390624999782,4898516.866508769
12.361390624999782,4898516.880657401
12.371390624999782,4898516.894370007
12.381390624999781,4898516.908454922
12.391390624999781,4898516.922531376
12.401390624999781,4898516.936508981
12.41139062499978,4898516.95032548
12.42139062499978,4898516.964125727
12.43139062499978,4898516.978702686
12.44139062499978,4898516.993264145
12.45139062499978,4898517.008497747
12.46139062499978,4898517.022846616
12.47139062499978,4898517.036933596
12.48139062499978,4898517.050921554
12.491390624999779,4898517.064996677
12.501390624999779,4898517.079107081
12.511390624999779,4898517.092988359
12.521390624999778,4898517.107172402
12.531390624999778,4898517.121889437
12.541390624999778,4898517.136399075
12.551390624999778,4898517.150411038
12.561390624999778,4898517.164202592
12.571390624999777,4898517.178820762
12.581390624999777,4898517.193165818
12.591390624999777,4898517.20726539
12.601390624999777,4898517.221644204
12.611390624999776,4898517.235611844
12.621390624999776,4898517.249969632
12.631390624999776,4898517.263950077
12.641390624999776,4898517.278048127
12.651390624999776,4898517.291857946
12.661390624999775,4898517.305869832
12.671390624999775,4898517.31995979
12.681390624999775,4898517.334063639
12.691390624999775,4898517.34802907
12.701390624999775,4898517.361999731
12.711390624999774,4898517.376288221
12.721390624999774,4898517.39025373
12.731390624999774,4898517.404211128
12.741390624999774,4898517.418361253
12.751390624999773,4898517.43228192
12.761390624999773,4898517.446445757
12.771390624999773,4898517.460727032
12.781390624999773,4898517.474658395
12.791390624999773,4898517.488732007
12.801390624999772,4898517.504418016
12.811390624999772,4898517.518808583
12.821390624999772,4898517.533070991
12.831390624999772,4898517.547330856
12.841390624999772,4898517.562323629
12.851390624999771,4898517.577374545
12.861390624999771,4898517.591651742
12.871390624999771,4898517.606171244
12.88139062499977,4898517.621089174
12.89139062499977,4898517.635514661
12.90139062499977,4898517.649798985
12.91139062499977,4898517.663645561
12.92139062499977,4898517.678144105
12.93139062499977,4898517.692305843
12.94139062499977,4898517.708280937
12.95139062499977,4898517.722790016
12.961390624999769,4898517.737096219
12.971390624999769,4898517.751142918
12.981390624999769,4898517.764914845
12.991390624999768,4898517.778995278
13.001390624999768,4898517.793024673
13.011390624999768,4898517.80732429
13.021390624999768,4898517.821793445
13.031390624999768,4898517.83606889
13.041390624999767,4898517.850119357
13.051390624999767,4898517.864353678
13.061390624999767,4898517.878683965
13.071390624999767,4898517.894258031
13.081390624999766,4898517.909601364
13.091390624999766,4898517.923947076
13.101390624999766,4898517.938105232
13.111390624999766,4898517.952092915
13.121390624999766,4898517.965985122
13.131390624999765,4898517.980493255
13.141390624999765,4898517.995230377
13.151390624999765,4898518.010146976
13.161390624999765,4898518.025571438
13.171390624999765,4898518.040581518
13.181390624999764,4898518.054551149
13.191390624999764,4898518.068450063
13.201390624999764,4898518.082854184
13.211390624999764,4898518.097308426
13.221390624999763,4898518.111629209
13.231390624999763,4898518.126473803
13.241390624999763,4898518.141479237
13.251390624999763,4898518.155641475
13.261390624999763,4898518.169553239
13.271390624999762,4898518.183928309
13.281390624999762,4898518.198294281
13.291390624999762,4898518.213027133
13.301390624999762,4898518.227182534
13.311390624999762,4898518.241205544
13.321390624999761,4898518.255697139
13.331390624999761,4898518.269836953
13.341390624999761,4898518.284291084
13.35139062499976,4898518.298914467
13.36139062499976,4898518.313517187
13.37139062499976,4898518.3280384
13.38139062499976,4898518.342516464
13.39139062499976,4898518.356647372
13.40139062499976,4898518.370819557
13.41139062499976,4898518.385012517
13.42139062499976,4898518.399046785
13.431390624999759,4898518.413136375
13.441390624999759,4898518.427239069
13.451390624999759,4898518.441510437
13.461390624999758,4898518.455570676
13.471390624999758,4898518.469718215
13.481390624999758,4898518.483908678
13.491390624999758,4898518.498157531
13.501390624999758,4898518.512354384
13.511390624999757,4898518.52624782
13.521390624999757,4898518.540284986
13.531390624999757,4898518.554315542
13.541390624999757,4898518.568131346
13.551390624999756,4898518.582146188
13.561390624999756,4898518.596131157
13.571390624999756,4898518.610174187
13.581390624999756,4898518.62466346
13.591390624999756,4898518.639151566
13.601390624999755,4898518.653380322
13.611390624999755,4898518.667334275
13.621390624999755,4898518.681393105
13.631390624999755,4898518.695510214
13.641390624999755,4898518.709627855
13.651390624999754,4898518.723860037
13.661390624999754,4898518.737976994
13.671390624999754,4898518.751892484
13.681390624999754,4898518.76575266
13.691390624999753,4898518.780306217
13.701390624999753,4898518.794202902
13.711390624999753,4898518.808692594
13.721390624999753,4898518.82311332
13.731390624999753,4898518.837383013
13.741390624999752,4898518.851520067
13.751390624999752,4898518.865298593
13.761390624999752,4898518.879536698
13.771390624999752,4898518.893681018
13.781390624999752,4898518.908108028
13.791390624999751,4898518.92258215
13.801390624999751,4898518.936682482
13.811390624999751,4898518.950999885
13.82139062499975,4898518.965121652
13.83139062499975,4898518.979391417
13.84139062499975,4898518.994307754
13.85139062499975,4898519.009613755
13.86139062499975,4898519.024654407
13.87139062499975,4898519.039552825
13.88139062499975,4898519.054475895
13.89139062499975,4898519.069351512
13.901390624999749,4898519.084265351
13.911390624999749,4898519.09892895
13.921390624999749,4898519.114227635
13.931390624999748,4898519.129994102
13.941390624999748,4898519.148119948
13.951390624999748,4898519.176372489
13.961390624999748,4898519.194148188
13.971390624999747,4898519.211543858
13.981390624999747,4898519.228798356
13.991390624999747,4898519.246369211
14.001390624999747,4898519.263925835
14.011390624999747,4898519.282698565
14.021390624999746,4898519.303318146
14.031390624999746,4898519.326105683
14.041390624999746,4898519.346755993
14.051390624999746,4898519.36570069
14.061390624999746,4898519.384368134
14.071390624999745,4898519.403180183
14.081390624999745,4898519.421528483
14.091390624999745,4898519.44041153
14.101390624999745,4898519.459195017
14.111390624999745,4898519.478074468
14.121390624999744,4898519.496901366
14.131390624999744,4898519.513482305
14.141390624999744,4898519.531352414
14.151390624999744,4898519.549693988
14.161390624999743,4898519.567765861
14.171390624999743,4898519.58633965
14.181390624999743,4898519.604828447
14.191390624999743,4898519.624738353
14.201390624999743,4898519.642757413
14.211390624999742,4898519.660550289
14.221390624999742,4898519.678513508
14.231390624999742,4898519.697197289
14.241390624999742,4898519.716482613
14.251390624999742,4898519.73438076
14.261390624999741,4898519.751987632
14.271390624999741,4898519.769943256
14.28139062499974,4898519.787924855
14.29139062499974,4898519.805837486
14.30139062499974,4898519.824518019
14.31139062499974,4898519.843072348
14.32139062499974,4898519.861093593
14.33139062499974,4898519.879057819
14.34139062499974,4898519.896799743
14.35139062499974,4898519.914569757
14.36139062499974,4898519.93201421
14.371390624999739,4898519.949326745
14.381390624999739,4898519.966252294
14.391390624999739,4898519.983602559
14.401390624999738,4898520.001920921
14.411390624999738,4898520.020318608
14.421390624999738,4898520.038744836
14.431390624999738,4898520.056786477
14.441390624999737,4898520.074388621
14.451390624999737,4898520.091785398
14.461390624999737,4898520.109248267
14.471390624999737,4898520.127854716
14.481390624999737,4898520.14617419
14.491390624999736,4898520.163904766
14.501390624999736,4898520.181784262
14.511390624999736,4898520.199592184
14.521390624999736,4898520.21776156
14.531390624999736,4898520.236216515
14.541390624999735,4898520.254901109
14.551390624999735,4898520.273425463
14.561390624999735,4898520.291851531
14.571390624999735,4898520.309935097
14.581390624999734,4898520.328446522
14.591390624999734,4898520.346420178
14.601390624999734,4898520.364238467
14.611390624999734,4898520.383583092
14.621390624999734,4898520.4014344
14.631390624999733,4898520.419893783
14.641390624999733,4898520.43764753
14.651390624999733,4898520.455525148
14.661390624999733,4898520.473145323
14.671390624999733,4898520.491371661
14.681390624999732,4898520.509649572
14.691390624999732,4898520.527744666
14.701390624999732,4898520.545414726
14.711390624999732,4898520.563013332
14.721390624999732,4898520.581013445
14.731390624999731,4898520.598837663
14.741390624999731,4898520.617118234
14.75139062499973,4898520.635363428
14.76139062499973,4898520.65370125
14.77139062499973,4898520.671171329
14.78139062499973,4898520.689331033
14.79139062499973,4898520.708606208
14.80139062499973,4898520.726847811
14.81139062499973,4898520.745017143
14.82139062499973,4898520.76304389
14.83139062499973,4898520.780952678
14.841390624999729,4898520.799247088
14.851390624999729,4898520.819589911
14.861390624999729,4898520.83927734
14.871390624999728,4898520.857742209
14.881390624999728,4898520.875531659
14.891390624999728,4898520.893313343
14.901390624999728,4898520.911216739
14.911390624999727,4898520.929428062
14.921390624999727,4898520.947772099
14.931390624999727,4898520.965277472
14.941390624999727,4898520.982993595
14.951390624999727,4898521.001425703
14.961390624999726,4898521.01970246
14.971390624999726,4898521.037345379
14.981390624999726,4898521.055291589
14.991390624999726,4898521.072580988
15.001390624999726,4898521.090285174
15.011390624999725,4898521.107684718
15.021390624999725,4898521.125488097
15.031390624999725,4898521.1429732
15.041390624999725,4898521.160121932
15.051390624999724,4898521.177365308
15.061390624999724,4898521.194864676
15.071390624999724,4898521.211914205
15.081390624999724,4898521.229087831
15.091390624999724,4898521.246167625
15.101390624999723,4898521.263201065
15.111390624999723,4898521.28028847
15.121390624999723,4898521.297540788
15.131390624999723,4898521.315085834
15.141390624999723,4898521.332064125
15.151390624999722,4898521.349301169
15.161390624999722,4898521.365758925
15.171390624999722,4898521.382893328
15.181390624999722,4898521.399784117
15.191390624999721,4898521.416796263
15.201390624999721,4898521.433797369
15.211390624999721,4898521.451121916
15.22139062499972,4898521.467717799
15.23139062499972,4898521.484496704
15.24139062499972,4898521.501211378
15.25139062499972,4898521.517979952
15.26139062499972,4898521.534532377
15.27139062499972,4898521.55159484
15.28139062499972,4898521.568658063
15.29139062499972,4898521.585750817
15.30139062499972,4898521.602639109
15.311390624999719,4898521.619374483
15.321390624999719,4898521.635908903
15.331390624999718,4898521.654347853
15.341390624999718,4898521.674013347
15.351390624999718,4898521.694039149
15.361390624999718,4898521.713474887
15.371390624999718,4898521.731339623
15.381390624999717,4898521.749395506
15.391390624999717,4898521.766269436
15.401390624999717,4898521.783246908
15.411390624999717,4898521.800097713
15.421390624999717,4898521.817925396
15.431390624999716,4898521.835625179
15.441390624999716,4898521.853359475
15.451390624999716,4898521.870780762
15.461390624999716,4898521.888451315
15.471390624999716,4898521.906132281
15.481390624999715,4898521.924267138
15.491390624999715,4898521.942198416
15.501390624999715,4898521.960181944
15.511390624999715,4898521.97799901
15.521390624999714,4898521.997244538
15.531390624999714,4898522.015577647
15.541390624999714,4898522.034476363
15.551390624999714,4898522.05201713
15.561390624999714,4898522.069037581
15.571390624999713,4898522.086173112
15.581390624999713,4898522.104372278
15.591390624999713,4898522.123258691
15.601390624999713,4898522.141816828
15.611390624999713,4898522.160222911
15.621390624999712,4898522.177227867
15.631390624999712,4898522.194834051
15.641390624999712,4898522.213134407
15.651390624999712,4898522.231681061
15.661390624999711,4898522.250368458
15.671390624999711,4898522.268832884
15.681390624999711,4898522.287696276
15.69139062499971,4898522.306739132
15.70139062499971,4898522.326055573
15.71139062499971,4898522.345463421
15.72139062499971,4898522.36452971
15.73139062499971,4898522.383150649
15.74139062499971,4898522.403786446
15.75139062499971,4898522.426299444
15.76139062499971,4898522.448419905
15.77139062499971,4898522.470778805
15.781390624999709,4898522.493411831
15.791390624999709,4898522.516185944
15.801390624999708,4898522.536569412
15.811390624999708,4898522.555478691
15.821390624999708,4898522.573475024
15.831390624999708,4898522.593581553
15.841390624999708,4898522.612904977
15.851390624999707,4898522.633488659
15.861390624999707,4898522.652240452
15.871390624999707,4898522.670641093
15.881390624999707,4898522.690889036
15.891390624999707,4898522.710880903
15.901390624999706,4898522.729301959
15.911390624999706,4898522.747270923
15.921390624999706,4898522.765871414
15.931390624999706,4898522.785474256
15.941390624999705,4898522.804959621
15.951390624999705,4898522.824701712
15.956390624999706,4898522.848548942
15.966390624999706,4898522.874936086
15.976390624999706,4898522.894723724
15.986390624999705,4898522.913961837
15.996390624999705,4898522.931682723
16.006390624999707,4898522.949182061
16.01639062499971,4898522.966323593
16.02639062499971,4898522.983974398
16.03639062499971,4898523.002566705
16.046390624999713,4898523.021475364
16.056390624999715,4898523.040293881
16.066390624999716,4898523.058067932
16.076390624999718,4898523.075378099
16.08639062499972,4898523.093728159
16.09639062499972,4898523.113220339
16.106390624999722,4898523.131835508
16.116390624999724,4898523.150147926
16.126390624999726,4898523.167885959
16.136390624999727,4898523.185667755
16.14639062499973,4898523.204426558
16.15639062499973,4898523.221991747
16.166390624999732,4898523.239976967
16.176390624999733,4898523.257986114
16.186390624999735,4898523.275523386
16.196390624999736,4898523.293486469
16.206390624999738,4898523.311600208
16.21639062499974,4898523.329386245
16.22639062499974,4898523.347496737
16.236390624999743,4898523.365094515
16.246390624999744,4898523.38288679
16.256390624999746,4898523.400782205
16.266390624999747,4898523.418998832
16.27639062499975,4898523.43688113
16.28639062499975,4898523.454479436
16.296390624999752,4898523.472182914
16.306390624999754,4898523.490170652
16.316390624999755,4898523.508309536
16.326390624999757,4898523.526481839
16.33639062499976,4898523.544240772
16.34639062499976,4898523.562966679
16.35639062499976,4898523.581354722
16.366390624999763,4898523.599587566
16.376390624999765,4898523.617668908
16.386390624999766,4898523.635662544
16.396390624999768,4898523.653979646
16.40639062499977,4898523.671916797
16.41639062499977,4898523.68988583
16.426390624999772,4898523.70951211
16.436390624999774,4898523.728435597
16.446390624999776,4898523.746671762
16.456390624999777,4898523.764535567
16.46639062499978,4898523.782283894
16.47639062499978,4898523.800273052
16.486390624999782,4898523.818320495
16.496390624999783,4898523.836026157
16.506390624999785,4898523.853819349
16.516390624999786,4898523.871380483
16.526390624999788,4898523.889403302
16.53639062499979,4898523.90740023
16.54639062499979,4898523.925628521
16.556390624999793,4898523.943211151
16.566390624999794,4898523.961431881
16.576390624999796,4898523.979035156
16.586390624999797,4898523.997767086
16.5963906249998,4898524.016851197
16.6063906249998,4898524.036434104
16.616390624999802,4898524.054268213
16.626390624999804,4898524.071986043
16.636390624999805,4898524.089903325
16.646390624999807,4898524.108532055
16.65639062499981,4898524.127380271
16.66639062499981,4898524.146218057
16.67639062499981,4898524.163911966
16.686390624999813,4898524.181252385
16.696390624999815,4898524.198853481
16.706390624999816,4898524.216653478
16.716390624999818,4898524.234113592
16.72639062499982,4898524.252081466
16.73639062499982,4898524.269675836
16.746390624999822,4898524.289556496
16.756390624999824,4898524.309874276
16.766390624999826,4898524.328970369
16.776390624999827,4898524.346657599
16.78639062499983,4898524.363785269
16.79639062499983,4898524.380707252
16.806390624999832,4898524.399151763
16.816390624999833,4898524.416280893
16.826390624999835,4898524.433847698
16.836390624999837,4898524.450407249
16.846390624999838,4898524.466967201
16.85639062499984,4898524.483137256
16.86639062499984,4898524.499460808
16.876390624999843,4898524.515896964
16.886390624999844,4898524.532221681
16.896390624999846,4898524.548455218
16.906390624999847,4898524.564613348
16.91639062499985,4898524.580755545
16.92639062499985,4898524.597189483
16.936390624999852,4898524.613950965
16.946390624999854,4898524.631253656
16.956390624999855,4898524.64758553
16.966390624999857,4898524.664364175
16.97639062499986,4898524.681516957
16.98639062499986,4898524.698316447
16.99639062499986,4898524.717199117
17.006390624999863,4898524.734748812
17.016390624999865,4898524.751976266
17.026390624999866,4898524.768278709
17.036390624999868,4898524.784911677
17.04639062499987,4898524.801893919
17.05639062499987,4898524.819341137
17.066390624999872,4898524.836502624
17.076390624999874,4898524.853588746
17.086390624999876,4898524.870049321
17.096390624999877,4898524.886600315
17.10639062499988,4898524.903885929
17.11639062499988,4898524.921584316
17.126390624999882,4898524.938920016
17.136390624999883,4898524.956720265
17.146390624999885,4898524.973808772
17.156390624999887,4898524.991635436
17.166390624999888,4898525.010967887
17.17639062499989,4898525.029217982
17.18639062499989,4898525.047030973
17.196390624999893,4898525.064894943
17.206390624999894,4898525.082874298
17.216390624999896,4898525.101050044
17.226390624999897,4898525.120014074
17.2363906249999,4898525.139481009
17.2463906249999,4898525.158367778
17.256390624999902,4898525.176853166
17.266390624999904,4898525.196088587
17.276390624999905,4898525.214783916
17.286390624999907,4898525.233319306
17.29639062499991,4898525.251835926
17.30639062499991,4898525.2709142
17.31639062499991,4898525.290828223
17.326390624999913,4898525.31080322
17.336390624999915,4898525.331040442
17.346390624999916,4898525.350242507
17.356390624999918,4898525.370530454
17.36639062499992,4898525.392162975
17.37639062499992,4898525.413168341
17.386390624999922,4898525.434479038
17.396390624999924,4898525.454893455
17.406390624999926,4898525.475024717
17.416390624999927,4898525.496555119
17.42639062499993,4898525.516917675
17.43639062499993,4898525.537757873
17.446390624999932,4898525.559370735
17.456390624999933,4898525.580759452
17.466390624999935,4898525.603240778
17.476390624999937,4898525.624978736
17.486390624999938,4898525.646394511
17.49639062499994,4898525.667681059
17.50639062499994,4898525.689232805
17.516390624999943,4898525.712614115
17.526390624999944,4898525.735657504
17.536390624999946,4898525.762957416
17.546390624999948,4898525.791633667
17.55639062499995,4898525.818421263
17.56639062499995,4898525.846849167
17.576390624999952,4898525.875632756
17.586390624999954,4898525.904288081
17.596390624999955,4898525.929440961
17.606390624999957,4898525.952181976
17.61639062499996,4898525.974477048
17.62639062499996,4898525.998357704
17.63639062499996,4898526.021789698
17.646390624999963,4898526.045792213
17.656390624999965,4898526.067990999
17.666390624999966,4898526.090077254
17.676390624999968,4898526.112743972
17.68639062499997,4898526.135987773
17.69639062499997,4898526.157485074
17.706390624999973,4898526.178198667
17.716390624999974,4898526.199652483
17.726390624999976,4898526.220982673
17.736390624999977,4898526.242334679
17.74639062499998,4898526.263251906
17.75639062499998,4898526.28408538
17.766390624999982,4898526.305692633
17.776390624999983,4898526.327118778
17.786390624999985,4898526.349632689
17.796390624999987,4898526.371143565
17.806390624999988,4898526.393447552
17.81639062499999,4898526.416019973
17.82639062499999,4898526.438400086
17.836390624999993,4898526.460047348
17.846390624999994,4898526.481469635
17.856390624999996,4898526.502045135
17.866390624999998,4898526.523477963
17.876390625,4898526.544880111
17.886390625,4898526.56673822
17.896390625000002,4898526.589811043
17.906390625000004,4898526.615349245
17.916390625000005,4898526.640281081
17.926390625000007,4898526.663921549
17.93639062500001,4898526.687383084
17.94639062500001,4898526.712762212
17.95639062500001,4898526.736476119
17.966390625000013,4898526.759744266
17.976390625000015,4898526.781847549
17.986390625000016,4898526.803798336
17.996390625000018,4898526.826246074
18.00639062500002,4898526.847890539
18.01639062500002,4898526.869945369
18.026390625000023,4898526.891362389
18.036390625000024,4898526.914021663
18.046390625000026,4898526.937223442
18.056390625000027,4898526.961466747
18.06639062500003,4898526.985299976
18.07639062500003,4898527.01026441
18.086390625000032,4898527.033950263
18.096390625000033,4898527.057894823
18.106390625000035,4898527.082580384
18.116390625000037,4898527.106958846
18.126390625000038,4898527.130173271
18.13639062500004,4898527.154766173
18.14639062500004,4898527.179396096
18.156390625000043,4898527.202818708
18.166390625000044,4898527.227441807
18.176390625000046,4898527.249076726
18.186390625000048,4898527.270506905
18.19639062500005,4898527.292168364
18.20639062500005,4898527.313825018
18.216390625000052,4898527.336009869
18.226390625000054,4898527.358526425
18.236390625000055,4898527.380538434
18.246390625000057,4898527.402379515
18.25639062500006,4898527.425929358
18.26639062500006,4898527.447354476
18.27639062500006,4898527.469943022
18.286390625000063,4898527.492945493
18.296390625000065,4898527.518060836
18.306390625000066,4898527.543130539
18.316390625000068,4898527.568320995
18.32639062500007,4898527.59219305
18.33639062500007,4898527.616785417
18.346390625000073,4898527.640947276
18.356390625000074,4898527.66452307
18.366390625000076,4898527.686978991
18.376390625000077,4898527.710634572
18.38639062500008,4898527.734198665
18.39639062500008,4898527.759192847
18.406390625000082,4898527.783039291
18.416390625000084,4898527.807231881
18.426390625000085,4898527.831347911
18.436390625000087,4898527.855074844
18.446390625000088,4898527.878622885
18.45639062500009,4898527.904845358
18.46639062500009,4898527.930750519
18.476390625000093,4898527.954992661
18.486390625000094,4898527.978923385
18.496390625000096,4898528.004158401
18.506390625000098,4898528.03005805
18.5163906250001,4898528.055173581
18.5263906250001,4898528.077881907
18.536390625000102,4898528.100418723
18.546390625000104,4898528.123868679
18.556390625000105,4898528.147704911
18.566390625000107,4898528.170952911
18.57639062500011,4898528.193507306
18.58639062500011,4898528.215637213
18.59639062500011,4898528.238368907
18.606390625000113,4898528.260017442
18.616390625000115,4898528.281319342
18.626390625000116,4898528.303249434
18.636390625000118,4898528.325558267
18.64639062500012,4898528.347717894
18.65639062500012,4898528.369668848
18.666390625000123,4898528.392018049
18.676390625000124,4898528.414550521
18.686390625000126,4898528.436917978
18.696390625000127,4898528.458224708
18.70639062500013,4898528.481707705
18.71639062500013,4898528.503255029
18.726390625000132,4898528.527095521
18.736390625000134,4898528.550064032
18.746390625000135,4898528.57344895
18.756390625000137,4898528.596800298
18.766390625000138,4898528.621655121
18.77639062500014,4898528.646069766
18.78639062500014,4898528.670084704
18.796390625000143,4898528.693886674
18.806390625000144,4898528.718994
18.816390625000146,4898528.742829945
18.826390625000148,4898528.76638131
18.83639062500015,4898528.789048676
18.84639062500015,4898528.811500374
18.856390625000152,4898528.833232488
18.866390625000154,4898528.855494579
18.876390625000155,4898528.876513809
18.886390625000157,4898528.898545263
18.89639062500016,4898528.922065559
18.90639062500016,4898528.944660657
18.91639062500016,4898528.966456877
18.926390625000163,4898528.988570465
18.936390625000165,4898529.012680095
18.946390625000166,4898529.035823591
18.956390625000168,4898529.058230626
18.96639062500017,4898529.081298082
18.97639062500017,4898529.103827395
18.986390625000173,4898529.127266271
18.996390625000174,4898529.150749677
19.006390625000176,4898529.174347403
19.016390625000177,4898529.197118658
19.02639062500018,4898529.218846259
19.03639062500018,4898529.240568195
19.046390625000182,4898529.26151645
19.056390625000184,4898529.28246475
19.066390625000185,4898529.303759141
19.076390625000187,4898529.326701437
19.08639062500019,4898529.348257287
19.09639062500019,4898529.369135451
19.10639062500019,4898529.391484294
19.116390625000193,4898529.414374869
19.126390625000194,4898529.43664184
19.136390625000196,4898529.458867288
19.146390625000198,4898529.481715863
19.1563906250002,4898529.50366388
19.1663906250002,4898529.526285489
19.176390625000202,4898529.548172598
19.186390625000204,4898529.571737478
19.196390625000205,4898529.592864274
19.206390625000207,4898529.613338287
19.21639062500021,4898529.636448074
19.22639062500021,4898529.656601128
19.23639062500021,4898529.679083126
19.246390625000213,4898529.699713781
19.256390625000215,4898529.725034016
19.266390625000216,4898529.747159732
19.276390625000218,4898529.769390934
19.28639062500022,4898529.791448132
19.29639062500022,4898529.813470951
19.306390625000223,4898529.834998462
19.316390625000224,4898529.856285543
19.326390625000226,4898529.875571839
19.336390625000227,4898529.896187792
19.34639062500023,4898529.915877739
19.35639062500023,4898529.937816026
19.366390625000232,4898529.957510136
19.376390625000234,4898529.976835531
19.386390625000235,4898529.999593771
19.396390625000237,4898530.020550845
19.40639062500024,4898530.041656694
19.41639062500024,4898530.062822829
19.42639062500024,4898530.083667812
19.436390625000243,4898530.104418965
19.446390625000245,4898530.124480686
19.456390625000246,4898530.14394836
19.466390625000248,4898530.162929047
19.47639062500025,4898530.181471556
19.48639062500025,4898530.200335579
19.496390625000252,4898530.218733741
19.506390625000254,4898530.238025709
19.516390625000255,4898530.256039378
19.526390625000257,4898530.275581622
19.53639062500026,4898530.293933655
19.54639062500026,4898530.314060286
19.55639062500026,4898530.333614415
19.566390625000263,4898530.351875007
19.576390625000265,4898530.369789348
19.586390625000266,4898530.389268982
19.596390625000268,4898530.410298347
19.60639062500027,4898530.429984236
19.61639062500027,4898530.449704882
19.626390625000273,4898530.467150974
19.636390625000274,4898530.485698539
19.646390625000276,4898530.502991971
19.656390625000277,4898530.521745951
19.66639062500028,4898530.5394036
19.67639062500028,4898530.558898079
19.686390625000282,4898530.577301004
19.696390625000284,4898530.595385455
19.706390625000285,4898530.614459358
19.716390625000287,4898530.633138731
19.72639062500029,4898530.65004771
19.73639062500029,4898530.667477747
19.74639062500029,4898530.685085624
19.756390625000293,4898530.702186726
19.766390625000295,4898530.721417212
19.776390625000296,4898530.739096592
19.786390625000298,4898530.75625936
19.7963906250003,4898530.773692904
19.8063906250003,4898530.791869066
19.816390625000302,4898530.810242983
19.826390625000304,4898530.827766597
19.836390625000305,4898530.8453641
19.846390625000307,4898530.862814635
19.85639062500031,4898530.879441136
19.86639062500031,4898530.896278664
19.87639062500031,4898530.913023314
19.886390625000313,4898530.930307712
19.896390625000315,4898530.947165201
19.906390625000316,4898530.964222428
19.916390625000318,4898530.981591601
19.92639062500032,4898530.999984381
19.93639062500032,4898531.017873948
19.946390625000323,4898531.035137711
19.956390625000324,4898531.052683681
19.966390625000326,4898531.070958737
19.976390625000327,4898531.088447064
19.98639062500033,4898531.106735755
19.99639062500033,4898531.12462859
20.006390625000332,4898531.143261037
20.016390625000334,4898531.160626375
20.026390625000335,4898531.177581851
20.036390625000337,4898531.195175951
20.04639062500034,4898531.212639866
20.05639062500034,4898531.230135815
20.06639062500034,4898531.248999991
20.076390625000343,4898531.266948514
20.086390625000345,4898531.283983931
20.096390625000346,4898531.301920618
20.106390625000348,4898531.321055617
20.11639062500035,4898531.340060586
20.12639062500035,4898531.359300776
20.136390625000352,4898531.378720771
20.146390625000354,4898531.398250575
20.156390625000355,4898531.417631963
20.166390625000357,4898531.43663744
20.17639062500036,4898531.455879835
20.18639062500036,4898531.475099485
20.19639062500036,4898531.493255767
20.206390625000363,4898531.511675997
20.216390625000365,4898531.529917176
20.226390625000366,4898531.548926604
20.236390625000368,4898531.568821712
20.24639062500037,4898531.587973412
20.25639062500037,4898531.606217209
20.266390625000373,4898531.624800896
20.276390625000374,4898531.642998477
20.286390625000376,4898531.660947788
20.296390625000377,4898531.678089664
20.30639062500038,4898531.695868095
20.31639062500038,4898531.715063948
20.326390625000382,4898531.733231591
20.336390625000384,4898531.751576241
20.346390625000385,4898531.769931316
20.356390625000387,4898531.791492637
20.36639062500039,4898531.811424761
20.37639062500039,4898531.829857844
20.38639062500039,4898531.847814029
20.396390625000393,4898531.865840319
20.406390625000395,4898531.883638612
20.416390625000396,4898531.901418392
20.426390625000398,4898531.919588619
20.4363906250004,4898531.937259422
20.4463906250004,4898531.955053524
20.456390625000402,4898531.972927319
20.466390625000404,4898531.990413246
20.476390625000406,4898532.009402827
20.486390625000407,4898532.027836306
20.49639062500041,4898532.047633153
20.50639062500041,4898532.06604993
20.51639062500041,4898532.083881988
20.526390625000413,4898532.102191481
20.536390625000415,4898532.120591547
20.546390625000416,4898532.139135024
20.556390625000418,4898532.157659745
20.56639062500042,4898532.175106873
20.57639062500042,4898532.192587187
20.586390625000423,4898532.211208194
20.596390625000424,4898532.22934145
20.606390625000426,4898532.247314551
20.616390625000427,4898532.265717679
20.62639062500043,4898532.284341042
20.63639062500043,4898532.303320341
20.646390625000432,4898532.321845799
20.656390625000434,4898532.340963892
20.666390625000435,4898532.359292107
20.676390625000437,4898532.377109278
20.68639062500044,4898532.394974638
20.69639062500044,4898532.412808499
20.70639062500044,4898532.431312105
20.716390625000443,4898532.449696396
20.726390625000445,4898532.468675541
20.736390625000446,4898532.487259852
20.746390625000448,4898532.505650791
20.75639062500045,4898532.524090409
20.76639062500045,4898532.543376258
20.776390625000452,4898532.562629722
20.786390625000454,4898532.580728001
20.796390625000456,4898532.599369132
20.806390625000457,4898532.617963041
20.81639062500046,4898532.636898548
20.82639062500046,4898532.655227421
20.836390625000462,4898532.673891777
20.846390625000463,4898532.692135047
20.856390625000465,4898532.712085693
20.866390625000466,4898532.731872867
20.876390625000468,4898532.750720069
20.88639062500047,4898532.768978219
20.89639062500047,4898532.787357682
20.906390625000473,4898532.805560442
20.916390625000474,4898532.824453479
20.926390625000476,4898532.845057483
20.936390625000477,4898532.864833484
20.94639062500048,4898532.883311606
20.95639062500048,4898532.904923887
20.966390625000482,4898532.925737124
20.976390625000484,4898532.945597677
20.986390625000485,4898532.963878032
20.996390625000487,4898532.981770837
21.00639062500049,4898533.000909821
21.01639062500049,4898533.020437382
21.02639062500049,4898533.039942422
21.036390625000493,4898533.05877295
21.046390625000495,4898533.077104256
21.056390625000496,4898533.095332786
21.066390625000498,4898533.113830113
21.0763906250005,4898533.132849625
21.0863906250005,4898533.151185132
21.096390625000502,4898533.169456746
21.106390625000504,4898533.18717427
21.116390625000506,4898533.205298897
21.126390625000507,4898533.223205077
21.13639062500051,4898533.241411857
21.14639062500051,4898533.259273163
21.156390625000512,4898533.276319004
21.166390625000513,4898533.29377579
21.176390625000515,4898533.311422996
21.186390625000517,4898533.329196781
21.196390625000518,4898533.347036513
21.20639062500052,4898533.364590976
21.21639062500052,4898533.381733837
21.226390625000523,4898533.399200711
21.236390625000524,4898533.416656948
21.246390625000526,4898533.434181737
21.256390625000527,4898533.452064187
21.26639062500053,4898533.469768889
21.27639062500053,4898533.487217888
21.286390625000532,4898533.504566726
21.296390625000534,4898533.522225894
21.306390625000535,4898533.541392052
21.316390625000537,4898533.560821135
21.32639062500054,4898533.579404242
21.33639062500054,4898533.59691065
21.34639062500054,4898533.614537944
21.356390625000543,4898533.632335403
21.366390625000545,4898533.650172552
21.376390625000546,4898533.667320489
21.386390625000548,4898533.684402077
21.39639062500055,4898533.701722813
21.40639062500055,4898533.720859136
21.416390625000552,4898533.738502606
21.426390625000554,4898533.756180205
21.436390625000556,4898533.773588445
21.446390625000557,4898533.790759153
21.45639062500056,4898533.80824892
21.46639062500056,4898533.825682304
21.476390625000562,4898533.843274528
21.486390625000563,4898533.860686917
21.496390625000565,4898533.87791675
21.506390625000567,4898533.895546231
21.516390625000568,4898533.913047807
21.52639062500057,4898533.93063579
21.53639062500057,4898533.948624098
21.546390625000573,4898533.966235812
21.556390625000574,4898533.983291278
21.566390625000576,4898534.00165494
21.576390625000577,4898534.019281822
21.58639062500058,4898534.038262309
21.59639062500058,4898534.056435638
21.606390625000582,4898534.074063521
21.616390625000584,4898534.092771417
21.626390625000585,4898534.111568671
21.636390625000587,4898534.130911401
21.64639062500059,4898534.14972795
21.65639062500059,4898534.168383045
21.66639062500059,4898534.186381465
21.676390625000593,4898534.205611685
21.686390625000595,4898534.223905736
21.696390625000596,4898534.242149682
21.706390625000598,4898534.260219689
21.7163906250006,4898534.277567978
21.7263906250006,4898534.295196842
21.736390625000602,4898534.313211984
21.746390625000604,4898534.331666636
21.756390625000606,4898534.350251144
21.766390625000607,4898534.368393506
21.77639062500061,4898534.38638015
21.78639062500061,4898534.404610427
21.796390625000612,4898534.424424018
21.806390625000613,4898534.444031236
21.816390625000615,4898534.464322583
21.826390625000617,4898534.483151318
21.836390625000618,4898534.50403721
21.84639062500062,4898534.524283549
21.85639062500062,4898534.542934931
21.866390625000623,4898534.561464039
21.876390625000624,4898534.579970015
21.886390625000626,4898534.597743403
21.896390625000627,4898534.615750939
21.90639062500063,4898534.633870837
21.91639062500063,4898534.652100807
21.926390625000632,4898534.67075295
21.936390625000634,4898534.688102623
21.946390625000635,4898534.706461641
21.956390625000637,4898534.726222711
21.96639062500064,4898534.744953363
21.97639062500064,4898534.763271311
21.98639062500064,4898534.781073815
21.996390625000643,4898534.799315299
22.006390625000645,4898534.819751332
22.016390625000646,4898534.839403312
22.026390625000648,4898534.857644595
22.03639062500065,4898534.87536233
22.04639062500065,4898534.892702353
22.056390625000653,4898534.911073285
22.066390625000654,4898534.929598556
22.076390625000656,4898534.948720614
22.086390625000657,4898534.967609685
22.09639062500066,4898534.98607348
22.10639062500066,4898535.005431802
22.116390625000662,4898535.024610828
22.126390625000663,4898535.043185582
22.136390625000665,4898535.061589778
22.146390625000667,4898535.079513035
22.156390625000668,4898535.098072663
22.16639062500067,4898535.116922632
22.17639062500067,4898535.135892594
22.186390625000673,4898535.15452719
22.196390625000674,4898535.172607435
22.206390625000676,4898535.190511248
22.216390625000678,4898535.2086217
22.22639062500068,4898535.226921812
22.23639062500068,4898535.245433562
22.246390625000682,4898535.263977292
22.256390625000684,4898535.281567892
22.266390625000685,4898535.299200293
22.276390625000687,4898535.316680571
22.28639062500069,4898535.334530096
22.29639062500069,4898535.352627604
22.30639062500069,4898535.370293067
22.316390625000693,4898535.388066418
22.326390625000695,4898535.40638478
22.336390625000696,4898535.425568433
22.346390625000698,4898535.444017098
22.3563906250007,4898535.462738483
22.3663906250007,4898535.483948516
22.376390625000703,4898535.503303443
22.386390625000704,4898535.521551834
22.396390625000706,4898535.540011855
22.406390625000707,4898535.559852151
22.41639062500071,4898535.578383883
22.42639062500071,4898535.595973069
22.436390625000712,4898535.615110703
22.446390625000713,4898535.63458154
22.456390625000715,4898535.652578288
22.466390625000717,4898535.670526989
22.476390625000718,4898535.688463804
22.48639062500072,4898535.706238613
22.49639062500072,4898535.725751573
22.506390625000723,4898535.7447261
22.516390625000724,4898535.763568733
22.526390625000726,4898535.781838692
22.536390625000728,4898535.80023731
22.54639062500073,4898535.819639663
22.55639062500073,4898535.837737904
22.566390625000732,4898535.856224886
22.576390625000734,4898535.874174852
22.586390625000735,4898535.891771222
22.596390625000737,4898535.909518283
22.60639062500074,4898535.927621647
22.61639062500074,4898535.945634363
22.62639062500074,4898535.964557211
22.636390625000743,4898535.982841842
22.646390625000745,4898536.002275077
22.656390625000746,4898536.020873245
22.666390625000748,4898536.040694076
22.67639062500075,4898536.059707707
22.68639062500075,4898536.078087431
22.696390625000753,4898536.096493423
22.706390625000754,4898536.115059348
22.716390625000756,4898536.134178022
22.726390625000757,4898536.153285418
22.73639062500076,4898536.172791617
22.74639062500076,4898536.191393724
22.756390625000762,4898536.210182165
22.766390625000763,4898536.22927048
22.776390625000765,4898536.248291799
22.786390625000767,4898536.267006601
22.796390625000768,4898536.28525669
22.80639062500077,4898536.304027258
22.81639062500077,4898536.322777813
22.826390625000773,4898536.341979209
22.836390625000774,4898536.360912745
22.846390625000776,4898536.379560431
22.856390625000778,4898536.39872884
22.86639062500078,4898536.418496631
22.87639062500078,4898536.438700913
22.886390625000782,4898536.45862406
22.896390625000784,4898536.478561668
22.906390625000785,4898536.498992604
22.916390625000787,4898536.521242025
22.92639062500079,4898536.541855024
22.93639062500079,4898536.562505821
22.94639062500079,4898536.582818053
22.956390625000793,4898536.603408777
22.966390625000795,4898536.623920725
22.976390625000796,4898536.644405226
22.986390625000798,4898536.666559305
22.9963906250008,4898536.6869948
23.0063906250008,4898536.708150038
23.016390625000803,4898536.728375667
23.026390625000804,4898536.748530703
23.036390625000806,4898536.769233281
23.046390625000807,4898536.790257055
23.05639062500081,4898536.811874185
23.06639062500081,4898536.832136047
23.076390625000812,4898536.852187392
23.086390625000814,4898536.872634177
23.096390625000815,4898536.892813218
23.106390625000817,4898536.91225361
23.116390625000818,4898536.932243273
23.12639062500082,4898536.953179446
23.13639062500082,4898536.973939093
23.146390625000823,4898536.995577465
23.156390625000824,4898537.017231508
23.166390625000826,4898537.037833433
23.176390625000828,4898537.057988923
23.18639062500083,4898537.076601575
23.19639062500083,4898537.095326323
23.206390625000832,4898537.115287531
23.216390625000834,4898537.135828039
23.226390625000835,4898537.155009713
23.236390625000837,4898537.173969421
23.24639062500084,4898537.19230285
23.25639062500084,4898537.21165619
23.26639062500084,4898537.23010163
23.276390625000843,4898537.248618135
23.286390625000845,4898537.267193931
23.296390625000846,4898537.285123441
23.306390625000848,4898537.303490485
23.31639062500085,4898537.321557919
23.32639062500085,4898537.339766532
23.336390625000853,4898537.358157695
23.346390625000854,4898537.376227574
23.356390625000856,4898537.394216495
23.366390625000857,4898537.412798603
23.37639062500086,4898537.431605329
23.38639062500086,4898537.450280327
23.396390625000862,4898537.470164378
23.406390625000864,4898537.489409065
23.416390625000865,4898537.507990901
23.426390625000867,4898537.525839161
23.43639062500087,4898537.54455256
23.44639062500087,4898537.564011163
23.45639062500087,4898537.582863579
23.466390625000873,4898537.601412665
23.476390625000874,4898537.619689421
23.486390625000876,4898537.63789085
23.496390625000878,4898537.656201213
23.50639062500088,4898537.674239807
23.51639062500088,4898537.691749542
23.526390625000882,4898537.710249281
23.536390625000884,4898537.729466889
23.546390625000885,4898537.747806867
23.556390625000887,4898537.766078355
23.56639062500089,4898537.783781943
23.57639062500089,4898537.801694336
23.58639062500089,4898537.819612668
23.596390625000893,4898537.837700498
23.606390625000895,4898537.855998126
23.616390625000896,4898537.873696648
23.626390625000898,4898537.891288786
23.6363906250009,4898537.909211513
23.6463906250009,4898537.927231234
23.656390625000903,4898537.944853869
23.666390625000904,4898537.962652549
23.676390625000906,4898537.980888748
23.686390625000907,4898537.998785132
23.69639062500091,4898538.01703061
23.70639062500091,4898538.035991475
23.716390625000912,4898538.054294556
23.726390625000914,4898538.071968988
23.736390625000915,4898538.090213227
23.746390625000917,4898538.108729099
23.75639062500092,4898538.1272878
23.76639062500092,4898538.145368351
23.77639062500092,4898538.164040433
23.786390625000923,4898538.181480689
23.796390625000925,4898538.199049949
23.806390625000926,4898538.217436399
23.816390625000928,4898538.237430899
23.82639062500093,4898538.25534799
23.83639062500093,4898538.272604988
23.846390625000932,4898538.28972721
23.856390625000934,4898538.307120747
23.866390625000935,4898538.32436963
23.876390625000937,4898538.342091573
23.88639062500094,4898538.360109111
23.89639062500094,4898538.377470199
23.90639062500094,4898538.394979736
23.916390625000943,4898538.412527211
23.926390625000945,4898538.429630923
23.936390625000946,4898538.447550322
23.946390625000948,4898538.464916258
23.95639062500095,4898538.482691112
23.96639062500095,4898538.5000303
23.976390625000953,4898538.517235969
23.986390625000954,4898538.534512849
23.996390625000956,4898538.553196855
24.006390625000957,4898538.570799324
24.01639062500096,4898538.588171726
24.02639062500096,4898538.605801084
24.036390625000962,4898538.623318572
24.046390625000964,4898538.640935314
24.056390625000965,4898538.658590894
24.066390625000967,4898538.676085145
24.07639062500097,4898538.693213069
24.08639062500097,4898538.711685115
24.09639062500097,4898538.730597212
24.106390625000973,4898538.748841668
24.116390625000975,4898538.766862153
24.126390625000976,4898538.784624586
24.136390625000978,4898538.802565168
24.14639062500098,4898538.820655921
24.15639062500098,4898538.838503694
24.166390625000982,4898538.856204689
24.176390625000984,4898538.87359786
24.186390625000985,4898538.890843517
24.196390625000987,4898538.908813977
24.20639062500099,4898538.926816339
24.21639062500099,4898538.944594023
24.22639062500099,4898538.96220818
24.236390625000993,4898538.979996946
24.246390625000995,4898538.998620291
24.256390625000996,4898539.018208433
24.266390625000998,4898539.036606612
24.276390625001,4898539.054720878
24.286390625001,4898539.073176187
24.296390625001003,4898539.090803182
24.306390625001004,4898539.109105215
24.316390625001006,4898539.128234218
24.326390625001007,4898539.146492072
24.33639062500101,4898539.164971262
24.34639062500101,4898539.183279403
24.356390625001012,4898539.201328546
24.366390625001014,4898539.219522983
24.376390625001015,4898539.237685384
24.386390625001017,4898539.256678392
24.39639062500102,4898539.275527786
24.40639062500102,4898539.29393781
24.41639062500102,4898539.312324279
24.426390625001023,4898539.330779118
24.436390625001025,4898539.349509031
24.446390625001026,4898539.368166914
24.456390625001028,4898539.386374421
24.46639062500103,4898539.404751295
24.47639062500103,4898539.423007789
24.486390625001032,4898539.442306773
24.496390625001034,4898539.461483639
24.506390625001035,4898539.480193934
24.516390625001037,4898539.497766838
24.52639062500104,4898539.51535637
24.53639062500104,4898539.532876058
24.54639062500104,4898539.551589642
24.556390625001043,4898539.569991514
24.566390625001045,4898539.587914255
24.576390625001046,4898539.60604268
24.586390625001048,4898539.624208937
24.59639062500105,4898539.642191311
24.60639062500105,4898539.660279555
24.616390625001053,4898539.678188878
24.626390625001054,4898539.69565823
24.636390625001056,4898539.714359424
24.646390625001057,4898539.733320114
24.65639062500106,4898539.751102516
24.66639062500106,4898539.769091368
24.676390625001062,4898539.786402941
24.686390625001064,4898539.804102471
24.696390625001065,4898539.821702952
24.706390625001067,4898539.839785718
24.71639062500107,4898539.85771352
24.72639062500107,4898539.875679136
24.73639062500107,4898539.893467812
24.746390625001073,4898539.912140418
24.756390625001075,4898539.933393267
24.766390625001076,4898539.952262156
24.776390625001078,4898539.970279282
24.78639062500108,4898539.988203067
24.79639062500108,4898540.007451916
24.806390625001082,4898540.025651169
24.816390625001084,4898540.044873352
24.826390625001086,4898540.062991548
24.836390625001087,4898540.081024565
24.84639062500109,4898540.099020354
24.85639062500109,4898540.117241907
24.86639062500109,4898540.136247731
24.876390625001093,4898540.154515824
24.886390625001095,4898540.172708659
24.896390625001096,4898540.190477598
24.906390625001098,4898540.208895077
24.9163906250011,4898540.226998256
24.9263906250011,4898540.245884926
24.936390625001103,4898540.263660403
24.946390625001104,4898540.28196863
24.956390625001106,4898540.299737666
24.966390625001107,4898540.317627424
24.97639062500111,4898540.335435634
24.98639062500111,4898540.354293005
24.996390625001112,4898540.3719759
25.006390625001114,4898540.388973564
25.016390625001115,4898540.406976539
25.026390625001117,4898540.42522631
25.03639062500112,4898540.444220295
25.04639062500112,4898540.462738395
25.05639062500112,4898540.480733396
25.066390625001123,4898540.498310593
25.076390625001125,4898540.517012567
25.086390625001126,4898540.535362224
25.096390625001128,4898540.5534715
25.10639062500113,4898540.571390958
25.11639062500113,4898540.589093589
25.126390625001132,4898540.606983189
25.136390625001134,4898540.625549573
25.146390625001136,4898540.643559604
25.156390625001137,4898540.66228864
25.16639062500114,4898540.679715938
25.17639062500114,4898540.697937866
25.186390625001142,4898540.717194575
25.196390625001143,4898540.735881873
25.206390625001145,4898540.754780798
25.216390625001146,4898540.772774956
25.226390625001148,4898540.790502015
25.23639062500115,4898540.809099889
25.24639062500115,4898540.82775979
25.256390625001153,4898540.84568518
25.266390625001154,4898540.863655894
25.276390625001156,4898540.881857746
25.286390625001157,4898540.899345008
25.29639062500116,4898540.91755427
25.30639062500116,4898540.935630325
25.316390625001162,4898540.953892448
25.326390625001164,4898540.971949239
25.336390625001165,4898540.989965824
25.346390625001167,4898541.009267929
25.35639062500117,4898541.028353695
25.36639062500117,4898541.046855172
25.37639062500117,4898541.065217288
25.386390625001173,4898541.083378913
25.396390625001175,4898541.101573005
25.406390625001176,4898541.120809177
25.416390625001178,4898541.140459721
25.42639062500118,4898541.15903119
25.43639062500118,4898541.177446662
25.446390625001182,4898541.196090778
25.456390625001184,4898541.214820057
25.466390625001186,4898541.234181732
25.476390625001187,4898541.252911851
25.48639062500119,4898541.273026361
25.49639062500119,4898541.291570832
25.506390625001192,4898541.310202521
25.516390625001193,4898541.328923051
25.526390625001195,4898541.3474725
25.536390625001196,4898541.366168378
25.546390625001198,4898541.384724217
25.5563906250012,4898541.403687823
25.5663906250012,4898541.422801277
25.576390625001203,4898541.441844489
25.586390625001204,4898541.462296645
25.596390625001206,4898541.481098797
25.606390625001207,4898541.49954732
25.61639062500121,4898541.51915139
25.62639062500121,4898541.538752326
25.636390625001212,4898541.560344015
25.646390625001214,4898541.580834815
25.656390625001215,4898541.601369868
25.666390625001217,4898541.622396867
25.67639062500122,4898541.642259518
25.68639062500122,4898541.662110376
25.69639062500122,4898541.682271055
25.706390625001223,4898541.701167098
25.716390625001225,4898541.721745013
25.726390625001226,4898541.741978429
25.736390625001228,4898541.761600185
25.74639062500123,4898541.781142216
25.75639062500123,4898541.800291339
25.766390625001232,4898541.820436208
25.776390625001234,4898541.840372018
25.786390625001236,4898541.860425699
25.796390625001237,4898541.880954856
25.80639062500124,4898541.899804261
25.81639062500124,4898541.920021032
25.826390625001242,4898541.940647719
25.836390625001243,4898541.960151986
25.846390625001245,4898541.980140037
25.856390625001247,4898541.99989371
25.866390625001248,4898542.020512707
25.87639062500125,4898542.041958885
25.88639062500125,4898542.062895536
25.896390625001253,4898542.082890305
25.906390625001254,4898542.102643634
25.916390625001256,4898542.123780698
25.926390625001257,4898542.143604352
25.93639062500126,4898542.162910527
25.94639062500126,4898542.181786141
25.956390625001262,4898542.200782258
25.966390625001264,4898542.220469487
25.976390625001265,4898542.242651186
25.986390625001267,4898542.262674823
25.99639062500127,4898542.282823068
26.00639062500127,4898542.302776758
26.01639062500127,4898542.322771289
26.026390625001273,4898542.342828561
26.036390625001275,4898542.363050469
26.046390625001276,4898542.384908439
26.056390625001278,4898542.403585168
26.06639062500128,4898542.423575638
26.07639062500128,4898542.444304112
26.086390625001282,4898542.464873109
26.096390625001284,4898542.484474987
26.106390625001286,4898542.504014219
26.116390625001287,4898542.523938844
26.12639062500129,4898542.54354653
26.13639062500129,4898542.56318373
26.146390625001292,4898542.581989819
26.156390625001293,4898542.602208764
26.166390625001295,4898542.622073593
26.176390625001297,4898542.641453026
26.186390625001298,4898542.660464558
26.1963906250013,4898542.680795442
26.2063906250013,4898542.699492036
26.216390625001303,4898542.719895521
26.226390625001304,4898542.740904806
26.236390625001306,4898542.760710899
26.246390625001307,4898542.781049003
26.25639062500131,4898542.799824064
26.26639062500131,4898542.819426828
26.276390625001312,4898542.83964372
26.286390625001314,4898542.859958887
26.296390625001315,4898542.879289147
26.306390625001317,4898542.900080715
26.31639062500132,4898542.920479685
26.32639062500132,4898542.941032744
26.33639062500132,4898542.961694583
26.346390625001323,4898542.981215717
26.356390625001325,4898543.001897865
26.366390625001326,4898543.02261693
26.376390625001328,4898543.04250859
26.38639062500133,4898543.062484501
26.39639062500133,4898543.081926065
26.406390625001332,4898543.101937697
26.416390625001334,4898543.121922373
26.426390625001336,4898543.142430442
26.436390625001337,4898543.16212401
26.44639062500134,4898543.181677146
26.45639062500134,4898543.200595039
26.466390625001342,4898543.220212875
26.476390625001343,4898543.240117832
26.486390625001345,4898543.259763422
26.496390625001347,4898543.279829765
26.506390625001348,4898543.298823093
26.51639062500135,4898543.318722666
26.52639062500135,4898543.338306242
26.536390625001353,4898543.358650241
26.546390625001354,4898543.377823218
26.556390625001356,4898543.397705223
26.566390625001358,4898543.417552875
26.57639062500136,4898543.437790889
26.58639062500136,4898543.457957621
26.596390625001362,4898543.47822571
26.606390625001364,4898543.497584373
26.616390625001365,4898543.516915592
26.626390625001367,4898543.536512292
26.63639062500137,4898543.557155026
26.64639062500137,4898543.57715286
26.65639062500137,4898543.596087548
26.666390625001373,4898543.615601545
26.676390625001375,4898543.635197549
26.686390625001376,4898543.655194434
26.696390625001378,4898543.675894713
26.70639062500138,4898543.694851791
26.71639062500138,4898543.713986183
26.726390625001383,4898543.729373987
26.736390625001384,4898543.744027048
26.746390625001386,4898543.764116467
26.756390625001387,4898543.783201526
26.76639062500139,4898543.800092828
26.77639062500139,4898543.818845427
26.786390625001392,4898543.834156559
26.796390625001393,4898543.849914805
26.806390625001395,4898543.866116905
26.816390625001397,4898543.881275798
26.826390625001398,4898543.896220243
26.8363906250014,4898543.911551978
26.8463906250014,4898543.925652161
26.856390625001403,4898543.937585804
26.861390625001402,4898543.952409313
26.863890625001403,4898543.969615248
26.865140625001402,4898543.989075624
26.8659218750014,4898544.009633017
26.8678750000014,4898544.047684687
26.87595548347118,4898544.082144759
26.88403596694096,4898544.101833669
26.89403596694096,4898544.123195229
26.904035966940963,4898544.140944218
26.914035966940965,4898544.159231698
26.924035966940966,4898544.181033927
26.934035966940968,4898544.203609768
26.94403596694097,4898544.222052387
26.95403596694097,4898544.24376901
26.964035966940973,4898544.261100087
26.974035966940974,4898544.278677558
26.984035966940976,4898544.29417266
26.994035966940977,4898544.319518985
27.00403596694098,4898544.339460783
27.01403596694098,4898544.35981798
27.01903596694098,4898544.37744333
27.02903596694098,4898544.39842292
27.039035966940983,4898544.416122839
27.049035966940984,4898544.440084395
27.059035966940986,4898544.462820218
27.064035966940985,4898544.481328071
27.074035966940986,4898544.501566445
27.079035966940985,4898544.52165525
27.080285966940984,4898544.549285019
27.086535966940986,4898544.573916698
27.096535966940987,4898544.606162525
27.10653596694099,4898544.628085406
27.11653596694099,4898544.648574749
27.126535966940992,4898544.669175721
27.136535966940993,4898544.69151179
27.146535966940995,4898544.713456568
27.156535966940996,4898544.736926103
27.166535966940998,4898544.756437417
27.167785966940997,4898544.785954632
27.168567216940996,4898544.811795719
27.172196704653118,4898544.842613735
27.178698464120846,4898544.867936075
27.187675035400193,4898544.889999528
27.197675035400195,4898544.91611403
27.207675035400197,4898544.939469791
27.217675035400198,4898544.962921752
27.2276750354002,4898544.984460342
27.2376750354002,4898545.009867629
27.247675035400203,4898545.029843807
27.257675035400204,4898545.051838555
27.262675035400203,4898545.079105361
27.265175035400205,4898545.116089965
27.27043773236755,4898545.154266458
27.277424841805566,4898545.179968979
27.287424841805567,4898545.202205763
27.29742484180557,4898545.225370383
27.30742484180557,4898545.240649437
27.317424841805572,4898545.257364178
27.327424841805573,4898545.280835377
27.337424841805575,4898545.301215265
27.347424841805577,4898545.321854873
27.357424841805578,4898545.339269005
27.36742484180558,4898545.359738103
27.37742484180558,4898545.379295808
27.387424841805583,4898545.39761949
27.397424841805584,4898545.414634693
27.407424841805586,4898545.432436978
27.417424841805587,4898545.447782334
27.42742484180559,4898545.462789862
27.43742484180559,4898545.476968475
27.447424841805592,4898545.49068112
27.457424841805594,4898545.504423859
27.467424841805595,4898545.517530709
27.477424841805597,4898545.530702814
27.4874248418056,4898545.543730199
27.4974248418056,4898545.558281983
27.5074248418056,4898545.572181832
27.517424841805603,4898545.586009662
27.527424841805605,4898545.599836207
27.537424841805606,4898545.613261038
27.547424841805608,4898545.626801239
27.55742484180561,4898545.640224184
27.56742484180561,4898545.654292657
27.577424841805612,4898545.667919623
27.587424841805614,4898545.681602837
27.597424841805616,4898545.694861034
27.607424841805617,4898545.709121686
27.61742484180562,4898545.724578168
27.62742484180562,4898545.73930132
27.637424841805622,4898545.753025574
27.647424841805623,4898545.766948882
27.657424841805625,4898545.780684986
27.667424841805627,4898545.794193033
27.677424841805628,4898545.807846315
27.68742484180563,4898545.821475625
27.69742484180563,4898545.835498953
27.707424841805633,4898545.849698846
27.717424841805634,4898545.863949645
27.727424841805636,4898545.878337797
27.737424841805637,4898545.893707892
27.74742484180564,4898545.909478676
27.75742484180564,4898545.923782556
27.767424841805642,4898545.93742995
27.777424841805644,4898545.951570107
27.787424841805645,4898545.965809478
27.797424841805647,4898545.979504208
27.80742484180565,4898545.994570444
27.81742484180565,4898546.008335767
27.82742484180565,4898546.021398519
27.837424841805653,4898546.034782974
27.847424841805655,4898546.049646736
27.857424841805656,4898546.062983376
27.867424841805658,4898546.076637826
27.87742484180566,4898546.090040673
27.88742484180566,4898546.102930932
27.897424841805663,4898546.116296876
27.907424841805664,4898546.129727758
27.917424841805666,4898546.143378655
27.927424841805667,4898546.157412818
27.93742484180567,4898546.170782843
27.94742484180567,4898546.184240622
27.957424841805672,4898546.197759263
27.967424841805673,4898546.211402719
27.977424841805675,4898546.225171105
27.987424841805677,4898546.239113899
27.997424841805678,4898546.252879494
28.00742484180568,4898546.266520321
28.01742484180568,4898546.28014801
28.027424841805683,4898546.294128036
28.037424841805684,4898546.308450884
28.047424841805686,4898546.322164316
28.057424841805688,4898546.336536811
28.06742484180569,4898546.350742716
28.07742484180569,4898546.364401672
28.087424841805692,4898546.377945094
28.097424841805694,4898546.391461122
28.107424841805695,4898546.404961875
28.117424841805697,4898546.419978039
28.1274248418057,4898546.433692461
28.1374248418057,4898546.447598263
28.1474248418057,4898546.461594473
28.157424841805703,4898546.475759011
28.167424841805705,4898546.489695683
28.177424841805706,4898546.503724396
28.187424841805708,4898546.518432882
28.19742484180571,4898546.531858573
28.20742484180571,4898546.546149995
28.217424841805713,4898546.560236477
28.227424841805714,4898546.573938184
28.237424841805716,4898546.587876978
28.247424841805717,4898546.601595005
28.25742484180572,4898546.615487213
28.26742484180572,4898546.629295775
28.277424841805722,4898546.643042308
28.287424841805723,4898546.657256003
28.297424841805725,4898546.671231276
28.307424841805727,4898546.686094475
28.317424841805728,4898546.699816246
28.32742484180573,4898546.713550209
28.33742484180573,4898546.728976331
28.347424841805733,4898546.743263444
28.357424841805734,4898546.756790268
28.367424841805736,4898546.770007183
28.377424841805738,4898546.784054459
28.38742484180574,4898546.79706124
28.39742484180574,4898546.810155291
28.407424841805742,4898546.823525473
28.417424841805744,4898546.836613119
28.427424841805745,4898546.849759314
28.437424841805747,4898546.863124698
28.44742484180575,4898546.876325329
28.45742484180575,4898546.889270688
28.46742484180575,4898546.902213483
28.477424841805753,4898546.915129181
28.487424841805755,4898546.92810319
28.497424841805756,4898546.942035834
28.507424841805758,4898546.955876186
28.51742484180576,4898546.969709166
28.52742484180576,4898546.98330357
28.537424841805763,4898546.997632296
28.547424841805764,4898547.011690246
28.557424841805766,4898547.025706525
28.567424841805767,4898547.040259802
28.57742484180577,4898547.054227337
28.58742484180577,4898547.067875116
28.597424841805772,4898547.082831507
28.607424841805773,4898547.09707823
28.617424841805775,4898547.111339643
28.627424841805777,4898547.125985494
28.637424841805778,4898547.140127029
28.64742484180578,4898547.154214169
28.65742484180578,4898547.168301177
28.667424841805783,4898547.181750122
28.677424841805784,4898547.195228141
28.687424841805786,4898547.209316151
28.697424841805788,4898547.223337939
28.70742484180579,4898547.237643256
28.71742484180579,4898547.250628125
28.727424841805792,4898547.263996066
28.737424841805794,4898547.276992309
28.747424841805795,4898547.290279947
28.757424841805797,4898547.30350023
28.7674248418058,4898547.316927024
28.7774248418058,4898547.330101366
28.7874248418058,4898547.343471587
28.797424841805803,4898547.357058414
28.807424841805805,4898547.369890754
28.817424841805806,4898547.382939933
28.827424841805808,4898547.395960535
28.83742484180581,4898547.409113844
28.84742484180581,4898547.422553272
28.857424841805813,4898547.435446074
28.867424841805814,4898547.448363516
28.877424841805816,4898547.46137928
28.887424841805817,4898547.474659768
28.89742484180582,4898547.488106488
28.90742484180582,4898547.500794043
28.917424841805822,4898547.513904524
28.927424841805824,4898547.52687341
28.937424841805825,4898547.540303883
28.947424841805827,4898547.554352714
28.957424841805828,4898547.568565395
28.96742484180583,4898547.582324801
28.97742484180583,4898547.59558218
28.987424841805833,4898547.608846865
28.997424841805834,4898547.623526501
29.007424841805836,4898547.637262658
29.017424841805838,4898547.650547801
29.02742484180584,4898547.664060329
29.03742484180584,4898547.677759733
29.047424841805842,4898547.690783232
29.057424841805844,4898547.703780352
29.067424841805845,4898547.717631751
29.077424841805847,4898547.731752375
29.08742484180585,4898547.745431224
29.09742484180585,4898547.759370732
29.10742484180585,4898547.772781207
29.117424841805853,4898547.786675658
29.127424841805855,4898547.799398792
29.137424841805856,4898547.812131552
29.147424841805858,4898547.825422113
29.15742484180586,4898547.838769869
29.16742484180586,4898547.852266928
29.177424841805863,4898547.865577232
29.187424841805864,4898547.87875095
29.197424841805866,4898547.893306018
29.207424841805867,4898547.907080156
29.21742484180587,4898547.921576318
29.22742484180587,4898547.935745318
29.237424841805872,4898547.948728492
29.247424841805874,4898547.96252821
29.257424841805875,4898547.976206492
29.267424841805877,4898547.9894947
29.27742484180588,4898548.004085377
29.28742484180588,4898548.017895142
29.29742484180588,4898548.031171484
29.307424841805883,4898548.045816169
29.317424841805884,4898548.059384507
29.327424841805886,4898548.072697128
29.337424841805888,4898548.086249549
29.34742484180589,4898548.099570452
29.35742484180589,4898548.113379652
29.367424841805892,4898548.127949889
29.377424841805894,4898548.142116682
29.387424841805895,4898548.155792571
29.397424841805897,4898548.168842485
29.4074248418059,4898548.181699519
29.4174248418059,4898548.19489548
29.4274248418059,4898548.207762341
29.437424841805903,4898548.221852045
29.447424841805905,4898548.235078801
29.457424841805906,4898548.248587208
29.467424841805908,4898548.26157557
29.47742484180591,4898548.27462044
29.48742484180591,4898548.287989225
29.497424841805913,4898548.301201744
29.507424841805914,4898548.314092421
29.517424841805916,4898548.327138492
29.527424841805917,4898548.340423289
29.53742484180592,4898548.354114733
29.54742484180592,4898548.367464953
29.557424841805922,4898548.380703047
29.567424841805924,4898548.393610668
29.577424841805925,4898548.406267685
29.587424841805927,4898548.419855213
29.59742484180593,4898548.432947217
29.60742484180593,4898548.446183969
29.61742484180593,4898548.459637488
29.627424841805933,4898548.472734549
29.637424841805935,4898548.486069713
29.647424841805936,4898548.499427853
29.657424841805938,4898548.51223956
29.66742484180594,4898548.525597268
29.67742484180594,4898548.539025424
29.687424841805942,4898548.552482786
29.697424841805944,4898548.565859139
29.707424841805945,4898548.578692305
29.717424841805947,4898548.592305454
29.72742484180595,4898548.6059862
29.73742484180595,4898548.620678058
29.74742484180595,4898548.635118752
29.757424841805953,4898548.649834081
29.767424841805955,4898548.664089882
29.777424841805956,4898548.678868915
29.787424841805958,4898548.693050914
29.79742484180596,4898548.707767527
29.80742484180596,4898548.722914293
29.817424841805963,4898548.737897289
29.827424841805964,4898548.752051857
29.837424841805966,4898548.766445697
29.847424841805967,4898548.780977354
29.85742484180597,4898548.795616285
29.86742484180597,4898548.809698266
29.877424841805972,4898548.824348817
29.887424841805974,4898548.838609885
29.897424841805975,4898548.852890118
29.907424841805977,4898548.867405028
29.91742484180598,4898548.881797261
29.92742484180598,4898548.895805891
29.93742484180598,4898548.910392824
29.947424841805983,4898548.925144382
29.957424841805985,4898548.940174371
29.967424841805986,4898548.954751655
29.977424841805988,4898548.968810397
29.98742484180599,4898548.982627727
29.99742484180599,4898548.997255696
30.007424841805992,4898549.0116916
30.017424841805994,4898549.026170899
30.027424841805995,4898549.040832483
30.037424841805997,4898549.05469587
30.047424841806,4898549.068284143
30.057424841806,4898549.081660627
30.067424841806,4898549.096078161
30.077424841806003,4898549.10986346
30.087424841806005,4898549.124634323
30.097424841806006,4898549.139037248
30.107424841806008,4898549.153250575
30.11742484180601,4898549.166987712
30.12742484180601,4898549.180770521
30.137424841806013,4898549.194906428
30.147424841806014,4898549.208345762
30.157424841806016,4898549.222156248
30.167424841806017,4898549.236125044
30.17742484180602,4898549.24928555
30.18742484180602,4898549.26233239
30.197424841806022,4898549.275195914
30.207424841806024,4898549.288133889
30.217424841806025,4898549.301453685
30.227424841806027,4898549.314860396
30.23742484180603,4898549.32828296
30.24742484180603,4898549.341928593
30.25742484180603,4898549.355270801
30.267424841806033,4898549.368728424
30.277424841806035,4898549.382031443
30.287424841806036,4898549.395702188
30.297424841806038,4898549.409182229
30.30742484180604,4898549.422889352
30.31742484180604,4898549.436743059
30.327424841806042,4898549.451374618
30.337424841806044,4898549.465158876
30.347424841806045,4898549.478459526
30.357424841806047,4898549.492107054
30.36742484180605,4898549.50663775
30.37742484180605,4898549.520569813
30.38742484180605,4898549.53473064
30.397424841806053,4898549.5490412
30.407424841806055,4898549.564254589
30.417424841806056,4898549.578715737
30.427424841806058,4898549.592975187
30.43742484180606,4898549.607190676
30.44742484180606,4898549.621727298
30.457424841806063,4898549.636325741
30.467424841806064,4898549.650474763
30.477424841806066,4898549.664817555
30.487424841806067,4898549.679529142
30.49742484180607,4898549.693193343
30.50742484180607,4898549.706939275
30.517424841806072,4898549.721685784
30.527424841806074,4898549.736297016
30.537424841806075,4898549.750377397
30.547424841806077,4898549.76396402
30.55742484180608,4898549.777535779
30.56742484180608,4898549.791350855
30.57742484180608,4898549.804634148
30.587424841806083,4898549.818257207
30.597424841806085,4898549.831677581
30.607424841806086,4898549.845205122
30.617424841806088,4898549.859818993
30.62742484180609,4898549.874540074
30.63742484180609,4898549.889023151
30.647424841806092,4898549.902868797
30.657424841806094,4898549.916484852
30.667424841806096,4898549.930366925
30.677424841806097,4898549.944264737
30.6874248418061,4898549.958126312
30.6974248418061,4898549.971422974
30.7074248418061,4898549.984328471
30.717424841806103,4898549.998693442
30.727424841806105,4898550.012716184
30.737424841806106,4898550.026232195
30.747424841806108,4898550.040076929
30.75742484180611,4898550.054549781
30.76742484180611,4898550.067762205
30.777424841806113,4898550.080728875
30.787424841806114,4898550.094471622
30.797424841806116,4898550.108130697
30.807424841806117,4898550.122376108
30.81742484180612,4898550.136382722
30.82742484180612,4898550.149904221
30.837424841806122,4898550.163461538
30.847424841806124,4898550.177212246
30.857424841806125,4898550.190738701
30.867424841806127,4898550.203796456
30.87742484180613,4898550.217029752
30.88742484180613,4898550.229928363
30.89742484180613,4898550.243272546
30.907424841806133,4898550.25695302
30.917424841806135,4898550.270336046
30.927424841806136,4898550.283304793
30.937424841806138,4898550.296861356
30.94742484180614,4898550.310053335
30.95742484180614,4898550.323058954
30.967424841806142,4898550.335935173
30.977424841806144,4898550.349447197
30.987424841806146,4898550.36334083
30.997424841806147,4898550.376800192
31.00742484180615,4898550.390907279
31.01742484180615,4898550.404347652
31.027424841806152,4898550.418031814
31.037424841806153,4898550.432277591
31.047424841806155,4898550.4455137
31.057424841806156,4898550.460702183
31.067424841806158,4898550.474427599
31.07742484180616,4898550.487935513
31.08742484180616,4898550.501532371
31.097424841806163,4898550.514382829
31.107424841806164,4898550.527277574
31.117424841806166,4898550.540415772
31.127424841806167,4898550.553665581
31.13742484180617,4898550.566926981
31.14742484180617,4898550.579924178
31.157424841806172,4898550.593258482
31.167424841806174,4898550.606690041
31.177424841806175,4898550.620120335
31.187424841806177,4898550.634066085
31.19742484180618,4898550.647150651
31.20742484180618,4898550.660719723
31.21742484180618,4898550.673841386
31.227424841806183,4898550.687443817
31.237424841806185,4898550.701058091
31.247424841806186,4898550.715089257
31.257424841806188,4898550.731016923
31.26742484180619,4898550.745328586
31.27742484180619,4898550.759698056
31.287424841806192,4898550.774078929
31.297424841806194,4898550.788380444
31.307424841806196,4898550.801189777
31.317424841806197,4898550.814920089
31.3274248418062,4898550.828417092
31.3374248418062,4898550.841844383
31.347424841806202,4898550.855203492
31.357424841806203,4898550.868116651
31.367424841806205,4898550.88135425
31.377424841806207,4898550.894659372
31.387424841806208,4898550.908137982
31.39742484180621,4898550.92235344
31.40742484180621,4898550.935690979
31.417424841806213,4898550.949532976
31.427424841806214,4898550.962989984
31.437424841806216,4898550.975799178
31.447424841806217,4898550.98942088
31.45742484180622,4898551.003599374
31.46742484180622,4898551.017436948
31.477424841806222,4898551.030966529
31.487424841806224,4898551.044094701
31.497424841806225,4898551.057342947
31.507424841806227,4898551.070305077
31.51742484180623,4898551.08363738
31.52742484180623,4898551.097545342
31.53742484180623,4898551.110291748
31.547424841806233,4898551.123914163
31.557424841806235,4898551.137591419
31.567424841806236,4898551.150880252
31.577424841806238,4898551.164159226
31.58742484180624,4898551.176972238
31.59742484180624,4898551.190542353
31.607424841806242,4898551.204483553
31.617424841806244,4898551.218277322
31.627424841806246,4898551.231834539
31.637424841806247,4898551.245425691
31.64742484180625,4898551.260025685
31.65742484180625,4898551.273721805
31.667424841806252,4898551.286967315
31.677424841806253,4898551.300602066
31.687424841806255,4898551.313298862
31.697424841806257,4898551.32639757
31.707424841806258,4898551.339793699
31.71742484180626,4898551.353165425
31.72742484180626,4898551.366327822
31.737424841806263,4898551.37943415
31.747424841806264,4898551.39314901
31.757424841806266,4898551.405981924
31.767424841806267,4898551.419536711
31.77742484180627,4898551.432714665
31.78742484180627,4898551.446118837
31.797424841806272,4898551.459749492
31.807424841806274,4898551.472968858
31.817424841806275,4898551.487158238
31.827424841806277,4898551.500438697
31.83742484180628,4898551.514010794
31.84742484180628,4898551.527700187
31.85742484180628,4898551.54159195
31.867424841806283,4898551.555364324
31.877424841806285,4898551.569095633
31.887424841806286,4898551.582536366
31.897424841806288,4898551.595998947
31.90742484180629,4898551.609077556
31.91742484180629,4898551.62254059
31.927424841806292,4898551.635529023
31.937424841806294,4898551.649077507
31.947424841806296,4898551.662181148
31.957424841806297,4898551.675578474
31.9674248418063,4898551.688813903
31.9774248418063,4898551.701927742
31.987424841806302,4898551.715068651
31.997424841806303,4898551.730154948
32.007424841806305,4898551.744338781
32.0174248418063,4898551.757803952
32.0274248418063,4898551.771101231
32.0374248418063,4898551.785329673
32.0474248418063,4898551.798374799
32.057424841806295,4898551.811725954
32.06742484180629,4898551.82487206
32.07742484180629,4898551.838692987
32.08742484180629,4898551.852382651
32.09742484180629,4898551.865603839
32.107424841806285,4898551.878362855
32.11742484180628,4898551.891883644
32.12742484180628,4898551.905870061
32.13742484180628,4898551.920439295
32.14742484180628,4898551.93448681
32.157424841806275,4898551.948941524
32.16742484180627,4898551.962948284
32.17742484180627,4898551.976529808
32.18742484180627,4898551.990460317
32.19742484180627,4898552.004893
32.207424841806265,4898552.018909491
32.21742484180626,4898552.0326488
32.22742484180626,4898552.047210247
32.23742484180626,4898552.061204966
32.24742484180626,4898552.07528734
32.257424841806255,4898552.088386489
32.26742484180625,4898552.101790828
32.27742484180625,4898552.115041516
32.28742484180625,4898552.129242606
32.29742484180625,4898552.143939788
32.307424841806245,4898552.157469083
32.31742484180624,4898552.170987309
32.32742484180624,4898552.184576613
32.33742484180624,4898552.198011479
32.34742484180624,4898552.211293139
32.357424841806235,4898552.224496603
32.36742484180623,4898552.238123158
32.37742484180623,4898552.251818186
32.38742484180623,4898552.265027766
32.39742484180623,4898552.277972801
32.407424841806225,4898552.291347413
32.41742484180622,4898552.304794356
32.42742484180622,4898552.318919229
32.43742484180622,4898552.331959766
32.44742484180622,4898552.346117608
32.457424841806215,4898552.359773686
32.46742484180621,4898552.373057139
32.47742484180621,4898552.387197958
32.48742484180621,4898552.400720778
32.49742484180621,4898552.413931356
32.507424841806206,4898552.427959303
32.5174248418062,4898552.441523362
32.5274248418062,4898552.455691312
32.5374248418062,4898552.469860004
32.5474248418062,4898552.483312694
32.557424841806196,4898552.496537929
32.567424841806194,4898552.509676834
32.57742484180619,4898552.523006649
32.58742484180619,4898552.536462778
32.59742484180619,4898552.549545281
32.607424841806186,4898552.563090521
32.617424841806184,4898552.576221703
32.62742484180618,4898552.589723941
32.63742484180618,4898552.602755454
32.64742484180618,4898552.616248308
32.657424841806176,4898552.629963303
32.667424841806174,4898552.643495088
32.67742484180617,4898552.656613138
32.68742484180617,4898552.669714542
32.69742484180617,4898552.682831554
32.707424841806166,4898552.696426343
32.717424841806164,4898552.709833246
32.72742484180616,4898552.723813786
32.73742484180616,4898552.738101992
32.74742484180616,4898552.751594616
32.757424841806156,4898552.765331719
32.767424841806154,4898552.778940715
32.77742484180615,4898552.792705944
32.78742484180615,4898552.805743801
32.79742484180615,4898552.819220405
32.807424841806146,4898552.832691138
32.817424841806144,4898552.845702861
32.82742484180614,4898552.859640581
32.83742484180614,4898552.873483271
32.84742484180614,4898552.886396064
32.857424841806136,4898552.899556111
32.867424841806134,4898552.912842647
32.87742484180613,4898552.92643519
32.88742484180613,4898552.940046601
32.89742484180613,4898552.9532722
32.907424841806126,4898552.966302621
32.917424841806124,4898552.979339836
32.92742484180612,4898552.993250327
32.93742484180612,4898553.007710254
32.94742484180612,4898553.022399962
32.957424841806116,4898553.036583187
32.967424841806114,4898553.051390906
32.97742484180611,4898553.064793981
32.98742484180611,4898553.078711842
32.99742484180611,4898553.091812048
33.007424841806106,4898553.105102011
33.017424841806104,4898553.119200516
33.0274248418061,4898553.134090555
33.0374248418061,4898553.1474848
33.0474248418061,4898553.161153244
33.057424841806096,4898553.174693035
33.067424841806094,4898553.188230678
33.07742484180609,4898553.20195367
33.08742484180609,4898553.215268844
33.09742484180609,4898553.229056487
33.107424841806086,4898553.24215525
33.117424841806084,4898553.255823436
33.12742484180608,4898553.269491165
33.13742484180608,4898553.282387649
33.14742484180608,4898553.295878079
33.157424841806076,4898553.309132574
33.167424841806074,4898553.32282361
33.17742484180607,4898553.33596201
33.18742484180607,4898553.349260069
33.19742484180607,4898553.362371011
33.207424841806066,4898553.375744668
33.217424841806064,4898553.388649806
33.22742484180606,4898553.401878331
33.23742484180606,4898553.414960526
33.24742484180606,4898553.428330342
33.257424841806056,4898553.441359606
33.267424841806054,4898553.454842714
33.27742484180605,4898553.469036745
33.28742484180605,4898553.482943275
33.29742484180605,4898553.496055521
33.307424841806046,4898553.509462009
33.317424841806044,4898553.522579855
33.32742484180604,4898553.535468616
33.33742484180604,4898553.549210995
33.34742484180604,4898553.563237942
33.357424841806036,4898553.57695719
33.367424841806034,4898553.590035616
33.37742484180603,4898553.603966916
33.38742484180603,4898553.617802935
33.39742484180603,4898553.631811676
33.40742484180603,4898553.646020426
33.417424841806024,4898553.659673816
33.42742484180602,4898553.673027072
33.43742484180602,4898553.686145022
33.44742484180602,4898553.69947845
33.45742484180602,4898553.712538263
33.467424841806015,4898553.727290833
33.47742484180601,4898553.741848984
33.48742484180601,4898553.75529804
33.49742484180601,4898553.768995957
33.50742484180601,4898553.782166346
33.517424841806005,4898553.796411246
33.527424841806,4898553.809340481
33.537424841806,4898553.822534657
33.547424841806,4898553.835692543
33.557424841806,4898553.848910388
33.567424841805995,4898553.862348042
33.57742484180599,4898553.875555489
33.58742484180599,4898553.88895102
33.59742484180599,4898553.903039657
33.60742484180599,4898553.916641808
33.617424841805985,4898553.930698918
33.62742484180598,4898553.943855373
33.63742484180598,4898553.958287415
33.64742484180598,4898553.971737591
33.65742484180598,4898553.987212382
33.667424841805975,4898554.003387552
33.67742484180597,4898554.018752246
33.68742484180597,4898554.033971025
33.69742484180597,4898554.050531738
33.70742484180597,4898554.06659367
33.717424841805965,4898554.082635893
33.72742484180596,4898554.098958239
33.73742484180596,4898554.115316105
33.74742484180596,4898554.132365964
33.75742484180596,4898554.149011532
33.767424841805955,4898554.164818715
33.77742484180595,4898554.180337489
33.78742484180595,4898554.195771339
33.79742484180595,4898554.211230029
33.80742484180595,4898554.226871538
33.817424841805945,4898554.242579224
33.82742484180594,4898554.258484832
33.83742484180594,4898554.273994314
33.84742484180594,4898554.289317288
33.85742484180594,4898554.304356832
33.867424841805935,4898554.319677059
33.87742484180593,4898554.3349618
33.88742484180593,4898554.350575756
33.89742484180593,4898554.366538745
33.90742484180593,4898554.381897272
33.917424841805925,4898554.397235852
33.92742484180592,4898554.41246676
33.93742484180592,4898554.428503854
33.94742484180592,4898554.444635763
33.95742484180592,4898554.460364262
33.967424841805915,4898554.477780228
33.97742484180591,4898554.493814744
33.98742484180591,4898554.509553273
33.99742484180591,4898554.525597335
34.00742484180591,4898554.541146623
34.017424841805905,4898554.557111177
34.0274248418059,4898554.573051282
34.0374248418059,4898554.588930944
34.0474248418059,4898554.604734537
34.0574248418059,4898554.621241347
34.067424841805895,4898554.637149328
34.07742484180589,4898554.653012927
34.08742484180589,4898554.668889795
34.09742484180589,4898554.684435516
34.10742484180589,4898554.700013494
34.117424841805885,4898554.715207471
34.12742484180588,4898554.732301403
34.13742484180588,4898554.748384791
34.14742484180588,4898554.763827088
34.15742484180588,4898554.779549225
34.167424841805875,4898554.795088094
34.17742484180587,4898554.810630798
34.18742484180587,4898554.826338197
34.19742484180587,4898554.841650051
34.20742484180587,4898554.857248016
34.217424841805865,4898554.872765683
34.22742484180586,4898554.888202329
34.23742484180586,4898554.903603159
34.24742484180586,4898554.919161574
34.25742484180586,4898554.934955698
34.267424841805855,4898554.950974241
34.27742484180585,4898554.96669285
34.28742484180585,4898554.982019044
34.29742484180585,4898554.998508404
34.30742484180585,4898555.014576888
34.317424841805845,4898555.030103372
34.32742484180584,4898555.045702562
34.33742484180584,4898555.061679186
34.34742484180584,4898555.077081192
34.35742484180584,4898555.092221434
34.367424841805835,4898555.107355854
34.37742484180583,4898555.123458396
34.38742484180583,4898555.139583676
34.39742484180583,4898555.155805018
34.40742484180583,4898555.17130121
34.417424841805826,4898555.186545081
34.42742484180582,4898555.201950308
34.43742484180582,4898555.21704012
34.44742484180582,4898555.232438359
34.45742484180582,4898555.24779943
34.467424841805816,4898555.263607462
34.477424841805814,4898555.279049394
34.48742484180581,4898555.294359465
34.49742484180581,4898555.309557369
34.50742484180581,4898555.325116309
34.517424841805806,4898555.340517189
34.527424841805804,4898555.355991269
34.5374248418058,4898555.371388103
34.5474248418058,4898555.386498613
34.5574248418058,4898555.401957512
34.567424841805796,4898555.417282192
34.577424841805794,4898555.432780394
34.58742484180579,4898555.448461994
34.59742484180579,4898555.465359524
34.60742484180579,4898555.482780439
34.617424841805786,4898555.499152849
34.627424841805784,4898555.514551618
34.63742484180578,4898555.53023932
34.64742484180578,4898555.545789992
34.65742484180578,4898555.562282764
34.667424841805776,4898555.578525193
34.677424841805774,4898555.594177548
34.68742484180577,4898555.609741685
34.69742484180577,4898555.625924646
34.70742484180577,4898555.641414438
34.717424841805766,4898555.657129097
34.727424841805764,4898555.672543096
34.73742484180576,4898555.688301534
34.74742484180576,4898555.703563807
34.75742484180576,4898555.718685197
34.767424841805756,4898555.736021521
34.777424841805754,4898555.751655042
34.78742484180575,4898555.767228458
34.79742484180575,4898555.782786307
34.80742484180575,4898555.798014053
34.817424841805746,4898555.812964642
34.827424841805744,4898555.828228205
34.83742484180574,4898555.843273498
34.84742484180574,4898555.858694808
34.85742484180574,4898555.873669252
34.867424841805736,4898555.889005732
34.877424841805734,4898555.90419154
34.88742484180573,4898555.919759041
34.89742484180573,4898555.935734856
34.90742484180573,4898555.951475994
34.917424841805726,4898555.967297726
34.927424841805724,4898555.98251524
34.93742484180572,4898555.998895238
34.94742484180572,4898556.015253536
34.95742484180572,4898556.032499475
34.967424841805716,4898556.050306669
34.977424841805714,4898556.068524131
34.98742484180571,4898556.086137725
34.99742484180571,4898556.103828755
35.00742484180571,4898556.122496264
35.017424841805706,4898556.140933924
35.027424841805704,4898556.158818875
35.0374248418057,4898556.175842155
35.0474248418057,4898556.192690434
35.0574248418057,4898556.209987789
35.067424841805696,4898556.227421633
35.077424841805694,4898556.245192475
35.08742484180569,4898556.264302511
35.09742484180569,4898556.2824932
35.10742484180569,4898556.299653912
35.117424841805686,4898556.316969208
35.127424841805684,4898556.334160906
35.13742484180568,4898556.351409783
35.14742484180568,4898556.368523106
35.15742484180568,4898556.385162859
35.167424841805676,4898556.402256009
35.177424841805674,4898556.419291379
35.18742484180567,4898556.436577435
35.19742484180567,4898556.453866281
35.20742484180567,4898556.47157896
35.217424841805666,4898556.488942085
35.227424841805664,4898556.505890007
35.23742484180566,4898556.523404636
35.24742484180566,4898556.540457565
35.25742484180566,4898556.557661659
35.267424841805656,4898556.574848445
35.277424841805654,4898556.592142469
35.28742484180565,4898556.609332592
35.29742484180565,4898556.627257732
35.30742484180565,4898556.644496957
35.31742484180565,4898556.662023452
35.32242484180564,4898556.682991806
35.32742484180564,4898556.703425178
35.33242484180563,4898556.724804777
35.33742484180563,4898556.746885266
35.342424841805624,4898556.767963939
35.34742484180562,4898556.789770409
35.35466352376683,4898556.836218461
35.36466352376683,4898556.869781508
35.37255491111061,4898556.909501238
35.380446298454395,4898556.929034641
35.3854462984544,4898556.951658003
35.39044629845439,4898556.974165217
35.39544629845439,4898556.996646043
35.40044629845438,4898557.018932972
35.40544629845438,4898557.043982998
35.410446298454374,4898557.076178876
35.41544629845437,4898557.100611475
35.420446298454365,4898557.123188486
35.42294629845436,4898557.14908507
35.42544629845436,4898557.176040294
35.43293290964141,4898557.22668978
35.44293290964141,4898557.256633812
35.452932909641405,4898557.277665533
35.4629329096414,4898557.298044096
35.4729329096414,4898557.318007705
35.4829329096414,4898557.337757322
35.4929329096414,4898557.357414851
35.502932909641395,4898557.376878279
35.51293290964139,4898557.39605536
35.52293290964139,4898557.414868124
35.53293290964139,4898557.434142542
35.54293290964139,4898557.453186605
35.552932909641385,4898557.47261719
35.56293290964138,4898557.491915149
35.57293290964138,4898557.510620353
35.58293290964138,4898557.529771635
35.59293290964138,4898557.549025945
35.602932909641375,4898557.568948361
35.61293290964137,4898557.588279243
35.62293290964137,4898557.607214725
35.63293290964137,4898557.626700041
35.64293290964137,4898557.645515943
35.652932909641365,4898557.664300137
35.66293290964136,4898557.683417803
35.67293290964136,4898557.70217943
35.68293290964136,4898557.720640504
35.69293290964136,4898557.740951624
35.702932909641355,4898557.759563467
35.71293290964135,4898557.777941537
35.72293290964135,4898557.796372802
35.73293290964135,4898557.814510939
35.74293290964135,4898557.832602047
35.752932909641345,4898557.850713074
35.76293290964134,4898557.868768047
35.77293290964134,4898557.887706771
35.78293290964134,4898557.908653203
35.79293290964134,4898557.92840895
35.802932909641335,4898557.949427991
35.81293290964133,4898557.970542835
35.82293290964133,4898557.990213154
35.83293290964133,4898558.010258218
35.84293290964133,4898558.029245159
35.852932909641325,4898558.050196767
35.86293290964132,4898558.070747754
35.87293290964132,4898558.089683938
35.88293290964132,4898558.108721703
35.89293290964132,4898558.12824327
35.902932909641315,4898558.146303735
35.91293290964131,4898558.163973668
35.92293290964131,4898558.181127269
35.93293290964131,4898558.198850532
35.94293290964131,4898558.216239345
35.952932909641305,4898558.233467313
35.9629329096413,4898558.250535941
35.9729329096413,4898558.267229076
35.9829329096413,4898558.284334342
35.9929329096413,4898558.301207866
36.002932909641295,4898558.317916903
36.01293290964129,4898558.334684297
36.02293290964129,4898558.351417391
36.03293290964129,4898558.368256017
36.04293290964129,4898558.385035668
36.052932909641285,4898558.40257222
36.06293290964128,4898558.419847753
36.07293290964128,4898558.437857631
36.08293290964128,4898558.454860651
36.09293290964128,4898558.472183247
36.102932909641275,4898558.489438418
36.11293290964127,4898558.506903211
36.12293290964127,4898558.523859473
36.13293290964127,4898558.541569923
36.14293290964127,4898558.559441721
36.152932909641265,4898558.577370957
36.16293290964126,4898558.594950136
36.17293290964126,4898558.612811373
36.18293290964126,4898558.631559451
36.19293290964126,4898558.649912427
36.202932909641255,4898558.668713139
36.21293290964125,4898558.687435605
36.22293290964125,4898558.706154828
36.23293290964125,4898558.725198966
36.24293290964125,4898558.745282287
36.252932909641245,4898558.764375891
36.26293290964124,4898558.783641491
36.27293290964124,4898558.802933513
36.28293290964124,4898558.821856578
36.29293290964124,4898558.840924194
36.302932909641235,4898558.859903654
36.31293290964123,4898558.878791309
36.32293290964123,4898558.897469325
36.33293290964123,4898558.916126083
36.34293290964123,4898558.934806616
36.352932909641225,4898558.954193869
36.36293290964122,4898558.973512012
36.37293290964122,4898558.992415523
36.38293290964122,4898559.012366185
36.39293290964122,4898559.031350601
36.402932909641216,4898559.050174445
36.41293290964121,4898559.068977339
36.42293290964121,4898559.087688748
36.43293290964121,4898559.106446931
36.44293290964121,4898559.125751096
36.452932909641206,4898559.144871776
36.462932909641204,4898559.163848108
36.4729329096412,4898559.184363165
36.4829329096412,4898559.205053499
36.4929329096412,4898559.225135136
36.502932909641196,4898559.245868046
36.512932909641194,4898559.265636747
36.52293290964119,4898559.286256021
36.53293290964119,4898559.305151828
36.54293290964119,4898559.324062662
36.552932909641186,4898559.342962016
36.562932909641184,4898559.361967496
36.57293290964118,4898559.381011844
36.58293290964118,4898559.399464727
36.59293290964118,4898559.417861623
36.602932909641176,4898559.436411657
36.612932909641174,4898559.454926489
36.62293290964117,4898559.473860338
36.63293290964117,4898559.492823104
36.64293290964117,4898559.511976412
36.652932909641166,4898559.530891
36.662932909641164,4898559.549934039
36.67293290964116,4898559.569569468
36.68293290964116,4898559.58806382
36.69293290964116,4898559.60645174
36.702932909641156,4898559.625133349
36.712932909641154,4898559.643992684
36.72293290964115,4898559.662754452
36.73293290964115,4898559.681458971
36.74293290964115,4898559.699545523
36.752932909641146,4898559.717708497
36.762932909641144,4898559.737167186
36.77293290964114,4898559.75523601
36.78293290964114,4898559.773118797
36.79293290964114,4898559.790604616
36.802932909641136,4898559.808135248
36.812932909641134,4898559.826367354
36.82293290964113,4898559.846215575
36.83293290964113,4898559.865063694
36.84293290964113,4898559.88286651
36.852932909641126,4898559.900056346
36.862932909641124,4898559.916956311
36.87293290964112,4898559.934310925
36.88293290964112,4898559.953094698
36.89293290964112,4898559.971208469
36.902932909641116,4898559.988582505
36.912932909641114,4898560.006868131
36.92293290964111,4898560.025756648
36.93293290964111,4898560.044785682
36.94293290964111,4898560.063455501
36.952932909641106,4898560.080507333
36.962932909641104,4898560.097395803
36.9729329096411,4898560.114391702
36.9829329096411,4898560.13187503
36.9929329096411,4898560.14920452
37.002932909641096,4898560.166327868
37.012932909641094,4898560.183642521
37.02293290964109,4898560.200698072
37.03293290964109,4898560.217713673
37.04293290964109,4898560.23449221
37.052932909641086,4898560.251745296
37.062932909641084,4898560.268729477
37.07293290964108,4898560.285620479
37.08293290964108,4898560.302364474
37.09293290964108,4898560.318916784
37.102932909641076,4898560.335830075
37.112932909641074,4898560.352800138
37.12293290964107,4898560.369822844
37.13293290964107,4898560.386376057
37.14293290964107,4898560.402845053
37.152932909641066,4898560.419370444
37.162932909641064,4898560.436132458
37.17293290964106,4898560.452789634
37.18293290964106,4898560.469559292
37.19293290964106,4898560.487318657
37.202932909641056,4898560.504824191
37.212932909641054,4898560.521475233
37.22293290964105,4898560.538275212
37.23293290964105,4898560.554799367
37.24293290964105,4898560.571419884
37.252932909641046,4898560.587787798
37.262932909641044,4898560.603990552
37.27293290964104,4898560.620655933
37.28293290964104,4898560.636937217
37.29293290964104,4898560.652894436
37.30293290964104,4898560.668764536
37.312932909641034,4898560.684569032
37.32293290964103,4898560.70024876
37.33293290964103,4898560.715907054
37.34293290964103,4898560.73278591
37.35293290964103,4898560.748846296
37.362932909641025,4898560.765131349
37.37293290964102,4898560.780937356
37.38293290964102,4898560.79651674
37.39293290964102,4898560.8126217
37.40293290964102,4898560.828727912
37.412932909641015,4898560.845151628
37.42293290964101,4898560.861425294
37.43293290964101,4898560.877538102
37.44293290964101,4898560.893469731
37.45293290964101,4898560.909291699
37.462932909641005,4898560.925037484
37.472932909641,4898560.941060964
37.482932909641,4898560.957436614
37.492932909641,4898560.974176545
37.502932909641,4898560.990186577
37.512932909640995,4898561.007971384
37.52293290964099,4898561.024644475
37.53293290964099,4898561.046958378
37.54293290964099,4898561.070597515
37.55293290964099,4898561.088721928
37.562932909640985,4898561.107095347
37.57293290964098,4898561.126930409
37.58293290964098,4898561.146221488
37.59293290964098,4898561.164788928
37.60293290964098,4898561.183265958
37.612932909640975,4898561.201433531
37.62293290964097,4898561.219027645
37.63293290964097,4898561.236984314
37.64293290964097,4898561.25464015
37.65293290964097,4898561.272507372
37.662932909640965,4898561.290143307
37.67293290964096,4898561.307859915
37.68293290964096,4898561.325151628
37.69293290964096,4898561.343024977
37.70293290964096,4898561.361164904
37.712932909640955,4898561.379334542
37.72293290964095,4898561.397153363
37.73293290964095,4898561.415572013
37.74293290964095,4898561.434166396
37.75293290964095,4898561.452679654
37.762932909640945,4898561.471744837
37.77293290964094,4898561.490642416
37.78293290964094,4898561.509713236
37.79293290964094,4898561.528737191
37.80293290964094,4898561.548178897
37.812932909640935,4898561.568498269
37.82293290964093,4898561.587976942
37.83293290964093,4898561.607217299
37.84293290964093,4898561.626516417
37.85293290964093,4898561.645614099
37.862932909640925,4898561.664717281
37.87293290964092,4898561.683424005
37.88293290964092,4898561.701705679
37.89293290964092,4898561.71920544
37.90293290964092,4898561.738669416
37.912932909640915,4898561.756697616
37.92293290964091,4898561.774295001
37.93293290964091,4898561.79209617
37.94293290964091,4898561.809842763
37.95293290964091,4898561.827373482
37.962932909640905,4898561.845017233
37.9729329096409,4898561.862868499
37.9829329096409,4898561.880718842
37.9929329096409,4898561.898166865
38.0029329096409,4898561.915531848
38.012932909640895,4898561.932994761
38.02293290964089,4898561.950396138
38.03293290964089,4898561.968401373
38.04293290964089,4898561.986429374
38.05293290964089,4898562.005022921
38.062932909640885,4898562.022294906
38.07293290964088,4898562.041334455
38.08293290964088,4898562.063220178
38.09293290964088,4898562.081875798
38.10293290964088,4898562.100040689
38.112932909640875,4898562.118526395
38.12293290964087,4898562.1370827
38.13293290964087,4898562.15523779
38.14293290964087,4898562.173434363
38.15293290964087,4898562.191272421
38.162932909640865,4898562.211144151
38.17293290964086,4898562.230926355
38.18293290964086,4898562.249985945
38.19293290964086,4898562.268756922
38.20293290964086,4898562.287311365
38.212932909640855,4898562.305739075
38.22293290964085,4898562.323915324
38.23293290964085,4898562.342691799
38.24293290964085,4898562.361531323
38.25293290964085,4898562.380423981
38.262932909640845,4898562.398720191
38.27293290964084,4898562.417056494
38.28293290964084,4898562.435294107
38.29293290964084,4898562.45380897
38.30293290964084,4898562.472204943
38.312932909640836,4898562.490763044
38.32293290964083,4898562.509921622
38.33293290964083,4898562.528587563
38.34293290964083,4898562.547545124
38.35293290964083,4898562.566838246
38.362932909640826,4898562.586091866
38.372932909640824,4898562.605257641
38.38293290964082,4898562.625317288
38.39293290964082,4898562.646274343
38.40293290964082,4898562.666195142
38.412932909640816,4898562.685733373
38.422932909640814,4898562.704431111
38.43293290964081,4898562.722902002
38.44293290964081,4898562.744173394
38.45293290964081,4898562.763182286
38.462932909640806,4898562.782199202
38.472932909640804,4898562.801589959
38.4829329096408,4898562.821708838
38.4929329096408,4898562.842083496
38.5029329096408,4898562.86107327
38.512932909640796,4898562.880169863
38.522932909640794,4898562.899093328
38.53293290964079,4898562.9170622
38.54293290964079,4898562.935879988
38.55293290964079,4898562.954735626
38.562932909640786,4898562.973589524
38.572932909640784,4898562.993812258
38.58293290964078,4898563.014277718
38.59293290964078,4898563.034180499
38.60293290964078,4898563.054735715
38.612932909640776,4898563.07358305
38.622932909640774,4898563.091409716
38.63293290964077,4898563.108731775
38.64293290964077,4898563.126735475
38.65293290964077,4898563.144555947
38.662932909640766,4898563.162065492
38.672932909640764,4898563.179545899
38.68293290964076,4898563.197774903
38.69293290964076,4898563.215897744
38.70293290964076,4898563.233807111
38.712932909640756,4898563.252502794
38.722932909640754,4898563.272320767
38.73293290964075,4898563.291856581
38.74293290964075,4898563.311185811
38.75293290964075,4898563.330395812
38.762932909640746,4898563.349759272
38.772932909640744,4898563.369724814
38.78293290964074,4898563.389356219
38.79293290964074,4898563.408820642
38.80293290964074,4898563.428074604
38.812932909640736,4898563.44775585
38.822932909640734,4898563.466989544
38.83293290964073,4898563.486384292
38.84293290964073,4898563.506358506
38.85293290964073,4898563.525376783
38.862932909640726,4898563.54433813
38.872932909640724,4898563.564393671
38.88293290964072,4898563.581839621
38.89293290964072,4898563.598602034
38.90293290964072,4898563.615575296
38.912932909640716,4898563.634604735
38.922932909640714,4898563.652713285
38.93293290964071,4898563.670958423
38.94293290964071,4898563.689069521
38.95293290964071,4898563.707383293
38.962932909640706,4898563.724945692
38.972932909640704,4898563.745029135
38.9829329096407,4898563.763770595
38.9929329096407,4898563.782732049
39.0029329096407,4898563.801647002
39.012932909640696,4898563.820009432
39.022932909640694,4898563.838687544
39.03293290964069,4898563.857580712
39.04293290964069,4898563.87642044
39.05293290964069,4898563.89536638
39.062932909640686,4898563.91451409
39.072932909640684,4898563.933033365
39.08293290964068,4898563.951673756
39.09293290964068,4898563.971083796
39.10293290964068,4898563.991364034
39.112932909640676,4898564.013390301
39.122932909640674,4898564.032015352
39.13293290964067,4898564.05042143
39.14293290964067,4898564.06921392
39.15293290964067,4898564.087245836
39.162932909640666,4898564.105250663
39.172932909640664,4898564.12483116
39.18293290964066,4898564.143293942
39.19293290964066,4898564.161026171
39.20293290964066,4898564.178810973
39.21293290964066,4898564.195674695
39.222932909640654,4898564.212786095
39.23293290964065,4898564.229716567
39.24293290964065,4898564.247087098
39.25293290964065,4898564.264451699
39.26293290964065,4898564.281702757
39.272932909640645,4898564.298784636
39.28293290964064,4898564.316294216
39.29293290964064,4898564.334291794
39.30293290964064,4898564.351768254
39.31293290964064,4898564.36882949
39.322932909640635,4898564.385771933
39.33293290964063,4898564.402627365
39.34293290964063,4898564.419736083
39.35293290964063,4898564.436624467
39.36293290964063,4898564.453454318
39.372932909640625,4898564.470374899
39.38293290964062,4898564.487265995
39.39293290964062,4898564.504075401
39.40293290964062,4898564.520800488
39.41293290964062,4898564.537540179
39.422932909640615,4898564.554744792
39.43293290964061,4898564.572241411
39.44293290964061,4898564.589792444
39.45293290964061,4898564.60722123
39.46293290964061,4898564.62458405
39.472932909640605,4898564.641726992
39.4829329096406,4898564.658944687
39.4929329096406,4898564.675815909
39.5029329096406,4898564.692865673
39.5129329096406,4898564.710718304
39.522932909640595,4898564.728851396
39.53293290964059,4898564.748285097
39.54293290964059,4898564.766473914
39.55293290964059,4898564.785691419
39.56293290964059,4898564.804571003
39.572932909640585,4898564.823646548
39.58293290964058,4898564.842728364
39.59293290964058,4898564.86196032
39.60293290964058,4898564.881158292
39.61293290964058,4898564.900302574
39.622932909640575,4898564.919433518
39.63293290964057,4898564.938467163
39.64293290964057,4898564.957871717
39.65293290964057,4898564.977052354
39.66293290964057,4898564.997229436
39.672932909640565,4898565.017714048
39.68293290964056,4898565.036591275
39.69293290964056,4898565.055230368
39.70293290964056,4898565.074294998
39.71293290964056,4898565.092926325
39.722932909640555,4898565.112228
39.73293290964055,4898565.131859165
39.74293290964055,4898565.150999554
39.75293290964055,4898565.170018249
39.76293290964055,4898565.188818817
39.772932909640545,4898565.20776334
39.78293290964054,4898565.226340465
39.79293290964054,4898565.245193562
39.80293290964054,4898565.264568816
39.81293290964054,4898565.283588031
39.822932909640535,4898565.301992357
39.83293290964053,4898565.32039189
39.84293290964053,4898565.338877294
39.85293290964053,4898565.357621147
39.86293290964053,4898565.376190475
39.872932909640525,4898565.394673649
39.88293290964052,4898565.413423322
39.89293290964052,4898565.431756101
39.90293290964052,4898565.450388562
39.91293290964052,4898565.468940278
39.922932909640515,4898565.487532798
39.93293290964051,4898565.505946015
39.94293290964051,4898565.524436153
39.95293290964051,4898565.543059387
39.96293290964051,4898565.562458723
39.972932909640505,4898565.580876245
39.9829329096405,4898565.598634555
39.9929329096405,4898565.616901654
40.0029329096405,4898565.634695644
40.0129329096405,4898565.652589702
40.022932909640495,4898565.670252195
40.03293290964049,4898565.688109848
40.04293290964049,4898565.705502492
40.05293290964049,4898565.723317116
40.06293290964049,4898565.742806793
40.072932909640485,4898565.760937619
40.08293290964048,4898565.779357146
40.09293290964048,4898565.797320619
40.10293290964048,4898565.815411785
40.11293290964048,4898565.833248232
40.122932909640475,4898565.851056084
40.13293290964047,4898565.869009786
40.14293290964047,4898565.887168269
40.15293290964047,4898565.904492697
40.16293290964047,4898565.921921897
40.172932909640465,4898565.939429426
40.18293290964046,4898565.957335924
40.19293290964046,4898565.974929365
40.20293290964046,4898565.992883078
40.21293290964046,4898566.012128368
40.222932909640456,4898566.029720953
40.23293290964045,4898566.047631629
40.24293290964045,4898566.067240508
40.25293290964045,4898566.085221767
40.26293290964045,4898566.102368882
40.272932909640446,4898566.120045431
40.282932909640444,4898566.13767636
40.29293290964044,4898566.154879435
40.30293290964044,4898566.172336087
40.31293290964044,4898566.189529324
40.322932909640436,4898566.206577065
40.332932909640434,4898566.22365968
40.34293290964043,4898566.240928006
40.35293290964043,4898566.258023907
40.36293290964043,4898566.275440843
40.372932909640426,4898566.292846269
40.382932909640424,4898566.310011226
40.39293290964042,4898566.326754602
40.40293290964042,4898566.343832275
40.41293290964042,4898566.361465198
40.422932909640416,4898566.378716104
40.432932909640414,4898566.395734423
40.44293290964041,4898566.412759798
40.45293290964041,4898566.429512635
40.46293290964041,4898566.446586124
40.472932909640406,4898566.464283991
40.482932909640404,4898566.482056866
40.4929329096404,4898566.499456798
40.5029329096404,4898566.517154007
40.5129329096404,4898566.534307087
40.522932909640396,4898566.55174592
40.532932909640394,4898566.569260345
40.54293290964039,4898566.586819727
40.55293290964039,4898566.60476916
40.56293290964039,4898566.623055982
40.572932909640386,4898566.641213497
40.582932909640384,4898566.659751152
40.59293290964038,4898566.677871468
40.60293290964038,4898566.696437864
40.61293290964038,4898566.715279748
40.622932909640376,4898566.735197178
40.632932909640374,4898566.754698728
40.64293290964037,4898566.77351152
40.65293290964037,4898566.79222829
40.66293290964037,4898566.810992879
40.672932909640366,4898566.829287127
40.682932909640364,4898566.847794978
40.69293290964036,4898566.866336305
40.70293290964036,4898566.885069935
40.71293290964036,4898566.90372137
40.722932909640356,4898566.922363896
40.732932909640354,4898566.940856485
40.74293290964035,4898566.959566689
40.75293290964035,4898566.978203052
40.76293290964035,4898566.997582444
40.772932909640346,4898567.017319569
40.782932909640344,4898567.035991248
40.79293290964034,4898567.055072105
40.80293290964034,4898567.073785317
40.81293290964034,4898567.092410547
40.822932909640336,4898567.11071134
40.832932909640334,4898567.129954272
40.84293290964033,4898567.148681977
40.85293290964033,4898567.167210306
40.86293290964033,4898567.185872835
40.872932909640326,4898567.204336513
40.882932909640324,4898567.222578296
40.89293290964032,4898567.240875339
40.90293290964032,4898567.259385643
40.91293290964032,4898567.27848996
40.922932909640316,4898567.297487748
40.932932909640314,4898567.316115857
40.94293290964031,4898567.334241056
40.95293290964031,4898567.35332798
40.96293290964031,4898567.372241199
40.972932909640306,4898567.39089774
40.982932909640304,4898567.409202622
40.9929329096403,4898567.427583
41.0029329096403,4898567.446060986
41.0129329096403,4898567.465288865
41.022932909640296,4898567.485419173
41.032932909640294,4898567.506495759
41.04293290964029,4898567.527240363
41.05293290964029,4898567.54688577
41.06293290964029,4898567.567515178
41.072932909640286,4898567.58698784
41.082932909640284,4898567.60613925
41.09293290964028,4898567.625717852
41.10293290964028,4898567.645130795
41.11293290964028,4898567.664994312
41.12293290964028,4898567.684665466
41.132932909640274,4898567.703608842
41.14293290964027,4898567.722059724
41.15293290964027,4898567.742465297
41.16293290964027,4898567.761543313
41.17293290964027,4898567.78030905
41.182932909640265,4898567.79911016
41.19293290964026,4898567.817857177
41.20293290964026,4898567.836086087
41.21293290964026,4898567.854702345
41.22293290964026,4898567.873868543
41.232932909640255,4898567.89228316
41.24293290964025,4898567.91048103
41.25293290964025,4898567.928809338
41.26293290964025,4898567.947237029
41.27293290964025,4898567.966025259
41.282932909640245,4898567.984768875
41.29293290964024,4898568.004212121
41.30293290964024,4898568.023406838
41.31293290964024,4898568.043885005
41.32293290964024,4898568.066238616
41.332932909640235,4898568.089719061
41.34293290964023,4898568.107691578
41.35293290964023,4898568.125021793
41.36293290964023,4898568.142174925
41.37293290964023,4898568.158684098
41.382932909640225,4898568.175959394
41.39293290964022,4898568.193672907
41.40293290964022,4898568.21256815
41.41293290964022,4898568.230680089
41.42293290964022,4898568.246026491
41.432932909640215,4898568.258231609
41.44293290964021,4898568.269845672
41.45293290964021,4898568.281992699
41.46293290964021,4898568.293900127
41.47293290964021,4898568.305861288
41.482932909640205,4898568.317614131
41.4929329096402,4898568.328832011
41.5029329096402,4898568.340569052
41.5129329096402,4898568.352779999
41.5229329096402,4898568.364432478
41.532932909640195,4898568.376222526
41.533557909640194,4898568.398811648
41.53668290964019,4898568.425018287
41.54668290964019,4898568.445974796
41.55668290964019,4898568.463085889
41.566682909640186,4898568.480948124
41.57668290964018,4898568.497182677
41.58668290964018,4898568.512643162
41.591682909640184,4898568.530402936
41.59418290964018,4898568.550384921
41.59480790964018,4898568.575936614
41.59793290964018,4898568.609279702
41.607932909640176,4898568.634133459
41.617932909640174,4898568.653305731
41.62793290964017,4898568.667960473
41.63793290964017,4898568.682349489
41.64793290964017,4898568.697947626
41.65793290964017,4898568.714636602
41.667932909640164,4898568.734458081
41.67793290964016,4898568.749847845
41.68793290964016,4898568.7643421
41.69793290964016,4898568.77831663
41.70793290964016,4898568.791841497
41.717932909640155,4898568.806046779
41.72793290964015,4898568.82060349
41.73793290964015,4898568.834747184
41.74793290964015,4898568.849070574
41.75793290964015,4898568.869076074
41.767932909640145,4898568.883329461
41.77793290964014,4898568.897146903
41.78793290964014,4898568.910444602
41.79793290964014,4898568.923610488
41.80793290964014,4898568.937153374
41.817932909640135,4898568.950464438
41.82793290964013,4898568.964121535
41.83793290964013,4898568.979488942
41.84793290964013,4898568.997464976
41.85793290964013,4898569.012542456
41.867932909640125,4898569.026752638
41.87793290964012,4898569.040388741
41.88793290964012,4898569.054206556
41.89793290964012,4898569.069714776
41.90793290964012,4898569.085186978
41.917932909640115,4898569.102013214
41.92793290964011,4898569.118498722
41.93793290964011,4898569.134825105
41.94793290964011,4898569.151506232
41.95793290964011,4898569.16822796
41.967932909640105,4898569.184065836
41.9779329096401,4898569.200482946
41.9879329096401,4898569.216152536
41.9979329096401,4898569.231432036
42.0079329096401,4898569.246677386
42.017932909640095,4898569.261958523
42.02793290964009,4898569.276641313
42.03793290964009,4898569.291138475
42.04793290964009,4898569.306145977
42.05793290964009,4898569.321096391
42.067932909640085,4898569.334948703
42.07793290964008,4898569.349559467
42.08793290964008,4898569.364104651
42.09793290964008,4898569.37888176
42.10793290964008,4898569.392820506
42.117932909640075,4898569.406145845
42.12793290964007,4898569.420267438
42.13793290964007,4898569.433544549
42.14793290964007,4898569.446869415
42.15793290964007,4898569.46037791
42.167932909640065,4898569.474206969
42.17793290964006,4898569.48691001
42.18793290964006,4898569.50059547
42.19793290964006,4898569.515093426
42.20793290964006,4898569.528009396
42.217932909640055,4898569.540691087
42.22793290964005,4898569.555424904
42.23793290964005,4898569.569070841
42.24793290964005,4898569.582186763
42.25793290964005,4898569.595429663
42.267932909640045,4898569.608291433
42.27793290964004,4898569.621616487
42.28793290964004,4898569.635414967
42.29793290964004,4898569.649179093
42.30793290964004,4898569.66283691
42.317932909640035,4898569.676935066
42.32793290964003,4898569.690631214
42.33793290964003,4898569.704488872
42.34793290964003,4898569.718419573
42.35793290964003,4898569.732830188
42.367932909640025,4898569.748409175
42.37793290964002,4898569.762449178
42.38793290964002,4898569.776512739
42.39793290964002,4898569.790502975
42.40793290964002,4898569.804868734
42.417932909640015,4898569.819374859
42.42793290964001,4898569.833011447
42.43793290964001,4898569.846971852
42.44793290964001,4898569.860906801
42.45793290964001,4898569.875730955
42.467932909640005,4898569.891230638
42.47793290964,4898569.905489551
42.48793290964,4898569.919837128
42.49793290964,4898569.93311367
42.50793290964,4898569.94721587
42.517932909639995,4898569.961542467
42.52793290963999,4898569.975680731
42.53793290963999,4898569.988751708
42.54793290963999,4898570.002511686
42.55793290963999,4898570.015604228
42.567932909639985,4898570.028314209
42.57793290963998,4898570.041553267
42.58793290963998,4898570.05606439
42.59793290963998,4898570.070246334
42.60793290963998,4898570.083131151
42.617932909639975,4898570.096137073
42.62793290963997,4898570.108830888
42.63793290963997,4898570.123234701
42.64793290963997,4898570.137514408
42.65793290963997,4898570.151279169
42.667932909639966,4898570.164906019
42.677932909639964,4898570.178364424
42.68793290963996,4898570.191594328
42.69793290963996,4898570.20511027
42.70793290963996,4898570.219104465
42.717932909639956,4898570.232204705
42.727932909639954,4898570.245644382
42.73793290963995,4898570.259363871
42.74793290963995,4898570.273323252
42.75793290963995,4898570.287269274
42.767932909639946,4898570.301537577
42.777932909639944,4898570.316439977
42.78793290963994,4898570.330484917
42.79793290963994,4898570.344627951
42.80793290963994,4898570.358995984
42.817932909639936,4898570.372715801
42.827932909639934,4898570.38698085
42.83793290963993,4898570.400875924
42.84793290963993,4898570.414775737
42.85793290963993,4898570.428519668
42.867932909639926,4898570.442119111
42.877932909639924,4898570.455854095
42.88793290963992,4898570.469331989
42.89793290963992,4898570.482872436
42.90793290963992,4898570.495792496
42.917932909639916,4898570.510420284
42.927932909639914,4898570.523831032
42.93793290963991,4898570.536695025
42.94793290963991,4898570.549629336
42.95793290963991,4898570.562734724
42.967932909639906,4898570.576521667
42.977932909639904,4898570.589966839
42.9879329096399,4898570.602733786
42.9979329096399,4898570.615833077
43.0079329096399,4898570.628886126
43.017932909639896,4898570.641593914
43.027932909639894,4898570.6545378
43.03793290963989,4898570.668348852
43.04793290963989,4898570.681717655
43.05793290963989,4898570.695177859
43.067932909639886,4898570.708571611
43.077932909639884,4898570.721962513
43.08793290963988,4898570.735795954
43.09793290963988,4898570.749801199
43.10793290963988,4898570.762554174
43.117932909639876,4898570.77552753
43.127932909639874,4898570.788682994
43.13793290963987,4898570.80156633
43.14793290963987,4898570.814712517
43.15793290963987,4898570.827668944
43.167932909639866,4898570.840210322
43.177932909639864,4898570.852909834
43.18793290963986,4898570.865967623
43.19793290963986,4898570.879009844
43.20793290963986,4898570.891780652
43.217932909639856,4898570.904381021
43.227932909639854,4898570.917327888
43.23793290963985,4898570.929986888
43.24793290963985,4898570.942515874
43.25793290963985,4898570.955285067
43.267932909639846,4898570.968796053
43.277932909639844,4898570.98245697
43.28793290963984,4898570.997313025
43.29793290963984,4898571.01170882
43.30793290963984,4898571.026183909
43.317932909639836,4898571.040473148
43.327932909639834,4898571.056318878
43.33793290963983,4898571.073170145
43.34793290963983,4898571.088761742
43.35793290963983,4898571.103302859
43.367932909639826,4898571.118232021
43.377932909639824,4898571.133210856
43.38793290963982,4898571.14844476
43.39793290963982,4898571.16335897
43.40793290963982,4898571.17816142
43.417932909639816,4898571.193165705
43.427932909639814,4898571.207738534
43.43793290963981,4898571.222552506
43.44793290963981,4898571.237055539
43.45793290963981,4898571.25166021
43.467932909639806,4898571.266274952
43.477932909639804,4898571.281301481
43.4879329096398,4898571.296144857
43.4979329096398,4898571.310700547
43.5079329096398,4898571.326235906
43.517932909639796,4898571.341224768
43.527932909639794,4898571.356180285
43.53793290963979,4898571.371051087
43.54793290963979,4898571.386098182
43.55793290963979,4898571.400414313
43.56793290963979,4898571.414813808
43.577932909639784,4898571.428733924
43.58793290963978,4898571.442456846
43.59793290963978,4898571.456909985
43.60793290963978,4898571.470384543
43.61793290963978,4898571.483859507
43.627932909639775,4898571.497441262
43.63793290963977,4898571.511199964
43.64793290963977,4898571.52482022
43.65793290963977,4898571.537545761
43.66793290963977,4898571.550728529
43.677932909639765,4898571.564805751
43.68793290963976,4898571.578469693
43.69793290963976,4898571.591764946
43.70793290963976,4898571.604880483
43.71793290963976,4898571.61804187
43.727932909639755,4898571.63108426
43.73793290963975,4898571.644679395
43.74793290963975,4898571.658427247
43.75793290963975,4898571.672119363
43.76793290963975,4898571.686125293
43.777932909639745,4898571.700300721
43.78793290963974,4898571.71443618
43.79793290963974,4898571.728435127
43.80793290963974,4898571.744068016
43.81793290963974,4898571.758235619
43.827932909639735,4898571.772547754
43.83793290963973,4898571.786445031
43.84793290963973,4898571.800635335
43.85793290963973,4898571.815075739
43.86793290963973,4898571.828870237
43.877932909639725,4898571.84289612
43.88793290963972,4898571.85667086
43.89793290963972,4898571.87062666
43.90793290963972,4898571.884624048
43.91793290963972,4898571.89878029
43.927932909639715,4898571.912760139
43.93793290963971,4898571.926572055
43.94793290963971,4898571.940209563
43.95793290963971,4898571.954466392
43.96793290963971,4898571.968803001
43.977932909639705,4898571.982607301
43.9879329096397,4898571.997187345
43.9979329096397,4898572.011612273
44.0079329096397,4898572.025450591
44.0179329096397,4898572.039073032
44.027932909639695,4898572.053498126
44.03793290963969,4898572.068726403
44.04793290963969,4898572.083146138
44.05793290963969,4898572.097448619
44.06793290963969,4898572.110819455
44.077932909639685,4898572.124924382
44.08793290963968,4898572.138710232
44.09793290963968,4898572.152694273
44.10793290963968,4898572.166208634
44.11793290963968,4898572.179956424
44.127932909639675,4898572.193492035
44.13793290963967,4898572.206762367
44.14793290963967,4898572.220802047
44.15793290963967,4898572.234164954
44.16793290963967,4898572.247532871
44.177932909639665,4898572.261282055
44.18793290963966,4898572.275226486
44.19793290963966,4898572.288894808
44.20793290963966,4898572.302285692
44.21793290963966,4898572.315739216
44.227932909639655,4898572.329353704
44.23793290963965,4898572.34335696
44.24793290963965,4898572.357601124
44.25793290963965,4898572.371114273
44.26793290963965,4898572.38496978
44.277932909639645,4898572.398818743
44.28793290963964,4898572.412268844
44.29793290963964,4898572.425639836
44.30793290963964,4898572.438963904
44.31793290963964,4898572.452436532
44.327932909639635,4898572.465742157
44.33793290963963,4898572.479168445
44.34793290963963,4898572.493086764
44.35793290963963,4898572.507354224
44.36793290963963,4898572.521597066
44.377932909639625,4898572.534480272
44.38793290963962,4898572.547968178
44.39793290963962,4898572.560742118
44.40793290963962,4898572.573523675
44.41793290963962,4898572.586966318
44.427932909639615,4898572.600021043
44.43793290963961,4898572.613467351
44.44793290963961,4898572.62641582
44.45793290963961,4898572.639624903
44.46793290963961,4898572.653047167
44.477932909639605,4898572.666502879
44.4879329096396,4898572.679461261
44.4979329096396,4898572.692633085
44.5079329096396,4898572.705695087
44.5179329096396,4898572.718997703
44.527932909639595,4898572.732074347
44.53793290963959,4898572.746684603
44.54793290963959,4898572.760065427
44.55793290963959,4898572.772753134
44.56793290963959,4898572.785808001
44.577932909639586,4898572.798676525
44.587932909639584,4898572.812203879
44.59793290963958,4898572.825267363
44.60793290963958,4898572.837822579
44.61793290963958,4898572.850601131
44.627932909639576,4898572.863368191
44.637932909639574,4898572.876413279
44.64793290963957,4898572.889497197
44.65793290963957,4898572.904045157
44.66793290963957,4898572.917413859
44.677932909639566,4898572.930697481
44.687932909639564,4898572.944233766
44.69793290963956,4898572.957673219
44.70793290963956,4898572.970589371
44.71793290963956,4898572.984057616
44.727932909639556,4898572.997628489
44.737932909639554,4898573.010775273
44.74793290963955,4898573.024284363
44.75793290963955,4898573.038725245
44.76793290963955,4898573.053611589
44.777932909639546,4898573.068176348
44.787932909639544,4898573.081767689
44.79793290963954,4898573.095408909
44.80793290963954,4898573.108690403
44.81793290963954,4898573.12246264
44.827932909639536,4898573.135273315
44.837932909639534,4898573.148624567
44.84793290963953,4898573.161557133
44.85793290963953,4898573.17457892
44.86793290963953,4898573.187824001
44.877932909639526,4898573.201321036
44.887932909639524,4898573.214115681
44.89793290963952,4898573.226825155
44.90793290963952,4898573.239526366
44.91793290963952,4898573.252373692
44.927932909639516,4898573.265302494
44.937932909639514,4898573.27853583
44.94793290963951,4898573.292219723
44.95793290963951,4898573.305032928
44.96793290963951,4898573.318175361
44.977932909639506,4898573.330927042
44.987932909639504,4898573.343864927
44.9979329096395,4898573.357394142
45.0079329096395,4898573.370222445
45.0179329096395,4898573.383831182
45.027932909639496,4898573.39729454
45.037932909639494,4898573.409926491
45.04793290963949,4898573.423457029
45.05793290963949,4898573.435998417
45.06793290963949,4898573.44878168
45.077932909639486,4898573.461624983
45.087932909639484,4898573.474647432
45.09793290963948,4898573.487815122
45.10793290963948,4898573.500874145
45.11793290963948,4898573.51367577
45.127932909639476,4898573.526649777
45.137932909639474,4898573.539973673
45.14793290963947,4898573.553839328
45.15793290963947,4898573.567565824
45.16793290963947,4898573.580961209
45.177932909639466,4898573.594251598
45.187932909639464,4898573.607118958
45.19793290963946,4898573.620235637
45.20793290963946,4898573.632963381
45.21793290963946,4898573.645907416
45.227932909639456,4898573.659008799
45.237932909639454,4898573.671983622
45.24793290963945,4898573.685045501
45.25793290963945,4898573.697930925
45.26793290963945,4898573.711044924
45.277932909639446,4898573.724222999
45.287932909639444,4898573.73819679
45.29793290963944,4898573.751929748
45.30793290963944,4898573.765218984
45.31793290963944,4898573.778740527
45.327932909639436,4898573.791713702
45.337932909639434,4898573.804488387
45.34793290963943,4898573.817656266
45.35793290963943,4898573.83036599
45.36793290963943,4898573.842812804
45.377932909639426,4898573.855979904
45.387932909639424,4898573.868874307
45.39793290963942,4898573.882252326
45.40793290963942,4898573.895176009
45.41793290963942,4898573.908250076
45.427932909639416,4898573.921533045
45.437932909639414,4898573.934504937
45.44793290963941,4898573.947142501
45.45793290963941,4898573.960080416
45.46793290963941,4898573.972734016
45.47793290963941,4898573.985561496
45.487932909639404,4898573.999505885
45.4979329096394,4898574.012650492
45.5079329096394,4898574.025291231
45.5179329096394,4898574.038455609
45.5279329096394,4898574.051674688
45.537932909639395,4898574.067395503
45.54793290963939,4898574.081821194
45.55793290963939,4898574.095032321
45.56793290963939,4898574.107903621
45.57793290963939,4898574.121698914
45.587932909639385,4898574.135124771
45.59793290963938,4898574.148434011
45.60793290963938,4898574.161395573
45.61793290963938,4898574.174537489
45.62793290963938,4898574.188244291
45.637932909639375,4898574.201651321
45.64793290963937,4898574.214924703
45.65793290963937,4898574.228167661
45.66793290963937,4898574.241511424
45.67793290963937,4898574.255452476
45.687932909639365,4898574.269034071
45.69793290963936,4898574.283045069
45.70793290963936,4898574.296656588
45.71793290963936,4898574.309936704
45.72793290963936,4898574.323505338
45.737932909639355,4898574.336732225
45.74793290963935,4898574.35068219
45.75793290963935,4898574.365075659
45.76793290963935,4898574.378978516
45.77793290963935,4898574.391976312
45.787932909639345,4898574.404951861
45.79793290963934,4898574.418399101
45.80793290963934,4898574.431175317
45.81793290963934,4898574.443860096
45.82793290963934,4898574.456688653
45.837932909639335,4898574.469536654
45.84793290963933,4898574.482864485
45.85793290963933,4898574.495928337
45.86793290963933,4898574.508601874
45.87793290963933,4898574.521441336
45.887932909639325,4898574.534357907
45.89793290963932,4898574.546921495
45.90793290963932,4898574.5597706
45.91793290963932,4898574.572946219
45.92793290963932,4898574.58601847
45.937932909639315,4898574.599347072
45.94793290963931,4898574.612295758
45.95793290963931,4898574.625744808
45.96793290963931,4898574.638424329
45.97793290963931,4898574.651395439
45.987932909639305,4898574.664585832
45.9979329096393,4898574.678084082
46.0079329096393,4898574.692094514
46.0179329096393,4898574.705143744
46.0279329096393,4898574.718047706
46.037932909639295,4898574.73078246
46.04793290963929,4898574.745384731
46.05793290963929,4898574.758653241
46.06793290963929,4898574.772721857
46.07793290963929,4898574.785942542
46.087932909639285,4898574.799069868
46.09793290963928,4898574.812159923
46.10793290963928,4898574.825283957
46.11793290963928,4898574.838121554
46.12793290963928,4898574.851426718
46.137932909639275,4898574.864358835
46.14793290963927,4898574.877601821
46.15793290963927,4898574.890881677
46.16793290963927,4898574.903734639
46.17793290963927,4898574.917047752
46.187932909639265,4898574.930585819
46.19793290963926,4898574.943909968
46.20793290963926,4898574.957089878
46.21793290963926,4898574.970266585
46.22793290963926,4898574.983252873
46.237932909639255,4898574.997367378
46.24793290963925,4898575.011166142
46.25793290963925,4898575.024793829
46.26793290963925,4898575.037343696
46.27793290963925,4898575.050278393
46.287932909639245,4898575.063191153
46.29793290963924,4898575.076669448
46.30793290963924,4898575.090545077
46.31793290963924,4898575.104587255
46.32793290963924,4898575.119663744
46.337932909639235,4898575.135659634
46.34793290963923,4898575.150137549
46.35793290963923,4898575.16338376
46.36793290963923,4898575.176930405
46.37793290963923,4898575.190620447
46.387932909639225,4898575.20402865
46.39793290963922,4898575.217409735
46.40793290963922,4898575.230192609
46.41793290963922,4898575.242789892
46.42793290963922,4898575.255783846
46.437932909639215,4898575.268637394
46.44793290963921,4898575.281584065
46.45793290963921,4898575.295420584
46.46793290963921,4898575.308939339
46.47793290963921,4898575.322462508
46.487932909639206,4898575.336328716
46.497932909639204,4898575.349984734
46.5079329096392,4898575.364375287
46.5179329096392,4898575.378600598
46.5279329096392,4898575.392793357
46.537932909639196,4898575.406758027
46.547932909639194,4898575.420271177
46.55793290963919,4898575.434140528
46.56793290963919,4898575.447420553
46.57793290963919,4898575.461254144
46.587932909639186,4898575.475141066
46.597932909639184,4898575.488734806
46.60793290963918,4898575.502493668
46.61793290963918,4898575.516211595
46.62793290963918,4898575.529955172
46.637932909639176,4898575.543176094
46.647932909639174,4898575.557613689
46.65793290963917,4898575.571656162
46.66793290963917,4898575.585678168
46.67793290963917,4898575.599142749
46.687932909639166,4898575.61311857
46.697932909639164,4898575.627042491
46.70793290963916,4898575.639891988
46.71793290963916,4898575.652906071
46.72793290963916,4898575.665944735
46.737932909639156,4898575.679424465
46.747932909639154,4898575.693056786
46.75793290963915,4898575.706393553
46.76793290963915,4898575.719785704
46.77793290963915,4898575.732461099
46.787932909639146,4898575.746987895
46.797932909639144,4898575.759967942
46.80793290963914,4898575.77277823
46.81793290963914,4898575.785911742
46.82793290963914,4898575.799021184
46.837932909639136,4898575.812193238
46.847932909639134,4898575.825687442
46.85793290963913,4898575.838605366
46.86793290963913,4898575.851983137
46.87793290963913,4898575.864740046
46.887932909639126,4898575.877807462
46.897932909639124,4898575.890844758
46.90793290963912,4898575.904140535
46.91793290963912,4898575.916985999
46.92793290963912,4898575.929919066
46.937932909639116,4898575.942765553
46.947932909639114,4898575.955609746
46.95793290963911,4898575.968388744
46.96793290963911,4898575.981377248
46.97793290963911,4898575.995391724
46.987932909639106,4898576.009111865
46.997932909639104,4898576.022030166
47.0079329096391,4898576.034735357
47.0179329096391,4898576.047346923
47.0279329096391,4898576.061415476
47.037932909639096,4898576.076252636
47.047932909639094,4898576.090929543
47.05793290963909,4898576.104499308
47.06793290963909,4898576.117735087
47.07793290963909,4898576.130985303
47.087932909639086,4898576.14439991
47.097932909639084,4898576.158502377
47.10793290963908,4898576.172167176
47.11793290963908,4898576.185827703
47.12793290963908,4898576.198675314
47.137932909639076,4898576.211243041
47.147932909639074,4898576.224126893
47.15793290963907,4898576.237251443
47.16793290963907,4898576.249968997
47.17793290963907,4898576.262929418
47.187932909639066,4898576.276037522
47.197932909639064,4898576.289227863
47.20793290963906,4898576.301951104
47.21793290963906,4898576.314751702
47.22793290963906,4898576.327518967
47.237932909639056,4898576.340358843
47.247932909639054,4898576.353945061
47.25793290963905,4898576.367574768
47.26793290963905,4898576.381143851
47.27793290963905,4898576.394381021
47.287932909639046,4898576.40722593
47.297932909639044,4898576.420438379
47.30793290963904,4898576.433293789
47.31793290963904,4898576.446137543
47.32793290963904,4898576.459217738
47.337932909639036,4898576.472410303
47.347932909639034,4898576.485263377
47.35793290963903,4898576.498096782
47.36793290963903,4898576.51115864
47.37793290963903,4898576.524710437
47.38793290963903,4898576.537700326
47.397932909639025,4898576.550381588
47.40793290963902,4898576.563290308
47.41793290963902,4898576.576656573
47.42793290963902,4898576.589946517
47.43793290963902,4898576.602758038
47.447932909639015,4898576.615777088
47.45793290963901,4898576.628916349
47.46793290963901,4898576.641828853
47.47793290963901,4898576.655314439
47.48793290963901,4898576.668525168
47.497932909639005,4898576.681629121
47.507932909639,4898576.695201261
47.517932909639,4898576.708363273
47.527932909639,4898576.721808771
47.537932909639,4898576.736404805
47.547932909638995,4898576.750639967
47.55793290963899,4898576.764191801
47.56793290963899,4898576.777588566
47.57793290963899,4898576.790793213
47.58793290963899,4898576.804119878
47.597932909638985,4898576.817953525
47.60793290963898,4898576.831403448
47.61793290963898,4898576.844632498
47.62793290963898,4898576.857487937
47.63793290963898,4898576.8706664
47.647932909638975,4898576.883752958
47.65793290963897,4898576.896855717
47.66793290963897,4898576.909650131
47.67793290963897,4898576.922348983
47.68793290963897,4898576.935470855
47.697932909638965,4898576.948216954
47.70793290963896,4898576.961392398
47.71793290963896,4898576.974296977
47.72793290963896,4898576.987537282
47.73793290963896,4898577.001653821
47.747932909638955,4898577.015205313
47.75793290963895,4898577.028518111
47.76793290963895,4898577.041364259
47.77793290963895,4898577.054540345
47.78793290963895,4898577.068189649
47.797932909638945,4898577.082639675
47.80793290963894,4898577.097018938
47.81793290963894,4898577.110657227
47.82793290963894,4898577.124451691
47.83793290963894,4898577.138533927
47.847932909638935,4898577.152886674
47.85793290963893,4898577.166086645
47.86793290963893,4898577.180215813
47.87793290963893,4898577.193873763
47.88793290963893,4898577.208306379
47.897932909638925,4898577.222391821
47.90793290963892,4898577.236669753
47.91793290963892,4898577.249660895
47.92793290963892,4898577.262471564
47.93793290963892,4898577.275348386
47.947932909638915,4898577.288273888
47.95793290963891,4898577.301136114
47.96793290963891,4898577.313837253
47.97793290963891,4898577.327146099
47.98793290963891,4898577.339845896
47.997932909638905,4898577.35370733
48.0079329096389,4898577.367633349
48.0179329096389,4898577.381544494
48.0279329096389,4898577.395399424
48.0379329096389,4898577.40859685
48.047932909638895,4898577.421543834
48.05793290963889,4898577.434876074
48.06793290963889,4898577.447853409
48.07793290963889,4898577.461790347
48.08793290963889,4898577.474944321
48.097932909638885,4898577.488359024
48.10793290963888,4898577.501472925
48.11793290963888,4898577.514355139
48.12793290963888,4898577.527731245
48.13793290963888,4898577.54049493
48.147932909638875,4898577.554553357
48.15793290963887,4898577.568349981
48.16793290963887,4898577.581945042
48.17793290963887,4898577.595489218
48.18793290963887,4898577.608894707
48.197932909638865,4898577.622814958
48.20793290963886,4898577.636103597
48.21793290963886,4898577.650737778
48.22793290963886,4898577.664590003
48.23793290963886,4898577.678584253
48.247932909638855,4898577.69285457
48.25793290963885,4898577.706684563
48.26793290963885,4898577.719564005
48.27793290963885,4898577.732543885
48.28793290963885,4898577.747300375
48.297932909638845,4898577.760672791
48.30793290963884,4898577.773793511
48.31793290963884,4898577.787367363
48.32793290963884,4898577.801067394
48.33793290963884,4898577.814277501
48.347932909638835,4898577.827963097
48.35793290963883,4898577.84150396
48.36793290963883,4898577.854465098
48.37793290963883,4898577.867782327
48.38793290963883,4898577.880953708
48.397932909638826,4898577.894635954
48.407932909638824,4898577.908474184
48.41793290963882,4898577.922223405
48.42793290963882,4898577.936181528
48.43793290963882,4898577.949007781
48.447932909638816,4898577.961994542
48.457932909638814,4898577.975296506
48.46793290963881,4898577.988723325
48.47793290963881,4898578.003256999
48.48793290963881,4898578.01661416
48.497932909638806,4898578.029860728
48.507932909638804,4898578.042697623
48.5179329096388,4898578.056272019
48.5279329096388,4898578.070450089
48.5379329096388,4898578.084317933
48.547932909638796,4898578.098132088
48.557932909638794,4898578.11192874
48.56793290963879,4898578.125912948
48.57793290963879,4898578.139255489
48.58793290963879,4898578.152353616
48.597932909638786,4898578.165977033
48.607932909638784,4898578.179672656
48.61793290963878,4898578.193234888
48.62793290963878,4898578.207299513
48.63793290963878,4898578.220678539
48.647932909638776,4898578.234059544
48.657932909638774,4898578.247301826
48.66793290963877,4898578.260807096
48.67793290963877,4898578.273794888
48.68793290963877,4898578.287029493
48.697932909638766,4898578.300260676
48.707932909638764,4898578.313141877
48.71793290963876,4898578.326277889
48.72793290963876,4898578.339520434
48.73793290963876,4898578.353328534
48.747932909638756,4898578.36697346
48.757932909638754,4898578.380236074
48.76793290963875,4898578.393319063
48.77793290963875,4898578.406859994
48.78793290963875,4898578.420151439
48.797932909638746,4898578.433228985
48.807932909638744,4898578.446222223
48.81793290963874,4898578.459407338
48.82793290963874,4898578.472608098
48.83793290963874,4898578.486231335
48.847932909638736,4898578.500291663
48.857932909638734,4898578.513366549
48.86793290963873,4898578.526975211
48.87793290963873,4898578.540057791
48.88793290963873,4898578.553429178
48.897932909638726,4898578.567066795
48.907932909638724,4898578.58034313
48.91793290963872,4898578.593634617
48.92793290963872,4898578.607200172
48.93793290963872,4898578.620800231
48.947932909638716,4898578.634382192
48.957932909638714,4898578.647871521
48.96793290963871,4898578.661911156
48.97793290963871,4898578.675210178
48.98793290963871,4898578.688901658
48.997932909638706,4898578.702154872
49.007932909638704,4898578.715464325
49.0179329096387,4898578.729098109
49.0279329096387,4898578.743684079
49.0379329096387,4898578.757623858
49.047932909638696,4898578.771068213
49.057932909638694,4898578.785108743
49.06793290963869,4898578.798927316
49.07793290963869,4898578.812441156
49.08793290963869,4898578.826092516
49.097932909638686,4898578.839727634
49.107932909638684,4898578.853688262
49.11793290963868,4898578.86694988
49.12793290963868,4898578.88029494
49.13793290963868,4898578.893565364
49.147932909638676,4898578.907016267
49.157932909638674,4898578.920155436
49.16793290963867,4898578.933644043
49.17793290963867,4898578.946879346
49.18793290963867,4898578.960450625
49.197932909638666,4898578.973880323
49.207932909638664,4898578.987484516
49.21793290963866,4898579.002039401
49.22793290963866,4898579.015736179
49.23793290963866,4898579.029193072
49.247932909638656,4898579.042336229
49.257932909638654,4898579.055751609
49.26793290963865,4898579.069249263
49.27793290963865,4898579.082851364
49.28793290963865,4898579.096266859
49.29793290963865,4898579.109835356
49.307932909638645,4898579.123813197
49.31793290963864,4898579.137326359
49.32793290963864,4898579.151099698
49.33793290963864,4898579.164753488
49.34793290963864,4898579.178144139
49.357932909638635,4898579.191868601
49.36793290963863,4898579.205512617
49.37793290963863,4898579.219258843
49.38793290963863,4898579.233204859
49.39793290963863,4898579.246252939
49.407932909638625,4898579.259463308
49.41793290963862,4898579.272799507
49.42793290963862,4898579.286348864
49.43793290963862,4898579.300515924
49.44793290963862,4898579.313761799
49.457932909638615,4898579.327354099
49.46793290963861,4898579.340794723
49.47793290963861,4898579.354322563
49.48793290963861,4898579.367470957
49.49793290963861,4898579.381321308
49.507932909638605,4898579.394507282
49.5179329096386,4898579.408613705
49.5279329096386,4898579.421918177
49.5379329096386,4898579.435323723
49.5479329096386,4898579.448623181
49.557932909638595,4898579.462168463
49.56793290963859,4898579.475434545
49.57793290963859,4898579.488833027
49.58793290963859,4898579.502283731
49.59793290963859,4898579.5153202
49.607932909638585,4898579.529229529
49.61793290963858,4898579.542230898
49.62793290963858,4898579.556209952
49.63793290963858,4898579.570386782
49.64793290963858,4898579.583977955
49.657932909638575,4898579.597449473
49.66793290963857,4898579.61112175
49.67793290963857,4898579.625181519
49.68793290963857,4898579.639040652
49.69793290963857,4898579.652814875
49.707932909638565,4898579.666137061
49.71793290963856,4898579.679851073
49.72793290963856,4898579.693617905
49.73793290963856,4898579.707330457
49.74793290963856,4898579.720406859
49.757932909638555,4898579.733525375
49.76793290963855,4898579.748495053
49.77793290963855,4898579.762170809
49.78793290963855,4898579.77529447
49.79793290963855,4898579.788750594
49.807932909638545,4898579.802208755
49.81793290963854,4898579.815633962
49.82793290963854,4898579.829197313
49.83793290963854,4898579.842494367
49.84793290963854,4898579.85629273
49.857932909638535,4898579.86967662
49.86793290963853,4898579.882983885
49.87793290963853,4898579.896396461
49.88793290963853,4898579.90991338
49.89793290963853,4898579.922998243
49.907932909638525,4898579.936530738
49.91793290963852,4898579.949574981
49.92793290963852,4898579.963077398
49.93793290963852,4898579.976888869
49.94793290963852,4898579.990311332
49.957932909638515,4898580.005134355
49.96793290963851,4898580.018415959
49.97793290963851,4898580.031668319
49.98793290963851,4898580.044733253
49.99793290963851,4898580.058389243
50.007932909638505,4898580.07307017
50.0179329096385,4898580.087236284
50.0279329096385,4898580.100891304
50.0379329096385,4898580.114698485
50.0479329096385,4898580.128686785
50.057932909638495,4898580.14227026
50.06793290963849,4898580.155705277
50.07793290963849,4898580.169090325
50.08793290963849,4898580.182532621
50.09793290963849,4898580.196380065
50.107932909638485,4898580.210006277
50.11793290963848,4898580.223199108
50.12793290963848,4898580.237105453
50.13793290963848,4898580.251274026
50.14793290963848,4898580.265814261
50.157932909638475,4898580.279601545
50.16793290963847,4898580.293547431
50.172932909638476,4898580.310024529
50.182932909638474,4898580.335982484
50.19293290963847,4898580.354662161
50.20293290963847,4898580.372772143
50.21293290963847,4898580.39095055
50.222932909638466,4898580.409926607
50.232932909638464,4898580.428484109
50.24293290963846,4898580.44660872
50.25293290963846,4898580.465958913
50.26293290963846,4898580.482886747
50.272932909638456,4898580.503738142
50.282932909638454,4898580.523281569
50.28543290963845,4898580.546549163
50.290432909638454,4898580.583125043
50.29917061462565,4898580.609116808
50.30917061462565,4898580.626325936
50.31917061462565,4898580.642972754
50.329170614625646,4898580.659070221
50.339170614625644,4898580.675269493
50.34917061462564,4898580.691704576
50.35917061462564,4898580.708235966
50.36917061462564,4898580.724290305
50.379170614625636,4898580.741490954
50.389170614625634,4898580.761008746
50.39917061462563,4898580.77847427
50.40917061462563,4898580.795245962
50.41917061462563,4898580.811944654
50.429170614625626,4898580.828339894
50.439170614625624,4898580.845912741
50.44917061462562,4898580.864239606
50.45917061462562,4898580.882314636
50.46917061462562,4898580.898585701
50.479170614625616,4898580.914596935
50.489170614625614,4898580.931339079
50.49917061462561,4898580.948735543
50.50917061462561,4898580.965284791
50.51917061462561,4898580.98326126
50.529170614625606,4898581.002402151
50.539170614625604,4898581.022070603
50.5491706146256,4898581.038200789
50.5591706146256,4898581.055478444
50.5691706146256,4898581.071585155
50.579170614625596,4898581.087577502
50.589170614625594,4898581.106049365
50.59917061462559,4898581.123528253
50.60917061462559,4898581.140423143
50.61917061462559,4898581.157949758
50.629170614625586,4898581.174077672
50.639170614625584,4898581.190135578
50.64917061462558,4898581.207671935
50.65917061462558,4898581.224454295
50.66917061462558,4898581.240679603
50.679170614625576,4898581.256895321
50.689170614625574,4898581.272757711
50.69917061462557,4898581.288735203
50.70917061462557,4898581.306456419
50.71917061462557,4898581.322622687
50.729170614625566,4898581.338603117
50.739170614625564,4898581.354535018
50.74917061462556,4898581.370260929
50.75917061462556,4898581.386396292
50.76917061462556,4898581.402556514
50.779170614625556,4898581.418290298
50.789170614625554,4898581.43450341
50.79917061462555,4898581.450199659
50.80917061462555,4898581.4669793
50.81917061462555,4898581.483589233
50.829170614625546,4898581.49983164
50.839170614625544,4898581.516132833
50.84917061462554,4898581.533386557
50.85917061462554,4898581.549288788
50.86917061462554,4898581.565600893
50.87917061462554,4898581.581509935
50.889170614625534,4898581.597207015
50.89917061462553,4898581.613109909
50.90917061462553,4898581.628631859
50.91917061462553,4898581.64402618
50.92917061462553,4898581.659434257
50.939170614625525,4898581.674559872
50.94917061462552,4898581.690010948
50.95917061462552,4898581.705447079
50.96917061462552,4898581.720602716
50.97917061462552,4898581.736561084
50.989170614625515,4898581.754082314
50.99917061462551,4898581.769836206
51.00917061462551,4898581.785549938
51.01917061462551,4898581.801411443
51.02917061462551,4898581.81709617
51.039170614625505,4898581.833056904
51.0491706146255,4898581.848488633
51.0591706146255,4898581.86418448
51.0691706146255,4898581.879901712
51.0791706146255,4898581.895936515
51.089170614625495,4898581.912031648
51.09917061462549,4898581.927716847
51.10917061462549,4898581.943738045
51.11917061462549,4898581.959314448
51.12917061462549,4898581.975303158
51.139170614625485,4898581.990988657
51.14917061462548,4898582.008380704
51.15917061462548,4898582.025193836
51.16917061462548,4898582.041317343
51.17917061462548,4898582.057420522
51.189170614625475,4898582.074608233
51.19917061462547,4898582.090322724
51.20917061462547,4898582.10627843
51.21917061462547,4898582.122429333
51.22917061462547,4898582.138501749
51.239170614625465,4898582.153709622
51.24917061462546,4898582.169423989
51.25917061462546,4898582.18456647
51.26917061462546,4898582.200260586
51.27917061462546,4898582.215863051
51.289170614625455,4898582.23113191
51.29917061462545,4898582.247156037
51.30917061462545,4898582.262838343
51.31917061462545,4898582.278267779
51.32917061462545,4898582.294322909
51.339170614625445,4898582.309719902
51.34917061462544,4898582.325914002
51.35917061462544,4898582.340960609
51.36917061462544,4898582.355904649
51.37917061462544,4898582.371393589
51.389170614625435,4898582.386653042
51.39917061462543,4898582.40230059
51.40917061462543,4898582.419417277
51.41917061462543,4898582.437143724
51.42917061462543,4898582.454063876
51.439170614625425,4898582.472159987
51.44917061462542,4898582.490522906
51.45917061462542,4898582.508673645
51.46917061462542,4898582.525520508
51.47917061462542,4898582.542270799
51.489170614625415,4898582.558398664
51.49917061462541,4898582.574511676
51.50917061462541,4898582.590655626
51.51917061462541,4898582.607103697
51.52917061462541,4898582.6240673
51.539170614625405,4898582.640207588
51.5491706146254,4898582.656234167
51.5591706146254,4898582.672326591
51.5691706146254,4898582.688307315
51.5791706146254,4898582.705034085
51.589170614625395,4898582.721173035
51.59917061462539,4898582.73750643
51.60917061462539,4898582.755316341
51.61917061462539,4898582.771905768
51.62917061462539,4898582.787978538
51.639170614625385,4898582.804742706
51.64917061462538,4898582.821154902
51.65917061462538,4898582.837607565
51.66917061462538,4898582.85343871
51.67917061462538,4898582.86937484
51.689170614625375,4898582.885688156
51.69917061462537,4898582.902167354
51.70917061462537,4898582.918472248
51.71917061462537,4898582.93503261
51.72917061462537,4898582.951205685
51.739170614625365,4898582.967257812
51.74917061462536,4898582.98340177
51.75917061462536,4898583.00031187
51.76917061462536,4898583.017246419
51.77917061462536,4898583.033695461
51.789170614625355,4898583.049654436
51.79917061462535,4898583.066904209
51.80917061462535,4898583.083682081
51.81917061462535,4898583.100006157
51.82917061462535,4898583.116849184
51.839170614625345,4898583.133765736
51.84917061462534,4898583.14998143
51.85917061462534,4898583.166251214
51.86917061462534,4898583.182537062
51.87917061462534,4898583.198888435
51.889170614625336,4898583.215268366
51.89917061462533,4898583.231238305
51.90917061462533,4898583.247132373
51.91917061462533,4898583.263384835
51.92917061462533,4898583.279255369
51.939170614625326,4898583.295273738
51.949170614625324,4898583.311158016
51.95917061462532,4898583.326380087
51.96917061462532,4898583.341404121
51.97917061462532,4898583.356548068
51.989170614625316,4898583.37162475
51.999170614625314,4898583.386997089
52.00917061462531,4898583.402459541
52.01917061462531,4898583.417734414
52.02917061462531,4898583.43320749
52.039170614625306,4898583.44824825
52.049170614625304,4898583.463503971
52.0591706146253,4898583.479098398
52.0691706146253,4898583.495207286
52.0791706146253,4898583.510880658
52.089170614625296,4898583.52650761
52.099170614625294,4898583.542306338
52.10917061462529,4898583.558652641
52.11917061462529,4898583.574663173
52.12917061462529,4898583.590106928
52.139170614625286,4898583.605964779
52.149170614625284,4898583.621801018
52.15917061462528,4898583.637513339
52.16917061462528,4898583.652702443
52.17917061462528,4898583.668165284
52.189170614625276,4898583.683774003
52.199170614625274,4898583.699675898
52.20917061462527,4898583.71521814
52.21917061462527,4898583.730389607
52.22917061462527,4898583.747144692
52.239170614625266,4898583.762947874
52.249170614625264,4898583.778338103
52.25917061462526,4898583.793788613
52.26917061462526,4898583.809229036
52.27917061462526,4898583.824942855
52.289170614625256,4898583.841083744
52.299170614625254,4898583.857729875
52.30917061462525,4898583.872929849
52.31917061462525,4898583.888315549
52.32917061462525,4898583.903871975
52.339170614625246,4898583.919354053
52.349170614625244,4898583.935280855
52.35917061462524,4898583.950352786
52.36917061462524,4898583.965730803
52.37917061462524,4898583.981435342
52.389170614625236,4898583.998161959
52.399170614625234,4898584.014470285
52.40917061462523,4898584.030230845
52.41917061462523,4898584.045789652
52.42917061462523,4898584.062699172
52.439170614625226,4898584.079873709
52.449170614625224,4898584.095959567
52.45917061462522,4898584.112307795
52.46917061462522,4898584.128919622
52.47917061462522,4898584.145496787
52.489170614625216,4898584.16173926
52.499170614625214,4898584.177642796
52.50917061462521,4898584.193513244
52.51917061462521,4898584.209613042
52.52917061462521,4898584.225865624
52.539170614625206,4898584.241710236
52.549170614625204,4898584.257679929
52.5591706146252,4898584.273484789
52.5691706146252,4898584.289688047
52.5791706146252,4898584.305872241
52.589170614625196,4898584.321574403
52.599170614625194,4898584.337514908
52.60917061462519,4898584.353071818
52.61917061462519,4898584.369147435
52.62917061462519,4898584.385155
52.639170614625186,4898584.401483863
52.649170614625184,4898584.417526668
52.65917061462518,4898584.433324168
52.66917061462518,4898584.448426054
52.67917061462518,4898584.463738194
52.689170614625176,4898584.478882092
52.699170614625174,4898584.494956188
52.70917061462517,4898584.510575143
52.71917061462517,4898584.525956452
52.72917061462517,4898584.542673886
52.739170614625166,4898584.558524851
52.749170614625164,4898584.573924616
52.75917061462516,4898584.590041276
52.76917061462516,4898584.605723252
52.77917061462516,4898584.621662815
52.78917061462516,4898584.637187785
52.799170614625154,4898584.652367052
52.80917061462515,4898584.667712352
52.81917061462515,4898584.683142415
52.82917061462515,4898584.698636586
52.83917061462515,4898584.714160464
52.849170614625145,4898584.729777351
52.85917061462514,4898584.746819207
52.86917061462514,4898584.763256108
52.87917061462514,4898584.778859144
52.88917061462514,4898584.794684476
52.899170614625135,4898584.810503761
52.90917061462513,4898584.826589433
52.91917061462513,4898584.842330581
52.92917061462513,4898584.857901421
52.93917061462513,4898584.873229285
52.949170614625125,4898584.888619936
52.95917061462512,4898584.904232705
52.96917061462512,4898584.919693819
52.97917061462512,4898584.935348907
52.98917061462512,4898584.950679557
52.999170614625115,4898584.96609643
53.00917061462511,4898584.981492622
53.01917061462511,4898584.997851928
53.02917061462511,4898585.014074996
53.03917061462511,4898585.029391376
53.049170614625105,4898585.044524671
53.0591706146251,4898585.059874157
53.0691706146251,4898585.076071127
53.0791706146251,4898585.091471807
53.0891706146251,4898585.107116899
53.099170614625095,4898585.123411541
53.10917061462509,4898585.139160017
53.11917061462509,4898585.154401166
53.12917061462509,4898585.170272117
53.13917061462509,4898585.185639041
53.149170614625085,4898585.202282498
53.15917061462508,4898585.218668875
53.16917061462508,4898585.234818091
53.17917061462508,4898585.249859739
53.18917061462508,4898585.264989084
53.199170614625075,4898585.280984356
53.20917061462507,4898585.296910913
53.21917061462507,4898585.313148818
53.22917061462507,4898585.32856326
53.23917061462507,4898585.343612889
53.249170614625065,4898585.359609783
53.25917061462506,4898585.374764892
53.26917061462506,4898585.39014932
53.27917061462506,4898585.405674884
53.28917061462506,4898585.42132533
53.299170614625055,4898585.436697479
53.30917061462505,4898585.452094318
53.31917061462505,4898585.467597485
53.32917061462505,4898585.482980583
53.33917061462505,4898585.499265623
53.349170614625045,4898585.514926676
53.35917061462504,4898585.530170667
53.36917061462504,4898585.546938553
53.37917061462504,4898585.564667322
53.38917061462504,4898585.58094096
53.399170614625035,4898585.59756149
53.40917061462503,4898585.613494452
53.41917061462503,4898585.62924511
53.42917061462503,4898585.644487889
53.43917061462503,4898585.659781759
53.449170614625025,4898585.675328886
53.45917061462502,4898585.691193013
53.46917061462502,4898585.707589704
53.47917061462502,4898585.723638516
53.48917061462502,4898585.739139368
53.499170614625015,4898585.755879904
53.50917061462501,4898585.771525955
53.51917061462501,4898585.787113729
53.52917061462501,4898585.802591384
53.53917061462501,4898585.818235804
53.549170614625005,4898585.833534573
53.559170614625,4898585.849491795
53.569170614625,4898585.864628386
53.579170614625,4898585.880811908
53.589170614625,4898585.896364183
53.599170614624995,4898585.913221808
53.60917061462499,4898585.928954534
53.61917061462499,4898585.944581402
53.62917061462499,4898585.960397192
53.63917061462499,4898585.975800197
53.649170614624985,4898585.99154947
53.65917061462498,4898586.008667906
53.66917061462498,4898586.023899554
53.67917061462498,4898586.040711069
53.68917061462498,4898586.055834093
53.699170614624975,4898586.072476671
53.70917061462497,4898586.088886127
53.71917061462497,4898586.105027805
53.72917061462497,4898586.121565252
53.73917061462497,4898586.139429364
53.749170614624965,4898586.156656867
53.75917061462496,4898586.173557014
53.76917061462496,4898586.190017726
53.77917061462496,4898586.206723453
53.78917061462496,4898586.222431391
53.799170614624956,4898586.239277589
53.80917061462495,4898586.255037189
53.81917061462495,4898586.27080771
53.82917061462495,4898586.286043396
53.83917061462495,4898586.301620338
53.849170614624946,4898586.317128622
53.859170614624944,4898586.332449535
53.86917061462494,4898586.347693599
53.87917061462494,4898586.362945646
53.88917061462494,4898586.378309375
53.899170614624936,4898586.394454227
53.909170614624934,4898586.410590873
53.91917061462493,4898586.426234394
53.92917061462493,4898586.442070811
53.93917061462493,4898586.458014902
53.949170614624926,4898586.473804213
53.959170614624924,4898586.49057246
53.96917061462492,4898586.506476441
53.97917061462492,4898586.522648619
53.98917061462492,4898586.54045942
53.999170614624916,4898586.556536529
54.009170614624914,4898586.573520377
54.01917061462491,4898586.589382908
54.02917061462491,4898586.605144835
54.03917061462491,4898586.621608206
54.049170614624906,4898586.638501755
54.059170614624904,4898586.655082767
54.0691706146249,4898586.671643081
54.0791706146249,4898586.687569542
54.0891706146249,4898586.703224154
54.099170614624896,4898586.718791845
54.109170614624894,4898586.73422296
54.11917061462489,4898586.751820648
54.12917061462489,4898586.768655326
54.13917061462489,4898586.784723751
54.149170614624886,4898586.800430333
54.159170614624884,4898586.816610295
54.16917061462488,4898586.832360727
54.17917061462488,4898586.847753494
54.18917061462488,4898586.86389508
54.199170614624876,4898586.880225195
54.209170614624874,4898586.895743751
54.21917061462487,4898586.911438601
54.22917061462487,4898586.926970765
54.23917061462487,4898586.942425515
54.249170614624866,4898586.957789061
54.259170614624864,4898586.97357026
54.26917061462486,4898586.989214482
54.27917061462486,4898587.006033254
54.28917061462486,4898587.021867515
54.299170614624856,4898587.037331556
54.309170614624854,4898587.05297383
54.31917061462485,4898587.068652194
54.32917061462485,4898587.084113551
54.33917061462485,4898587.09978365
54.349170614624846,4898587.115748561
54.359170614624844,4898587.132069516
54.36917061462484,4898587.147588486
54.37917061462484,4898587.163568279
54.38917061462484,4898587.179571998
54.399170614624836,4898587.195005316
54.409170614624834,4898587.211120609
54.41917061462483,4898587.226705532
54.42917061462483,4898587.243312036
54.43917061462483,4898587.259193672
54.449170614624826,4898587.274892172
54.459170614624824,4898587.29061506
54.46917061462482,4898587.30620995
54.47917061462482,4898587.322013889
54.48917061462482,4898587.338229288
54.499170614624816,4898587.353447411
54.509170614624814,4898587.36981175
54.51917061462481,4898587.385516598
54.52917061462481,4898587.401590933
54.53917061462481,4898587.417380334
54.549170614624806,4898587.432763202
54.559170614624804,4898587.448539835
54.5691706146248,4898587.463866529
54.5791706146248,4898587.480065715
54.5891706146248,4898587.495564247
54.599170614624796,4898587.512779643
54.609170614624794,4898587.529228153
54.61917061462479,4898587.545441144
54.62917061462479,4898587.562030327
54.63917061462479,4898587.578219832
54.649170614624786,4898587.594356789
54.659170614624784,4898587.610525786
54.66917061462478,4898587.627366666
54.67917061462478,4898587.643082939
54.68917061462478,4898587.658916215
54.69917061462478,4898587.675288159
54.709170614624774,4898587.690756802
54.71917061462477,4898587.706317837
54.72917061462477,4898587.723044149
54.73917061462477,4898587.738978235
54.74917061462477,4898587.756074734
54.759170614624765,4898587.772075299
54.76917061462476,4898587.787990682
54.77917061462476,4898587.804225885
54.78917061462476,4898587.820438009
54.79917061462476,4898587.836317235
54.809170614624755,4898587.852453744
54.81917061462475,4898587.867767786
54.82917061462475,4898587.883708142
54.83917061462475,4898587.901364675
54.84917061462475,4898587.9184633
54.859170614624745,4898587.934744297
54.86917061462474,4898587.951255637
54.87917061462474,4898587.967664485
54.88917061462474,4898587.983809188
54.89917061462474,4898588.00069964
54.909170614624735,4898588.01684451
54.91917061462473,4898588.032617151
54.92917061462473,4898588.047923462
54.93917061462473,4898588.063677739
54.94917061462473,4898588.080978599
54.959170614624725,4898588.097417372
54.96917061462472,4898588.114018586
54.97917061462472,4898588.130848547
54.98917061462472,4898588.147569948
54.99917061462472,4898588.163363268
55.009170614624715,4898588.179405505
55.01917061462471,4898588.195926788
55.02917061462471,4898588.214151795
55.03917061462471,4898588.23142398
55.04917061462471,4898588.245392921
55.059170614624705,4898588.260039838
55.0691706146247,4898588.272502307
55.0791706146247,4898588.28463126
55.0891706146247,4898588.296444711
55.0991706146247,4898588.308788222
55.109170614624695,4898588.320866146
55.11917061462469,4898588.332253569
55.12917061462469,4898588.34373906
55.13917061462469,4898588.355114016
55.14917061462469,4898588.36605686
55.159170614624685,4898588.377008875
55.16917061462468,4898588.38792465
55.17917061462468,4898588.399406816
55.18167061462468,4898588.41645646
55.18292061462468,4898588.435643987
55.18917061462468,4898588.460675972
55.19917061462468,4898588.48711767
55.20417061462467,4898588.51005381
55.20667061462467,4898588.542850392
55.20917061462467,4898588.585587092
55.21912640503758,4898588.625747016
55.229126405037576,4898588.646076259
55.239126405037574,4898588.664717313
55.244126405037576,4898588.683619562
55.246626405037574,4898588.70544938
55.24787640503757,4898588.728948402
55.25100140503757,4898588.764934256
55.25211091258874,4898588.816671859
55.25665261924804,4898588.852705374
55.266652619248035,4898588.876779382
55.27665261924803,4898588.894776242
55.28665261924803,4898588.911207942
55.291652619248026,4898588.943166673
55.301652619248024,4898588.978604828
55.31165261924802,4898589.019871324
55.32165261924802,4898589.045897452
55.33165261924802,4898589.070282736
55.341652619248016,4898589.091445539
55.351652619248014,4898589.117695886
55.36165261924801,4898589.142544259
55.37165261924801,4898589.164697393
55.38165261924801,4898589.188294553
55.391652619248006,4898589.220310471
55.401652619248004,4898589.24260178
55.411652619248,4898589.264973503
55.421652619248,4898589.288831297
55.431652619248,4898589.31046243
55.441652619247996,4898589.33334813
55.451652619247994,4898589.354436992
55.46165261924799,4898589.378041138
55.47165261924799,4898589.399564395
55.48165261924799,4898589.423736692
55.491652619247986,4898589.448220954
55.501652619247984,4898589.47194377
55.51165261924798,4898589.495324616
55.51665261924798,4898589.525280187
55.519152619247976,4898589.562495772
55.52415261924797,4898589.620604848
55.53415261924797,4898589.654267164
55.54415261924797,4898589.679507132
55.554152619247965,4898589.713045346
55.56415261924796,4898589.73769984
55.56915261924796,4898589.767977083
55.57915261924796,4898589.810989183
55.589152619247955,4898589.842105707
55.59415261924795,4898589.871948585
55.60415261924795,4898589.907715333
55.614152619247946,4898589.93866469
55.624152619247944,4898589.974316613
55.63415261924794,4898590.006360204
55.64415261924794,4898590.033084001
55.65415261924794,4898590.061413616
55.664152619247936,4898590.087996597
55.674152619247934,4898590.115683869
55.68415261924793,4898590.147911227
55.69415261924793,4898590.181789716
55.70415261924793,4898590.211078879
55.714152619247926,4898590.239647596
55.724152619247924,4898590.268696648
55.73415261924792,4898590.296307367
55.74415261924792,4898590.329875304
55.75415261924792,4898590.368172021
55.764152619247916,4898590.398128276
55.774152619247914,4898590.426730318
55.78415261924791,4898590.457311331
55.79415261924791,4898590.485712158
55.80415261924791,4898590.515145787
55.814152619247906,4898590.549333136
55.824152619247904,4898590.579006204
55.8341526192479,4898590.609160845
55.8441526192479,4898590.640757366
55.8541526192479,4898590.666300292
55.864152619247896,4898590.690807697
55.874152619247894,4898590.715138421
55.88415261924789,4898590.740464609
55.89415261924789,4898590.766794192
55.90415261924789,4898590.792135458
55.914152619247886,4898590.817236606
55.924152619247884,4898590.842899244
55.93415261924788,4898590.866831885
55.94415261924788,4898590.892074022
55.95415261924788,4898590.919092392
55.964152619247876,4898590.944718792
55.974152619247874,4898590.969606161
55.98415261924787,4898590.994653756
55.99415261924787,4898591.020431728
56.00415261924787,4898591.045724325
56.01415261924787,4898591.07128342
56.024152619247864,4898591.095972955
56.03415261924786,4898591.121349413
56.04415261924786,4898591.147643405
56.05415261924786,4898591.173225888
56.06415261924786,4898591.197916508
56.074152619247855,4898591.223645815
56.08415261924785,4898591.248236222
56.09415261924785,4898591.272488468
56.10415261924785,4898591.297011398
56.11415261924785,4898591.322853045
56.124152619247845,4898591.347075889
56.13415261924784,4898591.371314831
56.14415261924784,4898591.395698388
56.15415261924784,4898591.421635119
56.16415261924784,4898591.446318209
56.174152619247835,4898591.472827556
56.18415261924783,4898591.49772146
56.19415261924783,4898591.523549661
56.20415261924783,4898591.548787248
56.21415261924783,4898591.575546741
56.224152619247825,4898591.600930672
56.23415261924782,4898591.625807792
56.24415261924782,4898591.650051996
56.25415261924782,4898591.674392252
56.26415261924782,4898591.698361989
56.274152619247815,4898591.72339998
56.28415261924781,4898591.748260888
56.29415261924781,4898591.771838277
56.30415261924781,4898591.796224299
56.31415261924781,4898591.819576778
56.324152619247805,4898591.844424102
56.3341526192478,4898591.868759808
56.3441526192478,4898591.892671473
56.3541526192478,4898591.916652185
56.3641526192478,4898591.941892832
56.374152619247795,4898591.964477173
56.38415261924779,4898591.988007287
56.39415261924779,4898592.012461403
56.40415261924779,4898592.036805279
56.41415261924779,4898592.061950142
56.424152619247785,4898592.085967128
56.43415261924778,4898592.109998935
56.44415261924778,4898592.1364758
56.45415261924778,4898592.160100239
56.46415261924778,4898592.18768048
56.474152619247775,4898592.213912632
56.48415261924777,4898592.237903933
56.49415261924777,4898592.26190335
56.50415261924777,4898592.286255678
56.51415261924777,4898592.312390964
56.524152619247765,4898592.339637504
56.53415261924776,4898592.365334458
56.54415261924776,4898592.394358647
56.55415261924776,4898592.420463607
56.56415261924776,4898592.446073769
56.574152619247755,4898592.474013853
56.58415261924775,4898592.499750724
56.59415261924775,4898592.525728593
56.60415261924775,4898592.549995119
56.61415261924775,4898592.58158231
56.624152619247745,4898592.61124628
56.63415261924774,4898592.639794366
56.64415261924774,4898592.667517841
56.65415261924774,4898592.697859762
56.66415261924774,4898592.726710076
56.674152619247735,4898592.757140262
56.68415261924773,4898592.786086444
56.69415261924773,4898592.813417893
56.70415261924773,4898592.841465154
56.71415261924773,4898592.870038089
56.724152619247725,4898592.900414545
56.73415261924772,4898592.92980007
56.74415261924772,4898592.960613461
56.75415261924772,4898592.989602521
56.76415261924772,4898593.018054394
56.774152619247715,4898593.048317568
56.78415261924771,4898593.078497128
56.79415261924771,4898593.10646552
56.80415261924771,4898593.135432188
56.81415261924771,4898593.166445798
56.824152619247705,4898593.199481368
56.8341526192477,4898593.227542924
56.8441526192477,4898593.256529748
56.8541526192477,4898593.284562545
56.8641526192477,4898593.313348404
56.874152619247695,4898593.343219721
56.88415261924769,4898593.37182292
56.89415261924769,4898593.400012242
56.90415261924769,4898593.427970528
56.91415261924769,4898593.456713484
56.924152619247685,4898593.48508607
56.93415261924768,4898593.513718641
56.94415261924768,4898593.541710867
56.95415261924768,4898593.573095127
56.96415261924768,4898593.602614938
56.974152619247675,4898593.631690301
56.98415261924767,4898593.663107155
56.99415261924767,4898593.6935945
57.00415261924767,4898593.72607261
57.01415261924767,4898593.757501545
57.024152619247666,4898593.785196525
57.03415261924766,4898593.810232292
57.04415261924766,4898593.83947195
57.05415261924766,4898593.865908621
57.06415261924766,4898593.890611995
57.074152619247656,4898593.921109364
57.084152619247654,4898593.950112042
57.09415261924765,4898593.976280087
57.10415261924765,4898594.005832957
57.11415261924765,4898594.032763074
57.124152619247646,4898594.062362635
57.134152619247644,4898594.089732848
57.14415261924764,4898594.120632094
57.15415261924764,4898594.148325309
57.16415261924764,4898594.17910433
57.174152619247636,4898594.208057876
57.184152619247634,4898594.235498497
57.19415261924763,4898594.264055773
57.20415261924763,4898594.29356517
57.21415261924763,4898594.325067785
57.224152619247626,4898594.353094199
57.234152619247624,4898594.382591622
57.24415261924762,4898594.40942427
57.25415261924762,4898594.441677189
57.26415261924762,4898594.471844095
57.274152619247616,4898594.499865479
57.284152619247614,4898594.529802825
57.29415261924761,4898594.56119949
57.30415261924761,4898594.593206029
57.31415261924761,4898594.622711195
57.324152619247606,4898594.650326329
57.334152619247604,4898594.678850956
57.3441526192476,4898594.709640649
57.3541526192476,4898594.73798737
57.3641526192476,4898594.769210189
57.374152619247596,4898594.800239251
57.384152619247594,4898594.830045988
57.39415261924759,4898594.859136274
57.40415261924759,4898594.889318891
57.41415261924759,4898594.917522819
57.424152619247586,4898594.945404887
57.434152619247584,4898594.974971433
57.44415261924758,4898595.002934714
57.45415261924758,4898595.034541044
57.46415261924758,4898595.063554757
57.474152619247576,4898595.092325848
57.484152619247574,4898595.121667679
57.49415261924757,4898595.150765007
57.50415261924757,4898595.18092283
57.51415261924757,4898595.211024388
57.524152619247566,4898595.236626892
57.534152619247564,4898595.269370506
57.54415261924756,4898595.299920273
57.55415261924756,4898595.332638403
57.56415261924756,4898595.361119038
57.574152619247556,4898595.39182655
57.584152619247554,4898595.421317178
57.59415261924755,4898595.449724015
57.60415261924755,4898595.476574371
57.61415261924755,4898595.508353133
57.624152619247546,4898595.533993727
57.634152619247544,4898595.563078749
57.64415261924754,4898595.591870905
57.65415261924754,4898595.621257576
57.66415261924754,4898595.6497116
57.674152619247536,4898595.680115525
57.684152619247534,4898595.709642104
57.69415261924753,4898595.739683402
57.70415261924753,4898595.769160303
57.71415261924753,4898595.793108356
57.724152619247526,4898595.822463606
57.734152619247524,4898595.850537625
57.74415261924752,4898595.878467803
57.75415261924752,4898595.90435419
57.76415261924752,4898595.929429773
57.774152619247516,4898595.958406999
57.784152619247514,4898595.988945741
57.79415261924751,4898596.021042378
57.80415261924751,4898596.051995152
57.81415261924751,4898596.080790361
57.824152619247506,4898596.109285589
57.834152619247504,4898596.137792219
57.8441526192475,4898596.168610117
57.8541526192475,4898596.194513836
57.8641526192475,4898596.225581876
57.874152619247496,4898596.253301055
57.884152619247494,4898596.279465543
57.89415261924749,4898596.30845332
57.90415261924749,4898596.336583253
57.91415261924749,4898596.362891407
57.92415261924749,4898596.391482562
57.934152619247484,4898596.42011189
57.94415261924748,4898596.448194801
57.95415261924748,4898596.47826145
57.96415261924748,4898596.507260604
57.97415261924748,4898596.533553083
57.984152619247475,4898596.56356223
57.99415261924747,4898596.587629318
58.00415261924747,4898596.619202967
58.01415261924747,4898596.648520886
58.02415261924747,4898596.678113408
58.034152619247465,4898596.703414972
58.04415261924746,4898596.733562993
58.05415261924746,4898596.760633577
58.06415261924746,4898596.791260619
58.07415261924746,4898596.816599936
58.084152619247455,4898596.845953309
58.09415261924745,4898596.874407433
58.10415261924745,4898596.905581412
58.11415261924745,4898596.931235267
58.12415261924745,4898596.959277008
58.134152619247445,4898596.985375817
58.14415261924744,4898597.014629095
58.15415261924744,4898597.040240259
58.16415261924744,4898597.068723654
58.17415261924744,4898597.097106368
58.184152619247435,4898597.125676203
58.19415261924743,4898597.155448656
58.20415261924743,4898597.185140578
58.21415261924743,4898597.214716659
58.22415261924743,4898597.243421739
58.234152619247425,4898597.272212121
58.24415261924742,4898597.297326517
58.25415261924742,4898597.331041596
58.26415261924742,4898597.362373792
58.27415261924742,4898597.392232536
58.284152619247415,4898597.421863334
58.29415261924741,4898597.450071604
58.30415261924741,4898597.477832316
58.31415261924741,4898597.505810125
58.32415261924741,4898597.535066885
58.334152619247405,4898597.562516201
58.3441526192474,4898597.592336812
58.3541526192474,4898597.621984926
58.3641526192474,4898597.649021934
58.3741526192474,4898597.678552185
58.384152619247395,4898597.7082124
58.39415261924739,4898597.734254029
58.40415261924739,4898597.761935526
58.41415261924739,4898597.790333075
58.42415261924739,4898597.820239136
58.434152619247385,4898597.852185237
58.44415261924738,4898597.879333401
58.45415261924738,4898597.90808559
58.46415261924738,4898597.937464954
58.47415261924738,4898597.964170479
58.484152619247375,4898597.991393773
58.49415261924737,4898598.021273054
58.50415261924737,4898598.048573286
58.51415261924737,4898598.076882214
58.52415261924737,4898598.104757518
58.534152619247365,4898598.132086959
58.54415261924736,4898598.161097883
58.55415261924736,4898598.189298514
58.56415261924736,4898598.218452622
58.57415261924736,4898598.250840707
58.584152619247355,4898598.281556211
58.59415261924735,4898598.31168834
58.60415261924735,4898598.340609029
58.61415261924735,4898598.371232263
58.62415261924735,4898598.401719544
58.634152619247345,4898598.430306354
58.64415261924734,4898598.457450845
58.65415261924734,4898598.484842943
58.66415261924734,4898598.510661832
58.67415261924734,4898598.536632887
58.684152619247335,4898598.565017499
58.69415261924733,4898598.593018754
58.70415261924733,4898598.624356509
58.71415261924733,4898598.653295803
58.72415261924733,4898598.680251657
58.734152619247325,4898598.704575335
58.74415261924732,4898598.736629009
58.75415261924732,4898598.767898529
58.76415261924732,4898598.793328406
58.77415261924732,4898598.821721189
58.784152619247315,4898598.84847016
58.79415261924731,4898598.874130861
58.80415261924731,4898598.902954713
58.81415261924731,4898598.93043604
58.82415261924731,4898598.957758846
58.834152619247305,4898598.984683375
58.8441526192473,4898599.016723961
58.8541526192473,4898599.042766645
58.8641526192473,4898599.070501838
58.8741526192473,4898599.095078215
58.884152619247295,4898599.121490286
58.89415261924729,4898599.150394007
58.90415261924729,4898599.176739519
58.91415261924729,4898599.204169031
58.92415261924729,4898599.229271976
58.934152619247286,4898599.255418864
58.944152619247284,4898599.282327974
58.95415261924728,4898599.308322197
58.96415261924728,4898599.336570909
58.97415261924728,4898599.36213138
58.984152619247276,4898599.387173921
58.994152619247274,4898599.416382279
59.00415261924727,4898599.444881538
59.01415261924727,4898599.471312668
59.02415261924727,4898599.497975909
59.034152619247266,4898599.525931727
59.044152619247264,4898599.552456571
59.05415261924726,4898599.580338647
59.06415261924726,4898599.606338328
59.07415261924726,4898599.635264472
59.084152619247256,4898599.661073428
59.094152619247254,4898599.688152937
59.10415261924725,4898599.717130891
59.11415261924725,4898599.744996744
59.12415261924725,4898599.772541998
59.134152619247246,4898599.799303555
59.144152619247244,4898599.826812735
59.15415261924724,4898599.854390652
59.16415261924724,4898599.879276771
59.17415261924724,4898599.906864348
59.184152619247236,4898599.937756348
59.194152619247234,4898599.96598235
59.20415261924723,4898599.993881267
59.21415261924723,4898600.022204422
59.22415261924723,4898600.050884961
59.234152619247226,4898600.080714674
59.244152619247224,4898600.108150928
59.25415261924722,4898600.135862316
59.26415261924722,4898600.162900466
59.27415261924722,4898600.191370011
59.284152619247216,4898600.220029547
59.294152619247214,4898600.24770088
59.30415261924721,4898600.274172604
59.31415261924721,4898600.305858379
59.32415261924721,4898600.337127993
59.334152619247206,4898600.365677199
59.344152619247204,4898600.392209478
59.3541526192472,4898600.423557312
59.3641526192472,4898600.449812947
59.3741526192472,4898600.479583179
59.384152619247196,4898600.50701579
59.394152619247194,4898600.534074856
59.40415261924719,4898600.560162502
59.41415261924719,4898600.586265463
59.42415261924719,4898600.612980243
59.434152619247186,4898600.640580466
59.444152619247184,4898600.667346195
59.45415261924718,4898600.691503501
59.46415261924718,4898600.71776156
59.47415261924718,4898600.745449778
59.484152619247176,4898600.77255742
59.494152619247174,4898600.798116084
59.50415261924717,4898600.827189536
59.51415261924717,4898600.854041954
59.52415261924717,4898600.878594394
59.534152619247166,4898600.910667222
59.544152619247164,4898600.938828713
59.55415261924716,4898600.968006111
59.56415261924716,4898600.998083327
59.57415261924716,4898601.025739713
59.584152619247156,4898601.062677818
59.594152619247154,4898601.090323707
59.60415261924715,4898601.128721464
59.61415261924715,4898601.156875301
59.62415261924715,4898601.18959253
59.634152619247146,4898601.219972411
59.644152619247144,4898601.249428119
59.65415261924714,4898601.281052771
59.66415261924714,4898601.311289641
59.67415261924714,4898601.357576059
59.684152619247136,4898601.384116852
59.694152619247134,4898601.411933361
59.70415261924713,4898601.43580424
59.71415261924713,4898601.460010976
59.72415261924713,4898601.484444837
59.734152619247126,4898601.517615396
59.744152619247124,4898601.543283376
59.75415261924712,4898601.568244241
59.76415261924712,4898601.597740775
59.77415261924712,4898601.62095326
59.784152619247116,4898601.645730615
59.794152619247114,4898601.670373216
59.80415261924711,4898601.6958818
59.81415261924711,4898601.721017295
59.82415261924711,4898601.747515876
59.83415261924711,4898601.77419383
59.844152619247104,4898601.81271919
59.8541526192471,4898601.853109944
59.8641526192471,4898601.890451215
59.8741526192471,4898601.930610988
59.8841526192471,4898601.961733298
59.894152619247095,4898601.994543674
59.90415261924709,4898602.027398822
59.91415261924709,4898602.054952775
59.92415261924709,4898602.085479384
59.93415261924709,4898602.121930096
59.944152619247085,4898602.149490599
59.95415261924708,4898602.179711564
59.96415261924708,4898602.207436157
59.97415261924708,4898602.233360335
59.98415261924708,4898602.261293073
59.994152619247075,4898602.287760125
60.00415261924707,4898602.318278983
60.01415261924707,4898602.346873732
60.02415261924707,4898602.380945274
60.03415261924707,4898602.411808472
60.044152619247065,4898602.43811874
60.05415261924706,4898602.47151004
60.06415261924706,4898602.505889938
60.07415261924706,4898602.536866827
60.08415261924706,4898602.580966103
60.094152619247055,4898602.620778933
60.10415261924705,4898602.662914043
60.11415261924705,4898602.702285543
60.12415261924705,4898602.741859019
60.13415261924705,4898602.784227239
60.144152619247045,4898602.82971227
60.15415261924704,4898602.875154441
60.16415261924704,4898602.92018602
60.17415261924704,4898602.95314641
60.18415261924704,4898602.987926974
60.194152619247035,4898603.022008936
60.20415261924703,4898603.043412324
60.21415261924703,4898603.079343895
60.22415261924703,4898603.112986421
60.23415261924703,4898603.147362344
60.244152619247025,4898603.174613382
60.25415261924702,4898603.211548399
60.26415261924702,4898603.24423147
60.27415261924702,4898603.28056655
60.28415261924702,4898603.31066035
60.294152619247015,4898603.337466871
60.30415261924701,4898603.364222205
60.31415261924701,4898603.39377353
60.32415261924701,4898603.425502049
60.33415261924701,4898603.456914857
60.344152619247005,4898603.485618433
60.354152619247,4898603.51350078
60.364152619247,4898603.542691084
60.374152619247,4898603.567538687
60.384152619247,4898603.599971882
60.394152619246995,4898603.633734866
60.40415261924699,4898603.660075245
60.41415261924699,4898603.686733766
60.42415261924699,4898603.711176213
60.43415261924699,4898603.736282651
60.444152619246985,4898603.762124024
60.45415261924698,4898603.789686098
60.46415261924698,4898603.814604515
60.47415261924698,4898603.840938266
60.48415261924698,4898603.866347558
60.494152619246975,4898603.891153878
60.50415261924697,4898603.917697641
60.51415261924697,4898603.952518701
60.52415261924697,4898603.98847392
60.53415261924697,4898604.024485008
60.544152619246965,4898604.049364174
60.55415261924696,4898604.078527103
60.56415261924696,4898604.112300468
60.57415261924696,4898604.137659433
60.58415261924696,4898604.168495792
60.594152619246955,4898604.19926425
60.60415261924695,4898604.22661699
60.61415261924695,4898604.253198616
60.62415261924695,4898604.280769689
60.63415261924695,4898604.30427437
60.644152619246945,4898604.333668607
60.65415261924694,4898604.3626442
60.66415261924694,4898604.399807593
60.67415261924694,4898604.429210795
60.68415261924694,4898604.453892407
60.694152619246935,4898604.492237295
60.70415261924693,4898604.521494438
60.71415261924693,4898604.552036876
60.72415261924693,4898604.579911862
60.73415261924693,4898604.608931245
60.744152619246925,4898604.637543428
60.75415261924692,4898604.663276111
60.76415261924692,4898604.689770947
60.77415261924692,4898604.719249148
60.78415261924692,4898604.746907924
60.794152619246915,4898604.778346674
60.80415261924691,4898604.806201819
60.81415261924691,4898604.835063288
60.82415261924691,4898604.866623357
60.83415261924691,4898604.900559746
60.844152619246906,4898604.927871485
60.854152619246904,4898604.964932138
60.8641526192469,4898604.993052798
60.8741526192469,4898605.02568779
60.8841526192469,4898605.055737254
60.894152619246896,4898605.08218986
60.904152619246894,4898605.12326995
60.91415261924689,4898605.158244671
60.92415261924689,4898605.189619748
60.93415261924689,4898605.222449786
60.944152619246886,4898605.254856709
60.954152619246884,4898605.29229721
60.96415261924688,4898605.343667577
60.97415261924688,4898605.384612484
60.98415261924688,4898605.428946409
60.994152619246876,4898605.469054749
61.004152619246874,4898605.509979943
61.01415261924687,4898605.552140692
61.02415261924687,4898605.598107583
61.03415261924687,4898605.640294961
61.044152619246866,4898605.679484125
61.054152619246864,4898605.716147333
61.06415261924686,4898605.760059822
61.07415261924686,4898605.797721121
61.08415261924686,4898605.836486644
61.094152619246856,4898605.875611573
61.104152619246854,4898605.914667779
61.11415261924685,4898605.95086265
61.12415261924685,4898605.995382924
61.13415261924685,4898606.036934805
61.144152619246846,4898606.074141931
61.154152619246844,4898606.114016464
61.16415261924684,4898606.151913548
61.17415261924684,4898606.186411386
61.18415261924684,4898606.227704265
61.194152619246836,4898606.262081332
61.204152619246834,4898606.295932017
61.21415261924683,4898606.336687005
61.22415261924683,4898606.37418428
61.23415261924683,4898606.412883645
61.244152619246826,4898606.456362442
61.254152619246824,4898606.497935144
61.26415261924682,4898606.538922499
61.27415261924682,4898606.576084072
61.28415261924682,4898606.610812855
61.294152619246816,4898606.644837522
61.304152619246814,4898606.68244452
61.31415261924681,4898606.722565237
61.32415261924681,4898606.763583804
61.33415261924681,4898606.804742107
61.344152619246806,4898606.848576514
61.354152619246804,4898606.886893512
61.3641526192468,4898606.928521269
61.3741526192468,4898606.971226749
61.3841526192468,4898607.018773707
61.394152619246796,4898607.056647625
61.404152619246794,4898607.08993356
61.41415261924679,4898607.12264427
61.42415261924679,4898607.161964427
61.43415261924679,4898607.199508451
61.444152619246786,4898607.235173717
61.454152619246784,4898607.272166656
61.46415261924678,4898607.307518906
61.47415261924678,4898607.346066346
61.48415261924678,4898607.379793624
61.494152619246776,4898607.410532213
61.504152619246774,4898607.441079453
61.51415261924677,4898607.46993332
61.52415261924677,4898607.50518238
61.53415261924677,4898607.536880764
61.544152619246766,4898607.568398626
61.554152619246764,4898607.600735628
61.56415261924676,4898607.638944546
61.57415261924676,4898607.669029858
61.58415261924676,4898607.70084151
61.594152619246756,4898607.732118737
61.604152619246754,4898607.763767443
61.61415261924675,4898607.799055891
61.62415261924675,4898607.824839857
61.63415261924675,4898607.850167598
61.644152619246746,4898607.881906472
61.654152619246744,4898607.912608844
61.66415261924674,4898607.944829012
61.67415261924674,4898607.978098077
61.68415261924674,4898608.008238699
61.694152619246736,4898608.038471868
61.704152619246734,4898608.064838065
61.70915261924674,4898608.105813275
61.719152619246735,4898608.156072212
61.72915261924673,4898608.195843358
61.73915261924673,4898608.225693892
61.74915261924673,4898608.252666353
61.75915261924673,4898608.280768141
61.769152619246725,4898608.306698713
61.77915261924672,4898608.333544919
61.78915261924672,4898608.358701802
61.79915261924672,4898608.383918861
61.80915261924672,4898608.412227032
61.819152619246715,4898608.438633223
61.82915261924671,4898608.469477941
61.83915261924671,4898608.504370996
61.84915261924671,4898608.534590771
61.85915261924671,4898608.570743459
61.869152619246705,4898608.608229637
61.8791526192467,4898608.64753876
61.88797168148393,4898608.725186116
61.89679074372116,4898608.764215112
61.90465872140577,4898608.833010888
61.91149745737227,4898608.897617644
61.918336193338774,4898608.932280069
61.92517492930528,4898608.962944269
61.93201366527178,4898608.999280587
61.94035501695535,4898609.035110869
61.94869636863892,4898609.066568964
61.95762289243201,4898609.151438992
61.96654941622511,4898609.196047358
61.976549416225104,4898609.234026816
61.9865494162251,4898609.272031707
61.9965494162251,4898609.307488089
62.0065494162251,4898609.347851961
62.0165494162251,4898609.390401042
62.026549416225095,4898609.42920574
62.03654941622509,4898609.466213409
62.04654941622509,4898609.502302562
62.05654941622509,4898609.540169231
62.06654941622509,4898609.580647508
62.076549416225085,4898609.616058086
62.08654941622508,4898609.655311237
62.09654941622508,4898609.689935125
62.10654941622508,4898609.725230403
62.11654941622508,4898609.757225304
62.126549416225075,4898609.787962946
62.13654941622507,4898609.817337531
62.14654941622507,4898609.845475459
62.15654941622507,4898609.879677212
62.16654941622507,4898609.915395994
62.176549416225065,4898609.949692596
62.18654941622506,4898609.985526499
62.19654941622506,4898610.021041913
62.20654941622506,4898610.056938532
62.21654941622506,4898610.090657771
62.226549416225055,4898610.123731874
62.23654941622505,4898610.161211826
62.24654941622505,4898610.193186013
62.25654941622505,4898610.224419411
62.26654941622505,4898610.25303407
62.276549416225045,4898610.281559211
62.28654941622504,4898610.313474094
62.29654941622504,4898610.343084033
62.30654941622504,4898610.373233248
62.31654941622504,4898610.400749095
62.326549416225035,4898610.429693439
62.33654941622503,4898610.458185788
62.34654941622503,4898610.492420809
62.35654941622503,4898610.525055098
62.36654941622503,4898610.560186285
62.376549416225025,4898610.595034347
62.38654941622502,4898610.634299711
62.39654941622502,4898610.665593271
62.40654941622502,4898610.695067192
62.41654941622502,4898610.724169322
62.426549416225015,4898610.757022652
62.43654941622501,4898610.792773027
62.44654941622501,4898610.829122095
62.45654941622501,4898610.864625203
62.46654941622501,4898610.90450133
62.476549416225005,4898610.94361931
62.486549416225,4898610.978810456
62.496549416225,4898611.016693484
62.506549416225,4898611.054096894
62.516549416225,4898611.089971847
62.526549416224995,4898611.127220297
62.53654941622499,4898611.163671592
62.54654941622499,4898611.198307858
62.55654941622499,4898611.232793231
62.56654941622499,4898611.264135835
62.576549416224985,4898611.29632943
62.58654941622498,4898611.328746973
62.59654941622498,4898611.363413211
62.60654941622498,4898611.395485453
62.61654941622498,4898611.430306571
62.626549416224975,4898611.46164939
62.63654941622497,4898611.492325592
62.64654941622497,4898611.523505904
62.65654941622497,4898611.55629525
62.66654941622497,4898611.587967084
62.676549416224965,4898611.621491387
62.68654941622496,4898611.653369504
62.69654941622496,4898611.685673676
62.70654941622496,4898611.71712499
62.71654941622496,4898611.747768965
62.726549416224955,4898611.781941968
62.73654941622495,4898611.81357382
62.74654941622495,4898611.846885981
62.75654941622495,4898611.882444637
62.76654941622495,4898611.917353757
62.776549416224945,4898611.950783651
62.78654941622494,4898611.983159341
62.79654941622494,4898612.014542065
62.80654941622494,4898612.046625407
62.81654941622494,4898612.081472779
62.826549416224935,4898612.115041439
62.83654941622493,4898612.14797978
62.84654941622493,4898612.184448429
62.85654941622493,4898612.223933026
62.86654941622493,4898612.255843295
62.876549416224925,4898612.288206812
62.88654941622492,4898612.319960998
62.89654941622492,4898612.354995259
62.90654941622492,4898612.391394861
62.91654941622492,4898612.42397334
62.926549416224915,4898612.455691689
62.93654941622491,4898612.489483061
62.94654941622491,4898612.519646101
62.95654941622491,4898612.551839604
62.96654941622491,4898612.581640121
62.976549416224906,4898612.611191606
62.9865494162249,4898612.642317214
62.9965494162249,4898612.670882085
63.0065494162249,4898612.700823225
63.0165494162249,4898612.732322913
63.026549416224896,4898612.768966111
63.036549416224894,4898612.805811223
63.04654941622489,4898612.840475111
63.05654941622489,4898612.876287719
63.06654941622489,4898612.912809689
63.076549416224886,4898612.95244177
63.086549416224884,4898612.991822062
63.09654941622488,4898613.02952525
63.10654941622488,4898613.066474088
63.11654941622488,4898613.104422836
63.126549416224876,4898613.145979884
63.136549416224874,4898613.179450615
63.14654941622487,4898613.219595571
63.15654941622487,4898613.259616917
63.16654941622487,4898613.294854003
63.176549416224866,4898613.332102713
63.186549416224864,4898613.366642947
63.19654941622486,4898613.399201254
63.20654941622486,4898613.437374948
63.21654941622486,4898613.477584424
63.226549416224856,4898613.512094717
63.236549416224854,4898613.545059783
63.24654941622485,4898613.586926481
63.25654941622485,4898613.627879273
63.26654941622485,4898613.667838245
63.276549416224846,4898613.712874519
63.286549416224844,4898613.746173393
63.29654941622484,4898613.786805777
63.30654941622484,4898613.824758736
63.31654941622484,4898613.865013319
63.326549416224836,4898613.907155636
63.336549416224834,4898613.951625111
63.34654941622483,4898613.997389807
63.35654941622483,4898614.039622381
63.36654941622483,4898614.083704584
63.376549416224826,4898614.125339644
63.386549416224824,4898614.170521471
63.39654941622482,4898614.211223282
63.40654941622482,4898614.249304435
63.41654941622482,4898614.284512436
63.426549416224816,4898614.330477487
63.436549416224814,4898614.37203283
63.44654941622481,4898614.411617481
63.45654941622481,4898614.453733157
63.46654941622481,4898614.492606848
63.476549416224806,4898614.53462807
63.486549416224804,4898614.57941934
63.4965494162248,4898614.629451584
63.5065494162248,4898614.676409804
63.5165494162248,4898614.722556446
63.526549416224796,4898614.769099041
63.536549416224794,4898614.813575033
63.54654941622479,4898614.85595824
63.55654941622479,4898614.899071626
63.56654941622479,4898614.940886975
63.576549416224786,4898614.986027549
63.586549416224784,4898615.037783389
63.59654941622478,4898615.076225488
63.60654941622478,4898615.113703411
63.61654941622478,4898615.152565629
63.626549416224776,4898615.187791577
63.636549416224774,4898615.227437816
63.64654941622477,4898615.266460478
63.65654941622477,4898615.308711124
63.66654941622477,4898615.34711785
63.676549416224766,4898615.381511489
63.686549416224764,4898615.418684303
63.69654941622476,4898615.459190291
63.70654941622476,4898615.502786663
63.71654941622476,4898615.547562264
63.726549416224756,4898615.5968972
63.736549416224754,4898615.638624655
63.74654941622475,4898615.689745933
63.75654941622475,4898615.730440978
63.76654941622475,4898615.777379282
63.776549416224746,4898615.824306507
63.786549416224744,4898615.861349647
63.79654941622474,4898615.902243836
63.80654941622474,4898615.943731007
63.81654941622474,4898615.975760747
63.826549416224736,4898616.010820553
63.836549416224734,4898616.048472782
63.84654941622473,4898616.087133371
63.85654941622473,4898616.123613194
63.86654941622473,4898616.164977653
63.87654941622473,4898616.202669507
63.886549416224724,4898616.234889554
63.89654941622472,4898616.272075189
63.90654941622472,4898616.31034038
63.91654941622472,4898616.348280658
63.92654941622472,4898616.388967085
63.936549416224715,4898616.429273113
63.94654941622471,4898616.465598842
63.95654941622471,4898616.504204256
63.96654941622471,4898616.53982604
63.97654941622471,4898616.57728985
63.986549416224705,4898616.613987503
63.9965494162247,4898616.65131387
64.0065494162247,4898616.687535045
64.0165494162247,4898616.724878402
64.02654941622471,4898616.772606222
64.03654941622472,4898616.819374209
64.04654941622472,4898616.869164807
64.05654941622473,4898616.917359985
64.06654941622473,4898616.961976532
64.07654941622474,4898617.021915505
64.08654941622474,4898617.070008923
64.09654941622475,4898617.118916222
64.10654941622475,4898617.170869551
64.11654941622476,4898617.22035577
64.12654941622476,4898617.270856394
64.13654941622477,4898617.318604618
64.14654941622477,4898617.371144203
64.15654941622478,4898617.424474716
64.16654941622478,4898617.480151689
64.17654941622479,4898617.534135518
64.18654941622479,4898617.584101465
64.1965494162248,4898617.633891279
64.2065494162248,4898617.684128249
64.21654941622481,4898617.743839151
64.2215494162248,4898617.830192208
64.22623613841088,4898617.897194715
64.22819654811944,4898618.009231418
64.22942180418728,4898618.121402385
64.2324754862645,4898618.196728626
64.23336042190859,4898618.281568888
64.23727401246347,4898618.399716445
64.24118760301836,4898618.448294805
64.24668195363033,4898618.500963799
64.25531876788395,4898618.566617899
64.26531876788395,4898618.614796037
64.27531876788396,4898618.663816686
64.28531876788396,4898618.703915808
64.29531876788397,4898618.749170638
64.30531876788397,4898618.797286165
64.31531876788398,4898618.843054737
64.32531876788399,4898618.885022203
64.33531876788399,4898618.935337829
64.345318767884,4898618.980631415
64.355318767884,4898619.033414455
64.365318767884,4898619.082436491
64.37531876788401,4898619.1310681
64.38531876788402,4898619.178980575
64.39531876788402,4898619.224971843
64.40531876788403,4898619.266341467
64.41531876788403,4898619.308625273
64.42531876788404,4898619.365445932
64.43531876788404,4898619.413703751
64.44531876788405,4898619.464479511
64.45531876788405,4898619.507461672
64.46531876788406,4898619.546987179
64.47531876788406,4898619.589163883
64.48531876788407,4898619.62939879
64.49531876788407,4898619.670728461
64.50531876788408,4898619.709370878
64.51531876788408,4898619.749796257
64.52531876788409,4898619.791167727
64.53531876788409,4898619.830029559
64.5453187678841,4898619.868983843
64.5553187678841,4898619.908964875
64.56531876788411,4898619.948313832
64.57531876788411,4898619.988178432
64.58531876788412,4898620.029556398
64.59531876788412,4898620.074159059
64.60531876788413,4898620.124218367
64.61531876788413,4898620.165149937
64.62531876788414,4898620.205481109
64.63531876788414,4898620.245442246
64.64531876788415,4898620.28561854
64.65531876788415,4898620.325284548
64.66531876788416,4898620.365670167
64.67531876788416,4898620.406194901
64.68531876788417,4898620.446414075
64.69531876788417,4898620.487105091
64.70531876788418,4898620.527623837
64.71531876788418,4898620.566382606
64.72531876788419,4898620.605052843
64.7353187678842,4898620.644489576
64.7453187678842,4898620.685427646
64.7553187678842,4898620.725507264
64.76531876788421,4898620.76578677
64.77531876788422,4898620.807861152
64.78531876788422,4898620.848781979
64.79531876788423,4898620.888212547
64.80531876788423,4898620.927283766
64.81531876788424,4898620.966113319
64.82531876788424,4898621.005010394
64.83531876788425,4898621.043048303
64.84531876788425,4898621.081373845
64.85531876788426,4898621.119284095
64.86531876788426,4898621.15663222
64.87531876788427,4898621.194663594
64.88531876788427,4898621.232765267
64.89531876788428,4898621.269589844
64.90531876788428,4898621.306741394
64.91531876788429,4898621.344300518
64.92531876788429,4898621.38111044
64.9353187678843,4898621.419420473
64.9453187678843,4898621.456729767
64.95531876788431,4898621.505751049
64.96531876788431,4898621.546860982
64.97531876788432,4898621.585984446
64.98531876788432,4898621.623547504
64.99531876788433,4898621.661498792
65.00531876788433,4898621.69887333
65.01531876788434,4898621.736052812
65.02531876788434,4898621.775476477
65.03531876788435,4898621.813095715
65.04531876788435,4898621.852270668
65.05531876788436,4898621.891333613
65.06531876788436,4898621.931466926
65.07531876788437,4898621.973774355
65.08531876788437,4898622.01881317
65.09531876788438,4898622.067793736
65.10531876788438,4898622.114712662
65.11531876788439,4898622.161633047
65.1253187678844,4898622.209220104
65.1353187678844,4898622.255426625
65.1453187678844,4898622.301133385
65.15531876788441,4898622.34645867
65.16531876788441,4898622.388831105
65.17531876788442,4898622.430361993
65.18531876788443,4898622.471682567
65.19531876788443,4898622.544073336
65.20531876788444,4898622.588436265
65.21531876788444,4898622.631261921
65.22531876788445,4898622.673552985
65.23531876788445,4898622.71613183
65.24531876788446,4898622.757718179
65.25531876788446,4898622.802459497
65.26531876788447,4898622.847062691
65.27531876788447,4898622.890247307
65.28531876788448,4898622.932409363
65.29531876788448,4898622.974753691
65.30531876788449,4898623.016528785
65.31531876788449,4898623.058387338
65.3253187678845,4898623.10218084
65.3353187678845,4898623.145274889
65.3453187678845,4898623.187428953
65.35531876788451,4898623.227685481
65.36531876788452,4898623.267248525
65.37531876788452,4898623.307593802
65.38531876788453,4898623.347434444
65.39531876788453,4898623.388299905
65.40531876788454,4898623.429082906
65.41531876788454,4898623.470056887
65.42531876788455,4898623.511697139
65.43531876788455,4898623.555840269
65.44531876788456,4898623.598137873
65.45531876788456,4898623.639228355
65.46531876788457,4898623.679275944
65.47531876788457,4898623.720347955
65.48531876788458,4898623.762590756
65.49531876788458,4898623.805108826
65.50531876788459,4898623.846892432
65.5153187678846,4898623.889328187
65.5253187678846,4898623.931878913
65.5353187678846,4898623.975184182
65.54531876788461,4898624.021265289
65.55531876788461,4898624.068090794
65.56531876788462,4898624.11438178
65.57531876788462,4898624.158583593
65.58531876788463,4898624.201494079
65.59531876788463,4898624.244446006
65.60531876788464,4898624.288064856
65.61531876788465,4898624.33146073
65.62531876788465,4898624.381068845
65.63531876788466,4898624.423728661
65.64531876788466,4898624.466294256
65.65531876788467,4898624.508526054
65.66531876788467,4898624.55126651
65.67531876788468,4898624.594709273
65.68531876788468,4898624.638164292
65.69531876788469,4898624.679116024
65.70531876788469,4898624.719427072
65.7153187678847,4898624.760660534
65.7253187678847,4898624.804969089
65.7353187678847,4898624.846618348
65.74531876788471,4898624.888456634
65.75531876788472,4898624.929639643
65.76531876788472,4898624.971637712
65.77531876788473,4898625.013674734
65.78531876788473,4898625.054297921
65.79531876788474,4898625.095659819
65.80531876788474,4898625.136346465
65.81531876788475,4898625.177794895
65.82531876788475,4898625.217587552
65.83531876788476,4898625.257626185
65.84531876788476,4898625.297256198
65.85531876788477,4898625.336558243
65.86531876788477,4898625.377461675
65.87531876788478,4898625.417874203
65.88531876788478,4898625.457523599
65.89531876788479,4898625.497606216
65.9053187678848,4898625.538353772
65.9153187678848,4898625.580654412
65.9253187678848,4898625.623126245
65.93531876788481,4898625.665960427
65.94531876788481,4898625.705059346
65.95531876788482,4898625.744652711
65.96531876788482,4898625.78515623
65.97531876788483,4898625.825139837
65.98531876788483,4898625.864891803
65.99531876788484,4898625.906100673
66.00531876788484,4898625.94640841
66.01531876788485,4898625.985743754
66.02531876788485,4898626.026939285
66.03531876788486,4898626.066748647
66.04531876788486,4898626.109010626
66.05531876788487,4898626.148953815
66.06531876788488,4898626.189235426
66.07531876788488,4898626.228643306
66.08531876788489,4898626.268987389
66.09531876788489,4898626.309753271
66.1053187678849,4898626.350697378
66.1153187678849,4898626.393715874
66.1253187678849,4898626.43604479
66.13531876788491,4898626.478249141
66.14531876788492,4898626.521461399
66.15531876788492,4898626.56599296
66.16531876788493,4898626.608492625
66.17531876788493,4898626.651748849
66.18531876788494,4898626.695493013
66.19531876788494,4898626.738765021
66.20531876788495,4898626.785798608
66.21531876788495,4898626.829613492
66.22531876788496,4898626.874290907
66.23531876788496,4898626.917925975
66.24531876788497,4898626.96204698
66.25531876788497,4898627.007637831
66.26531876788498,4898627.053013638
66.27531876788498,4898627.09691162
66.28531876788499,4898627.141378384
66.29531876788499,4898627.185395958
66.305318767885,4898627.228594703
66.315318767885,4898627.271758611
66.32531876788501,4898627.31431989
66.33531876788501,4898627.358098249
66.34531876788502,4898627.401385426
66.35531876788502,4898627.445338558
66.36531876788503,4898627.491615376
66.37531876788503,4898627.536906742
66.38531876788504,4898627.58417489
66.39531876788504,4898627.630119028
66.40531876788505,4898627.675410246
66.41531876788505,4898627.720435388
66.42531876788506,4898627.766789738
66.43531876788506,4898627.814698646
66.44531876788507,4898627.861043047
66.45531876788507,4898627.906158727
66.46531876788508,4898627.949147796
66.47531876788508,4898627.993601696
66.48531876788509,4898628.041054091
66.4953187678851,4898628.089568442
66.5053187678851,4898628.135889567
66.5153187678851,4898628.184516328
66.52531876788511,4898628.232558937
66.53531876788512,4898628.28053163
66.54531876788512,4898628.330286746
66.55531876788513,4898628.381009441
66.56531876788513,4898628.427671203
66.57531876788514,4898628.473940387
66.58531876788514,4898628.51810209
66.59531876788515,4898628.563556497
66.60531876788515,4898628.607140379
66.61531876788516,4898628.651007847
66.62531876788516,4898628.69480041
66.63531876788517,4898628.736865556
66.64531876788517,4898628.784393706
66.65531876788518,4898628.828418808
66.66531876788518,4898628.871267895
66.67531876788519,4898628.913713693
66.68531876788519,4898628.956060082
66.6953187678852,4898628.998789225
66.7053187678852,4898629.042294226
66.71531876788521,4898629.085027678
66.72531876788521,4898629.129224855
66.73531876788522,4898629.174857049
66.74531876788522,4898629.218475499
66.75531876788523,4898629.263665461
66.76531876788523,4898629.307339593
66.77531876788524,4898629.353165766
66.78531876788524,4898629.399251364
66.79531876788525,4898629.441352068
66.80531876788525,4898629.484567614
66.81531876788526,4898629.527464628
66.82531876788526,4898629.579598146
66.83531876788527,4898629.62495775
66.84531876788527,4898629.670103702
66.85531876788528,4898629.713283583
66.86531876788528,4898629.757574961
66.87531876788529,4898629.80352175
66.8853187678853,4898629.847387217
66.8953187678853,4898629.891500651
66.9053187678853,4898629.933604923
66.91531876788531,4898629.976258645
66.92531876788532,4898630.019853758
66.93531876788532,4898630.062511737
66.94531876788533,4898630.107532453
66.95531876788533,4898630.152051398
66.96531876788534,4898630.195498008
66.97531876788534,4898630.237745006
66.98531876788535,4898630.284673387
66.99531876788535,4898630.329181831
67.00531876788536,4898630.374061654
67.01531876788536,4898630.417850535
67.02531876788537,4898630.463479816
67.03531876788537,4898630.510686677
67.04531876788538,4898630.556217671
67.05531876788538,4898630.600965157
67.06531876788539,4898630.64581697
67.07531876788539,4898630.692363993
67.0853187678854,4898630.738219073
67.0953187678854,4898630.786316057
67.10531876788541,4898630.835521397
67.11531876788541,4898630.882367459
67.12531876788542,4898630.927406525
67.13531876788542,4898630.972657482
67.14531876788543,4898631.01886896
67.15531876788543,4898631.064821725
67.16531876788544,4898631.11031875
67.17531876788544,4898631.15611803
67.18531876788545,4898631.200962899
67.19531876788545,4898631.245566535
67.20531876788546,4898631.290718111
67.21531876788546,4898631.335778807
67.22531876788547,4898631.381770878
67.23531876788547,4898631.426661513
67.24531876788548,4898631.472430412
67.25531876788548,4898631.517795639
67.26531876788549,4898631.564370465
67.2753187678855,4898631.611573492
67.2853187678855,4898631.658073163
67.2953187678855,4898631.704261146
67.30531876788551,4898631.7518541
67.31531876788551,4898631.800203153
67.32531876788552,4898631.845165992
67.33531876788552,4898631.892213299
67.34531876788553,4898631.938849322
67.35531876788554,4898631.985765417
67.36531876788554,4898632.034032514
67.37531876788555,4898632.081933949
67.38531876788555,4898632.130383182
67.39531876788556,4898632.177943672
67.40531876788556,4898632.224308262
67.41531876788557,4898632.271547897
67.42531876788557,4898632.318015502
67.43531876788558,4898632.363949141
67.44531876788558,4898632.411431788
67.45531876788559,4898632.456723074
67.46531876788559,4898632.503997607
67.4753187678856,4898632.550319134
67.4853187678856,4898632.597794661
67.4953187678856,4898632.648435134
67.50531876788561,4898632.694612579
67.51531876788562,4898632.745865067
67.52531876788562,4898632.796736918
67.53531876788563,4898632.845963426
67.54531876788563,4898632.895385623
67.55531876788564,4898632.946880853
67.56531876788564,4898632.997732602
67.57531876788565,4898633.04890267
67.58531876788565,4898633.097577656
67.59531876788566,4898633.147445774
67.60531876788566,4898633.201078311
67.61531876788567,4898633.249678927
67.62531876788567,4898633.299554804
67.63531876788568,4898633.349372658
67.64531876788568,4898633.399446786
67.65531876788569,4898633.447531339
67.6653187678857,4898633.497668655
67.6753187678857,4898633.543047717
67.6853187678857,4898633.59177894
67.69531876788571,4898633.639586421
67.70531876788571,4898633.687081544
67.71531876788572,4898633.73503042
67.72531876788572,4898633.784325748
67.73531876788573,4898633.831428226
67.74531876788573,4898633.87786656
67.75531876788574,4898633.925929479
67.76531876788574,4898633.972997614
67.77531876788575,4898634.020893625
67.78531876788576,4898634.06869539
67.79531876788576,4898634.119612631
67.80531876788577,4898634.16880903
67.81531876788577,4898634.21626899
67.82531876788578,4898634.263212128
67.83531876788578,4898634.3108416
67.84531876788579,4898634.360058288
67.85531876788579,4898634.409085863
67.8653187678858,4898634.458973144
67.8753187678858,4898634.508479375
67.8853187678858,4898634.556369403
67.89531876788581,4898634.604248395
67.90531876788582,4898634.653210328
67.91531876788582,4898634.701833833
67.92531876788583,4898634.75245376
67.93531876788583,4898634.807186046
67.94531876788584,4898634.863340548
67.95531876788584,4898634.927929406
67.96531876788585,4898634.990280703
67.97531876788585,4898635.046037731
67.98531876788586,4898635.094527795
67.99531876788586,4898635.146812365
68.00531876788587,4898635.199745869
68.01531876788587,4898635.248122505
68.02531876788588,4898635.297019868
68.03531876788588,4898635.345288839
68.04531876788589,4898635.394099554
68.0553187678859,4898635.441728695
68.0653187678859,4898635.490352318
68.0753187678859,4898635.537802747
68.08531876788591,4898635.587831611
68.09531876788591,4898635.637335608
68.10531876788592,4898635.686770817
68.11531876788592,4898635.736342955
68.12531876788593,4898635.786865513
68.13531876788593,4898635.835849641
68.14531876788594,4898635.88453901
68.15531876788594,4898635.933558492
68.16531876788595,4898635.981897707
68.17531876788595,4898636.031752731
68.18531876788596,4898636.081615462
68.19531876788596,4898636.132973835
68.20531876788597,4898636.183917389
68.21531876788598,4898636.23276718
68.22531876788598,4898636.281229469
68.23531876788599,4898636.329490655
68.24531876788599,4898636.383819615
68.255318767886,4898636.435044598
68.265318767886,4898636.484211145
68.275318767886,4898636.532609401
68.28531876788601,4898636.581276308
68.29531876788602,4898636.631839923
68.30531876788602,4898636.682646239
68.31531876788603,4898636.735558434
68.32531876788603,4898636.788926121
68.33531876788604,4898636.840498272
68.34531876788604,4898636.891885179
68.35531876788605,4898636.942121411
68.36531876788605,4898636.992745992
68.37531876788606,4898637.044786333
68.38531876788606,4898637.09546845
68.39531876788607,4898637.148252286
68.40531876788607,4898637.201088537
68.41531876788608,4898637.252175684
68.42531876788608,4898637.30362483
68.43531876788609,4898637.357580736
68.44531876788609,4898637.410230692
68.4553187678861,4898637.461762909
68.4653187678861,4898637.512711957
68.47531876788611,4898637.566135513
68.48531876788611,4898637.620075331
68.49531876788612,4898637.669304589
68.50531876788612,4898637.718338149
68.51531876788613,4898637.768797241
68.52531876788613,4898637.823252923
68.53531876788614,4898637.873807409
68.54531876788614,4898637.922881241
68.55531876788615,4898637.971788343
68.56531876788615,4898638.021246713
68.57531876788616,4898638.069654814
68.58531876788616,4898638.120146837
68.59531876788617,4898638.16900553
68.60531876788617,4898638.217034973
68.61531876788618,4898638.264162371
68.62531876788618,4898638.312388614
68.63531876788619,4898638.360039056
68.6453187678862,4898638.4079231
68.6553187678862,4898638.455580515
68.6653187678862,4898638.503120475
68.67531876788621,4898638.550073451
68.68531876788622,4898638.597509118
68.69531876788622,4898638.645485804
68.70531876788623,4898638.693255832
68.71531876788623,4898638.740782221
68.72531876788624,4898638.790815871
68.73531876788624,4898638.838460364
68.74531876788625,4898638.885583598
68.75531876788625,4898638.932951725
68.76531876788626,4898638.980214278
68.77531876788626,4898639.028278327
68.78531876788627,4898639.075338862
68.79531876788627,4898639.123052454
68.80531876788628,4898639.170047987
68.81531876788628,4898639.217607421
68.82531876788629,4898639.264396691
68.83531876788629,4898639.311677809
68.8453187678863,4898639.359141262
68.8553187678863,4898639.406343187
68.86531876788631,4898639.453836903
68.87531876788631,4898639.501747418
68.88531876788632,4898639.54847403
68.89531876788632,4898639.59899476
68.90531876788633,4898639.646968143
68.91531876788633,4898639.695162696
68.92531876788634,4898639.743828546
68.93531876788634,4898639.792849159
68.94531876788635,4898639.839928363
68.95531876788635,4898639.887780645
68.96531876788636,4898639.935226031
68.97531876788636,4898639.98272904
68.98531876788637,4898640.030597503
68.99531876788637,4898640.078397449
69.00531876788638,4898640.128013778
69.01531876788638,4898640.176167515
69.02531876788639,4898640.223498074
69.0353187678864,4898640.271023637
69.0453187678864,4898640.318314577
69.0553187678864,4898640.365575241
69.06531876788641,4898640.412678473
69.07531876788642,4898640.459500851
69.08531876788642,4898640.506278856
69.09531876788643,4898640.553087733
69.10531876788643,4898640.600130121
69.11531876788644,4898640.646243479
69.12531876788644,4898640.696177236
69.13531876788645,4898640.748028242
69.14531876788645,4898640.801800426
69.15531876788646,4898640.853483268
69.16531876788646,4898640.905129999
69.17531876788647,4898640.957392326
69.18531876788647,4898641.008224158
69.19531876788648,4898641.060604272
69.20531876788648,4898641.113525216
69.21531876788649,4898641.165629254
69.22531876788649,4898641.218988107
69.2353187678865,4898641.270553483
69.2453187678865,4898641.321387179
69.25531876788651,4898641.373092862
69.26531876788651,4898641.424365066
69.27531876788652,4898641.475979352
69.28531876788652,4898641.526383116
69.29531876788653,4898641.577258287
69.30531876788653,4898641.627357528
69.31531876788654,4898641.681497642
69.32531876788654,4898641.732263968
69.33531876788655,4898641.785027472
69.34531876788655,4898641.836244278
69.35531876788656,4898641.887411725
69.36531876788656,4898641.940386885
69.37531876788657,4898641.992832452
69.38531876788657,4898642.046619423
69.39531876788658,4898642.098569564
69.40531876788658,4898642.152958835
69.41531876788659,4898642.205858605
69.4253187678866,4898642.26043425
69.4353187678866,4898642.31102391
69.4453187678866,4898642.361282937
69.45531876788661,4898642.412020685
69.46531876788661,4898642.4689994
69.47531876788662,4898642.525400215
69.48531876788662,4898642.576183763
69.49531876788663,4898642.628415518
69.50531876788664,4898642.679457399
69.51531876788664,4898642.731524283
69.52531876788665,4898642.786373257
69.53531876788665,4898642.839360382
69.54531876788666,4898642.897694353
69.55531876788666,4898642.956126696
69.56531876788667,4898643.010600666
69.57531876788667,4898643.070770652
69.58531876788668,4898643.127429185
69.59531876788668,4898643.184443524
69.60531876788669,4898643.241387746
69.61531876788669,4898643.298147525
69.6253187678867,4898643.354319609
69.6353187678867,4898643.407136727
69.6453187678867,4898643.464830003
69.65531876788671,4898643.516701
69.66531876788672,4898643.567272008
69.67531876788672,4898643.620502867
69.68531876788673,4898643.670908994
69.69531876788673,4898643.726342873
69.70531876788674,4898643.783623325
69.71531876788674,4898643.840550629
69.72531876788675,4898643.899628458
69.73531876788675,4898643.958373825
69.74531876788676,4898644.017461601
69.75531876788676,4898644.075869542
69.76531876788677,4898644.136710787
69.77531876788677,4898644.196454843
69.78531876788678,4898644.256046991
69.79531876788678,4898644.315703986
69.80531876788679,4898644.375289459
69.8153187678868,4898644.435049905
69.8253187678868,4898644.494632101
69.8353187678868,4898644.552912527
69.84531876788681,4898644.612703695
69.85531876788681,4898644.673232182
69.86531876788682,4898644.734276989
69.87531876788682,4898644.794451062
69.88531876788683,4898644.854335839
69.89531876788683,4898644.911818324
69.90531876788684,4898644.973463866
69.91531876788684,4898645.034142003
69.92531876788685,4898645.094345019
69.93531876788686,4898645.154543503
69.94531876788686,4898645.217146818
69.95531876788687,4898645.272109184
69.96531876788687,4898645.332657945
69.97531876788688,4898645.392599658
69.98531876788688,4898645.451618524
69.99531876788689,4898645.515478345
70.00531876788689,4898645.577045961
70.0153187678869,4898645.635963749
70.0253187678869,4898645.691792897
70.0353187678869,4898645.746929162
70.04531876788691,4898645.805986387
70.05531876788692,4898645.8714873
70.06531876788692,4898645.925344342
70.07531876788693,4898645.979174541
70.08531876788693,4898646.037543893
70.09531876788694,4898646.092225979
70.10531876788694,4898646.153315379
70.11531876788695,4898646.211004758
70.12531876788695,4898646.267907064
70.13531876788696,4898646.328871927
70.14531876788696,4898646.392565058
70.15531876788697,4898646.456353002
70.16531876788697,4898646.516139941
70.17531876788698,4898646.571675947
70.18531876788698,4898646.62929986
70.19531876788699,4898646.687337076
70.205318767887,4898646.751058455
70.215318767887,4898646.810278214
70.225318767887,4898646.868692703
70.23531876788701,4898646.926406558
70.24531876788701,4898646.987692644
70.25531876788702,4898647.044210239
70.26531876788702,4898647.110074025
70.27531876788703,4898647.168480816
70.28531876788703,4898647.224346783
70.29531876788704,4898647.28299798
70.30531876788704,4898647.343842199
70.31531876788705,4898647.402289288
70.32531876788705,4898647.462567504
70.33531876788706,4898647.522547346
70.34531876788706,4898647.583477755
70.35531876788707,4898647.639734047
70.36531876788708,4898647.703666631
70.37531876788708,4898647.764615048
70.38531876788709,4898647.825214134
70.39531876788709,4898647.880388096
70.4053187678871,4898647.937798279
70.4153187678871,4898647.995709409
70.4253187678871,4898648.053392926
70.43531876788711,4898648.11048541
70.44531876788712,4898648.170004004
70.45531876788712,4898648.224526954
70.46531876788713,4898648.285361546
70.47531876788713,4898648.340373169
70.48531876788714,4898648.397182991
70.49531876788714,4898648.45757784
70.50531876788715,4898648.513876049
70.51531876788715,4898648.571395233
70.52531876788716,4898648.635346867
70.53531876788716,4898648.695367984
70.54531876788717,4898648.750930285
70.55531876788717,4898648.808609489
70.56531876788718,4898648.864749266
70.57531876788718,4898648.923868554
70.58531876788719,4898648.982914188
70.59531876788719,4898649.0382964
70.6053187678872,4898649.096826334
70.6153187678872,4898649.154691396
70.62531876788721,4898649.213460568
70.63531876788721,4898649.27093742
70.64531876788722,4898649.32644774
70.65531876788722,4898649.381667032
70.66531876788723,4898649.439173874
70.67531876788723,4898649.497509765
70.68531876788724,4898649.560016034
70.69531876788724,4898649.619771878
70.70531876788725,4898649.679423556
70.71531876788725,4898649.744341963
70.72531876788726,4898649.80377855
70.73531876788726,4898649.874564074
70.74531876788727,4898649.931334848
70.75531876788727,4898649.98391518
70.76531876788728,4898650.040188207
70.77531876788728,4898650.096956715
70.78531876788729,4898650.156587876
70.7953187678873,4898650.21342762
70.8053187678873,4898650.269348123
70.8153187678873,4898650.325397151
70.82531876788731,4898650.380625054
70.83531876788732,4898650.435936942
70.84531876788732,4898650.491538955
70.85531876788733,4898650.545974457
70.86531876788733,4898650.600948399
70.87531876788734,4898650.655216308
70.88531876788734,4898650.706046484
70.89531876788735,4898650.758733412
70.90531876788735,4898650.817039708
70.91531876788736,4898650.871797211
70.92531876788736,4898650.925909897
70.93531876788737,4898650.981801885
70.94531876788737,4898651.033274214
70.95531876788738,4898651.085408101
70.96531876788738,4898651.140284544
70.97531876788739,4898651.194706457
70.98531876788739,4898651.247650569
70.9953187678874,4898651.298396931
71.0053187678874,4898651.351284272
71.01531876788741,4898651.404999778
71.02531876788741,4898651.458543646
71.03531876788742,4898651.512425595
71.04531876788742,4898651.56455769
71.05531876788743,4898651.619111921
71.06531876788743,4898651.672735439
71.07531876788744,4898651.725972522
71.08531876788744,4898651.782259421
71.09531876788745,4898651.83827619
71.10531876788745,4898651.893399754
71.11531876788746,4898651.946809538
71.12531876788746,4898651.998256051
71.13531876788747,4898652.052156518
71.14531876788747,4898652.107476017
71.15531876788748,4898652.162826447
71.16531876788748,4898652.217363955
71.17531876788749,4898652.270542386
71.1853187678875,4898652.326172327
71.1953187678875,4898652.38375596
71.2053187678875,4898652.437285903
71.21531876788751,4898652.490787841
71.22531876788752,4898652.543617284
71.23531876788752,4898652.596402883
71.24531876788753,4898652.649166825
71.25531876788753,4898652.702278781
71.26531876788754,4898652.755709453
71.27531876788754,4898652.811418752
71.28531876788755,4898652.864495171
71.29531876788755,4898652.918325474
71.30531876788756,4898652.972319512
71.31531876788756,4898653.02734127
71.32531876788757,4898653.080901611
71.33531876788757,4898653.135853375
71.34531876788758,4898653.190641468
71.35531876788758,4898653.245405319
71.36531876788759,4898653.29771306
71.37531876788759,4898653.352387365
71.3853187678876,4898653.4072806
71.3953187678876,4898653.460404698
71.40531876788761,4898653.512372243
71.41531876788761,4898653.564820831
71.42531876788762,4898653.618181982
71.43531876788762,4898653.6697895
71.44531876788763,4898653.7220059
71.45531876788763,4898653.77458179
71.46531876788764,4898653.828372958
71.47531876788764,4898653.88030547
71.48531876788765,4898653.93239032
71.49531876788765,4898653.983692888
71.50531876788766,4898654.036503952
71.51531876788766,4898654.087374641
71.52531876788767,4898654.140813351
71.53531876788767,4898654.19259885
71.54531876788768,4898654.243902086
71.55531876788768,4898654.295597531
71.56531876788769,4898654.346144852
71.5753187678877,4898654.398592329
71.5853187678877,4898654.449411807
71.5953187678877,4898654.502108812
71.60531876788771,4898654.55513349
71.61531876788771,4898654.607611204
71.62531876788772,4898654.664938982
71.63531876788772,4898654.721016039
71.64531876788773,4898654.777039109
71.65531876788774,4898654.834712223
71.66531876788774,4898654.888396962
71.67531876788775,4898654.945091271
71.68531876788775,4898655.001781898
71.69531876788776,4898655.058735529
71.70531876788776,4898655.115074129
71.71531876788777,4898655.172234018
71.72531876788777,4898655.228846535
71.73531876788778,4898655.286197484
71.74531876788778,4898655.342967056
71.75531876788779,4898655.40035704
71.76531876788779,4898655.45707698
71.7753187678878,4898655.51503777
71.7853187678878,4898655.573791123
71.7953187678878,4898655.629591859
71.80531876788781,4898655.685978172
71.81531876788782,4898655.741050341
71.82531876788782,4898655.797932615
71.83531876788783,4898655.853203316
71.84531876788783,4898655.909264922
71.85531876788784,4898655.964685878
71.86531876788784,4898656.022485524
71.87531876788785,4898656.079207818
71.88531876788785,4898656.13815021
71.89531876788786,4898656.195801427
71.90531876788786,4898656.251186509
71.91531876788787,4898656.307755476
71.92531876788787,4898656.36078015
71.93531876788788,4898656.415943991
71.94531876788788,4898656.469332483
71.95531876788789,4898656.523558159
71.9653187678879,4898656.576841856
71.9753187678879,4898656.631291015
71.9853187678879,4898656.683526409
71.99531876788791,4898656.738675256
72.00531876788791,4898656.794165094
72.01531876788792,4898656.850432693
72.02531876788792,4898656.904764858
72.03531876788793,4898656.958181284
72.04531876788793,4898657.0140786
72.05531876788794,4898657.06673261
72.06531876788794,4898657.119906647
72.07531876788795,4898657.174158302
72.08531876788796,4898657.227112243
72.09531876788796,4898657.279941024
72.10531876788797,4898657.331986477
72.11531876788797,4898657.384113899
72.12531876788798,4898657.437039945
72.13531876788798,4898657.490786044
72.14531876788799,4898657.543487488
72.15531876788799,4898657.597696244
72.165318767888,4898657.650663569
72.175318767888,4898657.703641229
72.185318767888,4898657.756068782
72.19531876788801,4898657.810759613
72.20531876788802,4898657.862559586
72.21531876788802,4898657.914808536
72.22531876788803,4898657.96724464
72.23531876788803,4898658.021190883
72.24531876788804,4898658.074485914
72.25531876788804,4898658.130043076
72.26531876788805,4898658.184139192
72.27531876788805,4898658.237604758
72.28531876788806,4898658.291715765
72.29531876788806,4898658.346249071
72.30531876788807,4898658.400266862
72.31531876788807,4898658.455973326
72.32531876788808,4898658.510319274
72.33531876788808,4898658.563846327
72.34531876788809,4898658.617563019
72.3553187678881,4898658.670527506
72.3653187678881,4898658.724107611
72.3753187678881,4898658.777880357
72.38531876788811,4898658.834147288
72.39531876788811,4898658.887789737
72.40531876788812,4898658.941393597
72.41531876788812,4898658.995125032
72.42531876788813,4898659.050411393
72.43531876788813,4898659.104340187
72.44531876788814,4898659.158410125
72.45531876788814,4898659.212421663
72.46531876788815,4898659.266698625
72.47531876788815,4898659.32075746
72.48531876788816,4898659.374181022
72.49531876788816,4898659.427231439
72.50531876788817,4898659.481077411
72.51531876788817,4898659.534725509
72.52531876788818,4898659.589600971
72.53531876788819,4898659.643620943
72.54531876788819,4898659.697596045
72.5553187678882,4898659.751585977
72.5653187678882,4898659.806479461
72.5753187678882,4898659.859595722
72.58531876788821,4898659.912631268
72.59531876788822,4898659.968983031
72.60531876788822,4898660.023443608
72.61531876788823,4898660.07694533
72.62531876788823,4898660.13279741
72.63531876788824,4898660.186673266
72.64531876788824,4898660.240681566
72.65531876788825,4898660.295747083
72.66531876788825,4898660.350748328
72.67531876788826,4898660.405187066
72.68531876788826,4898660.458224542
72.69531876788827,4898660.511416887
72.70531876788827,4898660.563072421
72.71531876788828,4898660.616379439
72.72531876788828,4898660.668855802
72.73531876788829,4898660.721999872
72.74531876788829,4898660.774076286
72.7553187678883,4898660.831886169
72.7653187678883,4898660.887349555
72.77531876788831,4898660.941405419
72.78531876788831,4898660.994329115
72.79531876788832,4898661.050177839
72.80531876788832,4898661.103815454
72.81531876788833,4898661.158856949
72.82531876788833,4898661.215373438
72.83531876788834,4898661.272158084
72.84531876788834,4898661.327463631
72.85531876788835,4898661.380468039
72.86531876788835,4898661.433936063
72.87531876788836,4898661.48930502
72.88531876788836,4898661.544832516
72.89531876788837,4898661.600905106
72.90531876788837,4898661.656559852
72.91531876788838,4898661.711333297
72.92531876788838,4898661.76506435
72.93531876788839,4898661.824820153
72.9453187678884,4898661.879495306
72.9553187678884,4898661.935217509
72.9653187678884,4898661.990983325
72.97531876788841,4898662.048221839
72.98531876788842,4898662.105285418
72.99531876788842,4898662.163468688
73.00531876788843,4898662.220552206
73.01531876788843,4898662.278934935
73.02531876788844,4898662.338063563
73.03531876788844,4898662.393199919
73.04531876788845,4898662.447859034
73.05531876788845,4898662.502887412
73.06531876788846,4898662.557582134
73.07531876788846,4898662.613840013
73.08531876788847,4898662.669253704
73.09531876788847,4898662.725115194
73.10531876788848,4898662.782534096
73.11531876788848,4898662.840916546
73.12531876788849,4898662.895933097
73.13531876788849,4898662.9542661
73.1453187678885,4898663.011345204
73.1553187678885,4898663.067417776
73.16531876788851,4898663.123220503
73.17531876788851,4898663.176253656
73.18531876788852,4898663.233546557
73.19531876788852,4898663.287938254
73.20531876788853,4898663.341177961
73.21531876788853,4898663.394048659
73.22531876788854,4898663.447231075
73.23531876788854,4898663.500840111
73.24531876788855,4898663.553279622
73.25531876788855,4898663.607110043
73.26531876788856,4898663.660979207
73.27531876788856,4898663.714020363
73.28531876788857,4898663.767924377
73.29531876788857,4898663.822693522
73.30531876788858,4898663.875797384
73.31531876788858,4898663.92942182
73.32531876788859,4898663.98267664
73.3353187678886,4898664.037348886
73.3453187678886,4898664.091487342
73.3553187678886,4898664.147938008
73.36531876788861,4898664.202226341
73.37531876788861,4898664.255555392
73.38531876788862,4898664.310017192
73.39531876788863,4898664.363416331
73.40531876788863,4898664.417953402
73.41531876788864,4898664.471539654
73.42531876788864,4898664.526020256
73.43531876788865,4898664.578393824
73.44531876788865,4898664.63297705
73.45531876788866,4898664.686916666
73.46531876788866,4898664.740566951
73.47531876788867,4898664.796772485
73.48531876788867,4898664.85309486
73.49531876788868,4898664.908947569
73.50531876788868,4898664.964153516
73.51531876788869,4898665.020882572
73.52531876788869,4898665.07574594
73.5353187678887,4898665.131664317
73.5453187678887,4898665.186622768
73.5553187678887,4898665.241505344
73.56531876788871,4898665.299652661
73.57531876788872,4898665.357592054
73.58531876788872,4898665.415181832
73.59531876788873,4898665.472931998
73.60531876788873,4898665.531247417
73.61531876788874,4898665.589783389
73.62531876788874,4898665.647945308
73.63531876788875,4898665.705021077
73.64531876788875,4898665.762554107
73.65531876788876,4898665.822563646
73.66531876788876,4898665.880885736
73.67531876788877,4898665.939545219
73.68531876788877,4898665.998536328
73.69531876788878,4898666.058566125
73.70531876788878,4898666.119466649
73.71531876788879,4898666.1778297
73.7253187678888,4898666.238073475
73.7353187678888,4898666.298712037
73.7453187678888,4898666.362784139
73.75531876788881,4898666.426091075
73.76531876788881,4898666.487486695
73.77531876788882,4898666.547114455
73.78531876788882,4898666.607603136
73.79531876788883,4898666.669211327
73.80531876788883,4898666.732203374
73.81531876788884,4898666.794953364
73.82531876788885,4898666.856308315
73.83531876788885,4898666.919842726
73.84531876788886,4898666.983262184
73.85531876788886,4898667.047646509
73.86531876788887,4898667.112604445
73.87531876788887,4898667.1740792
73.88531876788888,4898667.232442678
73.89531876788888,4898667.292586414
73.90531876788889,4898667.352212728
73.91531876788889,4898667.416600418
73.9253187678889,4898667.474133835
73.9353187678889,4898667.536744841
73.9453187678889,4898667.597075753
73.95531876788891,4898667.654587842
73.96531876788892,4898667.71231607
73.97531876788892,4898667.768619125
73.98531876788893,4898667.829053097
73.99531876788893,4898667.886454814
74.00531876788894,4898667.944860211
74.01531876788894,4898668.002255008
74.02531876788895,4898668.062955389
74.03531876788895,4898668.122812592
74.04531876788896,4898668.184012313
74.05531876788896,4898668.242784083
74.06531876788897,4898668.298512032
74.07531876788897,4898668.354486935
74.08531876788898,4898668.410610981
74.09531876788898,4898668.467075117
74.10531876788899,4898668.525019869
74.115318767889,4898668.581523566
74.125318767889,4898668.639133489
74.135318767889,4898668.696202729
74.14531876788901,4898668.75285019
74.15531876788901,4898668.81281386
74.16531876788902,4898668.871261272
74.17531876788902,4898668.929237272
74.18531876788903,4898668.986189645
74.19531876788903,4898669.045663821
74.20531876788904,4898669.106463766
74.21531876788904,4898669.167591373
74.22531876788905,4898669.226410356
74.23531876788905,4898669.283939131
74.24531876788906,4898669.342605265
74.25531876788907,4898669.398985083
74.26531876788907,4898669.45547526
74.27531876788908,4898669.513058973
74.28531876788908,4898669.57167647
74.29531876788909,4898669.628951712
74.30531876788909,4898669.685714884
74.3153187678891,4898669.74306453
74.3253187678891,4898669.802032922
74.3353187678891,4898669.860083039
74.34531876788911,4898669.920165277
74.35531876788912,4898669.978327125
74.36531876788912,4898670.037229809
74.37531876788913,4898670.095043628
74.38531876788913,4898670.155893653
74.39531876788914,4898670.215746246
74.40531876788914,4898670.275664166
74.41531876788915,4898670.335840623
74.42531876788915,4898670.39630002
74.43531876788916,4898670.456626302
74.44531876788916,4898670.517285487
74.45531876788917,4898670.57824927
74.46531876788917,4898670.641590901
74.47531876788918,4898670.702963224
74.48531876788918,4898670.763917671
74.49531876788919,4898670.828526681
74.5053187678892,4898670.891089951
74.5153187678892,4898670.952225924
74.5253187678892,4898671.015574551
74.53531876788921,4898671.078133635
74.54531876788921,4898671.141755888
74.55531876788922,4898671.205021543
74.56531876788922,4898671.272973197
74.57531876788923,4898671.341186699
74.58531876788923,4898671.409015651
74.59531876788924,4898671.475874222
74.60531876788924,4898671.544343569
74.61531876788925,4898671.612812449
74.62531876788925,4898671.679328601
74.63531876788926,4898671.748925805
74.64531876788926,4898671.819713794
74.65531876788927,4898671.889609743
74.66531876788927,4898671.960297889
74.67531876788928,4898672.032040245
74.68531876788929,4898672.10185275
74.69531876788929,4898672.174604051
74.7053187678893,4898672.24583157
74.7153187678893,4898672.315924246
74.7253187678893,4898672.384329552
74.73531876788931,4898672.453566212
74.74531876788932,4898672.526266641
74.75531876788932,4898672.598167439
74.76531876788933,4898672.666909669
74.77531876788933,4898672.736908441
74.78531876788934,4898672.804666809
74.79531876788934,4898672.870579684
74.80531876788935,4898672.941813498
74.81531876788935,4898673.013168838
74.82531876788936,4898673.08381503
74.83531876788936,4898673.156216032
74.84531876788937,4898673.226634262
74.85531876788937,4898673.298590275
74.86531876788938,4898673.370883374
74.87531876788938,4898673.443920622
74.88531876788939,4898673.515612025
74.89531876788939,4898673.585578587
74.9053187678894,4898673.656940024
74.9153187678894,4898673.7268842
74.92531876788941,4898673.797978545
74.93531876788941,4898673.871344155
74.94531876788942,4898673.939842459
74.95531876788942,4898674.004830443
74.96531876788943,4898674.072496556
74.97531876788943,4898674.150286802
74.98531876788944,4898674.225454586
74.99531876788944,4898674.300610395
75.00531876788945,4898674.371948702
75.01531876788945,4898674.441403765
75.02531876788946,4898674.506159467
75.03531876788946,4898674.572899511
75.04531876788947,4898674.642228717
75.05531876788947,4898674.712147885
75.06531876788948,4898674.777697304
75.07531876788948,4898674.843960203
75.08531876788949,4898674.907567302
75.0953187678895,4898674.971299339
75.1053187678895,4898675.036650616
75.1153187678895,4898675.101921629
75.12531876788951,4898675.166371977
75.13531876788952,4898675.230574065
75.14531876788952,4898675.29407451
75.15531876788953,4898675.359039476
75.16531876788953,4898675.423391756
75.17531876788954,4898675.487241829
75.18531876788954,4898675.551394831
75.19531876788955,4898675.616453194
75.20531876788955,4898675.681631686
75.21531876788956,4898675.748624646
75.22531876788956,4898675.814838302
75.23531876788957,4898675.879748573
75.24531876788957,4898675.943696662
75.25531876788958,4898676.007935193
75.26531876788958,4898676.071359268
75.27531876788959,4898676.137123658
75.28531876788959,4898676.201608979
75.2953187678896,4898676.267464856
75.3053187678896,4898676.3325548
75.31531876788961,4898676.39608667
75.32531876788961,4898676.458959365
75.33531876788962,4898676.523166745
75.34531876788962,4898676.585198993
75.35531876788963,4898676.652619566
75.36531876788963,4898676.721442349
75.37531876788964,4898676.795516801
75.38531876788964,4898676.866392492
75.39531876788965,4898676.932717041
75.40531876788965,4898677.00333223
75.41531876788966,4898677.075162304
75.42531876788966,4898677.14494718
75.43531876788967,4898677.21793763
75.44531876788967,4898677.289730625
75.45531876788968,4898677.366546913
75.46531876788968,4898677.441922042
75.47531876788969,4898677.522690247
75.4853187678897,4898677.595213644
75.4953187678897,4898677.663849561
75.5053187678897,4898677.73824091
75.51531876788971,4898677.811942315
75.52531876788971,4898677.88207329
75.53531876788972,4898677.947619351
75.54531876788973,4898678.020321101
75.55031876788972,4898678.091129336
75.56031876788973,4898678.175292208
75.57031876788973,4898678.25354021
75.58031876788974,4898678.330856532
75.59031876788974,4898678.402440199
75.60031876788975,4898678.473564915
75.61031876788975,4898678.547187129
75.62031876788976,4898678.635151453
75.63031876788976,4898678.721980222
75.64031876788977,4898678.80391768
75.65031876788977,4898678.884289404
75.66031876788978,4898678.958374166
75.67031876788978,4898679.029511939
75.68031876788979,4898679.104394001
75.69031876788979,4898679.183009777
75.7003187678898,4898679.264639327
75.7103187678898,4898679.346626497
75.72031876788981,4898679.423899452
75.73031876788981,4898679.497459565
75.74031876788982,4898679.573590111
75.75031876788982,4898679.648855335
75.76031876788983,4898679.722893399
75.77031876788983,4898679.798670141
75.78031876788984,4898679.87364268
75.79031876788984,4898679.947135338
75.80031876788985,4898680.019842894
75.81031876788985,4898680.090831593
75.82031876788986,4898680.169630582
75.83031876788986,4898680.245212764
75.84031876788987,4898680.317819005
75.85031876788987,4898680.393456044
75.86031876788988,4898680.466954644
75.87031876788988,4898680.540863064
75.88031876788989,4898680.61770395
75.8903187678899,4898680.690580529
75.9003187678899,4898680.764088224
75.9103187678899,4898680.84151393
75.92031876788991,4898680.921574817
75.93031876788991,4898681.006062552
75.94031876788992,4898681.091157826
75.95031876788993,4898681.176055283
75.96031876788993,4898681.256724009
75.97031876788994,4898681.332188692
75.98031876788994,4898681.405884361
75.99031876788995,4898681.486178005
76.00031876788995,4898681.569255894
76.01031876788996,4898681.650711471
76.02031876788996,4898681.726438853
76.03031876788997,4898681.805902087
76.04031876788997,4898681.877810699
76.05031876788998,4898681.949644187
76.06031876788998,4898682.02614775
76.07031876788999,4898682.102539988
76.08031876788999,4898682.177597331
76.09031876789,4898682.253902109
76.10031876789,4898682.332435211
76.11031876789,4898682.405530647
76.12031876789001,4898682.480561217
76.13031876789002,4898682.553748199
76.14031876789002,4898682.629168763
76.15031876789003,4898682.705694997
76.16031876789003,4898682.783210707
76.17031876789004,4898682.860050341
76.18031876789004,4898682.938323592
76.19031876789005,4898683.02246497
76.20031876789005,4898683.106696101
76.21031876789006,4898683.186700783
76.22031876789006,4898683.268501275
76.23031876789007,4898683.346748289
76.24031876789007,4898683.425410365
76.25031876789008,4898683.49666312
76.26031876789008,4898683.574828919
76.27031876789009,4898683.653165218
76.2803187678901,4898683.731934622
76.2903187678901,4898683.812083929
76.3003187678901,4898683.888897928
76.31031876789011,4898683.97173114
76.32031876789011,4898684.051147395
76.33031876789012,4898684.126226066
76.34031876789012,4898684.205914898
76.35031876789013,4898684.287119488
76.36031876789013,4898684.36197513
76.37031876789014,4898684.439210079
76.38031876789015,4898684.515339914
76.39031876789015,4898684.588836142
76.40031876789016,4898684.659385713
76.41031876789016,4898684.731146975
76.42031876789017,4898684.806545055
76.43031876789017,4898684.885166725
76.44031876789018,4898684.95785979
76.45031876789018,4898685.02881975
76.46031876789019,4898685.098718845
76.47031876789019,4898685.170784443
76.4803187678902,4898685.241887376
76.4903187678902,4898685.312913732
76.5003187678902,4898685.384716193
76.51031876789021,4898685.45575536
76.52031876789022,4898685.528850996
76.53031876789022,4898685.599378908
76.54031876789023,4898685.667625267
76.55031876789023,4898685.734419898
76.56031876789024,4898685.804660656
76.57031876789024,4898685.873845129
76.58031876789025,4898685.944302737
76.59031876789025,4898686.013315842
76.60031876789026,4898686.080330207
76.61031876789026,4898686.157659242
76.62031876789027,4898686.2299056
76.63031876789027,4898686.295239712
76.64031876789028,4898686.360869593
76.65031876789028,4898686.437619953
76.66031876789029,4898686.504894409
76.6703187678903,4898686.577753545
76.6803187678903,4898686.650611754
76.6903187678903,4898686.722076032
76.70031876789031,4898686.79618426
76.71031876789031,4898686.87311249
76.72031876789032,4898686.944917623
76.73031876789032,4898687.014118594
76.74031876789033,4898687.08248373
76.75031876789033,4898687.15059162
76.76031876789034,4898687.225555035
76.77031876789034,4898687.300853949
76.78031876789035,4898687.381328435
76.79031876789035,4898687.450995931
76.80031876789036,4898687.525570254
76.81031876789037,4898687.600041289
76.82031876789037,4898687.672007799
76.83031876789038,4898687.742624429
76.84031876789038,4898687.818462056
76.85031876789039,4898687.893296133
76.86031876789039,4898687.969058205
76.8703187678904,4898688.042371425
76.8803187678904,4898688.115316164
76.8903187678904,4898688.189532249
76.90031876789041,4898688.262229199
76.91031876789042,4898688.334387356
76.92031876789042,4898688.405557676
76.93031876789043,4898688.475871212
76.94031876789043,4898688.548027148
76.95031876789044,4898688.617052317
76.96031876789044,4898688.687513862
76.97031876789045,4898688.760917
76.98031876789045,4898688.831810148
76.99031876789046,4898688.903937455
77.00031876789046,4898688.975716087
77.01031876789047,4898689.04639757
77.02031876789047,4898689.1188199
77.03031876789048,4898689.189643435
77.04031876789048,4898689.2639121
77.05031876789049,4898689.339389095
77.0603187678905,4898689.411253879
77.0703187678905,4898689.484474355
77.0803187678905,4898689.554188012
77.09031876789051,4898689.627614258
77.10031876789051,4898689.699890137
77.11031876789052,4898689.771285673
77.12031876789052,4898689.843829099
77.13031876789053,4898689.921242916
77.14031876789053,4898689.997760344
77.15031876789054,4898690.077834369
77.16031876789054,4898690.15710835
77.17031876789055,4898690.231086876
77.18031876789055,4898690.308400152
77.19031876789056,4898690.385493491
77.20031876789056,4898690.4669854
77.21031876789057,4898690.540826742
77.22031876789057,4898690.616579715
77.23031876789058,4898690.692592291
77.24031876789059,4898690.767425308
77.25031876789059,4898690.847791786
77.2603187678906,4898690.925750643
77.2703187678906,4898691.002831257
77.2803187678906,4898691.081927869
77.29031876789061,4898691.161735714
77.30031876789062,4898691.243101851
77.31031876789062,4898691.318846854
77.32031876789063,4898691.393034251
77.33031876789063,4898691.467255419
77.34031876789064,4898691.549715841
77.35031876789064,4898691.62878025
77.36031876789065,4898691.714232538
77.37031876789065,4898691.794770983
77.38031876789066,4898691.872399463
77.39031876789066,4898691.951115035
77.40031876789067,4898692.032748534
77.41031876789067,4898692.119283299
77.42031876789068,4898692.195810146
77.43031876789068,4898692.271344526
77.44031876789069,4898692.34987711
77.45031876789069,4898692.431238986
77.4603187678907,4898692.510075629
77.4703187678907,4898692.58750979
77.48031876789071,4898692.662801679
77.49031876789071,4898692.741033316
77.50031876789072,4898692.821962609
77.51031876789072,4898692.897064003
77.52031876789073,4898692.975119061
77.53031876789073,4898693.055302083
77.54031876789074,4898693.135904938
77.55031876789074,4898693.210039309
77.56031876789075,4898693.292147297
77.57031876789075,4898693.368855178
77.58031876789076,4898693.440445595
77.59031876789076,4898693.51587573
77.60031876789077,4898693.600522187
77.61031876789077,4898693.67814318
77.62031876789078,4898693.757498688
77.63031876789078,4898693.840071344
77.64031876789079,4898693.911920271
77.6503187678908,4898693.994428247
77.6603187678908,4898694.072502855
77.6703187678908,4898694.146823424
77.68031876789081,4898694.217947095
77.69031876789082,4898694.292363169
77.70031876789082,4898694.366726826
77.71031876789083,4898694.444246268
77.72031876789083,4898694.517420996
77.73031876789084,4898694.590028333
77.74031876789084,4898694.661353291
77.75031876789085,4898694.733852477
77.76031876789085,4898694.805401946
77.77031876789086,4898694.878212668
77.78031876789086,4898694.947740299
77.79031876789087,4898695.010402516
77.80031876789087,4898695.078156429
77.81031876789088,4898695.147665593
77.82031876789088,4898695.21833058
77.83031876789089,4898695.287265754
77.84031876789089,4898695.354863399
77.8503187678909,4898695.420150428
77.8603187678909,4898695.487112271
77.87031876789091,4898695.548316292
77.88031876789091,4898695.608465377
77.89031876789092,4898695.670303487
77.90031876789092,4898695.734284472
77.91031876789093,4898695.798269428
77.92031876789093,4898695.862480636
77.93031876789094,4898695.926896809
77.94031876789094,4898695.990581591
77.95031876789095,4898696.066873901
77.96031876789095,4898696.13433259
77.97031876789096,4898696.190980659
77.98031876789096,4898696.244563512
77.99031876789097,4898696.304731666
78.00031876789097,4898696.354316193
78.01031876789098,4898696.401780442
78.02031876789098,4898696.447571755
78.03031876789099,4898696.491336678
78.03479390637001,4898696.665041912
78.04398463740766,4898696.710369498
78.04898463740766,4898696.757139065
78.05562581271316,4898696.79270685
78.06204524266181,4898696.897820187
78.06846467261046,4898696.934492544
78.07346467261046,4898696.974115063
78.07566514982719,4898697.02564577
78.0856651498272,4898697.071830456
78.0911466886101,4898697.214330772
78.096628227393,4898697.25334606
78.10144579422973,4898697.386337127
78.10626336106647,4898697.426488146
78.11126336106646,4898697.479344199
78.11849306843672,4898697.528734532
78.12074733882315,4898697.594129692
78.12297814821234,4898697.64249556
78.12497756546068,4898697.68545377
78.12920845671724,4898697.722490109
78.1349063362763,4898697.757125621
78.1399063362763,4898697.812581239
78.1499063362763,4898697.857968593
78.15990633627631,4898697.903536449
78.16990633627631,4898697.949580431
78.17990633627632,4898697.983365394
78.18490633627631,4898698.020261988
78.18740633627631,4898698.07039738
78.18987723573589,4898698.123120632
78.19182045012849,4898698.174741536
78.19710208132503,4898698.216646347
78.20210208132502,4898698.261190222
78.20710208132502,4898698.310643692
78.21034439096191,4898698.350784745
78.21846899766523,4898698.385272093
78.22253130101689,4898698.426200288
78.2300333313731,4898698.465203764
78.2375353617293,4898698.497183353
78.2425353617293,4898698.532994484
78.2525353617293,4898698.56828298
78.2625353617293,4898698.598129448
78.2675353617293,4898698.629392538
78.2681603617293,4898698.678158173
78.2712853617293,4898698.707183763
78.27726898378937,4898698.734703512
78.28583353235709,4898698.783426928
78.29439808092481,4898698.807993902
78.30439808092481,4898698.835498195
78.30939808092481,4898698.861243617
78.31939808092481,4898698.890373789
78.32939808092482,4898698.912106004
78.33939808092482,4898698.933377331
78.34439808092482,4898698.957603135
78.34939808092481,4898698.992022645
78.35939808092482,4898699.025904742
78.36439808092481,4898699.060962617
78.36939808092481,4898699.086373036
78.37939808092482,4898699.114098137
78.38939808092482,4898699.142328534
78.39439808092482,4898699.172507797
78.39906807517528,4898699.206131195
78.40906807517528,4898699.235005688
78.41406807517528,4898699.28007332
78.41656807517528,4898699.320365614
78.42156807517527,4898699.366033265
78.42406807517527,4898699.408129713
78.42540673965739,4898699.458551879
78.431596926865,4898699.503901298
78.4377871140726,4898699.531748514
78.4390371140726,4898699.579161869
78.4405349079071,4898699.615268934
78.44562408343681,4898699.647781322
78.44770937444773,4898699.704501835
78.450702817728,4898699.747706918
78.45566138779097,4898699.783153818
78.45814067282245,4898699.822811137
78.46409308103324,4898699.853814795
78.47004548924403,4898699.880165203
78.47599789745482,4898699.905403345
78.4819503056656,4898699.932124208
78.48563854526064,4898699.968986711
78.48652970218946,4898700.025952398
78.48788676961894,4898700.05987893
78.48988542299556,4898700.104660352
78.49415638468459,4898700.1541833
78.4984609420122,4898700.198559191
78.5084609420122,4898700.236978114
78.5134609420122,4898700.278076355
78.5159609420122,4898700.327007573
78.5224398100548,4898700.366386053
78.53243981005481,4898700.405709711
78.54243981005482,4898700.445427203
78.54743981005481,4898700.503647046
78.54944863531112,4898700.555403823
78.55069863531112,4898700.613597971
78.55353840227866,4898700.660181468
78.55783890717329,4898700.712490597
78.5678389071733,4898700.761550833
78.5778389071733,4898700.805108729
78.5878389071733,4898700.856701003
78.59783890717331,4898700.897632466
78.60783890717332,4898700.938773535
78.61783890717332,4898700.975844062
78.62783890717333,4898701.023018235
78.63783890717333,4898701.064327453
78.64783890717334,4898701.108710268
78.65783890717334,4898701.156224494
78.66783890717335,4898701.201964798
78.67783890717335,4898701.245401101
78.68783890717336,4898701.288138803
78.69783890717336,4898701.329168829
78.70783890717337,4898701.375283944
78.71283890717336,4898701.426637977
78.72283890717337,4898701.47625469
78.73283890717337,4898701.516243234
78.74283890717338,4898701.558554674
78.75283890717338,4898701.600545499
78.76283890717339,4898701.642888919
78.7728389071734,4898701.680940347
78.7828389071734,4898701.719575941
78.7928389071734,4898701.758428937
78.80283890717341,4898701.798243356
78.81283890717341,4898701.837598094
78.82283890717342,4898701.878753259
78.83283890717343,4898701.916121212
78.84283890717343,4898701.954478901
78.85283890717344,4898701.996647475
78.86283890717344,4898702.037981449
78.87283890717345,4898702.075224093
78.88283890717345,4898702.111482415
78.89283890717346,4898702.150322769
78.90283890717346,4898702.186367103
78.91283890717347,4898702.222675043
78.92283890717347,4898702.25736425
78.93283890717348,4898702.290082289
78.94283890717348,4898702.322252093
78.95283890717349,4898702.355276295
78.96283890717349,4898702.387684197
78.9728389071735,4898702.42321014
78.9828389071735,4898702.467309183
78.9928389071735,4898702.507350911
79.00283890717351,4898702.541392592
79.01283890717352,4898702.578589782
79.02283890717352,4898702.61365566
79.03283890717353,4898702.648455405
79.04283890717353,4898702.685605633
79.05283890717354,4898702.717586354
79.06283890717354,4898702.752950833
79.07283890717355,4898702.786553056
79.08283890717355,4898702.823595173
79.09283890717356,4898702.856584907
79.10283890717356,4898702.890293201
79.11283890717357,4898702.923723087
79.12283890717357,4898702.95732901
79.13283890717358,4898702.991555546
79.14283890717358,4898703.02859173
79.15283890717359,4898703.064115245
79.1628389071736,4898703.098449073
79.1728389071736,4898703.131291548
79.1828389071736,4898703.16410992
79.19283890717361,4898703.197378946
79.20283890717361,4898703.230453704
79.21283890717362,4898703.26575095
79.22283890717362,4898703.300100137
79.23283890717363,4898703.334698897
79.24283890717363,4898703.369799564
79.25283890717364,4898703.404270316
79.26283890717364,4898703.449325216
79.27283890717365,4898703.487666111
79.28283890717366,4898703.525220045
79.29283890717366,4898703.563539448
79.30283890717367,4898703.601708902
79.31283890717367,4898703.639731105
79.32283890717368,4898703.675348759
79.33283890717368,4898703.708130079
79.34283890717369,4898703.741044707
79.35283890717369,4898703.775074296
79.3628389071737,4898703.811579498
79.3728389071737,4898703.845476077
79.3828389071737,4898703.881865748
79.39283890717371,4898703.915116128
79.40283890717372,4898703.949077301
79.41283890717372,4898703.984256809
79.42283890717373,4898704.020821019
79.43283890717373,4898704.056927623
79.44283890717374,4898704.09228616
79.45283890717374,4898704.129061569
79.46283890717375,4898704.164142817
79.47283890717375,4898704.19924946
79.48283890717376,4898704.232396134
79.49283890717376,4898704.267672438
79.50283890717377,4898704.301090157
79.51283890717377,4898704.335535915
79.52283890717378,4898704.368546094
79.53283890717378,4898704.399911721
79.54283890717379,4898704.43111859
79.5528389071738,4898704.46234582
79.5628389071738,4898704.493931277
79.5728389071738,4898704.524823848
79.58283890717381,4898704.558448751
79.59283890717381,4898704.589614437
79.60283890717382,4898704.62311473
79.61283890717382,4898704.658811406
79.62283890717383,4898704.692169219
79.63283890717383,4898704.725597086
79.64283890717384,4898704.75972078
79.65283890717384,4898704.79302289
79.66283890717385,4898704.83019056
79.67283890717385,4898704.864550226
79.68283890717386,4898704.896487953
79.69283890717386,4898704.927805054
79.70283890717387,4898704.960337799
79.71283890717388,4898704.992095351
79.72283890717388,4898705.026679394
79.73283890717389,4898705.059609198
79.74283890717389,4898705.091636769
79.7528389071739,4898705.125936584
79.7628389071739,4898705.158818938
79.7728389071739,4898705.191318435
79.78283890717391,4898705.223342226
79.79283890717392,4898705.255745196
79.80283890717392,4898705.28855173
79.81283890717393,4898705.320661635
79.82283890717393,4898705.353709698
79.83283890717394,4898705.388601979
79.84283890717394,4898705.422659479
79.85283890717395,4898705.456327816
79.86283890717395,4898705.493452578
79.87283890717396,4898705.527092359
79.88283890717396,4898705.560697809
79.89283890717397,4898705.597448325
79.90283890717397,4898705.630138011
79.91283890717398,4898705.664092149
79.92283890717398,4898705.69610385
79.93283890717399,4898705.729114415
79.94283890717399,4898705.763559635
79.952838907174,4898705.801137544
79.962838907174,4898705.834824393
79.97283890717401,4898705.870170322
79.98283890717401,4898705.902102648
79.99283890717402,4898705.934271033
80.00283890717402,4898705.966755436
80.01283890717403,4898705.998991558
80.02283890717403,4898706.031158189
80.03283890717404,4898706.06339756
80.04283890717404,4898706.095178401
80.05283890717405,4898706.129880191
80.06283890717405,4898706.162955019
80.07283890717406,4898706.194686637
80.08283890717406,4898706.226317439
80.09283890717407,4898706.26049856
80.10283890717407,4898706.293855965
80.11283890717408,4898706.327008509
80.12283890717408,4898706.365517681
80.13283890717409,4898706.403342565
80.1428389071741,4898706.438084309
80.1528389071741,4898706.470797061
80.1628389071741,4898706.506587139
80.17283890717411,4898706.544321471
80.18283890717412,4898706.584276903
80.19283890717412,4898706.62114752
80.20283890717413,4898706.663506136
80.21283890717413,4898706.705202142
80.22283890717414,4898706.738773392
80.23283890717414,4898706.774599279
80.24283890717415,4898706.808502049
80.25283890717415,4898706.842549977
80.26283890717416,4898706.875895148
80.27283890717416,4898706.911609763
80.28283890717417,4898706.945799851
80.29283890717417,4898706.98067024
80.30283890717418,4898707.016830077
80.31283890717418,4898707.055252792
80.32283890717419,4898707.090404675
80.33283890717419,4898707.125545221
80.33533890717419,4898707.165911629
80.33658890717419,4898707.210328525
80.33697953217418,4898707.252420375
80.33893265717418,4898707.292409582
80.34567474553998,4898707.336859632
80.35567474553999,4898707.372485981
80.36567474553999,4898707.406446312
80.37067474553999,4898707.440791164
80.38067474553999,4898707.482461819
80.39067474554,4898707.515991871
80.40067474554,4898707.551285991
80.41067474554,4898707.583813726
80.42067474554001,4898707.61688916
80.43067474554002,4898707.650404991
80.44067474554002,4898707.683328005
80.45067474554003,4898707.714331919
80.46067474554003,4898707.746380266
80.47067474554004,4898707.777673486
80.48067474554004,4898707.812206651
80.49067474554005,4898707.845614886
80.50067474554005,4898707.880827797
80.51067474554006,4898707.913050734
80.52067474554006,4898707.943989269
80.53067474554007,4898707.980061101
80.54067474554007,4898708.014468995
80.55067474554008,4898708.048655712
80.56067474554008,4898708.081557548
80.57067474554009,4898708.11740989
80.5806747455401,4898708.1516052
80.5906747455401,4898708.18484916
80.6006747455401,4898708.218175022
80.61067474554011,4898708.250775825
80.62067474554011,4898708.28281436
80.63067474554012,4898708.314894016
80.64067474554012,4898708.347144572
80.65067474554013,4898708.379894721
80.66067474554013,4898708.411809717
80.67067474554014,4898708.444557484
80.68067474554014,4898708.476777926
80.69067474554015,4898708.508614144
80.70067474554016,4898708.539743518
80.71067474554016,4898708.571694897
80.72067474554017,4898708.604143933
80.73067474554017,4898708.635893363
80.74067474554018,4898708.668707077
80.75067474554018,4898708.700968095
80.76067474554019,4898708.732945522
80.77067474554019,4898708.766422827
80.7806747455402,4898708.802387587
80.7906747455402,4898708.836742658
80.8006747455402,4898708.870377757
80.81067474554021,4898708.903382534
80.82067474554022,4898708.936305532
80.83067474554022,4898708.970052933
80.84067474554023,4898709.004006094
80.85067474554023,4898709.038256638
80.86067474554024,4898709.073319275
80.87067474554024,4898709.108225696
80.88067474554025,4898709.143062317
80.89067474554025,4898709.177485648
80.90067474554026,4898709.211062563
80.91067474554026,4898709.245090587
80.92067474554027,4898709.279756655
80.93067474554027,4898709.313879924
80.94067474554028,4898709.348020375
80.95067474554028,4898709.382117513
80.96067474554029,4898709.415240542
80.9706747455403,4898709.44907141
80.9806747455403,4898709.483647509
80.9906747455403,4898709.517501065
81.00067474554031,4898709.552034888
81.01067474554031,4898709.587336061
81.02067474554032,4898709.621818617
81.03067474554032,4898709.656488551
81.04067474554033,4898709.690845425
81.05067474554033,4898709.724356522
81.06067474554034,4898709.758426108
81.07067474554034,4898709.792713714
81.08067474554035,4898709.828442702
81.09067474554035,4898709.863371063
81.10067474554036,4898709.897734905
81.11067474554036,4898709.932142698
81.12067474554037,4898709.967064052
81.13067474554038,4898710.002561485
81.14067474554038,4898710.037064706
81.15067474554039,4898710.071196091
81.16067474554039,4898710.106549563
81.1706747455404,4898710.143121431
81.1806747455404,4898710.178719133
81.1906747455404,4898710.213535497
81.20067474554041,4898710.24764702
81.21067474554042,4898710.281882207
81.22067474554042,4898710.316203224
81.23067474554043,4898710.350470656
81.24067474554043,4898710.384893176
81.25067474554044,4898710.419296583
81.26067474554044,4898710.453907281
81.27067474554045,4898710.487677016
81.28067474554045,4898710.521762804
81.29067474554046,4898710.556059434
81.30067474554046,4898710.590212659
81.31067474554047,4898710.624410942
81.32067474554047,4898710.658916665
81.33067474554048,4898710.693171006
81.34067474554048,4898710.72694393
81.35067474554049,4898710.761365234
81.36067474554049,4898710.797645524
81.3706747455405,4898710.833039843
81.3806747455405,4898710.867631589
81.39067474554051,4898710.902070841
81.40067474554051,4898710.935755247
81.41067474554052,4898710.970314726
81.42067474554052,4898711.005296233
81.43067474554053,4898711.040179031
81.44067474554053,4898711.073824922
81.45067474554054,4898711.107955134
81.46067474554054,4898711.143095964
81.47067474554055,4898711.178082251
81.48067474554055,4898711.211549536
81.49067474554056,4898711.245881242
81.50067474554056,4898711.279728669
81.51067474554057,4898711.314298194
81.52067474554057,4898711.34870539
81.53067474554058,4898711.382206113
81.54067474554058,4898711.415544957
81.55067474554059,4898711.448787283
81.5606747455406,4898711.483022847
81.5706747455406,4898711.518779133
81.5806747455406,4898711.557209242
81.59067474554061,4898711.593891441
81.60067474554062,4898711.629070611
81.61067474554062,4898711.664081061
81.62067474554063,4898711.69884673
81.63067474554063,4898711.732619047
81.64067474554064,4898711.767612685
81.65067474554064,4898711.803763239
81.66067474554065,4898711.838899457
81.67067474554065,4898711.873697045
81.68067474554066,4898711.909678918
81.69067474554066,4898711.946794285
81.70067474554067,4898711.982233145
81.71067474554067,4898712.017573094
81.72067474554068,4898712.05172682
81.73067474554068,4898712.090444267
81.74067474554069,4898712.127907769
81.75067474554069,4898712.164834654
81.7606747455407,4898712.199129277
81.7706747455407,4898712.233194224
81.78067474554071,4898712.267652827
81.79067474554071,4898712.301904099
81.80067474554072,4898712.335728354
81.81067474554072,4898712.369226551
81.82067474554073,4898712.401634849
81.83067474554073,4898712.434718046
81.84067474554074,4898712.467415455
81.85067474554074,4898712.500049617
81.86067474554075,4898712.53281978
81.87067474554075,4898712.56594828
81.88067474554076,4898712.598162591
81.89067474554076,4898712.630885892
81.90067474554077,4898712.663601907
81.91067474554077,4898712.696650874
81.92067474554078,4898712.729231164
81.93067474554078,4898712.762524096
81.94067474554079,4898712.796249318
81.9506747455408,4898712.830513446
81.9606747455408,4898712.863640116
81.9706747455408,4898712.896482011
81.98067474554081,4898712.929155601
81.99067474554082,4898712.963671932
82.00067474554082,4898713.000339298
82.01067474554083,4898713.035391692
82.02067474554083,4898713.068556253
82.03067474554084,4898713.101820054
82.04067474554084,4898713.135850986
82.05067474554085,4898713.169369292
82.06067474554085,4898713.20249133
82.07067474554086,4898713.235152299
82.08067474554086,4898713.268812915
82.09067474554087,4898713.301497019
82.10067474554087,4898713.333352689
82.11067474554088,4898713.366381983
82.12067474554088,4898713.399234717
82.13067474554089,4898713.431617199
82.14067474554089,4898713.46415875
82.1506747455409,4898713.496423619
82.1606747455409,4898713.528488813
82.17067474554091,4898713.561991531
82.18067474554091,4898713.595368032
82.19067474554092,4898713.628907695
82.20067474554092,4898713.662252078
82.21067474554093,4898713.696237441
82.22067474554093,4898713.728940704
82.23067474554094,4898713.762030347
82.24067474554094,4898713.796134946
82.25067474554095,4898713.83015709
82.26067474554095,4898713.863181778
82.27067474554096,4898713.896226657
82.28067474554096,4898713.928947149
82.29067474554097,4898713.961824439
82.30067474554097,4898713.994792741
82.31067474554098,4898714.02806389
82.32067474554098,4898714.060661531
82.33067474554099,4898714.093596796
82.340674745541,4898714.130990892
82.350674745541,4898714.164783109
82.360674745541,4898714.203223056
82.37067474554101,4898714.240966725
82.38067474554101,4898714.278917429
82.39067474554102,4898714.312748027
82.40067474554102,4898714.3445418
82.41067474554103,4898714.376510192
82.42067474554104,4898714.407936013
82.43067474554104,4898714.438953918
82.44067474554105,4898714.470493608
82.45067474554105,4898714.501640974
82.46067474554106,4898714.532726428
82.47067474554106,4898714.564050617
82.48067474554107,4898714.595291232
82.49067474554107,4898714.626391235
82.50067474554108,4898714.657581036
82.51067474554108,4898714.688863085
82.52067474554109,4898714.719412239
82.53067474554109,4898714.750888411
82.5406747455411,4898714.782636037
82.5506747455411,4898714.816410465
82.5606747455411,4898714.848294056
82.57067474554111,4898714.879733502
82.58067474554112,4898714.910605664
82.59067474554112,4898714.941847131
82.60067474554113,4898714.973568319
82.61067474554113,4898715.006197642
82.62067474554114,4898715.038109798
82.63067474554114,4898715.070241967
82.64067474554115,4898715.101893506
82.65067474554115,4898715.137100864
82.66067474554116,4898715.170543184
82.67067474554116,4898715.202356263
82.68067474554117,4898715.233096679
82.69067474554117,4898715.263912549
82.70067474554118,4898715.294939534
82.71067474554118,4898715.325372449
82.72067474554119,4898715.356158975
82.7306747455412,4898715.386954495
82.7406747455412,4898715.417659034
82.7506747455412,4898715.448690983
82.76067474554121,4898715.479822581
82.77067474554121,4898715.510447581
82.78067474554122,4898715.540530016
82.79067474554122,4898715.572436955
82.80067474554123,4898715.602725274
82.81067474554123,4898715.633723311
82.82067474554124,4898715.664287765
82.83067474554124,4898715.695012386
82.84067474554125,4898715.724862087
82.85067474554126,4898715.755211668
82.86067474554126,4898715.785109563
82.87067474554127,4898715.817080884
82.88067474554127,4898715.847672351
82.89067474554128,4898715.878059028
82.90067474554128,4898715.908139416
82.91067474554129,4898715.938045412
82.92067474554129,4898715.969393455
82.9306747455413,4898716.002060203
82.9406747455413,4898716.033311636
82.9506747455413,4898716.064408145
82.96067474554131,4898716.09540184
82.97067474554132,4898716.12798183
82.98067474554132,4898716.159677907
82.99067474554133,4898716.191264568
83.00067474554133,4898716.22184922
83.01067474554134,4898716.251992654
83.02067474554134,4898716.28405498
83.03067474554135,4898716.316196532
83.04067474554135,4898716.347501073
83.05067474554136,4898716.378306207
83.06067474554136,4898716.409196013
83.07067474554137,4898716.440660707
83.08067474554137,4898716.471206024
83.09067474554138,4898716.501214241
83.10067474554138,4898716.530998461
83.11067474554139,4898716.561775601
83.1206747455414,4898716.5919919
83.1306747455414,4898716.622388864
83.1406747455414,4898716.653080964
83.15067474554141,4898716.684157963
83.16067474554141,4898716.714043606
83.17067474554142,4898716.744372898
83.18067474554142,4898716.774815467
83.19067474554143,4898716.806882421
83.20067474554143,4898716.838042116
83.21067474554144,4898716.868823479
83.22067474554144,4898716.900068047
83.23067474554145,4898716.930228565
83.24067474554145,4898716.960450353
83.25067474554146,4898716.991047789
83.26067474554146,4898717.023239222
83.27067474554147,4898717.053742879
83.28067474554148,4898717.08445988
83.29067474554148,4898717.115704252
83.30067474554149,4898717.146771285
83.31067474554149,4898717.17930112
83.3206747455415,4898717.210228386
83.3306747455415,4898717.240470363
83.3406747455415,4898717.271439891
83.35067474554151,4898717.302141263
83.36067474554152,4898717.33312452
83.37067474554152,4898717.364040063
83.38067474554153,4898717.395276302
83.39067474554153,4898717.42587392
83.40067474554154,4898717.456589585
83.41067474554154,4898717.490129344
83.42067474554155,4898717.522035114
83.43067474554155,4898717.553825843
83.44067474554156,4898717.586379489
83.45067474554156,4898717.618362083
83.46067474554157,4898717.650063073
83.47067474554157,4898717.682036521
83.48067474554158,4898717.713319684
83.49067474554158,4898717.744202587
83.50067474554159,4898717.775940942
83.51067474554159,4898717.810311888
83.5206747455416,4898717.845627655
83.5306747455416,4898717.878572331
83.54067474554161,4898717.910822674
83.55067474554161,4898717.943009357
83.56067474554162,4898717.977050424
83.57067474554162,4898718.012176973
83.58067474554163,4898718.047351667
83.59067474554163,4898718.08105998
83.60067474554164,4898718.115858245
83.61067474554164,4898718.151433553
83.62067474554165,4898718.186680015
83.63067474554165,4898718.220948088
83.64067474554166,4898718.254927174
83.65067474554166,4898718.289629605
83.66067474554167,4898718.323850604
83.67067474554167,4898718.357887331
83.68067474554168,4898718.391970138
83.69067474554168,4898718.426281058
83.70067474554169,4898718.460242945
83.7106747455417,4898718.494529844
83.7206747455417,4898718.528465782
83.7306747455417,4898718.562865575
83.74067474554171,4898718.597148665
83.75067474554172,4898718.63144689
83.76067474554172,4898718.666076805
83.77067474554173,4898718.700822608
83.78067474554173,4898718.734908635
83.79067474554174,4898718.769414937
83.80067474554174,4898718.804643099
83.81067474554175,4898718.840477498
83.82067474554175,4898718.875067435
83.83067474554176,4898718.910426143
83.84067474554176,4898718.945359655
83.85067474554177,4898718.980888572
83.86067474554177,4898719.017415649
83.87067474554178,4898719.052943639
83.88067474554178,4898719.088177802
83.89067474554179,4898719.123870521
83.90067474554179,4898719.159200566
83.9106747455418,4898719.19544407
83.9206747455418,4898719.23053582
83.93067474554181,4898719.265094624
83.94067474554181,4898719.299938509
83.95067474554182,4898719.33421362
83.96067474554182,4898719.369612096
83.97067474554183,4898719.404452603
83.98067474554183,4898719.43881995
83.99067474554184,4898719.473381291
84.00067474554184,4898719.509098651
84.01067474554185,4898719.544026386
84.02067474554185,4898719.581265089
84.03067474554186,4898719.617624834
84.04067474554186,4898719.653795186
84.05067474554187,4898719.69019415
84.06067474554187,4898719.725721286
84.07067474554188,4898719.761821617
84.08067474554188,4898719.79779177
84.09067474554189,4898719.836056629
84.1006747455419,4898719.872456219
84.1106747455419,4898719.909307652
84.1206747455419,4898719.949418707
84.13067474554191,4898719.986931401
84.14067474554192,4898720.024446706
84.15067474554192,4898720.060872335
84.16067474554193,4898720.096502921
84.17067474554193,4898720.13569357
84.18067474554194,4898720.172940744
84.19067474554194,4898720.210197053
84.20067474554195,4898720.246338583
84.21067474554195,4898720.282388161
84.22067474554196,4898720.317832644
84.23067474554196,4898720.354822208
84.24067474554197,4898720.391756498
84.25067474554197,4898720.428234562
84.26067474554198,4898720.465039796
84.27067474554198,4898720.501562188
84.28067474554199,4898720.53790928
84.29067474554199,4898720.574145185
84.300674745542,4898720.610069053
84.310674745542,4898720.646425499
84.32067474554201,4898720.682994987
84.33067474554201,4898720.719434184
84.34067474554202,4898720.754155698
84.35067474554202,4898720.789744653
84.36067474554203,4898720.826822133
84.37067474554203,4898720.862903839
84.38067474554204,4898720.898592823
84.39067474554204,4898720.93425807
84.40067474554205,4898720.970231199
84.41067474554205,4898721.008281886
84.42067474554206,4898721.044539367
84.43067474554206,4898721.080749339
84.44067474554207,4898721.116790606
84.45067474554207,4898721.152632577
84.46067474554208,4898721.189227189
84.47067474554208,4898721.225935831
84.48067474554209,4898721.262065409
84.4906747455421,4898721.29846889
84.5006747455421,4898721.335589918
84.5106747455421,4898721.372507507
84.52067474554211,4898721.409439837
84.53067474554211,4898721.445280279
84.54067474554212,4898721.48286183
84.55067474554212,4898721.51909153
84.56067474554213,4898721.555703639
84.57067474554214,4898721.593200549
84.58067474554214,4898721.629815053
84.59067474554215,4898721.666426886
84.60067474554215,4898721.703457534
84.61067474554216,4898721.739735653
84.62067474554216,4898721.776923898
84.63067474554217,4898721.81549272
84.64067474554217,4898721.853705759
84.65067474554218,4898721.89098076
84.66067474554218,4898721.928934109
84.67067474554219,4898721.967146375
84.68067474554219,4898722.007448062
84.6906747455422,4898722.04930437
84.7006747455422,4898722.089207696
84.7106747455422,4898722.128118315
84.72067474554221,4898722.167644828
84.73067474554222,4898722.206921664
84.74067474554222,4898722.246047256
84.75067474554223,4898722.284568938
84.76067474554223,4898722.322871483
84.77067474554224,4898722.360531337
84.78067474554224,4898722.398423821
84.79067474554225,4898722.43688302
84.80067474554225,4898722.476494433
84.81067474554226,4898722.515758799
84.82067474554226,4898722.553537452
84.83067474554227,4898722.591854653
84.84067474554227,4898722.629550907
84.85067474554228,4898722.666975861
84.86067474554228,4898722.703912397
84.87067474554229,4898722.739814298
84.8806747455423,4898722.774685136
84.8906747455423,4898722.81321468
84.9006747455423,4898722.850517811
84.91067474554231,4898722.887522667
84.92067474554231,4898722.924269033
84.93067474554232,4898722.960902087
84.94067474554232,4898722.999916016
84.95067474554233,4898723.038658776
84.96067474554233,4898723.076790424
84.97067474554234,4898723.113847462
84.98067474554234,4898723.151854264
84.99067474554235,4898723.190043736
85.00067474554236,4898723.227069604
85.01067474554236,4898723.265339302
85.02067474554237,4898723.3009702
85.03067474554237,4898723.335970735
85.04067474554238,4898723.371407752
85.05067474554238,4898723.407733852
85.06067474554239,4898723.444600226
85.07067474554239,4898723.481586076
85.0806747455424,4898723.518069945
85.0906747455424,4898723.554481899
85.1006747455424,4898723.59153929
85.11067474554241,4898723.627699117
85.12067474554242,4898723.664458276
85.13067474554242,4898723.700914762
85.14067474554243,4898723.735698777
85.15067474554243,4898723.770285013
85.16067474554244,4898723.80577062
85.17067474554244,4898723.841449979
85.18067474554245,4898723.876331481
85.19067474554245,4898723.912639404
85.20067474554246,4898723.94646244
85.21067474554246,4898723.980752156
85.22067474554247,4898724.015415256
85.23067474554247,4898724.049278427
85.24067474554248,4898724.083651291
85.25067474554248,4898724.119596879
85.26067474554249,4898724.155614402
85.2706747455425,4898724.189839315
85.2806747455425,4898724.224047203
85.2906747455425,4898724.258357464
85.30067474554251,4898724.292566674
85.31067474554251,4898724.326434222
85.32067474554252,4898724.360122449
85.33067474554252,4898724.394147821
85.34067474554253,4898724.428340103
85.35067474554253,4898724.462319472
85.36067474554254,4898724.496092633
85.37067474554254,4898724.529823212
85.38067474554255,4898724.563906471
85.39067474554255,4898724.597998331
85.40067474554256,4898724.632439172
85.41067474554256,4898724.666292569
85.42067474554257,4898724.699765438
85.43067474554258,4898724.732601702
85.44067474554258,4898724.766041584
85.45067474554259,4898724.799268489
85.46067474554259,4898724.834895852
85.4706747455426,4898724.868686594
85.4806747455426,4898724.90196608
85.4906747455426,4898724.935286855
85.50067474554261,4898724.969088981
85.51067474554262,4898725.003688452
85.52067474554262,4898725.03826653
85.53067474554263,4898725.072145046
85.54067474554263,4898725.105860901
85.55067474554264,4898725.140671642
85.56067474554264,4898725.175951333
85.57067474554265,4898725.209487348
85.58067474554265,4898725.242819793
85.59067474554266,4898725.2774585
85.60067474554266,4898725.311268158
85.61067474554267,4898725.344842545
85.62067474554267,4898725.378302699
85.63067474554268,4898725.410741443
85.64067474554268,4898725.442972326
85.65067474554269,4898725.475949297
85.66067474554269,4898725.508739404
85.6706747455427,4898725.540855707
85.6806747455427,4898725.575127639
85.69067474554271,4898725.607867672
85.70067474554271,4898725.64183462
85.71067474554272,4898725.675197227
85.72067474554272,4898725.7079098
85.73067474554273,4898725.740805718
85.74067474554273,4898725.773474153
85.75067474554274,4898725.807302214
85.76067474554274,4898725.842269027
85.77067474554275,4898725.875794232
85.78067474554275,4898725.908198973
85.79067474554276,4898725.940826689
85.80067474554276,4898725.973370196
85.81067474554277,4898726.006567167
85.82067474554277,4898726.039805371
85.83067474554278,4898726.072199509
85.84067474554278,4898726.10399328
85.85067474554279,4898726.140373003
85.8606747455428,4898726.17301447
85.8706747455428,4898726.204929913
85.8806747455428,4898726.236309752
85.89067474554281,4898726.268136865
85.90067474554282,4898726.300028447
85.91067474554282,4898726.333523306
85.92067474554283,4898726.366248153
85.93067474554283,4898726.397799737
85.94067474554284,4898726.429208335
85.95067474554284,4898726.460595582
85.96067474554285,4898726.491986339
85.97067474554285,4898726.523038301
85.98067474554286,4898726.554684951
85.99067474554286,4898726.588672963
86.00067474554287,4898726.620772784
86.01067474554287,4898726.652776883
86.02067474554288,4898726.684482754
86.03067474554288,4898726.71556441
86.04067474554289,4898726.746460449
86.05067474554289,4898726.777934032
86.0606747455429,4898726.809737075
86.0706747455429,4898726.842455867
86.08067474554291,4898726.8741364
86.09067474554291,4898726.906458783
86.10067474554292,4898726.938070972
86.11067474554292,4898726.96933825
86.12067474554293,4898727.00204798
86.13067474554293,4898727.034891894
86.14067474554294,4898727.066440476
86.15067474554294,4898727.097778386
86.16067474554295,4898727.129996202
86.17067474554295,4898727.162329042
86.18067474554296,4898727.194545002
86.19067474554296,4898727.225542915
86.20067474554297,4898727.256376088
86.21067474554297,4898727.288758341
86.22067474554298,4898727.320097201
86.23067474554298,4898727.351575679
86.24067474554299,4898727.383126536
86.250674745543,4898727.414804292
86.260674745543,4898727.445412641
86.270674745543,4898727.476466846
86.28067474554301,4898727.508362752
86.29067474554301,4898727.539500802
86.30067474554302,4898727.571706724
86.31067474554303,4898727.60333289
86.32067474554303,4898727.634988102
86.33067474554304,4898727.666060043
86.34067474554304,4898727.697334821
86.35067474554305,4898727.728343055
86.36067474554305,4898727.759220862
86.37067474554306,4898727.791129436
86.38067474554306,4898727.824110754
86.39067474554307,4898727.854704505
86.40067474554307,4898727.885570494
86.41067474554308,4898727.916227834
86.42067474554308,4898727.946233157
86.43067474554309,4898727.976706171
86.44067474554309,4898728.008459129
86.4506747455431,4898728.039274956
86.4606747455431,4898728.0697868
86.4706747455431,4898728.100242246
86.48067474554311,4898728.13313392
86.49067474554312,4898728.164322105
86.50067474554312,4898728.195868178
86.51067474554313,4898728.22658007
86.52067474554313,4898728.256757612
86.53067474554314,4898728.287695945
86.54067474554314,4898728.318776742
86.55067474554315,4898728.349450764
86.56067474554315,4898728.380246587
86.57067474554316,4898728.410696419
86.58067474554316,4898728.4407439
86.59067474554317,4898728.47082268
86.60067474554317,4898728.500837878
86.61067474554318,4898728.53078481
86.62067474554318,4898728.560637104
86.63067474554319,4898728.5909359
86.6406747455432,4898728.62142005
86.6506747455432,4898728.651371093
86.6606747455432,4898728.681671581
86.67067474554321,4898728.712479879
86.68067474554321,4898728.742381171
86.69067474554322,4898728.773189076
86.70067474554322,4898728.804034313
86.71067474554323,4898728.836826927
86.72067474554323,4898728.867860396
86.73067474554324,4898728.898304597
86.74067474554325,4898728.928792393
86.75067474554325,4898728.958847196
86.76067474554326,4898728.989385216
86.77067474554326,4898729.021517586
86.78067474554327,4898729.051868408
86.79067474554327,4898729.082267476
86.80067474554328,4898729.112427684
86.81067474554328,4898729.14325423
86.82067474554329,4898729.175054718
86.83067474554329,4898729.206026877
86.8406747455433,4898729.235993856
86.8506747455433,4898729.266462912
86.8606747455433,4898729.297510062
86.87067474554331,4898729.32849747
86.88067474554332,4898729.359308332
86.89067474554332,4898729.390210226
86.90067474554333,4898729.420531215
86.91067474554333,4898729.450334053
86.92067474554334,4898729.481412074
86.93067474554334,4898729.512342112
86.94067474554335,4898729.542999918
86.95067474554335,4898729.574950048
86.96067474554336,4898729.605674134
86.97067474554336,4898729.636596173
86.98067474554337,4898729.667306427
86.99067474554337,4898729.698407288
87.00067474554338,4898729.728749587
87.01067474554338,4898729.759129614
87.02067474554339,4898729.789652174
87.0306747455434,4898729.821378747
87.0406747455434,4898729.852388316
87.0506747455434,4898729.882735172
87.06067474554341,4898729.913568011
87.07067474554341,4898729.944225043
87.08067474554342,4898729.975200664
87.09067474554342,4898730.00671943
87.10067474554343,4898730.037949011
87.11067474554343,4898730.068501527
87.12067474554344,4898730.099231777
87.13067474554344,4898730.131942815
87.14067474554345,4898730.163115042
87.15067474554345,4898730.194922213
87.16067474554346,4898730.225482658
87.17067474554347,4898730.255878756
87.18067474554347,4898730.286519323
87.19067474554348,4898730.321932735
87.20067474554348,4898730.356903877
87.21067474554349,4898730.391901123
87.22067474554349,4898730.425095885
87.2306747455435,4898730.45672606
87.2406747455435,4898730.49017621
87.2506747455435,4898730.519846397
87.26067474554351,4898730.549989283
87.27067474554352,4898730.579958227
87.28067474554352,4898730.609810265
87.29067474554353,4898730.640945624
87.30067474554353,4898730.670658262
87.31067474554354,4898730.700215493
87.32067474554354,4898730.729810365
87.33067474554355,4898730.759330169
87.34067474554355,4898730.789306271
87.35067474554356,4898730.822007989
87.36067474554356,4898730.85242889
87.37067474554357,4898730.882126244
87.38067474554357,4898730.912618294
87.39067474554358,4898730.944687176
87.40067474554358,4898730.976063325
87.41067474554359,4898731.007932735
87.4206747455436,4898731.038880172
87.4306747455436,4898731.069242528
87.4406747455436,4898731.099307002
87.45067474554361,4898731.129599979
87.46067474554361,4898731.159425955
87.47067474554362,4898731.190051818
87.48067474554362,4898731.220174357
87.49067474554363,4898731.249466608
87.50067474554363,4898731.279159299
87.51067474554364,4898731.308966069
87.52067474554364,4898731.340199545
87.53067474554365,4898731.373097955
87.54067474554365,4898731.403758802
87.55067474554366,4898731.435011562
87.56067474554366,4898731.464825816
87.57067474554367,4898731.494803303
87.58067474554367,4898731.52438296
87.59067474554368,4898731.554792586
87.60067474554369,4898731.586095741
87.61067474554369,4898731.616360346
87.6206747455437,4898731.646719274
87.6306747455437,4898731.677014706
87.6406747455437,4898731.70663633
87.65067474554371,4898731.736417497
87.66067474554372,4898731.766183432
87.67067474554372,4898731.796521909
87.68067474554373,4898731.828720522
87.69067474554373,4898731.859763521
87.70067474554374,4898731.890893268
87.71067474554374,4898731.923170791
87.72067474554375,4898731.956265222
87.73067474554375,4898731.987453538
87.74067474554376,4898732.020742801
87.75067474554376,4898732.053449882
87.76067474554377,4898732.086439232
87.77067474554377,4898732.118838773
87.78067474554378,4898732.150849318
87.79067474554378,4898732.181313786
87.80067474554379,4898732.21282997
87.81067474554379,4898732.243101797
87.8206747455438,4898732.273489026
87.8306747455438,4898732.30415644
87.84067474554381,4898732.334753419
87.85067474554381,4898732.36490061
87.86067474554382,4898732.395899137
87.87067474554382,4898732.426011668
87.88067474554383,4898732.455668485
87.89067474554383,4898732.487638128
87.90067474554384,4898732.518038705
87.91067474554384,4898732.547736294
87.92067474554385,4898732.577340893
87.93067474554385,4898732.607812778
87.94067474554386,4898732.63765939
87.95067474554386,4898732.667516992
87.96067474554387,4898732.697270141
87.97067474554387,4898732.726350262
87.98067474554388,4898732.755406698
87.99067474554388,4898732.78507126
88.00067474554389,4898732.81582787
88.0106747455439,4898732.8501632
88.0206747455439,4898732.882393807
88.0306747455439,4898732.913025921
88.04067474554391,4898732.943792354
88.05067474554392,4898732.975336257
88.06067474554392,4898733.007914995
88.07067474554393,4898733.040337965
88.08067474554393,4898733.070806562
88.09067474554394,4898733.101015857
88.10067474554394,4898733.13191776
88.11067474554395,4898733.162568213
88.12067474554395,4898733.194510068
88.13067474554396,4898733.228425978
88.14067474554396,4898733.261240985
88.15067474554397,4898733.293317662
88.16067474554397,4898733.324430554
88.17067474554398,4898733.356903828
88.18067474554398,4898733.38893168
88.19067474554399,4898733.42092542
88.20067474554399,4898733.452507864
88.210674745544,4898733.484505416
88.220674745544,4898733.516385295
88.23067474554401,4898733.547918418
88.24067474554401,4898733.581339317
88.25067474554402,4898733.613418288
88.26067474554402,4898733.644957856
88.27067474554403,4898733.677164289
88.28067474554403,4898733.709116072
88.29067474554404,4898733.740868376
88.30067474554404,4898733.772900211
88.31067474554405,4898733.805023602
88.32067474554405,4898733.845029044
88.33067474554406,4898733.873235367
88.34067474554406,4898733.901200923
88.35067474554407,4898733.928707486
88.36067474554407,4898733.955861681
88.37067474554408,4898733.983021829
88.38067474554408,4898734.010941293
88.39067474554409,4898734.03816071
88.4006747455441,4898734.064997556
88.4106747455441,4898734.091937054
88.4206747455441,4898734.120211675
88.4231747455441,4898734.153803478
88.4244247455441,4898734.187692965
88.4252059955441,4898734.221822065
88.4291122455441,4898734.25792771
88.43911224554411,4898734.29180734
88.4441122455441,4898734.325689404
88.4453622455441,4898734.371725395
88.4484872455441,4898734.415006934
88.4509872455441,4898734.454042723
88.4534872455441,4898734.513073627
88.4634872455441,4898734.555493747
88.4734872455441,4898734.585444072
88.48348724554411,4898734.613570936
88.49348724554412,4898734.64084792
88.50348724554412,4898734.667731282
88.51348724554413,4898734.69489366
88.52348724554413,4898734.721491409
88.53348724554414,4898734.747934406
88.54348724554414,4898734.775081371
88.55348724554415,4898734.801999307
88.56348724554415,4898734.830496031
88.57348724554416,4898734.857722545
88.58348724554416,4898734.884613185
88.59348724554417,4898734.911577448
88.60348724554417,4898734.938746745
88.61348724554418,4898734.965420903
88.62348724554418,4898734.992669926
88.63348724554419,4898735.020896017
88.6434872455442,4898735.048042276
88.6534872455442,4898735.074754426
88.6634872455442,4898735.101699817
88.67348724554421,4898735.128987631
88.68348724554421,4898735.155788518
88.69348724554422,4898735.182782771
88.70348724554422,4898735.209839887
88.71348724554423,4898735.236704898
88.72348724554423,4898735.263468423
88.73348724554424,4898735.290480242
88.74348724554424,4898735.317067907
88.75348724554425,4898735.343377376
88.76348724554425,4898735.371114172
88.77348724554426,4898735.398094487
88.78348724554426,4898735.425028375
88.79348724554427,4898735.45182439
88.80348724554428,4898735.479007105
88.81348724554428,4898735.507060534
88.82348724554429,4898735.534631471
88.83348724554429,4898735.563068506
88.8434872455443,4898735.590837867
88.8534872455443,4898735.617936479
88.8634872455443,4898735.644589874
88.87348724554431,4898735.671963321
88.88348724554432,4898735.699323845
88.89348724554432,4898735.726521229
88.90348724554433,4898735.753372006
88.91348724554433,4898735.780671384
88.92348724554434,4898735.807902462
88.93348724554434,4898735.837195894
88.94348724554435,4898735.864598791
88.95348724554435,4898735.891915072
88.96348724554436,4898735.919492323
88.97348724554436,4898735.947121247
88.98348724554437,4898735.975060488
88.99348724554437,4898736.004069069
89.00348724554438,4898736.032048967
89.01348724554438,4898736.060032289
89.02348724554439,4898736.087958265
89.03348724554439,4898736.117364242
89.0434872455444,4898736.146898891
89.0534872455444,4898736.175039914
89.06348724554441,4898736.203591577
89.07348724554441,4898736.231990891
89.08348724554442,4898736.260048259
89.09348724554442,4898736.288004267
89.10348724554443,4898736.315653742
89.11348724554443,4898736.343915691
89.12348724554444,4898736.373271685
89.13348724554444,4898736.401100181
89.14348724554445,4898736.429254527
89.15348724554445,4898736.457227348
89.16348724554446,4898736.48454248
89.17348724554446,4898736.512283174
89.18348724554447,4898736.540145788
89.19348724554447,4898736.566808694
89.20348724554448,4898736.593684023
89.21348724554448,4898736.620823463
89.22348724554449,4898736.647935257
89.2334872455445,4898736.674750509
89.2434872455445,4898736.701557275
89.2534872455445,4898736.728075662
89.26348724554451,4898736.754788648
89.27348724554452,4898736.781776353
89.28348724554452,4898736.808617665
89.29348724554453,4898736.837533917
89.30348724554453,4898736.864561491
89.31348724554454,4898736.891524322
89.32348724554454,4898736.918233521
89.33348724554455,4898736.94514387
89.34348724554455,4898736.974601918
89.35348724554456,4898737.003000157
89.36348724554456,4898737.032042961
89.37348724554457,4898737.059730588
89.38348724554457,4898737.087908804
89.39348724554458,4898737.115597732
89.40348724554458,4898737.143008422
89.41348724554459,4898737.170029847
89.42348724554459,4898737.197116789
89.4334872455446,4898737.224113901
89.4434872455446,4898737.250946969
89.45348724554461,4898737.278238185
89.46348724554461,4898737.305335387
89.47348724554462,4898737.332029317
89.48348724554462,4898737.358685571
89.49348724554463,4898737.385822628
89.50348724554463,4898737.412917481
89.51348724554464,4898737.439957621
89.52348724554464,4898737.466506491
89.53348724554465,4898737.493507287
89.54348724554465,4898737.520533695
89.55348724554466,4898737.547167551
89.56348724554466,4898737.575494632
89.57348724554467,4898737.602933223
89.58348724554467,4898737.629957772
89.59348724554468,4898737.6581975
89.60348724554468,4898737.686290782
89.61348724554469,4898737.713048239
89.6234872455447,4898737.739662935
89.6334872455447,4898737.766204792
89.6434872455447,4898737.793094801
89.65348724554471,4898737.821321679
89.66348724554472,4898737.849144352
89.67348724554472,4898737.875943326
89.68348724554473,4898737.902713326
89.69348724554473,4898737.929297855
89.70348724554474,4898737.955973639
89.71348724554474,4898737.983635067
89.72348724554475,4898738.015226359
89.73348724554475,4898738.045553988
89.74348724554476,4898738.075373544
89.75348724554476,4898738.10531005
89.76348724554477,4898738.13582854
89.77348724554477,4898738.1633822
89.78348724554478,4898738.190876648
89.79348724554478,4898738.218252856
89.80348724554479,4898738.246362047
89.81348724554479,4898738.275036106
89.8234872455448,4898738.302474755
89.8334872455448,4898738.329957811
89.84348724554481,4898738.357093982
89.85348724554481,4898738.384671915
89.86348724554482,4898738.412355244
89.87348724554482,4898738.439992798
89.88348724554483,4898738.467339168
89.89348724554483,4898738.494123026
89.90348724554484,4898738.521425789
89.91348724554484,4898738.548188493
89.92348724554485,4898738.575005786
89.93348724554485,4898738.60155351
89.94348724554486,4898738.62854172
89.95348724554486,4898738.65501263
89.96348724554487,4898738.681845118
89.97348724554487,4898738.708936919
89.98348724554488,4898738.735550158
89.99348724554488,4898738.762372893
90.00348724554489,4898738.788967444
90.0134872455449,4898738.816109543
90.0234872455449,4898738.846415436
90.0334872455449,4898738.874239052
90.04348724554491,4898738.901308859
90.05348724554491,4898738.927999096
90.06348724554492,4898738.954960579
90.07348724554492,4898738.981788339
90.08348724554493,4898739.009524428
90.09348724554494,4898739.036555674
90.10348724554494,4898739.064010278
90.11348724554495,4898739.090926087
90.12348724554495,4898739.118189727
90.13348724554496,4898739.145709301
90.14348724554496,4898739.172519969
90.15348724554497,4898739.199491856
90.16348724554497,4898739.226940111
90.17348724554498,4898739.25423908
90.18348724554498,4898739.281415557
90.19348724554499,4898739.308355089
90.20348724554499,4898739.33561853
90.213487245545,4898739.362270115
90.223487245545,4898739.389932201
90.233487245545,4898739.417100106
90.24348724554501,4898739.444679196
90.25348724554502,4898739.471326452
90.26348724554502,4898739.49858724
90.27348724554503,4898739.525402165
90.28348724554503,4898739.552954829
90.29348724554504,4898739.580819332
90.30348724554504,4898739.608640326
90.31348724554505,4898739.636309886
90.32348724554505,4898739.663140137
90.33348724554506,4898739.690532365
90.34348724554506,4898739.717952338
90.35348724554507,4898739.744927692
90.36348724554507,4898739.771444903
90.37348724554508,4898739.798327717
90.38348724554508,4898739.82645011
90.39348724554509,4898739.854042678
90.4034872455451,4898739.880833197
90.4134872455451,4898739.908022347
90.4234872455451,4898739.934591661
90.43348724554511,4898739.961069765
90.44348724554511,4898739.988071224
90.45348724554512,4898740.016241462
90.46348724554512,4898740.042906144
90.47348724554513,4898740.07023883
90.48348724554513,4898740.097506127
90.49348724554514,4898740.126344082
90.50348724554514,4898740.15471705
90.51348724554515,4898740.182054772
90.52348724554516,4898740.210996315
90.53348724554516,4898740.239742048
90.54348724554517,4898740.266742312
90.55348724554517,4898740.293953659
90.56348724554518,4898740.320752905
90.57348724554518,4898740.347627105
90.58348724554519,4898740.374499028
90.59348724554519,4898740.401637148
90.6034872455452,4898740.428832837
90.6134872455452,4898740.456062266
90.6234872455452,4898740.483025157
90.63348724554521,4898740.510786447
90.64348724554522,4898740.538226824
90.65348724554522,4898740.56519741
90.66348724554523,4898740.592174775
90.67348724554523,4898740.619398628
90.68348724554524,4898740.64617284
90.69348724554524,4898740.672947181
90.70348724554525,4898740.700044039
90.71348724554525,4898740.726433233
90.72348724554526,4898740.753094144
90.73348724554526,4898740.779752042
90.74348724554527,4898740.807013366
90.75348724554527,4898740.835350395
90.76348724554528,4898740.862505017
90.77348724554528,4898740.88953718
90.78348724554529,4898740.918728522
90.7934872455453,4898740.946799142
90.8034872455453,4898740.974045381
90.8134872455453,4898741.003232323
90.82348724554531,4898741.031564085
90.83348724554531,4898741.058677703
90.84348724554532,4898741.085869292
90.85348724554532,4898741.113164407
90.86348724554533,4898741.14099885
90.87348724554533,4898741.168159432
90.88348724554534,4898741.196034312
90.89348724554534,4898741.222806596
90.90348724554535,4898741.250073915
90.91348724554535,4898741.277257278
90.92348724554536,4898741.304219212
90.93348724554536,4898741.330837887
90.94348724554537,4898741.359067301
90.95348724554538,4898741.38748048
90.96348724554538,4898741.414428596
90.97348724554539,4898741.441914297
90.98348724554539,4898741.469029553
90.9934872455454,4898741.496225353
91.0034872455454,4898741.523110479
91.0134872455454,4898741.550833404
91.02348724554541,4898741.579176831
91.03348724554542,4898741.606577992
91.04348724554542,4898741.634083225
91.05348724554543,4898741.661150514
91.06348724554543,4898741.688211719
91.07348724554544,4898741.714930269
91.08348724554544,4898741.741932422
91.09348724554545,4898741.768565811
91.10348724554545,4898741.795518882
91.11348724554546,4898741.823721947
91.12348724554546,4898741.85164088
91.13348724554547,4898741.878930069
91.14348724554547,4898741.905916322
91.15348724554548,4898741.932786341
91.16348724554548,4898741.959549588
91.17348724554549,4898741.98710976
91.18348724554549,4898742.015878839
91.1934872455455,4898742.042979073
91.2034872455455,4898742.070091531
91.21348724554551,4898742.097185774
91.22348724554551,4898742.125840452
91.23348724554552,4898742.154318833
91.24348724554552,4898742.182218443
91.25348724554553,4898742.209696222
91.26348724554553,4898742.237028625
91.27348724554554,4898742.26454027
91.28348724554554,4898742.291735577
91.29348724554555,4898742.319009271
91.30348724554555,4898742.34601485
91.31348724554556,4898742.372949678
91.32348724554556,4898742.3999248
91.33348724554557,4898742.427178983
91.34348724554557,4898742.454708918
91.35348724554558,4898742.482436793
91.36348724554558,4898742.509708821
91.37348724554559,4898742.536930212
91.3834872455456,4898742.563790111
91.3934872455456,4898742.59114776
91.4034872455456,4898742.618481363
91.41348724554561,4898742.645555709
91.42348724554562,4898742.672407233
91.43348724554562,4898742.699524601
91.44348724554563,4898742.726294872
91.45348724554563,4898742.752891668
91.46348724554564,4898742.780274397
91.47348724554564,4898742.807211038
91.48348724554565,4898742.835950882
91.49348724554565,4898742.863158343
91.50348724554566,4898742.890214574
91.51348724554566,4898742.917186298
91.52348724554567,4898742.944277868
91.53348724554567,4898742.971245069
91.54348724554568,4898742.99925944
91.55348724554568,4898743.02715982
91.56348724554569,4898743.054688821
91.57348724554569,4898743.081570018
91.5834872455457,4898743.108397848
91.5934872455457,4898743.136222172
91.60348724554571,4898743.162965513
91.61348724554571,4898743.190149868
91.62348724554572,4898743.217090576
91.63348724554572,4898743.244270004
91.64348724554573,4898743.272781203
91.65348724554573,4898743.299965215
91.66348724554574,4898743.326714774
91.67348724554574,4898743.353295164
91.68348724554575,4898743.380178862
91.69348724554575,4898743.407144079
91.70348724554576,4898743.434056066
91.71348724554576,4898743.46097846
91.72348724554577,4898743.488396891
91.73348724554577,4898743.515389667
91.74348724554578,4898743.542102786
91.75348724554578,4898743.570483922
91.76348724554579,4898743.597988705
91.7734872455458,4898743.625438157
91.7834872455458,4898743.652394515
91.7934872455458,4898743.679593645
91.80348724554581,4898743.707137403
91.81348724554582,4898743.734111767
91.82348724554582,4898743.760735476
91.83348724554583,4898743.787792676
91.84348724554583,4898743.814693823
91.85348724554584,4898743.843703625
91.86348724554584,4898743.870571305
91.87348724554585,4898743.897662412
91.88348724554585,4898743.924541245
91.89348724554586,4898743.951183408
91.90348724554586,4898743.978120526
91.91348724554587,4898744.006564545
91.92348724554587,4898744.033688899
91.93348724554588,4898744.060773914
91.94348724554588,4898744.088412095
91.95348724554589,4898744.115774292
91.96348724554589,4898744.145017214
91.9734872455459,4898744.172301034
91.9834872455459,4898744.1997133
91.99348724554591,4898744.226765528
92.00348724554591,4898744.25381496
92.01348724554592,4898744.281211468
92.02348724554592,4898744.308126266
92.03348724554593,4898744.335513742
92.04348724554593,4898744.362213734
92.05348724554594,4898744.389727928
92.06348724554594,4898744.417102661
92.07348724554595,4898744.444109593
92.08348724554595,4898744.472018949
92.09348724554596,4898744.50113466
92.10348724554596,4898744.5298761
92.11348724554597,4898744.55685435
92.12348724554597,4898744.58386125
92.13348724554598,4898744.611069933
92.14348724554598,4898744.638519597
92.15348724554599,4898744.66624948
92.163487245546,4898744.693995088
92.173487245546,4898744.720952981
92.183487245546,4898744.747878741
92.19348724554601,4898744.775021747
92.20348724554601,4898744.801974037
92.21348724554602,4898744.830414055
92.22348724554602,4898744.858098685
92.23348724554603,4898744.885155534
92.24348724554604,4898744.912048655
92.25348724554604,4898744.938796724
92.26348724554605,4898744.965313182
92.27348724554605,4898744.992710295
92.28348724554606,4898745.021344767
92.29348724554606,4898745.048278513
92.30348724554607,4898745.075416945
92.31348724554607,4898745.102543461
92.32348724554608,4898745.130538894
92.33348724554608,4898745.158023935
92.34348724554609,4898745.185255831
92.35348724554609,4898745.212602518
92.3634872455461,4898745.239591931
92.3734872455461,4898745.266621803
92.3834872455461,4898745.293959383
92.39348724554611,4898745.320815178
92.40348724554612,4898745.347598574
92.41348724554612,4898745.374061067
92.42348724554613,4898745.401107544
92.43348724554613,4898745.427930822
92.44348724554614,4898745.454575038
92.45348724554614,4898745.481617658
92.46348724554615,4898745.508841189
92.47348724554615,4898745.538194401
92.48348724554616,4898745.567838631
92.49348724554616,4898745.59611314
92.50348724554617,4898745.625353741
92.51348724554617,4898745.65565069
92.52348724554618,4898745.684038354
92.53348724554618,4898745.712130966
92.54348724554619,4898745.740079639
92.5534872455462,4898745.767094361
92.5634872455462,4898745.794635042
92.5734872455462,4898745.822082093
92.58348724554621,4898745.850638398
92.59348724554621,4898745.87754466
92.60348724554622,4898745.904921671
92.61348724554622,4898745.931770421
92.62348724554623,4898745.958601659
92.63348724554623,4898745.985538083
92.64348724554624,4898746.014046152
92.65348724554624,4898746.040998165
92.66348724554625,4898746.067987927
92.67348724554626,4898746.095258036
92.68348724554626,4898746.123069427
92.69348724554627,4898746.152037272
92.70348724554627,4898746.179403638
92.71348724554628,4898746.207158619
92.72348724554628,4898746.234559297
92.73348724554629,4898746.261815361
92.74348724554629,4898746.289479571
92.7534872455463,4898746.316897255
92.7634872455463,4898746.344032058
92.7734872455463,4898746.370924878
92.78348724554631,4898746.39799125
92.79348724554632,4898746.425178803
92.80348724554632,4898746.452275375
92.81348724554633,4898746.479437943
92.82348724554633,4898746.506738783
92.83348724554634,4898746.53388829
92.84348724554634,4898746.561413273
92.85348724554635,4898746.589244899
92.86348724554635,4898746.617197675
92.87348724554636,4898746.646130796
92.88348724554636,4898746.673897263
92.89348724554637,4898746.701251466
92.90348724554637,4898746.728097241
92.91348724554638,4898746.755337575
92.92348724554638,4898746.782384842
92.93348724554639,4898746.809654372
92.9434872455464,4898746.838653273
92.9534872455464,4898746.866038138
92.9634872455464,4898746.893329821
92.97348724554641,4898746.92051787
92.98348724554641,4898746.947519784
92.99348724554642,4898746.974308499
93.00348724554642,4898747.002397286
93.01348724554643,4898747.030579937
93.02348724554643,4898747.057872424
93.03348724554644,4898747.084936386
93.04348724554644,4898747.112320993
93.05348724554645,4898747.140709882
93.06348724554645,4898747.167573443
93.07348724554646,4898747.194933911
93.08348724554646,4898747.222427576
93.09348724554647,4898747.249533645
93.10348724554648,4898747.276397239
93.11348724554648,4898747.303840639
93.12348724554649,4898747.330886414
93.13348724554649,4898747.357701968
93.1434872455465,4898747.384965684
93.1534872455465,4898747.412280864
93.1634872455465,4898747.439209782
93.17348724554651,4898747.466397211
93.18348724554652,4898747.494830633
93.19348724554652,4898747.522303757
93.20348724554653,4898747.549774302
93.21348724554653,4898747.577916091
93.22348724554654,4898747.605925689
93.23348724554654,4898747.6334771
93.24348724554655,4898747.660568843
93.25348724554655,4898747.687983375
93.26348724554656,4898747.715310209
93.27348724554656,4898747.74225913
93.28348724554657,4898747.768916895
93.29348724554657,4898747.796070977
93.30348724554658,4898747.823870573
93.31348724554658,4898747.852332187
93.32348724554659,4898747.879373581
93.33348724554659,4898747.906734345
93.3434872455466,4898747.933741923
93.3534872455466,4898747.960629211
93.36348724554661,4898747.987904914
93.37348724554661,4898748.016822653
93.38348724554662,4898748.043962791
93.39348724554662,4898748.071064172
93.40348724554663,4898748.098816062
93.41348724554663,4898748.126936175
93.42348724554664,4898748.156791897
93.43348724554664,4898748.184126726
93.44348724554665,4898748.211755124
93.45348724554665,4898748.239253752
93.46348724554666,4898748.266231301
93.47348724554666,4898748.294045726
93.48348724554667,4898748.321408984
93.49348724554667,4898748.349304828
93.50348724554668,4898748.376137171
93.51348724554668,4898748.403363175
93.52348724554669,4898748.430379619
93.5334872455467,4898748.457154101
93.5434872455467,4898748.484014164
93.5534872455467,4898748.511547446
93.56348724554671,4898748.538912489
93.57348724554672,4898748.565512004
93.58348724554672,4898748.592465198
93.59348724554673,4898748.620656815
93.60348724554673,4898748.648057206
93.61348724554674,4898748.674955681
93.62348724554674,4898748.702634905
93.63348724554675,4898748.729749636
93.64348724554675,4898748.757011854
93.65348724554676,4898748.784584727
93.66348724554676,4898748.812290185
93.67348724554677,4898748.841556296
93.68348724554677,4898748.869399302
93.69348724554678,4898748.899335397
93.70348724554678,4898748.927506006
93.71348724554679,4898748.955522157
93.72348724554679,4898748.982608681
93.7334872455468,4898749.011259652
93.7434872455468,4898749.038741187
93.75348724554681,4898749.06601955
93.76348724554681,4898749.092967789
93.77348724554682,4898749.121050485
93.78348724554682,4898749.148680209
93.79348724554683,4898749.176093072
93.80348724554683,4898749.203501777
93.81348724554684,4898749.230615203
93.82348724554684,4898749.257418127
93.83348724554685,4898749.284151892
93.84348724554685,4898749.31159598
93.85348724554686,4898749.338760241
93.86348724554686,4898749.365551089
93.87348724554687,4898749.392599701
93.88348724554687,4898749.419998767
93.89348724554688,4898749.446724598
93.90348724554688,4898749.473439747
93.91348724554689,4898749.500577146
93.9234872455469,4898749.527818724
93.9334872455469,4898749.555716238
93.9434872455469,4898749.58419921
93.95348724554691,4898749.612485694
93.96348724554692,4898749.640025385
93.97348724554692,4898749.666972331
93.98348724554693,4898749.694249935
93.99348724554693,4898749.721773949
94.00348724554694,4898749.748468297
94.01348724554694,4898749.775254576
94.02348724554695,4898749.802446088
94.03348724554695,4898749.831113147
94.04348724554696,4898749.859286656
94.05348724554696,4898749.886342253
94.06348724554697,4898749.913979605
94.07348724554697,4898749.940927538
94.08348724554698,4898749.967701898
94.09348724554698,4898749.995078748
94.10348724554699,4898750.023169181
94.11348724554699,4898750.050060571
94.123487245547,4898750.077292821
94.133487245547,4898750.104404512
94.143487245547,4898750.133374233
94.15348724554701,4898750.162445742
94.16348724554702,4898750.189891263
94.17348724554702,4898750.21764796
94.18348724554703,4898750.244951482
94.19348724554703,4898750.272055294
94.20348724554704,4898750.299433539
94.21348724554704,4898750.327154365
94.22348724554705,4898750.354385613
94.23348724554705,4898750.381018179
94.24348724554706,4898750.408236444
94.25348724554706,4898750.435431488
94.26348724554707,4898750.462253784
94.27348724554707,4898750.489308519
94.28348724554708,4898750.51678973
94.29348724554708,4898750.543794381
94.30348724554709,4898750.570627681
94.3134872455471,4898750.597744802
94.3234872455471,4898750.625760744
94.3334872455471,4898750.6554035
94.34348724554711,4898750.683098404
94.35348724554711,4898750.710848481
94.36348724554712,4898750.73807209
94.37348724554712,4898750.764885003
94.38348724554713,4898750.792217568
94.39348724554713,4898750.819348349
94.40348724554714,4898750.848578506
94.41348724554715,4898750.875594103
94.42348724554715,4898750.904534098
94.43348724554716,4898750.934337083
94.44348724554716,4898750.962563132
94.45348724554717,4898750.991420408
94.46348724554717,4898751.020176078
94.47348724554718,4898751.048615201
94.48348724554718,4898751.077598986
94.49348724554719,4898751.105469686
94.50348724554719,4898751.134283323
94.5134872455472,4898751.162665528
94.5234872455472,4898751.189892825
94.5334872455472,4898751.217210594
94.54348724554721,4898751.244066136
94.55348724554722,4898751.271009539
94.56348724554722,4898751.298379728
94.57348724554723,4898751.326826352
94.58348724554723,4898751.35498888
94.59348724554724,4898751.381582913
94.60348724554724,4898751.408785222
94.61348724554725,4898751.43606635
94.62348724554725,4898751.462924396
94.63348724554726,4898751.490513359
94.64348724554726,4898751.517886986
94.65348724554727,4898751.5455404
94.66348724554727,4898751.573684041
94.67348724554728,4898751.601029013
94.68348724554728,4898751.62844915
94.69348724554729,4898751.658734288
94.7034872455473,4898751.686258231
94.7134872455473,4898751.713639384
94.7234872455473,4898751.740851826
94.73348724554731,4898751.767809299
94.74348724554731,4898751.794780339
94.75348724554732,4898751.822166825
94.76348724554732,4898751.851011148
94.77348724554733,4898751.878175538
94.78348724554733,4898751.905324137
94.79348724554734,4898751.932660646
94.80348724554734,4898751.959866469
94.81348724554735,4898751.987076856
94.82348724554735,4898752.015895652
94.83348724554736,4898752.043557853
94.84348724554737,4898752.070847372
94.85348724554737,4898752.098129218
94.86348724554738,4898752.12614016
94.87348724554738,4898752.155117072
94.88348724554739,4898752.182623824
94.89348724554739,4898752.209968657
94.9034872455474,4898752.237215755
94.9134872455474,4898752.264271559
94.9234872455474,4898752.292031896
94.93348724554741,4898752.31953775
94.94348724554742,4898752.346792117
94.95348724554742,4898752.37378207
94.96348724554743,4898752.400918554
94.97348724554743,4898752.428009283
94.98348724554744,4898752.455019685
94.99348724554744,4898752.481704604
95.00348724554745,4898752.509059781
95.01348724554745,4898752.535998187
95.02348724554746,4898752.563132116
95.03348724554746,4898752.590097933
95.04348724554747,4898752.61751394
95.05348724554747,4898752.646145386
95.06348724554748,4898752.673681544
95.07348724554748,4898752.701248763
95.08348724554749,4898752.730060771
95.0934872455475,4898752.758535318
95.1034872455475,4898752.785445143
95.1134872455475,4898752.812775197
95.12348724554751,4898752.841365167
95.13348724554751,4898752.870825013
95.14348724554752,4898752.898387304
95.15348724554752,4898752.925915518
95.16348724554753,4898752.95326845
95.17348724554753,4898752.980246006
95.18348724554754,4898753.010804193
95.19348724554754,4898753.039512262
95.20348724554755,4898753.067005918
95.21348724554755,4898753.094354602
95.22348724554756,4898753.122440139
95.23348724554756,4898753.150218415
95.24348724554757,4898753.177623499
95.25348724554757,4898753.20519872
95.26348724554758,4898753.232136946
95.27348724554759,4898753.260166069
95.28348724554759,4898753.287870028
95.2934872455476,4898753.315211835
95.3034872455476,4898753.342508715
95.3134872455476,4898753.369193847
95.32348724554761,4898753.395901076
95.33348724554762,4898753.423070965
95.34348724554762,4898753.44968432
95.35348724554763,4898753.476516747
95.36348724554763,4898753.503717746
95.37348724554764,4898753.531239683
95.38348724554764,4898753.559294195
95.39348724554765,4898753.587359821
95.40348724554765,4898753.614703439
95.41348724554766,4898753.641990752
95.42348724554766,4898753.669612704
95.43348724554767,4898753.696903781
95.44348724554767,4898753.724513694
95.45348724554768,4898753.751503966
95.46348724554768,4898753.778582903
95.47348724554769,4898753.805880929
95.48348724554769,4898753.83502468
95.4934872455477,4898753.863354093
95.5034872455477,4898753.890329713
95.51348724554771,4898753.91783627
95.52348724554771,4898753.94458064
95.53348724554772,4898753.971561411
95.54348724554772,4898753.999341605
95.55348724554773,4898754.027118939
95.56348724554773,4898754.054278558
95.57348724554774,4898754.081118023
95.58348724554774,4898754.108426484
95.59348724554775,4898754.136695688
95.60348724554775,4898754.16712587
95.61348724554776,4898754.194586827
95.62348724554776,4898754.221854872
95.63348724554777,4898754.2489136
95.64348724554777,4898754.27632001
95.65348724554778,4898754.30378666
95.66348724554778,4898754.331058281
95.67348724554779,4898754.35885854
95.6834872455478,4898754.385633229
95.6934872455478,4898754.412936783
95.7034872455478,4898754.439993862
95.71348724554781,4898754.46703904
95.72348724554782,4898754.494138934
95.73348724554782,4898754.521165832
95.74348724554783,4898754.548365631
95.75348724554783,4898754.575343155
95.76348724554784,4898754.60231745
95.77348724554784,4898754.629799489
95.78348724554785,4898754.656688018
95.79348724554785,4898754.684751117
95.80348724554786,4898754.712211539
95.81348724554786,4898754.739532924
95.82348724554787,4898754.766316581
95.83348724554787,4898754.793767035
95.84348724554788,4898754.821307149
95.85348724554788,4898754.850833203
95.86348724554789,4898754.877954216
95.87348724554789,4898754.905173557
95.8834872455479,4898754.932620685
95.8934872455479,4898754.959992638
95.90348724554791,4898754.986857995
95.91348724554791,4898755.015867663
95.92348724554792,4898755.042992448
95.93348724554792,4898755.070471684
95.94348724554793,4898755.097527597
95.95348724554793,4898755.125471614
95.96348724554794,4898755.152964225
95.97348724554794,4898755.179884261
95.98348724554795,4898755.207528245
95.99348724554795,4898755.234731945
96.00348724554796,4898755.261589496
96.01348724554796,4898755.288288179
96.02348724554797,4898755.315513767
96.03348724554797,4898755.342317544
96.04348724554798,4898755.369542215
96.05348724554798,4898755.396502707
96.06348724554799,4898755.423461822
96.073487245548,4898755.450103006
96.083487245548,4898755.476904825
96.093487245548,4898755.503905974
96.10348724554801,4898755.531170073
96.11348724554801,4898755.559208355
96.12348724554802,4898755.587750693
96.13348724554803,4898755.61544235
96.14348724554803,4898755.642816328
96.15348724554804,4898755.669740138
96.16348724554804,4898755.697083056
96.17348724554805,4898755.724597763
96.18348724554805,4898755.751390025
96.19348724554806,4898755.778173281
96.20348724554806,4898755.805702366
96.21348724554807,4898755.834408103
96.22348724554807,4898755.862376303
96.23348724554808,4898755.889306244
96.24348724554808,4898755.917083046
96.25348724554809,4898755.943912733
96.26348724554809,4898755.970545467
96.2734872455481,4898755.998518906
96.2834872455481,4898756.02640046
96.2934872455481,4898756.053367433
96.30348724554811,4898756.080557523
96.31348724554812,4898756.108128353
96.32348724554812,4898756.136332002
96.33348724554813,4898756.16674004
96.34348724554813,4898756.194204973
96.35348724554814,4898756.221982309
96.36348724554814,4898756.248850448
96.37348724554815,4898756.276074205
96.38348724554815,4898756.303156808
96.39348724554816,4898756.330614712
96.40348724554816,4898756.358324479
96.41348724554817,4898756.385524905
96.42348724554817,4898756.412992796
96.43348724554818,4898756.439929605
96.44348724554818,4898756.46683407
96.45348724554819,4898756.493761291
96.4634872455482,4898756.520987174
96.4734872455482,4898756.548309857
96.4834872455482,4898756.575513889
96.49348724554821,4898756.602761883
96.50348724554821,4898756.630320465
96.51348724554822,4898756.65904749
96.52348724554822,4898756.687012918
96.53348724554823,4898756.715324164
96.54348724554823,4898756.744043359
96.55348724554824,4898756.771259194
96.56348724554825,4898756.798914908
96.57348724554825,4898756.826860283
96.58348724554826,4898756.855941893
96.59348724554826,4898756.88319426
96.60348724554827,4898756.910418215
96.61348724554827,4898756.937544389
96.62348724554828,4898756.964649293
96.63348724554828,4898756.99168644
96.64348724554829,4898757.020285199
96.65348724554829,4898757.047027107
96.6634872455483,4898757.07412602
96.6734872455483,4898757.101306901
96.6834872455483,4898757.129446959
96.69348724554831,4898757.156584489
96.70348724554832,4898757.184157539
96.71348724554832,4898757.211780215
96.72348724554833,4898757.2391301
96.73348724554833,4898757.266157318
96.74348724554834,4898757.293187031
96.75348724554834,4898757.320564723
96.76348724554835,4898757.347831644
96.77348724554835,4898757.375141695
96.78348724554836,4898757.402258345
96.79348724554836,4898757.42954858
96.80348724554837,4898757.456281343
96.81348724554837,4898757.483210589
96.82348724554838,4898757.510617046
96.83348724554838,4898757.53767125
96.84348724554839,4898757.566019908
96.8534872455484,4898757.593834747
96.8634872455484,4898757.621584064
96.8734872455484,4898757.649468704
96.88348724554841,4898757.676696312
96.89348724554841,4898757.703778666
96.90348724554842,4898757.731331635
96.91348724554842,4898757.758491388
96.92348724554843,4898757.785293663
96.93348724554843,4898757.812317067
96.94348724554844,4898757.841494985
96.95348724554844,4898757.870383546
96.96348724554845,4898757.898086876
96.97348724554845,4898757.925309876
96.98348724554846,4898757.952151985
96.99348724554847,4898757.979462836
97.00348724554847,4898758.00732057
97.01348724554848,4898758.03472487
97.02348724554848,4898758.062494448
97.03348724554849,4898758.089516445
97.04348724554849,4898758.117219424
97.0534872455485,4898758.146325936
97.0634872455485,4898758.177916537
97.0734872455485,4898758.205939993
97.08348724554851,4898758.233780672
97.09348724554852,4898758.261127577
97.10348724554852,4898758.288255174
97.11348724554853,4898758.315901655
97.12348724554853,4898758.34350486
97.13348724554854,4898758.371412543
97.14348724554854,4898758.399017495
97.15348724554855,4898758.426379608
97.16348724554855,4898758.45349919
97.17348724554856,4898758.480597114
97.18348724554856,4898758.507559094
97.19348724554857,4898758.534590634
97.20348724554857,4898758.561662183
97.21348724554858,4898758.589292591
97.22348724554858,4898758.616811068
97.23348724554859,4898758.644340247
97.2434872455486,4898758.67355936
97.2534872455486,4898758.701564794
97.2634872455486,4898758.730011006
97.27348724554861,4898758.757105185
97.28348724554861,4898758.784307567
97.29348724554862,4898758.811575044
97.30348724554862,4898758.840601133
97.31348724554863,4898758.868927709
97.32348724554863,4898758.896134991
97.33348724554864,4898758.924281822
97.34348724554864,4898758.951207428
97.35348724554865,4898758.978409087
97.36348724554865,4898759.006326043
97.37348724554866,4898759.03426558
97.38348724554866,4898759.06107291
97.39348724554867,4898759.088296149
97.40348724554867,4898759.115686758
97.41348724554868,4898759.14309049
97.42348724554869,4898759.170408101
97.43348724554869,4898759.197138155
97.4434872455487,4898759.224561297
97.4534872455487,4898759.251244581
97.4634872455487,4898759.277949083
97.47348724554871,4898759.304817241
97.48348724554872,4898759.331920133
97.49348724554872,4898759.358911307
97.50348724554873,4898759.385927326
97.51348724554873,4898759.413442233
97.52348724554874,4898759.440197048
97.53348724554874,4898759.46711739
97.54348724554875,4898759.494246965
97.55348724554875,4898759.521434844
97.56348724554876,4898759.54845148
97.57348724554876,4898759.576786646
97.58348724554877,4898759.604244622
97.59348724554877,4898759.631823181
97.60348724554878,4898759.65898861
97.61348724554878,4898759.685824642
97.62348724554879,4898759.71385143
97.63348724554879,4898759.741830498
97.6434872455488,4898759.769007085
97.6534872455488,4898759.795953277
97.66348724554881,4898759.823325077
97.67348724554881,4898759.852312869
97.68348724554882,4898759.88008248
97.69348724554882,4898759.907093609
97.70348724554883,4898759.934448379
97.71348724554883,4898759.962087814
97.72348724554884,4898759.992209077
97.73348724554884,4898760.021510044
97.74348724554885,4898760.049019147
97.75348724554885,4898760.076183955
97.76348724554886,4898760.103862191
97.77348724554886,4898760.132068489
97.78348724554887,4898760.160888969
97.79348724554887,4898760.189721135
97.80348724554888,4898760.217567749
97.81348724554888,4898760.2447998
97.82348724554889,4898760.272138291
97.8334872455489,4898760.299430246
97.8434872455489,4898760.32689323
97.8534872455489,4898760.354168813
97.86348724554891,4898760.381716094
97.87348724554892,4898760.409221719
97.88348724554892,4898760.436704038
97.89348724554893,4898760.46363493
97.90348724554893,4898760.490920197
97.91348724554894,4898760.51834842
97.92348724554894,4898760.545185559
97.93348724554895,4898760.572233071
97.94348724554895,4898760.599676345
97.95348724554896,4898760.627704736
97.96348724554896,4898760.654705351
97.97348724554897,4898760.681819398
97.98348724554897,4898760.709251078
97.99348724554898,4898760.738815765
98.00348724554898,4898760.766561434
98.01348724554899,4898760.795144542
98.02348724554899,4898760.822830755
98.033487245549,4898760.851846534
98.043487245549,4898760.879535714
98.05348724554901,4898760.909402831
98.06348724554901,4898760.93761986
98.07348724554902,4898760.965071005
98.08348724554902,4898760.992268139
98.09348724554903,4898761.021174579
98.10348724554903,4898761.048305407
98.11348724554904,4898761.07545035
98.12348724554904,4898761.102690181
98.13348724554905,4898761.130550166
98.14348724554905,4898761.159203247
98.15348724554906,4898761.187303965
98.16348724554906,4898761.215043292
98.17348724554907,4898761.242167076
98.18348724554907,4898761.269523243
98.19348724554908,4898761.296349536
98.20348724554908,4898761.323481448
98.21348724554909,4898761.350284193
98.2234872455491,4898761.377429075
98.2334872455491,4898761.404559814
98.2434872455491,4898761.432018477
98.25348724554911,4898761.459053665
98.26348724554911,4898761.486196644
98.27348724554912,4898761.513661709
98.28348724554913,4898761.540784574
98.29348724554913,4898761.569289021
98.30348724554914,4898761.596663053
98.31348724554914,4898761.624562192
98.32348724554915,4898761.652133129
98.33348724554915,4898761.681064856
98.34348724554916,4898761.708353465
98.35348724554916,4898761.736728391
98.36348724554917,4898761.763601434
98.37348724554917,4898761.792304259
98.38348724554918,4898761.820285988
98.39348724554918,4898761.849598547
98.40348724554919,4898761.877233891
98.41348724554919,4898761.904897661
98.4234872455492,4898761.932334468
98.4334872455492,4898761.959378615
98.4434872455492,4898761.986270741
98.45348724554921,4898762.014759902
98.46348724554922,4898762.041990716
98.47348724554922,4898762.069011762
98.48348724554923,4898762.096458994
98.49348724554923,4898762.124262569
98.50348724554924,4898762.151935861
98.51348724554924,4898762.180840964
98.52348724554925,4898762.207893369
98.53348724554925,4898762.2354591
98.54348724554926,4898762.262465034
98.55348724554926,4898762.289891265
98.56348724554927,4898762.317123923
98.57348724554927,4898762.344218453
98.58348724554928,4898762.372040398
98.59348724554928,4898762.401069371
98.60348724554929,4898762.430225759
98.6134872455493,4898762.457441799
98.6234872455493,4898762.48644121
98.6334872455493,4898762.515630452
98.64348724554931,4898762.543502665
98.65348724554931,4898762.571198562
98.66348724554932,4898762.598171583
98.67348724554932,4898762.626205168
98.68348724554933,4898762.653365997
98.69348724554933,4898762.680608838
98.70348724554934,4898762.710279936
98.71348724554935,4898762.738610894
98.72348724554935,4898762.766354225
98.73348724554936,4898762.793576597
98.74348724554936,4898762.821045268
98.75348724554937,4898762.850789227
98.76348724554937,4898762.878882472
98.77348724554938,4898762.905971748
98.78348724554938,4898762.935273436
98.79348724554939,4898762.962869542
98.80348724554939,4898762.989964423
98.8134872455494,4898763.018817415
98.8234872455494,4898763.045824125
98.8334872455494,4898763.072939322
98.84348724554941,4898763.100088598
98.85348724554942,4898763.129416474
98.86348724554942,4898763.158749462
98.87348724554943,4898763.186379443
98.88348724554943,4898763.213646214
98.89348724554944,4898763.241065043
98.90348724554944,4898763.268449065
98.91348724554945,4898763.29795456
98.92348724554945,4898763.325517552
98.93348724554946,4898763.35249521
98.94348724554946,4898763.379672014
98.95348724554947,4898763.409064912
98.96348724554947,4898763.437042362
98.97348724554948,4898763.464197697
98.98348724554948,4898763.491484941
98.99348724554949,4898763.518812118
99.0034872455495,4898763.545982937
99.0134872455495,4898763.574688802
99.0234872455495,4898763.601814938
99.03348724554951,4898763.629378786
99.04348724554951,4898763.656631028
99.05348724554952,4898763.68380208
99.06348724554952,4898763.71078199
99.07348724554953,4898763.738289929
99.08348724554953,4898763.764966506
99.09348724554954,4898763.791819056
99.10348724554954,4898763.818668419
99.11348724554955,4898763.847557148
99.12348724554955,4898763.875531786
99.13348724554956,4898763.902599869
99.14348724554957,4898763.930353776
99.15348724554957,4898763.957691816
99.16348724554958,4898763.985690137
99.17348724554958,4898764.014226043
99.18348724554959,4898764.041697156
99.19348724554959,4898764.068944812
99.2034872455496,4898764.096448718
99.2134872455496,4898764.124604312
99.2234872455496,4898764.152414111
99.23348724554961,4898764.181369152
99.24348724554962,4898764.208808004
99.25348724554962,4898764.236218779
99.26348724554963,4898764.26336428
99.27348724554963,4898764.290456631
99.28348724554964,4898764.317554238
99.29348724554964,4898764.344965971
99.30348724554965,4898764.372319685
99.31348724554965,4898764.399402191
99.32348724554966,4898764.426661225
99.33348724554966,4898764.454068892
99.34348724554967,4898764.481601571
99.35348724554967,4898764.508725662
99.36348724554968,4898764.535805803
99.37348724554968,4898764.562826947
99.38348724554969,4898764.589632407
99.3934872455497,4898764.617029026
99.4034872455497,4898764.644902284
99.4134872455497,4898764.674088067
99.42348724554971,4898764.703438769
99.43348724554971,4898764.732203558
99.44348724554972,4898764.760155595
99.45348724554972,4898764.788313716
99.46348724554973,4898764.815682821
99.47348724554973,4898764.844616785
99.48348724554974,4898764.872938929
99.49348724554974,4898764.900191523
99.50348724554975,4898764.927752703
99.51348724554975,4898764.954753113
99.52348724554976,4898764.982099175
99.53348724554976,4898765.010401747
99.54348724554977,4898765.03799507
99.55348724554977,4898765.06489872
99.56348724554978,4898765.092067761
99.57348724554979,4898765.119947004
99.58348724554979,4898765.147288124
99.5934872455498,4898765.17480755
99.6034872455498,4898765.202283412
99.6134872455498,4898765.229482206
99.62348724554981,4898765.256226152
99.63348724554982,4898765.282921076
99.64348724554982,4898765.310121757
99.65348724554983,4898765.337336566
99.66348724554983,4898765.364175874
99.67348724554984,4898765.391130275
99.68348724554984,4898765.418368564
99.69348724554985,4898765.445552966
99.70348724554985,4898765.472741751
99.71348724554986,4898765.499635783
99.72348724554986,4898765.527044179
99.73348724554987,4898765.554855166
99.74348724554987,4898765.583124943
99.75348724554988,4898765.610334743
99.76348724554988,4898765.637933539
99.77348724554989,4898765.665345752
99.78348724554989,4898765.694727897
99.7934872455499,4898765.723060424
99.8034872455499,4898765.750268138
99.81348724554991,4898765.777570714
99.82348724554991,4898765.80444654
99.83348724554992,4898765.83183987
99.84348724554992,4898765.861149139
99.85348724554993,4898765.889213292
99.86348724554993,4898765.916597347
99.87348724554994,4898765.943771682
99.88348724554994,4898765.970782342
99.89348724554995,4898765.99888121
99.90348724554995,4898766.026716858
99.91348724554996,4898766.053667401
99.92348724554996,4898766.080635718
99.93348724554997,4898766.107945259
99.94348724554997,4898766.136166061
99.95348724554998,4898766.163754988
99.96348724554998,4898766.192420856
99.97348724554999,4898766.220003682
99.98348724555,4898766.247481557
99.99348724555,4898766.275340564
100.0,4898766.302278468
