full_step	0	0.010000000000000002	1	0	0	0	999.9999999999998	999.9999999999998	0	0	0
half_step_1	0	0.005000000000000001	0	0	0	0	999.9999999999998	999.9999999999998	0	0	0
half_step_2	0.005000000000000001	0.005000000000000001	0	0	0	0	999.9999999999998	999.9999999999998	0	0	0
full_step	0.010000000000000002	0.01817347598445831	1	0	0	0	999.9999999999998	999.9999999999998	0	0	0
half_step_1	0.010000000000000002	0.009086737992229156	0	0	0	0	999.9999999999998	999.9999999999998	0	0	0
half_step_2	0.01908673799222916	0.009086737992229156	0	0	0	0	999.9999999999998	999.9999999999998	0	0	0
full_step	0.028173475984458313	0.01817347598445831	1	0	0	0	999.9999999999998	999.9999999999998	0	0	0
half_step_1	0.028173475984458313	0.009086737992229156	0	0	0	0	999.9999999999998	999.9999999999998	0	0	0
half_step_2	0.03726021397668747	0.009086737992229156	0	0	0	0	999.9999999999998	999.9999999999998	0	0	0
full_step	0.046346951968916625	0.01817347598445831	1	0	0	0	999.9999999999998	999.9999999999998	0	0	0
half_step_1	0.046346951968916625	0.009086737992229156	0	0	0	0	999.9999999999998	999.9999999999998	0	0	0
half_step_2	0.05543368996114578	0.009086737992229156	0	0	0	0	999.9999999999998	999.9999999999998	0	0	0
full_step	0.06452042795337494	0.01817347598445831	1	0	0	0	999.9999999999998	999.9999999999998	0	0	0
full_step	0.06452042795337494	0.009086737992229156	1	0	0	0	999.9999999999998	999.9999999999998	0	0	0
full_step	0.06452042795337494	0.004543368996114578	1	0	0	0	999.9999999999998	999.9999999999998	0	0	0
full_step	0.06452042795337494	0.002271684498057289	1	0	0	0	999.9999999999998	999.9999999999998	0	0	0
half_step_1	0.06452042795337494	0.0011358422490286445	0	0	0	0	999.9999999999998	999.9999999999998	0	0	0
half_step_2	0.06565627020240358	0.0011358422490286445	0	0	0	0	999.9999999999998	999.9999999999998	0	0	0
full_step	0.06679211245143223	0.011358422490286445	1	0	0	0	999.9999999999998	999.9999999999998	0	0	0
full_step	0.06679211245143223	0.0056792112451432225	1	0	0	0	999.9999999999998	999.9999999999998	0	0	0
full_step	0.06679211245143223	0.0028396056225716113	1	0	0	0	999.9999999999998	999.9999999999998	0	0	0
full_step	0.06679211245143223	0.0014198028112858056	1	0	0	0	999.9999999999998	999.9999999999998	0	0	0
full_step	0.06679211245143223	0.0007099014056429028	1	0	0	0	999.9999999999998	999.9999999999998	0	0	0
half_step_1	0.06679211245143223	0.0003549507028214514	0	0	0	0	999.9999999999998	999.9999999999998	0	0	0
half_step_2	0.06714706315425367	0.0003549507028214514	6	0	0	0	116440.68453171673	9374.284256311144	0	-1.8945942557734257	173
full_step	0.06750201385707513	0.0016751775022629276	14	65	12	4.642857142857143	383151.9234978545	318967.18411030236	0.33382637542359817	-1.81110216622488	166
half_step_1	0.06750201385707513	0.0008375887511314638	10	44	13	4.4	392131.4627372028	391625.2425201809	0.33382637542359817	-1.81110216622488	166
half_step_2	0.0683396026082066	0.0008375887511314638	7	21	10	3	503285.2131030707	271085.29921437736	0.9125663493775278	-1.7590351564646676	167
full_step	0.06917719135933806	0.0053872253429449145	9	29	7	3.2222222222222223	503285.2131030707	53115.14855398641	0.7113031664810023	-1.8015135624952678	176
half_step_1	0.06917719135933806	0.0026936126714724572	4	9	6	2.25	503285.2131030707	105274.50148412069	0.7113031664810023	-1.8015135624952678	176
half_step_2	0.07187080403081052	0.0026936126714724572	3	2	2	0.6666666666666666	503285.2131030707	73685.5097889985	0.4218493440860698	-1.83575599952644	178
full_step	0.07456441670228298	0.01817347598446021	9	13	6	1.4444444444444444	503285.2131030707	51706.297013795614	0.4341625576972774	-1.8034944558756956	176
full_step	0.07456441670228298	0.009086737992230105	8	15	7	1.875	503285.2131030707	28529.19916094384	0.4341625576972774	-1.8034944558756956	176
full_step	0.07456441670228298	0.004543368996115052	3	2	2	0.6666666666666666	503285.2131030707	52453.86554262729	0.4341625576972774	-1.8034944558756956	176
half_step_1	0.07456441670228298	0.002271684498057526	3	6	4	2	503285.2131030707	130284.43275430046	0.4341625576972774	-1.8034944558756956	176
half_step_2	0.0768361012003405	0.002271684498057526	6	9	6	1.5	503285.2131030707	177157.57241249428	0.4662197984762315	-1.8196134602683556	182
full_step	0.07910778569839803	0.015498747596417442	6	3	3	0.5	503285.2131030707	54790.703096759666	0.39920660636204275	-1.826062723979871	176
full_step	0.07910778569839803	0.007749373798208721	10	28	9	2.8	503285.2131030707	22519.632770681303	0.39920660636204275	-1.826062723979871	176
full_step	0.07910778569839803	0.0038746868991043604	3	9	4	3	503285.2131030707	54354.72591258052	0.39920660636204275	-1.826062723979871	176
half_step_1	0.07910778569839803	0.0019373434495521802	3	4	3	1.3333333333333333	503285.2131030707	123354.79888919377	0.39920660636204275	-1.826062723979871	176
half_step_2	0.08104512914795022	0.0019373434495521802	5	6	6	1.2	503285.2131030707	114545.31577219204	0.40951971074531457	-1.8139292949166212	174
full_step	0.0829824725975024	0.014127977838626569	6	4	4	0.6666666666666666	503285.2131030707	42538.8809892738	0.36601585893095034	-1.8071909848766754	165
full_step	0.0829824725975024	0.0070639889193132846	12	37	9	3.0833333333333335	503285.2131030707	25421.697745471967	0.36601585893095034	-1.8071909848766754	165
half_step_1	0.0829824725975024	0.0035319944596566423	3	5	3	1.6666666666666667	503285.2131030707	69321.94219737989	0.36601585893095034	-1.8071909848766754	165
half_step_2	0.08651446705715904	0.0035319944596566423	7	17	7	2.4285714285714284	503285.2131030707	242127.47783410517	0.6433185444727769	-1.7735240579719505	182
full_step	0.09004646151681568	0.018173475984458252	8	19	7	2.375	503285.2131030707	56691.75695701766	0.8751161260176445	-1.7867071124902862	187
full_step	0.09004646151681568	0.009086737992229126	8	18	6	2.25	503285.2131030707	56952.31354337955	0.8751161260176445	-1.7867071124902862	187
full_step	0.09004646151681568	0.004543368996114563	3	5	3	1.6666666666666667	503285.2131030707	154532.55055648647	0.8751161260176445	-1.7867071124902862	187
half_step_1	0.09004646151681568	0.0022716844980572816	4	0	0	0	503285.2131030707	243853.54437486798	0.8751161260176445	-1.7867071124902862	187
half_step_2	0.09231814601487297	0.0022716844980572816	4	0	0	0	503285.2131030707	187211.77526174995	0.8006183617654301	-1.8013255446635572	161
full_step	0.09458983051293024	0.015890249722863514	7	8	4	1.1428571428571428	503285.2131030707	47604.25927448305	0.6574630661650644	-1.8064729669028008	173
full_step	0.09458983051293024	0.007945124861431757	9	15	5	1.6666666666666667	503285.2131030707	38472.375433462716	0.6574630661650644	-1.8064729669028008	173
full_step	0.09458983051293024	0.0039725624307158786	4	6	2	1.5	503285.2131030707	82735.05444055244	0.6574630661650644	-1.8064729669028008	173
half_step_1	0.09458983051293024	0.0019862812153579393	3	0	0	0	503285.2131030707	165055.81020208533	0.6574630661650644	-1.8064729669028008	173
half_step_2	0.09657611172828817	0.0019862812153579393	4	8	6	2	503285.2131030707	121959.12725774023	0.4945006239179861	-1.8166135425724552	166
full_step	0.09856239294364612	0.01627131982440801	5	3	3	0.6	503285.2131030707	45980.69181035576	0.38124734320354037	-1.8127568425020886	161
full_step	0.09856239294364612	0.008135659912204005	10	15	4	1.5	503285.2131030707	18310.72481052957	0.38124734320354037	-1.8127568425020886	161
half_step_1	0.09856239294364612	0.0040678299561020025	5	14	7	2.8	503285.2131030707	47293.52980215925	0.38124734320354037	-1.8127568425020886	161
half_step_2	0.10263022289974812	0.0040678299561020025	6	26	9	4.333333333333333	503285.2131030707	248673.43325532135	0.8348862388994007	-1.7661782863731523	163
full_step	0.10669805285585013	0.0181734759844608	7	15	10	2.142857142857143	503285.2131030707	78100.71141371795	1.0828278005624838	-1.8302149276924449	248
full_step	0.10669805285585013	0.0090867379922304	6	3	3	0.5	503285.2131030707	66352.54612017625	1.0828278005624838	-1.8302149276924449	248
full_step	0.10669805285585013	0.0045433689961152	3	3	2	1	503285.2131030707	168470.51818992407	1.0828278005624838	-1.8302149276924449	248
half_step_1	0.10669805285585013	0.0022716844980576	3	0	0	0	503285.2131030707	262463.7386857038	1.0828278005624838	-1.8302149276924449	248
half_step_2	0.10896973735390773	0.0022716844980576	6	0	0	0	503285.2131030707	167052.62213663643	0.8153352389961697	-1.8303754103996626	231
full_step	0.11124142185196532	0.014765163749801264	10	19	5	1.9	503285.2131030707	44339.56191833329	0.5350289923262608	-1.849119883923654	231
full_step	0.11124142185196532	0.007382581874900632	9	24	6	2.6666666666666665	503285.2131030707	33689.217666724784	0.5350289923262608	-1.849119883923654	231
half_step_1	0.11124142185196532	0.003691290937450316	5	14	4	2.8	503285.2131030707	93766.69444712455	0.5350289923262608	-1.849119883923654	231
half_step_2	0.11493271278941564	0.003691290937450316	5	16	7	3.2	503285.2131030707	171945.72312798156	0.6040228822219547	-1.8618303017315423	454
full_step	0.11862400372686596	0.01817347598446004	3	2	2	0.6666666666666666	503285.2131030707	93001.64317787271	0.7739416513695119	-1.8175354693505215	447
full_step	0.11862400372686596	0.00908673799223002	8	22	9	2.75	503285.2131030707	58237.50608179193	0.7739416513695119	-1.8175354693505215	447
full_step	0.11862400372686596	0.00454336899611501	3	3	2	1	503285.2131030707	209041.14008508428	0.7739416513695119	-1.8175354693505215	447
full_step	0.11862400372686596	0.002271684498057505	4	0	0	0	503285.2131030707	197792.85614181714	0.7739416513695119	-1.8175354693505215	447
half_step_1	0.11862400372686596	0.0011358422490287525	7	14	5	2	553631.1889473638	315470.0052422411	0.7739416513695119	-1.8175354693505215	447
half_step_2	0.11975984597589472	0.0011358422490287525	5	9	7	1.8	553631.1889473638	164598.37544920263	0.4845881599056838	-1.8459218931879913	450
full_step	0.12089568822492347	0.010197365206387995	7	3	3	0.42857142857142855	741205.2476267011	169505.5956631136	0.191132791226039	-1.8695888370639488	500
full_step	0.12089568822492347	0.005098682603193998	7	3	3	0.42857142857142855	741205.2476267011	157828.17864033437	0.191132791226039	-1.8695888370639488	500
full_step	0.12089568822492347	0.002549341301596999	8	3	3	0.375	741205.2476267011	111428.99929892256	0.191132791226039	-1.8695888370639488	500
full_step	0.12089568822492347	0.0012746706507984994	8	3	3	0.375	741205.2476267011	57989.39075838357	0.191132791226039	-1.8695888370639488	500
half_step_1	0.12089568822492347	0.0006373353253992497	5	0	0	0	741205.2476267011	54646.342015332186	0.191132791226039	-1.8695888370639488	500
half_step_2	0.12153302355032272	0.0006373353253992497	15	92	13	6.133333333333334	3408529.604750094	3401446.705104539	0.9808345271591179	-1.676918270819646	590
full_step	0.12217035887572197	0.0012746706507984994	10	47	12	4.7	3408529.604750094	1177348.2289858165	1.3556330932225364	-1.639070146593672	595
half_step_1	0.12217035887572197	0.0006373353253992497	5	2	2	0.4	3408529.604750094	1099705.062267823	1.3556330932225364	-1.639070146593672	595
half_step_2	0.12280769420112123	0.0006373353253992497	5	13	10	2.6	3408529.604750094	746093.8265213172	1.2897816247337914	-1.6712595135042747	559
full_step	0.12344502952652048	0.0038989463814222453	9	31	7	3.4444444444444446	3408529.604750094	91742.83025635243	0.9477650715786012	-1.723449517633303	585
half_step_1	0.12344502952652048	0.0019494731907111226	5	14	6	2.8	3408529.604750094	171392.6593387803	0.9477650715786012	-1.723449517633303	585
half_step_2	0.1253945027172316	0.0019494731907111226	3	4	2	1.3333333333333333	3408529.604750094	14419.991364130708	0.058045283604144515	-1.7791693409360432	551
full_step	0.12734397590794272	0.0181734759844578	5	8	5	1.6	3408529.604750094	133311.8341543218	0.0531755980718458	-1.8532815553943423	520
full_step	0.12734397590794272	0.0090867379922289	6	10	6	1.6666666666666667	3408529.604750094	20984.819501860708	0.0531755980718458	-1.8532815553943423	520
half_step_1	0.12734397590794272	0.00454336899611445	3	5	3	1.6666666666666667	3408529.604750094	5718.0767848035	0.0531755980718458	-1.8532815553943423	520
half_step_2	0.13188734490405718	0.00454336899611445	10	40	12	4	3408529.604750094	107812.79318380215	0.6550645270524456	-1.809028406568039	491
full_step	0.1364307139001716	0.01664860936327424	8	17	8	2.125	3408529.604750094	139562.65005779633	0.9884904955558795	-1.7195612374143647	556
full_step	0.1364307139001716	0.00832430468163712	5	3	3	0.6	3408529.604750094	76714.63869184331	0.9884904955558795	-1.7195612374143647	556
full_step	0.1364307139001716	0.00416215234081856	6	7	4	1.1666666666666667	3408529.604750094	446683.91652810277	0.9884904955558795	-1.7195612374143647	556
half_step_1	0.1364307139001716	0.00208107617040928	5	7	4	1.4	3408529.604750094	273203.19822457654	0.9884904955558795	-1.7195612374143647	556
half_step_2	0.1385117900705809	0.00208107617040928	7	26	12	3.7142857142857144	3408529.604750094	446393.3777026536	0.6777753340406889	-1.7176230105636676	572
full_step	0.14059286624099018	0.008070111733769446	7	12	8	1.7142857142857142	3408529.604750094	103859.96404687947	0.9331819519751434	-1.7073510816404303	580
full_step	0.14059286624099018	0.004035055866884723	8	30	11	3.75	3408529.604750094	227633.1970817972	0.9331819519751434	-1.7073510816404303	580
half_step_1	0.14059286624099018	0.0020175279334423615	6	16	9	2.6666666666666665	3408529.604750094	691669.3967471919	0.9331819519751434	-1.7073510816404303	580
half_step_2	0.14261039417443255	0.0020175279334423615	6	30	12	5	3408529.604750094	653618.5232622031	1.0032471623046604	-1.6839110317110377	601
full_step	0.1446279221078749	0.00697764233175877	7	17	6	2.4285714285714284	3408529.604750094	119065.25474327561	1.0425400728431669	-1.6948996290620708	577
full_step	0.1446279221078749	0.003488821165879385	3	2	2	0.6666666666666666	3408529.604750094	346309.02243159176	1.0425400728431669	-1.6948996290620708	577
half_step_1	0.1446279221078749	0.0017444105829396925	3	2	2	0.6666666666666666	3408529.604750094	715488.2794529957	1.0425400728431669	-1.6948996290620708	577
half_step_2	0.1463723326908146	0.0017444105829396925	4	0	0	0	3408529.604750094	520825.6887818486	1.047311375636923	-1.6978799942372516	582
full_step	0.1481167432737543	0.010326982302306007	10	27	6	2.7	3408529.604750094	47828.576699828605	0.8996342749268251	-1.7007444419697388	566
full_step	0.1481167432737543	0.005163491151153003	6	8	3	1.3333333333333333	3408529.604750094	120943.4805896576	0.8996342749268251	-1.7007444419697388	566
half_step_1	0.1481167432737543	0.0025817455755765017	3	0	0	0	3408529.604750094	282622.54845104174	0.8996342749268251	-1.7007444419697388	566
half_step_2	0.1506984888493308	0.0025817455755765017	3	5	3	1.6666666666666667	3408529.604750094	271672.11332777556	0.725131007356481	-1.69768648575815	559
full_step	0.1532802344249073	0.016554720210438564	6	3	3	0.5	3408529.604750094	148447.44216940485	0.7800464182696487	-1.6996303161197255	566
full_step	0.1532802344249073	0.008277360105219282	8	14	5	1.75	3408529.604750094	55861.69313475413	0.7800464182696487	-1.6996303161197255	566
full_step	0.1532802344249073	0.004138680052609641	4	2	2	0.5	3408529.604750094	173300.40751794068	0.7800464182696487	-1.6996303161197255	566
half_step_1	0.1532802344249073	0.0020693400263048205	3	3	3	1	3408529.604750094	475967.60019726836	0.7800464182696487	-1.6996303161197255	566
half_step_2	0.1553495744512121	0.0020693400263048205	4	5	3	1.25	3408529.604750094	507465.3052744789	0.8729135411332436	-1.6778441946307827	560
full_step	0.15741891447751694	0.013264430588355126	8	8	5	1	3408529.604750094	102305.99177657772	0.9642742198975611	-1.6839964122264615	599
full_step	0.15741891447751694	0.006632215294177563	5	4	4	0.8	3408529.604750094	94564.83974761062	0.9642742198975611	-1.6839964122264615	599
full_step	0.15741891447751694	0.0033161076470887814	4	4	2	1	3408529.604750094	284303.23886326543	0.9642742198975611	-1.6839964122264615	599
full_step	0.15741891447751694	0.0016580538235443907	3	2	2	0.6666666666666666	3408529.604750094	558803.1330042575	0.9642742198975611	-1.6839964122264615	599
full_step	0.15741891447751694	0.0008290269117721954	4	2	2	0.5	3408529.604750094	722427.9167009651	0.9642742198975611	-1.6839964122264615	599
full_step	0.15741891447751694	0.0004145134558860977	5	4	4	0.8	3408529.604750094	829943.7763747068	0.9642742198975611	-1.6839964122264615	599
half_step_1	0.15741891447751694	0.00020725672794304884	4	0	0	0	3408529.604750094	843273.1823404427	0.9642742198975611	-1.6839964122264615	599
half_step_2	0.15762617120546	0.00020725672794304884	7	3	3	0.42857142857142855	3408529.604750094	830384.6071146724	0.8591109888538995	-1.6873013331459914	569
full_step	0.15783342793340302	0.0020725672794304883	9	3	3	0.3333333333333333	3408529.604750094	106801.68231115399	0.7045250188939463	-1.6806642377430232	629
full_step	0.15783342793340302	0.0010362836397152441	12	36	11	3	3408529.604750094	294509.66268505994	0.7045250188939463	-1.6806642377430232	629
full_step	0.15783342793340302	0.0005181418198576221	11	30	11	2.727272727272727	3408529.604750094	374616.05577651685	0.7045250188939463	-1.6806642377430232	629
half_step_1	0.15783342793340302	0.00025907090992881104	13	57	15	4.384615384615385	3408529.604750094	503240.6520925265	0.7045250188939463	-1.6806642377430232	629
half_step_2	0.15809249884333182	0.00025907090992881104	16	96	11	6	3408529.604750094	2443684.22719246	1.0644040456340917	-1.6362387395393496	692
full_step	0.15835156975326065	0.0006407113156459768	9	28	11	3.111111111111111	3408529.604750094	2813503.6249827985	1.260427720286998	-1.5877548901488039	711
half_step_1	0.15835156975326065	0.0003203556578229884	7	14	5	2	3408529.604750094	1977422.3290086796	1.260427720286998	-1.5877548901488039	711
half_step_2	0.15867192541108363	0.0003203556578229884	6	5	3	0.8333333333333334	3408529.604750094	1032379.6354571887	1.3318083271547039	-1.595233327067675	707
full_step	0.15899228106890662	0.0017200056326141327	10	46	10	4.6	3408529.604750094	449151.335582853	1.2536714809929208	-1.67826993731625	693
half_step_1	0.15899228106890662	0.0008600028163070663	8	26	8	3.25	3408529.604750094	691259.9371001741	1.2536714809929208	-1.67826993731625	693
half_step_2	0.1598522838852137	0.0008600028163070663	9	32	8	3.5555555555555554	3408529.604750094	591887.1513113455	0.9400909675175626	-1.685328637713043	640
full_step	0.16071228670152074	0.0073581130148429215	6	3	3	0.5	3408529.604750094	10862.42349747312	0.562052518938799	-1.7156034321811051	624
half_step_1	0.16071228670152074	0.0036790565074214607	7	25	8	3.5714285714285716	3408529.604750094	77978.43306629598	0.562052518938799	-1.7156034321811051	624
half_step_2	0.1643913432089422	0.0036790565074214607	9	37	7	4.111111111111111	3408529.604750094	61352.08715709716	0.3988859222251335	-1.7924459621746813	558
full_step	0.16807039971636367	0.013711876857812149	6	3	3	0.5	3408529.604750094	52785.14216722415	0.7134033656477641	-1.8099942805499685	487
full_step	0.16807039971636367	0.0068559384289060745	6	12	9	2	3408529.604750094	62137.23449046751	0.7134033656477641	-1.8099942805499685	487
half_step_1	0.16807039971636367	0.0034279692144530373	4	10	4	2.5	3408529.604750094	136511.90322827187	0.7134033656477641	-1.8099942805499685	487
half_step_2	0.1714983689308167	0.0034279692144530373	10	50	11	5	3408529.604750094	772829.4857400192	0.9508863454623224	-1.7293805301393401	603
full_step	0.17492633814526976	0.009706719635167213	10	25	10	2.5	3408529.604750094	266216.943353462	1.4129259730226522	-1.6395522625307568	898
full_step	0.17492633814526976	0.0048533598175836065	11	43	11	3.909090909090909	3408529.604750094	510465.3261184517	1.4129259730226522	-1.6395522625307568	898
full_step	0.17492633814526976	0.0024266799087918033	13	52	14	4	3408529.604750094	893625.0489123072	1.4129259730226522	-1.6395522625307568	898
half_step_1	0.17492633814526976	0.0012133399543959016	11	51	12	4.636363636363637	3408529.604750094	1058507.043162408	1.4129259730226522	-1.6395522625307568	898
half_step_2	0.17613967809966566	0.0012133399543959016	8	21	9	2.625	3408529.604750094	1169605.3072160461	1.2135145691320304	-1.6025415696363168	1009
full_step	0.17735301805406156	0.004353285314116294	12	33	9	2.75	3408529.604750094	335177.09899571596	1.0692538837114398	-1.6418919844843096	921
half_step_1	0.17735301805406156	0.002176642657058147	7	12	6	1.7142857142857142	3408529.604750094	445548.8438271856	1.0692538837114398	-1.6418919844843096	921
half_step_2	0.1795296607111197	0.002176642657058147	8	34	9	4.25	3408529.604750094	495624.51975649415	0.8461104908863035	-1.632320614874235	961
full_step	0.18170630336817786	0.004353285314116294	10	40	10	4	3408529.604750094	235805.19133943538	1.062229103478444	-1.620392185942778	1015
full_step	0.18170630336817786	0.002176642657058147	7	15	6	2.142857142857143	3408529.604750094	752598.560517754	1.062229103478444	-1.620392185942778	1015
half_step_1	0.18170630336817786	0.0010883213285290735	6	17	8	2.8333333333333335	3408529.604750094	1339965.4311403243	1.062229103478444	-1.620392185942778	1015
half_step_2	0.18279462469670693	0.0010883213285290735	9	24	8	2.6666666666666665	3408529.604750094	866669.1989260123	0.9323337342690365	-1.6250108047498377	996
full_step	0.183882946025236	0.00468722844425364	12	32	9	2.6666666666666665	3408529.604750094	154419.33121438316	0.7271783734713608	-1.6514792817499646	974
full_step	0.183882946025236	0.00234361422212682	13	62	12	4.769230769230769	3408529.604750094	273837.23990745895	0.7271783734713608	-1.6514792817499646	974
half_step_1	0.183882946025236	0.00117180711106341	5	14	11	2.8	3408529.604750094	516861.53757805284	0.7271783734713608	-1.6514792817499646	974
half_step_2	0.1850547531362994	0.00117180711106341	14	79	10	5.642857142857143	3408529.604750094	679953.8769719852	0.5456360717574853	-1.6360010175908626	986
full_step	0.1862265602473628	0.0036696634082686195	10	34	8	3.4	3408529.604750094	269229.0580713312	0.6843451550596455	-1.6409250985496253	992
full_step	0.1862265602473628	0.0018348317041343098	7	23	7	3.2857142857142856	3408529.604750094	744650.9143969526	0.6843451550596455	-1.6409250985496253	992
full_step	0.1862265602473628	0.0009174158520671549	7	20	8	2.857142857142857	3408529.604750094	1378110.4521743744	0.6843451550596455	-1.6409250985496253	992
half_step_1	0.1862265602473628	0.00045870792603357744	5	6	3	1.2	3408529.604750094	2039733.690197524	0.6843451550596455	-1.6409250985496253	992
half_step_2	0.1866852681733964	0.00045870792603357744	5	10	5	2	3408529.604750094	1316080.184642649	0.604801172726809	-1.6412311912988717	941
full_step	0.18714397609942995	0.002983556528110687	4	3	3	0.75	3408529.604750094	162462.70760633043	0.4513907925878584	-1.6498857098393291	901
full_step	0.18714397609942995	0.0014917782640553436	4	7	3	1.75	3408529.604750094	211797.34484297567	0.4513907925878584	-1.6498857098393291	901
full_step	0.18714397609942995	0.0007458891320276718	6	9	4	1.5	3408529.604750094	397685.5229047079	0.4513907925878584	-1.6498857098393291	901
full_step	0.18714397609942995	0.0003729445660138359	5	5	5	1	3408529.604750094	738309.1616300911	0.4513907925878584	-1.6498857098393291	901
half_step_1	0.18714397609942995	0.00018647228300691795	3	0	0	0	3408529.604750094	1239855.9557544526	0.4513907925878584	-1.6498857098393291	901
half_step_2	0.18733044838243687	0.00018647228300691795	7	25	8	3.5714285714285716	3408529.604750094	1072085.681896045	0.3332627536732957	-1.627597223219265	811
full_step	0.1875169206654438	0.0018647228300691795	4	2	2	0.5	3408529.604750094	80555.47943570196	0.21466270455346148	-1.623653809481878	806
full_step	0.1875169206654438	0.0009323614150345897	3	3	3	1	3408529.604750094	159287.56257065773	0.21466270455346148	-1.623653809481878	806
full_step	0.1875169206654438	0.00046618070751729487	3	6	3	2	3408529.604750094	293144.8379502477	0.21466270455346148	-1.623653809481878	806
full_step	0.1875169206654438	0.00023309035375864744	8	10	4	1.25	3408529.604750094	418129.96837791405	0.21466270455346148	-1.623653809481878	806
half_step_1	0.1875169206654438	0.00011654517687932372	5	14	11	2.8	3408529.604750094	826490.0211940383	0.21466270455346148	-1.623653809481878	806
half_step_2	0.1876334658423231	0.00011654517687932372	7	32	10	4.571428571428571	3408529.604750094	446664.3255163257	0.12953881327803174	-1.6300635460532453	809
full_step	0.18775001101920244	0.0011654517687932373	8	6	6	0.75	3408529.604750094	97626.70533293347	0.08063776194990169	-1.6534105139057318	785
full_step	0.18775001101920244	0.0005827258843966186	10	15	4	1.5	3408529.604750094	71509.78219345774	0.08063776194990169	-1.6534105139057318	785
full_step	0.18775001101920244	0.0002913629421983093	11	21	7	1.9090909090909092	3408529.604750094	65418.24085743414	0.08063776194990169	-1.6534105139057318	785
full_step	0.18775001101920244	0.00014568147109915466	10	21	10	2.1	3408529.604750094	124894.93792082755	0.08063776194990169	-1.6534105139057318	785
half_step_1	0.18775001101920244	7.284073554957733e-05	10	36	12	3.6	3408529.604750094	110021.7598805416	0.08063776194990169	-1.6534105139057318	785
half_step_2	0.18782285175475202	7.284073554957733e-05	13	64	11	4.923076923076923	3408529.604750094	779338.8229860571	0.3928010943066056	-1.6165761609384337	890
full_step	0.1878956924903016	0.00037598564713731575	21	98	12	4.666666666666667	3408529.604750094	1170013.894654275	0.6360745719728129	-1.580229887080573	894
half_step_1	0.1878956924903016	0.00018799282356865788	15	88	13	5.866666666666666	3408529.604750094	1367833.7669560062	0.6360745719728129	-1.580229887080573	894
half_step_2	0.18808368531387026	0.00018799282356865788	21	122	13	5.809523809523809	3408529.604750094	3047356.206122057	0.7694554626048102	-1.5012807211773713	992
full_step	0.18827167813743892	0.0005756205741318141	11	47	11	4.2727272727272725	3408529.604750094	1406252.6789988058	0.8096673900868154	-1.5015665266479092	1024
half_step_1	0.18827167813743892	0.00028781028706590707	10	31	7	3.1	3408529.604750094	2335612.6264024586	0.8096673900868154	-1.5015665266479092	1024
half_step_2	0.18855948842450482	0.00028781028706590707	9	51	13	5.666666666666667	3727414.1633278765	3601149.752871499	0.8027680676420914	-1.4912988486090826	1052
full_step	0.18884729871157074	0.0013647552382996613	8	32	15	4	3727414.1633278765	807543.0426033908	0.8027465549944282	-1.492847959774032	1090
half_step_1	0.18884729871157074	0.0006823776191498307	6	12	7	2	3727414.1633278765	1573058.8358562097	0.8027465549944282	-1.492847959774032	1090
half_step_2	0.18952967633072057	0.0006823776191498307	8	22	6	2.75	3727414.1633278765	2211444.160754101	0.9652885949868732	-1.5060038821300445	1075
full_step	0.1902120539498704	0.00363033487398179	5	2	2	0.4	3727414.1633278765	302709.0169419324	1.0457977323797536	-1.5010461737337988	1021
full_step	0.1902120539498704	0.001815167436990895	5	13	6	2.6	3727414.1633278765	563873.3168866781	1.0457977323797536	-1.5010461737337988	1021
half_step_1	0.1902120539498704	0.0009075837184954475	4	5	3	1.25	3727414.1633278765	1093306.8840731196	1.0457977323797536	-1.5010461737337988	1021
half_step_2	0.19111963766836584	0.0009075837184954475	8	23	9	2.875	3727414.1633278765	1054028.6081563982	1.0395700982891753	-1.4799225281299606	968
full_step	0.1920272213868613	0.007545903081362218	8	20	9	2.5	3727414.1633278765	93511.40144372525	0.9470002553492236	-1.4624622701747372	867
full_step	0.1920272213868613	0.003772951540681109	9	26	8	2.888888888888889	3727414.1633278765	263548.9297649919	0.9470002553492236	-1.4624622701747372	867
half_step_1	0.1920272213868613	0.0018864757703405545	4	8	3	2	3727414.1633278765	551300.3964778116	0.9470002553492236	-1.4624622701747372	867
half_step_2	0.19391369715720186	0.0018864757703405545	12	46	9	3.8333333333333335	3727414.1633278765	649385.2460430783	1.032263912093299	-1.4556479441810912	798
full_step	0.1958001729275424	0.005490738880616091	10	27	10	2.7	3727414.1633278765	132412.13824731106	1.2140942989576615	-1.4301770447162887	793
full_step	0.1958001729275424	0.0027453694403080453	11	47	10	4.2727272727272725	3727414.1633278765	549698.7694233356	1.2140942989576615	-1.4301770447162887	793
half_step_1	0.1958001729275424	0.0013726847201540227	9	35	9	3.888888888888889	3727414.1633278765	874463.6642003115	1.2140942989576615	-1.4301770447162887	793
half_step_2	0.19717285764769643	0.0013726847201540227	7	25	10	3.5714285714285716	3727414.1633278765	900938.0928841056	1.4330471327131136	-1.4238511809904473	801
full_step	0.19854554236785044	0.006168952654630968	9	25	9	2.7777777777777777	3727414.1633278765	245614.19614114135	1.5348679282423063	-1.3737904759020503	765
full_step	0.19854554236785044	0.003084476327315484	7	9	5	1.2857142857142858	3727414.1633278765	624532.5001129408	1.5348679282423063	-1.3737904759020503	765
full_step	0.19854554236785044	0.001542238163657742	10	31	9	3.1	3727414.1633278765	977980.4223948808	1.5348679282423063	-1.3737904759020503	765
half_step_1	0.19854554236785044	0.000771119081828871	6	18	11	3	3727414.1633278765	949887.6841436173	1.5348679282423063	-1.3737904759020503	765
half_step_2	0.1993166614496793	0.000771119081828871	7	26	9	3.7142857142857144	3727414.1633278765	924965.708409001	1.4653867098155615	-1.4267363285443362	802
full_step	0.2000877805315082	0.0036831398970576953	3	19	9	6.333333333333333	3727414.1633278765	308101.23911537527	1.3739748173485395	-1.4259082007892891	779
half_step_1	0.2000877805315082	0.0018415699485288476	3	7	5	2.3333333333333335	3727414.1633278765	696748.0212933691	1.3739748173485395	-1.4259082007892891	779
half_step_2	0.20192935048003705	0.0018415699485288476	8	34	13	4.25	3727414.1633278765	575562.0000345701	1.2250712139245934	-1.4176986428137854	804
full_step	0.2037709204285659	0.012750100705410904	9	15	5	1.6666666666666667	3727414.1633278765	133466.80475354788	0.9936100892784907	-1.4550238704098903	752
full_step	0.2037709204285659	0.006375050352705452	13	49	8	3.769230769230769	3727414.1633278765	117649.18994343592	0.9936100892784907	-1.4550238704098903	752
full_step	0.2037709204285659	0.003187525176352726	7	21	7	3	3727414.1633278765	315603.20376679616	0.9936100892784907	-1.4550238704098903	752
half_step_1	0.2037709204285659	0.001593762588176363	8	31	7	3.875	3727414.1633278765	723802.5802412839	0.9936100892784907	-1.4550238704098903	752
half_step_2	0.20536468301674227	0.001593762588176363	7	29	11	4.142857142857143	3727414.1633278765	664680.2948694007	1.1253822782647376	-1.4638985955680537	719
full_step	0.20695844560491863	0.010874145545780997	8	15	5	1.875	3727414.1633278765	132218.88352572758	1.1761557060689256	-1.4455007276518275	726
full_step	0.20695844560491863	0.005437072772890498	8	20	5	2.5	3727414.1633278765	178665.90080609618	1.1761557060689256	-1.4455007276518275	726
full_step	0.20695844560491863	0.002718536386445249	7	25	8	3.5714285714285716	3727414.1633278765	446903.5687250656	1.1761557060689256	-1.4455007276518275	726
half_step_1	0.20695844560491863	0.0013592681932226246	6	15	7	2.5	3727414.1633278765	863527.4015541421	1.1761557060689256	-1.4455007276518275	726
half_step_2	0.20831771379814126	0.0013592681932226246	6	22	10	3.6666666666666665	3727414.1633278765	867129.4282982105	1.2847656683768491	-1.4551713202072476	724
full_step	0.2096769819913639	0.007661913247928267	7	7	4	1	3727414.1633278765	96760.476184163	1.2667802454521961	-1.4521747784598198	721
full_step	0.2096769819913639	0.0038309566239641333	10	32	6	3.2	3727414.1633278765	324708.0682262383	1.2667802454521961	-1.4521747784598198	721
full_step	0.2096769819913639	0.0019154783119820667	8	25	9	3.125	3727414.1633278765	748143.334152367	1.2667802454521961	-1.4521747784598198	721
half_step_1	0.2096769819913639	0.0009577391559910333	7	17	6	2.4285714285714284	3727414.1633278765	948169.7743772651	1.2667802454521961	-1.4521747784598198	721
half_step_2	0.21063472114735493	0.0009577391559910333	6	13	7	2.1666666666666665	3727414.1633278765	906549.4332335636	1.2604262142775724	-1.4289318824175372	708
full_step	0.21159246030334597	0.005338742871278403	5	6	4	1.2	3727414.1633278765	176847.3997332455	1.1929141435933843	-1.4409905165502266	714
full_step	0.21159246030334597	0.0026693714356392016	8	21	7	2.625	3727414.1633278765	397059.652908728	1.1929141435933843	-1.4409905165502266	714
full_step	0.21159246030334597	0.0013346857178196008	8	24	8	3	3727414.1633278765	745762.6865969549	1.1929141435933843	-1.4409905165502266	714
half_step_1	0.21159246030334597	0.0006673428589098004	3	8	4	2.6666666666666665	3727414.1633278765	904826.7035889194	1.1929141435933843	-1.4409905165502266	714
half_step_2	0.21225980316225576	0.0006673428589098004	3	9	6	3	3727414.1633278765	906806.6927633632	1.0922211507148631	-1.4361157566968499	716
full_step	0.21292714602116558	0.004221986809086566	5	5	3	1	3727414.1633278765	154008.933857453	0.9427585093652624	-1.4344040877001567	732
full_step	0.21292714602116558	0.002110993404543283	5	8	3	1.6	3727414.1633278765	310381.6752513324	0.9427585093652624	-1.4344040877001567	732
full_step	0.21292714602116558	0.0010554967022716414	5	9	6	1.8	3727414.1633278765	618767.2085853744	0.9427585093652624	-1.4344040877001567	732
full_step	0.21292714602116558	0.0005277483511358207	6	21	7	3.5	3727414.1633278765	907107.5577942671	0.9427585093652624	-1.4344040877001567	732
full_step	0.21292714602116558	0.00026387417556791035	7	20	9	2.857142857142857	3727414.1633278765	930535.2121847669	0.9427585093652624	-1.4344040877001567	732
half_step_1	0.21292714602116558	0.00013193708778395517	7	16	5	2.2857142857142856	3727414.1633278765	1125277.50581849	0.9427585093652624	-1.4344040877001567	732
half_step_2	0.21305908310894953	0.00013193708778395517	6	11	8	1.8333333333333333	3727414.1633278765	910846.2667346414	0.8617199647550251	-1.43874998769734	723
full_step	0.2131910201967335	0.0013193708778395517	7	4	4	0.5714285714285714	3727414.1633278765	551200.1566103926	0.7675162935099706	-1.4444503876302832	727
full_step	0.2131910201967335	0.0006596854389197759	6	4	4	0.6666666666666666	3727414.1633278765	629464.253858036	0.7675162935099706	-1.4444503876302832	727
full_step	0.2131910201967335	0.00032984271945988794	7	12	6	1.7142857142857142	3727414.1633278765	809213.3457116659	0.7675162935099706	-1.4444503876302832	727
full_step	0.2131910201967335	0.00016492135972994397	5	10	6	2	3727414.1633278765	1208620.2564515488	0.7675162935099706	-1.4444503876302832	727
half_step_1	0.2131910201967335	8.246067986497198e-05	3	3	3	1	3727414.1633278765	909582.1706038009	0.7675162935099706	-1.4444503876302832	727
half_step_2	0.21327348087659848	8.246067986497198e-05	5	8	6	1.6	3727414.1633278765	760138.0451319398	0.7014437954508139	-1.4594504374440807	743
full_step	0.21335594155646345	0.0008246067986497198	8	0	0	0	3727414.1633278765	483041.6820304294	0.6340022376566594	-1.4686510690477161	752
full_step	0.21335594155646345	0.0004123033993248599	11	25	9	2.272727272727273	3727414.1633278765	791935.6891670777	0.6340022376566594	-1.4686510690477161	752
full_step	0.21335594155646345	0.00020615169966242995	12	34	11	2.8333333333333335	3727414.1633278765	866226.6193447121	0.6340022376566594	-1.4686510690477161	752
half_step_1	0.21335594155646345	0.00010307584983121497	11	44	11	4	3727414.1633278765	684319.1481024447	0.6340022376566594	-1.4686510690477161	752
half_step_2	0.21345901740629467	0.00010307584983121497	17	86	13	5.0588235294117645	3727414.1633278765	880675.9802739928	0.5508857911481755	-1.470960987146752	809
full_step	0.21356209325612588	0.00045840665013119103	16	82	14	5.125	3727414.1633278765	875021.9814704402	0.6140532568836079	-1.4561989734323229	886
half_step_1	0.21356209325612588	0.00022920332506559552	20	106	12	5.3	3727414.1633278765	950062.5562452027	0.6140532568836079	-1.4561989734323229	886
half_step_2	0.21379129658119148	0.00022920332506559552	23	150	14	6.521739130434782	3727414.1633278765	1213864.151047878	0.7329303231340418	-1.376002316064032	967
full_step	0.21402049990625707	0.00045840665013119103	13	47	12	3.6153846153846154	3727414.1633278765	1733345.8029420907	0.9238794107013746	-1.3216501835731898	993
half_step_1	0.21402049990625707	0.00022920332506559552	11	57	14	5.181818181818182	3727414.1633278765	3350935.3536942448	0.9238794107013746	-1.3216501835731898	993
half_step_2	0.21424970323132267	0.00022920332506559552	8	26	11	3.25	3727414.1633278765	3626110.8276639814	0.9591820668083528	-1.3228734296688416	1033
full_step	0.21447890655638827	0.0010019626803519852	10	40	9	4	3727414.1633278765	1595221.1621901195	1.0480669517774004	-1.3142467910194884	1047
half_step_1	0.21447890655638827	0.0005009813401759926	4	0	0	0	3727414.1633278765	1848981.6562265458	1.0480669517774004	-1.3142467910194884	1047
half_step_2	0.21497988789656425	0.0005009813401759926	9	28	7	3.111111111111111	3727414.1633278765	1534643.9986444567	1.2234155497682195	-1.3593586722619986	1035
full_step	0.21548086923674026	0.0022469692281687015	12	53	8	4.416666666666667	3727414.1633278765	579385.7515264843	1.2355113718338089	-1.3314205191413968	1041
half_step_1	0.21548086923674026	0.0011234846140843508	11	38	7	3.4545454545454546	3727414.1633278765	999803.2948029733	1.2355113718338089	-1.3314205191413968	1041
half_step_2	0.2166043538508246	0.0011234846140843508	15	62	12	4.133333333333334	3727414.1633278765	906023.1624424863	1.2413719236419638	-1.376082061875469	1030
full_step	0.21772783846490895	0.005975412211648714	9	17	4	1.8888888888888888	3727414.1633278765	582609.1358875526	1.1691956370676735	-1.3953621667691103	1029
full_step	0.21772783846490895	0.002987706105824357	17	74	10	4.352941176470588	3727414.1633278765	298231.4753155364	1.1691956370676735	-1.3953621667691103	1029
half_step_1	0.21772783846490895	0.0014938530529121784	11	54	11	4.909090909090909	3727414.1633278765	629152.4526588769	1.1691956370676735	-1.3953621667691103	1029
half_step_2	0.21922169151782114	0.0014938530529121784	12	51	10	4.25	3727414.1633278765	633401.5092057949	1.1472018530653827	-1.451785198588441	1017
full_step	0.2207155445707333	0.0041761453076122335	17	71	9	4.176470588235294	3727414.1633278765	241155.94355306524	1.1007149685880222	-1.5079032386878988	923
full_step	0.2207155445707333	0.0020880726538061167	13	77	15	5.923076923076923	3727414.1633278765	687549.9085906843	1.1007149685880222	-1.5079032386878988	923
half_step_1	0.2207155445707333	0.0010440363269030584	9	43	12	4.777777777777778	3727414.1633278765	1160137.849570668	1.1007149685880222	-1.5079032386878988	923
half_step_2	0.22175958089763637	0.0010440363269030584	11	56	12	5.090909090909091	3727414.1633278765	1336188.88911856	1.41267622069347	-1.5006995368624763	946
full_step	0.22280361722453942	0.003710550733990528	15	69	10	4.6	3727414.1633278765	458694.1542697242	1.1867169922873018	-1.4858630543360318	966
half_step_1	0.22280361722453942	0.001855275366995264	12	51	9	4.25	3727414.1633278765	1006945.145716401	1.1867169922873018	-1.4858630543360318	966
half_step_2	0.22465889259153468	0.001855275366995264	12	70	13	5.833333333333333	3727414.1633278765	1194771.1385961447	1.109585787979995	-1.5106251007234495	976
full_step	0.22651416795852997	0.01151736252829578	9	29	5	3.2222222222222223	3727414.1633278765	131441.8016944173	1.4593438783184638	-1.53487999619421	980
full_step	0.22651416795852997	0.00575868126414789	13	50	9	3.8461538461538463	3727414.1633278765	211290.5070502307	1.4593438783184638	-1.53487999619421	980
full_step	0.22651416795852997	0.002879340632073945	12	63	12	5.25	3727414.1633278765	547535.467178399	1.4593438783184638	-1.53487999619421	980
half_step_1	0.22651416795852997	0.0014396703160369725	7	31	10	4.428571428571429	3727414.1633278765	1044712.9628013924	1.4593438783184638	-1.53487999619421	980
half_step_2	0.22795383827456694	0.0014396703160369725	11	53	13	4.818181818181818	3727414.1633278765	939343.6612916297	1.5492903186146805	-1.5857034180041842	1088
full_step	0.22939350859060392	0.0077005721465812985	11	36	6	3.272727272727273	3727414.1633278765	103983.77224352429	1.5338022633484911	-1.5691800159686622	1017
full_step	0.22939350859060392	0.0038502860732906492	10	43	11	4.3	3727414.1633278765	464778.8528946655	1.5338022633484911	-1.5691800159686622	1017
half_step_1	0.22939350859060392	0.0019251430366453246	10	52	12	5.2	3727414.1633278765	518015.3137662993	1.5338022633484911	-1.5691800159686622	1017
half_step_2	0.23131865162724924	0.0019251430366453246	12	54	10	4.5	3727414.1633278765	517078.408180313	1.2515646846413233	-1.6076308672537674	979
full_step	0.23324379466389458	0.005121993678836944	14	53	7	3.7857142857142856	3727414.1633278765	186914.8869738537	0.9758605318811533	-1.6161994158898452	978
full_step	0.23324379466389458	0.002560996839418472	15	91	12	6.066666666666666	3727414.1633278765	473699.233608907	0.9758605318811533	-1.6161994158898452	978
half_step_1	0.23324379466389458	0.001280498419709236	10	54	12	5.4	3727414.1633278765	920041.5563889499	0.9758605318811533	-1.6161994158898452	978
half_step_2	0.2345242930836038	0.001280498419709236	13	73	12	5.615384615384615	3727414.1633278765	844546.7022398899	0.9084185765943857	-1.6207641171789524	969
full_step	0.23580479150331304	0.00660696389268229	11	36	8	3.272727272727273	3727414.1633278765	85458.66140620197	1.0281407777862341	-1.6000425739396877	921
full_step	0.23580479150331304	0.003303481946341145	15	71	10	4.733333333333333	3727414.1633278765	245777.41141362654	1.0281407777862341	-1.6000425739396877	921
half_step_1	0.23580479150331304	0.0016517409731705724	10	47	11	4.7	3727414.1633278765	826852.0002941964	1.0281407777862341	-1.6000425739396877	921
half_step_2	0.23745653247648363	0.0016517409731705724	14	78	11	5.571428571428571	3727414.1633278765	768334.1888063769	1.135500296596888	-1.5792491581646835	886
full_step	0.23910827344965419	0.005509583836502077	10	33	9	3.3	3727414.1633278765	117177.18418181983	1.2062744719065677	-1.6067852757043646	894
full_step	0.23910827344965419	0.0027547919182510385	14	54	8	3.857142857142857	3727414.1633278765	447497.77745711664	1.2062744719065677	-1.6067852757043646	894
half_step_1	0.23910827344965419	0.0013773959591255192	10	49	10	4.9	3727414.1633278765	885013.2039185397	1.2062744719065677	-1.6067852757043646	894
half_step_2	0.24048566940877972	0.0013773959591255192	13	57	10	4.384615384615385	3727414.1633278765	997954.3464762024	1.1798767263115906	-1.5836537106328907	929
full_step	0.24186306536790522	0.006298259698252162	10	33	7	3.3	3727414.1633278765	155304.67010196188	0.9967649855421996	-1.5813116065234438	910
full_step	0.24186306536790522	0.003149129849126081	13	56	11	4.3076923076923075	3727414.1633278765	330301.685806434	0.9967649855421996	-1.5813116065234438	910
half_step_1	0.24186306536790522	0.0015745649245630406	12	34	11	2.8333333333333335	3727414.1633278765	729216.1817535432	0.9967649855421996	-1.5813116065234438	910
half_step_2	0.24343763029246826	0.0015745649245630406	13	59	10	4.538461538461538	3727414.1633278765	1180907.2758093916	0.9509383701960132	-1.5886749696804774	875
full_step	0.2450121952170313	0.006047162831205905	10	42	11	4.2	3727414.1633278765	99480.03766931212	1.100485484521755	-1.5985965846702794	873
full_step	0.2450121952170313	0.0030235814156029527	16	94	13	5.875	3727414.1633278765	755297.6405577293	1.100485484521755	-1.5985965846702794	873
half_step_1	0.2450121952170313	0.0015117907078014763	13	66	10	5.076923076923077	3727414.1633278765	1280399.3761266689	1.100485484521755	-1.5985965846702794	873
half_step_2	0.24652398592483277	0.0015117907078014763	13	64	10	4.923076923076923	3727414.1633278765	878932.2809619564	1.3730790701843034	-1.5870115101156823	898
full_step	0.24803577663263426	0.005156038346648417	13	54	8	4.153846153846154	3727414.1633278765	175997.6389752729	1.397981671409184	-1.5646742320459173	904
full_step	0.24803577663263426	0.0025780191733242087	12	57	12	4.75	3727414.1633278765	1420157.6493420282	1.397981671409184	-1.5646742320459173	904
half_step_1	0.24803577663263426	0.0012890095866621043	9	35	8	3.888888888888889	3727414.1633278765	914979.5171443941	1.397981671409184	-1.5646742320459173	904
half_step_2	0.24932478621929638	0.0012890095866621043	15	80	12	5.333333333333333	3727414.1633278765	1070109.1959390638	1.3619542071173214	-1.5905224065429782	966
full_step	0.2506137958059585	0.0025780191733242087	15	68	12	4.533333333333333	3727414.1633278765	435283.52318178635	1.110112027768423	-1.6054105957994245	950
half_step_1	0.2506137958059585	0.0012890095866621043	9	34	11	3.7777777777777777	3727414.1633278765	1043411.036828153	1.110112027768423	-1.6054105957994245	950
half_step_2	0.2519028053926206	0.0012890095866621043	13	66	11	5.076923076923077	3727414.1633278765	1753442.0003935772	1.1345463301626069	-1.590186272232579	900
full_step	0.2531918149792827	0.004911499151540328	13	54	9	4.153846153846154	3727414.1633278765	171914.51209722832	1.155898823334951	-1.611912305170199	881
half_step_1	0.2531918149792827	0.002455749575770164	8	36	11	4.5	3727414.1633278765	495288.1746158111	1.155898823334951	-1.611912305170199	881
half_step_2	0.2556475645550529	0.002455749575770164	15	73	10	4.866666666666666	3727414.1633278765	1181447.6888733825	1.134092212791586	-1.6080436839133896	886
full_step	0.25810331413082305	0.007830935973573325	9	16	4	1.7777777777777777	3727414.1633278765	95289.34496023208	1.3208174008640299	-1.6214358897400072	901
full_step	0.25810331413082305	0.0039154679867866625	13	32	9	2.4615384615384617	3727414.1633278765	533751.3410310172	1.3208174008640299	-1.6214358897400072	901
half_step_1	0.25810331413082305	0.0019577339933933313	7	27	9	3.857142857142857	3727414.1633278765	542075.4043525454	1.3208174008640299	-1.6214358897400072	901
half_step_2	0.2600610481242164	0.0019577339933933313	14	59	8	4.214285714285714	3727414.1633278765	840711.9760882888	1.270839066222095	-1.621636458548913	875
full_step	0.2620187821176097	0.005260666341047861	9	35	8	3.888888888888889	3727414.1633278765	188408.2831679107	1.2088630425856763	-1.6509135648386069	863
full_step	0.2620187821176097	0.0026303331705239304	10	49	11	4.9	3727414.1633278765	638557.6247371058	1.2088630425856763	-1.6509135648386069	863
half_step_1	0.2620187821176097	0.0013151665852619652	10	50	12	5	3727414.1633278765	1016839.3634591332	1.2088630425856763	-1.6509135648386069	863
half_step_2	0.2633339487028717	0.0013151665852619652	10	37	9	3.7	3727414.1633278765	712979.0987203856	1.0764246823592885	-1.6661492853715096	872
full_step	0.2646491152881336	0.004129303485231418	13	55	12	4.230769230769231	3727414.1633278765	263375.9258189467	0.8516485011463146	-1.6657954161984592	819
full_step	0.2646491152881336	0.002064651742615709	14	62	11	4.428571428571429	3727414.1633278765	375511.14385100076	0.8516485011463146	-1.6657954161984592	819
half_step_1	0.2646491152881336	0.0010323258713078546	10	48	14	4.8	3727414.1633278765	793818.4743198345	0.8516485011463146	-1.6657954161984592	819
half_step_2	0.2656814411594415	0.0010323258713078546	13	52	12	4	3727414.1633278765	659672.4988431034	0.6892623678853624	-1.6530006656421454	865
full_step	0.26671376703074934	0.0029211346116633464	14	57	10	4.071428571428571	3727414.1633278765	319277.6392008125	0.7493275270521735	-1.661874369870482	866
half_step_1	0.26671376703074934	0.0014605673058316732	12	47	10	3.9166666666666665	3727414.1633278765	1121697.124338252	0.7493275270521735	-1.661874369870482	866
half_step_2	0.268174334336581	0.0014605673058316732	10	53	10	5.3	3727414.1633278765	1123939.8567567468	1.0044295100651652	-1.6405896694858175	856
full_step	0.26671376703074934	0.002563577424336373	16	74	11	4.625	3727414.1633278765	402417.2552609476	0.7493275270521735	-1.661874369870482	866
half_step_1	0.26671376703074934	0.0012817887121681865	13	53	10	4.076923076923077	3727414.1633278765	888191.7311623298	0.7493275270521735	-1.661874369870482	866
half_step_2	0.2679955557429175	0.0012817887121681865	12	62	12	5.166666666666667	3727414.1633278765	1565240.9926239285	0.9757995582515377	-1.6399206631987868	864
full_step	0.26671376703074934	0.00230608501771467	16	68	10	4.25	3727414.1633278765	507565.4284479244	0.7493275270521735	-1.661874369870482	866
half_step_1	0.26671376703074934	0.001153042508857335	11	39	6	3.5454545454545454	3727414.1633278765	788414.9125432359	0.7493275270521735	-1.661874369870482	866
half_step_2	0.2678668095396067	0.001153042508857335	12	61	12	5.083333333333333	3727414.1633278765	1217846.8896300946	0.9545650610659777	-1.6362888185092603	843
full_step	0.269019852048464	0.00230608501771467	12	35	10	2.9166666666666665	3727414.1633278765	405115.7346655911	0.9682760140199207	-1.665106601917882	883
half_step_1	0.269019852048464	0.001153042508857335	13	44	9	3.3846153846153846	3727414.1633278765	838669.0046376475	0.9682760140199207	-1.665106601917882	883
half_step_2	0.27017289455732135	0.001153042508857335	10	43	10	4.3	3727414.1633278765	1058121.3938554628	0.8975292617565174	-1.6644125795978713	828
full_step	0.2713259370661787	0.004999777227119205	14	54	9	3.857142857142857	3727414.1633278765	175963.82232069073	0.6724933257533507	-1.6680706800690528	813
full_step	0.2713259370661787	0.0024998886135596025	15	86	10	5.733333333333333	3727414.1633278765	1195713.4771241457	0.6724933257533507	-1.6680706800690528	813
half_step_1	0.2713259370661787	0.0012499443067798012	10	44	8	4.4	3727414.1633278765	538601.0469060446	0.6724933257533507	-1.6680706800690528	813
half_step_2	0.2725758813729585	0.0012499443067798012	13	61	13	4.6923076923076925	3727414.1633278765	518711.4536075422	0.7527270646922375	-1.6817056683235718	808
full_step	0.2738258256797383	0.007257974122050514	8	12	5	1.5	3727414.1633278765	75052.02135114477	0.8363045916931924	-1.6911261192998783	870
full_step	0.2738258256797383	0.003628987061025257	10	32	9	3.2	3727414.1633278765	531997.9042900344	0.8363045916931924	-1.6911261192998783	870
half_step_1	0.2738258256797383	0.0018144935305126285	11	35	8	3.1818181818181817	3727414.1633278765	892753.9191214159	0.8363045916931924	-1.6911261192998783	870
half_step_2	0.2756403192102509	0.0018144935305126285	14	72	10	5.142857142857143	3727414.1633278765	414686.1161629768	0.8578592264914278	-1.7244865388164283	864
full_step	0.27745481274076356	0.004569924144129637	10	31	8	3.1	3727414.1633278765	241932.2584689261	0.8007247824140791	-1.67012589199064	803
full_step	0.27745481274076356	0.0022849620720648187	13	55	13	4.230769230769231	3727414.1633278765	437640.52826701605	0.8007247824140791	-1.67012589199064	803
half_step_1	0.27745481274076356	0.0011424810360324094	11	48	10	4.363636363636363	3727414.1633278765	542226.7141459766	0.8007247824140791	-1.67012589199064	803
half_step_2	0.278597293776796	0.0011424810360324094	9	51	9	5.666666666666667	3727414.1633278765	700549.1247748882	0.8960167049901884	-1.701187813196554	819
full_step	0.27973977481282836	0.004837996429346166	13	31	6	2.3846153846153846	3727414.1633278765	58955.42807862131	0.7377577595726734	-1.6675369673417009	854
half_step_1	0.27973977481282836	0.002418998214673083	13	56	12	4.3076923076923075	3727414.1633278765	277373.8020657747	0.7377577595726734	-1.6675369673417009	854
half_step_2	0.2821587730275014	0.002418998214673083	15	71	9	4.733333333333333	3727414.1633278765	381326.9713083699	0.9724529051961781	-1.623981911707744	887
full_step	0.27973977481282836	0.004068168925846429	13	38	11	2.923076923076923	3727414.1633278765	96693.70718624858	0.7377577595726734	-1.6675369673417009	854
half_step_1	0.27973977481282836	0.0020340844629232143	11	45	9	4.090909090909091	3727414.1633278765	321805.27876113006	0.7377577595726734	-1.6675369673417009	854
half_step_2	0.28177385927575155	0.0020340844629232143	12	67	12	5.583333333333333	3727414.1633278765	380242.26377444813	0.9181475173904801	-1.6173929475481812	889
full_step	0.2838079437386748	0.004068168925846429	12	48	9	4	3727414.1633278765	392601.5584978909	1.2607794857748331	-1.5765069623097865	902
full_step	0.2838079437386748	0.0020340844629232143	12	64	12	5.333333333333333	3727414.1633278765	852939.7821756896	1.2607794857748331	-1.5765069623097865	902
half_step_1	0.2838079437386748	0.0010170422314616072	14	42	8	3	3727414.1633278765	1132306.6379516297	1.2607794857748331	-1.5765069623097865	902
half_step_2	0.2848249859701364	0.0010170422314616072	14	74	11	5.285714285714286	3727414.1633278765	958783.4978443958	1.3913160422780493	-1.6203676271220115	878
full_step	0.285842028201598	0.003152203081958093	14	67	12	4.785714285714286	3727414.1633278765	508074.29332085664	1.3675567412622058	-1.6037314305434314	863
half_step_1	0.285842028201598	0.0015761015409790466	11	43	11	3.909090909090909	3727414.1633278765	909959.4635863566	1.3675567412622058	-1.6037314305434314	863
half_step_2	0.287418129742577	0.0015761015409790466	15	57	8	3.8	3727414.1633278765	757780.5306069038	1.22386769418506	-1.6330089266129113	927
full_step	0.28899423128355606	0.004875916049410551	13	53	9	4.076923076923077	3727414.1633278765	174976.6121008407	0.9078505109795287	-1.6395345528542096	900
half_step_1	0.28899423128355606	0.0024379580247052756	11	57	10	5.181818181818182	3727414.1633278765	393437.04942858865	0.9078505109795287	-1.6395345528542096	900
half_step_2	0.2914321893082613	0.0024379580247052756	7	34	9	4.857142857142857	3727414.1633278765	383599.58759126137	0.8106866062883	-1.658075886813933	899
full_step	0.2938701473329666	0.011079862213769455	7	6	3	0.8571428571428571	3727414.1633278765	117839.81997990776	1.076709473677397	-1.6790765577270668	842
full_step	0.2938701473329666	0.005539931106884727	12	44	7	3.6666666666666665	3727414.1633278765	109135.0599031398	1.076709473677397	-1.6790765577270668	842
full_step	0.2938701473329666	0.0027699655534423637	15	81	13	5.4	3727414.1633278765	348582.5829174747	1.076709473677397	-1.6790765577270668	842
half_step_1	0.2938701473329666	0.0013849827767211818	11	45	11	4.090909090909091	3727414.1633278765	728406.5526333078	1.076709473677397	-1.6790765577270668	842
half_step_2	0.2952551301096878	0.0013849827767211818	11	54	9	4.909090909090909	3727414.1633278765	618360.0261544202	0.9951295842350873	-1.6856398960490544	821
full_step	0.296640112886409	0.0027699655534423637	13	63	11	4.846153846153846	3727414.1633278765	340677.2484317493	1.2818212073343602	-1.6816561087242334	796
half_step_1	0.296640112886409	0.0013849827767211818	10	31	9	3.1	3727414.1633278765	508269.4748575886	1.2818212073343602	-1.6816561087242334	796
half_step_2	0.2980250956631302	0.0013849827767211818	10	55	10	5.5	3727414.1633278765	642822.3416740703	1.2044061003818456	-1.6799701739195545	768
full_step	0.2994100784398514	0.005152523206717487	11	44	10	4	3727414.1633278765	74847.14656548691	0.93061008948672	-1.6927641391028738	778
half_step_1	0.2994100784398514	0.0025762616033587434	7	38	10	5.428571428571429	3727414.1633278765	177028.20160847084	0.93061008948672	-1.6927641391028738	778
half_step_2	0.3019863400432101	0.0025762616033587434	9	39	10	4.333333333333333	3727414.1633278765	121782.70503255425	0.592400025472898	-1.709135423688808	753
full_step	0.3045626016465689	0.007933840419375733	8	21	9	2.625	3727414.1633278765	75154.2579480582	0.8719706407629246	-1.7201973743337602	669
full_step	0.3045626016465689	0.0039669202096878665	11	44	10	4	3727414.1633278765	294852.1990825941	0.8719706407629246	-1.7201973743337602	669
half_step_1	0.3045626016465689	0.0019834601048439333	12	46	8	3.8333333333333335	3727414.1633278765	829426.1791870217	0.8719706407629246	-1.7201973743337602	669
half_step_2	0.30654606175141286	0.0019834601048439333	11	51	10	4.636363636363637	3727414.1633278765	544409.9406954487	0.9121238286860489	-1.7183311016643263	702
full_step	0.30852952185625676	0.00612146498096187	10	22	7	2.2	3727414.1633278765	64545.498930285125	0.776235558624478	-1.6926278633408518	768
half_step_1	0.30852952185625676	0.003060732490480935	11	45	8	4.090909090909091	3727414.1633278765	218863.74301645136	0.776235558624478	-1.6926278633408518	768
half_step_2	0.3115902543467377	0.003060732490480935	13	58	12	4.461538461538462	3727414.1633278765	526880.1971899081	1.0789835607695863	-1.7006895813552254	773
full_step	0.31465098683721865	0.00612146498096187	12	35	7	2.9166666666666665	3727414.1633278765	98804.66252019137	1.379245813995169	-1.6627388816303876	774
full_step	0.31465098683721865	0.003060732490480935	16	77	11	4.8125	3727414.1633278765	641560.3733072217	1.379245813995169	-1.6627388816303876	774
full_step	0.31465098683721865	0.0015303662452404675	14	66	16	4.714285714285714	3727414.1633278765	710593.7257726383	1.379245813995169	-1.6627388816303876	774
half_step_1	0.31465098683721865	0.0007651831226202337	11	28	9	2.5454545454545454	3727414.1633278765	877603.4884300318	1.379245813995169	-1.6627388816303876	774
half_step_2	0.3154161699598389	0.0007651831226202337	13	63	12	4.846153846153846	3727414.1633278765	734112.0579646312	1.0937481369185775	-1.6068951516989631	724
full_step	0.3161813530824591	0.00220291864503224	10	46	13	4.6	3727414.1633278765	397813.1606388258	0.9812223945874621	-1.6111737284548264	711
half_step_1	0.3161813530824591	0.00110145932251612	9	44	11	4.888888888888889	3727414.1633278765	741662.869554525	0.9812223945874621	-1.6111737284548264	711
half_step_2	0.3172828124049752	0.00110145932251612	12	61	10	5.083333333333333	3727414.1633278765	613440.5467560551	0.8012360427247813	-1.6757097270666153	678
full_step	0.31838427172749134	0.0029825242569868422	10	29	7	2.9	3727414.1633278765	88042.64563501342	0.42502664918481514	-1.7314913717453306	678
half_step_1	0.31838427172749134	0.0014912621284934211	10	47	11	4.7	3727414.1633278765	189647.85418351842	0.42502664918481514	-1.7314913717453306	678
half_step_2	0.3198755338559848	0.0014912621284934211	7	17	7	2.4285714285714284	3727414.1633278765	37230.62474417432	0.37410417309786226	-1.7417604981763906	617
full_step	0.3213667959844782	0.005094087785830895	4	4	4	1	3727414.1633278765	19132.709924589264	0.32186744522118715	-1.7632456392948967	578
half_step_1	0.3213667959844782	0.0025470438929154474	8	30	8	3.75	3727414.1633278765	31932.266900774688	0.32186744522118715	-1.7632456392948967	578
half_step_2	0.32391383987739364	0.0025470438929154474	9	34	8	3.7777777777777777	3727414.1633278765	138979.48214561035	0.5723587511604933	-1.7686216538303723	527
full_step	0.3264608837703091	0.006455170549730379	9	26	7	2.888888888888889	3727414.1633278765	57415.79954555102	0.8550503419006077	-1.8083607883471549	483
full_step	0.3264608837703091	0.0032275852748651895	10	34	8	3.4	3727414.1633278765	149265.9019989332	0.8550503419006077	-1.8083607883471549	483
half_step_1	0.3264608837703091	0.0016137926374325947	8	33	10	4.125	3727414.1633278765	301573.8835649814	0.8550503419006077	-1.8083607883471549	483
half_step_2	0.3280746764077417	0.0016137926374325947	7	17	8	2.4285714285714284	3727414.1633278765	251366.3894823482	0.7764153895990944	-1.7122038639771546	489
full_step	0.32968846904517424	0.007817230316310134	7	4	4	0.5714285714285714	3727414.1633278765	77006.33685706981	0.6368721588032145	-1.7162453263399535	547
full_step	0.32968846904517424	0.003908615158155067	7	11	6	1.5714285714285714	3727414.1633278765	76821.3794395322	0.6368721588032145	-1.7162453263399535	547
half_step_1	0.32968846904517424	0.0019543075790775335	9	34	9	3.7777777777777777	3727414.1633278765	155692.23524798284	0.6368721588032145	-1.7162453263399535	547
half_step_2	0.3316427766242518	0.0019543075790775335	8	34	11	4.25	3727414.1633278765	142769.12615451674	0.7070733307147634	-1.6606316430310861	534
full_step	0.3335970842033293	0.003908615158155067	6	18	10	3	3727414.1633278765	84330.83245463147	1.040637608878228	-1.6841589490146631	530
half_step_1	0.3335970842033293	0.0019543075790775335	10	22	9	2.2	3727414.1633278765	288685.6472070494	1.040637608878228	-1.6841589490146631	530
half_step_2	0.33555139178240684	0.0019543075790775335	8	41	12	5.125	3727414.1633278765	483960.38368653733	1.1647554296962426	-1.6840718841038869	544
full_step	0.33750569936148433	0.005436472515462897	11	36	10	3.272727272727273	3727414.1633278765	81732.60645945075	1.0820146411010683	-1.7133888900089786	523
half_step_1	0.33750569936148433	0.0027182362577314483	8	28	7	3.5	3727414.1633278765	281101.42779266555	1.0820146411010683	-1.7133888900089786	523
half_step_2	0.34022393561921577	0.0027182362577314483	7	34	13	4.857142857142857	3727414.1633278765	315361.2453420919	1.0028535949580828	-1.693999559762069	554
full_step	0.34294217187694725	0.005436472515462897	9	29	9	3.2222222222222223	3727414.1633278765	51405.36994758426	0.9134476277950512	-1.696412949849548	524
full_step	0.34294217187694725	0.0027182362577314483	13	48	11	3.6923076923076925	3727414.1633278765	336794.925808593	0.9134476277950512	-1.696412949849548	524
half_step_1	0.34294217187694725	0.0013591181288657242	7	26	11	3.7142857142857144	3727414.1633278765	335120.90257290244	0.9134476277950512	-1.696412949849548	524
half_step_2	0.344301290005813	0.0013591181288657242	6	23	12	3.8333333333333335	3727414.1633278765	209451.9625787288	0.6348884525978633	-1.7284553108869032	565
full_step	0.3456604081346787	0.004484076443999918	6	0	0	0	3727414.1633278765	32389.074516092423	0.5288602215284754	-1.7339087219764262	564
half_step_1	0.3456604081346787	0.002242038221999959	9	31	11	3.4444444444444446	3727414.1633278765	119418.37155596777	0.5288602215284754	-1.7339087219764262	564
half_step_2	0.34790244635667866	0.002242038221999959	12	54	10	4.5	3727414.1633278765	287258.09081155475	0.6264028329056828	-1.7414303174015997	613
full_step	0.3501444845786786	0.004484076443999918	6	9	4	1.5	3727414.1633278765	73107.53953516523	0.6354632646725236	-1.7405526085494234	657
half_step_1	0.3501444845786786	0.002242038221999959	11	31	6	2.8181818181818183	3727414.1633278765	150690.80728618542	0.6354632646725236	-1.7405526085494234	657
half_step_2	0.35238652280067856	0.002242038221999959	11	50	8	4.545454545454546	3727414.1633278765	222688.39915313345	0.9581103398880941	-1.6999777999629162	635
full_step	0.3546285610226785	0.004484076443999918	9	20	8	2.2222222222222223	3727414.1633278765	65621.37956305608	0.8604682697941826	-1.7471787492217814	600
half_step_1	0.3546285610226785	0.002242038221999959	9	37	12	4.111111111111111	3727414.1633278765	209555.96012265343	0.8604682697941826	-1.7471787492217814	600
half_step_2	0.35687059924467845	0.002242038221999959	9	33	10	3.6666666666666665	3727414.1633278765	174431.21053548338	0.6836988545344411	-1.7034778539853983	500
full_step	0.3591126374666784	0.007460043786541326	9	19	7	2.111111111111111	3727414.1633278765	42339.450383864605	0.5808578886114333	-1.689193555613402	524
half_step_1	0.3591126374666784	0.003730021893270663	6	13	4	2.1666666666666665	3727414.1633278765	54133.73725715446	0.5808578886114333	-1.689193555613402	524
half_step_2	0.362842659359949	0.003730021893270663	8	37	11	4.625	3727414.1633278765	244214.1444905427	1.0962301768840348	-1.7842355632152413	493
full_step	0.3591126374666784	0.005907040067634166	10	29	7	2.9	3727414.1633278765	29453.42938776253	0.5808578886114333	-1.689193555613402	524
half_step_1	0.3591126374666784	0.002953520033817083	10	32	8	3.2	3727414.1633278765	125316.09827131784	0.5808578886114333	-1.689193555613402	524
half_step_2	0.3620661575004955	0.002953520033817083	10	49	10	4.9	3727414.1633278765	230053.1636646031	0.8277846802844806	-1.720640660491371	532
full_step	0.3650196775343125	0.005907040067634166	9	41	9	4.555555555555555	3727414.1633278765	89325.60341852275	0.9247083856096765	-1.7859187981755953	473
half_step_1	0.3650196775343125	0.002953520033817083	6	19	7	3.1666666666666665	3727414.1633278765	226764.89739229996	0.9247083856096765	-1.7859187981755953	473
half_step_2	0.36797319756812963	0.002953520033817083	7	23	10	3.2857142857142856	3727414.1633278765	183583.0073322345	1.0207039706347132	-1.8076789540289309	416
full_step	0.3709267176019467	0.01686558813265087	6	5	5	0.8333333333333334	3727414.1633278765	122536.20933220781	0.8354350019575918	-1.7281233198547463	387
full_step	0.3709267176019467	0.008432794066325435	11	20	6	1.8181818181818181	3727414.1633278765	45862.21373359793	0.8354350019575918	-1.7281233198547463	387
full_step	0.3709267176019467	0.0042163970331627176	9	18	6	2	3727414.1633278765	103534.96258529932	0.8354350019575918	-1.7281233198547463	387
half_step_1	0.3709267176019467	0.0021081985165813588	6	24	13	4	3727414.1633278765	249432.80973844678	0.8354350019575918	-1.7281233198547463	387
half_step_2	0.373034916118528	0.0021081985165813588	8	35	9	4.375	3727414.1633278765	231048.76938573603	0.8652743320280365	-1.8025208834071944	382
full_step	0.3709267176019467	0.002871695713066895	7	22	10	3.142857142857143	3727414.1633278765	177083.79855370044	0.8354350019575918	-1.7281233198547463	387
half_step_1	0.3709267176019467	0.0014358478565334475	6	17	9	2.8333333333333335	3727414.1633278765	333075.5879535303	0.8354350019575918	-1.7281233198547463	387
half_step_2	0.3723625654584801	0.0014358478565334475	6	22	9	3.6666666666666665	3727414.1633278765	273979.3815353676	0.7746514745344939	-1.797098338007806	384
full_step	0.3709267176019467	0.0021835937272672427	9	31	10	3.4444444444444446	3727414.1633278765	228840.72100535023	0.8354350019575918	-1.7281233198547463	387
half_step_1	0.3709267176019467	0.0010917968636336213	9	31	11	3.4444444444444446	3727414.1633278765	514694.3910472672	0.8354350019575918	-1.7281233198547463	387
half_step_2	0.3720185144655803	0.0010917968636336213	10	38	10	3.8	3727414.1633278765	210792.2349949314	0.711061673983636	-1.8109563256709347	369
full_step	0.3731103113292139	0.0021835937272672427	9	39	11	4.333333333333333	3727414.1633278765	119706.3758701148	0.37970985573093685	-1.823380871148188	388
half_step_1	0.3731103113292139	0.0010917968636336213	5	25	10	5	3727414.1633278765	245479.48584478511	0.37970985573093685	-1.823380871148188	388
half_step_2	0.37420210819284755	0.0010917968636336213	6	10	7	1.6666666666666667	3727414.1633278765	17850.35764975576	0.10719930284204793	-1.8196795880166243	406
full_step	0.37529390505648114	0.010917968636336213	6	9	6	1.5	3727414.1633278765	87526.92374565254	0.04999292224323426	-1.8100057282729702	416
half_step_1	0.37529390505648114	0.0054589843181681065	5	5	3	1	3727414.1633278765	18457.37119571574	0.04999292224323426	-1.8100057282729702	416
half_step_2	0.38075288937464924	0.0054589843181681065	8	45	11	5.625	3727414.1633278765	105407.81610720036	0.9389882852204892	-1.8315261917680288	379
full_step	0.37529390505648114	0.00860264609023803	6	7	5	1.1666666666666667	3727414.1633278765	33314.87580830526	0.04999292224323426	-1.8100057282729702	416
half_step_1	0.37529390505648114	0.004301323045119015	4	5	3	1.25	3727414.1633278765	11952.701029272099	0.04999292224323426	-1.8100057282729702	416
half_step_2	0.3795952281016002	0.004301323045119015	10	34	7	3.4	3727414.1633278765	98605.79619260061	0.701980079328905	-1.8156178613542076	381
full_step	0.37529390505648114	0.006718760777633192	6	5	5	0.8333333333333334	3727414.1633278765	20059.14470749714	0.04999292224323426	-1.8100057282729702	416
half_step_1	0.37529390505648114	0.003359380388816596	4	6	3	1.5	3727414.1633278765	11999.663849564211	0.04999292224323426	-1.8100057282729702	416
half_step_2	0.37865328544529775	0.003359380388816596	9	37	11	4.111111111111111	3727414.1633278765	70645.53841117694	0.5085571693911106	-1.82699194219501	391
full_step	0.3820126658341143	0.006718760777633192	9	16	7	1.7777777777777777	3727414.1633278765	81080.63928814832	0.9317784699686058	-1.8304434372234495	446
half_step_1	0.3820126658341143	0.003359380388816596	9	43	10	4.777777777777778	3727414.1633278765	195770.43257863834	0.9317784699686058	-1.8304434372234495	446
half_step_2	0.3853720462229309	0.003359380388816596	10	40	11	4	3727414.1633278765	286414.5205788456	1.1528410046493605	-1.7983216140750158	454
full_step	0.3887314266117475	0.008842641661250076	12	35	9	2.9166666666666665	3727414.1633278765	66661.0105520609	1.11692757483047	-1.834037909396142	455
half_step_1	0.3887314266117475	0.004421320830625038	6	21	9	3.5	3727414.1633278765	154757.72083730224	1.11692757483047	-1.834037909396142	455
half_step_2	0.3931527474423725	0.004421320830625038	7	27	10	3.857142857142857	3727414.1633278765	218376.09239090065	1.7286067566216161	-1.8279532001644505	489
full_step	0.39757406827299757	0.008842641661250076	8	26	9	3.25	3727414.1633278765	75185.67144370521	1.3443490064180992	-1.7904486238141377	444
half_step_1	0.39757406827299757	0.004421320830625038	5	18	9	3.6	3727414.1633278765	225568.16123121206	1.3443490064180992	-1.7904486238141377	444
half_step_2	0.4019953891036226	0.004421320830625038	8	44	14	5.5	3727414.1633278765	225015.46313720327	1.2125415000175508	-1.7860162021235568	412
full_step	0.39757406827299757	0.0055462682346413845	7	18	7	2.5714285714285716	3727414.1633278765	156654.48566982962	1.3443490064180992	-1.7904486238141377	444
half_step_1	0.39757406827299757	0.0027731341173206922	7	20	8	2.857142857142857	3727414.1633278765	224500.9446331872	1.3443490064180992	-1.7904486238141377	444
half_step_2	0.4003472023903183	0.0027731341173206922	9	43	11	4.777777777777778	3727414.1633278765	169697.5667441358	0.8978968562318528	-1.7962356898229663	432
full_step	0.40312033650763895	0.008951760363902637	8	19	6	2.375	3727414.1633278765	50272.998829764256	0.739816700001029	-1.8054930175555903	445
half_step_1	0.40312033650763895	0.004475880181951318	6	27	10	4.5	3727414.1633278765	89178.40714715072	0.739816700001029	-1.8054930175555903	445
half_step_2	0.4075962166895903	0.004475880181951318	8	37	11	4.625	3727414.1633278765	183452.8068555035	1.4156429712081149	-1.8021476481119965	443
full_step	0.40312033650763895	0.0065096554958888105	10	31	7	3.1	3727414.1633278765	53581.19982055097	0.739816700001029	-1.8054930175555903	445
half_step_1	0.40312033650763895	0.0032548277479444053	5	20	8	4	3727414.1633278765	152033.83309835274	0.739816700001029	-1.8054930175555903	445
half_step_2	0.40637516425558334	0.0032548277479444053	8	37	10	4.625	3727414.1633278765	156939.49116461794	0.9337015279736534	-1.815698564246938	428
full_step	0.4096299920035278	0.010440422176717076	7	16	8	2.2857142857142856	3727414.1633278765	47119.75418258571	1.0395973199566697	-1.7865287603504172	422
full_step	0.4096299920035278	0.005220211088358538	9	24	10	2.6666666666666665	3727414.1633278765	75076.26850618441	1.0395973199566697	-1.7865287603504172	422
half_step_1	0.4096299920035278	0.002610105544179269	6	24	10	4	3727414.1633278765	208693.42813654945	1.0395973199566697	-1.7865287603504172	422
half_step_2	0.4122400975477071	0.002610105544179269	8	37	10	4.625	3727414.1633278765	188230.44112736083	0.9603422867899098	-1.8007772891947555	407
full_step	0.4148502030918863	0.014803689578706014	6	4	4	0.6666666666666666	3727414.1633278765	49656.4603069642	0.8125524946503333	-1.7771849579444114	434
full_step	0.4148502030918863	0.007401844789353007	5	4	4	0.8	3727414.1633278765	53305.24743834192	0.8125524946503333	-1.7771849579444114	434
half_step_1	0.4148502030918863	0.0037009223946765034	7	38	9	5.428571428571429	3727414.1633278765	108272.32806865203	0.8125524946503333	-1.7771849579444114	434
half_step_2	0.4185511254865628	0.0037009223946765034	7	29	10	4.142857142857143	3727414.1633278765	201414.0813043985	1.0379371158261392	-1.7753935699372014	518
full_step	0.4222520478812393	0.007401844789353007	9	29	9	3.2222222222222223	3727414.1633278765	86187.97682763293	0.9393364693034414	-1.8046730161641975	478
half_step_1	0.4222520478812393	0.0037009223946765034	7	23	8	3.2857142857142856	3727414.1633278765	153891.4959296452	0.9393364693034414	-1.8046730161641975	478
half_step_2	0.42595297027591583	0.0037009223946765034	6	20	8	3.3333333333333335	3727414.1633278765	285098.7232850834	1.0609434333562717	-1.8095217433128512	456
full_step	0.42965389267059234	0.013073818571939894	12	43	10	3.5833333333333335	3727414.1633278765	44170.499887293794	1.165050920541205	-1.8194306276943073	453
full_step	0.42965389267059234	0.006536909285969947	8	36	12	4.5	3727414.1633278765	88285.46945322161	1.165050920541205	-1.8194306276943073	453
full_step	0.42965389267059234	0.0032684546429849735	8	36	10	4.5	3727414.1633278765	176158.02883940836	1.165050920541205	-1.8194306276943073	453
half_step_1	0.42965389267059234	0.0016342273214924867	8	34	10	4.25	3727414.1633278765	351807.3484006446	1.165050920541205	-1.8194306276943073	453
half_step_2	0.43128811999208483	0.0016342273214924867	6	22	8	3.6666666666666665	3727414.1633278765	184446.31597877896	0.7965778149969651	-1.833488232791582	437
full_step	0.4329223473135773	0.01046587255034373	10	11	7	1.1	3727414.1633278765	109335.40795634352	0.3698632327606788	-1.8343852551372313	463
full_step	0.4329223473135773	0.005232936275171865	12	24	9	2	3727414.1633278765	92873.2179788379	0.3698632327606788	-1.8343852551372313	463
half_step_1	0.4329223473135773	0.0026164681375859325	13	34	9	2.6153846153846154	3727414.1633278765	115605.97203826814	0.3698632327606788	-1.8343852551372313	463
half_step_2	0.43553881545116324	0.0026164681375859325	8	40	11	5	3727414.1633278765	438378.01281787694	1.6796122839728014	-1.851453501074886	478
full_step	0.43815528358874917	0.005232936275171865	8	23	9	2.875	3727414.1633278765	193814.66923126316	1.8702797483072686	-1.8428987778931485	511
full_step	0.43815528358874917	0.0026164681375859325	6	23	10	3.8333333333333335	3727414.1633278765	383646.79606930877	1.8702797483072686	-1.8428987778931485	511
full_step	0.43815528358874917	0.0013082340687929662	8	15	9	1.875	3727414.1633278765	434964.92450320366	1.8702797483072686	-1.8428987778931485	511
half_step_1	0.43815528358874917	0.0006541170343964831	5	13	7	2.6	3727414.1633278765	435803.83424826834	1.8702797483072686	-1.8428987778931485	511
half_step_2	0.43880940062314566	0.0006541170343964831	7	23	8	3.2857142857142856	3727414.1633278765	369637.4418874037	1.4346673343975453	-1.8395612239757482	433
full_step	0.43946351765754216	0.00588097797193619	9	6	6	0.6666666666666666	3727414.1633278765	100738.85777271952	1.0318573875749735	-1.8493829206067667	501
full_step	0.43946351765754216	0.002940488985968095	13	39	10	3	3727414.1633278765	313346.97807354835	1.0318573875749735	-1.8493829206067667	501
full_step	0.43946351765754216	0.0014702444929840476	14	50	11	3.5714285714285716	3727414.1633278765	414899.53787998273	1.0318573875749735	-1.8493829206067667	501
full_step	0.43946351765754216	0.0007351222464920238	13	38	10	2.923076923076923	3727414.1633278765	436499.997700527	1.0318573875749735	-1.8493829206067667	501
full_step	0.43946351765754216	0.0003675611232460119	16	55	12	3.4375	3727414.1633278765	440147.25370787043	1.0318573875749735	-1.8493829206067667	501
half_step_1	0.43946351765754216	0.00018378056162300595	9	33	11	3.6666666666666665	3727414.1633278765	441064.34153517615	1.0318573875749735	-1.8493829206067667	501
half_step_2	0.43964729821916515	0.00018378056162300595	4	2	2	0.5	3727414.1633278765	438981.9010597171	1.2116009162285764	-1.85516198080442	489
full_step	0.43983107878078814	0.0012047857525429295	5	10	7	2	3727414.1633278765	146380.78161416284	1.0837656230752373	-1.8547371947705045	510
full_step	0.43983107878078814	0.0006023928762714648	3	10	8	3.3333333333333335	3727414.1633278765	291681.2466853379	1.0837656230752373	-1.8547371947705045	510
full_step	0.43983107878078814	0.0003011964381357324	3	3	3	1	3727414.1633278765	438547.14698648686	1.0837656230752373	-1.8547371947705045	510
half_step_1	0.43983107878078814	0.0001505982190678662	3	0	0	0	3727414.1633278765	438436.8747087253	1.0837656230752373	-1.8547371947705045	510
half_step_2	0.439981676999856	0.0001505982190678662	8	21	11	2.625	3727414.1633278765	139387.31077754547	0.9401276376132159	-1.8486002809723627	514
full_step	0.4401322752189239	0.0008940876065785774	8	0	0	0	3727414.1633278765	59523.37288459211	0.7910311222386781	-1.812140710839982	583
half_step_1	0.4401322752189239	0.0004470438032892887	7	0	0	0	3727414.1633278765	50373.188865719174	0.7910311222386781	-1.812140710839982	583
half_step_2	0.4405793190222132	0.0004470438032892887	8	17	6	2.125	3727414.1633278765	209152.40019606097	1.0837974716550889	-1.766018561796178	600
full_step	0.4401322752189239	0.00045682457926925793	9	6	3	0.6666666666666666	3727414.1633278765	50216.5710269618	0.7910311222386781	-1.812140710839982	583
half_step_1	0.4401322752189239	0.00022841228963462896	7	0	0	0	3727414.1633278765	29732.877584845577	0.7910311222386781	-1.812140710839982	583
half_step_2	0.4403606875085585	0.00022841228963462896	11	52	12	4.7272727272727275	3727414.1633278765	1005540.9211134462	0.8010136801791532	-1.7617740363252374	609
full_step	0.4401322752189239	0.0003185982405413097	10	9	4	0.9	3727414.1633278765	39203.097816251364	0.7910311222386781	-1.812140710839982	583
half_step_1	0.4401322752189239	0.00015929912027065485	11	28	12	2.5454545454545454	3727414.1633278765	20202.89677978757	0.7910311222386781	-1.812140710839982	583
half_step_2	0.4402915743391945	0.00015929912027065485	10	63	13	6.3	3727414.1633278765	1097466.813567119	0.6331140147024144	-1.7693230969108222	574
full_step	0.4401322752189239	0.0002545148612320176	10	9	4	0.9	3727414.1633278765	30897.319451322524	0.7910311222386781	-1.812140710839982	583
half_step_1	0.4401322752189239	0.0001272574306160088	7	0	0	0	3727414.1633278765	16757.857108641354	0.7910311222386781	-1.812140710839982	583
half_step_2	0.44025953264953993	0.0001272574306160088	9	43	13	4.777777777777778	3727414.1633278765	863309.836065614	0.6642693086217832	-1.7688997011157852	562
full_step	0.4403867900801559	0.0002545148612320176	8	31	11	3.875	3727414.1633278765	1085781.2741826186	0.6582188899990342	-1.7831298823756612	574
half_step_1	0.4403867900801559	0.0001272574306160088	7	22	14	3.142857142857143	3727414.1633278765	1137305.0554037094	0.6582188899990342	-1.7831298823756612	574
half_step_2	0.44051404751077194	0.0001272574306160088	6	7	4	1.1666666666666667	3727414.1633278765	903779.7024384162	0.6535128000492705	-1.785998898886738	587
full_step	0.4406413049413879	0.0007890848126064948	6	25	8	4.166666666666667	3727414.1633278765	177488.09613779903	0.5725014849948593	-1.8056697808077777	588
half_step_1	0.4406413049413879	0.0003945424063032474	7	24	10	3.4285714285714284	3727414.1633278765	424777.94787001004	0.5725014849948593	-1.8056697808077777	588
half_step_2	0.4410358473476912	0.0003945424063032474	9	27	8	3	3727414.1633278765	94960.86131594585	0.27395991390903873	-1.8138173519584617	551
full_step	0.4414303897539944	0.003213076837799266	3	2	2	0.6666666666666666	3727414.1633278765	5505.909545141839	0.013991204637136434	-1.805988255616002	529
half_step_1	0.4414303897539944	0.001606538418899633	2	2	2	1	3727414.1633278765	4275.183206694074	0.013991204637136434	-1.805988255616002	529
half_step_2	0.44303692817289403	0.001606538418899633	6	26	11	4.333333333333333	3727414.1633278765	54349.45680982338	0.13948015508566414	-1.899528739553994	565
full_step	0.44464346659179366	0.010524422876709011	7	8	4	1.1428571428571428	3727414.1633278765	73992.37286990625	0.2266608623193065	-1.8856332494041674	519
full_step	0.44464346659179366	0.005262211438354506	3	8	3	2.6666666666666665	3727414.1633278765	25320.30682520103	0.2266608623193065	-1.8856332494041674	519
full_step	0.44464346659179366	0.002631105719177253	2	1	1	0.5	3727414.1633278765	54548.09795738162	0.2266608623193065	-1.8856332494041674	519
full_step	0.44464346659179366	0.0013155528595886264	3	9	5	3	3727414.1633278765	116278.08421371378	0.2266608623193065	-1.8856332494041674	519
half_step_1	0.44464346659179366	0.0006577764297943132	6	16	5	2.6666666666666665	3727414.1633278765	208992.85888647594	0.2266608623193065	-1.8856332494041674	519
half_step_2	0.44530124302158797	0.0006577764297943132	4	7	7	1.75	3727414.1633278765	124065.79102789333	0.16508104133356483	-1.8768971444047409	420
full_step	0.4459590194513823	0.006577764297943132	6	8	4	1.3333333333333333	3727414.1633278765	19563.922417174817	0.09221299816687178	-1.86480838732142	399
full_step	0.4459590194513823	0.003288882148971566	4	3	3	0.75	3727414.1633278765	8326.749747186552	0.09221299816687178	-1.86480838732142	399
full_step	0.4459590194513823	0.001644441074485783	7	20	5	2.857142857142857	3727414.1633278765	39381.674460031245	0.09221299816687178	-1.86480838732142	399
full_step	0.4459590194513823	0.0008222205372428915	5	10	4	2	3727414.1633278765	61429.32844869798	0.09221299816687178	-1.86480838732142	399
full_step	0.4459590194513823	0.00041111026862144574	5	9	4	1.8	3727414.1633278765	122213.31667516282	0.09221299816687178	-1.86480838732142	399
half_step_1	0.4459590194513823	0.00020555513431072287	3	0	0	0	3727414.1633278765	243248.2727129082	0.09221299816687178	-1.86480838732142	399
half_step_2	0.446164574585693	0.00020555513431072287	2	0	0	0	3727414.1633278765	117888.94409741276	0.05464926528969727	-1.8732984404041384	419
full_step	0.4463701297200037	0.0020555513431072285	6	0	0	0	3727414.1633278765	33901.784047353816	0.01196729685648279	-1.8640777393882308	401
full_step	0.4463701297200037	0.0010277756715536142	6	0	0	0	3727414.1633278765	36896.722238756025	0.01196729685648279	-1.8640777393882308	401
half_step_1	0.4463701297200037	0.0005138878357768071	5	0	0	0	3727414.1633278765	31996.56812676139	0.01196729685648279	-1.8640777393882308	401
half_step_2	0.44688401755578055	0.0005138878357768071	12	36	10	3	3727414.1633278765	673827.3551734203	0.5748847899521934	-1.795492428942786	419
full_step	0.4463701297200037	0.0005882578872840973	7	0	0	0	3727414.1633278765	32649.282257976934	0.01196729685648279	-1.8640777393882308	401
half_step_1	0.4463701297200037	0.00029412894364204867	4	0	0	0	3727414.1633278765	17253.570402849437	0.01196729685648279	-1.8640777393882308	401
half_step_2	0.4466642586636458	0.00029412894364204867	9	22	11	2.4444444444444446	3727414.1633278765	997375.6456741601	0.5582317436229687	-1.802906266754635	435
full_step	0.4463701297200037	0.0004364785656622271	7	0	0	0	3727414.1633278765	27748.388189964408	0.01196729685648279	-1.8640777393882308	401
half_step_1	0.4463701297200037	0.00021823928283111355	2	3	3	1.5	3727414.1633278765	22847.492509180836	0.01196729685648279	-1.8640777393882308	401
half_step_2	0.44658836900283483	0.00021823928283111355	8	20	9	2.5	3727414.1633278765	1021329.189808042	0.43860739635147183	-1.832855917172908	435
full_step	0.4463701297200037	0.00038873054101279007	7	0	0	0	3727414.1633278765	20530.6498040702	0.01196729685648279	-1.8640777393882308	401
half_step_1	0.4463701297200037	0.00019436527050639503	2	4	3	2	3727414.1633278765	25503.50576950056	0.01196729685648279	-1.8640777393882308	401
half_step_2	0.4465644949905101	0.00019436527050639503	9	21	8	2.3333333333333335	3727414.1633278765	1124352.5787300486	0.3573886829968842	-1.8350661936012043	414
full_step	0.4467588602610165	0.00038873054101279007	4	0	0	0	3727414.1633278765	54528.12686887722	0.4353670983197162	-1.8327184087142125	432
half_step_1	0.4467588602610165	0.00019436527050639503	5	7	7	1.4	3727414.1633278765	392692.6490155018	0.4353670983197162	-1.8327184087142125	432
half_step_2	0.4469532255315229	0.00019436527050639503	8	20	7	2.5	3727414.1633278765	100021.32355447518	0.26647845926345326	-1.819503294955566	428
full_step	0.4471475908020293	0.0019436527050639503	3	1	1	0.3333333333333333	3727414.1633278765	4512.081807790942	0.06677780012341827	-1.852209085731074	438
full_step	0.4471475908020293	0.0009718263525319751	3	4	3	1.3333333333333333	3727414.1633278765	4341.840342872635	0.06677780012341827	-1.852209085731074	438
full_step	0.4471475908020293	0.00048591317626598757	3	6	4	2	3727414.1633278765	11443.617374837962	0.06677780012341827	-1.852209085731074	438
half_step_1	0.4471475908020293	0.00024295658813299379	2	12	12	6	3727414.1633278765	43469.625871276796	0.06677780012341827	-1.852209085731074	438
half_step_2	0.4473905473901623	0.00024295658813299379	2	2	2	1	3727414.1633278765	19973.12427882542	0.01203830475679979	-1.8654897128641494	425
full_step	0.4476335039782953	0.0024295658813299377	7	0	0	0	3727414.1633278765	155073.3630454691	0.278202908375647	-1.852713355930966	473
full_step	0.4476335039782953	0.0012147829406649688	9	3	3	0.3333333333333333	3727414.1633278765	124071.33008241549	0.278202908375647	-1.852713355930966	473
full_step	0.4476335039782953	0.0006073914703324844	12	23	6	1.9166666666666667	3727414.1633278765	366658.7998552504	0.278202908375647	-1.852713355930966	473
half_step_1	0.4476335039782953	0.0003036957351662422	10	25	11	2.5	3727414.1633278765	441303.1588258807	0.278202908375647	-1.852713355930966	473
half_step_2	0.4479371997134616	0.0003036957351662422	9	34	11	3.7777777777777777	3727414.1633278765	2043927.4887033454	1.2587512128322942	-1.7971064793821263	500
full_step	0.44824089544862783	0.0006073914703324844	7	17	6	2.4285714285714284	3727414.1633278765	503774.6465670282	1.1723891199987975	-1.794450620713609	495
half_step_1	0.44824089544862783	0.0003036957351662422	5	7	7	1.4	3727414.1633278765	538904.9068220054	1.1723891199987975	-1.794450620713609	495
half_step_2	0.4485445911837941	0.0003036957351662422	7	17	10	2.4285714285714284	3727414.1633278765	373678.8359633138	0.9225393657765153	-1.7891323664069512	539
full_step	0.44884828691896034	0.0018978965238582442	8	3	3	0.375	3727414.1633278765	122239.03642905482	0.668062934594218	-1.7767740363479652	565
full_step	0.44884828691896034	0.0009489482619291221	8	0	0	0	3727414.1633278765	74293.61004914716	0.668062934594218	-1.7767740363479652	565
half_step_1	0.44884828691896034	0.00047447413096456104	6	0	0	0	3727414.1633278765	131241.13928896058	0.668062934594218	-1.7767740363479652	565
half_step_2	0.4493227610499249	0.00047447413096456104	10	41	12	4.1	3727414.1633278765	1720797.3754122779	0.7831430042451757	-1.7045611315617362	593
full_step	0.44979723518088943	0.0009489482619291221	10	19	6	1.9	3727414.1633278765	901715.1259942442	0.9120033500618092	-1.7029636458207558	560
half_step_1	0.44979723518088943	0.00047447413096456104	6	8	5	1.3333333333333333	3727414.1633278765	752713.5998400463	0.9120033500618092	-1.7029636458207558	560
half_step_2	0.450271709311854	0.00047447413096456104	6	6	3	1	3727414.1633278765	405211.12555617205	0.7713090263142703	-1.759219114480669	640
full_step	0.4507461834428185	0.0009489482619291221	7	21	9	3	3727414.1633278765	214994.99444051608	0.881657040291941	-1.7466036674648282	641
full_step	0.4507461834428185	0.00047447413096456104	8	35	13	4.375	3727414.1633278765	342642.47788745386	0.881657040291941	-1.7466036674648282	641
full_step	0.4507461834428185	0.00023723706548228052	9	37	12	4.111111111111111	3727414.1633278765	378319.7481976232	0.881657040291941	-1.7466036674648282	641
half_step_1	0.4507461834428185	0.00011861853274114026	9	23	11	2.5555555555555554	3727414.1633278765	420166.93760036567	0.881657040291941	-1.7466036674648282	641
half_step_2	0.45086480197555967	0.00011861853274114026	9	31	7	3.4444444444444446	3727414.1633278765	154758.47884477593	0.801056088717246	-1.7702184368169196	667
full_step	0.4509834205083008	0.00045828694950987434	10	22	7	2.2	3727414.1633278765	268930.34358557896	0.7238262252471941	-1.7668535959477625	642
half_step_1	0.4509834205083008	0.00022914347475493717	7	9	9	1.2857142857142858	3727414.1633278765	249023.5812325941	0.7238262252471941	-1.7668535959477625	642
half_step_2	0.45121256398305576	0.00022914347475493717	7	22	9	3.142857142857143	3727414.1633278765	648412.4079663991	0.5811211277946882	-1.7610410736423554	707
full_step	0.4514417074578107	0.00045828694950987434	11	40	13	3.6363636363636362	3727414.1633278765	1912732.422936294	0.8367025243418311	-1.755342941863454	717
half_step_1	0.4514417074578107	0.00022914347475493717	12	56	10	4.666666666666667	3727414.1633278765	2340159.524996255	0.8367025243418311	-1.755342941863454	717
half_step_2	0.45167085093256565	0.00022914347475493717	9	43	13	4.777777777777778	3727414.1633278765	943087.5855326577	0.8428438012765582	-1.7560306599552313	659
full_step	0.4518999944073206	0.001424118422135295	14	38	9	2.7142857142857144	3727414.1633278765	207462.54498623687	0.760860356468811	-1.7762995470914544	686
half_step_1	0.4518999944073206	0.0007120592110676475	11	21	9	1.9090909090909092	3727414.1633278765	376317.6854289955	0.760860356468811	-1.7762995470914544	686
half_step_2	0.45261205361838824	0.0007120592110676475	6	24	11	4	3727414.1633278765	458013.93093444884	0.9730130839083699	-1.786045129613434	717
full_step	0.4533241128294559	0.0026151586292100007	12	53	14	4.416666666666667	3727414.1633278765	380448.13991754607	1.313559938783726	-1.806435361307165	684
full_step	0.4533241128294559	0.0013075793146050004	11	29	10	2.6363636363636362	3727414.1633278765	423443.2077748436	1.313559938783726	-1.806435361307165	684
full_step	0.4533241128294559	0.0006537896573025002	10	28	11	2.8	3727414.1633278765	473487.53873615555	1.313559938783726	-1.806435361307165	684
half_step_1	0.4533241128294559	0.0003268948286512501	11	31	9	2.8181818181818183	3727414.1633278765	475000.5863595212	1.313559938783726	-1.806435361307165	684
half_step_2	0.4536510076581071	0.0003268948286512501	10	38	13	3.8	3727414.1633278765	2094118.312020599	1.1024882439285761	-1.7953199181633122	681
full_step	0.4533241128294559	0.0005765805725499156	12	30	9	2.5	3727414.1633278765	474029.7709239389	1.313559938783726	-1.806435361307165	684
half_step_1	0.4533241128294559	0.0002882902862749578	10	26	9	2.6	3727414.1633278765	474537.54549717676	1.313559938783726	-1.806435361307165	684
half_step_2	0.45361240311573087	0.0002882902862749578	10	34	10	3.4	3727414.1633278765	2349673.7384591294	1.1169803599159422	-1.7935482310765025	682
full_step	0.4539006934020058	0.0005765805725499156	13	24	8	1.8461538461538463	3727414.1633278765	53442.25722896574	0.8445661606882027	-1.8030670180755806	687
half_step_1	0.4539006934020058	0.0002882902862749578	9	40	13	4.444444444444445	3727414.1633278765	430404.6688499295	0.8445661606882027	-1.8030670180755806	687
half_step_2	0.45418898368828076	0.0002882902862749578	12	63	10	5.25	3727414.1633278765	1865185.9046185985	0.579192640645033	-1.799608251998452	741
full_step	0.4544772739745557	0.0005765805725499156	9	24	9	2.6666666666666665	3727414.1633278765	1230414.8167339321	0.862562661075799	-1.7875276139568965	717
half_step_1	0.4544772739745557	0.0002882902862749578	5	7	4	1.4	3727414.1633278765	1607251.6250800057	0.862562661075799	-1.7875276139568965	717
half_step_2	0.45476556426083065	0.0002882902862749578	6	5	3	0.8333333333333334	3727414.1633278765	1174094.8740926478	0.9379249434798567	-1.784325788284927	697
full_step	0.45505385454710556	0.001207857737607941	7	25	8	3.5714285714285716	3727414.1633278765	411783.32797923085	0.8502739613727499	-1.819656968137845	690
full_step	0.45505385454710556	0.0006039288688039705	6	23	10	3.8333333333333335	3727414.1633278765	687329.3513557464	0.8502739613727499	-1.819656968137845	690
half_step_1	0.45505385454710556	0.00030196443440198525	6	17	10	2.8333333333333335	3727414.1633278765	815134.0142721152	0.8502739613727499	-1.819656968137845	690
half_step_2	0.45535581898150757	0.00030196443440198525	6	24	10	4	3727414.1633278765	872807.8888641838	0.6986332896412364	-1.8146937997105983	606
full_step	0.4556577834159095	0.002005508948173713	17	52	11	3.0588235294117645	3727414.1633278765	1203845.1708958836	0.9289332244576372	-1.7725798894568359	695
half_step_1	0.4556577834159095	0.0010027544740868566	13	41	11	3.1538461538461537	3727414.1633278765	2910081.3943729172	0.9289332244576372	-1.7725798894568359	695
half_step_2	0.4566605378899964	0.0010027544740868566	13	45	10	3.4615384615384617	3727414.1633278765	342693.87288728514	1.161631649682704	-1.7378122325288337	603
full_step	0.4556577834159095	0.0007267635340972947	17	66	9	3.8823529411764706	4538045.07480578	4538045.07480578	0.9289332244576372	-1.7725798894568359	695
half_step_1	0.4556577834159095	0.00036338176704864733	8	12	8	1.5	8029023.013840351	8029023.013840351	0.9289332244576372	-1.7725798894568359	695
half_step_2	0.45602116518295815	0.00036338176704864733	12	57	11	4.75	8029023.013840351	1880960.4988240837	0.899442106027891	-1.7215425770765673	614
full_step	0.4556577834159095	0.0003879764389152459	17	52	10	3.0588235294117645	8029023.013840351	7730712.664187068	0.9289332244576372	-1.7725798894568359	695
half_step_1	0.4556577834159095	0.00019398821945762295	14	60	11	4.285714285714286	8960584.218289245	8914895.416497292	0.9289332244576372	-1.7725798894568359	695
half_step_2	0.4558517716353671	0.00019398821945762295	11	43	8	3.909090909090909	8960584.218289245	1483974.2885287944	0.8717049083467145	-1.7515338961044358	655
full_step	0.4556577834159095	0.0002802557871725585	20	94	10	4.7	8960584.218289245	8853031.972238095	0.9289332244576372	-1.7725798894568359	695
half_step_1	0.4556577834159095	0.00014012789358627925	14	58	11	4.142857142857143	8960584.218289245	8551176.25726405	0.9289332244576372	-1.7725798894568359	695
half_step_2	0.4557979113094958	0.00014012789358627925	9	33	9	3.6666666666666665	8960584.218289245	2336043.5683040754	0.8766660985119188	-1.7485648931557642	658
full_step	0.4556577834159095	0.00023862503728877343	17	80	12	4.705882352941177	9005964.553454516	9005228.244390251	0.9289332244576372	-1.7725798894568359	695
half_step_1	0.4556577834159095	0.00011931251864438671	12	43	12	3.5833333333333335	9005964.553454516	8352913.571535681	0.9289332244576372	-1.7725798894568359	695
half_step_2	0.4557770959345539	0.00011931251864438671	9	39	9	4.333333333333333	9005964.553454516	1563780.8666623032	0.8810285739176607	-1.753942106552574	653
full_step	0.4558964084531983	0.00023862503728877343	7	19	9	2.7142857142857144	9005964.553454516	590411.7660514234	0.8187450639508143	-1.7641756079417568	651
half_step_1	0.4558964084531983	0.00011931251864438671	7	23	11	3.2857142857142856	9005964.553454516	1129427.887344988	0.8187450639508143	-1.7641756079417568	651
half_step_2	0.4560157209718427	0.00011931251864438671	11	39	9	3.5454545454545454	9005964.553454516	434348.1427385499	0.7180013756408243	-1.7296986884223142	579
full_step	0.45613503349048706	0.0010229542796234726	3	7	4	2.3333333333333335	9005964.553454516	9556.639223881544	0.6022335325294534	-1.7374292866763228	573
half_step_1	0.45613503349048706	0.0005114771398117363	6	12	5	2	9005964.553454516	18519.55210494513	0.6022335325294534	-1.7374292866763228	573
half_step_2	0.4566465106302988	0.0005114771398117363	3	8	5	2.6666666666666665	9005964.553454516	40137.17254236763	0.06840368434086486	-1.797778453488137	591
full_step	0.4571579877701105	0.005114771398117363	4	3	3	0.75	9005964.553454516	15252.670157798284	0.04325328950005769	-1.8368135830083285	522
full_step	0.4571579877701105	0.0025573856990586813	3	2	2	0.6666666666666666	9005964.553454516	7787.174085991471	0.04325328950005769	-1.8368135830083285	522
full_step	0.4571579877701105	0.0012786928495293406	2	1	1	0.5	9005964.553454516	18857.75029882361	0.04325328950005769	-1.8368135830083285	522
full_step	0.4571579877701105	0.0006393464247646703	2	0	0	0	9005964.553454516	37690.16157538335	0.04325328950005769	-1.8368135830083285	522
half_step_1	0.4571579877701105	0.00031967321238233516	2	0	0	0	9005964.553454516	74613.89407796021	0.04325328950005769	-1.8368135830083285	522
half_step_2	0.4574776609824929	0.00031967321238233516	2	0	0	0	9005964.553454516	49369.96135398971	0.03001583923509088	-1.8528028295065087	532
full_step	0.45779733419487517	0.0031967321238233516	8	0	0	0	9005964.553454516	49583.235376734796	0.08174587309110848	-1.8324227060051068	556
full_step	0.45779733419487517	0.0015983660619116758	8	0	0	0	9005964.553454516	53183.632771973374	0.08174587309110848	-1.8324227060051068	556
half_step_1	0.45779733419487517	0.0007991830309558379	7	0	0	0	9005964.553454516	29145.846598989134	0.08174587309110848	-1.8324227060051068	556
half_step_2	0.458596517225831	0.0007991830309558379	5	0	0	0	9005964.553454516	12586.416379218454	0.7819956382293185	-1.8443534982141498	541
full_step	0.45779733419487517	0.0009655183263001693	8	0	0	0	9005964.553454516	42428.821526084015	0.08174587309110848	-1.8324227060051068	556
half_step_1	0.45779733419487517	0.0004827591631500847	7	0	0	0	9005964.553454516	21853.9539880795	0.08174587309110848	-1.8324227060051068	556
half_step_2	0.4582800933580253	0.0004827591631500847	5	9	9	1.8	9005964.553454516	8150.6457669677275	0.6007645491430367	-1.8517517858743284	584
full_step	0.45779733419487517	0.0006486760572614699	8	0	0	0	9005964.553454516	23809.068580682404	0.08174587309110848	-1.8324227060051068	556
half_step_1	0.45779733419487517	0.00032433802863073496	6	0	0	0	9005964.553454516	22678.11493004681	0.08174587309110848	-1.8324227060051068	556
half_step_2	0.4581216722235059	0.00032433802863073496	5	12	12	2.4	9005964.553454516	17231.036781495295	0.48511552786851553	-1.8482885073380546	578
full_step	0.45779733419487517	0.0005429912840559196	8	0	0	0	9005964.553454516	21736.041462640456	0.08174587309110848	-1.8324227060051068	556
half_step_1	0.45779733419487517	0.0002714956420279598	6	0	0	0	9005964.553454516	26887.384529446976	0.08174587309110848	-1.8324227060051068	556
half_step_2	0.4580688298369031	0.0002714956420279598	5	10	10	2	9005964.553454516	23435.98566245302	0.434661433746669	-1.84431396398803	605
full_step	0.4583403254789311	0.0005429912840559196	7	7	4	1	9005964.553454516	7578.687214200956	0.3775051572671373	-1.8458292513933876	565
half_step_1	0.4583403254789311	0.0002714956420279598	5	10	7	2	9005964.553454516	348330.36926674907	0.3775051572671373	-1.8458292513933876	565
half_step_2	0.45861182112095905	0.0002714956420279598	6	11	5	1.8333333333333333	9005964.553454516	8492.247856268707	0.248678068621075	-1.8474685014310257	513
full_step	0.45888331676298705	0.0013019998653498904	4	0	0	0	9005964.553454516	6626.649055661628	0.3617837936973842	-1.8277299272548464	475
half_step_1	0.45888331676298705	0.0006509999326749452	4	8	6	2	9005964.553454516	7323.167593883227	0.3617837936973842	-1.8277299272548464	475
half_step_2	0.45953431669566197	0.0006509999326749452	5	14	9	2.8	9005964.553454516	22964.89538212928	0.6438327527158094	-1.8328428600737108	518
full_step	0.46018531662833695	0.0013019998653498904	10	20	7	2	9005964.553454516	35575.7053720583	0.6803238426327312	-1.8281771251493402	592
half_step_1	0.46018531662833695	0.0006509999326749452	7	25	11	3.5714285714285716	9005964.553454516	114334.59869555582	0.6803238426327312	-1.8281771251493402	592
half_step_2	0.46083631656101187	0.0006509999326749452	8	41	10	5.125	9005964.553454516	606070.0292284257	0.7651471499481204	-1.8067917963991833	580
full_step	0.46148731649368685	0.0013019998653498904	6	22	11	3.6666666666666665	9005964.553454516	146120.67365930538	0.6361303956698521	-1.8126840295047477	531
full_step	0.46148731649368685	0.0006509999326749452	6	26	11	4.333333333333333	9005964.553454516	291520.29812527826	0.6361303956698521	-1.8126840295047477	531
full_step	0.46148731649368685	0.0003254999663374726	6	25	12	4.166666666666667	9005964.553454516	582118.68516466	0.6361303956698521	-1.8126840295047477	531
half_step_1	0.46148731649368685	0.0001627499831687363	5	25	12	5	9005964.553454516	611509.867857653	0.6361303956698521	-1.8126840295047477	531
half_step_2	0.4616500664768556	0.0001627499831687363	15	69	12	4.6	9005964.553454516	555512.2237933915	0.5635004994178416	-1.8174828492287738	556
full_step	0.4618128164600243	0.0005659930459708188	16	53	9	3.3125	9005964.553454516	684217.7510500139	0.46783292838472335	-1.790683074820824	561
half_step_1	0.4618128164600243	0.0002829965229854094	10	33	11	3.3	9005964.553454516	1506787.4845826395	0.46783292838472335	-1.790683074820824	561
half_step_2	0.4620958129830097	0.0002829965229854094	10	45	10	4.5	9005964.553454516	292281.170139577	0.47022558135086	-1.8025690687484333	548
full_step	0.46237880950599514	0.0028299652298540943	7	17	6	2.4285714285714284	9005964.553454516	25686.5860951038	0.2947799773837687	-1.818696774327455	550
full_step	0.46237880950599514	0.0014149826149270472	5	14	9	2.8	9005964.553454516	48741.826791798805	0.2947799773837687	-1.818696774327455	550
full_step	0.46237880950599514	0.0007074913074635236	6	15	9	2.5	9005964.553454516	101630.3257804901	0.2947799773837687	-1.818696774327455	550
half_step_1	0.46237880950599514	0.0003537456537317618	8	33	10	4.125	9005964.553454516	202010.3205822639	0.2947799773837687	-1.818696774327455	550
half_step_2	0.4627325551597269	0.0003537456537317618	6	21	8	3.5	9005964.553454516	239525.90308672164	0.11309105025179633	-1.8203758229045819	519
full_step	0.46308630081345864	0.003537456537317618	7	3	3	0.42857142857142855	9005964.553454516	62909.799490912475	0.0927575277819983	-1.8360646243470993	539
half_step_1	0.46308630081345864	0.001768728268658809	7	9	4	1.2857142857142858	9005964.553454516	53951.09017759474	0.0927575277819983	-1.8360646243470993	539
half_step_2	0.46485502908211745	0.001768728268658809	6	17	10	2.8333333333333335	9005964.553454516	46571.201411305825	0.3953857309763862	-1.8241613965071823	537
full_step	0.46662375735077627	0.003537456537317618	6	0	0	0	9005964.553454516	41312.344673063315	0.6166016407427719	-1.8352612285043426	625
full_step	0.46662375735077627	0.001768728268658809	5	3	3	0.6	9005964.553454516	95812.8180940026	0.6166016407427719	-1.8352612285043426	625
half_step_1	0.46662375735077627	0.0008843641343294045	10	23	10	2.3	9005964.553454516	201140.97839566076	0.6166016407427719	-1.8352612285043426	625
half_step_2	0.4675081214851057	0.0008843641343294045	11	42	8	3.8181818181818183	9005964.553454516	231319.84554667684	0.436489697894217	-1.7943849946575932	628
full_step	0.4683924856194351	0.001768728268658809	8	21	10	2.625	9005964.553454516	227799.7483919005	0.3382888672001627	-1.8040842603666893	597
full_step	0.4683924856194351	0.0008843641343294045	8	35	12	4.375	9005964.553454516	580239.7275798148	0.3382888672001627	-1.8040842603666893	597
half_step_1	0.4683924856194351	0.00044218206716470224	8	36	11	4.5	9005964.553454516	388314.38287972665	0.3382888672001627	-1.8040842603666893	597
half_step_2	0.46883466768659976	0.00044218206716470224	8	43	10	5.375	9005964.553454516	259933.33324766997	0.25280703856674336	-1.8186050118303188	612
full_step	0.4692768497537645	0.004421820671647023	6	17	8	2.8333333333333335	9005964.553454516	36396.53698814436	0.21735338034989127	-1.806171741289121	580
full_step	0.4692768497537645	0.0022109103358235113	7	20	6	2.857142857142857	9005964.553454516	64189.61493480208	0.21735338034989127	-1.806171741289121	580
full_step	0.4692768497537645	0.0011054551679117557	7	10	8	1.4285714285714286	9005964.553454516	105701.77920552439	0.21735338034989127	-1.806171741289121	580
full_step	0.4692768497537645	0.0005527275839558778	6	28	10	4.666666666666667	9005964.553454516	74763.23496139712	0.21735338034989127	-1.806171741289121	580
half_step_1	0.4692768497537645	0.0002763637919779389	6	23	7	3.8333333333333335	9005964.553454516	136083.7661620743	0.21735338034989127	-1.806171741289121	580
half_step_2	0.4695532135457424	0.0002763637919779389	8	32	10	4	9005964.553454516	65542.25803145388	0.1902997679096643	-1.8311612309931486	566
full_step	0.46982957733772035	0.002763637919779389	12	27	6	2.25	9005964.553454516	22819.990510105705	0.14907243377012946	-1.834755907008989	584
full_step	0.46982957733772035	0.0013818189598896946	10	18	7	1.8	9005964.553454516	45650.20808757341	0.14907243377012946	-1.834755907008989	584
full_step	0.46982957733772035	0.0006909094799448473	8	6	3	0.75	9005964.553454516	12111.985867067391	0.14907243377012946	-1.834755907008989	584
full_step	0.46982957733772035	0.00034545473997242364	7	9	7	1.2857142857142858	9005964.553454516	14890.845813187116	0.14907243377012946	-1.834755907008989	584
half_step_1	0.46982957733772035	0.00017272736998621182	6	11	8	1.8333333333333333	9005964.553454516	18294.80555488	0.14907243377012946	-1.834755907008989	584
half_step_2	0.47000230470770654	0.00017272736998621182	4	0	0	0	9005964.553454516	5021.481658603194	0.2821610926708331	-1.8285913749104499	585
full_step	0.4701750320776928	0.00034545473997242364	9	0	0	0	9005964.553454516	23693.940528962823	0.2938740782840341	-1.8410092133024765	644
half_step_1	0.4701750320776928	0.00017272736998621182	5	0	0	0	9005964.553454516	11673.837552622033	0.2938740782840341	-1.8410092133024765	644
half_step_2	0.470347759447679	0.00017272736998621182	7	14	8	2	9005964.553454516	426829.1997065667	0.45327151165577106	-1.8387624453996267	667
full_step	0.47052048681766523	0.00034545473997242364	5	8	8	1.6	9005964.553454516	434856.63136492297	0.6099579510965327	-1.830486936099054	667
half_step_1	0.47052048681766523	0.00017272736998621182	3	0	0	0	9005964.553454516	435051.6050496092	0.6099579510965327	-1.830486936099054	667
half_step_2	0.4706932141876514	0.00017272736998621182	4	2	2	0.5	9005964.553454516	432225.2233410122	0.5236581752005236	-1.857194731000519	656
full_step	0.47086594155763767	0.0017056860757581527	5	12	4	2.4	9005964.553454516	20598.442007600985	0.3799742461521305	-1.8550430838708585	651
half_step_1	0.47086594155763767	0.0008528430378790763	2	4	2	2	9005964.553454516	39864.68672796296	0.3799742461521305	-1.8550430838708585	651
half_step_2	0.47171878459551675	0.0008528430378790763	3	10	7	3.3333333333333335	9005964.553454516	6670.334193840324	0.00884501634618573	-1.8783644679918037	641
full_step	0.47257162763339583	0.006686029107614651	6	4	4	0.6666666666666666	9005964.553454516	58822.05833153306	0.04824549127795308	-1.9028496462759985	746
full_step	0.47257162763339583	0.0033430145538073256	5	0	0	0	9005964.553454516	29234.65037923322	0.04824549127795308	-1.9028496462759985	746
full_step	0.47257162763339583	0.0016715072769036628	6	22	10	3.6666666666666665	9005964.553454516	14441.5764164166	0.04824549127795308	-1.9028496462759985	746
full_step	0.47257162763339583	0.0008357536384518314	5	13	9	2.6	9005964.553454516	30311.099992489068	0.04824549127795308	-1.9028496462759985	746
full_step	0.47257162763339583	0.0004178768192259157	5	15	10	3	9005964.553454516	60404.662517105426	0.04824549127795308	-1.9028496462759985	746
half_step_1	0.47257162763339583	0.00020893840961295785	4	10	8	2.5	9005964.553454516	119857.30999467088	0.04824549127795308	-1.9028496462759985	746
half_step_2	0.4727805660430088	0.00020893840961295785	3	12	9	4	9005964.553454516	70676.18098830104	0.032184068380445296	-1.9024968530887811	776
full_step	0.4729895044526217	0.0020893840961295784	5	3	3	0.6	9005964.553454516	7220.96440987167	0.010637879645059911	-1.9029716101852632	771
full_step	0.4729895044526217	0.0010446920480647892	5	9	4	1.8	9005964.553454516	6749.14567976045	0.010637879645059911	-1.9029716101852632	771
full_step	0.4729895044526217	0.0005223460240323946	7	25	5	3.5714285714285716	9005964.553454516	10085.428014601215	0.010637879645059911	-1.9029716101852632	771
full_step	0.4729895044526217	0.0002611730120161973	3	9	7	3	9005964.553454516	19319.03728257289	0.010637879645059911	-1.9029716101852632	771
half_step_1	0.4729895044526217	0.00013058650600809865	1	3	3	3	9005964.553454516	11526.793837574663	0.010637879645059911	-1.9029716101852632	771
half_step_2	0.47312009095862984	0.00013058650600809865	4	0	0	0	9005964.553454516	6216.417376503168	0	-1.896373584397775	856
full_step	0.47325067746463795	0.0012898063362752343	9	0	0	0	9005964.553454516	52808.52253094214	0.04431934244524882	-1.8822800517532685	856
half_step_1	0.47325067746463795	0.0006449031681376172	7	0	0	0	9005964.553454516	34661.56983017767	0.04431934244524882	-1.8822800517532685	856
half_step_2	0.4738955806327756	0.0006449031681376172	8	39	13	4.875	9005964.553454516	524639.8260513432	0.4058199776660558	-1.8601621856195296	871
full_step	0.47325067746463795	0.0009426922206557466	9	0	0	0	9005964.553454516	33313.1351520409	0.04431934244524882	-1.8822800517532685	856
half_step_1	0.47325067746463795	0.0004713461103278733	7	0	0	0	9005964.553454516	36060.56857043489	0.04431934244524882	-1.8822800517532685	856
half_step_2	0.47372202357496584	0.0004713461103278733	6	11	9	1.8333333333333333	9005964.553454516	436581.492312454	0.41412006644492294	-1.862891999570265	865
full_step	0.47325067746463795	0.000760551460003191	9	0	0	0	9005964.553454516	33930.38927446007	0.04431934244524882	-1.8822800517532685	856
half_step_1	0.47325067746463795	0.0003802757300015955	7	0	0	0	9005964.553454516	26893.792930938016	0.04431934244524882	-1.8822800517532685	856
half_step_2	0.47363095319463955	0.0003802757300015955	10	35	11	3.5	9005964.553454516	600969.3156482315	0.4047363595473712	-1.8565136825289994	853
full_step	0.47325067746463795	0.0006754233655136202	9	0	0	0	9005964.553454516	34354.32004503903	0.04431934244524882	-1.8822800517532685	856
half_step_1	0.47325067746463795	0.0003377116827568101	7	0	0	0	9005964.553454516	21827.554384771698	0.04431934244524882	-1.8822800517532685	856
half_step_2	0.47358838914739476	0.0003377116827568101	7	18	10	2.5714285714285716	9005964.553454516	495417.2199733971	0.39444153102044766	-1.8617260211869724	887
full_step	0.4739261008301516	0.0006754233655136202	6	10	6	1.6666666666666667	9005964.553454516	149093.6307013435	0.14295100538288352	-1.856229497363796	865
half_step_1	0.4739261008301516	0.0003377116827568101	5	0	0	0	9005964.553454516	314245.8409192198	0.14295100538288352	-1.856229497363796	865
half_step_2	0.4742638125129084	0.0003377116827568101	7	28	11	4	9005964.553454516	327225.9880607441	0.18262862508117905	-1.8525187507150185	845
full_step	0.4746015241956652	0.0031862027525002973	9	21	7	2.3333333333333335	9005964.553454516	29362.304188502807	0.14473350790495942	-1.8562129803629785	784
half_step_1	0.4746015241956652	0.0015931013762501486	4	5	5	1.25	9005964.553454516	55569.00232368661	0.14473350790495942	-1.8562129803629785	784
half_step_2	0.47619462557191533	0.0015931013762501486	12	70	12	5.833333333333333	9005964.553454516	281962.2531722046	0.5730405448734928	-1.847234419807264	697
full_step	0.4777877269481655	0.006864272163868075	10	14	7	1.4	9005964.553454516	63399.677041963165	0.7623404061803285	-1.8569179342732387	757
full_step	0.4777877269481655	0.0034321360819340374	11	36	9	3.272727272727273	9005964.553454516	134147.05455276847	0.7623404061803285	-1.8569179342732387	757
half_step_1	0.4777877269481655	0.0017160680409670187	10	36	9	3.6	9005964.553454516	268960.5724033532	0.7623404061803285	-1.8569179342732387	757
half_step_2	0.47950379498913254	0.0017160680409670187	14	53	10	3.7857142857142856	9005964.553454516	170053.34141156144	0.6607949130732891	-1.842636788099728	795
full_step	0.48121986303009956	0.00945474711451292	10	22	6	2.2	9005964.553454516	41119.77923605791	0.47972843772254237	-1.822110178507283	740
full_step	0.48121986303009956	0.00472737355725646	11	47	13	4.2727272727272725	9005964.553454516	45415.07224941359	0.47972843772254237	-1.822110178507283	740
full_step	0.48121986303009956	0.00236368677862823	9	40	8	4.444444444444445	9005964.553454516	99130.22420347594	0.47972843772254237	-1.822110178507283	740
half_step_1	0.48121986303009956	0.001181843389314115	11	53	11	4.818181818181818	9005964.553454516	286289.1202638752	0.47972843772254237	-1.822110178507283	740
half_step_2	0.48240170641941366	0.001181843389314115	10	55	10	5.5	9005964.553454516	350662.4915463568	0.4868766438073635	-1.809828866890356	725
full_step	0.4835835498087278	0.00674661701191817	9	17	4	1.8888888888888888	9005964.553454516	68732.00584359393	0.5025168466965511	-1.8003817562440918	784
half_step_1	0.4835835498087278	0.003373308505959085	11	35	7	3.1818181818181817	9005964.553454516	94923.19415734099	0.5025168466965511	-1.8003817562440918	784
half_step_2	0.4869568583146869	0.003373308505959085	10	44	9	4.4	9005964.553454516	293253.96376654494	0.8830270093139347	-1.7687855684302876	816
full_step	0.4835835498087278	0.005796084741617227	10	35	11	3.5	9005964.553454516	56234.65594896427	0.5025168466965511	-1.8003817562440918	784
half_step_1	0.4835835498087278	0.0028980423708086134	12	54	11	4.5	9005964.553454516	118334.80178853445	0.5025168466965511	-1.8003817562440918	784
half_step_2	0.4864815921795364	0.0028980423708086134	8	39	10	4.875	9005964.553454516	166821.2216267598	0.7347000377697555	-1.787378573490235	834
full_step	0.4835835498087278	0.004816474052431751	10	24	7	2.4	9005964.553454516	56101.5185987364	0.5025168466965511	-1.8003817562440918	784
half_step_1	0.4835835498087278	0.0024082370262158755	10	39	9	3.9	9005964.553454516	152557.61763771452	0.5025168466965511	-1.8003817562440918	784
half_step_2	0.4859917868349437	0.0024082370262158755	10	38	8	3.8	9005964.553454516	140641.02818113606	0.6061066506066481	-1.8018298705171871	820
full_step	0.48840002386115955	0.00604191451949991	10	34	9	3.4	9005964.553454516	73647.03523510224	0.8990292900731447	-1.7752156925781666	839
full_step	0.48840002386115955	0.003020957259749955	11	47	10	4.2727272727272725	9005964.553454516	170865.82390646744	0.8990292900731447	-1.7752156925781666	839
half_step_1	0.48840002386115955	0.0015104786298749775	11	65	11	5.909090909090909	9005964.553454516	320498.424251062	0.8990292900731447	-1.7752156925781666	839
half_step_2	0.4899105024910345	0.0015104786298749775	12	65	10	5.416666666666667	9005964.553454516	228123.5035882473	0.989164244954452	-1.7675120785512	816
full_step	0.4914209811209095	0.003628804065599991	11	40	8	3.6363636363636362	9005964.553454516	74163.93733988062	0.7102852567127229	-1.8057791718314922	882
full_step	0.4914209811209095	0.0018144020327999955	9	45	11	5	9005964.553454516	151342.9294130306	0.7102852567127229	-1.8057791718314922	882
full_step	0.4914209811209095	0.0009072010163999977	10	42	10	4.2	9005964.553454516	305586.047195444	0.7102852567127229	-1.8057791718314922	882
half_step_1	0.4914209811209095	0.00045360050819999887	11	60	10	5.454545454545454	9005964.553454516	620116.4340787886	0.7102852567127229	-1.8057791718314922	882
half_step_2	0.49187458162910946	0.00045360050819999887	8	32	9	4	9005964.553454516	461590.7882602099	0.5522443048175774	-1.7932889549248099	753
full_step	0.4923281821373095	0.0014236641292370582	8	24	5	3	9005964.553454516	104256.10679125781	0.34535751813695015	-1.8096688681049755	787
full_step	0.4923281821373095	0.0007118320646185291	7	21	7	3	9005964.553454516	209642.59831639027	0.34535751813695015	-1.8096688681049755	787
half_step_1	0.4923281821373095	0.00035591603230926454	7	22	7	3.142857142857143	9005964.553454516	384646.32596804574	0.34535751813695015	-1.8096688681049755	787
half_step_2	0.4926840981696188	0.00035591603230926454	6	22	8	3.6666666666666665	9005964.553454516	125493.8349871604	0.15666638867287475	-1.8081598529383467	789
full_step	0.49304001420192806	0.0035591603230926455	12	15	6	1.25	9005964.553454516	95214.6953048879	1.1403974888454513	-1.8208063292910606	877
full_step	0.49304001420192806	0.0017795801615463228	12	24	8	2	9005964.553454516	349367.34569493367	1.1403974888454513	-1.8208063292910606	877
full_step	0.49304001420192806	0.0008897900807731614	15	32	10	2.1333333333333333	9005964.553454516	400319.23793384025	1.1403974888454513	-1.8208063292910606	877
full_step	0.49304001420192806	0.0004448950403865807	12	33	11	2.75	9005964.553454516	414862.4590224452	1.1403974888454513	-1.8208063292910606	877
half_step_1	0.49304001420192806	0.00022244752019329035	9	19	10	2.111111111111111	9005964.553454516	418707.34488757834	1.1403974888454513	-1.8208063292910606	877
half_step_2	0.49326246172212135	0.00022244752019329035	6	8	4	1.3333333333333333	9005964.553454516	573636.0325025222	1.438305020792484	-1.8104797771417733	873
full_step	0.49348490924231464	0.00142083151793713	5	15	10	3	9005964.553454516	102218.75749951262	1.2678770752994524	-1.8226890354710377	873
half_step_1	0.49348490924231464	0.000710415758968565	4	10	10	2.5	9005964.553454516	208736.66706500234	1.2678770752994524	-1.8226890354710377	873
half_step_2	0.4941953250012832	0.000710415758968565	9	42	10	4.666666666666667	9005964.553454516	213118.6829850778	0.6674416132291299	-1.8400718453674434	868
full_step	0.4949057407602518	0.004269685298930852	9	25	7	2.7777777777777777	9005964.553454516	26406.35713697744	0.25260146782324	-1.856535144534532	882
half_step_1	0.4949057407602518	0.002134842649465426	4	17	7	4.25	9005964.553454516	61226.487666983405	0.25260146782324	-1.856535144534532	882
half_step_2	0.49704058340971724	0.002134842649465426	12	48	11	4	9005964.553454516	78249.38963466452	0.31322051714806776	-1.8653583417246866	848
full_step	0.49917542605918264	0.008035330913396612	10	23	7	2.3	9005964.553454516	44593.70760666058	0.8142766087459563	-1.8443656579069718	709
full_step	0.49917542605918264	0.004017665456698306	11	57	11	5.181818181818182	9005964.553454516	82072.07202020733	0.8142766087459563	-1.8443656579069718	709
full_step	0.49917542605918264	0.002008832728349153	11	61	11	5.545454545454546	9005964.553454516	277015.9308884894	0.8142766087459563	-1.8443656579069718	709
half_step_1	0.49917542605918264	0.0010044163641745765	12	55	11	4.583333333333333	9005964.553454516	422364.29408670554	0.8142766087459563	-1.8443656579069718	709
half_step_2	0.5001798424233572	0.0010044163641745765	10	54	13	5.4	9005964.553454516	298844.7154787793	0.6780280279202202	-1.858963540485642	848
full_step	0.5011842587875318	0.0073914913379994375	12	21	5	1.75	9005964.553454516	51270.63245185561	0.33520453602272937	-1.817765126121758	855
full_step	0.5011842587875318	0.0036957456689997187	12	31	9	2.5833333333333335	9005964.553454516	30806.9609812848	0.33520453602272937	-1.817765126121758	855
full_step	0.5011842587875318	0.0018478728344998594	12	39	8	3.25	9005964.553454516	60523.8075460309	0.33520453602272937	-1.817765126121758	855
half_step_1	0.5011842587875318	0.0009239364172499297	11	57	13	5.181818181818182	9005964.553454516	127566.373167773	0.33520453602272937	-1.817765126121758	855
half_step_2	0.5021081952047818	0.0009239364172499297	9	29	8	3.2222222222222223	9005964.553454516	50516.318354634954	0.3459020788517364	-1.7895163244836687	853
full_step	0.5011842587875318	0.0010626600311698547	11	39	14	3.5454545454545454	9005964.553454516	109279.04553220634	0.33520453602272937	-1.817765126121758	855
half_step_1	0.5011842587875318	0.0005313300155849273	13	71	13	5.461538461538462	9005964.553454516	399705.82789625874	0.33520453602272937	-1.817765126121758	855
half_step_2	0.5017155888031167	0.0005313300155849273	9	29	9	3.2222222222222223	9005964.553454516	49411.37338231881	0.21069978506585585	-1.7782594688558202	845
full_step	0.5011842587875318	0.0007640690664320826	10	37	11	3.7	9005964.553454516	145146.20344684052	0.33520453602272937	-1.817765126121758	855
half_step_1	0.5011842587875318	0.0003820345332160413	8	49	12	6.125	9005964.553454516	801956.6567669264	0.33520453602272937	-1.817765126121758	855
half_step_2	0.5015662933207479	0.0003820345332160413	8	39	14	4.875	9005964.553454516	88791.46689640092	0.2189553705044318	-1.784897303777569	854
full_step	0.5019483278539639	0.0017231019490287268	5	0	0	0	9005964.553454516	11285.730002883804	0.28471282832953193	-1.7851263650172182	870
full_step	0.5019483278539639	0.0008615509745143634	8	18	6	2.25	9005964.553454516	15332.857894206125	0.28471282832953193	-1.7851263650172182	870
half_step_1	0.5019483278539639	0.0004307754872571817	8	30	11	3.75	9005964.553454516	293677.1698734195	0.28471282832953193	-1.7851263650172182	870
half_step_2	0.5023791033412212	0.0004307754872571817	7	39	12	5.571428571428571	9005964.553454516	191319.24225710507	0.23735477329159949	-1.8038206132073336	843
full_step	0.5028098788284783	0.0016253279224681626	8	0	0	0	9005964.553454516	57440.36258498059	0.2565921787631851	-1.7754423743911352	888
half_step_1	0.5028098788284783	0.0008126639612340813	7	0	0	0	9005964.553454516	114567.88079759033	0.2565921787631851	-1.7754423743911352	888
half_step_2	0.5036225427897123	0.0008126639612340813	12	41	12	3.4166666666666665	9005964.553454516	488683.1730682066	0.8211700500455663	-1.7480978234546078	789
full_step	0.5028098788284783	0.0005139870576127521	11	18	8	1.6363636363636365	9005964.553454516	186481.3566633855	0.2565921787631851	-1.7754423743911352	888
half_step_1	0.5028098788284783	0.00025699352880637603	8	7	5	0.875	9005964.553454516	395156.4275846041	0.2565921787631851	-1.7754423743911352	888
half_step_2	0.5030668723572846	0.00025699352880637603	12	63	10	5.25	9005964.553454516	590881.4439550971	0.5429232581433894	-1.7791895791115657	900
full_step	0.5028098788284783	0.00027521027669024793	9	5	3	0.5555555555555556	9005964.553454516	366661.4365125804	0.2565921787631851	-1.7754423743911352	888
half_step_1	0.5028098788284783	0.00013760513834512397	7	13	9	1.8571428571428572	9005964.553454516	516970.12284278637	0.2565921787631851	-1.7754423743911352	888
half_step_2	0.5029474839668234	0.00013760513834512397	13	55	11	4.230769230769231	9005964.553454516	637346.7030720906	0.4141056603904758	-1.7673729164868441	933
full_step	0.5030850891051685	0.00027521027669024793	8	35	12	4.375	9005964.553454516	868507.6635243957	0.360600035999596	-1.7618515960654013	920
half_step_1	0.5030850891051685	0.00013760513834512397	8	40	17	5	9005964.553454516	718908.4900255906	0.360600035999596	-1.7618515960654013	920
half_step_2	0.5032226942435136	0.00013760513834512397	5	19	9	3.8	9005964.553454516	614358.4411146381	0.25395568218675635	-1.781130162248036	893
full_step	0.5033602993818587	0.0013760513834512396	5	9	4	1.8	9005964.553454516	91855.88019045959	0.1795150368045597	-1.79263665009655	897
half_step_1	0.5033602993818587	0.0006880256917256198	3	7	3	2.3333333333333335	9005964.553454516	183079.33852174986	0.1795150368045597	-1.79263665009655	897
half_step_2	0.5040483250735843	0.0006880256917256198	2	3	3	1.5	9005964.553454516	2052.6372087843843	0	-1.8105336840738855	748
full_step	0.5047363507653099	0.006880256917256198	5	5	5	1	9005964.553454516	24754.546093534056	0	-1.8297672035314174	766
full_step	0.5047363507653099	0.003440128458628099	4	3	3	0.75	9005964.553454516	7949.698375868572	0	-1.8297672035314174	766
half_step_1	0.5047363507653099	0.0017200642293140494	3	3	3	1	9005964.553454516	2182.5335014910183	0	-1.8297672035314174	766
half_step_2	0.5064564149946239	0.0017200642293140494	7	27	14	3.857142857142857	9005964.553454516	98382.15795654689	0.17612535358381365	-1.8465735583679783	701
full_step	0.5081764792239379	0.012626137337376777	6	3	3	0.5	9005964.553454516	84005.60587411455	0.22761248976968318	-1.8464059259664711	795
full_step	0.5081764792239379	0.006313068668688388	11	28	7	2.5454545454545454	9005964.553454516	62676.58656648807	0.22761248976968318	-1.8464059259664711	795
half_step_1	0.5081764792239379	0.003156534334344194	9	32	9	3.5555555555555554	9005964.553454516	37025.388530324875	0.22761248976968318	-1.8464059259664711	795
half_step_2	0.5113330135582821	0.003156534334344194	10	44	10	4.4	9005964.553454516	250450.71442137088	0.5724981035563701	-1.7939234195580975	915
full_step	0.5144895478926264	0.006313068668688388	10	37	9	3.7	9005964.553454516	69680.87330328465	0.7790539198232977	-1.8065003683988181	916
full_step	0.5144895478926264	0.003156534334344194	12	58	11	4.833333333333333	9005964.553454516	229794.0268011901	0.7790539198232977	-1.8065003683988181	916
full_step	0.5144895478926264	0.001578267167172097	11	62	13	5.636363636363637	9005964.553454516	295263.5706471607	0.7790539198232977	-1.8065003683988181	916
half_step_1	0.5144895478926264	0.0007891335835860485	14	49	13	3.5	9005964.553454516	437434.58836294047	0.7790539198232977	-1.8065003683988181	916
half_step_2	0.5152786814762124	0.0007891335835860485	14	82	14	5.857142857142857	9005964.553454516	378380.83994674956	0.5546010628206659	-1.8385337732008098	890
full_step	0.5160678150597985	0.0029375451506560577	7	22	6	3.142857142857143	9005964.553454516	79851.10385800031	0.2828717933541611	-1.8374554700624939	752
full_step	0.5160678150597985	0.0014687725753280288	7	28	7	4	9005964.553454516	156646.3562464781	0.2828717933541611	-1.8374554700624939	752
full_step	0.5160678150597985	0.0007343862876640144	10	54	11	5.4	9005964.553454516	293704.22709324124	0.2828717933541611	-1.8374554700624939	752
half_step_1	0.5160678150597985	0.0003671931438320072	8	37	9	4.625	9005964.553454516	545761.7006485601	0.2828717933541611	-1.8374554700624939	752
half_step_2	0.5164350082036305	0.0003671931438320072	6	20	7	3.3333333333333335	9005964.553454516	314237.9523951483	0.1786593436078192	-1.8308735821187971	739
full_step	0.5168022013474625	0.003671931438320072	11	14	4	1.2727272727272727	9005964.553454516	48734.503365976874	0.14402799613753814	-1.8366107312092097	726
full_step	0.5168022013474625	0.001835965719160036	9	14	4	1.5555555555555556	9005964.553454516	43643.25886553519	0.14402799613753814	-1.8366107312092097	726
half_step_1	0.5168022013474625	0.000917982859580018	8	15	11	1.875	9005964.553454516	45515.054194222954	0.14402799613753814	-1.8366107312092097	726
half_step_2	0.5177201842070425	0.000917982859580018	9	22	9	2.4444444444444446	9005964.553454516	431779.3539021024	1.7245799019241304	-1.8430050078189488	866
full_step	0.5168022013474625	0.000989809538046791	11	20	5	1.8181818181818181	9005964.553454516	42755.21906273261	0.14402799613753814	-1.8366107312092097	726
half_step_1	0.5168022013474625	0.0004949047690233955	9	18	11	2	9005964.553454516	84583.96077974944	0.14402799613753814	-1.8366107312092097	726
half_step_2	0.5172971061164858	0.0004949047690233955	7	17	9	2.4285714285714284	9005964.553454516	550152.5165653414	1.446891933825043	-1.8388614596966693	786
full_step	0.5168022013474625	0.0007333296110536349	11	22	7	2	9005964.553454516	57267.67921155061	0.14402799613753814	-1.8366107312092097	726
half_step_1	0.5168022013474625	0.00036666480552681745	12	36	11	3	9005964.553454516	153873.3160323757	0.14402799613753814	-1.8366107312092097	726
half_step_2	0.5171688661529893	0.00036666480552681745	8	23	9	2.875	9005964.553454516	348981.7846712819	1.1011946400698207	-1.84470064189979	796
full_step	0.5168022013474625	0.0005789196482188196	14	39	12	2.7857142857142856	9005964.553454516	72459.48503846757	0.14402799613753814	-1.8366107312092097	726
half_step_1	0.5168022013474625	0.0002894598241094098	11	38	11	3.4545454545454546	9005964.553454516	296421.8050500247	0.14402799613753814	-1.8366107312092097	726
half_step_2	0.5170916611715719	0.0002894598241094098	5	10	10	2	9005964.553454516	398400.0311928007	0.8867932461023997	-1.849725354125804	770
full_step	0.5173811209956812	0.0005789196482188196	5	5	5	1	9005964.553454516	36868.24861196994	0.8640847315261908	-1.8426887518864485	775
half_step_1	0.5173811209956812	0.0002894598241094098	4	0	0	0	9005964.553454516	44042.41650614794	0.8640847315261908	-1.8426887518864485	775
half_step_2	0.5176705808197907	0.0002894598241094098	6	13	10	2.1666666666666665	9005964.553454516	143741.67003347696	0.6283650953214988	-1.8552545913011123	768
full_step	0.5179600406439	0.0028945982410940978	5	8	3	1.6	9005964.553454516	6067.333247728377	0.35597399269590824	-1.8506100584076108	777
full_step	0.5179600406439	0.0014472991205470489	3	7	4	2.3333333333333335	9005964.553454516	6181.488179622308	0.35597399269590824	-1.8506100584076108	777
full_step	0.5179600406439	0.0007236495602735244	4	12	4	3	9005964.553454516	3996.249937521961	0.35597399269590824	-1.8506100584076108	777
half_step_1	0.5179600406439	0.0003618247801367622	3	6	6	2	9005964.553454516	16632.998861730113	0.35597399269590824	-1.8506100584076108	777
half_step_2	0.5183218654240368	0.0003618247801367622	1	0	0	0	9005964.553454516	1036.104866932723	0.010571720555105912	-1.8507877482214263	763
full_step	0.5186836902041735	0.0036182478013676222	5	3	3	0.6	9005964.553454516	20286.376009930016	0	-1.8658473573251715	798
full_step	0.5186836902041735	0.0018091239006838111	3	0	0	0	9005964.553454516	5670.34723404188	0	-1.8658473573251715	798
full_step	0.5186836902041735	0.0009045619503419056	4	0	0	0	9005964.553454516	2529.950780715769	0	-1.8658473573251715	798
full_step	0.5186836902041735	0.0004522809751709528	3	0	0	0	9005964.553454516	2502.4207229911467	0	-1.8658473573251715	798
half_step_1	0.5186836902041735	0.0002261404875854764	2	0	0	0	9005964.553454516	2499.769668922098	0	-1.8658473573251715	798
half_step_2	0.518909830691759	0.0002261404875854764	5	9	6	1.8	9005964.553454516	39176.81245394407	0.02006335835739037	-1.867165408686222	836
full_step	0.5191359711793444	0.002261404875854764	10	5	5	0.5	9005964.553454516	651098.4972335297	1.3589127043279632	-1.8480395162626488	1014
full_step	0.5191359711793444	0.001130702437927382	13	32	9	2.4615384615384617	9005964.553454516	817212.689213085	1.3589127043279632	-1.8480395162626488	1014
full_step	0.5191359711793444	0.000565351218963691	13	20	7	1.5384615384615385	9005964.553454516	1169775.3091376014	1.3589127043279632	-1.8480395162626488	1014
half_step_1	0.5191359711793444	0.0002826756094818455	10	26	12	2.6	9005964.553454516	1375487.8400204068	1.3589127043279632	-1.8480395162626488	1014
half_step_2	0.5194186467888262	0.0002826756094818455	7	20	9	2.857142857142857	9005964.553454516	243636.96432210793	1.4323346218506003	-1.8527884288507355	1018
full_step	0.5197013223983081	0.000565351218963691	12	48	11	4	9005964.553454516	329532.07392213674	1.1938313501319158	-1.8617594172990517	967
half_step_1	0.5197013223983081	0.0002826756094818455	6	24	11	4	9005964.553454516	422388.93557252514	1.1938313501319158	-1.8617594172990517	967
half_step_2	0.5199839980077899	0.0002826756094818455	6	16	9	2.6666666666666665	9005964.553454516	310257.2374521773	0.9187601051708043	-1.868582693996855	935
full_step	0.5202666736172719	0.002826756094818455	4	3	3	0.75	9005964.553454516	7779.509029446438	0.6385987604135721	-1.867214294826405	906
half_step_1	0.5202666736172719	0.0014133780474092274	3	3	2	1	9005964.553454516	4051.774955847757	0.6385987604135721	-1.867214294826405	906
half_step_2	0.5216800516646811	0.0014133780474092274	5	15	6	3	9005964.553454516	30674.137282819705	0.06893883488623942	-1.8785196254554304	856
full_step	0.5202666736172719	0.0014133780474092274	4	2	2	0.5	9005964.553454516	4051.661917863378	0.6385987604135721	-1.867214294826405	906
half_step_1	0.5202666736172719	0.0007066890237046137	4	13	8	3.25	9005964.553454516	30929.19942397276	0.6385987604135721	-1.867214294826405	906
half_step_2	0.5209733626409765	0.0007066890237046137	2	3	3	1.5	9005964.553454516	2488.2090385436586	0	-1.8772308245355969	882
full_step	0.5216800516646811	0.007066890237046137	6	8	4	1.3333333333333333	9005964.553454516	24417.174154017644	0.06741981696774246	-1.8797746235090602	841
full_step	0.5216800516646811	0.0035334451185230686	6	16	6	2.6666666666666665	9005964.553454516	10103.407521461639	0.06741981696774246	-1.8797746235090602	841
full_step	0.5216800516646811	0.0017667225592615343	8	20	8	2.5	9005964.553454516	18578.21666059611	0.06741981696774246	-1.8797746235090602	841
full_step	0.5216800516646811	0.0008833612796307672	8	26	7	3.25	9005964.553454516	47870.13160817365	0.06741981696774246	-1.8797746235090602	841
half_step_1	0.5216800516646811	0.0004416806398153836	9	43	9	4.777777777777778	9005964.553454516	106831.73100715812	0.06741981696774246	-1.8797746235090602	841
half_step_2	0.5221217323044965	0.0004416806398153836	7	29	9	4.142857142857143	9005964.553454516	169575.04533324594	0.12853270927416816	-1.8926967117381193	841
full_step	0.5225634129443119	0.0037512668179461553	11	16	5	1.4545454545454546	9005964.553454516	25427.12520884586	0.10517242540538518	-1.8778383163204782	828
full_step	0.5225634129443119	0.0018756334089730777	10	22	8	2.2	9005964.553454516	26961.55446939784	0.10517242540538518	-1.8778383163204782	828
full_step	0.5225634129443119	0.0009378167044865388	10	29	10	2.9	9005964.553454516	53960.43733355068	0.10517242540538518	-1.8778383163204782	828
full_step	0.5225634129443119	0.0004689083522432694	12	42	10	3.5	9005964.553454516	108745.67193698217	0.10517242540538518	-1.8778383163204782	828
half_step_1	0.5225634129443119	0.0002344541761216347	9	34	8	3.7777777777777777	9005964.553454516	223449.00245645322	0.10517242540538518	-1.8778383163204782	828
half_step_2	0.5227978671204335	0.0002344541761216347	9	33	10	3.6666666666666665	9005964.553454516	132419.67413984434	0.2674257185647093	-1.8751418489619507	833
full_step	0.5230323212965551	0.0007034362394697538	9	33	8	3.6666666666666665	9005964.553454516	112733.37509511386	0.24104744368628417	-1.8784818204430769	796
full_step	0.5230323212965551	0.0003517181197348769	8	35	11	4.375	9005964.553454516	299618.30833388167	0.24104744368628417	-1.8784818204430769	796
half_step_1	0.5230323212965551	0.00017585905986743845	8	31	10	3.875	9005964.553454516	429788.57737218926	0.24104744368628417	-1.8784818204430769	796
half_step_2	0.5232081803564225	0.00017585905986743845	13	46	11	3.5384615384615383	9005964.553454516	220229.75946950135	0.15192366289215897	-1.8730928690006452	731
full_step	0.52338403941629	0.0008570738473871314	12	32	7	2.6666666666666665	9005964.553454516	455485.2826472196	0.17547735546145304	-1.8500899427997348	755
half_step_1	0.52338403941629	0.0004285369236935657	9	29	9	3.2222222222222223	9005964.553454516	523248.0472347045	0.17547735546145304	-1.8500899427997348	755
half_step_2	0.5238125763399836	0.0004285369236935657	9	27	9	3	9005964.553454516	151175.02809263195	0.47879779016261637	-1.8390927431958208	777
full_step	0.52338403941629	0.000570436085711095	10	24	9	2.4	9005964.553454516	623246.5025611594	0.17547735546145304	-1.8500899427997348	755
half_step_1	0.52338403941629	0.0002852180428555475	13	41	9	3.1538461538461537	9005964.553454516	620842.8738311534	0.17547735546145304	-1.8500899427997348	755
half_step_2	0.5236692574591455	0.0002852180428555475	7	8	5	1.1428571428571428	9005964.553454516	434036.8845032068	0.35696907252417986	-1.8513384244632225	821
full_step	0.523954475502001	0.0009413032557361089	8	0	0	0	9005964.553454516	29206.604902314775	0.544854728897235	-1.8450390805574788	814
half_step_1	0.523954475502001	0.00047065162786805447	8	21	10	2.625	9005964.553454516	243579.94746101068	0.544854728897235	-1.8450390805574788	814
half_step_2	0.5244251271298691	0.00047065162786805447	10	43	11	4.3	9005964.553454516	1096384.7782579288	0.7441793538031902	-1.8174539188179477	767
full_step	0.523954475502001	0.000654155614346986	7	0	0	0	9005964.553454516	31175.477171165607	0.544854728897235	-1.8450390805574788	814
half_step_1	0.523954475502001	0.000327077807173493	8	40	11	5	9005964.553454516	667633.0589911056	0.544854728897235	-1.8450390805574788	814
half_step_2	0.5242815533091745	0.000327077807173493	11	54	14	4.909090909090909	9005964.553454516	993417.4617374191	0.6286930277233296	-1.8279553412157037	786
full_step	0.524608631116348	0.000654155614346986	9	28	7	3.111111111111111	9005964.553454516	631865.4768175449	0.5029352890028917	-1.846249707009359	811
half_step_1	0.524608631116348	0.000327077807173493	8	34	9	4.25	9005964.553454516	1209855.1506376332	0.5029352890028917	-1.846249707009359	811
half_step_2	0.5249357089235215	0.000327077807173493	7	14	6	2	9005964.553454516	194078.33929369628	0.326257698704012	-1.8444655506722227	815
full_step	0.525262786730695	0.0027802313163830705	7	11	6	1.5714285714285714	9005964.553454516	17895.77157636807	0.15321684724028728	-1.8477349134895946	817
half_step_1	0.525262786730695	0.0013901156581915353	5	12	6	2.4	9005964.553454516	17708.235093008352	0.15321684724028728	-1.8477349134895946	817
half_step_2	0.5266529023888866	0.0013901156581915353	7	26	9	3.7142857142857144	9005964.553454516	74996.97194799717	0.29058449419363797	-1.868353070028209	878
full_step	0.5280430180470781	0.004472733014995281	14	35	9	2.5	9005964.553454516	66922.9653795551	0.3601237567897897	-1.840329415678728	949
full_step	0.5280430180470781	0.0022363665074976403	12	49	12	4.083333333333333	9005964.553454516	224694.9295845671	0.3601237567897897	-1.840329415678728	949
half_step_1	0.5280430180470781	0.0011181832537488202	9	41	8	4.555555555555555	9005964.553454516	272568.4957198979	0.3601237567897897	-1.840329415678728	949
half_step_2	0.5291612013008269	0.0011181832537488202	12	54	8	4.5	9005964.553454516	178796.542901947	0.2823545772078546	-1.8620495919962625	900
full_step	0.5302793845545757	0.003069098912411713	13	47	9	3.6153846153846154	9005964.553454516	86907.28243936425	0.4334044353475406	-1.8547116772408976	961
half_step_1	0.5302793845545757	0.0015345494562058566	8	34	8	4.25	9005964.553454516	175960.70604264113	0.4334044353475406	-1.8547116772408976	961
half_step_2	0.5318139340107816	0.0015345494562058566	10	54	12	5.4	9005964.553454516	140744.91132528646	0.40284126937422116	-1.8494770964563008	945
full_step	0.5333484834669874	0.003916687300634457	10	37	9	3.7	9005964.553454516	33174.16677163921	0.5785040883272359	-1.853790487409777	1005
half_step_1	0.5333484834669874	0.0019583436503172284	10	52	10	5.2	9005964.553454516	137808.91431519642	0.5785040883272359	-1.853790487409777	1005
half_step_2	0.5353068271173046	0.0019583436503172284	9	52	10	5.777777777777778	9005964.553454516	140134.9150798976	0.5023161977474047	-1.8381258673394645	955
full_step	0.5372651707676218	0.003916687300634457	12	52	8	4.333333333333333	9005964.553454516	38591.35778852029	0.5537612631059687	-1.8152735371349955	950
half_step_1	0.5372651707676218	0.0019583436503172284	10	40	8	4	9005964.553454516	143531.23643566342	0.5537612631059687	-1.8152735371349955	950
half_step_2	0.539223514417939	0.0019583436503172284	15	67	10	4.466666666666667	9005964.553454516	167068.9778897793	0.6501583748250823	-1.8160592021501738	969
full_step	0.5372651707676218	0.003387345524971047	9	42	10	4.666666666666667	9005964.553454516	44985.97359210045	0.5537612631059687	-1.8152735371349955	950
half_step_1	0.5372651707676218	0.0016936727624855235	11	62	10	5.636363636363637	9005964.553454516	118954.22136779223	0.5537612631059687	-1.8152735371349955	950
half_step_2	0.5389588435301074	0.0016936727624855235	12	58	11	4.833333333333333	9005964.553454516	133472.93378046725	0.5916134533446211	-1.8203795630216146	965
full_step	0.5372651707676218	0.002973492077701714	12	46	8	3.8333333333333335	9005964.553454516	62708.38335515565	0.5537612631059687	-1.8152735371349955	950
half_step_1	0.5372651707676218	0.001486746038850857	12	62	12	5.166666666666667	9005964.553454516	124693.61943155222	0.5537612631059687	-1.8152735371349955	950
half_step_2	0.5387519168064727	0.001486746038850857	10	41	8	4.1	9005964.553454516	158061.51153604782	0.5496829112681212	-1.813468856164402	912
full_step	0.5372651707676218	0.0026459250035734136	12	56	8	4.666666666666667	9005964.553454516	92240.47187214594	0.5537612631059687	-1.8152735371349955	950
half_step_1	0.5372651707676218	0.0013229625017867068	9	44	9	4.888888888888889	9005964.553454516	140819.1350435297	0.5537612631059687	-1.8152735371349955	950
half_step_2	0.5385881332694086	0.0013229625017867068	7	34	10	4.857142857142857	9005964.553454516	121203.80784095141	0.5190661160229979	-1.8139946709499704	939
full_step	0.5399110957711952	0.0026459250035734136	14	55	11	3.9285714285714284	9005964.553454516	70977.85185849987	0.35902224838474694	-1.8141001215499495	945
half_step_1	0.5399110957711952	0.0013229625017867068	11	46	8	4.181818181818182	9005964.553454516	185078.85175201358	0.35902224838474694	-1.8141001215499495	945
half_step_2	0.541234058272982	0.0013229625017867068	11	63	11	5.7272727272727275	9005964.553454516	147897.91623167964	0.3656709041388808	-1.7929985457024402	939
full_step	0.5425570207747686	0.0026459250035734136	9	41	10	4.555555555555555	9005964.553454516	118258.78204355408	0.5130786185696365	-1.8215266080441266	1038
half_step_1	0.5425570207747686	0.0013229625017867068	6	28	11	4.666666666666667	9005964.553454516	234759.42903286082	0.5130786185696365	-1.8215266080441266	1038
half_step_2	0.5438799832765554	0.0013229625017867068	8	40	10	5	9005964.553454516	227094.3948340796	0.5390127328170138	-1.8049914691291276	1005
full_step	0.545202945778342	0.0035317919476670883	11	36	10	3.272727272727273	9005964.553454516	73004.98930366668	0.47019500354349475	-1.8083178163901086	988
half_step_1	0.545202945778342	0.0017658959738335442	7	24	7	3.4285714285714284	9005964.553454516	138302.29343193572	0.47019500354349475	-1.8083178163901086	988
half_step_2	0.5469688417521756	0.0017658959738335442	13	54	10	4.153846153846154	9005964.553454516	136893.27082611062	0.43178776233742155	-1.8063293748900109	1067
full_step	0.5487347377260091	0.0035317919476670883	14	39	10	2.7857142857142856	9005964.553454516	92298.20317664971	0.5763064096430526	-1.8049165820143747	1244
half_step_1	0.5487347377260091	0.0017658959738335442	16	44	11	2.75	9005964.553454516	190938.48661679254	0.5763064096430526	-1.8049165820143747	1244
half_step_2	0.5505006336998427	0.0017658959738335442	13	63	9	4.846153846153846	9005964.553454516	337368.8079868154	0.8013094860128831	-1.790608492494721	1262
full_step	0.5522665296736762	0.0035317919476670883	14	64	9	4.571428571428571	9005964.553454516	128761.78094543073	0.8540832373715261	-1.7985537079896838	1229
half_step_1	0.5522665296736762	0.0017658959738335442	15	83	11	5.533333333333333	9005964.553454516	362631.4193270972	0.8540832373715261	-1.7985537079896838	1229
half_step_2	0.5540324256475098	0.0017658959738335442	15	75	12	5	9005964.553454516	174937.93549039974	0.6178755668744316	-1.8093587043398347	1127
full_step	0.5557983216213432	0.0035317919476670883	16	56	10	3.5	9005964.553454516	67263.91540036364	0.47157456961758726	-1.8190131662033653	1184
full_step	0.5557983216213432	0.0017658959738335442	12	57	16	4.75	9005964.553454516	140379.59644066202	0.47157456961758726	-1.8190131662033653	1184
full_step	0.5557983216213432	0.0008829479869167721	13	64	11	4.923076923076923	9005964.553454516	280611.3438175491	0.47157456961758726	-1.8190131662033653	1184
half_step_1	0.5557983216213432	0.00044147399345838604	11	55	10	5	9005964.553454516	441043.37417439715	0.47157456961758726	-1.8190131662033653	1184
half_step_2	0.5562397956148016	0.00044147399345838604	18	63	12	3.5	9005964.553454516	230091.87974734185	0.29917749181214504	-1.8250069935526922	1286
full_step	0.55668126960826	0.0028926666603670084	10	19	5	1.9	9005964.553454516	16645.384549940598	0.11529109682345506	-1.8258410446843722	1297
full_step	0.55668126960826	0.0014463333301835042	12	35	8	2.9166666666666665	9005964.553454516	31053.582401768315	0.11529109682345506	-1.8258410446843722	1297
full_step	0.55668126960826	0.0007231666650917521	10	35	11	3.5	9005964.553454516	48269.801170250044	0.11529109682345506	-1.8258410446843722	1297
half_step_1	0.55668126960826	0.00036158333254587605	10	43	9	4.3	9005964.553454516	79096.87025099526	0.11529109682345506	-1.8258410446843722	1297
half_step_2	0.5570428529408059	0.00036158333254587605	13	29	9	2.230769230769231	9005964.553454516	73762.50058817212	0.15240196722163546	-1.836852240155761	1324
full_step	0.5574044362733518	0.001231209458494888	14	36	10	2.5714285714285716	9005964.553454516	46012.69350232237	0.49978187571542776	-1.822825952697044	1352
full_step	0.5574044362733518	0.000615604729247444	12	33	12	2.75	9005964.553454516	251180.77718662325	0.49978187571542776	-1.822825952697044	1352
half_step_1	0.5574044362733518	0.000307802364623722	5	13	13	2.6	9005964.553454516	384291.9211741759	0.49978187571542776	-1.822825952697044	1352
half_step_2	0.5577122386379755	0.000307802364623722	8	29	10	3.625	9005964.553454516	325281.9617035304	0.8241976239482938	-1.8274509965697747	1299
full_step	0.5580200410025993	0.0018360831036810313	6	13	10	2.1666666666666665	9005964.553454516	83566.93832828202	0.6563062613476518	-1.8356028401453255	1282
half_step_1	0.5580200410025993	0.0009180415518405156	4	14	11	3.5	9005964.553454516	159862.31888961332	0.6563062613476518	-1.8356028401453255	1282
half_step_2	0.5589380825544398	0.0009180415518405156	5	16	11	3.2	9005964.553454516	22156.160792703955	0.16076281688708605	-1.8514946732793631	1267
full_step	0.5598561241062803	0.005714068223096264	7	9	5	1.2857142857142858	9005964.553454516	24086.146585940955	0.18689068461441138	-1.8539555868398463	1269
full_step	0.5598561241062803	0.002857034111548132	5	3	3	0.6	9005964.553454516	18246.601487057364	0.18689068461441138	-1.8539555868398463	1269
half_step_1	0.5598561241062803	0.001428517055774066	5	17	6	3.4	9005964.553454516	41989.126225526335	0.18689068461441138	-1.8539555868398463	1269
half_step_2	0.5612846411620543	0.001428517055774066	8	34	11	4.25	9005964.553454516	103899.62685113755	0.1387670744583147	-1.8653269317441266	1190
full_step	0.5627131582178284	0.005999454850287412	10	23	5	2.3	9005964.553454516	33110.30354536722	0.159458468680441	-1.8698959328138258	1195
full_step	0.5627131582178284	0.002999727425143706	12	40	9	3.3333333333333335	9005964.553454516	35929.59431724813	0.159458468680441	-1.8698959328138258	1195
full_step	0.5627131582178284	0.001499863712571853	9	46	10	5.111111111111111	9005964.553454516	114245.22415139985	0.159458468680441	-1.8698959328138258	1195
half_step_1	0.5627131582178284	0.0007499318562859265	9	40	9	4.444444444444445	9005964.553454516	102697.26493558414	0.159458468680441	-1.8698959328138258	1195
half_step_2	0.5634630900741143	0.0007499318562859265	7	26	11	3.7142857142857144	9005964.553454516	95888.52878608278	0.1323214998993194	-1.8694002036814807	1165
full_step	0.5642130219304002	0.0024388445438847904	11	12	5	1.0909090909090908	9005964.553454516	22769.32895864433	0.11232989254949644	-1.8639542155721516	1137
full_step	0.5642130219304002	0.0012194222719423952	7	29	9	4.142857142857143	9005964.553454516	47337.63371235508	0.11232989254949644	-1.8639542155721516	1137
half_step_1	0.5642130219304002	0.0006097111359711976	7	20	6	2.857142857142857	9005964.553454516	94084.19347199041	0.11232989254949644	-1.8639542155721516	1137
half_step_2	0.5648227330663714	0.0006097111359711976	6	28	8	4.666666666666667	9005964.553454516	63988.59381187338	0.09357003120732088	-1.8753499938351013	1191
full_step	0.5654324442023426	0.0031026679102799442	11	15	6	1.3636363636363635	9005964.553454516	54935.40079994902	0.22503091922135354	-1.8688522893095016	1161
half_step_1	0.5654324442023426	0.0015513339551399721	13	35	9	2.6923076923076925	9005964.553454516	89487.16590212217	0.22503091922135354	-1.8688522893095016	1161
half_step_2	0.5669837781574826	0.0015513339551399721	11	41	8	3.727272727272727	9005964.553454516	63690.35283373188	1.0734077708417544	-1.8652329017910376	1088
full_step	0.5654324442023426	0.0012721066592479352	15	34	7	2.2666666666666666	9005964.553454516	109271.74164058903	0.22503091922135354	-1.8688522893095016	1161
half_step_1	0.5654324442023426	0.0006360533296239676	14	47	9	3.357142857142857	9005964.553454516	218601.6186861712	0.22503091922135354	-1.8688522893095016	1161
half_step_2	0.5660684975319666	0.0006360533296239676	13	61	9	4.6923076923076925	9005964.553454516	632188.5993646586	0.9430183800914165	-1.862474051460731	1101
full_step	0.5654324442023426	0.0005404340105538294	17	49	9	2.8823529411764706	9005964.553454516	257118.25889466374	0.22503091922135354	-1.8688522893095016	1161
half_step_1	0.5654324442023426	0.0002702170052769147	15	58	12	3.8666666666666667	9005964.553454516	426176.07151649654	0.22503091922135354	-1.8688522893095016	1161
half_step_2	0.5657026612076196	0.0002702170052769147	12	64	14	5.333333333333333	9005964.553454516	785968.2026713451	0.643071982268907	-1.8641102415607689	1138
full_step	0.5654324442023426	0.00034474857357080763	16	55	11	3.4375	9005964.553454516	403043.52776093077	0.22503091922135354	-1.8688522893095016	1161
half_step_1	0.5654324442023426	0.00017237428678540381	14	69	11	4.928571428571429	9005964.553454516	426763.9408528554	0.22503091922135354	-1.8688522893095016	1161
half_step_2	0.565604818489128	0.00017237428678540381	9	46	13	5.111111111111111	9005964.553454516	414353.21931199677	0.5393421039068471	-1.870381451096693	1166
full_step	0.5654324442023426	0.0002532699468985981	18	79	11	4.388888888888889	9005964.553454516	426273.7738878513	0.22503091922135354	-1.8688522893095016	1161
half_step_1	0.5654324442023426	0.00012663497344929904	9	48	10	5.333333333333333	9005964.553454516	426697.37879008707	0.22503091922135354	-1.8688522893095016	1161
half_step_2	0.565559079175792	0.00012663497344929904	8	24	8	3	9005964.553454516	418291.09989677044	0.4667643160403827	-1.8676628386997165	1172
full_step	0.5654324442023426	0.00021259024571739754	18	72	13	4	9005964.553454516	426513.31809648126	0.22503091922135354	-1.8688522893095016	1161
half_step_1	0.5654324442023426	0.00010629512285869877	7	32	9	4.571428571428571	9005964.553454516	426344.1809971243	0.22503091922135354	-1.8688522893095016	1161
half_step_2	0.5655387393252013	0.00010629512285869877	9	44	11	4.888888888888889	9005964.553454516	419425.88221810845	0.4021164643089037	-1.871183936908855	1178
full_step	0.56564503444806	0.00021259024571739754	8	34	11	4.25	9005964.553454516	422883.464686217	0.5850006102486418	-1.8762159758690602	1167
half_step_1	0.56564503444806	0.00010629512285869877	5	14	7	2.8	9005964.553454516	422877.4093524092	0.5850006102486418	-1.8762159758690602	1167
half_step_2	0.5657513295709187	0.00010629512285869877	6	24	10	4	9005964.553454516	422170.53378958727	0.5400022732527532	-1.868589509333989	1107
full_step	0.5658576246937774	0.0010629512285869878	5	14	8	2.8	9005964.553454516	32507.748117245694	0.45008572852339057	-1.86699725687296	1079
half_step_1	0.5658576246937774	0.0005314756142934939	5	13	7	2.6	9005964.553454516	65433.91566899718	0.45008572852339057	-1.86699725687296	1079
half_step_2	0.5663891003080709	0.0005314756142934939	6	19	6	3.1666666666666665	9005964.553454516	24896.378796319197	0.02268813959540239	-1.873230752412663	1112
full_step	0.5669205759223644	0.0053147561429349385	5	6	3	1.2	9005964.553454516	20776.664832436312	0.020740026497094277	-1.8623429680996921	1105
half_step_1	0.5669205759223644	0.0026573780714674693	4	6	3	1.5	9005964.553454516	7828.879889277049	0.020740026497094277	-1.8623429680996921	1105
half_step_2	0.5695779539938319	0.0026573780714674693	13	63	11	4.846153846153846	9005964.553454516	213038.70805931685	0.5348853714389179	-1.8551428703999921	1029
full_step	0.5722353320652994	0.009853818880673047	14	37	6	2.642857142857143	9005964.553454516	45887.150033453414	0.7948366075081594	-1.8505130082940249	1100
full_step	0.5722353320652994	0.0049269094403365235	15	62	12	4.133333333333334	9005964.553454516	87401.67490598695	0.7948366075081594	-1.8505130082940249	1100
half_step_1	0.5722353320652994	0.0024634547201682617	10	44	10	4.4	9005964.553454516	259446.51040457998	0.7948366075081594	-1.8505130082940249	1100
half_step_2	0.5746987867854677	0.0024634547201682617	12	60	11	5	9005964.553454516	170591.27842100683	0.7262903501031701	-1.8415506001863682	1120
full_step	0.5771622415056359	0.0049269094403365235	15	71	11	4.733333333333333	9005964.553454516	79075.8935004029	0.8444632559069873	-1.8290612754116593	1133
half_step_1	0.5771622415056359	0.0024634547201682617	12	70	11	5.833333333333333	9005964.553454516	195984.44307057906	0.8444632559069873	-1.8290612754116593	1133
half_step_2	0.5796256962258042	0.0024634547201682617	14	92	14	6.571428571428571	9005964.553454516	283813.4477122557	0.9430990423620642	-1.8379794122060609	1045
full_step	0.5771622415056359	0.004386504506876636	15	73	8	4.866666666666666	9005964.553454516	89887.98372062079	0.8444632559069873	-1.8290612754116593	1133
half_step_1	0.5771622415056359	0.002193252253438318	10	64	12	6.4	9005964.553454516	223608.78057589597	0.8444632559069873	-1.8290612754116593	1133
half_step_2	0.5793554937590742	0.002193252253438318	13	67	11	5.153846153846154	9005964.553454516	217668.72528584616	0.8807218215878834	-1.8414377958762793	1045
full_step	0.5815487460125125	0.004386504506876636	12	51	9	4.25	9005964.553454516	80596.98168154688	0.7320129569881146	-1.8500727161406962	978
half_step_1	0.5815487460125125	0.002193252253438318	13	70	11	5.384615384615385	9005964.553454516	164750.72936077073	0.7320129569881146	-1.8500727161406962	978
half_step_2	0.5837419982659509	0.002193252253438318	11	74	12	6.7272727272727275	9005964.553454516	274988.87534642825	0.591127895693603	-1.8631733466898164	1183
full_step	0.5859352505193891	0.005930064680416773	14	44	8	3.142857142857143	9005964.553454516	52961.23155798665	0.6165446563537671	-1.846102690686158	1209
full_step	0.5859352505193891	0.0029650323402083865	14	54	11	3.857142857142857	9005964.553454516	157196.04440122514	0.6165446563537671	-1.846102690686158	1209
half_step_1	0.5859352505193891	0.0014825161701041932	11	59	10	5.363636363636363	9005964.553454516	229766.02448148676	0.6165446563537671	-1.846102690686158	1209
half_step_2	0.5874177666894933	0.0014825161701041932	9	37	12	4.111111111111111	9005964.553454516	283631.9229406721	0.6108173254718849	-1.8580783458413863	1266
full_step	0.5889002828595975	0.004794623365382308	13	42	8	3.230769230769231	9005964.553454516	60171.55614103719	0.5837573736903892	-1.838772949472401	1124
full_step	0.5889002828595975	0.002397311682691154	11	46	11	4.181818181818182	9005964.553454516	127802.92410967407	0.5837573736903892	-1.838772949472401	1124
full_step	0.5889002828595975	0.001198655841345577	12	65	10	5.416666666666667	9005964.553454516	249323.19326679248	0.5837573736903892	-1.838772949472401	1124
full_step	0.5889002828595975	0.0005993279206727885	11	56	9	5.090909090909091	9005964.553454516	444053.07214364066	0.5837573736903892	-1.838772949472401	1124
half_step_1	0.5889002828595975	0.00029966396033639426	13	66	10	5.076923076923077	9005964.553454516	444424.9160570655	0.5837573736903892	-1.838772949472401	1124
half_step_2	0.5891999468199339	0.00029966396033639426	12	59	10	4.916666666666667	9005964.553454516	316515.90015879984	0.411813275771749	-1.8460753839719233	1083
full_step	0.5894996107802702	0.0029966396033639427	14	43	10	3.0714285714285716	9005964.553454516	557029.9664454439	1.0874045999364625	-1.8240416877692784	1171
full_step	0.5894996107802702	0.0014983198016819714	14	41	11	2.9285714285714284	9005964.553454516	601971.607226635	1.0874045999364625	-1.8240416877692784	1171
full_step	0.5894996107802702	0.0007491599008409857	14	50	11	3.5714285714285716	9005964.553454516	966378.2702984655	1.0874045999364625	-1.8240416877692784	1171
half_step_1	0.5894996107802702	0.00037457995042049284	14	47	9	3.357142857142857	9005964.553454516	1935515.100847835	1.0874045999364625	-1.8240416877692784	1171
half_step_2	0.5898741907306907	0.00037457995042049284	7	17	9	2.4285714285714284	9005964.553454516	936299.9990870235	1.2820035641580034	-1.8256153095131264	1147
full_step	0.5902487706811113	0.0011097287117461433	6	9	4	1.5	9005964.553454516	769704.9540542772	1.1907247861071255	-1.8294118976085634	1185
half_step_1	0.5902487706811113	0.0005548643558730716	5	9	9	1.8	9005964.553454516	661890.3632849655	1.1907247861071255	-1.8294118976085634	1185
half_step_2	0.5908036350369843	0.0005548643558730716	9	32	10	3.5555555555555554	9005964.553454516	652315.4998413218	1.0891135857247605	-1.8367937766021387	1184
full_step	0.5913584993928575	0.003386112360347033	8	14	6	1.75	9005964.553454516	108669.49491344889	0.8526865845631164	-1.8354095758453528	1212
half_step_1	0.5913584993928575	0.0016930561801735166	4	5	5	1.25	9005964.553454516	217747.10600571506	0.8526865845631164	-1.8354095758453528	1212
half_step_2	0.593051555573031	0.0016930561801735166	9	48	10	5.333333333333333	9005964.553454516	45971.647150387274	0.23097792659496008	-1.8651525132612943	1280
full_step	0.5947446117532045	0.004364423682577996	10	26	7	2.6	9005964.553454516	39873.96193492315	0.5604521481651545	-1.8639343606637084	1207
full_step	0.5947446117532045	0.002182211841288998	11	41	11	3.727272727272727	9005964.553454516	145502.24722623752	0.5604521481651545	-1.8639343606637084	1207
half_step_1	0.5947446117532045	0.001091105920644499	8	31	9	3.875	9005964.553454516	358514.3400045536	0.5604521481651545	-1.8639343606637084	1207
half_step_2	0.595835717673849	0.001091105920644499	14	65	12	4.642857142857143	9005964.553454516	345660.65850943327	0.4958901362758752	-1.8548381536967087	1277
full_step	0.5969268235944934	0.0038113124031764873	13	52	10	4	9005964.553454516	73511.8368036704	0.5190912334743416	-1.859162403393139	1343
full_step	0.5969268235944934	0.0019056562015882436	12	56	12	4.666666666666667	9005964.553454516	152652.08373540052	0.5190912334743416	-1.859162403393139	1343
full_step	0.5969268235944934	0.0009528281007941218	16	92	10	5.75	9005964.553454516	306310.88647838694	0.5190912334743416	-1.859162403393139	1343
half_step_1	0.5969268235944934	0.0004764140503970609	13	69	9	5.3076923076923075	9005964.553454516	453174.2184674238	0.5190912334743416	-1.859162403393139	1343
half_step_2	0.5974032376448906	0.0004764140503970609	13	73	11	5.615384615384615	9005964.553454516	354504.871692595	0.3399749307090474	-1.8604850766669865	1236
full_step	0.5978796516952876	0.0029211670293457425	10	22	8	2.2	9005964.553454516	30215.24306700004	1.3506100290687186	-1.8568823525867495	1301
full_step	0.5978796516952876	0.0014605835146728713	13	52	9	4	9005964.553454516	362739.70453080407	1.3506100290687186	-1.8568823525867495	1301
full_step	0.5978796516952876	0.0007302917573364356	14	69	13	4.928571428571429	9005964.553454516	423058.0155668979	1.3506100290687186	-1.8568823525867495	1301
full_step	0.5978796516952876	0.0003651458786682178	19	84	13	4.421052631578948	9005964.553454516	434833.95079782075	1.3506100290687186	-1.8568823525867495	1301
half_step_1	0.5978796516952876	0.0001825729393341089	13	72	11	5.538461538461538	9005964.553454516	443015.0269018424	1.3506100290687186	-1.8568823525867495	1301
half_step_2	0.5980622246346217	0.0001825729393341089	12	53	12	4.416666666666667	9005964.553454516	437946.45558191586	1.3643447769601948	-1.8577232866853437	1240
full_step	0.5982447975739558	0.0016616437784474048	6	23	9	3.8333333333333335	9005964.553454516	39378.91420735024	1.2095675737070906	-1.8618716304926075	1213
half_step_1	0.5982447975739558	0.0008308218892237024	5	13	7	2.6	9005964.553454516	103509.88861166534	1.2095675737070906	-1.8618716304926075	1213
half_step_2	0.5990756194631794	0.0008308218892237024	11	22	6	2	9005964.553454516	12849.14905510534	0.456729692639783	-1.8441390578579038	1092
full_step	0.5999064413524031	0.0068092202092206525	7	0	0	0	9005964.553454516	27255.441442194224	1.0774026374007235	-1.835032866092729	1117
full_step	0.5999064413524031	0.0034046101046103262	14	39	9	2.7857142857142856	9005964.553454516	313935.4869781228	1.0774026374007235	-1.835032866092729	1117
full_step	0.5999064413524031	0.0017023050523051631	14	54	11	3.857142857142857	9005964.553454516	659483.3085417825	1.0774026374007235	-1.835032866092729	1117
half_step_1	0.5999064413524031	0.0008511525261525816	12	34	10	2.8333333333333335	9005964.553454516	2132527.0543134664	1.0774026374007235	-1.835032866092729	1117
half_step_2	0.6007575938785557	0.0008511525261525816	12	61	10	5.083333333333333	9005964.553454516	402834.2315613478	1.0757799889898365	-1.8378862916982701	1125
full_step	0.6016087464047083	0.002827788104337806	13	21	7	1.6153846153846154	9005964.553454516	54940.16262463089	0.4898937315161902	-1.8718689749927724	1141
full_step	0.6016087464047083	0.001413894052168903	13	32	9	2.4615384615384617	9005964.553454516	76959.2791101624	0.4898937315161902	-1.8718689749927724	1141
half_step_1	0.6016087464047083	0.0007069470260844515	14	52	9	3.7142857142857144	9005964.553454516	130068.36161052229	0.4898937315161902	-1.8718689749927724	1141
half_step_2	0.6023156934307927	0.0007069470260844515	14	69	11	4.928571428571429	9005964.553454516	363787.6619112794	0.6975195651847912	-1.868568300730901	1122
full_step	0.6016087464047083	0.0009074227339385041	14	35	6	2.5	9005964.553454516	69054.24596790184	0.4898937315161902	-1.8718689749927724	1141
half_step_1	0.6016087464047083	0.00045371136696925206	14	59	10	4.214285714285714	9005964.553454516	237898.08283416563	0.4898937315161902	-1.8718689749927724	1141
half_step_2	0.6020624577716776	0.00045371136696925206	12	50	9	4.166666666666667	9005964.553454516	184119.6730920024	0.4718047274392916	-1.877292713827925	1145
full_step	0.6016087464047083	0.0007081972545303952	13	42	10	3.230769230769231	9005964.553454516	132881.6982089574	0.4898937315161902	-1.8718689749927724	1141
half_step_1	0.6016087464047083	0.0003540986272651976	13	72	12	5.538461538461538	9005964.553454516	314012.0182186948	0.4898937315161902	-1.8718689749927724	1141
half_step_2	0.6019628450319735	0.0003540986272651976	13	68	10	5.230769230769231	9005964.553454516	762859.2276336557	0.34423076622800863	-1.8630562396516428	1155
full_step	0.6016087464047083	0.0006029058196177997	16	55	10	3.4375	9005964.553454516	167024.26286479883	0.4898937315161902	-1.8718689749927724	1141
half_step_1	0.6016087464047083	0.00030145290980889984	12	55	9	4.583333333333333	9005964.553454516	373168.8473298601	0.4898937315161902	-1.8718689749927724	1141
half_step_2	0.6019101993145172	0.00030145290980889984	14	72	13	5.142857142857143	9005964.553454516	470709.77397260576	0.3103043460185404	-1.870576125678303	1147
full_step	0.6016087464047083	0.0005408225489352635	15	55	11	3.6666666666666665	9005964.553454516	192694.9787863244	0.4898937315161902	-1.8718689749927724	1141
half_step_1	0.6016087464047083	0.00027041127446763175	11	62	13	5.636363636363637	9005964.553454516	418387.6167885113	0.4898937315161902	-1.8718689749927724	1141
half_step_2	0.6018791576791759	0.00027041127446763175	13	65	10	5	9005964.553454516	362250.9428014273	0.289587457362245	-1.8716106115393758	1170
full_step	0.6021495689536436	0.0005408225489352635	10	34	10	3.4	9005964.553454516	195173.45162958786	0.5683552378415015	-1.8730620455713662	1161
half_step_1	0.6021495689536436	0.00027041127446763175	8	29	8	3.625	9005964.553454516	373284.6477772257	0.5683552378415015	-1.8730620455713662	1161
half_step_2	0.6024199802281112	0.00027041127446763175	7	27	11	3.857142857142857	9005964.553454516	372578.7211192265	0.46256824829669085	-1.8734925145814503	1120
full_step	0.6026903915025789	0.0027041127446763174	4	5	3	1.25	9005964.553454516	9043.4544859207	0.2687115371327877	-1.884404158570353	1122
full_step	0.6026903915025789	0.0013520563723381587	5	12	4	2.4	9005964.553454516	12351.97105562651	0.2687115371327877	-1.884404158570353	1122
full_step	0.6026903915025789	0.0006760281861690794	6	13	5	2.1666666666666665	9005964.553454516	19410.63459934908	0.2687115371327877	-1.884404158570353	1122
half_step_1	0.6026903915025789	0.0003380140930845397	4	8	6	2	9005964.553454516	35704.08594643861	0.2687115371327877	-1.884404158570353	1122
half_step_2	0.6030284055956634	0.0003380140930845397	5	20	8	4	9005964.553454516	11264.982554177728	0.02460230811840347	-1.8893116361407472	1089
full_step	0.6033664196887479	0.0033801409308453967	4	3	3	0.75	9005964.553454516	3406.293694801518	0.005605309136171854	-1.8925730420296214	1087
full_step	0.6033664196887479	0.0016900704654226983	3	3	3	1	9005964.553454516	3260.096720871809	0.005605309136171854	-1.8925730420296214	1087
full_step	0.6033664196887479	0.0008450352327113492	4	5	3	1.25	9005964.553454516	3279.114184386582	0.005605309136171854	-1.8925730420296214	1087
full_step	0.6033664196887479	0.0004225176163556746	6	19	7	3.1666666666666665	9005964.553454516	7489.489461639861	0.005605309136171854	-1.8925730420296214	1087
half_step_1	0.6033664196887479	0.0002112588081778373	5	15	6	3	9005964.553454516	14863.104735411334	0.005605309136171854	-1.8925730420296214	1087
half_step_2	0.6035776784969258	0.0002112588081778373	5	15	6	3	9005964.553454516	20799.709078763593	0.006549564130182262	-1.8881522042035355	1062
full_step	0.6037889373051036	0.002112588081778373	7	0	0	0	9005964.553454516	102994.85183657934	0.007151828376663616	-1.8858561802631524	1068
half_step_1	0.6037889373051036	0.0010562940408891865	9	11	4	1.2222222222222223	9005964.553454516	74755.67089678576	0.007151828376663616	-1.8858561802631524	1068
half_step_2	0.6048452313459928	0.0010562940408891865	10	41	8	4.1	9005964.553454516	590183.6821017521	1.3614727909153999	-1.8802943414475355	1041
full_step	0.6037889373051036	0.001610361657914162	7	0	0	0	9005964.553454516	100738.02007944595	0.007151828376663616	-1.8858561802631524	1068
half_step_1	0.6037889373051036	0.000805180828957081	8	11	6	1.375	9005964.553454516	59932.521060164465	0.007151828376663616	-1.8858561802631524	1068
half_step_2	0.6045941181340607	0.000805180828957081	11	49	9	4.454545454545454	9005964.553454516	645184.0853792699	1.2396935346868077	-1.8787669225642367	1074
full_step	0.6037889373051036	0.0013930229492757986	7	0	0	0	9005964.553454516	91369.92571375688	0.007151828376663616	-1.8858561802631524	1068
half_step_1	0.6037889373051036	0.0006965114746378993	6	0	0	0	9005964.553454516	46380.32077745228	0.007151828376663616	-1.8858561802631524	1068
half_step_2	0.6044854487797415	0.0006965114746378993	9	36	10	4	9005964.553454516	290416.6571470614	1.1191940491338528	-1.8807418365166921	1030
full_step	0.6037889373051036	0.0012277495947803452	7	0	0	0	9005964.553454516	74644.20018837872	0.007151828376663616	-1.8858561802631524	1068
half_step_1	0.6037889373051036	0.0006138747973901726	6	0	0	0	9005964.553454516	43464.00280312237	0.007151828376663616	-1.8858561802631524	1068
half_step_2	0.6044028121024938	0.0006138747973901726	10	43	10	4.3	9005964.553454516	451904.45348839636	0.9617906932568872	-1.8808543496291306	1040
full_step	0.605016686899884	0.0012277495947803452	13	57	11	4.384615384615385	9005964.553454516	458367.15612732345	1.4142131996247826	-1.8641380447966598	1047
half_step_1	0.605016686899884	0.0006138747973901726	9	33	11	3.6666666666666665	9005964.553454516	976117.7482136537	1.4142131996247826	-1.8641380447966598	1047
half_step_2	0.6056305616972741	0.0006138747973901726	10	43	9	4.3	9005964.553454516	443561.6085188316	1.2946034598143115	-1.8580009552767036	1050
full_step	0.6062444364946643	0.002420073156183531	9	27	5	3	9005964.553454516	75841.65942888743	0.9948052089183079	-1.886376501671423	1122
half_step_1	0.6062444364946643	0.0012100365780917655	10	35	7	3.5	9005964.553454516	135196.31688478982	0.9948052089183079	-1.886376501671423	1122
half_step_2	0.607454473072756	0.0012100365780917655	11	51	10	4.636363636363637	9005964.553454516	139831.2477933575	0.2972235960477292	-1.881525609254284	1078
full_step	0.6086645096508478	0.010342184372883239	6	3	3	0.5	9005964.553454516	71656.9077761304	0.2140108277184254	-1.8633163737113037	1218
full_step	0.6086645096508478	0.0051710921864416195	9	18	8	2	9005964.553454516	52660.54872014482	0.2140108277184254	-1.8633163737113037	1218
half_step_1	0.6086645096508478	0.0025855460932208097	13	57	10	4.384615384615385	9005964.553454516	47634.40761774969	0.2140108277184254	-1.8633163737113037	1218
half_step_2	0.6112500557440687	0.0025855460932208097	12	63	9	5.25	9005964.553454516	259940.2889255967	0.7201762927211917	-1.8390788790841088	1202
full_step	0.6138356018372895	0.007451601994414466	12	37	7	3.0833333333333335	9005964.553454516	61460.483792257066	0.9020690950582093	-1.8277393981250762	1156
full_step	0.6138356018372895	0.003725800997207233	19	100	10	5.2631578947368425	9005964.553454516	135034.54828453952	0.9020690950582093	-1.8277393981250762	1156
half_step_1	0.6138356018372895	0.0018629004986036165	11	62	12	5.636363636363637	9005964.553454516	391875.62489818793	0.9020690950582093	-1.8277393981250762	1156
half_step_2	0.6156985023358931	0.0018629004986036165	12	66	10	5.5	9005964.553454516	195211.71483685725	0.8770790996592268	-1.8248888212243484	1255
full_step	0.6175614028344967	0.00750977263632963	12	44	10	3.6666666666666665	9005964.553454516	60000.7759355719	0.616114991927077	-1.8307814894961247	1316
full_step	0.6175614028344967	0.003754886318164815	13	53	9	4.076923076923077	9005964.553454516	176736.83016576016	0.616114991927077	-1.8307814894961247	1316
half_step_1	0.6175614028344967	0.0018774431590824075	11	52	11	4.7272727272727275	9005964.553454516	334665.68738968426	0.616114991927077	-1.8307814894961247	1316
half_step_2	0.6194388459935791	0.0018774431590824075	13	61	11	4.6923076923076925	9005964.553454516	380693.3078658949	0.6670537227212208	-1.842116524860568	1277
full_step	0.6213162891526615	0.006737851667523861	14	39	8	2.7857142857142856	9005964.553454516	53117.34538585238	0.7126647132650419	-1.8572946058234991	1336
half_step_1	0.6213162891526615	0.0033689258337619306	9	46	11	5.111111111111111	9005964.553454516	135566.14233261844	0.7126647132650419	-1.8572946058234991	1336
half_step_2	0.6246852149864234	0.0033689258337619306	12	55	11	4.583333333333333	9005964.553454516	221337.196909901	1.1059360372283322	-1.8297514864796747	1173
full_step	0.6213162891526615	0.0052982301321217165	15	66	11	4.4	9005964.553454516	80171.50736369734	0.7126647132650419	-1.8572946058234991	1336
half_step_1	0.6213162891526615	0.0026491150660608582	11	45	8	4.090909090909091	9005964.553454516	204021.80151605155	0.7126647132650419	-1.8572946058234991	1336
half_step_2	0.6239654042187223	0.0026491150660608582	13	73	10	5.615384615384615	9005964.553454516	205381.57102426575	0.8950419771299494	-1.8300337002521272	1165
full_step	0.6266145192847832	0.0052982301321217165	16	56	8	3.5	9005964.553454516	91701.97618355732	0.8727211625079576	-1.8379021624434264	1257
full_step	0.6266145192847832	0.0026491150660608582	18	94	10	5.222222222222222	9005964.553454516	242531.68139649046	0.8727211625079576	-1.8379021624434264	1257
half_step_1	0.6266145192847832	0.0013245575330304291	11	60	12	5.454545454545454	9005964.553454516	496866.7800133377	0.8727211625079576	-1.8379021624434264	1257
half_step_2	0.6279390768178136	0.0013245575330304291	11	62	11	5.636363636363637	9005964.553454516	349211.88636171736	0.7728739766616854	-1.8380780122397604	1303
full_step	0.629263634350844	0.004576238006194879	13	44	8	3.3846153846153846	9005964.553454516	41860.996695695554	0.4841937266235732	-1.8402795129825298	1255
full_step	0.629263634350844	0.0022881190030974393	12	60	10	5	9005964.553454516	232721.89328471993	0.4841937266235732	-1.8402795129825298	1255
full_step	0.629263634350844	0.0011440595015487197	12	60	9	5	9005964.553454516	205513.2182703176	0.4841937266235732	-1.8402795129825298	1255
half_step_1	0.629263634350844	0.0005720297507743598	14	60	12	4.285714285714286	9005964.553454516	422223.48502004717	0.4841937266235732	-1.8402795129825298	1255
half_step_2	0.6298356641016183	0.0005720297507743598	11	40	11	3.6363636363636362	9005964.553454516	94845.1132318265	0.2710944423301953	-1.8426834837426052	1268
full_step	0.6304076938523927	0.0021884741401936507	10	20	9	2	9005964.553454516	75189.5924982315	0.2869419296932847	-1.8305213129152988	1275
full_step	0.6304076938523927	0.0010942370700968253	12	36	10	3	9005964.553454516	133094.35233949625	0.2869419296932847	-1.8305213129152988	1275
half_step_1	0.6304076938523927	0.0005471185350484127	11	42	10	3.8181818181818183	9005964.553454516	577343.3655405808	0.2869419296932847	-1.8305213129152988	1275
half_step_2	0.6309548123874411	0.0005471185350484127	12	61	10	5.083333333333333	9005964.553454516	80630.74072439338	0.3442585742063784	-1.8424625274539346	1313
full_step	0.6315019309224895	0.0025971753487294704	7	17	6	2.4285714285714284	9005964.553454516	22537.693207218792	0.2173916176700459	-1.8598662785511886	1247
full_step	0.6315019309224895	0.0012985876743647352	8	33	10	4.125	9005964.553454516	69164.57755920412	0.2173916176700459	-1.8598662785511886	1247
full_step	0.6315019309224895	0.0006492938371823676	8	30	8	3.75	9005964.553454516	135892.2847941904	0.2173916176700459	-1.8598662785511886	1247
full_step	0.6315019309224895	0.0003246469185911838	8	40	9	5	9005964.553454516	268576.6480132017	0.2173916176700459	-1.8598662785511886	1247
half_step_1	0.6315019309224895	0.0001623234592955919	8	26	9	3.25	9005964.553454516	500266.97714950686	0.2173916176700459	-1.8598662785511886	1247
half_step_2	0.6316642543817851	0.0001623234592955919	7	29	8	4.142857142857143	9005964.553454516	789206.2929050886	0.1687970300242796	-1.8567056667535693	1243
full_step	0.6318265778410806	0.0007631769182037789	9	8	5	0.8888888888888888	9005964.553454516	43417.55589796558	0.1320445570226525	-1.859206137822067	1342
half_step_1	0.6318265778410806	0.00038158845910188946	17	51	10	3	9005964.553454516	156379.2270668482	0.1320445570226525	-1.859206137822067	1342
half_step_2	0.6322081663001825	0.00038158845910188946	10	35	13	3.5	9005964.553454516	695780.3281749766	1.1715307045134296	-1.8575382588270866	1313
full_step	0.6318265778410806	0.0005044197505286173	13	19	6	1.4615384615384615	9005964.553454516	76482.23001327534	0.1320445570226525	-1.859206137822067	1342
half_step_1	0.6318265778410806	0.00025220987526430866	13	48	10	3.6923076923076925	9005964.553454516	379047.18419764366	0.1320445570226525	-1.859206137822067	1342
half_step_2	0.632078787716345	0.00025220987526430866	8	25	10	3.125	9005964.553454516	422959.3668046929	0.7987643650610607	-1.8615243001143162	1295
full_step	0.6323309975916093	0.0006216341911072437	5	12	6	2.4	9005964.553454516	419634.93033132376	0.7818210412650615	-1.854823232335099	1291
half_step_1	0.6323309975916093	0.00031081709555362183	5	12	6	2.4	9005964.553454516	422985.10953352455	0.7818210412650615	-1.854823232335099	1291
half_step_2	0.6326418146871629	0.00031081709555362183	8	22	7	2.75	9005964.553454516	61976.03642603187	0.5772829373220816	-1.8679929636955828	1295
full_step	0.6329526317827165	0.0031081709555362182	4	5	3	1.25	9005964.553454516	5464.997498255107	0.30567794576978713	-1.8693537931671151	1274
half_step_1	0.6329526317827165	0.0015540854777681091	4	3	3	0.75	9005964.553454516	3785.449900202747	0.30567794576978713	-1.8693537931671151	1274
half_step_2	0.6345067172604847	0.0015540854777681091	10	42	10	4.2	9005964.553454516	60801.14410313056	0.14236160076859505	-1.8775944784331104	1261
full_step	0.6360608027382527	0.009090212033926834	6	11	4	1.8333333333333333	9005964.553454516	64544.40723239505	0.24029342236678986	-1.8628558344051542	1155
full_step	0.6360608027382527	0.004545106016963417	10	24	6	2.4	9005964.553454516	23448.491082248962	0.24029342236678986	-1.8628558344051542	1155
half_step_1	0.6360608027382527	0.0022725530084817085	9	40	9	4.444444444444445	9005964.553454516	64486.810563491614	0.24029342236678986	-1.8628558344051542	1155
half_step_2	0.6383333557467344	0.0022725530084817085	11	48	9	4.363636363636363	9005964.553454516	186653.13028713345	0.5110825999120152	-1.8506247487047922	1117
full_step	0.6406059087552162	0.006138790771135224	12	38	7	3.1666666666666665	9005964.553454516	35799.69504935206	0.5823574913603693	-1.8305725335358423	1142
full_step	0.6406059087552162	0.003069395385567612	15	78	13	5.2	9005964.553454516	159770.86374457207	0.5823574913603693	-1.8305725335358423	1142
half_step_1	0.6406059087552162	0.001534697692783806	11	57	12	5.181818181818182	9005964.553454516	265275.10036276694	0.5823574913603693	-1.8305725335358423	1142
half_step_2	0.642140606448	0.001534697692783806	13	54	10	4.153846153846154	9005964.553454516	257255.5327160414	0.5649551776829753	-1.8432216641619403	1186
full_step	0.6406059087552162	0.0026415493082710935	15	73	11	4.866666666666666	9005964.553454516	146032.0030571101	0.5823574913603693	-1.8305725335358423	1142
half_step_1	0.6406059087552162	0.0013207746541355468	14	66	9	4.714285714285714	9005964.553454516	288847.1773019063	0.5823574913603693	-1.8305725335358423	1142
half_step_2	0.6419266834093517	0.0013207746541355468	15	86	11	5.733333333333333	9005964.553454516	252284.13770688887	0.5217401737183422	-1.837422979462777	1125
full_step	0.6406059087552162	0.0023448235377199742	14	75	13	5.357142857142857	9005964.553454516	138896.88341421905	0.5823574913603693	-1.8305725335358423	1142
half_step_1	0.6406059087552162	0.0011724117688599871	13	61	12	4.6923076923076925	9005964.553454516	265802.27965216886	0.5823574913603693	-1.8305725335358423	1142
half_step_2	0.6417783205240761	0.0011724117688599871	15	81	12	5.4	9005964.553454516	247762.16784812513	0.49435209401485736	-1.8274929099173967	1147
full_step	0.6406059087552162	0.0017805440129124946	11	58	11	5.2727272727272725	9005964.553454516	188471.51698252908	0.5823574913603693	-1.8305725335358423	1142
half_step_1	0.6406059087552162	0.0008902720064562473	13	75	12	5.769230769230769	9005964.553454516	333317.9859025484	0.5823574913603693	-1.8305725335358423	1142
half_step_2	0.6414961807616724	0.0008902720064562473	12	68	11	5.666666666666667	9005964.553454516	231753.03695530284	0.45298385580616696	-1.838987474618325	1144
full_step	0.6406059087552162	0.0014639815835476215	15	73	10	4.866666666666666	9005964.553454516	274805.19784409093	0.5823574913603693	-1.8305725335358423	1142
half_step_1	0.6406059087552162	0.0007319907917738108	15	75	12	5	9005964.553454516	387310.12522428844	0.5823574913603693	-1.8305725335358423	1142
half_step_2	0.6413378995469899	0.0007319907917738108	13	69	10	5.3076923076923075	9005964.553454516	243768.48673045082	0.44260088701332734	-1.8434115340210426	1143
full_step	0.6406059087552162	0.0012081773484068116	15	77	11	5.133333333333334	9005964.553454516	277893.5090667747	0.5823574913603693	-1.8305725335358423	1142
half_step_1	0.6406059087552162	0.0006040886742034058	16	83	12	5.1875	9005964.553454516	425305.99740679894	0.5823574913603693	-1.8305725335358423	1142
half_step_2	0.6412099974294195	0.0006040886742034058	13	73	11	5.615384615384615	9005964.553454516	278454.77056424227	0.4383835251069286	-1.841277226890047	1175
full_step	0.6406059087552162	0.001068096261230384	15	61	10	4.066666666666666	9005964.553454516	276706.06022831897	0.5823574913603693	-1.8305725335358423	1142
half_step_1	0.6406059087552162	0.000534048130615192	15	102	13	6.8	9005964.553454516	425557.7929138286	0.5823574913603693	-1.8305725335358423	1142
half_step_2	0.6411399568858314	0.000534048130615192	12	58	9	4.833333333333333	9005964.553454516	296760.84418756317	0.4381577481498198	-1.843120215546833	1177
full_step	0.6416740050164466	0.001068096261230384	12	40	9	3.3333333333333335	9005964.553454516	95393.42839089957	0.25626811726641563	-1.8492287594036159	1195
half_step_1	0.6416740050164466	0.000534048130615192	9	37	8	4.111111111111111	9005964.553454516	190533.80349099444	0.25626811726641563	-1.8492287594036159	1195
half_step_2	0.6422080531470618	0.000534048130615192	6	12	9	2	9005964.553454516	106055.50833732988	0.1288153566616188	-1.8629950045217574	1177
full_step	0.642742101277677	0.005253950954476694	5	4	4	0.8	9005964.553454516	27620.142154861856	0.06760506065222671	-1.8648290944115553	1181
full_step	0.642742101277677	0.002626975477238347	8	17	5	2.125	9005964.553454516	6919.127731462036	0.06760506065222671	-1.8648290944115553	1181
half_step_1	0.642742101277677	0.0013134877386191735	6	22	8	3.6666666666666665	9005964.553454516	23023.77736232092	0.06760506065222671	-1.8648290944115553	1181
half_step_2	0.6440555890162961	0.0013134877386191735	4	0	0	0	9005964.553454516	6625.506977295035	0.1850104606014611	-1.8731166023593366	1176
full_step	0.6453690767549153	0.00588653481350411	12	30	6	2.5	9005964.553454516	54305.591700662044	0.4742256779195486	-1.8508379363769756	1263
full_step	0.6453690767549153	0.002943267406752055	10	20	8	2	9005964.553454516	104549.60427234645	0.4742256779195486	-1.8508379363769756	1263
full_step	0.6453690767549153	0.0014716337033760275	11	38	9	3.4545454545454546	9005964.553454516	245700.79260056975	0.4742256779195486	-1.8508379363769756	1263
half_step_1	0.6453690767549153	0.0007358168516880138	7	18	8	2.5714285714285716	9005964.553454516	148422.0575986539	0.4742256779195486	-1.8508379363769756	1263
half_step_2	0.6461048936066033	0.0007358168516880138	12	71	15	5.916666666666667	9005964.553454516	434718.99415944656	0.44808286513114126	-1.8646845928525844	1363
full_step	0.6468407104582913	0.002326651203621175	11	31	8	2.8181818181818183	9005964.553454516	96478.98474003737	0.4346202840934552	-1.8642343221011053	1322
half_step_1	0.6468407104582913	0.0011633256018105875	12	56	11	4.666666666666667	9005964.553454516	192558.12799262558	0.4346202840934552	-1.8642343221011053	1322
half_step_2	0.6480040360601018	0.0011633256018105875	13	63	11	4.846153846153846	9005964.553454516	105632.14175642814	0.8283600312813064	-1.8490412330192532	1225
full_step	0.6468407104582913	0.0015903816908591816	13	46	10	3.5384615384615383	9005964.553454516	140969.60641136553	0.4346202840934552	-1.8642343221011053	1322
half_step_1	0.6468407104582913	0.0007951908454295908	10	44	10	4.4	9005964.553454516	281392.43875380245	0.4346202840934552	-1.8642343221011053	1322
half_step_2	0.6476359013037208	0.0007951908454295908	10	41	9	4.1	9005964.553454516	119847.24024046546	0.5972966572616087	-1.856124873240415	1251
full_step	0.6468407104582913	0.0012309273668892336	14	61	12	4.357142857142857	9005964.553454516	182014.16935344075	0.4346202840934552	-1.8642343221011053	1322
half_step_1	0.6468407104582913	0.0006154636834446168	9	43	10	4.777777777777778	9005964.553454516	363351.3712004489	0.4346202840934552	-1.8642343221011053	1322
half_step_2	0.6474561741417358	0.0006154636834446168	11	61	9	5.545454545454546	9005964.553454516	172948.90029558906	0.486599218152719	-1.851354437454789	1251
full_step	0.6468407104582913	0.0009502153869160499	10	41	11	4.1	9005964.553454516	235626.56878307817	0.4346202840934552	-1.8642343221011053	1322
half_step_1	0.6468407104582913	0.00047510769345802495	12	53	13	4.416666666666667	9005964.553454516	436970.7423996228	0.4346202840934552	-1.8642343221011053	1322
half_step_2	0.6473158181517493	0.00047510769345802495	10	50	11	5	9005964.553454516	183982.67813733986	0.40149957294761407	-1.8576637714838888	1276
full_step	0.6468407104582913	0.0008437735987244227	12	51	11	4.25	9005964.553454516	265228.5210548318	0.4346202840934552	-1.8642343221011053	1322
half_step_1	0.6468407104582913	0.00042188679936221136	11	50	9	4.545454545454546	9005964.553454516	437033.6174071976	0.4346202840934552	-1.8642343221011053	1322
half_step_2	0.6472625972576534	0.00042188679936221136	11	52	9	4.7272727272727275	9005964.553454516	210200.8297287041	0.36966738884905226	-1.8619890571396782	1303
full_step	0.6476844840570157	0.0008437735987244227	9	28	7	3.111111111111111	9005964.553454516	101653.85808495828	0.311552582825243	-1.847572364088864	1248
half_step_1	0.6476844840570157	0.00042188679936221136	10	36	9	3.6	9005964.553454516	172826.64303394416	0.311552582825243	-1.847572364088864	1248
half_step_2	0.6481063708563779	0.00042188679936221136	9	39	9	4.333333333333333	9005964.553454516	133431.09626578866	0.13214549274664478	-1.8541840963700094	1214
full_step	0.6485282576557402	0.0016288164803197752	7	19	7	2.7142857142857144	9005964.553454516	26736.509074896898	0.08503473519994031	-1.855187542928578	1263
half_step_1	0.6485282576557402	0.0008144082401598876	5	20	9	4	9005964.553454516	55025.23173717782	0.08503473519994031	-1.855187542928578	1263
half_step_2	0.6493426658959001	0.0008144082401598876	9	43	10	4.777777777777778	9005964.553454516	84040.09576948958	0.14149131766276923	-1.868156693270287	1358
full_step	0.6501570741360599	0.004639898521444304	9	7	4	0.7777777777777778	9005964.553454516	27050.42625914498	0.18402911137258116	-1.8565927904301984	1349
full_step	0.6501570741360599	0.002319949260722152	13	41	7	3.1538461538461537	9005964.553454516	21710.303150138152	0.18402911137258116	-1.8565927904301984	1349
half_step_1	0.6501570741360599	0.001159974630361076	10	48	8	4.8	9005964.553454516	169008.4897031301	0.18402911137258116	-1.8565927904301984	1349
half_step_2	0.651317048766421	0.001159974630361076	12	62	10	5.166666666666667	9005964.553454516	109147.27485680977	0.28440876798686077	-1.8460749974897983	1320
full_step	0.652477023396782	0.004805745421482077	11	33	10	3	9005964.553454516	49352.553509670186	0.28285809300501796	-1.8302997869301674	1339
full_step	0.652477023396782	0.0024028727107410384	15	61	10	4.066666666666666	9005964.553454516	94490.02576629737	0.28285809300501796	-1.8302997869301674	1339
half_step_1	0.652477023396782	0.0012014363553705192	12	56	9	4.666666666666667	9005964.553454516	121948.67122628631	0.28285809300501796	-1.8302997869301674	1339
half_step_2	0.6536784597521526	0.0012014363553705192	12	68	13	5.666666666666667	9005964.553454516	391663.24790861714	0.42246035641852586	-1.833451329772067	1326
full_step	0.6548798961075231	0.00450841983848	12	36	6	3	9005964.553454516	58966.26330291317	0.4346737381363823	-1.8235485110346519	1307
full_step	0.6548798961075231	0.00225420991924	12	55	11	4.583333333333333	9005964.553454516	111967.04910454266	0.4346737381363823	-1.8235485110346519	1307
full_step	0.6548798961075231	0.00112710495962	11	55	9	5	9005964.553454516	148513.64764293478	0.4346737381363823	-1.8235485110346519	1307
full_step	0.6548798961075231	0.00056355247981	15	66	9	4.4	9005964.553454516	332594.7545197171	0.4346737381363823	-1.8235485110346519	1307
half_step_1	0.6548798961075231	0.000281776239905	13	64	11	4.923076923076923	9005964.553454516	682170.2004030446	0.4346737381363823	-1.8235485110346519	1307
half_step_2	0.6551616723474281	0.000281776239905	10	43	10	4.3	9005964.553454516	462350.6785488907	0.2660558417219363	-1.8153396171201222	1334
full_step	0.655443448587333	0.00281776239905	9	22	5	2.4444444444444446	9005964.553454516	17284.02942664116	0.07509037235757887	-1.8283821683616197	1309
full_step	0.655443448587333	0.001408881199525	9	29	7	3.2222222222222223	9005964.553454516	47626.74507762178	0.07509037235757887	-1.8283821683616197	1309
full_step	0.655443448587333	0.0007044405997625	6	20	8	3.3333333333333335	9005964.553454516	95785.76433515071	0.07509037235757887	-1.8283821683616197	1309
full_step	0.655443448587333	0.00035222029988125	6	26	9	4.333333333333333	9005964.553454516	175089.0722477379	0.07509037235757887	-1.8283821683616197	1309
half_step_1	0.655443448587333	0.000176110149940625	7	27	8	3.857142857142857	9005964.553454516	357792.6423011094	0.07509037235757887	-1.8283821683616197	1309
half_step_2	0.6556195587372737	0.000176110149940625	3	0	0	0	9005964.553454516	116618.95416591101	0.028836886670148942	-1.8450517104266937	1341
full_step	0.6557956688872143	0.00176110149940625	11	22	9	2	9005964.553454516	349032.4916613223	0.27238904202130243	-1.8286875950159314	1378
full_step	0.6557956688872143	0.000880550749703125	14	28	9	2	9005964.553454516	341262.339945502	0.27238904202130243	-1.8286875950159314	1378
half_step_1	0.6557956688872143	0.0004402753748515625	15	47	13	3.1333333333333333	9005964.553454516	160295.9068844388	0.27238904202130243	-1.8286875950159314	1378
half_step_2	0.6562359442620659	0.0004402753748515625	5	12	12	2.4	9005964.553454516	399671.16965687653	0.9877959559022429	-1.8369707983307295	1445
full_step	0.6566762196369175	0.0027203210989470016	5	9	3	1.8	9005964.553454516	147485.93145118613	0.9333204474350509	-1.8352289835693116	1388
full_step	0.6566762196369175	0.0013601605494735008	5	9	6	1.8	9005964.553454516	292717.0249365695	0.9333204474350509	-1.8352289835693116	1388
half_step_1	0.6566762196369175	0.0006800802747367504	5	11	11	2.2	9005964.553454516	399797.4681666017	0.9333204474350509	-1.8352289835693116	1388
half_step_2	0.6573562999116542	0.0006800802747367504	9	46	9	5.111111111111111	9005964.553454516	214194.69077480974	0.5853152890932165	-1.8480024229960645	1406
full_step	0.658036380186391	0.0037837734116646093	9	23	6	2.5555555555555554	9005964.553454516	40252.682285211886	0.19100740343395728	-1.8431770944557166	1422
full_step	0.658036380186391	0.0018918867058323047	10	33	11	3.3	9005964.553454516	161302.11209448634	0.19100740343395728	-1.8431770944557166	1422
full_step	0.658036380186391	0.0009459433529161523	10	39	9	3.9	9005964.553454516	121909.43682306731	0.19100740343395728	-1.8431770944557166	1422
full_step	0.658036380186391	0.00047297167645807617	9	35	9	3.888888888888889	9005964.553454516	176517.7762951968	0.19100740343395728	-1.8431770944557166	1422
half_step_1	0.658036380186391	0.00023648583822903808	7	34	9	4.857142857142857	9005964.553454516	303630.2591092307	0.19100740343395728	-1.8431770944557166	1422
half_step_2	0.65827286602462	0.00023648583822903808	12	39	11	3.25	9005964.553454516	125911.63467156782	0.09479734756240532	-1.8390989942537865	1458
full_step	0.6585093518628491	0.0012785498076889532	9	17	5	1.8888888888888888	9005964.553454516	15446.830481594572	0.2811562354009993	-1.8247851926808403	1474
half_step_1	0.6585093518628491	0.0006392749038444766	10	24	5	2.4	9005964.553454516	18702.25949840829	0.2811562354009993	-1.8247851926808403	1474
half_step_2	0.6591486267666936	0.0006392749038444766	11	44	7	4	9005964.553454516	160207.99024636563	0.5187734803217836	-1.8312667842418597	1382
full_step	0.6585093518628491	0.0010492365531266554	9	12	4	1.3333333333333333	9005964.553454516	15753.803443897172	0.2811562354009993	-1.8247851926808403	1474
half_step_1	0.6585093518628491	0.0005246182765633277	10	23	6	2.3	9005964.553454516	20889.329645822894	0.2811562354009993	-1.8247851926808403	1474
half_step_2	0.6590339701394125	0.0005246182765633277	10	58	11	5.8	9005964.553454516	438185.3762457956	0.48038938370791584	-1.8272878823585827	1372
full_step	0.6595585884159757	0.0010492365531266554	7	23	9	3.2857142857142856	9005964.553454516	118200.13975086741	0.39595972059828455	-1.8404685582652975	1345
half_step_1	0.6595585884159757	0.0005246182765633277	7	21	8	3	9005964.553454516	284479.15903960954	0.39595972059828455	-1.8404685582652975	1345
half_step_2	0.6600832066925391	0.0005246182765633277	11	32	8	2.909090909090909	9005964.553454516	50417.2076481891	0.2213505863020373	-1.8354143221351116	1379
full_step	0.6606078249691023	0.002061173023165409	9	17	6	1.8888888888888888	9005964.553454516	10202.225981702726	0.07435799685026723	-1.8411064721693675	1354
half_step_1	0.6606078249691023	0.0010305865115827046	9	24	8	2.6666666666666665	9005964.553454516	27683.584333501873	0.07435799685026723	-1.8411064721693675	1354
half_step_2	0.661638411480685	0.0010305865115827046	10	41	7	4.1	9005964.553454516	82940.05088006172	0.663372860359857	-1.8443735775791252	1384
full_step	0.6626689979922677	0.002061173023165409	9	32	7	3.5555555555555554	9005964.553454516	50159.54049469959	0.691721340080619	-1.8411755694367804	1383
half_step_1	0.6626689979922677	0.0010305865115827046	10	52	9	5.2	9005964.553454516	99673.56641562923	0.691721340080619	-1.8411755694367804	1383
half_step_2	0.6636995845038505	0.0010305865115827046	12	58	10	4.833333333333333	9005964.553454516	302867.0720754062	0.45303236998802277	-1.8301395679692218	1408
full_step	0.6647301710154332	0.002061173023165409	11	48	9	4.363636363636363	9005964.553454516	144827.53209867302	0.4082306473941344	-1.846476865836926	1414
half_step_1	0.6647301710154332	0.0010305865115827046	8	34	12	4.25	9005964.553454516	276182.8473509028	0.4082306473941344	-1.846476865836926	1414
half_step_2	0.6657607575270159	0.0010305865115827046	12	56	9	4.666666666666667	9005964.553454516	225664.27009086983	0.3202650930450659	-1.8542291817876493	1425
full_step	0.6667913440385986	0.006032143798233732	6	4	4	0.6666666666666666	9005964.553454516	51848.143406745934	0.22418113418257235	-1.849344084772636	1334
half_step_1	0.6667913440385986	0.003016071899116866	11	42	9	3.8181818181818183	9005964.553454516	55445.80001449034	0.22418113418257235	-1.849344084772636	1334
half_step_2	0.6698074159377155	0.003016071899116866	13	73	11	5.615384615384615	9005964.553454516	168441.51898586194	0.7539732113170317	-1.8466317750865773	1390
full_step	0.6728234878368323	0.006032143798233732	16	59	9	3.6875	9005964.553454516	107373.02839653034	1.0811086651616506	-1.8446534181335017	1566
full_step	0.6728234878368323	0.003016071899116866	20	103	13	5.15	9005964.553454516	302011.26568051626	1.0811086651616506	-1.8446534181335017	1566
half_step_1	0.6728234878368323	0.001508035949558433	17	76	13	4.470588235294118	9005964.553454516	529163.4100553609	1.0811086651616506	-1.8446534181335017	1566
half_step_2	0.6743315237863907	0.001508035949558433	14	66	11	4.714285714285714	9005964.553454516	548675.859845019	0.8747074528423013	-1.83421967036171	1514
full_step	0.6758395597359492	0.004743511711961391	14	52	9	3.7142857142857144	9005964.553454516	99167.701496	0.7281331041845078	-1.829590067730844	1598
full_step	0.6758395597359492	0.0023717558559806953	18	77	8	4.277777777777778	9005964.553454516	288257.5108001919	0.7281331041845078	-1.829590067730844	1598
half_step_1	0.6758395597359492	0.0011858779279903477	12	61	13	5.083333333333333	9005964.553454516	560671.5857122359	0.7281331041845078	-1.829590067730844	1598
half_step_2	0.6770254376639395	0.0011858779279903477	13	66	11	5.076923076923077	9005964.553454516	374418.48722498096	0.5386332535247789	-1.8373193379418518	1568
full_step	0.6782113155919299	0.0023717558559806953	14	62	11	4.428571428571429	9005964.553454516	496422.58262879	0.7055808348933397	-1.8324292956256196	1526
full_step	0.6782113155919299	0.0011858779279903477	14	52	10	3.7142857142857144	9005964.553454516	240636.0984481041	0.7055808348933397	-1.8324292956256196	1526
half_step_1	0.6782113155919299	0.0005929389639951738	11	45	9	4.090909090909091	9005964.553454516	446836.03285019944	0.7055808348933397	-1.8324292956256196	1526
half_step_2	0.6788042545559251	0.0005929389639951738	9	39	11	4.333333333333333	9005964.553454516	296306.8295641194	0.4715699986461459	-1.8401522432076218	1539
full_step	0.6793971935199202	0.001454267064685758	10	36	8	3.6	9005964.553454516	84833.07865412447	0.1696748065708107	-1.837419799322667	1549
full_step	0.6793971935199202	0.000727133532342879	10	36	6	3.6	9005964.553454516	71276.9279498003	0.1696748065708107	-1.837419799322667	1549
half_step_1	0.6793971935199202	0.0003635667661714395	10	42	9	4.2	9005964.553454516	166602.47293910326	0.1696748065708107	-1.837419799322667	1549
half_step_2	0.6797607602860917	0.0003635667661714395	6	23	8	3.8333333333333335	9005964.553454516	64572.643201503975	0.0482527144456526	-1.850668098188445	1596
full_step	0.6801243270522631	0.0027713871088602578	7	0	0	0	9005964.553454516	42105.232693108715	0.014113096147923443	-1.849797868309375	1609
half_step_1	0.6801243270522631	0.0013856935544301289	6	0	0	0	9005964.553454516	26648.83293791202	0.014113096147923443	-1.849797868309375	1609
half_step_2	0.6815100206066932	0.0013856935544301289	11	40	8	3.6363636363636362	9005964.553454516	477849.36664369865	0.597002111447523	-1.8356979058150613	1662
full_step	0.6828957141611234	0.0027713871088602578	10	41	11	4.1	9005964.553454516	33572.95822959578	0.7225008009622229	-1.8412628944072995	1674
half_step_1	0.6828957141611234	0.0013856935544301289	10	45	9	4.5	9005964.553454516	131496.51564522763	0.7225008009622229	-1.8412628944072995	1674
half_step_2	0.6842814077155535	0.0013856935544301289	13	61	10	4.6923076923076925	9005964.553454516	111544.57209984677	0.5802583286843515	-1.8336054992836182	1832
full_step	0.6828957141611234	0.0015991769613718872	11	42	9	3.8181818181818183	9005964.553454516	123402.46974487044	0.7225008009622229	-1.8412628944072995	1674
half_step_1	0.6828957141611234	0.0007995884806859436	11	52	12	4.7272727272727275	9005964.553454516	239165.70519864725	0.7225008009622229	-1.8412628944072995	1674
half_step_2	0.6836953026418093	0.0007995884806859436	14	76	12	5.428571428571429	9005964.553454516	549548.8549630126	0.5084585319999633	-1.836141980027489	1776
full_step	0.6828957141611234	0.0011773178773674142	10	40	8	4	9005964.553454516	155442.38153023217	0.7225008009622229	-1.8412628944072995	1674
half_step_1	0.6828957141611234	0.0005886589386837071	13	67	11	5.153846153846154	9005964.553454516	310814.60243937845	0.7225008009622229	-1.8412628944072995	1674
half_step_2	0.6834843730998071	0.0005886589386837071	19	81	11	4.2631578947368425	9005964.553454516	386325.3800604287	0.4985646618224564	-1.8448837520992003	1805
full_step	0.6840730320384908	0.0011773178773674142	10	26	7	2.6	9005964.553454516	40695.416973121006	0.28283816856730937	-1.8493772760983962	1723
half_step_1	0.6840730320384908	0.0005886589386837071	8	27	9	3.375	9005964.553454516	50494.058624996156	0.28283816856730937	-1.8493772760983962	1723
half_step_2	0.6846616909771746	0.0005886589386837071	7	23	7	3.2857142857142856	9005964.553454516	25684.934965512963	0.146702677448161	-1.8450324939290856	1813
full_step	0.6852503499158582	0.002855925714227222	6	0	0	0	9005964.553454516	21903.881750713877	0.09375341337874943	-1.8414579088979168	1752
half_step_1	0.6852503499158582	0.001427962857113611	7	14	8	2	9005964.553454516	19619.834645058214	0.09375341337874943	-1.8414579088979168	1752
half_step_2	0.6866783127729719	0.001427962857113611	11	49	10	4.454545454545454	9005964.553454516	244045.72316336463	0.38000783109174563	-1.8375437551633202	1656
full_step	0.6881062756300854	0.006133833208986479	12	40	6	3.3333333333333335	9005964.553454516	63288.95132419908	0.5804245123952683	-1.8367509817611534	1497
half_step_1	0.6881062756300854	0.0030669166044932396	10	39	9	3.9	9005964.553454516	185597.5300783969	0.5804245123952683	-1.8367509817611534	1497
half_step_2	0.6911731922345786	0.0030669166044932396	14	71	11	5.071428571428571	9005964.553454516	193311.60362546836	0.7155920784164778	-1.8193652792359791	1632
full_step	0.6881062756300854	0.004757815691799601	12	51	8	4.25	9005964.553454516	88453.20674526966	0.5804245123952683	-1.8367509817611534	1497
half_step_1	0.6881062756300854	0.0023789078458998007	9	29	6	3.2222222222222223	9005964.553454516	386840.15638747887	0.5804245123952683	-1.8367509817611534	1497
half_step_2	0.6904851834759852	0.0023789078458998007	14	70	10	5	9005964.553454516	212898.91699177984	0.5842604646640552	-1.822733965836823	1515
full_step	0.6881062756300854	0.004254393314404514	10	43	8	4.3	9005964.553454516	102466.24275989892	0.5804245123952683	-1.8367509817611534	1497
half_step_1	0.6881062756300854	0.002127196657202257	11	50	10	4.545454545454546	9005964.553454516	429744.76739802863	0.5804245123952683	-1.8367509817611534	1497
half_step_2	0.6902334722872877	0.002127196657202257	14	76	12	5.428571428571429	9005964.553454516	180284.90745183476	0.5423704667794027	-1.81568631643201	1445
full_step	0.6923606689444899	0.004254393314404514	13	59	10	4.538461538461538	9005964.553454516	59229.166580069796	0.6143346380027879	-1.820086762641694	1587
half_step_1	0.6923606689444899	0.002127196657202257	12	70	14	5.833333333333333	9005964.553454516	161902.68518098324	0.6143346380027879	-1.820086762641694	1587
half_step_2	0.6944878656016922	0.002127196657202257	11	57	9	5.181818181818182	9005964.553454516	205398.73009015762	0.5344254870068426	-1.7994147026990497	1526
full_step	0.6923606689444899	0.003717527113701288	11	48	10	4.363636363636363	9005964.553454516	72680.0829502678	0.6143346380027879	-1.820086762641694	1587
half_step_1	0.6923606689444899	0.001858763556850644	11	52	10	4.7272727272727275	9005964.553454516	146349.11718854736	0.6143346380027879	-1.820086762641694	1587
half_step_2	0.6942194325013405	0.001858763556850644	12	65	10	5.416666666666667	9005964.553454516	155289.71356155595	0.4777156195158341	-1.8127347853433315	1517
full_step	0.6960781960581912	0.003717527113701288	10	37	9	3.7	9005964.553454516	60452.27751091331	0.49694080647884675	-1.8088460878850283	1627
half_step_1	0.6960781960581912	0.001858763556850644	10	57	12	5.7	9005964.553454516	175600.38343927677	0.49694080647884675	-1.8088460878850283	1627
half_step_2	0.6979369596150419	0.001858763556850644	11	56	10	5.090909090909091	9005964.553454516	122117.82435271746	0.3857757250734153	-1.8011053853298165	1653
full_step	0.6960781960581912	0.0026412441344776452	11	53	10	4.818181818181818	9005964.553454516	187571.44160178382	0.49694080647884675	-1.8088460878850283	1627
half_step_1	0.6960781960581912	0.0013206220672388226	12	64	12	5.333333333333333	9005964.553454516	178700.06230058364	0.49694080647884675	-1.8088460878850283	1627
half_step_2	0.69739881812543	0.0013206220672388226	12	58	10	4.833333333333333	9005964.553454516	113419.40778036362	0.31058401791023016	-1.8034130079818145	1614
full_step	0.6960781960581912	0.0022071380772881906	13	57	9	4.384615384615385	9005964.553454516	206582.96401425483	0.49694080647884675	-1.8088460878850283	1627
half_step_1	0.6960781960581912	0.0011035690386440953	14	81	12	5.785714285714286	9005964.553454516	238473.9672420898	0.49694080647884675	-1.8088460878850283	1627
half_step_2	0.6971817650968353	0.0011035690386440953	12	59	9	4.916666666666667	9005964.553454516	141880.1951144308	0.2913665982915177	-1.8095875488712145	1631
full_step	0.6982853341354794	0.0022071380772881906	11	43	8	3.909090909090909	9005964.553454516	47460.89401048431	0.18775374691830393	-1.8040768063091321	1614
half_step_1	0.6982853341354794	0.0011035690386440953	9	39	10	4.333333333333333	9005964.553454516	69769.3890161727	0.18775374691830393	-1.8040768063091321	1614
half_step_2	0.6993889031741235	0.0011035690386440953	10	47	11	4.7	9005964.553454516	69642.33081594971	0.12738266555072641	-1.8116001062079181	1670
full_step	0.7004924722127677	0.005218443599205047	10	18	5	1.8	9005964.553454516	41228.72649929638	0.3488487729134704	-1.8095817873459958	1705
half_step_1	0.7004924722127677	0.0026092217996025236	10	34	10	3.4	9005964.553454516	85324.15346047003	0.3488487729134704	-1.8095817873459958	1705
half_step_2	0.7031016940123702	0.0026092217996025236	11	52	9	4.7272727272727275	9005964.553454516	235878.9310024183	0.8488268862364521	-1.7991759354397714	1744
full_step	0.7057109158119728	0.005218443599205047	12	38	8	3.1666666666666665	9005964.553454516	104438.0920134995	0.9546710156183735	-1.821544373016566	1770
half_step_1	0.7057109158119728	0.0026092217996025236	13	75	11	5.769230769230769	9005964.553454516	246978.9107536405	0.9546710156183735	-1.821544373016566	1770
half_step_2	0.7083201376115753	0.0026092217996025236	11	54	13	4.909090909090909	9005964.553454516	198135.2698135031	0.965936466681228	-1.8090504683008533	1860
full_step	0.7109293594111779	0.005218443599205047	13	52	10	4	9005964.553454516	113091.05657351887	0.859652130989673	-1.804148504288016	1785
half_step_1	0.7109293594111779	0.0026092217996025236	11	57	11	5.181818181818182	9005964.553454516	236264.55311198832	0.859652130989673	-1.804148504288016	1785
half_step_2	0.7135385812107804	0.0026092217996025236	13	69	10	5.3076923076923075	9005964.553454516	229085.69495180054	1.0786358834244538	-1.7798860295787926	1693
full_step	0.7161478030103829	0.005218443599205047	12	65	15	5.416666666666667	9005964.553454516	126237.14194009238	0.8596161294502735	-1.8161136631346781	1737
full_step	0.7161478030103829	0.0026092217996025236	12	58	11	4.833333333333333	9005964.553454516	182917.3446386793	0.8596161294502735	-1.8161136631346781	1737
full_step	0.7161478030103829	0.0013046108998012618	15	58	9	3.8666666666666667	9005964.553454516	398658.63404511503	0.8596161294502735	-1.8161136631346781	1737
half_step_1	0.7161478030103829	0.0006523054499006309	14	91	13	6.5	9005964.553454516	520662.00973722595	0.8596161294502735	-1.8161136631346781	1737
half_step_2	0.7168001084602835	0.0006523054499006309	13	57	9	4.384615384615385	9005964.553454516	304365.9835762351	0.5369996669903685	-1.8245371265077992	1633
full_step	0.7174524139101842	0.004287379157829472	10	36	7	3.6	9005964.553454516	38501.97320015662	0.21000603508269933	-1.8277459811473775	1586
full_step	0.7174524139101842	0.002143689578914736	10	34	6	3.4	9005964.553454516	73092.84052443483	0.21000603508269933	-1.8277459811473775	1586
full_step	0.7174524139101842	0.001071844789457368	11	36	9	3.272727272727273	9005964.553454516	93077.68413291349	0.21000603508269933	-1.8277459811473775	1586
full_step	0.7174524139101842	0.000535922394728684	11	34	8	3.090909090909091	9005964.553454516	163325.95653357846	0.21000603508269933	-1.8277459811473775	1586
half_step_1	0.7174524139101842	0.000267961197364342	9	35	9	3.888888888888889	9005964.553454516	327944.033276241	0.21000603508269933	-1.8277459811473775	1586
half_step_2	0.7177203751075486	0.000267961197364342	11	37	7	3.3636363636363638	9005964.553454516	190669.26183589612	0.12321983960237048	-1.8358779094264308	1598
full_step	0.7179883363049129	0.0018794056244035003	6	0	0	0	9005964.553454516	23475.93399572802	0.23426569722732893	-1.8341107367437601	1613
half_step_1	0.7179883363049129	0.0009397028122017501	4	0	0	0	9005964.553454516	15571.678011933916	0.23426569722732893	-1.8341107367437601	1613
half_step_2	0.7189280391171147	0.0009397028122017501	4	5	3	1.25	9005964.553454516	9154.373502386443	1.0949309838908903	-1.830975574092579	1527
full_step	0.7179883363049129	0.0009713080930012095	6	3	3	0.5	9005964.553454516	17931.446398227283	0.23426569722732893	-1.8341107367437601	1613
half_step_1	0.7179883363049129	0.00048565404650060477	6	8	4	1.3333333333333333	9005964.553454516	37245.17056650497	0.23426569722732893	-1.8341107367437601	1613
half_step_2	0.7184739903514135	0.00048565404650060477	8	21	9	2.625	9005964.553454516	310354.11756784597	1.0201888924511877	-1.8186260177575224	1593
full_step	0.7179883363049129	0.0003984291041485379	7	11	3	1.5714285714285714	9005964.553454516	56057.471028349275	0.23426569722732893	-1.8341107367437601	1613
half_step_1	0.7179883363049129	0.00019921455207426894	5	0	0	0	9005964.553454516	41944.61609869594	0.23426569722732893	-1.8341107367437601	1613
half_step_2	0.7181875508569872	0.00019921455207426894	6	3	3	0.5	9005964.553454516	72664.21658118008	0.4080553979297292	-1.843219817322047	1581
full_step	0.7179883363049129	0.00026653727174414814	7	16	8	2.2857142857142856	9005964.553454516	86426.144031175	0.23426569722732893	-1.8341107367437601	1613
half_step_1	0.7179883363049129	0.00013326863587207407	5	4	4	0.8	9005964.553454516	27488.353165345627	0.23426569722732893	-1.8341107367437601	1613
half_step_2	0.7181216049407849	0.00013326863587207407	5	8	4	1.6	9005964.553454516	20217.320885085683	0.2845989174307988	-1.834877246798443	1585
full_step	0.7179883363049129	0.0002090941067037043	6	10	7	1.6666666666666667	9005964.553454516	44487.32771799906	0.23426569722732893	-1.8341107367437601	1613
half_step_1	0.7179883363049129	0.00010454705335185215	5	3	3	0.6	9005964.553454516	21257.515945562027	0.23426569722732893	-1.8341107367437601	1613
half_step_2	0.7180928833582647	0.00010454705335185215	6	6	3	1	9005964.553454516	38560.34594389688	0.2806103980615262	-1.8335569625406636	1583
full_step	0.7181974304116165	0.0002090941067037043	12	38	7	3.1666666666666665	9005964.553454516	29281.11119237096	0.33137404219240807	-1.8296257483464928	1558
half_step_1	0.7181974304116165	0.00010454705335185215	4	2	2	0.5	9005964.553454516	14135.159900352992	0.33137404219240807	-1.8296257483464928	1558
half_step_2	0.7183019774649684	0.00010454705335185215	4	9	6	2.25	9005964.553454516	27674.071591522497	0.3387996889199485	-1.8412908561522696	1552
full_step	0.7184065245183202	0.0003534657296743701	3	6	3	2	9005964.553454516	5399.432524575683	0.3246030697429205	-1.8454420758361754	1556
half_step_1	0.7184065245183202	0.00017673286483718505	6	23	7	3.8333333333333335	9005964.553454516	92026.68267721258	0.3246030697429205	-1.8454420758361754	1556
half_step_2	0.7185832573831574	0.00017673286483718505	7	32	12	4.571428571428571	9005964.553454516	389046.50785585906	0.25846841843269885	-1.8417717126560427	1567
full_step	0.7187599902479945	0.0006374206628570109	3	2	2	0.6666666666666666	9005964.553454516	56202.866975511395	0.18014413575866683	-1.8470324552596935	1562
half_step_1	0.7187599902479945	0.00031871033142850545	3	1	1	0.3333333333333333	9005964.553454516	135680.38022329667	0.18014413575866683	-1.8470324552596935	1562
half_step_2	0.719078700579423	0.00031871033142850545	4	13	9	3.25	9005964.553454516	57380.74918233808	0.05715983855304785	-1.845291496986342	1518
full_step	0.7193974109108515	0.0028052660074429432	4	5	3	1.25	9005964.553454516	8594.698612358037	0.0015839966908970382	-1.845853314177206	1551
half_step_1	0.7193974109108515	0.0014026330037214716	4	6	3	1.5	9005964.553454516	4325.687434706927	0.0015839966908970382	-1.845853314177206	1551
half_step_2	0.720800043914573	0.0014026330037214716	7	24	8	3.4285714285714284	9005964.553454516	39428.17567710205	0.11152322456484853	-1.872858682245651	1556
full_step	0.7222026769182944	0.010680853696278192	7	14	6	2	9005964.553454516	66307.7368069383	0.18108358001887837	-1.8717784114267073	1580
full_step	0.7222026769182944	0.005340426848139096	7	8	5	1.1428571428571428	9005964.553454516	25006.39282821383	0.18108358001887837	-1.8717784114267073	1580
full_step	0.7222026769182944	0.002670213424069548	9	26	7	2.888888888888889	9005964.553454516	72173.67422780869	0.18108358001887837	-1.8717784114267073	1580
half_step_1	0.7222026769182944	0.001335106712034774	9	35	11	3.888888888888889	9005964.553454516	142224.98258164135	0.18108358001887837	-1.8717784114267073	1580
half_step_2	0.7235377836303292	0.001335106712034774	11	38	10	3.4545454545454546	9005964.553454516	127397.41660658976	0.19370005124312684	-1.8639577918124286	1568
full_step	0.724872890342364	0.009043916827624236	9	14	4	1.5555555555555556	9005964.553454516	58707.93952254273	0.2227843217376062	-1.8603181337269403	1535
full_step	0.724872890342364	0.004521958413812118	9	23	5	2.5555555555555554	9005964.553454516	28062.54687663489	0.2227843217376062	-1.8603181337269403	1535
full_step	0.724872890342364	0.002260979206906059	13	60	12	4.615384615384615	9005964.553454516	74669.35611486784	0.2227843217376062	-1.8603181337269403	1535
full_step	0.724872890342364	0.0011304896034530294	11	60	10	5.454545454545454	9005964.553454516	117171.63391730629	0.2227843217376062	-1.8603181337269403	1535
half_step_1	0.724872890342364	0.0005652448017265147	10	54	12	5.4	9005964.553454516	232638.16630215858	0.2227843217376062	-1.8603181337269403	1535
half_step_2	0.7254381351440905	0.0005652448017265147	9	39	8	4.333333333333333	9005964.553454516	143060.73125343776	0.1690393791583915	-1.8357434303224371	1554
full_step	0.7260033799458171	0.005652448017265147	9	2	2	0.2222222222222222	9005964.553454516	51673.47203649108	1.1095476601369683	-1.8333954543931246	1554
full_step	0.7260033799458171	0.0028262240086325734	13	32	8	2.4615384615384617	9005964.553454516	341439.03821323795	1.1095476601369683	-1.8333954543931246	1554
full_step	0.7260033799458171	0.0014131120043162867	16	70	13	4.375	9005964.553454516	411518.9014615888	1.1095476601369683	-1.8333954543931246	1554
full_step	0.7260033799458171	0.0007065560021581433	18	78	12	4.333333333333333	9005964.553454516	425058.1138140734	1.1095476601369683	-1.8333954543931246	1554
full_step	0.7260033799458171	0.0003532780010790717	19	83	13	4.368421052631579	9005964.553454516	517538.69958270533	1.1095476601369683	-1.8333954543931246	1554
half_step_1	0.7260033799458171	0.00017663900053953584	12	58	10	4.833333333333333	9005964.553454516	496721.90779347357	1.1095476601369683	-1.8333954543931246	1554
half_step_2	0.7261800189463566	0.00017663900053953584	12	49	9	4.083333333333333	9005964.553454516	541537.4392957323	1.1549932884819896	-1.8398136512839678	1563
full_step	0.7263566579468962	0.0012781842461443277	7	19	7	2.7142857142857144	9005964.553454516	112897.57172548049	1.0137021778099893	-1.8428323561280158	1542
half_step_1	0.7263566579468962	0.0006390921230721639	4	6	3	1.5	9005964.553454516	230329.6347937746	1.0137021778099893	-1.8428323561280158	1542
half_step_2	0.7269957500699683	0.0006390921230721639	12	61	13	5.083333333333333	9005964.553454516	266560.55234056176	0.46986869297029443	-1.8413986742667101	1672
full_step	0.7276348421930405	0.006390921230721639	9	12	6	1.3333333333333333	9005964.553454516	49385.91521055089	0.13535613706659433	-1.8336435346590805	1640
full_step	0.7276348421930405	0.0031954606153608194	10	21	6	2.1	9005964.553454516	27062.792530093106	0.13535613706659433	-1.8336435346590805	1640
half_step_1	0.7276348421930405	0.0015977303076804097	8	25	7	3.125	9005964.553454516	62557.94694682573	0.13535613706659433	-1.8336435346590805	1640
half_step_2	0.7292325725007209	0.0015977303076804097	17	89	12	5.235294117647059	9005964.553454516	171488.48287258082	0.3412249825301501	-1.8255199577624515	1631
full_step	0.7308303028084013	0.004477528394276165	13	49	7	3.769230769230769	9005964.553454516	53024.61043125834	0.41789648856081385	-1.8268632670370817	1589
half_step_1	0.7308303028084013	0.0022387641971380826	11	51	8	4.636363636363637	9005964.553454516	150081.9814229481	0.41789648856081385	-1.8268632670370817	1589
half_step_2	0.7330690670055394	0.0022387641971380826	15	89	12	5.933333333333334	9005964.553454516	180372.96378561982	0.5042256772925384	-1.8180686442364413	1638
full_step	0.7353078312026775	0.00554287822007117	15	62	9	4.133333333333334	9005964.553454516	130394.85013927474	0.9838517914668614	-1.8287998313298006	1676
half_step_1	0.7353078312026775	0.002771439110035585	11	38	8	3.4545454545454546	9005964.553454516	281061.6100051214	0.9838517914668614	-1.8287998313298006	1676
half_step_2	0.7380792703127131	0.002771439110035585	12	56	9	4.666666666666667	9005964.553454516	287405.7600966364	1.3477094926585096	-1.8121919507049036	1567
full_step	0.7408507094227487	0.009055044933136365	14	58	8	4.142857142857143	9005964.553454516	97550.04056120635	1.1132297633692474	-1.7833182223075785	1552
full_step	0.7408507094227487	0.0045275224665681825	14	76	11	5.428571428571429	9005964.553454516	212219.28802457632	1.1132297633692474	-1.7833182223075785	1552
half_step_1	0.7408507094227487	0.0022637612332840912	10	60	12	6	9005964.553454516	221264.34872588166	1.1132297633692474	-1.7833182223075785	1552
half_step_2	0.7431144706560328	0.0022637612332840912	14	77	11	5.5	9005964.553454516	181242.6722677185	0.7747791027124435	-1.801867778336152	1641
full_step	0.7453782318893168	0.006096804922911328	12	44	9	3.6666666666666665	9005964.553454516	52024.07218603104	0.6122066134741999	-1.8088209233135382	1667
half_step_1	0.7453782318893168	0.003048402461455664	10	40	8	4	9005964.553454516	142640.80498507048	0.6122066134741999	-1.8088209233135382	1667
half_step_2	0.7484266343507725	0.003048402461455664	19	84	11	4.421052631578948	9005964.553454516	179978.64566746124	0.7271645715534873	-1.8107219525336429	1873
full_step	0.7514750368122282	0.006096804922911328	15	55	8	3.6666666666666665	9005964.553454516	77079.43922255757	0.8787850248489804	-1.813651768018471	1851
full_step	0.7514750368122282	0.003048402461455664	16	103	13	6.4375	9005964.553454516	211725.44559290606	0.8787850248489804	-1.813651768018471	1851
half_step_1	0.7514750368122282	0.001524201230727832	16	87	12	5.4375	9005964.553454516	407992.842724901	0.8787850248489804	-1.813651768018471	1851
half_step_2	0.752999238042956	0.001524201230727832	14	76	12	5.428571428571429	9005964.553454516	355151.2931145607	0.6575896588489627	-1.8266057190163407	1865
full_step	0.7514750368122282	0.0027273526322700125	14	71	9	5.071428571428571	9005964.553454516	204718.36052951834	0.8787850248489804	-1.813651768018471	1851
half_step_1	0.7514750368122282	0.0013636763161350063	16	91	13	5.6875	9005964.553454516	464512.38999253244	0.8787850248489804	-1.813651768018471	1851
half_step_2	0.7528387131283631	0.0013636763161350063	14	64	9	4.571428571428571	9005964.553454516	396680.00032565393	0.6359138007664455	-1.8265685094666335	1888
full_step	0.7542023894444981	0.0027273526322700125	10	44	9	4.4	9005964.553454516	93518.63435339126	0.40142783162906426	-1.8528145388237989	1677
half_step_1	0.7542023894444981	0.0013636763161350063	10	28	5	2.8	9005964.553454516	147445.60471107412	0.40142783162906426	-1.8528145388237989	1677
half_step_2	0.7555660657606331	0.0013636763161350063	8	35	9	4.375	9005964.553454516	48768.908102490655	0.14860877867499767	-1.8546198209382425	1568
full_step	0.7569297420767681	0.0053412585213412096	9	14	5	1.5555555555555556	9005964.553454516	42474.460220638626	0.2002591672008407	-1.860665814365707	1700
half_step_1	0.7569297420767681	0.0026706292606706048	9	31	6	3.4444444444444446	9005964.553454516	41308.78768558364	0.2002591672008407	-1.860665814365707	1700
half_step_2	0.7596003713374387	0.0026706292606706048	14	62	9	4.428571428571429	9005964.553454516	239006.6377100167	0.9402374953422168	-1.8364643931289926	1706
full_step	0.7622710005981094	0.006552800872227379	14	68	9	4.857142857142857	9005964.553454516	96898.3687827628	1.129717303042753	-1.813659280679163	1778
full_step	0.7622710005981094	0.0032764004361136895	15	68	9	4.533333333333333	9005964.553454516	266508.1092349614	1.129717303042753	-1.813659280679163	1778
half_step_1	0.7622710005981094	0.0016382002180568447	14	70	10	5	9005964.553454516	388732.60554149625	1.129717303042753	-1.813659280679163	1778
half_step_2	0.7639092008161662	0.0016382002180568447	16	80	10	5	9005964.553454516	198469.89734837948	0.7803961721722317	-1.830020660922661	1727
full_step	0.765547401034223	0.008831607952617867	10	27	6	2.7	9005964.553454516	37400.78540600922	0.41674558660088223	-1.8475878635281637	1729
full_step	0.765547401034223	0.004415803976308933	13	49	8	3.769230769230769	9005964.553454516	65043.69400311864	0.41674558660088223	-1.8475878635281637	1729
half_step_1	0.765547401034223	0.0022079019881544666	10	52	12	5.2	9005964.553454516	204608.2025062642	0.41674558660088223	-1.8475878635281637	1729
half_step_2	0.7677553030223775	0.0022079019881544666	11	46	9	4.181818181818182	9005964.553454516	146901.86783253978	0.3569011807047673	-1.8379247339787452	1709
full_step	0.769963205010532	0.011642988056486505	10	27	6	2.7	9005964.553454516	67588.73706783098	0.4074115677632335	-1.8496616013208804	1773
full_step	0.769963205010532	0.005821494028243252	12	46	7	3.8333333333333335	9005964.553454516	45771.121140743635	0.4074115677632335	-1.8496616013208804	1773
half_step_1	0.769963205010532	0.002910747014121626	12	50	9	4.166666666666667	9005964.553454516	126623.19420889004	0.4074115677632335	-1.8496616013208804	1773
half_step_2	0.7728739520246536	0.002910747014121626	16	82	11	5.125	9005964.553454516	247660.11800336203	0.6363694922919194	-1.8269377757141836	1817
full_step	0.769963205010532	0.0048633322902727006	12	45	11	3.75	9005964.553454516	53636.2503215483	0.4074115677632335	-1.8496616013208804	1773
half_step_1	0.769963205010532	0.0024316661451363503	9	43	10	4.777777777777778	9005964.553454516	199637.3354142472	0.4074115677632335	-1.8496616013208804	1773
half_step_2	0.7723948711556683	0.0024316661451363503	14	74	12	5.285714285714286	9005964.553454516	194196.31600582483	0.5153672903882693	-1.829532415111963	1792
full_step	0.7748265373008046	0.0048633322902727006	11	40	6	3.6363636363636362	9005964.553454516	99626.92308762409	0.8181409259411794	-1.8311054792363652	1748
half_step_1	0.7748265373008046	0.0024316661451363503	15	86	11	5.733333333333333	9005964.553454516	209268.0736074374	0.8181409259411794	-1.8311054792363652	1748
half_step_2	0.777258203445941	0.0024316661451363503	12	65	10	5.416666666666667	9005964.553454516	188916.01536557745	0.8564612449933975	-1.8406671429989374	1717
full_step	0.7796898695910773	0.008088775902827599	14	48	8	3.4285714285714284	9005964.553454516	44915.13299759928	0.6889694641402571	-1.8266954933785637	1736
full_step	0.7796898695910773	0.004044387951413799	12	54	10	4.5	9005964.553454516	100751.30195346384	0.6889694641402571	-1.8266954933785637	1736
half_step_1	0.7796898695910773	0.0020221939757068996	11	55	9	5	9005964.553454516	182750.71260458216	0.6889694641402571	-1.8266954933785637	1736
half_step_2	0.7817120635667842	0.0020221939757068996	11	58	11	5.2727272727272725	9005964.553454516	152028.04926780207	0.5985551708081402	-1.8457349061990702	1741
full_step	0.7837342575424912	0.005625568098311239	11	39	6	3.5454545454545454	9005964.553454516	48459.65217253628	0.5654499436502078	-1.85121810828328	1701
half_step_1	0.7837342575424912	0.0028127840491556197	13	58	11	4.461538461538462	9005964.553454516	216001.1426229989	0.5654499436502078	-1.85121810828328	1701
half_step_2	0.7865470415916468	0.0028127840491556197	12	54	10	4.5	9005964.553454516	215972.4202914962	0.9672647846358586	-1.8454571522539918	1667
full_step	0.7893598256408024	0.005625568098311239	14	59	10	4.214285714285714	9005964.553454516	93781.0692133989	1.0133926624960736	-1.8419044904271893	1655
full_step	0.7893598256408024	0.0028127840491556197	16	82	13	5.125	9005964.553454516	194777.58512486817	1.0133926624960736	-1.8419044904271893	1655
half_step_1	0.7893598256408024	0.0014063920245778099	17	89	13	5.235294117647059	9005964.553454516	373272.0646099648	1.0133926624960736	-1.8419044904271893	1655
half_step_2	0.7907662176653802	0.0014063920245778099	12	59	10	4.916666666666667	9005964.553454516	188805.28280644777	0.6545846646588416	-1.8482169948714706	1715
full_step	0.7921726096899581	0.010069743911031822	8	16	6	2	9005964.553454516	62166.238577251235	0.33235230249982806	-1.8567227809342512	1712
full_step	0.7921726096899581	0.005034871955515911	13	49	7	3.769230769230769	9005964.553454516	28183.9296225452	0.33235230249982806	-1.8567227809342512	1712
full_step	0.7921726096899581	0.0025174359777579555	10	43	9	4.3	9005964.553454516	106786.9335333665	0.33235230249982806	-1.8567227809342512	1712
full_step	0.7921726096899581	0.0012587179888789777	9	34	10	3.7777777777777777	9005964.553454516	151541.62681174616	0.33235230249982806	-1.8567227809342512	1712
half_step_1	0.7921726096899581	0.0006293589944394889	9	36	9	4	9005964.553454516	304057.53310999373	0.33235230249982806	-1.8567227809342512	1712
half_step_2	0.7928019686843976	0.0006293589944394889	11	50	9	4.545454545454546	9005964.553454516	148622.930481894	0.2246889685963538	-1.8681296338881257	1685
full_step	0.7934313276788371	0.006293589944394889	8	0	0	0	9005964.553454516	79847.72936648477	0.9666286505640755	-1.857921692468497	1688
full_step	0.7934313276788371	0.0031467949721974446	14	35	7	2.5	9005964.553454516	70363.66267834634	0.9666286505640755	-1.857921692468497	1688
full_step	0.7934313276788371	0.0015733974860987223	13	31	8	2.3846153846153846	9005964.553454516	111860.115854036	0.9666286505640755	-1.857921692468497	1688
half_step_1	0.7934313276788371	0.0007866987430493611	10	37	11	3.7	9005964.553454516	276454.67093593895	0.9666286505640755	-1.857921692468497	1688
half_step_2	0.7942180264218864	0.0007866987430493611	9	46	12	5.111111111111111	9005964.553454516	85608.18807875263	1.3927533895930537	-1.8590125855086268	1733
full_step	0.7950047251649358	0.0015733974860987223	8	22	8	2.75	9005964.553454516	71518.66349086842	1.3303367636899566	-1.8503380107475602	1653
half_step_1	0.7950047251649358	0.0007866987430493611	10	43	12	4.3	9005964.553454516	132219.05539974247	1.3303367636899566	-1.8503380107475602	1653
half_step_2	0.7957914239079852	0.0007866987430493611	11	48	8	4.363636363636363	9005964.553454516	256627.35443299997	1.163978084815085	-1.8558860206933285	1645
full_step	0.7950047251649358	0.0012223571111669746	11	33	10	3	9005964.553454516	94809.42607136033	1.3303367636899566	-1.8503380107475602	1653
half_step_1	0.7950047251649358	0.0006111785555834873	10	37	11	3.7	9005964.553454516	270126.82605631376	1.3303367636899566	-1.8503380107475602	1653
half_step_2	0.7956159037205193	0.0006111785555834873	12	56	10	4.666666666666667	9005964.553454516	457225.49394966534	1.1778155726942714	-1.856238902340738	1627
full_step	0.7950047251649358	0.000988030587982745	9	41	10	4.555555555555555	9005964.553454516	108054.40476903383	1.3303367636899566	-1.8503380107475602	1653
half_step_1	0.7950047251649358	0.0004940152939913725	9	47	13	5.222222222222222	9005964.553454516	426658.51659465313	1.3303367636899566	-1.8503380107475602	1653
half_step_2	0.7954987404589272	0.0004940152939913725	12	62	9	5.166666666666667	9005964.553454516	409354.42496167065	1.190215349817322	-1.854879124679622	1646
full_step	0.7950047251649358	0.000881283945552203	10	41	9	4.1	9005964.553454516	130877.8519938571	1.3303367636899566	-1.8503380107475602	1653
half_step_1	0.7950047251649358	0.0004406419727761015	10	46	10	4.6	9005964.553454516	493641.29989649536	1.3303367636899566	-1.8503380107475602	1653
half_step_2	0.795445367137712	0.0004406419727761015	15	74	11	4.933333333333334	9005964.553454516	456029.28060384525	1.1971418817745416	-1.8522204602471244	1669
full_step	0.795886009110488	0.000881283945552203	10	40	12	4	9005964.553454516	265554.61847997445	0.942600106975874	-1.8617607503830529	1655
half_step_1	0.795886009110488	0.0004406419727761015	8	38	10	4.75	9005964.553454516	460114.1461747379	0.942600106975874	-1.8617607503830529	1655
half_step_2	0.7963266510832642	0.0004406419727761015	9	33	11	3.6666666666666665	9005964.553454516	226631.8486911268	0.6323460943360715	-1.8681260162995978	1563
full_step	0.7967672930560402	0.0026433322224095695	8	24	7	3	9005964.553454516	14306.956186411515	0.2986925677993213	-1.8595486333611635	1564
half_step_1	0.7967672930560402	0.0013216661112047847	8	24	7	3	9005964.553454516	28917.071218268637	0.2986925677993213	-1.8595486333611635	1564
half_step_2	0.798088959167245	0.0013216661112047847	11	51	9	4.636363636363637	9005964.553454516	118679.24674845577	0.1664969465614945	-1.867413716588064	1541
full_step	0.7994106252784497	0.0032688625913591036	10	31	7	3.1	9005964.553454516	34434.987501768024	0.18937485840291401	-1.8699979668971214	1565
half_step_1	0.7994106252784497	0.0016344312956795518	10	36	7	3.6	9005964.553454516	133037.30676444568	0.18937485840291401	-1.8699979668971214	1565
half_step_2	0.8010450565741293	0.0016344312956795518	12	52	10	4.333333333333333	9005964.553454516	165343.67086994686	0.3331394896703159	-1.8663508074579145	1617
full_step	0.8026794878698088	0.008999758493013764	10	22	5	2.2	9005964.553454516	60099.78507024927	0.37928504011267705	-1.8524839221849128	1501
full_step	0.8026794878698088	0.004499879246506882	12	38	8	3.1666666666666665	9005964.553454516	45981.21311762482	0.37928504011267705	-1.8524839221849128	1501
half_step_1	0.8026794878698088	0.002249939623253441	13	47	9	3.6153846153846154	9005964.553454516	157509.43979300733	0.37928504011267705	-1.8524839221849128	1501
half_step_2	0.8049294274930623	0.002249939623253441	14	63	8	4.5	9005964.553454516	195393.2268147194	0.4605723319411368	-1.8527499430459375	1519
full_step	0.8071793671163157	0.005804686646260274	15	61	9	4.066666666666666	9005964.553454516	45093.738137335655	0.5936673884072547	-1.8533940222445708	1615
half_step_1	0.8071793671163157	0.002902343323130137	13	56	9	4.3076923076923075	9005964.553454516	167549.15832568385	0.5936673884072547	-1.8533940222445708	1615
half_step_2	0.8100817104394458	0.002902343323130137	14	82	11	5.857142857142857	9005964.553454516	230394.86620768928	0.7198826327847314	-1.8425854887159119	1749
full_step	0.812984053762576	0.005804686646260274	16	74	10	4.625	9005964.553454516	86952.98711707033	0.8378674278315543	-1.8375776146025242	1814
half_step_1	0.812984053762576	0.002902343323130137	12	66	11	5.5	9005964.553454516	234235.19343096617	0.8378674278315543	-1.8375776146025242	1814
half_step_2	0.8158863970857061	0.002902343323130137	14	74	9	5.285714285714286	9005964.553454516	221984.68502436005	1.1131267087838523	-1.844920287951117	1935
full_step	0.8187887404088363	0.005804686646260274	17	91	11	5.352941176470588	9005964.553454516	176039.85182187936	1.3852784133520686	-1.8262358050175729	1818
half_step_1	0.8187887404088363	0.002902343323130137	18	100	11	5.555555555555555	9005964.553454516	318432.8118213524	1.3852784133520686	-1.8262358050175729	1818
half_step_2	0.8216910837319664	0.002902343323130137	14	71	12	5.071428571428571	9005964.553454516	266408.6789179611	1.35974820680417	-1.8200276664166348	1773
full_step	0.8187887404088363	0.004413559822785574	19	124	13	6.526315789473684	9005964.553454516	289083.36722186866	1.3852784133520686	-1.8262358050175729	1818
half_step_1	0.8187887404088363	0.002206779911392787	19	131	12	6.894736842105263	9005964.553454516	352621.5534785948	1.3852784133520686	-1.8262358050175729	1818
half_step_2	0.8209955203202292	0.002206779911392787	15	69	11	4.6	9005964.553454516	277805.68382589455	1.1410216621171685	-1.829610466325663	1845
full_step	0.8187887404088363	0.0033590969433013574	20	117	13	5.85	9005964.553454516	419408.2909256181	1.3852784133520686	-1.8262358050175729	1818
half_step_1	0.8187887404088363	0.0016795484716506787	18	103	12	5.722222222222222	9005964.553454516	432514.93568820565	1.3852784133520686	-1.8262358050175729	1818
half_step_2	0.820468288880487	0.0016795484716506787	17	89	11	5.235294117647059	9005964.553454516	160115.8094722718	1.0002796291426534	-1.8267759749002985	1782
full_step	0.8187887404088363	0.0029162397933994674	19	120	13	6.315789473684211	9005964.553454516	319916.90486000717	1.3852784133520686	-1.8262358050175729	1818
half_step_1	0.8187887404088363	0.0014581198966997337	17	88	14	5.176470588235294	9005964.553454516	433623.1245063861	1.3852784133520686	-1.8262358050175729	1818
half_step_2	0.8202468603055361	0.0014581198966997337	17	90	11	5.294117647058823	9005964.553454516	313695.4220962126	0.9493111280353332	-1.8351801363185047	1803
full_step	0.8217049802022358	0.0029162397933994674	11	43	9	3.909090909090909	9005964.553454516	75171.00910983956	0.573978292362824	-1.8356260526834307	1758
half_step_1	0.8217049802022358	0.0014581198966997337	10	33	8	3.3	9005964.553454516	90645.99450414024	0.573978292362824	-1.8356260526834307	1758
half_step_2	0.8231631000989356	0.0014581198966997337	11	42	9	3.8181818181818183	9005964.553454516	75598.08816951966	0.14811527324314966	-1.8497202349058774	1759
full_step	0.8246212199956353	0.008187439655974365	10	20	4	2	9005964.553454516	33431.79134063543	0.14879111944406986	-1.8411343728305953	1776
half_step_1	0.8246212199956353	0.004093719827987182	10	28	6	2.8	9005964.553454516	24411.91774392047	0.14879111944406986	-1.8411343728305953	1776
half_step_2	0.8287149398236225	0.004093719827987182	16	61	9	3.8125	9005964.553454516	395142.07655701006	0.846555108841244	-1.8111341782086847	1963
full_step	0.8246212199956353	0.006955011483557983	9	24	6	2.6666666666666665	9005964.553454516	21379.336179849888	0.14879111944406986	-1.8411343728305953	1776
half_step_1	0.8246212199956353	0.0034775057417789916	9	25	6	2.7777777777777777	9005964.553454516	30950.242672725166	0.14879111944406986	-1.8411343728305953	1776
half_step_2	0.8280987257374143	0.0034775057417789916	12	69	13	5.75	9005964.553454516	152154.50412781184	0.6749773426891466	-1.8185120879808787	1920
full_step	0.8246212199956353	0.00608595412410012	9	26	5	2.888888888888889	9005964.553454516	21411.539442947505	0.14879111944406986	-1.8411343728305953	1776
half_step_1	0.8246212199956353	0.00304297706205006	8	30	7	3.75	9005964.553454516	36856.38357963527	0.14879111944406986	-1.8411343728305953	1776
half_step_2	0.8276641970576853	0.00304297706205006	14	72	10	5.142857142857143	9005964.553454516	113324.89848559158	0.5636217216937212	-1.826296037245757	1919
full_step	0.8307071741197354	0.00608595412410012	16	77	10	4.8125	9005964.553454516	78048.18270124108	0.8943487628465618	-1.8252978178276946	1937
full_step	0.8307071741197354	0.00304297706205006	16	85	11	5.3125	9005964.553454516	331258.62509296683	0.8943487628465618	-1.8252978178276946	1937
half_step_1	0.8307071741197354	0.00152148853102503	14	86	12	6.142857142857143	9005964.553454516	740817.5003747361	0.8943487628465618	-1.8252978178276946	1937
half_step_2	0.8322286626507605	0.00152148853102503	15	71	13	4.733333333333333	9005964.553454516	539771.1050256607	0.7975587965311206	-1.8268593935007937	1882
full_step	0.8337501511817854	0.004061140347742112	12	48	10	4	9005964.553454516	114123.74340691465	0.5121622530896275	-1.8405324177227436	1983
half_step_1	0.8337501511817854	0.002030570173871056	10	40	9	4	9005964.553454516	235161.3052739402	0.5121622530896275	-1.8405324177227436	1983
half_step_2	0.8357807213556565	0.002030570173871056	10	57	11	5.7	9005964.553454516	101698.50803910637	0.31280718141283614	-1.8409101528032834	1904
full_step	0.8378112915295275	0.010079010902885955	8	13	4	1.625	9005964.553454516	46740.20392624252	0.5304054183768017	-1.8373228761612197	1877
full_step	0.8378112915295275	0.005039505451442977	12	56	9	4.666666666666667	9005964.553454516	44067.91867195331	0.5304054183768017	-1.8373228761612197	1877
half_step_1	0.8378112915295275	0.0025197527257214886	11	43	8	3.909090909090909	9005964.553454516	119209.63166423232	0.5304054183768017	-1.8373228761612197	1877
half_step_2	0.840331044255249	0.0025197527257214886	13	62	9	4.769230769230769	9005964.553454516	177131.80373319754	0.8431857786894739	-1.8348381199338324	1976
full_step	0.8428507969809704	0.005039505451442977	15	61	8	4.066666666666666	9005964.553454516	111756.30286056334	0.721214452039078	-1.818882070487541	2068
half_step_1	0.8428507969809704	0.0025197527257214886	10	54	13	5.4	9005964.553454516	272810.24838708417	0.721214452039078	-1.818882070487541	2068
half_step_2	0.8453705497066919	0.0025197527257214886	10	43	10	4.3	9005964.553454516	231970.1867158059	1.0101654744169082	-1.8261955979525375	2034
full_step	0.8478903024324134	0.00857816433333455	14	51	8	3.642857142857143	9005964.553454516	41102.521515486	0.7723236999060532	-1.8187697166751395	1935
full_step	0.8478903024324134	0.004289082166667275	13	57	11	4.384615384615385	9005964.553454516	83157.57317574735	0.7723236999060532	-1.8187697166751395	1935
half_step_1	0.8478903024324134	0.0021445410833336375	11	59	11	5.363636363636363	9005964.553454516	199857.52358190576	0.7723236999060532	-1.8187697166751395	1935
half_step_2	0.850034843515747	0.0021445410833336375	14	81	11	5.785714285714286	9005964.553454516	190297.93703303233	0.7338919470867609	-1.8227440927498673	1938
full_step	0.8521793845990806	0.0061649142509090545	12	45	9	3.75	9005964.553454516	51225.57339315104	0.7960607900308787	-1.8275522027936515	1930
half_step_1	0.8521793845990806	0.0030824571254545272	9	47	8	5.222222222222222	9005964.553454516	325284.5140674695	0.7960607900308787	-1.8275522027936515	1930
half_step_2	0.8552618417245351	0.0030824571254545272	15	70	10	4.666666666666667	9005964.553454516	254966.35085140308	0.7613387363529114	-1.8289792275703247	1940
full_step	0.8583442988499896	0.008104803915930067	16	73	10	4.5625	9005964.553454516	66071.59718476776	0.9268479959275169	-1.830427076154732	2052
full_step	0.8583442988499896	0.0040524019579650334	13	52	9	4	9005964.553454516	176598.98925899505	0.9268479959275169	-1.830427076154732	2052
half_step_1	0.8583442988499896	0.0020262009789825167	16	84	12	5.25	9005964.553454516	278690.2794944871	0.9268479959275169	-1.830427076154732	2052
half_step_2	0.8603704998289722	0.0020262009789825167	14	73	13	5.214285714285714	9005964.553454516	237208.56982731083	0.8850455619743798	-1.8360810653007764	2063
full_step	0.8623967008079547	0.007054643817396173	15	60	8	4	9005964.553454516	44428.367686294485	0.6664224326061685	-1.8430802696793902	2023
full_step	0.8623967008079547	0.0035273219086980863	12	60	11	5	9005964.553454516	168133.68737373466	0.6664224326061685	-1.8430802696793902	2023
half_step_1	0.8623967008079547	0.0017636609543490432	11	44	11	4	9005964.553454516	185633.86318827307	0.6664224326061685	-1.8430802696793902	2023
half_step_2	0.8641603617623037	0.0017636609543490432	12	54	9	4.5	9005964.553454516	120162.13362466123	0.43779019666465047	-1.860306668048147	1827
full_step	0.8659240227166528	0.014286047073918378	7	7	7	1	9005964.553454516	88222.55393330271	0.2853838637308286	-1.8523799087203567	1905
full_step	0.8659240227166528	0.007143023536959189	12	33	7	2.75	9005964.553454516	53287.08860106079	0.2853838637308286	-1.8523799087203567	1905
half_step_1	0.8659240227166528	0.0035715117684795945	11	43	8	3.909090909090909	9005964.553454516	47011.59113356821	0.2853838637308286	-1.8523799087203567	1905
half_step_2	0.8694955344851324	0.0035715117684795945	15	77	10	5.133333333333334	9005964.553454516	248896.02435652362	0.666076897217863	-1.830863909296303	1931
full_step	0.873067046253612	0.009330317424849728	16	69	8	4.3125	9005964.553454516	65363.00778971954	1.0926821660420387	-1.8100493555383181	1975
full_step	0.873067046253612	0.004665158712424864	12	50	10	4.166666666666667	9005964.553454516	149198.8678399176	1.0926821660420387	-1.8100493555383181	1975
half_step_1	0.873067046253612	0.002332579356212432	14	80	12	5.714285714285714	9005964.553454516	406547.9399179674	1.0926821660420387	-1.8100493555383181	1975
half_step_2	0.8753996256098244	0.002332579356212432	16	90	11	5.625	9005964.553454516	233824.05804076375	1.0255587993990503	-1.8216264471524417	1968
full_step	0.8777322049660369	0.008026640699650612	13	44	7	3.3846153846153846	9005964.553454516	52559.53116948822	0.86066248330809	-1.8337826410622233	1934
full_step	0.8777322049660369	0.004013320349825306	15	64	10	4.266666666666667	9005964.553454516	108283.51836570486	0.86066248330809	-1.8337826410622233	1934
half_step_1	0.8777322049660369	0.002006660174912653	11	53	10	4.818181818181818	9005964.553454516	251528.7072702242	0.86066248330809	-1.8337826410622233	1934
half_step_2	0.8797388651409496	0.002006660174912653	12	60	10	5	9005964.553454516	154537.2221380711	0.6501517822128449	-1.8330831785126485	1885
full_step	0.8817455253158621	0.007766115723891614	11	46	10	4.181818181818182	9005964.553454516	35534.66665310543	0.5985549989030687	-1.8388519352365569	1751
full_step	0.8817455253158621	0.003883057861945807	13	54	9	4.153846153846154	9005964.553454516	86895.16710655903	0.5985549989030687	-1.8388519352365569	1751
half_step_1	0.8817455253158621	0.0019415289309729035	10	42	10	4.2	9005964.553454516	181180.46141850093	0.5985549989030687	-1.8388519352365569	1751
half_step_2	0.883687054246835	0.0019415289309729035	13	62	9	4.769230769230769	9005964.553454516	183472.0051229814	0.5983095259838933	-1.8409254336448995	1728
full_step	0.8856285831778079	0.007892434440626544	14	36	7	2.5714285714285716	9005964.553454516	44632.7268605008	0.6008962183844915	-1.8501125711013344	1792
half_step_1	0.8856285831778079	0.003946217220313272	9	44	9	4.888888888888889	9005964.553454516	78057.87979475933	0.6008962183844915	-1.8501125711013344	1792
half_step_2	0.8895748003981212	0.003946217220313272	15	81	11	5.4	9005964.553454516	155796.06630289706	0.9351605651050932	-1.8164721002086548	1867
full_step	0.8935210176184345	0.009949089809222498	15	68	11	4.533333333333333	9005964.553454516	86575.5420693191	1.4677804816496405	-1.8101283771990715	1891
full_step	0.8935210176184345	0.004974544904611249	15	80	11	5.333333333333333	9005964.553454516	290181.769555256	1.4677804816496405	-1.8101283771990715	1891
full_step	0.8935210176184345	0.0024872724523056244	16	81	10	5.0625	9005964.553454516	354664.3896390639	1.4677804816496405	-1.8101283771990715	1891
half_step_1	0.8935210176184345	0.0012436362261528122	18	118	13	6.555555555555555	9005964.553454516	456071.114439813	1.4677804816496405	-1.8101283771990715	1891
half_step_2	0.8947646538445874	0.0012436362261528122	15	69	9	4.6	9005964.553454516	339043.99127987033	1.0849791100490052	-1.8248310698904053	1813
full_step	0.8960082900707401	0.006582020655763507	12	43	8	3.5833333333333335	9005964.553454516	52196.37881808694	0.5555558452325613	-1.8456803232057917	1758
half_step_1	0.8960082900707401	0.0032910103278817535	11	38	7	3.4545454545454546	9005964.553454516	67751.39127146984	0.5555558452325613	-1.8456803232057917	1758
half_step_2	0.8992993003986218	0.0032910103278817535	10	46	10	4.6	9005964.553454516	63996.34278982772	0.32031202262299985	-1.8368293996759237	1804
full_step	0.9025903107265036	0.008775363505627349	11	30	6	2.727272727272727	9005964.553454516	60725.88816949743	1.0370596223437474	-1.8211775875450675	1905
full_step	0.9025903107265036	0.004387681752813674	13	54	9	4.153846153846154	9005964.553454516	145501.92534323176	1.0370596223437474	-1.8211775875450675	1905
full_step	0.9025903107265036	0.002193840876406837	13	77	14	5.923076923076923	9005964.553454516	324115.74136678735	1.0370596223437474	-1.8211775875450675	1905
half_step_1	0.9025903107265036	0.0010969204382034186	16	81	14	5.0625	9005964.553454516	434421.436161443	1.0370596223437474	-1.8211775875450675	1905
half_step_2	0.9036872311647071	0.0010969204382034186	16	87	12	5.4375	9005964.553454516	349935.99774346926	0.8399395530719289	-1.8286699774677573	1831
full_step	0.9047841516029105	0.003243209695335641	13	61	9	4.6923076923076925	9005964.553454516	52483.69790235382	0.4598179450955513	-1.8454169704920302	1861
full_step	0.9047841516029105	0.0016216048476678205	10	37	8	3.7	9005964.553454516	103944.6056199331	0.4598179450955513	-1.8454169704920302	1861
half_step_1	0.9047841516029105	0.0008108024238339102	12	48	9	4	9005964.553454516	206590.7362142077	0.4598179450955513	-1.8454169704920302	1861
half_step_2	0.9055949540267444	0.0008108024238339102	11	42	8	3.8181818181818183	9005964.553454516	144222.81948226626	0.17804288987298378	-1.849477331792433	1791
full_step	0.9064057564505783	0.008108024238339102	12	25	9	2.0833333333333335	9005964.553454516	140095.10126534195	0.916242310186135	-1.8594457604559154	1858
full_step	0.9064057564505783	0.004054012119169551	15	37	9	2.466666666666667	9005964.553454516	389255.4380790158	0.916242310186135	-1.8594457604559154	1858
full_step	0.9064057564505783	0.0020270060595847755	16	47	9	2.9375	9005964.553454516	418902.7218793031	0.916242310186135	-1.8594457604559154	1858
full_step	0.9064057564505783	0.0010135030297923878	16	49	10	3.0625	9005964.553454516	429737.24341640907	0.916242310186135	-1.8594457604559154	1858
full_step	0.9064057564505783	0.0005067515148961939	16	57	10	3.5625	9005964.553454516	432656.66030634195	0.916242310186135	-1.8594457604559154	1858
half_step_1	0.9064057564505783	0.00025337575744809694	12	38	9	3.1666666666666665	9005964.553454516	433918.97357107635	0.916242310186135	-1.8594457604559154	1858
half_step_2	0.9066591322080264	0.00025337575744809694	10	35	8	3.5	9005964.553454516	438657.9256543927	1.2050452171550319	-1.857603465875414	1855
full_step	0.9069125079654745	0.0013055859053775112	7	26	10	3.7142857142857144	9005964.553454516	189439.81402271465	1.0627683488268644	-1.8627413158168598	1911
half_step_1	0.9069125079654745	0.0006527929526887556	6	12	5	2	9005964.553454516	377815.01901025	1.0627683488268644	-1.8627413158168598	1911
half_step_2	0.9075653009181632	0.0006527929526887556	8	28	6	3.5	9005964.553454516	118259.14000747728	0.5801761835373327	-1.862826893532752	1879
full_step	0.9082180938708521	0.006527929526887556	5	9	4	1.8	9005964.553454516	36176.41837744092	0.09847438741115866	-1.8618524235658545	1792
half_step_1	0.9082180938708521	0.003263964763443778	7	18	5	2.5714285714285716	9005964.553454516	7468.490676542824	0.09847438741115866	-1.8618524235658545	1792
half_step_2	0.9114820586342959	0.003263964763443778	17	97	13	5.705882352941177	9005964.553454516	298033.8773828067	0.7347603807197061	-1.8313061498229366	1983
full_step	0.9147460233977396	0.006527929526887556	14	64	10	4.571428571428571	9005964.553454516	109054.24609492482	1.0578482086439749	-1.8186494161835876	2098
full_step	0.9147460233977396	0.003263964763443778	15	75	13	5	9005964.553454516	324366.21696289623	1.0578482086439749	-1.8186494161835876	2098
half_step_1	0.9147460233977396	0.001631982381721889	17	95	12	5.588235294117647	9005964.553454516	410189.9484311173	1.0578482086439749	-1.8186494161835876	2098
half_step_2	0.9163780057794615	0.001631982381721889	17	100	14	5.882352941176471	9005964.553454516	333867.9448280365	0.8489466526057186	-1.8231178671009836	2002
full_step	0.9180099881611834	0.0041527925039318596	12	51	9	4.25	9005964.553454516	115345.67553275185	0.5458604780819201	-1.8327990449657365	1942
half_step_1	0.9180099881611834	0.0020763962519659298	9	45	11	5	9005964.553454516	210813.1775235252	0.5458604780819201	-1.8327990449657365	1942
half_step_2	0.9200863844131494	0.0020763962519659298	11	58	10	5.2727272727272725	9005964.553454516	132069.15063679044	0.4963699576153431	-1.8432324701621745	1898
full_step	0.9221627806651153	0.006116039898558816	12	39	6	3.25	9005964.553454516	35344.285586781196	0.4394028541532293	-1.8376565816701422	1858
half_step_1	0.9221627806651153	0.003058019949279408	10	43	7	4.3	9005964.553454516	83845.30510357422	0.4394028541532293	-1.8376565816701422	1858
half_step_2	0.9252208006143947	0.003058019949279408	15	92	11	6.133333333333334	9005964.553454516	241842.6768720796	1.1238293549855598	-1.8178075471681125	1839
full_step	0.9282788205636741	0.006116039898558816	15	62	10	4.133333333333334	9005964.553454516	99931.1477505216	0.9466450947347198	-1.8186043816733761	1821
full_step	0.9282788205636741	0.003058019949279408	14	79	11	5.642857142857143	9005964.553454516	256685.38765672583	0.9466450947347198	-1.8186043816733761	1821
half_step_1	0.9282788205636741	0.001529009974639704	16	57	10	3.5625	9005964.553454516	366711.8299428984	0.9466450947347198	-1.8186043816733761	1821
half_step_2	0.9298078305383137	0.001529009974639704	14	67	13	4.785714285714286	9005964.553454516	227205.60519618256	0.7266837250511458	-1.8385658317978533	1844
full_step	0.9313368405129535	0.004510899987604694	13	45	9	3.4615384615384617	9005964.553454516	63914.21522926064	0.5778560777655457	-1.8318681406759123	1731
half_step_1	0.9313368405129535	0.002255449993802347	15	59	8	3.933333333333333	9005964.553454516	90884.93838694398	0.5778560777655457	-1.8318681406759123	1731
half_step_2	0.9335922905067559	0.002255449993802347	13	58	9	4.461538461538462	9005964.553454516	228574.26824942522	0.7971571269228548	-1.8283082237641852	1683
full_step	0.9313368405129535	0.0023623883212627247	17	77	11	4.529411764705882	9005964.553454516	93039.96490083754	0.5778560777655457	-1.8318681406759123	1731
half_step_1	0.9313368405129535	0.0011811941606313624	14	75	11	5.357142857142857	9005964.553454516	573721.2706399154	0.5778560777655457	-1.8318681406759123	1731
half_step_2	0.9325180346735849	0.0011811941606313624	11	46	9	4.181818181818182	9005964.553454516	302406.2080652373	0.6054070707255619	-1.8385751530035541	1706
full_step	0.9336992288342162	0.007472810305565068	9	17	4	1.8888888888888888	9005964.553454516	21922.23257735275	0.38382260444001304	-1.8347450694950693	1728
half_step_1	0.9336992288342162	0.003736405152782534	7	19	7	2.7142857142857144	9005964.553454516	16578.698385370084	0.38382260444001304	-1.8347450694950693	1728
half_step_2	0.9374356339869987	0.003736405152782534	15	80	10	5.333333333333333	9005964.553454516	201515.68766429124	0.5990073424887328	-1.8249491533633575	1755
full_step	0.9411720391397812	0.009947530152646216	14	55	7	3.9285714285714284	9005964.553454516	66971.63327402748	1.1500280206672642	-1.8242842932347818	1854
full_step	0.9411720391397812	0.004973765076323108	15	74	9	4.933333333333334	9005964.553454516	143426.2526867363	1.1500280206672642	-1.8242842932347818	1854
full_step	0.9411720391397812	0.002486882538161554	14	87	13	6.214285714285714	9005964.553454516	460004.0468481725	1.1500280206672642	-1.8242842932347818	1854
half_step_1	0.9411720391397812	0.001243441269080777	14	54	14	3.857142857142857	9005964.553454516	440195.25733594666	1.1500280206672642	-1.8242842932347818	1854
half_step_2	0.942415480408862	0.001243441269080777	14	60	9	4.285714285714286	9005964.553454516	289073.32612507156	0.8629369357171299	-1.8218095949511157	1744
full_step	0.9436589216779427	0.008426747543997812	10	20	5	2	9005964.553454516	30681.957424380395	0.445737057014469	-1.8286010125642271	1763
full_step	0.9436589216779427	0.004213373771998906	12	48	8	4	9005964.553454516	48853.39384274587	0.445737057014469	-1.8286010125642271	1763
half_step_1	0.9436589216779427	0.002106686885999453	8	35	10	4.375	9005964.553454516	76320.86550316463	0.445737057014469	-1.8286010125642271	1763
half_step_2	0.9457656085639422	0.002106686885999453	8	33	8	4.125	9005964.553454516	98180.94898166104	0.3560430748308363	-1.8480096951998417	1840
full_step	0.9478722954499417	0.012521553470184651	11	17	5	1.5454545454545454	9005964.553454516	62115.77833093826	0.4166049189805676	-1.8345039863270343	1816
full_step	0.9478722954499417	0.006260776735092326	11	36	11	3.272727272727273	9005964.553454516	40330.74511620053	0.4166049189805676	-1.8345039863270343	1816
full_step	0.9478722954499417	0.003130388367546163	14	76	11	5.428571428571429	9005964.553454516	91154.44294091598	0.4166049189805676	-1.8345039863270343	1816
half_step_1	0.9478722954499417	0.0015651941837730814	9	39	12	4.333333333333333	9005964.553454516	206416.26258783645	0.4166049189805676	-1.8345039863270343	1816
half_step_2	0.9494374896337148	0.0015651941837730814	11	54	9	4.909090909090909	9005964.553454516	262488.01771079656	0.35267462048193465	-1.83549257911931	1853
full_step	0.9510026838174879	0.009870476567877493	9	16	5	1.7777777777777777	9005964.553454516	47128.19407904294	0.3379236813025841	-1.8383766158893031	1811
full_step	0.9510026838174879	0.004935238283938746	13	42	9	3.230769230769231	9005964.553454516	31928.894229510843	0.3379236813025841	-1.8383766158893031	1811
half_step_1	0.9510026838174879	0.002467619141969373	10	37	8	3.7	9005964.553454516	103729.04399946898	0.3379236813025841	-1.8383766158893031	1811
half_step_2	0.9534703029594572	0.002467619141969373	13	71	13	5.461538461538462	9005964.553454516	331719.8615337035	1.0625479914578477	-1.82340104157939	1903
full_step	0.9510026838174879	0.004152746359040736	13	56	9	4.3076923076923075	9005964.553454516	40815.54150774774	0.3379236813025841	-1.8383766158893031	1811
half_step_1	0.9510026838174879	0.002076373179520368	9	31	10	3.4444444444444446	9005964.553454516	145129.7991461325	0.3379236813025841	-1.8383766158893031	1811
half_step_2	0.9530790569970082	0.002076373179520368	15	88	12	5.866666666666666	9005964.553454516	346771.2377139022	0.874594265018743	-1.8302516379387326	1816
full_step	0.9510026838174879	0.0036900228383881417	14	54	8	3.857142857142857	9005964.553454516	46437.82919789458	0.3379236813025841	-1.8383766158893031	1811
half_step_1	0.9510026838174879	0.0018450114191940709	10	29	7	2.9	9005964.553454516	108240.01352017705	0.3379236813025841	-1.8383766158893031	1811
half_step_2	0.9528476952366819	0.0018450114191940709	14	68	11	4.857142857142857	9005964.553454516	191585.3900539321	0.7685123921447712	-1.830289958978036	1817
full_step	0.954692706655876	0.0036900228383881417	15	58	10	3.8666666666666667	9005964.553454516	128122.6021759605	0.843775609049203	-1.840080873289895	1888
half_step_1	0.954692706655876	0.0018450114191940709	9	40	10	4.444444444444445	9005964.553454516	256437.29236893283	0.843775609049203	-1.840080873289895	1888
half_step_2	0.95653771807507	0.0018450114191940709	12	68	11	5.666666666666667	9005964.553454516	180281.57820436906	0.6782027948059977	-1.8319528783277692	1849
full_step	0.9583827294942642	0.011290937833774705	10	27	7	2.7	9005964.553454516	82199.05158927555	0.4643048266051437	-1.8248632995375471	1856
full_step	0.9583827294942642	0.005645468916887352	14	55	7	3.9285714285714284	9005964.553454516	50757.45543482688	0.4643048266051437	-1.8248632995375471	1856
half_step_1	0.9583827294942642	0.002822734458443676	13	60	10	4.615384615384615	9005964.553454516	121618.13360647915	0.4643048266051437	-1.8248632995375471	1856
half_step_2	0.9612054639527079	0.002822734458443676	16	75	10	4.6875	9005964.553454516	181545.66666703203	0.57847259524641	-1.8095333854812519	1971
full_step	0.9640281984111515	0.007249682641335479	13	48	11	3.6923076923076925	9005964.553454516	95231.7281882796	1.1712069754787535	-1.8076502429130137	2026
full_step	0.9640281984111515	0.0036248413206677395	14	65	10	4.642857142857143	9005964.553454516	206341.25485693585	1.1712069754787535	-1.8076502429130137	2026
full_step	0.9640281984111515	0.0018124206603338697	17	74	13	4.352941176470588	9005964.553454516	418527.30719805916	1.1712069754787535	-1.8076502429130137	2026
half_step_1	0.9640281984111515	0.0009062103301669349	21	95	11	4.523809523809524	9005964.553454516	482203.200628217	1.1712069754787535	-1.8076502429130137	2026
half_step_2	0.9649344087413184	0.0009062103301669349	15	75	14	5	9005964.553454516	361587.19981153304	1.0037988964189708	-1.7978516688459143	1937
full_step	0.9640281984111515	0.0015633258012951808	20	101	11	5.05	9005964.553454516	430784.12536525284	1.1712069754787535	-1.8076502429130137	2026
half_step_1	0.9640281984111515	0.0007816629006475904	16	89	14	5.5625	9005964.553454516	440379.3175887887	1.1712069754787535	-1.8076502429130137	2026
half_step_2	0.9648098613117991	0.0007816629006475904	15	93	13	6.2	9005964.553454516	441858.3425194416	0.8871862384239648	-1.8070372429502521	1966
full_step	0.9655915242124467	0.0015633258012951808	11	33	9	3	9005964.553454516	69034.33311936427	0.6247795204093336	-1.8204964444850806	1892
half_step_1	0.9655915242124467	0.0007816629006475904	11	21	5	1.9090909090909092	9005964.553454516	137060.38686727136	0.6247795204093336	-1.8204964444850806	1892
half_step_2	0.9663731871130943	0.0007816629006475904	7	22	9	3.142857142857143	9005964.553454516	65421.32858587317	0.24176321247091437	-1.840339954925324	1826
full_step	0.9671548500137418	0.0022966717267710536	8	19	5	2.375	9005964.553454516	13706.31064207738	0.06310349133542559	-1.8429375673068518	1800
half_step_1	0.9671548500137418	0.0011483358633855268	5	13	8	2.6	9005964.553454516	28505.213038647038	0.06310349133542559	-1.8429375673068518	1800
half_step_2	0.9683031858771273	0.0011483358633855268	6	18	7	3	9005964.553454516	63567.5100446652	0.05113523767352035	-1.848511651300946	1828
full_step	0.9694515217405129	0.006788382858745045	8	8	5	1	9005964.553454516	50914.921078239386	0.11951182750755152	-1.850721076286175	1826
half_step_1	0.9694515217405129	0.0033941914293725223	7	26	9	3.7142857142857144	9005964.553454516	23179.715554564966	0.11951182750755152	-1.850721076286175	1826
half_step_2	0.9728457131698853	0.0033941914293725223	16	88	10	5.5	9005964.553454516	160966.3083938531	0.660408900757659	-1.8267065626963424	1943
full_step	0.9762399045992579	0.006788382858745045	13	60	11	4.615384615384615	9005964.553454516	115010.16158330439	1.0390695764141356	-1.8089825318348434	2068
full_step	0.9762399045992579	0.0033941914293725223	15	70	11	4.666666666666667	9005964.553454516	218233.31837541852	1.0390695764141356	-1.8089825318348434	2068
half_step_1	0.9762399045992579	0.0016970957146862612	13	69	12	5.3076923076923075	9005964.553454516	428766.08553090825	1.0390695764141356	-1.8089825318348434	2068
half_step_2	0.9779370003139441	0.0016970957146862612	17	93	13	5.470588235294118	9005964.553454516	267198.8068242685	0.9220904545269946	-1.8157866158384943	1946
full_step	0.9796340960286304	0.005112319314413323	11	48	9	4.363636363636363	9005964.553454516	64598.435246539666	0.6208491134084966	-1.8361896315903787	1943
half_step_1	0.9796340960286304	0.0025561596572066616	9	42	9	4.666666666666667	9005964.553454516	157655.49500972062	0.6208491134084966	-1.8361896315903787	1943
half_step_2	0.9821902556858371	0.0025561596572066616	12	56	10	4.666666666666667	9005964.553454516	156212.14463949625	0.6664537250690046	-1.8296252843099334	1911
full_step	0.9847464153430437	0.012190523823252109	11	25	5	2.272727272727273	9005964.553454516	73459.0809315371	0.6875759172888252	-1.8258490541637233	1969
full_step	0.9847464153430437	0.006095261911626054	13	42	7	3.230769230769231	9005964.553454516	50944.366801879725	0.6875759172888252	-1.8258490541637233	1969
half_step_1	0.9847464153430437	0.003047630955813027	11	53	9	4.818181818181818	9005964.553454516	201123.9359133456	0.6875759172888252	-1.8258490541637233	1969
half_step_2	0.9877940462988568	0.003047630955813027	16	93	11	5.8125	9005964.553454516	226525.4655062782	0.7643113047203087	-1.8168987696794385	2011
full_step	0.9908416772546698	0.00751360101429436	13	58	9	4.461538461538462	9005964.553454516	72528.39819079604	0.9169753556308251	-1.8234828288441804	1974
full_step	0.9908416772546698	0.00375680050714718	14	72	11	5.142857142857143	9005964.553454516	231540.66974851908	0.9169753556308251	-1.8234828288441804	1974
half_step_1	0.9908416772546698	0.00187840025357359	13	71	12	5.461538461538462	9005964.553454516	291470.2798833801	0.9169753556308251	-1.8234828288441804	1974
half_step_2	0.9927200775082433	0.00187840025357359	13	76	12	5.846153846153846	9005964.553454516	217604.84595087523	0.7659309247838451	-1.82863668056338	2030
full_step	0.994598477761817	0.007894917659134248	14	38	6	2.7142857142857144	9005964.553454516	41382.97747002619	0.5642458671328541	-1.8410125979315657	1989
full_step	0.994598477761817	0.003947458829567124	13	46	8	3.5384615384615383	9005964.553454516	69922.28268665406	0.5642458671328541	-1.8410125979315657	1989
half_step_1	0.994598477761817	0.001973729414783562	8	41	10	5.125	9005964.553454516	142867.70572500365	0.5642458671328541	-1.8410125979315657	1989
half_step_2	0.9965722071766006	0.001973729414783562	11	49	10	4.454545454545454	9005964.553454516	123450.86119652388	0.4379957386245792	-1.8444246562018998	1932
full_step	0.9985459365913841	0.007724720546290634	11	29	7	2.6363636363636362	9005964.553454516	38693.8292321664	0.5371933391693346	-1.8424119271647856	1851
full_step	0.9985459365913841	0.003862360273145317	14	62	11	4.428571428571429	9005964.553454516	76474.76704046436	0.5371933391693346	-1.8424119271647856	1851
half_step_1	0.9985459365913841	0.0019311801365726586	12	59	13	4.916666666666667	9005964.553454516	197258.97307949295	0.5371933391693346	-1.8424119271647856	1851
half_step_2	1.0004771167279567	0.0019311801365726586	12	49	10	4.083333333333333	9005964.553454516	228087.69858993503	0.7470619564550702	-1.8391783996385458	1770
full_step	1.0024082968645294	0.009199795977528437	14	26	5	1.8571428571428572	9005964.553454516	65556.53185855753	0.9121363249226988	-1.8384931001377423	1682
full_step	1.0024082968645294	0.004599897988764218	15	57	9	3.8	9005964.553454516	122050.79381724344	0.9121363249226988	-1.8384931001377423	1682
half_step_1	1.0024082968645294	0.002299948994382109	13	63	13	4.846153846153846	9005964.553454516	203979.86629423779	0.9121363249226988	-1.8384931001377423	1682
half_step_2	1.0047082458589114	0.002299948994382109	15	78	11	5.2	9005964.553454516	182216.20579900773	0.5889620506636675	-1.8327773686827171	1722
full_step	1.0070081948532936	0.00690908901038147	17	74	10	4.352941176470588	9005964.553454516	62316.01449151496	0.9144985303079238	-1.8353373397598292	1665
full_step	1.0070081948532936	0.003454544505190735	11	48	8	4.363636363636363	9005964.553454516	212145.25166827952	0.9144985303079238	-1.8353373397598292	1665
half_step_1	1.0070081948532936	0.0017272722525953675	11	60	11	5.454545454545454	9005964.553454516	373054.114999421	0.9144985303079238	-1.8353373397598292	1665
half_step_2	1.008735467105889	0.0017272722525953675	14	62	12	4.428571428571429	9005964.553454516	259578.29521838424	0.8719914729496168	-1.830888700143581	1551
full_step	1.0104627393584844	0.011032972501830557	7	14	7	2	9005964.553454516	52941.24996905371	0.5608474873694149	-1.838992114280417	1601
full_step	1.0104627393584844	0.005516486250915278	13	52	9	4	9005964.553454516	41683.15420149093	0.5608474873694149	-1.838992114280417	1601
half_step_1	1.0104627393584844	0.002758243125457639	8	37	8	4.625	9005964.553454516	93317.5137903422	0.5608474873694149	-1.838992114280417	1601
half_step_2	1.013220982483942	0.002758243125457639	11	45	8	4.090909090909091	9005964.553454516	160773.7274825749	0.4846266526072327	-1.825131577622479	1693
full_step	1.0159792256093998	0.009569095246800292	13	34	8	2.6153846153846154	9005964.553454516	54495.08807033216	0.6675716897782422	-1.8136557056308393	1651
full_step	1.0159792256093998	0.004784547623400146	13	60	9	4.615384615384615	9005964.553454516	123273.83977461123	0.6675716897782422	-1.8136557056308393	1651
half_step_1	1.0159792256093998	0.002392273811700073	11	55	9	5	9005964.553454516	223312.75777093015	0.6675716897782422	-1.8136557056308393	1651
half_step_2	1.0183714994211	0.002392273811700073	12	73	11	6.083333333333333	9005964.553454516	230160.06455697044	0.7078025260743175	-1.8258253532277724	1723
full_step	1.0207637732327999	0.007928720211841345	14	45	7	3.2142857142857144	9005964.553454516	54956.102066102896	0.7440568488677286	-1.8308483303946042	1754
full_step	1.0207637732327999	0.0039643601059206725	12	60	9	5	9005964.553454516	164973.80393948642	0.7440568488677286	-1.8308483303946042	1754
half_step_1	1.0207637732327999	0.0019821800529603363	11	47	12	4.2727272727272725	9005964.553454516	222067.9557414396	0.7440568488677286	-1.8308483303946042	1754
half_step_2	1.0227459532857601	0.0019821800529603363	11	51	10	4.636363636363637	9005964.553454516	171485.79721922212	0.6553661281078007	-1.8318607431276452	1623
full_step	1.0247281333387206	0.013254367653735357	9	18	8	2	9005964.553454516	67885.99889075421	0.47885820486658304	-1.8421470103381614	1623
full_step	1.0247281333387206	0.0066271838268676785	12	32	6	2.6666666666666665	9005964.553454516	32093.234242740247	0.47885820486658304	-1.8421470103381614	1623
half_step_1	1.0247281333387206	0.0033135919134338393	10	45	9	4.5	9005964.553454516	84665.92241377843	0.47885820486658304	-1.8421470103381614	1623
half_step_2	1.0280417252521545	0.0033135919134338393	13	70	13	5.384615384615385	9005964.553454516	198046.47670320826	0.7062245717642668	-1.8302696827147482	1706
full_step	1.0313553171655883	0.0066271838268676785	15	74	11	4.933333333333334	9005964.553454516	106237.74238772735	1.0179023725629577	-1.8004878664301305	1675
full_step	1.0313553171655883	0.0033135919134338393	12	64	11	5.333333333333333	9005964.553454516	275073.18572377757	1.0179023725629577	-1.8004878664301305	1675
half_step_1	1.0313553171655883	0.0016567959567169196	15	100	12	6.666666666666667	9005964.553454516	359176.2546360347	1.0179023725629577	-1.8004878664301305	1675
half_step_2	1.0330121131223051	0.0016567959567169196	17	83	11	4.882352941176471	9005964.553454516	233078.93930207493	0.7836423902473371	-1.8229325653609714	1727
full_step	1.0346689090790222	0.009941326824800195	11	31	7	2.8181818181818183	9005964.553454516	41474.28563271654	0.4929112090216563	-1.8366156104423341	1732
full_step	1.0346689090790222	0.004970663412400098	12	43	8	3.5833333333333335	9005964.553454516	44076.17791566576	0.4929112090216563	-1.8366156104423341	1732
half_step_1	1.0346689090790222	0.002485331706200049	8	34	8	4.25	9005964.553454516	89657.22867952238	0.4929112090216563	-1.8366156104423341	1732
half_step_2	1.0371542407852223	0.002485331706200049	11	43	7	3.909090909090909	9005964.553454516	168793.900735394	0.7042566921727484	-1.8362936869023847	1832
full_step	1.0396395724914222	0.004970663412400098	12	59	10	4.916666666666667	9005964.553454516	121892.3142223076	1.038704476837495	-1.8327930389740585	1747
half_step_1	1.0396395724914222	0.002485331706200049	13	77	14	5.923076923076923	9005964.553454516	250274.3386859386	1.038704476837495	-1.8327930389740585	1747
half_step_2	1.0421249041976224	0.002485331706200049	16	79	10	4.9375	9005964.553454516	216722.09848179572	0.9000890420327323	-1.8028395010369953	1784
full_step	1.0446102359038223	0.008880407620152263	12	45	8	3.75	9005964.553454516	42544.523747366125	0.6462166358190302	-1.8226089727985038	1903
full_step	1.0446102359038223	0.004440203810076131	13	59	9	4.538461538461538	9005964.553454516	96394.04289207984	0.6462166358190302	-1.8226089727985038	1903
half_step_1	1.0446102359038223	0.0022201019050380657	12	59	10	4.916666666666667	9005964.553454516	161410.86417909208	0.6462166358190302	-1.8226089727985038	1903
half_step_2	1.0468303378088604	0.0022201019050380657	13	62	10	4.769230769230769	9005964.553454516	150941.34022568367	0.6150712041570046	-1.8093450213712812	1908
full_step	1.0490504397138984	0.007729096606094564	13	36	10	2.769230769230769	9005964.553454516	40666.521853297825	0.5583181820076675	-1.8173332272767944	1961
full_step	1.0490504397138984	0.003864548303047282	12	59	11	4.916666666666667	9005964.553454516	95525.37211392076	0.5583181820076675	-1.8173332272767944	1961
half_step_1	1.0490504397138984	0.001932274151523641	13	50	11	3.8461538461538463	9005964.553454516	154571.16172803484	0.5583181820076675	-1.8173332272767944	1961
half_step_2	1.0509827138654222	0.001932274151523641	10	45	10	4.5	9005964.553454516	128111.81696780688	0.4614866531591133	-1.8272252068850359	2075
full_step	1.0529149880169457	0.005538676385141932	13	36	9	2.769230769230769	9005964.553454516	51308.04739073792	0.4265030438533586	-1.8236498905547271	2129
half_step_1	1.0529149880169457	0.002769338192570966	12	51	8	4.25	9005964.553454516	133164.84821796682	0.4265030438533586	-1.8236498905547271	2129
half_step_2	1.0556843262095166	0.002769338192570966	14	69	11	4.928571428571429	9005964.553454516	241997.77402366404	0.8862711485508612	-1.828589333222384	1979
full_step	1.0584536644020877	0.007220797902817286	11	47	10	4.2727272727272725	9005964.553454516	73494.1197856704	0.9731448511519147	-1.8265921940435057	1850
full_step	1.0584536644020877	0.003610398951408643	12	54	9	4.5	9005964.553454516	284514.41710651846	0.9731448511519147	-1.8265921940435057	1850
half_step_1	1.0584536644020877	0.0018051994757043216	12	69	11	5.75	9005964.553454516	293461.036345828	0.9731448511519147	-1.8265921940435057	1850
half_step_2	1.060258863877792	0.0018051994757043216	14	59	9	4.214285714285714	9005964.553454516	168232.48523951788	0.6490667508372212	-1.8264038196158223	1819
full_step	1.0620640633534963	0.007209900827512724	13	43	9	3.3076923076923075	9005964.553454516	51708.14860401665	0.4265742833269428	-1.840342907643975	1866
full_step	1.0620640633534963	0.003604950413756362	13	61	9	4.6923076923076925	9005964.553454516	64788.263630675814	0.4265742833269428	-1.840342907643975	1866
half_step_1	1.0620640633534963	0.001802475206878181	11	60	12	5.454545454545454	9005964.553454516	126744.11813206927	0.4265742833269428	-1.840342907643975	1866
half_step_2	1.0638665385603745	0.001802475206878181	11	49	9	4.454545454545454	9005964.553454516	113444.8290069233	0.34359927642560706	-1.840319166895022	1835
full_step	1.0656690137672526	0.0113553100146421	9	23	5	2.5555555555555554	9005964.553454516	62984.68984181765	0.45666077772682456	-1.8276734381874926	1789
full_step	1.0656690137672526	0.00567765500732105	10	27	5	2.7	9005964.553454516	39180.2677169758	0.45666077772682456	-1.8276734381874926	1789
half_step_1	1.0656690137672526	0.002838827503660525	11	53	11	4.818181818181818	9005964.553454516	147353.37856650387	0.45666077772682456	-1.8276734381874926	1789
half_step_2	1.0685078412709133	0.002838827503660525	15	69	10	4.6	9005964.553454516	202649.9129921739	0.5460126518080983	-1.8315789083000313	1814
full_step	1.0713466687745736	0.010730345240781388	10	31	7	3.1	9005964.553454516	53881.914691493555	0.726685078755338	-1.8343463267014548	1940
full_step	1.0713466687745736	0.005365172620390694	13	61	8	4.6923076923076925	9005964.553454516	72584.08755405972	0.726685078755338	-1.8343463267014548	1940
half_step_1	1.0713466687745736	0.002682586310195347	14	79	12	5.642857142857143	9005964.553454516	247555.2651231603	0.726685078755338	-1.8343463267014548	1940
half_step_2	1.074029255084769	0.002682586310195347	12	59	12	4.916666666666667	9005964.553454516	248355.52889866062	0.8099132082757592	-1.8269809797599297	1905
full_step	1.0767118413949643	0.011055510502679564	12	44	7	3.6666666666666665	9005964.553454516	58450.55197419424	0.7901151971339004	-1.826334634929165	1919
full_step	1.0767118413949643	0.005527755251339782	15	69	13	4.6	9005964.553454516	77164.00115754294	0.7901151971339004	-1.826334634929165	1919
half_step_1	1.0767118413949643	0.002763877625669891	14	54	9	3.857142857142857	9005964.553454516	190180.1010555768	0.7901151971339004	-1.826334634929165	1919
half_step_2	1.0794757190206343	0.002763877625669891	13	75	10	5.769230769230769	9005964.553454516	245022.057124369	0.8741141066457203	-1.8195383977593513	1987
full_step	1.082239596646304	0.007217922752153352	15	66	9	4.4	9005964.553454516	104278.55634648968	1.2989659942603566	-1.8307017174038076	1897
half_step_1	1.082239596646304	0.003608961376076676	11	43	12	3.909090909090909	9005964.553454516	217544.78296931076	1.2989659942603566	-1.8307017174038076	1897
half_step_2	1.0858485580223807	0.003608961376076676	12	66	12	5.5	9005964.553454516	266368.59430934855	1.47594459464392	-1.8199453304466813	1777
full_step	1.0894575193984575	0.007217922752153352	13	53	10	4.076923076923077	9005964.553454516	104002.12045491146	1.2675109953540868	-1.8076285148773708	1760
full_step	1.0894575193984575	0.003608961376076676	16	89	12	5.5625	9005964.553454516	257065.7400943581	1.2675109953540868	-1.8076285148773708	1760
half_step_1	1.0894575193984575	0.001804480688038338	19	90	11	4.7368421052631575	9005964.553454516	382705.0389633306	1.2675109953540868	-1.8076285148773708	1760
half_step_2	1.0912620000864959	0.001804480688038338	12	62	10	5.166666666666667	9005964.553454516	292636.71361291443	1.0549267327232315	-1.8312772676806715	1626
full_step	1.093066480774534	0.010645596198049261	13	30	6	2.3076923076923075	9005964.553454516	43867.07052625547	0.6820046737834105	-1.8408947684326258	1616
full_step	1.093066480774534	0.005322798099024631	12	37	6	3.0833333333333335	9005964.553454516	52068.542991274924	0.6820046737834105	-1.8408947684326258	1616
half_step_1	1.093066480774534	0.0026613990495123153	10	45	9	4.5	9005964.553454516	109754.21909075895	0.6820046737834105	-1.8408947684326258	1616
half_step_2	1.0957278798240464	0.0026613990495123153	11	38	8	3.4545454545454546	9005964.553454516	165187.36376187642	0.4305951379809585	-1.8366325659885523	1597
full_step	1.0983892788735587	0.015270367072230522	10	37	6	3.7	9005964.553454516	84871.7817719013	0.7643057882773974	-1.831028978293422	1577
full_step	1.0983892788735587	0.007635183536115261	15	65	8	4.333333333333333	9005964.553454516	61624.12249046992	0.7643057882773974	-1.831028978293422	1577
full_step	1.0983892788735587	0.0038175917680576305	12	53	9	4.416666666666667	9005964.553454516	186057.75887446982	0.7643057882773974	-1.831028978293422	1577
half_step_1	1.0983892788735587	0.0019087958840288152	11	55	12	5	9005964.553454516	254379.4884872971	0.7643057882773974	-1.831028978293422	1577
half_step_2	1.1002980747575877	0.0019087958840288152	12	57	10	4.75	9005964.553454516	197593.61719764853	0.7328881448228799	-1.829989336590495	1608
full_step	1.1022068706416164	0.011481513652642114	10	25	6	2.5	9005964.553454516	50778.14428186819	0.5354410757556707	-1.8350817368160477	1583
full_step	1.1022068706416164	0.005740756826321057	14	56	9	4	9005964.553454516	60200.21923654766	0.5354410757556707	-1.8350817368160477	1583
half_step_1	1.1022068706416164	0.0028703784131605286	10	50	12	5	9005964.553454516	136682.75559142878	0.5354410757556707	-1.8350817368160477	1583
half_step_2	1.1050772490547769	0.0028703784131605286	10	47	9	4.7	9005964.553454516	288209.7558641362	1.23443591549659	-1.849186765693287	1658
full_step	1.1079476274679374	0.009206716519836443	14	46	9	3.2857142857142856	9005964.553454516	78500.19284478115	1.340868431470085	-1.8319425742701818	1721
full_step	1.1079476274679374	0.004603358259918222	14	57	7	4.071428571428571	9005964.553454516	158705.0187375943	1.340868431470085	-1.8319425742701818	1721
half_step_1	1.1079476274679374	0.002301679129959111	13	59	11	4.538461538461538	9005964.553454516	315043.9562836327	1.340868431470085	-1.8319425742701818	1721
half_step_2	1.1102493065978964	0.002301679129959111	12	62	12	5.166666666666667	9005964.553454516	186379.63240261562	0.9695795084181213	-1.8345300843421684	1802
full_step	1.1125509857278557	0.006640068243773662	12	40	8	3.3333333333333335	9005964.553454516	73912.88186184042	0.7427092076542863	-1.8258946382230352	1938
full_step	1.1125509857278557	0.003320034121886831	12	52	9	4.333333333333333	9005964.553454516	187124.83242004822	0.7427092076542863	-1.8258946382230352	1938
half_step_1	1.1125509857278557	0.0016600170609434154	14	81	12	5.785714285714286	9005964.553454516	307553.55167378683	0.7427092076542863	-1.8258946382230352	1938
half_step_2	1.114211002788799	0.0016600170609434154	13	61	10	4.6923076923076925	9005964.553454516	226874.62965827438	0.714520242437743	-1.825275562457817	1836
full_step	1.1158710198497426	0.005227391861004589	14	56	10	4	9005964.553454516	41545.71761085533	0.4787925897365426	-1.831868388718854	1769
half_step_1	1.1158710198497426	0.0026136959305022947	9	39	9	4.333333333333333	9005964.553454516	92847.50023027977	0.4787925897365426	-1.831868388718854	1769
half_step_2	1.1184847157802449	0.0026136959305022947	11	46	8	4.181818181818182	9005964.553454516	194513.05086662757	0.602733637596657	-1.8343642861284088	1783
full_step	1.1158710198497426	0.004650032050778368	12	51	10	4.25	9005964.553454516	47120.70171469431	0.4787925897365426	-1.831868388718854	1769
half_step_1	1.1158710198497426	0.002325016025389184	9	34	10	3.7777777777777777	9005964.553454516	94692.83057744819	0.4787925897365426	-1.831868388718854	1769
half_step_2	1.1181960358751317	0.002325016025389184	12	52	10	4.333333333333333	9005964.553454516	155031.2366691122	0.540242408598715	-1.8189143592775854	1726
full_step	1.1205210519005209	0.004650032050778368	11	46	8	4.181818181818182	9005964.553454516	86975.4632951806	0.6772057060895236	-1.8298277352565948	1778
half_step_1	1.1205210519005209	0.002325016025389184	13	72	11	5.538461538461538	9005964.553454516	193124.4464759252	0.6772057060895236	-1.8298277352565948	1778
half_step_2	1.12284606792591	0.002325016025389184	13	86	14	6.615384615384615	9005964.553454516	169104.41780491886	0.8220284323398346	-1.8396634927797588	1776
full_step	1.1251710839512992	0.010294569999720164	11	33	6	3	9005964.553454516	63012.22877816535	0.5438331839981174	-1.844340901941781	1749
full_step	1.1251710839512992	0.005147284999860082	12	55	8	4.583333333333333	9005964.553454516	65755.50548905262	0.5438331839981174	-1.844340901941781	1749
half_step_1	1.1251710839512992	0.002573642499930041	9	41	10	4.555555555555555	9005964.553454516	187560.76932699746	0.5438331839981174	-1.844340901941781	1749
half_step_2	1.1277447264512293	0.002573642499930041	14	60	10	4.285714285714286	9005964.553454516	195557.69394501526	0.6225354715729168	-1.837653637045682	1736
full_step	1.1303183689511593	0.014838551973726495	9	21	7	2.3333333333333335	9005964.553454516	97571.66766469253	0.7429459909235447	-1.837429327090063	1814
full_step	1.1303183689511593	0.007419275986863248	13	58	10	4.461538461538462	9005964.553454516	54917.08982789933	0.7429459909235447	-1.837429327090063	1814
full_step	1.1303183689511593	0.003709637993431624	13	61	9	4.6923076923076925	9005964.553454516	125947.19646391514	0.7429459909235447	-1.837429327090063	1814
half_step_1	1.1303183689511593	0.001854818996715812	10	54	11	5.4	9005964.553454516	226466.43622900033	0.7429459909235447	-1.837429327090063	1814
half_step_2	1.1321731879478751	0.001854818996715812	13	54	9	4.153846153846154	9005964.553454516	171013.52523119486	0.6252569811235844	-1.8350063082138608	1836
full_step	1.134028006944591	0.012787683070729236	9	21	6	2.3333333333333335	9005964.553454516	70574.69963128924	0.4575969999507947	-1.8399242359091583	1817
full_step	1.134028006944591	0.006393841535364618	11	36	9	3.272727272727273	9005964.553454516	40577.69153143077	0.4575969999507947	-1.8399242359091583	1817
half_step_1	1.134028006944591	0.003196920767682309	12	46	8	3.8333333333333335	9005964.553454516	80304.183469753	0.4575969999507947	-1.8399242359091583	1817
half_step_2	1.1372249277122732	0.003196920767682309	11	60	10	5.454545454545454	9005964.553454516	448317.4508288316	1.1608837976585278	-1.8328247680929362	1914
full_step	1.1404218484799555	0.009954239380886323	13	35	9	2.6923076923076925	9005964.553454516	52256.81799617956	0.9824362904251984	-1.8272612146441272	1976
full_step	1.1404218484799555	0.004977119690443161	15	78	11	5.2	9005964.553454516	98957.87234286274	0.9824362904251984	-1.8272612146441272	1976
half_step_1	1.1404218484799555	0.0024885598452215807	13	70	11	5.384615384615385	9005964.553454516	198205.23878800104	0.9824362904251984	-1.8272612146441272	1976
half_step_2	1.142910408325177	0.0024885598452215807	16	80	11	5	9005964.553454516	247163.32077971083	0.9528812653178989	-1.8235051110601308	1931
full_step	1.1453989681703987	0.007136953910311424	15	57	8	3.8	9005964.553454516	57449.12217690713	1.1067259147024515	-1.8183262296682063	1964
full_step	1.1453989681703987	0.003568476955155712	16	61	9	3.8125	9005964.553454516	169761.71312296466	1.1067259147024515	-1.8183262296682063	1964
half_step_1	1.1453989681703987	0.001784238477577856	11	50	9	4.545454545454546	9005964.553454516	183399.71744910342	1.1067259147024515	-1.8183262296682063	1964
half_step_2	1.1471832066479766	0.001784238477577856	14	57	11	4.071428571428571	9005964.553454516	130695.3565920379	0.6100812320373734	-1.8227944965513525	2038
full_step	1.1489674451255543	0.008625130958580652	9	20	6	2.2222222222222223	9005964.553454516	47538.894119596574	0.506872089171793	-1.8323383132909032	1971
full_step	1.1489674451255543	0.004312565479290326	9	34	7	3.7777777777777777	9005964.553454516	68165.68217039303	0.506872089171793	-1.8323383132909032	1971
half_step_1	1.1489674451255543	0.002156282739645163	10	42	11	4.2	9005964.553454516	134812.46542317048	0.506872089171793	-1.8323383132909032	1971
half_step_2	1.1511237278651993	0.002156282739645163	12	57	9	4.75	9005964.553454516	110434.08001803927	0.3851791949439871	-1.8219609252043631	1985
full_step	1.1532800106048446	0.004312565479290326	10	35	8	3.5	9005964.553454516	74778.91853149438	0.4313614641484378	-1.8216354853324959	1998
half_step_1	1.1532800106048446	0.002156282739645163	10	44	9	4.4	9005964.553454516	167112.37620575132	0.4313614641484378	-1.8216354853324959	1998
half_step_2	1.1554362933444897	0.002156282739645163	10	56	11	5.6	9005964.553454516	185160.91102986725	0.4935516126985817	-1.8214509162694592	1977
full_step	1.157592576084135	0.009836807231914926	11	32	6	2.909090909090909	9005964.553454516	51334.74388338573	0.554652055067379	-1.8248070959824394	1965
full_step	1.157592576084135	0.004918403615957463	12	40	7	3.3333333333333335	9005964.553454516	62847.62074413131	0.554652055067379	-1.8248070959824394	1965
half_step_1	1.157592576084135	0.0024592018079787315	9	38	9	4.222222222222222	9005964.553454516	150040.30280480388	0.554652055067379	-1.8248070959824394	1965
half_step_2	1.1600517778921138	0.0024592018079787315	11	48	10	4.363636363636363	9005964.553454516	180522.04178299534	0.5673865115592207	-1.8209705685008066	2031
full_step	1.1625109797000925	0.010286054231428761	16	62	9	3.875	9005964.553454516	3127356.170319517	1.6667580881651247	-1.7680960126071443	2043
full_step	1.1625109797000925	0.0051430271157143805	19	73	10	3.8421052631578947	9005964.553454516	2674857.2102174372	1.6667580881651247	-1.7680960126071443	2043
half_step_1	1.1625109797000925	0.0025715135578571902	18	83	11	4.611111111111111	9005964.553454516	2439280.132475546	1.6667580881651247	-1.7680960126071443	2043
half_step_2	1.1650824932579498	0.0025715135578571902	12	67	11	5.583333333333333	9005964.553454516	179494.2646248384	1.0031162731876293	-1.7959927926114436	1985
full_step	1.167654006815807	0.00815162361381255	14	47	10	3.357142857142857	9005964.553454516	46749.12649015016	0.7231693845749874	-1.8085148234252864	1974
full_step	1.167654006815807	0.004075811806906275	13	57	11	4.384615384615385	9005964.553454516	105548.85306509548	0.7231693845749874	-1.8085148234252864	1974
half_step_1	1.167654006815807	0.0020379059034531374	12	54	9	4.5	9005964.553454516	217176.00953094952	0.7231693845749874	-1.8085148234252864	1974
half_step_2	1.1696919127192602	0.0020379059034531374	12	70	11	5.833333333333333	9005964.553454516	189953.65798166787	0.7170867866477693	-1.834770095529399	1937
full_step	1.1717298186227132	0.0057524744636598514	12	45	9	3.75	9005964.553454516	61950.06846964752	0.7277687944218201	-1.828469591239243	1867
half_step_1	1.1717298186227132	0.0028762372318299257	9	40	11	4.444444444444445	9005964.553454516	150525.2193429571	0.7277687944218201	-1.828469591239243	1867
half_step_2	1.174606055854543	0.0028762372318299257	10	46	10	4.6	9005964.553454516	165306.60018347047	0.7258926298043207	-1.8231603844868656	1721
full_step	1.177482293086373	0.015472774298737947	12	27	7	2.25	9005964.553454516	85004.45552480927	0.778342560928138	-1.8180983110696516	1829
full_step	1.177482293086373	0.007736387149368974	14	37	7	2.642857142857143	9005964.553454516	70265.30612853631	0.778342560928138	-1.8180983110696516	1829
full_step	1.177482293086373	0.003868193574684487	16	71	9	4.4375	9005964.553454516	262805.65759867383	0.778342560928138	-1.8180983110696516	1829
half_step_1	1.177482293086373	0.0019340967873422434	12	56	12	4.666666666666667	9005964.553454516	221399.6847142116	0.778342560928138	-1.8180983110696516	1829
half_step_2	1.1794163898737153	0.0019340967873422434	12	64	12	5.333333333333333	9005964.553454516	267213.8662830747	0.862214144132281	-1.8188305233056876	1879
full_step	1.1813504866610576	0.005346839516918744	13	47	6	3.6153846153846154	9005964.553454516	73474.22622096585	0.7675654625655852	-1.8246008656277057	1919
full_step	1.1813504866610576	0.002673419758459372	14	74	10	5.285714285714286	9005964.553454516	213842.935881999	0.7675654625655852	-1.8246008656277057	1919
full_step	1.1813504866610576	0.001336709879229686	13	64	10	4.923076923076923	9005964.553454516	294543.7947323043	0.7675654625655852	-1.8246008656277057	1919
half_step_1	1.1813504866610576	0.000668354939614843	12	57	13	4.75	9005964.553454516	436954.7534679183	0.7675654625655852	-1.8246008656277057	1919
half_step_2	1.1820188416006725	0.000668354939614843	16	73	12	4.5625	9005964.553454516	175014.13150081935	0.5004040274529871	-1.8330608633019254	1835
full_step	1.1826871965402872	0.006158548403536459	10	23	8	2.3	9005964.553454516	20254.98990081771	0.15637434101898862	-1.8365539892648015	1777
half_step_1	1.1826871965402872	0.0030792742017682296	10	33	6	3.3	9005964.553454516	20456.72270273541	0.15637434101898862	-1.8365539892648015	1777
half_step_2	1.1857664707420554	0.0030792742017682296	15	78	12	5.2	9005964.553454516	111538.34779810687	0.8438313373342226	-1.8075725282848363	1614
full_step	1.1826871965402872	0.0028950805215434273	12	29	6	2.4166666666666665	9005964.553454516	19969.709523665202	0.15637434101898862	-1.8365539892648015	1777
half_step_1	1.1826871965402872	0.0014475402607717137	10	31	7	3.1	9005964.553454516	27433.782995783346	0.15637434101898862	-1.8365539892648015	1777
half_step_2	1.1841347368010589	0.0014475402607717137	9	25	7	2.7777777777777777	9005964.553454516	39791.008302042406	0.5124734328653062	-1.8229153996343097	1621
full_step	1.1826871965402872	0.002285298517689899	10	21	6	2.1	9005964.553454516	19970.443078333257	0.15637434101898862	-1.8365539892648015	1777
half_step_1	1.1826871965402872	0.0011426492588449495	8	23	8	2.875	9005964.553454516	30230.07761792331	0.15637434101898862	-1.8365539892648015	1777
half_step_2	1.183829845799132	0.0011426492588449495	7	12	5	1.7142857142857142	9005964.553454516	30306.208724537777	0.4047864367389593	-1.836037582330208	1618
full_step	1.1849724950579772	0.002285298517689899	8	22	6	2.75	9005964.553454516	39367.53530459229	0.4624177771663085	-1.8216240315794083	1621
half_step_1	1.1849724950579772	0.0011426492588449495	7	17	6	2.4285714285714284	9005964.553454516	86106.88028120788	0.4624177771663085	-1.8216240315794083	1621
half_step_2	1.186115144316822	0.0011426492588449495	9	39	9	4.333333333333333	9005964.553454516	101015.92036063968	0.1740390445249318	-1.8195297335118026	1603
full_step	1.1849724950579772	0.001992316199232394	7	15	7	2.142857142857143	9005964.553454516	47302.58260437239	0.4624177771663085	-1.8216240315794083	1621
half_step_1	1.1849724950579772	0.000996158099616197	7	19	6	2.7142857142857144	9005964.553454516	96058.84309789265	0.4624177771663085	-1.8216240315794083	1621
half_step_2	1.1859686531575935	0.000996158099616197	8	31	10	3.875	9005964.553454516	94158.42156633004	0.1945887605960479	-1.8187503696140481	1615
full_step	1.1849724950579772	0.0017543157625474837	8	22	8	2.75	9005964.553454516	55361.49532589622	0.4624177771663085	-1.8216240315794083	1621
half_step_1	1.1849724950579772	0.0008771578812737419	7	20	9	2.857142857142857	9005964.553454516	104988.37486172716	0.4624177771663085	-1.8216240315794083	1621
half_step_2	1.185849652939251	0.0008771578812737419	8	22	7	2.75	9005964.553454516	79448.1805035413	0.21157659575476373	-1.8220857254857734	1596
full_step	1.1849724950579772	0.001560564680238996	8	28	10	3.5	9005964.553454516	63578.73401195103	0.4624177771663085	-1.8216240315794083	1621
half_step_1	1.1849724950579772	0.000780282340119498	7	21	6	3	9005964.553454516	112901.91204391114	0.4624177771663085	-1.8216240315794083	1621
half_step_2	1.1857527773980967	0.000780282340119498	9	27	9	3	9005964.553454516	75091.49738092555	0.2257220770207482	-1.816906140115339	1626
full_step	1.1849724950579772	0.0013994800624055031	8	27	7	3.375	9005964.553454516	71183.39623860302	0.4624177771663085	-1.8216240315794083	1621
half_step_1	1.1849724950579772	0.0006997400312027516	7	19	8	2.7142857142857144	9005964.553454516	120426.30068593436	0.4624177771663085	-1.8216240315794083	1621
half_step_2	1.18567223508918	0.0006997400312027516	8	29	8	3.625	9005964.553454516	109979.69336976178	0.23781948575674505	-1.8062670120279218	1639
full_step	1.1863719751203827	0.0013994800624055031	7	20	9	2.857142857142857	9005964.553454516	71297.09621510738	0.10292839136837983	-1.8225537662946538	1623
half_step_1	1.1863719751203827	0.0006997400312027516	7	25	10	3.5714285714285716	9005964.553454516	144994.71844052727	0.10292839136837983	-1.8225537662946538	1623
half_step_2	1.1870717151515855	0.0006997400312027516	8	24	8	3	9005964.553454516	58472.94676687788	0.0779437024013987	-1.8154480063877831	1611
full_step	1.1877714551827883	0.003453638913873089	7	19	4	2.7142857142857144	9005964.553454516	13770.247431578651	0.1306750970811663	-1.8221713757975382	1566
half_step_1	1.1877714551827883	0.0017268194569365445	6	17	8	2.8333333333333335	9005964.553454516	22116.488625632817	0.1306750970811663	-1.8221713757975382	1566
half_step_2	1.189498274639725	0.0017268194569365445	13	55	10	4.230769230769231	9005964.553454516	129754.3582233811	0.28961113237755853	-1.8276416800624118	1594
full_step	1.1912250940966613	0.004229203454179606	12	48	6	4	9005964.553454516	62030.61039186231	0.43310599402883554	-1.8217780382455597	1588
half_step_1	1.1912250940966613	0.002114601727089803	8	36	9	4.5	9005964.553454516	178495.25354290238	0.43310599402883554	-1.8217780382455597	1588
half_step_2	1.1933396958237512	0.002114601727089803	12	48	8	4	9005964.553454516	180551.25557266496	0.5342461582598048	-1.8305733624265157	1537
full_step	1.1954542975508409	0.010869231660084218	11	31	7	2.8181818181818183	9005964.553454516	52623.15728908167	0.7059113649319784	-1.814483677781647	1556
full_step	1.1954542975508409	0.005434615830042109	12	50	9	4.166666666666667	9005964.553454516	94469.85503743638	0.7059113649319784	-1.814483677781647	1556
half_step_1	1.1954542975508409	0.0027173079150210546	11	51	10	4.636363636363637	9005964.553454516	199155.32100044505	0.7059113649319784	-1.814483677781647	1556
half_step_2	1.198171605465862	0.0027173079150210546	12	63	13	5.25	9005964.553454516	233590.0454416528	0.9033895188655947	-1.818075457882882	1620
full_step	1.2008889133808829	0.01167783693774488	11	31	7	2.8181818181818183	9005964.553454516	64501.2583819601	0.937714776523876	-1.821670511040447	1756
full_step	1.2008889133808829	0.00583891846887244	15	59	9	3.933333333333333	9005964.553454516	87644.81177446347	0.937714776523876	-1.821670511040447	1756
full_step	1.2008889133808829	0.00291945923443622	16	84	12	5.25	9005964.553454516	214077.04489559002	0.937714776523876	-1.821670511040447	1756
half_step_1	1.2008889133808829	0.00145972961721811	14	58	10	4.142857142857143	9005964.553454516	348682.1416498789	0.937714776523876	-1.821670511040447	1756
half_step_2	1.202348642998101	0.00145972961721811	13	58	11	4.461538461538462	9005964.553454516	201905.0158427385	0.6636441383143961	-1.83232218873295	1706
full_step	1.203808372615319	0.0048850704730974215	10	30	6	3	9005964.553454516	32417.523052607838	0.5189422771548493	-1.8234701449149842	1677
full_step	1.203808372615319	0.0024425352365487108	11	69	12	6.2727272727272725	9005964.553454516	82899.17311294154	0.5189422771548493	-1.8234701449149842	1677
half_step_1	1.203808372615319	0.0012212676182743554	9	39	11	4.333333333333333	9005964.553454516	138053.34562384302	0.5189422771548493	-1.8234701449149842	1677
half_step_2	1.2050296402335934	0.0012212676182743554	11	48	9	4.363636363636363	9005964.553454516	97880.7141031821	0.4524703626208293	-1.8223675487665998	1712
full_step	1.2062509078518677	0.0024425352365487108	10	35	9	3.5	9005964.553454516	38765.09863628298	0.2148022433767096	-1.8343395700431477	1618
full_step	1.2062509078518677	0.0012212676182743554	9	34	8	3.7777777777777777	9005964.553454516	77116.41941861037	0.2148022433767096	-1.8343395700431477	1618
half_step_1	1.2062509078518677	0.0006106338091371777	9	40	12	4.444444444444445	9005964.553454516	152761.4143186176	0.2148022433767096	-1.8343395700431477	1618
half_step_2	1.206861541661005	0.0006106338091371777	6	22	7	3.6666666666666665	9005964.553454516	52617.485155946255	0.07540522081683321	-1.830024860595608	1638
full_step	1.207472175470142	0.006106338091371777	8	3	3	0.375	9005964.553454516	33271.17068757075	0.03527483076607041	-1.8287872101560554	1638
full_step	1.207472175470142	0.0030531690456858883	10	12	8	1.2	9005964.553454516	21756.455292308416	0.03527483076607041	-1.8287872101560554	1638
half_step_1	1.207472175470142	0.0015265845228429442	11	31	8	2.8181818181818183	9005964.553454516	20769.567078178505	0.03527483076607041	-1.8287872101560554	1638
half_step_2	1.208998759992985	0.0015265845228429442	11	56	12	5.090909090909091	9005964.553454516	272969.5197746663	0.5459469366604708	-1.8244671407987432	1835
full_step	1.210525344515828	0.0045565443831602085	11	29	7	2.6363636363636362	9005964.553454516	57430.70998401403	0.47172851679056294	-1.8140203069475016	1848
half_step_1	1.210525344515828	0.0022782721915801042	11	43	9	3.909090909090909	9005964.553454516	112710.29521266023	0.47172851679056294	-1.8140203069475016	1848
half_step_2	1.212803616707408	0.0022782721915801042	15	53	8	3.533333333333333	9005964.553454516	172971.32165567283	0.4630219700501925	-1.8024601916125262	1823
full_step	1.210525344515828	0.003739593570457376	11	31	7	2.8181818181818183	9005964.553454516	71187.09828665493	0.47172851679056294	-1.8140203069475016	1848
half_step_1	1.210525344515828	0.001869796785228688	9	36	9	4	9005964.553454516	137010.72264890195	0.47172851679056294	-1.8140203069475016	1848
half_step_2	1.2123951413010565	0.001869796785228688	15	69	11	4.6	9005964.553454516	154946.51797516545	0.369199132128017	-1.7919387665359612	1853
full_step	1.210525344515828	0.003226360949528073	12	42	7	3.5	9005964.553454516	82179.98393760122	0.47172851679056294	-1.8140203069475016	1848
half_step_1	1.210525344515828	0.0016131804747640365	9	43	10	4.777777777777778	9005964.553454516	155343.8254154278	0.47172851679056294	-1.8140203069475016	1848
half_step_2	1.212138524990592	0.0016131804747640365	11	57	11	5.181818181818182	9005964.553454516	276403.2485368096	0.31718388661295194	-1.8058085400041175	1870
full_step	1.213751705465356	0.003226360949528073	13	61	10	4.6923076923076925	9005964.553454516	196660.7006673456	0.39122681469251575	-1.7941663044364842	1860
half_step_1	1.213751705465356	0.0016131804747640365	8	39	10	4.875	9005964.553454516	362647.53803934593	0.39122681469251575	-1.7941663044364842	1860
half_step_2	1.21536488594012	0.0016131804747640365	14	81	12	5.785714285714286	9005964.553454516	206625.3849958027	0.5461746884479908	-1.793861273822975	1895
full_step	1.213751705465356	0.0025736962185926864	10	45	10	4.5	9005964.553454516	237566.3744779372	0.39122681469251575	-1.7941663044364842	1860
half_step_1	1.213751705465356	0.0012868481092963432	9	44	11	4.888888888888889	9005964.553454516	507428.5489370391	0.39122681469251575	-1.7941663044364842	1860
half_step_2	1.2150385535746522	0.0012868481092963432	10	54	11	5.4	9005964.553454516	215187.04374005142	0.45614077888194515	-1.7970457356764111	1834
full_step	1.2163254016839486	0.0025736962185926864	11	55	12	5	9005964.553454516	76818.37352925807	0.3849286679911188	-1.8143512084908742	1924
half_step_1	1.2163254016839486	0.0012868481092963432	9	29	8	3.2222222222222223	9005964.553454516	153341.23305494012	0.3849286679911188	-1.8143512084908742	1924
half_step_2	1.217612249793245	0.0012868481092963432	11	57	13	5.181818181818182	9005964.553454516	110262.45649998226	0.2609624053075663	-1.8079984442250874	1811
full_step	1.2188990979025414	0.0035071501055713894	8	28	8	3.5	9005964.553454516	27428.510108597293	0.21841594847080614	-1.806919416089389	1773
half_step_1	1.2188990979025414	0.0017535750527856947	7	29	9	4.142857142857143	9005964.553454516	101730.59406636229	0.21841594847080614	-1.806919416089389	1773
half_step_2	1.220652672955327	0.0017535750527856947	10	35	9	3.5	9005964.553454516	165274.48046895894	0.21971037800130944	-1.8023989869525785	1748
full_step	1.2224062480081128	0.0035071501055713894	9	23	6	2.5555555555555554	9005964.553454516	86845.27690964688	0.30506382998748904	-1.8058605561502865	1856
half_step_1	1.2224062480081128	0.0017535750527856947	11	38	9	3.4545454545454546	9005964.553454516	153652.91625535762	0.30506382998748904	-1.8058605561502865	1856
half_step_2	1.2241598230608985	0.0017535750527856947	13	43	7	3.3076923076923075	9005964.553454516	144724.96363192296	0.3480861509922306	-1.8032960895452241	1819
full_step	1.2259133981136843	0.008364158550095483	9	16	5	1.7777777777777777	9005964.553454516	53922.02946699221	0.3606450681170372	-1.804823150231432	1826
full_step	1.2259133981136843	0.0041820792750477415	11	43	9	3.909090909090909	9005964.553454516	46066.94118351674	0.3606450681170372	-1.804823150231432	1826
half_step_1	1.2259133981136843	0.0020910396375238708	7	27	8	3.857142857142857	9005964.553454516	141724.94175033653	0.3606450681170372	-1.804823150231432	1826
half_step_2	1.228004437751208	0.0020910396375238708	11	62	11	5.636363636363637	9005964.553454516	186551.11604168513	0.6071137286448334	-1.8074434503724905	1872
full_step	1.230095477388732	0.010709479049493294	11	24	7	2.1818181818181817	9005964.553454516	46444.99871405891	0.7661433367076143	-1.8079864601137865	1891
full_step	1.230095477388732	0.005354739524746647	13	47	9	3.6153846153846154	9005964.553454516	74017.34564349469	0.7661433367076143	-1.8079864601137865	1891
half_step_1	1.230095477388732	0.0026773697623733235	8	28	8	3.5	9005964.553454516	160652.83270040594	0.7661433367076143	-1.8079864601137865	1891
half_step_2	1.2327728471511055	0.0026773697623733235	10	42	9	4.2	9005964.553454516	209325.47860481523	0.8093759362162132	-1.7985110136198614	1855
full_step	1.2354502169134787	0.0129070843153153	12	34	8	2.8333333333333335	9005964.553454516	79411.26258056122	0.7841608082403582	-1.806574100794525	2008
full_step	1.2354502169134787	0.00645354215765765	12	40	8	3.3333333333333335	9005964.553454516	65077.909530222314	0.7841608082403582	-1.806574100794525	2008
full_step	1.2354502169134787	0.003226771078828825	12	66	13	5.5	9005964.553454516	241727.61039497604	0.7841608082403582	-1.806574100794525	2008
half_step_1	1.2354502169134787	0.0016133855394144124	10	46	10	4.6	9005964.553454516	270677.4994182405	0.7841608082403582	-1.806574100794525	2008
half_step_2	1.2370636024528932	0.0016133855394144124	9	34	12	3.7777777777777777	9005964.553454516	179802.49990706294	0.6123518791360425	-1.8058869306943033	1874
full_step	1.2386769879923074	0.010747909317811536	11	33	8	3	9005964.553454516	45577.50242565176	0.38922807270893145	-1.8005366544606627	1873
full_step	1.2386769879923074	0.005373954658905768	10	40	10	4	9005964.553454516	32398.215439034942	0.38922807270893145	-1.8005366544606627	1873
half_step_1	1.2386769879923074	0.002686977329452884	8	34	10	4.25	9005964.553454516	91773.56328067064	0.38922807270893145	-1.8005366544606627	1873
half_step_2	1.2413639653217603	0.002686977329452884	11	55	12	5	9005964.553454516	167332.051859052	0.6835898840855066	-1.8051991882920055	1987
full_step	1.2440509426512132	0.006627331285974225	11	35	6	3.1818181818181817	9005964.553454516	64071.05108444029	0.731493811825942	-1.8026003588349122	1956
full_step	1.2440509426512132	0.0033136656429871127	9	47	12	5.222222222222222	9005964.553454516	239304.69754496295	0.731493811825942	-1.8026003588349122	1956
half_step_1	1.2440509426512132	0.0016568328214935563	13	60	12	4.615384615384615	9005964.553454516	291150.1225554879	0.731493811825942	-1.8026003588349122	1956
half_step_2	1.2457077754727068	0.0016568328214935563	11	55	12	5	9005964.553454516	163613.3394721774	0.5710419702129457	-1.8071728052209772	1903
full_step	1.2473646082942003	0.0076224703341255485	13	31	6	2.3846153846153846	9005964.553454516	40023.50372442142	0.4008568882682084	-1.8002752660164065	1899
half_step_1	1.2473646082942003	0.0038112351670627743	11	51	10	4.636363636363637	9005964.553454516	68377.58706236977	0.4008568882682084	-1.8002752660164065	1899
half_step_2	1.251175843461263	0.0038112351670627743	14	68	9	4.857142857142857	9005964.553454516	204509.83353796197	0.7525186461650719	-1.7969062550973887	1996
full_step	1.2549870786283257	0.0076224703341255485	13	52	10	4	9005964.553454516	163260.5802780196	1.2441189908078059	-1.785343054032285	1982
full_step	1.2549870786283257	0.0038112351670627743	15	48	11	3.2	9005964.553454516	352020.1424631559	1.2441189908078059	-1.785343054032285	1982
half_step_1	1.2549870786283257	0.0019056175835313871	15	73	12	4.866666666666666	9005964.553454516	402202.65825862373	1.2441189908078059	-1.785343054032285	1982
half_step_2	1.2568926962118572	0.0019056175835313871	15	77	11	5.133333333333334	9005964.553454516	251100.1805656546	1.0146997570116127	-1.7916394447427697	1958
full_step	1.2587983137953884	0.010635639207741378	8	17	6	2.125	9005964.553454516	46886.13512673227	0.7130301306057731	-1.8043945140465232	1867
full_step	1.2587983137953884	0.005317819603870689	11	48	9	4.363636363636363	9005964.553454516	79284.81405400706	0.7130301306057731	-1.8043945140465232	1867
half_step_1	1.2587983137953884	0.0026589098019353446	9	34	12	3.7777777777777777	9005964.553454516	165069.19047004785	0.7130301306057731	-1.8043945140465232	1867
half_step_2	1.2614572235973238	0.0026589098019353446	11	53	9	4.818181818181818	9005964.553454516	173376.60613611672	0.8413463761511366	-1.796590735778401	1854
full_step	1.2641161333992592	0.005317819603870689	11	42	9	3.8181818181818183	9005964.553454516	89948.66364207788	0.7613781000883364	-1.7987467102508508	1801
half_step_1	1.2641161333992592	0.0026589098019353446	10	49	10	4.9	9005964.553454516	166153.0373044941	0.7613781000883364	-1.7987467102508508	1801
half_step_2	1.2667750432011946	0.0026589098019353446	13	65	9	5	9005964.553454516	200437.93129626397	0.7812677615949042	-1.788304959731323	1873
full_step	1.26943395300313	0.008191430602603533	12	43	10	3.5833333333333335	9005964.553454516	48948.90932794453	0.7578259456936394	-1.7838955844432334	1980
full_step	1.26943395300313	0.004095715301301766	12	69	12	5.75	9005964.553454516	197562.38844184435	0.7578259456936394	-1.7838955844432334	1980
half_step_1	1.26943395300313	0.002047857650650883	10	51	11	5.1	9005964.553454516	203258.30865909145	0.7578259456936394	-1.7838955844432334	1980
half_step_2	1.2714818106537809	0.002047857650650883	13	55	10	4.230769230769231	9005964.553454516	197222.3607450769	0.699524925736398	-1.794223598138214	1984
full_step	1.2735296683044317	0.006741371355129135	11	36	8	3.272727272727273	9005964.553454516	41881.50330774295	0.6061054235238998	-1.7928096034344783	1902
full_step	1.2735296683044317	0.0033706856775645674	10	52	11	5.2	9005964.553454516	165200.75046629657	0.6061054235238998	-1.7928096034344783	1902
half_step_1	1.2735296683044317	0.0016853428387822837	9	34	11	3.7777777777777777	9005964.553454516	177925.88066725509	0.6061054235238998	-1.7928096034344783	1902
half_step_2	1.275215011143214	0.0016853428387822837	10	51	10	5.1	9005964.553454516	114382.40576353931	0.39484959342104275	-1.7978079750785856	1932
full_step	1.2769003539819963	0.006486832925938839	11	41	9	3.727272727272727	9005964.553454516	27267.585333648873	0.36572277947755083	-1.7974409697847167	1882
full_step	1.2769003539819963	0.0032434164629694196	9	26	6	2.888888888888889	9005964.553454516	84071.64211476008	0.36572277947755083	-1.7974409697847167	1882
half_step_1	1.2769003539819963	0.0016217082314847098	7	30	10	4.285714285714286	9005964.553454516	142220.42103684024	0.36572277947755083	-1.7974409697847167	1882
half_step_2	1.278522062213481	0.0016217082314847098	9	34	9	3.7777777777777777	9005964.553454516	147369.07341721607	0.34508865837239	-1.7990336763968546	1859
full_step	1.2801437704449656	0.013921880038833203	9	19	6	2.111111111111111	9005964.553454516	82619.10138397693	0.3046823122701312	-1.8002855800022706	1888
full_step	1.2801437704449656	0.006960940019416602	9	23	4	2.5555555555555554	9005964.553454516	25358.86775975934	0.3046823122701312	-1.8002855800022706	1888
full_step	1.2801437704449656	0.003480470009708301	12	49	8	4.083333333333333	9005964.553454516	35850.70517106985	0.3046823122701312	-1.8002855800022706	1888
half_step_1	1.2801437704449656	0.0017402350048541504	11	43	9	3.909090909090909	9005964.553454516	94247.92165736498	0.3046823122701312	-1.8002855800022706	1888
half_step_2	1.2818840054498197	0.0017402350048541504	10	28	6	2.8	9005964.553454516	126044.56231849833	0.3147115227163795	-1.8014157961832995	1951
full_step	1.2836242404546738	0.009762942913277364	12	34	9	2.8333333333333335	9005964.553454516	60979.421249592524	0.33393549880946694	-1.8084981248024141	2041
full_step	1.2836242404546738	0.004881471456638682	12	43	8	3.5833333333333335	9005964.553454516	38167.767168095685	0.33393549880946694	-1.8084981248024141	2041
half_step_1	1.2836242404546738	0.002440735728319341	8	36	10	4.5	9005964.553454516	139198.04451278312	0.33393549880946694	-1.8084981248024141	2041
half_step_2	1.2860649761829932	0.002440735728319341	11	62	11	5.636363636363637	9005964.553454516	203731.6828919164	0.5024350326972353	-1.7962750833515182	2104
full_step	1.2885057119113126	0.01306720759052083	9	21	5	2.3333333333333335	9005964.553454516	77075.29217934063	0.6247282299398194	-1.7872809969105348	2088
full_step	1.2885057119113126	0.006533603795260415	11	52	10	4.7272727272727275	9005964.553454516	52877.4266625039	0.6247282299398194	-1.7872809969105348	2088
full_step	1.2885057119113126	0.0032668018976302073	10	33	9	3.3	9005964.553454516	223745.40951656093	0.6247282299398194	-1.7872809969105348	2088
half_step_1	1.2885057119113126	0.0016334009488151037	13	53	9	4.076923076923077	9005964.553454516	212796.7655782792	0.6247282299398194	-1.7872809969105348	2088
half_step_2	1.2901391128601276	0.0016334009488151037	12	47	11	3.9166666666666665	9005964.553454516	159132.420175181	0.5164379797536185	-1.8071896986934004	2124
full_step	1.2917725138089429	0.009687608815871149	10	20	6	2	9005964.553454516	43349.61353038303	0.48823963360115386	-1.8112312119198657	2077
full_step	1.2917725138089429	0.004843804407935574	10	32	7	3.2	9005964.553454516	46165.3291370716	0.48823963360115386	-1.8112312119198657	2077
half_step_1	1.2917725138089429	0.002421902203967787	8	30	7	3.75	9005964.553454516	118771.47651761498	0.48823963360115386	-1.8112312119198657	2077
half_step_2	1.2941944160129106	0.002421902203967787	10	51	11	5.1	9005964.553454516	181834.2885583131	0.6491744947766165	-1.8008821588215185	2029
full_step	1.2966163182168784	0.010817312424323362	10	29	7	2.9	9005964.553454516	66711.41159017176	0.527475914088825	-1.7953158501240256	1939
full_step	1.2966163182168784	0.005408656212161681	12	50	9	4.166666666666667	9005964.553454516	78542.73700817165	0.527475914088825	-1.7953158501240256	1939
half_step_1	1.2966163182168784	0.0027043281060808405	8	22	5	2.75	9005964.553454516	174771.29025587163	0.527475914088825	-1.7953158501240256	1939
half_step_2	1.2993206463229592	0.0027043281060808405	11	43	8	3.909090909090909	9005964.553454516	188169.11821056483	0.710944857952029	-1.7956927144093318	1984
full_step	1.30202497442904	0.005408656212161681	11	43	9	3.909090909090909	9005964.553454516	131829.95380828794	0.7789022668522421	-1.8069411164342402	2044
half_step_1	1.30202497442904	0.0027043281060808405	9	45	9	5	9005964.553454516	220905.15772896254	0.7789022668522421	-1.8069411164342402	2044
half_step_2	1.3047293025351208	0.0027043281060808405	12	70	12	5.833333333333333	9005964.553454516	182965.2842579984	0.8392241361489141	-1.7834608165423946	2010
full_step	1.3074336306412015	0.0094310844544981	11	43	9	3.909090909090909	9005964.553454516	47749.14740371275	0.8506762312894125	-1.7885103085884404	2014
full_step	1.3074336306412015	0.00471554222724905	12	42	7	3.5	9005964.553454516	97748.9914425813	0.8506762312894125	-1.7885103085884404	2014
half_step_1	1.3074336306412015	0.002357771113624525	11	44	10	4	9005964.553454516	193491.1731114391	0.8506762312894125	-1.7885103085884404	2014
half_step_2	1.309791401754826	0.002357771113624525	12	58	13	4.833333333333333	9005964.553454516	170106.8009476283	0.7608545661619814	-1.7976027642242212	1998
full_step	1.3121491728684507	0.005950868659766256	13	57	9	4.384615384615385	9005964.553454516	53292.43855593021	0.7097083848730108	-1.7962653981370742	1941
half_step_1	1.3121491728684507	0.002975434329883128	9	39	8	4.333333333333333	9005964.553454516	178657.25943112167	0.7097083848730108	-1.7962653981370742	1941
half_step_2	1.3151246071983338	0.002975434329883128	13	65	10	5	9005964.553454516	241423.68559676842	0.7240008409916072	-1.7878774321371802	1928
full_step	1.318100041528217	0.015432677981678099	13	42	8	3.230769230769231	9005964.553454516	77875.17454523877	0.8067467089724687	-1.7886306506714702	1907
full_step	1.318100041528217	0.007716338990839049	13	59	9	4.538461538461538	9005964.553454516	59795.82225149322	0.8067467089724687	-1.7886306506714702	1907
full_step	1.318100041528217	0.0038581694954195247	12	55	9	4.583333333333333	9005964.553454516	154968.23103903813	0.8067467089724687	-1.7886306506714702	1907
half_step_1	1.318100041528217	0.0019290847477097623	13	61	12	4.6923076923076925	9005964.553454516	253330.39193705138	0.8067467089724687	-1.7886306506714702	1907
half_step_2	1.3200291262759267	0.0019290847477097623	13	52	11	4	9005964.553454516	193204.5391498988	0.725063046000173	-1.799799353153776	1963
full_step	1.3219582110236365	0.011657457996328485	10	23	7	2.3	9005964.553454516	61108.60420254271	0.545537017811796	-1.8083952633715736	1888
full_step	1.3219582110236365	0.005828728998164242	12	34	7	2.8333333333333335	9005964.553454516	44891.19354017089	0.545537017811796	-1.8083952633715736	1888
half_step_1	1.3219582110236365	0.002914364499082121	9	42	11	4.666666666666667	9005964.553454516	138120.1547496911	0.545537017811796	-1.8083952633715736	1888
half_step_2	1.3248725755227186	0.002914364499082121	11	52	9	4.7272727272727275	9005964.553454516	430704.91842714656	0.928904394482231	-1.8046155572240772	2000
full_step	1.3277869400218008	0.011770788341354602	11	38	7	3.4545454545454546	9005964.553454516	73228.23301544155	0.843592381103349	-1.783430936628536	1982
full_step	1.3277869400218008	0.005885394170677301	11	47	8	4.2727272727272725	9005964.553454516	73211.54072255261	0.843592381103349	-1.783430936628536	1982
full_step	1.3277869400218008	0.0029426970853386504	9	26	7	2.888888888888889	9005964.553454516	189284.6925279518	0.843592381103349	-1.783430936628536	1982
half_step_1	1.3277869400218008	0.0014713485426693252	12	55	10	4.583333333333333	9005964.553454516	293180.58383612457	0.843592381103349	-1.783430936628536	1982
half_step_2	1.3292582885644701	0.0014713485426693252	12	50	11	4.166666666666667	9005964.553454516	173566.56301411745	0.5874556105810598	-1.8067507480296512	2071
full_step	1.3307296371071393	0.009923420081881214	10	27	8	2.7	9005964.553454516	43369.801877220125	0.3471525837916829	-1.816092924776391	1999
full_step	1.3307296371071393	0.004961710040940607	10	38	6	3.8	9005964.553454516	31897.75618428678	0.3471525837916829	-1.816092924776391	1999
half_step_1	1.3307296371071393	0.0024808550204703035	9	36	8	4	9005964.553454516	66411.31102522081	0.3471525837916829	-1.816092924776391	1999
half_step_2	1.3332104921276096	0.0024808550204703035	11	51	10	4.636363636363637	9005964.553454516	150012.68586245156	0.3454686413592185	-1.8010446364065955	1999
full_step	1.33569134714808	0.010751504858164857	10	25	6	2.5	9005964.553454516	51678.4079352219	0.49204354386216664	-1.7932059599830827	2064
full_step	1.33569134714808	0.005375752429082429	10	36	9	3.6	9005964.553454516	67050.18144055533	0.49204354386216664	-1.7932059599830827	2064
full_step	1.33569134714808	0.0026878762145412143	11	49	9	4.454545454545454	9005964.553454516	208984.25781625544	0.49204354386216664	-1.7932059599830827	2064
half_step_1	1.33569134714808	0.0013439381072706071	12	49	11	4.083333333333333	9005964.553454516	248868.4622794625	0.49204354386216664	-1.7932059599830827	2064
half_step_2	1.3370352852553506	0.0013439381072706071	11	42	11	3.8181818181818183	9005964.553454516	146218.30445464715	0.3985356332075298	-1.8046553765008424	1989
full_step	1.3383792233626213	0.006969731519176495	11	27	5	2.4545454545454546	9005964.553454516	45960.48318370546	0.2739617131020964	-1.8033037620717571	1945
half_step_1	1.3383792233626213	0.0034848657595882475	12	47	9	3.9166666666666665	9005964.553454516	50154.42367023773	0.2739617131020964	-1.8033037620717571	1945
half_step_2	1.3418640891222096	0.0034848657595882475	17	95	12	5.588235294117647	9005964.553454516	357133.0211492661	0.6960951540669384	-1.771281231857619	2112
full_step	1.3383792233626213	0.004397291694136811	14	38	6	2.7142857142857144	9005964.553454516	42081.427571031134	0.2739617131020964	-1.8033037620717571	1945
half_step_1	1.3383792233626213	0.0021986458470684054	11	38	9	3.4545454545454546	9005964.553454516	100391.72301764048	0.2739617131020964	-1.8033037620717571	1945
half_step_2	1.3405778692096897	0.0021986458470684054	20	100	11	5	9005964.553454516	230497.50259322033	0.37960409750257895	-1.7834879112387434	2064
full_step	1.3383792233626213	0.003630695589417946	12	40	9	3.3333333333333335	9005964.553454516	46052.46823671355	0.2739617131020964	-1.8033037620717571	1945
half_step_1	1.3383792233626213	0.001815347794708973	13	55	9	4.230769230769231	9005964.553454516	122429.60942279578	0.2739617131020964	-1.8033037620717571	1945
half_step_2	1.3401945711573302	0.001815347794708973	15	57	12	3.8	9005964.553454516	121786.72665413942	0.31769004617888186	-1.7859243379864351	2014
full_step	1.3420099189520391	0.003630695589417946	10	48	12	4.8	9005964.553454516	135220.13793665898	0.4602022978083369	-1.794267219192194	2021
half_step_1	1.3420099189520391	0.001815347794708973	10	49	12	4.9	9005964.553454516	133163.64702554088	0.4602022978083369	-1.794267219192194	2021
half_step_2	1.343825266746748	0.001815347794708973	12	66	11	5.5	9005964.553454516	211734.99990596855	0.33889363615315915	-1.7841514802801404	2087
full_step	1.345640614541457	0.004526888727397809	12	38	7	3.1666666666666665	9005964.553454516	54591.65873187677	0.3604235216644156	-1.7975519379764302	2111
half_step_1	1.345640614541457	0.0022634443636989046	8	30	8	3.75	9005964.553454516	183767.94356460313	0.3604235216644156	-1.7975519379764302	2111
half_step_2	1.3479040589051559	0.0022634443636989046	10	39	9	3.9	9005964.553454516	154003.21466561928	0.4484925085877194	-1.8022699637353545	2075
full_step	1.3501675032688547	0.005876829349402965	13	53	8	4.076923076923077	9005964.553454516	50934.11005228199	0.5339542029740869	-1.8014912030252106	2164
full_step	1.3501675032688547	0.0029384146747014825	11	46	10	4.181818181818182	9005964.553454516	126259.2921156928	0.5339542029740869	-1.8014912030252106	2164
half_step_1	1.3501675032688547	0.0014692073373507412	11	52	11	4.7272727272727275	9005964.553454516	245007.19460382673	0.5339542029740869	-1.8014912030252106	2164
half_step_2	1.3516367106062055	0.0014692073373507412	12	59	12	4.916666666666667	9005964.553454516	211507.795326123	0.5715035433223079	-1.8013328611704345	2180
full_step	1.3531059179435563	0.004002139615314992	14	49	8	3.5	9005964.553454516	50388.91715159901	0.41429718187339404	-1.8011695041591016	2185
half_step_1	1.3531059179435563	0.002001069807657496	13	60	10	4.615384615384615	9005964.553454516	105273.64154567505	0.41429718187339404	-1.8011695041591016	2185
half_step_2	1.3551069877512139	0.002001069807657496	11	53	10	4.818181818181818	9005964.553454516	121997.65480005449	0.8751465567684136	-1.8024548553658328	2231
full_step	1.3571080575588712	0.004002139615314992	9	33	9	3.6666666666666665	9005964.553454516	49112.15965610436	0.8657655387532941	-1.7964458093269966	2365
half_step_1	1.3571080575588712	0.002001069807657496	8	27	7	3.375	9005964.553454516	161696.78090940233	0.8657655387532941	-1.7964458093269966	2365
half_step_2	1.3591091273665288	0.002001069807657496	11	43	10	3.909090909090909	9005964.553454516	148763.4727751363	0.606925933920138	-1.7800574755653416	2331
full_step	1.3611101971741861	0.006252707550138741	9	23	7	2.5555555555555554	9005964.553454516	59728.95835424217	0.4462188401456615	-1.7812956084957503	2370
full_step	1.3611101971741861	0.0031263537750693703	12	55	8	4.583333333333333	9005964.553454516	126644.65282515596	0.4462188401456615	-1.7812956084957503	2370
half_step_1	1.3611101971741861	0.0015631768875346852	8	39	10	4.875	9005964.553454516	206570.7679237016	0.4462188401456615	-1.7812956084957503	2370
half_step_2	1.3626733740617207	0.0015631768875346852	11	50	11	4.545454545454546	9005964.553454516	129946.09193414006	0.39351864916272916	-1.781816533758195	2390
full_step	1.3642365509492556	0.004262549000662244	9	32	7	3.5555555555555554	9005964.553454516	36251.959251366236	0.3376582923521596	-1.7916613307897433	2472
half_step_1	1.3642365509492556	0.002131274500331122	7	29	9	4.142857142857143	9005964.553454516	142312.09753007148	0.3376582923521596	-1.7916613307897433	2472
half_step_2	1.3663678254495866	0.002131274500331122	14	67	11	4.785714285714286	9005964.553454516	187893.50253395527	0.4665218004699909	-1.7858540570495154	2486
full_step	1.3684990999499178	0.004262549000662244	14	52	8	3.7142857142857144	9005964.553454516	75431.67826180514	0.40731741218911566	-1.7961604524991135	2544
half_step_1	1.3684990999499178	0.002131274500331122	10	48	10	4.8	9005964.553454516	184895.59922449678	0.40731741218911566	-1.7961604524991135	2544
half_step_2	1.3706303744502488	0.002131274500331122	11	51	10	4.636363636363637	9005964.553454516	181430.14752388716	0.6110040693295673	-1.7852470808771124	2476
full_step	1.37276164895058	0.008127592228257055	10	27	9	2.7	9005964.553454516	41724.30388450884	0.5096572446113328	-1.795138844526354	2468
full_step	1.37276164895058	0.0040637961141285275	11	41	8	3.727272727272727	9005964.553454516	67373.49190605163	0.5096572446113328	-1.795138844526354	2468
half_step_1	1.37276164895058	0.0020318980570642638	11	53	12	4.818181818181818	9005964.553454516	158174.18604446453	0.5096572446113328	-1.795138844526354	2468
half_step_2	1.3747935470076442	0.0020318980570642638	12	54	10	4.5	9005964.553454516	182971.27959144776	0.47832184554346213	-1.8061356121063632	2438
full_step	1.3768254450647086	0.007513769072747862	11	36	6	3.272727272727273	9005964.553454516	38436.89870899086	0.5711508784388002	-1.8030091963963033	2439
full_step	1.3768254450647086	0.003756884536373931	9	50	9	5.555555555555555	9005964.553454516	86234.09833566705	0.5711508784388002	-1.8030091963963033	2439
half_step_1	1.3768254450647086	0.0018784422681869656	11	55	10	5	9005964.553454516	171792.57297032457	0.5711508784388002	-1.8030091963963033	2439
half_step_2	1.3787038873328956	0.0018784422681869656	11	52	10	4.7272727272727275	9005964.553454516	160417.60028911088	0.5012394386673691	-1.8087589025427213	2323
full_step	1.3805823296010826	0.010881838722733605	10	29	7	2.9	9005964.553454516	59843.406115421996	0.388435061644941	-1.8017431199355538	2273
full_step	1.3805823296010826	0.005440919361366803	10	36	8	3.6	9005964.553454516	33235.047052515736	0.388435061644941	-1.8017431199355538	2273
half_step_1	1.3805823296010826	0.0027204596806834013	10	39	10	3.9	9005964.553454516	118528.4599491819	0.388435061644941	-1.8017431199355538	2273
half_step_2	1.383302789281766	0.0027204596806834013	11	59	11	5.363636363636363	9005964.553454516	182189.6794815952	0.5392624790272293	-1.7927494861144138	2304
full_step	1.3860232489624493	0.009735206246648469	11	43	9	3.909090909090909	9005964.553454516	47912.613519303246	0.7205166334342721	-1.784276886357114	2304
full_step	1.3860232489624493	0.004867603123324234	12	54	8	4.5	9005964.553454516	142388.97129512264	0.7205166334342721	-1.784276886357114	2304
half_step_1	1.3860232489624493	0.002433801561662117	11	62	10	5.636363636363637	9005964.553454516	236620.5384148984	0.7205166334342721	-1.784276886357114	2304
half_step_2	1.3884570505241114	0.002433801561662117	13	51	8	3.923076923076923	9005964.553454516	174583.1311791574	0.7459324781418104	-1.7926687951509048	2284
full_step	1.3908908520857735	0.01059589493724757	14	60	8	4.285714285714286	9005964.553454516	47456.43278027051	0.675188723676456	-1.7967488072450808	2166
full_step	1.3908908520857735	0.005297947468623785	13	60	12	4.615384615384615	9005964.553454516	124884.16641843051	0.675188723676456	-1.7967488072450808	2166
half_step_1	1.3908908520857735	0.0026489737343118923	10	51	13	5.1	9005964.553454516	150274.40687169987	0.675188723676456	-1.7967488072450808	2166
half_step_2	1.3935398258200853	0.0026489737343118923	11	57	10	5.181818181818182	9005964.553454516	208682.01494362342	0.7006931065777167	-1.7968287451220668	2096
full_step	1.3961887995543973	0.014618194665249416	9	23	7	2.5555555555555554	9005964.553454516	86275.72553013772	0.744109305872712	-1.8036240028783335	2175
full_step	1.3961887995543973	0.007309097332624708	12	55	8	4.583333333333333	9005964.553454516	56785.63951332395	0.744109305872712	-1.8036240028783335	2175
full_step	1.3961887995543973	0.003654548666312354	12	57	10	4.75	9005964.553454516	166718.96339622166	0.744109305872712	-1.8036240028783335	2175
half_step_1	1.3961887995543973	0.001827274333156177	12	49	12	4.083333333333333	9005964.553454516	225875.66612318644	0.744109305872712	-1.8036240028783335	2175
half_step_2	1.3980160738875536	0.001827274333156177	12	55	10	4.583333333333333	9005964.553454516	162106.82472015326	0.5837971509171211	-1.8183985902577229	2148
full_step	1.3998433482207098	0.01255274492864546	10	25	6	2.5	9005964.553454516	80621.00930144955	0.41709491241385876	-1.8103444196383025	2162
full_step	1.3998433482207098	0.00627637246432273	12	37	7	3.0833333333333335	9005964.553454516	64273.78455042364	0.41709491241385876	-1.8103444196383025	2162
half_step_1	1.3998433482207098	0.003138186232161365	10	48	10	4.8	9005964.553454516	110221.14744187305	0.41709491241385876	-1.8103444196383025	2162
half_step_2	1.402981534452871	0.003138186232161365	12	61	10	5.083333333333333	9005964.553454516	228487.38043164788	0.650568257933628	-1.810820342976227	2300
full_step	1.4061197206850324	0.010588183314535912	12	37	8	3.0833333333333335	9005964.553454516	60522.905798410524	0.9547533172896578	-1.8071534171747752	2291
full_step	1.4061197206850324	0.005294091657267956	11	53	10	4.818181818181818	9005964.553454516	117130.78106744621	0.9547533172896578	-1.8071534171747752	2291
half_step_1	1.4061197206850324	0.002647045828633978	12	38	8	3.1666666666666665	9005964.553454516	224141.87034982696	0.9547533172896578	-1.8071534171747752	2291
half_step_2	1.4087667665136665	0.002647045828633978	13	54	8	4.153846153846154	9005964.553454516	246898.5578287854	0.9780610538765018	-1.795662749995046	2315
full_step	1.4114138123423003	0.013022097725828534	13	48	9	3.6923076923076925	9005964.553454516	88828.47289289812	0.8577578174427458	-1.7975317657827166	2267
full_step	1.4114138123423003	0.006511048862914267	13	42	11	3.230769230769231	9005964.553454516	67983.03479712672	0.8577578174427458	-1.7975317657827166	2267
half_step_1	1.4114138123423003	0.0032555244314571336	9	35	9	3.888888888888889	9005964.553454516	167439.62823918744	0.8577578174427458	-1.7975317657827166	2267
half_step_2	1.4146693367737575	0.0032555244314571336	12	63	10	5.25	9005964.553454516	237595.481468963	0.9924392541665839	-1.7930274766620102	2246
full_step	1.4179248612052147	0.008166936317467456	12	48	10	4	9005964.553454516	68907.5046891283	1.043191975052025	-1.792247043050592	2284
full_step	1.4179248612052147	0.004083468158733728	11	54	8	4.909090909090909	9005964.553454516	139960.98373686196	1.043191975052025	-1.792247043050592	2284
half_step_1	1.4179248612052147	0.002041734079366864	12	62	11	5.166666666666667	9005964.553454516	308886.31337142	1.043191975052025	-1.792247043050592	2284
half_step_2	1.4199665952845815	0.002041734079366864	12	59	10	4.916666666666667	9005964.553454516	231117.79141116943	0.9154965838171165	-1.8003457263387763	2193
full_step	1.4220083293639485	0.009076029283731997	10	29	6	2.9	9005964.553454516	40686.39784677991	0.6490509704244687	-1.7972350758727345	2100
full_step	1.4220083293639485	0.004538014641865999	12	59	12	4.916666666666667	9005964.553454516	119934.80558985898	0.6490509704244687	-1.7972350758727345	2100
half_step_1	1.4220083293639485	0.0022690073209329993	10	25	9	2.5	9005964.553454516	153927.67125790057	0.6490509704244687	-1.7972350758727345	2100
half_step_2	1.4242773366848815	0.0022690073209329993	10	35	6	3.5	9005964.553454516	147396.46779542317	0.5046158953892359	-1.813227939944648	2086
full_step	1.4265463440058146	0.01205708756671748	10	31	8	3.1	9005964.553454516	83125.01524287381	0.4999274209665714	-1.8091374854774873	2095
full_step	1.4265463440058146	0.00602854378335874	12	29	5	2.4166666666666665	9005964.553454516	44313.60131552839	0.4999274209665714	-1.8091374854774873	2095
half_step_1	1.4265463440058146	0.00301427189167937	9	26	7	2.888888888888889	9005964.553454516	179381.62861212494	0.4999274209665714	-1.8091374854774873	2095
half_step_2	1.429560615897494	0.00301427189167937	11	44	8	4	9005964.553454516	228326.00141050533	0.6930108000756263	-1.8099611087473182	2099
full_step	1.4325748877891733	0.012167508832741189	12	43	8	3.5833333333333335	9005964.553454516	58986.16993755522	0.9924645606799345	-1.8106325598092776	2230
full_step	1.4325748877891733	0.0060837544163705945	10	44	11	4.4	9005964.553454516	102977.51183145355	0.9924645606799345	-1.8106325598092776	2230
full_step	1.4325748877891733	0.0030418772081852972	11	38	9	3.4545454545454546	9005964.553454516	255143.15140200374	0.9924645606799345	-1.8106325598092776	2230
half_step_1	1.4325748877891733	0.0015209386040926486	13	54	12	4.153846153846154	9005964.553454516	434262.5091025334	0.9924645606799345	-1.8106325598092776	2230
half_step_2	1.434095826393266	0.0015209386040926486	14	69	11	4.928571428571429	9005964.553454516	266163.5981963488	0.8349915831474846	-1.8051817304723796	2120
full_step	1.4356167649973586	0.010004120805712701	9	24	6	2.6666666666666665	9005964.553454516	46933.37593450951	0.5028966177034704	-1.8184431226428075	2033
full_step	1.4356167649973586	0.005002060402856351	9	31	7	3.4444444444444446	9005964.553454516	78771.33865791908	0.5028966177034704	-1.8184431226428075	2033
half_step_1	1.4356167649973586	0.0025010302014281754	9	30	7	3.3333333333333335	9005964.553454516	82116.15929369672	0.5028966177034704	-1.8184431226428075	2033
half_step_2	1.4381177951987867	0.0025010302014281754	11	47	7	4.2727272727272725	9005964.553454516	139541.7809938151	0.299201865178361	-1.8192152299792306	2113
full_step	1.440618825400215	0.010081793851654097	12	37	7	3.0833333333333335	9005964.553454516	68396.1434222334	0.4129931149553272	-1.8084088882001768	2163
full_step	1.440618825400215	0.005040896925827048	12	41	8	3.4166666666666665	9005964.553454516	72196.26357047245	0.4129931149553272	-1.8084088882001768	2163
half_step_1	1.440618825400215	0.002520448462913524	13	68	10	5.230769230769231	9005964.553454516	192663.58656085434	0.4129931149553272	-1.8084088882001768	2163
half_step_2	1.4431392738631286	0.002520448462913524	11	62	11	5.636363636363637	9005964.553454516	228477.8705079911	0.605909829278005	-1.8035806530500378	2240
full_step	1.440618825400215	0.004295819719655269	11	40	9	3.6363636363636362	9005964.553454516	97510.75975221102	0.4129931149553272	-1.8084088882001768	2163
half_step_1	1.440618825400215	0.0021479098598276344	9	37	9	4.111111111111111	9005964.553454516	192811.8385925104	0.4129931149553272	-1.8084088882001768	2163
half_step_2	1.4427667352600426	0.0021479098598276344	13	60	10	4.615384615384615	9005964.553454516	186736.34267034227	0.5134987788452463	-1.8090876500430086	2248
full_step	1.4449146451198702	0.004295819719655269	11	53	12	4.818181818181818	9005964.553454516	101770.8843207189	0.5654844620747213	-1.8082546405893198	2251
half_step_1	1.4449146451198702	0.0021479098598276344	9	37	10	4.111111111111111	9005964.553454516	231121.9327324334	0.5654844620747213	-1.8082546405893198	2251
half_step_2	1.4470625549796978	0.0021479098598276344	15	70	11	4.666666666666667	9005964.553454516	162277.94601500497	0.6026381525338138	-1.8150326104641783	2254
full_step	1.4492104648395254	0.006124232842306714	12	36	8	3	9005964.553454516	43849.52773034112	0.5162719224306898	-1.8075251622982902	2236
half_step_1	1.4492104648395254	0.003062116421153357	10	39	9	3.9	9005964.553454516	142647.29012550224	0.5162719224306898	-1.8075251622982902	2236
half_step_2	1.4522725812606787	0.003062116421153357	11	60	11	5.454545454545454	9005964.553454516	227391.2174764633	0.674216178631923	-1.7976875322574195	2255
full_step	1.4553346976818322	0.006124232842306714	14	53	9	3.7857142857142856	9005964.553454516	111006.54385162762	0.947650030381908	-1.7886328510356901	2311
full_step	1.4553346976818322	0.003062116421153357	11	51	11	4.636363636363637	9005964.553454516	245268.39622880713	0.947650030381908	-1.7886328510356901	2311
half_step_1	1.4553346976818322	0.0015310582105766786	12	38	11	3.1666666666666665	9005964.553454516	369403.6158403702	0.947650030381908	-1.7886328510356901	2311
half_step_2	1.456865755892409	0.0015310582105766786	10	53	11	5.3	9005964.553454516	224607.93671284572	0.7303327004724451	-1.8035861953798384	2294
full_step	1.4583968141029855	0.005093416572714887	11	40	8	3.6363636363636362	9005964.553454516	35822.72038968271	0.4254329430233952	-1.7963315464625857	2267
half_step_1	1.4583968141029855	0.0025467082863574434	10	42	8	4.2	9005964.553454516	121834.41824766758	0.4254329430233952	-1.7963315464625857	2267
half_step_2	1.460943522389343	0.0025467082863574434	9	32	6	3.5555555555555554	9005964.553454516	154658.06627577433	0.3544760284472659	-1.8127218611755094	2303
full_step	1.4634902306757003	0.016502852684384506	9	13	4	1.4444444444444444	9005964.553454516	136739.14533699883	0.47254624384999033	-1.7976051811434124	2283
full_step	1.4634902306757003	0.008251426342192253	11	36	10	3.272727272727273	9005964.553454516	56059.571568002946	0.47254624384999033	-1.7976051811434124	2283
full_step	1.4634902306757003	0.0041257131710961265	9	27	10	3	9005964.553454516	96286.10869327467	0.47254624384999033	-1.7976051811434124	2283
half_step_1	1.4634902306757003	0.0020628565855480632	10	43	10	4.3	9005964.553454516	186495.11240619817	0.47254624384999033	-1.7976051811434124	2283
half_step_2	1.4655530872612483	0.0020628565855480632	12	59	9	4.916666666666667	9005964.553454516	144141.62950681592	0.4696360209195518	-1.7913087681902935	2305
full_step	1.4676159438467964	0.007034539168209634	10	34	9	3.4	9005964.553454516	37773.02180072271	0.48127739849138607	-1.8003883453629366	2298
full_step	1.4676159438467964	0.003517269584104817	11	36	8	3.272727272727273	9005964.553454516	77313.2517734359	0.48127739849138607	-1.8003883453629366	2298
half_step_1	1.4676159438467964	0.0017586347920524085	11	55	10	5	9005964.553454516	150520.41834680908	0.48127739849138607	-1.8003883453629366	2298
half_step_2	1.4693745786388488	0.0017586347920524085	11	57	11	5.181818181818182	9005964.553454516	228067.7426213339	0.667264887093836	-1.7980812913364173	2285
full_step	1.4711332134309012	0.007033586902767121	10	22	4	2.2	9005964.553454516	42344.28120535416	0.5909933698379177	-1.7972032779354874	2289
full_step	1.4711332134309012	0.0035167934513835606	10	56	12	5.6	9005964.553454516	144908.37476909417	0.5909933698379177	-1.7972032779354874	2289
half_step_1	1.4711332134309012	0.0017583967256917803	10	48	9	4.8	9005964.553454516	174102.5710487047	0.5909933698379177	-1.7972032779354874	2289
half_step_2	1.472891610156593	0.0017583967256917803	12	59	10	4.916666666666667	9005964.553454516	138843.25410549276	0.41790184449126855	-1.8000236286912366	2246
full_step	1.4746500068822848	0.008385256086519334	10	17	8	1.7	9005964.553454516	54952.44700664589	0.3451928111846314	-1.800041821765247	2270
full_step	1.4746500068822848	0.004192628043259667	11	47	9	4.2727272727272725	9005964.553454516	42581.01733854963	0.3451928111846314	-1.800041821765247	2270
half_step_1	1.4746500068822848	0.0020963140216298335	8	41	9	5.125	9005964.553454516	130336.99099282923	0.3451928111846314	-1.800041821765247	2270
half_step_2	1.4767463209039147	0.0020963140216298335	11	63	11	5.7272727272727275	9005964.553454516	208792.28835800273	0.6657472935461328	-1.7991150099642657	2268
full_step	1.4788426349255444	0.011246935769685414	10	31	6	3.1	9005964.553454516	54346.55973634373	0.7593222956060686	-1.8118226881574726	2271
full_step	1.4788426349255444	0.005623467884842707	11	36	6	3.272727272727273	9005964.553454516	63756.017664832936	0.7593222956060686	-1.8118226881574726	2271
half_step_1	1.4788426349255444	0.0028117339424213535	9	41	13	4.555555555555555	9005964.553454516	150481.06262940558	0.7593222956060686	-1.8118226881574726	2271
half_step_2	1.4816543688679658	0.0028117339424213535	12	61	10	5.083333333333333	9005964.553454516	229724.31239867958	0.7969555527744774	-1.7892653433245647	2140
full_step	1.4844661028103872	0.01532388181462264	10	17	5	1.7	9005964.553454516	98735.0226855318	0.8374661168369926	-1.7880205913610518	2217
full_step	1.4844661028103872	0.00766194090731132	11	37	8	3.3636363636363638	9005964.553454516	56256.403676350914	0.8374661168369926	-1.7880205913610518	2217
full_step	1.4844661028103872	0.00383097045365566	9	48	11	5.333333333333333	9005964.553454516	230964.27651344443	0.8374661168369926	-1.7880205913610518	2217
half_step_1	1.4844661028103872	0.00191548522682783	15	60	10	4	9005964.553454516	303139.4481278927	0.8374661168369926	-1.7880205913610518	2217
half_step_2	1.486381588037215	0.00191548522682783	11	43	8	3.909090909090909	9005964.553454516	223234.8614599425	0.69886463892243	-1.7849567904877077	2180
full_step	1.4882970732640428	0.010744473643929785	9	18	7	2	9005964.553454516	62076.953617594314	0.4991308182986245	-1.7881043902577236	2173
full_step	1.4882970732640428	0.005372236821964893	11	43	6	3.909090909090909	9005964.553454516	41328.64653722374	0.4991308182986245	-1.7881043902577236	2173
half_step_1	1.4882970732640428	0.0026861184109824464	10	40	11	4	9005964.553454516	125887.33241630644	0.4991308182986245	-1.7881043902577236	2173
half_step_2	1.4909831916750254	0.0026861184109824464	14	71	11	5.071428571428571	9005964.553454516	196415.50498541485	0.5619051661492449	-1.774138935754616	2198
full_step	1.4936693100860077	0.011294332106838367	8	22	6	2.75	9005964.553454516	65652.99538255222	0.7120758280763084	-1.7760470621703637	2268
full_step	1.4936693100860077	0.0056471660534191835	11	47	9	4.2727272727272725	9005964.553454516	106354.36667633988	0.7120758280763084	-1.7760470621703637	2268
half_step_1	1.4936693100860077	0.0028235830267095917	8	30	7	3.75	9005964.553454516	197921.98068844088	0.7120758280763084	-1.7760470621703637	2268
half_step_2	1.4964928931127173	0.0028235830267095917	12	57	11	4.75	9005964.553454516	232111.3418521173	0.8494705735225807	-1.7829668064663928	2212
full_step	1.4993164761394269	0.012163597726305313	11	43	8	3.909090909090909	9005964.553454516	71594.3316888023	0.9109901744573676	-1.7729859995936856	2158
full_step	1.4993164761394269	0.006081798863152656	12	53	10	4.416666666666667	9005964.553454516	81145.77903938005	0.9109901744573676	-1.7729859995936856	2158
full_step	1.4993164761394269	0.003040899431576328	11	55	11	5	9005964.553454516	239467.3537120459	0.9109901744573676	-1.7729859995936856	2158
half_step_1	1.4993164761394269	0.001520449715788164	15	70	10	4.666666666666667	9005964.553454516	338989.7253186716	0.9109901744573676	-1.7729859995936856	2158
half_step_2	1.500836925855215	0.001520449715788164	14	61	10	4.357142857142857	9005964.553454516	186126.7017134873	0.579734807365412	-1.7838303321635889	2185
full_step	1.5023573755710031	0.005109250188569341	11	35	6	3.1818181818181817	9005964.553454516	34207.89681770069	0.3610076808794247	-1.7849969684466542	2269
half_step_1	1.5023573755710031	0.0025546250942846704	9	41	11	4.555555555555555	9005964.553454516	83700.20912535925	0.3610076808794247	-1.7849969684466542	2269
half_step_2	1.5049120006652879	0.0025546250942846704	12	55	8	4.583333333333333	9005964.553454516	153071.56040856347	0.4118361192427642	-1.7823736589555272	2282
full_step	1.5074666257595726	0.005109250188569341	13	46	7	3.5384615384615383	9005964.553454516	56796.19521772558	0.5949255357340348	-1.7820844401027982	2293
half_step_1	1.5074666257595726	0.0025546250942846704	11	48	9	4.363636363636363	9005964.553454516	218507.78880802653	0.5949255357340348	-1.7820844401027982	2293
half_step_2	1.5100212508538573	0.0025546250942846704	13	65	9	5	9005964.553454516	224568.64074291862	0.621316582779059	-1.7705460412754175	2239
full_step	1.512575875948142	0.007799588172504177	11	37	9	3.3636363636363638	9005964.553454516	68805.23774325316	0.7040939500599279	-1.771899044539498	2212
full_step	1.512575875948142	0.0038997940862520886	12	52	10	4.333333333333333	9005964.553454516	226282.32253633763	0.7040939500599279	-1.771899044539498	2212
half_step_1	1.512575875948142	0.0019498970431260443	12	50	10	4.166666666666667	9005964.553454516	177465.56067169513	0.7040939500599279	-1.771899044539498	2212
half_step_2	1.514525772991268	0.0019498970431260443	10	33	8	3.3	9005964.553454516	161063.5986142184	0.5100371465662761	-1.773290583451507	2182
full_step	1.5164756700343942	0.011645564348914231	9	22	7	2.4444444444444446	9005964.553454516	56860.92214968399	0.47388165349281053	-1.7810282515234452	2207
full_step	1.5164756700343942	0.005822782174457116	11	35	7	3.1818181818181817	9005964.553454516	37169.714608475966	0.47388165349281053	-1.7810282515234452	2207
half_step_1	1.5164756700343942	0.002911391087228558	10	44	10	4.4	9005964.553454516	146448.47950934738	0.47388165349281053	-1.7810282515234452	2207
half_step_2	1.5193870611216227	0.002911391087228558	9	41	9	4.555555555555555	9005964.553454516	221737.3603685495	0.6215283951390234	-1.781605046477988	2207
full_step	1.5222984522088514	0.007295721474728592	11	37	7	3.3636363636363638	9005964.553454516	67322.44309364744	0.8398631453880512	-1.787958228060628	2291
full_step	1.5222984522088514	0.003647860737364296	14	60	10	4.285714285714286	9005964.553454516	213647.96375013934	0.8398631453880512	-1.787958228060628	2291
half_step_1	1.5222984522088514	0.001823930368682148	9	47	13	5.222222222222222	9005964.553454516	273025.86965572106	0.8398631453880512	-1.787958228060628	2291
half_step_2	1.5241223825775336	0.001823930368682148	12	38	9	3.1666666666666665	9005964.553454516	197051.01370898564	0.7102507339925523	-1.7928948148117105	2277
full_step	1.5259463129462156	0.011278273173604967	9	26	8	2.888888888888889	9005964.553454516	76600.31908076728	0.49404478705668	-1.791498463149713	2132
full_step	1.5259463129462156	0.005639136586802484	11	40	7	3.6363636363636362	9005964.553454516	37465.63215636971	0.49404478705668	-1.791498463149713	2132
half_step_1	1.5259463129462156	0.002819568293401242	9	40	9	4.444444444444445	9005964.553454516	114435.58655877167	0.49404478705668	-1.791498463149713	2132
half_step_2	1.5287658812396168	0.002819568293401242	10	41	8	4.1	9005964.553454516	165759.716698549	0.41207414060477277	-1.7952351589873305	2139
full_step	1.5315854495330181	0.013307934471884669	8	24	7	3	9005964.553454516	101464.27847226156	0.6289769813478756	-1.774116811590108	2205
full_step	1.5315854495330181	0.0066539672359423345	11	43	7	3.909090909090909	9005964.553454516	90405.11069575179	0.6289769813478756	-1.774116811590108	2205
full_step	1.5315854495330181	0.0033269836179711672	8	39	10	4.875	9005964.553454516	212383.97786898	0.6289769813478756	-1.774116811590108	2205
half_step_1	1.5315854495330181	0.0016634918089855836	13	51	10	3.923076923076923	9005964.553454516	233242.05261862368	0.6289769813478756	-1.774116811590108	2205
half_step_2	1.5332489413420036	0.0016634918089855836	13	45	12	3.4615384615384617	9005964.553454516	164006.86091982064	0.5235823235291264	-1.779110556044387	2187
full_step	1.5349124331509894	0.011560441217027045	7	15	7	2.142857142857143	9005964.553454516	78774.18098492727	0.37262336326568857	-1.801851620997883	2203
full_step	1.5349124331509894	0.0057802206085135225	12	41	8	3.4166666666666665	9005964.553454516	36960.15383920913	0.37262336326568857	-1.801851620997883	2203
half_step_1	1.5349124331509894	0.0028901103042567613	8	29	7	3.625	9005964.553454516	79026.63760868557	0.37262336326568857	-1.801851620997883	2203
half_step_2	1.537802543455246	0.0028901103042567613	11	45	9	4.090909090909091	9005964.553454516	211933.61037506186	0.5027582881764943	-1.7857064410249253	2211
full_step	1.540692653759503	0.0135372342719462	11	28	6	2.5454545454545454	9005964.553454516	88020.1073447373	0.7088315755509598	-1.7807571724571867	2247
full_step	1.540692653759503	0.0067686171359731	12	45	7	3.75	9005964.553454516	121867.19871305305	0.7088315755509598	-1.7807571724571867	2247
full_step	1.540692653759503	0.00338430856798655	10	47	12	4.7	9005964.553454516	247298.84953802638	0.7088315755509598	-1.7807571724571867	2247
half_step_1	1.540692653759503	0.001692154283993275	11	49	9	4.454545454545454	9005964.553454516	230781.24205325157	0.7088315755509598	-1.7807571724571867	2247
half_step_2	1.5423848080434963	0.001692154283993275	10	37	8	3.7	9005964.553454516	161897.71046956713	0.5577505535795808	-1.780178571326058	2279
full_step	1.5440769623274895	0.011443556624942543	7	14	7	2	9005964.553454516	69003.24341788143	0.38371702327481216	-1.7889609286022503	2215
full_step	1.5440769623274895	0.005721778312471271	10	34	8	3.4	9005964.553454516	32499.499957759686	0.38371702327481216	-1.7889609286022503	2215
half_step_1	1.5440769623274895	0.0028608891562356357	8	29	8	3.625	9005964.553454516	75853.14933376589	0.38371702327481216	-1.7889609286022503	2215
half_step_2	1.546937851483725	0.0028608891562356357	12	60	11	5	9005964.553454516	215072.89384795094	0.5146032655566728	-1.7843559310432837	2388
full_step	1.5497987406399607	0.012115527935915842	10	27	8	2.7	9005964.553454516	76053.8931674975	0.6080075649949208	-1.783857765134431	2354
full_step	1.5497987406399607	0.006057763967957921	11	41	7	3.727272727272727	9005964.553454516	58854.434664422515	0.6080075649949208	-1.783857765134431	2354
half_step_1	1.5497987406399607	0.0030288819839789606	10	44	8	4.4	9005964.553454516	230827.16510549982	0.6080075649949208	-1.783857765134431	2354
half_step_2	1.5528276226239397	0.0030288819839789606	14	63	9	4.5	9005964.553454516	267488.4356541838	0.900752797456505	-1.7835221594917496	2356
full_step	1.5558565046079187	0.0157063391135514	13	40	8	3.076923076923077	9005964.553454516	98578.39991256126	1.1555098240851862	-1.781503329776575	2316
full_step	1.5558565046079187	0.0078531695567757	14	61	8	4.357142857142857	9005964.553454516	81393.1737706367	1.1555098240851862	-1.781503329776575	2316
full_step	1.5558565046079187	0.00392658477838785	13	63	11	4.846153846153846	9005964.553454516	268611.93608867173	1.1555098240851862	-1.781503329776575	2316
half_step_1	1.5558565046079187	0.001963292389193925	10	47	12	4.7	9005964.553454516	351645.3028400499	1.1555098240851862	-1.781503329776575	2316
half_step_2	1.5578197969971126	0.001963292389193925	12	49	9	4.083333333333333	9005964.553454516	224597.89161284224	0.9062611742150466	-1.8052776483190458	2371
full_step	1.5597830893863065	0.010141188092846951	11	19	6	1.7272727272727273	9005964.553454516	55923.26265210309	0.6646864860866231	-1.796718165171024	2376
full_step	1.5597830893863065	0.005070594046423476	12	36	8	3	9005964.553454516	67555.32619013915	0.6646864860866231	-1.796718165171024	2376
half_step_1	1.5597830893863065	0.002535297023211738	12	57	12	4.75	9005964.553454516	115914.11327954472	0.6646864860866231	-1.796718165171024	2376
half_step_2	1.5623183864095183	0.002535297023211738	12	51	9	4.25	9005964.553454516	174105.3675062968	0.6787188246391906	-1.7955249080636795	2334
full_step	1.56485368343273	0.008182589016720233	11	38	8	3.4545454545454546	9005964.553454516	36078.296793423804	0.6307212996698013	-1.7909461663280772	2273
full_step	1.56485368343273	0.004091294508360117	10	39	8	3.9	9005964.553454516	104208.01568131863	0.6307212996698013	-1.7909461663280772	2273
half_step_1	1.56485368343273	0.0020456472541800583	10	54	11	5.4	9005964.553454516	184797.83739283332	0.6307212996698013	-1.7909461663280772	2273
half_step_2	1.5668993306869101	0.0020456472541800583	12	55	11	4.583333333333333	9005964.553454516	189873.56545681518	0.6842952154225372	-1.7861134173840045	2277
full_step	1.5689449779410902	0.01071195973067551	9	32	10	3.5555555555555554	9005964.553454516	86296.94824134735	0.5955785780251972	-1.7972011743730596	2275
full_step	1.5689449779410902	0.005355979865337755	12	33	7	2.75	9005964.553454516	63495.43137393489	0.5955785780251972	-1.7972011743730596	2275
half_step_1	1.5689449779410902	0.0026779899326688774	9	35	9	3.888888888888889	9005964.553454516	190786.0706395379	0.5955785780251972	-1.7972011743730596	2275
half_step_2	1.571622967873759	0.0026779899326688774	11	52	10	4.7272727272727275	9005964.553454516	233014.9471970823	0.5957629148405772	-1.7932949512408212	2426
full_step	1.574300957806428	0.007289110013816275	13	47	8	3.6153846153846154	9005964.553454516	51353.60594852879	0.6490412240436285	-1.795271766835675	2360
full_step	1.574300957806428	0.0036445550069081375	12	59	10	4.916666666666667	9005964.553454516	148983.42764693053	0.6490412240436285	-1.795271766835675	2360
half_step_1	1.574300957806428	0.0018222775034540688	10	39	11	3.9	9005964.553454516	218306.0363898841	0.6490412240436285	-1.795271766835675	2360
half_step_2	1.576123235309882	0.0018222775034540688	12	37	8	3.0833333333333335	9005964.553454516	159707.66655109837	0.5523785353909716	-1.7969215970566432	2374
full_step	1.5779455128133362	0.012072681435130631	11	34	8	3.090909090909091	9005964.553454516	74474.84323973386	0.4172713364534957	-1.8060218370596548	2387
full_step	1.5779455128133362	0.006036340717565316	10	29	5	2.9	9005964.553454516	36291.554764424625	0.4172713364534957	-1.8060218370596548	2387
half_step_1	1.5779455128133362	0.003018170358782658	9	34	10	3.7777777777777777	9005964.553454516	113692.33565517244	0.4172713364534957	-1.8060218370596548	2387
half_step_2	1.5809636831721188	0.003018170358782658	12	47	8	3.9166666666666665	9005964.553454516	229006.18142237797	0.5799789842270684	-1.7948304115120823	2450
full_step	1.5839818535309016	0.014377863550944394	9	32	7	3.5555555555555554	9005964.553454516	96060.02217850099	0.8928537691167548	-1.78076450289349	2390
full_step	1.5839818535309016	0.007188931775472197	11	44	9	4	9005964.553454516	72121.10461175401	0.8928537691167548	-1.78076450289349	2390
full_step	1.5839818535309016	0.0035944658877360984	10	49	8	4.9	9005964.553454516	206671.35065566102	0.8928537691167548	-1.78076450289349	2390
half_step_1	1.5839818535309016	0.0017972329438680492	13	67	11	5.153846153846154	9005964.553454516	336234.7412048579	0.8928537691167548	-1.78076450289349	2390
half_step_2	1.5857790864747696	0.0017972329438680492	10	35	8	3.5	9005964.553454516	206567.7454763823	0.7408064702794945	-1.8042514364377304	2434
full_step	1.5875763194186376	0.005732849160321489	11	34	6	3.090909090909091	9005964.553454516	43434.17741437697	0.48842962088673403	-1.7783670974576018	2359
half_step_1	1.5875763194186376	0.0028664245801607443	7	22	7	3.142857142857143	9005964.553454516	125259.52527727705	0.48842962088673403	-1.7783670974576018	2359
half_step_2	1.5904427439987985	0.0028664245801607443	11	52	7	4.7272727272727275	9005964.553454516	153594.55115920736	0.5576561507368751	-1.7868734936408304	2337
full_step	1.593309168578959	0.01736930869690203	8	18	5	2.25	9005964.553454516	96805.4207226886	0.7335583637101308	-1.7849400159738913	2416
full_step	1.593309168578959	0.008684654348451015	12	40	11	3.3333333333333335	9005964.553454516	44921.92780664803	0.7335583637101308	-1.7849400159738913	2416
full_step	1.593309168578959	0.004342327174225507	13	55	8	4.230769230769231	9005964.553454516	166825.28646728265	0.7335583637101308	-1.7849400159738913	2416
half_step_1	1.593309168578959	0.0021711635871127536	8	41	11	5.125	9005964.553454516	213093.00695437484	0.7335583637101308	-1.7849400159738913	2416
half_step_2	1.5954803321660718	0.0021711635871127536	11	48	9	4.363636363636363	9005964.553454516	219698.37937335885	0.6798219762176245	-1.7866219075483316	2308
full_step	1.5976514957531847	0.013244553217048727	9	26	7	2.888888888888889	9005964.553454516	81232.93554807278	0.5729137399826527	-1.7827790592671522	2307
full_step	1.5976514957531847	0.006622276608524364	13	49	7	3.769230769230769	9005964.553454516	49851.69433418648	0.5729137399826527	-1.7827790592671522	2307
half_step_1	1.5976514957531847	0.003311138304262182	9	37	9	4.111111111111111	9005964.553454516	155260.98737212067	0.5729137399826527	-1.7827790592671522	2307
half_step_2	1.6009626340574468	0.003311138304262182	13	80	14	6.153846153846154	9005964.553454516	239574.60896572727	0.7856873516566338	-1.7721024557714733	2298
full_step	1.604273772361709	0.017432750420398387	10	27	6	2.7	9005964.553454516	99809.51779723262	1.014909906128139	-1.766262858196635	2292
full_step	1.604273772361709	0.008716375210199193	11	39	9	3.5454545454545454	9005964.553454516	66378.18545163215	1.014909906128139	-1.766262858196635	2292
full_step	1.604273772361709	0.004358187605099597	11	55	12	5	9005964.553454516	218009.5385610605	1.014909906128139	-1.766262858196635	2292
half_step_1	1.604273772361709	0.0021790938025497983	13	57	10	4.384615384615385	9005964.553454516	300687.28940194764	1.014909906128139	-1.766262858196635	2292
half_step_2	1.606452866164259	0.0021790938025497983	13	64	10	4.923076923076923	9005964.553454516	207057.59705582127	0.8744388349679753	-1.7733997121241871	2385
full_step	1.6086319599668086	0.012411854263921608	10	32	7	3.2	9005964.553454516	75802.45074763113	0.6511660893485782	-1.7958851270721254	2390
full_step	1.6086319599668086	0.006205927131960804	10	31	7	3.1	9005964.553454516	50646.71733419618	0.6511660893485782	-1.7958851270721254	2390
half_step_1	1.6086319599668086	0.003102963565980402	8	27	7	3.375	9005964.553454516	171239.29937308398	0.6511660893485782	-1.7958851270721254	2390
half_step_2	1.6117349235327891	0.003102963565980402	12	65	9	5.416666666666667	9005964.553454516	219844.368855069	0.7171761285835601	-1.7866504266265295	2425
full_step	1.6148378870987694	0.011244342760304673	11	31	7	2.8181818181818183	9005964.553454516	66488.11012210196	0.9194545984383922	-1.7768494719443566	2395
full_step	1.6148378870987694	0.005622171380152336	10	40	9	4	9005964.553454516	96066.31542730729	0.9194545984383922	-1.7768494719443566	2395
half_step_1	1.6148378870987694	0.002811085690076168	14	45	8	3.2142857142857144	9005964.553454516	248644.4994568202	0.9194545984383922	-1.7768494719443566	2395
half_step_2	1.6176489727888457	0.002811085690076168	13	75	11	5.769230769230769	9005964.553454516	206707.51240767218	0.8948200551329819	-1.7840078845340304	2357
full_step	1.6204600584789217	0.005622171380152336	12	47	10	3.9166666666666665	9005964.553454516	87624.12864931354	0.9846728813851087	-1.7889458689349695	2306
half_step_1	1.6204600584789217	0.002811085690076168	11	49	10	4.454545454545454	9005964.553454516	214140.20714502392	0.9846728813851087	-1.7889458689349695	2306
half_step_2	1.623271144168998	0.002811085690076168	12	57	10	4.75	9005964.553454516	236642.51501616364	0.92118959772273	-1.7914646096414673	2192
full_step	1.626082229859074	0.01526735321547534	12	40	7	3.3333333333333335	9005964.553454516	103369.72175305351	0.8851510970929439	-1.7833057969526103	2130
full_step	1.626082229859074	0.00763367660773767	11	44	8	4	9005964.553454516	85706.6388588127	0.8851510970929439	-1.7833057969526103	2130
full_step	1.626082229859074	0.003816838303868835	10	49	9	4.9	9005964.553454516	248406.15149098635	0.8851510970929439	-1.7833057969526103	2130
half_step_1	1.626082229859074	0.0019084191519344175	9	40	10	4.444444444444445	9005964.553454516	248470.17832065068	0.8851510970929439	-1.7833057969526103	2130
half_step_2	1.6279906490110085	0.0019084191519344175	13	44	9	3.3846153846153846	9005964.553454516	167369.93933831202	0.6481344478153233	-1.789131586469103	2164
full_step	1.6298990681629428	0.013227650718890238	11	25	8	2.272727272727273	9005964.553454516	86402.40176615455	0.43853960253545665	-1.7932819554652775	2085
full_step	1.6298990681629428	0.006613825359445119	12	38	8	3.1666666666666665	9005964.553454516	29148.519500985432	0.43853960253545665	-1.7932819554652775	2085
full_step	1.6298990681629428	0.0033069126797225594	12	58	10	4.833333333333333	9005964.553454516	117144.76497517173	0.43853960253545665	-1.7932819554652775	2085
full_step	1.6298990681629428	0.0016534563398612797	11	36	11	3.272727272727273	9005964.553454516	129504.73123611315	0.43853960253545665	-1.7932819554652775	2085
half_step_1	1.6298990681629428	0.0008267281699306399	13	55	10	4.230769230769231	9005964.553454516	258281.83834269043	0.43853960253545665	-1.7932819554652775	2085
half_step_2	1.6307257963328734	0.0008267281699306399	9	27	8	3	9005964.553454516	141218.73765230255	0.24021821482705263	-1.798981013011688	2083
full_step	1.6315525245028042	0.008267281699306399	9	12	4	1.3333333333333333	9005964.553454516	34097.37995452271	0.06777335010519892	-1.8048362914441545	2069
half_step_1	1.6315525245028042	0.004133640849653199	9	16	5	1.7777777777777777	9005964.553454516	15632.580078146317	0.06777335010519892	-1.8048362914441545	2069
half_step_2	1.6356861653524575	0.004133640849653199	15	81	9	5.4	9005964.553454516	156056.74204312832	1.04881598405143	-1.7748200908573688	2211
full_step	1.6315525245028042	0.005738262415802873	8	10	4	1.25	9005964.553454516	18208.66466191517	0.06777335010519892	-1.8048362914441545	2069
half_step_1	1.6315525245028042	0.0028691312079014365	10	29	8	2.9	9005964.553454516	15291.042587910852	0.06777335010519892	-1.8048362914441545	2069
half_step_2	1.6344216557107056	0.0028691312079014365	12	66	12	5.5	9005964.553454516	83772.38004598292	0.8352738326177587	-1.7917629546531215	2098
full_step	1.6315525245028042	0.004237777327399527	9	12	5	1.3333333333333333	9005964.553454516	15691.112048863346	0.06777335010519892	-1.8048362914441545	2069
half_step_1	1.6315525245028042	0.0021188886636997633	10	31	9	3.1	9005964.553454516	24848.889552350553	0.06777335010519892	-1.8048362914441545	2069
half_step_2	1.633671413166504	0.0021188886636997633	12	50	9	4.166666666666667	9005964.553454516	94013.75088781984	0.6954716787271309	-1.7967433333635843	2136
full_step	1.6315525245028042	0.003410545579844521	10	13	4	1.3	9005964.553454516	14995.0954593098	0.06777335010519892	-1.8048362914441545	2069
half_step_1	1.6315525245028042	0.0017052727899222605	12	39	8	3.25	9005964.553454516	33078.49476399069	0.06777335010519892	-1.8048362914441545	2069
half_step_2	1.6332577972927265	0.0017052727899222605	12	57	10	4.75	9005964.553454516	212332.29361804115	0.6105268378021265	-1.7972094711131088	2139
full_step	1.6315525245028042	0.003054773440384517	10	23	8	2.3	9005964.553454516	15165.231087732956	0.06777335010519892	-1.8048362914441545	2069
half_step_1	1.6315525245028042	0.0015273867201922584	9	18	5	2	9005964.553454516	36603.10140013031	0.06777335010519892	-1.8048362914441545	2069
half_step_2	1.6330799112229963	0.0015273867201922584	11	55	9	5	9005964.553454516	219984.0210423477	0.5729691268871875	-1.7898692133834129	2131
full_step	1.6346072979431887	0.003054773440384517	7	12	6	1.7142857142857142	9005964.553454516	70744.6601100601	0.45646484063422577	-1.7960398047691548	2116
half_step_1	1.6346072979431887	0.0015273867201922584	7	28	7	4	9005964.553454516	124363.81620950627	0.45646484063422577	-1.7960398047691548	2116
half_step_2	1.6361346846633809	0.0015273867201922584	11	53	9	4.818181818181818	9005964.553454516	152298.25303153016	0.23520648826797697	-1.7952292892789048	2155
full_step	1.6376620713835732	0.0036688529130795445	10	31	8	3.1	9005964.553454516	57009.33892543445	0.28273310078623126	-1.7851673232126748	2223
half_step_1	1.6376620713835732	0.0018344264565397722	8	33	8	4.125	9005964.553454516	154784.06152235586	0.28273310078623126	-1.7851673232126748	2223
half_step_2	1.639496497840113	0.0018344264565397722	11	53	11	4.818181818181818	9005964.553454516	186792.89466001763	0.3745267115078832	-1.775033183450305	2200
full_step	1.6413309242966527	0.0036688529130795445	10	32	7	3.2	9005964.553454516	76201.53985867616	0.4083948915568385	-1.7769063618414662	2200
half_step_1	1.6413309242966527	0.0018344264565397722	9	39	10	4.333333333333333	9005964.553454516	212004.15703973395	0.4083948915568385	-1.7769063618414662	2200
half_step_2	1.6431653507531925	0.0018344264565397722	11	50	10	4.545454545454546	9005964.553454516	146590.73995737	0.4027581505207536	-1.780039304551048	2180
full_step	1.6449997772097322	0.005157239174367229	10	32	6	3.2	9005964.553454516	54132.17246804441	0.3868540524439936	-1.7857215872964634	2244
half_step_1	1.6449997772097322	0.0025786195871836145	9	33	8	3.6666666666666665	9005964.553454516	183388.34249813564	0.3868540524439936	-1.7857215872964634	2244
half_step_2	1.6475783967969158	0.0025786195871836145	10	57	13	5.7	9005964.553454516	201215.40006486562	0.538974881287686	-1.7886503320816036	2236
full_step	1.6501570163840995	0.01086034114268466	11	33	6	3	9005964.553454516	65933.04932923306	0.6503119777539155	-1.7830169097078863	2262
full_step	1.6501570163840995	0.00543017057134233	12	48	9	4	9005964.553454516	90721.09671796755	0.6503119777539155	-1.7830169097078863	2262
half_step_1	1.6501570163840995	0.002715085285671165	9	36	9	4	9005964.553454516	241993.38102730698	0.6503119777539155	-1.7830169097078863	2262
half_step_2	1.6528721016697707	0.002715085285671165	12	55	10	4.583333333333333	9005964.553454516	221234.08611486477	0.7749940467586498	-1.7705649309316729	2250
full_step	1.655587186955442	0.011862553499691012	11	34	6	3.090909090909091	9005964.553454516	73253.96981038596	0.8193295491420827	-1.7701308298276763	2230
full_step	1.655587186955442	0.005931276749845506	10	37	8	3.7	9005964.553454516	77128.83491374896	0.8193295491420827	-1.7701308298276763	2230
full_step	1.655587186955442	0.002965638374922753	10	43	9	4.3	9005964.553454516	227069.40275461588	0.8193295491420827	-1.7701308298276763	2230
half_step_1	1.655587186955442	0.0014828191874613765	14	58	10	4.142857142857143	9005964.553454516	313959.5255668547	0.8193295491420827	-1.7701308298276763	2230
half_step_2	1.6570700061429033	0.0014828191874613765	14	72	11	5.142857142857143	9005964.553454516	190389.40855502372	0.593787898287701	-1.7947040418024869	2174
full_step	1.6585528253303647	0.009497834758277625	10	21	5	2.1	9005964.553454516	43990.00923839443	0.35145970205013555	-1.7894050691405465	2231
full_step	1.6585528253303647	0.004748917379138812	11	40	8	3.6363636363636362	9005964.553454516	54826.67355284585	0.35145970205013555	-1.7894050691405465	2231
half_step_1	1.6585528253303647	0.002374458689569406	8	34	8	4.25	9005964.553454516	147016.67081009582	0.35145970205013555	-1.7894050691405465	2231
half_step_2	1.660927284019934	0.002374458689569406	10	50	10	5	9005964.553454516	140889.2162259087	0.46538621313942485	-1.7907151695320709	2193
full_step	1.6633017427095036	0.014161225941862159	9	20	6	2.2222222222222223	9005964.553454516	96548.44549868822	0.576382773338878	-1.7899198885251029	2304
full_step	1.6633017427095036	0.0070806129709310795	11	38	7	3.4545454545454546	9005964.553454516	48041.5601733952	0.576382773338878	-1.7899198885251029	2304
full_step	1.6633017427095036	0.0035403064854655397	9	35	7	3.888888888888889	9005964.553454516	125104.3559450566	0.576382773338878	-1.7899198885251029	2304
full_step	1.6633017427095036	0.0017701532427327699	13	61	10	4.6923076923076925	9005964.553454516	190761.5034782063	0.576382773338878	-1.7899198885251029	2304
half_step_1	1.6633017427095036	0.0008850766213663849	11	52	9	4.7272727272727275	9005964.553454516	283852.0954580427	0.576382773338878	-1.7899198885251029	2304
half_step_2	1.66418681933087	0.0008850766213663849	12	39	8	3.25	9005964.553454516	163968.50973835788	0.3208397708749544	-1.7979740418341184	2320
full_step	1.6650718959522364	0.004868646390543997	11	15	4	1.3636363636363635	9005964.553454516	14820.638085888422	0.15486889211308608	-1.8022309365727556	2304
half_step_1	1.6650718959522364	0.0024343231952719986	11	39	10	3.5454545454545454	9005964.553454516	39128.927082636816	0.15486889211308608	-1.8022309365727556	2304
half_step_2	1.6675062191475083	0.0024343231952719986	14	59	8	4.214285714285714	9005964.553454516	400017.93145957624	0.5876547012180708	-1.792673689434762	2387
full_step	1.6650718959522364	0.0036229645380192145	10	19	5	1.9	9005964.553454516	24566.61461629912	0.15486889211308608	-1.8022309365727556	2304
half_step_1	1.6650718959522364	0.0018114822690096072	10	36	9	3.6	9005964.553454516	47863.5853764534	0.15486889211308608	-1.8022309365727556	2304
half_step_2	1.666883378221246	0.0018114822690096072	11	39	9	3.5454545454545454	9005964.553454516	85872.95721147065	0.43880223223459325	-1.7822203090685458	2335
full_step	1.6686948604902556	0.004436790152235653	11	48	16	4.363636363636363	9005964.553454516	163881.11964874528	0.7934972454164608	-1.7750668473389235	2422
half_step_1	1.6686948604902556	0.0022183950761178266	11	40	9	3.6363636363636362	9005964.553454516	355416.3323456334	0.7934972454164608	-1.7750668473389235	2422
half_step_2	1.6709132555663735	0.0022183950761178266	12	58	10	4.833333333333333	9005964.553454516	197445.2500550111	0.4135464439672205	-1.777911969061607	2566
full_step	1.6686948604902556	0.003634355550850903	12	52	11	4.333333333333333	9005964.553454516	206311.7508689752	0.7934972454164608	-1.7750668473389235	2422
half_step_1	1.6686948604902556	0.0018171777754254514	10	35	8	3.5	9005964.553454516	379412.87523781724	0.7934972454164608	-1.7750668473389235	2422
half_step_2	1.670512038265681	0.0018171777754254514	12	66	9	5.5	9005964.553454516	168487.52237552623	0.3292100361815642	-1.7747530372425044	2446
full_step	1.6723292160411065	0.003634355550850903	8	29	9	3.625	9005964.553454516	60165.87194867769	0.3911652534421819	-1.7781145345898648	2552
half_step_1	1.6723292160411065	0.0018171777754254514	8	37	10	4.625	9005964.553454516	154200.73547663703	0.3911652534421819	-1.7781145345898648	2552
half_step_2	1.674146393816532	0.0018171777754254514	9	43	12	4.777777777777778	9005964.553454516	156923.68745060926	0.4010553468695548	-1.7741030842335146	2624
full_step	1.6759635715919574	0.004423964925210329	8	26	8	3.25	9005964.553454516	81858.09554646788	0.38072783742080674	-1.7818111469392455	2604
half_step_1	1.6759635715919574	0.0022119824626051646	10	48	12	4.8	9005964.553454516	118339.11100978799	0.38072783742080674	-1.7818111469392455	2604
half_step_2	1.6781755540545626	0.0022119824626051646	12	52	12	4.333333333333333	9005964.553454516	200753.1502124253	0.5394272523328141	-1.7704349341993835	2652
full_step	1.6803875365171677	0.004423964925210329	11	44	8	4	9005964.553454516	88134.4258319427	0.5157873363432373	-1.7785260074858738	2575
half_step_1	1.6803875365171677	0.0022119824626051646	9	45	11	5	9005964.553454516	233681.04041120218	0.5157873363432373	-1.7785260074858738	2575
half_step_2	1.682599518979773	0.0022119824626051646	12	44	7	3.6666666666666665	9005964.553454516	146862.71256835628	0.547964350432153	-1.7770665300830522	2594
full_step	1.684811501442378	0.004423964925210329	12	37	7	3.0833333333333335	9005964.553454516	111198.16786656955	0.5488674174772541	-1.783229782687439	2700
half_step_1	1.684811501442378	0.0022119824626051646	10	44	13	4.4	9005964.553454516	153347.59792910138	0.5488674174772541	-1.783229782687439	2700
half_step_2	1.6870234839049831	0.0022119824626051646	11	54	10	4.909090909090909	9005964.553454516	144534.42378944386	0.5353292190416141	-1.7789032666282827	2624
full_step	1.6892354663675881	0.0090616695120628	12	36	7	3	9005964.553454516	52326.25195828174	0.5782892905269819	-1.7824083909896715	2563
full_step	1.6892354663675881	0.0045308347560314	10	38	9	3.8	9005964.553454516	96918.71298356772	0.5782892905269819	-1.7824083909896715	2563
half_step_1	1.6892354663675881	0.0022654173780157	10	33	7	3.3	9005964.553454516	202314.17738266828	0.5782892905269819	-1.7824083909896715	2563
half_step_2	1.6915008837456038	0.0022654173780157	11	46	8	4.181818181818182	9005964.553454516	165912.78579921482	0.5707354210797462	-1.7859488985700809	2544
full_step	1.6937663011236195	0.015530116127133538	9	28	7	3.111111111111111	9005964.553454516	128861.85060500476	0.7119107795291484	-1.78545566716182	2497
full_step	1.6937663011236195	0.007765058063566769	10	36	10	3.6	9005964.553454516	51616.31164384219	0.7119107795291484	-1.78545566716182	2497
full_step	1.6937663011236195	0.0038825290317833845	10	42	9	4.2	9005964.553454516	132609.32748912775	0.7119107795291484	-1.78545566716182	2497
half_step_1	1.6937663011236195	0.0019412645158916923	9	39	10	4.333333333333333	9005964.553454516	214873.19703261566	0.7119107795291484	-1.78545566716182	2497
half_step_2	1.695707565639511	0.0019412645158916923	10	43	9	4.3	9005964.553454516	162325.27506554633	0.6202373700535304	-1.791729559923525	2360
full_step	1.697648830155403	0.013189230991292716	9	22	7	2.4444444444444446	9005964.553454516	94286.18296762549	0.45313410249411845	-1.774642865932857	2309
full_step	1.697648830155403	0.006594615495646358	10	29	5	2.9	9005964.553454516	38947.86787811096	0.45313410249411845	-1.774642865932857	2309
half_step_1	1.697648830155403	0.003297307747823179	8	35	10	4.375	9005964.553454516	127268.90499825051	0.45313410249411845	-1.774642865932857	2309
half_step_2	1.700946137903226	0.003297307747823179	12	58	10	4.833333333333333	9005964.553454516	213716.31349685023	0.7190607290450544	-1.7774819311577157	2352
full_step	1.7042434456510493	0.012000823914212512	12	39	6	3.25	9005964.553454516	94404.4656730575	1.0407475957031238	-1.7627662658144334	2302
full_step	1.7042434456510493	0.006000411957106256	11	52	9	4.7272727272727275	9005964.553454516	117184.22061328628	1.0407475957031238	-1.7627662658144334	2302
full_step	1.7042434456510493	0.003000205978553128	12	56	12	4.666666666666667	9005964.553454516	255281.71026980376	1.0407475957031238	-1.7627662658144334	2302
half_step_1	1.7042434456510493	0.001500102989276564	13	47	11	3.6153846153846154	9005964.553454516	401497.6468041451	1.0407475957031238	-1.7627662658144334	2302
half_step_2	1.7057435486403258	0.001500102989276564	11	52	11	4.7272727272727275	9005964.553454516	225881.51148600076	0.8223680114169838	-1.7741541306785795	2327
full_step	1.7072436516296026	0.007590677698917359	12	38	7	3.1666666666666665	9005964.553454516	23197.2492730396	0.4661169965115164	-1.7859555292165181	2314
half_step_1	1.7072436516296026	0.0037953388494586797	9	45	12	5	9005964.553454516	55596.76297594383	0.4661169965115164	-1.7859555292165181	2314
half_step_2	1.7110389904790613	0.0037953388494586797	13	64	11	4.923076923076923	9005964.553454516	141555.2969162486	0.5889061851497104	-1.7801003352776033	2278
full_step	1.71483432932852	0.014505363208770914	11	38	11	3.4545454545454546	9005964.553454516	94039.23611404856	1.0495616355818242	-1.756264993304613	2298
full_step	1.71483432932852	0.007252681604385457	10	49	9	4.9	9005964.553454516	99412.7981600186	1.0495616355818242	-1.756264993304613	2298
full_step	1.71483432932852	0.0036263408021927285	10	47	11	4.7	9005964.553454516	304121.01844073227	1.0495616355818242	-1.756264993304613	2298
half_step_1	1.71483432932852	0.0018131704010963643	14	65	12	4.642857142857143	9005964.553454516	376347.7335383829	1.0495616355818242	-1.756264993304613	2298
half_step_2	1.7166474997296164	0.0018131704010963643	12	53	10	4.416666666666667	9005964.553454516	234623.2759848688	0.8632552377456477	-1.7761786186433075	2253
full_step	1.7184606701307128	0.010587304834112023	12	26	7	2.1666666666666665	9005964.553454516	56945.30968976148	0.5786875283629342	-1.7824586274076988	2235
full_step	1.7184606701307128	0.0052936524170560115	13	47	9	3.6153846153846154	9005964.553454516	50444.07112100632	0.5786875283629342	-1.7824586274076988	2235
half_step_1	1.7184606701307128	0.0026468262085280058	10	50	12	5	9005964.553454516	100004.9954264505	0.5786875283629342	-1.7824586274076988	2235
half_step_2	1.7211074963392408	0.0026468262085280058	11	47	10	4.2727272727272725	9005964.553454516	175576.79929997877	0.4502176898047878	-1.7793885981727104	2185
full_step	1.7184606701307128	0.004144253170648317	13	67	9	5.153846153846154	9005964.553454516	64468.99904007977	0.5786875283629342	-1.7824586274076988	2235
half_step_1	1.7184606701307128	0.0020721265853241586	9	28	8	3.111111111111111	9005964.553454516	127324.85277762874	0.5786875283629342	-1.7824586274076988	2235
half_step_2	1.7205327967160369	0.0020721265853241586	9	40	8	4.444444444444445	9005964.553454516	134328.67982546912	0.3690657588504678	-1.7894306714795243	2220
full_step	1.7184606701307128	0.0034423491559787004	13	60	9	4.615384615384615	9005964.553454516	88370.63647113297	0.5786875283629342	-1.7824586274076988	2235
half_step_1	1.7184606701307128	0.0017211745779893502	10	31	9	3.1	9005964.553454516	152973.5303777152	0.5786875283629342	-1.7824586274076988	2235
half_step_2	1.720181844708702	0.0017211745779893502	8	29	11	3.625	9005964.553454516	105460.00693070288	0.33599220944620356	-1.7856138572033555	2168
full_step	1.7184606701307128	0.00296658617110633	11	42	8	3.8181818181818183	9005964.553454516	89376.11202772161	0.5786875283629342	-1.7824586274076988	2235
half_step_1	1.7184606701307128	0.001483293085553165	8	28	11	3.5	9005964.553454516	177253.64239093466	0.5786875283629342	-1.7824586274076988	2235
half_step_2	1.7199439632162659	0.001483293085553165	8	29	8	3.625	9005964.553454516	137486.9456067194	0.3213208540293522	-1.7836161067719178	2199
full_step	1.7184606701307128	0.0026313928604269473	12	44	8	3.6666666666666665	9005964.553454516	100583.2940167209	0.5786875283629342	-1.7824586274076988	2235
half_step_1	1.7184606701307128	0.0013156964302134737	10	43	10	4.3	9005964.553454516	199628.78787625724	0.5786875283629342	-1.7824586274076988	2235
half_step_2	1.7197763665609263	0.0013156964302134737	7	24	10	3.4285714285714284	9005964.553454516	116419.55629971021	0.3150875726880713	-1.794310252318898	2200
full_step	1.7210920629911397	0.0026313928604269473	12	49	10	4.083333333333333	9005964.553454516	123274.4308619265	0.7209339013128897	-1.7898788910148093	2172
half_step_1	1.7210920629911397	0.0013156964302134737	8	26	10	3.25	9005964.553454516	387740.64413585287	0.7209339013128897	-1.7898788910148093	2172
half_step_2	1.7224077594213532	0.0013156964302134737	9	36	9	4	9005964.553454516	241332.04490005324	0.6425877984530075	-1.7972055595192482	2187
full_step	1.7237234558515666	0.007555374932910764	9	19	5	2.111111111111111	9005964.553454516	25878.749554058144	0.3279424044350776	-1.800947731481938	2195
half_step_1	1.7237234558515666	0.003777687466455382	8	17	4	2.125	9005964.553454516	20175.06844180689	0.3279424044350776	-1.800947731481938	2195
half_step_2	1.727501143318022	0.003777687466455382	14	77	11	5.5	9005964.553454516	365083.16341020603	0.761167903071339	-1.7718017515750148	2290
full_step	1.7312788307844773	0.007555374932910764	11	53	10	4.818181818181818	9005964.553454516	109871.22798761599	1.337748059469618	-1.7691129417485818	2383
full_step	1.7312788307844773	0.003777687466455382	12	62	12	5.166666666666667	9005964.553454516	285501.95526116795	1.337748059469618	-1.7691129417485818	2383
half_step_1	1.7312788307844773	0.001888843733227691	15	76	11	5.066666666666666	9005964.553454516	435005.257201987	1.337748059469618	-1.7691129417485818	2383
half_step_2	1.733167674517705	0.001888843733227691	16	60	11	3.75	9005964.553454516	271303.688431008	1.0946595485623334	-1.7807502990098028	2287
full_step	1.7350565182509328	0.009954721550255312	10	35	7	3.5	9005964.553454516	60831.1482845465	0.6906018753339822	-1.800193692128497	2306
full_step	1.7350565182509328	0.004977360775127656	13	59	9	4.538461538461538	9005964.553454516	92904.30391500656	0.6906018753339822	-1.800193692128497	2306
half_step_1	1.7350565182509328	0.002488680387563828	10	42	9	4.2	9005964.553454516	121761.63356301712	0.6906018753339822	-1.800193692128497	2306
half_step_2	1.7375451986384967	0.002488680387563828	11	40	7	3.6363636363636362	9005964.553454516	156626.03795962062	0.47105493633210926	-1.7947499398234703	2211
full_step	1.7400338790260603	0.015980037201595753	9	17	5	1.8888888888888888	9005964.553454516	110948.08170728995	0.5282466857812551	-1.7841256737954918	2246
full_step	1.7400338790260603	0.007990018600797876	12	30	6	2.5	9005964.553454516	48778.279845566874	0.5282466857812551	-1.7841256737954918	2246
full_step	1.7400338790260603	0.003995009300398938	12	38	8	3.1666666666666665	9005964.553454516	105051.89844947202	0.5282466857812551	-1.7841256737954918	2246
half_step_1	1.7400338790260603	0.001997504650199469	8	25	9	3.125	9005964.553454516	187339.86692645593	0.5282466857812551	-1.7841256737954918	2246
half_step_2	1.7420313836762598	0.001997504650199469	14	68	10	4.857142857142857	9005964.553454516	143761.0728576174	0.5168402608752558	-1.781600363308537	2282
full_step	1.7440288883264592	0.012333867603530889	11	25	8	2.272727272727273	9005964.553454516	81376.53209229022	0.5967911861891366	-1.7947565029417716	2292
full_step	1.7440288883264592	0.006166933801765444	10	37	6	3.7	9005964.553454516	51851.8772909286	0.5967911861891366	-1.7947565029417716	2292
half_step_1	1.7440288883264592	0.003083466900882722	8	35	9	4.375	9005964.553454516	125120.49187898557	0.5967911861891366	-1.7947565029417716	2292
half_step_2	1.747112355227342	0.003083466900882722	12	65	10	5.416666666666667	9005964.553454516	282551.56057860947	1.0324442624683456	-1.7766811698087017	2371
full_step	1.7501958221282246	0.012922688927129434	9	31	6	3.4444444444444446	9005964.553454516	94567.92714368564	0.9252739861601071	-1.7593717350791747	2328
full_step	1.7501958221282246	0.006461344463564717	9	45	12	5	9005964.553454516	81786.52070805724	0.9252739861601071	-1.7593717350791747	2328
full_step	1.7501958221282246	0.0032306722317823585	11	45	10	4.090909090909091	9005964.553454516	211924.7426984423	0.9252739861601071	-1.7593717350791747	2328
half_step_1	1.7501958221282246	0.0016153361158911792	13	63	11	4.846153846153846	9005964.553454516	331598.45329525595	0.9252739861601071	-1.7593717350791747	2328
half_step_2	1.7518111582441158	0.0016153361158911792	11	49	9	4.454545454545454	9005964.553454516	239945.3838671916	0.7515365192493846	-1.7834765144160154	2313
full_step	1.7534264943600069	0.006728380386271256	12	31	5	2.5833333333333335	9005964.553454516	31670.5928540633	0.5328354749975119	-1.7934371301042	2364
half_step_1	1.7534264943600069	0.003364190193135628	10	43	8	4.3	9005964.553454516	100075.64251349459	0.5328354749975119	-1.7934371301042	2364
half_step_2	1.7567906845531425	0.003364190193135628	11	59	11	5.363636363636363	9005964.553454516	182134.57454631513	0.5960623071003397	-1.7843152848799788	2429
full_step	1.760154874746278	0.012355091101196324	10	29	8	2.9	9005964.553454516	83871.12447131502	0.8656217956331034	-1.7789029923823565	2440
full_step	1.760154874746278	0.006177545550598162	11	50	11	4.545454545454546	9005964.553454516	80123.34675132697	0.8656217956331034	-1.7789029923823565	2440
full_step	1.760154874746278	0.003088772775299081	11	47	9	4.2727272727272725	9005964.553454516	236344.51370660018	0.8656217956331034	-1.7789029923823565	2440
half_step_1	1.760154874746278	0.0015443863876495405	13	72	12	5.538461538461538	9005964.553454516	323232.9726749945	0.8656217956331034	-1.7789029923823565	2440
half_step_2	1.7616992611339277	0.0015443863876495405	12	62	10	5.166666666666667	9005964.553454516	202836.6688284771	0.670257371830985	-1.782590679296759	2476
full_step	1.7632436475215771	0.0087210914196784	10	32	7	3.2	9005964.553454516	29261.724123481843	0.40545934405963635	-1.7908687016727898	2380
half_step_1	1.7632436475215771	0.0043605457098392	10	41	8	4.1	9005964.553454516	48866.76692783472	0.40545934405963635	-1.7908687016727898	2380
half_step_2	1.7676041932314164	0.0043605457098392	15	73	10	4.866666666666666	9005964.553454516	261238.7437275485	0.8979716247160354	-1.771386001973376	2458
full_step	1.7719647389412556	0.011419090209468654	11	45	6	4.090909090909091	9005964.553454516	70805.69979337443	1.3730525035871892	-1.755796322540675	2598
full_step	1.7719647389412556	0.005709545104734327	11	48	9	4.363636363636363	9005964.553454516	377797.15699932334	1.3730525035871892	-1.755796322540675	2598
full_step	1.7719647389412556	0.0028547725523671635	15	78	13	5.2	9005964.553454516	294483.47426698584	1.3730525035871892	-1.755796322540675	2598
half_step_1	1.7719647389412556	0.0014273862761835818	13	70	11	5.384615384615385	9005964.553454516	540479.3004651592	1.3730525035871892	-1.755796322540675	2598
half_step_2	1.7733921252174392	0.0014273862761835818	13	54	8	4.153846153846154	9005964.553454516	300124.10096699576	1.0365408166441625	-1.7814275543244287	2574
full_step	1.7748195114936227	0.007539692085653498	12	38	7	3.1666666666666665	9005964.553454516	22643.92530617137	0.5530261173829558	-1.7980946691227158	2517
half_step_1	1.7748195114936227	0.003769846042826749	10	36	8	3.6	9005964.553454516	53914.10412924375	0.5530261173829558	-1.7980946691227158	2517
half_step_2	1.7785893575364495	0.003769846042826749	12	46	8	3.8333333333333335	9005964.553454516	137352.1760459686	0.5090397764292902	-1.7880781624170523	2557
full_step	1.7823592035792761	0.007539692085653498	11	41	7	3.727272727272727	9005964.553454516	89815.13910727904	0.9002385253360785	-1.7758720640172432	2594
full_step	1.7823592035792761	0.003769846042826749	13	56	9	4.3076923076923075	9005964.553454516	365775.5039773992	0.9002385253360785	-1.7758720640172432	2594
half_step_1	1.7823592035792761	0.0018849230214133745	12	55	12	4.583333333333333	9005964.553454516	339976.3490563659	0.9002385253360785	-1.7758720640172432	2594
half_step_2	1.7842441266006894	0.0018849230214133745	11	53	9	4.818181818181818	9005964.553454516	200371.07933302602	0.7378139409842106	-1.7859282138033514	2542
full_step	1.786129049622103	0.011498189898133837	11	26	6	2.3636363636363638	9005964.553454516	65185.096651263586	0.5310580875562323	-1.7802086144826488	2632
full_step	1.786129049622103	0.0057490949490669185	13	44	9	3.3846153846153846	9005964.553454516	54675.138636050135	0.5310580875562323	-1.7802086144826488	2632
full_step	1.786129049622103	0.0028745474745334593	13	53	9	4.076923076923077	9005964.553454516	116948.49653670422	0.5310580875562323	-1.7802086144826488	2632
half_step_1	1.786129049622103	0.0014372737372667296	9	24	9	2.6666666666666665	9005964.553454516	183156.30186800432	0.5310580875562323	-1.7802086144826488	2632
half_step_2	1.7875663233593697	0.0014372737372667296	11	53	12	4.818181818181818	9005964.553454516	539485.8988882758	0.70433069071305	-1.7837349817334027	2625
full_step	1.786129049622103	0.0021985813739089062	15	64	10	4.266666666666667	9005964.553454516	126064.49897318985	0.5310580875562323	-1.7802086144826488	2632
half_step_1	1.786129049622103	0.0010992906869544531	12	41	10	3.4166666666666665	9005964.553454516	239129.86259781368	0.5310580875562323	-1.7802086144826488	2632
half_step_2	1.7872283403090574	0.0010992906869544531	13	64	12	4.923076923076923	9005964.553454516	642293.1286611292	0.5303125114571117	-1.7821820569542628	2638
full_step	1.786129049622103	0.0019090666574926858	14	51	8	3.642857142857143	9005964.553454516	138182.92067721437	0.5310580875562323	-1.7802086144826488	2632
half_step_1	1.786129049622103	0.0009545333287463429	10	37	9	3.7	9005964.553454516	339839.53690609854	0.5310580875562323	-1.7802086144826488	2632
half_step_2	1.7870835829508493	0.0009545333287463429	12	60	12	5	9005964.553454516	671865.1866101647	0.4607009491136864	-1.7836152517264816	2624
full_step	1.786129049622103	0.0017120491012002177	13	55	12	4.230769230769231	9005964.553454516	153954.30228682462	0.5310580875562323	-1.7802086144826488	2632
half_step_1	1.786129049622103	0.0008560245506001088	14	48	11	3.4285714285714284	9005964.553454516	346477.08945668873	0.5310580875562323	-1.7802086144826488	2632
half_step_2	1.7869850741727031	0.0008560245506001088	12	53	12	4.416666666666667	9005964.553454516	738590.0392584325	0.41650867389409996	-1.7864607287305725	2683
full_step	1.787841098723303	0.0017120491012002177	8	28	7	3.5	9005964.553454516	399937.55004280066	0.6198187883510968	-1.7929064461322142	2597
half_step_1	1.787841098723303	0.0008560245506001088	7	16	4	2.2857142857142856	9005964.553454516	968455.0965844236	0.6198187883510968	-1.7929064461322142	2597
half_step_2	1.7886971232739033	0.0008560245506001088	8	24	8	3	9005964.553454516	494100.7196169014	0.5974188245350547	-1.7979541864175577	2565
full_step	1.7895531478245033	0.0042987499008244655	7	12	4	1.7142857142857142	9005964.553454516	28046.93740353214	0.4175117740128371	-1.795015409686267	2497
half_step_1	1.7895531478245033	0.0021493749504122328	6	6	4	1	9005964.553454516	92170.22601681601	0.4175117740128371	-1.795015409686267	2497
half_step_2	1.7917025227749155	0.0021493749504122328	11	48	10	4.363636363636363	9005964.553454516	94517.18870299855	0.28842032465189504	-1.7970378065187738	2607
full_step	1.7938518977253277	0.008873991099808716	12	42	7	3.5	9005964.553454516	46873.894185242905	0.4903815605941304	-1.7972738916844795	2660
full_step	1.7938518977253277	0.004436995549904358	13	61	9	4.6923076923076925	9005964.553454516	89715.38293816391	0.4903815605941304	-1.7972738916844795	2660
half_step_1	1.7938518977253277	0.002218497774952179	10	45	9	4.5	9005964.553454516	207665.44625839803	0.4903815605941304	-1.7972738916844795	2660
half_step_2	1.79607039550028	0.002218497774952179	13	54	9	4.153846153846154	9005964.553454516	186696.69993219146	0.5512917826989678	-1.7967311784067885	2677
full_step	1.7982888932752321	0.009406215917963414	9	26	8	2.888888888888889	9005964.553454516	44605.91699192373	0.629118339318552	-1.7840358274046875	2695
full_step	1.7982888932752321	0.004703107958981707	9	33	8	3.6666666666666665	9005964.553454516	76546.53483044107	0.629118339318552	-1.7840358274046875	2695
half_step_1	1.7982888932752321	0.0023515539794908536	9	36	12	4	9005964.553454516	275274.2082046732	0.629118339318552	-1.7840358274046875	2695
half_step_2	1.800640447254723	0.0023515539794908536	10	42	9	4.2	9005964.553454516	173869.0174326083	0.645139929538459	-1.7836653814582328	2744
full_step	1.8029920012342138	0.014228318744032381	11	28	8	2.5454545454545454	9005964.553454516	99251.24546589538	0.6228532610894035	-1.7849818011278389	2726
full_step	1.8029920012342138	0.0071141593720161905	11	39	8	3.5454545454545454	9005964.553454516	46879.94730080685	0.6228532610894035	-1.7849818011278389	2726
half_step_1	1.8029920012342138	0.0035570796860080953	8	36	9	4.5	9005964.553454516	142361.05149571056	0.6228532610894035	-1.7849818011278389	2726
half_step_2	1.8065490809202218	0.0035570796860080953	10	53	12	5.3	9005964.553454516	213416.41431573333	0.8759157397036006	-1.7607111839056324	2737
full_step	1.8101061606062299	0.011766747425770623	10	32	8	3.2	9005964.553454516	80274.10861946901	1.2496820583277213	-1.7543303588314705	2805
full_step	1.8101061606062299	0.0058833737128853114	8	33	10	4.125	9005964.553454516	167957.31215758392	1.2496820583277213	-1.7543303588314705	2805
full_step	1.8101061606062299	0.0029416868564426557	11	51	11	4.636363636363637	9005964.553454516	296526.9435117783	1.2496820583277213	-1.7543303588314705	2805
half_step_1	1.8101061606062299	0.0014708434282213279	11	52	12	4.7272727272727275	9005964.553454516	503719.29266067146	1.2496820583277213	-1.7543303588314705	2805
half_step_2	1.8115770040344512	0.0014708434282213279	16	63	12	3.9375	9005964.553454516	250111.07013482574	0.806985265232413	-1.7644192087749897	2738
full_step	1.8130478474626726	0.006267454314673725	9	31	7	3.4444444444444446	9005964.553454516	23101.509739508274	0.44249794624141714	-1.7776253436010758	2757
half_step_1	1.8130478474626726	0.0031337271573368625	11	50	9	4.545454545454546	9005964.553454516	51919.01688549728	0.44249794624141714	-1.7776253436010758	2757
half_step_2	1.8161815746200094	0.0031337271573368625	10	47	11	4.7	9005964.553454516	97672.57579382494	0.3633011482716597	-1.7836058497143716	2644
full_step	1.8193153017773462	0.014807414236906688	10	33	7	3.3	9005964.553454516	133424.85233906755	0.6952771011682444	-1.7637425295650306	2755
full_step	1.8193153017773462	0.007403707118453344	9	32	9	3.5555555555555554	9005964.553454516	89389.84400372251	0.6952771011682444	-1.7637425295650306	2755
half_step_1	1.8193153017773462	0.003701853559226672	8	29	8	3.625	9005964.553454516	268160.1267094261	0.6952771011682444	-1.7637425295650306	2755
half_step_2	1.8230171553365728	0.003701853559226672	14	61	10	4.357142857142857	9005964.553454516	238677.17743205326	1.0278077517120323	-1.7658811366401386	2829
full_step	1.8267190088957996	0.013796701166227148	11	52	9	4.7272727272727275	9005964.553454516	74911.6972133199	1.335077566999189	-1.766176869868908	2807
full_step	1.8267190088957996	0.006898350583113574	10	46	10	4.6	9005964.553454516	132813.21049873892	1.335077566999189	-1.766176869868908	2807
full_step	1.8267190088957996	0.003449175291556787	11	44	9	4	9005964.553454516	365721.342395551	1.335077566999189	-1.766176869868908	2807
half_step_1	1.8267190088957996	0.0017245876457783935	13	67	10	5.153846153846154	9005964.553454516	449600.40836412844	1.335077566999189	-1.766176869868908	2807
half_step_2	1.828443596541578	0.0017245876457783935	14	58	9	4.142857142857143	9005964.553454516	315877.0950921384	1.035015549884065	-1.7667636781988587	2676
full_step	1.8301681841873565	0.007904659022586675	10	40	8	4	9005964.553454516	31845.51353511245	0.6014907824426814	-1.7897450667099375	2643
full_step	1.8301681841873565	0.003952329511293338	13	59	9	4.538461538461538	9005964.553454516	63974.13920225039	0.6014907824426814	-1.7897450667099375	2643
half_step_1	1.8301681841873565	0.001976164755646669	8	26	8	3.25	9005964.553454516	127008.0937770337	0.6014907824426814	-1.7897450667099375	2643
half_step_2	1.8321443489430032	0.001976164755646669	8	29	8	3.625	9005964.553454516	117529.09706690827	0.2833816517418768	-1.7912602808069042	2608
full_step	1.8341205136986498	0.011101293767687516	7	16	7	2.2857142857142856	9005964.553454516	67360.5628188915	0.3332339184736952	-1.7885486953474568	2578
full_step	1.8341205136986498	0.005550646883843758	9	26	6	2.888888888888889	9005964.553454516	26317.902947155577	0.3332339184736952	-1.7885486953474568	2578
half_step_1	1.8341205136986498	0.002775323441921879	8	35	10	4.375	9005964.553454516	68432.1582063706	0.3332339184736952	-1.7885486953474568	2578
half_step_2	1.8368958371405717	0.002775323441921879	11	51	10	4.636363636363637	9005964.553454516	235001.28782800134	0.5875904139038539	-1.7840276189009732	2639
full_step	1.8396711605824936	0.008057779214067825	11	44	7	4	9005964.553454516	51448.43688992676	0.7881789893242512	-1.7778831426808817	2617
full_step	1.8396711605824936	0.004028889607033913	11	57	11	5.181818181818182	9005964.553454516	186616.3556815209	0.7881789893242512	-1.7778831426808817	2617
half_step_1	1.8396711605824936	0.0020144448035169563	11	36	11	3.272727272727273	9005964.553454516	212414.82881236603	0.7881789893242512	-1.7778831426808817	2617
half_step_2	1.8416856053860104	0.0020144448035169563	12	48	12	4	9005964.553454516	180223.39393960146	0.6762091738684148	-1.788963356258417	2636
full_step	1.8437000501895275	0.013279138833316554	9	19	8	2.111111111111111	9005964.553454516	95058.912105259	0.5561543420457724	-1.796622656511121	2615
full_step	1.8437000501895275	0.006639569416658277	12	42	7	3.5	9005964.553454516	38878.122909826365	0.5561543420457724	-1.796622656511121	2615
half_step_1	1.8437000501895275	0.0033197847083291385	7	28	10	4	9005964.553454516	173443.56632371322	0.5561543420457724	-1.796622656511121	2615
half_step_2	1.8470198348978566	0.0033197847083291385	10	55	10	5.5	9005964.553454516	222174.99255357852	0.7339263783879346	-1.7844374320447955	2647
full_step	1.8503396196061859	0.010935743962142272	10	35	8	3.5	9005964.553454516	68183.03643058048	0.9930814954904008	-1.7791129351133332	2655
full_step	1.8503396196061859	0.005467871981071136	11	43	8	3.909090909090909	9005964.553454516	120256.08731140711	0.9930814954904008	-1.7791129351133332	2655
half_step_1	1.8503396196061859	0.002733935990535568	12	50	12	4.166666666666667	9005964.553454516	238992.26485623515	0.9930814954904008	-1.7791129351133332	2655
half_step_2	1.8530735555967215	0.002733935990535568	13	52	9	4	9005964.553454516	220480.1184025827	1.0324254689420513	-1.7743604633790615	2669
full_step	1.855807491587257	0.014093244538098201	10	29	7	2.9	9005964.553454516	81433.21453123378	0.9498178436243165	-1.7814896853037077	2662
full_step	1.855807491587257	0.0070466222690491005	12	48	9	4	9005964.553454516	67718.98375013507	0.9498178436243165	-1.7814896853037077	2662
full_step	1.855807491587257	0.0035233111345245502	12	44	9	3.6666666666666665	9005964.553454516	144359.1174144332	0.9498178436243165	-1.7814896853037077	2662
half_step_1	1.855807491587257	0.0017616555672622751	12	64	13	5.333333333333333	9005964.553454516	290044.73598859	0.9498178436243165	-1.7814896853037077	2662
half_step_2	1.8575691471545195	0.0017616555672622751	10	30	9	3	9005964.553454516	179207.05628411198	0.6782231739986173	-1.783367752871506	2578
full_step	1.8593308027217816	0.0066406014693109645	9	24	6	2.6666666666666665	9005964.553454516	24366.338630749295	0.4130639861467671	-1.7887689543179497	2540
half_step_1	1.8593308027217816	0.0033203007346554823	10	48	11	4.8	9005964.553454516	118673.1520556374	0.4130639861467671	-1.7887689543179497	2540
half_step_2	1.862651103456437	0.0033203007346554823	11	48	11	4.363636363636363	9005964.553454516	229553.17731213136	0.5746181055235411	-1.779035831152679	2558
full_step	1.8659714041910926	0.008806561454874158	11	43	7	3.909090909090909	9005964.553454516	56095.826511676074	0.8754706836607511	-1.7650462893446341	2592
full_step	1.8659714041910926	0.004403280727437079	10	38	10	3.8	9005964.553454516	288578.1157265266	0.8754706836607511	-1.7650462893446341	2592
half_step_1	1.8659714041910926	0.0022016403637185396	10	50	13	5	9005964.553454516	250047.27973884385	0.8754706836607511	-1.7650462893446341	2592
half_step_2	1.8681730445548113	0.0022016403637185396	13	65	12	5	9005964.553454516	218119.63824011944	0.8030913372423356	-1.7798349777831866	2609
full_step	1.8703746849185297	0.013240896866374686	9	24	8	2.6666666666666665	9005964.553454516	77356.8543819524	0.6775675771745	-1.7883021614749421	2632
full_step	1.8703746849185297	0.006620448433187343	12	48	10	4	9005964.553454516	48590.359782371284	0.6775675771745	-1.7883021614749421	2632
full_step	1.8703746849185297	0.0033102242165936714	10	55	11	5.5	9005964.553454516	110839.65179966329	0.6775675771745	-1.7883021614749421	2632
half_step_1	1.8703746849185297	0.0016551121082968357	8	26	7	3.25	9005964.553454516	214544.79424383357	0.6775675771745	-1.7883021614749421	2632
half_step_2	1.8720297970268265	0.0016551121082968357	10	41	10	4.1	9005964.553454516	149331.65562149847	0.5130132478976748	-1.7933797044595734	2624
full_step	1.8736849091351233	0.01247383847611412	8	20	8	2.5	9005964.553454516	72359.69349730568	0.35162991342207306	-1.7904833952442125	2584
full_step	1.8736849091351233	0.00623691923805706	10	27	5	2.7	9005964.553454516	21127.158191967526	0.35162991342207306	-1.7904833952442125	2584
half_step_1	1.8736849091351233	0.00311845961902853	10	39	10	3.9	9005964.553454516	71257.98641093468	0.35162991342207306	-1.7904833952442125	2584
half_step_2	1.8768033687541519	0.00311845961902853	11	52	9	4.7272727272727275	9005964.553454516	226598.31378421022	0.5709658880338679	-1.7763295634470508	2661
full_step	1.8799218283731804	0.00623691923805706	10	47	8	4.7	9005964.553454516	91865.14709499224	0.8821617310961187	-1.7646194614391533	2718
full_step	1.8799218283731804	0.00311845961902853	10	49	10	4.9	9005964.553454516	219954.59995064873	0.8821617310961187	-1.7646194614391533	2718
half_step_1	1.8799218283731804	0.001559229809514265	14	71	11	5.071428571428571	9005964.553454516	371560.74080291565	0.8821617310961187	-1.7646194614391533	2718
half_step_2	1.8814810581826946	0.001559229809514265	10	42	8	4.2	9005964.553454516	232614.44786841425	0.6981009067120567	-1.78388986160367	2619
full_step	1.883040287992209	0.010142303855384298	11	31	8	2.8181818181818183	9005964.553454516	52269.682563615024	0.424110181384151	-1.7899405506315333	2597
full_step	1.883040287992209	0.005071151927692149	11	40	8	3.6363636363636362	9005964.553454516	37628.259657688104	0.424110181384151	-1.7899405506315333	2597
half_step_1	1.883040287992209	0.0025355759638460745	10	42	9	4.2	9005964.553454516	93589.87021251692	0.424110181384151	-1.7899405506315333	2597
half_step_2	1.8855758639560551	0.0025355759638460745	10	51	10	5.1	9005964.553454516	168873.31877241094	0.38982839690191895	-1.793826292170831	2703
full_step	1.8881114399199013	0.011332554726095177	10	31	6	3.1	9005964.553454516	73362.11391480587	0.5080283419060834	-1.7892724329771807	2678
full_step	1.8881114399199013	0.0056662773630475885	12	41	7	3.4166666666666665	9005964.553454516	58207.47909289108	0.5080283419060834	-1.7892724329771807	2678
half_step_1	1.8881114399199013	0.0028331386815237942	9	37	8	4.111111111111111	9005964.553454516	158468.16556800282	0.5080283419060834	-1.7892724329771807	2678
half_step_2	1.890944578601425	0.0028331386815237942	10	46	11	4.6	9005964.553454516	219991.06177918057	0.7450228227527305	-1.7804549255767939	2771
full_step	1.8937777172829489	0.01444646082061942	10	37	6	3.7	9005964.553454516	103002.48317339737	0.8845456273595005	-1.7805005756108931	2733
full_step	1.8937777172829489	0.00722323041030971	12	42	8	3.5	9005964.553454516	73518.01653556252	0.8845456273595005	-1.7805005756108931	2733
full_step	1.8937777172829489	0.003611615205154855	10	40	8	4	9005964.553454516	207493.3924588098	0.8845456273595005	-1.7805005756108931	2733
half_step_1	1.8937777172829489	0.0018058076025774274	12	48	13	4	9005964.553454516	279647.3813730535	0.8845456273595005	-1.7805005756108931	2733
half_step_2	1.8955835248855264	0.0018058076025774274	12	46	11	3.8333333333333335	9005964.553454516	207561.05500256366	0.7149515676633769	-1.7783083383479688	2746
full_step	1.8973893324881037	0.011400415696491391	9	26	7	2.888888888888889	9005964.553454516	53823.78539758799	0.4978578405410303	-1.7859774000282524	2724
full_step	1.8973893324881037	0.005700207848245696	11	38	9	3.4545454545454546	9005964.553454516	36783.74456602026	0.4978578405410303	-1.7859774000282524	2724
half_step_1	1.8973893324881037	0.002850103924122848	10	37	7	3.7	9005964.553454516	85120.20959185512	0.4978578405410303	-1.7859774000282524	2724
half_step_2	1.9002394364122266	0.002850103924122848	11	52	10	4.7272727272727275	9005964.553454516	229877.57630865826	0.5709072707552991	-1.7851241285024824	2803
full_step	1.9030895403363495	0.010174180885132639	9	18	7	2	9005964.553454516	51410.005411300306	0.7198620033385623	-1.7674088416592164	2811
full_step	1.9030895403363495	0.005087090442566319	9	27	7	3	9005964.553454516	131978.4867912649	0.7198620033385623	-1.7674088416592164	2811
half_step_1	1.9030895403363495	0.0025435452212831597	11	47	10	4.2727272727272725	9005964.553454516	257921.56249805616	0.7198620033385623	-1.7674088416592164	2811
half_step_2	1.9056330855576327	0.0025435452212831597	11	47	10	4.2727272727272725	9005964.553454516	191635.2583654797	0.7710558233775942	-1.767917171467115	2713
full_step	1.9081766307789159	0.006174954679519751	8	28	7	3.5	9005964.553454516	53235.36623419844	0.7708979083395207	-1.7661581161952586	2759
full_step	1.9081766307789159	0.0030874773397598755	9	39	9	4.333333333333333	9005964.553454516	181232.72092850468	0.7708979083395207	-1.7661581161952586	2759
half_step_1	1.9081766307789159	0.0015437386698799378	8	28	10	3.5	9005964.553454516	236186.09489963725	0.7708979083395207	-1.7661581161952586	2759
half_step_2	1.9097203694487959	0.0015437386698799378	12	41	7	3.4166666666666665	9005964.553454516	159218.32424376206	0.49108017641418655	-1.7934852989521086	2794
full_step	1.9112641081186756	0.008849985889925782	10	33	8	3.3	9005964.553454516	46823.580682457534	0.3143727838570385	-1.792359075633238	2742
half_step_1	1.9112641081186756	0.004424992944962891	10	38	10	3.8	9005964.553454516	35260.34395130883	0.3143727838570385	-1.792359075633238	2742
half_step_2	1.9156891010636385	0.004424992944962891	14	63	11	4.5	9005964.553454516	276440.6057820523	0.8648022447794688	-1.7739941470938418	2675
full_step	1.9201140940086014	0.008849985889925782	11	41	8	3.727272727272727	9005964.553454516	91778.5876663431	1.5929405880322633	-1.7623462654580413	2778
full_step	1.9201140940086014	0.004424992944962891	10	42	11	4.2	9005964.553454516	305282.4768275851	1.5929405880322633	-1.7623462654580413	2778
half_step_1	1.9201140940086014	0.0022124964724814455	13	64	10	4.923076923076923	9005964.553454516	367715.6059726647	1.5929405880322633	-1.7623462654580413	2778
half_step_2	1.922326590481083	0.0022124964724814455	11	48	12	4.363636363636363	9005964.553454516	257288.1612099572	1.141361746620646	-1.7760880278176194	2743
full_step	1.9245390869535643	0.008711799599465943	11	32	8	2.909090909090909	9005964.553454516	51120.21085067463	0.8186819382257795	-1.780052245105104	2684
full_step	1.9245390869535643	0.004355899799732972	10	32	12	3.2	9005964.553454516	143947.70813332536	0.8186819382257795	-1.780052245105104	2684
half_step_1	1.9245390869535643	0.002177949899866486	9	38	11	4.222222222222222	9005964.553454516	171742.7326475919	0.8186819382257795	-1.780052245105104	2684
half_step_2	1.9267170368534308	0.002177949899866486	9	31	8	3.4444444444444446	9005964.553454516	165600.30085349397	0.5338376633404778	-1.7724026806209219	2621
full_step	1.9288949867532974	0.004355899799732972	9	31	7	3.4444444444444446	9005964.553454516	55924.59152496875	0.4320776614012516	-1.7794765352432154	2602
half_step_1	1.9288949867532974	0.002177949899866486	9	36	9	4	9005964.553454516	163371.81424754695	0.4320776614012516	-1.7794765352432154	2602
half_step_2	1.9310729366531638	0.002177949899866486	9	35	11	3.888888888888889	9005964.553454516	152627.63760818754	0.46145404697114145	-1.7784674211930813	2587
full_step	1.9332508865530305	0.009673439042149934	10	23	6	2.3	9005964.553454516	48821.5745251147	0.49352643729167767	-1.7789396351073719	2574
full_step	1.9332508865530305	0.004836719521074967	11	41	8	3.727272727272727	9005964.553454516	55350.1242081797	0.49352643729167767	-1.7789396351073719	2574
half_step_1	1.9332508865530305	0.0024183597605374834	9	41	12	4.555555555555555	9005964.553454516	155134.4988465941	0.49352643729167767	-1.7789396351073719	2574
half_step_2	1.9356692463135678	0.0024183597605374834	10	43	9	4.3	9005964.553454516	198312.71172627457	0.5585606274661359	-1.7896309785814943	2648
full_step	1.9380876060741055	0.014820289718191248	10	32	7	3.2	9005964.553454516	107763.06643874293	0.6921712678143308	-1.7843063839972417	2632
full_step	1.9380876060741055	0.007410144859095624	9	32	9	3.5555555555555554	9005964.553454516	72015.84423263157	0.6921712678143308	-1.7843063839972417	2632
full_step	1.9380876060741055	0.003705072429547812	10	26	7	2.6	9005964.553454516	167465.2828165441	0.6921712678143308	-1.7843063839972417	2632
half_step_1	1.9380876060741055	0.001852536214773906	8	22	7	2.75	9005964.553454516	206678.0245711865	0.6921712678143308	-1.7843063839972417	2632
half_step_2	1.9399401422888793	0.001852536214773906	10	38	8	3.8	9005964.553454516	164334.45051644667	0.6012442480777622	-1.7887442288938868	2538
full_step	1.9417926785036532	0.010010439493686346	10	33	7	3.3	9005964.553454516	46490.25178768301	0.45515722519502333	-1.7934176183468342	2504
full_step	1.9417926785036532	0.005005219746843173	10	42	9	4.2	9005964.553454516	43527.344866238316	0.45515722519502333	-1.7934176183468342	2504
half_step_1	1.9417926785036532	0.0025026098734215866	9	30	7	3.3333333333333335	9005964.553454516	159046.23173412014	0.45515722519502333	-1.7934176183468342	2504
half_step_2	1.9442952883770748	0.0025026098734215866	10	28	9	2.8	9005964.553454516	175823.12569419495	0.4845552486150382	-1.7834610553175911	2418
full_step	1.9467978982504963	0.014939279615007349	11	33	7	3	9005964.553454516	96511.37078044993	0.6244407278814492	-1.7800605641392182	2476
full_step	1.9467978982504963	0.007469639807503674	11	44	8	4	9005964.553454516	40096.25390480011	0.6244407278814492	-1.7800605641392182	2476
full_step	1.9467978982504963	0.003734819903751837	11	31	8	2.8181818181818183	9005964.553454516	136092.98479978045	0.6244407278814492	-1.7800605641392182	2476
half_step_1	1.9467978982504963	0.0018674099518759186	8	29	10	3.625	9005964.553454516	206983.45520486584	0.6244407278814492	-1.7800605641392182	2476
half_step_2	1.9486653082023722	0.0018674099518759186	9	45	10	5	9005964.553454516	177422.50601980565	0.562736914876723	-1.7860924456911462	2470
full_step	1.9505327181542482	0.011183021349283482	9	29	8	3.2222222222222223	9005964.553454516	74309.86820875928	0.47041663745579854	-1.7854984425112792	2407
full_step	1.9505327181542482	0.005591510674641741	11	36	7	3.272727272727273	9005964.553454516	40044.728337997374	0.47041663745579854	-1.7854984425112792	2407
half_step_1	1.9505327181542482	0.0027957553373208705	7	28	7	4	9005964.553454516	148594.83855719268	0.47041663745579854	-1.7854984425112792	2407
half_step_2	1.953328473491569	0.0027957553373208705	10	55	9	5.5	9005964.553454516	235609.9166769995	0.5729574791288883	-1.7787811949438366	2374
full_step	1.95612422882889	0.01529673631114402	10	26	6	2.6	9005964.553454516	112377.93369278485	0.7152486115508623	-1.7834496359028378	2455
full_step	1.95612422882889	0.00764836815557201	14	58	8	4.142857142857143	9005964.553454516	55294.541904906495	0.7152486115508623	-1.7834496359028378	2455
full_step	1.95612422882889	0.003824184077786005	10	42	9	4.2	9005964.553454516	145424.59344449037	0.7152486115508623	-1.7834496359028378	2455
half_step_1	1.95612422882889	0.0019120920388930025	7	21	6	3	9005964.553454516	244593.22687505154	0.7152486115508623	-1.7834496359028378	2455
half_step_2	1.9580363208677831	0.0019120920388930025	10	31	8	3.1	9005964.553454516	211358.42921387416	0.630323138008066	-1.782033588488973	2427
full_step	1.959948412906676	0.012549426520942025	11	29	7	2.6363636363636362	9005964.553454516	76235.72927119765	0.4847171078834549	-1.7754012060209088	2430
full_step	1.959948412906676	0.006274713260471012	10	32	7	3.2	9005964.553454516	47716.204468424316	0.4847171078834549	-1.7754012060209088	2430
half_step_1	1.959948412906676	0.003137356630235506	10	40	9	4	9005964.553454516	143459.46171628192	0.4847171078834549	-1.7754012060209088	2430
half_step_2	1.9630857695369115	0.003137356630235506	11	51	10	4.636363636363637	9005964.553454516	258391.36972501743	0.6627174957828856	-1.7709916841180988	2482
full_step	1.966223126167147	0.008326067370242786	11	36	7	3.272727272727273	9005964.553454516	67144.32947272246	0.8490250002741959	-1.7598123846752463	2570
full_step	1.966223126167147	0.004163033685121393	8	26	9	3.25	9005964.553454516	185284.45399234435	0.8490250002741959	-1.7598123846752463	2570
half_step_1	1.966223126167147	0.0020815168425606964	10	35	9	3.5	9005964.553454516	286244.01489432337	0.8490250002741959	-1.7598123846752463	2570
half_step_2	1.9683046430097078	0.0020815168425606964	10	28	8	2.8	9005964.553454516	189601.640217881	0.7550526455869999	-1.7717471023377032	2446
full_step	1.9703861598522685	0.00907764233197081	7	12	5	1.7142857142857142	9005964.553454516	28915.759247034617	0.5856277793350273	-1.7739201591262708	2438
full_step	1.9703861598522685	0.004538821165985405	9	24	7	2.6666666666666665	9005964.553454516	64665.69861801144	0.5856277793350273	-1.7739201591262708	2438
half_step_1	1.9703861598522685	0.0022694105829927026	8	30	8	3.75	9005964.553454516	138593.55029655818	0.5856277793350273	-1.7739201591262708	2438
half_step_2	1.9726555704352613	0.0022694105829927026	8	41	10	5.125	9005964.553454516	141466.8285223424	0.48003111786755426	-1.78025632165987	2465
full_step	1.9749249810182539	0.016163571330103536	9	23	7	2.5555555555555554	9005964.553454516	131993.85078001244	0.4921915791267111	-1.7703841340129816	2412
full_step	1.9749249810182539	0.008081785665051768	11	33	8	3	9005964.553454516	25031.83367186767	0.4921915791267111	-1.7703841340129816	2412
full_step	1.9749249810182539	0.004040892832525884	8	25	7	3.125	9005964.553454516	70196.98825747154	0.4921915791267111	-1.7703841340129816	2412
half_step_1	1.9749249810182539	0.002020446416262942	8	25	9	3.125	9005964.553454516	160946.28267331282	0.4921915791267111	-1.7703841340129816	2412
half_step_2	1.9769454274345168	0.002020446416262942	9	34	10	3.7777777777777777	9005964.553454516	184698.59557479882	0.49430627865626775	-1.762270444386421	2438
full_step	1.9789658738507798	0.009225267990891253	12	40	8	3.3333333333333335	9005964.553454516	34462.843420437035	0.46142312346654535	-1.7755073462971283	2523
full_step	1.9789658738507798	0.004612633995445627	7	25	10	3.5714285714285716	9005964.553454516	49059.93533419188	0.46142312346654535	-1.7755073462971283	2523
half_step_1	1.9789658738507798	0.0023063169977228133	7	25	9	3.5714285714285716	9005964.553454516	136443.65560360724	0.46142312346654535	-1.7755073462971283	2523
half_step_2	1.9812721908485027	0.0023063169977228133	8	25	8	3.125	9005964.553454516	174919.00183686693	0.5164374467972834	-1.7658252062136761	2541
full_step	1.9835785078462254	0.012416306615598309	10	25	7	2.5	9005964.553454516	85596.26410130665	0.5574297148393725	-1.7676558588398867	2517
full_step	1.9835785078462254	0.006208153307799154	11	43	9	3.909090909090909	9005964.553454516	45596.97048252716	0.5574297148393725	-1.7676558588398867	2517
full_step	1.9835785078462254	0.003104076653899577	7	25	9	3.5714285714285716	9005964.553454516	111344.27454472186	0.5574297148393725	-1.7676558588398867	2517
half_step_1	1.9835785078462254	0.0015520383269497886	9	25	8	2.7777777777777777	9005964.553454516	195521.25695679773	0.5574297148393725	-1.7676558588398867	2517
half_step_2	1.9851305461731752	0.0015520383269497886	8	29	10	3.625	9005964.553454516	142391.68405442868	0.43907268734335503	-1.7690952227962515	2578
full_step	1.986682584500125	0.012819738390432874	7	16	8	2.2857142857142856	9005964.553454516	78302.76005150408	0.3071077687492334	-1.772933254500891	2520
full_step	1.986682584500125	0.006409869195216437	10	28	6	2.8	9005964.553454516	32045.63782270373	0.3071077687492334	-1.772933254500891	2520
half_step_1	1.986682584500125	0.0032049345976082185	7	29	9	4.142857142857143	9005964.553454516	49724.977622077815	0.3071077687492334	-1.772933254500891	2520
half_step_2	1.9898875190977332	0.0032049345976082185	14	65	12	4.642857142857143	9005964.553454516	181802.50094971785	0.5965244600517963	-1.7636001969784112	2586
full_step	1.9930924536953414	0.012143955709917569	11	33	7	3	9005964.553454516	95030.33125346142	0.9188269133508697	-1.75958698463705	2700
full_step	1.9930924536953414	0.006071977854958784	9	44	11	4.888888888888889	9005964.553454516	107873.72141653716	0.9188269133508697	-1.75958698463705	2700
full_step	1.9930924536953414	0.003035988927479392	9	42	11	4.666666666666667	9005964.553454516	213346.13621290462	0.9188269133508697	-1.75958698463705	2700
half_step_1	1.9930924536953414	0.001517994463739696	9	30	9	3.3333333333333335	9005964.553454516	363965.7971747149	0.9188269133508697	-1.75958698463705	2700
half_step_2	1.9946104481590812	0.001517994463739696	10	39	10	3.9	9005964.553454516	225759.8319127388	0.7250267920294391	-1.7724529981830124	2712
full_step	1.9961284426228207	0.006562873650791111	10	32	7	3.2	9005964.553454516	29604.53904007489	0.43028236146579957	-1.7745141403895244	2685
half_step_1	1.9961284426228207	0.0032814368253955557	8	26	7	3.25	9005964.553454516	119043.41357795913	0.43028236146579957	-1.7745141403895244	2685
half_step_2	1.9994098794482162	0.0032814368253955557	12	51	10	4.25	9005964.553454516	204176.62133377034	0.5204201630210719	-1.768813876065692	2672
full_step	2.0026913162736117	0.012718358187792513	11	37	8	3.3636363636363638	9005964.553454516	82032.41857965666	0.8126838867976289	-1.7655413823564505	2825
full_step	2.0026913162736117	0.006359179093896257	10	28	8	2.8	9005964.553454516	79389.44187631935	0.8126838867976289	-1.7655413823564505	2825
full_step	2.0026913162736117	0.0031795895469481283	8	37	11	4.625	9005964.553454516	262795.4529576833	0.8126838867976289	-1.7655413823564505	2825
half_step_1	2.0026913162736117	0.0015897947734740642	10	24	10	2.4	9005964.553454516	314704.38823230145	0.8126838867976289	-1.7655413823564505	2825
half_step_2	2.004281111047086	0.0015897947734740642	10	35	10	3.5	9005964.553454516	230708.5314772898	0.6852808228426852	-1.778474334779704	2806
full_step	2.0058709058205597	0.009255530352437345	10	23	6	2.3	9005964.553454516	41719.04099248861	0.46249950205805135	-1.7803189226028695	2770
full_step	2.0058709058205597	0.004627765176218672	9	25	5	2.7777777777777777	9005964.553454516	49065.12570522788	0.46249950205805135	-1.7803189226028695	2770
half_step_1	2.0058709058205597	0.002313882588109336	8	34	8	4.25	9005964.553454516	142662.08600841014	0.46249950205805135	-1.7803189226028695	2770
half_step_2	2.008184788408669	0.002313882588109336	10	39	10	3.9	9005964.553454516	166505.18976693056	0.3455056234720928	-1.7730520789199247	2802
full_step	2.0104986709967783	0.016058812399824172	7	12	6	1.7142857142857142	9005964.553454516	109366.23541110949	0.4613090347754678	-1.7699996089635501	2810
full_step	2.0104986709967783	0.008029406199912086	11	23	5	2.090909090909091	9005964.553454516	31938.356729307478	0.4613090347754678	-1.7699996089635501	2810
full_step	2.0104986709967783	0.004014703099956043	9	30	11	3.3333333333333335	9005964.553454516	73443.80842589578	0.4613090347754678	-1.7699996089635501	2810
half_step_1	2.0104986709967783	0.0020073515499780216	8	26	9	3.25	9005964.553454516	163723.42460812084	0.4613090347754678	-1.7699996089635501	2810
half_step_2	2.012506022546756	0.0020073515499780216	7	26	11	3.7142857142857144	9005964.553454516	147008.13841959156	0.4779182658697323	-1.7733201649096209	2852
full_step	2.0145133740967345	0.011292463841406497	10	21	7	2.1	9005964.553454516	69277.62398110943	0.4702175895228038	-1.7648321035173942	2893
full_step	2.0145133740967345	0.005646231920703249	11	46	8	4.181818181818182	9005964.553454516	53512.733056391335	0.4702175895228038	-1.7648321035173942	2893
half_step_1	2.0145133740967345	0.0028231159603516244	9	40	12	4.444444444444445	9005964.553454516	187811.63566481232	0.4702175895228038	-1.7648321035173942	2893
half_step_2	2.0173364900570863	0.0028231159603516244	11	47	9	4.2727272727272725	9005964.553454516	232191.99658817003	0.6998641406790966	-1.7648583716942239	2838
full_step	2.0201596060174376	0.014443450815969164	10	28	6	2.8	9005964.553454516	100566.82551796951	0.8580512790179569	-1.757317533221391	2874
full_step	2.0201596060174376	0.007221725407984582	11	50	9	4.545454545454546	9005964.553454516	94937.50399016746	0.8580512790179569	-1.757317533221391	2874
full_step	2.0201596060174376	0.003610862703992291	9	44	14	4.888888888888889	9005964.553454516	192376.31085767905	0.8580512790179569	-1.757317533221391	2874
half_step_1	2.0201596060174376	0.0018054313519961455	7	23	10	3.2857142857142856	9005964.553454516	277759.95648326795	0.8580512790179569	-1.757317533221391	2874
half_step_2	2.0219650373694336	0.0018054313519961455	11	47	8	4.2727272727272725	9005964.553454516	192238.06433576797	0.686000508958557	-1.7700181448034782	2941
full_step	2.02377046872143	0.0070643803103360514	10	40	8	4	9005964.553454516	30209.621799989065	0.4699499526118984	-1.7697726575052652	2934
full_step	2.02377046872143	0.0035321901551680257	6	19	12	3.1666666666666665	9005964.553454516	94407.99933904376	0.4699499526118984	-1.7697726575052652	2934
half_step_1	2.02377046872143	0.0017660950775840129	9	33	7	3.6666666666666665	9005964.553454516	135454.4302129054	0.4699499526118984	-1.7697726575052652	2934
half_step_2	2.025536563799014	0.0017660950775840129	9	37	8	4.111111111111111	9005964.553454516	111865.91531540311	0.3437681940279731	-1.7672718761866886	2927
full_step	2.027302658876598	0.012621623814108581	9	24	7	2.6666666666666665	9005964.553454516	77980.3370703088	0.3104651973117143	-1.7752878547744146	2951
full_step	2.027302658876598	0.0063108119070542906	9	21	5	2.3333333333333335	9005964.553454516	36291.16402410005	0.3104651973117143	-1.7752878547744146	2951
half_step_1	2.027302658876598	0.0031554059535271453	8	29	7	3.625	9005964.553454516	84774.72756424749	0.3104651973117143	-1.7752878547744146	2951
half_step_2	2.030458064830125	0.0031554059535271453	14	75	13	5.357142857142857	9005964.553454516	207452.00081244303	0.6146752162112534	-1.7691750954232695	2963
full_step	2.033613470783652	0.012110328546731781	9	26	6	2.888888888888889	9005964.553454516	55585.52533360147	0.8918093010712482	-1.7520912025898931	3001
full_step	2.033613470783652	0.006055164273365891	8	31	10	3.875	9005964.553454516	104506.42887815894	0.8918093010712482	-1.7520912025898931	3001
full_step	2.033613470783652	0.0030275821366829454	9	43	11	4.777777777777778	9005964.553454516	264491.00788655155	0.8918093010712482	-1.7520912025898931	3001
half_step_1	2.033613470783652	0.0015137910683414727	10	33	11	3.3	9005964.553454516	361846.88424574694	0.8918093010712482	-1.7520912025898931	3001
half_step_2	2.0351272618519936	0.0015137910683414727	12	43	10	3.5833333333333335	9005964.553454516	229677.93261513233	0.7060148985268029	-1.7598389085665342	2962
full_step	2.0366410529203347	0.005580861273409368	8	17	5	2.125	9005964.553454516	34324.07579129835	0.4238600793034948	-1.7732256560113113	2955
half_step_1	2.0366410529203347	0.002790430636704684	8	24	8	3	9005964.553454516	109424.85319291276	0.4238600793034948	-1.7732256560113113	2955
half_step_2	2.0394314835570393	0.002790430636704684	10	46	10	4.6	9005964.553454516	225452.1725889899	0.4163756695950269	-1.7746032911081446	2940
full_step	2.042221914193744	0.009608970657877948	9	21	6	2.3333333333333335	9005964.553454516	47331.887889786405	0.6879015004765847	-1.7655634402671785	2921
full_step	2.042221914193744	0.004804485328938974	10	40	9	4	9005964.553454516	93899.35059353917	0.6879015004765847	-1.7655634402671785	2921
half_step_1	2.042221914193744	0.002402242664469487	8	25	8	3.125	9005964.553454516	207367.55260557806	0.6879015004765847	-1.7655634402671785	2921
half_step_2	2.0446241568582133	0.002402242664469487	9	35	10	3.888888888888889	9005964.553454516	164712.59792387183	0.7477893341473987	-1.7716172653340314	2896
full_step	2.0470263995226827	0.014986125249907306	10	34	8	3.4	9005964.553454516	87444.69192710202	0.6804190598771811	-1.7676776237327816	2964
full_step	2.0470263995226827	0.007493062624953653	10	39	9	3.9	9005964.553454516	52395.75952944518	0.6804190598771811	-1.7676776237327816	2964
full_step	2.0470263995226827	0.0037465313124768265	10	33	7	3.3	9005964.553454516	131213.23281680842	0.6804190598771811	-1.7676776237327816	2964
half_step_1	2.0470263995226827	0.0018732656562384133	8	20	5	2.5	9005964.553454516	212012.79302654945	0.6804190598771811	-1.7676776237327816	2964
half_step_2	2.0488996651789213	0.0018732656562384133	12	45	10	3.75	9005964.553454516	156664.3017563804	0.565792761385751	-1.7774732743078794	2870
full_step	2.0507729308351594	0.008083608134329819	8	16	4	2	9005964.553454516	26046.057971777696	0.4370333575020595	-1.788414440322512	2834
half_step_1	2.0507729308351594	0.0040418040671649095	10	35	8	3.5	9005964.553454516	67390.42551154374	0.4370333575020595	-1.788414440322512	2834
half_step_2	2.0548147349023242	0.0040418040671649095	13	68	9	5.230769230769231	9005964.553454516	235822.16698080275	0.8505128620845426	-1.757597666557124	2916
full_step	2.058856538969489	0.008083608134329819	12	46	9	3.8333333333333335	9005964.553454516	103014.02488425196	1.34278091078653	-1.7506972352546961	3025
full_step	2.058856538969489	0.0040418040671649095	11	48	9	4.363636363636363	9005964.553454516	371168.5005024513	1.34278091078653	-1.7506972352546961	3025
half_step_1	2.058856538969489	0.0020209020335824547	12	46	11	3.8333333333333335	9005964.553454516	410451.2169551957	1.34278091078653	-1.7506972352546961	3025
half_step_2	2.0608774410030715	0.0020209020335824547	13	67	10	5.153846153846154	9005964.553454516	258936.96293123296	1.0874522412433407	-1.7725354613169346	3066
full_step	2.062898343036654	0.008513609557972944	12	40	6	3.3333333333333335	9005964.553454516	47468.813014689644	0.6915062203408979	-1.7834633767042822	2963
half_step_1	2.062898343036654	0.004256804778986472	10	34	8	3.4	9005964.553454516	112873.21473481978	0.6915062203408979	-1.7834633767042822	2963
half_step_2	2.0671551478156402	0.004256804778986472	14	64	9	4.571428571428571	9005964.553454516	295359.374735649	0.8539145805223711	-1.7656539818114838	3012
full_step	2.0714119525946266	0.008513609557972944	7	12	6	1.7142857142857142	9005964.553454516	132952.345192177	1.2229767557396372	-1.759064713583136	3027
full_step	2.0714119525946266	0.004256804778986472	11	23	6	2.090909090909091	9005964.553454516	357126.0152416257	1.2229767557396372	-1.759064713583136	3027
half_step_1	2.0714119525946266	0.002128402389493236	12	45	11	3.75	9005964.553454516	359876.4622090763	1.2229767557396372	-1.759064713583136	3027
half_step_2	2.07354035498412	0.002128402389493236	12	36	9	3	9005964.553454516	225480.3821946132	1.0194137174244133	-1.7735240728788584	3049
full_step	2.075668757373613	0.012004172176713646	11	37	8	3.3636363636363638	9005964.553454516	59949.7753455324	0.6542800478014783	-1.7913285568383337	3007
full_step	2.075668757373613	0.006002086088356823	10	32	9	3.2	9005964.553454516	51665.29913708861	0.6542800478014783	-1.7913285568383337	3007
half_step_1	2.075668757373613	0.0030010430441784115	9	31	9	3.4444444444444446	9005964.553454516	143727.46365733675	0.6542800478014783	-1.7913285568383337	3007
half_step_2	2.0786698004177913	0.0030010430441784115	10	32	7	3.2	9005964.553454516	191590.23800541507	0.583875175625792	-1.78726089595488	2988
full_step	2.08167084346197	0.01062265011406716	7	11	5	1.5714285714285714	9005964.553454516	56041.293390900755	0.7039472065005157	-1.7790410760008957	3036
full_step	2.08167084346197	0.00531132505703358	11	33	10	3	9005964.553454516	92391.18577283293	0.7039472065005157	-1.7790410760008957	3036
half_step_1	2.08167084346197	0.00265566252851679	7	11	7	1.5714285714285714	9005964.553454516	218201.2910276313	0.7039472065005157	-1.7790410760008957	3036
half_step_2	2.0843265059904867	0.00265566252851679	10	30	9	3	9005964.553454516	179853.8611203737	0.7860865008643145	-1.7846930293262495	3025
full_step	2.0869821685190035	0.014425139174757412	9	17	7	1.8888888888888888	9005964.553454516	82543.36129902153	0.8183813394742288	-1.77849241216328	3032
full_step	2.0869821685190035	0.007212569587378706	7	15	4	2.142857142857143	9005964.553454516	50995.792595811414	0.8183813394742288	-1.77849241216328	3032
full_step	2.0869821685190035	0.003606284793689353	8	30	9	3.75	9005964.553454516	244136.6100867954	0.8183813394742288	-1.77849241216328	3032
half_step_1	2.0869821685190035	0.0018031423968446765	8	17	9	2.125	9005964.553454516	249972.8044889867	0.8183813394742288	-1.77849241216328	3032
half_step_2	2.0887853109158483	0.0018031423968446765	9	26	10	2.888888888888889	9005964.553454516	163454.60085279084	0.6395940249605019	-1.7842971863578847	2980
full_step	2.090588453312693	0.009519153501570706	11	32	6	2.909090909090909	9005964.553454516	33241.53045284503	0.44263554689263174	-1.786571177797764	2946
full_step	2.090588453312693	0.004759576750785353	9	30	7	3.3333333333333335	9005964.553454516	38103.150115572476	0.44263554689263174	-1.786571177797764	2946
half_step_1	2.090588453312693	0.0023797883753926764	9	29	7	3.2222222222222223	9005964.553454516	140489.7533371157	0.44263554689263174	-1.786571177797764	2946
half_step_2	2.092968241688086	0.0023797883753926764	11	41	11	3.727272727272727	9005964.553454516	141850.1573571887	0.4101876017405175	-1.7884486648648927	2946
full_step	2.0953480300634784	0.009374085893353507	11	36	8	3.272727272727273	9005964.553454516	32704.814088365358	0.5054777417261107	-1.7838656481700197	2991
full_step	2.0953480300634784	0.004687042946676753	10	29	7	2.9	9005964.553454516	61754.84005015615	0.5054777417261107	-1.7838656481700197	2991
half_step_1	2.0953480300634784	0.0023435214733383766	7	21	9	3	9005964.553454516	189917.56480712886	0.5054777417261107	-1.7838656481700197	2991
half_step_2	2.097691551536817	0.0023435214733383766	8	28	8	3.5	9005964.553454516	150242.48825755905	0.5841860170745576	-1.770711413394845	3040
full_step	2.100035073010155	0.007509121782153028	9	27	7	3	9005964.553454516	50711.457556366935	0.6416198240709718	-1.7763440679923923	3056
full_step	2.100035073010155	0.003754560891076514	10	35	9	3.5	9005964.553454516	142510.45499300378	0.6416198240709718	-1.7763440679923923	3056
half_step_1	2.100035073010155	0.001877280445538257	11	32	8	2.909090909090909	9005964.553454516	252061.1429419115	0.6416198240709718	-1.7763440679923923	3056
half_step_2	2.101912353455693	0.001877280445538257	10	35	11	3.5	9005964.553454516	145328.01308162848	0.5503309287874458	-1.772858075985067	3118
full_step	2.1037896339012314	0.008417797425367536	10	21	6	2.1	9005964.553454516	22950.172113169043	0.42114753854178844	-1.7809530619616079	3077
full_step	2.1037896339012314	0.004208898712683768	10	31	8	3.1	9005964.553454516	47872.841091860544	0.42114753854178844	-1.7809530619616079	3077
half_step_1	2.1037896339012314	0.002104449356341884	11	43	12	3.909090909090909	9005964.553454516	125874.50832994538	0.42114753854178844	-1.7809530619616079	3077
half_step_2	2.1058940832575734	0.002104449356341884	7	27	10	3.857142857142857	9005964.553454516	139248.11059273814	0.40217143601086036	-1.781772044123794	3076
full_step	2.107998532613915	0.011963401982888736	10	26	7	2.6	9005964.553454516	86612.0453472631	0.4571665112341634	-1.7736238870296184	3054
full_step	2.107998532613915	0.005981700991444368	9	33	11	3.6666666666666665	9005964.553454516	44159.86799306143	0.4571665112341634	-1.7736238870296184	3054
half_step_1	2.107998532613915	0.002990850495722184	7	26	8	3.7142857142857144	9005964.553454516	144698.3093272265	0.4571665112341634	-1.7736238870296184	3054
half_step_2	2.1109893831096374	0.002990850495722184	12	60	10	5	9005964.553454516	257408.41617555343	0.6689719320328322	-1.758515585079377	3002
full_step	2.1139802336053592	0.01632372191617005	9	18	5	2	9005964.553454516	128846.2587825571	0.9130935354335179	-1.7684183596275542	3045
full_step	2.1139802336053592	0.008161860958085024	10	28	6	2.8	9005964.553454516	90694.28306523596	0.9130935354335179	-1.7684183596275542	3045
full_step	2.1139802336053592	0.004080930479042512	9	31	9	3.4444444444444446	9005964.553454516	251505.23638536382	0.9130935354335179	-1.7684183596275542	3045
half_step_1	2.1139802336053592	0.002040465239521256	7	14	7	2	9005964.553454516	254247.6700175895	0.9130935354335179	-1.7684183596275542	3045
half_step_2	2.1160206988448804	0.002040465239521256	13	52	11	4	9005964.553454516	170965.9404987491	0.7912356337907909	-1.7668451834547871	3056
full_step	2.1180611640844016	0.011810225856973697	11	34	8	3.090909090909091	9005964.553454516	63968.97599578031	0.5458189033239478	-1.7709293028948196	3034
full_step	2.1180611640844016	0.005905112928486849	10	33	6	3.3	9005964.553454516	73541.40562867279	0.5458189033239478	-1.7709293028948196	3034
half_step_1	2.1180611640844016	0.0029525564642434244	9	32	9	3.5555555555555554	9005964.553454516	138533.7091884347	0.5458189033239478	-1.7709293028948196	3034
half_step_2	2.1210137205486452	0.0029525564642434244	8	29	11	3.625	9005964.553454516	229137.70856798204	0.6390703573998735	-1.7665370944846484	3111
full_step	2.1239662770128884	0.013881700522416983	9	19	5	2.111111111111111	9005964.553454516	80916.91983269455	0.7728249323950536	-1.759519571262861	3148
full_step	2.1239662770128884	0.006940850261208492	7	22	7	3.142857142857143	9005964.553454516	63449.68550187548	0.7728249323950536	-1.759519571262861	3148
full_step	2.1239662770128884	0.003470425130604246	7	26	8	3.7142857142857144	9005964.553454516	247732.65071888475	0.7728249323950536	-1.759519571262861	3148
half_step_1	2.1239662770128884	0.001735212565302123	9	27	10	3	9005964.553454516	247413.72594505225	0.7728249323950536	-1.759519571262861	3148
half_step_2	2.1257014895781907	0.001735212565302123	11	36	9	3.272727272727273	9005964.553454516	177461.58448482407	0.5990612284692816	-1.7663492525365831	3125
full_step	2.1274367021434926	0.010187113826986902	10	22	7	2.2	9005964.553454516	36226.992929878	0.4099755193310557	-1.7755622227622783	3095
full_step	2.1274367021434926	0.005093556913493451	10	24	4	2.4	9005964.553454516	40384.776066377904	0.4099755193310557	-1.7755622227622783	3095
half_step_1	2.1274367021434926	0.0025467784567467255	7	21	7	3	9005964.553454516	81521.99373766326	0.4099755193310557	-1.7755622227622783	3095
half_step_2	2.1299834806002393	0.0025467784567467255	10	33	8	3.3	9005964.553454516	189051.4980317634	0.4350521522356985	-1.7580261819642686	3155
full_step	2.132530259056986	0.007544748980937275	8	24	7	3	9005964.553454516	63513.69535661734	0.5265574967651219	-1.7540972209247883	3185
full_step	2.132530259056986	0.0037723744904686377	7	23	9	3.2857142857142856	9005964.553454516	159422.82235897655	0.5265574967651219	-1.7540972209247883	3185
half_step_1	2.132530259056986	0.0018861872452343189	9	32	9	3.5555555555555554	9005964.553454516	209151.84658589293	0.5265574967651219	-1.7540972209247883	3185
half_step_2	2.1344164463022204	0.0018861872452343189	10	46	10	4.6	9005964.553454516	174880.24991226319	0.487629188440053	-1.7539032574476647	3134
full_step	2.1363026335474546	0.0037723744904686377	10	34	9	3.4	9005964.553454516	62626.2682794083	0.43973287143131756	-1.753948795583817	3140
half_step_1	2.1363026335474546	0.0018861872452343189	10	36	6	3.6	9005964.553454516	187452.55320286084	0.43973287143131756	-1.753948795583817	3140
half_step_2	2.138188820792689	0.0018861872452343189	9	40	9	4.444444444444445	9005964.553454516	138637.75687709608	0.38951542600864286	-1.761955234964822	3156
full_step	2.140075008037923	0.006961609235274789	10	25	6	2.5	9005964.553454516	38813.12839528701	0.3616041327663311	-1.7677196633824541	3177
half_step_1	2.140075008037923	0.0034808046176373945	9	29	8	3.2222222222222223	9005964.553454516	108031.95056204665	0.3616041327663311	-1.7677196633824541	3177
half_step_2	2.1435558126555607	0.0034808046176373945	11	51	11	4.636363636363637	9005964.553454516	275435.7868370017	0.620792558450546	-1.7532539395533704	3190
full_step	2.147036617273198	0.016521234975316306	9	25	6	2.7777777777777777	9005964.553454516	114365.24965692949	1.0160348001754755	-1.7426685489816007	3142
full_step	2.147036617273198	0.008260617487658153	12	54	10	4.5	9005964.553454516	93842.99111244541	1.0160348001754755	-1.7426685489816007	3142
full_step	2.147036617273198	0.0041303087438290765	8	28	7	3.5	9005964.553454516	222738.25168318933	1.0160348001754755	-1.7426685489816007	3142
half_step_1	2.147036617273198	0.0020651543719145383	9	29	7	3.2222222222222223	9005964.553454516	303608.12961557496	1.0160348001754755	-1.7426685489816007	3142
half_step_2	2.149101771645112	0.0020651543719145383	13	37	8	2.8461538461538463	9005964.553454516	191868.85760072016	0.8960644618604761	-1.7631386317678295	3189
full_step	2.151166926017027	0.011442097821701386	10	20	7	2	9005964.553454516	38497.47317255699	0.5757575596412039	-1.7716066627309894	3211
full_step	2.151166926017027	0.005721048910850693	9	31	8	3.4444444444444446	9005964.553454516	48280.133259070135	0.5757575596412039	-1.7716066627309894	3211
half_step_1	2.151166926017027	0.0028605244554253464	8	26	9	3.25	9005964.553454516	148240.79795061867	0.5757575596412039	-1.7716066627309894	3211
half_step_2	2.1540274504724524	0.0028605244554253464	11	41	8	3.727272727272727	9005964.553454516	182189.97312932447	0.5887153755867871	-1.7695870666058333	3180
full_step	2.1568879749278778	0.015889988677763353	11	32	6	2.909090909090909	9005964.553454516	119716.90346687316	0.6980244860384914	-1.757227195070036	3148
full_step	2.1568879749278778	0.007944994338881677	9	25	8	2.7777777777777777	9005964.553454516	59919.27759532303	0.6980244860384914	-1.757227195070036	3148
half_step_1	2.1568879749278778	0.003972497169440838	6	13	6	2.1666666666666665	9005964.553454516	259574.16027198697	0.6980244860384914	-1.757227195070036	3148
half_step_2	2.1608604720973186	0.003972497169440838	10	43	11	4.3	9005964.553454516	297050.08583924035	0.9563658653750053	-1.7478021833650916	3126
full_step	2.1648329692667594	0.016712426725154054	10	39	8	3.9	9005964.553454516	123866.5037142285	1.412926633721213	-1.7584666714020847	3132
full_step	2.1648329692667594	0.008356213362577027	9	42	10	4.666666666666667	9005964.553454516	100077.05004277152	1.412926633721213	-1.7584666714020847	3132
full_step	2.1648329692667594	0.0041781066812885135	8	26	9	3.25	9005964.553454516	274747.36993247375	1.412926633721213	-1.7584666714020847	3132
half_step_1	2.1648329692667594	0.0020890533406442567	11	33	9	3	9005964.553454516	410742.15530693234	1.412926633721213	-1.7584666714020847	3132
half_step_2	2.1669220226074035	0.0020890533406442567	13	40	10	3.076923076923077	9005964.553454516	220794.56579579035	1.1411885135820512	-1.7597713575280618	3121
full_step	2.169011075948048	0.010760801880342978	13	29	6	2.230769230769231	9005964.553454516	25368.301346826916	0.6411165855862464	-1.768473276357446	3073
full_step	2.169011075948048	0.005380400940171489	10	37	7	3.7	9005964.553454516	54183.67441750046	0.6411165855862464	-1.768473276357446	3073
half_step_1	2.169011075948048	0.0026902004700857444	8	23	8	2.875	9005964.553454516	137940.2923384238	0.6411165855862464	-1.768473276357446	3073
half_step_2	2.171701276418134	0.0026902004700857444	11	40	10	3.6363636363636362	9005964.553454516	189332.69682111155	0.5551734326514861	-1.763290091217964	3116
full_step	2.1743914768882195	0.014924031409270377	9	27	6	3	9005964.553454516	113502.89243195615	0.6657845487362692	-1.767375102375852	3032
full_step	2.1743914768882195	0.0074620157046351885	9	27	7	3	9005964.553454516	50006.87946629196	0.6657845487362692	-1.767375102375852	3032
half_step_1	2.1743914768882195	0.0037310078523175943	6	20	8	3.3333333333333335	9005964.553454516	162087.95785034698	0.6657845487362692	-1.767375102375852	3032
half_step_2	2.178122484740537	0.0037310078523175943	11	37	9	3.3636363636363638	9005964.553454516	300133.91024715034	0.9516853969067824	-1.745112164354003	3053
full_step	2.1818534925928548	0.018505432897325758	10	23	6	2.3	9005964.553454516	150772.32803498974	1.1888008303096171	-1.7497081921370932	3121
full_step	2.1818534925928548	0.009252716448662879	8	25	7	3.125	9005964.553454516	93450.32277122131	1.1888008303096171	-1.7497081921370932	3121
half_step_1	2.1818534925928548	0.004626358224331439	5	10	5	2	9005964.553454516	249341.29252314084	1.1888008303096171	-1.7497081921370932	3121
half_step_2	2.1864798508171863	0.004626358224331439	12	52	11	4.333333333333333	9005964.553454516	316135.67431674624	1.3489863684186503	-1.745138336383746	3265
full_step	2.191106209041518	0.011885165759879425	8	12	5	1.5	9005964.553454516	64367.84127638608	1.2034842300071773	-1.739127278547221	3282
full_step	2.191106209041518	0.005942582879939712	8	26	6	3.25	9005964.553454516	248472.99449468125	1.2034842300071773	-1.739127278547221	3282
half_step_1	2.191106209041518	0.002971291439969856	9	33	10	3.6666666666666665	9005964.553454516	340416.0673527887	1.2034842300071773	-1.739127278547221	3282
half_step_2	2.194077500481488	0.002971291439969856	9	26	6	2.888888888888889	9005964.553454516	213389.50241487348	1.0350290341705772	-1.750763028623478	3233
full_step	2.1970487919214574	0.010470814210598737	9	24	8	2.6666666666666665	9005964.553454516	51236.94330900733	0.9112614244425572	-1.7634931468056982	3217
full_step	2.1970487919214574	0.005235407105299368	9	25	9	2.7777777777777777	9005964.553454516	90350.8002296024	0.9112614244425572	-1.7634931468056982	3217
half_step_1	2.1970487919214574	0.002617703552649684	7	22	8	3.142857142857143	9005964.553454516	191406.19395318264	0.9112614244425572	-1.7634931468056982	3217
half_step_2	2.199666495474107	0.002617703552649684	9	42	10	4.666666666666667	9005964.553454516	221225.6416244151	0.7788936922771086	-1.765021918359833	3218
full_step	2.202284199026757	0.013096458730509066	11	28	6	2.5454545454545454	9005964.553454516	64933.27686613059	0.7331071087132273	-1.76831139121705	3218
full_step	2.202284199026757	0.006548229365254533	9	27	7	3	9005964.553454516	74370.07325849432	0.7331071087132273	-1.76831139121705	3218
full_step	2.202284199026757	0.0032741146826272666	9	31	8	3.4444444444444446	9005964.553454516	227378.9900915436	0.7331071087132273	-1.76831139121705	3218
half_step_1	2.202284199026757	0.0016370573413136333	8	12	6	1.5	9005964.553454516	255192.71206604477	0.7331071087132273	-1.76831139121705	3218
half_step_2	2.2039212563680706	0.0016370573413136333	8	28	13	3.5	9005964.553454516	172890.53615746426	0.5727374496621565	-1.7802598497753004	3216
full_step	2.205558313709384	0.007727294447234379	9	29	7	3.2222222222222223	9005964.553454516	20695.31120201282	0.36707552631651197	-1.777085574245455	3119
half_step_1	2.205558313709384	0.0038636472236171894	9	35	9	3.888888888888889	9005964.553454516	44526.442094395265	0.36707552631651197	-1.777085574245455	3119
half_step_2	2.2094219609330015	0.0038636472236171894	11	56	11	5.090909090909091	9005964.553454516	222724.78295108402	0.6516165620525385	-1.761557521225714	3091
full_step	2.2132856081566183	0.012605720563144258	12	44	7	3.6666666666666665	9005964.553454516	74351.70258509785	1.2100124308140607	-1.741985244130454	3156
full_step	2.2132856081566183	0.006302860281572129	9	24	7	2.6666666666666665	9005964.553454516	233231.6680765436	1.2100124308140607	-1.741985244130454	3156
full_step	2.2132856081566183	0.0031514301407860644	8	19	7	2.375	9005964.553454516	280087.2050008303	1.2100124308140607	-1.741985244130454	3156
half_step_1	2.2132856081566183	0.0015757150703930322	10	36	8	3.6	9005964.553454516	454618.5204202856	1.2100124308140607	-1.741985244130454	3156
half_step_2	2.2148613232270113	0.0015757150703930322	8	18	5	2.25	9005964.553454516	267311.88753400225	0.9425344259383905	-1.7665520378762385	3157
full_step	2.2164370382974043	0.009098944269322836	9	22	4	2.4444444444444446	9005964.553454516	23047.18582834067	0.5078496037251625	-1.7824998814375599	3170
full_step	2.2164370382974043	0.004549472134661418	9	29	6	3.2222222222222223	9005964.553454516	46331.590243670435	0.5078496037251625	-1.7824998814375599	3170
half_step_1	2.2164370382974043	0.002274736067330709	10	37	8	3.7	9005964.553454516	116315.29753505041	0.5078496037251625	-1.7824998814375599	3170
half_step_2	2.218711774364735	0.002274736067330709	9	29	7	3.2222222222222223	9005964.553454516	151894.86150362092	0.35334952760598526	-1.7761096288885376	3226
full_step	2.220986510432066	0.01795282411613644	9	26	7	2.888888888888889	9005964.553454516	158926.44705276	0.39952214133427333	-1.7684726793514247	3201
full_step	2.220986510432066	0.00897641205806822	10	34	7	3.4	9005964.553454516	76968.62552503389	0.39952214133427333	-1.7684726793514247	3201
full_step	2.220986510432066	0.00448820602903411	8	21	8	2.625	9005964.553454516	78066.0662700562	0.39952214133427333	-1.7684726793514247	3201
half_step_1	2.220986510432066	0.002244103014517055	8	32	10	4	9005964.553454516	186106.9542416046	0.39952214133427333	-1.7684726793514247	3201
half_step_2	2.223230613446583	0.002244103014517055	11	44	8	4	9005964.553454516	171061.95981482012	0.42706949597555877	-1.7757004556433698	3110
full_step	2.2254747164611	0.006970676959326867	7	19	9	2.7142857142857144	9005964.553454516	51394.52692803578	0.511572924777397	-1.768415053304828	3149
full_step	2.2254747164611	0.0034853384796634337	6	17	5	2.8333333333333335	9005964.553454516	252042.6253757329	0.511572924777397	-1.768415053304828	3149
half_step_1	2.2254747164611	0.0017426692398317168	10	34	10	3.4	9005964.553454516	196394.24195050626	0.511572924777397	-1.768415053304828	3149
half_step_2	2.2272173857009316	0.0017426692398317168	9	30	10	3.3333333333333335	9005964.553454516	142910.58582492068	0.4552388376947647	-1.7732037577135875	3072
full_step	2.2289600549407633	0.009282418843672	10	25	5	2.5	9005964.553454516	40580.14604210916	0.4022036856864588	-1.7823144286144168	3085
full_step	2.2289600549407633	0.004641209421836	7	13	4	1.8571428571428572	9005964.553454516	41091.53535450061	0.4022036856864588	-1.7823144286144168	3085
half_step_1	2.2289600549407633	0.002320604710918	7	20	7	2.857142857142857	9005964.553454516	104548.13200180001	0.4022036856864588	-1.7823144286144168	3085
half_step_2	2.231280659651681	0.002320604710918	10	39	9	3.9	9005964.553454516	171128.03011251747	0.4450626912973803	-1.7816565997495535	3007
full_step	2.2336012643625995	0.01416389022617037	9	24	5	2.6666666666666665	9005964.553454516	104270.72485419422	0.5131585798571336	-1.7696248653698943	3117
full_step	2.2336012643625995	0.007081945113085185	7	21	9	3	9005964.553454516	44695.56279235408	0.5131585798571336	-1.7696248653698943	3117
full_step	2.2336012643625995	0.0035409725565425927	8	25	8	3.125	9005964.553454516	114065.8328882578	0.5131585798571336	-1.7696248653698943	3117
half_step_1	2.2336012643625995	0.0017704862782712963	8	26	9	3.25	9005964.553454516	208210.97534149003	0.5131585798571336	-1.7696248653698943	3117
half_step_2	2.235371750640871	0.0017704862782712963	10	41	10	4.1	9005964.553454516	147816.01605825042	0.4553665495933501	-1.7774727060987725	3085
full_step	2.237142236919142	0.012697695301000834	9	21	8	2.3333333333333335	9005964.553454516	80839.57780188887	0.3702541157749124	-1.7775174163972645	3009
full_step	2.237142236919142	0.006348847650500417	8	24	6	3	9005964.553454516	24837.06515425785	0.3702541157749124	-1.7775174163972645	3009
half_step_1	2.237142236919142	0.0031744238252502084	5	16	11	3.2	9005964.553454516	68503.51356517787	0.3702541157749124	-1.7775174163972645	3009
half_step_2	2.240316660744392	0.0031744238252502084	11	43	9	3.909090909090909	9005964.553454516	243239.54812355145	0.604393710935085	-1.7687921916174387	3076
full_step	2.2434910845696425	0.0169985097776338	10	34	7	3.4	9005964.553454516	137127.287277242	0.8943970177554661	-1.762294985721309	3091
full_step	2.2434910845696425	0.0084992548888169	7	15	5	2.142857142857143	9005964.553454516	62870.51899782127	0.8943970177554661	-1.762294985721309	3091
full_step	2.2434910845696425	0.00424962744440845	9	27	7	3	9005964.553454516	193907.4688072161	0.8943970177554661	-1.762294985721309	3091
half_step_1	2.2434910845696425	0.002124813722204225	7	21	7	3	9005964.553454516	264750.329424469	0.8943970177554661	-1.762294985721309	3091
half_step_2	2.2456158982918466	0.002124813722204225	9	20	6	2.2222222222222223	9005964.553454516	196516.6631425821	0.8045247078646298	-1.7775308009352566	3079
full_step	2.247740712014051	0.013136108966553232	12	36	8	3	9005964.553454516	72577.27223371385	0.6212947293473121	-1.7727082171426802	3057
full_step	2.247740712014051	0.006568054483276616	10	38	9	3.8	9005964.553454516	101569.54740581126	0.6212947293473121	-1.7727082171426802	3057
full_step	2.247740712014051	0.003284027241638308	9	33	8	3.6666666666666665	9005964.553454516	158989.61822156978	0.6212947293473121	-1.7727082171426802	3057
half_step_1	2.247740712014051	0.001642013620819154	9	27	7	3	9005964.553454516	196845.9488226984	0.6212947293473121	-1.7727082171426802	3057
half_step_2	2.24938272563487	0.001642013620819154	9	26	7	2.888888888888889	9005964.553454516	131740.30717446835	0.42416743040837446	-1.7832133914186228	3048
full_step	2.2510247392556892	0.010258792447668004	11	35	6	3.1818181818181817	9005964.553454516	54873.072704548154	0.33490709140284025	-1.7907040376270766	3070
full_step	2.2510247392556892	0.005129396223834002	8	15	5	1.875	9005964.553454516	31160.886197912092	0.33490709140284025	-1.7907040376270766	3070
half_step_1	2.2510247392556892	0.002564698111917001	8	24	9	3	9005964.553454516	125927.77650182885	0.33490709140284025	-1.7907040376270766	3070
half_step_2	2.2535894373676064	0.002564698111917001	10	33	9	3.3	9005964.553454516	180829.52576566013	0.4322372600366293	-1.7669733476428313	3040
full_step	2.256154135479523	0.01729300017577343	8	20	6	2.5	9005964.553454516	144626.2885965806	0.6038174332224457	-1.7767143323604346	3064
full_step	2.256154135479523	0.008646500087886715	7	9	4	1.2857142857142858	9005964.553454516	37757.98512698427	0.6038174332224457	-1.7767143323604346	3064
full_step	2.256154135479523	0.0043232500439433575	7	19	6	2.7142857142857144	9005964.553454516	105563.36700223087	0.6038174332224457	-1.7767143323604346	3064
half_step_1	2.256154135479523	0.0021616250219716787	7	13	5	1.8571428571428572	9005964.553454516	189571.80114734155	0.6038174332224457	-1.7767143323604346	3064
half_step_2	2.2583157605014947	0.0021616250219716787	7	18	9	2.5714285714285716	9005964.553454516	216013.71598440476	0.6182602044091823	-1.7809370724206506	3057
full_step	2.2604773855234663	0.01571150159359304	7	15	8	2.142857142857143	9005964.553454516	123019.1006107109	0.5673526832455309	-1.7720793612034231	3003
full_step	2.2604773855234663	0.00785575079679652	6	9	4	1.5	9005964.553454516	32137.61449477358	0.5673526832455309	-1.7720793612034231	3003
full_step	2.2604773855234663	0.00392787539839826	7	24	9	3.4285714285714284	9005964.553454516	72335.51005631275	0.5673526832455309	-1.7720793612034231	3003
half_step_1	2.2604773855234663	0.00196393769919913	7	17	5	2.4285714285714284	9005964.553454516	164278.1185359308	0.5673526832455309	-1.7720793612034231	3003
half_step_2	2.2624413232226654	0.00196393769919913	9	17	5	1.8888888888888888	9005964.553454516	157175.40653563698	0.4842570746296815	-1.7824380411044511	3030
full_step	2.2644052609218646	0.012668997327891132	10	31	7	3.1	9005964.553454516	62289.87383726341	0.3970471875535395	-1.7832810438900109	3069
full_step	2.2644052609218646	0.006334498663945566	11	42	8	3.8181818181818183	9005964.553454516	34285.22024039521	0.3970471875535395	-1.7832810438900109	3069
half_step_1	2.2644052609218646	0.003167249331972783	6	20	8	3.3333333333333335	9005964.553454516	74539.44626825581	0.3970471875535395	-1.7832810438900109	3069
half_step_2	2.2675725102538373	0.003167249331972783	10	43	13	4.3	9005964.553454516	225322.2278596698	0.6400504144997967	-1.7708072271777504	3089
full_step	2.27073975958581	0.016214314289336226	9	25	7	2.7777777777777777	9005964.553454516	88716.10454646585	0.9044138639226844	-1.7598109770896129	3075
full_step	2.27073975958581	0.008107157144668113	9	30	7	3.3333333333333335	9005964.553454516	113444.93642707639	0.9044138639226844	-1.7598109770896129	3075
full_step	2.27073975958581	0.004053578572334056	8	30	9	3.75	9005964.553454516	272527.7591751871	0.9044138639226844	-1.7598109770896129	3075
half_step_1	2.27073975958581	0.002026789286167028	8	21	8	2.625	9005964.553454516	262449.1660667477	0.9044138639226844	-1.7598109770896129	3075
half_step_2	2.272766548871977	0.002026789286167028	7	14	5	2	9005964.553454516	193501.74611380068	0.7873063111875354	-1.779442401477442	3039
full_step	2.274793338158144	0.01265374328576425	8	22	8	2.75	9005964.553454516	95544.05134487127	0.5809505537088739	-1.78115689084681	3080
full_step	2.274793338158144	0.006326871642882125	9	23	5	2.5555555555555554	9005964.553454516	45328.060327270854	0.5809505537088739	-1.78115689084681	3080
half_step_1	2.274793338158144	0.0031634358214410623	8	26	7	3.25	9005964.553454516	171270.6140659184	0.5809505537088739	-1.78115689084681	3080
half_step_2	2.277956773979585	0.0031634358214410623	9	27	6	3	9005964.553454516	234835.42428315745	0.6635725261239145	-1.7712362177888419	3075
full_step	2.281120209801026	0.0121430415872227	10	38	7	3.8	9005964.553454516	76935.33781725186	0.848812489535419	-1.7652522812487048	3072
full_step	2.281120209801026	0.00607152079361135	11	50	9	4.545454545454546	9005964.553454516	150296.34917952088	0.848812489535419	-1.7652522812487048	3072
full_step	2.281120209801026	0.003035760396805675	8	30	8	3.75	9005964.553454516	263540.5025666074	0.848812489535419	-1.7652522812487048	3072
half_step_1	2.281120209801026	0.0015178801984028374	7	25	9	3.5714285714285716	9005964.553454516	322638.3693525397	0.848812489535419	-1.7652522812487048	3072
half_step_2	2.2826380899994287	0.0015178801984028374	8	19	9	2.375	9005964.553454516	203473.49552516948	0.6451461202588575	-1.7836393423847263	3047
full_step	2.2841559701978316	0.008391882753266744	9	19	6	2.111111111111111	9005964.553454516	26903.915535877994	0.3762745034154591	-1.789751983737377	2969
full_step	2.2841559701978316	0.004195941376633372	9	31	8	3.4444444444444446	9005964.553454516	59864.14541779321	0.3762745034154591	-1.789751983737377	2969
half_step_1	2.2841559701978316	0.002097970688316686	10	28	7	2.8	9005964.553454516	87688.97618115843	0.3762745034154591	-1.789751983737377	2969
half_step_2	2.2862539408861484	0.002097970688316686	8	17	5	2.125	9005964.553454516	142444.99831142617	0.2516945647502098	-1.786101754702787	2965
full_step	2.288351911574465	0.008942635345397288	10	37	8	3.7	9005964.553454516	51530.34956207203	0.3347834717557703	-1.7919197679751349	3014
full_step	2.288351911574465	0.004471317672698644	8	24	5	3	9005964.553454516	67075.08272558871	0.3347834717557703	-1.7919197679751349	3014
half_step_1	2.288351911574465	0.002235658836349322	9	23	9	2.5555555555555554	9005964.553454516	180213.19769239577	0.3347834717557703	-1.7919197679751349	3014
half_step_2	2.290587570410814	0.002235658836349322	10	33	8	3.3	9005964.553454516	188739.21309741537	0.4413879947613282	-1.7814019450749685	3061
full_step	2.2928232292471633	0.014145840081345356	7	14	7	2	9005964.553454516	120091.8778649999	0.5321111785070229	-1.7799734267607015	3082
full_step	2.2928232292471633	0.007072920040672678	8	22	5	2.75	9005964.553454516	54388.54009540555	0.5321111785070229	-1.7799734267607015	3082
half_step_1	2.2928232292471633	0.003536460020336339	7	23	6	3.2857142857142856	9005964.553454516	175256.2681559476	0.5321111785070229	-1.7799734267607015	3082
half_step_2	2.2963596892675	0.003536460020336339	9	28	9	3.111111111111111	9005964.553454516	251429.0956351828	0.9301718438679814	-1.7660921267065735	3098
full_step	2.299896149287836	0.014276567146584387	9	25	8	2.7777777777777777	9005964.553454516	70376.8638157458	1.1770250600025065	-1.755300447643514	3107
full_step	2.299896149287836	0.007138283573292194	8	21	7	2.625	9005964.553454516	143879.45888624882	1.1770250600025065	-1.755300447643514	3107
full_step	2.299896149287836	0.003569141786646097	11	39	9	3.5454545454545454	9005964.553454516	259154.70689139355	1.1770250600025065	-1.755300447643514	3107
half_step_1	2.299896149287836	0.0017845708933230484	10	32	9	3.2	9005964.553454516	397164.7949688204	1.1770250600025065	-1.755300447643514	3107
half_step_2	2.301680720181159	0.0017845708933230484	7	17	7	2.4285714285714284	9005964.553454516	250525.18007454393	0.9364328939844313	-1.7643636211807088	3084
full_step	2.303465291074482	0.0082218865695323	8	22	5	2.75	9005964.553454516	29715.594003436723	0.5750637005653516	-1.7887925303693606	3137
half_step_1	2.303465291074482	0.00411094328476615	9	35	9	3.888888888888889	9005964.553454516	61679.34711992766	0.5750637005653516	-1.7887925303693606	3137
half_step_2	2.307576234359248	0.00411094328476615	10	47	9	4.7	9005964.553454516	240324.9570268296	0.7591391269963879	-1.762556434552427	3209
full_step	2.311687177644014	0.016542593624648844	9	30	7	3.3333333333333335	9005964.553454516	127247.45930422681	1.0634368413025186	-1.745387404761357	3199
full_step	2.311687177644014	0.008271296812324422	9	26	6	2.888888888888889	9005964.553454516	137611.30011939217	1.0634368413025186	-1.745387404761357	3199
half_step_1	2.311687177644014	0.004135648406162211	8	28	7	3.5	9005964.553454516	312393.0682522723	1.0634368413025186	-1.745387404761357	3199
half_step_2	2.3158228260501765	0.004135648406162211	8	28	9	3.5	9005964.553454516	272777.7155199702	0.8836102640724448	-1.7547552728920437	3233
full_step	2.319958474456339	0.013364780587029154	10	25	5	2.5	9005964.553454516	58723.21784572072	0.9377059715123437	-1.736661211351993	3255
full_step	2.319958474456339	0.006682390293514577	7	19	6	2.7142857142857144	9005964.553454516	159488.07590152454	0.9377059715123437	-1.736661211351993	3255
half_step_1	2.319958474456339	0.0033411951467572885	10	26	8	2.6	9005964.553454516	295690.53704595554	0.9377059715123437	-1.736661211351993	3255
half_step_2	2.323299669603096	0.0033411951467572885	10	44	9	4.4	9005964.553454516	225418.65783016972	0.7942278666280345	-1.756285823624595	3283
full_step	2.3266408647498533	0.008771402091951064	8	15	3	1.875	9005964.553454516	54376.88800117546	0.7089544724836401	-1.7559822378506087	3215
full_step	2.3266408647498533	0.004385701045975532	6	11	5	1.8333333333333333	9005964.553454516	185113.19486065974	0.7089544724836401	-1.7559822378506087	3215
half_step_1	2.3266408647498533	0.002192850522987766	9	27	7	3	9005964.553454516	252312.1118597506	0.7089544724836401	-1.7559822378506087	3215
half_step_2	2.328833715272841	0.002192850522987766	8	20	10	2.5	9005964.553454516	179709.4972474136	0.5893769875540329	-1.7639028909732744	3183
full_step	2.331026565795829	0.012128312235197052	7	14	7	2	9005964.553454516	45787.522987799515	0.49587396653947735	-1.7735720477129353	3225
full_step	2.331026565795829	0.006064156117598526	8	24	7	3	9005964.553454516	56196.12883769481	0.49587396653947735	-1.7735720477129353	3225
half_step_1	2.331026565795829	0.003032078058799263	7	24	10	3.4285714285714284	9005964.553454516	164427.5021440742	0.49587396653947735	-1.7735720477129353	3225
half_step_2	2.334058643854628	0.003032078058799263	8	30	9	3.75	9005964.553454516	205549.95448830415	0.6332546007156452	-1.7649923657649733	3194
full_step	2.3370907219134276	0.017307508266188588	9	19	4	2.111111111111111	9005964.553454516	138257.25161702817	0.8290638944230864	-1.7605088857161049	3188
full_step	2.3370907219134276	0.008653754133094294	7	22	8	3.142857142857143	9005964.553454516	67653.35655935555	0.8290638944230864	-1.7605088857161049	3188
full_step	2.3370907219134276	0.004326877066547147	6	13	6	2.1666666666666665	9005964.553454516	219256.4080105203	0.8290638944230864	-1.7605088857161049	3188
half_step_1	2.3370907219134276	0.0021634385332735735	7	8	5	1.1428571428571428	9005964.553454516	258456.81171923678	0.8290638944230864	-1.7605088857161049	3188
half_step_2	2.339254160446701	0.0021634385332735735	8	21	8	2.625	9005964.553454516	183330.11261218393	0.7465426619454547	-1.7626047509185774	3100
full_step	2.341417598979975	0.01233975263175639	8	19	8	2.375	9005964.553454516	37857.71214772598	0.5960766536379651	-1.7634768180806073	3073
full_step	2.341417598979975	0.006169876315878195	9	23	5	2.5555555555555554	9005964.553454516	48564.82342776355	0.5960766536379651	-1.7634768180806073	3073
half_step_1	2.341417598979975	0.0030849381579390973	6	17	11	2.8333333333333335	9005964.553454516	177885.85602598498	0.5960766536379651	-1.7634768180806073	3073
half_step_2	2.344502537137914	0.0030849381579390973	7	16	6	2.2857142857142856	9005964.553454516	246908.51545796735	0.4956279545028224	-1.7594468656905446	3085
full_step	2.347587475295853	0.018654190174123883	8	18	6	2.25	9005964.553454516	151601.92664889965	0.49007736802775526	-1.7622864317267581	3075
full_step	2.347587475295853	0.009327095087061942	8	21	6	2.625	9005964.553454516	53060.530213109894	0.49007736802775526	-1.7622864317267581	3075
half_step_1	2.347587475295853	0.004663547543530971	5	3	3	0.6	9005964.553454516	117038.94279357442	0.49007736802775526	-1.7622864317267581	3075
half_step_2	2.352251022839384	0.004663547543530971	9	25	7	2.7777777777777777	9005964.553454516	345162.8392816776	0.8484388478228766	-1.7412564061704687	3111
full_step	2.3569145703829153	0.01506527765635565	7	9	4	1.2857142857142858	9005964.553454516	90652.82237817967	1.0997713895829406	-1.7326561145214534	3160
full_step	2.3569145703829153	0.007532638828177825	10	42	11	4.2	9005964.553454516	243224.57222733644	1.0997713895829406	-1.7326561145214534	3160
full_step	2.3569145703829153	0.0037663194140889126	8	32	10	4	9005964.553454516	367559.6142119318	1.0997713895829406	-1.7326561145214534	3160
half_step_1	2.3569145703829153	0.0018831597070444563	9	32	11	3.5555555555555554	9005964.553454516	456638.7863575445	1.0997713895829406	-1.7326561145214534	3160
half_step_2	2.3587977300899596	0.0018831597070444563	9	27	8	3	9005964.553454516	174367.77726261044	0.8532519759539241	-1.7587683215078	3045
full_step	2.3606808897970044	0.007363503744454667	9	24	5	2.6666666666666665	9005964.553454516	25466.837765603632	0.4119341608717946	-1.771375825991793	3126
half_step_1	2.3606808897970044	0.0036817518722273334	7	22	9	3.142857142857143	9005964.553454516	65679.96159712327	0.4119341608717946	-1.771375825991793	3126
half_step_2	2.364362641669232	0.0036817518722273334	10	46	9	4.6	9005964.553454516	201399.17802003818	0.49435330226924634	-1.765405814380906	3115
full_step	2.3680443935414592	0.015607910924570787	8	18	5	2.25	9005964.553454516	71432.50677483756	0.6855791689239368	-1.7472795332707898	3103
full_step	2.3680443935414592	0.0078039554622853936	6	11	4	1.8333333333333333	9005964.553454516	95065.09892684106	0.6855791689239368	-1.7472795332707898	3103
half_step_1	2.3680443935414592	0.0039019777311426968	6	8	4	1.3333333333333333	9005964.553454516	261435.86282225096	0.6855791689239368	-1.7472795332707898	3103
half_step_2	2.371946371272602	0.0039019777311426968	10	26	7	2.6	9005964.553454516	313345.32419657253	0.7482930216814907	-1.753042622231142	3096
full_step	2.3758483490037445	0.01181948892658726	10	32	6	3.2	9005964.553454516	47825.49733307537	1.1900979783864045	-1.748539964228392	3122
full_step	2.3758483490037445	0.00590974446329363	9	28	6	3.111111111111111	9005964.553454516	174484.4083356648	1.1900979783864045	-1.748539964228392	3122
half_step_1	2.3758483490037445	0.002954872231646815	8	35	13	4.375	9005964.553454516	251682.6997373205	1.1900979783864045	-1.748539964228392	3122
half_step_2	2.3788032212353913	0.002954872231646815	8	16	5	2	9005964.553454516	212289.57997262236	0.7360714651356375	-1.7529788252134573	3113
full_step	2.381758093467038	0.011205009430765684	9	25	7	2.7777777777777777	9005964.553454516	35538.14546291275	0.5972158783606005	-1.7656342796011473	3097
full_step	2.381758093467038	0.005602504715382842	8	26	6	3.25	9005964.553454516	112447.814806832	0.5972158783606005	-1.7656342796011473	3097
half_step_1	2.381758093467038	0.002801252357691421	6	14	6	2.3333333333333335	9005964.553454516	219983.50620105688	0.5972158783606005	-1.7656342796011473	3097
half_step_2	2.3845593458247296	0.002801252357691421	8	24	9	3	9005964.553454516	187899.9721035451	0.6306642748469926	-1.754934126674861	3077
full_step	2.387360598182421	0.014292414988805903	8	22	7	2.75	9005964.553454516	43190.906054758234	0.7558235881460291	-1.75431017419424	3148
full_step	2.387360598182421	0.007146207494402952	7	18	5	2.5714285714285716	9005964.553454516	52862.36791178763	0.7558235881460291	-1.75431017419424	3148
half_step_1	2.387360598182421	0.003573103747201476	6	17	6	2.8333333333333335	9005964.553454516	218290.64988778043	0.7558235881460291	-1.75431017419424	3148
half_step_2	2.3909337019296224	0.003573103747201476	8	24	8	3	9005964.553454516	270891.01084815006	1.0669646602895	-1.7527329455523735	3131
full_step	2.394506805676824	0.01641100440087303	8	19	7	2.375	9005964.553454516	132296.35614531193	1.2598399088386145	-1.7532516701644185	3153
full_step	2.394506805676824	0.008205502200436515	8	16	5	2	9005964.553454516	113536.09600792534	1.2598399088386145	-1.7532516701644185	3153
full_step	2.394506805676824	0.004102751100218257	5	12	9	2.4	9005964.553454516	270662.00611859263	1.2598399088386145	-1.7532516701644185	3153
half_step_1	2.394506805676824	0.0020513755501091286	7	16	8	2.2857142857142856	9005964.553454516	328109.17221806943	1.2598399088386145	-1.7532516701644185	3153
half_step_2	2.396558181226933	0.0020513755501091286	8	25	6	3.125	9005964.553454516	209682.4778169772	0.9812514968678556	-1.7709800019745137	3056
full_step	2.3986095567770422	0.012490130141256942	8	19	8	2.375	9005964.553454516	40203.59530483335	0.6256588922024662	-1.7781082157071617	2985
full_step	2.3986095567770422	0.006245065070628471	8	21	5	2.625	9005964.553454516	34760.40790491406	0.6256588922024662	-1.7781082157071617	2985
half_step_1	2.3986095567770422	0.0031225325353142356	6	18	7	3	9005964.553454516	87171.66519251604	0.6256588922024662	-1.7781082157071617	2985
half_step_2	2.4017320893123566	0.0031225325353142356	8	23	7	2.875	9005964.553454516	233939.34064593443	0.5390204642956178	-1.7583415618265035	3035
full_step	2.4048546218476705	0.017523211432423913	8	21	6	2.625	9005964.553454516	132550.2795138592	0.702928841355174	-1.7609790952221898	3055
full_step	2.4048546218476705	0.008761605716211956	8	17	4	2.125	9005964.553454516	45531.677995908365	0.702928841355174	-1.7609790952221898	3055
full_step	2.4048546218476705	0.004380802858105978	7	13	4	1.8571428571428572	9005964.553454516	127531.20071057159	0.702928841355174	-1.7609790952221898	3055
half_step_1	2.4048546218476705	0.002190401429052989	7	9	6	1.2857142857142858	9005964.553454516	204555.12997279895	0.702928841355174	-1.7609790952221898	3055
half_step_2	2.4070450232767233	0.002190401429052989	7	21	7	3	9005964.553454516	151018.84487536602	0.4920363531405769	-1.762750238382768	3065
full_step	2.4092354247057766	0.014457514732981978	10	34	7	3.4	9005964.553454516	60821.08415534264	0.4142403188397452	-1.7628384901499254	3014
full_step	2.4092354247057766	0.007228757366490989	8	15	4	1.875	9005964.553454516	30297.123427921048	0.4142403188397452	-1.7628384901499254	3014
half_step_1	2.4092354247057766	0.0036143786832454946	6	14	5	2.3333333333333335	9005964.553454516	167591.5523623591	0.4142403188397452	-1.7628384901499254	3014
half_step_2	2.412849803389022	0.0036143786832454946	9	36	11	4	9005964.553454516	226564.2650773	0.586520904944166	-1.7558259290778657	3032
full_step	2.4164641820722674	0.018224448164458406	7	10	4	1.4285714285714286	9005964.553454516	140692.77646108932	0.9225164753731292	-1.7528434264122053	3078
full_step	2.4164641820722674	0.009112224082229203	5	7	4	1.4	9005964.553454516	102079.36723427587	0.9225164753731292	-1.7528434264122053	3078
full_step	2.4164641820722674	0.0045561120411146015	8	18	5	2.25	9005964.553454516	261474.80293835612	0.9225164753731292	-1.7528434264122053	3078
half_step_1	2.4164641820722674	0.0022780560205573007	7	9	5	1.2857142857142858	9005964.553454516	345657.8319543105	0.9225164753731292	-1.7528434264122053	3078
half_step_2	2.4187422380928245	0.0022780560205573007	7	17	7	2.4285714285714284	9005964.553454516	182617.08723057256	0.8864593213393732	-1.757518111181511	3003
full_step	2.421020294113382	0.012283459851317327	8	22	8	2.75	9005964.553454516	43767.554977492044	0.699539272298523	-1.7591205232001568	3067
full_step	2.421020294113382	0.006141729925658664	7	27	8	3.857142857142857	9005964.553454516	49604.40118235332	0.699539272298523	-1.7591205232001568	3067
half_step_1	2.421020294113382	0.003070864962829332	6	17	8	2.8333333333333335	9005964.553454516	111928.76674458125	0.699539272298523	-1.7591205232001568	3067
half_step_2	2.4240911590762115	0.003070864962829332	9	25	9	2.7777777777777777	9005964.553454516	213583.24134023648	0.7488180225383871	-1.7570945706013057	3045
full_step	2.4271620240390406	0.01710158590268124	8	18	5	2.25	9005964.553454516	140336.7557256363	0.8687356050648418	-1.7559520345162263	2987
full_step	2.4271620240390406	0.00855079295134062	8	20	5	2.5	9005964.553454516	48087.36712404029	0.8687356050648418	-1.7559520345162263	2987
full_step	2.4271620240390406	0.00427539647567031	6	12	7	2	9005964.553454516	203794.40522609875	0.8687356050648418	-1.7559520345162263	2987
half_step_1	2.4271620240390406	0.002137698237835155	8	20	7	2.5	9005964.553454516	217668.3018241956	0.8687356050648418	-1.7559520345162263	2987
half_step_2	2.4292997222768755	0.002137698237835155	9	21	7	2.3333333333333335	9005964.553454516	159820.38584193288	0.7424267722039986	-1.7590903384440781	3039
full_step	2.431437420514711	0.012493250367680845	8	21	7	2.625	9005964.553454516	35119.15402380635	0.423903840874857	-1.7607269387719071	3023
full_step	2.431437420514711	0.0062466251838404225	9	25	7	2.7777777777777777	9005964.553454516	41651.82683881113	0.423903840874857	-1.7607269387719071	3023
half_step_1	2.431437420514711	0.0031233125919202112	5	7	3	1.4	9005964.553454516	110633.76779736968	0.423903840874857	-1.7607269387719071	3023
half_step_2	2.4345607331066312	0.0031233125919202112	9	25	9	2.7777777777777777	9005964.553454516	220319.81728107907	0.6183502538342509	-1.7625690692604499	3088
full_step	2.437684045698551	0.017243195011000807	8	13	4	1.625	9005964.553454516	135394.02956482614	0.6397587993560023	-1.7600167848438635	3077
full_step	2.437684045698551	0.008621597505500404	7	23	10	3.2857142857142856	9005964.553454516	56640.543799524705	0.6397587993560023	-1.7600167848438635	3077
full_step	2.437684045698551	0.004310798752750202	6	11	5	1.8333333333333333	9005964.553454516	149825.86892433147	0.6397587993560023	-1.7600167848438635	3077
half_step_1	2.437684045698551	0.002155399376375101	9	16	6	1.7777777777777777	9005964.553454516	243788.90823442827	0.6397587993560023	-1.7600167848438635	3077
half_step_2	2.4398394450749263	0.002155399376375101	7	24	9	3.4285714285714284	9005964.553454516	184538.01719801812	0.5668902574302024	-1.7659121987229784	3026
full_step	2.4419948444513015	0.017250821583799078	8	21	8	2.625	9005964.553454516	136812.45247119298	0.5292131910262583	-1.7690250220515487	3050
full_step	2.4419948444513015	0.008625410791899539	8	13	4	1.625	9005964.553454516	34957.74683447642	0.5292131910262583	-1.7690250220515487	3050
full_step	2.4419948444513015	0.0043127053959497695	8	17	7	2.125	9005964.553454516	61497.04006118267	0.5292131910262583	-1.7690250220515487	3050
half_step_1	2.4419948444513015	0.0021563526979748848	7	14	5	2	9005964.553454516	154610.00481513943	0.5292131910262583	-1.7690250220515487	3050
half_step_2	2.4441511971492766	0.0021563526979748848	8	19	7	2.375	9005964.553454516	171798.89238083945	0.490559710283776	-1.770263641708593	3061
full_step	2.4463075498472513	0.014747250486167084	11	29	6	2.6363636363636362	9005964.553454516	51542.52717710686	0.4683480483590756	-1.7567836625521371	3069
full_step	2.4463075498472513	0.007373625243083542	6	8	4	1.3333333333333333	9005964.553454516	35381.0987163857	0.4683480483590756	-1.7567836625521371	3069
full_step	2.4463075498472513	0.003686812621541771	7	22	9	3.142857142857143	9005964.553454516	114844.63856900462	0.4683480483590756	-1.7567836625521371	3069
half_step_1	2.4463075498472513	0.0018434063107708855	5	8	3	1.6	9005964.553454516	176100.80164214637	0.4683480483590756	-1.7567836625521371	3069
half_step_2	2.448150956158022	0.0018434063107708855	7	16	6	2.2857142857142856	9005964.553454516	137665.44603114284	0.4176672509111654	-1.7645892020212706	2974
full_step	2.449994362468793	0.014559129955412487	8	19	7	2.375	9005964.553454516	84374.35153359508	0.38374485971939976	-1.7696758323449968	3017
full_step	2.449994362468793	0.007279564977706244	7	18	5	2.5714285714285716	9005964.553454516	25015.40183994644	0.38374485971939976	-1.7696758323449968	3017
full_step	2.449994362468793	0.003639782488853122	7	22	9	3.142857142857143	9005964.553454516	62908.20523143469	0.38374485971939976	-1.7696758323449968	3017
half_step_1	2.449994362468793	0.001819891244426561	7	23	5	3.2857142857142856	9005964.553454516	147852.14073752784	0.38374485971939976	-1.7696758323449968	3017
half_step_2	2.4518142537132195	0.001819891244426561	9	27	9	3	9005964.553454516	163439.84809518934	0.3488346827985538	-1.7665455512930999	3034
full_step	2.453634144957646	0.015520488927479328	8	17	6	2.125	9005964.553454516	112639.25361080961	0.29342626015960604	-1.766241592588037	3059
full_step	2.453634144957646	0.007760244463739664	8	15	4	1.875	9005964.553454516	36195.77189903917	0.29342626015960604	-1.766241592588037	3059
full_step	2.453634144957646	0.003880122231869832	8	13	5	1.625	9005964.553454516	84873.81617328138	0.29342626015960604	-1.766241592588037	3059
half_step_1	2.453634144957646	0.001940061115934916	8	26	7	3.25	9005964.553454516	172428.3437734686	0.29342626015960604	-1.766241592588037	3059
half_step_2	2.455574206073581	0.001940061115934916	7	25	11	3.5714285714285716	9005964.553454516	146289.53771024809	0.36207526639748266	-1.7674575419957976	3008
full_step	2.4575142671895156	0.014222931691763727	9	27	7	3	9005964.553454516	85275.67841169938	0.3307059195949478	-1.773689746188653	2971
full_step	2.4575142671895156	0.007111465845881864	9	28	8	3.111111111111111	9005964.553454516	29891.962718001265	0.3307059195949478	-1.773689746188653	2971
full_step	2.4575142671895156	0.003555732922940932	8	23	8	2.875	9005964.553454516	66004.32004792718	0.3307059195949478	-1.773689746188653	2971
half_step_1	2.4575142671895156	0.001777866461470466	7	14	4	2	9005964.553454516	151023.2121432533	0.3307059195949478	-1.773689746188653	2971
half_step_2	2.459292133650986	0.001777866461470466	10	33	8	3.3	9005964.553454516	155482.3990823271	0.346671098964066	-1.7616711106947136	2943
full_step	2.4610700001124566	0.014042002081431373	10	14	6	1.4	9005964.553454516	64761.322767024336	0.26575620415638923	-1.7679293653302843	2927
full_step	2.4610700001124566	0.007021001040715687	6	10	5	1.6666666666666667	9005964.553454516	24576.95588713203	0.26575620415638923	-1.7679293653302843	2927
full_step	2.4610700001124566	0.0035105005203578434	5	7	3	1.4	9005964.553454516	61467.16958354437	0.26575620415638923	-1.7679293653302843	2927
half_step_1	2.4610700001124566	0.0017552502601789217	7	14	7	2	9005964.553454516	133331.19267683005	0.26575620415638923	-1.7679293653302843	2927
half_step_2	2.4628252503726356	0.0017552502601789217	10	28	6	2.8	9005964.553454516	131171.6829320378	0.2988325710173285	-1.7642247905525634	2940
full_step	2.4645805006328145	0.01586730009078666	8	16	7	2	9005964.553454516	129767.24263373979	0.3131616918614668	-1.7692509392723847	2940
full_step	2.4645805006328145	0.00793365004539333	10	31	6	3.1	9005964.553454516	39932.61451359507	0.3131616918614668	-1.7692509392723847	2940
full_step	2.4645805006328145	0.003966825022696665	9	36	12	4	9005964.553454516	41756.669019059715	0.3131616918614668	-1.7692509392723847	2940
half_step_1	2.4645805006328145	0.0019834125113483325	7	25	6	3.5714285714285716	9005964.553454516	152392.67355461937	0.3131616918614668	-1.7692509392723847	2940
half_step_2	2.466563913144163	0.0019834125113483325	8	30	11	3.75	9005964.553454516	159681.22885677064	0.3686317190940258	-1.7649779030603026	3007
full_step	2.468547325655511	0.014362979733000578	9	22	7	2.4444444444444446	9005964.553454516	90569.67465971086	0.3451853382426293	-1.7660708332616382	2909
full_step	2.468547325655511	0.007181489866500289	7	11	7	1.5714285714285714	9005964.553454516	35343.13540413742	0.3451853382426293	-1.7660708332616382	2909
half_step_1	2.468547325655511	0.0035907449332501446	7	21	7	3	9005964.553454516	97281.3894234269	0.3451853382426293	-1.7660708332616382	2909
half_step_2	2.4721380705887612	0.0035907449332501446	10	44	10	4.4	9005964.553454516	257633.33239401339	0.6546541682435532	-1.7498839281070335	2944
full_step	2.4757288155220114	0.019548391313308933	9	22	5	2.4444444444444446	9005964.553454516	162840.93399540804	0.9963978569965661	-1.7477803701878913	3023
full_step	2.4757288155220114	0.009774195656654466	5	6	3	1.2	9005964.553454516	66507.06447548844	0.9963978569965661	-1.7477803701878913	3023
full_step	2.4757288155220114	0.004887097828327233	4	3	3	0.75	9005964.553454516	219636.86660543352	0.9963978569965661	-1.7477803701878913	3023
half_step_1	2.4757288155220114	0.0024435489141636166	7	14	5	2	9005964.553454516	281379.2186748934	0.9963978569965661	-1.7477803701878913	3023
half_step_2	2.478172364436175	0.0024435489141636166	7	10	4	1.4285714285714286	9005964.553454516	210977.0209035422	0.9699981826933595	-1.7659539321940787	3026
full_step	2.4806159133503387	0.013633708171923402	10	27	7	2.7	9005964.553454516	70130.88703745553	0.8098774440346119	-1.7564774695024732	2889
full_step	2.4806159133503387	0.006816854085961701	9	29	5	3.2222222222222223	9005964.553454516	69061.14238011507	0.8098774440346119	-1.7564774695024732	2889
full_step	2.4806159133503387	0.0034084270429808505	7	25	7	3.5714285714285716	9005964.553454516	172902.94695366098	0.8098774440346119	-1.7564774695024732	2889
half_step_1	2.4806159133503387	0.0017042135214904253	8	19	8	2.375	9005964.553454516	239194.5861266435	0.8098774440346119	-1.7564774695024732	2889
half_step_2	2.482320126871829	0.0017042135214904253	8	16	5	2	9005964.553454516	150173.45136234508	0.5455183677152036	-1.7686944905793793	2938
full_step	2.4840243403933195	0.0128469040418735	10	29	7	2.9	9005964.553454516	47329.49185323866	0.32264387717850695	-1.7635344019298664	2866
full_step	2.4840243403933195	0.00642345202093675	9	28	9	3.111111111111111	9005964.553454516	24330.844492791934	0.32264387717850695	-1.7635344019298664	2866
half_step_1	2.4840243403933195	0.003211726010468375	8	28	8	3.5	9005964.553454516	95604.53924860609	0.32264387717850695	-1.7635344019298664	2866
half_step_2	2.487236066403788	0.003211726010468375	11	57	11	5.181818181818182	9005964.553454516	215863.18128193062	0.5933992150782501	-1.7672034255035753	2953
full_step	2.4904477924142565	0.015193833550149803	9	19	5	2.111111111111111	9005964.553454516	99443.8153474372	0.6752149807247747	-1.765654805750557	3051
full_step	2.4904477924142565	0.007596916775074901	8	27	7	3.375	9005964.553454516	67914.34230939961	0.6752149807247747	-1.765654805750557	3051
full_step	2.4904477924142565	0.0037984583875374507	7	21	8	3	9005964.553454516	242576.9858904917	0.6752149807247747	-1.765654805750557	3051
half_step_1	2.4904477924142565	0.0018992291937687253	6	12	8	2	9005964.553454516	238634.60899264197	0.6752149807247747	-1.765654805750557	3051
half_step_2	2.4923470216080252	0.0018992291937687253	8	21	6	2.625	9005964.553454516	169352.64862098862	0.6068341066935545	-1.7676472435108392	3016
full_step	2.494246250801794	0.01170855792324869	10	27	7	2.7	9005964.553454516	66332.17986768682	0.49321024651163725	-1.7743425016565155	3056
full_step	2.494246250801794	0.005854278961624345	8	19	5	2.375	9005964.553454516	43311.680634017204	0.49321024651163725	-1.7743425016565155	3056
half_step_1	2.494246250801794	0.0029271394808121727	7	16	6	2.2857142857142856	9005964.553454516	170925.92199826756	0.49321024651163725	-1.7743425016565155	3056
half_step_2	2.4971733902826063	0.0029271394808121727	10	35	10	3.5	9005964.553454516	235473.56392553195	0.43923609866476454	-1.7577835875843906	3018
full_step	2.5001005297634182	0.02094081593180887	9	26	6	2.888888888888889	9005964.553454516	167508.98688478902	0.5733341165379784	-1.7627458953694475	3089
full_step	2.5001005297634182	0.010470407965904436	9	14	4	1.5555555555555556	9005964.553454516	60437.27748439399	0.5733341165379784	-1.7627458953694475	3089
full_step	2.5001005297634182	0.005235203982952218	7	13	7	1.8571428571428572	9005964.553454516	92451.11903831679	0.5733341165379784	-1.7627458953694475	3089
half_step_1	2.5001005297634182	0.002617601991476109	6	13	7	2.1666666666666665	9005964.553454516	222580.96219199055	0.5733341165379784	-1.7627458953694475	3089
half_step_2	2.5027181317548943	0.002617601991476109	8	21	10	2.625	9005964.553454516	200579.330413216	0.7033946784249565	-1.7578389272426895	3077
full_step	2.5053357337463704	0.012892799141047217	9	26	7	2.888888888888889	9005964.553454516	62913.063027444114	0.7658812843181408	-1.7525118786677627	3046
full_step	2.5053357337463704	0.006446399570523609	7	19	5	2.7142857142857144	9005964.553454516	73521.65010786674	0.7658812843181408	-1.7525118786677627	3046
half_step_1	2.5053357337463704	0.0032231997852618043	6	10	7	1.6666666666666667	9005964.553454516	202192.3687341669	0.7658812843181408	-1.7525118786677627	3046
half_step_2	2.5085589335316323	0.0032231997852618043	9	23	7	2.5555555555555554	9005964.553454516	225468.6756985844	0.9280223554740701	-1.7511250399938414	3098
full_step	2.511782133316894	0.018187380074075485	8	16	6	2	9005964.553454516	140443.21550106103	1.0570789316752212	-1.7520377286664808	3124
full_step	2.511782133316894	0.009093690037037742	8	19	4	2.375	9005964.553454516	47573.65694787494	1.0570789316752212	-1.7520377286664808	3124
half_step_1	2.511782133316894	0.004546845018518871	6	24	11	4	9005964.553454516	196279.76893022706	1.0570789316752212	-1.7520377286664808	3124
half_step_2	2.516328978335413	0.004546845018518871	11	29	8	2.6363636363636362	9005964.553454516	316820.4124777903	0.9986948178320176	-1.735320856364593	3152
full_step	2.520875823353932	0.019565955136470036	7	12	5	1.7142857142857142	9005964.553454516	140756.6149030728	0.7118950496840739	-1.7372750197287727	3121
full_step	2.520875823353932	0.009782977568235018	7	12	4	1.7142857142857142	9005964.553454516	120362.3438054997	0.7118950496840739	-1.7372750197287727	3121
half_step_1	2.520875823353932	0.004891488784117509	5	12	7	2.4	9005964.553454516	345034.8907437778	0.7118950496840739	-1.7372750197287727	3121
half_step_2	2.5257673121380493	0.004891488784117509	9	21	8	2.3333333333333335	9005964.553454516	314064.26976389205	0.9578530126470923	-1.735810687586373	3138
full_step	2.530658800922167	0.02211716504042255	9	27	6	3	9005964.553454516	165997.08295142357	1.017632118229585	-1.7399068567578606	3118
full_step	2.530658800922167	0.011058582520211274	6	8	5	1.3333333333333333	9005964.553454516	97550.05332588575	1.017632118229585	-1.7399068567578606	3118
full_step	2.530658800922167	0.005529291260105637	4	3	3	0.75	9005964.553454516	313598.4129753239	1.017632118229585	-1.7399068567578606	3118
half_step_1	2.530658800922167	0.0027646456300528185	8	21	7	2.625	9005964.553454516	378029.45005886856	1.017632118229585	-1.7399068567578606	3118
half_step_2	2.53342344655222	0.0027646456300528185	7	24	7	3.4285714285714284	9005964.553454516	204141.14810075425	0.9198045676350262	-1.7484961731899171	3068
full_step	2.5361880921822726	0.011853709451615204	8	28	9	3.5	9005964.553454516	40167.06751363779	0.8242691666293922	-1.7580755096262097	3102
full_step	2.5361880921822726	0.005926854725807602	8	19	5	2.375	9005964.553454516	70557.32287917081	0.8242691666293922	-1.7580755096262097	3102
half_step_1	2.5361880921822726	0.002963427362903801	7	14	4	2	9005964.553454516	174584.72802363776	0.8242691666293922	-1.7580755096262097	3102
half_step_2	2.5391515195451766	0.002963427362903801	7	16	6	2.2857142857142856	9005964.553454516	211620.56239843782	0.8152496973046937	-1.758456950979206	3128
full_step	2.54211494690808	0.01802986804894236	8	17	7	2.125	9005964.553454516	145459.2032300666	0.8524632353029915	-1.7582954409214937	3102
full_step	2.54211494690808	0.00901493402447118	6	11	3	1.8333333333333333	9005964.553454516	47836.41621324991	0.8524632353029915	-1.7582954409214937	3102
full_step	2.54211494690808	0.00450746701223559	5	6	3	1.2	9005964.553454516	220288.36255385677	0.8524632353029915	-1.7582954409214937	3102
half_step_1	2.54211494690808	0.002253733506117795	7	11	4	1.5714285714285714	9005964.553454516	209948.15734542027	0.8524632353029915	-1.7582954409214937	3102
half_step_2	2.544368680414198	0.002253733506117795	7	15	6	2.142857142857143	9005964.553454516	201830.43369239758	0.5387249608266416	-1.7575754028662847	3041
full_step	2.546622413920316	0.01517363636723529	9	21	7	2.3333333333333335	9005964.553454516	80506.33246663948	0.5093912647855063	-1.75531488298794	3092
full_step	2.546622413920316	0.007586818183617645	6	9	4	1.5	9005964.553454516	30104.219388071822	0.5093912647855063	-1.75531488298794	3092
half_step_1	2.546622413920316	0.0037934090918088225	4	11	4	2.75	9005964.553454516	115004.42463138943	0.5093912647855063	-1.75531488298794	3092
half_step_2	2.5504158230121248	0.0037934090918088225	8	22	10	2.75	9005964.553454516	215779.38782822143	0.9233420544626938	-1.7468526907962916	3056
full_step	2.5542092321039336	0.01565573196659079	8	21	8	2.625	9005964.553454516	107777.8583892675	1.271435190881732	-1.742810584361467	3103
full_step	2.5542092321039336	0.007827865983295395	6	14	4	2.3333333333333335	9005964.553454516	184554.01012164314	1.271435190881732	-1.742810584361467	3103
full_step	2.5542092321039336	0.003913932991647697	8	18	5	2.25	9005964.553454516	298271.6268258049	1.271435190881732	-1.742810584361467	3103
half_step_1	2.5542092321039336	0.0019569664958238486	9	24	7	2.6666666666666665	9005964.553454516	405816.250732267	1.271435190881732	-1.742810584361467	3103
half_step_2	2.5561661985997572	0.0019569664958238486	9	18	4	2	9005964.553454516	168131.41150068518	0.845726386119452	-1.7500463595400513	3069
full_step	2.5581231650955814	0.012004358875267847	9	30	9	3.3333333333333335	9005964.553454516	60340.12715038328	0.4489658239249934	-1.7654647218426647	3081
full_step	2.5581231650955814	0.006002179437633924	8	25	7	3.125	9005964.553454516	33109.19162981822	0.4489658239249934	-1.7654647218426647	3081
half_step_1	2.5581231650955814	0.003001089718816962	6	23	9	3.8333333333333335	9005964.553454516	72251.13957202276	0.4489658239249934	-1.7654647218426647	3081
half_step_2	2.5611242548143984	0.003001089718816962	8	29	13	3.625	9005964.553454516	165027.81985630252	0.3874697795777706	-1.7620545295644896	3047
full_step	2.564125344533215	0.021114804254246694	7	13	4	1.8571428571428572	9005964.553454516	160819.33339306252	0.5896200550374715	-1.7480311608418033	3082
full_step	2.564125344533215	0.010557402127123347	6	6	3	1	9005964.553454516	35595.57873421746	0.5896200550374715	-1.7480311608418033	3082
full_step	2.564125344533215	0.0052787010635616735	4	3	3	0.75	9005964.553454516	105761.47859469085	0.5896200550374715	-1.7480311608418033	3082
half_step_1	2.564125344533215	0.0026393505317808368	6	8	3	1.3333333333333333	9005964.553454516	219489.38387509313	0.5896200550374715	-1.7480311608418033	3082
half_step_2	2.566764695064996	0.0026393505317808368	8	18	7	2.25	9005964.553454516	181778.1372728078	0.7323561639571494	-1.7576134238383865	3087
full_step	2.5694040455967766	0.01473465083016392	8	12	6	1.5	9005964.553454516	87980.33056666041	0.7130618385958201	-1.754990729286376	3110
full_step	2.5694040455967766	0.00736732541508196	8	16	4	2	9005964.553454516	53927.8077132591	0.7130618385958201	-1.754990729286376	3110
half_step_1	2.5694040455967766	0.00368366270754098	5	6	3	1.2	9005964.553454516	151571.21044974646	0.7130618385958201	-1.754990729286376	3110
half_step_2	2.5730877083043175	0.00368366270754098	8	26	8	3.25	9005964.553454516	261217.76043202932	0.8345634929505081	-1.744967410173462	3081
full_step	2.5767713710118585	0.018825709706079156	10	28	6	2.8	9005964.553454516	139260.98368984758	0.8395081869786054	-1.740134261225715	3152
full_step	2.5767713710118585	0.009412854853039578	7	16	4	2.2857142857142856	9005964.553454516	64463.11867113742	0.8395081869786054	-1.740134261225715	3152
half_step_1	2.5767713710118585	0.004706427426519789	5	9	4	1.8	9005964.553454516	250293.56659841837	0.8395081869786054	-1.740134261225715	3152
half_step_2	2.581477798438378	0.004706427426519789	7	14	6	2	9005964.553454516	313113.3038046099	1.1027013555935241	-1.7422776929102974	3122
full_step	2.586184225864898	0.020486874732935312	6	12	5	2	9005964.553454516	170749.77340717742	0.9919001424352132	-1.7364190303518867	3125
full_step	2.586184225864898	0.010243437366467656	7	16	4	2.2857142857142856	9005964.553454516	80941.38840665047	0.9919001424352132	-1.7364190303518867	3125
full_step	2.586184225864898	0.005121718683233828	8	26	7	3.25	9005964.553454516	314493.0846602068	0.9919001424352132	-1.7364190303518867	3125
half_step_1	2.586184225864898	0.002560859341616914	9	28	9	3.111111111111111	9005964.553454516	310002.9745943045	0.9919001424352132	-1.7364190303518867	3125
half_step_2	2.588745085206515	0.002560859341616914	6	10	7	1.6666666666666667	9005964.553454516	237317.5695948673	0.6267543054509019	-1.755950615683306	3127
full_step	2.591305944548132	0.01467037671614276	7	16	8	2.2857142857142856	9005964.553454516	68911.65827850976	0.34435267255895496	-1.7504676438638884	3121
full_step	2.591305944548132	0.00733518835807138	8	17	5	2.125	9005964.553454516	41999.18697201989	0.34435267255895496	-1.7504676438638884	3121
half_step_1	2.591305944548132	0.00366759417903569	6	15	5	2.5	9005964.553454516	171908.77888776522	0.34435267255895496	-1.7504676438638884	3121
half_step_2	2.5949735387271677	0.00366759417903569	9	17	5	1.8888888888888888	9005964.553454516	207769.1456835821	0.43584897394151767	-1.752629616762875	3066
full_step	2.598641132906203	0.02131448098537967	8	17	6	2.125	9005964.553454516	162301.6785455347	0.6190330060743463	-1.753018322115361	3137
full_step	2.598641132906203	0.010657240492689835	6	7	4	1.1666666666666667	9005964.553454516	47736.0379715881	0.6190330060743463	-1.753018322115361	3137
full_step	2.598641132906203	0.005328620246344918	5	11	5	2.2	9005964.553454516	157805.4856814113	0.6190330060743463	-1.753018322115361	3137
half_step_1	2.598641132906203	0.002664310123172459	7	13	7	1.8571428571428572	9005964.553454516	259941.50162066508	0.6190330060743463	-1.753018322115361	3137
half_step_2	2.6013054430293754	0.002664310123172459	9	22	6	2.4444444444444446	9005964.553454516	208833.0233958595	0.7374118046657827	-1.751911771558545	3121
full_step	2.603969753152548	0.014095221437020359	10	28	7	2.8	9005964.553454516	78189.9020477874	0.5725614901350013	-1.753240145272963	3162
full_step	2.603969753152548	0.0070476107185101795	9	17	7	1.8888888888888888	9005964.553454516	39934.64328567844	0.5725614901350013	-1.753240145272963	3162
half_step_1	2.603969753152548	0.0035238053592550897	7	18	6	2.5714285714285716	9005964.553454516	165298.2336695957	0.5725614901350013	-1.753240145272963	3162
half_step_2	2.6074935585118033	0.0035238053592550897	8	24	8	3	9005964.553454516	252496.51706575128	0.5498861183194208	-1.748603873960142	3117
full_step	2.611017363871058	0.022324608456094165	9	28	6	3.111111111111111	9005964.553454516	175451.17015663744	0.8609224488152449	-1.7488497021713247	3160
full_step	2.611017363871058	0.011162304228047083	7	15	4	2.142857142857143	9005964.553454516	55722.19402948576	0.8609224488152449	-1.7488497021713247	3160
full_step	2.611017363871058	0.005581152114023541	7	13	4	1.8571428571428572	9005964.553454516	150369.33006694532	0.8609224488152449	-1.7488497021713247	3160
half_step_1	2.611017363871058	0.0027905760570117706	9	24	8	2.6666666666666665	9005964.553454516	267524.7018347007	0.8609224488152449	-1.7488497021713247	3160
half_step_2	2.61380793992807	0.0027905760570117706	9	26	8	2.888888888888889	9005964.553454516	226835.47504157355	0.6910537224014774	-1.7466051616951614	3097
full_step	2.6165985159850815	0.018183572801585952	9	29	6	3.2222222222222223	9005964.553454516	155190.65410259855	0.6655054194505396	-1.7511570150384148	3166
full_step	2.6165985159850815	0.009091786400792976	7	17	6	2.4285714285714284	9005964.553454516	33233.965266888204	0.6655054194505396	-1.7511570150384148	3166
half_step_1	2.6165985159850815	0.004545893200396488	6	14	6	2.3333333333333335	9005964.553454516	238467.4322621164	0.6655054194505396	-1.7511570150384148	3166
half_step_2	2.621144409185478	0.004545893200396488	8	25	10	3.125	9005964.553454516	291511.8827455191	0.7817037814294281	-1.7446507342041795	3107
full_step	2.6256903023858746	0.017542150730676248	6	7	4	1.1666666666666667	9005964.553454516	106379.30449687863	1.0044560278981294	-1.7361791987285295	3097
full_step	2.6256903023858746	0.008771075365338124	4	5	3	1.25	9005964.553454516	134689.72049209883	1.0044560278981294	-1.7361791987285295	3097
full_step	2.6256903023858746	0.004385537682669062	6	11	5	1.8333333333333333	9005964.553454516	285285.77513734857	1.0044560278981294	-1.7361791987285295	3097
half_step_1	2.6256903023858746	0.002192768841334531	11	32	8	2.909090909090909	9005964.553454516	301660.71332102956	1.0044560278981294	-1.7361791987285295	3097
half_step_2	2.627883071227209	0.002192768841334531	8	25	7	3.125	9005964.553454516	171366.11630470346	0.7679213560005564	-1.7529085526499217	3124
full_step	2.630075840068544	0.014529486675439322	11	31	8	2.8181818181818183	9005964.553454516	83821.7373166553	0.405180910451179	-1.7550930094582153	3127
full_step	2.630075840068544	0.007264743337719661	7	12	5	1.7142857142857142	9005964.553454516	41203.922701495656	0.405180910451179	-1.7550930094582153	3127
half_step_1	2.630075840068544	0.0036323716688598305	7	32	10	4.571428571428571	9005964.553454516	131798.03864574467	0.405180910451179	-1.7550930094582153	3127
half_step_2	2.6337082117374035	0.0036323716688598305	7	25	9	3.5714285714285716	9005964.553454516	228638.1716415841	0.537681106966204	-1.7539084948788817	3117
full_step	2.6373405834062633	0.01697235949813649	9	25	5	2.7777777777777777	9005964.553454516	129870.49408662229	0.7003059867455477	-1.7479434654385517	3185
full_step	2.6373405834062633	0.008486179749068245	5	9	6	1.8	9005964.553454516	78817.76956154377	0.7003059867455477	-1.7479434654385517	3185
full_step	2.6373405834062633	0.0042430898745341224	6	13	5	2.1666666666666665	9005964.553454516	263168.0606549685	0.7003059867455477	-1.7479434654385517	3185
half_step_1	2.6373405834062633	0.0021215449372670612	9	21	5	2.3333333333333335	9005964.553454516	275345.290720818	0.7003059867455477	-1.7479434654385517	3185
half_step_2	2.6394621283435304	0.0021215449372670612	9	15	5	1.6666666666666667	9005964.553454516	198017.88493610924	0.6469093003127	-1.7674140204029314	3161
full_step	2.6415836732807976	0.014057738765806859	9	24	8	2.6666666666666665	9005964.553454516	73889.17449327988	0.5471935351978345	-1.7626631703351516	3112
full_step	2.6415836732807976	0.0070288693829034295	7	18	5	2.5714285714285716	9005964.553454516	38181.388802109	0.5471935351978345	-1.7626631703351516	3112
full_step	2.6415836732807976	0.0035144346914517148	7	21	7	3	9005964.553454516	83179.3271258538	0.5471935351978345	-1.7626631703351516	3112
half_step_1	2.6415836732807976	0.0017572173457258574	6	14	5	2.3333333333333335	9005964.553454516	165737.46002320235	0.5471935351978345	-1.7626631703351516	3112
half_step_2	2.6433408906265234	0.0017572173457258574	7	20	6	2.857142857142857	9005964.553454516	141858.96312607365	0.4120497883011467	-1.7551364704111179	3103
full_step	2.6450981079722493	0.013227427081822205	9	18	7	2	9005964.553454516	69940.83951955402	0.2474783098541593	-1.765824195298858	3153
full_step	2.6450981079722493	0.006613713540911103	7	19	9	2.7142857142857144	9005964.553454516	25589.941550575764	0.2474783098541593	-1.765824195298858	3153
half_step_1	2.6450981079722493	0.0033068567704555513	9	26	9	2.888888888888889	9005964.553454516	63664.68638802714	0.2474783098541593	-1.765824195298858	3153
half_step_2	2.648404964742705	0.0033068567704555513	9	41	9	4.555555555555555	9005964.553454516	224173.56211397247	0.431625617798602	-1.7500690592494945	3139
full_step	2.6517118215131603	0.01608533172764915	9	23	7	2.5555555555555554	9005964.553454516	112350.64207363935	0.5161781450064495	-1.745497786362854	3103
full_step	2.6517118215131603	0.008042665863824575	5	9	4	1.8	9005964.553454516	66410.98500424474	0.5161781450064495	-1.745497786362854	3103
full_step	2.6517118215131603	0.004021332931912288	5	9	3	1.8	9005964.553454516	221178.50963014542	0.5161781450064495	-1.745497786362854	3103
half_step_1	2.6517118215131603	0.002010666465956144	8	20	7	2.5	9005964.553454516	267606.17135808844	0.5161781450064495	-1.745497786362854	3103
half_step_2	2.6537224879791164	0.002010666465956144	8	21	7	2.625	9005964.553454516	144446.36976268428	0.5425890410827492	-1.7663784055239151	3168
full_step	2.6557331544450724	0.014549004984178306	8	22	7	2.75	9005964.553454516	86409.83553040226	0.4821470472520559	-1.768861935609151	3052
full_step	2.6557331544450724	0.007274502492089153	8	21	6	2.625	9005964.553454516	33491.01693883922	0.4821470472520559	-1.768861935609151	3052
half_step_1	2.6557331544450724	0.0036372512460445764	7	23	8	3.2857142857142856	9005964.553454516	66436.56549506496	0.4821470472520559	-1.768861935609151	3052
half_step_2	2.659370405691117	0.0036372512460445764	11	44	11	4	9005964.553454516	248758.0004606238	0.8463964830002624	-1.7512638538547303	3160
full_step	2.6630076569371615	0.018369309788207434	9	30	8	3.3333333333333335	9005964.553454516	130681.60383814225	1.229296276741934	-1.7490991838275867	3086
full_step	2.6630076569371615	0.009184654894103717	5	5	3	1	9005964.553454516	75109.27736021538	1.229296276741934	-1.7490991838275867	3086
full_step	2.6630076569371615	0.004592327447051858	5	9	3	1.8	9005964.553454516	163839.95303539105	1.229296276741934	-1.7490991838275867	3086
half_step_1	2.6630076569371615	0.002296163723525929	8	14	5	1.75	9005964.553454516	299674.56241655815	1.229296276741934	-1.7490991838275867	3086
half_step_2	2.6653038206606876	0.002296163723525929	7	11	4	1.5714285714285714	9005964.553454516	218450.86381751957	1.0647213761784542	-1.7574296128129439	3050
full_step	2.6675999843842133	0.012943441334641514	8	21	8	2.625	9005964.553454516	45815.80077933647	0.7791244009961247	-1.7578163119275476	3048
full_step	2.6675999843842133	0.006471720667320757	6	8	5	1.3333333333333333	9005964.553454516	53512.66180905415	0.7791244009961247	-1.7578163119275476	3048
half_step_1	2.6675999843842133	0.0032358603336603785	7	16	7	2.2857142857142856	9005964.553454516	152532.48258486687	0.7791244009961247	-1.7578163119275476	3048
half_step_2	2.6708358447178737	0.0032358603336603785	9	27	8	3	9005964.553454516	245565.44469875534	0.7273386011804632	-1.7513857309847887	2983
full_step	2.674071705051534	0.019276549695743828	9	25	6	2.7777777777777777	9005964.553454516	157943.37336782855	0.8587476263146527	-1.7518217696094918	3014
full_step	2.674071705051534	0.009638274847871914	8	17	4	2.125	9005964.553454516	52117.65165776095	0.8587476263146527	-1.7518217696094918	3014
full_step	2.674071705051534	0.004819137423935957	5	10	4	2	9005964.553454516	138434.22139518254	0.8587476263146527	-1.7518217696094918	3014
half_step_1	2.674071705051534	0.0024095687119679784	7	13	6	1.8571428571428572	9005964.553454516	233000.7687625467	0.8587476263146527	-1.7518217696094918	3014
half_step_2	2.676481273763502	0.0024095687119679784	9	21	6	2.3333333333333335	9005964.553454516	213137.92183467996	0.797034053721859	-1.7591977986646394	3051
full_step	2.6788908424754703	0.01438380871913026	8	17	7	2.125	9005964.553454516	63463.0575501259	0.6877653948963598	-1.7557625822999054	3031
full_step	2.6788908424754703	0.00719190435956513	8	21	5	2.625	9005964.553454516	46294.69536369649	0.6877653948963598	-1.7557625822999054	3031
half_step_1	2.6788908424754703	0.003595952179782565	5	17	10	3.4	9005964.553454516	112823.71224034346	0.6877653948963598	-1.7557625822999054	3031
half_step_2	2.6824867946552526	0.003595952179782565	9	35	9	3.888888888888889	9005964.553454516	234599.4555448003	0.8954552859082696	-1.7476097749915573	3051
full_step	2.6860827468350355	0.019459235615045003	8	17	7	2.125	9005964.553454516	156787.99661415143	1.1747760805541247	-1.7369406397002831	3005
full_step	2.6860827468350355	0.009729617807522501	6	12	4	2	9005964.553454516	68121.90131240405	1.1747760805541247	-1.7369406397002831	3005
full_step	2.6860827468350355	0.004864808903761251	6	9	4	1.5	9005964.553454516	214321.19009466303	1.1747760805541247	-1.7369406397002831	3005
half_step_1	2.6860827468350355	0.0024324044518806254	4	2	2	0.5	9005964.553454516	267909.20180741785	1.1747760805541247	-1.7369406397002831	3005
half_step_2	2.688515151286916	0.0024324044518806254	7	13	4	1.8571428571428572	9005964.553454516	206251.89851359496	1.031974174870868	-1.7552212732575851	3076
full_step	2.6909475557387967	0.01581001752432836	7	13	7	1.8571428571428572	9005964.553454516	101211.7796830891	0.7947159122800826	-1.759196549856576	3089
full_step	2.6909475557387967	0.00790500876216418	7	12	5	1.7142857142857142	9005964.553454516	46741.07648036607	0.7947159122800826	-1.759196549856576	3089
half_step_1	2.6909475557387967	0.00395250438108209	6	14	5	2.3333333333333335	9005964.553454516	105918.02441961705	0.7947159122800826	-1.759196549856576	3089
half_step_2	2.694900060119879	0.00395250438108209	9	36	10	4	9005964.553454516	282759.3300449115	0.9727968345564477	-1.7455470831444975	3033
full_step	2.698852564500961	0.018414723028912425	7	10	4	1.4285714285714286	9005964.553454516	137359.71336181994	1.1037553597491865	-1.7427098578083855	3097
full_step	2.698852564500961	0.009207361514456213	5	3	3	0.6	9005964.553454516	67096.22194101999	1.1037553597491865	-1.7427098578083855	3097
full_step	2.698852564500961	0.004603680757228106	4	3	3	0.75	9005964.553454516	243094.5223591616	1.1037553597491865	-1.7427098578083855	3097
half_step_1	2.698852564500961	0.002301840378614053	6	12	4	2	9005964.553454516	281308.05509129225	1.1037553597491865	-1.7427098578083855	3097
half_step_2	2.701154404879575	0.002301840378614053	8	20	5	2.5	9005964.553454516	223415.74876726198	1.0244052914594022	-1.7435824717057056	3077
full_step	2.7034562452581894	0.013500000904075004	9	25	8	2.7777777777777777	9005964.553454516	60513.16998719259	0.7929806177832006	-1.7599326475604884	3065
full_step	2.7034562452581894	0.006750000452037502	8	16	8	2	9005964.553454516	45747.06438942847	0.7929806177832006	-1.7599326475604884	3065
half_step_1	2.7034562452581894	0.003375000226018751	8	27	9	3.375	9005964.553454516	101682.73017286138	0.7929806177832006	-1.7599326475604884	3065
half_step_2	2.7068312454842083	0.003375000226018751	8	36	13	4.5	9005964.553454516	225824.69107776642	0.5859576065779493	-1.744450638596691	3048
full_step	2.7102062457102267	0.020666141524593257	7	13	6	1.8571428571428572	9005964.553454516	161636.11948030454	0.7501180495989388	-1.7445774302036092	3027
full_step	2.7102062457102267	0.010333070762296628	7	18	8	2.5714285714285716	9005964.553454516	47384.50253727531	0.7501180495989388	-1.7445774302036092	3027
full_step	2.7102062457102267	0.005166535381148314	7	19	5	2.7142857142857144	9005964.553454516	176917.69453836215	0.7501180495989388	-1.7445774302036092	3027
half_step_1	2.7102062457102267	0.002583267690574157	8	17	5	2.125	9005964.553454516	256827.62360846583	0.7501180495989388	-1.7445774302036092	3027
half_step_2	2.712789513400801	0.002583267690574157	7	12	5	1.7142857142857142	9005964.553454516	205542.15954828105	0.4615331722229712	-1.7500738154348245	3088
full_step	2.715372781091375	0.01665427416006784	8	15	7	1.875	9005964.553454516	123436.886838115	0.33357164987489796	-1.7583122316385869	3082
full_step	2.715372781091375	0.00832713708003392	9	17	5	1.8888888888888888	9005964.553454516	30880.65157987804	0.33357164987489796	-1.7583122316385869	3082
half_step_1	2.715372781091375	0.00416356854001696	5	15	8	3	9005964.553454516	117714.32153106958	0.33357164987489796	-1.7583122316385869	3082
half_step_2	2.719536349631392	0.00416356854001696	8	22	8	2.75	9005964.553454516	308808.3786051719	0.8486075539080957	-1.7474722359556556	3110
full_step	2.723699918171409	0.013350860066764343	6	6	4	1	9005964.553454516	64747.78446472813	1.4067461588471701	-1.7298768112403895	3087
full_step	2.723699918171409	0.006675430033382172	5	5	3	1	9005964.553454516	181170.54662663385	1.4067461588471701	-1.7298768112403895	3087
half_step_1	2.723699918171409	0.003337715016691086	9	20	6	2.2222222222222223	9005964.553454516	308806.1683500344	1.4067461588471701	-1.7298768112403895	3087
half_step_2	2.7270376331881	0.003337715016691086	8	21	4	2.625	9005964.553454516	245751.18111403246	1.1193392671219726	-1.7375614309552443	3093
full_step	2.730375348204791	0.01716597935629435	8	19	7	2.375	9005964.553454516	150594.40516827127	0.6579355845668147	-1.751760026058677	3120
full_step	2.730375348204791	0.008582989678147175	9	23	6	2.5555555555555554	9005964.553454516	41708.243515483635	0.6579355845668147	-1.751760026058677	3120
half_step_1	2.730375348204791	0.004291494839073587	7	27	10	3.857142857142857	9005964.553454516	170628.72039115	0.6579355845668147	-1.751760026058677	3120
half_step_2	2.7346668430438648	0.004291494839073587	10	30	8	3	9005964.553454516	297107.75554299605	0.8643761780537034	-1.7432551411338797	3139
full_step	2.7389583378829383	0.02042786632165564	10	28	6	2.8	9005964.553454516	153619.67452750768	1.3117709624798408	-1.7380218407301642	3141
full_step	2.7389583378829383	0.01021393316082782	7	19	5	2.7142857142857144	9005964.553454516	77728.9832236174	1.3117709624798408	-1.7380218407301642	3141
full_step	2.7389583378829383	0.00510696658041391	5	8	3	1.6	9005964.553454516	270039.85492625943	1.3117709624798408	-1.7380218407301642	3141
half_step_1	2.7389583378829383	0.002553483290206955	8	20	8	2.5	9005964.553454516	302328.90039774595	1.3117709624798408	-1.7380218407301642	3141
half_step_2	2.741511821173145	0.002553483290206955	6	11	3	1.8333333333333333	9005964.553454516	219243.980788853	0.8994079822869594	-1.7486159896903959	3058
full_step	2.7440653044633523	0.015182285820696247	9	18	8	2	9005964.553454516	85017.18076186247	0.45965242585066335	-1.755875140718798	3091
full_step	2.7440653044633523	0.007591142910348124	9	13	5	1.4444444444444444	9005964.553454516	58373.33784225498	0.45965242585066335	-1.755875140718798	3091
half_step_1	2.7440653044633523	0.003795571455174062	3	2	2	0.6666666666666666	9005964.553454516	142613.92574228477	0.45965242585066335	-1.755875140718798	3091
half_step_2	2.7478608759185263	0.003795571455174062	6	9	4	1.5	9005964.553454516	313647.3436541099	0.6099185550958737	-1.7469665397975094	3125
full_step	2.7516564473737004	0.0206835803595604	8	19	5	2.375	9005964.553454516	169693.57128390783	0.7742546655565548	-1.7439683340507635	3094
full_step	2.7516564473737004	0.0103417901797802	6	23	8	3.8333333333333335	9005964.553454516	61210.275752060275	0.7742546655565548	-1.7439683340507635	3094
full_step	2.7516564473737004	0.0051708950898901	6	10	5	1.6666666666666667	9005964.553454516	217136.25678110975	0.7742546655565548	-1.7439683340507635	3094
half_step_1	2.7516564473737004	0.00258544754494505	9	24	7	2.6666666666666665	9005964.553454516	240492.91027075902	0.7742546655565548	-1.7439683340507635	3094
half_step_2	2.7542418949186454	0.00258544754494505	7	7	4	1	9005964.553454516	199838.6499270782	0.6466118642544529	-1.7482523287437632	3128
full_step	2.7568273424635903	0.01701325364286694	7	15	7	2.142857142857143	9005964.553454516	134032.18082871634	0.5138019598213077	-1.7583303346037997	3074
full_step	2.7568273424635903	0.00850662682143347	7	10	4	1.4285714285714286	9005964.553454516	36545.75879783128	0.5138019598213077	-1.7583303346037997	3074
half_step_1	2.7568273424635903	0.004253313410716735	5	11	5	2.2	9005964.553454516	80215.52044797887	0.5138019598213077	-1.7583303346037997	3074
half_step_2	2.761080655874307	0.004253313410716735	9	28	8	3.111111111111111	9005964.553454516	269144.64122761256	0.7671073968190285	-1.7468894162370574	3101
full_step	2.765333969285024	0.01998684110449589	9	26	5	2.888888888888889	9005964.553454516	163933.05834185312	0.9631775603192523	-1.7415766005471147	3076
full_step	2.765333969285024	0.009993420552247945	5	6	3	1.2	9005964.553454516	95183.5423463031	0.9631775603192523	-1.7415766005471147	3076
full_step	2.765333969285024	0.004996710276123972	5	9	5	1.8	9005964.553454516	305383.79917291435	0.9631775603192523	-1.7415766005471147	3076
half_step_1	2.765333969285024	0.002498355138061986	7	18	7	2.5714285714285716	9005964.553454516	331401.1743383832	0.9631775603192523	-1.7415766005471147	3076
half_step_2	2.767832324423086	0.002498355138061986	8	24	5	3	9005964.553454516	218581.286442568	0.7390788053381243	-1.754313777758776	3101
full_step	2.7703306795611478	0.016583289862208108	7	13	7	1.8571428571428572	9005964.553454516	134029.57118585522	0.6230720393353977	-1.7555877749492916	3137
full_step	2.7703306795611478	0.008291644931104054	9	16	5	1.7777777777777777	9005964.553454516	34652.1600543413	0.6230720393353977	-1.7555877749492916	3137
half_step_1	2.7703306795611478	0.004145822465552027	5	10	4	2	9005964.553454516	84275.21795290276	0.6230720393353977	-1.7555877749492916	3137
half_step_2	2.7744765020266997	0.004145822465552027	6	12	6	2	9005964.553454516	271423.83595229	0.93811581982186	-1.7400826964316778	3065
full_step	2.7786223244922517	0.02099837111600347	7	14	5	2	9005964.553454516	167487.09397064254	1.166755993286415	-1.744229679952962	3133
full_step	2.7786223244922517	0.010499185558001735	5	4	4	0.8	9005964.553454516	60018.99841183717	1.166755993286415	-1.744229679952962	3133
full_step	2.7786223244922517	0.005249592779000867	6	13	5	2.1666666666666665	9005964.553454516	228899.4410846019	1.166755993286415	-1.744229679952962	3133
half_step_1	2.7786223244922517	0.0026247963895004336	7	16	8	2.2857142857142856	9005964.553454516	257289.55100965206	1.166755993286415	-1.744229679952962	3133
half_step_2	2.781247120881752	0.0026247963895004336	8	14	4	1.75	9005964.553454516	200599.36300340886	0.7943342830413371	-1.753882890715374	3097
full_step	2.7838719172712527	0.016624810094096602	9	24	7	2.6666666666666665	9005964.553454516	107145.9805733721	0.5977154709759702	-1.7569246266619951	3072
full_step	2.7838719172712527	0.008312405047048301	8	16	6	2	9005964.553454516	39839.23391628901	0.5977154709759702	-1.7569246266619951	3072
half_step_1	2.7838719172712527	0.004156202523524151	7	24	6	3.4285714285714284	9005964.553454516	94734.93070131473	0.5977154709759702	-1.7569246266619951	3072
half_step_2	2.788028119794777	0.004156202523524151	8	24	8	3	9005964.553454516	312914.1442717375	0.8084163761662921	-1.7400197305923422	3072
full_step	2.792184322318301	0.021925654013435443	9	21	6	2.3333333333333335	9005964.553454516	170368.09562647596	0.9962696141459446	-1.7394286522818028	3040
full_step	2.792184322318301	0.010962827006717722	10	21	8	2.1	9005964.553454516	79557.4665011396	0.9962696141459446	-1.7394286522818028	3040
full_step	2.792184322318301	0.005481413503358861	7	25	10	3.5714285714285716	9005964.553454516	279522.21832430264	0.9962696141459446	-1.7394286522818028	3040
half_step_1	2.792184322318301	0.0027407067516794304	6	20	10	3.3333333333333335	9005964.553454516	338006.26849646337	0.9962696141459446	-1.7394286522818028	3040
half_step_2	2.7949250290699807	0.0027407067516794304	9	29	7	3.2222222222222223	9005964.553454516	194439.8792469503	0.9297529115102634	-1.7446668312429918	3051
full_step	2.79766573582166	0.013864878727342952	10	30	8	3	9005964.553454516	94361.10272584492	0.6585283559371646	-1.7580681885313143	3066
full_step	2.79766573582166	0.006932439363671476	10	29	6	2.9	9005964.553454516	59319.56229154687	0.6585283559371646	-1.7580681885313143	3066
full_step	2.79766573582166	0.003466219681835738	7	25	11	3.5714285714285716	9005964.553454516	169006.56704209035	0.6585283559371646	-1.7580681885313143	3066
half_step_1	2.79766573582166	0.001733109840917869	8	27	7	3.375	9005964.553454516	218367.13152594553	0.6585283559371646	-1.7580681885313143	3066
half_step_2	2.799398845662578	0.001733109840917869	7	20	8	2.857142857142857	9005964.553454516	152612.54771343808	0.4648410351578036	-1.7570729065723991	3053
full_step	2.8011319555034957	0.012095765023870324	8	18	7	2.25	9005964.553454516	88646.92965751112	0.3052832756761177	-1.7660385579739264	3058
full_step	2.8011319555034957	0.006047882511935162	7	8	5	1.1428571428571428	9005964.553454516	20657.081504200858	0.3052832756761177	-1.7660385579739264	3058
half_step_1	2.8011319555034957	0.003023941255967581	5	13	8	2.6	9005964.553454516	81791.15826963271	0.3052832756761177	-1.7660385579739264	3058
half_step_2	2.8041558967594633	0.003023941255967581	8	36	10	4.5	9005964.553454516	203855.69601561775	0.46176508227745217	-1.7611775030170018	3019
full_step	2.807179838015431	0.016686966401465258	7	11	4	1.5714285714285714	9005964.553454516	123605.41220988179	0.7548752860656123	-1.7468009553631425	3050
full_step	2.807179838015431	0.008343483200732629	5	8	5	1.6	9005964.553454516	58797.46177232092	0.7548752860656123	-1.7468009553631425	3050
full_step	2.807179838015431	0.0041717416003663145	6	6	4	1	9005964.553454516	168052.1425350805	0.7548752860656123	-1.7468009553631425	3050
half_step_1	2.807179838015431	0.0020858708001831572	6	10	5	1.6666666666666667	9005964.553454516	270071.6024649574	0.7548752860656123	-1.7468009553631425	3050
half_step_2	2.809265708815614	0.0020858708001831572	7	10	4	1.4285714285714286	9005964.553454516	174340.90552510755	0.7190600451509681	-1.758809618162442	3081
full_step	2.8113515796157973	0.01341198677102914	8	24	8	3	9005964.553454516	94599.16523931475	0.5896150917936325	-1.7532503490547444	3016
full_step	2.8113515796157973	0.00670599338551457	7	16	5	2.2857142857142856	9005964.553454516	35044.41360863158	0.5896150917936325	-1.7532503490547444	3016
full_step	2.8113515796157973	0.003352996692757285	6	20	10	3.3333333333333335	9005964.553454516	148150.14987010858	0.5896150917936325	-1.7532503490547444	3016
half_step_1	2.8113515796157973	0.0016764983463786426	6	15	8	2.5	9005964.553454516	170596.3913792986	0.5896150917936325	-1.7532503490547444	3016
half_step_2	2.813028077962176	0.0016764983463786426	7	16	5	2.2857142857142856	9005964.553454516	132678.16775366277	0.4134415863464369	-1.7667900072698095	3038
full_step	2.8147045763085545	0.013915817170919002	7	15	7	2.142857142857143	9005964.553454516	89486.49961288623	0.27942993906731317	-1.7622521784006449	3009
full_step	2.8147045763085545	0.006957908585459501	7	17	6	2.4285714285714284	9005964.553454516	21164.697464587036	0.27942993906731317	-1.7622521784006449	3009
half_step_1	2.8147045763085545	0.0034789542927297504	6	23	8	3.8333333333333335	9005964.553454516	58686.82708951736	0.27942993906731317	-1.7622521784006449	3009
half_step_2	2.818183530601284	0.0034789542927297504	9	37	9	4.111111111111111	9005964.553454516	240030.44627579444	0.5934425321459003	-1.7475066321840798	3060
full_step	2.821662484894014	0.01261878246473046	7	6	3	0.8571428571428571	9005964.553454516	60608.53950624666	1.00492361771461	-1.7486026288662329	3169
full_step	2.821662484894014	0.00630939123236523	7	10	4	1.4285714285714286	9005964.553454516	138382.45309154392	1.00492361771461	-1.7486026288662329	3169
full_step	2.821662484894014	0.003154695616182615	5	0	0	0	9005964.553454516	244518.47641065868	1.00492361771461	-1.7486026288662329	3169
half_step_1	2.821662484894014	0.0015773478080913074	8	19	6	2.375	9005964.553454516	368048.97989064053	1.00492361771461	-1.7486026288662329	3169
half_step_2	2.8232398327021055	0.0015773478080913074	8	22	5	2.75	9005964.553454516	226264.00878994996	0.7948007616892028	-1.757578851643752	3043
full_step	2.824817180510197	0.010670031396127886	9	23	7	2.5555555555555554	9005964.553454516	42248.13741361772	0.47406923152948366	-1.7601337776864123	3105
full_step	2.824817180510197	0.005335015698063943	7	19	6	2.7142857142857144	9005964.553454516	31439.35975002816	0.47406923152948366	-1.7601337776864123	3105
half_step_1	2.824817180510197	0.0026675078490319714	8	24	6	3	9005964.553454516	73715.10909183428	0.47406923152948366	-1.7601337776864123	3105
half_step_2	2.827484688359229	0.0026675078490319714	6	14	6	2.3333333333333335	9005964.553454516	190883.04114516408	0.33214976288724074	-1.7617739342239704	3074
full_step	2.8301521962082608	0.017062213329750792	8	19	4	2.375	9005964.553454516	138285.13484876847	0.47586559325958433	-1.7583080977215184	3082
full_step	2.8301521962082608	0.008531106664875396	8	19	6	2.375	9005964.553454516	34667.503511675626	0.47586559325958433	-1.7583080977215184	3082
full_step	2.8301521962082608	0.004265553332437698	5	12	7	2.4	9005964.553454516	114689.56638478665	0.47586559325958433	-1.7583080977215184	3082
half_step_1	2.8301521962082608	0.002132776666218849	6	10	4	1.6666666666666667	9005964.553454516	194556.0289991379	0.47586559325958433	-1.7583080977215184	3082
half_step_2	2.8322849728744797	0.002132776666218849	8	26	11	3.25	9005964.553454516	178429.75793924407	0.529990857570283	-1.7573502772712009	3082
full_step	2.8344177495406986	0.017987667116747104	8	18	7	2.25	9005964.553454516	144663.84655946202	0.529631335299598	-1.754779357059619	3062
full_step	2.8344177495406986	0.008993833558373552	7	15	4	2.142857142857143	9005964.553454516	32171.627730751166	0.529631335299598	-1.754779357059619	3062
half_step_1	2.8344177495406986	0.004496916779186776	7	19	8	2.7142857142857144	9005964.553454516	62630.041700678325	0.529631335299598	-1.754779357059619	3062
half_step_2	2.8389146663198854	0.004496916779186776	10	38	9	3.8	9005964.553454516	307125.46723359014	0.7795535794953139	-1.7333015182617029	3121
full_step	2.8434115830990723	0.01935193072070391	7	17	4	2.4285714285714284	9005964.553454516	147888.8410253663	1.0374564497734013	-1.7396471329372498	3115
full_step	2.8434115830990723	0.009675965360351955	5	14	8	2.8	9005964.553454516	108282.51543571874	1.0374564497734013	-1.7396471329372498	3115
full_step	2.8434115830990723	0.004837982680175977	5	11	8	2.2	9005964.553454516	341329.8842499445	1.0374564497734013	-1.7396471329372498	3115
half_step_1	2.8434115830990723	0.0024189913400879887	9	27	8	3	9005964.553454516	341374.3353050763	1.0374564497734013	-1.7396471329372498	3115
half_step_2	2.84583057443916	0.0024189913400879887	7	15	5	2.142857142857143	9005964.553454516	210932.16691495615	0.9241551912611499	-1.7561455864555475	3124
full_step	2.8482495657792484	0.015346826255647853	8	22	8	2.75	9005964.553454516	93221.88732495168	0.7392989879313063	-1.75935580747831	3124
full_step	2.8482495657792484	0.007673413127823926	6	11	5	1.8333333333333333	9005964.553454516	46451.64080556736	0.7392989879313063	-1.75935580747831	3124
half_step_1	2.8482495657792484	0.003836706563911963	6	14	6	2.3333333333333335	9005964.553454516	128915.94130261893	0.7392989879313063	-1.75935580747831	3124
half_step_2	2.8520862723431604	0.003836706563911963	7	24	9	3.4285714285714284	9005964.553454516	135883.26620714244	0.8811471454825437	-1.7488785927382164	3163
full_step	2.8559229789070724	0.017286225394076014	7	10	4	1.4285714285714286	9005964.553454516	132023.22805718842	0.7689245559558913	-1.7518667452322625	3122
full_step	2.8559229789070724	0.008643112697038007	6	9	3	1.5	9005964.553454516	75041.29842287337	0.7689245559558913	-1.7518667452322625	3122
full_step	2.8559229789070724	0.004321556348519003	5	8	3	1.6	9005964.553454516	130929.59378814114	0.7689245559558913	-1.7518667452322625	3122
half_step_1	2.8559229789070724	0.0021607781742595017	7	14	7	2	9005964.553454516	260955.28840203225	0.7689245559558913	-1.7518667452322625	3122
half_step_2	2.858083757081332	0.0021607781742595017	6	9	6	1.5	9005964.553454516	160600.03895575347	0.6251279705476804	-1.7585064345535775	3150
full_step	2.860244535255591	0.013897233957994498	7	16	8	2.2857142857142856	9005964.553454516	71273.63478844763	0.5299483889467069	-1.77047220106483	3158
full_step	2.860244535255591	0.006948616978997249	8	20	5	2.5	9005964.553454516	35390.53362152943	0.5299483889467069	-1.77047220106483	3158
half_step_1	2.860244535255591	0.0034743084894986245	6	14	7	2.3333333333333335	9005964.553454516	77098.49976956494	0.5299483889467069	-1.77047220106483	3158
half_step_2	2.86371884374509	0.0034743084894986245	7	16	7	2.2857142857142856	9005964.553454516	246735.577655737	0.7575815762388061	-1.757552410532733	3118
full_step	2.8671931522345884	0.0223040112422597	7	12	5	1.7142857142857142	9005964.553454516	172652.38290099875	0.9818792390257727	-1.7542515407078685	3153
full_step	2.8671931522345884	0.01115200562112985	5	4	4	0.8	9005964.553454516	53302.61441191401	0.9818792390257727	-1.7542515407078685	3153
full_step	2.8671931522345884	0.005576002810564925	4	3	3	0.75	9005964.553454516	135938.85091295355	0.9818792390257727	-1.7542515407078685	3153
half_step_1	2.8671931522345884	0.0027880014052824626	7	6	3	0.8571428571428571	9005964.553454516	252844.54046020136	0.9818792390257727	-1.7542515407078685	3153
half_step_2	2.8699811536398707	0.0027880014052824626	7	11	4	1.5714285714285714	9005964.553454516	211922.9203539745	0.9891944520214224	-1.7557896640268529	3167
full_step	2.8727691550451535	0.018216175384542507	10	28	7	2.8	9005964.553454516	154500.89239905018	0.9164122068166876	-1.76238051522124	3184
full_step	2.8727691550451535	0.009108087692271253	9	25	6	2.7777777777777777	9005964.553454516	47943.705109571	0.9164122068166876	-1.76238051522124	3184
full_step	2.8727691550451535	0.004554043846135627	5	5	3	1	9005964.553454516	114316.48369539824	0.9164122068166876	-1.76238051522124	3184
half_step_1	2.8727691550451535	0.0022770219230678133	8	19	6	2.375	9005964.553454516	229003.18240504808	0.9164122068166876	-1.76238051522124	3184
half_step_2	2.875046176968221	0.0022770219230678133	10	42	12	4.2	9005964.553454516	175246.97118180062	0.7319059634361906	-1.7614119824789982	3130
full_step	2.8773231988912893	0.015266216671727319	8	20	7	2.5	9005964.553454516	124190.28804450289	0.5634501850681204	-1.763826622054151	3153
full_step	2.8773231988912893	0.007633108335863659	8	20	5	2.5	9005964.553454516	31860.601348390555	0.5634501850681204	-1.763826622054151	3153
half_step_1	2.8773231988912893	0.0038165541679318297	7	19	7	2.7142857142857144	9005964.553454516	88971.74008223302	0.5634501850681204	-1.763826622054151	3153
half_step_2	2.8811397530592213	0.0038165541679318297	8	27	8	3.375	9005964.553454516	275507.7976215947	0.845238074951908	-1.747268364314489	3132
full_step	2.884956307227153	0.018772234464547222	10	23	5	2.3	9005964.553454516	159054.08376891637	1.2481884758425394	-1.744748870312393	3155
full_step	2.884956307227153	0.009386117232273611	6	10	3	1.6666666666666667	9005964.553454516	78034.66353165163	1.2481884758425394	-1.744748870312393	3155
full_step	2.884956307227153	0.004693058616136806	5	3	3	0.6	9005964.553454516	301840.59904763126	1.2481884758425394	-1.744748870312393	3155
half_step_1	2.884956307227153	0.002346529308068403	8	9	6	1.125	9005964.553454516	318173.0232686315	1.2481884758425394	-1.744748870312393	3155
half_step_2	2.887302836535221	0.002346529308068403	7	23	8	3.2857142857142856	9005964.553454516	237815.60553142926	1.0860812860887563	-1.7589139899024309	3158
full_step	2.88964936584329	0.013966092861150551	10	34	8	3.4	9005964.553454516	111595.82378626919	0.8015934308778014	-1.7699903767443401	3144
full_step	2.88964936584329	0.006983046430575276	7	18	7	2.5714285714285716	9005964.553454516	49158.270982283255	0.8015934308778014	-1.7699903767443401	3144
half_step_1	2.88964936584329	0.003491523215287638	6	19	6	3.1666666666666665	9005964.553454516	151307.60017965647	0.8015934308778014	-1.7699903767443401	3144
half_step_2	2.8931408890585772	0.003491523215287638	9	37	11	4.111111111111111	9005964.553454516	232777.17088282076	0.8066928655053403	-1.763379543601972	3108
full_step	2.896632412273865	0.019118534510491367	9	29	6	3.2222222222222223	9005964.553454516	162389.92135894933	1.003139468916686	-1.7530608781042254	3086
full_step	2.896632412273865	0.009559267255245684	7	16	7	2.2857142857142856	9005964.553454516	84271.09445355707	1.003139468916686	-1.7530608781042254	3086
full_step	2.896632412273865	0.004779633627622842	6	15	5	2.5	9005964.553454516	214181.9834692912	1.003139468916686	-1.7530608781042254	3086
half_step_1	2.896632412273865	0.002389816813811421	6	13	9	2.1666666666666665	9005964.553454516	327559.2058128124	1.003139468916686	-1.7530608781042254	3086
half_step_2	2.8990222290876764	0.002389816813811421	7	24	10	3.4285714285714284	9005964.553454516	196652.50078410626	0.8942635296131698	-1.7603212509391177	3146
full_step	2.901412045901488	0.014232641548522516	8	22	7	2.75	9005964.553454516	80049.92906767878	0.7183746946126348	-1.7638763545906335	3104
full_step	2.901412045901488	0.007116320774261258	7	20	6	2.857142857142857	9005964.553454516	46046.447858545194	0.7183746946126348	-1.7638763545906335	3104
half_step_1	2.901412045901488	0.003558160387130629	6	12	5	2	9005964.553454516	132818.6507741258	0.7183746946126348	-1.7638763545906335	3104
half_step_2	2.9049702062886187	0.003558160387130629	10	32	9	3.2	9005964.553454516	269553.99749180966	0.8548166144492484	-1.7601083807648277	3162
full_step	2.9085283666757493	0.019370860995898506	9	20	6	2.2222222222222223	9005964.553454516	162466.39596107078	0.7974550878885793	-1.753355533135665	3128
full_step	2.9085283666757493	0.009685430497949253	7	12	5	1.7142857142857142	9005964.553454516	78338.32731833578	0.7974550878885793	-1.753355533135665	3128
full_step	2.9085283666757493	0.0048427152489746265	4	3	3	0.75	9005964.553454516	331804.1929817563	0.7974550878885793	-1.753355533135665	3128
half_step_1	2.9085283666757493	0.0024213576244873133	6	0	0	0	9005964.553454516	308601.9944656345	0.7974550878885793	-1.753355533135665	3128
half_step_2	2.9109497243002367	0.0024213576244873133	7	14	7	2	9005964.553454516	189951.68240582515	0.7210900649237715	-1.7563538779741863	3129
full_step	2.913371081924724	0.015139746528197747	8	28	8	3.5	9005964.553454516	122657.54306191164	0.6088472549660082	-1.7564589229213603	3064
full_step	2.913371081924724	0.007569873264098873	9	25	8	2.7777777777777777	9005964.553454516	36056.36367156611	0.6088472549660082	-1.7564589229213603	3064
half_step_1	2.913371081924724	0.0037849366320494367	6	26	12	4.333333333333333	9005964.553454516	106355.65930606003	0.6088472549660082	-1.7564589229213603	3064
half_step_2	2.9171560185567733	0.0037849366320494367	10	26	7	2.6	9005964.553454516	278375.3065238176	0.9295209364625521	-1.7539392906301614	3161
full_step	2.920940955188823	0.019844316157395833	8	15	4	1.875	9005964.553454516	144084.51762265738	1.3000216568669316	-1.7471463710387978	3168
full_step	2.920940955188823	0.009922158078697917	5	5	3	1	9005964.553454516	96286.14323387909	1.3000216568669316	-1.7471463710387978	3168
half_step_1	2.920940955188823	0.004961079039348958	7	10	4	1.4285714285714286	9005964.553454516	291670.002689536	1.3000216568669316	-1.7471463710387978	3168
half_step_2	2.925902034228172	0.004961079039348958	7	14	7	2	9005964.553454516	344038.6685387165	1.1612055092322748	-1.7425534062501409	3165
full_step	2.930863113267521	0.018458132007829062	7	12	5	1.7142857142857142	9005964.553454516	143194.43548157404	1.173748507841367	-1.7321533366904456	3199
full_step	2.930863113267521	0.009229066003914531	5	9	4	1.8	9005964.553454516	121542.22016420234	1.173748507841367	-1.7321533366904456	3199
half_step_1	2.930863113267521	0.004614533001957266	7	12	5	1.7142857142857142	9005964.553454516	234876.69222546255	1.173748507841367	-1.7321533366904456	3199
half_step_2	2.9354776462694785	0.004614533001957266	9	26	8	2.888888888888889	9005964.553454516	200800.827777944	0.9339015448262558	-1.7317889724963043	3142
full_step	2.940092179271436	0.021802114132817102	8	17	6	2.125	9005964.553454516	164517.3706594267	1.012216808885853	-1.738282829461912	3176
full_step	2.940092179271436	0.010901057066408551	5	5	3	1	9005964.553454516	88355.73017481023	1.012216808885853	-1.738282829461912	3176
half_step_1	2.940092179271436	0.0054505285332042755	6	11	5	1.8333333333333333	9005964.553454516	170326.44391772072	1.012216808885853	-1.738282829461912	3176
half_step_2	2.9455427078046403	0.0054505285332042755	6	12	4	2	9005964.553454516	215147.9554240052	0.8693845973350562	-1.7356883254921858	3184
full_step	2.9509932363378444	0.017653513902161303	6	10	4	1.6666666666666667	9005964.553454516	120311.2397717491	1.1032285310962493	-1.7316339654119504	3139
full_step	2.9509932363378444	0.008826756951080652	7	16	4	2.2857142857142856	9005964.553454516	125609.69715111493	1.1032285310962493	-1.7316339654119504	3139
half_step_1	2.9509932363378444	0.004413378475540326	7	16	6	2.2857142857142856	9005964.553454516	297093.081510323	1.1032285310962493	-1.7316339654119504	3139
half_step_2	2.9554066148133846	0.004413378475540326	8	20	6	2.5	9005964.553454516	302746.58701575536	1.0901930429001823	-1.7394816262798534	3139
full_step	2.959819993288925	0.019586480348684657	8	17	7	2.125	9005964.553454516	131928.1203181441	1.0463075710327416	-1.7409261233985944	3193
full_step	2.959819993288925	0.009793240174342329	5	8	3	1.6	9005964.553454516	95178.21770677123	1.0463075710327416	-1.7409261233985944	3193
full_step	2.959819993288925	0.004896620087171164	5	10	5	2	9005964.553454516	313080.49513510324	1.0463075710327416	-1.7409261233985944	3193
half_step_1	2.959819993288925	0.002448310043585582	7	13	7	1.8571428571428572	9005964.553454516	336680.61791725724	1.0463075710327416	-1.7409261233985944	3193
half_step_2	2.9622683033325106	0.002448310043585582	8	24	6	3	9005964.553454516	204585.16075723936	0.8609291159145869	-1.7531720966727184	3172
full_step	2.964716613376096	0.014222378905714757	7	18	8	2.5714285714285716	9005964.553454516	61988.155589015936	0.49745761828341983	-1.758330719564595	3126
full_step	2.964716613376096	0.007111189452857379	8	24	7	3	9005964.553454516	48746.17147470154	0.49745761828341983	-1.758330719564595	3126
half_step_1	2.964716613376096	0.0035555947264286894	7	14	7	2	9005964.553454516	121852.28796075206	0.49745761828341983	-1.758330719564595	3126
half_step_2	2.9682722081025243	0.0035555947264286894	7	22	7	3.142857142857143	9005964.553454516	227712.1559601693	0.6099425291941998	-1.752816623333693	3084
full_step	2.9718278028289533	0.02151471891688991	9	17	5	1.8888888888888888	9005964.553454516	173351.68721725757	0.6687749253632091	-1.7517622321873116	3148
full_step	2.9718278028289533	0.010757359458444955	6	9	4	1.5	9005964.553454516	49702.34634315798	0.6687749253632091	-1.7517622321873116	3148
full_step	2.9718278028289533	0.0053786797292224775	6	11	4	1.8333333333333333	9005964.553454516	178088.36685714326	0.6687749253632091	-1.7517622321873116	3148
half_step_1	2.9718278028289533	0.0026893398646112387	6	9	5	1.5	9005964.553454516	263617.7166539416	0.6687749253632091	-1.7517622321873116	3148
half_step_2	2.9745171426935646	0.0026893398646112387	7	14	8	2	9005964.553454516	202432.11503686875	0.6610640312349005	-1.7548713102812163	3066
full_step	2.977206482558176	0.01737318429257277	10	31	6	3.1	9005964.553454516	135935.44598365188	0.6508041188704965	-1.7635771197194223	3096
full_step	2.977206482558176	0.008686592146286386	6	9	4	1.5	9005964.553454516	38033.04547356031	0.6508041188704965	-1.7635771197194223	3096
full_step	2.977206482558176	0.004343296073143193	7	17	5	2.4285714285714284	9005964.553454516	96303.76734859517	0.6508041188704965	-1.7635771197194223	3096
half_step_1	2.977206482558176	0.0021716480365715964	9	19	6	2.111111111111111	9005964.553454516	190644.19639525333	0.6508041188704965	-1.7635771197194223	3096
half_step_2	2.9793781305947475	0.0021716480365715964	8	27	11	3.375	9005964.553454516	181398.3678863413	0.5789147564144628	-1.7588546649976506	3131
full_step	2.981549778631319	0.01663636524562977	8	18	7	2.25	9005964.553454516	128177.68550538985	0.5066873506653451	-1.7687311849592378	3057
full_step	2.981549778631319	0.008318182622814885	10	24	5	2.4	9005964.553454516	28953.501595350393	0.5066873506653451	-1.7687311849592378	3057
half_step_1	2.981549778631319	0.0041590913114074425	5	13	4	2.6	9005964.553454516	68867.89039097876	0.5066873506653451	-1.7687311849592378	3057
half_step_2	2.9857088699427266	0.0041590913114074425	8	27	8	3.375	9005964.553454516	293152.20555876737	0.8835368067665286	-1.7520242401906194	3150
full_step	2.989867961254134	0.010132038745866101	4	5	3	1.25	9005964.553454516	78122.49769939054	1.311296560983351	-1.7436410506721867	3118
full_step	2.989867961254134	0.0050660193729330505	4	2	2	0.5	9005964.553454516	290421.4214758354	1.311296560983351	-1.7436410506721867	3118
half_step_1	2.989867961254134	0.0025330096864665252	7	15	6	2.142857142857143	9005964.553454516	306487.4905680029	1.311296560983351	-1.7436410506721867	3118
half_step_2	2.9924009709406003	0.0025330096864665252	7	11	4	1.5714285714285714	9005964.553454516	188012.90263000637	0.9146048381710443	-1.750153111247029	3097
full_step	2.994933980627067	0.0050660193729328284	8	27	8	3.375	9005964.553454516	49263.02753951624	0.4642494879732908	-1.7702598356657762	3048
half_step_1	2.994933980627067	0.0025330096864664142	8	34	11	4.25	9005964.553454516	166231.6740884636	0.4642494879732908	-1.7702598356657762	3048
half_step_2	2.9974669903135336	0.0025330096864664142	8	25	8	3.125	9005964.553454516	175791.487755374	0.43374329755948793	-1.7631902588733623	3103
