step_type	time	step_size	num_solver_iterations	total_linesearch_iterations	max_linesearch_iterations	mean_linesearch_iterations	max_condition_number	last_condition_number	max_e0	mean_e0	total_num_constraint_pairs
full_step	0	0.010000000000000002	1	0	0	0	250	250	0	0	0
full_step	0	0.0022194237334386196	1	0	0	0	250	250	0	0	0
half_step_1	0	0.0011097118667193098	0	0	0	0	250	250	0	0	0
half_step_2	0.0011097118667193098	0.0011097118667193098	0	0	0	0	250	250	0	0	0
full_step	0.0022194237334386196	0.011097118667193099	1	0	0	0	250	250	0	0	0
full_step	0.0022194237334386196	0.0014512070579808698	1	0	0	0	250	250	0	0	0
half_step_1	0.0022194237334386196	0.0007256035289904349	0	0	0	0	250	250	0	0	0
half_step_2	0.0029450272624290544	0.0007256035289904349	0	0	0	0	250	250	0	0	0
full_step	0.0036706307914194892	0.007256035289904349	1	0	0	0	250	250	0	0	0
full_step	0.0036706307914194892	0.0013719411690568807	1	0	0	0	250	250	0	0	0
half_step_1	0.0036706307914194892	0.0006859705845284403	0	0	0	0	250	250	0	0	0
half_step_2	0.00435660137594793	0.0006859705845284403	0	0	0	0	250	250	0	0	0
full_step	0.0050425719604763695	0.006859705845284404	1	0	0	0	250	250	0	0	0
full_step	0.0050425719604763695	0.0006478194998313463	1	0	0	0	250	250	0	0	0
half_step_1	0.0050425719604763695	0.00032390974991567317	0	0	0	0	250	250	0	0	0
half_step_2	0.005366481710392042	0.00032390974991567317	2	0	0	0	4132.535256981886	3866.239461392531	0	-1.93605525448397	160
full_step	0.005690391460307716	0.003239097499156732	9	0	0	0	108217630.98924309	375486.67738947814	0	-1.8522618379928164	155
half_step_1	0.005690391460307716	0.001619548749578366	7	0	0	0	108217630.98924309	228829.88892852428	0	-1.8522618379928164	155
half_step_2	0.007309940209886082	0.001619548749578366	2	7	7	3.5	108217630.98924309	144925.30336403174	0	-1.8916024769927338	102
full_step	0.008929488959464448	0.01619548749578366	4	0	0	0	108217630.98924309	797686.1293844321	0	-1.9061984775096419	104
half_step_1	0.008929488959464448	0.00809774374789183	1	11	11	11	108217630.98924309	250	0	-1.9061984775096419	104
half_step_2	0.017027232707356278	0.00809774374789183	1	0	0	0	108217630.98924309	250	0	0	0
full_step	0.008929488959464448	0.009150890585749335	2	10	10	5	108217630.98924309	796293.5593820629	0	-1.9061984775096419	104
half_step_1	0.008929488959464448	0.004575445292874667	2	4	4	2	108217630.98924309	376232.7630431607	0	-1.9061984775096419	104
half_step_2	0.013504934252339115	0.004575445292874667	2	10	10	5	108217630.98924309	307158.0201947688	0	-1.9490822878836696	102
full_step	0.018080379545213784	0.04575445292874667	10	29	10	2.9	108217630.98924309	1569713.3896207241	0.8874790067748108	-1.853596092390584	60
half_step_1	0.018080379545213784	0.022877226464373335	5	6	6	1.2	108217630.98924309	950056.8853970413	0.8874790067748108	-1.853596092390584	60
half_step_2	0.040957606009587116	0.022877226464373335	1	0	0	0	108217630.98924309	250	0	0	0
full_step	0.018080379545213784	0.024291870180980966	9	19	7	2.111111111111111	108217630.98924309	1078581.4103043904	0.8874790067748108	-1.853596092390584	60
half_step_1	0.018080379545213784	0.012145935090490483	6	9	4	1.5	108217630.98924309	826062.9420233042	0.8874790067748108	-1.853596092390584	60
half_step_2	0.030226314635704268	0.012145935090490483	1	0	0	0	108217630.98924309	250	0	0	0
full_step	0.018080379545213784	0.013516054483918998	9	14	7	1.5555555555555556	108217630.98924309	833057.865105358	0.8874790067748108	-1.853596092390584	60
half_step_1	0.018080379545213784	0.006758027241959499	5	0	0	0	108217630.98924309	819159.5030547449	0.8874790067748108	-1.853596092390584	60
half_step_2	0.024838406787173285	0.006758027241959499	1	0	0	0	108217630.98924309	250	0	0	0
full_step	0.018080379545213784	0.00817860939113093	8	11	6	1.375	108217630.98924309	817059.4918306163	0.8874790067748108	-1.853596092390584	60
half_step_1	0.018080379545213784	0.004089304695565465	4	0	0	0	108217630.98924309	359302.4135390403	0.8874790067748108	-1.853596092390584	60
half_step_2	0.02216968424077925	0.004089304695565465	2	6	6	3	108217630.98924309	319728.86300622614	0	-1.9418276153824388	52
full_step	0.026258988936344714	0.04089304695565465	12	31	10	2.5833333333333335	108217630.98924309	1071098.0618583395	0.2893734258686891	-1.862778093838294	159
half_step_1	0.026258988936344714	0.020446523477827324	6	0	0	0	108217630.98924309	620667.3893174294	0.2893734258686891	-1.862778093838294	159
half_step_2	0.046705512414172035	0.020446523477827324	1	0	0	0	108217630.98924309	250	0	0	0
full_step	0.026258988936344714	0.021933107574551924	9	18	11	2	108217630.98924309	681783.7978289837	0.2893734258686891	-1.862778093838294	159
half_step_1	0.026258988936344714	0.010966553787275962	7	0	0	0	108217630.98924309	428408.063761968	0.2893734258686891	-1.862778093838294	159
half_step_2	0.03722554272362068	0.010966553787275962	1	0	0	0	108217630.98924309	250	0	0	0
full_step	0.026258988936344714	0.012416778239781504	8	0	0	0	108217630.98924309	436327.92442651774	0.2893734258686891	-1.862778093838294	159
half_step_1	0.026258988936344714	0.006208389119890752	6	0	0	0	108217630.98924309	375543.9345070038	0.2893734258686891	-1.862778093838294	159
half_step_2	0.032467378056235466	0.006208389119890752	1	0	0	0	108217630.98924309	250	0	0	0
full_step	0.026258988936344714	0.008345446440908217	7	0	0	0	108217630.98924309	1799400.4849590638	0.2893734258686891	-1.862778093838294	159
half_step_1	0.026258988936344714	0.004172723220454109	5	0	0	0	108217630.98924309	373777.0874907514	0.2893734258686891	-1.862778093838294	159
half_step_2	0.030431712156798824	0.004172723220454109	2	8	7	4	108217630.98924309	264348.508668664	0	-1.9352391346097975	115
full_step	0.03460443537725293	0.04172723220454109	8	0	0	0	108217630.98924309	1025220.2225093883	0	-1.9187957957638246	151
half_step_1	0.03460443537725293	0.020863616102270544	7	0	0	0	108217630.98924309	820906.0800422294	0	-1.9187957957638246	151
half_step_2	0.05546805147952348	0.020863616102270544	1	0	0	0	108217630.98924309	250	0	0	0
full_step	0.03460443537725293	0.02246737060117257	8	0	0	0	108217630.98924309	827879.9806797097	0	-1.9187957957638246	151
half_step_1	0.03460443537725293	0.011233685300586285	6	0	0	0	108217630.98924309	622292.1348799138	0	-1.9187957957638246	151
half_step_2	0.04583812067783922	0.011233685300586285	1	0	0	0	108217630.98924309	250	0	0	0
full_step	0.03460443537725293	0.012866918485995332	7	0	0	0	108217630.98924309	802199.3955930449	0	-1.9187957957638246	151
half_step_1	0.03460443537725293	0.006433459242997666	7	0	0	0	108217630.98924309	386497.46417711786	0	-1.9187957957638246	151
half_step_2	0.0410378946202506	0.006433459242997666	1	0	0	0	108217630.98924309	250	0	0	0
full_step	0.03460443537725293	0.008432025651050605	8	0	0	0	108217630.98924309	383820.4295653706	0	-1.9187957957638246	151
half_step_1	0.03460443537725293	0.0042160128255253025	5	0	0	0	108217630.98924309	392557.43305467354	0	-1.9187957957638246	151
half_step_2	0.03882044820277823	0.0042160128255253025	3	9	7	3	108217630.98924309	294571.9228727103	0	-1.9287998608813717	55
full_step	0.04303646102830354	0.042160128255253025	4	0	0	0	108217630.98924309	1982662.9993292803	0	-1.940576197675334	50
half_step_1	0.04303646102830354	0.021080064127626513	4	0	0	0	108217630.98924309	1137156.3306742578	0	-1.940576197675334	50
half_step_2	0.06411652515593005	0.021080064127626513	1	0	0	0	108217630.98924309	250	0	0	0
full_step	0.04303646102830354	0.0217021271933546	5	0	0	0	108217630.98924309	1161093.462860504	0	-1.940576197675334	50
half_step_1	0.04303646102830354	0.0108510635966773	3	0	0	0	108217630.98924309	866533.22038721	0	-1.940576197675334	50
half_step_2	0.05388752462498084	0.0108510635966773	2	12	11	6	108217630.98924309	785956.4582142497	0	-1.9714234032396032	103
full_step	0.06473858822165814	0.03526141177834187	11	26	11	2.3636363636363638	108217630.98924309	687491.8528380388	0.5688599866371078	-1.7952586328179119	154
half_step_1	0.06473858822165814	0.017630705889170935	7	9	9	1.2857142857142858	108217630.98924309	293227.6459587251	0.5688599866371078	-1.7952586328179119	154
half_step_2	0.08236929411082908	0.017630705889170935	1	0	0	0	108217630.98924309	250	0	0	0
full_step	0.06473858822165814	0.01954222260555667	9	21	9	2.3333333333333335	108217630.98924309	398065.84245426726	0.5688599866371078	-1.7952586328179119	154
half_step_1	0.06473858822165814	0.009771111302778334	7	8	8	1.1428571428571428	108217630.98924309	767840.1899757411	0.5688599866371078	-1.7952586328179119	154
half_step_2	0.07450969952443647	0.009771111302778334	1	0	0	0	108217630.98924309	250	0	0	0
full_step	0.06473858822165814	0.011508531595220466	11	29	10	2.6363636363636362	108217630.98924309	236309.92573234657	0.5688599866371078	-1.7952586328179119	154
half_step_1	0.06473858822165814	0.005754265797610233	6	0	0	0	108217630.98924309	239334.82791073876	0.5688599866371078	-1.7952586328179119	154
half_step_2	0.07049285401926837	0.005754265797610233	1	0	0	0	108217630.98924309	250	0	0	0
full_step	0.06473858822165814	0.008033548231297311	9	24	12	2.6666666666666665	108217630.98924309	236923.81625349028	0.5688599866371078	-1.7952586328179119	154
half_step_1	0.06473858822165814	0.0040167741156486554	5	0	0	0	108217630.98924309	240774.26483893127	0.5688599866371078	-1.7952586328179119	154
half_step_2	0.0687553623373068	0.0040167741156486554	2	7	7	3.5	108217630.98924309	200671.4805823654	0	-1.926166674490765	121
full_step	0.07277213645295545	0.027227863547044553	4	0	0	0	108217630.98924309	958764.7216606633	0	-1.9031013905896583	107
half_step_1	0.07277213645295545	0.013613931773522277	4	0	0	0	108217630.98924309	1035219.8862024271	0	-1.9031013905896583	107
half_step_2	0.08638606822647774	0.013613931773522277	1	0	0	0	108217630.98924309	250	0	0	0
full_step	0.07277213645295545	0.014239796381432693	5	0	0	0	108217630.98924309	1060430.7576851328	0	-1.9031013905896583	107
half_step_1	0.07277213645295545	0.007119898190716347	2	4	4	2	108217630.98924309	858742.9337490606	0	-1.9031013905896583	107
half_step_2	0.0798920346436718	0.007119898190716347	3	7	7	2.3333333333333335	108217630.98924309	850038.9123106548	0.0036423043075046735	-1.863559816563141	47
full_step	0.08701193283438814	0.012988067165611863	6	0	0	0	108217630.98924309	388802.95152362314	0	-1.9337447589894268	105
half_step_1	0.08701193283438814	0.006494033582805932	2	10	10	5	108217630.98924309	385411.21457991435	0	-1.9337447589894268	105
half_step_2	0.09350596641719408	0.006494033582805932	1	0	0	0	108217630.98924309	250	0	0	0
full_step	0.08701193283438814	0.008016424175465262	4	0	0	0	108217630.98924309	502617.89000440936	0	-1.9337447589894268	105
half_step_1	0.08701193283438814	0.004008212087732631	2	9	9	4.5	108217630.98924309	251838.38736476892	0	-1.9337447589894268	105
half_step_2	0.09102014492212077	0.004008212087732631	2	12	12	6	108217630.98924309	142050.54893399004	0	-1.9260766362709891	106
full_step	0.0950283570098534	0.004971642990146602	7	0	0	0	108217630.98924309	378111.05882328685	0	-1.8980235788989885	144
half_step_1	0.0950283570098534	0.002485821495073301	3	0	0	0	108217630.98924309	381477.3568033696	0	-1.8980235788989885	144
half_step_2	0.0975141785049267	0.002485821495073301	2	5	5	2.5	108217630.98924309	343870.6058417804	0	-1.9058193467432136	59
full_step	0.1	0.1	3	0	0	0	108217630.98924309	3027429.5340769924	0	-1.9006899482462867	56
half_step_1	0.1	0.05	2	0	0	0	108217630.98924309	3038336.1095759342	0	-1.9006899482462867	56
half_step_2	0.15000000000000002	0.05	1	0	0	0	108217630.98924309	250	0	0	0
full_step	0.1	0.05065139302860583	4	0	0	0	108217630.98924309	2956678.942053364	0	-1.9006899482462867	56
half_step_1	0.1	0.025325696514302914	3	0	0	0	108217630.98924309	1567319.7715298044	0	-1.9006899482462867	56
half_step_2	0.12532569651430292	0.025325696514302914	1	0	0	0	108217630.98924309	250	0	0	0
full_step	0.1	0.026051957994790122	3	0	0	0	108217630.98924309	1669210.3952215489	0	-1.9006899482462867	56
half_step_1	0.1	0.013025978997395061	2	0	0	0	108217630.98924309	966892.9560899655	0	-1.9006899482462867	56
half_step_2	0.11302597899739507	0.013025978997395061	1	0	0	0	108217630.98924309	250	0	0	0
full_step	0.1	0.013961507074733155	3	0	0	0	108217630.98924309	1026811.8458989216	0	-1.9006899482462867	56
half_step_1	0.1	0.006980753537366578	1	10	10	10	108217630.98924309	250	0	-1.9006899482462867	56
half_step_2	0.10698075353736658	0.006980753537366578	3	0	0	0	108217630.98924309	850631.7207506801	0	-1.907903868949225	113
full_step	0.11396150707473315	0.06980753537366577	1	0	0	0	108217630.98924309	250	0	0	0
full_step	0.11396150707473315	0.0001576307839941052	1	0	0	0	108217630.98924309	250	0	0	0
half_step_1	0.11396150707473315	7.88153919970526e-05	0	0	0	0	108217630.98924309	250	0	0	0
half_step_2	0.11404032246673021	7.88153919970526e-05	0	0	0	0	108217630.98924309	250	0	0	0
full_step	0.11411913785872727	0.000788153919970526	1	0	0	0	108217630.98924309	250	0	0	0
half_step_1	0.11411913785872727	0.000394076959985263	0	0	0	0	108217630.98924309	250	0	0	0
half_step_2	0.11451321481871253	0.000394076959985263	0	0	0	0	108217630.98924309	250	0	0	0
full_step	0.1149072917786978	0.00394076959985263	1	0	0	0	108217630.98924309	250	0	0	0
full_step	0.1149072917786978	0.001726879721261137	1	0	0	0	108217630.98924309	250	0	0	0
half_step_1	0.1149072917786978	0.0008634398606305685	0	0	0	0	108217630.98924309	250	0	0	0
half_step_2	0.11577073163932837	0.0008634398606305685	0	0	0	0	108217630.98924309	250	0	-1.9554155577717722	57
full_step	0.11663417149995893	0.008634398606305684	7	0	0	0	108217630.98924309	839026.5340409769	0	-1.89466119853956	57
half_step_1	0.11663417149995893	0.004317199303152842	6	0	0	0	108217630.98924309	378133.1424878122	0	-1.89466119853956	57
half_step_2	0.12095137080311177	0.004317199303152842	2	6	6	3	108217630.98924309	228430.66225847637	0	-1.9377621053575573	56
full_step	0.1252685701062646	0.043171993031528424	7	0	0	0	108217630.98924309	1735166.5864560544	0	-1.8833289552692696	136
half_step_1	0.1252685701062646	0.021585996515764212	7	0	0	0	108217630.98924309	1009098.9588469532	0	-1.8833289552692696	136
half_step_2	0.1468545666220288	0.021585996515764212	1	0	0	0	108217630.98924309	250	0	0	0
full_step	0.1252685701062646	0.023079967588887515	8	0	0	0	108217630.98924309	1043277.4246100511	0	-1.8833289552692696	136
half_step_1	0.1252685701062646	0.011539983794443757	7	0	0	0	108217630.98924309	525138.5160291564	0	-1.8833289552692696	136
half_step_2	0.13680855390070837	0.011539983794443757	1	0	0	0	108217630.98924309	250	0	0	0
full_step	0.1252685701062646	0.013024551391029484	8	0	0	0	108217630.98924309	666993.7018289793	0	-1.8833289552692696	136
half_step_1	0.1252685701062646	0.006512275695514742	7	0	0	0	108217630.98924309	378058.72948159283	0	-1.8833289552692696	136
half_step_2	0.13178084580177934	0.006512275695514742	1	0	0	0	108217630.98924309	250	0	0	0
full_step	0.1252685701062646	0.008538930518428446	8	0	0	0	108217630.98924309	771759.8513807371	0	-1.8833289552692696	136
half_step_1	0.1252685701062646	0.004269465259214223	5	0	0	0	108217630.98924309	379495.6463440214	0	-1.8833289552692696	136
half_step_2	0.12953803536547884	0.004269465259214223	2	7	7	3.5	108217630.98924309	176816.08031592457	0	-1.921852271350474	96
full_step	0.13380750062469304	0.04269465259214223	4	0	0	0	108217630.98924309	5076008.970072058	0	-1.9375527509535209	136
half_step_1	0.13380750062469304	0.021347326296071115	7	0	0	0	108217630.98924309	698932.405047244	0	-1.9375527509535209	136
half_step_2	0.15515482692076416	0.021347326296071115	1	0	0	0	108217630.98924309	250	0	0	0
full_step	0.13380750062469304	0.02296031197175402	4	0	0	0	108217630.98924309	4564842.632872668	0	-1.9375527509535209	136
half_step_1	0.13380750062469304	0.01148015598587701	8	0	0	0	108217630.98924309	447265.5175511614	0	-1.9375527509535209	136
half_step_2	0.14528765661057005	0.01148015598587701	1	0	0	0	108217630.98924309	250	0	0	0
full_step	0.13380750062469304	0.013170465647517796	4	0	0	0	108217630.98924309	4128199.56833718	0	-1.9375527509535209	136
half_step_1	0.13380750062469304	0.006585232823758898	7	0	0	0	108217630.98924309	407885.8267777398	0	-1.9375527509535209	136
half_step_2	0.14039273344845193	0.006585232823758898	1	0	0	0	108217630.98924309	250	0	0	0
full_step	0.13380750062469304	0.00837616982899557	8	0	0	0	108217630.98924309	412786.22419115	0	-1.9375527509535209	136
half_step_1	0.13380750062469304	0.004188084914497785	4	0	0	0	108217630.98924309	409037.1563034603	0	-1.9375527509535209	136
half_step_2	0.13799558553919083	0.004188084914497785	2	4	4	2	108217630.98924309	349529.3852159446	0	-1.926432816381995	51
full_step	0.14218367045368863	0.04188084914497785	3	0	0	0	108217630.98924309	1849121.957904397	0	-1.9382092414017846	64
half_step_1	0.14218367045368863	0.020940424572488923	3	0	0	0	108217630.98924309	626849.6212363912	0	-1.9382092414017846	64
half_step_2	0.16312409502617756	0.020940424572488923	2	13	12	6.5	108217630.98924309	696693.5806289033	0	-1.936004920091407	58
full_step	0.1840645195986665	0.1	3	0	0	0	108217630.98924309	1887841.3822298618	0	-1.9384615247147257	56
half_step_1	0.1840645195986665	0.05	3	0	0	0	108217630.98924309	756162.3078499767	0	-1.9384615247147257	56
half_step_2	0.23406451959866648	0.05	1	0	0	0	108217630.98924309	250	0	0	0
full_step	0.1840645195986665	0.05021391376343494	4	0	0	0	108217630.98924309	756147.331736097	0	-1.9384615247147257	56
half_step_1	0.1840645195986665	0.02510695688171747	1	12	12	12	108217630.98924309	250	0	-1.9384615247147257	56
half_step_2	0.20917147648038395	0.02510695688171747	6	0	0	0	108217630.98924309	1174528.45086113	0	-1.8888164458711232	98
full_step	0.2342784333621014	0.09999999999999998	1	0	0	0	108217630.98924309	250	0	0	0
full_step	0.2342784333621014	0.00024166413234449926	1	0	0	0	108217630.98924309	250	0	0	0
half_step_1	0.2342784333621014	0.00012083206617224963	0	0	0	0	108217630.98924309	250	0	0	0
half_step_2	0.23439926542827366	0.00012083206617224963	0	0	0	0	108217630.98924309	250	0	0	0
full_step	0.2345200974944459	0.0012083206617224964	1	0	0	0	108217630.98924309	250	0	0	0
half_step_1	0.2345200974944459	0.0006041603308612482	0	0	0	0	108217630.98924309	250	0	0	0
half_step_2	0.23512425782530716	0.0006041603308612482	0	0	0	0	108217630.98924309	250	0	0	0
full_step	0.2357284181561684	0.006041603308612482	1	0	0	0	108217630.98924309	250	0	0	0
full_step	0.2357284181561684	0.003149420024432742	1	0	0	0	108217630.98924309	250	0	0	0
half_step_1	0.2357284181561684	0.001574710012216371	0	0	0	0	108217630.98924309	250	0	0	0
half_step_2	0.23730312816838478	0.001574710012216371	0	0	0	0	108217630.98924309	250	0	0	0
full_step	0.23887783818060115	0.01574710012216371	1	0	0	0	108217630.98924309	250	0	0	0
full_step	0.23887783818060115	0.0006040176218541631	1	0	0	0	108217630.98924309	250	0	0	0
half_step_1	0.23887783818060115	0.00030200881092708155	0	0	0	0	108217630.98924309	250	0	0	0
half_step_2	0.23917984699152822	0.00030200881092708155	0	0	0	0	108217630.98924309	250	0	0	0
full_step	0.23948185580245532	0.0030200881092708153	1	0	0	0	108217630.98924309	250	0	0	0
full_step	0.23948185580245532	0.0010743372160904143	1	0	0	0	108217630.98924309	250	0	0	0
half_step_1	0.23948185580245532	0.0005371686080452072	0	0	0	0	108217630.98924309	250	0	0	0
half_step_2	0.24001902441050052	0.0005371686080452072	6	0	0	0	108217630.98924309	10518.450814254358	0	-1.910802969540942	57
full_step	0.24055619301854572	0.005371686080452072	10	14	11	1.4	108217630.98924309	374817.4944560413	0.0015309722530219005	-1.8720159861930574	59
half_step_1	0.24055619301854572	0.002685843040226036	8	19	11	2.375	108217630.98924309	374688.51915462	0.0015309722530219005	-1.8720159861930574	59
half_step_2	0.24324203605877176	0.002685843040226036	2	5	5	2.5	108217630.98924309	351045.31984603096	0	-1.8787876141801598	51
full_step	0.2459278790989978	0.02685843040226036	9	0	0	0	108217630.98924309	823954.9161132114	0	-1.8942912906857974	129
half_step_1	0.2459278790989978	0.01342921520113018	9	0	0	0	108217630.98924309	712135.5053310705	0	-1.8942912906857974	129
half_step_2	0.259357094300128	0.01342921520113018	1	0	0	0	108217630.98924309	250	0	0	0
full_step	0.2459278790989978	0.01506457402040975	8	0	0	0	108217630.98924309	814109.0969345231	0	-1.8942912906857974	129
half_step_1	0.2459278790989978	0.007532287010204875	8	0	0	0	108217630.98924309	390124.8946221756	0	-1.8942912906857974	129
half_step_2	0.2534601661092027	0.007532287010204875	1	0	0	0	108217630.98924309	250	0	0	0
full_step	0.2459278790989978	0.009457225973483493	10	0	0	0	108217630.98924309	429765.03307298024	0	-1.8942912906857974	129
half_step_1	0.2459278790989978	0.0047286129867417466	8	0	0	0	108217630.98924309	221079.11386472287	0	-1.8942912906857974	129
half_step_2	0.25065649208573954	0.0047286129867417466	2	11	11	5.5	108217630.98924309	152660.28394416918	0	-1.92957424585413	111
full_step	0.2553851050724813	0.04728612986741747	4	0	0	0	108217630.98924309	756847.6389565289	0	-1.9244853338410137	101
half_step_1	0.2553851050724813	0.023643064933708734	4	0	0	0	108217630.98924309	536825.8065839018	0	-1.9244853338410137	101
half_step_2	0.27902817000619	0.023643064933708734	6	0	0	0	108217630.98924309	1118924.2669052193	0	-1.882782784554604	56
full_step	0.3026712349398988	0.09999999999999998	1	0	0	0	108217630.98924309	250	0	0	0
full_step	0.3026712349398988	0.0002948242916006212	1	0	0	0	108217630.98924309	250	0	0	0
half_step_1	0.3026712349398988	0.0001474121458003106	0	0	0	0	108217630.98924309	250	0	0	0
half_step_2	0.3028186470856991	0.0001474121458003106	0	0	0	0	108217630.98924309	250	0	0	0
full_step	0.3029660592314994	0.001474121458003106	1	0	0	0	108217630.98924309	250	0	0	0
half_step_1	0.3029660592314994	0.000737060729001553	0	0	0	0	108217630.98924309	250	0	0	0
half_step_2	0.3037031199605009	0.000737060729001553	0	0	0	0	108217630.98924309	250	0	0	0
full_step	0.3044401806895025	0.00737060729001553	1	0	0	0	108217630.98924309	250	0	0	0
full_step	0.3044401806895025	0.003678970415167709	1	0	0	0	108217630.98924309	250	0	0	0
half_step_1	0.3044401806895025	0.0018394852075838545	0	0	0	0	108217630.98924309	250	0	0	0
half_step_2	0.3062796658970864	0.0018394852075838545	0	0	0	0	108217630.98924309	250	0	0	0
full_step	0.3081191511046702	0.018394852075838544	1	0	0	0	108217630.98924309	250	0	0	0
full_step	0.3081191511046702	0.0007455037306534465	1	0	0	0	108217630.98924309	250	0	0	0
half_step_1	0.3081191511046702	0.00037275186532672325	0	0	0	0	108217630.98924309	250	0	0	0
half_step_2	0.3084919029699969	0.00037275186532672325	0	0	0	0	108217630.98924309	250	0	0	0
full_step	0.30886465483532366	0.0037275186532672324	1	0	0	0	108217630.98924309	250	0	0	0
full_step	0.30886465483532366	0.0012598013147555223	1	0	0	0	108217630.98924309	250	0	0	0
half_step_1	0.30886465483532366	0.0006299006573777611	0	0	0	0	108217630.98924309	250	0	0	0
half_step_2	0.30949455549270144	0.0006299006573777611	0	0	0	0	108217630.98924309	250	0	0	0
full_step	0.31012445615007916	0.006299006573777612	12	24	12	2	108217630.98924309	377334.99188701814	0.1491956018780911	-1.826367353833182	122
half_step_1	0.31012445615007916	0.003149503286888806	8	0	0	0	108217630.98924309	375684.7816843236	0.1491956018780911	-1.826367353833182	122
half_step_2	0.31327395943696795	0.003149503286888806	2	8	7	4	108217630.98924309	237500.09979420222	0	-1.8605626971321485	120
full_step	0.3164234627238568	0.03149503286888806	5	0	0	0	108217630.98924309	381774.50155405083	0	-1.8511082792954179	136
half_step_1	0.3164234627238568	0.01574751643444403	4	0	0	0	108217630.98924309	348017.32265266875	0	-1.8511082792954179	136
half_step_2	0.33217097915830085	0.01574751643444403	1	0	0	0	108217630.98924309	250	0	0	0
full_step	0.3164234627238568	0.016512363255517762	4	0	0	0	108217630.98924309	385791.25317939336	0	-1.8511082792954179	136
half_step_1	0.3164234627238568	0.008256181627758881	4	0	0	0	108217630.98924309	252026.87616231287	0	-1.8511082792954179	136
half_step_2	0.32467964435161567	0.008256181627758881	2	11	10	5.5	108217630.98924309	567795.4967588979	0	-1.8898943604036311	37
full_step	0.33293582597937454	0.08256181627758881	5	0	0	0	108217630.98924309	1906688.6336069833	0	-1.8476853136975537	105
half_step_1	0.33293582597937454	0.041280908138794405	4	0	0	0	108217630.98924309	1152650.700759639	0	-1.8476853136975537	105
half_step_2	0.37421673411816897	0.041280908138794405	1	0	0	0	108217630.98924309	250	0	0	0
full_step	0.33293582597937454	0.04217863079474774	5	0	0	0	108217630.98924309	1152548.5565647506	0	-1.8476853136975537	105
half_step_1	0.33293582597937454	0.02108931539737387	5	0	0	0	108217630.98924309	933144.2780749735	0	-1.8476853136975537	105
half_step_2	0.3540251413767484	0.02108931539737387	1	0	0	0	108217630.98924309	250	0	0	0
full_step	0.33293582597937454	0.022014650101905443	6	0	0	0	108217630.98924309	947728.9503569409	0	-1.8476853136975537	105
half_step_1	0.33293582597937454	0.011007325050952721	5	0	0	0	108217630.98924309	1054796.461975869	0	-1.8476853136975537	105
half_step_2	0.34394315103032724	0.011007325050952721	1	0	0	0	108217630.98924309	250	0	0	0
full_step	0.33293582597937454	0.011958136955352021	6	0	0	0	108217630.98924309	1104624.7839692307	0	-1.8476853136975537	105
half_step_1	0.33293582597937454	0.0059790684776760104	3	0	0	0	108217630.98924309	586617.1640114272	0	-1.8476853136975537	105
half_step_2	0.33891489445705053	0.0059790684776760104	2	16	15	8	108217630.98924309	21551.003556140175	0	-1.9987979093293913	27
full_step	0.33293582597937454	0.009160557337331432	5	0	0	0	108217630.98924309	906030.5653854164	0	-1.8476853136975537	105
half_step_1	0.33293582597937454	0.004580278668665716	3	0	0	0	108217630.98924309	499577.72072132694	0	-1.8476853136975537	105
half_step_2	0.33751610464804027	0.004580278668665716	2	8	8	4	108217630.98924309	80096.92889671437	0	-1.9135268839895778	102
full_step	0.342096383316706	0.04580278668665716	8	21	8	2.625	108217630.98924309	1935726.3088418483	0.8312517804552044	-1.8234987291724785	61
half_step_1	0.342096383316706	0.02290139334332858	5	0	0	0	108217630.98924309	1168798.787599922	0.8312517804552044	-1.8234987291724785	61
half_step_2	0.3649977766600346	0.02290139334332858	1	0	0	0	108217630.98924309	250	0	0	0
full_step	0.342096383316706	0.024229134364143357	8	14	9	1.75	108217630.98924309	1167558.3295554502	0.8312517804552044	-1.8234987291724785	61
half_step_1	0.342096383316706	0.012114567182071679	5	0	0	0	108217630.98924309	940335.7373327728	0.8312517804552044	-1.8234987291724785	61
half_step_2	0.35421095049877765	0.012114567182071679	1	0	0	0	108217630.98924309	250	0	0	0
full_step	0.342096383316706	0.013387571138996315	7	0	0	0	108217630.98924309	1044304.5369534557	0.8312517804552044	-1.8234987291724785	61
half_step_1	0.342096383316706	0.006693785569498158	5	0	0	0	108217630.98924309	367395.5094267233	0.8312517804552044	-1.8234987291724785	61
half_step_2	0.3487901688862042	0.006693785569498158	1	0	0	0	108217630.98924309	250	0	0	0
full_step	0.342096383316706	0.00829977813042291	6	0	0	0	108217630.98924309	664569.9634915311	0.8312517804552044	-1.8234987291724785	61
half_step_1	0.342096383316706	0.004149889065211455	4	0	0	0	108217630.98924309	361529.30595924816	0.8312517804552044	-1.8234987291724785	61
half_step_2	0.34624627238191746	0.004149889065211455	2	6	6	3	108217630.98924309	317042.3453331168	0	-1.904649416110848	56
full_step	0.35039616144712893	0.041498890652114546	7	0	0	0	108217630.98924309	1544323.8320543172	0	-1.855177697254107	149
half_step_1	0.35039616144712893	0.020749445326057273	7	0	0	0	108217630.98924309	1068560.9303244818	0	-1.855177697254107	149
half_step_2	0.3711456067731862	0.020749445326057273	1	0	0	0	108217630.98924309	250	0	0	0
full_step	0.35039616144712893	0.022235702885510716	9	0	0	0	108217630.98924309	1172333.3749412422	0	-1.855177697254107	149
half_step_1	0.35039616144712893	0.011117851442755358	7	0	0	0	108217630.98924309	575763.063831356	0	-1.855177697254107	149
half_step_2	0.3615140128898843	0.011117851442755358	1	0	0	0	108217630.98924309	250	0	0	0
full_step	0.35039616144712893	0.01258077363216071	9	0	0	0	108217630.98924309	628985.6620411925	0	-1.855177697254107	149
half_step_1	0.35039616144712893	0.006290386816080355	7	0	0	0	108217630.98924309	378391.5522312729	0	-1.855177697254107	149
half_step_2	0.3566865482632093	0.006290386816080355	1	0	0	0	108217630.98924309	250	0	0	0
full_step	0.35039616144712893	0.008198523863381041	9	0	0	0	108217630.98924309	377811.49898826086	0	-1.855177697254107	149
half_step_1	0.35039616144712893	0.004099261931690521	6	0	0	0	108217630.98924309	379822.7931183129	0	-1.855177697254107	149
half_step_2	0.35449542337881945	0.004099261931690521	2	7	7	3.5	108217630.98924309	217883.30057097645	0	-1.8979039618296936	118
full_step	0.35859468531051	0.040992619316905204	5	0	0	0	108217630.98924309	758716.877189864	0	-1.8836226961768423	117
half_step_1	0.35859468531051	0.020496309658452602	4	0	0	0	108217630.98924309	765015.4084181682	0	-1.8836226961768423	117
half_step_2	0.3790909949689626	0.020496309658452602	1	0	0	0	108217630.98924309	250	0	0	0
full_step	0.35859468531051	0.021390142327421507	5	0	0	0	108217630.98924309	764448.8040768766	0	-1.8836226961768423	117
half_step_1	0.35859468531051	0.010695071163710754	4	0	0	0	108217630.98924309	340042.8600105808	0	-1.8836226961768423	117
half_step_2	0.36928975647422074	0.010695071163710754	1	0	0	0	108217630.98924309	250	0	0	0
full_step	0.35859468531051	0.01180522288657747	5	0	0	0	108217630.98924309	340683.3383484167	0	-1.8836226961768423	117
half_step_1	0.35859468531051	0.005902611443288735	3	0	0	0	108217630.98924309	83282.76819356559	0	-1.8836226961768423	117
half_step_2	0.3644972967537987	0.005902611443288735	2	11	10	5.5	108217630.98924309	906984.1624199316	0	-1.8623120383725744	56
full_step	0.37039990819708746	0.05902611443288735	7	0	0	0	108217630.98924309	2249353.370982743	0	-1.9647374163235698	100
half_step_1	0.37039990819708746	0.029513057216443674	7	0	0	0	108217630.98924309	938957.6364767685	0	-1.9647374163235698	100
half_step_2	0.3999129654135311	0.029513057216443674	1	0	0	0	108217630.98924309	250	0	0	0
full_step	0.37039990819708746	0.030877120535974394	7	0	0	0	108217630.98924309	994410.1693387234	0	-1.9647374163235698	100
half_step_1	0.37039990819708746	0.015438560267987197	7	0	0	0	108217630.98924309	1267872.5455496989	0	-1.9647374163235698	100
half_step_2	0.38583846846507464	0.015438560267987197	1	0	0	0	108217630.98924309	250	0	0	0
full_step	0.37039990819708746	0.01679260728365462	7	0	0	0	108217630.98924309	900177.1696486416	0	-1.9647374163235698	100
half_step_1	0.37039990819708746	0.00839630364182731	4	0	0	0	108217630.98924309	768319.4645531767	0	-1.9647374163235698	100
half_step_2	0.37879621183891476	0.00839630364182731	1	0	0	0	108217630.98924309	250	0	0	0
full_step	0.37039990819708746	0.010189481984873959	7	0	0	0	108217630.98924309	1113225.686911686	0	-1.9647374163235698	100
half_step_1	0.37039990819708746	0.005094740992436979	2	12	11	6	108217630.98924309	199444.86902240105	0	-1.9647374163235698	100
half_step_2	0.3754946491895244	0.005094740992436979	2	12	12	6	108217630.98924309	232072.3547260921	0	-1.9227306431610327	107
full_step	0.3805893901819614	0.050947409924369795	4	0	0	0	108217630.98924309	5821309.471956359	0	-1.9281970040902243	136
half_step_1	0.3805893901819614	0.025473704962184898	7	0	0	0	108217630.98924309	892817.1308926606	0	-1.9281970040902243	136
half_step_2	0.4060630951441463	0.025473704962184898	1	0	0	0	108217630.98924309	250	0	0	0
full_step	0.3805893901819614	0.026878018665921342	8	0	0	0	108217630.98924309	920033.7493220108	0	-1.9281970040902243	136
half_step_1	0.3805893901819614	0.013439009332960671	7	0	0	0	108217630.98924309	533463.9884101993	0	-1.9281970040902243	136
half_step_2	0.3940283995149221	0.013439009332960671	1	0	0	0	108217630.98924309	250	0	0	0
full_step	0.3805893901819614	0.014911696325826215	4	0	0	0	108217630.98924309	3477636.833945215	0	-1.9281970040902243	136
half_step_1	0.3805893901819614	0.007455848162913108	7	0	0	0	108217630.98924309	426728.64986884006	0	-1.9281970040902243	136
half_step_2	0.38804523834487453	0.007455848162913108	1	0	0	0	108217630.98924309	250	0	0	0
full_step	0.3805893901819614	0.009193626960890367	8	0	0	0	108217630.98924309	444579.7107362433	0	-1.9281970040902243	136
half_step_1	0.3805893901819614	0.004596813480445184	5	0	0	0	108217630.98924309	405687.3916763728	0	-1.9281970040902243	136
half_step_2	0.3851862036624066	0.004596813480445184	2	12	12	6	108217630.98924309	197794.7494085866	0	-1.8853570062698852	58
full_step	0.3897830171428518	0.04596813480445183	4	0	0	0	108217630.98924309	379832.7404842444	0	-1.908697698646643	55
half_step_1	0.3897830171428518	0.022984067402225916	4	0	0	0	108217630.98924309	381958.5683736604	0	-1.908697698646643	55
half_step_2	0.4127670845450777	0.022984067402225916	1	0	0	0	108217630.98924309	250	0	0	0
full_step	0.3897830171428518	0.02338546789447031	4	0	0	0	108217630.98924309	381866.6492221779	0	-1.908697698646643	55
half_step_1	0.3897830171428518	0.011692733947235155	1	12	12	12	108217630.98924309	250	0	-1.908697698646643	55
half_step_2	0.40147575109008693	0.011692733947235155	8	0	0	0	108217630.98924309	577512.2150363211	0	-1.8774096696233464	151
full_step	0.4131684850373221	0.1	1	0	0	0	108217630.98924309	250	0	0	0
full_step	0.4131684850373221	0.00019137423871042858	1	0	0	0	108217630.98924309	250	0	0	0
half_step_1	0.4131684850373221	9.568711935521429e-05	0	0	0	0	108217630.98924309	250	0	0	0
half_step_2	0.4132641721566773	9.568711935521429e-05	0	0	0	0	108217630.98924309	250	0	0	0
full_step	0.4133598592760325	0.0009568711935521429	1	0	0	0	108217630.98924309	250	0	0	0
half_step_1	0.4133598592760325	0.00047843559677607147	0	0	0	0	108217630.98924309	250	0	0	0
half_step_2	0.4138382948728086	0.00047843559677607147	0	0	0	0	108217630.98924309	250	0	0	0
full_step	0.41431673046958467	0.004784355967760715	1	0	0	0	108217630.98924309	250	0	0	0
full_step	0.41431673046958467	0.0031329806195045037	1	0	0	0	108217630.98924309	250	0	0	0
half_step_1	0.41431673046958467	0.0015664903097522519	0	0	0	0	108217630.98924309	250	0	0	0
half_step_2	0.4158832207793369	0.0015664903097522519	0	0	0	0	108217630.98924309	250	0	0	0
full_step	0.4174497110890892	0.01566490309752252	10	0	0	0	108217630.98924309	247353.91744379178	0	-1.9547941596891063	93
half_step_1	0.4174497110890892	0.00783245154876126	9	0	0	0	108217630.98924309	84885.07167359583	0	-1.9547941596891063	93
half_step_2	0.42528216263785046	0.00783245154876126	7	0	0	0	108217630.98924309	545249.2654710847	0	-1.9011630522125644	55
full_step	0.4331146141866117	0.0783245154876126	1	0	0	0	108217630.98924309	250	0	0	0
full_step	0.4331146141866117	0.00014651033592149985	1	0	0	0	108217630.98924309	250	0	0	0
half_step_1	0.4331146141866117	7.325516796074993e-05	0	0	0	0	108217630.98924309	250	0	0	0
half_step_2	0.43318786935457243	7.325516796074993e-05	0	0	0	0	108217630.98924309	250	0	0	0
full_step	0.4332611245225332	0.0007325516796074993	1	0	0	0	108217630.98924309	250	0	0	0
half_step_1	0.4332611245225332	0.00036627583980374965	0	0	0	0	108217630.98924309	250	0	0	0
half_step_2	0.43362740036233693	0.00036627583980374965	0	0	0	0	108217630.98924309	250	0	0	0
full_step	0.4339936762021407	0.0036627583980374965	1	0	0	0	108217630.98924309	250	0	0	0
full_step	0.4339936762021407	0.002309382214597459	1	0	0	0	108217630.98924309	250	0	0	0
half_step_1	0.4339936762021407	0.0011546911072987296	0	0	0	0	108217630.98924309	250	0	0	0
half_step_2	0.4351483673094394	0.0011546911072987296	0	0	0	0	108217630.98924309	250	0	0	0
full_step	0.43630305841673817	0.011546911072987297	9	0	0	0	108217630.98924309	705694.7660847846	0	-1.834309715453228	111
half_step_1	0.43630305841673817	0.005773455536493648	8	0	0	0	108217630.98924309	379160.8430982962	0	-1.834309715453228	111
half_step_2	0.44207651395323183	0.005773455536493648	2	14	13	7	108217630.98924309	45122.27865376461	0	-1.9324137911234558	121
full_step	0.44784996948972544	0.057734555364936484	11	41	9	3.727272727272727	108217630.98924309	1550263.4224468123	1.3662658674129489	-1.8602925885101638	125
half_step_1	0.44784996948972544	0.028867277682468242	6	8	8	1.3333333333333333	108217630.98924309	1558847.7661702726	1.3662658674129489	-1.8602925885101638	125
half_step_2	0.47671724717219366	0.028867277682468242	1	0	0	0	108217630.98924309	250	0	0	0
full_step	0.44784996948972544	0.030352099946908434	10	23	8	2.3	108217630.98924309	1557893.7856485802	1.3662658674129489	-1.8602925885101638	125
half_step_1	0.44784996948972544	0.015176049973454217	6	9	9	1.5	108217630.98924309	864522.3705820563	1.3662658674129489	-1.8602925885101638	125
half_step_2	0.46302601946317967	0.015176049973454217	1	0	0	0	108217630.98924309	250	0	0	0
full_step	0.44784996948972544	0.01663534404555196	8	16	10	2	108217630.98924309	966554.8298998923	1.3662658674129489	-1.8602925885101638	125
half_step_1	0.44784996948972544	0.00831767202277598	7	9	5	1.2857142857142858	108217630.98924309	1069576.0789282639	1.3662658674129489	-1.8602925885101638	125
half_step_2	0.45616764151250144	0.00831767202277598	1	0	0	0	108217630.98924309	250	0	0	0
full_step	0.44784996948972544	0.009672694129346798	8	8	8	1	108217630.98924309	1162921.2692087868	1.3662658674129489	-1.8602925885101638	125
half_step_1	0.44784996948972544	0.004836347064673399	6	0	0	0	108217630.98924309	355997.8625988184	1.3662658674129489	-1.8602925885101638	125
half_step_2	0.45268631655439884	0.004836347064673399	2	5	5	2.5	108217630.98924309	64255.81963700995	0	-1.8983804188802322	54
full_step	0.45752266361907223	0.04836347064673399	9	15	9	1.6666666666666667	108217630.98924309	1949379.8349515055	0.5414376762873871	-1.8190040543035715	133
half_step_1	0.45752266361907223	0.024181735323366996	5	0	0	0	108217630.98924309	1548596.3331757677	0.5414376762873871	-1.8190040543035715	133
half_step_2	0.4817043989424392	0.024181735323366996	1	0	0	0	108217630.98924309	250	0	0	0
full_step	0.45752266361907223	0.025531569780083797	9	10	5	1.1111111111111112	108217630.98924309	1548684.9971917814	0.5414376762873871	-1.8190040543035715	133
half_step_1	0.45752266361907223	0.012765784890041898	6	0	0	0	108217630.98924309	942897.6044846793	0.5414376762873871	-1.8190040543035715	133
half_step_2	0.4702884485091141	0.012765784890041898	1	0	0	0	108217630.98924309	250	0	0	0
full_step	0.45752266361907223	0.014065721407270328	7	0	0	0	108217630.98924309	1067235.7812238038	0.5414376762873871	-1.8190040543035715	133
half_step_1	0.45752266361907223	0.007032860703635164	6	0	0	0	108217630.98924309	373431.91036986344	0.5414376762873871	-1.8190040543035715	133
half_step_2	0.4645555243227074	0.007032860703635164	1	0	0	0	108217630.98924309	250	0	0	0
full_step	0.45752266361907223	0.008830384515038219	6	0	0	0	108217630.98924309	1445090.5265846476	0.5414376762873871	-1.8190040543035715	133
half_step_1	0.45752266361907223	0.004415192257519109	6	0	0	0	108217630.98924309	369811.3995862088	0.5414376762873871	-1.8190040543035715	133
half_step_2	0.46193785587659136	0.004415192257519109	2	7	6	3.5	108217630.98924309	120449.81376603837	0	-1.8928631246347285	107
full_step	0.46635304813411044	0.04415192257519109	7	0	0	0	108217630.98924309	1542110.998777953	0	-1.8742107381621633	130
half_step_1	0.46635304813411044	0.022075961287595546	7	0	0	0	108217630.98924309	1078890.5473894577	0	-1.8742107381621633	130
half_step_2	0.488429009421706	0.022075961287595546	1	0	0	0	108217630.98924309	250	0	0	0
full_step	0.46635304813411044	0.023530479313544485	8	0	0	0	108217630.98924309	1174478.889946095	0	-1.8742107381621633	130
half_step_1	0.46635304813411044	0.011765239656772243	7	0	0	0	108217630.98924309	574780.644909296	0	-1.8742107381621633	130
half_step_2	0.47811828779088267	0.011765239656772243	1	0	0	0	108217630.98924309	250	0	0	0
full_step	0.46635304813411044	0.013241117317803084	7	0	0	0	108217630.98924309	632761.2014180014	0	-1.8742107381621633	130
half_step_1	0.46635304813411044	0.006620558658901542	6	0	0	0	108217630.98924309	383917.1112924064	0	-1.8742107381621633	130
half_step_2	0.472973606793012	0.006620558658901542	1	0	0	0	108217630.98924309	250	0	0	0
full_step	0.46635304813411044	0.008380869190033795	8	0	0	0	108217630.98924309	382109.2070812148	0	-1.8742107381621633	130
half_step_1	0.46635304813411044	0.0041904345950168976	5	0	0	0	108217630.98924309	389019.0980804364	0	-1.8742107381621633	130
half_step_2	0.4705434827291273	0.0041904345950168976	2	7	6	3.5	108217630.98924309	339851.66270707437	0	-1.8718029894137738	53
full_step	0.4747339173241442	0.041904345950168974	5	0	0	0	108217630.98924309	759647.497543959	0	-1.8873270574475152	50
half_step_1	0.4747339173241442	0.020952172975084487	4	0	0	0	108217630.98924309	765776.3723538821	0	-1.8873270574475152	50
half_step_2	0.4956860902992287	0.020952172975084487	1	0	0	0	108217630.98924309	250	0	0	0
full_step	0.4747339173241442	0.021440371101988463	4	0	0	0	108217630.98924309	765473.7304713553	0	-1.8873270574475152	50
half_step_1	0.4747339173241442	0.010720185550994231	3	0	0	0	108217630.98924309	245647.50938323038	0	-1.8873270574475152	50
half_step_2	0.48545410287513846	0.010720185550994231	2	12	12	6	108217630.98924309	274193.646339623	0	-1.8648550936506922	111
full_step	0.4961742884261327	0.1	2	13	13	6.5	108217630.98924309	758769.618931934	0	-1.9082305440249707	50
full_step	0.4961742884261327	0.09464675311389896	2	13	13	6.5	108217630.98924309	758676.4631158443	0	-1.9082305440249707	50
full_step	0.4961742884261327	0.08953785997367122	2	13	13	6.5	108217630.98924309	758606.4064203054	0	-1.9082305440249707	50
full_step	0.4961742884261327	0.0847553962424045	2	12	12	6	108217630.98924309	758560.5198602779	0	-1.9082305440249707	50
full_step	0.4961742884261327	0.08024981938115944	2	12	12	6	108217630.98924309	758537.8494793959	0	-1.9082305440249707	50
full_step	0.4961742884261327	0.07592216722985036	2	12	12	6	108217630.98924309	758538.2339801111	0	-1.9082305440249707	50
half_step_1	0.4961742884261327	0.03796108361492518	2	13	12	6.5	108217630.98924309	760622.1174131182	0	-1.9082305440249707	50
half_step_2	0.5341353720410579	0.03796108361492518	9	15	7	1.6666666666666667	108217630.98924309	1162279.390523021	1.9551883559834096	-1.7448237820981343	60
full_step	0.5720964556559831	0.09999999999999998	1	0	0	0	108217630.98924309	250	0	0	0
full_step	0.5720964556559831	0.0005699352458776571	1	0	0	0	108217630.98924309	250	0	0	0
half_step_1	0.5720964556559831	0.00028496762293882857	0	0	0	0	108217630.98924309	250	0	0	0
half_step_2	0.5723814232789219	0.00028496762293882857	0	0	0	0	108217630.98924309	250	0	0	0
full_step	0.5726663909018608	0.002849676229388286	1	0	0	0	108217630.98924309	250	0	0	0
half_step_1	0.5726663909018608	0.001424838114694143	0	0	0	0	108217630.98924309	250	0	0	0
half_step_2	0.574091229016555	0.001424838114694143	0	0	0	0	108217630.98924309	250	0	0	0
full_step	0.575516067131249	0.014248381146941429	1	0	0	0	108217630.98924309	250	0	0	0
full_step	0.575516067131249	0.002982348793445329	1	0	0	0	108217630.98924309	250	0	0	0
half_step_1	0.575516067131249	0.0014911743967226645	0	0	0	0	108217630.98924309	250	0	0	0
half_step_2	0.5770072415279717	0.0014911743967226645	0	0	0	0	108217630.98924309	250	0	0	0
full_step	0.5784984159246943	0.014911743967226646	1	0	0	0	108217630.98924309	250	0	0	0
full_step	0.5784984159246943	0.0017864829575588164	1	0	0	0	108217630.98924309	250	0	0	0
half_step_1	0.5784984159246943	0.0008932414787794082	0	0	0	0	108217630.98924309	250	0	0	0
half_step_2	0.5793916574034738	0.0008932414787794082	0	0	0	0	108217630.98924309	250	0	0	0
full_step	0.5802848988822531	0.008932414787794081	1	0	0	0	108217630.98924309	250	0	0	0
full_step	0.5802848988822531	0.0015380549401674847	1	0	0	0	108217630.98924309	250	0	0	0
half_step_1	0.5802848988822531	0.0007690274700837424	0	0	0	0	108217630.98924309	250	0	0	0
half_step_2	0.5810539263523369	0.0007690274700837424	0	0	0	0	108217630.98924309	250	0	0	0
full_step	0.5818229538224206	0.007690274700837423	1	0	0	0	108217630.98924309	250	0	0	0
full_step	0.5818229538224206	0.0007755709164902179	1	0	0	0	108217630.98924309	250	0	0	0
half_step_1	0.5818229538224206	0.00038778545824510893	0	0	0	0	108217630.98924309	250	0	0	0
half_step_2	0.5822107392806657	0.00038778545824510893	0	0	0	0	108217630.98924309	250	0	0	0
full_step	0.5825985247389107	0.003877854582451089	9	0	0	0	108217630.98924309	159431.37831276513	0	-1.8648457469997226	53
half_step_1	0.5825985247389107	0.0019389272912255446	9	0	0	0	108217630.98924309	206789.22183272586	0	-1.8648457469997226	53
half_step_2	0.5845374520301363	0.0019389272912255446	4	0	0	0	108217630.98924309	266249.6439451902	0	-1.7993863142614095	138
full_step	0.5864763793213618	0.019389272912255444	2	14	13	7	108217630.98924309	809804.9910252715	0	-1.8250377786718315	100
half_step_1	0.5864763793213618	0.009694636456127722	2	13	12	6.5	108217630.98924309	528001.5929927047	0	-1.8250377786718315	100
half_step_2	0.5961710157774894	0.009694636456127722	1	0	0	0	108217630.98924309	250	0	0	0
full_step	0.5864763793213618	0.010955802940030004	2	13	12	6.5	108217630.98924309	379252.8856416248	0	-1.8250377786718315	100
half_step_1	0.5864763793213618	0.005477901470015002	2	9	9	4.5	108217630.98924309	377931.2839981243	0	-1.8250377786718315	100
half_step_2	0.5919542807913768	0.005477901470015002	2	14	13	7	108217630.98924309	66991.82012531998	0	-1.90510148095612	109
full_step	0.5974321822613917	0.05477901470015002	9	28	10	3.111111111111111	108217630.98924309	1563474.4919010333	0.6563152953840472	-1.8501923420194566	128
half_step_1	0.5974321822613917	0.02738950735007501	10	33	10	3.3	108217630.98924309	1452683.9479875423	0.6563152953840472	-1.8501923420194566	128
half_step_2	0.6248216896114668	0.02738950735007501	1	0	0	0	108217630.98924309	250	0	0	0
full_step	0.5974321822613917	0.028732731646274826	9	18	8	2	108217630.98924309	1512026.5906738727	0.6563152953840472	-1.8501923420194566	128
half_step_1	0.5974321822613917	0.014366365823137413	9	16	8	1.7777777777777777	108217630.98924309	1246988.1898018343	0.6563152953840472	-1.8501923420194566	128
half_step_2	0.6117985480845292	0.014366365823137413	1	0	0	0	108217630.98924309	250	0	0	0
full_step	0.5974321822613917	0.015635794040688763	9	20	9	2.2222222222222223	108217630.98924309	1340507.387946359	0.6563152953840472	-1.8501923420194566	128
half_step_1	0.5974321822613917	0.007817897020344381	7	8	4	1.1428571428571428	108217630.98924309	373620.169819322	0.6563152953840472	-1.8501923420194566	128
half_step_2	0.6052500792817361	0.007817897020344381	1	0	0	0	108217630.98924309	250	0	0	0
full_step	0.5974321822613917	0.009385986916188563	9	12	7	1.3333333333333333	108217630.98924309	986890.7480751615	0.6563152953840472	-1.8501923420194566	128
half_step_1	0.5974321822613917	0.004692993458094282	6	0	0	0	108217630.98924309	369209.9461553579	0.6563152953840472	-1.8501923420194566	128
half_step_2	0.602125175719486	0.004692993458094282	2	11	10	5.5	108217630.98924309	171156.3901450606	0	-1.8854169769316065	56
full_step	0.6068181691775802	0.046929934580942814	7	0	0	0	108217630.98924309	1168863.6928380805	0	-1.8450524768365717	153
half_step_1	0.6068181691775802	0.023464967290471407	8	0	0	0	108217630.98924309	935750.1141813055	0	-1.8450524768365717	153
half_step_2	0.6302831364680517	0.023464967290471407	1	0	0	0	108217630.98924309	250	0	0	0
full_step	0.6068181691775802	0.02480872685117532	8	0	0	0	108217630.98924309	1066087.5823588485	0	-1.8450524768365717	153
half_step_1	0.6068181691775802	0.01240436342558766	8	0	0	0	108217630.98924309	680227.5013882641	0	-1.8450524768365717	153
half_step_2	0.619222532603168	0.01240436342558766	1	0	0	0	108217630.98924309	250	0	0	0
full_step	0.6068181691775802	0.013754038321861211	8	0	0	0	108217630.98924309	374505.21473795635	0	-1.8450524768365717	153
half_step_1	0.6068181691775802	0.0068770191609306055	8	0	0	0	108217630.98924309	381721.3411650374	0	-1.8450524768365717	153
half_step_2	0.6136951883385109	0.0068770191609306055	1	0	0	0	108217630.98924309	250	0	0	0
full_step	0.6068181691775802	0.008585064965769315	9	0	0	0	108217630.98924309	380805.011644767	0	-1.8450524768365717	153
half_step_1	0.6068181691775802	0.0042925324828846576	6	0	0	0	108217630.98924309	384842.4808791992	0	-1.8450524768365717	153
half_step_2	0.6111107016604649	0.0042925324828846576	2	5	5	2.5	108217630.98924309	279978.4407638907	0	-1.871443082658715	110
full_step	0.6154032341433495	0.042925324828846576	5	0	0	0	108217630.98924309	762645.3090608844	0	-1.866941964479021	117
half_step_1	0.6154032341433495	0.021462662414423288	4	0	0	0	108217630.98924309	768602.9678392448	0	-1.866941964479021	117
half_step_2	0.6368658965577728	0.021462662414423288	1	0	0	0	108217630.98924309	250	0	0	0
full_step	0.6154032341433495	0.022108082520996483	5	0	0	0	108217630.98924309	768225.0870251239	0	-1.866941964479021	117
half_step_1	0.6154032341433495	0.011054041260498242	5	0	0	0	108217630.98924309	329004.5678210214	0	-1.866941964479021	117
half_step_2	0.6264572754038478	0.011054041260498242	3	16	15	5.333333333333333	108217630.98924309	104178.23136835724	0	-1.9185989048421592	58
full_step	0.6154032341433495	0.020230598890743093	5	0	0	0	108217630.98924309	769398.4246508023	0	-1.866941964479021	117
half_step_1	0.6154032341433495	0.010115299445371546	4	0	0	0	108217630.98924309	294371.8246548759	0	-1.866941964479021	117
half_step_2	0.6255185335887211	0.010115299445371546	3	13	12	4.333333333333333	108217630.98924309	136042.18599227004	0	-1.8772268408030168	55
full_step	0.6356338330340926	0.09999999999999998	9	29	9	3.2222222222222223	108217630.98924309	1542588.9498209602	0.8318196252839698	-1.7770750570712956	106
half_step_1	0.6356338330340926	0.04999999999999999	7	16	7	2.2857142857142856	108217630.98924309	1546027.5478069528	0.8318196252839698	-1.7770750570712956	106
half_step_2	0.6856338330340925	0.04999999999999999	1	0	0	0	108217630.98924309	250	0	0	0
full_step	0.6356338330340926	0.05125849924623517	11	36	8	3.272727272727273	108217630.98924309	1545792.463295114	0.8318196252839698	-1.7770750570712956	106
half_step_1	0.6356338330340926	0.025629249623117585	6	15	8	2.5	108217630.98924309	1557133.8735808986	0.8318196252839698	-1.7770750570712956	106
half_step_2	0.6612630826572102	0.025629249623117585	1	0	0	0	108217630.98924309	250	0	0	0
full_step	0.6356338330340926	0.02694990605516892	10	34	12	3.4	108217630.98924309	390032.72982937994	0.8318196252839698	-1.7770750570712956	106
half_step_1	0.6356338330340926	0.01347495302758446	6	8	5	1.3333333333333333	108217630.98924309	394335.23089100333	0.8318196252839698	-1.7770750570712956	106
half_step_2	0.6491087860616771	0.01347495302758446	1	0	0	0	108217630.98924309	250	0	0	0
full_step	0.6356338330340926	0.01491249323517154	7	17	8	2.4285714285714284	108217630.98924309	394270.3469053752	0.8318196252839698	-1.7770750570712956	106
half_step_1	0.6356338330340926	0.00745624661758577	4	0	0	0	108217630.98924309	497854.33556710026	0.8318196252839698	-1.7770750570712956	106
half_step_2	0.6430900796516784	0.00745624661758577	2	16	15	8	108217630.98924309	181827.33388770206	0	-1.9075961400577142	55
full_step	0.6505463262692641	0.07456246617585771	1	0	0	0	108217630.98924309	250	0	0	0
full_step	0.6505463262692641	0.00012059039936819727	1	0	0	0	108217630.98924309	250	0	0	0
half_step_1	0.6505463262692641	6.0295199684098634e-05	0	0	0	0	108217630.98924309	250	0	0	0
half_step_2	0.6506066214689482	6.0295199684098634e-05	0	0	0	0	108217630.98924309	250	0	0	0
full_step	0.6506669166686323	0.0006029519968409863	1	0	0	0	108217630.98924309	250	0	0	0
half_step_1	0.6506669166686323	0.00030147599842049314	0	0	0	0	108217630.98924309	250	0	0	0
half_step_2	0.6509683926670528	0.00030147599842049314	0	0	0	0	108217630.98924309	250	0	-1.9891989767373823	37
full_step	0.6512698686654733	0.0030147599842049316	7	0	0	0	108217630.98924309	17249.706442861745	0	-1.9170730695030866	106
half_step_1	0.6512698686654733	0.0015073799921024658	1	4	4	4	108217630.98924309	250	0	-1.9170730695030866	106
half_step_2	0.6527772486575758	0.0015073799921024658	4	0	0	0	108217630.98924309	133260.8943761524	0	-1.8279980676324725	124
full_step	0.6542846286496783	0.015073799921024658	5	0	0	0	108217630.98924309	464612.26783422066	0	-1.8089701013322814	117
half_step_1	0.6542846286496783	0.007536899960512329	2	12	12	6	108217630.98924309	320577.9647301799	0	-1.8089701013322814	117
half_step_2	0.6618215286101906	0.007536899960512329	1	0	0	0	108217630.98924309	250	0	0	0
full_step	0.6542846286496783	0.008632809203713341	2	12	12	6	108217630.98924309	418347.4552037292	0	-1.8089701013322814	117
half_step_1	0.6542846286496783	0.004316404601856671	2	10	10	5	108217630.98924309	376663.08689625055	0	-1.8089701013322814	117
half_step_2	0.658601033251535	0.004316404601856671	2	7	7	3.5	108217630.98924309	73777.18019255908	0	-1.8478088301625386	116
full_step	0.6629174378533916	0.04316404601856671	9	25	10	2.7777777777777777	108217630.98924309	786546.5099822256	0.30260244671808323	-1.8561276532390605	134
half_step_1	0.6629174378533916	0.021582023009283354	8	24	9	3	108217630.98924309	792408.167135978	0.30260244671808323	-1.8561276532390605	134
half_step_2	0.684499460862675	0.021582023009283354	1	0	0	0	108217630.98924309	250	0	0	0
full_step	0.6629174378533916	0.02289789068978887	7	14	10	2	108217630.98924309	792004.225316734	0.30260244671808323	-1.8561276532390605	134
half_step_1	0.6629174378533916	0.011448945344894434	6	12	9	2	108217630.98924309	1436395.8055104334	0.30260244671808323	-1.8561276532390605	134
half_step_2	0.674366383198286	0.011448945344894434	1	0	0	0	108217630.98924309	250	0	0	0
full_step	0.6629174378533916	0.012714426468507987	8	20	8	2.5	108217630.98924309	1491540.6763212816	0.30260244671808323	-1.8561276532390605	134
half_step_1	0.6629174378533916	0.006357213234253993	6	9	9	1.5	108217630.98924309	378432.28977639315	0.30260244671808323	-1.8561276532390605	134
half_step_2	0.6692746510876456	0.006357213234253993	2	17	16	8.5	108217630.98924309	13492.56452422407	0	-1.994180303377953	9
full_step	0.6629174378533916	0.012162769265954306	8	20	8	2.5	108217630.98924309	1465878.7570669001	0.30260244671808323	-1.8561276532390605	134
half_step_1	0.6629174378533916	0.006081384632977153	6	5	5	0.8333333333333334	108217630.98924309	378296.43415810773	0.30260244671808323	-1.8561276532390605	134
half_step_2	0.6689988224863688	0.006081384632977153	2	12	11	6	108217630.98924309	49714.62096259067	0	-1.9237677477051978	39
full_step	0.6750802071193459	0.06081384632977153	12	15	7	1.25	108217630.98924309	1174488.5104370744	1.2869326019590517	-1.7841738603681963	213
half_step_1	0.6750802071193459	0.030406923164885764	7	0	0	0	108217630.98924309	1180002.9977539151	1.2869326019590517	-1.7841738603681963	213
half_step_2	0.7054871302842317	0.030406923164885764	1	0	0	0	108217630.98924309	250	0	0	0
full_step	0.6750802071193459	0.0317972361471605	10	10	10	1	108217630.98924309	1179419.7695825114	1.2869326019590517	-1.7841738603681963	213
half_step_1	0.6750802071193459	0.01589861807358025	8	0	0	0	108217630.98924309	1139576.045432682	1.2869326019590517	-1.7841738603681963	213
half_step_2	0.6909788251929262	0.01589861807358025	1	0	0	0	108217630.98924309	250	0	0	0
full_step	0.6750802071193459	0.017252364802768802	11	21	9	1.9090909090909092	108217630.98924309	1190737.8724717365	1.2869326019590517	-1.7841738603681963	213
half_step_1	0.6750802071193459	0.008626182401384401	7	0	0	0	108217630.98924309	1405051.3576158525	1.2869326019590517	-1.7841738603681963	213
half_step_2	0.6837063895207303	0.008626182401384401	1	0	0	0	108217630.98924309	250	0	0	0
full_step	0.6750802071193459	0.009927880482779664	9	0	0	0	108217630.98924309	1604069.166727595	1.2869326019590517	-1.7841738603681963	213
half_step_1	0.6750802071193459	0.004963940241389832	6	0	0	0	108217630.98924309	361066.1989479668	1.2869326019590517	-1.7841738603681963	213
half_step_2	0.6800441473607357	0.004963940241389832	2	7	6	3.5	108217630.98924309	122589.54268940682	0	-1.8695088876662973	109
full_step	0.6850080876021256	0.04963940241389832	11	37	9	3.3636363636363638	108217630.98924309	1184097.2526733722	0.32479979838535655	-1.8402080313638414	129
half_step_1	0.6850080876021256	0.02481970120694916	7	14	7	2	108217630.98924309	1079007.5134865467	0.32479979838535655	-1.8402080313638414	129
half_step_2	0.7098277888090748	0.02481970120694916	1	0	0	0	108217630.98924309	250	0	0	0
full_step	0.6850080876021256	0.026087745475558144	11	40	10	3.6363636363636362	108217630.98924309	1123466.6680467369	0.32479979838535655	-1.8402080313638414	129
half_step_1	0.6850080876021256	0.013043872737779072	8	20	9	2.5	108217630.98924309	819456.022493146	0.32479979838535655	-1.8402080313638414	129
half_step_2	0.6980519603399047	0.013043872737779072	1	0	0	0	108217630.98924309	250	0	0	0
full_step	0.6850080876021256	0.014279776196779921	8	5	5	0.625	108217630.98924309	892699.188444832	0.32479979838535655	-1.8402080313638414	129
half_step_1	0.6850080876021256	0.007139888098389961	5	0	0	0	108217630.98924309	379064.8840728114	0.32479979838535655	-1.8402080313638414	129
half_step_2	0.6921479757005156	0.007139888098389961	1	0	0	0	108217630.98924309	250	0	0	0
full_step	0.6850080876021256	0.008907067785334897	9	13	9	1.4444444444444444	108217630.98924309	379720.7417966844	0.32479979838535655	-1.8402080313638414	129
half_step_1	0.6850080876021256	0.004453533892667449	5	0	0	0	108217630.98924309	376717.96176211647	0.32479979838535655	-1.8402080313638414	129
half_step_2	0.6894616214947931	0.004453533892667449	2	5	4	2.5	108217630.98924309	435845.23104567605	0	-1.8591554963882166	59
full_step	0.6939151553874605	0.04453533892667449	9	0	0	0	108217630.98924309	1305795.59239604	0	-1.8673941146780926	154
half_step_1	0.6939151553874605	0.022267669463337244	9	0	0	0	108217630.98924309	1010766.4457445091	0	-1.8673941146780926	154
half_step_2	0.7161828248507978	0.022267669463337244	1	0	0	0	108217630.98924309	250	0	0	0
full_step	0.6939151553874605	0.023730212647809255	9	0	0	0	108217630.98924309	1105106.2478415724	0	-1.8673941146780926	154
half_step_1	0.6939151553874605	0.011865106323904627	9	0	0	0	108217630.98924309	715806.1642258771	0	-1.8673941146780926	154
half_step_2	0.7057802617113651	0.011865106323904627	1	0	0	0	108217630.98924309	250	0	0	0
full_step	0.6939151553874605	0.01338046165992766	9	0	0	0	108217630.98924309	819269.9653941083	0	-1.8673941146780926	154
half_step_1	0.6939151553874605	0.00669023082996383	8	0	0	0	108217630.98924309	392658.19608859986	0	-1.8673941146780926	154
half_step_2	0.7006053862174243	0.00669023082996383	1	0	0	0	108217630.98924309	250	0	0	0
full_step	0.6939151553874605	0.008250065409511566	10	0	0	0	108217630.98924309	389681.92687490984	0	-1.8673941146780926	154
half_step_1	0.6939151553874605	0.004125032704755783	5	0	0	0	108217630.98924309	321662.77719804365	0	-1.8673941146780926	154
half_step_2	0.6980401880922164	0.004125032704755783	2	4	4	2	108217630.98924309	389560.53813807014	0	-1.8502850410429874	122
full_step	0.7021652207969721	0.04125032704755783	4	0	0	0	108217630.98924309	768676.3139645213	0	-1.8473105466871396	116
half_step_1	0.7021652207969721	0.020625163523778915	3	0	0	0	108217630.98924309	712110.213868758	0	-1.8473105466871396	116
half_step_2	0.722790384320751	0.020625163523778915	4	15	13	3.75	108217630.98924309	646867.8619481876	0	-1.8895343525639299	112
full_step	0.7434155478445299	0.09999999999999998	7	0	0	0	108217630.98924309	1562513.9437899918	0	-1.8591186030050546	187
half_step_1	0.7434155478445299	0.04999999999999999	7	0	0	0	108217630.98924309	1178129.9841874735	0	-1.8591186030050546	187
half_step_2	0.79341554784453	0.04999999999999999	1	0	0	0	108217630.98924309	250	0	0	0
full_step	0.7434155478445299	0.05058912636383304	8	0	0	0	108217630.98924309	1178050.6738293138	0	-1.8591186030050546	187
half_step_1	0.7434155478445299	0.02529456318191652	7	0	0	0	108217630.98924309	795346.518737979	0	-1.8591186030050546	187
half_step_2	0.7687101110264464	0.02529456318191652	1	0	0	0	108217630.98924309	250	0	0	0
full_step	0.7434155478445299	0.025978292395874975	7	0	0	0	108217630.98924309	795067.5125722858	0	-1.8591186030050546	187
half_step_1	0.7434155478445299	0.012989146197937488	4	0	0	0	108217630.98924309	609185.5225688935	0	-1.8591186030050546	187
half_step_2	0.7564046940424674	0.012989146197937488	1	0	0	0	108217630.98924309	250	0	0	0
full_step	0.7434155478445299	0.013770050733988962	8	0	0	0	108217630.98924309	623088.6339240669	0	-1.8591186030050546	187
half_step_1	0.7434155478445299	0.006885025366994481	3	14	12	4.666666666666667	108217630.98924309	570646.5612839677	0	-1.8591186030050546	187
half_step_2	0.7503005732115244	0.006885025366994481	5	0	0	0	108217630.98924309	179305.57482558914	0	-1.9533708782272332	34
full_step	0.7571855985785189	0.06885025366994481	1	0	0	0	108217630.98924309	250	0	0	0
full_step	0.7571855985785189	0.000134147513062657	1	0	0	0	108217630.98924309	250	0	0	0
half_step_1	0.7571855985785189	6.70737565313285e-05	0	0	0	0	108217630.98924309	250	0	0	0
half_step_2	0.7572526723350502	6.70737565313285e-05	0	0	0	0	108217630.98924309	250	0	0	0
full_step	0.7573197460915815	0.0006707375653132849	1	0	0	0	108217630.98924309	250	0	0	0
half_step_1	0.7573197460915815	0.00033536878265664246	0	0	0	0	108217630.98924309	250	0	0	0
half_step_2	0.7576551148742381	0.00033536878265664246	0	0	0	0	108217630.98924309	250	0	0	0
full_step	0.7579904836568948	0.003353687826566425	1	0	0	0	108217630.98924309	250	0	0	0
full_step	0.7579904836568948	0.0027382939271666158	1	0	0	0	108217630.98924309	250	0	0	0
half_step_1	0.7579904836568948	0.0013691469635833079	0	0	0	0	108217630.98924309	250	0	0	0
half_step_2	0.7593596306204781	0.0013691469635833079	4	0	0	0	108217630.98924309	85739.29510160259	0	-1.8921939474269858	150
full_step	0.7607287775840614	0.013691469635833078	13	0	0	0	114072970.62604773	792613.6558478115	0	-1.7062314771424103	215
half_step_1	0.7607287775840614	0.006845734817916539	9	0	0	0	114072970.62604773	390463.03755148104	0	-1.7062314771424103	215
half_step_2	0.7675745124019779	0.006845734817916539	1	0	0	0	114072970.62604773	250	0	0	0
full_step	0.7607287775840614	0.00840054640649845	10	0	0	0	114072970.62604773	1571377.5606090887	0	-1.7062314771424103	215
half_step_1	0.7607287775840614	0.004200273203249225	9	0	0	0	114072970.62604773	178822.894689067	0	-1.7062314771424103	215
half_step_2	0.7649290507873107	0.004200273203249225	3	11	11	3.6666666666666665	114072970.62604773	456944.36419147346	0	-1.8640110628288724	178
full_step	0.7691293239905599	0.042002732032492246	6	0	0	0	114072970.62604773	762025.1046857144	0	-1.8091837502057726	189
half_step_1	0.7691293239905599	0.021001366016246123	5	0	0	0	114072970.62604773	768149.0177863437	0	-1.8091837502057726	189
half_step_2	0.790130690006806	0.021001366016246123	1	0	0	0	114072970.62604773	250	0	0	0
full_step	0.7691293239905599	0.021585919013777165	6	0	0	0	114072970.62604773	767790.0559997775	0	-1.8091837502057726	189
half_step_1	0.7691293239905599	0.010792959506888583	2	0	0	0	114072970.62604773	544950.809731653	0	-1.8091837502057726	189
half_step_2	0.7799222834974485	0.010792959506888583	2	13	12	6.5	114072970.62604773	465622.50412389875	0	-1.8627651419085574	195
full_step	0.790715243004337	0.09999999999999998	6	0	0	0	114072970.62604773	1531665.298713976	0	-1.8341049008578778	209
half_step_1	0.790715243004337	0.04999999999999999	6	0	0	0	114072970.62604773	1153149.3894386264	0	-1.8341049008578778	209
half_step_2	0.840715243004337	0.04999999999999999	1	0	0	0	114072970.62604773	250	0	0	0
full_step	0.790715243004337	0.05061743200229766	7	0	0	0	114072970.62604773	1152673.7691955408	0	-1.8341049008578778	209
half_step_1	0.790715243004337	0.02530871600114883	6	0	0	0	114072970.62604773	768422.8878244817	0	-1.8341049008578778	209
half_step_2	0.8160239590054859	0.02530871600114883	1	0	0	0	114072970.62604773	250	0	0	0
full_step	0.790715243004337	0.025954322168388097	7	0	0	0	114072970.62604773	768181.6149897791	0	-1.8341049008578778	209
half_step_1	0.790715243004337	0.012977161084194049	6	0	0	0	114072970.62604773	526979.8023770052	0	-1.8341049008578778	209
half_step_2	0.803692404088531	0.012977161084194049	1	0	0	0	114072970.62604773	250	0	0	0
full_step	0.790715243004337	0.013679656324370796	8	0	0	0	114072970.62604773	542660.1935987708	0	-1.8341049008578778	209
half_step_1	0.790715243004337	0.006839828162185398	2	13	12	6.5	114072970.62604773	644694.4623754835	0	-1.8341049008578778	209
half_step_2	0.7975550711665225	0.006839828162185398	5	0	0	0	114072970.62604773	506124.70376830763	0	-1.9137344910797571	115
full_step	0.8043948993287079	0.06839828162185398	1	0	0	0	114072970.62604773	250	0	0	0
full_step	0.8043948993287079	0.00013089702033564052	1	0	0	0	114072970.62604773	250	0	0	0
half_step_1	0.8043948993287079	6.544851016782026e-05	0	0	0	0	114072970.62604773	250	0	0	0
half_step_2	0.8044603478388757	6.544851016782026e-05	0	0	0	0	114072970.62604773	250	0	0	0
full_step	0.8045257963490435	0.0006544851016782026	1	0	0	0	114072970.62604773	250	0	0	0
half_step_1	0.8045257963490435	0.0003272425508391013	0	0	0	0	114072970.62604773	250	0	0	0
half_step_2	0.8048530388998826	0.0003272425508391013	0	0	0	0	114072970.62604773	250	0	0	0
full_step	0.8051802814507217	0.003272425508391013	1	0	0	0	114072970.62604773	250	0	0	0
full_step	0.8051802814507217	0.002873189919229474	1	0	0	0	114072970.62604773	250	0	0	0
half_step_1	0.8051802814507217	0.001436594959614737	0	0	0	0	114072970.62604773	250	0	0	0
half_step_2	0.8066168764103365	0.001436594959614737	6	0	0	0	114072970.62604773	24099.951895030175	0	-1.8719525177826233	111
full_step	0.8080534713699512	0.01436594959614737	11	0	0	0	120745473.99758652	2080155.9323063889	0	-1.6791949945376463	233
half_step_1	0.8080534713699512	0.007182974798073685	10	0	0	0	120745473.99758652	385481.77118869545	0	-1.6791949945376463	233
half_step_2	0.8152364461680249	0.007182974798073685	1	0	0	0	120745473.99758652	250	0	0	0
full_step	0.8080534713699512	0.008757016960922003	11	0	0	0	120745473.99758652	384602.89051959413	0	-1.6791949945376463	233
half_step_1	0.8080534713699512	0.004378508480461001	8	0	0	0	120745473.99758652	389797.44158507884	0	-1.6791949945376463	233
half_step_2	0.8124319798504122	0.004378508480461001	2	10	10	5	120745473.99758652	330207.97751404636	0	-1.826536066052555	198
full_step	0.8168104883308732	0.04378508480461001	5	0	0	0	120745473.99758652	758964.9654313668	0	-1.804345228011929	145
half_step_1	0.8168104883308732	0.021892542402305006	3	0	0	0	120745473.99758652	764734.8453881372	0	-1.804345228011929	145
half_step_2	0.8387030307331782	0.021892542402305006	1	0	0	0	120745473.99758652	250	0	0	0
full_step	0.8168104883308732	0.022312595974871056	5	0	0	0	120745473.99758652	764496.2593367818	0	-1.804345228011929	145
half_step_1	0.8168104883308732	0.011156297987435528	2	11	11	5.5	120745473.99758652	389769.8816378852	0	-1.804345228011929	145
half_step_2	0.8279667863183088	0.011156297987435528	2	0	0	0	120745473.99758652	390557.69359060505	0	-1.7699598701126	133
full_step	0.8391230843057442	0.09999999999999998	3	12	12	4	120745473.99758652	765064.7683992868	0	-1.8681220420760702	130
full_step	0.8391230843057442	0.09485962228363796	3	12	12	4	120745473.99758652	764974.4052447645	0	-1.8681220420760702	130
full_step	0.8391230843057442	0.0899337086238006	3	12	12	4	120745473.99758652	764905.3578978556	0	-1.8681220420760702	130
half_step_1	0.8391230843057442	0.0449668543119003	2	12	11	6	120745473.99758652	766046.8349402597	0	-1.8681220420760702	130
half_step_2	0.8840899386176445	0.0449668543119003	10	3	3	0.3	120745473.99758652	1233524.3460518226	0	-1.829976313542679	181
full_step	0.9290567929295448	0.0899337086238006	1	0	0	0	120745473.99758652	250	0	0	0
full_step	0.9290567929295448	0.000696429936539982	1	0	0	0	120745473.99758652	250	0	0	0
half_step_1	0.9290567929295448	0.000348214968269991	0	0	0	0	120745473.99758652	250	0	0	0
half_step_2	0.9294050078978148	0.000348214968269991	0	0	0	0	120745473.99758652	250	0	0	0
full_step	0.9297532228660847	0.00348214968269991	1	0	0	0	120745473.99758652	250	0	0	0
half_step_1	0.9297532228660847	0.001741074841349955	0	0	0	0	120745473.99758652	250	0	0	0
half_step_2	0.9314942977074347	0.001741074841349955	0	0	0	0	120745473.99758652	250	0	0	0
full_step	0.9332353725487846	0.01741074841349955	1	0	0	0	120745473.99758652	250	0	0	0
full_step	0.9332353725487846	0.0026089830615464195	1	0	0	0	120745473.99758652	250	0	0	0
half_step_1	0.9332353725487846	0.0013044915307732097	0	0	0	0	120745473.99758652	250	0	0	0
half_step_2	0.9345398640795578	0.0013044915307732097	0	0	0	0	120745473.99758652	250	0	0	0
full_step	0.9358443556103311	0.013044915307732097	1	0	0	0	120745473.99758652	250	0	0	0
full_step	0.9358443556103311	0.0021006484242581188	1	0	0	0	120745473.99758652	250	0	0	0
half_step_1	0.9358443556103311	0.0010503242121290594	0	0	0	0	120745473.99758652	250	0	0	0
half_step_2	0.9368946798224601	0.0010503242121290594	0	0	0	0	120745473.99758652	250	0	0	0
full_step	0.9379450040345892	0.010503242121290593	1	0	0	0	120745473.99758652	250	0	0	0
full_step	0.9379450040345892	0.0013182133543954825	1	0	0	0	120745473.99758652	250	0	0	0
half_step_1	0.9379450040345892	0.0006591066771977413	0	0	0	0	120745473.99758652	250	0	0	0
half_step_2	0.938604110711787	0.0006591066771977413	0	0	0	0	120745473.99758652	250	0	0	0
full_step	0.9392632173889848	0.006591066771977412	1	0	0	0	120745473.99758652	250	0	0	0
full_step	0.9392632173889848	0.0008111457562692885	1	0	0	0	120745473.99758652	250	0	0	0
half_step_1	0.9392632173889848	0.00040557287813464425	0	0	0	0	120745473.99758652	250	0	0	0
half_step_2	0.9396687902671195	0.00040557287813464425	0	0	0	0	120745473.99758652	250	0	0	0
full_step	0.940074363145254	0.004055728781346442	11	0	0	0	160221045.83344314	1281762.744945585	0	-1.8229285807270628	162
half_step_1	0.940074363145254	0.002027864390673221	9	0	0	0	160221045.83344314	393241.7477451019	0	-1.8229285807270628	162
half_step_2	0.9421022275359273	0.002027864390673221	2	8	8	4	160221045.83344314	133173.04390426038	0	-1.824947233563455	189
full_step	0.9441300919266005	0.02027864390673221	9	0	0	0	160221045.83344314	1425481.9755624055	0	-1.7440339757641423	256
half_step_1	0.9441300919266005	0.010139321953366105	7	0	0	0	160221045.83344314	1257129.1298359272	0	-1.7440339757641423	256
half_step_2	0.9542694138799666	0.010139321953366105	1	0	0	0	160221045.83344314	250	0	0	0
full_step	0.9441300919266005	0.01168256295381838	8	0	0	0	160221045.83344314	3536711.96978758	0	-1.7440339757641423	256
half_step_1	0.9441300919266005	0.00584128147690919	7	0	0	0	160221045.83344314	768743.0951849753	0	-1.7440339757641423	256
half_step_2	0.9499713734035097	0.00584128147690919	2	14	13	7	160221045.83344314	467493.8611820084	0	-1.8636287559240965	164
full_step	0.9558126548804189	0.0584128147690919	8	0	0	0	160221045.83344314	2429179.69414972	0	-1.8180929105556083	226
half_step_1	0.9558126548804189	0.02920640738454595	8	0	0	0	160221045.83344314	1422552.0078000517	0	-1.8180929105556083	226
half_step_2	0.9850190622649648	0.02920640738454595	1	0	0	0	160221045.83344314	250	0	0	0
full_step	0.9558126548804189	0.030383685719782266	9	0	0	0	160221045.83344314	1444076.5829589963	0	-1.8180929105556083	226
half_step_1	0.9558126548804189	0.015191842859891133	8	0	0	0	160221045.83344314	2148931.99063591	0	-1.8180929105556083	226
half_step_2	0.9710044977403101	0.015191842859891133	1	0	0	0	160221045.83344314	250	0	0	0
full_step	0.9558126548804189	0.01640019587160535	9	0	0	0	160221045.83344314	2169727.2534517283	0	-1.8180929105556083	226
half_step_1	0.9558126548804189	0.008200097935802675	7	0	0	0	160221045.83344314	788683.4844288962	0	-1.8180929105556083	226
half_step_2	0.9640127528162216	0.008200097935802675	1	0	0	0	160221045.83344314	250	0	0	0
full_step	0.9558126548804189	0.009696613339987045	9	0	0	0	160221045.83344314	784859.8484413761	0	-1.8180929105556083	226
half_step_1	0.9558126548804189	0.004848306669993523	6	0	0	0	160221045.83344314	395351.7688998424	0	-1.8180929105556083	226
half_step_2	0.9606609615504124	0.004848306669993523	2	12	12	6	160221045.83344314	351646.0245641561	0	-1.8070541551046004	161
full_step	0.965509268220406	0.048483066699935226	5	0	0	0	160221045.83344314	1908470.3532097186	0	-1.8155494417403393	157
half_step_1	0.965509268220406	0.024241533349967613	5	0	0	0	160221045.83344314	1671714.4054073752	0	-1.8155494417403393	157
half_step_2	0.9897508015703735	0.024241533349967613	1	0	0	0	160221045.83344314	250	0	0	0
full_step	0.965509268220406	0.024783720063140665	5	0	0	0	160221045.83344314	1676739.3625718579	0	-1.8155494417403393	157
half_step_1	0.965509268220406	0.012391860031570332	4	0	0	0	160221045.83344314	980259.2491714078	0	-1.8155494417403393	157
half_step_2	0.9779011282519763	0.012391860031570332	3	16	15	5.333333333333333	160221045.83344314	1323845.693413526	0	-1.8759203731547864	215
full_step	0.9902929882835466	0.09999999999999998	17	58	10	3.411764705882353	160221045.83344314	1336332.4029538722	1.8738705070136348	-1.4352179530083193	270
half_step_1	0.9902929882835466	0.04999999999999999	7	8	8	1.1428571428571428	160221045.83344314	1832054.4256323893	1.8738705070136348	-1.4352179530083193	270
half_step_2	1.0402929882835465	0.04999999999999999	1	0	0	0	160221045.83344314	250	0	0	0
full_step	0.9902929882835466	0.051629378709629005	11	32	9	2.909090909090909	160221045.83344314	2072222.1788356593	1.8738705070136348	-1.4352179530083193	270
half_step_1	0.9902929882835466	0.025814689354814502	7	8	8	1.1428571428571428	160221045.83344314	1580642.587006487	1.8738705070136348	-1.4352179530083193	270
half_step_2	1.016107677638361	0.025814689354814502	1	0	0	0	160221045.83344314	250	0	0	0
full_step	0.9902929882835466	0.027423136279588617	9	12	9	1.3333333333333333	160221045.83344314	1040350.739585004	1.8738705070136348	-1.4352179530083193	270
half_step_1	0.9902929882835466	0.013711568139794308	7	3	3	0.42857142857142855	160221045.83344314	1477711.4436043333	1.8738705070136348	-1.4352179530083193	270
half_step_2	1.0040045564233409	0.013711568139794308	1	0	0	0	160221045.83344314	250	0	0	0
full_step	0.9902929882835466	0.015228092647779403	11	8	8	0.7272727272727273	160221045.83344314	1406143.625383278	1.8738705070136348	-1.4352179530083193	270
half_step_1	0.9902929882835466	0.007614046323889702	9	0	0	0	160221045.83344314	941931.7300237352	1.8738705070136348	-1.4352179530083193	270
half_step_2	0.9979070346074363	0.007614046323889702	1	0	0	0	160221045.83344314	250	0	0	0
full_step	0.9902929882835466	0.009223200608155506	9	6	6	0.6666666666666666	160221045.83344314	938573.287240671	1.8738705070136348	-1.4352179530083193	270
half_step_1	0.9902929882835466	0.004611600304077753	7	0	0	0	160221045.83344314	947145.4211412638	1.8738705070136348	-1.4352179530083193	270
half_step_2	0.9949045885876243	0.004611600304077753	2	5	5	2.5	160221045.83344314	391034.2704125918	0	-1.8060346271764556	178
full_step	0.9995161888917021	0.04611600304077753	5	0	0	0	160221045.83344314	2387823.658871981	0	-1.815266526484086	173
half_step_1	0.9995161888917021	0.023058001520388765	3	13	12	4.333333333333333	160221045.83344314	1573531.6959223687	0	-1.815266526484086	173
half_step_2	1.0225741904120909	0.023058001520388765	3	15	13	5	160221045.83344314	660297.980606855	0	-1.8073588772735558	204
full_step	1.0456321919324796	0.1	2	5	5	2.5	160221045.83344314	1629771.2611709079	0	-1.8445089746207282	198
half_step_1	1.0456321919324796	0.05	2	13	13	6.5	160221045.83344314	786296.2007588613	0	-1.8445089746207282	198
half_step_2	1.0956321919324796	0.05	4	0	0	0	160221045.83344314	1170658.0584013055	0	-1.817621172368754	144
full_step	1.1456321919324797	0.1	1	0	0	0	160221045.83344314	250	0	0	0
full_step	1.1456321919324797	0.00014817938230725803	1	0	0	0	160221045.83344314	250	0	0	0
half_step_1	1.1456321919324797	7.408969115362901e-05	0	0	0	0	160221045.83344314	250	0	0	0
half_step_2	1.1457062816236332	7.408969115362901e-05	0	0	0	0	160221045.83344314	250	0	0	0
full_step	1.145780371314787	0.0007408969115362901	1	0	0	0	160221045.83344314	250	0	0	0
half_step_1	1.145780371314787	0.00037044845576814507	0	0	0	0	160221045.83344314	250	0	0	0
half_step_2	1.146150819770555	0.00037044845576814507	0	0	0	0	160221045.83344314	250	0	0	0
full_step	1.1465212682263233	0.0037044845576814506	1	0	0	0	160221045.83344314	250	0	0	0
full_step	1.1465212682263233	0.002840082285011833	1	0	0	0	160221045.83344314	250	0	0	0
half_step_1	1.1465212682263233	0.0014200411425059165	0	0	0	0	160221045.83344314	250	0	0	0
half_step_2	1.147941309368829	0.0014200411425059165	0	0	0	0	160221045.83344314	250	0	0	0
full_step	1.1493613505113351	0.014200411425059165	10	0	0	0	160221045.83344314	390308.2877683213	0	-1.8144807741393982	187
half_step_1	1.1493613505113351	0.007100205712529582	11	0	0	0	160221045.83344314	310121.072692237	0	-1.8144807741393982	187
half_step_2	1.1564615562238647	0.007100205712529582	6	0	0	0	160221045.83344314	383714.08973666193	0	-1.7992337417980941	123
full_step	1.1635617619363943	0.07100205712529582	1	0	0	0	160221045.83344314	250	0	0	0
full_step	1.1635617619363943	0.00012756269182185058	1	0	0	0	160221045.83344314	250	0	0	0
half_step_1	1.1635617619363943	6.378134591092529e-05	0	0	0	0	160221045.83344314	250	0	0	0
half_step_2	1.1636255432823053	6.378134591092529e-05	0	0	0	0	160221045.83344314	250	0	0	0
full_step	1.163689324628216	0.0006378134591092529	1	0	0	0	160221045.83344314	250	0	0	0
half_step_1	1.163689324628216	0.00031890672955462644	0	0	0	0	160221045.83344314	250	0	0	0
half_step_2	1.1640082313577707	0.00031890672955462644	0	0	0	0	160221045.83344314	250	0	0	0
full_step	1.1643271380873252	0.0031890672955462644	1	0	0	0	160221045.83344314	250	0	0	0
full_step	1.1643271380873252	0.002682886717836847	1	0	0	0	160221045.83344314	250	0	0	0
half_step_1	1.1643271380873252	0.0013414433589184235	0	0	0	0	160221045.83344314	250	0	0	0
half_step_2	1.1656685814462437	0.0013414433589184235	0	0	0	0	160221045.83344314	250	0	-1.9738296559110282	38
full_step	1.167010024805162	0.013414433589184236	15	28	11	1.8666666666666667	160221045.83344314	2097882.831055953	0.19462752994149923	-1.6712882232110386	228
half_step_1	1.167010024805162	0.006707216794592118	12	39	10	3.25	160221045.83344314	385674.3807214349	0.19462752994149923	-1.6712882232110386	228
half_step_2	1.173717241599754	0.006707216794592118	3	15	14	5	160221045.83344314	180233.75537328608	0	-1.9295504710348668	38
full_step	1.1804244583943462	0.06707216794592118	10	14	6	1.4	160221045.83344314	2375700.765840901	0.3547487007945165	-1.7868808090516157	195
half_step_1	1.1804244583943462	0.03353608397296059	11	21	10	1.9090909090909092	160221045.83344314	795006.6764730937	0.3547487007945165	-1.7868808090516157	195
half_step_2	1.2139605423673068	0.03353608397296059	1	0	0	0	160221045.83344314	250	0	0	0
full_step	1.1804244583943462	0.034723612404201964	9	13	9	1.4444444444444444	160221045.83344314	2267460.231952456	0.3547487007945165	-1.7868808090516157	195
half_step_1	1.1804244583943462	0.017361806202100982	11	20	10	1.8181818181818181	160221045.83344314	802298.8461032781	0.3547487007945165	-1.7868808090516157	195
half_step_2	1.1977862645964472	0.017361806202100982	1	0	0	0	160221045.83344314	250	0	0	0
full_step	1.1804244583943462	0.018481027535641223	12	22	10	1.8333333333333333	160221045.83344314	801293.5732591614	0.3547487007945165	-1.7868808090516157	195
half_step_1	1.1804244583943462	0.009240513767820611	8	4	4	0.5	160221045.83344314	382555.81146899564	0.3547487007945165	-1.7868808090516157	195
half_step_2	1.1896649721621668	0.009240513767820611	1	0	0	0	160221045.83344314	250	0	0	0
full_step	1.1804244583943462	0.010567117488842408	10	13	7	1.3	160221045.83344314	1624004.8288322946	0.3547487007945165	-1.7868808090516157	195
half_step_1	1.1804244583943462	0.005283558744421204	6	0	0	0	160221045.83344314	380235.3449543003	0.3547487007945165	-1.7868808090516157	195
half_step_2	1.1857080171387673	0.005283558744421204	3	11	11	3.6666666666666665	160221045.83344314	157961.94858353218	0	-1.8217781372440778	112
full_step	1.1909915758831886	0.052835587444212045	7	3	3	0.42857142857142855	160221045.83344314	1962669.77415191	0	-1.7823186075568986	210
half_step_1	1.1909915758831886	0.026417793722106023	6	0	0	0	160221045.83344314	1332644.8689515982	0	-1.7823186075568986	210
half_step_2	1.2174093696052946	0.026417793722106023	1	0	0	0	160221045.83344314	250	0	0	0
full_step	1.1909915758831886	0.027593606399864818	9	3	3	0.3333333333333333	160221045.83344314	982472.3639584302	0	-1.7823186075568986	210
half_step_1	1.1909915758831886	0.013796803199932409	8	0	0	0	160221045.83344314	824150.1701458871	0	-1.7823186075568986	210
half_step_2	1.204788379083121	0.013796803199932409	1	0	0	0	160221045.83344314	250	0	0	0
full_step	1.1909915758831886	0.014988070922302227	9	3	3	0.3333333333333333	160221045.83344314	906193.5387588576	0	-1.7823186075568986	210
half_step_1	1.1909915758831886	0.007494035461151113	7	0	0	0	160221045.83344314	381362.6319971269	0	-1.7823186075568986	210
half_step_2	1.1984856113443396	0.007494035461151113	1	0	0	0	160221045.83344314	250	0	0	0
full_step	1.1909915758831886	0.008921052407990496	9	0	0	0	160221045.83344314	380588.8826026292	0	-1.7823186075568986	210
half_step_1	1.1909915758831886	0.004460526203995248	6	0	0	0	160221045.83344314	384793.88314245763	0	-1.7823186075568986	210
half_step_2	1.1954521020871838	0.004460526203995248	2	11	11	5.5	160221045.83344314	387811.6964817813	0	-1.8113217854154497	62
full_step	1.1999126282911792	0.04460526203995248	7	0	0	0	160221045.83344314	785992.2823314982	0	-1.818870223067638	154
half_step_1	1.1999126282911792	0.02230263101997624	4	0	0	0	160221045.83344314	791880.6663298288	0	-1.818870223067638	154
half_step_2	1.2222152593111555	0.02230263101997624	1	0	0	0	160221045.83344314	250	0	0	0
full_step	1.1999126282911792	0.022743212815683662	6	0	0	0	160221045.83344314	791622.8946300541	0	-1.818870223067638	154
half_step_1	1.1999126282911792	0.011371606407841831	3	0	0	0	160221045.83344314	586481.704561348	0	-1.818870223067638	154
half_step_2	1.211284234699021	0.011371606407841831	3	14	12	4.666666666666667	160221045.83344314	542504.3128105552	0	-1.8180631224450916	199
full_step	1.2226558411068629	0.1	5	0	0	0	160221045.83344314	1527636.3335471274	0	-1.7912635005704867	62
half_step_1	1.2226558411068629	0.05	5	0	0	0	160221045.83344314	1145492.6158281288	0	-1.7912635005704867	62
half_step_2	1.272655841106863	0.05	1	0	0	0	160221045.83344314	250	0	0	0
full_step	1.2226558411068629	0.05053160295606321	6	0	0	0	160221045.83344314	1145418.650534069	0	-1.7912635005704867	62
half_step_1	1.2226558411068629	0.025265801478031605	5	0	0	0	160221045.83344314	806382.5041945206	0	-1.7912635005704867	62
half_step_2	1.2479216425848945	0.025265801478031605	1	0	0	0	160221045.83344314	250	0	0	0
full_step	1.2226558411068629	0.025854506939377145	6	0	0	0	160221045.83344314	806111.7122352046	0	-1.7912635005704867	62
half_step_1	1.2226558411068629	0.012927253469688572	4	0	0	0	160221045.83344314	817696.7387133035	0	-1.7912635005704867	62
half_step_2	1.2355830945765514	0.012927253469688572	3	14	12	4.666666666666667	160221045.83344314	395761.8981850952	0	-1.9320212177817513	48
full_step	1.2226558411068629	0.02518306018542818	6	0	0	0	160221045.83344314	806421.667298704	0	-1.7912635005704867	62
half_step_1	1.2226558411068629	0.01259153009271409	4	0	0	0	160221045.83344314	818353.3209507857	0	-1.7912635005704867	62
half_step_2	1.235247371199577	0.01259153009271409	3	14	12	4.666666666666667	160221045.83344314	610542.7325709107	0	-1.8705295378550368	88
full_step	1.247838901292291	0.1	10	13	8	1.3	160221045.83344314	2904607.779088312	1.3756579461987712	-1.6010515226011337	273
half_step_1	1.247838901292291	0.05	11	18	10	1.6363636363636365	160221045.83344314	1151301.5082298366	1.3756579461987712	-1.6010515226011337	273
half_step_2	1.297838901292291	0.05	1	0	0	0	160221045.83344314	250	0	0	0
full_step	1.247838901292291	0.051541853340132116	12	15	11	1.25	160221045.83344314	1175885.9207678016	1.3756579461987712	-1.6010515226011337	273
half_step_1	1.247838901292291	0.025770926670066058	11	10	6	0.9090909090909091	160221045.83344314	869622.9668919302	1.3756579461987712	-1.6010515226011337	273
half_step_2	1.273609827962357	0.025770926670066058	1	0	0	0	160221045.83344314	250	0	0	0
full_step	1.247838901292291	0.027370918340100622	12	16	11	1.3333333333333333	160221045.83344314	899191.4214366142	1.3756579461987712	-1.6010515226011337	273
half_step_1	1.247838901292291	0.013685459170050311	9	9	9	1	160221045.83344314	619895.9573523288	1.3756579461987712	-1.6010515226011337	273
half_step_2	1.2615243604623414	0.013685459170050311	1	0	0	0	160221045.83344314	250	0	0	0
full_step	1.247838901292291	0.015317557958755073	11	11	6	1	160221045.83344314	695345.936922675	1.3756579461987712	-1.6010515226011337	273
half_step_1	1.247838901292291	0.007658778979377536	9	5	5	0.5555555555555556	160221045.83344314	559516.5497778942	1.3756579461987712	-1.6010515226011337	273
half_step_2	1.2554976802716686	0.007658778979377536	1	0	0	0	160221045.83344314	250	0	0	0
full_step	1.247838901292291	0.008989576574754972	10	7	7	0.7	160221045.83344314	560416.1344241449	1.3756579461987712	-1.6010515226011337	273
half_step_1	1.247838901292291	0.004494788287377486	8	8	4	1	160221045.83344314	556449.8757488802	1.3756579461987712	-1.6010515226011337	273
half_step_2	1.2523336895796686	0.004494788287377486	2	10	10	5	160221045.83344314	795536.4583241077	0	-1.7556503214124624	225
full_step	1.256828477867046	0.04494788287377486	4	0	0	0	160221045.83344314	1167164.7580489311	0	-1.8169156352063671	231
half_step_1	1.256828477867046	0.02247394143688743	2	14	13	7	160221045.83344314	865831.510001618	0	-1.8169156352063671	231
half_step_2	1.2793024193039335	0.02247394143688743	1	0	0	0	160221045.83344314	250	0	0	0
full_step	1.256828477867046	0.02305547534587165	2	15	14	7.5	160221045.83344314	869655.277670995	0	-1.8169156352063671	231
half_step_1	1.256828477867046	0.011527737672935825	2	14	13	7	160221045.83344314	590532.507100506	0	-1.8169156352063671	231
half_step_2	1.268356215539982	0.011527737672935825	2	13	12	6.5	160221045.83344314	440550.66959893703	0	-1.9045932238636478	84
full_step	1.2798839532129176	0.1	8	0	0	0	160221045.83344314	1997707.330076618	0	-1.8155293998137165	182
half_step_1	1.2798839532129176	0.05	6	0	0	0	160221045.83344314	1579560.6872260666	0	-1.8155293998137165	182
half_step_2	1.3298839532129176	0.05	1	0	0	0	160221045.83344314	250	0	0	0
full_step	1.2798839532129176	0.0504086102106209	7	0	0	0	160221045.83344314	1579477.9976550138	0	-1.8155293998137165	182
half_step_1	1.2798839532129176	0.02520430510531045	7	0	0	0	160221045.83344314	943965.5344410306	0	-1.8155293998137165	182
half_step_2	1.305088258318228	0.02520430510531045	1	0	0	0	160221045.83344314	250	0	0	0
full_step	1.2798839532129176	0.025695420575849892	8	0	0	0	160221045.83344314	967836.1068092386	0	-1.8155293998137165	182
half_step_1	1.2798839532129176	0.012847710287924946	4	0	0	0	160221045.83344314	522115.095584823	0	-1.8155293998137165	182
half_step_2	1.2927316635008426	0.012847710287924946	3	16	12	5.333333333333333	160221045.83344314	771107.2481576296	0	-1.8474727564087696	132
full_step	1.3055793737887675	0.1	10	11	11	1.1	160221045.83344314	1563407.4648482862	0.4675969420095498	-1.6855298293459677	209
half_step_1	1.3055793737887675	0.05	9	17	8	1.8888888888888888	160221045.83344314	1567072.7998272236	0.4675969420095498	-1.6855298293459677	209
half_step_2	1.3555793737887676	0.05	1	0	0	0	160221045.83344314	250	0	0	0
full_step	1.3055793737887675	0.050813041961615846	11	23	10	2.090909090909091	160221045.83344314	1567154.9677539112	0.4675969420095498	-1.6855298293459677	209
half_step_1	1.3055793737887675	0.025406520980807923	9	8	8	0.8888888888888888	160221045.83344314	1019046.9542454227	0.4675969420095498	-1.6855298293459677	209
half_step_2	1.3309858947695754	0.025406520980807923	1	0	0	0	160221045.83344314	250	0	0	0
full_step	1.3055793737887675	0.026212773894465025	12	28	9	2.3333333333333335	160221045.83344314	1035643.2164281275	0.4675969420095498	-1.6855298293459677	209
half_step_1	1.3055793737887675	0.013106386947232512	9	21	8	2.3333333333333335	160221045.83344314	657822.0672676376	0.4675969420095498	-1.6855298293459677	209
half_step_2	1.318685760736	0.013106386947232512	1	0	0	0	160221045.83344314	250	0	0	0
full_step	1.3055793737887675	0.013958742538884154	12	18	9	1.5	160221045.83344314	692689.7629611756	0.4675969420095498	-1.6855298293459677	209
half_step_1	1.3055793737887675	0.006979371269442077	6	8	8	1.3333333333333333	160221045.83344314	321340.3265359785	0.4675969420095498	-1.6855298293459677	209
half_step_2	1.3125587450582097	0.006979371269442077	2	14	14	7	160221045.83344314	385932.1550182929	0	-1.775942551796704	132
full_step	1.3195381163276516	0.06979371269442076	4	14	11	3.5	160221045.83344314	1719723.9270015808	0	-1.968556207319435	38
full_step	1.3195381163276516	0.061819894155292876	4	14	11	3.5	160221045.83344314	1605884.9084834524	0	-1.968556207319435	38
full_step	1.3195381163276516	0.05402772796995446	5	15	12	3	160221045.83344314	1504498.542844377	0	-1.968556207319435	38
full_step	1.3195381163276516	0.04685553309935399	5	15	12	3	160221045.83344314	1428459.1991793206	0	-1.968556207319435	38
full_step	1.3195381163276516	0.0406721849400671	4	15	12	3.75	160221045.83344314	1300460.7912540683	0	-1.968556207319435	38
full_step	1.3195381163276516	0.0346272766616508	4	15	12	3.75	160221045.83344314	1089420.4568750174	0	-1.968556207319435	38
full_step	1.3195381163276516	0.029456199544465107	4	15	12	3.75	160221045.83344314	862211.9081435114	0	-1.968556207319435	38
full_step	1.3195381163276516	0.024659415152865887	4	15	12	3.75	160221045.83344314	688850.9912440538	0	-1.968556207319435	38
full_step	1.3195381163276516	0.020185733533113686	4	15	12	3.75	160221045.83344314	492311.5387528995	0	-1.968556207319435	38
full_step	1.3195381163276516	0.01720597811178611	4	15	12	3.75	160221045.83344314	356980.09151246905	0	-1.968556207319435	38
full_step	1.3195381163276516	0.014922593517877466	4	15	12	3.75	160221045.83344314	394799.1635845739	0	-1.968556207319435	38
full_step	1.3195381163276516	0.012234617056756656	4	18	15	4.5	160221045.83344314	420670.6403074603	0	-1.968556207319435	38
full_step	1.3195381163276516	0.0099923294332567	3	15	13	5	160221045.83344314	292473.757493564	0	-1.968556207319435	38
full_step	1.3195381163276516	0.008558120319447374	3	15	13	5	160221045.83344314	217413.96929359916	0	-1.968556207319435	38
full_step	1.3195381163276516	0.0077603360896768316	3	16	14	5.333333333333333	160221045.83344314	179036.04692035692	0	-1.968556207319435	38
full_step	1.3195381163276516	0.007340254536830446	3	16	14	5.333333333333333	160221045.83344314	160341.12056510395	0	-1.968556207319435	38
half_step_1	1.3195381163276516	0.003670127268415223	2	5	5	2.5	160221045.83344314	47485.228496115626	0	-1.968556207319435	38
half_step_2	1.3232082435960668	0.003670127268415223	8	0	0	0	160221045.83344314	387690.9267805118	0	-1.6916750478999372	223
full_step	1.326878370864482	0.03670127268415223	3	13	13	4.333333333333333	160221045.83344314	1015754.1116677293	0	-1.75364438378621	120
half_step_1	1.326878370864482	0.018350636342076114	3	14	12	4.666666666666667	160221045.83344314	607686.9556885512	0	-1.75364438378621	120
half_step_2	1.345229007206558	0.018350636342076114	1	0	0	0	160221045.83344314	250	0	0	0
full_step	1.326878370864482	0.019322546806973758	3	13	12	4.333333333333333	160221045.83344314	632592.454733154	0	-1.75364438378621	120
half_step_1	1.326878370864482	0.009661273403486879	2	12	11	6	160221045.83344314	854158.237486381	0	-1.75364438378621	120
half_step_2	1.336539644267969	0.009661273403486879	1	0	0	0	160221045.83344314	250	0	0	0
full_step	1.326878370864482	0.010843153646144748	3	13	12	4.333333333333333	160221045.83344314	878271.5263334401	0	-1.75364438378621	120
half_step_1	1.326878370864482	0.005421576823072374	2	13	13	6.5	160221045.83344314	383382.49280990986	0	-1.75364438378621	120
half_step_2	1.3322999476875543	0.005421576823072374	2	13	12	6.5	160221045.83344314	241833.3780953127	0	-1.8147111923921528	106
full_step	1.3377215245106269	0.05421576823072374	8	0	0	0	160221045.83344314	1198382.7265857074	0	-1.7476356883157866	208
half_step_1	1.3377215245106269	0.02710788411536187	8	0	0	0	160221045.83344314	1098596.884500858	0	-1.7476356883157866	208
half_step_2	1.3648294086259887	0.02710788411536187	1	0	0	0	160221045.83344314	250	0	0	0
full_step	1.3377215245106269	0.028252091416199467	8	0	0	0	160221045.83344314	1165149.3756151334	0	-1.7476356883157866	208
half_step_1	1.3377215245106269	0.014126045708099734	7	0	0	0	160221045.83344314	625975.9160545963	0	-1.7476356883157866	208
half_step_2	1.3518475702187267	0.014126045708099734	1	0	0	0	160221045.83344314	250	0	0	0
full_step	1.3377215245106269	0.015275353282339551	8	0	0	0	160221045.83344314	666655.1430037748	0	-1.7476356883157866	208
half_step_1	1.3377215245106269	0.007637676641169776	8	0	0	0	160221045.83344314	381147.599320411	0	-1.7476356883157866	208
half_step_2	1.3453592011517967	0.007637676641169776	1	0	0	0	160221045.83344314	250	0	0	0
full_step	1.3377215245106269	0.008992373511537107	9	0	0	0	160221045.83344314	380638.4699973212	0	-1.7476356883157866	208
half_step_1	1.3377215245106269	0.004496186755768554	6	0	0	0	160221045.83344314	383683.0723972378	0	-1.7476356883157866	208
half_step_2	1.3422177112663953	0.004496186755768554	2	12	12	6	160221045.83344314	388329.2619540212	0	-1.780877347229209	133
full_step	1.346713898022164	0.04496186755768554	5	0	0	0	160221045.83344314	1401441.7299109774	0	-1.7766915040989588	165
half_step_1	1.346713898022164	0.02248093377884277	5	0	0	0	160221045.83344314	931393.7268732258	0	-1.7766915040989588	165
half_step_2	1.3691948318010068	0.02248093377884277	1	0	0	0	160221045.83344314	250	0	0	0
full_step	1.346713898022164	0.022892210342399643	6	0	0	0	160221045.83344314	936390.2475531354	0	-1.7766915040989588	165
half_step_1	1.346713898022164	0.011446105171199822	4	0	0	0	160221045.83344314	182423.53527113612	0	-1.7766915040989588	165
half_step_2	1.3581600031933638	0.011446105171199822	3	16	14	5.333333333333333	160221045.83344314	575370.3277529981	0	-1.740014037935811	224
full_step	1.3696061083645636	0.1	6	0	0	0	160221045.83344314	1608300.8098372284	0	-1.7279373374102032	163
half_step_1	1.3696061083645636	0.05	5	0	0	0	160221045.83344314	1184412.9334541261	0	-1.7279373374102032	163
half_step_2	1.4196061083645637	0.05	1	0	0	0	160221045.83344314	250	0	0	0
full_step	1.3696061083645636	0.05042349144713004	6	0	0	0	160221045.83344314	1184348.2290802759	0	-1.7279373374102032	163
half_step_1	1.3696061083645636	0.02521174572356502	5	0	0	0	160221045.83344314	768834.6882491513	0	-1.7279373374102032	163
half_step_2	1.3948178540881286	0.02521174572356502	1	0	0	0	160221045.83344314	250	0	0	0
full_step	1.3696061083645636	0.02567947080830857	7	0	0	0	160221045.83344314	768635.1832437202	0	-1.7279373374102032	163
half_step_1	1.3696061083645636	0.012839735404154284	1	12	12	12	160221045.83344314	250	0	-1.7279373374102032	163
half_step_2	1.382445843768718	0.012839735404154284	3	12	12	4	160221045.83344314	741851.2158193714	0	-1.8066191743471502	178
full_step	1.3952855791728722	0.1	7	0	0	0	160221045.83344314	1596508.155988728	0	-1.7273168292646253	168
half_step_1	1.3952855791728722	0.05	5	0	0	0	160221045.83344314	1600176.7235312327	0	-1.7273168292646253	168
half_step_2	1.4452855791728723	0.05	1	0	0	0	160221045.83344314	250	0	0	0
full_step	1.3952855791728722	0.05045319500465302	7	0	0	0	160221045.83344314	1600085.9222937683	0	-1.7273168292646253	168
half_step_1	1.3952855791728722	0.02522659750232651	6	0	0	0	160221045.83344314	761831.938411409	0	-1.7273168292646253	168
half_step_2	1.4205121766751987	0.02522659750232651	1	0	0	0	160221045.83344314	250	0	0	0
full_step	1.3952855791728722	0.025740262866866464	7	0	0	0	160221045.83344314	778069.2740102253	0	-1.7273168292646253	168
half_step_1	1.3952855791728722	0.012870131433433232	4	0	0	0	160221045.83344314	392139.5654224018	0	-1.7273168292646253	168
half_step_2	1.4081557106063054	0.012870131433433232	3	12	12	4	160221045.83344314	761743.311386349	0	-1.8281594507551058	197
full_step	1.4210258420397386	0.1	11	35	13	3.1818181818181817	160221045.83344314	1565456.9617417613	0.2022969380741415	-1.6458376702164446	153
half_step_1	1.4210258420397386	0.05	10	28	11	2.8	160221045.83344314	534047.4802342352	0.2022969380741415	-1.6458376702164446	153
half_step_2	1.4710258420397386	0.05	1	0	0	0	160221045.83344314	250	0	0	0
full_step	1.4210258420397386	0.05067867077465308	9	27	12	3	160221045.83344314	536439.9683899885	0.2022969380741415	-1.6458376702164446	153
half_step_1	1.4210258420397386	0.02533933538732654	9	23	12	2.5555555555555554	160221045.83344314	471583.5826653998	0.2022969380741415	-1.6458376702164446	153
half_step_2	1.4463651774270652	0.02533933538732654	1	0	0	0	160221045.83344314	250	0	0	0
full_step	1.4210258420397386	0.02605066148017446	9	14	10	1.5555555555555556	160221045.83344314	473849.2316752382	0.2022969380741415	-1.6458376702164446	153
half_step_1	1.4210258420397386	0.01302533074008723	11	36	9	3.272727272727273	160221045.83344314	355800.35864323704	0.2022969380741415	-1.6458376702164446	153
half_step_2	1.4340511727798257	0.01302533074008723	1	0	0	0	160221045.83344314	250	0	0	0
full_step	1.4210258420397386	0.013753590300227356	10	20	10	2	160221045.83344314	357540.1700877126	0.2022969380741415	-1.6458376702164446	153
half_step_1	1.4210258420397386	0.006876795150113678	5	8	8	1.6	160221045.83344314	341605.41980174504	0.2022969380741415	-1.6458376702164446	153
half_step_2	1.4279026371898522	0.006876795150113678	2	0	0	0	160221045.83344314	383839.2866573869	0	-1.764309184883765	183
full_step	1.4347794323399659	0.06876795150113678	6	27	17	4.5	160221045.83344314	3613355.6152502326	0	-1.934318471897134	89
full_step	1.4347794323399659	0.062195448604047195	6	26	17	4.333333333333333	160221045.83344314	3195661.096309951	0	-1.934318471897134	89
full_step	1.4347794323399659	0.055524744002484645	6	25	17	4.166666666666667	160221045.83344314	2827707.3643148066	0	-1.934318471897134	89
full_step	1.4347794323399659	0.049790589994951305	5	25	16	5	160221045.83344314	2128598.5214858423	0	-1.934318471897134	89
full_step	1.4347794323399659	0.0439521619944255	5	25	17	5	160221045.83344314	1889096.6859246972	0	-1.934318471897134	89
full_step	1.4347794323399659	0.03927890761006361	5	24	17	4.8	160221045.83344314	1327878.0190716588	0	-1.934318471897134	89
full_step	1.4347794323399659	0.03429779810415592	4	23	17	5.75	160221045.83344314	1189578.8339727926	0	-1.934318471897134	89
full_step	1.4347794323399659	0.030070876754938667	4	20	15	5	160221045.83344314	669358.4316157239	0	-1.934318471897134	89
full_step	1.4347794323399659	0.027017997023219713	4	17	14	4.25	160221045.83344314	579033.977888791	0	-1.934318471897134	89
full_step	1.4347794323399659	0.023472341605477693	2	16	16	8	160221045.83344314	385139.3985438164	0	-1.934318471897134	89
full_step	1.4347794323399659	0.020388459168774797	2	13	13	6.5	160221045.83344314	385958.20006781723	0	-1.934318471897134	89
full_step	1.4347794323399659	0.018281717591198145	2	13	13	6.5	160221045.83344314	386705.9737680379	0	-1.934318471897134	89
full_step	1.4347794323399659	0.017053855602084805	2	13	13	6.5	160221045.83344314	387238.89806612814	0	-1.934318471897134	89
half_step_1	1.4347794323399659	0.008526927801042403	1	15	15	15	160221045.83344314	250	0	-1.934318471897134	89
half_step_2	1.4433063601410083	0.008526927801042403	11	11	7	1	160221045.83344314	375601.68764620874	1.4866715193438722	-1.5226713661280975	188
full_step	1.4518332879420506	0.0614021684985702	1	0	0	0	160221045.83344314	250	0	0	0
full_step	1.4518332879420506	0.0001491645213657475	1	0	0	0	160221045.83344314	250	0	0	0
half_step_1	1.4518332879420506	7.458226068287375e-05	0	0	0	0	160221045.83344314	250	0	0	0
half_step_2	1.4519078702027335	7.458226068287375e-05	0	0	0	0	160221045.83344314	250	0	0	0
full_step	1.4519824524634164	0.0007458226068287375	1	0	0	0	160221045.83344314	250	0	0	0
half_step_1	1.4519824524634164	0.00037291130341436874	0	0	0	0	160221045.83344314	250	0	0	0
half_step_2	1.4523553637668307	0.00037291130341436874	0	0	0	0	160221045.83344314	250	0	0	0
full_step	1.452728275070245	0.0037291130341436875	1	0	0	0	160221045.83344314	250	0	0	0
full_step	1.452728275070245	0.0017759496583222211	1	0	0	0	160221045.83344314	250	0	0	0
half_step_1	1.452728275070245	0.0008879748291611106	0	0	0	0	160221045.83344314	250	0	0	0
half_step_2	1.453616249899406	0.0008879748291611106	0	0	0	0	160221045.83344314	250	0	-1.81550440947541	165
full_step	1.4545042247285673	0.008879748291611107	9	0	0	0	160221045.83344314	1534393.7374403118	0	-1.7027635072623668	202
half_step_1	1.4545042247285673	0.004439874145805553	8	0	0	0	160221045.83344314	481916.5103870341	0	-1.7027635072623668	202
half_step_2	1.458944098874373	0.004439874145805553	2	12	11	6	160221045.83344314	1061705.4175574775	0	-1.7478374845022147	178
full_step	1.4633839730201785	0.04439874145805553	9	0	0	0	160221045.83344314	2507980.874173673	0	-1.7426405591787755	266
half_step_1	1.4633839730201785	0.022199370729027765	8	0	0	0	160221045.83344314	1539982.628674003	0	-1.7426405591787755	266
half_step_2	1.4855833437492063	0.022199370729027765	1	0	0	0	160221045.83344314	250	0	0	0
full_step	1.4633839730201785	0.023424696856035397	9	0	0	0	160221045.83344314	1662638.5218306747	0	-1.7426405591787755	266
half_step_1	1.4633839730201785	0.011712348428017699	7	2	2	0.2857142857142857	160221045.83344314	3455086.658598517	0	-1.7426405591787755	266
half_step_2	1.4750963214481962	0.011712348428017699	1	0	0	0	160221045.83344314	250	0	0	0
full_step	1.4633839730201785	0.013165045402759281	7	0	0	0	160221045.83344314	6674750.705811908	0	-1.7426405591787755	266
half_step_1	1.4633839730201785	0.0065825227013796405	8	0	0	0	160221045.83344314	391250.04663744493	0	-1.7426405591787755	266
half_step_2	1.4699664957215581	0.0065825227013796405	3	11	11	3.6666666666666665	160221045.83344314	1353148.0679958751	0	-1.8299018692931641	146
full_step	1.4765490184229377	0.055763718962761874	7	0	0	0	160221045.83344314	1134214.5645372078	0	-1.8277892820621882	145
half_step_1	1.4765490184229377	0.027881859481380937	5	0	0	0	160221045.83344314	1140900.7724102982	0	-1.8277892820621882	145
half_step_2	1.5044308779043187	0.027881859481380937	1	0	0	0	160221045.83344314	250	0	0	0
full_step	1.4765490184229377	0.028745284823166784	7	0	0	0	160221045.83344314	1140459.300849049	0	-1.8277892820621882	145
half_step_1	1.4765490184229377	0.014372642411583392	4	0	0	0	160221045.83344314	1134574.7387519053	0	-1.8277892820621882	145
half_step_2	1.490921660834521	0.014372642411583392	1	0	0	0	160221045.83344314	250	0	0	0
full_step	1.4765490184229377	0.015384458063048407	6	0	0	0	160221045.83344314	1153372.8588558764	0	-1.8277892820621882	145
half_step_1	1.4765490184229377	0.0076922290315242035	4	0	0	0	160221045.83344314	891811.1493790079	0	-1.8277892820621882	145
half_step_2	1.484241247454462	0.0076922290315242035	3	12	12	4	160221045.83344314	473164.45507003396	0	-1.816638709322908	174
full_step	1.4919334764859862	0.06803964857523778	7	0	0	0	160221045.83344314	2411694.1277109426	0	-1.7616166813343572	157
half_step_1	1.4919334764859862	0.03401982428761889	8	0	0	0	160221045.83344314	1512321.9642631898	0	-1.7616166813343572	157
half_step_2	1.525953300773605	0.03401982428761889	1	0	0	0	160221045.83344314	250	0	0	0
full_step	1.4919334764859862	0.03500540712071134	9	0	0	0	160221045.83344314	1532819.8027924062	0	-1.7616166813343572	157
half_step_1	1.4919334764859862	0.01750270356035567	8	0	0	0	160221045.83344314	999595.7373640207	0	-1.7616166813343572	157
half_step_2	1.5094361800463418	0.01750270356035567	1	0	0	0	160221045.83344314	250	0	0	0
full_step	1.4919334764859862	0.018494701129107737	9	0	0	0	160221045.83344314	1068655.19614468	0	-1.7616166813343572	157
half_step_1	1.4919334764859862	0.009247350564553869	8	0	0	0	160221045.83344314	780865.4383448572	0	-1.7616166813343572	157
half_step_2	1.50118082705054	0.009247350564553869	1	0	0	0	160221045.83344314	250	0	0	0
full_step	1.4919334764859862	0.010551834752179856	8	0	0	0	160221045.83344314	1954912.6478208783	0	-1.7616166813343572	157
half_step_1	1.4919334764859862	0.005275917376089928	7	0	0	0	160221045.83344314	426791.9147207803	0	-1.7616166813343572	157
half_step_2	1.497209393862076	0.005275917376089928	2	18	18	9	160221045.83344314	389737.62751666276	0	-1.7569018754797567	153
full_step	1.502485311238166	0.05275917376089928	8	0	0	0	160221045.83344314	3145195.8055636315	0	-1.7663616439945768	208
half_step_1	1.502485311238166	0.02637958688044964	8	0	0	0	160221045.83344314	2549419.9460744536	0	-1.7663616439945768	208
half_step_2	1.5288648981186157	0.02637958688044964	1	0	0	0	160221045.83344314	250	0	0	0
full_step	1.502485311238166	0.027568481391332916	8	0	0	0	160221045.83344314	2563630.5535288127	0	-1.7663616439945768	208
half_step_1	1.502485311238166	0.013784240695666458	10	0	0	0	160221045.83344314	1751945.5908293074	0	-1.7663616439945768	208
half_step_2	1.5162695519338325	0.013784240695666458	1	0	0	0	160221045.83344314	250	0	0	0
full_step	1.502485311238166	0.015059030348093813	10	0	0	0	160221045.83344314	2430738.90981738	0	-1.7663616439945768	208
half_step_1	1.502485311238166	0.007529515174046907	8	0	0	0	160221045.83344314	400750.03488330124	0	-1.7663616439945768	208
half_step_2	1.5100148264122129	0.007529515174046907	1	0	0	0	160221045.83344314	250	0	0	0
full_step	1.502485311238166	0.008750941995359664	9	0	0	0	160221045.83344314	762304.0869106655	0	-1.7663616439945768	208
half_step_1	1.502485311238166	0.004375470997679832	6	0	0	0	160221045.83344314	568673.8393613964	0	-1.7663616439945768	208
half_step_2	1.5068607822358457	0.004375470997679832	2	10	10	5	160221045.83344314	388580.8987028377	0	-1.7409432741000297	199
full_step	1.5112362532335257	0.043754709976798326	5	0	0	0	160221045.83344314	763777.0301860591	0	-1.7515794401081957	186
half_step_1	1.5112362532335257	0.021877354988399163	2	4	3	2	160221045.83344314	769563.7561649843	0	-1.7515794401081957	186
half_step_2	1.533113608221925	0.021877354988399163	1	0	0	0	160221045.83344314	250	0	0	0
full_step	1.5112362532335257	0.02229355243152597	3	0	0	0	160221045.83344314	769350.8255402358	0	-1.7515794401081957	186
half_step_1	1.5112362532335257	0.011146776215762984	2	13	12	6.5	160221045.83344314	637496.9913010513	0	-1.7515794401081957	186
half_step_2	1.5223830294492886	0.011146776215762984	2	0	0	0	160221045.83344314	504067.7997220911	0	-1.7616424132120936	161
full_step	1.5335298056650517	0.1	7	0	0	0	160221045.83344314	1919299.1020860358	0	-1.8161653777996336	97
half_step_1	1.5335298056650517	0.05	5	0	0	0	160221045.83344314	1537083.9220803597	0	-1.8161653777996336	97
half_step_2	1.5835298056650517	0.05	1	0	0	0	160221045.83344314	250	0	0	0
full_step	1.5335298056650517	0.050496521419439805	6	0	0	0	160221045.83344314	1536987.3272175908	0	-1.8161653777996336	97
half_step_1	1.5335298056650517	0.025248260709719902	4	0	0	0	160221045.83344314	1547819.817533805	0	-1.8161653777996336	97
half_step_2	1.5587780663747717	0.025248260709719902	1	0	0	0	160221045.83344314	250	0	0	0
full_step	1.5335298056650517	0.02579646108851616	5	0	0	0	160221045.83344314	1547336.238804472	0	-1.8161653777996336	97
half_step_1	1.5335298056650517	0.01289823054425808	3	16	14	5.333333333333333	160221045.83344314	736716.1504543388	0	-1.8161653777996336	97
half_step_2	1.5464280362093097	0.01289823054425808	1	0	0	0	160221045.83344314	250	0	0	0
full_step	1.5335298056650517	0.013548314809303914	3	15	13	5	160221045.83344314	771336.9878729027	0	-1.8161653777996336	97
half_step_1	1.5335298056650517	0.006774157404651957	3	15	12	5	160221045.83344314	470367.4017633052	0	-1.8161653777996336	97
half_step_2	1.5403039630697037	0.006774157404651957	2	12	12	6	160221045.83344314	398245.02766611276	0	-1.82727109018994	88
full_step	1.5470781204743556	0.06774157404651956	13	26	9	2	160221045.83344314	646070.7358409466	1.8303344862324593	-1.5238983968732103	179
half_step_1	1.5470781204743556	0.03387078702325978	10	14	7	1.4	160221045.83344314	329084.45270034426	1.8303344862324593	-1.5238983968732103	179
half_step_2	1.5809489074976153	0.03387078702325978	1	0	0	0	160221045.83344314	250	0	0	0
full_step	1.5470781204743556	0.03505647457403097	13	16	8	1.2307692307692308	160221045.83344314	328822.9321922973	1.8303344862324593	-1.5238983968732103	179
half_step_1	1.5470781204743556	0.017528237287015486	10	13	5	1.3	160221045.83344314	331761.552525098	1.8303344862324593	-1.5238983968732103	179
half_step_2	1.5646063577613711	0.017528237287015486	1	0	0	0	160221045.83344314	250	0	0	0
full_step	1.5470781204743556	0.018636662140810206	11	12	9	1.0909090909090908	160221045.83344314	331636.1145321578	1.8303344862324593	-1.5238983968732103	179
half_step_1	1.5470781204743556	0.009318331070405103	9	5	5	0.5555555555555556	160221045.83344314	348311.4535141637	1.8303344862324593	-1.5238983968732103	179
half_step_2	1.5563964515447606	0.009318331070405103	1	0	0	0	160221045.83344314	250	0	0	0
full_step	1.5470781204743556	0.010323038285369592	11	11	8	1	160221045.83344314	330880.45142138714	1.8303344862324593	-1.5238983968732103	179
half_step_1	1.5470781204743556	0.005161519142684796	8	8	4	1	160221045.83344314	330003.61064842343	1.8303344862324593	-1.5238983968732103	179
half_step_2	1.5522396396170404	0.005161519142684796	3	12	11	4	160221045.83344314	405771.47143193404	0	-1.8269939381420361	167
full_step	1.5574011587597252	0.051615191426847964	11	9	9	0.8181818181818182	160221045.83344314	792017.675654467	0.3462918739696761	-1.7814491677348114	260
half_step_1	1.5574011587597252	0.025807595713423982	11	19	10	1.7272727272727273	160221045.83344314	796512.3764070038	0.3462918739696761	-1.7814491677348114	260
half_step_2	1.5832087544731492	0.025807595713423982	1	0	0	0	160221045.83344314	250	0	0	0
full_step	1.5574011587597252	0.026849387975362436	14	28	8	2	160221045.83344314	796111.745876191	0.3462918739696761	-1.7814491677348114	260
half_step_1	1.5574011587597252	0.013424693987681218	9	12	7	1.3333333333333333	160221045.83344314	806866.0438371034	0.3462918739696761	-1.7814491677348114	260
half_step_2	1.5708258527474064	0.013424693987681218	1	0	0	0	160221045.83344314	250	0	0	0
full_step	1.5574011587597252	0.014436821260507481	10	12	8	1.2	160221045.83344314	805459.4591819146	0.3462918739696761	-1.7814491677348114	260
half_step_1	1.5574011587597252	0.0072184106302537404	7	8	4	1.1428571428571428	160221045.83344314	381750.53844649193	0.3462918739696761	-1.7814491677348114	260
half_step_2	1.564619569389979	0.0072184106302537404	3	15	13	5	160221045.83344314	132246.9026086463	0	-1.9275078156293497	52
full_step	1.5718379800202327	0.07218410630253741	11	20	8	1.8181818181818181	160221045.83344314	1313648.2487385357	1.5799940814358706	-1.6580906606765857	238
half_step_1	1.5718379800202327	0.036092053151268705	9	6	6	0.6666666666666666	160221045.83344314	660214.216602887	1.5799940814358706	-1.6580906606765857	238
half_step_2	1.6079300331715014	0.036092053151268705	1	0	0	0	160221045.83344314	250	0	0	0
full_step	1.5718379800202327	0.037244459772207084	12	22	9	1.8333333333333333	160221045.83344314	660071.2743022435	1.5799940814358706	-1.6580906606765857	238
half_step_1	1.5718379800202327	0.018622229886103542	9	6	6	0.6666666666666666	160221045.83344314	665899.7715801374	1.5799940814358706	-1.6580906606765857	238
half_step_2	1.5904602099063363	0.018622229886103542	1	0	0	0	160221045.83344314	250	0	0	0
full_step	1.5718379800202327	0.01972537013111845	10	7	7	0.7	160221045.83344314	665177.8048931753	1.5799940814358706	-1.6580906606765857	238
half_step_1	1.5718379800202327	0.009862685065559224	8	0	0	0	160221045.83344314	1473232.8253126834	1.5799940814358706	-1.6580906606765857	238
half_step_2	1.5817006650857919	0.009862685065559224	1	0	0	0	160221045.83344314	250	0	0	0
full_step	1.5718379800202327	0.01092506115135494	12	10	6	0.8333333333333334	160221045.83344314	922719.3689919675	1.5799940814358706	-1.6580906606765857	238
half_step_1	1.5718379800202327	0.00546253057567747	7	0	0	0	160221045.83344314	534727.8480066885	1.5799940814358706	-1.6580906606765857	238
half_step_2	1.5773005105959101	0.00546253057567747	3	12	11	4	160221045.83344314	340856.5467927991	0	-1.7922412321408951	55
full_step	1.5827630411715876	0.054625305756774704	9	21	10	2.3333333333333335	160221045.83344314	3550723.2592768897	0.12978894632942684	-1.7350206421533703	187
half_step_1	1.5827630411715876	0.027312652878387352	11	29	10	2.6363636363636362	160221045.83344314	803964.3132500697	0.12978894632942684	-1.7350206421533703	187
half_step_2	1.610075694049975	0.027312652878387352	1	0	0	0	160221045.83344314	250	0	0	0
full_step	1.5827630411715876	0.028367497291799968	9	16	9	1.7777777777777777	160221045.83344314	2292321.1737652887	0.12978894632942684	-1.7350206421533703	187
half_step_1	1.5827630411715876	0.014183748645899984	8	17	9	2.125	160221045.83344314	1042098.8053401741	0.12978894632942684	-1.7350206421533703	187
half_step_2	1.5969467898174876	0.014183748645899984	1	0	0	0	160221045.83344314	250	0	0	0
full_step	1.5827630411715876	0.015220014159366854	12	21	10	1.75	160221045.83344314	1073784.31524346	0.12978894632942684	-1.7350206421533703	187
half_step_1	1.5827630411715876	0.007610007079683427	7	9	9	1.2857142857142858	160221045.83344314	385000.5755476425	0.12978894632942684	-1.7350206421533703	187
half_step_2	1.590373048251271	0.007610007079683427	1	0	0	0	160221045.83344314	250	0	0	0
full_step	1.5827630411715876	0.008926622042077295	10	18	8	1.8	160221045.83344314	385220.5847972893	0.12978894632942684	-1.7350206421533703	187
half_step_1	1.5827630411715876	0.004463311021038648	5	0	0	0	160221045.83344314	384031.3286423533	0.12978894632942684	-1.7350206421533703	187
half_step_2	1.5872263521926262	0.004463311021038648	2	11	11	5.5	160221045.83344314	386271.49038589053	0	-1.7702310626662812	105
full_step	1.591689663213665	0.044633110210386476	7	0	0	0	160221045.83344314	797585.0637907902	0	-1.7643057727796212	215
half_step_1	1.591689663213665	0.022316555105193238	4	0	0	0	160221045.83344314	803635.6862832289	0	-1.7643057727796212	215
half_step_2	1.6140062183188582	0.022316555105193238	1	0	0	0	160221045.83344314	250	0	0	0
full_step	1.591689663213665	0.022868543937700915	7	0	0	0	160221045.83344314	803262.7508691287	0	-1.7643057727796212	215
half_step_1	1.591689663213665	0.011434271968850458	4	0	0	0	160221045.83344314	687608.2132121824	0	-1.7643057727796212	215
half_step_2	1.6031239351825155	0.011434271968850458	3	13	11	4.333333333333333	160221045.83344314	494516.4412512269	0	-1.8009539782299286	64
full_step	1.614558207151366	0.1	10	14	9	1.4	160221045.83344314	1207035.465868021	0.9085931520367012	-1.6436409266458865	204
half_step_1	1.614558207151366	0.05	9	14	10	1.5555555555555556	160221045.83344314	597671.9158858368	0.9085931520367012	-1.6436409266458865	204
half_step_2	1.664558207151366	0.05	1	0	0	0	160221045.83344314	250	0	0	0
full_step	1.614558207151366	0.05089360724058674	11	29	10	2.6363636363636362	160221045.83344314	597754.6207292564	0.9085931520367012	-1.6436409266458865	204
half_step_1	1.614558207151366	0.02544680362029337	8	11	11	1.375	160221045.83344314	322035.2944069225	0.9085931520367012	-1.6436409266458865	204
half_step_2	1.6400050107716593	0.02544680362029337	1	0	0	0	160221045.83344314	250	0	0	0
full_step	1.614558207151366	0.026337442601111483	10	14	9	1.4	160221045.83344314	321674.77268574585	0.9085931520367012	-1.6436409266458865	204
half_step_1	1.614558207151366	0.013168721300555741	8	7	7	0.875	160221045.83344314	325623.7761547081	0.9085931520367012	-1.6436409266458865	204
half_step_2	1.6277269284519218	0.013168721300555741	1	0	0	0	160221045.83344314	250	0	0	0
full_step	1.614558207151366	0.014035537004855209	11	18	8	1.6363636363636365	160221045.83344314	325454.2108426247	0.9085931520367012	-1.6436409266458865	204
half_step_1	1.614558207151366	0.0070177685024276045	8	6	3	0.75	160221045.83344314	325655.1539364124	0.9085931520367012	-1.6436409266458865	204
half_step_2	1.6215759756537935	0.0070177685024276045	2	11	11	5.5	160221045.83344314	388680.27685568505	0	-1.8097046963303416	59
full_step	1.6285937441562213	0.07017768502427604	4	15	15	3.75	160221045.83344314	1150844.3605020123	0	-1.8260079315578925	58
full_step	1.6285937441562213	0.06484236963627318	4	15	15	3.75	160221045.83344314	1151112.5654998778	0	-1.8260079315578925	58
full_step	1.6285937441562213	0.059760136469204174	4	15	15	3.75	160221045.83344314	1151457.0361511067	0	-1.8260079315578925	58
full_step	1.6285937441562213	0.055022957892859936	4	15	15	3.75	160221045.83344314	1151877.8543060685	0	-1.8260079315578925	58
full_step	1.6285937441562213	0.05125953436546193	4	14	14	3.5	160221045.83344314	1152298.950482798	0	-1.8260079315578925	58
full_step	1.6285937441562213	0.047321039791059234	3	14	14	4.666666666666667	160221045.83344314	1152845.695314712	0	-1.8260079315578925	58
full_step	1.6285937441562213	0.04362145576391629	3	13	13	4.333333333333333	160221045.83344314	1153498.2411505512	0	-1.8260079315578925	58
full_step	1.6285937441562213	0.04064179122154062	3	16	14	5.333333333333333	160221045.83344314	1154171.5280888698	0	-1.8260079315578925	58
full_step	1.6285937441562213	0.038392800230965134	3	16	14	5.333333333333333	160221045.83344314	1154798.5105259232	0	-1.8260079315578925	58
full_step	1.6285937441562213	0.0358069007877778	4	18	16	4.5	160221045.83344314	1129671.5718297302	0	-1.8260079315578925	58
full_step	1.6285937441562213	0.03322775204557999	4	14	12	3.5	160221045.83344314	1068688.3298002847	0	-1.8260079315578925	58
full_step	1.6285937441562213	0.03099753204665017	4	14	12	3.5	160221045.83344314	1020921.419305069	0	-1.8260079315578925	58
full_step	1.6285937441562213	0.02929401474502815	4	14	12	3.5	160221045.83344314	987578.41634681	0	-1.8260079315578925	58
half_step_1	1.6285937441562213	0.014647007372514075	3	13	11	4.333333333333333	160221045.83344314	477912.3246848647	0	-1.8260079315578925	58
half_step_2	1.6432407515287353	0.014647007372514075	11	21	11	1.9090909090909092	160221045.83344314	426103.95534777857	0.8412026167243312	-1.5653248708470742	227
full_step	1.6578877589012495	0.08926240452950175	1	0	0	0	160221045.83344314	250	0	0	0
full_step	1.6578877589012495	0.0002180631691320201	1	0	0	0	160221045.83344314	250	0	0	0
half_step_1	1.6578877589012495	0.00010903158456601005	0	0	0	0	160221045.83344314	250	0	0	0
half_step_2	1.6579967904858155	0.00010903158456601005	0	0	0	0	160221045.83344314	250	0	0	0
full_step	1.6581058220703815	0.0010903158456601004	1	0	0	0	160221045.83344314	250	0	0	0
half_step_1	1.6581058220703815	0.0005451579228300502	0	0	0	0	160221045.83344314	250	0	0	0
half_step_2	1.6586509799932114	0.0005451579228300502	0	0	0	0	160221045.83344314	250	0	0	0
full_step	1.6591961379160416	0.0054515792283005024	1	0	0	0	160221045.83344314	250	0	0	0
full_step	1.6591961379160416	0.0029702488576436982	1	0	0	0	160221045.83344314	250	0	0	0
half_step_1	1.6591961379160416	0.0014851244288218491	0	0	0	0	160221045.83344314	250	0	0	0
half_step_2	1.6606812623448635	0.0014851244288218491	0	0	0	0	160221045.83344314	250	0	0	0
full_step	1.6621663867736853	0.01485124428821849	1	0	0	0	160221045.83344314	250	0	0	0
full_step	1.6621663867736853	0.0005500441014163801	1	0	0	0	160221045.83344314	250	0	0	0
half_step_1	1.6621663867736853	0.00027502205070819007	0	0	0	0	160221045.83344314	250	0	0	0
half_step_2	1.6624414088243935	0.00027502205070819007	0	0	0	0	160221045.83344314	250	0	0	0
full_step	1.6627164308751017	0.0027502205070819006	10	0	0	0	160221045.83344314	61908.117374746354	0	-1.959805216350954	58
half_step_1	1.6627164308751017	0.0013751102535409503	2	9	8	4.5	160221045.83344314	17917.965037701524	0	-1.959805216350954	58
half_step_2	1.6640915411286425	0.0013751102535409503	9	19	10	2.111111111111111	160221045.83344314	111401.32209486126	0.004662008628656622	-1.658720540363677	227
full_step	1.6654666513821836	0.013751102535409503	8	0	0	0	160221045.83344314	842210.0840862811	0	-1.6550870069140793	217
half_step_1	1.6654666513821836	0.006875551267704751	2	13	12	6.5	160221045.83344314	418987.99242112646	0	-1.6550870069140793	217
half_step_2	1.6723422026498884	0.006875551267704751	3	15	12	5	160221045.83344314	466673.65239316516	0	-1.8078856157813563	141
full_step	1.6792177539175932	0.06875551267704752	4	17	14	4.25	160221045.83344314	1209295.427078651	0	-1.8054294856693174	150
half_step_1	1.6792177539175932	0.03437775633852376	4	15	12	3.75	160221045.83344314	934125.432984237	0	-1.8054294856693174	150
half_step_2	1.713595510256117	0.03437775633852376	8	0	0	0	160221045.83344314	930866.2468178932	0	-1.7875857767976755	119
full_step	1.7479732665946408	0.091441094447518	1	0	0	0	160221045.83344314	250	0	0	0
full_step	1.7479732665946408	0.0002588657622059604	1	0	0	0	160221045.83344314	250	0	0	0
half_step_1	1.7479732665946408	0.0001294328811029802	0	0	0	0	160221045.83344314	250	0	0	0
half_step_2	1.7481026994757438	0.0001294328811029802	0	0	0	0	160221045.83344314	250	0	0	0
full_step	1.7482321323568468	0.0012943288110298019	1	0	0	0	160221045.83344314	250	0	0	0
half_step_1	1.7482321323568468	0.0006471644055149009	0	0	0	0	160221045.83344314	250	0	0	0
half_step_2	1.7488792967623616	0.0006471644055149009	0	0	0	0	160221045.83344314	250	0	0	0
full_step	1.7495264611678767	0.006471644055149009	1	0	0	0	160221045.83344314	250	0	0	0
full_step	1.7495264611678767	0.003091668187752484	1	0	0	0	160221045.83344314	250	0	0	0
half_step_1	1.7495264611678767	0.001545834093876242	0	0	0	0	160221045.83344314	250	0	0	0
half_step_2	1.751072295261753	0.001545834093876242	0	0	0	0	160221045.83344314	250	0	0	0
full_step	1.752618129355629	0.01545834093876242	1	0	0	0	160221045.83344314	250	0	0	0
full_step	1.752618129355629	0.0006612626813378328	1	0	0	0	160221045.83344314	250	0	0	0
half_step_1	1.752618129355629	0.0003306313406689164	0	0	0	0	160221045.83344314	250	0	0	0
half_step_2	1.7529487606962981	0.0003306313406689164	0	0	0	0	160221045.83344314	250	0	0	0
full_step	1.753279392036967	0.0033063134066891636	1	0	0	0	160221045.83344314	250	0	0	0
full_step	1.753279392036967	0.0010902253292392737	1	0	0	0	160221045.83344314	250	0	0	0
half_step_1	1.753279392036967	0.0005451126646196368	0	0	0	0	160221045.83344314	250	0	0	0
half_step_2	1.7538245047015866	0.0005451126646196368	5	0	0	0	160221045.83344314	3376.0048118693066	0	-1.7681375670558328	119
full_step	1.7543696173662062	0.005451126646196368	11	19	10	1.7272727272727273	160221045.83344314	383177.9768301163	0.031059116088727023	-1.6520584475193008	127
half_step_1	1.7543696173662062	0.002725563323098184	9	10	10	1.1111111111111112	160221045.83344314	368271.6170396951	0.031059116088727023	-1.6520584475193008	127
half_step_2	1.7570951806893045	0.002725563323098184	2	9	9	4.5	160221045.83344314	243005.04031259098	0	-1.6804903464519405	121
full_step	1.7598207440124025	0.02725563323098184	6	0	0	0	160221045.83344314	1009918.1882909432	0	-1.6960144192904323	126
half_step_1	1.7598207440124025	0.01362781661549092	2	0	0	0	160221045.83344314	677539.4089603942	0	-1.6960144192904323	126
half_step_2	1.7734485606278934	0.01362781661549092	3	15	13	5	160221045.83344314	516996.9548570715	0	-1.7965889734064766	129
full_step	1.7870763772433844	0.1	10	25	9	2.5	160221045.83344314	1162079.6228832558	0.23232784894207725	-1.6514108599359676	123
half_step_1	1.7870763772433844	0.05	10	44	12	4.4	160221045.83344314	1164183.654917967	0.23232784894207725	-1.6514108599359676	123
half_step_2	1.8370763772433845	0.05	1	0	0	0	160221045.83344314	250	0	0	0
full_step	1.7870763772433844	0.05063893709065706	11	35	11	3.1818181818181817	160221045.83344314	1164086.8037654704	0.23232784894207725	-1.6514108599359676	123
half_step_1	1.7870763772433844	0.02531946854532853	9	32	11	3.5555555555555554	160221045.83344314	962791.112830537	0.23232784894207725	-1.6514108599359676	123
half_step_2	1.812395845788713	0.02531946854532853	1	0	0	0	160221045.83344314	250	0	0	0
full_step	1.7870763772433844	0.02593637598787228	11	30	9	2.727272727272727	160221045.83344314	974352.0877156086	0.23232784894207725	-1.6514108599359676	123
half_step_1	1.7870763772433844	0.01296818799393614	8	14	6	1.75	160221045.83344314	665677.2671436005	0.23232784894207725	-1.6514108599359676	123
half_step_2	1.8000445652373205	0.01296818799393614	3	17	15	5.666666666666667	160221045.83344314	246573.1519691034	0	-1.8216540380163355	77
full_step	1.8130127532312568	0.1	7	0	0	0	160221045.83344314	1192214.3871906525	0	-1.6838896242881702	138
half_step_1	1.8130127532312568	0.05	7	0	0	0	160221045.83344314	800606.0555031956	0	-1.6838896242881702	138
half_step_2	1.8630127532312568	0.05	1	0	0	0	160221045.83344314	250	0	0	0
full_step	1.8130127532312568	0.05061843631790589	8	0	0	0	160221045.83344314	800560.0316974771	0	-1.6838896242881702	138
half_step_1	1.8130127532312568	0.025309218158952946	6	0	0	0	160221045.83344314	805590.297307454	0	-1.6838896242881702	138
half_step_2	1.8383219713902097	0.025309218158952946	1	0	0	0	160221045.83344314	250	0	0	0
full_step	1.8130127532312568	0.02593510482599715	8	0	0	0	160221045.83344314	805314.2733713482	0	-1.6838896242881702	138
half_step_1	1.8130127532312568	0.012967552412998575	6	0	0	0	160221045.83344314	593812.6445341401	0	-1.6838896242881702	138
half_step_2	1.8259803056442554	0.012967552412998575	3	16	14	5.333333333333333	160221045.83344314	372825.4699752253	0	-1.9641902733281769	44
full_step	1.838947858057254	0.1	8	0	0	0	160221045.83344314	2857075.687485142	0	-1.7780242850866992	120
half_step_1	1.838947858057254	0.05	7	0	0	0	160221045.83344314	1645886.5323590366	0	-1.7780242850866992	120
half_step_2	1.888947858057254	0.05	1	0	0	0	160221045.83344314	250	0	0	0
full_step	1.838947858057254	0.05048146146874688	7	0	0	0	160221045.83344314	1645786.8975069928	0	-1.7780242850866992	120
half_step_1	1.838947858057254	0.02524073073437344	6	0	0	0	160221045.83344314	1008477.524337913	0	-1.7780242850866992	120
half_step_2	1.8641885887916274	0.02524073073437344	1	0	0	0	160221045.83344314	250	0	0	0
full_step	1.838947858057254	0.025800883669342908	8	0	0	0	160221045.83344314	1048176.6762714435	0	-1.7780242850866992	120
half_step_1	1.838947858057254	0.012900441834671454	7	0	0	0	160221045.83344314	327111.8318289167	0	-1.7780242850866992	120
half_step_2	1.8518482998919255	0.012900441834671454	1	0	0	0	160221045.83344314	250	0	0	0
full_step	1.838947858057254	0.013545116934571007	9	0	0	0	160221045.83344314	360883.3157857512	0	-1.7780242850866992	120
half_step_1	1.838947858057254	0.006772558467285503	2	13	13	6.5	160221045.83344314	387033.60451840697	0	-1.7780242850866992	120
half_step_2	1.8457204165245396	0.006772558467285503	3	17	15	5.666666666666667	160221045.83344314	69167.61961338327	0	-1.7865285221361638	107
full_step	1.852492974991825	0.06772558467285503	10	14	8	1.4	160221045.83344314	772208.7559583699	1.4891979690746666	-1.493376191978313	184
half_step_1	1.852492974991825	0.033862792336427514	10	16	8	1.6	160221045.83344314	507024.56818537	1.4891979690746666	-1.493376191978313	184
half_step_2	1.8863557673282525	0.033862792336427514	1	0	0	0	160221045.83344314	250	0	0	0
full_step	1.852492974991825	0.03483747489370478	12	23	9	1.9166666666666667	160221045.83344314	506868.38026395603	1.4891979690746666	-1.493376191978313	184
half_step_1	1.852492974991825	0.01741873744685239	8	11	8	1.375	160221045.83344314	512465.3619478915	1.4891979690746666	-1.493376191978313	184
half_step_2	1.8699117124386775	0.01741873744685239	1	0	0	0	160221045.83344314	250	0	0	0
full_step	1.852492974991825	0.018320233327844423	11	12	9	1.0909090909090908	160221045.83344314	511787.2124756237	1.4891979690746666	-1.493376191978313	184
half_step_1	1.852492974991825	0.009160116663922212	5	7	7	1.4	160221045.83344314	2437354.408887154	1.4891979690746666	-1.493376191978313	184
half_step_2	1.8616530916557472	0.009160116663922212	1	0	0	0	160221045.83344314	250	0	0	0
full_step	1.852492974991825	0.010148078255467617	11	11	7	1	160221045.83344314	651666.3678906922	1.4891979690746666	-1.493376191978313	184
half_step_1	1.852492974991825	0.005074039127733809	6	4	4	0.6666666666666666	160221045.83344314	264975.9328826689	1.4891979690746666	-1.493376191978313	184
half_step_2	1.8575670141195588	0.005074039127733809	2	15	15	7.5	160221045.83344314	264413.29498839803	0	-1.7134537973367412	194
full_step	1.8626410532472928	0.050740391277338086	8	0	0	0	160221045.83344314	2452700.6505153943	0	-1.6583263606972607	282
half_step_1	1.8626410532472928	0.025370195638669043	9	0	0	0	160221045.83344314	826033.6706542679	0	-1.6583263606972607	282
half_step_2	1.8880112488859617	0.025370195638669043	1	0	0	0	160221045.83344314	250	0	0	0
full_step	1.8626410532472928	0.02648069744025223	10	0	0	0	160221045.83344314	825550.8067117988	0	-1.6583263606972607	282
half_step_1	1.8626410532472928	0.013240348720126116	9	0	0	0	160221045.83344314	1591593.9766094303	0	-1.6583263606972607	282
half_step_2	1.8758814019674188	0.013240348720126116	1	0	0	0	160221045.83344314	250	0	0	0
full_step	1.8626410532472928	0.014332398124655988	10	0	0	0	160221045.83344314	1249121.387134804	0	-1.6583263606972607	282
half_step_1	1.8626410532472928	0.007166199062327994	9	3	3	0.3333333333333333	160221045.83344314	377975.1513307725	0	-1.6583263606972607	282
half_step_2	1.8698072523096207	0.007166199062327994	3	14	11	4.666666666666667	160221045.83344314	448429.50159783335	0	-1.877065889591182	106
full_step	1.8769734513719487	0.07166199062327994	10	0	0	0	160221045.83344314	1242793.444652672	0	-1.7195517710352957	217
half_step_1	1.8769734513719487	0.03583099531163997	8	0	0	0	160221045.83344314	1247636.2693994245	0	-1.7195517710352957	217
half_step_2	1.9128044466835887	0.03583099531163997	1	0	0	0	160221045.83344314	250	0	0	0
full_step	1.8769734513719487	0.03678401212538362	8	0	0	0	160221045.83344314	1247336.6490689842	0	-1.7195517710352957	217
half_step_1	1.8769734513719487	0.01839200606269181	8	0	0	0	160221045.83344314	856486.9099999398	0	-1.7195517710352957	217
half_step_2	1.8953654574346406	0.01839200606269181	1	0	0	0	160221045.83344314	250	0	0	0
full_step	1.8769734513719487	0.0193244573469142	9	0	0	0	160221045.83344314	898592.009284758	0	-1.7195517710352957	217
half_step_1	1.8769734513719487	0.0096622286734571	8	0	0	0	160221045.83344314	378379.9515536315	0	-1.7195517710352957	217
half_step_2	1.8866356800454058	0.0096622286734571	1	0	0	0	160221045.83344314	250	0	0	0
full_step	1.8769734513719487	0.010832996515566209	9	0	0	0	160221045.83344314	774853.9069842624	0	-1.7195517710352957	217
half_step_1	1.8769734513719487	0.005416498257783104	6	0	0	0	160221045.83344314	380058.3051415408	0	-1.7195517710352957	217
half_step_2	1.8823899496297318	0.005416498257783104	2	16	16	8	160221045.83344314	387049.88980375236	0	-1.752810326535909	174
full_step	1.887806447887515	0.05416498257783105	6	0	0	0	160221045.83344314	808303.8977650119	0	-1.7479196927278036	169
half_step_1	1.887806447887515	0.027082491288915524	4	0	0	0	160221045.83344314	812924.365453507	0	-1.7479196927278036	169
half_step_2	1.9148889391764305	0.027082491288915524	1	0	0	0	160221045.83344314	250	0	0	0
full_step	1.887806447887515	0.027897321085067924	5	0	0	0	160221045.83344314	812609.3134417296	0	-1.7479196927278036	169
half_step_1	1.887806447887515	0.013948660542533962	3	0	0	0	160221045.83344314	396520.2412114118	0	-1.7479196927278036	169
half_step_2	1.9017551084300488	0.013948660542533962	1	0	0	0	160221045.83344314	250	0	0	0
full_step	1.887806447887515	0.014933210322030741	5	0	0	0	160221045.83344314	395818.11140734394	0	-1.7479196927278036	169
half_step_1	1.887806447887515	0.007466605161015371	5	0	0	0	160221045.83344314	187046.12954179547	0	-1.7479196927278036	169
half_step_2	1.8952730530485302	0.007466605161015371	2	13	13	6.5	160221045.83344314	541937.9824247602	0	-1.7733736388894719	157
full_step	1.9027396582095457	0.0746660516101537	2	0	0	0	160221045.83344314	803763.6146797279	0	-1.7984805624867433	62
half_step_1	1.9027396582095457	0.03733302580507685	2	0	0	0	160221045.83344314	805938.9115491165	0	-1.7984805624867433	62
half_step_2	1.9400726840146225	0.03733302580507685	11	35	10	3.1818181818181817	160221045.83344314	391200.3968946701	0.24287421181361424	-1.6489743904988434	191
full_step	1.9774057098196993	0.09999999999999987	1	0	0	0	160221045.83344314	250	0	0	0
full_step	1.9774057098196993	0.00023248305099811387	1	0	0	0	160221045.83344314	250	0	0	0
half_step_1	1.9774057098196993	0.00011624152549905694	0	0	0	0	160221045.83344314	250	0	0	0
half_step_2	1.9775219513451985	0.00011624152549905694	0	0	0	0	160221045.83344314	250	0	0	0
full_step	1.9776381928706974	0.0011624152549905694	1	0	0	0	160221045.83344314	250	0	0	0
half_step_1	1.9776381928706974	0.0005812076274952847	0	0	0	0	160221045.83344314	250	0	0	0
half_step_2	1.9782194004981928	0.0005812076274952847	0	0	0	0	160221045.83344314	250	0	0	0
full_step	1.978800608125688	0.005812076274952847	1	0	0	0	160221045.83344314	250	0	0	0
full_step	1.978800608125688	0.0030896475060807455	1	0	0	0	160221045.83344314	250	0	0	0
half_step_1	1.978800608125688	0.0015448237530403728	0	0	0	0	160221045.83344314	250	0	0	0
half_step_2	1.9803454318787284	0.0015448237530403728	0	0	0	0	160221045.83344314	250	0	0	0
full_step	1.9818902556317686	0.015448237530403728	1	0	0	0	160221045.83344314	250	0	0	0
full_step	1.9818902556317686	0.0005853077748015332	1	0	0	0	160221045.83344314	250	0	0	0
half_step_1	1.9818902556317686	0.0002926538874007666	0	0	0	0	160221045.83344314	250	0	0	0
half_step_2	1.9821829095191694	0.0002926538874007666	0	0	0	0	160221045.83344314	250	0	0	0
full_step	1.98247556340657	0.002926538874007666	1	0	0	0	160221045.83344314	250	0	0	0
full_step	1.98247556340657	0.0011614263061243172	1	0	0	0	160221045.83344314	250	0	0	0
half_step_1	1.98247556340657	0.0005807131530621586	0	0	0	0	160221045.83344314	250	0	0	0
half_step_2	1.9830562765596322	0.0005807131530621586	6	0	0	0	160221045.83344314	20313.332372652443	0	-1.8608527825722696	115
full_step	1.9836369897126944	0.005807131530621586	12	0	0	0	160221045.83344314	478580.7196264482	0	-1.6748707458497138	191
half_step_1	1.9836369897126944	0.002903565765310793	8	0	0	0	160221045.83344314	375167.17965225206	0	-1.6748707458497138	191
half_step_2	1.9865405554780051	0.002903565765310793	2	12	11	6	160221045.83344314	182691.42462149804	0	-1.6771457456665058	187
full_step	1.989444121243316	0.02903565765310793	9	3	3	0.3333333333333333	160221045.83344314	1983919.589819349	0	-1.671698080429287	251
half_step_1	1.989444121243316	0.014517828826553964	7	3	3	0.42857142857142855	160221045.83344314	4674056.649214798	0	-1.671698080429287	251
half_step_2	2.00396195006987	0.014517828826553964	1	0	0	0	160221045.83344314	250	0	0	0
full_step	1.989444121243316	0.015580330277736764	9	0	0	0	160221045.83344314	2267110.0572702573	0	-1.671698080429287	251
half_step_1	1.989444121243316	0.007790165138868382	7	0	0	0	160221045.83344314	379062.875341385	0	-1.671698080429287	251
half_step_2	1.9972342863821844	0.007790165138868382	3	14	12	4.666666666666667	160221045.83344314	305977.33232250856	0	-1.9056757095633587	59
full_step	2.0050244515210527	0.06371369711955506	8	0	0	0	160221045.83344314	1569244.5658598205	0	-1.7468146163788303	196
half_step_1	2.0050244515210527	0.03185684855977753	7	0	0	0	160221045.83344314	1577343.1866426	0	-1.7468146163788303	196
half_step_2	2.03688130008083	0.03185684855977753	1	0	0	0	160221045.83344314	250	0	0	0
full_step	2.0050244515210527	0.03274829079514937	8	0	0	0	160221045.83344314	1576858.8343433053	0	-1.7468146163788303	196
half_step_1	2.0050244515210527	0.016374145397574685	9	0	0	0	160221045.83344314	793457.3871943766	0	-1.7468146163788303	196
half_step_2	2.0213985969186274	0.016374145397574685	1	0	0	0	160221045.83344314	250	0	0	0
full_step	2.0050244515210527	0.017314208977283946	9	0	0	0	160221045.83344314	792489.7631313746	0	-1.7468146163788303	196
half_step_1	2.0050244515210527	0.008657104488641973	6	0	0	0	160221045.83344314	1358141.4840507586	0	-1.7468146163788303	196
half_step_2	2.013681556009695	0.008657104488641973	1	0	0	0	160221045.83344314	250	0	0	0
full_step	2.0050244515210527	0.00973189958502961	7	0	0	0	160221045.83344314	1781059.3921644404	0	-1.7468146163788303	196
half_step_1	2.0050244515210527	0.004865949792514805	6	0	0	0	160221045.83344314	379458.19917272194	0	-1.7468146163788303	196
half_step_2	2.0098904013135677	0.004865949792514805	2	13	12	6.5	160221045.83344314	529608.4851674468	0	-1.7556685105980268	147
full_step	2.014756351106082	0.04754213721225368	6	0	0	0	160221045.83344314	1140218.5484240132	0	-1.6886537420191425	144
half_step_1	2.014756351106082	0.02377106860612684	5	0	0	0	160221045.83344314	1148552.982902409	0	-1.6886537420191425	144
half_step_2	2.038527419712209	0.02377106860612684	1	0	0	0	160221045.83344314	250	0	0	0
full_step	2.014756351106082	0.02439771130654925	6	0	0	0	160221045.83344314	1148085.903112242	0	-1.6886537420191425	144
half_step_1	2.014756351106082	0.012198855653274625	4	0	0	0	160221045.83344314	876504.6190454261	0	-1.6886537420191425	144
half_step_2	2.026955206759357	0.012198855653274625	2	11	11	5.5	160221045.83344314	411787.5080947341	0	-1.9634975270610588	74
full_step	2.0391540624126314	0.1	7	0	0	0	160221045.83344314	1953545.4547294765	0	-1.7283032269171448	161
half_step_1	2.0391540624126314	0.05	6	0	0	0	160221045.83344314	1958613.1757224665	0	-1.7283032269171448	161
half_step_2	2.0891540624126312	0.05	1	0	0	0	160221045.83344314	250	0	0	0
full_step	2.0391540624126314	0.050604778321645984	7	0	0	0	160221045.83344314	1958461.2849283698	0	-1.7283032269171448	161
half_step_1	2.0391540624126314	0.025302389160822992	8	0	0	0	160221045.83344314	962662.8599161054	0	-1.7283032269171448	161
half_step_2	2.0644564515734545	0.025302389160822992	1	0	0	0	160221045.83344314	250	0	0	0
full_step	2.0391540624126314	0.025960989461091537	9	0	0	0	160221045.83344314	973537.5329170094	0	-1.7283032269171448	161
half_step_1	2.0391540624126314	0.012980494730545768	7	0	0	0	160221045.83344314	588142.2826931763	0	-1.7283032269171448	161
half_step_2	2.052134557143177	0.012980494730545768	1	0	0	0	160221045.83344314	250	0	0	0
full_step	2.0391540624126314	0.013714234401893628	9	0	0	0	160221045.83344314	611788.0777937993	0	-1.7283032269171448	161
half_step_1	2.0391540624126314	0.006857117200946814	2	0	0	0	160221045.83344314	387672.24404331244	0	-1.7283032269171448	161
half_step_2	2.0460111796135783	0.006857117200946814	2	14	13	7	160221045.83344314	790385.1436100898	0	-1.743591491157093	128
full_step	2.052868296814525	0.06857117200946813	12	28	9	2.3333333333333335	160221045.83344314	790614.6654806128	0.21407325538348232	-1.6508602271546182	225
half_step_1	2.052868296814525	0.03428558600473407	11	35	9	3.1818181818181817	160221045.83344314	793494.6781694242	0.21407325538348232	-1.6508602271546182	225
half_step_2	2.0871538828192593	0.03428558600473407	1	0	0	0	160221045.83344314	250	0	0	0
full_step	2.052868296814525	0.03515205205780513	15	46	10	3.066666666666667	160221045.83344314	793313.8259382561	0.21407325538348232	-1.6508602271546182	225
half_step_1	2.052868296814525	0.017576026028902566	9	15	8	1.6666666666666667	160221045.83344314	768364.2400388517	0.21407325538348232	-1.6508602271546182	225
half_step_2	2.0704443228434277	0.017576026028902566	1	0	0	0	160221045.83344314	250	0	0	0
full_step	2.052868296814525	0.0184503560038311	10	20	9	2	160221045.83344314	801385.3622495481	0.21407325538348232	-1.6508602271546182	225
half_step_1	2.052868296814525	0.00922517800191555	8	13	9	1.625	160221045.83344314	387676.14319785935	0.21407325538348232	-1.6508602271546182	225
half_step_2	2.062093474816441	0.00922517800191555	1	0	0	0	160221045.83344314	250	0	0	0
full_step	2.052868296814525	0.010239140591867937	10	20	8	2	160221045.83344314	1243851.1151801383	0.21407325538348232	-1.6508602271546182	225
half_step_1	2.052868296814525	0.005119570295933969	6	9	9	1.5	160221045.83344314	388894.57161849353	0.21407325538348232	-1.6508602271546182	225
half_step_2	2.0579878671104592	0.005119570295933969	2	13	12	6.5	160221045.83344314	408824.90910347627	0	-1.7260760790735656	201
full_step	2.063107437406393	0.05119570295933969	7	0	0	0	160221045.83344314	1162844.3598223957	0	-1.6921247898886649	175
half_step_1	2.063107437406393	0.025597851479669843	6	0	0	0	160221045.83344314	822101.4223902501	0	-1.6921247898886649	175
half_step_2	2.0887052888860627	0.025597851479669843	1	0	0	0	160221045.83344314	250	0	0	0
full_step	2.063107437406393	0.026491150610165	7	0	0	0	160221045.83344314	821445.0917633908	0	-1.6921247898886649	175
half_step_1	2.063107437406393	0.0132455753050825	7	0	0	0	160221045.83344314	985477.0597141373	0	-1.6921247898886649	175
half_step_2	2.0763530127114755	0.0132455753050825	1	0	0	0	160221045.83344314	250	0	0	0
full_step	2.063107437406393	0.014141874658973947	8	0	0	0	160221045.83344314	1064716.6606716507	0	-1.6921247898886649	175
half_step_1	2.063107437406393	0.0070709373294869735	6	0	0	0	160221045.83344314	381760.14128320763	0	-1.6921247898886649	175
half_step_2	2.07017837473588	0.0070709373294869735	3	17	16	5.666666666666667	160221045.83344314	346090.0567267544	0	-1.773655514043107	54
full_step	2.077249312065367	0.07070937329486973	11	18	7	1.6363636363636365	160221045.83344314	1179554.0448423035	0.23162502395098272	-1.6481124184893872	190
half_step_1	2.077249312065367	0.035354686647434866	10	22	7	2.2	160221045.83344314	1175907.5778228547	0.23162502395098272	-1.6481124184893872	190
half_step_2	2.112603998712802	0.035354686647434866	1	0	0	0	160221045.83344314	250	0	0	0
full_step	2.077249312065367	0.03625443541809481	12	31	9	2.5833333333333335	160221045.83344314	1184008.8832691787	0.23162502395098272	-1.6481124184893872	190
half_step_1	2.077249312065367	0.018127217709047405	11	40	11	3.6363636363636362	160221045.83344314	839897.4201263848	0.23162502395098272	-1.6481124184893872	190
half_step_2	2.0953765297744145	0.018127217709047405	1	0	0	0	160221045.83344314	250	0	0	0
full_step	2.077249312065367	0.019032660656413375	13	36	10	2.769230769230769	160221045.83344314	860060.6650248332	0.23162502395098272	-1.6481124184893872	190
half_step_1	2.077249312065367	0.009516330328206687	9	12	8	1.3333333333333333	160221045.83344314	390181.8153172874	0.23162502395098272	-1.6481124184893872	190
half_step_2	2.0867656423935736	0.009516330328206687	1	0	0	0	160221045.83344314	250	0	0	0
full_step	2.077249312065367	0.01062169645701594	9	7	7	0.7777777777777778	160221045.83344314	389958.65729095606	0.23162502395098272	-1.6481124184893872	190
half_step_1	2.077249312065367	0.00531084822850797	7	10	10	1.4285714285714286	160221045.83344314	393170.2154361155	0.23162502395098272	-1.6481124184893872	190
half_step_2	2.082560160293875	0.00531084822850797	2	17	17	8.5	160221045.83344314	386212.6880319618	0	-1.730310990047829	176
full_step	2.087871008522383	0.0531084822850797	10	3	3	0.3	160221045.83344314	770028.3271315498	0	-1.6998474342943513	189
half_step_1	2.087871008522383	0.02655424114253985	8	0	0	0	160221045.83344314	774440.5342237857	0	-1.6998474342943513	189
half_step_2	2.1144252496649227	0.02655424114253985	1	0	0	0	160221045.83344314	250	0	0	0
full_step	2.087871008522383	0.02754465916939901	9	0	0	0	160221045.83344314	774076.9288719742	0	-1.6998474342943513	189
half_step_1	2.087871008522383	0.013772329584699506	9	0	0	0	160221045.83344314	784462.3974692448	0	-1.6998474342943513	189
half_step_2	2.1016433381070825	0.013772329584699506	1	0	0	0	160221045.83344314	250	0	0	0
full_step	2.087871008522383	0.014900575622813208	9	0	0	0	160221045.83344314	782841.5041257227	0	-1.6998474342943513	189
half_step_1	2.087871008522383	0.007450287811406604	6	0	0	0	160221045.83344314	2148044.512426787	0	-1.6998474342943513	189
half_step_2	2.0953212963337897	0.007450287811406604	3	11	11	3.6666666666666665	160221045.83344314	1453006.6342282614	0	-1.7774299532702356	150
full_step	2.1027715841451964	0.07450287811406604	8	0	0	0	160221045.83344314	1472784.3013068242	0	-1.8199652151128518	145
half_step_1	2.1027715841451964	0.03725143905703302	7	0	0	0	160221045.83344314	1152595.3183896374	0	-1.8199652151128518	145
half_step_2	2.1400230232022293	0.03725143905703302	1	0	0	0	160221045.83344314	250	0	0	0
full_step	2.1027715841451964	0.038002730720390364	8	0	0	0	160221045.83344314	1152261.9432976628	0	-1.8199652151128518	145
half_step_1	2.1027715841451964	0.019001365360195182	8	0	0	0	160221045.83344314	1098622.9047560254	0	-1.8199652151128518	145
half_step_2	2.1217729495053916	0.019001365360195182	1	0	0	0	160221045.83344314	250	0	0	0
full_step	2.1027715841451964	0.01986849329966383	8	0	0	0	160221045.83344314	1131230.3013638468	0	-1.8199652151128518	145
half_step_1	2.1027715841451964	0.009934246649831915	7	0	0	0	160221045.83344314	595872.4814374408	0	-1.8199652151128518	145
half_step_2	2.1127058307950284	0.009934246649831915	1	0	0	0	160221045.83344314	250	0	0	0
full_step	2.1027715841451964	0.010878824101947319	8	0	0	0	160221045.83344314	637382.9775186451	0	-1.8199652151128518	145
half_step_1	2.1027715841451964	0.0054394120509736596	3	15	13	5	160221045.83344314	225600.35660843924	0	-1.8199652151128518	145
half_step_2	2.10821099619617	0.0054394120509736596	3	14	12	4.666666666666667	160221045.83344314	423867.872415875	0	-1.7070495844859275	210
full_step	2.113650408247144	0.0543941205097366	6	0	0	0	160221045.83344314	1552604.622733134	0	-1.7460676815812513	228
half_step_1	2.113650408247144	0.0271970602548683	4	0	0	0	160221045.83344314	1329136.8466736565	0	-1.7460676815812513	228
half_step_2	2.1408474685020122	0.0271970602548683	1	0	0	0	160221045.83344314	250	0	0	0
full_step	2.113650408247144	0.027659115222239995	6	0	0	0	160221045.83344314	1349603.381761978	0	-1.7460676815812513	228
half_step_1	2.113650408247144	0.013829557611119998	2	13	12	6.5	160221045.83344314	916718.2992144643	0	-1.7460676815812513	228
half_step_2	2.1274799658582637	0.013829557611119998	2	13	12	6.5	160221045.83344314	654435.0191180224	0	-1.8301980096197574	99
full_step	2.141309523469384	0.1	8	0	0	0	160221045.83344314	771824.0582708792	0	-1.6604092311857	193
half_step_1	2.141309523469384	0.05	6	0	0	0	160221045.83344314	772388.2770059711	0	-1.6604092311857	193
half_step_2	2.191309523469384	0.05	1	0	0	0	160221045.83344314	250	0	0	0
full_step	2.141309523469384	0.05063232162985353	7	0	0	0	160221045.83344314	772339.8183246752	0	-1.6604092311857	193
half_step_1	2.141309523469384	0.025316160814926766	6	0	0	0	160221045.83344314	777156.0171072084	0	-1.6604092311857	193
half_step_2	2.166625684284311	0.025316160814926766	1	0	0	0	160221045.83344314	250	0	0	0
full_step	2.141309523469384	0.025916303544828045	7	0	0	0	160221045.83344314	776900.7311416428	0	-1.6604092311857	193
half_step_1	2.141309523469384	0.012958151772414023	5	0	0	0	160221045.83344314	788159.059213783	0	-1.6604092311857	193
half_step_2	2.154267675241798	0.012958151772414023	2	11	11	5.5	160221045.83344314	773535.046647682	0	-1.8853461917199865	83
full_step	2.167225827014212	0.1	9	14	4	1.5555555555555556	160221045.83344314	3152837.043712702	0.05731832053788821	-1.6644132276752674	194
half_step_1	2.167225827014212	0.05	9	19	7	2.111111111111111	160221045.83344314	3068652.744825581	0.05731832053788821	-1.6644132276752674	194
half_step_2	2.217225827014212	0.05	1	0	0	0	160221045.83344314	250	0	0	0
full_step	2.167225827014212	0.050618952334356815	11	23	7	2.090909090909091	160221045.83344314	3083144.7796031153	0.05731832053788821	-1.6644132276752674	194
half_step_1	2.167225827014212	0.025309476167178407	8	15	9	1.875	160221045.83344314	2015876.1200767823	0.05731832053788821	-1.6644132276752674	194
half_step_2	2.1925353031813906	0.025309476167178407	1	0	0	0	160221045.83344314	250	0	0	0
full_step	2.167225827014212	0.026032010792244643	11	21	8	1.9090909090909092	160221045.83344314	2040184.122026854	0.05731832053788821	-1.6644132276752674	194
half_step_1	2.167225827014212	0.013016005396122321	9	20	8	2.2222222222222223	160221045.83344314	1146692.7169000506	0.05731832053788821	-1.6644132276752674	194
half_step_2	2.180241832410334	0.013016005396122321	1	0	0	0	160221045.83344314	250	0	0	0
full_step	2.167225827014212	0.013676752453598347	11	28	11	2.5454545454545454	160221045.83344314	1188059.445598631	0.05731832053788821	-1.6644132276752674	194
half_step_1	2.167225827014212	0.006838376226799173	7	16	7	2.2857142857142856	160221045.83344314	381697.28634511743	0.05731832053788821	-1.6644132276752674	194
half_step_2	2.174064203241011	0.006838376226799173	2	14	13	7	160221045.83344314	617535.4846333741	0	-1.7689030735171305	190
full_step	2.1809025794678103	0.06838376226799173	10	18	11	1.8	160221045.83344314	1081599.857794286	0.7867999996815342	-1.5877033366525213	177
half_step_1	2.1809025794678103	0.03419188113399586	10	30	11	3	160221045.83344314	650121.8280264444	0.7867999996815342	-1.5877033366525213	177
half_step_2	2.215094460601806	0.03419188113399586	1	0	0	0	160221045.83344314	250	0	0	0
full_step	2.1809025794678103	0.03494703757510082	13	35	8	2.6923076923076925	160221045.83344314	660034.4064656203	0.7867999996815342	-1.5877033366525213	177
half_step_1	2.1809025794678103	0.01747351878755041	9	8	8	0.8888888888888888	160221045.83344314	434693.8431658524	0.7867999996815342	-1.5877033366525213	177
half_step_2	2.198376098255361	0.01747351878755041	1	0	0	0	160221045.83344314	250	0	0	0
full_step	2.1809025794678103	0.018187452000616822	10	21	10	2.1	160221045.83344314	434482.8646880633	0.7867999996815342	-1.5877033366525213	177
half_step_1	2.1809025794678103	0.009093726000308411	7	10	6	1.4285714285714286	160221045.83344314	1329316.9776807858	0.7867999996815342	-1.5877033366525213	177
half_step_2	2.1899963054681186	0.009093726000308411	1	0	0	0	160221045.83344314	250	0	0	0
full_step	2.1809025794678103	0.010167630017524723	8	13	13	1.625	160221045.83344314	1340628.0466551413	0.7867999996815342	-1.5877033366525213	177
half_step_1	2.1809025794678103	0.005083815008762362	7	8	4	1.1428571428571428	160221045.83344314	434705.4851899978	0.7867999996815342	-1.5877033366525213	177
half_step_2	2.1859863944765725	0.005083815008762362	2	18	17	9	160221045.83344314	398322.68246946065	0	-1.6988719751130714	166
full_step	2.191070209485335	0.050838150087623615	8	2	2	0.25	160221045.83344314	2274560.05141344	0	-1.668650955696053	217
half_step_1	2.191070209485335	0.025419075043811808	8	0	0	0	160221045.83344314	1173899.4891983492	0	-1.668650955696053	217
half_step_2	2.216489284529147	0.025419075043811808	1	0	0	0	160221045.83344314	250	0	0	0
full_step	2.191070209485335	0.02646753456510492	9	0	0	0	160221045.83344314	1241830.2111585187	0	-1.668650955696053	217
half_step_1	2.191070209485335	0.01323376728255246	8	0	0	0	160221045.83344314	1257670.3956650607	0	-1.668650955696053	217
half_step_2	2.204303976767888	0.01323376728255246	1	0	0	0	160221045.83344314	250	0	0	0
full_step	2.191070209485335	0.014368684392442627	10	0	0	0	160221045.83344314	1220411.2635490207	0	-1.668650955696053	217
half_step_1	2.191070209485335	0.007184342196221313	8	0	0	0	160221045.83344314	389425.31900508667	0	-1.668650955696053	217
half_step_2	2.1982545516815564	0.007184342196221313	3	15	13	5	160221045.83344314	305557.0180677148	0	-1.7720616673702556	104
full_step	2.2054388938777776	0.07184342196221313	3	0	0	0	160221045.83344314	2470978.2386934464	0	-1.8101843402093207	120
full_step	2.2054388938777776	0.06776740891969826	3	0	0	0	160221045.83344314	2471588.0955086704	0	-1.8101843402093207	120
full_step	2.2054388938777776	0.0640734151551142	3	0	0	0	160221045.83344314	2472232.2573363367	0	-1.8101843402093207	120
half_step_1	2.2054388938777776	0.0320367075775571	2	0	0	0	160221045.83344314	2485989.8816360296	0	-1.8101843402093207	120
half_step_2	2.2374756014553348	0.0320367075775571	12	30	9	2.5	160221045.83344314	1205677.853781857	0.10234923290227016	-1.5545149816638124	280
full_step	2.269512309032892	0.1	1	0	0	0	160221045.83344314	250	0	0	0
full_step	2.269512309032892	0.0003451031495337334	1	0	0	0	160221045.83344314	250	0	0	0
half_step_1	2.269512309032892	0.0001725515747668667	0	0	0	0	160221045.83344314	250	0	0	0
half_step_2	2.2696848606076587	0.0001725515747668667	0	0	0	0	160221045.83344314	250	0	0	0
full_step	2.2698574121824255	0.001725515747668667	1	0	0	0	160221045.83344314	250	0	0	0
half_step_1	2.2698574121824255	0.0008627578738343335	0	0	0	0	160221045.83344314	250	0	0	0
half_step_2	2.27072017005626	0.0008627578738343335	0	0	0	0	160221045.83344314	250	0	0	0
full_step	2.271582927930094	0.008627578738343335	1	0	0	0	160221045.83344314	250	0	0	0
full_step	2.271582927930094	0.0030901288890853957	1	0	0	0	160221045.83344314	250	0	0	0
half_step_1	2.271582927930094	0.0015450644445426979	0	0	0	0	160221045.83344314	250	0	0	0
half_step_2	2.273127992374637	0.0015450644445426979	0	0	0	0	160221045.83344314	250	0	0	0
full_step	2.2746730568191795	0.01545064444542698	1	0	0	0	160221045.83344314	250	0	0	0
full_step	2.2746730568191795	0.0010056006277033365	1	0	0	0	160221045.83344314	250	0	0	0
half_step_1	2.2746730568191795	0.0005028003138516683	0	0	0	0	160221045.83344314	250	0	0	0
half_step_2	2.275175857133031	0.0005028003138516683	0	0	0	0	160221045.83344314	250	0	0	0
full_step	2.275678657446883	0.005028003138516682	1	0	0	0	160221045.83344314	250	0	0	0
full_step	2.275678657446883	0.001411900195754791	1	0	0	0	160221045.83344314	250	0	0	0
half_step_1	2.275678657446883	0.0007059500978773955	0	0	0	0	160221045.83344314	250	0	0	0
half_step_2	2.27638460754476	0.0007059500978773955	0	0	0	0	160221045.83344314	250	0	0	0
full_step	2.2770905576426377	0.007059500978773956	10	0	0	0	160221045.83344314	548274.2927058162	0	-1.75522830386652	158
half_step_1	2.2770905576426377	0.003529750489386978	10	0	0	0	160221045.83344314	402243.445918647	0	-1.75522830386652	158
half_step_2	2.2806203081320247	0.003529750489386978	2	3	3	1.5	160221045.83344314	381854.68994768494	0	-1.6816493530904446	161
full_step	2.2841500586214116	0.03529750489386978	9	0	0	0	160221045.83344314	2176072.161658269	0	-1.6455895521374146	256
half_step_1	2.2841500586214116	0.01764875244693489	9	0	0	0	160221045.83344314	959425.2708267657	0	-1.6455895521374146	256
half_step_2	2.3017988110683465	0.01764875244693489	1	0	0	0	160221045.83344314	250	0	0	0
full_step	2.2841500586214116	0.018638519798802412	9	0	0	0	160221045.83344314	933164.9773635961	0	-1.6455895521374146	256
half_step_1	2.2841500586214116	0.009319259899401206	8	0	0	0	160221045.83344314	381643.99242655915	0	-1.6455895521374146	256
half_step_2	2.293469318520813	0.009319259899401206	1	0	0	0	160221045.83344314	250	0	0	0
full_step	2.2841500586214116	0.010329847125373088	8	0	0	0	160221045.83344314	381633.7165654052	0	-1.6455895521374146	256
half_step_1	2.2841500586214116	0.005164923562686544	7	0	0	0	160221045.83344314	384759.33262637927	0	-1.6455895521374146	256
half_step_2	2.289314982184098	0.005164923562686544	2	12	12	6	160221045.83344314	122317.62045694579	0	-1.6934837565453793	184
full_step	2.2944799057467846	0.05164923562686544	4	0	0	0	160221045.83344314	818083.3446226885	0	-1.6969700368602996	195
half_step_1	2.2944799057467846	0.02582461781343272	2	3	3	1.5	160221045.83344314	823157.6444894029	0	-1.6969700368602996	195
half_step_2	2.3203045235602175	0.02582461781343272	3	12	10	4	160221045.83344314	2458379.2169259526	0	-1.968017876906678	36
full_step	2.34612914137365	0.1	1	0	0	0	160221045.83344314	250	0	0	0
full_step	2.34612914137365	0.00013233449432318694	1	0	0	0	160221045.83344314	250	0	0	0
half_step_1	2.34612914137365	6.616724716159347e-05	0	0	0	0	160221045.83344314	250	0	0	0
half_step_2	2.346195308620812	6.616724716159347e-05	0	0	0	0	160221045.83344314	250	0	0	0
full_step	2.346261475867973	0.0006616724716159348	1	0	0	0	160221045.83344314	250	0	0	0
half_step_1	2.346261475867973	0.0003308362358079674	0	0	0	0	160221045.83344314	250	0	0	0
half_step_2	2.3465923121037813	0.0003308362358079674	0	0	0	0	160221045.83344314	250	0	0	0
full_step	2.346923148339589	0.003308362358079674	1	0	0	0	160221045.83344314	250	0	0	0
full_step	2.346923148339589	0.002577735740963059	1	0	0	0	160221045.83344314	250	0	0	0
half_step_1	2.346923148339589	0.0012888678704815295	0	0	0	0	160221045.83344314	250	0	0	0
half_step_2	2.3482120162100704	0.0012888678704815295	0	0	0	0	160221045.83344314	250	0	0	0
full_step	2.349500884080552	0.012888678704815295	12	13	8	1.0833333333333333	160221045.83344314	3535703.220496532	0.006373770200298168	-1.6512750190111356	204
half_step_1	2.349500884080552	0.006444339352407648	11	18	7	1.6363636363636365	160221045.83344314	385520.51862093265	0.006373770200298168	-1.6512750190111356	204
half_step_2	2.3559452234329594	0.006444339352407648	3	13	12	4.333333333333333	160221045.83344314	659064.4225952179	0	-1.733032517826958	163
full_step	2.362389562785367	0.06444339352407648	8	0	0	0	160221045.83344314	2566945.7661061683	0	-1.6585582537519157	240
half_step_1	2.362389562785367	0.03222169676203824	7	0	0	0	160221045.83344314	1436810.9836532508	0	-1.6585582537519157	240
half_step_2	2.394611259547405	0.03222169676203824	1	0	0	0	160221045.83344314	250	0	0	0
full_step	2.362389562785367	0.033108410131806605	8	0	0	0	160221045.83344314	1452583.5709463365	0	-1.6585582537519157	240
half_step_1	2.362389562785367	0.016554205065903303	8	0	0	0	160221045.83344314	1851902.706936724	0	-1.6585582537519157	240
half_step_2	2.37894376785127	0.016554205065903303	1	0	0	0	160221045.83344314	250	0	0	0
full_step	2.362389562785367	0.017482285911620148	8	0	0	0	160221045.83344314	1587371.7119002591	0	-1.6585582537519157	240
half_step_1	2.362389562785367	0.008741142955810074	7	0	0	0	160221045.83344314	1236590.8822553076	0	-1.6585582537519157	240
half_step_2	2.371130705741177	0.008741142955810074	3	13	11	4.333333333333333	160221045.83344314	441341.3316882389	0	-1.9633749359889676	56
full_step	2.379871848696987	0.08741142955810074	11	31	9	2.8181818181818183	160221045.83344314	2785905.4250373	0.14601895933992637	-1.6460636583401211	238
half_step_1	2.379871848696987	0.04370571477905037	10	27	9	2.7	160221045.83344314	1193004.7802084067	0.14601895933992637	-1.6460636583401211	238
half_step_2	2.4235775634760373	0.04370571477905037	1	0	0	0	160221045.83344314	250	0	0	0
full_step	2.379871848696987	0.04454669814704273	11	28	11	2.5454545454545454	160221045.83344314	1192825.6263215942	0.14601895933992637	-1.6460636583401211	238
half_step_1	2.379871848696987	0.022273349073521364	9	10	7	1.1111111111111112	160221045.83344314	1201833.9629006872	0.14601895933992637	-1.6460636583401211	238
half_step_2	2.4021451977705084	0.022273349073521364	1	0	0	0	160221045.83344314	250	0	0	0
full_step	2.379871848696987	0.023058118124600884	10	9	9	0.9	160221045.83344314	1201165.2636923026	0.14601895933992637	-1.6460636583401211	238
half_step_1	2.379871848696987	0.011529059062300442	9	17	7	1.8888888888888888	160221045.83344314	1922360.5785884922	0.14601895933992637	-1.6460636583401211	238
half_step_2	2.3914009077592873	0.011529059062300442	1	0	0	0	160221045.83344314	250	0	0	0
full_step	2.379871848696987	0.012564950859672077	9	12	9	1.3333333333333333	160221045.83344314	3164197.861381083	0.14601895933992637	-1.6460636583401211	238
half_step_1	2.379871848696987	0.006282475429836038	11	31	9	2.8181818181818183	160221045.83344314	384381.76976869395	0.14601895933992637	-1.6460636583401211	238
half_step_2	2.386154324126823	0.006282475429836038	3	24	20	8	160221045.83344314	883983.9148408021	0	-1.7192421686351609	197
full_step	2.392436799556659	0.06282475429836039	8	0	0	0	160221045.83344314	3712106.451890827	0	-1.6778654563969102	242
half_step_1	2.392436799556659	0.031412377149180194	6	0	0	0	160221045.83344314	2813162.5741063785	0	-1.6778654563969102	242
half_step_2	2.4238491767058394	0.031412377149180194	1	0	0	0	160221045.83344314	250	0	0	0
full_step	2.392436799556659	0.032369694367189325	8	0	0	0	160221045.83344314	2530119.1093020714	0	-1.6778654563969102	242
half_step_1	2.392436799556659	0.016184847183594663	6	0	0	0	160221045.83344314	6290868.967238683	0	-1.6778654563969102	242
half_step_2	2.408621646740254	0.016184847183594663	1	0	0	0	160221045.83344314	250	0	0	0
full_step	2.392436799556659	0.017204000292029314	7	0	0	0	160221045.83344314	2805907.1537971264	0	-1.6778654563969102	242
half_step_1	2.392436799556659	0.008602000146014657	7	0	0	0	160221045.83344314	386077.70275963325	0	-1.6778654563969102	242
half_step_2	2.4010387997026736	0.008602000146014657	3	10	10	3.3333333333333335	160221045.83344314	818496.3623467123	0	-1.9261241328817265	78
full_step	2.4096407998486886	0.08602000146014657	9	0	0	0	160221045.83344314	2790097.964048592	0	-1.754435766050772	213
half_step_1	2.4096407998486886	0.043010000730073286	8	3	3	0.375	160221045.83344314	2059157.6375072626	0	-1.754435766050772	213
half_step_2	2.4526508005787617	0.043010000730073286	1	0	0	0	160221045.83344314	250	0	0	0
full_step	2.4096407998486886	0.04381369169392736	9	3	3	0.3333333333333333	160221045.83344314	2072076.4532072216	0	-1.754435766050772	213
half_step_1	2.4096407998486886	0.02190684584696368	8	0	0	0	160221045.83344314	1838552.7723077512	0	-1.754435766050772	213
half_step_2	2.431547645695652	0.02190684584696368	1	0	0	0	160221045.83344314	250	0	0	0
full_step	2.4096407998486886	0.02270436711464735	9	0	0	0	160221045.83344314	1843466.7474112476	0	-1.754435766050772	213
half_step_1	2.4096407998486886	0.011352183557323675	7	2	2	0.2857142857142857	160221045.83344314	2299436.7077786373	0	-1.754435766050772	213
half_step_2	2.420992983406012	0.011352183557323675	1	0	0	0	160221045.83344314	250	0	0	0
full_step	2.4096407998486886	0.012336275454977483	8	2	2	0.25	160221045.83344314	2350357.32905032	0	-1.754435766050772	213
half_step_1	2.4096407998486886	0.006168137727488742	7	0	0	0	160221045.83344314	388381.6442601804	0	-1.754435766050772	213
half_step_2	2.4158089375761773	0.006168137727488742	2	12	12	6	160221045.83344314	782941.0082789308	0	-1.6973858671439113	184
full_step	2.421977075303666	0.061681377274887414	6	0	0	0	160221045.83344314	759514.7801604036	0	-1.682088758118355	175
half_step_1	2.421977075303666	0.030840688637443707	4	0	0	0	160221045.83344314	762865.9313182508	0	-1.682088758118355	175
half_step_2	2.4528177639411095	0.030840688637443707	1	0	0	0	160221045.83344314	250	0	0	0
full_step	2.421977075303666	0.03125691014476517	6	0	0	0	160221045.83344314	762756.6315427631	0	-1.682088758118355	175
half_step_1	2.421977075303666	0.015628455072382585	3	0	0	0	160221045.83344314	771613.3456186481	0	-1.682088758118355	175
half_step_2	2.4376055303760484	0.015628455072382585	2	15	14	7.5	160221045.83344314	860596.7905180912	0	-1.8662330653483752	100
full_step	2.4532339854484313	0.09864486537707416	11	40	10	3.6363636363636362	160221045.83344314	1047611.0816286802	0.9675412316937582	-1.5132723319824282	211
half_step_1	2.4532339854484313	0.04932243268853708	8	15	7	1.875	160221045.83344314	673449.2540845087	0.9675412316937582	-1.5132723319824282	211
half_step_2	2.5025564181369684	0.04932243268853708	1	0	0	0	160221045.83344314	250	0	0	0
full_step	2.4532339854484313	0.05039927888917426	10	18	10	1.8	160221045.83344314	675518.5195498082	0.9675412316937582	-1.5132723319824282	211
half_step_1	2.4532339854484313	0.02519963944458713	7	7	7	1	160221045.83344314	784907.3866116808	0.9675412316937582	-1.5132723319824282	211
half_step_2	2.4784336248930185	0.02519963944458713	1	0	0	0	160221045.83344314	250	0	0	0
full_step	2.4532339854484313	0.02623335359377884	10	20	7	2	160221045.83344314	536895.1111759377	0.9675412316937582	-1.5132723319824282	211
half_step_1	2.4532339854484313	0.01311667679688942	7	7	4	1	160221045.83344314	425149.3559552859	0.9675412316937582	-1.5132723319824282	211
half_step_2	2.4663506622453206	0.01311667679688942	1	0	0	0	160221045.83344314	250	0	0	0
full_step	2.4532339854484313	0.014129145871073572	9	7	7	0.7777777777777778	160221045.83344314	484018.49915397324	0.9675412316937582	-1.5132723319824282	211
half_step_1	2.4532339854484313	0.007064572935536786	6	0	0	0	160221045.83344314	296660.01958835585	0.9675412316937582	-1.5132723319824282	211
half_step_2	2.4602985583839683	0.007064572935536786	2	15	15	7.5	160221045.83344314	387474.7123469425	0	-1.7434478952979615	59
full_step	2.467363131319505	0.07064572935536786	3	3	3	1	160221045.83344314	1986100.4650900469	0	-1.7540001636879499	171
half_step_1	2.467363131319505	0.03532286467768393	2	14	13	7	160221045.83344314	1531032.754646177	0	-1.7540001636879499	171
half_step_2	2.5026859959971888	0.03532286467768393	3	0	0	0	160221045.83344314	816472.4147382319	0	-1.7224625357705625	64
full_step	2.5380088606748727	0.1	1	0	0	0	160221045.83344314	250	0	0	0
full_step	2.5380088606748727	0.00020908625453247996	1	0	0	0	160221045.83344314	250	0	0	0
half_step_1	2.5380088606748727	0.00010454312726623998	0	0	0	0	160221045.83344314	250	0	0	0
half_step_2	2.538113403802139	0.00010454312726623998	0	0	0	0	160221045.83344314	250	0	0	0
full_step	2.538217946929405	0.0010454312726623997	1	0	0	0	160221045.83344314	250	0	0	0
half_step_1	2.538217946929405	0.0005227156363311998	0	0	0	0	160221045.83344314	250	0	0	0
half_step_2	2.5387406625657363	0.0005227156363311998	0	0	0	0	160221045.83344314	250	0	0	0
full_step	2.5392633782020675	0.005227156363311999	1	0	0	0	160221045.83344314	250	0	0	0
full_step	2.5392633782020675	0.002927417651139923	1	0	0	0	160221045.83344314	250	0	0	0
half_step_1	2.5392633782020675	0.0014637088255699615	0	0	0	0	160221045.83344314	250	0	0	0
half_step_2	2.5407270870276375	0.0014637088255699615	0	0	0	0	160221045.83344314	250	0	0	0
full_step	2.5421907958532075	0.014637088255699615	1	0	0	0	160221045.83344314	250	0	0	0
full_step	2.5421907958532075	0.0005027833193117298	1	0	0	0	160221045.83344314	250	0	0	0
half_step_1	2.5421907958532075	0.0002513916596558649	0	0	0	0	160221045.83344314	250	0	0	0
half_step_2	2.5424421875128633	0.0002513916596558649	0	0	0	0	160221045.83344314	250	0	0	0
full_step	2.542693579172519	0.0025139165965586486	12	0	0	0	160221045.83344314	23075.8901043995	0	-1.8715881851886789	63
half_step_1	2.542693579172519	0.0012569582982793243	4	0	0	0	160221045.83344314	6770.877009985333	0	-1.8715881851886789	63
half_step_2	2.5439505374707987	0.0012569582982793243	7	13	9	1.8571428571428572	160221045.83344314	107818.6284514511	0.1184728293101216	-1.6481882634087193	115
full_step	2.545207495769078	0.012569582982793242	3	13	12	4.333333333333333	160221045.83344314	696069.8173879862	0	-1.6461191110940343	121
half_step_1	2.545207495769078	0.006284791491396621	2	12	12	6	160221045.83344314	374837.4657109707	0	-1.6461191110940343	121
half_step_2	2.5514922872604746	0.006284791491396621	3	10	9	3.3333333333333335	160221045.83344314	586134.3926403101	0	-1.693120100455509	111
full_step	2.557777078751871	0.06284791491396621	10	30	9	3	160221045.83344314	1175206.894376128	0.056207290132078924	-1.6614830562785183	58
half_step_1	2.557777078751871	0.031423957456983106	8	21	11	2.625	160221045.83344314	394303.0430111515	0.056207290132078924	-1.6614830562785183	58
half_step_2	2.5892010362088542	0.031423957456983106	1	0	0	0	160221045.83344314	250	0	0	0
full_step	2.557777078751871	0.032129272170149305	9	23	11	2.5555555555555554	160221045.83344314	1180158.2522991404	0.056207290132078924	-1.6614830562785183	58
half_step_1	2.557777078751871	0.016064636085074652	9	31	8	3.4444444444444446	160221045.83344314	1171964.968310336	0.056207290132078924	-1.6614830562785183	58
half_step_2	2.5738417148369455	0.016064636085074652	1	0	0	0	160221045.83344314	250	0	0	0
full_step	2.557777078751871	0.016770505562064383	8	10	5	1.25	160221045.83344314	1191700.8216391949	0.056207290132078924	-1.6614830562785183	58
half_step_1	2.557777078751871	0.008385252781032191	7	17	9	2.4285714285714284	160221045.83344314	380932.2588490974	0.056207290132078924	-1.6614830562785183	58
half_step_2	2.566162331532903	0.008385252781032191	3	17	16	5.666666666666667	160221045.83344314	193835.28861563146	0	-1.737991897696754	62
full_step	2.5745475843139354	0.08385252781032192	12	19	10	1.5833333333333333	160221045.83344314	1175026.6557344152	1.267071816502721	-1.6409633473974146	157
half_step_1	2.5745475843139354	0.04192626390516096	8	13	9	1.625	160221045.83344314	1178039.4867016433	1.267071816502721	-1.6409633473974146	157
half_step_2	2.6164738482190963	0.04192626390516096	1	0	0	0	160221045.83344314	250	0	0	0
full_step	2.5745475843139354	0.0427326737750051	13	27	8	2.076923076923077	160221045.83344314	1177894.4832803886	1.267071816502721	-1.6409633473974146	157
half_step_1	2.5745475843139354	0.02136633688750255	7	0	0	0	160221045.83344314	395591.695781167	1.267071816502721	-1.6409633473974146	157
half_step_2	2.5959139212014377	0.02136633688750255	1	0	0	0	160221045.83344314	250	0	0	0
full_step	2.5745475843139354	0.022113135001559855	12	21	7	1.75	160221045.83344314	395394.3186654732	1.267071816502721	-1.6409633473974146	157
half_step_1	2.5745475843139354	0.011056567500779928	8	0	0	0	160221045.83344314	373282.6945517481	1.267071816502721	-1.6409633473974146	157
half_step_2	2.5856041518147155	0.011056567500779928	1	0	0	0	160221045.83344314	250	0	0	0
full_step	2.5745475843139354	0.01200209017998604	9	8	8	0.8888888888888888	160221045.83344314	2738907.4206204317	1.267071816502721	-1.6409633473974146	157
half_step_1	2.5745475843139354	0.00600104508999302	6	0	0	0	160221045.83344314	365675.56755607086	1.267071816502721	-1.6409633473974146	157
half_step_2	2.5805486294039284	0.00600104508999302	3	13	11	4.333333333333333	160221045.83344314	449824.49081156874	0	-1.694428188387585	96
full_step	2.5865496744939214	0.0600104508999302	8	0	0	0	160221045.83344314	1255602.9308516104	0	-1.6843652535373195	136
half_step_1	2.5865496744939214	0.0300052254499651	6	0	0	0	160221045.83344314	1262191.443704932	0	-1.6843652535373195	136
half_step_2	2.6165548999438863	0.0300052254499651	1	0	0	0	160221045.83344314	250	0	0	0
full_step	2.5865496744939214	0.03089648463155909	7	0	0	0	160221045.83344314	1261761.831128772	0	-1.6843652535373195	136
half_step_1	2.5865496744939214	0.015448242315779546	7	0	0	0	160221045.83344314	1203692.83378536	0	-1.6843652535373195	136
half_step_2	2.601997916809701	0.015448242315779546	1	0	0	0	160221045.83344314	250	0	0	0
full_step	2.5865496744939214	0.01647001066585404	8	0	0	0	160221045.83344314	1728321.3063029684	0	-1.6843652535373195	136
half_step_1	2.5865496744939214	0.00823500533292702	7	0	0	0	160221045.83344314	381985.2278807915	0	-1.6843652535373195	136
half_step_2	2.5947846798268484	0.00823500533292702	3	15	13	5	160221045.83344314	268825.89737698616	0	-1.7370948544997236	54
full_step	2.6030196851597753	0.0823500533292702	7	0	0	0	160221045.83344314	3238191.0450137802	0	-1.742302754198551	136
half_step_1	2.6030196851597753	0.0411750266646351	7	0	0	0	160221045.83344314	2396182.168881593	0	-1.742302754198551	136
half_step_2	2.6441947118244102	0.0411750266646351	1	0	0	0	160221045.83344314	250	0	0	0
full_step	2.6030196851597753	0.04195575209117955	8	0	0	0	160221045.83344314	2458432.5973679805	0	-1.742302754198551	136
half_step_1	2.6030196851597753	0.020977876045589774	7	0	0	0	160221045.83344314	1312999.2579112279	0	-1.742302754198551	136
half_step_2	2.623997561205365	0.020977876045589774	1	0	0	0	160221045.83344314	250	0	0	0
full_step	2.6030196851597753	0.02179895690738478	8	0	0	0	160221045.83344314	1389607.815692242	0	-1.742302754198551	136
half_step_1	2.6030196851597753	0.01089947845369239	8	0	0	0	160221045.83344314	499005.4622544963	0	-1.742302754198551	136
half_step_2	2.6139191636134678	0.01089947845369239	1	0	0	0	160221045.83344314	250	0	0	0
full_step	2.6030196851597753	0.011794824501903119	9	0	0	0	160221045.83344314	529778.658074435	0	-1.742302754198551	136
half_step_1	2.6030196851597753	0.005897412250951559	6	0	0	0	160221045.83344314	128526.90388504116	0	-1.742302754198551	136
half_step_2	2.608917097410727	0.005897412250951559	2	10	10	5	160221045.83344314	383723.5610661665	0	-1.698667484265909	125
full_step	2.6148145096616786	0.05897412250951559	4	0	0	0	160221045.83344314	814828.5518732967	0	-1.6944591279656602	123
half_step_1	2.6148145096616786	0.029487061254757797	2	0	0	0	160221045.83344314	818830.1264465343	0	-1.6944591279656602	123
half_step_2	2.6443015709164364	0.029487061254757797	4	14	12	3.5	160221045.83344314	1774255.318888231	0	-1.8663628877147866	52
full_step	2.673788632171194	0.1	5	0	0	0	160221045.83344314	4542529.042163856	0	-1.894609058014796	59
half_step_1	2.673788632171194	0.05	6	0	0	0	160221045.83344314	2510608.460243779	0	-1.894609058014796	59
half_step_2	2.723788632171194	0.05	1	0	0	0	160221045.83344314	250	0	0	0
full_step	2.673788632171194	0.050387290041207615	6	0	0	0	160221045.83344314	2388484.502987951	0	-1.894609058014796	59
half_step_1	2.673788632171194	0.025193645020603807	6	0	0	0	160221045.83344314	997038.2418373789	0	-1.894609058014796	59
half_step_2	2.698982277191798	0.025193645020603807	1	0	0	0	160221045.83344314	250	0	0	0
full_step	2.673788632171194	0.025752252855121067	7	0	0	0	160221045.83344314	1020845.7897266271	0	-1.894609058014796	59
half_step_1	2.673788632171194	0.012876126427560534	3	8	6	2.6666666666666665	160221045.83344314	843245.4035943004	0	-1.894609058014796	59
half_step_2	2.686664758598755	0.012876126427560534	1	0	0	0	160221045.83344314	250	0	0	0
full_step	2.673788632171194	0.013641386715943653	6	0	0	0	160221045.83344314	953617.0520846065	0	-1.894609058014796	59
half_step_1	2.673788632171194	0.006820693357971827	3	14	12	4.666666666666667	160221045.83344314	166754.98689195627	0	-1.894609058014796	59
half_step_2	2.680609325529166	0.006820693357971827	3	13	11	4.333333333333333	160221045.83344314	676620.9188105043	0	-1.7100430858210478	106
full_step	2.6874300188871376	0.06820693357971827	8	0	0	0	160221045.83344314	1638219.1774630256	0	-1.607512514225806	202
half_step_1	2.6874300188871376	0.034103466789859135	8	0	0	0	160221045.83344314	1237540.1141895938	0	-1.607512514225806	202
half_step_2	2.721533485676997	0.034103466789859135	1	0	0	0	160221045.83344314	250	0	0	0
full_step	2.6874300188871376	0.03482194305055539	8	0	0	0	160221045.83344314	1237304.7124277647	0	-1.607512514225806	202
half_step_1	2.6874300188871376	0.017410971525277694	10	3	3	0.3	160221045.83344314	804592.7389559302	0	-1.607512514225806	202
half_step_2	2.704840990412415	0.017410971525277694	1	0	0	0	160221045.83344314	250	0	0	0
full_step	2.6874300188871376	0.018158121132971935	10	0	0	0	160221045.83344314	844021.8420840873	0	-1.607512514225806	202
half_step_1	2.6874300188871376	0.009079060566485967	7	0	0	0	160221045.83344314	381026.5186018115	0	-1.607512514225806	202
half_step_2	2.6965090794536235	0.009079060566485967	3	13	11	4.333333333333333	160221045.83344314	486867.99579824816	0	-1.860815693056601	36
full_step	2.7055881400201094	0.09079060566485968	12	33	9	2.75	160221045.83344314	889993.8474282917	1.033335242227622	-1.54828935472637	194
half_step_1	2.7055881400201094	0.04539530283242984	9	14	9	1.5555555555555556	160221045.83344314	872143.9032453808	1.033335242227622	-1.54828935472637	194
half_step_2	2.7509834428525393	0.04539530283242984	1	0	0	0	160221045.83344314	250	0	0	0
full_step	2.7055881400201094	0.04621554854929784	11	26	8	2.3636363636363638	160221045.83344314	872434.9231414755	1.033335242227622	-1.54828935472637	194
half_step_1	2.7055881400201094	0.02310777427464892	10	9	9	0.9	160221045.83344314	524239.76749148965	1.033335242227622	-1.54828935472637	194
half_step_2	2.728695914294758	0.02310777427464892	1	0	0	0	160221045.83344314	250	0	0	0
full_step	2.7055881400201094	0.023859574995192333	11	16	10	1.4545454545454546	160221045.83344314	527935.3742259346	1.033335242227622	-1.54828935472637	194
half_step_1	2.7055881400201094	0.011929787497596166	10	13	9	1.3	160221045.83344314	345237.99491363356	1.033335242227622	-1.54828935472637	194
half_step_2	2.7175179275177057	0.011929787497596166	1	0	0	0	160221045.83344314	250	0	0	0
full_step	2.7055881400201094	0.012869626605544589	11	4	4	0.36363636363636365	160221045.83344314	345919.95412293304	1.033335242227622	-1.54828935472637	194
half_step_1	2.7055881400201094	0.006434813302772294	8	13	8	1.625	160221045.83344314	338038.7727472763	1.033335242227622	-1.54828935472637	194
half_step_2	2.7120229533228817	0.006434813302772294	2	19	19	9.5	160221045.83344314	385742.6825304768	0	-1.7338317018148264	130
full_step	2.718457766625654	0.06434813302772294	7	0	0	0	160221045.83344314	3162134.5112767983	0	-1.6779663659492479	209
half_step_1	2.718457766625654	0.03217406651386147	7	0	0	0	160221045.83344314	1394663.6670885135	0	-1.6779663659492479	209
half_step_2	2.7506318331395154	0.03217406651386147	1	0	0	0	160221045.83344314	250	0	0	0
full_step	2.718457766625654	0.03305126983539001	9	0	0	0	160221045.83344314	1426524.9284786535	0	-1.6779663659492479	209
half_step_1	2.718457766625654	0.016525634917695004	8	0	0	0	160221045.83344314	1152175.7638038916	0	-1.6779663659492479	209
half_step_2	2.734983401543349	0.016525634917695004	1	0	0	0	160221045.83344314	250	0	0	0
full_step	2.718457766625654	0.01753063235444729	8	0	0	0	160221045.83344314	1648685.573681669	0	-1.6779663659492479	209
half_step_1	2.718457766625654	0.008765316177223644	8	0	0	0	160221045.83344314	386188.0842932587	0	-1.6779663659492479	209
half_step_2	2.7272230828028774	0.008765316177223644	3	16	14	5.333333333333333	160221045.83344314	428041.1682064557	0	-1.7640496090318043	91
full_step	2.7359883989801013	0.08765316177223645	8	0	0	0	160221045.83344314	3742848.0074335863	0	-1.8208193248274318	148
half_step_1	2.7359883989801013	0.043826580886118224	8	0	0	0	160221045.83344314	2636658.866848552	0	-1.8208193248274318	148
half_step_2	2.7798149798662193	0.043826580886118224	1	0	0	0	160221045.83344314	250	0	0	0
full_step	2.7359883989801013	0.044581764785957496	9	0	0	0	160221045.83344314	2580077.5019237124	0	-1.8208193248274318	148
half_step_1	2.7359883989801013	0.022290882392978748	7	0	0	0	160221045.83344314	1598681.439962868	0	-1.8208193248274318	148
half_step_2	2.75827928137308	0.022290882392978748	1	0	0	0	160221045.83344314	250	0	0	0
full_step	2.7359883989801013	0.023085014958610175	8	0	0	0	160221045.83344314	1268737.4500000847	0	-1.8208193248274318	148
half_step_1	2.7359883989801013	0.011542507479305087	8	0	0	0	160221045.83344314	584711.6758524753	0	-1.8208193248274318	148
half_step_2	2.7475309064594065	0.011542507479305087	1	0	0	0	160221045.83344314	250	0	0	0
full_step	2.7359883989801013	0.012412485708145366	9	0	0	0	160221045.83344314	631171.1416979969	0	-1.8208193248274318	148
half_step_1	2.7359883989801013	0.006206242854072683	7	0	0	0	160221045.83344314	146674.0972512964	0	-1.8208193248274318	148
half_step_2	2.742194641834174	0.006206242854072683	2	12	12	6	160221045.83344314	384476.21412107453	0	-1.656470303622164	146
full_step	2.748400884688247	0.06206242854072683	4	0	0	0	160221045.83344314	1662925.972088164	0	-1.7162025277085626	150
half_step_1	2.748400884688247	0.031031214270363414	2	0	0	0	160221045.83344314	775637.8888252234	0	-1.7162025277085626	150
half_step_2	2.77943209895861	0.031031214270363414	2	15	14	7.5	160221045.83344314	1257544.725238288	0	-1.772756289354055	82
full_step	2.810463313228974	0.1	6	0	0	0	160221045.83344314	4506552.523497045	0	-1.8753534805683478	89
half_step_1	2.810463313228974	0.05	6	0	0	0	160221045.83344314	2891589.577238314	0	-1.8753534805683478	89
half_step_2	2.8604633132289736	0.05	1	0	0	0	160221045.83344314	250	0	0	0
full_step	2.810463313228974	0.05036796649217937	6	0	0	0	160221045.83344314	2902167.991591507	0	-1.8753534805683478	89
half_step_1	2.810463313228974	0.025183983246089683	6	0	0	0	160221045.83344314	2093319.2063623443	0	-1.8753534805683478	89
half_step_2	2.8356472964750634	0.025183983246089683	1	0	0	0	160221045.83344314	250	0	0	0
full_step	2.810463313228974	0.025657344135898957	7	0	0	0	160221045.83344314	2142342.244878373	0	-1.8753534805683478	89
half_step_1	2.810463313228974	0.012828672067949479	3	14	11	4.666666666666667	160221045.83344314	1393798.3356078132	0	-1.8753534805683478	89
half_step_2	2.8232919852969234	0.012828672067949479	1	0	0	0	160221045.83344314	250	0	0	0
full_step	2.810463313228974	0.013547470881388817	5	0	0	0	160221045.83344314	1445418.9976860823	0	-1.8753534805683478	89
half_step_1	2.810463313228974	0.006773735440694408	3	21	17	7	160221045.83344314	709469.3155329864	0	-1.8753534805683478	89
half_step_2	2.8172370486696683	0.006773735440694408	2	13	13	6.5	160221045.83344314	249261.14567378405	0	-1.6654627567077485	178
full_step	2.8240107841103628	0.06773735440694409	7	0	0	0	160221045.83344314	3072479.312626352	0	-1.5852971918405958	214
half_step_1	2.8240107841103628	0.033868677203472045	7	0	0	0	160221045.83344314	2074269.7985856198	0	-1.5852971918405958	214
half_step_2	2.8578794613138347	0.033868677203472045	1	0	0	0	160221045.83344314	250	0	0	0
full_step	2.8240107841103628	0.034675703680616836	8	0	0	0	160221045.83344314	2090902.2831624749	0	-1.5852971918405958	214
half_step_1	2.8240107841103628	0.017337851840308418	6	0	0	0	160221045.83344314	2565419.7045580195	0	-1.5852971918405958	214
half_step_2	2.841348635950671	0.017337851840308418	1	0	0	0	160221045.83344314	250	0	0	0
full_step	2.8240107841103628	0.018152873950501355	8	0	0	0	160221045.83344314	1653065.7084070505	0	-1.5852971918405958	214
half_step_1	2.8240107841103628	0.009076436975250677	8	0	0	0	160221045.83344314	379222.85600046243	0	-1.5852971918405958	214
half_step_2	2.8330872210856133	0.009076436975250677	2	17	17	8.5	160221045.83344314	436207.89703073713	0	-1.896115889103271	57
full_step	2.8421636580608642	0.09076436975250678	8	0	0	0	160221045.83344314	3083769.4512512884	0	-1.5770937940345024	216
half_step_1	2.8421636580608642	0.04538218487625339	8	0	0	0	160221045.83344314	1765330.4651578388	0	-1.5770937940345024	216
half_step_2	2.8875458429371177	0.04538218487625339	1	0	0	0	160221045.83344314	250	0	0	0
full_step	2.8421636580608642	0.046099627953328615	9	0	0	0	160221045.83344314	1765122.7911976366	0	-1.5770937940345024	216
half_step_1	2.8421636580608642	0.023049813976664307	8	0	0	0	160221045.83344314	1380929.6939315768	0	-1.5770937940345024	216
half_step_2	2.8652134720375284	0.023049813976664307	1	0	0	0	160221045.83344314	250	0	0	0
full_step	2.8421636580608642	0.023749470064055294	9	0	0	0	160221045.83344314	1354719.628866861	0	-1.5770937940345024	216
half_step_1	2.8421636580608642	0.011874735032027647	7	0	0	0	160221045.83344314	1890447.8598314251	0	-1.5770937940345024	216
half_step_2	2.854038393092892	0.011874735032027647	1	0	0	0	160221045.83344314	250	0	0	0
full_step	2.8421636580608642	0.012759791204759945	8	0	0	0	160221045.83344314	1890127.7831960935	0	-1.5770937940345024	216
half_step_1	2.8421636580608642	0.006379895602379972	7	0	0	0	160221045.83344314	377784.93033988145	0	-1.5770937940345024	216
half_step_2	2.8485435536632444	0.006379895602379972	2	11	11	5.5	160221045.83344314	384427.1481272001	0	-1.6597806502185861	199
full_step	2.854923449265624	0.06379895602379973	7	0	0	0	160221045.83344314	2204173.725206826	0	-1.6441379771926703	184
half_step_1	2.854923449265624	0.031899478011899865	6	0	0	0	160221045.83344314	1203011.3308791765	0	-1.6441379771926703	184
half_step_2	2.886822927277524	0.031899478011899865	1	0	0	0	160221045.83344314	250	0	0	0
full_step	2.854923449265624	0.0324504028129083	8	0	0	0	160221045.83344314	1202783.2475322038	0	-1.6441379771926703	184
half_step_1	2.854923449265624	0.01622520140645415	5	0	0	0	160221045.83344314	395761.36611697724	0	-1.6441379771926703	184
half_step_2	2.8711486506720783	0.01622520140645415	1	0	0	0	160221045.83344314	250	0	0	0
full_step	2.854923449265624	0.01687861732287024	7	0	0	0	160221045.83344314	395408.0241377848	0	-1.6441379771926703	184
half_step_1	2.854923449265624	0.00843930866143512	4	0	0	0	160221045.83344314	301974.5310670479	0	-1.6441379771926703	184
half_step_2	2.8633627579270593	0.00843930866143512	2	12	12	6	160221045.83344314	381778.7791774615	0	-1.6214436671496608	180
full_step	2.8718020665884945	0.0843930866143512	3	12	12	4	160221045.83344314	3341583.5126449387	0	-1.7089536515776989	180
full_step	2.8718020665884945	0.07874823548776275	3	12	12	4	160221045.83344314	3342429.599308785	0	-1.7089536515776989	180
full_step	2.8718020665884945	0.07342606446171382	3	11	11	3.6666666666666665	160221045.83344314	3343389.9243770796	0	-1.7089536515776989	180
full_step	2.8718020665884945	0.06905494172048154	3	11	11	3.6666666666666665	160221045.83344314	3344322.9038011823	0	-1.7089536515776989	180
full_step	2.8718020665884945	0.06470183398470206	4	13	11	3.25	160221045.83344314	3345407.1182760336	0	-1.7089536515776989	180
full_step	2.8718020665884945	0.060286766001797096	4	13	11	3.25	160221045.83344314	3346704.5179667724	0	-1.7089536515776989	180
full_step	2.8718020665884945	0.05639906777966486	4	15	12	3.75	160221045.83344314	3348046.4426643853	0	-1.7089536515776989	180
full_step	2.8718020665884945	0.053378137392804136	4	14	11	3.5	160221045.83344314	3349245.5386947775	0	-1.7089536515776989	180
half_step_1	2.8718020665884945	0.026689068696402068	3	13	11	4.333333333333333	160221045.83344314	2021187.343422245	0	-1.7089536515776989	180
half_step_2	2.8984911352848965	0.026689068696402068	10	10	10	1	160221045.83344314	473711.0345651363	1.7849717518256512	-1.3885132719897215	174
full_step	2.9251802039812986	0.1	1	0	0	0	160221045.83344314	250	0	0	0
full_step	2.9251802039812986	0.00020454826666205844	1	0	0	0	160221045.83344314	250	0	0	0
half_step_1	2.9251802039812986	0.00010227413333102922	0	0	0	0	160221045.83344314	250	0	0	0
half_step_2	2.92528247811463	0.00010227413333102922	0	0	0	0	160221045.83344314	250	0	0	0
full_step	2.9253847522479606	0.001022741333310292	1	0	0	0	160221045.83344314	250	0	0	0
half_step_1	2.9253847522479606	0.000511370666655146	0	0	0	0	160221045.83344314	250	0	0	0
half_step_2	2.9258961229146156	0.000511370666655146	0	0	0	0	160221045.83344314	250	0	0	0
full_step	2.9264074935812707	0.005113706666551461	1	0	0	0	160221045.83344314	250	0	0	0
full_step	2.9264074935812707	0.003456279843878599	1	0	0	0	160221045.83344314	250	0	0	0
half_step_1	2.9264074935812707	0.0017281399219392995	0	0	0	0	160221045.83344314	250	0	0	0
half_step_2	2.92813563350321	0.0017281399219392995	0	0	0	0	160221045.83344314	250	0	0	0
full_step	2.9298637734251494	0.017281399219392996	1	0	0	0	160221045.83344314	250	0	0	0
full_step	2.9298637734251494	0.0004330872433407479	1	0	0	0	160221045.83344314	250	0	0	0
half_step_1	2.9298637734251494	0.00021654362167037396	0	0	0	0	160221045.83344314	250	0	0	0
half_step_2	2.9300803170468197	0.00021654362167037396	0	0	0	0	160221045.83344314	250	0	0	0
full_step	2.93029686066849	0.0021654362167037398	10	0	0	0	160221045.83344314	62003.29219506984	0	-1.8450706075089158	36
half_step_1	2.93029686066849	0.0010827181083518699	1	4	4	4	160221045.83344314	2450.58600622601	0	-1.8450706075089158	36
half_step_2	2.9313795787768417	0.0010827181083518699	6	10	10	1.6666666666666667	160221045.83344314	223993.92702998072	0.049740073813154595	-1.6164371983602486	156
full_step	2.932462296885194	0.010827181083518699	2	14	14	7	160221045.83344314	376043.61200138833	0	-1.637760452361922	154
half_step_1	2.932462296885194	0.005413590541759349	1	10	10	10	160221045.83344314	250	0	-1.637760452361922	154
half_step_2	2.9378758874269533	0.005413590541759349	2	14	14	7	160221045.83344314	382083.7866954617	0	-1.6579467463671689	150
full_step	2.9432894779687127	0.05413590541759349	7	2	2	0.2857142857142857	160221045.83344314	2437006.390297949	0	-1.6167061297926342	168
half_step_1	2.9432894779687127	0.027067952708796746	5	0	0	0	160221045.83344314	831461.749060818	0	-1.6167061297926342	168
half_step_2	2.9703574306775096	0.027067952708796746	1	0	0	0	160221045.83344314	250	0	0	0
full_step	2.9432894779687127	0.027800228345377247	8	2	2	0.25	160221045.83344314	1228686.2699488066	0	-1.6167061297926342	168
half_step_1	2.9432894779687127	0.013900114172688624	5	0	0	0	160221045.83344314	842744.8623228914	0	-1.6167061297926342	168
half_step_2	2.9571895921414013	0.013900114172688624	1	0	0	0	160221045.83344314	250	0	0	0
full_step	2.9432894779687127	0.014655233454150146	7	2	2	0.2857142857142857	160221045.83344314	841526.5939164859	0	-1.6167061297926342	168
half_step_1	2.9432894779687127	0.007327616727075073	4	0	0	0	160221045.83344314	567173.0839593684	0	-1.6167061297926342	168
half_step_2	2.950617094695788	0.007327616727075073	2	13	13	6.5	160221045.83344314	383286.7459292586	0	-1.6868065443262403	178
full_step	2.9579447114228627	0.07327616727075073	2	0	0	0	160221045.83344314	1704191.6670220662	0	-1.6800868811435614	169
half_step_1	2.9579447114228627	0.036638083635375365	3	15	12	5	160221045.83344314	1711739.915834539	0	-1.6800868811435614	169
half_step_2	2.994582795058238	0.036638083635375365	2	12	12	6	160221045.83344314	767331.5829028	0	-1.7165176405094138	169
full_step	3.0312208786936137	0.1	6	0	0	0	160221045.83344314	823251.4074965557	0	-1.6992034192975056	165
half_step_1	3.0312208786936137	0.05	4	0	0	0	160221045.83344314	823869.5442966098	0	-1.6992034192975056	165
half_step_2	3.0812208786936135	0.05	1	0	0	0	160221045.83344314	250	0	0	0
full_step	3.0312208786936137	0.05044766846961041	5	0	0	0	160221045.83344314	823824.8147097308	0	-1.6992034192975056	165
half_step_1	3.0312208786936137	0.025223834234805204	4	0	0	0	160221045.83344314	829060.9038877992	0	-1.6992034192975056	165
half_step_2	3.056444712928419	0.025223834234805204	1	0	0	0	160221045.83344314	250	0	0	0
full_step	3.0312208786936137	0.02574114249344118	5	0	0	0	160221045.83344314	828822.6657775862	0	-1.6992034192975056	165
half_step_1	3.0312208786936137	0.01287057124672059	2	0	0	0	160221045.83344314	390680.39952242956	0	-1.6992034192975056	165
half_step_2	3.044091449940334	0.01287057124672059	3	13	11	4.333333333333333	160221045.83344314	579197.5599465094	0	-1.6746986365732772	56
full_step	3.0569620211870547	0.1	7	0	0	0	160221045.83344314	2317385.9948453875	0	-1.7229293746447405	77
half_step_1	3.0569620211870547	0.05	6	0	0	0	160221045.83344314	1542727.516226697	0	-1.7229293746447405	77
half_step_2	3.1069620211870546	0.05	1	0	0	0	160221045.83344314	250	0	0	0
full_step	3.0569620211870547	0.050570717127680825	7	0	0	0	160221045.83344314	1542615.1242478245	0	-1.7229293746447405	77
half_step_1	3.0569620211870547	0.025285358563840413	7	0	0	0	160221045.83344314	1254319.6782501293	0	-1.7229293746447405	77
half_step_2	3.0822473797508954	0.025285358563840413	1	0	0	0	160221045.83344314	250	0	0	0
full_step	3.0569620211870547	0.025853506332490655	7	0	0	0	160221045.83344314	1259038.9969568227	0	-1.7229293746447405	77
half_step_1	3.0569620211870547	0.012926753166245327	7	0	0	0	160221045.83344314	382730.94159253896	0	-1.7229293746447405	77
half_step_2	3.0698887743533	0.012926753166245327	1	0	0	0	160221045.83344314	250	0	0	0
full_step	3.0569620211870547	0.013739032989851333	8	0	0	0	160221045.83344314	536633.1956262762	0	-1.7229293746447405	77
half_step_1	3.0569620211870547	0.006869516494925666	2	11	11	5.5	160221045.83344314	150664.8724225425	0	-1.7229293746447405	77
half_step_2	3.0638315376819802	0.006869516494925666	2	16	16	8	160221045.83344314	382978.23691780906	0	-1.672868900742128	98
full_step	3.070701054176906	0.06869516494925666	6	0	0	0	160221045.83344314	3404466.8797166767	0	-1.693898245701696	109
half_step_1	3.070701054176906	0.03434758247462833	6	0	0	0	160221045.83344314	1807569.9840239477	0	-1.693898245701696	109
half_step_2	3.1050486366515346	0.03434758247462833	1	0	0	0	160221045.83344314	250	0	0	0
full_step	3.070701054176906	0.035125971741811673	7	0	0	0	160221045.83344314	1857842.3062037015	0	-1.693898245701696	109
half_step_1	3.070701054176906	0.017562985870905837	6	0	0	0	160221045.83344314	621841.459061756	0	-1.693898245701696	109
half_step_2	3.088264040047812	0.017562985870905837	1	0	0	0	160221045.83344314	250	0	0	0
full_step	3.070701054176906	0.018437704083216305	7	0	0	0	160221045.83344314	649209.1646491945	0	-1.693898245701696	109
half_step_1	3.070701054176906	0.009218852041608152	6	0	0	0	160221045.83344314	400336.7580018594	0	-1.693898245701696	109
half_step_2	3.0799199062185143	0.009218852041608152	3	16	14	5.333333333333333	160221045.83344314	460750.96409425884	0	-1.6929697113820352	61
full_step	3.0891387582601224	0.09218852041608153	3	0	0	0	160221045.83344314	818437.6523106856	0	-1.6916878611543573	64
half_step_1	3.0891387582601224	0.04609426020804076	2	0	0	0	160221045.83344314	819646.6614730692	0	-1.6916878611543573	64
half_step_2	3.1352330184681634	0.04609426020804076	1	0	0	0	160221045.83344314	250	0	0	0
full_step	3.0891387582601224	0.04627492247546928	3	0	0	0	160221045.83344314	819525.647116546	0	-1.6916878611543573	64
half_step_1	3.0891387582601224	0.02313746123773464	2	0	0	0	160221045.83344314	825352.0199876429	0	-1.6916878611543573	64
half_step_2	3.1122762194978573	0.02313746123773464	7	0	0	0	160221045.83344314	776978.187532843	0	-1.6661983679076804	55
full_step	3.1354136807355917	0.1	1	0	0	0	160221045.83344314	250	0	0	0
full_step	3.1354136807355917	0.0001380774151868868	1	0	0	0	160221045.83344314	250	0	0	0
half_step_1	3.1354136807355917	6.90387075934434e-05	0	0	0	0	160221045.83344314	250	0	0	0
half_step_2	3.135482719443185	6.90387075934434e-05	0	0	0	0	160221045.83344314	250	0	0	0
full_step	3.1355517581507786	0.0006903870759344341	1	0	0	0	160221045.83344314	250	0	0	0
half_step_1	3.1355517581507786	0.00034519353796721704	0	0	0	0	160221045.83344314	250	0	0	0
half_step_2	3.135896951688746	0.00034519353796721704	0	0	0	0	160221045.83344314	250	0	0	0
full_step	3.136242145226713	0.00345193537967217	1	0	0	0	160221045.83344314	250	0	0	0
half_step_1	3.136242145226713	0.001725967689836085	0	0	0	0	160221045.83344314	250	0	0	0
half_step_2	3.1379681129165493	0.001725967689836085	0	0	0	0	160221045.83344314	250	0	0	0
full_step	3.139694080606385	0.017259676898360853	11	10	10	0.9090909090909091	160221045.83344314	1822009.178008083	0.3295602799535118	-1.638407301817431	188
half_step_1	3.139694080606385	0.008629838449180426	11	9	6	0.8181818181818182	160221045.83344314	1434934.1424850437	0.3295602799535118	-1.638407301817431	188
half_step_2	3.1483239190555654	0.008629838449180426	5	0	0	0	160221045.83344314	416631.0272455007	0	-1.6526441041649473	185
full_step	3.156953757504746	0.08629838449180427	4	12	12	3	160221045.83344314	1171891.4088908825	0	-1.6763604985510892	62
half_step_1	3.156953757504746	0.043149192245902135	2	13	12	6.5	160221045.83344314	1175004.0738989874	0	-1.6763604985510892	62
half_step_2	3.200102949750648	0.043149192245902135	1	0	0	0	160221045.83344314	250	0	0	0
full_step	3.156953757504746	0.04338302500700961	3	13	12	4.333333333333333	160221045.83344314	1174976.5445854068	0	-1.6763604985510892	62
half_step_1	3.156953757504746	0.021691512503504803	3	13	11	4.333333333333333	160221045.83344314	1047021.4124855609	0	-1.6763604985510892	62
half_step_2	3.178645270008251	0.021691512503504803	2	12	11	6	160221045.83344314	1530548.0251085532	0	-1.791381341498215	171
full_step	3.200336782511756	0.1	7	0	0	0	160221045.83344314	2758516.801369259	0	-1.6716654791831254	193
half_step_1	3.200336782511756	0.05	7	0	0	0	160221045.83344314	2115052.975028976	0	-1.6716654791831254	193
half_step_2	3.2503367825117557	0.05	1	0	0	0	160221045.83344314	250	0	0	0
full_step	3.200336782511756	0.05068699727302881	8	0	0	0	160221045.83344314	2120452.6695863865	0	-1.6716654791831254	193
half_step_1	3.200336782511756	0.025343498636514406	8	0	0	0	160221045.83344314	2874676.787343777	0	-1.6716654791831254	193
half_step_2	3.22568028114827	0.025343498636514406	1	0	0	0	160221045.83344314	250	0	0	0
full_step	3.200336782511756	0.026063694436657042	8	0	0	0	160221045.83344314	2931026.9573214804	0	-1.6716654791831254	193
half_step_1	3.200336782511756	0.013031847218328521	8	0	0	0	160221045.83344314	1035733.2166062167	0	-1.6716654791831254	193
half_step_2	3.2133686297300845	0.013031847218328521	1	0	0	0	160221045.83344314	250	0	0	0
full_step	3.200336782511756	0.013779913038568377	9	0	0	0	160221045.83344314	1113584.2652961297	0	-1.6716654791831254	193
half_step_1	3.200336782511756	0.006889956519284189	5	0	0	0	160221045.83344314	266135.3972038951	0	-1.6716654791831254	193
half_step_2	3.2072267390310403	0.006889956519284189	2	13	13	6.5	160221045.83344314	383137.87881969096	0	-1.6247263617797316	122
full_step	3.214116695550324	0.06889956519284189	3	0	0	0	160221045.83344314	2529538.0226291944	0	-1.6801075210749867	122
half_step_1	3.214116695550324	0.034449782596420946	2	3	3	1.5	160221045.83344314	2542450.5994567587	0	-1.6801075210749867	122
half_step_2	3.248566478146745	0.034449782596420946	4	17	12	4.25	160221045.83344314	1299363.3965072928	0	-1.8600300933777445	62
full_step	3.283016260743166	0.1	1	0	0	0	160221045.83344314	250	0	0	0
full_step	3.283016260743166	9.050705150516967e-05	1	0	0	0	160221045.83344314	250	0	0	0
half_step_1	3.283016260743166	4.5253525752584835e-05	0	0	0	0	160221045.83344314	250	0	0	0
half_step_2	3.2830615142689186	4.5253525752584835e-05	0	0	0	0	160221045.83344314	250	0	0	0
full_step	3.2831067677946715	0.00045253525752584836	1	0	0	0	160221045.83344314	250	0	0	0
half_step_1	3.2831067677946715	0.00022626762876292418	0	0	0	0	160221045.83344314	250	0	0	0
half_step_2	3.2833330354234342	0.00022626762876292418	0	0	0	0	160221045.83344314	250	0	0	0
full_step	3.2835593030521975	0.002262676287629242	1	0	0	0	160221045.83344314	250	0	0	0
half_step_1	3.2835593030521975	0.001131338143814621	0	0	0	0	160221045.83344314	250	0	0	0
half_step_2	3.284690641196012	0.001131338143814621	6	0	0	0	160221045.83344314	8436.526931195905	0	-1.6748845672542871	104
full_step	3.285821979339827	0.01131338143814621	9	0	0	0	160221045.83344314	376054.8057257059	0	-1.5940835234002493	108
half_step_1	3.285821979339827	0.005656690719073105	7	0	0	0	160221045.83344314	375843.64593299123	0	-1.5940835234002493	108
half_step_2	3.2914786700589	0.005656690719073105	2	12	12	6	160221045.83344314	381992.63412812975	0	-1.6404828680605619	108
full_step	3.297135360777973	0.05656690719073105	6	0	0	0	160221045.83344314	1677916.9609909095	0	-1.6465835339958355	109
half_step_1	3.297135360777973	0.028283453595365524	4	0	0	0	160221045.83344314	1688412.1897941742	0	-1.6465835339958355	109
half_step_2	3.3254188143733385	0.028283453595365524	1	0	0	0	160221045.83344314	250	0	0	0
full_step	3.297135360777973	0.028877393420241728	6	0	0	0	160221045.83344314	1687897.5431329487	0	-1.6465835339958355	109
half_step_1	3.297135360777973	0.014438696710120864	4	0	0	0	160221045.83344314	785894.9356263389	0	-1.6465835339958355	109
half_step_2	3.311574057488094	0.014438696710120864	1	0	0	0	160221045.83344314	250	0	0	0
full_step	3.297135360777973	0.015032687357926467	5	0	0	0	160221045.83344314	785097.003251359	0	-1.6465835339958355	109
half_step_1	3.297135360777973	0.007516343678963234	3	0	0	0	160221045.83344314	343605.112360027	0	-1.6465835339958355	109
half_step_2	3.3046517044569366	0.007516343678963234	2	12	12	6	160221045.83344314	758142.8647312646	0	-1.5871733100634364	132
full_step	3.3121680481358995	0.07516343678963233	4	16	13	4	160221045.83344314	1603139.563984695	0	-1.6538961782783204	122
half_step_1	3.3121680481358995	0.037581718394816166	3	15	12	5	160221045.83344314	1609773.9108953008	0	-1.6538961782783204	122
half_step_2	3.3497497665307154	0.037581718394816166	5	0	0	0	160221045.83344314	834987.8480444517	0	-1.6845134576508414	135
full_step	3.387331484925532	0.07516343678963233	1	0	0	0	160221045.83344314	250	0	0	0
full_step	3.387331484925532	0.00014560078340255674	1	0	0	0	160221045.83344314	250	0	0	0
half_step_1	3.387331484925532	7.280039170127837e-05	0	0	0	0	160221045.83344314	250	0	0	0
half_step_2	3.387404285317233	7.280039170127837e-05	0	0	0	0	160221045.83344314	250	0	0	0
full_step	3.3874770857089342	0.0007280039170127837	1	0	0	0	160221045.83344314	250	0	0	0
half_step_1	3.3874770857089342	0.00036400195850639185	0	0	0	0	160221045.83344314	250	0	0	0
half_step_2	3.3878410876674407	0.00036400195850639185	0	0	0	0	160221045.83344314	250	0	0	0
full_step	3.3882050896259472	0.0036400195850639187	1	0	0	0	160221045.83344314	250	0	0	0
full_step	3.3882050896259472	0.0024088712909506177	1	0	0	0	160221045.83344314	250	0	0	0
half_step_1	3.3882050896259472	0.0012044356454753088	0	0	0	0	160221045.83344314	250	0	0	0
half_step_2	3.3894095252714225	0.0012044356454753088	0	0	0	0	160221045.83344314	250	0	0	0
full_step	3.3906139609168977	0.012044356454753088	9	0	0	0	160221045.83344314	689475.5668878577	0	-1.6377713987309817	61
half_step_1	3.3906139609168977	0.006022178227376544	8	0	0	0	160221045.83344314	378987.95165340963	0	-1.6377713987309817	61
half_step_2	3.3966361391442743	0.006022178227376544	7	0	0	0	160221045.83344314	267997.55195359356	0	-1.6566314538924078	122
full_step	3.402658317371651	0.06022178227376544	6	0	0	0	160221045.83344314	835583.8927985738	0	-1.651422034861677	107
half_step_1	3.402658317371651	0.03011089113688272	3	0	0	0	160221045.83344314	839549.0776896548	0	-1.651422034861677	107
half_step_2	3.4327692085085335	0.03011089113688272	1	0	0	0	160221045.83344314	250	0	0	0
full_step	3.402658317371651	0.03062974633681796	6	0	0	0	160221045.83344314	839386.4402759378	0	-1.651422034861677	107
half_step_1	3.402658317371651	0.01531487316840898	4	17	14	4.25	160221045.83344314	678424.232582673	0	-1.651422034861677	107
half_step_2	3.41797319054006	0.01531487316840898	1	0	0	0	160221045.83344314	250	0	0	0
full_step	3.402658317371651	0.015987311233846044	4	16	13	4	160221045.83344314	900098.796231927	0	-1.651422034861677	107
half_step_1	3.402658317371651	0.007993655616923022	2	9	9	4.5	160221045.83344314	380442.78135445254	0	-1.651422034861677	107
half_step_2	3.410651972988574	0.007993655616923022	2	13	12	6.5	160221045.83344314	323863.16597498	0	-1.666280335527722	115
full_step	3.418645628605497	0.07993655616923022	7	0	0	0	160221045.83344314	1184872.2265853626	0	-1.6320264590680806	114
half_step_1	3.418645628605497	0.03996827808461511	6	0	0	0	160221045.83344314	1187959.274182003	0	-1.6320264590680806	114
half_step_2	3.458613906690112	0.03996827808461511	1	0	0	0	160221045.83344314	250	0	0	0
full_step	3.418645628605497	0.040635036006531074	7	0	0	0	160221045.83344314	1187822.9899886334	0	-1.6320264590680806	114
half_step_1	3.418645628605497	0.020317518003265537	6	0	0	0	160221045.83344314	1162623.2990174182	0	-1.6320264590680806	114
half_step_2	3.4389631466087627	0.020317518003265537	1	0	0	0	160221045.83344314	250	0	0	0
full_step	3.418645628605497	0.021025922562218972	7	0	0	0	160221045.83344314	1557466.9284856915	0	-1.6320264590680806	114
half_step_1	3.418645628605497	0.010512961281109486	6	0	0	0	160221045.83344314	378261.6325285889	0	-1.6320264590680806	114
half_step_2	3.429158589886607	0.010512961281109486	3	11	11	3.6666666666666665	160221045.83344314	392590.72137426847	0	-1.8217192186098041	24
full_step	3.439671551167716	0.1	8	0	0	0	160221045.83344314	1941809.0165754363	0	-1.632229326950383	109
half_step_1	3.439671551167716	0.05	8	2	2	0.25	160221045.83344314	1709662.4415343294	0	-1.632229326950383	109
half_step_2	3.489671551167716	0.05	1	0	0	0	160221045.83344314	250	0	0	0
full_step	3.439671551167716	0.0505768364029858	9	2	2	0.2222222222222222	160221045.83344314	1709565.039593291	0	-1.632229326950383	109
half_step_1	3.439671551167716	0.0252884182014929	7	0	0	0	160221045.83344314	847272.512994003	0	-1.632229326950383	109
half_step_2	3.464959969369209	0.0252884182014929	1	0	0	0	160221045.83344314	250	0	0	0
full_step	3.439671551167716	0.02587229024416953	8	0	0	0	160221045.83344314	847040.4387963348	0	-1.632229326950383	109
half_step_1	3.439671551167716	0.012936145122084765	6	0	0	0	160221045.83344314	378541.4992417078	0	-1.632229326950383	109
half_step_2	3.452607696289801	0.012936145122084765	1	0	0	0	160221045.83344314	250	0	0	0
full_step	3.439671551167716	0.013646728823655859	7	0	0	0	160221045.83344314	378333.5633022232	0	-1.632229326950383	109
half_step_1	3.439671551167716	0.0068233644118279296	6	0	0	0	160221045.83344314	379886.4562307191	0	-1.632229326950383	109
half_step_2	3.446494915579544	0.0068233644118279296	3	14	14	4.666666666666667	160221045.83344314	425062.15714281803	0	-1.6329570153254864	102
full_step	3.4533182799913718	0.0682336441182793	5	0	0	0	160221045.83344314	828847.1069913357	0	-1.6373366478391127	98
half_step_1	3.4533182799913718	0.03411682205913965	3	0	0	0	160221045.83344314	831921.6166866329	0	-1.6373366478391127	98
half_step_2	3.487435102050511	0.03411682205913965	1	0	0	0	160221045.83344314	250	0	0	0
full_step	3.4533182799913718	0.03438447923134826	4	0	0	0	160221045.83344314	831841.7794709386	0	-1.6373366478391127	98
half_step_1	3.4533182799913718	0.01719223961567413	2	0	0	0	160221045.83344314	393904.8471083964	0	-1.6373366478391127	98
half_step_2	3.470510519607046	0.01719223961567413	3	14	11	4.666666666666667	160221045.83344314	843206.0237168616	0	-1.759835782419215	108
full_step	3.48770275922272	0.1	6	0	0	0	160221045.83344314	1786194.7031344245	0	-1.6388860536234369	192
half_step_1	3.48770275922272	0.05	5	0	0	0	160221045.83344314	839742.266674149	0	-1.6388860536234369	192
half_step_2	3.5377027592227197	0.05	1	0	0	0	160221045.83344314	250	0	0	0
full_step	3.48770275922272	0.050291037994283076	7	0	0	0	160221045.83344314	839720.6945597717	0	-1.6388860536234369	192
half_step_1	3.48770275922272	0.025145518997141538	4	0	0	0	160221045.83344314	844667.0898719339	0	-1.6388860536234369	192
half_step_2	3.5128482782198613	0.025145518997141538	1	0	0	0	160221045.83344314	250	0	0	0
full_step	3.48770275922272	0.025512441026228933	6	0	0	0	160221045.83344314	844506.6162840234	0	-1.6388860536234369	192
half_step_1	3.48770275922272	0.012756220513114466	3	12	12	4	160221045.83344314	666119.6445652035	0	-1.6388860536234369	192
half_step_2	3.5004589797358343	0.012756220513114466	6	0	0	0	160221045.83344314	834502.6393722509	0	-1.8093880817515537	40
full_step	3.5132152002489487	0.1	1	0	0	0	160221045.83344314	250	0	0	0
full_step	3.5132152002489487	8.349294251785935e-05	1	0	0	0	160221045.83344314	250	0	0	0
half_step_1	3.5132152002489487	4.1746471258929676e-05	0	0	0	0	160221045.83344314	250	0	0	0
half_step_2	3.5132569467202077	4.1746471258929676e-05	0	0	0	0	160221045.83344314	250	0	0	0
full_step	3.5132986931914667	0.00041746471258929675	1	0	0	0	160221045.83344314	250	0	0	0
half_step_1	3.5132986931914667	0.00020873235629464837	0	0	0	0	160221045.83344314	250	0	0	0
half_step_2	3.513507425547761	0.00020873235629464837	0	0	0	0	160221045.83344314	250	0	0	0
full_step	3.513716157904056	0.0020873235629464836	1	0	0	0	160221045.83344314	250	0	0	0
half_step_1	3.513716157904056	0.0010436617814732418	0	0	0	0	160221045.83344314	250	0	0	0
half_step_2	3.5147598196855294	0.0010436617814732418	0	0	0	0	160221045.83344314	250	0	-1.874561774347315	77
full_step	3.5158034814670027	0.010436617814732417	11	0	0	0	160221045.83344314	780196.5289717985	0	-1.587452465342074	162
half_step_1	3.5158034814670027	0.005218308907366209	9	0	0	0	160221045.83344314	802259.4156044651	0	-1.587452465342074	162
half_step_2	3.521021790374369	0.005218308907366209	6	0	0	0	160221045.83344314	384676.48298376525	0	-1.499010748121053	228
full_step	3.5262400992817353	0.052183089073662085	2	0	0	0	160221045.83344314	1672482.9492229878	0	-1.5549831970870869	198
half_step_1	3.5262400992817353	0.026091544536831043	4	12	12	3	160221045.83344314	1263071.6769117024	0	-1.5549831970870869	198
half_step_2	3.552331643818566	0.026091544536831043	1	0	0	0	160221045.83344314	250	0	0	0
full_step	3.5262400992817353	0.026566693921457784	5	16	13	3.2	160221045.83344314	1262752.3576689393	0	-1.5549831970870869	198
half_step_1	3.5262400992817353	0.013283346960728892	2	14	14	7	160221045.83344314	379353.9715403995	0	-1.5549831970870869	198
half_step_2	3.5395234462424643	0.013283346960728892	1	0	0	0	160221045.83344314	250	0	0	0
full_step	3.5262400992817353	0.013943826698672857	2	12	12	6	160221045.83344314	379296.09093281016	0	-1.5549831970870869	198
half_step_1	3.5262400992817353	0.006971913349336428	1	11	11	11	160221045.83344314	250	0	-1.5549831970870869	198
half_step_2	3.5332120126310715	0.006971913349336428	2	15	15	7.5	160221045.83344314	382426.7668552711	0	-1.6203586781544204	193
full_step	3.540183925980408	0.06971913349336428	7	0	0	0	160221045.83344314	3851990.665053966	0	-1.6538008016177284	215
half_step_1	3.540183925980408	0.03485956674668214	8	0	0	0	160221045.83344314	1918279.7179212992	0	-1.6538008016177284	215
half_step_2	3.57504349272709	0.03485956674668214	1	0	0	0	160221045.83344314	250	0	0	0
full_step	3.540183925980408	0.03551303470182057	8	0	0	0	160221045.83344314	1939187.884326913	0	-1.6538008016177284	215
half_step_1	3.540183925980408	0.017756517350910286	7	0	0	0	160221045.83344314	860437.2934122847	0	-1.6538008016177284	215
half_step_2	3.5579404433313186	0.017756517350910286	1	0	0	0	160221045.83344314	250	0	0	0
full_step	3.540183925980408	0.018446680657201182	9	0	0	0	160221045.83344314	893055.5669189458	0	-1.6538008016177284	215
half_step_1	3.540183925980408	0.009223340328600591	6	0	0	0	160221045.83344314	1044375.9042006005	0	-1.6538008016177284	215
half_step_2	3.5494072663090086	0.009223340328600591	2	16	16	8	160221045.83344314	383932.2023902131	0	-1.6798440426063663	135
full_step	3.5586306066376094	0.0922334032860059	3	0	0	0	160221045.83344314	3354768.9022110747	0	-1.6675213150035493	134
half_step_1	3.5586306066376094	0.04611670164300295	2	4	3	2	160221045.83344314	2110807.8191328016	0	-1.6675213150035493	134
half_step_2	3.6047473082806123	0.04611670164300295	5	0	0	0	160221045.83344314	1139752.8455447194	0	-1.6327288074020432	158
full_step	3.650864009923615	0.1	1	0	0	0	160221045.83344314	250	0	0	0
full_step	3.650864009923615	0.00018488228100211804	1	0	0	0	160221045.83344314	250	0	0	0
half_step_1	3.650864009923615	9.244114050105902e-05	0	0	0	0	160221045.83344314	250	0	0	0
half_step_2	3.650956451064116	9.244114050105902e-05	0	0	0	0	160221045.83344314	250	0	0	0
full_step	3.651048892204617	0.0009244114050105902	1	0	0	0	160221045.83344314	250	0	0	0
half_step_1	3.651048892204617	0.0004622057025052951	0	0	0	0	160221045.83344314	250	0	0	0
half_step_2	3.6515110979071226	0.0004622057025052951	0	0	0	0	160221045.83344314	250	0	0	0
full_step	3.6519733036096276	0.004622057025052951	1	0	0	0	160221045.83344314	250	0	0	0
full_step	3.6519733036096276	0.0034230183745221996	1	0	0	0	160221045.83344314	250	0	0	0
half_step_1	3.6519733036096276	0.0017115091872610998	0	0	0	0	160221045.83344314	250	0	0	0
half_step_2	3.6536848127968886	0.0017115091872610998	0	0	0	0	160221045.83344314	250	0	0	0
full_step	3.6553963219841497	0.017115091872610996	11	3	3	0.2727272727272727	160221045.83344314	621805.7901304556	0	-1.9893880951034202	93
half_step_1	3.6553963219841497	0.008557545936305498	10	3	3	0.3	160221045.83344314	834131.4681018319	0	-1.9893880951034202	93
half_step_2	3.6639538679204553	0.008557545936305498	3	13	12	4.333333333333333	160221045.83344314	565777.8504264628	0	-1.6593035189931353	177
full_step	3.6725114138567605	0.08557545936305498	6	0	0	0	160221045.83344314	760932.2371030278	0	-1.6423067282517867	189
half_step_1	3.6725114138567605	0.04278772968152749	3	0	0	0	160221045.83344314	762344.3303164339	0	-1.6423067282517867	189
half_step_2	3.715299143538288	0.04278772968152749	1	0	0	0	160221045.83344314	250	0	0	0
full_step	3.6725114138567605	0.043044730345221244	5	0	0	0	160221045.83344314	762312.8130587606	0	-1.6423067282517867	189
half_step_1	3.6725114138567605	0.021522365172610622	1	1	1	1	160221045.83344314	767671.0942747025	0	-1.6423067282517867	189
half_step_2	3.694033779029371	0.021522365172610622	2	15	15	7.5	160221045.83344314	1240087.373149074	0	-1.6967033190601806	132
full_step	3.7155561442019818	0.1	6	0	0	0	160221045.83344314	1637222.2090957493	0	-1.6706697976889042	192
half_step_1	3.7155561442019818	0.05	6	0	0	0	160221045.83344314	1640949.5725352657	0	-1.6706697976889042	192
half_step_2	3.7655561442019816	0.05	1	0	0	0	160221045.83344314	250	0	0	0
full_step	3.7155561442019818	0.05019377063653783	6	0	0	0	160221045.83344314	1640913.263967072	0	-1.6706697976889042	192
half_step_1	3.7155561442019818	0.025096885318268914	2	0	0	0	160221045.83344314	895407.1941145137	0	-1.6706697976889042	192
half_step_2	3.7406530295202507	0.025096885318268914	3	13	10	4.333333333333333	160221045.83344314	835545.2501025369	0	-1.6413038209324224	61
full_step	3.7657499148385196	0.1	5	0	0	0	160221045.83344314	828327.1202304044	0	-1.6077681284961591	117
half_step_1	3.7657499148385196	0.05	3	0	0	0	160221045.83344314	828940.8757313275	0	-1.6077681284961591	117
half_step_2	3.8157499148385194	0.05	1	0	0	0	160221045.83344314	250	0	0	0
full_step	3.7657499148385196	0.0502786869328317	5	0	0	0	160221045.83344314	828918.4051155538	0	-1.6077681284961591	117
half_step_1	3.7657499148385196	0.02513934346641585	2	0	0	0	160221045.83344314	834264.6212859454	0	-1.6077681284961591	117
half_step_2	3.7908892583049356	0.02513934346641585	4	14	11	3.5	160221045.83344314	755316.2609058005	0	-1.9831930941620228	17
full_step	3.7657499148385196	0.04524480519880014	5	0	0	0	160221045.83344314	829387.0140679973	0	-1.6077681284961591	117
half_step_1	3.7657499148385196	0.02262240259940007	2	0	0	0	160221045.83344314	835602.5796080187	0	-1.6077681284961591	117
half_step_2	3.78837231743792	0.02262240259940007	2	14	14	7	160221045.83344314	834473.2004355281	0	-1.6618504956798448	58
full_step	3.8109947200373195	0.1	10	36	11	3.6	160221045.83344314	1548509.5868534814	0.7949579881315003	-1.5055672135891565	104
half_step_1	3.8109947200373195	0.05	7	10	10	1.4285714285714286	160221045.83344314	388518.9586280392	0.7949579881315003	-1.5055672135891565	104
half_step_2	3.8609947200373194	0.05	1	0	0	0	160221045.83344314	250	0	0	0
full_step	3.8109947200373195	0.050442856266520834	10	31	11	3.1	160221045.83344314	388514.2575236056	0.7949579881315003	-1.5055672135891565	104
half_step_1	3.8109947200373195	0.025221428133260417	7	10	6	1.4285714285714286	160221045.83344314	390281.1453436579	0.7949579881315003	-1.5055672135891565	104
half_step_2	3.83621614817058	0.025221428133260417	1	0	0	0	160221045.83344314	250	0	0	0
full_step	3.8109947200373195	0.025670807515891396	8	5	5	0.625	160221045.83344314	390197.6589478081	0.7949579881315003	-1.5055672135891565	104
half_step_1	3.8109947200373195	0.012835403757945698	5	0	0	0	160221045.83344314	395502.48631141876	0.7949579881315003	-1.5055672135891565	104
half_step_2	3.823830123795265	0.012835403757945698	2	15	15	7.5	160221045.83344314	380428.63389897044	0	-1.6528762103352619	59
full_step	3.836665527553211	0.1	6	21	15	3.5	160221045.83344314	1863391.045519139	0	-1.7982576826205001	35
full_step	3.836665527553211	0.08858479082837492	5	18	11	3.6	160221045.83344314	1585029.5813625506	0	-1.7982576826205001	35
full_step	3.836665527553211	0.07781853748480808	5	18	12	3.6	160221045.83344314	1407203.1641793232	0	-1.7982576826205001	35
full_step	3.836665527553211	0.06873296996858845	4	18	13	4.5	160221045.83344314	1313240.3284514698	0	-1.7982576826205001	35
full_step	3.836665527553211	0.06081779666984606	4	22	17	5.5	160221045.83344314	862366.7952089406	0	-1.7982576826205001	35
full_step	3.836665527553211	0.053554463008583124	3	14	12	4.666666666666667	160221045.83344314	821869.1919102322	0	-1.7982576826205001	35
full_step	3.836665527553211	0.0484112894922185	3	15	13	5	160221045.83344314	821907.3633801608	0	-1.7982576826205001	35
full_step	3.836665527553211	0.043232326172459486	2	15	15	7.5	160221045.83344314	382583.2280801735	0	-1.7982576826205001	35
full_step	3.836665527553211	0.038202809378349786	2	15	15	7.5	160221045.83344314	382793.48487715516	0	-1.7982576826205001	35
full_step	3.836665527553211	0.03436041263845124	2	15	15	7.5	160221045.83344314	383044.4198254256	0	-1.7982576826205001	35
full_step	3.836665527553211	0.031910753961208425	2	15	15	7.5	160221045.83344314	383259.73465393047	0	-1.7982576826205001	35
half_step_1	3.836665527553211	0.015955376980604213	1	14	14	14	160221045.83344314	250	0	-1.7982576826205001	35
half_step_2	3.852620904533815	0.015955376980604213	13	26	8	2	160221045.83344314	1606504.3841216997	1.5595704429924808	-1.491205171208805	230
full_step	3.8685762815144193	0.08246670662901824	1	0	0	0	160221045.83344314	250	0	0	0
full_step	3.8685762815144193	0.00010209005156472808	1	0	0	0	160221045.83344314	250	0	0	0
half_step_1	3.8685762815144193	5.104502578236404e-05	0	0	0	0	160221045.83344314	250	0	0	0
half_step_2	3.8686273265402016	5.104502578236404e-05	0	0	0	0	160221045.83344314	250	0	0	0
full_step	3.8686783715659843	0.0005104502578236404	1	0	0	0	160221045.83344314	250	0	0	0
half_step_1	3.8686783715659843	0.0002552251289118202	0	0	0	0	160221045.83344314	250	0	0	0
half_step_2	3.868933596694896	0.0002552251289118202	0	0	0	0	160221045.83344314	250	0	0	0
full_step	3.869188821823808	0.002552251289118202	1	0	0	0	160221045.83344314	250	0	0	0
half_step_1	3.869188821823808	0.001276125644559101	0	0	0	0	160221045.83344314	250	0	0	0
half_step_2	3.870464947468367	0.001276125644559101	7	0	0	0	160221045.83344314	58091.63344811574	0	-1.640109939671907	59
full_step	3.871741073112926	0.01276125644559101	8	0	0	0	160221045.83344314	375290.989914851	0	-1.698430150673707	105
half_step_1	3.871741073112926	0.006380628222795505	7	0	0	0	160221045.83344314	375054.1262257197	0	-1.698430150673707	105
half_step_2	3.8781217013357216	0.006380628222795505	2	11	11	5.5	160221045.83344314	378933.4419548873	0	-1.5926776897601311	60
full_step	3.8845023295585173	0.06380628222795505	5	0	0	0	160221045.83344314	830418.7185561559	0	-1.6130183621893275	63
half_step_1	3.8845023295585173	0.031903141113977525	3	0	0	0	160221045.83344314	833952.6742406001	0	-1.6130183621893275	63
half_step_2	3.916405470672495	0.031903141113977525	1	0	0	0	160221045.83344314	250	0	0	0
full_step	3.8845023295585173	0.03223523022083339	5	0	0	0	160221045.83344314	833865.3107528958	0	-1.6130183621893275	63
half_step_1	3.8845023295585173	0.016117615110416695	3	14	12	4.666666666666667	160221045.83344314	843555.055140155	0	-1.6130183621893275	63
half_step_2	3.900619944668934	0.016117615110416695	5	0	0	0	160221045.83344314	2390528.406639873	0	-1.6584680684006485	182
full_step	3.916737559779351	0.1	1	0	0	0	160221045.83344314	250	0	0	0
full_step	3.916737559779351	9.009290743468149e-05	1	0	0	0	160221045.83344314	250	0	0	0
half_step_1	3.916737559779351	4.5046453717340746e-05	0	0	0	0	160221045.83344314	250	0	0	0
half_step_2	3.916782606233068	4.5046453717340746e-05	0	0	0	0	160221045.83344314	250	0	0	0
full_step	3.9168276526867856	0.00045046453717340746	1	0	0	0	160221045.83344314	250	0	0	0
half_step_1	3.9168276526867856	0.00022523226858670373	0	0	0	0	160221045.83344314	250	0	0	0
half_step_2	3.917052884955372	0.00022523226858670373	0	0	0	0	160221045.83344314	250	0	0	0
full_step	3.917278117223959	0.0022523226858670374	1	0	0	0	160221045.83344314	250	0	0	0
half_step_1	3.917278117223959	0.0011261613429335187	0	0	0	0	160221045.83344314	250	0	0	0
half_step_2	3.9184042785668924	0.0011261613429335187	5	0	0	0	160221045.83344314	45731.312272208306	0	-1.714507128565647	140
full_step	3.919530439909826	0.011261613429335187	10	0	0	0	160221045.83344314	377559.2150070615	0	-1.527971035385835	213
half_step_1	3.919530439909826	0.005630806714667594	8	0	0	0	160221045.83344314	377354.51288524456	0	-1.527971035385835	213
half_step_2	3.9251612466244934	0.005630806714667594	2	12	12	6	160221045.83344314	379305.33235151	0	-1.5821762850384495	181
full_step	3.930792053339161	0.05630806714667594	5	0	0	0	160221045.83344314	771799.831677496	0	-1.603623945254535	168
half_step_1	3.930792053339161	0.02815403357333797	2	0	0	0	160221045.83344314	775860.0485363164	0	-1.603623945254535	168
half_step_2	3.958946086912499	0.02815403357333797	1	0	0	0	160221045.83344314	250	0	0	0
full_step	3.930792053339161	0.028464386827275406	5	0	0	0	160221045.83344314	775749.5065679976	0	-1.603623945254535	168
half_step_1	3.930792053339161	0.014232193413637703	2	12	12	6	160221045.83344314	785865.1392596022	0	-1.603623945254535	168
half_step_2	3.9450242467527987	0.014232193413637703	5	0	0	0	160221045.83344314	1157809.3683052338	0	-1.6449989427697553	172
full_step	3.9592564401664365	0.09999999999999964	3	11	11	3.6666666666666665	160221045.83344314	1910904.301997228	0	-1.9506782630863782	43
full_step	3.9592564401664365	0.08463801626763513	3	11	11	3.6666666666666665	160221045.83344314	1911389.9806655804	0	-1.9506782630863782	43
full_step	3.9592564401664365	0.07076529904686782	3	11	11	3.6666666666666665	160221045.83344314	1912461.64471794	0	-1.9506782630863782	43
full_step	3.9592564401664365	0.05808331968902721	3	11	11	3.6666666666666665	160221045.83344314	1914179.803527815	0	-1.9506782630863782	43
full_step	3.9592564401664365	0.0462261586488607	3	11	11	3.6666666666666665	160221045.83344314	1916954.6132349414	0	-1.9506782630863782	43
full_step	3.9592564401664365	0.03619198919289919	3	10	10	3.3333333333333335	160221045.83344314	1921027.6617945035	0	-1.9506782630863782	43
full_step	3.9592564401664365	0.030481568226134122	3	10	10	3.3333333333333335	160221045.83344314	1924695.1965636262	0	-1.9506782630863782	43
full_step	3.9592564401664365	0.025660139283295816	3	11	11	3.6666666666666665	160221045.83344314	1824472.3710326573	0	-1.9506782630863782	43
full_step	3.9592564401664365	0.02015941537347707	3	10	10	3.3333333333333335	160221045.83344314	1720254.5425412524	0	-1.9506782630863782	43
full_step	3.9592564401664365	0.0158977571793388	4	13	10	3.25	160221045.83344314	1551188.4422395765	0	-1.9506782630863782	43
full_step	3.9592564401664365	0.013344704290968373	4	14	11	3.5	160221045.83344314	1431912.676182453	0	-1.9506782630863782	43
full_step	3.9592564401664365	0.011965888284396035	4	14	11	3.5	160221045.83344314	1305080.3881252666	0	-1.9506782630863782	43
full_step	3.9592564401664365	0.011236302709890848	4	14	11	3.5	160221045.83344314	1243963.9867009025	0	-1.9506782630863782	43
half_step_1	3.9592564401664365	0.005618151354945424	2	13	12	6.5	160221045.83344314	953558.0664199363	0	-1.9506782630863782	43
half_step_2	3.964874591521382	0.005618151354945424	8	14	9	1.75	160221045.83344314	215742.6170886419	0.31566226582071977	-1.4548520535296108	269
full_step	3.9704927428763273	0.056181513549454234	3	18	12	6	160221045.83344314	1639774.9857393391	0	-1.6141748900793054	140
half_step_1	3.9704927428763273	0.028090756774727117	3	14	12	4.666666666666667	160221045.83344314	1680365.1969766063	0	-1.6141748900793054	140
half_step_2	3.9985834996510543	0.028090756774727117	1	0	0	0	160221045.83344314	250	0	0	0
full_step	3.9704927428763273	0.028468889924831504	3	13	11	4.333333333333333	160221045.83344314	1680067.8541247917	0	-1.6141748900793054	140
half_step_1	3.9704927428763273	0.014234444962415752	2	14	14	7	160221045.83344314	377836.68776678486	0	-1.6141748900793054	140
half_step_2	3.984727187838743	0.014234444962415752	3	18	16	6	160221045.83344314	549695.5817403825	0	-1.9310712665384653	49
full_step	3.9704927428763273	0.026820411095604152	3	13	11	4.333333333333333	160221045.83344314	1658219.6191533974	0	-1.6141748900793054	140
half_step_1	3.9704927428763273	0.013410205547802076	2	14	14	7	160221045.83344314	377887.97601424064	0	-1.6141748900793054	140
half_step_2	3.9839029484241295	0.013410205547802076	3	17	15	5.666666666666667	160221045.83344314	738732.0508643104	0	-1.8052487637814263	80
full_step	3.9973131539719313	0.09999999999999964	11	23	9	2.090909090909091	160221045.83344314	845711.4092030608	1.6844267696960742	-1.4507434221256439	203
half_step_1	3.9973131539719313	0.04999999999999982	10	18	10	1.8	160221045.83344314	573891.5069891062	1.6844267696960742	-1.4507434221256439	203
half_step_2	4.047313153971931	0.04999999999999982	1	0	0	0	160221045.83344314	250	0	0	0
full_step	3.9973131539719313	0.05054904839345018	13	37	8	2.8461538461538463	160221045.83344314	575815.7221206655	1.6844267696960742	-1.4507434221256439	203
half_step_1	3.9973131539719313	0.02527452419672509	9	11	8	1.2222222222222223	160221045.83344314	447667.9917783869	1.6844267696960742	-1.4507434221256439	203
half_step_2	4.022587678168656	0.02527452419672509	1	0	0	0	160221045.83344314	250	0	0	0
full_step	3.9973131539719313	0.025766217073414754	11	18	10	1.6363636363636365	160221045.83344314	457065.66784508864	1.6844267696960742	-1.4507434221256439	203
half_step_1	3.9973131539719313	0.012883108536707377	8	9	9	1.125	160221045.83344314	286581.05760327174	1.6844267696960742	-1.4507434221256439	203
half_step_2	4.0101962625086385	0.012883108536707377	3	13	11	4.333333333333333	160221045.83344314	781122.3233992232	0	-1.810714090840962	64
full_step	4.0230793710453465	0.09057989074228084	12	23	9	1.9166666666666667	160221045.83344314	1523975.8899873802	0.7666271333982877	-1.5299881388124914	190
half_step_1	4.0230793710453465	0.04528994537114042	10	24	7	2.4	160221045.83344314	1486446.51332404	0.7666271333982877	-1.5299881388124914	190
half_step_2	4.068369316416487	0.04528994537114042	1	0	0	0	160221045.83344314	250	0	0	0
full_step	4.0230793710453465	0.0457884555204802	13	34	7	2.6153846153846154	160221045.83344314	1487162.259295775	0.7666271333982877	-1.5299881388124914	190
half_step_1	4.0230793710453465	0.0228942277602401	8	9	9	1.125	160221045.83344314	1999429.564946677	0.7666271333982877	-1.5299881388124914	190
half_step_2	4.0459735988055865	0.0228942277602401	1	0	0	0	160221045.83344314	250	0	0	0
full_step	4.0230793710453465	0.023387154760531458	10	12	7	1.2	160221045.83344314	2031941.4878848232	0.7666271333982877	-1.5299881388124914	190
half_step_1	4.0230793710453465	0.011693577380265729	7	7	7	1	160221045.83344314	657583.3887541777	0.7666271333982877	-1.5299881388124914	190
half_step_2	4.034772948425612	0.011693577380265729	3	14	12	4.666666666666667	160221045.83344314	737110.6902504154	0	-1.6660934324704408	109
full_step	4.046466525805878	0.09999999999999964	10	12	6	1.2	160221045.83344314	4774216.204726972	0.0966054394702951	-1.5880397983470285	242
half_step_1	4.046466525805878	0.04999999999999982	9	5	5	0.5555555555555556	160221045.83344314	1988355.640013595	0.0966054394702951	-1.5880397983470285	242
half_step_2	4.0964665258058774	0.04999999999999982	1	0	0	0	160221045.83344314	250	0	0	0
full_step	4.046466525805878	0.05050597874770122	11	10	7	0.9090909090909091	160221045.83344314	1987884.239835733	0.0966054394702951	-1.5880397983470285	242
half_step_1	4.046466525805878	0.02525298937385061	10	16	8	1.6	160221045.83344314	3348149.0885814694	0.0966054394702951	-1.5880397983470285	242
half_step_2	4.071719515179728	0.02525298937385061	1	0	0	0	160221045.83344314	250	0	0	0
full_step	4.046466525805878	0.025768105521311178	11	16	9	1.4545454545454546	160221045.83344314	2558778.172230399	0.0966054394702951	-1.5880397983470285	242
half_step_1	4.046466525805878	0.012884052760655589	10	29	8	2.9	160221045.83344314	385045.0267482841	0.0966054394702951	-1.5880397983470285	242
half_step_2	4.059350578566534	0.012884052760655589	3	13	11	4.333333333333333	160221045.83344314	671508.9976047345	0	-1.7277705300358428	109
full_step	4.072234631327189	0.09999999999999964	7	0	0	0	160221045.83344314	3492145.726652293	0	-1.6305495253168842	218
half_step_1	4.072234631327189	0.04999999999999982	7	0	0	0	160221045.83344314	2209294.4942803252	0	-1.6305495253168842	218
half_step_2	4.1222346313271885	0.04999999999999982	1	0	0	0	160221045.83344314	250	0	0	0
full_step	4.072234631327189	0.05048486738676262	8	0	0	0	160221045.83344314	2209151.4913612017	0	-1.6305495253168842	218
half_step_1	4.072234631327189	0.02524243369338131	7	0	0	0	160221045.83344314	3269112.8217746634	0	-1.6305495253168842	218
half_step_2	4.09747706502057	0.02524243369338131	1	0	0	0	160221045.83344314	250	0	0	0
full_step	4.072234631327189	0.025753680417954696	7	0	0	0	160221045.83344314	3295536.3756373716	0	-1.6305495253168842	218
half_step_1	4.072234631327189	0.012876840208977348	7	0	0	0	160221045.83344314	377531.49357606046	0	-1.6305495253168842	218
half_step_2	4.085111471536166	0.012876840208977348	3	13	11	4.333333333333333	160221045.83344314	829602.9843151856	0	-1.7143188465333286	116
full_step	4.097988311745143	0.09999999999999964	7	0	0	0	160221045.83344314	4521030.723176417	0	-1.5968933781467414	223
half_step_1	4.097988311745143	0.04999999999999982	6	0	0	0	160221045.83344314	4536364.097001988	0	-1.5968933781467414	223
half_step_2	4.147988311745143	0.04999999999999982	1	0	0	0	160221045.83344314	250	0	0	0
full_step	4.097988311745143	0.0505045535331615	7	0	0	0	160221045.83344314	4536437.424584365	0	-1.5968933781467414	223
half_step_1	4.097988311745143	0.02525227676658075	5	0	0	0	160221045.83344314	8565546.8330338	0	-1.5968933781467414	223
half_step_2	4.123240588511724	0.02525227676658075	1	0	0	0	160221045.83344314	250	0	0	0
full_step	4.097988311745143	0.02579368784089613	6	0	0	0	160221045.83344314	8293803.592149144	0	-1.5968933781467414	223
half_step_1	4.097988311745143	0.012896843920448065	6	0	0	0	160221045.83344314	1905992.025821979	0	-1.5968933781467414	223
half_step_2	4.110885155665591	0.012896843920448065	3	14	12	4.666666666666667	160221045.83344314	1230911.1694397333	0	-1.6610238415652239	137
full_step	4.12378199958604	0.09999999999999964	7	0	0	0	160221045.83344314	3626657.4473870117	0	-1.5947561573707811	216
half_step_1	4.12378199958604	0.04999999999999982	6	0	0	0	160221045.83344314	2717620.5255403826	0	-1.5947561573707811	216
half_step_2	4.17378199958604	0.04999999999999982	1	0	0	0	160221045.83344314	250	0	0	0
full_step	4.12378199958604	0.0504874084671597	7	0	0	0	160221045.83344314	2716970.56350972	0	-1.5947561573707811	216
half_step_1	4.12378199958604	0.02524370423357985	7	3	3	0.42857142857142855	160221045.83344314	8009330.595788477	0	-1.5947561573707811	216
half_step_2	4.149025703819619	0.02524370423357985	1	0	0	0	160221045.83344314	250	0	0	0
full_step	4.12378199958604	0.02580184410398907	8	3	3	0.375	160221045.83344314	6811045.400726394	0	-1.5947561573707811	216
half_step_1	4.12378199958604	0.012900922051994536	6	0	0	0	160221045.83344314	2406577.5261659822	0	-1.5947561573707811	216
half_step_2	4.136682921638035	0.012900922051994536	4	16	13	4	160221045.83344314	1192766.4711780956	0	-1.6609334606254766	156
full_step	4.149583843690029	0.09999999999999964	6	0	0	0	160221045.83344314	5874662.313866915	0	-1.6216922117551087	227
half_step_1	4.149583843690029	0.04999999999999982	7	1	1	0.14285714285714285	160221045.83344314	4173302.3220983455	0	-1.6216922117551087	227
half_step_2	4.199583843690029	0.04999999999999982	1	0	0	0	160221045.83344314	250	0	0	0
full_step	4.149583843690029	0.050477760988223576	8	1	1	0.125	160221045.83344314	4185155.36163407	0	-1.6216922117551087	227
half_step_1	4.149583843690029	0.025238880494111788	5	0	0	0	160221045.83344314	7369587.736537054	0	-1.6216922117551087	227
half_step_2	4.174822724184141	0.025238880494111788	1	0	0	0	160221045.83344314	250	0	0	0
full_step	4.149583843690029	0.025809206135126446	7	0	0	0	160221045.83344314	8234183.373449473	0	-1.6216922117551087	227
half_step_1	4.149583843690029	0.012904603067563223	7	3	3	0.42857142857142855	160221045.83344314	2141436.5510472213	0	-1.6216922117551087	227
half_step_2	4.1624884467575916	0.012904603067563223	5	15	11	3	160221045.83344314	3252192.9371315637	0	-1.666161709113929	153
full_step	4.175393049825155	0.09999999999999964	5	0	0	0	160221045.83344314	5079220.5037586475	0	-1.6350259151495508	207
half_step_1	4.175393049825155	0.04999999999999982	6	3	3	0.5	160221045.83344314	3918323.127129783	0	-1.6350259151495508	207
half_step_2	4.225393049825155	0.04999999999999982	1	0	0	0	160221045.83344314	250	0	0	0
full_step	4.175393049825155	0.050466817742409374	5	0	0	0	160221045.83344314	4306843.278504481	0	-1.6350259151495508	207
half_step_1	4.175393049825155	0.025233408871204687	6	1	1	0.16666666666666666	160221045.83344314	5566236.542656141	0	-1.6350259151495508	207
half_step_2	4.20062645869636	0.025233408871204687	1	0	0	0	160221045.83344314	250	0	0	0
full_step	4.175393049825155	0.02578773585083723	6	1	1	0.16666666666666666	160221045.83344314	5604906.246821139	0	-1.6350259151495508	207
half_step_1	4.175393049825155	0.012893867925418615	6	0	0	0	160221045.83344314	2074451.356437927	0	-1.6350259151495508	207
half_step_2	4.188286917750574	0.012893867925418615	4	14	12	3.5	160221045.83344314	2923810.6654580603	0	-1.6159204774199656	108
full_step	4.201180785675993	0.09999999999999964	4	0	0	0	160221045.83344314	3987534.874122836	0	-1.6211343551166855	121
half_step_1	4.201180785675993	0.04999999999999982	3	0	0	0	160221045.83344314	3116902.412094886	0	-1.6211343551166855	121
half_step_2	4.2511807856759924	0.04999999999999982	1	0	0	0	160221045.83344314	250	0	0	0
full_step	4.201180785675993	0.05022641922145	4	0	0	0	160221045.83344314	3116809.0079133664	0	-1.6211343551166855	121
half_step_1	4.201180785675993	0.025113209610725	4	2	2	0.5	160221045.83344314	2095564.4000559885	0	-1.6211343551166855	121
half_step_2	4.226293995286718	0.025113209610725	3	16	16	5.333333333333333	160221045.83344314	1180729.185974305	0	-1.8637701506611033	84
full_step	4.201180785675993	0.04653890146038804	4	0	0	0	160221045.83344314	3118613.843212027	0	-1.6211343551166855	121
half_step_1	4.201180785675993	0.02326945073019402	4	2	2	0.5	160221045.83344314	2098181.440717782	0	-1.6211343551166855	121
half_step_2	4.224450236406186	0.02326945073019402	4	16	13	4	160221045.83344314	1695839.8983829403	0	-1.6772651410617179	141
full_step	4.247719687136381	0.09999999999999964	10	14	8	1.4	160221045.83344314	1108084.954773115	1.2487829912606685	-1.3431953951043025	189
half_step_1	4.247719687136381	0.04999999999999982	7	8	8	1.1428571428571428	160221045.83344314	641407.6675037468	1.2487829912606685	-1.3431953951043025	189
half_step_2	4.2977196871363805	0.04999999999999982	1	0	0	0	160221045.83344314	250	0	0	0
full_step	4.247719687136381	0.05040431538006834	10	19	8	1.9	160221045.83344314	641371.655246972	1.2487829912606685	-1.3431953951043025	189
half_step_1	4.247719687136381	0.02520215769003417	7	4	4	0.5714285714285714	160221045.83344314	646040.709243748	1.2487829912606685	-1.3431953951043025	189
half_step_2	4.272921844826415	0.02520215769003417	1	0	0	0	160221045.83344314	250	0	0	0
full_step	4.247719687136381	0.025562155406850542	9	9	9	1	160221045.83344314	645900.1645858979	1.2487829912606685	-1.3431953951043025	189
half_step_1	4.247719687136381	0.012781077703425271	7	2	2	0.2857142857142857	160221045.83344314	954154.8475248303	1.2487829912606685	-1.3431953951043025	189
half_step_2	4.260500764839806	0.012781077703425271	4	16	12	4	160221045.83344314	1373285.08835167	0	-1.619508604429013	233
full_step	4.2732818425432315	0.09999999999999964	4	16	13	4	160221045.83344314	3126959.5397397755	0	-1.663175192364701	164
half_step_1	4.2732818425432315	0.04999999999999982	3	15	14	5	160221045.83344314	3136290.315836989	0	-1.663175192364701	164
half_step_2	4.323281842543231	0.04999999999999982	1	0	0	0	160221045.83344314	250	0	0	0
full_step	4.2732818425432315	0.050187013461766475	4	16	13	4	160221045.83344314	3136207.650903801	0	-1.663175192364701	164
half_step_1	4.2732818425432315	0.025093506730883237	4	15	12	3.75	160221045.83344314	2232499.1353388648	0	-1.663175192364701	164
half_step_2	4.298375349274115	0.025093506730883237	5	0	0	0	160221045.83344314	3163700.030347601	0	-1.6393257898410232	153
full_step	4.323468856004998	0.09999999999999964	1	0	0	0	160221045.83344314	250	0	0	0
full_step	4.323468856004998	8.105105911556241e-05	1	0	0	0	160221045.83344314	250	0	0	0
half_step_1	4.323468856004998	4.052552955778121e-05	0	0	0	0	160221045.83344314	250	0	0	0
half_step_2	4.3235093815345556	4.052552955778121e-05	0	0	0	0	160221045.83344314	250	0	0	0
full_step	4.3235499070641135	0.0004052552955778121	1	0	0	0	160221045.83344314	250	0	0	0
half_step_1	4.3235499070641135	0.00020262764778890605	0	0	0	0	160221045.83344314	250	0	0	0
half_step_2	4.323752534711902	0.00020262764778890605	0	0	0	0	160221045.83344314	250	0	0	0
full_step	4.323955162359692	0.0020262764778890604	1	0	0	0	160221045.83344314	250	0	0	0
half_step_1	4.323955162359692	0.0010131382389445302	0	0	0	0	160221045.83344314	250	0	0	0
half_step_2	4.324968300598636	0.0010131382389445302	3	0	0	0	160221045.83344314	14038.410230818934	0	-1.7200430264312516	134
full_step	4.325981438837581	0.010131382389445302	9	0	0	0	160221045.83344314	375948.0459814688	0	-1.5339221291693343	206
half_step_1	4.325981438837581	0.005065691194722651	9	0	0	0	160221045.83344314	375679.9004116189	0	-1.5339221291693343	206
half_step_2	4.331047130032304	0.005065691194722651	2	10	10	5	160221045.83344314	378033.4758534555	0	-1.5446952841590327	202
full_step	4.336112821227026	0.05065691194722651	7	0	0	0	160221045.83344314	1270049.8554403787	0	-1.529482959952868	207
half_step_1	4.336112821227026	0.025328455973613256	4	2	2	0.5	160221045.83344314	1279086.3633966537	0	-1.529482959952868	207
half_step_2	4.3614412772006395	0.025328455973613256	5	19	12	3.8	160221045.83344314	2100119.469500381	0	-1.6033444688386476	141
full_step	4.386769733174252	0.09999999999999964	6	0	0	0	160221045.83344314	2178523.8596908725	0	-1.5793323850202199	174
half_step_1	4.386769733174252	0.04999999999999982	5	0	0	0	160221045.83344314	1749994.7008932603	0	-1.5793323850202199	174
half_step_2	4.436769733174252	0.04999999999999982	1	0	0	0	160221045.83344314	250	0	0	0
full_step	4.386769733174252	0.05026228431765582	6	0	0	0	160221045.83344314	1749936.061673443	0	-1.5793323850202199	174
half_step_1	4.386769733174252	0.02513114215882791	4	0	0	0	160221045.83344314	1335802.3462516181	0	-1.5793323850202199	174
half_step_2	4.41190087533308	0.02513114215882791	4	14	11	3.5	160221045.83344314	1406265.8085067098	0	-1.788398605145527	35
full_step	4.437032017491908	0.09999999999999964	1	0	0	0	160221045.83344314	250	0	0	0
full_step	4.437032017491908	9.573478065553306e-05	1	0	0	0	160221045.83344314	250	0	0	0
half_step_1	4.437032017491908	4.786739032776653e-05	0	0	0	0	160221045.83344314	250	0	0	0
half_step_2	4.437079884882236	4.786739032776653e-05	0	0	0	0	160221045.83344314	250	0	0	0
full_step	4.437127752272564	0.0004786739032776653	1	0	0	0	160221045.83344314	250	0	0	0
half_step_1	4.437127752272564	0.00023933695163883264	0	0	0	0	160221045.83344314	250	0	0	0
half_step_2	4.437367089224202	0.00023933695163883264	0	0	0	0	160221045.83344314	250	0	0	0
full_step	4.437606426175841	0.0023933695163883264	1	0	0	0	160221045.83344314	250	0	0	0
half_step_1	4.437606426175841	0.0011966847581941632	0	0	0	0	160221045.83344314	250	0	0	0
half_step_2	4.438803110934035	0.0011966847581941632	6	0	0	0	160221045.83344314	10580.32192356118	0	-1.8055834115357465	54
full_step	4.43999979569223	0.011966847581941633	9	0	0	0	160221045.83344314	2681195.905172311	0	-1.5485793323529187	226
half_step_1	4.43999979569223	0.0059834237909708165	8	0	0	0	160221045.83344314	375942.45865951	0	-1.5485793323529187	226
half_step_2	4.4459832194832005	0.0059834237909708165	2	10	10	5	160221045.83344314	384620.5805370447	0	-1.54151719820888	190
full_step	4.451966643274171	0.05983423790970817	6	0	0	0	160221045.83344314	765508.5531599831	0	-1.5233164844124556	189
half_step_1	4.451966643274171	0.029917118954854084	5	0	0	0	160221045.83344314	769081.8233090925	0	-1.5233164844124556	189
half_step_2	4.4818837622290255	0.029917118954854084	1	0	0	0	160221045.83344314	250	0	0	0
full_step	4.451966643274171	0.03020085059191663	6	0	0	0	160221045.83344314	769000.8089403515	0	-1.5233164844124556	189
half_step_1	4.451966643274171	0.015100425295958316	3	15	13	5	160221045.83344314	1918360.7608723342	0	-1.5233164844124556	189
half_step_2	4.467067068570129	0.015100425295958316	2	12	12	6	160221045.83344314	1224552.7890106451	0	-1.6597179888352336	155
full_step	4.482167493866088	0.09999999999999964	4	0	0	0	160221045.83344314	2307865.2452483135	0	-1.6408107748779146	189
half_step_1	4.482167493866088	0.04999999999999982	3	12	11	4	160221045.83344314	2314523.765483264	0	-1.6408107748779146	189
half_step_2	4.532167493866088	0.04999999999999982	1	0	0	0	160221045.83344314	250	0	0	0
full_step	4.482167493866088	0.05019418386623411	3	3	3	1	160221045.83344314	2314462.6251643864	0	-1.6408107748779146	189
half_step_1	4.482167493866088	0.025097091933117054	4	16	13	4	160221045.83344314	1704099.0728329474	0	-1.6408107748779146	189
half_step_2	4.507264585799205	0.025097091933117054	6	18	11	3	160221045.83344314	2338970.6774287354	0	-1.6735852348049272	87
full_step	4.532361677732323	0.09999999999999964	1	0	0	0	160221045.83344314	250	0	0	0
full_step	4.532361677732323	8.525645307564769e-05	1	0	0	0	160221045.83344314	250	0	0	0
half_step_1	4.532361677732323	4.2628226537823845e-05	0	0	0	0	160221045.83344314	250	0	0	0
half_step_2	4.532404305958861	4.2628226537823845e-05	0	0	0	0	160221045.83344314	250	0	0	0
full_step	4.532446934185399	0.0004262822653782384	1	0	0	0	160221045.83344314	250	0	0	0
half_step_1	4.532446934185399	0.0002131411326891192	0	0	0	0	160221045.83344314	250	0	0	0
half_step_2	4.532660075318088	0.0002131411326891192	0	0	0	0	160221045.83344314	250	0	0	0
full_step	4.532873216450777	0.0021314113268911922	1	0	0	0	160221045.83344314	250	0	0	0
half_step_1	4.532873216450777	0.0010657056634455961	0	0	0	0	160221045.83344314	250	0	0	0
half_step_2	4.533938922114222	0.0010657056634455961	5	0	0	0	160221045.83344314	5242.112551490565	0	-1.6187722546340002	65
full_step	4.535004627777668	0.010657056634455962	10	17	9	1.7	160221045.83344314	385100.2061564603	0.00572246815681865	-1.7182453757040317	109
half_step_1	4.535004627777668	0.005328528317227981	9	15	8	1.6666666666666667	160221045.83344314	384824.4629784869	0.00572246815681865	-1.7182453757040317	109
half_step_2	4.540333156094896	0.005328528317227981	2	11	11	5.5	160221045.83344314	376780.4156086455	0	-1.5746573731292641	66
full_step	4.545661684412124	0.053285283172279804	6	0	0	0	160221045.83344314	2107750.8270561197	0	-1.6365543057092773	133
half_step_1	4.545661684412124	0.026642641586139902	3	17	12	5.666666666666667	160221045.83344314	1808050.8150200788	0	-1.6365543057092773	133
half_step_2	4.572304325998264	0.026642641586139902	4	15	12	3.75	160221045.83344314	1728472.6247117033	0	-1.6525971878631462	89
full_step	4.598946967584404	0.09999999999999964	1	0	0	0	160221045.83344314	250	0	0	0
full_step	4.598946967584404	9.607884283270423e-05	1	0	0	0	160221045.83344314	250	0	0	0
half_step_1	4.598946967584404	4.803942141635212e-05	0	0	0	0	160221045.83344314	250	0	0	0
half_step_2	4.59899500700582	4.803942141635212e-05	0	0	0	0	160221045.83344314	250	0	0	0
full_step	4.599043046427237	0.00048039421416352115	1	0	0	0	160221045.83344314	250	0	0	0
half_step_1	4.599043046427237	0.00024019710708176058	0	0	0	0	160221045.83344314	250	0	0	0
half_step_2	4.599283243534319	0.00024019710708176058	0	0	0	0	160221045.83344314	250	0	0	0
full_step	4.5995234406414	0.002401971070817606	1	0	0	0	160221045.83344314	250	0	0	0
half_step_1	4.5995234406414	0.001200985535408803	0	0	0	0	160221045.83344314	250	0	0	0
half_step_2	4.600724426176809	0.001200985535408803	6	0	0	0	160221045.83344314	6453.689970624315	0	-1.7813223248327372	40
full_step	4.601925411712218	0.01200985535408803	11	7	7	0.6363636363636364	160221045.83344314	386547.85598794825	0.004842978180022328	-1.6356190372180988	223
half_step_1	4.601925411712218	0.006004927677044015	11	24	11	2.1818181818181817	160221045.83344314	386272.01006222115	0.004842978180022328	-1.6356190372180988	223
half_step_2	4.607930339389262	0.006004927677044015	2	13	13	6.5	160221045.83344314	377049.49283540674	0	-1.655286953160018	142
full_step	4.613935267066306	0.06004927677044015	5	0	0	0	160221045.83344314	2412845.051708228	0	-1.5706264744507241	156
half_step_1	4.613935267066306	0.030024638385220074	4	0	0	0	160221045.83344314	1156878.3469093377	0	-1.5706264744507241	156
half_step_2	4.643959905451526	0.030024638385220074	4	14	11	3.5	160221045.83344314	2026195.8883087372	0	-1.8287057402615943	58
full_step	4.673984543836746	0.09999999999999964	1	0	0	0	160221045.83344314	250	0	0	0
full_step	4.673984543836746	8.034248981371731e-05	1	0	0	0	160221045.83344314	250	0	0	0
half_step_1	4.673984543836746	4.0171244906858653e-05	0	0	0	0	160221045.83344314	250	0	0	0
half_step_2	4.674024715081653	4.0171244906858653e-05	0	0	0	0	160221045.83344314	250	0	0	0
full_step	4.67406488632656	0.00040171244906858655	1	0	0	0	160221045.83344314	250	0	0	0
half_step_1	4.67406488632656	0.00020085622453429327	0	0	0	0	160221045.83344314	250	0	0	0
half_step_2	4.6742657425510945	0.00020085622453429327	0	0	0	0	160221045.83344314	250	0	0	0
full_step	4.674466598775629	0.002008562245342933	2	5	5	2.5	160221045.83344314	726.2782412541962	0	-1.9980745008240088	17
half_step_1	4.674466598775629	0.0010042811226714664	1	0	0	0	160221045.83344314	250	0	-1.9980745008240088	17
half_step_2	4.675470879898301	0.0010042811226714664	1	5	5	5	160221045.83344314	250	0	-1.6307044528192722	61
full_step	4.676475161020972	0.010042811226714663	10	16	9	1.6	160221045.83344314	776349.8908565773	0.001876705335234874	-1.705641585019065	99
half_step_1	4.676475161020972	0.0050214056133573316	11	21	7	1.9090909090909092	160221045.83344314	609628.4922080043	0.001876705335234874	-1.705641585019065	99
half_step_2	4.681496566634329	0.0050214056133573316	2	9	9	4.5	160221045.83344314	376390.9024184409	0	-1.558368473922925	59
full_step	4.686517972247686	0.05021405613357331	5	0	0	0	160221045.83344314	806096.4935232105	0	-1.5811148659377723	58
half_step_1	4.686517972247686	0.025107028066786656	2	13	11	6.5	160221045.83344314	811051.0708659285	0	-1.5811148659377723	58
half_step_2	4.711625000314473	0.025107028066786656	4	16	13	4	160221045.83344314	2882959.788536546	0	-1.6635860908858113	140
full_step	4.736732028381259	0.09999999999999964	1	0	0	0	160221045.83344314	250	0	0	0
full_step	4.736732028381259	8.677032894229893e-05	1	0	0	0	160221045.83344314	250	0	0	0
half_step_1	4.736732028381259	4.338516447114947e-05	0	0	0	0	160221045.83344314	250	0	0	0
half_step_2	4.73677541354573	4.338516447114947e-05	0	0	0	0	160221045.83344314	250	0	0	0
full_step	4.7368187987102015	0.00043385164471149466	1	0	0	0	160221045.83344314	250	0	0	0
half_step_1	4.7368187987102015	0.00021692582235574733	0	0	0	0	160221045.83344314	250	0	0	0
half_step_2	4.737035724532557	0.00021692582235574733	0	0	0	0	160221045.83344314	250	0	0	0
full_step	4.737252650354913	0.002169258223557473	1	0	0	0	160221045.83344314	250	0	0	0
half_step_1	4.737252650354913	0.0010846291117787366	0	0	0	0	160221045.83344314	250	0	0	0
half_step_2	4.738337279466691	0.0010846291117787366	6	0	0	0	160221045.83344314	6050.771507973044	0	-1.680169776292386	150
full_step	4.73942190857847	0.010846291117787366	14	24	9	1.7142857142857142	160221045.83344314	386987.4718057779	0.005602181086942437	-1.51745928882773	206
half_step_1	4.73942190857847	0.005423145558893683	11	19	10	1.7272727272727273	160221045.83344314	386623.8478657624	0.005602181086942437	-1.51745928882773	206
half_step_2	4.744845054137364	0.005423145558893683	2	11	11	5.5	160221045.83344314	377224.15088987665	0	-1.532022242081561	139
full_step	4.750268199696258	0.05423145558893683	5	0	0	0	160221045.83344314	2125934.2063087327	0	-1.5490220961395367	148
half_step_1	4.750268199696258	0.027115727794468414	4	14	11	3.5	160221045.83344314	3362054.9579339945	0	-1.5490220961395367	148
half_step_2	4.777383927490726	0.027115727794468414	4	16	12	4	160221045.83344314	718703.2932048427	0	-1.9926038564837054	57
full_step	4.804499655285195	0.09999999999999964	1	0	0	0	160221045.83344314	250	0	0	0
full_step	4.804499655285195	8.114744356385698e-05	1	0	0	0	160221045.83344314	250	0	0	0
half_step_1	4.804499655285195	4.057372178192849e-05	0	0	0	0	160221045.83344314	250	0	0	0
half_step_2	4.804540229006977	4.057372178192849e-05	0	0	0	0	160221045.83344314	250	0	0	0
full_step	4.804580802728759	0.0004057372178192849	1	0	0	0	160221045.83344314	250	0	0	0
half_step_1	4.804580802728759	0.00020286860890964244	0	0	0	0	160221045.83344314	250	0	0	0
half_step_2	4.804783671337669	0.00020286860890964244	0	0	0	0	160221045.83344314	250	0	0	0
full_step	4.804986539946578	0.0020286860890964243	1	0	0	0	160221045.83344314	250	0	0	0
half_step_1	4.804986539946578	0.0010143430445482121	0	0	0	0	160221045.83344314	250	0	0	0
half_step_2	4.806000882991126	0.0010143430445482121	0	0	0	0	160221045.83344314	250	0	-1.8078952616310888	140
full_step	4.807015226035674	0.010143430445482122	10	0	0	0	160221045.83344314	378290.44373248506	0	-1.5429987774995364	239
half_step_1	4.807015226035674	0.005071715222741061	9	0	0	0	160221045.83344314	380445.77785140986	0	-1.5429987774995364	239
half_step_2	4.812086941258415	0.005071715222741061	2	11	11	5.5	160221045.83344314	376242.76058663387	0	-1.5413306328937681	263
full_step	4.817158656481157	0.050717152227410606	7	4	4	0.5714285714285714	160221045.83344314	3536506.409229408	0	-1.507747883215606	238
half_step_1	4.817158656481157	0.025358576113705303	6	0	0	0	160221045.83344314	2768186.922285906	0	-1.507747883215606	238
half_step_2	4.8425172325948616	0.025358576113705303	1	0	0	0	160221045.83344314	250	0	0	0
full_step	4.817158656481157	0.025674931288271155	6	0	0	0	160221045.83344314	2768321.497945032	0	-1.507747883215606	238
half_step_1	4.817158656481157	0.012837465644135578	7	0	0	0	160221045.83344314	541499.3743584207	0	-1.507747883215606	238
half_step_2	4.8299961221252925	0.012837465644135578	2	11	11	5.5	160221045.83344314	1814072.720856457	0	-1.571229573828457	146
full_step	4.8428335877694275	0.09999999999999964	5	0	0	0	160221045.83344314	2451264.6450608303	0	-1.552033020789738	145
half_step_1	4.8428335877694275	0.04999999999999982	4	0	0	0	160221045.83344314	1537568.180603125	0	-1.552033020789738	145
half_step_2	4.892833587769427	0.04999999999999982	1	0	0	0	160221045.83344314	250	0	0	0
full_step	4.8428335877694275	0.050164055048404724	5	0	0	0	160221045.83344314	1537538.4064606482	0	-1.552033020789738	145
half_step_1	4.8428335877694275	0.025082027524202362	3	11	11	3.6666666666666665	160221045.83344314	1930279.525435774	0	-1.552033020789738	145
half_step_2	4.86791561529363	0.025082027524202362	3	3	3	1	160221045.83344314	2340104.192710071	0	-1.9186147452183155	60
full_step	4.892997642817832	0.09454961707254075	4	17	12	4.25	160221045.83344314	3508257.838804664	0	-1.8843388012898608	89
half_step_1	4.892997642817832	0.04727480853627038	4	17	12	4.25	160221045.83344314	3125025.521833653	0	-1.8843388012898608	89
half_step_2	4.940272451354103	0.04727480853627038	8	21	9	2.625	160221045.83344314	1561967.494216661	0.02938863955932902	-1.4928048852929792	182
full_step	4.9875472598903725	0.09454961707254075	1	0	0	0	160221045.83344314	250	0	0	0
full_step	4.9875472598903725	9.414199661095112e-05	1	0	0	0	160221045.83344314	250	0	0	0
half_step_1	4.9875472598903725	4.707099830547556e-05	0	0	0	0	160221045.83344314	250	0	0	0
half_step_2	4.987594330888678	4.707099830547556e-05	0	0	0	0	160221045.83344314	250	0	0	0
full_step	4.987641401886983	0.0004707099830547556	1	0	0	0	160221045.83344314	250	0	0	0
half_step_1	4.987641401886983	0.0002353549915273778	0	0	0	0	160221045.83344314	250	0	0	0
half_step_2	4.987876756878511	0.0002353549915273778	0	0	0	0	160221045.83344314	250	0	0	0
full_step	4.988112111870038	0.0023535499152737777	1	0	0	0	160221045.83344314	250	0	0	0
half_step_1	4.988112111870038	0.0011767749576368888	0	0	0	0	160221045.83344314	250	0	0	0
half_step_2	4.989288886827675	0.0011767749576368888	0	0	0	0	160221045.83344314	250	0	-1.8255221446860437	65
full_step	4.990465661785311	0.011767749576368888	11	3	3	0.2727272727272727	160221045.83344314	1782343.5275044492	0	-1.5370241791988424	192
half_step_1	4.990465661785311	0.005883874788184444	9	0	0	0	160221045.83344314	378630.993032941	0	-1.5370241791988424	192
half_step_2	4.996349536573496	0.005883874788184444	2	13	13	6.5	160221045.83344314	392533.6145886958	0	-1.5054359040320249	229
full_step	5.00223341136168	0.05740938820450626	7	0	0	0	160221045.83344314	11852151.115375137	0	-1.4373851237444641	230
half_step_1	5.00223341136168	0.02870469410225313	6	0	0	0	160221045.83344314	2369797.7907992476	0	-1.4373851237444641	230
half_step_2	5.0309381054639335	0.02870469410225313	4	17	15	4.25	160221045.83344314	902599.0350388258	0	-1.9487613739559497	60
full_step	5.059642799566187	0.09999999999999964	6	0	0	0	160221045.83344314	8922048.242035579	0	-1.627656800510271	116
half_step_1	5.059642799566187	0.04999999999999982	5	0	0	0	160221045.83344314	11533356.218365412	0	-1.627656800510271	116
half_step_2	5.109642799566187	0.04999999999999982	1	0	0	0	160221045.83344314	250	0	0	0
full_step	5.059642799566187	0.050257626359996706	6	0	0	0	160221045.83344314	11544959.426331518	0	-1.627656800510271	116
half_step_1	5.059642799566187	0.025128813179998353	7	0	0	0	160221045.83344314	3172935.1357078715	0	-1.627656800510271	116
half_step_2	5.084771612746185	0.025128813179998353	4	13	11	3.25	160221045.83344314	5493333.780414193	0	-1.67106308130669	115
full_step	5.109900425926184	0.09999999999999964	5	0	0	0	160221045.83344314	2678432.6901797433	0	-1.6333986963290843	155
half_step_1	5.109900425926184	0.04999999999999982	3	0	0	0	160221045.83344314	2462310.87882083	0	-1.6333986963290843	155
half_step_2	5.159900425926184	0.04999999999999982	3	3	3	1	160221045.83344314	1634450.0669017117	0	-1.5383555889220952	52
full_step	5.209900425926183	0.09999999999999964	5	0	0	0	160221045.83344314	7377730.478026479	0	-1.6169114285851847	111
half_step_1	5.209900425926183	0.04999999999999982	4	0	0	0	160221045.83344314	5185626.963798311	0	-1.6169114285851847	111
half_step_2	5.259900425926183	0.04999999999999982	1	0	0	0	160221045.83344314	250	0	0	0
full_step	5.209900425926183	0.05020116009861266	5	0	0	0	160221045.83344314	5560147.122132645	0	-1.6169114285851847	111
half_step_1	5.209900425926183	0.02510058004930633	3	13	12	4.333333333333333	160221045.83344314	1154956.3509261	0	-1.6169114285851847	111
half_step_2	5.23500100597549	0.02510058004930633	5	14	12	2.8	160221045.83344314	3402167.8352147206	0	-1.592410640493122	120
full_step	5.260101586024796	0.09999999999999964	5	0	0	0	160221045.83344314	10608748.441915123	0	-1.5734820006725092	143
half_step_1	5.260101586024796	0.04999999999999982	4	0	0	0	160221045.83344314	5835467.10647079	0	-1.5734820006725092	143
half_step_2	5.310101586024796	0.04999999999999982	1	0	0	0	160221045.83344314	250	0	0	0
full_step	5.260101586024796	0.05018554446301825	5	0	0	0	160221045.83344314	6230466.380975093	0	-1.5734820006725092	143
half_step_1	5.260101586024796	0.025092772231509124	6	0	0	0	160221045.83344314	1704253.1320216712	0	-1.5734820006725092	143
half_step_2	5.285194358256305	0.025092772231509124	2	14	14	7	160221045.83344314	814226.4132586155	0	-1.6688986624984956	115
full_step	5.310287130487815	0.09999999999999964	3	0	0	0	160221045.83344314	2561565.5944887246	0	-1.5624637887307897	150
half_step_1	5.310287130487815	0.04999999999999982	3	15	13	5	160221045.83344314	2161332.750801579	0	-1.5624637887307897	150
half_step_2	5.360287130487815	0.04999999999999982	9	17	8	1.8888888888888888	160221045.83344314	1261583.6537997574	1.1994241784195765	-1.4352792874328655	169
full_step	5.410287130487815	0.09999999999999964	3	0	0	0	160221045.83344314	8781135.616810206	0	-1.9501387087132664	50
half_step_1	5.410287130487815	0.04999999999999982	4	11	10	2.75	160221045.83344314	4346038.379730229	0	-1.9501387087132664	50
half_step_2	5.4602871304878144	0.04999999999999982	5	23	14	4.6	160221045.83344314	5502618.450607212	0	-1.8166654832751057	60
full_step	5.510287130487814	0.09999999999999964	5	0	0	0	160221045.83344314	16475214.581152666	0	-1.5864497969214857	237
half_step_1	5.510287130487814	0.04999999999999982	6	0	0	0	160221045.83344314	2662850.535378848	0	-1.5864497969214857	237
half_step_2	5.560287130487814	0.04999999999999982	5	15	11	3	160221045.83344314	7021559.562946391	0	-1.624773978439073	176
full_step	5.610287130487814	0.09999999999999964	5	0	0	0	160221045.83344314	11750836.006854324	0	-1.5697741556790352	199
half_step_1	5.610287130487814	0.04999999999999982	5	0	0	0	160221045.83344314	3437220.6850607335	0	-1.5697741556790352	199
half_step_2	5.660287130487814	0.04999999999999982	4	14	12	3.5	160221045.83344314	4171427.8481839984	0	-1.5307066099143516	124
full_step	5.710287130487814	0.09999999999999964	3	0	0	0	160221045.83344314	7188863.703354721	0	-1.5232207490113445	134
half_step_1	5.710287130487814	0.04999999999999982	5	16	13	3.2	160221045.83344314	4528470.0930019375	0	-1.5232207490113445	134
half_step_2	5.760287130487813	0.04999999999999982	5	0	0	0	160221045.83344314	2637926.8319834964	0	-1.4301101931093108	222
full_step	5.810287130487813	0.09999999999999964	5	15	12	3	160221045.83344314	4965014.256110384	0	-1.491623395870211	185
half_step_1	5.810287130487813	0.04999999999999982	2	12	12	6	160221045.83344314	2622768.9233493158	0	-1.491623395870211	185
half_step_2	5.860287130487813	0.04999999999999982	2	12	12	6	160221045.83344314	1869098.210243081	0	-1.488689019796076	185
full_step	5.910287130487813	0.09999999999999964	3	3	3	1	160221045.83344314	18244682.131231256	0	-1.4894933394696794	190
half_step_1	5.910287130487813	0.04999999999999982	4	19	12	4.75	160221045.83344314	6024445.851663668	0	-1.4894933394696794	190
half_step_2	5.960287130487813	0.04999999999999982	4	0	0	0	160221045.83344314	3439540.6345847077	0	-1.463466826217595	270
full_step	6.0102871304878125	0.09999999999999964	5	0	0	0	160221045.83344314	4189328.3546985174	0	-1.4668670940047848	267
half_step_1	6.0102871304878125	0.04999999999999982	2	0	0	0	160221045.83344314	2641159.025439424	0	-1.4668670940047848	267
half_step_2	6.060287130487812	0.04999999999999982	4	15	7	3.75	160221045.83344314	2374873.6474479046	0.07524622578785056	-1.5645134177187265	232
full_step	6.110287130487812	0.09999999999999964	3	4	4	1.3333333333333333	160221045.83344314	4071684.3683695938	0.11636344556063705	-1.4502956806386125	174
half_step_1	6.110287130487812	0.04999999999999982	2	0	0	0	160221045.83344314	1651742.619251324	0.11636344556063705	-1.4502956806386125	174
half_step_2	6.160287130487812	0.04999999999999982	2	0	0	0	160221045.83344314	1835574.2804723955	0.15363619798517902	-1.5070461467075635	205
full_step	6.210287130487812	0.09999999999999964	4	0	0	0	160221045.83344314	10192619.158936813	0.11886563913321879	-1.4643766249899846	269
half_step_1	6.210287130487812	0.04999999999999982	3	6	4	2	160221045.83344314	7183152.297139969	0.11886563913321879	-1.4643766249899846	269
half_step_2	6.260287130487812	0.04999999999999982	4	1	1	0.25	160221045.83344314	5677929.6809277255	0.014594781809137203	-1.3874101773993026	269
full_step	6.310287130487811	0.09999999999999964	4	11	7	2.75	160221045.83344314	8118779.94971264	0.08173025044197857	-1.388959790207468	282
half_step_1	6.310287130487811	0.04999999999999982	4	11	7	2.75	160221045.83344314	4873838.001456819	0.08173025044197857	-1.388959790207468	282
half_step_2	6.360287130487811	0.04999999999999982	2	0	0	0	160221045.83344314	4409173.297873487	0.07125874343182659	-1.384523534925789	271
full_step	6.410287130487811	0.09999999999999964	2	4	3	2	160221045.83344314	6068876.501847807	0.048287056628396385	-1.3916688686835048	284
half_step_1	6.410287130487811	0.04999999999999982	2	0	0	0	160221045.83344314	3980816.2422013916	0.048287056628396385	-1.3916688686835048	284
half_step_2	6.460287130487811	0.04999999999999982	2	0	0	0	160221045.83344314	3928094.41652738	0.04608518268469197	-1.397237628435313	269
full_step	6.510287130487811	0.09999999999999964	2	3	2	1.5	160221045.83344314	5818423.601315426	0.0524668457928783	-1.3789337162015198	275
half_step_1	6.510287130487811	0.04999999999999982	2	0	0	0	160221045.83344314	3757651.150889666	0.0524668457928783	-1.3789337162015198	275
half_step_2	6.5602871304878105	0.04999999999999982	2	2	2	1	160221045.83344314	3733032.672913159	0.04493467990869249	-1.3870486641626947	278
full_step	6.61028713048781	0.09999999999999964	2	3	2	1.5	160221045.83344314	5976675.836183763	0.05155678617848025	-1.383730340187197	280
half_step_1	6.61028713048781	0.04999999999999982	2	0	0	0	160221045.83344314	3767391.300142992	0.05155678617848025	-1.383730340187197	280
half_step_2	6.66028713048781	0.04999999999999982	2	0	0	0	160221045.83344314	4083753.4207629943	0.05641352123893739	-1.384333110703918	272
full_step	6.71028713048781	0.09999999999999964	2	4	2	2	160221045.83344314	5929559.969643656	0.051715323599637486	-1.3741668135003935	273
half_step_1	6.71028713048781	0.04999999999999982	2	0	0	0	160221045.83344314	3854577.6517784307	0.051715323599637486	-1.3741668135003935	273
half_step_2	6.76028713048781	0.04999999999999982	2	0	0	0	160221045.83344314	3838903.029246742	0.04606473461535643	-1.3744450000635744	289
full_step	6.81028713048781	0.09999999999999964	2	2	2	1	160221045.83344314	6275940.43691424	0.05256782949618355	-1.3784467289573175	267
half_step_1	6.81028713048781	0.04999999999999982	2	0	0	0	160221045.83344314	4068619.4564047833	0.05256782949618355	-1.3784467289573175	267
half_step_2	6.8602871304878095	0.04999999999999982	2	0	0	0	160221045.83344314	3919945.45893075	0.050606231452547945	-1.3824537558208787	282
full_step	6.910287130487809	0.09999999999999964	2	3	2	1.5	160221045.83344314	5714016.581440125	0.051225950386651675	-1.399078189867208	272
half_step_1	6.910287130487809	0.04999999999999982	2	0	0	0	160221045.83344314	3787393.2555898554	0.051225950386651675	-1.399078189867208	272
half_step_2	6.960287130487809	0.04999999999999982	2	0	0	0	160221045.83344314	3734368.8352792864	0.050793629367035464	-1.381302065827647	277
full_step	7.010287130487809	0.09999999999999964	2	3	2	1.5	160221045.83344314	6094967.420913347	0.047315910558609175	-1.3787978873487652	265
half_step_1	7.010287130487809	0.04999999999999982	1	0	0	0	160221045.83344314	4239134.307755671	0.047315910558609175	-1.3787978873487652	265
half_step_2	7.060287130487809	0.04999999999999982	2	0	0	0	160221045.83344314	3802298.690249088	0.048580520360701485	-1.3680827116531291	276
full_step	7.110287130487809	0.09999999999999964	2	3	2	1.5	160221045.83344314	5961152.396102256	0.048774317217976204	-1.4013928425207314	278
half_step_1	7.110287130487809	0.04999999999999982	1	0	0	0	160221045.83344314	4109558.924533987	0.048774317217976204	-1.4013928425207314	278
half_step_2	7.160287130487808	0.04999999999999982	2	0	0	0	160221045.83344314	3849957.149689886	0.04868535275818431	-1.4091677727197223	291
full_step	7.210287130487808	0.09999999999999964	2	3	2	1.5	160221045.83344314	5793905.711515309	0.05036655396725109	-1.3915183131708473	274
half_step_1	7.210287130487808	0.04999999999999982	2	0	0	0	160221045.83344314	3817349.1605562894	0.05036655396725109	-1.3915183131708473	274
half_step_2	7.260287130487808	0.04999999999999982	2	0	0	0	160221045.83344314	3843877.404008987	0.04734252389607718	-1.3721133738255245	266
full_step	7.310287130487808	0.09999999999999964	2	3	2	1.5	160221045.83344314	6195117.889571523	0.04460541641856253	-1.3552987576218745	258
half_step_1	7.310287130487808	0.04999999999999982	2	0	0	0	160221045.83344314	3789966.0564338313	0.04460541641856253	-1.3552987576218745	258
half_step_2	7.360287130487808	0.04999999999999982	2	0	0	0	160221045.83344314	3909371.9750464056	0.049306407036056044	-1.377154046715579	257
full_step	7.4102871304878075	0.09999999999999964	1	1	1	1	160221045.83344314	5728482.372437766	0.0502872602755815	-1.3774905218218678	268
half_step_1	7.4102871304878075	0.04999999999999982	2	0	0	0	160221045.83344314	3723525.851367969	0.0502872602755815	-1.3774905218218678	268
half_step_2	7.460287130487807	0.04999999999999982	2	0	0	0	160221045.83344314	3889420.42154424	0.05115433313585527	-1.3830122483450964	270
full_step	7.510287130487807	0.09999999999999964	2	3	2	1.5	160221045.83344314	5844702.90132784	0.04909620000216819	-1.3666287707088494	280
half_step_1	7.510287130487807	0.04999999999999982	2	0	0	0	160221045.83344314	3627012.82939451	0.04909620000216819	-1.3666287707088494	280
half_step_2	7.560287130487807	0.04999999999999982	2	0	0	0	160221045.83344314	4219935.478735661	0.04987552411148499	-1.3917778150147093	283
full_step	7.610287130487807	0.09999999999999964	2	3	2	1.5	160221045.83344314	6049060.428314983	0.04985253077211382	-1.4072987614202044	283
half_step_1	7.610287130487807	0.04999999999999982	2	0	0	0	160221045.83344314	4004426.443969094	0.04985253077211382	-1.4072987614202044	283
half_step_2	7.660287130487807	0.04999999999999982	2	0	0	0	160221045.83344314	3991907.174496951	0.04872525161590602	-1.3703774724027842	276
full_step	7.7102871304878065	0.09999999999999964	2	3	2	1.5	160221045.83344314	6141540.739560771	0.047749535808179644	-1.3820553978852324	275
half_step_1	7.7102871304878065	0.04999999999999982	2	0	0	0	160221045.83344314	4135962.858980672	0.047749535808179644	-1.3820553978852324	275
half_step_2	7.760287130487806	0.04999999999999982	2	0	0	0	160221045.83344314	3710278.046153919	0.05170515961981437	-1.3694621724519387	262
full_step	7.810287130487806	0.09999999999999964	2	3	2	1.5	160221045.83344314	6478392.563017624	0.046238092127168784	-1.3703000235608525	283
half_step_1	7.810287130487806	0.04999999999999982	2	0	0	0	160221045.83344314	4095084.6826820434	0.046238092127168784	-1.3703000235608525	283
half_step_2	7.860287130487806	0.04999999999999982	2	0	0	0	160221045.83344314	4243270.815383943	0.045602596112075844	-1.382763356993361	274
full_step	7.910287130487806	0.09999999999999964	1	1	1	1	160221045.83344314	5385312.59269389	0.04875892102427315	-1.4058219624334123	267
half_step_1	7.910287130487806	0.04999999999999982	1	0	0	0	160221045.83344314	3728051.780600585	0.04875892102427315	-1.4058219624334123	267
half_step_2	7.960287130487806	0.04999999999999982	2	0	0	0	160221045.83344314	3575369.6352787614	0.055584530911801266	-1.3844489908040722	286
full_step	8.010287130487805	0.09999999999999964	2	2	2	1	160221045.83344314	6451690.407226755	0.048588101297355024	-1.3815863513742717	284
half_step_1	8.010287130487805	0.04999999999999982	2	2	2	1	160221045.83344314	4182343.9963697125	0.048588101297355024	-1.3815863513742717	284
half_step_2	8.060287130487804	0.04999999999999982	2	0	0	0	160221045.83344314	4147466.34237641	0.04712675363771268	-1.3802648360437986	273
full_step	8.110287130487805	0.09999999999999964	2	3	2	1.5	160221045.83344314	6147670.642192679	0.04485352782830887	-1.3843008908261492	269
half_step_1	8.110287130487805	0.04999999999999982	1	0	0	0	160221045.83344314	4291814.292039927	0.04485352782830887	-1.3843008908261492	269
half_step_2	8.160287130487806	0.04999999999999982	2	0	0	0	160221045.83344314	3669689.9121464523	0.051255748212497565	-1.3649853843437492	283
full_step	8.210287130487805	0.09999999999999964	2	3	2	1.5	160221045.83344314	5516901.195553271	0.05526737600121123	-1.3947708246545196	269
half_step_1	8.210287130487805	0.04999999999999982	2	0	0	0	160221045.83344314	3649153.4504670002	0.05526737600121123	-1.3947708246545196	269
half_step_2	8.260287130487804	0.04999999999999982	2	0	0	0	160221045.83344314	3772513.378411534	0.051666945717443014	-1.3744006954212349	267
full_step	8.310287130487804	0.09999999999999964	2	3	2	1.5	160221045.83344314	6164144.930729352	0.04980137086749892	-1.3645319631521637	275
half_step_1	8.310287130487804	0.04999999999999982	1	0	0	0	160221045.83344314	4110796.3569855425	0.04980137086749892	-1.3645319631521637	275
half_step_2	8.360287130487805	0.04999999999999982	2	0	0	0	160221045.83344314	4180022.9652430764	0.04729392927947629	-1.3744751831646125	279
full_step	8.410287130487804	0.09999999999999964	2	3	2	1.5	160221045.83344314	6058973.977949907	0.04976411122697755	-1.3685727276815292	268
half_step_1	8.410287130487804	0.04999999999999982	2	0	0	0	160221045.83344314	3838529.5974339778	0.04976411122697755	-1.3685727276815292	268
half_step_2	8.460287130487803	0.04999999999999982	2	2	2	1	160221045.83344314	3973811.2055178722	0.04903684578130196	-1.3618045283728697	279
full_step	8.510287130487804	0.09999999999999964	2	3	2	1.5	160221045.83344314	6189849.558326582	0.04768627912562806	-1.3768204824139716	268
half_step_1	8.510287130487804	0.04999999999999982	2	0	0	0	160221045.83344314	4029908.8427295196	0.04768627912562806	-1.3768204824139716	268
half_step_2	8.560287130487804	0.04999999999999982	2	2	2	1	160221045.83344314	3648837.0283380197	0.04610555429462693	-1.368521506907321	265
full_step	8.610287130487803	0.09999999999999964	2	3	2	1.5	160221045.83344314	6379835.950084996	0.049168075041961856	-1.3745872003705153	279
half_step_1	8.610287130487803	0.04999999999999982	2	0	0	0	160221045.83344314	4215221.214448887	0.049168075041961856	-1.3745872003705153	279
half_step_2	8.660287130487802	0.04999999999999982	2	0	0	0	160221045.83344314	4009511.245144917	0.0475367119161092	-1.3797608178751923	274
full_step	8.710287130487803	0.09999999999999964	2	3	2	1.5	160221045.83344314	5643018.283132586	0.05124665776747861	-1.3650597768128694	272
half_step_1	8.710287130487803	0.04999999999999982	2	0	0	0	160221045.83344314	3607630.371051523	0.05124665776747861	-1.3650597768128694	272
half_step_2	8.760287130487804	0.04999999999999982	2	0	0	0	160221045.83344314	3825501.6269563525	0.04964924044725194	-1.3963171130032475	276
full_step	8.810287130487803	0.09999999999999964	2	2	2	1	160221045.83344314	5810936.220879088	0.054106804929688224	-1.3754596371126235	269
half_step_1	8.810287130487803	0.04999999999999982	2	0	0	0	160221045.83344314	3789446.0472769453	0.054106804929688224	-1.3754596371126235	269
half_step_2	8.860287130487801	0.04999999999999982	2	0	0	0	160221045.83344314	3960348.971907249	0.05428012127231341	-1.3528168016183901	276
full_step	8.910287130487802	0.09999999999999964	2	3	2	1.5	160221045.83344314	6678016.660973864	0.04400102941508521	-1.3772045100218502	273
half_step_1	8.910287130487802	0.04999999999999982	2	0	0	0	160221045.83344314	4537896.354468657	0.04400102941508521	-1.3772045100218502	273
half_step_2	8.960287130487803	0.04999999999999982	2	0	0	0	160221045.83344314	3768486.735835117	0.047295811362346285	-1.380004025353338	277
full_step	9.010287130487802	0.09999999999999964	2	3	2	1.5	160221045.83344314	6122466.235185845	0.05312998147019243	-1.3752494862798712	265
half_step_1	9.010287130487802	0.04999999999999982	2	0	0	0	160221045.83344314	4115954.7831264148	0.05312998147019243	-1.3752494862798712	265
half_step_2	9.0602871304878	0.04999999999999982	2	0	0	0	160221045.83344314	3777437.037780552	0.04926519066430046	-1.390027592332358	286
full_step	9.110287130487801	0.09999999999999964	2	3	2	1.5	160221045.83344314	5981586.42114372	0.04787801355814736	-1.3771299304013884	288
half_step_1	9.110287130487801	0.04999999999999982	2	0	0	0	160221045.83344314	3901516.0743792555	0.04787801355814736	-1.3771299304013884	288
half_step_2	9.160287130487802	0.04999999999999982	2	2	2	1	160221045.83344314	3737772.931972168	0.04961432202071592	-1.3760736741620196	264
full_step	9.210287130487801	0.09999999999999964	2	3	2	1.5	160221045.83344314	5929575.9578763535	0.06033229941749596	-1.3610291467940485	264
half_step_1	9.210287130487801	0.04999999999999982	2	0	0	0	160221045.83344314	3787956.2705962528	0.06033229941749596	-1.3610291467940485	264
half_step_2	9.2602871304878	0.04999999999999982	2	0	0	0	160221045.83344314	3585435.123361411	0.048787644462208846	-1.3674968932853362	275
full_step	9.3102871304878	0.09999999999999964	3	4	2	1.3333333333333333	160221045.83344314	6756127.5630731825	0.04717186157904507	-1.3732186093712506	272
half_step_1	9.3102871304878	0.04999999999999982	2	0	0	0	160221045.83344314	4416577.315712352	0.04717186157904507	-1.3732186093712506	272
half_step_2	9.360287130487801	0.04999999999999982	2	0	0	0	160221045.83344314	4354974.244414142	0.051466492799590924	-1.378793513279446	270
full_step	9.4102871304878	0.09999999999999964	2	3	2	1.5	160221045.83344314	6222574.327098366	0.04593499420116132	-1.3799400644388702	269
half_step_1	9.4102871304878	0.04999999999999982	2	0	0	0	160221045.83344314	4020147.120720575	0.04593499420116132	-1.3799400644388702	269
half_step_2	9.4602871304878	0.04999999999999982	2	0	0	0	160221045.83344314	3821131.1000792533	0.04826360395782103	-1.4188825495154511	283
full_step	9.5102871304878	0.09999999999999964	2	3	2	1.5	160221045.83344314	5745204.055567721	0.053466726987608126	-1.3744841629178361	264
half_step_1	9.5102871304878	0.04999999999999982	2	0	0	0	160221045.83344314	3697380.755761073	0.053466726987608126	-1.3744841629178361	264
half_step_2	9.5602871304878	0.04999999999999982	2	0	0	0	160221045.83344314	4000932.883621021	0.051193404779041884	-1.3794453488825995	275
full_step	9.6102871304878	0.09999999999999964	2	2	2	1	160221045.83344314	5791328.815611698	0.04742840867584164	-1.384109570591776	275
half_step_1	9.6102871304878	0.04999999999999982	2	0	0	0	160221045.83344314	3643209.8603132437	0.04742840867584164	-1.384109570591776	275
half_step_2	9.660287130487799	0.04999999999999982	2	0	0	0	160221045.83344314	3958477.932982843	0.05116250925857457	-1.381191153629679	285
full_step	9.7102871304878	0.09999999999999964	2	3	2	1.5	160221045.83344314	6275857.684188284	0.0477857056830544	-1.382998422526221	270
half_step_1	9.7102871304878	0.04999999999999982	2	0	0	0	160221045.83344314	4210662.328434445	0.0477857056830544	-1.382998422526221	270
half_step_2	9.7602871304878	0.04999999999999982	2	0	0	0	160221045.83344314	4029786.6695428113	0.04616649275703821	-1.3780642867692472	289
full_step	9.810287130487799	0.09999999999999964	2	3	2	1.5	160221045.83344314	5944964.659660119	0.04462708396567905	-1.392111384194912	270
half_step_1	9.810287130487799	0.04999999999999982	1	0	0	0	160221045.83344314	4149492.5408247286	0.04462708396567905	-1.392111384194912	270
half_step_2	9.860287130487798	0.04999999999999982	2	0	0	0	160221045.83344314	3782911.3895726195	0.05194534892325464	-1.3760887090601361	285
full_step	9.910287130487799	0.08971286951220137	2	3	2	1.5	160221045.83344314	5684986.8453433905	0.05072420895885443	-1.3889976263811192	282
half_step_1	9.910287130487799	0.04485643475610068	2	0	0	0	160221045.83344314	3556295.0553261084	0.05072420895885443	-1.3889976263811192	282
half_step_2	9.9551435652439	0.04485643475610068	2	0	0	0	160221045.83344314	4139060.7467858843	0.04126957926382602	-1.390487005851858	291
