# Converted from Thingi10K 39208.stl
# welded vertices: 2028, faces: 4076
v -0.05 -0.0271843391 -0.0157087933
v -0.05 -0.0271843391 -0.014137914
v -0.0499231735 -0.0261115333 -0.0157087933
v -0.0499231735 -0.0261115333 -0.014137914
v -0.0498927404 -0.0282545059 -0.0157087933
v -0.0498927404 -0.0282545059 -0.014137914
v -0.0496645021 -0.0250675478 -0.0157087933
v -0.0496645021 -0.0250675478 -0.014137914
v -0.0496045573 -0.0292907208 -0.0157087933
v -0.0496045573 -0.0292907208 -0.014137914
v -0.0492315887 -0.0240829835 -0.0157087933
v -0.0492315887 -0.0240829835 -0.014137914
v -0.0491438708 -0.0302626133 -0.0157087933
v -0.0491438708 -0.0302626133 -0.014137914
v -0.048637126 -0.0231866607 -0.0157087933
v -0.048637126 -0.0231866607 -0.014137914
v -0.0485241903 -0.0311416983 -0.0157087933
v -0.0485241903 -0.0311416983 -0.014137914
v -0.0478984986 -0.0224048655 -0.0157087933
v -0.0478984986 -0.0224048655 -0.014137914
v -0.0477636752 -0.0319022134 -0.0157087933
v -0.0477636752 -0.0319022134 -0.014137914
v -0.0470373635 -0.0217604698 -0.0157087933
v -0.0470373635 -0.0217604698 -0.014137914
v -0.0468845902 -0.0325218939 -0.0157087933
v -0.0468845902 -0.0325218939 -0.014137914
v -0.0460789386 -0.0212723871 -0.0157087933
v -0.0460789386 -0.0212723871 -0.014137914
v -0.0459126976 -0.0329825804 -0.0157087933
v -0.0459126976 -0.0329825804 -0.014137914
v -0.0450513321 -0.0209549019 -0.0157087933
v -0.0450513321 -0.0209549019 -0.014137914
v -0.0448764828 -0.0332707635 -0.0157087933
v -0.0448764828 -0.0332707635 -0.014137914
v -0.0439846213 -0.0208173139 -0.0157087933
v -0.0439846213 -0.0208173139 -0.014137914
v -0.0439846213 -0.0208173139 0.0157087933
v -0.0439846213 0.0124329653 -0.00451365995
v -0.0439846213 0.0124966048 -0.0052410818
v -0.0439846213 0.0124966048 -0.00378624438
v -0.0439846213 0.0126855921 -0.00594638568
v -0.0439846213 0.0126855921 -0.00308093212
v -0.0439846213 0.0129941861 -0.00660816572
v -0.0439846213 0.0129941861 -0.00241915417
v -0.0439846213 0.0134130076 -0.00720629374
v -0.0439846213 0.0134130076 -0.00182101568
v -0.0439846213 0.0139293305 -0.0077226313
v -0.0439846213 0.0139293305 -0.00130468859
v -0.0439846213 0.014527469 -0.00814144868
v -0.0439846213 0.014527469 -0.000885869124
v -0.0439846213 0.0151892491 -0.00845005316
v -0.0439846213 0.0151892491 -0.00057727721
v -0.0439846213 0.0158945634 -0.00863904041
v -0.0439846213 0.0158945634 -0.000388287859
v -0.0439846213 0.0166219769 -0.0087026715
v -0.0439846213 0.0166219769 -0.000324648395
v -0.0439846213 0.0173493925 -0.00863904041
v -0.0439846213 0.0173493925 -0.000388287859
v -0.0439846213 0.0180547026 -0.00845005316
v -0.0439846213 0.0180547026 -0.00057727721
v -0.0439846213 0.0187164827 -0.00814144868
v -0.0439846213 0.0187164827 -0.000885869124
v -0.0439846213 0.0193146212 -0.0077226313
v -0.0439846213 0.0193146212 -0.00130468859
v -0.0439846213 0.0198309482 -0.00720629374
v -0.0439846213 0.0198309482 -0.00182101568
v -0.0439846213 0.0202497656 -0.00660816572
v -0.0439846213 0.0202497656 -0.00241915417
v -0.0439846213 0.0205583596 -0.00594638568
v -0.0439846213 0.0205583596 -0.00308093212
v -0.0439846213 0.0207473469 -0.0052410818
v -0.0439846213 0.0207473469 -0.00378624438
v -0.0439846213 0.0208109884 -0.00451365995
v -0.0439846213 0.0268326926 -0.0157087933
v -0.0439846213 0.0268326926 0.0157087933
v -0.0439104549 -0.0217998256 -0.014137914
v -0.0439104549 -0.0217998256 0.0157087933
v -0.0438851951 0.0279692761 -0.0157087933
v -0.0438851951 0.0279692761 0.0157087933
v -0.043806316 -0.0333780231 -0.0157087933
v -0.043806316 -0.0333780231 -0.014137914
v -0.0436896521 -0.0227600727 -0.014137914
v -0.0436896521 -0.0227600727 0.0157087933
v -0.0435898907 0.0290713213 -0.0157087933
v -0.0435898907 0.0290713213 0.0157087933
v -0.0433271978 -0.0236762933 -0.014137914
v -0.0433271978 -0.0236762933 0.0157087933
v -0.0431077146 0.0301053578 -0.0157087933
v -0.0431077146 0.0301053578 0.0157087933
v -0.0428313445 -0.0245277308 -0.014137914
v -0.0428313445 -0.0245277308 0.0157087933
v -0.0427335102 -0.0333011757 -0.0157087933
v -0.0427335102 -0.0333011757 -0.014137914
v -0.0424533072 0.0310399473 -0.0157087933
v -0.0424533072 0.0310399473 0.0157087933
v -0.0422132768 -0.0252950949 -0.014137914
v -0.0422132768 -0.0252950949 0.0157087933
v -0.0419170718 -0.0255912999 -0.014137914
v -0.0419170718 -0.0255912999 0.0157087933
v -0.0416895457 -0.0330425252 -0.0157087933
v -0.0416895457 -0.0330425252 -0.014137914
v -0.0416465454 0.031846709 -0.0157087933
v -0.0416465454 0.031846709 0.0157087933
v -0.0411497077 -0.0262093676 -0.014137914
v -0.0411497077 -0.0262093676 0.0157087933
v -0.0407192659 -0.0164015071 -0.0157087933
v -0.040711956 0.0325011164 -0.0157087933
v -0.040711956 0.0325011164 0.0157087933
v -0.0407049604 -0.0326096327 -0.0157087933
v -0.0407049604 -0.0326096327 -0.014137914
v -0.0406921001 -0.014971211 -0.0157087933
v -0.040499636 -0.0178150702 -0.0157087933
v -0.0404189556 -0.0135669936 -0.0157087933
v -0.0402982702 -0.0267052209 -0.014137914
v -0.0402982702 -0.0267052209 0.0157087933
v -0.0400397872 -0.0191696897 -0.0157087933
v -0.0399080009 -0.0122308246 -0.0157087933
v -0.0398086585 -0.0320151491 -0.0157087933
v -0.0398086585 -0.0320151491 -0.014137914
v -0.0396779195 0.0329832925 -0.0157087933
v -0.0396779195 0.0329832925 0.0157087933
v -0.0394245681 -0.0225063861 -0.0157087933
v -0.0394245681 -0.0225063861 -0.014137914
v -0.0393820496 -0.0270676752 -0.014137914
v -0.0393820496 -0.0270676752 0.0157087933
v -0.0393534596 -0.0204248244 -0.0157087933
v -0.039174505 -0.0110026483 -0.0157087933
v -0.039128363 -0.0228025912 -0.0157087933
v -0.039128363 -0.0228025912 -0.014137914
v -0.0390268423 -0.0312765217 -0.0157087933
v -0.0390268423 -0.0312765217 -0.014137914
v -0.0385758743 0.033278576 -0.0157087933
v -0.0385758743 0.033278576 0.0157087933
v -0.0384611792 -0.0215429973 -0.0157087933
v -0.0384218025 -0.027288478 -0.014137914
v -0.0384218025 -0.027288478 0.0157087933
v -0.0383824676 -0.0304153866 -0.0157087933
v -0.0383824676 -0.0304153866 -0.014137914
v -0.0382404183 -0.00991915836 -0.0157087933
v -0.0381649742 -0.0218392023 -0.0157087933
v -0.037894364 -0.0294569617 -0.0157087933
v -0.037894364 -0.0294569617 -0.014137914
v -0.0375768788 -0.0284293553 -0.0157087933
v -0.0375768788 -0.0284293553 -0.014137914
v -0.0374392908 -0.0273626444 -0.0157087933
v -0.0374392908 -0.0273626444 -0.014137914
v -0.0374392908 -0.0273626444 0.0157087933
v -0.0374392908 0.0333780231 -0.0157087933
v -0.0374392908 0.0333780231 0.0157087933
v -0.0371336395 -0.00901280288 -0.0157087933
v -0.0370468013 -0.0227314827 -0.0157087933
v -0.0361268734 -0.0159996762 0.0157087933
v -0.0361218676 -0.0160903683 -0.0111008806
v -0.0361201501 -0.015999804 -0.0111008806
v -0.0361098242 -0.0154566986 -0.0111008806
v -0.03609998 -0.0153729393 0.0157087933
v -0.0360937802 -0.0153741541 -0.0111008806
v -0.0360464863 -0.0166218303 0.0157087933
v -0.0360394488 -0.016620739 -0.0111008806
v -0.0360245568 -0.0167166255 -0.0111008806
v -0.0359888246 -0.0148345676 -0.0111008806
v -0.0359666018 -0.0147599613 0.0157087933
v -0.0359610933 -0.0147620746 -0.0111008806
v -0.0358872829 -0.00831064285 -0.0157087933
v -0.0358612063 -0.0172211731 0.0157087933
v -0.0358541059 -0.0172187644 -0.0111008806
v -0.0358208242 -0.0173167643 -0.0111008806
v -0.0357916687 -0.0234178103 -0.0157087933
v -0.0357624504 -0.0142425953 -0.0111008806
v -0.0357306767 -0.0141787129 0.0157087933
v -0.0357259641 -0.0141815216 -0.0111008806
v -0.0355764373 -0.0177801108 0.0157087933
v -0.0355695254 -0.0177763428 -0.0111008806
v -0.0355167648 -0.0178728576 -0.0111008806
v -0.0354374878 -0.0136984636 -0.0111008806
v -0.0353990746 -0.0136461848 0.0157087933
v -0.0353952626 -0.0136494731 -0.0111008806
v -0.0352005364 -0.0182823314 -0.0111008806
v -0.0352005364 -0.0182823314 0.0157087933
v -0.0350236344 -0.0132184448 -0.0111008806
v -0.0349815139 -0.0131780208 0.0157087933
v -0.0349786235 -0.0131815606 -0.0111008806
v -0.0349043314 -0.0185785574 -0.0111008806
v -0.0349043314 -0.0185785574 0.0157087933
v -0.0345386097 -0.0078336799 -0.0157087933
v -0.0345333106 -0.0128168883 -0.0111008806
v -0.0344948345 -0.0188947859 -0.0111008806
v -0.0344902476 -0.0127878982 0.0157087933
v -0.0344882368 -0.0127915007 -0.0111008806
v -0.0344370471 -0.0238776591 -0.0157087933
v -0.0344021108 -0.0189544583 0.0157087933
v -0.0343983197 -0.0189475465 -0.0111008806
v -0.0339811151 -0.0125058102 -0.0111008806
v -0.0339396648 -0.0124872738 0.0157087933
v -0.0339387432 -0.0191988453 -0.0111008806
v -0.03393845 -0.0124907088 -0.0111008806
v -0.03384315 -0.0192392273 0.0157087933
v -0.0338407413 -0.019232127 -0.0111008806
v -0.0335120924 0.00876758023 -0.00451365995
v -0.0335120924 0.00888690423 -0.00587756022
v -0.0335120924 0.00888690423 -0.00314975758
v -0.0335120924 0.00924125272 -0.00720003117
v -0.0335120924 0.00924125272 -0.00182729711
v -0.0335120924 0.00981986203 -0.00844085828
v -0.0335120924 0.00981986203 -0.000586461617
v -0.0335120924 0.010605153 -0.0095623614
v -0.0335120924 0.010605153 0.000535049879
v -0.0335120924 0.0115732754 -0.0105304839
v -0.0335120924 0.0115732754 0.00150315768
v -0.0335120924 0.0124329653 -0.00451365995
v -0.0335120924 0.0124966048 -0.0052410818
v -0.0335120924 0.0124966048 -0.00378624438
v -0.0335120924 0.0126855921 -0.00594638568
v -0.0335120924 0.0126855921 -0.00308093212
v -0.0335120924 0.0126947786 -0.0113157769
v -0.0335120924 0.0126947786 0.00228844863
v -0.0335120924 0.0129941861 -0.00660816572
v -0.0335120924 0.0129941861 -0.00241915417
v -0.0335120924 0.0134130076 -0.00720629374
v -0.0335120924 0.0134130076 -0.00182101568
v -0.0335120924 0.0139293305 -0.0077226313
v -0.0335120924 0.0139293305 -0.00130468859
v -0.0335120924 0.0139356161 -0.0118943841
v -0.0335120924 0.0139356161 0.00286705795
v -0.0335120924 0.014527469 -0.00814144868
v -0.0335120924 0.014527469 -0.000885869124
v -0.0335120924 0.0151892491 -0.00845005316
v -0.0335120924 0.0151892491 -0.00057727721
v -0.0335120924 0.0152580745 -0.0122487326
v -0.0335120924 0.0152580745 0.00322141062
v -0.0335120924 0.0158945634 -0.00863904041
v -0.0335120924 0.0158945634 -0.000388287859
v -0.0335120924 0.0166219769 -0.0123680566
v -0.0335120924 0.0166219769 -0.0087026715
v -0.0335120924 0.0166219769 -0.000324648395
v -0.0335120924 0.0166219769 0.00334073671
v -0.0335120924 0.0173493925 -0.00863904041
v -0.0335120924 0.0173493925 -0.000388287859
v -0.0335120924 0.0179858772 -0.0122487326
v -0.0335120924 0.0179858772 0.00322141062
v -0.0335120924 0.0180547026 -0.00845005316
v -0.0335120924 0.0180547026 -0.00057727721
v -0.0335120924 0.0187164827 -0.00814144868
v -0.0335120924 0.0187164827 -0.000885869124
v -0.0335120924 0.0193083376 -0.0118943841
v -0.0335120924 0.0193083376 0.00286705795
v -0.0335120924 0.0193146212 -0.0077226313
v -0.0335120924 0.0193146212 -0.00130468859
v -0.0335120924 0.0198309482 -0.00720629374
v -0.0335120924 0.0198309482 -0.00182101568
v -0.0335120924 0.0202497656 -0.00660816572
v -0.0335120924 0.0202497656 -0.00241915417
v -0.0335120924 0.0205491752 -0.0113157769
v -0.0335120924 0.0205491752 0.00228844863
v -0.0335120924 0.0205583596 -0.00594638568
v -0.0335120924 0.0205583596 -0.00308093212
v -0.0335120924 0.0207473469 -0.0052410818
v -0.0335120924 0.0207473469 -0.00378624438
v -0.0335120924 0.0208109884 -0.00451365995
v -0.0335120924 0.0216706783 -0.0105304839
v -0.0335120924 0.0216706783 0.00150315768
v -0.0335120924 0.0226388008 -0.0095623614
v -0.0335120924 0.0226388008 0.000535049879
v -0.0335120924 0.0234240939 -0.00844085828
v -0.0335120924 0.0234240939 -0.000586461617
v -0.0335120924 0.0240027011 -0.00720003117
v -0.0335120924 0.0240027011 -0.00182729711
v -0.0335120924 0.0243570496 -0.00587756022
v -0.0335120924 0.0243570496 -0.00314975758
v -0.0335120924 0.0244763736 -0.00451365995
v -0.0333835945 -0.0122944976 -0.0111008806
v -0.0333458724 -0.0122849445 0.0157087933
v -0.0333453488 -0.0122880444 -0.0111008806
v -0.0333386045 -0.0194025799 -0.0111008806
v -0.0332438072 -0.0194245094 0.0157087933
v -0.033242718 -0.0194174698 -0.0111008806
v -0.0331279182 -0.00759618389 -0.0157087933
v -0.0330234652 -0.024097268 -0.0157087933
v -0.0327586149 -0.0121892696 -0.0111008806
v -0.0327262967 -0.012189477 -0.0111008806
v -0.0327262757 -0.0121868169 0.0157087933
v -0.0327123473 -0.0194998886 -0.0111008806
v -0.0326218018 -0.0194981711 -0.0111008806
v -0.0326216552 -0.0195048944 0.0157087933
v -0.0321248384 -0.012193289 -0.0111008806
v -0.0320993902 -0.012197899 -0.0111008806
v -0.0320990132 -0.0121957814 0.0157087933
v -0.0320786755 -0.0194878452 -0.0111008806
v -0.031996131 -0.0194717803 -0.0111008806
v -0.0319949162 -0.019478001 0.0157087933
v -0.0316974126 -0.00760523425 -0.0157087933
v -0.03159319 -0.0240701232 -0.0157087933
v -0.0315012412 -0.0123064132 -0.0111008806
v -0.0314830399 -0.0123130968 -0.0111008806
v -0.0314824744 -0.0123115678 0.0157087933
v -0.0314565445 -0.0193668456 -0.0111008806
v -0.0313840536 -0.0193391164 -0.0111008806
v -0.0313819382 -0.019344625 0.0157087933
v -0.0309064435 -0.0125252702 -0.0111008806
v -0.0308952588 -0.0125317611 -0.0111008806
v -0.0308947142 -0.0125307976 0.0157087933
v -0.0308645743 -0.0191404714 -0.0111008806
v -0.0308034985 -0.0191039851 -0.0111008806
v -0.0308006919 -0.0191086789 0.0157087933
v -0.0303582485 -0.0128433188 -0.0111008806
v -0.0303532845 -0.0128474659 -0.0111008806
v -0.0303529284 -0.012847047 0.0157087933
v -0.0303204426 -0.0188155109 -0.0111008806
v -0.0302898419 -0.00786057545 -0.0157087933
v -0.0302714521 -0.0187732836 -0.0111008806
v -0.0302681638 -0.0187770998 0.0157087933
v -0.0301889705 -0.0237969787 -0.0157087933
v -0.0298730143 -0.0132510374 -0.0111008806
v -0.0298730143 -0.0132510374 0.0157087933
v -0.0298404238 -0.0184016575 -0.0111008806
v -0.0298035395 -0.0183566466 -0.0111008806
v -0.0297999998 -0.0183595349 0.0157087933
v -0.0294694449 -0.0137313306 -0.0111008806
v -0.029469026 -0.0137309494 0.0157087933
v -0.0294652978 -0.0137362716 -0.0111008806
v -0.0294388651 -0.0179113316 -0.0111008806
v -0.0294134797 -0.0178662578 -0.0111008806
v -0.0294098772 -0.0178682707 0.0157087933
v -0.0291537401 -0.0142732819 -0.0111008806
v -0.0291527766 -0.0142727373 0.0157087933
v -0.0291472471 -0.0142844666 -0.0111008806
v -0.0291277891 -0.0173591382 -0.0111008806
v -0.0291126878 -0.0173164731 -0.0111008806
v -0.0291092528 -0.0173176858 0.0157087933
v -0.0289473056 -0.00835458768 -0.0157087933
v -0.0289350737 -0.0148610631 -0.0111008806
v -0.0289335447 -0.0148604954 0.0157087933
v -0.0289283922 -0.0148792643 -0.0111008806
v -0.0289164745 -0.0167616176 -0.0111008806
v -0.0289100234 -0.0167233698 -0.0111008806
v -0.0289069026 -0.0167238976 0.0157087933
v -0.0288528015 -0.023286024 -0.0157087933
v -0.0288198759 -0.0154774321 -0.0111008806
v -0.0288177604 -0.0154770363 0.0157087933
v -0.028815247 -0.0155028594 -0.0111008806
v -0.0288114559 -0.0161043198 -0.0111008806
v -0.0288112465 -0.016136638 -0.0111008806
v -0.0288087959 -0.0161042988 0.0157087933
v -0.0277099344 -0.0090724565 -0.0157087933
v -0.0276246042 -0.0225525281 -0.0157087933
v -0.0266147383 -0.00999276139 -0.0157087933
v -0.0265411374 -0.0216184414 -0.0157087933
v -0.0256944334 -0.0110879575 -0.0157087933
v -0.0256347819 -0.0205116626 -0.0157087933
v -0.0249765415 -0.0123253266 -0.0157087933
v -0.0249326197 -0.019265306 -0.0157087933
v -0.0244825523 -0.013667865 -0.0157087933
v -0.0244556589 -0.0179166349 -0.0157087933
v -0.0242272111 -0.0150754357 -0.0157087933
v -0.0242181629 -0.0165059392 -0.0157087933
v -0.02356319 0.0166219769 0.0115197818
v -0.02356319 0.0166219769 0.0157087933
v -0.02356319 0.0333780231 0.0115197818
v -0.02356319 0.0333780231 0.0157087933
v -0.0233437277 0.0134134559 0.0115197818
v -0.0233437277 0.0134134559 0.0157087933
v -0.0226894041 0.0102647141 0.0115197818
v -0.0226894041 0.0102647141 0.0157087933
v -0.0216124301 0.00723438106 0.0115197818
v -0.0216124301 0.00723438106 0.0157087933
v -0.0201596202 0.0333780231 -0.0157087933
v -0.0201596202 0.0333780231 0.0115197818
v -0.0201328524 0.00437892249 0.0115197818
v -0.0201328524 0.00437892249 0.0157087933
v -0.0196359937 -0.0273626444 -0.00451365995
v -0.0195286105 -0.0273626444 -0.005741166
v -0.0195286105 -0.0273626444 -0.00328614761
v -0.019209678 -0.0273626444 -0.00693138986
v -0.019209678 -0.0273626444 -0.00209593423
v -0.0190230366 0.033278576 -0.0157087933
v -0.0190230366 0.033278576 0.0115197818
v -0.0188176494 -0.0272910542 -0.00451365995
v -0.0187226866 -0.0272910542 -0.00559907473
v -0.0187226866 -0.0272910542 -0.00342825145
v -0.018688942 -0.0273626444 -0.00804813845
v -0.018688942 -0.0273626444 -0.00097918145
v -0.0184407012 -0.0272910542 -0.00665150105
v -0.0184407012 -0.0272910542 -0.00237582304
v -0.0182782304 0.00175153108 0.0115197818
v -0.0182782304 0.00175153108 0.0157087933
v -0.0180241668 -0.0270784409 -0.00451365995
v -0.0179821741 -0.0273626444 -0.00905750172
v -0.0179821741 -0.0273626444 3.01776392e-05
v -0.0179802241 -0.0272910542 -0.00763897674
v -0.0179802241 -0.0272910542 -0.00138835153
v -0.0179412663 -0.0270784409 -0.0054612772
v -0.0179412663 -0.0270784409 -0.00356603851
v -0.0179209936 0.0329832925 -0.0157087933
v -0.0179209936 0.0329832925 0.0115197818
v -0.0176950781 -0.0270784409 -0.00638011594
v -0.0176950781 -0.0270784409 -0.00264720815
v -0.0173552885 -0.0272910542 -0.00853148754
v -0.0173552885 -0.0272910542 -0.00049584073
v -0.0172930607 -0.0270784409 -0.00724223546
v -0.0172930607 -0.0270784409 -0.00178508863
v -0.0172796747 -0.0267312766 -0.00451365995
v -0.0172080845 -0.0267312766 -0.0053320043
v -0.0172080845 -0.0267312766 -0.00369531769
v -0.0171108785 -0.0273626444 -0.00992879518
v -0.0171108785 -0.0273626444 0.000901475286
v -0.0169954713 -0.0267312766 -0.00612548687
v -0.0169954713 -0.0267312766 -0.00290184141
v -0.0168869549 0.0325011164 -0.0157087933
v -0.0168869549 0.0325011164 0.0115197818
v -0.0167474399 -0.0270784409 -0.0080214335
v -0.0167474399 -0.0270784409 -0.00100587802
v -0.0166483069 -0.0267312766 -0.00686997895
v -0.0166483069 -0.0267312766 -0.00215734304
v -0.0166067729 -0.0262600966 -0.00451365995
v -0.0165848643 -0.0272910542 -0.0093019096
v -0.0165848643 -0.0272910542 0.000274589707
v -0.0165454039 -0.0262600966 -0.00521515182
v -0.0165454039 -0.0262600966 -0.00381216807
v -0.01636314 -0.0262600966 -0.00589532163
v -0.01636314 -0.0262600966 -0.00313198989
v -0.016177129 -0.0267312766 -0.00754288082
v -0.016177129 -0.0267312766 -0.00148443489
v -0.0161015152 -0.0273626444 -0.0106355652
v -0.0161015152 -0.0273626444 0.00160823694
v -0.0160831276 -0.000598841403 0.0115197818
v -0.0160831276 -0.000598841403 0.0157087933
v -0.0160748082 -0.0270784409 -0.00869406308
v -0.0160748082 -0.0270784409 -0.000333248436
v -0.0160655526 -0.0262600966 -0.00653351754
v -0.0160655526 -0.0262600966 -0.00249379398
v -0.0160259036 -0.0256792273 -0.00451365995
v -0.0159733524 -0.0256792273 -0.00511428461
v -0.0159733524 -0.0256792273 -0.00391303319
v -0.0159523676 0.031846709 -0.0157087933
v -0.0159523676 0.031846709 0.0115197818
v -0.0158173097 -0.0256792273 -0.00569665776
v -0.0158173097 -0.0256792273 -0.00333065795
v -0.0156923515 -0.0272910542 -0.00992684729
v -0.0156923515 -0.0272910542 0.000899531585
v -0.0156616481 -0.0262600966 -0.00711034443
v -0.0156616481 -0.0262600966 -0.00191696918
v -0.0155962576 -0.0267312766 -0.0081237501
v -0.0155962576 -0.0267312766 -0.000903569792
v -0.0155624963 -0.0256792273 -0.00624309337
v -0.0155624963 -0.0256792273 -0.00278422443
v -0.0155547215 -0.0250063254 -0.00451365995
v -0.0155093356 -0.0250063254 -0.00503246693
v -0.0155093356 -0.0250063254 -0.00399485296
v -0.0153745542 -0.0250063254 -0.00553550648
v -0.0153745542 -0.0250063254 -0.00349180923
v -0.0152956144 -0.0270784409 -0.00923968184
v -0.0152956144 -0.0270784409 0.000212361941
v -0.0152166934 -0.0256792273 -0.00673697783
v -0.0152166934 -0.0256792273 -0.00229034207
v -0.0152075613 -0.0242618333 -0.00451365995
v -0.0151674515 -0.0242618333 -0.00497218287
v -0.0151674515 -0.0242618333 -0.00405513703
v -0.0151637212 -0.0262600966 -0.00760827129
v -0.0151637212 -0.0262600966 -0.00141904442
v -0.0151544447 -0.0250063254 -0.00600750336
v -0.0151544447 -0.0250063254 -0.00301981444
v -0.0151456038 0.0310399473 -0.0157087933
v -0.0151456038 0.0310399473 0.0115197818
v -0.015048314 -0.0242618333 -0.00541676895
v -0.015048314 -0.0242618333 -0.00361054676
v -0.014994946 -0.0234683508 -0.00451365995
v -0.0149847667 -0.0273626444 -0.0111563012
v -0.0149847667 -0.0273626444 0.00212898762
v -0.0149580638 -0.0234683508 -0.00493526092
v -0.0149580638 -0.0234683508 -0.00409205897
v -0.0149233558 -0.0267312766 -0.00859493012
v -0.0149233558 -0.0267312766 -0.000432396056
v -0.0149233558 -0.0226500064 -0.00451365995
v -0.0149226646 0.0307589693 -0.00445637312
v -0.0149192484 0.00876881809 -0.00437469996
v -0.0149184986 0.0244749074 -0.00436238008
v -0.0149172188 0.0307517014 -0.00468354741
v -0.0149167999 0.00876955116 -0.00451364948
v -0.0149167999 0.00876955116 -0.00451354266
v -0.0149166135 0.0244743628 -0.00451365157
v -0.0149141399 0.0244736088 -0.00471464453
v -0.014914119 0.0307475333 -0.00471458798
v -0.0149140352 0.0244735879 -0.00472306026
v -0.0149130089 0.0087706801 -0.00429307079
v -0.0149128623 0.00877072199 -0.00473570898
v -0.0149123386 0.0307451456 -0.00431284083
v -0.0149115637 0.0244728548 -0.0043131194
v -0.0149066416 0.0307375216 -0.00423357426
v -0.0149053032 0.0244709697 -0.00480480253
v -0.0149044193 0.0307345055 -0.00481181075
v -0.014899227 0.0307275098 -0.00417727394
v -0.0148875606 -0.0226500064 -0.00492283003
v -0.0148875606 -0.0226500064 -0.00410448777
v -0.0148809609 0.00878014727 -0.00410561671
v -0.0148809211 0.00878014727 -0.00492169271
v -0.0148689216 0.0244602249 -0.0040101261
v -0.0148656081 0.030681703 -0.00503210668
v -0.0148559964 0.0244564339 -0.00395429705
v -0.0148557451 -0.0250063254 -0.00643411229
v -0.0148557451 -0.0250063254 -0.0025932076
v -0.0148537951 -0.0242618333 -0.00583393166
v -0.0148537951 -0.0242618333 -0.00319339452
v -0.0148536317 0.0306651773 -0.0039447084
v -0.0148530851 0.00878837868 -0.00394248822
v -0.0148525615 0.00878852739 -0.00508694084
v -0.0148485379 -0.0234683508 -0.00534404771
v -0.0148485379 -0.0234683508 -0.00368326172
v -0.0148453354 0.030653469 -0.00391686194
v -0.0148440159 0.0306515002 -0.00511012283
v -0.0148438483 0.024452957 -0.00391738557
v -0.014843532 0.0244528313 -0.00511020033
v -0.0148389074 0.00879250485 -0.00513886783
v -0.0148346513 0.0244502132 -0.00515405509
v -0.0148051607 0.0305971687 -0.00525052802
v -0.0147916344 0.0305778364 -0.00373685383
v -0.0147903567 -0.0256792273 -0.00716331448
v -0.0147903567 -0.0256792273 -0.00186401589
v -0.0147812435 -0.0226500064 -0.00531956294
v -0.0147812435 -0.0226500064 -0.00370775068
v -0.0147754229 0.0088105197 -0.00370970066
v -0.0147743966 0.008810748 -0.00531709142
v -0.0147404824 0.0244234663 -0.00360350294
v -0.0147380779 0.00882115979 -0.00359776608
v -0.0147139282 0.00882784126 -0.00354254653
v -0.0147128579 0.0088281324 -0.00548714434
v -0.0147112682 0.0244154025 -0.00548936452
v -0.0147112682 0.0304597692 -0.00548934357
v -0.0147100534 0.030457528 -0.00353848948
v -0.0147088784 0.0244147113 -0.00549587843
v -0.0147076007 0.0304544072 -0.00549868507
v -0.0147074771 0.0244146275 -0.00353999961
v -0.0147048799 -0.0272910542 -0.0103873244
v -0.0147048799 -0.0272910542 0.00135999821
v -0.0146944682 0.0304345722 -0.00350061453
v -0.014684291 0.0244079879 -0.00554782217
v -0.0146696692 -0.0234683508 -0.00572761455
v -0.0146696692 -0.0234683508 -0.00329970325
v -0.0146098711 0.0303027859 -0.00333931035
v -0.0146076718 -0.0226500064 -0.00569181945
v -0.0146076718 -0.0226500064 -0.00333550045
v -0.0146018512 0.00885753926 -0.00333869666
v -0.0146009275 0.00885770682 -0.00568804934
v -0.0145973229 0.0302826577 -0.00570953897
v -0.0145897848 -0.0242618333 -0.00621096365
v -0.0145897848 -0.0242618333 -0.00281636253
v -0.0145868922 -0.0262600966 -0.00801217578
v -0.0145868922 -0.0262600966 -0.0010151504
v -0.0145612576 0.0243754393 -0.00325855459
v -0.0145371917 0.00887467441 -0.00322110483
v -0.0145239963 0.00887800258 -0.00582609821
v -0.0145128117 0.0243632912 -0.00583879092
v -0.014511932 0.0301383254 -0.00318923064
v -0.0145111361 0.0301359795 -0.00583751327
v -0.0145104449 0.0243630608 -0.00319058788
v -0.014497482 0.0243592907 -0.00586480468
v -0.0144926646 0.0301044991 -0.00586497224
v -0.0144920132 0.0301048761 -0.00315871788
v -0.0144911985 0.0301053578 -0.0157087933
v -0.0144911985 0.0301053578 0.0115197818
v -0.0144874912 -0.0250063254 -0.0068023683
v -0.0144874912 -0.0250063254 -0.00222495578
v -0.0144869864 0.0243568192 -0.00587751833
v -0.0144832603 0.00888772109 -0.0058774136
v -0.0144819617 0.00888793054 -0.00314995028
v -0.0144800955 0.0243556881 -0.00315000473
v -0.0144645354 0.0300587132 -0.00311659946
v -0.0144383918 0.0300121523 -0.00594552693
v -0.0144334948 -0.0270784409 -0.00964170127
v -0.0144334948 -0.0270784409 0.000614375096
v -0.014426939 -0.0234683508 -0.00607429715
v -0.014426939 -0.0234683508 -0.00295302484
v -0.0143720797 -0.0226500064 -0.00602828085
v -0.0143720797 -0.0226500064 -0.00299904742
v -0.0143675388 0.0089154314 -0.00300258294
v -0.0143668037 0.00891547329 -0.0060240709
v -0.0143347787 0.0243203119 -0.0029556723
v -0.0143074454 0.00892988349 -0.00292519724
v -0.0142964723 -0.0256792273 -0.00750911738
v -0.0142964723 -0.0256792273 -0.00151819413
v -0.0142886786 0.00893411439 -0.00612244983
v -0.0142795047 0.029707674 -0.00289510548
v -0.0142729887 0.029694353 -0.00613905927
v -0.0142643405 -0.0242618333 -0.0065364289
v -0.0142643405 -0.0242618333 -0.00249090147
v -0.0142606772 0.0243036606 -0.00615145874
v -0.0142602981 0.0296657001 -0.00615101889
v -0.0142597954 0.0296625793 -0.00287682044
v -0.0142583292 0.024303116 -0.00615432821
v -0.0142562787 0.0243036816 -0.0028804942
v -0.0142234557 0.024295513 -0.00618951591
v -0.0141788448 -0.0267312766 -0.00894209446
v -0.0141788448 -0.0267312766 -8.5229629e-05
v -0.014127674 -0.0234683508 -0.00637353919
v -0.014127674 -0.0234683508 -0.00265377024
v -0.0140869358 0.0292748235 -0.00631424373
v -0.0140816346 -0.0226500064 -0.00631870503
v -0.0140816346 -0.0226500064 -0.00270861487
v -0.0140780111 0.0089776822 -0.00271254835
v -0.014076945 0.00897759842 -0.00631351065
v -0.0140608823 -0.0250063254 -0.00710108671
v -0.0140608823 -0.0250063254 -0.00192624156
v -0.0140544689 0.0291924465 -0.0026861513
v -0.0140471632 0.0242593828 -0.0026802406
v -0.0140189063 0.0089899958 -0.00265778121
v -0.0140146565 0.0290693524 -0.00636920356
v -0.014013714 0.0290697713 -0.00265638627
v -0.0140090202 0.0290713213 -0.0157087933
v -0.0140090202 0.0290713213 0.0115197818
v -0.0139911729 0.00899521112 -0.00639090264
v -0.0139566764 0.0242426895 -0.0064143611
v -0.0139562387 0.0289032791 -0.00641360708
v -0.0139559454 0.0288957807 -0.00261417779
v -0.0139543515 0.0242432132 -0.00261668282
v -0.0139486984 -0.0262600966 -0.00830976316
v -0.0139486984 -0.0262600966 -0.000717552545
v -0.0139380374 0.0242390032 -0.00643004895
v -0.0138954791 0.0287305661 -0.00645979093
v -0.0138873085 -0.0242618333 -0.00680042041
v -0.0138873085 -0.0242618333 -0.00222689949
v -0.0138557003 0.0285939625 -0.00254095387
v -0.0137945428 -0.0273626444 -0.0114752316
v -0.0137945428 -0.0273626444 0.00244790336
v -0.0137809914 -0.0234683508 -0.00661629241
v -0.0137809914 -0.0234683508 -0.0024110233
v -0.013768152 0.0282435726 -0.00654086925
v -0.0137500346 -0.0256792273 -0.00776393496
v -0.0137500346 -0.0256792273 -0.00126338703
v -0.0137451963 -0.0226500064 -0.00655429504
v -0.0137451963 -0.0226500064 -0.00247302695
v -0.0137433552 0.00903689179 -0.00247581055
v -0.0137425991 0.00903666349 -0.00655023169
v -0.0137409256 0.0242059938 -0.00247056172
v -0.0137225965 0.02796781 -0.00656617088
v -0.0137175278 0.0279684383 -0.00245808266
v -0.0137137158 0.0279692761 -0.0157087933
v -0.0137137158 0.0279692761 0.0115197818
v -0.013703769 0.00904361515 -0.00244966274
v -0.0137004178 0.0278909416 -0.00244781329
v -0.0136780045 0.00904745019 -0.00659164007
v -0.0136539805 0.0275524695 -0.00660431183
v -0.0136524536 -0.0272910542 -0.0106693077
v -0.0136524536 -0.0272910542 0.00164199618
v -0.013622188 0.0271540526 -0.00240678821
v -0.0136142896 0.0166219769 -0.0157087933
v -0.0136142896 0.0166219769 -0.0123680566
v -0.0136142896 0.0166219769 0.00334073671
v -0.0136142896 0.0166219769 0.0115197818
v -0.0136142896 0.0179858772 -0.0122487326
v -0.0136142896 0.0179858772 0.00322141062
v -0.0136142896 0.0193083376 -0.0118943841
v -0.0136142896 0.0193083376 0.00286705795
v -0.0136142896 0.0205491752 -0.0113157769
v -0.0136142896 0.0205491752 0.00228844863
v -0.0136142896 0.0216706783 -0.0105304839
v -0.0136142896 0.0216706783 0.00150315768
v -0.0136142896 0.0226388008 -0.0095623614
v -0.0136142896 0.0226388008 0.000535049879
v -0.0136142896 0.0234240939 -0.00844085828
v -0.0136142896 0.0234240939 -0.000586461617
v -0.0136142896 0.0240027011 -0.00720003117
v -0.0136142896 0.0240027011 -0.00182729711
v -0.0136142896 0.0241874365 -0.00662446098
v -0.0136142896 0.0241874365 -0.00240285473
v -0.0136142896 0.0268326926 -0.0157087933
v -0.0136142896 0.0268326926 -0.00662446098
v -0.0136142896 0.0268326926 -0.00240285473
v -0.0136142896 0.0268326926 0.0115197818
v -0.013611106 0.0163277261 -0.0123625481
v -0.0135895535 0.0158017517 0.00329779097
v -0.0135888812 -0.0250063254 -0.00732117738
v -0.0135888812 -0.0250063254 -0.0017061467
v -0.0135884225 -0.00262843719 0.0115197818
v -0.0135884225 -0.00262843719 0.0157087933
v -0.0135697374 0.0155213937 -0.0122905599
v -0.0135407746 0.0152598297 -0.0122397053
v -0.013540607 0.0152595344 0.00321217804
v -0.0135167883 0.0149955115 0.003170489
v -0.0135146561 -0.0270784409 -0.00988788948
v -0.0135146561 -0.0270784409 0.000860573777
v -0.0134818771 0.0147278085 -0.0121362367
v -0.0134701478 -0.0242618333 -0.00699493716
v -0.0134701478 -0.0242618333 -0.00203237645
v -0.0134074593 0.014257881 -0.0157087933
v -0.0134074593 0.014257881 0.0115197818
v -0.0134069755 0.0142579522 0.00297560571
v -0.0134043594 0.0142404044 0.00297096847
v -0.0134020345 0.0142588026 -0.0119934961
v -0.0133974245 -0.0234683508 -0.0067951632
v -0.0133974245 -0.0234683508 -0.00223216507
v -0.0133853832 -0.0267312766 -0.00915470774
v -0.0133853832 -0.0267312766 0.000127381558
v -0.0133729397 -0.0226500064 -0.00672786673
v -0.0133729397 -0.0226500064 -0.00229944269
v -0.0133721648 0.00908573776 -0.00230119161
v -0.013372104 0.00908569587 -0.00672596073
v -0.0133495881 0.00908860513 -0.00229108352
v -0.013349253 0.0139487236 -0.0118991387
v -0.0133465092 0.0139357104 -0.0118941328
v -0.0133451456 0.00908906593 -0.00673779469
v -0.0133416269 0.0139394093 0.00285702945
v -0.0132882568 0.013660396 -0.0117883184
v -0.0132790012 0.00909560078 -0.00675984983
v -0.0132685307 -0.0262600966 -0.00849202705
v -0.0132685307 -0.0262600966 -0.000535301219
v -0.0132396873 0.0134503024 0.00267188352
v -0.0131676572 -0.0256792273 -0.00791997564
v -0.0131676572 -0.0256792273 -0.00110733798
v -0.0130981615 0.0129088685 -0.0114349543
v -0.0130858458 -0.0250063254 -0.00745595883
v -0.0130858458 -0.0250063254 -0.00157135688
v -0.0130363757 0.0126974553 0.00228999228
v -0.013035517 0.0126948498 0.00228833762
v -0.0130325846 0.0126995101 -0.0113079644
v -0.013025566 -0.0242618333 -0.00711407265
v -0.013025566 -0.0242618333 -0.00191324934
v -0.0129948605 0.00911715325 -0.00219650402
v -0.0129886398 -0.0234683508 -0.00690468491
v -0.0129886398 -0.0234683508 -0.00212263289
v -0.0129762005 -0.0226500064 -0.00683418384
v -0.0129762005 -0.0226500064 -0.00219313815
v -0.0129761754 0.00911813767 -0.00219332665
v -0.0129754842 0.00911730196 -0.00683112586
v -0.0129293234 0.00912060918 -0.00684195446
v -0.0129293025 0.00912060918 -0.00218535496
v -0.0128758507 0.0121991766 -0.0110044496
v -0.012853295 0.0121340375 0.00193225908
v -0.0127932434 0.0119656183 -0.0157087933
v -0.0127932434 0.0119656183 0.0115197818
v -0.0127898314 0.0119669169 0.00180153888
v -0.0127892848 0.0119670844 -0.0108274638
v -0.0126430045 0.0115748673 -0.0105283684
v -0.0126421059 0.0115779043 0.00149725327
v -0.0126273376 0.0115328305 -0.0104963225
v -0.0125922127 0.0114465578 0.00139452195
v -0.0125768998 0.00912934327 -0.0021573598
v -0.0125670807 0.00912913382 -0.00215807193
v -0.0125670368 -0.0273626444 -0.0115826169
v -0.0125670368 -0.0273626444 0.00255529705
v -0.0125670368 -0.0272910542 -0.0107642726
v -0.0125670368 -0.0272910542 0.00173695688
v -0.0125670368 -0.0270784409 -0.00997081097
v -0.0125670368 -0.0270784409 0.000943480599
v -0.0125670368 -0.0267312766 -0.00922629794
v -0.0125670368 -0.0267312766 0.000198978049
v -0.0125670368 -0.0262600966 -0.00855339607
v -0.0125670368 -0.0262600966 -0.000473928011
v -0.0125670368 -0.0256792273 -0.00797252679
v -0.0125670368 -0.0256792273 -0.00105479311
v -0.0125670368 -0.0250063254 -0.00750134677
v -0.0125670368 -0.0250063254 -0.00152596894
v -0.0125670368 -0.0242618333 -0.00715418243
v -0.0125670368 -0.0242618333 -0.00187313327
v -0.0125670368 -0.0234683508 -0.00694156915
v -0.0125670368 -0.0234683508 -0.00208574446
v -0.0125670368 -0.0226500064 -0.00686997895
v -0.0125670368 -0.0226500064 -0.00215734304
v -0.0125670368 0.00912936631 -0.00686997895
v -0.0123985547 0.0109983964 -0.00999699229
v -0.0123184838 0.010825097 0.000786130853
v -0.0122187854 0.00912127942 -0.00218322066
v -0.0122130045 0.0106118156 0.000529524572
v -0.0122128768 0.0106131142 -0.00955544953
v -0.0122067399 0.00912069296 -0.00684226863
v -0.0121586081 0.00911727892 -0.00683102114
v -0.0121579169 0.00911811882 -0.00219341462
v -0.0121578541 -0.0226500064 -0.00683418384
v -0.0121578541 -0.0226500064 -0.00219313815
v -0.0121454337 -0.0234683508 -0.00690468491
v -0.0121454337 -0.0234683508 -0.00212263289
v -0.0121368253 0.00911702758 -0.00219694805
v -0.0121233785 0.0104274363 -0.00934264774
v -0.0121085075 -0.0242618333 -0.00711407265
v -0.0121085075 -0.0242618333 -0.00191324934
v -0.0120844836 0.0103518853 0.000216821143
v -0.0120482277 -0.0250063254 -0.00745595883
v -0.0120482277 -0.0250063254 -0.00157135688
v -0.0119664163 -0.0256792273 -0.00791997564
v -0.0119664163 -0.0256792273 -0.00110733798
v -0.011865547 -0.0262600966 -0.00849202705
v -0.011865547 -0.0262600966 -0.000535301219
v -0.0118587398 0.00909595894 -0.00676100181
v -0.01185564 0.00992923503 -0.00862446265
v -0.0118312976 0.00988629766 -0.000473584512
v -0.0118072338 0.00909093004 -0.00674412009
v -0.011795025 0.00982497053 -0.000589167719
v -0.01179425 0.00982302264 -0.008439057
v -0.011791525 0.00908933821 -0.00228861619
v -0.0117903312 0.00981483312 -0.0157087933
v -0.0117903312 0.00981483312 0.0115197818
v -0.0117897238 0.00981518919 -0.00842537988
v -0.0117893677 0.00981539864 -0.000607197225
v -0.0117624345 0.00908542149 -0.0067248297
v -0.0117620344 0.00908565398 -0.0023015372
v -0.0117611359 -0.0226500064 -0.00672786673
v -0.0117611359 -0.0226500064 -0.00229944269
v -0.0117486903 -0.0267312766 -0.00915470774
v -0.0117486903 -0.0267312766 0.000127381558
v -0.0117366301 -0.0234683508 -0.0067951632
v -0.0117366301 -0.0234683508 -0.00223216507
v -0.0117176099 0.00969044042 -0.00820761411
v -0.0116639298 -0.0242618333 -0.00699493716
v -0.0116639298 -0.0242618333 -0.00203237645
v -0.0116194174 -0.0270784409 -0.00988788948
v -0.0116194174 -0.0270784409 0.000860573777
v -0.0116033337 0.00950078502 -0.00120001148
v -0.0115451923 -0.0250063254 -0.00732117738
v -0.0115451923 -0.0250063254 -0.0017061467
v -0.0114996578 0.009334542 -0.00744364313
v -0.0114816241 -0.0272910542 -0.0106693077
v -0.0114816241 -0.0272910542 0.00164199618
v -0.011468657 0.00904927032 -0.00659832155
v -0.0114564481 0.00904749208 -0.00243548084
v -0.0114448864 0.00925032402 -0.0071969313
v -0.0114428527 0.00924695187 -0.0018295864
v -0.0114093636 0.00919396087 -0.00196101455
v -0.0113899434 0.00903697557 -0.00655247282
v -0.01138978 0.0090370384 -0.00247457061
v -0.0113888773 -0.0226500064 -0.00655429504
v -0.0113888773 -0.0226500064 -0.00247302695
v -0.0113840389 -0.0256792273 -0.00776393496
v -0.0113840389 -0.0256792273 -0.00126338703
v -0.0113530821 -0.0234683508 -0.00661629241
v -0.0113530821 -0.0234683508 -0.0024110233
v -0.0113458352 0.00909729733 -0.00226180443
v -0.0113395328 -0.0273626444 -0.0114752316
v -0.0113395328 -0.0273626444 0.00244790336
v -0.0113236313 0.00906391301 -0.00665076797
v -0.0112957157 0.00902227214 -0.00649759676
v -0.0112957157 0.00902227214 -0.00252972313
v -0.011246765 -0.0242618333 -0.00680042041
v -0.011246765 -0.0242618333 -0.00222689949
v -0.0111853751 -0.0262600966 -0.00830976316
v -0.0111853751 -0.0262600966 -0.000717552545
v -0.0111166543 0.00876265815 -0.0026566062
v -0.0110731933 -0.0250063254 -0.00710108671
v -0.0110731933 -0.0250063254 -0.00192624156
v -0.0110562299 0.00868042994 -0.00271277456
v -0.0110553272 0.00867931776 -0.00631495586
v -0.0110524138 -0.0226500064 -0.00631870503
v -0.0110524138 -0.0226500064 -0.00270861487
v -0.0110064016 -0.0234683508 -0.00637353919
v -0.0110064016 -0.0234683508 -0.00265377024
v -0.0109966161 0.00859555847 -0.00627036383
v -0.0109552098 -0.0267312766 -0.00894209446
v -0.0109552098 -0.0267312766 -8.5229629e-05
v -0.0108697331 -0.0242618333 -0.0065364289
v -0.0108697331 -0.0242618333 -0.00249090147
v -0.0108405985 -0.0042994339 0.0115197818
v -0.0108405985 -0.0042994339 0.0157087933
v -0.0108376012 -0.0256792273 -0.00750911738
v -0.0108376012 -0.0256792273 -0.00151819413
v -0.0108231512 0.00836315211 -0.00609830018
v -0.0108209101 0.00836019886 -0.00293148704
v -0.0107654057 0.00828926004 -0.00300176818
v -0.010765345 0.00828917626 -0.00602559989
v -0.0107619938 -0.0226500064 -0.00602828085
v -0.0107619938 -0.0226500064 -0.00299904742
v -0.0107071387 -0.0234683508 -0.00607429715
v -0.0107071387 -0.0234683508 -0.00295302484
v -0.0107005829 -0.0270784409 -0.00964170127
v -0.0107005829 -0.0270784409 0.000614375096
v -0.0106465823 -0.0250063254 -0.0068023683
v -0.0106465823 -0.0250063254 -0.00222495578
v -0.0106301446 0.00811616799 -0.00585556791
v -0.0106231888 0.00810747789 -0.00318186636
v -0.0105471813 -0.0262600966 -0.00801217578
v -0.0105471813 -0.0262600966 -0.0010151504
v -0.0105442678 -0.0242618333 -0.00621096365
v -0.0105442678 -0.0242618333 -0.00281636253
v -0.0105314285 0.00799525217 -0.00333844323
v -0.0105296272 0.00799274086 -0.00568987156
v -0.0105264038 -0.0226500064 -0.00569181945
v -0.0105264038 -0.0226500064 -0.00333550045
v -0.0104821866 0.00793449056 -0.00561168366
v -0.0104644064 -0.0234683508 -0.00572761455
v -0.0104644064 -0.0234683508 -0.00329970325
v -0.0104549811 0.00790177438 -0.00346891628
v -0.0104291977 -0.0272910542 -0.0103873244
v -0.0104291977 -0.0272910542 0.00135999821
v -0.0104291538 0.00787088252 -0.0157087933
v -0.0104291538 0.00787088252 0.0115197818
v -0.0104290511 0.0078709663 -0.00352823478
v -0.0104289464 0.00787105008 -0.00549489401
v -0.0103708637 0.0078018895 -0.00536752712
v -0.0103662139 0.00779642284 -0.00367185294
v -0.0103550083 0.00778341386 -0.0053188508
v -0.0103546731 0.00778299496 -0.00370834342
v -0.0103528111 -0.0226500064 -0.00531956294
v -0.0103528111 -0.0226500064 -0.00370775068
v -0.0103437189 -0.0256792273 -0.00716331448
v -0.0103437189 -0.0256792273 -0.00186401589
v -0.0102894104 0.00770698744 -0.00511752062
v -0.0102855356 -0.0234683508 -0.00534404771
v -0.0102855356 -0.0234683508 -0.00368326172
v -0.0102823519 0.00769883981 -0.00393710534
v -0.0102802784 -0.0242618333 -0.00583393166
v -0.0102802784 -0.0242618333 -0.00319339452
v -0.0102792919 0.00769531895 -0.0050779596
v -0.0102783284 -0.0250063254 -0.00643411229
v -0.0102783284 -0.0250063254 -0.0025932076
v -0.0102503039 0.00766212103 -0.00410521038
v -0.0102495729 0.00766128532 -0.00492224776
v -0.0102465129 -0.0226500064 -0.00492283003
v -0.0102465129 -0.0226500064 -0.00410448777
v -0.0102322514 0.00764145035 -0.00483151796
v -0.0102304689 0.00763941868 -0.00420921306
v -0.0102118488 0.00761826208 -0.00458685036
v -0.0102114927 0.00761784318 -0.00451365576
v -0.0102112414 0.00761757089 -0.00446373321
v -0.0102107178 -0.0267312766 -0.00859493012
v -0.0102107178 -0.0267312766 -0.000432396056
v -0.0102107178 -0.0226500064 -0.00451365995
v -0.0101760139 -0.0234683508 -0.00493526092
v -0.0101760139 -0.0234683508 -0.00409205897
v -0.0101493068 -0.0273626444 -0.0111563012
v -0.0101493068 -0.0273626444 0.00212898762
v -0.0101391275 -0.0234683508 -0.00451365995
v -0.0100857595 -0.0242618333 -0.00541676895
v -0.0100857595 -0.0242618333 -0.00361054676
v -0.00997960999 -0.0250063254 -0.00600750336
v -0.00997960999 -0.0250063254 -0.00301981444
v -0.00997035437 -0.0262600966 -0.00760827129
v -0.00997035437 -0.0262600966 -0.00141904442
v -0.00996662614 -0.0242618333 -0.00497218287
v -0.00996662614 -0.0242618333 -0.00405513703
v -0.00992651217 -0.0242618333 -0.00451365995
v -0.00991738431 -0.0256792273 -0.00673697783
v -0.00991738431 -0.0256792273 -0.00229034207
v -0.00983846124 -0.0270784409 -0.00923968184
v -0.00983846124 -0.0270784409 0.000212361941
v -0.00975951932 -0.0250063254 -0.00553550648
v -0.00975951932 -0.0250063254 -0.00349180923
v -0.00962473787 -0.0250063254 -0.00503246693
v -0.00962473787 -0.0250063254 -0.00399485296
v -0.00957935203 -0.0250063254 -0.00451365995
v -0.00957158141 -0.0256792273 -0.00624309337
v -0.00957158141 -0.0256792273 -0.00278422443
v -0.00953781588 -0.0267312766 -0.0081237501
v -0.00953781588 -0.0267312766 -0.000903569792
v -0.00947242751 -0.0262600966 -0.00711034443
v -0.00947242751 -0.0262600966 -0.00191696918
v -0.00944172205 -0.0272910542 -0.00992684729
v -0.00944172205 -0.0272910542 0.000899531585
v -0.00931676384 -0.0256792273 -0.00569665776
v -0.00931676384 -0.0256792273 -0.00333065795
v -0.00916072106 -0.0256792273 -0.00511428461
v -0.00916072106 -0.0256792273 -0.00391303319
v -0.00910817201 -0.0256792273 -0.00451365995
v -0.00906852092 -0.0262600966 -0.00653351754
v -0.00906852092 -0.0262600966 -0.00249379398
v -0.0090592653 -0.0270784409 -0.00869406308
v -0.0090592653 -0.0270784409 -0.000333248436
v -0.00903255825 -0.0273626444 -0.0106355652
v -0.00903255825 -0.0273626444 0.00160823694
v -0.0089569466 -0.0267312766 -0.00754288082
v -0.0089569466 -0.0267312766 -0.00148443489
v -0.00877093354 -0.0262600966 -0.00589532163
v -0.00877093354 -0.0262600966 -0.00313198989
v -0.00875109857 0.00619282523 -0.0157087933
v -0.00875109857 0.00619282523 0.0115197818
v -0.00858867174 -0.0262600966 -0.00521515182
v -0.00858867174 -0.0262600966 -0.00381216807
v -0.0085492301 -0.0272910542 -0.0093019096
v -0.0085492301 -0.0272910542 0.000274589707
v -0.00852730063 -0.0262600966 -0.00451365995
v -0.00848576448 -0.0267312766 -0.00686997895
v -0.00848576448 -0.0267312766 -0.00215734304
v -0.00838661477 -0.0270784409 -0.0080214335
v -0.00838661477 -0.0270784409 -0.00100587802
v -0.00813860434 -0.0267312766 -0.00612548687
v -0.00813860434 -0.0267312766 -0.00290184141
v -0.00802319288 -0.0273626444 -0.00992879518
v -0.00802319288 -0.0273626444 0.000901475286
v -0.00792598896 -0.0267312766 -0.0053320043
v -0.00792598896 -0.0267312766 -0.00369531769
v -0.00789082012 -0.00558070382 0.0115197818
v -0.00789082012 -0.00558070382 0.0157087933
v -0.00785439876 -0.0267312766 -0.00451365995
v -0.00784101696 -0.0270784409 -0.00724223546
v -0.00784101696 -0.0270784409 -0.00178508863
v -0.0077787871 -0.0272910542 -0.00853148754
v -0.0077787871 -0.0272910542 -0.00049584073
v -0.00743899542 -0.0270784409 -0.00638011594
v -0.00743899542 -0.0270784409 -0.00264720815
v -0.00719280722 -0.0270784409 -0.0054612772
v -0.00719280722 -0.0270784409 -0.00356603851
v -0.00715384731 -0.0272910542 -0.00763897674
v -0.00715384731 -0.0272910542 -0.00138835153
v -0.00715190152 -0.0273626444 -0.00905750172
v -0.00715190152 -0.0273626444 3.01776392e-05
v -0.00710990668 -0.0270784409 -0.00451365995
v -0.00680714587 0.00483164781 -0.0157087933
v -0.00680714587 0.00483164781 0.0115197818
v -0.00669337441 -0.0272910542 -0.00665150105
v -0.00669337441 -0.0272910542 -0.00237582304
v -0.00644513149 -0.0273626444 -0.00804813845
v -0.00644513149 -0.0273626444 -0.00097918145
v -0.0064113911 -0.0272910542 -0.00559907473
v -0.0064113911 -0.0272910542 -0.00342825145
v -0.0063164262 -0.0272910542 -0.00451365995
v -0.00592439756 -0.0273626444 -0.00693138986
v -0.00592439756 -0.0273626444 -0.00209593423
v -0.00560546507 -0.0273626444 -0.005741166
v -0.00560546507 -0.0273626444 -0.00328614761
v -0.00549807976 -0.0273626444 -0.00451365995
v -0.00479407448 -0.00644837588 0.0115197818
v -0.00479407448 -0.00644837588 0.0157087933
v -0.00465635863 0.00382873771 -0.0157087933
v -0.00465635863 0.00382873771 0.0115197818
v -0.00236409171 0.0032145218 -0.0157087933
v -0.00236409171 0.0032145218 0.0115197818
v -0.00160801869 -0.0068862742 0.0115197818
v -0.00160801869 -0.0068862742 0.0157087933
v -2.35642791e-09 0.00300768935 -0.0157087933
v -2.35642791e-09 0.00300768935 0.0115197818
v 0.00160801408 -0.0068862742 0.0115197818
v 0.00160801408 -0.0068862742 0.0157087933
v 0.00236408752 0.0032145218 -0.0157087933
v 0.00236408752 0.0032145218 0.0115197818
v 0.00465635444 0.00382873771 -0.0157087933
v 0.00465635444 0.00382873771 0.0115197818
v 0.00479406819 -0.00644837588 0.0115197818
v 0.00479406819 -0.00644837588 0.0157087933
v 0.00549807557 -0.0273626444 -0.00451365995
v 0.00560547973 -0.0273626444 -0.005741166
v 0.00560547973 -0.0273626444 -0.00328614761
v 0.00592439337 -0.0273626444 -0.00693138986
v 0.00592439337 -0.0273626444 -0.00209593423
v 0.00631642201 -0.0272910542 -0.00451365995
v 0.00641138481 -0.0272910542 -0.00559907473
v 0.00641138481 -0.0272910542 -0.00342825145
v 0.00644514615 -0.0273626444 -0.00804813845
v 0.00644514615 -0.0273626444 -0.00097918145
v 0.00669336812 -0.0272910542 -0.00665150105
v 0.00669336812 -0.0272910542 -0.00237582304
v 0.00680714168 0.00483164781 -0.0157087933
v 0.00680714168 0.00483164781 0.0115197818
v 0.00710990249 -0.0270784409 -0.00451365995
v 0.00715189733 -0.0273626444 -0.00905750172
v 0.00715189733 -0.0273626444 3.01776392e-05
v 0.00715384312 -0.0272910542 -0.00763897674
v 0.00715384312 -0.0272910542 -0.00138835153
v 0.00719280303 -0.0270784409 -0.0054612772
v 0.00719280303 -0.0270784409 -0.00356603851
v 0.00743899124 -0.0270784409 -0.00638011594
v 0.00743899124 -0.0270784409 -0.00264720815
v 0.00777878081 -0.0272910542 -0.00853148754
v 0.00777878081 -0.0272910542 -0.00049584073
v 0.00784101067 -0.0270784409 -0.00724223546
v 0.00784101067 -0.0270784409 -0.00178508863
v 0.00785439457 -0.0267312766 -0.00451365995
v 0.00789084106 -0.00558070382 0.0115197818
v 0.00789084106 -0.00558070382 0.0157087933
v 0.00792598477 -0.0267312766 -0.0053320043
v 0.00792598477 -0.0267312766 -0.00369531769
v 0.00802318869 -0.0273626444 -0.00992879518
v 0.00802318869 -0.0273626444 0.000901475286
v 0.00813860015 -0.0267312766 -0.00612548687
v 0.00813860015 -0.0267312766 -0.00290184141
v 0.00838662943 -0.0270784409 -0.0080214335
v 0.00838662943 -0.0270784409 -0.00100587802
v 0.00848576029 -0.0267312766 -0.00686997895
v 0.00848576029 -0.0267312766 -0.00215734304
v 0.00852729644 -0.0262600966 -0.00451365995
v 0.00854922382 -0.0272910542 -0.0093019096
v 0.00854922382 -0.0272910542 0.000274589707
v 0.00858866755 -0.0262600966 -0.00521515182
v 0.00858866755 -0.0262600966 -0.00381216807
v 0.00875109438 0.00619282523 -0.0157087933
v 0.00875109438 0.00619282523 0.0115197818
v 0.00877092935 -0.0262600966 -0.00589532163
v 0.00877092935 -0.0262600966 -0.00313198989
v 0.00895694031 -0.0267312766 -0.00754288082
v 0.00895694031 -0.0267312766 -0.00148443489
v 0.00903255407 -0.0273626444 -0.0106355652
v 0.00903255407 -0.0273626444 0.00160823694
v 0.00905926111 -0.0270784409 -0.00869406308
v 0.00905926111 -0.0270784409 -0.000333248436
v 0.00906851673 -0.0262600966 -0.00653351754
v 0.00906851673 -0.0262600966 -0.00249379398
v 0.00910816572 -0.0256792273 -0.00451365995
v 0.00916071687 -0.0256792273 -0.00511428461
v 0.00916071687 -0.0256792273 -0.00391303319
v 0.00931675965 -0.0256792273 -0.00569665776
v 0.00931675965 -0.0256792273 -0.00333065795
v 0.00944171786 -0.0272910542 -0.00992684729
v 0.00944171786 -0.0272910542 0.000899531585
v 0.00947242122 -0.0262600966 -0.00711034443
v 0.00947242122 -0.0262600966 -0.00191696918
v 0.00953781169 -0.0267312766 -0.0081237501
v 0.00953781169 -0.0267312766 -0.000903569792
v 0.00957157303 -0.0256792273 -0.00624309337
v 0.00957157303 -0.0256792273 -0.00278422443
v 0.00957934784 -0.0250063254 -0.00451365995
v 0.00962473368 -0.0250063254 -0.00503246693
v 0.00962473368 -0.0250063254 -0.00399485296
v 0.00975951513 -0.0250063254 -0.00553550648
v 0.00975951513 -0.0250063254 -0.00349180923
v 0.00983845496 -0.0270784409 -0.00923968184
v 0.00983845496 -0.0270784409 0.000212361941
v 0.00991737594 -0.0256792273 -0.00673697783
v 0.00991737594 -0.0256792273 -0.00229034207
v 0.00992650798 -0.0242618333 -0.00451365995
v 0.00996661777 -0.0242618333 -0.00497218287
v 0.00996661777 -0.0242618333 -0.00405513703
v 0.00997034808 -0.0262600966 -0.00760827129
v 0.00997034808 -0.0262600966 -0.00141904442
v 0.00997962465 -0.0250063254 -0.00600750336
v 0.00997962465 -0.0250063254 -0.00301981444
v 0.0100857553 -0.0242618333 -0.00541676895
v 0.0100857553 -0.0242618333 -0.00361054676
v 0.0101391234 -0.0234683508 -0.00451365995
v 0.0101493027 -0.0273626444 -0.0111563012
v 0.0101493027 -0.0273626444 0.00212898762
v 0.0101760055 -0.0234683508 -0.00493526092
v 0.0101760055 -0.0234683508 -0.00409205897
v 0.0102107136 -0.0267312766 -0.00859493012
v 0.0102107136 -0.0267312766 -0.000432396056
v 0.0102107136 -0.0226500064 -0.00451365995
v 0.0102117399 0.00761813641 -0.00458324152
v 0.0102133108 0.00761991674 -0.0045137165
v 0.0102162619 0.00762326795 -0.00467534323
v 0.0102172484 0.00762439898 -0.00433823043
v 0.0102465087 -0.0226500064 -0.00492283003
v 0.0102465087 -0.0226500064 -0.00410448777
v 0.0102469925 0.00765826923 -0.00492277138
v 0.0102472187 0.00765853943 -0.00410457993
v 0.0102480984 0.00765954479 -0.00493175262
v 0.01024902 0.00766059414 -0.00409047762
v 0.0102558732 0.00766842549 -0.00405459036
v 0.0102783242 -0.0250063254 -0.00643411229
v 0.0102783242 -0.0250063254 -0.0025932076
v 0.0102802742 -0.0242618333 -0.00583393166
v 0.0102802742 -0.0242618333 -0.00319339452
v 0.0102855314 -0.0234683508 -0.00534404771
v 0.0102855314 -0.0234683508 -0.00368326172
v 0.0103086296 0.007729229 -0.00518587063
v 0.0103193556 0.00774167036 -0.00380642494
v 0.0103437126 -0.0256792273 -0.00716331448
v 0.0103437126 -0.0256792273 -0.00186401589
v 0.0103528258 -0.0226500064 -0.00531956294
v 0.0103528258 -0.0226500064 -0.00370775068
v 0.0103560744 0.00778479623 -0.00370897177
v 0.0103568682 0.00778578065 -0.00531809678
v 0.0104062147 0.007843633 -0.00545340185
v 0.010411428 0.00784980969 -0.00356203172
v 0.010428982 0.00787100819 -0.0035285699
v 0.0104290448 0.00787098515 -0.00549992083
v 0.0104291496 0.00787088252 -0.0157087933
v 0.0104291496 0.00787088252 0.0115197818
v 0.0104291894 -0.0272910542 -0.0103873244
v 0.0104291894 -0.0272910542 0.00135999821
v 0.0104644001 -0.0234683508 -0.00572761455
v 0.0104644001 -0.0234683508 -0.00329970325
v 0.0105010938 0.00795734162 -0.00564687135
v 0.0105263975 -0.0226500064 -0.00569181945
v 0.0105263975 -0.0226500064 -0.00333550045
v 0.0105288083 0.00799160983 -0.00569029046
v 0.0105294743 0.00799236176 -0.00333712369
v 0.0105442846 -0.0242618333 -0.00621096365
v 0.0105442846 -0.0242618333 -0.00281636253
v 0.0105471771 -0.0262600966 -0.00801217578
v 0.0105471771 -0.0262600966 -0.0010151504
v 0.0105593838 0.00802847313 -0.00328014476
v 0.0106465781 -0.0250063254 -0.0068023683
v 0.0106465781 -0.0250063254 -0.00222495578
v 0.0106687191 0.00816461391 -0.00590960616
v 0.0107005745 -0.0270784409 -0.00964170127
v 0.0107005745 -0.0270784409 0.000614375096
v 0.0107071303 -0.0234683508 -0.00607429715
v 0.0107071303 -0.0234683508 -0.00295302484
v 0.0107302327 0.00824278296 -0.00303772666
v 0.0107619896 -0.0226500064 -0.00602828085
v 0.0107619896 -0.0226500064 -0.00299904742
v 0.0107642307 0.00828758235 -0.00300109585
v 0.0107670541 0.00829231802 -0.00602392428
v 0.010837597 -0.0256792273 -0.00750911738
v 0.010837597 -0.0256792273 -0.00151819413
v 0.0108405943 -0.0042994339 0.0115197818
v 0.0108405943 -0.0042994339 0.0157087933
v 0.0108697289 -0.0242618333 -0.0065364289
v 0.0108697289 -0.0242618333 -0.00249090147
v 0.0109029917 0.00846884297 -0.00618195474
v 0.0109552245 -0.0267312766 -0.00894209446
v 0.0109552245 -0.0267312766 -8.5229629e-05
v 0.0109586406 0.00854380324 -0.00279164946
v 0.0110063954 -0.0234683508 -0.00637353919
v 0.0110063954 -0.0234683508 -0.00265377024
v 0.0110524347 -0.0226500064 -0.00631870503
v 0.0110524347 -0.0226500064 -0.00270861487
v 0.0110563493 0.00868141436 -0.00271348041
v 0.0110579391 0.00868465875 -0.00631212828
v 0.0110731871 -0.0250063254 -0.00710108671
v 0.0110731871 -0.0250063254 -0.00192624156
v 0.0111853709 -0.0262600966 -0.00830976316
v 0.0111853709 -0.0262600966 -0.000717552545
v 0.0112107333 0.00889746054 -0.00644050054
v 0.0112399977 0.00894010468 -0.00256655711
v 0.0112467608 -0.0242618333 -0.00680042041
v 0.0112467608 -0.0242618333 -0.00222689949
v 0.0112957115 0.00902227214 -0.00649759676
v 0.0112957115 0.00902227214 -0.00252972313
v 0.0113236271 0.00906391301 -0.00237655192
v 0.0113395265 -0.0273626444 -0.0114752316
v 0.0113395265 -0.0273626444 0.00244790336
v 0.011345831 0.00909729733 -0.006765505
v 0.011353078 -0.0234683508 -0.00661629241
v 0.011353078 -0.0234683508 -0.0024110233
v 0.0113840348 -0.0256792273 -0.00776393496
v 0.0113840348 -0.0256792273 -0.00126338703
v 0.0113888731 -0.0226500064 -0.00655429504
v 0.0113888731 -0.0226500064 -0.00247302695
v 0.0113894365 0.00903714522 -0.00247397158
v 0.0113917006 0.00903632836 -0.00654903783
v 0.0114093552 0.00919396087 -0.00706629697
v 0.0114303003 0.00904361515 -0.00244966274
v 0.0114428485 0.00924695187 -0.00719772721
v 0.0114448781 0.00925032402 -0.00183039698
v 0.0114816157 -0.0272910542 -0.0106693077
v 0.0114816157 -0.0272910542 0.00164199618
v 0.0114996536 0.009334542 -0.00158368514
v 0.0115451881 -0.0250063254 -0.00732117738
v 0.0115451881 -0.0250063254 -0.0017061467
v 0.0116033295 0.00950078502 -0.0078273147
v 0.0116188707 0.00906961006 -0.00667079145
v 0.0116194132 -0.0270784409 -0.00988788948
v 0.0116194132 -0.0270784409 0.000860573777
v 0.0116639215 -0.0242618333 -0.00699493716
v 0.0116639215 -0.0242618333 -0.00203237645
v 0.0117176246 0.00969044042 -0.00081970997
v 0.0117366218 -0.0234683508 -0.0067951632
v 0.0117366218 -0.0234683508 -0.00223216507
v 0.0117486861 -0.0267312766 -0.00915470774
v 0.0117486861 -0.0267312766 0.000127381558
v 0.0117611296 -0.0226500064 -0.00672786673
v 0.0117611296 -0.0226500064 -0.00229944269
v 0.0117619045 0.00908573776 -0.00230119161
v 0.0117622606 0.00908540054 -0.00672485064
v 0.0117844812 0.00908860513 -0.00229108352
v 0.0117893635 0.00981539864 -0.00842012267
v 0.0117897175 0.00981518919 -0.000601946299
v 0.0117903249 0.00981483312 -0.0157087933
v 0.0117903249 0.00981483312 0.0115197818
v 0.0117942437 0.00982302264 -0.000588264987
v 0.0117950187 0.00982497053 -0.00843815637
v 0.0118312934 0.00988629766 -0.00855373119
v 0.0118550682 0.00909560078 -0.00675984983
v 0.0118556358 0.00992923503 -0.000402853052
v 0.0118655386 -0.0262600966 -0.00849202705
v 0.0118655386 -0.0262600966 -0.000535301219
v 0.0119664121 -0.0256792273 -0.00791997564
v 0.0119664121 -0.0256792273 -0.00110733798
v 0.0120482235 -0.0250063254 -0.00745595883
v 0.0120482235 -0.0250063254 -0.00157135688
v 0.0120844773 0.0103518853 -0.00924414313
v 0.0121085034 -0.0242618333 -0.00711407265
v 0.0121085034 -0.0242618333 -0.00191324934
v 0.0121233723 0.0104274363 0.000315334128
v 0.0121392088 0.00911715325 -0.00219650402
v 0.0121454295 -0.0234683508 -0.00690468491
v 0.0121454295 -0.0234683508 -0.00212263289
v 0.0121578688 -0.0226500064 -0.00683418384
v 0.0121578688 -0.0226500064 -0.00219313815
v 0.0121578939 0.00911813767 -0.00219332665
v 0.0121585851 0.00911730196 -0.00683112586
v 0.0122047459 0.00912060918 -0.00684195446
v 0.0122047668 0.00912060918 -0.00218535496
v 0.0122128726 0.0106131142 0.000528121253
v 0.0122130192 0.0106118156 -0.00955685285
v 0.0123184776 0.010825097 -0.00981345075
v 0.0123985484 0.0109983964 0.000969678678
v 0.0125571695 0.00912934327 -0.0021573598
v 0.0125669886 0.00912913382 -0.00215807193
v 0.0125670326 -0.0273626444 -0.0115826169
v 0.0125670326 -0.0273626444 0.00255529705
v 0.0125670326 -0.0272910542 -0.0107642726
v 0.0125670326 -0.0272910542 0.00173695688
v 0.0125670326 -0.0270784409 -0.00997081097
v 0.0125670326 -0.0270784409 0.000943480599
v 0.0125670326 -0.0267312766 -0.00922629794
v 0.0125670326 -0.0267312766 0.000198978049
v 0.0125670326 -0.0262600966 -0.00855339607
v 0.0125670326 -0.0262600966 -0.000473928011
v 0.0125670326 -0.0256792273 -0.00797252679
v 0.0125670326 -0.0256792273 -0.00105479311
v 0.0125670326 -0.0250063254 -0.00750134677
v 0.0125670326 -0.0250063254 -0.00152596894
v 0.0125670326 -0.0242618333 -0.00715418243
v 0.0125670326 -0.0242618333 -0.00187313327
v 0.0125670326 -0.0234683508 -0.00694156915
v 0.0125670326 -0.0234683508 -0.00208574446
v 0.0125670326 -0.0226500064 -0.00686997895
v 0.0125670326 -0.0226500064 -0.00215734304
v 0.0125670326 0.00912936631 -0.00686997895
v 0.0125922085 0.0114465578 -0.0104218418
v 0.0126273313 0.0115328305 0.00146899838
v 0.0126420976 0.0115779043 -0.0105245773
v 0.0126430003 0.0115748673 0.00150105479
v 0.0127892785 0.0119670844 0.00180014603
v 0.012789823 0.0119669169 -0.0108288671
v 0.0127932392 0.0119656183 -0.0157087933
v 0.0127932392 0.0119656183 0.0115197818
v 0.0128532866 0.0121340375 -0.0109595853
v 0.0128758465 0.0121991766 0.00197713386
v 0.0129152839 0.00912127942 -0.00218322066
v 0.0129273294 0.00912069296 -0.00684226863
v 0.0129754612 0.00911727892 -0.00683102114
v 0.0129761524 0.00911811882 -0.00219341462
v 0.0129761964 -0.0226500064 -0.00683418384
v 0.0129761964 -0.0226500064 -0.00219313815
v 0.0129886356 -0.0234683508 -0.00690468491
v 0.0129886356 -0.0234683508 -0.00212263289
v 0.012997244 0.00911702758 -0.00219694805
v 0.0130255618 -0.0242618333 -0.00711407265
v 0.0130255618 -0.0242618333 -0.00191324934
v 0.0130325763 0.0126995101 0.00228064032
v 0.0130355086 0.0126948498 -0.0113156512
v 0.0130363673 0.0126974553 -0.0113173059
v 0.0130858416 -0.0250063254 -0.00745595883
v 0.0130858416 -0.0250063254 -0.00157135688
v 0.0130981573 0.0129088685 0.00240763858
v 0.013167653 -0.0256792273 -0.00791997564
v 0.013167653 -0.0256792273 -0.00110733798
v 0.0132396831 0.0134503024 -0.0116991971
v 0.0132685223 -0.0262600966 -0.00849202705
v 0.0132685223 -0.0262600966 -0.000535301219
v 0.0132753295 0.00909595894 -0.00676100181
v 0.0132882526 0.013660396 0.00276099427
v 0.0133268355 0.00909093004 -0.00674412009
v 0.0133416227 0.0139394093 -0.0118843514
v 0.0133425443 0.00908933821 -0.00228861619
v 0.0133465029 0.0139357104 0.00286681499
v 0.0133492488 0.0139487236 0.00287181667
v 0.013371616 0.00908542149 -0.00672478781
v 0.0133720349 0.00908565398 -0.0023015372
v 0.0133729335 -0.0226500064 -0.00672786673
v 0.0133729335 -0.0226500064 -0.00229944269
v 0.013385379 -0.0267312766 -0.00915470774
v 0.013385379 -0.0267312766 0.000127381558
v 0.0133974182 -0.0234683508 -0.0067951632
v 0.0133974182 -0.0234683508 -0.00223216507
v 0.0134020303 0.0142588026 0.00296618462
v 0.0134043552 0.0142404044 -0.0119982926
v 0.0134069713 0.0142579522 -0.0120029214
v 0.0134074509 0.014257881 -0.0157087933
v 0.0134074509 0.014257881 0.0115197818
v 0.0134701395 -0.0242618333 -0.00699493716
v 0.0134701395 -0.0242618333 -0.00203237645
v 0.0134818687 0.0147278085 0.00310891681
v 0.0135146519 -0.0270784409 -0.00988788948
v 0.0135146519 -0.0270784409 0.000860573777
v 0.0135167841 0.0149955115 -0.0121978152
v 0.0135406217 0.0152595344 -0.0122394958
v 0.0135407662 0.0152598297 0.00321238121
v 0.0135697332 0.0155213937 0.00326324628
v 0.0135884372 -0.00262843719 0.0115197818
v 0.0135884372 -0.00262843719 0.0157087933
v 0.013588877 -0.0250063254 -0.00732117738
v 0.013588877 -0.0250063254 -0.0017061467
v 0.0135895493 0.0158017517 -0.0123251192
v 0.0136111018 0.0163277261 0.00333522397
v 0.0136142855 0.0166219769 -0.0157087933
v 0.0136142855 0.0166219769 -0.0123680566
v 0.0136142855 0.0166219769 0.00334073671
v 0.0136142855 0.0166219769 0.0115197818
v 0.0136142855 0.0179858772 -0.0122487326
v 0.0136142855 0.0179858772 0.00322141062
v 0.0136142855 0.0193083376 -0.0118943841
v 0.0136142855 0.0193083376 0.00286705795
v 0.0136142855 0.0205491752 -0.0113157769
v 0.0136142855 0.0205491752 0.00228844863
v 0.0136142855 0.0216706783 -0.0105304839
v 0.0136142855 0.0216706783 0.00150315768
v 0.0136142855 0.0226388008 -0.0095623614
v 0.0136142855 0.0226388008 0.000535049879
v 0.0136142855 0.0234240939 -0.00844085828
v 0.0136142855 0.0234240939 -0.000586461617
v 0.0136142855 0.0240027011 -0.00720003117
v 0.0136142855 0.0240027011 -0.00182729711
v 0.0136142855 0.0241874365 -0.00662446098
v 0.0136142855 0.0241874365 -0.00240285473
v 0.0136142855 0.0268326926 -0.0157087933
v 0.0136142855 0.0268326926 -0.00662446098
v 0.0136142855 0.0268326926 -0.00240285473
v 0.0136142855 0.0268326926 0.0115197818
v 0.0136221838 0.0271540526 -0.00662052331
v 0.0136524453 -0.0272910542 -0.0106693077
v 0.0136524453 -0.0272910542 0.00164199618
v 0.0136539742 0.0275524695 -0.00242301853
v 0.0136693479 0.0090487048 -0.00659624799
v 0.0136776212 0.00904749208 -0.00243548084
v 0.0137004115 0.0278909416 -0.00657951288
v 0.0137137326 0.0279692761 -0.0157087933
v 0.0137137326 0.0279692761 0.0115197818
v 0.0137175236 0.0279684383 -0.00656922886
v 0.013717775 0.00904150179 -0.00245744174
v 0.0137225923 0.02796781 -0.00246114482
v 0.0137409172 0.0242059938 -0.00655676655
v 0.013742132 0.00903655667 -0.00654954051
v 0.0137439333 0.00903701955 -0.0024749162
v 0.0137451921 -0.0226500064 -0.00655429504
v 0.0137451921 -0.0226500064 -0.00247302695
v 0.0137500304 -0.0256792273 -0.00776393496
v 0.0137500304 -0.0256792273 -0.00126338703
v 0.0137681478 0.0282435726 -0.00248645693
v 0.0137809872 -0.0234683508 -0.00661629241
v 0.0137809872 -0.0234683508 -0.0024110233
v 0.0137945365 -0.0273626444 -0.0114752316
v 0.0137945365 -0.0273626444 0.00244790336
v 0.0138556961 0.0285939625 -0.00648637021
v 0.0138873043 -0.0242618333 -0.00680042041
v 0.0138873043 -0.0242618333 -0.00222689949
v 0.0138954749 0.0287305661 -0.00256751849
v 0.0139380332 0.0242390032 -0.00259726256
v 0.0139486942 -0.0262600966 -0.00830976316
v 0.0139486942 -0.0262600966 -0.000717552545
v 0.0139543473 0.0242432132 -0.00641063288
v 0.0139559412 0.0288957807 -0.00641314629
v 0.0139562324 0.0289032791 -0.00261370653
v 0.0139566722 0.0242426895 -0.00261296298
v 0.0140005961 0.00899345174 -0.00638373943
v 0.0140090139 0.0290713213 -0.0157087933
v 0.0140090139 0.0290713213 0.0115197818
v 0.0140137286 0.0290697713 -0.006370942
v 0.0140146523 0.0290693524 -0.00265812052
v 0.0140258139 0.00898867836 -0.00266319551
v 0.0140471779 0.0242593828 -0.00634708558
v 0.0140544647 0.0291924465 -0.00634115813
v 0.014060876 -0.0250063254 -0.00710108671
v 0.014060876 -0.0250063254 -0.00192624156
v 0.014077588 0.00897761727 -0.00631420184
v 0.0140784698 0.00897770105 -0.00271203729
v 0.0140816556 -0.0226500064 -0.00631870503
v 0.0140816556 -0.0226500064 -0.00270861487
v 0.0140869526 0.0292748235 -0.00271306988
v 0.0141276677 -0.0234683508 -0.00637353919
v 0.0141276677 -0.0234683508 -0.00265377024
v 0.0141788595 -0.0267312766 -0.00894209446
v 0.0141788595 -0.0267312766 -8.5229629e-05
v 0.0142234725 0.024295513 -0.00283780608
v 0.0142562703 0.0243036816 -0.00614682988
v 0.0142583229 0.024303116 -0.00287299587
v 0.01425981 0.0296625793 -0.00615049527
v 0.0142602939 0.0296657001 -0.00287629891
v 0.0142606688 0.0243036606 -0.00287585068
v 0.0142643363 -0.0242618333 -0.0065364289
v 0.0142643363 -0.0242618333 -0.00249090147
v 0.0142730096 0.029694353 -0.00288825854
v 0.0142795005 0.029707674 -0.00613221023
v 0.0142813416 0.0089357481 -0.00613026234
v 0.0142964681 -0.0256792273 -0.00750911738
v 0.0142964681 -0.0256792273 -0.00151819413
v 0.0143024751 0.00893099357 -0.00291976409
v 0.0143347745 0.0243203119 -0.00607163712
v 0.0143658988 0.00891557801 -0.00602337971
v 0.0143670508 0.00891549423 -0.00300294948
v 0.0143720755 -0.0226500064 -0.00602828085
v 0.0143720755 -0.0226500064 -0.00299904742
v 0.0144269307 -0.0234683508 -0.00607429715
v 0.0144269307 -0.0234683508 -0.00295302484
v 0.0144334865 -0.0270784409 -0.00964170127
v 0.0144334865 -0.0270784409 0.000614375096
v 0.0144383876 0.0300121523 -0.00308179925
v 0.014464527 0.0300587132 -0.00591071625
v 0.0144800913 0.0243556881 -0.00587730888
v 0.0144812014 0.00888805621 -0.00314997332
v 0.0144814527 0.00888801432 -0.00587735077
v 0.0144869822 0.0243568192 -0.00314980157
v 0.014487487 -0.0250063254 -0.0068023683
v 0.014487487 -0.0250063254 -0.00222495578
v 0.0144911943 0.0301053578 -0.0157087933
v 0.0144911943 0.0301053578 0.0115197818
v 0.014492009 0.0301048761 -0.00586859573
v 0.0144926604 0.0301044991 -0.00316235185
v 0.0144974736 0.0243592907 -0.00316251731
v 0.0145104407 0.0243630608 -0.0058367383
v 0.0145111319 0.0301359795 -0.00318980663
v 0.0145119278 0.0301383254 -0.00583807879
v 0.0145128054 0.0243632912 -0.0031885206
v 0.0145345275 0.00887534256 -0.00581026375
v 0.0145412949 0.00887362506 -0.00322736949
v 0.0145612534 0.0243754393 -0.00576877159
v 0.0145869132 -0.0262600966 -0.00801217578
v 0.0145869132 -0.0262600966 -0.0010151504
v 0.0145898015 -0.0242618333 -0.00621096365
v 0.0145898015 -0.0242618333 -0.00281636253
v 0.0145973187 0.0302826577 -0.00331777465
v 0.0146017172 0.0088575623 -0.00568853107
v 0.0146017821 0.0088575623 -0.00333869876
v 0.0146076656 -0.0226500064 -0.00569181945
v 0.0146076656 -0.0226500064 -0.00333550045
v 0.0146098669 0.0303027859 -0.00568800745
v 0.0146696629 -0.0234683508 -0.00572761455
v 0.0146696629 -0.0234683508 -0.00329970325
v 0.0146842847 0.0244079879 -0.00347949563
v 0.014694464 0.0304345722 -0.00552670956
v 0.0147048716 -0.0272910542 -0.0103873244
v 0.0147048716 -0.0272910542 0.00135999821
v 0.0147074918 0.0244146275 -0.0054873119
v 0.0147075965 0.0304544072 -0.00352864111
v 0.0147088742 0.0244147113 -0.00353143727
v 0.014710045 0.030457528 -0.00548884089
v 0.014711264 0.0244154025 -0.00353795538
v 0.014711264 0.0304597692 -0.00353797632
v 0.0147129375 0.00882811145 -0.00548695584
v 0.0147204987 0.00882603998 -0.00355717666
v 0.0147404782 0.0244234663 -0.00542380649
v 0.0147736174 0.00881095745 -0.00371039604
v 0.0147747464 0.00881064537 -0.00531719614
v 0.0147812582 -0.0226500064 -0.00531956294
v 0.0147812582 -0.0226500064 -0.00370775068
v 0.0147903504 -0.0256792273 -0.00716331448
v 0.0147903504 -0.0256792273 -0.00186401589
v 0.014791626 0.0305778364 -0.00529047025
v 0.0148051816 0.0305971687 -0.00377678349
v 0.0148346723 0.0244502132 -0.00387326481
v 0.0148364086 0.00879321908 -0.00514782393
v 0.0148435279 0.0244528313 -0.00391711957
v 0.0148438441 0.024452957 -0.00510993642
v 0.0148440305 0.0306515002 -0.00391719916
v 0.0148453291 0.030653469 -0.00511045795
v 0.0148485337 -0.0234683508 -0.00534404771
v 0.0148485337 -0.0234683508 -0.00368326172
v 0.014850335 0.00878917668 -0.00393164287
v 0.0148536234 0.0306651773 -0.0050826115
v 0.0148537909 -0.0242618333 -0.00583393166
v 0.0148537909 -0.0242618333 -0.00319339452
v 0.0148557409 -0.0250063254 -0.00643411229
v 0.0148557409 -0.0250063254 -0.0025932076
v 0.0148558435 0.00878756182 -0.00507362188
v 0.0148559923 0.0244564339 -0.00507302285
v 0.0148656039 0.030681703 -0.00399521322
v 0.0148689154 0.0244602249 -0.0050171938
v 0.0148806006 0.00878023105 -0.0041056963
v 0.0148808959 0.00878016821 -0.00492173251
v 0.0148875565 -0.0226500064 -0.00492283003
v 0.0148875565 -0.0226500064 -0.00410448777
v 0.0148992208 0.0307275098 -0.00485004386
v 0.0149044151 0.0307345055 -0.00421550915
v 0.014905299 0.0244709697 -0.00422251736
v 0.0149066374 0.0307375216 -0.00479374564
v 0.0149115574 0.0244728548 -0.0047142005
v 0.0149123324 0.0307451456 -0.00471447697
v 0.0149127722 0.00877074294 -0.00429072075
v 0.014914031 0.0244735879 -0.00430425754
v 0.0149141148 0.0307475333 -0.00431273191
v 0.0149141357 0.0244736088 -0.00431267536
v 0.0149144897 0.00877024235 -0.00471783447
v 0.0149166073 0.0244743628 -0.00451366833
v 0.0149168356 0.00876952812 -0.00451365366
v 0.0149168356 0.00876952812 -0.00451358455
v 0.0149172147 0.0307517014 -0.00434377249
v 0.0149184944 0.0244749074 -0.00466493772
v 0.0149185782 0.0087690045 -0.00436372266
v 0.0149226604 0.0307589693 -0.00457094468
v 0.0149233516 -0.0267312766 -0.00859493012
v 0.0149233516 -0.0267312766 -0.000432396056
v 0.0149233516 -0.0226500064 -0.00451365995
v 0.0149580554 -0.0234683508 -0.00493526092
v 0.0149580554 -0.0234683508 -0.00409205897
v 0.0149847625 -0.0273626444 -0.0111563012
v 0.0149847625 -0.0273626444 0.00212898762
v 0.0149949418 -0.0234683508 -0.00451365995
v 0.0150483098 -0.0242618333 -0.00541676895
v 0.0150483098 -0.0242618333 -0.00361054676
v 0.0151455975 0.0310399473 -0.0157087933
v 0.0151455975 0.0310399473 0.0115197818
v 0.0151544593 -0.0250063254 -0.00600750336
v 0.0151544593 -0.0250063254 -0.00301981444
v 0.0151637149 -0.0262600966 -0.00760827129
v 0.0151637149 -0.0262600966 -0.00141904442
v 0.0151674432 -0.0242618333 -0.00497218287
v 0.0151674432 -0.0242618333 -0.00405513703
v 0.0152075571 -0.0242618333 -0.00451365995
v 0.015216685 -0.0256792273 -0.00673697783
v 0.015216685 -0.0256792273 -0.00229034207
v 0.0152956081 -0.0270784409 -0.00923968184
v 0.0152956081 -0.0270784409 0.000212361941
v 0.01537455 -0.0250063254 -0.00553550648
v 0.01537455 -0.0250063254 -0.00349180923
v 0.0155093314 -0.0250063254 -0.00503246693
v 0.0155093314 -0.0250063254 -0.00399485296
v 0.0155547173 -0.0250063254 -0.00451365995
v 0.0155624879 -0.0256792273 -0.00624309337
v 0.0155624879 -0.0256792273 -0.00278422443
v 0.0155962534 -0.0267312766 -0.0081237501
v 0.0155962534 -0.0267312766 -0.000903569792
v 0.0156616418 -0.0262600966 -0.00711034443
v 0.0156616418 -0.0262600966 -0.00191696918
v 0.0156923473 -0.0272910542 -0.00992684729
v 0.0156923473 -0.0272910542 0.000899531585
v 0.0158173055 -0.0256792273 -0.00569665776
v 0.0158173055 -0.0256792273 -0.00333065795
v 0.0159523592 0.031846709 -0.0157087933
v 0.0159523592 0.031846709 0.0115197818
v 0.0159733483 -0.0256792273 -0.00511428461
v 0.0159733483 -0.0256792273 -0.00391303319
v 0.0160258973 -0.0256792273 -0.00451365995
v 0.0160655484 -0.0262600966 -0.00653351754
v 0.0160655484 -0.0262600966 -0.00249379398
v 0.0160748292 -0.0270784409 -0.00869406308
v 0.0160748292 -0.0270784409 -0.000333248436
v 0.0160831213 -0.000598841403 0.0115197818
v 0.0160831213 -0.000598841403 0.0157087933
v 0.0161015111 -0.0273626444 -0.0106355652
v 0.0161015111 -0.0273626444 0.00160823694
v 0.0161771227 -0.0267312766 -0.00754288082
v 0.0161771227 -0.0267312766 -0.00148443489
v 0.0163631358 -0.0262600966 -0.00589532163
v 0.0163631358 -0.0262600966 -0.00313198989
v 0.0165453787 -0.0262600966 -0.00521515182
v 0.0165453787 -0.0262600966 -0.00381216807
v 0.0165848602 -0.0272910542 -0.0093019096
v 0.0165848602 -0.0272910542 0.000274589707
v 0.0166067687 -0.0262600966 -0.00451365995
v 0.0166483048 -0.0267312766 -0.00686997895
v 0.0166483048 -0.0267312766 -0.00215734304
v 0.0167474545 -0.0270784409 -0.0080214335
v 0.0167474545 -0.0270784409 -0.00100587802
v 0.0168869507 0.0325011164 -0.0157087933
v 0.0168869507 0.0325011164 0.0115197818
v 0.016995465 -0.0267312766 -0.00612548687
v 0.016995465 -0.0267312766 -0.00290184141
v 0.0171108764 -0.0273626444 -0.00992879518
v 0.0171108764 -0.0273626444 0.000901475286
v 0.0172080804 -0.0267312766 -0.0053320043
v 0.0172080804 -0.0267312766 -0.00369531769
v 0.0172796706 -0.0267312766 -0.00451365995
v 0.0172930524 -0.0270784409 -0.00724223546
v 0.0172930524 -0.0270784409 -0.00178508863
v 0.017355278 -0.0272910542 -0.00853148754
v 0.017355278 -0.0272910542 -0.00049584073
v 0.0176950739 -0.0270784409 -0.00638011594
v 0.0176950739 -0.0270784409 -0.00264720815
v 0.0179209873 0.0329832925 -0.0157087933
v 0.0179209873 0.0329832925 0.0115197818
v 0.0179412579 -0.0270784409 -0.0054612772
v 0.0179412579 -0.0270784409 -0.00356603851
v 0.0179802178 -0.0272910542 -0.00763897674
v 0.0179802178 -0.0272910542 -0.00138835153
v 0.0179821678 -0.0273626444 -0.00905750172
v 0.0179821678 -0.0273626444 3.01776392e-05
v 0.0180241857 -0.0270784409 -0.00451365995
v 0.0182782241 0.00175153108 0.0115197818
v 0.0182782241 0.00175153108 0.0157087933
v 0.0184406991 -0.0272910542 -0.00665150105
v 0.0184406991 -0.0272910542 -0.00237582304
v 0.0186889378 -0.0273626444 -0.00804813845
v 0.0186889378 -0.0273626444 -0.00097918145
v 0.0187226782 -0.0272910542 -0.00559907473
v 0.0187226782 -0.0272910542 -0.00342825145
v 0.0188176473 -0.0272910542 -0.00451365995
v 0.0190230366 0.033278576 -0.0157087933
v 0.0190230366 0.033278576 0.0115197818
v 0.0192096718 -0.0273626444 -0.00693138986
v 0.0192096718 -0.0273626444 -0.00209593423
v 0.0195286042 -0.0273626444 -0.005741166
v 0.0195286042 -0.0273626444 -0.00328614761
v 0.0196359896 -0.0273626444 -0.00451365995
v 0.0201328503 0.00437892249 0.0115197818
v 0.0201328503 0.00437892249 0.0157087933
v 0.020159616 0.0333780231 -0.0157087933
v 0.020159616 0.0333780231 0.0115197818
v 0.0216124301 0.00723438106 0.0115197818
v 0.0216124301 0.00723438106 0.0157087933
v 0.0226894041 0.0102647141 0.0115197818
v 0.0226894041 0.0102647141 0.0157087933
v 0.0233437277 0.0134134559 0.0115197818
v 0.0233437277 0.0134134559 0.0157087933
v 0.02356319 0.0166219769 0.0115197818
v 0.02356319 0.0166219769 0.0157087933
v 0.02356319 0.0333780231 0.0115197818
v 0.02356319 0.0333780231 0.0157087933
v 0.0242181629 -0.0165059392 -0.0157087933
v 0.0242272111 -0.0150754357 -0.0157087933
v 0.0244556589 -0.0179166349 -0.0157087933
v 0.0244825523 -0.013667865 -0.0157087933
v 0.0249326197 -0.019265306 -0.0157087933
v 0.0249765415 -0.0123253266 -0.0157087933
v 0.0256347819 -0.0205116626 -0.0157087933
v 0.0256944334 -0.0110879575 -0.0157087933
v 0.0265411583 -0.0216184414 -0.0157087933
v 0.0266147383 -0.00999276139 -0.0157087933
v 0.0276246252 -0.0225525281 -0.0157087933
v 0.0277099344 -0.0090724565 -0.0157087933
v 0.0288087959 -0.0161042988 0.0157087933
v 0.0288112465 -0.016136638 -0.0111008806
v 0.0288114559 -0.0161043198 -0.0111008806
v 0.0288152679 -0.0155028594 -0.0111008806
v 0.0288177604 -0.0154770363 0.0157087933
v 0.0288198759 -0.0154774321 -0.0111008806
v 0.0288528015 -0.023286024 -0.0157087933
v 0.0289069026 -0.0167238976 0.0157087933
v 0.0289100443 -0.0167233698 -0.0111008806
v 0.0289164745 -0.0167616176 -0.0111008806
v 0.0289283922 -0.0148792643 -0.0111008806
v 0.0289335447 -0.0148604954 0.0157087933
v 0.0289350737 -0.0148610631 -0.0111008806
v 0.0289473056 -0.00835458768 -0.0157087933
v 0.0291092528 -0.0173176858 0.0157087933
v 0.0291126878 -0.0173164731 -0.0111008806
v 0.0291277891 -0.0173591382 -0.0111008806
v 0.0291472471 -0.0142844666 -0.0111008806
v 0.0291527766 -0.0142727373 0.0157087933
v 0.0291537401 -0.0142732819 -0.0111008806
v 0.0294098772 -0.0178682707 0.0157087933
v 0.0294134797 -0.0178662578 -0.0111008806
v 0.0294388651 -0.0179113316 -0.0111008806
v 0.0294652978 -0.0137362716 -0.0111008806
v 0.029469026 -0.0137309494 0.0157087933
v 0.0294694659 -0.0137313306 -0.0111008806
v 0.0297999998 -0.0183595349 0.0157087933
v 0.0298035395 -0.0183566466 -0.0111008806
v 0.0298404238 -0.0184016575 -0.0111008806
v 0.0298730143 -0.0132510374 -0.0111008806
v 0.0298730143 -0.0132510374 0.0157087933
v 0.0301889705 -0.0237969787 -0.0157087933
v 0.0302681638 -0.0187770998 0.0157087933
v 0.0302714521 -0.0187732836 -0.0111008806
v 0.0302898419 -0.00786057545 -0.0157087933
v 0.0303204426 -0.0188155109 -0.0111008806
v 0.0303529494 -0.012847047 0.0157087933
v 0.0303532845 -0.0128474659 -0.0111008806
v 0.0303582275 -0.0128433188 -0.0111008806
v 0.0308006919 -0.0191086789 0.0157087933
v 0.0308034775 -0.0191039851 -0.0111008806
v 0.0308645743 -0.0191404714 -0.0111008806
v 0.0308947142 -0.0125307976 0.0157087933
v 0.0308952588 -0.0125317611 -0.0111008806
v 0.0309064435 -0.0125252702 -0.0111008806
v 0.0313819382 -0.019344625 0.0157087933
v 0.0313840536 -0.0193391164 -0.0111008806
v 0.0314565445 -0.0193668456 -0.0111008806
v 0.0314824744 -0.0123115678 0.0157087933
v 0.0314830399 -0.0123130968 -0.0111008806
v 0.0315012412 -0.0123064132 -0.0111008806
v 0.03159319 -0.0240701232 -0.0157087933
v 0.0316974126 -0.00760523425 -0.0157087933
v 0.0319949162 -0.019478001 0.0157087933
v 0.031996131 -0.0194717803 -0.0111008806
v 0.0320786755 -0.0194878452 -0.0111008806
v 0.0320990132 -0.0121957814 0.0157087933
v 0.0320993902 -0.012197899 -0.0111008806
v 0.0321248384 -0.012193289 -0.0111008806
v 0.0326216552 -0.0195048944 0.0157087933
v 0.0326218018 -0.0194981711 -0.0111008806
v 0.0327123473 -0.0194998886 -0.0111008806
v 0.0327262757 -0.0121868169 0.0157087933
v 0.0327262967 -0.012189477 -0.0111008806
v 0.0327586149 -0.0121892696 -0.0111008806
v 0.0330234861 -0.024097268 -0.0157087933
v 0.0331279182 -0.00759618389 -0.0157087933
v 0.033242718 -0.0194174698 -0.0111008806
v 0.0332438072 -0.0194245094 0.0157087933
v 0.0333386045 -0.0194025799 -0.0111008806
v 0.0333453488 -0.0122880444 -0.0111008806
v 0.0333458724 -0.0122849445 0.0157087933
v 0.0333835945 -0.0122944976 -0.0111008806
v 0.0335120924 0.00876758023 -0.00451365995
v 0.0335120924 0.00888690423 -0.00587756022
v 0.0335120924 0.00888690423 -0.00314975758
v 0.0335120924 0.00924125272 -0.00720003117
v 0.0335120924 0.00924125272 -0.00182729711
v 0.0335120924 0.00981986203 -0.00844085828
v 0.0335120924 0.00981986203 -0.000586461617
v 0.0335120924 0.010605153 -0.0095623614
v 0.0335120924 0.010605153 0.000535049879
v 0.0335120924 0.0115732754 -0.0105304839
v 0.0335120924 0.0115732754 0.00150315768
v 0.0335120924 0.0124329653 -0.00451365995
v 0.0335120924 0.0124966048 -0.0052410818
v 0.0335120924 0.0124966048 -0.00378624438
v 0.0335120924 0.0126855921 -0.00594638568
v 0.0335120924 0.0126855921 -0.00308093212
v 0.0335120924 0.0126947786 -0.0113157769
v 0.0335120924 0.0126947786 0.00228844863
v 0.0335120924 0.0129941861 -0.00660816572
v 0.0335120924 0.0129941861 -0.00241915417
v 0.0335120924 0.0134130076 -0.00720629374
v 0.0335120924 0.0134130076 -0.00182101568
v 0.0335120924 0.0139293305 -0.0077226313
v 0.0335120924 0.0139293305 -0.00130468859
v 0.0335120924 0.0139356161 -0.0118943841
v 0.0335120924 0.0139356161 0.00286705795
v 0.0335120924 0.014527469 -0.00814144868
v 0.0335120924 0.014527469 -0.000885869124
v 0.0335120924 0.0151892491 -0.00845005316
v 0.0335120924 0.0151892491 -0.00057727721
v 0.0335120924 0.0152580745 -0.0122487326
v 0.0335120924 0.0152580745 0.00322141062
v 0.0335120924 0.0158945634 -0.00863904041
v 0.0335120924 0.0158945634 -0.000388287859
v 0.0335120924 0.0166219769 -0.0123680566
v 0.0335120924 0.0166219769 -0.0087026715
v 0.0335120924 0.0166219769 -0.000324648395
v 0.0335120924 0.0166219769 0.00334073671
v 0.0335120924 0.0173493925 -0.00863904041
v 0.0335120924 0.0173493925 -0.000388287859
v 0.0335120924 0.0179858772 -0.0122487326
v 0.0335120924 0.0179858772 0.00322141062
v 0.0335120924 0.0180547026 -0.00845005316
v 0.0335120924 0.0180547026 -0.00057727721
v 0.0335120924 0.0187164827 -0.00814144868
v 0.0335120924 0.0187164827 -0.000885869124
v 0.0335120924 0.0193083376 -0.0118943841
v 0.0335120924 0.0193083376 0.00286705795
v 0.0335120924 0.0193146212 -0.0077226313
v 0.0335120924 0.0193146212 -0.00130468859
v 0.0335120924 0.0198309482 -0.00720629374
v 0.0335120924 0.0198309482 -0.00182101568
v 0.0335120924 0.0202497656 -0.00660816572
v 0.0335120924 0.0202497656 -0.00241915417
v 0.0335120924 0.0205491752 -0.0113157769
v 0.0335120924 0.0205491752 0.00228844863
v 0.0335120924 0.0205583596 -0.00594638568
v 0.0335120924 0.0205583596 -0.00308093212
v 0.0335120924 0.0207473469 -0.0052410818
v 0.0335120924 0.0207473469 -0.00378624438
v 0.0335120924 0.0208109884 -0.00451365995
v 0.0335120924 0.0216706783 -0.0105304839
v 0.0335120924 0.0216706783 0.00150315768
v 0.0335120924 0.0226388008 -0.0095623614
v 0.0335120924 0.0226388008 0.000535049879
v 0.0335120924 0.0234240939 -0.00844085828
v 0.0335120924 0.0234240939 -0.000586461617
v 0.0335120924 0.0240027011 -0.00720003117
v 0.0335120924 0.0240027011 -0.00182729711
v 0.0335120924 0.0243570496 -0.00587756022
v 0.0335120924 0.0243570496 -0.00314975758
v 0.0335120924 0.0244763736 -0.00451365995
v 0.0338407204 -0.019232127 -0.0111008806
v 0.03384315 -0.0192392273 0.0157087933
v 0.03393845 -0.0124907088 -0.0111008806
v 0.0339387432 -0.0191988453 -0.0111008806
v 0.0339396648 -0.0124872738 0.0157087933
v 0.0339811151 -0.0125058102 -0.0111008806
v 0.0343983197 -0.0189475465 -0.0111008806
v 0.0344021108 -0.0189544583 0.0157087933
v 0.0344370471 -0.0238776591 -0.0157087933
v 0.0344882368 -0.0127915007 -0.0111008806
v 0.0344902476 -0.0127878982 0.0157087933
v 0.0344948136 -0.0188947859 -0.0111008806
v 0.0345333106 -0.0128168883 -0.0111008806
v 0.0345386097 -0.0078336799 -0.0157087933
v 0.0349043104 -0.0185785574 -0.0111008806
v 0.0349043104 -0.0185785574 0.0157087933
v 0.0349786235 -0.0131815606 -0.0111008806
v 0.0349815139 -0.0131780208 0.0157087933
v 0.0350236344 -0.0132184448 -0.0111008806
v 0.0352005364 -0.0182823314 -0.0111008806
v 0.0352005364 -0.0182823314 0.0157087933
v 0.0353952416 -0.0136494731 -0.0111008806
v 0.0353990746 -0.0136461848 0.0157087933
v 0.0354374669 -0.0136984636 -0.0111008806
v 0.0355167648 -0.0178728576 -0.0111008806
v 0.0355695254 -0.0177763428 -0.0111008806
v 0.0355764373 -0.0177801108 0.0157087933
v 0.0357259641 -0.0141815216 -0.0111008806
v 0.0357306558 -0.0141787129 0.0157087933
v 0.0357624504 -0.0142425953 -0.0111008806
v 0.0357916687 -0.0234178103 -0.0157087933
v 0.0358208242 -0.0173167643 -0.0111008806
v 0.0358541059 -0.0172187644 -0.0111008806
v 0.0358612063 -0.0172211731 0.0157087933
v 0.0358872829 -0.00831064285 -0.0157087933
v 0.0359610933 -0.0147620746 -0.0111008806
v 0.0359666018 -0.0147599613 0.0157087933
v 0.0359888036 -0.0148345676 -0.0111008806
v 0.0360245568 -0.0167166255 -0.0111008806
v 0.0360394697 -0.016620739 -0.0111008806
v 0.0360464863 -0.0166218303 0.0157087933
v 0.0360937593 -0.0153741541 -0.0111008806
v 0.03609998 -0.0153729393 0.0157087933
v 0.0361098242 -0.0154566986 -0.0111008806
v 0.0361201501 -0.015999804 -0.0111008806
v 0.0361218676 -0.0160903683 -0.0111008806
v 0.0361268734 -0.0159996762 0.0157087933
v 0.0370468013 -0.0227314827 -0.0157087933
v 0.0371336395 -0.00901280288 -0.0157087933
v 0.0374392908 -0.0273626444 -0.0157087933
v 0.0374392908 -0.0273626444 -0.014137914
v 0.0374392908 -0.0273626444 0.0157087933
v 0.0374392908 0.0333780231 -0.0157087933
v 0.0374392908 0.0333780231 0.0157087933
v 0.0375768788 -0.0284293553 -0.0157087933
v 0.0375768788 -0.0284293553 -0.014137914
v 0.037894364 -0.0294569617 -0.0157087933
v 0.037894364 -0.0294569617 -0.014137914
v 0.0381649742 -0.0218392023 -0.0157087933
v 0.0382404183 -0.00991915836 -0.0157087933
v 0.0383824676 -0.0304153866 -0.0157087933
v 0.0383824676 -0.0304153866 -0.014137914
v 0.0384218025 -0.027288478 -0.014137914
v 0.0384218025 -0.027288478 0.0157087933
v 0.0384611582 -0.0215429973 -0.0157087933
v 0.0385758743 0.033278576 -0.0157087933
v 0.0385758743 0.033278576 0.0157087933
v 0.0390268423 -0.0312765217 -0.0157087933
v 0.0390268423 -0.0312765217 -0.014137914
v 0.039128363 -0.0228025912 -0.0157087933
v 0.039128363 -0.0228025912 -0.014137914
v 0.039174505 -0.0110026483 -0.0157087933
v 0.0393534386 -0.0204248244 -0.0157087933
v 0.0393820496 -0.0270676752 -0.014137914
v 0.0393820496 -0.0270676752 0.0157087933
v 0.0394245681 -0.0225063861 -0.0157087933
v 0.0394245681 -0.0225063861 -0.014137914
v 0.0396779195 0.0329832925 -0.0157087933
v 0.0396779195 0.0329832925 0.0157087933
v 0.0398086585 -0.0320151491 -0.0157087933
v 0.0398086585 -0.0320151491 -0.014137914
v 0.0399080009 -0.0122308246 -0.0157087933
v 0.0400397872 -0.0191696897 -0.0157087933
v 0.0402982702 -0.0267052209 -0.014137914
v 0.0402982702 -0.0267052209 0.0157087933
v 0.0404189556 -0.0135669936 -0.0157087933
v 0.040499615 -0.0178150702 -0.0157087933
v 0.0406921001 -0.014971211 -0.0157087933
v 0.0407049604 -0.0326096327 -0.0157087933
v 0.0407049604 -0.0326096327 -0.014137914
v 0.040711956 0.0325011164 -0.0157087933
v 0.040711956 0.0325011164 0.0157087933
v 0.0407192449 -0.0164015071 -0.0157087933
v 0.0411497077 -0.0262093676 -0.014137914
v 0.0411497077 -0.0262093676 0.0157087933
v 0.0416465454 0.031846709 -0.0157087933
v 0.0416465454 0.031846709 0.0157087933
v 0.0416895457 -0.0330425252 -0.0157087933
v 0.0416895457 -0.0330425252 -0.014137914
v 0.0419170718 -0.0255912999 -0.014137914
v 0.0419170718 -0.0255912999 0.0157087933
v 0.0422132768 -0.0252950949 -0.014137914
v 0.0422132768 -0.0252950949 0.0157087933
v 0.0424533072 0.0310399473 -0.0157087933
v 0.0424533072 0.0310399473 0.0157087933
v 0.0427335102 -0.0333011757 -0.0157087933
v 0.0427335102 -0.0333011757 -0.014137914
v 0.0428313445 -0.0245277308 -0.014137914
v 0.0428313445 -0.0245277308 0.0157087933
v 0.0431077146 0.0301053578 -0.0157087933
v 0.0431077146 0.0301053578 0.0157087933
v 0.0433272188 -0.0236762933 -0.014137914
v 0.0433272188 -0.0236762933 0.0157087933
v 0.0435898907 0.0290713213 -0.0157087933
v 0.0435898907 0.0290713213 0.0157087933
v 0.0436896521 -0.0227600727 -0.014137914
v 0.0436896521 -0.0227600727 0.0157087933
v 0.043806316 -0.0333780231 -0.0157087933
v 0.043806316 -0.0333780231 -0.014137914
v 0.0438851951 0.0279692761 -0.0157087933
v 0.0438851951 0.0279692761 0.0157087933
v 0.0439104549 -0.0217998256 -0.014137914
v 0.0439104549 -0.0217998256 0.0157087933
v 0.0439846213 -0.0208173139 -0.0157087933
v 0.0439846213 -0.0208173139 -0.014137914
v 0.0439846213 -0.0208173139 0.0157087933
v 0.0439846213 0.0124329653 -0.00451365995
v 0.0439846213 0.0124966048 -0.0052410818
v 0.0439846213 0.0124966048 -0.00378624438
v 0.0439846213 0.0126855921 -0.00594638568
v 0.0439846213 0.0126855921 -0.00308093212
v 0.0439846213 0.0129941861 -0.00660816572
v 0.0439846213 0.0129941861 -0.00241915417
v 0.0439846213 0.0134130076 -0.00720629374
v 0.0439846213 0.0134130076 -0.00182101568
v 0.0439846213 0.0139293305 -0.0077226313
v 0.0439846213 0.0139293305 -0.00130468859
v 0.0439846213 0.014527469 -0.00814144868
v 0.0439846213 0.014527469 -0.000885869124
v 0.0439846213 0.0151892491 -0.00845005316
v 0.0439846213 0.0151892491 -0.00057727721
v 0.0439846213 0.0158945634 -0.00863904041
v 0.0439846213 0.0158945634 -0.000388287859
v 0.0439846213 0.0166219769 -0.0087026715
v 0.0439846213 0.0166219769 -0.000324648395
v 0.0439846213 0.0173493925 -0.00863904041
v 0.0439846213 0.0173493925 -0.000388287859
v 0.0439846213 0.0180547026 -0.00845005316
v 0.0439846213 0.0180547026 -0.00057727721
v 0.0439846213 0.0187164827 -0.00814144868
v 0.0439846213 0.0187164827 -0.000885869124
v 0.0439846213 0.0193146212 -0.0077226313
v 0.0439846213 0.0193146212 -0.00130468859
v 0.0439846213 0.0198309482 -0.00720629374
v 0.0439846213 0.0198309482 -0.00182101568
v 0.0439846213 0.0202497656 -0.00660816572
v 0.0439846213 0.0202497656 -0.00241915417
v 0.0439846213 0.0205583596 -0.00594638568
v 0.0439846213 0.0205583596 -0.00308093212
v 0.0439846213 0.0207473469 -0.0052410818
v 0.0439846213 0.0207473469 -0.00378624438
v 0.0439846213 0.0208109884 -0.00451365995
v 0.0439846213 0.0268326926 -0.0157087933
v 0.0439846213 0.0268326926 0.0157087933
v 0.0448764828 -0.0332707635 -0.0157087933
v 0.0448764828 -0.0332707635 -0.014137914
v 0.0450513321 -0.0209549019 -0.0157087933
v 0.0450513321 -0.0209549019 -0.014137914
v 0.0459126976 -0.0329825804 -0.0157087933
v 0.0459126976 -0.0329825804 -0.014137914
v 0.0460789386 -0.0212723871 -0.0157087933
v 0.0460789386 -0.0212723871 -0.014137914
v 0.0468845902 -0.0325218939 -0.0157087933
v 0.0468845902 -0.0325218939 -0.014137914
v 0.0470373635 -0.0217604698 -0.0157087933
v 0.0470373635 -0.0217604698 -0.014137914
v 0.0477636752 -0.0319022134 -0.0157087933
v 0.0477636752 -0.0319022134 -0.014137914
v 0.0478984986 -0.0224048655 -0.0157087933
v 0.0478984986 -0.0224048655 -0.014137914
v 0.0485241903 -0.0311416983 -0.0157087933
v 0.0485241903 -0.0311416983 -0.014137914
v 0.048637126 -0.0231866607 -0.0157087933
v 0.048637126 -0.0231866607 -0.014137914
v 0.0491438708 -0.0302626133 -0.0157087933
v 0.0491438708 -0.0302626133 -0.014137914
v 0.0492315887 -0.0240829835 -0.0157087933
v 0.0492315887 -0.0240829835 -0.014137914
v 0.0496045573 -0.0292907208 -0.0157087933
v 0.0496045573 -0.0292907208 -0.014137914
v 0.0496645021 -0.0250675478 -0.0157087933
v 0.0496645021 -0.0250675478 -0.014137914
v 0.0498927404 -0.0282545059 -0.0157087933
v 0.0498927404 -0.0282545059 -0.014137914
v 0.0499231735 -0.0261115333 -0.0157087933
v 0.0499231735 -0.0261115333 -0.014137914
v 0.05 -0.0271843391 -0.0157087933
v 0.05 -0.0271843391 -0.014137914
f 1930 1931 1925
f 1930 1925 1924
f 1924 1925 1915
f 1924 1915 1914
f 1914 1915 1905
f 1914 1905 1904
f 1904 1905 1894
f 1904 1894 1893
f 1893 1894 1882
f 1893 1882 1881
f 1955 1956 1953
f 1955 1953 1952
f 1952 1953 1947
f 1952 1947 1946
f 1946 1947 1943
f 1946 1943 1942
f 1942 1943 1939
f 1942 1939 1938
f 1938 1939 1933
f 1938 1933 1932
f 96 97 91
f 96 91 90
f 90 91 87
f 90 87 86
f 86 87 83
f 86 83 82
f 82 83 77
f 82 77 76
f 76 77 37
f 76 37 36
f 146 147 136
f 146 136 135
f 135 136 125
f 135 125 124
f 124 125 115
f 124 115 114
f 114 115 105
f 114 105 104
f 104 105 99
f 104 99 98
f 1383 1380 1398
f 1398 1417 1383
f 1383 1417 1395
f 1383 1395 1386
f 1386 1395 1392
f 1443 1428 1441
f 1441 1428 1424
f 1441 1424 1427
f 1427 1424 1418
f 1427 1418 1417
f 1417 1418 1410
f 1417 1410 1395
f 1441 1454 1443
f 1443 1454 1465
f 1443 1465 1449
f 1449 1465 1476
f 1449 1476 1464
f 1464 1476 1473
f 1473 1476 1478
f 1478 1476 1482
f 1478 1482 1492
f 1492 1482 1499
f 1492 1499 1496
f 1496 1499 1502
f 1502 1499 1507
f 1502 1507 1514
f 1514 1507 1519
f 1514 1519 1521
f 1519 1531 1521
f 1521 1531 1533
f 1521 1533 1525
f 1525 1533 1542
f 1525 1542 1538
f 1547 1552 1549
f 1549 1552 1555
f 1549 1555 1553
f 1553 1555 1543
f 1553 1543 1542
f 1542 1543 1541
f 1542 1541 1538
f 1477 1487 1501
f 1501 1487 1500
f 1501 1500 1503
f 1503 1500 1504
f 1503 1504 1516
f 1516 1504 1515
f 1516 1515 1518
f 1518 1515 1520
f 1518 1520 1540
f 1540 1520 1532
f 1540 1532 1545
f 1545 1532 1539
f 1545 1539 1547
f 1547 1539 1546
f 1547 1546 1552
f 1501 1495 1477
f 1477 1495 1479
f 1477 1479 1474
f 1474 1479 1475
f 1474 1475 1463
f 1463 1475 1448
f 1448 1475 1444
f 1444 1475 1468
f 1444 1468 1445
f 1440 1420 1419
f 1435 1444 1425
f 1425 1444 1445
f 1425 1445 1419
f 1419 1445 1442
f 1419 1442 1440
f 1381 1384 1414
f 1414 1384 1389
f 1414 1389 1420
f 1413 1419 1405
f 1405 1419 1420
f 1405 1420 1397
f 1397 1420 1389
f 666 663 632
f 632 613 666
f 666 613 634
f 666 634 643
f 643 634 638
f 587 602 589
f 589 602 606
f 589 606 603
f 603 606 612
f 603 612 613
f 613 612 620
f 613 620 634
f 589 576 587
f 587 576 565
f 587 565 581
f 581 565 554
f 581 554 566
f 566 554 557
f 557 554 552
f 552 554 548
f 552 548 538
f 538 548 531
f 538 531 534
f 534 531 528
f 528 531 522
f 528 522 515
f 515 522 510
f 515 510 508
f 510 498 508
f 508 498 496
f 508 496 503
f 503 496 487
f 503 487 491
f 481 477 480
f 480 477 474
f 480 474 476
f 476 474 486
f 476 486 487
f 487 486 488
f 487 488 491
f 553 543 529
f 529 543 530
f 529 530 526
f 526 530 527
f 526 527 513
f 513 527 514
f 513 514 511
f 511 514 509
f 511 509 489
f 489 509 497
f 489 497 483
f 483 497 490
f 483 490 481
f 481 490 482
f 481 482 477
f 529 535 553
f 553 535 551
f 553 551 556
f 556 551 555
f 556 555 567
f 567 555 582
f 582 555 586
f 586 555 562
f 586 562 585
f 590 610 611
f 595 586 605
f 605 586 585
f 605 585 611
f 611 585 588
f 611 588 590
f 662 665 616
f 616 665 640
f 616 640 610
f 617 611 625
f 625 611 610
f 625 610 633
f 633 610 640
f 877 870 881
f 881 870 865
f 881 865 854
f 854 853 881
f 881 853 837
f 881 837 834
f 834 829 881
f 881 829 824
f 881 824 815
f 880 883 959
f 959 883 884
f 884 886 959
f 959 886 892
f 959 892 898
f 898 902 959
f 959 902 905
f 959 905 907
f 908 909 960
f 909 906 960
f 960 906 901
f 960 901 895
f 895 887 960
f 960 887 885
f 960 885 881
f 881 885 882
f 881 882 877
f 855 864 880
f 880 808 813
f 828 838 827
f 827 838 843
f 827 843 813
f 813 843 880
f 880 843 852
f 880 852 855
f 864 871 880
f 880 871 874
f 880 874 883
f 733 758 788
f 733 788 731
f 731 788 727
f 731 727 730
f 758 762 788
f 788 762 771
f 788 771 782
f 782 786 788
f 788 786 790
f 788 790 880
f 880 790 800
f 880 800 808
f 701 708 727
f 701 727 698
f 708 713 727
f 727 713 725
f 727 725 730
f 644 645 668
f 644 668 683
f 683 668 674
f 683 674 675
f 675 680 683
f 683 680 687
f 683 687 727
f 727 687 697
f 727 697 698
f 1363 1362 1360
f 1360 1362 1345
f 1360 1345 1353
f 1353 1345 1352
f 1303 1317 1301
f 1301 1317 1318
f 1301 1318 1324
f 1324 1330 1301
f 1301 1330 1343
f 1301 1343 1345
f 1345 1343 1344
f 1345 1344 1352
f 1245 1246 1242
f 1246 1255 1242
f 1242 1255 1269
f 1242 1269 1270
f 1270 1295 1242
f 1242 1295 1297
f 1242 1297 1301
f 1301 1297 1300
f 1301 1300 1303
f 1155 1158 1149
f 1149 1158 1167
f 1149 1167 1176
f 1176 1183 1149
f 1149 1183 1192
f 1149 1192 1197
f 1197 1201 1149
f 1149 1201 1206
f 1149 1206 1215
f 1215 1217 1149
f 1149 1217 1224
f 1149 1224 1242
f 1242 1224 1240
f 1242 1240 1245
f 1143 1138 1070
f 1070 1138 1130
f 1130 1129 1070
f 1070 1129 1127
f 1070 1127 1123
f 1123 1121 1069
f 1069 1121 1120
f 1069 1120 1122
f 1122 1126 1069
f 1069 1126 1128
f 1069 1128 1137
f 1137 1144 1069
f 1069 1144 1145
f 1069 1145 1149
f 1149 1145 1148
f 1149 1148 1155
f 1203 1202 1198
f 1221 1218 1150
f 1150 1218 1203
f 1203 1198 1150
f 1150 1198 1191
f 1150 1191 1186
f 1186 1175 1150
f 1150 1175 1172
f 1150 1172 1164
f 1164 1159 1150
f 1150 1159 1147
f 1150 1147 1070
f 1070 1147 1146
f 1070 1146 1143
f 1296 1271 1243
f 1296 1243 1298
f 1298 1243 1302
f 1298 1302 1299
f 1271 1268 1243
f 1243 1268 1258
f 1243 1258 1248
f 1248 1244 1243
f 1243 1244 1241
f 1243 1241 1150
f 1150 1241 1230
f 1150 1230 1221
f 1328 1321 1302
f 1328 1302 1332
f 1321 1316 1302
f 1302 1316 1304
f 1302 1304 1299
f 1365 1364 1361
f 1365 1361 1346
f 1346 1361 1355
f 1346 1355 1354
f 1354 1349 1346
f 1346 1349 1342
f 1346 1342 1302
f 1302 1342 1333
f 1302 1333 1332
f 646 647 669
f 669 647 684
f 669 684 676
f 676 684 677
f 726 712 728
f 728 712 711
f 728 711 705
f 705 700 728
f 728 700 686
f 728 686 684
f 684 686 685
f 684 685 677
f 785 783 789
f 815 814 881
f 881 814 805
f 881 805 789
f 789 805 791
f 789 791 785
f 783 774 789
f 789 774 761
f 789 761 759
f 759 734 789
f 789 734 732
f 789 732 728
f 728 732 729
f 728 729 726
f 1123 1069 1070
f 1070 1069 1036
f 1070 1036 1037
f 1037 1036 1020
f 1037 1020 1021
f 1021 1020 1018
f 1021 1018 1019
f 1019 1018 1014
f 1019 1014 1015
f 1015 1014 1010
f 1015 1010 1011
f 1011 1010 1008
f 1011 1008 1009
f 1009 1008 992
f 1009 992 993
f 993 992 959
f 993 959 960
f 960 959 907
f 960 907 908
f 1190 1191 1212
f 1212 1191 1198
f 1164 1174 1159
f 1159 1174 1157
f 1159 1157 1147
f 1164 1172 1174
f 1174 1172 1175
f 1174 1175 1190
f 1190 1175 1186
f 1190 1186 1191
f 1130 1138 1142
f 1142 1138 1143
f 1142 1143 1157
f 1157 1143 1146
f 1157 1146 1147
f 1125 1119 1121
f 1121 1123 1125
f 1125 1123 1127
f 1125 1127 1142
f 1142 1127 1129
f 1142 1129 1130
f 1128 1126 1124
f 1124 1126 1122
f 1124 1122 1119
f 1119 1122 1120
f 1119 1120 1121
f 1141 1155 1148
f 1148 1145 1141
f 1141 1145 1144
f 1141 1144 1124
f 1124 1144 1137
f 1124 1137 1128
f 1155 1141 1158
f 1158 1141 1156
f 1158 1156 1167
f 1167 1156 1176
f 1176 1156 1173
f 1176 1173 1183
f 1183 1173 1189
f 1183 1189 1192
f 1192 1189 1197
f 1197 1189 1211
f 1197 1211 1201
f 1235 1225 1211
f 1211 1225 1214
f 1211 1214 1201
f 1262 1247 1235
f 1235 1247 1238
f 1235 1238 1225
f 1292 1266 1262
f 1262 1266 1265
f 1262 1265 1247
f 1309 1306 1292
f 1292 1306 1294
f 1292 1294 1266
f 1329 1327 1309
f 1309 1327 1307
f 1309 1307 1306
f 1329 1309 1334
f 1334 1309 1336
f 1334 1336 1390
f 1390 1336 1401
f 1390 1401 1399
f 1399 1401 1421
f 1421 1401 1433
f 1421 1433 1431
f 1490 1488 1457
f 1457 1488 1480
f 1480 1467 1457
f 1457 1467 1455
f 1457 1455 1433
f 1433 1455 1450
f 1433 1450 1431
f 1530 1510 1535
f 1535 1510 1536
f 1535 1536 1548
f 1530 1517 1510
f 1510 1517 1509
f 1510 1509 1490
f 1490 1509 1505
f 1490 1505 1488
f 1534 1544 1537
f 1537 1544 1554
f 1537 1554 1558
f 1558 1554 1551
f 1558 1551 1536
f 1536 1551 1550
f 1536 1550 1548
f 1534 1537 1524
f 1524 1537 1511
f 1524 1511 1508
f 1508 1511 1506
f 1506 1511 1491
f 1506 1491 1489
f 1489 1491 1481
f 1481 1491 1458
f 1481 1458 1466
f 1434 1453 1458
f 1458 1453 1456
f 1458 1456 1466
f 1402 1426 1434
f 1434 1426 1432
f 1434 1432 1453
f 1335 1391 1337
f 1337 1391 1396
f 1337 1396 1402
f 1402 1396 1400
f 1402 1400 1426
f 1335 1337 1331
f 1331 1337 1310
f 1331 1310 1313
f 1272 1273 1293
f 1293 1273 1305
f 1293 1305 1310
f 1310 1305 1308
f 1310 1308 1313
f 1237 1239 1236
f 1236 1239 1259
f 1236 1259 1263
f 1263 1259 1264
f 1263 1264 1293
f 1293 1264 1267
f 1293 1267 1272
f 1237 1236 1216
f 1216 1236 1212
f 1216 1212 1213
f 1213 1212 1198
f 1213 1198 1202
f 484 494 493
f 892 886 888
f 843 838 839
f 839 838 828
f 839 828 818
f 856 855 839
f 839 855 852
f 839 852 843
f 883 874 872
f 872 874 871
f 872 871 856
f 856 871 864
f 856 864 855
f 888 886 872
f 872 886 884
f 872 884 883
f 907 905 903
f 903 905 902
f 903 902 888
f 888 902 898
f 888 898 892
f 907 903 908
f 908 903 912
f 908 912 909
f 889 895 904
f 904 895 901
f 904 901 912
f 912 901 906
f 912 906 909
f 882 885 889
f 889 885 887
f 889 887 895
f 857 865 873
f 873 865 870
f 873 870 889
f 889 870 877
f 889 877 882
f 840 853 857
f 857 853 854
f 857 854 865
f 817 829 819
f 819 829 834
f 819 834 840
f 840 834 837
f 840 837 853
f 817 819 812
f 812 819 795
f 812 795 793
f 793 795 787
f 787 795 767
f 787 767 770
f 735 736 756
f 756 736 760
f 756 760 767
f 767 760 765
f 767 765 770
f 694 696 693
f 693 696 716
f 693 716 720
f 720 716 721
f 720 721 756
f 756 721 724
f 756 724 735
f 694 693 637
f 637 693 629
f 637 629 630
f 630 629 604
f 604 629 597
f 604 597 598
f 549 573 541
f 541 573 540
f 541 540 524
f 549 564 573
f 573 564 574
f 573 574 597
f 597 574 577
f 597 577 598
f 493 494 519
f 494 504 519
f 519 504 520
f 519 520 540
f 540 520 523
f 540 523 524
f 492 495 485
f 492 485 473
f 485 478 473
f 473 478 479
f 473 479 493
f 493 479 475
f 493 475 484
f 495 492 505
f 505 492 518
f 505 518 512
f 539 525 518
f 518 525 521
f 518 521 512
f 575 563 572
f 572 563 550
f 572 550 539
f 539 550 542
f 539 542 525
f 575 572 580
f 580 572 596
f 580 596 599
f 599 596 609
f 609 596 628
f 609 628 631
f 631 628 639
f 639 628 692
f 639 692 695
f 695 692 699
f 699 692 719
f 699 719 702
f 755 723 719
f 719 723 722
f 719 722 702
f 781 764 766
f 766 764 763
f 766 763 755
f 755 763 757
f 755 757 723
f 828 816 818
f 818 816 811
f 818 811 794
f 794 811 792
f 794 792 766
f 766 792 784
f 766 784 781
f 58 235 56
f 56 235 232
f 56 232 54
f 54 232 228
f 54 228 52
f 52 228 226
f 52 226 50
f 50 226 222
f 50 222 48
f 48 222 220
f 48 220 46
f 46 220 218
f 46 218 44
f 44 218 214
f 44 214 42
f 42 214 212
f 42 212 40
f 40 212 210
f 40 210 38
f 38 210 211
f 38 211 39
f 39 211 213
f 39 213 41
f 41 213 217
f 41 217 43
f 43 217 219
f 43 219 45
f 45 219 221
f 45 221 47
f 47 221 225
f 47 225 49
f 49 225 227
f 49 227 51
f 51 227 231
f 51 231 53
f 53 231 234
f 53 234 55
f 55 234 237
f 55 237 57
f 57 237 241
f 57 241 59
f 59 241 243
f 59 243 61
f 61 243 247
f 61 247 63
f 63 247 249
f 63 249 65
f 65 249 251
f 65 251 67
f 67 251 255
f 67 255 69
f 69 255 257
f 69 257 71
f 71 257 259
f 71 259 73
f 73 259 258
f 73 258 72
f 72 258 256
f 72 256 70
f 70 256 252
f 70 252 68
f 68 252 250
f 68 250 66
f 66 250 248
f 66 248 64
f 64 248 244
f 64 244 62
f 62 244 242
f 62 242 60
f 60 242 238
f 60 238 58
f 58 238 235
f 1362 1363 1366
f 1362 1366 1382
f 1366 1368 1382
f 1382 1368 1370
f 1382 1370 1372
f 1372 1374 1382
f 1382 1374 1376
f 1382 1376 1383
f 1383 1376 1378
f 1383 1378 1380
f 1377 1375 1385
f 1385 1375 1373
f 1373 1371 1385
f 1385 1371 1369
f 1385 1369 1365
f 1365 1369 1367
f 1365 1367 1364
f 1377 1385 1379
f 1379 1385 1384
f 1379 1384 1381
f 658 656 664
f 664 656 654
f 658 664 660
f 660 664 665
f 660 665 662
f 654 652 664
f 664 652 650
f 664 650 644
f 644 650 648
f 644 648 645
f 647 646 649
f 647 649 667
f 649 651 667
f 667 651 653
f 667 653 655
f 655 657 667
f 667 657 659
f 667 659 666
f 666 659 661
f 666 661 663
f 1673 1884 1672
f 1672 1884 1883
f 1672 1883 1663
f 1663 1883 1662
f 1955 1957 1956
f 1956 1957 1959
f 1956 1959 1961
f 1961 1963 1956
f 1956 1963 1965
f 1956 1965 1967
f 1986 1984 1993
f 1968 1966 1954
f 1954 1966 1964
f 1993 1978 1976
f 1964 1962 1954
f 1954 1962 1960
f 1954 1960 1955
f 1955 1960 1958
f 1955 1958 1957
f 1984 1982 1993
f 1993 1982 1980
f 1993 1980 1978
f 1967 1969 1956
f 1956 1969 1971
f 1956 1971 1994
f 1994 1971 1973
f 1994 1973 1975
f 1975 1977 1994
f 1994 1977 1979
f 1994 1979 1981
f 1976 1974 1993
f 1993 1974 1972
f 1993 1972 1954
f 1954 1972 1970
f 1954 1970 1968
f 1981 1983 1994
f 1994 1983 1985
f 1994 1985 1987
f 1992 1993 1991
f 1991 1993 1994
f 1991 1994 1989
f 1989 1994 1987
f 1992 1990 1993
f 1993 1990 1988
f 1993 1988 1986
f 1657 1655 1881
f 1641 1624 1880
f 1880 1624 1605
f 1880 1605 1561
f 1881 1655 1880
f 1880 1655 1648
f 1880 1648 1641
f 1561 1408 1880
f 1880 1408 1274
f 1880 1274 145
f 145 1274 1204
f 145 1204 1113
f 990 997 1026
f 1033 1040 147
f 147 1040 1057
f 147 1057 1076
f 1113 1075 145
f 145 1075 1056
f 145 1056 1039
f 1039 825 145
f 145 825 737
f 145 737 621
f 738 826 147
f 621 467 145
f 145 467 423
f 145 423 404
f 404 387 145
f 145 387 380
f 145 380 146
f 146 380 373
f 1076 1114 147
f 147 1114 1205
f 147 1205 1882
f 1882 1205 1275
f 1275 1409 1882
f 1882 1409 1562
f 1882 1562 1606
f 1606 1625 1882
f 1882 1625 1642
f 1882 1642 1649
f 1026 1028 990
f 990 1028 1033
f 990 1033 973
f 973 1033 954
f 1649 1656 1882
f 1882 1656 1658
f 1882 1658 1881
f 1881 1658 1659
f 1881 1659 1657
f 373 371 146
f 146 371 370
f 146 370 147
f 147 826 1033
f 1033 826 916
f 1033 916 954
f 997 1002 1026
f 1026 1002 1004
f 1026 1004 1024
f 1024 1004 1005
f 1024 1005 1025
f 1025 1005 1003
f 1025 1003 1027
f 1027 1003 1001
f 1027 1001 996
f 996 989 1027
f 1027 989 972
f 1027 972 953
f 370 372 147
f 147 372 374
f 147 374 381
f 1039 1032 825
f 825 1032 1027
f 825 1027 915
f 915 1027 953
f 381 388 147
f 147 388 405
f 147 405 424
f 424 468 147
f 147 468 622
f 147 622 738
f 49 51 35
f 55 57 74
f 74 57 59
f 74 59 61
f 50 48 37
f 37 48 46
f 37 46 44
f 35 51 74
f 74 51 53
f 74 53 55
f 74 67 69
f 43 45 35
f 35 45 47
f 35 47 49
f 61 63 74
f 74 63 65
f 74 65 67
f 60 58 75
f 58 56 75
f 75 56 54
f 75 54 37
f 37 54 52
f 37 52 50
f 44 42 37
f 37 42 40
f 37 40 36
f 40 38 36
f 36 38 39
f 36 39 35
f 35 39 41
f 35 41 43
f 69 71 74
f 74 71 73
f 74 73 75
f 75 73 72
f 72 70 75
f 75 70 68
f 75 68 66
f 66 64 75
f 75 64 62
f 75 62 60
f 367 366 358
f 358 366 148
f 358 148 359
f 359 148 149
f 2027 2023 2019
f 7 11 15
f 1878 1889 1900
f 31 19 27
f 27 19 23
f 2003 1999 1906
f 137 130 141
f 141 130 128
f 1913 2019 1903
f 1903 2019 1906
f 1903 1906 1895
f 2019 1954 1997
f 5 1 130
f 130 1 3
f 2007 2003 2011
f 2011 2003 1906
f 2011 1906 2015
f 2015 1906 2019
f 9 5 13
f 13 5 130
f 13 130 17
f 17 130 21
f 3 7 130
f 130 7 15
f 130 15 128
f 128 15 19
f 128 19 122
f 122 19 31
f 122 31 35
f 140 145 128
f 128 145 143
f 128 143 141
f 349 351 1880
f 1999 1995 1906
f 1906 1995 1948
f 1906 1948 1936
f 1242 1301 1879
f 1879 1301 1890
f 100 92 109
f 109 92 21
f 109 21 118
f 118 21 130
f 29 25 33
f 33 25 21
f 33 21 80
f 80 21 92
f 140 151 145
f 145 151 168
f 145 168 190
f 337 345 1880
f 1880 345 347
f 1880 347 349
f 1898 1900 1910
f 1910 1900 1906
f 1910 1906 1919
f 1919 1906 1936
f 1919 1936 1928
f 148 366 644
f 355 992 1008
f 2009 2027 2005
f 2005 2027 2019
f 2005 2019 2001
f 2001 2019 1997
f 644 366 664
f 664 366 375
f 664 375 635
f 635 375 393
f 635 393 607
f 607 393 408
f 607 408 558
f 558 408 434
f 558 434 462
f 1008 1010 355
f 355 1010 1014
f 355 1014 1738
f 1738 1014 1018
f 1738 1018 1020
f 1301 1345 1890
f 1890 1345 1993
f 1890 1993 1902
f 1902 1993 1912
f 1738 1720 355
f 355 1720 1699
f 355 1699 1685
f 1678 1680 351
f 351 1680 1682
f 351 1682 1684
f 1751 1839 1880
f 1880 1839 1861
f 84 88 94
f 350 959 352
f 352 959 992
f 352 992 354
f 354 992 355
f 1913 1917 2019
f 2019 1917 1923
f 2019 1923 1954
f 1954 1923 1918
f 1954 1918 1993
f 1993 1918 1916
f 1993 1916 1912
f 1471 1566 1594
f 2021 2025 2017
f 2017 2025 2027
f 2017 2027 2013
f 2013 2027 2009
f 190 278 145
f 145 278 292
f 145 292 1880
f 1880 292 312
f 1880 312 337
f 1684 1692 351
f 351 1692 1717
f 351 1717 1880
f 1880 1717 1737
f 1880 1737 1751
f 1861 1878 1880
f 1880 1878 1900
f 1880 1900 1885
f 1885 1900 1898
f 1885 1898 1887
f 1887 1898 1891
f 148 74 78
f 148 644 74
f 74 644 683
f 74 683 727
f 127 117 74
f 74 117 113
f 74 113 35
f 113 111 35
f 35 111 106
f 35 106 112
f 880 330 788
f 788 330 309
f 788 309 291
f 350 348 959
f 959 348 346
f 959 346 880
f 880 346 344
f 880 344 330
f 1662 1883 1993
f 127 74 139
f 139 74 727
f 139 727 150
f 150 727 788
f 150 788 164
f 134 122 126
f 126 122 35
f 126 35 116
f 116 35 112
f 291 277 788
f 788 277 185
f 788 185 164
f 1020 1036 1738
f 1738 1036 1069
f 1738 1069 1752
f 1752 1069 1149
f 1752 1149 1844
f 1393 1422 1382
f 1382 1422 1471
f 1471 1594 1382
f 1382 1594 1620
f 1382 1620 1635
f 1345 1362 1993
f 1993 1362 1382
f 1993 1382 1662
f 1662 1382 1635
f 1662 1635 1653
f 1883 1896 1993
f 1993 1896 1908
f 1993 1908 1950
f 1950 1908 1921
f 1950 1921 1944
f 1944 1921 1926
f 1944 1926 1940
f 1940 1926 1934
f 1685 1683 355
f 355 1683 1681
f 355 1681 1679
f 78 84 148
f 148 84 94
f 148 94 132
f 132 94 102
f 132 102 120
f 120 102 107
f 1242 1879 1149
f 1149 1879 1865
f 1149 1865 1844
f 1679 1677 355
f 355 1677 1675
f 355 1675 353
f 353 1675 1674
f 353 1674 351
f 351 1674 1676
f 351 1676 1678
f 176 181 75
f 1745 1739 1882
f 97 179 91
f 91 179 172
f 91 172 87
f 87 172 83
f 83 172 77
f 77 172 165
f 77 165 37
f 37 165 158
f 37 158 152
f 329 323 1882
f 1882 323 317
f 152 156 37
f 37 156 162
f 37 162 75
f 75 162 170
f 75 170 176
f 317 311 1882
f 1882 311 304
f 1882 304 147
f 1925 1931 1915
f 1915 1931 1846
f 1915 1846 1905
f 1905 1846 1838
f 1905 1838 1894
f 1894 1838 1832
f 1894 1832 1882
f 1882 1832 1754
f 1882 1754 1745
f 1739 343 1882
f 1882 343 336
f 1882 336 329
f 304 298 147
f 147 298 290
f 147 290 284
f 99 105 184
f 184 105 115
f 184 115 191
f 181 188 75
f 75 188 194
f 75 194 79
f 79 194 272
f 79 272 85
f 1017 1013 332
f 332 1013 1007
f 332 1007 325
f 284 275 147
f 147 275 197
f 147 197 136
f 136 197 191
f 136 191 125
f 125 191 115
f 1739 1731 343
f 343 1731 1725
f 343 1725 1718
f 1873 1877 1956
f 301 365 295
f 295 365 363
f 149 281 359
f 359 281 287
f 359 287 357
f 357 287 295
f 357 295 361
f 361 295 363
f 1007 977 325
f 325 977 849
f 325 849 319
f 319 849 673
f 319 673 314
f 314 673 426
f 314 426 307
f 307 426 385
f 307 385 301
f 301 385 369
f 301 369 365
f 1718 1712 343
f 343 1712 1706
f 343 1706 1700
f 1909 1897 1884
f 1933 1939 1851
f 1851 1939 1943
f 1851 1943 1857
f 149 133 281
f 281 133 121
f 281 121 108
f 85 272 89
f 89 272 281
f 89 281 95
f 95 281 108
f 95 108 103
f 1877 1871 1956
f 1956 1871 1864
f 1956 1864 1953
f 1953 1864 1857
f 1953 1857 1947
f 1947 1857 1943
f 1704 1053 1697
f 1697 1053 1023
f 1697 1023 1690
f 1994 1841 1848
f 1848 1853 1994
f 1994 1853 1859
f 1994 1859 1956
f 1956 1859 1867
f 1956 1867 1873
f 1700 1693 343
f 343 1693 1686
f 343 1686 339
f 339 1686 1690
f 339 1690 332
f 332 1690 1023
f 332 1023 1017
f 1728 1661 1722
f 1722 1661 1645
f 1722 1645 1716
f 1716 1645 1604
f 1716 1604 1710
f 1710 1604 1357
f 1710 1357 1704
f 1704 1357 1180
f 1704 1180 1053
f 1671 1669 1734
f 1734 1669 1667
f 1734 1667 1728
f 1728 1667 1665
f 1728 1665 1661
f 1927 1748 1935
f 1935 1748 1757
f 1935 1757 1941
f 1841 1994 1835
f 1835 1994 1951
f 1835 1951 1757
f 1757 1951 1945
f 1757 1945 1941
f 1671 1734 1673
f 1673 1734 1742
f 1673 1742 1884
f 1884 1742 1748
f 1884 1748 1909
f 1909 1748 1927
f 1909 1927 1922
f 1302 1666 1346
f 1346 1666 1668
f 1346 1668 1365
f 1365 1668 1670
f 1365 1670 1385
f 1385 1670 1672
f 1385 1672 1663
f 1037 1356 1070
f 1070 1356 1603
f 1070 1603 1150
f 1150 1603 1644
f 1150 1644 1243
f 1243 1644 1660
f 1243 1660 1302
f 1302 1660 1664
f 1302 1664 1666
f 960 672 993
f 993 672 848
f 993 848 1009
f 1009 848 976
f 1009 976 1011
f 1011 976 1006
f 1011 1006 1015
f 684 362 728
f 728 362 364
f 728 364 789
f 789 364 368
f 789 368 881
f 881 368 384
f 881 384 960
f 960 384 425
f 960 425 672
f 647 356 684
f 684 356 360
f 684 360 362
f 358 356 367
f 367 356 647
f 367 647 376
f 376 647 667
f 376 667 394
f 394 667 636
f 394 636 409
f 409 636 608
f 409 608 435
f 435 608 559
f 435 559 463
f 1006 1012 1015
f 1015 1012 1016
f 1015 1016 1019
f 1019 1016 1022
f 1019 1022 1021
f 1021 1022 1052
f 1021 1052 1037
f 1037 1052 1179
f 1037 1179 1356
f 1621 1595 1636
f 1636 1595 1385
f 1636 1385 1654
f 1654 1385 1663
f 1394 1385 1423
f 1423 1385 1595
f 1423 1595 1472
f 1472 1595 1567
f 356 358 357
f 357 358 359
f 1671 1673 1670
f 1670 1673 1672
f 356 357 361
f 356 361 360
f 360 361 363
f 360 363 362
f 362 363 365
f 362 365 364
f 364 365 369
f 364 369 368
f 368 369 385
f 368 385 384
f 384 385 426
f 384 426 425
f 425 426 673
f 425 673 672
f 672 673 849
f 672 849 848
f 848 849 977
f 848 977 976
f 976 977 1007
f 976 1007 1006
f 1006 1007 1013
f 1006 1013 1012
f 1012 1013 1017
f 1012 1017 1016
f 1016 1017 1023
f 1016 1023 1022
f 1022 1023 1053
f 1022 1053 1052
f 1052 1053 1180
f 1052 1180 1179
f 1179 1180 1357
f 1179 1357 1356
f 1356 1357 1604
f 1356 1604 1603
f 1603 1604 1645
f 1603 1645 1644
f 1644 1645 1661
f 1644 1661 1660
f 1660 1661 1665
f 1660 1665 1664
f 1664 1665 1667
f 1664 1667 1666
f 1666 1667 1669
f 1666 1669 1668
f 1668 1669 1671
f 1668 1671 1670
f 178 174 179
f 179 174 172
f 174 173 172
f 172 173 167
f 172 167 165
f 167 166 165
f 165 166 160
f 165 160 158
f 160 159 158
f 158 159 153
f 158 153 152
f 153 154 152
f 152 154 155
f 152 155 156
f 155 157 156
f 156 157 161
f 156 161 162
f 161 163 162
f 162 163 169
f 162 169 170
f 169 171 170
f 170 171 175
f 170 175 176
f 175 177 176
f 176 177 180
f 176 180 181
f 180 182 181
f 181 182 186
f 181 186 188
f 186 189 188
f 188 189 193
f 188 193 194
f 193 196 194
f 194 196 271
f 194 271 272
f 271 273 272
f 272 273 279
f 272 279 281
f 279 280 281
f 281 280 285
f 281 285 287
f 285 286 287
f 287 286 293
f 287 293 295
f 293 294 295
f 295 294 299
f 295 299 301
f 299 300 301
f 301 300 305
f 301 305 307
f 305 306 307
f 307 306 313
f 307 313 314
f 314 313 318
f 314 318 319
f 319 318 325
f 318 320 325
f 325 320 324
f 325 324 332
f 324 326 332
f 332 326 331
f 332 331 339
f 331 333 339
f 339 333 338
f 339 338 343
f 338 340 343
f 343 340 341
f 343 341 336
f 341 342 336
f 336 342 335
f 336 335 329
f 335 334 329
f 329 334 328
f 329 328 323
f 328 327 323
f 323 327 322
f 323 322 317
f 322 321 317
f 317 321 316
f 317 316 311
f 316 315 311
f 311 315 310
f 311 310 304
f 310 308 304
f 304 308 303
f 304 303 298
f 303 302 298
f 298 302 297
f 298 297 290
f 297 296 290
f 290 296 289
f 290 289 284
f 289 288 284
f 284 288 283
f 284 283 275
f 283 282 275
f 275 282 276
f 275 276 197
f 276 274 197
f 197 274 198
f 197 198 191
f 198 195 191
f 191 195 192
f 191 192 184
f 184 192 187
f 184 187 183
f 1845 1842 1846
f 1846 1842 1838
f 1842 1837 1838
f 1838 1837 1834
f 1838 1834 1832
f 1834 1831 1832
f 1832 1831 1755
f 1832 1755 1754
f 1755 1753 1754
f 1754 1753 1747
f 1754 1747 1745
f 1747 1746 1745
f 1745 1746 1741
f 1745 1741 1739
f 1741 1740 1739
f 1739 1740 1733
f 1739 1733 1731
f 1733 1732 1731
f 1731 1732 1727
f 1731 1727 1725
f 1727 1726 1725
f 1725 1726 1721
f 1725 1721 1718
f 1721 1719 1718
f 1718 1719 1714
f 1718 1714 1712
f 1714 1713 1712
f 1712 1713 1708
f 1712 1708 1706
f 1708 1707 1706
f 1706 1707 1702
f 1706 1702 1700
f 1702 1701 1700
f 1700 1701 1695
f 1700 1695 1693
f 1695 1694 1693
f 1693 1694 1687
f 1693 1687 1686
f 1687 1688 1686
f 1686 1688 1689
f 1686 1689 1690
f 1689 1691 1690
f 1690 1691 1696
f 1690 1696 1697
f 1696 1698 1697
f 1697 1698 1703
f 1697 1703 1704
f 1703 1705 1704
f 1704 1705 1709
f 1704 1709 1710
f 1709 1711 1710
f 1710 1711 1715
f 1710 1715 1716
f 1716 1715 1723
f 1716 1723 1722
f 1722 1723 1728
f 1723 1724 1728
f 1728 1724 1729
f 1728 1729 1734
f 1729 1730 1734
f 1734 1730 1735
f 1734 1735 1742
f 1735 1736 1742
f 1742 1736 1743
f 1742 1743 1748
f 1743 1744 1748
f 1748 1744 1749
f 1748 1749 1757
f 1749 1750 1757
f 1757 1750 1756
f 1757 1756 1835
f 1756 1758 1835
f 1835 1758 1833
f 1835 1833 1841
f 1833 1836 1841
f 1841 1836 1840
f 1841 1840 1848
f 1840 1843 1848
f 1848 1843 1847
f 1848 1847 1853
f 1847 1849 1853
f 1853 1849 1852
f 1853 1852 1859
f 1852 1854 1859
f 1859 1854 1858
f 1859 1858 1867
f 1858 1860 1867
f 1867 1860 1866
f 1867 1866 1873
f 1866 1868 1873
f 1873 1868 1872
f 1873 1872 1877
f 1872 1874 1877
f 1877 1874 1875
f 1877 1875 1871
f 1875 1876 1871
f 1871 1876 1870
f 1871 1870 1864
f 1870 1869 1864
f 1864 1869 1863
f 1864 1863 1857
f 1863 1862 1857
f 1857 1862 1856
f 1857 1856 1851
f 1851 1856 1855
f 1851 1855 1850
f 826 810 916
f 916 810 879
f 916 879 954
f 954 879 943
f 954 943 973
f 973 943 964
f 973 964 990
f 990 964 982
f 990 982 997
f 997 982 988
f 997 988 1002
f 1002 988 995
f 1002 995 1004
f 1004 995 999
f 1004 999 1005
f 1005 999 1000
f 1005 1000 1003
f 1003 1000 998
f 1003 998 1001
f 1001 998 994
f 1001 994 996
f 996 994 987
f 996 987 989
f 989 987 981
f 989 981 972
f 972 981 963
f 972 963 953
f 953 963 942
f 953 942 915
f 915 942 878
f 915 878 825
f 825 878 809
f 825 809 737
f 737 809 739
f 737 739 621
f 621 739 641
f 621 641 467
f 467 641 532
f 467 532 423
f 423 532 438
f 423 438 404
f 404 438 415
f 404 415 387
f 387 415 397
f 387 397 380
f 380 397 389
f 380 389 373
f 373 389 382
f 373 382 371
f 371 382 378
f 371 378 370
f 370 378 377
f 370 377 372
f 372 377 379
f 372 379 374
f 374 379 383
f 374 383 381
f 381 383 390
f 381 390 388
f 388 390 398
f 388 398 405
f 405 398 416
f 405 416 424
f 424 416 439
f 424 439 468
f 468 439 533
f 468 533 622
f 622 533 642
f 622 642 738
f 738 642 740
f 738 740 826
f 826 740 810
f 810 804 879
f 879 804 861
f 879 861 943
f 943 861 930
f 943 930 964
f 964 930 952
f 964 952 982
f 982 952 969
f 982 969 988
f 988 969 980
f 988 980 995
f 995 980 984
f 995 984 999
f 999 984 986
f 999 986 1000
f 1000 986 991
f 1000 991 998
f 998 991 985
f 998 985 994
f 994 985 983
f 994 983 987
f 987 983 979
f 987 979 981
f 981 979 968
f 981 968 963
f 963 968 951
f 963 951 942
f 942 951 929
f 942 929 878
f 878 929 860
f 878 860 809
f 809 860 803
f 809 803 739
f 739 803 741
f 739 741 641
f 641 741 678
f 641 678 532
f 532 678 568
f 532 568 438
f 438 568 451
f 438 451 415
f 415 451 427
f 415 427 397
f 397 427 410
f 397 410 389
f 389 410 399
f 389 399 382
f 382 399 395
f 382 395 378
f 378 395 391
f 378 391 377
f 377 391 386
f 377 386 379
f 379 386 392
f 379 392 383
f 383 392 396
f 383 396 390
f 390 396 400
f 390 400 398
f 398 400 411
f 398 411 416
f 416 411 428
f 416 428 439
f 439 428 452
f 439 452 533
f 533 452 569
f 533 569 642
f 642 569 679
f 642 679 740
f 740 679 742
f 740 742 810
f 810 742 804
f 804 797 861
f 861 797 845
f 861 845 930
f 930 845 911
f 930 911 952
f 952 911 939
f 952 939 969
f 969 939 956
f 969 956 980
f 980 956 967
f 980 967 984
f 984 967 971
f 984 971 986
f 986 971 975
f 986 975 991
f 991 975 978
f 991 978 985
f 985 978 974
f 985 974 983
f 983 974 970
f 983 970 979
f 979 970 966
f 979 966 968
f 968 966 955
f 968 955 951
f 951 955 938
f 951 938 929
f 929 938 910
f 929 910 860
f 860 910 844
f 860 844 803
f 803 844 796
f 803 796 741
f 741 796 743
f 741 743 678
f 678 743 690
f 678 690 568
f 568 690 591
f 568 591 451
f 451 591 471
f 451 471 427
f 427 471 442
f 427 442 410
f 410 442 421
f 410 421 399
f 399 421 412
f 399 412 395
f 395 412 406
f 395 406 391
f 391 406 402
f 391 402 386
f 386 402 401
f 386 401 392
f 392 401 403
f 392 403 396
f 396 403 407
f 396 407 400
f 400 407 413
f 400 413 411
f 411 413 422
f 411 422 428
f 428 422 443
f 428 443 452
f 452 443 472
f 452 472 569
f 569 472 592
f 569 592 679
f 679 592 691
f 679 691 742
f 742 691 744
f 742 744 804
f 804 744 797
f 797 780 845
f 845 780 833
f 845 833 911
f 911 833 867
f 911 867 939
f 939 867 923
f 939 923 956
f 956 923 941
f 956 941 967
f 967 941 950
f 967 950 971
f 971 950 958
f 971 958 975
f 975 958 962
f 975 962 978
f 978 962 965
f 978 965 974
f 974 965 961
f 974 961 970
f 970 961 957
f 970 957 966
f 966 957 949
f 966 949 955
f 955 949 940
f 955 940 938
f 938 940 922
f 938 922 910
f 910 922 866
f 910 866 844
f 844 866 832
f 844 832 796
f 796 832 779
f 796 779 743
f 743 779 745
f 743 745 690
f 690 745 703
f 690 703 591
f 591 703 614
f 591 614 471
f 471 614 546
f 471 546 442
f 442 546 458
f 442 458 421
f 421 458 440
f 421 440 412
f 412 440 429
f 412 429 406
f 406 429 419
f 406 419 402
f 402 419 417
f 402 417 401
f 401 417 414
f 401 414 403
f 403 414 418
f 403 418 407
f 407 418 420
f 407 420 413
f 413 420 430
f 413 430 422
f 422 430 441
f 422 441 443
f 443 441 459
f 443 459 472
f 472 459 547
f 472 547 592
f 592 547 615
f 592 615 691
f 691 615 704
f 691 704 744
f 744 704 746
f 744 746 797
f 797 746 780
f 780 778 833
f 833 778 821
f 833 821 867
f 867 821 851
f 867 851 923
f 923 851 891
f 923 891 941
f 941 891 928
f 941 928 950
f 950 928 937
f 950 937 958
f 958 937 945
f 958 945 962
f 962 945 947
f 962 947 965
f 965 947 948
f 965 948 961
f 961 948 946
f 961 946 957
f 957 946 944
f 957 944 949
f 949 944 936
f 949 936 940
f 940 936 927
f 940 927 922
f 922 927 890
f 922 890 866
f 866 890 850
f 866 850 832
f 832 850 820
f 832 820 779
f 779 820 777
f 779 777 745
f 745 777 747
f 745 747 703
f 703 747 706
f 703 706 614
f 614 706 626
f 614 626 546
f 546 626 578
f 546 578 458
f 458 578 516
f 458 516 440
f 440 516 453
f 440 453 429
f 429 453 444
f 429 444 419
f 419 444 436
f 419 436 417
f 417 436 432
f 417 432 414
f 414 432 431
f 414 431 418
f 418 431 433
f 418 433 420
f 420 433 437
f 420 437 430
f 430 437 445
f 430 445 441
f 441 445 454
f 441 454 459
f 459 454 517
f 459 517 547
f 547 517 579
f 547 579 615
f 615 579 627
f 615 627 704
f 704 627 707
f 704 707 746
f 746 707 748
f 746 748 780
f 780 748 778
f 778 776 821
f 821 776 807
f 821 807 851
f 851 807 836
f 851 836 891
f 891 836 863
f 891 863 928
f 928 863 900
f 928 900 937
f 937 900 921
f 937 921 945
f 945 921 932
f 945 932 947
f 947 932 934
f 947 934 948
f 948 934 935
f 948 935 946
f 946 935 933
f 946 933 944
f 944 933 931
f 944 931 936
f 936 931 920
f 936 920 927
f 927 920 899
f 927 899 890
f 890 899 862
f 890 862 850
f 850 862 835
f 850 835 820
f 820 835 806
f 820 806 777
f 777 806 775
f 777 775 747
f 747 775 749
f 747 749 706
f 706 749 709
f 706 709 626
f 626 709 670
f 626 670 578
f 578 670 600
f 578 600 516
f 516 600 560
f 516 560 453
f 453 560 499
f 453 499 444
f 444 499 460
f 444 460 436
f 436 460 449
f 436 449 432
f 432 449 447
f 432 447 431
f 431 447 446
f 431 446 433
f 433 446 448
f 433 448 437
f 437 448 450
f 437 450 445
f 445 450 461
f 445 461 454
f 454 461 500
f 454 500 517
f 517 500 561
f 517 561 579
f 579 561 601
f 579 601 627
f 627 601 671
f 627 671 707
f 707 671 710
f 707 710 748
f 748 710 750
f 748 750 778
f 778 750 776
f 776 773 807
f 807 773 802
f 807 802 836
f 836 802 831
f 836 831 863
f 863 831 847
f 863 847 900
f 900 847 869
f 900 869 921
f 921 869 897
f 921 897 932
f 932 897 919
f 932 919 934
f 934 919 925
f 934 925 935
f 935 925 926
f 935 926 933
f 933 926 924
f 933 924 931
f 931 924 918
f 931 918 920
f 920 918 896
f 920 896 899
f 899 896 868
f 899 868 862
f 862 868 846
f 862 846 835
f 835 846 830
f 835 830 806
f 806 830 801
f 806 801 775
f 775 801 772
f 775 772 749
f 749 772 751
f 749 751 709
f 709 751 714
f 709 714 670
f 670 714 681
f 670 681 600
f 600 681 618
f 600 618 560
f 560 618 583
f 560 583 499
f 499 583 544
f 499 544 460
f 460 544 501
f 460 501 449
f 449 501 464
f 449 464 447
f 447 464 456
f 447 456 446
f 446 456 455
f 446 455 448
f 448 455 457
f 448 457 450
f 450 457 465
f 450 465 461
f 461 465 502
f 461 502 500
f 500 502 545
f 500 545 561
f 561 545 584
f 561 584 601
f 601 584 619
f 601 619 671
f 671 619 682
f 671 682 710
f 710 682 715
f 710 715 750
f 750 715 752
f 750 752 776
f 776 752 773
f 773 769 802
f 802 769 799
f 802 799 831
f 831 799 823
f 831 823 847
f 847 823 842
f 847 842 869
f 869 842 859
f 869 859 897
f 897 859 876
f 897 876 919
f 919 876 894
f 919 894 925
f 925 894 914
f 925 914 926
f 926 914 917
f 926 917 924
f 924 917 913
f 924 913 918
f 918 913 893
f 918 893 896
f 896 893 875
f 896 875 868
f 868 875 858
f 868 858 846
f 846 858 841
f 846 841 830
f 830 841 822
f 830 822 801
f 801 822 798
f 801 798 772
f 772 798 768
f 772 768 751
f 751 768 753
f 751 753 714
f 714 753 717
f 714 717 681
f 681 717 688
f 681 688 618
f 618 688 623
f 618 623 583
f 583 623 593
f 583 593 544
f 544 593 570
f 544 570 501
f 501 570 536
f 501 536 464
f 464 536 506
f 464 506 456
f 456 506 469
f 456 469 455
f 455 469 466
f 455 466 457
f 457 466 470
f 457 470 465
f 465 470 507
f 465 507 502
f 502 507 537
f 502 537 545
f 545 537 571
f 545 571 584
f 584 571 594
f 584 594 619
f 619 594 624
f 619 624 682
f 682 624 689
f 682 689 715
f 715 689 718
f 715 718 752
f 752 718 754
f 752 754 773
f 773 754 769
f 769 767 799
f 799 767 795
f 799 795 823
f 823 795 819
f 823 819 842
f 842 819 840
f 842 840 859
f 859 840 857
f 859 857 876
f 876 857 873
f 876 873 894
f 894 873 889
f 894 889 914
f 914 889 904
f 914 904 917
f 917 904 912
f 917 912 913
f 913 912 903
f 913 903 893
f 893 903 888
f 893 888 875
f 875 888 872
f 875 872 858
f 858 872 856
f 858 856 841
f 841 856 839
f 841 839 822
f 822 839 818
f 822 818 798
f 798 818 794
f 798 794 768
f 768 794 766
f 768 766 753
f 753 766 755
f 753 755 717
f 717 755 719
f 717 719 688
f 688 719 692
f 688 692 623
f 623 692 628
f 623 628 593
f 593 628 596
f 593 596 570
f 570 596 572
f 570 572 536
f 536 572 539
f 536 539 506
f 506 539 518
f 506 518 469
f 469 518 492
f 469 492 466
f 466 492 473
f 466 473 470
f 470 473 493
f 470 493 507
f 507 493 519
f 507 519 537
f 537 519 540
f 537 540 571
f 571 540 573
f 571 573 594
f 594 573 597
f 594 597 624
f 624 597 629
f 624 629 689
f 689 629 693
f 689 693 718
f 718 693 720
f 718 720 754
f 754 720 756
f 754 756 769
f 769 756 767
f 1409 1388 1562
f 1562 1388 1498
f 1562 1498 1606
f 1606 1498 1591
f 1606 1591 1625
f 1625 1591 1614
f 1625 1614 1642
f 1642 1614 1632
f 1642 1632 1649
f 1649 1632 1640
f 1649 1640 1656
f 1656 1640 1647
f 1656 1647 1658
f 1658 1647 1651
f 1658 1651 1659
f 1659 1651 1652
f 1659 1652 1657
f 1657 1652 1650
f 1657 1650 1655
f 1655 1650 1646
f 1655 1646 1648
f 1648 1646 1639
f 1648 1639 1641
f 1641 1639 1631
f 1641 1631 1624
f 1624 1631 1613
f 1624 1613 1605
f 1605 1613 1590
f 1605 1590 1561
f 1561 1590 1497
f 1561 1497 1408
f 1408 1497 1387
f 1408 1387 1274
f 1274 1387 1276
f 1274 1276 1204
f 1204 1276 1219
f 1204 1219 1113
f 1113 1219 1151
f 1113 1151 1075
f 1075 1151 1086
f 1075 1086 1056
f 1056 1086 1065
f 1056 1065 1039
f 1039 1065 1047
f 1039 1047 1032
f 1032 1047 1041
f 1032 1041 1027
f 1027 1041 1034
f 1027 1034 1025
f 1025 1034 1030
f 1025 1030 1024
f 1024 1030 1029
f 1024 1029 1026
f 1026 1029 1031
f 1026 1031 1028
f 1028 1031 1035
f 1028 1035 1033
f 1033 1035 1042
f 1033 1042 1040
f 1040 1042 1048
f 1040 1048 1057
f 1057 1048 1066
f 1057 1066 1076
f 1076 1066 1087
f 1076 1087 1114
f 1114 1087 1152
f 1114 1152 1205
f 1205 1152 1220
f 1205 1220 1275
f 1275 1220 1277
f 1275 1277 1409
f 1409 1277 1388
f 1388 1351 1498
f 1498 1351 1462
f 1498 1462 1591
f 1591 1462 1578
f 1591 1578 1614
f 1614 1578 1602
f 1614 1602 1632
f 1632 1602 1619
f 1632 1619 1640
f 1640 1619 1630
f 1640 1630 1647
f 1647 1630 1634
f 1647 1634 1651
f 1651 1634 1638
f 1651 1638 1652
f 1652 1638 1643
f 1652 1643 1650
f 1650 1643 1637
f 1650 1637 1646
f 1646 1637 1633
f 1646 1633 1639
f 1639 1633 1629
f 1639 1629 1631
f 1631 1629 1618
f 1631 1618 1613
f 1613 1618 1601
f 1613 1601 1590
f 1590 1601 1577
f 1590 1577 1497
f 1497 1577 1461
f 1497 1461 1387
f 1387 1461 1350
f 1387 1350 1276
f 1276 1350 1278
f 1276 1278 1219
f 1219 1278 1226
f 1219 1226 1151
f 1151 1226 1168
f 1151 1168 1086
f 1086 1168 1099
f 1086 1099 1065
f 1065 1099 1077
f 1065 1077 1047
f 1047 1077 1060
f 1047 1060 1041
f 1041 1060 1049
f 1041 1049 1034
f 1034 1049 1045
f 1034 1045 1030
f 1030 1045 1043
f 1030 1043 1029
f 1029 1043 1038
f 1029 1038 1031
f 1031 1038 1044
f 1031 1044 1035
f 1035 1044 1046
f 1035 1046 1042
f 1042 1046 1050
f 1042 1050 1048
f 1048 1050 1061
f 1048 1061 1066
f 1066 1061 1078
f 1066 1078 1087
f 1087 1078 1100
f 1087 1100 1152
f 1152 1100 1169
f 1152 1169 1220
f 1220 1169 1227
f 1220 1227 1277
f 1277 1227 1279
f 1277 1279 1388
f 1388 1279 1351
f 1351 1339 1462
f 1462 1339 1439
f 1462 1439 1578
f 1578 1439 1557
f 1578 1557 1602
f 1602 1557 1587
f 1602 1587 1619
f 1619 1587 1608
f 1619 1608 1630
f 1630 1608 1617
f 1630 1617 1634
f 1634 1617 1623
f 1634 1623 1638
f 1638 1623 1627
f 1638 1627 1643
f 1643 1627 1628
f 1643 1628 1637
f 1637 1628 1626
f 1637 1626 1633
f 1633 1626 1622
f 1633 1622 1629
f 1629 1622 1616
f 1629 1616 1618
f 1618 1616 1607
f 1618 1607 1601
f 1601 1607 1586
f 1601 1586 1577
f 1577 1586 1556
f 1577 1556 1461
f 1461 1556 1438
f 1461 1438 1350
f 1350 1438 1338
f 1350 1338 1278
f 1278 1338 1280
f 1278 1280 1226
f 1226 1280 1233
f 1226 1233 1168
f 1168 1233 1184
f 1168 1184 1099
f 1099 1184 1117
f 1099 1117 1077
f 1077 1117 1090
f 1077 1090 1060
f 1060 1090 1073
f 1060 1073 1049
f 1049 1073 1062
f 1049 1062 1045
f 1045 1062 1058
f 1045 1058 1043
f 1043 1058 1054
f 1043 1054 1038
f 1038 1054 1051
f 1038 1051 1044
f 1044 1051 1055
f 1044 1055 1046
f 1046 1055 1059
f 1046 1059 1050
f 1050 1059 1063
f 1050 1063 1061
f 1061 1063 1074
f 1061 1074 1078
f 1078 1074 1091
f 1078 1091 1100
f 1100 1091 1118
f 1100 1118 1169
f 1169 1118 1185
f 1169 1185 1227
f 1227 1185 1234
f 1227 1234 1279
f 1279 1234 1281
f 1279 1281 1351
f 1351 1281 1339
f 1339 1326 1439
f 1439 1326 1416
f 1439 1416 1557
f 1557 1416 1484
f 1557 1484 1587
f 1587 1484 1571
f 1587 1571 1608
f 1608 1571 1589
f 1608 1589 1617
f 1617 1589 1600
f 1617 1600 1623
f 1623 1600 1610
f 1623 1610 1627
f 1627 1610 1612
f 1627 1612 1628
f 1628 1612 1615
f 1628 1615 1626
f 1626 1615 1611
f 1626 1611 1622
f 1622 1611 1609
f 1622 1609 1616
f 1616 1609 1599
f 1616 1599 1607
f 1607 1599 1588
f 1607 1588 1586
f 1586 1588 1570
f 1586 1570 1556
f 1556 1570 1483
f 1556 1483 1438
f 1438 1483 1415
f 1438 1415 1338
f 1338 1415 1325
f 1338 1325 1280
f 1280 1325 1282
f 1280 1282 1233
f 1233 1282 1249
f 1233 1249 1184
f 1184 1249 1195
f 1184 1195 1117
f 1117 1195 1162
f 1117 1162 1090
f 1090 1162 1106
f 1090 1106 1073
f 1073 1106 1088
f 1073 1088 1062
f 1062 1088 1079
f 1062 1079 1058
f 1058 1079 1071
f 1058 1071 1054
f 1054 1071 1067
f 1054 1067 1051
f 1051 1067 1064
f 1051 1064 1055
f 1055 1064 1068
f 1055 1068 1059
f 1059 1068 1072
f 1059 1072 1063
f 1063 1072 1080
f 1063 1080 1074
f 1074 1080 1089
f 1074 1089 1091
f 1091 1089 1107
f 1091 1107 1118
f 1118 1107 1163
f 1118 1163 1185
f 1185 1163 1196
f 1185 1196 1234
f 1234 1196 1250
f 1234 1250 1281
f 1281 1250 1283
f 1281 1283 1339
f 1339 1283 1326
f 1326 1323 1416
f 1416 1323 1404
f 1416 1404 1484
f 1484 1404 1452
f 1484 1452 1571
f 1571 1452 1513
f 1571 1513 1589
f 1589 1513 1576
f 1589 1576 1600
f 1600 1576 1585
f 1600 1585 1610
f 1610 1585 1593
f 1610 1593 1612
f 1612 1593 1597
f 1612 1597 1615
f 1615 1597 1598
f 1615 1598 1611
f 1611 1598 1596
f 1611 1596 1609
f 1609 1596 1592
f 1609 1592 1599
f 1599 1592 1584
f 1599 1584 1588
f 1588 1584 1575
f 1588 1575 1570
f 1570 1575 1512
f 1570 1512 1483
f 1483 1512 1451
f 1483 1451 1415
f 1415 1451 1403
f 1415 1403 1325
f 1325 1403 1322
f 1325 1322 1282
f 1282 1322 1284
f 1282 1284 1249
f 1249 1284 1251
f 1249 1251 1195
f 1195 1251 1209
f 1195 1209 1162
f 1162 1209 1177
f 1162 1177 1106
f 1106 1177 1139
f 1106 1139 1088
f 1088 1139 1101
f 1088 1101 1079
f 1079 1101 1092
f 1079 1092 1071
f 1071 1092 1084
f 1071 1084 1067
f 1067 1084 1082
f 1067 1082 1064
f 1064 1082 1081
f 1064 1081 1068
f 1068 1081 1083
f 1068 1083 1072
f 1072 1083 1085
f 1072 1085 1080
f 1080 1085 1093
f 1080 1093 1089
f 1089 1093 1102
f 1089 1102 1107
f 1107 1102 1140
f 1107 1140 1163
f 1163 1140 1178
f 1163 1178 1196
f 1196 1178 1210
f 1196 1210 1250
f 1250 1210 1252
f 1250 1252 1283
f 1283 1252 1285
f 1283 1285 1326
f 1326 1285 1323
f 1323 1320 1404
f 1404 1320 1359
f 1404 1359 1452
f 1452 1359 1430
f 1452 1430 1513
f 1513 1430 1470
f 1513 1470 1576
f 1576 1470 1529
f 1576 1529 1585
f 1585 1529 1569
f 1585 1569 1593
f 1593 1569 1580
f 1593 1580 1597
f 1597 1580 1582
f 1597 1582 1598
f 1598 1582 1583
f 1598 1583 1596
f 1596 1583 1581
f 1596 1581 1592
f 1592 1581 1579
f 1592 1579 1584
f 1584 1579 1568
f 1584 1568 1575
f 1575 1568 1528
f 1575 1528 1512
f 1512 1528 1469
f 1512 1469 1451
f 1451 1469 1429
f 1451 1429 1403
f 1403 1429 1358
f 1403 1358 1322
f 1322 1358 1319
f 1322 1319 1284
f 1284 1319 1286
f 1284 1286 1251
f 1251 1286 1253
f 1251 1253 1209
f 1209 1253 1222
f 1209 1222 1177
f 1177 1222 1193
f 1177 1193 1139
f 1139 1193 1165
f 1139 1165 1101
f 1101 1165 1131
f 1101 1131 1092
f 1092 1131 1108
f 1092 1108 1084
f 1084 1108 1097
f 1084 1097 1082
f 1082 1097 1095
f 1082 1095 1081
f 1081 1095 1094
f 1081 1094 1083
f 1083 1094 1096
f 1083 1096 1085
f 1085 1096 1098
f 1085 1098 1093
f 1093 1098 1109
f 1093 1109 1102
f 1102 1109 1132
f 1102 1132 1140
f 1140 1132 1166
f 1140 1166 1178
f 1178 1166 1194
f 1178 1194 1210
f 1210 1194 1223
f 1210 1223 1252
f 1252 1223 1254
f 1252 1254 1285
f 1285 1254 1287
f 1285 1287 1323
f 1323 1287 1320
f 1320 1315 1359
f 1359 1315 1348
f 1359 1348 1430
f 1430 1348 1412
f 1430 1412 1470
f 1470 1412 1447
f 1470 1447 1529
f 1529 1447 1486
f 1529 1486 1569
f 1569 1486 1527
f 1569 1527 1580
f 1580 1527 1565
f 1580 1565 1582
f 1582 1565 1573
f 1582 1573 1583
f 1583 1573 1574
f 1583 1574 1581
f 1581 1574 1572
f 1581 1572 1579
f 1579 1572 1564
f 1579 1564 1568
f 1568 1564 1526
f 1568 1526 1528
f 1528 1526 1485
f 1528 1485 1469
f 1469 1485 1446
f 1469 1446 1429
f 1429 1446 1411
f 1429 1411 1358
f 1358 1411 1347
f 1358 1347 1319
f 1319 1347 1314
f 1319 1314 1286
f 1286 1314 1288
f 1286 1288 1253
f 1253 1288 1256
f 1253 1256 1222
f 1222 1256 1228
f 1222 1228 1193
f 1193 1228 1199
f 1193 1199 1165
f 1165 1199 1181
f 1165 1181 1131
f 1131 1181 1160
f 1131 1160 1108
f 1108 1160 1133
f 1108 1133 1097
f 1097 1133 1110
f 1097 1110 1095
f 1095 1110 1104
f 1095 1104 1094
f 1094 1104 1103
f 1094 1103 1096
f 1096 1103 1105
f 1096 1105 1098
f 1098 1105 1111
f 1098 1111 1109
f 1109 1111 1134
f 1109 1134 1132
f 1132 1134 1161
f 1132 1161 1166
f 1166 1161 1182
f 1166 1182 1194
f 1194 1182 1200
f 1194 1200 1223
f 1223 1200 1229
f 1223 1229 1254
f 1254 1229 1257
f 1254 1257 1287
f 1287 1257 1289
f 1287 1289 1320
f 1320 1289 1315
f 1315 1312 1348
f 1348 1312 1341
f 1348 1341 1412
f 1412 1341 1407
f 1412 1407 1447
f 1447 1407 1437
f 1447 1437 1486
f 1486 1437 1460
f 1486 1460 1527
f 1527 1460 1494
f 1527 1494 1565
f 1565 1494 1523
f 1565 1523 1573
f 1573 1523 1560
f 1573 1560 1574
f 1574 1560 1563
f 1574 1563 1572
f 1572 1563 1559
f 1572 1559 1564
f 1564 1559 1522
f 1564 1522 1526
f 1526 1522 1493
f 1526 1493 1485
f 1485 1493 1459
f 1485 1459 1446
f 1446 1459 1436
f 1446 1436 1411
f 1411 1436 1406
f 1411 1406 1347
f 1347 1406 1340
f 1347 1340 1314
f 1314 1340 1311
f 1314 1311 1288
f 1288 1311 1290
f 1288 1290 1256
f 1256 1290 1260
f 1256 1260 1228
f 1228 1260 1231
f 1228 1231 1199
f 1199 1231 1207
f 1199 1207 1181
f 1181 1207 1187
f 1181 1187 1160
f 1160 1187 1170
f 1160 1170 1133
f 1133 1170 1153
f 1133 1153 1110
f 1110 1153 1135
f 1110 1135 1104
f 1104 1135 1115
f 1104 1115 1103
f 1103 1115 1112
f 1103 1112 1105
f 1105 1112 1116
f 1105 1116 1111
f 1111 1116 1136
f 1111 1136 1134
f 1134 1136 1154
f 1134 1154 1161
f 1161 1154 1171
f 1161 1171 1182
f 1182 1171 1188
f 1182 1188 1200
f 1200 1188 1208
f 1200 1208 1229
f 1229 1208 1232
f 1229 1232 1257
f 1257 1232 1261
f 1257 1261 1289
f 1289 1261 1291
f 1289 1291 1315
f 1315 1291 1312
f 1312 1310 1341
f 1341 1310 1337
f 1341 1337 1407
f 1407 1337 1402
f 1407 1402 1437
f 1437 1402 1434
f 1437 1434 1460
f 1460 1434 1458
f 1460 1458 1494
f 1494 1458 1491
f 1494 1491 1523
f 1523 1491 1511
f 1523 1511 1560
f 1560 1511 1537
f 1560 1537 1563
f 1563 1537 1558
f 1563 1558 1559
f 1559 1558 1536
f 1559 1536 1522
f 1522 1536 1510
f 1522 1510 1493
f 1493 1510 1490
f 1493 1490 1459
f 1459 1490 1457
f 1459 1457 1436
f 1436 1457 1433
f 1436 1433 1406
f 1406 1433 1401
f 1406 1401 1340
f 1340 1401 1336
f 1340 1336 1311
f 1311 1336 1309
f 1311 1309 1290
f 1290 1309 1292
f 1290 1292 1260
f 1260 1292 1262
f 1260 1262 1231
f 1231 1262 1235
f 1231 1235 1207
f 1207 1235 1211
f 1207 1211 1187
f 1187 1211 1189
f 1187 1189 1170
f 1170 1189 1173
f 1170 1173 1153
f 1153 1173 1156
f 1153 1156 1135
f 1135 1156 1141
f 1135 1141 1115
f 1115 1141 1124
f 1115 1124 1112
f 1112 1124 1119
f 1112 1119 1116
f 1116 1119 1125
f 1116 1125 1136
f 1136 1125 1142
f 1136 1142 1154
f 1154 1142 1157
f 1154 1157 1171
f 1171 1157 1174
f 1171 1174 1188
f 1188 1174 1190
f 1188 1190 1208
f 1208 1190 1212
f 1208 1212 1232
f 1232 1212 1236
f 1232 1236 1261
f 1261 1236 1263
f 1261 1263 1291
f 1291 1263 1293
f 1291 1293 1312
f 1312 1293 1310
f 151 140 183
f 183 187 151
f 151 187 192
f 151 192 168
f 192 195 168
f 168 195 198
f 168 198 190
f 198 274 190
f 190 274 276
f 190 276 278
f 276 282 278
f 278 282 283
f 278 283 292
f 283 288 292
f 292 288 289
f 292 289 312
f 289 296 312
f 312 296 297
f 312 297 337
f 297 302 337
f 337 302 303
f 337 303 345
f 303 308 345
f 345 308 310
f 345 310 347
f 310 315 347
f 347 315 316
f 347 316 349
f 316 321 349
f 349 321 322
f 349 322 351
f 322 327 351
f 351 327 328
f 351 328 353
f 328 334 353
f 353 334 335
f 353 335 355
f 355 335 342
f 355 342 354
f 342 341 354
f 354 341 340
f 354 340 352
f 340 338 352
f 352 338 333
f 352 333 350
f 333 331 350
f 350 331 326
f 350 326 348
f 326 324 348
f 348 324 320
f 348 320 346
f 346 320 318
f 318 313 346
f 346 313 306
f 346 306 344
f 306 305 344
f 344 305 300
f 344 300 330
f 300 299 330
f 330 299 294
f 330 294 309
f 294 293 309
f 309 293 286
f 309 286 291
f 286 285 291
f 291 285 280
f 291 280 277
f 280 279 277
f 277 279 273
f 277 273 185
f 273 271 185
f 185 271 196
f 185 196 164
f 196 193 164
f 164 193 189
f 164 189 150
f 189 186 150
f 150 186 182
f 150 182 139
f 182 180 139
f 139 180 177
f 139 177 127
f 177 175 127
f 127 175 171
f 127 171 117
f 171 169 117
f 117 169 163
f 117 163 113
f 163 161 113
f 113 161 157
f 113 157 111
f 157 155 111
f 111 155 154
f 111 154 106
f 154 153 106
f 106 153 159
f 106 159 112
f 159 160 112
f 112 160 166
f 112 166 116
f 178 134 174
f 174 134 126
f 174 126 173
f 173 126 116
f 173 116 167
f 167 116 166
f 1903 1895 1850
f 1850 1855 1903
f 1903 1855 1856
f 1903 1856 1913
f 1856 1862 1913
f 1913 1862 1863
f 1913 1863 1917
f 1863 1869 1917
f 1917 1869 1870
f 1917 1870 1923
f 1870 1876 1923
f 1923 1876 1875
f 1923 1875 1918
f 1875 1874 1918
f 1918 1874 1872
f 1918 1872 1916
f 1872 1868 1916
f 1916 1868 1866
f 1916 1866 1912
f 1866 1860 1912
f 1912 1860 1858
f 1912 1858 1902
f 1858 1854 1902
f 1902 1854 1852
f 1902 1852 1890
f 1852 1849 1890
f 1890 1849 1847
f 1890 1847 1879
f 1847 1843 1879
f 1879 1843 1840
f 1879 1840 1865
f 1840 1836 1865
f 1865 1836 1833
f 1865 1833 1844
f 1833 1758 1844
f 1844 1758 1756
f 1844 1756 1752
f 1752 1756 1750
f 1752 1750 1738
f 1750 1749 1738
f 1738 1749 1744
f 1738 1744 1720
f 1744 1743 1720
f 1720 1743 1736
f 1720 1736 1699
f 1736 1735 1699
f 1699 1735 1730
f 1699 1730 1685
f 1730 1729 1685
f 1685 1729 1724
f 1685 1724 1683
f 1683 1724 1723
f 1723 1715 1683
f 1683 1715 1711
f 1683 1711 1681
f 1711 1709 1681
f 1681 1709 1705
f 1681 1705 1679
f 1705 1703 1679
f 1679 1703 1698
f 1679 1698 1677
f 1698 1696 1677
f 1677 1696 1691
f 1677 1691 1675
f 1691 1689 1675
f 1675 1689 1688
f 1675 1688 1674
f 1688 1687 1674
f 1674 1687 1694
f 1674 1694 1676
f 1694 1695 1676
f 1676 1695 1701
f 1676 1701 1678
f 1701 1702 1678
f 1678 1702 1707
f 1678 1707 1680
f 1707 1708 1680
f 1680 1708 1713
f 1680 1713 1682
f 1713 1714 1682
f 1682 1714 1719
f 1682 1719 1684
f 1719 1721 1684
f 1684 1721 1726
f 1684 1726 1692
f 1726 1727 1692
f 1692 1727 1732
f 1692 1732 1717
f 1732 1733 1717
f 1717 1733 1740
f 1717 1740 1737
f 1740 1741 1737
f 1737 1741 1746
f 1737 1746 1751
f 1746 1747 1751
f 1751 1747 1753
f 1751 1753 1839
f 1753 1755 1839
f 1839 1755 1831
f 1839 1831 1861
f 1845 1889 1842
f 1842 1889 1878
f 1842 1878 1837
f 1837 1878 1861
f 1837 1861 1834
f 1834 1861 1831
f 1798 1975 1795
f 1795 1975 1973
f 1795 1973 1792
f 1792 1973 1971
f 1792 1971 1788
f 1788 1971 1969
f 1788 1969 1786
f 1786 1969 1967
f 1786 1967 1782
f 1782 1967 1965
f 1782 1965 1780
f 1780 1965 1963
f 1780 1963 1778
f 1778 1963 1961
f 1778 1961 1774
f 1774 1961 1959
f 1774 1959 1772
f 1772 1959 1957
f 1772 1957 1770
f 1770 1957 1958
f 1770 1958 1771
f 1771 1958 1960
f 1771 1960 1773
f 1773 1960 1962
f 1773 1962 1777
f 1777 1962 1964
f 1777 1964 1779
f 1779 1964 1966
f 1779 1966 1781
f 1781 1966 1968
f 1781 1968 1785
f 1785 1968 1970
f 1785 1970 1787
f 1787 1970 1972
f 1787 1972 1791
f 1791 1972 1974
f 1791 1974 1794
f 1794 1974 1976
f 1794 1976 1797
f 1797 1976 1978
f 1797 1978 1801
f 1801 1978 1980
f 1801 1980 1803
f 1803 1980 1982
f 1803 1982 1807
f 1807 1982 1984
f 1807 1984 1809
f 1809 1984 1986
f 1809 1986 1811
f 1811 1986 1988
f 1811 1988 1815
f 1815 1988 1990
f 1815 1990 1817
f 1817 1990 1992
f 1817 1992 1819
f 1819 1992 1991
f 1819 1991 1818
f 1818 1991 1989
f 1818 1989 1816
f 1816 1989 1987
f 1816 1987 1812
f 1812 1987 1985
f 1812 1985 1810
f 1810 1985 1983
f 1810 1983 1808
f 1808 1983 1981
f 1808 1981 1804
f 1804 1981 1979
f 1804 1979 1802
f 1802 1979 1977
f 1802 1977 1798
f 1798 1977 1975
f 74 75 79
f 74 79 78
f 78 79 85
f 78 85 84
f 84 85 89
f 84 89 88
f 88 89 95
f 88 95 94
f 94 95 103
f 94 103 102
f 102 103 108
f 102 108 107
f 107 108 121
f 107 121 120
f 120 121 133
f 120 133 132
f 132 133 149
f 132 149 148
f 1883 1884 1897
f 1883 1897 1896
f 1896 1897 1909
f 1896 1909 1908
f 1908 1909 1922
f 1908 1922 1921
f 1921 1922 1927
f 1921 1927 1926
f 1926 1927 1935
f 1926 1935 1934
f 1934 1935 1941
f 1934 1941 1940
f 1940 1941 1945
f 1940 1945 1944
f 1944 1945 1951
f 1944 1951 1950
f 1950 1951 1994
f 1950 1994 1993
f 665 664 640
f 640 664 635
f 611 617 607
f 607 617 625
f 607 625 635
f 635 625 633
f 635 633 640
f 558 567 582
f 582 586 558
f 558 586 595
f 558 595 607
f 607 595 605
f 607 605 611
f 538 463 552
f 552 463 559
f 552 559 557
f 538 534 463
f 463 534 528
f 463 528 515
f 515 508 463
f 463 508 503
f 463 503 491
f 491 488 463
f 463 488 486
f 463 486 474
f 474 477 462
f 462 477 482
f 482 490 462
f 462 490 497
f 462 497 509
f 509 514 462
f 462 514 527
f 462 527 530
f 530 543 462
f 462 543 553
f 462 553 558
f 558 553 556
f 558 556 567
f 587 581 559
f 559 581 566
f 559 566 557
f 620 608 634
f 634 608 636
f 634 636 638
f 620 612 608
f 608 612 606
f 608 606 559
f 559 606 602
f 559 602 587
f 667 666 636
f 636 666 643
f 636 643 638
f 474 462 463
f 463 462 434
f 463 434 435
f 435 434 408
f 435 408 409
f 409 408 393
f 409 393 394
f 394 393 375
f 394 375 376
f 376 375 366
f 376 366 367
f 1384 1385 1389
f 1389 1385 1394
f 1419 1413 1423
f 1423 1413 1405
f 1423 1405 1394
f 1394 1405 1397
f 1394 1397 1389
f 1472 1463 1448
f 1448 1444 1472
f 1472 1444 1435
f 1472 1435 1423
f 1423 1435 1425
f 1423 1425 1419
f 1492 1566 1478
f 1478 1566 1471
f 1478 1471 1473
f 1492 1496 1566
f 1566 1496 1502
f 1566 1502 1514
f 1514 1521 1566
f 1566 1521 1525
f 1566 1525 1538
f 1538 1541 1566
f 1566 1541 1543
f 1566 1543 1555
f 1555 1552 1567
f 1567 1552 1546
f 1546 1539 1567
f 1567 1539 1532
f 1567 1532 1520
f 1520 1515 1567
f 1567 1515 1504
f 1567 1504 1500
f 1500 1487 1567
f 1567 1487 1477
f 1567 1477 1472
f 1472 1477 1474
f 1472 1474 1463
f 1443 1449 1471
f 1471 1449 1464
f 1471 1464 1473
f 1410 1422 1395
f 1395 1422 1393
f 1395 1393 1392
f 1410 1418 1422
f 1422 1418 1424
f 1422 1424 1471
f 1471 1424 1428
f 1471 1428 1443
f 1382 1383 1393
f 1393 1383 1386
f 1393 1386 1392
f 1555 1567 1566
f 1566 1567 1595
f 1566 1595 1594
f 1594 1595 1621
f 1594 1621 1620
f 1620 1621 1636
f 1620 1636 1635
f 1635 1636 1654
f 1635 1654 1653
f 1653 1654 1663
f 1653 1663 1662
f 632 663 661
f 580 202 575
f 575 202 200
f 575 200 563
f 580 599 202
f 202 599 609
f 202 609 631
f 631 639 202
f 202 639 695
f 202 695 699
f 699 702 202
f 202 702 722
f 202 722 723
f 757 763 813
f 813 763 764
f 764 781 813
f 813 781 784
f 813 784 792
f 828 827 816
f 816 827 813
f 816 813 811
f 811 813 792
f 495 505 200
f 505 512 200
f 200 512 521
f 200 521 525
f 525 542 200
f 200 542 550
f 200 550 563
f 199 201 564
f 564 549 199
f 199 549 541
f 199 541 524
f 524 523 199
f 199 523 520
f 199 520 504
f 504 494 199
f 199 494 484
f 199 484 475
f 475 479 199
f 199 479 478
f 199 478 200
f 200 478 485
f 200 485 495
f 829 817 824
f 824 817 812
f 824 812 815
f 815 812 793
f 815 793 814
f 814 793 787
f 814 787 770
f 770 765 814
f 814 765 760
f 814 760 736
f 735 724 203
f 203 724 721
f 721 716 203
f 203 716 696
f 203 696 694
f 694 637 203
f 203 637 630
f 203 630 604
f 604 598 203
f 203 598 577
f 203 577 201
f 201 577 574
f 201 574 564
f 736 735 814
f 814 735 203
f 814 203 805
f 774 205 761
f 761 205 207
f 761 207 759
f 774 783 205
f 205 783 785
f 205 785 203
f 203 785 791
f 203 791 805
f 726 209 712
f 712 209 216
f 712 216 711
f 726 729 209
f 209 729 732
f 209 732 207
f 207 732 734
f 207 734 759
f 685 686 224
f 224 686 700
f 224 700 216
f 216 700 705
f 216 705 711
f 646 669 230
f 230 669 676
f 230 676 224
f 224 676 677
f 224 677 685
f 589 603 267
f 632 661 613
f 230 236 646
f 646 236 240
f 646 240 649
f 649 240 246
f 649 246 651
f 651 246 254
f 651 254 653
f 653 254 261
f 653 261 655
f 655 261 263
f 655 263 657
f 657 263 265
f 657 265 659
f 659 265 267
f 659 267 661
f 661 267 603
f 661 603 613
f 487 496 269
f 269 496 498
f 269 498 510
f 510 522 269
f 269 522 531
f 269 531 548
f 548 554 269
f 269 554 565
f 269 565 267
f 267 565 576
f 267 576 589
f 551 535 270
f 535 529 270
f 270 529 526
f 270 526 513
f 513 511 270
f 270 511 489
f 270 489 483
f 483 481 270
f 270 481 480
f 270 480 269
f 269 480 476
f 269 476 487
f 662 616 266
f 616 610 266
f 266 610 590
f 266 590 268
f 268 590 588
f 588 585 268
f 268 585 562
f 268 562 270
f 270 562 555
f 270 555 551
f 662 266 660
f 660 266 264
f 660 264 658
f 658 264 262
f 658 262 656
f 656 262 260
f 656 260 654
f 654 260 253
f 654 253 652
f 652 253 245
f 652 245 650
f 650 245 239
f 650 239 648
f 648 239 233
f 648 233 645
f 645 233 668
f 668 233 229
f 668 229 674
f 697 687 223
f 223 687 680
f 223 680 229
f 229 680 675
f 229 675 674
f 713 708 215
f 215 708 701
f 215 701 223
f 223 701 698
f 223 698 697
f 713 215 725
f 725 215 208
f 725 208 730
f 762 758 206
f 206 758 733
f 206 733 208
f 208 733 731
f 208 731 730
f 762 206 771
f 771 206 204
f 771 204 782
f 808 202 813
f 813 202 723
f 813 723 757
f 808 800 202
f 202 800 790
f 202 790 204
f 204 790 786
f 204 786 782
f 220 207 218
f 218 207 205
f 218 205 214
f 214 205 203
f 214 203 212
f 212 203 201
f 212 201 210
f 210 201 199
f 210 199 211
f 211 199 200
f 211 200 213
f 213 200 202
f 213 202 217
f 217 202 204
f 217 204 219
f 219 204 206
f 219 206 221
f 221 206 208
f 221 208 225
f 225 208 215
f 225 215 227
f 227 215 223
f 227 223 231
f 231 223 229
f 231 229 234
f 234 229 233
f 234 233 237
f 237 233 239
f 237 239 241
f 241 239 245
f 241 245 243
f 243 245 253
f 243 253 247
f 247 253 260
f 247 260 249
f 249 260 262
f 249 262 251
f 251 262 264
f 251 264 255
f 255 264 266
f 255 266 257
f 257 266 268
f 257 268 259
f 259 268 270
f 259 270 258
f 258 270 269
f 258 269 256
f 256 269 267
f 256 267 252
f 252 267 265
f 252 265 250
f 250 265 263
f 250 263 248
f 248 263 261
f 248 261 244
f 244 261 254
f 244 254 242
f 242 254 246
f 242 246 238
f 238 246 240
f 238 240 235
f 235 240 236
f 235 236 232
f 232 236 230
f 232 230 228
f 228 230 224
f 228 224 226
f 226 224 216
f 226 216 222
f 222 216 209
f 222 209 220
f 220 209 207
f 1772 1761 1774
f 1774 1761 1763
f 1774 1763 1778
f 1778 1763 1765
f 1778 1765 1780
f 1780 1765 1767
f 1780 1767 1782
f 1782 1767 1769
f 1782 1769 1786
f 1786 1769 1776
f 1786 1776 1788
f 1788 1776 1784
f 1788 1784 1792
f 1792 1784 1790
f 1792 1790 1795
f 1795 1790 1796
f 1795 1796 1798
f 1798 1796 1800
f 1798 1800 1802
f 1802 1800 1806
f 1802 1806 1804
f 1804 1806 1814
f 1804 1814 1808
f 1808 1814 1821
f 1808 1821 1810
f 1810 1821 1823
f 1810 1823 1812
f 1812 1823 1825
f 1812 1825 1816
f 1816 1825 1827
f 1816 1827 1818
f 1818 1827 1829
f 1818 1829 1819
f 1819 1829 1830
f 1819 1830 1817
f 1817 1830 1828
f 1817 1828 1815
f 1815 1828 1826
f 1815 1826 1811
f 1811 1826 1824
f 1811 1824 1809
f 1809 1824 1822
f 1809 1822 1807
f 1807 1822 1820
f 1807 1820 1803
f 1803 1820 1813
f 1803 1813 1801
f 1801 1813 1805
f 1801 1805 1797
f 1797 1805 1799
f 1797 1799 1794
f 1794 1799 1793
f 1794 1793 1791
f 1791 1793 1789
f 1791 1789 1787
f 1787 1789 1783
f 1787 1783 1785
f 1785 1783 1775
f 1785 1775 1781
f 1781 1775 1768
f 1781 1768 1779
f 1779 1768 1766
f 1779 1766 1777
f 1777 1766 1764
f 1777 1764 1773
f 1773 1764 1762
f 1773 1762 1771
f 1771 1762 1760
f 1771 1760 1770
f 1770 1760 1759
f 1770 1759 1772
f 1772 1759 1761
f 1213 1202 1203
f 1398 1380 1378
f 1441 1427 1826
f 1398 1378 1417
f 1542 1533 1828
f 1828 1533 1531
f 1828 1531 1519
f 1519 1507 1828
f 1828 1507 1499
f 1828 1499 1482
f 1482 1476 1828
f 1828 1476 1465
f 1828 1465 1826
f 1826 1465 1454
f 1826 1454 1441
f 1479 1495 1830
f 1495 1501 1830
f 1830 1501 1503
f 1830 1503 1516
f 1516 1518 1830
f 1830 1518 1540
f 1830 1540 1545
f 1545 1547 1830
f 1830 1547 1549
f 1830 1549 1828
f 1828 1549 1553
f 1828 1553 1542
f 1381 1414 1827
f 1414 1420 1827
f 1827 1420 1440
f 1827 1440 1829
f 1829 1440 1442
f 1442 1445 1829
f 1829 1445 1468
f 1829 1468 1830
f 1830 1468 1475
f 1830 1475 1479
f 1381 1827 1379
f 1379 1827 1825
f 1379 1825 1377
f 1377 1825 1823
f 1377 1823 1375
f 1375 1823 1821
f 1375 1821 1373
f 1373 1821 1814
f 1373 1814 1371
f 1371 1814 1806
f 1371 1806 1369
f 1369 1806 1800
f 1369 1800 1367
f 1367 1800 1796
f 1367 1796 1364
f 1364 1796 1361
f 1361 1796 1790
f 1361 1790 1355
f 1333 1342 1784
f 1784 1342 1349
f 1784 1349 1790
f 1790 1349 1354
f 1790 1354 1355
f 1316 1321 1776
f 1776 1321 1328
f 1776 1328 1784
f 1784 1328 1332
f 1784 1332 1333
f 1316 1776 1304
f 1304 1776 1769
f 1304 1769 1299
f 1268 1271 1767
f 1767 1271 1296
f 1767 1296 1769
f 1769 1296 1298
f 1769 1298 1299
f 1268 1767 1258
f 1258 1767 1765
f 1258 1765 1248
f 1763 1218 1221
f 1221 1230 1763
f 1763 1230 1241
f 1763 1241 1765
f 1765 1241 1244
f 1765 1244 1248
f 1453 1763 1456
f 1456 1763 1761
f 1456 1761 1466
f 1453 1432 1763
f 1763 1432 1426
f 1763 1426 1400
f 1400 1396 1763
f 1763 1396 1391
f 1763 1391 1335
f 1335 1331 1763
f 1763 1331 1313
f 1763 1313 1308
f 1272 1218 1273
f 1273 1218 1763
f 1273 1763 1305
f 1305 1763 1308
f 1272 1267 1218
f 1218 1267 1264
f 1218 1264 1259
f 1259 1239 1218
f 1218 1239 1237
f 1218 1237 1203
f 1203 1237 1216
f 1203 1216 1213
f 1759 1550 1761
f 1761 1550 1551
f 1551 1554 1761
f 1761 1554 1544
f 1761 1544 1534
f 1534 1524 1761
f 1761 1524 1508
f 1761 1508 1506
f 1506 1489 1761
f 1761 1489 1481
f 1761 1481 1466
f 1488 1505 1759
f 1505 1509 1759
f 1759 1509 1517
f 1759 1517 1530
f 1530 1535 1759
f 1759 1535 1548
f 1759 1548 1550
f 1265 1266 1217
f 1206 1201 1214
f 1206 1214 1215
f 1214 1225 1215
f 1215 1225 1238
f 1215 1238 1217
f 1217 1238 1247
f 1217 1247 1265
f 1294 1306 1762
f 1762 1306 1307
f 1762 1307 1327
f 1327 1329 1762
f 1762 1329 1334
f 1762 1334 1390
f 1390 1399 1762
f 1762 1399 1421
f 1762 1421 1431
f 1431 1450 1762
f 1762 1450 1455
f 1762 1455 1760
f 1760 1455 1467
f 1760 1467 1759
f 1759 1467 1480
f 1759 1480 1488
f 1266 1294 1217
f 1217 1294 1762
f 1217 1762 1224
f 1255 1764 1269
f 1269 1764 1766
f 1269 1766 1270
f 1255 1246 1764
f 1764 1246 1245
f 1764 1245 1762
f 1762 1245 1240
f 1762 1240 1224
f 1303 1768 1317
f 1317 1768 1775
f 1317 1775 1318
f 1303 1300 1768
f 1768 1300 1297
f 1768 1297 1766
f 1766 1297 1295
f 1766 1295 1270
f 1344 1343 1783
f 1783 1343 1330
f 1783 1330 1775
f 1775 1330 1324
f 1775 1324 1318
f 1789 1793 1363
f 1363 1793 1799
f 1363 1799 1366
f 1366 1799 1805
f 1366 1805 1368
f 1368 1805 1813
f 1368 1813 1370
f 1370 1813 1820
f 1370 1820 1372
f 1372 1820 1822
f 1372 1822 1374
f 1374 1822 1824
f 1374 1824 1376
f 1376 1824 1826
f 1376 1826 1378
f 1378 1826 1427
f 1378 1427 1417
f 1363 1360 1789
f 1789 1360 1353
f 1789 1353 1783
f 1783 1353 1352
f 1783 1352 1344
f 129 98 99
f 140 128 183
f 183 128 129
f 183 129 184
f 184 129 99
f 122 134 123
f 123 134 178
f 178 179 123
f 123 179 97
f 123 97 96
f 1907 1932 1933
f 1895 1906 1850
f 1850 1906 1907
f 1850 1907 1851
f 1851 1907 1933
f 1900 1889 1901
f 1901 1889 1845
f 1845 1846 1901
f 1901 1846 1931
f 1901 1931 1930
f 36 35 31
f 36 31 32
f 32 31 27
f 32 27 28
f 28 27 23
f 28 23 24
f 24 23 19
f 24 19 20
f 20 19 15
f 20 15 16
f 16 15 11
f 16 11 12
f 12 11 7
f 12 7 8
f 8 7 3
f 8 3 4
f 4 3 1
f 4 1 2
f 2 1 5
f 2 5 6
f 6 5 9
f 6 9 10
f 10 9 13
f 10 13 14
f 14 13 17
f 14 17 18
f 18 17 21
f 18 21 22
f 22 21 25
f 22 25 26
f 26 25 29
f 26 29 30
f 30 29 33
f 30 33 34
f 34 33 80
f 34 80 81
f 81 80 92
f 81 92 93
f 93 92 100
f 93 100 101
f 101 100 109
f 101 109 110
f 110 109 118
f 110 118 119
f 119 118 130
f 119 130 131
f 131 130 137
f 131 137 138
f 138 137 141
f 138 141 142
f 142 141 143
f 142 143 144
f 144 143 145
f 144 145 146
f 123 129 122
f 122 129 128
f 144 146 135
f 131 138 142
f 98 4 2
f 129 123 98
f 98 123 96
f 98 96 4
f 18 22 98
f 98 22 26
f 98 26 104
f 96 90 4
f 4 90 86
f 4 86 8
f 8 86 82
f 8 82 12
f 81 114 34
f 34 114 104
f 34 104 30
f 30 104 26
f 12 82 16
f 16 82 76
f 16 76 20
f 76 36 32
f 142 144 131
f 131 144 135
f 131 135 119
f 119 135 124
f 14 18 10
f 10 18 98
f 10 98 6
f 6 98 2
f 20 76 24
f 24 76 32
f 24 32 28
f 81 93 114
f 114 93 101
f 114 101 124
f 124 101 110
f 124 110 119
f 1881 1880 1885
f 1881 1885 1886
f 1886 1885 1887
f 1886 1887 1888
f 1888 1887 1891
f 1888 1891 1892
f 1892 1891 1898
f 1892 1898 1899
f 1899 1898 1910
f 1899 1910 1911
f 1911 1910 1919
f 1911 1919 1920
f 1920 1919 1928
f 1920 1928 1929
f 1929 1928 1936
f 1929 1936 1937
f 1937 1936 1948
f 1937 1948 1949
f 1949 1948 1995
f 1949 1995 1996
f 1996 1995 1999
f 1996 1999 2000
f 2000 1999 2003
f 2000 2003 2004
f 2004 2003 2007
f 2004 2007 2008
f 2008 2007 2011
f 2008 2011 2012
f 2012 2011 2015
f 2012 2015 2016
f 2016 2015 2019
f 2016 2019 2020
f 2020 2019 2023
f 2020 2023 2024
f 2024 2023 2027
f 2024 2027 2028
f 2028 2027 2025
f 2028 2025 2026
f 2026 2025 2021
f 2026 2021 2022
f 2022 2021 2017
f 2022 2017 2018
f 2018 2017 2013
f 2018 2013 2014
f 2014 2013 2009
f 2014 2009 2010
f 2010 2009 2005
f 2010 2005 2006
f 2006 2005 2001
f 2006 2001 2002
f 2002 2001 1997
f 2002 1997 1998
f 1998 1997 1954
f 1998 1954 1955
f 1901 1907 1900
f 1900 1907 1906
f 1932 1907 1901
f 2010 1952 2014
f 2014 1952 1946
f 1998 1955 2002
f 2002 1955 1952
f 2002 1952 2006
f 2006 1952 2010
f 1901 1930 1932
f 1932 1930 1937
f 1932 1937 1938
f 1938 1937 1949
f 2028 1942 2024
f 2024 1942 1938
f 2024 1938 2020
f 2020 1938 2012
f 2020 2012 2016
f 1930 1924 1937
f 1937 1924 1914
f 1937 1914 1929
f 1929 1914 1904
f 1929 1904 1920
f 2028 2026 1942
f 1942 2026 2022
f 1942 2022 1946
f 1946 2022 2018
f 1946 2018 2014
f 2008 2012 2004
f 2004 2012 1938
f 2004 1938 2000
f 2000 1938 1949
f 2000 1949 1996
f 1881 1886 1893
f 1893 1886 1888
f 1920 1904 1911
f 1911 1904 1893
f 1911 1893 1899
f 1899 1893 1888
f 1899 1888 1892
