# Converted from Thingi10K 611676.stl
# welded vertices: 1763, faces: 3530
v -0.05 -0.0238734437 -0.00135222787
v -0.05 -0.0238734437 0.00135222787
v -0.05 -0.000675663502 -0.00135222787
v -0.05 -0.000675663502 0.00135222787
v -0.05 0.0252247707 -0.00135222787
v -0.05 0.0252247707 0.00135222787
v -0.0499990991 -0.0497738779 -0.00135222787
v -0.0499990991 -0.0497738779 0.00135222787
v -0.0478784166 -0.05 -0.00135222787
v -0.0478784166 -0.05 0.00135222787
v -0.0478784166 -0.0476531954 -0.00135222787
v -0.0478784166 -0.0476531954 0.00135222787
v -0.0478784166 -0.0259941262 -0.00135222787
v -0.0478784166 -0.0259941262 0.00135222787
v -0.0478784166 -0.0236482226 -0.00135222787
v -0.0478784166 -0.0236482226 0.00135222787
v -0.0478784166 -0.000900884669 -0.00135222787
v -0.0478784166 -0.000900884669 0.00135222787
v -0.0478784166 0.00144501901 -0.00135222787
v -0.0478784166 0.00144501901 0.00135222787
v -0.0478784166 0.0231040882 -0.00135222787
v -0.0478784166 0.0231040882 0.00135222787
v -0.0478784166 0.0254499919 -0.00135222787
v -0.0478784166 0.0254499919 0.00135222787
v -0.0477495901 -0.0382884993 0.000898181994
v -0.0477495901 -0.0382884993 0.00135222787
v -0.0477495901 -0.0355840435 0.000898181994
v -0.0477495901 -0.0355840435 0.00135222787
v -0.0477495901 0.0112601575 0.000898181994
v -0.0477495901 0.0112601575 0.00135222787
v -0.0477495901 0.0139646133 0.000898181994
v -0.0477495901 0.0139646133 0.00135222787
v -0.0458140394 -0.0382884993 0.000898181994
v -0.0458140394 -0.0382884993 0.00135222787
v -0.0458140394 -0.0355840435 0.000898181994
v -0.0458140394 -0.0355840435 0.00135222787
v -0.0458140394 0.0112601575 0.000898181994
v -0.0458140394 0.0112601575 0.00135222787
v -0.0458140394 0.0139646133 0.000898181994
v -0.0458140394 0.0139646133 0.00135222787
v -0.04577395 -0.0386938974 0.000898181994
v -0.04577395 -0.0386938974 0.00135222787
v -0.04577395 -0.0351786454 0.000898181994
v -0.04577395 -0.0351786454 0.00135222787
v -0.04577395 0.0108547594 0.000898181994
v -0.04577395 0.0108547594 0.00135222787
v -0.04577395 0.0143700114 0.000898181994
v -0.04577395 0.0143700114 0.00135222787
v -0.0455379182 -0.0436271419 0.000898181994
v -0.0455379182 -0.0436271419 0.00135222787
v -0.0455379182 -0.030245401 0.000898181994
v -0.0455379182 -0.030245401 0.00135222787
v -0.0455379182 0.00592151493 0.000898181994
v -0.0455379182 0.00592151493 0.00135222787
v -0.0455379182 0.0193032558 0.000898181994
v -0.0455379182 0.0193032558 0.00135222787
v -0.0452613466 -0.0403848579 0.000898181994
v -0.0452613466 -0.0403848579 0.00135222787
v -0.0452613466 -0.0334876849 0.000898181994
v -0.0452613466 -0.0334876849 0.00135222787
v -0.0452613466 0.00916379885 0.000898181994
v -0.0452613466 0.00916379885 0.00135222787
v -0.0452613466 0.0160609719 0.000898181994
v -0.0452613466 0.0160609719 0.00135222787
v -0.0444289292 -0.0419424875 0.000898181994
v -0.0444289292 -0.0419424875 0.00135222787
v -0.0444289292 -0.0319300553 0.000898181994
v -0.0444289292 -0.0319300553 0.00135222787
v -0.0444289292 0.00760616926 0.000898181994
v -0.0444289292 0.00760616926 0.00135222787
v -0.0444289292 0.0176186015 0.000898181994
v -0.0444289292 0.0176186015 0.00135222787
v -0.0441694744 -0.042258698 0.000898181994
v -0.0441694744 -0.042258698 0.00135222787
v -0.0441694744 -0.0316138448 0.000898181994
v -0.0441694744 -0.0316138448 0.00135222787
v -0.0441694744 0.00728996775 0.000898181994
v -0.0441694744 0.00728996775 0.00135222787
v -0.0441694744 0.017934812 0.000898181994
v -0.0441694744 0.017934812 0.00135222787
v -0.0436271419 -0.0455379182 0.000898181994
v -0.0436271419 -0.0455379182 0.00135222787
v -0.0436271419 -0.0283346246 0.000898181994
v -0.0436271419 -0.0283346246 0.00135222787
v -0.0436271419 0.00401073855 0.000898181994
v -0.0436271419 0.00401073855 0.00135222787
v -0.0436271419 0.0212140322 0.000898181994
v -0.0436271419 0.0212140322 0.00135222787
v -0.0432460676 -0.0369362714 0.000898181994
v -0.0432460676 -0.0369362714 0.00135222787
v -0.0432460676 0.0126123854 0.000898181994
v -0.0432460676 0.0126123854 0.00135222787
v -0.0431253491 -0.0381677808 0.000898181994
v -0.0431253491 -0.0381677808 0.00135222787
v -0.0431253491 -0.0357047621 0.000898181994
v -0.0431253491 -0.0357047621 0.00135222787
v -0.0431253491 0.011380876 0.000898181994
v -0.0431253491 0.011380876 0.00135222787
v -0.0431253491 0.0138438947 0.000898181994
v -0.0431253491 0.0138438947 0.00135222787
v -0.0427658961 -0.0393506423 0.000898181994
v -0.0427658961 -0.0393506423 0.00135222787
v -0.0427658961 -0.0345219005 0.000898181994
v -0.0427658961 -0.0345219005 0.00135222787
v -0.0427658961 0.0101980145 0.000898181994
v -0.0427658961 0.0101980145 0.00135222787
v -0.0427658961 0.0150267563 0.000898181994
v -0.0427658961 0.0150267563 0.00135222787
v -0.042258698 -0.0441694744 0.000898181994
v -0.042258698 -0.0441694744 0.00135222787
v -0.042258698 -0.0297030684 0.000898181994
v -0.042258698 -0.0297030684 0.00135222787
v -0.042258698 0.00537919137 0.000898181994
v -0.042258698 0.00537919137 0.00135222787
v -0.042258698 0.0198455884 0.000898181994
v -0.042258698 0.0198455884 0.00135222787
v -0.0421830237 -0.0404416137 0.000898181994
v -0.0421830237 -0.0404416137 0.00135222787
v -0.0421830237 -0.0334309292 0.000898181994
v -0.0421830237 -0.0334309292 0.00135222787
v -0.0421830237 0.00910704312 0.000898181994
v -0.0421830237 0.00910704312 0.00135222787
v -0.0421830237 0.0161177276 0.000898181994
v -0.0421830237 0.0161177276 0.00135222787
v -0.0419848291 -0.0369362714 0.000898181994
v -0.0419848291 -0.0369362714 0.00135222787
v -0.0419848291 0.0126123854 0.000898181994
v -0.0419848291 0.0126123854 0.00135222787
v -0.0419424875 -0.0444289292 0.000898181994
v -0.0419424875 -0.0444289292 0.00135222787
v -0.0419424875 -0.0294436136 0.000898181994
v -0.0419424875 -0.0294436136 0.00135222787
v -0.0419424875 0.00511972757 0.000898181994
v -0.0419424875 0.00511972757 0.00135222787
v -0.0419424875 0.0201050432 0.000898181994
v -0.0419424875 0.0201050432 0.00135222787
v -0.0418875336 -0.0379209384 0.000898181994
v -0.0418875336 -0.0379209384 0.00135222787
v -0.0418875336 -0.0359516045 0.000898181994
v -0.0418875336 -0.0359516045 0.00135222787
v -0.0418875336 0.0116277184 0.000898181994
v -0.0418875336 0.0116277184 0.00135222787
v -0.0418875336 0.0135970523 0.000898181994
v -0.0418875336 0.0135970523 0.00135222787
v -0.0416001513 -0.0388677681 0.000898181994
v -0.0416001513 -0.0388677681 0.00135222787
v -0.0416001513 -0.0350047747 0.000898181994
v -0.0416001513 -0.0350047747 0.00135222787
v -0.0416001513 0.0106808886 0.000898181994
v -0.0416001513 0.0106808886 0.00135222787
v -0.0416001513 0.0145438821 0.000898181994
v -0.0416001513 0.0145438821 0.00135222787
v -0.0413983532 -0.0413983532 0.000898181994
v -0.0413983532 -0.0413983532 0.00135222787
v -0.0413983532 -0.0324741897 0.000898181994
v -0.0413983532 -0.0324741897 0.00135222787
v -0.0413983532 0.0081503036 0.000898181994
v -0.0413983532 0.0081503036 0.00135222787
v -0.0413983532 0.0170744671 0.000898181994
v -0.0413983532 0.0170744671 0.00135222787
v -0.0411334931 -0.0397407254 0.000898181994
v -0.0411334931 -0.0397407254 0.00135222787
v -0.0411334931 -0.0341318174 0.000898181994
v -0.0411334931 -0.0341318174 0.00135222787
v -0.0411334931 0.00980793139 0.000898181994
v -0.0411334931 0.00980793139 0.00135222787
v -0.0411334931 0.0154168393 0.000898181994
v -0.0411334931 0.0154168393 0.00135222787
v -0.0405434136 -0.0369362714 0.000898181994
v -0.0405434136 -0.0369362714 0.00135222787
v -0.0405434136 0.0126123854 0.000898181994
v -0.0405434136 0.0126123854 0.00135222787
v -0.0405055765 -0.0405055765 0.000898181994
v -0.0405055765 -0.0405055765 0.00135222787
v -0.0405055765 -0.0333669664 0.000898181994
v -0.0405055765 -0.0333669664 0.00135222787
v -0.0405055765 0.0090430803 0.000898181994
v -0.0405055765 0.0090430803 0.00135222787
v -0.0405055765 0.0161816904 0.000898181994
v -0.0405055765 0.0161816904 0.00135222787
v -0.0404416137 -0.0421830237 0.000898181994
v -0.0404416137 -0.0421830237 0.00135222787
v -0.0404416137 -0.0316895191 0.000898181994
v -0.0404416137 -0.0316895191 0.00135222787
v -0.0404416137 0.00736563305 0.000898181994
v -0.0404416137 0.00736563305 0.00135222787
v -0.0404416137 0.0178591377 0.000898181994
v -0.0404416137 0.0178591377 0.00135222787
v -0.0403848579 -0.0452613466 0.000898181994
v -0.0403848579 -0.0452613466 0.00135222787
v -0.0403848579 -0.0286111962 0.000898181994
v -0.0403848579 -0.0286111962 0.00135222787
v -0.0403848579 0.00428731014 0.000898181994
v -0.0403848579 0.00428731014 0.00135222787
v -0.0403848579 0.0209374606 0.000898181994
v -0.0403848579 0.0209374606 0.00135222787
v -0.0402686438 -0.0383164267 0.000898181994
v -0.0402686438 -0.0383164267 0.00135222787
v -0.0402686438 -0.0355561161 0.000898181994
v -0.0402686438 -0.0355561161 0.00135222787
v -0.0402686438 0.01123223 0.000898181994
v -0.0402686438 0.01123223 0.00135222787
v -0.0402686438 0.0139925407 0.000898181994
v -0.0402686438 0.0139925407 0.00135222787
v -0.0397407254 -0.0411334931 0.000898181994
v -0.0397407254 -0.0411334931 0.00135222787
v -0.0397407254 -0.0327390497 0.000898181994
v -0.0397407254 -0.0327390497 0.00135222787
v -0.0397407254 0.00841516369 0.000898181994
v -0.0397407254 0.00841516369 0.00135222787
v -0.0397407254 0.016809607 0.000898181994
v -0.0397407254 0.016809607 0.00135222787
v -0.0394866759 -0.0394866759 0.000898181994
v -0.0394866759 -0.0394866759 0.00135222787
v -0.0394866759 -0.0343858669 0.000898181994
v -0.0394866759 -0.0343858669 0.00135222787
v -0.0394866759 0.0100619809 0.000898181994
v -0.0394866759 0.0100619809 0.00135222787
v -0.0394866759 0.0151627899 0.000898181994
v -0.0394866759 0.0151627899 0.00135222787
v -0.0393506423 -0.0427658961 0.000898181994
v -0.0393506423 -0.0427658961 0.00135222787
v -0.0393506423 -0.0311066467 0.000898181994
v -0.0393506423 -0.0311066467 0.00135222787
v -0.0393506423 0.00678276067 0.000898181994
v -0.0393506423 0.00678276067 0.00135222787
v -0.0393506423 0.0184420101 0.000898181994
v -0.0393506423 0.0184420101 0.00135222787
v -0.0388677681 -0.0416001513 0.000898181994
v -0.0388677681 -0.0416001513 0.00135222787
v -0.0388677681 -0.0322723915 0.000898181994
v -0.0388677681 -0.0322723915 0.00135222787
v -0.0388677681 0.00794850543 0.000898181994
v -0.0388677681 0.00794850543 0.00135222787
v -0.0388677681 0.0172762653 0.000898181994
v -0.0388677681 0.0172762653 0.00135222787
v -0.0386938974 -0.04577395 0.000898181994
v -0.0386938974 -0.04577395 0.00135222787
v -0.0386938974 -0.0280985928 0.000898181994
v -0.0386938974 -0.0280985928 0.00135222787
v -0.0386938974 0.00377470676 0.000898181994
v -0.0386938974 0.00377470676 0.00135222787
v -0.0386938974 0.021450064 0.000898181994
v -0.0386938974 0.021450064 0.00135222787
v -0.0383164267 -0.0402686438 0.000898181994
v -0.0383164267 -0.0402686438 0.00135222787
v -0.0383164267 -0.033603899 0.000898181994
v -0.0383164267 -0.033603899 0.00135222787
v -0.0383164267 0.00928001297 0.000898181994
v -0.0383164267 0.00928001297 0.00135222787
v -0.0383164267 0.0159447578 0.000898181994
v -0.0383164267 0.0159447578 0.00135222787
v -0.0382884993 -0.0477495901 0.000898181994
v -0.0382884993 -0.0477495901 0.00135222787
v -0.0382884993 -0.0458140394 0.000898181994
v -0.0382884993 -0.0458140394 0.00135222787
v -0.0382884993 -0.0280585035 0.000898181994
v -0.0382884993 -0.0280585035 0.00135222787
v -0.0382884993 -0.0261229527 0.000898181994
v -0.0382884993 -0.0261229527 0.00135222787
v -0.0382884993 0.00179906668 0.000898181994
v -0.0382884993 0.00179906668 0.00135222787
v -0.0382884993 0.00373459938 0.000898181994
v -0.0382884993 0.00373459938 0.00135222787
v -0.0382884993 0.0214901533 0.000898181994
v -0.0382884993 0.0214901533 0.00135222787
v -0.0382884993 0.023425704 0.000898181994
v -0.0382884993 0.023425704 0.00135222787
v -0.0381677808 -0.0431253491 0.000898181994
v -0.0381677808 -0.0431253491 0.00135222787
v -0.0381677808 -0.0307471937 0.000898181994
v -0.0381677808 -0.0307471937 0.00135222787
v -0.0381677808 0.00642330769 0.000898181994
v -0.0381677808 0.00642330769 0.00135222787
v -0.0381677808 0.018801463 0.000898181994
v -0.0381677808 0.018801463 0.00135222787
v -0.0379209384 -0.0418875336 0.000898181994
v -0.0379209384 -0.0418875336 0.00135222787
v -0.0379209384 -0.0319850093 0.000898181994
v -0.0379209384 -0.0319850093 0.00135222787
v -0.0379209384 0.00766112322 0.000898181994
v -0.0379209384 0.00766112322 0.00135222787
v -0.0379209384 0.0175636475 0.000898181994
v -0.0379209384 0.0175636475 0.00135222787
v -0.0369362714 -0.0432460676 0.000898181994
v -0.0369362714 -0.0432460676 0.00135222787
v -0.0369362714 -0.0419848291 0.000898181994
v -0.0369362714 -0.0419848291 0.00135222787
v -0.0369362714 -0.0405434136 0.000898181994
v -0.0369362714 -0.0405434136 0.00135222787
v -0.0369362714 -0.0333291292 0.000898181994
v -0.0369362714 -0.0333291292 0.00135222787
v -0.0369362714 -0.0318877137 0.000898181994
v -0.0369362714 -0.0318877137 0.00135222787
v -0.0369362714 -0.0306264752 0.000898181994
v -0.0369362714 -0.0306264752 0.00135222787
v -0.0369362714 0.00630258914 0.000898181994
v -0.0369362714 0.00630258914 0.00135222787
v -0.0369362714 0.00756382768 0.000898181994
v -0.0369362714 0.00756382768 0.00135222787
v -0.0369362714 0.00900524315 0.000898181994
v -0.0369362714 0.00900524315 0.00135222787
v -0.0369362714 0.0162195276 0.000898181994
v -0.0369362714 0.0162195276 0.00135222787
v -0.0369362714 0.017660943 0.000898181994
v -0.0369362714 0.017660943 0.00135222787
v -0.0369362714 0.0189221816 0.000898181994
v -0.0369362714 0.0189221816 0.00135222787
v -0.0359516045 -0.0418875336 0.000898181994
v -0.0359516045 -0.0418875336 0.00135222787
v -0.0359516045 -0.0319850093 0.000898181994
v -0.0359516045 -0.0319850093 0.00135222787
v -0.0359516045 0.00766112322 0.000898181994
v -0.0359516045 0.00766112322 0.00135222787
v -0.0359516045 0.0175636475 0.000898181994
v -0.0359516045 0.0175636475 0.00135222787
v -0.0357047621 -0.0431253491 0.000898181994
v -0.0357047621 -0.0431253491 0.00135222787
v -0.0357047621 -0.0307471937 0.000898181994
v -0.0357047621 -0.0307471937 0.00135222787
v -0.0357047621 0.00642330769 0.000898181994
v -0.0357047621 0.00642330769 0.00135222787
v -0.0357047621 0.018801463 0.000898181994
v -0.0357047621 0.018801463 0.00135222787
v -0.0355840435 -0.0477495901 0.000898181994
v -0.0355840435 -0.0477495901 0.00135222787
v -0.0355840435 -0.0458140394 0.000898181994
v -0.0355840435 -0.0458140394 0.00135222787
v -0.0355840435 -0.0280585035 0.000898181994
v -0.0355840435 -0.0280585035 0.00135222787
v -0.0355840435 -0.0261229527 0.000898181994
v -0.0355840435 -0.0261229527 0.00135222787
v -0.0355840435 0.00179906668 0.000898181994
v -0.0355840435 0.00179906668 0.00135222787
v -0.0355840435 0.00373459938 0.000898181994
v -0.0355840435 0.00373459938 0.00135222787
v -0.0355840435 0.0214901533 0.000898181994
v -0.0355840435 0.0214901533 0.00135222787
v -0.0355840435 0.023425704 0.000898181994
v -0.0355840435 0.023425704 0.00135222787
v -0.0355561161 -0.0402686438 0.000898181994
v -0.0355561161 -0.0402686438 0.00135222787
v -0.0355561161 -0.033603899 0.000898181994
v -0.0355561161 -0.033603899 0.00135222787
v -0.0355561161 0.00928001297 0.000898181994
v -0.0355561161 0.00928001297 0.00135222787
v -0.0355561161 0.0159447578 0.000898181994
v -0.0355561161 0.0159447578 0.00135222787
v -0.0351786454 -0.04577395 0.000898181994
v -0.0351786454 -0.04577395 0.00135222787
v -0.0351786454 -0.0280985928 0.000898181994
v -0.0351786454 -0.0280985928 0.00135222787
v -0.0351786454 0.00377470676 0.000898181994
v -0.0351786454 0.00377470676 0.00135222787
v -0.0351786454 0.021450064 0.000898181994
v -0.0351786454 0.021450064 0.00135222787
v -0.0350047747 -0.0416001513 0.000898181994
v -0.0350047747 -0.0416001513 0.00135222787
v -0.0350047747 -0.0322723915 0.000898181994
v -0.0350047747 -0.0322723915 0.00135222787
v -0.0350047747 0.00794850543 0.000898181994
v -0.0350047747 0.00794850543 0.00135222787
v -0.0350047747 0.0172762653 0.000898181994
v -0.0350047747 0.0172762653 0.00135222787
v -0.0345219005 -0.0427658961 0.000898181994
v -0.0345219005 -0.0427658961 0.00135222787
v -0.0345219005 -0.0311066467 0.000898181994
v -0.0345219005 -0.0311066467 0.00135222787
v -0.0345219005 0.00678276067 0.000898181994
v -0.0345219005 0.00678276067 0.00135222787
v -0.0345219005 0.0184420101 0.000898181994
v -0.0345219005 0.0184420101 0.00135222787
v -0.0343858669 -0.0394866759 0.000898181994
v -0.0343858669 -0.0394866759 0.00135222787
v -0.0343858669 -0.0343858669 0.000898181994
v -0.0343858669 -0.0343858669 0.00135222787
v -0.0343858669 0.0100619809 0.000898181994
v -0.0343858669 0.0100619809 0.00135222787
v -0.0343858669 0.0151627899 0.000898181994
v -0.0343858669 0.0151627899 0.00135222787
v -0.0341318174 -0.0411334931 0.000898181994
v -0.0341318174 -0.0411334931 0.00135222787
v -0.0341318174 -0.0327390497 0.000898181994
v -0.0341318174 -0.0327390497 0.00135222787
v -0.0341318174 0.00841516369 0.000898181994
v -0.0341318174 0.00841516369 0.00135222787
v -0.0341318174 0.016809607 0.000898181994
v -0.0341318174 0.016809607 0.00135222787
v -0.033603899 -0.0383164267 0.000898181994
v -0.033603899 -0.0383164267 0.00135222787
v -0.033603899 -0.0355561161 0.000898181994
v -0.033603899 -0.0355561161 0.00135222787
v -0.033603899 0.01123223 0.000898181994
v -0.033603899 0.01123223 0.00135222787
v -0.033603899 0.0139925407 0.000898181994
v -0.033603899 0.0139925407 0.00135222787
v -0.0334876849 -0.0452613466 0.000898181994
v -0.0334876849 -0.0452613466 0.00135222787
v -0.0334876849 -0.0286111962 0.000898181994
v -0.0334876849 -0.0286111962 0.00135222787
v -0.0334876849 0.00428731014 0.000898181994
v -0.0334876849 0.00428731014 0.00135222787
v -0.0334876849 0.0209374606 0.000898181994
v -0.0334876849 0.0209374606 0.00135222787
v -0.0334309292 -0.0421830237 0.000898181994
v -0.0334309292 -0.0421830237 0.00135222787
v -0.0334309292 -0.0316895191 0.000898181994
v -0.0334309292 -0.0316895191 0.00135222787
v -0.0334309292 0.00736563305 0.000898181994
v -0.0334309292 0.00736563305 0.00135222787
v -0.0334309292 0.0178591377 0.000898181994
v -0.0334309292 0.0178591377 0.00135222787
v -0.0333669664 -0.0405055765 0.000898181994
v -0.0333669664 -0.0405055765 0.00135222787
v -0.0333669664 -0.0333669664 0.000898181994
v -0.0333669664 -0.0333669664 0.00135222787
v -0.0333669664 0.0090430803 0.000898181994
v -0.0333669664 0.0090430803 0.00135222787
v -0.0333669664 0.0161816904 0.000898181994
v -0.0333669664 0.0161816904 0.00135222787
v -0.0333291292 -0.0369362714 0.000898181994
v -0.0333291292 -0.0369362714 0.00135222787
v -0.0333291292 0.0126123854 0.000898181994
v -0.0333291292 0.0126123854 0.00135222787
v -0.0327390497 -0.0397407254 0.000898181994
v -0.0327390497 -0.0397407254 0.00135222787
v -0.0327390497 -0.0341318174 0.000898181994
v -0.0327390497 -0.0341318174 0.00135222787
v -0.0327390497 0.00980793139 0.000898181994
v -0.0327390497 0.00980793139 0.00135222787
v -0.0327390497 0.0154168393 0.000898181994
v -0.0327390497 0.0154168393 0.00135222787
v -0.0324741897 -0.0413983532 0.000898181994
v -0.0324741897 -0.0413983532 0.00135222787
v -0.0324741897 -0.0324741897 0.000898181994
v -0.0324741897 -0.0324741897 0.00135222787
v -0.0324741897 0.0081503036 0.000898181994
v -0.0324741897 0.0081503036 0.00135222787
v -0.0324741897 0.0170744671 0.000898181994
v -0.0324741897 0.0170744671 0.00135222787
v -0.0322723915 -0.0388677681 0.000898181994
v -0.0322723915 -0.0388677681 0.00135222787
v -0.0322723915 -0.0350047747 0.000898181994
v -0.0322723915 -0.0350047747 0.00135222787
v -0.0322723915 0.0106808886 0.000898181994
v -0.0322723915 0.0106808886 0.00135222787
v -0.0322723915 0.0145438821 0.000898181994
v -0.0322723915 0.0145438821 0.00135222787
v -0.0319850093 -0.0379209384 0.000898181994
v -0.0319850093 -0.0379209384 0.00135222787
v -0.0319850093 -0.0359516045 0.000898181994
v -0.0319850093 -0.0359516045 0.00135222787
v -0.0319850093 0.0116277184 0.000898181994
v -0.0319850093 0.0116277184 0.00135222787
v -0.0319850093 0.0135970523 0.000898181994
v -0.0319850093 0.0135970523 0.00135222787
v -0.0319300553 -0.0444289292 0.000898181994
v -0.0319300553 -0.0444289292 0.00135222787
v -0.0319300553 -0.0294436136 0.000898181994
v -0.0319300553 -0.0294436136 0.00135222787
v -0.0319300553 0.00511972757 0.000898181994
v -0.0319300553 0.00511972757 0.00135222787
v -0.0319300553 0.0201050432 0.000898181994
v -0.0319300553 0.0201050432 0.00135222787
v -0.0318877137 -0.0369362714 0.000898181994
v -0.0318877137 -0.0369362714 0.00135222787
v -0.0318877137 0.0126123854 0.000898181994
v -0.0318877137 0.0126123854 0.00135222787
v -0.0316895191 -0.0404416137 0.000898181994
v -0.0316895191 -0.0404416137 0.00135222787
v -0.0316895191 -0.0334309292 0.000898181994
v -0.0316895191 -0.0334309292 0.00135222787
v -0.0316895191 0.00910704312 0.000898181994
v -0.0316895191 0.00910704312 0.00135222787
v -0.0316895191 0.0161177276 0.000898181994
v -0.0316895191 0.0161177276 0.00135222787
v -0.0316138448 -0.0441694744 0.000898181994
v -0.0316138448 -0.0441694744 0.00135222787
v -0.0316138448 -0.0297030684 0.000898181994
v -0.0316138448 -0.0297030684 0.00135222787
v -0.0316138448 0.00537919137 0.000898181994
v -0.0316138448 0.00537919137 0.00135222787
v -0.0316138448 0.0198455884 0.000898181994
v -0.0316138448 0.0198455884 0.00135222787
v -0.0311066467 -0.0393506423 0.000898181994
v -0.0311066467 -0.0393506423 0.00135222787
v -0.0311066467 -0.0345219005 0.000898181994
v -0.0311066467 -0.0345219005 0.00135222787
v -0.0311066467 0.0101980145 0.000898181994
v -0.0311066467 0.0101980145 0.00135222787
v -0.0311066467 0.0150267563 0.000898181994
v -0.0311066467 0.0150267563 0.00135222787
v -0.0307471937 -0.0381677808 0.000898181994
v -0.0307471937 -0.0381677808 0.00135222787
v -0.0307471937 -0.0357047621 0.000898181994
v -0.0307471937 -0.0357047621 0.00135222787
v -0.0307471937 0.011380876 0.000898181994
v -0.0307471937 0.011380876 0.00135222787
v -0.0307471937 0.0138438947 0.000898181994
v -0.0307471937 0.0138438947 0.00135222787
v -0.0306264752 -0.0369362714 0.000898181994
v -0.0306264752 -0.0369362714 0.00135222787
v -0.0306264752 0.0126123854 0.000898181994
v -0.0306264752 0.0126123854 0.00135222787
v -0.030245401 -0.0455379182 0.000898181994
v -0.030245401 -0.0455379182 0.00135222787
v -0.030245401 -0.0283346246 0.000898181994
v -0.030245401 -0.0283346246 0.00135222787
v -0.030245401 0.00401073855 0.000898181994
v -0.030245401 0.00401073855 0.00135222787
v -0.030245401 0.0212140322 0.000898181994
v -0.030245401 0.0212140322 0.00135222787
v -0.0297030684 -0.042258698 0.000898181994
v -0.0297030684 -0.042258698 0.00135222787
v -0.0297030684 -0.0316138448 0.000898181994
v -0.0297030684 -0.0316138448 0.00135222787
v -0.0297030684 0.00728996775 0.000898181994
v -0.0297030684 0.00728996775 0.00135222787
v -0.0297030684 0.017934812 0.000898181994
v -0.0297030684 0.017934812 0.00135222787
v -0.0294436136 -0.0419424875 0.000898181994
v -0.0294436136 -0.0419424875 0.00135222787
v -0.0294436136 -0.0319300553 0.000898181994
v -0.0294436136 -0.0319300553 0.00135222787
v -0.0294436136 0.00760616926 0.000898181994
v -0.0294436136 0.00760616926 0.00135222787
v -0.0294436136 0.0176186015 0.000898181994
v -0.0294436136 0.0176186015 0.00135222787
v -0.0286111962 -0.0403848579 0.000898181994
v -0.0286111962 -0.0403848579 0.00135222787
v -0.0286111962 -0.0334876849 0.000898181994
v -0.0286111962 -0.0334876849 0.00135222787
v -0.0286111962 0.00916379885 0.000898181994
v -0.0286111962 0.00916379885 0.00135222787
v -0.0286111962 0.0160609719 0.000898181994
v -0.0286111962 0.0160609719 0.00135222787
v -0.0283346246 -0.0436271419 0.000898181994
v -0.0283346246 -0.0436271419 0.00135222787
v -0.0283346246 -0.030245401 0.000898181994
v -0.0283346246 -0.030245401 0.00135222787
v -0.0283346246 0.00592151493 0.000898181994
v -0.0283346246 0.00592151493 0.00135222787
v -0.0283346246 0.0193032558 0.000898181994
v -0.0283346246 0.0193032558 0.00135222787
v -0.0280985928 -0.0386938974 0.000898181994
v -0.0280985928 -0.0386938974 0.00135222787
v -0.0280985928 -0.0351786454 0.000898181994
v -0.0280985928 -0.0351786454 0.00135222787
v -0.0280985928 0.0108547594 0.000898181994
v -0.0280985928 0.0108547594 0.00135222787
v -0.0280985928 0.0143700114 0.000898181994
v -0.0280985928 0.0143700114 0.00135222787
v -0.0280585035 -0.0382884993 0.000898181994
v -0.0280585035 -0.0382884993 0.00135222787
v -0.0280585035 -0.0355840435 0.000898181994
v -0.0280585035 -0.0355840435 0.00135222787
v -0.0280585035 0.0112601575 0.000898181994
v -0.0280585035 0.0112601575 0.00135222787
v -0.0280585035 0.0139646133 0.000898181994
v -0.0280585035 0.0139646133 0.00135222787
v -0.0261229527 -0.0382884993 0.000898181994
v -0.0261229527 -0.0382884993 0.00135222787
v -0.0261229527 -0.0355840435 0.000898181994
v -0.0261229527 -0.0355840435 0.00135222787
v -0.0261229527 0.0112601575 0.000898181994
v -0.0261229527 0.0112601575 0.00135222787
v -0.0261229527 0.0139646133 0.000898181994
v -0.0261229527 0.0139646133 0.00135222787
v -0.0259941262 -0.0478784166 -0.00135222787
v -0.0259941262 -0.0478784166 0.00135222787
v -0.0254499919 -0.0236482226 -0.00135222787
v -0.0254499919 -0.0236482226 0.00135222787
v -0.0254499919 -0.000900884669 -0.00135222787
v -0.0254499919 -0.000900884669 0.00135222787
v -0.0254499919 0.0254499919 -0.00135222787
v -0.0254499919 0.0254499919 0.00135222787
v -0.0254499919 0.0478784166 -0.00135222787
v -0.0254499919 0.0478784166 0.00135222787
v -0.0252247707 0.05 -0.00135222787
v -0.0252247707 0.05 0.00135222787
v -0.0238734437 -0.05 -0.00135222787
v -0.0238734437 -0.05 0.00135222787
v -0.0236482226 -0.0478784166 -0.00135222787
v -0.0236482226 -0.0478784166 0.00135222787
v -0.0236482226 -0.0254499919 -0.00135222787
v -0.0236482226 -0.0254499919 0.00135222787
v -0.0236482226 0.000900884669 -0.00135222787
v -0.0236482226 0.000900884669 0.00135222787
v -0.0236482226 0.0236482226 -0.00135222787
v -0.0236482226 0.0236482226 0.00135222787
v -0.0231040882 0.0478784166 -0.00135222787
v -0.0231040882 0.0478784166 0.00135222787
v -0.0211734924 -0.00568728491 0.000901785532
v -0.0211734924 -0.00568728491 0.00135222787
v -0.0211734924 0.0434118304 0.000901785532
v -0.0211734924 0.0434118304 0.00135222787
v -0.0208807049 -0.00673050936 0.000901785532
v -0.0208807049 -0.00673050936 0.00135222787
v -0.0208807049 -0.00464496135 0.000901785532
v -0.0208807049 -0.00464496135 0.00135222787
v -0.0208807049 0.0423695069 0.000901785532
v -0.0208807049 0.0423695069 0.00135222787
v -0.0208807049 0.044454154 0.000901785532
v -0.0208807049 0.044454154 0.00135222787
v -0.0200798184 -0.00749355867 0.000901785532
v -0.0200798184 -0.00749355867 0.00135222787
v -0.0200798184 -0.00388191204 0.000901785532
v -0.0200798184 -0.00388191204 0.00135222787
v -0.0200798184 0.0416064575 0.000901785532
v -0.0200798184 0.0416064575 0.00135222787
v -0.0200798184 0.0452172033 0.000901785532
v -0.0200798184 0.0452172033 0.00135222787
v -0.0194865858 0.0414550188 0.000901785532
v -0.0194865858 0.0414550188 0.00135222787
v -0.0194861354 -0.00764515054 0.000901785532
v -0.0194861354 -0.00764515054 0.00135222787
v -0.0189861444 -0.00360263779 0.000901785532
v -0.0189861444 -0.00360263779 0.00135222787
v -0.0189861444 0.0454964775 0.000901785532
v -0.0189861444 0.0454964775 0.00135222787
v -0.0180191348 -0.00752590043 0.000901785532
v -0.0180191348 -0.00752590043 0.00135222787
v -0.0180185943 0.0415742059 0.000901785532
v -0.0180185943 0.0415742059 0.00135222787
v -0.0178924704 -0.00749355867 0.000901785532
v -0.0178924704 -0.00749355867 0.00135222787
v -0.0178924704 -0.00388191204 0.000901785532
v -0.0178924704 -0.00388191204 0.00135222787
v -0.0178924704 0.0416064575 0.000901785532
v -0.0178924704 0.0416064575 0.00135222787
v -0.0178924704 0.0452172033 0.000901785532
v -0.0178924704 0.0452172033 0.00135222787
v -0.0170915839 -0.00673050936 0.000901785532
v -0.0170915839 -0.00673050936 0.00135222787
v -0.0170915839 -0.00464496135 0.000901785532
v -0.0170915839 -0.00464496135 0.00135222787
v -0.0170915839 0.0423695069 0.000901785532
v -0.0170915839 0.0423695069 0.00135222787
v -0.0170915839 0.044454154 0.000901785532
v -0.0170915839 0.044454154 0.00135222787
v -0.0170118556 -0.00492874002 0.000901785532
v -0.0170118556 -0.00492874002 0.00135222787
v -0.0170118556 0.0441703753 0.000901785532
v -0.0170118556 0.0441703753 0.00135222787
v -0.0169368119 -0.00617916794 0.000901785532
v -0.0169368119 -0.00617916794 0.00135222787
v -0.0169367219 0.0429208483 0.000901785532
v -0.0169367219 0.0429208483 0.00135222787
v -0.0169053711 -0.00963901551 0.000901785532
v -0.0169053711 -0.00963901551 0.00135222787
v -0.0169053711 0.0394600998 0.000901785532
v -0.0169053711 0.0394600998 0.00135222787
v -0.0168267238 -0.00900524315 0.000901785532
v -0.0168267238 -0.00900524315 0.00135222787
v -0.0168267238 0.0400947731 0.000901785532
v -0.0168267238 0.0400947731 0.00135222787
v -0.0162870939 -0.00858723266 0.000901785532
v -0.0162870939 -0.00858723266 0.00135222787
v -0.0162870939 0.0405127836 0.000901785532
v -0.0162870939 0.0405127836 0.00135222787
v -0.0159672799 -0.00754310733 0.000901785532
v -0.0159672799 -0.00754310733 0.00135222787
v -0.0159672799 0.041556008 0.000901785532
v -0.0159672799 0.041556008 0.00135222787
v -0.0151826093 -0.007756617 0.000901785532
v -0.0151826093 -0.007756617 0.00135222787
v -0.0151826093 0.0413424983 0.000901785532
v -0.0151826093 0.0413424983 0.00135222787
v -0.0145871246 -0.00650618908 0.000901785532
v -0.0145871246 -0.00650618908 0.00135222787
v -0.0145871246 0.0425929263 0.000901785532
v -0.0145871246 0.0425929263 0.00135222787
v -0.0145183871 -0.0141030792 0.000901785532
v -0.0145183871 -0.0141030792 0.00135222787
v -0.0145183871 0.034996937 0.000901785532
v -0.0145183871 0.034996937 0.00135222787
v -0.0143501919 -0.0195392876 0.000901785532
v -0.0143501919 -0.0195392876 0.00135222787
v -0.0143501919 0.0295607286 0.000901785532
v -0.0143501919 0.0295607286 0.00135222787
v -0.0140565035 -0.0205816111 0.000901785532
v -0.0140565035 -0.0205816111 0.00135222787
v -0.0140565035 -0.018496964 0.000901785532
v -0.0140565035 -0.018496964 0.00135222787
v -0.0140565035 0.0285184051 0.000901785532
v -0.0140565035 0.0285184051 0.00135222787
v -0.0140565035 0.0306030522 0.000901785532
v -0.0140565035 0.0306030522 0.00135222787
v -0.0139339832 -0.0144150556 0.000901785532
v -0.0139339832 -0.0144150556 0.00135222787
v -0.0139339832 0.0346849606 0.000901785532
v -0.0139339832 0.0346849606 0.00135222787
v -0.0138796598 0.0307715176 0.000901785532
v -0.0138796598 0.0307715176 0.00135222787
v -0.0138795697 -0.0183284085 0.000901785532
v -0.0138795697 -0.0183284085 0.00135222787
v -0.0138285797 -0.00739265959 0.000901785532
v -0.0138285797 -0.00739265959 0.00135222787
v -0.0138285797 0.0417064557 0.000901785532
v -0.0138285797 0.0417064557 0.00135222787
v -0.0133710203 -0.00617916794 0.000901785532
v -0.0133710203 -0.00617916794 0.00135222787
v -0.0133676871 0.0429208483 0.000901785532
v -0.0133676871 0.0429208483 0.00135222787
v -0.0132628241 -0.0142447884 0.000901785532
v -0.0132628241 -0.0142447884 0.00135222787
v -0.0132628241 0.0348552278 0.000901785532
v -0.0132628241 0.0348552278 0.00135222787
v -0.013255617 -0.0213446605 0.000901785532
v -0.013255617 -0.0213446605 0.00135222787
v -0.013255617 0.0277553558 0.000901785532
v -0.013255617 0.0277553558 0.00135222787
v -0.0127330138 -0.0176004937 0.000901785532
v -0.0127330138 -0.0176004937 0.00135222787
v -0.0127318427 0.0314998829 0.000901785532
v -0.0127318427 0.0314998829 0.00135222787
v -0.0124313075 -0.00755031441 0.000901785532
v -0.0124313075 -0.00755031441 0.00135222787
v -0.0124313075 0.0415488009 0.000901785532
v -0.0124313075 0.0415488009 0.00135222787
v -0.0121889696 -0.0146114484 0.000901785532
v -0.0121889696 -0.0146114484 0.00135222787
v -0.0121889696 0.0344876669 0.000901785532
v -0.0121889696 0.0344876669 0.00135222787
v -0.012161943 -0.0216239347 0.000901785532
v -0.012161943 -0.0216239347 0.00135222787
v -0.012161943 -0.0174546405 0.000901785532
v -0.012161943 -0.0174546405 0.00135222787
v -0.012161943 0.0274760815 0.000901785532
v -0.012161943 0.0274760815 0.00135222787
v -0.012161943 0.0316453758 0.000901785532
v -0.012161943 0.0316453758 0.00135222787
v -0.0119087944 -0.013880831 0.000901785532
v -0.0119087944 -0.013880831 0.00135222787
v -0.0119087944 0.0352191852 0.000901785532
v -0.0119087944 0.0352191852 0.00135222787
v -0.0117717699 0.0429208483 0.000901785532
v -0.0117717699 0.0429208483 0.00135222787
v -0.011763752 -0.00617916794 0.000901785532
v -0.011763752 -0.00617916794 0.00135222787
v -0.011593665 0.0315002432 0.000901785532
v -0.011593665 0.0315002432 0.00135222787
v -0.0115924938 -0.0176000432 0.000901785532
v -0.0115924938 -0.0176000432 0.00135222787
v -0.0112034017 -0.00820615845 0.000901785532
v -0.0112034017 -0.00820615845 0.00135222787
v -0.0112034017 0.0408938578 0.000901785532
v -0.0112034017 0.0408938578 0.00135222787
v -0.0111502495 -0.00624853606 0.000901785532
v -0.0111502495 -0.00624853606 0.00135222787
v -0.0111502495 0.0428505793 0.000901785532
v -0.0111502495 0.0428505793 0.00135222787
v -0.011068269 -0.0213446605 0.000901785532
v -0.011068269 -0.0213446605 0.00135222787
v -0.011068269 0.0277553558 0.000901785532
v -0.011068269 0.0277553558 0.00135222787
v -0.0108034089 -0.0130502153 0.000901785532
v -0.0108034089 -0.0130502153 0.00135222787
v -0.0108034089 0.0360489 0.000901785532
v -0.0108034089 0.0360489 0.00135222787
v -0.0104971082 -0.0141574026 0.000901785532
v -0.0104971082 -0.0141574026 0.00135222787
v -0.0104971082 0.0349426136 0.000901785532
v -0.0104971082 0.0349426136 0.00135222787
v -0.0104444064 -0.0183283184 0.000901785532
v -0.0104444064 -0.0183283184 0.00135222787
v -0.0104443163 0.0307716077 0.000901785532
v -0.0104443163 0.0307716077 0.00135222787
v -0.0103331472 -0.00925839174 0.000901785532
v -0.0103331472 -0.00925839174 0.00135222787
v -0.0103331472 0.0398407236 0.000901785532
v -0.0103331472 0.0398407236 0.00135222787
v -0.0102673826 -0.0205816111 0.000901785532
v -0.0102673826 -0.0205816111 0.00135222787
v -0.0102673826 -0.018496964 0.000901785532
v -0.0102673826 -0.018496964 0.00135222787
v -0.0102673826 0.0285184051 0.000901785532
v -0.0102673826 0.0285184051 0.00135222787
v -0.0102673826 0.0306030522 0.000901785532
v -0.0102673826 0.0306030522 0.00135222787
v -0.0101160339 -0.011880867 0.000901785532
v -0.0101160339 -0.011880867 0.00135222787
v -0.0101160339 0.0372191492 0.000901785532
v -0.0101160339 0.0372191492 0.00135222787
v -0.00997459505 -0.0195392876 0.000901785532
v -0.00997459505 -0.0195392876 0.00135222787
v -0.00997459505 0.0295607286 0.000901785532
v -0.00997459505 0.0295607286 0.00135222787
v -0.00995117205 -0.0105493595 0.000901785532
v -0.00995117205 -0.0105493595 0.00135222787
v -0.00995117205 0.0385506567 0.000901785532
v -0.00995117205 0.0385506567 0.00135222787
v -0.00961604295 -0.00706653934 0.000901785532
v -0.00961604295 -0.00706653934 0.00135222787
v -0.00961604295 0.042032576 0.000901785532
v -0.00961604295 0.042032576 0.00135222787
v -0.00932559774 0.0358221473 0.000901785532
v -0.00932559774 0.0358221473 0.00135222787
v -0.00932334553 -0.0132753464 0.000901785532
v -0.00932334553 -0.0132753464 0.00135222787
v -0.00852777427 -0.00838273184 0.000901785532
v -0.00852777427 -0.00838273184 0.00135222787
v -0.00852777427 0.0407172844 0.000901785532
v -0.00852777427 0.0407172844 0.00135222787
v -0.00819025783 -0.0111159258 0.000901785532
v -0.00819025783 -0.0111159258 0.00135222787
v -0.00818994252 0.0379863426 0.000901785532
v -0.00818994252 0.0379863426 0.00135222787
v -0.00805120628 -0.00999441452 0.000901785532
v -0.00805120628 -0.00999441452 0.00135222787
v -0.00805120628 0.0391047008 0.000901785532
v -0.00805120628 0.0391047008 0.00135222787
v -0.00738807409 0.0429208483 0.000901785532
v -0.00738807409 0.0429208483 0.00135222787
v -0.00738793896 -0.00617916794 0.000901785532
v -0.00738793896 -0.00617916794 0.00135222787
v -0.00731291328 -0.00492874002 0.000901785532
v -0.00731291328 -0.00492874002 0.00135222787
v -0.00731291328 0.0441703753 0.000901785532
v -0.00731291328 0.0441703753 0.00135222787
v -0.00723320301 -0.00673050936 0.000901785532
v -0.00723320301 -0.00673050936 0.00135222787
v -0.00723320301 -0.00464496135 0.000901785532
v -0.00723320301 -0.00464496135 0.00135222787
v -0.00723320301 0.0423695069 0.000901785532
v -0.00723320301 0.0423695069 0.00135222787
v -0.00723320301 0.044454154 0.000901785532
v -0.00723320301 0.044454154 0.00135222787
v -0.00643231653 -0.00749355867 0.000901785532
v -0.00643231653 -0.00749355867 0.00135222787
v -0.00643231653 -0.00388191204 0.000901785532
v -0.00643231653 -0.00388191204 0.00135222787
v -0.00643231653 0.0416064575 0.000901785532
v -0.00643231653 0.0416064575 0.00135222787
v -0.00643231653 0.0452172033 0.000901785532
v -0.00643231653 0.0452172033 0.00135222787
v -0.00630697645 0.0415744761 0.000901785532
v -0.00630697645 0.0415744761 0.00135222787
v -0.00630647196 -0.00752569323 0.000901785532
v -0.00630647196 -0.00752569323 0.00135222787
v -0.00533864255 -0.00360263779 0.000901785532
v -0.00533864255 -0.00360263779 0.00135222787
v -0.00533864255 0.0454964775 0.000901785532
v -0.00533864255 0.0454964775 0.00135222787
v -0.00483846237 -0.0076451145 0.000901785532
v -0.00483846237 -0.0076451145 0.00135222787
v -0.00483801193 0.0414550188 0.000901785532
v -0.00483801193 0.0414550188 0.00135222787
v -0.00424496856 -0.00749355867 0.000901785532
v -0.00424496856 -0.00749355867 0.00135222787
v -0.00424496856 -0.00388191204 0.000901785532
v -0.00424496856 -0.00388191204 0.00135222787
v -0.00424496856 0.0416064575 0.000901785532
v -0.00424496856 0.0416064575 0.00135222787
v -0.00424496856 0.0452172033 0.000901785532
v -0.00424496856 0.0452172033 0.00135222787
v -0.00344408209 -0.00673050936 0.000901785532
v -0.00344408209 -0.00673050936 0.00135222787
v -0.00344408209 -0.00464496135 0.000901785532
v -0.00344408209 -0.00464496135 0.00135222787
v -0.00344408209 0.0423695069 0.000901785532
v -0.00344408209 0.0423695069 0.00135222787
v -0.00344408209 0.044454154 0.000901785532
v -0.00344408209 0.044454154 0.00135222787
v -0.00315129457 -0.00568728491 0.000901785532
v -0.00315129457 -0.00568728491 0.00135222787
v -0.00315129457 0.0434118304 0.000901785532
v -0.00315129457 0.0434118304 0.00135222787
v -0.00144501901 0.0478784166 -0.00135222787
v -0.00144501901 0.0478784166 0.00135222787
v -0.000900884669 -0.0478784166 -0.00135222787
v -0.000900884669 -0.0478784166 0.00135222787
v -0.000900884669 -0.0254499919 -0.00135222787
v -0.000900884669 -0.0254499919 0.00135222787
v -0.000900884669 0.000900884669 -0.00135222787
v -0.000900884669 0.000900884669 0.00135222787
v -0.000900884669 0.0236482226 -0.00135222787
v -0.000900884669 0.0236482226 0.00135222787
v -0.000675663502 -0.05 -0.00135222787
v -0.000675663502 -0.05 0.00135222787
v 0.000675663502 0.05 -0.00135222787
v 0.000675663502 0.05 0.00135222787
v 0.000900884669 -0.0236482226 -0.00135222787
v 0.000900884669 -0.0236482226 0.00135222787
v 0.000900884669 -0.000900884669 -0.00135222787
v 0.000900884669 -0.000900884669 0.00135222787
v 0.000900884669 0.0254499919 -0.00135222787
v 0.000900884669 0.0254499919 0.00135222787
v 0.000900884669 0.0478784166 -0.00135222787
v 0.000900884669 0.0478784166 0.00135222787
v 0.00134862435 -0.0382884993 0.000898181994
v 0.00134862435 -0.0382884993 0.00135222787
v 0.00134862435 -0.0355840435 0.000898181994
v 0.00134862435 -0.0355840435 0.00135222787
v 0.00134862435 0.0112601575 0.000898181994
v 0.00134862435 0.0112601575 0.00135222787
v 0.00134862435 0.0139646133 0.000898181994
v 0.00134862435 0.0139646133 0.00135222787
v 0.00144501901 -0.0478784166 -0.00135222787
v 0.00144501901 -0.0478784166 0.00135222787
v 0.00328415704 -0.0382884993 0.000898181994
v 0.00328415704 -0.0382884993 0.00135222787
v 0.00328415704 -0.0355840435 0.000898181994
v 0.00328415704 -0.0355840435 0.00135222787
v 0.00328415704 0.0112601575 0.000898181994
v 0.00328415704 0.0112601575 0.00135222787
v 0.00328415704 0.0139646133 0.000898181994
v 0.00328415704 0.0139646133 0.00135222787
v 0.00332426443 -0.0386938974 0.000898181994
v 0.00332426443 -0.0386938974 0.00135222787
v 0.00332426443 -0.0351786454 0.000898181994
v 0.00332426443 -0.0351786454 0.00135222787
v 0.00332426443 0.0108547594 0.000898181994
v 0.00332426443 0.0108547594 0.00135222787
v 0.00332426443 0.0143700114 0.000898181994
v 0.00332426443 0.0143700114 0.00135222787
v 0.00356029621 -0.0436271419 0.000898181994
v 0.00356029621 -0.0436271419 0.00135222787
v 0.00356029621 -0.030245401 0.000898181994
v 0.00356029621 -0.030245401 0.00135222787
v 0.00356029621 0.00592151493 0.000898181994
v 0.00356029621 0.00592151493 0.00135222787
v 0.00356029621 0.0193032558 0.000898181994
v 0.00356029621 0.0193032558 0.00135222787
v 0.0038368678 -0.0403848579 0.000898181994
v 0.0038368678 -0.0403848579 0.00135222787
v 0.0038368678 -0.0334876849 0.000898181994
v 0.0038368678 -0.0334876849 0.00135222787
v 0.0038368678 0.00916379885 0.000898181994
v 0.0038368678 0.00916379885 0.00135222787
v 0.0038368678 0.0160609719 0.000898181994
v 0.0038368678 0.0160609719 0.00135222787
v 0.00466928524 -0.0419424875 0.000898181994
v 0.00466928524 -0.0419424875 0.00135222787
v 0.00466928524 -0.0319300553 0.000898181994
v 0.00466928524 -0.0319300553 0.00135222787
v 0.00466928524 0.00760616926 0.000898181994
v 0.00466928524 0.00760616926 0.00135222787
v 0.00466928524 0.0176186015 0.000898181994
v 0.00466928524 0.0176186015 0.00135222787
v 0.00492874903 -0.042258698 0.000898181994
v 0.00492874903 -0.042258698 0.00135222787
v 0.00492874903 -0.0316138448 0.000898181994
v 0.00492874903 -0.0316138448 0.00135222787
v 0.00492874903 0.00728996775 0.000898181994
v 0.00492874903 0.00728996775 0.00135222787
v 0.00492874903 0.017934812 0.000898181994
v 0.00492874903 0.017934812 0.00135222787
v 0.00547107259 -0.0455379182 0.000898181994
v 0.00547107259 -0.0455379182 0.00135222787
v 0.00547107259 -0.0283346246 0.000898181994
v 0.00547107259 -0.0283346246 0.00135222787
v 0.00547107259 0.00401073855 0.000898181994
v 0.00547107259 0.00401073855 0.00135222787
v 0.00547107259 0.0212140322 0.000898181994
v 0.00547107259 0.0212140322 0.00135222787
v 0.00585214681 -0.0369362714 0.000898181994
v 0.00585214681 -0.0369362714 0.00135222787
v 0.00585214681 0.0126123854 0.000898181994
v 0.00585214681 0.0126123854 0.00135222787
v 0.00597286535 -0.0381677808 0.000898181994
v 0.00597286535 -0.0381677808 0.00135222787
v 0.00597286535 -0.0357047621 0.000898181994
v 0.00597286535 -0.0357047621 0.00135222787
v 0.00597286535 0.011380876 0.000898181994
v 0.00597286535 0.011380876 0.00135222787
v 0.00597286535 0.0138438947 0.000898181994
v 0.00597286535 0.0138438947 0.00135222787
v 0.00633231834 -0.0393506423 0.000898181994
v 0.00633231834 -0.0393506423 0.00135222787
v 0.00633231834 -0.0345219005 0.000898181994
v 0.00633231834 -0.0345219005 0.00135222787
v 0.00633231834 0.0101980145 0.000898181994
v 0.00633231834 0.0101980145 0.00135222787
v 0.00633231834 0.0150267563 0.000898181994
v 0.00633231834 0.0150267563 0.00135222787
v 0.00683952541 -0.0441694744 0.000898181994
v 0.00683952541 -0.0441694744 0.00135222787
v 0.00683952541 -0.0297030684 0.000898181994
v 0.00683952541 -0.0297030684 0.00135222787
v 0.00683952541 0.00537919137 0.000898181994
v 0.00683952541 0.00537919137 0.00135222787
v 0.00683952541 0.0198455884 0.000898181994
v 0.00683952541 0.0198455884 0.00135222787
v 0.00691519072 -0.0404416137 0.000898181994
v 0.00691519072 -0.0404416137 0.00135222787
v 0.00691519072 -0.0334309292 0.000898181994
v 0.00691519072 -0.0334309292 0.00135222787
v 0.00691519072 0.00910704312 0.000898181994
v 0.00691519072 0.00910704312 0.00135222787
v 0.00691519072 0.0161177276 0.000898181994
v 0.00691519072 0.0161177276 0.00135222787
v 0.00711338534 -0.0369362714 0.000898181994
v 0.00711338534 -0.0369362714 0.00135222787
v 0.00711338534 0.0126123854 0.000898181994
v 0.00711338534 0.0126123854 0.00135222787
v 0.00715572692 -0.0444289292 0.000898181994
v 0.00715572692 -0.0444289292 0.00135222787
v 0.00715572692 -0.0294436136 0.000898181994
v 0.00715572692 -0.0294436136 0.00135222787
v 0.00715572692 0.00511972757 0.000898181994
v 0.00715572692 0.00511972757 0.00135222787
v 0.00715572692 0.0201050432 0.000898181994
v 0.00715572692 0.0201050432 0.00135222787
v 0.00721068089 -0.0379209384 0.000898181994
v 0.00721068089 -0.0379209384 0.00135222787
v 0.00721068089 -0.0359516045 0.000898181994
v 0.00721068089 -0.0359516045 0.00135222787
v 0.00721068089 0.0116277184 0.000898181994
v 0.00721068089 0.0116277184 0.00135222787
v 0.00721068089 0.0135970523 0.000898181994
v 0.00721068089 0.0135970523 0.00135222787
v 0.0074980631 -0.0388677681 0.000898181994
v 0.0074980631 -0.0388677681 0.00135222787
v 0.0074980631 -0.0350047747 0.000898181994
v 0.0074980631 -0.0350047747 0.00135222787
v 0.0074980631 0.0106808886 0.000898181994
v 0.0074980631 0.0106808886 0.00135222787
v 0.0074980631 0.0145438821 0.000898181994
v 0.0074980631 0.0145438821 0.00135222787
v 0.00769986126 -0.0413983532 0.000898181994
v 0.00769986126 -0.0413983532 0.00135222787
v 0.00769986126 -0.0324741897 0.000898181994
v 0.00769986126 -0.0324741897 0.00135222787
v 0.00769986126 0.0081503036 0.000898181994
v 0.00769986126 0.0081503036 0.00135222787
v 0.00769986126 0.0170744671 0.000898181994
v 0.00769986126 0.0170744671 0.00135222787
v 0.00796472136 -0.0397407254 0.000898181994
v 0.00796472136 -0.0397407254 0.00135222787
v 0.00796472136 -0.0341318174 0.000898181994
v 0.00796472136 -0.0341318174 0.00135222787
v 0.00796472136 0.00980793139 0.000898181994
v 0.00796472136 0.00980793139 0.00135222787
v 0.00796472136 0.0154168393 0.000898181994
v 0.00796472136 0.0154168393 0.00135222787
v 0.00855480081 -0.0369362714 0.000898181994
v 0.00855480081 -0.0369362714 0.00135222787
v 0.00855480081 0.0126123854 0.000898181994
v 0.00855480081 0.0126123854 0.00135222787
v 0.00859263797 -0.0405055765 0.000898181994
v 0.00859263797 -0.0405055765 0.00135222787
v 0.00859263797 -0.0333669664 0.000898181994
v 0.00859263797 -0.0333669664 0.00135222787
v 0.00859263797 0.0090430803 0.000898181994
v 0.00859263797 0.0090430803 0.00135222787
v 0.00859263797 0.0161816904 0.000898181994
v 0.00859263797 0.0161816904 0.00135222787
v 0.00865660078 -0.0421830237 0.000898181994
v 0.00865660078 -0.0421830237 0.00135222787
v 0.00865660078 -0.0316895191 0.000898181994
v 0.00865660078 -0.0316895191 0.00135222787
v 0.00865660078 0.00736563305 0.000898181994
v 0.00865660078 0.00736563305 0.00135222787
v 0.00865660078 0.0178591377 0.000898181994
v 0.00865660078 0.0178591377 0.00135222787
v 0.00871335652 -0.0452613466 0.000898181994
v 0.00871335652 -0.0452613466 0.00135222787
v 0.00871335652 -0.0286111962 0.000898181994
v 0.00871335652 -0.0286111962 0.00135222787
v 0.00871335652 0.00428731014 0.000898181994
v 0.00871335652 0.00428731014 0.00135222787
v 0.00871335652 0.0209374606 0.000898181994
v 0.00871335652 0.0209374606 0.00135222787
v 0.00882957064 -0.0383164267 0.000898181994
v 0.00882957064 -0.0383164267 0.00135222787
v 0.00882957064 -0.0355561161 0.000898181994
v 0.00882957064 -0.0355561161 0.00135222787
v 0.00882957064 0.01123223 0.000898181994
v 0.00882957064 0.01123223 0.00135222787
v 0.00882957064 0.0139925407 0.000898181994
v 0.00882957064 0.0139925407 0.00135222787
v 0.00935748905 -0.0411334931 0.000898181994
v 0.00935748905 -0.0411334931 0.00135222787
v 0.00935748905 -0.0327390497 0.000898181994
v 0.00935748905 -0.0327390497 0.00135222787
v 0.00935748905 0.00841516369 0.000898181994
v 0.00935748905 0.00841516369 0.00135222787
v 0.00935748905 0.016809607 0.000898181994
v 0.00935748905 0.016809607 0.00135222787
v 0.00961153853 -0.0394866759 0.000898181994
v 0.00961153853 -0.0394866759 0.00135222787
v 0.00961153853 -0.0343858669 0.000898181994
v 0.00961153853 -0.0343858669 0.00135222787
v 0.00961153853 0.0100619809 0.000898181994
v 0.00961153853 0.0100619809 0.00135222787
v 0.00961153853 0.0151627899 0.000898181994
v 0.00961153853 0.0151627899 0.00135222787
v 0.00974757212 -0.0427658961 0.000898181994
v 0.00974757212 -0.0427658961 0.00135222787
v 0.00974757212 -0.0311066467 0.000898181994
v 0.00974757212 -0.0311066467 0.00135222787
v 0.00974757212 0.00678276067 0.000898181994
v 0.00974757212 0.00678276067 0.00135222787
v 0.00974757212 0.0184420101 0.000898181994
v 0.00974757212 0.0184420101 0.00135222787
v 0.0102304463 -0.0416001513 0.000898181994
v 0.0102304463 -0.0416001513 0.00135222787
v 0.0102304463 -0.0322723915 0.000898181994
v 0.0102304463 -0.0322723915 0.00135222787
v 0.0102304463 0.00794850543 0.000898181994
v 0.0102304463 0.00794850543 0.00135222787
v 0.0102304463 0.0172762653 0.000898181994
v 0.0102304463 0.0172762653 0.00135222787
v 0.010404317 -0.04577395 0.000898181994
v 0.010404317 -0.04577395 0.00135222787
v 0.010404317 -0.0280985928 0.000898181994
v 0.010404317 -0.0280985928 0.00135222787
v 0.010404317 0.00377470676 0.000898181994
v 0.010404317 0.00377470676 0.00135222787
v 0.010404317 0.021450064 0.000898181994
v 0.010404317 0.021450064 0.00135222787
v 0.0107817877 -0.0402686438 0.000898181994
v 0.0107817877 -0.0402686438 0.00135222787
v 0.0107817877 -0.033603899 0.000898181994
v 0.0107817877 -0.033603899 0.00135222787
v 0.0107817877 0.00928001297 0.000898181994
v 0.0107817877 0.00928001297 0.00135222787
v 0.0107817877 0.0159447578 0.000898181994
v 0.0107817877 0.0159447578 0.00135222787
v 0.0108097151 -0.0477495901 0.000898181994
v 0.0108097151 -0.0477495901 0.00135222787
v 0.0108097151 -0.0458140394 0.000898181994
v 0.0108097151 -0.0458140394 0.00135222787
v 0.0108097151 -0.0280585035 0.000898181994
v 0.0108097151 -0.0280585035 0.00135222787
v 0.0108097151 -0.0261229527 0.000898181994
v 0.0108097151 -0.0261229527 0.00135222787
v 0.0108097151 0.00179906668 0.000898181994
v 0.0108097151 0.00179906668 0.00135222787
v 0.0108097151 0.00373459938 0.000898181994
v 0.0108097151 0.00373459938 0.00135222787
v 0.0108097151 0.0214901533 0.000898181994
v 0.0108097151 0.0214901533 0.00135222787
v 0.0108097151 0.023425704 0.000898181994
v 0.0108097151 0.023425704 0.00135222787
v 0.0109304337 -0.0431253491 0.000898181994
v 0.0109304337 -0.0431253491 0.00135222787
v 0.0109304337 -0.0307471937 0.000898181994
v 0.0109304337 -0.0307471937 0.00135222787
v 0.0109304337 0.00642330769 0.000898181994
v 0.0109304337 0.00642330769 0.00135222787
v 0.0109304337 0.018801463 0.000898181994
v 0.0109304337 0.018801463 0.00135222787
v 0.0111772761 -0.0418875336 0.000898181994
v 0.0111772761 -0.0418875336 0.00135222787
v 0.0111772761 -0.0319850093 0.000898181994
v 0.0111772761 -0.0319850093 0.00135222787
v 0.0111772761 0.00766112322 0.000898181994
v 0.0111772761 0.00766112322 0.00135222787
v 0.0111772761 0.0175636475 0.000898181994
v 0.0111772761 0.0175636475 0.00135222787
v 0.012161943 -0.0432460676 0.000898181994
v 0.012161943 -0.0432460676 0.00135222787
v 0.012161943 -0.0419848291 0.000898181994
v 0.012161943 -0.0419848291 0.00135222787
v 0.012161943 -0.0405434136 0.000898181994
v 0.012161943 -0.0405434136 0.00135222787
v 0.012161943 -0.0333291292 0.000898181994
v 0.012161943 -0.0333291292 0.00135222787
v 0.012161943 -0.0318877137 0.000898181994
v 0.012161943 -0.0318877137 0.00135222787
v 0.012161943 -0.0306264752 0.000898181994
v 0.012161943 -0.0306264752 0.00135222787
v 0.012161943 0.00630258914 0.000898181994
v 0.012161943 0.00630258914 0.00135222787
v 0.012161943 0.00756382768 0.000898181994
v 0.012161943 0.00756382768 0.00135222787
v 0.012161943 0.00900524315 0.000898181994
v 0.012161943 0.00900524315 0.00135222787
v 0.012161943 0.0162195276 0.000898181994
v 0.012161943 0.0162195276 0.00135222787
v 0.012161943 0.017660943 0.000898181994
v 0.012161943 0.017660943 0.00135222787
v 0.012161943 0.0189221816 0.000898181994
v 0.012161943 0.0189221816 0.00135222787
v 0.01314661 -0.0418875336 0.000898181994
v 0.01314661 -0.0418875336 0.00135222787
v 0.01314661 -0.0319850093 0.000898181994
v 0.01314661 -0.0319850093 0.00135222787
v 0.01314661 0.00766112322 0.000898181994
v 0.01314661 0.00766112322 0.00135222787
v 0.01314661 0.0175636475 0.000898181994
v 0.01314661 0.0175636475 0.00135222787
v 0.0133934524 -0.0431253491 0.000898181994
v 0.0133934524 -0.0431253491 0.00135222787
v 0.0133934524 -0.0307471937 0.000898181994
v 0.0133934524 -0.0307471937 0.00135222787
v 0.0133934524 0.00642330769 0.000898181994
v 0.0133934524 0.00642330769 0.00135222787
v 0.0133934524 0.018801463 0.000898181994
v 0.0133934524 0.018801463 0.00135222787
v 0.0135141709 -0.0477495901 0.000898181994
v 0.0135141709 -0.0477495901 0.00135222787
v 0.0135141709 -0.0458140394 0.000898181994
v 0.0135141709 -0.0458140394 0.00135222787
v 0.0135141709 -0.0280585035 0.000898181994
v 0.0135141709 -0.0280585035 0.00135222787
v 0.0135141709 -0.0261229527 0.000898181994
v 0.0135141709 -0.0261229527 0.00135222787
v 0.0135141709 0.00179906668 0.000898181994
v 0.0135141709 0.00179906668 0.00135222787
v 0.0135141709 0.00373459938 0.000898181994
v 0.0135141709 0.00373459938 0.00135222787
v 0.0135141709 0.0214901533 0.000898181994
v 0.0135141709 0.0214901533 0.00135222787
v 0.0135141709 0.023425704 0.000898181994
v 0.0135141709 0.023425704 0.00135222787
v 0.0135420983 -0.0402686438 0.000898181994
v 0.0135420983 -0.0402686438 0.00135222787
v 0.0135420983 -0.033603899 0.000898181994
v 0.0135420983 -0.033603899 0.00135222787
v 0.0135420983 0.00928001297 0.000898181994
v 0.0135420983 0.00928001297 0.00135222787
v 0.0135420983 0.0159447578 0.000898181994
v 0.0135420983 0.0159447578 0.00135222787
v 0.013919569 -0.04577395 0.000898181994
v 0.013919569 -0.04577395 0.00135222787
v 0.013919569 -0.0280985928 0.000898181994
v 0.013919569 -0.0280985928 0.00135222787
v 0.013919569 0.00377470676 0.000898181994
v 0.013919569 0.00377470676 0.00135222787
v 0.013919569 0.021450064 0.000898181994
v 0.013919569 0.021450064 0.00135222787
v 0.0140934398 -0.0416001513 0.000898181994
v 0.0140934398 -0.0416001513 0.00135222787
v 0.0140934398 -0.0322723915 0.000898181994
v 0.0140934398 -0.0322723915 0.00135222787
v 0.0140934398 0.00794850543 0.000898181994
v 0.0140934398 0.00794850543 0.00135222787
v 0.0140934398 0.0172762653 0.000898181994
v 0.0140934398 0.0172762653 0.00135222787
v 0.0145763139 -0.0427658961 0.000898181994
v 0.0145763139 -0.0427658961 0.00135222787
v 0.0145763139 -0.0311066467 0.000898181994
v 0.0145763139 -0.0311066467 0.00135222787
v 0.0145763139 0.00678276067 0.000898181994
v 0.0145763139 0.00678276067 0.00135222787
v 0.0145763139 0.0184420101 0.000898181994
v 0.0145763139 0.0184420101 0.00135222787
v 0.0147123475 -0.0394866759 0.000898181994
v 0.0147123475 -0.0394866759 0.00135222787
v 0.0147123475 -0.0343858669 0.000898181994
v 0.0147123475 -0.0343858669 0.00135222787
v 0.0147123475 0.0100619809 0.000898181994
v 0.0147123475 0.0100619809 0.00135222787
v 0.0147123475 0.0151627899 0.000898181994
v 0.0147123475 0.0151627899 0.00135222787
v 0.014966397 -0.0411334931 0.000898181994
v 0.014966397 -0.0411334931 0.00135222787
v 0.014966397 -0.0327390497 0.000898181994
v 0.014966397 -0.0327390497 0.00135222787
v 0.014966397 0.00841516369 0.000898181994
v 0.014966397 0.00841516369 0.00135222787
v 0.014966397 0.016809607 0.000898181994
v 0.014966397 0.016809607 0.00135222787
v 0.0154943154 -0.0383164267 0.000898181994
v 0.0154943154 -0.0383164267 0.00135222787
v 0.0154943154 -0.0355561161 0.000898181994
v 0.0154943154 -0.0355561161 0.00135222787
v 0.0154943154 0.01123223 0.000898181994
v 0.0154943154 0.01123223 0.00135222787
v 0.0154943154 0.0139925407 0.000898181994
v 0.0154943154 0.0139925407 0.00135222787
v 0.0156105295 -0.0452613466 0.000898181994
v 0.0156105295 -0.0452613466 0.00135222787
v 0.0156105295 -0.0286111962 0.000898181994
v 0.0156105295 -0.0286111962 0.00135222787
v 0.0156105295 0.00428731014 0.000898181994
v 0.0156105295 0.00428731014 0.00135222787
v 0.0156105295 0.0209374606 0.000898181994
v 0.0156105295 0.0209374606 0.00135222787
v 0.0156672853 -0.0421830237 0.000898181994
v 0.0156672853 -0.0421830237 0.00135222787
v 0.0156672853 -0.0316895191 0.000898181994
v 0.0156672853 -0.0316895191 0.00135222787
v 0.0156672853 0.00736563305 0.000898181994
v 0.0156672853 0.00736563305 0.00135222787
v 0.0156672853 0.0178591377 0.000898181994
v 0.0156672853 0.0178591377 0.00135222787
v 0.0157312481 -0.0405055765 0.000898181994
v 0.0157312481 -0.0405055765 0.00135222787
v 0.0157312481 -0.0333669664 0.000898181994
v 0.0157312481 -0.0333669664 0.00135222787
v 0.0157312481 0.0090430803 0.000898181994
v 0.0157312481 0.0090430803 0.00135222787
v 0.0157312481 0.0161816904 0.000898181994
v 0.0157312481 0.0161816904 0.00135222787
v 0.0157690852 -0.0369362714 0.000898181994
v 0.0157690852 -0.0369362714 0.00135222787
v 0.0157690852 0.0126123854 0.000898181994
v 0.0157690852 0.0126123854 0.00135222787
v 0.0163591647 -0.0397407254 0.000898181994
v 0.0163591647 -0.0397407254 0.00135222787
v 0.0163591647 -0.0341318174 0.000898181994
v 0.0163591647 -0.0341318174 0.00135222787
v 0.0163591647 0.00980793139 0.000898181994
v 0.0163591647 0.00980793139 0.00135222787
v 0.0163591647 0.0154168393 0.000898181994
v 0.0163591647 0.0154168393 0.00135222787
v 0.0166240248 -0.0413983532 0.000898181994
v 0.0166240248 -0.0413983532 0.00135222787
v 0.0166240248 -0.0324741897 0.000898181994
v 0.0166240248 -0.0324741897 0.00135222787
v 0.0166240248 0.0081503036 0.000898181994
v 0.0166240248 0.0081503036 0.00135222787
v 0.0166240248 0.0170744671 0.000898181994
v 0.0166240248 0.0170744671 0.00135222787
v 0.016825823 -0.0388677681 0.000898181994
v 0.016825823 -0.0388677681 0.00135222787
v 0.016825823 -0.0350047747 0.000898181994
v 0.016825823 -0.0350047747 0.00135222787
v 0.016825823 0.0106808886 0.000898181994
v 0.016825823 0.0106808886 0.00135222787
v 0.016825823 0.0145438821 0.000898181994
v 0.016825823 0.0145438821 0.00135222787
v 0.0171132052 -0.0379209384 0.000898181994
v 0.0171132052 -0.0379209384 0.00135222787
v 0.0171132052 -0.0359516045 0.000898181994
v 0.0171132052 -0.0359516045 0.00135222787
v 0.0171132052 0.0116277184 0.000898181994
v 0.0171132052 0.0116277184 0.00135222787
v 0.0171132052 0.0135970523 0.000898181994
v 0.0171132052 0.0135970523 0.00135222787
v 0.0171681591 -0.0444289292 0.000898181994
v 0.0171681591 -0.0444289292 0.00135222787
v 0.0171681591 -0.0294436136 0.000898181994
v 0.0171681591 -0.0294436136 0.00135222787
v 0.0171681591 0.00511972757 0.000898181994
v 0.0171681591 0.00511972757 0.00135222787
v 0.0171681591 0.0201050432 0.000898181994
v 0.0171681591 0.0201050432 0.00135222787
v 0.0172105007 -0.0369362714 0.000898181994
v 0.0172105007 -0.0369362714 0.00135222787
v 0.0172105007 0.0126123854 0.000898181994
v 0.0172105007 0.0126123854 0.00135222787
v 0.0174086953 -0.0404416137 0.000898181994
v 0.0174086953 -0.0404416137 0.00135222787
v 0.0174086953 -0.0334309292 0.000898181994
v 0.0174086953 -0.0334309292 0.00135222787
v 0.0174086953 0.00910704312 0.000898181994
v 0.0174086953 0.00910704312 0.00135222787
v 0.0174086953 0.0161177276 0.000898181994
v 0.0174086953 0.0161177276 0.00135222787
v 0.0174843697 -0.0441694744 0.000898181994
v 0.0174843697 -0.0441694744 0.00135222787
v 0.0174843697 -0.0297030684 0.000898181994
v 0.0174843697 -0.0297030684 0.00135222787
v 0.0174843697 0.00537919137 0.000898181994
v 0.0174843697 0.00537919137 0.00135222787
v 0.0174843697 0.0198455884 0.000898181994
v 0.0174843697 0.0198455884 0.00135222787
v 0.0179915677 -0.0393506423 0.000898181994
v 0.0179915677 -0.0393506423 0.00135222787
v 0.0179915677 -0.0345219005 0.000898181994
v 0.0179915677 -0.0345219005 0.00135222787
v 0.0179915677 0.0101980145 0.000898181994
v 0.0179915677 0.0101980145 0.00135222787
v 0.0179915677 0.0150267563 0.000898181994
v 0.0179915677 0.0150267563 0.00135222787
v 0.0183510207 -0.0381677808 0.000898181994
v 0.0183510207 -0.0381677808 0.00135222787
v 0.0183510207 -0.0357047621 0.000898181994
v 0.0183510207 -0.0357047621 0.00135222787
v 0.0183510207 0.011380876 0.000898181994
v 0.0183510207 0.011380876 0.00135222787
v 0.0183510207 0.0138438947 0.000898181994
v 0.0183510207 0.0138438947 0.00135222787
v 0.0184717392 -0.0369362714 0.000898181994
v 0.0184717392 -0.0369362714 0.00135222787
v 0.0184717392 0.0126123854 0.000898181994
v 0.0184717392 0.0126123854 0.00135222787
v 0.0188528135 -0.0455379182 0.000898181994
v 0.0188528135 -0.0455379182 0.00135222787
v 0.0188528135 -0.0283346246 0.000898181994
v 0.0188528135 -0.0283346246 0.00135222787
v 0.0188528135 0.00401073855 0.000898181994
v 0.0188528135 0.00401073855 0.00135222787
v 0.0188528135 0.0212140322 0.000898181994
v 0.0188528135 0.0212140322 0.00135222787
v 0.019395146 -0.042258698 0.000898181994
v 0.019395146 -0.042258698 0.00135222787
v 0.019395146 -0.0316138448 0.000898181994
v 0.019395146 -0.0316138448 0.00135222787
v 0.019395146 0.00728996775 0.000898181994
v 0.019395146 0.00728996775 0.00135222787
v 0.019395146 0.017934812 0.000898181994
v 0.019395146 0.017934812 0.00135222787
v 0.0196546008 -0.0419424875 0.000898181994
v 0.0196546008 -0.0419424875 0.00135222787
v 0.0196546008 -0.0319300553 0.000898181994
v 0.0196546008 -0.0319300553 0.00135222787
v 0.0196546008 0.00760616926 0.000898181994
v 0.0196546008 0.00760616926 0.00135222787
v 0.0196546008 0.0176186015 0.000898181994
v 0.0196546008 0.0176186015 0.00135222787
v 0.0204870183 -0.0403848579 0.000898181994
v 0.0204870183 -0.0403848579 0.00135222787
v 0.0204870183 -0.0334876849 0.000898181994
v 0.0204870183 -0.0334876849 0.00135222787
v 0.0204870183 0.00916379885 0.000898181994
v 0.0204870183 0.00916379885 0.00135222787
v 0.0204870183 0.0160609719 0.000898181994
v 0.0204870183 0.0160609719 0.00135222787
v 0.0207635898 -0.0436271419 0.000898181994
v 0.0207635898 -0.0436271419 0.00135222787
v 0.0207635898 -0.030245401 0.000898181994
v 0.0207635898 -0.030245401 0.00135222787
v 0.0207635898 0.00592151493 0.000898181994
v 0.0207635898 0.00592151493 0.00135222787
v 0.0207635898 0.0193032558 0.000898181994
v 0.0207635898 0.0193032558 0.00135222787
v 0.0209996216 -0.0386938974 0.000898181994
v 0.0209996216 -0.0386938974 0.00135222787
v 0.0209996216 -0.0351786454 0.000898181994
v 0.0209996216 -0.0351786454 0.00135222787
v 0.0209996216 0.0108547594 0.000898181994
v 0.0209996216 0.0108547594 0.00135222787
v 0.0209996216 0.0143700114 0.000898181994
v 0.0209996216 0.0143700114 0.00135222787
v 0.021039711 -0.0382884993 0.000898181994
v 0.021039711 -0.0382884993 0.00135222787
v 0.021039711 -0.0355840435 0.000898181994
v 0.021039711 -0.0355840435 0.00135222787
v 0.021039711 0.0112601575 0.000898181994
v 0.021039711 0.0112601575 0.00135222787
v 0.021039711 0.0139646133 0.000898181994
v 0.021039711 0.0139646133 0.00135222787
v 0.0229752617 -0.0382884993 0.000898181994
v 0.0229752617 -0.0382884993 0.00135222787
v 0.0229752617 -0.0355840435 0.000898181994
v 0.0229752617 -0.0355840435 0.00135222787
v 0.0229752617 0.0112601575 0.000898181994
v 0.0229752617 0.0112601575 0.00135222787
v 0.0229752617 0.0139646133 0.000898181994
v 0.0229752617 0.0139646133 0.00135222787
v 0.0231040882 -0.0478784166 -0.00135222787
v 0.0231040882 -0.0478784166 0.00135222787
v 0.0236482226 -0.0236482226 -0.00135222787
v 0.0236482226 -0.0236482226 0.00135222787
v 0.0236482226 -0.000900884669 -0.00135222787
v 0.0236482226 -0.000900884669 0.00135222787
v 0.0236482226 0.0254499919 -0.00135222787
v 0.0236482226 0.0254499919 0.00135222787
v 0.0236482226 0.0478784166 -0.00135222787
v 0.0236482226 0.0478784166 0.00135222787
v 0.0238734437 0.05 -0.00135222787
v 0.0238734437 0.05 0.00135222787
v 0.0252247707 -0.05 -0.00135222787
v 0.0252247707 -0.05 0.00135222787
v 0.0254499919 -0.0478784166 -0.00135222787
v 0.0254499919 -0.0478784166 0.00135222787
v 0.0254499919 -0.0254499919 -0.00135222787
v 0.0254499919 -0.0254499919 0.00135222787
v 0.0254499919 0.000900884669 -0.00135222787
v 0.0254499919 0.000900884669 0.00135222787
v 0.0254499919 0.0236482226 -0.00135222787
v 0.0254499919 0.0236482226 0.00135222787
v 0.0259941262 0.0478784166 -0.00135222787
v 0.0259941262 0.0478784166 0.00135222787
v 0.0279274247 -0.00568728491 0.000901785532
v 0.0279274247 -0.00568728491 0.00135222787
v 0.0279274247 0.0434118304 0.000901785532
v 0.0279274247 0.0434118304 0.00135222787
v 0.0282202122 -0.00673050936 0.000901785532
v 0.0282202122 -0.00673050936 0.00135222787
v 0.0282202122 -0.00464496135 0.000901785532
v 0.0282202122 -0.00464496135 0.00135222787
v 0.0282202122 0.0423695069 0.000901785532
v 0.0282202122 0.0423695069 0.00135222787
v 0.0282202122 0.044454154 0.000901785532
v 0.0282202122 0.044454154 0.00135222787
v 0.0290210987 -0.00749355867 0.000901785532
v 0.0290210987 -0.00749355867 0.00135222787
v 0.0290210987 -0.00388191204 0.000901785532
v 0.0290210987 -0.00388191204 0.00135222787
v 0.0290210987 0.0416064575 0.000901785532
v 0.0290210987 0.0416064575 0.00135222787
v 0.0290210987 0.0452172033 0.000901785532
v 0.0290210987 0.0452172033 0.00135222787
v 0.0296141511 0.0414550188 0.000901785532
v 0.0296141511 0.0414550188 0.00135222787
v 0.0296146015 -0.0076451145 0.000901785532
v 0.0296146015 -0.0076451145 0.00135222787
v 0.0301147727 -0.00360263779 0.000901785532
v 0.0301147727 -0.00360263779 0.00135222787
v 0.0301147727 0.0454964775 0.000901785532
v 0.0301147727 0.0454964775 0.00135222787
v 0.0310840345 -0.00752533288 0.000901785532
v 0.0310840345 -0.00752533288 0.00135222787
v 0.031084485 0.0415748365 0.000901785532
v 0.031084485 0.0415748365 0.00135222787
v 0.0312084467 -0.00749355867 0.000901785532
v 0.0312084467 -0.00749355867 0.00135222787
v 0.0312084467 -0.00388191204 0.000901785532
v 0.0312084467 -0.00388191204 0.00135222787
v 0.0312084467 0.0416064575 0.000901785532
v 0.0312084467 0.0416064575 0.00135222787
v 0.0312084467 0.0452172033 0.000901785532
v 0.0312084467 0.0452172033 0.00135222787
v 0.0320093332 -0.00673050936 0.000901785532
v 0.0320093332 -0.00673050936 0.00135222787
v 0.0320093332 -0.00464496135 0.000901785532
v 0.0320093332 -0.00464496135 0.00135222787
v 0.0320093332 0.0423695069 0.000901785532
v 0.0320093332 0.0423695069 0.00135222787
v 0.0320093332 0.044454154 0.000901785532
v 0.0320093332 0.044454154 0.00135222787
v 0.0320890615 -0.00492874002 0.000901785532
v 0.0320890615 -0.00492874002 0.00135222787
v 0.0320890615 0.0441703753 0.000901785532
v 0.0320890615 0.0441703753 0.00135222787
v 0.0321641052 -0.00617916794 0.000901785532
v 0.0321641052 -0.00617916794 0.00135222787
v 0.0321641952 0.0429208483 0.000901785532
v 0.0321641952 0.0429208483 0.00135222787
v 0.0321947352 -0.00964279923 0.00135222787
v 0.0321952758 0.039461271 0.000901785532
v 0.0321952758 0.039461271 0.00135222787
v 0.0321953658 -0.00963775427 0.000901785532
v 0.0321953658 -0.00963775427 0.00135222787
v 0.0322741933 -0.00900524315 0.000901785532
v 0.0322741933 -0.00900524315 0.00135222787
v 0.0322741933 0.0400947731 0.000901785532
v 0.0322741933 0.0400947731 0.00135222787
v 0.0328129223 -0.00858723266 0.000901785532
v 0.0328129223 -0.00858723266 0.00135222787
v 0.0328129223 0.0405127836 0.000901785532
v 0.0328129223 0.0405127836 0.00135222787
v 0.0331327363 -0.00754310733 0.000901785532
v 0.0331327363 -0.00754310733 0.00135222787
v 0.0331327363 0.041556008 0.000901785532
v 0.0331327363 0.041556008 0.00135222787
v 0.0339174069 -0.007756617 0.000901785532
v 0.0339174069 -0.007756617 0.00135222787
v 0.0339174069 0.0413424983 0.000901785532
v 0.0339174069 0.0413424983 0.00135222787
v 0.0345128917 -0.00650618908 0.000901785532
v 0.0345128917 -0.00650618908 0.00135222787
v 0.0345128917 0.0425929263 0.000901785532
v 0.0345128917 0.0425929263 0.00135222787
v 0.0345173961 0.0350313508 0.00135222787
v 0.0345818093 -0.0141030792 0.000901785532
v 0.0345818093 -0.0141030792 0.00135222787
v 0.0345818093 0.034996937 0.000901785532
v 0.0345818093 0.034996937 0.00135222787
v 0.0347507252 -0.0195392876 0.000901785532
v 0.0347507252 -0.0195392876 0.00135222787
v 0.0347507252 0.0295607286 0.000901785532
v 0.0347507252 0.0295607286 0.00135222787
v 0.0350435127 -0.0205816111 0.000901785532
v 0.0350435127 -0.0205816111 0.00135222787
v 0.0350435127 -0.018496964 0.000901785532
v 0.0350435127 -0.018496964 0.00135222787
v 0.0350435127 0.0285184051 0.000901785532
v 0.0350435127 0.0285184051 0.00135222787
v 0.0350435127 0.0306030522 0.000901785532
v 0.0350435127 0.0306030522 0.00135222787
v 0.035166033 -0.0144150556 0.000901785532
v 0.035166033 -0.0144150556 0.00135222787
v 0.035166033 0.0346849606 0.000901785532
v 0.035166033 0.0346849606 0.00135222787
v 0.0352204465 0.0307716077 0.000901785532
v 0.0352204465 0.0307716077 0.00135222787
v 0.0352205366 -0.0183283184 0.000901785532
v 0.0352205366 -0.0183283184 0.00135222787
v 0.0352714366 -0.00739265959 0.000901785532
v 0.0352714366 -0.00739265959 0.00135222787
v 0.0352714366 0.0417064557 0.000901785532
v 0.0352714366 0.0417064557 0.00135222787
v 0.0357289959 -0.00617916794 0.000901785532
v 0.0357289959 -0.00617916794 0.00135222787
v 0.0357323291 0.0429208483 0.000901785532
v 0.0357323291 0.0429208483 0.00135222787
v 0.0358371921 -0.0142447884 0.000901785532
v 0.0358371921 -0.0142447884 0.00135222787
v 0.0358371921 0.0348552278 0.000901785532
v 0.0358371921 0.0348552278 0.00135222787
v 0.0358443992 -0.0213446605 0.000901785532
v 0.0358443992 -0.0213446605 0.00135222787
v 0.0358443992 0.0277553558 0.000901785532
v 0.0358443992 0.0277553558 0.00135222787
v 0.0363688042 -0.0176000432 0.000901785532
v 0.0363688042 -0.0176000432 0.00135222787
v 0.0363699753 0.0315003333 0.000901785532
v 0.0363699753 0.0315003333 0.00135222787
v 0.0366687087 -0.00755031441 0.000901785532
v 0.0366687087 -0.00755031441 0.00135222787
v 0.0366687087 0.0415488009 0.000901785532
v 0.0366687087 0.0415488009 0.00135222787
v 0.0369110466 -0.0146114484 0.000901785532
v 0.0369110466 -0.0146114484 0.00135222787
v 0.0369110466 0.0344876669 0.000901785532
v 0.0369110466 0.0344876669 0.00135222787
v 0.0369380732 -0.0216239347 0.000901785532
v 0.0369380732 -0.0216239347 0.00135222787
v 0.0369380732 -0.0174546405 0.000901785532
v 0.0369380732 -0.0174546405 0.00135222787
v 0.0369380732 0.0274760815 0.000901785532
v 0.0369380732 0.0274760815 0.00135222787
v 0.0369380732 0.0316453758 0.000901785532
v 0.0369380732 0.0316453758 0.00135222787
v 0.0371912218 -0.013880831 0.000901785532
v 0.0371912218 -0.013880831 0.00135222787
v 0.0371912218 0.0352191852 0.000901785532
v 0.0371912218 0.0352191852 0.00135222787
v 0.0373282463 0.0429208483 0.000901785532
v 0.0373282463 0.0429208483 0.00135222787
v 0.0373362642 -0.00617916794 0.000901785532
v 0.0373362642 -0.00617916794 0.00135222787
v 0.0375077927 0.0314997928 0.000901785532
v 0.0375077927 0.0314997928 0.00135222787
v 0.0375089638 -0.0176005838 0.000901785532
v 0.0375089638 -0.0176005838 0.00135222787
v 0.0378957136 -0.00820615845 0.000901785532
v 0.0378957136 -0.00820615845 0.00135222787
v 0.0378957136 0.0408938578 0.000901785532
v 0.0378957136 0.0408938578 0.00135222787
v 0.0379497667 -0.00624853606 0.000901785532
v 0.0379497667 -0.00624853606 0.00135222787
v 0.0379497667 0.0428505793 0.000901785532
v 0.0379497667 0.0428505793 0.00135222787
v 0.0380308463 -0.0213446605 0.000901785532
v 0.0380308463 -0.0213446605 0.00135222787
v 0.0380308463 0.0277553558 0.000901785532
v 0.0380308463 0.0277553558 0.00135222787
v 0.0382957064 -0.0130502153 0.000901785532
v 0.0382957064 -0.0130502153 0.00135222787
v 0.0382957064 0.0360489 0.000901785532
v 0.0382957064 0.0360489 0.00135222787
v 0.0386029081 -0.0141574026 0.000901785532
v 0.0386029081 -0.0141574026 0.00135222787
v 0.0386029081 0.0349426136 0.000901785532
v 0.0386029081 0.0349426136 0.00135222787
v 0.0386551594 -0.0183287689 0.000901785532
v 0.0386551594 -0.0183287689 0.00135222787
v 0.0386552495 0.0307711573 0.000901785532
v 0.0386552495 0.0307711573 0.00135222787
v 0.0387668691 -0.00925839174 0.000901785532
v 0.0387668691 -0.00925839174 0.00135222787
v 0.0387668691 0.0398407236 0.000901785532
v 0.0387668691 0.0398407236 0.00135222787
v 0.0388317328 -0.0205816111 0.000901785532
v 0.0388317328 -0.0205816111 0.00135222787
v 0.0388317328 -0.018496964 0.000901785532
v 0.0388317328 -0.018496964 0.00135222787
v 0.0388317328 0.0285184051 0.000901785532
v 0.0388317328 0.0285184051 0.00135222787
v 0.0388317328 0.0306030522 0.000901785532
v 0.0388317328 0.0306030522 0.00135222787
v 0.0389830814 -0.011880867 0.000901785532
v 0.0389830814 -0.011880867 0.00135222787
v 0.0389830814 0.0372191492 0.000901785532
v 0.0389830814 0.0372191492 0.00135222787
v 0.0391245203 -0.0195392876 0.000901785532
v 0.0391245203 -0.0195392876 0.00135222787
v 0.0391245203 0.0295607286 0.000901785532
v 0.0391245203 0.0295607286 0.00135222787
v 0.0391488442 -0.0105493595 0.000901785532
v 0.0391488442 -0.0105493595 0.00135222787
v 0.0391488442 0.0385506567 0.000901785532
v 0.0391488442 0.0385506567 0.00135222787
v 0.0394830724 -0.00706653934 0.000901785532
v 0.0394830724 -0.00706653934 0.00135222787
v 0.0394830724 0.042032576 0.000901785532
v 0.0394830724 0.042032576 0.00135222787
v 0.0397772112 0.03582485 0.000901785532
v 0.0397772112 0.03582485 0.00135222787
v 0.0397795535 -0.0132726437 0.000901785532
v 0.0397795535 -0.0132726437 0.00135222787
v 0.0405713411 -0.00838273184 0.000901785532
v 0.0405713411 -0.00838273184 0.00135222787
v 0.0405713411 0.0407172844 0.000901785532
v 0.0405713411 0.0407172844 0.00135222787
v 0.0409085422 -0.0111205204 0.000901785532
v 0.0409085422 -0.0111205204 0.00135222787
v 0.0409089025 0.037981658 0.000901785532
v 0.0409089025 0.037981658 0.00135222787
v 0.0410488099 -0.00999441452 0.000901785532
v 0.0410488099 -0.00999441452 0.00135222787
v 0.0410488099 0.0391047008 0.000901785532
v 0.0410488099 0.0391047008 0.00135222787
v 0.0417110503 0.0429208483 0.000901785532
v 0.0417110503 0.0429208483 0.00135222787
v 0.0417111403 -0.00617916794 0.000901785532
v 0.0417111403 -0.00617916794 0.00135222787
v 0.041786184 -0.00492874002 0.000901785532
v 0.041786184 -0.00492874002 0.00135222787
v 0.041786184 0.0441703753 0.000901785532
v 0.041786184 0.0441703753 0.00135222787
v 0.0418659123 -0.00673050936 0.000901785532
v 0.0418659123 -0.00673050936 0.00135222787
v 0.0418659123 -0.00464496135 0.000901785532
v 0.0418659123 -0.00464496135 0.00135222787
v 0.0418659123 0.0423695069 0.000901785532
v 0.0418659123 0.0423695069 0.00135222787
v 0.0418659123 0.044454154 0.000901785532
v 0.0418659123 0.044454154 0.00135222787
v 0.0426667988 -0.00749355867 0.000901785532
v 0.0426667988 -0.00749355867 0.00135222787
v 0.0426667988 -0.00388191204 0.000901785532
v 0.0426667988 -0.00388191204 0.00135222787
v 0.0426667988 0.0416064575 0.000901785532
v 0.0426667988 0.0416064575 0.00135222787
v 0.0426667988 0.0452172033 0.000901785532
v 0.0426667988 0.0452172033 0.00135222787
v 0.0427938235 0.0415740257 0.000901785532
v 0.0427938235 0.0415740257 0.00135222787
v 0.0427943641 -0.00752612566 0.000901785532
v 0.0427943641 -0.00752612566 0.00135222787
v 0.0437604728 -0.00360263779 0.000901785532
v 0.0437604728 -0.00360263779 0.00135222787
v 0.0437604728 0.0454964775 0.000901785532
v 0.0437604728 0.0454964775 0.00135222787
v 0.0442608241 -0.00764506946 0.000901785532
v 0.0442608241 -0.00764506946 0.00135222787
v 0.0442612746 0.0414551089 0.000901785532
v 0.0442612746 0.0414551089 0.00135222787
v 0.0448541468 -0.00749355867 0.000901785532
v 0.0448541468 -0.00749355867 0.00135222787
v 0.0448541468 -0.00388191204 0.000901785532
v 0.0448541468 -0.00388191204 0.00135222787
v 0.0448541468 0.0416064575 0.000901785532
v 0.0448541468 0.0416064575 0.00135222787
v 0.0448541468 0.0452172033 0.000901785532
v 0.0448541468 0.0452172033 0.00135222787
v 0.0456550332 -0.00673050936 0.000901785532
v 0.0456550332 -0.00673050936 0.00135222787
v 0.0456550332 -0.00464496135 0.000901785532
v 0.0456550332 -0.00464496135 0.00135222787
v 0.0456550332 0.0423695069 0.000901785532
v 0.0456550332 0.0423695069 0.00135222787
v 0.0456550332 0.044454154 0.000901785532
v 0.0456550332 0.044454154 0.00135222787
v 0.0459478208 -0.00568728491 0.000901785532
v 0.0459478208 -0.00568728491 0.00135222787
v 0.0459478208 0.0434118304 0.000901785532
v 0.0459478208 0.0434118304 0.00135222787
v 0.0476531954 0.0478784166 -0.00135222787
v 0.0476531954 0.0478784166 0.00135222787
v 0.0478784166 -0.0254499919 -0.00135222787
v 0.0478784166 -0.0254499919 0.00135222787
v 0.0478784166 -0.0231040882 -0.00135222787
v 0.0478784166 -0.0231040882 0.00135222787
v 0.0478784166 -0.00144501901 -0.00135222787
v 0.0478784166 -0.00144501901 0.00135222787
v 0.0478784166 0.000900884669 -0.00135222787
v 0.0478784166 0.000900884669 0.00135222787
v 0.0478784166 0.0236482226 -0.00135222787
v 0.0478784166 0.0236482226 0.00135222787
v 0.0478784166 0.0259941262 -0.00135222787
v 0.0478784166 0.0259941262 0.00135222787
v 0.0497738779 0.05 -0.00135222787
v 0.0497738779 0.05 0.00135222787
v 0.0499990991 0.0478784166 -0.00135222787
v 0.0499990991 0.0478784166 0.00135222787
v 0.0499995496 0.0359556585 0.00135222787
v 0.05 -0.0252247707 -0.00135222787
v 0.05 -0.0252247707 0.00135222787
v 0.05 0.000675663502 -0.00135222787
v 0.05 0.000675663502 0.00135222787
v 0.05 0.0238734437 -0.00135222787
v 0.05 0.0238734437 0.00135222787
f 6 5 4
f 3 4 5
f 1449 1450 879
f 879 1450 880
f 581 582 10
f 581 10 9
f 1755 1751 1739
f 1457 1443 1739
f 809 789 805
f 1457 1739 1751
f 1753 1459 1447
f 1443 1459 1739
f 789 809 769
f 809 801 769
f 1445 1459 1443
f 765 845 799
f 1749 1457 1751
f 1753 1739 1459
f 789 781 805
f 1762 1751 1755
f 674 673 705
f 657 649 650
f 657 650 658
f 653 654 650
f 653 650 649
f 887 1443 1457
f 622 621 714
f 19 5 21
f 661 654 653
f 587 573 19
f 653 657 661
f 649 657 653
f 877 589 591
f 589 587 19
f 589 575 591
f 579 869 591
f 1447 1459 1460
f 1447 1460 1448
f 1460 1459 1445
f 1460 1445 1446
f 1479 1480 1472
f 1479 1472 1471
f 577 591 575
f 1471 1472 1464
f 1471 1464 1463
f 1470 1469 1463
f 1470 1463 1464
f 1478 1477 1469
f 1478 1469 1470
f 575 589 19
f 23 575 21
f 21 575 19
f 1463 1469 1471
f 1479 1471 1469
f 1479 1469 1477
f 1477 1481 1479
f 1755 1757 1762
f 887 591 869
f 888 887 889
f 1445 1443 1444
f 1749 1751 1752
f 17 19 573
f 1582 1581 1555
f 1582 1555 1556
f 877 591 887
f 889 887 869
f 887 1457 877
f 875 877 1457
f 881 869 579
f 1600 1599 1581
f 1600 1581 1582
f 879 899 1449
f 1626 1625 1599
f 1626 1599 1600
f 1648 1647 1625
f 1648 1625 1626
f 1599 1585 1581
f 1625 1585 1599
f 1647 1611 1625
f 1444 1443 887
f 1444 887 888
f 1752 1750 1749
f 1747 1455 1456
f 1747 1456 1748
f 1457 1458 1456
f 1457 1456 1455
f 875 1457 885
f 1455 1441 1457
f 885 1457 1441
f 1747 1745 1455
f 1453 1437 1439
f 1451 1437 1453
f 883 1439 1437
f 899 873 1437
f 1437 1449 899
f 871 873 899
f 1441 1743 1439
f 1741 1453 1743
f 336 334 354
f 402 510 462
f 1439 1743 1453
f 1758 1743 1745
f 1758 1745 1760
f 482 462 510
f 1441 1455 1743
f 1745 1743 1455
f 560 568 552
f 5 19 3
f 518 542 526
f 534 526 542
f 883 875 885
f 542 510 588
f 588 566 542
f 534 542 566
f 875 573 587
f 573 875 571
f 448 476 432
f 15 571 13
f 571 875 585
f 873 585 875
f 873 875 883
f 585 11 571
f 13 11 1
f 9 569 581
f 583 569 585
f 9 11 569
f 883 1437 873
f 886 884 883
f 886 883 885
f 585 569 11
f 1441 1442 886
f 1441 886 885
f 13 571 11
f 7 1 11
f 1760 1746 1761
f 1746 1760 1745
f 1761 1759 1760
f 1451 1453 1454
f 1758 1760 1759
f 1451 1454 1452
f 1154 1153 1185
f 1154 1185 1186
f 1186 1185 1233
f 1186 1233 1234
f 882 881 579
f 1447 1448 1753
f 1754 1753 1448
f 1155 1145 1146
f 1155 1146 1156
f 1226 1225 1177
f 1226 1177 1178
f 580 882 579
f 1178 1177 1155
f 1178 1155 1156
f 1049 1089 1090
f 1049 1090 1050
f 1734 1740 1726
f 1738 1756 1734
f 1754 1500 1740
f 1740 1734 1756
f 1090 1089 1137
f 1090 1137 1138
f 1153 1154 1137
f 1138 1137 1154
f 1098 1146 1097
f 1145 1097 1146
f 1714 1740 1706
f 1726 1740 1714
f 1098 1097 1073
f 1098 1073 1074
f 1488 1500 1754
f 1508 1706 1500
f 1113 1114 1082
f 1698 1706 1508
f 1508 1512 1698
f 1706 1740 1500
f 1113 1157 1158
f 1113 1158 1114
f 1209 1210 1158
f 1209 1158 1157
f 1209 1241 1242
f 1209 1242 1210
f 998 997 977
f 998 977 978
f 1058 1057 997
f 1058 997 998
f 977 950 978
f 1106 1105 1057
f 1106 1057 1058
f 1574 1516 1541
f 1608 1622 1684
f 1622 1666 1684
f 1124 1123 1105
f 1124 1105 1106
f 977 949 950
f 1690 1698 1512
f 1218 1217 1195
f 1218 1195 1196
f 1218 1265 1217
f 1196 1195 1194
f 1193 1194 1195
f 1274 1234 1273
f 1233 1273 1234
f 1724 1757 1732
f 1273 1301 1302
f 1273 1302 1274
f 1732 1757 1738
f 1756 1738 1757
f 1724 1718 1757
f 1225 1226 1249
f 1250 1249 1226
f 1498 1525 1506
f 1363 1355 1356
f 1363 1356 1364
f 1355 1339 1340
f 1355 1340 1356
f 1537 1542 1570
f 1541 1506 1533
f 1516 1506 1541
f 1684 1666 1696
f 1296 1295 1311
f 1296 1311 1312
f 1674 1696 1666
f 1312 1311 1319
f 1312 1319 1320
f 1704 1696 1674
f 1302 1301 1337
f 1302 1337 1338
f 1337 1353 1354
f 1337 1354 1338
f 1564 1482 1558
f 1353 1361 1362
f 1353 1362 1354
f 1662 1642 1654
f 1630 1654 1642
f 1642 1618 1630
f 1618 1590 1606
f 1578 1606 1590
f 1546 1578 1570
f 1594 1602 1634
f 552 568 536
f 528 536 544
f 520 528 544
f 1602 1562 1586
f 1602 1612 1634
f 1594 1562 1602
f 615 695 621
f 590 544 568
f 550 534 566
f 558 550 566
f 588 590 566
f 568 566 590
f 572 571 15
f 572 15 16
f 334 574 510
f 510 402 334
f 354 334 402
f 459 460 400
f 459 400 399
f 588 510 574
f 86 18 262
f 399 400 352
f 399 352 351
f 351 352 330
f 351 330 329
f 330 331 329
f 539 508 507
f 257 258 240
f 257 240 239
f 870 856 864
f 868 890 864
f 862 888 868
f 239 240 192
f 239 192 191
f 258 257 259
f 848 780 888
f 854 848 888
f 191 192 132
f 191 132 131
f 131 132 111
f 258 259 260
f 332 331 330
f 260 259 331
f 260 331 332
f 694 614 688
f 351 319 399
f 329 319 351
f 239 271 257
f 131 183 191
f 686 590 712
f 680 590 686
f 756 878 778
f 259 257 329
f 792 772 784
f 784 772 760
f 760 748 736
f 259 329 331
f 724 732 764
f 585 873 586
f 874 586 873
f 874 873 871
f 14 13 1
f 14 1 2
f 2 1 7
f 51 83 84
f 732 742 764
f 724 692 732
f 716 732 692
f 11 9 10
f 11 10 12
f 899 879 880
f 570 582 581
f 570 581 569
f 583 584 570
f 583 570 569
f 838 834 812
f 583 585 584
f 586 584 585
f 742 798 764
f 808 838 812
f 130 129 110
f 190 189 129
f 190 129 130
f 848 768 780
f 878 888 788
f 788 778 878
f 788 888 780
f 238 237 189
f 238 189 190
f 590 878 730
f 712 590 730
f 756 730 878
f 614 576 688
f 256 255 237
f 256 237 238
f 49 82 81
f 350 349 327
f 350 327 328
f 602 576 610
f 398 397 349
f 398 349 350
f 325 328 327
f 458 457 397
f 458 397 398
f 506 505 477
f 652 716 676
f 660 652 676
f 708 700 676
f 736 720 708
f 153 181 182
f 153 182 154
f 692 676 716
f 680 688 576
f 624 716 652
f 624 652 656
f 317 365 366
f 317 366 318
f 610 576 614
f 365 405 406
f 365 406 366
f 602 596 576
f 590 680 576
f 578 576 596
f 596 604 578
f 592 578 604
f 434 405 433
f 406 405 434
f 92 98 128
f 144 100 128
f 382 381 357
f 382 357 358
f 152 100 144
f 92 128 100
f 358 357 309
f 358 309 310
f 310 309 288
f 150 142 98
f 317 318 285
f 286 285 318
f 142 128 98
f 150 122 166
f 122 150 106
f 106 150 98
f 158 166 122
f 181 221 182
f 182 221 222
f 221 269 270
f 221 270 222
f 269 285 286
f 269 286 270
f 166 158 178
f 287 277 278
f 287 278 288
f 278 277 229
f 278 229 230
f 380 204 172
f 380 172 202
f 380 202 218
f 230 229 205
f 230 205 206
f 32 40 48
f 309 287 288
f 38 30 46
f 495 487 488
f 495 488 496
f 62 54 70
f 487 471 472
f 487 472 488
f 78 70 54
f 471 435 436
f 471 436 472
f 428 427 443
f 428 443 444
f 180 160 168
f 444 443 451
f 444 451 452
f 168 124 152
f 152 108 100
f 470 434 469
f 433 469 434
f 108 152 124
f 469 485 486
f 469 486 470
f 420 440 388
f 432 440 420
f 574 334 18
f 412 388 440
f 476 440 432
f 364 324 316
f 636 824 628
f 388 412 364
f 822 802 830
f 324 364 372
f 372 364 412
f 860 886 852
f 866 886 860
f 212 160 180
f 228 188 236
f 124 168 160
f 846 884 850
f 858 850 884
f 284 276 236
f 212 236 188
f 324 308 306
f 160 212 188
f 316 324 306
f 284 306 276
f 276 306 308
f 228 236 276
f 598 572 606
f 608 588 600
f 618 588 608
f 628 832 876
f 304 252 348
f 380 348 252
f 380 252 220
f 204 380 220
f 666 674 698
f 404 464 512
f 484 512 464
f 670 634 662
f 702 646 670
f 646 634 670
f 816 740 750
f 816 750 794
f 356 404 340
f 576 340 512
f 544 576 512
f 802 822 794
f 628 876 618
f 636 642 824
f 818 824 642
f 832 628 824
f 266 268 244
f 816 794 822
f 244 268 196
f 842 876 832
f 88 116 136
f 80 56 72
f 136 196 88
f 64 72 56
f 56 32 64
f 696 616 684
f 616 572 684
f 268 24 88
f 268 88 196
f 24 22 88
f 338 356 340
f 404 512 340
f 576 24 340
f 268 340 24
f 754 874 774
f 590 576 544
f 536 568 544
f 48 64 32
f 790 770 782
f 758 782 770
f 770 746 758
f 734 758 746
f 706 734 718
f 718 698 706
f 674 706 698
f 62 30 54
f 54 20 86
f 62 46 30
f 20 54 30
f 18 86 20
f 32 56 22
f 56 88 22
f 22 6 32
f 32 6 30
f 722 728 762
f 714 690 674
f 844 580 836
f 722 690 728
f 728 744 762
f 714 728 690
f 796 804 826
f 746 718 734
f 580 592 836
f 828 836 632
f 856 870 844
f 840 830 810
f 802 810 830
f 580 844 870
f 810 806 840
f 800 762 744
f 632 836 592
f 624 656 630
f 884 846 776
f 786 884 776
f 766 776 846
f 774 874 786
f 710 586 726
f 754 726 874
f 604 612 592
f 620 632 592
f 668 676 700
f 666 658 674
f 714 674 650
f 658 650 674
f 622 714 650
f 622 650 654
f 672 638 664
f 630 656 638
f 662 634 654
f 622 654 626
f 704 648 672
f 648 638 672
f 626 654 634
f 814 738 752
f 814 752 796
f 1606 1630 1618
f 1708 1704 1682
f 1612 1668 1634
f 1678 1708 1682
f 1674 1682 1704
f 463 411 483
f 1638 1650 1718
f 1650 1757 1718
f 1658 1757 1650
f 519 483 439
f 1590 1570 1578
f 1546 1570 1542
f 1542 1537 1529
f 1542 1529 1519
f 1492 1542 1519
f 1492 1519 1525
f 1533 1506 1525
f 355 323 403
f 243 195 275
f 227 275 195
f 135 187 195
f 1542 1586 1546
f 1562 1546 1586
f 1478 1444 1482
f 439 483 411
f 1498 1492 1525
f 463 403 411
f 323 371 403
f 371 411 403
f 355 337 323
f 1448 1460 1754
f 1470 1444 1478
f 363 347 387
f 305 303 315
f 315 347 363
f 1472 1480 1460
f 1480 1488 1460
f 1754 1460 1488
f 307 323 337
f 275 307 265
f 1464 1472 1446
f 1460 1446 1472
f 1446 1444 1464
f 1470 1464 1444
f 337 265 307
f 1558 1482 1444
f 1582 1556 1458
f 1626 1750 1648
f 1752 1757 1658
f 1648 1752 1658
f 305 283 303
f 283 235 251
f 211 251 235
f 1458 1750 1600
f 1600 1582 1458
f 1600 1750 1626
f 1444 1458 1550
f 1550 1558 1444
f 1556 1550 1458
f 419 387 379
f 1763 1757 1752
f 379 387 347
f 303 347 315
f 1018 990 1034
f 303 283 251
f 179 219 211
f 167 219 179
f 251 211 219
f 1361 1369 1370
f 1361 1370 1362
f 1363 1364 1369
f 1370 1369 1364
f 1319 1333 1334
f 1319 1334 1320
f 996 966 1010
f 1010 966 1018
f 1026 1034 990
f 1334 1333 1317
f 1334 1317 1318
f 1012 968 996
f 990 1018 974
f 1318 1317 1309
f 1318 1309 1310
f 1310 1309 1293
f 1310 1293 1294
f 960 996 968
f 966 996 960
f 974 1018 966
f 1012 1020 968
f 976 968 1020
f 1294 1293 1282
f 1282 1293 1281
f 1282 1281 1249
f 1282 1249 1250
f 1242 1241 1257
f 1242 1257 1258
f 1078 1054 1102
f 1094 1142 1102
f 1257 1289 1290
f 1257 1290 1258
f 1289 1259 1260
f 1289 1260 1290
f 1078 1046 1026
f 1054 1078 1026
f 1416 1415 1423
f 1416 1423 1424
f 1400 1399 1415
f 1400 1415 1416
f 1424 1423 1431
f 1166 1190 1168
f 1150 1102 1142
f 1182 1190 1230
f 1392 1391 1399
f 1392 1399 1400
f 1384 1383 1391
f 1384 1391 1392
f 1383 1384 1407
f 1408 1407 1384
f 1094 1102 1054
f 1168 1150 1142
f 1142 1166 1168
f 1182 1168 1190
f 1238 1230 1190
f 1266 1265 1218
f 1034 1026 1046
f 1326 1325 1265
f 1326 1265 1266
f 1346 1345 1325
f 1346 1325 1326
f 1390 1389 1381
f 1390 1381 1382
f 1040 1070 1072
f 1072 1070 1086
f 1072 1086 1118
f 1072 1118 1170
f 1072 1170 1214
f 1072 1214 1246
f 1262 1088 1246
f 1373 1345 1346
f 1389 1390 1397
f 1398 1397 1390
f 1382 1381 1406
f 906 896 914
f 1374 1373 1346
f 1414 1413 1397
f 1414 1397 1398
f 946 938 922
f 930 922 938
f 1381 1405 1406
f 982 954 1002
f 1374 1406 1373
f 1422 1421 1413
f 1422 1413 1414
f 1062 1002 954
f 1405 1373 1406
f 1424 1431 1432
f 1421 1422 1429
f 1430 1429 1422
f 1432 1431 1429
f 1432 1429 1430
f 1057 1049 997
f 1021 977 1049
f 1306 1254 1278
f 1230 1278 1254
f 1238 1278 1230
f 997 1049 977
f 1123 1195 1153
f 1195 1217 1185
f 1265 1185 1217
f 1153 1137 1123
f 1185 1265 1233
f 1336 1368 1324
f 1322 1366 1336
f 1177 1157 1155
f 1225 1209 1177
f 1145 1155 1157
f 1314 1366 1322
f 1298 1342 1314
f 1368 1336 1372
f 1049 1057 1089
f 1089 1057 1137
f 1372 1336 1366
f 1105 1137 1057
f 1185 1153 1195
f 1105 1123 1137
f 1366 1314 1358
f 1342 1298 1306
f 1358 1314 1342
f 1145 1113 1097
f 1097 1113 1073
f 485 493 494
f 485 494 486
f 1157 1113 1145
f 1113 1081 1073
f 493 501 502
f 493 502 494
f 1157 1177 1209
f 495 496 501
f 502 501 496
f 1209 1249 1241
f 466 452 465
f 451 465 452
f 466 465 449
f 466 449 450
f 450 449 441
f 450 441 442
f 442 441 425
f 442 425 426
f 426 425 414
f 1193 1195 1123
f 1301 1273 1345
f 1345 1273 1325
f 174 206 173
f 205 173 206
f 1301 1345 1381
f 1389 1337 1381
f 1233 1265 1273
f 1265 1325 1273
f 1053 1026 1025
f 1301 1381 1337
f 1034 1033 1017
f 1034 1017 1018
f 1225 1249 1209
f 1018 1017 1009
f 1018 1009 1010
f 1012 1011 1019
f 1012 1019 1020
f 1361 1353 1397
f 1413 1421 1361
f 1369 1361 1421
f 1363 1369 1423
f 1423 1415 1363
f 1415 1399 1363
f 1355 1363 1399
f 1391 1339 1399
f 1383 1339 1391
f 1020 1019 1036
f 967 968 976
f 1421 1423 1369
f 967 959 960
f 967 960 968
f 960 959 965
f 960 965 966
f 974 966 973
f 965 973 966
f 990 974 989
f 973 989 974
f 989 1025 1026
f 989 1026 990
f 1010 1009 995
f 1010 995 996
f 55 79 87
f 996 995 1011
f 996 1011 1012
f 267 265 339
f 337 339 265
f 1026 1053 1054
f 38 37 30
f 1167 1149 1150
f 1167 1150 1168
f 29 39 31
f 1150 1149 1101
f 1150 1101 1102
f 30 29 31
f 30 31 32
f 579 591 592
f 579 592 580
f 1102 1101 1077
f 1102 1077 1078
f 855 856 844
f 855 844 843
f 843 844 836
f 843 836 835
f 835 836 828
f 835 828 827
f 827 828 820
f 827 820 819
f 1230 1229 1181
f 1230 1181 1182
f 826 825 813
f 826 813 814
f 1182 1181 1167
f 1182 1167 1168
f 1166 1165 1189
f 1166 1189 1190
f 827 819 835
f 819 813 835
f 843 835 813
f 855 843 813
f 825 847 813
f 1190 1189 1237
f 1190 1237 1238
f 640 639 643
f 640 643 644
f 639 640 632
f 639 632 631
f 1053 1093 1094
f 1053 1094 1054
f 631 632 620
f 631 620 619
f 619 620 612
f 619 612 611
f 1093 1141 1142
f 1093 1142 1094
f 1141 1165 1166
f 1141 1166 1142
f 638 637 630
f 1078 1077 1045
f 1078 1045 1046
f 648 647 637
f 648 637 638
f 1046 1045 1034
f 1033 1034 1045
f 1040 1039 1069
f 1040 1069 1070
f 719 699 700
f 719 700 720
f 1069 1085 1086
f 1069 1086 1070
f 699 667 668
f 699 668 700
f 1085 1117 1118
f 1085 1118 1086
f 1117 1169 1170
f 1117 1170 1118
f 1213 1214 1170
f 1213 1170 1169
f 671 672 664
f 671 664 663
f 703 704 672
f 703 672 671
f 1213 1245 1246
f 1213 1246 1214
f 648 704 647
f 703 647 704
f 751 752 738
f 751 738 737
f 1072 1087 1071
f 795 796 751
f 751 796 752
f 1071 1039 1040
f 1071 1040 1072
f 814 737 738
f 813 737 814
f 915 916 908
f 915 908 907
f 914 913 905
f 914 905 906
f 820 644 819
f 643 819 644
f 930 929 913
f 930 913 914
f 639 631 643
f 619 647 631
f 643 631 647
f 611 623 619
f 647 619 637
f 647 703 643
f 938 937 929
f 938 929 930
f 946 945 937
f 946 937 938
f 719 747 737
f 737 703 719
f 699 719 703
f 671 699 703
f 1002 1001 981
f 1002 981 982
f 922 945 946
f 1002 1061 1001
f 1062 1061 1002
f 699 671 667
f 663 667 671
f 922 921 945
f 1110 1109 1061
f 1110 1061 1062
f 813 819 737
f 703 737 643
f 643 737 819
f 213 245 246
f 213 246 214
f 792 771 772
f 245 289 290
f 245 290 246
f 771 747 748
f 771 748 772
f 414 425 413
f 720 748 719
f 747 719 748
f 381 382 413
f 414 413 382
f 660 668 667
f 656 663 664
f 290 289 341
f 290 341 342
f 804 796 795
f 341 373 374
f 341 374 342
f 373 389 390
f 373 390 374
f 751 747 795
f 389 421 422
f 389 422 390
f 771 795 747
f 751 737 747
f 427 428 415
f 416 415 428
f 875 587 588
f 875 588 876
f 875 876 877
f 878 877 876
f 889 869 890
f 421 391 392
f 421 392 422
f 899 880 900
f 1450 1449 1437
f 1450 1437 1438
f 391 375 376
f 391 376 392
f 375 344 376
f 871 899 872
f 516 515 524
f 1438 1437 1451
f 1438 1451 1452
f 900 872 899
f 110 129 109
f 1745 1747 1746
f 81 82 109
f 109 82 110
f 1747 1748 1746
f 457 458 477
f 478 477 458
f 477 478 506
f 1440 1439 884
f 883 884 1439
f 514 513 538
f 548 547 555
f 548 555 556
f 532 531 547
f 532 547 548
f 1023 987 988
f 1023 988 1024
f 556 555 563
f 524 523 531
f 524 531 532
f 524 515 523
f 515 516 539
f 540 539 516
f 1016 1015 1031
f 1016 1031 1032
f 539 540 508
f 513 514 521
f 522 521 514
f 530 529 521
f 530 521 522
f 546 545 529
f 546 529 530
f 987 971 972
f 987 972 988
f 538 513 537
f 971 963 964
f 971 964 972
f 537 505 506
f 554 553 545
f 554 545 546
f 538 537 506
f 345 346 301
f 302 301 346
f 556 563 564
f 345 377 378
f 345 378 346
f 553 554 561
f 562 561 554
f 564 563 561
f 564 561 562
f 377 393 394
f 377 394 378
f 393 423 424
f 393 424 394
f 285 269 255
f 255 327 285
f 317 285 327
f 349 317 327
f 397 317 349
f 457 405 397
f 423 395 396
f 423 396 424
f 380 396 395
f 134 133 113
f 134 113 114
f 325 327 255
f 194 193 133
f 194 133 134
f 86 114 113
f 242 241 193
f 242 193 194
f 54 86 85
f 181 153 109
f 264 263 241
f 264 241 242
f 73 109 153
f 262 263 264
f 113 85 86
f 269 221 189
f 129 189 181
f 237 255 269
f 477 405 457
f 354 353 335
f 354 335 336
f 521 529 469
f 402 401 353
f 402 353 354
f 462 461 401
f 462 401 402
f 513 433 477
f 482 481 461
f 482 461 462
f 317 397 365
f 365 397 405
f 521 469 513
f 405 477 433
f 433 513 469
f 485 469 529
f 510 509 481
f 510 481 482
f 381 341 357
f 552 551 559
f 552 559 560
f 357 341 309
f 229 277 245
f 205 229 245
f 552 535 551
f 189 237 269
f 517 518 525
f 526 525 518
f 534 533 525
f 534 525 526
f 541 542 517
f 109 129 181
f 221 181 189
f 550 549 533
f 550 533 534
f 518 517 542
f 542 541 510
f 558 557 549
f 558 549 550
f 277 287 289
f 309 289 287
f 289 245 277
f 509 510 541
f 499 491 492
f 491 475 476
f 491 476 492
f 475 439 476
f 547 531 495
f 419 431 432
f 487 531 471
f 432 431 447
f 432 447 448
f 471 515 435
f 380 395 379
f 536 535 552
f 528 527 535
f 528 535 536
f 427 391 443
f 520 519 527
f 520 527 528
f 553 555 501
f 485 529 493
f 544 543 519
f 544 519 520
f 493 553 501
f 501 555 495
f 511 543 544
f 567 568 559
f 560 559 568
f 566 565 557
f 566 557 558
f 568 567 565
f 568 565 566
f 449 465 421
f 451 421 465
f 421 389 449
f 441 449 389
f 425 441 389
f 193 185 133
f 245 213 205
f 173 205 213
f 381 413 373
f 413 425 373
f 389 373 425
f 289 309 341
f 341 381 373
f 193 241 273
f 273 225 193
f 297 273 263
f 263 335 297
f 321 297 335
f 353 401 321
f 369 321 401
f 461 409 401
f 481 409 461
f 481 517 437
f 533 473 525
f 451 443 391
f 375 427 415
f 451 391 421
f 391 427 375
f 385 345 361
f 417 377 385
f 437 409 481
f 369 401 409
f 335 353 321
f 109 73 81
f 513 477 505
f 281 299 301
f 313 301 299
f 249 281 301
f 281 249 233
f 233 249 209
f 523 471 531
f 487 495 531
f 515 471 523
f 529 545 493
f 553 493 545
f 547 495 555
f 241 263 273
f 185 193 225
f 537 513 505
f 553 561 555
f 563 555 561
f 525 473 517
f 503 497 557
f 557 559 503
f 255 256 253
f 254 253 256
f 328 325 326
f 325 255 253
f 326 325 253
f 326 253 254
f 549 557 497
f 871 872 874
f 11 12 8
f 11 8 7
f 7 8 2
f 49 50 82
f 423 393 453
f 467 423 453
f 447 431 395
f 963 958 964
f 1008 993 1007
f 155 119 120
f 155 120 156
f 119 103 104
f 119 104 120
f 1015 1016 1007
f 1008 1007 1016
f 103 95 96
f 103 96 104
f 1295 1283 1243
f 1295 1259 1311
f 678 684 572
f 572 586 678
f 1021 1049 1050
f 1021 1050 1022
f 606 572 616
f 682 678 586
f 598 594 572
f 574 572 594
f 594 600 574
f 1030 1029 1013
f 1030 1013 1014
f 480 508 460
f 400 460 508
f 963 957 958
f 508 332 400
f 352 400 332
f 958 957 961
f 958 961 962
f 961 969 970
f 961 970 962
f 258 260 240
f 240 260 192
f 132 192 84
f 969 985 986
f 969 986 970
f 985 1021 1022
f 985 1022 986
f 84 192 260
f 260 16 84
f 330 352 332
f 1005 1006 1013
f 1014 1013 1006
f 332 16 260
f 1006 1005 993
f 1006 993 994
f 586 572 508
f 586 508 540
f 994 993 1008
f 710 682 586
f 874 726 586
f 884 786 874
f 332 508 572
f 16 332 572
f 1042 1074 1073
f 2 28 14
f 84 16 14
f 10 582 326
f 570 326 582
f 1235 1187 1188
f 1235 1188 1236
f 1187 1163 1164
f 1187 1164 1188
f 190 130 82
f 254 190 82
f 238 190 254
f 50 12 82
f 1148 1147 1161
f 1148 1161 1162
f 328 326 350
f 350 326 398
f 1162 1161 1179
f 1162 1179 1180
f 458 398 506
f 1180 1179 1227
f 1180 1227 1228
f 1140 1164 1139
f 1163 1139 1164
f 1139 1091 1092
f 1139 1092 1140
f 1091 1051 1052
f 1091 1052 1092
f 406 434 382
f 1051 1023 1024
f 1051 1024 1052
f 358 406 382
f 414 382 434
f 1076 1043 1075
f 310 318 358
f 1076 1075 1099
f 1076 1099 1100
f 406 358 366
f 470 426 434
f 366 358 318
f 318 310 288
f 1147 1148 1099
f 1100 1099 1148
f 206 174 154
f 1042 1073 1041
f 1029 1030 1042
f 1029 1042 1041
f 1038 1037 1065
f 1038 1065 1066
f 222 270 230
f 278 230 270
f 1065 1081 1082
f 1065 1082 1066
f 1081 1113 1082
f 182 230 206
f 154 182 206
f 318 288 286
f 270 286 288
f 288 278 270
f 182 222 230
f 1243 1211 1212
f 1243 1212 1244
f 1211 1159 1160
f 1211 1160 1212
f 496 488 444
f 1043 1044 1031
f 1032 1031 1044
f 452 496 444
f 1043 1076 1044
f 488 472 444
f 428 444 472
f 436 428 472
f 1160 1159 1115
f 1160 1115 1116
f 452 466 496
f 450 494 466
f 1115 1083 1084
f 1115 1084 1116
f 442 494 450
f 1083 1067 1068
f 1083 1068 1084
f 494 502 466
f 426 470 442
f 1067 1037 1038
f 1067 1038 1068
f 496 466 502
f 414 434 426
f 486 442 470
f 494 442 486
f 943 944 936
f 943 936 935
f 935 936 928
f 935 928 927
f 943 919 920
f 943 920 944
f 927 928 912
f 927 912 911
f 911 912 904
f 911 904 903
f 428 436 416
f 408 384 436
f 920 919 952
f 290 342 246
f 214 246 342
f 214 342 374
f 214 374 390
f 214 390 422
f 214 422 392
f 214 392 376
f 214 376 344
f 910 909 901
f 910 901 902
f 110 82 130
f 926 925 909
f 926 909 910
f 458 506 478
f 891 902 901
f 934 933 925
f 934 925 926
f 556 564 548
f 548 564 532
f 942 941 933
f 942 933 934
f 540 516 524
f 524 532 540
f 918 917 941
f 918 941 942
f 522 514 538
f 530 522 538
f 949 917 918
f 949 918 950
f 1304 1340 1303
f 1339 1303 1340
f 538 562 530
f 546 530 562
f 1303 1275 1304
f 532 564 540
f 554 546 562
f 562 584 564
f 538 584 562
f 584 586 564
f 540 564 586
f 1276 1304 1275
f 256 238 254
f 326 570 506
f 506 398 326
f 506 570 538
f 584 538 570
f 254 10 326
f 644 828 640
f 632 640 828
f 254 82 10
f 10 82 12
f 834 826 804
f 796 826 814
f 820 828 644
f 748 760 772
f 720 736 748
f 700 708 720
f 660 676 668
f 664 638 656
f 1254 1306 1286
f 1298 1286 1306
f 804 812 834
f 612 620 592
f 262 18 334
f 574 600 588
f 588 618 876
f 886 876 852
f 1292 1088 1262
f 1248 1088 1264
f 870 864 890
f 876 896 878
f 862 854 888
f 890 868 888
f 580 870 882
f 1438 1194 1450
f 1450 1194 880
f 1428 1436 1420
f 1204 1202 1222
f 1270 1378 1330
f 1386 1410 1394
f 1402 1394 1410
f 1350 1330 1378
f 1270 1202 1378
f 1410 1434 1402
f 1418 1402 1434
f 964 958 994
f 964 994 1008
f 964 1008 1016
f 972 1016 988
f 1024 988 1032
f 1032 988 1016
f 964 1016 972
f 1014 986 1030
f 1006 962 1014
f 1036 992 1020
f 1048 1028 1036
f 976 1020 992
f 986 1014 970
f 994 962 1006
f 958 962 994
f 970 1014 962
f 1308 1300 1344
f 1300 1316 1344
f 1360 1344 1316
f 1368 1360 1316
f 1316 1324 1368
f 1164 1140 1162
f 1180 1188 1162
f 1236 1188 1228
f 1148 1162 1140
f 1308 1280 1256
f 1180 1228 1188
f 1164 1162 1188
f 1032 1044 1024
f 1184 1192 1174
f 1100 1052 1076
f 1052 1024 1076
f 1280 1240 1232
f 1148 1140 1100
f 1092 1100 1140
f 1052 1100 1092
f 1256 1280 1232
f 1240 1192 1232
f 1184 1232 1192
f 1176 1174 1192
f 992 1036 1028
f 986 1022 1030
f 1144 1096 1104
f 1076 1024 1044
f 1152 1144 1104
f 1176 1144 1174
f 1152 1174 1144
f 1096 1056 1104
f 1080 1104 1056
f 1028 1080 1056
f 1288 1308 1256
f 1300 1308 1288
f 1160 1116 1212
f 1244 1212 1116
f 1244 1116 1084
f 1244 1084 1068
f 1244 1068 1038
f 1244 1038 1066
f 1244 1066 1082
f 1080 1028 1048
f 944 920 936
f 928 936 920
f 1172 1120 1216
f 1248 1216 1120
f 1248 1120 1088
f 1072 1246 1088
f 1292 1264 1088
f 1420 1436 1404
f 928 920 894
f 1396 1404 1412
f 902 892 910
f 910 892 926
f 1388 1396 1412
f 1272 1332 1380
f 1352 1380 1332
f 926 918 934
f 934 918 942
f 1380 1208 1272
f 1444 1208 1380
f 1412 1444 1380
f 1224 1272 1208
f 1236 1228 1276
f 1134 1136 1112
f 1064 1112 1136
f 1276 1252 1304
f 1252 1276 1228
f 984 1004 956
f 1284 1304 1252
f 932 940 924
f 948 924 940
f 916 932 898
f 924 898 932
f 1004 1064 956
f 1136 956 1064
f 1268 1328 1376
f 1328 1348 1376
f 1440 1200 1376
f 1206 1224 1208
f 1136 888 956
f 1436 1458 1412
f 1412 1404 1436
f 1426 1418 1434
f 1434 1458 1436
f 1410 1456 1434
f 1444 1412 1458
f 1132 1110 1130
f 1062 954 1130
f 886 1130 954
f 1126 1128 1108
f 1060 1108 1128
f 1458 1434 1456
f 1410 1378 1456
f 1202 1442 1378
f 1270 1222 1202
f 884 952 1128
f 1000 1060 952
f 980 1000 952
f 886 1442 1202
f 1130 886 1202
f 1110 1062 1130
f 908 916 898
f 956 888 924
f 1198 1220 1200
f 1268 1376 1200
f 922 876 954
f 930 896 922
f 930 914 896
f 896 876 922
f 886 954 876
f 1060 1128 952
f 884 1128 1200
f 1220 1268 1200
f 884 1200 1440
f 898 924 878
f 896 898 878
f 1752 1648 1750
f 1444 888 1208
f 1136 1208 888
f 878 924 888
f 4 30 6
f 20 30 4
f 904 912 894
f 912 928 894
f 884 874 952
f 186 210 158
f 926 892 918
f 892 872 918
f 894 920 874
f 894 872 892
f 148 96 140
f 164 120 148
f 126 140 96
f 1746 1712 1722
f 1702 1712 1748
f 176 156 164
f 120 104 148
f 96 148 104
f 154 174 162
f 489 473 533
f 162 118 154
f 138 94 146
f 489 533 497
f 437 517 473
f 533 549 497
f 445 393 429
f 126 94 138
f 96 90 126
f 90 94 126
f 102 146 94
f 118 146 102
f 146 118 162
f 217 209 249
f 360 320 312
f 384 408 360
f 313 361 345
f 313 345 301
f 345 385 377
f 320 360 368
f 416 436 384
f 417 429 377
f 393 377 429
f 445 453 393
f 368 360 408
f 467 455 423
f 184 156 208
f 224 184 232
f 280 272 232
f 176 208 156
f 320 296 294
f 208 232 184
f 120 164 156
f 312 320 294
f 280 294 272
f 272 294 296
f 224 232 272
f 541 517 509
f 292 248 344
f 344 248 216
f 344 216 200
f 344 200 170
f 344 170 198
f 344 198 214
f 499 503 559
f 559 551 499
f 551 535 499
f 491 499 535
f 132 84 112
f 60 68 52
f 76 52 68
f 481 509 517
f 44 60 28
f 52 28 60
f 84 14 52
f 527 475 535
f 34 26 42
f 42 26 58
f 491 535 475
f 519 475 527
f 66 58 50
f 74 66 50
f 439 475 519
f 36 44 28
f 52 14 28
f 26 12 50
f 50 58 26
f 419 379 431
f 12 26 8
f 26 28 8
f 2 8 28
f 395 423 455
f 455 447 395
f 1733 1734 1726
f 1733 1726 1725
f 1725 1726 1713
f 395 431 379
f 511 483 519
f 1755 1739 1740
f 1755 1740 1756
f 1740 1739 1753
f 1740 1753 1754
f 519 543 511
f 1726 1714 1713
f 1713 1714 1706
f 1713 1706 1705
f 1705 1706 1698
f 1705 1698 1697
f 565 567 557
f 559 557 567
f 1697 1689 1705
f 1713 1707 1725
f 263 262 261
f 1508 1507 1511
f 1508 1511 1512
f 333 334 335
f 336 335 334
f 1507 1508 1500
f 1507 1500 1499
f 263 261 335
f 333 335 261
f 1499 1500 1488
f 1499 1488 1487
f 334 333 261
f 334 261 262
f 1480 1479 1488
f 1487 1488 1479
f 1511 1507 1499
f 1487 1515 1499
f 877 878 590
f 589 877 590
f 1738 1734 1737
f 1733 1737 1734
f 1732 1731 1724
f 864 863 867
f 864 867 868
f 1738 1737 1731
f 1738 1731 1732
f 856 855 864
f 863 864 855
f 825 826 833
f 834 833 826
f 954 982 981
f 838 837 833
f 838 833 834
f 922 953 921
f 854 853 847
f 854 847 848
f 1132 1131 1109
f 1132 1109 1110
f 862 861 853
f 862 853 854
f 981 953 954
f 868 867 861
f 868 861 862
f 954 953 922
f 1222 1221 1203
f 1222 1203 1204
f 825 833 837
f 825 837 847
f 853 813 847
f 861 813 853
f 867 813 861
f 863 813 867
f 855 813 863
f 837 807 847
f 780 779 787
f 780 787 788
f 1305 1341 1306
f 779 780 768
f 779 768 767
f 1254 1253 1229
f 1254 1229 1230
f 741 742 732
f 741 732 731
f 1277 1278 1237
f 1238 1237 1278
f 1305 1306 1277
f 1278 1277 1306
f 731 732 716
f 731 716 715
f 1306 1341 1342
f 693 694 688
f 693 688 687
f 1341 1357 1358
f 1341 1358 1342
f 687 688 680
f 687 680 679
f 1357 1365 1366
f 1357 1366 1358
f 686 685 679
f 686 679 680
f 712 711 685
f 712 685 686
f 730 729 711
f 730 711 712
f 1365 1371 1372
f 1365 1372 1366
f 756 755 729
f 756 729 730
f 778 777 755
f 778 755 756
f 788 787 777
f 788 777 778
f 1372 1371 1367
f 1372 1367 1368
f 708 707 735
f 708 735 736
f 735 759 760
f 735 760 736
f 759 783 784
f 759 784 760
f 1316 1315 1323
f 1316 1323 1324
f 1324 1323 1335
f 1324 1335 1336
f 763 764 797
f 1336 1335 1321
f 1336 1321 1322
f 764 723 724
f 723 764 763
f 1322 1321 1313
f 1322 1313 1314
f 691 692 724
f 691 724 723
f 1314 1313 1297
f 1314 1297 1298
f 676 692 691
f 1298 1297 1285
f 1298 1285 1286
f 1253 1254 1285
f 1286 1285 1254
f 1246 1245 1261
f 1246 1261 1262
f 1261 1291 1292
f 1261 1292 1262
f 792 784 791
f 783 791 784
f 1291 1263 1264
f 1291 1264 1292
f 791 771 792
f 1248 1264 1263
f 803 804 795
f 811 812 804
f 811 804 803
f 1420 1419 1427
f 1420 1427 1428
f 807 808 812
f 807 812 811
f 1389 1397 1337
f 1221 1222 1269
f 1270 1269 1222
f 1353 1337 1397
f 1330 1329 1269
f 1330 1269 1270
f 1397 1413 1361
f 1350 1349 1329
f 1350 1329 1330
f 1394 1393 1385
f 1394 1385 1386
f 1289 1257 1317
f 1259 1289 1319
f 1309 1317 1257
f 1293 1309 1257
f 1349 1350 1378
f 1281 1241 1249
f 1293 1241 1281
f 1394 1401 1393
f 1257 1241 1293
f 1402 1401 1394
f 1410 1386 1385
f 1378 1377 1349
f 1317 1333 1289
f 1333 1319 1289
f 1319 1311 1259
f 1418 1417 1401
f 1418 1401 1402
f 1385 1409 1410
f 1431 1423 1421
f 1426 1425 1417
f 1426 1417 1418
f 1410 1409 1377
f 1410 1377 1378
f 1373 1405 1345
f 1381 1345 1405
f 1027 991 992
f 1027 992 1028
f 1036 1019 1035
f 1431 1421 1429
f 1047 1036 1035
f 1123 1124 1121
f 1122 1121 1124
f 1193 1123 1121
f 1194 1193 1121
f 1194 1121 1122
f 991 975 976
f 991 976 992
f 1741 1742 1453
f 1454 1453 1742
f 1741 1744 1742
f 1743 1744 1741
f 975 967 976
f 1646 1645 1655
f 1646 1655 1656
f 1360 1368 1359
f 1367 1359 1368
f 1645 1646 1636
f 1645 1636 1635
f 1359 1343 1344
f 1359 1344 1360
f 1613 1614 1598
f 1613 1598 1597
f 1343 1307 1308
f 1343 1308 1344
f 1597 1598 1584
f 1597 1584 1583
f 1300 1299 1315
f 1300 1315 1316
f 1565 1566 1554
f 1565 1554 1553
f 1308 1307 1279
f 1308 1279 1280
f 1553 1554 1548
f 1553 1548 1547
f 1552 1551 1547
f 1552 1547 1548
f 1279 1239 1280
f 1580 1579 1551
f 1580 1551 1552
f 1256 1231 1255
f 1596 1595 1579
f 1596 1579 1580
f 1624 1623 1595
f 1624 1595 1596
f 1644 1643 1623
f 1644 1623 1624
f 1239 1240 1280
f 1656 1655 1643
f 1656 1643 1644
f 1239 1191 1192
f 1239 1192 1240
f 1576 1575 1603
f 1576 1603 1604
f 1191 1175 1176
f 1191 1176 1192
f 1143 1176 1175
f 1591 1592 1631
f 1632 1631 1592
f 1559 1560 1592
f 1559 1592 1591
f 1152 1151 1173
f 1152 1173 1174
f 1174 1173 1183
f 1174 1183 1184
f 1184 1183 1231
f 1184 1231 1232
f 1232 1231 1256
f 1669 1670 1613
f 1143 1144 1176
f 1143 1095 1096
f 1143 1096 1144
f 1655 1645 1635
f 1655 1635 1613
f 1655 1613 1597
f 1655 1597 1583
f 1655 1583 1565
f 1655 1565 1553
f 1655 1553 1547
f 1655 1547 1551
f 1655 1551 1579
f 1655 1579 1595
f 1655 1595 1623
f 1655 1623 1643
f 1095 1055 1056
f 1095 1056 1096
f 1055 1027 1028
f 1055 1028 1056
f 1080 1079 1103
f 1080 1103 1104
f 1559 1591 1575
f 1104 1103 1151
f 1104 1151 1152
f 1256 1255 1287
f 1256 1287 1288
f 1575 1591 1603
f 1591 1631 1603
f 1299 1300 1287
f 1288 1287 1300
f 1248 1263 1247
f 1247 1215 1216
f 1247 1216 1248
f 1215 1171 1172
f 1215 1172 1216
f 1036 1047 1048
f 1484 1566 1483
f 1565 1483 1566
f 1048 1047 1080
f 1079 1080 1047
f 1759 1744 1743
f 1759 1743 1758
f 1730 1729 1735
f 1730 1735 1736
f 1119 1120 1171
f 1172 1171 1120
f 1710 1709 1699
f 1710 1699 1700
f 1119 1087 1088
f 1119 1088 1120
f 1720 1719 1715
f 1720 1715 1716
f 1072 1088 1087
f 1728 1727 1719
f 1728 1719 1720
f 1419 1420 1403
f 1404 1403 1420
f 1736 1735 1727
f 1736 1727 1728
f 1396 1395 1403
f 1396 1403 1404
f 1735 1729 1727
f 1719 1727 1729
f 1715 1719 1729
f 1709 1715 1729
f 1699 1709 1729
f 1388 1387 1395
f 1388 1395 1396
f 1351 1352 1332
f 1351 1332 1331
f 1628 1604 1627
f 1603 1627 1604
f 1387 1388 1412
f 1627 1651 1652
f 1627 1652 1628
f 1272 1331 1332
f 1651 1659 1660
f 1651 1660 1652
f 1659 1640 1660
f 1331 1272 1271
f 1672 1679 1680
f 1352 1351 1380
f 1675 1676 1680
f 1675 1680 1679
f 1412 1411 1387
f 1710 1676 1675
f 1379 1411 1412
f 1632 1670 1669
f 1632 1669 1631
f 1271 1272 1224
f 1271 1224 1223
f 1614 1613 1670
f 1380 1351 1379
f 1635 1636 1715
f 1675 1709 1710
f 1412 1380 1379
f 1223 1224 1206
f 1223 1206 1205
f 1651 1669 1675
f 1659 1651 1675
f 1659 1675 1679
f 1631 1627 1603
f 1631 1669 1627
f 1651 1627 1669
f 1133 1134 1112
f 1133 1112 1111
f 1111 1112 1064
f 1111 1064 1063
f 1669 1635 1715
f 1275 1235 1236
f 1275 1236 1276
f 140 139 147
f 140 147 148
f 1228 1227 1251
f 1228 1251 1252
f 148 147 163
f 148 163 164
f 1251 1284 1252
f 176 164 163
f 1284 1251 1283
f 90 96 89
f 95 89 96
f 1295 1296 1283
f 1284 1283 1296
f 90 89 93
f 90 93 94
f 1260 1259 1244
f 1243 1244 1259
f 93 101 102
f 93 102 94
f 1347 1348 1327
f 118 102 117
f 101 117 102
f 1327 1348 1328
f 1327 1328 1268
f 1327 1268 1267
f 1348 1347 1376
f 173 161 162
f 173 162 174
f 1267 1268 1220
f 1267 1220 1219
f 162 161 145
f 162 145 146
f 1376 1347 1375
f 1376 1407 1408
f 146 145 137
f 146 137 138
f 1219 1220 1198
f 1219 1198 1197
f 138 137 125
f 138 125 126
f 1198 1199 1197
f 139 140 125
f 126 125 140
f 117 153 154
f 117 154 118
f 1376 1375 1407
f 1125 1126 1108
f 1125 1108 1107
f 436 435 408
f 407 408 435
f 1107 1108 1060
f 1107 1060 1059
f 368 407 367
f 1059 1060 1000
f 1059 1000 999
f 368 408 407
f 980 979 1000
f 999 1000 979
f 979 980 951
f 952 951 980
f 367 319 320
f 367 320 368
f 919 951 952
f 1127 1128 1125
f 1126 1125 1128
f 1200 1199 1198
f 1128 1127 1199
f 1128 1199 1200
f 312 293 311
f 312 311 359
f 312 359 360
f 360 359 383
f 360 383 384
f 971 987 927
f 963 971 927
f 911 903 963
f 957 963 903
f 903 901 957
f 961 957 901
f 909 925 961
f 969 961 925
f 933 985 925
f 941 985 933
f 383 415 384
f 416 384 415
f 977 1021 941
f 296 320 295
f 319 295 320
f 295 271 272
f 295 272 296
f 271 223 224
f 271 224 272
f 224 183 184
f 223 183 224
f 183 155 156
f 183 156 184
f 176 207 208
f 208 207 231
f 208 231 232
f 232 231 279
f 232 279 280
f 280 279 293
f 280 293 294
f 1015 1067 1031
f 294 293 312
f 919 943 979
f 170 169 197
f 170 197 198
f 197 213 214
f 197 214 198
f 943 935 987
f 935 927 987
f 375 343 344
f 343 291 292
f 343 292 344
f 1005 1037 993
f 175 176 163
f 985 941 1021
f 207 176 175
f 291 247 248
f 291 248 292
f 247 215 216
f 247 216 248
f 1029 1041 1081
f 1037 1067 1007
f 1029 1065 1013
f 215 199 200
f 215 200 216
f 199 169 170
f 199 170 200
f 460 459 480
f 479 480 459
f 927 911 963
f 969 925 985
f 507 508 479
f 480 479 508
f 901 909 961
f 111 132 112
f 111 112 83
f 84 83 112
f 75 76 68
f 75 68 67
f 67 68 60
f 67 60 59
f 1013 1065 1005
f 1007 993 1037
f 59 60 44
f 59 44 43
f 52 76 75
f 84 52 51
f 1187 1197 1163
f 43 44 36
f 43 36 35
f 1235 1275 1267
f 75 51 52
f 42 41 33
f 42 33 34
f 58 57 41
f 58 41 42
f 66 65 57
f 66 57 58
f 74 73 65
f 74 65 66
f 1147 1159 1161
f 1179 1161 1159
f 1159 1211 1179
f 1227 1179 1211
f 74 49 73
f 50 49 74
f 1163 1125 1139
f 1139 1059 1091
f 1091 1059 1051
f 1051 979 1023
f 43 35 95
f 103 119 59
f 95 103 59
f 59 43 95
f 89 95 35
f 35 33 89
f 93 89 33
f 41 57 93
f 101 93 57
f 65 117 57
f 73 117 65
f 1043 1083 1075
f 1099 1115 1147
f 1075 1115 1099
f 1037 1005 1065
f 1073 1081 1041
f 1065 1029 1081
f 362 410 386
f 314 322 362
f 410 438 386
f 474 430 438
f 322 370 362
f 410 362 370
f 1159 1147 1115
f 1115 1075 1083
f 1083 1043 1031
f 1083 1031 1067
f 1015 1007 1067
f 178 158 210
f 210 186 234
f 951 919 979
f 987 1023 943
f 1023 979 943
f 282 234 274
f 226 274 234
f 314 300 322
f 226 234 186
f 282 274 300
f 298 300 274
f 322 300 298
f 903 893 901
f 891 901 893
f 941 917 977
f 504 500 468
f 456 500 448
f 949 977 917
f 454 498 468
f 476 448 492
f 1355 1399 1339
f 1737 1733 1731
f 1733 1725 1731
f 1689 1697 1690
f 1698 1690 1697
f 1696 1695 1683
f 1696 1683 1684
f 764 798 797
f 1703 1695 1696
f 742 741 798
f 797 798 741
f 1683 1695 1713
f 1703 1713 1695
f 1713 1705 1683
f 1703 1707 1713
f 1689 1683 1705
f 807 837 838
f 807 838 808
f 768 848 847
f 767 768 847
f 1511 1689 1512
f 1506 1505 1498
f 1516 1515 1505
f 1516 1505 1506
f 787 779 767
f 787 767 741
f 787 741 731
f 787 731 715
f 787 715 693
f 787 693 687
f 787 687 679
f 787 679 685
f 787 685 711
f 787 711 729
f 787 729 755
f 787 755 777
f 1573 1574 1541
f 1573 1541 1540
f 1573 1515 1516
f 1573 1516 1574
f 1621 1622 1608
f 1621 1608 1607
f 1684 1607 1608
f 723 707 691
f 1689 1690 1512
f 1683 1607 1684
f 707 723 735
f 723 763 735
f 759 735 763
f 759 763 797
f 1511 1499 1515
f 1481 1491 1479
f 1487 1479 1491
f 1515 1573 1511
f 1540 1569 1573
f 1689 1511 1607
f 1573 1607 1511
f 1683 1689 1607
f 797 807 783
f 791 811 771
f 803 771 811
f 795 771 803
f 1763 1762 1757
f 759 797 783
f 1757 1755 1756
f 1704 1703 1696
f 1708 1707 1703
f 1708 1703 1704
f 807 811 791
f 1724 1723 1717
f 1724 1717 1718
f 791 783 807
f 1731 1723 1724
f 1717 1725 1707
f 1723 1725 1717
f 1731 1725 1723
f 847 797 767
f 797 847 807
f 741 767 797
f 1708 1678 1707
f 1707 1677 1717
f 1477 1478 1481
f 1482 1481 1478
f 1498 1497 1491
f 1498 1491 1492
f 1505 1497 1498
f 870 869 881
f 591 577 578
f 591 578 592
f 1589 1569 1570
f 1589 1570 1590
f 576 578 575
f 577 575 578
f 1569 1536 1537
f 1569 1537 1570
f 603 611 604
f 612 604 611
f 603 604 596
f 603 596 595
f 1536 1528 1537
f 602 601 595
f 602 595 596
f 610 609 601
f 610 601 602
f 614 613 609
f 614 609 610
f 1532 1540 1533
f 1541 1533 1540
f 630 629 623
f 630 623 624
f 1665 1666 1622
f 1665 1622 1621
f 1665 1673 1666
f 1674 1666 1673
f 637 629 630
f 1491 1497 1487
f 1505 1487 1497
f 1515 1487 1505
f 595 601 603
f 611 603 601
f 611 601 609
f 611 609 613
f 611 613 623
f 629 619 623
f 637 619 629
f 1589 1573 1569
f 1621 1617 1665
f 1607 1617 1621
f 676 675 707
f 676 707 708
f 1589 1617 1607
f 667 659 660
f 1607 1573 1589
f 659 651 652
f 659 652 660
f 655 656 652
f 655 652 651
f 1569 1540 1536
f 1528 1536 1532
f 1540 1532 1536
f 1650 1649 1657
f 1650 1657 1658
f 1649 1650 1638
f 1649 1638 1637
f 663 656 655
f 675 676 691
f 1611 1612 1602
f 1611 1602 1601
f 716 624 715
f 694 613 614
f 691 707 675
f 1601 1602 1586
f 1601 1586 1585
f 663 659 667
f 663 655 659
f 651 659 655
f 1563 1564 1558
f 1563 1558 1557
f 1557 1558 1550
f 1557 1550 1549
f 715 623 693
f 1550 1556 1549
f 1555 1549 1556
f 1658 1657 1647
f 1658 1647 1648
f 693 613 694
f 623 715 624
f 1578 1577 1605
f 1578 1605 1606
f 1605 1629 1630
f 1605 1630 1606
f 693 623 613
f 1629 1653 1654
f 1629 1654 1630
f 1653 1661 1654
f 575 23 576
f 24 576 23
f 1641 1617 1618
f 1641 1618 1642
f 1590 1618 1589
f 1617 1589 1618
f 1633 1634 1667
f 1634 1593 1594
f 99 91 92
f 99 92 100
f 1593 1634 1633
f 92 97 98
f 1561 1562 1594
f 1561 1594 1593
f 92 91 97
f 142 149 141
f 142 141 127
f 142 127 128
f 128 127 143
f 128 143 144
f 1661 1662 1654
f 144 143 151
f 144 151 152
f 1661 1641 1642
f 1661 1642 1662
f 152 151 168
f 1681 1682 1674
f 1681 1674 1673
f 106 98 105
f 97 105 98
f 1677 1678 1682
f 1677 1682 1681
f 105 121 122
f 105 122 106
f 121 157 158
f 121 158 122
f 1634 1668 1667
f 1612 1611 1668
f 1667 1668 1611
f 166 177 165
f 166 165 149
f 166 149 150
f 1677 1707 1678
f 150 149 142
f 1718 1717 1638
f 1637 1638 1717
f 1675 1669 1715
f 1613 1635 1669
f 498 504 468
f 456 468 500
f 492 448 500
f 1709 1675 1715
f 1716 1715 1636
f 430 474 446
f 454 446 498
f 4 3 19
f 16 13 14
f 13 16 15
f 574 18 17
f 574 17 573
f 574 573 571
f 574 571 572
f 498 446 490
f 860 859 865
f 860 865 866
f 859 860 852
f 859 852 851
f 490 446 474
f 851 852 842
f 851 842 841
f 418 438 430
f 841 842 832
f 841 832 831
f 386 438 418
f 831 832 824
f 831 824 823
f 823 824 818
f 823 818 817
f 822 821 815
f 822 815 816
f 302 346 250
f 218 250 346
f 218 346 378
f 218 378 394
f 218 394 424
f 218 424 396
f 218 396 380
f 830 829 821
f 830 821 822
f 194 134 86
f 114 86 134
f 840 839 829
f 840 829 830
f 850 849 845
f 850 845 846
f 262 194 86
f 264 242 262
f 242 194 262
f 858 857 849
f 858 849 850
f 147 199 163
f 155 183 111
f 75 67 119
f 1466 1440 1474
f 67 59 119
f 1476 1456 1468
f 1486 1456 1476
f 1702 1748 1496
f 1535 1640 1568
f 1539 1502 1531
f 1572 1514 1539
f 1514 1502 1539
f 1686 1610 1620
f 1686 1620 1664
f 137 169 125
f 145 197 137
f 161 197 145
f 173 213 161
f 139 125 169
f 101 57 117
f 33 41 93
f 153 117 73
f 1496 1748 1486
f 1504 1510 1694
f 1688 1694 1510
f 459 399 407
f 1692 1664 1672
f 1686 1664 1692
f 1496 1504 1702
f 1702 1504 1694
f 435 479 407
f 479 459 407
f 1640 1616 1588
f 1588 1568 1640
f 1640 1535 1527
f 1640 1527 1521
f 1640 1521 1517
f 1584 1544 1517
f 1576 1517 1544
f 1576 1604 1517
f 1490 1517 1521
f 1490 1521 1523
f 1531 1502 1523
f 1494 1523 1502
f 257 295 329
f 407 399 367
f 191 271 239
f 1560 1544 1584
f 367 399 319
f 1523 1494 1490
f 1474 1440 1484
f 359 343 383
f 319 329 295
f 1548 1554 1440
f 1466 1462 1440
f 1442 1440 1462
f 1462 1468 1442
f 295 257 271
f 858 884 866
f 886 866 884
f 920 952 874
f 874 872 894
f 271 191 223
f 223 191 183
f 1442 1468 1456
f 1746 1748 1712
f 1456 1486 1748
f 1456 1378 1442
f 842 852 876
f 131 111 183
f 279 291 293
f 231 247 279
f 207 247 231
f 311 293 291
f 169 137 197
f 197 161 213
f 1178 1186 1226
f 415 383 375
f 1154 1186 1156
f 1146 1138 1156
f 1178 1156 1186
f 1234 1226 1186
f 375 383 343
f 1074 1050 1098
f 1090 1138 1098
f 359 311 343
f 291 343 311
f 1074 1042 1022
f 1637 1647 1649
f 1611 1647 1637
f 1601 1625 1611
f 1585 1625 1601
f 1563 1555 1585
f 1557 1555 1563
f 1549 1555 1557
f 1581 1585 1555
f 1657 1649 1647
f 1146 1098 1138
f 1154 1156 1138
f 1042 1030 1022
f 1050 1074 1022
f 1090 1098 1050
f 866 865 857
f 866 857 858
f 291 279 247
f 247 207 215
f 215 207 175
f 215 175 163
f 215 163 199
f 139 199 147
f 865 859 851
f 865 851 841
f 865 841 831
f 865 831 823
f 865 823 817
f 865 815 821
f 865 821 829
f 865 829 839
f 865 839 845
f 865 845 849
f 865 849 857
f 169 199 139
f 865 817 815
f 435 515 479
f 539 479 515
f 507 479 539
f 83 51 111
f 805 839 840
f 51 75 111
f 155 111 75
f 839 805 845
f 119 155 75
f 636 635 641
f 636 641 642
f 641 817 642
f 635 636 628
f 635 628 627
f 627 628 618
f 627 618 617
f 617 618 608
f 617 608 607
f 81 73 49
f 35 36 27
f 28 27 36
f 607 608 600
f 607 600 599
f 25 26 33
f 34 33 26
f 599 600 594
f 599 594 593
f 35 27 33
f 25 33 27
f 598 597 593
f 598 593 594
f 26 25 27
f 26 27 28
f 1134 1133 1136
f 606 605 597
f 606 597 598
f 616 615 605
f 616 605 606
f 1063 1064 1004
f 1063 1004 1003
f 626 625 621
f 626 621 622
f 1003 1004 984
f 1003 984 983
f 634 633 625
f 634 625 626
f 947 948 940
f 947 940 939
f 983 984 956
f 646 645 633
f 646 633 634
f 939 940 932
f 939 932 931
f 955 983 956
f 717 697 698
f 717 698 718
f 924 948 947
f 697 665 666
f 697 666 698
f 955 956 924
f 665 657 658
f 665 658 666
f 916 915 932
f 931 932 915
f 947 923 924
f 654 661 662
f 924 923 955
f 669 670 662
f 1136 1133 1135
f 669 662 661
f 1208 1207 1205
f 1208 1205 1206
f 701 702 670
f 701 670 669
f 1136 1135 1207
f 1136 1207 1208
f 701 645 646
f 701 646 702
f 1435 1436 1427
f 1428 1427 1436
f 749 750 740
f 749 740 739
f 1434 1433 1425
f 1434 1425 1426
f 1436 1435 1433
f 1436 1433 1434
f 793 794 750
f 793 750 749
f 816 739 740
f 937 989 929
f 905 913 965
f 929 965 913
f 907 905 959
f 959 967 907
f 945 989 937
f 915 907 967
f 1061 1053 1001
f 817 818 642
f 815 739 816
f 635 627 641
f 627 617 641
f 641 617 607
f 641 607 599
f 641 599 593
f 641 593 597
f 641 597 605
f 641 605 615
f 621 645 615
f 625 645 621
f 633 645 625
f 641 615 645
f 1011 995 1039
f 1039 1071 1011
f 1017 1069 1009
f 1033 1069 1017
f 981 1053 1025
f 981 1001 1053
f 793 769 801
f 959 905 965
f 981 1025 945
f 717 701 697
f 793 749 745
f 745 739 717
f 739 745 749
f 701 717 739
f 669 697 701
f 965 929 973
f 989 945 1025
f 745 769 793
f 973 929 989
f 1009 1039 995
f 697 669 665
f 669 661 665
f 657 665 661
f 1165 1141 1131
f 1131 1141 1109
f 1129 1203 1131
f 1277 1237 1269
f 645 701 641
f 701 739 641
f 815 817 739
f 641 739 817
f 1101 1149 1117
f 1169 1117 1149
f 1181 1169 1167
f 1229 1213 1181
f 776 775 785
f 776 785 786
f 1131 1203 1165
f 1189 1165 1203
f 775 776 766
f 775 766 765
f 743 744 728
f 743 728 727
f 1109 1141 1061
f 799 744 743
f 1053 1061 1093
f 1093 1061 1141
f 727 728 714
f 727 714 713
f 695 696 684
f 695 684 683
f 1039 1009 1069
f 1033 1045 1085
f 1077 1085 1045
f 1069 1033 1085
f 683 684 678
f 683 678 677
f 1085 1077 1117
f 1077 1101 1117
f 616 696 695
f 682 681 677
f 682 677 678
f 710 709 681
f 710 681 682
f 1149 1167 1169
f 1169 1181 1213
f 726 725 709
f 726 709 710
f 754 753 725
f 754 725 726
f 774 773 753
f 774 753 754
f 786 785 773
f 786 773 774
f 705 706 674
f 1019 1011 1071
f 706 705 733
f 706 733 734
f 733 757 758
f 733 758 734
f 757 781 782
f 757 782 758
f 905 907 897
f 781 789 782
f 953 981 921
f 769 745 746
f 769 746 770
f 945 921 981
f 718 746 717
f 745 717 746
f 762 800 761
f 762 761 721
f 762 721 722
f 689 690 722
f 689 722 721
f 1237 1189 1269
f 1329 1277 1269
f 1349 1277 1329
f 674 690 689
f 674 689 673
f 1341 1305 1385
f 1417 1365 1401
f 621 713 714
f 1305 1349 1385
f 1253 1213 1229
f 695 615 616
f 789 790 782
f 1377 1409 1349
f 1203 1221 1189
f 1221 1269 1189
f 789 769 770
f 789 770 790
f 1305 1277 1349
f 801 802 794
f 801 794 793
f 809 810 802
f 809 802 801
f 805 806 810
f 805 810 809
f 1419 1367 1427
f 1393 1401 1341
f 1357 1341 1401
f 1425 1365 1417
f 1357 1401 1365
f 1385 1393 1341
f 799 761 800
f 800 744 799
f 845 765 846
f 1365 1425 1371
f 840 806 805
f 1371 1427 1367
f 1359 1367 1403
f 766 846 765
f 785 775 765
f 785 765 743
f 785 743 727
f 785 727 713
f 785 713 695
f 785 695 683
f 785 683 677
f 785 677 681
f 785 681 709
f 785 709 725
f 785 725 753
f 785 753 773
f 799 743 765
f 1291 1261 1321
f 1335 1291 1321
f 1323 1291 1335
f 1313 1321 1261
f 1297 1313 1261
f 805 799 845
f 621 695 713
f 1261 1245 1297
f 1213 1253 1245
f 1285 1245 1253
f 1285 1297 1245
f 689 721 705
f 673 689 705
f 705 721 733
f 733 721 761
f 799 757 761
f 1291 1323 1263
f 733 761 757
f 757 799 781
f 1427 1371 1425
f 799 805 781
f 1339 1383 1303
f 1327 1275 1347
f 1593 1577 1561
f 1577 1593 1605
f 1593 1633 1605
f 1629 1605 1633
f 1629 1633 1667
f 1641 1665 1617
f 178 210 177
f 177 166 178
f 172 171 201
f 172 201 202
f 201 217 218
f 201 218 202
f 1667 1677 1653
f 1661 1653 1677
f 1677 1681 1661
f 1673 1641 1681
f 217 249 218
f 1653 1629 1667
f 203 171 172
f 203 172 204
f 1661 1681 1641
f 1673 1665 1641
f 47 48 40
f 47 40 39
f 39 40 31
f 32 31 40
f 1677 1667 1717
f 46 45 37
f 46 37 38
f 1717 1667 1637
f 62 61 45
f 62 45 46
f 1611 1637 1667
f 29 30 37
f 1546 1545 1577
f 1546 1577 1578
f 70 69 61
f 70 61 62
f 1528 1529 1537
f 78 77 69
f 78 69 70
f 1528 1518 1519
f 1528 1519 1529
f 54 77 78
f 1524 1525 1519
f 1524 1519 1518
f 54 53 77
f 1492 1491 1542
f 85 53 54
f 1525 1524 1533
f 1532 1533 1524
f 1562 1561 1546
f 1545 1546 1561
f 159 160 187
f 188 187 160
f 1586 1542 1585
f 1482 1564 1563
f 1577 1545 1561
f 159 123 124
f 159 124 160
f 1532 1524 1528
f 1518 1528 1524
f 108 124 107
f 123 107 124
f 100 108 99
f 107 99 108
f 168 151 167
f 1491 1563 1585
f 167 180 168
f 439 440 476
f 1585 1542 1491
f 412 440 439
f 1563 1491 1481
f 1563 1481 1482
f 420 419 432
f 890 888 889
f 881 882 870
f 412 439 411
f 1446 1445 1444
f 1158 1210 1114
f 1210 1242 1114
f 1082 1114 1242
f 1242 1258 1082
f 1058 998 950
f 978 950 998
f 411 371 372
f 411 372 412
f 1058 1122 1106
f 324 372 323
f 371 323 372
f 950 918 900
f 872 900 918
f 1196 1194 1218
f 323 307 324
f 1250 1226 1274
f 316 305 315
f 316 315 363
f 316 363 364
f 1282 1250 1302
f 1274 1302 1250
f 1234 1274 1226
f 364 363 387
f 364 387 388
f 1312 1340 1296
f 1296 1304 1284
f 419 388 387
f 1320 1364 1312
f 1340 1304 1296
f 324 307 308
f 307 275 276
f 307 276 308
f 1364 1356 1312
f 1340 1312 1356
f 275 227 228
f 275 228 276
f 1320 1334 1364
f 228 187 188
f 1318 1362 1334
f 227 187 228
f 1310 1362 1318
f 1362 1370 1334
f 1294 1338 1310
f 180 211 212
f 1282 1302 1294
f 1364 1334 1370
f 212 211 235
f 212 235 236
f 236 235 283
f 236 283 284
f 1302 1338 1294
f 1362 1310 1354
f 284 283 305
f 284 305 306
f 1354 1310 1338
f 306 305 316
f 388 419 420
f 1258 1290 1082
f 1290 1260 1082
f 1244 1082 1260
f 1424 1432 1416
f 379 347 348
f 379 348 380
f 1416 1432 1400
f 1400 1408 1392
f 347 303 304
f 347 304 348
f 1384 1392 1408
f 180 167 179
f 211 180 179
f 1194 1266 1218
f 303 251 252
f 303 252 304
f 251 219 220
f 251 220 252
f 1382 1406 1390
f 1398 1390 1406
f 219 203 204
f 219 204 220
f 1346 1326 1374
f 483 484 464
f 483 464 463
f 1406 1430 1398
f 404 463 464
f 1414 1398 1430
f 1374 1438 1406
f 463 404 403
f 1408 1454 1376
f 403 404 356
f 403 356 355
f 1432 1454 1408
f 1400 1432 1408
f 1440 1376 1454
f 512 484 483
f 1422 1414 1430
f 1430 1406 1452
f 544 512 511
f 1430 1452 1432
f 355 356 338
f 355 338 337
f 1124 1106 1122
f 880 1122 900
f 900 1122 950
f 1454 1432 1452
f 1452 1406 1438
f 1266 1194 1374
f 1326 1266 1374
f 1438 1374 1194
f 512 483 511
f 1122 880 1194
f 1058 950 1122
f 265 266 244
f 265 244 243
f 243 244 196
f 243 196 195
f 195 196 136
f 195 136 135
f 135 136 116
f 135 116 115
f 79 80 72
f 79 72 71
f 116 87 115
f 79 55 80
f 71 72 64
f 71 64 63
f 1592 1598 1632
f 88 87 116
f 56 80 55
f 1584 1598 1560
f 1592 1560 1598
f 1614 1632 1598
f 1303 1347 1275
f 1327 1267 1275
f 1632 1614 1670
f 1656 1744 1646
f 1744 1716 1646
f 1211 1251 1227
f 1656 1644 1744
f 1742 1744 1644
f 1596 1742 1624
f 1580 1454 1596
f 1644 1624 1742
f 1251 1243 1283
f 1552 1454 1580
f 1484 1440 1554
f 1566 1484 1554
f 1548 1454 1552
f 1548 1440 1454
f 1742 1596 1454
f 1251 1211 1243
f 1259 1295 1243
f 1375 1347 1407
f 1692 1672 1700
f 1672 1680 1700
f 1219 1187 1267
f 1197 1187 1219
f 1125 1163 1197
f 1107 1139 1125
f 999 1051 1059
f 979 1051 999
f 1059 1139 1107
f 1235 1267 1187
f 1722 1730 1746
f 1759 1746 1736
f 1730 1736 1746
f 1728 1759 1736
f 1761 1746 1759
f 1383 1407 1347
f 1347 1303 1383
f 1716 1744 1720
f 1720 1744 1728
f 1636 1646 1716
f 1759 1728 1744
f 1660 1517 1652
f 1604 1628 1517
f 1640 1517 1660
f 1652 1517 1628
f 1710 1700 1680
f 1125 1197 1127
f 1127 1197 1199
f 1680 1676 1710
f 903 904 893
f 894 893 904
f 902 891 892
f 1385 1349 1409
f 892 891 893
f 892 893 894
f 1441 1439 1440
f 1441 1440 1442
f 1721 1729 1722
f 1730 1722 1729
f 939 931 991
f 975 991 931
f 915 967 931
f 1721 1722 1712
f 1721 1712 1711
f 1711 1712 1702
f 1711 1702 1701
f 1701 1702 1694
f 1701 1694 1693
f 1693 1694 1688
f 1693 1688 1687
f 983 1055 1003
f 1692 1691 1685
f 1692 1685 1686
f 1692 1700 1691
f 1699 1691 1700
f 1729 1721 1711
f 1729 1711 1701
f 1729 1701 1693
f 1729 1693 1687
f 1729 1687 1685
f 1729 1685 1691
f 1729 1691 1699
f 1504 1503 1509
f 1504 1509 1510
f 1071 1035 1019
f 1055 983 1027
f 947 1027 983
f 1503 1504 1496
f 1503 1496 1495
f 1495 1496 1486
f 1495 1486 1485
f 991 1027 947
f 947 939 991
f 975 931 967
f 1485 1486 1476
f 1485 1476 1475
f 1475 1476 1468
f 1475 1468 1467
f 1467 1468 1462
f 1467 1462 1461
f 1395 1343 1403
f 1466 1465 1461
f 1466 1461 1462
f 1474 1473 1465
f 1474 1465 1466
f 1484 1483 1473
f 1484 1473 1474
f 1307 1343 1387
f 1419 1403 1367
f 1387 1343 1395
f 1494 1493 1489
f 1494 1489 1490
f 1359 1403 1343
f 1502 1501 1493
f 1502 1493 1494
f 1514 1513 1501
f 1514 1501 1502
f 1287 1247 1299
f 1587 1567 1568
f 1587 1568 1588
f 1567 1534 1535
f 1567 1535 1568
f 1223 1205 1191
f 1191 1271 1223
f 1143 1175 1133
f 1111 1063 1143
f 1095 1143 1063
f 1003 1055 1063
f 1239 1279 1271
f 1307 1351 1279
f 1351 1331 1279
f 1331 1271 1279
f 1531 1530 1539
f 1538 1539 1530
f 1571 1572 1539
f 1571 1539 1538
f 1571 1513 1514
f 1571 1514 1572
f 1619 1620 1610
f 1619 1610 1609
f 1191 1239 1271
f 1663 1664 1619
f 1619 1664 1620
f 1175 1191 1205
f 1610 1686 1609
f 1672 1664 1663
f 1151 1171 1173
f 1183 1173 1171
f 1171 1215 1183
f 1231 1183 1215
f 1231 1215 1255
f 1509 1688 1510
f 1609 1686 1685
f 1133 1111 1143
f 1095 1063 1055
f 1509 1687 1688
f 1205 1133 1175
f 1503 1495 1509
f 1495 1485 1509
f 1509 1485 1475
f 1509 1475 1467
f 1509 1467 1461
f 1509 1461 1465
f 1509 1465 1473
f 1509 1473 1483
f 1489 1513 1483
f 1493 1513 1489
f 1501 1513 1493
f 1509 1483 1513
f 1079 1119 1103
f 1315 1299 1263
f 1255 1247 1287
f 1323 1315 1263
f 1263 1299 1247
f 1587 1615 1609
f 1609 1571 1587
f 1567 1587 1571
f 1538 1567 1571
f 1247 1255 1215
f 1619 1609 1615
f 1171 1151 1119
f 1151 1103 1119
f 1047 1087 1079
f 1567 1538 1534
f 1534 1538 1530
f 1119 1079 1087
f 1047 1035 1087
f 1071 1087 1035
f 1411 1379 1387
f 1379 1351 1387
f 1307 1387 1351
f 1513 1571 1509
f 1509 1571 1609
f 1687 1509 1609
f 1687 1609 1685
f 1575 1576 1543
f 1544 1543 1576
f 1659 1639 1640
f 1639 1615 1616
f 1639 1616 1640
f 983 955 947
f 955 923 947
f 1588 1616 1587
f 1615 1587 1616
f 1527 1535 1526
f 1534 1526 1535
f 1135 1133 1207
f 1205 1207 1133
f 1526 1520 1521
f 1526 1521 1527
f 1425 1433 1427
f 1435 1427 1433
f 1131 1132 1129
f 1130 1129 1132
f 1584 1517 1583
f 1489 1583 1517
f 1201 1202 1203
f 1204 1203 1202
f 1522 1523 1521
f 1522 1521 1520
f 1201 1203 1129
f 1489 1517 1490
f 1202 1201 1129
f 1202 1129 1130
f 907 908 897
f 898 897 908
f 906 905 895
f 906 895 896
f 1523 1522 1531
f 895 905 897
f 896 895 897
f 896 897 898
f 1530 1531 1522
f 1457 1749 1458
f 1750 1458 1749
f 1763 1752 1762
f 1751 1762 1752
f 1671 1672 1663
f 20 4 19
f 21 5 6
f 21 6 22
f 1672 1671 1679
f 20 19 18
f 17 18 19
f 1560 1559 1544
f 1543 1544 1559
f 24 23 21
f 24 21 22
f 869 870 890
f 1575 1543 1559
f 1671 1639 1679
f 1619 1615 1663
f 587 590 588
f 589 590 587
f 185 186 157
f 158 157 186
f 1659 1679 1639
f 1671 1663 1639
f 410 437 438
f 1639 1663 1615
f 409 437 410
f 437 473 474
f 437 474 438
f 1534 1530 1526
f 1530 1522 1526
f 1520 1526 1522
f 386 417 385
f 386 385 361
f 386 361 362
f 1583 1489 1565
f 1483 1565 1489
f 362 361 313
f 362 313 314
f 48 47 64
f 63 64 47
f 56 55 87
f 56 87 88
f 321 322 298
f 267 268 265
f 266 265 268
f 340 339 337
f 340 337 338
f 322 321 369
f 322 369 370
f 268 267 339
f 268 339 340
f 370 369 409
f 370 409 410
f 39 37 91
f 37 45 97
f 105 97 61
f 113 157 77
f 69 121 61
f 77 121 69
f 105 61 121
f 299 281 282
f 299 282 300
f 133 185 113
f 282 281 233
f 282 233 234
f 107 63 99
f 234 233 209
f 234 209 210
f 47 39 99
f 91 99 39
f 209 177 210
f 300 314 299
f 313 299 314
f 298 297 321
f 127 171 143
f 141 171 127
f 171 203 143
f 185 225 226
f 185 226 186
f 97 91 37
f 121 77 157
f 225 273 274
f 225 274 226
f 45 61 97
f 273 297 298
f 273 298 274
f 489 497 498
f 497 503 504
f 497 504 498
f 504 503 499
f 504 499 500
f 177 217 165
f 500 499 492
f 157 113 185
f 141 201 171
f 448 447 455
f 448 455 456
f 456 455 467
f 456 467 468
f 217 201 165
f 468 467 453
f 468 453 454
f 141 149 201
f 149 165 201
f 445 454 453
f 177 209 217
f 151 143 203
f 219 167 203
f 151 203 167
f 489 490 473
f 474 473 490
f 490 489 498
f 29 37 39
f 445 446 454
f 446 445 429
f 446 429 430
f 113 77 85
f 53 85 77
f 249 250 218
f 249 301 302
f 249 302 250
f 159 79 123
f 107 123 63
f 71 123 79
f 187 115 159
f 47 99 63
f 430 429 417
f 430 417 418
f 265 243 275
f 115 187 135
f 115 87 79
f 418 417 386
f 227 195 187
f 79 159 115
f 71 63 123
