full_step	0	0.010000000000000002	1	0	0	0	999.9999999999998	999.9999999999998	0	0	0
half_step_1	0	0.005000000000000001	0	0	0	0	999.9999999999998	999.9999999999998	0	0	0
half_step_2	0.005000000000000001	0.005000000000000001	0	0	0	0	999.9999999999998	999.9999999999998	0	0	0
full_step	0.010000000000000002	0.05000000000000001	1	0	0	0	999.9999999999998	999.9999999999998	0	0	0
full_step	0.010000000000000002	0.025000000000000005	1	0	0	0	999.9999999999998	999.9999999999998	0	0	0
half_step_1	0.010000000000000002	0.012500000000000002	0	0	0	0	999.9999999999998	999.9999999999998	0	0	0
half_step_2	0.022500000000000006	0.012500000000000002	0	0	0	0	999.9999999999998	999.9999999999998	0	0	0
full_step	0.035	0.05746957711326895	1	0	0	0	999.9999999999998	999.9999999999998	0	0	0
full_step	0.035	0.028734788556634475	1	0	0	0	999.9999999999998	999.9999999999998	0	0	0
full_step	0.035	0.014367394278317238	1	0	0	0	999.9999999999998	999.9999999999998	0	0	0
half_step_1	0.035	0.007183697139158619	0	0	0	0	999.9999999999998	999.9999999999998	0	0	0
half_step_2	0.04218369713915862	0.007183697139158619	0	0	0	0	999.9999999999998	999.9999999999998	0	0	0
full_step	0.04936739427831724	0.0574695771132666	1	0	0	0	999.9999999999998	999.9999999999998	0	0	0
full_step	0.04936739427831724	0.0287347885566333	1	0	0	0	999.9999999999998	999.9999999999998	0	0	0
full_step	0.04936739427831724	0.01436739427831665	1	0	0	0	999.9999999999998	999.9999999999998	0	0	0
half_step_1	0.04936739427831724	0.007183697139158325	0	0	0	0	999.9999999999998	999.9999999999998	0	0	0
half_step_2	0.056551091417475566	0.007183697139158325	0	0	0	0	999.9999999999998	999.9999999999998	0	0	0
full_step	0.06373478855663389	0.05746957711326898	1	0	0	0	999.9999999999998	999.9999999999998	0	0	0
full_step	0.06373478855663389	0.02873478855663449	1	0	0	0	999.9999999999998	999.9999999999998	0	0	0
full_step	0.06373478855663389	0.014367394278317245	1	0	0	0	999.9999999999998	999.9999999999998	0	0	0
full_step	0.06373478855663389	0.007183697139158622	1	0	0	0	999.9999999999998	999.9999999999998	0	0	0
full_step	0.06373478855663389	0.003591848569579311	1	0	0	0	999.9999999999998	999.9999999999998	0	0	0
full_step	0.06373478855663389	0.0017959242847896556	1	0	0	0	999.9999999999998	999.9999999999998	0	0	0
half_step_1	0.06373478855663389	0.0008979621423948278	0	0	0	0	999.9999999999998	999.9999999999998	0	0	0
half_step_2	0.06463275069902873	0.0008979621423948278	0	0	0	0	999.9999999999998	999.9999999999998	0	0	0
full_step	0.06553071284142355	0.008979621423948278	1	0	0	0	999.9999999999998	999.9999999999998	0	0	0
full_step	0.06553071284142355	0.004489810711974139	1	0	0	0	999.9999999999998	999.9999999999998	0	0	0
full_step	0.06553071284142355	0.0022449053559870694	1	0	0	0	999.9999999999998	999.9999999999998	0	0	0
full_step	0.06553071284142355	0.0011224526779935347	1	0	0	0	999.9999999999998	999.9999999999998	0	0	0
half_step_1	0.06553071284142355	0.0005612263389967674	0	0	0	0	999.9999999999998	999.9999999999998	0	0	0
half_step_2	0.06609193918042032	0.0005612263389967674	0	0	0	0	999.9999999999998	999.9999999999998	0	0	0
full_step	0.06665316551941708	0.005612263389967674	1	0	0	0	999.9999999999998	999.9999999999998	0	0	0
full_step	0.06665316551941708	0.002806131694983837	1	0	0	0	999.9999999999998	999.9999999999998	0	0	0
full_step	0.06665316551941708	0.0014030658474919184	1	0	0	0	999.9999999999998	999.9999999999998	0	0	0
full_step	0.06665316551941708	0.0007015329237459592	1	0	0	0	999.9999999999998	999.9999999999998	0	0	0
half_step_1	0.06665316551941708	0.0003507664618729796	0	0	0	0	999.9999999999998	999.9999999999998	0	0	0
half_step_2	0.06700393198129005	0.0003507664618729796	0	0	0	0	999.9999999999998	999.9999999999998	0	0	0
full_step	0.06735469844316304	0.0035076646187297963	15	22	6	1.4666666666666666	1106669614.5346649	2380544.8546134937	0.5340891332152751	-18.43593326129181	178
half_step_1	0.06735469844316304	0.0017538323093648982	15	30	8	2	1106669614.5346649	1375717.5572213135	0.5340891332152751	-18.43593326129181	178
half_step_2	0.06910853075252793	0.0017538323093648982	3	13	7	4.333333333333333	1106669614.5346649	1017638.2986158105	0.20217070372927992	-18.237673619986477	178
full_step	0.07086236306189284	0.017538323093648982	6	10	10	1.6666666666666667	1106669614.5346649	3623478.2336184657	0.006010030659126642	-18.53466790403066	171
half_step_1	0.07086236306189284	0.008769161546824491	9	38	10	4.222222222222222	1106669614.5346649	3319645.409777188	0.006010030659126642	-18.53466790403066	171
half_step_2	0.07963152460871732	0.008769161546824491	4	16	11	4	1106669614.5346649	3606318.0015588216	0	-18.225010935559887	165
full_step	0.08840068615554182	0.04475245826286459	13	50	11	3.8461538461538463	1106669614.5346649	10652722.722024947	0.27855757291899863	-18.502162021873346	185
full_step	0.08840068615554182	0.022376229131432297	13	54	11	4.153846153846154	1106669614.5346649	3400812.30576815	0.27855757291899863	-18.502162021873346	185
half_step_1	0.08840068615554182	0.011188114565716148	4	23	12	5.75	1106669614.5346649	3399510.484343756	0.27855757291899863	-18.502162021873346	185
half_step_2	0.09958880072125798	0.011188114565716148	4	27	11	6.75	1106669614.5346649	5003181.298352576	0	-18.29142348350366	174
full_step	0.11077691528697411	0.05746957711326645	12	32	7	2.6666666666666665	1106669614.5346649	17355313.054869596	0.4675270521888706	-18.47434671780787	263
full_step	0.11077691528697411	0.028734788556633226	17	70	8	4.117647058823529	1106669614.5346649	12671155.493546344	0.4675270521888706	-18.47434671780787	263
full_step	0.11077691528697411	0.014367394278316613	11	56	16	5.090909090909091	1106669614.5346649	7509656.605598621	0.4675270521888706	-18.47434671780787	263
full_step	0.11077691528697411	0.007183697139158307	7	33	11	4.714285714285714	1106669614.5346649	2506884.0660351403	0.4675270521888706	-18.47434671780787	263
half_step_1	0.11077691528697411	0.0035918485695791533	6	25	8	4.166666666666667	1106669614.5346649	1873802.4024441156	0.4675270521888706	-18.47434671780787	263
half_step_2	0.11436876385655327	0.0035918485695791533	5	26	9	5.2	1106669614.5346649	3271947.171636117	0	-18.48639972150119	449
full_step	0.11796061242613243	0.035918485695791535	8	0	0	0	1106669614.5346649	13755542.31778156	0.02199840963112365	-18.147340170124394	512
full_step	0.11796061242613243	0.017959242847895768	11	19	7	1.7272727272727273	1106669614.5346649	9850834.692558143	0.02199840963112365	-18.147340170124394	512
full_step	0.11796061242613243	0.008979621423947884	15	68	12	4.533333333333333	1106669614.5346649	7038200.6940215165	0.02199840963112365	-18.147340170124394	512
full_step	0.11796061242613243	0.004489810711973942	12	43	13	3.5833333333333335	1106669614.5346649	2420174.912303689	0.02199840963112365	-18.147340170124394	512
full_step	0.11796061242613243	0.002244905355986971	9	25	10	2.7777777777777777	1106669614.5346649	1379795.313803649	0.02199840963112365	-18.147340170124394	512
full_step	0.11796061242613243	0.0011224526779934855	11	45	10	4.090909090909091	1106669614.5346649	341488.8869374024	0.02199840963112365	-18.147340170124394	512
half_step_1	0.11796061242613243	0.0005612263389967427	9	35	8	3.888888888888889	1106669614.5346649	132418.92817094323	0.02199840963112365	-18.147340170124394	512
half_step_2	0.11852183876512917	0.0005612263389967427	4	5	3	1.25	1106669614.5346649	208521.0556185647	0.0061735132039757445	-18.250451317112425	518
full_step	0.11908306510412592	0.005612263389967427	8	32	9	4	1106669614.5346649	2200706.8438165626	0.024450649854315998	-18.16810990410209	492
full_step	0.11908306510412592	0.0028061316949837137	5	20	10	4	1106669614.5346649	1804034.608523259	0.024450649854315998	-18.16810990410209	492
full_step	0.11908306510412592	0.0014030658474918569	4	13	13	3.25	1106669614.5346649	1260270.4368338194	0.024450649854315998	-18.16810990410209	492
full_step	0.11908306510412592	0.0007015329237459284	3	14	14	4.666666666666667	1106669614.5346649	426281.56984856894	0.024450649854315998	-18.16810990410209	492
half_step_1	0.11908306510412592	0.0003507664618729642	3	12	12	4	1106669614.5346649	267654.8983115153	0.024450649854315998	-18.16810990410209	492
half_step_2	0.11943383156599888	0.0003507664618729642	3	7	5	2.3333333333333335	1106669614.5346649	79509.29058384344	0.005502943685314676	-18.10251969617997	504
full_step	0.11978459802787185	0.003507664618729642	3	2	2	0.6666666666666666	1106669614.5346649	3315334.0448267167	0.005530651638764539	-17.859199043752554	497
full_step	0.11978459802787185	0.001753832309364821	3	2	2	0.6666666666666666	1106669614.5346649	1952088.2019209925	0.005530651638764539	-17.859199043752554	497
full_step	0.11978459802787185	0.0008769161546824105	3	2	2	0.6666666666666666	1106669614.5346649	488608.98314825766	0.005530651638764539	-17.859199043752554	497
full_step	0.11978459802787185	0.00043845807734120524	3	3	3	1	1106669614.5346649	122853.22927647238	0.005530651638764539	-17.859199043752554	497
full_step	0.11978459802787185	0.00021922903867060262	3	3	3	1	1106669614.5346649	31470.30820300582	0.005530651638764539	-17.859199043752554	497
half_step_1	0.11978459802787185	0.00010961451933530131	1	3	3	3	1106669614.5346649	8641.67575513318	0.005530651638764539	-17.859199043752554	497
half_step_2	0.11989421254720715	0.00010961451933530131	1	2	2	2	1106669614.5346649	8622.587708429674	0.0056223572082672035	-18.049855188620153	567
full_step	0.12000382706654245	0.001096145193353013	15	8	5	0.5333333333333333	1106669614.5346649	2853632.89601541	0.0057059831792685145	-17.703572319097322	578
half_step_1	0.12000382706654245	0.0005480725966765065	14	9	5	0.6428571428571429	1106669614.5346649	1121640.6873831942	0.0057059831792685145	-17.703572319097322	578
half_step_2	0.12055189966321896	0.0005480725966765065	22	114	10	5.181818181818182	1106669614.5346649	1809265.2628666966	0.4366209899922069	-17.381371874110798	596
full_step	0.12109997225989545	0.003189297424403822	10	60	11	6	1106669614.5346649	4342091.591268379	0.20085239962827472	-17.806954817641728	631
half_step_1	0.12109997225989545	0.001594648712201911	7	28	8	4	1106669614.5346649	1489390.5168633494	0.20085239962827472	-17.806954817641728	631
half_step_2	0.12269462097209737	0.001594648712201911	8	44	9	5.5	1106669614.5346649	1534409.3053160962	0.0023157728946898715	-17.516179650454525	599
full_step	0.12428926968429928	0.015946487122019112	13	29	9	2.230769230769231	1106669614.5346649	11643458.29577414	0.0031199354093587317	-17.531140775151236	610
half_step_1	0.12428926968429928	0.007973243561009556	6	10	4	1.6666666666666667	1106669614.5346649	9697960.439145204	0.0031199354093587317	-17.531140775151236	610
half_step_2	0.13226251324530883	0.007973243561009556	9	34	9	3.7777777777777777	1106669614.5346649	5947051.827628605	0	-17.428667353247526	592
full_step	0.12428926968429928	0.007973243561009556	12	26	6	2.1666666666666665	1106669614.5346649	9685282.65178193	0.0031199354093587317	-17.531140775151236	610
half_step_1	0.12428926968429928	0.003986621780504778	9	46	10	5.111111111111111	1106669614.5346649	10302195.248549681	0.0031199354093587317	-17.531140775151236	610
half_step_2	0.12827589146480406	0.003986621780504778	9	22	7	2.4444444444444446	1106669614.5346649	4715029.440359258	0	-17.164146313364984	644
full_step	0.13226251324530883	0.01726513722409	11	25	9	2.272727272727273	1106669614.5346649	11539601.071200011	0	-16.923994765513807	664
half_step_1	0.13226251324530883	0.008632568612045	9	16	5	1.7777777777777777	1106669614.5346649	5657322.620415271	0	-16.923994765513807	664
half_step_2	0.14089508185735383	0.008632568612045	10	42	10	4.2	1106669614.5346649	7156460.134628401	0	-17.90746015515668	615
full_step	0.14952765046939884	0.034364571352083456	16	40	8	2.5	1106669614.5346649	52514584.1919262	1.2195004428940592	-16.97130565258065	694
full_step	0.14952765046939884	0.017182285676041728	15	34	8	2.2666666666666666	1106669614.5346649	18141280.84873924	1.2195004428940592	-16.97130565258065	694
full_step	0.14952765046939884	0.008591142838020864	16	47	9	2.9375	1106669614.5346649	13592295.972553024	1.2195004428940592	-16.97130565258065	694
full_step	0.14952765046939884	0.004295571419010432	11	19	9	1.7272727272727273	1106669614.5346649	7262655.424263693	1.2195004428940592	-16.97130565258065	694
half_step_1	0.14952765046939884	0.002147785709505216	7	21	6	3	1106669614.5346649	2687914.9365479155	1.2195004428940592	-16.97130565258065	694
half_step_2	0.15167543617890406	0.002147785709505216	7	20	10	2.857142857142857	1106669614.5346649	4764371.5658083735	0.18085750717364135	-16.879094173474236	693
full_step	0.15382322188840927	0.017891710364761698	11	13	4	1.1818181818181819	1106669614.5346649	15001528.785863057	0.002419251046376303	-16.717542692456252	731
full_step	0.15382322188840927	0.008945855182380849	12	14	5	1.1666666666666667	1106669614.5346649	11006037.633009732	0.002419251046376303	-16.717542692456252	731
full_step	0.15382322188840927	0.0044729275911904245	9	8	4	0.8888888888888888	1106669614.5346649	6807760.550591195	0.002419251046376303	-16.717542692456252	731
full_step	0.15382322188840927	0.0022364637955952123	9	6	3	0.6666666666666666	1106669614.5346649	4446132.6107732775	0.002419251046376303	-16.717542692456252	731
half_step_1	0.15382322188840927	0.0011182318977976061	6	18	7	3	1106669614.5346649	3190521.3871027073	0.002419251046376303	-16.717542692456252	731
half_step_2	0.15494145378620688	0.0011182318977976061	14	56	15	4	1106669614.5346649	2440441.2952464	0.07935190187527041	-16.81704242105088	749
full_step	0.1560596856840045	0.008221333742955913	10	14	6	1.4	1106669614.5346649	7700658.862713494	0.0029452482085616793	-16.989275019310295	772
full_step	0.1560596856840045	0.0041106668714779564	8	15	7	1.875	1106669614.5346649	8006117.537094312	0.0029452482085616793	-16.989275019310295	772
full_step	0.1560596856840045	0.0020553334357389782	10	27	6	2.7	1106669614.5346649	4167227.1068100333	0.0029452482085616793	-16.989275019310295	772
full_step	0.1560596856840045	0.0010276667178694891	6	8	4	1.3333333333333333	1106669614.5346649	2278072.1842116034	0.0029452482085616793	-16.989275019310295	772
full_step	0.1560596856840045	0.0005138333589347446	6	15	5	2.5	1106669614.5346649	540932.1816558497	0.0029452482085616793	-16.989275019310295	772
half_step_1	0.1560596856840045	0.0002569166794673723	4	11	5	2.75	1106669614.5346649	87155.59760874938	0.0029452482085616793	-16.989275019310295	772
half_step_2	0.15631660236347186	0.0002569166794673723	4	12	5	3	1106669614.5346649	140221.4627599435	0.04731324373278767	-16.831346537608642	777
full_step	0.15657351904293923	0.002569166794673723	13	67	14	5.153846153846154	1106669614.5346649	6742884.24429181	0.16202089188664104	-16.735689008994715	811
full_step	0.15657351904293923	0.0012845833973368615	14	73	15	5.214285714285714	1106669614.5346649	3291149.9327987987	0.16202089188664104	-16.735689008994715	811
full_step	0.15657351904293923	0.0006422916986684307	17	81	10	4.764705882352941	1106669614.5346649	815590.0810800215	0.16202089188664104	-16.735689008994715	811
full_step	0.15657351904293923	0.0003211458493342154	11	45	8	4.090909090909091	1106669614.5346649	205534.86439078813	0.16202089188664104	-16.735689008994715	811
half_step_1	0.15657351904293923	0.0001605729246671077	5	20	6	4	1106669614.5346649	53730.339264106085	0.16202089188664104	-16.735689008994715	811
half_step_2	0.15673409196760635	0.0001605729246671077	2	3	3	1.5	1106669614.5346649	52360.05767180828	0.12191045438521542	-16.652217921379698	821
full_step	0.15689466489227344	0.001605729246671077	16	35	13	2.1875	1106669614.5346649	5088017.902050437	0.0661847343781119	-16.59341254920554	835
full_step	0.15689466489227344	0.0008028646233355385	11	0	0	0	1106669614.5346649	3586977.504888647	0.0661847343781119	-16.59341254920554	835
full_step	0.15689466489227344	0.00040143231166776924	10	0	0	0	1106669614.5346649	2685036.9774441323	0.0661847343781119	-16.59341254920554	835
full_step	0.15689466489227344	0.00020071615583388462	11	3	3	0.2727272727272727	1106669614.5346649	1725182.058761992	0.0661847343781119	-16.59341254920554	835
half_step_1	0.15689466489227344	0.00010035807791694231	7	0	0	0	1106669614.5346649	1139619.1857728867	0.0661847343781119	-16.59341254920554	835
half_step_2	0.15699502297019038	0.00010035807791694231	16	83	12	5.1875	1106669614.5346649	1861625.6716772676	0.9036384710107086	-16.57981845937226	820
full_step	0.15709538104810733	0.001003580779169423	17	10	4	0.5882352941176471	1616372112.3393571	6352775.695570405	0.8957002092338371	-16.611951293564335	864
half_step_1	0.15709538104810733	0.0005017903895847115	13	7	4	0.5384615384615384	1616372112.3393571	2757148.5091679557	0.8957002092338371	-16.611951293564335	864
half_step_2	0.15759717143769203	0.0005017903895847115	24	134	12	5.583333333333333	1616372112.3393571	1419870.9715080177	0.8656375456903334	-16.158863877322197	914
full_step	0.15809896182727676	0.002858618996775994	16	57	10	3.5625	1616372112.3393571	3916988.0971138226	0.4250191166484001	-16.071628478831858	972
half_step_1	0.15809896182727676	0.001429309498387997	10	27	8	2.7	1616372112.3393571	3859241.5446464866	0.4250191166484001	-16.071628478831858	972
half_step_2	0.15952827132566474	0.001429309498387997	7	4	4	0.5714285714285714	1616372112.3393571	5464175.269048097	0.02214953472457637	-16.039936984428188	995
full_step	0.16095758082405276	0.01429309498387997	13	29	6	2.230769230769231	1616372112.3393571	13963289.093654165	0.010657641916623106	-16.219971492813386	976
half_step_1	0.16095758082405276	0.007146547491939985	12	49	9	4.083333333333333	1616372112.3393571	10041753.29721637	0.010657641916623106	-16.219971492813386	976
half_step_2	0.16810412831599275	0.007146547491939985	14	35	11	2.5	1616372112.3393571	14197946.189654505	0.09287334884083975	-16.672759357271648	1065
full_step	0.17525067580793274	0.019606989500303974	13	31	7	2.3846153846153846	1616372112.3393571	19029546.63521176	0.09801069364084469	-16.791527013298936	1012
full_step	0.17525067580793274	0.009803494750151987	12	19	6	1.5833333333333333	1616372112.3393571	9983563.114232253	0.09801069364084469	-16.791527013298936	1012
half_step_1	0.17525067580793274	0.004901747375075993	10	26	7	2.6	1616372112.3393571	7812035.550812883	0.09801069364084469	-16.791527013298936	1012
half_step_2	0.18015242318300873	0.004901747375075993	11	35	8	3.1818181818181817	1616372112.3393571	9454498.55968488	0.6150756411466318	-16.616558922380754	960
full_step	0.18505417055808474	0.013098263565212313	17	93	13	5.470588235294118	1616372112.3393571	10669425.231609683	0.6052419695733988	-16.510421883415155	960
full_step	0.18505417055808474	0.006549131782606157	14	71	11	5.071428571428571	1616372112.3393571	10057787.727564024	0.6052419695733988	-16.510421883415155	960
full_step	0.18505417055808474	0.0032745658913030783	9	41	10	4.555555555555555	1616372112.3393571	7845422.567310685	0.6052419695733988	-16.510421883415155	960
full_step	0.18505417055808474	0.0016372829456515392	11	41	9	3.727272727272727	1616372112.3393571	2757390.0636086664	0.6052419695733988	-16.510421883415155	960
half_step_1	0.18505417055808474	0.0008186414728257696	9	30	10	3.3333333333333335	1616372112.3393571	1621001.929605887	0.6052419695733988	-16.510421883415155	960
half_step_2	0.1858728120309105	0.0008186414728257696	9	35	11	3.888888888888889	1616372112.3393571	1575175.35181381	0.05564748586039059	-16.5991857106256	960
full_step	0.18669145350373628	0.006703202942686542	16	55	11	3.4375	1616372112.3393571	8663479.901160091	0.18254107719258172	-16.57913713417659	990
full_step	0.18669145350373628	0.003351601471343271	11	31	9	2.8181818181818183	1616372112.3393571	8340943.985357594	0.18254107719258172	-16.57913713417659	990
full_step	0.18669145350373628	0.0016758007356716354	10	32	9	3.2	1616372112.3393571	4810248.136879267	0.18254107719258172	-16.57913713417659	990
full_step	0.18669145350373628	0.0008379003678358177	7	19	7	2.7142857142857144	1616372112.3393571	2378360.551660995	0.18254107719258172	-16.57913713417659	990
full_step	0.18669145350373628	0.00041895018391790886	5	0	0	0	1616372112.3393571	390499.41168853774	0.18254107719258172	-16.57913713417659	990
full_step	0.18669145350373628	0.00020947509195895443	4	0	0	0	1616372112.3393571	98776.06454667391	0.18254107719258172	-16.57913713417659	990
full_step	0.18669145350373628	0.00010473754597947722	4	0	0	0	1616372112.3393571	25745.93273886084	0.18254107719258172	-16.57913713417659	990
half_step_1	0.18669145350373628	5.236877298973861e-05	2	2	2	1	1616372112.3393571	10674.934830238915	0.18254107719258172	-16.57913713417659	990
half_step_2	0.186743822276726	5.236877298973861e-05	4	10	8	2.5	1616372112.3393571	44682.71032417792	0.23202113175648265	-16.598442731232893	1012
full_step	0.18679619104971576	0.0005236877298973861	22	44	9	2	3911607727.386254	3243424.3887344706	0.3069088221200218	-16.577354564407315	1067
full_step	0.18679619104971576	0.00026184386494869307	20	40	11	2	3911607727.386254	784072.6202918399	0.3069088221200218	-16.577354564407315	1067
full_step	0.18679619104971576	0.00013092193247434653	23	46	9	2	3911607727.386254	281514.6309432807	0.3069088221200218	-16.577354564407315	1067
half_step_1	0.18679619104971576	6.546096623717327e-05	11	22	9	2	3911607727.386254	59188.87241907231	0.3069088221200218	-16.577354564407315	1067
half_step_2	0.18686165201595292	6.546096623717327e-05	21	83	12	3.9523809523809526	3911607727.386254	654635.5278770623	0.45274354803405004	-16.67872728313094	1157
full_step	0.1869271129821901	0.0006318187514314479	34	160	14	4.705882352941177	3911607727.386254	4549555.543297178	0.8500549467844394	-16.34989314176928	1191
half_step_1	0.1869271129821901	0.00031590937571572395	23	120	15	5.217391304347826	3911607727.386254	3532793.2002695473	0.8500549467844394	-16.34989314176928	1191
half_step_2	0.18724302235790583	0.00031590937571572395	17	103	13	6.0588235294117645	3911607727.386254	1596975.9384587377	1.0379143292666413	-16.187951497684452	1185
full_step	0.18755893173362156	0.0016499252242044256	9	18	5	2	3911607727.386254	2500973.6134173665	0.9613236693967337	-16.311040986947557	1187
half_step_1	0.18755893173362156	0.0008249626121022128	6	11	4	1.8333333333333333	3911607727.386254	2438845.357412784	0.9613236693967337	-16.311040986947557	1187
half_step_2	0.18838389434572378	0.0008249626121022128	5	19	7	3.8	3911607727.386254	1739970.3613923993	0.43803723855489807	-16.544768701527676	1140
full_step	0.189208856957826	0.008249626121022128	22	78	13	3.5454545454545454	3911607727.386254	17346778.491202142	0.14998201164962666	-16.488828933078523	1155
full_step	0.189208856957826	0.004124813060511064	18	50	7	2.7777777777777777	3911607727.386254	5574156.334475412	0.14998201164962666	-16.488828933078523	1155
full_step	0.189208856957826	0.002062406530255532	17	59	10	3.4705882352941178	3911607727.386254	4414455.027334331	0.14998201164962666	-16.488828933078523	1155
half_step_1	0.189208856957826	0.001031203265127766	6	8	5	1.3333333333333333	3911607727.386254	1708506.0381033577	0.14998201164962666	-16.488828933078523	1155
half_step_2	0.19024006022295376	0.001031203265127766	8	9	5	1.125	3911607727.386254	1545539.989328886	0.16090213124516595	-16.239987507468527	1140
full_step	0.19127126348808152	0.010312032651277659	25	87	10	3.48	3911607727.386254	16530878.200113438	0.06467852709829458	-16.23286067894207	1167
full_step	0.19127126348808152	0.0051560163256388295	17	52	9	3.0588235294117645	3911607727.386254	9598517.574458204	0.06467852709829458	-16.23286067894207	1167
half_step_1	0.19127126348808152	0.0025780081628194148	14	42	7	3	3911607727.386254	4003753.9417126942	0.06467852709829458	-16.23286067894207	1167
half_step_2	0.19384927165090093	0.0025780081628194148	18	63	11	3.5	3911607727.386254	4028531.035349203	0.2839547995135945	-16.016844086005616	1201
full_step	0.19642727981372035	0.010125987100240513	15	32	8	2.1333333333333333	3911607727.386254	15898239.017753383	0.03393277295072039	-15.837468959053329	1258
half_step_1	0.19642727981372035	0.005062993550120257	15	44	8	2.933333333333333	3911607727.386254	12634104.761460477	0.03393277295072039	-15.837468959053329	1258
half_step_2	0.20149027336384062	0.005062993550120257	16	42	9	2.625	3911607727.386254	8291685.549340649	0	-16.544775819436655	1156
full_step	0.20655326691396086	0.0140782867469138	17	68	11	4	3911607727.386254	15007926.788397375	0.3498959039102374	-16.614257612197587	1125
full_step	0.20655326691396086	0.0070391433734569	20	96	13	4.8	3911607727.386254	6509255.008343415	0.3498959039102374	-16.614257612197587	1125
full_step	0.20655326691396086	0.00351957168672845	13	53	12	4.076923076923077	3911607727.386254	4439919.373956762	0.3498959039102374	-16.614257612197587	1125
half_step_1	0.20655326691396086	0.001759785843364225	12	42	10	3.5	3911607727.386254	2840270.342832234	0.3498959039102374	-16.614257612197587	1125
half_step_2	0.2083130527573251	0.001759785843364225	15	75	11	5	3911607727.386254	3042163.5436869264	0.05407511141129362	-16.291634715056436	1134
full_step	0.21007283860068932	0.011798334626130367	17	38	7	2.235294117647059	3911607727.386254	15780200.96989745	0.15750213842511585	-16.316937842325757	1183
full_step	0.21007283860068932	0.0058991673130651835	20	78	10	3.9	3911607727.386254	11521203.328148512	0.15750213842511585	-16.316937842325757	1183
full_step	0.21007283860068932	0.0029495836565325917	24	97	12	4.041666666666667	3911607727.386254	10225856.647108681	0.15750213842511585	-16.316937842325757	1183
full_step	0.21007283860068932	0.0014747918282662959	15	58	11	3.8666666666666667	3911607727.386254	2432802.261414916	0.15750213842511585	-16.316937842325757	1183
half_step_1	0.21007283860068932	0.0007373959141331479	6	19	10	3.1666666666666665	3911607727.386254	1055702.4293102925	0.15750213842511585	-16.316937842325757	1183
half_step_2	0.21081023451482248	0.0007373959141331479	6	25	12	4.166666666666667	3911607727.386254	1116075.6016752725	0.17301402842895186	-16.20921241521837	1163
full_step	0.2115476304289556	0.007373959141331479	19	59	9	3.1052631578947367	3911607727.386254	12012162.349572094	0.11038201453266083	-16.16315032831939	1146
full_step	0.2115476304289556	0.0036869795706657394	13	43	11	3.3076923076923075	3911607727.386254	6052620.65291312	0.11038201453266083	-16.16315032831939	1146
full_step	0.2115476304289556	0.0018434897853328697	13	50	12	3.8461538461538463	3911607727.386254	3423059.8617015746	0.11038201453266083	-16.16315032831939	1146
full_step	0.2115476304289556	0.0009217448926664349	10	40	12	4	3911607727.386254	1679533.2637543587	0.11038201453266083	-16.16315032831939	1146
half_step_1	0.2115476304289556	0.00046087244633321743	8	20	8	2.5	3911607727.386254	423612.96374275105	0.11038201453266083	-16.16315032831939	1146
half_step_2	0.21200850287528883	0.00046087244633321743	7	3	3	0.42857142857142855	3911607727.386254	439362.69648074213	0.09210485656331002	-16.284982393412314	1169
full_step	0.21246937532162205	0.0046087244633321745	24	73	10	3.0416666666666665	3911607727.386254	19385247.92459833	0.09655265051515016	-16.425433870795274	1159
full_step	0.21246937532162205	0.0023043622316660873	24	118	14	4.916666666666667	3911607727.386254	10612667.920354329	0.09655265051515016	-16.425433870795274	1159
full_step	0.21246937532162205	0.0011521811158330436	23	79	13	3.4347826086956523	3911607727.386254	6876504.58453893	0.09655265051515016	-16.425433870795274	1159
full_step	0.21246937532162205	0.0005760905579165218	15	35	10	2.3333333333333335	3911607727.386254	5975979.486651869	0.09655265051515016	-16.425433870795274	1159
full_step	0.21246937532162205	0.0002880452789582609	14	30	11	2.142857142857143	3911607727.386254	2223371.6856349236	0.09655265051515016	-16.425433870795274	1159
half_step_1	0.21246937532162205	0.00014402263947913045	8	2	2	0.25	3911607727.386254	316171.3977234966	0.09655265051515016	-16.425433870795274	1159
half_step_2	0.21261339796110118	0.00014402263947913045	21	118	12	5.619047619047619	3911607727.386254	2746015.538614985	0.8732161933094176	-16.268088833673538	1161
full_step	0.2127574206005803	0.00124798948255412	23	90	12	3.9130434782608696	3911607727.386254	5605289.80382793	1.0077252130431589	-16.20230695637916	1157
full_step	0.2127574206005803	0.00062399474127706	22	73	9	3.3181818181818183	3911607727.386254	3204195.8730142415	1.0077252130431589	-16.20230695637916	1157
full_step	0.2127574206005803	0.00031199737063853	21	60	10	2.857142857142857	3911607727.386254	2856814.82880949	1.0077252130431589	-16.20230695637916	1157
full_step	0.2127574206005803	0.000155998685319265	15	20	9	1.3333333333333333	3911607727.386254	1717720.3180292759	1.0077252130431589	-16.20230695637916	1157
full_step	0.2127574206005803	7.79993426596325e-05	11	9	7	0.8181818181818182	3911607727.386254	1042561.769331035	1.0077252130431589	-16.20230695637916	1157
half_step_1	0.2127574206005803	3.899967132981625e-05	6	6	4	1	3911607727.386254	974166.3245632803	1.0077252130431589	-16.20230695637916	1157
half_step_2	0.21279642027191012	3.899967132981625e-05	10	0	0	0	3911607727.386254	965948.1703543713	0.9955752738424053	-16.13990390674391	1162
full_step	0.21283541994323996	0.0003899967132981625	25	96	9	3.84	3911607727.386254	3806052.742721399	0.9898993162405532	-16.05323223867943	1213
half_step_1	0.21283541994323996	0.00019499835664908125	17	44	12	2.588235294117647	3911607727.386254	4029930.7975983657	0.9898993162405532	-16.05323223867943	1213
half_step_2	0.21303041829988903	0.00019499835664908125	24	134	12	5.583333333333333	3911607727.386254	2350020.1260029892	1.0047559507656842	-15.960478468304789	1217
full_step	0.21322541665653813	0.0013541212336047714	17	77	11	4.529411764705882	3911607727.386254	5000849.483277704	0.9961002928594098	-15.886472964822298	1207
full_step	0.21322541665653813	0.0006770606168023857	14	65	14	4.642857142857143	3911607727.386254	4716152.131636641	0.9961002928594098	-15.886472964822298	1207
full_step	0.21322541665653813	0.00033853030840119285	11	42	12	3.8181818181818183	3911607727.386254	3802720.5783811165	0.9961002928594098	-15.886472964822298	1207
full_step	0.21322541665653813	0.00016926515420059642	13	60	15	4.615384615384615	3911607727.386254	3034750.596985676	0.9961002928594098	-15.886472964822298	1207
full_step	0.21322541665653813	8.463257710029821e-05	10	50	10	5	3911607727.386254	2566808.530421866	0.9961002928594098	-15.886472964822298	1207
half_step_1	0.21322541665653813	4.2316288550149106e-05	7	16	5	2.2857142857142856	3911607727.386254	1683698.4401774737	0.9961002928594098	-15.886472964822298	1207
half_step_2	0.21326773294508827	4.2316288550149106e-05	5	10	7	2	3911607727.386254	1553669.9047164854	0.9973659107927233	-15.92359592887625	1231
full_step	0.21331004923363842	0.0004231628855014911	23	76	9	3.3043478260869565	3911607727.386254	3536902.698625477	0.9923475055602466	-16.189078761947066	1307
half_step_1	0.21331004923363842	0.00021158144275074554	18	56	14	3.111111111111111	3911607727.386254	1933047.7034127056	0.9923475055602466	-16.189078761947066	1307
half_step_2	0.21352163067638916	0.00021158144275074554	16	31	8	1.9375	3911607727.386254	948944.1118179051	0.6415968058190629	-15.665792691066718	1259
full_step	0.2137332121191399	0.0021158144275074554	29	100	15	3.4482758620689653	3911607727.386254	6830799.014693803	0.788594279139943	-15.8848887920355	1257
half_step_1	0.2137332121191399	0.0010579072137537277	18	63	13	3.5	3911607727.386254	5087600.790958316	0.788594279139943	-15.8848887920355	1257
half_step_2	0.21479111933289363	0.0010579072137537277	14	57	12	4.071428571428571	3911607727.386254	2091901.2903843354	0.6197540211433079	-16.076408440663688	1349
full_step	0.21584902654664737	0.004299117201930929	21	77	10	3.6666666666666665	3911607727.386254	8030182.47901496	0.24959628339183837	-16.29393528404017	1301
full_step	0.21584902654664737	0.0021495586009654647	22	68	13	3.090909090909091	3911607727.386254	3824584.443909439	0.24959628339183837	-16.29393528404017	1301
half_step_1	0.21584902654664737	0.0010747793004827323	12	29	8	2.4166666666666665	3911607727.386254	1510870.969347424	0.24959628339183837	-16.29393528404017	1301
half_step_2	0.21692380584713009	0.0010747793004827323	8	7	4	0.875	3911607727.386254	1689537.929120423	0.031495438536694564	-16.594287806698436	1327
full_step	0.21799858514761283	0.008561233446044465	19	38	6	2	3911607727.386254	12115856.166934809	0.08671398293699895	-16.36826159824995	1355
half_step_1	0.21799858514761283	0.0042806167230222325	15	33	6	2.2	3911607727.386254	9333453.137056848	0.08671398293699895	-16.36826159824995	1355
half_step_2	0.22227920187063507	0.0042806167230222325	13	49	10	3.769230769230769	3911607727.386254	5845097.681111238	0.2749908220866928	-16.572130350829458	1384
full_step	0.2265598185936573	0.008561233446044465	12	21	6	1.75	3911607727.386254	10047866.391498087	0	-16.371002458007325	1171
full_step	0.2265598185936573	0.0042806167230222325	14	24	5	1.7142857142857142	3911607727.386254	8197615.106720108	0	-16.371002458007325	1171
full_step	0.2265598185936573	0.0021403083615111162	9	11	5	1.2222222222222223	3911607727.386254	5612656.32729104	0	-16.371002458007325	1171
half_step_1	0.2265598185936573	0.0010701541807555581	6	8	4	1.3333333333333333	3911607727.386254	2117710.6845577587	0	-16.371002458007325	1171
half_step_2	0.22762997277441285	0.0010701541807555581	10	29	10	2.9	3911607727.386254	2293843.5136151435	0.021079766978800762	-16.693745294645115	1148
full_step	0.2287001269551684	0.01023141118083564	18	63	8	3.5	3911607727.386254	21495428.58971589	0.2373190733778756	-16.540996700354643	1180
full_step	0.2287001269551684	0.00511570559041782	12	30	11	2.5	3911607727.386254	12420815.559370486	0.2373190733778756	-16.540996700354643	1180
half_step_1	0.2287001269551684	0.00255785279520891	8	16	7	2	3911607727.386254	7051297.759834037	0.2373190733778756	-16.540996700354643	1180
half_step_2	0.2312579797503773	0.00255785279520891	13	62	10	4.769230769230769	3911607727.386254	7469423.317329045	0.014065701372601325	-16.604559419549187	1126
full_step	0.23381583254558622	0.011732136642155538	14	28	7	2	3911607727.386254	13286347.348743495	0.06378894302361005	-16.325098804533408	1106
full_step	0.23381583254558622	0.005866068321077769	19	85	12	4.473684210526316	3911607727.386254	17201126.918461196	0.06378894302361005	-16.325098804533408	1106
half_step_1	0.23381583254558622	0.0029330341605388844	10	38	11	3.8	3911607727.386254	12148488.19928873	0.06378894302361005	-16.325098804533408	1106
half_step_2	0.2367488667061251	0.0029330341605388844	11	33	6	3	3911607727.386254	11917089.988408921	0.009251540906461742	-16.401572482053645	1133
full_step	0.239681900866664	0.011265451454992716	12	24	8	2	3911607727.386254	13935159.63063048	0.004321736380461516	-16.498659620895253	1078
full_step	0.239681900866664	0.005632725727496358	10	20	6	2	3911607727.386254	16878055.83879615	0.004321736380461516	-16.498659620895253	1078
full_step	0.239681900866664	0.002816362863748179	9	18	4	2	3911607727.386254	12075080.834577056	0.004321736380461516	-16.498659620895253	1078
half_step_1	0.239681900866664	0.0014081814318740895	9	53	11	5.888888888888889	3911607727.386254	7085881.413557578	0.004321736380461516	-16.498659620895253	1078
half_step_2	0.2410900822985381	0.0014081814318740895	8	24	10	3	3911607727.386254	7180364.520927055	0.03762380595026116	-16.21889643912202	1080
full_step	0.24249826373041217	0.014081814318740896	16	30	6	1.875	3911607727.386254	14847939.502708377	0.027657090229695314	-16.0753394547658	1136
full_step	0.24249826373041217	0.007040907159370448	21	48	7	2.2857142857142856	3911607727.386254	16151576.171433834	0.027657090229695314	-16.0753394547658	1136
full_step	0.24249826373041217	0.003520453579685224	16	36	11	2.25	3911607727.386254	13194804.552401794	0.027657090229695314	-16.0753394547658	1136
full_step	0.24249826373041217	0.001760226789842612	15	57	14	3.8	3911607727.386254	8129125.079773194	0.027657090229695314	-16.0753394547658	1136
half_step_1	0.24249826373041217	0.000880113394921306	9	40	11	4.444444444444445	3911607727.386254	3427275.70425768	0.027657090229695314	-16.0753394547658	1136
half_step_2	0.24337837712533347	0.000880113394921306	10	41	14	4.1	3911607727.386254	3255697.8891706956	0.031410836186296365	-15.963247067423758	1142
full_step	0.24425849052025478	0.0065988424874322245	21	81	9	3.857142857142857	3911607727.386254	11848097.466926709	0.17649754007652518	-16.06053280044127	1146
full_step	0.24425849052025478	0.0032994212437161123	25	101	16	4.04	3911607727.386254	6751819.638060477	0.17649754007652518	-16.06053280044127	1146
full_step	0.24425849052025478	0.0016497106218580561	24	105	11	4.375	3911607727.386254	3538145.222039379	0.17649754007652518	-16.06053280044127	1146
full_step	0.24425849052025478	0.0008248553109290281	17	62	10	3.6470588235294117	3911607727.386254	1367589.2777889525	0.17649754007652518	-16.06053280044127	1146
half_step_1	0.24425849052025478	0.00041242765546451403	7	12	6	1.7142857142857142	3911607727.386254	377079.12433227524	0.17649754007652518	-16.06053280044127	1146
half_step_2	0.2446709181757193	0.00041242765546451403	4	3	3	0.75	3911607727.386254	933758.1705514251	0.21495466297710664	-16.31578041751472	1205
full_step	0.2450833458311838	0.00412427655464514	29	135	11	4.655172413793103	3911607727.386254	11040088.209645348	0.21217362783136196	-16.37184611260299	1201
half_step_1	0.2450833458311838	0.00206213827732257	13	50	10	3.8461538461538463	3911607727.386254	3780692.3285457254	0.21217362783136196	-16.37184611260299	1201
half_step_2	0.24714548410850637	0.00206213827732257	13	57	9	4.384615384615385	3911607727.386254	7239252.598117932	0.006399766874437773	-16.733949720249477	1153
full_step	0.24920762238582894	0.012167291186609553	14	39	8	2.7857142857142856	3911607727.386254	16764141.894945623	0	-16.693047849914077	1151
half_step_1	0.24920762238582894	0.006083645593304776	13	25	6	1.9230769230769231	3911607727.386254	7538366.084890213	0	-16.693047849914077	1151
half_step_2	0.2552912679791337	0.006083645593304776	15	69	9	4.6	3911607727.386254	12204397.549937624	0.18841306884860387	-17.041272127616644	1073
full_step	0.24920762238582894	0.006083645593304776	13	22	5	1.6923076923076923	3911607727.386254	7538366.591220704	0	-16.693047849914077	1151
half_step_1	0.24920762238582894	0.003041822796652388	15	49	8	3.2666666666666666	3911607727.386254	6172661.819137771	0	-16.693047849914077	1151
half_step_2	0.2522494451824813	0.003041822796652388	16	64	14	4	3911607727.386254	6260893.159989397	0.03950491830983083	-16.40531789989096	1162
full_step	0.2552912679791337	0.01590561906806485	11	26	9	2.3636363636363638	3911607727.386254	18135396.0127673	0.026069473906318308	-16.55264414632512	1143
full_step	0.2552912679791337	0.007952809534032426	12	38	8	3.1666666666666665	3911607727.386254	12172234.836251855	0.026069473906318308	-16.55264414632512	1143
full_step	0.2552912679791337	0.003976404767016213	9	31	6	3.4444444444444446	3911607727.386254	6737670.059636326	0.026069473906318308	-16.55264414632512	1143
full_step	0.2552912679791337	0.0019882023835081065	8	29	8	3.625	3911607727.386254	4438339.242208089	0.026069473906318308	-16.55264414632512	1143
half_step_1	0.2552912679791337	0.0009941011917540532	6	25	7	4.166666666666667	3911607727.386254	1920874.10471543	0.026069473906318308	-16.55264414632512	1143
half_step_2	0.25628536917088773	0.0009941011917540532	5	19	11	3.8	3911607727.386254	1656021.3563018343	0.07058983322713175	-16.59566323707002	1117
full_step	0.2572794703626418	0.009941011917540533	14	19	5	1.3571428571428572	3911607727.386254	15543833.119011369	0.030426426375470328	-16.72364324031624	1200
half_step_1	0.2572794703626418	0.004970505958770266	17	66	10	3.8823529411764706	3911607727.386254	10206793.983667772	0.030426426375470328	-16.72364324031624	1200
half_step_2	0.26224997632141206	0.004970505958770266	13	75	9	5.769230769230769	3911607727.386254	6565845.38655363	0.037975534733050154	-16.876707935457425	1135
full_step	0.26722048228018236	0.01595726936619749	13	28	7	2.1538461538461537	3911607727.386254	35449555.64524055	0.013144616888894234	-16.49803428452305	1063
full_step	0.26722048228018236	0.007978634683098744	12	23	5	1.9166666666666667	3911607727.386254	14821123.759179767	0.013144616888894234	-16.49803428452305	1063
full_step	0.26722048228018236	0.003989317341549372	9	25	6	2.7777777777777777	3911607727.386254	8668147.19797004	0.013144616888894234	-16.49803428452305	1063
half_step_1	0.26722048228018236	0.001994658670774686	9	26	7	2.888888888888889	3911607727.386254	4813939.024501333	0.013144616888894234	-16.49803428452305	1063
half_step_2	0.26921514095095705	0.001994658670774686	15	55	10	3.6666666666666665	3911607727.386254	6811141.922385959	0.05242080988318776	-16.311279797756026	1119
full_step	0.27120979962173175	0.011663632952700327	15	26	6	1.7333333333333334	3911607727.386254	24739750.460715115	0.058990560844904394	-16.25888530393998	1122
full_step	0.27120979962173175	0.005831816476350163	20	51	9	2.55	3911607727.386254	8639734.683963155	0.058990560844904394	-16.25888530393998	1122
full_step	0.27120979962173175	0.0029159082381750817	17	34	9	2	3911607727.386254	8116216.174734943	0.058990560844904394	-16.25888530393998	1122
half_step_1	0.27120979962173175	0.0014579541190875408	13	50	12	3.8461538461538463	3911607727.386254	5238339.517065008	0.058990560844904394	-16.25888530393998	1122
half_step_2	0.2726677537408193	0.0014579541190875408	10	15	4	1.5	3911607727.386254	5078876.599401847	0.025110819155088393	-16.21107691261678	1135
full_step	0.2741257078599068	0.011302957679412808	12	26	7	2.1666666666666665	3911607727.386254	19401238.327187512	0.05608115718678164	-16.083696156602645	1145
half_step_1	0.2741257078599068	0.005651478839706404	14	45	7	3.2142857142857144	3911607727.386254	13416278.687850028	0.05608115718678164	-16.083696156602645	1145
half_step_2	0.2797771866996132	0.005651478839706404	13	58	8	4.461538461538462	3911607727.386254	8677945.842750499	0.12308371465951495	-16.50030481637735	994
full_step	0.2854286655393196	0.016189757078091414	11	34	10	3.090909090909091	3911607727.386254	19966566.265397456	0.015980371776095126	-16.02798711859525	957
full_step	0.2854286655393196	0.008094878539045707	12	33	8	2.75	3911607727.386254	10941238.911182487	0.015980371776095126	-16.02798711859525	957
half_step_1	0.2854286655393196	0.004047439269522854	11	37	9	3.3636363636363638	3911607727.386254	9564196.704191212	0.015980371776095126	-16.02798711859525	957
half_step_2	0.28947610480884245	0.004047439269522854	14	86	9	6.142857142857143	3911607727.386254	11558861.545385199	0.020325499257523916	-16.20499082035719	990
full_step	0.29352354407836534	0.017245722698617908	14	31	8	2.2142857142857144	3911607727.386254	22559180.066717982	0.0049270535055256914	-16.053437802828505	944
full_step	0.29352354407836534	0.008622861349308954	11	23	8	2.090909090909091	3911607727.386254	12239729.45716798	0.0049270535055256914	-16.053437802828505	944
full_step	0.29352354407836534	0.004311430674654477	12	36	7	3	3911607727.386254	7904661.718136558	0.0049270535055256914	-16.053437802828505	944
half_step_1	0.29352354407836534	0.0021557153373272385	11	69	9	6.2727272727272725	3911607727.386254	3525191.3854187005	0.0049270535055256914	-16.053437802828505	944
half_step_2	0.29567925941569256	0.0021557153373272385	11	33	8	3	3911607727.386254	4263763.446550915	0.0004428633092175005	-15.860939430477995	953
full_step	0.29783497475301984	0.018614565453582987	19	45	10	2.3684210526315788	3911607727.386254	25687890.352157596	0.06854211900645168	-15.716967421702172	1016
full_step	0.29783497475301984	0.009307282726791493	20	54	10	2.7	3911607727.386254	18913400.407188307	0.06854211900645168	-15.716967421702172	1016
full_step	0.29783497475301984	0.004653641363395747	17	34	6	2	3911607727.386254	15581866.73006877	0.06854211900645168	-15.716967421702172	1016
full_step	0.29783497475301984	0.0023268206816978733	19	51	9	2.6842105263157894	3911607727.386254	6396534.08455055	0.06854211900645168	-15.716967421702172	1016
half_step_1	0.29783497475301984	0.0011634103408489367	10	24	7	2.4	3911607727.386254	4203548.890312188	0.06854211900645168	-15.716967421702172	1016
half_step_2	0.2989983850938688	0.0011634103408489367	20	109	13	5.45	3911607727.386254	2185383.8258724404	0.08015183674751825	-15.28580775205017	1003
full_step	0.3001617954347177	0.006424002580062004	16	66	8	4.125	3911607727.386254	13566312.166736646	0.2985897384423879	-15.724334726332431	1017
half_step_1	0.3001617954347177	0.003212001290031002	12	59	11	4.916666666666667	3911607727.386254	11441533.723529054	0.2985897384423879	-15.724334726332431	1017
half_step_2	0.30337379672474873	0.003212001290031002	11	53	7	4.818181818181818	3911607727.386254	6551265.010401396	0	-16.2768085592072	1018
full_step	0.3065857980147797	0.01075088726477002	18	37	6	2.0555555555555554	3911607727.386254	13344557.182559354	0.02796076485174126	-16.536238240256964	1038
full_step	0.3065857980147797	0.00537544363238501	16	28	5	1.75	3911607727.386254	16487876.50804431	0.02796076485174126	-16.536238240256964	1038
half_step_1	0.3065857980147797	0.002687721816192505	13	43	8	3.3076923076923075	3911607727.386254	7034364.249497083	0.02796076485174126	-16.536238240256964	1038
half_step_2	0.3092735198309722	0.002687721816192505	9	15	5	1.6666666666666667	3911607727.386254	11070371.267619686	0	-16.771536558571686	950
full_step	0.3119612416471647	0.012747192430067623	20	77	13	3.85	3911607727.386254	17213736.363692857	0.36042055571306264	-16.683176984679083	903
full_step	0.3119612416471647	0.0063735962150338115	24	102	12	4.25	3911607727.386254	10942734.423063155	0.36042055571306264	-16.683176984679083	903
half_step_1	0.3119612416471647	0.0031867981075169058	14	47	11	3.357142857142857	3911607727.386254	8630937.203547647	0.36042055571306264	-16.683176984679083	903
half_step_2	0.31514803975468164	0.0031867981075169058	12	44	9	3.6666666666666665	3911607727.386254	6892430.459899046	0.060471408874946064	-17.253141094404707	820
full_step	0.3183348378621985	0.010001742798458101	16	60	11	3.75	3911607727.386254	14337857.78618254	0.0611098987137666	-16.832425426676096	780
half_step_1	0.3183348378621985	0.0050008713992290505	21	103	8	4.904761904761905	3911607727.386254	9840980.064409152	0.0611098987137666	-16.832425426676096	780
half_step_2	0.3233357092614276	0.0050008713992290505	12	31	6	2.5833333333333335	3911607727.386254	8872609.436376346	0	-16.794721544587762	667
full_step	0.32833658066065663	0.01977360724314858	15	64	11	4.266666666666667	3911607727.386254	12166337.661762185	0	-17.086575601233125	664
full_step	0.32833658066065663	0.00988680362157429	12	57	12	4.75	3911607727.386254	6394240.765535629	0	-17.086575601233125	664
full_step	0.32833658066065663	0.004943401810787145	7	33	8	4.714285714285714	3911607727.386254	5356271.602042769	0	-17.086575601233125	664
half_step_1	0.32833658066065663	0.0024717009053935725	9	44	8	4.888888888888889	3911607727.386254	5414253.268735509	0	-17.086575601233125	664
half_step_2	0.3308082815660502	0.0024717009053935725	8	56	13	7	3911607727.386254	6998185.712474297	0.05803371079127828	-17.33036439449487	599
full_step	0.33327998247144375	0.009663810757837486	9	27	8	3	3911607727.386254	7620118.055152582	0.06868476522549827	-17.11281308300612	533
full_step	0.33327998247144375	0.004831905378918743	10	42	10	4.2	3911607727.386254	7242841.286432675	0.06868476522549827	-17.11281308300612	533
full_step	0.33327998247144375	0.0024159526894593714	7	31	9	4.428571428571429	3911607727.386254	4427851.345726795	0.06868476522549827	-17.11281308300612	533
half_step_1	0.33327998247144375	0.0012079763447296857	6	26	8	4.333333333333333	3911607727.386254	2693440.3291966785	0.06868476522549827	-17.11281308300612	533
half_step_2	0.33448795881617344	0.0012079763447296857	3	14	8	4.666666666666667	3911607727.386254	2643710.5916910744	0	-17.443450843875475	539
full_step	0.3356959351609031	0.012079763447296856	10	9	6	0.9	3911607727.386254	8436790.918305308	0.0035539162872737506	-17.36751425044787	534
full_step	0.3356959351609031	0.006039881723648428	8	16	7	2	3911607727.386254	6806046.282394894	0.0035539162872737506	-17.36751425044787	534
full_step	0.3356959351609031	0.003019940861824214	8	12	5	1.5	3911607727.386254	6088147.57362375	0.0035539162872737506	-17.36751425044787	534
full_step	0.3356959351609031	0.001509970430912107	7	12	7	1.7142857142857142	3911607727.386254	3712784.1012690086	0.0035539162872737506	-17.36751425044787	534
full_step	0.3356959351609031	0.0007549852154560535	4	4	4	1	3911607727.386254	1296336.5292730813	0.0035539162872737506	-17.36751425044787	534
half_step_1	0.3356959351609031	0.00037749260772802675	3	12	6	4	3911607727.386254	286001.5658296495	0.0035539162872737506	-17.36751425044787	534
half_step_2	0.33607342776863114	0.00037749260772802675	3	0	0	0	3911607727.386254	335768.5704518319	0.005110219251946546	-17.426529275450424	559
full_step	0.33645092037635915	0.0037749260772802678	12	41	7	3.4166666666666665	3911607727.386254	5433558.007422465	0.00886637085750408	-17.38641568078276	590
full_step	0.33645092037635915	0.0018874630386401339	8	29	8	3.625	3911607727.386254	4054284.319845777	0.00886637085750408	-17.38641568078276	590
full_step	0.33645092037635915	0.0009437315193200669	4	26	10	6.5	3911607727.386254	2101199.6794097153	0.00886637085750408	-17.38641568078276	590
full_step	0.33645092037635915	0.00047186575966003347	3	6	6	2	3911607727.386254	543445.1261559301	0.00886637085750408	-17.38641568078276	590
half_step_1	0.33645092037635915	0.00023593287983001673	2	6	5	3	3911607727.386254	128251.8452095335	0.00886637085750408	-17.38641568078276	590
half_step_2	0.3366868532561892	0.00023593287983001673	3	6	3	2	3911607727.386254	129758.31725279077	0.02367856658929668	-17.274265507275146	589
full_step	0.33692278613601917	0.0023593287983001672	10	39	10	3.9	3911607727.386254	3879446.742197571	0.009796983422347694	-17.23018552393173	593
full_step	0.33692278613601917	0.0011796643991500836	9	35	8	3.888888888888889	3911607727.386254	2240629.9872319666	0.009796983422347694	-17.23018552393173	593
full_step	0.33692278613601917	0.0005898321995750418	5	16	7	3.2	3911607727.386254	866674.5195581281	0.009796983422347694	-17.23018552393173	593
full_step	0.33692278613601917	0.0002949160997875209	5	16	7	3.2	3911607727.386254	216978.48966414062	0.009796983422347694	-17.23018552393173	593
full_step	0.33692278613601917	0.00014745804989376045	5	10	4	2	3911607727.386254	54139.888046374916	0.009796983422347694	-17.23018552393173	593
half_step_1	0.33692278613601917	7.372902494688023e-05	3	7	4	2.3333333333333335	3911607727.386254	15946.889231512809	0.009796983422347694	-17.23018552393173	593
half_step_2	0.33699651516096607	7.372902494688023e-05	2	5	3	2.5	3911607727.386254	16469.092119270736	0.010255805163978948	-17.25573894002708	624
full_step	0.3370702441859129	0.0007372902494688022	15	7	7	0.4666666666666667	3911607727.386254	6873772.1804736275	0.010497191822651075	-17.717110492143398	682
half_step_1	0.3370702441859129	0.0003686451247344011	17	15	6	0.8823529411764706	3911607727.386254	347888.1266588195	0.010497191822651075	-17.717110492143398	682
half_step_2	0.3374388893106473	0.0003686451247344011	10	15	11	1.5	3911607727.386254	443523.5209748964	0.5571211384585695	-17.565122765610585	703
full_step	0.3378075344353817	0.0021026018382545395	9	21	9	2.3333333333333335	3911607727.386254	4736453.8511181725	0.27509562497016304	-17.518849445632522	681
half_step_1	0.3378075344353817	0.0010513009191272698	5	8	5	1.6	3911607727.386254	1561486.6078332537	0.27509562497016304	-17.518849445632522	681
half_step_2	0.33885883535450895	0.0010513009191272698	7	35	13	5	3911607727.386254	3462498.787919204	0.3205299439596274	-17.633114925915326	675
full_step	0.33991013627363625	0.007184333137499513	16	20	4	1.25	3911607727.386254	6611143.021186575	0.011075001593781053	-17.366753813870226	685
full_step	0.33991013627363625	0.0035921665687497564	21	81	11	3.857142857142857	3911607727.386254	7287572.386495885	0.011075001593781053	-17.366753813870226	685
half_step_1	0.33991013627363625	0.0017960832843748782	12	42	10	3.5	3911607727.386254	4562940.566563803	0.011075001593781053	-17.366753813870226	685
half_step_2	0.3417062195580111	0.0017960832843748782	8	11	4	1.375	3911607727.386254	3956462.5599423824	0	-17.12651091079787	691
full_step	0.34350230284238603	0.013442792073738923	17	15	5	0.8823529411764706	3911607727.386254	12241245.679353215	0	-17.12201581349656	744
full_step	0.34350230284238603	0.006721396036869462	15	12	5	0.8	3911607727.386254	11039885.878190666	0	-17.12201581349656	744
full_step	0.34350230284238603	0.003360698018434731	16	9	4	0.5625	3911607727.386254	8196194.036904453	0	-17.12201581349656	744
half_step_1	0.34350230284238603	0.0016803490092173654	12	7	4	0.5833333333333334	3911607727.386254	4195551.865936651	0	-17.12201581349656	744
half_step_2	0.3451826518516034	0.0016803490092173654	10	8	5	0.8	3911607727.386254	3165325.570302816	0	-17.017396973662436	747
full_step	0.3468630008608208	0.0079684713227775	13	22	7	1.6923076923076923	3911607727.386254	4457286.515464673	0	-17.664402450053547	746
full_step	0.3468630008608208	0.00398423566138875	12	6	3	0.5	3911607727.386254	4904658.840180483	0	-17.664402450053547	746
half_step_1	0.3468630008608208	0.001992117830694375	10	45	8	4.5	3911607727.386254	5542230.398533415	0	-17.664402450053547	746
half_step_2	0.34885511869151514	0.001992117830694375	7	11	7	1.5714285714285714	3911607727.386254	1858131.6037841681	0	-17.682866824126368	779
full_step	0.3508472365222095	0.014150214354792537	15	26	6	1.7333333333333334	3911607727.386254	13832951.721431127	0	-17.753166393356047	819
full_step	0.3508472365222095	0.007075107177396268	13	18	5	1.3846153846153846	3911607727.386254	8933810.172678193	0	-17.753166393356047	819
full_step	0.3508472365222095	0.003537553588698134	10	7	4	0.7	3911607727.386254	7028192.463918523	0	-17.753166393356047	819
half_step_1	0.3508472365222095	0.001768776794349067	8	20	5	2.5	3911607727.386254	6302833.196833548	0	-17.753166393356047	819
half_step_2	0.35261601331655856	0.001768776794349067	8	9	4	1.125	3911607727.386254	2744916.7258810224	0.0009443795934203081	-17.723434150769627	814
full_step	0.3543847901109076	0.01768776794349067	13	20	6	1.5384615384615385	3911607727.386254	9375304.671463765	0.0031999033476495242	-17.500922338982633	798
full_step	0.3543847901109076	0.008843883971745336	12	13	6	1.0833333333333333	3911607727.386254	7244587.768354631	0.0031999033476495242	-17.500922338982633	798
full_step	0.3543847901109076	0.004421941985872668	15	38	9	2.533333333333333	3911607727.386254	6738055.279507469	0.0031999033476495242	-17.500922338982633	798
full_step	0.3543847901109076	0.002210970992936334	11	28	5	2.5454545454545454	3911607727.386254	5265505.37821992	0.0031999033476495242	-17.500922338982633	798
half_step_1	0.3543847901109076	0.001105485496468167	10	53	8	5.3	3911607727.386254	1674839.711559089	0.0031999033476495242	-17.500922338982633	798
half_step_2	0.3554902756073758	0.001105485496468167	8	28	9	3.5	3911607727.386254	3233203.786319956	0.015041486387417535	-17.24791811617892	802
full_step	0.35659576110384394	0.011054854964681669	17	34	6	2	3911607727.386254	9570382.388321081	0.002463834734953707	-17.25589603193121	842
half_step_1	0.35659576110384394	0.0055274274823408345	12	30	6	2.5	3911607727.386254	5139720.7193321595	0.002463834734953707	-17.25589603193121	842
half_step_2	0.36212318858618475	0.0055274274823408345	10	59	15	5.9	3911607727.386254	10913179.750075065	0	-17.681149270333815	616
full_step	0.3676506160685256	0.019020970291745144	6	30	11	5	3911607727.386254	9562879.700109454	0	-17.896189361376035	467
full_step	0.3676506160685256	0.009510485145872572	7	34	11	4.857142857142857	3911607727.386254	8416393.55983271	0	-17.896189361376035	467
full_step	0.3676506160685256	0.004755242572936286	7	27	9	3.857142857142857	3911607727.386254	5921553.820984366	0	-17.896189361376035	467
full_step	0.3676506160685256	0.002377621286468143	5	15	8	3	3911607727.386254	2883259.5681688273	0	-17.896189361376035	467
half_step_1	0.3676506160685256	0.0011888106432340715	4	20	8	5	3911607727.386254	2006104.5462860996	0	-17.896189361376035	467
half_step_2	0.3688394267117597	0.0011888106432340715	5	10	10	2	3911607727.386254	4419853.308510459	0.08685383428564819	-17.946429084684148	431
full_step	0.37002823735499374	0.010285343043662418	15	44	9	2.933333333333333	3911607727.386254	3830237.892768966	0.021541860483011988	-17.903887810914924	445
full_step	0.37002823735499374	0.005142671521831209	13	46	11	3.5384615384615383	3911607727.386254	5198652.522520349	0.021541860483011988	-17.903887810914924	445
full_step	0.37002823735499374	0.0025713357609156045	7	29	9	4.142857142857143	3911607727.386254	3142525.5096828514	0.021541860483011988	-17.903887810914924	445
full_step	0.37002823735499374	0.0012856678804578023	10	45	10	4.5	3911607727.386254	2323516.4873614265	0.021541860483011988	-17.903887810914924	445
half_step_1	0.37002823735499374	0.0006428339402289011	8	34	11	4.25	3911607727.386254	582167.6981315579	0.021541860483011988	-17.903887810914924	445
half_step_2	0.37067107129522264	0.0006428339402289011	4	9	4	2.25	3911607727.386254	215876.3355255852	0.004931347528327024	-17.954134649416105	438
full_step	0.37131390523545155	0.006428339402289011	16	41	9	2.5625	3911607727.386254	6085392.739797546	0.005843050865223631	-17.986229903877923	425
full_step	0.37131390523545155	0.0032141697011445055	17	59	11	3.4705882352941178	3911607727.386254	3546897.2183021707	0.005843050865223631	-17.986229903877923	425
full_step	0.37131390523545155	0.0016070848505722528	4	16	9	4	3911607727.386254	1555267.8896277428	0.005843050865223631	-17.986229903877923	425
full_step	0.37131390523545155	0.0008035424252861264	3	6	4	2	3911607727.386254	426964.6744608763	0.005843050865223631	-17.986229903877923	425
half_step_1	0.37131390523545155	0.0004017712126430632	2	7	6	3.5	3911607727.386254	84511.84685720227	0.005843050865223631	-17.986229903877923	425
half_step_2	0.3717156764480946	0.0004017712126430632	3	14	9	4.666666666666667	3911607727.386254	93159.27993340108	0.00810952726897085	-18.276177169061295	463
full_step	0.3721174476607377	0.004017712126430632	18	32	10	1.7777777777777777	3911607727.386254	7050892.265923229	0.007883564085204853	-18.26029773345948	508
full_step	0.3721174476607377	0.002008856063215316	15	23	9	1.5333333333333334	3911607727.386254	6454723.605860675	0.007883564085204853	-18.26029773345948	508
full_step	0.3721174476607377	0.001004428031607658	16	21	10	1.3125	3911607727.386254	7314430.469364356	0.007883564085204853	-18.26029773345948	508
half_step_1	0.3721174476607377	0.000502214015803829	12	3	3	0.25	3911607727.386254	5549318.141791128	0.007883564085204853	-18.26029773345948	508
half_step_2	0.3726196616765415	0.000502214015803829	9	22	11	2.4444444444444446	3911607727.386254	480479.5289897387	0.6362028184357769	-17.768535621581112	517
full_step	0.37312187569234534	0.002322971791631902	18	49	8	2.7222222222222223	3911607727.386254	3069692.3120317673	0.510675196759621	-17.909441638350458	572
full_step	0.37312187569234534	0.001161485895815951	7	0	0	0	3911607727.386254	2062391.1412850076	0.510675196759621	-17.909441638350458	572
full_step	0.37312187569234534	0.0005807429479079755	6	0	0	0	3911607727.386254	623035.3785352391	0.510675196759621	-17.909441638350458	572
half_step_1	0.37312187569234534	0.00029037147395398775	5	6	6	1.2	3911607727.386254	538433.8591282712	0.510675196759621	-17.909441638350458	572
half_step_2	0.37341224716629934	0.00029037147395398775	8	16	9	2	3911607727.386254	89668.19264751172	0.028741863108734833	-17.852872774576937	587
full_step	0.37370261864025334	0.0029037147395398776	13	4	4	0.3076923076923077	3911607727.386254	10152028.231325243	0.008357624688869691	-17.960758922572076	606
half_step_1	0.37370261864025334	0.0014518573697699388	12	5	5	0.4166666666666667	3911607727.386254	2785111.0456800438	0.008357624688869691	-17.960758922572076	606
half_step_2	0.3751544760100233	0.0014518573697699388	7	25	8	3.5714285714285716	3911607727.386254	3732384.0945827877	0	-18.130529807700327	681
full_step	0.3766063333797932	0.014518573697699388	16	21	4	1.3125	3911607727.386254	12743873.851816315	0	-18.133697600226512	698
full_step	0.3766063333797932	0.007259286848849694	15	12	4	0.8	3911607727.386254	8052205.814812022	0	-18.133697600226512	698
full_step	0.3766063333797932	0.003629643424424847	14	18	4	1.2857142857142858	3911607727.386254	4591762.407073828	0	-18.133697600226512	698
full_step	0.3766063333797932	0.0018148217122124235	8	6	3	0.75	3911607727.386254	1631378.9982997016	0	-18.133697600226512	698
half_step_1	0.3766063333797932	0.0009074108561062117	6	13	5	2.1666666666666665	3911607727.386254	565110.1360258001	0	-18.133697600226512	698
half_step_2	0.37751374423589945	0.0009074108561062117	6	0	0	0	3911607727.386254	551097.339872494	0	-18.257717847501183	744
full_step	0.37842115509200563	0.009074108561062118	13	9	4	0.6923076923076923	3911607727.386254	6825374.243513027	0.0001967229982255958	-18.15441496591674	749
full_step	0.37842115509200563	0.004537054280531059	9	4	4	0.4444444444444444	3911607727.386254	4276624.145214285	0.0001967229982255958	-18.15441496591674	749
full_step	0.37842115509200563	0.0022685271402655294	9	13	7	1.4444444444444444	3911607727.386254	2883472.3617977835	0.0001967229982255958	-18.15441496591674	749
full_step	0.37842115509200563	0.0011342635701327647	7	8	4	1.1428571428571428	3911607727.386254	1646485.2462046915	0.0001967229982255958	-18.15441496591674	749
half_step_1	0.37842115509200563	0.0005671317850663824	5	12	5	2.4	3911607727.386254	210433.91356477333	0.0001967229982255958	-18.15441496591674	749
half_step_2	0.37898828687707203	0.0005671317850663824	7	0	0	0	3911607727.386254	223043.8238727025	0.0060328053405100945	-18.089424255193894	773
full_step	0.3795554186621384	0.005671317850663824	16	9	4	0.5625	3911607727.386254	5016843.31088024	0.0065127969664899865	-18.105363651762996	769
half_step_1	0.3795554186621384	0.002835658925331912	19	51	12	2.6842105263157894	3911607727.386254	6961477.759331529	0.0065127969664899865	-18.105363651762996	769
half_step_2	0.38239107758747026	0.002835658925331912	7	17	7	2.4285714285714284	3911607727.386254	4057988.222292595	0.36524289161934576	-18.31066224984272	712
full_step	0.3852267365128022	0.005671317850663824	10	14	5	1.4	3911607727.386254	8962111.86580827	0	-18.367100381420048	655
full_step	0.3852267365128022	0.002835658925331912	5	14	6	2.8	3911607727.386254	3377534.118437185	0	-18.367100381420048	655
half_step_1	0.3852267365128022	0.001417829462665956	8	38	9	4.75	3911607727.386254	4342706.61838581	0	-18.367100381420048	655
half_step_2	0.38664456597546815	0.001417829462665956	7	8	4	1.1428571428571428	3911607727.386254	1541384.3294449768	0	-18.000419648974276	749
full_step	0.3880623954381341	0.014178294626659559	9	5	3	0.5555555555555556	3911607727.386254	6739468.0597821195	0	-18.146411458897944	709
full_step	0.3880623954381341	0.007089147313329779	11	8	3	0.7272727272727273	3911607727.386254	3376661.7008487647	0	-18.146411458897944	709
full_step	0.3880623954381341	0.0035445736566648896	10	8	5	0.8	3911607727.386254	3256488.898031296	0	-18.146411458897944	709
full_step	0.3880623954381341	0.0017722868283324448	7	6	3	0.8571428571428571	3911607727.386254	1814597.2816192084	0	-18.146411458897944	709
full_step	0.3880623954381341	0.0008861434141662224	5	11	4	2.2	3911607727.386254	1107711.8768464152	0	-18.146411458897944	709
half_step_1	0.3880623954381341	0.0004430717070831112	3	11	6	3.6666666666666665	3911607727.386254	279386.05677186453	0	-18.146411458897944	709
half_step_2	0.3885054671452172	0.0004430717070831112	2	5	5	2.5	3911607727.386254	291484.53350057837	0.005176326270884601	-18.023681491073354	737
full_step	0.3889485388523003	0.0044307170708311125	15	41	8	2.7333333333333334	3911607727.386254	4135575.7213967936	0.8544670337178104	-18.12175170364818	691
full_step	0.3889485388523003	0.0022153585354155562	12	41	9	3.4166666666666665	3911607727.386254	2649037.2872535638	0.8544670337178104	-18.12175170364818	691
full_step	0.3889485388523003	0.0011076792677077781	11	43	13	3.909090909090909	3911607727.386254	1120859.6808603401	0.8544670337178104	-18.12175170364818	691
full_step	0.3889485388523003	0.0005538396338538891	10	23	12	2.3	3911607727.386254	643412.2336150828	0.8544670337178104	-18.12175170364818	691
full_step	0.3889485388523003	0.00027691981692694453	12	24	11	2	3911607727.386254	535931.5737507631	0.8544670337178104	-18.12175170364818	691
half_step_1	0.3889485388523003	0.00013845990846347227	6	16	13	2.6666666666666665	3911607727.386254	452215.38228851784	0.8544670337178104	-18.12175170364818	691
half_step_2	0.38908699876076375	0.00013845990846347227	5	13	11	2.6	3911607727.386254	134838.75106084326	0.18773326710652327	-17.998858946289037	688
full_step	0.38922545866922725	0.0013845990846347227	24	82	13	3.4166666666666665	6508210011.797138	3305801.228942083	0.028438454699426075	-18.322169794300674	871
half_step_1	0.38922545866922725	0.0006922995423173613	21	60	15	2.857142857142857	6508210011.797138	1445149.7619064832	0.028438454699426075	-18.322169794300674	871
half_step_2	0.3899177582115446	0.0006922995423173613	12	29	9	2.4166666666666665	6508210011.797138	573900.5242606481	0.3875881525832483	-18.012731368253817	867
full_step	0.390610057753862	0.002403495131389688	7	26	13	3.7142857142857144	6508210011.797138	2997663.7607171363	1.2299161217015353	-17.99878278050731	844
half_step_1	0.390610057753862	0.001201747565694844	8	19	11	2.375	6508210011.797138	1749194.7985100832	1.2299161217015353	-17.99878278050731	844
half_step_2	0.39181180531955684	0.001201747565694844	6	31	8	5.166666666666667	6508210011.797138	1121055.7150300387	0.0032205139950747252	-18.085366545647066	865
full_step	0.3930135528852517	0.01201747565694844	14	18	4	1.2857142857142858	6508210011.797138	5858876.63986469	0	-18.291572226283815	896
full_step	0.3930135528852517	0.00600873782847422	13	22	5	1.6923076923076923	6508210011.797138	3829046.3197310674	0	-18.291572226283815	896
full_step	0.3930135528852517	0.00300436891423711	9	10	6	1.1111111111111112	6508210011.797138	3246644.655175981	0	-18.291572226283815	896
full_step	0.3930135528852517	0.001502184457118555	7	6	3	0.8571428571428571	6508210011.797138	1661491.4176328762	0	-18.291572226283815	896
full_step	0.3930135528852517	0.0007510922285592775	6	3	3	0.5	6508210011.797138	893528.2674707588	0	-18.291572226283815	896
half_step_1	0.3930135528852517	0.00037554611427963874	4	10	5	2.5	6508210011.797138	150069.1533709815	0	-18.291572226283815	896
half_step_2	0.39338909899953134	0.00037554611427963874	6	9	4	1.5	6508210011.797138	224010.92697949853	0.005443449555968982	-18.3218523812936	843
full_step	0.393764645113811	0.0037554611427963874	20	76	10	3.8	6508210011.797138	4655337.726210692	0.041220757382689044	-18.33791526749555	858
full_step	0.393764645113811	0.0018777305713981937	15	76	11	5.066666666666666	6508210011.797138	1788052.7867724888	0.041220757382689044	-18.33791526749555	858
full_step	0.393764645113811	0.0009388652856990969	14	68	13	4.857142857142857	6508210011.797138	1397557.8589490831	0.041220757382689044	-18.33791526749555	858
full_step	0.393764645113811	0.00046943264284954843	8	32	9	4	6508210011.797138	350358.4521855944	0.041220757382689044	-18.33791526749555	858
full_step	0.393764645113811	0.00023471632142477421	7	23	7	3.2857142857142856	6508210011.797138	88330.4928163614	0.041220757382689044	-18.33791526749555	858
half_step_1	0.393764645113811	0.00011735816071238711	5	15	3	3	6508210011.797138	20753.687662689084	0.041220757382689044	-18.33791526749555	858
half_step_2	0.3938820032745234	0.00011735816071238711	3	3	3	1	6508210011.797138	31102.866156215525	0.01775238210802854	-18.428905288907508	890
full_step	0.3939993614352358	0.001173581607123871	4	4	4	1	6508210011.797138	1763401.5923147665	0.012835292212912464	-18.428487706613904	895
full_step	0.3939993614352358	0.0005867908035619355	5	3	3	0.6	6508210011.797138	552761.649855076	0.012835292212912464	-18.428487706613904	895
full_step	0.3939993614352358	0.00029339540178096777	4	3	3	0.75	6508210011.797138	138993.28711883526	0.012835292212912464	-18.428487706613904	895
full_step	0.3939993614352358	0.00014669770089048388	3	3	3	1	6508210011.797138	39632.24981652716	0.012835292212912464	-18.428487706613904	895
full_step	0.3939993614352358	7.334885044524194e-05	2	3	3	1.5	6508210011.797138	20357.275670078496	0.012835292212912464	-18.428487706613904	895
half_step_1	0.3939993614352358	3.667442522262097e-05	2	2	2	1	6508210011.797138	10707.284477446474	0.012835292212912464	-18.428487706613904	895
half_step_2	0.3940360358604584	3.667442522262097e-05	1	2	2	2	6508210011.797138	10650.643441199125	0.01271256913059915	-18.33951634785807	892
full_step	0.394072710285681	0.0003667442522262097	13	0	0	0	6508210011.797138	919589.6445224788	0.012459243078410509	-18.413867052687234	939
half_step_1	0.394072710285681	0.00018337212611310485	13	8	5	0.6153846153846154	6508210011.797138	519130.43164292333	0.012459243078410509	-18.413867052687234	939
half_step_2	0.3942560824117941	0.00018337212611310485	14	27	7	1.9285714285714286	6508210011.797138	1061414.9432422796	0.5336996157225258	-18.18151757069261	893
full_step	0.39443945453790724	0.0013957683785641459	12	34	11	2.8333333333333335	6508210011.797138	1764010.4688083716	0.5933466219594266	-18.029060329746372	908
half_step_1	0.39443945453790724	0.0006978841892820729	8	3	3	0.375	6508210011.797138	793286.4482388145	0.5933466219594266	-18.029060329746372	908
half_step_2	0.3951373387271893	0.0006978841892820729	5	7	4	1.4	6508210011.797138	804392.9714353248	0.005135212480126938	-18.009881710890973	920
full_step	0.3958352229164714	0.0044705946838927355	16	33	6	2.0625	6508210011.797138	10510846.382601583	0.0049056614921028086	-18.085100872449537	878
half_step_1	0.3958352229164714	0.0022352973419463677	12	39	10	3.25	6508210011.797138	2548068.069338267	0.0049056614921028086	-18.085100872449537	878
half_step_2	0.39807052025841777	0.0022352973419463677	10	36	8	3.6	6508210011.797138	6854557.496342803	0	-18.319888598027163	755
full_step	0.4003058176003641	0.01904841541625878	15	25	6	1.6666666666666667	6508210011.797138	12428731.25364262	0	-18.18989158503471	756
full_step	0.4003058176003641	0.00952420770812939	12	23	7	1.9166666666666667	6508210011.797138	8244315.58450663	0	-18.18989158503471	756
full_step	0.4003058176003641	0.004762103854064695	10	9	5	0.9	6508210011.797138	3885595.8304225802	0	-18.18989158503471	756
half_step_1	0.4003058176003641	0.0023810519270323475	10	31	10	3.1	6508210011.797138	2541117.06067233	0	-18.18989158503471	756
half_step_2	0.40268686952739646	0.0023810519270323475	7	28	8	4	6508210011.797138	3155800.1647629086	0	-18.4903630897254	749
full_step	0.40506792145442877	0.01448731434562564	10	11	7	1.1	6508210011.797138	10150517.312334558	0	-18.462556743630035	765
full_step	0.40506792145442877	0.00724365717281282	9	7	4	0.7777777777777778	6508210011.797138	7472298.027688088	0	-18.462556743630035	765
full_step	0.40506792145442877	0.00362182858640641	7	11	4	1.5714285714285714	6508210011.797138	4242510.051463654	0	-18.462556743630035	765
half_step_1	0.40506792145442877	0.001810914293203205	8	44	9	5.5	6508210011.797138	2586342.367627255	0	-18.462556743630035	765
half_step_2	0.40687883574763195	0.001810914293203205	9	43	9	4.777777777777778	6508210011.797138	6648596.482410483	0	-18.128831320974907	708
full_step	0.4086897500408352	0.01810914293203205	16	9	6	0.5625	6508210011.797138	11347681.98574032	0	-18.460768007613318	751
full_step	0.4086897500408352	0.009054571466016025	15	11	7	0.7333333333333333	6508210011.797138	12391025.20476249	0	-18.460768007613318	751
half_step_1	0.4086897500408352	0.004527285733008013	15	18	5	1.2	6508210011.797138	11294878.665235236	0	-18.460768007613318	751
half_step_2	0.4132170357738432	0.004527285733008013	13	14	4	1.0769230769230769	6508210011.797138	8305392.230828219	0	-18.380264327079235	749
full_step	0.4177443215068512	0.021311477013848848	13	11	4	0.8461538461538461	6508210011.797138	9715791.667583704	0	-18.59772647979063	739
full_step	0.4177443215068512	0.010655738506924424	11	3	3	0.2727272727272727	6508210011.797138	9716314.556001877	0	-18.59772647979063	739
half_step_1	0.4177443215068512	0.005327869253462212	10	4	4	0.4	6508210011.797138	7665631.042302002	0	-18.59772647979063	739
half_step_2	0.42307219076031344	0.005327869253462212	16	42	6	2.625	6508210011.797138	6537677.524818139	0.01230980675381943	-18.29909329412915	547
full_step	0.4284000600137756	0.023744154580780063	14	9	4	0.6428571428571429	6508210011.797138	12590736.145292703	0.00018635764263308374	-18.5208758071901	613
full_step	0.4284000600137756	0.011872077290390031	14	15	5	1.0714285714285714	6508210011.797138	9246770.60469572	0.00018635764263308374	-18.5208758071901	613
full_step	0.4284000600137756	0.005936038645195016	13	18	4	1.3846153846153846	6508210011.797138	9400140.014129207	0.00018635764263308374	-18.5208758071901	613
half_step_1	0.4284000600137756	0.002968019322597508	5	27	10	5.4	6508210011.797138	3446842.0084566604	0.00018635764263308374	-18.5208758071901	613
half_step_2	0.4313680793363731	0.002968019322597508	7	39	12	5.571428571428571	6508210011.797138	6043558.086225949	0.022422367619583383	-18.367750763031943	588
full_step	0.43433609865897066	0.024231568317463297	13	13	4	1	6508210011.797138	17607212.293356035	0	-18.43486124374688	585
full_step	0.43433609865897066	0.012115784158731649	12	19	6	1.5833333333333333	6508210011.797138	21112046.19834395	0	-18.43486124374688	585
full_step	0.43433609865897066	0.006057892079365824	8	4	4	0.5	6508210011.797138	16316387.846162036	0	-18.43486124374688	585
full_step	0.43433609865897066	0.003028946039682912	10	35	9	3.5	6508210011.797138	3477304.7277857554	0	-18.43486124374688	585
full_step	0.43433609865897066	0.001514473019841456	7	30	8	4.285714285714286	6508210011.797138	3460576.354694343	0	-18.43486124374688	585
full_step	0.43433609865897066	0.000757236509920728	4	12	6	3	6508210011.797138	419702.8005073236	0	-18.43486124374688	585
half_step_1	0.43433609865897066	0.000378618254960364	3	11	6	3.6666666666666665	6508210011.797138	87115.65159737646	0	-18.43486124374688	585
half_step_2	0.43471471691393104	0.000378618254960364	2	0	0	0	6508210011.797138	86676.67647444381	0	-18.41399113771724	600
full_step	0.43509333516889137	0.0037861825496036403	9	3	3	0.3333333333333333	6508210011.797138	8828180.438331045	0.003385032161986601	-18.40933765292499	578
full_step	0.43509333516889137	0.0018930912748018201	9	6	3	0.6666666666666666	6508210011.797138	2680945.505518383	0.003385032161986601	-18.40933765292499	578
full_step	0.43509333516889137	0.0009465456374009101	5	4	4	0.8	6508210011.797138	1561960.7982735806	0.003385032161986601	-18.40933765292499	578
full_step	0.43509333516889137	0.00047327281870045504	3	3	3	1	6508210011.797138	169991.27020127917	0.003385032161986601	-18.40933765292499	578
half_step_1	0.43509333516889137	0.00023663640935022752	2	6	5	3	6508210011.797138	44294.84472345355	0.003385032161986601	-18.40933765292499	578
half_step_2	0.4353299715782416	0.00023663640935022752	3	0	0	0	6508210011.797138	42274.48714455751	0.0029232785554995644	-18.34779640554314	568
full_step	0.43556660798759184	0.002366364093502275	11	0	0	0	6508210011.797138	3728330.4691990316	0.0026904517285402108	-18.351421503782195	618
full_step	0.43556660798759184	0.0011831820467511375	13	0	0	0	6508210011.797138	4466357.615085759	0.0026904517285402108	-18.351421503782195	618
half_step_1	0.43556660798759184	0.0005915910233755688	12	0	0	0	6508210011.797138	1819209.4718989152	0.0026904517285402108	-18.351421503782195	618
half_step_2	0.4361581990109674	0.0005915910233755688	6	0	0	0	6508210011.797138	517325.37126438715	0	-18.098025480293334	671
full_step	0.436749790034343	0.0059159102337556875	11	8	4	0.7272727272727273	6508210011.797138	13524934.126860943	0	-18.26420148509403	667
full_step	0.436749790034343	0.0029579551168778437	9	3	3	0.3333333333333333	6508210011.797138	3475386.4986598534	0	-18.26420148509403	667
full_step	0.436749790034343	0.0014789775584389219	8	3	3	0.375	6508210011.797138	2289773.887357702	0	-18.26420148509403	667
full_step	0.436749790034343	0.0007394887792194609	6	6	3	1	6508210011.797138	970618.0943852554	0	-18.26420148509403	667
half_step_1	0.436749790034343	0.00036974438960973047	5	15	5	3	6508210011.797138	244364.8445362005	0	-18.26420148509403	667
half_step_2	0.43711953442395274	0.00036974438960973047	3	4	4	1.3333333333333333	6508210011.797138	246498.20619781825	0.0013526469037969946	-18.10673718298201	633
full_step	0.4374892788135625	0.0036974438960973048	11	5	5	0.45454545454545453	6508210011.797138	10405301.744976446	0.0015475710824830458	-18.122764756960503	662
full_step	0.4374892788135625	0.0018487219480486524	9	3	3	0.3333333333333333	6508210011.797138	2253748.320030426	0.0015475710824830458	-18.122764756960503	662
full_step	0.4374892788135625	0.0009243609740243262	8	3	3	0.375	6508210011.797138	951106.1655028218	0.0015475710824830458	-18.122764756960503	662
full_step	0.4374892788135625	0.0004621804870121631	7	3	3	0.42857142857142855	6508210011.797138	388373.11141780514	0.0015475710824830458	-18.122764756960503	662
full_step	0.4374892788135625	0.00023109024350608155	4	7	4	1.75	6508210011.797138	97891.14684940343	0.0015475710824830458	-18.122764756960503	662
half_step_1	0.4374892788135625	0.00011554512175304077	2	3	3	1.5	6508210011.797138	9009.522475730942	0.0015475710824830458	-18.122764756960503	662
half_step_2	0.4376048239353155	0.00011554512175304077	11	0	0	0	6508210011.797138	25357.58581423668	0.002875012243293895	-18.237661440013866	754
full_step	0.43772036905706857	0.0011554512175304078	14	12	8	0.8571428571428571	6508210011.797138	1672227.4216770616	0.003558122192771407	-18.166356457517452	780
half_step_1	0.43772036905706857	0.0005777256087652039	13	4	4	0.3076923076923077	6508210011.797138	621016.4953606869	0.003558122192771407	-18.166356457517452	780
half_step_2	0.43829809466583375	0.0005777256087652039	5	14	6	2.8	6508210011.797138	620945.4880587695	0	-18.16412587755769	809
full_step	0.438875820274599	0.005777256087652039	10	6	4	0.6	6508210011.797138	14909602.138389759	0	-18.183586626751467	751
full_step	0.438875820274599	0.0028886280438260195	11	3	3	0.2727272727272727	6508210011.797138	10802556.43422663	0	-18.183586626751467	751
half_step_1	0.438875820274599	0.0014443140219130097	7	15	7	2.142857142857143	6508210011.797138	2294331.859430875	0	-18.183586626751467	751
half_step_2	0.440320134296512	0.0014443140219130097	8	35	6	4.375	6508210011.797138	3217123.996686902	0	-18.241094316919604	766
full_step	0.441764448318425	0.014443140219130098	12	10	5	0.8333333333333334	6508210011.797138	11712740.802302504	0	-18.291167195532054	609
full_step	0.441764448318425	0.007221570109565049	12	18	4	1.5	6508210011.797138	7756497.937837097	0	-18.291167195532054	609
full_step	0.441764448318425	0.0036107850547825245	9	7	4	0.7777777777777778	6508210011.797138	10644433.791474046	0	-18.291167195532054	609
full_step	0.441764448318425	0.0018053925273912622	5	6	6	1.2	6508210011.797138	3624823.7734973887	0	-18.291167195532054	609
full_step	0.441764448318425	0.0009026962636956311	6	13	5	2.1666666666666665	6508210011.797138	500148.8437196893	0	-18.291167195532054	609
full_step	0.441764448318425	0.00045134813184781556	3	4	4	1.3333333333333333	6508210011.797138	125713.36676202079	0	-18.291167195532054	609
half_step_1	0.441764448318425	0.00022567406592390778	3	9	6	3	6508210011.797138	32198.90135485772	0	-18.291167195532054	609
half_step_2	0.44199012238434887	0.00022567406592390778	2	0	0	0	6508210011.797138	32130.005884744813	0.0003382430418241711	-18.37753199804283	628
full_step	0.4422157964502728	0.002256740659239078	5	4	4	0.8	6508210011.797138	2787933.354673553	0.004272589374068048	-18.297774259123926	634
full_step	0.4422157964502728	0.001128370329619539	5	3	3	0.6	6508210011.797138	923367.8838097554	0.004272589374068048	-18.297774259123926	634
full_step	0.4422157964502728	0.0005641851648097695	4	3	3	0.75	6508210011.797138	202284.60995580087	0.004272589374068048	-18.297774259123926	634
full_step	0.4422157964502728	0.00028209258240488474	3	0	0	0	6508210011.797138	50461.72817126609	0.004272589374068048	-18.297774259123926	634
half_step_1	0.4422157964502728	0.00014104629120244237	1	0	0	0	6508210011.797138	13230.920732924465	0.004272589374068048	-18.297774259123926	634
half_step_2	0.44235684274147524	0.00014104629120244237	2	3	3	1.5	6508210011.797138	13592.884673672874	0.0038586099981330335	-18.242331314903886	610
full_step	0.44249788903267767	0.0014104629120244238	15	18	4	1.2	6508210011.797138	3096469.144805184	0.003336547403705481	-18.037650210364284	611
full_step	0.44249788903267767	0.0007052314560122119	13	4	4	0.3076923076923077	6508210011.797138	783559.2453563038	0.003336547403705481	-18.037650210364284	611
full_step	0.44249788903267767	0.00035261572800610594	12	0	0	0	6508210011.797138	701254.3501015734	0.003336547403705481	-18.037650210364284	611
half_step_1	0.44249788903267767	0.00017630786400305297	8	0	0	0	6508210011.797138	701548.8719917187	0.003336547403705481	-18.037650210364284	611
half_step_2	0.44267419689668075	0.00017630786400305297	13	31	13	2.3846153846153846	6508210011.797138	624222.8395402499	0.7816039111658029	-18.086694949721437	673
full_step	0.44285050476068377	0.0013271558635863327	16	4	4	0.25	6508210011.797138	3653781.9896639795	0.7894269192402135	-17.39231086925561	704
full_step	0.44285050476068377	0.0006635779317931663	16	6	3	0.375	6508210011.797138	1756694.1337086987	0.7894269192402135	-17.39231086925561	704
half_step_1	0.44285050476068377	0.00033178896589658316	17	36	12	2.1176470588235294	6508210011.797138	672252.4826376323	0.7894269192402135	-17.39231086925561	704
half_step_2	0.44318229372658036	0.00033178896589658316	10	26	10	2.6	6508210011.797138	1386817.2599572414	0.6874353683015215	-17.435931107318847	703
full_step	0.44351408269247694	0.002248393949550855	18	68	13	3.7777777777777777	6508210011.797138	5551274.416260671	0.2799978103103058	-17.491226744957633	737
full_step	0.44351408269247694	0.0011241969747754275	7	35	8	5	6508210011.797138	3126940.166011869	0.2799978103103058	-17.491226744957633	737
full_step	0.44351408269247694	0.0005620984873877138	7	24	9	3.4285714285714284	6508210011.797138	1502744.4526256812	0.2799978103103058	-17.491226744957633	737
half_step_1	0.44351408269247694	0.0002810492436938569	5	16	9	3.2	6508210011.797138	913190.8769994015	0.2799978103103058	-17.491226744957633	737
half_step_2	0.4437951319361708	0.0002810492436938569	4	10	5	2.5	6508210011.797138	159576.47362705696	0.02144691069224791	-17.634094456975905	822
full_step	0.44407618117986464	0.002810492436938569	18	25	4	1.3888888888888888	6508210011.797138	11649095.195728963	0.004515388694926514	-17.590791319727863	916
half_step_1	0.44407618117986464	0.0014052462184692845	17	20	4	1.1764705882352942	6508210011.797138	4854752.95926026	0.004515388694926514	-17.590791319727863	916
half_step_2	0.4454814273983339	0.0014052462184692845	16	61	8	3.8125	6508210011.797138	1539891.4181535603	1.010067543018522	-17.57137556059225	1043
full_step	0.44688667361680323	0.002810492436938569	20	62	9	3.1	6508210011.797138	2450160.2796714725	0.03094559136116004	-17.993634951674423	970
full_step	0.44688667361680323	0.0014052462184692845	7	0	0	0	6508210011.797138	1846164.6156172454	0.03094559136116004	-17.993634951674423	970
half_step_1	0.44688667361680323	0.0007026231092346423	7	0	0	0	6508210011.797138	403511.00717049866	0.03094559136116004	-17.993634951674423	970
half_step_2	0.44758929672603787	0.0007026231092346423	6	7	4	1.1666666666666667	6508210011.797138	837906.3056953474	0	-18.01344309554982	991
full_step	0.4482919198352725	0.007026231092346423	16	26	5	1.625	6508210011.797138	9846863.915409908	0	-17.831644745124542	852
full_step	0.4482919198352725	0.0035131155461732115	11	12	5	1.0909090909090908	6508210011.797138	8114411.224552949	0	-17.831644745124542	852
full_step	0.4482919198352725	0.0017565577730866058	8	3	3	0.375	6508210011.797138	3348408.5045290994	0	-17.831644745124542	852
full_step	0.4482919198352725	0.0008782788865433029	7	3	3	0.42857142857142855	6508210011.797138	1230132.0234547085	0	-17.831644745124542	852
half_step_1	0.4482919198352725	0.00043913944327165144	4	3	3	0.75	6508210011.797138	308642.37347779045	0	-17.831644745124542	852
half_step_2	0.4487310592785442	0.00043913944327165144	5	15	6	3	6508210011.797138	534468.7328131321	0	-17.970579033397943	832
full_step	0.4491701987218158	0.004391394432716514	13	10	4	0.7692307692307693	6508210011.797138	4873182.982747114	0.00014012962492415681	-18.152834120091864	863
full_step	0.4491701987218158	0.002195697216358257	16	23	6	1.4375	6508210011.797138	2329883.7461092714	0.00014012962492415681	-18.152834120091864	863
full_step	0.4491701987218158	0.0010978486081791286	13	9	6	0.6923076923076923	6508210011.797138	1567225.3652098118	0.00014012962492415681	-18.152834120091864	863
half_step_1	0.4491701987218158	0.0005489243040895643	6	0	0	0	6508210011.797138	508714.3814081304	0.00014012962492415681	-18.152834120091864	863
half_step_2	0.44971912302590533	0.0005489243040895643	14	12	5	0.8571428571428571	6508210011.797138	511254.0681653027	0	-18.058034107935505	868
full_step	0.4502680473299949	0.005489243040895643	11	24	10	2.1818181818181817	6508210011.797138	9111797.455410419	1.1190501584096637	-17.768921622846833	860
full_step	0.4502680473299949	0.0027446215204478216	12	17	7	1.4166666666666667	6508210011.797138	2919706.830442415	1.1190501584096637	-17.768921622846833	860
full_step	0.4502680473299949	0.0013723107602239108	12	28	10	2.3333333333333335	6508210011.797138	1844195.6059777192	1.1190501584096637	-17.768921622846833	860
full_step	0.4502680473299949	0.0006861553801119554	14	31	9	2.2142857142857144	6508210011.797138	1334720.6519080044	1.1190501584096637	-17.768921622846833	860
full_step	0.4502680473299949	0.0003430776900559777	14	25	8	1.7857142857142858	6508210011.797138	1131659.1653972762	1.1190501584096637	-17.768921622846833	860
half_step_1	0.4502680473299949	0.00017153884502798885	9	11	11	1.2222222222222223	6508210011.797138	920263.927082239	1.1190501584096637	-17.768921622846833	860
half_step_2	0.4504395861750229	0.00017153884502798885	5	2	2	0.4	6508210011.797138	73937.49643436025	0.6071892522759299	-17.742752128404717	897
full_step	0.4506111250200509	0.0017153884502798884	20	60	10	3	6508210011.797138	8607448.978794677	0.5003166452261212	-17.857318655647173	880
full_step	0.4506111250200509	0.0008576942251399442	28	87	11	3.107142857142857	6508210011.797138	1707800.1843073673	0.5003166452261212	-17.857318655647173	880
full_step	0.4506111250200509	0.0004288471125699721	13	7	4	0.5384615384615384	6508210011.797138	375028.45341140014	0.5003166452261212	-17.857318655647173	880
full_step	0.4506111250200509	0.00021442355628498606	11	0	0	0	6508210011.797138	91976.98949326777	0.5003166452261212	-17.857318655647173	880
full_step	0.4506111250200509	0.00010721177814249303	11	0	0	0	6508210011.797138	35795.942019371345	0.5003166452261212	-17.857318655647173	880
half_step_1	0.4506111250200509	5.3605889071246514e-05	4	0	0	0	6508210011.797138	11021.993472279853	0.5003166452261212	-17.857318655647173	880
half_step_2	0.4506647309091222	5.3605889071246514e-05	3	0	0	0	6508210011.797138	8072.795462969017	0.536334090596938	-17.77542838698758	945
full_step	0.4507183367981934	0.0005360588907124651	20	41	10	2.05	6508210011.797138	1107753.2923526648	0.6130283587517624	-17.68567194619361	936
half_step_1	0.4507183367981934	0.00026802944535623256	14	15	12	1.0714285714285714	6508210011.797138	342192.8728477333	0.6130283587517624	-17.68567194619361	936
half_step_2	0.45098636624354965	0.00026802944535623256	13	37	12	2.8461538461538463	6508210011.797138	1242749.837809903	0.5611441935398034	-17.31661023103499	875
full_step	0.45125439568890585	0.0009916004690576363	16	51	10	3.1875	6508210011.797138	1326252.732708981	0.4793001467182876	-17.69606998571573	872
half_step_1	0.45125439568890585	0.0004958002345288181	10	33	11	3.3	6508210011.797138	867906.6266867301	0.4793001467182876	-17.69606998571573	872
half_step_2	0.4517501959234347	0.0004958002345288181	8	9	6	1.125	6508210011.797138	172716.5944778117	0.2758754875158047	-17.438552429463492	849
full_step	0.4522459961579635	0.004296579995568177	12	28	7	2.3333333333333335	6508210011.797138	5440948.70321492	0.18796512289191014	-17.66782222873679	829
full_step	0.4522459961579635	0.0021482899977840887	12	40	9	3.3333333333333335	6508210011.797138	1665513.7162178864	0.18796512289191014	-17.66782222873679	829
half_step_1	0.4522459961579635	0.0010741449988920444	7	21	10	3	6508210011.797138	1320646.0885378115	0.18796512289191014	-17.66782222873679	829
half_step_2	0.45332014115685554	0.0010741449988920444	7	21	5	3	6508210011.797138	815640.6402906197	0.0011653937326627783	-18.002678191891963	809
full_step	0.4543942861557476	0.007637562854545375	10	36	9	3.6	6508210011.797138	6793997.855090568	0.022852727098779724	-18.19873984939044	789
full_step	0.4543942861557476	0.0038187814272726875	9	20	9	2.2222222222222223	6508210011.797138	5185325.8249012325	0.022852727098779724	-18.19873984939044	789
full_step	0.4543942861557476	0.0019093907136363438	8	32	12	4	6508210011.797138	2059538.4692087274	0.022852727098779724	-18.19873984939044	789
full_step	0.4543942861557476	0.0009546953568181719	6	18	9	3	6508210011.797138	707576.7106039413	0.022852727098779724	-18.19873984939044	789
half_step_1	0.4543942861557476	0.00047734767840908594	4	11	6	2.75	6508210011.797138	177630.95479244663	0.022852727098779724	-18.19873984939044	789
half_step_2	0.4548716338341567	0.00047734767840908594	5	14	6	2.8	6508210011.797138	177079.06579740127	0.0040149222395484685	-18.2672967186043	763
full_step	0.4553489815125658	0.0047734767840908595	12	15	7	1.25	6508210011.797138	3961933.83104043	0.0032109638768815785	-18.21088133658498	781
full_step	0.4553489815125658	0.0023867383920454298	12	15	6	1.25	6508210011.797138	3384909.4666707832	0.0032109638768815785	-18.21088133658498	781
half_step_1	0.4553489815125658	0.0011933691960227149	11	0	0	0	6508210011.797138	1485161.0210998824	0.0032109638768815785	-18.21088133658498	781
half_step_2	0.4565423507085885	0.0011933691960227149	7	24	6	3.4285714285714284	6508210011.797138	1419766.9180407198	0.0008796675110716023	-18.261489207382965	787
full_step	0.45773571990461126	0.01193369196022715	14	21	6	1.5	6508210011.797138	9588481.215033447	0.0008698031219864788	-18.404927117917264	770
full_step	0.45773571990461126	0.005966845980113575	11	13	4	1.1818181818181819	6508210011.797138	8448776.41048812	0.0008698031219864788	-18.404927117917264	770
full_step	0.45773571990461126	0.0029834229900567873	13	26	7	2	6508210011.797138	4407959.616544527	0.0008698031219864788	-18.404927117917264	770
half_step_1	0.45773571990461126	0.0014917114950283937	9	29	10	3.2222222222222223	6508210011.797138	2145098.9644932635	0.0008698031219864788	-18.404927117917264	770
half_step_2	0.4592274313996397	0.0014917114950283937	8	31	12	3.875	6508210011.797138	1669298.864864767	0.06161800909512749	-18.48553427045691	792
full_step	0.46071914289466803	0.008805685395257152	11	17	5	1.5454545454545454	6508210011.797138	7501639.058064197	0.0005571193782998307	-18.552816812595328	742
full_step	0.46071914289466803	0.004402842697628576	10	4	4	0.4	6508210011.797138	6316669.201049723	0.0005571193782998307	-18.552816812595328	742
full_step	0.46071914289466803	0.002201421348814288	11	17	6	1.5454545454545454	6508210011.797138	5216137.018730034	0.0005571193782998307	-18.552816812595328	742
full_step	0.46071914289466803	0.001100710674407144	10	16	5	1.6	6508210011.797138	913345.3499625446	0.0005571193782998307	-18.552816812595328	742
full_step	0.46071914289466803	0.000550355337203572	7	0	0	0	6508210011.797138	224705.1754670987	0.0005571193782998307	-18.552816812595328	742
half_step_1	0.46071914289466803	0.000275177668601786	3	3	3	1	6508210011.797138	54155.63439013569	0.0005571193782998307	-18.552816812595328	742
half_step_2	0.46099432056326983	0.000275177668601786	10	16	9	1.6	6508210011.797138	58950.515632986426	0.0024391930824094743	-18.56872013506616	721
full_step	0.4612694982318716	0.00275177668601786	9	18	14	2	6508210011.797138	3427384.1632241844	0.048443354832215846	-18.42164759493849	741
full_step	0.4612694982318716	0.00137588834300893	7	15	7	2.142857142857143	6508210011.797138	1457119.3048645754	0.048443354832215846	-18.42164759493849	741
full_step	0.4612694982318716	0.000687944171504465	9	35	9	3.888888888888889	6508210011.797138	503901.05982084933	0.048443354832215846	-18.42164759493849	741
full_step	0.4612694982318716	0.0003439720857522325	6	21	11	3.5	6508210011.797138	405834.2179060999	0.048443354832215846	-18.42164759493849	741
half_step_1	0.4612694982318716	0.00017198604287611626	4	9	9	2.25	6508210011.797138	195272.6928463608	0.048443354832215846	-18.42164759493849	741
half_step_2	0.4614414842747477	0.00017198604287611626	5	10	7	2	6508210011.797138	33288.315125254754	0.005383141281981807	-18.46872003955399	773
full_step	0.4616134703176238	0.0017198604287611626	18	10	5	0.5555555555555556	6508210011.797138	6193748.914359717	0.054099812239655876	-18.16071401973025	777
full_step	0.4616134703176238	0.0008599302143805813	17	9	6	0.5294117647058824	6508210011.797138	3166568.4794147895	0.054099812239655876	-18.16071401973025	777
full_step	0.4616134703176238	0.00042996510719029064	17	9	6	0.5294117647058824	6508210011.797138	2103551.09817373	0.054099812239655876	-18.16071401973025	777
half_step_1	0.4616134703176238	0.00021498255359514532	15	3	3	0.2	6508210011.797138	548236.2384572255	0.054099812239655876	-18.16071401973025	777
half_step_2	0.46182845287121893	0.00021498255359514532	5	3	3	0.6	6508210011.797138	129728.68494388297	0.803112334015168	-18.15724561616261	764
full_step	0.4620434354248141	0.002110834295977054	24	70	9	2.9166666666666665	6508210011.797138	7334777.646314163	0.8970160206281435	-18.135423046697724	811
half_step_1	0.4620434354248141	0.001055417147988527	20	65	11	3.25	6508210011.797138	2135132.701146086	0.8970160206281435	-18.135423046697724	811
half_step_2	0.4630988525728026	0.001055417147988527	15	66	11	4.4	6508210011.797138	1469143.4241404368	0.36371314201824134	-17.89176690812127	707
full_step	0.4641542697207911	0.003771213027578326	13	11	5	0.8461538461538461	6508210011.797138	5082261.239476599	0	-17.996499204719917	718
full_step	0.4641542697207911	0.001885606513789163	11	3	3	0.2727272727272727	6508210011.797138	1610118.2387323312	0	-17.996499204719917	718
half_step_1	0.4641542697207911	0.0009428032568945815	7	21	5	3	6508210011.797138	638775.1924354153	0	-17.996499204719917	718
half_step_2	0.4650970729776857	0.0009428032568945815	6	18	5	3	6508210011.797138	630166.9001190608	0	-18.424991207496223	680
full_step	0.46603987623458026	0.009428032568945815	10	3	3	0.3	6508210011.797138	9379283.447879152	0	-18.213564289758192	663
full_step	0.46603987623458026	0.004714016284472908	12	11	3	0.9166666666666666	6508210011.797138	7862898.944754331	0	-18.213564289758192	663
full_step	0.46603987623458026	0.002357008142236454	10	3	3	0.3	6508210011.797138	3201184.0644286927	0	-18.213564289758192	663
full_step	0.46603987623458026	0.001178504071118227	6	18	6	3	6508210011.797138	984993.7848857978	0	-18.213564289758192	663
half_step_1	0.46603987623458026	0.0005892520355591134	6	19	6	3.1666666666666665	6508210011.797138	247085.45162647776	0	-18.213564289758192	663
half_step_2	0.46662912827013936	0.0005892520355591134	5	16	7	3.2	6508210011.797138	244542.4031403836	0	-18.253577023254472	653
full_step	0.4672183803056985	0.005892520355591135	10	2	2	0.2	6508210011.797138	10724870.101997463	0	-18.153073717799572	651
full_step	0.4672183803056985	0.0029462601777955674	12	8	4	0.6666666666666666	6508210011.797138	5782327.664824035	0	-18.153073717799572	651
full_step	0.4672183803056985	0.0014731300888977837	7	3	3	0.42857142857142855	6508210011.797138	2051246.9003100095	0	-18.153073717799572	651
full_step	0.4672183803056985	0.0007365650444488918	6	17	5	2.8333333333333335	6508210011.797138	384352.9154943457	0	-18.153073717799572	651
full_step	0.4672183803056985	0.0003682825222244459	4	7	4	1.75	6508210011.797138	96178.2171545781	0	-18.153073717799572	651
half_step_1	0.4672183803056985	0.00018414126111222296	3	9	5	3	6508210011.797138	24893.224580359023	0	-18.153073717799572	651
half_step_2	0.4674025215668107	0.00018414126111222296	2	3	3	1.5	6508210011.797138	24830.86745917133	0.0008653395002511388	-18.221560806846064	681
full_step	0.46758666282792294	0.0018414126111222296	11	0	0	0	6508210011.797138	3565015.758295323	0.01145971258119971	-18.20496476429659	654
full_step	0.46758666282792294	0.0009207063055611148	4	10	6	2.5	6508210011.797138	617323.3336009468	0.01145971258119971	-18.20496476429659	654
full_step	0.46758666282792294	0.0004603531527805574	3	3	3	1	6508210011.797138	151726.2706602678	0.01145971258119971	-18.20496476429659	654
full_step	0.46758666282792294	0.0002301765763902787	3	3	3	1	6508210011.797138	38290.62107906459	0.01145971258119971	-18.20496476429659	654
half_step_1	0.46758666282792294	0.00011508828819513935	1	0	0	0	6508210011.797138	10289.299036165408	0.01145971258119971	-18.20496476429659	654
half_step_2	0.46770175111611806	0.00011508828819513935	1	1	1	1	6508210011.797138	10338.478399629506	0.009869020003407059	-18.157903033294197	659
full_step	0.46781683940431323	0.0011508828819513934	13	4	4	0.3076923076923077	6508210011.797138	1041572.9736780294	0.007944483859319007	-18.262925554153437	684
half_step_1	0.46781683940431323	0.0005754414409756967	12	0	0	0	6508210011.797138	523758.90933473536	0.007944483859319007	-18.262925554153437	684
half_step_2	0.46839228084528894	0.0005754414409756967	11	32	9	2.909090909090909	6508210011.797138	835959.1163852692	0.347678675689167	-18.324201626747314	747
full_step	0.46896772228626465	0.005282807688610336	14	3	3	0.21428571428571427	6508210011.797138	5948339.401534645	0	-18.300955841654122	759
half_step_1	0.46896772228626465	0.002641403844305168	12	4	4	0.3333333333333333	6508210011.797138	7815069.0270628445	0	-18.300955841654122	759
half_step_2	0.4716091261305698	0.002641403844305168	8	7	4	0.875	6508210011.797138	3484669.266797564	0	-18.610733864064702	754
full_step	0.474250529974875	0.01811913461429875	13	14	4	1.0769230769230769	6508210011.797138	9861136.037259242	0	-18.671093059410282	722
full_step	0.474250529974875	0.009059567307149375	14	10	4	0.7142857142857143	6508210011.797138	6178331.212281888	0	-18.671093059410282	722
full_step	0.474250529974875	0.004529783653574687	12	10	6	0.8333333333333334	6508210011.797138	5708348.149379742	0	-18.671093059410282	722
half_step_1	0.474250529974875	0.0022648918267873437	5	3	3	0.6	6508210011.797138	7032346.108923927	0	-18.671093059410282	722
half_step_2	0.47651542180166234	0.0022648918267873437	10	7	4	0.7	6508210011.797138	5215075.359179437	0	-18.76505445928984	862
full_step	0.4787803136284497	0.022648918267873436	15	15	4	1	6508210011.797138	9619708.005116295	0.7608616867746605	-18.690235794672056	846
full_step	0.4787803136284497	0.011324459133936718	14	32	10	2.2857142857142856	6508210011.797138	8175901.639097613	0.7608616867746605	-18.690235794672056	846
full_step	0.4787803136284497	0.005662229566968359	15	41	8	2.7333333333333334	6508210011.797138	8107161.247941968	0.7608616867746605	-18.690235794672056	846
full_step	0.4787803136284497	0.0028311147834841795	16	41	10	2.5625	6508210011.797138	7649659.69108783	0.7608616867746605	-18.690235794672056	846
half_step_1	0.4787803136284497	0.0014155573917420897	6	16	10	2.6666666666666665	6508210011.797138	3656748.3868138893	0.7608616867746605	-18.690235794672056	846
half_step_2	0.4801958710201918	0.0014155573917420897	6	6	3	1	6508210011.797138	3556329.14935655	0	-18.704311578220455	905
full_step	0.4816114284119339	0.014155573917420897	12	16	6	1.3333333333333333	6508210011.797138	10164406.365531228	0	-18.73514526804516	847
full_step	0.4816114284119339	0.007077786958710449	10	2	2	0.2	6508210011.797138	8884163.962651297	0	-18.73514526804516	847
full_step	0.4816114284119339	0.0035388934793552243	11	18	5	1.6363636363636365	6508210011.797138	7226432.642518315	0	-18.73514526804516	847
half_step_1	0.4816114284119339	0.0017694467396776122	8	39	11	4.875	6508210011.797138	5623441.263078268	0	-18.73514526804516	847
half_step_2	0.4833808751516115	0.0017694467396776122	10	45	9	4.5	6508210011.797138	6219580.664589425	0	-18.64002315606513	876
full_step	0.4851503218912891	0.01769446739677612	13	5	3	0.38461538461538464	6508210011.797138	9005565.599579457	0	-18.56137993761616	980
full_step	0.4851503218912891	0.00884723369838806	12	6	3	0.5	6508210011.797138	5312046.990333129	0	-18.56137993761616	980
full_step	0.4851503218912891	0.00442361684919403	11	5	5	0.45454545454545453	6508210011.797138	3745048.8691468528	0	-18.56137993761616	980
half_step_1	0.4851503218912891	0.002211808424597015	9	7	4	0.7777777777777778	6508210011.797138	3390415.363838846	0	-18.56137993761616	980
half_step_2	0.4873621303158861	0.002211808424597015	9	22	8	2.4444444444444446	6508210011.797138	3400189.2703813575	0	-18.34585148519253	847
full_step	0.4895739387404831	0.013579319424938504	11	14	9	1.2727272727272727	6508210011.797138	5885676.399193971	0	-18.877904043490293	815
full_step	0.4895739387404831	0.006789659712469252	8	26	10	3.25	6508210011.797138	5944013.544031999	0	-18.877904043490293	815
full_step	0.4895739387404831	0.003394829856234626	10	24	6	2.4	6508210011.797138	5101122.47540874	0	-18.877904043490293	815
full_step	0.4895739387404831	0.001697414928117313	7	19	7	2.7142857142857144	6508210011.797138	2354631.5036884956	0	-18.877904043490293	815
half_step_1	0.4895739387404831	0.0008487074640586565	5	8	4	1.6	6508210011.797138	545493.4324585829	0	-18.877904043490293	815
half_step_2	0.49042264620454173	0.0008487074640586565	5	10	5	2	6508210011.797138	873715.3300809492	0	-18.90296327180955	847
full_step	0.4912713536686004	0.008487074640586565	15	32	10	2.1333333333333333	6508210011.797138	9765402.965567114	0.4015449717080628	-18.67907039229565	870
full_step	0.4912713536686004	0.004243537320293283	12	16	5	1.3333333333333333	6508210011.797138	6973017.282790798	0.4015449717080628	-18.67907039229565	870
full_step	0.4912713536686004	0.0021217686601466413	14	24	12	1.7142857142857142	6508210011.797138	4720436.298013058	0.4015449717080628	-18.67907039229565	870
half_step_1	0.4912713536686004	0.0010608843300733207	10	19	7	1.9	6508210011.797138	1616238.5451888212	0.4015449717080628	-18.67907039229565	870
half_step_2	0.49233223799867376	0.0010608843300733207	9	46	11	5.111111111111111	6508210011.797138	1612984.4767312887	0.2179275673133816	-18.734685209973104	793
full_step	0.49339312232874705	0.010608843300733207	11	12	5	1.0909090909090908	6508210011.797138	7893968.187093315	0	-18.69790026428228	817
full_step	0.49339312232874705	0.005304421650366604	9	4	4	0.4444444444444444	6508210011.797138	5537602.235187636	0	-18.69790026428228	817
full_step	0.49339312232874705	0.002652210825183302	11	11	7	1	6508210011.797138	4196289.90038755	0	-18.69790026428228	817
full_step	0.49339312232874705	0.001326105412591651	6	6	3	1	6508210011.797138	2103034.3761823345	0	-18.69790026428228	817
half_step_1	0.49339312232874705	0.0006630527062958254	5	10	4	2	6508210011.797138	296942.2964919601	0	-18.69790026428228	817
half_step_2	0.4940561750350429	0.0006630527062958254	7	23	5	3.2857142857142856	6508210011.797138	329863.7834662892	0	-18.745495490485197	805
full_step	0.4947192277413387	0.006630527062958255	10	4	4	0.4	6508210011.797138	5528290.366878857	0	-18.760070600058686	796
full_step	0.4947192277413387	0.0033152635314791274	8	5	5	0.625	6508210011.797138	4470021.15342732	0	-18.760070600058686	796
full_step	0.4947192277413387	0.0016576317657395637	6	3	3	0.5	6508210011.797138	1567267.5302831251	0	-18.760070600058686	796
full_step	0.4947192277413387	0.0008288158828697818	8	3	3	0.375	6508210011.797138	538089.8141320705	0	-18.760070600058686	796
full_step	0.4947192277413387	0.0004144079414348909	6	3	3	0.5	6508210011.797138	117200.68021740389	0	-18.760070600058686	796
half_step_1	0.4947192277413387	0.00020720397071744546	3	3	3	1	6508210011.797138	30225.775569933176	0	-18.760070600058686	796
half_step_2	0.49492643171205614	0.00020720397071744546	4	6	3	1.5	6508210011.797138	30139.142109294593	0	-18.710740408603378	787
full_step	0.4951336356827736	0.0020720397071744548	11	0	0	0	6508210011.797138	1526653.9508394455	0	-18.793901573108048	899
full_step	0.4951336356827736	0.0010360198535872274	7	4	4	0.5714285714285714	6508210011.797138	767667.7472577989	0	-18.793901573108048	899
full_step	0.4951336356827736	0.0005180099267936137	4	2	2	0.5	6508210011.797138	197515.61542593833	0	-18.793901573108048	899
full_step	0.4951336356827736	0.00025900496339680684	4	3	3	0.75	6508210011.797138	46390.80102027153	0	-18.793901573108048	899
half_step_1	0.4951336356827736	0.00012950248169840342	2	4	3	2	6508210011.797138	12403.40314895774	0	-18.793901573108048	899
half_step_2	0.495263138164472	0.00012950248169840342	3	3	3	1	6508210011.797138	12405.351134543822	0	-18.817374110425213	890
full_step	0.4953926406461704	0.0012950248169840343	16	10	5	0.625	6508210011.797138	2133234.2504843497	0	-18.691727064236847	958
half_step_1	0.4953926406461704	0.0006475124084920172	15	8	5	0.5333333333333333	6508210011.797138	873088.1594721568	0	-18.691727064236847	958
half_step_2	0.4960401530546624	0.0006475124084920172	10	4	4	0.4	6508210011.797138	2228842.8387116897	0	-18.361139336268774	980
full_step	0.4966876654631544	0.006475124084920172	16	17	4	1.0625	6508210011.797138	8076975.147772425	0.053646398468117695	-18.40970470413735	991
full_step	0.4966876654631544	0.003237562042460086	12	16	6	1.3333333333333333	6508210011.797138	8719763.111539304	0.053646398468117695	-18.40970470413735	991
half_step_1	0.4966876654631544	0.001618781021230043	8	3	3	0.375	6508210011.797138	1959523.4535149762	0.053646398468117695	-18.40970470413735	991
half_step_2	0.49830644648438444	0.001618781021230043	10	39	6	3.9	6508210011.797138	1577643.800094372	0	-18.611376197840258	903
full_step	0.49992522750561447	0.004931018229482222	14	3	3	0.21428571428571427	6508210011.797138	3434010.129062665	0	-18.73458849730813	965
half_step_1	0.49992522750561447	0.002465509114741111	11	14	5	1.2727272727272727	6508210011.797138	1607376.3185357028	0	-18.73458849730813	965
half_step_2	0.5023907366203556	0.002465509114741111	6	7	4	1.1666666666666667	6508210011.797138	3649833.983226987	0	-18.928984929762883	924
full_step	0.5048562457350967	0.018099507525091846	12	11	7	0.9166666666666666	6508210011.797138	5716346.591991522	0.907148601224435	-18.923015787400654	938
full_step	0.5048562457350967	0.009049753762545923	15	26	11	1.7333333333333334	6508210011.797138	4640659.919473983	0.907148601224435	-18.923015787400654	938
full_step	0.5048562457350967	0.0045248768812729614	15	27	12	1.8	6508210011.797138	3710300.8721132237	0.907148601224435	-18.923015787400654	938
full_step	0.5048562457350967	0.0022624384406364807	14	46	7	3.2857142857142856	6508210011.797138	1751912.678296026	0.907148601224435	-18.923015787400654	938
full_step	0.5048562457350967	0.0011312192203182404	9	26	9	2.888888888888889	6508210011.797138	1359096.4833565585	0.907148601224435	-18.923015787400654	938
half_step_1	0.5048562457350967	0.0005656096101591202	8	14	14	1.75	6508210011.797138	876300.8953591222	0.907148601224435	-18.923015787400654	938
half_step_2	0.5054218553452559	0.0005656096101591202	3	12	6	4	6508210011.797138	137548.9387305638	0	-18.919425006479795	881
full_step	0.5059874649554149	0.005656096101591202	11	8	5	0.7272727272727273	6508210011.797138	3431104.1157860276	0	-18.87764252403628	882
full_step	0.5059874649554149	0.002828048050795601	11	9	5	0.8181818181818182	6508210011.797138	2100307.3580269087	0	-18.87764252403628	882
full_step	0.5059874649554149	0.0014140240253978005	4	3	3	0.75	6508210011.797138	1466607.4085538678	0	-18.87764252403628	882
full_step	0.5059874649554149	0.0007070120126989002	4	3	3	0.75	6508210011.797138	377468.94696344814	0	-18.87764252403628	882
half_step_1	0.5059874649554149	0.0003535060063494501	3	3	3	1	6508210011.797138	53957.69201329082	0	-18.87764252403628	882
half_step_2	0.5063409709617643	0.0003535060063494501	4	3	3	0.75	6508210011.797138	88546.18479892497	0.001942082078585372	-18.79685055804821	846
full_step	0.5066944769681138	0.003535060063494501	9	6	6	0.6666666666666666	6508210011.797138	3197668.931247399	0.013628441781747824	-18.778242444830408	850
full_step	0.5066944769681138	0.0017675300317472505	6	3	3	0.5	6508210011.797138	1660544.648461424	0.013628441781747824	-18.778242444830408	850
full_step	0.5066944769681138	0.0008837650158736252	5	0	0	0	6508210011.797138	540176.231705355	0.013628441781747824	-18.778242444830408	850
full_step	0.5066944769681138	0.0004418825079368126	7	0	0	0	6508210011.797138	131223.0191961045	0.013628441781747824	-18.778242444830408	850
full_step	0.5066944769681138	0.0002209412539684063	6	0	0	0	6508210011.797138	33049.95082762583	0.013628441781747824	-18.778242444830408	850
full_step	0.5066944769681138	0.00011047062698420315	4	0	0	0	6508210011.797138	8965.692122916065	0.013628441781747824	-18.778242444830408	850
half_step_1	0.5066944769681138	5.523531349210158e-05	2	0	0	0	6508210011.797138	3257.572265213251	0.013628441781747824	-18.778242444830408	850
half_step_2	0.5067497122816058	5.523531349210158e-05	3	0	0	0	6508210011.797138	3005.207553940735	0.08061616214718015	-18.839084824869612	873
full_step	0.506804947595098	0.0005523531349210158	16	11	5	0.6875	6508210011.797138	1151052.245682318	0.10102487528956772	-18.745374455177032	886
half_step_1	0.506804947595098	0.0002761765674605079	13	9	5	0.6923076923076923	6508210011.797138	569427.5583152666	0.10102487528956772	-18.745374455177032	886
half_step_2	0.5070811241625585	0.0002761765674605079	15	48	11	3.2	6508210011.797138	1132129.5065070284	0.38585044609908437	-18.485298374250522	910
full_step	0.507357300730019	0.0018047092049920683	10	11	5	1.1	6508210011.797138	2866956.1775381663	0.4611623681103083	-18.548919597598484	933
full_step	0.507357300730019	0.0009023546024960341	5	3	3	0.6	6508210011.797138	1015778.0185338492	0.4611623681103083	-18.548919597598484	933
full_step	0.507357300730019	0.00045117730124801707	8	0	0	0	6508210011.797138	1062240.6905008433	0.4611623681103083	-18.548919597598484	933
half_step_1	0.507357300730019	0.00022558865062400854	7	0	0	0	6508210011.797138	1072955.682365051	0.4611623681103083	-18.548919597598484	933
half_step_2	0.507582889380643	0.00022558865062400854	4	13	10	3.25	6508210011.797138	631742.6738987042	0.13527352529126802	-18.538919615160907	933
full_step	0.5078084780312669	0.0022558865062400854	8	17	6	2.125	6508210011.797138	2786058.754442794	0.03691506481072793	-18.583895819160013	915
full_step	0.5078084780312669	0.0011279432531200427	7	8	5	1.1428571428571428	6508210011.797138	735259.0134643728	0.03691506481072793	-18.583895819160013	915
full_step	0.5078084780312669	0.0005639716265600213	7	7	7	1	6508210011.797138	181870.91728609	0.03691506481072793	-18.583895819160013	915
full_step	0.5078084780312669	0.00028198581328001067	5	4	4	0.8	6508210011.797138	46380.78326604905	0.03691506481072793	-18.583895819160013	915
full_step	0.5078084780312669	0.00014099290664000533	4	0	0	0	6508210011.797138	12639.874544336808	0.03691506481072793	-18.583895819160013	915
half_step_1	0.5078084780312669	7.049645332000267e-05	3	2	2	0.6666666666666666	6508210011.797138	4133.221087278994	0.03691506481072793	-18.583895819160013	915
half_step_2	0.507878974484587	7.049645332000267e-05	2	0	0	0	6508210011.797138	3876.7805691576955	0.0727439069578395	-18.54168343329248	932
full_step	0.507949470937907	0.0007049645332000266	14	16	7	1.1428571428571428	6508210011.797138	583152.0605437153	0.06736762971195276	-18.4992469139115	935
half_step_1	0.507949470937907	0.0003524822666000133	10	5	3	0.5	6508210011.797138	249485.87054158226	0.06736762971195276	-18.4992469139115	935
half_step_2	0.508301953204507	0.0003524822666000133	10	0	0	0	6508210011.797138	200117.84589418676	0.12099053618248945	-18.232977108887262	972
full_step	0.508654435471107	0.003481665859757416	11	3	3	0.2727272727272727	6508210011.797138	3567731.877975094	0.06085347071712022	-18.364730793574058	951
full_step	0.508654435471107	0.001740832929878708	7	0	0	0	6508210011.797138	4401909.526216895	0.06085347071712022	-18.364730793574058	951
full_step	0.508654435471107	0.000870416464939354	5	3	3	0.6	6508210011.797138	1408011.9161327372	0.06085347071712022	-18.364730793574058	951
half_step_1	0.508654435471107	0.000435208232469677	4	9	5	2.25	6508210011.797138	355062.0102335199	0.06085347071712022	-18.364730793574058	951
half_step_2	0.5090896437035767	0.000435208232469677	4	6	3	1.5	6508210011.797138	334808.16039847676	0.009240775049420336	-18.227894236569043	966
full_step	0.5095248519360464	0.00435208232469677	13	8	5	0.6153846153846154	6508210011.797138	5721690.541053332	0	-18.48821403857464	1025
full_step	0.5095248519360464	0.002176041162348385	13	25	8	1.9230769230769231	6508210011.797138	2211094.742957017	0	-18.48821403857464	1025
half_step_1	0.5095248519360464	0.0010880205811741924	10	5	5	0.5	6508210011.797138	1578142.7361435276	0	-18.48821403857464	1025
half_step_2	0.5106128725172205	0.0010880205811741924	9	0	0	0	6508210011.797138	1560095.524091409	0.13008861735806931	-18.325645172325824	1011
full_step	0.5117008930983947	0.009785050767639775	10	9	4	0.9	6508210011.797138	5865587.916475441	0	-18.50401811413923	956
full_step	0.5117008930983947	0.004892525383819887	10	11	5	1.1	6508210011.797138	4148033.805385478	0	-18.50401811413923	956
full_step	0.5117008930983947	0.0024462626919099437	7	12	5	1.7142857142857142	6508210011.797138	2081841.9493121207	0	-18.50401811413923	956
full_step	0.5117008930983947	0.0012231313459549718	6	15	7	2.5	6508210011.797138	1542025.9859834495	0	-18.50401811413923	956
full_step	0.5117008930983947	0.0006115656729774859	5	17	6	3.4	6508210011.797138	610963.6623614851	0	-18.50401811413923	956
half_step_1	0.5117008930983947	0.00030578283648874296	4	12	5	3	6508210011.797138	154464.0318250452	0	-18.50401811413923	956
half_step_2	0.5120066759348835	0.00030578283648874296	3	3	3	1	6508210011.797138	154169.47464934576	0.12377019957420998	-18.578651630311878	945
full_step	0.5123124587713722	0.0030578283648874296	21	42	9	2	6508210011.797138	11197529.631863197	0.07562874863106117	-18.685769069635942	1074
half_step_1	0.5123124587713722	0.0015289141824437148	14	8	8	0.5714285714285714	6508210011.797138	11629304.56080052	0.07562874863106117	-18.685769069635942	1074
half_step_2	0.5138413729538159	0.0015289141824437148	10	20	9	2	6508210011.797138	1593867.6736606068	0.08158901610522662	-18.570730448591856	1035
full_step	0.5153702871362597	0.004013038949389152	12	12	3	1	6508210011.797138	6455494.928492906	0	-18.559611759507415	1086
half_step_1	0.5153702871362597	0.002006519474694576	6	4	4	0.6666666666666666	6508210011.797138	3200668.6988721024	0	-18.559611759507415	1086
half_step_2	0.5173768066109542	0.002006519474694576	11	3	3	0.2727272727272727	6508210011.797138	2745913.177703423	0	-18.571617799785063	1082
full_step	0.5193833260856489	0.020065194746945764	12	14	7	1.1666666666666667	6508210011.797138	12163588.984376788	0	-18.740791983703843	966
full_step	0.5193833260856489	0.010032597373472882	11	7	4	0.6363636363636364	6508210011.797138	8173710.135999374	0	-18.740791983703843	966
full_step	0.5193833260856489	0.005016298686736441	10	7	4	0.7	6508210011.797138	3622497.9414270255	0	-18.740791983703843	966
full_step	0.5193833260856489	0.0025081493433682205	10	3	3	0.3	6508210011.797138	1716687.9940601569	0	-18.740791983703843	966
full_step	0.5193833260856489	0.0012540746716841102	8	0	0	0	6508210011.797138	1677048.4751382542	0	-18.740791983703843	966
full_step	0.5193833260856489	0.0006270373358420551	6	0	0	0	6508210011.797138	606516.4791085281	0	-18.740791983703843	966
half_step_1	0.5193833260856489	0.00031351866792102756	3	0	0	0	6508210011.797138	177035.4125377726	0	-18.740791983703843	966
half_step_2	0.5196968447535699	0.00031351866792102756	5	0	0	0	6508210011.797138	135214.2642397799	0	-18.555460698688204	950
full_step	0.5200103634214909	0.0031351866792102756	9	28	10	3.111111111111111	6508210011.797138	2366760.5096228686	0.01718607031261854	-18.61281353886047	933
full_step	0.5200103634214909	0.0015675933396051378	10	22	7	2.2	6508210011.797138	1701365.3907254273	0.01718607031261854	-18.61281353886047	933
full_step	0.5200103634214909	0.0007837966698025689	9	35	12	3.888888888888889	6508210011.797138	1042174.8477625158	0.01718607031261854	-18.61281353886047	933
full_step	0.5200103634214909	0.00039189833490128445	5	19	10	3.8	6508210011.797138	264548.7953189682	0.01718607031261854	-18.61281353886047	933
full_step	0.5200103634214909	0.00019594916745064222	3	0	0	0	6508210011.797138	17727.704571807237	0.01718607031261854	-18.61281353886047	933
half_step_1	0.5200103634214909	9.797458372532111e-05	3	3	3	1	6508210011.797138	5025.099969573814	0.01718607031261854	-18.61281353886047	933
half_step_2	0.5201083380052162	9.797458372532111e-05	2	2	2	1	6508210011.797138	6419.621889065455	0.006135738696684712	-18.683268453849255	962
full_step	0.5202063125889416	0.0009797458372532112	18	23	10	1.2777777777777777	6508210011.797138	1957303.133204513	0.006846015059181809	-18.72338343055077	1009
half_step_1	0.5202063125889416	0.0004898729186266056	18	27	10	1.5	6508210011.797138	1087620.043968116	0.006846015059181809	-18.72338343055077	1009
half_step_2	0.5206961855075681	0.0004898729186266056	14	44	10	3.142857142857143	6508210011.797138	827114.1934608488	0.11841870341322647	-18.266015142215156	1051
full_step	0.5211860584261948	0.0021407462737929655	16	51	12	3.1875	6508210011.797138	4014308.7619517865	0.06713445824880182	-18.319212288860424	1036
full_step	0.5211860584261948	0.0010703731368964828	17	84	12	4.9411764705882355	6508210011.797138	1648789.5087894353	0.06713445824880182	-18.319212288860424	1036
half_step_1	0.5211860584261948	0.0005351865684482414	5	11	8	2.2	6508210011.797138	854495.1784609737	0.06713445824880182	-18.319212288860424	1036
half_step_2	0.521721244994643	0.0005351865684482414	6	15	4	2.5	6508210011.797138	313331.01620745775	0	-18.421240157182346	1002
full_step	0.5222564315630913	0.005351865684482414	14	7	7	0.5	6508210011.797138	4657170.705204967	0	-18.550549501317427	1027
full_step	0.5222564315630913	0.002675932842241207	14	8	5	0.5714285714285714	6508210011.797138	2579121.9830966457	0	-18.550549501317427	1027
full_step	0.5222564315630913	0.0013379664211206036	13	4	4	0.3076923076923077	6508210011.797138	1418771.3401828518	0	-18.550549501317427	1027
full_step	0.5222564315630913	0.0006689832105603018	13	5	5	0.38461538461538464	6508210011.797138	356048.4275456114	0	-18.550549501317427	1027
half_step_1	0.5222564315630913	0.0003344916052801509	10	0	0	0	6508210011.797138	90128.13378222422	0	-18.550549501317427	1027
half_step_2	0.5225909231683714	0.0003344916052801509	9	0	0	0	6508210011.797138	102924.06896327702	0.5732018295097987	-18.46494267263851	1021
full_step	0.5229254147736516	0.0033449160528015087	17	29	13	1.7058823529411764	6508210011.797138	4829068.790461684	0.9110892283229077	-18.63116614869219	1078
half_step_1	0.5229254147736516	0.0016724580264007543	13	23	8	1.7692307692307692	6508210011.797138	1956838.169522777	0.9110892283229077	-18.63116614869219	1078
half_step_2	0.5245978728000523	0.0016724580264007543	12	17	7	1.4166666666666667	6508210011.797138	1727114.0409134082	0.3082416656288842	-18.25883988071766	1069
full_step	0.5229254147736516	0.0016724580264007543	16	38	11	2.375	6508210011.797138	1956834.9215608204	0.9110892283229077	-18.63116614869219	1078
half_step_1	0.5229254147736516	0.0008362290132003772	7	29	11	4.142857142857143	6508210011.797138	886808.424418766	0.9110892283229077	-18.63116614869219	1078
half_step_2	0.523761643786852	0.0008362290132003772	15	47	12	3.1333333333333333	6508210011.797138	752502.540349029	0.8013591566946161	-18.304163221006327	1098
full_step	0.5245978728000523	0.008362290132003772	16	44	14	2.75	6508210011.797138	7939574.918994372	0.20140088273046786	-18.252955606263054	1048
full_step	0.5245978728000523	0.004181145066001886	9	7	5	0.7777777777777778	6508210011.797138	2228667.7583610425	0.20140088273046786	-18.252955606263054	1048
full_step	0.5245978728000523	0.002090572533000943	14	40	11	2.857142857142857	6508210011.797138	1849809.1313860798	0.20140088273046786	-18.252955606263054	1048
full_step	0.5245978728000523	0.0010452862665004715	8	7	4	0.875	6508210011.797138	1028424.4831440629	0.20140088273046786	-18.252955606263054	1048
half_step_1	0.5245978728000523	0.0005226431332502358	7	18	4	2.5714285714285716	6508210011.797138	262073.21763990677	0.20140088273046786	-18.252955606263054	1048
half_step_2	0.5251205159333026	0.0005226431332502358	5	14	5	2.8	6508210011.797138	238759.44077195475	0.04015703526874859	-18.236565318606022	1054
full_step	0.5256431590665528	0.005226431332502357	13	13	5	1	6508210011.797138	5681924.917983555	0.0034908855177491205	-18.283942854365687	1100
full_step	0.5256431590665528	0.0026132156662511787	15	18	5	1.2	6508210011.797138	3125965.2872835184	0.0034908855177491205	-18.283942854365687	1100
half_step_1	0.5256431590665528	0.0013066078331255893	11	7	4	0.6363636363636364	6508210011.797138	1492115.779878801	0.0034908855177491205	-18.283942854365687	1100
half_step_2	0.5269497668996784	0.0013066078331255893	7	4	4	0.5714285714285714	6508210011.797138	1891847.397530072	0	-18.4328536951008	1132
full_step	0.528256374732804	0.009897898417928477	16	17	6	1.0625	6508210011.797138	4338298.650551888	0.0019174780891262344	-18.132670119445805	1132
full_step	0.528256374732804	0.0049489492089642385	12	11	4	0.9166666666666666	6508210011.797138	3825303.516026521	0.0019174780891262344	-18.132670119445805	1132
full_step	0.528256374732804	0.0024744746044821193	12	13	6	1.0833333333333333	6508210011.797138	3870321.8068161546	0.0019174780891262344	-18.132670119445805	1132
full_step	0.528256374732804	0.0012372373022410596	10	7	4	0.7	6508210011.797138	1591243.8688389899	0.0019174780891262344	-18.132670119445805	1132
half_step_1	0.528256374732804	0.0006186186511205298	5	3	3	0.6	6508210011.797138	553829.5781140754	0.0019174780891262344	-18.132670119445805	1132
half_step_2	0.5288749933839245	0.0006186186511205298	7	4	4	0.5714285714285714	6508210011.797138	507515.1793208553	0.011961491967213078	-18.056689652698566	1129
full_step	0.529493612035045	0.006186186511205298	12	20	4	1.6666666666666667	6508210011.797138	3511266.333721023	0.0067198905562690925	-18.008965513908887	1070
full_step	0.529493612035045	0.003093093255602649	9	6	3	0.6666666666666666	6508210011.797138	2957404.3943507327	0.0067198905562690925	-18.008965513908887	1070
full_step	0.529493612035045	0.0015465466278013246	8	3	3	0.375	6508210011.797138	1596883.0743224865	0.0067198905562690925	-18.008965513908887	1070
full_step	0.529493612035045	0.0007732733139006623	8	0	0	0	6508210011.797138	811595.1225939912	0.0067198905562690925	-18.008965513908887	1070
full_step	0.529493612035045	0.00038663665695033115	8	0	0	0	6508210011.797138	129737.87956853706	0.0067198905562690925	-18.008965513908887	1070
full_step	0.529493612035045	0.00019331832847516557	8	0	0	0	6508210011.797138	30363.732069108974	0.0067198905562690925	-18.008965513908887	1070
half_step_1	0.529493612035045	9.665916423758279e-05	3	3	3	1	6508210011.797138	8882.941935491308	0.0067198905562690925	-18.008965513908887	1070
half_step_2	0.5295902711992826	9.665916423758279e-05	2	0	0	0	6508210011.797138	10523.63678623206	0.20245216474722838	-18.009339537660036	1078
full_step	0.5296869303635201	0.0009665916423758278	8	26	12	3.25	6508210011.797138	1487293.0222844086	0.25640711895539425	-17.93488673701252	1059
full_step	0.5296869303635201	0.0004832958211879139	7	25	8	3.5714285714285716	6508210011.797138	904537.9213817428	0.25640711895539425	-17.93488673701252	1059
full_step	0.5296869303635201	0.00024164791059395695	4	14	11	3.5	6508210011.797138	500416.28268935444	0.25640711895539425	-17.93488673701252	1059
full_step	0.5296869303635201	0.00012082395529697848	6	19	9	3.1666666666666665	6508210011.797138	232196.36781843525	0.25640711895539425	-17.93488673701252	1059
full_step	0.5296869303635201	6.041197764848924e-05	3	6	3	2	6508210011.797138	7300.570593286376	0.25640711895539425	-17.93488673701252	1059
half_step_1	0.5296869303635201	3.020598882424462e-05	1	0	0	0	6508210011.797138	2130.3940211447234	0.25640711895539425	-17.93488673701252	1059
half_step_2	0.5297171363523443	3.020598882424462e-05	1	0	0	0	6508210011.797138	3781.2176210962825	0.2627697643038118	-18.01313057771641	1059
full_step	0.5297473423411686	0.0003020598882424462	21	65	13	3.0952380952380953	6508210011.797138	947784.5996955889	0.2620594450563658	-17.98555380713938	1032
half_step_1	0.5297473423411686	0.0001510299441212231	15	28	11	1.8666666666666667	6508210011.797138	388643.8870064904	0.2620594450563658	-17.98555380713938	1032
half_step_2	0.5298983722852898	0.0001510299441212231	14	32	8	2.2857142857142856	6508210011.797138	396527.50877483556	0.6462119261195767	-17.9378143617653	1106
full_step	0.5300494022294111	0.0009188950712759179	20	117	13	5.85	6508210011.797138	2576854.067635728	1.0871048105036607	-17.884191343138017	1128
half_step_1	0.5300494022294111	0.00045944753563795894	9	22	15	2.4444444444444446	6508210011.797138	1989772.212851264	1.0871048105036607	-17.884191343138017	1128
half_step_2	0.5305088497650491	0.00045944753563795894	7	19	5	2.7142857142857144	6508210011.797138	793980.1936106668	0.4222761899964098	-17.835294668075818	1092
full_step	0.5309682973006871	0.00459447535637959	17	29	5	1.7058823529411764	6508210011.797138	3751183.601223424	0.0047027432983668405	-18.102930051579342	1128
half_step_1	0.5309682973006871	0.002297237678189795	8	16	6	2	6508210011.797138	2511993.0591414943	0.0047027432983668405	-18.102930051579342	1128
half_step_2	0.5332655349788769	0.002297237678189795	6	3	3	0.5	6508210011.797138	3555176.660825787	0	-18.54250456109457	1142
full_step	0.5355627726570666	0.01459049651896303	12	18	4	1.5	6508210011.797138	8631833.58709897	0	-18.675075247365655	959
full_step	0.5355627726570666	0.007295248259481515	13	16	4	1.2307692307692308	6508210011.797138	4435303.9753008215	0	-18.675075247365655	959
full_step	0.5355627726570666	0.0036476241297407576	10	3	3	0.3	6508210011.797138	3499976.733188495	0	-18.675075247365655	959
full_step	0.5355627726570666	0.0018238120648703788	11	4	4	0.36363636363636365	6508210011.797138	2459459.1789719607	0	-18.675075247365655	959
half_step_1	0.5355627726570666	0.0009119060324351894	9	3	3	0.3333333333333333	6508210011.797138	638772.884214246	0	-18.675075247365655	959
half_step_2	0.5364746786895018	0.0009119060324351894	5	15	6	3	6508210011.797138	592936.2839753373	0	-18.68306270691747	952
full_step	0.537386584721937	0.009119060324351894	12	20	6	1.6666666666666667	6508210011.797138	3880599.8343808334	0	-18.70114271197203	942
full_step	0.537386584721937	0.004559530162175947	9	12	5	1.3333333333333333	6508210011.797138	4747485.516200983	0	-18.70114271197203	942
full_step	0.537386584721937	0.0022797650810879736	7	8	5	1.1428571428571428	6508210011.797138	2835396.428102029	0	-18.70114271197203	942
full_step	0.537386584721937	0.0011398825405439868	8	3	3	0.375	6508210011.797138	1616928.6932626634	0	-18.70114271197203	942
half_step_1	0.537386584721937	0.0005699412702719934	8	24	5	3	6508210011.797138	228977.97506157594	0	-18.70114271197203	942
half_step_2	0.537956525992209	0.0005699412702719934	9	8	5	0.8888888888888888	6508210011.797138	225860.40598684762	0.3808657792687882	-18.65502742590256	1016
full_step	0.538526467262481	0.0056994127027199335	18	13	5	0.7222222222222222	6508210011.797138	5640757.473885711	0.06717551065412408	-18.752210320747317	1084
full_step	0.538526467262481	0.0028497063513599668	18	4	4	0.2222222222222222	6508210011.797138	3478854.161844528	0.06717551065412408	-18.752210320747317	1084
full_step	0.538526467262481	0.0014248531756799834	15	0	0	0	6508210011.797138	1897137.0060398895	0.06717551065412408	-18.752210320747317	1084
full_step	0.538526467262481	0.0007124265878399917	14	3	3	0.21428571428571427	6508210011.797138	501277.56242822	0.06717551065412408	-18.752210320747317	1084
full_step	0.538526467262481	0.00035621329391999584	14	7	4	0.5	6508210011.797138	321845.5939335169	0.06717551065412408	-18.752210320747317	1084
full_step	0.538526467262481	0.00017810664695999792	10	0	0	0	6508210011.797138	40299.450839776575	0.06717551065412408	-18.752210320747317	1084
full_step	0.538526467262481	8.905332347999896e-05	3	0	0	0	6508210011.797138	11089.146845846417	0.06717551065412408	-18.752210320747317	1084
half_step_1	0.538526467262481	4.452666173999948e-05	1	0	0	0	6508210011.797138	1005.6475192207663	0.06717551065412408	-18.752210320747317	1084
half_step_2	0.538570993924221	4.452666173999948e-05	2	0	0	0	6508210011.797138	5006.082665496779	0.050509660666648415	-18.784723461193494	1160
full_step	0.538615520585961	0.0004452666173999948	16	3	3	0.1875	6508210011.797138	302014.98411883175	0.03496326896311075	-18.695464378385857	1145
half_step_1	0.538615520585961	0.0002226333086999974	15	13	6	0.8666666666666667	6508210011.797138	102167.68004073281	0.03496326896311075	-18.695464378385857	1145
half_step_2	0.5388381538946609	0.0002226333086999974	15	41	11	2.7333333333333334	6508210011.797138	689340.6035845845	0.4018112130602276	-18.524316011270326	1147
full_step	0.5390607872033609	0.0013888851753424707	11	26	5	2.3636363636363638	6508210011.797138	1655733.6450726823	0.24264347755251947	-18.670124599421268	1125
half_step_1	0.5390607872033609	0.0006944425876712353	5	4	4	0.8	6508210011.797138	514204.8251939034	0.24264347755251947	-18.670124599421268	1125
half_step_2	0.5397552297910322	0.0006944425876712353	8	31	6	3.875	6508210011.797138	431746.66190093156	0	-18.638179936850893	1121
full_step	0.5404496723787034	0.0069444258767123535	13	13	6	1	6508210011.797138	4844133.399132426	0	-18.794007622701372	1179
full_step	0.5404496723787034	0.0034722129383561767	11	4	2	0.36363636363636365	6508210011.797138	4025057.510552709	0	-18.794007622701372	1179
half_step_1	0.5404496723787034	0.0017361064691780884	8	14	7	1.75	6508210011.797138	2626528.413161589	0	-18.794007622701372	1179
half_step_2	0.5421857788478815	0.0017361064691780884	7	10	4	1.4285714285714286	6508210011.797138	2385913.8049867	0	-18.79888242816123	1086
full_step	0.5439218853170597	0.017361064691780885	10	10	4	1	6508210011.797138	15298847.736427711	0	-18.756837346064817	1023
full_step	0.5439218853170597	0.008680532345890443	12	10	4	0.8333333333333334	6508210011.797138	8285131.557637101	0	-18.756837346064817	1023
full_step	0.5439218853170597	0.004340266172945221	11	9	4	0.8181818181818182	6508210011.797138	3494784.9597611222	0	-18.756837346064817	1023
full_step	0.5439218853170597	0.0021701330864726106	9	3	3	0.3333333333333333	6508210011.797138	2682491.853122317	0	-18.756837346064817	1023
half_step_1	0.5439218853170597	0.0010850665432363053	5	8	4	1.6	6508210011.797138	2067435.3164839651	0	-18.756837346064817	1023
half_step_2	0.5450069518602959	0.0010850665432363053	7	3	3	0.42857142857142855	6508210011.797138	1148572.6492432065	0	-18.69059914498316	1025
full_step	0.5460920184035323	0.010850665432363054	11	9	6	0.8181818181818182	6508210011.797138	4286422.808478651	0	-18.788342882453595	1038
full_step	0.5460920184035323	0.005425332716181527	10	9	5	0.9	6508210011.797138	3422053.989506682	0	-18.788342882453595	1038
full_step	0.5460920184035323	0.0027126663580907635	8	7	4	0.875	6508210011.797138	3428354.6069221804	0	-18.788342882453595	1038
full_step	0.5460920184035323	0.0013563331790453818	8	35	8	4.375	6508210011.797138	1761406.6866403557	0	-18.788342882453595	1038
half_step_1	0.5460920184035323	0.0006781665895226909	5	23	7	4.6	6508210011.797138	319953.4404553903	0	-18.788342882453595	1038
half_step_2	0.546770184993055	0.0006781665895226909	9	33	7	3.6666666666666665	6508210011.797138	589734.7783627603	0	-18.769978853720264	984
full_step	0.5474483515825777	0.006781665895226909	15	8	4	0.5333333333333333	6508210011.797138	5288995.172664241	0	-18.69569246767215	1035
full_step	0.5474483515825777	0.0033908329476134546	15	7	4	0.4666666666666667	6508210011.797138	3952745.904925542	0	-18.69569246767215	1035
full_step	0.5474483515825777	0.0016954164738067273	16	13	5	0.8125	6508210011.797138	2540277.4945371808	0	-18.69569246767215	1035
full_step	0.5474483515825777	0.0008477082369033636	16	19	7	1.1875	6508210011.797138	737843.433209373	0	-18.69569246767215	1035
half_step_1	0.5474483515825777	0.0004238541184516818	8	0	0	0	6508210011.797138	129956.536152456	0	-18.69569246767215	1035
half_step_2	0.5478722057010293	0.0004238541184516818	10	5	3	0.5	6508210011.797138	195918.90634603708	0.48046795860364	-18.53824014431632	1051
full_step	0.548296059819481	0.003145609194886516	11	28	10	2.5454545454545454	6508210011.797138	3610460.1459592753	0.8514158461512125	-18.60518454137232	1057
full_step	0.548296059819481	0.001572804597443258	12	24	9	2	6508210011.797138	2380626.500827609	0.8514158461512125	-18.60518454137232	1057
full_step	0.548296059819481	0.000786402298721629	11	22	12	2	6508210011.797138	685402.0751601994	0.8514158461512125	-18.60518454137232	1057
full_step	0.548296059819481	0.0003932011493608145	11	29	14	2.6363636363636362	6508210011.797138	407777.1682549717	0.8514158461512125	-18.60518454137232	1057
full_step	0.548296059819481	0.00019660057468040725	12	41	10	3.4166666666666665	6508210011.797138	324069.7210872613	0.8514158461512125	-18.60518454137232	1057
full_step	0.548296059819481	9.830028734020362e-05	5	0	0	0	6508210011.797138	8902.81886532043	0.8514158461512125	-18.60518454137232	1057
half_step_1	0.548296059819481	4.915014367010181e-05	2	0	0	0	6508210011.797138	2499.68787949341	0.8514158461512125	-18.60518454137232	1057
half_step_2	0.5483452099631512	4.915014367010181e-05	2	0	0	0	6508210011.797138	2871.856195240479	0.7809130488226401	-18.619436288532217	1045
full_step	0.5483943601068213	0.0004915014367010181	22	56	11	2.5454545454545454	6508210011.797138	389024.26655293093	0.6605269784390657	-18.62122174763432	1063
half_step_1	0.5483943601068213	0.00024575071835050905	12	3	3	0.25	6508210011.797138	379655.4991359177	0.6605269784390657	-18.62122174763432	1063
half_step_2	0.5486401108251718	0.00024575071835050905	13	33	9	2.5384615384615383	6508210011.797138	809852.2228445763	0.4900718459871314	-18.52965400895978	1056
full_step	0.5488858615435224	0.0024575071835050907	10	20	9	2	6508210011.797138	1954885.5173344014	0.2544943156754016	-18.520398483190203	1066
full_step	0.5488858615435224	0.0012287535917525454	9	6	4	0.6666666666666666	6508210011.797138	1598419.8769699922	0.2544943156754016	-18.520398483190203	1066
full_step	0.5488858615435224	0.0006143767958762727	7	7	4	1	6508210011.797138	482555.0331595736	0.2544943156754016	-18.520398483190203	1066
half_step_1	0.5488858615435224	0.00030718839793813634	4	8	5	2	6508210011.797138	425106.9545480884	0.2544943156754016	-18.520398483190203	1066
half_step_2	0.5491930499414605	0.00030718839793813634	6	12	3	2	6508210011.797138	101017.40576103804	0.0021203791966399876	-18.703889877034296	1051
full_step	0.5495002383393987	0.0030718839793813634	18	35	8	1.9444444444444444	6508210011.797138	5289451.851383153	0.0020969745014554064	-18.632285448545456	1076
full_step	0.5495002383393987	0.0015359419896906817	17	31	9	1.8235294117647058	6508210011.797138	2276910.7859776015	0.0020969745014554064	-18.632285448545456	1076
full_step	0.5495002383393987	0.0007679709948453409	12	0	0	0	6508210011.797138	879391.9527355726	0.0020969745014554064	-18.632285448545456	1076
half_step_1	0.5495002383393987	0.0003839854974226704	11	6	6	0.5454545454545454	6508210011.797138	202345.22644864622	0.0020969745014554064	-18.632285448545456	1076
half_step_2	0.5498842238368213	0.0003839854974226704	15	35	9	2.3333333333333335	6508210011.797138	407566.07768728194	0.47356274116100394	-18.188646057652363	1122
full_step	0.550268209334244	0.002540500878455298	17	51	10	3	6508210011.797138	3431305.224352749	0.8490355638168694	-18.254063594513866	1145
full_step	0.550268209334244	0.001270250439227649	19	60	7	3.1578947368421053	6508210011.797138	1775001.4746089764	0.8490355638168694	-18.254063594513866	1145
full_step	0.550268209334244	0.0006351252196138245	10	22	9	2.2	6508210011.797138	446206.1861765552	0.8490355638168694	-18.254063594513866	1145
full_step	0.550268209334244	0.00031756260980691223	16	55	11	3.4375	6508210011.797138	221186.22012633184	0.8490355638168694	-18.254063594513866	1145
half_step_1	0.550268209334244	0.00015878130490345612	10	34	11	3.4	6508210011.797138	800514.5323531871	0.8490355638168694	-18.254063594513866	1145
half_step_2	0.5504269906391475	0.00015878130490345612	8	0	0	0	6508210011.797138	36503.96971557413	0.7466766502129758	-18.25292380867382	1209
full_step	0.5505857719440509	0.0015878130490345611	27	72	8	2.6666666666666665	8141186689.779056	6792582.41412127	0.7795083939017786	-17.925934627992596	1285
half_step_1	0.5505857719440509	0.0007939065245172806	23	52	9	2.260869565217391	8141186689.779056	2561418.970415061	0.7795083939017786	-17.925934627992596	1285
half_step_2	0.5513796784685682	0.0007939065245172806	10	42	8	4.2	8141186689.779056	2022924.187919524	0.5257806856825482	-18.16274312237361	1346
full_step	0.5521735849930854	0.005218159470263493	14	15	5	1.0714285714285714	8141186689.779056	6436172.330772484	0	-18.170170507066622	1377
full_step	0.5521735849930854	0.0026090797351317465	10	3	3	0.3	8141186689.779056	4410389.444244551	0	-18.170170507066622	1377
half_step_1	0.5521735849930854	0.0013045398675658733	9	8	5	0.8888888888888888	8141186689.779056	2552593.4919782337	0	-18.170170507066622	1377
half_step_2	0.5534781248606513	0.0013045398675658733	12	34	8	2.8333333333333335	8141186689.779056	2299634.422854987	0.7618499802915721	-18.351720073696494	1249
full_step	0.5547826647282171	0.003945347788102959	10	7	4	0.7	8141186689.779056	5967859.037181517	0	-18.604443976485836	1252
full_step	0.5547826647282171	0.0019726738940514794	8	8	4	1	8141186689.779056	3119506.4555488266	0	-18.604443976485836	1252
half_step_1	0.5547826647282171	0.0009863369470257397	6	6	3	1	8141186689.779056	973098.9345094075	0	-18.604443976485836	1252
half_step_2	0.5557690016752429	0.0009863369470257397	9	26	5	2.888888888888889	8141186689.779056	1394095.5053805995	0	-18.688518399885137	1445
full_step	0.5567553386222686	0.009863369470257398	13	8	3	0.6153846153846154	8141186689.779056	6130354.2162259	0	-18.628981006225708	1293
full_step	0.5567553386222686	0.004931684735128699	16	19	4	1.1875	8141186689.779056	5448639.815091084	0	-18.628981006225708	1293
full_step	0.5567553386222686	0.0024658423675643494	12	3	3	0.25	8141186689.779056	3925674.467849401	0	-18.628981006225708	1293
half_step_1	0.5567553386222686	0.0012329211837821747	7	3	3	0.42857142857142855	8141186689.779056	1510393.769830285	0	-18.628981006225708	1293
half_step_2	0.5579882598060507	0.0012329211837821747	10	32	6	3.2	8141186689.779056	1512923.5270553764	0	-18.631745749475595	1335
full_step	0.5592211809898329	0.012329211837821747	16	13	7	0.8125	8141186689.779056	8567095.662712183	0	-18.62488104549659	1423
full_step	0.5592211809898329	0.006164605918910874	17	13	7	0.7647058823529411	8141186689.779056	10469255.562494325	0	-18.62488104549659	1423
full_step	0.5592211809898329	0.003082302959455437	14	3	3	0.21428571428571427	8141186689.779056	5354185.620875295	0	-18.62488104549659	1423
half_step_1	0.5592211809898329	0.0015411514797277184	14	3	3	0.21428571428571427	8141186689.779056	2709419.827680804	0	-18.62488104549659	1423
half_step_2	0.5607623324695605	0.0015411514797277184	13	51	10	3.923076923076923	8141186689.779056	3480193.0160385706	0.02486947578472609	-18.54967166311498	1548
full_step	0.5623034839492883	0.00427202974099765	11	19	11	1.7272727272727273	8141186689.779056	6367549.563335987	0.21551087396665025	-18.467637773839886	1538
half_step_1	0.5623034839492883	0.002136014870498825	9	22	10	2.4444444444444446	8141186689.779056	3251375.8977785287	0.21551087396665025	-18.467637773839886	1538
half_step_2	0.5644394988197872	0.002136014870498825	9	11	5	1.2222222222222223	8141186689.779056	4556580.203934113	0	-18.41846425615669	1575
full_step	0.5665755136902859	0.018800040815399665	11	11	4	1	8141186689.779056	8597451.882316714	0	-18.5708956972442	1425
full_step	0.5665755136902859	0.009400020407699832	14	13	4	0.9285714285714286	8141186689.779056	6526169.523865019	0	-18.5708956972442	1425
full_step	0.5665755136902859	0.004700010203849916	10	10	4	1	8141186689.779056	4486802.964160977	0	-18.5708956972442	1425
half_step_1	0.5665755136902859	0.002350005101924958	8	11	4	1.375	8141186689.779056	3560854.2476622164	0	-18.5708956972442	1425
half_step_2	0.5689255187922109	0.002350005101924958	12	48	8	4	8141186689.779056	3769693.0174892014	0.04979661712422967	-18.527741867212356	1280
full_step	0.5712755238941358	0.0099996846893817	15	29	10	1.9333333333333333	8141186689.779056	8526614.222967917	0.21760932992719972	-18.594504033970967	1218
full_step	0.5712755238941358	0.00499984234469085	15	40	8	2.6666666666666665	8141186689.779056	4143336.3496244256	0.21760932992719972	-18.594504033970967	1218
full_step	0.5712755238941358	0.002499921172345425	16	52	8	3.25	8141186689.779056	3263466.104010342	0.21760932992719972	-18.594504033970967	1218
full_step	0.5712755238941358	0.0012499605861727124	8	24	9	3	8141186689.779056	1655971.7067531869	0.21760932992719972	-18.594504033970967	1218
half_step_1	0.5712755238941358	0.0006249802930863562	6	19	9	3.1666666666666665	8141186689.779056	435446.52233631676	0.21760932992719972	-18.594504033970967	1218
half_step_2	0.5719005041872222	0.0006249802930863562	5	7	4	1.4	8141186689.779056	339887.46762463346	0	-18.693394881910613	1225
full_step	0.5725254844803085	0.006249802930863562	19	48	8	2.526315789473684	8141186689.779056	4324657.812345108	0.06172929319473042	-18.636363280589606	1212
full_step	0.5725254844803085	0.003124901465431781	10	9	3	0.9	8141186689.779056	5864387.754172161	0.06172929319473042	-18.636363280589606	1212
full_step	0.5725254844803085	0.0015624507327158905	6	0	0	0	8141186689.779056	2295261.764373913	0.06172929319473042	-18.636363280589606	1212
full_step	0.5725254844803085	0.0007812253663579453	8	0	0	0	8141186689.779056	587899.6122065593	0.06172929319473042	-18.636363280589606	1212
half_step_1	0.5725254844803085	0.00039061268317897263	8	0	0	0	8141186689.779056	143812.61453460247	0.06172929319473042	-18.636363280589606	1212
half_step_2	0.5729160971634875	0.00039061268317897263	4	8	5	2	8141186689.779056	155006.33705094826	0.0824620606872486	-18.64237540388524	1178
full_step	0.5733067098466664	0.0039061268317897263	14	42	7	3	8141186689.779056	3922962.1640213565	0.0912592884615151	-18.699696138460435	1199
full_step	0.5733067098466664	0.0019530634158948631	8	6	3	0.75	8141186689.779056	2464324.629083912	0.0912592884615151	-18.699696138460435	1199
full_step	0.5733067098466664	0.0009765317079474316	12	21	7	1.75	8141186689.779056	1012627.9218906678	0.0912592884615151	-18.699696138460435	1199
full_step	0.5733067098466664	0.0004882658539737158	12	19	5	1.5833333333333333	8141186689.779056	246212.86435963216	0.0912592884615151	-18.699696138460435	1199
full_step	0.5733067098466664	0.0002441329269868579	4	0	0	0	8141186689.779056	59211.38863609478	0.0912592884615151	-18.699696138460435	1199
half_step_1	0.5733067098466664	0.00012206646349342895	4	8	3	2	8141186689.779056	14279.209125167179	0.0912592884615151	-18.699696138460435	1199
half_step_2	0.5734287763101599	0.00012206646349342895	3	3	3	1	8141186689.779056	14835.718103856814	0.09003239792764361	-18.611198002424395	1211
full_step	0.5735508427736533	0.0012206646349342894	19	33	7	1.736842105263158	8141186689.779056	1627166.8511834852	0.09280794065307418	-18.671803022211925	1220
half_step_1	0.5735508427736533	0.0006103323174671447	17	37	6	2.176470588235294	8141186689.779056	399820.92108083953	0.09280794065307418	-18.671803022211925	1220
half_step_2	0.5741611750911204	0.0006103323174671447	8	6	6	0.75	8141186689.779056	347166.80304742587	0.07926489887177013	-18.51470984524442	1194
full_step	0.5747715074085876	0.005053624575999976	15	41	8	2.7333333333333334	8141186689.779056	5507439.971608176	0.7032942959813226	-18.599365670805458	1157
full_step	0.5747715074085876	0.002526812287999988	15	42	8	2.8	8141186689.779056	3381899.6204890036	0.7032942959813226	-18.599365670805458	1157
half_step_1	0.5747715074085876	0.001263406143999994	7	32	6	4.571428571428571	8141186689.779056	2030139.4936327252	0.7032942959813226	-18.599365670805458	1157
half_step_2	0.5760349135525876	0.001263406143999994	8	9	3	1.125	8141186689.779056	1666367.1027797428	0	-18.551925703505933	1169
full_step	0.5772983196965876	0.01263406143999994	17	21	4	1.2352941176470589	8141186689.779056	7341157.853069959	0	-18.81691902424666	1257
full_step	0.5772983196965876	0.00631703071999997	15	21	5	1.4	8141186689.779056	4389567.64477346	0	-18.81691902424666	1257
full_step	0.5772983196965876	0.003158515359999985	13	9	3	0.6923076923076923	8141186689.779056	2694602.4018328683	0	-18.81691902424666	1257
full_step	0.5772983196965876	0.0015792576799999924	8	3	3	0.375	8141186689.779056	1622113.7630970718	0	-18.81691902424666	1257
half_step_1	0.5772983196965876	0.0007896288399999962	6	3	3	0.5	8141186689.779056	886678.9733327942	0	-18.81691902424666	1257
half_step_2	0.5780879485365876	0.0007896288399999962	10	37	7	3.7	8141186689.779056	471514.4781099795	0.005621363199679763	-18.738758095602694	1314
full_step	0.5788775773765876	0.007896288399999962	19	49	8	2.5789473684210527	8141186689.779056	6439094.158430992	0.046072824334260076	-18.70214951870174	1300
full_step	0.5788775773765876	0.003948144199999981	14	26	7	1.8571428571428572	8141186689.779056	3734964.5308241374	0.046072824334260076	-18.70214951870174	1300
full_step	0.5788775773765876	0.0019740720999999904	10	0	0	0	8141186689.779056	2281554.3990514507	0.046072824334260076	-18.70214951870174	1300
full_step	0.5788775773765876	0.0009870360499999952	8	5	3	0.625	8141186689.779056	1560737.3855747217	0.046072824334260076	-18.70214951870174	1300
full_step	0.5788775773765876	0.0004935180249999976	6	0	0	0	8141186689.779056	497117.96189319174	0.046072824334260076	-18.70214951870174	1300
full_step	0.5788775773765876	0.0002467590124999988	4	6	3	1.5	8141186689.779056	52797.02398726311	0.046072824334260076	-18.70214951870174	1300
full_step	0.5788775773765876	0.0001233795062499994	3	3	3	1	8141186689.779056	11791.543872820406	0.046072824334260076	-18.70214951870174	1300
half_step_1	0.5788775773765876	6.16897531249997e-05	2	3	3	1.5	8141186689.779056	3720.9315765847277	0.046072824334260076	-18.70214951870174	1300
half_step_2	0.5789392671297127	6.16897531249997e-05	2	0	0	0	8141186689.779056	3544.0782242340383	0.041157761592330644	-18.70926194619158	1321
full_step	0.5790009568828376	0.000616897531249997	13	0	0	0	8141186689.779056	624470.0670694304	0.033618553083215374	-18.70583160227819	1318
half_step_1	0.5790009568828376	0.0003084487656249985	12	0	0	0	8141186689.779056	311513.5522010786	0.033618553083215374	-18.70583160227819	1318
half_step_2	0.5793094056484626	0.0003084487656249985	10	18	14	1.8	8141186689.779056	426808.4456083165	0.49582927935534826	-18.686600694350997	1338
full_step	0.5796178544140876	0.001885223324266686	11	44	12	4	8141186689.779056	2410718.63345505	0.18934175489630434	-18.731501177032705	1345
half_step_1	0.5796178544140876	0.000942611662133343	9	35	9	3.888888888888889	8141186689.779056	911857.4880555089	0.18934175489630434	-18.731501177032705	1345
half_step_2	0.580560466076221	0.000942611662133343	9	17	8	1.8888888888888888	8141186689.779056	858930.4525988607	0.029646421453435323	-18.70664275134544	1379
full_step	0.5815030777383543	0.009426116621333431	12	20	7	1.6666666666666667	8141186689.779056	7263202.853203221	0	-18.73261874167128	1363
half_step_1	0.5815030777383543	0.0047130583106667154	8	18	7	2.25	8141186689.779056	4742031.774464579	0	-18.73261874167128	1363
half_step_2	0.586216136049021	0.0047130583106667154	13	13	5	1	8141186689.779056	5535962.418748073	0	-18.73670198385029	1440
full_step	0.5909291943596877	0.025384623149099336	15	24	6	1.6	8141186689.779056	13431059.771534408	0.8392368784288919	-18.683728939393813	1279
full_step	0.5909291943596877	0.012692311574549668	15	29	11	1.9333333333333333	8141186689.779056	8866174.322448313	0.8392368784288919	-18.683728939393813	1279
full_step	0.5909291943596877	0.006346155787274834	13	23	8	1.7692307692307692	8141186689.779056	8770076.42981774	0.8392368784288919	-18.683728939393813	1279
full_step	0.5909291943596877	0.003173077893637417	9	16	10	1.7777777777777777	8141186689.779056	7142077.966443395	0.8392368784288919	-18.683728939393813	1279
full_step	0.5909291943596877	0.0015865389468187085	10	17	7	1.7	8141186689.779056	1882404.8663513348	0.8392368784288919	-18.683728939393813	1279
full_step	0.5909291943596877	0.0007932694734093542	7	3	3	0.42857142857142855	8141186689.779056	959223.0140215389	0.8392368784288919	-18.683728939393813	1279
half_step_1	0.5909291943596877	0.0003966347367046771	7	0	0	0	8141186689.779056	446563.47771884105	0.8392368784288919	-18.683728939393813	1279
half_step_2	0.5913258290963924	0.0003966347367046771	13	56	12	4.3076923076923075	8141186689.779056	420076.30653415044	0.02074149063673758	-18.81325330999208	1245
full_step	0.5917224638330971	0.003966347367046771	14	41	11	2.9285714285714284	8141186689.779056	6204719.020291151	0.03483705945245674	-18.763866692813416	1201
full_step	0.5917224638330971	0.0019831736835233854	16	62	10	3.875	8141186689.779056	3443469.60204123	0.03483705945245674	-18.763866692813416	1201
full_step	0.5917224638330971	0.0009915868417616927	9	29	9	3.2222222222222223	8141186689.779056	1465423.3935946934	0.03483705945245674	-18.763866692813416	1201
full_step	0.5917224638330971	0.0004957934208808464	8	27	11	3.375	8141186689.779056	371738.80409936403	0.03483705945245674	-18.763866692813416	1201
full_step	0.5917224638330971	0.0002478967104404232	6	11	8	1.8333333333333333	8141186689.779056	91650.34386609109	0.03483705945245674	-18.763866692813416	1201
half_step_1	0.5917224638330971	0.0001239483552202116	3	0	0	0	8141186689.779056	31939.044626453517	0.03483705945245674	-18.763866692813416	1201
half_step_2	0.5918464121883174	0.0001239483552202116	3	2	2	0.6666666666666666	8141186689.779056	22453.478839672356	0.005940768364780524	-18.728523629973584	1195
full_step	0.5919703605435376	0.0012394835522021158	17	17	5	1	8141186689.779056	3343896.3085248047	0.002874502608392504	-18.824052031465254	1345
half_step_1	0.5919703605435376	0.0006197417761010579	14	5	5	0.35714285714285715	8141186689.779056	670663.290484991	0.002874502608392504	-18.824052031465254	1345
half_step_2	0.5925901023196386	0.0006197417761010579	10	3	3	0.3	8141186689.779056	500289.6187161279	0.4903074074145479	-18.729793136813218	1284
full_step	0.5932098440957397	0.005466369181223328	16	34	9	2.125	8141186689.779056	6292711.847387577	0.4519954537963713	-18.620950518713233	1350
full_step	0.5932098440957397	0.002733184590611664	14	45	10	3.2142857142857144	8141186689.779056	4410619.138453394	0.4519954537963713	-18.620950518713233	1350
half_step_1	0.5932098440957397	0.001366592295305832	9	24	8	2.6666666666666665	8141186689.779056	2057379.1219518732	0.4519954537963713	-18.620950518713233	1350
half_step_2	0.5945764363910455	0.001366592295305832	11	59	9	5.363636363636363	8141186689.779056	1823139.0666672823	0.062344106182081305	-18.524660277489776	1378
full_step	0.5959430286863514	0.013665922953058319	17	21	5	1.2352941176470589	8141186689.779056	9080778.842491614	0	-18.43360280340764	1345
full_step	0.5959430286863514	0.006832961476529159	16	21	4	1.3125	8141186689.779056	6788761.110902945	0	-18.43360280340764	1345
full_step	0.5959430286863514	0.0034164807382645796	15	15	5	1	8141186689.779056	4872077.955094758	0	-18.43360280340764	1345
full_step	0.5959430286863514	0.0017082403691322898	12	10	6	0.8333333333333334	8141186689.779056	3821330.829949107	0	-18.43360280340764	1345
half_step_1	0.5959430286863514	0.0008541201845661449	6	7	4	1.1666666666666667	8141186689.779056	744914.5331596574	0	-18.43360280340764	1345
half_step_2	0.5967971488709175	0.0008541201845661449	9	6	6	0.6666666666666666	8141186689.779056	757685.5271864028	0.19437849450196154	-18.329935847160037	1423
full_step	0.5976512690554837	0.008541201845661449	17	35	12	2.0588235294117645	8141186689.779056	9095689.127642361	0.881675171536699	-18.419654784882784	1484
full_step	0.5976512690554837	0.004270600922830724	16	30	8	1.875	8141186689.779056	6093792.100519326	0.881675171536699	-18.419654784882784	1484
full_step	0.5976512690554837	0.002135300461415362	14	24	7	1.7142857142857142	8141186689.779056	4054296.7844839506	0.881675171536699	-18.419654784882784	1484
half_step_1	0.5976512690554837	0.001067650230707681	10	39	11	3.9	8141186689.779056	1264044.7983114992	0.881675171536699	-18.419654784882784	1484
half_step_2	0.5987189192861914	0.001067650230707681	9	24	12	2.6666666666666665	8141186689.779056	1442114.896684275	0.819516776376986	-18.3347508918187	1523
full_step	0.5997865695168991	0.010676502307076811	17	42	7	2.4705882352941178	8141186689.779056	8488335.322824424	0.626466718456868	-18.315184531254097	1573
full_step	0.5997865695168991	0.0053382511535384055	13	34	9	2.6153846153846154	8141186689.779056	7209993.671830706	0.626466718456868	-18.315184531254097	1573
full_step	0.5997865695168991	0.0026691255767692028	12	54	15	4.5	8141186689.779056	4900420.406797113	0.626466718456868	-18.315184531254097	1573
full_step	0.5997865695168991	0.0013345627883846014	18	70	16	3.888888888888889	8141186689.779056	2200256.757932708	0.626466718456868	-18.315184531254097	1573
half_step_1	0.5997865695168991	0.0006672813941923007	10	32	12	3.2	8141186689.779056	672260.1342983999	0.626466718456868	-18.315184531254097	1573
half_step_2	0.6004538509110914	0.0006672813941923007	11	23	5	2.090909090909091	8141186689.779056	1216340.1310810177	0.43288276405610304	-18.159628839691027	1565
full_step	0.6011211323052837	0.006672813941923007	16	34	9	2.125	8141186689.779056	11914710.801322373	0.22517704356187096	-18.30255180059708	1690
full_step	0.6011211323052837	0.0033364069709615036	17	40	9	2.3529411764705883	8141186689.779056	5908709.563233679	0.22517704356187096	-18.30255180059708	1690
full_step	0.6011211323052837	0.0016682034854807518	9	22	7	2.4444444444444446	8141186689.779056	2667714.810581897	0.22517704356187096	-18.30255180059708	1690
full_step	0.6011211323052837	0.0008341017427403759	10	21	7	2.1	8141186689.779056	810288.7779018256	0.22517704356187096	-18.30255180059708	1690
full_step	0.6011211323052837	0.00041705087137018795	7	0	0	0	8141186689.779056	205015.31478657975	0.22517704356187096	-18.30255180059708	1690
half_step_1	0.6011211323052837	0.00020852543568509397	4	0	0	0	8141186689.779056	48296.633081304506	0.22517704356187096	-18.30255180059708	1690
half_step_2	0.6013296577409688	0.00020852543568509397	5	18	11	3.6	8141186689.779056	78321.13199488886	0.1535122963368849	-18.324803931843892	1694
full_step	0.601538183176654	0.00208525435685094	19	37	9	1.9473684210526316	8141186689.779056	2484072.125593177	0.6867701636592756	-18.35258830567271	1760
half_step_1	0.601538183176654	0.00104262717842547	18	35	7	1.9444444444444444	8141186689.779056	1236617.3859515525	0.6867701636592756	-18.35258830567271	1760
half_step_2	0.6025808103550795	0.00104262717842547	8	7	4	0.875	8141186689.779056	1072768.3881044018	0.00035799578745354665	-18.426710031243587	1740
full_step	0.6036234375335049	0.010426271784254698	15	15	5	1	8141186689.779056	6482085.561582027	0.00020434742464203737	-18.4523471093145	1781
full_step	0.6036234375335049	0.005213135892127349	11	7	4	0.6363636363636364	8141186689.779056	10053892.77977021	0.00020434742464203737	-18.4523471093145	1781
full_step	0.6036234375335049	0.0026065679460636746	14	3	3	0.21428571428571427	8141186689.779056	5608270.799540834	0.00020434742464203737	-18.4523471093145	1781
full_step	0.6036234375335049	0.0013032839730318373	9	7	4	0.7777777777777778	8141186689.779056	1937250.436457077	0.00020434742464203737	-18.4523471093145	1781
half_step_1	0.6036234375335049	0.0006516419865159187	6	7	4	1.1666666666666667	8141186689.779056	705966.5943905816	0.00020434742464203737	-18.4523471093145	1781
half_step_2	0.6042750795200208	0.0006516419865159187	6	3	3	0.5	8141186689.779056	585526.864582336	0.0008159657777468965	-18.643266614777	1812
full_step	0.6049267215065367	0.006516419865159186	18	24	5	1.3333333333333333	8141186689.779056	5738840.581354427	0.0008762854185988544	-18.54256179792079	1797
full_step	0.6049267215065367	0.003258209932579593	12	7	7	0.5833333333333334	8141186689.779056	3796860.031003969	0.0008762854185988544	-18.54256179792079	1797
half_step_1	0.6049267215065367	0.0016291049662897966	12	10	10	0.8333333333333334	8141186689.779056	4160289.7296175924	0.0008762854185988544	-18.54256179792079	1797
half_step_2	0.6065558264728265	0.0016291049662897966	8	7	4	0.875	8141186689.779056	2092875.316097077	0	-18.53089133829654	1796
full_step	0.6081849314391163	0.012273842460824885	12	19	7	1.5833333333333333	8141186689.779056	6440001.5505950805	0	-18.697556453425662	1698
full_step	0.6081849314391163	0.006136921230412443	11	12	5	1.0909090909090908	8141186689.779056	4932174.7739559915	0	-18.697556453425662	1698
full_step	0.6081849314391163	0.0030684606152062213	8	7	4	0.875	8141186689.779056	2270294.605194237	0	-18.697556453425662	1698
full_step	0.6081849314391163	0.0015342303076031107	7	3	3	0.42857142857142855	8141186689.779056	2039826.6291185108	0	-18.697556453425662	1698
full_step	0.6081849314391163	0.0007671151538015553	8	6	3	0.75	8141186689.779056	791904.6293151384	0	-18.697556453425662	1698
half_step_1	0.6081849314391163	0.00038355757690077767	5	8	5	1.6	8141186689.779056	181861.20561075924	0	-18.697556453425662	1698
half_step_2	0.6085684890160171	0.00038355757690077767	8	25	11	3.125	8141186689.779056	396209.4205387526	0.07059334464474887	-18.75181029592205	1695
full_step	0.6089520465929179	0.003723512249086818	13	24	8	1.8461538461538463	8141186689.779056	3407784.8020755406	0.0033782848176997504	-18.750226469467187	1667
full_step	0.6089520465929179	0.001861756124543409	10	42	12	4.2	8141186689.779056	1768007.7200945085	0.0033782848176997504	-18.750226469467187	1667
full_step	0.6089520465929179	0.0009308780622717045	9	23	10	2.5555555555555554	8141186689.779056	1125732.7755837769	0.0033782848176997504	-18.750226469467187	1667
full_step	0.6089520465929179	0.00046543903113585225	6	13	10	2.1666666666666665	8141186689.779056	275401.5338739922	0.0033782848176997504	-18.750226469467187	1667
half_step_1	0.6089520465929179	0.00023271951556792613	6	13	7	2.1666666666666665	8141186689.779056	69228.11423551776	0.0033782848176997504	-18.750226469467187	1667
half_step_2	0.6091847661084858	0.00023271951556792613	4	6	3	1.5	8141186689.779056	68606.48446052025	0.0018957430529553676	-18.81348368730329	1675
full_step	0.6094174856240537	0.0023271951556792614	20	62	12	3.1	8141186689.779056	3531343.2675366714	0.006466338892096246	-18.794980826909157	1703
half_step_1	0.6094174856240537	0.0011635975778396307	16	27	7	1.6875	8141186689.779056	1756403.5782916278	0.006466338892096246	-18.794980826909157	1703
half_step_2	0.6105810832018934	0.0011635975778396307	17	56	15	3.2941176470588234	8141186689.779056	2036810.975199961	0.09180470608407632	-18.56928074465508	1854
full_step	0.611744680779733	0.004130273741758531	15	21	8	1.4	8141186689.779056	4740788.802776577	0.00032689215731807053	-18.597179287972065	1847
full_step	0.611744680779733	0.0020651368708792654	12	4	4	0.3333333333333333	8141186689.779056	2536964.9978143754	0.00032689215731807053	-18.597179287972065	1847
half_step_1	0.611744680779733	0.0010325684354396327	7	0	0	0	8141186689.779056	1276081.2304819082	0.00032689215731807053	-18.597179287972065	1847
half_step_2	0.6127772492151726	0.0010325684354396327	11	56	7	5.090909090909091	8141186689.779056	1249035.5959084015	0.0006438460059143836	-18.677941447884393	1818
full_step	0.6138098176506123	0.010325684354396326	16	18	5	1.125	8141186689.779056	6993864.149063051	0.0007742919224256184	-18.849434669858347	1883
half_step_1	0.6138098176506123	0.005162842177198163	12	17	8	1.4166666666666667	8141186689.779056	5753279.3549233265	0.0007742919224256184	-18.849434669858347	1883
half_step_2	0.6189726598278105	0.005162842177198163	12	15	6	1.25	8141186689.779056	4178879.4233619887	0	-18.869173784356427	1913
full_step	0.6241355020050086	0.01767279927759218	13	21	9	1.6153846153846154	8141186689.779056	5791356.691984514	0	-18.713807210976643	1542
full_step	0.6241355020050086	0.00883639963879609	14	21	5	1.5	8141186689.779056	7472137.273761835	0	-18.713807210976643	1542
full_step	0.6241355020050086	0.004418199819398045	9	16	5	1.7777777777777777	8141186689.779056	5585466.821102576	0	-18.713807210976643	1542
full_step	0.6241355020050086	0.0022090999096990227	8	7	4	0.875	8141186689.779056	2352613.7346319626	0	-18.713807210976643	1542
half_step_1	0.6241355020050086	0.0011045499548495113	7	7	4	1	8141186689.779056	815487.6702689233	0	-18.713807210976643	1542
half_step_2	0.6252400519598581	0.0011045499548495113	5	8	4	1.6	8141186689.779056	1437815.845978218	0	-18.7396370077739	1529
full_step	0.6263446019147075	0.011045499548495114	12	17	10	1.4166666666666667	8141186689.779056	3766831.3403598666	0	-18.512412084816145	1530
full_step	0.6263446019147075	0.005522749774247557	13	8	4	0.6153846153846154	8141186689.779056	2500594.893914051	0	-18.512412084816145	1530
full_step	0.6263446019147075	0.0027613748871237786	10	3	3	0.3	8141186689.779056	2168590.286838737	0	-18.512412084816145	1530
full_step	0.6263446019147075	0.0013806874435618893	7	3	3	0.42857142857142855	8141186689.779056	1603419.6356323366	0	-18.512412084816145	1530
full_step	0.6263446019147075	0.0006903437217809446	6	0	0	0	8141186689.779056	466018.81255411875	0	-18.512412084816145	1530
full_step	0.6263446019147075	0.0003451718608904723	6	0	0	0	8141186689.779056	119945.72725886537	0	-18.512412084816145	1530
half_step_1	0.6263446019147075	0.00017258593044523616	3	0	0	0	8141186689.779056	33011.60019505788	0	-18.512412084816145	1530
half_step_2	0.6265171878451528	0.00017258593044523616	3	2	2	0.6666666666666666	8141186689.779056	31641.96834962241	0.009602055316008773	-18.513294171297964	1562
full_step	0.626689773775598	0.0017258593044523615	22	72	10	3.272727272727273	8141186689.779056	1987895.9889565033	0.008287338222089602	-18.435594869095294	1564
half_step_1	0.626689773775598	0.0008629296522261807	17	54	11	3.176470588235294	8141186689.779056	1093837.7063495407	0.008287338222089602	-18.435594869095294	1564
half_step_2	0.6275527034278242	0.0008629296522261807	10	23	12	2.3	8141186689.779056	4538720.73874609	0.27033216406016436	-18.281913513394812	1630
full_step	0.6284156330800503	0.007863383073820413	15	17	4	1.1333333333333333	8141186689.779056	5000659.410657361	0.0014241263352232636	-18.365149151689003	1732
full_step	0.6284156330800503	0.003931691536910207	15	13	4	0.8666666666666667	8141186689.779056	2553733.1140279276	0.0014241263352232636	-18.365149151689003	1732
half_step_1	0.6284156330800503	0.0019658457684551033	10	8	5	0.8	8141186689.779056	2630537.2974674464	0.0014241263352232636	-18.365149151689003	1732
half_step_2	0.6303814788485055	0.0019658457684551033	8	6	3	0.75	8141186689.779056	2633432.78066457	0.0005292792452564754	-18.474928069615935	1779
full_step	0.6323473246169605	0.018346949767608926	16	17	4	1.0625	8141186689.779056	8755967.186302362	0.000609768242611608	-18.630322234492212	1928
full_step	0.6323473246169605	0.009173474883804463	15	19	4	1.2666666666666666	8141186689.779056	5369872.953293411	0.000609768242611608	-18.630322234492212	1928
half_step_1	0.6323473246169605	0.004586737441902231	13	10	6	0.7692307692307693	8141186689.779056	3648329.325851778	0.000609768242611608	-18.630322234492212	1928
half_step_2	0.6369340620588627	0.004586737441902231	12	62	8	5.166666666666667	8141186689.779056	2860871.313675005	0	-18.886348146638383	1502
full_step	0.6323473246169605	0.004586737441902231	15	22	4	1.4666666666666666	8141186689.779056	3648329.3258099053	0.000609768242611608	-18.630322234492212	1928
half_step_1	0.6323473246169605	0.0022933687209511157	11	31	8	2.8181818181818183	8141186689.779056	3168958.3533634557	0.000609768242611608	-18.630322234492212	1928
half_step_2	0.6346406933379116	0.0022933687209511157	8	29	6	3.625	8141186689.779056	2155046.6625042674	0.0007639023251613253	-18.724694015094705	1832
full_step	0.6369340620588627	0.022252327241268584	14	25	9	1.7857142857142858	8141186689.779056	10397515.872027328	0.7341308224663408	-18.633670690007133	1722
full_step	0.6369340620588627	0.011126163620634292	17	53	11	3.1176470588235294	8141186689.779056	9000710.167449672	0.7341308224663408	-18.633670690007133	1722
full_step	0.6369340620588627	0.005563081810317146	17	42	7	2.4705882352941178	8141186689.779056	6364208.968375936	0.7341308224663408	-18.633670690007133	1722
half_step_1	0.6369340620588627	0.002781540905158573	12	34	9	2.8333333333333335	8141186689.779056	5632950.358327851	0.7341308224663408	-18.633670690007133	1722
half_step_2	0.6397156029640213	0.002781540905158573	8	11	5	1.375	8141186689.779056	2019138.699948976	0	-18.72080436605136	1684
full_step	0.6424971438691799	0.020628774254900357	12	16	7	1.3333333333333333	8141186689.779056	11950336.001312809	0	-18.642085062611574	1486
full_step	0.6424971438691799	0.010314387127450178	11	11	8	1	8141186689.779056	7356148.221896754	0	-18.642085062611574	1486
full_step	0.6424971438691799	0.005157193563725089	9	10	6	1.1111111111111112	8141186689.779056	5395733.394224977	0	-18.642085062611574	1486
full_step	0.6424971438691799	0.0025785967818625446	18	104	9	5.777777777777778	8141186689.779056	2875646.7056898875	0	-18.642085062611574	1486
full_step	0.6424971438691799	0.0012892983909312723	10	40	8	4	8141186689.779056	1552684.1838036939	0	-18.642085062611574	1486
half_step_1	0.6424971438691799	0.0006446491954656361	6	25	6	4.166666666666667	8141186689.779056	381979.94678295025	0	-18.642085062611574	1486
half_step_2	0.6431417930646455	0.0006446491954656361	4	7	4	1.75	8141186689.779056	390766.2331338685	0.005026012378948508	-18.70636362848462	1490
full_step	0.6437864422601112	0.006446491954656361	12	13	5	1.0833333333333333	8141186689.779056	5583023.936051946	0.0006125585500740272	-18.63838078778442	1531
full_step	0.6437864422601112	0.0032232459773281806	10	3	3	0.3	8141186689.779056	3481391.629937652	0.0006125585500740272	-18.63838078778442	1531
full_step	0.6437864422601112	0.0016116229886640903	7	3	3	0.42857142857142855	8141186689.779056	1978043.4980692777	0.0006125585500740272	-18.63838078778442	1531
full_step	0.6437864422601112	0.0008058114943320452	6	3	3	0.5	8141186689.779056	603582.3540874207	0.0006125585500740272	-18.63838078778442	1531
full_step	0.6437864422601112	0.0004029057471660226	4	3	3	0.75	8141186689.779056	148425.5911368671	0.0006125585500740272	-18.63838078778442	1531
half_step_1	0.6437864422601112	0.0002014528735830113	3	3	3	1	8141186689.779056	37574.16739335895	0.0006125585500740272	-18.63838078778442	1531
half_step_2	0.6439878951336941	0.0002014528735830113	3	3	3	1	8141186689.779056	39507.87349820448	0.004562814148357575	-18.6200529692348	1522
full_step	0.6441893480072772	0.002014528735830113	19	40	8	2.1052631578947367	8141186689.779056	2629739.843148735	0.0024757407632023387	-18.563376493226873	1548
half_step_1	0.6441893480072772	0.0010072643679150564	18	32	8	1.7777777777777777	8141186689.779056	1001879.5884840044	0.0024757407632023387	-18.563376493226873	1548
half_step_2	0.6451966123751923	0.0010072643679150564	8	19	10	2.375	8141186689.779056	1842118.5486609126	0.4252569555574155	-18.54717700294034	1544
full_step	0.6462038767431073	0.010072643679150565	11	17	7	1.5454545454545454	8141186689.779056	7982965.531262955	0.001517685944236291	-18.54533807030242	1557
full_step	0.6462038767431073	0.005036321839575282	12	17	5	1.4166666666666667	8141186689.779056	4214740.022541204	0.001517685944236291	-18.54533807030242	1557
full_step	0.6462038767431073	0.002518160919787641	8	6	3	0.75	8141186689.779056	3033732.3275537696	0.001517685944236291	-18.54533807030242	1557
half_step_1	0.6462038767431073	0.0012590804598938206	7	7	4	1	8141186689.779056	1909379.7629135842	0.001517685944236291	-18.54533807030242	1557
half_step_2	0.6474629572030012	0.0012590804598938206	12	44	8	3.6666666666666665	8141186689.779056	1642858.644653755	0.0013453183560159232	-18.30090589211275	1504
full_step	0.6487220376628949	0.012590804598938205	17	38	7	2.235294117647059	8141186689.779056	7603147.408339185	0.44946200212416443	-18.20094644991211	1494
full_step	0.6487220376628949	0.006295402299469103	16	39	9	2.4375	8141186689.779056	6256788.12976265	0.44946200212416443	-18.20094644991211	1494
full_step	0.6487220376628949	0.0031477011497345513	14	39	9	2.7857142857142856	8141186689.779056	2024838.6846007647	0.44946200212416443	-18.20094644991211	1494
full_step	0.6487220376628949	0.0015738505748672756	12	27	6	2.25	8141186689.779056	2068446.292171588	0.44946200212416443	-18.20094644991211	1494
half_step_1	0.6487220376628949	0.0007869252874336378	10	39	7	3.9	8141186689.779056	666447.3231946026	0.44946200212416443	-18.20094644991211	1494
half_step_2	0.6495089629503286	0.0007869252874336378	8	4	4	0.5	8141186689.779056	701435.1860355822	0.40461818576523	-18.28441424018121	1518
full_step	0.6502958882377622	0.007869252874336378	17	44	7	2.588235294117647	8141186689.779056	6254882.613044831	0.2494899281095968	-18.370195140947914	1621
full_step	0.6502958882377622	0.003934626437168189	19	53	11	2.789473684210526	8141186689.779056	3740772.497164166	0.2494899281095968	-18.370195140947914	1621
full_step	0.6502958882377622	0.0019673132185840944	12	38	9	3.1666666666666665	8141186689.779056	2458713.9526171056	0.2494899281095968	-18.370195140947914	1621
full_step	0.6502958882377622	0.0009836566092920472	11	40	10	3.6363636363636362	8141186689.779056	1129113.6030158084	0.2494899281095968	-18.370195140947914	1621
full_step	0.6502958882377622	0.0004918283046460236	10	27	11	2.7	8141186689.779056	401674.99439776735	0.2494899281095968	-18.370195140947914	1621
half_step_1	0.6502958882377622	0.0002459141523230118	10	43	12	4.3	8141186689.779056	325085.168225007	0.2494899281095968	-18.370195140947914	1621
half_step_2	0.6505418023900852	0.0002459141523230118	9	4	4	0.4444444444444444	8141186689.779056	70665.5659513064	0.850415596514722	-18.334640774025043	1631
full_step	0.6507877165424082	0.002459141523230118	18	80	10	4.444444444444445	8141186689.779056	3800505.36697803	0.7366252676547447	-18.31737539337714	1638
full_step	0.6507877165424082	0.001229570761615059	12	50	9	4.166666666666667	8141186689.779056	1741736.9667779505	0.7366252676547447	-18.31737539337714	1638
full_step	0.6507877165424082	0.0006147853808075295	10	49	10	4.9	8141186689.779056	497676.81439906545	0.7366252676547447	-18.31737539337714	1638
full_step	0.6507877165424082	0.00030739269040376473	6	30	8	5	8141186689.779056	305274.0859440751	0.7366252676547447	-18.31737539337714	1638
full_step	0.6507877165424082	0.00015369634520188237	5	14	6	2.8	8141186689.779056	28444.085546204577	0.7366252676547447	-18.31737539337714	1638
half_step_1	0.6507877165424082	7.684817260094118e-05	3	0	0	0	8141186689.779056	7677.992072396944	0.7366252676547447	-18.31737539337714	1638
half_step_2	0.6508645647150091	7.684817260094118e-05	4	0	0	0	8141186689.779056	13981.412098325718	0.7369031907073804	-18.414145740505045	1755
full_step	0.6509414128876101	0.0007684817260094118	20	35	10	1.75	8141186689.779056	869179.4184453802	0.7063496959508484	-18.378221297062368	1735
half_step_1	0.6509414128876101	0.0003842408630047059	15	16	7	1.0666666666666667	8141186689.779056	254766.3453066108	0.7063496959508484	-18.378221297062368	1735
half_step_2	0.6513256537506148	0.0003842408630047059	5	21	13	4.2	8141186689.779056	432785.7869139742	0.42037079811416334	-18.451695805357502	1823
full_step	0.6517098946136195	0.003842408630047059	24	64	8	2.6666666666666665	8141186689.779056	3769270.7517121187	0.5522340940660797	-18.295140133848978	1852
half_step_1	0.6517098946136195	0.0019212043150235295	8	13	9	1.625	8141186689.779056	2908517.0569638163	0.5522340940660797	-18.295140133848978	1852
half_step_2	0.653631098928643	0.0019212043150235295	7	14	4	2	8141186689.779056	2535760.8647752325	0.025308712132755318	-18.398083624861695	1719
full_step	0.6555523032436665	0.01080863535452383	11	16	5	1.4545454545454546	8141186689.779056	8034717.1570417965	0.034426650046953	-18.318689819648434	1783
full_step	0.6555523032436665	0.005404317677261915	16	33	6	2.0625	8141186689.779056	7911033.010402664	0.034426650046953	-18.318689819648434	1783
half_step_1	0.6555523032436665	0.0027021588386309573	8	3	3	0.375	8141186689.779056	2549410.9709137217	0.034426650046953	-18.318689819648434	1783
half_step_2	0.6582544620822975	0.0027021588386309573	15	91	9	6.066666666666666	8141186689.779056	2856054.534295967	0.07294785301291995	-18.430977001642432	1672
full_step	0.6609566209209284	0.025732274795773554	15	15	6	1	8141186689.779056	9491082.073938934	0.065284117851661	-18.33214372060393	1820
full_step	0.6609566209209284	0.012866137397886777	13	18	7	1.3846153846153846	8141186689.779056	7387734.525580559	0.065284117851661	-18.33214372060393	1820
full_step	0.6609566209209284	0.0064330686989433885	15	22	7	1.4666666666666666	8141186689.779056	5863298.60870997	0.065284117851661	-18.33214372060393	1820
full_step	0.6609566209209284	0.0032165343494716943	15	21	6	1.4	8141186689.779056	3420647.401308025	0.065284117851661	-18.33214372060393	1820
half_step_1	0.6609566209209284	0.0016082671747358471	7	11	6	1.5714285714285714	8141186689.779056	2137551.847477986	0.065284117851661	-18.33214372060393	1820
half_step_2	0.6625648880956643	0.0016082671747358471	10	23	10	2.3	8141186689.779056	1808486.4832509581	0.0653273666152927	-18.38571401712518	1958
full_step	0.6641731552704001	0.011360855669514279	14	40	12	2.857142857142857	8141186689.779056	7991013.93713194	0.12316909687979205	-18.422889332108205	1936
full_step	0.6641731552704001	0.005680427834757139	15	35	12	2.3333333333333335	8141186689.779056	7013537.511181418	0.12316909687979205	-18.422889332108205	1936
half_step_1	0.6641731552704001	0.0028402139173785697	9	36	12	4	8141186689.779056	4544022.18289607	0.12316909687979205	-18.422889332108205	1936
half_step_2	0.6670133691877786	0.0028402139173785697	11	18	6	1.6363636363636365	8141186689.779056	3486191.784863793	0.057463333253963356	-18.43698683382904	1909
full_step	0.6698535831051572	0.019794731532621984	15	22	7	1.4666666666666666	8141186689.779056	12931347.419185393	0.6474009658372779	-18.431951108534346	1956
full_step	0.6698535831051572	0.009897365766310992	16	38	6	2.375	8141186689.779056	6841234.9422703525	0.6474009658372779	-18.431951108534346	1956
full_step	0.6698535831051572	0.004948682883155496	15	26	6	1.7333333333333334	8141186689.779056	8110759.66598427	0.6474009658372779	-18.431951108534346	1956
half_step_1	0.6698535831051572	0.002474341441577748	11	18	7	1.6363636363636365	8141186689.779056	3085697.1786154774	0.6474009658372779	-18.431951108534346	1956
half_step_2	0.672327924546735	0.002474341441577748	9	19	7	2.111111111111111	8141186689.779056	4145473.9171174336	0.05629648067042581	-18.49574470683323	1998
full_step	0.6748022659883127	0.01684057146576125	12	21	5	1.75	8141186689.779056	9448809.56002287	0.05712747734014556	-18.54357438108974	1964
full_step	0.6748022659883127	0.008420285732880626	13	12	5	0.9230769230769231	8141186689.779056	5494813.31276019	0.05712747734014556	-18.54357438108974	1964
full_step	0.6748022659883127	0.004210142866440313	13	14	4	1.0769230769230769	8141186689.779056	4513313.881047936	0.05712747734014556	-18.54357438108974	1964
full_step	0.6748022659883127	0.0021050714332201564	11	5	3	0.45454545454545453	8141186689.779056	2553863.477231174	0.05712747734014556	-18.54357438108974	1964
half_step_1	0.6748022659883127	0.0010525357166100782	7	6	3	0.8571428571428571	8141186689.779056	1654595.2697803972	0.05712747734014556	-18.54357438108974	1964
half_step_2	0.6758548017049228	0.0010525357166100782	8	6	4	0.75	8141186689.779056	1573924.681130463	0.05755430403951323	-18.509965055528173	1925
full_step	0.6769073374215329	0.010525357166100782	13	17	3	1.3076923076923077	8141186689.779056	4739021.83624513	0.05806199393919087	-18.525056562780854	1856
full_step	0.6769073374215329	0.005262678583050391	14	17	8	1.2142857142857142	8141186689.779056	5467716.628724215	0.05806199393919087	-18.525056562780854	1856
full_step	0.6769073374215329	0.0026313392915251954	9	6	4	0.6666666666666666	8141186689.779056	3681587.0555376345	0.05806199393919087	-18.525056562780854	1856
full_step	0.6769073374215329	0.0013156696457625977	10	36	15	3.6	8141186689.779056	1671687.4956510211	0.05806199393919087	-18.525056562780854	1856
full_step	0.6769073374215329	0.0006578348228812988	8	0	0	0	8141186689.779056	480739.2851401876	0.05806199393919087	-18.525056562780854	1856
half_step_1	0.6769073374215329	0.0003289174114406494	7	0	0	0	8141186689.779056	119463.663491214	0.05806199393919087	-18.525056562780854	1856
half_step_2	0.6772362548329736	0.0003289174114406494	5	12	8	2.4	8141186689.779056	217329.635852601	0.06215846576333206	-18.49984264776573	1828
full_step	0.6775651722444141	0.002986216738594273	11	11	6	1	8141186689.779056	2811916.231132327	0.05832742478014552	-18.47467649972562	1861
full_step	0.6775651722444141	0.0014931083692971364	15	23	6	1.5333333333333334	8141186689.779056	1663648.2535537372	0.05832742478014552	-18.47467649972562	1861
full_step	0.6775651722444141	0.0007465541846485682	11	6	6	0.5454545454545454	8141186689.779056	559729.787655965	0.05832742478014552	-18.47467649972562	1861
full_step	0.6775651722444141	0.0003732770923242841	4	3	3	0.75	8141186689.779056	136937.1112946301	0.05832742478014552	-18.47467649972562	1861
half_step_1	0.6775651722444141	0.00018663854616214205	4	7	4	1.75	8141186689.779056	35029.54791461582	0.05832742478014552	-18.47467649972562	1861
half_step_2	0.6777518107905763	0.00018663854616214205	4	7	4	1.75	8141186689.779056	36472.76996015533	0.05840762401612665	-18.523830299240974	1930
full_step	0.6779384493367384	0.0018663854616214205	18	22	8	1.2222222222222223	8141186689.779056	2142074.242312605	0.05848726800923032	-18.485200140043506	2003
half_step_1	0.6779384493367384	0.0009331927308107102	16	18	6	1.125	8141186689.779056	1488637.830958318	0.05848726800923032	-18.485200140043506	2003
half_step_2	0.6788716420675491	0.0009331927308107102	14	58	11	4.142857142857143	8141186689.779056	1396584.0681000792	0.08827714496783301	-18.456173985122355	1958
full_step	0.6798048347983598	0.003421656373258048	10	22	8	2.2	8141186689.779056	6250390.732861144	0.10705381922161905	-18.508246920244392	1765
half_step_1	0.6798048347983598	0.001710828186629024	12	35	8	2.9166666666666665	8141186689.779056	2676382.79807963	0.10705381922161905	-18.508246920244392	1765
half_step_2	0.6815156629849889	0.001710828186629024	12	39	6	3.25	8141186689.779056	2846677.861495827	0.05884374523202496	-18.51473430417544	1858
full_step	0.6832264911716179	0.015678242220962917	16	31	9	1.9375	8141186689.779056	8342472.082224478	0.06915993604161486	-18.454328380707107	1909
full_step	0.6832264911716179	0.007839121110481458	12	15	5	1.25	8141186689.779056	6036260.224479774	0.06915993604161486	-18.454328380707107	1909
full_step	0.6832264911716179	0.003919560555240729	13	40	9	3.076923076923077	8141186689.779056	5304849.315210738	0.06915993604161486	-18.454328380707107	1909
half_step_1	0.6832264911716179	0.0019597802776203646	11	37	9	3.3636363636363638	8141186689.779056	2875646.721508856	0.06915993604161486	-18.454328380707107	1909
half_step_2	0.6851862714492383	0.0019597802776203646	9	9	3	1	8141186689.779056	3844514.392476546	0.05873593950036593	-18.615186953655197	1874
full_step	0.6871460517268586	0.01856959113790466	16	38	11	2.375	8141186689.779056	14806437.649022993	0.20236761944488535	-18.586358854544468	1865
full_step	0.6871460517268586	0.00928479556895233	15	50	11	3.3333333333333335	8141186689.779056	5549974.634780181	0.20236761944488535	-18.586358854544468	1865
full_step	0.6871460517268586	0.004642397784476165	12	26	12	2.1666666666666665	8141186689.779056	6218274.60324742	0.20236761944488535	-18.586358854544468	1865
half_step_1	0.6871460517268586	0.0023211988922380825	14	34	13	2.4285714285714284	8141186689.779056	4585792.931292966	0.20236761944488535	-18.586358854544468	1865
half_step_2	0.6894672506190966	0.0023211988922380825	7	14	4	2	8141186689.779056	3101665.6967639937	0.05751430908412658	-18.655953387771696	1942
full_step	0.6917884495113348	0.018120124001209867	13	12	5	0.9230769230769231	8141186689.779056	10618366.746495526	0.05801527145604268	-18.649009907637407	2013
full_step	0.6917884495113348	0.009060062000604933	13	14	4	1.0769230769230769	8141186689.779056	6618859.542998707	0.05801527145604268	-18.649009907637407	2013
full_step	0.6917884495113348	0.004530031000302467	12	10	4	0.8333333333333334	8141186689.779056	8839453.354024148	0.05801527145604268	-18.649009907637407	2013
half_step_1	0.6917884495113348	0.0022650155001512334	10	12	5	1.2	8141186689.779056	3369026.970127498	0.05801527145604268	-18.649009907637407	2013
half_step_2	0.694053465011486	0.0022650155001512334	12	25	7	2.0833333333333335	8141186689.779056	3713609.1791437063	0.0599013667424515	-18.598754116651232	1968
full_step	0.6963184805116372	0.011554631036959532	18	42	8	2.3333333333333335	8141186689.779056	15721389.411003875	0.05925946750539879	-18.67557321902986	1984
full_step	0.6963184805116372	0.005777315518479766	15	25	8	1.6666666666666667	8141186689.779056	6124256.109812061	0.05925946750539879	-18.67557321902986	1984
full_step	0.6963184805116372	0.002888657759239883	12	30	8	2.5	8141186689.779056	4433292.787935687	0.05925946750539879	-18.67557321902986	1984
half_step_1	0.6963184805116372	0.0014443288796199415	9	22	9	2.4444444444444446	8141186689.779056	2062829.5268249775	0.05925946750539879	-18.67557321902986	1984
half_step_2	0.6977628093912572	0.0014443288796199415	6	6	3	1	8141186689.779056	2590846.134050004	0.059225968902865134	-18.546744922763637	2083
full_step	0.6992071382708771	0.014443288796199414	12	15	6	1.25	8141186689.779056	10161438.86878123	0.059103437617523014	-18.40054150004321	2150
full_step	0.6992071382708771	0.007221644398099707	13	15	5	1.1538461538461537	8141186689.779056	5754858.373660554	0.059103437617523014	-18.40054150004321	2150
full_step	0.6992071382708771	0.0036108221990498535	14	13	4	0.9285714285714286	8141186689.779056	5156873.6068905685	0.059103437617523014	-18.40054150004321	2150
half_step_1	0.6992071382708771	0.0018054110995249267	9	8	4	0.8888888888888888	8141186689.779056	2831571.2465928704	0.059103437617523014	-18.40054150004321	2150
half_step_2	0.701012549370402	0.0018054110995249267	9	10	4	1.1111111111111112	8141186689.779056	1977278.1014057999	0.058937276491633384	-18.389885321145	2072
full_step	0.702817960469927	0.018054110995249267	13	13	5	1	8141186689.779056	8519161.184198152	0.0588595398344296	-18.341724810374185	2087
full_step	0.702817960469927	0.009027055497624633	13	12	4	0.9230769230769231	8141186689.779056	8932586.568662817	0.0588595398344296	-18.341724810374185	2087
half_step_1	0.702817960469927	0.004513527748812317	21	52	10	2.4761904761904763	8141186689.779056	9297287.464280037	0.0588595398344296	-18.341724810374185	2087
half_step_2	0.7073314882187393	0.004513527748812317	16	92	15	5.75	8141186689.779056	4232376.469714637	0.7471318159869043	-18.49697594305615	1882
full_step	0.7118450159675516	0.009027055497624633	12	23	6	1.9166666666666667	8141186689.779056	6550053.138322606	0.05641557378021389	-18.642468125273833	1916
full_step	0.7118450159675516	0.004513527748812317	11	21	6	1.9090909090909092	8141186689.779056	5905101.751700622	0.05641557378021389	-18.642468125273833	1916
half_step_1	0.7118450159675516	0.0022567638744061583	9	12	3	1.3333333333333333	8141186689.779056	2742191.1194219245	0.05641557378021389	-18.642468125273833	1916
half_step_2	0.7141017798419578	0.0022567638744061583	11	22	5	2	8141186689.779056	1983812.3218754102	0.0625457957380604	-18.684230123280074	1951
full_step	0.7163585437163639	0.01873969995001314	14	24	7	1.7142857142857142	8141186689.779056	7160506.996471431	0.06009525933677651	-18.688195557154188	1949
full_step	0.7163585437163639	0.00936984997500657	16	22	7	1.375	8141186689.779056	4877497.625642102	0.06009525933677651	-18.688195557154188	1949
full_step	0.7163585437163639	0.004684924987503285	11	7	5	0.6363636363636364	8141186689.779056	3223320.349307829	0.06009525933677651	-18.688195557154188	1949
full_step	0.7163585437163639	0.0023424624937516425	10	48	9	4.8	8141186689.779056	4396976.430107462	0.06009525933677651	-18.688195557154188	1949
half_step_1	0.7163585437163639	0.0011712312468758212	13	78	9	6	8141186689.779056	1630304.8982412869	0.06009525933677651	-18.688195557154188	1949
half_step_2	0.7175297749632397	0.0011712312468758212	9	7	4	0.7777777777777778	8141186689.779056	1630843.0761345036	0.06033371092462403	-18.67879763720899	1868
full_step	0.7187010062101156	0.011712312468758212	16	10	4	0.625	8141186689.779056	9118161.506836768	0.05992911721659766	-18.711359481939663	1980
full_step	0.7187010062101156	0.005856156234379106	14	16	7	1.1428571428571428	8141186689.779056	6448604.754884746	0.05992911721659766	-18.711359481939663	1980
half_step_1	0.7187010062101156	0.002928078117189553	11	6	4	0.5454545454545454	8141186689.779056	4111980.412996477	0.05992911721659766	-18.711359481939663	1980
half_step_2	0.7216290843273051	0.002928078117189553	11	25	5	2.272727272727273	8141186689.779056	3710404.946829531	0.05827538130643006	-18.75065224502527	1929
full_step	0.7245571624444946	0.02307382362172219	17	26	5	1.5294117647058822	8141186689.779056	8624286.488857916	0.05773496116125898	-18.540315826059512	1970
full_step	0.7245571624444946	0.011536911810861096	13	19	7	1.4615384615384615	8141186689.779056	7606107.730949882	0.05773496116125898	-18.540315826059512	1970
full_step	0.7245571624444946	0.005768455905430548	12	10	4	0.8333333333333334	8141186689.779056	5679754.196038497	0.05773496116125898	-18.540315826059512	1970
half_step_1	0.7245571624444946	0.002884227952715274	10	14	4	1.4	8141186689.779056	3938343.484910536	0.05773496116125898	-18.540315826059512	1970
half_step_2	0.7274413903972099	0.002884227952715274	9	12	5	1.3333333333333333	8141186689.779056	3148353.936103008	0.05801064356774077	-18.76704484828798	1990
full_step	0.7303256183499252	0.01612643652482041	14	18	6	1.2857142857142858	8141186689.779056	9221572.28873264	0.057341200204973575	-18.78892356095836	2037
full_step	0.7303256183499252	0.008063218262410205	16	12	5	0.75	8141186689.779056	7661289.915872112	0.057341200204973575	-18.78892356095836	2037
full_step	0.7303256183499252	0.004031609131205103	12	7	4	0.5833333333333334	8141186689.779056	6190667.772869923	0.057341200204973575	-18.78892356095836	2037
half_step_1	0.7303256183499252	0.0020158045656025513	11	28	8	2.5454545454545454	8141186689.779056	4113534.523499457	0.057341200204973575	-18.78892356095836	2037
half_step_2	0.7323414229155277	0.0020158045656025513	10	3	3	0.3	8141186689.779056	2501192.155819428	0.05846757605559105	-18.82504679159274	2169
full_step	0.7343572274811303	0.008680812935145653	12	5	5	0.4166666666666667	8141186689.779056	7908363.844120093	0.058396601795720926	-18.76403528524767	1963
half_step_1	0.7343572274811303	0.004340406467572827	10	18	7	1.8	8141186689.779056	5862488.177508601	0.058396601795720926	-18.76403528524767	1963
half_step_2	0.7386976339487031	0.004340406467572827	10	7	4	0.7	8141186689.779056	4675067.527146171	0.0486243779596407	-18.66243748661108	1776
full_step	0.743038040416276	0.0241884097153616	14	21	7	1.5	8141186689.779056	11226733.936240936	0.05512502197825597	-18.687872371920275	1819
full_step	0.743038040416276	0.0120942048576808	15	28	8	1.8666666666666667	8141186689.779056	11291841.374733645	0.05512502197825597	-18.687872371920275	1819
full_step	0.743038040416276	0.0060471024288404	14	36	10	2.5714285714285716	8141186689.779056	5036067.292884268	0.05512502197825597	-18.687872371920275	1819
half_step_1	0.743038040416276	0.0030235512144202	11	25	4	2.272727272727273	8141186689.779056	2915509.1309914733	0.05512502197825597	-18.687872371920275	1819
half_step_2	0.7460615916306962	0.0030235512144202	11	25	9	2.272727272727273	8141186689.779056	3321456.825815928	0.361692080361081	-18.60325337952607	1980
full_step	0.7490851428451164	0.01264186472848457	14	24	7	1.7142857142857142	8141186689.779056	7569560.571028035	0.05608154199217097	-18.63412387832245	1997
full_step	0.7490851428451164	0.006320932364242285	14	25	7	1.7857142857142858	8141186689.779056	6138120.078894265	0.05608154199217097	-18.63412387832245	1997
full_step	0.7490851428451164	0.0031604661821211426	10	19	5	1.9	8141186689.779056	3867964.6210632087	0.05608154199217097	-18.63412387832245	1997
half_step_1	0.7490851428451164	0.0015802330910605713	9	23	6	2.5555555555555554	8141186689.779056	4053936.576188404	0.05608154199217097	-18.63412387832245	1997
half_step_2	0.750665375936177	0.0015802330910605713	10	27	8	2.7	8141186689.779056	1757185.994033181	0.15578025704417087	-18.510590221548032	2007
full_step	0.7522456090272376	0.011279523523467092	13	7	4	0.5384615384615384	8141186689.779056	7319363.811511707	0.05713710019563223	-18.6459072950601	2079
full_step	0.7522456090272376	0.005639761761733546	13	15	4	1.1538461538461537	8141186689.779056	4005881.4148382805	0.05713710019563223	-18.6459072950601	2079
full_step	0.7522456090272376	0.002819880880866773	12	3	3	0.25	8141186689.779056	4211603.9472558405	0.05713710019563223	-18.6459072950601	2079
full_step	0.7522456090272376	0.0014099404404333865	9	6	3	0.6666666666666666	8141186689.779056	1725420.595539766	0.05713710019563223	-18.6459072950601	2079
half_step_1	0.7522456090272376	0.0007049702202166933	6	21	6	3.5	8141186689.779056	755031.231531171	0.05713710019563223	-18.6459072950601	2079
half_step_2	0.7529505792474542	0.0007049702202166933	7	0	0	0	8141186689.779056	720671.0783705898	0.057201470229301776	-18.653205458945667	2149
full_step	0.753655549467671	0.007049702202166932	11	8	5	0.7272727272727273	8141186689.779056	5715507.85681612	0.05766299801007335	-18.65244906858649	2144
full_step	0.753655549467671	0.003524851101083466	6	4	4	0.6666666666666666	8141186689.779056	3520875.6825512415	0.05766299801007335	-18.65244906858649	2144
full_step	0.753655549467671	0.001762425550541733	6	3	3	0.5	8141186689.779056	1932098.5367143159	0.05766299801007335	-18.65244906858649	2144
full_step	0.753655549467671	0.0008812127752708665	8	11	4	1.375	8141186689.779056	978478.1821242301	0.05766299801007335	-18.65244906858649	2144
half_step_1	0.753655549467671	0.00044060638763543326	8	23	6	2.875	8141186689.779056	243202.6566266453	0.05766299801007335	-18.65244906858649	2144
half_step_2	0.7540961558553064	0.00044060638763543326	8	27	7	3.375	8141186689.779056	243968.00195535066	0.057966548256445094	-18.617419997101553	2088
full_step	0.7545367622429419	0.004406063876354333	9	7	4	0.7777777777777778	8141186689.779056	3637664.3362259236	0.05829770684476898	-18.611129130825862	2064
full_step	0.7545367622429419	0.0022030319381771664	8	6	3	0.75	8141186689.779056	2584678.3588361694	0.05829770684476898	-18.611129130825862	2064
full_step	0.7545367622429419	0.0011015159690885832	7	3	3	0.42857142857142855	8141186689.779056	1640976.5186509516	0.05829770684476898	-18.611129130825862	2064
full_step	0.7545367622429419	0.0005507579845442916	8	3	3	0.375	8141186689.779056	468456.6412149165	0.05829770684476898	-18.611129130825862	2064
full_step	0.7545367622429419	0.0002753789922721458	6	0	0	0	8141186689.779056	115162.3899765592	0.05829770684476898	-18.611129130825862	2064
half_step_1	0.7545367622429419	0.0001376894961360729	3	0	0	0	8141186689.779056	23855.30449303003	0.05829770684476898	-18.611129130825862	2064
half_step_2	0.7546744517390779	0.0001376894961360729	4	13	10	3.25	8141186689.779056	131185.56983900277	0.05838981790884645	-18.610900552775856	2049
full_step	0.754812141235214	0.001376894961360729	20	76	13	3.8	8141186689.779056	1637580.241302845	0.058487993682774686	-18.555759551685032	2026
half_step_1	0.754812141235214	0.0006884474806803645	17	39	7	2.2941176470588234	8141186689.779056	791023.0878357912	0.058487993682774686	-18.555759551685032	2026
half_step_2	0.7555005887158943	0.0006884474806803645	9	3	3	0.3333333333333333	8141186689.779056	680028.3885164943	0.12875578243620112	-18.537929920151562	2079
full_step	0.7561890361965747	0.005342601735187822	18	43	9	2.388888888888889	8141186689.779056	6925097.77275852	0.31045989640188054	-18.491570448270238	2096
half_step_1	0.7561890361965747	0.002671300867593911	11	47	12	4.2727272727272725	8141186689.779056	4674012.864332998	0.31045989640188054	-18.491570448270238	2096
half_step_2	0.7588603370641687	0.002671300867593911	10	22	5	2.2	8141186689.779056	4431272.632135604	0.05699975503557653	-18.636082668197712	2080
full_step	0.7615316379317626	0.01931553614481906	16	32	6	2	8141186689.779056	9660658.64877734	0.040972495929054276	-18.604547256214385	1983
full_step	0.7615316379317626	0.00965776807240953	15	18	6	1.2	8141186689.779056	5927549.871840587	0.040972495929054276	-18.604547256214385	1983
half_step_1	0.7615316379317626	0.004828884036204765	8	6	6	0.75	8141186689.779056	3687605.7249230384	0.040972495929054276	-18.604547256214385	1983
half_step_2	0.7663605219679673	0.004828884036204765	15	71	9	4.733333333333333	8141186689.779056	4193032.6485145367	0.03813589092123948	-18.578507376546153	1806
full_step	0.7711894060041721	0.020318994321404316	14	27	8	1.9285714285714286	8141186689.779056	7808890.032350152	0.04359855557959236	-18.77217716016377	1868
full_step	0.7711894060041721	0.010159497160702158	12	19	7	1.5833333333333333	8141186689.779056	5023940.337686864	0.04359855557959236	-18.77217716016377	1868
half_step_1	0.7711894060041721	0.005079748580351079	10	30	9	3	8141186689.779056	3838526.510155238	0.04359855557959236	-18.77217716016377	1868
half_step_2	0.7762691545845232	0.005079748580351079	13	57	12	4.384615384615385	8141186689.779056	2522225.4328648206	0.04016453179110613	-18.80098695702398	1738
full_step	0.7813489031648743	0.022273118425885453	12	25	10	2.0833333333333335	8141186689.779056	11423985.675384495	0.01391948785249042	-18.731769258211553	1659
full_step	0.7813489031648743	0.011136559212942727	9	20	12	2.2222222222222223	8141186689.779056	5139570.664841794	0.01391948785249042	-18.731769258211553	1659
full_step	0.7813489031648743	0.005568279606471363	8	15	6	1.875	8141186689.779056	3120593.6859340556	0.01391948785249042	-18.731769258211553	1659
half_step_1	0.7813489031648743	0.0027841398032356817	9	13	5	1.4444444444444444	8141186689.779056	3106444.4469446363	0.01391948785249042	-18.731769258211553	1659
half_step_2	0.7841330429681099	0.0027841398032356817	8	36	12	4.5	8141186689.779056	1764662.882130455	0.3573966068597656	-18.760938959367802	1642
full_step	0.7869171827713456	0.009948477543851524	14	15	3	1.0714285714285714	8141186689.779056	5390795.8357150005	0.0035464142370074114	-18.789302770396215	1621
full_step	0.7869171827713456	0.004974238771925762	14	8	5	0.5714285714285714	8141186689.779056	3914177.8992178007	0.0035464142370074114	-18.789302770396215	1621
full_step	0.7869171827713456	0.002487119385962881	15	7	4	0.4666666666666667	8141186689.779056	3259047.827839052	0.0035464142370074114	-18.789302770396215	1621
half_step_1	0.7869171827713456	0.0012435596929814404	12	11	7	0.9166666666666666	8141186689.779056	1638019.1157179943	0.0035464142370074114	-18.789302770396215	1621
half_step_2	0.788160742464327	0.0012435596929814404	12	20	7	1.6666666666666667	8141186689.779056	2055134.965683686	0.581582309283931	-18.842150718263813	1704
full_step	0.7894043021573085	0.012435596929814404	12	9	5	0.75	8141186689.779056	7765260.017923826	0.33731980861193733	-18.72920462389987	1733
full_step	0.7894043021573085	0.006217798464907202	12	11	4	0.9166666666666666	8141186689.779056	4046996.0382851437	0.33731980861193733	-18.72920462389987	1733
full_step	0.7894043021573085	0.003108899232453601	15	32	10	2.1333333333333333	8141186689.779056	4294854.024474485	0.33731980861193733	-18.72920462389987	1733
half_step_1	0.7894043021573085	0.0015544496162268006	10	28	7	2.8	8141186689.779056	2420997.3707045875	0.33731980861193733	-18.72920462389987	1733
half_step_2	0.7909587517735353	0.0015544496162268006	13	61	9	4.6923076923076925	8141186689.779056	2193005.3614784232	0.00046311690493894275	-18.787543930035337	1780
full_step	0.7925132013897621	0.014756098878474403	10	8	8	0.8	8141186689.779056	8314721.999103529	0.0003694425308822247	-18.711501043441135	1682
full_step	0.7925132013897621	0.0073780494392372015	10	11	6	1.1	8141186689.779056	4701236.853855218	0.0003694425308822247	-18.711501043441135	1682
full_step	0.7925132013897621	0.0036890247196186008	8	9	5	1.125	8141186689.779056	1801829.7640031874	0.0003694425308822247	-18.711501043441135	1682
full_step	0.7925132013897621	0.0018445123598093004	10	18	6	1.8	8141186689.779056	1575215.5347437195	0.0003694425308822247	-18.711501043441135	1682
half_step_1	0.7925132013897621	0.0009222561799046502	10	37	5	3.7	8141186689.779056	1182411.6152701264	0.0003694425308822247	-18.711501043441135	1682
half_step_2	0.7934354575696667	0.0009222561799046502	9	23	5	2.5555555555555554	8141186689.779056	1207627.1450617258	0.0004243813073117053	-18.704376471701536	1737
full_step	0.7943577137495714	0.009222561799046501	14	19	4	1.3571428571428572	8141186689.779056	7167925.161073421	0.0003937306937586982	-18.665314662363638	1783
full_step	0.7943577137495714	0.004611280899523251	12	8	3	0.6666666666666666	8141186689.779056	3822234.1951931715	0.0003937306937586982	-18.665314662363638	1783
full_step	0.7943577137495714	0.0023056404497616254	14	19	5	1.3571428571428572	8141186689.779056	3071999.616876481	0.0003937306937586982	-18.665314662363638	1783
half_step_1	0.7943577137495714	0.0011528202248808127	8	0	0	0	8141186689.779056	1896452.9419069851	0.0003937306937586982	-18.665314662363638	1783
half_step_2	0.7955105339744523	0.0011528202248808127	15	64	12	4.266666666666667	8141186689.779056	1616461.7109677999	0.29108254592938465	-18.652457837255437	1826
full_step	0.7966633541993331	0.0044733842228710935	12	14	5	1.1666666666666667	8141186689.779056	3951403.4531057547	0.01088474420203056	-18.623666819421196	1744
full_step	0.7966633541993331	0.0022366921114355467	10	12	4	1.2	8141186689.779056	3392308.366878167	0.01088474420203056	-18.623666819421196	1744
full_step	0.7966633541993331	0.0011183460557177734	9	16	5	1.7777777777777777	8141186689.779056	1961498.6754207232	0.01088474420203056	-18.623666819421196	1744
full_step	0.7966633541993331	0.0005591730278588867	6	13	4	2.1666666666666665	8141186689.779056	490420.7227651147	0.01088474420203056	-18.623666819421196	1744
half_step_1	0.7966633541993331	0.00027958651392944334	5	8	3	1.6	8141186689.779056	121984.01755304686	0.01088474420203056	-18.623666819421196	1744
half_step_2	0.7969429407132625	0.00027958651392944334	4	6	3	1.5	8141186689.779056	121312.94748690538	0.0035383771519263973	-18.57469562452323	1770
full_step	0.797222527227192	0.0027958651392944334	21	43	11	2.0476190476190474	8141186689.779056	6705690.934918167	0.0037745689005532768	-18.626217572567565	1843
half_step_1	0.797222527227192	0.0013979325696472167	18	42	9	2.3333333333333335	8141186689.779056	3623993.9608655954	0.0037745689005532768	-18.626217572567565	1843
half_step_2	0.7986204597968393	0.0013979325696472167	8	6	3	0.75	8141186689.779056	1879887.962720209	0	-18.591471721416706	1959
full_step	0.8000183923664864	0.0067421051290525984	12	12	4	1	8141186689.779056	4081512.203698505	0.02304646781658448	-18.454363764523833	2025
half_step_1	0.8000183923664864	0.0033710525645262992	8	14	7	1.75	8141186689.779056	3444757.840690105	0.02304646781658448	-18.454363764523833	2025
half_step_2	0.8033894449310127	0.0033710525645262992	11	12	5	1.0909090909090908	8141186689.779056	3293779.4954402773	0	-18.522282618271394	2099
full_step	0.806760497495539	0.017988934130107975	22	63	7	2.8636363636363638	8141186689.779056	8398926.054239718	0.1610622513421731	-18.478527522211227	1984
full_step	0.806760497495539	0.008994467065053987	21	86	14	4.095238095238095	8141186689.779056	6478030.39498289	0.1610622513421731	-18.478527522211227	1984
full_step	0.806760497495539	0.004497233532526994	18	64	9	3.5555555555555554	8141186689.779056	4283213.736075344	0.1610622513421731	-18.478527522211227	1984
half_step_1	0.806760497495539	0.002248616766263497	14	53	12	3.7857142857142856	8141186689.779056	4190235.746157283	0.1610622513421731	-18.478527522211227	1984
half_step_2	0.8090091142618026	0.002248616766263497	9	14	4	1.5555555555555556	8141186689.779056	1983375.0068912718	0	-18.402125799432934	2055
full_step	0.811257731028066	0.02189754022005122	21	42	6	2	8141186689.779056	8264744.444088505	0.02068795761852016	-18.245056122155997	2359
full_step	0.811257731028066	0.01094877011002561	18	53	7	2.9444444444444446	8141186689.779056	6006620.839686427	0.02068795761852016	-18.245056122155997	2359
half_step_1	0.811257731028066	0.005474385055012805	14	31	11	2.2142857142857144	8141186689.779056	5333555.9667579075	0.02068795761852016	-18.245056122155997	2359
half_step_2	0.8167321160830788	0.005474385055012805	17	82	9	4.823529411764706	8141186689.779056	5899082.346939249	0.09870784561644541	-18.571093671308212	2214
full_step	0.811257731028066	0.005474385055012805	18	46	10	2.5555555555555554	8141186689.779056	5333555.950556419	0.02068795761852016	-18.245056122155997	2359
half_step_1	0.811257731028066	0.0027371925275064025	12	42	8	3.5	8141186689.779056	5777035.427529461	0.02068795761852016	-18.245056122155997	2359
half_step_2	0.8139949235555723	0.0027371925275064025	12	49	11	4.083333333333333	8141186689.779056	2965553.104041468	0.28623970713124436	-18.34213974936731	2278
full_step	0.8167321160830788	0.007858886718471753	19	77	11	4.052631578947368	8141186689.779056	9168323.966820769	0.5315131758234202	-18.462045018060493	2220
full_step	0.8167321160830788	0.003929443359235877	24	130	11	5.416666666666667	8141186689.779056	4272626.739258	0.5315131758234202	-18.462045018060493	2220
half_step_1	0.8167321160830788	0.0019647216796179383	12	65	16	5.416666666666667	8141186689.779056	2306605.4833619474	0.5315131758234202	-18.462045018060493	2220
half_step_2	0.8186968377626967	0.0019647216796179383	10	12	5	1.2	8141186689.779056	2615011.6846165825	0.002099357672250335	-18.456949297766595	2219
full_step	0.8206615594423147	0.01964721679617938	13	32	7	2.4615384615384617	8141186689.779056	8820510.844486805	0.0021830128093824896	-18.50429585548332	2101
full_step	0.8206615594423147	0.00982360839808969	12	28	11	2.3333333333333335	8141186689.779056	5586156.734409764	0.0021830128093824896	-18.50429585548332	2101
full_step	0.8206615594423147	0.004911804199044845	10	11	4	1.1	8141186689.779056	5337108.354149139	0.0021830128093824896	-18.50429585548332	2101
half_step_1	0.8206615594423147	0.0024559020995224227	7	7	4	1	8141186689.779056	4103192.952465604	0.0021830128093824896	-18.50429585548332	2101
half_step_2	0.8231174615418371	0.0024559020995224227	11	34	8	3.090909090909091	8141186689.779056	4086613.9762901836	0.0035713180541279144	-18.455363417308995	2192
full_step	0.8255733636413595	0.012815872225771095	15	33	8	2.2	8141186689.779056	5807584.509534168	0.003767872706248454	-18.47507794537169	2267
half_step_1	0.8255733636413595	0.006407936112885548	9	17	8	1.8888888888888888	8141186689.779056	6040300.36443108	0.003767872706248454	-18.47507794537169	2267
half_step_2	0.8319812997542451	0.006407936112885548	15	65	8	4.333333333333333	8141186689.779056	3723630.3118204293	0.02981763778188906	-18.635306466662552	2149
full_step	0.8383892358671305	0.023370224032874067	19	35	6	1.8421052631578947	8141186689.779056	9497127.955176605	0.024014804118905886	-18.616250325925755	2220
full_step	0.8383892358671305	0.011685112016437033	22	63	9	2.8636363636363638	8141186689.779056	5705499.459391136	0.024014804118905886	-18.616250325925755	2220
full_step	0.8383892358671305	0.005842556008218517	13	14	8	1.0769230769230769	8141186689.779056	5801403.231835961	0.024014804118905886	-18.616250325925755	2220
full_step	0.8383892358671305	0.0029212780041092583	9	7	4	0.7777777777777778	8141186689.779056	2526105.522650798	0.024014804118905886	-18.616250325925755	2220
half_step_1	0.8383892358671305	0.0014606390020546292	12	41	7	3.4166666666666665	8141186689.779056	1773155.2505949908	0.024014804118905886	-18.616250325925755	2220
half_step_2	0.8398498748691852	0.0014606390020546292	12	36	10	3	8141186689.779056	3033076.906256321	0.0015385189381049713	-18.570261306251474	2151
full_step	0.8413105138712398	0.01460639002054629	13	15	4	1.1538461538461537	8141186689.779056	7527840.833615858	0.0013905048140259169	-18.580124413515325	2274
full_step	0.8413105138712398	0.007303195010273145	16	27	5	1.6875	8141186689.779056	4417738.187978946	0.0013905048140259169	-18.580124413515325	2274
half_step_1	0.8413105138712398	0.0036515975051365727	15	23	7	1.5333333333333334	8141186689.779056	3609579.5293527707	0.0013905048140259169	-18.580124413515325	2274
half_step_2	0.8449621113763763	0.0036515975051365727	14	47	7	3.357142857142857	8141186689.779056	4727211.910784661	0	-18.53326874782803	2101
full_step	0.8486137088815129	0.02332475120064213	19	40	8	2.1052631578947367	8141186689.779056	10216305.092270253	0.07551928049133494	-18.540525027060266	2199
full_step	0.8486137088815129	0.011662375600321065	15	37	11	2.466666666666667	8141186689.779056	7679569.096107769	0.07551928049133494	-18.540525027060266	2199
full_step	0.8486137088815129	0.005831187800160532	17	35	8	2.0588235294117645	8141186689.779056	6304591.135611012	0.07551928049133494	-18.540525027060266	2199
half_step_1	0.8486137088815129	0.002915593900080266	13	32	7	2.4615384615384617	8141186689.779056	4337769.514510796	0.07551928049133494	-18.540525027060266	2199
half_step_2	0.8515293027815931	0.002915593900080266	11	39	9	3.5454545454545454	8141186689.779056	4219466.094350097	0.10358916687982855	-18.49225213904962	2270
full_step	0.8544448966816734	0.01370971226649217	19	74	14	3.8947368421052633	8141186689.779056	7545910.743301538	0.02330693012345364	-18.462950523826645	2327
full_step	0.8544448966816734	0.006854856133246085	20	65	12	3.25	8141186689.779056	5595208.779497137	0.02330693012345364	-18.462950523826645	2327
half_step_1	0.8544448966816734	0.0034274280666230423	16	61	11	3.8125	8141186689.779056	4958283.487768383	0.02330693012345364	-18.462950523826645	2327
half_step_2	0.8578723247482964	0.0034274280666230423	13	52	8	4	8141186689.779056	4902705.343779832	0	-18.43119364851102	2278
full_step	0.8612997528149196	0.024684441078831387	18	47	8	2.611111111111111	8141186689.779056	12796798.488268102	0.130913796474033	-18.51411782760181	2339
full_step	0.8612997528149196	0.012342220539415694	17	68	12	4	8141186689.779056	12654497.330299621	0.130913796474033	-18.51411782760181	2339
full_step	0.8612997528149196	0.006171110269707847	18	81	15	4.5	8141186689.779056	6996623.917551245	0.130913796474033	-18.51411782760181	2339
full_step	0.8612997528149196	0.0030855551348539234	13	38	10	2.923076923076923	8141186689.779056	6845966.305858241	0.130913796474033	-18.51411782760181	2339
half_step_1	0.8612997528149196	0.0015427775674269617	10	14	5	1.4	8141186689.779056	1868125.71960248	0.130913796474033	-18.51411782760181	2339
half_step_2	0.8628425303823465	0.0015427775674269617	15	65	8	4.333333333333333	8141186689.779056	5147571.696391597	0.15418060193587735	-18.583285438872043	2272
full_step	0.8643853079497734	0.015427775674269617	15	39	9	2.6	8141186689.779056	13403143.122501852	0.027117934872876504	-18.698485376555368	2339
full_step	0.8643853079497734	0.0077138878371348085	14	28	8	2	8141186689.779056	10246787.923805032	0.027117934872876504	-18.698485376555368	2339
full_step	0.8643853079497734	0.0038569439185674043	9	28	13	3.111111111111111	8141186689.779056	5012238.068540619	0.027117934872876504	-18.698485376555368	2339
full_step	0.8643853079497734	0.0019284719592837021	14	45	10	3.2142857142857144	8141186689.779056	3738370.597220929	0.027117934872876504	-18.698485376555368	2339
full_step	0.8643853079497734	0.0009642359796418511	12	31	5	2.5833333333333335	8141186689.779056	2341081.5191873135	0.027117934872876504	-18.698485376555368	2339
half_step_1	0.8643853079497734	0.00048211798982092553	8	23	5	2.875	8141186689.779056	290941.48412050575	0.027117934872876504	-18.698485376555368	2339
half_step_2	0.8648674259395943	0.00048211798982092553	6	6	3	1	8141186689.779056	366322.16719275014	0.005277127369936352	-18.656461495867813	2327
full_step	0.8653495439294153	0.004821179898209255	6	6	6	1	8141186689.779056	5392118.983687402	0.005461502498292248	-18.676644250355853	2267
full_step	0.8653495439294153	0.0024105899491046277	8	29	10	3.625	8141186689.779056	2301995.996161224	0.005461502498292248	-18.676644250355853	2267
full_step	0.8653495439294153	0.0012052949745523138	6	4	4	0.6666666666666666	8141186689.779056	1758652.9518488762	0.005461502498292248	-18.676644250355853	2267
full_step	0.8653495439294153	0.0006026474872761569	5	3	3	0.6	8141186689.779056	751561.672103312	0.005461502498292248	-18.676644250355853	2267
half_step_1	0.8653495439294153	0.00030132374363807846	6	15	5	2.5	8141186689.779056	181765.1074544434	0.005461502498292248	-18.676644250355853	2267
half_step_2	0.8656508676730534	0.00030132374363807846	6	10	4	1.6666666666666667	8141186689.779056	297146.8739725498	0.00535659594606841	-18.62839099157837	2275
full_step	0.8659521914166914	0.0030132374363807846	22	65	13	2.9545454545454546	8141186689.779056	8199096.813421533	0.010290020205502515	-18.62896199099321	2328
half_step_1	0.8659521914166914	0.0015066187181903923	18	46	11	2.5555555555555554	8141186689.779056	5809698.334575942	0.010290020205502515	-18.62896199099321	2328
half_step_2	0.8674588101348818	0.0015066187181903923	13	25	9	1.9230769230769231	8141186689.779056	2433369.7429151153	0.03778776594708688	-18.33027878558858	2310
full_step	0.8689654288530723	0.010318520420484457	15	51	14	3.4	8141186689.779056	9509248.06816572	0.13818188451159585	-18.218069592867035	2335
half_step_1	0.8689654288530723	0.005159260210242229	12	37	9	3.0833333333333335	8141186689.779056	6740948.667131404	0.13818188451159585	-18.218069592867035	2335
half_step_2	0.8741246890633145	0.005159260210242229	12	48	8	4	8141186689.779056	5288329.25758859	0.04311217043095894	-18.315366303793343	2271
full_step	0.8792839492735567	0.021900495748005722	17	50	14	2.9411764705882355	8141186689.779056	11015186.603664255	0.3334141050013386	-18.376051825214592	2378
full_step	0.8792839492735567	0.010950247874002861	14	28	11	2	8141186689.779056	8695269.829956809	0.3334141050013386	-18.376051825214592	2378
full_step	0.8792839492735567	0.005475123937001431	14	30	12	2.142857142857143	8141186689.779056	6234408.922390978	0.3334141050013386	-18.376051825214592	2378
half_step_1	0.8792839492735567	0.0027375619685007153	10	33	13	3.3	8141186689.779056	3670167.8252856988	0.3334141050013386	-18.376051825214592	2378
half_step_2	0.8820215112420574	0.0027375619685007153	9	25	14	2.7777777777777777	8141186689.779056	4593552.636353526	0.0731247362382419	-18.23858673079967	2421
full_step	0.8847590732105581	0.010072339913930386	20	64	8	3.2	8141186689.779056	13590539.631310172	1.4755770369483798	-18.161553223914783	2522
full_step	0.8847590732105581	0.005036169956965193	22	78	10	3.5454545454545454	8141186689.779056	8593970.244275725	1.4755770369483798	-18.161553223914783	2522
full_step	0.8847590732105581	0.0025180849784825965	20	62	10	3.1	8141186689.779056	3650441.8029658184	1.4755770369483798	-18.161553223914783	2522
half_step_1	0.8847590732105581	0.0012590424892412982	11	31	8	2.8181818181818183	8141186689.779056	3571773.2937582233	1.4755770369483798	-18.161553223914783	2522
half_step_2	0.8860181156997994	0.0012590424892412982	11	25	9	2.272727272727273	8141186689.779056	1868219.8557254325	0.22733432703353174	-18.18197918315779	2492
full_step	0.8872771581890407	0.005738234289830974	17	77	17	4.529411764705882	8141186689.779056	8001366.498185585	0.07396225356342256	-18.223110668346155	2565
full_step	0.8872771581890407	0.002869117144915487	12	47	9	3.9166666666666665	8141186689.779056	4948461.116874451	0.07396225356342256	-18.223110668346155	2565
full_step	0.8872771581890407	0.0014345585724577436	13	44	12	3.3846153846153846	8141186689.779056	1949642.8764357036	0.07396225356342256	-18.223110668346155	2565
half_step_1	0.8872771581890407	0.0007172792862288718	7	16	13	2.2857142857142856	8141186689.779056	948866.1136652194	0.07396225356342256	-18.223110668346155	2565
half_step_2	0.8879944374752696	0.0007172792862288718	8	33	11	4.125	8141186689.779056	1002074.2442658952	0.02177204242661901	-18.291813543481478	2597
full_step	0.8887117167614985	0.005850761072115875	19	37	7	1.9473684210526316	8141186689.779056	8513636.135991601	0.001349815262528864	-18.274014092918296	2632
full_step	0.8887117167614985	0.0029253805360579376	12	17	9	1.4166666666666667	8141186689.779056	3804142.0551592093	0.001349815262528864	-18.274014092918296	2632
half_step_1	0.8887117167614985	0.0014626902680289688	16	25	7	1.5625	8141186689.779056	2197054.770040419	0.001349815262528864	-18.274014092918296	2632
half_step_2	0.8901744070295274	0.0014626902680289688	18	64	11	3.5555555555555554	8141186689.779056	2529952.099619893	0.10374498239707464	-18.067312530491407	2679
full_step	0.8916370972975565	0.005688700806728306	19	56	10	2.9473684210526314	8141186689.779056	7184137.692179103	0.30205431775357283	-18.09031559914841	2752
half_step_1	0.8916370972975565	0.002844350403364153	9	41	13	4.555555555555555	8141186689.779056	4373526.058751937	0.30205431775357283	-18.09031559914841	2752
half_step_2	0.8944814477009206	0.002844350403364153	10	38	12	3.8	8141186689.779056	3765347.0970438384	0.030870372219396813	-18.081379698505344	2590
full_step	0.8973257981042848	0.015119425149095284	14	44	9	3.142857142857143	8141186689.779056	10444072.611029545	0.08833812243256034	-18.01988779165647	2515
full_step	0.8973257981042848	0.007559712574547642	17	69	11	4.0588235294117645	8141186689.779056	8435120.194255808	0.08833812243256034	-18.01988779165647	2515
half_step_1	0.8973257981042848	0.003779856287273821	18	76	9	4.222222222222222	8141186689.779056	7207978.560982272	0.08833812243256034	-18.01988779165647	2515
half_step_2	0.9011056543915587	0.003779856287273821	11	33	9	3	8141186689.779056	9227391.168667225	0.03558580174649251	-18.116439470288288	2538
full_step	0.9048855106788325	0.031557355937419256	11	13	7	1.1818181818181819	8141186689.779056	21262588.015060086	0.007772513425152283	-17.95203963163032	2449
full_step	0.9048855106788325	0.015778677968709628	12	21	9	1.75	8141186689.779056	10779282.75898897	0.007772513425152283	-17.95203963163032	2449
full_step	0.9048855106788325	0.007889338984354814	10	10	5	1	8141186689.779056	10084146.833095282	0.007772513425152283	-17.95203963163032	2449
full_step	0.9048855106788325	0.003944669492177407	10	12	5	1.2	8141186689.779056	8495180.847199168	0.007772513425152283	-17.95203963163032	2449
half_step_1	0.9048855106788325	0.0019723347460887035	14	77	10	5.5	8141186689.779056	3579029.2919374467	0.007772513425152283	-17.95203963163032	2449
half_step_2	0.9068578454249212	0.0019723347460887035	11	48	8	4.363636363636363	8141186689.779056	3897554.9624554007	0.04997229759919719	-18.095320102265784	2531
full_step	0.9088301801710099	0.019723347460887036	14	20	5	1.4285714285714286	8141186689.779056	10664091.242107214	0.00938126590790489	-18.075662661613567	2563
full_step	0.9088301801710099	0.009861673730443518	18	33	8	1.8333333333333333	8141186689.779056	9733734.827258062	0.00938126590790489	-18.075662661613567	2563
half_step_1	0.9088301801710099	0.004930836865221759	14	51	9	3.642857142857143	8141186689.779056	6818662.821139648	0.00938126590790489	-18.075662661613567	2563
half_step_2	0.9137610170362317	0.004930836865221759	11	36	9	3.272727272727273	8141186689.779056	8031875.300839802	0.3638373528738157	-18.017439885751415	2472
full_step	0.9186918539014535	0.022806386364852653	17	45	9	2.6470588235294117	8141186689.779056	10962424.42018097	0.18940507595834788	-18.178069308117742	2451
full_step	0.9186918539014535	0.011403193182426326	15	36	8	2.4	8141186689.779056	10347392.27795721	0.18940507595834788	-18.178069308117742	2451
full_step	0.9186918539014535	0.005701596591213163	15	52	8	3.466666666666667	8141186689.779056	9447399.506158752	0.18940507595834788	-18.178069308117742	2451
full_step	0.9186918539014535	0.0028507982956065816	18	73	9	4.055555555555555	8141186689.779056	9215924.903850608	0.18940507595834788	-18.178069308117742	2451
half_step_1	0.9186918539014535	0.0014253991478032908	10	30	6	3	8141186689.779056	3285315.1902586296	0.18940507595834788	-18.178069308117742	2451
half_step_2	0.9201172530492567	0.0014253991478032908	13	39	11	3	8141186689.779056	4711954.171793852	0.007514919175264367	-18.193026273630842	2503
full_step	0.92154265219706	0.011460283043431345	14	26	4	1.8571428571428572	8141186689.779056	7751692.816250319	0.013075970394311298	-18.191122394176652	2601
full_step	0.92154265219706	0.005730141521715673	17	39	8	2.2941176470588234	8141186689.779056	7334127.175294856	0.013075970394311298	-18.191122394176652	2601
full_step	0.92154265219706	0.0028650707608578363	11	0	0	0	8141186689.779056	5592907.10092853	0.013075970394311298	-18.191122394176652	2601
half_step_1	0.92154265219706	0.0014325353804289182	11	8	5	0.7272727272727273	8141186689.779056	3583265.8969477597	0.013075970394311298	-18.191122394176652	2601
half_step_2	0.9229751875774889	0.0014325353804289182	14	48	9	3.4285714285714284	8141186689.779056	2932554.361653587	0.04422726492930451	-18.041209452855274	2598
full_step	0.9244077229579178	0.014325353804289181	14	23	6	1.6428571428571428	8141186689.779056	12646976.654259315	0.005833273370626557	-17.920417506753324	2648
half_step_1	0.9244077229579178	0.007162676902144591	20	32	4	1.6	8141186689.779056	11632809.307181904	0.005833273370626557	-17.920417506753324	2648
half_step_2	0.9315703998600624	0.007162676902144591	15	32	6	2.1333333333333333	8141186689.779056	11269665.130393714	0.00898998385446248	-18.16816584563444	2580
full_step	0.9387330767622071	0.020012123950960223	16	53	9	3.3125	8141186689.779056	14228055.61598773	0.1221843056337093	-18.029884059195112	2304
half_step_1	0.9387330767622071	0.010006061975480112	12	61	11	5.083333333333333	8141186689.779056	13043922.679571375	0.1221843056337093	-18.029884059195112	2304
half_step_2	0.9487391387376872	0.010006061975480112	15	70	10	4.666666666666667	8141186689.779056	12746741.118683679	0.07042296506597268	-18.06738059794532	2299
full_step	0.9587452007131673	0.0334089597222369	22	76	8	3.4545454545454546	8141186689.779056	19406884.26040247	0.4400162923825519	-18.18980221615652	2217
full_step	0.9587452007131673	0.01670447986111845	24	89	10	3.7083333333333335	8141186689.779056	12802934.174771171	0.4400162923825519	-18.18980221615652	2217
full_step	0.9587452007131673	0.008352239930559224	16	43	8	2.6875	8141186689.779056	12436717.212053815	0.4400162923825519	-18.18980221615652	2217
half_step_1	0.9587452007131673	0.004176119965279612	12	35	9	2.9166666666666665	8141186689.779056	10654660.880158782	0.4400162923825519	-18.18980221615652	2217
half_step_2	0.9629213206784468	0.004176119965279612	14	46	7	3.2857142857142856	8141186689.779056	7439922.918838944	0.09053696370028774	-18.30943771402294	2192
full_step	0.9670974406437265	0.028059533870863344	17	57	8	3.3529411764705883	8141186689.779056	18788598.392050106	0.03501507012788352	-18.322740021066995	2088
half_step_1	0.9670974406437265	0.014029766935431672	15	62	11	4.133333333333334	8141186689.779056	19496718.000526544	0.03501507012788352	-18.322740021066995	2088
half_step_2	0.9811272075791582	0.014029766935431672	22	121	12	5.5	8141186689.779056	25580272.473865528	0.09158865766767121	-18.389814665097713	2145
full_step	0.9670974406437265	0.014029766935431672	16	56	10	3.5	8141186689.779056	19496718.000526544	0.03501507012788352	-18.322740021066995	2088
half_step_1	0.9670974406437265	0.007014883467715836	12	38	10	3.1666666666666665	8141186689.779056	11883694.556494998	0.03501507012788352	-18.322740021066995	2088
half_step_2	0.9741123241114423	0.007014883467715836	17	92	10	5.411764705882353	8141186689.779056	8885788.744982347	0.04076937597028518	-18.390217346559528	2148
full_step	0.9811272075791582	0.023352131239457282	14	41	8	2.9285714285714284	8141186689.779056	13510309.361576652	0.012899769135401584	-18.24842545750264	2283
half_step_1	0.9811272075791582	0.011676065619728641	13	61	11	4.6923076923076925	8141186689.779056	9059670.293474702	0.012899769135401584	-18.24842545750264	2283
half_step_2	0.9928032731988868	0.011676065619728641	19	97	13	5.105263157894737	8141186689.779056	14139752.844623078	0.03912962529602737	-18.390151224536254	2419
full_step	0.9811272075791582	0.011676065619728641	15	35	10	2.3333333333333335	8141186689.779056	9059670.245568508	0.012899769135401584	-18.24842545750264	2283
half_step_1	0.9811272075791582	0.0058380328098643205	15	66	9	4.4	8141186689.779056	8782772.744296568	0.012899769135401584	-18.24842545750264	2283
half_step_2	0.9869652403890224	0.0058380328098643205	12	47	8	3.9166666666666665	8141186689.779056	12286666.620072845	0.02439118632719328	-18.269266883681816	2357
full_step	0.9928032731988868	0.0229690873968351	17	55	9	3.235294117647059	8141186689.779056	18226768.249077875	0.0488442912883329	-18.253061684325477	2414
full_step	0.9928032731988868	0.01148454369841755	18	69	11	3.8333333333333335	8141186689.779056	16468657.631326618	0.0488442912883329	-18.253061684325477	2414
full_step	0.9928032731988868	0.005742271849208775	21	96	13	4.571428571428571	8141186689.779056	14355012.993461678	0.0488442912883329	-18.253061684325477	2414
full_step	0.9928032731988868	0.0028711359246043873	22	92	9	4.181818181818182	8141186689.779056	10100546.130050467	0.0488442912883329	-18.253061684325477	2414
half_step_1	0.9928032731988868	0.0014355679623021937	12	61	11	5.083333333333333	8141186689.779056	5326893.5262903925	0.0488442912883329	-18.253061684325477	2414
half_step_2	0.994238841161189	0.0014355679623021937	7	20	9	2.857142857142857	8141186689.779056	5569551.811890855	0.024119658236031682	-18.243953098548364	2439
full_step	0.9956744091234913	0.008688817927024639	16	24	6	1.5	8141186689.779056	9346260.826651271	0.010740930925749126	-18.234181792110856	2501
half_step_1	0.9956744091234913	0.0043444089635123195	14	18	5	1.2857142857142858	8141186689.779056	6122180.993368956	0.010740930925749126	-18.234181792110856	2501
half_step_2	1.0000188180870035	0.0043444089635123195	18	82	12	4.555555555555555	8141186689.779056	11211079.223083502	0.22504904598827125	-18.373747734306402	2573
full_step	1.0043632270505158	0.012805942382464146	9	19	12	2.111111111111111	8141186689.779056	17493621.09837846	0.0018955530495077255	-18.25397605964475	2560
half_step_1	1.0043632270505158	0.006402971191232073	15	76	9	5.066666666666666	8141186689.779056	15518098.13182566	0.0018955530495077255	-18.25397605964475	2560
half_step_2	1.010766198241748	0.006402971191232073	15	67	8	4.466666666666667	8141186689.779056	24199952.302569393	0.010225583302599262	-18.241355193344642	2598
full_step	1.01716916943298	0.029205108010909465	17	30	7	1.7647058823529411	8141186689.779056	36541393.5403508	0.005271949244615826	-18.277536446636226	2699
full_step	1.01716916943298	0.014602554005454732	16	37	7	2.3125	8141186689.779056	35398689.12809846	0.005271949244615826	-18.277536446636226	2699
half_step_1	1.01716916943298	0.007301277002727366	10	18	8	1.8	8141186689.779056	31500184.73735412	0.005271949244615826	-18.277536446636226	2699
half_step_2	1.0244704464357075	0.007301277002727366	14	61	8	4.357142857142857	8141186689.779056	25634892.676737603	0.21512905017380035	-18.31320992939945	2660
full_step	1.0317717234384347	0.026862801479033936	18	53	8	2.9444444444444446	8141186689.779056	20857849.79806808	0.6888677284778169	-18.289251621258956	2509
full_step	1.0317717234384347	0.013431400739516968	23	85	9	3.6956521739130435	8141186689.779056	22147191.90447436	0.6888677284778169	-18.289251621258956	2509
full_step	1.0317717234384347	0.006715700369758484	17	66	12	3.8823529411764706	8141186689.779056	20642010.977539387	0.6888677284778169	-18.289251621258956	2509
half_step_1	1.0317717234384347	0.003357850184879242	12	47	11	3.9166666666666665	8141186689.779056	19111880.79880268	0.6888677284778169	-18.289251621258956	2509
half_step_2	1.035129573623314	0.003357850184879242	12	56	11	4.666666666666667	8141186689.779056	30488471.717904143	0.050562197209728765	-18.18517479137487	2607
full_step	1.0384874238081931	0.024722982634754632	14	29	6	2.0714285714285716	8141186689.779056	33436049.066182494	0.008856435788857198	-18.193442312423677	2605
half_step_1	1.0384874238081931	0.012361491317377316	16	48	9	3	8141186689.779056	33297792.378656354	0.008856435788857198	-18.193442312423677	2605
half_step_2	1.0508489151255704	0.012361491317377316	20	134	17	6.7	8141186689.779056	24386717.85519519	0.11597947412428766	-18.20901446234793	2616
full_step	1.0632104064429477	0.024722982634754632	20	61	11	3.05	8141186689.779056	32159128.84532662	0.17858400589921075	-18.133379180039267	2758
full_step	1.0632104064429477	0.012361491317377316	22	89	10	4.045454545454546	8141186689.779056	32113620.27595421	0.17858400589921075	-18.133379180039267	2758
half_step_1	1.0632104064429477	0.006180745658688658	21	104	10	4.9523809523809526	8141186689.779056	31057589.468483686	0.17858400589921075	-18.133379180039267	2758
half_step_2	1.0693911521016364	0.006180745658688658	13	68	12	5.230769230769231	8141186689.779056	27232750.254799828	0.030779966574755235	-18.19618045422262	2650
full_step	1.075571897760325	0.015562562013558628	17	64	9	3.764705882352941	8141186689.779056	29614068.776378985	0.18686299616911128	-18.17745245061511	2756
half_step_1	1.075571897760325	0.007781281006779314	15	62	9	4.133333333333334	8141186689.779056	31637799.47993438	0.18686299616911128	-18.17745245061511	2756
half_step_2	1.0833531787671042	0.007781281006779314	18	78	11	4.333333333333333	8141186689.779056	30237927.71077673	0.06529232865796075	-18.181434298781877	2764
full_step	1.0911344597738837	0.025002198800780882	15	44	7	2.933333333333333	8141186689.779056	30656235.128208026	0.03873271556949476	-18.16085840580934	2846
full_step	1.0911344597738837	0.012501099400390441	13	52	11	4	8141186689.779056	29600344.893812045	0.03873271556949476	-18.16085840580934	2846
half_step_1	1.0911344597738837	0.006250549700195221	15	66	9	4.4	8141186689.779056	28756683.32828672	0.03873271556949476	-18.16085840580934	2846
half_step_2	1.097385009474079	0.006250549700195221	13	60	9	4.615384615384615	8141186689.779056	25990762.99445401	0.022572442722321284	-18.150386958084137	2831
full_step	1.1036355591742741	0.025577705353289754	19	62	8	3.263157894736842	8141186689.779056	27976933.003904115	0.16292637207197913	-18.16799439176288	2849
full_step	1.1036355591742741	0.012788852676644877	21	81	11	3.857142857142857	8141186689.779056	28483916.017700203	0.16292637207197913	-18.16799439176288	2849
full_step	1.1036355591742741	0.006394426338322439	13	67	15	5.153846153846154	8141186689.779056	25474621.62554432	0.16292637207197913	-18.16799439176288	2849
full_step	1.1036355591742741	0.0031972131691612193	9	34	11	3.7777777777777777	8141186689.779056	24492296.93447552	0.16292637207197913	-18.16799439176288	2849
half_step_1	1.1036355591742741	0.0015986065845806096	9	35	9	3.888888888888889	8141186689.779056	16610317.69335396	0.16292637207197913	-18.16799439176288	2849
half_step_2	1.1052341657588547	0.0015986065845806096	12	45	11	3.75	8141186689.779056	17197035.357126396	0.1855471848130037	-18.04739805876115	2859
full_step	1.1068327723434355	0.009366916737845546	12	16	8	1.3333333333333333	8141186689.779056	33441427.684966367	0.0020417580162757076	-18.04286196826492	2886
full_step	1.1068327723434355	0.004683458368922773	14	22	5	1.5714285714285714	8141186689.779056	29048773.97960565	0.0020417580162757076	-18.04286196826492	2886
full_step	1.1068327723434355	0.0023417291844613866	6	6	3	1	8141186689.779056	23794930.308751304	0.0020417580162757076	-18.04286196826492	2886
full_step	1.1068327723434355	0.0011708645922306933	7	8	5	1.1428571428571428	8141186689.779056	12771542.460348826	0.0020417580162757076	-18.04286196826492	2886
half_step_1	1.1068327723434355	0.0005854322961153466	7	15	5	2.142857142857143	8141186689.779056	3220712.0049410868	0.0020417580162757076	-18.04286196826492	2886
half_step_2	1.1074182046395509	0.0005854322961153466	6	10	5	1.6666666666666667	8141186689.779056	3219278.2602292066	0.005981177646845026	-18.01532603961415	2906
full_step	1.108003636935666	0.005854322961153466	13	10	4	0.7692307692307693	8141186689.779056	31778473.509536795	0.0021532691816901206	-18.0569277476918	2940
half_step_1	1.108003636935666	0.002927161480576733	15	40	9	2.6666666666666665	8141186689.779056	29618121.506633565	0.0021532691816901206	-18.0569277476918	2940
half_step_2	1.1109307984162429	0.002927161480576733	22	100	12	4.545454545454546	8141186689.779056	26335543.614175852	0.26719724431495706	-18.0541336562432	2945
full_step	1.1138579598968195	0.01475367782164081	12	19	6	1.5833333333333333	8141186689.779056	31186112.68566066	0.03105808080181305	-18.08676232638128	2958
half_step_1	1.1138579598968195	0.007376838910820405	16	44	7	2.75	8141186689.779056	35017435.90027927	0.03105808080181305	-18.08676232638128	2958
half_step_2	1.1212347988076399	0.007376838910820405	18	72	8	4	8141186689.779056	24604006.6807005	0.6535115194860737	-18.08868014703459	2856
full_step	1.1286116377184603	0.020686983057651345	16	83	12	5.1875	8141186689.779056	31354157.932085786	0.052290069655100524	-18.070753160488092	2897
half_step_1	1.1286116377184603	0.010343491528825672	19	123	14	6.473684210526316	8141186689.779056	31372609.378557723	0.052290069655100524	-18.070753160488092	2897
half_step_2	1.138955129247286	0.010343491528825672	15	89	12	5.933333333333334	8141186689.779056	28589593.45937429	0.15948166879752534	-18.13129576547986	2908
full_step	1.1286116377184603	0.010343491528825672	14	68	12	4.857142857142857	8141186689.779056	31372622.85832051	0.052290069655100524	-18.070753160488092	2897
half_step_1	1.1286116377184603	0.005171745764412836	10	46	10	4.6	8141186689.779056	29519256.05112523	0.052290069655100524	-18.070753160488092	2897
half_step_2	1.1337833834828732	0.005171745764412836	13	70	11	5.384615384615385	8141186689.779056	30525855.96585823	0.08754100382611796	-18.061667392414783	2896
full_step	1.138955129247286	0.03277363845448386	16	42	6	2.625	8141186689.779056	29763016.192350503	0.0421919530458581	-18.096993790197914	2957
half_step_1	1.138955129247286	0.01638681922724193	18	82	11	4.555555555555555	8141186689.779056	29905428.36187397	0.0421919530458581	-18.096993790197914	2957
half_step_2	1.1553419484745278	0.01638681922724193	27	124	10	4.592592592592593	8141186689.779056	28017502.367614735	0.578572943033123	-18.010428337855416	2894
full_step	1.138955129247286	0.028599682451277725	17	49	6	2.8823529411764706	8141186689.779056	29837059.053633828	0.0421919530458581	-18.096993790197914	2957
half_step_1	1.138955129247286	0.014299841225638862	17	72	12	4.235294117647059	8141186689.779056	29906941.279257335	0.0421919530458581	-18.096993790197914	2957
half_step_2	1.1532549704729247	0.014299841225638862	20	96	11	4.8	8141186689.779056	27613755.828227166	0.22762974519719137	-17.991643666619773	2862
full_step	1.1675548116985637	0.028599682451277725	17	57	9	3.3529411764705883	8141186689.779056	23440649.179884933	0.07797374739084262	-18.110158334650297	2911
full_step	1.1675548116985637	0.014299841225638862	18	72	11	4	8141186689.779056	24001444.70941275	0.07797374739084262	-18.110158334650297	2911
half_step_1	1.1675548116985637	0.007149920612819431	13	49	8	3.769230769230769	8141186689.779056	24348957.265245285	0.07797374739084262	-18.110158334650297	2911
half_step_2	1.174704732311383	0.007149920612819431	11	55	11	5	8141186689.779056	27389799.787770126	0.11098372219203156	-17.997048519865313	2884
full_step	1.1818546529242024	0.03795498197966987	15	30	7	2	8141186689.779056	28866589.95483356	0.06450536568445386	-17.989156084139584	2760
full_step	1.1818546529242024	0.018977490989834936	14	47	9	3.357142857142857	8141186689.779056	28861838.53678634	0.06450536568445386	-17.989156084139584	2760
full_step	1.1818546529242024	0.009488745494917468	17	73	12	4.294117647058823	8141186689.779056	28805016.984403484	0.06450536568445386	-17.989156084139584	2760
full_step	1.1818546529242024	0.004744372747458734	13	70	12	5.384615384615385	8141186689.779056	28492119.618619386	0.06450536568445386	-17.989156084139584	2760
full_step	1.1818546529242024	0.002372186373729367	11	55	11	5	8141186689.779056	22015438.77422682	0.06450536568445386	-17.989156084139584	2760
half_step_1	1.1818546529242024	0.0011860931868646835	9	43	9	4.777777777777778	8141186689.779056	11730189.87368989	0.06450536568445386	-17.989156084139584	2760
half_step_2	1.183040746111067	0.0011860931868646835	12	31	14	2.5833333333333335	8141186689.779056	13057793.698191296	0.022991439739598718	-17.96184482711071	2840
full_step	1.1842268392979318	0.008043983589812577	20	56	7	2.8	8141186689.779056	30488202.848139033	0.020130767421051132	-17.9213100644195	2897
half_step_1	1.1842268392979318	0.004021991794906288	20	82	9	4.1	8141186689.779056	28201165.882448994	0.020130767421051132	-17.9213100644195	2897
half_step_2	1.188248831092838	0.004021991794906288	12	46	8	3.8333333333333335	8141186689.779056	29735549.66452616	0.008497707736296434	-18.03014873055173	2882
full_step	1.1922708228877443	0.02440309021972335	20	52	10	2.6	8141186689.779056	32717974.28475116	0.06819295454579333	-18.052394861413553	2883
half_step_1	1.1922708228877443	0.012201545109861675	17	52	8	3.0588235294117645	8141186689.779056	32707283.578188792	0.06819295454579333	-18.052394861413553	2883
half_step_2	1.204472367997606	0.012201545109861675	15	101	17	6.733333333333333	8141186689.779056	26920361.057764437	0.05223311945246678	-18.179750976653676	2764
full_step	1.2166739131074678	0.02440309021972335	19	65	11	3.4210526315789473	8141186689.779056	26962584.788754966	0.2039577402811119	-18.09284912645338	2989
full_step	1.2166739131074678	0.012201545109861675	23	83	8	3.608695652173913	8141186689.779056	26964091.183598302	0.2039577402811119	-18.09284912645338	2989
half_step_1	1.2166739131074678	0.006100772554930837	10	31	8	3.1	8141186689.779056	27060978.361572165	0.2039577402811119	-18.09284912645338	2989
half_step_2	1.2227746856623987	0.006100772554930837	12	34	10	2.8333333333333335	8141186689.779056	27169438.71995455	0.17087175668666532	-17.958245772266032	3019
full_step	1.2288754582173294	0.021137937344189065	16	39	8	2.4375	8141186689.779056	32009629.671022095	0.10572211038561363	-17.899311595284434	3058
half_step_1	1.2288754582173294	0.010568968672094533	20	75	9	3.75	8141186689.779056	32223439.642934404	0.10572211038561363	-17.899311595284434	3058
half_step_2	1.2394444268894238	0.010568968672094533	16	80	11	5	8141186689.779056	27160766.152101845	0.19626362737471936	-17.906331033985623	2967
full_step	1.2500133955615185	0.02790320503950762	18	66	9	3.6666666666666665	8141186689.779056	32296106.23434975	0.5718664678925052	-17.8953993948379	2959
half_step_1	1.2500133955615185	0.01395160251975381	20	94	11	4.7	8141186689.779056	32291918.356736068	0.5718664678925052	-17.8953993948379	2959
half_step_2	1.2639649980812724	0.01395160251975381	19	85	12	4.473684210526316	8141186689.779056	28999468.644476786	0.2111484035713147	-17.99864703342315	3037
full_step	1.2500133955615185	0.01395160251975381	24	106	10	4.416666666666667	8141186689.779056	32291918.356736068	0.5718664678925052	-17.8953993948379	2959
half_step_1	1.2500133955615185	0.006975801259876905	13	43	9	3.3076923076923075	8141186689.779056	31616028.268162504	0.5718664678925052	-17.8953993948379	2959
half_step_2	1.2569891968213953	0.006975801259876905	8	22	7	2.75	8141186689.779056	29666555.302079465	0.019272399252258765	-17.836959476600367	2953
full_step	1.2639649980812724	0.03186808673140873	17	40	6	2.3529411764705883	8141186689.779056	32424030.269041035	0.03450912504877124	-17.89459967951435	3026
half_step_1	1.2639649980812724	0.015934043365704365	14	47	12	3.357142857142857	8141186689.779056	32419496.699685235	0.03450912504877124	-17.89459967951435	3026
half_step_2	1.2798990414469769	0.015934043365704365	16	77	12	4.8125	8141186689.779056	30635931.54997585	0.25098244727814745	-18.070519158236323	3040
full_step	1.2958330848126811	0.04077805307741205	12	29	6	2.4166666666666665	8141186689.779056	30966159.86092461	0.6424888981500771	-18.0424194953474	2915
half_step_1	1.2958330848126811	0.020389026538706025	15	59	12	3.933333333333333	8141186689.779056	30975463.31760281	0.6424888981500771	-18.0424194953474	2915
half_step_2	1.3162221113513872	0.020389026538706025	19	77	13	4.052631578947368	8141186689.779056	31021358.40738214	0.11568618718365542	-17.97102859605159	2894
full_step	1.2958330848126811	0.020389026538706025	18	58	11	3.2222222222222223	8141186689.779056	30975463.739295647	0.6424888981500771	-18.0424194953474	2915
half_step_1	1.2958330848126811	0.010194513269353013	9	38	10	4.222222222222222	8141186689.779056	27499021.497329954	0.6424888981500771	-18.0424194953474	2915
half_step_2	1.3060275980820342	0.010194513269353013	12	77	13	6.416666666666667	8141186689.779056	32510890.3716336	0.04375345400285369	-18.059309643276393	2961
full_step	1.3162221113513872	0.020389026538706025	15	39	7	2.6	8141186689.779056	30868422.08710637	0.04253789815265918	-18.059831658176396	3024
half_step_1	1.3162221113513872	0.010194513269353013	13	42	8	3.230769230769231	8141186689.779056	30863096.93336289	0.04253789815265918	-18.059831658176396	3024
half_step_2	1.3264166246207403	0.010194513269353013	10	55	12	5.5	8141186689.779056	29101354.9045226	0.03154733051587755	-18.004594254963525	2921
full_step	1.3366111378900933	0.04522208551389938	10	12	5	1.2	8141186689.779056	28698211.23832955	0.03315667980859871	-17.96546597666806	2885
full_step	1.3366111378900933	0.02261104275694969	10	22	7	2.2	8141186689.779056	33209918.178421266	0.03315667980859871	-17.96546597666806	2885
full_step	1.3366111378900933	0.011305521378474844	8	42	12	5.25	8141186689.779056	31036441.104642954	0.03315667980859871	-17.96546597666806	2885
full_step	1.3366111378900933	0.005652760689237422	11	53	9	4.818181818181818	8141186689.779056	28751305.542057592	0.03315667980859871	-17.96546597666806	2885
half_step_1	1.3366111378900933	0.002826380344618711	7	31	10	4.428571428571429	8141186689.779056	26277992.842521075	0.03315667980859871	-17.96546597666806	2885
half_step_2	1.339437518234712	0.002826380344618711	8	31	8	3.875	8141186689.779056	26472031.83821399	0.084318644522682	-17.96977137192303	2916
full_step	1.3422638985793307	0.010168830109511647	18	22	6	1.2222222222222223	8141186689.779056	34744748.41864416	0.003631018145370035	-17.859495555950755	3013
half_step_1	1.3422638985793307	0.005084415054755823	11	5	5	0.45454545454545453	8141186689.779056	32024337.25648558	0.003631018145370035	-17.859495555950755	3013
half_step_2	1.3473483136340865	0.005084415054755823	11	55	9	5	8141186689.779056	30203033.72012926	0.01180207884954143	-17.98996937586046	2983
full_step	1.3524327286888425	0.02654759817752817	9	11	3	1.2222222222222223	8141186689.779056	31895328.255654756	0.013022489060858788	-17.905715722878245	2944
half_step_1	1.3524327286888425	0.013273799088764086	8	29	11	3.625	8141186689.779056	34400072.81466409	0.013022489060858788	-17.905715722878245	2944
half_step_2	1.3657065277776066	0.013273799088764086	9	38	12	4.222222222222222	8141186689.779056	29345902.725992035	0.06814318786973672	-17.975580578701532	2889
full_step	1.3524327286888425	0.013273799088764086	6	6	3	1	8141186689.779056	34400072.81485539	0.013022489060858788	-17.905715722878245	2944
half_step_1	1.3524327286888425	0.006636899544382043	7	15	7	2.142857142857143	8141186689.779056	33144405.99534538	0.013022489060858788	-17.905715722878245	2944
half_step_2	1.3590696282332244	0.006636899544382043	6	23	8	3.8333333333333335	8141186689.779056	32017091.672641598	0.020802459445803834	-17.886162409694816	2944
full_step	1.3657065277776066	0.03156642738870439	11	15	7	1.3636363636363635	8141186689.779056	28256363.31597508	0.021946582157397643	-17.884001234331006	2957
half_step_1	1.3657065277776066	0.015783213694352195	8	23	12	2.875	8141186689.779056	33369363.824821305	0.021946582157397643	-17.884001234331006	2957
half_step_2	1.3814897414719587	0.015783213694352195	15	65	12	4.333333333333333	8141186689.779056	30478396.587173574	0.15739130437486892	-17.9947952401872	2976
full_step	1.397272955166311	0.03872461897446939	15	65	11	4.333333333333333	8141186689.779056	28649393.772513833	0.21704995477421107	-18.027851209041483	3062
full_step	1.397272955166311	0.019362309487234695	11	47	12	4.2727272727272725	8141186689.779056	27639743.033872996	0.21704995477421107	-18.027851209041483	3062
half_step_1	1.397272955166311	0.009681154743617347	8	44	14	5.5	8141186689.779056	30258701.37625533	0.21704995477421107	-18.027851209041483	3062
half_step_2	1.4069541099099283	0.009681154743617347	9	32	10	3.5555555555555554	8141186689.779056	31595866.428800065	0.19960946333230822	-17.9712950152083	3036
full_step	1.4166352646535456	0.025266511613138115	24	111	10	4.625	8141186689.779056	28988723.839000758	0.17338509406908997	-17.939258081961345	3088
half_step_1	1.4166352646535456	0.012633255806569058	12	42	12	3.5	8141186689.779056	30552838.59621485	0.17338509406908997	-17.939258081961345	3088
half_step_2	1.4292685204601148	0.012633255806569058	11	34	10	3.090909090909091	8141186689.779056	33025742.23158547	0.07339308489554242	-17.87475934397665	3079
full_step	1.4419017762666837	0.03171084552875434	14	42	12	3	8141186689.779056	32534699.08803235	0.06916865772473102	-17.950577643532302	3105
half_step_1	1.4419017762666837	0.01585542276437717	13	54	13	4.153846153846154	8141186689.779056	32704352.008795716	0.06916865772473102	-17.950577643532302	3105
half_step_2	1.457757199031061	0.01585542276437717	11	65	16	5.909090909090909	8141186689.779056	27661075.53386532	0.39764915639170795	-18.03913241813674	3137
full_step	1.473612621795438	0.03171084552875434	14	34	7	2.4285714285714284	8141186689.779056	32915988.559270125	0.07769553825755793	-17.97846406368317	3156
full_step	1.473612621795438	0.01585542276437717	10	19	11	1.9	8141186689.779056	32954604.75990509	0.07769553825755793	-17.97846406368317	3156
half_step_1	1.473612621795438	0.007927711382188585	13	62	12	4.769230769230769	8141186689.779056	32590390.10561092	0.07769553825755793	-17.97846406368317	3156
half_step_2	1.4815403331776265	0.007927711382188585	9	22	8	2.4444444444444446	8141186689.779056	29911436.443498045	0.03372276263553431	-17.89908973118568	3094
full_step	1.4894680445598152	0.04413117641457142	15	39	8	2.6	8141186689.779056	34040620.17509083	0.02988977870745657	-17.787603720012235	3169
full_step	1.4894680445598152	0.02206558820728571	12	26	12	2.1666666666666665	8141186689.779056	34982271.31607769	0.02988977870745657	-17.787603720012235	3169
half_step_1	1.4894680445598152	0.011032794103642855	10	21	11	2.1	8141186689.779056	34501042.4756662	0.02988977870745657	-17.787603720012235	3169
half_step_2	1.500500838663458	0.011032794103642855	8	52	11	6.5	8141186689.779056	34391973.44147432	0.19834934413847805	-17.746206640878743	3090
full_step	1.511533632767101	0.033174487290794905	13	26	5	2	8141186689.779056	33221579.570974126	0.05616625741140524	-17.888017065789324	3113
full_step	1.511533632767101	0.016587243645397452	12	37	10	3.0833333333333335	8141186689.779056	33207275.78689907	0.05616625741140524	-17.888017065789324	3113
full_step	1.511533632767101	0.008293621822698726	8	21	9	2.625	8141186689.779056	27871741.041533425	0.05616625741140524	-17.888017065789324	3113
full_step	1.511533632767101	0.004146810911349363	9	26	9	2.888888888888889	8141186689.779056	24742973.258626092	0.05616625741140524	-17.888017065789324	3113
half_step_1	1.511533632767101	0.0020734054556746815	3	27	9	9	8141186689.779056	18887352.54119319	0.05616625741140524	-17.888017065789324	3113
half_step_2	1.5136070382227755	0.0020734054556746815	10	33	10	3.3	8141186689.779056	18672352.22590087	0.06835372151545016	-17.84832226725843	3107
full_step	1.5156804436784503	0.020734054556746817	16	16	4	1	8141186689.779056	35408728.03740527	0.002962378887787054	-17.717285944017195	3150
half_step_1	1.5156804436784503	0.010367027278373409	13	21	7	1.6153846153846154	8141186689.779056	33518090.117866863	0.002962378887787054	-17.717285944017195	3150
half_step_2	1.5260474709568237	0.010367027278373409	14	55	12	3.9285714285714284	8141186689.779056	34435240.98191311	0.22037703803016484	-17.785833343553183	3243
full_step	1.5364144982351973	0.0437383716148428	12	37	8	3.0833333333333335	8141186689.779056	33602265.44777754	0.5131925020941708	-17.698571608678638	3154
half_step_1	1.5364144982351973	0.0218691858074214	9	29	8	3.2222222222222223	8141186689.779056	33597143.87791589	0.5131925020941708	-17.698571608678638	3154
half_step_2	1.5582836840426186	0.0218691858074214	14	86	17	6.142857142857143	8141186689.779056	27573257.36509713	0.3355538005048402	-17.81874516049254	3158
full_step	1.58015286985004	0.0437383716148428	12	37	11	3.0833333333333335	8141186689.779056	26832776.970682427	0.20691501541159596	-17.851805696028855	3149
full_step	1.58015286985004	0.0218691858074214	12	42	11	3.5	8141186689.779056	26897665.906718638	0.20691501541159596	-17.851805696028855	3149
full_step	1.58015286985004	0.0109345929037107	10	47	11	4.7	8141186689.779056	27448231.027931586	0.20691501541159596	-17.851805696028855	3149
half_step_1	1.58015286985004	0.00546729645185535	9	52	12	5.777777777777778	8141186689.779056	26305058.133250404	0.20691501541159596	-17.851805696028855	3149
half_step_2	1.5856201663018954	0.00546729645185535	7	11	6	1.5714285714285714	8141186689.779056	26142421.375020113	0.012638795642942569	-17.681903518825017	3098
full_step	1.5910874627537508	0.03153404076570663	15	18	4	1.2	8141186689.779056	31815435.0393546	0.016238485429312277	-17.695182107084918	3173
half_step_1	1.5910874627537508	0.015767020382853315	13	22	7	1.6923076923076923	8141186689.779056	29727310.99062036	0.016238485429312277	-17.695182107084918	3173
half_step_2	1.606854483136604	0.015767020382853315	7	25	13	3.5714285714285716	8141186689.779056	33308620.766145777	0.16770017666203785	-17.867878346334702	3149
full_step	1.6226215035194573	0.056325553401193516	7	12	5	1.7142857142857142	8141186689.779056	32552962.114611354	0.0758561663628825	-17.80378798698703	3105
half_step_1	1.6226215035194573	0.028162776700596758	7	31	12	4.428571428571429	8141186689.779056	30999185.791492846	0.0758561663628825	-17.80378798698703	3105
half_step_2	1.650784280220054	0.028162776700596758	11	46	11	4.181818181818182	8141186689.779056	24983828.676650442	0.48173614805955367	-17.81412509243214	3085
full_step	1.6789470569206508	0.056325553401193516	10	26	9	2.6	8141186689.779056	34015362.92454179	0.4880746468156758	-17.696414230394637	3067
half_step_1	1.6789470569206508	0.028162776700596758	12	38	9	3.1666666666666665	8141186689.779056	34110184.59457597	0.4880746468156758	-17.696414230394637	3067
half_step_2	1.7071098336212476	0.028162776700596758	12	61	16	5.083333333333333	8141186689.779056	29433663.450296473	0.2072160703019108	-17.724829741239592	3079
full_step	1.7352726103218443	0.056325553401193516	9	36	11	4	8141186689.779056	32381983.44767885	0.23446180564724273	-17.74810512922594	3129
full_step	1.7352726103218443	0.028162776700596758	7	25	11	3.5714285714285716	8141186689.779056	32897640.589304976	0.23446180564724273	-17.74810512922594	3129
full_step	1.7352726103218443	0.014081388350298379	8	39	13	4.875	8141186689.779056	32523820.01010782	0.23446180564724273	-17.74810512922594	3129
full_step	1.7352726103218443	0.0070406941751491895	10	38	9	3.8	8141186689.779056	30281532.904878706	0.23446180564724273	-17.74810512922594	3129
full_step	1.7352726103218443	0.0035203470875745948	10	27	12	2.7	8141186689.779056	22670828.6710983	0.23446180564724273	-17.74810512922594	3129
half_step_1	1.7352726103218443	0.0017601735437872974	7	23	7	3.2857142857142856	8141186689.779056	10599252.550137	0.23446180564724273	-17.74810512922594	3129
half_step_2	1.7370327838656316	0.0017601735437872974	12	58	9	4.833333333333333	8141186689.779056	18247852.294225484	0.01388920480167144	-17.67847653270886	3063
full_step	1.738792957409419	0.015208476723116112	11	11	6	1	8141186689.779056	32305837.024996076	0.0021843246313437703	-17.72405551927864	3099
full_step	1.738792957409419	0.007604238361558056	11	16	5	1.4545454545454546	8141186689.779056	27811939.65906551	0.0021843246313437703	-17.72405551927864	3099
half_step_1	1.738792957409419	0.003802119180779028	13	34	9	2.6153846153846154	8141186689.779056	27458477.344000947	0.0021843246313437703	-17.72405551927864	3099
half_step_2	1.742595076590198	0.003802119180779028	13	42	8	3.230769230769231	8141186689.779056	28829936.218983613	0.2240915476832015	-17.669963468634155	3186
full_step	1.746397195770977	0.01168849694867577	12	17	4	1.4166666666666667	8141186689.779056	32482251.534418467	0.004793601422079519	-17.598721191777376	3204
half_step_1	1.746397195770977	0.005844248474337885	10	25	7	2.5	8141186689.779056	26665575.219766837	0.004793601422079519	-17.598721191777376	3204
half_step_2	1.752241444245315	0.005844248474337885	14	32	8	2.2857142857142856	8141186689.779056	31033761.162350107	0.010615045664508216	-17.490276697742143	3219
full_step	1.7580856927196526	0.03237839191409692	11	18	5	1.6363636363636365	8141186689.779056	29582188.707340036	0.010741620798853546	-17.61360012185461	3271
half_step_1	1.7580856927196526	0.01618919595704846	6	18	12	3	8141186689.779056	29577831.308579925	0.010741620798853546	-17.61360012185461	3271
half_step_2	1.774274888676701	0.01618919595704846	7	15	6	2.142857142857143	8141186689.779056	29102130.56898248	0.06595409739065872	-17.696647383171452	3242
full_step	1.7904640846337496	0.05314013096006515	15	44	9	2.933333333333333	8141186689.779056	29915005.88316393	0.19490080353307349	-17.661809948613392	3254
full_step	1.7904640846337496	0.026570065480032577	15	46	11	3.066666666666667	8141186689.779056	32137211.81909376	0.19490080353307349	-17.661809948613392	3254
full_step	1.7904640846337496	0.013285032740016288	13	53	11	4.076923076923077	8141186689.779056	30642434.98460994	0.19490080353307349	-17.661809948613392	3254
full_step	1.7904640846337496	0.006642516370008144	11	55	11	5	8141186689.779056	28097246.88701008	0.19490080353307349	-17.661809948613392	3254
half_step_1	1.7904640846337496	0.003321258185004072	9	34	9	3.7777777777777777	8141186689.779056	23983282.538672175	0.19490080353307349	-17.661809948613392	3254
half_step_2	1.7937853428187538	0.003321258185004072	10	21	6	2.1	8141186689.779056	25809692.288408924	0.007753674713967484	-17.65314469693315	3272
full_step	1.7971066010037577	0.03321258185004072	14	24	7	1.7142857142857142	8141186689.779056	31015339.30624476	0.005296231419379183	-17.62842930830025	3259
half_step_1	1.7971066010037577	0.01660629092502036	12	30	8	2.5	8141186689.779056	28829556.90030172	0.005296231419379183	-17.62842930830025	3259
half_step_2	1.8137128919287782	0.01660629092502036	17	73	11	4.294117647058823	8141186689.779056	27102390.60670923	0.07039188863063828	-17.536722958788673	3267
full_step	1.8303191828537986	0.08064738233304815	11	24	4	2.1818181818181817	8141186689.779056	28875788.881609328	0.3208806061152245	-17.539949645289123	3273
half_step_1	1.8303191828537986	0.040323691166524074	9	24	8	2.6666666666666665	8141186689.779056	29777824.983027074	0.3208806061152245	-17.539949645289123	3273
half_step_2	1.8706428740203227	0.040323691166524074	11	55	13	5	8141186689.779056	25204081.32172263	0.4160341486949619	-17.687368415377957	3191
full_step	1.9109665651868468	0.08064738233304815	8	23	12	2.875	8141186689.779056	27053270.24635101	0.41993879686970104	-17.74611725372868	3205
half_step_1	1.9109665651868468	0.040323691166524074	7	25	13	3.5714285714285716	8141186689.779056	27901413.97644492	0.41993879686970104	-17.74611725372868	3205
half_step_2	1.951290256353371	0.040323691166524074	6	23	10	3.8333333333333335	8141186689.779056	29016814.4413299	0.352447742237473	-17.780900496219722	3176
full_step	1.991613947519895	0.1	13	32	5	2.4615384615384617	8141186689.779056	29987894.911858983	0.4061961853394678	-17.678093059816668	3206
full_step	1.991613947519895	0.05	12	31	6	2.5833333333333335	8141186689.779056	36257904.73815845	0.4061961853394678	-17.678093059816668	3206
half_step_1	1.991613947519895	0.025	7	11	5	1.5714285714285714	8141186689.779056	36203090.18080137	0.4061961853394678	-17.678093059816668	3206
half_step_2	2.016613947519895	0.025	4	3	3	0.75	8141186689.779056	30697127.75660582	0.17582956065780309	-17.686942713227108	3198
full_step	2.041613947519895	0.1	8	28	10	3.5	8141186689.779056	29335482.86233705	0.17708531936477812	-17.7641204944664	3226
full_step	2.041613947519895	0.05	10	25	10	2.5	8141186689.779056	28724106.524581175	0.17708531936477812	-17.7641204944664	3226
half_step_1	2.041613947519895	0.025	10	40	8	4	8141186689.779056	29321100.82546916	0.17708531936477812	-17.7641204944664	3226
half_step_2	2.066613947519895	0.025	6	16	7	2.6666666666666665	8141186689.779056	17160702.96876078	0.18339814024875523	-17.731575475725357	3213
full_step	2.041613947519895	0.039650745764487134	10	38	6	3.8	8141186689.779056	29474205.839216758	0.17708531936477812	-17.7641204944664	3226
half_step_1	2.041613947519895	0.019825372882243567	8	28	9	3.5	8141186689.779056	25324888.794214893	0.17708531936477812	-17.7641204944664	3226
half_step_2	2.0614393204021386	0.019825372882243567	7	15	5	2.142857142857143	8141186689.779056	7794057.621772974	0.1198868316437256	-17.76857215854145	3252
full_step	2.041613947519895	0.034172430000369514	10	44	10	4.4	8141186689.779056	29426928.213127993	0.17708531936477812	-17.7641204944664	3226
half_step_1	2.041613947519895	0.017086215000184757	8	33	12	4.125	8141186689.779056	15340475.662896283	0.17708531936477812	-17.7641204944664	3226
half_step_2	2.0587001625200796	0.017086215000184757	7	26	9	3.7142857142857144	8141186689.779056	9455953.151381256	0.09276623753839885	-17.695712236276993	3211
full_step	2.0757863775202643	0.034172430000369514	4	2	2	0.5	8141186689.779056	26328116.265276726	0.08733298878269125	-17.804732663657138	3234
half_step_1	2.0757863775202643	0.017086215000184757	3	2	2	0.6666666666666666	8141186689.779056	28212485.78968803	0.08733298878269125	-17.804732663657138	3234
half_step_2	2.092872592520449	0.017086215000184757	5	15	6	3	8141186689.779056	5941588.590341044	0.08578695257847357	-17.65079722569299	3214
full_step	2.1099588075206337	0.1	6	6	4	1	8141186689.779056	18237032.984722957	0.07679909105399929	-17.723150409830115	3248
full_step	2.1099588075206337	0.05	4	7	3	1.75	8141186689.779056	2768348.5101360213	0.07679909105399929	-17.723150409830115	3248
half_step_1	2.1099588075206337	0.025	2	2	2	1	8141186689.779056	1441256.438759568	0.07679909105399929	-17.723150409830115	3248
half_step_2	2.1349588075206336	0.025	3	4	2	1.3333333333333333	8141186689.779056	7665264.947208732	0.1613842671463317	-17.696603270878747	3221
full_step	2.1599588075206335	0.1	6	10	4	1.6666666666666667	8141186689.779056	7027807.872920843	0.18668673487400156	-17.687504254445077	3161
full_step	2.1599588075206335	0.05	4	6	4	1.5	8141186689.779056	7128976.12631676	0.18668673487400156	-17.687504254445077	3161
half_step_1	2.1599588075206335	0.025	3	0	0	0	8141186689.779056	7067038.448738479	0.18668673487400156	-17.687504254445077	3161
half_step_2	2.1849588075206334	0.025	3	2	2	0.6666666666666666	8141186689.779056	7214175.55134854	0.16037813684897628	-17.742672492133618	3283
full_step	2.2099588075206333	0.1	4	8	4	2	8141186689.779056	7681867.206543857	0.16195635695976307	-17.715749030953972	3236
full_step	2.2099588075206333	0.05	5	10	4	2	8141186689.779056	7927090.8648016285	0.16195635695976307	-17.715749030953972	3236
half_step_1	2.2099588075206333	0.025	2	0	0	0	8141186689.779056	7906536.303132685	0.16195635695976307	-17.715749030953972	3236
half_step_2	2.2349588075206333	0.025	2	2	2	1	8141186689.779056	6888283.073748049	0.18282406603157142	-17.709136180310736	3184
full_step	2.259958807520633	0.1	6	11	4	1.8333333333333333	8141186689.779056	7510678.552704362	0.1885311088058188	-17.711208927573793	3207
full_step	2.259958807520633	0.05	4	7	3	1.75	8141186689.779056	7171766.513118796	0.1885311088058188	-17.711208927573793	3207
half_step_1	2.259958807520633	0.025	3	2	2	0.6666666666666666	8141186689.779056	7090876.304588065	0.1885311088058188	-17.711208927573793	3207
half_step_2	2.284958807520633	0.025	2	0	0	0	8141186689.779056	7448633.458695182	0.16428257316010786	-17.753976094328145	3232
full_step	2.309958807520633	0.1	4	6	4	1.5	8141186689.779056	7332623.402095574	0.16324117630165347	-17.702025242784774	3214
full_step	2.309958807520633	0.05	4	8	4	2	8141186689.779056	7212415.292449413	0.16324117630165347	-17.702025242784774	3214
half_step_1	2.309958807520633	0.025	4	6	3	1.5	8141186689.779056	7180043.612931197	0.16324117630165347	-17.702025242784774	3214
half_step_2	2.334958807520633	0.025	3	9	4	3	8141186689.779056	7564705.423409934	0.16508442900340015	-17.70378572821765	3219
full_step	2.359958807520633	0.1	5	4	4	0.8	8141186689.779056	7723954.7911381535	0.18387323142314926	-17.732396365782375	3204
full_step	2.359958807520633	0.05	5	7	3	1.4	8141186689.779056	7640925.272996805	0.18387323142314926	-17.732396365782375	3204
half_step_1	2.359958807520633	0.025	3	2	2	0.6666666666666666	8141186689.779056	7603191.200174659	0.18387323142314926	-17.732396365782375	3204
half_step_2	2.3849588075206327	0.025	4	4	2	1	8141186689.779056	7113517.302809585	0.18428612598881955	-17.714130491782658	3171
full_step	2.4099588075206326	0.1	6	13	4	2.1666666666666665	8141186689.779056	7067323.726856425	0.18794456417799665	-17.765013613868902	3201
full_step	2.4099588075206326	0.05	4	9	4	2.25	8141186689.779056	6980626.514414049	0.18794456417799665	-17.765013613868902	3201
half_step_1	2.4099588075206326	0.025	3	5	3	1.6666666666666667	8141186689.779056	6964698.479469725	0.18794456417799665	-17.765013613868902	3201
half_step_2	2.4349588075206325	0.025	4	2	2	0.5	8141186689.779056	7170646.066769868	0.18562077032765956	-17.684929045125866	3219
full_step	2.4599588075206325	0.1	5	6	4	1.2	8141186689.779056	7143029.300825846	0.16351903290615155	-17.806286299139455	3237
full_step	2.4599588075206325	0.05	5	9	5	1.8	8141186689.779056	6600815.529699886	0.16351903290615155	-17.806286299139455	3237
half_step_1	2.4599588075206325	0.025	3	3	3	1	8141186689.779056	6559251.551119091	0.16351903290615155	-17.806286299139455	3237
half_step_2	2.4849588075206324	0.025	3	3	2	1	8141186689.779056	6182562.22934663	0.1595286808937999	-17.738127372490037	3260
full_step	2.5099588075206323	0.1	4	6	4	1.5	8141186689.779056	8161647.129988669	0.18445836182763742	-17.815704171711353	3264
full_step	2.5099588075206323	0.05	4	8	4	2	8141186689.779056	7352153.129079747	0.18445836182763742	-17.815704171711353	3264
half_step_1	2.5099588075206323	0.025	4	6	3	1.5	8141186689.779056	7498951.644718603	0.18445836182763742	-17.815704171711353	3264
half_step_2	2.534958807520632	0.025	5	7	3	1.4	8141186689.779056	7696460.830105708	0.1744180679575038	-17.69875068854968	3262
full_step	2.559958807520632	0.1	6	10	5	1.6666666666666667	8141186689.779056	7007253.29846103	0.13314204734115265	-17.75718034967205	3212
full_step	2.559958807520632	0.05	4	14	10	3.5	8141186689.779056	6880971.496273629	0.13314204734115265	-17.75718034967205	3212
half_step_1	2.559958807520632	0.025	4	6	3	1.5	8141186689.779056	6861465.905099493	0.13314204734115265	-17.75718034967205	3212
half_step_2	2.584958807520632	0.025	3	9	4	3	8141186689.779056	7445037.935446832	0.1845124517953991	-17.72498268914222	3211
full_step	2.609958807520632	0.1	5	6	4	1.2	8141186689.779056	7652763.594309254	0.1790010781151068	-17.717324884513882	3254
full_step	2.609958807520632	0.05	4	9	5	2.25	8141186689.779056	6910181.974768252	0.1790010781151068	-17.717324884513882	3254
half_step_1	2.609958807520632	0.025	3	4	2	1.3333333333333333	8141186689.779056	6879915.909639692	0.1790010781151068	-17.717324884513882	3254
half_step_2	2.634958807520632	0.025	2	2	2	1	8141186689.779056	6591738.762314601	0.15961669404532586	-17.718641114893426	3260
full_step	2.6599588075206317	0.1	5	7	4	1.4	8141186689.779056	8119088.715061011	0.18444785102201422	-17.732850393942915	3251
full_step	2.6599588075206317	0.05	6	13	4	2.1666666666666665	8141186689.779056	7498698.547143121	0.18444785102201422	-17.732850393942915	3251
half_step_1	2.6599588075206317	0.025	3	2	2	0.6666666666666666	8141186689.779056	7464195.486277731	0.18444785102201422	-17.732850393942915	3251
half_step_2	2.6849588075206317	0.025	3	3	2	1	8141186689.779056	6058695.8399545	0.18974350445705568	-17.799876148604547	3239
full_step	2.7099588075206316	0.1	5	7	4	1.4	8141186689.779056	11295184.65309533	0.16992372625645658	-17.7222927137184	3234
full_step	2.7099588075206316	0.05	4	5	3	1.25	8141186689.779056	8437734.342145476	0.16992372625645658	-17.7222927137184	3234
half_step_1	2.7099588075206316	0.025	3	3	3	1	8141186689.779056	8361877.279203829	0.16992372625645658	-17.7222927137184	3234
half_step_2	2.7349588075206315	0.025	3	2	2	0.6666666666666666	8141186689.779056	7391242.356969146	0.18228056535235737	-17.79064839199392	3220
full_step	2.7599588075206314	0.1	5	10	8	2	8141186689.779056	8503038.088861765	0.17582003138886648	-17.724119129438964	3194
full_step	2.7599588075206314	0.05	4	7	3	1.75	8141186689.779056	7722422.154116714	0.17582003138886648	-17.724119129438964	3194
half_step_1	2.7599588075206314	0.025	3	2	2	0.6666666666666666	8141186689.779056	7648936.1595358625	0.17582003138886648	-17.724119129438964	3194
half_step_2	2.7849588075206313	0.025	3	4	2	1.3333333333333333	8141186689.779056	7541214.368875385	0.18248860633502773	-17.674006935369068	3241
full_step	2.809958807520631	0.1	7	14	5	2	8141186689.779056	8248748.254738854	0.15963990420368646	-17.76481549777265	3215
full_step	2.809958807520631	0.05	4	6	4	1.5	8141186689.779056	7498112.28209829	0.15963990420368646	-17.76481549777265	3215
half_step_1	2.809958807520631	0.025	2	0	0	0	8141186689.779056	7409503.138733457	0.15963990420368646	-17.76481549777265	3215
half_step_2	2.834958807520631	0.025	3	2	2	0.6666666666666666	8141186689.779056	8062270.339651348	0.1808925799082317	-17.744610337114537	3247
full_step	2.859958807520631	0.1	5	10	4	2	8141186689.779056	7534064.464065419	0.1652535318758055	-17.627947348016548	3221
full_step	2.859958807520631	0.05	4	8	4	2	8141186689.779056	7043359.55331497	0.1652535318758055	-17.627947348016548	3221
half_step_1	2.859958807520631	0.025	3	2	2	0.6666666666666666	8141186689.779056	7009301.115702265	0.1652535318758055	-17.627947348016548	3221
half_step_2	2.884958807520631	0.025	3	2	2	0.6666666666666666	8141186689.779056	7467106.738530315	0.16086119290730494	-17.68674380913426	3223
full_step	2.909958807520631	0.09004119247936915	5	6	4	1.2	8141186689.779056	10447669.192131218	0.16373419819638002	-17.723897057128227	3283
full_step	2.909958807520631	0.045020596239684574	4	5	3	1.25	8141186689.779056	6868544.280195987	0.16373419819638002	-17.723897057128227	3283
half_step_1	2.909958807520631	0.022510298119842287	3	2	2	0.6666666666666666	8141186689.779056	7153941.616781117	0.16373419819638002	-17.723897057128227	3283
half_step_2	2.932469105640473	0.022510298119842287	3	4	2	1.3333333333333333	8141186689.779056	7132899.982096825	0.1303333866317189	-17.80074407536348	3167
full_step	2.9549794037603156	0.04502059623968435	4	5	3	1.25	8141186689.779056	6522737.486867123	0.1486667094582117	-17.75778911127039	3246
half_step_1	2.9549794037603156	0.022510298119842176	3	2	2	0.6666666666666666	8141186689.779056	6440889.613495179	0.1486667094582117	-17.75778911127039	3246
half_step_2	2.977489701880158	0.022510298119842176	3	2	2	0.6666666666666666	8141186689.779056	6602370.1861694595	0.15478811166713058	-17.702831844670172	3252
